TSV conversion: HG005_GRCh38_1_22_v4.2.1_benchmark: started
TSV conversion: HG005_GRCh38_1_22_v4.2.1_benchmark: finished
RMLStreamer: HG005_GRCh38_1_22_v4.2.1_benchmark: started
  RMLStreamer: HG005_GRCh38_1_22_v4.2.1_benchmark: rmlstreamer started — 0 B · 0 parts
  RMLStreamer: HG005_GRCh38_1_22_v4.2.1_benchmark: rmlstreamer heartbeat — 0 B · 0 parts
  RMLStreamer: HG005_GRCh38_1_22_v4.2.1_benchmark: rmlstreamer heartbeat — 1.70 MB · 8 parts
  RMLStreamer: HG005_GRCh38_1_22_v4.2.1_benchmark: rmlstreamer heartbeat — 18.54 MB · 8 parts
  RMLStreamer: HG005_GRCh38_1_22_v4.2.1_benchmark: rmlstreamer heartbeat — 41.55 MB · 8 parts
  RMLStreamer: HG005_GRCh38_1_22_v4.2.1_benchmark: rmlstreamer heartbeat — 91.76 MB · 8 parts
  RMLStreamer: HG005_GRCh38_1_22_v4.2.1_benchmark: rmlstreamer heartbeat — 142.35 MB · 8 parts
  RMLStreamer: HG005_GRCh38_1_22_v4.2.1_benchmark: rmlstreamer heartbeat — 192.54 MB · 8 parts
  RMLStreamer: HG005_GRCh38_1_22_v4.2.1_benchmark: rmlstreamer heartbeat — 243.70 MB · 8 parts
  RMLStreamer: HG005_GRCh38_1_22_v4.2.1_benchmark: rmlstreamer heartbeat — 294.99 MB · 8 parts
  RMLStreamer: HG005_GRCh38_1_22_v4.2.1_benchmark: rmlstreamer heartbeat — 344.33 MB · 8 parts
  RMLStreamer: HG005_GRCh38_1_22_v4.2.1_benchmark: rmlstreamer heartbeat — 390.86 MB · 8 parts
  RMLStreamer: HG005_GRCh38_1_22_v4.2.1_benchmark: rmlstreamer heartbeat — 442.03 MB · 8 parts
  RMLStreamer: HG005_GRCh38_1_22_v4.2.1_benchmark: rmlstreamer heartbeat — 494.12 MB · 8 parts
  RMLStreamer: HG005_GRCh38_1_22_v4.2.1_benchmark: rmlstreamer heartbeat — 544.64 MB · 8 parts
  RMLStreamer: HG005_GRCh38_1_22_v4.2.1_benchmark: rmlstreamer heartbeat — 597.27 MB · 8 parts
  RMLStreamer: HG005_GRCh38_1_22_v4.2.1_benchmark: rmlstreamer heartbeat — 646.28 MB · 8 parts
  RMLStreamer: HG005_GRCh38_1_22_v4.2.1_benchmark: rmlstreamer heartbeat — 697.91 MB · 8 parts
  RMLStreamer: HG005_GRCh38_1_22_v4.2.1_benchmark: rmlstreamer heartbeat — 750.28 MB · 8 parts
  RMLStreamer: HG005_GRCh38_1_22_v4.2.1_benchmark: rmlstreamer heartbeat — 802.28 MB · 8 parts
  RMLStreamer: HG005_GRCh38_1_22_v4.2.1_benchmark: rmlstreamer heartbeat — 854.86 MB · 8 parts
  RMLStreamer: HG005_GRCh38_1_22_v4.2.1_benchmark: rmlstreamer heartbeat — 905.92 MB · 8 parts
  RMLStreamer: HG005_GRCh38_1_22_v4.2.1_benchmark: rmlstreamer heartbeat — 957.07 MB · 8 parts
  RMLStreamer: HG005_GRCh38_1_22_v4.2.1_benchmark: rmlstreamer heartbeat — 1009.88 MB · 8 parts
  RMLStreamer: HG005_GRCh38_1_22_v4.2.1_benchmark: rmlstreamer heartbeat — 1.04 GB · 8 parts
  RMLStreamer: HG005_GRCh38_1_22_v4.2.1_benchmark: rmlstreamer heartbeat — 1.09 GB · 8 parts
  RMLStreamer: HG005_GRCh38_1_22_v4.2.1_benchmark: rmlstreamer heartbeat — 1.14 GB · 8 parts
  RMLStreamer: HG005_GRCh38_1_22_v4.2.1_benchmark: rmlstreamer heartbeat — 1.19 GB · 8 parts
  RMLStreamer: HG005_GRCh38_1_22_v4.2.1_benchmark: rmlstreamer heartbeat — 1.24 GB · 8 parts
  RMLStreamer: HG005_GRCh38_1_22_v4.2.1_benchmark: rmlstreamer heartbeat — 1.29 GB · 8 parts
  RMLStreamer: HG005_GRCh38_1_22_v4.2.1_benchmark: rmlstreamer heartbeat — 1.34 GB · 8 parts
  RMLStreamer: HG005_GRCh38_1_22_v4.2.1_benchmark: rmlstreamer heartbeat — 1.39 GB · 8 parts
  RMLStreamer: HG005_GRCh38_1_22_v4.2.1_benchmark: rmlstreamer heartbeat — 1.44 GB · 8 parts
  RMLStreamer: HG005_GRCh38_1_22_v4.2.1_benchmark: rmlstreamer heartbeat — 1.49 GB · 8 parts
  RMLStreamer: HG005_GRCh38_1_22_v4.2.1_benchmark: rmlstreamer heartbeat — 1.54 GB · 8 parts
  RMLStreamer: HG005_GRCh38_1_22_v4.2.1_benchmark: rmlstreamer heartbeat — 1.59 GB · 8 parts
  RMLStreamer: HG005_GRCh38_1_22_v4.2.1_benchmark: rmlstreamer heartbeat — 1.65 GB · 8 parts
  RMLStreamer: HG005_GRCh38_1_22_v4.2.1_benchmark: rmlstreamer heartbeat — 1.70 GB · 8 parts
  RMLStreamer: HG005_GRCh38_1_22_v4.2.1_benchmark: rmlstreamer heartbeat — 1.74 GB · 8 parts
  RMLStreamer: HG005_GRCh38_1_22_v4.2.1_benchmark: rmlstreamer heartbeat — 1.79 GB · 8 parts
  RMLStreamer: HG005_GRCh38_1_22_v4.2.1_benchmark: rmlstreamer heartbeat — 1.85 GB · 8 parts
  RMLStreamer: HG005_GRCh38_1_22_v4.2.1_benchmark: rmlstreamer heartbeat — 1.90 GB · 8 parts
  RMLStreamer: HG005_GRCh38_1_22_v4.2.1_benchmark: rmlstreamer heartbeat — 1.95 GB · 8 parts
  RMLStreamer: HG005_GRCh38_1_22_v4.2.1_benchmark: rmlstreamer heartbeat — 2.00 GB · 8 parts
  RMLStreamer: HG005_GRCh38_1_22_v4.2.1_benchmark: rmlstreamer heartbeat — 2.05 GB · 8 parts
  RMLStreamer: HG005_GRCh38_1_22_v4.2.1_benchmark: rmlstreamer heartbeat — 2.09 GB · 8 parts
  RMLStreamer: HG005_GRCh38_1_22_v4.2.1_benchmark: rmlstreamer heartbeat — 2.14 GB · 8 parts
  RMLStreamer: HG005_GRCh38_1_22_v4.2.1_benchmark: rmlstreamer heartbeat — 2.19 GB · 8 parts
  RMLStreamer: HG005_GRCh38_1_22_v4.2.1_benchmark: rmlstreamer heartbeat — 2.25 GB · 8 parts
  RMLStreamer: HG005_GRCh38_1_22_v4.2.1_benchmark: rmlstreamer heartbeat — 2.30 GB · 8 parts
  RMLStreamer: HG005_GRCh38_1_22_v4.2.1_benchmark: rmlstreamer heartbeat — 2.35 GB · 8 parts
  RMLStreamer: HG005_GRCh38_1_22_v4.2.1_benchmark: rmlstreamer heartbeat — 2.39 GB · 8 parts
  RMLStreamer: HG005_GRCh38_1_22_v4.2.1_benchmark: rmlstreamer heartbeat — 2.44 GB · 8 parts
  RMLStreamer: HG005_GRCh38_1_22_v4.2.1_benchmark: rmlstreamer heartbeat — 2.50 GB · 8 parts
  RMLStreamer: HG005_GRCh38_1_22_v4.2.1_benchmark: rmlstreamer heartbeat — 2.55 GB · 8 parts
  RMLStreamer: HG005_GRCh38_1_22_v4.2.1_benchmark: rmlstreamer heartbeat — 2.59 GB · 8 parts
  RMLStreamer: HG005_GRCh38_1_22_v4.2.1_benchmark: rmlstreamer heartbeat — 2.64 GB · 8 parts
  RMLStreamer: HG005_GRCh38_1_22_v4.2.1_benchmark: rmlstreamer heartbeat — 2.69 GB · 8 parts
  RMLStreamer: HG005_GRCh38_1_22_v4.2.1_benchmark: rmlstreamer heartbeat — 2.75 GB · 8 parts
  RMLStreamer: HG005_GRCh38_1_22_v4.2.1_benchmark: rmlstreamer heartbeat — 2.80 GB · 8 parts
  RMLStreamer: HG005_GRCh38_1_22_v4.2.1_benchmark: rmlstreamer heartbeat — 2.85 GB · 8 parts
  RMLStreamer: HG005_GRCh38_1_22_v4.2.1_benchmark: rmlstreamer heartbeat — 2.90 GB · 8 parts
  RMLStreamer: HG005_GRCh38_1_22_v4.2.1_benchmark: rmlstreamer heartbeat — 2.95 GB · 8 parts
  RMLStreamer: HG005_GRCh38_1_22_v4.2.1_benchmark: rmlstreamer heartbeat — 3.00 GB · 8 parts
  RMLStreamer: HG005_GRCh38_1_22_v4.2.1_benchmark: rmlstreamer heartbeat — 3.05 GB · 8 parts
  RMLStreamer: HG005_GRCh38_1_22_v4.2.1_benchmark: rmlstreamer heartbeat — 3.10 GB · 8 parts
  RMLStreamer: HG005_GRCh38_1_22_v4.2.1_benchmark: rmlstreamer heartbeat — 3.15 GB · 8 parts
  RMLStreamer: HG005_GRCh38_1_22_v4.2.1_benchmark: rmlstreamer heartbeat — 3.19 GB · 8 parts
  RMLStreamer: HG005_GRCh38_1_22_v4.2.1_benchmark: rmlstreamer heartbeat — 3.24 GB · 8 parts
  RMLStreamer: HG005_GRCh38_1_22_v4.2.1_benchmark: rmlstreamer heartbeat — 3.29 GB · 8 parts
  RMLStreamer: HG005_GRCh38_1_22_v4.2.1_benchmark: rmlstreamer heartbeat — 3.34 GB · 8 parts
  RMLStreamer: HG005_GRCh38_1_22_v4.2.1_benchmark: rmlstreamer heartbeat — 3.39 GB · 8 parts
  RMLStreamer: HG005_GRCh38_1_22_v4.2.1_benchmark: rmlstreamer heartbeat — 3.45 GB · 8 parts
  RMLStreamer: HG005_GRCh38_1_22_v4.2.1_benchmark: rmlstreamer heartbeat — 3.50 GB · 8 parts
  RMLStreamer: HG005_GRCh38_1_22_v4.2.1_benchmark: rmlstreamer heartbeat — 3.55 GB · 8 parts
  RMLStreamer: HG005_GRCh38_1_22_v4.2.1_benchmark: rmlstreamer heartbeat — 3.59 GB · 8 parts
  RMLStreamer: HG005_GRCh38_1_22_v4.2.1_benchmark: rmlstreamer heartbeat — 3.64 GB · 8 parts
  RMLStreamer: HG005_GRCh38_1_22_v4.2.1_benchmark: rmlstreamer heartbeat — 3.69 GB · 8 parts
  RMLStreamer: HG005_GRCh38_1_22_v4.2.1_benchmark: rmlstreamer heartbeat — 3.74 GB · 8 parts
  RMLStreamer: HG005_GRCh38_1_22_v4.2.1_benchmark: rmlstreamer heartbeat — 3.79 GB · 8 parts
  RMLStreamer: HG005_GRCh38_1_22_v4.2.1_benchmark: rmlstreamer heartbeat — 3.84 GB · 8 parts
  RMLStreamer: HG005_GRCh38_1_22_v4.2.1_benchmark: rmlstreamer heartbeat — 3.89 GB · 8 parts
  RMLStreamer: HG005_GRCh38_1_22_v4.2.1_benchmark: rmlstreamer heartbeat — 3.94 GB · 8 parts
  RMLStreamer: HG005_GRCh38_1_22_v4.2.1_benchmark: rmlstreamer heartbeat — 3.99 GB · 8 parts
  RMLStreamer: HG005_GRCh38_1_22_v4.2.1_benchmark: rmlstreamer heartbeat — 4.05 GB · 8 parts
  RMLStreamer: HG005_GRCh38_1_22_v4.2.1_benchmark: rmlstreamer heartbeat — 4.10 GB · 8 parts
  RMLStreamer: HG005_GRCh38_1_22_v4.2.1_benchmark: rmlstreamer heartbeat — 4.15 GB · 8 parts
  RMLStreamer: HG005_GRCh38_1_22_v4.2.1_benchmark: rmlstreamer heartbeat — 4.20 GB · 8 parts
  RMLStreamer: HG005_GRCh38_1_22_v4.2.1_benchmark: rmlstreamer heartbeat — 4.25 GB · 8 parts
  RMLStreamer: HG005_GRCh38_1_22_v4.2.1_benchmark: rmlstreamer heartbeat — 4.30 GB · 8 parts
  RMLStreamer: HG005_GRCh38_1_22_v4.2.1_benchmark: rmlstreamer heartbeat — 4.35 GB · 8 parts
  RMLStreamer: HG005_GRCh38_1_22_v4.2.1_benchmark: rmlstreamer heartbeat — 4.40 GB · 8 parts
  RMLStreamer: HG005_GRCh38_1_22_v4.2.1_benchmark: rmlstreamer heartbeat — 4.45 GB · 8 parts
  RMLStreamer: HG005_GRCh38_1_22_v4.2.1_benchmark: rmlstreamer heartbeat — 4.50 GB · 8 parts
  RMLStreamer: HG005_GRCh38_1_22_v4.2.1_benchmark: rmlstreamer heartbeat — 4.55 GB · 8 parts
  RMLStreamer: HG005_GRCh38_1_22_v4.2.1_benchmark: rmlstreamer heartbeat — 4.60 GB · 8 parts
  RMLStreamer: HG005_GRCh38_1_22_v4.2.1_benchmark: rmlstreamer heartbeat — 4.66 GB · 8 parts
  RMLStreamer: HG005_GRCh38_1_22_v4.2.1_benchmark: rmlstreamer heartbeat — 4.71 GB · 8 parts
  RMLStreamer: HG005_GRCh38_1_22_v4.2.1_benchmark: rmlstreamer heartbeat — 4.76 GB · 8 parts
  RMLStreamer: HG005_GRCh38_1_22_v4.2.1_benchmark: rmlstreamer heartbeat — 4.80 GB · 8 parts
  RMLStreamer: HG005_GRCh38_1_22_v4.2.1_benchmark: rmlstreamer heartbeat — 4.83 GB · 8 parts
  RMLStreamer: HG005_GRCh38_1_22_v4.2.1_benchmark: rmlstreamer heartbeat — 4.84 GB · 8 parts
  RMLStreamer: HG005_GRCh38_1_22_v4.2.1_benchmark: rmlstreamer heartbeat — 4.84 GB · 8 parts
  RMLStreamer: HG005_GRCh38_1_22_v4.2.1_benchmark: rmlstreamer heartbeat — 4.85 GB · 8 parts
  RMLStreamer: HG005_GRCh38_1_22_v4.2.1_benchmark: rmlstreamer complete — 4.85 GB · 8 parts
  RMLStreamer: HG005_GRCh38_1_22_v4.2.1_benchmark: rdf-aggregate started — 0 parts
  RMLStreamer: HG005_GRCh38_1_22_v4.2.1_benchmark: rdf-aggregate part — 1 parts
  RMLStreamer: HG005_GRCh38_1_22_v4.2.1_benchmark: rdf-aggregate part — 2 parts
  RMLStreamer: HG005_GRCh38_1_22_v4.2.1_benchmark: rdf-aggregate part — 3 parts
  RMLStreamer: HG005_GRCh38_1_22_v4.2.1_benchmark: rdf-aggregate part — 4 parts
  RMLStreamer: HG005_GRCh38_1_22_v4.2.1_benchmark: rdf-aggregate part — 5 parts
  RMLStreamer: HG005_GRCh38_1_22_v4.2.1_benchmark: rdf-aggregate part — 6 parts
  RMLStreamer: HG005_GRCh38_1_22_v4.2.1_benchmark: rdf-aggregate part — 7 parts
  RMLStreamer: HG005_GRCh38_1_22_v4.2.1_benchmark: rdf-aggregate part — 8 parts
  RMLStreamer: HG005_GRCh38_1_22_v4.2.1_benchmark: rdf-aggregate complete — 8 parts
RMLStreamer: HG005_GRCh38_1_22_v4.2.1_benchmark: finished
Partitioned compression: HG005_GRCh38_1_22_v4.2.1_benchmark: started
  Partitioned compression: HG005_GRCh38_1_22_v4.2.1_benchmark: rdf-scan started — 0 triples
  Partitioned compression: HG005_GRCh38_1_22_v4.2.1_benchmark: rdf-scan heartbeat — 449,247 triples · 67,108,889 bytes read
  Partitioned compression: HG005_GRCh38_1_22_v4.2.1_benchmark: rdf-scan heartbeat — 895,580 triples · 134,217,898 bytes read
  Partitioned compression: HG005_GRCh38_1_22_v4.2.1_benchmark: rdf-scan heartbeat — 1,341,620 triples · 201,326,833 bytes read
  Partitioned compression: HG005_GRCh38_1_22_v4.2.1_benchmark: rdf-scan heartbeat — 1,787,618 triples · 268,435,764 bytes read
  Partitioned compression: HG005_GRCh38_1_22_v4.2.1_benchmark: rdf-scan heartbeat — 2,233,635 triples · 335,544,699 bytes read
  Partitioned compression: HG005_GRCh38_1_22_v4.2.1_benchmark: rdf-scan heartbeat — 2,680,073 triples · 402,653,680 bytes read
  Partitioned compression: HG005_GRCh38_1_22_v4.2.1_benchmark: rdf-scan heartbeat — 3,126,405 triples · 469,762,585 bytes read
  Partitioned compression: HG005_GRCh38_1_22_v4.2.1_benchmark: rdf-scan chunk — 3,572,593 triples · 1 chunks · 536,870,989 bytes read
  Partitioned compression: HG005_GRCh38_1_22_v4.2.1_benchmark: hdt-chunks started — 0 chunks · hdt-build-00000
  Partitioned compression: HG005_GRCh38_1_22_v4.2.1_benchmark: hdt-chunks complete — 1 chunks · hdt-build-00000
  Partitioned compression: HG005_GRCh38_1_22_v4.2.1_benchmark: rdf-scan heartbeat — 3,572,597 triples · 536,871,603 bytes read
  Partitioned compression: HG005_GRCh38_1_22_v4.2.1_benchmark: rdf-scan heartbeat — 4,018,597 triples · 603,980,534 bytes read
  Partitioned compression: HG005_GRCh38_1_22_v4.2.1_benchmark: rdf-scan heartbeat — 4,465,817 triples · 671,089,494 bytes read
  Partitioned compression: HG005_GRCh38_1_22_v4.2.1_benchmark: rdf-scan heartbeat — 4,915,464 triples · 738,198,377 bytes read
  Partitioned compression: HG005_GRCh38_1_22_v4.2.1_benchmark: rdf-scan heartbeat — 5,365,111 triples · 805,307,261 bytes read
  Partitioned compression: HG005_GRCh38_1_22_v4.2.1_benchmark: rdf-scan heartbeat — 5,814,913 triples · 872,416,158 bytes read
  Partitioned compression: HG005_GRCh38_1_22_v4.2.1_benchmark: rdf-scan heartbeat — 6,264,969 triples · 939,525,072 bytes read
  Partitioned compression: HG005_GRCh38_1_22_v4.2.1_benchmark: rdf-scan heartbeat — 6,714,954 triples · 1,006,633,946 bytes read
  Partitioned compression: HG005_GRCh38_1_22_v4.2.1_benchmark: rdf-scan chunk — 7,164,790 triples · 2 chunks · 1,073,741,949 bytes read
  Partitioned compression: HG005_GRCh38_1_22_v4.2.1_benchmark: hdt-chunks started — 1 chunks · hdt-build-00001
  Partitioned compression: HG005_GRCh38_1_22_v4.2.1_benchmark: hdt-chunks complete — 2 chunks · hdt-build-00001
  Partitioned compression: HG005_GRCh38_1_22_v4.2.1_benchmark: rdf-scan heartbeat — 7,164,796 triples · 1,073,742,912 bytes read
  Partitioned compression: HG005_GRCh38_1_22_v4.2.1_benchmark: rdf-scan heartbeat — 7,614,448 triples · 1,140,851,909 bytes read
  Partitioned compression: HG005_GRCh38_1_22_v4.2.1_benchmark: rdf-scan heartbeat — 8,064,094 triples · 1,207,960,794 bytes read
  Partitioned compression: HG005_GRCh38_1_22_v4.2.1_benchmark: rdf-scan heartbeat — 8,514,118 triples · 1,275,069,690 bytes read
  Partitioned compression: HG005_GRCh38_1_22_v4.2.1_benchmark: rdf-scan heartbeat — 8,961,503 triples · 1,342,178,586 bytes read
  Partitioned compression: HG005_GRCh38_1_22_v4.2.1_benchmark: rdf-scan heartbeat — 9,407,833 triples · 1,409,287,559 bytes read
  Partitioned compression: HG005_GRCh38_1_22_v4.2.1_benchmark: rdf-scan heartbeat — 9,854,159 triples · 1,476,396,523 bytes read
  Partitioned compression: HG005_GRCh38_1_22_v4.2.1_benchmark: rdf-scan heartbeat — 10,300,160 triples · 1,543,505,534 bytes read
  Partitioned compression: HG005_GRCh38_1_22_v4.2.1_benchmark: rdf-scan chunk — 10,746,546 triples · 3 chunks · 1,610,612,878 bytes read
  Partitioned compression: HG005_GRCh38_1_22_v4.2.1_benchmark: hdt-chunks started — 2 chunks · hdt-build-00002
  Partitioned compression: HG005_GRCh38_1_22_v4.2.1_benchmark: hdt-chunks complete — 3 chunks · hdt-build-00002
  Partitioned compression: HG005_GRCh38_1_22_v4.2.1_benchmark: rdf-scan heartbeat — 10,746,557 triples · 1,610,614,508 bytes read
  Partitioned compression: HG005_GRCh38_1_22_v4.2.1_benchmark: rdf-scan heartbeat — 11,192,893 triples · 1,677,723,463 bytes read
  Partitioned compression: HG005_GRCh38_1_22_v4.2.1_benchmark: rdf-scan heartbeat — 11,639,064 triples · 1,744,832,352 bytes read
  Partitioned compression: HG005_GRCh38_1_22_v4.2.1_benchmark: rdf-scan heartbeat — 12,085,196 triples · 1,811,941,321 bytes read
  Partitioned compression: HG005_GRCh38_1_22_v4.2.1_benchmark: rdf-scan heartbeat — 12,531,198 triples · 1,879,050,303 bytes read
  Partitioned compression: HG005_GRCh38_1_22_v4.2.1_benchmark: rdf-scan heartbeat — 12,978,147 triples · 1,946,159,247 bytes read
  Partitioned compression: HG005_GRCh38_1_22_v4.2.1_benchmark: rdf-scan heartbeat — 13,432,373 triples · 2,013,268,176 bytes read
  Partitioned compression: HG005_GRCh38_1_22_v4.2.1_benchmark: rdf-scan heartbeat — 13,885,731 triples · 2,080,377,153 bytes read
  Partitioned compression: HG005_GRCh38_1_22_v4.2.1_benchmark: rdf-scan chunk — 14,335,548 triples · 4 chunks · 2,147,483,830 bytes read
  Partitioned compression: HG005_GRCh38_1_22_v4.2.1_benchmark: hdt-chunks started — 3 chunks · hdt-build-00003
  Partitioned compression: HG005_GRCh38_1_22_v4.2.1_benchmark: hdt-chunks complete — 4 chunks · hdt-build-00003
  Partitioned compression: HG005_GRCh38_1_22_v4.2.1_benchmark: rdf-scan heartbeat — 14,335,564 triples · 2,147,486,178 bytes read
  Partitioned compression: HG005_GRCh38_1_22_v4.2.1_benchmark: rdf-scan heartbeat — 14,785,218 triples · 2,214,595,131 bytes read
  Partitioned compression: HG005_GRCh38_1_22_v4.2.1_benchmark: rdf-scan heartbeat — 15,234,866 triples · 2,281,704,019 bytes read
  Partitioned compression: HG005_GRCh38_1_22_v4.2.1_benchmark: rdf-scan heartbeat — 15,684,517 triples · 2,348,812,927 bytes read
  Partitioned compression: HG005_GRCh38_1_22_v4.2.1_benchmark: rdf-scan heartbeat — 16,134,575 triples · 2,415,921,881 bytes read
  Partitioned compression: HG005_GRCh38_1_22_v4.2.1_benchmark: rdf-scan heartbeat — 16,584,566 triples · 2,483,030,806 bytes read
  Partitioned compression: HG005_GRCh38_1_22_v4.2.1_benchmark: rdf-scan heartbeat — 17,034,457 triples · 2,550,139,798 bytes read
  Partitioned compression: HG005_GRCh38_1_22_v4.2.1_benchmark: rdf-scan heartbeat — 17,482,439 triples · 2,617,248,824 bytes read
  Partitioned compression: HG005_GRCh38_1_22_v4.2.1_benchmark: rdf-scan chunk — 17,928,411 triples · 5 chunks · 2,684,354,785 bytes read
  Partitioned compression: HG005_GRCh38_1_22_v4.2.1_benchmark: hdt-chunks started — 4 chunks · hdt-build-00004
  Partitioned compression: HG005_GRCh38_1_22_v4.2.1_benchmark: hdt-chunks complete — 5 chunks · hdt-build-00004
  Partitioned compression: HG005_GRCh38_1_22_v4.2.1_benchmark: rdf-scan heartbeat — 17,928,431 triples · 2,684,357,793 bytes read
  Partitioned compression: HG005_GRCh38_1_22_v4.2.1_benchmark: rdf-scan heartbeat — 18,374,559 triples · 2,751,466,669 bytes read
  Partitioned compression: HG005_GRCh38_1_22_v4.2.1_benchmark: rdf-scan heartbeat — 18,820,558 triples · 2,818,575,676 bytes read
  Partitioned compression: HG005_GRCh38_1_22_v4.2.1_benchmark: rdf-scan heartbeat — 19,266,603 triples · 2,885,684,650 bytes read
  Partitioned compression: HG005_GRCh38_1_22_v4.2.1_benchmark: rdf-scan heartbeat — 19,712,655 triples · 2,952,793,663 bytes read
  Partitioned compression: HG005_GRCh38_1_22_v4.2.1_benchmark: rdf-scan heartbeat — 20,158,765 triples · 3,019,902,557 bytes read
  Partitioned compression: HG005_GRCh38_1_22_v4.2.1_benchmark: rdf-scan heartbeat — 20,604,760 triples · 3,087,011,569 bytes read
  Partitioned compression: HG005_GRCh38_1_22_v4.2.1_benchmark: rdf-scan heartbeat — 21,050,758 triples · 3,154,120,438 bytes read
  Partitioned compression: HG005_GRCh38_1_22_v4.2.1_benchmark: rdf-scan chunk — 21,496,725 triples · 6 chunks · 3,221,225,842 bytes read
  Partitioned compression: HG005_GRCh38_1_22_v4.2.1_benchmark: hdt-chunks started — 5 chunks · hdt-build-00005
  Partitioned compression: HG005_GRCh38_1_22_v4.2.1_benchmark: hdt-chunks complete — 6 chunks · hdt-build-00005
  Partitioned compression: HG005_GRCh38_1_22_v4.2.1_benchmark: rdf-scan heartbeat — 21,496,748 triples · 3,221,229,326 bytes read
  Partitioned compression: HG005_GRCh38_1_22_v4.2.1_benchmark: rdf-scan heartbeat — 21,942,650 triples · 3,288,338,205 bytes read
  Partitioned compression: HG005_GRCh38_1_22_v4.2.1_benchmark: rdf-scan heartbeat — 22,388,473 triples · 3,355,447,138 bytes read
  Partitioned compression: HG005_GRCh38_1_22_v4.2.1_benchmark: rdf-scan heartbeat — 22,834,519 triples · 3,422,556,057 bytes read
  Partitioned compression: HG005_GRCh38_1_22_v4.2.1_benchmark: rdf-scan heartbeat — 23,280,521 triples · 3,489,665,026 bytes read
  Partitioned compression: HG005_GRCh38_1_22_v4.2.1_benchmark: rdf-scan heartbeat — 23,726,397 triples · 3,556,774,051 bytes read
  Partitioned compression: HG005_GRCh38_1_22_v4.2.1_benchmark: rdf-scan heartbeat — 24,172,298 triples · 3,623,882,933 bytes read
  Partitioned compression: HG005_GRCh38_1_22_v4.2.1_benchmark: rdf-scan heartbeat — 24,618,299 triples · 3,690,991,906 bytes read
  Partitioned compression: HG005_GRCh38_1_22_v4.2.1_benchmark: rdf-scan chunk — 25,064,272 triples · 7 chunks · 3,758,096,902 bytes read
  Partitioned compression: HG005_GRCh38_1_22_v4.2.1_benchmark: hdt-chunks started — 6 chunks · hdt-build-00006
  Partitioned compression: HG005_GRCh38_1_22_v4.2.1_benchmark: hdt-chunks complete — 7 chunks · hdt-build-00006
  Partitioned compression: HG005_GRCh38_1_22_v4.2.1_benchmark: rdf-scan heartbeat — 25,064,298 triples · 3,758,100,802 bytes read
  Partitioned compression: HG005_GRCh38_1_22_v4.2.1_benchmark: rdf-scan heartbeat — 25,510,103 triples · 3,825,209,713 bytes read
  Partitioned compression: HG005_GRCh38_1_22_v4.2.1_benchmark: rdf-scan heartbeat — 25,955,978 triples · 3,892,318,579 bytes read
  Partitioned compression: HG005_GRCh38_1_22_v4.2.1_benchmark: rdf-scan heartbeat — 26,402,807 triples · 3,959,427,577 bytes read
  Partitioned compression: HG005_GRCh38_1_22_v4.2.1_benchmark: rdf-scan heartbeat — 26,850,381 triples · 4,026,536,573 bytes read
  Partitioned compression: HG005_GRCh38_1_22_v4.2.1_benchmark: rdf-scan heartbeat — 27,296,716 triples · 4,093,645,570 bytes read
  Partitioned compression: HG005_GRCh38_1_22_v4.2.1_benchmark: rdf-scan heartbeat — 27,742,814 triples · 4,160,754,440 bytes read
  Partitioned compression: HG005_GRCh38_1_22_v4.2.1_benchmark: rdf-scan heartbeat — 28,188,810 triples · 4,227,863,339 bytes read
  Partitioned compression: HG005_GRCh38_1_22_v4.2.1_benchmark: rdf-scan chunk — 28,635,140 triples · 8 chunks · 4,294,967,882 bytes read
  Partitioned compression: HG005_GRCh38_1_22_v4.2.1_benchmark: hdt-chunks started — 7 chunks · hdt-build-00007
  Partitioned compression: HG005_GRCh38_1_22_v4.2.1_benchmark: hdt-chunks complete — 8 chunks · hdt-build-00007
  Partitioned compression: HG005_GRCh38_1_22_v4.2.1_benchmark: rdf-scan heartbeat — 28,635,169 triples · 4,294,972,241 bytes read
  Partitioned compression: HG005_GRCh38_1_22_v4.2.1_benchmark: rdf-scan heartbeat — 29,081,502 triples · 4,362,081,261 bytes read
  Partitioned compression: HG005_GRCh38_1_22_v4.2.1_benchmark: rdf-scan heartbeat — 29,527,829 triples · 4,429,190,130 bytes read
  Partitioned compression: HG005_GRCh38_1_22_v4.2.1_benchmark: rdf-scan heartbeat — 29,973,880 triples · 4,496,299,067 bytes read
  Partitioned compression: HG005_GRCh38_1_22_v4.2.1_benchmark: rdf-scan heartbeat — 30,419,991 triples · 4,563,408,048 bytes read
  Partitioned compression: HG005_GRCh38_1_22_v4.2.1_benchmark: rdf-scan heartbeat — 30,865,987 triples · 4,630,517,020 bytes read
  Partitioned compression: HG005_GRCh38_1_22_v4.2.1_benchmark: rdf-scan heartbeat — 31,311,981 triples · 4,697,625,980 bytes read
  Partitioned compression: HG005_GRCh38_1_22_v4.2.1_benchmark: rdf-scan heartbeat — 31,757,824 triples · 4,764,734,887 bytes read
  Partitioned compression: HG005_GRCh38_1_22_v4.2.1_benchmark: rdf-scan chunk — 32,203,788 triples · 9 chunks · 4,831,838,891 bytes read
  Partitioned compression: HG005_GRCh38_1_22_v4.2.1_benchmark: hdt-chunks started — 8 chunks · hdt-build-00008
  Partitioned compression: HG005_GRCh38_1_22_v4.2.1_benchmark: hdt-chunks complete — 9 chunks · hdt-build-00008
  Partitioned compression: HG005_GRCh38_1_22_v4.2.1_benchmark: rdf-scan heartbeat — 32,203,821 triples · 4,831,843,868 bytes read
  Partitioned compression: HG005_GRCh38_1_22_v4.2.1_benchmark: rdf-scan heartbeat — 32,649,787 triples · 4,898,952,811 bytes read
  Partitioned compression: HG005_GRCh38_1_22_v4.2.1_benchmark: rdf-scan heartbeat — 33,095,771 triples · 4,966,061,829 bytes read
  Partitioned compression: HG005_GRCh38_1_22_v4.2.1_benchmark: rdf-scan heartbeat — 33,541,770 triples · 5,033,170,841 bytes read
  Partitioned compression: HG005_GRCh38_1_22_v4.2.1_benchmark: rdf-scan heartbeat — 33,987,898 triples · 5,100,279,751 bytes read
  Partitioned compression: HG005_GRCh38_1_22_v4.2.1_benchmark: rdf-scan heartbeat — 34,433,887 triples · 5,167,388,657 bytes read
  Partitioned compression: HG005_GRCh38_1_22_v4.2.1_benchmark: rdf-scan heartbeat — 34,853,783 triples · 5,234,497,569 bytes read
  Partitioned compression: HG005_GRCh38_1_22_v4.2.1_benchmark: rdf-scan heartbeat — 35,228,436 triples · 5,301,606,623 bytes read
  Partitioned compression: HG005_GRCh38_1_22_v4.2.1_benchmark: rdf-scan chunk — 35,601,795 triples · 10 chunks · 5,368,709,915 bytes read
  Partitioned compression: HG005_GRCh38_1_22_v4.2.1_benchmark: hdt-chunks started — 9 chunks · hdt-build-00009
  Partitioned compression: HG005_GRCh38_1_22_v4.2.1_benchmark: hdt-chunks complete — 10 chunks · hdt-build-00009
  Partitioned compression: HG005_GRCh38_1_22_v4.2.1_benchmark: rdf-scan heartbeat — 35,601,826 triples · 5,368,715,614 bytes read
  Partitioned compression: HG005_GRCh38_1_22_v4.2.1_benchmark: rdf-scan heartbeat — 35,973,793 triples · 5,435,824,536 bytes read
  Partitioned compression: HG005_GRCh38_1_22_v4.2.1_benchmark: rdf-scan heartbeat — 36,345,783 triples · 5,502,933,531 bytes read
  Partitioned compression: HG005_GRCh38_1_22_v4.2.1_benchmark: rdf-scan heartbeat — 36,717,724 triples · 5,570,042,501 bytes read
  Partitioned compression: HG005_GRCh38_1_22_v4.2.1_benchmark: rdf-scan heartbeat — 37,089,709 triples · 5,637,151,419 bytes read
  Partitioned compression: HG005_GRCh38_1_22_v4.2.1_benchmark: rdf-scan heartbeat — 37,461,656 triples · 5,704,260,409 bytes read
  Partitioned compression: HG005_GRCh38_1_22_v4.2.1_benchmark: rdf-scan heartbeat — 37,833,617 triples · 5,771,369,285 bytes read
  Partitioned compression: HG005_GRCh38_1_22_v4.2.1_benchmark: rdf-scan heartbeat — 38,205,543 triples · 5,838,478,302 bytes read
  Partitioned compression: HG005_GRCh38_1_22_v4.2.1_benchmark: rdf-scan chunk — 38,577,436 triples · 11 chunks · 5,905,580,837 bytes read
  Partitioned compression: HG005_GRCh38_1_22_v4.2.1_benchmark: hdt-chunks started — 10 chunks · hdt-build-00010
  Partitioned compression: HG005_GRCh38_1_22_v4.2.1_benchmark: hdt-chunks complete — 11 chunks · hdt-build-00010
  Partitioned compression: HG005_GRCh38_1_22_v4.2.1_benchmark: rdf-scan heartbeat — 38,577,472 triples · 5,905,587,225 bytes read
  Partitioned compression: HG005_GRCh38_1_22_v4.2.1_benchmark: rdf-scan heartbeat — 38,949,396 triples · 5,972,696,231 bytes read
  Partitioned compression: HG005_GRCh38_1_22_v4.2.1_benchmark: rdf-scan heartbeat — 39,321,331 triples · 6,039,805,164 bytes read
  Partitioned compression: HG005_GRCh38_1_22_v4.2.1_benchmark: rdf-scan heartbeat — 39,693,271 triples · 6,106,914,141 bytes read
  Partitioned compression: HG005_GRCh38_1_22_v4.2.1_benchmark: rdf-scan heartbeat — 40,065,208 triples · 6,174,023,113 bytes read
  Partitioned compression: HG005_GRCh38_1_22_v4.2.1_benchmark: rdf-scan heartbeat — 40,437,147 triples · 6,241,132,065 bytes read
  Partitioned compression: HG005_GRCh38_1_22_v4.2.1_benchmark: rdf-scan heartbeat — 40,809,115 triples · 6,308,241,112 bytes read
  Partitioned compression: HG005_GRCh38_1_22_v4.2.1_benchmark: rdf-scan heartbeat — 41,181,054 triples · 6,375,350,151 bytes read
  Partitioned compression: HG005_GRCh38_1_22_v4.2.1_benchmark: rdf-scan chunk — 41,552,974 triples · 12 chunks · 6,442,451,861 bytes read
  Partitioned compression: HG005_GRCh38_1_22_v4.2.1_benchmark: hdt-chunks started — 11 chunks · hdt-build-00011
  Partitioned compression: HG005_GRCh38_1_22_v4.2.1_benchmark: hdt-chunks complete — 12 chunks · hdt-build-00011
  Partitioned compression: HG005_GRCh38_1_22_v4.2.1_benchmark: rdf-scan heartbeat — 41,553,014 triples · 6,442,459,035 bytes read
  Partitioned compression: HG005_GRCh38_1_22_v4.2.1_benchmark: rdf-scan heartbeat — 41,924,234 triples · 6,509,568,115 bytes read
  Partitioned compression: HG005_GRCh38_1_22_v4.2.1_benchmark: rdf-scan heartbeat — 42,293,511 triples · 6,576,677,129 bytes read
  Partitioned compression: HG005_GRCh38_1_22_v4.2.1_benchmark: rdf-scan heartbeat — 42,662,809 triples · 6,643,786,135 bytes read
  Partitioned compression: HG005_GRCh38_1_22_v4.2.1_benchmark: rdf-scan heartbeat — 43,032,091 triples · 6,710,895,074 bytes read
  Partitioned compression: HG005_GRCh38_1_22_v4.2.1_benchmark: rdf-scan heartbeat — 43,401,398 triples · 6,778,004,005 bytes read
  Partitioned compression: HG005_GRCh38_1_22_v4.2.1_benchmark: rdf-scan heartbeat — 43,770,704 triples · 6,845,112,990 bytes read
  Partitioned compression: HG005_GRCh38_1_22_v4.2.1_benchmark: rdf-scan heartbeat — 44,139,978 triples · 6,912,221,973 bytes read
  Partitioned compression: HG005_GRCh38_1_22_v4.2.1_benchmark: rdf-scan chunk — 44,509,252 triples · 13 chunks · 6,979,322,815 bytes read
  Partitioned compression: HG005_GRCh38_1_22_v4.2.1_benchmark: hdt-chunks started — 12 chunks · hdt-build-00012
  Partitioned compression: HG005_GRCh38_1_22_v4.2.1_benchmark: hdt-chunks complete — 13 chunks · hdt-build-00012
  Partitioned compression: HG005_GRCh38_1_22_v4.2.1_benchmark: rdf-scan heartbeat — 44,509,297 triples · 6,979,330,937 bytes read
  Partitioned compression: HG005_GRCh38_1_22_v4.2.1_benchmark: rdf-scan heartbeat — 44,878,625 triples · 7,046,439,860 bytes read
  Partitioned compression: HG005_GRCh38_1_22_v4.2.1_benchmark: rdf-scan heartbeat — 45,247,912 triples · 7,113,548,742 bytes read
  Partitioned compression: HG005_GRCh38_1_22_v4.2.1_benchmark: rdf-scan heartbeat — 45,617,178 triples · 7,180,657,618 bytes read
  Partitioned compression: HG005_GRCh38_1_22_v4.2.1_benchmark: rdf-scan heartbeat — 45,986,450 triples · 7,247,766,599 bytes read
  Partitioned compression: HG005_GRCh38_1_22_v4.2.1_benchmark: rdf-scan heartbeat — 46,355,856 triples · 7,314,875,546 bytes read
  Partitioned compression: HG005_GRCh38_1_22_v4.2.1_benchmark: rdf-scan heartbeat — 46,725,166 triples · 7,381,984,450 bytes read
  Partitioned compression: HG005_GRCh38_1_22_v4.2.1_benchmark: rdf-scan heartbeat — 47,094,475 triples · 7,449,093,460 bytes read
  Partitioned compression: HG005_GRCh38_1_22_v4.2.1_benchmark: rdf-scan chunk — 47,463,752 triples · 14 chunks · 7,516,193,888 bytes read
  Partitioned compression: HG005_GRCh38_1_22_v4.2.1_benchmark: hdt-chunks started — 13 chunks · hdt-build-00013
  Partitioned compression: HG005_GRCh38_1_22_v4.2.1_benchmark: hdt-chunks complete — 14 chunks · hdt-build-00013
  Partitioned compression: HG005_GRCh38_1_22_v4.2.1_benchmark: rdf-scan heartbeat — 47,463,799 triples · 7,516,202,362 bytes read
  Partitioned compression: HG005_GRCh38_1_22_v4.2.1_benchmark: rdf-scan heartbeat — 47,833,097 triples · 7,583,311,342 bytes read
  Partitioned compression: HG005_GRCh38_1_22_v4.2.1_benchmark: rdf-scan heartbeat — 48,202,404 triples · 7,650,420,393 bytes read
  Partitioned compression: HG005_GRCh38_1_22_v4.2.1_benchmark: rdf-scan heartbeat — 48,571,690 triples · 7,717,529,258 bytes read
  Partitioned compression: HG005_GRCh38_1_22_v4.2.1_benchmark: rdf-scan heartbeat — 48,940,944 triples · 7,784,638,124 bytes read
  Partitioned compression: HG005_GRCh38_1_22_v4.2.1_benchmark: rdf-scan heartbeat — 49,310,230 triples · 7,851,747,128 bytes read
  Partitioned compression: HG005_GRCh38_1_22_v4.2.1_benchmark: rdf-scan heartbeat — 49,679,510 triples · 7,918,856,132 bytes read
  Partitioned compression: HG005_GRCh38_1_22_v4.2.1_benchmark: rdf-scan heartbeat — 50,048,775 triples · 7,985,965,111 bytes read
  Partitioned compression: HG005_GRCh38_1_22_v4.2.1_benchmark: rdf-scan chunk — 50,418,083 triples · 15 chunks · 8,053,064,971 bytes read
  Partitioned compression: HG005_GRCh38_1_22_v4.2.1_benchmark: hdt-chunks started — 14 chunks · hdt-build-00014
  Partitioned compression: HG005_GRCh38_1_22_v4.2.1_benchmark: hdt-chunks complete — 15 chunks · hdt-build-00014
  Partitioned compression: HG005_GRCh38_1_22_v4.2.1_benchmark: rdf-scan heartbeat — 50,418,133 triples · 8,053,073,987 bytes read
  Partitioned compression: HG005_GRCh38_1_22_v4.2.1_benchmark: rdf-scan heartbeat — 50,787,388 triples · 8,120,182,876 bytes read
  Partitioned compression: HG005_GRCh38_1_22_v4.2.1_benchmark: rdf-scan heartbeat — 51,156,701 triples · 8,187,291,805 bytes read
  Partitioned compression: HG005_GRCh38_1_22_v4.2.1_benchmark: rdf-scan heartbeat — 51,525,950 triples · 8,254,400,854 bytes read
  Partitioned compression: HG005_GRCh38_1_22_v4.2.1_benchmark: rdf-scan heartbeat — 51,895,247 triples · 8,321,509,922 bytes read
  Partitioned compression: HG005_GRCh38_1_22_v4.2.1_benchmark: rdf-scan heartbeat — 52,264,522 triples · 8,388,618,829 bytes read
  Partitioned compression: HG005_GRCh38_1_22_v4.2.1_benchmark: rdf-scan heartbeat — 52,633,807 triples · 8,455,727,820 bytes read
  Partitioned compression: HG005_GRCh38_1_22_v4.2.1_benchmark: rdf-scan heartbeat — 53,003,094 triples · 8,522,836,758 bytes read
  Partitioned compression: HG005_GRCh38_1_22_v4.2.1_benchmark: rdf-scan chunk — 53,372,329 triples · 16 chunks · 8,589,936,014 bytes read
  Partitioned compression: HG005_GRCh38_1_22_v4.2.1_benchmark: hdt-chunks started — 15 chunks · hdt-build-00015
  Partitioned compression: HG005_GRCh38_1_22_v4.2.1_benchmark: hdt-chunks complete — 16 chunks · hdt-build-00015
  Partitioned compression: HG005_GRCh38_1_22_v4.2.1_benchmark: rdf-scan heartbeat — 53,372,382 triples · 8,589,945,656 bytes read
  Partitioned compression: HG005_GRCh38_1_22_v4.2.1_benchmark: rdf-scan heartbeat — 53,741,663 triples · 8,657,054,558 bytes read
  Partitioned compression: HG005_GRCh38_1_22_v4.2.1_benchmark: rdf-scan heartbeat — 54,110,962 triples · 8,724,163,506 bytes read
  Partitioned compression: HG005_GRCh38_1_22_v4.2.1_benchmark: rdf-scan heartbeat — 54,480,227 triples · 8,791,272,507 bytes read
  Partitioned compression: HG005_GRCh38_1_22_v4.2.1_benchmark: rdf-scan heartbeat — 54,849,512 triples · 8,858,381,425 bytes read
  Partitioned compression: HG005_GRCh38_1_22_v4.2.1_benchmark: rdf-scan heartbeat — 55,218,824 triples · 8,925,490,353 bytes read
  Partitioned compression: HG005_GRCh38_1_22_v4.2.1_benchmark: rdf-scan heartbeat — 55,588,172 triples · 8,992,599,262 bytes read
  Partitioned compression: HG005_GRCh38_1_22_v4.2.1_benchmark: rdf-scan heartbeat — 55,957,474 triples · 9,059,708,247 bytes read
  Partitioned compression: HG005_GRCh38_1_22_v4.2.1_benchmark: rdf-scan chunk — 56,326,725 triples · 17 chunks · 9,126,807,027 bytes read
  Partitioned compression: HG005_GRCh38_1_22_v4.2.1_benchmark: hdt-chunks started — 16 chunks · hdt-build-00016
  Partitioned compression: HG005_GRCh38_1_22_v4.2.1_benchmark: hdt-chunks complete — 17 chunks · hdt-build-00016
  Partitioned compression: HG005_GRCh38_1_22_v4.2.1_benchmark: rdf-scan heartbeat — 56,326,781 triples · 9,126,817,198 bytes read
  Partitioned compression: HG005_GRCh38_1_22_v4.2.1_benchmark: rdf-scan heartbeat — 56,696,117 triples · 9,193,926,256 bytes read
  Partitioned compression: HG005_GRCh38_1_22_v4.2.1_benchmark: rdf-scan heartbeat — 57,065,545 triples · 9,261,035,241 bytes read
  Partitioned compression: HG005_GRCh38_1_22_v4.2.1_benchmark: rdf-scan heartbeat — 57,434,872 triples · 9,328,144,253 bytes read
  Partitioned compression: HG005_GRCh38_1_22_v4.2.1_benchmark: rdf-scan heartbeat — 57,804,178 triples · 9,395,253,205 bytes read
  Partitioned compression: HG005_GRCh38_1_22_v4.2.1_benchmark: rdf-scan heartbeat — 58,173,489 triples · 9,462,362,170 bytes read
  Partitioned compression: HG005_GRCh38_1_22_v4.2.1_benchmark: rdf-scan heartbeat — 58,542,780 triples · 9,529,471,042 bytes read
  Partitioned compression: HG005_GRCh38_1_22_v4.2.1_benchmark: rdf-scan heartbeat — 58,912,077 triples · 9,596,580,049 bytes read
  Partitioned compression: HG005_GRCh38_1_22_v4.2.1_benchmark: rdf-scan chunk — 59,281,301 triples · 18 chunks · 9,663,678,107 bytes read
  Partitioned compression: HG005_GRCh38_1_22_v4.2.1_benchmark: hdt-chunks started — 17 chunks · hdt-build-00017
  Partitioned compression: HG005_GRCh38_1_22_v4.2.1_benchmark: hdt-chunks complete — 18 chunks · hdt-build-00017
  Partitioned compression: HG005_GRCh38_1_22_v4.2.1_benchmark: rdf-scan heartbeat — 59,281,361 triples · 9,663,689,102 bytes read
  Partitioned compression: HG005_GRCh38_1_22_v4.2.1_benchmark: rdf-scan heartbeat — 59,650,662 triples · 9,730,798,092 bytes read
  Partitioned compression: HG005_GRCh38_1_22_v4.2.1_benchmark: rdf-scan heartbeat — 60,019,949 triples · 9,797,907,043 bytes read
  Partitioned compression: HG005_GRCh38_1_22_v4.2.1_benchmark: rdf-scan heartbeat — 60,389,257 triples · 9,865,016,060 bytes read
  Partitioned compression: HG005_GRCh38_1_22_v4.2.1_benchmark: rdf-scan heartbeat — 60,758,559 triples · 9,932,125,081 bytes read
  Partitioned compression: HG005_GRCh38_1_22_v4.2.1_benchmark: rdf-scan heartbeat — 61,127,885 triples · 9,999,234,082 bytes read
  Partitioned compression: HG005_GRCh38_1_22_v4.2.1_benchmark: rdf-scan heartbeat — 61,497,172 triples · 10,066,343,066 bytes read
  Partitioned compression: HG005_GRCh38_1_22_v4.2.1_benchmark: rdf-scan heartbeat — 61,866,454 triples · 10,133,451,951 bytes read
  Partitioned compression: HG005_GRCh38_1_22_v4.2.1_benchmark: rdf-scan chunk — 62,235,670 triples · 19 chunks · 10,200,549,128 bytes read
  Partitioned compression: HG005_GRCh38_1_22_v4.2.1_benchmark: hdt-chunks started — 18 chunks · hdt-build-00018
  Partitioned compression: HG005_GRCh38_1_22_v4.2.1_benchmark: hdt-chunks complete — 19 chunks · hdt-build-00018
  Partitioned compression: HG005_GRCh38_1_22_v4.2.1_benchmark: rdf-scan heartbeat — 62,235,735 triples · 10,200,560,922 bytes read
  Partitioned compression: HG005_GRCh38_1_22_v4.2.1_benchmark: rdf-scan heartbeat — 62,605,015 triples · 10,267,669,924 bytes read
  Partitioned compression: HG005_GRCh38_1_22_v4.2.1_benchmark: rdf-scan heartbeat — 62,974,292 triples · 10,334,778,810 bytes read
  Partitioned compression: HG005_GRCh38_1_22_v4.2.1_benchmark: rdf-scan heartbeat — 63,343,536 triples · 10,401,887,855 bytes read
  Partitioned compression: HG005_GRCh38_1_22_v4.2.1_benchmark: rdf-scan heartbeat — 63,712,798 triples · 10,468,996,728 bytes read
  Partitioned compression: HG005_GRCh38_1_22_v4.2.1_benchmark: rdf-scan heartbeat — 64,082,073 triples · 10,536,105,651 bytes read
  Partitioned compression: HG005_GRCh38_1_22_v4.2.1_benchmark: rdf-scan heartbeat — 64,451,372 triples · 10,603,214,659 bytes read
  Partitioned compression: HG005_GRCh38_1_22_v4.2.1_benchmark: rdf-scan heartbeat — 64,820,666 triples · 10,670,323,641 bytes read
  Partitioned compression: HG005_GRCh38_1_22_v4.2.1_benchmark: rdf-scan chunk — 65,189,907 triples · 20 chunks · 10,737,420,061 bytes read
  Partitioned compression: HG005_GRCh38_1_22_v4.2.1_benchmark: hdt-chunks started — 19 chunks · hdt-build-00019
  Partitioned compression: HG005_GRCh38_1_22_v4.2.1_benchmark: hdt-chunks complete — 20 chunks · hdt-build-00019
  Partitioned compression: HG005_GRCh38_1_22_v4.2.1_benchmark: rdf-scan heartbeat — 65,189,976 triples · 10,737,432,616 bytes read
  Partitioned compression: HG005_GRCh38_1_22_v4.2.1_benchmark: rdf-scan heartbeat — 65,559,256 triples · 10,804,541,526 bytes read
  Partitioned compression: HG005_GRCh38_1_22_v4.2.1_benchmark: rdf-scan heartbeat — 65,928,584 triples · 10,871,650,477 bytes read
  Partitioned compression: HG005_GRCh38_1_22_v4.2.1_benchmark: rdf-scan heartbeat — 66,297,883 triples · 10,938,759,463 bytes read
  Partitioned compression: HG005_GRCh38_1_22_v4.2.1_benchmark: rdf-scan heartbeat — 66,667,162 triples · 11,005,868,488 bytes read
  Partitioned compression: HG005_GRCh38_1_22_v4.2.1_benchmark: rdf-scan heartbeat — 67,036,495 triples · 11,072,977,375 bytes read
  Partitioned compression: HG005_GRCh38_1_22_v4.2.1_benchmark: rdf-scan heartbeat — 67,405,781 triples · 11,140,086,388 bytes read
  Partitioned compression: HG005_GRCh38_1_22_v4.2.1_benchmark: rdf-scan heartbeat — 67,775,104 triples · 11,207,195,441 bytes read
  Partitioned compression: HG005_GRCh38_1_22_v4.2.1_benchmark: rdf-scan chunk — 68,144,322 triples · 21 chunks · 11,274,291,147 bytes read
  Partitioned compression: HG005_GRCh38_1_22_v4.2.1_benchmark: hdt-chunks started — 20 chunks · hdt-build-00020
  Partitioned compression: HG005_GRCh38_1_22_v4.2.1_benchmark: hdt-chunks complete — 21 chunks · hdt-build-00020
  Partitioned compression: HG005_GRCh38_1_22_v4.2.1_benchmark: rdf-scan heartbeat — 68,144,395 triples · 11,274,304,417 bytes read
  Partitioned compression: HG005_GRCh38_1_22_v4.2.1_benchmark: rdf-scan heartbeat — 68,513,694 triples · 11,341,413,377 bytes read
  Partitioned compression: HG005_GRCh38_1_22_v4.2.1_benchmark: rdf-scan heartbeat — 68,882,959 triples · 11,408,522,378 bytes read
  Partitioned compression: HG005_GRCh38_1_22_v4.2.1_benchmark: rdf-scan heartbeat — 69,252,329 triples · 11,475,631,314 bytes read
  Partitioned compression: HG005_GRCh38_1_22_v4.2.1_benchmark: rdf-scan heartbeat — 69,621,645 triples · 11,542,740,312 bytes read
  Partitioned compression: HG005_GRCh38_1_22_v4.2.1_benchmark: rdf-scan heartbeat — 69,990,919 triples · 11,609,849,242 bytes read
  Partitioned compression: HG005_GRCh38_1_22_v4.2.1_benchmark: rdf-scan heartbeat — 70,360,198 triples · 11,676,958,211 bytes read
  Partitioned compression: HG005_GRCh38_1_22_v4.2.1_benchmark: rdf-scan heartbeat — 70,729,468 triples · 11,744,067,128 bytes read
  Partitioned compression: HG005_GRCh38_1_22_v4.2.1_benchmark: rdf-scan chunk — 71,098,647 triples · 22 chunks · 11,811,162,128 bytes read
  Partitioned compression: HG005_GRCh38_1_22_v4.2.1_benchmark: hdt-chunks started — 21 chunks · hdt-build-00021
  Partitioned compression: HG005_GRCh38_1_22_v4.2.1_benchmark: hdt-chunks complete — 22 chunks · hdt-build-00021
  Partitioned compression: HG005_GRCh38_1_22_v4.2.1_benchmark: rdf-scan heartbeat — 71,098,724 triples · 11,811,176,069 bytes read
  Partitioned compression: HG005_GRCh38_1_22_v4.2.1_benchmark: rdf-scan heartbeat — 71,467,977 triples · 11,878,285,012 bytes read
  Partitioned compression: HG005_GRCh38_1_22_v4.2.1_benchmark: rdf-scan heartbeat — 71,837,253 triples · 11,945,393,940 bytes read
  Partitioned compression: HG005_GRCh38_1_22_v4.2.1_benchmark: rdf-scan heartbeat — 72,206,517 triples · 12,012,502,842 bytes read
  Partitioned compression: HG005_GRCh38_1_22_v4.2.1_benchmark: rdf-scan heartbeat — 72,575,782 triples · 12,079,611,710 bytes read
  Partitioned compression: HG005_GRCh38_1_22_v4.2.1_benchmark: rdf-scan heartbeat — 72,945,064 triples · 12,146,720,720 bytes read
  Partitioned compression: HG005_GRCh38_1_22_v4.2.1_benchmark: rdf-scan heartbeat — 73,314,347 triples · 12,213,829,636 bytes read
  Partitioned compression: HG005_GRCh38_1_22_v4.2.1_benchmark: rdf-scan heartbeat — 73,683,641 triples · 12,280,938,588 bytes read
  Partitioned compression: HG005_GRCh38_1_22_v4.2.1_benchmark: rdf-scan chunk — 74,052,829 triples · 23 chunks · 12,348,033,119 bytes read
  Partitioned compression: HG005_GRCh38_1_22_v4.2.1_benchmark: hdt-chunks started — 22 chunks · hdt-build-00022
  Partitioned compression: HG005_GRCh38_1_22_v4.2.1_benchmark: hdt-chunks complete — 23 chunks · hdt-build-00022
  Partitioned compression: HG005_GRCh38_1_22_v4.2.1_benchmark: rdf-scan heartbeat — 74,052,909 triples · 12,348,047,651 bytes read
  Partitioned compression: HG005_GRCh38_1_22_v4.2.1_benchmark: rdf-scan heartbeat — 74,422,196 triples · 12,415,156,709 bytes read
  Partitioned compression: HG005_GRCh38_1_22_v4.2.1_benchmark: rdf-scan heartbeat — 74,791,454 triples · 12,482,265,676 bytes read
  Partitioned compression: HG005_GRCh38_1_22_v4.2.1_benchmark: rdf-scan heartbeat — 75,160,736 triples · 12,549,374,684 bytes read
  Partitioned compression: HG005_GRCh38_1_22_v4.2.1_benchmark: rdf-scan heartbeat — 75,530,035 triples · 12,616,483,592 bytes read
  Partitioned compression: HG005_GRCh38_1_22_v4.2.1_benchmark: rdf-scan heartbeat — 75,899,301 triples · 12,683,592,548 bytes read
  Partitioned compression: HG005_GRCh38_1_22_v4.2.1_benchmark: rdf-scan heartbeat — 76,268,558 triples · 12,750,701,566 bytes read
  Partitioned compression: HG005_GRCh38_1_22_v4.2.1_benchmark: rdf-scan heartbeat — 76,637,848 triples · 12,817,810,577 bytes read
  Partitioned compression: HG005_GRCh38_1_22_v4.2.1_benchmark: rdf-scan chunk — 77,007,030 triples · 24 chunks · 12,884,904,074 bytes read
  Partitioned compression: HG005_GRCh38_1_22_v4.2.1_benchmark: hdt-chunks started — 23 chunks · hdt-build-00023
  Partitioned compression: HG005_GRCh38_1_22_v4.2.1_benchmark: hdt-chunks complete — 24 chunks · hdt-build-00023
  Partitioned compression: HG005_GRCh38_1_22_v4.2.1_benchmark: rdf-scan heartbeat — 77,007,115 triples · 12,884,919,594 bytes read
  Partitioned compression: HG005_GRCh38_1_22_v4.2.1_benchmark: rdf-scan heartbeat — 77,376,417 triples · 12,952,028,553 bytes read
  Partitioned compression: HG005_GRCh38_1_22_v4.2.1_benchmark: rdf-scan heartbeat — 77,745,706 triples · 13,019,137,446 bytes read
  Partitioned compression: HG005_GRCh38_1_22_v4.2.1_benchmark: rdf-scan heartbeat — 78,114,997 triples · 13,086,246,337 bytes read
  Partitioned compression: HG005_GRCh38_1_22_v4.2.1_benchmark: rdf-scan heartbeat — 78,484,271 triples · 13,153,355,294 bytes read
  Partitioned compression: HG005_GRCh38_1_22_v4.2.1_benchmark: rdf-scan heartbeat — 78,853,571 triples · 13,220,464,274 bytes read
  Partitioned compression: HG005_GRCh38_1_22_v4.2.1_benchmark: rdf-scan heartbeat — 79,222,846 triples · 13,287,573,191 bytes read
  Partitioned compression: HG005_GRCh38_1_22_v4.2.1_benchmark: rdf-scan heartbeat — 79,592,150 triples · 13,354,682,116 bytes read
  Partitioned compression: HG005_GRCh38_1_22_v4.2.1_benchmark: rdf-scan chunk — 79,961,354 triples · 25 chunks · 13,421,775,065 bytes read
  Partitioned compression: HG005_GRCh38_1_22_v4.2.1_benchmark: hdt-chunks started — 24 chunks · hdt-build-00024
  Partitioned compression: HG005_GRCh38_1_22_v4.2.1_benchmark: hdt-chunks complete — 25 chunks · hdt-build-00024
  Partitioned compression: HG005_GRCh38_1_22_v4.2.1_benchmark: rdf-scan heartbeat — 79,961,442 triples · 13,421,791,108 bytes read
  Partitioned compression: HG005_GRCh38_1_22_v4.2.1_benchmark: rdf-scan heartbeat — 80,330,780 triples · 13,488,900,093 bytes read
  Partitioned compression: HG005_GRCh38_1_22_v4.2.1_benchmark: rdf-scan heartbeat — 80,700,118 triples · 13,556,009,119 bytes read
  Partitioned compression: HG005_GRCh38_1_22_v4.2.1_benchmark: rdf-scan heartbeat — 81,069,436 triples · 13,623,118,077 bytes read
  Partitioned compression: HG005_GRCh38_1_22_v4.2.1_benchmark: rdf-scan heartbeat — 81,438,763 triples · 13,690,227,015 bytes read
  Partitioned compression: HG005_GRCh38_1_22_v4.2.1_benchmark: rdf-scan heartbeat — 81,808,083 triples · 13,757,335,915 bytes read
  Partitioned compression: HG005_GRCh38_1_22_v4.2.1_benchmark: rdf-scan heartbeat — 82,177,372 triples · 13,824,444,906 bytes read
  Partitioned compression: HG005_GRCh38_1_22_v4.2.1_benchmark: rdf-scan heartbeat — 82,546,659 triples · 13,891,553,902 bytes read
  Partitioned compression: HG005_GRCh38_1_22_v4.2.1_benchmark: rdf-scan chunk — 82,915,858 triples · 26 chunks · 13,958,646,041 bytes read
  Partitioned compression: HG005_GRCh38_1_22_v4.2.1_benchmark: hdt-chunks started — 25 chunks · hdt-build-00025
  Partitioned compression: HG005_GRCh38_1_22_v4.2.1_benchmark: hdt-chunks complete — 26 chunks · hdt-build-00025
  Partitioned compression: HG005_GRCh38_1_22_v4.2.1_benchmark: rdf-scan heartbeat — 82,915,950 triples · 13,958,662,779 bytes read
  Partitioned compression: HG005_GRCh38_1_22_v4.2.1_benchmark: rdf-scan heartbeat — 83,285,272 triples · 14,025,771,799 bytes read
  Partitioned compression: HG005_GRCh38_1_22_v4.2.1_benchmark: rdf-scan heartbeat — 83,654,569 triples · 14,092,880,671 bytes read
  Partitioned compression: HG005_GRCh38_1_22_v4.2.1_benchmark: rdf-scan heartbeat — 84,023,841 triples · 14,159,989,544 bytes read
  Partitioned compression: HG005_GRCh38_1_22_v4.2.1_benchmark: rdf-scan heartbeat — 84,393,129 triples · 14,227,098,477 bytes read
  Partitioned compression: HG005_GRCh38_1_22_v4.2.1_benchmark: rdf-scan heartbeat — 84,762,445 triples · 14,294,207,403 bytes read
  Partitioned compression: HG005_GRCh38_1_22_v4.2.1_benchmark: rdf-scan heartbeat — 85,131,728 triples · 14,361,316,362 bytes read
  Partitioned compression: HG005_GRCh38_1_22_v4.2.1_benchmark: rdf-scan heartbeat — 85,500,980 triples · 14,428,425,330 bytes read
  Partitioned compression: HG005_GRCh38_1_22_v4.2.1_benchmark: rdf-scan chunk — 85,870,132 triples · 27 chunks · 14,495,517,021 bytes read
  Partitioned compression: HG005_GRCh38_1_22_v4.2.1_benchmark: hdt-chunks started — 26 chunks · hdt-build-00026
  Partitioned compression: HG005_GRCh38_1_22_v4.2.1_benchmark: hdt-chunks complete — 27 chunks · hdt-build-00026
  Partitioned compression: HG005_GRCh38_1_22_v4.2.1_benchmark: rdf-scan heartbeat — 85,870,228 triples · 14,495,534,387 bytes read
  Partitioned compression: HG005_GRCh38_1_22_v4.2.1_benchmark: rdf-scan heartbeat — 86,239,531 triples · 14,562,643,403 bytes read
  Partitioned compression: HG005_GRCh38_1_22_v4.2.1_benchmark: rdf-scan heartbeat — 86,608,850 triples · 14,629,752,319 bytes read
  Partitioned compression: HG005_GRCh38_1_22_v4.2.1_benchmark: rdf-scan heartbeat — 86,978,150 triples · 14,696,861,257 bytes read
  Partitioned compression: HG005_GRCh38_1_22_v4.2.1_benchmark: rdf-scan heartbeat — 87,347,432 triples · 14,763,970,133 bytes read
  Partitioned compression: HG005_GRCh38_1_22_v4.2.1_benchmark: rdf-scan heartbeat — 87,716,715 triples · 14,831,079,086 bytes read
  Partitioned compression: HG005_GRCh38_1_22_v4.2.1_benchmark: rdf-scan heartbeat — 88,086,022 triples · 14,898,188,073 bytes read
  Partitioned compression: HG005_GRCh38_1_22_v4.2.1_benchmark: rdf-scan heartbeat — 88,455,290 triples · 14,965,297,038 bytes read
  Partitioned compression: HG005_GRCh38_1_22_v4.2.1_benchmark: rdf-scan chunk — 88,824,469 triples · 28 chunks · 15,032,388,069 bytes read
  Partitioned compression: HG005_GRCh38_1_22_v4.2.1_benchmark: hdt-chunks started — 27 chunks · hdt-build-00027
  Partitioned compression: HG005_GRCh38_1_22_v4.2.1_benchmark: hdt-chunks complete — 28 chunks · hdt-build-00027
  Partitioned compression: HG005_GRCh38_1_22_v4.2.1_benchmark: rdf-scan heartbeat — 88,824,567 triples · 15,032,405,928 bytes read
  Partitioned compression: HG005_GRCh38_1_22_v4.2.1_benchmark: rdf-scan heartbeat — 89,193,852 triples · 15,099,514,906 bytes read
  Partitioned compression: HG005_GRCh38_1_22_v4.2.1_benchmark: rdf-scan heartbeat — 89,563,138 triples · 15,166,623,838 bytes read
  Partitioned compression: HG005_GRCh38_1_22_v4.2.1_benchmark: rdf-scan heartbeat — 89,932,488 triples · 15,233,732,739 bytes read
  Partitioned compression: HG005_GRCh38_1_22_v4.2.1_benchmark: rdf-scan heartbeat — 90,301,801 triples · 15,300,841,631 bytes read
  Partitioned compression: HG005_GRCh38_1_22_v4.2.1_benchmark: rdf-scan heartbeat — 90,671,119 triples · 15,367,950,653 bytes read
  Partitioned compression: HG005_GRCh38_1_22_v4.2.1_benchmark: rdf-scan heartbeat — 91,040,421 triples · 15,435,059,666 bytes read
  Partitioned compression: HG005_GRCh38_1_22_v4.2.1_benchmark: rdf-scan heartbeat — 91,409,695 triples · 15,502,168,586 bytes read
  Partitioned compression: HG005_GRCh38_1_22_v4.2.1_benchmark: rdf-scan chunk — 91,778,870 triples · 29 chunks · 15,569,259,011 bytes read
  Partitioned compression: HG005_GRCh38_1_22_v4.2.1_benchmark: hdt-chunks started — 28 chunks · hdt-build-00028
  Partitioned compression: HG005_GRCh38_1_22_v4.2.1_benchmark: hdt-chunks complete — 29 chunks · hdt-build-00028
  Partitioned compression: HG005_GRCh38_1_22_v4.2.1_benchmark: rdf-scan heartbeat — 91,778,972 triples · 15,569,277,457 bytes read
  Partitioned compression: HG005_GRCh38_1_22_v4.2.1_benchmark: rdf-scan heartbeat — 92,148,231 triples · 15,636,386,487 bytes read
  Partitioned compression: HG005_GRCh38_1_22_v4.2.1_benchmark: rdf-scan heartbeat — 92,517,536 triples · 15,703,495,353 bytes read
  Partitioned compression: HG005_GRCh38_1_22_v4.2.1_benchmark: rdf-scan heartbeat — 92,886,848 triples · 15,770,604,298 bytes read
  Partitioned compression: HG005_GRCh38_1_22_v4.2.1_benchmark: rdf-scan heartbeat — 93,256,103 triples · 15,837,713,272 bytes read
  Partitioned compression: HG005_GRCh38_1_22_v4.2.1_benchmark: rdf-scan heartbeat — 93,625,393 triples · 15,904,822,311 bytes read
  Partitioned compression: HG005_GRCh38_1_22_v4.2.1_benchmark: rdf-scan heartbeat — 93,994,701 triples · 15,971,931,264 bytes read
  Partitioned compression: HG005_GRCh38_1_22_v4.2.1_benchmark: rdf-scan heartbeat — 94,363,991 triples · 16,039,040,146 bytes read
  Partitioned compression: HG005_GRCh38_1_22_v4.2.1_benchmark: rdf-scan chunk — 94,733,149 triples · 30 chunks · 16,106,129,952 bytes read
  Partitioned compression: HG005_GRCh38_1_22_v4.2.1_benchmark: hdt-chunks started — 29 chunks · hdt-build-00029
  Partitioned compression: HG005_GRCh38_1_22_v4.2.1_benchmark: hdt-chunks complete — 30 chunks · hdt-build-00029
  Partitioned compression: HG005_GRCh38_1_22_v4.2.1_benchmark: rdf-scan heartbeat — 94,733,254 triples · 16,106,149,018 bytes read
  Partitioned compression: HG005_GRCh38_1_22_v4.2.1_benchmark: rdf-scan heartbeat — 95,102,506 triples · 16,173,257,904 bytes read
  Partitioned compression: HG005_GRCh38_1_22_v4.2.1_benchmark: rdf-scan heartbeat — 95,471,785 triples · 16,240,366,772 bytes read
  Partitioned compression: HG005_GRCh38_1_22_v4.2.1_benchmark: rdf-scan heartbeat — 95,841,018 triples · 16,307,475,719 bytes read
  Partitioned compression: HG005_GRCh38_1_22_v4.2.1_benchmark: rdf-scan heartbeat — 96,210,332 triples · 16,374,584,700 bytes read
  Partitioned compression: HG005_GRCh38_1_22_v4.2.1_benchmark: rdf-scan heartbeat — 96,579,614 triples · 16,441,693,586 bytes read
  Partitioned compression: HG005_GRCh38_1_22_v4.2.1_benchmark: rdf-scan heartbeat — 96,948,882 triples · 16,508,802,500 bytes read
  Partitioned compression: HG005_GRCh38_1_22_v4.2.1_benchmark: rdf-scan heartbeat — 97,318,188 triples · 16,575,911,476 bytes read
  Partitioned compression: HG005_GRCh38_1_22_v4.2.1_benchmark: rdf-scan chunk — 97,687,372 triples · 31 chunks · 16,643,000,940 bytes read
  Partitioned compression: HG005_GRCh38_1_22_v4.2.1_benchmark: hdt-chunks started — 30 chunks · hdt-build-00030
  Partitioned compression: HG005_GRCh38_1_22_v4.2.1_benchmark: hdt-chunks complete — 31 chunks · hdt-build-00030
  Partitioned compression: HG005_GRCh38_1_22_v4.2.1_benchmark: rdf-scan heartbeat — 97,687,480 triples · 16,643,020,512 bytes read
  Partitioned compression: HG005_GRCh38_1_22_v4.2.1_benchmark: rdf-scan heartbeat — 98,056,787 triples · 16,710,129,485 bytes read
  Partitioned compression: HG005_GRCh38_1_22_v4.2.1_benchmark: rdf-scan heartbeat — 98,426,077 triples · 16,777,238,391 bytes read
  Partitioned compression: HG005_GRCh38_1_22_v4.2.1_benchmark: rdf-scan heartbeat — 98,795,395 triples · 16,844,347,336 bytes read
  Partitioned compression: HG005_GRCh38_1_22_v4.2.1_benchmark: rdf-scan heartbeat — 99,164,717 triples · 16,911,456,282 bytes read
  Partitioned compression: HG005_GRCh38_1_22_v4.2.1_benchmark: rdf-scan heartbeat — 99,534,024 triples · 16,978,565,199 bytes read
  Partitioned compression: HG005_GRCh38_1_22_v4.2.1_benchmark: rdf-scan heartbeat — 99,903,400 triples · 17,045,674,268 bytes read
  Partitioned compression: HG005_GRCh38_1_22_v4.2.1_benchmark: rdf-scan heartbeat — 100,272,739 triples · 17,112,783,134 bytes read
  Partitioned compression: HG005_GRCh38_1_22_v4.2.1_benchmark: rdf-scan chunk — 100,642,026 triples · 32 chunks · 17,179,871,997 bytes read
  Partitioned compression: HG005_GRCh38_1_22_v4.2.1_benchmark: hdt-chunks started — 31 chunks · hdt-build-00031
  Partitioned compression: HG005_GRCh38_1_22_v4.2.1_benchmark: hdt-chunks complete — 32 chunks · hdt-build-00031
  Partitioned compression: HG005_GRCh38_1_22_v4.2.1_benchmark: rdf-scan heartbeat — 100,642,137 triples · 17,179,892,138 bytes read
  Partitioned compression: HG005_GRCh38_1_22_v4.2.1_benchmark: rdf-scan heartbeat — 101,011,441 triples · 17,247,001,109 bytes read
  Partitioned compression: HG005_GRCh38_1_22_v4.2.1_benchmark: rdf-scan heartbeat — 101,380,749 triples · 17,314,110,145 bytes read
  Partitioned compression: HG005_GRCh38_1_22_v4.2.1_benchmark: rdf-scan heartbeat — 101,750,029 triples · 17,381,219,093 bytes read
  Partitioned compression: HG005_GRCh38_1_22_v4.2.1_benchmark: rdf-scan heartbeat — 102,119,330 triples · 17,448,327,996 bytes read
  Partitioned compression: HG005_GRCh38_1_22_v4.2.1_benchmark: rdf-scan heartbeat — 102,488,633 triples · 17,515,436,973 bytes read
  Partitioned compression: HG005_GRCh38_1_22_v4.2.1_benchmark: rdf-scan heartbeat — 102,857,947 triples · 17,582,545,977 bytes read
  Partitioned compression: HG005_GRCh38_1_22_v4.2.1_benchmark: rdf-scan heartbeat — 103,227,232 triples · 17,649,654,989 bytes read
  Partitioned compression: HG005_GRCh38_1_22_v4.2.1_benchmark: rdf-scan chunk — 103,596,410 triples · 33 chunks · 17,716,742,919 bytes read
  Partitioned compression: HG005_GRCh38_1_22_v4.2.1_benchmark: hdt-chunks started — 32 chunks · hdt-build-00032
  Partitioned compression: HG005_GRCh38_1_22_v4.2.1_benchmark: hdt-chunks complete — 33 chunks · hdt-build-00032
  Partitioned compression: HG005_GRCh38_1_22_v4.2.1_benchmark: rdf-scan heartbeat — 103,596,526 triples · 17,716,763,938 bytes read
  Partitioned compression: HG005_GRCh38_1_22_v4.2.1_benchmark: rdf-scan heartbeat — 103,965,831 triples · 17,783,872,895 bytes read
  Partitioned compression: HG005_GRCh38_1_22_v4.2.1_benchmark: rdf-scan heartbeat — 104,335,115 triples · 17,850,981,935 bytes read
  Partitioned compression: HG005_GRCh38_1_22_v4.2.1_benchmark: rdf-scan heartbeat — 104,704,409 triples · 17,918,090,865 bytes read
  Partitioned compression: HG005_GRCh38_1_22_v4.2.1_benchmark: rdf-scan heartbeat — 105,073,696 triples · 17,985,199,788 bytes read
  Partitioned compression: HG005_GRCh38_1_22_v4.2.1_benchmark: rdf-scan heartbeat — 105,442,978 triples · 18,052,308,770 bytes read
  Partitioned compression: HG005_GRCh38_1_22_v4.2.1_benchmark: rdf-scan heartbeat — 105,812,156 triples · 18,119,417,786 bytes read
  Partitioned compression: HG005_GRCh38_1_22_v4.2.1_benchmark: rdf-scan heartbeat — 106,178,845 triples · 18,186,526,723 bytes read
  Partitioned compression: HG005_GRCh38_1_22_v4.2.1_benchmark: rdf-scan chunk — 106,545,441 triples · 34 chunks · 18,253,613,834 bytes read
  Partitioned compression: HG005_GRCh38_1_22_v4.2.1_benchmark: hdt-chunks started — 33 chunks · hdt-build-00033
  Partitioned compression: HG005_GRCh38_1_22_v4.2.1_benchmark: hdt-chunks complete — 34 chunks · hdt-build-00033
  Partitioned compression: HG005_GRCh38_1_22_v4.2.1_benchmark: rdf-scan heartbeat — 106,545,560 triples · 18,253,635,681 bytes read
  Partitioned compression: HG005_GRCh38_1_22_v4.2.1_benchmark: rdf-scan heartbeat — 106,912,282 triples · 18,320,744,680 bytes read
  Partitioned compression: HG005_GRCh38_1_22_v4.2.1_benchmark: rdf-scan heartbeat — 107,278,976 triples · 18,387,853,611 bytes read
  Partitioned compression: HG005_GRCh38_1_22_v4.2.1_benchmark: rdf-scan heartbeat — 107,645,710 triples · 18,454,962,575 bytes read
  Partitioned compression: HG005_GRCh38_1_22_v4.2.1_benchmark: rdf-scan heartbeat — 108,012,385 triples · 18,522,071,551 bytes read
  Partitioned compression: HG005_GRCh38_1_22_v4.2.1_benchmark: rdf-scan heartbeat — 108,379,095 triples · 18,589,180,531 bytes read
  Partitioned compression: HG005_GRCh38_1_22_v4.2.1_benchmark: rdf-scan heartbeat — 108,745,781 triples · 18,656,289,531 bytes read
  Partitioned compression: HG005_GRCh38_1_22_v4.2.1_benchmark: rdf-scan heartbeat — 109,112,459 triples · 18,723,398,555 bytes read
  Partitioned compression: HG005_GRCh38_1_22_v4.2.1_benchmark: rdf-scan chunk — 109,479,014 triples · 35 chunks · 18,790,484,769 bytes read
  Partitioned compression: HG005_GRCh38_1_22_v4.2.1_benchmark: hdt-chunks started — 34 chunks · hdt-build-00034
  Partitioned compression: HG005_GRCh38_1_22_v4.2.1_benchmark: hdt-chunks complete — 35 chunks · hdt-build-00034
  Partitioned compression: HG005_GRCh38_1_22_v4.2.1_benchmark: rdf-scan heartbeat — 109,479,139 triples · 18,790,507,555 bytes read
  Partitioned compression: HG005_GRCh38_1_22_v4.2.1_benchmark: rdf-scan heartbeat — 109,845,825 triples · 18,857,616,530 bytes read
  Partitioned compression: HG005_GRCh38_1_22_v4.2.1_benchmark: rdf-scan heartbeat — 110,212,509 triples · 18,924,725,526 bytes read
  Partitioned compression: HG005_GRCh38_1_22_v4.2.1_benchmark: rdf-scan heartbeat — 110,579,214 triples · 18,991,834,564 bytes read
  Partitioned compression: HG005_GRCh38_1_22_v4.2.1_benchmark: rdf-scan heartbeat — 110,945,891 triples · 19,058,943,568 bytes read
  Partitioned compression: HG005_GRCh38_1_22_v4.2.1_benchmark: rdf-scan heartbeat — 111,312,566 triples · 19,126,052,447 bytes read
  Partitioned compression: HG005_GRCh38_1_22_v4.2.1_benchmark: rdf-scan heartbeat — 111,679,236 triples · 19,193,161,420 bytes read
  Partitioned compression: HG005_GRCh38_1_22_v4.2.1_benchmark: rdf-scan heartbeat — 112,045,902 triples · 19,260,270,411 bytes read
  Partitioned compression: HG005_GRCh38_1_22_v4.2.1_benchmark: rdf-scan chunk — 112,412,472 triples · 36 chunks · 19,327,355,812 bytes read
  Partitioned compression: HG005_GRCh38_1_22_v4.2.1_benchmark: hdt-chunks started — 35 chunks · hdt-build-00035
  Partitioned compression: HG005_GRCh38_1_22_v4.2.1_benchmark: hdt-chunks complete — 36 chunks · hdt-build-00035
  Partitioned compression: HG005_GRCh38_1_22_v4.2.1_benchmark: rdf-scan heartbeat — 112,412,601 triples · 19,327,379,354 bytes read
  Partitioned compression: HG005_GRCh38_1_22_v4.2.1_benchmark: rdf-scan heartbeat — 112,779,288 triples · 19,394,488,336 bytes read
  Partitioned compression: HG005_GRCh38_1_22_v4.2.1_benchmark: rdf-scan heartbeat — 113,145,956 triples · 19,461,597,370 bytes read
  Partitioned compression: HG005_GRCh38_1_22_v4.2.1_benchmark: rdf-scan heartbeat — 113,512,613 triples · 19,528,706,243 bytes read
  Partitioned compression: HG005_GRCh38_1_22_v4.2.1_benchmark: rdf-scan heartbeat — 113,879,299 triples · 19,595,815,153 bytes read
  Partitioned compression: HG005_GRCh38_1_22_v4.2.1_benchmark: rdf-scan heartbeat — 114,246,007 triples · 19,662,924,182 bytes read
  Partitioned compression: HG005_GRCh38_1_22_v4.2.1_benchmark: rdf-scan heartbeat — 114,612,683 triples · 19,730,033,093 bytes read
  Partitioned compression: HG005_GRCh38_1_22_v4.2.1_benchmark: rdf-scan heartbeat — 114,979,378 triples · 19,797,142,120 bytes read
  Partitioned compression: HG005_GRCh38_1_22_v4.2.1_benchmark: rdf-scan chunk — 115,345,949 triples · 37 chunks · 19,864,226,897 bytes read
  Partitioned compression: HG005_GRCh38_1_22_v4.2.1_benchmark: hdt-chunks started — 36 chunks · hdt-build-00036
  Partitioned compression: HG005_GRCh38_1_22_v4.2.1_benchmark: hdt-chunks complete — 37 chunks · hdt-build-00036
  Partitioned compression: HG005_GRCh38_1_22_v4.2.1_benchmark: rdf-scan heartbeat — 115,346,081 triples · 19,864,251,079 bytes read
  Partitioned compression: HG005_GRCh38_1_22_v4.2.1_benchmark: rdf-scan heartbeat — 115,712,697 triples · 19,931,360,002 bytes read
  Partitioned compression: HG005_GRCh38_1_22_v4.2.1_benchmark: rdf-scan heartbeat — 116,079,364 triples · 19,998,469,014 bytes read
  Partitioned compression: HG005_GRCh38_1_22_v4.2.1_benchmark: rdf-scan heartbeat — 116,446,101 triples · 20,065,578,038 bytes read
  Partitioned compression: HG005_GRCh38_1_22_v4.2.1_benchmark: rdf-scan heartbeat — 116,812,763 triples · 20,132,687,048 bytes read
  Partitioned compression: HG005_GRCh38_1_22_v4.2.1_benchmark: rdf-scan heartbeat — 117,179,430 triples · 20,199,795,950 bytes read
  Partitioned compression: HG005_GRCh38_1_22_v4.2.1_benchmark: rdf-scan heartbeat — 117,546,115 triples · 20,266,904,982 bytes read
  Partitioned compression: HG005_GRCh38_1_22_v4.2.1_benchmark: rdf-scan heartbeat — 117,912,814 triples · 20,334,014,020 bytes read
  Partitioned compression: HG005_GRCh38_1_22_v4.2.1_benchmark: rdf-scan chunk — 118,279,365 triples · 38 chunks · 20,401,097,975 bytes read
  Partitioned compression: HG005_GRCh38_1_22_v4.2.1_benchmark: hdt-chunks started — 37 chunks · hdt-build-00037
  Partitioned compression: HG005_GRCh38_1_22_v4.2.1_benchmark: hdt-chunks complete — 38 chunks · hdt-build-00037
  Partitioned compression: HG005_GRCh38_1_22_v4.2.1_benchmark: rdf-scan heartbeat — 118,279,501 triples · 20,401,122,901 bytes read
  Partitioned compression: HG005_GRCh38_1_22_v4.2.1_benchmark: rdf-scan heartbeat — 118,646,196 triples · 20,468,231,782 bytes read
  Partitioned compression: HG005_GRCh38_1_22_v4.2.1_benchmark: rdf-scan heartbeat — 119,012,883 triples · 20,535,340,682 bytes read
  Partitioned compression: HG005_GRCh38_1_22_v4.2.1_benchmark: rdf-scan heartbeat — 119,379,579 triples · 20,602,449,638 bytes read
  Partitioned compression: HG005_GRCh38_1_22_v4.2.1_benchmark: rdf-scan heartbeat — 119,746,288 triples · 20,669,558,512 bytes read
  Partitioned compression: HG005_GRCh38_1_22_v4.2.1_benchmark: rdf-scan heartbeat — 120,113,001 triples · 20,736,667,507 bytes read
  Partitioned compression: HG005_GRCh38_1_22_v4.2.1_benchmark: rdf-scan heartbeat — 120,479,784 triples · 20,803,776,381 bytes read
  Partitioned compression: HG005_GRCh38_1_22_v4.2.1_benchmark: rdf-scan heartbeat — 120,846,527 triples · 20,870,885,382 bytes read
  Partitioned compression: HG005_GRCh38_1_22_v4.2.1_benchmark: rdf-scan chunk — 121,213,106 triples · 39 chunks · 20,937,968,939 bytes read
  Partitioned compression: HG005_GRCh38_1_22_v4.2.1_benchmark: hdt-chunks started — 38 chunks · hdt-build-00038
  Partitioned compression: HG005_GRCh38_1_22_v4.2.1_benchmark: hdt-chunks complete — 39 chunks · hdt-build-00038
  Partitioned compression: HG005_GRCh38_1_22_v4.2.1_benchmark: rdf-scan heartbeat — 121,213,245 triples · 20,937,994,330 bytes read
  Partitioned compression: HG005_GRCh38_1_22_v4.2.1_benchmark: rdf-scan heartbeat — 121,579,938 triples · 21,005,103,263 bytes read
  Partitioned compression: HG005_GRCh38_1_22_v4.2.1_benchmark: rdf-scan heartbeat — 121,946,613 triples · 21,072,212,237 bytes read
  Partitioned compression: HG005_GRCh38_1_22_v4.2.1_benchmark: rdf-scan heartbeat — 122,313,281 triples · 21,139,321,115 bytes read
  Partitioned compression: HG005_GRCh38_1_22_v4.2.1_benchmark: rdf-scan heartbeat — 122,679,986 triples · 21,206,429,987 bytes read
  Partitioned compression: HG005_GRCh38_1_22_v4.2.1_benchmark: rdf-scan heartbeat — 123,046,685 triples · 21,273,538,975 bytes read
  Partitioned compression: HG005_GRCh38_1_22_v4.2.1_benchmark: rdf-scan heartbeat — 123,413,369 triples · 21,340,647,997 bytes read
  Partitioned compression: HG005_GRCh38_1_22_v4.2.1_benchmark: rdf-scan heartbeat — 123,780,057 triples · 21,407,756,980 bytes read
  Partitioned compression: HG005_GRCh38_1_22_v4.2.1_benchmark: rdf-scan chunk — 124,146,626 triples · 40 chunks · 21,474,839,866 bytes read
  Partitioned compression: HG005_GRCh38_1_22_v4.2.1_benchmark: hdt-chunks started — 39 chunks · hdt-build-00039
  Partitioned compression: HG005_GRCh38_1_22_v4.2.1_benchmark: hdt-chunks complete — 40 chunks · hdt-build-00039
  Partitioned compression: HG005_GRCh38_1_22_v4.2.1_benchmark: rdf-scan heartbeat — 124,146,768 triples · 21,474,865,858 bytes read
  Partitioned compression: HG005_GRCh38_1_22_v4.2.1_benchmark: rdf-scan heartbeat — 124,513,446 triples · 21,541,974,775 bytes read
  Partitioned compression: HG005_GRCh38_1_22_v4.2.1_benchmark: rdf-scan heartbeat — 124,880,134 triples · 21,609,083,680 bytes read
  Partitioned compression: HG005_GRCh38_1_22_v4.2.1_benchmark: rdf-scan heartbeat — 125,246,794 triples · 21,676,192,581 bytes read
  Partitioned compression: HG005_GRCh38_1_22_v4.2.1_benchmark: rdf-scan heartbeat — 125,613,471 triples · 21,743,301,552 bytes read
  Partitioned compression: HG005_GRCh38_1_22_v4.2.1_benchmark: rdf-scan heartbeat — 125,980,154 triples · 21,810,410,478 bytes read
  Partitioned compression: HG005_GRCh38_1_22_v4.2.1_benchmark: rdf-scan heartbeat — 126,346,823 triples · 21,877,519,413 bytes read
  Partitioned compression: HG005_GRCh38_1_22_v4.2.1_benchmark: rdf-scan heartbeat — 126,713,497 triples · 21,944,628,280 bytes read
  Partitioned compression: HG005_GRCh38_1_22_v4.2.1_benchmark: rdf-scan chunk — 127,080,006 triples · 41 chunks · 22,011,710,894 bytes read
  Partitioned compression: HG005_GRCh38_1_22_v4.2.1_benchmark: hdt-chunks started — 40 chunks · hdt-build-00040
  Partitioned compression: HG005_GRCh38_1_22_v4.2.1_benchmark: hdt-chunks complete — 41 chunks · hdt-build-00040
  Partitioned compression: HG005_GRCh38_1_22_v4.2.1_benchmark: rdf-scan heartbeat — 127,080,150 triples · 22,011,737,217 bytes read
  Partitioned compression: HG005_GRCh38_1_22_v4.2.1_benchmark: rdf-scan heartbeat — 127,446,810 triples · 22,078,846,193 bytes read
  Partitioned compression: HG005_GRCh38_1_22_v4.2.1_benchmark: rdf-scan heartbeat — 127,813,493 triples · 22,145,955,199 bytes read
  Partitioned compression: HG005_GRCh38_1_22_v4.2.1_benchmark: rdf-scan heartbeat — 128,180,140 triples · 22,213,064,068 bytes read
  Partitioned compression: HG005_GRCh38_1_22_v4.2.1_benchmark: rdf-scan heartbeat — 128,546,827 triples · 22,280,173,030 bytes read
  Partitioned compression: HG005_GRCh38_1_22_v4.2.1_benchmark: rdf-scan heartbeat — 128,913,485 triples · 22,347,281,992 bytes read
  Partitioned compression: HG005_GRCh38_1_22_v4.2.1_benchmark: rdf-scan heartbeat — 129,280,107 triples · 22,414,390,926 bytes read
  Partitioned compression: HG005_GRCh38_1_22_v4.2.1_benchmark: rdf-scan heartbeat — 129,646,781 triples · 22,481,499,800 bytes read
  Partitioned compression: HG005_GRCh38_1_22_v4.2.1_benchmark: rdf-scan chunk — 130,013,302 triples · 42 chunks · 22,548,581,979 bytes read
  Partitioned compression: HG005_GRCh38_1_22_v4.2.1_benchmark: hdt-chunks started — 41 chunks · hdt-build-00041
  Partitioned compression: HG005_GRCh38_1_22_v4.2.1_benchmark: hdt-chunks complete — 42 chunks · hdt-build-00041
  Partitioned compression: HG005_GRCh38_1_22_v4.2.1_benchmark: rdf-scan heartbeat — 130,013,448 triples · 22,548,608,738 bytes read
  Partitioned compression: HG005_GRCh38_1_22_v4.2.1_benchmark: rdf-scan heartbeat — 130,380,082 triples · 22,615,717,746 bytes read
  Partitioned compression: HG005_GRCh38_1_22_v4.2.1_benchmark: rdf-scan heartbeat — 130,746,749 triples · 22,682,826,679 bytes read
  Partitioned compression: HG005_GRCh38_1_22_v4.2.1_benchmark: rdf-scan heartbeat — 131,113,410 triples · 22,749,935,603 bytes read
  Partitioned compression: HG005_GRCh38_1_22_v4.2.1_benchmark: rdf-scan heartbeat — 131,480,096 triples · 22,817,044,640 bytes read
  Partitioned compression: HG005_GRCh38_1_22_v4.2.1_benchmark: rdf-scan heartbeat — 131,846,770 triples · 22,884,153,508 bytes read
  Partitioned compression: HG005_GRCh38_1_22_v4.2.1_benchmark: rdf-scan heartbeat — 132,213,472 triples · 22,951,262,497 bytes read
  Partitioned compression: HG005_GRCh38_1_22_v4.2.1_benchmark: rdf-scan heartbeat — 132,580,108 triples · 23,018,371,443 bytes read
  Partitioned compression: HG005_GRCh38_1_22_v4.2.1_benchmark: rdf-scan chunk — 132,946,593 triples · 43 chunks · 23,085,452,959 bytes read
  Partitioned compression: HG005_GRCh38_1_22_v4.2.1_benchmark: hdt-chunks started — 42 chunks · hdt-build-00042
  Partitioned compression: HG005_GRCh38_1_22_v4.2.1_benchmark: hdt-chunks complete — 43 chunks · hdt-build-00042
  Partitioned compression: HG005_GRCh38_1_22_v4.2.1_benchmark: rdf-scan heartbeat — 132,946,743 triples · 23,085,480,452 bytes read
  Partitioned compression: HG005_GRCh38_1_22_v4.2.1_benchmark: rdf-scan heartbeat — 133,313,409 triples · 23,152,589,400 bytes read
  Partitioned compression: HG005_GRCh38_1_22_v4.2.1_benchmark: rdf-scan heartbeat — 133,680,060 triples · 23,219,698,369 bytes read
  Partitioned compression: HG005_GRCh38_1_22_v4.2.1_benchmark: rdf-scan heartbeat — 134,046,715 triples · 23,286,807,258 bytes read
  Partitioned compression: HG005_GRCh38_1_22_v4.2.1_benchmark: rdf-scan heartbeat — 134,413,393 triples · 23,353,916,241 bytes read
  Partitioned compression: HG005_GRCh38_1_22_v4.2.1_benchmark: rdf-scan heartbeat — 134,780,058 triples · 23,421,025,195 bytes read
  Partitioned compression: HG005_GRCh38_1_22_v4.2.1_benchmark: rdf-scan heartbeat — 135,146,691 triples · 23,488,134,107 bytes read
  Partitioned compression: HG005_GRCh38_1_22_v4.2.1_benchmark: rdf-scan heartbeat — 135,513,380 triples · 23,555,243,043 bytes read
  Partitioned compression: HG005_GRCh38_1_22_v4.2.1_benchmark: rdf-scan chunk — 135,879,930 triples · 44 chunks · 23,622,323,950 bytes read
  Partitioned compression: HG005_GRCh38_1_22_v4.2.1_benchmark: hdt-chunks started — 43 chunks · hdt-build-00043
  Partitioned compression: HG005_GRCh38_1_22_v4.2.1_benchmark: hdt-chunks complete — 44 chunks · hdt-build-00043
  Partitioned compression: HG005_GRCh38_1_22_v4.2.1_benchmark: rdf-scan heartbeat — 135,880,083 triples · 23,622,351,984 bytes read
  Partitioned compression: HG005_GRCh38_1_22_v4.2.1_benchmark: rdf-scan heartbeat — 136,246,753 triples · 23,689,460,980 bytes read
  Partitioned compression: HG005_GRCh38_1_22_v4.2.1_benchmark: rdf-scan heartbeat — 136,613,430 triples · 23,756,569,885 bytes read
  Partitioned compression: HG005_GRCh38_1_22_v4.2.1_benchmark: rdf-scan heartbeat — 136,980,141 triples · 23,823,678,827 bytes read
  Partitioned compression: HG005_GRCh38_1_22_v4.2.1_benchmark: rdf-scan heartbeat — 137,346,861 triples · 23,890,787,869 bytes read
  Partitioned compression: HG005_GRCh38_1_22_v4.2.1_benchmark: rdf-scan heartbeat — 137,713,569 triples · 23,957,896,773 bytes read
  Partitioned compression: HG005_GRCh38_1_22_v4.2.1_benchmark: rdf-scan heartbeat — 138,080,276 triples · 24,025,005,775 bytes read
  Partitioned compression: HG005_GRCh38_1_22_v4.2.1_benchmark: rdf-scan heartbeat — 138,446,988 triples · 24,092,114,757 bytes read
  Partitioned compression: HG005_GRCh38_1_22_v4.2.1_benchmark: rdf-scan chunk — 138,813,504 triples · 45 chunks · 24,159,194,957 bytes read
  Partitioned compression: HG005_GRCh38_1_22_v4.2.1_benchmark: hdt-chunks started — 44 chunks · hdt-build-00044
  Partitioned compression: HG005_GRCh38_1_22_v4.2.1_benchmark: hdt-chunks complete — 45 chunks · hdt-build-00044
  Partitioned compression: HG005_GRCh38_1_22_v4.2.1_benchmark: rdf-scan heartbeat — 138,813,661 triples · 24,159,223,739 bytes read
  Partitioned compression: HG005_GRCh38_1_22_v4.2.1_benchmark: rdf-scan heartbeat — 139,180,338 triples · 24,226,332,604 bytes read
  Partitioned compression: HG005_GRCh38_1_22_v4.2.1_benchmark: rdf-scan heartbeat — 139,547,005 triples · 24,293,441,552 bytes read
  Partitioned compression: HG005_GRCh38_1_22_v4.2.1_benchmark: rdf-scan heartbeat — 139,913,695 triples · 24,360,550,566 bytes read
  Partitioned compression: HG005_GRCh38_1_22_v4.2.1_benchmark: rdf-scan heartbeat — 140,280,393 triples · 24,427,659,452 bytes read
  Partitioned compression: HG005_GRCh38_1_22_v4.2.1_benchmark: rdf-scan heartbeat — 140,647,273 triples · 24,494,768,361 bytes read
  Partitioned compression: HG005_GRCh38_1_22_v4.2.1_benchmark: rdf-scan heartbeat — 141,014,773 triples · 24,561,877,377 bytes read
  Partitioned compression: HG005_GRCh38_1_22_v4.2.1_benchmark: rdf-scan heartbeat — 141,382,253 triples · 24,628,986,341 bytes read
  Partitioned compression: HG005_GRCh38_1_22_v4.2.1_benchmark: rdf-scan chunk — 141,749,459 triples · 46 chunks · 24,696,065,916 bytes read
  Partitioned compression: HG005_GRCh38_1_22_v4.2.1_benchmark: hdt-chunks started — 45 chunks · hdt-build-00045
  Partitioned compression: HG005_GRCh38_1_22_v4.2.1_benchmark: hdt-chunks complete — 46 chunks · hdt-build-00045
  Partitioned compression: HG005_GRCh38_1_22_v4.2.1_benchmark: rdf-scan heartbeat — 141,749,620 triples · 24,696,095,386 bytes read
  Partitioned compression: HG005_GRCh38_1_22_v4.2.1_benchmark: rdf-scan heartbeat — 142,116,292 triples · 24,763,204,386 bytes read
  Partitioned compression: HG005_GRCh38_1_22_v4.2.1_benchmark: rdf-scan heartbeat — 142,482,945 triples · 24,830,313,263 bytes read
  Partitioned compression: HG005_GRCh38_1_22_v4.2.1_benchmark: rdf-scan heartbeat — 142,849,614 triples · 24,897,422,254 bytes read
  Partitioned compression: HG005_GRCh38_1_22_v4.2.1_benchmark: rdf-scan heartbeat — 143,216,255 triples · 24,964,531,277 bytes read
  Partitioned compression: HG005_GRCh38_1_22_v4.2.1_benchmark: rdf-scan heartbeat — 143,582,935 triples · 25,031,640,319 bytes read
  Partitioned compression: HG005_GRCh38_1_22_v4.2.1_benchmark: rdf-scan heartbeat — 143,949,624 triples · 25,098,749,279 bytes read
  Partitioned compression: HG005_GRCh38_1_22_v4.2.1_benchmark: rdf-scan heartbeat — 144,316,314 triples · 25,165,858,282 bytes read
  Partitioned compression: HG005_GRCh38_1_22_v4.2.1_benchmark: rdf-scan chunk — 144,682,833 triples · 47 chunks · 25,232,936,966 bytes read
  Partitioned compression: HG005_GRCh38_1_22_v4.2.1_benchmark: hdt-chunks started — 46 chunks · hdt-build-00046
  Partitioned compression: HG005_GRCh38_1_22_v4.2.1_benchmark: hdt-chunks complete — 47 chunks · hdt-build-00046
  Partitioned compression: HG005_GRCh38_1_22_v4.2.1_benchmark: rdf-scan heartbeat — 144,682,998 triples · 25,232,967,146 bytes read
  Partitioned compression: HG005_GRCh38_1_22_v4.2.1_benchmark: rdf-scan heartbeat — 145,049,702 triples · 25,300,076,101 bytes read
  Partitioned compression: HG005_GRCh38_1_22_v4.2.1_benchmark: rdf-scan heartbeat — 145,416,400 triples · 25,367,185,041 bytes read
  Partitioned compression: HG005_GRCh38_1_22_v4.2.1_benchmark: rdf-scan heartbeat — 145,783,087 triples · 25,434,294,025 bytes read
  Partitioned compression: HG005_GRCh38_1_22_v4.2.1_benchmark: rdf-scan heartbeat — 146,149,755 triples · 25,501,402,967 bytes read
  Partitioned compression: HG005_GRCh38_1_22_v4.2.1_benchmark: rdf-scan heartbeat — 146,516,420 triples · 25,568,511,845 bytes read
  Partitioned compression: HG005_GRCh38_1_22_v4.2.1_benchmark: rdf-scan heartbeat — 146,883,093 triples · 25,635,620,851 bytes read
  Partitioned compression: HG005_GRCh38_1_22_v4.2.1_benchmark: rdf-scan heartbeat — 147,249,764 triples · 25,702,729,830 bytes read
  Partitioned compression: HG005_GRCh38_1_22_v4.2.1_benchmark: rdf-scan chunk — 147,616,247 triples · 48 chunks · 25,769,808,060 bytes read
  Partitioned compression: HG005_GRCh38_1_22_v4.2.1_benchmark: hdt-chunks started — 47 chunks · hdt-build-00047
  Partitioned compression: HG005_GRCh38_1_22_v4.2.1_benchmark: hdt-chunks complete — 48 chunks · hdt-build-00047
  Partitioned compression: HG005_GRCh38_1_22_v4.2.1_benchmark: rdf-scan heartbeat — 147,616,415 triples · 25,769,838,764 bytes read
  Partitioned compression: HG005_GRCh38_1_22_v4.2.1_benchmark: rdf-scan heartbeat — 147,983,083 triples · 25,836,947,708 bytes read
  Partitioned compression: HG005_GRCh38_1_22_v4.2.1_benchmark: rdf-scan heartbeat — 148,349,741 triples · 25,904,056,699 bytes read
  Partitioned compression: HG005_GRCh38_1_22_v4.2.1_benchmark: rdf-scan heartbeat — 148,716,405 triples · 25,971,165,645 bytes read
  Partitioned compression: HG005_GRCh38_1_22_v4.2.1_benchmark: rdf-scan heartbeat — 149,083,086 triples · 26,038,274,656 bytes read
  Partitioned compression: HG005_GRCh38_1_22_v4.2.1_benchmark: rdf-scan heartbeat — 149,449,757 triples · 26,105,383,614 bytes read
  Partitioned compression: HG005_GRCh38_1_22_v4.2.1_benchmark: rdf-scan heartbeat — 149,816,417 triples · 26,172,492,652 bytes read
  Partitioned compression: HG005_GRCh38_1_22_v4.2.1_benchmark: rdf-scan heartbeat — 150,183,075 triples · 26,239,601,622 bytes read
  Partitioned compression: HG005_GRCh38_1_22_v4.2.1_benchmark: rdf-scan chunk — 150,549,569 triples · 49 chunks · 26,306,679,002 bytes read
  Partitioned compression: HG005_GRCh38_1_22_v4.2.1_benchmark: hdt-chunks started — 48 chunks · hdt-build-00048
  Partitioned compression: HG005_GRCh38_1_22_v4.2.1_benchmark: hdt-chunks complete — 49 chunks · hdt-build-00048
  Partitioned compression: HG005_GRCh38_1_22_v4.2.1_benchmark: rdf-scan heartbeat — 150,549,741 triples · 26,306,710,598 bytes read
  Partitioned compression: HG005_GRCh38_1_22_v4.2.1_benchmark: rdf-scan heartbeat — 150,916,435 triples · 26,373,819,540 bytes read
  Partitioned compression: HG005_GRCh38_1_22_v4.2.1_benchmark: rdf-scan heartbeat — 151,283,130 triples · 26,440,928,530 bytes read
  Partitioned compression: HG005_GRCh38_1_22_v4.2.1_benchmark: rdf-scan heartbeat — 151,649,825 triples · 26,508,037,472 bytes read
  Partitioned compression: HG005_GRCh38_1_22_v4.2.1_benchmark: rdf-scan heartbeat — 152,016,460 triples · 26,575,146,470 bytes read
  Partitioned compression: HG005_GRCh38_1_22_v4.2.1_benchmark: rdf-scan heartbeat — 152,383,097 triples · 26,642,255,382 bytes read
  Partitioned compression: HG005_GRCh38_1_22_v4.2.1_benchmark: rdf-scan heartbeat — 152,749,748 triples · 26,709,364,395 bytes read
  Partitioned compression: HG005_GRCh38_1_22_v4.2.1_benchmark: rdf-scan heartbeat — 153,116,419 triples · 26,776,473,303 bytes read
  Partitioned compression: HG005_GRCh38_1_22_v4.2.1_benchmark: rdf-scan chunk — 153,482,909 triples · 50 chunks · 26,843,550,009 bytes read
  Partitioned compression: HG005_GRCh38_1_22_v4.2.1_benchmark: hdt-chunks started — 49 chunks · hdt-build-00049
  Partitioned compression: HG005_GRCh38_1_22_v4.2.1_benchmark: hdt-chunks complete — 50 chunks · hdt-build-00049
  Partitioned compression: HG005_GRCh38_1_22_v4.2.1_benchmark: rdf-scan heartbeat — 153,483,086 triples · 26,843,582,330 bytes read
  Partitioned compression: HG005_GRCh38_1_22_v4.2.1_benchmark: rdf-scan heartbeat — 153,849,749 triples · 26,910,691,366 bytes read
  Partitioned compression: HG005_GRCh38_1_22_v4.2.1_benchmark: rdf-scan heartbeat — 154,216,434 triples · 26,977,800,235 bytes read
  Partitioned compression: HG005_GRCh38_1_22_v4.2.1_benchmark: rdf-scan heartbeat — 154,583,147 triples · 27,044,909,294 bytes read
  Partitioned compression: HG005_GRCh38_1_22_v4.2.1_benchmark: rdf-scan heartbeat — 154,949,852 triples · 27,112,018,250 bytes read
  Partitioned compression: HG005_GRCh38_1_22_v4.2.1_benchmark: rdf-scan heartbeat — 155,316,588 triples · 27,179,127,209 bytes read
  Partitioned compression: HG005_GRCh38_1_22_v4.2.1_benchmark: rdf-scan heartbeat — 155,683,291 triples · 27,246,236,215 bytes read
  Partitioned compression: HG005_GRCh38_1_22_v4.2.1_benchmark: rdf-scan heartbeat — 156,049,998 triples · 27,313,345,213 bytes read
  Partitioned compression: HG005_GRCh38_1_22_v4.2.1_benchmark: rdf-scan chunk — 156,416,578 triples · 51 chunks · 27,380,421,069 bytes read
  Partitioned compression: HG005_GRCh38_1_22_v4.2.1_benchmark: hdt-chunks started — 50 chunks · hdt-build-00050
  Partitioned compression: HG005_GRCh38_1_22_v4.2.1_benchmark: hdt-chunks complete — 51 chunks · hdt-build-00050
  Partitioned compression: HG005_GRCh38_1_22_v4.2.1_benchmark: rdf-scan heartbeat — 156,416,759 triples · 27,380,454,102 bytes read
  Partitioned compression: HG005_GRCh38_1_22_v4.2.1_benchmark: rdf-scan heartbeat — 156,783,454 triples · 27,447,563,162 bytes read
  Partitioned compression: HG005_GRCh38_1_22_v4.2.1_benchmark: rdf-scan heartbeat — 157,150,154 triples · 27,514,672,208 bytes read
  Partitioned compression: HG005_GRCh38_1_22_v4.2.1_benchmark: rdf-scan heartbeat — 157,516,838 triples · 27,581,781,132 bytes read
  Partitioned compression: HG005_GRCh38_1_22_v4.2.1_benchmark: rdf-scan heartbeat — 157,883,501 triples · 27,648,890,072 bytes read
  Partitioned compression: HG005_GRCh38_1_22_v4.2.1_benchmark: rdf-scan heartbeat — 158,250,183 triples · 27,715,998,956 bytes read
  Partitioned compression: HG005_GRCh38_1_22_v4.2.1_benchmark: rdf-scan heartbeat — 158,616,865 triples · 27,783,107,901 bytes read
  Partitioned compression: HG005_GRCh38_1_22_v4.2.1_benchmark: rdf-scan heartbeat — 158,983,543 triples · 27,850,216,880 bytes read
  Partitioned compression: HG005_GRCh38_1_22_v4.2.1_benchmark: rdf-scan chunk — 159,350,037 triples · 52 chunks · 27,917,292,038 bytes read
  Partitioned compression: HG005_GRCh38_1_22_v4.2.1_benchmark: hdt-chunks started — 51 chunks · hdt-build-00051
  Partitioned compression: HG005_GRCh38_1_22_v4.2.1_benchmark: hdt-chunks complete — 52 chunks · hdt-build-00051
  Partitioned compression: HG005_GRCh38_1_22_v4.2.1_benchmark: rdf-scan heartbeat — 159,350,222 triples · 27,917,325,793 bytes read
  Partitioned compression: HG005_GRCh38_1_22_v4.2.1_benchmark: rdf-scan heartbeat — 159,716,914 triples · 27,984,434,715 bytes read
  Partitioned compression: HG005_GRCh38_1_22_v4.2.1_benchmark: rdf-scan heartbeat — 160,083,583 triples · 28,051,543,705 bytes read
  Partitioned compression: HG005_GRCh38_1_22_v4.2.1_benchmark: rdf-scan heartbeat — 160,450,260 triples · 28,118,652,732 bytes read
  Partitioned compression: HG005_GRCh38_1_22_v4.2.1_benchmark: rdf-scan heartbeat — 160,816,925 triples · 28,185,761,641 bytes read
  Partitioned compression: HG005_GRCh38_1_22_v4.2.1_benchmark: rdf-scan heartbeat — 161,183,608 triples · 28,252,870,621 bytes read
  Partitioned compression: HG005_GRCh38_1_22_v4.2.1_benchmark: rdf-scan heartbeat — 161,550,306 triples · 28,319,979,659 bytes read
  Partitioned compression: HG005_GRCh38_1_22_v4.2.1_benchmark: rdf-scan heartbeat — 161,916,997 triples · 28,387,088,560 bytes read
  Partitioned compression: HG005_GRCh38_1_22_v4.2.1_benchmark: rdf-scan chunk — 162,283,558 triples · 53 chunks · 28,454,163,088 bytes read
  Partitioned compression: HG005_GRCh38_1_22_v4.2.1_benchmark: hdt-chunks started — 52 chunks · hdt-build-00052
  Partitioned compression: HG005_GRCh38_1_22_v4.2.1_benchmark: hdt-chunks complete — 53 chunks · hdt-build-00052
  Partitioned compression: HG005_GRCh38_1_22_v4.2.1_benchmark: rdf-scan heartbeat — 162,283,746 triples · 28,454,197,439 bytes read
  Partitioned compression: HG005_GRCh38_1_22_v4.2.1_benchmark: rdf-scan heartbeat — 162,650,471 triples · 28,521,306,440 bytes read
  Partitioned compression: HG005_GRCh38_1_22_v4.2.1_benchmark: rdf-scan heartbeat — 163,017,177 triples · 28,588,415,368 bytes read
  Partitioned compression: HG005_GRCh38_1_22_v4.2.1_benchmark: rdf-scan heartbeat — 163,383,906 triples · 28,655,524,270 bytes read
  Partitioned compression: HG005_GRCh38_1_22_v4.2.1_benchmark: rdf-scan heartbeat — 163,750,611 triples · 28,722,633,305 bytes read
  Partitioned compression: HG005_GRCh38_1_22_v4.2.1_benchmark: rdf-scan heartbeat — 164,117,265 triples · 28,789,742,237 bytes read
  Partitioned compression: HG005_GRCh38_1_22_v4.2.1_benchmark: rdf-scan heartbeat — 164,483,931 triples · 28,856,851,130 bytes read
  Partitioned compression: HG005_GRCh38_1_22_v4.2.1_benchmark: rdf-scan heartbeat — 164,850,608 triples · 28,923,960,029 bytes read
  Partitioned compression: HG005_GRCh38_1_22_v4.2.1_benchmark: rdf-scan chunk — 165,217,059 triples · 54 chunks · 28,991,034,003 bytes read
  Partitioned compression: HG005_GRCh38_1_22_v4.2.1_benchmark: hdt-chunks started — 53 chunks · hdt-build-00053
  Partitioned compression: HG005_GRCh38_1_22_v4.2.1_benchmark: hdt-chunks complete — 54 chunks · hdt-build-00053
  Partitioned compression: HG005_GRCh38_1_22_v4.2.1_benchmark: rdf-scan heartbeat — 165,217,250 triples · 28,991,069,050 bytes read
  Partitioned compression: HG005_GRCh38_1_22_v4.2.1_benchmark: rdf-scan heartbeat — 165,583,924 triples · 29,058,177,925 bytes read
  Partitioned compression: HG005_GRCh38_1_22_v4.2.1_benchmark: rdf-scan heartbeat — 165,950,617 triples · 29,125,286,861 bytes read
  Partitioned compression: HG005_GRCh38_1_22_v4.2.1_benchmark: rdf-scan heartbeat — 166,317,303 triples · 29,192,395,785 bytes read
  Partitioned compression: HG005_GRCh38_1_22_v4.2.1_benchmark: rdf-scan heartbeat — 166,683,975 triples · 29,259,504,797 bytes read
  Partitioned compression: HG005_GRCh38_1_22_v4.2.1_benchmark: rdf-scan heartbeat — 167,050,631 triples · 29,326,613,679 bytes read
  Partitioned compression: HG005_GRCh38_1_22_v4.2.1_benchmark: rdf-scan heartbeat — 167,417,289 triples · 29,393,722,560 bytes read
  Partitioned compression: HG005_GRCh38_1_22_v4.2.1_benchmark: rdf-scan heartbeat — 167,783,957 triples · 29,460,831,533 bytes read
  Partitioned compression: HG005_GRCh38_1_22_v4.2.1_benchmark: rdf-scan chunk — 168,150,435 triples · 55 chunks · 29,527,905,034 bytes read
  Partitioned compression: HG005_GRCh38_1_22_v4.2.1_benchmark: hdt-chunks started — 54 chunks · hdt-build-00054
  Partitioned compression: HG005_GRCh38_1_22_v4.2.1_benchmark: hdt-chunks complete — 55 chunks · hdt-build-00054
  Partitioned compression: HG005_GRCh38_1_22_v4.2.1_benchmark: rdf-scan heartbeat — 168,150,629 triples · 29,527,940,457 bytes read
  Partitioned compression: HG005_GRCh38_1_22_v4.2.1_benchmark: rdf-scan heartbeat — 168,517,304 triples · 29,595,049,462 bytes read
  Partitioned compression: HG005_GRCh38_1_22_v4.2.1_benchmark: rdf-scan heartbeat — 168,884,005 triples · 29,662,158,413 bytes read
  Partitioned compression: HG005_GRCh38_1_22_v4.2.1_benchmark: rdf-scan heartbeat — 169,250,687 triples · 29,729,267,363 bytes read
  Partitioned compression: HG005_GRCh38_1_22_v4.2.1_benchmark: rdf-scan heartbeat — 169,617,376 triples · 29,796,376,252 bytes read
  Partitioned compression: HG005_GRCh38_1_22_v4.2.1_benchmark: rdf-scan heartbeat — 169,984,075 triples · 29,863,485,268 bytes read
  Partitioned compression: HG005_GRCh38_1_22_v4.2.1_benchmark: rdf-scan heartbeat — 170,350,805 triples · 29,930,594,302 bytes read
  Partitioned compression: HG005_GRCh38_1_22_v4.2.1_benchmark: rdf-scan heartbeat — 170,717,520 triples · 29,997,703,236 bytes read
  Partitioned compression: HG005_GRCh38_1_22_v4.2.1_benchmark: rdf-scan chunk — 171,084,013 triples · 56 chunks · 30,064,776,076 bytes read
  Partitioned compression: HG005_GRCh38_1_22_v4.2.1_benchmark: hdt-chunks started — 55 chunks · hdt-build-00055
  Partitioned compression: HG005_GRCh38_1_22_v4.2.1_benchmark: hdt-chunks complete — 56 chunks · hdt-build-00055
  Partitioned compression: HG005_GRCh38_1_22_v4.2.1_benchmark: rdf-scan heartbeat — 171,084,211 triples · 30,064,812,258 bytes read
  Partitioned compression: HG005_GRCh38_1_22_v4.2.1_benchmark: rdf-scan heartbeat — 171,450,956 triples · 30,131,921,246 bytes read
  Partitioned compression: HG005_GRCh38_1_22_v4.2.1_benchmark: rdf-scan heartbeat — 171,817,701 triples · 30,199,030,196 bytes read
  Partitioned compression: HG005_GRCh38_1_22_v4.2.1_benchmark: rdf-scan heartbeat — 172,184,465 triples · 30,266,139,207 bytes read
  Partitioned compression: HG005_GRCh38_1_22_v4.2.1_benchmark: rdf-scan heartbeat — 172,551,216 triples · 30,333,248,276 bytes read
  Partitioned compression: HG005_GRCh38_1_22_v4.2.1_benchmark: rdf-scan heartbeat — 172,918,003 triples · 30,400,357,295 bytes read
  Partitioned compression: HG005_GRCh38_1_22_v4.2.1_benchmark: rdf-scan heartbeat — 173,284,711 triples · 30,467,466,305 bytes read
  Partitioned compression: HG005_GRCh38_1_22_v4.2.1_benchmark: rdf-scan heartbeat — 173,651,457 triples · 30,534,575,341 bytes read
  Partitioned compression: HG005_GRCh38_1_22_v4.2.1_benchmark: rdf-scan chunk — 174,017,994 triples · 57 chunks · 30,601,647,167 bytes read
  Partitioned compression: HG005_GRCh38_1_22_v4.2.1_benchmark: hdt-chunks started — 56 chunks · hdt-build-00056
  Partitioned compression: HG005_GRCh38_1_22_v4.2.1_benchmark: hdt-chunks complete — 57 chunks · hdt-build-00056
  Partitioned compression: HG005_GRCh38_1_22_v4.2.1_benchmark: rdf-scan heartbeat — 174,018,197 triples · 30,601,684,281 bytes read
  Partitioned compression: HG005_GRCh38_1_22_v4.2.1_benchmark: rdf-scan heartbeat — 174,384,882 triples · 30,668,793,233 bytes read
  Partitioned compression: HG005_GRCh38_1_22_v4.2.1_benchmark: rdf-scan heartbeat — 174,751,596 triples · 30,735,902,154 bytes read
  Partitioned compression: HG005_GRCh38_1_22_v4.2.1_benchmark: rdf-scan heartbeat — 175,118,300 triples · 30,803,011,025 bytes read
  Partitioned compression: HG005_GRCh38_1_22_v4.2.1_benchmark: rdf-scan heartbeat — 175,485,018 triples · 30,870,119,923 bytes read
  Partitioned compression: HG005_GRCh38_1_22_v4.2.1_benchmark: rdf-scan heartbeat — 175,851,703 triples · 30,937,228,787 bytes read
  Partitioned compression: HG005_GRCh38_1_22_v4.2.1_benchmark: rdf-scan heartbeat — 176,218,404 triples · 31,004,337,793 bytes read
  Partitioned compression: HG005_GRCh38_1_22_v4.2.1_benchmark: rdf-scan heartbeat — 176,585,072 triples · 31,071,446,690 bytes read
  Partitioned compression: HG005_GRCh38_1_22_v4.2.1_benchmark: rdf-scan chunk — 176,951,567 triples · 58 chunks · 31,138,518,118 bytes read
  Partitioned compression: HG005_GRCh38_1_22_v4.2.1_benchmark: hdt-chunks started — 57 chunks · hdt-build-00057
  Partitioned compression: HG005_GRCh38_1_22_v4.2.1_benchmark: hdt-chunks complete — 58 chunks · hdt-build-00057
  Partitioned compression: HG005_GRCh38_1_22_v4.2.1_benchmark: rdf-scan heartbeat — 176,951,772 triples · 31,138,555,588 bytes read
  Partitioned compression: HG005_GRCh38_1_22_v4.2.1_benchmark: rdf-scan heartbeat — 177,318,447 triples · 31,205,664,525 bytes read
  Partitioned compression: HG005_GRCh38_1_22_v4.2.1_benchmark: rdf-scan heartbeat — 177,685,134 triples · 31,272,773,408 bytes read
  Partitioned compression: HG005_GRCh38_1_22_v4.2.1_benchmark: rdf-scan heartbeat — 178,051,817 triples · 31,339,882,317 bytes read
  Partitioned compression: HG005_GRCh38_1_22_v4.2.1_benchmark: rdf-scan heartbeat — 178,418,451 triples · 31,406,991,354 bytes read
  Partitioned compression: HG005_GRCh38_1_22_v4.2.1_benchmark: rdf-scan heartbeat — 178,785,135 triples · 31,474,100,327 bytes read
  Partitioned compression: HG005_GRCh38_1_22_v4.2.1_benchmark: rdf-scan heartbeat — 179,151,772 triples · 31,541,209,230 bytes read
  Partitioned compression: HG005_GRCh38_1_22_v4.2.1_benchmark: rdf-scan heartbeat — 179,518,416 triples · 31,608,318,160 bytes read
  Partitioned compression: HG005_GRCh38_1_22_v4.2.1_benchmark: rdf-scan chunk — 179,884,859 triples · 59 chunks · 31,675,389,055 bytes read
  Partitioned compression: HG005_GRCh38_1_22_v4.2.1_benchmark: hdt-chunks started — 58 chunks · hdt-build-00058
  Partitioned compression: HG005_GRCh38_1_22_v4.2.1_benchmark: hdt-chunks complete — 59 chunks · hdt-build-00058
  Partitioned compression: HG005_GRCh38_1_22_v4.2.1_benchmark: rdf-scan heartbeat — 179,885,067 triples · 31,675,427,106 bytes read
  Partitioned compression: HG005_GRCh38_1_22_v4.2.1_benchmark: rdf-scan heartbeat — 180,251,740 triples · 31,742,536,003 bytes read
  Partitioned compression: HG005_GRCh38_1_22_v4.2.1_benchmark: rdf-scan heartbeat — 180,618,390 triples · 31,809,644,975 bytes read
  Partitioned compression: HG005_GRCh38_1_22_v4.2.1_benchmark: rdf-scan heartbeat — 180,985,084 triples · 31,876,754,005 bytes read
  Partitioned compression: HG005_GRCh38_1_22_v4.2.1_benchmark: rdf-scan heartbeat — 181,351,759 triples · 31,943,862,884 bytes read
  Partitioned compression: HG005_GRCh38_1_22_v4.2.1_benchmark: rdf-scan heartbeat — 181,718,402 triples · 32,010,971,863 bytes read
  Partitioned compression: HG005_GRCh38_1_22_v4.2.1_benchmark: rdf-scan heartbeat — 182,085,054 triples · 32,078,080,732 bytes read
  Partitioned compression: HG005_GRCh38_1_22_v4.2.1_benchmark: rdf-scan heartbeat — 182,451,721 triples · 32,145,189,686 bytes read
  Partitioned compression: HG005_GRCh38_1_22_v4.2.1_benchmark: rdf-scan chunk — 182,818,154 triples · 60 chunks · 32,212,260,107 bytes read
  Partitioned compression: HG005_GRCh38_1_22_v4.2.1_benchmark: hdt-chunks started — 59 chunks · hdt-build-00059
  Partitioned compression: HG005_GRCh38_1_22_v4.2.1_benchmark: hdt-chunks complete — 60 chunks · hdt-build-00059
  Partitioned compression: HG005_GRCh38_1_22_v4.2.1_benchmark: rdf-scan heartbeat — 182,818,365 triples · 32,212,298,674 bytes read
  Partitioned compression: HG005_GRCh38_1_22_v4.2.1_benchmark: rdf-scan heartbeat — 183,185,035 triples · 32,279,407,730 bytes read
  Partitioned compression: HG005_GRCh38_1_22_v4.2.1_benchmark: rdf-scan heartbeat — 183,551,694 triples · 32,346,516,689 bytes read
  Partitioned compression: HG005_GRCh38_1_22_v4.2.1_benchmark: rdf-scan heartbeat — 183,918,363 triples · 32,413,625,688 bytes read
  Partitioned compression: HG005_GRCh38_1_22_v4.2.1_benchmark: rdf-scan heartbeat — 184,285,028 triples · 32,480,734,636 bytes read
  Partitioned compression: HG005_GRCh38_1_22_v4.2.1_benchmark: rdf-scan heartbeat — 184,651,701 triples · 32,547,843,664 bytes read
  Partitioned compression: HG005_GRCh38_1_22_v4.2.1_benchmark: rdf-scan heartbeat — 185,018,382 triples · 32,614,952,609 bytes read
  Partitioned compression: HG005_GRCh38_1_22_v4.2.1_benchmark: rdf-scan heartbeat — 185,385,097 triples · 32,682,061,474 bytes read
  Partitioned compression: HG005_GRCh38_1_22_v4.2.1_benchmark: rdf-scan chunk — 185,751,576 triples · 61 chunks · 32,749,131,032 bytes read
  Partitioned compression: HG005_GRCh38_1_22_v4.2.1_benchmark: hdt-chunks started — 60 chunks · hdt-build-00060
  Partitioned compression: HG005_GRCh38_1_22_v4.2.1_benchmark: hdt-chunks complete — 61 chunks · hdt-build-00060
  Partitioned compression: HG005_GRCh38_1_22_v4.2.1_benchmark: rdf-scan heartbeat — 185,751,791 triples · 32,749,170,441 bytes read
  Partitioned compression: HG005_GRCh38_1_22_v4.2.1_benchmark: rdf-scan heartbeat — 186,118,529 triples · 32,816,279,436 bytes read
  Partitioned compression: HG005_GRCh38_1_22_v4.2.1_benchmark: rdf-scan heartbeat — 186,485,305 triples · 32,883,388,355 bytes read
  Partitioned compression: HG005_GRCh38_1_22_v4.2.1_benchmark: rdf-scan heartbeat — 186,852,006 triples · 32,950,497,253 bytes read
  Partitioned compression: HG005_GRCh38_1_22_v4.2.1_benchmark: rdf-scan heartbeat — 187,218,706 triples · 33,017,606,128 bytes read
  Partitioned compression: HG005_GRCh38_1_22_v4.2.1_benchmark: rdf-scan heartbeat — 187,585,402 triples · 33,084,715,019 bytes read
  Partitioned compression: HG005_GRCh38_1_22_v4.2.1_benchmark: rdf-scan heartbeat — 187,952,127 triples · 33,151,823,929 bytes read
  Partitioned compression: HG005_GRCh38_1_22_v4.2.1_benchmark: rdf-scan heartbeat — 188,318,832 triples · 33,218,932,922 bytes read
  Partitioned compression: HG005_GRCh38_1_22_v4.2.1_benchmark: rdf-scan chunk — 188,685,314 triples · 62 chunks · 33,286,002,029 bytes read
  Partitioned compression: HG005_GRCh38_1_22_v4.2.1_benchmark: hdt-chunks started — 61 chunks · hdt-build-00061
  Partitioned compression: HG005_GRCh38_1_22_v4.2.1_benchmark: hdt-chunks complete — 62 chunks · hdt-build-00061
  Partitioned compression: HG005_GRCh38_1_22_v4.2.1_benchmark: rdf-scan heartbeat — 188,685,532 triples · 33,286,041,807 bytes read
  Partitioned compression: HG005_GRCh38_1_22_v4.2.1_benchmark: rdf-scan heartbeat — 189,052,196 triples · 33,353,150,845 bytes read
  Partitioned compression: HG005_GRCh38_1_22_v4.2.1_benchmark: rdf-scan heartbeat — 189,418,888 triples · 33,420,259,822 bytes read
  Partitioned compression: HG005_GRCh38_1_22_v4.2.1_benchmark: rdf-scan heartbeat — 189,785,561 triples · 33,487,368,733 bytes read
  Partitioned compression: HG005_GRCh38_1_22_v4.2.1_benchmark: rdf-scan heartbeat — 190,152,239 triples · 33,554,477,662 bytes read
  Partitioned compression: HG005_GRCh38_1_22_v4.2.1_benchmark: rdf-scan heartbeat — 190,518,932 triples · 33,621,586,582 bytes read
  Partitioned compression: HG005_GRCh38_1_22_v4.2.1_benchmark: rdf-scan heartbeat — 190,885,604 triples · 33,688,695,517 bytes read
  Partitioned compression: HG005_GRCh38_1_22_v4.2.1_benchmark: rdf-scan heartbeat — 191,252,398 triples · 33,755,804,518 bytes read
  Partitioned compression: HG005_GRCh38_1_22_v4.2.1_benchmark: rdf-scan chunk — 191,618,842 triples · 63 chunks · 33,822,873,037 bytes read
  Partitioned compression: HG005_GRCh38_1_22_v4.2.1_benchmark: hdt-chunks started — 62 chunks · hdt-build-00062
  Partitioned compression: HG005_GRCh38_1_22_v4.2.1_benchmark: hdt-chunks complete — 63 chunks · hdt-build-00062
  Partitioned compression: HG005_GRCh38_1_22_v4.2.1_benchmark: rdf-scan heartbeat — 191,619,063 triples · 33,822,913,470 bytes read
  Partitioned compression: HG005_GRCh38_1_22_v4.2.1_benchmark: rdf-scan heartbeat — 191,985,756 triples · 33,890,022,513 bytes read
  Partitioned compression: HG005_GRCh38_1_22_v4.2.1_benchmark: rdf-scan heartbeat — 192,352,438 triples · 33,957,131,385 bytes read
  Partitioned compression: HG005_GRCh38_1_22_v4.2.1_benchmark: rdf-scan heartbeat — 192,719,109 triples · 34,024,240,339 bytes read
  Partitioned compression: HG005_GRCh38_1_22_v4.2.1_benchmark: rdf-scan heartbeat — 193,085,810 triples · 34,091,349,262 bytes read
  Partitioned compression: HG005_GRCh38_1_22_v4.2.1_benchmark: rdf-scan heartbeat — 193,452,463 triples · 34,158,458,243 bytes read
  Partitioned compression: HG005_GRCh38_1_22_v4.2.1_benchmark: rdf-scan heartbeat — 193,819,139 triples · 34,225,567,148 bytes read
  Partitioned compression: HG005_GRCh38_1_22_v4.2.1_benchmark: rdf-scan heartbeat — 194,185,798 triples · 34,292,676,028 bytes read
  Partitioned compression: HG005_GRCh38_1_22_v4.2.1_benchmark: rdf-scan chunk — 194,552,262 triples · 64 chunks · 34,359,744,125 bytes read
  Partitioned compression: HG005_GRCh38_1_22_v4.2.1_benchmark: hdt-chunks started — 63 chunks · hdt-build-00063
  Partitioned compression: HG005_GRCh38_1_22_v4.2.1_benchmark: hdt-chunks complete — 64 chunks · hdt-build-00063
  Partitioned compression: HG005_GRCh38_1_22_v4.2.1_benchmark: rdf-scan heartbeat — 194,552,485 triples · 34,359,784,950 bytes read
  Partitioned compression: HG005_GRCh38_1_22_v4.2.1_benchmark: rdf-scan heartbeat — 194,919,172 triples · 34,426,893,890 bytes read
  Partitioned compression: HG005_GRCh38_1_22_v4.2.1_benchmark: rdf-scan heartbeat — 195,285,839 triples · 34,494,002,769 bytes read
  Partitioned compression: HG005_GRCh38_1_22_v4.2.1_benchmark: rdf-scan heartbeat — 195,652,499 triples · 34,561,111,651 bytes read
  Partitioned compression: HG005_GRCh38_1_22_v4.2.1_benchmark: rdf-scan heartbeat — 196,019,154 triples · 34,628,220,668 bytes read
  Partitioned compression: HG005_GRCh38_1_22_v4.2.1_benchmark: rdf-scan heartbeat — 196,385,818 triples · 34,695,329,650 bytes read
  Partitioned compression: HG005_GRCh38_1_22_v4.2.1_benchmark: rdf-scan heartbeat — 196,752,484 triples · 34,762,438,535 bytes read
  Partitioned compression: HG005_GRCh38_1_22_v4.2.1_benchmark: rdf-scan heartbeat — 197,119,183 triples · 34,829,547,425 bytes read
  Partitioned compression: HG005_GRCh38_1_22_v4.2.1_benchmark: rdf-scan chunk — 197,485,663 triples · 65 chunks · 34,896,615,100 bytes read
  Partitioned compression: HG005_GRCh38_1_22_v4.2.1_benchmark: hdt-chunks started — 64 chunks · hdt-build-00064
  Partitioned compression: HG005_GRCh38_1_22_v4.2.1_benchmark: hdt-chunks complete — 65 chunks · hdt-build-00064
  Partitioned compression: HG005_GRCh38_1_22_v4.2.1_benchmark: rdf-scan heartbeat — 197,485,889 triples · 34,896,656,411 bytes read
  Partitioned compression: HG005_GRCh38_1_22_v4.2.1_benchmark: rdf-scan heartbeat — 197,852,578 triples · 34,963,765,296 bytes read
  Partitioned compression: HG005_GRCh38_1_22_v4.2.1_benchmark: rdf-scan heartbeat — 198,219,293 triples · 35,030,874,166 bytes read
  Partitioned compression: HG005_GRCh38_1_22_v4.2.1_benchmark: rdf-scan heartbeat — 198,586,019 triples · 35,097,983,138 bytes read
  Partitioned compression: HG005_GRCh38_1_22_v4.2.1_benchmark: rdf-scan heartbeat — 198,952,742 triples · 35,165,092,190 bytes read
  Partitioned compression: HG005_GRCh38_1_22_v4.2.1_benchmark: rdf-scan heartbeat — 199,319,422 triples · 35,232,201,066 bytes read
  Partitioned compression: HG005_GRCh38_1_22_v4.2.1_benchmark: rdf-scan heartbeat — 199,686,125 triples · 35,299,310,118 bytes read
  Partitioned compression: HG005_GRCh38_1_22_v4.2.1_benchmark: rdf-scan heartbeat — 200,052,815 triples · 35,366,419,003 bytes read
  Partitioned compression: HG005_GRCh38_1_22_v4.2.1_benchmark: rdf-scan chunk — 200,419,268 triples · 66 chunks · 35,433,486,067 bytes read
  Partitioned compression: HG005_GRCh38_1_22_v4.2.1_benchmark: hdt-chunks started — 65 chunks · hdt-build-00065
  Partitioned compression: HG005_GRCh38_1_22_v4.2.1_benchmark: hdt-chunks complete — 66 chunks · hdt-build-00065
  Partitioned compression: HG005_GRCh38_1_22_v4.2.1_benchmark: rdf-scan heartbeat — 200,419,496 triples · 35,433,527,878 bytes read
  Partitioned compression: HG005_GRCh38_1_22_v4.2.1_benchmark: rdf-scan heartbeat — 200,786,148 triples · 35,500,636,783 bytes read
  Partitioned compression: HG005_GRCh38_1_22_v4.2.1_benchmark: rdf-scan heartbeat — 201,152,838 triples · 35,567,745,772 bytes read
  Partitioned compression: HG005_GRCh38_1_22_v4.2.1_benchmark: rdf-scan heartbeat — 201,519,525 triples · 35,634,854,809 bytes read
  Partitioned compression: HG005_GRCh38_1_22_v4.2.1_benchmark: rdf-scan heartbeat — 201,886,200 triples · 35,701,963,753 bytes read
  Partitioned compression: HG005_GRCh38_1_22_v4.2.1_benchmark: rdf-scan heartbeat — 202,252,919 triples · 35,769,072,637 bytes read
  Partitioned compression: HG005_GRCh38_1_22_v4.2.1_benchmark: rdf-scan heartbeat — 202,619,628 triples · 35,836,181,672 bytes read
  Partitioned compression: HG005_GRCh38_1_22_v4.2.1_benchmark: rdf-scan heartbeat — 202,986,383 triples · 35,903,290,630 bytes read
  Partitioned compression: HG005_GRCh38_1_22_v4.2.1_benchmark: rdf-scan chunk — 203,352,873 triples · 67 chunks · 35,970,357,077 bytes read
  Partitioned compression: HG005_GRCh38_1_22_v4.2.1_benchmark: hdt-chunks started — 66 chunks · hdt-build-00066
  Partitioned compression: HG005_GRCh38_1_22_v4.2.1_benchmark: hdt-chunks complete — 67 chunks · hdt-build-00066
  Partitioned compression: HG005_GRCh38_1_22_v4.2.1_benchmark: rdf-scan heartbeat — 203,353,105 triples · 35,970,399,526 bytes read
  Partitioned compression: HG005_GRCh38_1_22_v4.2.1_benchmark: rdf-scan heartbeat — 203,719,856 triples · 36,037,508,516 bytes read
  Partitioned compression: HG005_GRCh38_1_22_v4.2.1_benchmark: rdf-scan heartbeat — 204,086,599 triples · 36,104,617,457 bytes read
  Partitioned compression: HG005_GRCh38_1_22_v4.2.1_benchmark: rdf-scan heartbeat — 204,453,284 triples · 36,171,726,465 bytes read
  Partitioned compression: HG005_GRCh38_1_22_v4.2.1_benchmark: rdf-scan heartbeat — 204,819,971 triples · 36,238,835,440 bytes read
  Partitioned compression: HG005_GRCh38_1_22_v4.2.1_benchmark: rdf-scan heartbeat — 205,186,649 triples · 36,305,944,380 bytes read
  Partitioned compression: HG005_GRCh38_1_22_v4.2.1_benchmark: rdf-scan heartbeat — 205,553,324 triples · 36,373,053,298 bytes read
  Partitioned compression: HG005_GRCh38_1_22_v4.2.1_benchmark: rdf-scan heartbeat — 205,919,982 triples · 36,440,162,258 bytes read
  Partitioned compression: HG005_GRCh38_1_22_v4.2.1_benchmark: rdf-scan chunk — 206,286,460 triples · 68 chunks · 36,507,228,176 bytes read
  Partitioned compression: HG005_GRCh38_1_22_v4.2.1_benchmark: hdt-chunks started — 67 chunks · hdt-build-00067
  Partitioned compression: HG005_GRCh38_1_22_v4.2.1_benchmark: hdt-chunks complete — 68 chunks · hdt-build-00067
  Partitioned compression: HG005_GRCh38_1_22_v4.2.1_benchmark: rdf-scan heartbeat — 206,286,695 triples · 36,507,271,217 bytes read
  Partitioned compression: HG005_GRCh38_1_22_v4.2.1_benchmark: rdf-scan heartbeat — 206,653,367 triples · 36,574,380,113 bytes read
  Partitioned compression: HG005_GRCh38_1_22_v4.2.1_benchmark: rdf-scan heartbeat — 207,020,029 triples · 36,641,489,080 bytes read
  Partitioned compression: HG005_GRCh38_1_22_v4.2.1_benchmark: rdf-scan heartbeat — 207,386,712 triples · 36,708,598,073 bytes read
  Partitioned compression: HG005_GRCh38_1_22_v4.2.1_benchmark: rdf-scan heartbeat — 207,753,392 triples · 36,775,707,070 bytes read
  Partitioned compression: HG005_GRCh38_1_22_v4.2.1_benchmark: rdf-scan heartbeat — 208,120,079 triples · 36,842,816,137 bytes read
  Partitioned compression: HG005_GRCh38_1_22_v4.2.1_benchmark: rdf-scan heartbeat — 208,486,751 triples · 36,909,925,145 bytes read
  Partitioned compression: HG005_GRCh38_1_22_v4.2.1_benchmark: rdf-scan heartbeat — 208,853,402 triples · 36,977,034,128 bytes read
  Partitioned compression: HG005_GRCh38_1_22_v4.2.1_benchmark: rdf-scan chunk — 209,219,809 triples · 69 chunks · 37,044,099,262 bytes read
  Partitioned compression: HG005_GRCh38_1_22_v4.2.1_benchmark: hdt-chunks started — 68 chunks · hdt-build-00068
  Partitioned compression: HG005_GRCh38_1_22_v4.2.1_benchmark: hdt-chunks complete — 69 chunks · hdt-build-00068
  Partitioned compression: HG005_GRCh38_1_22_v4.2.1_benchmark: rdf-scan heartbeat — 209,220,048 triples · 37,044,143,075 bytes read
  Partitioned compression: HG005_GRCh38_1_22_v4.2.1_benchmark: rdf-scan heartbeat — 209,586,739 triples · 37,111,252,101 bytes read
  Partitioned compression: HG005_GRCh38_1_22_v4.2.1_benchmark: rdf-scan heartbeat — 209,953,428 triples · 37,178,361,006 bytes read
  Partitioned compression: HG005_GRCh38_1_22_v4.2.1_benchmark: rdf-scan heartbeat — 210,320,136 triples · 37,245,470,009 bytes read
  Partitioned compression: HG005_GRCh38_1_22_v4.2.1_benchmark: rdf-scan heartbeat — 210,686,834 triples · 37,312,579,061 bytes read
  Partitioned compression: HG005_GRCh38_1_22_v4.2.1_benchmark: rdf-scan heartbeat — 211,053,543 triples · 37,379,687,990 bytes read
  Partitioned compression: HG005_GRCh38_1_22_v4.2.1_benchmark: rdf-scan heartbeat — 211,420,252 triples · 37,446,796,925 bytes read
  Partitioned compression: HG005_GRCh38_1_22_v4.2.1_benchmark: rdf-scan heartbeat — 211,786,989 triples · 37,513,905,858 bytes read
  Partitioned compression: HG005_GRCh38_1_22_v4.2.1_benchmark: rdf-scan chunk — 212,153,511 triples · 70 chunks · 37,580,970,311 bytes read
  Partitioned compression: HG005_GRCh38_1_22_v4.2.1_benchmark: hdt-chunks started — 69 chunks · hdt-build-00069
  Partitioned compression: HG005_GRCh38_1_22_v4.2.1_benchmark: hdt-chunks complete — 70 chunks · hdt-build-00069
  Partitioned compression: HG005_GRCh38_1_22_v4.2.1_benchmark: rdf-scan heartbeat — 212,153,755 triples · 37,581,014,896 bytes read
  Partitioned compression: HG005_GRCh38_1_22_v4.2.1_benchmark: rdf-scan heartbeat — 212,520,486 triples · 37,648,123,782 bytes read
  Partitioned compression: HG005_GRCh38_1_22_v4.2.1_benchmark: rdf-scan heartbeat — 212,887,193 triples · 37,715,232,659 bytes read
  Partitioned compression: HG005_GRCh38_1_22_v4.2.1_benchmark: rdf-scan heartbeat — 213,253,886 triples · 37,782,341,610 bytes read
  Partitioned compression: HG005_GRCh38_1_22_v4.2.1_benchmark: rdf-scan heartbeat — 213,620,535 triples · 37,849,450,613 bytes read
  Partitioned compression: HG005_GRCh38_1_22_v4.2.1_benchmark: rdf-scan heartbeat — 213,987,227 triples · 37,916,559,508 bytes read
  Partitioned compression: HG005_GRCh38_1_22_v4.2.1_benchmark: rdf-scan heartbeat — 214,353,905 triples · 37,983,668,490 bytes read
  Partitioned compression: HG005_GRCh38_1_22_v4.2.1_benchmark: rdf-scan heartbeat — 214,720,624 triples · 38,050,777,482 bytes read
  Partitioned compression: HG005_GRCh38_1_22_v4.2.1_benchmark: rdf-scan chunk — 215,087,153 triples · 71 chunks · 38,117,841,357 bytes read
  Partitioned compression: HG005_GRCh38_1_22_v4.2.1_benchmark: hdt-chunks started — 70 chunks · hdt-build-00070
  Partitioned compression: HG005_GRCh38_1_22_v4.2.1_benchmark: hdt-chunks complete — 71 chunks · hdt-build-00070
  Partitioned compression: HG005_GRCh38_1_22_v4.2.1_benchmark: rdf-scan heartbeat — 215,087,399 triples · 38,117,886,351 bytes read
  Partitioned compression: HG005_GRCh38_1_22_v4.2.1_benchmark: rdf-scan heartbeat — 215,454,086 triples · 38,184,995,236 bytes read
  Partitioned compression: HG005_GRCh38_1_22_v4.2.1_benchmark: rdf-scan heartbeat — 215,820,743 triples · 38,252,104,156 bytes read
  Partitioned compression: HG005_GRCh38_1_22_v4.2.1_benchmark: rdf-scan heartbeat — 216,187,486 triples · 38,319,213,223 bytes read
  Partitioned compression: HG005_GRCh38_1_22_v4.2.1_benchmark: rdf-scan heartbeat — 216,554,161 triples · 38,386,322,101 bytes read
  Partitioned compression: HG005_GRCh38_1_22_v4.2.1_benchmark: rdf-scan heartbeat — 216,920,835 triples · 38,453,430,979 bytes read
  Partitioned compression: HG005_GRCh38_1_22_v4.2.1_benchmark: rdf-scan heartbeat — 217,287,600 triples · 38,520,539,897 bytes read
  Partitioned compression: HG005_GRCh38_1_22_v4.2.1_benchmark: rdf-scan heartbeat — 217,654,288 triples · 38,587,648,803 bytes read
  Partitioned compression: HG005_GRCh38_1_22_v4.2.1_benchmark: rdf-scan chunk — 218,020,726 triples · 72 chunks · 38,654,712,307 bytes read
  Partitioned compression: HG005_GRCh38_1_22_v4.2.1_benchmark: hdt-chunks started — 71 chunks · hdt-build-00071
  Partitioned compression: HG005_GRCh38_1_22_v4.2.1_benchmark: hdt-chunks complete — 72 chunks · hdt-build-00071
  Partitioned compression: HG005_GRCh38_1_22_v4.2.1_benchmark: rdf-scan heartbeat — 218,020,975 triples · 38,654,757,849 bytes read
  Partitioned compression: HG005_GRCh38_1_22_v4.2.1_benchmark: rdf-scan heartbeat — 218,387,669 triples · 38,721,866,752 bytes read
  Partitioned compression: HG005_GRCh38_1_22_v4.2.1_benchmark: rdf-scan heartbeat — 218,754,379 triples · 38,788,975,652 bytes read
  Partitioned compression: HG005_GRCh38_1_22_v4.2.1_benchmark: rdf-scan heartbeat — 219,121,073 triples · 38,856,084,696 bytes read
  Partitioned compression: HG005_GRCh38_1_22_v4.2.1_benchmark: rdf-scan heartbeat — 219,487,741 triples · 38,923,193,564 bytes read
  Partitioned compression: HG005_GRCh38_1_22_v4.2.1_benchmark: rdf-scan heartbeat — 219,854,427 triples · 38,990,302,479 bytes read
  Partitioned compression: HG005_GRCh38_1_22_v4.2.1_benchmark: rdf-scan heartbeat — 220,221,109 triples · 39,057,411,524 bytes read
  Partitioned compression: HG005_GRCh38_1_22_v4.2.1_benchmark: rdf-scan heartbeat — 220,587,833 triples · 39,124,520,513 bytes read
  Partitioned compression: HG005_GRCh38_1_22_v4.2.1_benchmark: rdf-scan chunk — 220,954,284 triples · 73 chunks · 39,191,583,247 bytes read
  Partitioned compression: HG005_GRCh38_1_22_v4.2.1_benchmark: hdt-chunks started — 72 chunks · hdt-build-00072
  Partitioned compression: HG005_GRCh38_1_22_v4.2.1_benchmark: hdt-chunks complete — 73 chunks · hdt-build-00072
  Partitioned compression: HG005_GRCh38_1_22_v4.2.1_benchmark: rdf-scan heartbeat — 220,954,536 triples · 39,191,629,425 bytes read
  Partitioned compression: HG005_GRCh38_1_22_v4.2.1_benchmark: rdf-scan heartbeat — 221,321,246 triples · 39,258,738,366 bytes read
  Partitioned compression: HG005_GRCh38_1_22_v4.2.1_benchmark: rdf-scan heartbeat — 221,687,944 triples · 39,325,847,342 bytes read
  Partitioned compression: HG005_GRCh38_1_22_v4.2.1_benchmark: rdf-scan heartbeat — 222,054,651 triples · 39,392,956,332 bytes read
  Partitioned compression: HG005_GRCh38_1_22_v4.2.1_benchmark: rdf-scan heartbeat — 222,421,332 triples · 39,460,065,362 bytes read
  Partitioned compression: HG005_GRCh38_1_22_v4.2.1_benchmark: rdf-scan heartbeat — 222,788,017 triples · 39,527,174,271 bytes read
  Partitioned compression: HG005_GRCh38_1_22_v4.2.1_benchmark: rdf-scan heartbeat — 223,154,702 triples · 39,594,283,263 bytes read
  Partitioned compression: HG005_GRCh38_1_22_v4.2.1_benchmark: rdf-scan heartbeat — 223,521,392 triples · 39,661,392,330 bytes read
  Partitioned compression: HG005_GRCh38_1_22_v4.2.1_benchmark: rdf-scan chunk — 223,887,842 triples · 74 chunks · 39,728,454,250 bytes read
  Partitioned compression: HG005_GRCh38_1_22_v4.2.1_benchmark: hdt-chunks started — 73 chunks · hdt-build-00073
  Partitioned compression: HG005_GRCh38_1_22_v4.2.1_benchmark: hdt-chunks complete — 74 chunks · hdt-build-00073
  Partitioned compression: HG005_GRCh38_1_22_v4.2.1_benchmark: rdf-scan heartbeat — 223,888,098 triples · 39,728,501,238 bytes read
  Partitioned compression: HG005_GRCh38_1_22_v4.2.1_benchmark: rdf-scan heartbeat — 224,254,767 triples · 39,795,610,208 bytes read
  Partitioned compression: HG005_GRCh38_1_22_v4.2.1_benchmark: rdf-scan heartbeat — 224,621,453 triples · 39,862,719,080 bytes read
  Partitioned compression: HG005_GRCh38_1_22_v4.2.1_benchmark: rdf-scan heartbeat — 224,988,156 triples · 39,929,828,086 bytes read
  Partitioned compression: HG005_GRCh38_1_22_v4.2.1_benchmark: rdf-scan heartbeat — 225,354,841 triples · 39,996,937,112 bytes read
  Partitioned compression: HG005_GRCh38_1_22_v4.2.1_benchmark: rdf-scan heartbeat — 225,721,559 triples · 40,064,046,165 bytes read
  Partitioned compression: HG005_GRCh38_1_22_v4.2.1_benchmark: rdf-scan heartbeat — 226,088,255 triples · 40,131,155,102 bytes read
  Partitioned compression: HG005_GRCh38_1_22_v4.2.1_benchmark: rdf-scan heartbeat — 226,455,008 triples · 40,198,264,156 bytes read
  Partitioned compression: HG005_GRCh38_1_22_v4.2.1_benchmark: rdf-scan chunk — 226,821,449 triples · 75 chunks · 40,265,325,322 bytes read
  Partitioned compression: HG005_GRCh38_1_22_v4.2.1_benchmark: hdt-chunks started — 74 chunks · hdt-build-00074
  Partitioned compression: HG005_GRCh38_1_22_v4.2.1_benchmark: hdt-chunks complete — 75 chunks · hdt-build-00074
  Partitioned compression: HG005_GRCh38_1_22_v4.2.1_benchmark: rdf-scan heartbeat — 226,821,710 triples · 40,265,373,079 bytes read
  Partitioned compression: HG005_GRCh38_1_22_v4.2.1_benchmark: rdf-scan heartbeat — 227,188,393 triples · 40,332,481,947 bytes read
  Partitioned compression: HG005_GRCh38_1_22_v4.2.1_benchmark: rdf-scan heartbeat — 227,555,096 triples · 40,399,590,922 bytes read
  Partitioned compression: HG005_GRCh38_1_22_v4.2.1_benchmark: rdf-scan heartbeat — 227,921,812 triples · 40,466,699,965 bytes read
  Partitioned compression: HG005_GRCh38_1_22_v4.2.1_benchmark: rdf-scan heartbeat — 228,288,463 triples · 40,533,808,993 bytes read
  Partitioned compression: HG005_GRCh38_1_22_v4.2.1_benchmark: rdf-scan heartbeat — 228,655,153 triples · 40,600,917,861 bytes read
  Partitioned compression: HG005_GRCh38_1_22_v4.2.1_benchmark: rdf-scan heartbeat — 229,021,889 triples · 40,668,026,807 bytes read
  Partitioned compression: HG005_GRCh38_1_22_v4.2.1_benchmark: rdf-scan heartbeat — 229,388,593 triples · 40,735,135,806 bytes read
  Partitioned compression: HG005_GRCh38_1_22_v4.2.1_benchmark: rdf-scan chunk — 229,754,996 triples · 76 chunks · 40,802,196,336 bytes read
  Partitioned compression: HG005_GRCh38_1_22_v4.2.1_benchmark: hdt-chunks started — 75 chunks · hdt-build-00075
  Partitioned compression: HG005_GRCh38_1_22_v4.2.1_benchmark: hdt-chunks complete — 76 chunks · hdt-build-00075
  Partitioned compression: HG005_GRCh38_1_22_v4.2.1_benchmark: rdf-scan heartbeat — 229,755,261 triples · 40,802,244,781 bytes read
  Partitioned compression: HG005_GRCh38_1_22_v4.2.1_benchmark: rdf-scan heartbeat — 230,121,920 triples · 40,869,353,773 bytes read
  Partitioned compression: HG005_GRCh38_1_22_v4.2.1_benchmark: rdf-scan heartbeat — 230,488,597 triples · 40,936,462,816 bytes read
  Partitioned compression: HG005_GRCh38_1_22_v4.2.1_benchmark: rdf-scan heartbeat — 230,855,320 triples · 41,003,571,781 bytes read
  Partitioned compression: HG005_GRCh38_1_22_v4.2.1_benchmark: rdf-scan heartbeat — 231,221,975 triples · 41,070,680,703 bytes read
  Partitioned compression: HG005_GRCh38_1_22_v4.2.1_benchmark: rdf-scan heartbeat — 231,588,652 triples · 41,137,789,667 bytes read
  Partitioned compression: HG005_GRCh38_1_22_v4.2.1_benchmark: rdf-scan heartbeat — 231,955,324 triples · 41,204,898,595 bytes read
  Partitioned compression: HG005_GRCh38_1_22_v4.2.1_benchmark: rdf-scan heartbeat — 232,321,987 triples · 41,272,007,478 bytes read
  Partitioned compression: HG005_GRCh38_1_22_v4.2.1_benchmark: rdf-scan chunk — 232,688,406 triples · 77 chunks · 41,339,067,305 bytes read
  Partitioned compression: HG005_GRCh38_1_22_v4.2.1_benchmark: hdt-chunks started — 76 chunks · hdt-build-00076
  Partitioned compression: HG005_GRCh38_1_22_v4.2.1_benchmark: hdt-chunks complete — 77 chunks · hdt-build-00076
  Partitioned compression: HG005_GRCh38_1_22_v4.2.1_benchmark: rdf-scan heartbeat — 232,688,674 triples · 41,339,116,371 bytes read
  Partitioned compression: HG005_GRCh38_1_22_v4.2.1_benchmark: rdf-scan heartbeat — 233,055,345 triples · 41,406,225,373 bytes read
  Partitioned compression: HG005_GRCh38_1_22_v4.2.1_benchmark: rdf-scan heartbeat — 233,422,016 triples · 41,473,334,238 bytes read
  Partitioned compression: HG005_GRCh38_1_22_v4.2.1_benchmark: rdf-scan heartbeat — 233,788,663 triples · 41,540,443,155 bytes read
  Partitioned compression: HG005_GRCh38_1_22_v4.2.1_benchmark: rdf-scan heartbeat — 234,155,321 triples · 41,607,552,110 bytes read
  Partitioned compression: HG005_GRCh38_1_22_v4.2.1_benchmark: rdf-scan heartbeat — 234,521,989 triples · 41,674,661,080 bytes read
  Partitioned compression: HG005_GRCh38_1_22_v4.2.1_benchmark: rdf-scan heartbeat — 234,888,649 triples · 41,741,769,989 bytes read
  Partitioned compression: HG005_GRCh38_1_22_v4.2.1_benchmark: rdf-scan heartbeat — 235,255,292 triples · 41,808,878,991 bytes read
  Partitioned compression: HG005_GRCh38_1_22_v4.2.1_benchmark: rdf-scan chunk — 235,621,677 triples · 78 chunks · 41,875,938,240 bytes read
  Partitioned compression: HG005_GRCh38_1_22_v4.2.1_benchmark: hdt-chunks started — 77 chunks · hdt-build-00077
  Partitioned compression: HG005_GRCh38_1_22_v4.2.1_benchmark: hdt-chunks complete — 78 chunks · hdt-build-00077
  Partitioned compression: HG005_GRCh38_1_22_v4.2.1_benchmark: rdf-scan heartbeat — 235,621,949 triples · 41,875,987,984 bytes read
  Partitioned compression: HG005_GRCh38_1_22_v4.2.1_benchmark: rdf-scan heartbeat — 235,988,598 triples · 41,943,096,960 bytes read
  Partitioned compression: HG005_GRCh38_1_22_v4.2.1_benchmark: rdf-scan heartbeat — 236,355,250 triples · 42,010,205,841 bytes read
  Partitioned compression: HG005_GRCh38_1_22_v4.2.1_benchmark: rdf-scan heartbeat — 236,721,906 triples · 42,077,314,802 bytes read
  Partitioned compression: HG005_GRCh38_1_22_v4.2.1_benchmark: rdf-scan heartbeat — 237,088,587 triples · 42,144,423,755 bytes read
  Partitioned compression: HG005_GRCh38_1_22_v4.2.1_benchmark: rdf-scan heartbeat — 237,455,297 triples · 42,211,532,703 bytes read
  Partitioned compression: HG005_GRCh38_1_22_v4.2.1_benchmark: rdf-scan heartbeat — 237,822,027 triples · 42,278,641,595 bytes read
  Partitioned compression: HG005_GRCh38_1_22_v4.2.1_benchmark: rdf-scan heartbeat — 238,188,757 triples · 42,345,750,551 bytes read
  Partitioned compression: HG005_GRCh38_1_22_v4.2.1_benchmark: rdf-scan chunk — 238,555,255 triples · 79 chunks · 42,412,809,186 bytes read
  Partitioned compression: HG005_GRCh38_1_22_v4.2.1_benchmark: hdt-chunks started — 78 chunks · hdt-build-00078
  Partitioned compression: HG005_GRCh38_1_22_v4.2.1_benchmark: hdt-chunks complete — 79 chunks · hdt-build-00078
  Partitioned compression: HG005_GRCh38_1_22_v4.2.1_benchmark: rdf-scan heartbeat — 238,555,530 triples · 42,412,859,533 bytes read
  Partitioned compression: HG005_GRCh38_1_22_v4.2.1_benchmark: rdf-scan heartbeat — 238,922,323 triples · 42,479,968,529 bytes read
  Partitioned compression: HG005_GRCh38_1_22_v4.2.1_benchmark: rdf-scan heartbeat — 239,289,047 triples · 42,547,077,508 bytes read
  Partitioned compression: HG005_GRCh38_1_22_v4.2.1_benchmark: rdf-scan heartbeat — 239,655,793 triples · 42,614,186,401 bytes read
  Partitioned compression: HG005_GRCh38_1_22_v4.2.1_benchmark: rdf-scan heartbeat — 240,022,483 triples · 42,681,295,394 bytes read
  Partitioned compression: HG005_GRCh38_1_22_v4.2.1_benchmark: rdf-scan heartbeat — 240,389,164 triples · 42,748,404,330 bytes read
  Partitioned compression: HG005_GRCh38_1_22_v4.2.1_benchmark: rdf-scan heartbeat — 240,755,857 triples · 42,815,513,336 bytes read
  Partitioned compression: HG005_GRCh38_1_22_v4.2.1_benchmark: rdf-scan heartbeat — 241,122,577 triples · 42,882,622,306 bytes read
  Partitioned compression: HG005_GRCh38_1_22_v4.2.1_benchmark: rdf-scan chunk — 241,488,960 triples · 80 chunks · 42,949,680,297 bytes read
  Partitioned compression: HG005_GRCh38_1_22_v4.2.1_benchmark: hdt-chunks started — 79 chunks · hdt-build-00079
  Partitioned compression: HG005_GRCh38_1_22_v4.2.1_benchmark: hdt-chunks complete — 80 chunks · hdt-build-00079
  Partitioned compression: HG005_GRCh38_1_22_v4.2.1_benchmark: rdf-scan heartbeat — 241,489,239 triples · 42,949,731,352 bytes read
  Partitioned compression: HG005_GRCh38_1_22_v4.2.1_benchmark: rdf-scan heartbeat — 241,855,913 triples · 43,016,840,282 bytes read
  Partitioned compression: HG005_GRCh38_1_22_v4.2.1_benchmark: rdf-scan heartbeat — 242,222,592 triples · 43,083,949,332 bytes read
  Partitioned compression: HG005_GRCh38_1_22_v4.2.1_benchmark: rdf-scan heartbeat — 242,589,235 triples · 43,151,058,275 bytes read
  Partitioned compression: HG005_GRCh38_1_22_v4.2.1_benchmark: rdf-scan heartbeat — 242,955,926 triples · 43,218,167,258 bytes read
  Partitioned compression: HG005_GRCh38_1_22_v4.2.1_benchmark: rdf-scan heartbeat — 243,322,607 triples · 43,285,276,211 bytes read
  Partitioned compression: HG005_GRCh38_1_22_v4.2.1_benchmark: rdf-scan heartbeat — 243,689,274 triples · 43,352,385,130 bytes read
  Partitioned compression: HG005_GRCh38_1_22_v4.2.1_benchmark: rdf-scan heartbeat — 244,055,934 triples · 43,419,494,021 bytes read
  Partitioned compression: HG005_GRCh38_1_22_v4.2.1_benchmark: rdf-scan chunk — 244,422,370 triples · 81 chunks · 43,486,551,396 bytes read
  Partitioned compression: HG005_GRCh38_1_22_v4.2.1_benchmark: hdt-chunks started — 80 chunks · hdt-build-00080
  Partitioned compression: HG005_GRCh38_1_22_v4.2.1_benchmark: hdt-chunks complete — 81 chunks · hdt-build-00080
  Partitioned compression: HG005_GRCh38_1_22_v4.2.1_benchmark: rdf-scan heartbeat — 244,422,652 triples · 43,486,603,010 bytes read
  Partitioned compression: HG005_GRCh38_1_22_v4.2.1_benchmark: rdf-scan heartbeat — 244,789,357 triples · 43,553,711,935 bytes read
  Partitioned compression: HG005_GRCh38_1_22_v4.2.1_benchmark: rdf-scan heartbeat — 245,156,019 triples · 43,620,820,982 bytes read
  Partitioned compression: HG005_GRCh38_1_22_v4.2.1_benchmark: rdf-scan heartbeat — 245,522,685 triples · 43,687,930,037 bytes read
  Partitioned compression: HG005_GRCh38_1_22_v4.2.1_benchmark: rdf-scan heartbeat — 245,889,343 triples · 43,755,039,107 bytes read
  Partitioned compression: HG005_GRCh38_1_22_v4.2.1_benchmark: rdf-scan heartbeat — 246,256,033 triples · 43,822,148,064 bytes read
  Partitioned compression: HG005_GRCh38_1_22_v4.2.1_benchmark: rdf-scan heartbeat — 246,622,741 triples · 43,889,256,963 bytes read
  Partitioned compression: HG005_GRCh38_1_22_v4.2.1_benchmark: rdf-scan heartbeat — 246,989,441 triples · 43,956,365,837 bytes read
  Partitioned compression: HG005_GRCh38_1_22_v4.2.1_benchmark: rdf-scan chunk — 247,355,814 triples · 82 chunks · 44,023,422,403 bytes read
  Partitioned compression: HG005_GRCh38_1_22_v4.2.1_benchmark: hdt-chunks started — 81 chunks · hdt-build-00081
  Partitioned compression: HG005_GRCh38_1_22_v4.2.1_benchmark: hdt-chunks complete — 82 chunks · hdt-build-00081
  Partitioned compression: HG005_GRCh38_1_22_v4.2.1_benchmark: rdf-scan heartbeat — 247,356,100 triples · 44,023,474,739 bytes read
  Partitioned compression: HG005_GRCh38_1_22_v4.2.1_benchmark: rdf-scan heartbeat — 247,722,782 triples · 44,090,583,701 bytes read
  Partitioned compression: HG005_GRCh38_1_22_v4.2.1_benchmark: rdf-scan heartbeat — 248,089,510 triples · 44,157,692,770 bytes read
  Partitioned compression: HG005_GRCh38_1_22_v4.2.1_benchmark: rdf-scan heartbeat — 248,456,209 triples · 44,224,801,791 bytes read
  Partitioned compression: HG005_GRCh38_1_22_v4.2.1_benchmark: rdf-scan heartbeat — 248,822,919 triples · 44,291,910,794 bytes read
  Partitioned compression: HG005_GRCh38_1_22_v4.2.1_benchmark: rdf-scan heartbeat — 249,189,641 triples · 44,359,019,761 bytes read
  Partitioned compression: HG005_GRCh38_1_22_v4.2.1_benchmark: rdf-scan heartbeat — 249,556,373 triples · 44,426,128,795 bytes read
  Partitioned compression: HG005_GRCh38_1_22_v4.2.1_benchmark: rdf-scan heartbeat — 249,923,068 triples · 44,493,237,670 bytes read
  Partitioned compression: HG005_GRCh38_1_22_v4.2.1_benchmark: rdf-scan chunk — 250,289,451 triples · 83 chunks · 44,560,293,340 bytes read
  Partitioned compression: HG005_GRCh38_1_22_v4.2.1_benchmark: hdt-chunks started — 82 chunks · hdt-build-00082
  Partitioned compression: HG005_GRCh38_1_22_v4.2.1_benchmark: hdt-chunks complete — 83 chunks · hdt-build-00082
  Partitioned compression: HG005_GRCh38_1_22_v4.2.1_benchmark: rdf-scan heartbeat — 250,289,742 triples · 44,560,346,575 bytes read
  Partitioned compression: HG005_GRCh38_1_22_v4.2.1_benchmark: rdf-scan heartbeat — 250,656,408 triples · 44,627,455,551 bytes read
  Partitioned compression: HG005_GRCh38_1_22_v4.2.1_benchmark: rdf-scan heartbeat — 251,023,091 triples · 44,694,564,450 bytes read
  Partitioned compression: HG005_GRCh38_1_22_v4.2.1_benchmark: rdf-scan heartbeat — 251,389,774 triples · 44,761,673,466 bytes read
  Partitioned compression: HG005_GRCh38_1_22_v4.2.1_benchmark: rdf-scan heartbeat — 251,756,438 triples · 44,828,782,490 bytes read
  Partitioned compression: HG005_GRCh38_1_22_v4.2.1_benchmark: rdf-scan heartbeat — 252,123,107 triples · 44,895,891,392 bytes read
  Partitioned compression: HG005_GRCh38_1_22_v4.2.1_benchmark: rdf-scan heartbeat — 252,489,783 triples · 44,963,000,404 bytes read
  Partitioned compression: HG005_GRCh38_1_22_v4.2.1_benchmark: rdf-scan heartbeat — 252,856,470 triples · 45,030,109,337 bytes read
  Partitioned compression: HG005_GRCh38_1_22_v4.2.1_benchmark: rdf-scan chunk — 253,222,849 triples · 84 chunks · 45,097,164,411 bytes read
  Partitioned compression: HG005_GRCh38_1_22_v4.2.1_benchmark: hdt-chunks started — 83 chunks · hdt-build-00083
  Partitioned compression: HG005_GRCh38_1_22_v4.2.1_benchmark: hdt-chunks complete — 84 chunks · hdt-build-00083
  Partitioned compression: HG005_GRCh38_1_22_v4.2.1_benchmark: rdf-scan heartbeat — 253,223,143 triples · 45,097,218,206 bytes read
  Partitioned compression: HG005_GRCh38_1_22_v4.2.1_benchmark: rdf-scan heartbeat — 253,589,832 triples · 45,164,327,145 bytes read
  Partitioned compression: HG005_GRCh38_1_22_v4.2.1_benchmark: rdf-scan heartbeat — 253,956,529 triples · 45,231,436,033 bytes read
  Partitioned compression: HG005_GRCh38_1_22_v4.2.1_benchmark: rdf-scan heartbeat — 254,323,177 triples · 45,298,544,962 bytes read
  Partitioned compression: HG005_GRCh38_1_22_v4.2.1_benchmark: rdf-scan heartbeat — 254,689,861 triples · 45,365,653,921 bytes read
  Partitioned compression: HG005_GRCh38_1_22_v4.2.1_benchmark: rdf-scan heartbeat — 255,056,516 triples · 45,432,762,922 bytes read
  Partitioned compression: HG005_GRCh38_1_22_v4.2.1_benchmark: rdf-scan heartbeat — 255,423,180 triples · 45,499,871,965 bytes read
  Partitioned compression: HG005_GRCh38_1_22_v4.2.1_benchmark: rdf-scan heartbeat — 255,789,836 triples · 45,566,980,866 bytes read
  Partitioned compression: HG005_GRCh38_1_22_v4.2.1_benchmark: rdf-scan chunk — 256,156,215 triples · 85 chunks · 45,634,035,416 bytes read
  Partitioned compression: HG005_GRCh38_1_22_v4.2.1_benchmark: hdt-chunks started — 84 chunks · hdt-build-00084
  Partitioned compression: HG005_GRCh38_1_22_v4.2.1_benchmark: hdt-chunks complete — 85 chunks · hdt-build-00084
  Partitioned compression: HG005_GRCh38_1_22_v4.2.1_benchmark: rdf-scan heartbeat — 256,156,513 triples · 45,634,089,861 bytes read
  Partitioned compression: HG005_GRCh38_1_22_v4.2.1_benchmark: rdf-scan heartbeat — 256,523,184 triples · 45,701,198,903 bytes read
  Partitioned compression: HG005_GRCh38_1_22_v4.2.1_benchmark: rdf-scan heartbeat — 256,889,877 triples · 45,768,307,850 bytes read
  Partitioned compression: HG005_GRCh38_1_22_v4.2.1_benchmark: rdf-scan heartbeat — 257,256,554 triples · 45,835,416,882 bytes read
  Partitioned compression: HG005_GRCh38_1_22_v4.2.1_benchmark: rdf-scan heartbeat — 257,623,225 triples · 45,902,525,801 bytes read
  Partitioned compression: HG005_GRCh38_1_22_v4.2.1_benchmark: rdf-scan heartbeat — 257,989,908 triples · 45,969,634,774 bytes read
  Partitioned compression: HG005_GRCh38_1_22_v4.2.1_benchmark: rdf-scan heartbeat — 258,356,721 triples · 46,036,743,755 bytes read
  Partitioned compression: HG005_GRCh38_1_22_v4.2.1_benchmark: rdf-scan heartbeat — 258,723,427 triples · 46,103,852,683 bytes read
  Partitioned compression: HG005_GRCh38_1_22_v4.2.1_benchmark: rdf-scan chunk — 259,089,834 triples · 86 chunks · 46,170,906,350 bytes read
  Partitioned compression: HG005_GRCh38_1_22_v4.2.1_benchmark: hdt-chunks started — 85 chunks · hdt-build-00085
  Partitioned compression: HG005_GRCh38_1_22_v4.2.1_benchmark: hdt-chunks complete — 86 chunks · hdt-build-00085
  Partitioned compression: HG005_GRCh38_1_22_v4.2.1_benchmark: rdf-scan heartbeat — 259,090,136 triples · 46,170,961,657 bytes read
  Partitioned compression: HG005_GRCh38_1_22_v4.2.1_benchmark: rdf-scan heartbeat — 259,456,864 triples · 46,238,070,576 bytes read
  Partitioned compression: HG005_GRCh38_1_22_v4.2.1_benchmark: rdf-scan heartbeat — 259,823,564 triples · 46,305,179,554 bytes read
  Partitioned compression: HG005_GRCh38_1_22_v4.2.1_benchmark: rdf-scan heartbeat — 260,190,261 triples · 46,372,288,443 bytes read
  Partitioned compression: HG005_GRCh38_1_22_v4.2.1_benchmark: rdf-scan heartbeat — 260,556,915 triples · 46,439,397,326 bytes read
  Partitioned compression: HG005_GRCh38_1_22_v4.2.1_benchmark: rdf-scan heartbeat — 260,923,549 triples · 46,506,506,264 bytes read
  Partitioned compression: HG005_GRCh38_1_22_v4.2.1_benchmark: rdf-scan heartbeat — 261,290,239 triples · 46,573,615,256 bytes read
  Partitioned compression: HG005_GRCh38_1_22_v4.2.1_benchmark: rdf-scan heartbeat — 261,656,933 triples · 46,640,724,222 bytes read
  Partitioned compression: HG005_GRCh38_1_22_v4.2.1_benchmark: rdf-scan chunk — 262,023,311 triples · 87 chunks · 46,707,777,303 bytes read
  Partitioned compression: HG005_GRCh38_1_22_v4.2.1_benchmark: hdt-chunks started — 86 chunks · hdt-build-00086
  Partitioned compression: HG005_GRCh38_1_22_v4.2.1_benchmark: hdt-chunks complete — 87 chunks · hdt-build-00086
  Partitioned compression: HG005_GRCh38_1_22_v4.2.1_benchmark: rdf-scan heartbeat — 262,023,616 triples · 46,707,833,150 bytes read
  Partitioned compression: HG005_GRCh38_1_22_v4.2.1_benchmark: rdf-scan heartbeat — 262,390,313 triples · 46,774,942,163 bytes read
  Partitioned compression: HG005_GRCh38_1_22_v4.2.1_benchmark: rdf-scan heartbeat — 262,756,992 triples · 46,842,051,179 bytes read
  Partitioned compression: HG005_GRCh38_1_22_v4.2.1_benchmark: rdf-scan heartbeat — 263,123,664 triples · 46,909,160,210 bytes read
  Partitioned compression: HG005_GRCh38_1_22_v4.2.1_benchmark: rdf-scan heartbeat — 263,490,380 triples · 46,976,269,087 bytes read
  Partitioned compression: HG005_GRCh38_1_22_v4.2.1_benchmark: rdf-scan heartbeat — 263,857,058 triples · 47,043,377,955 bytes read
  Partitioned compression: HG005_GRCh38_1_22_v4.2.1_benchmark: rdf-scan heartbeat — 264,223,733 triples · 47,110,486,966 bytes read
  Partitioned compression: HG005_GRCh38_1_22_v4.2.1_benchmark: rdf-scan heartbeat — 264,590,407 triples · 47,177,595,983 bytes read
  Partitioned compression: HG005_GRCh38_1_22_v4.2.1_benchmark: rdf-scan chunk — 264,956,800 triples · 88 chunks · 47,244,648,372 bytes read
  Partitioned compression: HG005_GRCh38_1_22_v4.2.1_benchmark: hdt-chunks started — 87 chunks · hdt-build-00087
  Partitioned compression: HG005_GRCh38_1_22_v4.2.1_benchmark: hdt-chunks complete — 88 chunks · hdt-build-00087
  Partitioned compression: HG005_GRCh38_1_22_v4.2.1_benchmark: rdf-scan heartbeat — 264,957,109 triples · 47,244,704,868 bytes read
  Partitioned compression: HG005_GRCh38_1_22_v4.2.1_benchmark: rdf-scan heartbeat — 265,323,781 triples · 47,311,813,766 bytes read
  Partitioned compression: HG005_GRCh38_1_22_v4.2.1_benchmark: rdf-scan heartbeat — 265,690,469 triples · 47,378,922,723 bytes read
  Partitioned compression: HG005_GRCh38_1_22_v4.2.1_benchmark: rdf-scan heartbeat — 266,057,182 triples · 47,446,031,631 bytes read
  Partitioned compression: HG005_GRCh38_1_22_v4.2.1_benchmark: rdf-scan heartbeat — 266,423,914 triples · 47,513,140,632 bytes read
  Partitioned compression: HG005_GRCh38_1_22_v4.2.1_benchmark: rdf-scan heartbeat — 266,790,627 triples · 47,580,249,609 bytes read
  Partitioned compression: HG005_GRCh38_1_22_v4.2.1_benchmark: rdf-scan heartbeat — 267,157,375 triples · 47,647,358,665 bytes read
  Partitioned compression: HG005_GRCh38_1_22_v4.2.1_benchmark: rdf-scan heartbeat — 267,524,127 triples · 47,714,467,543 bytes read
  Partitioned compression: HG005_GRCh38_1_22_v4.2.1_benchmark: rdf-scan chunk — 267,890,529 triples · 89 chunks · 47,781,519,375 bytes read
  Partitioned compression: HG005_GRCh38_1_22_v4.2.1_benchmark: hdt-chunks started — 88 chunks · hdt-build-00088
  Partitioned compression: HG005_GRCh38_1_22_v4.2.1_benchmark: hdt-chunks complete — 89 chunks · hdt-build-00088
  Partitioned compression: HG005_GRCh38_1_22_v4.2.1_benchmark: rdf-scan heartbeat — 267,890,841 triples · 47,781,576,541 bytes read
  Partitioned compression: HG005_GRCh38_1_22_v4.2.1_benchmark: rdf-scan heartbeat — 268,257,538 triples · 47,848,685,503 bytes read
  Partitioned compression: HG005_GRCh38_1_22_v4.2.1_benchmark: rdf-scan heartbeat — 268,624,261 triples · 47,915,794,382 bytes read
  Partitioned compression: HG005_GRCh38_1_22_v4.2.1_benchmark: rdf-scan heartbeat — 268,990,959 triples · 47,982,903,255 bytes read
  Partitioned compression: HG005_GRCh38_1_22_v4.2.1_benchmark: rdf-scan heartbeat — 269,357,641 triples · 48,050,012,148 bytes read
  Partitioned compression: HG005_GRCh38_1_22_v4.2.1_benchmark: rdf-scan heartbeat — 269,724,350 triples · 48,117,121,137 bytes read
  Partitioned compression: HG005_GRCh38_1_22_v4.2.1_benchmark: rdf-scan heartbeat — 270,091,013 triples · 48,184,230,164 bytes read
  Partitioned compression: HG005_GRCh38_1_22_v4.2.1_benchmark: rdf-scan heartbeat — 270,457,697 triples · 48,251,339,083 bytes read
  Partitioned compression: HG005_GRCh38_1_22_v4.2.1_benchmark: rdf-scan chunk — 270,824,041 triples · 90 chunks · 48,318,390,346 bytes read
  Partitioned compression: HG005_GRCh38_1_22_v4.2.1_benchmark: hdt-chunks started — 89 chunks · hdt-build-00089
  Partitioned compression: HG005_GRCh38_1_22_v4.2.1_benchmark: hdt-chunks complete — 90 chunks · hdt-build-00089
  Partitioned compression: HG005_GRCh38_1_22_v4.2.1_benchmark: rdf-scan heartbeat — 270,824,356 triples · 48,318,447,982 bytes read
  Partitioned compression: HG005_GRCh38_1_22_v4.2.1_benchmark: rdf-scan heartbeat — 271,191,007 triples · 48,385,556,888 bytes read
  Partitioned compression: HG005_GRCh38_1_22_v4.2.1_benchmark: rdf-scan heartbeat — 271,557,668 triples · 48,452,665,834 bytes read
  Partitioned compression: HG005_GRCh38_1_22_v4.2.1_benchmark: rdf-scan heartbeat — 271,924,334 triples · 48,519,774,717 bytes read
  Partitioned compression: HG005_GRCh38_1_22_v4.2.1_benchmark: rdf-scan heartbeat — 272,291,047 triples · 48,586,883,609 bytes read
  Partitioned compression: HG005_GRCh38_1_22_v4.2.1_benchmark: rdf-scan heartbeat — 272,657,764 triples · 48,653,992,556 bytes read
  Partitioned compression: HG005_GRCh38_1_22_v4.2.1_benchmark: rdf-scan heartbeat — 273,024,461 triples · 48,721,101,422 bytes read
  Partitioned compression: HG005_GRCh38_1_22_v4.2.1_benchmark: rdf-scan heartbeat — 273,391,177 triples · 48,788,210,405 bytes read
  Partitioned compression: HG005_GRCh38_1_22_v4.2.1_benchmark: rdf-scan chunk — 273,757,586 triples · 91 chunks · 48,855,261,376 bytes read
  Partitioned compression: HG005_GRCh38_1_22_v4.2.1_benchmark: hdt-chunks started — 90 chunks · hdt-build-00090
  Partitioned compression: HG005_GRCh38_1_22_v4.2.1_benchmark: hdt-chunks complete — 91 chunks · hdt-build-00090
  Partitioned compression: HG005_GRCh38_1_22_v4.2.1_benchmark: rdf-scan heartbeat — 273,757,903 triples · 48,855,319,384 bytes read
  Partitioned compression: HG005_GRCh38_1_22_v4.2.1_benchmark: rdf-scan heartbeat — 274,124,624 triples · 48,922,428,350 bytes read
  Partitioned compression: HG005_GRCh38_1_22_v4.2.1_benchmark: rdf-scan heartbeat — 274,491,353 triples · 48,989,537,406 bytes read
  Partitioned compression: HG005_GRCh38_1_22_v4.2.1_benchmark: rdf-scan heartbeat — 274,858,069 triples · 49,056,646,291 bytes read
  Partitioned compression: HG005_GRCh38_1_22_v4.2.1_benchmark: rdf-scan heartbeat — 275,224,772 triples · 49,123,755,301 bytes read
  Partitioned compression: HG005_GRCh38_1_22_v4.2.1_benchmark: rdf-scan heartbeat — 275,591,465 triples · 49,190,864,174 bytes read
  Partitioned compression: HG005_GRCh38_1_22_v4.2.1_benchmark: rdf-scan heartbeat — 275,958,148 triples · 49,257,973,141 bytes read
  Partitioned compression: HG005_GRCh38_1_22_v4.2.1_benchmark: rdf-scan heartbeat — 276,324,851 triples · 49,325,082,035 bytes read
  Partitioned compression: HG005_GRCh38_1_22_v4.2.1_benchmark: rdf-scan chunk — 276,691,232 triples · 92 chunks · 49,392,132,300 bytes read
  Partitioned compression: HG005_GRCh38_1_22_v4.2.1_benchmark: hdt-chunks started — 91 chunks · hdt-build-00091
  Partitioned compression: HG005_GRCh38_1_22_v4.2.1_benchmark: hdt-chunks complete — 92 chunks · hdt-build-00091
  Partitioned compression: HG005_GRCh38_1_22_v4.2.1_benchmark: rdf-scan heartbeat — 276,691,552 triples · 49,392,190,986 bytes read
  Partitioned compression: HG005_GRCh38_1_22_v4.2.1_benchmark: rdf-scan heartbeat — 277,058,220 triples · 49,459,300,052 bytes read
  Partitioned compression: HG005_GRCh38_1_22_v4.2.1_benchmark: rdf-scan heartbeat — 277,424,913 triples · 49,526,409,018 bytes read
  Partitioned compression: HG005_GRCh38_1_22_v4.2.1_benchmark: rdf-scan heartbeat — 277,791,620 triples · 49,593,517,907 bytes read
  Partitioned compression: HG005_GRCh38_1_22_v4.2.1_benchmark: rdf-scan heartbeat — 278,158,307 triples · 49,660,626,932 bytes read
  Partitioned compression: HG005_GRCh38_1_22_v4.2.1_benchmark: rdf-scan heartbeat — 278,524,976 triples · 49,727,735,860 bytes read
  Partitioned compression: HG005_GRCh38_1_22_v4.2.1_benchmark: rdf-scan heartbeat — 278,891,636 triples · 49,794,844,747 bytes read
  Partitioned compression: HG005_GRCh38_1_22_v4.2.1_benchmark: rdf-scan heartbeat — 279,258,337 triples · 49,861,953,687 bytes read
  Partitioned compression: HG005_GRCh38_1_22_v4.2.1_benchmark: rdf-scan chunk — 279,624,716 triples · 93 chunks · 49,929,003,238 bytes read
  Partitioned compression: HG005_GRCh38_1_22_v4.2.1_benchmark: hdt-chunks started — 92 chunks · hdt-build-00092
  Partitioned compression: HG005_GRCh38_1_22_v4.2.1_benchmark: hdt-chunks complete — 93 chunks · hdt-build-00092
  Partitioned compression: HG005_GRCh38_1_22_v4.2.1_benchmark: rdf-scan heartbeat — 279,625,041 triples · 49,929,062,742 bytes read
  Partitioned compression: HG005_GRCh38_1_22_v4.2.1_benchmark: rdf-scan heartbeat — 279,991,733 triples · 49,996,171,769 bytes read
  Partitioned compression: HG005_GRCh38_1_22_v4.2.1_benchmark: rdf-scan heartbeat — 280,358,411 triples · 50,063,280,681 bytes read
  Partitioned compression: HG005_GRCh38_1_22_v4.2.1_benchmark: rdf-scan heartbeat — 280,725,121 triples · 50,130,389,705 bytes read
  Partitioned compression: HG005_GRCh38_1_22_v4.2.1_benchmark: rdf-scan heartbeat — 281,091,819 triples · 50,197,498,769 bytes read
  Partitioned compression: HG005_GRCh38_1_22_v4.2.1_benchmark: rdf-scan heartbeat — 281,458,563 triples · 50,264,607,740 bytes read
  Partitioned compression: HG005_GRCh38_1_22_v4.2.1_benchmark: rdf-scan heartbeat — 281,825,272 triples · 50,331,716,675 bytes read
  Partitioned compression: HG005_GRCh38_1_22_v4.2.1_benchmark: rdf-scan heartbeat — 282,191,974 triples · 50,398,825,622 bytes read
  Partitioned compression: HG005_GRCh38_1_22_v4.2.1_benchmark: rdf-scan chunk — 282,558,339 triples · 94 chunks · 50,465,874,297 bytes read
  Partitioned compression: HG005_GRCh38_1_22_v4.2.1_benchmark: hdt-chunks started — 93 chunks · hdt-build-00093
  Partitioned compression: HG005_GRCh38_1_22_v4.2.1_benchmark: hdt-chunks complete — 94 chunks · hdt-build-00093
  Partitioned compression: HG005_GRCh38_1_22_v4.2.1_benchmark: rdf-scan heartbeat — 282,558,668 triples · 50,465,934,651 bytes read
  Partitioned compression: HG005_GRCh38_1_22_v4.2.1_benchmark: rdf-scan heartbeat — 282,925,397 triples · 50,533,043,692 bytes read
  Partitioned compression: HG005_GRCh38_1_22_v4.2.1_benchmark: rdf-scan heartbeat — 283,292,109 triples · 50,600,152,690 bytes read
  Partitioned compression: HG005_GRCh38_1_22_v4.2.1_benchmark: rdf-scan heartbeat — 283,658,756 triples · 50,667,261,691 bytes read
  Partitioned compression: HG005_GRCh38_1_22_v4.2.1_benchmark: rdf-scan heartbeat — 284,025,419 triples · 50,734,370,668 bytes read
  Partitioned compression: HG005_GRCh38_1_22_v4.2.1_benchmark: rdf-scan heartbeat — 284,392,073 triples · 50,801,479,590 bytes read
  Partitioned compression: HG005_GRCh38_1_22_v4.2.1_benchmark: rdf-scan heartbeat — 284,758,739 triples · 50,868,588,593 bytes read
  Partitioned compression: HG005_GRCh38_1_22_v4.2.1_benchmark: rdf-scan heartbeat — 285,125,418 triples · 50,935,697,581 bytes read
  Partitioned compression: HG005_GRCh38_1_22_v4.2.1_benchmark: rdf-scan chunk — 285,491,752 triples · 95 chunks · 51,002,745,210 bytes read
  Partitioned compression: HG005_GRCh38_1_22_v4.2.1_benchmark: hdt-chunks started — 94 chunks · hdt-build-00094
  Partitioned compression: HG005_GRCh38_1_22_v4.2.1_benchmark: hdt-chunks complete — 95 chunks · hdt-build-00094
  Partitioned compression: HG005_GRCh38_1_22_v4.2.1_benchmark: rdf-scan heartbeat — 285,492,087 triples · 51,002,806,500 bytes read
  Partitioned compression: HG005_GRCh38_1_22_v4.2.1_benchmark: rdf-scan heartbeat — 285,858,746 triples · 51,069,915,563 bytes read
  Partitioned compression: HG005_GRCh38_1_22_v4.2.1_benchmark: rdf-scan heartbeat — 286,225,419 triples · 51,137,024,555 bytes read
  Partitioned compression: HG005_GRCh38_1_22_v4.2.1_benchmark: rdf-scan heartbeat — 286,592,071 triples · 51,204,133,527 bytes read
  Partitioned compression: HG005_GRCh38_1_22_v4.2.1_benchmark: rdf-scan heartbeat — 286,958,770 triples · 51,271,242,578 bytes read
  Partitioned compression: HG005_GRCh38_1_22_v4.2.1_benchmark: rdf-scan heartbeat — 287,325,458 triples · 51,338,351,570 bytes read
  Partitioned compression: HG005_GRCh38_1_22_v4.2.1_benchmark: rdf-scan heartbeat — 287,692,131 triples · 51,405,460,529 bytes read
  Partitioned compression: HG005_GRCh38_1_22_v4.2.1_benchmark: rdf-scan heartbeat — 288,058,833 triples · 51,472,569,543 bytes read
  Partitioned compression: HG005_GRCh38_1_22_v4.2.1_benchmark: rdf-scan chunk — 288,425,211 triples · 96 chunks · 51,539,616,227 bytes read
  Partitioned compression: HG005_GRCh38_1_22_v4.2.1_benchmark: hdt-chunks started — 95 chunks · hdt-build-00095
  Partitioned compression: HG005_GRCh38_1_22_v4.2.1_benchmark: hdt-chunks complete — 96 chunks · hdt-build-00095
  Partitioned compression: HG005_GRCh38_1_22_v4.2.1_benchmark: rdf-scan heartbeat — 288,425,551 triples · 51,539,678,566 bytes read
  Partitioned compression: HG005_GRCh38_1_22_v4.2.1_benchmark: rdf-scan heartbeat — 288,792,248 triples · 51,606,787,480 bytes read
  Partitioned compression: HG005_GRCh38_1_22_v4.2.1_benchmark: rdf-scan heartbeat — 289,158,950 triples · 51,673,896,524 bytes read
  Partitioned compression: HG005_GRCh38_1_22_v4.2.1_benchmark: rdf-scan heartbeat — 289,525,656 triples · 51,741,005,507 bytes read
  Partitioned compression: HG005_GRCh38_1_22_v4.2.1_benchmark: rdf-scan heartbeat — 289,892,390 triples · 51,808,114,471 bytes read
  Partitioned compression: HG005_GRCh38_1_22_v4.2.1_benchmark: rdf-scan heartbeat — 290,259,118 triples · 51,875,223,483 bytes read
  Partitioned compression: HG005_GRCh38_1_22_v4.2.1_benchmark: rdf-scan heartbeat — 290,625,813 triples · 51,942,332,436 bytes read
  Partitioned compression: HG005_GRCh38_1_22_v4.2.1_benchmark: rdf-scan heartbeat — 290,992,521 triples · 52,009,441,403 bytes read
  Partitioned compression: HG005_GRCh38_1_22_v4.2.1_benchmark: rdf-scan chunk — 291,358,897 triples · 97 chunks · 52,076,487,207 bytes read
  Partitioned compression: HG005_GRCh38_1_22_v4.2.1_benchmark: hdt-chunks started — 96 chunks · hdt-build-00096
  Partitioned compression: HG005_GRCh38_1_22_v4.2.1_benchmark: hdt-chunks complete — 97 chunks · hdt-build-00096
  Partitioned compression: HG005_GRCh38_1_22_v4.2.1_benchmark: rdf-scan heartbeat — 291,359,242 triples · 52,076,550,339 bytes read
  Partitioned compression: HG005_GRCh38_1_22_v4.2.1_benchmark: rdf-scan heartbeat — 291,726,064 triples · 52,143,659,350 bytes read
  Partitioned compression: HG005_GRCh38_1_22_v4.2.1_benchmark: rdf-scan heartbeat — 292,092,866 triples · 52,210,768,266 bytes read
  Partitioned compression: HG005_GRCh38_1_22_v4.2.1_benchmark: rdf-scan heartbeat — 292,459,569 triples · 52,277,877,202 bytes read
  Partitioned compression: HG005_GRCh38_1_22_v4.2.1_benchmark: rdf-scan heartbeat — 292,826,244 triples · 52,344,986,256 bytes read
  Partitioned compression: HG005_GRCh38_1_22_v4.2.1_benchmark: rdf-scan heartbeat — 293,192,931 triples · 52,412,095,251 bytes read
  Partitioned compression: HG005_GRCh38_1_22_v4.2.1_benchmark: rdf-scan heartbeat — 293,559,636 triples · 52,479,204,170 bytes read
  Partitioned compression: HG005_GRCh38_1_22_v4.2.1_benchmark: rdf-scan heartbeat — 293,926,368 triples · 52,546,313,067 bytes read
  Partitioned compression: HG005_GRCh38_1_22_v4.2.1_benchmark: rdf-scan chunk — 294,292,746 triples · 98 chunks · 52,613,358,261 bytes read
  Partitioned compression: HG005_GRCh38_1_22_v4.2.1_benchmark: hdt-chunks started — 97 chunks · hdt-build-00097
  Partitioned compression: HG005_GRCh38_1_22_v4.2.1_benchmark: hdt-chunks complete — 98 chunks · hdt-build-00097
  Partitioned compression: HG005_GRCh38_1_22_v4.2.1_benchmark: rdf-scan heartbeat — 294,293,094 triples · 52,613,422,013 bytes read
  Partitioned compression: HG005_GRCh38_1_22_v4.2.1_benchmark: rdf-scan heartbeat — 294,659,846 triples · 52,680,530,920 bytes read
  Partitioned compression: HG005_GRCh38_1_22_v4.2.1_benchmark: rdf-scan heartbeat — 295,026,659 triples · 52,747,639,917 bytes read
  Partitioned compression: HG005_GRCh38_1_22_v4.2.1_benchmark: rdf-scan heartbeat — 295,393,372 triples · 52,814,748,874 bytes read
  Partitioned compression: HG005_GRCh38_1_22_v4.2.1_benchmark: rdf-scan heartbeat — 295,760,129 triples · 52,881,857,764 bytes read
  Partitioned compression: HG005_GRCh38_1_22_v4.2.1_benchmark: rdf-scan heartbeat — 296,126,824 triples · 52,948,966,691 bytes read
  Partitioned compression: HG005_GRCh38_1_22_v4.2.1_benchmark: rdf-scan heartbeat — 296,493,508 triples · 53,016,075,717 bytes read
  Partitioned compression: HG005_GRCh38_1_22_v4.2.1_benchmark: rdf-scan heartbeat — 296,860,169 triples · 53,083,184,725 bytes read
  Partitioned compression: HG005_GRCh38_1_22_v4.2.1_benchmark: rdf-scan chunk — 297,226,494 triples · 99 chunks · 53,150,229,230 bytes read
  Partitioned compression: HG005_GRCh38_1_22_v4.2.1_benchmark: hdt-chunks started — 98 chunks · hdt-build-00098
  Partitioned compression: HG005_GRCh38_1_22_v4.2.1_benchmark: hdt-chunks complete — 99 chunks · hdt-build-00098
  Partitioned compression: HG005_GRCh38_1_22_v4.2.1_benchmark: rdf-scan heartbeat — 297,226,846 triples · 53,150,293,653 bytes read
  Partitioned compression: HG005_GRCh38_1_22_v4.2.1_benchmark: rdf-scan heartbeat — 297,593,524 triples · 53,217,402,582 bytes read
  Partitioned compression: HG005_GRCh38_1_22_v4.2.1_benchmark: rdf-scan heartbeat — 297,960,229 triples · 53,284,511,551 bytes read
  Partitioned compression: HG005_GRCh38_1_22_v4.2.1_benchmark: rdf-scan heartbeat — 298,326,933 triples · 53,351,620,415 bytes read
  Partitioned compression: HG005_GRCh38_1_22_v4.2.1_benchmark: rdf-scan heartbeat — 298,693,598 triples · 53,418,729,441 bytes read
  Partitioned compression: HG005_GRCh38_1_22_v4.2.1_benchmark: rdf-scan heartbeat — 299,060,246 triples · 53,485,838,325 bytes read
  Partitioned compression: HG005_GRCh38_1_22_v4.2.1_benchmark: rdf-scan heartbeat — 299,426,924 triples · 53,552,947,267 bytes read
  Partitioned compression: HG005_GRCh38_1_22_v4.2.1_benchmark: rdf-scan heartbeat — 299,793,588 triples · 53,620,056,148 bytes read
  Partitioned compression: HG005_GRCh38_1_22_v4.2.1_benchmark: rdf-scan chunk — 300,159,927 triples · 100 chunks · 53,687,100,240 bytes read
  Partitioned compression: HG005_GRCh38_1_22_v4.2.1_benchmark: hdt-chunks started — 99 chunks · hdt-build-00099
  Partitioned compression: HG005_GRCh38_1_22_v4.2.1_benchmark: hdt-chunks complete — 100 chunks · hdt-build-00099
  Partitioned compression: HG005_GRCh38_1_22_v4.2.1_benchmark: rdf-scan heartbeat — 300,160,282 triples · 53,687,165,153 bytes read
  Partitioned compression: HG005_GRCh38_1_22_v4.2.1_benchmark: rdf-scan heartbeat — 300,526,971 triples · 53,754,274,155 bytes read
  Partitioned compression: HG005_GRCh38_1_22_v4.2.1_benchmark: rdf-scan heartbeat — 300,893,675 triples · 53,821,383,158 bytes read
  Partitioned compression: HG005_GRCh38_1_22_v4.2.1_benchmark: rdf-scan heartbeat — 301,260,442 triples · 53,888,492,101 bytes read
  Partitioned compression: HG005_GRCh38_1_22_v4.2.1_benchmark: rdf-scan heartbeat — 301,627,157 triples · 53,955,601,018 bytes read
  Partitioned compression: HG005_GRCh38_1_22_v4.2.1_benchmark: rdf-scan heartbeat — 301,993,881 triples · 54,022,709,982 bytes read
  Partitioned compression: HG005_GRCh38_1_22_v4.2.1_benchmark: rdf-scan heartbeat — 302,360,606 triples · 54,089,818,872 bytes read
  Partitioned compression: HG005_GRCh38_1_22_v4.2.1_benchmark: rdf-scan heartbeat — 302,727,314 triples · 54,156,927,879 bytes read
  Partitioned compression: HG005_GRCh38_1_22_v4.2.1_benchmark: rdf-scan chunk — 303,093,635 triples · 101 chunks · 54,223,971,159 bytes read
  Partitioned compression: HG005_GRCh38_1_22_v4.2.1_benchmark: hdt-chunks started — 100 chunks · hdt-build-00100
  Partitioned compression: HG005_GRCh38_1_22_v4.2.1_benchmark: hdt-chunks complete — 101 chunks · hdt-build-00100
  Partitioned compression: HG005_GRCh38_1_22_v4.2.1_benchmark: rdf-scan heartbeat — 303,093,994 triples · 54,224,036,865 bytes read
  Partitioned compression: HG005_GRCh38_1_22_v4.2.1_benchmark: rdf-scan heartbeat — 303,460,683 triples · 54,291,145,796 bytes read
  Partitioned compression: HG005_GRCh38_1_22_v4.2.1_benchmark: rdf-scan heartbeat — 303,827,396 triples · 54,358,254,720 bytes read
  Partitioned compression: HG005_GRCh38_1_22_v4.2.1_benchmark: rdf-scan heartbeat — 304,194,114 triples · 54,425,363,674 bytes read
  Partitioned compression: HG005_GRCh38_1_22_v4.2.1_benchmark: rdf-scan heartbeat — 304,560,814 triples · 54,492,472,645 bytes read
  Partitioned compression: HG005_GRCh38_1_22_v4.2.1_benchmark: rdf-scan heartbeat — 304,927,533 triples · 54,559,581,552 bytes read
  Partitioned compression: HG005_GRCh38_1_22_v4.2.1_benchmark: rdf-scan heartbeat — 305,294,245 triples · 54,626,690,470 bytes read
  Partitioned compression: HG005_GRCh38_1_22_v4.2.1_benchmark: rdf-scan heartbeat — 305,660,988 triples · 54,693,799,403 bytes read
  Partitioned compression: HG005_GRCh38_1_22_v4.2.1_benchmark: rdf-scan chunk — 306,027,317 triples · 102 chunks · 54,760,842,121 bytes read
  Partitioned compression: HG005_GRCh38_1_22_v4.2.1_benchmark: hdt-chunks started — 101 chunks · hdt-build-00101
  Partitioned compression: HG005_GRCh38_1_22_v4.2.1_benchmark: hdt-chunks complete — 102 chunks · hdt-build-00101
  Partitioned compression: HG005_GRCh38_1_22_v4.2.1_benchmark: rdf-scan heartbeat — 306,027,679 triples · 54,760,908,343 bytes read
  Partitioned compression: HG005_GRCh38_1_22_v4.2.1_benchmark: rdf-scan heartbeat — 306,394,368 triples · 54,828,017,277 bytes read
  Partitioned compression: HG005_GRCh38_1_22_v4.2.1_benchmark: rdf-scan heartbeat — 306,761,064 triples · 54,895,126,333 bytes read
  Partitioned compression: HG005_GRCh38_1_22_v4.2.1_benchmark: rdf-scan heartbeat — 307,127,761 triples · 54,962,235,364 bytes read
  Partitioned compression: HG005_GRCh38_1_22_v4.2.1_benchmark: rdf-scan heartbeat — 307,494,459 triples · 55,029,344,295 bytes read
  Partitioned compression: HG005_GRCh38_1_22_v4.2.1_benchmark: rdf-scan heartbeat — 307,861,183 triples · 55,096,453,230 bytes read
  Partitioned compression: HG005_GRCh38_1_22_v4.2.1_benchmark: rdf-scan heartbeat — 308,227,901 triples · 55,163,562,149 bytes read
  Partitioned compression: HG005_GRCh38_1_22_v4.2.1_benchmark: rdf-scan heartbeat — 308,600,685 triples · 55,230,671,014 bytes read
  Partitioned compression: HG005_GRCh38_1_22_v4.2.1_benchmark: rdf-scan chunk — 308,972,317 triples · 103 chunks · 55,297,713,091 bytes read
  Partitioned compression: HG005_GRCh38_1_22_v4.2.1_benchmark: hdt-chunks started — 102 chunks · hdt-build-00102
  Partitioned compression: HG005_GRCh38_1_22_v4.2.1_benchmark: hdt-chunks complete — 103 chunks · hdt-build-00102
  Partitioned compression: HG005_GRCh38_1_22_v4.2.1_benchmark: rdf-scan heartbeat — 308,972,689 triples · 55,297,780,042 bytes read
  Partitioned compression: HG005_GRCh38_1_22_v4.2.1_benchmark: rdf-scan heartbeat — 309,343,658 triples · 55,364,889,024 bytes read
  Partitioned compression: HG005_GRCh38_1_22_v4.2.1_benchmark: rdf-scan heartbeat — 309,713,253 triples · 55,431,998,027 bytes read
  Partitioned compression: HG005_GRCh38_1_22_v4.2.1_benchmark: rdf-scan heartbeat — 310,082,921 triples · 55,499,107,024 bytes read
  Partitioned compression: HG005_GRCh38_1_22_v4.2.1_benchmark: rdf-scan heartbeat — 310,452,669 triples · 55,566,215,953 bytes read
  Partitioned compression: HG005_GRCh38_1_22_v4.2.1_benchmark: rdf-scan heartbeat — 310,821,945 triples · 55,633,324,823 bytes read
  Partitioned compression: HG005_GRCh38_1_22_v4.2.1_benchmark: rdf-scan heartbeat — 311,191,704 triples · 55,700,433,820 bytes read
  Partitioned compression: HG005_GRCh38_1_22_v4.2.1_benchmark: rdf-scan heartbeat — 311,561,289 triples · 55,767,542,723 bytes read
  Partitioned compression: HG005_GRCh38_1_22_v4.2.1_benchmark: rdf-scan chunk — 311,930,409 triples · 104 chunks · 55,834,584,089 bytes read
  Partitioned compression: HG005_GRCh38_1_22_v4.2.1_benchmark: hdt-chunks started — 103 chunks · hdt-build-00103
  Partitioned compression: HG005_GRCh38_1_22_v4.2.1_benchmark: hdt-chunks complete — 104 chunks · hdt-build-00103
  Partitioned compression: HG005_GRCh38_1_22_v4.2.1_benchmark: rdf-scan heartbeat — 311,930,781 triples · 55,834,651,636 bytes read
  Partitioned compression: HG005_GRCh38_1_22_v4.2.1_benchmark: rdf-scan heartbeat — 312,300,326 triples · 55,901,760,529 bytes read
  Partitioned compression: HG005_GRCh38_1_22_v4.2.1_benchmark: rdf-scan heartbeat — 312,669,825 triples · 55,968,869,531 bytes read
  Partitioned compression: HG005_GRCh38_1_22_v4.2.1_benchmark: rdf-scan heartbeat — 313,039,351 triples · 56,035,978,503 bytes read
  Partitioned compression: HG005_GRCh38_1_22_v4.2.1_benchmark: rdf-scan heartbeat — 313,408,757 triples · 56,103,087,459 bytes read
  Partitioned compression: HG005_GRCh38_1_22_v4.2.1_benchmark: rdf-scan heartbeat — 313,778,333 triples · 56,170,196,358 bytes read
  Partitioned compression: HG005_GRCh38_1_22_v4.2.1_benchmark: rdf-scan heartbeat — 314,147,884 triples · 56,237,305,346 bytes read
  Partitioned compression: HG005_GRCh38_1_22_v4.2.1_benchmark: rdf-scan heartbeat — 314,517,334 triples · 56,304,414,384 bytes read
  Partitioned compression: HG005_GRCh38_1_22_v4.2.1_benchmark: rdf-scan chunk — 314,886,063 triples · 105 chunks · 56,371,455,015 bytes read
  Partitioned compression: HG005_GRCh38_1_22_v4.2.1_benchmark: hdt-chunks started — 104 chunks · hdt-build-00104
  Partitioned compression: HG005_GRCh38_1_22_v4.2.1_benchmark: hdt-chunks complete — 105 chunks · hdt-build-00104
  Partitioned compression: HG005_GRCh38_1_22_v4.2.1_benchmark: rdf-scan heartbeat — 314,886,441 triples · 56,371,523,353 bytes read
  Partitioned compression: HG005_GRCh38_1_22_v4.2.1_benchmark: rdf-scan heartbeat — 315,255,765 triples · 56,438,632,253 bytes read
  Partitioned compression: HG005_GRCh38_1_22_v4.2.1_benchmark: rdf-scan heartbeat — 315,625,162 triples · 56,505,741,192 bytes read
  Partitioned compression: HG005_GRCh38_1_22_v4.2.1_benchmark: rdf-scan heartbeat — 315,994,495 triples · 56,572,850,091 bytes read
  Partitioned compression: HG005_GRCh38_1_22_v4.2.1_benchmark: rdf-scan heartbeat — 316,363,834 triples · 56,639,959,077 bytes read
  Partitioned compression: HG005_GRCh38_1_22_v4.2.1_benchmark: rdf-scan heartbeat — 316,733,199 triples · 56,707,068,043 bytes read
  Partitioned compression: HG005_GRCh38_1_22_v4.2.1_benchmark: rdf-scan heartbeat — 317,102,731 triples · 56,774,176,945 bytes read
  Partitioned compression: HG005_GRCh38_1_22_v4.2.1_benchmark: rdf-scan heartbeat — 317,471,390 triples · 56,841,285,824 bytes read
  Partitioned compression: HG005_GRCh38_1_22_v4.2.1_benchmark: rdf-scan chunk — 317,837,994 triples · 106 chunks · 56,908,325,928 bytes read
  Partitioned compression: HG005_GRCh38_1_22_v4.2.1_benchmark: hdt-chunks started — 105 chunks · hdt-build-00105
  Partitioned compression: HG005_GRCh38_1_22_v4.2.1_benchmark: hdt-chunks complete — 106 chunks · hdt-build-00105
  Partitioned compression: HG005_GRCh38_1_22_v4.2.1_benchmark: rdf-scan heartbeat — 317,838,370 triples · 56,908,394,832 bytes read
  Partitioned compression: HG005_GRCh38_1_22_v4.2.1_benchmark: rdf-scan heartbeat — 318,205,351 triples · 56,975,503,788 bytes read
  Partitioned compression: HG005_GRCh38_1_22_v4.2.1_benchmark: rdf-scan heartbeat — 318,572,273 triples · 57,042,612,764 bytes read
  Partitioned compression: HG005_GRCh38_1_22_v4.2.1_benchmark: rdf-scan heartbeat — 318,939,215 triples · 57,109,721,746 bytes read
  Partitioned compression: HG005_GRCh38_1_22_v4.2.1_benchmark: rdf-scan heartbeat — 319,306,218 triples · 57,176,830,689 bytes read
  Partitioned compression: HG005_GRCh38_1_22_v4.2.1_benchmark: rdf-scan heartbeat — 319,673,250 triples · 57,243,939,646 bytes read
  Partitioned compression: HG005_GRCh38_1_22_v4.2.1_benchmark: rdf-scan heartbeat — 320,040,285 triples · 57,311,048,543 bytes read
  Partitioned compression: HG005_GRCh38_1_22_v4.2.1_benchmark: rdf-scan heartbeat — 320,407,206 triples · 57,378,157,480 bytes read
  Partitioned compression: HG005_GRCh38_1_22_v4.2.1_benchmark: rdf-scan chunk — 320,773,846 triples · 107 chunks · 57,445,196,987 bytes read
  Partitioned compression: HG005_GRCh38_1_22_v4.2.1_benchmark: hdt-chunks started — 106 chunks · hdt-build-00106
  Partitioned compression: HG005_GRCh38_1_22_v4.2.1_benchmark: hdt-chunks complete — 107 chunks · hdt-build-00106
  Partitioned compression: HG005_GRCh38_1_22_v4.2.1_benchmark: rdf-scan heartbeat — 320,774,225 triples · 57,445,266,374 bytes read
  Partitioned compression: HG005_GRCh38_1_22_v4.2.1_benchmark: rdf-scan heartbeat — 321,141,226 triples · 57,512,375,404 bytes read
  Partitioned compression: HG005_GRCh38_1_22_v4.2.1_benchmark: rdf-scan heartbeat — 321,508,129 triples · 57,579,484,358 bytes read
  Partitioned compression: HG005_GRCh38_1_22_v4.2.1_benchmark: rdf-scan heartbeat — 321,874,986 triples · 57,646,593,235 bytes read
  Partitioned compression: HG005_GRCh38_1_22_v4.2.1_benchmark: rdf-scan heartbeat — 322,242,066 triples · 57,713,702,162 bytes read
  Partitioned compression: HG005_GRCh38_1_22_v4.2.1_benchmark: rdf-scan heartbeat — 322,608,965 triples · 57,780,811,167 bytes read
  Partitioned compression: HG005_GRCh38_1_22_v4.2.1_benchmark: rdf-scan heartbeat — 322,976,480 triples · 57,847,920,249 bytes read
  Partitioned compression: HG005_GRCh38_1_22_v4.2.1_benchmark: rdf-scan heartbeat — 323,344,813 triples · 57,915,029,203 bytes read
  Partitioned compression: HG005_GRCh38_1_22_v4.2.1_benchmark: rdf-scan chunk — 323,711,802 triples · 108 chunks · 57,982,068,028 bytes read
  Partitioned compression: HG005_GRCh38_1_22_v4.2.1_benchmark: hdt-chunks started — 107 chunks · hdt-build-00107
  Partitioned compression: HG005_GRCh38_1_22_v4.2.1_benchmark: hdt-chunks complete — 108 chunks · hdt-build-00107
  Partitioned compression: HG005_GRCh38_1_22_v4.2.1_benchmark: rdf-scan heartbeat — 323,712,186 triples · 57,982,138,188 bytes read
  Partitioned compression: HG005_GRCh38_1_22_v4.2.1_benchmark: rdf-scan heartbeat — 324,079,415 triples · 58,049,247,069 bytes read
  Partitioned compression: HG005_GRCh38_1_22_v4.2.1_benchmark: rdf-scan heartbeat — 324,446,491 triples · 58,116,355,979 bytes read
  Partitioned compression: HG005_GRCh38_1_22_v4.2.1_benchmark: rdf-scan heartbeat — 324,813,648 triples · 58,183,464,941 bytes read
  Partitioned compression: HG005_GRCh38_1_22_v4.2.1_benchmark: rdf-scan heartbeat — 325,180,515 triples · 58,250,573,916 bytes read
  Partitioned compression: HG005_GRCh38_1_22_v4.2.1_benchmark: rdf-scan heartbeat — 325,547,446 triples · 58,317,682,818 bytes read
  Partitioned compression: HG005_GRCh38_1_22_v4.2.1_benchmark: rdf-scan heartbeat — 325,914,419 triples · 58,384,791,743 bytes read
  Partitioned compression: HG005_GRCh38_1_22_v4.2.1_benchmark: rdf-scan heartbeat — 326,281,332 triples · 58,451,900,684 bytes read
  Partitioned compression: HG005_GRCh38_1_22_v4.2.1_benchmark: rdf-scan chunk — 326,648,025 triples · 109 chunks · 58,518,938,942 bytes read
  Partitioned compression: HG005_GRCh38_1_22_v4.2.1_benchmark: hdt-chunks started — 108 chunks · hdt-build-00108
  Partitioned compression: HG005_GRCh38_1_22_v4.2.1_benchmark: hdt-chunks complete — 109 chunks · hdt-build-00108
  Partitioned compression: HG005_GRCh38_1_22_v4.2.1_benchmark: rdf-scan heartbeat — 326,648,410 triples · 58,519,009,676 bytes read
  Partitioned compression: HG005_GRCh38_1_22_v4.2.1_benchmark: rdf-scan heartbeat — 327,015,537 triples · 58,586,118,699 bytes read
  Partitioned compression: HG005_GRCh38_1_22_v4.2.1_benchmark: rdf-scan heartbeat — 327,382,437 triples · 58,653,227,597 bytes read
  Partitioned compression: HG005_GRCh38_1_22_v4.2.1_benchmark: rdf-scan heartbeat — 327,749,276 triples · 58,720,336,592 bytes read
  Partitioned compression: HG005_GRCh38_1_22_v4.2.1_benchmark: rdf-scan heartbeat — 328,116,261 triples · 58,787,445,472 bytes read
  Partitioned compression: HG005_GRCh38_1_22_v4.2.1_benchmark: rdf-scan heartbeat — 328,483,302 triples · 58,854,554,488 bytes read
  Partitioned compression: HG005_GRCh38_1_22_v4.2.1_benchmark: rdf-scan heartbeat — 328,850,222 triples · 58,921,663,366 bytes read
  Partitioned compression: HG005_GRCh38_1_22_v4.2.1_benchmark: rdf-scan heartbeat — 329,217,247 triples · 58,988,772,308 bytes read
  Partitioned compression: HG005_GRCh38_1_22_v4.2.1_benchmark: rdf-scan chunk — 329,583,899 triples · 110 chunks · 59,055,810,081 bytes read
  Partitioned compression: HG005_GRCh38_1_22_v4.2.1_benchmark: hdt-chunks started — 109 chunks · hdt-build-00109
  Partitioned compression: HG005_GRCh38_1_22_v4.2.1_benchmark: hdt-chunks complete — 110 chunks · hdt-build-00109
  Partitioned compression: HG005_GRCh38_1_22_v4.2.1_benchmark: rdf-scan heartbeat — 329,584,289 triples · 59,055,881,214 bytes read
  Partitioned compression: HG005_GRCh38_1_22_v4.2.1_benchmark: rdf-scan heartbeat — 329,951,323 triples · 59,122,990,169 bytes read
  Partitioned compression: HG005_GRCh38_1_22_v4.2.1_benchmark: rdf-scan heartbeat — 330,318,476 triples · 59,190,099,034 bytes read
  Partitioned compression: HG005_GRCh38_1_22_v4.2.1_benchmark: rdf-scan heartbeat — 330,685,406 triples · 59,257,208,004 bytes read
  Partitioned compression: HG005_GRCh38_1_22_v4.2.1_benchmark: rdf-scan heartbeat — 331,052,392 triples · 59,324,316,896 bytes read
  Partitioned compression: HG005_GRCh38_1_22_v4.2.1_benchmark: rdf-scan heartbeat — 331,419,389 triples · 59,391,425,779 bytes read
  Partitioned compression: HG005_GRCh38_1_22_v4.2.1_benchmark: rdf-scan heartbeat — 331,786,238 triples · 59,458,534,789 bytes read
  Partitioned compression: HG005_GRCh38_1_22_v4.2.1_benchmark: rdf-scan heartbeat — 332,153,103 triples · 59,525,643,736 bytes read
  Partitioned compression: HG005_GRCh38_1_22_v4.2.1_benchmark: rdf-scan chunk — 332,519,539 triples · 111 chunks · 59,592,681,031 bytes read
  Partitioned compression: HG005_GRCh38_1_22_v4.2.1_benchmark: hdt-chunks started — 110 chunks · hdt-build-00110
  Partitioned compression: HG005_GRCh38_1_22_v4.2.1_benchmark: hdt-chunks complete — 111 chunks · hdt-build-00110
  Partitioned compression: HG005_GRCh38_1_22_v4.2.1_benchmark: rdf-scan heartbeat — 332,519,933 triples · 59,592,752,772 bytes read
  Partitioned compression: HG005_GRCh38_1_22_v4.2.1_benchmark: rdf-scan heartbeat — 332,886,985 triples · 59,659,861,757 bytes read
  Partitioned compression: HG005_GRCh38_1_22_v4.2.1_benchmark: rdf-scan heartbeat — 333,254,011 triples · 59,726,970,627 bytes read
  Partitioned compression: HG005_GRCh38_1_22_v4.2.1_benchmark: rdf-scan heartbeat — 333,621,056 triples · 59,794,079,604 bytes read
  Partitioned compression: HG005_GRCh38_1_22_v4.2.1_benchmark: rdf-scan heartbeat — 333,988,026 triples · 59,861,188,624 bytes read
  Partitioned compression: HG005_GRCh38_1_22_v4.2.1_benchmark: rdf-scan heartbeat — 334,354,844 triples · 59,928,297,528 bytes read
  Partitioned compression: HG005_GRCh38_1_22_v4.2.1_benchmark: rdf-scan heartbeat — 334,721,837 triples · 59,995,406,409 bytes read
  Partitioned compression: HG005_GRCh38_1_22_v4.2.1_benchmark: rdf-scan heartbeat — 335,088,801 triples · 60,062,515,355 bytes read
  Partitioned compression: HG005_GRCh38_1_22_v4.2.1_benchmark: rdf-scan chunk — 335,455,367 triples · 112 chunks · 60,129,552,020 bytes read
  Partitioned compression: HG005_GRCh38_1_22_v4.2.1_benchmark: hdt-chunks started — 111 chunks · hdt-build-00111
  Partitioned compression: HG005_GRCh38_1_22_v4.2.1_benchmark: hdt-chunks complete — 112 chunks · hdt-build-00111
  Partitioned compression: HG005_GRCh38_1_22_v4.2.1_benchmark: rdf-scan heartbeat — 335,455,762 triples · 60,129,624,373 bytes read
  Partitioned compression: HG005_GRCh38_1_22_v4.2.1_benchmark: rdf-scan heartbeat — 335,822,960 triples · 60,196,733,299 bytes read
  Partitioned compression: HG005_GRCh38_1_22_v4.2.1_benchmark: rdf-scan heartbeat — 336,189,995 triples · 60,263,842,203 bytes read
  Partitioned compression: HG005_GRCh38_1_22_v4.2.1_benchmark: rdf-scan heartbeat — 336,557,358 triples · 60,330,951,097 bytes read
  Partitioned compression: HG005_GRCh38_1_22_v4.2.1_benchmark: rdf-scan heartbeat — 336,924,552 triples · 60,398,060,011 bytes read
  Partitioned compression: HG005_GRCh38_1_22_v4.2.1_benchmark: rdf-scan heartbeat — 337,291,545 triples · 60,465,168,998 bytes read
  Partitioned compression: HG005_GRCh38_1_22_v4.2.1_benchmark: rdf-scan heartbeat — 337,658,372 triples · 60,532,277,963 bytes read
  Partitioned compression: HG005_GRCh38_1_22_v4.2.1_benchmark: rdf-scan heartbeat — 338,025,193 triples · 60,599,386,918 bytes read
  Partitioned compression: HG005_GRCh38_1_22_v4.2.1_benchmark: rdf-scan chunk — 338,391,702 triples · 113 chunks · 60,666,423,096 bytes read
  Partitioned compression: HG005_GRCh38_1_22_v4.2.1_benchmark: hdt-chunks started — 112 chunks · hdt-build-00112
  Partitioned compression: HG005_GRCh38_1_22_v4.2.1_benchmark: hdt-chunks complete — 113 chunks · hdt-build-00112
  Partitioned compression: HG005_GRCh38_1_22_v4.2.1_benchmark: rdf-scan heartbeat — 338,392,100 triples · 60,666,495,869 bytes read
  Partitioned compression: HG005_GRCh38_1_22_v4.2.1_benchmark: rdf-scan heartbeat — 338,759,094 triples · 60,733,604,904 bytes read
  Partitioned compression: HG005_GRCh38_1_22_v4.2.1_benchmark: rdf-scan heartbeat — 339,125,862 triples · 60,800,713,850 bytes read
  Partitioned compression: HG005_GRCh38_1_22_v4.2.1_benchmark: rdf-scan heartbeat — 339,492,645 triples · 60,867,822,819 bytes read
  Partitioned compression: HG005_GRCh38_1_22_v4.2.1_benchmark: rdf-scan heartbeat — 339,859,528 triples · 60,934,931,764 bytes read
  Partitioned compression: HG005_GRCh38_1_22_v4.2.1_benchmark: rdf-scan heartbeat — 340,226,685 triples · 61,002,040,659 bytes read
  Partitioned compression: HG005_GRCh38_1_22_v4.2.1_benchmark: rdf-scan heartbeat — 340,593,443 triples · 61,069,149,592 bytes read
  Partitioned compression: HG005_GRCh38_1_22_v4.2.1_benchmark: rdf-scan heartbeat — 340,960,459 triples · 61,136,258,477 bytes read
  Partitioned compression: HG005_GRCh38_1_22_v4.2.1_benchmark: rdf-scan chunk — 341,326,949 triples · 114 chunks · 61,203,294,062 bytes read
  Partitioned compression: HG005_GRCh38_1_22_v4.2.1_benchmark: hdt-chunks started — 113 chunks · hdt-build-00113
  Partitioned compression: HG005_GRCh38_1_22_v4.2.1_benchmark: hdt-chunks complete — 114 chunks · hdt-build-00113
  Partitioned compression: HG005_GRCh38_1_22_v4.2.1_benchmark: rdf-scan heartbeat — 341,327,350 triples · 61,203,367,457 bytes read
  Partitioned compression: HG005_GRCh38_1_22_v4.2.1_benchmark: rdf-scan heartbeat — 341,694,140 triples · 61,270,476,388 bytes read
  Partitioned compression: HG005_GRCh38_1_22_v4.2.1_benchmark: rdf-scan heartbeat — 342,061,082 triples · 61,337,585,374 bytes read
  Partitioned compression: HG005_GRCh38_1_22_v4.2.1_benchmark: rdf-scan heartbeat — 342,427,957 triples · 61,404,694,314 bytes read
  Partitioned compression: HG005_GRCh38_1_22_v4.2.1_benchmark: rdf-scan heartbeat — 342,794,779 triples · 61,471,803,277 bytes read
  Partitioned compression: HG005_GRCh38_1_22_v4.2.1_benchmark: rdf-scan heartbeat — 343,161,613 triples · 61,538,912,215 bytes read
  Partitioned compression: HG005_GRCh38_1_22_v4.2.1_benchmark: rdf-scan heartbeat — 343,528,518 triples · 61,606,021,252 bytes read
  Partitioned compression: HG005_GRCh38_1_22_v4.2.1_benchmark: rdf-scan heartbeat — 343,895,239 triples · 61,673,130,274 bytes read
  Partitioned compression: HG005_GRCh38_1_22_v4.2.1_benchmark: rdf-scan chunk — 344,261,737 triples · 115 chunks · 61,740,165,078 bytes read
  Partitioned compression: HG005_GRCh38_1_22_v4.2.1_benchmark: hdt-chunks started — 114 chunks · hdt-build-00114
  Partitioned compression: HG005_GRCh38_1_22_v4.2.1_benchmark: hdt-chunks complete — 115 chunks · hdt-build-00114
  Partitioned compression: HG005_GRCh38_1_22_v4.2.1_benchmark: rdf-scan heartbeat — 344,262,141 triples · 61,740,239,550 bytes read
  Partitioned compression: HG005_GRCh38_1_22_v4.2.1_benchmark: rdf-scan heartbeat — 344,629,108 triples · 61,807,348,466 bytes read
  Partitioned compression: HG005_GRCh38_1_22_v4.2.1_benchmark: rdf-scan heartbeat — 344,996,038 triples · 61,874,457,422 bytes read
  Partitioned compression: HG005_GRCh38_1_22_v4.2.1_benchmark: rdf-scan heartbeat — 345,363,022 triples · 61,941,566,478 bytes read
  Partitioned compression: HG005_GRCh38_1_22_v4.2.1_benchmark: rdf-scan heartbeat — 345,730,000 triples · 62,008,675,502 bytes read
  Partitioned compression: HG005_GRCh38_1_22_v4.2.1_benchmark: rdf-scan heartbeat — 346,097,008 triples · 62,075,784,482 bytes read
  Partitioned compression: HG005_GRCh38_1_22_v4.2.1_benchmark: rdf-scan heartbeat — 346,464,053 triples · 62,142,893,488 bytes read
  Partitioned compression: HG005_GRCh38_1_22_v4.2.1_benchmark: rdf-scan heartbeat — 346,831,080 triples · 62,210,002,417 bytes read
  Partitioned compression: HG005_GRCh38_1_22_v4.2.1_benchmark: rdf-scan chunk — 347,197,599 triples · 116 chunks · 62,277,036,117 bytes read
  Partitioned compression: HG005_GRCh38_1_22_v4.2.1_benchmark: hdt-chunks started — 115 chunks · hdt-build-00115
  Partitioned compression: HG005_GRCh38_1_22_v4.2.1_benchmark: hdt-chunks complete — 116 chunks · hdt-build-00115
  Partitioned compression: HG005_GRCh38_1_22_v4.2.1_benchmark: rdf-scan heartbeat — 347,198,011 triples · 62,277,111,412 bytes read
  Partitioned compression: HG005_GRCh38_1_22_v4.2.1_benchmark: rdf-scan heartbeat — 347,564,938 triples · 62,344,220,362 bytes read
  Partitioned compression: HG005_GRCh38_1_22_v4.2.1_benchmark: rdf-scan heartbeat — 347,931,990 triples · 62,411,329,341 bytes read
  Partitioned compression: HG005_GRCh38_1_22_v4.2.1_benchmark: rdf-scan heartbeat — 348,299,138 triples · 62,478,438,295 bytes read
  Partitioned compression: HG005_GRCh38_1_22_v4.2.1_benchmark: rdf-scan heartbeat — 348,665,974 triples · 62,545,547,290 bytes read
  Partitioned compression: HG005_GRCh38_1_22_v4.2.1_benchmark: rdf-scan heartbeat — 349,032,855 triples · 62,612,656,301 bytes read
  Partitioned compression: HG005_GRCh38_1_22_v4.2.1_benchmark: rdf-scan heartbeat — 349,399,767 triples · 62,679,765,249 bytes read
  Partitioned compression: HG005_GRCh38_1_22_v4.2.1_benchmark: rdf-scan heartbeat — 349,766,899 triples · 62,746,874,129 bytes read
  Partitioned compression: HG005_GRCh38_1_22_v4.2.1_benchmark: rdf-scan chunk — 350,133,483 triples · 117 chunks · 62,813,907,115 bytes read
  Partitioned compression: HG005_GRCh38_1_22_v4.2.1_benchmark: hdt-chunks started — 116 chunks · hdt-build-00116
  Partitioned compression: HG005_GRCh38_1_22_v4.2.1_benchmark: hdt-chunks complete — 117 chunks · hdt-build-00116
  Partitioned compression: HG005_GRCh38_1_22_v4.2.1_benchmark: rdf-scan heartbeat — 350,133,899 triples · 62,813,983,095 bytes read
  Partitioned compression: HG005_GRCh38_1_22_v4.2.1_benchmark: rdf-scan heartbeat — 350,500,876 triples · 62,881,091,983 bytes read
  Partitioned compression: HG005_GRCh38_1_22_v4.2.1_benchmark: rdf-scan heartbeat — 350,867,905 triples · 62,948,200,876 bytes read
  Partitioned compression: HG005_GRCh38_1_22_v4.2.1_benchmark: rdf-scan heartbeat — 351,234,780 triples · 63,015,309,888 bytes read
  Partitioned compression: HG005_GRCh38_1_22_v4.2.1_benchmark: rdf-scan heartbeat — 351,601,714 triples · 63,082,418,899 bytes read
  Partitioned compression: HG005_GRCh38_1_22_v4.2.1_benchmark: rdf-scan heartbeat — 351,968,726 triples · 63,149,527,782 bytes read
  Partitioned compression: HG005_GRCh38_1_22_v4.2.1_benchmark: rdf-scan heartbeat — 352,335,752 triples · 63,216,636,695 bytes read
  Partitioned compression: HG005_GRCh38_1_22_v4.2.1_benchmark: rdf-scan heartbeat — 352,703,866 triples · 63,283,745,610 bytes read
  Partitioned compression: HG005_GRCh38_1_22_v4.2.1_benchmark: rdf-scan chunk — 353,070,416 triples · 118 chunks · 63,350,778,157 bytes read
  Partitioned compression: HG005_GRCh38_1_22_v4.2.1_benchmark: hdt-chunks started — 117 chunks · hdt-build-00117
  Partitioned compression: HG005_GRCh38_1_22_v4.2.1_benchmark: hdt-chunks complete — 118 chunks · hdt-build-00117
  Partitioned compression: HG005_GRCh38_1_22_v4.2.1_benchmark: rdf-scan heartbeat — 353,070,836 triples · 63,350,854,508 bytes read
  Partitioned compression: HG005_GRCh38_1_22_v4.2.1_benchmark: rdf-scan heartbeat — 353,437,678 triples · 63,417,963,535 bytes read
  Partitioned compression: HG005_GRCh38_1_22_v4.2.1_benchmark: rdf-scan heartbeat — 353,804,671 triples · 63,485,072,571 bytes read
  Partitioned compression: HG005_GRCh38_1_22_v4.2.1_benchmark: rdf-scan heartbeat — 354,171,592 triples · 63,552,181,572 bytes read
  Partitioned compression: HG005_GRCh38_1_22_v4.2.1_benchmark: rdf-scan heartbeat — 354,538,605 triples · 63,619,290,586 bytes read
  Partitioned compression: HG005_GRCh38_1_22_v4.2.1_benchmark: rdf-scan heartbeat — 354,905,444 triples · 63,686,399,626 bytes read
  Partitioned compression: HG005_GRCh38_1_22_v4.2.1_benchmark: rdf-scan heartbeat — 355,272,379 triples · 63,753,508,567 bytes read
  Partitioned compression: HG005_GRCh38_1_22_v4.2.1_benchmark: rdf-scan heartbeat — 355,639,341 triples · 63,820,617,474 bytes read
  Partitioned compression: HG005_GRCh38_1_22_v4.2.1_benchmark: rdf-scan chunk — 356,005,861 triples · 119 chunks · 63,887,649,127 bytes read
  Partitioned compression: HG005_GRCh38_1_22_v4.2.1_benchmark: hdt-chunks started — 118 chunks · hdt-build-00118
  Partitioned compression: HG005_GRCh38_1_22_v4.2.1_benchmark: hdt-chunks complete — 119 chunks · hdt-build-00118
  Partitioned compression: HG005_GRCh38_1_22_v4.2.1_benchmark: rdf-scan heartbeat — 356,006,283 triples · 63,887,726,416 bytes read
  Partitioned compression: HG005_GRCh38_1_22_v4.2.1_benchmark: rdf-scan heartbeat — 356,373,282 triples · 63,954,835,436 bytes read
  Partitioned compression: HG005_GRCh38_1_22_v4.2.1_benchmark: rdf-scan heartbeat — 356,740,226 triples · 64,021,944,431 bytes read
  Partitioned compression: HG005_GRCh38_1_22_v4.2.1_benchmark: rdf-scan heartbeat — 357,107,196 triples · 64,089,053,436 bytes read
  Partitioned compression: HG005_GRCh38_1_22_v4.2.1_benchmark: rdf-scan heartbeat — 357,474,056 triples · 64,156,162,375 bytes read
  Partitioned compression: HG005_GRCh38_1_22_v4.2.1_benchmark: rdf-scan heartbeat — 357,840,959 triples · 64,223,271,855 bytes read
  Partitioned compression: HG005_GRCh38_1_22_v4.2.1_benchmark: rdf-scan heartbeat — 358,207,789 triples · 64,290,380,763 bytes read
  Partitioned compression: HG005_GRCh38_1_22_v4.2.1_benchmark: rdf-scan heartbeat — 358,574,683 triples · 64,357,489,686 bytes read
  Partitioned compression: HG005_GRCh38_1_22_v4.2.1_benchmark: rdf-scan chunk — 358,941,137 triples · 120 chunks · 64,424,520,086 bytes read
  Partitioned compression: HG005_GRCh38_1_22_v4.2.1_benchmark: hdt-chunks started — 119 chunks · hdt-build-00119
  Partitioned compression: HG005_GRCh38_1_22_v4.2.1_benchmark: hdt-chunks complete — 120 chunks · hdt-build-00119
  Partitioned compression: HG005_GRCh38_1_22_v4.2.1_benchmark: rdf-scan heartbeat — 358,941,565 triples · 64,424,598,885 bytes read
  Partitioned compression: HG005_GRCh38_1_22_v4.2.1_benchmark: rdf-scan heartbeat — 359,308,581 triples · 64,491,707,811 bytes read
  Partitioned compression: HG005_GRCh38_1_22_v4.2.1_benchmark: rdf-scan heartbeat — 359,675,601 triples · 64,558,816,761 bytes read
  Partitioned compression: HG005_GRCh38_1_22_v4.2.1_benchmark: rdf-scan heartbeat — 360,042,515 triples · 64,625,925,647 bytes read
  Partitioned compression: HG005_GRCh38_1_22_v4.2.1_benchmark: rdf-scan heartbeat — 360,409,626 triples · 64,693,034,665 bytes read
  Partitioned compression: HG005_GRCh38_1_22_v4.2.1_benchmark: rdf-scan heartbeat — 360,776,672 triples · 64,760,143,604 bytes read
  Partitioned compression: HG005_GRCh38_1_22_v4.2.1_benchmark: rdf-scan heartbeat — 361,143,627 triples · 64,827,252,628 bytes read
  Partitioned compression: HG005_GRCh38_1_22_v4.2.1_benchmark: rdf-scan heartbeat — 361,510,511 triples · 64,894,361,650 bytes read
  Partitioned compression: HG005_GRCh38_1_22_v4.2.1_benchmark: rdf-scan chunk — 361,877,159 triples · 121 chunks · 64,961,391,586 bytes read
  Partitioned compression: HG005_GRCh38_1_22_v4.2.1_benchmark: hdt-chunks started — 120 chunks · hdt-build-00120
  Partitioned compression: HG005_GRCh38_1_22_v4.2.1_benchmark: hdt-chunks complete — 121 chunks · hdt-build-00120
  Partitioned compression: HG005_GRCh38_1_22_v4.2.1_benchmark: rdf-scan heartbeat — 361,877,592 triples · 64,961,470,578 bytes read
  Partitioned compression: HG005_GRCh38_1_22_v4.2.1_benchmark: rdf-scan heartbeat — 362,244,496 triples · 65,028,579,513 bytes read
  Partitioned compression: HG005_GRCh38_1_22_v4.2.1_benchmark: rdf-scan heartbeat — 362,611,441 triples · 65,095,688,431 bytes read
  Partitioned compression: HG005_GRCh38_1_22_v4.2.1_benchmark: rdf-scan heartbeat — 362,978,266 triples · 65,162,797,451 bytes read
  Partitioned compression: HG005_GRCh38_1_22_v4.2.1_benchmark: rdf-scan heartbeat — 363,345,208 triples · 65,229,906,503 bytes read
  Partitioned compression: HG005_GRCh38_1_22_v4.2.1_benchmark: rdf-scan heartbeat — 363,712,057 triples · 65,297,015,460 bytes read
  Partitioned compression: HG005_GRCh38_1_22_v4.2.1_benchmark: rdf-scan heartbeat — 364,078,979 triples · 65,364,124,457 bytes read
  Partitioned compression: HG005_GRCh38_1_22_v4.2.1_benchmark: rdf-scan heartbeat — 364,445,902 triples · 65,431,233,443 bytes read
  Partitioned compression: HG005_GRCh38_1_22_v4.2.1_benchmark: rdf-scan chunk — 364,812,518 triples · 122 chunks · 65,498,262,504 bytes read
  Partitioned compression: HG005_GRCh38_1_22_v4.2.1_benchmark: hdt-chunks started — 121 chunks · hdt-build-00121
  Partitioned compression: HG005_GRCh38_1_22_v4.2.1_benchmark: hdt-chunks complete — 122 chunks · hdt-build-00121
  Partitioned compression: HG005_GRCh38_1_22_v4.2.1_benchmark: rdf-scan heartbeat — 364,812,954 triples · 65,498,342,434 bytes read
  Partitioned compression: HG005_GRCh38_1_22_v4.2.1_benchmark: rdf-scan heartbeat — 365,179,938 triples · 65,565,451,427 bytes read
  Partitioned compression: HG005_GRCh38_1_22_v4.2.1_benchmark: rdf-scan heartbeat — 365,546,735 triples · 65,632,560,308 bytes read
  Partitioned compression: HG005_GRCh38_1_22_v4.2.1_benchmark: rdf-scan heartbeat — 365,913,697 triples · 65,699,669,271 bytes read
  Partitioned compression: HG005_GRCh38_1_22_v4.2.1_benchmark: rdf-scan heartbeat — 366,280,801 triples · 65,766,778,170 bytes read
  Partitioned compression: HG005_GRCh38_1_22_v4.2.1_benchmark: rdf-scan heartbeat — 366,647,748 triples · 65,833,887,037 bytes read
  Partitioned compression: HG005_GRCh38_1_22_v4.2.1_benchmark: rdf-scan heartbeat — 367,014,596 triples · 65,900,995,921 bytes read
  Partitioned compression: HG005_GRCh38_1_22_v4.2.1_benchmark: rdf-scan heartbeat — 367,381,523 triples · 65,968,104,879 bytes read
  Partitioned compression: HG005_GRCh38_1_22_v4.2.1_benchmark: rdf-scan chunk — 367,748,033 triples · 123 chunks · 66,035,133,495 bytes read
  Partitioned compression: HG005_GRCh38_1_22_v4.2.1_benchmark: hdt-chunks started — 122 chunks · hdt-build-00122
  Partitioned compression: HG005_GRCh38_1_22_v4.2.1_benchmark: hdt-chunks complete — 123 chunks · hdt-build-00122
  Partitioned compression: HG005_GRCh38_1_22_v4.2.1_benchmark: rdf-scan heartbeat — 367,748,471 triples · 66,035,213,784 bytes read
  Partitioned compression: HG005_GRCh38_1_22_v4.2.1_benchmark: rdf-scan heartbeat — 368,115,512 triples · 66,102,322,835 bytes read
  Partitioned compression: HG005_GRCh38_1_22_v4.2.1_benchmark: rdf-scan heartbeat — 368,482,547 triples · 66,169,431,833 bytes read
  Partitioned compression: HG005_GRCh38_1_22_v4.2.1_benchmark: rdf-scan heartbeat — 368,849,454 triples · 66,236,540,803 bytes read
  Partitioned compression: HG005_GRCh38_1_22_v4.2.1_benchmark: rdf-scan heartbeat — 369,216,564 triples · 66,303,649,834 bytes read
  Partitioned compression: HG005_GRCh38_1_22_v4.2.1_benchmark: rdf-scan heartbeat — 369,583,355 triples · 66,370,758,821 bytes read
  Partitioned compression: HG005_GRCh38_1_22_v4.2.1_benchmark: rdf-scan heartbeat — 369,950,187 triples · 66,437,868,296 bytes read
  Partitioned compression: HG005_GRCh38_1_22_v4.2.1_benchmark: rdf-scan heartbeat — 370,317,130 triples · 66,504,977,294 bytes read
  Partitioned compression: HG005_GRCh38_1_22_v4.2.1_benchmark: rdf-scan chunk — 370,683,478 triples · 124 chunks · 66,572,004,534 bytes read
  Partitioned compression: HG005_GRCh38_1_22_v4.2.1_benchmark: hdt-chunks started — 123 chunks · hdt-build-00123
  Partitioned compression: HG005_GRCh38_1_22_v4.2.1_benchmark: hdt-chunks complete — 124 chunks · hdt-build-00123
  Partitioned compression: HG005_GRCh38_1_22_v4.2.1_benchmark: rdf-scan heartbeat — 370,683,923 triples · 66,572,086,323 bytes read
  Partitioned compression: HG005_GRCh38_1_22_v4.2.1_benchmark: rdf-scan heartbeat — 371,050,870 triples · 66,639,195,376 bytes read
  Partitioned compression: HG005_GRCh38_1_22_v4.2.1_benchmark: rdf-scan heartbeat — 371,417,948 triples · 66,706,304,317 bytes read
  Partitioned compression: HG005_GRCh38_1_22_v4.2.1_benchmark: rdf-scan heartbeat — 371,784,909 triples · 66,773,413,259 bytes read
  Partitioned compression: HG005_GRCh38_1_22_v4.2.1_benchmark: rdf-scan heartbeat — 372,151,959 triples · 66,840,522,430 bytes read
  Partitioned compression: HG005_GRCh38_1_22_v4.2.1_benchmark: rdf-scan heartbeat — 372,518,772 triples · 66,907,631,344 bytes read
  Partitioned compression: HG005_GRCh38_1_22_v4.2.1_benchmark: rdf-scan heartbeat — 372,885,888 triples · 66,974,740,223 bytes read
  Partitioned compression: HG005_GRCh38_1_22_v4.2.1_benchmark: rdf-scan heartbeat — 373,252,941 triples · 67,041,849,553 bytes read
  Partitioned compression: HG005_GRCh38_1_22_v4.2.1_benchmark: rdf-scan chunk — 373,619,340 triples · 125 chunks · 67,108,875,468 bytes read
  Partitioned compression: HG005_GRCh38_1_22_v4.2.1_benchmark: hdt-chunks started — 124 chunks · hdt-build-00124
  Partitioned compression: HG005_GRCh38_1_22_v4.2.1_benchmark: hdt-chunks complete — 125 chunks · hdt-build-00124
  Partitioned compression: HG005_GRCh38_1_22_v4.2.1_benchmark: rdf-scan heartbeat — 373,619,793 triples · 67,108,958,559 bytes read
  Partitioned compression: HG005_GRCh38_1_22_v4.2.1_benchmark: rdf-scan heartbeat — 373,986,822 triples · 67,176,067,733 bytes read
  Partitioned compression: HG005_GRCh38_1_22_v4.2.1_benchmark: rdf-scan heartbeat — 374,353,755 triples · 67,243,176,761 bytes read
  Partitioned compression: HG005_GRCh38_1_22_v4.2.1_benchmark: rdf-scan heartbeat — 374,720,613 triples · 67,310,285,686 bytes read
  Partitioned compression: HG005_GRCh38_1_22_v4.2.1_benchmark: rdf-scan heartbeat — 375,087,524 triples · 67,377,394,664 bytes read
  Partitioned compression: HG005_GRCh38_1_22_v4.2.1_benchmark: rdf-scan heartbeat — 375,454,350 triples · 67,444,503,631 bytes read
  Partitioned compression: HG005_GRCh38_1_22_v4.2.1_benchmark: rdf-scan heartbeat — 375,821,198 triples · 67,511,612,572 bytes read
  Partitioned compression: HG005_GRCh38_1_22_v4.2.1_benchmark: rdf-scan heartbeat — 376,188,236 triples · 67,578,721,492 bytes read
  Partitioned compression: HG005_GRCh38_1_22_v4.2.1_benchmark: rdf-scan chunk — 376,554,840 triples · 126 chunks · 67,645,746,487 bytes read
  Partitioned compression: HG005_GRCh38_1_22_v4.2.1_benchmark: hdt-chunks started — 125 chunks · hdt-build-00125
  Partitioned compression: HG005_GRCh38_1_22_v4.2.1_benchmark: hdt-chunks complete — 126 chunks · hdt-build-00125
  Partitioned compression: HG005_GRCh38_1_22_v4.2.1_benchmark: rdf-scan heartbeat — 376,555,300 triples · 67,645,830,520 bytes read
  Partitioned compression: HG005_GRCh38_1_22_v4.2.1_benchmark: rdf-scan heartbeat — 376,922,209 triples · 67,712,939,397 bytes read
  Partitioned compression: HG005_GRCh38_1_22_v4.2.1_benchmark: rdf-scan heartbeat — 377,289,129 triples · 67,780,048,443 bytes read
  Partitioned compression: HG005_GRCh38_1_22_v4.2.1_benchmark: rdf-scan heartbeat — 377,656,096 triples · 67,847,157,399 bytes read
  Partitioned compression: HG005_GRCh38_1_22_v4.2.1_benchmark: rdf-scan heartbeat — 378,023,059 triples · 67,914,266,319 bytes read
  Partitioned compression: HG005_GRCh38_1_22_v4.2.1_benchmark: rdf-scan heartbeat — 378,390,565 triples · 67,981,375,287 bytes read
  Partitioned compression: HG005_GRCh38_1_22_v4.2.1_benchmark: rdf-scan heartbeat — 378,757,625 triples · 68,048,484,275 bytes read
  Partitioned compression: HG005_GRCh38_1_22_v4.2.1_benchmark: rdf-scan heartbeat — 379,124,631 triples · 68,115,593,219 bytes read
  Partitioned compression: HG005_GRCh38_1_22_v4.2.1_benchmark: rdf-scan chunk — 379,491,014 triples · 127 chunks · 68,182,617,414 bytes read
  Partitioned compression: HG005_GRCh38_1_22_v4.2.1_benchmark: hdt-chunks started — 126 chunks · hdt-build-00126
  Partitioned compression: HG005_GRCh38_1_22_v4.2.1_benchmark: hdt-chunks complete — 127 chunks · hdt-build-00126
  Partitioned compression: HG005_GRCh38_1_22_v4.2.1_benchmark: rdf-scan heartbeat — 379,491,476 triples · 68,182,702,238 bytes read
  Partitioned compression: HG005_GRCh38_1_22_v4.2.1_benchmark: rdf-scan heartbeat — 379,858,284 triples · 68,249,811,144 bytes read
  Partitioned compression: HG005_GRCh38_1_22_v4.2.1_benchmark: rdf-scan heartbeat — 380,225,281 triples · 68,316,920,061 bytes read
  Partitioned compression: HG005_GRCh38_1_22_v4.2.1_benchmark: rdf-scan heartbeat — 380,592,183 triples · 68,384,029,027 bytes read
  Partitioned compression: HG005_GRCh38_1_22_v4.2.1_benchmark: rdf-scan heartbeat — 380,959,083 triples · 68,451,138,469 bytes read
  Partitioned compression: HG005_GRCh38_1_22_v4.2.1_benchmark: rdf-scan heartbeat — 381,325,981 triples · 68,518,247,409 bytes read
  Partitioned compression: HG005_GRCh38_1_22_v4.2.1_benchmark: rdf-scan heartbeat — 381,693,022 triples · 68,585,356,415 bytes read
  Partitioned compression: HG005_GRCh38_1_22_v4.2.1_benchmark: rdf-scan heartbeat — 382,059,942 triples · 68,652,465,361 bytes read
  Partitioned compression: HG005_GRCh38_1_22_v4.2.1_benchmark: rdf-scan chunk — 382,426,431 triples · 128 chunks · 68,719,488,504 bytes read
  Partitioned compression: HG005_GRCh38_1_22_v4.2.1_benchmark: hdt-chunks started — 127 chunks · hdt-build-00127
  Partitioned compression: HG005_GRCh38_1_22_v4.2.1_benchmark: hdt-chunks complete — 128 chunks · hdt-build-00127
  Partitioned compression: HG005_GRCh38_1_22_v4.2.1_benchmark: rdf-scan heartbeat — 382,426,903 triples · 68,719,574,342 bytes read
  Partitioned compression: HG005_GRCh38_1_22_v4.2.1_benchmark: rdf-scan heartbeat — 382,794,187 triples · 68,786,683,380 bytes read
  Partitioned compression: HG005_GRCh38_1_22_v4.2.1_benchmark: rdf-scan heartbeat — 383,161,145 triples · 68,853,792,264 bytes read
  Partitioned compression: HG005_GRCh38_1_22_v4.2.1_benchmark: rdf-scan heartbeat — 383,528,136 triples · 68,920,901,279 bytes read
  Partitioned compression: HG005_GRCh38_1_22_v4.2.1_benchmark: rdf-scan heartbeat — 383,895,216 triples · 68,988,010,167 bytes read
  Partitioned compression: HG005_GRCh38_1_22_v4.2.1_benchmark: rdf-scan heartbeat — 384,262,085 triples · 69,055,119,057 bytes read
  Partitioned compression: HG005_GRCh38_1_22_v4.2.1_benchmark: rdf-scan heartbeat — 384,628,920 triples · 69,122,228,061 bytes read
  Partitioned compression: HG005_GRCh38_1_22_v4.2.1_benchmark: rdf-scan heartbeat — 384,995,832 triples · 69,189,337,023 bytes read
  Partitioned compression: HG005_GRCh38_1_22_v4.2.1_benchmark: rdf-scan chunk — 385,362,223 triples · 129 chunks · 69,256,359,527 bytes read
  Partitioned compression: HG005_GRCh38_1_22_v4.2.1_benchmark: hdt-chunks started — 128 chunks · hdt-build-00128
  Partitioned compression: HG005_GRCh38_1_22_v4.2.1_benchmark: hdt-chunks complete — 129 chunks · hdt-build-00128
  Partitioned compression: HG005_GRCh38_1_22_v4.2.1_benchmark: rdf-scan heartbeat — 385,362,697 triples · 69,256,446,032 bytes read
  Partitioned compression: HG005_GRCh38_1_22_v4.2.1_benchmark: rdf-scan heartbeat — 385,729,713 triples · 69,323,554,936 bytes read
  Partitioned compression: HG005_GRCh38_1_22_v4.2.1_benchmark: rdf-scan heartbeat — 386,096,636 triples · 69,390,664,086 bytes read
  Partitioned compression: HG005_GRCh38_1_22_v4.2.1_benchmark: rdf-scan heartbeat — 386,463,654 triples · 69,457,772,982 bytes read
  Partitioned compression: HG005_GRCh38_1_22_v4.2.1_benchmark: rdf-scan heartbeat — 386,830,626 triples · 69,524,881,886 bytes read
  Partitioned compression: HG005_GRCh38_1_22_v4.2.1_benchmark: rdf-scan heartbeat — 387,197,644 triples · 69,591,990,899 bytes read
  Partitioned compression: HG005_GRCh38_1_22_v4.2.1_benchmark: rdf-scan heartbeat — 387,564,633 triples · 69,659,100,087 bytes read
  Partitioned compression: HG005_GRCh38_1_22_v4.2.1_benchmark: rdf-scan heartbeat — 387,931,554 triples · 69,726,209,210 bytes read
  Partitioned compression: HG005_GRCh38_1_22_v4.2.1_benchmark: rdf-scan chunk — 388,298,009 triples · 130 chunks · 69,793,230,494 bytes read
  Partitioned compression: HG005_GRCh38_1_22_v4.2.1_benchmark: hdt-chunks started — 129 chunks · hdt-build-00129
  Partitioned compression: HG005_GRCh38_1_22_v4.2.1_benchmark: hdt-chunks complete — 130 chunks · hdt-build-00129
  Partitioned compression: HG005_GRCh38_1_22_v4.2.1_benchmark: rdf-scan heartbeat — 388,298,487 triples · 69,793,318,145 bytes read
  Partitioned compression: HG005_GRCh38_1_22_v4.2.1_benchmark: rdf-scan heartbeat — 388,665,418 triples · 69,860,427,013 bytes read
  Partitioned compression: HG005_GRCh38_1_22_v4.2.1_benchmark: rdf-scan heartbeat — 389,032,412 triples · 69,927,536,089 bytes read
  Partitioned compression: HG005_GRCh38_1_22_v4.2.1_benchmark: rdf-scan heartbeat — 389,399,481 triples · 69,994,644,972 bytes read
  Partitioned compression: HG005_GRCh38_1_22_v4.2.1_benchmark: rdf-scan heartbeat — 389,766,380 triples · 70,061,753,922 bytes read
  Partitioned compression: HG005_GRCh38_1_22_v4.2.1_benchmark: rdf-scan heartbeat — 390,133,217 triples · 70,128,862,892 bytes read
  Partitioned compression: HG005_GRCh38_1_22_v4.2.1_benchmark: rdf-scan heartbeat — 390,500,072 triples · 70,195,971,906 bytes read
  Partitioned compression: HG005_GRCh38_1_22_v4.2.1_benchmark: rdf-scan heartbeat — 390,867,177 triples · 70,263,080,863 bytes read
  Partitioned compression: HG005_GRCh38_1_22_v4.2.1_benchmark: rdf-scan chunk — 391,233,932 triples · 131 chunks · 70,330,101,410 bytes read
  Partitioned compression: HG005_GRCh38_1_22_v4.2.1_benchmark: hdt-chunks started — 130 chunks · hdt-build-00130
  Partitioned compression: HG005_GRCh38_1_22_v4.2.1_benchmark: hdt-chunks complete — 131 chunks · hdt-build-00130
  Partitioned compression: HG005_GRCh38_1_22_v4.2.1_benchmark: rdf-scan heartbeat — 391,234,416 triples · 70,330,189,836 bytes read
  Partitioned compression: HG005_GRCh38_1_22_v4.2.1_benchmark: rdf-scan heartbeat — 391,601,475 triples · 70,397,298,723 bytes read
  Partitioned compression: HG005_GRCh38_1_22_v4.2.1_benchmark: rdf-scan heartbeat — 391,968,434 triples · 70,464,407,589 bytes read
  Partitioned compression: HG005_GRCh38_1_22_v4.2.1_benchmark: rdf-scan heartbeat — 392,335,364 triples · 70,531,516,503 bytes read
  Partitioned compression: HG005_GRCh38_1_22_v4.2.1_benchmark: rdf-scan heartbeat — 392,703,206 triples · 70,598,625,402 bytes read
  Partitioned compression: HG005_GRCh38_1_22_v4.2.1_benchmark: rdf-scan heartbeat — 393,070,058 triples · 70,665,734,288 bytes read
  Partitioned compression: HG005_GRCh38_1_22_v4.2.1_benchmark: rdf-scan heartbeat — 393,437,011 triples · 70,732,843,171 bytes read
  Partitioned compression: HG005_GRCh38_1_22_v4.2.1_benchmark: rdf-scan heartbeat — 393,803,844 triples · 70,799,952,144 bytes read
  Partitioned compression: HG005_GRCh38_1_22_v4.2.1_benchmark: rdf-scan chunk — 394,170,251 triples · 132 chunks · 70,866,972,342 bytes read
  Partitioned compression: HG005_GRCh38_1_22_v4.2.1_benchmark: hdt-chunks started — 131 chunks · hdt-build-00131
  Partitioned compression: HG005_GRCh38_1_22_v4.2.1_benchmark: hdt-chunks complete — 132 chunks · hdt-build-00131
  Partitioned compression: HG005_GRCh38_1_22_v4.2.1_benchmark: rdf-scan heartbeat — 394,170,736 triples · 70,867,061,126 bytes read
  Partitioned compression: HG005_GRCh38_1_22_v4.2.1_benchmark: rdf-scan heartbeat — 394,537,663 triples · 70,934,170,152 bytes read
  Partitioned compression: HG005_GRCh38_1_22_v4.2.1_benchmark: rdf-scan heartbeat — 394,904,577 triples · 71,001,279,047 bytes read
  Partitioned compression: HG005_GRCh38_1_22_v4.2.1_benchmark: rdf-scan heartbeat — 395,271,499 triples · 71,068,388,035 bytes read
  Partitioned compression: HG005_GRCh38_1_22_v4.2.1_benchmark: rdf-scan heartbeat — 395,638,357 triples · 71,135,497,090 bytes read
  Partitioned compression: HG005_GRCh38_1_22_v4.2.1_benchmark: rdf-scan heartbeat — 396,005,211 triples · 71,202,605,976 bytes read
  Partitioned compression: HG005_GRCh38_1_22_v4.2.1_benchmark: rdf-scan heartbeat — 396,372,128 triples · 71,269,714,930 bytes read
  Partitioned compression: HG005_GRCh38_1_22_v4.2.1_benchmark: rdf-scan heartbeat — 396,738,853 triples · 71,336,823,868 bytes read
  Partitioned compression: HG005_GRCh38_1_22_v4.2.1_benchmark: rdf-scan chunk — 397,105,270 triples · 133 chunks · 71,403,843,343 bytes read
  Partitioned compression: HG005_GRCh38_1_22_v4.2.1_benchmark: hdt-chunks started — 132 chunks · hdt-build-00132
  Partitioned compression: HG005_GRCh38_1_22_v4.2.1_benchmark: hdt-chunks complete — 133 chunks · hdt-build-00132
  Partitioned compression: HG005_GRCh38_1_22_v4.2.1_benchmark: rdf-scan heartbeat — 397,105,757 triples · 71,403,932,737 bytes read
  Partitioned compression: HG005_GRCh38_1_22_v4.2.1_benchmark: rdf-scan heartbeat — 397,472,608 triples · 71,471,041,716 bytes read
  Partitioned compression: HG005_GRCh38_1_22_v4.2.1_benchmark: rdf-scan heartbeat — 397,839,593 triples · 71,538,150,656 bytes read
  Partitioned compression: HG005_GRCh38_1_22_v4.2.1_benchmark: rdf-scan heartbeat — 398,206,516 triples · 71,605,259,682 bytes read
  Partitioned compression: HG005_GRCh38_1_22_v4.2.1_benchmark: rdf-scan heartbeat — 398,573,753 triples · 71,672,368,629 bytes read
  Partitioned compression: HG005_GRCh38_1_22_v4.2.1_benchmark: rdf-scan heartbeat — 398,940,699 triples · 71,739,477,681 bytes read
  Partitioned compression: HG005_GRCh38_1_22_v4.2.1_benchmark: rdf-scan heartbeat — 399,306,406 triples · 71,806,586,754 bytes read
  Partitioned compression: HG005_GRCh38_1_22_v4.2.1_benchmark: rdf-scan heartbeat — 399,671,014 triples · 71,873,696,190 bytes read
  Partitioned compression: HG005_GRCh38_1_22_v4.2.1_benchmark: rdf-scan chunk — 400,035,252 triples · 134 chunks · 71,940,714,338 bytes read
  Partitioned compression: HG005_GRCh38_1_22_v4.2.1_benchmark: hdt-chunks started — 133 chunks · hdt-build-00133
  Partitioned compression: HG005_GRCh38_1_22_v4.2.1_benchmark: hdt-chunks complete — 134 chunks · hdt-build-00133
  Partitioned compression: HG005_GRCh38_1_22_v4.2.1_benchmark: rdf-scan heartbeat — 400,035,747 triples · 71,940,805,107 bytes read
  Partitioned compression: HG005_GRCh38_1_22_v4.2.1_benchmark: rdf-scan heartbeat — 400,400,441 triples · 72,007,914,039 bytes read
  Partitioned compression: HG005_GRCh38_1_22_v4.2.1_benchmark: rdf-scan heartbeat — 400,765,215 triples · 72,075,022,953 bytes read
  Partitioned compression: HG005_GRCh38_1_22_v4.2.1_benchmark: rdf-scan heartbeat — 401,129,876 triples · 72,142,132,398 bytes read
  Partitioned compression: HG005_GRCh38_1_22_v4.2.1_benchmark: rdf-scan heartbeat — 401,494,664 triples · 72,209,241,357 bytes read
  Partitioned compression: HG005_GRCh38_1_22_v4.2.1_benchmark: rdf-scan heartbeat — 401,859,208 triples · 72,276,350,372 bytes read
  Partitioned compression: HG005_GRCh38_1_22_v4.2.1_benchmark: rdf-scan heartbeat — 402,223,973 triples · 72,343,459,317 bytes read
  Partitioned compression: HG005_GRCh38_1_22_v4.2.1_benchmark: rdf-scan heartbeat — 402,588,498 triples · 72,410,568,367 bytes read
  Partitioned compression: HG005_GRCh38_1_22_v4.2.1_benchmark: rdf-scan chunk — 402,952,542 triples · 135 chunks · 72,477,585,289 bytes read
  Partitioned compression: HG005_GRCh38_1_22_v4.2.1_benchmark: hdt-chunks started — 134 chunks · hdt-build-00134
  Partitioned compression: HG005_GRCh38_1_22_v4.2.1_benchmark: hdt-chunks complete — 135 chunks · hdt-build-00134
  Partitioned compression: HG005_GRCh38_1_22_v4.2.1_benchmark: rdf-scan heartbeat — 402,953,041 triples · 72,477,677,256 bytes read
  Partitioned compression: HG005_GRCh38_1_22_v4.2.1_benchmark: rdf-scan heartbeat — 403,317,628 triples · 72,544,786,171 bytes read
  Partitioned compression: HG005_GRCh38_1_22_v4.2.1_benchmark: rdf-scan heartbeat — 403,682,183 triples · 72,611,895,074 bytes read
  Partitioned compression: HG005_GRCh38_1_22_v4.2.1_benchmark: rdf-scan heartbeat — 404,046,650 triples · 72,679,004,093 bytes read
  Partitioned compression: HG005_GRCh38_1_22_v4.2.1_benchmark: rdf-scan heartbeat — 404,411,381 triples · 72,746,113,059 bytes read
  Partitioned compression: HG005_GRCh38_1_22_v4.2.1_benchmark: rdf-scan heartbeat — 404,776,000 triples · 72,813,222,031 bytes read
  Partitioned compression: HG005_GRCh38_1_22_v4.2.1_benchmark: rdf-scan heartbeat — 405,140,812 triples · 72,880,331,005 bytes read
  Partitioned compression: HG005_GRCh38_1_22_v4.2.1_benchmark: rdf-scan heartbeat — 405,505,439 triples · 72,947,439,878 bytes read
  Partitioned compression: HG005_GRCh38_1_22_v4.2.1_benchmark: rdf-scan chunk — 405,869,624 triples · 136 chunks · 73,014,456,211 bytes read
  Partitioned compression: HG005_GRCh38_1_22_v4.2.1_benchmark: hdt-chunks started — 135 chunks · hdt-build-00135
  Partitioned compression: HG005_GRCh38_1_22_v4.2.1_benchmark: hdt-chunks complete — 136 chunks · hdt-build-00135
  Partitioned compression: HG005_GRCh38_1_22_v4.2.1_benchmark: rdf-scan heartbeat — 405,870,126 triples · 73,014,548,766 bytes read
  Partitioned compression: HG005_GRCh38_1_22_v4.2.1_benchmark: rdf-scan heartbeat — 406,234,725 triples · 73,081,657,725 bytes read
  Partitioned compression: HG005_GRCh38_1_22_v4.2.1_benchmark: rdf-scan heartbeat — 406,599,540 triples · 73,148,766,641 bytes read
  Partitioned compression: HG005_GRCh38_1_22_v4.2.1_benchmark: rdf-scan heartbeat — 406,964,007 triples · 73,215,875,581 bytes read
  Partitioned compression: HG005_GRCh38_1_22_v4.2.1_benchmark: rdf-scan heartbeat — 407,328,608 triples · 73,282,984,515 bytes read
  Partitioned compression: HG005_GRCh38_1_22_v4.2.1_benchmark: rdf-scan heartbeat — 407,693,618 triples · 73,350,093,482 bytes read
  Partitioned compression: HG005_GRCh38_1_22_v4.2.1_benchmark: rdf-scan heartbeat — 408,058,098 triples · 73,417,202,881 bytes read
  Partitioned compression: HG005_GRCh38_1_22_v4.2.1_benchmark: rdf-scan heartbeat — 408,422,622 triples · 73,484,311,839 bytes read
  Partitioned compression: HG005_GRCh38_1_22_v4.2.1_benchmark: rdf-scan chunk — 408,786,787 triples · 137 chunks · 73,551,327,179 bytes read
  Partitioned compression: HG005_GRCh38_1_22_v4.2.1_benchmark: hdt-chunks started — 136 chunks · hdt-build-00136
  Partitioned compression: HG005_GRCh38_1_22_v4.2.1_benchmark: hdt-chunks complete — 137 chunks · hdt-build-00136
  Partitioned compression: HG005_GRCh38_1_22_v4.2.1_benchmark: rdf-scan heartbeat — 408,787,294 triples · 73,551,420,776 bytes read
  Partitioned compression: HG005_GRCh38_1_22_v4.2.1_benchmark: rdf-scan heartbeat — 409,151,787 triples · 73,618,529,702 bytes read
  Partitioned compression: HG005_GRCh38_1_22_v4.2.1_benchmark: rdf-scan heartbeat — 409,516,325 triples · 73,685,638,693 bytes read
  Partitioned compression: HG005_GRCh38_1_22_v4.2.1_benchmark: rdf-scan heartbeat — 409,880,939 triples · 73,752,747,626 bytes read
  Partitioned compression: HG005_GRCh38_1_22_v4.2.1_benchmark: rdf-scan heartbeat — 410,245,457 triples · 73,819,856,620 bytes read
  Partitioned compression: HG005_GRCh38_1_22_v4.2.1_benchmark: rdf-scan heartbeat — 410,610,095 triples · 73,886,965,586 bytes read
  Partitioned compression: HG005_GRCh38_1_22_v4.2.1_benchmark: rdf-scan heartbeat — 410,974,860 triples · 73,954,074,512 bytes read
  Partitioned compression: HG005_GRCh38_1_22_v4.2.1_benchmark: rdf-scan heartbeat — 411,339,531 triples · 74,021,183,398 bytes read
  Partitioned compression: HG005_GRCh38_1_22_v4.2.1_benchmark: rdf-scan chunk — 411,703,571 triples · 138 chunks · 74,088,198,104 bytes read
  Partitioned compression: HG005_GRCh38_1_22_v4.2.1_benchmark: hdt-chunks started — 137 chunks · hdt-build-00137
  Partitioned compression: HG005_GRCh38_1_22_v4.2.1_benchmark: hdt-chunks complete — 138 chunks · hdt-build-00137
  Partitioned compression: HG005_GRCh38_1_22_v4.2.1_benchmark: rdf-scan heartbeat — 411,704,083 triples · 74,088,292,352 bytes read
  Partitioned compression: HG005_GRCh38_1_22_v4.2.1_benchmark: rdf-scan heartbeat — 412,068,457 triples · 74,155,401,240 bytes read
  Partitioned compression: HG005_GRCh38_1_22_v4.2.1_benchmark: rdf-scan heartbeat — 412,433,025 triples · 74,222,510,182 bytes read
  Partitioned compression: HG005_GRCh38_1_22_v4.2.1_benchmark: rdf-scan heartbeat — 412,797,717 triples · 74,289,619,203 bytes read
  Partitioned compression: HG005_GRCh38_1_22_v4.2.1_benchmark: rdf-scan heartbeat — 413,162,330 triples · 74,356,728,151 bytes read
  Partitioned compression: HG005_GRCh38_1_22_v4.2.1_benchmark: rdf-scan heartbeat — 413,526,755 triples · 74,423,837,094 bytes read
  Partitioned compression: HG005_GRCh38_1_22_v4.2.1_benchmark: rdf-scan heartbeat — 413,891,462 triples · 74,490,946,045 bytes read
  Partitioned compression: HG005_GRCh38_1_22_v4.2.1_benchmark: rdf-scan heartbeat — 414,256,104 triples · 74,558,054,995 bytes read
  Partitioned compression: HG005_GRCh38_1_22_v4.2.1_benchmark: rdf-scan chunk — 414,620,329 triples · 139 chunks · 74,625,069,131 bytes read
  Partitioned compression: HG005_GRCh38_1_22_v4.2.1_benchmark: hdt-chunks started — 138 chunks · hdt-build-00138
  Partitioned compression: HG005_GRCh38_1_22_v4.2.1_benchmark: hdt-chunks complete — 139 chunks · hdt-build-00138
  Partitioned compression: HG005_GRCh38_1_22_v4.2.1_benchmark: rdf-scan heartbeat — 414,620,845 triples · 74,625,164,024 bytes read
  Partitioned compression: HG005_GRCh38_1_22_v4.2.1_benchmark: rdf-scan heartbeat — 414,985,372 triples · 74,692,272,974 bytes read
  Partitioned compression: HG005_GRCh38_1_22_v4.2.1_benchmark: rdf-scan heartbeat — 415,349,964 triples · 74,759,381,861 bytes read
  Partitioned compression: HG005_GRCh38_1_22_v4.2.1_benchmark: rdf-scan heartbeat — 415,714,442 triples · 74,826,490,867 bytes read
  Partitioned compression: HG005_GRCh38_1_22_v4.2.1_benchmark: rdf-scan heartbeat — 416,078,827 triples · 74,893,600,134 bytes read
  Partitioned compression: HG005_GRCh38_1_22_v4.2.1_benchmark: rdf-scan heartbeat — 416,443,266 triples · 74,960,709,107 bytes read
  Partitioned compression: HG005_GRCh38_1_22_v4.2.1_benchmark: rdf-scan heartbeat — 416,807,775 triples · 75,027,818,003 bytes read
  Partitioned compression: HG005_GRCh38_1_22_v4.2.1_benchmark: rdf-scan heartbeat — 417,172,187 triples · 75,094,926,904 bytes read
  Partitioned compression: HG005_GRCh38_1_22_v4.2.1_benchmark: rdf-scan chunk — 417,536,353 triples · 140 chunks · 75,161,940,087 bytes read
  Partitioned compression: HG005_GRCh38_1_22_v4.2.1_benchmark: hdt-chunks started — 139 chunks · hdt-build-00139
  Partitioned compression: HG005_GRCh38_1_22_v4.2.1_benchmark: hdt-chunks complete — 140 chunks · hdt-build-00139
  Partitioned compression: HG005_GRCh38_1_22_v4.2.1_benchmark: rdf-scan heartbeat — 417,536,875 triples · 75,162,035,784 bytes read
  Partitioned compression: HG005_GRCh38_1_22_v4.2.1_benchmark: rdf-scan heartbeat — 417,901,460 triples · 75,229,144,769 bytes read
  Partitioned compression: HG005_GRCh38_1_22_v4.2.1_benchmark: rdf-scan heartbeat — 418,266,124 triples · 75,296,253,665 bytes read
  Partitioned compression: HG005_GRCh38_1_22_v4.2.1_benchmark: rdf-scan heartbeat — 418,630,585 triples · 75,363,362,558 bytes read
  Partitioned compression: HG005_GRCh38_1_22_v4.2.1_benchmark: rdf-scan heartbeat — 418,995,010 triples · 75,430,471,430 bytes read
  Partitioned compression: HG005_GRCh38_1_22_v4.2.1_benchmark: rdf-scan heartbeat — 419,359,580 triples · 75,497,580,391 bytes read
  Partitioned compression: HG005_GRCh38_1_22_v4.2.1_benchmark: rdf-scan heartbeat — 419,724,051 triples · 75,564,689,343 bytes read
  Partitioned compression: HG005_GRCh38_1_22_v4.2.1_benchmark: rdf-scan heartbeat — 420,088,428 triples · 75,631,798,324 bytes read
  Partitioned compression: HG005_GRCh38_1_22_v4.2.1_benchmark: rdf-scan chunk — 420,452,414 triples · 141 chunks · 75,698,811,134 bytes read
  Partitioned compression: HG005_GRCh38_1_22_v4.2.1_benchmark: hdt-chunks started — 140 chunks · hdt-build-00140
  Partitioned compression: HG005_GRCh38_1_22_v4.2.1_benchmark: hdt-chunks complete — 141 chunks · hdt-build-00140
  Partitioned compression: HG005_GRCh38_1_22_v4.2.1_benchmark: rdf-scan heartbeat — 420,452,935 triples · 75,698,907,229 bytes read
  Partitioned compression: HG005_GRCh38_1_22_v4.2.1_benchmark: rdf-scan heartbeat — 420,817,595 triples · 75,766,016,230 bytes read
  Partitioned compression: HG005_GRCh38_1_22_v4.2.1_benchmark: rdf-scan heartbeat — 421,182,220 triples · 75,833,125,236 bytes read
  Partitioned compression: HG005_GRCh38_1_22_v4.2.1_benchmark: rdf-scan heartbeat — 421,546,734 triples · 75,900,234,274 bytes read
  Partitioned compression: HG005_GRCh38_1_22_v4.2.1_benchmark: rdf-scan heartbeat — 421,911,364 triples · 75,967,343,300 bytes read
  Partitioned compression: HG005_GRCh38_1_22_v4.2.1_benchmark: rdf-scan heartbeat — 422,275,923 triples · 76,034,452,313 bytes read
  Partitioned compression: HG005_GRCh38_1_22_v4.2.1_benchmark: rdf-scan heartbeat — 422,640,494 triples · 76,101,561,210 bytes read
  Partitioned compression: HG005_GRCh38_1_22_v4.2.1_benchmark: rdf-scan heartbeat — 423,004,985 triples · 76,168,670,129 bytes read
  Partitioned compression: HG005_GRCh38_1_22_v4.2.1_benchmark: rdf-scan chunk — 423,368,894 triples · 142 chunks · 76,235,682,094 bytes read
  Partitioned compression: HG005_GRCh38_1_22_v4.2.1_benchmark: hdt-chunks started — 141 chunks · hdt-build-00141
  Partitioned compression: HG005_GRCh38_1_22_v4.2.1_benchmark: hdt-chunks complete — 142 chunks · hdt-build-00141
  Partitioned compression: HG005_GRCh38_1_22_v4.2.1_benchmark: rdf-scan heartbeat — 423,369,422 triples · 76,235,779,153 bytes read
  Partitioned compression: HG005_GRCh38_1_22_v4.2.1_benchmark: rdf-scan heartbeat — 423,734,009 triples · 76,302,888,059 bytes read
  Partitioned compression: HG005_GRCh38_1_22_v4.2.1_benchmark: rdf-scan heartbeat — 424,098,721 triples · 76,369,997,025 bytes read
  Partitioned compression: HG005_GRCh38_1_22_v4.2.1_benchmark: rdf-scan heartbeat — 424,463,738 triples · 76,437,105,923 bytes read
  Partitioned compression: HG005_GRCh38_1_22_v4.2.1_benchmark: rdf-scan heartbeat — 424,828,298 triples · 76,504,214,801 bytes read
  Partitioned compression: HG005_GRCh38_1_22_v4.2.1_benchmark: rdf-scan heartbeat — 425,192,796 triples · 76,571,323,844 bytes read
  Partitioned compression: HG005_GRCh38_1_22_v4.2.1_benchmark: rdf-scan heartbeat — 425,557,566 triples · 76,638,432,802 bytes read
  Partitioned compression: HG005_GRCh38_1_22_v4.2.1_benchmark: rdf-scan heartbeat — 425,922,298 triples · 76,705,541,707 bytes read
  Partitioned compression: HG005_GRCh38_1_22_v4.2.1_benchmark: rdf-scan chunk — 426,286,400 triples · 143 chunks · 76,772,553,087 bytes read
  Partitioned compression: HG005_GRCh38_1_22_v4.2.1_benchmark: hdt-chunks started — 142 chunks · hdt-build-00142
  Partitioned compression: HG005_GRCh38_1_22_v4.2.1_benchmark: hdt-chunks complete — 143 chunks · hdt-build-00142
  Partitioned compression: HG005_GRCh38_1_22_v4.2.1_benchmark: rdf-scan heartbeat — 426,286,928 triples · 76,772,650,577 bytes read
  Partitioned compression: HG005_GRCh38_1_22_v4.2.1_benchmark: rdf-scan heartbeat — 426,651,622 triples · 76,839,759,473 bytes read
  Partitioned compression: HG005_GRCh38_1_22_v4.2.1_benchmark: rdf-scan heartbeat — 427,016,156 triples · 76,906,868,473 bytes read
  Partitioned compression: HG005_GRCh38_1_22_v4.2.1_benchmark: rdf-scan heartbeat — 427,380,659 triples · 76,973,977,401 bytes read
  Partitioned compression: HG005_GRCh38_1_22_v4.2.1_benchmark: rdf-scan heartbeat — 427,745,302 triples · 77,041,086,416 bytes read
  Partitioned compression: HG005_GRCh38_1_22_v4.2.1_benchmark: rdf-scan heartbeat — 428,109,912 triples · 77,108,195,697 bytes read
  Partitioned compression: HG005_GRCh38_1_22_v4.2.1_benchmark: rdf-scan heartbeat — 428,474,657 triples · 77,175,304,639 bytes read
  Partitioned compression: HG005_GRCh38_1_22_v4.2.1_benchmark: rdf-scan heartbeat — 428,839,327 triples · 77,242,413,523 bytes read
  Partitioned compression: HG005_GRCh38_1_22_v4.2.1_benchmark: rdf-scan chunk — 429,203,295 triples · 144 chunks · 77,309,424,119 bytes read
  Partitioned compression: HG005_GRCh38_1_22_v4.2.1_benchmark: hdt-chunks started — 143 chunks · hdt-build-00143
  Partitioned compression: HG005_GRCh38_1_22_v4.2.1_benchmark: hdt-chunks complete — 144 chunks · hdt-build-00143
  Partitioned compression: HG005_GRCh38_1_22_v4.2.1_benchmark: rdf-scan heartbeat — 429,203,830 triples · 77,309,522,480 bytes read
  Partitioned compression: HG005_GRCh38_1_22_v4.2.1_benchmark: rdf-scan heartbeat — 429,568,540 triples · 77,376,631,494 bytes read
  Partitioned compression: HG005_GRCh38_1_22_v4.2.1_benchmark: rdf-scan heartbeat — 429,933,359 triples · 77,443,740,417 bytes read
  Partitioned compression: HG005_GRCh38_1_22_v4.2.1_benchmark: rdf-scan heartbeat — 430,297,929 triples · 77,510,849,349 bytes read
  Partitioned compression: HG005_GRCh38_1_22_v4.2.1_benchmark: rdf-scan heartbeat — 430,662,482 triples · 77,577,958,356 bytes read
  Partitioned compression: HG005_GRCh38_1_22_v4.2.1_benchmark: rdf-scan heartbeat — 431,027,064 triples · 77,645,067,297 bytes read
  Partitioned compression: HG005_GRCh38_1_22_v4.2.1_benchmark: rdf-scan heartbeat — 431,391,500 triples · 77,712,176,233 bytes read
  Partitioned compression: HG005_GRCh38_1_22_v4.2.1_benchmark: rdf-scan heartbeat — 431,755,961 triples · 77,779,285,152 bytes read
  Partitioned compression: HG005_GRCh38_1_22_v4.2.1_benchmark: rdf-scan chunk — 432,120,075 triples · 145 chunks · 77,846,295,074 bytes read
  Partitioned compression: HG005_GRCh38_1_22_v4.2.1_benchmark: hdt-chunks started — 144 chunks · hdt-build-00144
  Partitioned compression: HG005_GRCh38_1_22_v4.2.1_benchmark: hdt-chunks complete — 145 chunks · hdt-build-00144
  Partitioned compression: HG005_GRCh38_1_22_v4.2.1_benchmark: rdf-scan heartbeat — 432,120,612 triples · 77,846,394,060 bytes read
  Partitioned compression: HG005_GRCh38_1_22_v4.2.1_benchmark: rdf-scan heartbeat — 432,485,238 triples · 77,913,503,078 bytes read
  Partitioned compression: HG005_GRCh38_1_22_v4.2.1_benchmark: rdf-scan heartbeat — 432,849,743 triples · 77,980,611,963 bytes read
  Partitioned compression: HG005_GRCh38_1_22_v4.2.1_benchmark: rdf-scan heartbeat — 433,214,312 triples · 78,047,720,927 bytes read
  Partitioned compression: HG005_GRCh38_1_22_v4.2.1_benchmark: rdf-scan heartbeat — 433,578,927 triples · 78,114,829,867 bytes read
  Partitioned compression: HG005_GRCh38_1_22_v4.2.1_benchmark: rdf-scan heartbeat — 433,943,596 triples · 78,181,938,766 bytes read
  Partitioned compression: HG005_GRCh38_1_22_v4.2.1_benchmark: rdf-scan heartbeat — 434,308,270 triples · 78,249,047,803 bytes read
  Partitioned compression: HG005_GRCh38_1_22_v4.2.1_benchmark: rdf-scan heartbeat — 434,672,799 triples · 78,316,156,709 bytes read
  Partitioned compression: HG005_GRCh38_1_22_v4.2.1_benchmark: rdf-scan chunk — 435,036,830 triples · 146 chunks · 78,383,165,990 bytes read
  Partitioned compression: HG005_GRCh38_1_22_v4.2.1_benchmark: hdt-chunks started — 145 chunks · hdt-build-00145
  Partitioned compression: HG005_GRCh38_1_22_v4.2.1_benchmark: hdt-chunks complete — 146 chunks · hdt-build-00145
  Partitioned compression: HG005_GRCh38_1_22_v4.2.1_benchmark: rdf-scan heartbeat — 435,037,370 triples · 78,383,265,695 bytes read
  Partitioned compression: HG005_GRCh38_1_22_v4.2.1_benchmark: rdf-scan heartbeat — 435,402,003 triples · 78,450,374,624 bytes read
  Partitioned compression: HG005_GRCh38_1_22_v4.2.1_benchmark: rdf-scan heartbeat — 435,766,521 triples · 78,517,483,589 bytes read
  Partitioned compression: HG005_GRCh38_1_22_v4.2.1_benchmark: rdf-scan heartbeat — 436,131,185 triples · 78,584,592,580 bytes read
  Partitioned compression: HG005_GRCh38_1_22_v4.2.1_benchmark: rdf-scan heartbeat — 436,495,740 triples · 78,651,701,500 bytes read
  Partitioned compression: HG005_GRCh38_1_22_v4.2.1_benchmark: rdf-scan heartbeat — 436,860,290 triples · 78,718,810,405 bytes read
  Partitioned compression: HG005_GRCh38_1_22_v4.2.1_benchmark: rdf-scan heartbeat — 437,224,906 triples · 78,785,919,403 bytes read
  Partitioned compression: HG005_GRCh38_1_22_v4.2.1_benchmark: rdf-scan heartbeat — 437,589,581 triples · 78,853,028,290 bytes read
  Partitioned compression: HG005_GRCh38_1_22_v4.2.1_benchmark: rdf-scan chunk — 437,953,477 triples · 147 chunks · 78,920,037,252 bytes read
  Partitioned compression: HG005_GRCh38_1_22_v4.2.1_benchmark: hdt-chunks started — 146 chunks · hdt-build-00146
  Partitioned compression: HG005_GRCh38_1_22_v4.2.1_benchmark: hdt-chunks complete — 147 chunks · hdt-build-00146
  Partitioned compression: HG005_GRCh38_1_22_v4.2.1_benchmark: rdf-scan heartbeat — 437,954,020 triples · 78,920,137,318 bytes read
  Partitioned compression: HG005_GRCh38_1_22_v4.2.1_benchmark: rdf-scan heartbeat — 438,318,610 triples · 78,987,246,227 bytes read
  Partitioned compression: HG005_GRCh38_1_22_v4.2.1_benchmark: rdf-scan heartbeat — 438,683,117 triples · 79,054,355,233 bytes read
  Partitioned compression: HG005_GRCh38_1_22_v4.2.1_benchmark: rdf-scan heartbeat — 439,048,011 triples · 79,121,464,109 bytes read
  Partitioned compression: HG005_GRCh38_1_22_v4.2.1_benchmark: rdf-scan heartbeat — 439,412,803 triples · 79,188,573,107 bytes read
  Partitioned compression: HG005_GRCh38_1_22_v4.2.1_benchmark: rdf-scan heartbeat — 439,777,296 triples · 79,255,682,129 bytes read
  Partitioned compression: HG005_GRCh38_1_22_v4.2.1_benchmark: rdf-scan heartbeat — 440,141,727 triples · 79,322,791,102 bytes read
  Partitioned compression: HG005_GRCh38_1_22_v4.2.1_benchmark: rdf-scan heartbeat — 440,506,326 triples · 79,389,899,979 bytes read
  Partitioned compression: HG005_GRCh38_1_22_v4.2.1_benchmark: rdf-scan chunk — 440,870,253 triples · 148 chunks · 79,456,908,276 bytes read
  Partitioned compression: HG005_GRCh38_1_22_v4.2.1_benchmark: hdt-chunks started — 147 chunks · hdt-build-00147
  Partitioned compression: HG005_GRCh38_1_22_v4.2.1_benchmark: hdt-chunks complete — 148 chunks · hdt-build-00147
  Partitioned compression: HG005_GRCh38_1_22_v4.2.1_benchmark: rdf-scan heartbeat — 440,870,799 triples · 79,457,009,000 bytes read
  Partitioned compression: HG005_GRCh38_1_22_v4.2.1_benchmark: rdf-scan heartbeat — 441,235,365 triples · 79,524,117,911 bytes read
  Partitioned compression: HG005_GRCh38_1_22_v4.2.1_benchmark: rdf-scan heartbeat — 441,599,855 triples · 79,591,226,888 bytes read
  Partitioned compression: HG005_GRCh38_1_22_v4.2.1_benchmark: rdf-scan heartbeat — 441,964,296 triples · 79,658,335,759 bytes read
  Partitioned compression: HG005_GRCh38_1_22_v4.2.1_benchmark: rdf-scan heartbeat — 442,328,944 triples · 79,725,444,676 bytes read
  Partitioned compression: HG005_GRCh38_1_22_v4.2.1_benchmark: rdf-scan heartbeat — 442,693,519 triples · 79,792,553,596 bytes read
  Partitioned compression: HG005_GRCh38_1_22_v4.2.1_benchmark: rdf-scan heartbeat — 443,058,055 triples · 79,859,662,616 bytes read
  Partitioned compression: HG005_GRCh38_1_22_v4.2.1_benchmark: rdf-scan heartbeat — 443,422,836 triples · 79,926,771,609 bytes read
  Partitioned compression: HG005_GRCh38_1_22_v4.2.1_benchmark: rdf-scan chunk — 443,805,602 triples · 149 chunks · 79,993,779,254 bytes read
  Partitioned compression: HG005_GRCh38_1_22_v4.2.1_benchmark: hdt-chunks started — 148 chunks · hdt-build-00148
  Partitioned compression: HG005_GRCh38_1_22_v4.2.1_benchmark: hdt-chunks complete — 149 chunks · hdt-build-00148
  Partitioned compression: HG005_GRCh38_1_22_v4.2.1_benchmark: rdf-scan heartbeat — 443,806,195 triples · 79,993,880,598 bytes read
  Partitioned compression: HG005_GRCh38_1_22_v4.2.1_benchmark: rdf-scan heartbeat — 444,198,833 triples · 80,060,989,567 bytes read
  Partitioned compression: HG005_GRCh38_1_22_v4.2.1_benchmark: rdf-scan heartbeat — 444,573,894 triples · 80,128,098,555 bytes read
  Partitioned compression: HG005_GRCh38_1_22_v4.2.1_benchmark: rdf-scan heartbeat — 444,938,421 triples · 80,195,207,441 bytes read
  Partitioned compression: HG005_GRCh38_1_22_v4.2.1_benchmark: rdf-scan heartbeat — 445,302,677 triples · 80,262,316,462 bytes read
  Partitioned compression: HG005_GRCh38_1_22_v4.2.1_benchmark: rdf-scan heartbeat — 445,667,314 triples · 80,329,425,523 bytes read
  Partitioned compression: HG005_GRCh38_1_22_v4.2.1_benchmark: rdf-scan heartbeat — 446,031,950 triples · 80,396,534,393 bytes read
  Partitioned compression: HG005_GRCh38_1_22_v4.2.1_benchmark: rdf-scan heartbeat — 446,396,572 triples · 80,463,643,328 bytes read
  Partitioned compression: HG005_GRCh38_1_22_v4.2.1_benchmark: rdf-scan chunk — 446,760,613 triples · 150 chunks · 80,530,650,293 bytes read
  Partitioned compression: HG005_GRCh38_1_22_v4.2.1_benchmark: hdt-chunks started — 149 chunks · hdt-build-00149
  Partitioned compression: HG005_GRCh38_1_22_v4.2.1_benchmark: hdt-chunks complete — 150 chunks · hdt-build-00149
  Partitioned compression: HG005_GRCh38_1_22_v4.2.1_benchmark: rdf-scan heartbeat — 446,761,167 triples · 80,530,752,192 bytes read
  Partitioned compression: HG005_GRCh38_1_22_v4.2.1_benchmark: rdf-scan heartbeat — 447,125,737 triples · 80,597,861,187 bytes read
  Partitioned compression: HG005_GRCh38_1_22_v4.2.1_benchmark: rdf-scan heartbeat — 447,490,208 triples · 80,664,970,125 bytes read
  Partitioned compression: HG005_GRCh38_1_22_v4.2.1_benchmark: rdf-scan heartbeat — 447,855,082 triples · 80,732,079,094 bytes read
  Partitioned compression: HG005_GRCh38_1_22_v4.2.1_benchmark: rdf-scan heartbeat — 448,219,772 triples · 80,799,188,016 bytes read
  Partitioned compression: HG005_GRCh38_1_22_v4.2.1_benchmark: rdf-scan heartbeat — 448,584,350 triples · 80,866,296,929 bytes read
  Partitioned compression: HG005_GRCh38_1_22_v4.2.1_benchmark: rdf-scan heartbeat — 448,949,078 triples · 80,933,405,944 bytes read
  Partitioned compression: HG005_GRCh38_1_22_v4.2.1_benchmark: rdf-scan heartbeat — 449,313,725 triples · 81,000,514,935 bytes read
  Partitioned compression: HG005_GRCh38_1_22_v4.2.1_benchmark: rdf-scan chunk — 449,677,834 triples · 151 chunks · 81,067,521,286 bytes read
  Partitioned compression: HG005_GRCh38_1_22_v4.2.1_benchmark: hdt-chunks started — 150 chunks · hdt-build-00150
  Partitioned compression: HG005_GRCh38_1_22_v4.2.1_benchmark: hdt-chunks complete — 151 chunks · hdt-build-00150
  Partitioned compression: HG005_GRCh38_1_22_v4.2.1_benchmark: rdf-scan heartbeat — 449,678,391 triples · 81,067,623,868 bytes read
  Partitioned compression: HG005_GRCh38_1_22_v4.2.1_benchmark: rdf-scan heartbeat — 450,043,017 triples · 81,134,732,774 bytes read
  Partitioned compression: HG005_GRCh38_1_22_v4.2.1_benchmark: rdf-scan heartbeat — 450,407,640 triples · 81,201,841,747 bytes read
  Partitioned compression: HG005_GRCh38_1_22_v4.2.1_benchmark: rdf-scan heartbeat — 450,772,352 triples · 81,268,951,123 bytes read
  Partitioned compression: HG005_GRCh38_1_22_v4.2.1_benchmark: rdf-scan heartbeat — 451,137,053 triples · 81,336,060,119 bytes read
  Partitioned compression: HG005_GRCh38_1_22_v4.2.1_benchmark: rdf-scan heartbeat — 451,501,877 triples · 81,403,169,166 bytes read
  Partitioned compression: HG005_GRCh38_1_22_v4.2.1_benchmark: rdf-scan heartbeat — 451,866,437 triples · 81,470,278,151 bytes read
  Partitioned compression: HG005_GRCh38_1_22_v4.2.1_benchmark: rdf-scan heartbeat — 452,230,874 triples · 81,537,387,061 bytes read
  Partitioned compression: HG005_GRCh38_1_22_v4.2.1_benchmark: rdf-scan chunk — 452,595,101 triples · 152 chunks · 81,604,392,348 bytes read
  Partitioned compression: HG005_GRCh38_1_22_v4.2.1_benchmark: hdt-chunks started — 151 chunks · hdt-build-00151
  Partitioned compression: HG005_GRCh38_1_22_v4.2.1_benchmark: hdt-chunks complete — 152 chunks · hdt-build-00151
  Partitioned compression: HG005_GRCh38_1_22_v4.2.1_benchmark: rdf-scan heartbeat — 452,595,661 triples · 81,604,496,006 bytes read
  Partitioned compression: HG005_GRCh38_1_22_v4.2.1_benchmark: rdf-scan heartbeat — 452,960,176 triples · 81,671,604,910 bytes read
  Partitioned compression: HG005_GRCh38_1_22_v4.2.1_benchmark: rdf-scan heartbeat — 453,324,889 triples · 81,738,713,899 bytes read
  Partitioned compression: HG005_GRCh38_1_22_v4.2.1_benchmark: rdf-scan heartbeat — 453,689,543 triples · 81,805,822,779 bytes read
  Partitioned compression: HG005_GRCh38_1_22_v4.2.1_benchmark: rdf-scan heartbeat — 454,054,109 triples · 81,872,931,781 bytes read
  Partitioned compression: HG005_GRCh38_1_22_v4.2.1_benchmark: rdf-scan heartbeat — 454,418,700 triples · 81,940,040,693 bytes read
  Partitioned compression: HG005_GRCh38_1_22_v4.2.1_benchmark: rdf-scan heartbeat — 454,783,283 triples · 82,007,149,703 bytes read
  Partitioned compression: HG005_GRCh38_1_22_v4.2.1_benchmark: rdf-scan heartbeat — 455,148,041 triples · 82,074,258,685 bytes read
  Partitioned compression: HG005_GRCh38_1_22_v4.2.1_benchmark: rdf-scan chunk — 455,511,981 triples · 153 chunks · 82,141,263,453 bytes read
  Partitioned compression: HG005_GRCh38_1_22_v4.2.1_benchmark: hdt-chunks started — 152 chunks · hdt-build-00152
  Partitioned compression: HG005_GRCh38_1_22_v4.2.1_benchmark: hdt-chunks complete — 153 chunks · hdt-build-00152
  Partitioned compression: HG005_GRCh38_1_22_v4.2.1_benchmark: rdf-scan heartbeat — 455,512,555 triples · 82,141,367,551 bytes read
  Partitioned compression: HG005_GRCh38_1_22_v4.2.1_benchmark: rdf-scan heartbeat — 455,877,360 triples · 82,208,476,471 bytes read
  Partitioned compression: HG005_GRCh38_1_22_v4.2.1_benchmark: rdf-scan heartbeat — 456,241,917 triples · 82,275,585,449 bytes read
  Partitioned compression: HG005_GRCh38_1_22_v4.2.1_benchmark: rdf-scan heartbeat — 456,606,427 triples · 82,342,694,327 bytes read
  Partitioned compression: HG005_GRCh38_1_22_v4.2.1_benchmark: rdf-scan heartbeat — 456,971,019 triples · 82,409,803,303 bytes read
  Partitioned compression: HG005_GRCh38_1_22_v4.2.1_benchmark: rdf-scan heartbeat — 457,335,587 triples · 82,476,912,261 bytes read
  Partitioned compression: HG005_GRCh38_1_22_v4.2.1_benchmark: rdf-scan heartbeat — 457,700,000 triples · 82,544,021,168 bytes read
  Partitioned compression: HG005_GRCh38_1_22_v4.2.1_benchmark: rdf-scan heartbeat — 458,064,545 triples · 82,611,130,149 bytes read
  Partitioned compression: HG005_GRCh38_1_22_v4.2.1_benchmark: rdf-scan chunk — 458,428,416 triples · 154 chunks · 82,678,134,500 bytes read
  Partitioned compression: HG005_GRCh38_1_22_v4.2.1_benchmark: hdt-chunks started — 153 chunks · hdt-build-00153
  Partitioned compression: HG005_GRCh38_1_22_v4.2.1_benchmark: hdt-chunks complete — 154 chunks · hdt-build-00153
  Partitioned compression: HG005_GRCh38_1_22_v4.2.1_benchmark: rdf-scan heartbeat — 458,428,985 triples · 82,678,239,107 bytes read
  Partitioned compression: HG005_GRCh38_1_22_v4.2.1_benchmark: rdf-scan heartbeat — 458,793,484 triples · 82,745,348,032 bytes read
  Partitioned compression: HG005_GRCh38_1_22_v4.2.1_benchmark: rdf-scan heartbeat — 459,158,016 triples · 82,812,456,898 bytes read
  Partitioned compression: HG005_GRCh38_1_22_v4.2.1_benchmark: rdf-scan heartbeat — 459,522,427 triples · 82,879,565,782 bytes read
  Partitioned compression: HG005_GRCh38_1_22_v4.2.1_benchmark: rdf-scan heartbeat — 459,886,900 triples · 82,946,674,750 bytes read
  Partitioned compression: HG005_GRCh38_1_22_v4.2.1_benchmark: rdf-scan heartbeat — 460,251,324 triples · 83,013,783,737 bytes read
  Partitioned compression: HG005_GRCh38_1_22_v4.2.1_benchmark: rdf-scan heartbeat — 460,615,969 triples · 83,080,892,619 bytes read
  Partitioned compression: HG005_GRCh38_1_22_v4.2.1_benchmark: rdf-scan heartbeat — 460,980,354 triples · 83,148,001,544 bytes read
  Partitioned compression: HG005_GRCh38_1_22_v4.2.1_benchmark: rdf-scan chunk — 461,344,315 triples · 155 chunks · 83,215,005,467 bytes read
  Partitioned compression: HG005_GRCh38_1_22_v4.2.1_benchmark: hdt-chunks started — 154 chunks · hdt-build-00154
  Partitioned compression: HG005_GRCh38_1_22_v4.2.1_benchmark: hdt-chunks complete — 155 chunks · hdt-build-00154
  Partitioned compression: HG005_GRCh38_1_22_v4.2.1_benchmark: rdf-scan heartbeat — 461,344,885 triples · 83,215,110,551 bytes read
  Partitioned compression: HG005_GRCh38_1_22_v4.2.1_benchmark: rdf-scan heartbeat — 461,709,546 triples · 83,282,219,472 bytes read
  Partitioned compression: HG005_GRCh38_1_22_v4.2.1_benchmark: rdf-scan heartbeat — 462,074,311 triples · 83,349,328,468 bytes read
  Partitioned compression: HG005_GRCh38_1_22_v4.2.1_benchmark: rdf-scan heartbeat — 462,439,203 triples · 83,416,437,393 bytes read
  Partitioned compression: HG005_GRCh38_1_22_v4.2.1_benchmark: rdf-scan heartbeat — 462,803,877 triples · 83,483,546,349 bytes read
  Partitioned compression: HG005_GRCh38_1_22_v4.2.1_benchmark: rdf-scan heartbeat — 463,168,962 triples · 83,550,655,309 bytes read
  Partitioned compression: HG005_GRCh38_1_22_v4.2.1_benchmark: rdf-scan heartbeat — 463,533,264 triples · 83,617,764,342 bytes read
  Partitioned compression: HG005_GRCh38_1_22_v4.2.1_benchmark: rdf-scan heartbeat — 463,897,755 triples · 83,684,873,212 bytes read
  Partitioned compression: HG005_GRCh38_1_22_v4.2.1_benchmark: rdf-scan chunk — 464,261,669 triples · 156 chunks · 83,751,876,489 bytes read
  Partitioned compression: HG005_GRCh38_1_22_v4.2.1_benchmark: hdt-chunks started — 155 chunks · hdt-build-00155
  Partitioned compression: HG005_GRCh38_1_22_v4.2.1_benchmark: hdt-chunks complete — 156 chunks · hdt-build-00155
  Partitioned compression: HG005_GRCh38_1_22_v4.2.1_benchmark: rdf-scan heartbeat — 464,262,243 triples · 83,751,982,162 bytes read
  Partitioned compression: HG005_GRCh38_1_22_v4.2.1_benchmark: rdf-scan heartbeat — 464,626,788 triples · 83,819,091,034 bytes read
  Partitioned compression: HG005_GRCh38_1_22_v4.2.1_benchmark: rdf-scan heartbeat — 464,991,160 triples · 83,886,200,019 bytes read
  Partitioned compression: HG005_GRCh38_1_22_v4.2.1_benchmark: rdf-scan heartbeat — 465,355,656 triples · 83,953,309,013 bytes read
  Partitioned compression: HG005_GRCh38_1_22_v4.2.1_benchmark: rdf-scan heartbeat — 465,720,113 triples · 84,020,418,005 bytes read
  Partitioned compression: HG005_GRCh38_1_22_v4.2.1_benchmark: rdf-scan heartbeat — 466,084,654 triples · 84,087,526,892 bytes read
  Partitioned compression: HG005_GRCh38_1_22_v4.2.1_benchmark: rdf-scan heartbeat — 466,449,187 triples · 84,154,635,803 bytes read
  Partitioned compression: HG005_GRCh38_1_22_v4.2.1_benchmark: rdf-scan heartbeat — 466,813,694 triples · 84,221,744,752 bytes read
  Partitioned compression: HG005_GRCh38_1_22_v4.2.1_benchmark: rdf-scan chunk — 467,177,898 triples · 157 chunks · 84,288,747,536 bytes read
  Partitioned compression: HG005_GRCh38_1_22_v4.2.1_benchmark: hdt-chunks started — 156 chunks · hdt-build-00156
  Partitioned compression: HG005_GRCh38_1_22_v4.2.1_benchmark: hdt-chunks complete — 157 chunks · hdt-build-00156
  Partitioned compression: HG005_GRCh38_1_22_v4.2.1_benchmark: rdf-scan heartbeat — 467,178,475 triples · 84,288,853,716 bytes read
  Partitioned compression: HG005_GRCh38_1_22_v4.2.1_benchmark: rdf-scan heartbeat — 467,543,275 triples · 84,355,962,646 bytes read
  Partitioned compression: HG005_GRCh38_1_22_v4.2.1_benchmark: rdf-scan heartbeat — 467,907,750 triples · 84,423,071,520 bytes read
  Partitioned compression: HG005_GRCh38_1_22_v4.2.1_benchmark: rdf-scan heartbeat — 468,272,273 triples · 84,490,180,535 bytes read
  Partitioned compression: HG005_GRCh38_1_22_v4.2.1_benchmark: rdf-scan heartbeat — 468,636,804 triples · 84,557,289,411 bytes read
  Partitioned compression: HG005_GRCh38_1_22_v4.2.1_benchmark: rdf-scan heartbeat — 469,001,227 triples · 84,624,398,341 bytes read
  Partitioned compression: HG005_GRCh38_1_22_v4.2.1_benchmark: rdf-scan heartbeat — 469,365,617 triples · 84,691,507,335 bytes read
  Partitioned compression: HG005_GRCh38_1_22_v4.2.1_benchmark: rdf-scan heartbeat — 469,730,090 triples · 84,758,616,345 bytes read
  Partitioned compression: HG005_GRCh38_1_22_v4.2.1_benchmark: rdf-scan chunk — 470,093,981 triples · 158 chunks · 84,825,618,464 bytes read
  Partitioned compression: HG005_GRCh38_1_22_v4.2.1_benchmark: hdt-chunks started — 157 chunks · hdt-build-00157
  Partitioned compression: HG005_GRCh38_1_22_v4.2.1_benchmark: hdt-chunks complete — 158 chunks · hdt-build-00157
  Partitioned compression: HG005_GRCh38_1_22_v4.2.1_benchmark: rdf-scan heartbeat — 470,094,561 triples · 84,825,725,389 bytes read
  Partitioned compression: HG005_GRCh38_1_22_v4.2.1_benchmark: rdf-scan heartbeat — 470,460,321 triples · 84,892,834,286 bytes read
  Partitioned compression: HG005_GRCh38_1_22_v4.2.1_benchmark: rdf-scan heartbeat — 470,825,842 triples · 84,959,943,285 bytes read
  Partitioned compression: HG005_GRCh38_1_22_v4.2.1_benchmark: rdf-scan heartbeat — 471,191,081 triples · 85,027,052,242 bytes read
  Partitioned compression: HG005_GRCh38_1_22_v4.2.1_benchmark: rdf-scan heartbeat — 471,555,755 triples · 85,094,161,230 bytes read
  Partitioned compression: HG005_GRCh38_1_22_v4.2.1_benchmark: rdf-scan heartbeat — 471,920,754 triples · 85,161,270,137 bytes read
  Partitioned compression: HG005_GRCh38_1_22_v4.2.1_benchmark: rdf-scan heartbeat — 472,285,670 triples · 85,228,379,091 bytes read
  Partitioned compression: HG005_GRCh38_1_22_v4.2.1_benchmark: rdf-scan heartbeat — 472,650,120 triples · 85,295,488,545 bytes read
  Partitioned compression: HG005_GRCh38_1_22_v4.2.1_benchmark: rdf-scan chunk — 473,014,038 triples · 159 chunks · 85,362,489,434 bytes read
  Partitioned compression: HG005_GRCh38_1_22_v4.2.1_benchmark: hdt-chunks started — 158 chunks · hdt-build-00158
  Partitioned compression: HG005_GRCh38_1_22_v4.2.1_benchmark: hdt-chunks complete — 159 chunks · hdt-build-00158
  Partitioned compression: HG005_GRCh38_1_22_v4.2.1_benchmark: rdf-scan heartbeat — 473,014,624 triples · 85,362,597,426 bytes read
  Partitioned compression: HG005_GRCh38_1_22_v4.2.1_benchmark: rdf-scan heartbeat — 473,379,335 triples · 85,429,706,370 bytes read
  Partitioned compression: HG005_GRCh38_1_22_v4.2.1_benchmark: rdf-scan heartbeat — 473,744,048 triples · 85,496,815,279 bytes read
  Partitioned compression: HG005_GRCh38_1_22_v4.2.1_benchmark: rdf-scan heartbeat — 474,108,873 triples · 85,563,924,213 bytes read
  Partitioned compression: HG005_GRCh38_1_22_v4.2.1_benchmark: rdf-scan heartbeat — 474,473,543 triples · 85,631,033,223 bytes read
  Partitioned compression: HG005_GRCh38_1_22_v4.2.1_benchmark: rdf-scan heartbeat — 474,838,448 triples · 85,698,142,169 bytes read
  Partitioned compression: HG005_GRCh38_1_22_v4.2.1_benchmark: rdf-scan heartbeat — 475,203,451 triples · 85,765,251,065 bytes read
  Partitioned compression: HG005_GRCh38_1_22_v4.2.1_benchmark: rdf-scan heartbeat — 475,568,094 triples · 85,832,359,968 bytes read
  Partitioned compression: HG005_GRCh38_1_22_v4.2.1_benchmark: rdf-scan chunk — 475,932,039 triples · 160 chunks · 85,899,360,494 bytes read
  Partitioned compression: HG005_GRCh38_1_22_v4.2.1_benchmark: hdt-chunks started — 159 chunks · hdt-build-00159
  Partitioned compression: HG005_GRCh38_1_22_v4.2.1_benchmark: hdt-chunks complete — 160 chunks · hdt-build-00159
  Partitioned compression: HG005_GRCh38_1_22_v4.2.1_benchmark: rdf-scan heartbeat — 475,932,628 triples · 85,899,468,892 bytes read
  Partitioned compression: HG005_GRCh38_1_22_v4.2.1_benchmark: rdf-scan heartbeat — 476,297,216 triples · 85,966,577,846 bytes read
  Partitioned compression: HG005_GRCh38_1_22_v4.2.1_benchmark: rdf-scan heartbeat — 476,661,812 triples · 86,033,686,843 bytes read
  Partitioned compression: HG005_GRCh38_1_22_v4.2.1_benchmark: rdf-scan heartbeat — 477,026,373 triples · 86,100,795,869 bytes read
  Partitioned compression: HG005_GRCh38_1_22_v4.2.1_benchmark: rdf-scan heartbeat — 477,390,938 triples · 86,167,904,891 bytes read
  Partitioned compression: HG005_GRCh38_1_22_v4.2.1_benchmark: rdf-scan heartbeat — 477,755,516 triples · 86,235,013,807 bytes read
  Partitioned compression: HG005_GRCh38_1_22_v4.2.1_benchmark: rdf-scan heartbeat — 478,120,186 triples · 86,302,122,696 bytes read
  Partitioned compression: HG005_GRCh38_1_22_v4.2.1_benchmark: rdf-scan heartbeat — 478,484,983 triples · 86,369,231,632 bytes read
  Partitioned compression: HG005_GRCh38_1_22_v4.2.1_benchmark: rdf-scan chunk — 478,849,000 triples · 161 chunks · 86,436,231,533 bytes read
  Partitioned compression: HG005_GRCh38_1_22_v4.2.1_benchmark: hdt-chunks started — 160 chunks · hdt-build-00160
  Partitioned compression: HG005_GRCh38_1_22_v4.2.1_benchmark: hdt-chunks complete — 161 chunks · hdt-build-00160
  Partitioned compression: HG005_GRCh38_1_22_v4.2.1_benchmark: rdf-scan heartbeat — 478,849,596 triples · 86,436,340,592 bytes read
  Partitioned compression: HG005_GRCh38_1_22_v4.2.1_benchmark: rdf-scan heartbeat — 479,214,035 triples · 86,503,449,631 bytes read
  Partitioned compression: HG005_GRCh38_1_22_v4.2.1_benchmark: rdf-scan heartbeat — 479,578,775 triples · 86,570,558,563 bytes read
  Partitioned compression: HG005_GRCh38_1_22_v4.2.1_benchmark: rdf-scan heartbeat — 479,943,767 triples · 86,637,667,505 bytes read
  Partitioned compression: HG005_GRCh38_1_22_v4.2.1_benchmark: rdf-scan heartbeat — 480,308,527 triples · 86,704,776,527 bytes read
  Partitioned compression: HG005_GRCh38_1_22_v4.2.1_benchmark: rdf-scan heartbeat — 480,673,062 triples · 86,771,885,533 bytes read
  Partitioned compression: HG005_GRCh38_1_22_v4.2.1_benchmark: rdf-scan heartbeat — 481,038,013 triples · 86,838,994,576 bytes read
  Partitioned compression: HG005_GRCh38_1_22_v4.2.1_benchmark: rdf-scan heartbeat — 481,402,644 triples · 86,906,103,491 bytes read
  Partitioned compression: HG005_GRCh38_1_22_v4.2.1_benchmark: rdf-scan chunk — 481,766,743 triples · 162 chunks · 86,973,102,489 bytes read
  Partitioned compression: HG005_GRCh38_1_22_v4.2.1_benchmark: hdt-chunks started — 161 chunks · hdt-build-00161
  Partitioned compression: HG005_GRCh38_1_22_v4.2.1_benchmark: hdt-chunks complete — 162 chunks · hdt-build-00161
  Partitioned compression: HG005_GRCh38_1_22_v4.2.1_benchmark: rdf-scan heartbeat — 481,767,340 triples · 86,973,212,396 bytes read
  Partitioned compression: HG005_GRCh38_1_22_v4.2.1_benchmark: rdf-scan heartbeat — 482,132,025 triples · 87,040,321,350 bytes read
  Partitioned compression: HG005_GRCh38_1_22_v4.2.1_benchmark: rdf-scan heartbeat — 482,496,861 triples · 87,107,430,234 bytes read
  Partitioned compression: HG005_GRCh38_1_22_v4.2.1_benchmark: rdf-scan heartbeat — 482,861,663 triples · 87,174,539,108 bytes read
  Partitioned compression: HG005_GRCh38_1_22_v4.2.1_benchmark: rdf-scan heartbeat — 483,225,999 triples · 87,241,648,093 bytes read
  Partitioned compression: HG005_GRCh38_1_22_v4.2.1_benchmark: rdf-scan heartbeat — 483,590,261 triples · 87,308,757,064 bytes read
  Partitioned compression: HG005_GRCh38_1_22_v4.2.1_benchmark: rdf-scan heartbeat — 483,954,479 triples · 87,375,865,955 bytes read
  Partitioned compression: HG005_GRCh38_1_22_v4.2.1_benchmark: rdf-scan heartbeat — 484,319,575 triples · 87,442,974,987 bytes read
  Partitioned compression: HG005_GRCh38_1_22_v4.2.1_benchmark: rdf-scan chunk — 484,683,415 triples · 163 chunks · 87,509,973,431 bytes read
  Partitioned compression: HG005_GRCh38_1_22_v4.2.1_benchmark: hdt-chunks started — 162 chunks · hdt-build-00162
  Partitioned compression: HG005_GRCh38_1_22_v4.2.1_benchmark: hdt-chunks complete — 163 chunks · hdt-build-00162
  Partitioned compression: HG005_GRCh38_1_22_v4.2.1_benchmark: rdf-scan heartbeat — 484,684,015 triples · 87,510,083,985 bytes read
  Partitioned compression: HG005_GRCh38_1_22_v4.2.1_benchmark: rdf-scan heartbeat — 485,048,622 triples · 87,577,192,855 bytes read
  Partitioned compression: HG005_GRCh38_1_22_v4.2.1_benchmark: rdf-scan heartbeat — 485,413,220 triples · 87,644,301,798 bytes read
  Partitioned compression: HG005_GRCh38_1_22_v4.2.1_benchmark: rdf-scan heartbeat — 485,777,544 triples · 87,711,410,818 bytes read
  Partitioned compression: HG005_GRCh38_1_22_v4.2.1_benchmark: rdf-scan heartbeat — 486,141,949 triples · 87,778,519,802 bytes read
  Partitioned compression: HG005_GRCh38_1_22_v4.2.1_benchmark: rdf-scan heartbeat — 486,506,296 triples · 87,845,628,827 bytes read
  Partitioned compression: HG005_GRCh38_1_22_v4.2.1_benchmark: rdf-scan heartbeat — 486,870,662 triples · 87,912,737,735 bytes read
  Partitioned compression: HG005_GRCh38_1_22_v4.2.1_benchmark: rdf-scan heartbeat — 487,235,130 triples · 87,979,846,716 bytes read
  Partitioned compression: HG005_GRCh38_1_22_v4.2.1_benchmark: rdf-scan chunk — 487,599,125 triples · 164 chunks · 88,046,844,522 bytes read
  Partitioned compression: HG005_GRCh38_1_22_v4.2.1_benchmark: hdt-chunks started — 163 chunks · hdt-build-00163
  Partitioned compression: HG005_GRCh38_1_22_v4.2.1_benchmark: hdt-chunks complete — 164 chunks · hdt-build-00163
  Partitioned compression: HG005_GRCh38_1_22_v4.2.1_benchmark: rdf-scan heartbeat — 487,599,729 triples · 88,046,955,635 bytes read
  Partitioned compression: HG005_GRCh38_1_22_v4.2.1_benchmark: rdf-scan heartbeat — 487,964,187 triples · 88,114,064,667 bytes read
  Partitioned compression: HG005_GRCh38_1_22_v4.2.1_benchmark: rdf-scan heartbeat — 488,328,739 triples · 88,181,173,651 bytes read
  Partitioned compression: HG005_GRCh38_1_22_v4.2.1_benchmark: rdf-scan heartbeat — 488,693,360 triples · 88,248,282,591 bytes read
  Partitioned compression: HG005_GRCh38_1_22_v4.2.1_benchmark: rdf-scan heartbeat — 489,057,895 triples · 88,315,391,585 bytes read
  Partitioned compression: HG005_GRCh38_1_22_v4.2.1_benchmark: rdf-scan heartbeat — 489,422,497 triples · 88,382,500,604 bytes read
  Partitioned compression: HG005_GRCh38_1_22_v4.2.1_benchmark: rdf-scan heartbeat — 489,787,427 triples · 88,449,609,698 bytes read
  Partitioned compression: HG005_GRCh38_1_22_v4.2.1_benchmark: rdf-scan heartbeat — 490,152,002 triples · 88,516,718,594 bytes read
  Partitioned compression: HG005_GRCh38_1_22_v4.2.1_benchmark: rdf-scan chunk — 490,515,932 triples · 165 chunks · 88,583,715,615 bytes read
  Partitioned compression: HG005_GRCh38_1_22_v4.2.1_benchmark: hdt-chunks started — 164 chunks · hdt-build-00164
  Partitioned compression: HG005_GRCh38_1_22_v4.2.1_benchmark: hdt-chunks complete — 165 chunks · hdt-build-00164
  Partitioned compression: HG005_GRCh38_1_22_v4.2.1_benchmark: rdf-scan heartbeat — 490,516,541 triples · 88,583,827,619 bytes read
  Partitioned compression: HG005_GRCh38_1_22_v4.2.1_benchmark: rdf-scan heartbeat — 490,881,048 triples · 88,650,936,585 bytes read
  Partitioned compression: HG005_GRCh38_1_22_v4.2.1_benchmark: rdf-scan heartbeat — 491,245,476 triples · 88,718,045,617 bytes read
  Partitioned compression: HG005_GRCh38_1_22_v4.2.1_benchmark: rdf-scan heartbeat — 491,609,929 triples · 88,785,154,563 bytes read
  Partitioned compression: HG005_GRCh38_1_22_v4.2.1_benchmark: rdf-scan heartbeat — 491,974,562 triples · 88,852,263,511 bytes read
  Partitioned compression: HG005_GRCh38_1_22_v4.2.1_benchmark: rdf-scan heartbeat — 492,339,194 triples · 88,919,372,542 bytes read
  Partitioned compression: HG005_GRCh38_1_22_v4.2.1_benchmark: rdf-scan heartbeat — 492,703,764 triples · 88,986,481,510 bytes read
  Partitioned compression: HG005_GRCh38_1_22_v4.2.1_benchmark: rdf-scan heartbeat — 493,068,482 triples · 89,053,590,436 bytes read
  Partitioned compression: HG005_GRCh38_1_22_v4.2.1_benchmark: rdf-scan chunk — 493,432,486 triples · 166 chunks · 89,120,586,641 bytes read
  Partitioned compression: HG005_GRCh38_1_22_v4.2.1_benchmark: hdt-chunks started — 165 chunks · hdt-build-00165
  Partitioned compression: HG005_GRCh38_1_22_v4.2.1_benchmark: hdt-chunks complete — 166 chunks · hdt-build-00165
  Partitioned compression: HG005_GRCh38_1_22_v4.2.1_benchmark: rdf-scan heartbeat — 493,433,098 triples · 89,120,699,413 bytes read
  Partitioned compression: HG005_GRCh38_1_22_v4.2.1_benchmark: rdf-scan heartbeat — 493,797,631 triples · 89,187,808,366 bytes read
  Partitioned compression: HG005_GRCh38_1_22_v4.2.1_benchmark: rdf-scan heartbeat — 494,162,226 triples · 89,254,917,789 bytes read
  Partitioned compression: HG005_GRCh38_1_22_v4.2.1_benchmark: rdf-scan heartbeat — 494,526,903 triples · 89,322,026,807 bytes read
  Partitioned compression: HG005_GRCh38_1_22_v4.2.1_benchmark: rdf-scan heartbeat — 494,891,476 triples · 89,389,135,778 bytes read
  Partitioned compression: HG005_GRCh38_1_22_v4.2.1_benchmark: rdf-scan heartbeat — 495,256,079 triples · 89,456,244,787 bytes read
  Partitioned compression: HG005_GRCh38_1_22_v4.2.1_benchmark: rdf-scan heartbeat — 495,620,747 triples · 89,523,353,872 bytes read
  Partitioned compression: HG005_GRCh38_1_22_v4.2.1_benchmark: rdf-scan heartbeat — 495,985,279 triples · 89,590,462,860 bytes read
  Partitioned compression: HG005_GRCh38_1_22_v4.2.1_benchmark: rdf-scan chunk — 496,349,170 triples · 167 chunks · 89,657,457,635 bytes read
  Partitioned compression: HG005_GRCh38_1_22_v4.2.1_benchmark: hdt-chunks started — 166 chunks · hdt-build-00166
  Partitioned compression: HG005_GRCh38_1_22_v4.2.1_benchmark: hdt-chunks complete — 167 chunks · hdt-build-00166
  Partitioned compression: HG005_GRCh38_1_22_v4.2.1_benchmark: rdf-scan heartbeat — 496,349,789 triples · 89,657,571,865 bytes read
  Partitioned compression: HG005_GRCh38_1_22_v4.2.1_benchmark: rdf-scan heartbeat — 496,714,413 triples · 89,724,680,775 bytes read
  Partitioned compression: HG005_GRCh38_1_22_v4.2.1_benchmark: rdf-scan heartbeat — 497,079,066 triples · 89,791,789,724 bytes read
  Partitioned compression: HG005_GRCh38_1_22_v4.2.1_benchmark: rdf-scan heartbeat — 497,443,599 triples · 89,858,898,780 bytes read
  Partitioned compression: HG005_GRCh38_1_22_v4.2.1_benchmark: rdf-scan heartbeat — 497,808,135 triples · 89,926,007,777 bytes read
  Partitioned compression: HG005_GRCh38_1_22_v4.2.1_benchmark: rdf-scan heartbeat — 498,172,692 triples · 89,993,116,699 bytes read
  Partitioned compression: HG005_GRCh38_1_22_v4.2.1_benchmark: rdf-scan heartbeat — 498,537,115 triples · 90,060,225,775 bytes read
  Partitioned compression: HG005_GRCh38_1_22_v4.2.1_benchmark: rdf-scan heartbeat — 498,901,686 triples · 90,127,334,832 bytes read
  Partitioned compression: HG005_GRCh38_1_22_v4.2.1_benchmark: rdf-scan chunk — 499,265,488 triples · 168 chunks · 90,194,328,565 bytes read
  Partitioned compression: HG005_GRCh38_1_22_v4.2.1_benchmark: hdt-chunks started — 167 chunks · hdt-build-00167
  Partitioned compression: HG005_GRCh38_1_22_v4.2.1_benchmark: hdt-chunks complete — 168 chunks · hdt-build-00167
  Partitioned compression: HG005_GRCh38_1_22_v4.2.1_benchmark: rdf-scan heartbeat — 499,266,112 triples · 90,194,443,729 bytes read
  Partitioned compression: HG005_GRCh38_1_22_v4.2.1_benchmark: rdf-scan heartbeat — 499,630,517 triples · 90,261,552,644 bytes read
  Partitioned compression: HG005_GRCh38_1_22_v4.2.1_benchmark: rdf-scan heartbeat — 499,995,064 triples · 90,328,661,529 bytes read
  Partitioned compression: HG005_GRCh38_1_22_v4.2.1_benchmark: rdf-scan heartbeat — 500,359,509 triples · 90,395,770,415 bytes read
  Partitioned compression: HG005_GRCh38_1_22_v4.2.1_benchmark: rdf-scan heartbeat — 500,724,241 triples · 90,462,879,344 bytes read
  Partitioned compression: HG005_GRCh38_1_22_v4.2.1_benchmark: rdf-scan heartbeat — 501,089,380 triples · 90,529,988,351 bytes read
  Partitioned compression: HG005_GRCh38_1_22_v4.2.1_benchmark: rdf-scan heartbeat — 501,453,865 triples · 90,597,097,760 bytes read
  Partitioned compression: HG005_GRCh38_1_22_v4.2.1_benchmark: rdf-scan heartbeat — 501,818,199 triples · 90,664,206,685 bytes read
  Partitioned compression: HG005_GRCh38_1_22_v4.2.1_benchmark: rdf-scan chunk — 502,182,062 triples · 169 chunks · 90,731,199,559 bytes read
  Partitioned compression: HG005_GRCh38_1_22_v4.2.1_benchmark: hdt-chunks started — 168 chunks · hdt-build-00168
  Partitioned compression: HG005_GRCh38_1_22_v4.2.1_benchmark: hdt-chunks complete — 169 chunks · hdt-build-00168
  Partitioned compression: HG005_GRCh38_1_22_v4.2.1_benchmark: rdf-scan heartbeat — 502,182,694 triples · 90,731,315,694 bytes read
  Partitioned compression: HG005_GRCh38_1_22_v4.2.1_benchmark: rdf-scan heartbeat — 502,547,191 triples · 90,798,424,705 bytes read
  Partitioned compression: HG005_GRCh38_1_22_v4.2.1_benchmark: rdf-scan heartbeat — 502,911,615 triples · 90,865,533,815 bytes read
  Partitioned compression: HG005_GRCh38_1_22_v4.2.1_benchmark: rdf-scan heartbeat — 503,276,062 triples · 90,932,642,724 bytes read
  Partitioned compression: HG005_GRCh38_1_22_v4.2.1_benchmark: rdf-scan heartbeat — 503,640,595 triples · 90,999,751,895 bytes read
  Partitioned compression: HG005_GRCh38_1_22_v4.2.1_benchmark: rdf-scan heartbeat — 504,005,167 triples · 91,066,860,786 bytes read
  Partitioned compression: HG005_GRCh38_1_22_v4.2.1_benchmark: rdf-scan heartbeat — 504,369,712 triples · 91,133,969,850 bytes read
  Partitioned compression: HG005_GRCh38_1_22_v4.2.1_benchmark: rdf-scan heartbeat — 504,734,250 triples · 91,201,078,784 bytes read
  Partitioned compression: HG005_GRCh38_1_22_v4.2.1_benchmark: rdf-scan chunk — 505,098,107 triples · 170 chunks · 91,268,070,601 bytes read
  Partitioned compression: HG005_GRCh38_1_22_v4.2.1_benchmark: hdt-chunks started — 169 chunks · hdt-build-00169
  Partitioned compression: HG005_GRCh38_1_22_v4.2.1_benchmark: hdt-chunks complete — 170 chunks · hdt-build-00169
  Partitioned compression: HG005_GRCh38_1_22_v4.2.1_benchmark: rdf-scan heartbeat — 505,098,743 triples · 91,268,187,789 bytes read
  Partitioned compression: HG005_GRCh38_1_22_v4.2.1_benchmark: rdf-scan heartbeat — 505,463,321 triples · 91,335,296,731 bytes read
  Partitioned compression: HG005_GRCh38_1_22_v4.2.1_benchmark: rdf-scan heartbeat — 505,827,797 triples · 91,402,405,702 bytes read
  Partitioned compression: HG005_GRCh38_1_22_v4.2.1_benchmark: rdf-scan heartbeat — 506,192,425 triples · 91,469,514,742 bytes read
  Partitioned compression: HG005_GRCh38_1_22_v4.2.1_benchmark: rdf-scan heartbeat — 506,557,061 triples · 91,536,623,722 bytes read
  Partitioned compression: HG005_GRCh38_1_22_v4.2.1_benchmark: rdf-scan heartbeat — 506,921,867 triples · 91,603,732,701 bytes read
  Partitioned compression: HG005_GRCh38_1_22_v4.2.1_benchmark: rdf-scan heartbeat — 507,286,507 triples · 91,670,841,637 bytes read
  Partitioned compression: HG005_GRCh38_1_22_v4.2.1_benchmark: rdf-scan heartbeat — 507,651,817 triples · 91,737,950,503 bytes read
  Partitioned compression: HG005_GRCh38_1_22_v4.2.1_benchmark: rdf-scan chunk — 508,015,798 triples · 171 chunks · 91,804,941,698 bytes read
  Partitioned compression: HG005_GRCh38_1_22_v4.2.1_benchmark: hdt-chunks started — 170 chunks · hdt-build-00170
  Partitioned compression: HG005_GRCh38_1_22_v4.2.1_benchmark: hdt-chunks complete — 171 chunks · hdt-build-00170
  Partitioned compression: HG005_GRCh38_1_22_v4.2.1_benchmark: rdf-scan heartbeat — 508,016,440 triples · 91,805,059,506 bytes read
  Partitioned compression: HG005_GRCh38_1_22_v4.2.1_benchmark: rdf-scan heartbeat — 508,381,080 triples · 91,872,168,390 bytes read
  Partitioned compression: HG005_GRCh38_1_22_v4.2.1_benchmark: rdf-scan heartbeat — 508,745,677 triples · 91,939,277,360 bytes read
  Partitioned compression: HG005_GRCh38_1_22_v4.2.1_benchmark: rdf-scan heartbeat — 509,110,277 triples · 92,006,386,277 bytes read
  Partitioned compression: HG005_GRCh38_1_22_v4.2.1_benchmark: rdf-scan heartbeat — 509,474,979 triples · 92,073,495,203 bytes read
  Partitioned compression: HG005_GRCh38_1_22_v4.2.1_benchmark: rdf-scan heartbeat — 509,839,536 triples · 92,140,604,107 bytes read
  Partitioned compression: HG005_GRCh38_1_22_v4.2.1_benchmark: rdf-scan heartbeat — 510,204,155 triples · 92,207,713,592 bytes read
  Partitioned compression: HG005_GRCh38_1_22_v4.2.1_benchmark: rdf-scan heartbeat — 510,568,871 triples · 92,274,822,509 bytes read
  Partitioned compression: HG005_GRCh38_1_22_v4.2.1_benchmark: rdf-scan chunk — 510,932,895 triples · 172 chunks · 92,341,812,671 bytes read
  Partitioned compression: HG005_GRCh38_1_22_v4.2.1_benchmark: hdt-chunks started — 171 chunks · hdt-build-00171
  Partitioned compression: HG005_GRCh38_1_22_v4.2.1_benchmark: hdt-chunks complete — 172 chunks · hdt-build-00171
  Partitioned compression: HG005_GRCh38_1_22_v4.2.1_benchmark: rdf-scan heartbeat — 510,933,539 triples · 92,341,931,396 bytes read
  Partitioned compression: HG005_GRCh38_1_22_v4.2.1_benchmark: rdf-scan heartbeat — 511,298,114 triples · 92,409,040,348 bytes read
  Partitioned compression: HG005_GRCh38_1_22_v4.2.1_benchmark: rdf-scan heartbeat — 511,662,699 triples · 92,476,149,238 bytes read
  Partitioned compression: HG005_GRCh38_1_22_v4.2.1_benchmark: rdf-scan heartbeat — 512,027,474 triples · 92,543,258,117 bytes read
  Partitioned compression: HG005_GRCh38_1_22_v4.2.1_benchmark: rdf-scan heartbeat — 512,392,165 triples · 92,610,367,167 bytes read
  Partitioned compression: HG005_GRCh38_1_22_v4.2.1_benchmark: rdf-scan heartbeat — 512,756,656 triples · 92,677,476,149 bytes read
  Partitioned compression: HG005_GRCh38_1_22_v4.2.1_benchmark: rdf-scan heartbeat — 513,121,167 triples · 92,744,585,054 bytes read
  Partitioned compression: HG005_GRCh38_1_22_v4.2.1_benchmark: rdf-scan heartbeat — 513,485,680 triples · 92,811,693,926 bytes read
  Partitioned compression: HG005_GRCh38_1_22_v4.2.1_benchmark: rdf-scan chunk — 513,849,432 triples · 173 chunks · 92,878,683,611 bytes read
  Partitioned compression: HG005_GRCh38_1_22_v4.2.1_benchmark: hdt-chunks started — 172 chunks · hdt-build-00172
  Partitioned compression: HG005_GRCh38_1_22_v4.2.1_benchmark: hdt-chunks complete — 173 chunks · hdt-build-00172
  Partitioned compression: HG005_GRCh38_1_22_v4.2.1_benchmark: rdf-scan heartbeat — 513,850,080 triples · 92,878,802,888 bytes read
  Partitioned compression: HG005_GRCh38_1_22_v4.2.1_benchmark: rdf-scan heartbeat — 514,214,655 triples · 92,945,911,847 bytes read
  Partitioned compression: HG005_GRCh38_1_22_v4.2.1_benchmark: rdf-scan heartbeat — 514,579,310 triples · 93,013,020,744 bytes read
  Partitioned compression: HG005_GRCh38_1_22_v4.2.1_benchmark: rdf-scan heartbeat — 514,944,212 triples · 93,080,129,773 bytes read
  Partitioned compression: HG005_GRCh38_1_22_v4.2.1_benchmark: rdf-scan heartbeat — 515,309,063 triples · 93,147,238,663 bytes read
  Partitioned compression: HG005_GRCh38_1_22_v4.2.1_benchmark: rdf-scan heartbeat — 515,673,942 triples · 93,214,347,655 bytes read
  Partitioned compression: HG005_GRCh38_1_22_v4.2.1_benchmark: rdf-scan heartbeat — 516,038,874 triples · 93,281,456,600 bytes read
  Partitioned compression: HG005_GRCh38_1_22_v4.2.1_benchmark: rdf-scan heartbeat — 516,403,562 triples · 93,348,565,571 bytes read
  Partitioned compression: HG005_GRCh38_1_22_v4.2.1_benchmark: rdf-scan chunk — 516,767,339 triples · 174 chunks · 93,415,554,693 bytes read
  Partitioned compression: HG005_GRCh38_1_22_v4.2.1_benchmark: hdt-chunks started — 173 chunks · hdt-build-00173
  Partitioned compression: HG005_GRCh38_1_22_v4.2.1_benchmark: hdt-chunks complete — 174 chunks · hdt-build-00173
  Partitioned compression: HG005_GRCh38_1_22_v4.2.1_benchmark: rdf-scan heartbeat — 516,767,989 triples · 93,415,674,560 bytes read
  Partitioned compression: HG005_GRCh38_1_22_v4.2.1_benchmark: rdf-scan heartbeat — 517,132,860 triples · 93,482,783,524 bytes read
  Partitioned compression: HG005_GRCh38_1_22_v4.2.1_benchmark: rdf-scan heartbeat — 517,497,433 triples · 93,549,892,418 bytes read
  Partitioned compression: HG005_GRCh38_1_22_v4.2.1_benchmark: rdf-scan heartbeat — 517,861,879 triples · 93,617,001,350 bytes read
  Partitioned compression: HG005_GRCh38_1_22_v4.2.1_benchmark: rdf-scan heartbeat — 518,226,470 triples · 93,684,110,311 bytes read
  Partitioned compression: HG005_GRCh38_1_22_v4.2.1_benchmark: rdf-scan heartbeat — 518,591,122 triples · 93,751,219,257 bytes read
  Partitioned compression: HG005_GRCh38_1_22_v4.2.1_benchmark: rdf-scan heartbeat — 518,955,591 triples · 93,818,328,178 bytes read
  Partitioned compression: HG005_GRCh38_1_22_v4.2.1_benchmark: rdf-scan heartbeat — 519,320,256 triples · 93,885,437,121 bytes read
  Partitioned compression: HG005_GRCh38_1_22_v4.2.1_benchmark: rdf-scan chunk — 519,684,224 triples · 175 chunks · 93,952,425,774 bytes read
  Partitioned compression: HG005_GRCh38_1_22_v4.2.1_benchmark: hdt-chunks started — 174 chunks · hdt-build-00174
  Partitioned compression: HG005_GRCh38_1_22_v4.2.1_benchmark: hdt-chunks complete — 175 chunks · hdt-build-00174
  Partitioned compression: HG005_GRCh38_1_22_v4.2.1_benchmark: rdf-scan heartbeat — 519,684,878 triples · 93,952,546,083 bytes read
  Partitioned compression: HG005_GRCh38_1_22_v4.2.1_benchmark: rdf-scan heartbeat — 520,049,562 triples · 94,019,655,027 bytes read
  Partitioned compression: HG005_GRCh38_1_22_v4.2.1_benchmark: rdf-scan heartbeat — 520,414,329 triples · 94,086,763,898 bytes read
  Partitioned compression: HG005_GRCh38_1_22_v4.2.1_benchmark: rdf-scan heartbeat — 520,779,095 triples · 94,153,872,943 bytes read
  Partitioned compression: HG005_GRCh38_1_22_v4.2.1_benchmark: rdf-scan heartbeat — 521,143,714 triples · 94,220,981,933 bytes read
  Partitioned compression: HG005_GRCh38_1_22_v4.2.1_benchmark: rdf-scan heartbeat — 521,509,079 triples · 94,288,090,894 bytes read
  Partitioned compression: HG005_GRCh38_1_22_v4.2.1_benchmark: rdf-scan heartbeat — 521,874,378 triples · 94,355,199,836 bytes read
  Partitioned compression: HG005_GRCh38_1_22_v4.2.1_benchmark: rdf-scan heartbeat — 522,239,281 triples · 94,422,308,868 bytes read
  Partitioned compression: HG005_GRCh38_1_22_v4.2.1_benchmark: rdf-scan chunk — 522,603,186 triples · 176 chunks · 94,489,296,846 bytes read
  Partitioned compression: HG005_GRCh38_1_22_v4.2.1_benchmark: hdt-chunks started — 175 chunks · hdt-build-00175
  Partitioned compression: HG005_GRCh38_1_22_v4.2.1_benchmark: hdt-chunks complete — 176 chunks · hdt-build-00175
  Partitioned compression: HG005_GRCh38_1_22_v4.2.1_benchmark: rdf-scan heartbeat — 522,603,846 triples · 94,489,417,812 bytes read
  Partitioned compression: HG005_GRCh38_1_22_v4.2.1_benchmark: rdf-scan heartbeat — 522,968,477 triples · 94,556,526,826 bytes read
  Partitioned compression: HG005_GRCh38_1_22_v4.2.1_benchmark: rdf-scan heartbeat — 523,333,053 triples · 94,623,635,776 bytes read
  Partitioned compression: HG005_GRCh38_1_22_v4.2.1_benchmark: rdf-scan heartbeat — 523,697,904 triples · 94,690,744,657 bytes read
  Partitioned compression: HG005_GRCh38_1_22_v4.2.1_benchmark: rdf-scan heartbeat — 524,062,485 triples · 94,757,853,580 bytes read
  Partitioned compression: HG005_GRCh38_1_22_v4.2.1_benchmark: rdf-scan heartbeat — 524,427,013 triples · 94,824,962,463 bytes read
  Partitioned compression: HG005_GRCh38_1_22_v4.2.1_benchmark: rdf-scan heartbeat — 524,791,606 triples · 94,892,071,507 bytes read
  Partitioned compression: HG005_GRCh38_1_22_v4.2.1_benchmark: rdf-scan heartbeat — 525,156,140 triples · 94,959,180,475 bytes read
  Partitioned compression: HG005_GRCh38_1_22_v4.2.1_benchmark: rdf-scan chunk — 525,520,263 triples · 177 chunks · 95,026,167,854 bytes read
  Partitioned compression: HG005_GRCh38_1_22_v4.2.1_benchmark: hdt-chunks started — 176 chunks · hdt-build-00176
  Partitioned compression: HG005_GRCh38_1_22_v4.2.1_benchmark: hdt-chunks complete — 177 chunks · hdt-build-00176
  Partitioned compression: HG005_GRCh38_1_22_v4.2.1_benchmark: rdf-scan heartbeat — 525,520,923 triples · 95,026,289,396 bytes read
  Partitioned compression: HG005_GRCh38_1_22_v4.2.1_benchmark: rdf-scan heartbeat — 525,885,293 triples · 95,093,398,448 bytes read
  Partitioned compression: HG005_GRCh38_1_22_v4.2.1_benchmark: rdf-scan heartbeat — 526,250,033 triples · 95,160,507,401 bytes read
  Partitioned compression: HG005_GRCh38_1_22_v4.2.1_benchmark: rdf-scan heartbeat — 526,614,667 triples · 95,227,616,321 bytes read
  Partitioned compression: HG005_GRCh38_1_22_v4.2.1_benchmark: rdf-scan heartbeat — 526,979,335 triples · 95,294,725,226 bytes read
  Partitioned compression: HG005_GRCh38_1_22_v4.2.1_benchmark: rdf-scan heartbeat — 527,343,815 triples · 95,361,834,141 bytes read
  Partitioned compression: HG005_GRCh38_1_22_v4.2.1_benchmark: rdf-scan heartbeat — 527,708,330 triples · 95,428,943,046 bytes read
  Partitioned compression: HG005_GRCh38_1_22_v4.2.1_benchmark: rdf-scan heartbeat — 528,072,653 triples · 95,496,051,939 bytes read
  Partitioned compression: HG005_GRCh38_1_22_v4.2.1_benchmark: rdf-scan chunk — 528,436,666 triples · 178 chunks · 95,563,039,053 bytes read
  Partitioned compression: HG005_GRCh38_1_22_v4.2.1_benchmark: hdt-chunks started — 177 chunks · hdt-build-00177
  Partitioned compression: HG005_GRCh38_1_22_v4.2.1_benchmark: hdt-chunks complete — 178 chunks · hdt-build-00177
  Partitioned compression: HG005_GRCh38_1_22_v4.2.1_benchmark: rdf-scan heartbeat — 528,437,329 triples · 95,563,160,834 bytes read
  Partitioned compression: HG005_GRCh38_1_22_v4.2.1_benchmark: rdf-scan heartbeat — 528,801,922 triples · 95,630,269,783 bytes read
  Partitioned compression: HG005_GRCh38_1_22_v4.2.1_benchmark: rdf-scan heartbeat — 529,166,628 triples · 95,697,378,669 bytes read
  Partitioned compression: HG005_GRCh38_1_22_v4.2.1_benchmark: rdf-scan heartbeat — 529,531,232 triples · 95,764,487,537 bytes read
  Partitioned compression: HG005_GRCh38_1_22_v4.2.1_benchmark: rdf-scan heartbeat — 529,895,780 triples · 95,831,596,421 bytes read
  Partitioned compression: HG005_GRCh38_1_22_v4.2.1_benchmark: rdf-scan heartbeat — 530,260,303 triples · 95,898,705,400 bytes read
  Partitioned compression: HG005_GRCh38_1_22_v4.2.1_benchmark: rdf-scan heartbeat — 530,624,864 triples · 95,965,814,326 bytes read
  Partitioned compression: HG005_GRCh38_1_22_v4.2.1_benchmark: rdf-scan heartbeat — 530,989,396 triples · 96,032,923,217 bytes read
  Partitioned compression: HG005_GRCh38_1_22_v4.2.1_benchmark: rdf-scan chunk — 531,353,225 triples · 179 chunks · 96,099,909,987 bytes read
  Partitioned compression: HG005_GRCh38_1_22_v4.2.1_benchmark: hdt-chunks started — 178 chunks · hdt-build-00178
  Partitioned compression: HG005_GRCh38_1_22_v4.2.1_benchmark: hdt-chunks complete — 179 chunks · hdt-build-00178
  Partitioned compression: HG005_GRCh38_1_22_v4.2.1_benchmark: rdf-scan heartbeat — 531,353,887 triples · 96,100,032,226 bytes read
  Partitioned compression: HG005_GRCh38_1_22_v4.2.1_benchmark: rdf-scan heartbeat — 531,718,482 triples · 96,167,141,158 bytes read
  Partitioned compression: HG005_GRCh38_1_22_v4.2.1_benchmark: rdf-scan heartbeat — 532,082,834 triples · 96,234,250,025 bytes read
  Partitioned compression: HG005_GRCh38_1_22_v4.2.1_benchmark: rdf-scan heartbeat — 532,447,325 triples · 96,301,358,915 bytes read
  Partitioned compression: HG005_GRCh38_1_22_v4.2.1_benchmark: rdf-scan heartbeat — 532,811,744 triples · 96,368,467,785 bytes read
  Partitioned compression: HG005_GRCh38_1_22_v4.2.1_benchmark: rdf-scan heartbeat — 533,176,131 triples · 96,435,576,677 bytes read
  Partitioned compression: HG005_GRCh38_1_22_v4.2.1_benchmark: rdf-scan heartbeat — 533,540,741 triples · 96,502,685,690 bytes read
  Partitioned compression: HG005_GRCh38_1_22_v4.2.1_benchmark: rdf-scan heartbeat — 533,905,774 triples · 96,569,794,936 bytes read
  Partitioned compression: HG005_GRCh38_1_22_v4.2.1_benchmark: rdf-scan chunk — 534,270,377 triples · 180 chunks · 96,636,780,963 bytes read
  Partitioned compression: HG005_GRCh38_1_22_v4.2.1_benchmark: hdt-chunks started — 179 chunks · hdt-build-00179
  Partitioned compression: HG005_GRCh38_1_22_v4.2.1_benchmark: hdt-chunks complete — 180 chunks · hdt-build-00179
  Partitioned compression: HG005_GRCh38_1_22_v4.2.1_benchmark: rdf-scan heartbeat — 534,271,046 triples · 96,636,903,935 bytes read
  Partitioned compression: HG005_GRCh38_1_22_v4.2.1_benchmark: rdf-scan heartbeat — 534,635,695 triples · 96,704,012,890 bytes read
  Partitioned compression: HG005_GRCh38_1_22_v4.2.1_benchmark: rdf-scan heartbeat — 535,000,199 triples · 96,771,121,846 bytes read
  Partitioned compression: HG005_GRCh38_1_22_v4.2.1_benchmark: rdf-scan heartbeat — 535,364,897 triples · 96,838,230,748 bytes read
  Partitioned compression: HG005_GRCh38_1_22_v4.2.1_benchmark: rdf-scan heartbeat — 535,729,203 triples · 96,905,339,718 bytes read
  Partitioned compression: HG005_GRCh38_1_22_v4.2.1_benchmark: rdf-scan heartbeat — 536,093,735 triples · 96,972,448,715 bytes read
  Partitioned compression: HG005_GRCh38_1_22_v4.2.1_benchmark: rdf-scan heartbeat — 536,458,283 triples · 97,039,557,670 bytes read
  Partitioned compression: HG005_GRCh38_1_22_v4.2.1_benchmark: rdf-scan heartbeat — 536,822,620 triples · 97,106,666,546 bytes read
  Partitioned compression: HG005_GRCh38_1_22_v4.2.1_benchmark: rdf-scan chunk — 537,186,380 triples · 181 chunks · 97,173,651,904 bytes read
  Partitioned compression: HG005_GRCh38_1_22_v4.2.1_benchmark: hdt-chunks started — 180 chunks · hdt-build-00180
  Partitioned compression: HG005_GRCh38_1_22_v4.2.1_benchmark: hdt-chunks complete — 181 chunks · hdt-build-00180
  Partitioned compression: HG005_GRCh38_1_22_v4.2.1_benchmark: rdf-scan heartbeat — 537,187,049 triples · 97,173,775,589 bytes read
  Partitioned compression: HG005_GRCh38_1_22_v4.2.1_benchmark: rdf-scan heartbeat — 537,551,725 triples · 97,240,884,549 bytes read
  Partitioned compression: HG005_GRCh38_1_22_v4.2.1_benchmark: rdf-scan heartbeat — 537,916,706 triples · 97,307,993,461 bytes read
  Partitioned compression: HG005_GRCh38_1_22_v4.2.1_benchmark: rdf-scan heartbeat — 538,281,311 triples · 97,375,102,331 bytes read
  Partitioned compression: HG005_GRCh38_1_22_v4.2.1_benchmark: rdf-scan heartbeat — 538,645,934 triples · 97,442,211,309 bytes read
  Partitioned compression: HG005_GRCh38_1_22_v4.2.1_benchmark: rdf-scan heartbeat — 539,010,466 triples · 97,509,320,349 bytes read
  Partitioned compression: HG005_GRCh38_1_22_v4.2.1_benchmark: rdf-scan heartbeat — 539,374,970 triples · 97,576,429,321 bytes read
  Partitioned compression: HG005_GRCh38_1_22_v4.2.1_benchmark: rdf-scan heartbeat — 539,739,672 triples · 97,643,538,313 bytes read
  Partitioned compression: HG005_GRCh38_1_22_v4.2.1_benchmark: rdf-scan chunk — 540,103,524 triples · 182 chunks · 97,710,522,846 bytes read
  Partitioned compression: HG005_GRCh38_1_22_v4.2.1_benchmark: hdt-chunks started — 181 chunks · hdt-build-00181
  Partitioned compression: HG005_GRCh38_1_22_v4.2.1_benchmark: hdt-chunks complete — 182 chunks · hdt-build-00181
  Partitioned compression: HG005_GRCh38_1_22_v4.2.1_benchmark: rdf-scan heartbeat — 540,104,199 triples · 97,710,647,327 bytes read
  Partitioned compression: HG005_GRCh38_1_22_v4.2.1_benchmark: rdf-scan heartbeat — 540,468,696 triples · 97,777,756,193 bytes read
  Partitioned compression: HG005_GRCh38_1_22_v4.2.1_benchmark: rdf-scan heartbeat — 540,833,716 triples · 97,844,865,244 bytes read
  Partitioned compression: HG005_GRCh38_1_22_v4.2.1_benchmark: rdf-scan heartbeat — 541,198,871 triples · 97,911,974,168 bytes read
  Partitioned compression: HG005_GRCh38_1_22_v4.2.1_benchmark: rdf-scan heartbeat — 541,563,697 triples · 97,979,083,160 bytes read
  Partitioned compression: HG005_GRCh38_1_22_v4.2.1_benchmark: rdf-scan heartbeat — 541,928,404 triples · 98,046,192,153 bytes read
  Partitioned compression: HG005_GRCh38_1_22_v4.2.1_benchmark: rdf-scan heartbeat — 542,293,243 triples · 98,113,301,090 bytes read
  Partitioned compression: HG005_GRCh38_1_22_v4.2.1_benchmark: rdf-scan heartbeat — 542,658,131 triples · 98,180,410,134 bytes read
  Partitioned compression: HG005_GRCh38_1_22_v4.2.1_benchmark: rdf-scan chunk — 543,022,687 triples · 183 chunks · 98,247,393,900 bytes read
  Partitioned compression: HG005_GRCh38_1_22_v4.2.1_benchmark: hdt-chunks started — 182 chunks · hdt-build-00182
  Partitioned compression: HG005_GRCh38_1_22_v4.2.1_benchmark: hdt-chunks complete — 183 chunks · hdt-build-00182
  Partitioned compression: HG005_GRCh38_1_22_v4.2.1_benchmark: rdf-scan heartbeat — 543,023,367 triples · 98,247,519,005 bytes read
  Partitioned compression: HG005_GRCh38_1_22_v4.2.1_benchmark: rdf-scan heartbeat — 543,387,922 triples · 98,314,627,949 bytes read
  Partitioned compression: HG005_GRCh38_1_22_v4.2.1_benchmark: rdf-scan heartbeat — 543,752,457 triples · 98,381,736,976 bytes read
  Partitioned compression: HG005_GRCh38_1_22_v4.2.1_benchmark: rdf-scan heartbeat — 544,117,048 triples · 98,448,845,943 bytes read
  Partitioned compression: HG005_GRCh38_1_22_v4.2.1_benchmark: rdf-scan heartbeat — 544,481,492 triples · 98,515,954,880 bytes read
  Partitioned compression: HG005_GRCh38_1_22_v4.2.1_benchmark: rdf-scan heartbeat — 544,846,162 triples · 98,583,063,889 bytes read
  Partitioned compression: HG005_GRCh38_1_22_v4.2.1_benchmark: rdf-scan heartbeat — 545,211,069 triples · 98,650,172,920 bytes read
  Partitioned compression: HG005_GRCh38_1_22_v4.2.1_benchmark: rdf-scan heartbeat — 545,575,641 triples · 98,717,281,815 bytes read
  Partitioned compression: HG005_GRCh38_1_22_v4.2.1_benchmark: rdf-scan chunk — 545,939,515 triples · 184 chunks · 98,784,264,815 bytes read
  Partitioned compression: HG005_GRCh38_1_22_v4.2.1_benchmark: hdt-chunks started — 183 chunks · hdt-build-00183
  Partitioned compression: HG005_GRCh38_1_22_v4.2.1_benchmark: hdt-chunks complete — 184 chunks · hdt-build-00183
  Partitioned compression: HG005_GRCh38_1_22_v4.2.1_benchmark: rdf-scan heartbeat — 545,940,197 triples · 98,784,390,714 bytes read
  Partitioned compression: HG005_GRCh38_1_22_v4.2.1_benchmark: rdf-scan heartbeat — 546,304,788 triples · 98,851,499,627 bytes read
  Partitioned compression: HG005_GRCh38_1_22_v4.2.1_benchmark: rdf-scan heartbeat — 546,669,370 triples · 98,918,608,590 bytes read
  Partitioned compression: HG005_GRCh38_1_22_v4.2.1_benchmark: rdf-scan heartbeat — 547,033,940 triples · 98,985,717,647 bytes read
  Partitioned compression: HG005_GRCh38_1_22_v4.2.1_benchmark: rdf-scan heartbeat — 547,398,576 triples · 99,052,826,558 bytes read
  Partitioned compression: HG005_GRCh38_1_22_v4.2.1_benchmark: rdf-scan heartbeat — 547,763,207 triples · 99,119,935,575 bytes read
  Partitioned compression: HG005_GRCh38_1_22_v4.2.1_benchmark: rdf-scan heartbeat — 548,127,852 triples · 99,187,044,564 bytes read
  Partitioned compression: HG005_GRCh38_1_22_v4.2.1_benchmark: rdf-scan heartbeat — 548,492,359 triples · 99,254,153,855 bytes read
  Partitioned compression: HG005_GRCh38_1_22_v4.2.1_benchmark: rdf-scan chunk — 548,856,213 triples · 185 chunks · 99,321,135,734 bytes read
  Partitioned compression: HG005_GRCh38_1_22_v4.2.1_benchmark: hdt-chunks started — 184 chunks · hdt-build-00184
  Partitioned compression: HG005_GRCh38_1_22_v4.2.1_benchmark: hdt-chunks complete — 185 chunks · hdt-build-00184
  Partitioned compression: HG005_GRCh38_1_22_v4.2.1_benchmark: rdf-scan heartbeat — 548,856,904 triples · 99,321,262,890 bytes read
  Partitioned compression: HG005_GRCh38_1_22_v4.2.1_benchmark: rdf-scan heartbeat — 549,221,757 triples · 99,388,371,941 bytes read
  Partitioned compression: HG005_GRCh38_1_22_v4.2.1_benchmark: rdf-scan heartbeat — 549,586,167 triples · 99,455,480,932 bytes read
  Partitioned compression: HG005_GRCh38_1_22_v4.2.1_benchmark: rdf-scan heartbeat — 549,950,775 triples · 99,522,590,031 bytes read
  Partitioned compression: HG005_GRCh38_1_22_v4.2.1_benchmark: rdf-scan heartbeat — 550,315,294 triples · 99,589,699,041 bytes read
  Partitioned compression: HG005_GRCh38_1_22_v4.2.1_benchmark: rdf-scan heartbeat — 550,679,911 triples · 99,656,808,068 bytes read
  Partitioned compression: HG005_GRCh38_1_22_v4.2.1_benchmark: rdf-scan heartbeat — 551,044,321 triples · 99,723,916,944 bytes read
  Partitioned compression: HG005_GRCh38_1_22_v4.2.1_benchmark: rdf-scan heartbeat — 551,408,941 triples · 99,791,025,897 bytes read
  Partitioned compression: HG005_GRCh38_1_22_v4.2.1_benchmark: rdf-scan chunk — 551,772,816 triples · 186 chunks · 99,858,006,646 bytes read
  Partitioned compression: HG005_GRCh38_1_22_v4.2.1_benchmark: hdt-chunks started — 185 chunks · hdt-build-00185
  Partitioned compression: HG005_GRCh38_1_22_v4.2.1_benchmark: hdt-chunks complete — 186 chunks · hdt-build-00185
  Partitioned compression: HG005_GRCh38_1_22_v4.2.1_benchmark: rdf-scan heartbeat — 551,773,511 triples · 99,858,134,797 bytes read
  Partitioned compression: HG005_GRCh38_1_22_v4.2.1_benchmark: rdf-scan heartbeat — 552,137,981 triples · 99,925,243,728 bytes read
  Partitioned compression: HG005_GRCh38_1_22_v4.2.1_benchmark: rdf-scan heartbeat — 552,503,378 triples · 99,992,352,940 bytes read
  Partitioned compression: HG005_GRCh38_1_22_v4.2.1_benchmark: rdf-scan heartbeat — 552,868,031 triples · 100,059,461,945 bytes read
  Partitioned compression: HG005_GRCh38_1_22_v4.2.1_benchmark: rdf-scan heartbeat — 553,232,665 triples · 100,126,570,864 bytes read
  Partitioned compression: HG005_GRCh38_1_22_v4.2.1_benchmark: rdf-scan heartbeat — 553,597,130 triples · 100,193,679,827 bytes read
  Partitioned compression: HG005_GRCh38_1_22_v4.2.1_benchmark: rdf-scan heartbeat — 553,961,813 triples · 100,260,788,832 bytes read
  Partitioned compression: HG005_GRCh38_1_22_v4.2.1_benchmark: rdf-scan heartbeat — 554,326,383 triples · 100,327,897,769 bytes read
  Partitioned compression: HG005_GRCh38_1_22_v4.2.1_benchmark: rdf-scan chunk — 554,690,288 triples · 187 chunks · 100,394,877,657 bytes read
  Partitioned compression: HG005_GRCh38_1_22_v4.2.1_benchmark: hdt-chunks started — 186 chunks · hdt-build-00186
  Partitioned compression: HG005_GRCh38_1_22_v4.2.1_benchmark: hdt-chunks complete — 187 chunks · hdt-build-00186
  Partitioned compression: HG005_GRCh38_1_22_v4.2.1_benchmark: rdf-scan heartbeat — 554,690,988 triples · 100,395,006,670 bytes read
  Partitioned compression: HG005_GRCh38_1_22_v4.2.1_benchmark: rdf-scan heartbeat — 555,055,364 triples · 100,462,115,549 bytes read
  Partitioned compression: HG005_GRCh38_1_22_v4.2.1_benchmark: rdf-scan heartbeat — 555,419,942 triples · 100,529,224,505 bytes read
  Partitioned compression: HG005_GRCh38_1_22_v4.2.1_benchmark: rdf-scan heartbeat — 555,784,429 triples · 100,596,333,489 bytes read
  Partitioned compression: HG005_GRCh38_1_22_v4.2.1_benchmark: rdf-scan heartbeat — 556,149,203 triples · 100,663,442,519 bytes read
  Partitioned compression: HG005_GRCh38_1_22_v4.2.1_benchmark: rdf-scan heartbeat — 556,514,173 triples · 100,730,551,535 bytes read
  Partitioned compression: HG005_GRCh38_1_22_v4.2.1_benchmark: rdf-scan heartbeat — 556,878,814 triples · 100,797,660,508 bytes read
  Partitioned compression: HG005_GRCh38_1_22_v4.2.1_benchmark: rdf-scan heartbeat — 557,243,444 triples · 100,864,769,476 bytes read
  Partitioned compression: HG005_GRCh38_1_22_v4.2.1_benchmark: rdf-scan chunk — 557,607,372 triples · 188 chunks · 100,931,748,711 bytes read
  Partitioned compression: HG005_GRCh38_1_22_v4.2.1_benchmark: hdt-chunks started — 187 chunks · hdt-build-00187
  Partitioned compression: HG005_GRCh38_1_22_v4.2.1_benchmark: hdt-chunks complete — 188 chunks · hdt-build-00187
  Partitioned compression: HG005_GRCh38_1_22_v4.2.1_benchmark: rdf-scan heartbeat — 557,608,076 triples · 100,931,878,368 bytes read
  Partitioned compression: HG005_GRCh38_1_22_v4.2.1_benchmark: rdf-scan heartbeat — 557,972,736 triples · 100,998,987,238 bytes read
  Partitioned compression: HG005_GRCh38_1_22_v4.2.1_benchmark: rdf-scan heartbeat — 558,337,530 triples · 101,066,096,279 bytes read
  Partitioned compression: HG005_GRCh38_1_22_v4.2.1_benchmark: rdf-scan heartbeat — 558,702,321 triples · 101,133,205,222 bytes read
  Partitioned compression: HG005_GRCh38_1_22_v4.2.1_benchmark: rdf-scan heartbeat — 559,066,983 triples · 101,200,314,334 bytes read
  Partitioned compression: HG005_GRCh38_1_22_v4.2.1_benchmark: rdf-scan heartbeat — 559,431,858 triples · 101,267,423,202 bytes read
  Partitioned compression: HG005_GRCh38_1_22_v4.2.1_benchmark: rdf-scan heartbeat — 559,796,360 triples · 101,334,532,272 bytes read
  Partitioned compression: HG005_GRCh38_1_22_v4.2.1_benchmark: rdf-scan heartbeat — 560,160,944 triples · 101,401,641,169 bytes read
  Partitioned compression: HG005_GRCh38_1_22_v4.2.1_benchmark: rdf-scan chunk — 560,524,970 triples · 189 chunks · 101,468,619,733 bytes read
  Partitioned compression: HG005_GRCh38_1_22_v4.2.1_benchmark: hdt-chunks started — 188 chunks · hdt-build-00188
  Partitioned compression: HG005_GRCh38_1_22_v4.2.1_benchmark: hdt-chunks complete — 189 chunks · hdt-build-00188
  Partitioned compression: HG005_GRCh38_1_22_v4.2.1_benchmark: rdf-scan heartbeat — 560,525,677 triples · 101,468,750,116 bytes read
  Partitioned compression: HG005_GRCh38_1_22_v4.2.1_benchmark: rdf-scan heartbeat — 560,890,213 triples · 101,535,859,025 bytes read
  Partitioned compression: HG005_GRCh38_1_22_v4.2.1_benchmark: rdf-scan heartbeat — 561,254,830 triples · 101,602,967,926 bytes read
  Partitioned compression: HG005_GRCh38_1_22_v4.2.1_benchmark: rdf-scan heartbeat — 561,619,381 triples · 101,670,076,960 bytes read
  Partitioned compression: HG005_GRCh38_1_22_v4.2.1_benchmark: rdf-scan heartbeat — 561,983,960 triples · 101,737,185,825 bytes read
  Partitioned compression: HG005_GRCh38_1_22_v4.2.1_benchmark: rdf-scan heartbeat — 562,348,720 triples · 101,804,294,744 bytes read
  Partitioned compression: HG005_GRCh38_1_22_v4.2.1_benchmark: rdf-scan heartbeat — 562,713,164 triples · 101,871,403,654 bytes read
  Partitioned compression: HG005_GRCh38_1_22_v4.2.1_benchmark: rdf-scan heartbeat — 563,077,635 triples · 101,938,512,580 bytes read
  Partitioned compression: HG005_GRCh38_1_22_v4.2.1_benchmark: rdf-scan chunk — 563,441,529 triples · 190 chunks · 102,005,490,737 bytes read
  Partitioned compression: HG005_GRCh38_1_22_v4.2.1_benchmark: hdt-chunks started — 189 chunks · hdt-build-00189
  Partitioned compression: HG005_GRCh38_1_22_v4.2.1_benchmark: hdt-chunks complete — 190 chunks · hdt-build-00189
  Partitioned compression: HG005_GRCh38_1_22_v4.2.1_benchmark: rdf-scan heartbeat — 563,442,238 triples · 102,005,621,520 bytes read
  Partitioned compression: HG005_GRCh38_1_22_v4.2.1_benchmark: rdf-scan heartbeat — 563,806,722 triples · 102,072,730,545 bytes read
  Partitioned compression: HG005_GRCh38_1_22_v4.2.1_benchmark: rdf-scan heartbeat — 564,171,193 triples · 102,139,839,504 bytes read
  Partitioned compression: HG005_GRCh38_1_22_v4.2.1_benchmark: rdf-scan heartbeat — 564,535,685 triples · 102,206,948,520 bytes read
  Partitioned compression: HG005_GRCh38_1_22_v4.2.1_benchmark: rdf-scan heartbeat — 564,900,175 triples · 102,274,057,387 bytes read
  Partitioned compression: HG005_GRCh38_1_22_v4.2.1_benchmark: rdf-scan heartbeat — 565,264,753 triples · 102,341,166,277 bytes read
  Partitioned compression: HG005_GRCh38_1_22_v4.2.1_benchmark: rdf-scan heartbeat — 565,629,354 triples · 102,408,275,216 bytes read
  Partitioned compression: HG005_GRCh38_1_22_v4.2.1_benchmark: rdf-scan heartbeat — 565,993,987 triples · 102,475,384,142 bytes read
  Partitioned compression: HG005_GRCh38_1_22_v4.2.1_benchmark: rdf-scan chunk — 566,358,156 triples · 191 chunks · 102,542,361,748 bytes read
  Partitioned compression: HG005_GRCh38_1_22_v4.2.1_benchmark: hdt-chunks started — 190 chunks · hdt-build-00190
  Partitioned compression: HG005_GRCh38_1_22_v4.2.1_benchmark: hdt-chunks complete — 191 chunks · hdt-build-00190
  Partitioned compression: HG005_GRCh38_1_22_v4.2.1_benchmark: rdf-scan heartbeat — 566,358,868 triples · 102,542,493,095 bytes read
  Partitioned compression: HG005_GRCh38_1_22_v4.2.1_benchmark: rdf-scan heartbeat — 566,723,315 triples · 102,609,602,059 bytes read
  Partitioned compression: HG005_GRCh38_1_22_v4.2.1_benchmark: rdf-scan heartbeat — 567,087,772 triples · 102,676,711,085 bytes read
  Partitioned compression: HG005_GRCh38_1_22_v4.2.1_benchmark: rdf-scan heartbeat — 567,452,237 triples · 102,743,820,094 bytes read
  Partitioned compression: HG005_GRCh38_1_22_v4.2.1_benchmark: rdf-scan heartbeat — 567,817,118 triples · 102,810,929,119 bytes read
  Partitioned compression: HG005_GRCh38_1_22_v4.2.1_benchmark: rdf-scan heartbeat — 568,181,995 triples · 102,878,037,990 bytes read
  Partitioned compression: HG005_GRCh38_1_22_v4.2.1_benchmark: rdf-scan heartbeat — 568,546,947 triples · 102,945,147,005 bytes read
  Partitioned compression: HG005_GRCh38_1_22_v4.2.1_benchmark: rdf-scan heartbeat — 568,911,652 triples · 103,012,256,186 bytes read
  Partitioned compression: HG005_GRCh38_1_22_v4.2.1_benchmark: rdf-scan chunk — 569,275,629 triples · 192 chunks · 103,079,232,754 bytes read
  Partitioned compression: HG005_GRCh38_1_22_v4.2.1_benchmark: hdt-chunks started — 191 chunks · hdt-build-00191
  Partitioned compression: HG005_GRCh38_1_22_v4.2.1_benchmark: hdt-chunks complete — 192 chunks · hdt-build-00191
  Partitioned compression: HG005_GRCh38_1_22_v4.2.1_benchmark: rdf-scan heartbeat — 569,276,350 triples · 103,079,365,166 bytes read
  Partitioned compression: HG005_GRCh38_1_22_v4.2.1_benchmark: rdf-scan heartbeat — 569,641,061 triples · 103,146,474,136 bytes read
  Partitioned compression: HG005_GRCh38_1_22_v4.2.1_benchmark: rdf-scan heartbeat — 570,005,510 triples · 103,213,583,027 bytes read
  Partitioned compression: HG005_GRCh38_1_22_v4.2.1_benchmark: rdf-scan heartbeat — 570,369,909 triples · 103,280,692,004 bytes read
  Partitioned compression: HG005_GRCh38_1_22_v4.2.1_benchmark: rdf-scan heartbeat — 570,734,235 triples · 103,347,800,900 bytes read
  Partitioned compression: HG005_GRCh38_1_22_v4.2.1_benchmark: rdf-scan heartbeat — 571,098,762 triples · 103,414,909,807 bytes read
  Partitioned compression: HG005_GRCh38_1_22_v4.2.1_benchmark: rdf-scan heartbeat — 571,463,317 triples · 103,482,018,769 bytes read
  Partitioned compression: HG005_GRCh38_1_22_v4.2.1_benchmark: rdf-scan heartbeat — 571,827,912 triples · 103,549,127,688 bytes read
  Partitioned compression: HG005_GRCh38_1_22_v4.2.1_benchmark: rdf-scan chunk — 572,191,652 triples · 193 chunks · 103,616,103,875 bytes read
  Partitioned compression: HG005_GRCh38_1_22_v4.2.1_benchmark: hdt-chunks started — 192 chunks · hdt-build-00192
  Partitioned compression: HG005_GRCh38_1_22_v4.2.1_benchmark: hdt-chunks complete — 193 chunks · hdt-build-00192
  Partitioned compression: HG005_GRCh38_1_22_v4.2.1_benchmark: rdf-scan heartbeat — 572,192,373 triples · 103,616,236,659 bytes read
  Partitioned compression: HG005_GRCh38_1_22_v4.2.1_benchmark: rdf-scan heartbeat — 572,556,803 triples · 103,683,345,682 bytes read
  Partitioned compression: HG005_GRCh38_1_22_v4.2.1_benchmark: rdf-scan heartbeat — 572,921,602 triples · 103,750,454,598 bytes read
  Partitioned compression: HG005_GRCh38_1_22_v4.2.1_benchmark: rdf-scan heartbeat — 573,286,020 triples · 103,817,563,562 bytes read
  Partitioned compression: HG005_GRCh38_1_22_v4.2.1_benchmark: rdf-scan heartbeat — 573,650,656 triples · 103,884,672,553 bytes read
  Partitioned compression: HG005_GRCh38_1_22_v4.2.1_benchmark: rdf-scan heartbeat — 574,015,233 triples · 103,951,781,478 bytes read
  Partitioned compression: HG005_GRCh38_1_22_v4.2.1_benchmark: rdf-scan heartbeat — 574,379,747 triples · 104,018,890,525 bytes read
  Partitioned compression: HG005_GRCh38_1_22_v4.2.1_benchmark: rdf-scan heartbeat — 574,744,299 triples · 104,085,999,508 bytes read
  Partitioned compression: HG005_GRCh38_1_22_v4.2.1_benchmark: rdf-scan chunk — 575,108,150 triples · 194 chunks · 104,152,974,815 bytes read
  Partitioned compression: HG005_GRCh38_1_22_v4.2.1_benchmark: hdt-chunks started — 193 chunks · hdt-build-00193
  Partitioned compression: HG005_GRCh38_1_22_v4.2.1_benchmark: hdt-chunks complete — 194 chunks · hdt-build-00193
  Partitioned compression: HG005_GRCh38_1_22_v4.2.1_benchmark: rdf-scan heartbeat — 575,108,878 triples · 104,153,108,458 bytes read
  Partitioned compression: HG005_GRCh38_1_22_v4.2.1_benchmark: rdf-scan heartbeat — 575,473,448 triples · 104,220,217,371 bytes read
  Partitioned compression: HG005_GRCh38_1_22_v4.2.1_benchmark: rdf-scan heartbeat — 575,837,926 triples · 104,287,326,264 bytes read
  Partitioned compression: HG005_GRCh38_1_22_v4.2.1_benchmark: rdf-scan heartbeat — 576,202,365 triples · 104,354,435,210 bytes read
  Partitioned compression: HG005_GRCh38_1_22_v4.2.1_benchmark: rdf-scan heartbeat — 576,566,794 triples · 104,421,544,105 bytes read
  Partitioned compression: HG005_GRCh38_1_22_v4.2.1_benchmark: rdf-scan heartbeat — 576,931,260 triples · 104,488,652,995 bytes read
  Partitioned compression: HG005_GRCh38_1_22_v4.2.1_benchmark: rdf-scan heartbeat — 577,295,769 triples · 104,555,762,004 bytes read
  Partitioned compression: HG005_GRCh38_1_22_v4.2.1_benchmark: rdf-scan heartbeat — 577,660,282 triples · 104,622,870,968 bytes read
  Partitioned compression: HG005_GRCh38_1_22_v4.2.1_benchmark: rdf-scan chunk — 578,024,195 triples · 195 chunks · 104,689,845,739 bytes read
  Partitioned compression: HG005_GRCh38_1_22_v4.2.1_benchmark: hdt-chunks started — 194 chunks · hdt-build-00194
  Partitioned compression: HG005_GRCh38_1_22_v4.2.1_benchmark: hdt-chunks complete — 195 chunks · hdt-build-00194
  Partitioned compression: HG005_GRCh38_1_22_v4.2.1_benchmark: rdf-scan heartbeat — 578,024,921 triples · 104,689,979,905 bytes read
  Partitioned compression: HG005_GRCh38_1_22_v4.2.1_benchmark: rdf-scan heartbeat — 578,389,471 triples · 104,757,088,893 bytes read
  Partitioned compression: HG005_GRCh38_1_22_v4.2.1_benchmark: rdf-scan heartbeat — 578,754,197 triples · 104,824,197,879 bytes read
  Partitioned compression: HG005_GRCh38_1_22_v4.2.1_benchmark: rdf-scan heartbeat — 579,118,675 triples · 104,891,306,774 bytes read
  Partitioned compression: HG005_GRCh38_1_22_v4.2.1_benchmark: rdf-scan heartbeat — 579,483,223 triples · 104,958,415,765 bytes read
  Partitioned compression: HG005_GRCh38_1_22_v4.2.1_benchmark: rdf-scan heartbeat — 579,847,744 triples · 105,025,524,694 bytes read
  Partitioned compression: HG005_GRCh38_1_22_v4.2.1_benchmark: rdf-scan heartbeat — 580,212,143 triples · 105,092,633,692 bytes read
  Partitioned compression: HG005_GRCh38_1_22_v4.2.1_benchmark: rdf-scan heartbeat — 580,576,620 triples · 105,159,742,675 bytes read
  Partitioned compression: HG005_GRCh38_1_22_v4.2.1_benchmark: rdf-scan chunk — 580,940,373 triples · 196 chunks · 105,226,716,713 bytes read
  Partitioned compression: HG005_GRCh38_1_22_v4.2.1_benchmark: hdt-chunks started — 195 chunks · hdt-build-00195
  Partitioned compression: HG005_GRCh38_1_22_v4.2.1_benchmark: hdt-chunks complete — 196 chunks · hdt-build-00195
  Partitioned compression: HG005_GRCh38_1_22_v4.2.1_benchmark: rdf-scan heartbeat — 580,941,107 triples · 105,226,851,591 bytes read
  Partitioned compression: HG005_GRCh38_1_22_v4.2.1_benchmark: rdf-scan heartbeat — 581,305,545 triples · 105,293,960,570 bytes read
  Partitioned compression: HG005_GRCh38_1_22_v4.2.1_benchmark: rdf-scan heartbeat — 581,670,423 triples · 105,361,069,563 bytes read
  Partitioned compression: HG005_GRCh38_1_22_v4.2.1_benchmark: rdf-scan heartbeat — 582,035,341 triples · 105,428,178,613 bytes read
  Partitioned compression: HG005_GRCh38_1_22_v4.2.1_benchmark: rdf-scan heartbeat — 582,400,303 triples · 105,495,287,620 bytes read
  Partitioned compression: HG005_GRCh38_1_22_v4.2.1_benchmark: rdf-scan heartbeat — 582,764,869 triples · 105,562,396,504 bytes read
  Partitioned compression: HG005_GRCh38_1_22_v4.2.1_benchmark: rdf-scan heartbeat — 583,129,501 triples · 105,629,505,421 bytes read
  Partitioned compression: HG005_GRCh38_1_22_v4.2.1_benchmark: rdf-scan heartbeat — 583,494,093 triples · 105,696,614,442 bytes read
  Partitioned compression: HG005_GRCh38_1_22_v4.2.1_benchmark: rdf-scan chunk — 583,858,003 triples · 197 chunks · 105,763,587,806 bytes read
  Partitioned compression: HG005_GRCh38_1_22_v4.2.1_benchmark: hdt-chunks started — 196 chunks · hdt-build-00196
  Partitioned compression: HG005_GRCh38_1_22_v4.2.1_benchmark: hdt-chunks complete — 197 chunks · hdt-build-00196
  Partitioned compression: HG005_GRCh38_1_22_v4.2.1_benchmark: rdf-scan heartbeat — 583,858,745 triples · 105,763,723,390 bytes read
  Partitioned compression: HG005_GRCh38_1_22_v4.2.1_benchmark: rdf-scan heartbeat — 584,223,362 triples · 105,830,832,319 bytes read
  Partitioned compression: HG005_GRCh38_1_22_v4.2.1_benchmark: rdf-scan heartbeat — 584,588,074 triples · 105,897,941,208 bytes read
  Partitioned compression: HG005_GRCh38_1_22_v4.2.1_benchmark: rdf-scan heartbeat — 584,952,605 triples · 105,965,050,240 bytes read
  Partitioned compression: HG005_GRCh38_1_22_v4.2.1_benchmark: rdf-scan heartbeat — 585,317,337 triples · 106,032,159,235 bytes read
  Partitioned compression: HG005_GRCh38_1_22_v4.2.1_benchmark: rdf-scan heartbeat — 585,682,029 triples · 106,099,268,280 bytes read
  Partitioned compression: HG005_GRCh38_1_22_v4.2.1_benchmark: rdf-scan heartbeat — 586,046,676 triples · 106,166,377,308 bytes read
  Partitioned compression: HG005_GRCh38_1_22_v4.2.1_benchmark: rdf-scan heartbeat — 586,411,179 triples · 106,233,486,615 bytes read
  Partitioned compression: HG005_GRCh38_1_22_v4.2.1_benchmark: rdf-scan chunk — 586,774,906 triples · 198 chunks · 106,300,458,774 bytes read
  Partitioned compression: HG005_GRCh38_1_22_v4.2.1_benchmark: hdt-chunks started — 197 chunks · hdt-build-00197
  Partitioned compression: HG005_GRCh38_1_22_v4.2.1_benchmark: hdt-chunks complete — 198 chunks · hdt-build-00197
  Partitioned compression: HG005_GRCh38_1_22_v4.2.1_benchmark: rdf-scan heartbeat — 586,775,648 triples · 106,300,595,541 bytes read
  Partitioned compression: HG005_GRCh38_1_22_v4.2.1_benchmark: rdf-scan heartbeat — 587,140,191 triples · 106,367,704,530 bytes read
  Partitioned compression: HG005_GRCh38_1_22_v4.2.1_benchmark: rdf-scan heartbeat — 587,504,698 triples · 106,434,813,524 bytes read
  Partitioned compression: HG005_GRCh38_1_22_v4.2.1_benchmark: rdf-scan heartbeat — 587,869,236 triples · 106,501,922,428 bytes read
  Partitioned compression: HG005_GRCh38_1_22_v4.2.1_benchmark: rdf-scan heartbeat — 588,233,813 triples · 106,569,031,382 bytes read
  Partitioned compression: HG005_GRCh38_1_22_v4.2.1_benchmark: rdf-scan heartbeat — 588,598,295 triples · 106,636,140,373 bytes read
  Partitioned compression: HG005_GRCh38_1_22_v4.2.1_benchmark: rdf-scan heartbeat — 588,962,979 triples · 106,703,249,398 bytes read
  Partitioned compression: HG005_GRCh38_1_22_v4.2.1_benchmark: rdf-scan heartbeat — 589,327,656 triples · 106,770,358,370 bytes read
  Partitioned compression: HG005_GRCh38_1_22_v4.2.1_benchmark: rdf-scan chunk — 589,691,374 triples · 199 chunks · 106,837,329,693 bytes read
  Partitioned compression: HG005_GRCh38_1_22_v4.2.1_benchmark: hdt-chunks started — 198 chunks · hdt-build-00198
  Partitioned compression: HG005_GRCh38_1_22_v4.2.1_benchmark: hdt-chunks complete — 199 chunks · hdt-build-00198
  Partitioned compression: HG005_GRCh38_1_22_v4.2.1_benchmark: rdf-scan heartbeat — 589,692,122 triples · 106,837,467,318 bytes read
  Partitioned compression: HG005_GRCh38_1_22_v4.2.1_benchmark: rdf-scan heartbeat — 590,056,673 triples · 106,904,576,360 bytes read
  Partitioned compression: HG005_GRCh38_1_22_v4.2.1_benchmark: rdf-scan heartbeat — 590,421,189 triples · 106,971,685,412 bytes read
  Partitioned compression: HG005_GRCh38_1_22_v4.2.1_benchmark: rdf-scan heartbeat — 590,785,825 triples · 107,038,794,285 bytes read
  Partitioned compression: HG005_GRCh38_1_22_v4.2.1_benchmark: rdf-scan heartbeat — 591,150,264 triples · 107,105,903,168 bytes read
  Partitioned compression: HG005_GRCh38_1_22_v4.2.1_benchmark: rdf-scan heartbeat — 591,514,839 triples · 107,173,012,066 bytes read
  Partitioned compression: HG005_GRCh38_1_22_v4.2.1_benchmark: rdf-scan heartbeat — 591,879,221 triples · 107,240,121,089 bytes read
  Partitioned compression: HG005_GRCh38_1_22_v4.2.1_benchmark: rdf-scan heartbeat — 592,243,604 triples · 107,307,229,992 bytes read
  Partitioned compression: HG005_GRCh38_1_22_v4.2.1_benchmark: rdf-scan chunk — 592,607,357 triples · 200 chunks · 107,374,200,613 bytes read
  Partitioned compression: HG005_GRCh38_1_22_v4.2.1_benchmark: hdt-chunks started — 199 chunks · hdt-build-00199
  Partitioned compression: HG005_GRCh38_1_22_v4.2.1_benchmark: hdt-chunks complete — 200 chunks · hdt-build-00199
  Partitioned compression: HG005_GRCh38_1_22_v4.2.1_benchmark: rdf-scan heartbeat — 592,608,110 triples · 107,374,338,987 bytes read
  Partitioned compression: HG005_GRCh38_1_22_v4.2.1_benchmark: rdf-scan heartbeat — 592,972,791 triples · 107,441,447,913 bytes read
  Partitioned compression: HG005_GRCh38_1_22_v4.2.1_benchmark: rdf-scan heartbeat — 593,337,792 triples · 107,508,557,319 bytes read
  Partitioned compression: HG005_GRCh38_1_22_v4.2.1_benchmark: rdf-scan heartbeat — 593,703,230 triples · 107,575,666,322 bytes read
  Partitioned compression: HG005_GRCh38_1_22_v4.2.1_benchmark: rdf-scan heartbeat — 594,067,792 triples · 107,642,775,238 bytes read
  Partitioned compression: HG005_GRCh38_1_22_v4.2.1_benchmark: rdf-scan heartbeat — 594,432,671 triples · 107,709,884,265 bytes read
  Partitioned compression: HG005_GRCh38_1_22_v4.2.1_benchmark: rdf-scan heartbeat — 594,797,353 triples · 107,776,993,307 bytes read
  Partitioned compression: HG005_GRCh38_1_22_v4.2.1_benchmark: rdf-scan heartbeat — 595,161,829 triples · 107,844,102,180 bytes read
  Partitioned compression: HG005_GRCh38_1_22_v4.2.1_benchmark: rdf-scan chunk — 595,525,554 triples · 201 chunks · 107,911,071,591 bytes read
  Partitioned compression: HG005_GRCh38_1_22_v4.2.1_benchmark: hdt-chunks started — 200 chunks · hdt-build-00200
  Partitioned compression: HG005_GRCh38_1_22_v4.2.1_benchmark: hdt-chunks complete — 201 chunks · hdt-build-00200
  Partitioned compression: HG005_GRCh38_1_22_v4.2.1_benchmark: rdf-scan heartbeat — 595,526,313 triples · 107,911,211,716 bytes read
  Partitioned compression: HG005_GRCh38_1_22_v4.2.1_benchmark: rdf-scan heartbeat — 595,891,232 triples · 107,978,320,582 bytes read
  Partitioned compression: HG005_GRCh38_1_22_v4.2.1_benchmark: rdf-scan heartbeat — 596,255,748 triples · 108,045,429,573 bytes read
  Partitioned compression: HG005_GRCh38_1_22_v4.2.1_benchmark: rdf-scan heartbeat — 596,620,341 triples · 108,112,538,568 bytes read
  Partitioned compression: HG005_GRCh38_1_22_v4.2.1_benchmark: rdf-scan heartbeat — 596,984,911 triples · 108,179,647,447 bytes read
  Partitioned compression: HG005_GRCh38_1_22_v4.2.1_benchmark: rdf-scan heartbeat — 597,349,409 triples · 108,246,756,447 bytes read
  Partitioned compression: HG005_GRCh38_1_22_v4.2.1_benchmark: rdf-scan heartbeat — 597,713,879 triples · 108,313,865,751 bytes read
  Partitioned compression: HG005_GRCh38_1_22_v4.2.1_benchmark: rdf-scan heartbeat — 598,078,274 triples · 108,380,974,780 bytes read
  Partitioned compression: HG005_GRCh38_1_22_v4.2.1_benchmark: rdf-scan chunk — 598,441,847 triples · 202 chunks · 108,447,942,526 bytes read
  Partitioned compression: HG005_GRCh38_1_22_v4.2.1_benchmark: hdt-chunks started — 201 chunks · hdt-build-00201
  Partitioned compression: HG005_GRCh38_1_22_v4.2.1_benchmark: hdt-chunks complete — 202 chunks · hdt-build-00201
  Partitioned compression: HG005_GRCh38_1_22_v4.2.1_benchmark: rdf-scan heartbeat — 598,442,614 triples · 108,448,083,690 bytes read
  Partitioned compression: HG005_GRCh38_1_22_v4.2.1_benchmark: rdf-scan heartbeat — 598,807,300 triples · 108,515,192,693 bytes read
  Partitioned compression: HG005_GRCh38_1_22_v4.2.1_benchmark: rdf-scan heartbeat — 599,171,728 triples · 108,582,301,601 bytes read
  Partitioned compression: HG005_GRCh38_1_22_v4.2.1_benchmark: rdf-scan heartbeat — 599,536,254 triples · 108,649,410,527 bytes read
  Partitioned compression: HG005_GRCh38_1_22_v4.2.1_benchmark: rdf-scan heartbeat — 599,900,957 triples · 108,716,519,524 bytes read
  Partitioned compression: HG005_GRCh38_1_22_v4.2.1_benchmark: rdf-scan heartbeat — 600,265,743 triples · 108,783,628,548 bytes read
  Partitioned compression: HG005_GRCh38_1_22_v4.2.1_benchmark: rdf-scan heartbeat — 600,630,356 triples · 108,850,737,490 bytes read
  Partitioned compression: HG005_GRCh38_1_22_v4.2.1_benchmark: rdf-scan heartbeat — 600,995,145 triples · 108,917,846,538 bytes read
  Partitioned compression: HG005_GRCh38_1_22_v4.2.1_benchmark: rdf-scan chunk — 601,358,916 triples · 203 chunks · 108,984,813,585 bytes read
  Partitioned compression: HG005_GRCh38_1_22_v4.2.1_benchmark: hdt-chunks started — 202 chunks · hdt-build-00202
  Partitioned compression: HG005_GRCh38_1_22_v4.2.1_benchmark: hdt-chunks complete — 203 chunks · hdt-build-00202
  Partitioned compression: HG005_GRCh38_1_22_v4.2.1_benchmark: rdf-scan heartbeat — 601,359,684 triples · 108,984,955,530 bytes read
  Partitioned compression: HG005_GRCh38_1_22_v4.2.1_benchmark: rdf-scan heartbeat — 601,724,343 triples · 109,052,064,420 bytes read
  Partitioned compression: HG005_GRCh38_1_22_v4.2.1_benchmark: rdf-scan heartbeat — 602,088,740 triples · 109,119,173,285 bytes read
  Partitioned compression: HG005_GRCh38_1_22_v4.2.1_benchmark: rdf-scan heartbeat — 602,453,270 triples · 109,186,282,254 bytes read
  Partitioned compression: HG005_GRCh38_1_22_v4.2.1_benchmark: rdf-scan heartbeat — 602,817,863 triples · 109,253,391,152 bytes read
  Partitioned compression: HG005_GRCh38_1_22_v4.2.1_benchmark: rdf-scan heartbeat — 603,182,473 triples · 109,320,500,069 bytes read
  Partitioned compression: HG005_GRCh38_1_22_v4.2.1_benchmark: rdf-scan heartbeat — 603,547,288 triples · 109,387,609,482 bytes read
  Partitioned compression: HG005_GRCh38_1_22_v4.2.1_benchmark: rdf-scan heartbeat — 603,912,125 triples · 109,454,718,480 bytes read
  Partitioned compression: HG005_GRCh38_1_22_v4.2.1_benchmark: rdf-scan chunk — 604,275,961 triples · 204 chunks · 109,521,684,501 bytes read
  Partitioned compression: HG005_GRCh38_1_22_v4.2.1_benchmark: hdt-chunks started — 203 chunks · hdt-build-00203
  Partitioned compression: HG005_GRCh38_1_22_v4.2.1_benchmark: hdt-chunks complete — 204 chunks · hdt-build-00203
  Partitioned compression: HG005_GRCh38_1_22_v4.2.1_benchmark: rdf-scan heartbeat — 604,276,738 triples · 109,521,827,415 bytes read
  Partitioned compression: HG005_GRCh38_1_22_v4.2.1_benchmark: rdf-scan heartbeat — 604,641,081 triples · 109,588,936,450 bytes read
  Partitioned compression: HG005_GRCh38_1_22_v4.2.1_benchmark: rdf-scan heartbeat — 605,005,529 triples · 109,656,045,425 bytes read
  Partitioned compression: HG005_GRCh38_1_22_v4.2.1_benchmark: rdf-scan heartbeat — 605,370,091 triples · 109,723,154,436 bytes read
  Partitioned compression: HG005_GRCh38_1_22_v4.2.1_benchmark: rdf-scan heartbeat — 605,734,679 triples · 109,790,263,308 bytes read
  Partitioned compression: HG005_GRCh38_1_22_v4.2.1_benchmark: rdf-scan heartbeat — 606,099,233 triples · 109,857,372,211 bytes read
  Partitioned compression: HG005_GRCh38_1_22_v4.2.1_benchmark: rdf-scan heartbeat — 606,464,254 triples · 109,924,481,091 bytes read
  Partitioned compression: HG005_GRCh38_1_22_v4.2.1_benchmark: rdf-scan heartbeat — 606,829,235 triples · 109,991,590,089 bytes read
  Partitioned compression: HG005_GRCh38_1_22_v4.2.1_benchmark: rdf-scan chunk — 607,193,117 triples · 205 chunks · 110,058,555,486 bytes read
  Partitioned compression: HG005_GRCh38_1_22_v4.2.1_benchmark: hdt-chunks started — 204 chunks · hdt-build-00204
  Partitioned compression: HG005_GRCh38_1_22_v4.2.1_benchmark: hdt-chunks complete — 205 chunks · hdt-build-00204
  Partitioned compression: HG005_GRCh38_1_22_v4.2.1_benchmark: rdf-scan heartbeat — 607,193,895 triples · 110,058,699,146 bytes read
  Partitioned compression: HG005_GRCh38_1_22_v4.2.1_benchmark: rdf-scan heartbeat — 607,558,394 triples · 110,125,808,096 bytes read
  Partitioned compression: HG005_GRCh38_1_22_v4.2.1_benchmark: rdf-scan heartbeat — 607,923,766 triples · 110,192,917,106 bytes read
  Partitioned compression: HG005_GRCh38_1_22_v4.2.1_benchmark: rdf-scan heartbeat — 608,288,386 triples · 110,260,026,092 bytes read
  Partitioned compression: HG005_GRCh38_1_22_v4.2.1_benchmark: rdf-scan heartbeat — 608,652,927 triples · 110,327,135,009 bytes read
  Partitioned compression: HG005_GRCh38_1_22_v4.2.1_benchmark: rdf-scan heartbeat — 609,017,475 triples · 110,394,243,916 bytes read
  Partitioned compression: HG005_GRCh38_1_22_v4.2.1_benchmark: rdf-scan heartbeat — 609,382,137 triples · 110,461,352,850 bytes read
  Partitioned compression: HG005_GRCh38_1_22_v4.2.1_benchmark: rdf-scan heartbeat — 609,746,851 triples · 110,528,461,882 bytes read
  Partitioned compression: HG005_GRCh38_1_22_v4.2.1_benchmark: rdf-scan chunk — 610,110,739 triples · 206 chunks · 110,595,426,471 bytes read
  Partitioned compression: HG005_GRCh38_1_22_v4.2.1_benchmark: hdt-chunks started — 205 chunks · hdt-build-00205
  Partitioned compression: HG005_GRCh38_1_22_v4.2.1_benchmark: hdt-chunks complete — 206 chunks · hdt-build-00205
  Partitioned compression: HG005_GRCh38_1_22_v4.2.1_benchmark: rdf-scan heartbeat — 610,111,521 triples · 110,595,570,844 bytes read
  Partitioned compression: HG005_GRCh38_1_22_v4.2.1_benchmark: rdf-scan heartbeat — 610,476,175 triples · 110,662,679,720 bytes read
  Partitioned compression: HG005_GRCh38_1_22_v4.2.1_benchmark: rdf-scan heartbeat — 610,840,949 triples · 110,729,788,695 bytes read
  Partitioned compression: HG005_GRCh38_1_22_v4.2.1_benchmark: rdf-scan heartbeat — 611,205,519 triples · 110,796,897,610 bytes read
  Partitioned compression: HG005_GRCh38_1_22_v4.2.1_benchmark: rdf-scan heartbeat — 611,569,905 triples · 110,864,006,606 bytes read
  Partitioned compression: HG005_GRCh38_1_22_v4.2.1_benchmark: rdf-scan heartbeat — 611,934,274 triples · 110,931,115,620 bytes read
  Partitioned compression: HG005_GRCh38_1_22_v4.2.1_benchmark: rdf-scan heartbeat — 612,298,574 triples · 110,998,224,499 bytes read
  Partitioned compression: HG005_GRCh38_1_22_v4.2.1_benchmark: rdf-scan heartbeat — 612,662,777 triples · 111,065,333,508 bytes read
  Partitioned compression: HG005_GRCh38_1_22_v4.2.1_benchmark: rdf-scan chunk — 613,026,329 triples · 207 chunks · 111,132,297,546 bytes read
  Partitioned compression: HG005_GRCh38_1_22_v4.2.1_benchmark: hdt-chunks started — 206 chunks · hdt-build-00206
  Partitioned compression: HG005_GRCh38_1_22_v4.2.1_benchmark: hdt-chunks complete — 207 chunks · hdt-build-00206
  Partitioned compression: HG005_GRCh38_1_22_v4.2.1_benchmark: rdf-scan heartbeat — 613,027,114 triples · 111,132,442,542 bytes read
  Partitioned compression: HG005_GRCh38_1_22_v4.2.1_benchmark: rdf-scan heartbeat — 613,391,704 triples · 111,199,551,526 bytes read
  Partitioned compression: HG005_GRCh38_1_22_v4.2.1_benchmark: rdf-scan heartbeat — 613,756,784 triples · 111,266,660,531 bytes read
  Partitioned compression: HG005_GRCh38_1_22_v4.2.1_benchmark: rdf-scan heartbeat — 614,121,793 triples · 111,333,769,436 bytes read
  Partitioned compression: HG005_GRCh38_1_22_v4.2.1_benchmark: rdf-scan heartbeat — 614,486,832 triples · 111,400,878,396 bytes read
  Partitioned compression: HG005_GRCh38_1_22_v4.2.1_benchmark: rdf-scan heartbeat — 614,851,620 triples · 111,467,987,376 bytes read
  Partitioned compression: HG005_GRCh38_1_22_v4.2.1_benchmark: rdf-scan heartbeat — 615,216,294 triples · 111,535,096,352 bytes read
  Partitioned compression: HG005_GRCh38_1_22_v4.2.1_benchmark: rdf-scan heartbeat — 615,580,825 triples · 111,602,205,251 bytes read
  Partitioned compression: HG005_GRCh38_1_22_v4.2.1_benchmark: rdf-scan chunk — 615,944,569 triples · 208 chunks · 111,669,168,553 bytes read
  Partitioned compression: HG005_GRCh38_1_22_v4.2.1_benchmark: hdt-chunks started — 207 chunks · hdt-build-00207
  Partitioned compression: HG005_GRCh38_1_22_v4.2.1_benchmark: hdt-chunks complete — 208 chunks · hdt-build-00207
  Partitioned compression: HG005_GRCh38_1_22_v4.2.1_benchmark: rdf-scan heartbeat — 615,945,361 triples · 111,669,314,248 bytes read
  Partitioned compression: HG005_GRCh38_1_22_v4.2.1_benchmark: rdf-scan heartbeat — 616,309,872 triples · 111,736,423,142 bytes read
  Partitioned compression: HG005_GRCh38_1_22_v4.2.1_benchmark: rdf-scan heartbeat — 616,674,908 triples · 111,803,532,080 bytes read
  Partitioned compression: HG005_GRCh38_1_22_v4.2.1_benchmark: rdf-scan heartbeat — 617,039,809 triples · 111,870,641,076 bytes read
  Partitioned compression: HG005_GRCh38_1_22_v4.2.1_benchmark: rdf-scan heartbeat — 617,404,679 triples · 111,937,750,073 bytes read
  Partitioned compression: HG005_GRCh38_1_22_v4.2.1_benchmark: rdf-scan heartbeat — 617,769,196 triples · 112,004,859,032 bytes read
  Partitioned compression: HG005_GRCh38_1_22_v4.2.1_benchmark: rdf-scan heartbeat — 618,134,487 triples · 112,071,967,899 bytes read
  Partitioned compression: HG005_GRCh38_1_22_v4.2.1_benchmark: rdf-scan heartbeat — 618,499,326 triples · 112,139,076,874 bytes read
  Partitioned compression: HG005_GRCh38_1_22_v4.2.1_benchmark: rdf-scan chunk — 618,863,502 triples · 209 chunks · 112,206,039,567 bytes read
  Partitioned compression: HG005_GRCh38_1_22_v4.2.1_benchmark: hdt-chunks started — 208 chunks · hdt-build-00208
  Partitioned compression: HG005_GRCh38_1_22_v4.2.1_benchmark: hdt-chunks complete — 209 chunks · hdt-build-00208
  Partitioned compression: HG005_GRCh38_1_22_v4.2.1_benchmark: rdf-scan heartbeat — 618,864,298 triples · 112,206,185,792 bytes read
  Partitioned compression: HG005_GRCh38_1_22_v4.2.1_benchmark: rdf-scan heartbeat — 619,229,071 triples · 112,273,294,661 bytes read
  Partitioned compression: HG005_GRCh38_1_22_v4.2.1_benchmark: rdf-scan heartbeat — 619,593,569 triples · 112,340,403,652 bytes read
  Partitioned compression: HG005_GRCh38_1_22_v4.2.1_benchmark: rdf-scan heartbeat — 619,958,106 triples · 112,407,512,584 bytes read
  Partitioned compression: HG005_GRCh38_1_22_v4.2.1_benchmark: rdf-scan heartbeat — 620,323,071 triples · 112,474,621,515 bytes read
  Partitioned compression: HG005_GRCh38_1_22_v4.2.1_benchmark: rdf-scan heartbeat — 620,687,767 triples · 112,541,730,402 bytes read
  Partitioned compression: HG005_GRCh38_1_22_v4.2.1_benchmark: rdf-scan heartbeat — 621,052,671 triples · 112,608,839,322 bytes read
  Partitioned compression: HG005_GRCh38_1_22_v4.2.1_benchmark: rdf-scan heartbeat — 621,417,277 triples · 112,675,948,216 bytes read
  Partitioned compression: HG005_GRCh38_1_22_v4.2.1_benchmark: rdf-scan chunk — 621,781,129 triples · 210 chunks · 112,742,910,479 bytes read
  Partitioned compression: HG005_GRCh38_1_22_v4.2.1_benchmark: hdt-chunks started — 209 chunks · hdt-build-00209
  Partitioned compression: HG005_GRCh38_1_22_v4.2.1_benchmark: hdt-chunks complete — 210 chunks · hdt-build-00209
  Partitioned compression: HG005_GRCh38_1_22_v4.2.1_benchmark: rdf-scan heartbeat — 621,781,927 triples · 112,743,057,131 bytes read
  Partitioned compression: HG005_GRCh38_1_22_v4.2.1_benchmark: rdf-scan heartbeat — 622,146,771 triples · 112,810,166,025 bytes read
  Partitioned compression: HG005_GRCh38_1_22_v4.2.1_benchmark: rdf-scan heartbeat — 622,511,642 triples · 112,877,275,042 bytes read
  Partitioned compression: HG005_GRCh38_1_22_v4.2.1_benchmark: rdf-scan heartbeat — 622,876,532 triples · 112,944,383,948 bytes read
  Partitioned compression: HG005_GRCh38_1_22_v4.2.1_benchmark: rdf-scan heartbeat — 623,241,325 triples · 113,011,492,934 bytes read
  Partitioned compression: HG005_GRCh38_1_22_v4.2.1_benchmark: rdf-scan heartbeat — 623,605,766 triples · 113,078,601,834 bytes read
  Partitioned compression: HG005_GRCh38_1_22_v4.2.1_benchmark: rdf-scan heartbeat — 623,970,159 triples · 113,145,710,781 bytes read
  Partitioned compression: HG005_GRCh38_1_22_v4.2.1_benchmark: rdf-scan heartbeat — 624,334,632 triples · 113,212,819,725 bytes read
  Partitioned compression: HG005_GRCh38_1_22_v4.2.1_benchmark: rdf-scan chunk — 624,698,381 triples · 211 chunks · 113,279,781,578 bytes read
  Partitioned compression: HG005_GRCh38_1_22_v4.2.1_benchmark: hdt-chunks started — 210 chunks · hdt-build-00210
  Partitioned compression: HG005_GRCh38_1_22_v4.2.1_benchmark: hdt-chunks complete — 211 chunks · hdt-build-00210
  Partitioned compression: HG005_GRCh38_1_22_v4.2.1_benchmark: rdf-scan heartbeat — 624,699,179 triples · 113,279,928,697 bytes read
  Partitioned compression: HG005_GRCh38_1_22_v4.2.1_benchmark: rdf-scan heartbeat — 625,063,701 triples · 113,347,037,708 bytes read
  Partitioned compression: HG005_GRCh38_1_22_v4.2.1_benchmark: rdf-scan heartbeat — 625,428,246 triples · 113,414,146,713 bytes read
  Partitioned compression: HG005_GRCh38_1_22_v4.2.1_benchmark: rdf-scan heartbeat — 625,792,756 triples · 113,481,255,692 bytes read
  Partitioned compression: HG005_GRCh38_1_22_v4.2.1_benchmark: rdf-scan heartbeat — 626,157,278 triples · 113,548,364,728 bytes read
  Partitioned compression: HG005_GRCh38_1_22_v4.2.1_benchmark: rdf-scan heartbeat — 626,521,686 triples · 113,615,473,619 bytes read
  Partitioned compression: HG005_GRCh38_1_22_v4.2.1_benchmark: rdf-scan heartbeat — 626,886,207 triples · 113,682,582,601 bytes read
  Partitioned compression: HG005_GRCh38_1_22_v4.2.1_benchmark: rdf-scan heartbeat — 627,250,744 triples · 113,749,691,494 bytes read
  Partitioned compression: HG005_GRCh38_1_22_v4.2.1_benchmark: rdf-scan chunk — 627,614,426 triples · 212 chunks · 113,816,652,648 bytes read
  Partitioned compression: HG005_GRCh38_1_22_v4.2.1_benchmark: hdt-chunks started — 211 chunks · hdt-build-00211
  Partitioned compression: HG005_GRCh38_1_22_v4.2.1_benchmark: hdt-chunks complete — 212 chunks · hdt-build-00211
  Partitioned compression: HG005_GRCh38_1_22_v4.2.1_benchmark: rdf-scan heartbeat — 627,615,228 triples · 113,816,800,379 bytes read
  Partitioned compression: HG005_GRCh38_1_22_v4.2.1_benchmark: rdf-scan heartbeat — 627,979,755 triples · 113,883,909,282 bytes read
  Partitioned compression: HG005_GRCh38_1_22_v4.2.1_benchmark: rdf-scan heartbeat — 628,344,292 triples · 113,951,018,289 bytes read
  Partitioned compression: HG005_GRCh38_1_22_v4.2.1_benchmark: rdf-scan heartbeat — 628,708,833 triples · 114,018,127,731 bytes read
  Partitioned compression: HG005_GRCh38_1_22_v4.2.1_benchmark: rdf-scan heartbeat — 629,073,297 triples · 114,085,236,639 bytes read
  Partitioned compression: HG005_GRCh38_1_22_v4.2.1_benchmark: rdf-scan heartbeat — 629,437,785 triples · 114,152,345,508 bytes read
  Partitioned compression: HG005_GRCh38_1_22_v4.2.1_benchmark: rdf-scan heartbeat — 629,802,261 triples · 114,219,454,528 bytes read
  Partitioned compression: HG005_GRCh38_1_22_v4.2.1_benchmark: rdf-scan heartbeat — 630,166,777 triples · 114,286,563,447 bytes read
  Partitioned compression: HG005_GRCh38_1_22_v4.2.1_benchmark: rdf-scan chunk — 630,530,391 triples · 213 chunks · 114,353,523,648 bytes read
  Partitioned compression: HG005_GRCh38_1_22_v4.2.1_benchmark: hdt-chunks started — 212 chunks · hdt-build-00212
  Partitioned compression: HG005_GRCh38_1_22_v4.2.1_benchmark: hdt-chunks complete — 213 chunks · hdt-build-00212
  Partitioned compression: HG005_GRCh38_1_22_v4.2.1_benchmark: rdf-scan heartbeat — 630,531,198 triples · 114,353,672,360 bytes read
  Partitioned compression: HG005_GRCh38_1_22_v4.2.1_benchmark: rdf-scan heartbeat — 630,895,681 triples · 114,420,781,401 bytes read
  Partitioned compression: HG005_GRCh38_1_22_v4.2.1_benchmark: rdf-scan heartbeat — 631,260,110 triples · 114,487,890,316 bytes read
  Partitioned compression: HG005_GRCh38_1_22_v4.2.1_benchmark: rdf-scan heartbeat — 631,624,560 triples · 114,554,999,240 bytes read
  Partitioned compression: HG005_GRCh38_1_22_v4.2.1_benchmark: rdf-scan heartbeat — 631,989,079 triples · 114,622,108,185 bytes read
  Partitioned compression: HG005_GRCh38_1_22_v4.2.1_benchmark: rdf-scan heartbeat — 632,353,459 triples · 114,689,217,081 bytes read
  Partitioned compression: HG005_GRCh38_1_22_v4.2.1_benchmark: rdf-scan heartbeat — 632,717,791 triples · 114,756,325,998 bytes read
  Partitioned compression: HG005_GRCh38_1_22_v4.2.1_benchmark: rdf-scan heartbeat — 633,082,283 triples · 114,823,434,947 bytes read
  Partitioned compression: HG005_GRCh38_1_22_v4.2.1_benchmark: rdf-scan chunk — 633,446,395 triples · 214 chunks · 114,890,394,716 bytes read
  Partitioned compression: HG005_GRCh38_1_22_v4.2.1_benchmark: hdt-chunks started — 213 chunks · hdt-build-00213
  Partitioned compression: HG005_GRCh38_1_22_v4.2.1_benchmark: hdt-chunks complete — 214 chunks · hdt-build-00213
  Partitioned compression: HG005_GRCh38_1_22_v4.2.1_benchmark: rdf-scan heartbeat — 633,447,206 triples · 114,890,543,902 bytes read
  Partitioned compression: HG005_GRCh38_1_22_v4.2.1_benchmark: rdf-scan heartbeat — 633,812,336 triples · 114,957,652,923 bytes read
  Partitioned compression: HG005_GRCh38_1_22_v4.2.1_benchmark: rdf-scan heartbeat — 634,177,448 triples · 115,024,761,952 bytes read
  Partitioned compression: HG005_GRCh38_1_22_v4.2.1_benchmark: rdf-scan heartbeat — 634,542,430 triples · 115,091,870,940 bytes read
  Partitioned compression: HG005_GRCh38_1_22_v4.2.1_benchmark: rdf-scan heartbeat — 634,907,510 triples · 115,158,979,857 bytes read
  Partitioned compression: HG005_GRCh38_1_22_v4.2.1_benchmark: rdf-scan heartbeat — 635,272,555 triples · 115,226,088,842 bytes read
  Partitioned compression: HG005_GRCh38_1_22_v4.2.1_benchmark: rdf-scan heartbeat — 635,637,548 triples · 115,293,197,832 bytes read
  Partitioned compression: HG005_GRCh38_1_22_v4.2.1_benchmark: rdf-scan heartbeat — 636,003,033 triples · 115,360,306,754 bytes read
  Partitioned compression: HG005_GRCh38_1_22_v4.2.1_benchmark: rdf-scan chunk — 636,367,561 triples · 215 chunks · 115,427,265,680 bytes read
  Partitioned compression: HG005_GRCh38_1_22_v4.2.1_benchmark: hdt-chunks started — 214 chunks · hdt-build-00214
  Partitioned compression: HG005_GRCh38_1_22_v4.2.1_benchmark: hdt-chunks complete — 215 chunks · hdt-build-00214
  Partitioned compression: HG005_GRCh38_1_22_v4.2.1_benchmark: rdf-scan heartbeat — 636,368,379 triples · 115,427,415,676 bytes read
  Partitioned compression: HG005_GRCh38_1_22_v4.2.1_benchmark: rdf-scan heartbeat — 636,733,753 triples · 115,494,524,552 bytes read
  Partitioned compression: HG005_GRCh38_1_22_v4.2.1_benchmark: rdf-scan heartbeat — 637,098,453 triples · 115,561,633,555 bytes read
  Partitioned compression: HG005_GRCh38_1_22_v4.2.1_benchmark: rdf-scan heartbeat — 637,463,214 triples · 115,628,742,441 bytes read
  Partitioned compression: HG005_GRCh38_1_22_v4.2.1_benchmark: rdf-scan heartbeat — 637,828,168 triples · 115,695,851,425 bytes read
  Partitioned compression: HG005_GRCh38_1_22_v4.2.1_benchmark: rdf-scan heartbeat — 638,193,105 triples · 115,762,960,292 bytes read
  Partitioned compression: HG005_GRCh38_1_22_v4.2.1_benchmark: rdf-scan heartbeat — 638,558,299 triples · 115,830,069,316 bytes read
  Partitioned compression: HG005_GRCh38_1_22_v4.2.1_benchmark: rdf-scan heartbeat — 638,923,371 triples · 115,897,178,304 bytes read
  Partitioned compression: HG005_GRCh38_1_22_v4.2.1_benchmark: rdf-scan chunk — 639,287,621 triples · 216 chunks · 115,964,136,739 bytes read
  Partitioned compression: HG005_GRCh38_1_22_v4.2.1_benchmark: hdt-chunks started — 215 chunks · hdt-build-00215
  Partitioned compression: HG005_GRCh38_1_22_v4.2.1_benchmark: hdt-chunks complete — 216 chunks · hdt-build-00215
  Partitioned compression: HG005_GRCh38_1_22_v4.2.1_benchmark: rdf-scan heartbeat — 639,288,439 triples · 115,964,287,302 bytes read
  Partitioned compression: HG005_GRCh38_1_22_v4.2.1_benchmark: rdf-scan heartbeat — 639,653,410 triples · 116,031,396,340 bytes read
  Partitioned compression: HG005_GRCh38_1_22_v4.2.1_benchmark: rdf-scan heartbeat — 640,018,385 triples · 116,098,505,360 bytes read
  Partitioned compression: HG005_GRCh38_1_22_v4.2.1_benchmark: rdf-scan heartbeat — 640,383,846 triples · 116,165,614,383 bytes read
  Partitioned compression: HG005_GRCh38_1_22_v4.2.1_benchmark: rdf-scan heartbeat — 640,748,806 triples · 116,232,723,373 bytes read
  Partitioned compression: HG005_GRCh38_1_22_v4.2.1_benchmark: rdf-scan heartbeat — 641,113,657 triples · 116,299,832,333 bytes read
  Partitioned compression: HG005_GRCh38_1_22_v4.2.1_benchmark: rdf-scan heartbeat — 641,478,206 triples · 116,366,941,261 bytes read
  Partitioned compression: HG005_GRCh38_1_22_v4.2.1_benchmark: rdf-scan heartbeat — 641,842,811 triples · 116,434,050,220 bytes read
  Partitioned compression: HG005_GRCh38_1_22_v4.2.1_benchmark: rdf-scan chunk — 642,206,490 triples · 217 chunks · 116,501,007,769 bytes read
  Partitioned compression: HG005_GRCh38_1_22_v4.2.1_benchmark: hdt-chunks started — 216 chunks · hdt-build-00216
  Partitioned compression: HG005_GRCh38_1_22_v4.2.1_benchmark: hdt-chunks complete — 217 chunks · hdt-build-00216
  Partitioned compression: HG005_GRCh38_1_22_v4.2.1_benchmark: rdf-scan heartbeat — 642,207,313 triples · 116,501,159,195 bytes read
  Partitioned compression: HG005_GRCh38_1_22_v4.2.1_benchmark: rdf-scan heartbeat — 642,571,616 triples · 116,568,268,076 bytes read
  Partitioned compression: HG005_GRCh38_1_22_v4.2.1_benchmark: rdf-scan heartbeat — 642,936,286 triples · 116,635,377,090 bytes read
  Partitioned compression: HG005_GRCh38_1_22_v4.2.1_benchmark: rdf-scan heartbeat — 643,300,649 triples · 116,702,486,077 bytes read
  Partitioned compression: HG005_GRCh38_1_22_v4.2.1_benchmark: rdf-scan heartbeat — 643,665,201 triples · 116,769,594,965 bytes read
  Partitioned compression: HG005_GRCh38_1_22_v4.2.1_benchmark: rdf-scan heartbeat — 644,029,783 triples · 116,836,704,192 bytes read
  Partitioned compression: HG005_GRCh38_1_22_v4.2.1_benchmark: rdf-scan heartbeat — 644,394,547 triples · 116,903,813,214 bytes read
  Partitioned compression: HG005_GRCh38_1_22_v4.2.1_benchmark: rdf-scan heartbeat — 644,759,459 triples · 116,970,922,128 bytes read
  Partitioned compression: HG005_GRCh38_1_22_v4.2.1_benchmark: rdf-scan chunk — 645,123,260 triples · 218 chunks · 117,037,878,799 bytes read
  Partitioned compression: HG005_GRCh38_1_22_v4.2.1_benchmark: hdt-chunks started — 217 chunks · hdt-build-00217
  Partitioned compression: HG005_GRCh38_1_22_v4.2.1_benchmark: hdt-chunks complete — 218 chunks · hdt-build-00217
  Partitioned compression: HG005_GRCh38_1_22_v4.2.1_benchmark: rdf-scan heartbeat — 645,124,086 triples · 117,038,031,117 bytes read
  Partitioned compression: HG005_GRCh38_1_22_v4.2.1_benchmark: rdf-scan heartbeat — 645,488,583 triples · 117,105,140,098 bytes read
  Partitioned compression: HG005_GRCh38_1_22_v4.2.1_benchmark: rdf-scan heartbeat — 645,853,229 triples · 117,172,249,088 bytes read
  Partitioned compression: HG005_GRCh38_1_22_v4.2.1_benchmark: rdf-scan heartbeat — 646,217,795 triples · 117,239,358,135 bytes read
  Partitioned compression: HG005_GRCh38_1_22_v4.2.1_benchmark: rdf-scan heartbeat — 646,582,500 triples · 117,306,467,030 bytes read
  Partitioned compression: HG005_GRCh38_1_22_v4.2.1_benchmark: rdf-scan heartbeat — 646,947,076 triples · 117,373,575,968 bytes read
  Partitioned compression: HG005_GRCh38_1_22_v4.2.1_benchmark: rdf-scan heartbeat — 647,311,605 triples · 117,440,684,954 bytes read
  Partitioned compression: HG005_GRCh38_1_22_v4.2.1_benchmark: rdf-scan heartbeat — 647,676,115 triples · 117,507,793,897 bytes read
  Partitioned compression: HG005_GRCh38_1_22_v4.2.1_benchmark: rdf-scan chunk — 648,039,878 triples · 219 chunks · 117,574,749,816 bytes read
  Partitioned compression: HG005_GRCh38_1_22_v4.2.1_benchmark: hdt-chunks started — 218 chunks · hdt-build-00218
  Partitioned compression: HG005_GRCh38_1_22_v4.2.1_benchmark: hdt-chunks complete — 219 chunks · hdt-build-00218
  Partitioned compression: HG005_GRCh38_1_22_v4.2.1_benchmark: rdf-scan heartbeat — 648,040,707 triples · 117,574,902,781 bytes read
  Partitioned compression: HG005_GRCh38_1_22_v4.2.1_benchmark: rdf-scan heartbeat — 648,405,525 triples · 117,642,011,655 bytes read
  Partitioned compression: HG005_GRCh38_1_22_v4.2.1_benchmark: rdf-scan heartbeat — 648,770,275 triples · 117,709,120,581 bytes read
  Partitioned compression: HG005_GRCh38_1_22_v4.2.1_benchmark: rdf-scan heartbeat — 649,135,055 triples · 117,776,229,580 bytes read
  Partitioned compression: HG005_GRCh38_1_22_v4.2.1_benchmark: rdf-scan heartbeat — 649,499,652 triples · 117,843,338,500 bytes read
  Partitioned compression: HG005_GRCh38_1_22_v4.2.1_benchmark: rdf-scan heartbeat — 649,864,300 triples · 117,910,447,427 bytes read
  Partitioned compression: HG005_GRCh38_1_22_v4.2.1_benchmark: rdf-scan heartbeat — 650,228,820 triples · 117,977,556,459 bytes read
  Partitioned compression: HG005_GRCh38_1_22_v4.2.1_benchmark: rdf-scan heartbeat — 650,593,409 triples · 118,044,665,350 bytes read
  Partitioned compression: HG005_GRCh38_1_22_v4.2.1_benchmark: rdf-scan chunk — 650,957,155 triples · 220 chunks · 118,111,620,907 bytes read
  Partitioned compression: HG005_GRCh38_1_22_v4.2.1_benchmark: hdt-chunks started — 219 chunks · hdt-build-00219
  Partitioned compression: HG005_GRCh38_1_22_v4.2.1_benchmark: hdt-chunks complete — 220 chunks · hdt-build-00219
  Partitioned compression: HG005_GRCh38_1_22_v4.2.1_benchmark: rdf-scan heartbeat — 650,957,988 triples · 118,111,774,386 bytes read
  Partitioned compression: HG005_GRCh38_1_22_v4.2.1_benchmark: rdf-scan heartbeat — 651,322,739 triples · 118,178,883,344 bytes read
  Partitioned compression: HG005_GRCh38_1_22_v4.2.1_benchmark: rdf-scan heartbeat — 651,687,441 triples · 118,245,992,284 bytes read
  Partitioned compression: HG005_GRCh38_1_22_v4.2.1_benchmark: rdf-scan heartbeat — 652,052,202 triples · 118,313,101,196 bytes read
  Partitioned compression: HG005_GRCh38_1_22_v4.2.1_benchmark: rdf-scan heartbeat — 652,416,741 triples · 118,380,210,208 bytes read
  Partitioned compression: HG005_GRCh38_1_22_v4.2.1_benchmark: rdf-scan heartbeat — 652,781,779 triples · 118,447,319,198 bytes read
  Partitioned compression: HG005_GRCh38_1_22_v4.2.1_benchmark: rdf-scan heartbeat — 653,146,563 triples · 118,514,428,164 bytes read
  Partitioned compression: HG005_GRCh38_1_22_v4.2.1_benchmark: rdf-scan heartbeat — 653,511,542 triples · 118,581,537,182 bytes read
  Partitioned compression: HG005_GRCh38_1_22_v4.2.1_benchmark: rdf-scan chunk — 653,876,084 triples · 221 chunks · 118,648,491,958 bytes read
  Partitioned compression: HG005_GRCh38_1_22_v4.2.1_benchmark: hdt-chunks started — 220 chunks · hdt-build-00220
  Partitioned compression: HG005_GRCh38_1_22_v4.2.1_benchmark: hdt-chunks complete — 221 chunks · hdt-build-00220
  Partitioned compression: HG005_GRCh38_1_22_v4.2.1_benchmark: rdf-scan heartbeat — 653,876,926 triples · 118,648,646,097 bytes read
  Partitioned compression: HG005_GRCh38_1_22_v4.2.1_benchmark: rdf-scan heartbeat — 654,241,932 triples · 118,715,755,102 bytes read
  Partitioned compression: HG005_GRCh38_1_22_v4.2.1_benchmark: rdf-scan heartbeat — 654,606,607 triples · 118,782,864,081 bytes read
  Partitioned compression: HG005_GRCh38_1_22_v4.2.1_benchmark: rdf-scan heartbeat — 654,971,535 triples · 118,849,973,005 bytes read
  Partitioned compression: HG005_GRCh38_1_22_v4.2.1_benchmark: rdf-scan heartbeat — 655,336,202 triples · 118,917,081,976 bytes read
  Partitioned compression: HG005_GRCh38_1_22_v4.2.1_benchmark: rdf-scan heartbeat — 655,701,061 triples · 118,984,190,853 bytes read
  Partitioned compression: HG005_GRCh38_1_22_v4.2.1_benchmark: rdf-scan heartbeat — 656,065,934 triples · 119,051,299,887 bytes read
  Partitioned compression: HG005_GRCh38_1_22_v4.2.1_benchmark: rdf-scan heartbeat — 656,430,826 triples · 119,118,408,755 bytes read
  Partitioned compression: HG005_GRCh38_1_22_v4.2.1_benchmark: rdf-scan chunk — 656,794,776 triples · 222 chunks · 119,185,362,980 bytes read
  Partitioned compression: HG005_GRCh38_1_22_v4.2.1_benchmark: hdt-chunks started — 221 chunks · hdt-build-00221
  Partitioned compression: HG005_GRCh38_1_22_v4.2.1_benchmark: hdt-chunks complete — 222 chunks · hdt-build-00221
  Partitioned compression: HG005_GRCh38_1_22_v4.2.1_benchmark: rdf-scan heartbeat — 656,795,619 triples · 119,185,517,754 bytes read
  Partitioned compression: HG005_GRCh38_1_22_v4.2.1_benchmark: rdf-scan heartbeat — 657,160,358 triples · 119,252,626,790 bytes read
  Partitioned compression: HG005_GRCh38_1_22_v4.2.1_benchmark: rdf-scan chunk — 657,425,805 triples · 223 chunks · 119,301,436,928 bytes read
  Partitioned compression: HG005_GRCh38_1_22_v4.2.1_benchmark: hdt-chunks started — 222 chunks · hdt-build-00222
  Partitioned compression: HG005_GRCh38_1_22_v4.2.1_benchmark: hdt-chunks complete — 223 chunks · hdt-build-00222
  Partitioned compression: HG005_GRCh38_1_22_v4.2.1_benchmark: rdf-scan complete — 657,425,805 triples · 223 chunks
  Partitioned compression: HG005_GRCh38_1_22_v4.2.1_benchmark: hdt-chunks complete — 223 chunks
  Partitioned compression: HG005_GRCh38_1_22_v4.2.1_benchmark: hdt-merge started — hdt-merge-r01-00000
  Partitioned compression: HG005_GRCh38_1_22_v4.2.1_benchmark: hdt-merge complete — hdt-merge-r01-00000
  Partitioned compression: HG005_GRCh38_1_22_v4.2.1_benchmark: hdt-merge started — hdt-merge-r01-00001
  Partitioned compression: HG005_GRCh38_1_22_v4.2.1_benchmark: hdt-merge complete — hdt-merge-r01-00001
  Partitioned compression: HG005_GRCh38_1_22_v4.2.1_benchmark: hdt-merge started — hdt-merge-r01-00002
  Partitioned compression: HG005_GRCh38_1_22_v4.2.1_benchmark: hdt-merge complete — hdt-merge-r01-00002
  Partitioned compression: HG005_GRCh38_1_22_v4.2.1_benchmark: hdt-merge started — hdt-merge-r01-00003
  Partitioned compression: HG005_GRCh38_1_22_v4.2.1_benchmark: hdt-merge complete — hdt-merge-r01-00003
  Partitioned compression: HG005_GRCh38_1_22_v4.2.1_benchmark: hdt-merge started — hdt-merge-r01-00004
  Partitioned compression: HG005_GRCh38_1_22_v4.2.1_benchmark: hdt-merge complete — hdt-merge-r01-00004
  Partitioned compression: HG005_GRCh38_1_22_v4.2.1_benchmark: hdt-merge started — hdt-merge-r01-00005
  Partitioned compression: HG005_GRCh38_1_22_v4.2.1_benchmark: hdt-merge complete — hdt-merge-r01-00005
  Partitioned compression: HG005_GRCh38_1_22_v4.2.1_benchmark: hdt-merge started — hdt-merge-r01-00006
  Partitioned compression: HG005_GRCh38_1_22_v4.2.1_benchmark: hdt-merge complete — hdt-merge-r01-00006
  Partitioned compression: HG005_GRCh38_1_22_v4.2.1_benchmark: hdt-merge started — hdt-merge-r01-00007
  Partitioned compression: HG005_GRCh38_1_22_v4.2.1_benchmark: hdt-merge complete — hdt-merge-r01-00007
  Partitioned compression: HG005_GRCh38_1_22_v4.2.1_benchmark: hdt-merge started — hdt-merge-r01-00008
  Partitioned compression: HG005_GRCh38_1_22_v4.2.1_benchmark: hdt-merge complete — hdt-merge-r01-00008
  Partitioned compression: HG005_GRCh38_1_22_v4.2.1_benchmark: hdt-merge started — hdt-merge-r01-00009
  Partitioned compression: HG005_GRCh38_1_22_v4.2.1_benchmark: hdt-merge complete — hdt-merge-r01-00009
  Partitioned compression: HG005_GRCh38_1_22_v4.2.1_benchmark: hdt-merge started — hdt-merge-r01-00010
  Partitioned compression: HG005_GRCh38_1_22_v4.2.1_benchmark: hdt-merge complete — hdt-merge-r01-00010
  Partitioned compression: HG005_GRCh38_1_22_v4.2.1_benchmark: hdt-merge started — hdt-merge-r01-00011
  Partitioned compression: HG005_GRCh38_1_22_v4.2.1_benchmark: hdt-merge complete — hdt-merge-r01-00011
  Partitioned compression: HG005_GRCh38_1_22_v4.2.1_benchmark: hdt-merge started — hdt-merge-r01-00012
  Partitioned compression: HG005_GRCh38_1_22_v4.2.1_benchmark: hdt-merge complete — hdt-merge-r01-00012
  Partitioned compression: HG005_GRCh38_1_22_v4.2.1_benchmark: hdt-merge started — hdt-merge-r01-00013
  Partitioned compression: HG005_GRCh38_1_22_v4.2.1_benchmark: hdt-merge complete — hdt-merge-r01-00013
  Partitioned compression: HG005_GRCh38_1_22_v4.2.1_benchmark: hdt-merge started — hdt-merge-r01-00014
  Partitioned compression: HG005_GRCh38_1_22_v4.2.1_benchmark: hdt-merge complete — hdt-merge-r01-00014
  Partitioned compression: HG005_GRCh38_1_22_v4.2.1_benchmark: hdt-merge started — hdt-merge-r01-00015
  Partitioned compression: HG005_GRCh38_1_22_v4.2.1_benchmark: hdt-merge complete — hdt-merge-r01-00015
  Partitioned compression: HG005_GRCh38_1_22_v4.2.1_benchmark: hdt-merge started — hdt-merge-r01-00016
  Partitioned compression: HG005_GRCh38_1_22_v4.2.1_benchmark: hdt-merge complete — hdt-merge-r01-00016
  Partitioned compression: HG005_GRCh38_1_22_v4.2.1_benchmark: hdt-merge started — hdt-merge-r01-00017
  Partitioned compression: HG005_GRCh38_1_22_v4.2.1_benchmark: hdt-merge complete — hdt-merge-r01-00017
  Partitioned compression: HG005_GRCh38_1_22_v4.2.1_benchmark: hdt-merge started — hdt-merge-r01-00018
  Partitioned compression: HG005_GRCh38_1_22_v4.2.1_benchmark: hdt-merge complete — hdt-merge-r01-00018
  Partitioned compression: HG005_GRCh38_1_22_v4.2.1_benchmark: hdt-merge started — hdt-merge-r01-00019
  Partitioned compression: HG005_GRCh38_1_22_v4.2.1_benchmark: hdt-merge complete — hdt-merge-r01-00019
  Partitioned compression: HG005_GRCh38_1_22_v4.2.1_benchmark: hdt-merge started — hdt-merge-r01-00020
  Partitioned compression: HG005_GRCh38_1_22_v4.2.1_benchmark: hdt-merge complete — hdt-merge-r01-00020
  Partitioned compression: HG005_GRCh38_1_22_v4.2.1_benchmark: hdt-merge started — hdt-merge-r01-00021
  Partitioned compression: HG005_GRCh38_1_22_v4.2.1_benchmark: hdt-merge complete — hdt-merge-r01-00021
  Partitioned compression: HG005_GRCh38_1_22_v4.2.1_benchmark: hdt-merge started — hdt-merge-r01-00022
  Partitioned compression: HG005_GRCh38_1_22_v4.2.1_benchmark: hdt-merge complete — hdt-merge-r01-00022
  Partitioned compression: HG005_GRCh38_1_22_v4.2.1_benchmark: hdt-merge started — hdt-merge-r01-00023
  Partitioned compression: HG005_GRCh38_1_22_v4.2.1_benchmark: hdt-merge complete — hdt-merge-r01-00023
  Partitioned compression: HG005_GRCh38_1_22_v4.2.1_benchmark: hdt-merge started — hdt-merge-r01-00024
  Partitioned compression: HG005_GRCh38_1_22_v4.2.1_benchmark: hdt-merge complete — hdt-merge-r01-00024
  Partitioned compression: HG005_GRCh38_1_22_v4.2.1_benchmark: hdt-merge started — hdt-merge-r01-00025
  Partitioned compression: HG005_GRCh38_1_22_v4.2.1_benchmark: hdt-merge complete — hdt-merge-r01-00025
  Partitioned compression: HG005_GRCh38_1_22_v4.2.1_benchmark: hdt-merge started — hdt-merge-r01-00026
  Partitioned compression: HG005_GRCh38_1_22_v4.2.1_benchmark: hdt-merge complete — hdt-merge-r01-00026
  Partitioned compression: HG005_GRCh38_1_22_v4.2.1_benchmark: hdt-merge started — hdt-merge-r01-00027
  Partitioned compression: HG005_GRCh38_1_22_v4.2.1_benchmark: hdt-merge complete — hdt-merge-r01-00027
  Partitioned compression: HG005_GRCh38_1_22_v4.2.1_benchmark: hdt-merge started — hdt-merge-r01-00028
  Partitioned compression: HG005_GRCh38_1_22_v4.2.1_benchmark: hdt-merge complete — hdt-merge-r01-00028
  Partitioned compression: HG005_GRCh38_1_22_v4.2.1_benchmark: hdt-merge started — hdt-merge-r01-00029
  Partitioned compression: HG005_GRCh38_1_22_v4.2.1_benchmark: hdt-merge complete — hdt-merge-r01-00029
  Partitioned compression: HG005_GRCh38_1_22_v4.2.1_benchmark: hdt-merge started — hdt-merge-r01-00030
  Partitioned compression: HG005_GRCh38_1_22_v4.2.1_benchmark: hdt-merge complete — hdt-merge-r01-00030
  Partitioned compression: HG005_GRCh38_1_22_v4.2.1_benchmark: hdt-merge started — hdt-merge-r01-00031
  Partitioned compression: HG005_GRCh38_1_22_v4.2.1_benchmark: hdt-merge complete — hdt-merge-r01-00031
  Partitioned compression: HG005_GRCh38_1_22_v4.2.1_benchmark: hdt-merge started — hdt-merge-r01-00032
  Partitioned compression: HG005_GRCh38_1_22_v4.2.1_benchmark: hdt-merge complete — hdt-merge-r01-00032
  Partitioned compression: HG005_GRCh38_1_22_v4.2.1_benchmark: hdt-merge started — hdt-merge-r01-00033
  Partitioned compression: HG005_GRCh38_1_22_v4.2.1_benchmark: hdt-merge complete — hdt-merge-r01-00033
  Partitioned compression: HG005_GRCh38_1_22_v4.2.1_benchmark: hdt-merge started — hdt-merge-r01-00034
  Partitioned compression: HG005_GRCh38_1_22_v4.2.1_benchmark: hdt-merge complete — hdt-merge-r01-00034
  Partitioned compression: HG005_GRCh38_1_22_v4.2.1_benchmark: hdt-merge started — hdt-merge-r01-00035
  Partitioned compression: HG005_GRCh38_1_22_v4.2.1_benchmark: hdt-merge complete — hdt-merge-r01-00035
  Partitioned compression: HG005_GRCh38_1_22_v4.2.1_benchmark: hdt-merge started — hdt-merge-r01-00036
  Partitioned compression: HG005_GRCh38_1_22_v4.2.1_benchmark: hdt-merge complete — hdt-merge-r01-00036
  Partitioned compression: HG005_GRCh38_1_22_v4.2.1_benchmark: hdt-merge started — hdt-merge-r01-00037
  Partitioned compression: HG005_GRCh38_1_22_v4.2.1_benchmark: hdt-merge complete — hdt-merge-r01-00037
  Partitioned compression: HG005_GRCh38_1_22_v4.2.1_benchmark: hdt-merge started — hdt-merge-r01-00038
  Partitioned compression: HG005_GRCh38_1_22_v4.2.1_benchmark: hdt-merge complete — hdt-merge-r01-00038
  Partitioned compression: HG005_GRCh38_1_22_v4.2.1_benchmark: hdt-merge started — hdt-merge-r01-00039
  Partitioned compression: HG005_GRCh38_1_22_v4.2.1_benchmark: hdt-merge complete — hdt-merge-r01-00039
  Partitioned compression: HG005_GRCh38_1_22_v4.2.1_benchmark: hdt-merge started — hdt-merge-r01-00040
  Partitioned compression: HG005_GRCh38_1_22_v4.2.1_benchmark: hdt-merge complete — hdt-merge-r01-00040
  Partitioned compression: HG005_GRCh38_1_22_v4.2.1_benchmark: hdt-merge started — hdt-merge-r01-00041
  Partitioned compression: HG005_GRCh38_1_22_v4.2.1_benchmark: hdt-merge complete — hdt-merge-r01-00041
  Partitioned compression: HG005_GRCh38_1_22_v4.2.1_benchmark: hdt-merge started — hdt-merge-r01-00042
  Partitioned compression: HG005_GRCh38_1_22_v4.2.1_benchmark: hdt-merge complete — hdt-merge-r01-00042
  Partitioned compression: HG005_GRCh38_1_22_v4.2.1_benchmark: hdt-merge started — hdt-merge-r01-00043
  Partitioned compression: HG005_GRCh38_1_22_v4.2.1_benchmark: hdt-merge complete — hdt-merge-r01-00043
  Partitioned compression: HG005_GRCh38_1_22_v4.2.1_benchmark: hdt-merge started — hdt-merge-r01-00044
  Partitioned compression: HG005_GRCh38_1_22_v4.2.1_benchmark: hdt-merge complete — hdt-merge-r01-00044
  Partitioned compression: HG005_GRCh38_1_22_v4.2.1_benchmark: hdt-merge started — hdt-merge-r01-00045
  Partitioned compression: HG005_GRCh38_1_22_v4.2.1_benchmark: hdt-merge complete — hdt-merge-r01-00045
  Partitioned compression: HG005_GRCh38_1_22_v4.2.1_benchmark: hdt-merge started — hdt-merge-r01-00046
  Partitioned compression: HG005_GRCh38_1_22_v4.2.1_benchmark: hdt-merge complete — hdt-merge-r01-00046
  Partitioned compression: HG005_GRCh38_1_22_v4.2.1_benchmark: hdt-merge started — hdt-merge-r01-00047
  Partitioned compression: HG005_GRCh38_1_22_v4.2.1_benchmark: hdt-merge complete — hdt-merge-r01-00047
  Partitioned compression: HG005_GRCh38_1_22_v4.2.1_benchmark: hdt-merge started — hdt-merge-r01-00048
  Partitioned compression: HG005_GRCh38_1_22_v4.2.1_benchmark: hdt-merge complete — hdt-merge-r01-00048
  Partitioned compression: HG005_GRCh38_1_22_v4.2.1_benchmark: hdt-merge started — hdt-merge-r01-00049
  Partitioned compression: HG005_GRCh38_1_22_v4.2.1_benchmark: hdt-merge complete — hdt-merge-r01-00049
  Partitioned compression: HG005_GRCh38_1_22_v4.2.1_benchmark: hdt-merge started — hdt-merge-r01-00050
  Partitioned compression: HG005_GRCh38_1_22_v4.2.1_benchmark: hdt-merge complete — hdt-merge-r01-00050
  Partitioned compression: HG005_GRCh38_1_22_v4.2.1_benchmark: hdt-merge started — hdt-merge-r01-00051
  Partitioned compression: HG005_GRCh38_1_22_v4.2.1_benchmark: hdt-merge complete — hdt-merge-r01-00051
  Partitioned compression: HG005_GRCh38_1_22_v4.2.1_benchmark: hdt-merge started — hdt-merge-r01-00052
  Partitioned compression: HG005_GRCh38_1_22_v4.2.1_benchmark: hdt-merge complete — hdt-merge-r01-00052
  Partitioned compression: HG005_GRCh38_1_22_v4.2.1_benchmark: hdt-merge started — hdt-merge-r01-00053
  Partitioned compression: HG005_GRCh38_1_22_v4.2.1_benchmark: hdt-merge complete — hdt-merge-r01-00053
  Partitioned compression: HG005_GRCh38_1_22_v4.2.1_benchmark: hdt-merge started — hdt-merge-r01-00054
  Partitioned compression: HG005_GRCh38_1_22_v4.2.1_benchmark: hdt-merge complete — hdt-merge-r01-00054
  Partitioned compression: HG005_GRCh38_1_22_v4.2.1_benchmark: hdt-merge started — hdt-merge-r01-00055
  Partitioned compression: HG005_GRCh38_1_22_v4.2.1_benchmark: hdt-merge complete — hdt-merge-r01-00055
  Partitioned compression: HG005_GRCh38_1_22_v4.2.1_benchmark: hdt-merge started — hdt-merge-r01-00056
  Partitioned compression: HG005_GRCh38_1_22_v4.2.1_benchmark: hdt-merge complete — hdt-merge-r01-00056
  Partitioned compression: HG005_GRCh38_1_22_v4.2.1_benchmark: hdt-merge started — hdt-merge-r01-00057
  Partitioned compression: HG005_GRCh38_1_22_v4.2.1_benchmark: hdt-merge complete — hdt-merge-r01-00057
  Partitioned compression: HG005_GRCh38_1_22_v4.2.1_benchmark: hdt-merge started — hdt-merge-r01-00058
  Partitioned compression: HG005_GRCh38_1_22_v4.2.1_benchmark: hdt-merge complete — hdt-merge-r01-00058
  Partitioned compression: HG005_GRCh38_1_22_v4.2.1_benchmark: hdt-merge started — hdt-merge-r01-00059
  Partitioned compression: HG005_GRCh38_1_22_v4.2.1_benchmark: hdt-merge complete — hdt-merge-r01-00059
  Partitioned compression: HG005_GRCh38_1_22_v4.2.1_benchmark: hdt-merge started — hdt-merge-r01-00060
  Partitioned compression: HG005_GRCh38_1_22_v4.2.1_benchmark: hdt-merge complete — hdt-merge-r01-00060
  Partitioned compression: HG005_GRCh38_1_22_v4.2.1_benchmark: hdt-merge started — hdt-merge-r01-00061
  Partitioned compression: HG005_GRCh38_1_22_v4.2.1_benchmark: hdt-merge complete — hdt-merge-r01-00061
  Partitioned compression: HG005_GRCh38_1_22_v4.2.1_benchmark: hdt-merge started — hdt-merge-r01-00062
  Partitioned compression: HG005_GRCh38_1_22_v4.2.1_benchmark: hdt-merge complete — hdt-merge-r01-00062
  Partitioned compression: HG005_GRCh38_1_22_v4.2.1_benchmark: hdt-merge started — hdt-merge-r01-00063
  Partitioned compression: HG005_GRCh38_1_22_v4.2.1_benchmark: hdt-merge complete — hdt-merge-r01-00063
  Partitioned compression: HG005_GRCh38_1_22_v4.2.1_benchmark: hdt-merge started — hdt-merge-r01-00064
  Partitioned compression: HG005_GRCh38_1_22_v4.2.1_benchmark: hdt-merge complete — hdt-merge-r01-00064
  Partitioned compression: HG005_GRCh38_1_22_v4.2.1_benchmark: hdt-merge started — hdt-merge-r01-00065
  Partitioned compression: HG005_GRCh38_1_22_v4.2.1_benchmark: hdt-merge complete — hdt-merge-r01-00065
  Partitioned compression: HG005_GRCh38_1_22_v4.2.1_benchmark: hdt-merge started — hdt-merge-r01-00066
  Partitioned compression: HG005_GRCh38_1_22_v4.2.1_benchmark: hdt-merge complete — hdt-merge-r01-00066
  Partitioned compression: HG005_GRCh38_1_22_v4.2.1_benchmark: hdt-merge started — hdt-merge-r01-00067
  Partitioned compression: HG005_GRCh38_1_22_v4.2.1_benchmark: hdt-merge complete — hdt-merge-r01-00067
  Partitioned compression: HG005_GRCh38_1_22_v4.2.1_benchmark: hdt-merge started — hdt-merge-r01-00068
  Partitioned compression: HG005_GRCh38_1_22_v4.2.1_benchmark: hdt-merge complete — hdt-merge-r01-00068
  Partitioned compression: HG005_GRCh38_1_22_v4.2.1_benchmark: hdt-merge started — hdt-merge-r01-00069
  Partitioned compression: HG005_GRCh38_1_22_v4.2.1_benchmark: hdt-merge complete — hdt-merge-r01-00069
  Partitioned compression: HG005_GRCh38_1_22_v4.2.1_benchmark: hdt-merge started — hdt-merge-r01-00070
  Partitioned compression: HG005_GRCh38_1_22_v4.2.1_benchmark: hdt-merge complete — hdt-merge-r01-00070
  Partitioned compression: HG005_GRCh38_1_22_v4.2.1_benchmark: hdt-merge started — hdt-merge-r01-00071
  Partitioned compression: HG005_GRCh38_1_22_v4.2.1_benchmark: hdt-merge complete — hdt-merge-r01-00071
  Partitioned compression: HG005_GRCh38_1_22_v4.2.1_benchmark: hdt-merge started — hdt-merge-r01-00072
  Partitioned compression: HG005_GRCh38_1_22_v4.2.1_benchmark: hdt-merge complete — hdt-merge-r01-00072
  Partitioned compression: HG005_GRCh38_1_22_v4.2.1_benchmark: hdt-merge started — hdt-merge-r01-00073
  Partitioned compression: HG005_GRCh38_1_22_v4.2.1_benchmark: hdt-merge complete — hdt-merge-r01-00073
  Partitioned compression: HG005_GRCh38_1_22_v4.2.1_benchmark: hdt-merge started — hdt-merge-r01-00074
  Partitioned compression: HG005_GRCh38_1_22_v4.2.1_benchmark: hdt-merge complete — hdt-merge-r01-00074
  Partitioned compression: HG005_GRCh38_1_22_v4.2.1_benchmark: hdt-merge started — hdt-merge-r01-00075
  Partitioned compression: HG005_GRCh38_1_22_v4.2.1_benchmark: hdt-merge complete — hdt-merge-r01-00075
  Partitioned compression: HG005_GRCh38_1_22_v4.2.1_benchmark: hdt-merge started — hdt-merge-r01-00076
  Partitioned compression: HG005_GRCh38_1_22_v4.2.1_benchmark: hdt-merge complete — hdt-merge-r01-00076
  Partitioned compression: HG005_GRCh38_1_22_v4.2.1_benchmark: hdt-merge started — hdt-merge-r01-00077
  Partitioned compression: HG005_GRCh38_1_22_v4.2.1_benchmark: hdt-merge complete — hdt-merge-r01-00077
  Partitioned compression: HG005_GRCh38_1_22_v4.2.1_benchmark: hdt-merge started — hdt-merge-r01-00078
  Partitioned compression: HG005_GRCh38_1_22_v4.2.1_benchmark: hdt-merge complete — hdt-merge-r01-00078
  Partitioned compression: HG005_GRCh38_1_22_v4.2.1_benchmark: hdt-merge started — hdt-merge-r01-00079
  Partitioned compression: HG005_GRCh38_1_22_v4.2.1_benchmark: hdt-merge complete — hdt-merge-r01-00079
  Partitioned compression: HG005_GRCh38_1_22_v4.2.1_benchmark: hdt-merge started — hdt-merge-r01-00080
  Partitioned compression: HG005_GRCh38_1_22_v4.2.1_benchmark: hdt-merge complete — hdt-merge-r01-00080
  Partitioned compression: HG005_GRCh38_1_22_v4.2.1_benchmark: hdt-merge started — hdt-merge-r01-00081
  Partitioned compression: HG005_GRCh38_1_22_v4.2.1_benchmark: hdt-merge complete — hdt-merge-r01-00081
  Partitioned compression: HG005_GRCh38_1_22_v4.2.1_benchmark: hdt-merge started — hdt-merge-r01-00082
  Partitioned compression: HG005_GRCh38_1_22_v4.2.1_benchmark: hdt-merge complete — hdt-merge-r01-00082
  Partitioned compression: HG005_GRCh38_1_22_v4.2.1_benchmark: hdt-merge started — hdt-merge-r01-00083
  Partitioned compression: HG005_GRCh38_1_22_v4.2.1_benchmark: hdt-merge complete — hdt-merge-r01-00083
  Partitioned compression: HG005_GRCh38_1_22_v4.2.1_benchmark: hdt-merge started — hdt-merge-r01-00084
  Partitioned compression: HG005_GRCh38_1_22_v4.2.1_benchmark: hdt-merge complete — hdt-merge-r01-00084
  Partitioned compression: HG005_GRCh38_1_22_v4.2.1_benchmark: hdt-merge started — hdt-merge-r01-00085
  Partitioned compression: HG005_GRCh38_1_22_v4.2.1_benchmark: hdt-merge complete — hdt-merge-r01-00085
  Partitioned compression: HG005_GRCh38_1_22_v4.2.1_benchmark: hdt-merge started — hdt-merge-r01-00086
  Partitioned compression: HG005_GRCh38_1_22_v4.2.1_benchmark: hdt-merge complete — hdt-merge-r01-00086
  Partitioned compression: HG005_GRCh38_1_22_v4.2.1_benchmark: hdt-merge started — hdt-merge-r01-00087
  Partitioned compression: HG005_GRCh38_1_22_v4.2.1_benchmark: hdt-merge complete — hdt-merge-r01-00087
  Partitioned compression: HG005_GRCh38_1_22_v4.2.1_benchmark: hdt-merge started — hdt-merge-r01-00088
  Partitioned compression: HG005_GRCh38_1_22_v4.2.1_benchmark: hdt-merge complete — hdt-merge-r01-00088
  Partitioned compression: HG005_GRCh38_1_22_v4.2.1_benchmark: hdt-merge started — hdt-merge-r01-00089
  Partitioned compression: HG005_GRCh38_1_22_v4.2.1_benchmark: hdt-merge complete — hdt-merge-r01-00089
  Partitioned compression: HG005_GRCh38_1_22_v4.2.1_benchmark: hdt-merge started — hdt-merge-r01-00090
  Partitioned compression: HG005_GRCh38_1_22_v4.2.1_benchmark: hdt-merge complete — hdt-merge-r01-00090
  Partitioned compression: HG005_GRCh38_1_22_v4.2.1_benchmark: hdt-merge started — hdt-merge-r01-00091
  Partitioned compression: HG005_GRCh38_1_22_v4.2.1_benchmark: hdt-merge complete — hdt-merge-r01-00091
  Partitioned compression: HG005_GRCh38_1_22_v4.2.1_benchmark: hdt-merge started — hdt-merge-r01-00092
  Partitioned compression: HG005_GRCh38_1_22_v4.2.1_benchmark: hdt-merge complete — hdt-merge-r01-00092
  Partitioned compression: HG005_GRCh38_1_22_v4.2.1_benchmark: hdt-merge started — hdt-merge-r01-00093
  Partitioned compression: HG005_GRCh38_1_22_v4.2.1_benchmark: hdt-merge complete — hdt-merge-r01-00093
  Partitioned compression: HG005_GRCh38_1_22_v4.2.1_benchmark: hdt-merge started — hdt-merge-r01-00094
  Partitioned compression: HG005_GRCh38_1_22_v4.2.1_benchmark: hdt-merge complete — hdt-merge-r01-00094
  Partitioned compression: HG005_GRCh38_1_22_v4.2.1_benchmark: hdt-merge started — hdt-merge-r01-00095
  Partitioned compression: HG005_GRCh38_1_22_v4.2.1_benchmark: hdt-merge complete — hdt-merge-r01-00095
  Partitioned compression: HG005_GRCh38_1_22_v4.2.1_benchmark: hdt-merge started — hdt-merge-r01-00096
  Partitioned compression: HG005_GRCh38_1_22_v4.2.1_benchmark: hdt-merge complete — hdt-merge-r01-00096
  Partitioned compression: HG005_GRCh38_1_22_v4.2.1_benchmark: hdt-merge started — hdt-merge-r01-00097
  Partitioned compression: HG005_GRCh38_1_22_v4.2.1_benchmark: hdt-merge complete — hdt-merge-r01-00097
  Partitioned compression: HG005_GRCh38_1_22_v4.2.1_benchmark: hdt-merge started — hdt-merge-r01-00098
  Partitioned compression: HG005_GRCh38_1_22_v4.2.1_benchmark: hdt-merge complete — hdt-merge-r01-00098
  Partitioned compression: HG005_GRCh38_1_22_v4.2.1_benchmark: hdt-merge started — hdt-merge-r01-00099
  Partitioned compression: HG005_GRCh38_1_22_v4.2.1_benchmark: hdt-merge complete — hdt-merge-r01-00099
  Partitioned compression: HG005_GRCh38_1_22_v4.2.1_benchmark: hdt-merge started — hdt-merge-r01-00100
  Partitioned compression: HG005_GRCh38_1_22_v4.2.1_benchmark: hdt-merge complete — hdt-merge-r01-00100
  Partitioned compression: HG005_GRCh38_1_22_v4.2.1_benchmark: hdt-merge started — hdt-merge-r01-00101
  Partitioned compression: HG005_GRCh38_1_22_v4.2.1_benchmark: hdt-merge complete — hdt-merge-r01-00101
  Partitioned compression: HG005_GRCh38_1_22_v4.2.1_benchmark: hdt-merge started — hdt-merge-r01-00102
  Partitioned compression: HG005_GRCh38_1_22_v4.2.1_benchmark: hdt-merge complete — hdt-merge-r01-00102
  Partitioned compression: HG005_GRCh38_1_22_v4.2.1_benchmark: hdt-merge started — hdt-merge-r01-00103
  Partitioned compression: HG005_GRCh38_1_22_v4.2.1_benchmark: hdt-merge complete — hdt-merge-r01-00103
  Partitioned compression: HG005_GRCh38_1_22_v4.2.1_benchmark: hdt-merge started — hdt-merge-r01-00104
  Partitioned compression: HG005_GRCh38_1_22_v4.2.1_benchmark: hdt-merge complete — hdt-merge-r01-00104
  Partitioned compression: HG005_GRCh38_1_22_v4.2.1_benchmark: hdt-merge started — hdt-merge-r01-00105
  Partitioned compression: HG005_GRCh38_1_22_v4.2.1_benchmark: hdt-merge complete — hdt-merge-r01-00105
  Partitioned compression: HG005_GRCh38_1_22_v4.2.1_benchmark: hdt-merge started — hdt-merge-r01-00106
  Partitioned compression: HG005_GRCh38_1_22_v4.2.1_benchmark: hdt-merge complete — hdt-merge-r01-00106
  Partitioned compression: HG005_GRCh38_1_22_v4.2.1_benchmark: hdt-merge started — hdt-merge-r01-00107
  Partitioned compression: HG005_GRCh38_1_22_v4.2.1_benchmark: hdt-merge complete — hdt-merge-r01-00107
  Partitioned compression: HG005_GRCh38_1_22_v4.2.1_benchmark: hdt-merge started — hdt-merge-r01-00108
  Partitioned compression: HG005_GRCh38_1_22_v4.2.1_benchmark: hdt-merge complete — hdt-merge-r01-00108
  Partitioned compression: HG005_GRCh38_1_22_v4.2.1_benchmark: hdt-merge started — hdt-merge-r01-00109
  Partitioned compression: HG005_GRCh38_1_22_v4.2.1_benchmark: hdt-merge complete — hdt-merge-r01-00109
  Partitioned compression: HG005_GRCh38_1_22_v4.2.1_benchmark: hdt-merge started — hdt-merge-r01-00110
  Partitioned compression: HG005_GRCh38_1_22_v4.2.1_benchmark: hdt-merge complete — hdt-merge-r01-00110
  Partitioned compression: HG005_GRCh38_1_22_v4.2.1_benchmark: hdt-merge started — hdt-merge-r02-00000
  Partitioned compression: HG005_GRCh38_1_22_v4.2.1_benchmark: hdt-merge complete — hdt-merge-r02-00000
  Partitioned compression: HG005_GRCh38_1_22_v4.2.1_benchmark: hdt-merge started — hdt-merge-r02-00001
  Partitioned compression: HG005_GRCh38_1_22_v4.2.1_benchmark: hdt-merge complete — hdt-merge-r02-00001
  Partitioned compression: HG005_GRCh38_1_22_v4.2.1_benchmark: hdt-merge started — hdt-merge-r02-00002
  Partitioned compression: HG005_GRCh38_1_22_v4.2.1_benchmark: hdt-merge complete — hdt-merge-r02-00002
  Partitioned compression: HG005_GRCh38_1_22_v4.2.1_benchmark: hdt-merge started — hdt-merge-r02-00003
  Partitioned compression: HG005_GRCh38_1_22_v4.2.1_benchmark: hdt-merge complete — hdt-merge-r02-00003
  Partitioned compression: HG005_GRCh38_1_22_v4.2.1_benchmark: hdt-merge started — hdt-merge-r02-00004
  Partitioned compression: HG005_GRCh38_1_22_v4.2.1_benchmark: hdt-merge complete — hdt-merge-r02-00004
  Partitioned compression: HG005_GRCh38_1_22_v4.2.1_benchmark: hdt-merge started — hdt-merge-r02-00005
  Partitioned compression: HG005_GRCh38_1_22_v4.2.1_benchmark: hdt-merge complete — hdt-merge-r02-00005
  Partitioned compression: HG005_GRCh38_1_22_v4.2.1_benchmark: hdt-merge started — hdt-merge-r02-00006
  Partitioned compression: HG005_GRCh38_1_22_v4.2.1_benchmark: hdt-merge complete — hdt-merge-r02-00006
  Partitioned compression: HG005_GRCh38_1_22_v4.2.1_benchmark: hdt-merge started — hdt-merge-r02-00007
  Partitioned compression: HG005_GRCh38_1_22_v4.2.1_benchmark: hdt-merge complete — hdt-merge-r02-00007
  Partitioned compression: HG005_GRCh38_1_22_v4.2.1_benchmark: hdt-merge started — hdt-merge-r02-00008
  Partitioned compression: HG005_GRCh38_1_22_v4.2.1_benchmark: hdt-merge complete — hdt-merge-r02-00008
  Partitioned compression: HG005_GRCh38_1_22_v4.2.1_benchmark: hdt-merge started — hdt-merge-r02-00009
  Partitioned compression: HG005_GRCh38_1_22_v4.2.1_benchmark: hdt-merge complete — hdt-merge-r02-00009
  Partitioned compression: HG005_GRCh38_1_22_v4.2.1_benchmark: hdt-merge started — hdt-merge-r02-00010
  Partitioned compression: HG005_GRCh38_1_22_v4.2.1_benchmark: hdt-merge complete — hdt-merge-r02-00010
  Partitioned compression: HG005_GRCh38_1_22_v4.2.1_benchmark: hdt-merge started — hdt-merge-r02-00011
  Partitioned compression: HG005_GRCh38_1_22_v4.2.1_benchmark: hdt-merge complete — hdt-merge-r02-00011
  Partitioned compression: HG005_GRCh38_1_22_v4.2.1_benchmark: hdt-merge started — hdt-merge-r02-00012
  Partitioned compression: HG005_GRCh38_1_22_v4.2.1_benchmark: hdt-merge complete — hdt-merge-r02-00012
  Partitioned compression: HG005_GRCh38_1_22_v4.2.1_benchmark: hdt-merge started — hdt-merge-r02-00013
  Partitioned compression: HG005_GRCh38_1_22_v4.2.1_benchmark: hdt-merge complete — hdt-merge-r02-00013
  Partitioned compression: HG005_GRCh38_1_22_v4.2.1_benchmark: hdt-merge started — hdt-merge-r02-00014
  Partitioned compression: HG005_GRCh38_1_22_v4.2.1_benchmark: hdt-merge complete — hdt-merge-r02-00014
  Partitioned compression: HG005_GRCh38_1_22_v4.2.1_benchmark: hdt-merge started — hdt-merge-r02-00015
  Partitioned compression: HG005_GRCh38_1_22_v4.2.1_benchmark: hdt-merge complete — hdt-merge-r02-00015
  Partitioned compression: HG005_GRCh38_1_22_v4.2.1_benchmark: hdt-merge started — hdt-merge-r02-00016
  Partitioned compression: HG005_GRCh38_1_22_v4.2.1_benchmark: hdt-merge complete — hdt-merge-r02-00016
  Partitioned compression: HG005_GRCh38_1_22_v4.2.1_benchmark: hdt-merge started — hdt-merge-r02-00017
  Partitioned compression: HG005_GRCh38_1_22_v4.2.1_benchmark: hdt-merge complete — hdt-merge-r02-00017
  Partitioned compression: HG005_GRCh38_1_22_v4.2.1_benchmark: hdt-merge started — hdt-merge-r02-00018
  Partitioned compression: HG005_GRCh38_1_22_v4.2.1_benchmark: hdt-merge complete — hdt-merge-r02-00018
  Partitioned compression: HG005_GRCh38_1_22_v4.2.1_benchmark: hdt-merge started — hdt-merge-r02-00019
  Partitioned compression: HG005_GRCh38_1_22_v4.2.1_benchmark: hdt-merge complete — hdt-merge-r02-00019
  Partitioned compression: HG005_GRCh38_1_22_v4.2.1_benchmark: hdt-merge started — hdt-merge-r02-00020
  Partitioned compression: HG005_GRCh38_1_22_v4.2.1_benchmark: hdt-merge complete — hdt-merge-r02-00020
  Partitioned compression: HG005_GRCh38_1_22_v4.2.1_benchmark: hdt-merge started — hdt-merge-r02-00021
  Partitioned compression: HG005_GRCh38_1_22_v4.2.1_benchmark: hdt-merge complete — hdt-merge-r02-00021
  Partitioned compression: HG005_GRCh38_1_22_v4.2.1_benchmark: hdt-merge started — hdt-merge-r02-00022
  Partitioned compression: HG005_GRCh38_1_22_v4.2.1_benchmark: hdt-merge complete — hdt-merge-r02-00022
  Partitioned compression: HG005_GRCh38_1_22_v4.2.1_benchmark: hdt-merge started — hdt-merge-r02-00023
  Partitioned compression: HG005_GRCh38_1_22_v4.2.1_benchmark: hdt-merge complete — hdt-merge-r02-00023
  Partitioned compression: HG005_GRCh38_1_22_v4.2.1_benchmark: hdt-merge started — hdt-merge-r02-00024
  Partitioned compression: HG005_GRCh38_1_22_v4.2.1_benchmark: hdt-merge complete — hdt-merge-r02-00024
  Partitioned compression: HG005_GRCh38_1_22_v4.2.1_benchmark: hdt-merge started — hdt-merge-r02-00025
  Partitioned compression: HG005_GRCh38_1_22_v4.2.1_benchmark: hdt-merge complete — hdt-merge-r02-00025
  Partitioned compression: HG005_GRCh38_1_22_v4.2.1_benchmark: hdt-merge started — hdt-merge-r02-00026
  Partitioned compression: HG005_GRCh38_1_22_v4.2.1_benchmark: hdt-merge complete — hdt-merge-r02-00026
  Partitioned compression: HG005_GRCh38_1_22_v4.2.1_benchmark: hdt-merge started — hdt-merge-r02-00027
  Partitioned compression: HG005_GRCh38_1_22_v4.2.1_benchmark: hdt-merge complete — hdt-merge-r02-00027
  Partitioned compression: HG005_GRCh38_1_22_v4.2.1_benchmark: hdt-merge started — hdt-merge-r02-00028
  Partitioned compression: HG005_GRCh38_1_22_v4.2.1_benchmark: hdt-merge complete — hdt-merge-r02-00028
  Partitioned compression: HG005_GRCh38_1_22_v4.2.1_benchmark: hdt-merge started — hdt-merge-r02-00029
  Partitioned compression: HG005_GRCh38_1_22_v4.2.1_benchmark: hdt-merge complete — hdt-merge-r02-00029
  Partitioned compression: HG005_GRCh38_1_22_v4.2.1_benchmark: hdt-merge started — hdt-merge-r02-00030
  Partitioned compression: HG005_GRCh38_1_22_v4.2.1_benchmark: hdt-merge complete — hdt-merge-r02-00030
  Partitioned compression: HG005_GRCh38_1_22_v4.2.1_benchmark: hdt-merge started — hdt-merge-r02-00031
  Partitioned compression: HG005_GRCh38_1_22_v4.2.1_benchmark: hdt-merge complete — hdt-merge-r02-00031
  Partitioned compression: HG005_GRCh38_1_22_v4.2.1_benchmark: hdt-merge started — hdt-merge-r02-00032
  Partitioned compression: HG005_GRCh38_1_22_v4.2.1_benchmark: hdt-merge complete — hdt-merge-r02-00032
  Partitioned compression: HG005_GRCh38_1_22_v4.2.1_benchmark: hdt-merge started — hdt-merge-r02-00033
  Partitioned compression: HG005_GRCh38_1_22_v4.2.1_benchmark: hdt-merge complete — hdt-merge-r02-00033
  Partitioned compression: HG005_GRCh38_1_22_v4.2.1_benchmark: hdt-merge started — hdt-merge-r02-00034
  Partitioned compression: HG005_GRCh38_1_22_v4.2.1_benchmark: hdt-merge complete — hdt-merge-r02-00034
  Partitioned compression: HG005_GRCh38_1_22_v4.2.1_benchmark: hdt-merge started — hdt-merge-r02-00035
  Partitioned compression: HG005_GRCh38_1_22_v4.2.1_benchmark: hdt-merge complete — hdt-merge-r02-00035
  Partitioned compression: HG005_GRCh38_1_22_v4.2.1_benchmark: hdt-merge started — hdt-merge-r02-00036
  Partitioned compression: HG005_GRCh38_1_22_v4.2.1_benchmark: hdt-merge complete — hdt-merge-r02-00036
  Partitioned compression: HG005_GRCh38_1_22_v4.2.1_benchmark: hdt-merge started — hdt-merge-r02-00037
  Partitioned compression: HG005_GRCh38_1_22_v4.2.1_benchmark: hdt-merge complete — hdt-merge-r02-00037
  Partitioned compression: HG005_GRCh38_1_22_v4.2.1_benchmark: hdt-merge started — hdt-merge-r02-00038
  Partitioned compression: HG005_GRCh38_1_22_v4.2.1_benchmark: hdt-merge complete — hdt-merge-r02-00038
  Partitioned compression: HG005_GRCh38_1_22_v4.2.1_benchmark: hdt-merge started — hdt-merge-r02-00039
  Partitioned compression: HG005_GRCh38_1_22_v4.2.1_benchmark: hdt-merge complete — hdt-merge-r02-00039
  Partitioned compression: HG005_GRCh38_1_22_v4.2.1_benchmark: hdt-merge started — hdt-merge-r02-00040
  Partitioned compression: HG005_GRCh38_1_22_v4.2.1_benchmark: hdt-merge complete — hdt-merge-r02-00040
  Partitioned compression: HG005_GRCh38_1_22_v4.2.1_benchmark: hdt-merge started — hdt-merge-r02-00041
  Partitioned compression: HG005_GRCh38_1_22_v4.2.1_benchmark: hdt-merge complete — hdt-merge-r02-00041
  Partitioned compression: HG005_GRCh38_1_22_v4.2.1_benchmark: hdt-merge started — hdt-merge-r02-00042
  Partitioned compression: HG005_GRCh38_1_22_v4.2.1_benchmark: hdt-merge complete — hdt-merge-r02-00042
  Partitioned compression: HG005_GRCh38_1_22_v4.2.1_benchmark: hdt-merge started — hdt-merge-r02-00043
  Partitioned compression: HG005_GRCh38_1_22_v4.2.1_benchmark: hdt-merge complete — hdt-merge-r02-00043
  Partitioned compression: HG005_GRCh38_1_22_v4.2.1_benchmark: hdt-merge started — hdt-merge-r02-00044
  Partitioned compression: HG005_GRCh38_1_22_v4.2.1_benchmark: hdt-merge complete — hdt-merge-r02-00044
  Partitioned compression: HG005_GRCh38_1_22_v4.2.1_benchmark: hdt-merge started — hdt-merge-r02-00045
  Partitioned compression: HG005_GRCh38_1_22_v4.2.1_benchmark: hdt-merge complete — hdt-merge-r02-00045
  Partitioned compression: HG005_GRCh38_1_22_v4.2.1_benchmark: hdt-merge started — hdt-merge-r02-00046
  Partitioned compression: HG005_GRCh38_1_22_v4.2.1_benchmark: hdt-merge complete — hdt-merge-r02-00046
  Partitioned compression: HG005_GRCh38_1_22_v4.2.1_benchmark: hdt-merge started — hdt-merge-r02-00047
  Partitioned compression: HG005_GRCh38_1_22_v4.2.1_benchmark: hdt-merge complete — hdt-merge-r02-00047
  Partitioned compression: HG005_GRCh38_1_22_v4.2.1_benchmark: hdt-merge started — hdt-merge-r02-00048
  Partitioned compression: HG005_GRCh38_1_22_v4.2.1_benchmark: hdt-merge complete — hdt-merge-r02-00048
  Partitioned compression: HG005_GRCh38_1_22_v4.2.1_benchmark: hdt-merge started — hdt-merge-r02-00049
  Partitioned compression: HG005_GRCh38_1_22_v4.2.1_benchmark: hdt-merge complete — hdt-merge-r02-00049
  Partitioned compression: HG005_GRCh38_1_22_v4.2.1_benchmark: hdt-merge started — hdt-merge-r02-00050
  Partitioned compression: HG005_GRCh38_1_22_v4.2.1_benchmark: hdt-merge complete — hdt-merge-r02-00050
  Partitioned compression: HG005_GRCh38_1_22_v4.2.1_benchmark: hdt-merge started — hdt-merge-r02-00051
  Partitioned compression: HG005_GRCh38_1_22_v4.2.1_benchmark: hdt-merge complete — hdt-merge-r02-00051
  Partitioned compression: HG005_GRCh38_1_22_v4.2.1_benchmark: hdt-merge started — hdt-merge-r02-00052
  Partitioned compression: HG005_GRCh38_1_22_v4.2.1_benchmark: hdt-merge complete — hdt-merge-r02-00052
  Partitioned compression: HG005_GRCh38_1_22_v4.2.1_benchmark: hdt-merge started — hdt-merge-r02-00053
  Partitioned compression: HG005_GRCh38_1_22_v4.2.1_benchmark: hdt-merge complete — hdt-merge-r02-00053
  Partitioned compression: HG005_GRCh38_1_22_v4.2.1_benchmark: hdt-merge started — hdt-merge-r02-00054
  Partitioned compression: HG005_GRCh38_1_22_v4.2.1_benchmark: hdt-merge complete — hdt-merge-r02-00054
  Partitioned compression: HG005_GRCh38_1_22_v4.2.1_benchmark: hdt-merge started — hdt-merge-r02-00055
  Partitioned compression: HG005_GRCh38_1_22_v4.2.1_benchmark: hdt-merge complete — hdt-merge-r02-00055
  Partitioned compression: HG005_GRCh38_1_22_v4.2.1_benchmark: hdt-merge started — hdt-merge-r03-00000
  Partitioned compression: HG005_GRCh38_1_22_v4.2.1_benchmark: hdt-merge complete — hdt-merge-r03-00000
  Partitioned compression: HG005_GRCh38_1_22_v4.2.1_benchmark: hdt-merge started — hdt-merge-r03-00001
  Partitioned compression: HG005_GRCh38_1_22_v4.2.1_benchmark: hdt-merge complete — hdt-merge-r03-00001
  Partitioned compression: HG005_GRCh38_1_22_v4.2.1_benchmark: hdt-merge started — hdt-merge-r03-00002
  Partitioned compression: HG005_GRCh38_1_22_v4.2.1_benchmark: hdt-merge complete — hdt-merge-r03-00002
  Partitioned compression: HG005_GRCh38_1_22_v4.2.1_benchmark: hdt-merge started — hdt-merge-r03-00003
  Partitioned compression: HG005_GRCh38_1_22_v4.2.1_benchmark: hdt-merge complete — hdt-merge-r03-00003
  Partitioned compression: HG005_GRCh38_1_22_v4.2.1_benchmark: hdt-merge started — hdt-merge-r03-00004
  Partitioned compression: HG005_GRCh38_1_22_v4.2.1_benchmark: hdt-merge complete — hdt-merge-r03-00004
  Partitioned compression: HG005_GRCh38_1_22_v4.2.1_benchmark: hdt-merge started — hdt-merge-r03-00005
  Partitioned compression: HG005_GRCh38_1_22_v4.2.1_benchmark: hdt-merge complete — hdt-merge-r03-00005
  Partitioned compression: HG005_GRCh38_1_22_v4.2.1_benchmark: hdt-merge started — hdt-merge-r03-00006
  Partitioned compression: HG005_GRCh38_1_22_v4.2.1_benchmark: hdt-merge complete — hdt-merge-r03-00006
  Partitioned compression: HG005_GRCh38_1_22_v4.2.1_benchmark: hdt-merge started — hdt-merge-r03-00007
  Partitioned compression: HG005_GRCh38_1_22_v4.2.1_benchmark: hdt-merge complete — hdt-merge-r03-00007
  Partitioned compression: HG005_GRCh38_1_22_v4.2.1_benchmark: hdt-merge started — hdt-merge-r03-00008
  Partitioned compression: HG005_GRCh38_1_22_v4.2.1_benchmark: hdt-merge complete — hdt-merge-r03-00008
  Partitioned compression: HG005_GRCh38_1_22_v4.2.1_benchmark: hdt-merge started — hdt-merge-r03-00009
  Partitioned compression: HG005_GRCh38_1_22_v4.2.1_benchmark: hdt-merge complete — hdt-merge-r03-00009
  Partitioned compression: HG005_GRCh38_1_22_v4.2.1_benchmark: hdt-merge started — hdt-merge-r03-00010
  Partitioned compression: HG005_GRCh38_1_22_v4.2.1_benchmark: hdt-merge complete — hdt-merge-r03-00010
  Partitioned compression: HG005_GRCh38_1_22_v4.2.1_benchmark: hdt-merge started — hdt-merge-r03-00011
  Partitioned compression: HG005_GRCh38_1_22_v4.2.1_benchmark: hdt-merge complete — hdt-merge-r03-00011
  Partitioned compression: HG005_GRCh38_1_22_v4.2.1_benchmark: hdt-merge started — hdt-merge-r03-00012
  Partitioned compression: HG005_GRCh38_1_22_v4.2.1_benchmark: hdt-merge complete — hdt-merge-r03-00012
  Partitioned compression: HG005_GRCh38_1_22_v4.2.1_benchmark: hdt-merge started — hdt-merge-r03-00013
  Partitioned compression: HG005_GRCh38_1_22_v4.2.1_benchmark: hdt-merge complete — hdt-merge-r03-00013
  Partitioned compression: HG005_GRCh38_1_22_v4.2.1_benchmark: hdt-merge started — hdt-merge-r03-00014
  Partitioned compression: HG005_GRCh38_1_22_v4.2.1_benchmark: hdt-merge complete — hdt-merge-r03-00014
  Partitioned compression: HG005_GRCh38_1_22_v4.2.1_benchmark: hdt-merge started — hdt-merge-r03-00015
  Partitioned compression: HG005_GRCh38_1_22_v4.2.1_benchmark: hdt-merge complete — hdt-merge-r03-00015
  Partitioned compression: HG005_GRCh38_1_22_v4.2.1_benchmark: hdt-merge started — hdt-merge-r03-00016
  Partitioned compression: HG005_GRCh38_1_22_v4.2.1_benchmark: hdt-merge complete — hdt-merge-r03-00016
  Partitioned compression: HG005_GRCh38_1_22_v4.2.1_benchmark: hdt-merge started — hdt-merge-r03-00017
  Partitioned compression: HG005_GRCh38_1_22_v4.2.1_benchmark: hdt-merge complete — hdt-merge-r03-00017
  Partitioned compression: HG005_GRCh38_1_22_v4.2.1_benchmark: hdt-merge started — hdt-merge-r03-00018
  Partitioned compression: HG005_GRCh38_1_22_v4.2.1_benchmark: hdt-merge complete — hdt-merge-r03-00018
  Partitioned compression: HG005_GRCh38_1_22_v4.2.1_benchmark: hdt-merge started — hdt-merge-r03-00019
  Partitioned compression: HG005_GRCh38_1_22_v4.2.1_benchmark: hdt-merge complete — hdt-merge-r03-00019
  Partitioned compression: HG005_GRCh38_1_22_v4.2.1_benchmark: hdt-merge started — hdt-merge-r03-00020
  Partitioned compression: HG005_GRCh38_1_22_v4.2.1_benchmark: hdt-merge complete — hdt-merge-r03-00020
  Partitioned compression: HG005_GRCh38_1_22_v4.2.1_benchmark: hdt-merge started — hdt-merge-r03-00021
  Partitioned compression: HG005_GRCh38_1_22_v4.2.1_benchmark: hdt-merge complete — hdt-merge-r03-00021
  Partitioned compression: HG005_GRCh38_1_22_v4.2.1_benchmark: hdt-merge started — hdt-merge-r03-00022
  Partitioned compression: HG005_GRCh38_1_22_v4.2.1_benchmark: hdt-merge complete — hdt-merge-r03-00022
  Partitioned compression: HG005_GRCh38_1_22_v4.2.1_benchmark: hdt-merge started — hdt-merge-r03-00023
  Partitioned compression: HG005_GRCh38_1_22_v4.2.1_benchmark: hdt-merge complete — hdt-merge-r03-00023
  Partitioned compression: HG005_GRCh38_1_22_v4.2.1_benchmark: hdt-merge started — hdt-merge-r03-00024
  Partitioned compression: HG005_GRCh38_1_22_v4.2.1_benchmark: hdt-merge complete — hdt-merge-r03-00024
  Partitioned compression: HG005_GRCh38_1_22_v4.2.1_benchmark: hdt-merge started — hdt-merge-r03-00025
  Partitioned compression: HG005_GRCh38_1_22_v4.2.1_benchmark: hdt-merge complete — hdt-merge-r03-00025
  Partitioned compression: HG005_GRCh38_1_22_v4.2.1_benchmark: hdt-merge started — hdt-merge-r03-00026
  Partitioned compression: HG005_GRCh38_1_22_v4.2.1_benchmark: hdt-merge complete — hdt-merge-r03-00026
  Partitioned compression: HG005_GRCh38_1_22_v4.2.1_benchmark: hdt-merge started — hdt-merge-r03-00027
  Partitioned compression: HG005_GRCh38_1_22_v4.2.1_benchmark: hdt-merge complete — hdt-merge-r03-00027
  Partitioned compression: HG005_GRCh38_1_22_v4.2.1_benchmark: hdt-merge started — hdt-merge-r04-00000
  Partitioned compression: HG005_GRCh38_1_22_v4.2.1_benchmark: hdt-merge complete — hdt-merge-r04-00000
  Partitioned compression: HG005_GRCh38_1_22_v4.2.1_benchmark: hdt-merge started — hdt-merge-r04-00001
  Partitioned compression: HG005_GRCh38_1_22_v4.2.1_benchmark: hdt-merge complete — hdt-merge-r04-00001
  Partitioned compression: HG005_GRCh38_1_22_v4.2.1_benchmark: hdt-merge started — hdt-merge-r04-00002
  Partitioned compression: HG005_GRCh38_1_22_v4.2.1_benchmark: hdt-merge complete — hdt-merge-r04-00002
  Partitioned compression: HG005_GRCh38_1_22_v4.2.1_benchmark: hdt-merge started — hdt-merge-r04-00003
  Partitioned compression: HG005_GRCh38_1_22_v4.2.1_benchmark: hdt-merge complete — hdt-merge-r04-00003
  Partitioned compression: HG005_GRCh38_1_22_v4.2.1_benchmark: hdt-merge started — hdt-merge-r04-00004
  Partitioned compression: HG005_GRCh38_1_22_v4.2.1_benchmark: hdt-merge complete — hdt-merge-r04-00004
  Partitioned compression: HG005_GRCh38_1_22_v4.2.1_benchmark: hdt-merge started — hdt-merge-r04-00005
  Partitioned compression: HG005_GRCh38_1_22_v4.2.1_benchmark: hdt-merge complete — hdt-merge-r04-00005
  Partitioned compression: HG005_GRCh38_1_22_v4.2.1_benchmark: hdt-merge started — hdt-merge-r04-00006
  Partitioned compression: HG005_GRCh38_1_22_v4.2.1_benchmark: hdt-merge complete — hdt-merge-r04-00006
  Partitioned compression: HG005_GRCh38_1_22_v4.2.1_benchmark: hdt-merge started — hdt-merge-r04-00007
  Partitioned compression: HG005_GRCh38_1_22_v4.2.1_benchmark: hdt-merge complete — hdt-merge-r04-00007
  Partitioned compression: HG005_GRCh38_1_22_v4.2.1_benchmark: hdt-merge started — hdt-merge-r04-00008
  Partitioned compression: HG005_GRCh38_1_22_v4.2.1_benchmark: hdt-merge complete — hdt-merge-r04-00008
  Partitioned compression: HG005_GRCh38_1_22_v4.2.1_benchmark: hdt-merge started — hdt-merge-r04-00009
  Partitioned compression: HG005_GRCh38_1_22_v4.2.1_benchmark: hdt-merge complete — hdt-merge-r04-00009
  Partitioned compression: HG005_GRCh38_1_22_v4.2.1_benchmark: hdt-merge started — hdt-merge-r04-00010
  Partitioned compression: HG005_GRCh38_1_22_v4.2.1_benchmark: hdt-merge complete — hdt-merge-r04-00010
  Partitioned compression: HG005_GRCh38_1_22_v4.2.1_benchmark: hdt-merge started — hdt-merge-r04-00011
  Partitioned compression: HG005_GRCh38_1_22_v4.2.1_benchmark: hdt-merge complete — hdt-merge-r04-00011
  Partitioned compression: HG005_GRCh38_1_22_v4.2.1_benchmark: hdt-merge started — hdt-merge-r04-00012
  Partitioned compression: HG005_GRCh38_1_22_v4.2.1_benchmark: hdt-merge complete — hdt-merge-r04-00012
  Partitioned compression: HG005_GRCh38_1_22_v4.2.1_benchmark: hdt-merge started — hdt-merge-r04-00013
  Partitioned compression: HG005_GRCh38_1_22_v4.2.1_benchmark: hdt-merge complete — hdt-merge-r04-00013
  Partitioned compression: HG005_GRCh38_1_22_v4.2.1_benchmark: hdt-merge started — hdt-merge-r05-00000
  Partitioned compression: HG005_GRCh38_1_22_v4.2.1_benchmark: hdt-merge complete — hdt-merge-r05-00000
  Partitioned compression: HG005_GRCh38_1_22_v4.2.1_benchmark: hdt-merge started — hdt-merge-r05-00001
  Partitioned compression: HG005_GRCh38_1_22_v4.2.1_benchmark: hdt-merge complete — hdt-merge-r05-00001
  Partitioned compression: HG005_GRCh38_1_22_v4.2.1_benchmark: hdt-merge started — hdt-merge-r05-00002
  Partitioned compression: HG005_GRCh38_1_22_v4.2.1_benchmark: hdt-merge complete — hdt-merge-r05-00002
  Partitioned compression: HG005_GRCh38_1_22_v4.2.1_benchmark: hdt-merge started — hdt-merge-r05-00003
  Partitioned compression: HG005_GRCh38_1_22_v4.2.1_benchmark: hdt-merge complete — hdt-merge-r05-00003
  Partitioned compression: HG005_GRCh38_1_22_v4.2.1_benchmark: hdt-merge started — hdt-merge-r05-00004
  Partitioned compression: HG005_GRCh38_1_22_v4.2.1_benchmark: hdt-merge complete — hdt-merge-r05-00004
  Partitioned compression: HG005_GRCh38_1_22_v4.2.1_benchmark: hdt-merge started — hdt-merge-r05-00005
  Partitioned compression: HG005_GRCh38_1_22_v4.2.1_benchmark: hdt-merge complete — hdt-merge-r05-00005
  Partitioned compression: HG005_GRCh38_1_22_v4.2.1_benchmark: hdt-merge started — hdt-merge-r05-00006
  Partitioned compression: HG005_GRCh38_1_22_v4.2.1_benchmark: hdt-merge complete — hdt-merge-r05-00006
  Partitioned compression: HG005_GRCh38_1_22_v4.2.1_benchmark: hdt-merge started — hdt-merge-r06-00000
  Partitioned compression: HG005_GRCh38_1_22_v4.2.1_benchmark: hdt-merge complete — hdt-merge-r06-00000
  Partitioned compression: HG005_GRCh38_1_22_v4.2.1_benchmark: hdt-merge started — hdt-merge-r06-00001
  Partitioned compression: HG005_GRCh38_1_22_v4.2.1_benchmark: hdt-merge complete — hdt-merge-r06-00001
  Partitioned compression: HG005_GRCh38_1_22_v4.2.1_benchmark: hdt-merge started — hdt-merge-r06-00002
  Partitioned compression: HG005_GRCh38_1_22_v4.2.1_benchmark: hdt-merge complete — hdt-merge-r06-00002
  Partitioned compression: HG005_GRCh38_1_22_v4.2.1_benchmark: hdt-merge started — hdt-merge-r07-00000
  Partitioned compression: HG005_GRCh38_1_22_v4.2.1_benchmark: hdt-merge complete — hdt-merge-r07-00000
  Partitioned compression: HG005_GRCh38_1_22_v4.2.1_benchmark: hdt-merge started — hdt-merge-r07-00001
  Partitioned compression: HG005_GRCh38_1_22_v4.2.1_benchmark: hdt-merge complete — hdt-merge-r07-00001
  Partitioned compression: HG005_GRCh38_1_22_v4.2.1_benchmark: hdt-merge started — hdt-merge-r08-00000
  Partitioned compression: HG005_GRCh38_1_22_v4.2.1_benchmark: hdt-merge complete — hdt-merge-r08-00000
  Partitioned compression: HG005_GRCh38_1_22_v4.2.1_benchmark: hdt started — hdt-index
  Partitioned compression: HG005_GRCh38_1_22_v4.2.1_benchmark: hdt complete — hdt-index
  Partitioned compression: HG005_GRCh38_1_22_v4.2.1_benchmark: hdt started — hdt-validate
  Partitioned compression: HG005_GRCh38_1_22_v4.2.1_benchmark: hdt complete — hdt-validate
Partitioned compression: HG005_GRCh38_1_22_v4.2.1_benchmark: finished
