TSV conversion: 1000G_10000r_s2504: started
TSV conversion: 1000G_10000r_s2504: finished
RMLStreamer: 1000G_10000r_s2504: started
  RMLStreamer: 1000G_10000r_s2504: rmlstreamer started — 0 B · 0 parts
  RMLStreamer: 1000G_10000r_s2504: rmlstreamer heartbeat — 0 B · 0 parts
  RMLStreamer: 1000G_10000r_s2504: rmlstreamer heartbeat — 65.26 KB · 8 parts
  RMLStreamer: 1000G_10000r_s2504: rmlstreamer heartbeat — 7.68 MB · 8 parts
  RMLStreamer: 1000G_10000r_s2504: rmlstreamer heartbeat — 10.81 MB · 8 parts
  RMLStreamer: 1000G_10000r_s2504: rmlstreamer complete — 10.81 MB · 8 parts
  RMLStreamer: 1000G_10000r_s2504: rdf-aggregate started — 0 parts
  RMLStreamer: 1000G_10000r_s2504: rdf-aggregate part — 1 parts
  RMLStreamer: 1000G_10000r_s2504: rdf-aggregate part — 2 parts
  RMLStreamer: 1000G_10000r_s2504: rdf-aggregate part — 3 parts
  RMLStreamer: 1000G_10000r_s2504: rdf-aggregate part — 4 parts
  RMLStreamer: 1000G_10000r_s2504: rdf-aggregate part — 5 parts
  RMLStreamer: 1000G_10000r_s2504: rdf-aggregate part — 6 parts
  RMLStreamer: 1000G_10000r_s2504: rdf-aggregate part — 7 parts
  RMLStreamer: 1000G_10000r_s2504: rdf-aggregate part — 8 parts
  RMLStreamer: 1000G_10000r_s2504: rdf-aggregate complete — 8 parts
RMLStreamer: 1000G_10000r_s2504: finished
Partitioned compression: 1000G_10000r_s2504: started
  Partitioned compression: 1000G_10000r_s2504: rdf-scan started — 0 triples
  Partitioned compression: 1000G_10000r_s2504: rdf-scan heartbeat — 452,307 triples · 67,108,989 bytes read
  Partitioned compression: 1000G_10000r_s2504: rdf-scan heartbeat — 883,482 triples · 134,217,964 bytes read
  Partitioned compression: 1000G_10000r_s2504: rdf-scan heartbeat — 1,312,897 triples · 201,326,929 bytes read
  Partitioned compression: 1000G_10000r_s2504: rdf-scan heartbeat — 1,742,312 triples · 268,435,934 bytes read
  Partitioned compression: 1000G_10000r_s2504: rdf-scan heartbeat — 2,171,727 triples · 335,544,861 bytes read
  Partitioned compression: 1000G_10000r_s2504: rdf-scan heartbeat — 2,601,141 triples · 402,653,789 bytes read
  Partitioned compression: 1000G_10000r_s2504: rdf-scan heartbeat — 3,030,556 triples · 469,762,664 bytes read
  Partitioned compression: 1000G_10000r_s2504: rdf-scan chunk — 3,459,966 triples · 1 chunks · 536,870,960 bytes read
  Partitioned compression: 1000G_10000r_s2504: hdt-chunks started — 0 chunks · hdt-build-00000
  Partitioned compression: 1000G_10000r_s2504: hdt-chunks complete — 1 chunks · hdt-build-00000
  Partitioned compression: 1000G_10000r_s2504: rdf-scan heartbeat — 3,459,970 triples · 536,871,552 bytes read
  Partitioned compression: 1000G_10000r_s2504: rdf-scan heartbeat — 3,889,385 triples · 603,980,519 bytes read
  Partitioned compression: 1000G_10000r_s2504: rdf-scan heartbeat — 4,318,800 triples · 671,089,466 bytes read
  Partitioned compression: 1000G_10000r_s2504: rdf-scan heartbeat — 4,748,214 triples · 738,198,341 bytes read
  Partitioned compression: 1000G_10000r_s2504: rdf-scan heartbeat — 5,177,629 triples · 805,307,239 bytes read
  Partitioned compression: 1000G_10000r_s2504: rdf-scan heartbeat — 5,607,043 triples · 872,416,137 bytes read
  Partitioned compression: 1000G_10000r_s2504: rdf-scan heartbeat — 6,036,458 triples · 939,525,071 bytes read
  Partitioned compression: 1000G_10000r_s2504: rdf-scan heartbeat — 6,464,535 triples · 1,006,634,038 bytes read
  Partitioned compression: 1000G_10000r_s2504: rdf-scan chunk — 6,890,455 triples · 2 chunks · 1,073,741,938 bytes read
  Partitioned compression: 1000G_10000r_s2504: hdt-chunks started — 1 chunks · hdt-build-00001
  Partitioned compression: 1000G_10000r_s2504: hdt-chunks complete — 2 chunks · hdt-build-00001
  Partitioned compression: 1000G_10000r_s2504: rdf-scan heartbeat — 6,890,461 triples · 1,073,742,906 bytes read
  Partitioned compression: 1000G_10000r_s2504: rdf-scan heartbeat — 7,316,387 triples · 1,140,851,823 bytes read
  Partitioned compression: 1000G_10000r_s2504: rdf-scan heartbeat — 7,742,313 triples · 1,207,960,749 bytes read
  Partitioned compression: 1000G_10000r_s2504: rdf-scan heartbeat — 8,168,239 triples · 1,275,069,667 bytes read
  Partitioned compression: 1000G_10000r_s2504: rdf-scan heartbeat — 8,594,165 triples · 1,342,178,574 bytes read
  Partitioned compression: 1000G_10000r_s2504: rdf-scan heartbeat — 9,020,091 triples · 1,409,287,484 bytes read
  Partitioned compression: 1000G_10000r_s2504: rdf-scan heartbeat — 9,446,017 triples · 1,476,396,352 bytes read
  Partitioned compression: 1000G_10000r_s2504: rdf-scan heartbeat — 9,871,943 triples · 1,543,505,269 bytes read
  Partitioned compression: 1000G_10000r_s2504: rdf-scan chunk — 10,297,861 triples · 3 chunks · 1,610,612,850 bytes read
  Partitioned compression: 1000G_10000r_s2504: hdt-chunks started — 2 chunks · hdt-build-00002
  Partitioned compression: 1000G_10000r_s2504: hdt-chunks complete — 3 chunks · hdt-build-00002
  Partitioned compression: 1000G_10000r_s2504: rdf-scan heartbeat — 10,297,869 triples · 1,610,614,160 bytes read
  Partitioned compression: 1000G_10000r_s2504: rdf-scan heartbeat — 10,723,795 triples · 1,677,723,054 bytes read
  Partitioned compression: 1000G_10000r_s2504: rdf-scan heartbeat — 11,149,722 triples · 1,744,832,057 bytes read
  Partitioned compression: 1000G_10000r_s2504: rdf-scan heartbeat — 11,575,648 triples · 1,811,940,966 bytes read
  Partitioned compression: 1000G_10000r_s2504: rdf-scan heartbeat — 12,001,574 triples · 1,879,049,873 bytes read
  Partitioned compression: 1000G_10000r_s2504: rdf-scan heartbeat — 12,427,500 triples · 1,946,158,775 bytes read
  Partitioned compression: 1000G_10000r_s2504: rdf-scan heartbeat — 12,853,427 triples · 2,013,267,797 bytes read
  Partitioned compression: 1000G_10000r_s2504: rdf-scan heartbeat — 13,279,353 triples · 2,080,376,698 bytes read
  Partitioned compression: 1000G_10000r_s2504: rdf-scan chunk — 13,705,267 triples · 4 chunks · 2,147,483,782 bytes read
  Partitioned compression: 1000G_10000r_s2504: hdt-chunks started — 3 chunks · hdt-build-00003
  Partitioned compression: 1000G_10000r_s2504: hdt-chunks complete — 4 chunks · hdt-build-00003
  Partitioned compression: 1000G_10000r_s2504: rdf-scan heartbeat — 13,705,279 triples · 2,147,485,611 bytes read
  Partitioned compression: 1000G_10000r_s2504: rdf-scan heartbeat — 14,131,205 triples · 2,214,594,508 bytes read
  Partitioned compression: 1000G_10000r_s2504: rdf-scan heartbeat — 14,557,131 triples · 2,281,703,405 bytes read
  Partitioned compression: 1000G_10000r_s2504: rdf-scan heartbeat — 14,983,057 triples · 2,348,812,331 bytes read
  Partitioned compression: 1000G_10000r_s2504: rdf-scan heartbeat — 15,408,983 triples · 2,415,921,249 bytes read
  Partitioned compression: 1000G_10000r_s2504: rdf-scan heartbeat — 15,834,909 triples · 2,483,030,156 bytes read
  Partitioned compression: 1000G_10000r_s2504: rdf-scan heartbeat — 16,260,835 triples · 2,550,139,066 bytes read
  Partitioned compression: 1000G_10000r_s2504: rdf-scan heartbeat — 16,686,761 triples · 2,617,247,934 bytes read
  Partitioned compression: 1000G_10000r_s2504: rdf-scan chunk — 17,112,674 triples · 5 chunks · 2,684,354,789 bytes read
  Partitioned compression: 1000G_10000r_s2504: hdt-chunks started — 4 chunks · hdt-build-00004
  Partitioned compression: 1000G_10000r_s2504: hdt-chunks complete — 5 chunks · hdt-build-00004
  Partitioned compression: 1000G_10000r_s2504: rdf-scan heartbeat — 17,112,687 triples · 2,684,356,851 bytes read
  Partitioned compression: 1000G_10000r_s2504: rdf-scan heartbeat — 17,538,613 triples · 2,751,465,777 bytes read
  Partitioned compression: 1000G_10000r_s2504: rdf-scan heartbeat — 17,964,539 triples · 2,818,574,695 bytes read
  Partitioned compression: 1000G_10000r_s2504: rdf-scan heartbeat — 18,390,465 triples · 2,885,683,602 bytes read
  Partitioned compression: 1000G_10000r_s2504: rdf-scan heartbeat — 18,816,391 triples · 2,952,792,512 bytes read
  Partitioned compression: 1000G_10000r_s2504: rdf-scan heartbeat — 19,242,317 triples · 3,019,901,380 bytes read
  Partitioned compression: 1000G_10000r_s2504: rdf-scan heartbeat — 19,668,243 triples · 3,087,010,297 bytes read
  Partitioned compression: 1000G_10000r_s2504: rdf-scan heartbeat — 20,094,169 triples · 3,154,119,188 bytes read
  Partitioned compression: 1000G_10000r_s2504: rdf-scan chunk — 20,520,081 triples · 6 chunks · 3,221,225,807 bytes read
  Partitioned compression: 1000G_10000r_s2504: hdt-chunks started — 5 chunks · hdt-build-00005
  Partitioned compression: 1000G_10000r_s2504: hdt-chunks complete — 6 chunks · hdt-build-00005
  Partitioned compression: 1000G_10000r_s2504: rdf-scan heartbeat — 20,520,095 triples · 3,221,228,082 bytes read
  Partitioned compression: 1000G_10000r_s2504: rdf-scan heartbeat — 20,946,022 triples · 3,288,337,085 bytes read
  Partitioned compression: 1000G_10000r_s2504: rdf-scan heartbeat — 21,371,948 triples · 3,355,445,994 bytes read
  Partitioned compression: 1000G_10000r_s2504: rdf-scan heartbeat — 21,797,874 triples · 3,422,554,901 bytes read
  Partitioned compression: 1000G_10000r_s2504: rdf-scan heartbeat — 22,223,800 triples · 3,489,663,803 bytes read
  Partitioned compression: 1000G_10000r_s2504: rdf-scan heartbeat — 22,649,727 triples · 3,556,772,825 bytes read
  Partitioned compression: 1000G_10000r_s2504: rdf-scan heartbeat — 23,075,653 triples · 3,623,881,726 bytes read
  Partitioned compression: 1000G_10000r_s2504: rdf-scan heartbeat — 23,501,579 triples · 3,690,990,639 bytes read
  Partitioned compression: 1000G_10000r_s2504: rdf-scan chunk — 23,927,487 triples · 7 chunks · 3,758,096,739 bytes read
  Partitioned compression: 1000G_10000r_s2504: hdt-chunks started — 6 chunks · hdt-build-00006
  Partitioned compression: 1000G_10000r_s2504: hdt-chunks complete — 7 chunks · hdt-build-00006
  Partitioned compression: 1000G_10000r_s2504: rdf-scan heartbeat — 23,927,505 triples · 3,758,099,536 bytes read
  Partitioned compression: 1000G_10000r_s2504: rdf-scan heartbeat — 24,353,431 triples · 3,825,208,433 bytes read
  Partitioned compression: 1000G_10000r_s2504: rdf-scan heartbeat — 24,779,357 triples · 3,892,317,359 bytes read
  Partitioned compression: 1000G_10000r_s2504: rdf-scan heartbeat — 25,205,283 triples · 3,959,426,277 bytes read
  Partitioned compression: 1000G_10000r_s2504: rdf-scan heartbeat — 25,631,209 triples · 4,026,535,184 bytes read
  Partitioned compression: 1000G_10000r_s2504: rdf-scan heartbeat — 26,057,135 triples · 4,093,644,094 bytes read
  Partitioned compression: 1000G_10000r_s2504: rdf-scan heartbeat — 26,483,061 triples · 4,160,752,962 bytes read
  Partitioned compression: 1000G_10000r_s2504: rdf-scan heartbeat — 26,908,987 triples · 4,227,861,879 bytes read
  Partitioned compression: 1000G_10000r_s2504: rdf-scan chunk — 27,334,893 triples · 8 chunks · 4,294,967,671 bytes read
  Partitioned compression: 1000G_10000r_s2504: hdt-chunks started — 7 chunks · hdt-build-00007
  Partitioned compression: 1000G_10000r_s2504: hdt-chunks complete — 8 chunks · hdt-build-00007
  Partitioned compression: 1000G_10000r_s2504: rdf-scan heartbeat — 27,334,913 triples · 4,294,970,805 bytes read
  Partitioned compression: 1000G_10000r_s2504: rdf-scan heartbeat — 27,760,839 triples · 4,362,079,723 bytes read
  Partitioned compression: 1000G_10000r_s2504: rdf-scan heartbeat — 28,186,765 triples · 4,429,188,630 bytes read
  Partitioned compression: 1000G_10000r_s2504: rdf-scan heartbeat — 28,612,691 triples · 4,496,297,540 bytes read
  Partitioned compression: 1000G_10000r_s2504: rdf-scan heartbeat — 29,038,617 triples · 4,563,406,408 bytes read
  Partitioned compression: 1000G_10000r_s2504: rdf-scan heartbeat — 29,464,543 triples · 4,630,515,325 bytes read
  Partitioned compression: 1000G_10000r_s2504: rdf-scan heartbeat — 29,890,469 triples · 4,697,624,216 bytes read
  Partitioned compression: 1000G_10000r_s2504: rdf-scan heartbeat — 30,316,395 triples · 4,764,733,110 bytes read
  Partitioned compression: 1000G_10000r_s2504: rdf-scan chunk — 30,742,300 triples · 9 chunks · 4,831,838,663 bytes read
  Partitioned compression: 1000G_10000r_s2504: hdt-chunks started — 8 chunks · hdt-build-00008
  Partitioned compression: 1000G_10000r_s2504: hdt-chunks complete — 9 chunks · hdt-build-00008
  Partitioned compression: 1000G_10000r_s2504: rdf-scan heartbeat — 30,742,322 triples · 4,831,842,113 bytes read
  Partitioned compression: 1000G_10000r_s2504: rdf-scan heartbeat — 31,168,248 triples · 4,898,951,022 bytes read
  Partitioned compression: 1000G_10000r_s2504: rdf-scan heartbeat — 31,594,174 triples · 4,966,059,929 bytes read
  Partitioned compression: 1000G_10000r_s2504: rdf-scan heartbeat — 32,020,100 triples · 5,033,168,831 bytes read
  Partitioned compression: 1000G_10000r_s2504: rdf-scan heartbeat — 32,446,027 triples · 5,100,277,853 bytes read
  Partitioned compression: 1000G_10000r_s2504: rdf-scan heartbeat — 32,871,953 triples · 5,167,386,754 bytes read
  Partitioned compression: 1000G_10000r_s2504: rdf-scan heartbeat — 33,297,879 triples · 5,234,495,667 bytes read
  Partitioned compression: 1000G_10000r_s2504: rdf-scan heartbeat — 33,723,805 triples · 5,301,604,564 bytes read
  Partitioned compression: 1000G_10000r_s2504: rdf-scan chunk — 34,149,707 triples · 10 chunks · 5,368,709,705 bytes read
  Partitioned compression: 1000G_10000r_s2504: hdt-chunks started — 9 chunks · hdt-build-00009
  Partitioned compression: 1000G_10000r_s2504: hdt-chunks complete — 10 chunks · hdt-build-00009
  Partitioned compression: 1000G_10000r_s2504: rdf-scan heartbeat — 34,149,731 triples · 5,368,713,461 bytes read
  Partitioned compression: 1000G_10000r_s2504: rdf-scan heartbeat — 34,575,657 triples · 5,435,822,387 bytes read
  Partitioned compression: 1000G_10000r_s2504: rdf-scan heartbeat — 35,001,583 triples · 5,502,931,305 bytes read
  Partitioned compression: 1000G_10000r_s2504: rdf-scan heartbeat — 35,427,509 triples · 5,570,040,212 bytes read
  Partitioned compression: 1000G_10000r_s2504: rdf-scan heartbeat — 35,853,435 triples · 5,637,149,122 bytes read
  Partitioned compression: 1000G_10000r_s2504: rdf-scan heartbeat — 36,279,361 triples · 5,704,257,990 bytes read
  Partitioned compression: 1000G_10000r_s2504: rdf-scan heartbeat — 36,705,287 triples · 5,771,366,907 bytes read
  Partitioned compression: 1000G_10000r_s2504: rdf-scan heartbeat — 37,131,213 triples · 5,838,475,833 bytes read
  Partitioned compression: 1000G_10000r_s2504: rdf-scan chunk — 37,557,113 triples · 11 chunks · 5,905,580,637 bytes read
  Partitioned compression: 1000G_10000r_s2504: hdt-chunks started — 10 chunks · hdt-build-00010
  Partitioned compression: 1000G_10000r_s2504: hdt-chunks complete — 11 chunks · hdt-build-00010
  Partitioned compression: 1000G_10000r_s2504: rdf-scan heartbeat — 37,557,139 triples · 5,905,584,751 bytes read
  Partitioned compression: 1000G_10000r_s2504: rdf-scan heartbeat — 37,983,065 triples · 5,972,693,658 bytes read
  Partitioned compression: 1000G_10000r_s2504: rdf-scan heartbeat — 38,408,991 triples · 6,039,802,568 bytes read
  Partitioned compression: 1000G_10000r_s2504: rdf-scan heartbeat — 38,834,917 triples · 6,106,911,436 bytes read
  Partitioned compression: 1000G_10000r_s2504: rdf-scan heartbeat — 39,260,843 triples · 6,174,020,353 bytes read
  Partitioned compression: 1000G_10000r_s2504: rdf-scan heartbeat — 39,686,769 triples · 6,241,129,244 bytes read
  Partitioned compression: 1000G_10000r_s2504: rdf-scan heartbeat — 40,112,695 triples · 6,308,238,138 bytes read
  Partitioned compression: 1000G_10000r_s2504: rdf-scan heartbeat — 40,538,622 triples · 6,375,347,141 bytes read
  Partitioned compression: 1000G_10000r_s2504: rdf-scan chunk — 40,964,520 triples · 12 chunks · 6,442,451,685 bytes read
  Partitioned compression: 1000G_10000r_s2504: hdt-chunks started — 11 chunks · hdt-build-00011
  Partitioned compression: 1000G_10000r_s2504: hdt-chunks complete — 12 chunks · hdt-build-00011
  Partitioned compression: 1000G_10000r_s2504: rdf-scan heartbeat — 40,964,548 triples · 6,442,456,050 bytes read
  Partitioned compression: 1000G_10000r_s2504: rdf-scan heartbeat — 41,390,474 triples · 6,509,564,957 bytes read
  Partitioned compression: 1000G_10000r_s2504: rdf-scan heartbeat — 41,816,400 triples · 6,576,673,859 bytes read
  Partitioned compression: 1000G_10000r_s2504: rdf-scan heartbeat — 42,242,327 triples · 6,643,782,881 bytes read
  Partitioned compression: 1000G_10000r_s2504: rdf-scan heartbeat — 42,668,253 triples · 6,710,891,782 bytes read
  Partitioned compression: 1000G_10000r_s2504: rdf-scan heartbeat — 43,094,179 triples · 6,778,000,695 bytes read
  Partitioned compression: 1000G_10000r_s2504: rdf-scan heartbeat — 43,520,105 triples · 6,845,109,592 bytes read
  Partitioned compression: 1000G_10000r_s2504: rdf-scan heartbeat — 43,946,031 triples · 6,912,218,489 bytes read
  Partitioned compression: 1000G_10000r_s2504: rdf-scan chunk — 44,371,927 triples · 13 chunks · 6,979,322,657 bytes read
  Partitioned compression: 1000G_10000r_s2504: hdt-chunks started — 12 chunks · hdt-build-00012
  Partitioned compression: 1000G_10000r_s2504: hdt-chunks complete — 13 chunks · hdt-build-00012
  Partitioned compression: 1000G_10000r_s2504: rdf-scan heartbeat — 44,371,957 triples · 6,979,327,415 bytes read
  Partitioned compression: 1000G_10000r_s2504: rdf-scan heartbeat — 44,797,883 triples · 7,046,436,333 bytes read
  Partitioned compression: 1000G_10000r_s2504: rdf-scan heartbeat — 45,223,809 triples · 7,113,545,240 bytes read
  Partitioned compression: 1000G_10000r_s2504: rdf-scan heartbeat — 45,649,735 triples · 7,180,654,150 bytes read
  Partitioned compression: 1000G_10000r_s2504: rdf-scan heartbeat — 46,075,661 triples · 7,247,763,018 bytes read
  Partitioned compression: 1000G_10000r_s2504: rdf-scan heartbeat — 46,501,587 triples · 7,314,871,935 bytes read
  Partitioned compression: 1000G_10000r_s2504: rdf-scan heartbeat — 46,927,513 triples · 7,381,980,861 bytes read
  Partitioned compression: 1000G_10000r_s2504: rdf-scan heartbeat — 47,353,439 triples · 7,449,089,779 bytes read
  Partitioned compression: 1000G_10000r_s2504: rdf-scan chunk — 47,779,333 triples · 14 chunks · 7,516,193,595 bytes read
  Partitioned compression: 1000G_10000r_s2504: hdt-chunks started — 13 chunks · hdt-build-00013
  Partitioned compression: 1000G_10000r_s2504: hdt-chunks complete — 14 chunks · hdt-build-00013
  Partitioned compression: 1000G_10000r_s2504: rdf-scan heartbeat — 47,779,365 triples · 7,516,198,686 bytes read
  Partitioned compression: 1000G_10000r_s2504: rdf-scan heartbeat — 48,205,291 triples · 7,583,307,596 bytes read
  Partitioned compression: 1000G_10000r_s2504: rdf-scan heartbeat — 48,631,217 triples · 7,650,416,464 bytes read
  Partitioned compression: 1000G_10000r_s2504: rdf-scan heartbeat — 49,057,143 triples · 7,717,525,381 bytes read
  Partitioned compression: 1000G_10000r_s2504: rdf-scan heartbeat — 49,483,069 triples · 7,784,634,272 bytes read
  Partitioned compression: 1000G_10000r_s2504: rdf-scan heartbeat — 49,908,995 triples · 7,851,743,166 bytes read
  Partitioned compression: 1000G_10000r_s2504: rdf-scan heartbeat — 50,334,922 triples · 7,918,852,169 bytes read
  Partitioned compression: 1000G_10000r_s2504: rdf-scan heartbeat — 50,760,848 triples · 7,985,961,078 bytes read
  Partitioned compression: 1000G_10000r_s2504: rdf-scan chunk — 51,186,739 triples · 15 chunks · 8,053,064,527 bytes read
  Partitioned compression: 1000G_10000r_s2504: hdt-chunks started — 14 chunks · hdt-build-00014
  Partitioned compression: 1000G_10000r_s2504: hdt-chunks complete — 15 chunks · hdt-build-00014
  Partitioned compression: 1000G_10000r_s2504: rdf-scan heartbeat — 51,186,774 triples · 8,053,069,985 bytes read
  Partitioned compression: 1000G_10000r_s2504: rdf-scan heartbeat — 51,612,700 triples · 8,120,178,887 bytes read
  Partitioned compression: 1000G_10000r_s2504: rdf-scan heartbeat — 52,038,627 triples · 8,187,287,909 bytes read
  Partitioned compression: 1000G_10000r_s2504: rdf-scan heartbeat — 52,464,553 triples · 8,254,396,810 bytes read
  Partitioned compression: 1000G_10000r_s2504: rdf-scan heartbeat — 52,890,479 triples · 8,321,505,723 bytes read
  Partitioned compression: 1000G_10000r_s2504: rdf-scan heartbeat — 53,316,405 triples · 8,388,614,620 bytes read
  Partitioned compression: 1000G_10000r_s2504: rdf-scan heartbeat — 53,742,331 triples · 8,455,723,517 bytes read
  Partitioned compression: 1000G_10000r_s2504: rdf-scan heartbeat — 54,168,257 triples · 8,522,832,443 bytes read
  Partitioned compression: 1000G_10000r_s2504: rdf-scan chunk — 54,594,146 triples · 16 chunks · 8,589,935,509 bytes read
  Partitioned compression: 1000G_10000r_s2504: hdt-chunks started — 15 chunks · hdt-build-00015
  Partitioned compression: 1000G_10000r_s2504: hdt-chunks complete — 16 chunks · hdt-build-00015
  Partitioned compression: 1000G_10000r_s2504: rdf-scan heartbeat — 54,594,183 triples · 8,589,941,361 bytes read
  Partitioned compression: 1000G_10000r_s2504: rdf-scan heartbeat — 55,020,109 triples · 8,657,050,268 bytes read
  Partitioned compression: 1000G_10000r_s2504: rdf-scan heartbeat — 55,446,035 triples · 8,724,159,178 bytes read
  Partitioned compression: 1000G_10000r_s2504: rdf-scan heartbeat — 55,871,961 triples · 8,791,268,046 bytes read
  Partitioned compression: 1000G_10000r_s2504: rdf-scan heartbeat — 56,297,887 triples · 8,858,376,963 bytes read
  Partitioned compression: 1000G_10000r_s2504: rdf-scan heartbeat — 56,723,813 triples · 8,925,485,889 bytes read
  Partitioned compression: 1000G_10000r_s2504: rdf-scan heartbeat — 57,149,739 triples · 8,992,594,807 bytes read
  Partitioned compression: 1000G_10000r_s2504: rdf-scan heartbeat — 57,575,665 triples · 9,059,703,714 bytes read
  Partitioned compression: 1000G_10000r_s2504: rdf-scan chunk — 58,001,553 triples · 17 chunks · 9,126,806,530 bytes read
  Partitioned compression: 1000G_10000r_s2504: hdt-chunks started — 16 chunks · hdt-build-00016
  Partitioned compression: 1000G_10000r_s2504: hdt-chunks complete — 17 chunks · hdt-build-00016
  Partitioned compression: 1000G_10000r_s2504: rdf-scan heartbeat — 58,001,591 triples · 9,126,812,624 bytes read
  Partitioned compression: 1000G_10000r_s2504: rdf-scan heartbeat — 58,427,517 triples · 9,193,921,492 bytes read
  Partitioned compression: 1000G_10000r_s2504: rdf-scan heartbeat — 58,853,443 triples · 9,261,030,409 bytes read
  Partitioned compression: 1000G_10000r_s2504: rdf-scan heartbeat — 59,279,369 triples · 9,328,139,300 bytes read
  Partitioned compression: 1000G_10000r_s2504: rdf-scan heartbeat — 59,705,295 triples · 9,395,248,194 bytes read
  Partitioned compression: 1000G_10000r_s2504: rdf-scan heartbeat — 60,131,222 triples · 9,462,357,197 bytes read
  Partitioned compression: 1000G_10000r_s2504: rdf-scan heartbeat — 60,557,148 triples · 9,529,466,106 bytes read
  Partitioned compression: 1000G_10000r_s2504: rdf-scan heartbeat — 60,983,074 triples · 9,596,575,013 bytes read
  Partitioned compression: 1000G_10000r_s2504: rdf-scan chunk — 61,408,959 triples · 18 chunks · 9,663,677,474 bytes read
  Partitioned compression: 1000G_10000r_s2504: hdt-chunks started — 17 chunks · hdt-build-00017
  Partitioned compression: 1000G_10000r_s2504: hdt-chunks complete — 18 chunks · hdt-build-00017
  Partitioned compression: 1000G_10000r_s2504: rdf-scan heartbeat — 61,409,000 triples · 9,663,683,915 bytes read
  Partitioned compression: 1000G_10000r_s2504: rdf-scan heartbeat — 61,834,927 triples · 9,730,792,937 bytes read
  Partitioned compression: 1000G_10000r_s2504: rdf-scan heartbeat — 62,260,853 triples · 9,797,901,838 bytes read
  Partitioned compression: 1000G_10000r_s2504: rdf-scan heartbeat — 62,686,412 triples · 9,865,010,842 bytes read
  Partitioned compression: 1000G_10000r_s2504: rdf-scan heartbeat — 63,108,906 triples · 9,932,119,746 bytes read
  Partitioned compression: 1000G_10000r_s2504: rdf-scan heartbeat — 63,531,400 triples · 9,999,228,724 bytes read
  Partitioned compression: 1000G_10000r_s2504: rdf-scan heartbeat — 63,953,894 triples · 10,066,337,717 bytes read
  Partitioned compression: 1000G_10000r_s2504: rdf-scan heartbeat — 64,376,388 triples · 10,133,446,656 bytes read
  Partitioned compression: 1000G_10000r_s2504: rdf-scan chunk — 64,798,837 triples · 19 chunks · 10,200,548,429 bytes read
  Partitioned compression: 1000G_10000r_s2504: hdt-chunks started — 18 chunks · hdt-build-00018
  Partitioned compression: 1000G_10000r_s2504: hdt-chunks complete — 19 chunks · hdt-build-00018
  Partitioned compression: 1000G_10000r_s2504: rdf-scan heartbeat — 64,798,882 triples · 10,200,555,560 bytes read
  Partitioned compression: 1000G_10000r_s2504: rdf-scan heartbeat — 65,221,376 triples · 10,267,664,468 bytes read
  Partitioned compression: 1000G_10000r_s2504: rdf-scan heartbeat — 65,643,869 triples · 10,334,773,346 bytes read
  Partitioned compression: 1000G_10000r_s2504: rdf-scan heartbeat — 66,066,363 triples · 10,401,882,285 bytes read
  Partitioned compression: 1000G_10000r_s2504: rdf-scan heartbeat — 66,488,857 triples · 10,468,991,189 bytes read
  Partitioned compression: 1000G_10000r_s2504: rdf-scan heartbeat — 66,911,351 triples · 10,536,100,097 bytes read
  Partitioned compression: 1000G_10000r_s2504: rdf-scan heartbeat — 67,333,844 triples · 10,603,208,975 bytes read
  Partitioned compression: 1000G_10000r_s2504: rdf-scan heartbeat — 67,756,338 triples · 10,670,317,914 bytes read
  Partitioned compression: 1000G_10000r_s2504: rdf-scan chunk — 68,178,785 triples · 20 chunks · 10,737,419,385 bytes read
  Partitioned compression: 1000G_10000r_s2504: hdt-chunks started — 19 chunks · hdt-build-00019
  Partitioned compression: 1000G_10000r_s2504: hdt-chunks complete — 20 chunks · hdt-build-00019
  Partitioned compression: 1000G_10000r_s2504: rdf-scan heartbeat — 68,178,832 triples · 10,737,426,818 bytes read
  Partitioned compression: 1000G_10000r_s2504: rdf-scan heartbeat — 68,601,326 triples · 10,804,535,726 bytes read
  Partitioned compression: 1000G_10000r_s2504: rdf-scan heartbeat — 69,023,819 triples · 10,871,644,604 bytes read
  Partitioned compression: 1000G_10000r_s2504: rdf-scan heartbeat — 69,446,313 triples · 10,938,753,543 bytes read
  Partitioned compression: 1000G_10000r_s2504: rdf-scan heartbeat — 69,868,807 triples · 11,005,862,447 bytes read
  Partitioned compression: 1000G_10000r_s2504: rdf-scan heartbeat — 70,291,301 triples · 11,072,971,355 bytes read
  Partitioned compression: 1000G_10000r_s2504: rdf-scan heartbeat — 70,713,794 triples · 11,140,080,233 bytes read
  Partitioned compression: 1000G_10000r_s2504: rdf-scan heartbeat — 71,136,288 triples · 11,207,189,172 bytes read
  Partitioned compression: 1000G_10000r_s2504: rdf-scan chunk — 71,558,733 triples · 21 chunks · 11,274,290,310 bytes read
  Partitioned compression: 1000G_10000r_s2504: hdt-chunks started — 20 chunks · hdt-build-00020
  Partitioned compression: 1000G_10000r_s2504: hdt-chunks complete — 21 chunks · hdt-build-00020
  Partitioned compression: 1000G_10000r_s2504: rdf-scan heartbeat — 71,558,782 triples · 11,274,298,076 bytes read
  Partitioned compression: 1000G_10000r_s2504: rdf-scan heartbeat — 71,981,276 triples · 11,341,406,984 bytes read
  Partitioned compression: 1000G_10000r_s2504: rdf-scan heartbeat — 72,403,769 triples · 11,408,515,862 bytes read
  Partitioned compression: 1000G_10000r_s2504: rdf-scan heartbeat — 72,826,263 triples · 11,475,624,801 bytes read
  Partitioned compression: 1000G_10000r_s2504: rdf-scan heartbeat — 73,248,757 triples · 11,542,733,705 bytes read
  Partitioned compression: 1000G_10000r_s2504: rdf-scan heartbeat — 73,671,251 triples · 11,609,842,613 bytes read
  Partitioned compression: 1000G_10000r_s2504: rdf-scan heartbeat — 74,093,744 triples · 11,676,951,491 bytes read
  Partitioned compression: 1000G_10000r_s2504: rdf-scan heartbeat — 74,516,238 triples · 11,744,060,430 bytes read
  Partitioned compression: 1000G_10000r_s2504: rdf-scan chunk — 74,938,682 triples · 22 chunks · 11,811,161,392 bytes read
  Partitioned compression: 1000G_10000r_s2504: hdt-chunks started — 21 chunks · hdt-build-00021
  Partitioned compression: 1000G_10000r_s2504: hdt-chunks complete — 22 chunks · hdt-build-00021
  Partitioned compression: 1000G_10000r_s2504: rdf-scan heartbeat — 74,938,732 triples · 11,811,169,334 bytes read
  Partitioned compression: 1000G_10000r_s2504: rdf-scan heartbeat — 75,361,226 triples · 11,878,278,242 bytes read
  Partitioned compression: 1000G_10000r_s2504: rdf-scan heartbeat — 75,783,719 triples · 11,945,387,120 bytes read
  Partitioned compression: 1000G_10000r_s2504: rdf-scan heartbeat — 76,206,213 triples · 12,012,496,059 bytes read
  Partitioned compression: 1000G_10000r_s2504: rdf-scan heartbeat — 76,628,707 triples · 12,079,604,963 bytes read
  Partitioned compression: 1000G_10000r_s2504: rdf-scan heartbeat — 77,051,201 triples · 12,146,713,871 bytes read
  Partitioned compression: 1000G_10000r_s2504: rdf-scan heartbeat — 77,473,694 triples · 12,213,822,749 bytes read
  Partitioned compression: 1000G_10000r_s2504: rdf-scan heartbeat — 77,896,188 triples · 12,280,931,688 bytes read
  Partitioned compression: 1000G_10000r_s2504: rdf-scan chunk — 78,318,630 triples · 23 chunks · 12,348,032,310 bytes read
  Partitioned compression: 1000G_10000r_s2504: hdt-chunks started — 22 chunks · hdt-build-00022
  Partitioned compression: 1000G_10000r_s2504: hdt-chunks complete — 23 chunks · hdt-build-00022
  Partitioned compression: 1000G_10000r_s2504: rdf-scan heartbeat — 78,318,682 triples · 12,348,040,592 bytes read
  Partitioned compression: 1000G_10000r_s2504: rdf-scan heartbeat — 78,741,176 triples · 12,415,149,500 bytes read
  Partitioned compression: 1000G_10000r_s2504: rdf-scan heartbeat — 79,163,669 triples · 12,482,258,378 bytes read
  Partitioned compression: 1000G_10000r_s2504: rdf-scan heartbeat — 79,586,163 triples · 12,549,367,317 bytes read
  Partitioned compression: 1000G_10000r_s2504: rdf-scan heartbeat — 80,008,657 triples · 12,616,476,221 bytes read
  Partitioned compression: 1000G_10000r_s2504: rdf-scan heartbeat — 80,431,151 triples · 12,683,585,129 bytes read
  Partitioned compression: 1000G_10000r_s2504: rdf-scan heartbeat — 80,853,644 triples · 12,750,694,007 bytes read
  Partitioned compression: 1000G_10000r_s2504: rdf-scan heartbeat — 81,276,138 triples · 12,817,802,946 bytes read
  Partitioned compression: 1000G_10000r_s2504: rdf-scan chunk — 81,698,578 triples · 24 chunks · 12,884,903,242 bytes read
  Partitioned compression: 1000G_10000r_s2504: hdt-chunks started — 23 chunks · hdt-build-00023
  Partitioned compression: 1000G_10000r_s2504: hdt-chunks complete — 24 chunks · hdt-build-00023
  Partitioned compression: 1000G_10000r_s2504: rdf-scan heartbeat — 81,698,632 triples · 12,884,911,850 bytes read
  Partitioned compression: 1000G_10000r_s2504: rdf-scan heartbeat — 82,121,126 triples · 12,952,020,758 bytes read
  Partitioned compression: 1000G_10000r_s2504: rdf-scan heartbeat — 82,543,619 triples · 13,019,129,636 bytes read
  Partitioned compression: 1000G_10000r_s2504: rdf-scan heartbeat — 82,966,113 triples · 13,086,238,575 bytes read
  Partitioned compression: 1000G_10000r_s2504: rdf-scan heartbeat — 83,388,607 triples · 13,153,347,479 bytes read
  Partitioned compression: 1000G_10000r_s2504: rdf-scan heartbeat — 83,811,101 triples · 13,220,456,387 bytes read
  Partitioned compression: 1000G_10000r_s2504: rdf-scan heartbeat — 84,233,594 triples · 13,287,565,265 bytes read
  Partitioned compression: 1000G_10000r_s2504: rdf-scan heartbeat — 84,656,088 triples · 13,354,674,204 bytes read
  Partitioned compression: 1000G_10000r_s2504: rdf-scan chunk — 85,078,526 triples · 25 chunks · 13,421,774,174 bytes read
  Partitioned compression: 1000G_10000r_s2504: hdt-chunks started — 24 chunks · hdt-build-00024
  Partitioned compression: 1000G_10000r_s2504: hdt-chunks complete — 25 chunks · hdt-build-00024
  Partitioned compression: 1000G_10000r_s2504: rdf-scan heartbeat — 85,078,582 triples · 13,421,783,108 bytes read
  Partitioned compression: 1000G_10000r_s2504: rdf-scan heartbeat — 85,501,076 triples · 13,488,892,016 bytes read
  Partitioned compression: 1000G_10000r_s2504: rdf-scan heartbeat — 85,923,569 triples · 13,556,000,894 bytes read
  Partitioned compression: 1000G_10000r_s2504: rdf-scan heartbeat — 86,346,063 triples · 13,623,109,833 bytes read
  Partitioned compression: 1000G_10000r_s2504: rdf-scan heartbeat — 86,768,557 triples · 13,690,218,737 bytes read
  Partitioned compression: 1000G_10000r_s2504: rdf-scan heartbeat — 87,191,051 triples · 13,757,327,645 bytes read
  Partitioned compression: 1000G_10000r_s2504: rdf-scan heartbeat — 87,613,544 triples · 13,824,436,523 bytes read
  Partitioned compression: 1000G_10000r_s2504: rdf-scan heartbeat — 88,036,038 triples · 13,891,545,462 bytes read
  Partitioned compression: 1000G_10000r_s2504: rdf-scan chunk — 88,458,474 triples · 26 chunks · 13,958,645,157 bytes read
  Partitioned compression: 1000G_10000r_s2504: hdt-chunks started — 25 chunks · hdt-build-00025
  Partitioned compression: 1000G_10000r_s2504: hdt-chunks complete — 26 chunks · hdt-build-00025
  Partitioned compression: 1000G_10000r_s2504: rdf-scan heartbeat — 88,458,532 triples · 13,958,654,366 bytes read
  Partitioned compression: 1000G_10000r_s2504: rdf-scan heartbeat — 88,881,026 triples · 14,025,763,274 bytes read
  Partitioned compression: 1000G_10000r_s2504: rdf-scan heartbeat — 89,303,519 triples · 14,092,872,152 bytes read
  Partitioned compression: 1000G_10000r_s2504: rdf-scan heartbeat — 89,726,013 triples · 14,159,981,091 bytes read
  Partitioned compression: 1000G_10000r_s2504: rdf-scan heartbeat — 90,148,507 triples · 14,227,089,995 bytes read
  Partitioned compression: 1000G_10000r_s2504: rdf-scan heartbeat — 90,571,001 triples · 14,294,198,903 bytes read
  Partitioned compression: 1000G_10000r_s2504: rdf-scan heartbeat — 90,993,494 triples · 14,361,307,781 bytes read
  Partitioned compression: 1000G_10000r_s2504: rdf-scan heartbeat — 91,415,988 triples · 14,428,416,720 bytes read
  Partitioned compression: 1000G_10000r_s2504: rdf-scan chunk — 91,838,422 triples · 27 chunks · 14,495,516,082 bytes read
  Partitioned compression: 1000G_10000r_s2504: hdt-chunks started — 26 chunks · hdt-build-00026
  Partitioned compression: 1000G_10000r_s2504: hdt-chunks complete — 27 chunks · hdt-build-00026
  Partitioned compression: 1000G_10000r_s2504: rdf-scan heartbeat — 91,838,482 triples · 14,495,525,624 bytes read
  Partitioned compression: 1000G_10000r_s2504: rdf-scan heartbeat — 92,260,976 triples · 14,562,634,532 bytes read
  Partitioned compression: 1000G_10000r_s2504: rdf-scan heartbeat — 92,683,469 triples · 14,629,743,410 bytes read
  Partitioned compression: 1000G_10000r_s2504: rdf-scan heartbeat — 93,105,963 triples · 14,696,852,349 bytes read
  Partitioned compression: 1000G_10000r_s2504: rdf-scan heartbeat — 93,528,457 triples · 14,763,961,253 bytes read
  Partitioned compression: 1000G_10000r_s2504: rdf-scan heartbeat — 93,950,951 triples · 14,831,070,161 bytes read
  Partitioned compression: 1000G_10000r_s2504: rdf-scan heartbeat — 94,373,444 triples · 14,898,179,039 bytes read
  Partitioned compression: 1000G_10000r_s2504: rdf-scan heartbeat — 94,795,938 triples · 14,965,287,978 bytes read
  Partitioned compression: 1000G_10000r_s2504: rdf-scan chunk — 95,218,370 triples · 28 chunks · 15,032,387,078 bytes read
  Partitioned compression: 1000G_10000r_s2504: hdt-chunks started — 27 chunks · hdt-build-00027
  Partitioned compression: 1000G_10000r_s2504: hdt-chunks complete — 28 chunks · hdt-build-00027
  Partitioned compression: 1000G_10000r_s2504: rdf-scan heartbeat — 95,218,432 triples · 15,032,396,882 bytes read
  Partitioned compression: 1000G_10000r_s2504: rdf-scan heartbeat — 95,640,926 triples · 15,099,505,790 bytes read
  Partitioned compression: 1000G_10000r_s2504: rdf-scan heartbeat — 96,063,419 triples · 15,166,614,668 bytes read
  Partitioned compression: 1000G_10000r_s2504: rdf-scan heartbeat — 96,485,913 triples · 15,233,723,607 bytes read
  Partitioned compression: 1000G_10000r_s2504: rdf-scan heartbeat — 96,908,407 triples · 15,300,832,511 bytes read
  Partitioned compression: 1000G_10000r_s2504: rdf-scan heartbeat — 97,330,901 triples · 15,367,941,419 bytes read
  Partitioned compression: 1000G_10000r_s2504: rdf-scan heartbeat — 97,753,394 triples · 15,435,050,297 bytes read
  Partitioned compression: 1000G_10000r_s2504: rdf-scan heartbeat — 98,175,888 triples · 15,502,159,236 bytes read
  Partitioned compression: 1000G_10000r_s2504: rdf-scan chunk — 98,598,318 triples · 29 chunks · 15,569,258,034 bytes read
  Partitioned compression: 1000G_10000r_s2504: hdt-chunks started — 28 chunks · hdt-build-00028
  Partitioned compression: 1000G_10000r_s2504: hdt-chunks complete — 29 chunks · hdt-build-00028
  Partitioned compression: 1000G_10000r_s2504: rdf-scan heartbeat — 98,598,382 triples · 15,569,268,140 bytes read
  Partitioned compression: 1000G_10000r_s2504: rdf-scan heartbeat — 99,020,876 triples · 15,636,377,048 bytes read
  Partitioned compression: 1000G_10000r_s2504: rdf-scan heartbeat — 99,443,369 triples · 15,703,485,926 bytes read
  Partitioned compression: 1000G_10000r_s2504: rdf-scan heartbeat — 99,865,863 triples · 15,770,594,865 bytes read
  Partitioned compression: 1000G_10000r_s2504: rdf-scan heartbeat — 100,288,357 triples · 15,837,703,769 bytes read
  Partitioned compression: 1000G_10000r_s2504: rdf-scan heartbeat — 100,710,851 triples · 15,904,812,677 bytes read
  Partitioned compression: 1000G_10000r_s2504: rdf-scan heartbeat — 101,133,344 triples · 15,971,921,555 bytes read
  Partitioned compression: 1000G_10000r_s2504: rdf-scan heartbeat — 101,555,838 triples · 16,039,030,494 bytes read
  Partitioned compression: 1000G_10000r_s2504: rdf-scan chunk — 101,978,266 triples · 30 chunks · 16,106,128,990 bytes read
  Partitioned compression: 1000G_10000r_s2504: hdt-chunks started — 29 chunks · hdt-build-00029
  Partitioned compression: 1000G_10000r_s2504: hdt-chunks complete — 30 chunks · hdt-build-00029
  Partitioned compression: 1000G_10000r_s2504: rdf-scan heartbeat — 101,978,332 triples · 16,106,139,398 bytes read
  Partitioned compression: 1000G_10000r_s2504: rdf-scan heartbeat — 102,400,826 triples · 16,173,248,306 bytes read
  Partitioned compression: 1000G_10000r_s2504: rdf-scan heartbeat — 102,823,319 triples · 16,240,357,184 bytes read
  Partitioned compression: 1000G_10000r_s2504: rdf-scan heartbeat — 103,245,813 triples · 16,307,466,123 bytes read
  Partitioned compression: 1000G_10000r_s2504: rdf-scan heartbeat — 103,668,307 triples · 16,374,575,027 bytes read
  Partitioned compression: 1000G_10000r_s2504: rdf-scan heartbeat — 104,090,801 triples · 16,441,683,935 bytes read
  Partitioned compression: 1000G_10000r_s2504: rdf-scan heartbeat — 104,513,294 triples · 16,508,792,813 bytes read
  Partitioned compression: 1000G_10000r_s2504: rdf-scan heartbeat — 104,935,788 triples · 16,575,901,752 bytes read
  Partitioned compression: 1000G_10000r_s2504: rdf-scan chunk — 105,358,214 triples · 31 chunks · 16,642,999,915 bytes read
  Partitioned compression: 1000G_10000r_s2504: hdt-chunks started — 30 chunks · hdt-build-00030
  Partitioned compression: 1000G_10000r_s2504: hdt-chunks complete — 31 chunks · hdt-build-00030
  Partitioned compression: 1000G_10000r_s2504: rdf-scan heartbeat — 105,358,282 triples · 16,643,010,656 bytes read
  Partitioned compression: 1000G_10000r_s2504: rdf-scan heartbeat — 105,780,776 triples · 16,710,119,564 bytes read
  Partitioned compression: 1000G_10000r_s2504: rdf-scan heartbeat — 106,203,269 triples · 16,777,228,442 bytes read
  Partitioned compression: 1000G_10000r_s2504: rdf-scan heartbeat — 106,625,763 triples · 16,844,337,381 bytes read
  Partitioned compression: 1000G_10000r_s2504: rdf-scan heartbeat — 107,048,257 triples · 16,911,446,285 bytes read
  Partitioned compression: 1000G_10000r_s2504: rdf-scan heartbeat — 107,470,751 triples · 16,978,555,193 bytes read
  Partitioned compression: 1000G_10000r_s2504: rdf-scan heartbeat — 107,893,244 triples · 17,045,664,071 bytes read
  Partitioned compression: 1000G_10000r_s2504: rdf-scan heartbeat — 108,315,738 triples · 17,112,773,010 bytes read
  Partitioned compression: 1000G_10000r_s2504: rdf-scan chunk — 108,738,163 triples · 32 chunks · 17,179,870,997 bytes read
  Partitioned compression: 1000G_10000r_s2504: hdt-chunks started — 31 chunks · hdt-build-00031
  Partitioned compression: 1000G_10000r_s2504: hdt-chunks complete — 32 chunks · hdt-build-00031
  Partitioned compression: 1000G_10000r_s2504: rdf-scan heartbeat — 108,738,232 triples · 17,179,881,914 bytes read
  Partitioned compression: 1000G_10000r_s2504: rdf-scan heartbeat — 109,160,726 triples · 17,246,990,822 bytes read
  Partitioned compression: 1000G_10000r_s2504: rdf-scan heartbeat — 109,583,219 triples · 17,314,099,700 bytes read
  Partitioned compression: 1000G_10000r_s2504: rdf-scan heartbeat — 110,005,713 triples · 17,381,208,639 bytes read
  Partitioned compression: 1000G_10000r_s2504: rdf-scan heartbeat — 110,428,207 triples · 17,448,317,543 bytes read
  Partitioned compression: 1000G_10000r_s2504: rdf-scan heartbeat — 110,850,701 triples · 17,515,426,451 bytes read
  Partitioned compression: 1000G_10000r_s2504: rdf-scan heartbeat — 111,273,194 triples · 17,582,535,329 bytes read
  Partitioned compression: 1000G_10000r_s2504: rdf-scan heartbeat — 111,695,688 triples · 17,649,644,268 bytes read
  Partitioned compression: 1000G_10000r_s2504: rdf-scan chunk — 112,118,112 triples · 33 chunks · 17,716,742,070 bytes read
  Partitioned compression: 1000G_10000r_s2504: hdt-chunks started — 32 chunks · hdt-build-00032
  Partitioned compression: 1000G_10000r_s2504: hdt-chunks complete — 33 chunks · hdt-build-00032
  Partitioned compression: 1000G_10000r_s2504: rdf-scan heartbeat — 112,118,182 triples · 17,716,753,172 bytes read
  Partitioned compression: 1000G_10000r_s2504: rdf-scan heartbeat — 112,540,676 triples · 17,783,862,080 bytes read
  Partitioned compression: 1000G_10000r_s2504: rdf-scan heartbeat — 112,963,169 triples · 17,850,970,958 bytes read
  Partitioned compression: 1000G_10000r_s2504: rdf-scan heartbeat — 113,385,663 triples · 17,918,079,897 bytes read
  Partitioned compression: 1000G_10000r_s2504: rdf-scan heartbeat — 113,808,157 triples · 17,985,188,801 bytes read
  Partitioned compression: 1000G_10000r_s2504: rdf-scan heartbeat — 114,230,651 triples · 18,052,297,709 bytes read
  Partitioned compression: 1000G_10000r_s2504: rdf-scan heartbeat — 114,653,144 triples · 18,119,406,587 bytes read
  Partitioned compression: 1000G_10000r_s2504: rdf-scan heartbeat — 115,075,638 triples · 18,186,515,526 bytes read
  Partitioned compression: 1000G_10000r_s2504: rdf-scan chunk — 115,498,060 triples · 34 chunks · 18,253,613,026 bytes read
  Partitioned compression: 1000G_10000r_s2504: hdt-chunks started — 33 chunks · hdt-build-00033
  Partitioned compression: 1000G_10000r_s2504: hdt-chunks complete — 34 chunks · hdt-build-00033
  Partitioned compression: 1000G_10000r_s2504: rdf-scan heartbeat — 115,498,132 triples · 18,253,624,430 bytes read
  Partitioned compression: 1000G_10000r_s2504: rdf-scan heartbeat — 115,920,626 triples · 18,320,733,338 bytes read
  Partitioned compression: 1000G_10000r_s2504: rdf-scan heartbeat — 116,343,119 triples · 18,387,842,216 bytes read
  Partitioned compression: 1000G_10000r_s2504: rdf-scan heartbeat — 116,765,613 triples · 18,454,951,155 bytes read
  Partitioned compression: 1000G_10000r_s2504: rdf-scan heartbeat — 117,188,107 triples · 18,522,060,059 bytes read
  Partitioned compression: 1000G_10000r_s2504: rdf-scan heartbeat — 117,610,601 triples · 18,589,168,967 bytes read
  Partitioned compression: 1000G_10000r_s2504: rdf-scan heartbeat — 118,033,094 triples · 18,656,277,845 bytes read
  Partitioned compression: 1000G_10000r_s2504: rdf-scan heartbeat — 118,455,588 triples · 18,723,386,784 bytes read
  Partitioned compression: 1000G_10000r_s2504: rdf-scan chunk — 118,878,008 triples · 35 chunks · 18,790,483,951 bytes read
  Partitioned compression: 1000G_10000r_s2504: hdt-chunks started — 34 chunks · hdt-build-00034
  Partitioned compression: 1000G_10000r_s2504: hdt-chunks complete — 35 chunks · hdt-build-00034
  Partitioned compression: 1000G_10000r_s2504: rdf-scan heartbeat — 118,878,082 triples · 18,790,495,688 bytes read
  Partitioned compression: 1000G_10000r_s2504: rdf-scan heartbeat — 119,300,576 triples · 18,857,604,596 bytes read
  Partitioned compression: 1000G_10000r_s2504: rdf-scan heartbeat — 119,723,069 triples · 18,924,713,474 bytes read
  Partitioned compression: 1000G_10000r_s2504: rdf-scan heartbeat — 120,145,563 triples · 18,991,822,413 bytes read
  Partitioned compression: 1000G_10000r_s2504: rdf-scan heartbeat — 120,568,057 triples · 19,058,931,317 bytes read
  Partitioned compression: 1000G_10000r_s2504: rdf-scan heartbeat — 120,990,551 triples · 19,126,040,225 bytes read
  Partitioned compression: 1000G_10000r_s2504: rdf-scan heartbeat — 121,413,044 triples · 19,193,149,103 bytes read
  Partitioned compression: 1000G_10000r_s2504: rdf-scan heartbeat — 121,835,538 triples · 19,260,258,042 bytes read
  Partitioned compression: 1000G_10000r_s2504: rdf-scan chunk — 122,257,957 triples · 36 chunks · 19,327,355,033 bytes read
  Partitioned compression: 1000G_10000r_s2504: hdt-chunks started — 35 chunks · hdt-build-00035
  Partitioned compression: 1000G_10000r_s2504: hdt-chunks complete — 36 chunks · hdt-build-00035
  Partitioned compression: 1000G_10000r_s2504: rdf-scan heartbeat — 122,258,032 triples · 19,327,366,946 bytes read
  Partitioned compression: 1000G_10000r_s2504: rdf-scan heartbeat — 122,680,526 triples · 19,394,475,854 bytes read
  Partitioned compression: 1000G_10000r_s2504: rdf-scan heartbeat — 123,103,019 triples · 19,461,584,732 bytes read
  Partitioned compression: 1000G_10000r_s2504: rdf-scan heartbeat — 123,525,513 triples · 19,528,693,671 bytes read
  Partitioned compression: 1000G_10000r_s2504: rdf-scan heartbeat — 123,948,007 triples · 19,595,802,575 bytes read
  Partitioned compression: 1000G_10000r_s2504: rdf-scan heartbeat — 124,370,501 triples · 19,662,911,483 bytes read
  Partitioned compression: 1000G_10000r_s2504: rdf-scan heartbeat — 124,792,994 triples · 19,730,020,361 bytes read
  Partitioned compression: 1000G_10000r_s2504: rdf-scan heartbeat — 125,215,488 triples · 19,797,129,300 bytes read
  Partitioned compression: 1000G_10000r_s2504: rdf-scan chunk — 125,637,905 triples · 37 chunks · 19,864,225,951 bytes read
  Partitioned compression: 1000G_10000r_s2504: hdt-chunks started — 36 chunks · hdt-build-00036
  Partitioned compression: 1000G_10000r_s2504: hdt-chunks complete — 37 chunks · hdt-build-00036
  Partitioned compression: 1000G_10000r_s2504: rdf-scan heartbeat — 125,637,982 triples · 19,864,238,204 bytes read
  Partitioned compression: 1000G_10000r_s2504: rdf-scan heartbeat — 126,060,476 triples · 19,931,347,112 bytes read
  Partitioned compression: 1000G_10000r_s2504: rdf-scan heartbeat — 126,482,969 triples · 19,998,455,990 bytes read
  Partitioned compression: 1000G_10000r_s2504: rdf-scan heartbeat — 126,905,463 triples · 20,065,564,929 bytes read
  Partitioned compression: 1000G_10000r_s2504: rdf-scan heartbeat — 127,327,957 triples · 20,132,673,833 bytes read
  Partitioned compression: 1000G_10000r_s2504: rdf-scan heartbeat — 127,750,451 triples · 20,199,782,741 bytes read
  Partitioned compression: 1000G_10000r_s2504: rdf-scan heartbeat — 128,172,944 triples · 20,266,891,619 bytes read
  Partitioned compression: 1000G_10000r_s2504: rdf-scan heartbeat — 128,595,438 triples · 20,334,000,558 bytes read
  Partitioned compression: 1000G_10000r_s2504: rdf-scan chunk — 129,017,853 triples · 38 chunks · 20,401,096,883 bytes read
  Partitioned compression: 1000G_10000r_s2504: hdt-chunks started — 37 chunks · hdt-build-00037
  Partitioned compression: 1000G_10000r_s2504: hdt-chunks complete — 38 chunks · hdt-build-00037
  Partitioned compression: 1000G_10000r_s2504: rdf-scan heartbeat — 129,017,932 triples · 20,401,109,462 bytes read
  Partitioned compression: 1000G_10000r_s2504: rdf-scan heartbeat — 129,440,426 triples · 20,468,218,370 bytes read
  Partitioned compression: 1000G_10000r_s2504: rdf-scan heartbeat — 129,862,919 triples · 20,535,327,248 bytes read
  Partitioned compression: 1000G_10000r_s2504: rdf-scan heartbeat — 130,285,413 triples · 20,602,436,187 bytes read
  Partitioned compression: 1000G_10000r_s2504: rdf-scan heartbeat — 130,707,907 triples · 20,669,545,091 bytes read
  Partitioned compression: 1000G_10000r_s2504: rdf-scan heartbeat — 131,130,401 triples · 20,736,653,999 bytes read
  Partitioned compression: 1000G_10000r_s2504: rdf-scan heartbeat — 131,552,894 triples · 20,803,762,877 bytes read
  Partitioned compression: 1000G_10000r_s2504: rdf-scan heartbeat — 131,975,388 triples · 20,870,871,816 bytes read
  Partitioned compression: 1000G_10000r_s2504: rdf-scan chunk — 132,397,801 triples · 39 chunks · 20,937,967,815 bytes read
  Partitioned compression: 1000G_10000r_s2504: hdt-chunks started — 38 chunks · hdt-build-00038
  Partitioned compression: 1000G_10000r_s2504: hdt-chunks complete — 39 chunks · hdt-build-00038
  Partitioned compression: 1000G_10000r_s2504: rdf-scan heartbeat — 132,397,882 triples · 20,937,980,720 bytes read
  Partitioned compression: 1000G_10000r_s2504: rdf-scan heartbeat — 132,820,376 triples · 21,005,089,628 bytes read
  Partitioned compression: 1000G_10000r_s2504: rdf-scan heartbeat — 133,242,869 triples · 21,072,198,506 bytes read
  Partitioned compression: 1000G_10000r_s2504: rdf-scan heartbeat — 133,665,363 triples · 21,139,307,445 bytes read
  Partitioned compression: 1000G_10000r_s2504: rdf-scan heartbeat — 134,087,857 triples · 21,206,416,349 bytes read
  Partitioned compression: 1000G_10000r_s2504: rdf-scan heartbeat — 134,510,351 triples · 21,273,525,257 bytes read
  Partitioned compression: 1000G_10000r_s2504: rdf-scan heartbeat — 134,932,844 triples · 21,340,634,135 bytes read
  Partitioned compression: 1000G_10000r_s2504: rdf-scan heartbeat — 135,355,338 triples · 21,407,743,074 bytes read
  Partitioned compression: 1000G_10000r_s2504: rdf-scan chunk — 135,777,749 triples · 40 chunks · 21,474,838,798 bytes read
  Partitioned compression: 1000G_10000r_s2504: hdt-chunks started — 39 chunks · hdt-build-00039
  Partitioned compression: 1000G_10000r_s2504: hdt-chunks complete — 40 chunks · hdt-build-00039
  Partitioned compression: 1000G_10000r_s2504: rdf-scan heartbeat — 135,777,832 triples · 21,474,851,978 bytes read
  Partitioned compression: 1000G_10000r_s2504: rdf-scan heartbeat — 136,200,326 triples · 21,541,960,886 bytes read
  Partitioned compression: 1000G_10000r_s2504: rdf-scan heartbeat — 136,622,819 triples · 21,609,069,764 bytes read
  Partitioned compression: 1000G_10000r_s2504: rdf-scan heartbeat — 137,045,313 triples · 21,676,178,703 bytes read
  Partitioned compression: 1000G_10000r_s2504: rdf-scan heartbeat — 137,467,807 triples · 21,743,287,607 bytes read
  Partitioned compression: 1000G_10000r_s2504: rdf-scan heartbeat — 137,890,301 triples · 21,810,396,515 bytes read
  Partitioned compression: 1000G_10000r_s2504: rdf-scan heartbeat — 138,312,794 triples · 21,877,505,393 bytes read
  Partitioned compression: 1000G_10000r_s2504: rdf-scan heartbeat — 138,735,288 triples · 21,944,614,332 bytes read
  Partitioned compression: 1000G_10000r_s2504: rdf-scan chunk — 139,157,697 triples · 41 chunks · 22,011,709,723 bytes read
  Partitioned compression: 1000G_10000r_s2504: hdt-chunks started — 40 chunks · hdt-build-00040
  Partitioned compression: 1000G_10000r_s2504: hdt-chunks complete — 41 chunks · hdt-build-00040
  Partitioned compression: 1000G_10000r_s2504: rdf-scan heartbeat — 139,157,782 triples · 22,011,723,236 bytes read
  Partitioned compression: 1000G_10000r_s2504: rdf-scan heartbeat — 139,580,276 triples · 22,078,832,144 bytes read
  Partitioned compression: 1000G_10000r_s2504: rdf-scan heartbeat — 140,002,769 triples · 22,145,941,022 bytes read
  Partitioned compression: 1000G_10000r_s2504: rdf-scan heartbeat — 140,425,263 triples · 22,213,049,961 bytes read
  Partitioned compression: 1000G_10000r_s2504: rdf-scan heartbeat — 140,847,757 triples · 22,280,158,865 bytes read
  Partitioned compression: 1000G_10000r_s2504: rdf-scan heartbeat — 141,270,251 triples · 22,347,267,773 bytes read
  Partitioned compression: 1000G_10000r_s2504: rdf-scan heartbeat — 141,692,744 triples · 22,414,376,651 bytes read
  Partitioned compression: 1000G_10000r_s2504: rdf-scan heartbeat — 142,115,238 triples · 22,481,485,590 bytes read
  Partitioned compression: 1000G_10000r_s2504: rdf-scan chunk — 142,537,645 triples · 42 chunks · 22,548,580,719 bytes read
  Partitioned compression: 1000G_10000r_s2504: hdt-chunks started — 41 chunks · hdt-build-00041
  Partitioned compression: 1000G_10000r_s2504: hdt-chunks complete — 42 chunks · hdt-build-00041
  Partitioned compression: 1000G_10000r_s2504: rdf-scan heartbeat — 142,537,732 triples · 22,548,594,494 bytes read
  Partitioned compression: 1000G_10000r_s2504: rdf-scan heartbeat — 142,960,226 triples · 22,615,703,402 bytes read
  Partitioned compression: 1000G_10000r_s2504: rdf-scan heartbeat — 143,382,719 triples · 22,682,812,280 bytes read
  Partitioned compression: 1000G_10000r_s2504: rdf-scan heartbeat — 143,805,213 triples · 22,749,921,219 bytes read
  Partitioned compression: 1000G_10000r_s2504: rdf-scan heartbeat — 144,227,707 triples · 22,817,030,123 bytes read
  Partitioned compression: 1000G_10000r_s2504: rdf-scan heartbeat — 144,650,201 triples · 22,884,139,031 bytes read
  Partitioned compression: 1000G_10000r_s2504: rdf-scan heartbeat — 145,072,694 triples · 22,951,247,909 bytes read
  Partitioned compression: 1000G_10000r_s2504: rdf-scan heartbeat — 145,495,188 triples · 23,018,356,848 bytes read
  Partitioned compression: 1000G_10000r_s2504: rdf-scan chunk — 145,917,593 triples · 43 chunks · 23,085,451,675 bytes read
  Partitioned compression: 1000G_10000r_s2504: hdt-chunks started — 42 chunks · hdt-build-00042
  Partitioned compression: 1000G_10000r_s2504: hdt-chunks complete — 43 chunks · hdt-build-00042
  Partitioned compression: 1000G_10000r_s2504: rdf-scan heartbeat — 145,917,682 triples · 23,085,465,752 bytes read
  Partitioned compression: 1000G_10000r_s2504: rdf-scan heartbeat — 146,340,176 triples · 23,152,574,660 bytes read
  Partitioned compression: 1000G_10000r_s2504: rdf-scan heartbeat — 146,762,669 triples · 23,219,683,538 bytes read
  Partitioned compression: 1000G_10000r_s2504: rdf-scan heartbeat — 147,185,163 triples · 23,286,792,477 bytes read
  Partitioned compression: 1000G_10000r_s2504: rdf-scan heartbeat — 147,607,657 triples · 23,353,901,381 bytes read
  Partitioned compression: 1000G_10000r_s2504: rdf-scan heartbeat — 148,030,151 triples · 23,421,010,289 bytes read
  Partitioned compression: 1000G_10000r_s2504: rdf-scan heartbeat — 148,452,644 triples · 23,488,119,167 bytes read
  Partitioned compression: 1000G_10000r_s2504: rdf-scan heartbeat — 148,875,138 triples · 23,555,228,106 bytes read
  Partitioned compression: 1000G_10000r_s2504: rdf-scan chunk — 149,297,541 triples · 44 chunks · 23,622,322,631 bytes read
  Partitioned compression: 1000G_10000r_s2504: hdt-chunks started — 43 chunks · hdt-build-00043
  Partitioned compression: 1000G_10000r_s2504: hdt-chunks complete — 44 chunks · hdt-build-00043
  Partitioned compression: 1000G_10000r_s2504: rdf-scan heartbeat — 149,297,632 triples · 23,622,337,010 bytes read
  Partitioned compression: 1000G_10000r_s2504: rdf-scan heartbeat — 149,720,126 triples · 23,689,445,918 bytes read
  Partitioned compression: 1000G_10000r_s2504: rdf-scan heartbeat — 150,142,619 triples · 23,756,554,796 bytes read
  Partitioned compression: 1000G_10000r_s2504: rdf-scan heartbeat — 150,565,113 triples · 23,823,663,735 bytes read
  Partitioned compression: 1000G_10000r_s2504: rdf-scan heartbeat — 150,987,607 triples · 23,890,772,639 bytes read
  Partitioned compression: 1000G_10000r_s2504: rdf-scan heartbeat — 151,410,101 triples · 23,957,881,547 bytes read
  Partitioned compression: 1000G_10000r_s2504: rdf-scan heartbeat — 151,832,594 triples · 24,024,990,425 bytes read
  Partitioned compression: 1000G_10000r_s2504: rdf-scan heartbeat — 152,255,088 triples · 24,092,099,364 bytes read
  Partitioned compression: 1000G_10000r_s2504: rdf-scan chunk — 152,677,489 triples · 45 chunks · 24,159,193,556 bytes read
  Partitioned compression: 1000G_10000r_s2504: hdt-chunks started — 44 chunks · hdt-build-00044
  Partitioned compression: 1000G_10000r_s2504: hdt-chunks complete — 45 chunks · hdt-build-00044
  Partitioned compression: 1000G_10000r_s2504: rdf-scan heartbeat — 152,677,582 triples · 24,159,208,268 bytes read
  Partitioned compression: 1000G_10000r_s2504: rdf-scan heartbeat — 153,100,076 triples · 24,226,317,176 bytes read
  Partitioned compression: 1000G_10000r_s2504: rdf-scan heartbeat — 153,522,569 triples · 24,293,426,054 bytes read
  Partitioned compression: 1000G_10000r_s2504: rdf-scan heartbeat — 153,945,063 triples · 24,360,534,993 bytes read
  Partitioned compression: 1000G_10000r_s2504: rdf-scan heartbeat — 154,367,557 triples · 24,427,643,897 bytes read
  Partitioned compression: 1000G_10000r_s2504: rdf-scan heartbeat — 154,790,051 triples · 24,494,752,805 bytes read
  Partitioned compression: 1000G_10000r_s2504: rdf-scan heartbeat — 155,212,544 triples · 24,561,861,683 bytes read
  Partitioned compression: 1000G_10000r_s2504: rdf-scan heartbeat — 155,635,038 triples · 24,628,970,622 bytes read
  Partitioned compression: 1000G_10000r_s2504: rdf-scan chunk — 156,057,438 triples · 46 chunks · 24,696,064,638 bytes read
  Partitioned compression: 1000G_10000r_s2504: hdt-chunks started — 45 chunks · hdt-build-00045
  Partitioned compression: 1000G_10000r_s2504: hdt-chunks complete — 46 chunks · hdt-build-00045
  Partitioned compression: 1000G_10000r_s2504: rdf-scan heartbeat — 156,057,532 triples · 24,696,079,526 bytes read
  Partitioned compression: 1000G_10000r_s2504: rdf-scan heartbeat — 156,480,026 triples · 24,763,188,434 bytes read
  Partitioned compression: 1000G_10000r_s2504: rdf-scan heartbeat — 156,902,519 triples · 24,830,297,312 bytes read
  Partitioned compression: 1000G_10000r_s2504: rdf-scan heartbeat — 157,325,013 triples · 24,897,406,251 bytes read
  Partitioned compression: 1000G_10000r_s2504: rdf-scan heartbeat — 157,747,507 triples · 24,964,515,155 bytes read
  Partitioned compression: 1000G_10000r_s2504: rdf-scan heartbeat — 158,170,001 triples · 25,031,624,063 bytes read
  Partitioned compression: 1000G_10000r_s2504: rdf-scan heartbeat — 158,592,494 triples · 25,098,732,941 bytes read
  Partitioned compression: 1000G_10000r_s2504: rdf-scan heartbeat — 159,014,988 triples · 25,165,841,880 bytes read
  Partitioned compression: 1000G_10000r_s2504: rdf-scan chunk — 159,437,387 triples · 47 chunks · 25,232,935,711 bytes read
  Partitioned compression: 1000G_10000r_s2504: hdt-chunks started — 46 chunks · hdt-build-00046
  Partitioned compression: 1000G_10000r_s2504: hdt-chunks complete — 47 chunks · hdt-build-00046
  Partitioned compression: 1000G_10000r_s2504: rdf-scan heartbeat — 159,437,482 triples · 25,232,950,784 bytes read
  Partitioned compression: 1000G_10000r_s2504: rdf-scan heartbeat — 159,859,976 triples · 25,300,059,692 bytes read
  Partitioned compression: 1000G_10000r_s2504: rdf-scan heartbeat — 160,282,469 triples · 25,367,168,570 bytes read
  Partitioned compression: 1000G_10000r_s2504: rdf-scan heartbeat — 160,704,963 triples · 25,434,277,509 bytes read
  Partitioned compression: 1000G_10000r_s2504: rdf-scan heartbeat — 161,127,457 triples · 25,501,386,413 bytes read
  Partitioned compression: 1000G_10000r_s2504: rdf-scan heartbeat — 161,549,951 triples · 25,568,495,321 bytes read
  Partitioned compression: 1000G_10000r_s2504: rdf-scan heartbeat — 161,972,444 triples · 25,635,604,199 bytes read
  Partitioned compression: 1000G_10000r_s2504: rdf-scan heartbeat — 162,394,938 triples · 25,702,713,138 bytes read
  Partitioned compression: 1000G_10000r_s2504: rdf-scan chunk — 162,817,335 triples · 48 chunks · 25,769,806,667 bytes read
  Partitioned compression: 1000G_10000r_s2504: hdt-chunks started — 47 chunks · hdt-build-00047
  Partitioned compression: 1000G_10000r_s2504: hdt-chunks complete — 48 chunks · hdt-build-00047
  Partitioned compression: 1000G_10000r_s2504: rdf-scan heartbeat — 162,817,432 triples · 25,769,822,042 bytes read
  Partitioned compression: 1000G_10000r_s2504: rdf-scan heartbeat — 163,239,926 triples · 25,836,930,950 bytes read
  Partitioned compression: 1000G_10000r_s2504: rdf-scan heartbeat — 163,662,419 triples · 25,904,039,828 bytes read
  Partitioned compression: 1000G_10000r_s2504: rdf-scan heartbeat — 164,084,913 triples · 25,971,148,767 bytes read
  Partitioned compression: 1000G_10000r_s2504: rdf-scan heartbeat — 164,507,407 triples · 26,038,257,671 bytes read
  Partitioned compression: 1000G_10000r_s2504: rdf-scan heartbeat — 164,929,901 triples · 26,105,366,579 bytes read
  Partitioned compression: 1000G_10000r_s2504: rdf-scan heartbeat — 165,352,394 triples · 26,172,475,457 bytes read
  Partitioned compression: 1000G_10000r_s2504: rdf-scan heartbeat — 165,774,888 triples · 26,239,584,396 bytes read
  Partitioned compression: 1000G_10000r_s2504: rdf-scan chunk — 166,197,283 triples · 49 chunks · 26,306,677,592 bytes read
  Partitioned compression: 1000G_10000r_s2504: hdt-chunks started — 48 chunks · hdt-build-00048
  Partitioned compression: 1000G_10000r_s2504: hdt-chunks complete — 49 chunks · hdt-build-00048
  Partitioned compression: 1000G_10000r_s2504: rdf-scan heartbeat — 166,197,382 triples · 26,306,693,300 bytes read
  Partitioned compression: 1000G_10000r_s2504: rdf-scan heartbeat — 166,619,876 triples · 26,373,802,208 bytes read
  Partitioned compression: 1000G_10000r_s2504: rdf-scan heartbeat — 167,042,369 triples · 26,440,911,086 bytes read
  Partitioned compression: 1000G_10000r_s2504: rdf-scan heartbeat — 167,464,863 triples · 26,508,020,025 bytes read
  Partitioned compression: 1000G_10000r_s2504: rdf-scan heartbeat — 167,887,357 triples · 26,575,128,929 bytes read
  Partitioned compression: 1000G_10000r_s2504: rdf-scan heartbeat — 168,309,851 triples · 26,642,237,837 bytes read
  Partitioned compression: 1000G_10000r_s2504: rdf-scan heartbeat — 168,732,344 triples · 26,709,346,715 bytes read
  Partitioned compression: 1000G_10000r_s2504: rdf-scan heartbeat — 169,154,838 triples · 26,776,455,654 bytes read
  Partitioned compression: 1000G_10000r_s2504: rdf-scan chunk — 169,577,232 triples · 50 chunks · 26,843,548,674 bytes read
  Partitioned compression: 1000G_10000r_s2504: hdt-chunks started — 49 chunks · hdt-build-00049
  Partitioned compression: 1000G_10000r_s2504: hdt-chunks complete — 50 chunks · hdt-build-00049
  Partitioned compression: 1000G_10000r_s2504: rdf-scan heartbeat — 169,577,332 triples · 26,843,564,558 bytes read
  Partitioned compression: 1000G_10000r_s2504: rdf-scan heartbeat — 169,999,826 triples · 26,910,673,466 bytes read
  Partitioned compression: 1000G_10000r_s2504: rdf-scan heartbeat — 170,422,319 triples · 26,977,782,344 bytes read
  Partitioned compression: 1000G_10000r_s2504: rdf-scan heartbeat — 170,844,813 triples · 27,044,891,283 bytes read
  Partitioned compression: 1000G_10000r_s2504: rdf-scan heartbeat — 171,267,307 triples · 27,112,000,187 bytes read
  Partitioned compression: 1000G_10000r_s2504: rdf-scan heartbeat — 171,689,801 triples · 27,179,109,095 bytes read
  Partitioned compression: 1000G_10000r_s2504: rdf-scan heartbeat — 172,112,294 triples · 27,246,217,973 bytes read
  Partitioned compression: 1000G_10000r_s2504: rdf-scan heartbeat — 172,534,788 triples · 27,313,326,912 bytes read
  Partitioned compression: 1000G_10000r_s2504: rdf-scan chunk — 172,957,180 triples · 51 chunks · 27,380,419,592 bytes read
  Partitioned compression: 1000G_10000r_s2504: hdt-chunks started — 50 chunks · hdt-build-00050
  Partitioned compression: 1000G_10000r_s2504: hdt-chunks complete — 51 chunks · hdt-build-00050
  Partitioned compression: 1000G_10000r_s2504: rdf-scan heartbeat — 172,957,282 triples · 27,380,435,816 bytes read
  Partitioned compression: 1000G_10000r_s2504: rdf-scan heartbeat — 173,379,776 triples · 27,447,544,724 bytes read
  Partitioned compression: 1000G_10000r_s2504: rdf-scan heartbeat — 173,802,269 triples · 27,514,653,602 bytes read
  Partitioned compression: 1000G_10000r_s2504: rdf-scan heartbeat — 174,224,763 triples · 27,581,762,541 bytes read
  Partitioned compression: 1000G_10000r_s2504: rdf-scan heartbeat — 174,647,257 triples · 27,648,871,445 bytes read
  Partitioned compression: 1000G_10000r_s2504: rdf-scan heartbeat — 175,069,751 triples · 27,715,980,353 bytes read
  Partitioned compression: 1000G_10000r_s2504: rdf-scan heartbeat — 175,492,244 triples · 27,783,089,231 bytes read
  Partitioned compression: 1000G_10000r_s2504: rdf-scan heartbeat — 175,914,738 triples · 27,850,198,170 bytes read
  Partitioned compression: 1000G_10000r_s2504: rdf-scan chunk — 176,337,128 triples · 52 chunks · 27,917,290,524 bytes read
  Partitioned compression: 1000G_10000r_s2504: hdt-chunks started — 51 chunks · hdt-build-00051
  Partitioned compression: 1000G_10000r_s2504: hdt-chunks complete — 52 chunks · hdt-build-00051
  Partitioned compression: 1000G_10000r_s2504: rdf-scan heartbeat — 176,337,232 triples · 27,917,307,074 bytes read
  Partitioned compression: 1000G_10000r_s2504: rdf-scan heartbeat — 176,759,726 triples · 27,984,415,982 bytes read
  Partitioned compression: 1000G_10000r_s2504: rdf-scan heartbeat — 177,182,219 triples · 28,051,524,860 bytes read
  Partitioned compression: 1000G_10000r_s2504: rdf-scan heartbeat — 177,604,713 triples · 28,118,633,799 bytes read
  Partitioned compression: 1000G_10000r_s2504: rdf-scan heartbeat — 178,027,207 triples · 28,185,742,703 bytes read
  Partitioned compression: 1000G_10000r_s2504: rdf-scan heartbeat — 178,449,701 triples · 28,252,851,611 bytes read
  Partitioned compression: 1000G_10000r_s2504: rdf-scan heartbeat — 178,872,194 triples · 28,319,960,489 bytes read
  Partitioned compression: 1000G_10000r_s2504: rdf-scan heartbeat — 179,294,688 triples · 28,387,069,428 bytes read
  Partitioned compression: 1000G_10000r_s2504: rdf-scan chunk — 179,717,076 triples · 53 chunks · 28,454,161,456 bytes read
  Partitioned compression: 1000G_10000r_s2504: hdt-chunks started — 52 chunks · hdt-build-00052
  Partitioned compression: 1000G_10000r_s2504: hdt-chunks complete — 53 chunks · hdt-build-00052
  Partitioned compression: 1000G_10000r_s2504: rdf-scan heartbeat — 179,717,182 triples · 28,454,178,332 bytes read
  Partitioned compression: 1000G_10000r_s2504: rdf-scan heartbeat — 180,139,676 triples · 28,521,287,240 bytes read
  Partitioned compression: 1000G_10000r_s2504: rdf-scan heartbeat — 180,562,169 triples · 28,588,396,118 bytes read
  Partitioned compression: 1000G_10000r_s2504: rdf-scan heartbeat — 180,984,663 triples · 28,655,505,057 bytes read
  Partitioned compression: 1000G_10000r_s2504: rdf-scan heartbeat — 181,407,157 triples · 28,722,613,961 bytes read
  Partitioned compression: 1000G_10000r_s2504: rdf-scan heartbeat — 181,829,651 triples · 28,789,722,869 bytes read
  Partitioned compression: 1000G_10000r_s2504: rdf-scan heartbeat — 182,252,144 triples · 28,856,831,747 bytes read
  Partitioned compression: 1000G_10000r_s2504: rdf-scan heartbeat — 182,674,638 triples · 28,923,940,686 bytes read
  Partitioned compression: 1000G_10000r_s2504: rdf-scan chunk — 183,097,024 triples · 54 chunks · 28,991,032,439 bytes read
  Partitioned compression: 1000G_10000r_s2504: hdt-chunks started — 53 chunks · hdt-build-00053
  Partitioned compression: 1000G_10000r_s2504: hdt-chunks complete — 54 chunks · hdt-build-00053
  Partitioned compression: 1000G_10000r_s2504: rdf-scan heartbeat — 183,097,132 triples · 28,991,049,590 bytes read
  Partitioned compression: 1000G_10000r_s2504: rdf-scan heartbeat — 183,519,626 triples · 29,058,158,498 bytes read
  Partitioned compression: 1000G_10000r_s2504: rdf-scan heartbeat — 183,942,119 triples · 29,125,267,376 bytes read
  Partitioned compression: 1000G_10000r_s2504: rdf-scan heartbeat — 184,364,613 triples · 29,192,376,315 bytes read
  Partitioned compression: 1000G_10000r_s2504: rdf-scan heartbeat — 184,787,107 triples · 29,259,485,219 bytes read
  Partitioned compression: 1000G_10000r_s2504: rdf-scan heartbeat — 185,209,601 triples · 29,326,594,127 bytes read
  Partitioned compression: 1000G_10000r_s2504: rdf-scan heartbeat — 185,632,094 triples · 29,393,703,005 bytes read
  Partitioned compression: 1000G_10000r_s2504: rdf-scan heartbeat — 186,054,588 triples · 29,460,811,944 bytes read
  Partitioned compression: 1000G_10000r_s2504: rdf-scan chunk — 186,476,972 triples · 55 chunks · 29,527,903,364 bytes read
  Partitioned compression: 1000G_10000r_s2504: hdt-chunks started — 54 chunks · hdt-build-00054
  Partitioned compression: 1000G_10000r_s2504: hdt-chunks complete — 55 chunks · hdt-build-00054
  Partitioned compression: 1000G_10000r_s2504: rdf-scan heartbeat — 186,477,082 triples · 29,527,920,848 bytes read
  Partitioned compression: 1000G_10000r_s2504: rdf-scan heartbeat — 186,899,576 triples · 29,595,029,756 bytes read
  Partitioned compression: 1000G_10000r_s2504: rdf-scan heartbeat — 187,322,069 triples · 29,662,138,634 bytes read
  Partitioned compression: 1000G_10000r_s2504: rdf-scan heartbeat — 187,744,563 triples · 29,729,247,573 bytes read
  Partitioned compression: 1000G_10000r_s2504: rdf-scan heartbeat — 188,167,057 triples · 29,796,356,477 bytes read
  Partitioned compression: 1000G_10000r_s2504: rdf-scan heartbeat — 188,589,551 triples · 29,863,465,385 bytes read
  Partitioned compression: 1000G_10000r_s2504: rdf-scan heartbeat — 189,012,044 triples · 29,930,574,263 bytes read
  Partitioned compression: 1000G_10000r_s2504: rdf-scan heartbeat — 189,434,538 triples · 29,997,683,202 bytes read
  Partitioned compression: 1000G_10000r_s2504: rdf-scan chunk — 189,856,920 triples · 56 chunks · 30,064,774,360 bytes read
  Partitioned compression: 1000G_10000r_s2504: hdt-chunks started — 55 chunks · hdt-build-00055
  Partitioned compression: 1000G_10000r_s2504: hdt-chunks complete — 56 chunks · hdt-build-00055
  Partitioned compression: 1000G_10000r_s2504: rdf-scan heartbeat — 189,857,032 triples · 30,064,792,106 bytes read
  Partitioned compression: 1000G_10000r_s2504: rdf-scan heartbeat — 190,279,526 triples · 30,131,901,014 bytes read
  Partitioned compression: 1000G_10000r_s2504: rdf-scan heartbeat — 190,702,019 triples · 30,199,009,892 bytes read
  Partitioned compression: 1000G_10000r_s2504: rdf-scan heartbeat — 191,124,513 triples · 30,266,118,831 bytes read
  Partitioned compression: 1000G_10000r_s2504: rdf-scan heartbeat — 191,547,007 triples · 30,333,227,735 bytes read
  Partitioned compression: 1000G_10000r_s2504: rdf-scan heartbeat — 191,969,501 triples · 30,400,336,643 bytes read
  Partitioned compression: 1000G_10000r_s2504: rdf-scan heartbeat — 192,391,994 triples · 30,467,445,521 bytes read
  Partitioned compression: 1000G_10000r_s2504: rdf-scan heartbeat — 192,814,488 triples · 30,534,554,460 bytes read
  Partitioned compression: 1000G_10000r_s2504: rdf-scan chunk — 193,236,868 triples · 57 chunks · 30,601,645,316 bytes read
  Partitioned compression: 1000G_10000r_s2504: hdt-chunks started — 56 chunks · hdt-build-00056
  Partitioned compression: 1000G_10000r_s2504: hdt-chunks complete — 57 chunks · hdt-build-00056
  Partitioned compression: 1000G_10000r_s2504: rdf-scan heartbeat — 193,236,982 triples · 30,601,663,364 bytes read
  Partitioned compression: 1000G_10000r_s2504: rdf-scan heartbeat — 193,659,476 triples · 30,668,772,272 bytes read
  Partitioned compression: 1000G_10000r_s2504: rdf-scan heartbeat — 194,081,969 triples · 30,735,881,150 bytes read
  Partitioned compression: 1000G_10000r_s2504: rdf-scan heartbeat — 194,504,463 triples · 30,802,990,089 bytes read
  Partitioned compression: 1000G_10000r_s2504: rdf-scan heartbeat — 194,926,957 triples · 30,870,098,993 bytes read
  Partitioned compression: 1000G_10000r_s2504: rdf-scan heartbeat — 195,349,451 triples · 30,937,207,901 bytes read
  Partitioned compression: 1000G_10000r_s2504: rdf-scan heartbeat — 195,771,944 triples · 31,004,316,779 bytes read
  Partitioned compression: 1000G_10000r_s2504: rdf-scan heartbeat — 196,194,438 triples · 31,071,425,718 bytes read
  Partitioned compression: 1000G_10000r_s2504: rdf-scan chunk — 196,616,816 triples · 58 chunks · 31,138,516,272 bytes read
  Partitioned compression: 1000G_10000r_s2504: hdt-chunks started — 57 chunks · hdt-build-00057
  Partitioned compression: 1000G_10000r_s2504: hdt-chunks complete — 58 chunks · hdt-build-00057
  Partitioned compression: 1000G_10000r_s2504: rdf-scan heartbeat — 196,616,932 triples · 31,138,534,622 bytes read
  Partitioned compression: 1000G_10000r_s2504: rdf-scan heartbeat — 197,039,426 triples · 31,205,643,530 bytes read
  Partitioned compression: 1000G_10000r_s2504: rdf-scan heartbeat — 197,461,919 triples · 31,272,752,408 bytes read
  Partitioned compression: 1000G_10000r_s2504: rdf-scan heartbeat — 197,884,413 triples · 31,339,861,347 bytes read
  Partitioned compression: 1000G_10000r_s2504: rdf-scan heartbeat — 198,306,907 triples · 31,406,970,251 bytes read
  Partitioned compression: 1000G_10000r_s2504: rdf-scan heartbeat — 198,729,401 triples · 31,474,079,159 bytes read
  Partitioned compression: 1000G_10000r_s2504: rdf-scan heartbeat — 199,151,894 triples · 31,541,188,037 bytes read
  Partitioned compression: 1000G_10000r_s2504: rdf-scan heartbeat — 199,574,388 triples · 31,608,296,976 bytes read
  Partitioned compression: 1000G_10000r_s2504: rdf-scan chunk — 199,996,764 triples · 59 chunks · 31,675,387,197 bytes read
  Partitioned compression: 1000G_10000r_s2504: hdt-chunks started — 58 chunks · hdt-build-00058
  Partitioned compression: 1000G_10000r_s2504: hdt-chunks complete — 59 chunks · hdt-build-00058
  Partitioned compression: 1000G_10000r_s2504: rdf-scan heartbeat — 199,996,882 triples · 31,675,405,880 bytes read
  Partitioned compression: 1000G_10000r_s2504: rdf-scan heartbeat — 200,419,376 triples · 31,742,514,788 bytes read
  Partitioned compression: 1000G_10000r_s2504: rdf-scan heartbeat — 200,841,869 triples · 31,809,623,666 bytes read
  Partitioned compression: 1000G_10000r_s2504: rdf-scan heartbeat — 201,264,363 triples · 31,876,732,605 bytes read
  Partitioned compression: 1000G_10000r_s2504: rdf-scan heartbeat — 201,686,857 triples · 31,943,841,509 bytes read
  Partitioned compression: 1000G_10000r_s2504: rdf-scan heartbeat — 202,109,351 triples · 32,010,950,417 bytes read
  Partitioned compression: 1000G_10000r_s2504: rdf-scan heartbeat — 202,531,844 triples · 32,078,059,295 bytes read
  Partitioned compression: 1000G_10000r_s2504: rdf-scan heartbeat — 202,954,338 triples · 32,145,168,234 bytes read
  Partitioned compression: 1000G_10000r_s2504: rdf-scan chunk — 203,376,713 triples · 60 chunks · 32,212,258,279 bytes read
  Partitioned compression: 1000G_10000r_s2504: hdt-chunks started — 59 chunks · hdt-build-00059
  Partitioned compression: 1000G_10000r_s2504: hdt-chunks complete — 60 chunks · hdt-build-00059
  Partitioned compression: 1000G_10000r_s2504: rdf-scan heartbeat — 203,376,832 triples · 32,212,277,138 bytes read
  Partitioned compression: 1000G_10000r_s2504: rdf-scan heartbeat — 203,799,326 triples · 32,279,386,046 bytes read
  Partitioned compression: 1000G_10000r_s2504: rdf-scan heartbeat — 204,221,819 triples · 32,346,494,924 bytes read
  Partitioned compression: 1000G_10000r_s2504: rdf-scan heartbeat — 204,644,313 triples · 32,413,603,863 bytes read
  Partitioned compression: 1000G_10000r_s2504: rdf-scan heartbeat — 205,066,807 triples · 32,480,712,767 bytes read
  Partitioned compression: 1000G_10000r_s2504: rdf-scan heartbeat — 205,489,301 triples · 32,547,821,675 bytes read
  Partitioned compression: 1000G_10000r_s2504: rdf-scan heartbeat — 205,911,794 triples · 32,614,930,553 bytes read
  Partitioned compression: 1000G_10000r_s2504: rdf-scan heartbeat — 206,334,288 triples · 32,682,039,492 bytes read
  Partitioned compression: 1000G_10000r_s2504: rdf-scan chunk — 206,756,662 triples · 61 chunks · 32,749,129,352 bytes read
  Partitioned compression: 1000G_10000r_s2504: hdt-chunks started — 60 chunks · hdt-build-00060
  Partitioned compression: 1000G_10000r_s2504: hdt-chunks complete — 61 chunks · hdt-build-00060
  Partitioned compression: 1000G_10000r_s2504: rdf-scan heartbeat — 206,756,782 triples · 32,749,148,396 bytes read
  Partitioned compression: 1000G_10000r_s2504: rdf-scan heartbeat — 207,179,276 triples · 32,816,257,304 bytes read
  Partitioned compression: 1000G_10000r_s2504: rdf-scan heartbeat — 207,601,769 triples · 32,883,366,182 bytes read
  Partitioned compression: 1000G_10000r_s2504: rdf-scan heartbeat — 208,024,263 triples · 32,950,475,121 bytes read
  Partitioned compression: 1000G_10000r_s2504: rdf-scan heartbeat — 208,446,757 triples · 33,017,584,025 bytes read
  Partitioned compression: 1000G_10000r_s2504: rdf-scan heartbeat — 208,869,251 triples · 33,084,692,933 bytes read
  Partitioned compression: 1000G_10000r_s2504: rdf-scan heartbeat — 209,291,744 triples · 33,151,801,811 bytes read
  Partitioned compression: 1000G_10000r_s2504: rdf-scan heartbeat — 209,714,238 triples · 33,218,910,750 bytes read
  Partitioned compression: 1000G_10000r_s2504: rdf-scan chunk — 210,136,610 triples · 62 chunks · 33,286,000,308 bytes read
  Partitioned compression: 1000G_10000r_s2504: hdt-chunks started — 61 chunks · hdt-build-00061
  Partitioned compression: 1000G_10000r_s2504: hdt-chunks complete — 62 chunks · hdt-build-00061
  Partitioned compression: 1000G_10000r_s2504: rdf-scan heartbeat — 210,136,732 triples · 33,286,019,654 bytes read
  Partitioned compression: 1000G_10000r_s2504: rdf-scan heartbeat — 210,559,226 triples · 33,353,128,562 bytes read
  Partitioned compression: 1000G_10000r_s2504: rdf-scan heartbeat — 210,981,719 triples · 33,420,237,440 bytes read
  Partitioned compression: 1000G_10000r_s2504: rdf-scan heartbeat — 211,404,213 triples · 33,487,346,379 bytes read
  Partitioned compression: 1000G_10000r_s2504: rdf-scan heartbeat — 211,826,707 triples · 33,554,455,283 bytes read
  Partitioned compression: 1000G_10000r_s2504: rdf-scan heartbeat — 212,249,201 triples · 33,621,564,191 bytes read
  Partitioned compression: 1000G_10000r_s2504: rdf-scan heartbeat — 212,671,694 triples · 33,688,673,069 bytes read
  Partitioned compression: 1000G_10000r_s2504: rdf-scan heartbeat — 213,094,188 triples · 33,755,782,008 bytes read
  Partitioned compression: 1000G_10000r_s2504: rdf-scan chunk — 213,516,558 triples · 63 chunks · 33,822,871,233 bytes read
  Partitioned compression: 1000G_10000r_s2504: hdt-chunks started — 62 chunks · hdt-build-00062
  Partitioned compression: 1000G_10000r_s2504: hdt-chunks complete — 63 chunks · hdt-build-00062
  Partitioned compression: 1000G_10000r_s2504: rdf-scan heartbeat — 213,516,682 triples · 33,822,890,912 bytes read
  Partitioned compression: 1000G_10000r_s2504: rdf-scan heartbeat — 213,939,176 triples · 33,889,999,820 bytes read
  Partitioned compression: 1000G_10000r_s2504: rdf-scan heartbeat — 214,361,669 triples · 33,957,108,698 bytes read
  Partitioned compression: 1000G_10000r_s2504: rdf-scan heartbeat — 214,784,163 triples · 34,024,217,637 bytes read
  Partitioned compression: 1000G_10000r_s2504: rdf-scan heartbeat — 215,206,657 triples · 34,091,326,541 bytes read
  Partitioned compression: 1000G_10000r_s2504: rdf-scan heartbeat — 215,629,151 triples · 34,158,435,449 bytes read
  Partitioned compression: 1000G_10000r_s2504: rdf-scan heartbeat — 216,051,644 triples · 34,225,544,327 bytes read
  Partitioned compression: 1000G_10000r_s2504: rdf-scan heartbeat — 216,474,138 triples · 34,292,653,266 bytes read
  Partitioned compression: 1000G_10000r_s2504: rdf-scan chunk — 216,896,507 triples · 64 chunks · 34,359,742,315 bytes read
  Partitioned compression: 1000G_10000r_s2504: hdt-chunks started — 63 chunks · hdt-build-00063
  Partitioned compression: 1000G_10000r_s2504: hdt-chunks complete — 64 chunks · hdt-build-00063
  Partitioned compression: 1000G_10000r_s2504: rdf-scan heartbeat — 216,896,632 triples · 34,359,762,170 bytes read
  Partitioned compression: 1000G_10000r_s2504: rdf-scan heartbeat — 217,319,126 triples · 34,426,871,078 bytes read
  Partitioned compression: 1000G_10000r_s2504: rdf-scan heartbeat — 217,741,619 triples · 34,493,979,956 bytes read
  Partitioned compression: 1000G_10000r_s2504: rdf-scan heartbeat — 218,164,113 triples · 34,561,088,895 bytes read
  Partitioned compression: 1000G_10000r_s2504: rdf-scan heartbeat — 218,586,607 triples · 34,628,197,799 bytes read
  Partitioned compression: 1000G_10000r_s2504: rdf-scan heartbeat — 219,009,101 triples · 34,695,306,707 bytes read
  Partitioned compression: 1000G_10000r_s2504: rdf-scan heartbeat — 219,431,594 triples · 34,762,415,585 bytes read
  Partitioned compression: 1000G_10000r_s2504: rdf-scan heartbeat — 219,854,088 triples · 34,829,524,524 bytes read
  Partitioned compression: 1000G_10000r_s2504: rdf-scan chunk — 220,276,455 triples · 65 chunks · 34,896,613,233 bytes read
  Partitioned compression: 1000G_10000r_s2504: hdt-chunks started — 64 chunks · hdt-build-00064
  Partitioned compression: 1000G_10000r_s2504: hdt-chunks complete — 65 chunks · hdt-build-00064
  Partitioned compression: 1000G_10000r_s2504: rdf-scan heartbeat — 220,276,582 triples · 34,896,633,428 bytes read
  Partitioned compression: 1000G_10000r_s2504: rdf-scan heartbeat — 220,699,076 triples · 34,963,742,336 bytes read
  Partitioned compression: 1000G_10000r_s2504: rdf-scan heartbeat — 221,121,569 triples · 35,030,851,214 bytes read
  Partitioned compression: 1000G_10000r_s2504: rdf-scan heartbeat — 221,544,063 triples · 35,097,960,153 bytes read
  Partitioned compression: 1000G_10000r_s2504: rdf-scan heartbeat — 221,966,557 triples · 35,165,069,057 bytes read
  Partitioned compression: 1000G_10000r_s2504: rdf-scan heartbeat — 222,389,051 triples · 35,232,177,965 bytes read
  Partitioned compression: 1000G_10000r_s2504: rdf-scan heartbeat — 222,811,544 triples · 35,299,286,843 bytes read
  Partitioned compression: 1000G_10000r_s2504: rdf-scan heartbeat — 223,234,038 triples · 35,366,395,782 bytes read
  Partitioned compression: 1000G_10000r_s2504: rdf-scan chunk — 223,656,403 triples · 66 chunks · 35,433,484,165 bytes read
  Partitioned compression: 1000G_10000r_s2504: hdt-chunks started — 65 chunks · hdt-build-00065
  Partitioned compression: 1000G_10000r_s2504: hdt-chunks complete — 66 chunks · hdt-build-00065
  Partitioned compression: 1000G_10000r_s2504: rdf-scan heartbeat — 223,656,532 triples · 35,433,504,686 bytes read
  Partitioned compression: 1000G_10000r_s2504: rdf-scan heartbeat — 224,079,026 triples · 35,500,613,594 bytes read
  Partitioned compression: 1000G_10000r_s2504: rdf-scan heartbeat — 224,501,519 triples · 35,567,722,472 bytes read
  Partitioned compression: 1000G_10000r_s2504: rdf-scan heartbeat — 224,924,013 triples · 35,634,831,411 bytes read
  Partitioned compression: 1000G_10000r_s2504: rdf-scan heartbeat — 225,346,507 triples · 35,701,940,315 bytes read
  Partitioned compression: 1000G_10000r_s2504: rdf-scan heartbeat — 225,769,001 triples · 35,769,049,223 bytes read
  Partitioned compression: 1000G_10000r_s2504: rdf-scan heartbeat — 226,191,494 triples · 35,836,158,101 bytes read
  Partitioned compression: 1000G_10000r_s2504: rdf-scan heartbeat — 226,613,988 triples · 35,903,267,040 bytes read
  Partitioned compression: 1000G_10000r_s2504: rdf-scan chunk — 227,036,351 triples · 67 chunks · 35,970,355,097 bytes read
  Partitioned compression: 1000G_10000r_s2504: hdt-chunks started — 66 chunks · hdt-build-00066
  Partitioned compression: 1000G_10000r_s2504: hdt-chunks complete — 67 chunks · hdt-build-00066
  Partitioned compression: 1000G_10000r_s2504: rdf-scan heartbeat — 227,036,482 triples · 35,970,375,944 bytes read
  Partitioned compression: 1000G_10000r_s2504: rdf-scan heartbeat — 227,458,976 triples · 36,037,484,852 bytes read
  Partitioned compression: 1000G_10000r_s2504: rdf-scan heartbeat — 227,881,469 triples · 36,104,593,730 bytes read
  Partitioned compression: 1000G_10000r_s2504: rdf-scan heartbeat — 228,303,963 triples · 36,171,702,669 bytes read
  Partitioned compression: 1000G_10000r_s2504: rdf-scan heartbeat — 228,726,457 triples · 36,238,811,573 bytes read
  Partitioned compression: 1000G_10000r_s2504: rdf-scan heartbeat — 229,148,951 triples · 36,305,920,481 bytes read
  Partitioned compression: 1000G_10000r_s2504: rdf-scan heartbeat — 229,571,444 triples · 36,373,029,359 bytes read
  Partitioned compression: 1000G_10000r_s2504: rdf-scan heartbeat — 229,993,938 triples · 36,440,138,298 bytes read
  Partitioned compression: 1000G_10000r_s2504: rdf-scan chunk — 230,416,299 triples · 68 chunks · 36,507,226,080 bytes read
  Partitioned compression: 1000G_10000r_s2504: hdt-chunks started — 67 chunks · hdt-build-00067
  Partitioned compression: 1000G_10000r_s2504: hdt-chunks complete — 68 chunks · hdt-build-00067
  Partitioned compression: 1000G_10000r_s2504: rdf-scan heartbeat — 230,416,432 triples · 36,507,247,202 bytes read
  Partitioned compression: 1000G_10000r_s2504: rdf-scan heartbeat — 230,838,926 triples · 36,574,356,110 bytes read
  Partitioned compression: 1000G_10000r_s2504: rdf-scan heartbeat — 231,261,419 triples · 36,641,464,988 bytes read
  Partitioned compression: 1000G_10000r_s2504: rdf-scan heartbeat — 231,683,913 triples · 36,708,573,927 bytes read
  Partitioned compression: 1000G_10000r_s2504: rdf-scan heartbeat — 232,106,407 triples · 36,775,682,831 bytes read
  Partitioned compression: 1000G_10000r_s2504: rdf-scan heartbeat — 232,528,901 triples · 36,842,791,739 bytes read
  Partitioned compression: 1000G_10000r_s2504: rdf-scan heartbeat — 232,951,394 triples · 36,909,900,617 bytes read
  Partitioned compression: 1000G_10000r_s2504: rdf-scan heartbeat — 233,373,888 triples · 36,977,009,556 bytes read
  Partitioned compression: 1000G_10000r_s2504: rdf-scan chunk — 233,796,247 triples · 69 chunks · 37,044,097,005 bytes read
  Partitioned compression: 1000G_10000r_s2504: hdt-chunks started — 68 chunks · hdt-build-00068
  Partitioned compression: 1000G_10000r_s2504: hdt-chunks complete — 69 chunks · hdt-build-00068
  Partitioned compression: 1000G_10000r_s2504: rdf-scan heartbeat — 233,796,382 triples · 37,044,118,460 bytes read
  Partitioned compression: 1000G_10000r_s2504: rdf-scan heartbeat — 234,218,876 triples · 37,111,227,368 bytes read
  Partitioned compression: 1000G_10000r_s2504: rdf-scan heartbeat — 234,641,369 triples · 37,178,336,246 bytes read
  Partitioned compression: 1000G_10000r_s2504: rdf-scan heartbeat — 235,063,863 triples · 37,245,445,185 bytes read
  Partitioned compression: 1000G_10000r_s2504: rdf-scan heartbeat — 235,486,357 triples · 37,312,554,089 bytes read
  Partitioned compression: 1000G_10000r_s2504: rdf-scan heartbeat — 235,908,851 triples · 37,379,662,997 bytes read
  Partitioned compression: 1000G_10000r_s2504: rdf-scan heartbeat — 236,331,344 triples · 37,446,771,875 bytes read
  Partitioned compression: 1000G_10000r_s2504: rdf-scan heartbeat — 236,753,838 triples · 37,513,880,814 bytes read
  Partitioned compression: 1000G_10000r_s2504: rdf-scan chunk — 237,176,195 triples · 70 chunks · 37,580,968,001 bytes read
  Partitioned compression: 1000G_10000r_s2504: hdt-chunks started — 69 chunks · hdt-build-00069
  Partitioned compression: 1000G_10000r_s2504: hdt-chunks complete — 70 chunks · hdt-build-00069
  Partitioned compression: 1000G_10000r_s2504: rdf-scan heartbeat — 237,176,332 triples · 37,580,989,718 bytes read
  Partitioned compression: 1000G_10000r_s2504: rdf-scan heartbeat — 237,598,826 triples · 37,648,098,626 bytes read
  Partitioned compression: 1000G_10000r_s2504: rdf-scan heartbeat — 238,021,319 triples · 37,715,207,504 bytes read
  Partitioned compression: 1000G_10000r_s2504: rdf-scan heartbeat — 238,443,813 triples · 37,782,316,443 bytes read
  Partitioned compression: 1000G_10000r_s2504: rdf-scan heartbeat — 238,866,307 triples · 37,849,425,347 bytes read
  Partitioned compression: 1000G_10000r_s2504: rdf-scan heartbeat — 239,288,801 triples · 37,916,534,255 bytes read
  Partitioned compression: 1000G_10000r_s2504: rdf-scan heartbeat — 239,711,294 triples · 37,983,643,133 bytes read
  Partitioned compression: 1000G_10000r_s2504: rdf-scan heartbeat — 240,133,788 triples · 38,050,752,072 bytes read
  Partitioned compression: 1000G_10000r_s2504: rdf-scan chunk — 240,556,143 triples · 71 chunks · 38,117,838,957 bytes read
  Partitioned compression: 1000G_10000r_s2504: hdt-chunks started — 70 chunks · hdt-build-00070
  Partitioned compression: 1000G_10000r_s2504: hdt-chunks complete — 71 chunks · hdt-build-00070
  Partitioned compression: 1000G_10000r_s2504: rdf-scan heartbeat — 240,556,282 triples · 38,117,860,976 bytes read
  Partitioned compression: 1000G_10000r_s2504: rdf-scan heartbeat — 240,978,776 triples · 38,184,969,884 bytes read
  Partitioned compression: 1000G_10000r_s2504: rdf-scan heartbeat — 241,401,269 triples · 38,252,078,762 bytes read
  Partitioned compression: 1000G_10000r_s2504: rdf-scan heartbeat — 241,823,763 triples · 38,319,187,701 bytes read
  Partitioned compression: 1000G_10000r_s2504: rdf-scan heartbeat — 242,246,257 triples · 38,386,296,605 bytes read
  Partitioned compression: 1000G_10000r_s2504: rdf-scan heartbeat — 242,668,751 triples · 38,453,405,513 bytes read
  Partitioned compression: 1000G_10000r_s2504: rdf-scan heartbeat — 243,091,244 triples · 38,520,514,391 bytes read
  Partitioned compression: 1000G_10000r_s2504: rdf-scan heartbeat — 243,513,738 triples · 38,587,623,330 bytes read
  Partitioned compression: 1000G_10000r_s2504: rdf-scan chunk — 243,936,091 triples · 72 chunks · 38,654,709,913 bytes read
  Partitioned compression: 1000G_10000r_s2504: hdt-chunks started — 71 chunks · hdt-build-00071
  Partitioned compression: 1000G_10000r_s2504: hdt-chunks complete — 72 chunks · hdt-build-00071
  Partitioned compression: 1000G_10000r_s2504: rdf-scan heartbeat — 243,936,232 triples · 38,654,732,234 bytes read
  Partitioned compression: 1000G_10000r_s2504: rdf-scan heartbeat — 244,358,726 triples · 38,721,841,142 bytes read
  Partitioned compression: 1000G_10000r_s2504: rdf-scan heartbeat — 244,781,219 triples · 38,788,950,020 bytes read
  Partitioned compression: 1000G_10000r_s2504: rdf-scan heartbeat — 245,203,713 triples · 38,856,058,959 bytes read
  Partitioned compression: 1000G_10000r_s2504: rdf-scan heartbeat — 245,626,207 triples · 38,923,167,863 bytes read
  Partitioned compression: 1000G_10000r_s2504: rdf-scan heartbeat — 246,048,701 triples · 38,990,276,771 bytes read
  Partitioned compression: 1000G_10000r_s2504: rdf-scan heartbeat — 246,471,194 triples · 39,057,385,649 bytes read
  Partitioned compression: 1000G_10000r_s2504: rdf-scan heartbeat — 246,893,688 triples · 39,124,494,588 bytes read
  Partitioned compression: 1000G_10000r_s2504: rdf-scan chunk — 247,316,039 triples · 73 chunks · 39,191,580,838 bytes read
  Partitioned compression: 1000G_10000r_s2504: hdt-chunks started — 72 chunks · hdt-build-00072
  Partitioned compression: 1000G_10000r_s2504: hdt-chunks complete — 73 chunks · hdt-build-00072
  Partitioned compression: 1000G_10000r_s2504: rdf-scan heartbeat — 247,316,182 triples · 39,191,603,492 bytes read
  Partitioned compression: 1000G_10000r_s2504: rdf-scan heartbeat — 247,738,676 triples · 39,258,712,400 bytes read
  Partitioned compression: 1000G_10000r_s2504: rdf-scan heartbeat — 248,161,169 triples · 39,325,821,278 bytes read
  Partitioned compression: 1000G_10000r_s2504: rdf-scan heartbeat — 248,583,663 triples · 39,392,930,217 bytes read
  Partitioned compression: 1000G_10000r_s2504: rdf-scan heartbeat — 249,006,157 triples · 39,460,039,121 bytes read
  Partitioned compression: 1000G_10000r_s2504: rdf-scan heartbeat — 249,428,651 triples · 39,527,148,029 bytes read
  Partitioned compression: 1000G_10000r_s2504: rdf-scan heartbeat — 249,851,144 triples · 39,594,256,907 bytes read
  Partitioned compression: 1000G_10000r_s2504: rdf-scan heartbeat — 250,273,638 triples · 39,661,365,846 bytes read
  Partitioned compression: 1000G_10000r_s2504: rdf-scan chunk — 250,695,988 triples · 74 chunks · 39,728,451,920 bytes read
  Partitioned compression: 1000G_10000r_s2504: hdt-chunks started — 73 chunks · hdt-build-00073
  Partitioned compression: 1000G_10000r_s2504: hdt-chunks complete — 74 chunks · hdt-build-00073
  Partitioned compression: 1000G_10000r_s2504: rdf-scan heartbeat — 250,696,132 triples · 39,728,474,750 bytes read
  Partitioned compression: 1000G_10000r_s2504: rdf-scan heartbeat — 251,118,626 triples · 39,795,583,658 bytes read
  Partitioned compression: 1000G_10000r_s2504: rdf-scan heartbeat — 251,541,119 triples · 39,862,692,536 bytes read
  Partitioned compression: 1000G_10000r_s2504: rdf-scan heartbeat — 251,963,613 triples · 39,929,801,475 bytes read
  Partitioned compression: 1000G_10000r_s2504: rdf-scan heartbeat — 252,386,107 triples · 39,996,910,379 bytes read
  Partitioned compression: 1000G_10000r_s2504: rdf-scan heartbeat — 252,808,601 triples · 40,064,019,287 bytes read
  Partitioned compression: 1000G_10000r_s2504: rdf-scan heartbeat — 253,231,094 triples · 40,131,128,165 bytes read
  Partitioned compression: 1000G_10000r_s2504: rdf-scan heartbeat — 253,653,588 triples · 40,198,237,104 bytes read
  Partitioned compression: 1000G_10000r_s2504: rdf-scan chunk — 254,075,937 triples · 75 chunks · 40,265,322,993 bytes read
  Partitioned compression: 1000G_10000r_s2504: hdt-chunks started — 74 chunks · hdt-build-00074
  Partitioned compression: 1000G_10000r_s2504: hdt-chunks complete — 75 chunks · hdt-build-00074
  Partitioned compression: 1000G_10000r_s2504: rdf-scan heartbeat — 254,076,082 triples · 40,265,346,008 bytes read
  Partitioned compression: 1000G_10000r_s2504: rdf-scan heartbeat — 254,498,576 triples · 40,332,454,916 bytes read
  Partitioned compression: 1000G_10000r_s2504: rdf-scan heartbeat — 254,921,069 triples · 40,399,563,794 bytes read
  Partitioned compression: 1000G_10000r_s2504: rdf-scan heartbeat — 255,343,563 triples · 40,466,672,733 bytes read
  Partitioned compression: 1000G_10000r_s2504: rdf-scan heartbeat — 255,766,057 triples · 40,533,781,637 bytes read
  Partitioned compression: 1000G_10000r_s2504: rdf-scan heartbeat — 256,188,551 triples · 40,600,890,545 bytes read
  Partitioned compression: 1000G_10000r_s2504: rdf-scan heartbeat — 256,611,044 triples · 40,667,999,423 bytes read
  Partitioned compression: 1000G_10000r_s2504: rdf-scan heartbeat — 257,033,538 triples · 40,735,108,362 bytes read
  Partitioned compression: 1000G_10000r_s2504: rdf-scan chunk — 257,455,885 triples · 76 chunks · 40,802,193,949 bytes read
  Partitioned compression: 1000G_10000r_s2504: hdt-chunks started — 75 chunks · hdt-build-00075
  Partitioned compression: 1000G_10000r_s2504: hdt-chunks complete — 76 chunks · hdt-build-00075
  Partitioned compression: 1000G_10000r_s2504: rdf-scan heartbeat — 257,456,032 triples · 40,802,217,266 bytes read
  Partitioned compression: 1000G_10000r_s2504: rdf-scan heartbeat — 257,878,526 triples · 40,869,326,174 bytes read
  Partitioned compression: 1000G_10000r_s2504: rdf-scan heartbeat — 258,301,019 triples · 40,936,435,052 bytes read
  Partitioned compression: 1000G_10000r_s2504: rdf-scan heartbeat — 258,723,513 triples · 41,003,543,991 bytes read
  Partitioned compression: 1000G_10000r_s2504: rdf-scan heartbeat — 259,146,007 triples · 41,070,652,895 bytes read
  Partitioned compression: 1000G_10000r_s2504: rdf-scan heartbeat — 259,568,501 triples · 41,137,761,803 bytes read
  Partitioned compression: 1000G_10000r_s2504: rdf-scan heartbeat — 259,990,994 triples · 41,204,870,681 bytes read
  Partitioned compression: 1000G_10000r_s2504: rdf-scan heartbeat — 260,413,488 triples · 41,271,979,620 bytes read
  Partitioned compression: 1000G_10000r_s2504: rdf-scan chunk — 260,835,833 triples · 77 chunks · 41,339,064,874 bytes read
  Partitioned compression: 1000G_10000r_s2504: hdt-chunks started — 76 chunks · hdt-build-00076
  Partitioned compression: 1000G_10000r_s2504: hdt-chunks complete — 77 chunks · hdt-build-00076
  Partitioned compression: 1000G_10000r_s2504: rdf-scan heartbeat — 260,835,982 triples · 41,339,088,524 bytes read
  Partitioned compression: 1000G_10000r_s2504: rdf-scan heartbeat — 261,258,476 triples · 41,406,197,432 bytes read
  Partitioned compression: 1000G_10000r_s2504: rdf-scan heartbeat — 261,680,969 triples · 41,473,306,310 bytes read
  Partitioned compression: 1000G_10000r_s2504: rdf-scan heartbeat — 262,103,463 triples · 41,540,415,249 bytes read
  Partitioned compression: 1000G_10000r_s2504: rdf-scan heartbeat — 262,525,957 triples · 41,607,524,153 bytes read
  Partitioned compression: 1000G_10000r_s2504: rdf-scan heartbeat — 262,948,451 triples · 41,674,633,061 bytes read
  Partitioned compression: 1000G_10000r_s2504: rdf-scan heartbeat — 263,370,944 triples · 41,741,741,939 bytes read
  Partitioned compression: 1000G_10000r_s2504: rdf-scan heartbeat — 263,793,438 triples · 41,808,850,878 bytes read
  Partitioned compression: 1000G_10000r_s2504: rdf-scan chunk — 264,215,782 triples · 78 chunks · 41,875,935,956 bytes read
  Partitioned compression: 1000G_10000r_s2504: hdt-chunks started — 77 chunks · hdt-build-00077
  Partitioned compression: 1000G_10000r_s2504: hdt-chunks complete — 78 chunks · hdt-build-00077
  Partitioned compression: 1000G_10000r_s2504: rdf-scan heartbeat — 264,215,932 triples · 41,875,959,782 bytes read
  Partitioned compression: 1000G_10000r_s2504: rdf-scan heartbeat — 264,638,426 triples · 41,943,068,690 bytes read
  Partitioned compression: 1000G_10000r_s2504: rdf-scan heartbeat — 265,060,919 triples · 42,010,177,568 bytes read
  Partitioned compression: 1000G_10000r_s2504: rdf-scan heartbeat — 265,483,413 triples · 42,077,286,507 bytes read
  Partitioned compression: 1000G_10000r_s2504: rdf-scan heartbeat — 265,905,907 triples · 42,144,395,411 bytes read
  Partitioned compression: 1000G_10000r_s2504: rdf-scan heartbeat — 266,328,401 triples · 42,211,504,319 bytes read
  Partitioned compression: 1000G_10000r_s2504: rdf-scan heartbeat — 266,750,894 triples · 42,278,613,197 bytes read
  Partitioned compression: 1000G_10000r_s2504: rdf-scan heartbeat — 267,173,388 triples · 42,345,722,136 bytes read
  Partitioned compression: 1000G_10000r_s2504: rdf-scan chunk — 267,595,730 triples · 79 chunks · 42,412,806,874 bytes read
  Partitioned compression: 1000G_10000r_s2504: hdt-chunks started — 78 chunks · hdt-build-00078
  Partitioned compression: 1000G_10000r_s2504: hdt-chunks complete — 79 chunks · hdt-build-00078
  Partitioned compression: 1000G_10000r_s2504: rdf-scan heartbeat — 267,595,882 triples · 42,412,831,040 bytes read
  Partitioned compression: 1000G_10000r_s2504: rdf-scan heartbeat — 268,018,376 triples · 42,479,939,948 bytes read
  Partitioned compression: 1000G_10000r_s2504: rdf-scan heartbeat — 268,440,869 triples · 42,547,048,826 bytes read
  Partitioned compression: 1000G_10000r_s2504: rdf-scan heartbeat — 268,863,363 triples · 42,614,157,765 bytes read
  Partitioned compression: 1000G_10000r_s2504: rdf-scan heartbeat — 269,285,857 triples · 42,681,266,669 bytes read
  Partitioned compression: 1000G_10000r_s2504: rdf-scan heartbeat — 269,708,351 triples · 42,748,375,577 bytes read
  Partitioned compression: 1000G_10000r_s2504: rdf-scan heartbeat — 270,130,844 triples · 42,815,484,455 bytes read
  Partitioned compression: 1000G_10000r_s2504: rdf-scan heartbeat — 270,553,338 triples · 42,882,593,394 bytes read
  Partitioned compression: 1000G_10000r_s2504: rdf-scan chunk — 270,975,678 triples · 80 chunks · 42,949,677,806 bytes read
  Partitioned compression: 1000G_10000r_s2504: hdt-chunks started — 79 chunks · hdt-build-00079
  Partitioned compression: 1000G_10000r_s2504: hdt-chunks complete — 80 chunks · hdt-build-00079
  Partitioned compression: 1000G_10000r_s2504: rdf-scan heartbeat — 270,975,832 triples · 42,949,702,298 bytes read
  Partitioned compression: 1000G_10000r_s2504: rdf-scan heartbeat — 271,398,326 triples · 43,016,811,206 bytes read
  Partitioned compression: 1000G_10000r_s2504: rdf-scan heartbeat — 271,820,819 triples · 43,083,920,084 bytes read
  Partitioned compression: 1000G_10000r_s2504: rdf-scan heartbeat — 272,243,313 triples · 43,151,029,023 bytes read
  Partitioned compression: 1000G_10000r_s2504: rdf-scan heartbeat — 272,665,807 triples · 43,218,137,927 bytes read
  Partitioned compression: 1000G_10000r_s2504: rdf-scan heartbeat — 273,088,301 triples · 43,285,246,835 bytes read
  Partitioned compression: 1000G_10000r_s2504: rdf-scan heartbeat — 273,510,794 triples · 43,352,355,713 bytes read
  Partitioned compression: 1000G_10000r_s2504: rdf-scan heartbeat — 273,933,288 triples · 43,419,464,652 bytes read
  Partitioned compression: 1000G_10000r_s2504: rdf-scan chunk — 274,355,626 triples · 81 chunks · 43,486,548,738 bytes read
  Partitioned compression: 1000G_10000r_s2504: hdt-chunks started — 80 chunks · hdt-build-00080
  Partitioned compression: 1000G_10000r_s2504: hdt-chunks complete — 81 chunks · hdt-build-00080
  Partitioned compression: 1000G_10000r_s2504: rdf-scan heartbeat — 274,355,782 triples · 43,486,573,556 bytes read
  Partitioned compression: 1000G_10000r_s2504: rdf-scan heartbeat — 274,778,276 triples · 43,553,682,464 bytes read
  Partitioned compression: 1000G_10000r_s2504: rdf-scan heartbeat — 275,200,769 triples · 43,620,791,342 bytes read
  Partitioned compression: 1000G_10000r_s2504: rdf-scan heartbeat — 275,623,263 triples · 43,687,900,281 bytes read
  Partitioned compression: 1000G_10000r_s2504: rdf-scan heartbeat — 276,045,757 triples · 43,755,009,185 bytes read
  Partitioned compression: 1000G_10000r_s2504: rdf-scan heartbeat — 276,468,251 triples · 43,822,118,093 bytes read
  Partitioned compression: 1000G_10000r_s2504: rdf-scan heartbeat — 276,890,744 triples · 43,889,226,971 bytes read
  Partitioned compression: 1000G_10000r_s2504: rdf-scan heartbeat — 277,313,238 triples · 43,956,335,910 bytes read
  Partitioned compression: 1000G_10000r_s2504: rdf-scan chunk — 277,735,574 triples · 82 chunks · 44,023,419,721 bytes read
  Partitioned compression: 1000G_10000r_s2504: hdt-chunks started — 81 chunks · hdt-build-00081
  Partitioned compression: 1000G_10000r_s2504: hdt-chunks complete — 82 chunks · hdt-build-00081
  Partitioned compression: 1000G_10000r_s2504: rdf-scan heartbeat — 277,735,732 triples · 44,023,444,814 bytes read
  Partitioned compression: 1000G_10000r_s2504: rdf-scan heartbeat — 278,158,226 triples · 44,090,553,722 bytes read
  Partitioned compression: 1000G_10000r_s2504: rdf-scan heartbeat — 278,580,719 triples · 44,157,662,600 bytes read
  Partitioned compression: 1000G_10000r_s2504: rdf-scan heartbeat — 279,003,213 triples · 44,224,771,539 bytes read
  Partitioned compression: 1000G_10000r_s2504: rdf-scan heartbeat — 279,425,707 triples · 44,291,880,443 bytes read
  Partitioned compression: 1000G_10000r_s2504: rdf-scan heartbeat — 279,848,201 triples · 44,358,989,351 bytes read
  Partitioned compression: 1000G_10000r_s2504: rdf-scan heartbeat — 280,270,694 triples · 44,426,098,229 bytes read
  Partitioned compression: 1000G_10000r_s2504: rdf-scan heartbeat — 280,693,188 triples · 44,493,207,168 bytes read
  Partitioned compression: 1000G_10000r_s2504: rdf-scan chunk — 281,115,522 triples · 83 chunks · 44,560,290,646 bytes read
  Partitioned compression: 1000G_10000r_s2504: hdt-chunks started — 82 chunks · hdt-build-00082
  Partitioned compression: 1000G_10000r_s2504: hdt-chunks complete — 83 chunks · hdt-build-00082
  Partitioned compression: 1000G_10000r_s2504: rdf-scan heartbeat — 281,115,682 triples · 44,560,316,072 bytes read
  Partitioned compression: 1000G_10000r_s2504: rdf-scan heartbeat — 281,538,176 triples · 44,627,424,980 bytes read
  Partitioned compression: 1000G_10000r_s2504: rdf-scan heartbeat — 281,960,669 triples · 44,694,533,858 bytes read
  Partitioned compression: 1000G_10000r_s2504: rdf-scan heartbeat — 282,383,163 triples · 44,761,642,797 bytes read
  Partitioned compression: 1000G_10000r_s2504: rdf-scan heartbeat — 282,805,657 triples · 44,828,751,701 bytes read
  Partitioned compression: 1000G_10000r_s2504: rdf-scan heartbeat — 283,228,151 triples · 44,895,860,609 bytes read
  Partitioned compression: 1000G_10000r_s2504: rdf-scan heartbeat — 283,650,644 triples · 44,962,969,487 bytes read
  Partitioned compression: 1000G_10000r_s2504: rdf-scan heartbeat — 284,073,138 triples · 45,030,078,426 bytes read
  Partitioned compression: 1000G_10000r_s2504: rdf-scan chunk — 284,495,470 triples · 84 chunks · 45,097,161,642 bytes read
  Partitioned compression: 1000G_10000r_s2504: hdt-chunks started — 83 chunks · hdt-build-00083
  Partitioned compression: 1000G_10000r_s2504: hdt-chunks complete — 84 chunks · hdt-build-00083
  Partitioned compression: 1000G_10000r_s2504: rdf-scan heartbeat — 284,495,632 triples · 45,097,187,330 bytes read
  Partitioned compression: 1000G_10000r_s2504: rdf-scan heartbeat — 284,918,126 triples · 45,164,296,238 bytes read
  Partitioned compression: 1000G_10000r_s2504: rdf-scan heartbeat — 285,340,619 triples · 45,231,405,116 bytes read
  Partitioned compression: 1000G_10000r_s2504: rdf-scan heartbeat — 285,763,113 triples · 45,298,514,055 bytes read
  Partitioned compression: 1000G_10000r_s2504: rdf-scan heartbeat — 286,185,607 triples · 45,365,622,959 bytes read
  Partitioned compression: 1000G_10000r_s2504: rdf-scan heartbeat — 286,608,101 triples · 45,432,731,867 bytes read
  Partitioned compression: 1000G_10000r_s2504: rdf-scan heartbeat — 287,030,594 triples · 45,499,840,745 bytes read
  Partitioned compression: 1000G_10000r_s2504: rdf-scan heartbeat — 287,453,088 triples · 45,566,949,684 bytes read
  Partitioned compression: 1000G_10000r_s2504: rdf-scan chunk — 287,875,418 triples · 85 chunks · 45,634,032,598 bytes read
  Partitioned compression: 1000G_10000r_s2504: hdt-chunks started — 84 chunks · hdt-build-00084
  Partitioned compression: 1000G_10000r_s2504: hdt-chunks complete — 85 chunks · hdt-build-00084
  Partitioned compression: 1000G_10000r_s2504: rdf-scan heartbeat — 287,875,582 triples · 45,634,058,588 bytes read
  Partitioned compression: 1000G_10000r_s2504: rdf-scan heartbeat — 288,298,076 triples · 45,701,167,496 bytes read
  Partitioned compression: 1000G_10000r_s2504: rdf-scan heartbeat — 288,720,569 triples · 45,768,276,374 bytes read
  Partitioned compression: 1000G_10000r_s2504: rdf-scan heartbeat — 289,143,063 triples · 45,835,385,313 bytes read
  Partitioned compression: 1000G_10000r_s2504: rdf-scan heartbeat — 289,565,557 triples · 45,902,494,217 bytes read
  Partitioned compression: 1000G_10000r_s2504: rdf-scan heartbeat — 289,988,051 triples · 45,969,603,125 bytes read
  Partitioned compression: 1000G_10000r_s2504: rdf-scan heartbeat — 290,410,544 triples · 46,036,712,003 bytes read
  Partitioned compression: 1000G_10000r_s2504: rdf-scan heartbeat — 290,833,038 triples · 46,103,820,942 bytes read
  Partitioned compression: 1000G_10000r_s2504: rdf-scan chunk — 291,255,366 triples · 86 chunks · 46,170,903,554 bytes read
  Partitioned compression: 1000G_10000r_s2504: hdt-chunks started — 85 chunks · hdt-build-00085
  Partitioned compression: 1000G_10000r_s2504: hdt-chunks complete — 86 chunks · hdt-build-00085
  Partitioned compression: 1000G_10000r_s2504: rdf-scan heartbeat — 291,255,532 triples · 46,170,929,846 bytes read
  Partitioned compression: 1000G_10000r_s2504: rdf-scan heartbeat — 291,678,026 triples · 46,238,038,754 bytes read
  Partitioned compression: 1000G_10000r_s2504: rdf-scan heartbeat — 292,100,519 triples · 46,305,147,632 bytes read
  Partitioned compression: 1000G_10000r_s2504: rdf-scan heartbeat — 292,523,013 triples · 46,372,256,571 bytes read
  Partitioned compression: 1000G_10000r_s2504: rdf-scan heartbeat — 292,945,507 triples · 46,439,365,475 bytes read
  Partitioned compression: 1000G_10000r_s2504: rdf-scan heartbeat — 293,368,001 triples · 46,506,474,383 bytes read
  Partitioned compression: 1000G_10000r_s2504: rdf-scan heartbeat — 293,790,494 triples · 46,573,583,261 bytes read
  Partitioned compression: 1000G_10000r_s2504: rdf-scan heartbeat — 294,212,988 triples · 46,640,692,200 bytes read
  Partitioned compression: 1000G_10000r_s2504: rdf-scan chunk — 294,635,314 triples · 87 chunks · 46,707,774,479 bytes read
  Partitioned compression: 1000G_10000r_s2504: hdt-chunks started — 86 chunks · hdt-build-00086
  Partitioned compression: 1000G_10000r_s2504: hdt-chunks complete — 87 chunks · hdt-build-00086
  Partitioned compression: 1000G_10000r_s2504: rdf-scan heartbeat — 294,635,482 triples · 46,707,801,104 bytes read
  Partitioned compression: 1000G_10000r_s2504: rdf-scan heartbeat — 295,057,976 triples · 46,774,910,012 bytes read
  Partitioned compression: 1000G_10000r_s2504: rdf-scan heartbeat — 295,480,469 triples · 46,842,018,890 bytes read
  Partitioned compression: 1000G_10000r_s2504: rdf-scan heartbeat — 295,902,963 triples · 46,909,127,829 bytes read
  Partitioned compression: 1000G_10000r_s2504: rdf-scan heartbeat — 296,325,457 triples · 46,976,236,733 bytes read
  Partitioned compression: 1000G_10000r_s2504: rdf-scan heartbeat — 296,747,951 triples · 47,043,345,641 bytes read
  Partitioned compression: 1000G_10000r_s2504: rdf-scan heartbeat — 297,170,444 triples · 47,110,454,519 bytes read
  Partitioned compression: 1000G_10000r_s2504: rdf-scan heartbeat — 297,592,938 triples · 47,177,563,458 bytes read
  Partitioned compression: 1000G_10000r_s2504: rdf-scan chunk — 298,015,263 triples · 88 chunks · 47,244,645,561 bytes read
  Partitioned compression: 1000G_10000r_s2504: hdt-chunks started — 87 chunks · hdt-build-00087
  Partitioned compression: 1000G_10000r_s2504: hdt-chunks complete — 88 chunks · hdt-build-00087
  Partitioned compression: 1000G_10000r_s2504: rdf-scan heartbeat — 298,015,432 triples · 47,244,672,362 bytes read
  Partitioned compression: 1000G_10000r_s2504: rdf-scan heartbeat — 298,437,926 triples · 47,311,781,270 bytes read
  Partitioned compression: 1000G_10000r_s2504: rdf-scan heartbeat — 298,860,419 triples · 47,378,890,148 bytes read
  Partitioned compression: 1000G_10000r_s2504: rdf-scan heartbeat — 299,282,913 triples · 47,445,999,087 bytes read
  Partitioned compression: 1000G_10000r_s2504: rdf-scan heartbeat — 299,705,407 triples · 47,513,107,991 bytes read
  Partitioned compression: 1000G_10000r_s2504: rdf-scan heartbeat — 300,127,901 triples · 47,580,216,899 bytes read
  Partitioned compression: 1000G_10000r_s2504: rdf-scan heartbeat — 300,550,394 triples · 47,647,325,777 bytes read
  Partitioned compression: 1000G_10000r_s2504: rdf-scan heartbeat — 300,972,888 triples · 47,714,434,716 bytes read
  Partitioned compression: 1000G_10000r_s2504: rdf-scan chunk — 301,395,212 triples · 89 chunks · 47,781,516,634 bytes read
  Partitioned compression: 1000G_10000r_s2504: hdt-chunks started — 88 chunks · hdt-build-00088
  Partitioned compression: 1000G_10000r_s2504: hdt-chunks complete — 89 chunks · hdt-build-00088
  Partitioned compression: 1000G_10000r_s2504: rdf-scan heartbeat — 301,395,382 triples · 47,781,543,620 bytes read
  Partitioned compression: 1000G_10000r_s2504: rdf-scan heartbeat — 301,817,876 triples · 47,848,652,528 bytes read
  Partitioned compression: 1000G_10000r_s2504: rdf-scan heartbeat — 302,240,369 triples · 47,915,761,406 bytes read
  Partitioned compression: 1000G_10000r_s2504: rdf-scan heartbeat — 302,662,863 triples · 47,982,870,345 bytes read
  Partitioned compression: 1000G_10000r_s2504: rdf-scan heartbeat — 303,085,357 triples · 48,049,979,249 bytes read
  Partitioned compression: 1000G_10000r_s2504: rdf-scan heartbeat — 303,507,851 triples · 48,117,088,157 bytes read
  Partitioned compression: 1000G_10000r_s2504: rdf-scan heartbeat — 303,930,344 triples · 48,184,197,035 bytes read
  Partitioned compression: 1000G_10000r_s2504: rdf-scan heartbeat — 304,352,838 triples · 48,251,305,974 bytes read
  Partitioned compression: 1000G_10000r_s2504: rdf-scan chunk — 304,775,160 triples · 90 chunks · 48,318,387,590 bytes read
  Partitioned compression: 1000G_10000r_s2504: hdt-chunks started — 89 chunks · hdt-build-00089
  Partitioned compression: 1000G_10000r_s2504: hdt-chunks complete — 90 chunks · hdt-build-00089
  Partitioned compression: 1000G_10000r_s2504: rdf-scan heartbeat — 304,775,332 triples · 48,318,414,878 bytes read
  Partitioned compression: 1000G_10000r_s2504: rdf-scan heartbeat — 305,197,826 triples · 48,385,523,786 bytes read
  Partitioned compression: 1000G_10000r_s2504: rdf-scan heartbeat — 305,620,319 triples · 48,452,632,664 bytes read
  Partitioned compression: 1000G_10000r_s2504: rdf-scan heartbeat — 306,042,813 triples · 48,519,741,603 bytes read
  Partitioned compression: 1000G_10000r_s2504: rdf-scan heartbeat — 306,465,307 triples · 48,586,850,507 bytes read
  Partitioned compression: 1000G_10000r_s2504: rdf-scan heartbeat — 306,887,801 triples · 48,653,959,415 bytes read
  Partitioned compression: 1000G_10000r_s2504: rdf-scan heartbeat — 307,310,294 triples · 48,721,068,293 bytes read
  Partitioned compression: 1000G_10000r_s2504: rdf-scan heartbeat — 307,732,788 triples · 48,788,177,232 bytes read
  Partitioned compression: 1000G_10000r_s2504: rdf-scan chunk — 308,155,108 triples · 91 chunks · 48,855,258,515 bytes read
  Partitioned compression: 1000G_10000r_s2504: hdt-chunks started — 90 chunks · hdt-build-00090
  Partitioned compression: 1000G_10000r_s2504: hdt-chunks complete — 91 chunks · hdt-build-00090
  Partitioned compression: 1000G_10000r_s2504: rdf-scan heartbeat — 308,155,282 triples · 48,855,286,136 bytes read
  Partitioned compression: 1000G_10000r_s2504: rdf-scan heartbeat — 308,577,776 triples · 48,922,395,044 bytes read
  Partitioned compression: 1000G_10000r_s2504: rdf-scan heartbeat — 309,000,269 triples · 48,989,503,922 bytes read
  Partitioned compression: 1000G_10000r_s2504: rdf-scan heartbeat — 309,422,763 triples · 49,056,612,861 bytes read
  Partitioned compression: 1000G_10000r_s2504: rdf-scan heartbeat — 309,845,257 triples · 49,123,721,765 bytes read
  Partitioned compression: 1000G_10000r_s2504: rdf-scan heartbeat — 310,267,751 triples · 49,190,830,673 bytes read
  Partitioned compression: 1000G_10000r_s2504: rdf-scan heartbeat — 310,690,244 triples · 49,257,939,551 bytes read
  Partitioned compression: 1000G_10000r_s2504: rdf-scan heartbeat — 311,112,738 triples · 49,325,048,490 bytes read
  Partitioned compression: 1000G_10000r_s2504: rdf-scan chunk — 311,535,057 triples · 92 chunks · 49,392,129,597 bytes read
  Partitioned compression: 1000G_10000r_s2504: hdt-chunks started — 91 chunks · hdt-build-00091
  Partitioned compression: 1000G_10000r_s2504: hdt-chunks complete — 92 chunks · hdt-build-00091
  Partitioned compression: 1000G_10000r_s2504: rdf-scan heartbeat — 311,535,232 triples · 49,392,157,394 bytes read
  Partitioned compression: 1000G_10000r_s2504: rdf-scan heartbeat — 311,957,726 triples · 49,459,266,302 bytes read
  Partitioned compression: 1000G_10000r_s2504: rdf-scan heartbeat — 312,380,219 triples · 49,526,375,180 bytes read
  Partitioned compression: 1000G_10000r_s2504: rdf-scan heartbeat — 312,802,713 triples · 49,593,484,119 bytes read
  Partitioned compression: 1000G_10000r_s2504: rdf-scan heartbeat — 313,225,207 triples · 49,660,593,023 bytes read
  Partitioned compression: 1000G_10000r_s2504: rdf-scan heartbeat — 313,647,701 triples · 49,727,701,931 bytes read
  Partitioned compression: 1000G_10000r_s2504: rdf-scan heartbeat — 314,070,194 triples · 49,794,810,809 bytes read
  Partitioned compression: 1000G_10000r_s2504: rdf-scan heartbeat — 314,492,688 triples · 49,861,919,748 bytes read
  Partitioned compression: 1000G_10000r_s2504: rdf-scan chunk — 314,915,005 triples · 93 chunks · 49,929,000,515 bytes read
  Partitioned compression: 1000G_10000r_s2504: hdt-chunks started — 92 chunks · hdt-build-00092
  Partitioned compression: 1000G_10000r_s2504: hdt-chunks complete — 93 chunks · hdt-build-00092
  Partitioned compression: 1000G_10000r_s2504: rdf-scan heartbeat — 314,915,182 triples · 49,929,028,652 bytes read
  Partitioned compression: 1000G_10000r_s2504: rdf-scan heartbeat — 315,337,676 triples · 49,996,137,560 bytes read
  Partitioned compression: 1000G_10000r_s2504: rdf-scan heartbeat — 315,760,169 triples · 50,063,246,438 bytes read
  Partitioned compression: 1000G_10000r_s2504: rdf-scan heartbeat — 316,182,663 triples · 50,130,355,377 bytes read
  Partitioned compression: 1000G_10000r_s2504: rdf-scan heartbeat — 316,605,157 triples · 50,197,464,281 bytes read
  Partitioned compression: 1000G_10000r_s2504: rdf-scan heartbeat — 317,027,651 triples · 50,264,573,189 bytes read
  Partitioned compression: 1000G_10000r_s2504: rdf-scan heartbeat — 317,450,144 triples · 50,331,682,067 bytes read
  Partitioned compression: 1000G_10000r_s2504: rdf-scan heartbeat — 317,872,638 triples · 50,398,791,006 bytes read
  Partitioned compression: 1000G_10000r_s2504: rdf-scan chunk — 318,294,953 triples · 94 chunks · 50,465,871,447 bytes read
  Partitioned compression: 1000G_10000r_s2504: hdt-chunks started — 93 chunks · hdt-build-00093
  Partitioned compression: 1000G_10000r_s2504: hdt-chunks complete — 94 chunks · hdt-build-00093
  Partitioned compression: 1000G_10000r_s2504: rdf-scan heartbeat — 318,295,132 triples · 50,465,899,910 bytes read
  Partitioned compression: 1000G_10000r_s2504: rdf-scan heartbeat — 318,717,626 triples · 50,533,008,818 bytes read
  Partitioned compression: 1000G_10000r_s2504: rdf-scan heartbeat — 319,140,119 triples · 50,600,117,696 bytes read
  Partitioned compression: 1000G_10000r_s2504: rdf-scan heartbeat — 319,562,613 triples · 50,667,226,635 bytes read
  Partitioned compression: 1000G_10000r_s2504: rdf-scan heartbeat — 319,985,107 triples · 50,734,335,539 bytes read
  Partitioned compression: 1000G_10000r_s2504: rdf-scan heartbeat — 320,407,601 triples · 50,801,444,447 bytes read
  Partitioned compression: 1000G_10000r_s2504: rdf-scan heartbeat — 320,830,094 triples · 50,868,553,325 bytes read
  Partitioned compression: 1000G_10000r_s2504: rdf-scan heartbeat — 321,252,588 triples · 50,935,662,264 bytes read
  Partitioned compression: 1000G_10000r_s2504: rdf-scan chunk — 321,674,901 triples · 95 chunks · 51,002,742,379 bytes read
  Partitioned compression: 1000G_10000r_s2504: hdt-chunks started — 94 chunks · hdt-build-00094
  Partitioned compression: 1000G_10000r_s2504: hdt-chunks complete — 95 chunks · hdt-build-00094
  Partitioned compression: 1000G_10000r_s2504: rdf-scan heartbeat — 321,675,082 triples · 51,002,771,168 bytes read
  Partitioned compression: 1000G_10000r_s2504: rdf-scan heartbeat — 322,097,576 triples · 51,069,880,076 bytes read
  Partitioned compression: 1000G_10000r_s2504: rdf-scan heartbeat — 322,520,069 triples · 51,136,988,954 bytes read
  Partitioned compression: 1000G_10000r_s2504: rdf-scan heartbeat — 322,942,563 triples · 51,204,097,893 bytes read
  Partitioned compression: 1000G_10000r_s2504: rdf-scan heartbeat — 323,365,057 triples · 51,271,206,797 bytes read
  Partitioned compression: 1000G_10000r_s2504: rdf-scan heartbeat — 323,787,551 triples · 51,338,315,705 bytes read
  Partitioned compression: 1000G_10000r_s2504: rdf-scan heartbeat — 324,210,044 triples · 51,405,424,583 bytes read
  Partitioned compression: 1000G_10000r_s2504: rdf-scan heartbeat — 324,632,538 triples · 51,472,533,522 bytes read
  Partitioned compression: 1000G_10000r_s2504: rdf-scan chunk — 325,054,849 triples · 96 chunks · 51,539,613,362 bytes read
  Partitioned compression: 1000G_10000r_s2504: hdt-chunks started — 95 chunks · hdt-build-00095
  Partitioned compression: 1000G_10000r_s2504: hdt-chunks complete — 96 chunks · hdt-build-00095
  Partitioned compression: 1000G_10000r_s2504: rdf-scan heartbeat — 325,055,032 triples · 51,539,642,426 bytes read
  Partitioned compression: 1000G_10000r_s2504: rdf-scan heartbeat — 325,477,526 triples · 51,606,751,334 bytes read
  Partitioned compression: 1000G_10000r_s2504: rdf-scan heartbeat — 325,900,019 triples · 51,673,860,212 bytes read
  Partitioned compression: 1000G_10000r_s2504: rdf-scan heartbeat — 326,322,513 triples · 51,740,969,151 bytes read
  Partitioned compression: 1000G_10000r_s2504: rdf-scan heartbeat — 326,745,007 triples · 51,808,078,055 bytes read
  Partitioned compression: 1000G_10000r_s2504: rdf-scan heartbeat — 327,167,501 triples · 51,875,186,963 bytes read
  Partitioned compression: 1000G_10000r_s2504: rdf-scan heartbeat — 327,589,994 triples · 51,942,295,841 bytes read
  Partitioned compression: 1000G_10000r_s2504: rdf-scan heartbeat — 328,012,488 triples · 52,009,404,780 bytes read
  Partitioned compression: 1000G_10000r_s2504: rdf-scan chunk — 328,434,797 triples · 97 chunks · 52,076,484,287 bytes read
  Partitioned compression: 1000G_10000r_s2504: hdt-chunks started — 96 chunks · hdt-build-00096
  Partitioned compression: 1000G_10000r_s2504: hdt-chunks complete — 97 chunks · hdt-build-00096
  Partitioned compression: 1000G_10000r_s2504: rdf-scan heartbeat — 328,434,982 triples · 52,076,513,684 bytes read
  Partitioned compression: 1000G_10000r_s2504: rdf-scan heartbeat — 328,857,476 triples · 52,143,622,592 bytes read
  Partitioned compression: 1000G_10000r_s2504: rdf-scan heartbeat — 329,279,969 triples · 52,210,731,470 bytes read
  Partitioned compression: 1000G_10000r_s2504: rdf-scan heartbeat — 329,702,463 triples · 52,277,840,409 bytes read
  Partitioned compression: 1000G_10000r_s2504: rdf-scan heartbeat — 330,124,957 triples · 52,344,949,313 bytes read
  Partitioned compression: 1000G_10000r_s2504: rdf-scan heartbeat — 330,547,451 triples · 52,412,058,221 bytes read
  Partitioned compression: 1000G_10000r_s2504: rdf-scan heartbeat — 330,969,944 triples · 52,479,167,099 bytes read
  Partitioned compression: 1000G_10000r_s2504: rdf-scan heartbeat — 331,392,438 triples · 52,546,276,038 bytes read
  Partitioned compression: 1000G_10000r_s2504: rdf-scan chunk — 331,814,745 triples · 98 chunks · 52,613,355,283 bytes read
  Partitioned compression: 1000G_10000r_s2504: hdt-chunks started — 97 chunks · hdt-build-00097
  Partitioned compression: 1000G_10000r_s2504: hdt-chunks complete — 98 chunks · hdt-build-00097
  Partitioned compression: 1000G_10000r_s2504: rdf-scan heartbeat — 331,814,932 triples · 52,613,384,942 bytes read
  Partitioned compression: 1000G_10000r_s2504: rdf-scan heartbeat — 332,237,426 triples · 52,680,493,850 bytes read
  Partitioned compression: 1000G_10000r_s2504: rdf-scan heartbeat — 332,659,919 triples · 52,747,602,728 bytes read
  Partitioned compression: 1000G_10000r_s2504: rdf-scan heartbeat — 333,082,413 triples · 52,814,711,667 bytes read
  Partitioned compression: 1000G_10000r_s2504: rdf-scan heartbeat — 333,504,907 triples · 52,881,820,571 bytes read
  Partitioned compression: 1000G_10000r_s2504: rdf-scan heartbeat — 333,927,401 triples · 52,948,929,479 bytes read
  Partitioned compression: 1000G_10000r_s2504: rdf-scan heartbeat — 334,349,894 triples · 53,016,038,357 bytes read
  Partitioned compression: 1000G_10000r_s2504: rdf-scan heartbeat — 334,772,388 triples · 53,083,147,296 bytes read
  Partitioned compression: 1000G_10000r_s2504: rdf-scan chunk — 335,194,693 triples · 99 chunks · 53,150,226,239 bytes read
  Partitioned compression: 1000G_10000r_s2504: hdt-chunks started — 98 chunks · hdt-build-00098
  Partitioned compression: 1000G_10000r_s2504: hdt-chunks complete — 99 chunks · hdt-build-00098
  Partitioned compression: 1000G_10000r_s2504: rdf-scan heartbeat — 335,194,882 triples · 53,150,256,200 bytes read
  Partitioned compression: 1000G_10000r_s2504: rdf-scan heartbeat — 335,617,376 triples · 53,217,365,108 bytes read
  Partitioned compression: 1000G_10000r_s2504: rdf-scan heartbeat — 336,039,869 triples · 53,284,473,986 bytes read
  Partitioned compression: 1000G_10000r_s2504: rdf-scan heartbeat — 336,462,363 triples · 53,351,582,925 bytes read
  Partitioned compression: 1000G_10000r_s2504: rdf-scan heartbeat — 336,884,857 triples · 53,418,691,829 bytes read
  Partitioned compression: 1000G_10000r_s2504: rdf-scan heartbeat — 337,307,351 triples · 53,485,800,737 bytes read
  Partitioned compression: 1000G_10000r_s2504: rdf-scan heartbeat — 337,729,844 triples · 53,552,909,615 bytes read
  Partitioned compression: 1000G_10000r_s2504: rdf-scan heartbeat — 338,152,338 triples · 53,620,018,554 bytes read
  Partitioned compression: 1000G_10000r_s2504: rdf-scan chunk — 338,574,641 triples · 100 chunks · 53,687,097,195 bytes read
  Partitioned compression: 1000G_10000r_s2504: hdt-chunks started — 99 chunks · hdt-build-00099
  Partitioned compression: 1000G_10000r_s2504: hdt-chunks complete — 100 chunks · hdt-build-00099
  Partitioned compression: 1000G_10000r_s2504: rdf-scan heartbeat — 338,574,832 triples · 53,687,127,458 bytes read
  Partitioned compression: 1000G_10000r_s2504: rdf-scan heartbeat — 338,997,326 triples · 53,754,236,366 bytes read
  Partitioned compression: 1000G_10000r_s2504: rdf-scan heartbeat — 339,419,819 triples · 53,821,345,244 bytes read
  Partitioned compression: 1000G_10000r_s2504: rdf-scan heartbeat — 339,842,313 triples · 53,888,454,183 bytes read
  Partitioned compression: 1000G_10000r_s2504: rdf-scan heartbeat — 340,264,807 triples · 53,955,563,087 bytes read
  Partitioned compression: 1000G_10000r_s2504: rdf-scan heartbeat — 340,687,301 triples · 54,022,671,995 bytes read
  Partitioned compression: 1000G_10000r_s2504: rdf-scan heartbeat — 341,109,794 triples · 54,089,780,873 bytes read
  Partitioned compression: 1000G_10000r_s2504: rdf-scan heartbeat — 341,532,288 triples · 54,156,889,812 bytes read
  Partitioned compression: 1000G_10000r_s2504: rdf-scan chunk — 341,954,589 triples · 101 chunks · 54,223,968,120 bytes read
  Partitioned compression: 1000G_10000r_s2504: hdt-chunks started — 100 chunks · hdt-build-00100
  Partitioned compression: 1000G_10000r_s2504: hdt-chunks complete — 101 chunks · hdt-build-00100
  Partitioned compression: 1000G_10000r_s2504: rdf-scan heartbeat — 341,954,782 triples · 54,223,998,716 bytes read
  Partitioned compression: 1000G_10000r_s2504: rdf-scan heartbeat — 342,377,276 triples · 54,291,107,624 bytes read
  Partitioned compression: 1000G_10000r_s2504: rdf-scan heartbeat — 342,799,769 triples · 54,358,216,502 bytes read
  Partitioned compression: 1000G_10000r_s2504: rdf-scan heartbeat — 343,222,263 triples · 54,425,325,441 bytes read
  Partitioned compression: 1000G_10000r_s2504: rdf-scan heartbeat — 343,644,757 triples · 54,492,434,345 bytes read
  Partitioned compression: 1000G_10000r_s2504: rdf-scan heartbeat — 344,067,251 triples · 54,559,543,253 bytes read
  Partitioned compression: 1000G_10000r_s2504: rdf-scan heartbeat — 344,489,744 triples · 54,626,652,131 bytes read
  Partitioned compression: 1000G_10000r_s2504: rdf-scan heartbeat — 344,912,238 triples · 54,693,761,070 bytes read
  Partitioned compression: 1000G_10000r_s2504: rdf-scan chunk — 345,334,538 triples · 102 chunks · 54,760,839,202 bytes read
  Partitioned compression: 1000G_10000r_s2504: hdt-chunks started — 101 chunks · hdt-build-00101
  Partitioned compression: 1000G_10000r_s2504: hdt-chunks complete — 102 chunks · hdt-build-00101
  Partitioned compression: 1000G_10000r_s2504: rdf-scan heartbeat — 345,334,732 triples · 54,760,869,974 bytes read
  Partitioned compression: 1000G_10000r_s2504: rdf-scan heartbeat — 345,757,226 triples · 54,827,978,882 bytes read
  Partitioned compression: 1000G_10000r_s2504: rdf-scan heartbeat — 346,179,719 triples · 54,895,087,760 bytes read
  Partitioned compression: 1000G_10000r_s2504: rdf-scan heartbeat — 346,602,213 triples · 54,962,196,699 bytes read
  Partitioned compression: 1000G_10000r_s2504: rdf-scan heartbeat — 347,024,707 triples · 55,029,305,603 bytes read
  Partitioned compression: 1000G_10000r_s2504: rdf-scan heartbeat — 347,447,201 triples · 55,096,414,511 bytes read
  Partitioned compression: 1000G_10000r_s2504: rdf-scan heartbeat — 347,869,694 triples · 55,163,523,389 bytes read
  Partitioned compression: 1000G_10000r_s2504: rdf-scan heartbeat — 348,292,188 triples · 55,230,632,328 bytes read
  Partitioned compression: 1000G_10000r_s2504: rdf-scan chunk — 348,714,487 triples · 103 chunks · 55,297,710,275 bytes read
  Partitioned compression: 1000G_10000r_s2504: hdt-chunks started — 102 chunks · hdt-build-00102
  Partitioned compression: 1000G_10000r_s2504: hdt-chunks complete — 103 chunks · hdt-build-00102
  Partitioned compression: 1000G_10000r_s2504: rdf-scan heartbeat — 348,714,682 triples · 55,297,741,232 bytes read
  Partitioned compression: 1000G_10000r_s2504: rdf-scan heartbeat — 349,137,176 triples · 55,364,850,140 bytes read
  Partitioned compression: 1000G_10000r_s2504: rdf-scan heartbeat — 349,559,669 triples · 55,431,959,018 bytes read
  Partitioned compression: 1000G_10000r_s2504: rdf-scan heartbeat — 349,982,163 triples · 55,499,067,957 bytes read
  Partitioned compression: 1000G_10000r_s2504: rdf-scan heartbeat — 350,404,657 triples · 55,566,176,861 bytes read
  Partitioned compression: 1000G_10000r_s2504: rdf-scan heartbeat — 350,827,151 triples · 55,633,285,769 bytes read
  Partitioned compression: 1000G_10000r_s2504: rdf-scan heartbeat — 351,249,644 triples · 55,700,394,647 bytes read
  Partitioned compression: 1000G_10000r_s2504: rdf-scan heartbeat — 351,672,138 triples · 55,767,503,586 bytes read
  Partitioned compression: 1000G_10000r_s2504: rdf-scan chunk — 352,094,435 triples · 104 chunks · 55,834,581,231 bytes read
  Partitioned compression: 1000G_10000r_s2504: hdt-chunks started — 103 chunks · hdt-build-00103
  Partitioned compression: 1000G_10000r_s2504: hdt-chunks complete — 104 chunks · hdt-build-00103
  Partitioned compression: 1000G_10000r_s2504: rdf-scan heartbeat — 352,094,632 triples · 55,834,612,490 bytes read
  Partitioned compression: 1000G_10000r_s2504: rdf-scan heartbeat — 352,517,126 triples · 55,901,721,398 bytes read
  Partitioned compression: 1000G_10000r_s2504: rdf-scan heartbeat — 352,939,619 triples · 55,968,830,276 bytes read
  Partitioned compression: 1000G_10000r_s2504: rdf-scan heartbeat — 353,362,113 triples · 56,035,939,215 bytes read
  Partitioned compression: 1000G_10000r_s2504: rdf-scan heartbeat — 353,784,607 triples · 56,103,048,119 bytes read
  Partitioned compression: 1000G_10000r_s2504: rdf-scan heartbeat — 354,207,101 triples · 56,170,157,027 bytes read
  Partitioned compression: 1000G_10000r_s2504: rdf-scan heartbeat — 354,629,594 triples · 56,237,265,905 bytes read
  Partitioned compression: 1000G_10000r_s2504: rdf-scan heartbeat — 355,052,088 triples · 56,304,374,844 bytes read
  Partitioned compression: 1000G_10000r_s2504: rdf-scan chunk — 355,474,383 triples · 105 chunks · 56,371,452,156 bytes read
  Partitioned compression: 1000G_10000r_s2504: hdt-chunks started — 104 chunks · hdt-build-00104
  Partitioned compression: 1000G_10000r_s2504: hdt-chunks complete — 105 chunks · hdt-build-00104
  Partitioned compression: 1000G_10000r_s2504: rdf-scan heartbeat — 355,474,582 triples · 56,371,483,748 bytes read
  Partitioned compression: 1000G_10000r_s2504: rdf-scan heartbeat — 355,897,076 triples · 56,438,592,656 bytes read
  Partitioned compression: 1000G_10000r_s2504: rdf-scan heartbeat — 356,319,569 triples · 56,505,701,534 bytes read
  Partitioned compression: 1000G_10000r_s2504: rdf-scan heartbeat — 356,742,063 triples · 56,572,810,473 bytes read
  Partitioned compression: 1000G_10000r_s2504: rdf-scan heartbeat — 357,164,557 triples · 56,639,919,377 bytes read
  Partitioned compression: 1000G_10000r_s2504: rdf-scan heartbeat — 357,587,051 triples · 56,707,028,285 bytes read
  Partitioned compression: 1000G_10000r_s2504: rdf-scan heartbeat — 358,009,544 triples · 56,774,137,163 bytes read
  Partitioned compression: 1000G_10000r_s2504: rdf-scan heartbeat — 358,432,038 triples · 56,841,246,102 bytes read
  Partitioned compression: 1000G_10000r_s2504: rdf-scan chunk — 358,854,332 triples · 106 chunks · 56,908,323,238 bytes read
  Partitioned compression: 1000G_10000r_s2504: hdt-chunks started — 105 chunks · hdt-build-00105
  Partitioned compression: 1000G_10000r_s2504: hdt-chunks complete — 106 chunks · hdt-build-00105
  Partitioned compression: 1000G_10000r_s2504: rdf-scan heartbeat — 358,854,532 triples · 56,908,355,006 bytes read
  Partitioned compression: 1000G_10000r_s2504: rdf-scan heartbeat — 359,277,026 triples · 56,975,463,914 bytes read
  Partitioned compression: 1000G_10000r_s2504: rdf-scan heartbeat — 359,699,519 triples · 57,042,572,792 bytes read
  Partitioned compression: 1000G_10000r_s2504: rdf-scan heartbeat — 360,122,013 triples · 57,109,681,731 bytes read
  Partitioned compression: 1000G_10000r_s2504: rdf-scan heartbeat — 360,544,507 triples · 57,176,790,635 bytes read
  Partitioned compression: 1000G_10000r_s2504: rdf-scan heartbeat — 360,967,001 triples · 57,243,899,543 bytes read
  Partitioned compression: 1000G_10000r_s2504: rdf-scan heartbeat — 361,389,494 triples · 57,311,008,421 bytes read
  Partitioned compression: 1000G_10000r_s2504: rdf-scan heartbeat — 361,811,988 triples · 57,378,117,360 bytes read
  Partitioned compression: 1000G_10000r_s2504: rdf-scan chunk — 362,234,280 triples · 107 chunks · 57,445,194,156 bytes read
  Partitioned compression: 1000G_10000r_s2504: hdt-chunks started — 106 chunks · hdt-build-00106
  Partitioned compression: 1000G_10000r_s2504: hdt-chunks complete — 107 chunks · hdt-build-00106
  Partitioned compression: 1000G_10000r_s2504: rdf-scan heartbeat — 362,234,482 triples · 57,445,226,264 bytes read
  Partitioned compression: 1000G_10000r_s2504: rdf-scan heartbeat — 362,656,976 triples · 57,512,335,172 bytes read
  Partitioned compression: 1000G_10000r_s2504: rdf-scan heartbeat — 363,079,469 triples · 57,579,444,050 bytes read
  Partitioned compression: 1000G_10000r_s2504: rdf-scan heartbeat — 363,501,963 triples · 57,646,552,989 bytes read
  Partitioned compression: 1000G_10000r_s2504: rdf-scan heartbeat — 363,924,457 triples · 57,713,661,893 bytes read
  Partitioned compression: 1000G_10000r_s2504: rdf-scan heartbeat — 364,346,951 triples · 57,780,770,801 bytes read
  Partitioned compression: 1000G_10000r_s2504: rdf-scan heartbeat — 364,769,444 triples · 57,847,879,679 bytes read
  Partitioned compression: 1000G_10000r_s2504: rdf-scan heartbeat — 365,191,938 triples · 57,914,988,618 bytes read
  Partitioned compression: 1000G_10000r_s2504: rdf-scan chunk — 365,614,228 triples · 108 chunks · 57,982,065,088 bytes read
  Partitioned compression: 1000G_10000r_s2504: hdt-chunks started — 107 chunks · hdt-build-00107
  Partitioned compression: 1000G_10000r_s2504: hdt-chunks complete — 108 chunks · hdt-build-00107
  Partitioned compression: 1000G_10000r_s2504: rdf-scan heartbeat — 365,614,432 triples · 57,982,097,522 bytes read
  Partitioned compression: 1000G_10000r_s2504: rdf-scan heartbeat — 366,036,926 triples · 58,049,206,430 bytes read
  Partitioned compression: 1000G_10000r_s2504: rdf-scan heartbeat — 366,459,419 triples · 58,116,315,308 bytes read
  Partitioned compression: 1000G_10000r_s2504: rdf-scan heartbeat — 366,881,913 triples · 58,183,424,247 bytes read
  Partitioned compression: 1000G_10000r_s2504: rdf-scan heartbeat — 367,304,407 triples · 58,250,533,151 bytes read
  Partitioned compression: 1000G_10000r_s2504: rdf-scan heartbeat — 367,726,901 triples · 58,317,642,059 bytes read
  Partitioned compression: 1000G_10000r_s2504: rdf-scan heartbeat — 368,149,394 triples · 58,384,750,937 bytes read
  Partitioned compression: 1000G_10000r_s2504: rdf-scan heartbeat — 368,571,888 triples · 58,451,859,876 bytes read
  Partitioned compression: 1000G_10000r_s2504: rdf-scan chunk — 368,994,176 triples · 109 chunks · 58,518,936,020 bytes read
  Partitioned compression: 1000G_10000r_s2504: hdt-chunks started — 108 chunks · hdt-build-00108
  Partitioned compression: 1000G_10000r_s2504: hdt-chunks complete — 109 chunks · hdt-build-00108
  Partitioned compression: 1000G_10000r_s2504: rdf-scan heartbeat — 368,994,382 triples · 58,518,968,780 bytes read
  Partitioned compression: 1000G_10000r_s2504: rdf-scan heartbeat — 369,416,876 triples · 58,586,077,688 bytes read
  Partitioned compression: 1000G_10000r_s2504: rdf-scan heartbeat — 369,839,369 triples · 58,653,186,566 bytes read
  Partitioned compression: 1000G_10000r_s2504: rdf-scan heartbeat — 370,261,863 triples · 58,720,295,505 bytes read
  Partitioned compression: 1000G_10000r_s2504: rdf-scan heartbeat — 370,684,357 triples · 58,787,404,409 bytes read
  Partitioned compression: 1000G_10000r_s2504: rdf-scan heartbeat — 371,106,851 triples · 58,854,513,317 bytes read
  Partitioned compression: 1000G_10000r_s2504: rdf-scan heartbeat — 371,529,344 triples · 58,921,622,195 bytes read
  Partitioned compression: 1000G_10000r_s2504: rdf-scan heartbeat — 371,951,838 triples · 58,988,731,134 bytes read
  Partitioned compression: 1000G_10000r_s2504: rdf-scan chunk — 372,374,124 triples · 110 chunks · 59,055,807,003 bytes read
  Partitioned compression: 1000G_10000r_s2504: hdt-chunks started — 109 chunks · hdt-build-00109
  Partitioned compression: 1000G_10000r_s2504: hdt-chunks complete — 110 chunks · hdt-build-00109
  Partitioned compression: 1000G_10000r_s2504: rdf-scan heartbeat — 372,374,332 triples · 59,055,840,038 bytes read
  Partitioned compression: 1000G_10000r_s2504: rdf-scan heartbeat — 372,796,826 triples · 59,122,948,946 bytes read
  Partitioned compression: 1000G_10000r_s2504: rdf-scan heartbeat — 373,219,319 triples · 59,190,057,824 bytes read
  Partitioned compression: 1000G_10000r_s2504: rdf-scan heartbeat — 373,641,813 triples · 59,257,166,763 bytes read
  Partitioned compression: 1000G_10000r_s2504: rdf-scan heartbeat — 374,064,307 triples · 59,324,275,667 bytes read
  Partitioned compression: 1000G_10000r_s2504: rdf-scan heartbeat — 374,486,801 triples · 59,391,384,575 bytes read
  Partitioned compression: 1000G_10000r_s2504: rdf-scan heartbeat — 374,909,294 triples · 59,458,493,453 bytes read
  Partitioned compression: 1000G_10000r_s2504: rdf-scan heartbeat — 375,331,788 triples · 59,525,602,392 bytes read
  Partitioned compression: 1000G_10000r_s2504: rdf-scan chunk — 375,754,072 triples · 111 chunks · 59,592,677,928 bytes read
  Partitioned compression: 1000G_10000r_s2504: hdt-chunks started — 110 chunks · hdt-build-00110
  Partitioned compression: 1000G_10000r_s2504: hdt-chunks complete — 111 chunks · hdt-build-00110
  Partitioned compression: 1000G_10000r_s2504: rdf-scan heartbeat — 375,754,282 triples · 59,592,711,296 bytes read
  Partitioned compression: 1000G_10000r_s2504: rdf-scan heartbeat — 376,176,776 triples · 59,659,820,204 bytes read
  Partitioned compression: 1000G_10000r_s2504: rdf-scan heartbeat — 376,599,269 triples · 59,726,929,082 bytes read
  Partitioned compression: 1000G_10000r_s2504: rdf-scan heartbeat — 377,021,763 triples · 59,794,038,021 bytes read
  Partitioned compression: 1000G_10000r_s2504: rdf-scan heartbeat — 377,444,257 triples · 59,861,146,925 bytes read
  Partitioned compression: 1000G_10000r_s2504: rdf-scan heartbeat — 377,866,751 triples · 59,928,255,833 bytes read
  Partitioned compression: 1000G_10000r_s2504: rdf-scan heartbeat — 378,289,244 triples · 59,995,364,711 bytes read
  Partitioned compression: 1000G_10000r_s2504: rdf-scan heartbeat — 378,711,738 triples · 60,062,473,650 bytes read
  Partitioned compression: 1000G_10000r_s2504: rdf-scan chunk — 379,134,020 triples · 112 chunks · 60,129,548,924 bytes read
  Partitioned compression: 1000G_10000r_s2504: hdt-chunks started — 111 chunks · hdt-build-00111
  Partitioned compression: 1000G_10000r_s2504: hdt-chunks complete — 112 chunks · hdt-build-00111
  Partitioned compression: 1000G_10000r_s2504: rdf-scan heartbeat — 379,134,232 triples · 60,129,582,554 bytes read
  Partitioned compression: 1000G_10000r_s2504: rdf-scan heartbeat — 379,556,726 triples · 60,196,691,462 bytes read
  Partitioned compression: 1000G_10000r_s2504: rdf-scan heartbeat — 379,979,219 triples · 60,263,800,340 bytes read
  Partitioned compression: 1000G_10000r_s2504: rdf-scan heartbeat — 380,401,713 triples · 60,330,909,279 bytes read
  Partitioned compression: 1000G_10000r_s2504: rdf-scan heartbeat — 380,824,207 triples · 60,398,018,183 bytes read
  Partitioned compression: 1000G_10000r_s2504: rdf-scan heartbeat — 381,246,701 triples · 60,465,127,091 bytes read
  Partitioned compression: 1000G_10000r_s2504: rdf-scan heartbeat — 381,669,194 triples · 60,532,235,969 bytes read
  Partitioned compression: 1000G_10000r_s2504: rdf-scan heartbeat — 382,091,688 triples · 60,599,344,908 bytes read
  Partitioned compression: 1000G_10000r_s2504: rdf-scan chunk — 382,513,968 triples · 113 chunks · 60,666,419,880 bytes read
  Partitioned compression: 1000G_10000r_s2504: hdt-chunks started — 112 chunks · hdt-build-00112
  Partitioned compression: 1000G_10000r_s2504: hdt-chunks complete — 113 chunks · hdt-build-00112
  Partitioned compression: 1000G_10000r_s2504: rdf-scan heartbeat — 382,514,182 triples · 60,666,453,812 bytes read
  Partitioned compression: 1000G_10000r_s2504: rdf-scan heartbeat — 382,936,676 triples · 60,733,562,720 bytes read
  Partitioned compression: 1000G_10000r_s2504: rdf-scan heartbeat — 383,359,169 triples · 60,800,671,598 bytes read
  Partitioned compression: 1000G_10000r_s2504: rdf-scan heartbeat — 383,781,663 triples · 60,867,780,537 bytes read
  Partitioned compression: 1000G_10000r_s2504: rdf-scan heartbeat — 384,204,157 triples · 60,934,889,441 bytes read
  Partitioned compression: 1000G_10000r_s2504: rdf-scan heartbeat — 384,626,651 triples · 61,001,998,349 bytes read
  Partitioned compression: 1000G_10000r_s2504: rdf-scan heartbeat — 385,049,144 triples · 61,069,107,227 bytes read
  Partitioned compression: 1000G_10000r_s2504: rdf-scan heartbeat — 385,471,638 triples · 61,136,216,166 bytes read
  Partitioned compression: 1000G_10000r_s2504: rdf-scan chunk — 385,893,916 triples · 114 chunks · 61,203,290,836 bytes read
  Partitioned compression: 1000G_10000r_s2504: hdt-chunks started — 113 chunks · hdt-build-00113
  Partitioned compression: 1000G_10000r_s2504: hdt-chunks complete — 114 chunks · hdt-build-00113
  Partitioned compression: 1000G_10000r_s2504: rdf-scan heartbeat — 385,894,132 triples · 61,203,325,070 bytes read
  Partitioned compression: 1000G_10000r_s2504: rdf-scan heartbeat — 386,316,626 triples · 61,270,433,978 bytes read
  Partitioned compression: 1000G_10000r_s2504: rdf-scan heartbeat — 386,739,119 triples · 61,337,542,856 bytes read
  Partitioned compression: 1000G_10000r_s2504: rdf-scan heartbeat — 387,161,613 triples · 61,404,651,795 bytes read
  Partitioned compression: 1000G_10000r_s2504: rdf-scan heartbeat — 387,584,107 triples · 61,471,760,699 bytes read
  Partitioned compression: 1000G_10000r_s2504: rdf-scan heartbeat — 388,006,601 triples · 61,538,869,607 bytes read
  Partitioned compression: 1000G_10000r_s2504: rdf-scan heartbeat — 388,429,094 triples · 61,605,978,485 bytes read
  Partitioned compression: 1000G_10000r_s2504: rdf-scan heartbeat — 388,851,588 triples · 61,673,087,424 bytes read
  Partitioned compression: 1000G_10000r_s2504: rdf-scan chunk — 389,273,864 triples · 115 chunks · 61,740,161,761 bytes read
  Partitioned compression: 1000G_10000r_s2504: hdt-chunks started — 114 chunks · hdt-build-00114
  Partitioned compression: 1000G_10000r_s2504: hdt-chunks complete — 115 chunks · hdt-build-00114
  Partitioned compression: 1000G_10000r_s2504: rdf-scan heartbeat — 389,274,082 triples · 61,740,196,328 bytes read
  Partitioned compression: 1000G_10000r_s2504: rdf-scan heartbeat — 389,696,576 triples · 61,807,305,236 bytes read
  Partitioned compression: 1000G_10000r_s2504: rdf-scan heartbeat — 390,119,069 triples · 61,874,414,114 bytes read
  Partitioned compression: 1000G_10000r_s2504: rdf-scan heartbeat — 390,541,563 triples · 61,941,523,053 bytes read
  Partitioned compression: 1000G_10000r_s2504: rdf-scan heartbeat — 390,964,057 triples · 62,008,631,957 bytes read
  Partitioned compression: 1000G_10000r_s2504: rdf-scan heartbeat — 391,386,551 triples · 62,075,740,865 bytes read
  Partitioned compression: 1000G_10000r_s2504: rdf-scan heartbeat — 391,809,044 triples · 62,142,849,743 bytes read
  Partitioned compression: 1000G_10000r_s2504: rdf-scan heartbeat — 392,231,538 triples · 62,209,958,682 bytes read
  Partitioned compression: 1000G_10000r_s2504: rdf-scan chunk — 392,653,813 triples · 116 chunks · 62,277,032,843 bytes read
  Partitioned compression: 1000G_10000r_s2504: hdt-chunks started — 115 chunks · hdt-build-00115
  Partitioned compression: 1000G_10000r_s2504: hdt-chunks complete — 116 chunks · hdt-build-00115
  Partitioned compression: 1000G_10000r_s2504: rdf-scan heartbeat — 392,654,032 triples · 62,277,067,586 bytes read
  Partitioned compression: 1000G_10000r_s2504: rdf-scan heartbeat — 393,076,526 triples · 62,344,176,494 bytes read
  Partitioned compression: 1000G_10000r_s2504: rdf-scan heartbeat — 393,499,019 triples · 62,411,285,372 bytes read
  Partitioned compression: 1000G_10000r_s2504: rdf-scan heartbeat — 393,921,513 triples · 62,478,394,311 bytes read
  Partitioned compression: 1000G_10000r_s2504: rdf-scan heartbeat — 394,344,007 triples · 62,545,503,215 bytes read
  Partitioned compression: 1000G_10000r_s2504: rdf-scan heartbeat — 394,766,501 triples · 62,612,612,123 bytes read
  Partitioned compression: 1000G_10000r_s2504: rdf-scan heartbeat — 395,188,994 triples · 62,679,721,001 bytes read
  Partitioned compression: 1000G_10000r_s2504: rdf-scan heartbeat — 395,611,488 triples · 62,746,829,940 bytes read
  Partitioned compression: 1000G_10000r_s2504: rdf-scan chunk — 396,033,762 triples · 117 chunks · 62,813,903,916 bytes read
  Partitioned compression: 1000G_10000r_s2504: hdt-chunks started — 116 chunks · hdt-build-00116
  Partitioned compression: 1000G_10000r_s2504: hdt-chunks complete — 117 chunks · hdt-build-00116
  Partitioned compression: 1000G_10000r_s2504: rdf-scan heartbeat — 396,033,982 triples · 62,813,938,844 bytes read
  Partitioned compression: 1000G_10000r_s2504: rdf-scan heartbeat — 396,456,476 triples · 62,881,047,752 bytes read
  Partitioned compression: 1000G_10000r_s2504: rdf-scan heartbeat — 396,878,969 triples · 62,948,156,630 bytes read
  Partitioned compression: 1000G_10000r_s2504: rdf-scan heartbeat — 397,301,463 triples · 63,015,265,569 bytes read
  Partitioned compression: 1000G_10000r_s2504: rdf-scan heartbeat — 397,723,957 triples · 63,082,374,473 bytes read
  Partitioned compression: 1000G_10000r_s2504: rdf-scan heartbeat — 398,146,451 triples · 63,149,483,381 bytes read
  Partitioned compression: 1000G_10000r_s2504: rdf-scan heartbeat — 398,568,944 triples · 63,216,592,259 bytes read
  Partitioned compression: 1000G_10000r_s2504: rdf-scan heartbeat — 398,991,438 triples · 63,283,701,198 bytes read
  Partitioned compression: 1000G_10000r_s2504: rdf-scan chunk — 399,413,710 triples · 118 chunks · 63,350,774,872 bytes read
  Partitioned compression: 1000G_10000r_s2504: hdt-chunks started — 117 chunks · hdt-build-00117
  Partitioned compression: 1000G_10000r_s2504: hdt-chunks complete — 118 chunks · hdt-build-00117
  Partitioned compression: 1000G_10000r_s2504: rdf-scan heartbeat — 399,413,932 triples · 63,350,810,102 bytes read
  Partitioned compression: 1000G_10000r_s2504: rdf-scan heartbeat — 399,836,426 triples · 63,417,919,010 bytes read
  Partitioned compression: 1000G_10000r_s2504: rdf-scan heartbeat — 400,258,919 triples · 63,485,027,888 bytes read
  Partitioned compression: 1000G_10000r_s2504: rdf-scan heartbeat — 400,681,413 triples · 63,552,136,827 bytes read
  Partitioned compression: 1000G_10000r_s2504: rdf-scan heartbeat — 401,103,907 triples · 63,619,245,731 bytes read
  Partitioned compression: 1000G_10000r_s2504: rdf-scan heartbeat — 401,526,401 triples · 63,686,354,639 bytes read
  Partitioned compression: 1000G_10000r_s2504: rdf-scan heartbeat — 401,948,894 triples · 63,753,463,517 bytes read
  Partitioned compression: 1000G_10000r_s2504: rdf-scan heartbeat — 402,371,388 triples · 63,820,572,456 bytes read
  Partitioned compression: 1000G_10000r_s2504: rdf-scan chunk — 402,793,658 triples · 119 chunks · 63,887,645,797 bytes read
  Partitioned compression: 1000G_10000r_s2504: hdt-chunks started — 118 chunks · hdt-build-00118
  Partitioned compression: 1000G_10000r_s2504: hdt-chunks complete — 119 chunks · hdt-build-00118
  Partitioned compression: 1000G_10000r_s2504: rdf-scan heartbeat — 402,793,882 triples · 63,887,681,360 bytes read
  Partitioned compression: 1000G_10000r_s2504: rdf-scan heartbeat — 403,216,376 triples · 63,954,790,268 bytes read
  Partitioned compression: 1000G_10000r_s2504: rdf-scan heartbeat — 403,638,869 triples · 64,021,899,146 bytes read
  Partitioned compression: 1000G_10000r_s2504: rdf-scan heartbeat — 404,061,363 triples · 64,089,008,085 bytes read
  Partitioned compression: 1000G_10000r_s2504: rdf-scan heartbeat — 404,483,857 triples · 64,156,116,989 bytes read
  Partitioned compression: 1000G_10000r_s2504: rdf-scan heartbeat — 404,906,351 triples · 64,223,225,897 bytes read
  Partitioned compression: 1000G_10000r_s2504: rdf-scan heartbeat — 405,328,844 triples · 64,290,334,775 bytes read
  Partitioned compression: 1000G_10000r_s2504: rdf-scan heartbeat — 405,751,338 triples · 64,357,443,714 bytes read
  Partitioned compression: 1000G_10000r_s2504: rdf-scan chunk — 406,173,607 triples · 120 chunks · 64,424,516,879 bytes read
  Partitioned compression: 1000G_10000r_s2504: hdt-chunks started — 119 chunks · hdt-build-00119
  Partitioned compression: 1000G_10000r_s2504: hdt-chunks complete — 120 chunks · hdt-build-00119
  Partitioned compression: 1000G_10000r_s2504: rdf-scan heartbeat — 406,173,832 triples · 64,424,552,618 bytes read
  Partitioned compression: 1000G_10000r_s2504: rdf-scan heartbeat — 406,596,326 triples · 64,491,661,526 bytes read
  Partitioned compression: 1000G_10000r_s2504: rdf-scan heartbeat — 407,018,819 triples · 64,558,770,404 bytes read
  Partitioned compression: 1000G_10000r_s2504: rdf-scan heartbeat — 407,441,313 triples · 64,625,879,343 bytes read
  Partitioned compression: 1000G_10000r_s2504: rdf-scan heartbeat — 407,863,807 triples · 64,692,988,247 bytes read
  Partitioned compression: 1000G_10000r_s2504: rdf-scan heartbeat — 408,286,301 triples · 64,760,097,155 bytes read
  Partitioned compression: 1000G_10000r_s2504: rdf-scan heartbeat — 408,708,794 triples · 64,827,206,033 bytes read
  Partitioned compression: 1000G_10000r_s2504: rdf-scan heartbeat — 409,131,288 triples · 64,894,314,972 bytes read
  Partitioned compression: 1000G_10000r_s2504: rdf-scan chunk — 409,553,555 triples · 121 chunks · 64,961,387,797 bytes read
  Partitioned compression: 1000G_10000r_s2504: hdt-chunks started — 120 chunks · hdt-build-00120
  Partitioned compression: 1000G_10000r_s2504: hdt-chunks complete — 121 chunks · hdt-build-00120
  Partitioned compression: 1000G_10000r_s2504: rdf-scan heartbeat — 409,553,782 triples · 64,961,423,876 bytes read
  Partitioned compression: 1000G_10000r_s2504: rdf-scan heartbeat — 409,976,276 triples · 65,028,532,784 bytes read
  Partitioned compression: 1000G_10000r_s2504: rdf-scan heartbeat — 410,398,769 triples · 65,095,641,662 bytes read
  Partitioned compression: 1000G_10000r_s2504: rdf-scan heartbeat — 410,821,263 triples · 65,162,750,601 bytes read
  Partitioned compression: 1000G_10000r_s2504: rdf-scan heartbeat — 411,243,757 triples · 65,229,859,505 bytes read
  Partitioned compression: 1000G_10000r_s2504: rdf-scan heartbeat — 411,666,251 triples · 65,296,968,413 bytes read
  Partitioned compression: 1000G_10000r_s2504: rdf-scan heartbeat — 412,088,744 triples · 65,364,077,291 bytes read
  Partitioned compression: 1000G_10000r_s2504: rdf-scan heartbeat — 412,511,238 triples · 65,431,186,230 bytes read
  Partitioned compression: 1000G_10000r_s2504: rdf-scan chunk — 412,933,503 triples · 122 chunks · 65,498,258,729 bytes read
  Partitioned compression: 1000G_10000r_s2504: hdt-chunks started — 121 chunks · hdt-build-00121
  Partitioned compression: 1000G_10000r_s2504: hdt-chunks complete — 122 chunks · hdt-build-00121
  Partitioned compression: 1000G_10000r_s2504: rdf-scan heartbeat — 412,933,732 triples · 65,498,295,134 bytes read
  Partitioned compression: 1000G_10000r_s2504: rdf-scan heartbeat — 413,356,226 triples · 65,565,404,042 bytes read
  Partitioned compression: 1000G_10000r_s2504: rdf-scan heartbeat — 413,778,719 triples · 65,632,512,920 bytes read
  Partitioned compression: 1000G_10000r_s2504: rdf-scan heartbeat — 414,201,213 triples · 65,699,621,859 bytes read
  Partitioned compression: 1000G_10000r_s2504: rdf-scan heartbeat — 414,623,707 triples · 65,766,730,763 bytes read
  Partitioned compression: 1000G_10000r_s2504: rdf-scan heartbeat — 415,046,201 triples · 65,833,839,671 bytes read
  Partitioned compression: 1000G_10000r_s2504: rdf-scan heartbeat — 415,468,694 triples · 65,900,948,549 bytes read
  Partitioned compression: 1000G_10000r_s2504: rdf-scan heartbeat — 415,891,188 triples · 65,968,057,488 bytes read
  Partitioned compression: 1000G_10000r_s2504: rdf-scan chunk — 416,313,451 triples · 123 chunks · 66,035,129,661 bytes read
  Partitioned compression: 1000G_10000r_s2504: hdt-chunks started — 122 chunks · hdt-build-00122
  Partitioned compression: 1000G_10000r_s2504: hdt-chunks complete — 123 chunks · hdt-build-00122
  Partitioned compression: 1000G_10000r_s2504: rdf-scan heartbeat — 416,313,682 triples · 66,035,166,392 bytes read
  Partitioned compression: 1000G_10000r_s2504: rdf-scan heartbeat — 416,736,176 triples · 66,102,275,300 bytes read
  Partitioned compression: 1000G_10000r_s2504: rdf-scan heartbeat — 417,158,669 triples · 66,169,384,178 bytes read
  Partitioned compression: 1000G_10000r_s2504: rdf-scan heartbeat — 417,581,163 triples · 66,236,493,117 bytes read
  Partitioned compression: 1000G_10000r_s2504: rdf-scan heartbeat — 418,003,657 triples · 66,303,602,021 bytes read
  Partitioned compression: 1000G_10000r_s2504: rdf-scan heartbeat — 418,426,151 triples · 66,370,710,929 bytes read
  Partitioned compression: 1000G_10000r_s2504: rdf-scan heartbeat — 418,848,644 triples · 66,437,819,807 bytes read
  Partitioned compression: 1000G_10000r_s2504: rdf-scan heartbeat — 419,271,138 triples · 66,504,928,746 bytes read
  Partitioned compression: 1000G_10000r_s2504: rdf-scan chunk — 419,693,399 triples · 124 chunks · 66,572,000,644 bytes read
  Partitioned compression: 1000G_10000r_s2504: hdt-chunks started — 123 chunks · hdt-build-00123
  Partitioned compression: 1000G_10000r_s2504: hdt-chunks complete — 124 chunks · hdt-build-00123
  Partitioned compression: 1000G_10000r_s2504: rdf-scan heartbeat — 419,693,632 triples · 66,572,037,650 bytes read
  Partitioned compression: 1000G_10000r_s2504: rdf-scan heartbeat — 420,116,126 triples · 66,639,146,558 bytes read
  Partitioned compression: 1000G_10000r_s2504: rdf-scan heartbeat — 420,538,619 triples · 66,706,255,436 bytes read
  Partitioned compression: 1000G_10000r_s2504: rdf-scan heartbeat — 420,961,113 triples · 66,773,364,375 bytes read
  Partitioned compression: 1000G_10000r_s2504: rdf-scan heartbeat — 421,383,607 triples · 66,840,473,279 bytes read
  Partitioned compression: 1000G_10000r_s2504: rdf-scan heartbeat — 421,806,101 triples · 66,907,582,187 bytes read
  Partitioned compression: 1000G_10000r_s2504: rdf-scan heartbeat — 422,228,594 triples · 66,974,691,065 bytes read
  Partitioned compression: 1000G_10000r_s2504: rdf-scan heartbeat — 422,651,088 triples · 67,041,800,004 bytes read
  Partitioned compression: 1000G_10000r_s2504: rdf-scan chunk — 423,073,347 triples · 125 chunks · 67,108,871,569 bytes read
  Partitioned compression: 1000G_10000r_s2504: hdt-chunks started — 124 chunks · hdt-build-00124
  Partitioned compression: 1000G_10000r_s2504: hdt-chunks complete — 125 chunks · hdt-build-00124
  Partitioned compression: 1000G_10000r_s2504: rdf-scan heartbeat — 423,073,582 triples · 67,108,908,908 bytes read
  Partitioned compression: 1000G_10000r_s2504: rdf-scan heartbeat — 423,496,076 triples · 67,176,017,816 bytes read
  Partitioned compression: 1000G_10000r_s2504: rdf-scan heartbeat — 423,918,569 triples · 67,243,126,694 bytes read
  Partitioned compression: 1000G_10000r_s2504: rdf-scan heartbeat — 424,341,063 triples · 67,310,235,633 bytes read
  Partitioned compression: 1000G_10000r_s2504: rdf-scan heartbeat — 424,763,557 triples · 67,377,344,537 bytes read
  Partitioned compression: 1000G_10000r_s2504: rdf-scan heartbeat — 425,186,051 triples · 67,444,453,445 bytes read
  Partitioned compression: 1000G_10000r_s2504: rdf-scan heartbeat — 425,608,544 triples · 67,511,562,323 bytes read
  Partitioned compression: 1000G_10000r_s2504: rdf-scan heartbeat — 426,031,038 triples · 67,578,671,262 bytes read
  Partitioned compression: 1000G_10000r_s2504: rdf-scan chunk — 426,453,295 triples · 126 chunks · 67,645,742,565 bytes read
  Partitioned compression: 1000G_10000r_s2504: hdt-chunks started — 125 chunks · hdt-build-00125
  Partitioned compression: 1000G_10000r_s2504: hdt-chunks complete — 126 chunks · hdt-build-00125
  Partitioned compression: 1000G_10000r_s2504: rdf-scan heartbeat — 426,453,532 triples · 67,645,780,166 bytes read
  Partitioned compression: 1000G_10000r_s2504: rdf-scan heartbeat — 426,876,026 triples · 67,712,889,074 bytes read
  Partitioned compression: 1000G_10000r_s2504: rdf-scan heartbeat — 427,298,519 triples · 67,779,997,952 bytes read
  Partitioned compression: 1000G_10000r_s2504: rdf-scan heartbeat — 427,721,013 triples · 67,847,106,891 bytes read
  Partitioned compression: 1000G_10000r_s2504: rdf-scan heartbeat — 428,143,507 triples · 67,914,215,795 bytes read
  Partitioned compression: 1000G_10000r_s2504: rdf-scan heartbeat — 428,566,001 triples · 67,981,324,703 bytes read
  Partitioned compression: 1000G_10000r_s2504: rdf-scan heartbeat — 428,988,494 triples · 68,048,433,581 bytes read
  Partitioned compression: 1000G_10000r_s2504: rdf-scan heartbeat — 429,410,988 triples · 68,115,542,520 bytes read
  Partitioned compression: 1000G_10000r_s2504: rdf-scan chunk — 429,833,243 triples · 127 chunks · 68,182,613,521 bytes read
  Partitioned compression: 1000G_10000r_s2504: hdt-chunks started — 126 chunks · hdt-build-00126
  Partitioned compression: 1000G_10000r_s2504: hdt-chunks complete — 127 chunks · hdt-build-00126
  Partitioned compression: 1000G_10000r_s2504: rdf-scan heartbeat — 429,833,482 triples · 68,182,651,424 bytes read
  Partitioned compression: 1000G_10000r_s2504: rdf-scan heartbeat — 430,255,976 triples · 68,249,760,332 bytes read
  Partitioned compression: 1000G_10000r_s2504: rdf-scan heartbeat — 430,678,469 triples · 68,316,869,210 bytes read
  Partitioned compression: 1000G_10000r_s2504: rdf-scan heartbeat — 431,100,963 triples · 68,383,978,149 bytes read
  Partitioned compression: 1000G_10000r_s2504: rdf-scan heartbeat — 431,523,457 triples · 68,451,087,053 bytes read
  Partitioned compression: 1000G_10000r_s2504: rdf-scan heartbeat — 431,945,951 triples · 68,518,195,961 bytes read
  Partitioned compression: 1000G_10000r_s2504: rdf-scan heartbeat — 432,368,444 triples · 68,585,304,839 bytes read
  Partitioned compression: 1000G_10000r_s2504: rdf-scan heartbeat — 432,790,938 triples · 68,652,413,778 bytes read
  Partitioned compression: 1000G_10000r_s2504: rdf-scan chunk — 433,213,191 triples · 128 chunks · 68,719,484,477 bytes read
  Partitioned compression: 1000G_10000r_s2504: hdt-chunks started — 127 chunks · hdt-build-00127
  Partitioned compression: 1000G_10000r_s2504: hdt-chunks complete — 128 chunks · hdt-build-00127
  Partitioned compression: 1000G_10000r_s2504: rdf-scan heartbeat — 433,213,432 triples · 68,719,522,682 bytes read
  Partitioned compression: 1000G_10000r_s2504: rdf-scan heartbeat — 433,635,926 triples · 68,786,631,590 bytes read
  Partitioned compression: 1000G_10000r_s2504: rdf-scan heartbeat — 434,058,419 triples · 68,853,740,468 bytes read
  Partitioned compression: 1000G_10000r_s2504: rdf-scan heartbeat — 434,480,913 triples · 68,920,849,407 bytes read
  Partitioned compression: 1000G_10000r_s2504: rdf-scan heartbeat — 434,903,407 triples · 68,987,958,311 bytes read
  Partitioned compression: 1000G_10000r_s2504: rdf-scan heartbeat — 435,325,901 triples · 69,055,067,219 bytes read
  Partitioned compression: 1000G_10000r_s2504: rdf-scan heartbeat — 435,748,394 triples · 69,122,176,097 bytes read
  Partitioned compression: 1000G_10000r_s2504: rdf-scan heartbeat — 436,170,888 triples · 69,189,285,036 bytes read
  Partitioned compression: 1000G_10000r_s2504: rdf-scan chunk — 436,593,139 triples · 129 chunks · 69,256,355,402 bytes read
  Partitioned compression: 1000G_10000r_s2504: hdt-chunks started — 128 chunks · hdt-build-00128
  Partitioned compression: 1000G_10000r_s2504: hdt-chunks complete — 129 chunks · hdt-build-00128
  Partitioned compression: 1000G_10000r_s2504: rdf-scan heartbeat — 436,593,382 triples · 69,256,393,940 bytes read
  Partitioned compression: 1000G_10000r_s2504: rdf-scan heartbeat — 437,015,876 triples · 69,323,502,848 bytes read
  Partitioned compression: 1000G_10000r_s2504: rdf-scan heartbeat — 437,438,369 triples · 69,390,611,726 bytes read
  Partitioned compression: 1000G_10000r_s2504: rdf-scan heartbeat — 437,860,863 triples · 69,457,720,665 bytes read
  Partitioned compression: 1000G_10000r_s2504: rdf-scan heartbeat — 438,283,357 triples · 69,524,829,569 bytes read
  Partitioned compression: 1000G_10000r_s2504: rdf-scan heartbeat — 438,705,851 triples · 69,591,938,477 bytes read
  Partitioned compression: 1000G_10000r_s2504: rdf-scan heartbeat — 439,128,344 triples · 69,659,047,355 bytes read
  Partitioned compression: 1000G_10000r_s2504: rdf-scan heartbeat — 439,550,838 triples · 69,726,156,294 bytes read
  Partitioned compression: 1000G_10000r_s2504: rdf-scan chunk — 439,973,088 triples · 130 chunks · 69,793,226,484 bytes read
  Partitioned compression: 1000G_10000r_s2504: hdt-chunks started — 129 chunks · hdt-build-00129
  Partitioned compression: 1000G_10000r_s2504: hdt-chunks complete — 130 chunks · hdt-build-00129
  Partitioned compression: 1000G_10000r_s2504: rdf-scan heartbeat — 439,973,332 triples · 69,793,265,198 bytes read
  Partitioned compression: 1000G_10000r_s2504: rdf-scan heartbeat — 440,395,826 triples · 69,860,374,106 bytes read
  Partitioned compression: 1000G_10000r_s2504: rdf-scan heartbeat — 440,818,319 triples · 69,927,482,984 bytes read
  Partitioned compression: 1000G_10000r_s2504: rdf-scan heartbeat — 441,240,813 triples · 69,994,591,923 bytes read
  Partitioned compression: 1000G_10000r_s2504: rdf-scan heartbeat — 441,663,307 triples · 70,061,700,827 bytes read
  Partitioned compression: 1000G_10000r_s2504: rdf-scan heartbeat — 442,085,801 triples · 70,128,809,735 bytes read
  Partitioned compression: 1000G_10000r_s2504: rdf-scan heartbeat — 442,508,294 triples · 70,195,918,613 bytes read
  Partitioned compression: 1000G_10000r_s2504: rdf-scan heartbeat — 442,930,788 triples · 70,263,027,552 bytes read
  Partitioned compression: 1000G_10000r_s2504: rdf-scan chunk — 443,353,037 triples · 131 chunks · 70,330,097,557 bytes read
  Partitioned compression: 1000G_10000r_s2504: hdt-chunks started — 130 chunks · hdt-build-00130
  Partitioned compression: 1000G_10000r_s2504: hdt-chunks complete — 131 chunks · hdt-build-00130
  Partitioned compression: 1000G_10000r_s2504: rdf-scan heartbeat — 443,353,282 triples · 70,330,136,456 bytes read
  Partitioned compression: 1000G_10000r_s2504: rdf-scan heartbeat — 443,775,776 triples · 70,397,245,364 bytes read
  Partitioned compression: 1000G_10000r_s2504: rdf-scan heartbeat — 444,198,269 triples · 70,464,354,242 bytes read
  Partitioned compression: 1000G_10000r_s2504: rdf-scan heartbeat — 444,620,763 triples · 70,531,463,181 bytes read
  Partitioned compression: 1000G_10000r_s2504: rdf-scan heartbeat — 445,043,257 triples · 70,598,572,085 bytes read
  Partitioned compression: 1000G_10000r_s2504: rdf-scan heartbeat — 445,465,751 triples · 70,665,680,993 bytes read
  Partitioned compression: 1000G_10000r_s2504: rdf-scan heartbeat — 445,888,244 triples · 70,732,789,871 bytes read
  Partitioned compression: 1000G_10000r_s2504: rdf-scan heartbeat — 446,310,738 triples · 70,799,898,810 bytes read
  Partitioned compression: 1000G_10000r_s2504: rdf-scan chunk — 446,732,985 triples · 132 chunks · 70,866,968,513 bytes read
  Partitioned compression: 1000G_10000r_s2504: hdt-chunks started — 131 chunks · hdt-build-00131
  Partitioned compression: 1000G_10000r_s2504: hdt-chunks complete — 132 chunks · hdt-build-00131
  Partitioned compression: 1000G_10000r_s2504: rdf-scan heartbeat — 446,733,232 triples · 70,867,007,714 bytes read
  Partitioned compression: 1000G_10000r_s2504: rdf-scan heartbeat — 447,155,726 triples · 70,934,116,622 bytes read
  Partitioned compression: 1000G_10000r_s2504: rdf-scan heartbeat — 447,578,219 triples · 71,001,225,500 bytes read
  Partitioned compression: 1000G_10000r_s2504: rdf-scan heartbeat — 448,000,713 triples · 71,068,334,439 bytes read
  Partitioned compression: 1000G_10000r_s2504: rdf-scan heartbeat — 448,423,207 triples · 71,135,443,343 bytes read
  Partitioned compression: 1000G_10000r_s2504: rdf-scan heartbeat — 448,845,701 triples · 71,202,552,251 bytes read
  Partitioned compression: 1000G_10000r_s2504: rdf-scan heartbeat — 449,268,194 triples · 71,269,661,129 bytes read
  Partitioned compression: 1000G_10000r_s2504: rdf-scan heartbeat — 449,690,688 triples · 71,336,770,068 bytes read
  Partitioned compression: 1000G_10000r_s2504: rdf-scan chunk — 450,112,933 triples · 133 chunks · 71,403,839,438 bytes read
  Partitioned compression: 1000G_10000r_s2504: hdt-chunks started — 132 chunks · hdt-build-00132
  Partitioned compression: 1000G_10000r_s2504: hdt-chunks complete — 133 chunks · hdt-build-00132
  Partitioned compression: 1000G_10000r_s2504: rdf-scan heartbeat — 450,113,182 triples · 71,403,878,972 bytes read
  Partitioned compression: 1000G_10000r_s2504: rdf-scan heartbeat — 450,535,676 triples · 71,470,987,880 bytes read
  Partitioned compression: 1000G_10000r_s2504: rdf-scan heartbeat — 450,958,169 triples · 71,538,096,758 bytes read
  Partitioned compression: 1000G_10000r_s2504: rdf-scan heartbeat — 451,380,663 triples · 71,605,205,697 bytes read
  Partitioned compression: 1000G_10000r_s2504: rdf-scan heartbeat — 451,803,157 triples · 71,672,314,601 bytes read
  Partitioned compression: 1000G_10000r_s2504: rdf-scan heartbeat — 452,225,651 triples · 71,739,423,509 bytes read
  Partitioned compression: 1000G_10000r_s2504: rdf-scan heartbeat — 452,648,144 triples · 71,806,532,387 bytes read
  Partitioned compression: 1000G_10000r_s2504: rdf-scan heartbeat — 453,070,638 triples · 71,873,641,326 bytes read
  Partitioned compression: 1000G_10000r_s2504: rdf-scan chunk — 453,492,882 triples · 134 chunks · 71,940,710,520 bytes read
  Partitioned compression: 1000G_10000r_s2504: hdt-chunks started — 133 chunks · hdt-build-00133
  Partitioned compression: 1000G_10000r_s2504: hdt-chunks complete — 134 chunks · hdt-build-00133
  Partitioned compression: 1000G_10000r_s2504: rdf-scan heartbeat — 453,493,132 triples · 71,940,750,230 bytes read
  Partitioned compression: 1000G_10000r_s2504: rdf-scan heartbeat — 453,915,626 triples · 72,007,859,138 bytes read
  Partitioned compression: 1000G_10000r_s2504: rdf-scan heartbeat — 454,338,119 triples · 72,074,968,016 bytes read
  Partitioned compression: 1000G_10000r_s2504: rdf-scan heartbeat — 454,760,613 triples · 72,142,076,955 bytes read
  Partitioned compression: 1000G_10000r_s2504: rdf-scan heartbeat — 455,183,107 triples · 72,209,185,859 bytes read
  Partitioned compression: 1000G_10000r_s2504: rdf-scan heartbeat — 455,605,601 triples · 72,276,294,767 bytes read
  Partitioned compression: 1000G_10000r_s2504: rdf-scan heartbeat — 456,028,094 triples · 72,343,403,645 bytes read
  Partitioned compression: 1000G_10000r_s2504: rdf-scan heartbeat — 456,450,588 triples · 72,410,512,584 bytes read
  Partitioned compression: 1000G_10000r_s2504: rdf-scan chunk — 456,872,830 triples · 135 chunks · 72,477,581,438 bytes read
  Partitioned compression: 1000G_10000r_s2504: hdt-chunks started — 134 chunks · hdt-build-00134
  Partitioned compression: 1000G_10000r_s2504: hdt-chunks complete — 135 chunks · hdt-build-00134
  Partitioned compression: 1000G_10000r_s2504: rdf-scan heartbeat — 456,873,082 triples · 72,477,621,488 bytes read
  Partitioned compression: 1000G_10000r_s2504: rdf-scan heartbeat — 457,295,576 triples · 72,544,730,396 bytes read
  Partitioned compression: 1000G_10000r_s2504: rdf-scan heartbeat — 457,718,069 triples · 72,611,839,274 bytes read
  Partitioned compression: 1000G_10000r_s2504: rdf-scan heartbeat — 458,140,563 triples · 72,678,948,213 bytes read
  Partitioned compression: 1000G_10000r_s2504: rdf-scan heartbeat — 458,563,057 triples · 72,746,057,117 bytes read
  Partitioned compression: 1000G_10000r_s2504: rdf-scan heartbeat — 458,985,551 triples · 72,813,166,025 bytes read
  Partitioned compression: 1000G_10000r_s2504: rdf-scan heartbeat — 459,408,044 triples · 72,880,274,903 bytes read
  Partitioned compression: 1000G_10000r_s2504: rdf-scan heartbeat — 459,830,538 triples · 72,947,383,842 bytes read
  Partitioned compression: 1000G_10000r_s2504: rdf-scan chunk — 460,252,778 triples · 136 chunks · 73,014,452,370 bytes read
  Partitioned compression: 1000G_10000r_s2504: hdt-chunks started — 135 chunks · hdt-build-00135
  Partitioned compression: 1000G_10000r_s2504: hdt-chunks complete — 136 chunks · hdt-build-00135
  Partitioned compression: 1000G_10000r_s2504: rdf-scan heartbeat — 460,253,032 triples · 73,014,492,746 bytes read
  Partitioned compression: 1000G_10000r_s2504: rdf-scan heartbeat — 460,675,526 triples · 73,081,601,654 bytes read
  Partitioned compression: 1000G_10000r_s2504: rdf-scan heartbeat — 461,098,019 triples · 73,148,710,532 bytes read
  Partitioned compression: 1000G_10000r_s2504: rdf-scan heartbeat — 461,520,513 triples · 73,215,819,471 bytes read
  Partitioned compression: 1000G_10000r_s2504: rdf-scan heartbeat — 461,943,007 triples · 73,282,928,375 bytes read
  Partitioned compression: 1000G_10000r_s2504: rdf-scan heartbeat — 462,365,501 triples · 73,350,037,283 bytes read
  Partitioned compression: 1000G_10000r_s2504: rdf-scan heartbeat — 462,787,994 triples · 73,417,146,161 bytes read
  Partitioned compression: 1000G_10000r_s2504: rdf-scan heartbeat — 463,210,488 triples · 73,484,255,100 bytes read
  Partitioned compression: 1000G_10000r_s2504: rdf-scan chunk — 463,632,726 triples · 137 chunks · 73,551,323,302 bytes read
  Partitioned compression: 1000G_10000r_s2504: hdt-chunks started — 136 chunks · hdt-build-00136
  Partitioned compression: 1000G_10000r_s2504: hdt-chunks complete — 137 chunks · hdt-build-00136
  Partitioned compression: 1000G_10000r_s2504: rdf-scan heartbeat — 463,632,982 triples · 73,551,364,004 bytes read
  Partitioned compression: 1000G_10000r_s2504: rdf-scan heartbeat — 464,055,476 triples · 73,618,472,912 bytes read
  Partitioned compression: 1000G_10000r_s2504: rdf-scan heartbeat — 464,477,969 triples · 73,685,581,790 bytes read
  Partitioned compression: 1000G_10000r_s2504: rdf-scan heartbeat — 464,900,463 triples · 73,752,690,729 bytes read
  Partitioned compression: 1000G_10000r_s2504: rdf-scan heartbeat — 465,322,957 triples · 73,819,799,633 bytes read
  Partitioned compression: 1000G_10000r_s2504: rdf-scan heartbeat — 465,745,451 triples · 73,886,908,541 bytes read
  Partitioned compression: 1000G_10000r_s2504: rdf-scan heartbeat — 466,167,944 triples · 73,954,017,419 bytes read
  Partitioned compression: 1000G_10000r_s2504: rdf-scan heartbeat — 466,590,438 triples · 74,021,126,358 bytes read
  Partitioned compression: 1000G_10000r_s2504: rdf-scan chunk — 467,012,674 triples · 138 chunks · 74,088,194,285 bytes read
  Partitioned compression: 1000G_10000r_s2504: hdt-chunks started — 137 chunks · hdt-build-00137
  Partitioned compression: 1000G_10000r_s2504: hdt-chunks complete — 138 chunks · hdt-build-00137
  Partitioned compression: 1000G_10000r_s2504: rdf-scan heartbeat — 467,012,932 triples · 74,088,235,262 bytes read
  Partitioned compression: 1000G_10000r_s2504: rdf-scan heartbeat — 467,435,426 triples · 74,155,344,170 bytes read
  Partitioned compression: 1000G_10000r_s2504: rdf-scan heartbeat — 467,857,919 triples · 74,222,453,048 bytes read
  Partitioned compression: 1000G_10000r_s2504: rdf-scan heartbeat — 468,280,413 triples · 74,289,561,987 bytes read
  Partitioned compression: 1000G_10000r_s2504: rdf-scan heartbeat — 468,702,907 triples · 74,356,670,891 bytes read
  Partitioned compression: 1000G_10000r_s2504: rdf-scan heartbeat — 469,125,401 triples · 74,423,779,799 bytes read
  Partitioned compression: 1000G_10000r_s2504: rdf-scan heartbeat — 469,547,894 triples · 74,490,888,677 bytes read
  Partitioned compression: 1000G_10000r_s2504: rdf-scan heartbeat — 469,970,388 triples · 74,557,997,616 bytes read
  Partitioned compression: 1000G_10000r_s2504: rdf-scan chunk — 470,392,622 triples · 139 chunks · 74,625,065,210 bytes read
  Partitioned compression: 1000G_10000r_s2504: hdt-chunks started — 138 chunks · hdt-build-00138
  Partitioned compression: 1000G_10000r_s2504: hdt-chunks complete — 139 chunks · hdt-build-00138
  Partitioned compression: 1000G_10000r_s2504: rdf-scan heartbeat — 470,392,882 triples · 74,625,106,520 bytes read
  Partitioned compression: 1000G_10000r_s2504: rdf-scan heartbeat — 470,815,376 triples · 74,692,215,428 bytes read
  Partitioned compression: 1000G_10000r_s2504: rdf-scan heartbeat — 471,237,869 triples · 74,759,324,306 bytes read
  Partitioned compression: 1000G_10000r_s2504: rdf-scan heartbeat — 471,660,363 triples · 74,826,433,245 bytes read
  Partitioned compression: 1000G_10000r_s2504: rdf-scan heartbeat — 472,082,857 triples · 74,893,542,149 bytes read
  Partitioned compression: 1000G_10000r_s2504: rdf-scan heartbeat — 472,505,351 triples · 74,960,651,057 bytes read
  Partitioned compression: 1000G_10000r_s2504: rdf-scan heartbeat — 472,927,844 triples · 75,027,759,935 bytes read
  Partitioned compression: 1000G_10000r_s2504: rdf-scan heartbeat — 473,350,338 triples · 75,094,868,874 bytes read
  Partitioned compression: 1000G_10000r_s2504: rdf-scan chunk — 473,772,570 triples · 140 chunks · 75,161,936,206 bytes read
  Partitioned compression: 1000G_10000r_s2504: hdt-chunks started — 139 chunks · hdt-build-00139
  Partitioned compression: 1000G_10000r_s2504: hdt-chunks complete — 140 chunks · hdt-build-00139
  Partitioned compression: 1000G_10000r_s2504: rdf-scan heartbeat — 473,772,832 triples · 75,161,977,778 bytes read
  Partitioned compression: 1000G_10000r_s2504: rdf-scan heartbeat — 474,195,326 triples · 75,229,086,686 bytes read
  Partitioned compression: 1000G_10000r_s2504: rdf-scan heartbeat — 474,617,819 triples · 75,296,195,564 bytes read
  Partitioned compression: 1000G_10000r_s2504: rdf-scan heartbeat — 475,040,313 triples · 75,363,304,503 bytes read
  Partitioned compression: 1000G_10000r_s2504: rdf-scan heartbeat — 475,462,807 triples · 75,430,413,407 bytes read
  Partitioned compression: 1000G_10000r_s2504: rdf-scan heartbeat — 475,885,301 triples · 75,497,522,315 bytes read
  Partitioned compression: 1000G_10000r_s2504: rdf-scan heartbeat — 476,307,794 triples · 75,564,631,193 bytes read
  Partitioned compression: 1000G_10000r_s2504: rdf-scan heartbeat — 476,730,288 triples · 75,631,740,132 bytes read
  Partitioned compression: 1000G_10000r_s2504: rdf-scan chunk — 477,152,518 triples · 141 chunks · 75,698,807,162 bytes read
  Partitioned compression: 1000G_10000r_s2504: hdt-chunks started — 140 chunks · hdt-build-00140
  Partitioned compression: 1000G_10000r_s2504: hdt-chunks complete — 141 chunks · hdt-build-00140
  Partitioned compression: 1000G_10000r_s2504: rdf-scan heartbeat — 477,152,782 triples · 75,698,849,036 bytes read
  Partitioned compression: 1000G_10000r_s2504: rdf-scan heartbeat — 477,575,276 triples · 75,765,957,944 bytes read
  Partitioned compression: 1000G_10000r_s2504: rdf-scan heartbeat — 477,997,769 triples · 75,833,066,822 bytes read
  Partitioned compression: 1000G_10000r_s2504: rdf-scan heartbeat — 478,420,263 triples · 75,900,175,761 bytes read
  Partitioned compression: 1000G_10000r_s2504: rdf-scan heartbeat — 478,842,757 triples · 75,967,284,665 bytes read
  Partitioned compression: 1000G_10000r_s2504: rdf-scan heartbeat — 479,265,251 triples · 76,034,393,573 bytes read
  Partitioned compression: 1000G_10000r_s2504: rdf-scan heartbeat — 479,687,744 triples · 76,101,502,451 bytes read
  Partitioned compression: 1000G_10000r_s2504: rdf-scan heartbeat — 480,110,238 triples · 76,168,611,390 bytes read
  Partitioned compression: 1000G_10000r_s2504: rdf-scan chunk — 480,532,466 triples · 142 chunks · 76,235,678,118 bytes read
  Partitioned compression: 1000G_10000r_s2504: hdt-chunks started — 141 chunks · hdt-build-00141
  Partitioned compression: 1000G_10000r_s2504: hdt-chunks complete — 142 chunks · hdt-build-00141
  Partitioned compression: 1000G_10000r_s2504: rdf-scan heartbeat — 480,532,732 triples · 76,235,720,294 bytes read
  Partitioned compression: 1000G_10000r_s2504: rdf-scan heartbeat — 480,955,226 triples · 76,302,829,202 bytes read
  Partitioned compression: 1000G_10000r_s2504: rdf-scan heartbeat — 481,377,719 triples · 76,369,938,080 bytes read
  Partitioned compression: 1000G_10000r_s2504: rdf-scan heartbeat — 481,800,213 triples · 76,437,047,019 bytes read
  Partitioned compression: 1000G_10000r_s2504: rdf-scan heartbeat — 482,222,707 triples · 76,504,155,923 bytes read
  Partitioned compression: 1000G_10000r_s2504: rdf-scan heartbeat — 482,645,201 triples · 76,571,264,831 bytes read
  Partitioned compression: 1000G_10000r_s2504: rdf-scan heartbeat — 483,067,694 triples · 76,638,373,709 bytes read
  Partitioned compression: 1000G_10000r_s2504: rdf-scan heartbeat — 483,490,188 triples · 76,705,482,648 bytes read
  Partitioned compression: 1000G_10000r_s2504: rdf-scan chunk — 483,912,414 triples · 143 chunks · 76,772,549,043 bytes read
  Partitioned compression: 1000G_10000r_s2504: hdt-chunks started — 142 chunks · hdt-build-00142
  Partitioned compression: 1000G_10000r_s2504: hdt-chunks complete — 143 chunks · hdt-build-00142
  Partitioned compression: 1000G_10000r_s2504: rdf-scan heartbeat — 483,912,682 triples · 76,772,591,552 bytes read
  Partitioned compression: 1000G_10000r_s2504: rdf-scan heartbeat — 484,335,176 triples · 76,839,700,460 bytes read
  Partitioned compression: 1000G_10000r_s2504: rdf-scan heartbeat — 484,757,669 triples · 76,906,809,338 bytes read
  Partitioned compression: 1000G_10000r_s2504: rdf-scan heartbeat — 485,180,163 triples · 76,973,918,277 bytes read
  Partitioned compression: 1000G_10000r_s2504: rdf-scan heartbeat — 485,602,657 triples · 77,041,027,181 bytes read
  Partitioned compression: 1000G_10000r_s2504: rdf-scan heartbeat — 486,025,151 triples · 77,108,136,089 bytes read
  Partitioned compression: 1000G_10000r_s2504: rdf-scan heartbeat — 486,447,644 triples · 77,175,244,967 bytes read
  Partitioned compression: 1000G_10000r_s2504: rdf-scan heartbeat — 486,870,138 triples · 77,242,353,906 bytes read
  Partitioned compression: 1000G_10000r_s2504: rdf-scan chunk — 487,292,363 triples · 144 chunks · 77,309,420,125 bytes read
  Partitioned compression: 1000G_10000r_s2504: hdt-chunks started — 143 chunks · hdt-build-00143
  Partitioned compression: 1000G_10000r_s2504: hdt-chunks complete — 144 chunks · hdt-build-00143
  Partitioned compression: 1000G_10000r_s2504: rdf-scan heartbeat — 487,292,632 triples · 77,309,462,810 bytes read
  Partitioned compression: 1000G_10000r_s2504: rdf-scan heartbeat — 487,715,126 triples · 77,376,571,718 bytes read
  Partitioned compression: 1000G_10000r_s2504: rdf-scan heartbeat — 488,137,619 triples · 77,443,680,596 bytes read
  Partitioned compression: 1000G_10000r_s2504: rdf-scan heartbeat — 488,560,113 triples · 77,510,789,535 bytes read
  Partitioned compression: 1000G_10000r_s2504: rdf-scan heartbeat — 488,982,607 triples · 77,577,898,439 bytes read
  Partitioned compression: 1000G_10000r_s2504: rdf-scan heartbeat — 489,405,101 triples · 77,645,007,347 bytes read
  Partitioned compression: 1000G_10000r_s2504: rdf-scan heartbeat — 489,827,594 triples · 77,712,116,225 bytes read
  Partitioned compression: 1000G_10000r_s2504: rdf-scan heartbeat — 490,250,088 triples · 77,779,225,164 bytes read
  Partitioned compression: 1000G_10000r_s2504: rdf-scan chunk — 490,672,312 triples · 145 chunks · 77,846,291,198 bytes read
  Partitioned compression: 1000G_10000r_s2504: hdt-chunks started — 144 chunks · hdt-build-00144
  Partitioned compression: 1000G_10000r_s2504: hdt-chunks complete — 145 chunks · hdt-build-00144
  Partitioned compression: 1000G_10000r_s2504: rdf-scan heartbeat — 490,672,582 triples · 77,846,334,068 bytes read
  Partitioned compression: 1000G_10000r_s2504: rdf-scan heartbeat — 491,095,076 triples · 77,913,442,976 bytes read
  Partitioned compression: 1000G_10000r_s2504: rdf-scan heartbeat — 491,517,569 triples · 77,980,551,854 bytes read
  Partitioned compression: 1000G_10000r_s2504: rdf-scan heartbeat — 491,940,063 triples · 78,047,660,793 bytes read
  Partitioned compression: 1000G_10000r_s2504: rdf-scan heartbeat — 492,362,557 triples · 78,114,769,697 bytes read
  Partitioned compression: 1000G_10000r_s2504: rdf-scan heartbeat — 492,785,051 triples · 78,181,878,605 bytes read
  Partitioned compression: 1000G_10000r_s2504: rdf-scan heartbeat — 493,207,544 triples · 78,248,987,483 bytes read
  Partitioned compression: 1000G_10000r_s2504: rdf-scan heartbeat — 493,630,038 triples · 78,316,096,422 bytes read
  Partitioned compression: 1000G_10000r_s2504: rdf-scan chunk — 494,052,260 triples · 146 chunks · 78,383,162,154 bytes read
  Partitioned compression: 1000G_10000r_s2504: hdt-chunks started — 145 chunks · hdt-build-00145
  Partitioned compression: 1000G_10000r_s2504: hdt-chunks complete — 146 chunks · hdt-build-00145
  Partitioned compression: 1000G_10000r_s2504: rdf-scan heartbeat — 494,052,532 triples · 78,383,205,326 bytes read
  Partitioned compression: 1000G_10000r_s2504: rdf-scan heartbeat — 494,475,026 triples · 78,450,314,234 bytes read
  Partitioned compression: 1000G_10000r_s2504: rdf-scan heartbeat — 494,897,519 triples · 78,517,423,112 bytes read
  Partitioned compression: 1000G_10000r_s2504: rdf-scan heartbeat — 495,320,013 triples · 78,584,532,051 bytes read
  Partitioned compression: 1000G_10000r_s2504: rdf-scan heartbeat — 495,742,507 triples · 78,651,640,955 bytes read
  Partitioned compression: 1000G_10000r_s2504: rdf-scan heartbeat — 496,165,001 triples · 78,718,749,863 bytes read
  Partitioned compression: 1000G_10000r_s2504: rdf-scan heartbeat — 496,587,494 triples · 78,785,858,741 bytes read
  Partitioned compression: 1000G_10000r_s2504: rdf-scan heartbeat — 497,009,988 triples · 78,852,967,680 bytes read
  Partitioned compression: 1000G_10000r_s2504: rdf-scan chunk — 497,432,208 triples · 147 chunks · 78,920,033,079 bytes read
  Partitioned compression: 1000G_10000r_s2504: hdt-chunks started — 146 chunks · hdt-build-00146
  Partitioned compression: 1000G_10000r_s2504: hdt-chunks complete — 147 chunks · hdt-build-00146
  Partitioned compression: 1000G_10000r_s2504: rdf-scan heartbeat — 497,432,482 triples · 78,920,076,584 bytes read
  Partitioned compression: 1000G_10000r_s2504: rdf-scan heartbeat — 497,854,976 triples · 78,987,185,492 bytes read
  Partitioned compression: 1000G_10000r_s2504: rdf-scan heartbeat — 498,277,469 triples · 79,054,294,370 bytes read
  Partitioned compression: 1000G_10000r_s2504: rdf-scan heartbeat — 498,699,963 triples · 79,121,403,309 bytes read
  Partitioned compression: 1000G_10000r_s2504: rdf-scan heartbeat — 499,122,457 triples · 79,188,512,213 bytes read
  Partitioned compression: 1000G_10000r_s2504: rdf-scan heartbeat — 499,544,951 triples · 79,255,621,121 bytes read
  Partitioned compression: 1000G_10000r_s2504: rdf-scan heartbeat — 499,967,444 triples · 79,322,729,999 bytes read
  Partitioned compression: 1000G_10000r_s2504: rdf-scan heartbeat — 500,389,938 triples · 79,389,838,938 bytes read
  Partitioned compression: 1000G_10000r_s2504: rdf-scan chunk — 500,812,157 triples · 148 chunks · 79,456,904,161 bytes read
  Partitioned compression: 1000G_10000r_s2504: hdt-chunks started — 147 chunks · hdt-build-00147
  Partitioned compression: 1000G_10000r_s2504: hdt-chunks complete — 148 chunks · hdt-build-00147
  Partitioned compression: 1000G_10000r_s2504: rdf-scan heartbeat — 500,812,432 triples · 79,456,947,842 bytes read
  Partitioned compression: 1000G_10000r_s2504: rdf-scan heartbeat — 501,234,926 triples · 79,524,056,750 bytes read
  Partitioned compression: 1000G_10000r_s2504: rdf-scan heartbeat — 501,657,419 triples · 79,591,165,628 bytes read
  Partitioned compression: 1000G_10000r_s2504: rdf-scan heartbeat — 502,079,913 triples · 79,658,274,567 bytes read
  Partitioned compression: 1000G_10000r_s2504: rdf-scan heartbeat — 502,502,407 triples · 79,725,383,471 bytes read
  Partitioned compression: 1000G_10000r_s2504: rdf-scan heartbeat — 502,924,901 triples · 79,792,492,379 bytes read
  Partitioned compression: 1000G_10000r_s2504: rdf-scan heartbeat — 503,347,394 triples · 79,859,601,257 bytes read
  Partitioned compression: 1000G_10000r_s2504: rdf-scan heartbeat — 503,769,888 triples · 79,926,710,196 bytes read
  Partitioned compression: 1000G_10000r_s2504: rdf-scan chunk — 504,192,105 triples · 149 chunks · 79,993,775,079 bytes read
  Partitioned compression: 1000G_10000r_s2504: hdt-chunks started — 148 chunks · hdt-build-00148
  Partitioned compression: 1000G_10000r_s2504: hdt-chunks complete — 149 chunks · hdt-build-00148
  Partitioned compression: 1000G_10000r_s2504: rdf-scan heartbeat — 504,192,382 triples · 79,993,819,100 bytes read
  Partitioned compression: 1000G_10000r_s2504: rdf-scan heartbeat — 504,614,876 triples · 80,060,928,008 bytes read
  Partitioned compression: 1000G_10000r_s2504: rdf-scan heartbeat — 505,037,369 triples · 80,128,036,886 bytes read
  Partitioned compression: 1000G_10000r_s2504: rdf-scan heartbeat — 505,459,863 triples · 80,195,145,825 bytes read
  Partitioned compression: 1000G_10000r_s2504: rdf-scan heartbeat — 505,882,357 triples · 80,262,254,729 bytes read
  Partitioned compression: 1000G_10000r_s2504: rdf-scan heartbeat — 506,304,851 triples · 80,329,363,637 bytes read
  Partitioned compression: 1000G_10000r_s2504: rdf-scan heartbeat — 506,727,344 triples · 80,396,472,515 bytes read
  Partitioned compression: 1000G_10000r_s2504: rdf-scan heartbeat — 507,149,838 triples · 80,463,581,454 bytes read
  Partitioned compression: 1000G_10000r_s2504: rdf-scan chunk — 507,572,053 triples · 150 chunks · 80,530,646,011 bytes read
  Partitioned compression: 1000G_10000r_s2504: hdt-chunks started — 149 chunks · hdt-build-00149
  Partitioned compression: 1000G_10000r_s2504: hdt-chunks complete — 150 chunks · hdt-build-00149
  Partitioned compression: 1000G_10000r_s2504: rdf-scan heartbeat — 507,572,332 triples · 80,530,690,358 bytes read
  Partitioned compression: 1000G_10000r_s2504: rdf-scan heartbeat — 507,994,826 triples · 80,597,799,266 bytes read
  Partitioned compression: 1000G_10000r_s2504: rdf-scan heartbeat — 508,417,319 triples · 80,664,908,144 bytes read
  Partitioned compression: 1000G_10000r_s2504: rdf-scan heartbeat — 508,839,813 triples · 80,732,017,083 bytes read
  Partitioned compression: 1000G_10000r_s2504: rdf-scan heartbeat — 509,262,307 triples · 80,799,125,987 bytes read
  Partitioned compression: 1000G_10000r_s2504: rdf-scan heartbeat — 509,684,801 triples · 80,866,234,895 bytes read
  Partitioned compression: 1000G_10000r_s2504: rdf-scan heartbeat — 510,107,294 triples · 80,933,343,773 bytes read
  Partitioned compression: 1000G_10000r_s2504: rdf-scan heartbeat — 510,529,788 triples · 81,000,452,712 bytes read
  Partitioned compression: 1000G_10000r_s2504: rdf-scan chunk — 510,952,001 triples · 151 chunks · 81,067,516,943 bytes read
  Partitioned compression: 1000G_10000r_s2504: hdt-chunks started — 150 chunks · hdt-build-00150
  Partitioned compression: 1000G_10000r_s2504: hdt-chunks complete — 151 chunks · hdt-build-00150
  Partitioned compression: 1000G_10000r_s2504: rdf-scan heartbeat — 510,952,282 triples · 81,067,561,616 bytes read
  Partitioned compression: 1000G_10000r_s2504: rdf-scan heartbeat — 511,374,776 triples · 81,134,670,524 bytes read
  Partitioned compression: 1000G_10000r_s2504: rdf-scan heartbeat — 511,797,269 triples · 81,201,779,402 bytes read
  Partitioned compression: 1000G_10000r_s2504: rdf-scan heartbeat — 512,219,763 triples · 81,268,888,341 bytes read
  Partitioned compression: 1000G_10000r_s2504: rdf-scan heartbeat — 512,642,257 triples · 81,335,997,245 bytes read
  Partitioned compression: 1000G_10000r_s2504: rdf-scan heartbeat — 513,064,751 triples · 81,403,106,153 bytes read
  Partitioned compression: 1000G_10000r_s2504: rdf-scan heartbeat — 513,487,244 triples · 81,470,215,031 bytes read
  Partitioned compression: 1000G_10000r_s2504: rdf-scan heartbeat — 513,909,738 triples · 81,537,323,970 bytes read
  Partitioned compression: 1000G_10000r_s2504: rdf-scan chunk — 514,331,949 triples · 152 chunks · 81,604,387,926 bytes read
  Partitioned compression: 1000G_10000r_s2504: hdt-chunks started — 151 chunks · hdt-build-00151
  Partitioned compression: 1000G_10000r_s2504: hdt-chunks complete — 152 chunks · hdt-build-00151
  Partitioned compression: 1000G_10000r_s2504: rdf-scan heartbeat — 514,332,232 triples · 81,604,432,874 bytes read
  Partitioned compression: 1000G_10000r_s2504: rdf-scan heartbeat — 514,754,726 triples · 81,671,541,782 bytes read
  Partitioned compression: 1000G_10000r_s2504: rdf-scan heartbeat — 515,177,219 triples · 81,738,650,660 bytes read
  Partitioned compression: 1000G_10000r_s2504: rdf-scan heartbeat — 515,599,713 triples · 81,805,759,599 bytes read
  Partitioned compression: 1000G_10000r_s2504: rdf-scan heartbeat — 516,022,207 triples · 81,872,868,503 bytes read
  Partitioned compression: 1000G_10000r_s2504: rdf-scan heartbeat — 516,444,701 triples · 81,939,977,411 bytes read
  Partitioned compression: 1000G_10000r_s2504: rdf-scan heartbeat — 516,867,194 triples · 82,007,086,289 bytes read
  Partitioned compression: 1000G_10000r_s2504: rdf-scan heartbeat — 517,289,688 triples · 82,074,195,228 bytes read
  Partitioned compression: 1000G_10000r_s2504: rdf-scan chunk — 517,711,897 triples · 153 chunks · 82,141,258,851 bytes read
  Partitioned compression: 1000G_10000r_s2504: hdt-chunks started — 152 chunks · hdt-build-00152
  Partitioned compression: 1000G_10000r_s2504: hdt-chunks complete — 153 chunks · hdt-build-00152
  Partitioned compression: 1000G_10000r_s2504: rdf-scan heartbeat — 517,712,182 triples · 82,141,304,132 bytes read
  Partitioned compression: 1000G_10000r_s2504: rdf-scan heartbeat — 518,134,676 triples · 82,208,413,040 bytes read
  Partitioned compression: 1000G_10000r_s2504: rdf-scan heartbeat — 518,557,169 triples · 82,275,521,918 bytes read
  Partitioned compression: 1000G_10000r_s2504: rdf-scan heartbeat — 518,979,663 triples · 82,342,630,857 bytes read
  Partitioned compression: 1000G_10000r_s2504: rdf-scan heartbeat — 519,402,157 triples · 82,409,739,761 bytes read
  Partitioned compression: 1000G_10000r_s2504: rdf-scan heartbeat — 519,824,651 triples · 82,476,848,669 bytes read
  Partitioned compression: 1000G_10000r_s2504: rdf-scan heartbeat — 520,247,144 triples · 82,543,957,547 bytes read
  Partitioned compression: 1000G_10000r_s2504: rdf-scan heartbeat — 520,669,638 triples · 82,611,066,486 bytes read
  Partitioned compression: 1000G_10000r_s2504: rdf-scan chunk — 521,091,845 triples · 154 chunks · 82,678,129,847 bytes read
  Partitioned compression: 1000G_10000r_s2504: hdt-chunks started — 153 chunks · hdt-build-00153
  Partitioned compression: 1000G_10000r_s2504: hdt-chunks complete — 154 chunks · hdt-build-00153
  Partitioned compression: 1000G_10000r_s2504: rdf-scan heartbeat — 521,092,132 triples · 82,678,175,390 bytes read
  Partitioned compression: 1000G_10000r_s2504: rdf-scan heartbeat — 521,514,626 triples · 82,745,284,298 bytes read
  Partitioned compression: 1000G_10000r_s2504: rdf-scan heartbeat — 521,937,119 triples · 82,812,393,176 bytes read
  Partitioned compression: 1000G_10000r_s2504: rdf-scan heartbeat — 522,359,613 triples · 82,879,502,115 bytes read
  Partitioned compression: 1000G_10000r_s2504: rdf-scan heartbeat — 522,782,107 triples · 82,946,611,019 bytes read
  Partitioned compression: 1000G_10000r_s2504: rdf-scan heartbeat — 523,204,601 triples · 83,013,719,927 bytes read
  Partitioned compression: 1000G_10000r_s2504: rdf-scan heartbeat — 523,627,094 triples · 83,080,828,805 bytes read
  Partitioned compression: 1000G_10000r_s2504: rdf-scan heartbeat — 524,049,588 triples · 83,147,937,744 bytes read
  Partitioned compression: 1000G_10000r_s2504: rdf-scan chunk — 524,471,793 triples · 155 chunks · 83,215,000,803 bytes read
  Partitioned compression: 1000G_10000r_s2504: hdt-chunks started — 154 chunks · hdt-build-00154
  Partitioned compression: 1000G_10000r_s2504: hdt-chunks complete — 155 chunks · hdt-build-00154
  Partitioned compression: 1000G_10000r_s2504: rdf-scan heartbeat — 524,472,082 triples · 83,215,046,648 bytes read
  Partitioned compression: 1000G_10000r_s2504: rdf-scan heartbeat — 524,894,576 triples · 83,282,155,556 bytes read
  Partitioned compression: 1000G_10000r_s2504: rdf-scan heartbeat — 525,317,069 triples · 83,349,264,434 bytes read
  Partitioned compression: 1000G_10000r_s2504: rdf-scan heartbeat — 525,739,563 triples · 83,416,373,373 bytes read
  Partitioned compression: 1000G_10000r_s2504: rdf-scan heartbeat — 526,162,057 triples · 83,483,482,277 bytes read
  Partitioned compression: 1000G_10000r_s2504: rdf-scan heartbeat — 526,584,551 triples · 83,550,591,185 bytes read
  Partitioned compression: 1000G_10000r_s2504: rdf-scan heartbeat — 527,007,044 triples · 83,617,700,063 bytes read
  Partitioned compression: 1000G_10000r_s2504: rdf-scan heartbeat — 527,429,538 triples · 83,684,809,002 bytes read
  Partitioned compression: 1000G_10000r_s2504: rdf-scan chunk — 527,851,741 triples · 156 chunks · 83,751,871,759 bytes read
  Partitioned compression: 1000G_10000r_s2504: hdt-chunks started — 155 chunks · hdt-build-00155
  Partitioned compression: 1000G_10000r_s2504: hdt-chunks complete — 156 chunks · hdt-build-00155
  Partitioned compression: 1000G_10000r_s2504: rdf-scan heartbeat — 527,852,032 triples · 83,751,917,906 bytes read
  Partitioned compression: 1000G_10000r_s2504: rdf-scan heartbeat — 528,274,526 triples · 83,819,026,814 bytes read
  Partitioned compression: 1000G_10000r_s2504: rdf-scan heartbeat — 528,697,019 triples · 83,886,135,692 bytes read
  Partitioned compression: 1000G_10000r_s2504: rdf-scan heartbeat — 529,119,513 triples · 83,953,244,631 bytes read
  Partitioned compression: 1000G_10000r_s2504: rdf-scan heartbeat — 529,542,007 triples · 84,020,353,535 bytes read
  Partitioned compression: 1000G_10000r_s2504: rdf-scan heartbeat — 529,964,501 triples · 84,087,462,443 bytes read
  Partitioned compression: 1000G_10000r_s2504: rdf-scan heartbeat — 530,386,994 triples · 84,154,571,321 bytes read
  Partitioned compression: 1000G_10000r_s2504: rdf-scan heartbeat — 530,809,488 triples · 84,221,680,260 bytes read
  Partitioned compression: 1000G_10000r_s2504: rdf-scan chunk — 531,231,689 triples · 157 chunks · 84,288,742,684 bytes read
  Partitioned compression: 1000G_10000r_s2504: hdt-chunks started — 156 chunks · hdt-build-00156
  Partitioned compression: 1000G_10000r_s2504: hdt-chunks complete — 157 chunks · hdt-build-00156
  Partitioned compression: 1000G_10000r_s2504: rdf-scan heartbeat — 531,231,982 triples · 84,288,789,164 bytes read
  Partitioned compression: 1000G_10000r_s2504: rdf-scan heartbeat — 531,654,476 triples · 84,355,898,072 bytes read
  Partitioned compression: 1000G_10000r_s2504: rdf-scan heartbeat — 532,076,969 triples · 84,423,006,950 bytes read
  Partitioned compression: 1000G_10000r_s2504: rdf-scan heartbeat — 532,499,463 triples · 84,490,115,889 bytes read
  Partitioned compression: 1000G_10000r_s2504: rdf-scan heartbeat — 532,921,957 triples · 84,557,224,793 bytes read
  Partitioned compression: 1000G_10000r_s2504: rdf-scan heartbeat — 533,344,451 triples · 84,624,333,701 bytes read
  Partitioned compression: 1000G_10000r_s2504: rdf-scan heartbeat — 533,766,944 triples · 84,691,442,579 bytes read
  Partitioned compression: 1000G_10000r_s2504: rdf-scan heartbeat — 534,189,438 triples · 84,758,551,518 bytes read
  Partitioned compression: 1000G_10000r_s2504: rdf-scan chunk — 534,611,638 triples · 158 chunks · 84,825,613,766 bytes read
  Partitioned compression: 1000G_10000r_s2504: hdt-chunks started — 157 chunks · hdt-build-00157
  Partitioned compression: 1000G_10000r_s2504: hdt-chunks complete — 158 chunks · hdt-build-00157
  Partitioned compression: 1000G_10000r_s2504: rdf-scan heartbeat — 534,611,932 triples · 84,825,660,422 bytes read
  Partitioned compression: 1000G_10000r_s2504: rdf-scan heartbeat — 535,034,426 triples · 84,892,769,330 bytes read
  Partitioned compression: 1000G_10000r_s2504: rdf-scan heartbeat — 535,456,919 triples · 84,959,878,208 bytes read
  Partitioned compression: 1000G_10000r_s2504: rdf-scan heartbeat — 535,879,413 triples · 85,026,987,147 bytes read
  Partitioned compression: 1000G_10000r_s2504: rdf-scan heartbeat — 536,301,907 triples · 85,094,096,051 bytes read
  Partitioned compression: 1000G_10000r_s2504: rdf-scan heartbeat — 536,724,401 triples · 85,161,204,959 bytes read
  Partitioned compression: 1000G_10000r_s2504: rdf-scan heartbeat — 537,146,894 triples · 85,228,313,837 bytes read
  Partitioned compression: 1000G_10000r_s2504: rdf-scan heartbeat — 537,569,388 triples · 85,295,422,776 bytes read
  Partitioned compression: 1000G_10000r_s2504: rdf-scan chunk — 537,991,587 triples · 159 chunks · 85,362,484,839 bytes read
  Partitioned compression: 1000G_10000r_s2504: hdt-chunks started — 158 chunks · hdt-build-00158
  Partitioned compression: 1000G_10000r_s2504: hdt-chunks complete — 159 chunks · hdt-build-00158
  Partitioned compression: 1000G_10000r_s2504: rdf-scan heartbeat — 537,991,882 triples · 85,362,531,680 bytes read
  Partitioned compression: 1000G_10000r_s2504: rdf-scan heartbeat — 538,414,376 triples · 85,429,640,588 bytes read
  Partitioned compression: 1000G_10000r_s2504: rdf-scan heartbeat — 538,836,869 triples · 85,496,749,466 bytes read
  Partitioned compression: 1000G_10000r_s2504: rdf-scan heartbeat — 539,259,363 triples · 85,563,858,405 bytes read
  Partitioned compression: 1000G_10000r_s2504: rdf-scan heartbeat — 539,681,857 triples · 85,630,967,309 bytes read
  Partitioned compression: 1000G_10000r_s2504: rdf-scan heartbeat — 540,104,351 triples · 85,698,076,217 bytes read
  Partitioned compression: 1000G_10000r_s2504: rdf-scan heartbeat — 540,526,844 triples · 85,765,185,095 bytes read
  Partitioned compression: 1000G_10000r_s2504: rdf-scan heartbeat — 540,949,338 triples · 85,832,294,034 bytes read
  Partitioned compression: 1000G_10000r_s2504: rdf-scan chunk — 541,371,535 triples · 160 chunks · 85,899,355,795 bytes read
  Partitioned compression: 1000G_10000r_s2504: hdt-chunks started — 159 chunks · hdt-build-00159
  Partitioned compression: 1000G_10000r_s2504: hdt-chunks complete — 160 chunks · hdt-build-00159
  Partitioned compression: 1000G_10000r_s2504: rdf-scan heartbeat — 541,371,832 triples · 85,899,402,938 bytes read
  Partitioned compression: 1000G_10000r_s2504: rdf-scan heartbeat — 541,794,326 triples · 85,966,511,846 bytes read
  Partitioned compression: 1000G_10000r_s2504: rdf-scan heartbeat — 542,216,819 triples · 86,033,620,724 bytes read
  Partitioned compression: 1000G_10000r_s2504: rdf-scan heartbeat — 542,639,313 triples · 86,100,729,663 bytes read
  Partitioned compression: 1000G_10000r_s2504: rdf-scan heartbeat — 543,061,807 triples · 86,167,838,567 bytes read
  Partitioned compression: 1000G_10000r_s2504: rdf-scan heartbeat — 543,484,301 triples · 86,234,947,475 bytes read
  Partitioned compression: 1000G_10000r_s2504: rdf-scan heartbeat — 543,906,794 triples · 86,302,056,353 bytes read
  Partitioned compression: 1000G_10000r_s2504: rdf-scan heartbeat — 544,329,288 triples · 86,369,165,292 bytes read
  Partitioned compression: 1000G_10000r_s2504: rdf-scan chunk — 544,751,483 triples · 161 chunks · 86,436,226,720 bytes read
  Partitioned compression: 1000G_10000r_s2504: hdt-chunks started — 160 chunks · hdt-build-00160
  Partitioned compression: 1000G_10000r_s2504: hdt-chunks complete — 161 chunks · hdt-build-00160
  Partitioned compression: 1000G_10000r_s2504: rdf-scan heartbeat — 544,751,782 triples · 86,436,274,196 bytes read
  Partitioned compression: 1000G_10000r_s2504: rdf-scan heartbeat — 545,174,276 triples · 86,503,383,104 bytes read
  Partitioned compression: 1000G_10000r_s2504: rdf-scan heartbeat — 545,596,769 triples · 86,570,491,982 bytes read
  Partitioned compression: 1000G_10000r_s2504: rdf-scan heartbeat — 546,019,263 triples · 86,637,600,921 bytes read
  Partitioned compression: 1000G_10000r_s2504: rdf-scan heartbeat — 546,441,757 triples · 86,704,709,825 bytes read
  Partitioned compression: 1000G_10000r_s2504: rdf-scan heartbeat — 546,864,251 triples · 86,771,818,733 bytes read
  Partitioned compression: 1000G_10000r_s2504: rdf-scan heartbeat — 547,286,744 triples · 86,838,927,611 bytes read
  Partitioned compression: 1000G_10000r_s2504: rdf-scan heartbeat — 547,709,238 triples · 86,906,036,550 bytes read
  Partitioned compression: 1000G_10000r_s2504: rdf-scan chunk — 548,131,432 triples · 162 chunks · 86,973,097,802 bytes read
  Partitioned compression: 1000G_10000r_s2504: hdt-chunks started — 161 chunks · hdt-build-00161
  Partitioned compression: 1000G_10000r_s2504: hdt-chunks complete — 162 chunks · hdt-build-00161
  Partitioned compression: 1000G_10000r_s2504: rdf-scan heartbeat — 548,131,732 triples · 86,973,145,454 bytes read
  Partitioned compression: 1000G_10000r_s2504: rdf-scan heartbeat — 548,554,226 triples · 87,040,254,362 bytes read
  Partitioned compression: 1000G_10000r_s2504: rdf-scan heartbeat — 548,976,719 triples · 87,107,363,240 bytes read
  Partitioned compression: 1000G_10000r_s2504: rdf-scan heartbeat — 549,399,213 triples · 87,174,472,179 bytes read
  Partitioned compression: 1000G_10000r_s2504: rdf-scan heartbeat — 549,821,707 triples · 87,241,581,083 bytes read
  Partitioned compression: 1000G_10000r_s2504: rdf-scan heartbeat — 550,244,201 triples · 87,308,689,991 bytes read
  Partitioned compression: 1000G_10000r_s2504: rdf-scan heartbeat — 550,666,694 triples · 87,375,798,869 bytes read
  Partitioned compression: 1000G_10000r_s2504: rdf-scan heartbeat — 551,089,188 triples · 87,442,907,808 bytes read
  Partitioned compression: 1000G_10000r_s2504: rdf-scan chunk — 551,511,380 triples · 163 chunks · 87,509,968,720 bytes read
  Partitioned compression: 1000G_10000r_s2504: hdt-chunks started — 162 chunks · hdt-build-00162
  Partitioned compression: 1000G_10000r_s2504: hdt-chunks complete — 163 chunks · hdt-build-00162
  Partitioned compression: 1000G_10000r_s2504: rdf-scan heartbeat — 551,511,682 triples · 87,510,016,712 bytes read
  Partitioned compression: 1000G_10000r_s2504: rdf-scan heartbeat — 551,934,176 triples · 87,577,125,620 bytes read
  Partitioned compression: 1000G_10000r_s2504: rdf-scan heartbeat — 552,356,669 triples · 87,644,234,498 bytes read
  Partitioned compression: 1000G_10000r_s2504: rdf-scan heartbeat — 552,779,163 triples · 87,711,343,437 bytes read
  Partitioned compression: 1000G_10000r_s2504: rdf-scan heartbeat — 553,201,657 triples · 87,778,452,341 bytes read
  Partitioned compression: 1000G_10000r_s2504: rdf-scan heartbeat — 553,624,151 triples · 87,845,561,249 bytes read
  Partitioned compression: 1000G_10000r_s2504: rdf-scan heartbeat — 554,046,644 triples · 87,912,670,127 bytes read
  Partitioned compression: 1000G_10000r_s2504: rdf-scan heartbeat — 554,469,138 triples · 87,979,779,066 bytes read
  Partitioned compression: 1000G_10000r_s2504: rdf-scan chunk — 554,891,328 triples · 164 chunks · 88,046,839,652 bytes read
  Partitioned compression: 1000G_10000r_s2504: hdt-chunks started — 163 chunks · hdt-build-00163
  Partitioned compression: 1000G_10000r_s2504: hdt-chunks complete — 164 chunks · hdt-build-00163
  Partitioned compression: 1000G_10000r_s2504: rdf-scan heartbeat — 554,891,632 triples · 88,046,887,970 bytes read
  Partitioned compression: 1000G_10000r_s2504: rdf-scan heartbeat — 555,314,126 triples · 88,113,996,878 bytes read
  Partitioned compression: 1000G_10000r_s2504: rdf-scan heartbeat — 555,736,619 triples · 88,181,105,756 bytes read
  Partitioned compression: 1000G_10000r_s2504: rdf-scan heartbeat — 556,159,113 triples · 88,248,214,695 bytes read
  Partitioned compression: 1000G_10000r_s2504: rdf-scan heartbeat — 556,581,607 triples · 88,315,323,599 bytes read
  Partitioned compression: 1000G_10000r_s2504: rdf-scan heartbeat — 557,004,101 triples · 88,382,432,507 bytes read
  Partitioned compression: 1000G_10000r_s2504: rdf-scan heartbeat — 557,426,594 triples · 88,449,541,385 bytes read
  Partitioned compression: 1000G_10000r_s2504: rdf-scan heartbeat — 557,849,088 triples · 88,516,650,324 bytes read
  Partitioned compression: 1000G_10000r_s2504: rdf-scan chunk — 558,271,276 triples · 165 chunks · 88,583,710,584 bytes read
  Partitioned compression: 1000G_10000r_s2504: hdt-chunks started — 164 chunks · hdt-build-00164
  Partitioned compression: 1000G_10000r_s2504: hdt-chunks complete — 165 chunks · hdt-build-00164
  Partitioned compression: 1000G_10000r_s2504: rdf-scan heartbeat — 558,271,582 triples · 88,583,759,228 bytes read
  Partitioned compression: 1000G_10000r_s2504: rdf-scan heartbeat — 558,694,076 triples · 88,650,868,136 bytes read
  Partitioned compression: 1000G_10000r_s2504: rdf-scan heartbeat — 559,116,569 triples · 88,717,977,014 bytes read
  Partitioned compression: 1000G_10000r_s2504: rdf-scan heartbeat — 559,539,063 triples · 88,785,085,953 bytes read
  Partitioned compression: 1000G_10000r_s2504: rdf-scan heartbeat — 559,961,557 triples · 88,852,194,857 bytes read
  Partitioned compression: 1000G_10000r_s2504: rdf-scan heartbeat — 560,384,051 triples · 88,919,303,765 bytes read
  Partitioned compression: 1000G_10000r_s2504: rdf-scan heartbeat — 560,806,544 triples · 88,986,412,643 bytes read
  Partitioned compression: 1000G_10000r_s2504: rdf-scan heartbeat — 561,229,038 triples · 89,053,521,582 bytes read
  Partitioned compression: 1000G_10000r_s2504: rdf-scan chunk — 561,651,224 triples · 166 chunks · 89,120,581,567 bytes read
  Partitioned compression: 1000G_10000r_s2504: hdt-chunks started — 165 chunks · hdt-build-00165
  Partitioned compression: 1000G_10000r_s2504: hdt-chunks complete — 166 chunks · hdt-build-00165
  Partitioned compression: 1000G_10000r_s2504: rdf-scan heartbeat — 561,651,532 triples · 89,120,630,486 bytes read
  Partitioned compression: 1000G_10000r_s2504: rdf-scan heartbeat — 562,074,026 triples · 89,187,739,394 bytes read
  Partitioned compression: 1000G_10000r_s2504: rdf-scan heartbeat — 562,496,519 triples · 89,254,848,272 bytes read
  Partitioned compression: 1000G_10000r_s2504: rdf-scan heartbeat — 562,919,013 triples · 89,321,957,211 bytes read
  Partitioned compression: 1000G_10000r_s2504: rdf-scan heartbeat — 563,341,507 triples · 89,389,066,115 bytes read
  Partitioned compression: 1000G_10000r_s2504: rdf-scan heartbeat — 563,764,001 triples · 89,456,175,023 bytes read
  Partitioned compression: 1000G_10000r_s2504: rdf-scan heartbeat — 564,186,494 triples · 89,523,283,901 bytes read
  Partitioned compression: 1000G_10000r_s2504: rdf-scan heartbeat — 564,608,988 triples · 89,590,392,840 bytes read
  Partitioned compression: 1000G_10000r_s2504: rdf-scan chunk — 565,031,172 triples · 167 chunks · 89,657,452,492 bytes read
  Partitioned compression: 1000G_10000r_s2504: hdt-chunks started — 166 chunks · hdt-build-00166
  Partitioned compression: 1000G_10000r_s2504: hdt-chunks complete — 167 chunks · hdt-build-00166
  Partitioned compression: 1000G_10000r_s2504: rdf-scan heartbeat — 565,031,482 triples · 89,657,501,744 bytes read
  Partitioned compression: 1000G_10000r_s2504: rdf-scan heartbeat — 565,453,976 triples · 89,724,610,652 bytes read
  Partitioned compression: 1000G_10000r_s2504: rdf-scan heartbeat — 565,876,469 triples · 89,791,719,530 bytes read
  Partitioned compression: 1000G_10000r_s2504: rdf-scan heartbeat — 566,298,963 triples · 89,858,828,469 bytes read
  Partitioned compression: 1000G_10000r_s2504: rdf-scan heartbeat — 566,721,457 triples · 89,925,937,373 bytes read
  Partitioned compression: 1000G_10000r_s2504: rdf-scan heartbeat — 567,143,951 triples · 89,993,046,281 bytes read
  Partitioned compression: 1000G_10000r_s2504: rdf-scan heartbeat — 567,566,444 triples · 90,060,155,159 bytes read
  Partitioned compression: 1000G_10000r_s2504: rdf-scan heartbeat — 567,988,938 triples · 90,127,264,098 bytes read
  Partitioned compression: 1000G_10000r_s2504: rdf-scan chunk — 568,411,120 triples · 168 chunks · 90,194,323,488 bytes read
  Partitioned compression: 1000G_10000r_s2504: hdt-chunks started — 167 chunks · hdt-build-00167
  Partitioned compression: 1000G_10000r_s2504: hdt-chunks complete — 168 chunks · hdt-build-00167
  Partitioned compression: 1000G_10000r_s2504: rdf-scan heartbeat — 568,411,432 triples · 90,194,373,002 bytes read
  Partitioned compression: 1000G_10000r_s2504: rdf-scan heartbeat — 568,833,926 triples · 90,261,481,910 bytes read
  Partitioned compression: 1000G_10000r_s2504: rdf-scan heartbeat — 569,256,419 triples · 90,328,590,788 bytes read
  Partitioned compression: 1000G_10000r_s2504: rdf-scan heartbeat — 569,678,913 triples · 90,395,699,727 bytes read
  Partitioned compression: 1000G_10000r_s2504: rdf-scan heartbeat — 570,101,407 triples · 90,462,808,631 bytes read
  Partitioned compression: 1000G_10000r_s2504: rdf-scan heartbeat — 570,523,901 triples · 90,529,917,539 bytes read
  Partitioned compression: 1000G_10000r_s2504: rdf-scan heartbeat — 570,946,394 triples · 90,597,026,417 bytes read
  Partitioned compression: 1000G_10000r_s2504: rdf-scan heartbeat — 571,368,888 triples · 90,664,135,356 bytes read
  Partitioned compression: 1000G_10000r_s2504: rdf-scan chunk — 571,791,068 triples · 169 chunks · 90,731,194,444 bytes read
  Partitioned compression: 1000G_10000r_s2504: hdt-chunks started — 168 chunks · hdt-build-00168
  Partitioned compression: 1000G_10000r_s2504: hdt-chunks complete — 169 chunks · hdt-build-00168
  Partitioned compression: 1000G_10000r_s2504: rdf-scan heartbeat — 571,791,382 triples · 90,731,244,260 bytes read
  Partitioned compression: 1000G_10000r_s2504: rdf-scan heartbeat — 572,213,876 triples · 90,798,353,168 bytes read
  Partitioned compression: 1000G_10000r_s2504: rdf-scan heartbeat — 572,636,369 triples · 90,865,462,046 bytes read
  Partitioned compression: 1000G_10000r_s2504: rdf-scan heartbeat — 573,058,863 triples · 90,932,570,985 bytes read
  Partitioned compression: 1000G_10000r_s2504: rdf-scan heartbeat — 573,481,357 triples · 90,999,679,889 bytes read
  Partitioned compression: 1000G_10000r_s2504: rdf-scan heartbeat — 573,903,851 triples · 91,066,788,797 bytes read
  Partitioned compression: 1000G_10000r_s2504: rdf-scan heartbeat — 574,326,344 triples · 91,133,897,675 bytes read
  Partitioned compression: 1000G_10000r_s2504: rdf-scan heartbeat — 574,748,838 triples · 91,201,006,614 bytes read
  Partitioned compression: 1000G_10000r_s2504: rdf-scan chunk — 575,171,016 triples · 170 chunks · 91,268,065,400 bytes read
  Partitioned compression: 1000G_10000r_s2504: hdt-chunks started — 169 chunks · hdt-build-00169
  Partitioned compression: 1000G_10000r_s2504: hdt-chunks complete — 170 chunks · hdt-build-00169
  Partitioned compression: 1000G_10000r_s2504: rdf-scan heartbeat — 575,171,332 triples · 91,268,115,518 bytes read
  Partitioned compression: 1000G_10000r_s2504: rdf-scan heartbeat — 575,593,826 triples · 91,335,224,426 bytes read
  Partitioned compression: 1000G_10000r_s2504: rdf-scan heartbeat — 576,016,319 triples · 91,402,333,304 bytes read
  Partitioned compression: 1000G_10000r_s2504: rdf-scan heartbeat — 576,438,813 triples · 91,469,442,243 bytes read
  Partitioned compression: 1000G_10000r_s2504: rdf-scan heartbeat — 576,861,307 triples · 91,536,551,147 bytes read
  Partitioned compression: 1000G_10000r_s2504: rdf-scan heartbeat — 577,283,801 triples · 91,603,660,055 bytes read
  Partitioned compression: 1000G_10000r_s2504: rdf-scan heartbeat — 577,706,294 triples · 91,670,768,933 bytes read
  Partitioned compression: 1000G_10000r_s2504: rdf-scan heartbeat — 578,128,788 triples · 91,737,877,872 bytes read
  Partitioned compression: 1000G_10000r_s2504: rdf-scan chunk — 578,550,964 triples · 171 chunks · 91,804,936,325 bytes read
  Partitioned compression: 1000G_10000r_s2504: hdt-chunks started — 170 chunks · hdt-build-00170
  Partitioned compression: 1000G_10000r_s2504: hdt-chunks complete — 171 chunks · hdt-build-00170
  Partitioned compression: 1000G_10000r_s2504: rdf-scan heartbeat — 578,551,282 triples · 91,804,986,776 bytes read
  Partitioned compression: 1000G_10000r_s2504: rdf-scan heartbeat — 578,973,776 triples · 91,872,095,684 bytes read
  Partitioned compression: 1000G_10000r_s2504: rdf-scan heartbeat — 579,396,269 triples · 91,939,204,562 bytes read
  Partitioned compression: 1000G_10000r_s2504: rdf-scan heartbeat — 579,818,763 triples · 92,006,313,501 bytes read
  Partitioned compression: 1000G_10000r_s2504: rdf-scan heartbeat — 580,241,257 triples · 92,073,422,405 bytes read
  Partitioned compression: 1000G_10000r_s2504: rdf-scan heartbeat — 580,663,751 triples · 92,140,531,313 bytes read
  Partitioned compression: 1000G_10000r_s2504: rdf-scan heartbeat — 581,086,244 triples · 92,207,640,191 bytes read
  Partitioned compression: 1000G_10000r_s2504: rdf-scan heartbeat — 581,508,738 triples · 92,274,749,130 bytes read
  Partitioned compression: 1000G_10000r_s2504: rdf-scan chunk — 581,930,913 triples · 172 chunks · 92,341,807,407 bytes read
  Partitioned compression: 1000G_10000r_s2504: hdt-chunks started — 171 chunks · hdt-build-00171
  Partitioned compression: 1000G_10000r_s2504: hdt-chunks complete — 172 chunks · hdt-build-00171
  Partitioned compression: 1000G_10000r_s2504: rdf-scan heartbeat — 581,931,232 triples · 92,341,858,034 bytes read
  Partitioned compression: 1000G_10000r_s2504: rdf-scan heartbeat — 582,353,726 triples · 92,408,966,942 bytes read
  Partitioned compression: 1000G_10000r_s2504: rdf-scan heartbeat — 582,776,219 triples · 92,476,075,820 bytes read
  Partitioned compression: 1000G_10000r_s2504: rdf-scan heartbeat — 583,198,713 triples · 92,543,184,759 bytes read
  Partitioned compression: 1000G_10000r_s2504: rdf-scan heartbeat — 583,621,207 triples · 92,610,293,663 bytes read
  Partitioned compression: 1000G_10000r_s2504: rdf-scan heartbeat — 584,043,701 triples · 92,677,402,571 bytes read
  Partitioned compression: 1000G_10000r_s2504: rdf-scan heartbeat — 584,466,194 triples · 92,744,511,449 bytes read
  Partitioned compression: 1000G_10000r_s2504: rdf-scan heartbeat — 584,888,688 triples · 92,811,620,388 bytes read
  Partitioned compression: 1000G_10000r_s2504: rdf-scan chunk — 585,310,862 triples · 173 chunks · 92,878,678,480 bytes read
  Partitioned compression: 1000G_10000r_s2504: hdt-chunks started — 172 chunks · hdt-build-00172
  Partitioned compression: 1000G_10000r_s2504: hdt-chunks complete — 173 chunks · hdt-build-00172
  Partitioned compression: 1000G_10000r_s2504: rdf-scan heartbeat — 585,311,182 triples · 92,878,729,292 bytes read
  Partitioned compression: 1000G_10000r_s2504: rdf-scan heartbeat — 585,733,676 triples · 92,945,838,200 bytes read
  Partitioned compression: 1000G_10000r_s2504: rdf-scan heartbeat — 586,156,169 triples · 93,012,947,078 bytes read
  Partitioned compression: 1000G_10000r_s2504: rdf-scan heartbeat — 586,578,663 triples · 93,080,056,017 bytes read
  Partitioned compression: 1000G_10000r_s2504: rdf-scan heartbeat — 587,001,157 triples · 93,147,164,921 bytes read
  Partitioned compression: 1000G_10000r_s2504: rdf-scan heartbeat — 587,423,651 triples · 93,214,273,829 bytes read
  Partitioned compression: 1000G_10000r_s2504: rdf-scan heartbeat — 587,846,144 triples · 93,281,382,707 bytes read
  Partitioned compression: 1000G_10000r_s2504: rdf-scan heartbeat — 588,268,638 triples · 93,348,491,646 bytes read
  Partitioned compression: 1000G_10000r_s2504: rdf-scan chunk — 588,690,810 triples · 174 chunks · 93,415,549,436 bytes read
  Partitioned compression: 1000G_10000r_s2504: hdt-chunks started — 173 chunks · hdt-build-00173
  Partitioned compression: 1000G_10000r_s2504: hdt-chunks complete — 174 chunks · hdt-build-00173
  Partitioned compression: 1000G_10000r_s2504: rdf-scan heartbeat — 588,691,132 triples · 93,415,600,550 bytes read
  Partitioned compression: 1000G_10000r_s2504: rdf-scan heartbeat — 589,113,626 triples · 93,482,709,458 bytes read
  Partitioned compression: 1000G_10000r_s2504: rdf-scan heartbeat — 589,536,119 triples · 93,549,818,336 bytes read
  Partitioned compression: 1000G_10000r_s2504: rdf-scan heartbeat — 589,958,613 triples · 93,616,927,275 bytes read
  Partitioned compression: 1000G_10000r_s2504: rdf-scan heartbeat — 590,381,107 triples · 93,684,036,179 bytes read
  Partitioned compression: 1000G_10000r_s2504: rdf-scan heartbeat — 590,803,601 triples · 93,751,145,087 bytes read
  Partitioned compression: 1000G_10000r_s2504: rdf-scan heartbeat — 591,226,094 triples · 93,818,253,965 bytes read
  Partitioned compression: 1000G_10000r_s2504: rdf-scan heartbeat — 591,648,588 triples · 93,885,362,904 bytes read
  Partitioned compression: 1000G_10000r_s2504: rdf-scan chunk — 592,070,758 triples · 175 chunks · 93,952,420,361 bytes read
  Partitioned compression: 1000G_10000r_s2504: hdt-chunks started — 174 chunks · hdt-build-00174
  Partitioned compression: 1000G_10000r_s2504: hdt-chunks complete — 175 chunks · hdt-build-00174
  Partitioned compression: 1000G_10000r_s2504: rdf-scan heartbeat — 592,071,082 triples · 93,952,471,808 bytes read
  Partitioned compression: 1000G_10000r_s2504: rdf-scan heartbeat — 592,493,576 triples · 94,019,580,716 bytes read
  Partitioned compression: 1000G_10000r_s2504: rdf-scan heartbeat — 592,916,069 triples · 94,086,689,594 bytes read
  Partitioned compression: 1000G_10000r_s2504: rdf-scan heartbeat — 593,338,563 triples · 94,153,798,533 bytes read
  Partitioned compression: 1000G_10000r_s2504: rdf-scan heartbeat — 593,761,057 triples · 94,220,907,437 bytes read
  Partitioned compression: 1000G_10000r_s2504: rdf-scan heartbeat — 594,183,551 triples · 94,288,016,345 bytes read
  Partitioned compression: 1000G_10000r_s2504: rdf-scan heartbeat — 594,606,044 triples · 94,355,125,223 bytes read
  Partitioned compression: 1000G_10000r_s2504: rdf-scan heartbeat — 595,028,538 triples · 94,422,234,162 bytes read
  Partitioned compression: 1000G_10000r_s2504: rdf-scan chunk — 595,450,707 triples · 176 chunks · 94,489,291,443 bytes read
  Partitioned compression: 1000G_10000r_s2504: hdt-chunks started — 175 chunks · hdt-build-00175
  Partitioned compression: 1000G_10000r_s2504: hdt-chunks complete — 176 chunks · hdt-build-00175
  Partitioned compression: 1000G_10000r_s2504: rdf-scan heartbeat — 595,451,032 triples · 94,489,343,066 bytes read
  Partitioned compression: 1000G_10000r_s2504: rdf-scan heartbeat — 595,873,526 triples · 94,556,451,974 bytes read
  Partitioned compression: 1000G_10000r_s2504: rdf-scan heartbeat — 596,296,019 triples · 94,623,560,852 bytes read
  Partitioned compression: 1000G_10000r_s2504: rdf-scan heartbeat — 596,718,513 triples · 94,690,669,791 bytes read
  Partitioned compression: 1000G_10000r_s2504: rdf-scan heartbeat — 597,141,007 triples · 94,757,778,695 bytes read
  Partitioned compression: 1000G_10000r_s2504: rdf-scan heartbeat — 597,563,501 triples · 94,824,887,603 bytes read
  Partitioned compression: 1000G_10000r_s2504: rdf-scan heartbeat — 597,985,994 triples · 94,891,996,481 bytes read
  Partitioned compression: 1000G_10000r_s2504: rdf-scan heartbeat — 598,408,488 triples · 94,959,105,420 bytes read
  Partitioned compression: 1000G_10000r_s2504: rdf-scan chunk — 598,830,655 triples · 177 chunks · 95,026,162,361 bytes read
  Partitioned compression: 1000G_10000r_s2504: hdt-chunks started — 176 chunks · hdt-build-00176
  Partitioned compression: 1000G_10000r_s2504: hdt-chunks complete — 177 chunks · hdt-build-00176
  Partitioned compression: 1000G_10000r_s2504: rdf-scan heartbeat — 598,830,982 triples · 95,026,214,324 bytes read
  Partitioned compression: 1000G_10000r_s2504: rdf-scan heartbeat — 599,253,476 triples · 95,093,323,232 bytes read
  Partitioned compression: 1000G_10000r_s2504: rdf-scan heartbeat — 599,675,969 triples · 95,160,432,110 bytes read
  Partitioned compression: 1000G_10000r_s2504: rdf-scan heartbeat — 600,098,463 triples · 95,227,541,049 bytes read
  Partitioned compression: 1000G_10000r_s2504: rdf-scan heartbeat — 600,520,957 triples · 95,294,649,953 bytes read
  Partitioned compression: 1000G_10000r_s2504: rdf-scan heartbeat — 600,943,451 triples · 95,361,758,861 bytes read
  Partitioned compression: 1000G_10000r_s2504: rdf-scan heartbeat — 601,365,944 triples · 95,428,867,739 bytes read
  Partitioned compression: 1000G_10000r_s2504: rdf-scan heartbeat — 601,788,438 triples · 95,495,976,678 bytes read
  Partitioned compression: 1000G_10000r_s2504: rdf-scan chunk — 602,210,603 triples · 178 chunks · 95,563,033,293 bytes read
  Partitioned compression: 1000G_10000r_s2504: hdt-chunks started — 177 chunks · hdt-build-00177
  Partitioned compression: 1000G_10000r_s2504: hdt-chunks complete — 178 chunks · hdt-build-00177
  Partitioned compression: 1000G_10000r_s2504: rdf-scan heartbeat — 602,210,932 triples · 95,563,085,582 bytes read
  Partitioned compression: 1000G_10000r_s2504: rdf-scan heartbeat — 602,633,426 triples · 95,630,194,490 bytes read
  Partitioned compression: 1000G_10000r_s2504: rdf-scan heartbeat — 603,055,919 triples · 95,697,303,368 bytes read
  Partitioned compression: 1000G_10000r_s2504: rdf-scan heartbeat — 603,478,413 triples · 95,764,412,307 bytes read
  Partitioned compression: 1000G_10000r_s2504: rdf-scan heartbeat — 603,900,907 triples · 95,831,521,211 bytes read
  Partitioned compression: 1000G_10000r_s2504: rdf-scan heartbeat — 604,323,401 triples · 95,898,630,119 bytes read
  Partitioned compression: 1000G_10000r_s2504: rdf-scan heartbeat — 604,745,894 triples · 95,965,738,997 bytes read
  Partitioned compression: 1000G_10000r_s2504: rdf-scan heartbeat — 605,168,388 triples · 96,032,847,936 bytes read
  Partitioned compression: 1000G_10000r_s2504: rdf-scan chunk — 605,590,551 triples · 179 chunks · 96,099,904,225 bytes read
  Partitioned compression: 1000G_10000r_s2504: hdt-chunks started — 178 chunks · hdt-build-00178
  Partitioned compression: 1000G_10000r_s2504: hdt-chunks complete — 179 chunks · hdt-build-00178
  Partitioned compression: 1000G_10000r_s2504: rdf-scan heartbeat — 605,590,882 triples · 96,099,956,840 bytes read
  Partitioned compression: 1000G_10000r_s2504: rdf-scan heartbeat — 606,013,376 triples · 96,167,065,748 bytes read
  Partitioned compression: 1000G_10000r_s2504: rdf-scan heartbeat — 606,435,869 triples · 96,234,174,626 bytes read
  Partitioned compression: 1000G_10000r_s2504: rdf-scan heartbeat — 606,858,363 triples · 96,301,283,565 bytes read
  Partitioned compression: 1000G_10000r_s2504: rdf-scan heartbeat — 607,280,857 triples · 96,368,392,469 bytes read
  Partitioned compression: 1000G_10000r_s2504: rdf-scan heartbeat — 607,703,351 triples · 96,435,501,377 bytes read
  Partitioned compression: 1000G_10000r_s2504: rdf-scan heartbeat — 608,125,844 triples · 96,502,610,255 bytes read
  Partitioned compression: 1000G_10000r_s2504: rdf-scan heartbeat — 608,548,338 triples · 96,569,719,194 bytes read
  Partitioned compression: 1000G_10000r_s2504: rdf-scan chunk — 608,970,499 triples · 180 chunks · 96,636,775,208 bytes read
  Partitioned compression: 1000G_10000r_s2504: hdt-chunks started — 179 chunks · hdt-build-00179
  Partitioned compression: 1000G_10000r_s2504: hdt-chunks complete — 180 chunks · hdt-build-00179
  Partitioned compression: 1000G_10000r_s2504: rdf-scan heartbeat — 608,970,832 triples · 96,636,828,098 bytes read
  Partitioned compression: 1000G_10000r_s2504: rdf-scan heartbeat — 609,393,326 triples · 96,703,937,006 bytes read
  Partitioned compression: 1000G_10000r_s2504: rdf-scan heartbeat — 609,815,819 triples · 96,771,045,884 bytes read
  Partitioned compression: 1000G_10000r_s2504: rdf-scan heartbeat — 610,238,313 triples · 96,838,154,823 bytes read
  Partitioned compression: 1000G_10000r_s2504: rdf-scan heartbeat — 610,660,807 triples · 96,905,263,727 bytes read
  Partitioned compression: 1000G_10000r_s2504: rdf-scan heartbeat — 611,083,301 triples · 96,972,372,635 bytes read
  Partitioned compression: 1000G_10000r_s2504: rdf-scan heartbeat — 611,505,794 triples · 97,039,481,513 bytes read
  Partitioned compression: 1000G_10000r_s2504: rdf-scan heartbeat — 611,928,288 triples · 97,106,590,452 bytes read
  Partitioned compression: 1000G_10000r_s2504: rdf-scan chunk — 612,350,447 triples · 181 chunks · 97,173,646,133 bytes read
  Partitioned compression: 1000G_10000r_s2504: hdt-chunks started — 180 chunks · hdt-build-00180
  Partitioned compression: 1000G_10000r_s2504: hdt-chunks complete — 181 chunks · hdt-build-00180
  Partitioned compression: 1000G_10000r_s2504: rdf-scan heartbeat — 612,350,782 triples · 97,173,699,356 bytes read
  Partitioned compression: 1000G_10000r_s2504: rdf-scan heartbeat — 612,773,276 triples · 97,240,808,264 bytes read
  Partitioned compression: 1000G_10000r_s2504: rdf-scan heartbeat — 613,195,769 triples · 97,307,917,142 bytes read
  Partitioned compression: 1000G_10000r_s2504: rdf-scan heartbeat — 613,618,263 triples · 97,375,026,081 bytes read
  Partitioned compression: 1000G_10000r_s2504: rdf-scan heartbeat — 614,040,757 triples · 97,442,134,985 bytes read
  Partitioned compression: 1000G_10000r_s2504: rdf-scan heartbeat — 614,463,251 triples · 97,509,243,893 bytes read
  Partitioned compression: 1000G_10000r_s2504: rdf-scan heartbeat — 614,885,744 triples · 97,576,352,771 bytes read
  Partitioned compression: 1000G_10000r_s2504: rdf-scan heartbeat — 615,308,238 triples · 97,643,461,710 bytes read
  Partitioned compression: 1000G_10000r_s2504: rdf-scan chunk — 615,730,395 triples · 182 chunks · 97,710,517,129 bytes read
  Partitioned compression: 1000G_10000r_s2504: hdt-chunks started — 181 chunks · hdt-build-00181
  Partitioned compression: 1000G_10000r_s2504: hdt-chunks complete — 182 chunks · hdt-build-00181
  Partitioned compression: 1000G_10000r_s2504: rdf-scan heartbeat — 615,730,732 triples · 97,710,570,614 bytes read
  Partitioned compression: 1000G_10000r_s2504: rdf-scan heartbeat — 616,153,226 triples · 97,777,679,522 bytes read
  Partitioned compression: 1000G_10000r_s2504: rdf-scan heartbeat — 616,575,719 triples · 97,844,788,400 bytes read
  Partitioned compression: 1000G_10000r_s2504: rdf-scan heartbeat — 616,998,213 triples · 97,911,897,339 bytes read
  Partitioned compression: 1000G_10000r_s2504: rdf-scan heartbeat — 617,420,707 triples · 97,979,006,243 bytes read
  Partitioned compression: 1000G_10000r_s2504: rdf-scan heartbeat — 617,843,201 triples · 98,046,115,151 bytes read
  Partitioned compression: 1000G_10000r_s2504: rdf-scan heartbeat — 618,265,694 triples · 98,113,224,029 bytes read
  Partitioned compression: 1000G_10000r_s2504: rdf-scan heartbeat — 618,688,188 triples · 98,180,332,968 bytes read
  Partitioned compression: 1000G_10000r_s2504: rdf-scan chunk — 619,110,343 triples · 183 chunks · 98,247,388,085 bytes read
  Partitioned compression: 1000G_10000r_s2504: hdt-chunks started — 182 chunks · hdt-build-00182
  Partitioned compression: 1000G_10000r_s2504: hdt-chunks complete — 183 chunks · hdt-build-00182
  Partitioned compression: 1000G_10000r_s2504: rdf-scan heartbeat — 619,110,682 triples · 98,247,441,872 bytes read
  Partitioned compression: 1000G_10000r_s2504: rdf-scan heartbeat — 619,533,176 triples · 98,314,550,780 bytes read
  Partitioned compression: 1000G_10000r_s2504: rdf-scan heartbeat — 619,955,669 triples · 98,381,659,658 bytes read
  Partitioned compression: 1000G_10000r_s2504: rdf-scan heartbeat — 620,378,163 triples · 98,448,768,597 bytes read
  Partitioned compression: 1000G_10000r_s2504: rdf-scan heartbeat — 620,800,657 triples · 98,515,877,501 bytes read
  Partitioned compression: 1000G_10000r_s2504: rdf-scan heartbeat — 621,223,151 triples · 98,582,986,409 bytes read
  Partitioned compression: 1000G_10000r_s2504: rdf-scan heartbeat — 621,645,644 triples · 98,650,095,287 bytes read
  Partitioned compression: 1000G_10000r_s2504: rdf-scan heartbeat — 622,068,138 triples · 98,717,204,226 bytes read
  Partitioned compression: 1000G_10000r_s2504: rdf-scan chunk — 622,490,291 triples · 184 chunks · 98,784,259,041 bytes read
  Partitioned compression: 1000G_10000r_s2504: hdt-chunks started — 183 chunks · hdt-build-00183
  Partitioned compression: 1000G_10000r_s2504: hdt-chunks complete — 184 chunks · hdt-build-00183
  Partitioned compression: 1000G_10000r_s2504: rdf-scan heartbeat — 622,490,632 triples · 98,784,313,130 bytes read
  Partitioned compression: 1000G_10000r_s2504: rdf-scan heartbeat — 622,913,126 triples · 98,851,422,038 bytes read
  Partitioned compression: 1000G_10000r_s2504: rdf-scan heartbeat — 623,335,619 triples · 98,918,530,916 bytes read
  Partitioned compression: 1000G_10000r_s2504: rdf-scan heartbeat — 623,758,113 triples · 98,985,639,855 bytes read
  Partitioned compression: 1000G_10000r_s2504: rdf-scan heartbeat — 624,180,607 triples · 99,052,748,759 bytes read
  Partitioned compression: 1000G_10000r_s2504: rdf-scan heartbeat — 624,603,101 triples · 99,119,857,667 bytes read
  Partitioned compression: 1000G_10000r_s2504: rdf-scan heartbeat — 625,025,594 triples · 99,186,966,545 bytes read
  Partitioned compression: 1000G_10000r_s2504: rdf-scan heartbeat — 625,448,088 triples · 99,254,075,484 bytes read
  Partitioned compression: 1000G_10000r_s2504: rdf-scan chunk — 625,870,239 triples · 185 chunks · 99,321,129,966 bytes read
  Partitioned compression: 1000G_10000r_s2504: hdt-chunks started — 184 chunks · hdt-build-00184
  Partitioned compression: 1000G_10000r_s2504: hdt-chunks complete — 185 chunks · hdt-build-00184
  Partitioned compression: 1000G_10000r_s2504: rdf-scan heartbeat — 625,870,582 triples · 99,321,184,388 bytes read
  Partitioned compression: 1000G_10000r_s2504: rdf-scan heartbeat — 626,307,939 triples · 99,388,293,278 bytes read
  Partitioned compression: 1000G_10000r_s2504: rdf-scan heartbeat — 626,761,938 triples · 99,455,402,171 bytes read
  Partitioned compression: 1000G_10000r_s2504: rdf-scan heartbeat — 627,215,864 triples · 99,522,511,129 bytes read
  Partitioned compression: 1000G_10000r_s2504: rdf-scan chunk — 627,372,018 triples · 186 chunks · 99,545,602,979 bytes read
  Partitioned compression: 1000G_10000r_s2504: hdt-chunks started — 185 chunks · hdt-build-00185
  Partitioned compression: 1000G_10000r_s2504: hdt-chunks complete — 186 chunks · hdt-build-00185
  Partitioned compression: 1000G_10000r_s2504: rdf-scan complete — 627,372,018 triples · 186 chunks
  Partitioned compression: 1000G_10000r_s2504: hdt-chunks complete — 186 chunks
  Partitioned compression: 1000G_10000r_s2504: hdt-merge started — hdt-merge-r01-00000
  Partitioned compression: 1000G_10000r_s2504: hdt-merge complete — hdt-merge-r01-00000
  Partitioned compression: 1000G_10000r_s2504: hdt-merge started — hdt-merge-r01-00001
  Partitioned compression: 1000G_10000r_s2504: hdt-merge complete — hdt-merge-r01-00001
  Partitioned compression: 1000G_10000r_s2504: hdt-merge started — hdt-merge-r01-00002
  Partitioned compression: 1000G_10000r_s2504: hdt-merge complete — hdt-merge-r01-00002
  Partitioned compression: 1000G_10000r_s2504: hdt-merge started — hdt-merge-r01-00003
  Partitioned compression: 1000G_10000r_s2504: hdt-merge complete — hdt-merge-r01-00003
  Partitioned compression: 1000G_10000r_s2504: hdt-merge started — hdt-merge-r01-00004
  Partitioned compression: 1000G_10000r_s2504: hdt-merge complete — hdt-merge-r01-00004
  Partitioned compression: 1000G_10000r_s2504: hdt-merge started — hdt-merge-r01-00005
  Partitioned compression: 1000G_10000r_s2504: hdt-merge complete — hdt-merge-r01-00005
  Partitioned compression: 1000G_10000r_s2504: hdt-merge started — hdt-merge-r01-00006
  Partitioned compression: 1000G_10000r_s2504: hdt-merge complete — hdt-merge-r01-00006
  Partitioned compression: 1000G_10000r_s2504: hdt-merge started — hdt-merge-r01-00007
  Partitioned compression: 1000G_10000r_s2504: hdt-merge complete — hdt-merge-r01-00007
  Partitioned compression: 1000G_10000r_s2504: hdt-merge started — hdt-merge-r01-00008
  Partitioned compression: 1000G_10000r_s2504: hdt-merge complete — hdt-merge-r01-00008
  Partitioned compression: 1000G_10000r_s2504: hdt-merge started — hdt-merge-r01-00009
  Partitioned compression: 1000G_10000r_s2504: hdt-merge complete — hdt-merge-r01-00009
  Partitioned compression: 1000G_10000r_s2504: hdt-merge started — hdt-merge-r01-00010
  Partitioned compression: 1000G_10000r_s2504: hdt-merge complete — hdt-merge-r01-00010
  Partitioned compression: 1000G_10000r_s2504: hdt-merge started — hdt-merge-r01-00011
  Partitioned compression: 1000G_10000r_s2504: hdt-merge complete — hdt-merge-r01-00011
  Partitioned compression: 1000G_10000r_s2504: hdt-merge started — hdt-merge-r01-00012
  Partitioned compression: 1000G_10000r_s2504: hdt-merge complete — hdt-merge-r01-00012
  Partitioned compression: 1000G_10000r_s2504: hdt-merge started — hdt-merge-r01-00013
  Partitioned compression: 1000G_10000r_s2504: hdt-merge complete — hdt-merge-r01-00013
  Partitioned compression: 1000G_10000r_s2504: hdt-merge started — hdt-merge-r01-00014
  Partitioned compression: 1000G_10000r_s2504: hdt-merge complete — hdt-merge-r01-00014
  Partitioned compression: 1000G_10000r_s2504: hdt-merge started — hdt-merge-r01-00015
  Partitioned compression: 1000G_10000r_s2504: hdt-merge complete — hdt-merge-r01-00015
  Partitioned compression: 1000G_10000r_s2504: hdt-merge started — hdt-merge-r01-00016
  Partitioned compression: 1000G_10000r_s2504: hdt-merge complete — hdt-merge-r01-00016
  Partitioned compression: 1000G_10000r_s2504: hdt-merge started — hdt-merge-r01-00017
  Partitioned compression: 1000G_10000r_s2504: hdt-merge complete — hdt-merge-r01-00017
  Partitioned compression: 1000G_10000r_s2504: hdt-merge started — hdt-merge-r01-00018
  Partitioned compression: 1000G_10000r_s2504: hdt-merge complete — hdt-merge-r01-00018
  Partitioned compression: 1000G_10000r_s2504: hdt-merge started — hdt-merge-r01-00019
  Partitioned compression: 1000G_10000r_s2504: hdt-merge complete — hdt-merge-r01-00019
  Partitioned compression: 1000G_10000r_s2504: hdt-merge started — hdt-merge-r01-00020
  Partitioned compression: 1000G_10000r_s2504: hdt-merge complete — hdt-merge-r01-00020
  Partitioned compression: 1000G_10000r_s2504: hdt-merge started — hdt-merge-r01-00021
  Partitioned compression: 1000G_10000r_s2504: hdt-merge complete — hdt-merge-r01-00021
  Partitioned compression: 1000G_10000r_s2504: hdt-merge started — hdt-merge-r01-00022
  Partitioned compression: 1000G_10000r_s2504: hdt-merge complete — hdt-merge-r01-00022
  Partitioned compression: 1000G_10000r_s2504: hdt-merge started — hdt-merge-r01-00023
  Partitioned compression: 1000G_10000r_s2504: hdt-merge complete — hdt-merge-r01-00023
  Partitioned compression: 1000G_10000r_s2504: hdt-merge started — hdt-merge-r01-00024
  Partitioned compression: 1000G_10000r_s2504: hdt-merge complete — hdt-merge-r01-00024
  Partitioned compression: 1000G_10000r_s2504: hdt-merge started — hdt-merge-r01-00025
  Partitioned compression: 1000G_10000r_s2504: hdt-merge complete — hdt-merge-r01-00025
  Partitioned compression: 1000G_10000r_s2504: hdt-merge started — hdt-merge-r01-00026
  Partitioned compression: 1000G_10000r_s2504: hdt-merge complete — hdt-merge-r01-00026
  Partitioned compression: 1000G_10000r_s2504: hdt-merge started — hdt-merge-r01-00027
  Partitioned compression: 1000G_10000r_s2504: hdt-merge complete — hdt-merge-r01-00027
  Partitioned compression: 1000G_10000r_s2504: hdt-merge started — hdt-merge-r01-00028
  Partitioned compression: 1000G_10000r_s2504: hdt-merge complete — hdt-merge-r01-00028
  Partitioned compression: 1000G_10000r_s2504: hdt-merge started — hdt-merge-r01-00029
  Partitioned compression: 1000G_10000r_s2504: hdt-merge complete — hdt-merge-r01-00029
  Partitioned compression: 1000G_10000r_s2504: hdt-merge started — hdt-merge-r01-00030
  Partitioned compression: 1000G_10000r_s2504: hdt-merge complete — hdt-merge-r01-00030
  Partitioned compression: 1000G_10000r_s2504: hdt-merge started — hdt-merge-r01-00031
  Partitioned compression: 1000G_10000r_s2504: hdt-merge complete — hdt-merge-r01-00031
  Partitioned compression: 1000G_10000r_s2504: hdt-merge started — hdt-merge-r01-00032
  Partitioned compression: 1000G_10000r_s2504: hdt-merge complete — hdt-merge-r01-00032
  Partitioned compression: 1000G_10000r_s2504: hdt-merge started — hdt-merge-r01-00033
  Partitioned compression: 1000G_10000r_s2504: hdt-merge complete — hdt-merge-r01-00033
  Partitioned compression: 1000G_10000r_s2504: hdt-merge started — hdt-merge-r01-00034
  Partitioned compression: 1000G_10000r_s2504: hdt-merge complete — hdt-merge-r01-00034
  Partitioned compression: 1000G_10000r_s2504: hdt-merge started — hdt-merge-r01-00035
  Partitioned compression: 1000G_10000r_s2504: hdt-merge complete — hdt-merge-r01-00035
  Partitioned compression: 1000G_10000r_s2504: hdt-merge started — hdt-merge-r01-00036
  Partitioned compression: 1000G_10000r_s2504: hdt-merge complete — hdt-merge-r01-00036
  Partitioned compression: 1000G_10000r_s2504: hdt-merge started — hdt-merge-r01-00037
  Partitioned compression: 1000G_10000r_s2504: hdt-merge complete — hdt-merge-r01-00037
  Partitioned compression: 1000G_10000r_s2504: hdt-merge started — hdt-merge-r01-00038
  Partitioned compression: 1000G_10000r_s2504: hdt-merge complete — hdt-merge-r01-00038
  Partitioned compression: 1000G_10000r_s2504: hdt-merge started — hdt-merge-r01-00039
  Partitioned compression: 1000G_10000r_s2504: hdt-merge complete — hdt-merge-r01-00039
  Partitioned compression: 1000G_10000r_s2504: hdt-merge started — hdt-merge-r01-00040
  Partitioned compression: 1000G_10000r_s2504: hdt-merge complete — hdt-merge-r01-00040
  Partitioned compression: 1000G_10000r_s2504: hdt-merge started — hdt-merge-r01-00041
  Partitioned compression: 1000G_10000r_s2504: hdt-merge complete — hdt-merge-r01-00041
  Partitioned compression: 1000G_10000r_s2504: hdt-merge started — hdt-merge-r01-00042
  Partitioned compression: 1000G_10000r_s2504: hdt-merge complete — hdt-merge-r01-00042
  Partitioned compression: 1000G_10000r_s2504: hdt-merge started — hdt-merge-r01-00043
  Partitioned compression: 1000G_10000r_s2504: hdt-merge complete — hdt-merge-r01-00043
  Partitioned compression: 1000G_10000r_s2504: hdt-merge started — hdt-merge-r01-00044
  Partitioned compression: 1000G_10000r_s2504: hdt-merge complete — hdt-merge-r01-00044
  Partitioned compression: 1000G_10000r_s2504: hdt-merge started — hdt-merge-r01-00045
  Partitioned compression: 1000G_10000r_s2504: hdt-merge complete — hdt-merge-r01-00045
  Partitioned compression: 1000G_10000r_s2504: hdt-merge started — hdt-merge-r01-00046
  Partitioned compression: 1000G_10000r_s2504: hdt-merge complete — hdt-merge-r01-00046
  Partitioned compression: 1000G_10000r_s2504: hdt-merge started — hdt-merge-r01-00047
  Partitioned compression: 1000G_10000r_s2504: hdt-merge complete — hdt-merge-r01-00047
  Partitioned compression: 1000G_10000r_s2504: hdt-merge started — hdt-merge-r01-00048
  Partitioned compression: 1000G_10000r_s2504: hdt-merge complete — hdt-merge-r01-00048
  Partitioned compression: 1000G_10000r_s2504: hdt-merge started — hdt-merge-r01-00049
  Partitioned compression: 1000G_10000r_s2504: hdt-merge complete — hdt-merge-r01-00049
  Partitioned compression: 1000G_10000r_s2504: hdt-merge started — hdt-merge-r01-00050
  Partitioned compression: 1000G_10000r_s2504: hdt-merge complete — hdt-merge-r01-00050
  Partitioned compression: 1000G_10000r_s2504: hdt-merge started — hdt-merge-r01-00051
  Partitioned compression: 1000G_10000r_s2504: hdt-merge complete — hdt-merge-r01-00051
  Partitioned compression: 1000G_10000r_s2504: hdt-merge started — hdt-merge-r01-00052
  Partitioned compression: 1000G_10000r_s2504: hdt-merge complete — hdt-merge-r01-00052
  Partitioned compression: 1000G_10000r_s2504: hdt-merge started — hdt-merge-r01-00053
  Partitioned compression: 1000G_10000r_s2504: hdt-merge complete — hdt-merge-r01-00053
  Partitioned compression: 1000G_10000r_s2504: hdt-merge started — hdt-merge-r01-00054
  Partitioned compression: 1000G_10000r_s2504: hdt-merge complete — hdt-merge-r01-00054
  Partitioned compression: 1000G_10000r_s2504: hdt-merge started — hdt-merge-r01-00055
  Partitioned compression: 1000G_10000r_s2504: hdt-merge complete — hdt-merge-r01-00055
  Partitioned compression: 1000G_10000r_s2504: hdt-merge started — hdt-merge-r01-00056
  Partitioned compression: 1000G_10000r_s2504: hdt-merge complete — hdt-merge-r01-00056
  Partitioned compression: 1000G_10000r_s2504: hdt-merge started — hdt-merge-r01-00057
  Partitioned compression: 1000G_10000r_s2504: hdt-merge complete — hdt-merge-r01-00057
  Partitioned compression: 1000G_10000r_s2504: hdt-merge started — hdt-merge-r01-00058
  Partitioned compression: 1000G_10000r_s2504: hdt-merge complete — hdt-merge-r01-00058
  Partitioned compression: 1000G_10000r_s2504: hdt-merge started — hdt-merge-r01-00059
  Partitioned compression: 1000G_10000r_s2504: hdt-merge complete — hdt-merge-r01-00059
  Partitioned compression: 1000G_10000r_s2504: hdt-merge started — hdt-merge-r01-00060
  Partitioned compression: 1000G_10000r_s2504: hdt-merge complete — hdt-merge-r01-00060
  Partitioned compression: 1000G_10000r_s2504: hdt-merge started — hdt-merge-r01-00061
  Partitioned compression: 1000G_10000r_s2504: hdt-merge complete — hdt-merge-r01-00061
  Partitioned compression: 1000G_10000r_s2504: hdt-merge started — hdt-merge-r01-00062
  Partitioned compression: 1000G_10000r_s2504: hdt-merge complete — hdt-merge-r01-00062
  Partitioned compression: 1000G_10000r_s2504: hdt-merge started — hdt-merge-r01-00063
  Partitioned compression: 1000G_10000r_s2504: hdt-merge complete — hdt-merge-r01-00063
  Partitioned compression: 1000G_10000r_s2504: hdt-merge started — hdt-merge-r01-00064
  Partitioned compression: 1000G_10000r_s2504: hdt-merge complete — hdt-merge-r01-00064
  Partitioned compression: 1000G_10000r_s2504: hdt-merge started — hdt-merge-r01-00065
  Partitioned compression: 1000G_10000r_s2504: hdt-merge complete — hdt-merge-r01-00065
  Partitioned compression: 1000G_10000r_s2504: hdt-merge started — hdt-merge-r01-00066
  Partitioned compression: 1000G_10000r_s2504: hdt-merge complete — hdt-merge-r01-00066
  Partitioned compression: 1000G_10000r_s2504: hdt-merge started — hdt-merge-r01-00067
  Partitioned compression: 1000G_10000r_s2504: hdt-merge complete — hdt-merge-r01-00067
  Partitioned compression: 1000G_10000r_s2504: hdt-merge started — hdt-merge-r01-00068
  Partitioned compression: 1000G_10000r_s2504: hdt-merge complete — hdt-merge-r01-00068
  Partitioned compression: 1000G_10000r_s2504: hdt-merge started — hdt-merge-r01-00069
  Partitioned compression: 1000G_10000r_s2504: hdt-merge complete — hdt-merge-r01-00069
  Partitioned compression: 1000G_10000r_s2504: hdt-merge started — hdt-merge-r01-00070
  Partitioned compression: 1000G_10000r_s2504: hdt-merge complete — hdt-merge-r01-00070
  Partitioned compression: 1000G_10000r_s2504: hdt-merge started — hdt-merge-r01-00071
  Partitioned compression: 1000G_10000r_s2504: hdt-merge complete — hdt-merge-r01-00071
  Partitioned compression: 1000G_10000r_s2504: hdt-merge started — hdt-merge-r01-00072
  Partitioned compression: 1000G_10000r_s2504: hdt-merge complete — hdt-merge-r01-00072
  Partitioned compression: 1000G_10000r_s2504: hdt-merge started — hdt-merge-r01-00073
  Partitioned compression: 1000G_10000r_s2504: hdt-merge complete — hdt-merge-r01-00073
  Partitioned compression: 1000G_10000r_s2504: hdt-merge started — hdt-merge-r01-00074
  Partitioned compression: 1000G_10000r_s2504: hdt-merge complete — hdt-merge-r01-00074
  Partitioned compression: 1000G_10000r_s2504: hdt-merge started — hdt-merge-r01-00075
  Partitioned compression: 1000G_10000r_s2504: hdt-merge complete — hdt-merge-r01-00075
  Partitioned compression: 1000G_10000r_s2504: hdt-merge started — hdt-merge-r01-00076
  Partitioned compression: 1000G_10000r_s2504: hdt-merge complete — hdt-merge-r01-00076
  Partitioned compression: 1000G_10000r_s2504: hdt-merge started — hdt-merge-r01-00077
  Partitioned compression: 1000G_10000r_s2504: hdt-merge complete — hdt-merge-r01-00077
  Partitioned compression: 1000G_10000r_s2504: hdt-merge started — hdt-merge-r01-00078
  Partitioned compression: 1000G_10000r_s2504: hdt-merge complete — hdt-merge-r01-00078
  Partitioned compression: 1000G_10000r_s2504: hdt-merge started — hdt-merge-r01-00079
  Partitioned compression: 1000G_10000r_s2504: hdt-merge complete — hdt-merge-r01-00079
  Partitioned compression: 1000G_10000r_s2504: hdt-merge started — hdt-merge-r01-00080
  Partitioned compression: 1000G_10000r_s2504: hdt-merge complete — hdt-merge-r01-00080
  Partitioned compression: 1000G_10000r_s2504: hdt-merge started — hdt-merge-r01-00081
  Partitioned compression: 1000G_10000r_s2504: hdt-merge complete — hdt-merge-r01-00081
  Partitioned compression: 1000G_10000r_s2504: hdt-merge started — hdt-merge-r01-00082
  Partitioned compression: 1000G_10000r_s2504: hdt-merge complete — hdt-merge-r01-00082
  Partitioned compression: 1000G_10000r_s2504: hdt-merge started — hdt-merge-r01-00083
  Partitioned compression: 1000G_10000r_s2504: hdt-merge complete — hdt-merge-r01-00083
  Partitioned compression: 1000G_10000r_s2504: hdt-merge started — hdt-merge-r01-00084
  Partitioned compression: 1000G_10000r_s2504: hdt-merge complete — hdt-merge-r01-00084
  Partitioned compression: 1000G_10000r_s2504: hdt-merge started — hdt-merge-r01-00085
  Partitioned compression: 1000G_10000r_s2504: hdt-merge complete — hdt-merge-r01-00085
  Partitioned compression: 1000G_10000r_s2504: hdt-merge started — hdt-merge-r01-00086
  Partitioned compression: 1000G_10000r_s2504: hdt-merge complete — hdt-merge-r01-00086
  Partitioned compression: 1000G_10000r_s2504: hdt-merge started — hdt-merge-r01-00087
  Partitioned compression: 1000G_10000r_s2504: hdt-merge complete — hdt-merge-r01-00087
  Partitioned compression: 1000G_10000r_s2504: hdt-merge started — hdt-merge-r01-00088
  Partitioned compression: 1000G_10000r_s2504: hdt-merge complete — hdt-merge-r01-00088
  Partitioned compression: 1000G_10000r_s2504: hdt-merge started — hdt-merge-r01-00089
  Partitioned compression: 1000G_10000r_s2504: hdt-merge complete — hdt-merge-r01-00089
  Partitioned compression: 1000G_10000r_s2504: hdt-merge started — hdt-merge-r01-00090
  Partitioned compression: 1000G_10000r_s2504: hdt-merge complete — hdt-merge-r01-00090
  Partitioned compression: 1000G_10000r_s2504: hdt-merge started — hdt-merge-r01-00091
  Partitioned compression: 1000G_10000r_s2504: hdt-merge complete — hdt-merge-r01-00091
  Partitioned compression: 1000G_10000r_s2504: hdt-merge started — hdt-merge-r01-00092
  Partitioned compression: 1000G_10000r_s2504: hdt-merge complete — hdt-merge-r01-00092
  Partitioned compression: 1000G_10000r_s2504: hdt-merge started — hdt-merge-r02-00000
  Partitioned compression: 1000G_10000r_s2504: hdt-merge complete — hdt-merge-r02-00000
  Partitioned compression: 1000G_10000r_s2504: hdt-merge started — hdt-merge-r02-00001
  Partitioned compression: 1000G_10000r_s2504: hdt-merge complete — hdt-merge-r02-00001
  Partitioned compression: 1000G_10000r_s2504: hdt-merge started — hdt-merge-r02-00002
  Partitioned compression: 1000G_10000r_s2504: hdt-merge complete — hdt-merge-r02-00002
  Partitioned compression: 1000G_10000r_s2504: hdt-merge started — hdt-merge-r02-00003
  Partitioned compression: 1000G_10000r_s2504: hdt-merge complete — hdt-merge-r02-00003
  Partitioned compression: 1000G_10000r_s2504: hdt-merge started — hdt-merge-r02-00004
  Partitioned compression: 1000G_10000r_s2504: hdt-merge complete — hdt-merge-r02-00004
  Partitioned compression: 1000G_10000r_s2504: hdt-merge started — hdt-merge-r02-00005
  Partitioned compression: 1000G_10000r_s2504: hdt-merge complete — hdt-merge-r02-00005
  Partitioned compression: 1000G_10000r_s2504: hdt-merge started — hdt-merge-r02-00006
  Partitioned compression: 1000G_10000r_s2504: hdt-merge complete — hdt-merge-r02-00006
  Partitioned compression: 1000G_10000r_s2504: hdt-merge started — hdt-merge-r02-00007
  Partitioned compression: 1000G_10000r_s2504: hdt-merge complete — hdt-merge-r02-00007
  Partitioned compression: 1000G_10000r_s2504: hdt-merge started — hdt-merge-r02-00008
  Partitioned compression: 1000G_10000r_s2504: hdt-merge complete — hdt-merge-r02-00008
  Partitioned compression: 1000G_10000r_s2504: hdt-merge started — hdt-merge-r02-00009
  Partitioned compression: 1000G_10000r_s2504: hdt-merge complete — hdt-merge-r02-00009
  Partitioned compression: 1000G_10000r_s2504: hdt-merge started — hdt-merge-r02-00010
  Partitioned compression: 1000G_10000r_s2504: hdt-merge complete — hdt-merge-r02-00010
  Partitioned compression: 1000G_10000r_s2504: hdt-merge started — hdt-merge-r02-00011
  Partitioned compression: 1000G_10000r_s2504: hdt-merge complete — hdt-merge-r02-00011
  Partitioned compression: 1000G_10000r_s2504: hdt-merge started — hdt-merge-r02-00012
  Partitioned compression: 1000G_10000r_s2504: hdt-merge complete — hdt-merge-r02-00012
  Partitioned compression: 1000G_10000r_s2504: hdt-merge started — hdt-merge-r02-00013
  Partitioned compression: 1000G_10000r_s2504: hdt-merge complete — hdt-merge-r02-00013
  Partitioned compression: 1000G_10000r_s2504: hdt-merge started — hdt-merge-r02-00014
  Partitioned compression: 1000G_10000r_s2504: hdt-merge complete — hdt-merge-r02-00014
  Partitioned compression: 1000G_10000r_s2504: hdt-merge started — hdt-merge-r02-00015
  Partitioned compression: 1000G_10000r_s2504: hdt-merge complete — hdt-merge-r02-00015
  Partitioned compression: 1000G_10000r_s2504: hdt-merge started — hdt-merge-r02-00016
  Partitioned compression: 1000G_10000r_s2504: hdt-merge complete — hdt-merge-r02-00016
  Partitioned compression: 1000G_10000r_s2504: hdt-merge started — hdt-merge-r02-00017
  Partitioned compression: 1000G_10000r_s2504: hdt-merge complete — hdt-merge-r02-00017
  Partitioned compression: 1000G_10000r_s2504: hdt-merge started — hdt-merge-r02-00018
  Partitioned compression: 1000G_10000r_s2504: hdt-merge complete — hdt-merge-r02-00018
  Partitioned compression: 1000G_10000r_s2504: hdt-merge started — hdt-merge-r02-00019
  Partitioned compression: 1000G_10000r_s2504: hdt-merge complete — hdt-merge-r02-00019
  Partitioned compression: 1000G_10000r_s2504: hdt-merge started — hdt-merge-r02-00020
  Partitioned compression: 1000G_10000r_s2504: hdt-merge complete — hdt-merge-r02-00020
  Partitioned compression: 1000G_10000r_s2504: hdt-merge started — hdt-merge-r02-00021
  Partitioned compression: 1000G_10000r_s2504: hdt-merge complete — hdt-merge-r02-00021
  Partitioned compression: 1000G_10000r_s2504: hdt-merge started — hdt-merge-r02-00022
  Partitioned compression: 1000G_10000r_s2504: hdt-merge complete — hdt-merge-r02-00022
  Partitioned compression: 1000G_10000r_s2504: hdt-merge started — hdt-merge-r02-00023
  Partitioned compression: 1000G_10000r_s2504: hdt-merge complete — hdt-merge-r02-00023
  Partitioned compression: 1000G_10000r_s2504: hdt-merge started — hdt-merge-r02-00024
  Partitioned compression: 1000G_10000r_s2504: hdt-merge complete — hdt-merge-r02-00024
  Partitioned compression: 1000G_10000r_s2504: hdt-merge started — hdt-merge-r02-00025
  Partitioned compression: 1000G_10000r_s2504: hdt-merge complete — hdt-merge-r02-00025
  Partitioned compression: 1000G_10000r_s2504: hdt-merge started — hdt-merge-r02-00026
  Partitioned compression: 1000G_10000r_s2504: hdt-merge complete — hdt-merge-r02-00026
  Partitioned compression: 1000G_10000r_s2504: hdt-merge started — hdt-merge-r02-00027
  Partitioned compression: 1000G_10000r_s2504: hdt-merge complete — hdt-merge-r02-00027
  Partitioned compression: 1000G_10000r_s2504: hdt-merge started — hdt-merge-r02-00028
  Partitioned compression: 1000G_10000r_s2504: hdt-merge complete — hdt-merge-r02-00028
  Partitioned compression: 1000G_10000r_s2504: hdt-merge started — hdt-merge-r02-00029
  Partitioned compression: 1000G_10000r_s2504: hdt-merge complete — hdt-merge-r02-00029
  Partitioned compression: 1000G_10000r_s2504: hdt-merge started — hdt-merge-r02-00030
  Partitioned compression: 1000G_10000r_s2504: hdt-merge complete — hdt-merge-r02-00030
  Partitioned compression: 1000G_10000r_s2504: hdt-merge started — hdt-merge-r02-00031
  Partitioned compression: 1000G_10000r_s2504: hdt-merge complete — hdt-merge-r02-00031
  Partitioned compression: 1000G_10000r_s2504: hdt-merge started — hdt-merge-r02-00032
  Partitioned compression: 1000G_10000r_s2504: hdt-merge complete — hdt-merge-r02-00032
  Partitioned compression: 1000G_10000r_s2504: hdt-merge started — hdt-merge-r02-00033
  Partitioned compression: 1000G_10000r_s2504: hdt-merge complete — hdt-merge-r02-00033
  Partitioned compression: 1000G_10000r_s2504: hdt-merge started — hdt-merge-r02-00034
  Partitioned compression: 1000G_10000r_s2504: hdt-merge complete — hdt-merge-r02-00034
  Partitioned compression: 1000G_10000r_s2504: hdt-merge started — hdt-merge-r02-00035
  Partitioned compression: 1000G_10000r_s2504: hdt-merge complete — hdt-merge-r02-00035
  Partitioned compression: 1000G_10000r_s2504: hdt-merge started — hdt-merge-r02-00036
  Partitioned compression: 1000G_10000r_s2504: hdt-merge complete — hdt-merge-r02-00036
  Partitioned compression: 1000G_10000r_s2504: hdt-merge started — hdt-merge-r02-00037
  Partitioned compression: 1000G_10000r_s2504: hdt-merge complete — hdt-merge-r02-00037
  Partitioned compression: 1000G_10000r_s2504: hdt-merge started — hdt-merge-r02-00038
  Partitioned compression: 1000G_10000r_s2504: hdt-merge complete — hdt-merge-r02-00038
  Partitioned compression: 1000G_10000r_s2504: hdt-merge started — hdt-merge-r02-00039
  Partitioned compression: 1000G_10000r_s2504: hdt-merge complete — hdt-merge-r02-00039
  Partitioned compression: 1000G_10000r_s2504: hdt-merge started — hdt-merge-r02-00040
  Partitioned compression: 1000G_10000r_s2504: hdt-merge complete — hdt-merge-r02-00040
  Partitioned compression: 1000G_10000r_s2504: hdt-merge started — hdt-merge-r02-00041
  Partitioned compression: 1000G_10000r_s2504: hdt-merge complete — hdt-merge-r02-00041
  Partitioned compression: 1000G_10000r_s2504: hdt-merge started — hdt-merge-r02-00042
  Partitioned compression: 1000G_10000r_s2504: hdt-merge complete — hdt-merge-r02-00042
  Partitioned compression: 1000G_10000r_s2504: hdt-merge started — hdt-merge-r02-00043
  Partitioned compression: 1000G_10000r_s2504: hdt-merge complete — hdt-merge-r02-00043
  Partitioned compression: 1000G_10000r_s2504: hdt-merge started — hdt-merge-r02-00044
  Partitioned compression: 1000G_10000r_s2504: hdt-merge complete — hdt-merge-r02-00044
  Partitioned compression: 1000G_10000r_s2504: hdt-merge started — hdt-merge-r02-00045
  Partitioned compression: 1000G_10000r_s2504: hdt-merge complete — hdt-merge-r02-00045
  Partitioned compression: 1000G_10000r_s2504: hdt-merge started — hdt-merge-r03-00000
  Partitioned compression: 1000G_10000r_s2504: hdt-merge complete — hdt-merge-r03-00000
  Partitioned compression: 1000G_10000r_s2504: hdt-merge started — hdt-merge-r03-00001
  Partitioned compression: 1000G_10000r_s2504: hdt-merge complete — hdt-merge-r03-00001
  Partitioned compression: 1000G_10000r_s2504: hdt-merge started — hdt-merge-r03-00002
  Partitioned compression: 1000G_10000r_s2504: hdt-merge complete — hdt-merge-r03-00002
  Partitioned compression: 1000G_10000r_s2504: hdt-merge started — hdt-merge-r03-00003
  Partitioned compression: 1000G_10000r_s2504: hdt-merge complete — hdt-merge-r03-00003
  Partitioned compression: 1000G_10000r_s2504: hdt-merge started — hdt-merge-r03-00004
  Partitioned compression: 1000G_10000r_s2504: hdt-merge complete — hdt-merge-r03-00004
  Partitioned compression: 1000G_10000r_s2504: hdt-merge started — hdt-merge-r03-00005
  Partitioned compression: 1000G_10000r_s2504: hdt-merge complete — hdt-merge-r03-00005
  Partitioned compression: 1000G_10000r_s2504: hdt-merge started — hdt-merge-r03-00006
  Partitioned compression: 1000G_10000r_s2504: hdt-merge complete — hdt-merge-r03-00006
  Partitioned compression: 1000G_10000r_s2504: hdt-merge started — hdt-merge-r03-00007
  Partitioned compression: 1000G_10000r_s2504: hdt-merge complete — hdt-merge-r03-00007
  Partitioned compression: 1000G_10000r_s2504: hdt-merge started — hdt-merge-r03-00008
  Partitioned compression: 1000G_10000r_s2504: hdt-merge complete — hdt-merge-r03-00008
  Partitioned compression: 1000G_10000r_s2504: hdt-merge started — hdt-merge-r03-00009
  Partitioned compression: 1000G_10000r_s2504: hdt-merge complete — hdt-merge-r03-00009
  Partitioned compression: 1000G_10000r_s2504: hdt-merge started — hdt-merge-r03-00010
  Partitioned compression: 1000G_10000r_s2504: hdt-merge complete — hdt-merge-r03-00010
  Partitioned compression: 1000G_10000r_s2504: hdt-merge started — hdt-merge-r03-00011
  Partitioned compression: 1000G_10000r_s2504: hdt-merge complete — hdt-merge-r03-00011
  Partitioned compression: 1000G_10000r_s2504: hdt-merge started — hdt-merge-r03-00012
  Partitioned compression: 1000G_10000r_s2504: hdt-merge complete — hdt-merge-r03-00012
  Partitioned compression: 1000G_10000r_s2504: hdt-merge started — hdt-merge-r03-00013
  Partitioned compression: 1000G_10000r_s2504: hdt-merge complete — hdt-merge-r03-00013
  Partitioned compression: 1000G_10000r_s2504: hdt-merge started — hdt-merge-r03-00014
  Partitioned compression: 1000G_10000r_s2504: hdt-merge complete — hdt-merge-r03-00014
  Partitioned compression: 1000G_10000r_s2504: hdt-merge started — hdt-merge-r03-00015
  Partitioned compression: 1000G_10000r_s2504: hdt-merge complete — hdt-merge-r03-00015
  Partitioned compression: 1000G_10000r_s2504: hdt-merge started — hdt-merge-r03-00016
  Partitioned compression: 1000G_10000r_s2504: hdt-merge complete — hdt-merge-r03-00016
  Partitioned compression: 1000G_10000r_s2504: hdt-merge started — hdt-merge-r03-00017
  Partitioned compression: 1000G_10000r_s2504: hdt-merge complete — hdt-merge-r03-00017
  Partitioned compression: 1000G_10000r_s2504: hdt-merge started — hdt-merge-r03-00018
  Partitioned compression: 1000G_10000r_s2504: hdt-merge complete — hdt-merge-r03-00018
  Partitioned compression: 1000G_10000r_s2504: hdt-merge started — hdt-merge-r03-00019
  Partitioned compression: 1000G_10000r_s2504: hdt-merge complete — hdt-merge-r03-00019
  Partitioned compression: 1000G_10000r_s2504: hdt-merge started — hdt-merge-r03-00020
  Partitioned compression: 1000G_10000r_s2504: hdt-merge complete — hdt-merge-r03-00020
  Partitioned compression: 1000G_10000r_s2504: hdt-merge started — hdt-merge-r03-00021
  Partitioned compression: 1000G_10000r_s2504: hdt-merge complete — hdt-merge-r03-00021
  Partitioned compression: 1000G_10000r_s2504: hdt-merge started — hdt-merge-r03-00022
  Partitioned compression: 1000G_10000r_s2504: hdt-merge complete — hdt-merge-r03-00022
  Partitioned compression: 1000G_10000r_s2504: hdt-merge started — hdt-merge-r04-00000
  Partitioned compression: 1000G_10000r_s2504: hdt-merge complete — hdt-merge-r04-00000
  Partitioned compression: 1000G_10000r_s2504: hdt-merge started — hdt-merge-r04-00001
  Partitioned compression: 1000G_10000r_s2504: hdt-merge complete — hdt-merge-r04-00001
  Partitioned compression: 1000G_10000r_s2504: hdt-merge started — hdt-merge-r04-00002
  Partitioned compression: 1000G_10000r_s2504: hdt-merge complete — hdt-merge-r04-00002
  Partitioned compression: 1000G_10000r_s2504: hdt-merge started — hdt-merge-r04-00003
  Partitioned compression: 1000G_10000r_s2504: hdt-merge complete — hdt-merge-r04-00003
  Partitioned compression: 1000G_10000r_s2504: hdt-merge started — hdt-merge-r04-00004
  Partitioned compression: 1000G_10000r_s2504: hdt-merge complete — hdt-merge-r04-00004
  Partitioned compression: 1000G_10000r_s2504: hdt-merge started — hdt-merge-r04-00005
  Partitioned compression: 1000G_10000r_s2504: hdt-merge complete — hdt-merge-r04-00005
  Partitioned compression: 1000G_10000r_s2504: hdt-merge started — hdt-merge-r04-00006
  Partitioned compression: 1000G_10000r_s2504: hdt-merge complete — hdt-merge-r04-00006
  Partitioned compression: 1000G_10000r_s2504: hdt-merge started — hdt-merge-r04-00007
  Partitioned compression: 1000G_10000r_s2504: hdt-merge complete — hdt-merge-r04-00007
  Partitioned compression: 1000G_10000r_s2504: hdt-merge started — hdt-merge-r04-00008
  Partitioned compression: 1000G_10000r_s2504: hdt-merge complete — hdt-merge-r04-00008
  Partitioned compression: 1000G_10000r_s2504: hdt-merge started — hdt-merge-r04-00009
  Partitioned compression: 1000G_10000r_s2504: hdt-merge complete — hdt-merge-r04-00009
  Partitioned compression: 1000G_10000r_s2504: hdt-merge started — hdt-merge-r04-00010
  Partitioned compression: 1000G_10000r_s2504: hdt-merge complete — hdt-merge-r04-00010
  Partitioned compression: 1000G_10000r_s2504: hdt-merge started — hdt-merge-r04-00011
  Partitioned compression: 1000G_10000r_s2504: hdt-merge complete — hdt-merge-r04-00011
  Partitioned compression: 1000G_10000r_s2504: hdt-merge started — hdt-merge-r05-00000
  Partitioned compression: 1000G_10000r_s2504: hdt-merge complete — hdt-merge-r05-00000
  Partitioned compression: 1000G_10000r_s2504: hdt-merge started — hdt-merge-r05-00001
  Partitioned compression: 1000G_10000r_s2504: hdt-merge complete — hdt-merge-r05-00001
  Partitioned compression: 1000G_10000r_s2504: hdt-merge started — hdt-merge-r05-00002
  Partitioned compression: 1000G_10000r_s2504: hdt-merge complete — hdt-merge-r05-00002
  Partitioned compression: 1000G_10000r_s2504: hdt-merge started — hdt-merge-r05-00003
  Partitioned compression: 1000G_10000r_s2504: hdt-merge complete — hdt-merge-r05-00003
  Partitioned compression: 1000G_10000r_s2504: hdt-merge started — hdt-merge-r05-00004
  Partitioned compression: 1000G_10000r_s2504: hdt-merge complete — hdt-merge-r05-00004
  Partitioned compression: 1000G_10000r_s2504: hdt-merge started — hdt-merge-r05-00005
  Partitioned compression: 1000G_10000r_s2504: hdt-merge complete — hdt-merge-r05-00005
  Partitioned compression: 1000G_10000r_s2504: hdt-merge started — hdt-merge-r06-00000
  Partitioned compression: 1000G_10000r_s2504: hdt-merge complete — hdt-merge-r06-00000
  Partitioned compression: 1000G_10000r_s2504: hdt-merge started — hdt-merge-r06-00001
  Partitioned compression: 1000G_10000r_s2504: hdt-merge complete — hdt-merge-r06-00001
  Partitioned compression: 1000G_10000r_s2504: hdt-merge started — hdt-merge-r06-00002
  Partitioned compression: 1000G_10000r_s2504: hdt-merge complete — hdt-merge-r06-00002
  Partitioned compression: 1000G_10000r_s2504: hdt-merge started — hdt-merge-r07-00000
  Partitioned compression: 1000G_10000r_s2504: hdt-merge complete — hdt-merge-r07-00000
  Partitioned compression: 1000G_10000r_s2504: hdt-merge started — hdt-merge-r08-00000
  Partitioned compression: 1000G_10000r_s2504: hdt-merge complete — hdt-merge-r08-00000
  Partitioned compression: 1000G_10000r_s2504: hdt started — hdt-index
  Partitioned compression: 1000G_10000r_s2504: hdt complete — hdt-index
  Partitioned compression: 1000G_10000r_s2504: hdt started — hdt-validate
  Partitioned compression: 1000G_10000r_s2504: hdt complete — hdt-validate
Partitioned compression: 1000G_10000r_s2504: finished
