TSV conversion: HG005_GRCh38: started
TSV conversion: HG005_GRCh38: finished
RMLStreamer: HG005_GRCh38: started
  RMLStreamer: HG005_GRCh38: rmlstreamer started — 0 B · 0 parts
  RMLStreamer: HG005_GRCh38: rmlstreamer heartbeat — 0 B · 0 parts
  RMLStreamer: HG005_GRCh38: rmlstreamer heartbeat — 1.21 MB · 8 parts
  RMLStreamer: HG005_GRCh38: rmlstreamer heartbeat — 13.76 MB · 8 parts
  RMLStreamer: HG005_GRCh38: rmlstreamer heartbeat — 32.04 MB · 8 parts
  RMLStreamer: HG005_GRCh38: rmlstreamer heartbeat — 67.57 MB · 8 parts
  RMLStreamer: HG005_GRCh38: rmlstreamer heartbeat — 105.50 MB · 8 parts
  RMLStreamer: HG005_GRCh38: rmlstreamer heartbeat — 144.87 MB · 8 parts
  RMLStreamer: HG005_GRCh38: rmlstreamer heartbeat — 181.20 MB · 8 parts
  RMLStreamer: HG005_GRCh38: rmlstreamer heartbeat — 216.85 MB · 8 parts
  RMLStreamer: HG005_GRCh38: rmlstreamer heartbeat — 249.56 MB · 8 parts
  RMLStreamer: HG005_GRCh38: rmlstreamer heartbeat — 284.43 MB · 8 parts
  RMLStreamer: HG005_GRCh38: rmlstreamer heartbeat — 319.92 MB · 8 parts
  RMLStreamer: HG005_GRCh38: rmlstreamer heartbeat — 354.74 MB · 8 parts
  RMLStreamer: HG005_GRCh38: rmlstreamer heartbeat — 389.87 MB · 8 parts
  RMLStreamer: HG005_GRCh38: rmlstreamer heartbeat — 423.82 MB · 8 parts
  RMLStreamer: HG005_GRCh38: rmlstreamer heartbeat — 456.92 MB · 8 parts
  RMLStreamer: HG005_GRCh38: rmlstreamer heartbeat — 495.02 MB · 8 parts
  RMLStreamer: HG005_GRCh38: rmlstreamer heartbeat — 529.83 MB · 8 parts
  RMLStreamer: HG005_GRCh38: rmlstreamer heartbeat — 564.06 MB · 8 parts
  RMLStreamer: HG005_GRCh38: rmlstreamer heartbeat — 601.16 MB · 8 parts
  RMLStreamer: HG005_GRCh38: rmlstreamer heartbeat — 636.65 MB · 8 parts
  RMLStreamer: HG005_GRCh38: rmlstreamer heartbeat — 673.84 MB · 8 parts
  RMLStreamer: HG005_GRCh38: rmlstreamer heartbeat — 714.24 MB · 8 parts
  RMLStreamer: HG005_GRCh38: rmlstreamer heartbeat — 751.46 MB · 8 parts
  RMLStreamer: HG005_GRCh38: rmlstreamer heartbeat — 788.87 MB · 8 parts
  RMLStreamer: HG005_GRCh38: rmlstreamer heartbeat — 826.29 MB · 8 parts
  RMLStreamer: HG005_GRCh38: rmlstreamer heartbeat — 861.10 MB · 8 parts
  RMLStreamer: HG005_GRCh38: rmlstreamer heartbeat — 894.52 MB · 8 parts
  RMLStreamer: HG005_GRCh38: rmlstreamer heartbeat — 930.11 MB · 8 parts
  RMLStreamer: HG005_GRCh38: rmlstreamer heartbeat — 967.18 MB · 8 parts
  RMLStreamer: HG005_GRCh38: rmlstreamer heartbeat — 1006.00 MB · 8 parts
  RMLStreamer: HG005_GRCh38: rmlstreamer heartbeat — 1.02 GB · 8 parts
  RMLStreamer: HG005_GRCh38: rmlstreamer heartbeat — 1.06 GB · 8 parts
  RMLStreamer: HG005_GRCh38: rmlstreamer heartbeat — 1.10 GB · 8 parts
  RMLStreamer: HG005_GRCh38: rmlstreamer heartbeat — 1.13 GB · 8 parts
  RMLStreamer: HG005_GRCh38: rmlstreamer heartbeat — 1.17 GB · 8 parts
  RMLStreamer: HG005_GRCh38: rmlstreamer heartbeat — 1.20 GB · 8 parts
  RMLStreamer: HG005_GRCh38: rmlstreamer heartbeat — 1.23 GB · 8 parts
  RMLStreamer: HG005_GRCh38: rmlstreamer heartbeat — 1.27 GB · 8 parts
  RMLStreamer: HG005_GRCh38: rmlstreamer heartbeat — 1.31 GB · 8 parts
  RMLStreamer: HG005_GRCh38: rmlstreamer heartbeat — 1.35 GB · 8 parts
  RMLStreamer: HG005_GRCh38: rmlstreamer heartbeat — 1.38 GB · 8 parts
  RMLStreamer: HG005_GRCh38: rmlstreamer heartbeat — 1.42 GB · 8 parts
  RMLStreamer: HG005_GRCh38: rmlstreamer heartbeat — 1.45 GB · 8 parts
  RMLStreamer: HG005_GRCh38: rmlstreamer heartbeat — 1.49 GB · 8 parts
  RMLStreamer: HG005_GRCh38: rmlstreamer heartbeat — 1.52 GB · 8 parts
  RMLStreamer: HG005_GRCh38: rmlstreamer heartbeat — 1.56 GB · 8 parts
  RMLStreamer: HG005_GRCh38: rmlstreamer heartbeat — 1.60 GB · 8 parts
  RMLStreamer: HG005_GRCh38: rmlstreamer heartbeat — 1.64 GB · 8 parts
  RMLStreamer: HG005_GRCh38: rmlstreamer heartbeat — 1.67 GB · 8 parts
  RMLStreamer: HG005_GRCh38: rmlstreamer heartbeat — 1.71 GB · 8 parts
  RMLStreamer: HG005_GRCh38: rmlstreamer heartbeat — 1.74 GB · 8 parts
  RMLStreamer: HG005_GRCh38: rmlstreamer heartbeat — 1.78 GB · 8 parts
  RMLStreamer: HG005_GRCh38: rmlstreamer heartbeat — 1.82 GB · 8 parts
  RMLStreamer: HG005_GRCh38: rmlstreamer heartbeat — 1.85 GB · 8 parts
  RMLStreamer: HG005_GRCh38: rmlstreamer heartbeat — 1.89 GB · 8 parts
  RMLStreamer: HG005_GRCh38: rmlstreamer heartbeat — 1.93 GB · 8 parts
  RMLStreamer: HG005_GRCh38: rmlstreamer heartbeat — 1.96 GB · 8 parts
  RMLStreamer: HG005_GRCh38: rmlstreamer heartbeat — 2.00 GB · 8 parts
  RMLStreamer: HG005_GRCh38: rmlstreamer heartbeat — 2.03 GB · 8 parts
  RMLStreamer: HG005_GRCh38: rmlstreamer heartbeat — 2.07 GB · 8 parts
  RMLStreamer: HG005_GRCh38: rmlstreamer heartbeat — 2.10 GB · 8 parts
  RMLStreamer: HG005_GRCh38: rmlstreamer heartbeat — 2.13 GB · 8 parts
  RMLStreamer: HG005_GRCh38: rmlstreamer heartbeat — 2.17 GB · 8 parts
  RMLStreamer: HG005_GRCh38: rmlstreamer heartbeat — 2.21 GB · 8 parts
  RMLStreamer: HG005_GRCh38: rmlstreamer heartbeat — 2.24 GB · 8 parts
  RMLStreamer: HG005_GRCh38: rmlstreamer heartbeat — 2.28 GB · 8 parts
  RMLStreamer: HG005_GRCh38: rmlstreamer heartbeat — 2.31 GB · 8 parts
  RMLStreamer: HG005_GRCh38: rmlstreamer heartbeat — 2.35 GB · 8 parts
  RMLStreamer: HG005_GRCh38: rmlstreamer heartbeat — 2.39 GB · 8 parts
  RMLStreamer: HG005_GRCh38: rmlstreamer heartbeat — 2.42 GB · 8 parts
  RMLStreamer: HG005_GRCh38: rmlstreamer heartbeat — 2.45 GB · 8 parts
  RMLStreamer: HG005_GRCh38: rmlstreamer heartbeat — 2.49 GB · 8 parts
  RMLStreamer: HG005_GRCh38: rmlstreamer heartbeat — 2.52 GB · 8 parts
  RMLStreamer: HG005_GRCh38: rmlstreamer heartbeat — 2.56 GB · 8 parts
  RMLStreamer: HG005_GRCh38: rmlstreamer heartbeat — 2.59 GB · 8 parts
  RMLStreamer: HG005_GRCh38: rmlstreamer heartbeat — 2.63 GB · 8 parts
  RMLStreamer: HG005_GRCh38: rmlstreamer heartbeat — 2.67 GB · 8 parts
  RMLStreamer: HG005_GRCh38: rmlstreamer heartbeat — 2.70 GB · 8 parts
  RMLStreamer: HG005_GRCh38: rmlstreamer heartbeat — 2.74 GB · 8 parts
  RMLStreamer: HG005_GRCh38: rmlstreamer heartbeat — 2.78 GB · 8 parts
  RMLStreamer: HG005_GRCh38: rmlstreamer heartbeat — 2.82 GB · 8 parts
  RMLStreamer: HG005_GRCh38: rmlstreamer heartbeat — 2.85 GB · 8 parts
  RMLStreamer: HG005_GRCh38: rmlstreamer heartbeat — 2.89 GB · 8 parts
  RMLStreamer: HG005_GRCh38: rmlstreamer heartbeat — 2.92 GB · 8 parts
  RMLStreamer: HG005_GRCh38: rmlstreamer heartbeat — 2.95 GB · 8 parts
  RMLStreamer: HG005_GRCh38: rmlstreamer heartbeat — 2.99 GB · 8 parts
  RMLStreamer: HG005_GRCh38: rmlstreamer heartbeat — 3.02 GB · 8 parts
  RMLStreamer: HG005_GRCh38: rmlstreamer heartbeat — 3.06 GB · 8 parts
  RMLStreamer: HG005_GRCh38: rmlstreamer heartbeat — 3.09 GB · 8 parts
  RMLStreamer: HG005_GRCh38: rmlstreamer heartbeat — 3.13 GB · 8 parts
  RMLStreamer: HG005_GRCh38: rmlstreamer heartbeat — 3.16 GB · 8 parts
  RMLStreamer: HG005_GRCh38: rmlstreamer heartbeat — 3.19 GB · 8 parts
  RMLStreamer: HG005_GRCh38: rmlstreamer heartbeat — 3.23 GB · 8 parts
  RMLStreamer: HG005_GRCh38: rmlstreamer heartbeat — 3.26 GB · 8 parts
  RMLStreamer: HG005_GRCh38: rmlstreamer heartbeat — 3.30 GB · 8 parts
  RMLStreamer: HG005_GRCh38: rmlstreamer heartbeat — 3.33 GB · 8 parts
  RMLStreamer: HG005_GRCh38: rmlstreamer heartbeat — 3.37 GB · 8 parts
  RMLStreamer: HG005_GRCh38: rmlstreamer heartbeat — 3.40 GB · 8 parts
  RMLStreamer: HG005_GRCh38: rmlstreamer heartbeat — 3.44 GB · 8 parts
  RMLStreamer: HG005_GRCh38: rmlstreamer heartbeat — 3.47 GB · 8 parts
  RMLStreamer: HG005_GRCh38: rmlstreamer heartbeat — 3.51 GB · 8 parts
  RMLStreamer: HG005_GRCh38: rmlstreamer heartbeat — 3.54 GB · 8 parts
  RMLStreamer: HG005_GRCh38: rmlstreamer heartbeat — 3.58 GB · 8 parts
  RMLStreamer: HG005_GRCh38: rmlstreamer heartbeat — 3.61 GB · 8 parts
  RMLStreamer: HG005_GRCh38: rmlstreamer heartbeat — 3.65 GB · 8 parts
  RMLStreamer: HG005_GRCh38: rmlstreamer heartbeat — 3.69 GB · 8 parts
  RMLStreamer: HG005_GRCh38: rmlstreamer heartbeat — 3.72 GB · 8 parts
  RMLStreamer: HG005_GRCh38: rmlstreamer heartbeat — 3.76 GB · 8 parts
  RMLStreamer: HG005_GRCh38: rmlstreamer heartbeat — 3.80 GB · 8 parts
  RMLStreamer: HG005_GRCh38: rmlstreamer heartbeat — 3.83 GB · 8 parts
  RMLStreamer: HG005_GRCh38: rmlstreamer heartbeat — 3.87 GB · 8 parts
  RMLStreamer: HG005_GRCh38: rmlstreamer heartbeat — 3.90 GB · 8 parts
  RMLStreamer: HG005_GRCh38: rmlstreamer heartbeat — 3.92 GB · 8 parts
  RMLStreamer: HG005_GRCh38: rmlstreamer heartbeat — 3.94 GB · 8 parts
  RMLStreamer: HG005_GRCh38: rmlstreamer heartbeat — 3.95 GB · 8 parts
  RMLStreamer: HG005_GRCh38: rmlstreamer heartbeat — 3.96 GB · 8 parts
  RMLStreamer: HG005_GRCh38: rmlstreamer heartbeat — 3.97 GB · 8 parts
  RMLStreamer: HG005_GRCh38: rmlstreamer heartbeat — 3.98 GB · 8 parts
  RMLStreamer: HG005_GRCh38: rmlstreamer heartbeat — 3.98 GB · 8 parts
  RMLStreamer: HG005_GRCh38: rmlstreamer complete — 3.98 GB · 8 parts
  RMLStreamer: HG005_GRCh38: rdf-aggregate started — 0 parts
  RMLStreamer: HG005_GRCh38: rdf-aggregate part — 1 parts
  RMLStreamer: HG005_GRCh38: rdf-aggregate part — 2 parts
  RMLStreamer: HG005_GRCh38: rdf-aggregate part — 3 parts
  RMLStreamer: HG005_GRCh38: rdf-aggregate part — 4 parts
  RMLStreamer: HG005_GRCh38: rdf-aggregate part — 5 parts
  RMLStreamer: HG005_GRCh38: rdf-aggregate part — 6 parts
  RMLStreamer: HG005_GRCh38: rdf-aggregate part — 7 parts
  RMLStreamer: HG005_GRCh38: rdf-aggregate part — 8 parts
  RMLStreamer: HG005_GRCh38: rdf-aggregate complete — 8 parts
RMLStreamer: HG005_GRCh38: finished
Partitioned compression: HG005_GRCh38: started
  Partitioned compression: HG005_GRCh38: rdf-scan started — 0 triples
  Partitioned compression: HG005_GRCh38: rdf-scan heartbeat — 547,097 triples · 67,108,909 bytes read
  Partitioned compression: HG005_GRCh38: rdf-scan heartbeat — 1,090,505 triples · 134,217,795 bytes read
  Partitioned compression: HG005_GRCh38: rdf-scan heartbeat — 1,633,545 triples · 201,326,684 bytes read
  Partitioned compression: HG005_GRCh38: rdf-scan heartbeat — 2,176,588 triples · 268,435,644 bytes read
  Partitioned compression: HG005_GRCh38: rdf-scan heartbeat — 2,720,219 triples · 335,544,643 bytes read
  Partitioned compression: HG005_GRCh38: rdf-scan heartbeat — 3,263,749 triples · 402,653,547 bytes read
  Partitioned compression: HG005_GRCh38: rdf-scan heartbeat — 3,806,906 triples · 469,762,460 bytes read
  Partitioned compression: HG005_GRCh38: rdf-scan chunk — 4,349,917 triples · 1 chunks · 536,871,007 bytes read
  Partitioned compression: HG005_GRCh38: hdt-chunks started — 0 chunks · hdt-build-00000
  Partitioned compression: HG005_GRCh38: hdt-chunks complete — 1 chunks · hdt-build-00000
  Partitioned compression: HG005_GRCh38: cottas-chunks started — 0 chunks · cottas-build-00000
  Partitioned compression: HG005_GRCh38: cottas-chunks complete — 1 chunks · cottas-build-00000
  Partitioned compression: HG005_GRCh38: rdf-scan heartbeat — 4,349,920 triples · 536,871,382 bytes read
  Partitioned compression: HG005_GRCh38: rdf-scan heartbeat — 4,894,809 triples · 603,980,252 bytes read
  Partitioned compression: HG005_GRCh38: rdf-scan heartbeat — 5,439,123 triples · 671,089,147 bytes read
  Partitioned compression: HG005_GRCh38: rdf-scan heartbeat — 5,982,529 triples · 738,198,121 bytes read
  Partitioned compression: HG005_GRCh38: rdf-scan heartbeat — 6,525,567 triples · 805,307,121 bytes read
  Partitioned compression: HG005_GRCh38: rdf-scan heartbeat — 7,069,068 triples · 872,416,018 bytes read
  Partitioned compression: HG005_GRCh38: rdf-scan heartbeat — 7,612,604 triples · 939,524,899 bytes read
  Partitioned compression: HG005_GRCh38: rdf-scan heartbeat — 8,156,002 triples · 1,006,633,847 bytes read
  Partitioned compression: HG005_GRCh38: rdf-scan chunk — 8,699,031 triples · 2 chunks · 1,073,742,021 bytes read
  Partitioned compression: HG005_GRCh38: hdt-chunks started — 1 chunks · hdt-build-00001
  Partitioned compression: HG005_GRCh38: hdt-chunks complete — 2 chunks · hdt-build-00001
  Partitioned compression: HG005_GRCh38: cottas-chunks started — 1 chunks · cottas-build-00001
  Partitioned compression: HG005_GRCh38: cottas-chunks complete — 2 chunks · cottas-build-00001
  Partitioned compression: HG005_GRCh38: rdf-scan heartbeat — 8,699,037 triples · 1,073,742,758 bytes read
  Partitioned compression: HG005_GRCh38: rdf-scan heartbeat — 9,242,770 triples · 1,140,851,713 bytes read
  Partitioned compression: HG005_GRCh38: rdf-scan heartbeat — 9,786,299 triples · 1,207,960,593 bytes read
  Partitioned compression: HG005_GRCh38: rdf-scan heartbeat — 10,329,565 triples · 1,275,069,462 bytes read
  Partitioned compression: HG005_GRCh38: rdf-scan heartbeat — 10,873,034 triples · 1,342,178,393 bytes read
  Partitioned compression: HG005_GRCh38: rdf-scan heartbeat — 11,416,574 triples · 1,409,287,357 bytes read
  Partitioned compression: HG005_GRCh38: rdf-scan heartbeat — 11,959,789 triples · 1,476,396,355 bytes read
  Partitioned compression: HG005_GRCh38: rdf-scan heartbeat — 12,502,996 triples · 1,543,505,226 bytes read
  Partitioned compression: HG005_GRCh38: rdf-scan chunk — 13,046,029 triples · 3 chunks · 1,610,612,962 bytes read
  Partitioned compression: HG005_GRCh38: hdt-chunks started — 2 chunks · hdt-build-00002
  Partitioned compression: HG005_GRCh38: hdt-chunks complete — 3 chunks · hdt-build-00002
  Partitioned compression: HG005_GRCh38: cottas-chunks started — 2 chunks · cottas-build-00002
  Partitioned compression: HG005_GRCh38: cottas-chunks complete — 3 chunks · cottas-build-00002
  Partitioned compression: HG005_GRCh38: rdf-scan heartbeat — 13,046,039 triples · 1,610,614,214 bytes read
  Partitioned compression: HG005_GRCh38: rdf-scan heartbeat — 13,589,034 triples · 1,677,723,114 bytes read
  Partitioned compression: HG005_GRCh38: rdf-scan heartbeat — 14,132,002 triples · 1,744,832,117 bytes read
  Partitioned compression: HG005_GRCh38: rdf-scan heartbeat — 14,674,917 triples · 1,811,941,030 bytes read
  Partitioned compression: HG005_GRCh38: rdf-scan heartbeat — 15,217,953 triples · 1,879,049,915 bytes read
  Partitioned compression: HG005_GRCh38: rdf-scan heartbeat — 15,760,939 triples · 1,946,158,913 bytes read
  Partitioned compression: HG005_GRCh38: rdf-scan heartbeat — 16,303,980 triples · 2,013,267,790 bytes read
  Partitioned compression: HG005_GRCh38: rdf-scan heartbeat — 16,847,174 triples · 2,080,376,670 bytes read
  Partitioned compression: HG005_GRCh38: rdf-scan chunk — 17,390,204 triples · 4 chunks · 2,147,483,878 bytes read
  Partitioned compression: HG005_GRCh38: hdt-chunks started — 3 chunks · hdt-build-00003
  Partitioned compression: HG005_GRCh38: hdt-chunks complete — 4 chunks · hdt-build-00003
  Partitioned compression: HG005_GRCh38: cottas-chunks started — 3 chunks · cottas-build-00003
  Partitioned compression: HG005_GRCh38: cottas-chunks complete — 4 chunks · cottas-build-00003
  Partitioned compression: HG005_GRCh38: rdf-scan heartbeat — 17,390,218 triples · 2,147,485,602 bytes read
  Partitioned compression: HG005_GRCh38: rdf-scan heartbeat — 17,933,033 triples · 2,214,594,515 bytes read
  Partitioned compression: HG005_GRCh38: rdf-scan heartbeat — 18,476,052 triples · 2,281,703,495 bytes read
  Partitioned compression: HG005_GRCh38: rdf-scan heartbeat — 19,019,092 triples · 2,348,812,410 bytes read
  Partitioned compression: HG005_GRCh38: rdf-scan heartbeat — 19,561,992 triples · 2,415,921,326 bytes read
  Partitioned compression: HG005_GRCh38: rdf-scan heartbeat — 20,104,907 triples · 2,483,030,311 bytes read
  Partitioned compression: HG005_GRCh38: rdf-scan heartbeat — 20,647,951 triples · 2,550,139,254 bytes read
  Partitioned compression: HG005_GRCh38: rdf-scan heartbeat — 21,190,906 triples · 2,617,248,127 bytes read
  Partitioned compression: HG005_GRCh38: rdf-scan chunk — 21,733,616 triples · 5 chunks · 2,684,354,860 bytes read
  Partitioned compression: HG005_GRCh38: hdt-chunks started — 4 chunks · hdt-build-00004
  Partitioned compression: HG005_GRCh38: hdt-chunks complete — 5 chunks · hdt-build-00004
  Partitioned compression: HG005_GRCh38: cottas-chunks started — 4 chunks · cottas-build-00004
  Partitioned compression: HG005_GRCh38: cottas-chunks complete — 5 chunks · cottas-build-00004
  Partitioned compression: HG005_GRCh38: rdf-scan heartbeat — 21,733,634 triples · 2,684,357,084 bytes read
  Partitioned compression: HG005_GRCh38: rdf-scan heartbeat — 22,276,778 triples · 2,751,465,950 bytes read
  Partitioned compression: HG005_GRCh38: rdf-scan heartbeat — 22,819,968 triples · 2,818,574,874 bytes read
  Partitioned compression: HG005_GRCh38: rdf-scan heartbeat — 23,363,011 triples · 2,885,683,798 bytes read
  Partitioned compression: HG005_GRCh38: rdf-scan heartbeat — 23,906,175 triples · 2,952,792,733 bytes read
  Partitioned compression: HG005_GRCh38: rdf-scan heartbeat — 24,449,218 triples · 3,019,901,704 bytes read
  Partitioned compression: HG005_GRCh38: rdf-scan heartbeat — 24,992,386 triples · 3,087,010,574 bytes read
  Partitioned compression: HG005_GRCh38: rdf-scan heartbeat — 25,535,424 triples · 3,154,119,522 bytes read
  Partitioned compression: HG005_GRCh38: rdf-scan chunk — 26,078,450 triples · 6 chunks · 3,221,225,851 bytes read
  Partitioned compression: HG005_GRCh38: hdt-chunks started — 5 chunks · hdt-build-00005
  Partitioned compression: HG005_GRCh38: hdt-chunks complete — 6 chunks · hdt-build-00005
  Partitioned compression: HG005_GRCh38: cottas-chunks started — 5 chunks · cottas-build-00005
  Partitioned compression: HG005_GRCh38: cottas-chunks complete — 6 chunks · cottas-build-00005
  Partitioned compression: HG005_GRCh38: rdf-scan heartbeat — 26,078,472 triples · 3,221,228,510 bytes read
  Partitioned compression: HG005_GRCh38: rdf-scan heartbeat — 26,626,934 triples · 3,288,337,478 bytes read
  Partitioned compression: HG005_GRCh38: rdf-scan heartbeat — 27,175,393 triples · 3,355,446,394 bytes read
  Partitioned compression: HG005_GRCh38: rdf-scan heartbeat — 27,724,259 triples · 3,422,555,329 bytes read
  Partitioned compression: HG005_GRCh38: rdf-scan heartbeat — 28,273,221 triples · 3,489,664,243 bytes read
  Partitioned compression: HG005_GRCh38: rdf-scan heartbeat — 28,822,105 triples · 3,556,773,123 bytes read
  Partitioned compression: HG005_GRCh38: rdf-scan heartbeat — 29,370,572 triples · 3,623,882,032 bytes read
  Partitioned compression: HG005_GRCh38: rdf-scan heartbeat — 29,919,030 triples · 3,690,990,916 bytes read
  Partitioned compression: HG005_GRCh38: rdf-scan chunk — 30,469,849 triples · 7 chunks · 3,758,096,859 bytes read
  Partitioned compression: HG005_GRCh38: hdt-chunks started — 6 chunks · hdt-build-00006
  Partitioned compression: HG005_GRCh38: hdt-chunks complete — 7 chunks · hdt-build-00006
  Partitioned compression: HG005_GRCh38: cottas-chunks started — 6 chunks · cottas-build-00006
  Partitioned compression: HG005_GRCh38: cottas-chunks complete — 7 chunks · cottas-build-00006
  Partitioned compression: HG005_GRCh38: rdf-scan heartbeat — 30,469,874 triples · 3,758,099,826 bytes read
  Partitioned compression: HG005_GRCh38: rdf-scan heartbeat — 31,024,514 triples · 3,825,208,802 bytes read
  Partitioned compression: HG005_GRCh38: rdf-scan heartbeat — 31,576,131 triples · 3,892,317,671 bytes read
  Partitioned compression: HG005_GRCh38: rdf-scan heartbeat — 32,124,598 triples · 3,959,426,604 bytes read
  Partitioned compression: HG005_GRCh38: rdf-scan heartbeat — 32,673,058 triples · 4,026,535,536 bytes read
  Partitioned compression: HG005_GRCh38: rdf-scan heartbeat — 33,221,594 triples · 4,093,644,535 bytes read
  Partitioned compression: HG005_GRCh38: rdf-scan heartbeat — 33,770,660 triples · 4,160,753,505 bytes read
  Partitioned compression: HG005_GRCh38: rdf-scan heartbeat — 34,319,626 triples · 4,227,862,421 bytes read
  Partitioned compression: HG005_GRCh38: rdf-scan chunk — 34,841,807 triples · 8 chunks · 4,294,967,866 bytes read
  Partitioned compression: HG005_GRCh38: hdt-chunks started — 7 chunks · hdt-build-00007
  Partitioned compression: HG005_GRCh38: hdt-chunks complete — 8 chunks · hdt-build-00007
  Partitioned compression: HG005_GRCh38: cottas-chunks started — 7 chunks · cottas-build-00007
  Partitioned compression: HG005_GRCh38: cottas-chunks complete — 8 chunks · cottas-build-00007
  Partitioned compression: HG005_GRCh38: rdf-scan heartbeat — 34,841,830 triples · 4,294,971,309 bytes read
  Partitioned compression: HG005_GRCh38: rdf-scan heartbeat — 35,294,870 triples · 4,362,080,190 bytes read
  Partitioned compression: HG005_GRCh38: rdf-scan heartbeat — 35,745,086 triples · 4,429,189,159 bytes read
  Partitioned compression: HG005_GRCh38: rdf-scan heartbeat — 36,194,199 triples · 4,496,298,157 bytes read
  Partitioned compression: HG005_GRCh38: rdf-scan heartbeat — 36,643,286 triples · 4,563,407,024 bytes read
  Partitioned compression: HG005_GRCh38: rdf-scan heartbeat — 37,092,403 triples · 4,630,515,962 bytes read
  Partitioned compression: HG005_GRCh38: rdf-scan heartbeat — 37,541,473 triples · 4,697,624,977 bytes read
  Partitioned compression: HG005_GRCh38: rdf-scan heartbeat — 37,990,552 triples · 4,764,733,899 bytes read
  Partitioned compression: HG005_GRCh38: rdf-scan chunk — 38,439,548 triples · 9 chunks · 4,831,838,881 bytes read
  Partitioned compression: HG005_GRCh38: hdt-chunks started — 8 chunks · hdt-build-00008
  Partitioned compression: HG005_GRCh38: hdt-chunks complete — 9 chunks · hdt-build-00008
  Partitioned compression: HG005_GRCh38: cottas-chunks started — 8 chunks · cottas-build-00008
  Partitioned compression: HG005_GRCh38: cottas-chunks complete — 9 chunks · cottas-build-00008
  Partitioned compression: HG005_GRCh38: rdf-scan heartbeat — 38,439,574 triples · 4,831,842,814 bytes read
  Partitioned compression: HG005_GRCh38: rdf-scan heartbeat — 38,888,628 triples · 4,898,951,769 bytes read
  Partitioned compression: HG005_GRCh38: rdf-scan heartbeat — 39,337,666 triples · 4,966,060,753 bytes read
  Partitioned compression: HG005_GRCh38: rdf-scan heartbeat — 39,786,730 triples · 5,033,169,636 bytes read
  Partitioned compression: HG005_GRCh38: rdf-scan heartbeat — 40,235,779 triples · 5,100,278,628 bytes read
  Partitioned compression: HG005_GRCh38: rdf-scan heartbeat — 40,684,878 triples · 5,167,387,518 bytes read
  Partitioned compression: HG005_GRCh38: rdf-scan heartbeat — 41,133,935 triples · 5,234,496,506 bytes read
  Partitioned compression: HG005_GRCh38: rdf-scan heartbeat — 41,583,020 triples · 5,301,605,400 bytes read
  Partitioned compression: HG005_GRCh38: rdf-scan chunk — 42,030,241 triples · 10 chunks · 5,368,709,876 bytes read
  Partitioned compression: HG005_GRCh38: hdt-chunks started — 9 chunks · hdt-build-00009
  Partitioned compression: HG005_GRCh38: hdt-chunks complete — 10 chunks · hdt-build-00009
  Partitioned compression: HG005_GRCh38: cottas-chunks started — 9 chunks · cottas-build-00009
  Partitioned compression: HG005_GRCh38: cottas-chunks complete — 10 chunks · cottas-build-00009
  Partitioned compression: HG005_GRCh38: rdf-scan heartbeat — 42,030,271 triples · 5,368,714,331 bytes read
  Partitioned compression: HG005_GRCh38: rdf-scan heartbeat — 42,475,458 triples · 5,435,823,272 bytes read
  Partitioned compression: HG005_GRCh38: rdf-scan heartbeat — 42,920,677 triples · 5,502,932,252 bytes read
  Partitioned compression: HG005_GRCh38: rdf-scan heartbeat — 43,365,879 triples · 5,570,041,160 bytes read
  Partitioned compression: HG005_GRCh38: rdf-scan heartbeat — 43,811,106 triples · 5,637,150,061 bytes read
  Partitioned compression: HG005_GRCh38: rdf-scan heartbeat — 44,256,281 triples · 5,704,258,975 bytes read
  Partitioned compression: HG005_GRCh38: rdf-scan heartbeat — 44,701,548 triples · 5,771,367,981 bytes read
  Partitioned compression: HG005_GRCh38: rdf-scan heartbeat — 45,146,780 triples · 5,838,476,923 bytes read
  Partitioned compression: HG005_GRCh38: rdf-scan chunk — 45,591,916 triples · 11 chunks · 5,905,580,875 bytes read
  Partitioned compression: HG005_GRCh38: hdt-chunks started — 10 chunks · hdt-build-00010
  Partitioned compression: HG005_GRCh38: hdt-chunks complete — 11 chunks · hdt-build-00010
  Partitioned compression: HG005_GRCh38: cottas-chunks started — 10 chunks · cottas-build-00010
  Partitioned compression: HG005_GRCh38: cottas-chunks complete — 11 chunks · cottas-build-00010
  Partitioned compression: HG005_GRCh38: rdf-scan heartbeat — 45,591,949 triples · 5,905,585,853 bytes read
  Partitioned compression: HG005_GRCh38: rdf-scan heartbeat — 46,037,134 triples · 5,972,694,795 bytes read
  Partitioned compression: HG005_GRCh38: rdf-scan heartbeat — 46,482,482 triples · 6,039,803,783 bytes read
  Partitioned compression: HG005_GRCh38: rdf-scan heartbeat — 46,927,696 triples · 6,106,912,699 bytes read
  Partitioned compression: HG005_GRCh38: rdf-scan heartbeat — 47,372,955 triples · 6,174,021,723 bytes read
  Partitioned compression: HG005_GRCh38: rdf-scan heartbeat — 47,818,157 triples · 6,241,130,704 bytes read
  Partitioned compression: HG005_GRCh38: rdf-scan heartbeat — 48,263,382 triples · 6,308,239,639 bytes read
  Partitioned compression: HG005_GRCh38: rdf-scan heartbeat — 48,708,562 triples · 6,375,348,612 bytes read
  Partitioned compression: HG005_GRCh38: rdf-scan chunk — 49,153,701 triples · 12 chunks · 6,442,451,898 bytes read
  Partitioned compression: HG005_GRCh38: hdt-chunks started — 11 chunks · hdt-build-00011
  Partitioned compression: HG005_GRCh38: hdt-chunks complete — 12 chunks · hdt-build-00011
  Partitioned compression: HG005_GRCh38: cottas-chunks started — 11 chunks · cottas-build-00011
  Partitioned compression: HG005_GRCh38: cottas-chunks complete — 12 chunks · cottas-build-00011
  Partitioned compression: HG005_GRCh38: rdf-scan heartbeat — 49,153,739 triples · 6,442,457,636 bytes read
  Partitioned compression: HG005_GRCh38: rdf-scan heartbeat — 49,598,930 triples · 6,509,566,539 bytes read
  Partitioned compression: HG005_GRCh38: rdf-scan heartbeat — 50,044,091 triples · 6,576,675,447 bytes read
  Partitioned compression: HG005_GRCh38: rdf-scan heartbeat — 50,489,360 triples · 6,643,784,429 bytes read
  Partitioned compression: HG005_GRCh38: rdf-scan heartbeat — 50,934,523 triples · 6,710,893,337 bytes read
  Partitioned compression: HG005_GRCh38: rdf-scan heartbeat — 51,379,737 triples · 6,778,002,317 bytes read
  Partitioned compression: HG005_GRCh38: rdf-scan heartbeat — 51,824,932 triples · 6,845,111,330 bytes read
  Partitioned compression: HG005_GRCh38: rdf-scan heartbeat — 52,270,108 triples · 6,912,220,275 bytes read
  Partitioned compression: HG005_GRCh38: rdf-scan chunk — 52,715,256 triples · 13 chunks · 6,979,322,824 bytes read
  Partitioned compression: HG005_GRCh38: hdt-chunks started — 12 chunks · hdt-build-00012
  Partitioned compression: HG005_GRCh38: hdt-chunks complete — 13 chunks · hdt-build-00012
  Partitioned compression: HG005_GRCh38: cottas-chunks started — 12 chunks · cottas-build-00012
  Partitioned compression: HG005_GRCh38: cottas-chunks complete — 13 chunks · cottas-build-00012
  Partitioned compression: HG005_GRCh38: rdf-scan heartbeat — 52,715,299 triples · 6,979,329,281 bytes read
  Partitioned compression: HG005_GRCh38: rdf-scan heartbeat — 53,160,495 triples · 7,046,438,239 bytes read
  Partitioned compression: HG005_GRCh38: rdf-scan heartbeat — 53,605,706 triples · 7,113,547,139 bytes read
  Partitioned compression: HG005_GRCh38: rdf-scan heartbeat — 54,050,894 triples · 7,180,656,013 bytes read
  Partitioned compression: HG005_GRCh38: rdf-scan heartbeat — 54,496,062 triples · 7,247,765,005 bytes read
  Partitioned compression: HG005_GRCh38: rdf-scan heartbeat — 54,941,258 triples · 7,314,873,987 bytes read
  Partitioned compression: HG005_GRCh38: rdf-scan heartbeat — 55,386,516 triples · 7,381,982,916 bytes read
  Partitioned compression: HG005_GRCh38: rdf-scan heartbeat — 55,831,766 triples · 7,449,091,807 bytes read
  Partitioned compression: HG005_GRCh38: rdf-scan chunk — 56,276,954 triples · 14 chunks · 7,516,193,766 bytes read
  Partitioned compression: HG005_GRCh38: hdt-chunks started — 13 chunks · hdt-build-00013
  Partitioned compression: HG005_GRCh38: hdt-chunks complete — 14 chunks · hdt-build-00013
  Partitioned compression: HG005_GRCh38: cottas-chunks started — 13 chunks · cottas-build-00013
  Partitioned compression: HG005_GRCh38: cottas-chunks complete — 14 chunks · cottas-build-00013
  Partitioned compression: HG005_GRCh38: rdf-scan heartbeat — 56,277,000 triples · 7,516,200,708 bytes read
  Partitioned compression: HG005_GRCh38: rdf-scan heartbeat — 56,722,266 triples · 7,583,309,613 bytes read
  Partitioned compression: HG005_GRCh38: rdf-scan heartbeat — 57,167,629 triples · 7,650,418,556 bytes read
  Partitioned compression: HG005_GRCh38: rdf-scan heartbeat — 57,612,879 triples · 7,717,527,469 bytes read
  Partitioned compression: HG005_GRCh38: rdf-scan heartbeat — 58,058,093 triples · 7,784,636,445 bytes read
  Partitioned compression: HG005_GRCh38: rdf-scan heartbeat — 58,503,304 triples · 7,851,745,396 bytes read
  Partitioned compression: HG005_GRCh38: rdf-scan heartbeat — 58,948,515 triples · 7,918,854,313 bytes read
  Partitioned compression: HG005_GRCh38: rdf-scan heartbeat — 59,393,707 triples · 7,985,963,215 bytes read
  Partitioned compression: HG005_GRCh38: rdf-scan chunk — 59,838,871 triples · 15 chunks · 8,053,064,730 bytes read
  Partitioned compression: HG005_GRCh38: hdt-chunks started — 14 chunks · hdt-build-00014
  Partitioned compression: HG005_GRCh38: hdt-chunks complete — 15 chunks · hdt-build-00014
  Partitioned compression: HG005_GRCh38: cottas-chunks started — 14 chunks · cottas-build-00014
  Partitioned compression: HG005_GRCh38: cottas-chunks complete — 15 chunks · cottas-build-00014
  Partitioned compression: HG005_GRCh38: rdf-scan heartbeat — 59,838,920 triples · 8,053,072,163 bytes read
  Partitioned compression: HG005_GRCh38: rdf-scan heartbeat — 60,284,124 triples · 8,120,181,137 bytes read
  Partitioned compression: HG005_GRCh38: rdf-scan heartbeat — 60,729,360 triples · 8,187,290,148 bytes read
  Partitioned compression: HG005_GRCh38: rdf-scan heartbeat — 61,174,601 triples · 8,254,399,110 bytes read
  Partitioned compression: HG005_GRCh38: rdf-scan heartbeat — 61,619,800 triples · 8,321,508,085 bytes read
  Partitioned compression: HG005_GRCh38: rdf-scan heartbeat — 62,064,978 triples · 8,388,616,995 bytes read
  Partitioned compression: HG005_GRCh38: rdf-scan heartbeat — 62,510,168 triples · 8,455,725,945 bytes read
  Partitioned compression: HG005_GRCh38: rdf-scan heartbeat — 62,955,359 triples · 8,522,834,849 bytes read
  Partitioned compression: HG005_GRCh38: rdf-scan chunk — 63,400,437 triples · 16 chunks · 8,589,935,743 bytes read
  Partitioned compression: HG005_GRCh38: hdt-chunks started — 15 chunks · hdt-build-00015
  Partitioned compression: HG005_GRCh38: hdt-chunks complete — 16 chunks · hdt-build-00015
  Partitioned compression: HG005_GRCh38: cottas-chunks started — 15 chunks · cottas-build-00015
  Partitioned compression: HG005_GRCh38: cottas-chunks complete — 16 chunks · cottas-build-00015
  Partitioned compression: HG005_GRCh38: rdf-scan heartbeat — 63,400,490 triples · 8,589,943,841 bytes read
  Partitioned compression: HG005_GRCh38: rdf-scan heartbeat — 63,845,668 triples · 8,657,052,811 bytes read
  Partitioned compression: HG005_GRCh38: rdf-scan heartbeat — 64,290,861 triples · 8,724,161,714 bytes read
  Partitioned compression: HG005_GRCh38: rdf-scan heartbeat — 64,736,075 triples · 8,791,270,688 bytes read
  Partitioned compression: HG005_GRCh38: rdf-scan heartbeat — 65,181,296 triples · 8,858,379,625 bytes read
  Partitioned compression: HG005_GRCh38: rdf-scan heartbeat — 65,626,475 triples · 8,925,488,490 bytes read
  Partitioned compression: HG005_GRCh38: rdf-scan heartbeat — 66,071,735 triples · 8,992,597,446 bytes read
  Partitioned compression: HG005_GRCh38: rdf-scan heartbeat — 66,516,914 triples · 9,059,706,432 bytes read
  Partitioned compression: HG005_GRCh38: rdf-scan chunk — 66,962,128 triples · 17 chunks · 9,126,806,755 bytes read
  Partitioned compression: HG005_GRCh38: hdt-chunks started — 16 chunks · hdt-build-00016
  Partitioned compression: HG005_GRCh38: hdt-chunks complete — 17 chunks · hdt-build-00016
  Partitioned compression: HG005_GRCh38: cottas-chunks started — 16 chunks · cottas-build-00016
  Partitioned compression: HG005_GRCh38: cottas-chunks complete — 17 chunks · cottas-build-00016
  Partitioned compression: HG005_GRCh38: rdf-scan heartbeat — 66,962,185 triples · 9,126,815,340 bytes read
  Partitioned compression: HG005_GRCh38: rdf-scan heartbeat — 67,407,375 triples · 9,193,924,302 bytes read
  Partitioned compression: HG005_GRCh38: rdf-scan heartbeat — 67,852,608 triples · 9,261,033,295 bytes read
  Partitioned compression: HG005_GRCh38: rdf-scan heartbeat — 68,297,807 triples · 9,328,142,221 bytes read
  Partitioned compression: HG005_GRCh38: rdf-scan heartbeat — 68,743,015 triples · 9,395,251,132 bytes read
  Partitioned compression: HG005_GRCh38: rdf-scan heartbeat — 69,188,246 triples · 9,462,360,073 bytes read
  Partitioned compression: HG005_GRCh38: rdf-scan heartbeat — 69,633,528 triples · 9,529,469,066 bytes read
  Partitioned compression: HG005_GRCh38: rdf-scan heartbeat — 70,078,694 triples · 9,596,578,013 bytes read
  Partitioned compression: HG005_GRCh38: rdf-scan chunk — 70,523,821 triples · 18 chunks · 9,663,677,671 bytes read
  Partitioned compression: HG005_GRCh38: hdt-chunks started — 17 chunks · hdt-build-00017
  Partitioned compression: HG005_GRCh38: hdt-chunks complete — 18 chunks · hdt-build-00017
  Partitioned compression: HG005_GRCh38: cottas-chunks started — 17 chunks · cottas-build-00017
  Partitioned compression: HG005_GRCh38: cottas-chunks complete — 18 chunks · cottas-build-00017
  Partitioned compression: HG005_GRCh38: rdf-scan heartbeat — 70,523,882 triples · 9,663,686,975 bytes read
  Partitioned compression: HG005_GRCh38: rdf-scan heartbeat — 70,969,044 triples · 9,730,795,846 bytes read
  Partitioned compression: HG005_GRCh38: rdf-scan heartbeat — 71,414,193 triples · 9,797,904,719 bytes read
  Partitioned compression: HG005_GRCh38: rdf-scan heartbeat — 71,859,374 triples · 9,865,013,698 bytes read
  Partitioned compression: HG005_GRCh38: rdf-scan heartbeat — 72,304,545 triples · 9,932,122,653 bytes read
  Partitioned compression: HG005_GRCh38: rdf-scan heartbeat — 72,749,716 triples · 9,999,231,597 bytes read
  Partitioned compression: HG005_GRCh38: rdf-scan heartbeat — 73,194,892 triples · 10,066,340,598 bytes read
  Partitioned compression: HG005_GRCh38: rdf-scan heartbeat — 73,640,104 triples · 10,133,449,532 bytes read
  Partitioned compression: HG005_GRCh38: rdf-scan chunk — 74,085,211 triples · 19 chunks · 10,200,548,628 bytes read
  Partitioned compression: HG005_GRCh38: hdt-chunks started — 18 chunks · hdt-build-00018
  Partitioned compression: HG005_GRCh38: hdt-chunks complete — 19 chunks · hdt-build-00018
  Partitioned compression: HG005_GRCh38: cottas-chunks started — 18 chunks · cottas-build-00018
  Partitioned compression: HG005_GRCh38: cottas-chunks complete — 19 chunks · cottas-build-00018
  Partitioned compression: HG005_GRCh38: rdf-scan heartbeat — 74,085,276 triples · 10,200,558,451 bytes read
  Partitioned compression: HG005_GRCh38: rdf-scan heartbeat — 74,530,464 triples · 10,267,667,361 bytes read
  Partitioned compression: HG005_GRCh38: rdf-scan heartbeat — 74,975,649 triples · 10,334,776,329 bytes read
  Partitioned compression: HG005_GRCh38: rdf-scan heartbeat — 75,420,835 triples · 10,401,885,237 bytes read
  Partitioned compression: HG005_GRCh38: rdf-scan heartbeat — 75,866,012 triples · 10,468,994,101 bytes read
  Partitioned compression: HG005_GRCh38: rdf-scan heartbeat — 76,311,167 triples · 10,536,102,995 bytes read
  Partitioned compression: HG005_GRCh38: rdf-scan heartbeat — 76,756,349 triples · 10,603,211,912 bytes read
  Partitioned compression: HG005_GRCh38: rdf-scan heartbeat — 77,201,569 triples · 10,670,320,802 bytes read
  Partitioned compression: HG005_GRCh38: rdf-scan chunk — 77,646,693 triples · 20 chunks · 10,737,419,594 bytes read
  Partitioned compression: HG005_GRCh38: hdt-chunks started — 19 chunks · hdt-build-00019
  Partitioned compression: HG005_GRCh38: hdt-chunks complete — 20 chunks · hdt-build-00019
  Partitioned compression: HG005_GRCh38: cottas-chunks started — 19 chunks · cottas-build-00019
  Partitioned compression: HG005_GRCh38: cottas-chunks complete — 20 chunks · cottas-build-00019
  Partitioned compression: HG005_GRCh38: rdf-scan heartbeat — 77,646,760 triples · 10,737,429,729 bytes read
  Partitioned compression: HG005_GRCh38: rdf-scan heartbeat — 78,091,962 triples · 10,804,538,667 bytes read
  Partitioned compression: HG005_GRCh38: rdf-scan heartbeat — 78,537,140 triples · 10,871,647,548 bytes read
  Partitioned compression: HG005_GRCh38: rdf-scan heartbeat — 78,982,348 triples · 10,938,756,488 bytes read
  Partitioned compression: HG005_GRCh38: rdf-scan heartbeat — 79,427,552 triples · 11,005,865,396 bytes read
  Partitioned compression: HG005_GRCh38: rdf-scan heartbeat — 79,872,754 triples · 11,072,974,374 bytes read
  Partitioned compression: HG005_GRCh38: rdf-scan heartbeat — 80,318,009 triples · 11,140,083,341 bytes read
  Partitioned compression: HG005_GRCh38: rdf-scan heartbeat — 80,763,284 triples · 11,207,192,304 bytes read
  Partitioned compression: HG005_GRCh38: rdf-scan chunk — 81,208,463 triples · 21 chunks · 11,274,290,593 bytes read
  Partitioned compression: HG005_GRCh38: hdt-chunks started — 20 chunks · hdt-build-00020
  Partitioned compression: HG005_GRCh38: hdt-chunks complete — 21 chunks · hdt-build-00020
  Partitioned compression: HG005_GRCh38: cottas-chunks started — 20 chunks · cottas-build-00020
  Partitioned compression: HG005_GRCh38: cottas-chunks complete — 21 chunks · cottas-build-00020
  Partitioned compression: HG005_GRCh38: rdf-scan heartbeat — 81,208,534 triples · 11,274,301,300 bytes read
  Partitioned compression: HG005_GRCh38: rdf-scan heartbeat — 81,653,775 triples · 11,341,410,169 bytes read
  Partitioned compression: HG005_GRCh38: rdf-scan heartbeat — 82,099,001 triples · 11,408,519,123 bytes read
  Partitioned compression: HG005_GRCh38: rdf-scan heartbeat — 82,544,187 triples · 11,475,628,004 bytes read
  Partitioned compression: HG005_GRCh38: rdf-scan heartbeat — 82,989,392 triples · 11,542,736,911 bytes read
  Partitioned compression: HG005_GRCh38: rdf-scan heartbeat — 83,434,624 triples · 11,609,845,845 bytes read
  Partitioned compression: HG005_GRCh38: rdf-scan heartbeat — 83,879,837 triples · 11,676,954,828 bytes read
  Partitioned compression: HG005_GRCh38: rdf-scan heartbeat — 84,325,024 triples · 11,744,063,767 bytes read
  Partitioned compression: HG005_GRCh38: rdf-scan chunk — 84,770,172 triples · 22 chunks · 11,811,161,519 bytes read
  Partitioned compression: HG005_GRCh38: hdt-chunks started — 21 chunks · hdt-build-00021
  Partitioned compression: HG005_GRCh38: hdt-chunks complete — 22 chunks · hdt-build-00021
  Partitioned compression: HG005_GRCh38: cottas-chunks started — 21 chunks · cottas-build-00021
  Partitioned compression: HG005_GRCh38: cottas-chunks complete — 22 chunks · cottas-build-00021
  Partitioned compression: HG005_GRCh38: rdf-scan heartbeat — 84,770,246 triples · 11,811,172,663 bytes read
  Partitioned compression: HG005_GRCh38: rdf-scan heartbeat — 85,215,423 triples · 11,878,281,637 bytes read
  Partitioned compression: HG005_GRCh38: rdf-scan heartbeat — 85,660,573 triples · 11,945,390,599 bytes read
  Partitioned compression: HG005_GRCh38: rdf-scan heartbeat — 86,105,758 triples · 12,012,499,578 bytes read
  Partitioned compression: HG005_GRCh38: rdf-scan heartbeat — 86,550,996 triples · 12,079,608,544 bytes read
  Partitioned compression: HG005_GRCh38: rdf-scan heartbeat — 86,996,209 triples · 12,146,717,453 bytes read
  Partitioned compression: HG005_GRCh38: rdf-scan heartbeat — 87,441,385 triples · 12,213,826,376 bytes read
  Partitioned compression: HG005_GRCh38: rdf-scan heartbeat — 87,886,624 triples · 12,280,935,298 bytes read
  Partitioned compression: HG005_GRCh38: rdf-scan chunk — 88,331,717 triples · 23 chunks · 12,348,032,564 bytes read
  Partitioned compression: HG005_GRCh38: hdt-chunks started — 22 chunks · hdt-build-00022
  Partitioned compression: HG005_GRCh38: hdt-chunks complete — 23 chunks · hdt-build-00022
  Partitioned compression: HG005_GRCh38: cottas-chunks started — 22 chunks · cottas-build-00022
  Partitioned compression: HG005_GRCh38: cottas-chunks complete — 23 chunks · cottas-build-00022
  Partitioned compression: HG005_GRCh38: rdf-scan heartbeat — 88,331,795 triples · 12,348,044,281 bytes read
  Partitioned compression: HG005_GRCh38: rdf-scan heartbeat — 88,776,980 triples · 12,415,153,239 bytes read
  Partitioned compression: HG005_GRCh38: rdf-scan heartbeat — 89,222,169 triples · 12,482,262,230 bytes read
  Partitioned compression: HG005_GRCh38: rdf-scan heartbeat — 89,667,408 triples · 12,549,371,233 bytes read
  Partitioned compression: HG005_GRCh38: rdf-scan heartbeat — 90,112,647 triples · 12,616,480,115 bytes read
  Partitioned compression: HG005_GRCh38: rdf-scan heartbeat — 90,557,892 triples · 12,683,589,108 bytes read
  Partitioned compression: HG005_GRCh38: rdf-scan heartbeat — 91,003,115 triples · 12,750,698,011 bytes read
  Partitioned compression: HG005_GRCh38: rdf-scan heartbeat — 91,448,299 triples · 12,817,806,992 bytes read
  Partitioned compression: HG005_GRCh38: rdf-scan chunk — 91,893,393 triples · 24 chunks · 12,884,903,566 bytes read
  Partitioned compression: HG005_GRCh38: hdt-chunks started — 23 chunks · hdt-build-00023
  Partitioned compression: HG005_GRCh38: hdt-chunks complete — 24 chunks · hdt-build-00023
  Partitioned compression: HG005_GRCh38: cottas-chunks started — 23 chunks · cottas-build-00023
  Partitioned compression: HG005_GRCh38: cottas-chunks complete — 24 chunks · cottas-build-00023
  Partitioned compression: HG005_GRCh38: rdf-scan heartbeat — 91,893,475 triples · 12,884,915,942 bytes read
  Partitioned compression: HG005_GRCh38: rdf-scan heartbeat — 92,338,638 triples · 12,952,024,884 bytes read
  Partitioned compression: HG005_GRCh38: rdf-scan heartbeat — 92,783,867 triples · 13,019,133,794 bytes read
  Partitioned compression: HG005_GRCh38: rdf-scan heartbeat — 93,229,057 triples · 13,086,242,661 bytes read
  Partitioned compression: HG005_GRCh38: rdf-scan heartbeat — 93,674,254 triples · 13,153,351,537 bytes read
  Partitioned compression: HG005_GRCh38: rdf-scan heartbeat — 94,119,473 triples · 13,220,460,537 bytes read
  Partitioned compression: HG005_GRCh38: rdf-scan heartbeat — 94,564,661 triples · 13,287,569,502 bytes read
  Partitioned compression: HG005_GRCh38: rdf-scan heartbeat — 95,009,816 triples · 13,354,678,387 bytes read
  Partitioned compression: HG005_GRCh38: rdf-scan chunk — 95,454,909 triples · 25 chunks · 13,421,774,535 bytes read
  Partitioned compression: HG005_GRCh38: hdt-chunks started — 24 chunks · hdt-build-00024
  Partitioned compression: HG005_GRCh38: hdt-chunks complete — 25 chunks · hdt-build-00024
  Partitioned compression: HG005_GRCh38: cottas-chunks started — 24 chunks · cottas-build-00024
  Partitioned compression: HG005_GRCh38: cottas-chunks complete — 25 chunks · cottas-build-00024
  Partitioned compression: HG005_GRCh38: rdf-scan heartbeat — 95,454,994 triples · 13,421,787,391 bytes read
  Partitioned compression: HG005_GRCh38: rdf-scan heartbeat — 95,900,109 triples · 13,488,896,417 bytes read
  Partitioned compression: HG005_GRCh38: rdf-scan heartbeat — 96,345,364 triples · 13,556,005,393 bytes read
  Partitioned compression: HG005_GRCh38: rdf-scan heartbeat — 96,790,527 triples · 13,623,114,357 bytes read
  Partitioned compression: HG005_GRCh38: rdf-scan heartbeat — 97,235,737 triples · 13,690,223,305 bytes read
  Partitioned compression: HG005_GRCh38: rdf-scan heartbeat — 97,680,940 triples · 13,757,332,281 bytes read
  Partitioned compression: HG005_GRCh38: rdf-scan heartbeat — 98,126,157 triples · 13,824,441,210 bytes read
  Partitioned compression: HG005_GRCh38: rdf-scan heartbeat — 98,571,378 triples · 13,891,550,145 bytes read
  Partitioned compression: HG005_GRCh38: rdf-scan chunk — 99,016,522 triples · 26 chunks · 13,958,645,483 bytes read
  Partitioned compression: HG005_GRCh38: hdt-chunks started — 25 chunks · hdt-build-00025
  Partitioned compression: HG005_GRCh38: hdt-chunks complete — 26 chunks · hdt-build-00025
  Partitioned compression: HG005_GRCh38: cottas-chunks started — 25 chunks · cottas-build-00025
  Partitioned compression: HG005_GRCh38: cottas-chunks complete — 26 chunks · cottas-build-00025
  Partitioned compression: HG005_GRCh38: rdf-scan heartbeat — 99,016,612 triples · 13,958,659,043 bytes read
  Partitioned compression: HG005_GRCh38: rdf-scan heartbeat — 99,461,855 triples · 14,025,767,992 bytes read
  Partitioned compression: HG005_GRCh38: rdf-scan heartbeat — 99,907,160 triples · 14,092,876,979 bytes read
  Partitioned compression: HG005_GRCh38: rdf-scan heartbeat — 100,352,436 triples · 14,159,985,985 bytes read
  Partitioned compression: HG005_GRCh38: rdf-scan heartbeat — 100,797,769 triples · 14,227,094,934 bytes read
  Partitioned compression: HG005_GRCh38: rdf-scan heartbeat — 101,242,974 triples · 14,294,203,924 bytes read
  Partitioned compression: HG005_GRCh38: rdf-scan heartbeat — 101,688,163 triples · 14,361,312,942 bytes read
  Partitioned compression: HG005_GRCh38: rdf-scan heartbeat — 102,133,394 triples · 14,428,421,890 bytes read
  Partitioned compression: HG005_GRCh38: rdf-scan chunk — 102,578,525 triples · 27 chunks · 14,495,516,440 bytes read
  Partitioned compression: HG005_GRCh38: hdt-chunks started — 26 chunks · hdt-build-00026
  Partitioned compression: HG005_GRCh38: hdt-chunks complete — 27 chunks · hdt-build-00026
  Partitioned compression: HG005_GRCh38: cottas-chunks started — 26 chunks · cottas-build-00026
  Partitioned compression: HG005_GRCh38: cottas-chunks complete — 27 chunks · cottas-build-00026
  Partitioned compression: HG005_GRCh38: rdf-scan heartbeat — 102,578,620 triples · 14,495,530,814 bytes read
  Partitioned compression: HG005_GRCh38: rdf-scan heartbeat — 103,023,842 triples · 14,562,639,765 bytes read
  Partitioned compression: HG005_GRCh38: rdf-scan heartbeat — 103,469,045 triples · 14,629,748,666 bytes read
  Partitioned compression: HG005_GRCh38: rdf-scan heartbeat — 103,914,260 triples · 14,696,857,662 bytes read
  Partitioned compression: HG005_GRCh38: rdf-scan heartbeat — 104,359,448 triples · 14,763,966,680 bytes read
  Partitioned compression: HG005_GRCh38: rdf-scan heartbeat — 104,804,688 triples · 14,831,075,586 bytes read
  Partitioned compression: HG005_GRCh38: rdf-scan heartbeat — 105,249,838 triples · 14,898,184,510 bytes read
  Partitioned compression: HG005_GRCh38: rdf-scan heartbeat — 105,695,060 triples · 14,965,293,513 bytes read
  Partitioned compression: HG005_GRCh38: rdf-scan chunk — 106,137,245 triples · 28 chunks · 15,032,387,424 bytes read
  Partitioned compression: HG005_GRCh38: hdt-chunks started — 27 chunks · hdt-build-00027
  Partitioned compression: HG005_GRCh38: hdt-chunks complete — 28 chunks · hdt-build-00027
  Partitioned compression: HG005_GRCh38: cottas-chunks started — 27 chunks · cottas-build-00027
  Partitioned compression: HG005_GRCh38: cottas-chunks complete — 28 chunks · cottas-build-00027
  Partitioned compression: HG005_GRCh38: rdf-scan heartbeat — 106,137,344 triples · 15,032,402,461 bytes read
  Partitioned compression: HG005_GRCh38: rdf-scan heartbeat — 106,578,800 triples · 15,099,511,393 bytes read
  Partitioned compression: HG005_GRCh38: rdf-scan heartbeat — 107,020,272 triples · 15,166,620,396 bytes read
  Partitioned compression: HG005_GRCh38: rdf-scan heartbeat — 107,461,724 triples · 15,233,729,349 bytes read
  Partitioned compression: HG005_GRCh38: rdf-scan heartbeat — 107,903,154 triples · 15,300,838,287 bytes read
  Partitioned compression: HG005_GRCh38: rdf-scan heartbeat — 108,344,605 triples · 15,367,947,193 bytes read
  Partitioned compression: HG005_GRCh38: rdf-scan heartbeat — 108,786,020 triples · 15,435,056,209 bytes read
  Partitioned compression: HG005_GRCh38: rdf-scan heartbeat — 109,227,436 triples · 15,502,165,167 bytes read
  Partitioned compression: HG005_GRCh38: rdf-scan chunk — 109,668,755 triples · 29 chunks · 15,569,258,432 bytes read
  Partitioned compression: HG005_GRCh38: hdt-chunks started — 28 chunks · hdt-build-00028
  Partitioned compression: HG005_GRCh38: hdt-chunks complete — 29 chunks · hdt-build-00028
  Partitioned compression: HG005_GRCh38: cottas-chunks started — 28 chunks · cottas-build-00028
  Partitioned compression: HG005_GRCh38: cottas-chunks complete — 29 chunks · cottas-build-00028
  Partitioned compression: HG005_GRCh38: rdf-scan heartbeat — 109,668,858 triples · 15,569,274,121 bytes read
  Partitioned compression: HG005_GRCh38: rdf-scan heartbeat — 110,110,255 triples · 15,636,383,018 bytes read
  Partitioned compression: HG005_GRCh38: rdf-scan heartbeat — 110,551,707 triples · 15,703,491,975 bytes read
  Partitioned compression: HG005_GRCh38: rdf-scan heartbeat — 110,993,116 triples · 15,770,600,999 bytes read
  Partitioned compression: HG005_GRCh38: rdf-scan heartbeat — 111,434,532 triples · 15,837,709,863 bytes read
  Partitioned compression: HG005_GRCh38: rdf-scan heartbeat — 111,875,925 triples · 15,904,818,732 bytes read
  Partitioned compression: HG005_GRCh38: rdf-scan heartbeat — 112,317,290 triples · 15,971,927,613 bytes read
  Partitioned compression: HG005_GRCh38: rdf-scan heartbeat — 112,758,772 triples · 16,039,036,556 bytes read
  Partitioned compression: HG005_GRCh38: rdf-scan chunk — 113,200,069 triples · 30 chunks · 16,106,129,361 bytes read
  Partitioned compression: HG005_GRCh38: hdt-chunks started — 29 chunks · hdt-build-00029
  Partitioned compression: HG005_GRCh38: hdt-chunks complete — 30 chunks · hdt-build-00029
  Partitioned compression: HG005_GRCh38: cottas-chunks started — 29 chunks · cottas-build-00029
  Partitioned compression: HG005_GRCh38: cottas-chunks complete — 30 chunks · cottas-build-00029
  Partitioned compression: HG005_GRCh38: rdf-scan heartbeat — 113,200,175 triples · 16,106,145,515 bytes read
  Partitioned compression: HG005_GRCh38: rdf-scan heartbeat — 113,641,546 triples · 16,173,254,423 bytes read
  Partitioned compression: HG005_GRCh38: rdf-scan heartbeat — 114,082,992 triples · 16,240,363,382 bytes read
  Partitioned compression: HG005_GRCh38: rdf-scan heartbeat — 114,524,414 triples · 16,307,472,354 bytes read
  Partitioned compression: HG005_GRCh38: rdf-scan heartbeat — 114,965,848 triples · 16,374,581,268 bytes read
  Partitioned compression: HG005_GRCh38: rdf-scan heartbeat — 115,407,283 triples · 16,441,690,275 bytes read
  Partitioned compression: HG005_GRCh38: rdf-scan heartbeat — 115,848,615 triples · 16,508,799,171 bytes read
  Partitioned compression: HG005_GRCh38: rdf-scan heartbeat — 116,290,061 triples · 16,575,908,108 bytes read
  Partitioned compression: HG005_GRCh38: rdf-scan chunk — 116,731,388 triples · 31 chunks · 16,643,000,438 bytes read
  Partitioned compression: HG005_GRCh38: hdt-chunks started — 30 chunks · hdt-build-00030
  Partitioned compression: HG005_GRCh38: hdt-chunks complete — 31 chunks · hdt-build-00030
  Partitioned compression: HG005_GRCh38: cottas-chunks started — 30 chunks · cottas-build-00030
  Partitioned compression: HG005_GRCh38: cottas-chunks complete — 31 chunks · cottas-build-00030
  Partitioned compression: HG005_GRCh38: rdf-scan heartbeat — 116,731,498 triples · 16,643,017,043 bytes read
  Partitioned compression: HG005_GRCh38: rdf-scan heartbeat — 117,172,879 triples · 16,710,125,963 bytes read
  Partitioned compression: HG005_GRCh38: rdf-scan heartbeat — 117,614,297 triples · 16,777,234,910 bytes read
  Partitioned compression: HG005_GRCh38: rdf-scan heartbeat — 118,055,744 triples · 16,844,343,871 bytes read
  Partitioned compression: HG005_GRCh38: rdf-scan heartbeat — 118,497,157 triples · 16,911,452,816 bytes read
  Partitioned compression: HG005_GRCh38: rdf-scan heartbeat — 118,938,598 triples · 16,978,561,790 bytes read
  Partitioned compression: HG005_GRCh38: rdf-scan heartbeat — 119,380,030 triples · 17,045,670,739 bytes read
  Partitioned compression: HG005_GRCh38: rdf-scan heartbeat — 119,821,481 triples · 17,112,779,710 bytes read
  Partitioned compression: HG005_GRCh38: rdf-scan chunk — 120,262,862 triples · 32 chunks · 17,179,871,398 bytes read
  Partitioned compression: HG005_GRCh38: hdt-chunks started — 31 chunks · hdt-build-00031
  Partitioned compression: HG005_GRCh38: hdt-chunks complete — 32 chunks · hdt-build-00031
  Partitioned compression: HG005_GRCh38: cottas-chunks started — 31 chunks · cottas-build-00031
  Partitioned compression: HG005_GRCh38: cottas-chunks complete — 32 chunks · cottas-build-00031
  Partitioned compression: HG005_GRCh38: rdf-scan heartbeat — 120,262,975 triples · 17,179,888,577 bytes read
  Partitioned compression: HG005_GRCh38: rdf-scan heartbeat — 120,704,518 triples · 17,246,997,503 bytes read
  Partitioned compression: HG005_GRCh38: rdf-scan heartbeat — 121,145,983 triples · 17,314,106,473 bytes read
  Partitioned compression: HG005_GRCh38: rdf-scan heartbeat — 121,587,430 triples · 17,381,215,480 bytes read
  Partitioned compression: HG005_GRCh38: rdf-scan heartbeat — 122,028,830 triples · 17,448,324,423 bytes read
  Partitioned compression: HG005_GRCh38: rdf-scan heartbeat — 122,470,254 triples · 17,515,433,296 bytes read
  Partitioned compression: HG005_GRCh38: rdf-scan heartbeat — 122,911,690 triples · 17,582,542,291 bytes read
  Partitioned compression: HG005_GRCh38: rdf-scan heartbeat — 123,353,123 triples · 17,649,651,253 bytes read
  Partitioned compression: HG005_GRCh38: rdf-scan chunk — 123,794,422 triples · 33 chunks · 17,716,742,401 bytes read
  Partitioned compression: HG005_GRCh38: hdt-chunks started — 32 chunks · hdt-build-00032
  Partitioned compression: HG005_GRCh38: hdt-chunks complete — 33 chunks · hdt-build-00032
  Partitioned compression: HG005_GRCh38: cottas-chunks started — 32 chunks · cottas-build-00032
  Partitioned compression: HG005_GRCh38: cottas-chunks complete — 33 chunks · cottas-build-00032
  Partitioned compression: HG005_GRCh38: rdf-scan heartbeat — 123,794,539 triples · 17,716,760,188 bytes read
  Partitioned compression: HG005_GRCh38: rdf-scan heartbeat — 124,236,007 triples · 17,783,869,082 bytes read
  Partitioned compression: HG005_GRCh38: rdf-scan heartbeat — 124,677,419 triples · 17,850,977,983 bytes read
  Partitioned compression: HG005_GRCh38: rdf-scan heartbeat — 125,118,810 triples · 17,918,086,995 bytes read
  Partitioned compression: HG005_GRCh38: rdf-scan heartbeat — 125,560,224 triples · 17,985,195,917 bytes read
  Partitioned compression: HG005_GRCh38: rdf-scan heartbeat — 126,001,634 triples · 18,052,304,821 bytes read
  Partitioned compression: HG005_GRCh38: rdf-scan heartbeat — 126,443,028 triples · 18,119,413,697 bytes read
  Partitioned compression: HG005_GRCh38: rdf-scan heartbeat — 126,884,416 triples · 18,186,522,567 bytes read
  Partitioned compression: HG005_GRCh38: rdf-scan chunk — 127,325,675 triples · 34 chunks · 18,253,613,316 bytes read
  Partitioned compression: HG005_GRCh38: hdt-chunks started — 33 chunks · hdt-build-00033
  Partitioned compression: HG005_GRCh38: hdt-chunks complete — 34 chunks · hdt-build-00033
  Partitioned compression: HG005_GRCh38: cottas-chunks started — 33 chunks · cottas-build-00033
  Partitioned compression: HG005_GRCh38: cottas-chunks complete — 34 chunks · cottas-build-00033
  Partitioned compression: HG005_GRCh38: rdf-scan heartbeat — 127,325,795 triples · 18,253,631,575 bytes read
  Partitioned compression: HG005_GRCh38: rdf-scan heartbeat — 127,767,216 triples · 18,320,740,569 bytes read
  Partitioned compression: HG005_GRCh38: rdf-scan heartbeat — 128,208,580 triples · 18,387,849,475 bytes read
  Partitioned compression: HG005_GRCh38: rdf-scan heartbeat — 128,650,018 triples · 18,454,958,443 bytes read
  Partitioned compression: HG005_GRCh38: rdf-scan heartbeat — 129,091,358 triples · 18,522,067,365 bytes read
  Partitioned compression: HG005_GRCh38: rdf-scan heartbeat — 129,532,717 triples · 18,589,176,320 bytes read
  Partitioned compression: HG005_GRCh38: rdf-scan heartbeat — 129,974,134 triples · 18,656,285,242 bytes read
  Partitioned compression: HG005_GRCh38: rdf-scan heartbeat — 130,415,477 triples · 18,723,394,187 bytes read
  Partitioned compression: HG005_GRCh38: rdf-scan chunk — 130,856,745 triples · 35 chunks · 18,790,484,299 bytes read
  Partitioned compression: HG005_GRCh38: hdt-chunks started — 34 chunks · hdt-build-00034
  Partitioned compression: HG005_GRCh38: hdt-chunks complete — 35 chunks · hdt-build-00034
  Partitioned compression: HG005_GRCh38: cottas-chunks started — 34 chunks · cottas-build-00034
  Partitioned compression: HG005_GRCh38: cottas-chunks complete — 35 chunks · cottas-build-00034
  Partitioned compression: HG005_GRCh38: rdf-scan heartbeat — 130,856,868 triples · 18,790,503,096 bytes read
  Partitioned compression: HG005_GRCh38: rdf-scan heartbeat — 131,298,269 triples · 18,857,611,963 bytes read
  Partitioned compression: HG005_GRCh38: rdf-scan heartbeat — 131,739,678 triples · 18,924,720,963 bytes read
  Partitioned compression: HG005_GRCh38: rdf-scan heartbeat — 132,181,116 triples · 18,991,829,837 bytes read
  Partitioned compression: HG005_GRCh38: rdf-scan heartbeat — 132,622,474 triples · 19,058,938,788 bytes read
  Partitioned compression: HG005_GRCh38: rdf-scan heartbeat — 133,063,843 triples · 19,126,047,770 bytes read
  Partitioned compression: HG005_GRCh38: rdf-scan heartbeat — 133,505,222 triples · 19,193,156,669 bytes read
  Partitioned compression: HG005_GRCh38: rdf-scan heartbeat — 133,946,586 triples · 19,260,265,602 bytes read
  Partitioned compression: HG005_GRCh38: rdf-scan chunk — 134,387,881 triples · 36 chunks · 19,327,355,291 bytes read
  Partitioned compression: HG005_GRCh38: hdt-chunks started — 35 chunks · hdt-build-00035
  Partitioned compression: HG005_GRCh38: hdt-chunks complete — 36 chunks · hdt-build-00035
  Partitioned compression: HG005_GRCh38: cottas-chunks started — 35 chunks · cottas-build-00035
  Partitioned compression: HG005_GRCh38: cottas-chunks complete — 36 chunks · cottas-build-00035
  Partitioned compression: HG005_GRCh38: rdf-scan heartbeat — 134,388,007 triples · 19,327,374,587 bytes read
  Partitioned compression: HG005_GRCh38: rdf-scan heartbeat — 134,829,383 triples · 19,394,483,530 bytes read
  Partitioned compression: HG005_GRCh38: rdf-scan heartbeat — 135,270,750 triples · 19,461,592,484 bytes read
  Partitioned compression: HG005_GRCh38: rdf-scan heartbeat — 135,712,218 triples · 19,528,701,462 bytes read
  Partitioned compression: HG005_GRCh38: rdf-scan heartbeat — 136,153,614 triples · 19,595,810,340 bytes read
  Partitioned compression: HG005_GRCh38: rdf-scan heartbeat — 136,595,011 triples · 19,662,919,345 bytes read
  Partitioned compression: HG005_GRCh38: rdf-scan heartbeat — 137,036,469 triples · 19,730,028,349 bytes read
  Partitioned compression: HG005_GRCh38: rdf-scan heartbeat — 137,477,941 triples · 19,797,137,378 bytes read
  Partitioned compression: HG005_GRCh38: rdf-scan chunk — 137,919,266 triples · 37 chunks · 19,864,226,243 bytes read
  Partitioned compression: HG005_GRCh38: hdt-chunks started — 36 chunks · hdt-build-00036
  Partitioned compression: HG005_GRCh38: hdt-chunks complete — 37 chunks · hdt-build-00036
  Partitioned compression: HG005_GRCh38: cottas-chunks started — 36 chunks · cottas-build-00036
  Partitioned compression: HG005_GRCh38: cottas-chunks complete — 37 chunks · cottas-build-00036
  Partitioned compression: HG005_GRCh38: rdf-scan heartbeat — 137,919,398 triples · 19,864,246,330 bytes read
  Partitioned compression: HG005_GRCh38: rdf-scan heartbeat — 138,360,850 triples · 19,931,355,301 bytes read
  Partitioned compression: HG005_GRCh38: rdf-scan heartbeat — 138,802,260 triples · 19,998,464,304 bytes read
  Partitioned compression: HG005_GRCh38: rdf-scan heartbeat — 139,243,674 triples · 20,065,573,288 bytes read
  Partitioned compression: HG005_GRCh38: rdf-scan heartbeat — 139,685,069 triples · 20,132,682,193 bytes read
  Partitioned compression: HG005_GRCh38: rdf-scan heartbeat — 140,126,506 triples · 20,199,791,110 bytes read
  Partitioned compression: HG005_GRCh38: rdf-scan heartbeat — 140,567,947 triples · 20,266,899,990 bytes read
  Partitioned compression: HG005_GRCh38: rdf-scan heartbeat — 141,010,282 triples · 20,334,008,913 bytes read
  Partitioned compression: HG005_GRCh38: rdf-scan chunk — 141,452,441 triples · 38 chunks · 20,401,097,185 bytes read
  Partitioned compression: HG005_GRCh38: hdt-chunks started — 37 chunks · hdt-build-00037
  Partitioned compression: HG005_GRCh38: hdt-chunks complete — 38 chunks · hdt-build-00037
  Partitioned compression: HG005_GRCh38: cottas-chunks started — 37 chunks · cottas-build-00037
  Partitioned compression: HG005_GRCh38: cottas-chunks complete — 38 chunks · cottas-build-00037
  Partitioned compression: HG005_GRCh38: rdf-scan heartbeat — 141,452,577 triples · 20,401,117,816 bytes read
  Partitioned compression: HG005_GRCh38: rdf-scan heartbeat — 141,894,502 triples · 20,468,226,819 bytes read
  Partitioned compression: HG005_GRCh38: rdf-scan heartbeat — 142,335,863 triples · 20,535,335,776 bytes read
  Partitioned compression: HG005_GRCh38: rdf-scan heartbeat — 142,777,265 triples · 20,602,444,761 bytes read
  Partitioned compression: HG005_GRCh38: rdf-scan heartbeat — 143,218,628 triples · 20,669,553,627 bytes read
  Partitioned compression: HG005_GRCh38: rdf-scan heartbeat — 143,660,057 triples · 20,736,662,507 bytes read
  Partitioned compression: HG005_GRCh38: rdf-scan heartbeat — 144,101,462 triples · 20,803,771,483 bytes read
  Partitioned compression: HG005_GRCh38: rdf-scan heartbeat — 144,542,896 triples · 20,870,880,440 bytes read
  Partitioned compression: HG005_GRCh38: rdf-scan chunk — 144,984,184 triples · 39 chunks · 20,937,968,141 bytes read
  Partitioned compression: HG005_GRCh38: hdt-chunks started — 38 chunks · hdt-build-00038
  Partitioned compression: HG005_GRCh38: hdt-chunks complete — 39 chunks · hdt-build-00038
  Partitioned compression: HG005_GRCh38: cottas-chunks started — 38 chunks · cottas-build-00038
  Partitioned compression: HG005_GRCh38: cottas-chunks complete — 39 chunks · cottas-build-00038
  Partitioned compression: HG005_GRCh38: rdf-scan heartbeat — 144,984,324 triples · 20,937,989,388 bytes read
  Partitioned compression: HG005_GRCh38: rdf-scan heartbeat — 145,425,770 triples · 21,005,098,392 bytes read
  Partitioned compression: HG005_GRCh38: rdf-scan heartbeat — 145,867,192 triples · 21,072,207,402 bytes read
  Partitioned compression: HG005_GRCh38: rdf-scan heartbeat — 146,308,585 triples · 21,139,316,374 bytes read
  Partitioned compression: HG005_GRCh38: rdf-scan heartbeat — 146,750,002 triples · 21,206,425,318 bytes read
  Partitioned compression: HG005_GRCh38: rdf-scan heartbeat — 147,191,395 triples · 21,273,534,246 bytes read
  Partitioned compression: HG005_GRCh38: rdf-scan heartbeat — 147,632,764 triples · 21,340,643,214 bytes read
  Partitioned compression: HG005_GRCh38: rdf-scan heartbeat — 148,074,165 triples · 21,407,752,149 bytes read
  Partitioned compression: HG005_GRCh38: rdf-scan chunk — 148,515,409 triples · 40 chunks · 21,474,839,056 bytes read
  Partitioned compression: HG005_GRCh38: hdt-chunks started — 39 chunks · hdt-build-00039
  Partitioned compression: HG005_GRCh38: hdt-chunks complete — 40 chunks · hdt-build-00039
  Partitioned compression: HG005_GRCh38: cottas-chunks started — 39 chunks · cottas-build-00039
  Partitioned compression: HG005_GRCh38: cottas-chunks complete — 40 chunks · cottas-build-00039
  Partitioned compression: HG005_GRCh38: rdf-scan heartbeat — 148,515,554 triples · 21,474,861,157 bytes read
  Partitioned compression: HG005_GRCh38: rdf-scan heartbeat — 148,956,957 triples · 21,541,970,170 bytes read
  Partitioned compression: HG005_GRCh38: rdf-scan heartbeat — 149,398,342 triples · 21,609,079,077 bytes read
  Partitioned compression: HG005_GRCh38: rdf-scan heartbeat — 149,839,731 triples · 21,676,187,984 bytes read
  Partitioned compression: HG005_GRCh38: rdf-scan heartbeat — 150,281,099 triples · 21,743,296,943 bytes read
  Partitioned compression: HG005_GRCh38: rdf-scan heartbeat — 150,722,534 triples · 21,810,405,886 bytes read
  Partitioned compression: HG005_GRCh38: rdf-scan heartbeat — 151,163,961 triples · 21,877,514,803 bytes read
  Partitioned compression: HG005_GRCh38: rdf-scan heartbeat — 151,605,383 triples · 21,944,623,709 bytes read
  Partitioned compression: HG005_GRCh38: rdf-scan chunk — 152,046,596 triples · 41 chunks · 22,011,710,105 bytes read
  Partitioned compression: HG005_GRCh38: hdt-chunks started — 40 chunks · hdt-build-00040
  Partitioned compression: HG005_GRCh38: hdt-chunks complete — 41 chunks · hdt-build-00040
  Partitioned compression: HG005_GRCh38: cottas-chunks started — 40 chunks · cottas-build-00040
  Partitioned compression: HG005_GRCh38: cottas-chunks complete — 41 chunks · cottas-build-00040
  Partitioned compression: HG005_GRCh38: rdf-scan heartbeat — 152,046,744 triples · 22,011,732,594 bytes read
  Partitioned compression: HG005_GRCh38: rdf-scan heartbeat — 152,488,089 triples · 22,078,841,484 bytes read
  Partitioned compression: HG005_GRCh38: rdf-scan heartbeat — 152,929,477 triples · 22,145,950,495 bytes read
  Partitioned compression: HG005_GRCh38: rdf-scan heartbeat — 153,370,888 triples · 22,213,059,510 bytes read
  Partitioned compression: HG005_GRCh38: rdf-scan heartbeat — 153,812,269 triples · 22,280,168,456 bytes read
  Partitioned compression: HG005_GRCh38: rdf-scan heartbeat — 154,253,692 triples · 22,347,277,387 bytes read
  Partitioned compression: HG005_GRCh38: rdf-scan heartbeat — 154,695,150 triples · 22,414,386,265 bytes read
  Partitioned compression: HG005_GRCh38: rdf-scan heartbeat — 155,136,622 triples · 22,481,495,259 bytes read
  Partitioned compression: HG005_GRCh38: rdf-scan chunk — 155,577,935 triples · 42 chunks · 22,548,581,153 bytes read
  Partitioned compression: HG005_GRCh38: hdt-chunks started — 41 chunks · hdt-build-00041
  Partitioned compression: HG005_GRCh38: hdt-chunks complete — 42 chunks · hdt-build-00041
  Partitioned compression: HG005_GRCh38: cottas-chunks started — 41 chunks · cottas-build-00041
  Partitioned compression: HG005_GRCh38: cottas-chunks complete — 42 chunks · cottas-build-00041
  Partitioned compression: HG005_GRCh38: rdf-scan heartbeat — 155,578,087 triples · 22,548,604,281 bytes read
  Partitioned compression: HG005_GRCh38: rdf-scan heartbeat — 156,019,523 triples · 22,615,713,175 bytes read
  Partitioned compression: HG005_GRCh38: rdf-scan heartbeat — 156,461,057 triples · 22,682,822,093 bytes read
  Partitioned compression: HG005_GRCh38: rdf-scan heartbeat — 156,902,490 triples · 22,749,930,990 bytes read
  Partitioned compression: HG005_GRCh38: rdf-scan heartbeat — 157,343,927 triples · 22,817,039,956 bytes read
  Partitioned compression: HG005_GRCh38: rdf-scan heartbeat — 157,785,317 triples · 22,884,148,872 bytes read
  Partitioned compression: HG005_GRCh38: rdf-scan heartbeat — 158,226,729 triples · 22,951,257,856 bytes read
  Partitioned compression: HG005_GRCh38: rdf-scan heartbeat — 158,668,140 triples · 23,018,366,832 bytes read
  Partitioned compression: HG005_GRCh38: rdf-scan chunk — 159,109,403 triples · 43 chunks · 23,085,452,066 bytes read
  Partitioned compression: HG005_GRCh38: hdt-chunks started — 42 chunks · hdt-build-00042
  Partitioned compression: HG005_GRCh38: hdt-chunks complete — 43 chunks · hdt-build-00042
  Partitioned compression: HG005_GRCh38: cottas-chunks started — 42 chunks · cottas-build-00042
  Partitioned compression: HG005_GRCh38: cottas-chunks complete — 43 chunks · cottas-build-00042
  Partitioned compression: HG005_GRCh38: rdf-scan heartbeat — 159,109,559 triples · 23,085,475,797 bytes read
  Partitioned compression: HG005_GRCh38: rdf-scan heartbeat — 159,550,987 triples · 23,152,584,685 bytes read
  Partitioned compression: HG005_GRCh38: rdf-scan heartbeat — 159,992,388 triples · 23,219,693,599 bytes read
  Partitioned compression: HG005_GRCh38: rdf-scan heartbeat — 160,433,788 triples · 23,286,802,581 bytes read
  Partitioned compression: HG005_GRCh38: rdf-scan heartbeat — 160,875,179 triples · 23,353,911,467 bytes read
  Partitioned compression: HG005_GRCh38: rdf-scan heartbeat — 161,316,609 triples · 23,421,020,432 bytes read
  Partitioned compression: HG005_GRCh38: rdf-scan heartbeat — 161,758,051 triples · 23,488,129,424 bytes read
  Partitioned compression: HG005_GRCh38: rdf-scan heartbeat — 162,199,544 triples · 23,555,238,432 bytes read
  Partitioned compression: HG005_GRCh38: rdf-scan chunk — 162,640,855 triples · 44 chunks · 23,622,323,072 bytes read
  Partitioned compression: HG005_GRCh38: hdt-chunks started — 43 chunks · hdt-build-00043
  Partitioned compression: HG005_GRCh38: hdt-chunks complete — 44 chunks · hdt-build-00043
  Partitioned compression: HG005_GRCh38: cottas-chunks started — 43 chunks · cottas-build-00043
  Partitioned compression: HG005_GRCh38: cottas-chunks complete — 44 chunks · cottas-build-00043
  Partitioned compression: HG005_GRCh38: rdf-scan heartbeat — 162,641,015 triples · 23,622,347,357 bytes read
  Partitioned compression: HG005_GRCh38: rdf-scan heartbeat — 163,082,467 triples · 23,689,456,268 bytes read
  Partitioned compression: HG005_GRCh38: rdf-scan heartbeat — 163,523,957 triples · 23,756,565,254 bytes read
  Partitioned compression: HG005_GRCh38: rdf-scan heartbeat — 163,965,353 triples · 23,823,674,142 bytes read
  Partitioned compression: HG005_GRCh38: rdf-scan heartbeat — 164,406,730 triples · 23,890,783,070 bytes read
  Partitioned compression: HG005_GRCh38: rdf-scan heartbeat — 164,848,151 triples · 23,957,891,964 bytes read
  Partitioned compression: HG005_GRCh38: rdf-scan heartbeat — 165,289,519 triples · 24,025,000,858 bytes read
  Partitioned compression: HG005_GRCh38: rdf-scan heartbeat — 165,730,932 triples · 24,092,109,770 bytes read
  Partitioned compression: HG005_GRCh38: rdf-scan chunk — 166,172,204 triples · 45 chunks · 24,159,194,062 bytes read
  Partitioned compression: HG005_GRCh38: hdt-chunks started — 44 chunks · hdt-build-00044
  Partitioned compression: HG005_GRCh38: hdt-chunks complete — 45 chunks · hdt-build-00044
  Partitioned compression: HG005_GRCh38: cottas-chunks started — 44 chunks · cottas-build-00044
  Partitioned compression: HG005_GRCh38: cottas-chunks complete — 45 chunks · cottas-build-00044
  Partitioned compression: HG005_GRCh38: rdf-scan heartbeat — 166,172,366 triples · 24,159,218,782 bytes read
  Partitioned compression: HG005_GRCh38: rdf-scan heartbeat — 166,613,771 triples · 24,226,327,782 bytes read
  Partitioned compression: HG005_GRCh38: rdf-scan heartbeat — 167,055,149 triples · 24,293,436,748 bytes read
  Partitioned compression: HG005_GRCh38: rdf-scan heartbeat — 167,496,547 triples · 24,360,545,704 bytes read
  Partitioned compression: HG005_GRCh38: rdf-scan heartbeat — 167,937,935 triples · 24,427,654,680 bytes read
  Partitioned compression: HG005_GRCh38: rdf-scan heartbeat — 168,379,341 triples · 24,494,763,639 bytes read
  Partitioned compression: HG005_GRCh38: rdf-scan heartbeat — 168,820,768 triples · 24,561,872,511 bytes read
  Partitioned compression: HG005_GRCh38: rdf-scan heartbeat — 169,262,180 triples · 24,628,981,418 bytes read
  Partitioned compression: HG005_GRCh38: rdf-scan chunk — 169,703,432 triples · 46 chunks · 24,696,065,012 bytes read
  Partitioned compression: HG005_GRCh38: hdt-chunks started — 45 chunks · hdt-build-00045
  Partitioned compression: HG005_GRCh38: hdt-chunks complete — 46 chunks · hdt-build-00045
  Partitioned compression: HG005_GRCh38: cottas-chunks started — 45 chunks · cottas-build-00045
  Partitioned compression: HG005_GRCh38: cottas-chunks complete — 46 chunks · cottas-build-00045
  Partitioned compression: HG005_GRCh38: rdf-scan heartbeat — 169,703,598 triples · 24,696,090,294 bytes read
  Partitioned compression: HG005_GRCh38: rdf-scan heartbeat — 170,145,061 triples · 24,763,199,187 bytes read
  Partitioned compression: HG005_GRCh38: rdf-scan heartbeat — 170,586,533 triples · 24,830,308,076 bytes read
  Partitioned compression: HG005_GRCh38: rdf-scan heartbeat — 171,027,996 triples · 24,897,416,999 bytes read
  Partitioned compression: HG005_GRCh38: rdf-scan heartbeat — 171,469,480 triples · 24,964,525,907 bytes read
  Partitioned compression: HG005_GRCh38: rdf-scan heartbeat — 171,910,980 triples · 25,031,634,917 bytes read
  Partitioned compression: HG005_GRCh38: rdf-scan heartbeat — 172,352,516 triples · 25,098,743,899 bytes read
  Partitioned compression: HG005_GRCh38: rdf-scan heartbeat — 172,794,065 triples · 25,165,852,772 bytes read
  Partitioned compression: HG005_GRCh38: rdf-scan chunk — 173,235,376 triples · 47 chunks · 25,232,935,957 bytes read
  Partitioned compression: HG005_GRCh38: hdt-chunks started — 46 chunks · hdt-build-00046
  Partitioned compression: HG005_GRCh38: hdt-chunks complete — 47 chunks · hdt-build-00046
  Partitioned compression: HG005_GRCh38: cottas-chunks started — 46 chunks · cottas-build-00046
  Partitioned compression: HG005_GRCh38: cottas-chunks complete — 47 chunks · cottas-build-00046
  Partitioned compression: HG005_GRCh38: rdf-scan heartbeat — 173,235,546 triples · 25,232,961,712 bytes read
  Partitioned compression: HG005_GRCh38: rdf-scan heartbeat — 173,677,055 triples · 25,300,070,647 bytes read
  Partitioned compression: HG005_GRCh38: rdf-scan heartbeat — 174,118,534 triples · 25,367,179,546 bytes read
  Partitioned compression: HG005_GRCh38: rdf-scan heartbeat — 174,559,963 triples · 25,434,288,462 bytes read
  Partitioned compression: HG005_GRCh38: rdf-scan heartbeat — 175,001,438 triples · 25,501,397,457 bytes read
  Partitioned compression: HG005_GRCh38: rdf-scan heartbeat — 175,442,886 triples · 25,568,506,444 bytes read
  Partitioned compression: HG005_GRCh38: rdf-scan heartbeat — 175,884,316 triples · 25,635,615,319 bytes read
  Partitioned compression: HG005_GRCh38: rdf-scan heartbeat — 176,325,745 triples · 25,702,724,348 bytes read
  Partitioned compression: HG005_GRCh38: rdf-scan chunk — 176,766,980 triples · 48 chunks · 25,769,806,945 bytes read
  Partitioned compression: HG005_GRCh38: hdt-chunks started — 47 chunks · hdt-build-00047
  Partitioned compression: HG005_GRCh38: hdt-chunks complete — 48 chunks · hdt-build-00047
  Partitioned compression: HG005_GRCh38: cottas-chunks started — 47 chunks · cottas-build-00047
  Partitioned compression: HG005_GRCh38: cottas-chunks complete — 48 chunks · cottas-build-00047
  Partitioned compression: HG005_GRCh38: rdf-scan heartbeat — 176,767,153 triples · 25,769,833,334 bytes read
  Partitioned compression: HG005_GRCh38: rdf-scan heartbeat — 177,208,584 triples · 25,836,942,305 bytes read
  Partitioned compression: HG005_GRCh38: rdf-scan heartbeat — 177,650,007 triples · 25,904,051,322 bytes read
  Partitioned compression: HG005_GRCh38: rdf-scan heartbeat — 178,091,412 triples · 25,971,160,237 bytes read
  Partitioned compression: HG005_GRCh38: rdf-scan heartbeat — 178,532,780 triples · 26,038,269,120 bytes read
  Partitioned compression: HG005_GRCh38: rdf-scan heartbeat — 178,974,166 triples · 26,105,378,053 bytes read
  Partitioned compression: HG005_GRCh38: rdf-scan heartbeat — 179,415,521 triples · 26,172,487,022 bytes read
  Partitioned compression: HG005_GRCh38: rdf-scan heartbeat — 179,856,896 triples · 26,239,596,033 bytes read
  Partitioned compression: HG005_GRCh38: rdf-scan chunk — 180,298,117 triples · 49 chunks · 26,306,678,002 bytes read
  Partitioned compression: HG005_GRCh38: hdt-chunks started — 48 chunks · hdt-build-00048
  Partitioned compression: HG005_GRCh38: hdt-chunks complete — 49 chunks · hdt-build-00048
  Partitioned compression: HG005_GRCh38: cottas-chunks started — 48 chunks · cottas-build-00048
  Partitioned compression: HG005_GRCh38: cottas-chunks complete — 49 chunks · cottas-build-00048
  Partitioned compression: HG005_GRCh38: rdf-scan heartbeat — 180,298,295 triples · 26,306,705,034 bytes read
  Partitioned compression: HG005_GRCh38: rdf-scan heartbeat — 180,739,676 triples · 26,373,813,968 bytes read
  Partitioned compression: HG005_GRCh38: rdf-scan heartbeat — 181,181,103 triples · 26,440,922,944 bytes read
  Partitioned compression: HG005_GRCh38: rdf-scan heartbeat — 181,622,488 triples · 26,508,031,876 bytes read
  Partitioned compression: HG005_GRCh38: rdf-scan heartbeat — 182,063,852 triples · 26,575,140,817 bytes read
  Partitioned compression: HG005_GRCh38: rdf-scan heartbeat — 182,505,240 triples · 26,642,249,799 bytes read
  Partitioned compression: HG005_GRCh38: rdf-scan heartbeat — 182,946,605 triples · 26,709,358,826 bytes read
  Partitioned compression: HG005_GRCh38: rdf-scan heartbeat — 183,387,999 triples · 26,776,467,769 bytes read
  Partitioned compression: HG005_GRCh38: rdf-scan chunk — 183,829,217 triples · 50 chunks · 26,843,548,922 bytes read
  Partitioned compression: HG005_GRCh38: hdt-chunks started — 49 chunks · hdt-build-00049
  Partitioned compression: HG005_GRCh38: hdt-chunks complete — 50 chunks · hdt-build-00049
  Partitioned compression: HG005_GRCh38: cottas-chunks started — 49 chunks · cottas-build-00049
  Partitioned compression: HG005_GRCh38: cottas-chunks complete — 50 chunks · cottas-build-00049
  Partitioned compression: HG005_GRCh38: rdf-scan heartbeat — 183,829,400 triples · 26,843,576,702 bytes read
  Partitioned compression: HG005_GRCh38: rdf-scan heartbeat — 184,270,788 triples · 26,910,685,593 bytes read
  Partitioned compression: HG005_GRCh38: rdf-scan heartbeat — 184,712,200 triples · 26,977,794,535 bytes read
  Partitioned compression: HG005_GRCh38: rdf-scan heartbeat — 185,153,612 triples · 27,044,903,552 bytes read
  Partitioned compression: HG005_GRCh38: rdf-scan heartbeat — 185,595,080 triples · 27,112,012,540 bytes read
  Partitioned compression: HG005_GRCh38: rdf-scan heartbeat — 186,036,549 triples · 27,179,121,442 bytes read
  Partitioned compression: HG005_GRCh38: rdf-scan heartbeat — 186,478,088 triples · 27,246,230,433 bytes read
  Partitioned compression: HG005_GRCh38: rdf-scan heartbeat — 186,919,528 triples · 27,313,339,384 bytes read
  Partitioned compression: HG005_GRCh38: rdf-scan chunk — 187,360,777 triples · 51 chunks · 27,380,419,841 bytes read
  Partitioned compression: HG005_GRCh38: hdt-chunks started — 50 chunks · hdt-build-00050
  Partitioned compression: HG005_GRCh38: hdt-chunks complete — 51 chunks · hdt-build-00050
  Partitioned compression: HG005_GRCh38: cottas-chunks started — 50 chunks · cottas-build-00050
  Partitioned compression: HG005_GRCh38: cottas-chunks complete — 51 chunks · cottas-build-00050
  Partitioned compression: HG005_GRCh38: rdf-scan heartbeat — 187,360,964 triples · 27,380,448,334 bytes read
  Partitioned compression: HG005_GRCh38: rdf-scan heartbeat — 187,802,416 triples · 27,447,557,206 bytes read
  Partitioned compression: HG005_GRCh38: rdf-scan heartbeat — 188,243,885 triples · 27,514,666,196 bytes read
  Partitioned compression: HG005_GRCh38: rdf-scan heartbeat — 188,685,335 triples · 27,581,775,072 bytes read
  Partitioned compression: HG005_GRCh38: rdf-scan heartbeat — 189,126,736 triples · 27,648,883,960 bytes read
  Partitioned compression: HG005_GRCh38: rdf-scan heartbeat — 189,568,141 triples · 27,715,992,972 bytes read
  Partitioned compression: HG005_GRCh38: rdf-scan heartbeat — 190,009,554 triples · 27,783,101,906 bytes read
  Partitioned compression: HG005_GRCh38: rdf-scan heartbeat — 190,450,992 triples · 27,850,210,881 bytes read
  Partitioned compression: HG005_GRCh38: rdf-scan chunk — 190,892,203 triples · 52 chunks · 27,917,290,847 bytes read
  Partitioned compression: HG005_GRCh38: hdt-chunks started — 51 chunks · hdt-build-00051
  Partitioned compression: HG005_GRCh38: hdt-chunks complete — 52 chunks · hdt-build-00051
  Partitioned compression: HG005_GRCh38: cottas-chunks started — 51 chunks · cottas-build-00051
  Partitioned compression: HG005_GRCh38: cottas-chunks complete — 52 chunks · cottas-build-00051
  Partitioned compression: HG005_GRCh38: rdf-scan heartbeat — 190,892,393 triples · 27,917,319,892 bytes read
  Partitioned compression: HG005_GRCh38: rdf-scan heartbeat — 191,333,950 triples · 27,984,428,917 bytes read
  Partitioned compression: HG005_GRCh38: rdf-scan heartbeat — 191,775,343 triples · 28,051,537,849 bytes read
  Partitioned compression: HG005_GRCh38: rdf-scan heartbeat — 192,216,757 triples · 28,118,646,835 bytes read
  Partitioned compression: HG005_GRCh38: rdf-scan heartbeat — 192,658,171 triples · 28,185,755,739 bytes read
  Partitioned compression: HG005_GRCh38: rdf-scan heartbeat — 193,099,605 triples · 28,252,864,649 bytes read
  Partitioned compression: HG005_GRCh38: rdf-scan heartbeat — 193,540,988 triples · 28,319,973,569 bytes read
  Partitioned compression: HG005_GRCh38: rdf-scan heartbeat — 193,982,400 triples · 28,387,082,455 bytes read
  Partitioned compression: HG005_GRCh38: rdf-scan chunk — 194,423,597 triples · 53 chunks · 28,454,161,799 bytes read
  Partitioned compression: HG005_GRCh38: hdt-chunks started — 52 chunks · hdt-build-00052
  Partitioned compression: HG005_GRCh38: hdt-chunks complete — 53 chunks · hdt-build-00052
  Partitioned compression: HG005_GRCh38: cottas-chunks started — 52 chunks · cottas-build-00052
  Partitioned compression: HG005_GRCh38: cottas-chunks complete — 53 chunks · cottas-build-00052
  Partitioned compression: HG005_GRCh38: rdf-scan heartbeat — 194,423,791 triples · 28,454,191,333 bytes read
  Partitioned compression: HG005_GRCh38: rdf-scan heartbeat — 194,865,221 triples · 28,521,300,294 bytes read
  Partitioned compression: HG005_GRCh38: rdf-scan heartbeat — 195,306,609 triples · 28,588,409,223 bytes read
  Partitioned compression: HG005_GRCh38: rdf-scan heartbeat — 195,747,994 triples · 28,655,518,137 bytes read
  Partitioned compression: HG005_GRCh38: rdf-scan heartbeat — 196,189,370 triples · 28,722,627,087 bytes read
  Partitioned compression: HG005_GRCh38: rdf-scan heartbeat — 196,630,766 triples · 28,789,736,103 bytes read
  Partitioned compression: HG005_GRCh38: rdf-scan heartbeat — 197,072,197 triples · 28,856,845,061 bytes read
  Partitioned compression: HG005_GRCh38: rdf-scan heartbeat — 197,513,644 triples · 28,923,953,974 bytes read
  Partitioned compression: HG005_GRCh38: rdf-scan chunk — 197,954,890 triples · 54 chunks · 28,991,032,802 bytes read
  Partitioned compression: HG005_GRCh38: hdt-chunks started — 53 chunks · hdt-build-00053
  Partitioned compression: HG005_GRCh38: hdt-chunks complete — 54 chunks · hdt-build-00053
  Partitioned compression: HG005_GRCh38: cottas-chunks started — 53 chunks · cottas-build-00053
  Partitioned compression: HG005_GRCh38: cottas-chunks complete — 54 chunks · cottas-build-00053
  Partitioned compression: HG005_GRCh38: rdf-scan heartbeat — 197,955,088 triples · 28,991,062,868 bytes read
  Partitioned compression: HG005_GRCh38: rdf-scan heartbeat — 198,396,565 triples · 29,058,171,830 bytes read
  Partitioned compression: HG005_GRCh38: rdf-scan heartbeat — 198,838,028 triples · 29,125,280,845 bytes read
  Partitioned compression: HG005_GRCh38: rdf-scan heartbeat — 199,279,455 triples · 29,192,389,763 bytes read
  Partitioned compression: HG005_GRCh38: rdf-scan heartbeat — 199,720,902 triples · 29,259,498,695 bytes read
  Partitioned compression: HG005_GRCh38: rdf-scan heartbeat — 200,162,321 triples · 29,326,607,626 bytes read
  Partitioned compression: HG005_GRCh38: rdf-scan heartbeat — 200,603,713 triples · 29,393,716,567 bytes read
  Partitioned compression: HG005_GRCh38: rdf-scan heartbeat — 201,045,131 triples · 29,460,825,582 bytes read
  Partitioned compression: HG005_GRCh38: rdf-scan chunk — 201,486,357 triples · 55 chunks · 29,527,903,836 bytes read
  Partitioned compression: HG005_GRCh38: hdt-chunks started — 54 chunks · hdt-build-00054
  Partitioned compression: HG005_GRCh38: hdt-chunks complete — 55 chunks · hdt-build-00054
  Partitioned compression: HG005_GRCh38: cottas-chunks started — 54 chunks · cottas-build-00054
  Partitioned compression: HG005_GRCh38: cottas-chunks complete — 55 chunks · cottas-build-00054
  Partitioned compression: HG005_GRCh38: rdf-scan heartbeat — 201,486,558 triples · 29,527,934,474 bytes read
  Partitioned compression: HG005_GRCh38: rdf-scan heartbeat — 201,927,967 triples · 29,595,043,385 bytes read
  Partitioned compression: HG005_GRCh38: rdf-scan heartbeat — 202,369,422 triples · 29,662,152,390 bytes read
  Partitioned compression: HG005_GRCh38: rdf-scan heartbeat — 202,810,912 triples · 29,729,261,356 bytes read
  Partitioned compression: HG005_GRCh38: rdf-scan heartbeat — 203,252,406 triples · 29,796,370,229 bytes read
  Partitioned compression: HG005_GRCh38: rdf-scan heartbeat — 203,693,904 triples · 29,863,479,233 bytes read
  Partitioned compression: HG005_GRCh38: rdf-scan heartbeat — 204,135,419 triples · 29,930,588,141 bytes read
  Partitioned compression: HG005_GRCh38: rdf-scan heartbeat — 204,576,839 triples · 29,997,697,110 bytes read
  Partitioned compression: HG005_GRCh38: rdf-scan chunk — 205,018,050 triples · 56 chunks · 30,064,774,898 bytes read
  Partitioned compression: HG005_GRCh38: hdt-chunks started — 55 chunks · hdt-build-00055
  Partitioned compression: HG005_GRCh38: hdt-chunks complete — 56 chunks · hdt-build-00055
  Partitioned compression: HG005_GRCh38: cottas-chunks started — 55 chunks · cottas-build-00055
  Partitioned compression: HG005_GRCh38: cottas-chunks complete — 56 chunks · cottas-build-00055
  Partitioned compression: HG005_GRCh38: rdf-scan heartbeat — 205,018,255 triples · 30,064,806,048 bytes read
  Partitioned compression: HG005_GRCh38: rdf-scan heartbeat — 205,459,656 triples · 30,131,914,977 bytes read
  Partitioned compression: HG005_GRCh38: rdf-scan heartbeat — 205,901,040 triples · 30,199,023,938 bytes read
  Partitioned compression: HG005_GRCh38: rdf-scan heartbeat — 206,342,500 triples · 30,266,132,953 bytes read
  Partitioned compression: HG005_GRCh38: rdf-scan heartbeat — 206,783,916 triples · 30,333,241,885 bytes read
  Partitioned compression: HG005_GRCh38: rdf-scan heartbeat — 207,225,272 triples · 30,400,350,780 bytes read
  Partitioned compression: HG005_GRCh38: rdf-scan heartbeat — 207,666,692 triples · 30,467,459,649 bytes read
  Partitioned compression: HG005_GRCh38: rdf-scan heartbeat — 208,108,127 triples · 30,534,568,652 bytes read
  Partitioned compression: HG005_GRCh38: rdf-scan chunk — 208,549,312 triples · 57 chunks · 30,601,645,814 bytes read
  Partitioned compression: HG005_GRCh38: hdt-chunks started — 56 chunks · hdt-build-00056
  Partitioned compression: HG005_GRCh38: hdt-chunks complete — 57 chunks · hdt-build-00056
  Partitioned compression: HG005_GRCh38: cottas-chunks started — 56 chunks · cottas-build-00056
  Partitioned compression: HG005_GRCh38: cottas-chunks complete — 57 chunks · cottas-build-00056
  Partitioned compression: HG005_GRCh38: rdf-scan heartbeat — 208,549,521 triples · 30,601,677,580 bytes read
  Partitioned compression: HG005_GRCh38: rdf-scan heartbeat — 208,990,895 triples · 30,668,786,479 bytes read
  Partitioned compression: HG005_GRCh38: rdf-scan heartbeat — 209,432,284 triples · 30,735,895,402 bytes read
  Partitioned compression: HG005_GRCh38: rdf-scan heartbeat — 209,873,699 triples · 30,803,004,396 bytes read
  Partitioned compression: HG005_GRCh38: rdf-scan heartbeat — 210,315,160 triples · 30,870,113,277 bytes read
  Partitioned compression: HG005_GRCh38: rdf-scan heartbeat — 210,756,603 triples · 30,937,222,243 bytes read
  Partitioned compression: HG005_GRCh38: rdf-scan heartbeat — 211,198,056 triples · 31,004,331,267 bytes read
  Partitioned compression: HG005_GRCh38: rdf-scan heartbeat — 211,639,543 triples · 31,071,440,156 bytes read
  Partitioned compression: HG005_GRCh38: rdf-scan chunk — 212,080,831 triples · 58 chunks · 31,138,516,863 bytes read
  Partitioned compression: HG005_GRCh38: hdt-chunks started — 57 chunks · hdt-build-00057
  Partitioned compression: HG005_GRCh38: hdt-chunks complete — 58 chunks · hdt-build-00057
  Partitioned compression: HG005_GRCh38: cottas-chunks started — 57 chunks · cottas-build-00057
  Partitioned compression: HG005_GRCh38: cottas-chunks complete — 58 chunks · cottas-build-00057
  Partitioned compression: HG005_GRCh38: rdf-scan heartbeat — 212,081,044 triples · 31,138,549,144 bytes read
  Partitioned compression: HG005_GRCh38: rdf-scan heartbeat — 212,522,553 triples · 31,205,658,046 bytes read
  Partitioned compression: HG005_GRCh38: rdf-scan heartbeat — 212,963,997 triples · 31,272,767,064 bytes read
  Partitioned compression: HG005_GRCh38: rdf-scan heartbeat — 213,405,412 triples · 31,339,876,018 bytes read
  Partitioned compression: HG005_GRCh38: rdf-scan heartbeat — 213,846,805 triples · 31,406,984,957 bytes read
  Partitioned compression: HG005_GRCh38: rdf-scan heartbeat — 214,288,229 triples · 31,474,093,832 bytes read
  Partitioned compression: HG005_GRCh38: rdf-scan heartbeat — 214,729,692 triples · 31,541,202,746 bytes read
  Partitioned compression: HG005_GRCh38: rdf-scan heartbeat — 215,171,227 triples · 31,608,311,672 bytes read
  Partitioned compression: HG005_GRCh38: rdf-scan chunk — 215,612,405 triples · 59 chunks · 31,675,387,819 bytes read
  Partitioned compression: HG005_GRCh38: hdt-chunks started — 58 chunks · hdt-build-00058
  Partitioned compression: HG005_GRCh38: hdt-chunks complete — 59 chunks · hdt-build-00058
  Partitioned compression: HG005_GRCh38: cottas-chunks started — 58 chunks · cottas-build-00058
  Partitioned compression: HG005_GRCh38: cottas-chunks complete — 59 chunks · cottas-build-00058
  Partitioned compression: HG005_GRCh38: rdf-scan heartbeat — 215,612,621 triples · 31,675,420,674 bytes read
  Partitioned compression: HG005_GRCh38: rdf-scan heartbeat — 216,054,058 triples · 31,742,529,594 bytes read
  Partitioned compression: HG005_GRCh38: rdf-scan heartbeat — 216,495,511 triples · 31,809,638,473 bytes read
  Partitioned compression: HG005_GRCh38: rdf-scan heartbeat — 216,936,916 triples · 31,876,747,488 bytes read
  Partitioned compression: HG005_GRCh38: rdf-scan heartbeat — 217,378,434 triples · 31,943,856,354 bytes read
  Partitioned compression: HG005_GRCh38: rdf-scan heartbeat — 217,819,862 triples · 32,010,965,366 bytes read
  Partitioned compression: HG005_GRCh38: rdf-scan heartbeat — 218,261,268 triples · 32,078,074,271 bytes read
  Partitioned compression: HG005_GRCh38: rdf-scan heartbeat — 218,702,724 triples · 32,145,183,207 bytes read
  Partitioned compression: HG005_GRCh38: rdf-scan chunk — 219,143,945 triples · 60 chunks · 32,212,258,890 bytes read
  Partitioned compression: HG005_GRCh38: hdt-chunks started — 59 chunks · hdt-build-00059
  Partitioned compression: HG005_GRCh38: hdt-chunks complete — 60 chunks · hdt-build-00059
  Partitioned compression: HG005_GRCh38: cottas-chunks started — 59 chunks · cottas-build-00059
  Partitioned compression: HG005_GRCh38: cottas-chunks complete — 60 chunks · cottas-build-00059
  Partitioned compression: HG005_GRCh38: rdf-scan heartbeat — 219,144,164 triples · 32,212,292,182 bytes read
  Partitioned compression: HG005_GRCh38: rdf-scan heartbeat — 219,585,572 triples · 32,279,401,118 bytes read
  Partitioned compression: HG005_GRCh38: rdf-scan heartbeat — 220,026,979 triples · 32,346,510,055 bytes read
  Partitioned compression: HG005_GRCh38: rdf-scan heartbeat — 220,468,440 triples · 32,413,618,972 bytes read
  Partitioned compression: HG005_GRCh38: rdf-scan heartbeat — 220,909,902 triples · 32,480,727,944 bytes read
  Partitioned compression: HG005_GRCh38: rdf-scan heartbeat — 221,351,349 triples · 32,547,836,858 bytes read
  Partitioned compression: HG005_GRCh38: rdf-scan heartbeat — 221,792,788 triples · 32,614,945,754 bytes read
  Partitioned compression: HG005_GRCh38: rdf-scan heartbeat — 222,234,244 triples · 32,682,054,676 bytes read
  Partitioned compression: HG005_GRCh38: rdf-scan chunk — 222,675,434 triples · 61 chunks · 32,749,129,824 bytes read
  Partitioned compression: HG005_GRCh38: hdt-chunks started — 60 chunks · hdt-build-00060
  Partitioned compression: HG005_GRCh38: hdt-chunks complete — 61 chunks · hdt-build-00060
  Partitioned compression: HG005_GRCh38: cottas-chunks started — 60 chunks · cottas-build-00060
  Partitioned compression: HG005_GRCh38: cottas-chunks complete — 61 chunks · cottas-build-00060
  Partitioned compression: HG005_GRCh38: rdf-scan heartbeat — 222,675,656 triples · 32,749,163,582 bytes read
  Partitioned compression: HG005_GRCh38: rdf-scan heartbeat — 223,117,062 triples · 32,816,272,469 bytes read
  Partitioned compression: HG005_GRCh38: rdf-scan heartbeat — 223,558,513 triples · 32,883,381,470 bytes read
  Partitioned compression: HG005_GRCh38: rdf-scan heartbeat — 223,999,926 triples · 32,950,490,499 bytes read
  Partitioned compression: HG005_GRCh38: rdf-scan heartbeat — 224,441,362 triples · 33,017,599,479 bytes read
  Partitioned compression: HG005_GRCh38: rdf-scan heartbeat — 224,882,782 triples · 33,084,708,421 bytes read
  Partitioned compression: HG005_GRCh38: rdf-scan heartbeat — 225,324,200 triples · 33,151,817,410 bytes read
  Partitioned compression: HG005_GRCh38: rdf-scan heartbeat — 225,765,660 triples · 33,218,926,324 bytes read
  Partitioned compression: HG005_GRCh38: rdf-scan chunk — 226,206,919 triples · 62 chunks · 33,286,000,808 bytes read
  Partitioned compression: HG005_GRCh38: hdt-chunks started — 61 chunks · hdt-build-00061
  Partitioned compression: HG005_GRCh38: hdt-chunks complete — 62 chunks · hdt-build-00061
  Partitioned compression: HG005_GRCh38: cottas-chunks started — 61 chunks · cottas-build-00061
  Partitioned compression: HG005_GRCh38: cottas-chunks complete — 62 chunks · cottas-build-00061
  Partitioned compression: HG005_GRCh38: rdf-scan heartbeat — 226,207,146 triples · 33,286,035,331 bytes read
  Partitioned compression: HG005_GRCh38: rdf-scan heartbeat — 226,648,628 triples · 33,353,144,284 bytes read
  Partitioned compression: HG005_GRCh38: rdf-scan heartbeat — 227,090,030 triples · 33,420,253,220 bytes read
  Partitioned compression: HG005_GRCh38: rdf-scan heartbeat — 227,531,480 triples · 33,487,362,142 bytes read
  Partitioned compression: HG005_GRCh38: rdf-scan heartbeat — 227,972,926 triples · 33,554,471,130 bytes read
  Partitioned compression: HG005_GRCh38: rdf-scan heartbeat — 228,414,301 triples · 33,621,580,115 bytes read
  Partitioned compression: HG005_GRCh38: rdf-scan heartbeat — 228,855,775 triples · 33,688,689,114 bytes read
  Partitioned compression: HG005_GRCh38: rdf-scan heartbeat — 229,297,244 triples · 33,755,798,064 bytes read
  Partitioned compression: HG005_GRCh38: rdf-scan chunk — 229,738,407 triples · 63 chunks · 33,822,871,737 bytes read
  Partitioned compression: HG005_GRCh38: hdt-chunks started — 62 chunks · hdt-build-00062
  Partitioned compression: HG005_GRCh38: hdt-chunks complete — 63 chunks · hdt-build-00062
  Partitioned compression: HG005_GRCh38: cottas-chunks started — 62 chunks · cottas-build-00062
  Partitioned compression: HG005_GRCh38: cottas-chunks complete — 63 chunks · cottas-build-00062
  Partitioned compression: HG005_GRCh38: rdf-scan heartbeat — 229,738,640 triples · 33,822,906,977 bytes read
  Partitioned compression: HG005_GRCh38: rdf-scan heartbeat — 230,180,028 triples · 33,890,016,017 bytes read
  Partitioned compression: HG005_GRCh38: rdf-scan heartbeat — 230,621,461 triples · 33,957,124,935 bytes read
  Partitioned compression: HG005_GRCh38: rdf-scan heartbeat — 231,062,899 triples · 34,024,233,828 bytes read
  Partitioned compression: HG005_GRCh38: rdf-scan heartbeat — 231,504,288 triples · 34,091,342,833 bytes read
  Partitioned compression: HG005_GRCh38: rdf-scan heartbeat — 231,945,693 triples · 34,158,451,855 bytes read
  Partitioned compression: HG005_GRCh38: rdf-scan heartbeat — 232,387,087 triples · 34,225,560,832 bytes read
  Partitioned compression: HG005_GRCh38: rdf-scan heartbeat — 232,828,505 triples · 34,292,669,833 bytes read
  Partitioned compression: HG005_GRCh38: rdf-scan chunk — 233,269,652 triples · 64 chunks · 34,359,742,652 bytes read
  Partitioned compression: HG005_GRCh38: hdt-chunks started — 63 chunks · hdt-build-00063
  Partitioned compression: HG005_GRCh38: hdt-chunks complete — 64 chunks · hdt-build-00063
  Partitioned compression: HG005_GRCh38: cottas-chunks started — 63 chunks · cottas-build-00063
  Partitioned compression: HG005_GRCh38: cottas-chunks complete — 64 chunks · cottas-build-00063
  Partitioned compression: HG005_GRCh38: rdf-scan heartbeat — 233,269,889 triples · 34,359,778,730 bytes read
  Partitioned compression: HG005_GRCh38: rdf-scan heartbeat — 233,711,279 triples · 34,426,887,698 bytes read
  Partitioned compression: HG005_GRCh38: rdf-scan heartbeat — 234,152,658 triples · 34,493,996,627 bytes read
  Partitioned compression: HG005_GRCh38: rdf-scan heartbeat — 234,594,053 triples · 34,561,105,597 bytes read
  Partitioned compression: HG005_GRCh38: rdf-scan heartbeat — 235,035,435 triples · 34,628,214,520 bytes read
  Partitioned compression: HG005_GRCh38: rdf-scan heartbeat — 235,476,797 triples · 34,695,323,522 bytes read
  Partitioned compression: HG005_GRCh38: rdf-scan heartbeat — 235,918,174 triples · 34,762,432,436 bytes read
  Partitioned compression: HG005_GRCh38: rdf-scan heartbeat — 236,359,541 triples · 34,829,541,418 bytes read
  Partitioned compression: HG005_GRCh38: rdf-scan chunk — 236,800,674 triples · 65 chunks · 34,896,613,709 bytes read
  Partitioned compression: HG005_GRCh38: hdt-chunks started — 64 chunks · hdt-build-00064
  Partitioned compression: HG005_GRCh38: hdt-chunks complete — 65 chunks · hdt-build-00064
  Partitioned compression: HG005_GRCh38: cottas-chunks started — 64 chunks · cottas-build-00064
  Partitioned compression: HG005_GRCh38: cottas-chunks complete — 65 chunks · cottas-build-00064
  Partitioned compression: HG005_GRCh38: rdf-scan heartbeat — 236,800,915 triples · 34,896,650,374 bytes read
  Partitioned compression: HG005_GRCh38: rdf-scan heartbeat — 237,242,355 triples · 34,963,759,252 bytes read
  Partitioned compression: HG005_GRCh38: rdf-scan heartbeat — 237,683,820 triples · 35,030,868,254 bytes read
  Partitioned compression: HG005_GRCh38: rdf-scan heartbeat — 238,125,301 triples · 35,097,977,262 bytes read
  Partitioned compression: HG005_GRCh38: rdf-scan heartbeat — 238,566,855 triples · 35,165,086,198 bytes read
  Partitioned compression: HG005_GRCh38: rdf-scan heartbeat — 239,008,404 triples · 35,232,195,064 bytes read
  Partitioned compression: HG005_GRCh38: rdf-scan heartbeat — 239,449,907 triples · 35,299,303,965 bytes read
  Partitioned compression: HG005_GRCh38: rdf-scan heartbeat — 239,891,357 triples · 35,366,412,910 bytes read
  Partitioned compression: HG005_GRCh38: rdf-scan chunk — 240,332,534 triples · 66 chunks · 35,433,484,684 bytes read
  Partitioned compression: HG005_GRCh38: hdt-chunks started — 65 chunks · hdt-build-00065
  Partitioned compression: HG005_GRCh38: hdt-chunks complete — 66 chunks · hdt-build-00065
  Partitioned compression: HG005_GRCh38: cottas-chunks started — 65 chunks · cottas-build-00065
  Partitioned compression: HG005_GRCh38: cottas-chunks complete — 66 chunks · cottas-build-00065
  Partitioned compression: HG005_GRCh38: rdf-scan heartbeat — 240,332,778 triples · 35,433,521,789 bytes read
  Partitioned compression: HG005_GRCh38: rdf-scan heartbeat — 240,774,208 triples · 35,500,630,753 bytes read
  Partitioned compression: HG005_GRCh38: rdf-scan heartbeat — 241,215,670 triples · 35,567,739,648 bytes read
  Partitioned compression: HG005_GRCh38: rdf-scan heartbeat — 241,657,066 triples · 35,634,848,594 bytes read
  Partitioned compression: HG005_GRCh38: rdf-scan heartbeat — 242,098,472 triples · 35,701,957,520 bytes read
  Partitioned compression: HG005_GRCh38: rdf-scan heartbeat — 242,539,844 triples · 35,769,066,541 bytes read
  Partitioned compression: HG005_GRCh38: rdf-scan heartbeat — 242,981,264 triples · 35,836,175,533 bytes read
  Partitioned compression: HG005_GRCh38: rdf-scan heartbeat — 243,422,668 triples · 35,903,284,422 bytes read
  Partitioned compression: HG005_GRCh38: rdf-scan chunk — 243,863,822 triples · 67 chunks · 35,970,355,689 bytes read
  Partitioned compression: HG005_GRCh38: hdt-chunks started — 66 chunks · hdt-build-00066
  Partitioned compression: HG005_GRCh38: hdt-chunks complete — 67 chunks · hdt-build-00066
  Partitioned compression: HG005_GRCh38: cottas-chunks started — 66 chunks · cottas-build-00066
  Partitioned compression: HG005_GRCh38: cottas-chunks complete — 67 chunks · cottas-build-00066
  Partitioned compression: HG005_GRCh38: rdf-scan heartbeat — 243,864,070 triples · 35,970,393,308 bytes read
  Partitioned compression: HG005_GRCh38: rdf-scan heartbeat — 244,305,507 triples · 36,037,502,232 bytes read
  Partitioned compression: HG005_GRCh38: rdf-scan heartbeat — 244,746,944 triples · 36,104,611,217 bytes read
  Partitioned compression: HG005_GRCh38: rdf-scan heartbeat — 245,188,347 triples · 36,171,720,209 bytes read
  Partitioned compression: HG005_GRCh38: rdf-scan heartbeat — 245,629,743 triples · 36,238,829,209 bytes read
  Partitioned compression: HG005_GRCh38: rdf-scan heartbeat — 246,071,134 triples · 36,305,938,087 bytes read
  Partitioned compression: HG005_GRCh38: rdf-scan heartbeat — 246,512,587 triples · 36,373,047,081 bytes read
  Partitioned compression: HG005_GRCh38: rdf-scan heartbeat — 246,954,015 triples · 36,440,155,974 bytes read
  Partitioned compression: HG005_GRCh38: rdf-scan chunk — 247,395,152 triples · 68 chunks · 36,507,226,675 bytes read
  Partitioned compression: HG005_GRCh38: hdt-chunks started — 67 chunks · hdt-build-00067
  Partitioned compression: HG005_GRCh38: hdt-chunks complete — 68 chunks · hdt-build-00067
  Partitioned compression: HG005_GRCh38: cottas-chunks started — 67 chunks · cottas-build-00067
  Partitioned compression: HG005_GRCh38: cottas-chunks complete — 68 chunks · cottas-build-00067
  Partitioned compression: HG005_GRCh38: rdf-scan heartbeat — 247,395,403 triples · 36,507,264,884 bytes read
  Partitioned compression: HG005_GRCh38: rdf-scan heartbeat — 247,836,838 triples · 36,574,373,807 bytes read
  Partitioned compression: HG005_GRCh38: rdf-scan heartbeat — 248,278,299 triples · 36,641,482,671 bytes read
  Partitioned compression: HG005_GRCh38: rdf-scan heartbeat — 248,719,749 triples · 36,708,591,634 bytes read
  Partitioned compression: HG005_GRCh38: rdf-scan heartbeat — 249,161,229 triples · 36,775,700,525 bytes read
  Partitioned compression: HG005_GRCh38: rdf-scan heartbeat — 249,602,703 triples · 36,842,809,527 bytes read
  Partitioned compression: HG005_GRCh38: rdf-scan heartbeat — 250,044,158 triples · 36,909,918,454 bytes read
  Partitioned compression: HG005_GRCh38: rdf-scan heartbeat — 250,485,532 triples · 36,977,027,405 bytes read
  Partitioned compression: HG005_GRCh38: rdf-scan chunk — 250,926,701 triples · 69 chunks · 37,044,097,676 bytes read
  Partitioned compression: HG005_GRCh38: hdt-chunks started — 68 chunks · hdt-build-00068
  Partitioned compression: HG005_GRCh38: hdt-chunks complete — 69 chunks · hdt-build-00068
  Partitioned compression: HG005_GRCh38: cottas-chunks started — 68 chunks · cottas-build-00068
  Partitioned compression: HG005_GRCh38: cottas-chunks complete — 69 chunks · cottas-build-00068
  Partitioned compression: HG005_GRCh38: rdf-scan heartbeat — 250,926,956 triples · 37,044,136,399 bytes read
  Partitioned compression: HG005_GRCh38: rdf-scan heartbeat — 251,368,366 triples · 37,111,245,299 bytes read
  Partitioned compression: HG005_GRCh38: rdf-scan heartbeat — 251,809,743 triples · 37,178,354,206 bytes read
  Partitioned compression: HG005_GRCh38: rdf-scan heartbeat — 252,251,144 triples · 37,245,463,200 bytes read
  Partitioned compression: HG005_GRCh38: rdf-scan heartbeat — 252,692,556 triples · 37,312,572,172 bytes read
  Partitioned compression: HG005_GRCh38: rdf-scan heartbeat — 253,133,978 triples · 37,379,681,067 bytes read
  Partitioned compression: HG005_GRCh38: rdf-scan heartbeat — 253,575,397 triples · 37,446,789,948 bytes read
  Partitioned compression: HG005_GRCh38: rdf-scan heartbeat — 254,016,828 triples · 37,513,898,879 bytes read
  Partitioned compression: HG005_GRCh38: rdf-scan chunk — 254,457,947 triples · 70 chunks · 37,580,968,593 bytes read
  Partitioned compression: HG005_GRCh38: hdt-chunks started — 69 chunks · hdt-build-00069
  Partitioned compression: HG005_GRCh38: hdt-chunks complete — 70 chunks · hdt-build-00069
  Partitioned compression: HG005_GRCh38: cottas-chunks started — 69 chunks · cottas-build-00069
  Partitioned compression: HG005_GRCh38: cottas-chunks complete — 70 chunks · cottas-build-00069
  Partitioned compression: HG005_GRCh38: rdf-scan heartbeat — 254,458,205 triples · 37,581,007,763 bytes read
  Partitioned compression: HG005_GRCh38: rdf-scan heartbeat — 254,899,604 triples · 37,648,116,696 bytes read
  Partitioned compression: HG005_GRCh38: rdf-scan heartbeat — 255,340,992 triples · 37,715,225,640 bytes read
  Partitioned compression: HG005_GRCh38: rdf-scan heartbeat — 255,782,371 triples · 37,782,334,569 bytes read
  Partitioned compression: HG005_GRCh38: rdf-scan heartbeat — 256,223,781 triples · 37,849,443,435 bytes read
  Partitioned compression: HG005_GRCh38: rdf-scan heartbeat — 256,665,186 triples · 37,916,552,396 bytes read
  Partitioned compression: HG005_GRCh38: rdf-scan heartbeat — 257,106,607 triples · 37,983,661,308 bytes read
  Partitioned compression: HG005_GRCh38: rdf-scan heartbeat — 257,548,006 triples · 38,050,770,282 bytes read
  Partitioned compression: HG005_GRCh38: rdf-scan chunk — 257,989,163 triples · 71 chunks · 38,117,839,553 bytes read
  Partitioned compression: HG005_GRCh38: hdt-chunks started — 70 chunks · hdt-build-00070
  Partitioned compression: HG005_GRCh38: hdt-chunks complete — 71 chunks · hdt-build-00070
  Partitioned compression: HG005_GRCh38: cottas-chunks started — 70 chunks · cottas-build-00070
  Partitioned compression: HG005_GRCh38: cottas-chunks complete — 71 chunks · cottas-build-00070
  Partitioned compression: HG005_GRCh38: rdf-scan heartbeat — 257,989,424 triples · 38,117,879,157 bytes read
  Partitioned compression: HG005_GRCh38: rdf-scan heartbeat — 258,430,992 triples · 38,184,988,157 bytes read
  Partitioned compression: HG005_GRCh38: rdf-scan heartbeat — 258,872,464 triples · 38,252,097,179 bytes read
  Partitioned compression: HG005_GRCh38: rdf-scan heartbeat — 259,313,939 triples · 38,319,206,123 bytes read
  Partitioned compression: HG005_GRCh38: rdf-scan heartbeat — 259,755,387 triples · 38,386,315,126 bytes read
  Partitioned compression: HG005_GRCh38: rdf-scan heartbeat — 260,196,819 triples · 38,453,424,036 bytes read
  Partitioned compression: HG005_GRCh38: rdf-scan heartbeat — 260,638,184 triples · 38,520,532,946 bytes read
  Partitioned compression: HG005_GRCh38: rdf-scan heartbeat — 261,079,562 triples · 38,587,641,874 bytes read
  Partitioned compression: HG005_GRCh38: rdf-scan chunk — 261,520,743 triples · 72 chunks · 38,654,710,613 bytes read
  Partitioned compression: HG005_GRCh38: hdt-chunks started — 71 chunks · hdt-build-00071
  Partitioned compression: HG005_GRCh38: hdt-chunks complete — 72 chunks · hdt-build-00071
  Partitioned compression: HG005_GRCh38: cottas-chunks started — 71 chunks · cottas-build-00071
  Partitioned compression: HG005_GRCh38: cottas-chunks complete — 72 chunks · cottas-build-00071
  Partitioned compression: HG005_GRCh38: rdf-scan heartbeat — 261,521,006 triples · 38,654,750,741 bytes read
  Partitioned compression: HG005_GRCh38: rdf-scan heartbeat — 261,962,419 triples · 38,721,859,673 bytes read
  Partitioned compression: HG005_GRCh38: rdf-scan heartbeat — 262,403,850 triples · 38,788,968,562 bytes read
  Partitioned compression: HG005_GRCh38: rdf-scan heartbeat — 262,845,263 triples · 38,856,077,522 bytes read
  Partitioned compression: HG005_GRCh38: rdf-scan heartbeat — 263,286,684 triples · 38,923,186,520 bytes read
  Partitioned compression: HG005_GRCh38: rdf-scan heartbeat — 263,728,127 triples · 38,990,295,388 bytes read
  Partitioned compression: HG005_GRCh38: rdf-scan heartbeat — 264,169,531 triples · 39,057,404,269 bytes read
  Partitioned compression: HG005_GRCh38: rdf-scan heartbeat — 264,610,935 triples · 39,124,513,213 bytes read
  Partitioned compression: HG005_GRCh38: rdf-scan chunk — 265,052,122 triples · 73 chunks · 39,191,581,622 bytes read
  Partitioned compression: HG005_GRCh38: hdt-chunks started — 72 chunks · hdt-build-00072
  Partitioned compression: HG005_GRCh38: hdt-chunks complete — 73 chunks · hdt-build-00072
  Partitioned compression: HG005_GRCh38: cottas-chunks started — 72 chunks · cottas-build-00072
  Partitioned compression: HG005_GRCh38: cottas-chunks complete — 73 chunks · cottas-build-00072
  Partitioned compression: HG005_GRCh38: rdf-scan heartbeat — 265,052,388 triples · 39,191,622,107 bytes read
  Partitioned compression: HG005_GRCh38: rdf-scan heartbeat — 265,493,790 triples · 39,258,731,061 bytes read
  Partitioned compression: HG005_GRCh38: rdf-scan heartbeat — 265,935,222 triples · 39,325,839,993 bytes read
  Partitioned compression: HG005_GRCh38: rdf-scan heartbeat — 266,376,712 triples · 39,392,948,921 bytes read
  Partitioned compression: HG005_GRCh38: rdf-scan heartbeat — 266,818,171 triples · 39,460,057,808 bytes read
  Partitioned compression: HG005_GRCh38: rdf-scan heartbeat — 267,259,690 triples · 39,527,166,758 bytes read
  Partitioned compression: HG005_GRCh38: rdf-scan heartbeat — 267,701,185 triples · 39,594,275,650 bytes read
  Partitioned compression: HG005_GRCh38: rdf-scan heartbeat — 268,142,621 triples · 39,661,384,549 bytes read
  Partitioned compression: HG005_GRCh38: rdf-scan chunk — 268,583,835 triples · 74 chunks · 39,728,452,645 bytes read
  Partitioned compression: HG005_GRCh38: hdt-chunks started — 73 chunks · hdt-build-00073
  Partitioned compression: HG005_GRCh38: hdt-chunks complete — 74 chunks · hdt-build-00073
  Partitioned compression: HG005_GRCh38: cottas-chunks started — 73 chunks · cottas-build-00073
  Partitioned compression: HG005_GRCh38: cottas-chunks complete — 74 chunks · cottas-build-00073
  Partitioned compression: HG005_GRCh38: rdf-scan heartbeat — 268,584,103 triples · 39,728,493,468 bytes read
  Partitioned compression: HG005_GRCh38: rdf-scan heartbeat — 269,025,536 triples · 39,795,602,339 bytes read
  Partitioned compression: HG005_GRCh38: rdf-scan heartbeat — 269,466,964 triples · 39,862,711,324 bytes read
  Partitioned compression: HG005_GRCh38: rdf-scan heartbeat — 269,908,392 triples · 39,929,820,264 bytes read
  Partitioned compression: HG005_GRCh38: rdf-scan heartbeat — 270,349,788 triples · 39,996,929,129 bytes read
  Partitioned compression: HG005_GRCh38: rdf-scan heartbeat — 270,791,184 triples · 40,064,038,078 bytes read
  Partitioned compression: HG005_GRCh38: rdf-scan heartbeat — 271,232,556 triples · 40,131,146,948 bytes read
  Partitioned compression: HG005_GRCh38: rdf-scan heartbeat — 271,673,964 triples · 40,198,255,870 bytes read
  Partitioned compression: HG005_GRCh38: rdf-scan chunk — 272,115,092 triples · 75 chunks · 40,265,323,568 bytes read
  Partitioned compression: HG005_GRCh38: hdt-chunks started — 74 chunks · hdt-build-00074
  Partitioned compression: HG005_GRCh38: hdt-chunks complete — 75 chunks · hdt-build-00074
  Partitioned compression: HG005_GRCh38: cottas-chunks started — 74 chunks · cottas-build-00074
  Partitioned compression: HG005_GRCh38: cottas-chunks complete — 75 chunks · cottas-build-00074
  Partitioned compression: HG005_GRCh38: rdf-scan heartbeat — 272,115,363 triples · 40,265,364,875 bytes read
  Partitioned compression: HG005_GRCh38: rdf-scan heartbeat — 272,556,831 triples · 40,332,473,784 bytes read
  Partitioned compression: HG005_GRCh38: rdf-scan heartbeat — 272,998,263 triples · 40,399,582,683 bytes read
  Partitioned compression: HG005_GRCh38: rdf-scan heartbeat — 273,439,737 triples · 40,466,691,597 bytes read
  Partitioned compression: HG005_GRCh38: rdf-scan heartbeat — 273,881,234 triples · 40,533,800,517 bytes read
  Partitioned compression: HG005_GRCh38: rdf-scan heartbeat — 274,322,687 triples · 40,600,909,471 bytes read
  Partitioned compression: HG005_GRCh38: rdf-scan heartbeat — 274,764,166 triples · 40,668,018,437 bytes read
  Partitioned compression: HG005_GRCh38: rdf-scan heartbeat — 275,205,623 triples · 40,735,127,354 bytes read
  Partitioned compression: HG005_GRCh38: rdf-scan chunk — 275,646,778 triples · 76 chunks · 40,802,194,565 bytes read
  Partitioned compression: HG005_GRCh38: hdt-chunks started — 75 chunks · hdt-build-00075
  Partitioned compression: HG005_GRCh38: hdt-chunks complete — 76 chunks · hdt-build-00075
  Partitioned compression: HG005_GRCh38: cottas-chunks started — 75 chunks · cottas-build-00075
  Partitioned compression: HG005_GRCh38: cottas-chunks complete — 76 chunks · cottas-build-00075
  Partitioned compression: HG005_GRCh38: rdf-scan heartbeat — 275,647,052 triples · 40,802,236,268 bytes read
  Partitioned compression: HG005_GRCh38: rdf-scan heartbeat — 276,088,471 triples · 40,869,345,143 bytes read
  Partitioned compression: HG005_GRCh38: rdf-scan heartbeat — 276,529,921 triples · 40,936,454,010 bytes read
  Partitioned compression: HG005_GRCh38: rdf-scan heartbeat — 276,971,346 triples · 41,003,562,937 bytes read
  Partitioned compression: HG005_GRCh38: rdf-scan heartbeat — 277,412,758 triples · 41,070,671,889 bytes read
  Partitioned compression: HG005_GRCh38: rdf-scan heartbeat — 277,854,207 triples · 41,137,780,858 bytes read
  Partitioned compression: HG005_GRCh38: rdf-scan heartbeat — 278,295,625 triples · 41,204,889,749 bytes read
  Partitioned compression: HG005_GRCh38: rdf-scan heartbeat — 278,737,006 triples · 41,271,998,720 bytes read
  Partitioned compression: HG005_GRCh38: rdf-scan chunk — 279,178,148 triples · 77 chunks · 41,339,065,549 bytes read
  Partitioned compression: HG005_GRCh38: hdt-chunks started — 76 chunks · hdt-build-00076
  Partitioned compression: HG005_GRCh38: hdt-chunks complete — 77 chunks · hdt-build-00076
  Partitioned compression: HG005_GRCh38: cottas-chunks started — 76 chunks · cottas-build-00076
  Partitioned compression: HG005_GRCh38: cottas-chunks complete — 77 chunks · cottas-build-00076
  Partitioned compression: HG005_GRCh38: rdf-scan heartbeat — 279,178,425 triples · 41,339,107,637 bytes read
  Partitioned compression: HG005_GRCh38: rdf-scan heartbeat — 279,619,885 triples · 41,406,216,654 bytes read
  Partitioned compression: HG005_GRCh38: rdf-scan heartbeat — 280,061,316 triples · 41,473,325,566 bytes read
  Partitioned compression: HG005_GRCh38: rdf-scan heartbeat — 280,502,727 triples · 41,540,434,599 bytes read
  Partitioned compression: HG005_GRCh38: rdf-scan heartbeat — 280,944,180 triples · 41,607,543,538 bytes read
  Partitioned compression: HG005_GRCh38: rdf-scan heartbeat — 281,385,657 triples · 41,674,652,515 bytes read
  Partitioned compression: HG005_GRCh38: rdf-scan heartbeat — 281,827,130 triples · 41,741,761,439 bytes read
  Partitioned compression: HG005_GRCh38: rdf-scan heartbeat — 282,268,568 triples · 41,808,870,339 bytes read
  Partitioned compression: HG005_GRCh38: rdf-scan chunk — 282,709,748 triples · 78 chunks · 41,875,936,593 bytes read
  Partitioned compression: HG005_GRCh38: hdt-chunks started — 77 chunks · hdt-build-00077
  Partitioned compression: HG005_GRCh38: hdt-chunks complete — 78 chunks · hdt-build-00077
  Partitioned compression: HG005_GRCh38: cottas-chunks started — 77 chunks · cottas-build-00077
  Partitioned compression: HG005_GRCh38: cottas-chunks complete — 78 chunks · cottas-build-00077
  Partitioned compression: HG005_GRCh38: rdf-scan heartbeat — 282,710,029 triples · 41,875,979,249 bytes read
  Partitioned compression: HG005_GRCh38: rdf-scan heartbeat — 283,151,476 triples · 41,943,088,123 bytes read
  Partitioned compression: HG005_GRCh38: rdf-scan heartbeat — 283,592,889 triples · 42,010,197,096 bytes read
  Partitioned compression: HG005_GRCh38: rdf-scan heartbeat — 284,034,275 triples · 42,077,306,105 bytes read
  Partitioned compression: HG005_GRCh38: rdf-scan heartbeat — 284,475,659 triples · 42,144,415,025 bytes read
  Partitioned compression: HG005_GRCh38: rdf-scan heartbeat — 284,917,046 triples · 42,211,523,921 bytes read
  Partitioned compression: HG005_GRCh38: rdf-scan heartbeat — 285,358,442 triples · 42,278,632,804 bytes read
  Partitioned compression: HG005_GRCh38: rdf-scan heartbeat — 285,799,838 triples · 42,345,741,763 bytes read
  Partitioned compression: HG005_GRCh38: rdf-scan chunk — 286,240,957 triples · 79 chunks · 42,412,807,524 bytes read
  Partitioned compression: HG005_GRCh38: hdt-chunks started — 78 chunks · hdt-build-00078
  Partitioned compression: HG005_GRCh38: hdt-chunks complete — 79 chunks · hdt-build-00078
  Partitioned compression: HG005_GRCh38: cottas-chunks started — 78 chunks · cottas-build-00078
  Partitioned compression: HG005_GRCh38: cottas-chunks complete — 79 chunks · cottas-build-00078
  Partitioned compression: HG005_GRCh38: rdf-scan heartbeat — 286,241,241 triples · 42,412,850,716 bytes read
  Partitioned compression: HG005_GRCh38: rdf-scan heartbeat — 286,682,615 triples · 42,479,959,614 bytes read
  Partitioned compression: HG005_GRCh38: rdf-scan heartbeat — 287,124,055 triples · 42,547,068,592 bytes read
  Partitioned compression: HG005_GRCh38: rdf-scan heartbeat — 287,565,480 triples · 42,614,177,507 bytes read
  Partitioned compression: HG005_GRCh38: rdf-scan heartbeat — 288,006,901 triples · 42,681,286,476 bytes read
  Partitioned compression: HG005_GRCh38: rdf-scan heartbeat — 288,448,370 triples · 42,748,395,405 bytes read
  Partitioned compression: HG005_GRCh38: rdf-scan heartbeat — 288,889,803 triples · 42,815,504,303 bytes read
  Partitioned compression: HG005_GRCh38: rdf-scan heartbeat — 289,331,261 triples · 42,882,613,272 bytes read
  Partitioned compression: HG005_GRCh38: rdf-scan chunk — 289,772,443 triples · 80 chunks · 42,949,678,511 bytes read
  Partitioned compression: HG005_GRCh38: hdt-chunks started — 79 chunks · hdt-build-00079
  Partitioned compression: HG005_GRCh38: hdt-chunks complete — 80 chunks · hdt-build-00079
  Partitioned compression: HG005_GRCh38: cottas-chunks started — 79 chunks · cottas-build-00079
  Partitioned compression: HG005_GRCh38: cottas-chunks complete — 80 chunks · cottas-build-00079
  Partitioned compression: HG005_GRCh38: rdf-scan heartbeat — 289,772,731 triples · 42,949,722,295 bytes read
  Partitioned compression: HG005_GRCh38: rdf-scan heartbeat — 290,214,202 triples · 43,016,831,318 bytes read
  Partitioned compression: HG005_GRCh38: rdf-scan heartbeat — 290,655,656 triples · 43,083,940,292 bytes read
  Partitioned compression: HG005_GRCh38: rdf-scan heartbeat — 291,097,135 triples · 43,151,049,184 bytes read
  Partitioned compression: HG005_GRCh38: rdf-scan heartbeat — 291,538,637 triples · 43,218,158,067 bytes read
  Partitioned compression: HG005_GRCh38: rdf-scan heartbeat — 291,980,258 triples · 43,285,267,087 bytes read
  Partitioned compression: HG005_GRCh38: rdf-scan heartbeat — 292,421,739 triples · 43,352,376,017 bytes read
  Partitioned compression: HG005_GRCh38: rdf-scan heartbeat — 292,863,139 triples · 43,419,485,018 bytes read
  Partitioned compression: HG005_GRCh38: rdf-scan chunk — 293,304,275 triples · 81 chunks · 43,486,549,460 bytes read
  Partitioned compression: HG005_GRCh38: hdt-chunks started — 80 chunks · hdt-build-00080
  Partitioned compression: HG005_GRCh38: hdt-chunks complete — 81 chunks · hdt-build-00080
  Partitioned compression: HG005_GRCh38: cottas-chunks started — 80 chunks · cottas-build-00080
  Partitioned compression: HG005_GRCh38: cottas-chunks complete — 81 chunks · cottas-build-00080
  Partitioned compression: HG005_GRCh38: rdf-scan heartbeat — 293,304,568 triples · 43,486,593,970 bytes read
  Partitioned compression: HG005_GRCh38: rdf-scan heartbeat — 293,746,061 triples · 43,553,702,976 bytes read
  Partitioned compression: HG005_GRCh38: rdf-scan heartbeat — 294,187,517 triples · 43,620,811,883 bytes read
  Partitioned compression: HG005_GRCh38: rdf-scan heartbeat — 294,629,023 triples · 43,687,920,863 bytes read
  Partitioned compression: HG005_GRCh38: rdf-scan heartbeat — 295,070,615 triples · 43,755,029,838 bytes read
  Partitioned compression: HG005_GRCh38: rdf-scan heartbeat — 295,512,093 triples · 43,822,138,704 bytes read
  Partitioned compression: HG005_GRCh38: rdf-scan heartbeat — 295,953,585 triples · 43,889,247,634 bytes read
  Partitioned compression: HG005_GRCh38: rdf-scan heartbeat — 296,395,005 triples · 43,956,356,567 bytes read
  Partitioned compression: HG005_GRCh38: rdf-scan chunk — 296,836,099 triples · 82 chunks · 44,023,420,543 bytes read
  Partitioned compression: HG005_GRCh38: hdt-chunks started — 81 chunks · hdt-build-00081
  Partitioned compression: HG005_GRCh38: hdt-chunks complete — 82 chunks · hdt-build-00081
  Partitioned compression: HG005_GRCh38: cottas-chunks started — 81 chunks · cottas-build-00081
  Partitioned compression: HG005_GRCh38: cottas-chunks complete — 82 chunks · cottas-build-00081
  Partitioned compression: HG005_GRCh38: rdf-scan heartbeat — 296,836,395 triples · 44,023,465,564 bytes read
  Partitioned compression: HG005_GRCh38: rdf-scan heartbeat — 297,277,796 triples · 44,090,574,438 bytes read
  Partitioned compression: HG005_GRCh38: rdf-scan heartbeat — 297,719,210 triples · 44,157,683,399 bytes read
  Partitioned compression: HG005_GRCh38: rdf-scan heartbeat — 298,160,686 triples · 44,224,792,408 bytes read
  Partitioned compression: HG005_GRCh38: rdf-scan heartbeat — 298,602,090 triples · 44,291,901,412 bytes read
  Partitioned compression: HG005_GRCh38: rdf-scan heartbeat — 299,043,459 triples · 44,359,010,323 bytes read
  Partitioned compression: HG005_GRCh38: rdf-scan heartbeat — 299,484,868 triples · 44,426,119,323 bytes read
  Partitioned compression: HG005_GRCh38: rdf-scan heartbeat — 299,926,267 triples · 44,493,228,333 bytes read
  Partitioned compression: HG005_GRCh38: rdf-scan chunk — 300,367,406 triples · 83 chunks · 44,560,291,520 bytes read
  Partitioned compression: HG005_GRCh38: hdt-chunks started — 82 chunks · hdt-build-00082
  Partitioned compression: HG005_GRCh38: hdt-chunks complete — 83 chunks · hdt-build-00082
  Partitioned compression: HG005_GRCh38: cottas-chunks started — 82 chunks · cottas-build-00082
  Partitioned compression: HG005_GRCh38: cottas-chunks complete — 83 chunks · cottas-build-00082
  Partitioned compression: HG005_GRCh38: rdf-scan heartbeat — 300,367,707 triples · 44,560,337,308 bytes read
  Partitioned compression: HG005_GRCh38: rdf-scan heartbeat — 300,809,133 triples · 44,627,446,317 bytes read
  Partitioned compression: HG005_GRCh38: rdf-scan heartbeat — 301,250,665 triples · 44,694,555,229 bytes read
  Partitioned compression: HG005_GRCh38: rdf-scan heartbeat — 301,692,128 triples · 44,761,664,116 bytes read
  Partitioned compression: HG005_GRCh38: rdf-scan heartbeat — 302,133,614 triples · 44,828,772,993 bytes read
  Partitioned compression: HG005_GRCh38: rdf-scan heartbeat — 302,575,064 triples · 44,895,881,864 bytes read
  Partitioned compression: HG005_GRCh38: rdf-scan heartbeat — 303,016,501 triples · 44,962,990,883 bytes read
  Partitioned compression: HG005_GRCh38: rdf-scan heartbeat — 303,457,923 triples · 45,030,099,766 bytes read
  Partitioned compression: HG005_GRCh38: rdf-scan chunk — 303,899,083 triples · 84 chunks · 45,097,162,542 bytes read
  Partitioned compression: HG005_GRCh38: hdt-chunks started — 83 chunks · hdt-build-00083
  Partitioned compression: HG005_GRCh38: hdt-chunks complete — 84 chunks · hdt-build-00083
  Partitioned compression: HG005_GRCh38: cottas-chunks started — 83 chunks · cottas-build-00083
  Partitioned compression: HG005_GRCh38: cottas-chunks complete — 84 chunks · cottas-build-00083
  Partitioned compression: HG005_GRCh38: rdf-scan heartbeat — 303,899,387 triples · 45,097,208,756 bytes read
  Partitioned compression: HG005_GRCh38: rdf-scan heartbeat — 304,340,845 triples · 45,164,317,727 bytes read
  Partitioned compression: HG005_GRCh38: rdf-scan heartbeat — 304,782,308 triples · 45,231,426,641 bytes read
  Partitioned compression: HG005_GRCh38: rdf-scan heartbeat — 305,223,768 triples · 45,298,535,591 bytes read
  Partitioned compression: HG005_GRCh38: rdf-scan heartbeat — 305,665,263 triples · 45,365,644,512 bytes read
  Partitioned compression: HG005_GRCh38: rdf-scan heartbeat — 306,106,682 triples · 45,432,753,412 bytes read
  Partitioned compression: HG005_GRCh38: rdf-scan heartbeat — 306,548,118 triples · 45,499,862,407 bytes read
  Partitioned compression: HG005_GRCh38: rdf-scan heartbeat — 306,989,565 triples · 45,566,971,335 bytes read
  Partitioned compression: HG005_GRCh38: rdf-scan chunk — 307,430,677 triples · 85 chunks · 45,634,033,494 bytes read
  Partitioned compression: HG005_GRCh38: hdt-chunks started — 84 chunks · hdt-build-00084
  Partitioned compression: HG005_GRCh38: hdt-chunks complete — 85 chunks · hdt-build-00084
  Partitioned compression: HG005_GRCh38: cottas-chunks started — 84 chunks · cottas-build-00084
  Partitioned compression: HG005_GRCh38: cottas-chunks complete — 85 chunks · cottas-build-00084
  Partitioned compression: HG005_GRCh38: rdf-scan heartbeat — 307,430,985 triples · 45,634,080,266 bytes read
  Partitioned compression: HG005_GRCh38: rdf-scan heartbeat — 307,872,467 triples · 45,701,189,225 bytes read
  Partitioned compression: HG005_GRCh38: rdf-scan heartbeat — 308,315,020 triples · 45,768,298,135 bytes read
  Partitioned compression: HG005_GRCh38: rdf-scan heartbeat — 308,763,183 triples · 45,835,407,098 bytes read
  Partitioned compression: HG005_GRCh38: rdf-scan heartbeat — 309,209,828 triples · 45,902,515,996 bytes read
  Partitioned compression: HG005_GRCh38: rdf-scan heartbeat — 309,653,401 triples · 45,969,624,918 bytes read
  Partitioned compression: HG005_GRCh38: rdf-scan heartbeat — 310,096,999 triples · 46,036,733,927 bytes read
  Partitioned compression: HG005_GRCh38: rdf-scan heartbeat — 310,540,578 triples · 46,103,842,795 bytes read
  Partitioned compression: HG005_GRCh38: rdf-scan chunk — 310,983,832 triples · 86 chunks · 46,170,904,410 bytes read
  Partitioned compression: HG005_GRCh38: hdt-chunks started — 85 chunks · hdt-build-00085
  Partitioned compression: HG005_GRCh38: hdt-chunks complete — 86 chunks · hdt-build-00085
  Partitioned compression: HG005_GRCh38: cottas-chunks started — 85 chunks · cottas-build-00085
  Partitioned compression: HG005_GRCh38: cottas-chunks complete — 86 chunks · cottas-build-00085
  Partitioned compression: HG005_GRCh38: rdf-scan heartbeat — 310,984,148 triples · 46,170,951,702 bytes read
  Partitioned compression: HG005_GRCh38: rdf-scan heartbeat — 311,427,399 triples · 46,238,060,675 bytes read
  Partitioned compression: HG005_GRCh38: rdf-scan heartbeat — 311,871,048 triples · 46,305,169,610 bytes read
  Partitioned compression: HG005_GRCh38: rdf-scan heartbeat — 312,314,403 triples · 46,372,278,610 bytes read
  Partitioned compression: HG005_GRCh38: rdf-scan heartbeat — 312,757,741 triples · 46,439,387,543 bytes read
  Partitioned compression: HG005_GRCh38: rdf-scan heartbeat — 313,201,161 triples · 46,506,496,494 bytes read
  Partitioned compression: HG005_GRCh38: rdf-scan heartbeat — 313,644,526 triples · 46,573,605,376 bytes read
  Partitioned compression: HG005_GRCh38: rdf-scan heartbeat — 314,087,967 triples · 46,640,714,299 bytes read
  Partitioned compression: HG005_GRCh38: rdf-scan chunk — 314,531,030 triples · 87 chunks · 46,707,775,338 bytes read
  Partitioned compression: HG005_GRCh38: hdt-chunks started — 86 chunks · hdt-build-00086
  Partitioned compression: HG005_GRCh38: hdt-chunks complete — 87 chunks · hdt-build-00086
  Partitioned compression: HG005_GRCh38: cottas-chunks started — 86 chunks · cottas-build-00086
  Partitioned compression: HG005_GRCh38: cottas-chunks complete — 87 chunks · cottas-build-00086
  Partitioned compression: HG005_GRCh38: rdf-scan heartbeat — 314,531,347 triples · 46,707,823,301 bytes read
  Partitioned compression: HG005_GRCh38: rdf-scan heartbeat — 314,974,272 triples · 46,774,932,197 bytes read
  Partitioned compression: HG005_GRCh38: rdf-scan heartbeat — 315,417,345 triples · 46,842,041,097 bytes read
  Partitioned compression: HG005_GRCh38: rdf-scan heartbeat — 315,860,537 triples · 46,909,150,081 bytes read
  Partitioned compression: HG005_GRCh38: rdf-scan heartbeat — 316,303,672 triples · 46,976,259,081 bytes read
  Partitioned compression: HG005_GRCh38: rdf-scan heartbeat — 316,746,895 triples · 47,043,367,975 bytes read
  Partitioned compression: HG005_GRCh38: rdf-scan heartbeat — 317,190,310 triples · 47,110,476,892 bytes read
  Partitioned compression: HG005_GRCh38: rdf-scan heartbeat — 317,631,328 triples · 47,177,585,856 bytes read
  Partitioned compression: HG005_GRCh38: rdf-scan chunk — 318,070,872 triples · 88 chunks · 47,244,646,275 bytes read
  Partitioned compression: HG005_GRCh38: hdt-chunks started — 87 chunks · hdt-build-00087
  Partitioned compression: HG005_GRCh38: hdt-chunks complete — 88 chunks · hdt-build-00087
  Partitioned compression: HG005_GRCh38: cottas-chunks started — 87 chunks · cottas-build-00087
  Partitioned compression: HG005_GRCh38: cottas-chunks complete — 88 chunks · cottas-build-00087
  Partitioned compression: HG005_GRCh38: rdf-scan heartbeat — 318,071,192 triples · 47,244,694,810 bytes read
  Partitioned compression: HG005_GRCh38: rdf-scan heartbeat — 318,510,721 triples · 47,311,803,679 bytes read
  Partitioned compression: HG005_GRCh38: rdf-scan heartbeat — 318,950,523 triples · 47,378,912,644 bytes read
  Partitioned compression: HG005_GRCh38: rdf-scan heartbeat — 319,390,396 triples · 47,446,021,563 bytes read
  Partitioned compression: HG005_GRCh38: rdf-scan heartbeat — 319,830,129 triples · 47,513,130,449 bytes read
  Partitioned compression: HG005_GRCh38: rdf-scan heartbeat — 320,269,906 triples · 47,580,239,431 bytes read
  Partitioned compression: HG005_GRCh38: rdf-scan heartbeat — 320,709,599 triples · 47,647,348,373 bytes read
  Partitioned compression: HG005_GRCh38: rdf-scan heartbeat — 321,149,474 triples · 47,714,457,347 bytes read
  Partitioned compression: HG005_GRCh38: rdf-scan chunk — 321,588,832 triples · 89 chunks · 47,781,517,312 bytes read
  Partitioned compression: HG005_GRCh38: hdt-chunks started — 88 chunks · hdt-build-00088
  Partitioned compression: HG005_GRCh38: hdt-chunks complete — 89 chunks · hdt-build-00088
  Partitioned compression: HG005_GRCh38: cottas-chunks started — 88 chunks · cottas-build-00088
  Partitioned compression: HG005_GRCh38: cottas-chunks complete — 89 chunks · cottas-build-00088
  Partitioned compression: HG005_GRCh38: rdf-scan heartbeat — 321,589,154 triples · 47,781,566,742 bytes read
  Partitioned compression: HG005_GRCh38: rdf-scan heartbeat — 322,028,743 triples · 47,848,675,615 bytes read
  Partitioned compression: HG005_GRCh38: rdf-scan heartbeat — 322,468,587 triples · 47,915,784,548 bytes read
  Partitioned compression: HG005_GRCh38: rdf-scan heartbeat — 322,908,550 triples · 47,982,893,550 bytes read
  Partitioned compression: HG005_GRCh38: rdf-scan heartbeat — 323,350,468 triples · 48,050,002,542 bytes read
  Partitioned compression: HG005_GRCh38: rdf-scan heartbeat — 323,790,652 triples · 48,117,111,534 bytes read
  Partitioned compression: HG005_GRCh38: rdf-scan heartbeat — 324,230,809 triples · 48,184,220,476 bytes read
  Partitioned compression: HG005_GRCh38: rdf-scan heartbeat — 324,670,644 triples · 48,251,329,389 bytes read
  Partitioned compression: HG005_GRCh38: rdf-scan chunk — 325,110,129 triples · 90 chunks · 48,318,388,291 bytes read
  Partitioned compression: HG005_GRCh38: hdt-chunks started — 89 chunks · hdt-build-00089
  Partitioned compression: HG005_GRCh38: hdt-chunks complete — 90 chunks · hdt-build-00089
  Partitioned compression: HG005_GRCh38: cottas-chunks started — 89 chunks · cottas-build-00089
  Partitioned compression: HG005_GRCh38: cottas-chunks complete — 90 chunks · cottas-build-00089
  Partitioned compression: HG005_GRCh38: rdf-scan heartbeat — 325,110,455 triples · 48,318,438,328 bytes read
  Partitioned compression: HG005_GRCh38: rdf-scan heartbeat — 325,550,150 triples · 48,385,547,322 bytes read
  Partitioned compression: HG005_GRCh38: rdf-scan heartbeat — 325,989,911 triples · 48,452,656,269 bytes read
  Partitioned compression: HG005_GRCh38: rdf-scan heartbeat — 326,429,672 triples · 48,519,765,223 bytes read
  Partitioned compression: HG005_GRCh38: rdf-scan heartbeat — 326,869,491 triples · 48,586,874,120 bytes read
  Partitioned compression: HG005_GRCh38: rdf-scan heartbeat — 327,309,302 triples · 48,653,983,029 bytes read
  Partitioned compression: HG005_GRCh38: rdf-scan heartbeat — 327,748,876 triples · 48,721,091,901 bytes read
  Partitioned compression: HG005_GRCh38: rdf-scan heartbeat — 328,188,642 triples · 48,788,200,879 bytes read
  Partitioned compression: HG005_GRCh38: rdf-scan chunk — 328,628,133 triples · 91 chunks · 48,855,259,298 bytes read
  Partitioned compression: HG005_GRCh38: hdt-chunks started — 90 chunks · hdt-build-00090
  Partitioned compression: HG005_GRCh38: hdt-chunks complete — 91 chunks · hdt-build-00090
  Partitioned compression: HG005_GRCh38: cottas-chunks started — 90 chunks · cottas-build-00090
  Partitioned compression: HG005_GRCh38: cottas-chunks complete — 91 chunks · cottas-build-00090
  Partitioned compression: HG005_GRCh38: rdf-scan heartbeat — 328,628,461 triples · 48,855,309,987 bytes read
  Partitioned compression: HG005_GRCh38: rdf-scan heartbeat — 329,068,248 triples · 48,922,418,981 bytes read
  Partitioned compression: HG005_GRCh38: rdf-scan heartbeat — 329,508,072 triples · 48,989,527,921 bytes read
  Partitioned compression: HG005_GRCh38: rdf-scan heartbeat — 329,947,891 triples · 49,056,636,871 bytes read
  Partitioned compression: HG005_GRCh38: rdf-scan heartbeat — 330,387,830 triples · 49,123,745,833 bytes read
  Partitioned compression: HG005_GRCh38: rdf-scan heartbeat — 330,827,623 triples · 49,190,854,705 bytes read
  Partitioned compression: HG005_GRCh38: rdf-scan heartbeat — 331,267,345 triples · 49,257,963,832 bytes read
  Partitioned compression: HG005_GRCh38: rdf-scan heartbeat — 331,706,944 triples · 49,325,072,821 bytes read
  Partitioned compression: HG005_GRCh38: rdf-scan chunk — 332,146,236 triples · 92 chunks · 49,392,130,319 bytes read
  Partitioned compression: HG005_GRCh38: hdt-chunks started — 91 chunks · hdt-build-00091
  Partitioned compression: HG005_GRCh38: hdt-chunks complete — 92 chunks · hdt-build-00091
  Partitioned compression: HG005_GRCh38: cottas-chunks started — 91 chunks · cottas-build-00091
  Partitioned compression: HG005_GRCh38: cottas-chunks complete — 92 chunks · cottas-build-00091
  Partitioned compression: HG005_GRCh38: rdf-scan heartbeat — 332,146,573 triples · 49,392,181,806 bytes read
  Partitioned compression: HG005_GRCh38: rdf-scan heartbeat — 332,586,077 triples · 49,459,290,694 bytes read
  Partitioned compression: HG005_GRCh38: rdf-scan heartbeat — 333,026,042 triples · 49,526,399,595 bytes read
  Partitioned compression: HG005_GRCh38: rdf-scan heartbeat — 333,465,842 triples · 49,593,508,559 bytes read
  Partitioned compression: HG005_GRCh38: rdf-scan heartbeat — 333,905,598 triples · 49,660,617,530 bytes read
  Partitioned compression: HG005_GRCh38: rdf-scan heartbeat — 334,345,216 triples · 49,727,726,477 bytes read
  Partitioned compression: HG005_GRCh38: rdf-scan heartbeat — 334,784,951 triples · 49,794,835,431 bytes read
  Partitioned compression: HG005_GRCh38: rdf-scan heartbeat — 335,224,648 triples · 49,861,944,405 bytes read
  Partitioned compression: HG005_GRCh38: rdf-scan chunk — 335,664,464 triples · 93 chunks · 49,929,001,257 bytes read
  Partitioned compression: HG005_GRCh38: hdt-chunks started — 92 chunks · hdt-build-00092
  Partitioned compression: HG005_GRCh38: hdt-chunks complete — 93 chunks · hdt-build-00092
  Partitioned compression: HG005_GRCh38: cottas-chunks started — 92 chunks · cottas-build-00092
  Partitioned compression: HG005_GRCh38: cottas-chunks complete — 93 chunks · cottas-build-00092
  Partitioned compression: HG005_GRCh38: rdf-scan heartbeat — 335,664,807 triples · 49,929,053,395 bytes read
  Partitioned compression: HG005_GRCh38: rdf-scan heartbeat — 336,104,479 triples · 49,996,162,549 bytes read
  Partitioned compression: HG005_GRCh38: rdf-scan heartbeat — 336,544,775 triples · 50,063,271,502 bytes read
  Partitioned compression: HG005_GRCh38: rdf-scan heartbeat — 336,984,815 triples · 50,130,380,381 bytes read
  Partitioned compression: HG005_GRCh38: rdf-scan heartbeat — 337,424,587 triples · 50,197,489,309 bytes read
  Partitioned compression: HG005_GRCh38: rdf-scan heartbeat — 337,864,052 triples · 50,264,598,242 bytes read
  Partitioned compression: HG005_GRCh38: rdf-scan heartbeat — 338,303,752 triples · 50,331,707,108 bytes read
  Partitioned compression: HG005_GRCh38: rdf-scan heartbeat — 338,743,460 triples · 50,398,816,081 bytes read
  Partitioned compression: HG005_GRCh38: rdf-scan chunk — 339,182,551 triples · 94 chunks · 50,465,872,185 bytes read
  Partitioned compression: HG005_GRCh38: hdt-chunks started — 93 chunks · hdt-build-00093
  Partitioned compression: HG005_GRCh38: hdt-chunks complete — 94 chunks · hdt-build-00093
  Partitioned compression: HG005_GRCh38: cottas-chunks started — 93 chunks · cottas-build-00093
  Partitioned compression: HG005_GRCh38: cottas-chunks complete — 94 chunks · cottas-build-00093
  Partitioned compression: HG005_GRCh38: rdf-scan heartbeat — 339,182,902 triples · 50,465,925,016 bytes read
  Partitioned compression: HG005_GRCh38: rdf-scan heartbeat — 339,622,440 triples · 50,533,033,973 bytes read
  Partitioned compression: HG005_GRCh38: rdf-scan heartbeat — 340,062,184 triples · 50,600,142,889 bytes read
  Partitioned compression: HG005_GRCh38: rdf-scan heartbeat — 340,501,854 triples · 50,667,251,846 bytes read
  Partitioned compression: HG005_GRCh38: rdf-scan heartbeat — 340,941,620 triples · 50,734,360,784 bytes read
  Partitioned compression: HG005_GRCh38: rdf-scan heartbeat — 341,381,278 triples · 50,801,469,657 bytes read
  Partitioned compression: HG005_GRCh38: rdf-scan heartbeat — 341,820,801 triples · 50,868,578,581 bytes read
  Partitioned compression: HG005_GRCh38: rdf-scan heartbeat — 342,260,423 triples · 50,935,687,477 bytes read
  Partitioned compression: HG005_GRCh38: rdf-scan chunk — 342,699,720 triples · 95 chunks · 51,002,743,176 bytes read
  Partitioned compression: HG005_GRCh38: hdt-chunks started — 94 chunks · hdt-build-00094
  Partitioned compression: HG005_GRCh38: hdt-chunks complete — 95 chunks · hdt-build-00094
  Partitioned compression: HG005_GRCh38: cottas-chunks started — 94 chunks · cottas-build-00094
  Partitioned compression: HG005_GRCh38: cottas-chunks complete — 95 chunks · cottas-build-00094
  Partitioned compression: HG005_GRCh38: rdf-scan heartbeat — 342,700,067 triples · 51,002,796,418 bytes read
  Partitioned compression: HG005_GRCh38: rdf-scan heartbeat — 343,139,541 triples · 51,069,905,349 bytes read
  Partitioned compression: HG005_GRCh38: rdf-scan heartbeat — 343,579,149 triples · 51,137,014,324 bytes read
  Partitioned compression: HG005_GRCh38: rdf-scan heartbeat — 344,018,621 triples · 51,204,123,233 bytes read
  Partitioned compression: HG005_GRCh38: rdf-scan heartbeat — 344,458,271 triples · 51,271,232,237 bytes read
  Partitioned compression: HG005_GRCh38: rdf-scan heartbeat — 344,897,947 triples · 51,338,341,119 bytes read
  Partitioned compression: HG005_GRCh38: rdf-scan heartbeat — 345,337,783 triples · 51,405,450,087 bytes read
  Partitioned compression: HG005_GRCh38: rdf-scan heartbeat — 345,777,450 triples · 51,472,559,036 bytes read
  Partitioned compression: HG005_GRCh38: rdf-scan chunk — 346,216,939 triples · 96 chunks · 51,539,614,097 bytes read
  Partitioned compression: HG005_GRCh38: hdt-chunks started — 95 chunks · hdt-build-00095
  Partitioned compression: HG005_GRCh38: hdt-chunks complete — 96 chunks · hdt-build-00095
  Partitioned compression: HG005_GRCh38: cottas-chunks started — 95 chunks · cottas-build-00095
  Partitioned compression: HG005_GRCh38: cottas-chunks complete — 96 chunks · cottas-build-00095
  Partitioned compression: HG005_GRCh38: rdf-scan heartbeat — 346,217,292 triples · 51,539,667,941 bytes read
  Partitioned compression: HG005_GRCh38: rdf-scan heartbeat — 346,657,082 triples · 51,606,776,826 bytes read
  Partitioned compression: HG005_GRCh38: rdf-scan heartbeat — 347,096,951 triples · 51,673,885,732 bytes read
  Partitioned compression: HG005_GRCh38: rdf-scan heartbeat — 347,536,602 triples · 51,740,994,743 bytes read
  Partitioned compression: HG005_GRCh38: rdf-scan heartbeat — 347,976,510 triples · 51,808,103,632 bytes read
  Partitioned compression: HG005_GRCh38: rdf-scan heartbeat — 348,416,406 triples · 51,875,212,572 bytes read
  Partitioned compression: HG005_GRCh38: rdf-scan heartbeat — 348,856,008 triples · 51,942,321,449 bytes read
  Partitioned compression: HG005_GRCh38: rdf-scan heartbeat — 349,295,687 triples · 52,009,430,368 bytes read
  Partitioned compression: HG005_GRCh38: rdf-scan chunk — 349,735,191 triples · 97 chunks · 52,076,485,038 bytes read
  Partitioned compression: HG005_GRCh38: hdt-chunks started — 96 chunks · hdt-build-00096
  Partitioned compression: HG005_GRCh38: hdt-chunks complete — 97 chunks · hdt-build-00096
  Partitioned compression: HG005_GRCh38: cottas-chunks started — 96 chunks · cottas-build-00096
  Partitioned compression: HG005_GRCh38: cottas-chunks complete — 97 chunks · cottas-build-00096
  Partitioned compression: HG005_GRCh38: rdf-scan heartbeat — 349,735,545 triples · 52,076,539,302 bytes read
  Partitioned compression: HG005_GRCh38: rdf-scan heartbeat — 350,175,382 triples · 52,143,648,254 bytes read
  Partitioned compression: HG005_GRCh38: rdf-scan heartbeat — 350,615,252 triples · 52,210,757,197 bytes read
  Partitioned compression: HG005_GRCh38: rdf-scan heartbeat — 351,054,907 triples · 52,277,866,149 bytes read
  Partitioned compression: HG005_GRCh38: rdf-scan heartbeat — 351,494,557 triples · 52,344,975,146 bytes read
  Partitioned compression: HG005_GRCh38: rdf-scan heartbeat — 351,934,319 triples · 52,412,084,053 bytes read
  Partitioned compression: HG005_GRCh38: rdf-scan heartbeat — 352,374,194 triples · 52,479,193,043 bytes read
  Partitioned compression: HG005_GRCh38: rdf-scan heartbeat — 352,815,393 triples · 52,546,302,115 bytes read
  Partitioned compression: HG005_GRCh38: rdf-scan chunk — 353,254,629 triples · 98 chunks · 52,613,356,035 bytes read
  Partitioned compression: HG005_GRCh38: hdt-chunks started — 97 chunks · hdt-build-00097
  Partitioned compression: HG005_GRCh38: hdt-chunks complete — 98 chunks · hdt-build-00097
  Partitioned compression: HG005_GRCh38: cottas-chunks started — 97 chunks · cottas-build-00097
  Partitioned compression: HG005_GRCh38: cottas-chunks complete — 98 chunks · cottas-build-00097
  Partitioned compression: HG005_GRCh38: rdf-scan heartbeat — 353,254,988 triples · 52,613,411,248 bytes read
  Partitioned compression: HG005_GRCh38: rdf-scan heartbeat — 353,694,651 triples · 52,680,520,138 bytes read
  Partitioned compression: HG005_GRCh38: rdf-scan heartbeat — 354,134,333 triples · 52,747,629,116 bytes read
  Partitioned compression: HG005_GRCh38: rdf-scan heartbeat — 354,574,156 triples · 52,814,738,085 bytes read
  Partitioned compression: HG005_GRCh38: rdf-scan heartbeat — 355,013,684 triples · 52,881,846,965 bytes read
  Partitioned compression: HG005_GRCh38: rdf-scan heartbeat — 355,453,415 triples · 52,948,955,927 bytes read
  Partitioned compression: HG005_GRCh38: rdf-scan heartbeat — 355,893,188 triples · 53,016,064,839 bytes read
  Partitioned compression: HG005_GRCh38: rdf-scan heartbeat — 356,332,954 triples · 53,083,173,850 bytes read
  Partitioned compression: HG005_GRCh38: rdf-scan chunk — 356,772,337 triples · 99 chunks · 53,150,227,092 bytes read
  Partitioned compression: HG005_GRCh38: hdt-chunks started — 98 chunks · hdt-build-00098
  Partitioned compression: HG005_GRCh38: hdt-chunks complete — 99 chunks · hdt-build-00098
  Partitioned compression: HG005_GRCh38: cottas-chunks started — 98 chunks · cottas-build-00098
  Partitioned compression: HG005_GRCh38: cottas-chunks complete — 99 chunks · cottas-build-00098
  Partitioned compression: HG005_GRCh38: rdf-scan heartbeat — 356,772,705 triples · 53,150,282,869 bytes read
  Partitioned compression: HG005_GRCh38: rdf-scan heartbeat — 357,212,388 triples · 53,217,391,743 bytes read
  Partitioned compression: HG005_GRCh38: rdf-scan heartbeat — 357,652,023 triples · 53,284,500,687 bytes read
  Partitioned compression: HG005_GRCh38: rdf-scan heartbeat — 358,091,605 triples · 53,351,609,598 bytes read
  Partitioned compression: HG005_GRCh38: rdf-scan heartbeat — 358,531,151 triples · 53,418,718,596 bytes read
  Partitioned compression: HG005_GRCh38: rdf-scan heartbeat — 358,970,768 triples · 53,485,827,550 bytes read
  Partitioned compression: HG005_GRCh38: rdf-scan heartbeat — 359,410,579 triples · 53,552,936,447 bytes read
  Partitioned compression: HG005_GRCh38: rdf-scan heartbeat — 359,850,356 triples · 53,620,045,347 bytes read
  Partitioned compression: HG005_GRCh38: rdf-scan chunk — 360,289,761 triples · 100 chunks · 53,687,098,050 bytes read
  Partitioned compression: HG005_GRCh38: hdt-chunks started — 99 chunks · hdt-build-00099
  Partitioned compression: HG005_GRCh38: hdt-chunks complete — 100 chunks · hdt-build-00099
  Partitioned compression: HG005_GRCh38: cottas-chunks started — 99 chunks · cottas-build-00099
  Partitioned compression: HG005_GRCh38: cottas-chunks complete — 100 chunks · cottas-build-00099
  Partitioned compression: HG005_GRCh38: rdf-scan heartbeat — 360,290,133 triples · 53,687,154,226 bytes read
  Partitioned compression: HG005_GRCh38: rdf-scan heartbeat — 360,730,037 triples · 53,754,263,106 bytes read
  Partitioned compression: HG005_GRCh38: rdf-scan heartbeat — 361,169,782 triples · 53,821,372,057 bytes read
  Partitioned compression: HG005_GRCh38: rdf-scan heartbeat — 361,609,385 triples · 53,888,480,938 bytes read
  Partitioned compression: HG005_GRCh38: rdf-scan heartbeat — 362,049,287 triples · 53,955,589,822 bytes read
  Partitioned compression: HG005_GRCh38: rdf-scan heartbeat — 362,488,812 triples · 54,022,698,710 bytes read
  Partitioned compression: HG005_GRCh38: rdf-scan heartbeat — 362,928,508 triples · 54,089,807,636 bytes read
  Partitioned compression: HG005_GRCh38: rdf-scan heartbeat — 363,368,204 triples · 54,156,916,610 bytes read
  Partitioned compression: HG005_GRCh38: rdf-scan chunk — 363,807,457 triples · 101 chunks · 54,223,969,015 bytes read
  Partitioned compression: HG005_GRCh38: hdt-chunks started — 100 chunks · hdt-build-00100
  Partitioned compression: HG005_GRCh38: hdt-chunks complete — 101 chunks · hdt-build-00100
  Partitioned compression: HG005_GRCh38: cottas-chunks started — 100 chunks · cottas-build-00100
  Partitioned compression: HG005_GRCh38: cottas-chunks complete — 101 chunks · cottas-build-00100
  Partitioned compression: HG005_GRCh38: rdf-scan heartbeat — 363,807,825 triples · 54,224,025,506 bytes read
  Partitioned compression: HG005_GRCh38: rdf-scan heartbeat — 364,247,449 triples · 54,291,134,457 bytes read
  Partitioned compression: HG005_GRCh38: rdf-scan heartbeat — 364,687,135 triples · 54,358,243,425 bytes read
  Partitioned compression: HG005_GRCh38: rdf-scan heartbeat — 365,127,086 triples · 54,425,352,370 bytes read
  Partitioned compression: HG005_GRCh38: rdf-scan heartbeat — 365,566,603 triples · 54,492,461,424 bytes read
  Partitioned compression: HG005_GRCh38: rdf-scan heartbeat — 366,006,367 triples · 54,559,570,395 bytes read
  Partitioned compression: HG005_GRCh38: rdf-scan heartbeat — 366,446,236 triples · 54,626,679,317 bytes read
  Partitioned compression: HG005_GRCh38: rdf-scan heartbeat — 366,885,811 triples · 54,693,788,238 bytes read
  Partitioned compression: HG005_GRCh38: rdf-scan chunk — 367,325,126 triples · 102 chunks · 54,760,840,065 bytes read
  Partitioned compression: HG005_GRCh38: hdt-chunks started — 101 chunks · hdt-build-00101
  Partitioned compression: HG005_GRCh38: hdt-chunks complete — 102 chunks · hdt-build-00101
  Partitioned compression: HG005_GRCh38: cottas-chunks started — 101 chunks · cottas-build-00101
  Partitioned compression: HG005_GRCh38: cottas-chunks complete — 102 chunks · cottas-build-00101
  Partitioned compression: HG005_GRCh38: rdf-scan heartbeat — 367,325,499 triples · 54,760,897,215 bytes read
  Partitioned compression: HG005_GRCh38: rdf-scan heartbeat — 367,765,200 triples · 54,828,006,079 bytes read
  Partitioned compression: HG005_GRCh38: rdf-scan heartbeat — 368,205,030 triples · 54,895,115,059 bytes read
  Partitioned compression: HG005_GRCh38: rdf-scan heartbeat — 368,644,894 triples · 54,962,224,118 bytes read
  Partitioned compression: HG005_GRCh38: rdf-scan heartbeat — 369,084,654 triples · 55,029,333,018 bytes read
  Partitioned compression: HG005_GRCh38: rdf-scan heartbeat — 369,524,308 triples · 55,096,442,003 bytes read
  Partitioned compression: HG005_GRCh38: rdf-scan heartbeat — 369,963,828 triples · 55,163,550,939 bytes read
  Partitioned compression: HG005_GRCh38: rdf-scan heartbeat — 370,403,517 triples · 55,230,659,913 bytes read
  Partitioned compression: HG005_GRCh38: rdf-scan chunk — 370,842,620 triples · 103 chunks · 55,297,710,989 bytes read
  Partitioned compression: HG005_GRCh38: hdt-chunks started — 102 chunks · hdt-build-00102
  Partitioned compression: HG005_GRCh38: hdt-chunks complete — 103 chunks · hdt-build-00102
  Partitioned compression: HG005_GRCh38: cottas-chunks started — 102 chunks · cottas-build-00102
  Partitioned compression: HG005_GRCh38: cottas-chunks complete — 103 chunks · cottas-build-00102
  Partitioned compression: HG005_GRCh38: rdf-scan heartbeat — 370,843,001 triples · 55,297,768,886 bytes read
  Partitioned compression: HG005_GRCh38: rdf-scan heartbeat — 371,282,898 triples · 55,364,877,795 bytes read
  Partitioned compression: HG005_GRCh38: rdf-scan heartbeat — 371,722,617 triples · 55,431,986,698 bytes read
  Partitioned compression: HG005_GRCh38: rdf-scan heartbeat — 372,162,508 triples · 55,499,095,602 bytes read
  Partitioned compression: HG005_GRCh38: rdf-scan heartbeat — 372,602,000 triples · 55,566,204,567 bytes read
  Partitioned compression: HG005_GRCh38: rdf-scan heartbeat — 373,042,071 triples · 55,633,313,509 bytes read
  Partitioned compression: HG005_GRCh38: rdf-scan heartbeat — 373,481,725 triples · 55,700,422,500 bytes read
  Partitioned compression: HG005_GRCh38: rdf-scan heartbeat — 373,921,529 triples · 55,767,531,439 bytes read
  Partitioned compression: HG005_GRCh38: rdf-scan chunk — 374,360,800 triples · 104 chunks · 55,834,581,930 bytes read
  Partitioned compression: HG005_GRCh38: hdt-chunks started — 103 chunks · hdt-build-00103
  Partitioned compression: HG005_GRCh38: hdt-chunks complete — 104 chunks · hdt-build-00103
  Partitioned compression: HG005_GRCh38: cottas-chunks started — 103 chunks · cottas-build-00103
  Partitioned compression: HG005_GRCh38: cottas-chunks complete — 104 chunks · cottas-build-00103
  Partitioned compression: HG005_GRCh38: rdf-scan heartbeat — 374,361,182 triples · 55,834,640,440 bytes read
  Partitioned compression: HG005_GRCh38: rdf-scan heartbeat — 374,800,729 triples · 55,901,749,364 bytes read
  Partitioned compression: HG005_GRCh38: rdf-scan heartbeat — 375,240,391 triples · 55,968,858,232 bytes read
  Partitioned compression: HG005_GRCh38: rdf-scan heartbeat — 375,679,928 triples · 56,035,967,136 bytes read
  Partitioned compression: HG005_GRCh38: rdf-scan heartbeat — 376,119,496 triples · 56,103,076,131 bytes read
  Partitioned compression: HG005_GRCh38: rdf-scan heartbeat — 376,559,585 triples · 56,170,185,029 bytes read
  Partitioned compression: HG005_GRCh38: rdf-scan heartbeat — 376,999,262 triples · 56,237,294,025 bytes read
  Partitioned compression: HG005_GRCh38: rdf-scan heartbeat — 377,438,963 triples · 56,304,402,976 bytes read
  Partitioned compression: HG005_GRCh38: rdf-scan chunk — 377,878,207 triples · 105 chunks · 56,371,452,961 bytes read
  Partitioned compression: HG005_GRCh38: hdt-chunks started — 104 chunks · hdt-build-00104
  Partitioned compression: HG005_GRCh38: hdt-chunks complete — 105 chunks · hdt-build-00104
  Partitioned compression: HG005_GRCh38: cottas-chunks started — 104 chunks · cottas-build-00104
  Partitioned compression: HG005_GRCh38: cottas-chunks complete — 105 chunks · cottas-build-00104
  Partitioned compression: HG005_GRCh38: rdf-scan heartbeat — 377,878,592 triples · 56,371,511,980 bytes read
  Partitioned compression: HG005_GRCh38: rdf-scan heartbeat — 378,319,041 triples · 56,438,620,962 bytes read
  Partitioned compression: HG005_GRCh38: rdf-scan heartbeat — 378,758,934 triples · 56,505,729,896 bytes read
  Partitioned compression: HG005_GRCh38: rdf-scan heartbeat — 379,198,730 triples · 56,572,838,923 bytes read
  Partitioned compression: HG005_GRCh38: rdf-scan heartbeat — 379,638,184 triples · 56,639,947,832 bytes read
  Partitioned compression: HG005_GRCh38: rdf-scan heartbeat — 380,077,912 triples · 56,707,056,733 bytes read
  Partitioned compression: HG005_GRCh38: rdf-scan heartbeat — 380,517,638 triples · 56,774,165,729 bytes read
  Partitioned compression: HG005_GRCh38: rdf-scan heartbeat — 380,957,226 triples · 56,841,274,692 bytes read
  Partitioned compression: HG005_GRCh38: rdf-scan chunk — 381,396,434 triples · 106 chunks · 56,908,323,900 bytes read
  Partitioned compression: HG005_GRCh38: hdt-chunks started — 105 chunks · hdt-build-00105
  Partitioned compression: HG005_GRCh38: hdt-chunks complete — 106 chunks · hdt-build-00105
  Partitioned compression: HG005_GRCh38: cottas-chunks started — 105 chunks · cottas-build-00105
  Partitioned compression: HG005_GRCh38: cottas-chunks complete — 106 chunks · cottas-build-00105
  Partitioned compression: HG005_GRCh38: rdf-scan heartbeat — 381,396,826 triples · 56,908,383,627 bytes read
  Partitioned compression: HG005_GRCh38: rdf-scan heartbeat — 381,836,647 triples · 56,975,492,960 bytes read
  Partitioned compression: HG005_GRCh38: rdf-scan heartbeat — 382,276,444 triples · 57,042,601,950 bytes read
  Partitioned compression: HG005_GRCh38: rdf-scan heartbeat — 382,716,563 triples · 57,109,710,862 bytes read
  Partitioned compression: HG005_GRCh38: rdf-scan heartbeat — 383,156,275 triples · 57,176,819,773 bytes read
  Partitioned compression: HG005_GRCh38: rdf-scan heartbeat — 383,596,060 triples · 57,243,928,750 bytes read
  Partitioned compression: HG005_GRCh38: rdf-scan heartbeat — 384,035,796 triples · 57,311,037,688 bytes read
  Partitioned compression: HG005_GRCh38: rdf-scan heartbeat — 384,475,427 triples · 57,378,146,643 bytes read
  Partitioned compression: HG005_GRCh38: rdf-scan chunk — 384,914,687 triples · 107 chunks · 57,445,194,820 bytes read
  Partitioned compression: HG005_GRCh38: hdt-chunks started — 106 chunks · hdt-build-00106
  Partitioned compression: HG005_GRCh38: hdt-chunks complete — 107 chunks · hdt-build-00106
  Partitioned compression: HG005_GRCh38: cottas-chunks started — 106 chunks · cottas-build-00106
  Partitioned compression: HG005_GRCh38: cottas-chunks complete — 107 chunks · cottas-build-00106
  Partitioned compression: HG005_GRCh38: rdf-scan heartbeat — 384,915,084 triples · 57,445,255,650 bytes read
  Partitioned compression: HG005_GRCh38: rdf-scan heartbeat — 385,354,679 triples · 57,512,364,564 bytes read
  Partitioned compression: HG005_GRCh38: rdf-scan heartbeat — 385,794,490 triples · 57,579,473,502 bytes read
  Partitioned compression: HG005_GRCh38: rdf-scan heartbeat — 386,234,164 triples · 57,646,582,466 bytes read
  Partitioned compression: HG005_GRCh38: rdf-scan heartbeat — 386,673,945 triples · 57,713,691,338 bytes read
  Partitioned compression: HG005_GRCh38: rdf-scan heartbeat — 387,113,742 triples · 57,780,800,220 bytes read
  Partitioned compression: HG005_GRCh38: rdf-scan heartbeat — 387,553,496 triples · 57,847,909,085 bytes read
  Partitioned compression: HG005_GRCh38: rdf-scan heartbeat — 387,993,198 triples · 57,915,017,957 bytes read
  Partitioned compression: HG005_GRCh38: rdf-scan chunk — 388,432,492 triples · 108 chunks · 57,982,065,799 bytes read
  Partitioned compression: HG005_GRCh38: hdt-chunks started — 107 chunks · hdt-build-00107
  Partitioned compression: HG005_GRCh38: hdt-chunks complete — 108 chunks · hdt-build-00107
  Partitioned compression: HG005_GRCh38: cottas-chunks started — 107 chunks · cottas-build-00107
  Partitioned compression: HG005_GRCh38: cottas-chunks complete — 108 chunks · cottas-build-00107
  Partitioned compression: HG005_GRCh38: rdf-scan heartbeat — 388,432,893 triples · 57,982,126,958 bytes read
  Partitioned compression: HG005_GRCh38: rdf-scan heartbeat — 388,872,685 triples · 58,049,235,925 bytes read
  Partitioned compression: HG005_GRCh38: rdf-scan heartbeat — 389,312,548 triples · 58,116,344,799 bytes read
  Partitioned compression: HG005_GRCh38: rdf-scan heartbeat — 389,752,183 triples · 58,183,453,707 bytes read
  Partitioned compression: HG005_GRCh38: rdf-scan heartbeat — 390,191,809 triples · 58,250,562,628 bytes read
  Partitioned compression: HG005_GRCh38: rdf-scan heartbeat — 390,631,291 triples · 58,317,671,515 bytes read
  Partitioned compression: HG005_GRCh38: rdf-scan heartbeat — 391,071,442 triples · 58,384,780,400 bytes read
  Partitioned compression: HG005_GRCh38: rdf-scan heartbeat — 391,511,442 triples · 58,451,889,369 bytes read
  Partitioned compression: HG005_GRCh38: rdf-scan chunk — 391,950,837 triples · 109 chunks · 58,518,936,818 bytes read
  Partitioned compression: HG005_GRCh38: hdt-chunks started — 108 chunks · hdt-build-00108
  Partitioned compression: HG005_GRCh38: hdt-chunks complete — 109 chunks · hdt-build-00108
  Partitioned compression: HG005_GRCh38: cottas-chunks started — 108 chunks · cottas-build-00108
  Partitioned compression: HG005_GRCh38: cottas-chunks complete — 109 chunks · cottas-build-00108
  Partitioned compression: HG005_GRCh38: rdf-scan heartbeat — 391,951,238 triples · 58,518,998,239 bytes read
  Partitioned compression: HG005_GRCh38: rdf-scan heartbeat — 392,390,949 triples · 58,586,107,202 bytes read
  Partitioned compression: HG005_GRCh38: rdf-scan heartbeat — 392,831,607 triples · 58,653,216,075 bytes read
  Partitioned compression: HG005_GRCh38: rdf-scan heartbeat — 393,271,273 triples · 58,720,324,958 bytes read
  Partitioned compression: HG005_GRCh38: rdf-scan heartbeat — 393,710,960 triples · 58,787,433,833 bytes read
  Partitioned compression: HG005_GRCh38: rdf-scan heartbeat — 394,150,580 triples · 58,854,542,838 bytes read
  Partitioned compression: HG005_GRCh38: rdf-scan heartbeat — 394,590,219 triples · 58,921,651,740 bytes read
  Partitioned compression: HG005_GRCh38: rdf-scan heartbeat — 395,029,933 triples · 58,988,760,665 bytes read
  Partitioned compression: HG005_GRCh38: rdf-scan chunk — 395,469,156 triples · 110 chunks · 59,055,807,760 bytes read
  Partitioned compression: HG005_GRCh38: hdt-chunks started — 109 chunks · hdt-build-00109
  Partitioned compression: HG005_GRCh38: hdt-chunks complete — 110 chunks · hdt-build-00109
  Partitioned compression: HG005_GRCh38: cottas-chunks started — 109 chunks · cottas-build-00109
  Partitioned compression: HG005_GRCh38: cottas-chunks complete — 110 chunks · cottas-build-00109
  Partitioned compression: HG005_GRCh38: rdf-scan heartbeat — 395,469,563 triples · 59,055,869,585 bytes read
  Partitioned compression: HG005_GRCh38: rdf-scan heartbeat — 395,909,145 triples · 59,122,978,487 bytes read
  Partitioned compression: HG005_GRCh38: rdf-scan heartbeat — 396,348,809 triples · 59,190,087,444 bytes read
  Partitioned compression: HG005_GRCh38: rdf-scan heartbeat — 396,788,157 triples · 59,257,196,363 bytes read
  Partitioned compression: HG005_GRCh38: rdf-scan heartbeat — 397,227,881 triples · 59,324,305,257 bytes read
  Partitioned compression: HG005_GRCh38: rdf-scan heartbeat — 397,667,458 triples · 59,391,414,139 bytes read
  Partitioned compression: HG005_GRCh38: rdf-scan heartbeat — 398,107,290 triples · 59,458,523,113 bytes read
  Partitioned compression: HG005_GRCh38: rdf-scan heartbeat — 398,547,192 triples · 59,525,632,065 bytes read
  Partitioned compression: HG005_GRCh38: rdf-scan chunk — 398,986,594 triples · 111 chunks · 59,592,678,811 bytes read
  Partitioned compression: HG005_GRCh38: hdt-chunks started — 110 chunks · hdt-build-00110
  Partitioned compression: HG005_GRCh38: hdt-chunks complete — 111 chunks · hdt-build-00110
  Partitioned compression: HG005_GRCh38: cottas-chunks started — 110 chunks · cottas-build-00110
  Partitioned compression: HG005_GRCh38: cottas-chunks complete — 111 chunks · cottas-build-00110
  Partitioned compression: HG005_GRCh38: rdf-scan heartbeat — 398,987,006 triples · 59,592,740,943 bytes read
  Partitioned compression: HG005_GRCh38: rdf-scan heartbeat — 399,424,310 triples · 59,659,849,850 bytes read
  Partitioned compression: HG005_GRCh38: rdf-scan heartbeat — 399,860,660 triples · 59,726,958,848 bytes read
  Partitioned compression: HG005_GRCh38: rdf-scan heartbeat — 400,297,318 triples · 59,794,068,138 bytes read
  Partitioned compression: HG005_GRCh38: rdf-scan heartbeat — 400,733,832 triples · 59,861,177,013 bytes read
  Partitioned compression: HG005_GRCh38: rdf-scan heartbeat — 401,170,284 triples · 59,928,286,021 bytes read
  Partitioned compression: HG005_GRCh38: rdf-scan heartbeat — 401,606,791 triples · 59,995,395,030 bytes read
  Partitioned compression: HG005_GRCh38: rdf-scan heartbeat — 402,043,171 triples · 60,062,503,953 bytes read
  Partitioned compression: HG005_GRCh38: rdf-scan chunk — 402,479,189 triples · 112 chunks · 60,129,549,757 bytes read
  Partitioned compression: HG005_GRCh38: hdt-chunks started — 111 chunks · hdt-build-00111
  Partitioned compression: HG005_GRCh38: hdt-chunks complete — 112 chunks · hdt-build-00111
  Partitioned compression: HG005_GRCh38: cottas-chunks started — 111 chunks · cottas-build-00111
  Partitioned compression: HG005_GRCh38: cottas-chunks complete — 112 chunks · cottas-build-00111
  Partitioned compression: HG005_GRCh38: rdf-scan heartbeat — 402,479,600 triples · 60,129,612,937 bytes read
  Partitioned compression: HG005_GRCh38: rdf-scan heartbeat — 402,915,860 triples · 60,196,721,836 bytes read
  Partitioned compression: HG005_GRCh38: rdf-scan heartbeat — 403,352,182 triples · 60,263,830,745 bytes read
  Partitioned compression: HG005_GRCh38: rdf-scan heartbeat — 403,788,467 triples · 60,330,939,670 bytes read
  Partitioned compression: HG005_GRCh38: rdf-scan heartbeat — 404,224,767 triples · 60,398,048,562 bytes read
  Partitioned compression: HG005_GRCh38: rdf-scan heartbeat — 404,661,238 triples · 60,465,157,513 bytes read
  Partitioned compression: HG005_GRCh38: rdf-scan heartbeat — 405,097,819 triples · 60,532,266,508 bytes read
  Partitioned compression: HG005_GRCh38: rdf-scan heartbeat — 405,534,198 triples · 60,599,375,520 bytes read
  Partitioned compression: HG005_GRCh38: rdf-scan chunk — 405,970,159 triples · 113 chunks · 60,666,420,726 bytes read
  Partitioned compression: HG005_GRCh38: hdt-chunks started — 112 chunks · hdt-build-00112
  Partitioned compression: HG005_GRCh38: hdt-chunks complete — 113 chunks · hdt-build-00112
  Partitioned compression: HG005_GRCh38: cottas-chunks started — 112 chunks · cottas-build-00112
  Partitioned compression: HG005_GRCh38: cottas-chunks complete — 113 chunks · cottas-build-00112
  Partitioned compression: HG005_GRCh38: rdf-scan heartbeat — 405,970,573 triples · 60,666,484,392 bytes read
  Partitioned compression: HG005_GRCh38: rdf-scan heartbeat — 406,407,234 triples · 60,733,593,347 bytes read
  Partitioned compression: HG005_GRCh38: rdf-scan heartbeat — 406,843,486 triples · 60,800,702,309 bytes read
  Partitioned compression: HG005_GRCh38: rdf-scan heartbeat — 407,279,823 triples · 60,867,811,247 bytes read
  Partitioned compression: HG005_GRCh38: rdf-scan heartbeat — 407,716,642 triples · 60,934,920,234 bytes read
  Partitioned compression: HG005_GRCh38: rdf-scan heartbeat — 408,152,790 triples · 61,002,029,237 bytes read
  Partitioned compression: HG005_GRCh38: rdf-scan heartbeat — 408,589,123 triples · 61,069,138,288 bytes read
  Partitioned compression: HG005_GRCh38: rdf-scan heartbeat — 409,025,349 triples · 61,136,247,261 bytes read
  Partitioned compression: HG005_GRCh38: rdf-scan chunk — 409,461,278 triples · 114 chunks · 61,203,291,715 bytes read
  Partitioned compression: HG005_GRCh38: hdt-chunks started — 113 chunks · hdt-build-00113
  Partitioned compression: HG005_GRCh38: hdt-chunks complete — 114 chunks · hdt-build-00113
  Partitioned compression: HG005_GRCh38: cottas-chunks started — 113 chunks · cottas-build-00113
  Partitioned compression: HG005_GRCh38: cottas-chunks complete — 114 chunks · cottas-build-00113
  Partitioned compression: HG005_GRCh38: rdf-scan heartbeat — 409,461,698 triples · 61,203,356,212 bytes read
  Partitioned compression: HG005_GRCh38: rdf-scan heartbeat — 409,898,037 triples · 61,270,465,213 bytes read
  Partitioned compression: HG005_GRCh38: rdf-scan heartbeat — 410,334,316 triples · 61,337,574,224 bytes read
  Partitioned compression: HG005_GRCh38: rdf-scan heartbeat — 410,770,635 triples · 61,404,683,159 bytes read
  Partitioned compression: HG005_GRCh38: rdf-scan heartbeat — 411,207,294 triples · 61,471,792,113 bytes read
  Partitioned compression: HG005_GRCh38: rdf-scan heartbeat — 411,643,569 triples · 61,538,900,977 bytes read
  Partitioned compression: HG005_GRCh38: rdf-scan heartbeat — 412,079,667 triples · 61,606,009,971 bytes read
  Partitioned compression: HG005_GRCh38: rdf-scan heartbeat — 412,516,031 triples · 61,673,118,963 bytes read
  Partitioned compression: HG005_GRCh38: rdf-scan chunk — 412,952,032 triples · 115 chunks · 61,740,162,633 bytes read
  Partitioned compression: HG005_GRCh38: hdt-chunks started — 114 chunks · hdt-build-00114
  Partitioned compression: HG005_GRCh38: hdt-chunks complete — 115 chunks · hdt-build-00114
  Partitioned compression: HG005_GRCh38: cottas-chunks started — 114 chunks · cottas-build-00114
  Partitioned compression: HG005_GRCh38: cottas-chunks complete — 115 chunks · cottas-build-00114
  Partitioned compression: HG005_GRCh38: rdf-scan heartbeat — 412,952,455 triples · 61,740,227,853 bytes read
  Partitioned compression: HG005_GRCh38: rdf-scan heartbeat — 413,388,607 triples · 61,807,336,869 bytes read
  Partitioned compression: HG005_GRCh38: rdf-scan heartbeat — 413,825,113 triples · 61,874,445,786 bytes read
  Partitioned compression: HG005_GRCh38: rdf-scan heartbeat — 414,261,460 triples · 61,941,554,678 bytes read
  Partitioned compression: HG005_GRCh38: rdf-scan heartbeat — 414,697,946 triples · 62,008,663,675 bytes read
  Partitioned compression: HG005_GRCh38: rdf-scan heartbeat — 415,134,190 triples · 62,075,772,654 bytes read
  Partitioned compression: HG005_GRCh38: rdf-scan heartbeat — 415,570,457 triples · 62,142,881,615 bytes read
  Partitioned compression: HG005_GRCh38: rdf-scan heartbeat — 416,006,522 triples · 62,209,990,530 bytes read
  Partitioned compression: HG005_GRCh38: rdf-scan chunk — 416,442,238 triples · 116 chunks · 62,277,034,164 bytes read
  Partitioned compression: HG005_GRCh38: hdt-chunks started — 115 chunks · hdt-build-00115
  Partitioned compression: HG005_GRCh38: hdt-chunks complete — 116 chunks · hdt-build-00115
  Partitioned compression: HG005_GRCh38: cottas-chunks started — 115 chunks · cottas-build-00115
  Partitioned compression: HG005_GRCh38: cottas-chunks complete — 116 chunks · cottas-build-00115
  Partitioned compression: HG005_GRCh38: rdf-scan heartbeat — 416,442,665 triples · 62,277,099,413 bytes read
  Partitioned compression: HG005_GRCh38: rdf-scan heartbeat — 416,878,853 triples · 62,344,208,343 bytes read
  Partitioned compression: HG005_GRCh38: rdf-scan heartbeat — 417,315,111 triples · 62,411,317,298 bytes read
  Partitioned compression: HG005_GRCh38: rdf-scan heartbeat — 417,751,441 triples · 62,478,426,235 bytes read
  Partitioned compression: HG005_GRCh38: rdf-scan heartbeat — 418,187,996 triples · 62,545,535,180 bytes read
  Partitioned compression: HG005_GRCh38: rdf-scan heartbeat — 418,624,099 triples · 62,612,644,047 bytes read
  Partitioned compression: HG005_GRCh38: rdf-scan heartbeat — 419,060,354 triples · 62,679,752,967 bytes read
  Partitioned compression: HG005_GRCh38: rdf-scan heartbeat — 419,496,506 triples · 62,746,861,869 bytes read
  Partitioned compression: HG005_GRCh38: rdf-scan chunk — 419,932,177 triples · 117 chunks · 62,813,905,090 bytes read
  Partitioned compression: HG005_GRCh38: hdt-chunks started — 116 chunks · hdt-build-00116
  Partitioned compression: HG005_GRCh38: hdt-chunks complete — 117 chunks · hdt-build-00116
  Partitioned compression: HG005_GRCh38: cottas-chunks started — 116 chunks · cottas-build-00116
  Partitioned compression: HG005_GRCh38: cottas-chunks complete — 117 chunks · cottas-build-00116
  Partitioned compression: HG005_GRCh38: rdf-scan heartbeat — 419,932,603 triples · 62,813,970,799 bytes read
  Partitioned compression: HG005_GRCh38: rdf-scan heartbeat — 420,368,679 triples · 62,881,079,768 bytes read
  Partitioned compression: HG005_GRCh38: rdf-scan heartbeat — 420,805,152 triples · 62,948,188,650 bytes read
  Partitioned compression: HG005_GRCh38: rdf-scan heartbeat — 421,241,492 triples · 63,015,297,584 bytes read
  Partitioned compression: HG005_GRCh38: rdf-scan heartbeat — 421,677,745 triples · 63,082,406,577 bytes read
  Partitioned compression: HG005_GRCh38: rdf-scan heartbeat — 422,114,119 triples · 63,149,515,540 bytes read
  Partitioned compression: HG005_GRCh38: rdf-scan heartbeat — 422,550,533 triples · 63,216,624,482 bytes read
  Partitioned compression: HG005_GRCh38: rdf-scan heartbeat — 422,986,647 triples · 63,283,733,365 bytes read
  Partitioned compression: HG005_GRCh38: rdf-scan chunk — 423,422,301 triples · 118 chunks · 63,350,776,106 bytes read
  Partitioned compression: HG005_GRCh38: hdt-chunks started — 117 chunks · hdt-build-00117
  Partitioned compression: HG005_GRCh38: hdt-chunks complete — 118 chunks · hdt-build-00117
  Partitioned compression: HG005_GRCh38: cottas-chunks started — 117 chunks · cottas-build-00117
  Partitioned compression: HG005_GRCh38: cottas-chunks complete — 118 chunks · cottas-build-00117
  Partitioned compression: HG005_GRCh38: rdf-scan heartbeat — 423,422,731 triples · 63,350,842,369 bytes read
  Partitioned compression: HG005_GRCh38: rdf-scan heartbeat — 423,859,102 triples · 63,417,951,357 bytes read
  Partitioned compression: HG005_GRCh38: rdf-scan heartbeat — 424,295,979 triples · 63,485,060,324 bytes read
  Partitioned compression: HG005_GRCh38: rdf-scan heartbeat — 424,732,449 triples · 63,552,169,319 bytes read
  Partitioned compression: HG005_GRCh38: rdf-scan heartbeat — 425,168,653 triples · 63,619,278,221 bytes read
  Partitioned compression: HG005_GRCh38: rdf-scan heartbeat — 425,605,142 triples · 63,686,387,133 bytes read
  Partitioned compression: HG005_GRCh38: rdf-scan heartbeat — 426,041,675 triples · 63,753,496,104 bytes read
  Partitioned compression: HG005_GRCh38: rdf-scan heartbeat — 426,478,305 triples · 63,820,605,093 bytes read
  Partitioned compression: HG005_GRCh38: rdf-scan chunk — 426,913,950 triples · 119 chunks · 63,887,647,100 bytes read
  Partitioned compression: HG005_GRCh38: hdt-chunks started — 118 chunks · hdt-build-00118
  Partitioned compression: HG005_GRCh38: hdt-chunks complete — 119 chunks · hdt-build-00118
  Partitioned compression: HG005_GRCh38: cottas-chunks started — 118 chunks · cottas-build-00118
  Partitioned compression: HG005_GRCh38: cottas-chunks complete — 119 chunks · cottas-build-00118
  Partitioned compression: HG005_GRCh38: rdf-scan heartbeat — 426,914,384 triples · 63,887,714,031 bytes read
  Partitioned compression: HG005_GRCh38: rdf-scan heartbeat — 427,350,667 triples · 63,954,822,919 bytes read
  Partitioned compression: HG005_GRCh38: rdf-scan heartbeat — 427,787,086 triples · 64,021,931,804 bytes read
  Partitioned compression: HG005_GRCh38: rdf-scan heartbeat — 428,223,479 triples · 64,089,040,764 bytes read
  Partitioned compression: HG005_GRCh38: rdf-scan heartbeat — 428,660,017 triples · 64,156,149,648 bytes read
  Partitioned compression: HG005_GRCh38: rdf-scan heartbeat — 429,096,334 triples · 64,223,258,658 bytes read
  Partitioned compression: HG005_GRCh38: rdf-scan heartbeat — 429,532,688 triples · 64,290,367,557 bytes read
  Partitioned compression: HG005_GRCh38: rdf-scan heartbeat — 429,969,386 triples · 64,357,476,543 bytes read
  Partitioned compression: HG005_GRCh38: rdf-scan chunk — 430,405,375 triples · 120 chunks · 64,424,518,148 bytes read
  Partitioned compression: HG005_GRCh38: hdt-chunks started — 119 chunks · hdt-build-00119
  Partitioned compression: HG005_GRCh38: hdt-chunks complete — 120 chunks · hdt-build-00119
  Partitioned compression: HG005_GRCh38: cottas-chunks started — 119 chunks · cottas-build-00119
  Partitioned compression: HG005_GRCh38: cottas-chunks complete — 120 chunks · cottas-build-00119
  Partitioned compression: HG005_GRCh38: rdf-scan heartbeat — 430,405,815 triples · 64,424,585,438 bytes read
  Partitioned compression: HG005_GRCh38: rdf-scan heartbeat — 430,841,991 triples · 64,491,694,431 bytes read
  Partitioned compression: HG005_GRCh38: rdf-scan heartbeat — 431,278,140 triples · 64,558,803,315 bytes read
  Partitioned compression: HG005_GRCh38: rdf-scan heartbeat — 431,714,335 triples · 64,625,912,310 bytes read
  Partitioned compression: HG005_GRCh38: rdf-scan heartbeat — 432,150,680 triples · 64,693,021,215 bytes read
  Partitioned compression: HG005_GRCh38: rdf-scan heartbeat — 432,587,020 triples · 64,760,130,172 bytes read
  Partitioned compression: HG005_GRCh38: rdf-scan heartbeat — 433,023,305 triples · 64,827,239,149 bytes read
  Partitioned compression: HG005_GRCh38: rdf-scan heartbeat — 433,459,632 triples · 64,894,348,454 bytes read
  Partitioned compression: HG005_GRCh38: rdf-scan chunk — 433,895,458 triples · 121 chunks · 64,961,389,077 bytes read
  Partitioned compression: HG005_GRCh38: hdt-chunks started — 120 chunks · hdt-build-00120
  Partitioned compression: HG005_GRCh38: hdt-chunks complete — 121 chunks · hdt-build-00120
  Partitioned compression: HG005_GRCh38: cottas-chunks started — 120 chunks · cottas-build-00120
  Partitioned compression: HG005_GRCh38: cottas-chunks complete — 121 chunks · cottas-build-00120
  Partitioned compression: HG005_GRCh38: rdf-scan heartbeat — 433,895,900 triples · 64,961,457,418 bytes read
  Partitioned compression: HG005_GRCh38: rdf-scan heartbeat — 434,332,529 triples · 65,028,566,377 bytes read
  Partitioned compression: HG005_GRCh38: rdf-scan heartbeat — 434,768,759 triples · 65,095,675,306 bytes read
  Partitioned compression: HG005_GRCh38: rdf-scan heartbeat — 435,205,148 triples · 65,162,784,209 bytes read
  Partitioned compression: HG005_GRCh38: rdf-scan heartbeat — 435,641,477 triples · 65,229,893,177 bytes read
  Partitioned compression: HG005_GRCh38: rdf-scan heartbeat — 436,077,746 triples · 65,297,002,064 bytes read
  Partitioned compression: HG005_GRCh38: rdf-scan heartbeat — 436,514,059 triples · 65,364,110,936 bytes read
  Partitioned compression: HG005_GRCh38: rdf-scan heartbeat — 436,950,368 triples · 65,431,219,892 bytes read
  Partitioned compression: HG005_GRCh38: rdf-scan chunk — 437,386,460 triples · 122 chunks · 65,498,260,099 bytes read
  Partitioned compression: HG005_GRCh38: hdt-chunks started — 121 chunks · hdt-build-00121
  Partitioned compression: HG005_GRCh38: hdt-chunks complete — 122 chunks · hdt-build-00121
  Partitioned compression: HG005_GRCh38: cottas-chunks started — 121 chunks · cottas-build-00121
  Partitioned compression: HG005_GRCh38: cottas-chunks complete — 122 chunks · cottas-build-00121
  Partitioned compression: HG005_GRCh38: rdf-scan heartbeat — 437,386,905 triples · 65,498,328,759 bytes read
  Partitioned compression: HG005_GRCh38: rdf-scan heartbeat — 437,823,084 triples · 65,565,437,721 bytes read
  Partitioned compression: HG005_GRCh38: rdf-scan heartbeat — 438,259,316 triples · 65,632,546,587 bytes read
  Partitioned compression: HG005_GRCh38: rdf-scan heartbeat — 438,695,516 triples · 65,699,655,517 bytes read
  Partitioned compression: HG005_GRCh38: rdf-scan heartbeat — 439,132,293 triples · 65,766,764,449 bytes read
  Partitioned compression: HG005_GRCh38: rdf-scan heartbeat — 439,568,843 triples · 65,833,873,409 bytes read
  Partitioned compression: HG005_GRCh38: rdf-scan heartbeat — 440,004,931 triples · 65,900,982,278 bytes read
  Partitioned compression: HG005_GRCh38: rdf-scan heartbeat — 440,441,225 triples · 65,968,091,206 bytes read
  Partitioned compression: HG005_GRCh38: rdf-scan chunk — 440,876,932 triples · 123 chunks · 66,035,131,087 bytes read
  Partitioned compression: HG005_GRCh38: hdt-chunks started — 122 chunks · hdt-build-00122
  Partitioned compression: HG005_GRCh38: hdt-chunks complete — 123 chunks · hdt-build-00122
  Partitioned compression: HG005_GRCh38: cottas-chunks started — 122 chunks · cottas-build-00122
  Partitioned compression: HG005_GRCh38: cottas-chunks complete — 123 chunks · cottas-build-00122
  Partitioned compression: HG005_GRCh38: rdf-scan heartbeat — 440,877,383 triples · 66,035,200,169 bytes read
  Partitioned compression: HG005_GRCh38: rdf-scan heartbeat — 441,313,668 triples · 66,102,309,163 bytes read
  Partitioned compression: HG005_GRCh38: rdf-scan heartbeat — 441,749,842 triples · 66,169,418,166 bytes read
  Partitioned compression: HG005_GRCh38: rdf-scan heartbeat — 442,186,074 triples · 66,236,527,105 bytes read
  Partitioned compression: HG005_GRCh38: rdf-scan heartbeat — 442,622,396 triples · 66,303,636,008 bytes read
  Partitioned compression: HG005_GRCh38: rdf-scan heartbeat — 443,058,711 triples · 66,370,744,989 bytes read
  Partitioned compression: HG005_GRCh38: rdf-scan heartbeat — 443,495,348 triples · 66,437,853,853 bytes read
  Partitioned compression: HG005_GRCh38: rdf-scan heartbeat — 443,965,109 triples · 66,504,962,819 bytes read
  Partitioned compression: HG005_GRCh38: rdf-scan chunk — 444,431,081 triples · 124 chunks · 66,572,002,141 bytes read
  Partitioned compression: HG005_GRCh38: hdt-chunks started — 123 chunks · hdt-build-00123
  Partitioned compression: HG005_GRCh38: hdt-chunks complete — 124 chunks · hdt-build-00123
  Partitioned compression: HG005_GRCh38: cottas-chunks started — 123 chunks · cottas-build-00123
  Partitioned compression: HG005_GRCh38: cottas-chunks complete — 124 chunks · cottas-build-00123
  Partitioned compression: HG005_GRCh38: rdf-scan heartbeat — 444,431,534 triples · 66,572,071,746 bytes read
  Partitioned compression: HG005_GRCh38: rdf-scan heartbeat — 444,867,890 triples · 66,639,180,770 bytes read
  Partitioned compression: HG005_GRCh38: rdf-scan heartbeat — 445,303,755 triples · 66,706,289,651 bytes read
  Partitioned compression: HG005_GRCh38: rdf-scan heartbeat — 445,740,163 triples · 66,773,398,661 bytes read
  Partitioned compression: HG005_GRCh38: rdf-scan heartbeat — 446,176,412 triples · 66,840,508,109 bytes read
  Partitioned compression: HG005_GRCh38: rdf-scan heartbeat — 446,613,006 triples · 66,907,616,979 bytes read
  Partitioned compression: HG005_GRCh38: rdf-scan heartbeat — 447,049,188 triples · 66,974,726,278 bytes read
  Partitioned compression: HG005_GRCh38: rdf-scan heartbeat — 447,485,434 triples · 67,041,835,278 bytes read
  Partitioned compression: HG005_GRCh38: rdf-scan chunk — 447,921,702 triples · 125 chunks · 67,108,873,200 bytes read
  Partitioned compression: HG005_GRCh38: hdt-chunks started — 124 chunks · hdt-build-00124
  Partitioned compression: HG005_GRCh38: hdt-chunks complete — 125 chunks · hdt-build-00124
  Partitioned compression: HG005_GRCh38: cottas-chunks started — 124 chunks · cottas-build-00124
  Partitioned compression: HG005_GRCh38: cottas-chunks complete — 125 chunks · cottas-build-00124
  Partitioned compression: HG005_GRCh38: rdf-scan heartbeat — 447,922,166 triples · 67,108,944,334 bytes read
  Partitioned compression: HG005_GRCh38: rdf-scan heartbeat — 448,358,558 triples · 67,176,053,673 bytes read
  Partitioned compression: HG005_GRCh38: rdf-scan heartbeat — 448,794,961 triples · 67,243,162,658 bytes read
  Partitioned compression: HG005_GRCh38: rdf-scan heartbeat — 449,231,493 triples · 67,310,271,663 bytes read
  Partitioned compression: HG005_GRCh38: rdf-scan heartbeat — 449,667,912 triples · 67,377,380,540 bytes read
  Partitioned compression: HG005_GRCh38: rdf-scan heartbeat — 450,104,381 triples · 67,444,489,516 bytes read
  Partitioned compression: HG005_GRCh38: rdf-scan heartbeat — 450,540,768 triples · 67,511,598,389 bytes read
  Partitioned compression: HG005_GRCh38: rdf-scan heartbeat — 450,977,248 triples · 67,578,707,337 bytes read
  Partitioned compression: HG005_GRCh38: rdf-scan chunk — 451,413,405 triples · 126 chunks · 67,645,744,197 bytes read
  Partitioned compression: HG005_GRCh38: hdt-chunks started — 125 chunks · hdt-build-00125
  Partitioned compression: HG005_GRCh38: hdt-chunks complete — 126 chunks · hdt-build-00125
  Partitioned compression: HG005_GRCh38: cottas-chunks started — 125 chunks · cottas-build-00125
  Partitioned compression: HG005_GRCh38: cottas-chunks complete — 126 chunks · cottas-build-00125
  Partitioned compression: HG005_GRCh38: rdf-scan heartbeat — 451,413,876 triples · 67,645,816,275 bytes read
  Partitioned compression: HG005_GRCh38: rdf-scan heartbeat — 451,850,203 triples · 67,712,925,270 bytes read
  Partitioned compression: HG005_GRCh38: rdf-scan heartbeat — 452,286,379 triples · 67,780,034,271 bytes read
  Partitioned compression: HG005_GRCh38: rdf-scan heartbeat — 452,722,823 triples · 67,847,143,222 bytes read
  Partitioned compression: HG005_GRCh38: rdf-scan heartbeat — 453,159,223 triples · 67,914,252,122 bytes read
  Partitioned compression: HG005_GRCh38: rdf-scan heartbeat — 453,595,684 triples · 67,981,361,000 bytes read
  Partitioned compression: HG005_GRCh38: rdf-scan heartbeat — 454,032,018 triples · 68,048,469,888 bytes read
  Partitioned compression: HG005_GRCh38: rdf-scan heartbeat — 454,468,301 triples · 68,115,578,770 bytes read
  Partitioned compression: HG005_GRCh38: rdf-scan chunk — 454,904,296 triples · 127 chunks · 68,182,615,220 bytes read
  Partitioned compression: HG005_GRCh38: hdt-chunks started — 126 chunks · hdt-build-00126
  Partitioned compression: HG005_GRCh38: hdt-chunks complete — 127 chunks · hdt-build-00126
  Partitioned compression: HG005_GRCh38: cottas-chunks started — 126 chunks · cottas-build-00126
  Partitioned compression: HG005_GRCh38: cottas-chunks complete — 127 chunks · cottas-build-00126
  Partitioned compression: HG005_GRCh38: rdf-scan heartbeat — 454,904,769 triples · 68,182,687,727 bytes read
  Partitioned compression: HG005_GRCh38: rdf-scan heartbeat — 455,341,092 triples · 68,249,796,603 bytes read
  Partitioned compression: HG005_GRCh38: rdf-scan heartbeat — 455,777,637 triples · 68,316,905,506 bytes read
  Partitioned compression: HG005_GRCh38: rdf-scan heartbeat — 456,213,987 triples · 68,384,014,403 bytes read
  Partitioned compression: HG005_GRCh38: rdf-scan heartbeat — 456,650,185 triples · 68,451,123,369 bytes read
  Partitioned compression: HG005_GRCh38: rdf-scan heartbeat — 457,086,603 triples · 68,518,232,374 bytes read
  Partitioned compression: HG005_GRCh38: rdf-scan heartbeat — 457,522,719 triples · 68,585,341,362 bytes read
  Partitioned compression: HG005_GRCh38: rdf-scan heartbeat — 457,958,897 triples · 68,652,450,356 bytes read
  Partitioned compression: HG005_GRCh38: rdf-scan chunk — 458,394,576 triples · 128 chunks · 68,719,486,135 bytes read
  Partitioned compression: HG005_GRCh38: hdt-chunks started — 127 chunks · hdt-build-00127
  Partitioned compression: HG005_GRCh38: hdt-chunks complete — 128 chunks · hdt-build-00127
  Partitioned compression: HG005_GRCh38: cottas-chunks started — 127 chunks · cottas-build-00127
  Partitioned compression: HG005_GRCh38: cottas-chunks complete — 128 chunks · cottas-build-00127
  Partitioned compression: HG005_GRCh38: rdf-scan heartbeat — 458,395,048 triples · 68,719,559,230 bytes read
  Partitioned compression: HG005_GRCh38: rdf-scan heartbeat — 458,831,279 triples · 68,786,668,312 bytes read
  Partitioned compression: HG005_GRCh38: rdf-scan heartbeat — 459,267,497 triples · 68,853,777,238 bytes read
  Partitioned compression: HG005_GRCh38: rdf-scan heartbeat — 459,703,572 triples · 68,920,886,118 bytes read
  Partitioned compression: HG005_GRCh38: rdf-scan heartbeat — 460,139,810 triples · 68,987,995,005 bytes read
  Partitioned compression: HG005_GRCh38: rdf-scan heartbeat — 460,576,102 triples · 69,055,103,994 bytes read
  Partitioned compression: HG005_GRCh38: rdf-scan heartbeat — 461,012,104 triples · 69,122,212,942 bytes read
  Partitioned compression: HG005_GRCh38: rdf-scan heartbeat — 461,448,409 triples · 69,189,321,921 bytes read
  Partitioned compression: HG005_GRCh38: rdf-scan chunk — 461,884,332 triples · 129 chunks · 69,256,357,060 bytes read
  Partitioned compression: HG005_GRCh38: hdt-chunks started — 128 chunks · hdt-build-00128
  Partitioned compression: HG005_GRCh38: hdt-chunks complete — 129 chunks · hdt-build-00128
  Partitioned compression: HG005_GRCh38: cottas-chunks started — 128 chunks · cottas-build-00128
  Partitioned compression: HG005_GRCh38: cottas-chunks complete — 129 chunks · cottas-build-00128
  Partitioned compression: HG005_GRCh38: rdf-scan heartbeat — 461,884,812 triples · 69,256,430,794 bytes read
  Partitioned compression: HG005_GRCh38: rdf-scan heartbeat — 462,321,696 triples · 69,323,539,697 bytes read
  Partitioned compression: HG005_GRCh38: rdf-scan heartbeat — 462,758,100 triples · 69,390,648,601 bytes read
  Partitioned compression: HG005_GRCh38: rdf-scan heartbeat — 463,195,137 triples · 69,457,757,566 bytes read
  Partitioned compression: HG005_GRCh38: rdf-scan heartbeat — 463,631,106 triples · 69,524,866,462 bytes read
  Partitioned compression: HG005_GRCh38: rdf-scan heartbeat — 464,067,240 triples · 69,591,975,384 bytes read
  Partitioned compression: HG005_GRCh38: rdf-scan heartbeat — 464,503,558 triples · 69,659,084,365 bytes read
  Partitioned compression: HG005_GRCh38: rdf-scan heartbeat — 464,939,595 triples · 69,726,193,294 bytes read
  Partitioned compression: HG005_GRCh38: rdf-scan chunk — 465,375,286 triples · 130 chunks · 69,793,228,051 bytes read
  Partitioned compression: HG005_GRCh38: hdt-chunks started — 129 chunks · hdt-build-00129
  Partitioned compression: HG005_GRCh38: hdt-chunks complete — 130 chunks · hdt-build-00129
  Partitioned compression: HG005_GRCh38: cottas-chunks started — 129 chunks · cottas-build-00129
  Partitioned compression: HG005_GRCh38: cottas-chunks complete — 130 chunks · cottas-build-00129
  Partitioned compression: HG005_GRCh38: rdf-scan heartbeat — 465,375,770 triples · 69,793,302,303 bytes read
  Partitioned compression: HG005_GRCh38: rdf-scan heartbeat — 465,812,007 triples · 69,860,411,228 bytes read
  Partitioned compression: HG005_GRCh38: rdf-scan heartbeat — 466,248,171 triples · 69,927,520,207 bytes read
  Partitioned compression: HG005_GRCh38: rdf-scan heartbeat — 466,684,385 triples · 69,994,629,091 bytes read
  Partitioned compression: HG005_GRCh38: rdf-scan heartbeat — 467,120,949 triples · 70,061,738,013 bytes read
  Partitioned compression: HG005_GRCh38: rdf-scan heartbeat — 467,557,588 triples · 70,128,846,969 bytes read
  Partitioned compression: HG005_GRCh38: rdf-scan heartbeat — 467,993,810 triples · 70,195,955,940 bytes read
  Partitioned compression: HG005_GRCh38: rdf-scan heartbeat — 468,430,020 triples · 70,263,064,915 bytes read
  Partitioned compression: HG005_GRCh38: rdf-scan chunk — 468,865,638 triples · 131 chunks · 70,330,098,964 bytes read
  Partitioned compression: HG005_GRCh38: hdt-chunks started — 130 chunks · hdt-build-00130
  Partitioned compression: HG005_GRCh38: hdt-chunks complete — 131 chunks · hdt-build-00130
  Partitioned compression: HG005_GRCh38: cottas-chunks started — 130 chunks · cottas-build-00130
  Partitioned compression: HG005_GRCh38: cottas-chunks complete — 131 chunks · cottas-build-00130
  Partitioned compression: HG005_GRCh38: rdf-scan heartbeat — 468,866,125 triples · 70,330,173,783 bytes read
  Partitioned compression: HG005_GRCh38: rdf-scan heartbeat — 469,302,178 triples · 70,397,282,732 bytes read
  Partitioned compression: HG005_GRCh38: rdf-scan heartbeat — 469,738,329 triples · 70,464,391,672 bytes read
  Partitioned compression: HG005_GRCh38: rdf-scan heartbeat — 470,174,695 triples · 70,531,500,560 bytes read
  Partitioned compression: HG005_GRCh38: rdf-scan heartbeat — 470,612,702 triples · 70,598,609,553 bytes read
  Partitioned compression: HG005_GRCh38: rdf-scan heartbeat — 471,050,510 triples · 70,665,718,471 bytes read
  Partitioned compression: HG005_GRCh38: rdf-scan heartbeat — 471,487,069 triples · 70,732,827,399 bytes read
  Partitioned compression: HG005_GRCh38: rdf-scan heartbeat — 471,923,891 triples · 70,799,936,388 bytes read
  Partitioned compression: HG005_GRCh38: rdf-scan chunk — 472,360,046 triples · 132 chunks · 70,866,969,940 bytes read
  Partitioned compression: HG005_GRCh38: hdt-chunks started — 131 chunks · hdt-build-00131
  Partitioned compression: HG005_GRCh38: hdt-chunks complete — 132 chunks · hdt-build-00131
  Partitioned compression: HG005_GRCh38: cottas-chunks started — 131 chunks · cottas-build-00131
  Partitioned compression: HG005_GRCh38: cottas-chunks complete — 132 chunks · cottas-build-00131
  Partitioned compression: HG005_GRCh38: rdf-scan heartbeat — 472,360,535 triples · 70,867,045,313 bytes read
  Partitioned compression: HG005_GRCh38: rdf-scan heartbeat — 472,796,779 triples · 70,934,154,386 bytes read
  Partitioned compression: HG005_GRCh38: rdf-scan heartbeat — 473,233,171 triples · 71,001,263,315 bytes read
  Partitioned compression: HG005_GRCh38: rdf-scan heartbeat — 473,669,615 triples · 71,068,372,257 bytes read
  Partitioned compression: HG005_GRCh38: rdf-scan heartbeat — 474,106,248 triples · 71,135,481,147 bytes read
  Partitioned compression: HG005_GRCh38: rdf-scan heartbeat — 474,542,641 triples · 71,202,590,022 bytes read
  Partitioned compression: HG005_GRCh38: rdf-scan heartbeat — 474,979,530 triples · 71,269,698,887 bytes read
  Partitioned compression: HG005_GRCh38: rdf-scan heartbeat — 475,416,281 triples · 71,336,807,805 bytes read
  Partitioned compression: HG005_GRCh38: rdf-scan chunk — 475,852,089 triples · 133 chunks · 71,403,840,978 bytes read
  Partitioned compression: HG005_GRCh38: hdt-chunks started — 132 chunks · hdt-build-00132
  Partitioned compression: HG005_GRCh38: hdt-chunks complete — 133 chunks · hdt-build-00132
  Partitioned compression: HG005_GRCh38: cottas-chunks started — 132 chunks · cottas-build-00132
  Partitioned compression: HG005_GRCh38: cottas-chunks complete — 133 chunks · cottas-build-00132
  Partitioned compression: HG005_GRCh38: rdf-scan heartbeat — 475,852,583 triples · 71,403,916,683 bytes read
  Partitioned compression: HG005_GRCh38: rdf-scan heartbeat — 476,288,900 triples · 71,471,025,593 bytes read
  Partitioned compression: HG005_GRCh38: rdf-scan heartbeat — 476,725,273 triples · 71,538,134,491 bytes read
  Partitioned compression: HG005_GRCh38: rdf-scan heartbeat — 477,161,526 triples · 71,605,243,473 bytes read
  Partitioned compression: HG005_GRCh38: rdf-scan heartbeat — 477,597,877 triples · 71,672,352,371 bytes read
  Partitioned compression: HG005_GRCh38: rdf-scan heartbeat — 478,034,275 triples · 71,739,461,272 bytes read
  Partitioned compression: HG005_GRCh38: rdf-scan heartbeat — 478,470,825 triples · 71,806,570,271 bytes read
  Partitioned compression: HG005_GRCh38: rdf-scan heartbeat — 478,907,145 triples · 71,873,679,155 bytes read
  Partitioned compression: HG005_GRCh38: rdf-scan chunk — 479,342,996 triples · 134 chunks · 71,940,711,939 bytes read
  Partitioned compression: HG005_GRCh38: hdt-chunks started — 133 chunks · hdt-build-00133
  Partitioned compression: HG005_GRCh38: hdt-chunks complete — 134 chunks · hdt-build-00133
  Partitioned compression: HG005_GRCh38: cottas-chunks started — 133 chunks · cottas-build-00133
  Partitioned compression: HG005_GRCh38: cottas-chunks complete — 134 chunks · cottas-build-00133
  Partitioned compression: HG005_GRCh38: rdf-scan heartbeat — 479,343,491 triples · 71,940,788,058 bytes read
  Partitioned compression: HG005_GRCh38: rdf-scan heartbeat — 479,779,940 triples · 72,007,897,019 bytes read
  Partitioned compression: HG005_GRCh38: rdf-scan heartbeat — 480,216,762 triples · 72,075,005,937 bytes read
  Partitioned compression: HG005_GRCh38: rdf-scan heartbeat — 480,653,117 triples · 72,142,114,857 bytes read
  Partitioned compression: HG005_GRCh38: rdf-scan heartbeat — 481,089,906 triples · 72,209,223,795 bytes read
  Partitioned compression: HG005_GRCh38: rdf-scan heartbeat — 481,526,298 triples · 72,276,332,759 bytes read
  Partitioned compression: HG005_GRCh38: rdf-scan heartbeat — 481,962,737 triples · 72,343,441,714 bytes read
  Partitioned compression: HG005_GRCh38: rdf-scan heartbeat — 482,399,469 triples · 72,410,550,623 bytes read
  Partitioned compression: HG005_GRCh38: rdf-scan chunk — 482,835,581 triples · 135 chunks · 72,477,582,918 bytes read
  Partitioned compression: HG005_GRCh38: hdt-chunks started — 134 chunks · hdt-build-00134
  Partitioned compression: HG005_GRCh38: hdt-chunks complete — 135 chunks · hdt-build-00134
  Partitioned compression: HG005_GRCh38: cottas-chunks started — 134 chunks · cottas-build-00134
  Partitioned compression: HG005_GRCh38: cottas-chunks complete — 135 chunks · cottas-build-00134
  Partitioned compression: HG005_GRCh38: rdf-scan heartbeat — 482,836,079 triples · 72,477,659,528 bytes read
  Partitioned compression: HG005_GRCh38: rdf-scan heartbeat — 483,272,105 triples · 72,544,768,430 bytes read
  Partitioned compression: HG005_GRCh38: rdf-scan heartbeat — 483,707,941 triples · 72,611,877,377 bytes read
  Partitioned compression: HG005_GRCh38: rdf-scan heartbeat — 484,143,826 triples · 72,678,986,249 bytes read
  Partitioned compression: HG005_GRCh38: rdf-scan heartbeat — 484,580,750 triples · 72,746,095,265 bytes read
  Partitioned compression: HG005_GRCh38: rdf-scan heartbeat — 485,016,988 triples · 72,813,204,276 bytes read
  Partitioned compression: HG005_GRCh38: rdf-scan heartbeat — 485,453,376 triples · 72,880,313,244 bytes read
  Partitioned compression: HG005_GRCh38: rdf-scan heartbeat — 485,889,417 triples · 72,947,422,165 bytes read
  Partitioned compression: HG005_GRCh38: rdf-scan chunk — 486,324,919 triples · 136 chunks · 73,014,453,930 bytes read
  Partitioned compression: HG005_GRCh38: hdt-chunks started — 135 chunks · hdt-build-00135
  Partitioned compression: HG005_GRCh38: hdt-chunks complete — 136 chunks · hdt-build-00135
  Partitioned compression: HG005_GRCh38: cottas-chunks started — 135 chunks · cottas-build-00135
  Partitioned compression: HG005_GRCh38: cottas-chunks complete — 136 chunks · cottas-build-00135
  Partitioned compression: HG005_GRCh38: rdf-scan heartbeat — 486,325,420 triples · 73,014,531,179 bytes read
  Partitioned compression: HG005_GRCh38: rdf-scan heartbeat — 486,761,387 triples · 73,081,640,129 bytes read
  Partitioned compression: HG005_GRCh38: rdf-scan heartbeat — 487,197,511 triples · 73,148,749,529 bytes read
  Partitioned compression: HG005_GRCh38: rdf-scan heartbeat — 487,633,834 triples · 73,215,858,510 bytes read
  Partitioned compression: HG005_GRCh38: rdf-scan heartbeat — 488,070,020 triples · 73,282,967,379 bytes read
  Partitioned compression: HG005_GRCh38: rdf-scan heartbeat — 488,506,378 triples · 73,350,076,254 bytes read
  Partitioned compression: HG005_GRCh38: rdf-scan heartbeat — 488,942,635 triples · 73,417,185,129 bytes read
  Partitioned compression: HG005_GRCh38: rdf-scan heartbeat — 489,378,974 triples · 73,484,294,074 bytes read
  Partitioned compression: HG005_GRCh38: rdf-scan chunk — 489,815,207 triples · 137 chunks · 73,551,324,962 bytes read
  Partitioned compression: HG005_GRCh38: hdt-chunks started — 136 chunks · hdt-build-00136
  Partitioned compression: HG005_GRCh38: hdt-chunks complete — 137 chunks · hdt-build-00136
  Partitioned compression: HG005_GRCh38: cottas-chunks started — 136 chunks · cottas-build-00136
  Partitioned compression: HG005_GRCh38: cottas-chunks complete — 137 chunks · cottas-build-00136
  Partitioned compression: HG005_GRCh38: rdf-scan heartbeat — 489,815,713 triples · 73,551,403,166 bytes read
  Partitioned compression: HG005_GRCh38: rdf-scan heartbeat — 490,251,982 triples · 73,618,512,100 bytes read
  Partitioned compression: HG005_GRCh38: rdf-scan heartbeat — 490,688,246 triples · 73,685,621,040 bytes read
  Partitioned compression: HG005_GRCh38: rdf-scan heartbeat — 491,124,402 triples · 73,752,730,016 bytes read
  Partitioned compression: HG005_GRCh38: rdf-scan heartbeat — 491,560,556 triples · 73,819,838,932 bytes read
  Partitioned compression: HG005_GRCh38: rdf-scan heartbeat — 491,996,906 triples · 73,886,947,864 bytes read
  Partitioned compression: HG005_GRCh38: rdf-scan heartbeat — 492,433,254 triples · 73,954,056,874 bytes read
  Partitioned compression: HG005_GRCh38: rdf-scan heartbeat — 492,869,607 triples · 74,021,165,873 bytes read
  Partitioned compression: HG005_GRCh38: rdf-scan chunk — 493,305,529 triples · 138 chunks · 74,088,195,991 bytes read
  Partitioned compression: HG005_GRCh38: hdt-chunks started — 137 chunks · hdt-build-00137
  Partitioned compression: HG005_GRCh38: hdt-chunks complete — 138 chunks · hdt-build-00137
  Partitioned compression: HG005_GRCh38: cottas-chunks started — 137 chunks · cottas-build-00137
  Partitioned compression: HG005_GRCh38: cottas-chunks complete — 138 chunks · cottas-build-00137
  Partitioned compression: HG005_GRCh38: rdf-scan heartbeat — 493,306,044 triples · 74,088,274,760 bytes read
  Partitioned compression: HG005_GRCh38: rdf-scan heartbeat — 493,742,315 triples · 74,155,383,708 bytes read
  Partitioned compression: HG005_GRCh38: rdf-scan heartbeat — 494,178,737 triples · 74,222,492,658 bytes read
  Partitioned compression: HG005_GRCh38: rdf-scan heartbeat — 494,615,140 triples · 74,289,601,648 bytes read
  Partitioned compression: HG005_GRCh38: rdf-scan heartbeat — 495,051,462 triples · 74,356,710,621 bytes read
  Partitioned compression: HG005_GRCh38: rdf-scan heartbeat — 495,487,933 triples · 74,423,819,565 bytes read
  Partitioned compression: HG005_GRCh38: rdf-scan heartbeat — 495,924,186 triples · 74,490,928,447 bytes read
  Partitioned compression: HG005_GRCh38: rdf-scan heartbeat — 496,360,386 triples · 74,558,037,354 bytes read
  Partitioned compression: HG005_GRCh38: rdf-scan chunk — 496,796,229 triples · 139 chunks · 74,625,066,948 bytes read
  Partitioned compression: HG005_GRCh38: hdt-chunks started — 138 chunks · hdt-build-00138
  Partitioned compression: HG005_GRCh38: hdt-chunks complete — 139 chunks · hdt-build-00138
  Partitioned compression: HG005_GRCh38: cottas-chunks started — 138 chunks · cottas-build-00138
  Partitioned compression: HG005_GRCh38: cottas-chunks complete — 139 chunks · cottas-build-00138
  Partitioned compression: HG005_GRCh38: rdf-scan heartbeat — 496,796,743 triples · 74,625,146,310 bytes read
  Partitioned compression: HG005_GRCh38: rdf-scan heartbeat — 497,233,127 triples · 74,692,255,230 bytes read
  Partitioned compression: HG005_GRCh38: rdf-scan heartbeat — 497,669,388 triples · 74,759,364,108 bytes read
  Partitioned compression: HG005_GRCh38: rdf-scan heartbeat — 498,105,648 triples · 74,826,473,114 bytes read
  Partitioned compression: HG005_GRCh38: rdf-scan heartbeat — 498,541,793 triples · 74,893,582,154 bytes read
  Partitioned compression: HG005_GRCh38: rdf-scan heartbeat — 498,978,033 triples · 74,960,691,042 bytes read
  Partitioned compression: HG005_GRCh38: rdf-scan heartbeat — 499,414,231 triples · 75,027,800,021 bytes read
  Partitioned compression: HG005_GRCh38: rdf-scan heartbeat — 499,850,297 triples · 75,094,908,886 bytes read
  Partitioned compression: HG005_GRCh38: rdf-scan chunk — 500,286,027 triples · 140 chunks · 75,161,938,013 bytes read
  Partitioned compression: HG005_GRCh38: hdt-chunks started — 139 chunks · hdt-build-00139
  Partitioned compression: HG005_GRCh38: hdt-chunks complete — 140 chunks · hdt-build-00139
  Partitioned compression: HG005_GRCh38: cottas-chunks started — 139 chunks · cottas-build-00139
  Partitioned compression: HG005_GRCh38: cottas-chunks complete — 140 chunks · cottas-build-00139
  Partitioned compression: HG005_GRCh38: rdf-scan heartbeat — 500,286,544 triples · 75,162,017,807 bytes read
  Partitioned compression: HG005_GRCh38: rdf-scan heartbeat — 500,722,951 triples · 75,229,126,700 bytes read
  Partitioned compression: HG005_GRCh38: rdf-scan heartbeat — 501,159,999 triples · 75,296,235,671 bytes read
  Partitioned compression: HG005_GRCh38: rdf-scan heartbeat — 501,596,061 triples · 75,363,344,568 bytes read
  Partitioned compression: HG005_GRCh38: rdf-scan heartbeat — 502,032,047 triples · 75,430,453,481 bytes read
  Partitioned compression: HG005_GRCh38: rdf-scan heartbeat — 502,468,350 triples · 75,497,562,378 bytes read
  Partitioned compression: HG005_GRCh38: rdf-scan heartbeat — 502,904,420 triples · 75,564,671,278 bytes read
  Partitioned compression: HG005_GRCh38: rdf-scan heartbeat — 503,340,617 triples · 75,631,780,202 bytes read
  Partitioned compression: HG005_GRCh38: rdf-scan chunk — 503,776,281 triples · 141 chunks · 75,698,809,046 bytes read
  Partitioned compression: HG005_GRCh38: hdt-chunks started — 140 chunks · hdt-build-00140
  Partitioned compression: HG005_GRCh38: hdt-chunks complete — 141 chunks · hdt-build-00140
  Partitioned compression: HG005_GRCh38: cottas-chunks started — 140 chunks · cottas-build-00140
  Partitioned compression: HG005_GRCh38: cottas-chunks complete — 141 chunks · cottas-build-00140
  Partitioned compression: HG005_GRCh38: rdf-scan heartbeat — 503,776,801 triples · 75,698,889,157 bytes read
  Partitioned compression: HG005_GRCh38: rdf-scan heartbeat — 504,213,152 triples · 75,765,998,030 bytes read
  Partitioned compression: HG005_GRCh38: rdf-scan heartbeat — 504,649,358 triples · 75,833,106,946 bytes read
  Partitioned compression: HG005_GRCh38: rdf-scan heartbeat — 505,085,585 triples · 75,900,215,907 bytes read
  Partitioned compression: HG005_GRCh38: rdf-scan heartbeat — 505,521,848 triples · 75,967,324,832 bytes read
  Partitioned compression: HG005_GRCh38: rdf-scan heartbeat — 505,958,049 triples · 76,034,433,799 bytes read
  Partitioned compression: HG005_GRCh38: rdf-scan heartbeat — 506,394,384 triples · 76,101,542,733 bytes read
  Partitioned compression: HG005_GRCh38: rdf-scan heartbeat — 506,831,099 triples · 76,168,651,621 bytes read
  Partitioned compression: HG005_GRCh38: rdf-scan chunk — 507,266,894 triples · 142 chunks · 76,235,680,023 bytes read
  Partitioned compression: HG005_GRCh38: hdt-chunks started — 141 chunks · hdt-build-00141
  Partitioned compression: HG005_GRCh38: hdt-chunks complete — 142 chunks · hdt-build-00141
  Partitioned compression: HG005_GRCh38: cottas-chunks started — 141 chunks · cottas-build-00141
  Partitioned compression: HG005_GRCh38: cottas-chunks complete — 142 chunks · cottas-build-00141
  Partitioned compression: HG005_GRCh38: rdf-scan heartbeat — 507,267,421 triples · 76,235,760,597 bytes read
  Partitioned compression: HG005_GRCh38: rdf-scan heartbeat — 507,704,828 triples · 76,302,869,862 bytes read
  Partitioned compression: HG005_GRCh38: rdf-scan heartbeat — 508,141,147 triples · 76,369,978,861 bytes read
  Partitioned compression: HG005_GRCh38: rdf-scan heartbeat — 508,577,532 triples · 76,437,087,800 bytes read
  Partitioned compression: HG005_GRCh38: rdf-scan heartbeat — 509,013,913 triples · 76,504,196,683 bytes read
  Partitioned compression: HG005_GRCh38: rdf-scan heartbeat — 509,450,342 triples · 76,571,305,630 bytes read
  Partitioned compression: HG005_GRCh38: rdf-scan heartbeat — 509,886,606 triples · 76,638,414,563 bytes read
  Partitioned compression: HG005_GRCh38: rdf-scan heartbeat — 510,323,020 triples · 76,705,523,510 bytes read
  Partitioned compression: HG005_GRCh38: rdf-scan chunk — 510,759,159 triples · 143 chunks · 76,772,550,950 bytes read
  Partitioned compression: HG005_GRCh38: hdt-chunks started — 142 chunks · hdt-build-00142
  Partitioned compression: HG005_GRCh38: hdt-chunks complete — 143 chunks · hdt-build-00142
  Partitioned compression: HG005_GRCh38: cottas-chunks started — 142 chunks · cottas-build-00142
  Partitioned compression: HG005_GRCh38: cottas-chunks complete — 143 chunks · cottas-build-00142
  Partitioned compression: HG005_GRCh38: rdf-scan heartbeat — 510,759,688 triples · 76,772,632,406 bytes read
  Partitioned compression: HG005_GRCh38: rdf-scan heartbeat — 511,196,025 triples · 76,839,741,360 bytes read
  Partitioned compression: HG005_GRCh38: rdf-scan heartbeat — 511,632,270 triples · 76,906,850,366 bytes read
  Partitioned compression: HG005_GRCh38: rdf-scan heartbeat — 512,068,872 triples · 76,973,959,291 bytes read
  Partitioned compression: HG005_GRCh38: rdf-scan heartbeat — 512,505,206 triples · 77,041,068,567 bytes read
  Partitioned compression: HG005_GRCh38: rdf-scan heartbeat — 512,941,444 triples · 77,108,177,570 bytes read
  Partitioned compression: HG005_GRCh38: rdf-scan heartbeat — 513,377,685 triples · 77,175,286,561 bytes read
  Partitioned compression: HG005_GRCh38: rdf-scan heartbeat — 513,813,774 triples · 77,242,395,511 bytes read
  Partitioned compression: HG005_GRCh38: rdf-scan chunk — 514,249,511 triples · 144 chunks · 77,309,421,947 bytes read
  Partitioned compression: HG005_GRCh38: hdt-chunks started — 143 chunks · hdt-build-00143
  Partitioned compression: HG005_GRCh38: hdt-chunks complete — 144 chunks · hdt-build-00143
  Partitioned compression: HG005_GRCh38: cottas-chunks started — 143 chunks · cottas-build-00143
  Partitioned compression: HG005_GRCh38: cottas-chunks complete — 144 chunks · cottas-build-00143
  Partitioned compression: HG005_GRCh38: rdf-scan heartbeat — 514,250,048 triples · 77,309,504,484 bytes read
  Partitioned compression: HG005_GRCh38: rdf-scan heartbeat — 514,686,535 triples · 77,376,613,387 bytes read
  Partitioned compression: HG005_GRCh38: rdf-scan heartbeat — 515,123,262 triples · 77,443,722,261 bytes read
  Partitioned compression: HG005_GRCh38: rdf-scan heartbeat — 515,560,046 triples · 77,510,831,176 bytes read
  Partitioned compression: HG005_GRCh38: rdf-scan heartbeat — 515,996,916 triples · 77,577,940,108 bytes read
  Partitioned compression: HG005_GRCh38: rdf-scan heartbeat — 516,433,381 triples · 77,645,048,974 bytes read
  Partitioned compression: HG005_GRCh38: rdf-scan heartbeat — 516,869,784 triples · 77,712,157,866 bytes read
  Partitioned compression: HG005_GRCh38: rdf-scan heartbeat — 517,306,233 triples · 77,779,266,833 bytes read
  Partitioned compression: HG005_GRCh38: rdf-scan chunk — 517,741,905 triples · 145 chunks · 77,846,292,971 bytes read
  Partitioned compression: HG005_GRCh38: hdt-chunks started — 144 chunks · hdt-build-00144
  Partitioned compression: HG005_GRCh38: hdt-chunks complete — 145 chunks · hdt-build-00144
  Partitioned compression: HG005_GRCh38: cottas-chunks started — 144 chunks · cottas-build-00144
  Partitioned compression: HG005_GRCh38: cottas-chunks complete — 145 chunks · cottas-build-00144
  Partitioned compression: HG005_GRCh38: rdf-scan heartbeat — 517,742,443 triples · 77,846,375,801 bytes read
  Partitioned compression: HG005_GRCh38: rdf-scan heartbeat — 518,178,610 triples · 77,913,484,789 bytes read
  Partitioned compression: HG005_GRCh38: rdf-scan heartbeat — 518,615,060 triples · 77,980,593,783 bytes read
  Partitioned compression: HG005_GRCh38: rdf-scan heartbeat — 519,051,366 triples · 78,047,702,780 bytes read
  Partitioned compression: HG005_GRCh38: rdf-scan heartbeat — 519,487,680 triples · 78,114,811,667 bytes read
  Partitioned compression: HG005_GRCh38: rdf-scan heartbeat — 519,924,126 triples · 78,181,920,607 bytes read
  Partitioned compression: HG005_GRCh38: rdf-scan heartbeat — 520,360,732 triples · 78,249,029,500 bytes read
  Partitioned compression: HG005_GRCh38: rdf-scan heartbeat — 520,797,276 triples · 78,316,138,547 bytes read
  Partitioned compression: HG005_GRCh38: rdf-scan chunk — 521,233,186 triples · 146 chunks · 78,383,163,934 bytes read
  Partitioned compression: HG005_GRCh38: hdt-chunks started — 145 chunks · hdt-build-00145
  Partitioned compression: HG005_GRCh38: hdt-chunks complete — 146 chunks · hdt-build-00145
  Partitioned compression: HG005_GRCh38: cottas-chunks started — 145 chunks · cottas-build-00145
  Partitioned compression: HG005_GRCh38: cottas-chunks complete — 146 chunks · cottas-build-00145
  Partitioned compression: HG005_GRCh38: rdf-scan heartbeat — 521,233,729 triples · 78,383,247,513 bytes read
  Partitioned compression: HG005_GRCh38: rdf-scan heartbeat — 521,671,525 triples · 78,450,356,522 bytes read
  Partitioned compression: HG005_GRCh38: rdf-scan heartbeat — 522,108,134 triples · 78,517,465,484 bytes read
  Partitioned compression: HG005_GRCh38: rdf-scan heartbeat — 522,544,794 triples · 78,584,574,379 bytes read
  Partitioned compression: HG005_GRCh38: rdf-scan heartbeat — 522,981,237 triples · 78,651,683,496 bytes read
  Partitioned compression: HG005_GRCh38: rdf-scan heartbeat — 523,417,618 triples · 78,718,792,398 bytes read
  Partitioned compression: HG005_GRCh38: rdf-scan heartbeat — 523,854,276 triples · 78,785,901,317 bytes read
  Partitioned compression: HG005_GRCh38: rdf-scan heartbeat — 524,290,465 triples · 78,853,010,187 bytes read
  Partitioned compression: HG005_GRCh38: rdf-scan chunk — 524,726,232 triples · 147 chunks · 78,920,034,977 bytes read
  Partitioned compression: HG005_GRCh38: hdt-chunks started — 146 chunks · hdt-build-00146
  Partitioned compression: HG005_GRCh38: hdt-chunks complete — 147 chunks · hdt-build-00146
  Partitioned compression: HG005_GRCh38: cottas-chunks started — 146 chunks · cottas-build-00146
  Partitioned compression: HG005_GRCh38: cottas-chunks complete — 147 chunks · cottas-build-00146
  Partitioned compression: HG005_GRCh38: rdf-scan heartbeat — 524,726,780 triples · 78,920,119,193 bytes read
  Partitioned compression: HG005_GRCh38: rdf-scan heartbeat — 525,163,055 triples · 78,987,228,120 bytes read
  Partitioned compression: HG005_GRCh38: rdf-scan heartbeat — 525,599,526 triples · 79,054,337,102 bytes read
  Partitioned compression: HG005_GRCh38: rdf-scan heartbeat — 526,035,881 triples · 79,121,446,069 bytes read
  Partitioned compression: HG005_GRCh38: rdf-scan heartbeat — 526,472,197 triples · 79,188,555,077 bytes read
  Partitioned compression: HG005_GRCh38: rdf-scan heartbeat — 526,908,708 triples · 79,255,663,951 bytes read
  Partitioned compression: HG005_GRCh38: rdf-scan heartbeat — 527,344,888 triples · 79,322,772,940 bytes read
  Partitioned compression: HG005_GRCh38: rdf-scan heartbeat — 527,781,021 triples · 79,389,881,921 bytes read
  Partitioned compression: HG005_GRCh38: rdf-scan chunk — 528,216,741 triples · 148 chunks · 79,456,905,967 bytes read
  Partitioned compression: HG005_GRCh38: hdt-chunks started — 147 chunks · hdt-build-00147
  Partitioned compression: HG005_GRCh38: hdt-chunks complete — 148 chunks · hdt-build-00147
  Partitioned compression: HG005_GRCh38: cottas-chunks started — 147 chunks · cottas-build-00147
  Partitioned compression: HG005_GRCh38: cottas-chunks complete — 148 chunks · cottas-build-00147
  Partitioned compression: HG005_GRCh38: rdf-scan heartbeat — 528,217,294 triples · 79,456,990,877 bytes read
  Partitioned compression: HG005_GRCh38: rdf-scan heartbeat — 528,653,549 triples · 79,524,099,846 bytes read
  Partitioned compression: HG005_GRCh38: rdf-scan heartbeat — 529,089,994 triples · 79,591,208,728 bytes read
  Partitioned compression: HG005_GRCh38: rdf-scan heartbeat — 529,526,414 triples · 79,658,317,738 bytes read
  Partitioned compression: HG005_GRCh38: rdf-scan heartbeat — 529,962,725 triples · 79,725,426,611 bytes read
  Partitioned compression: HG005_GRCh38: rdf-scan heartbeat — 530,398,901 triples · 79,792,535,544 bytes read
  Partitioned compression: HG005_GRCh38: rdf-scan heartbeat — 530,835,132 triples · 79,859,644,538 bytes read
  Partitioned compression: HG005_GRCh38: rdf-scan heartbeat — 531,271,444 triples · 79,926,753,408 bytes read
  Partitioned compression: HG005_GRCh38: rdf-scan chunk — 531,707,184 triples · 149 chunks · 79,993,776,974 bytes read
  Partitioned compression: HG005_GRCh38: hdt-chunks started — 148 chunks · hdt-build-00148
  Partitioned compression: HG005_GRCh38: hdt-chunks complete — 149 chunks · hdt-build-00148
  Partitioned compression: HG005_GRCh38: cottas-chunks started — 148 chunks · cottas-build-00148
  Partitioned compression: HG005_GRCh38: cottas-chunks complete — 149 chunks · cottas-build-00148
  Partitioned compression: HG005_GRCh38: rdf-scan heartbeat — 531,707,737 triples · 79,993,862,381 bytes read
  Partitioned compression: HG005_GRCh38: rdf-scan heartbeat — 532,143,719 triples · 80,060,971,318 bytes read
  Partitioned compression: HG005_GRCh38: rdf-scan heartbeat — 532,579,923 triples · 80,128,080,232 bytes read
  Partitioned compression: HG005_GRCh38: rdf-scan heartbeat — 533,015,911 triples · 80,195,189,215 bytes read
  Partitioned compression: HG005_GRCh38: rdf-scan heartbeat — 533,452,117 triples · 80,262,298,191 bytes read
  Partitioned compression: HG005_GRCh38: rdf-scan heartbeat — 533,889,047 triples · 80,329,407,170 bytes read
  Partitioned compression: HG005_GRCh38: rdf-scan heartbeat — 534,326,225 triples · 80,396,516,109 bytes read
  Partitioned compression: HG005_GRCh38: rdf-scan heartbeat — 534,762,631 triples · 80,463,624,974 bytes read
  Partitioned compression: HG005_GRCh38: rdf-scan chunk — 535,198,471 triples · 150 chunks · 80,530,647,987 bytes read
  Partitioned compression: HG005_GRCh38: hdt-chunks started — 149 chunks · hdt-build-00149
  Partitioned compression: HG005_GRCh38: hdt-chunks complete — 150 chunks · hdt-build-00149
  Partitioned compression: HG005_GRCh38: cottas-chunks started — 149 chunks · cottas-build-00149
  Partitioned compression: HG005_GRCh38: cottas-chunks complete — 150 chunks · cottas-build-00149
  Partitioned compression: HG005_GRCh38: rdf-scan heartbeat — 535,199,029 triples · 80,530,733,915 bytes read
  Partitioned compression: HG005_GRCh38: rdf-scan heartbeat — 535,635,088 triples · 80,597,842,816 bytes read
  Partitioned compression: HG005_GRCh38: rdf-scan heartbeat — 536,071,318 triples · 80,664,951,680 bytes read
  Partitioned compression: HG005_GRCh38: rdf-scan heartbeat — 536,507,594 triples · 80,732,060,657 bytes read
  Partitioned compression: HG005_GRCh38: rdf-scan heartbeat — 536,943,575 triples · 80,799,169,622 bytes read
  Partitioned compression: HG005_GRCh38: rdf-scan heartbeat — 537,379,772 triples · 80,866,278,586 bytes read
  Partitioned compression: HG005_GRCh38: rdf-scan heartbeat — 537,816,362 triples · 80,933,387,574 bytes read
  Partitioned compression: HG005_GRCh38: rdf-scan heartbeat — 538,252,976 triples · 81,000,496,536 bytes read
  Partitioned compression: HG005_GRCh38: rdf-scan chunk — 538,688,809 triples · 151 chunks · 81,067,519,004 bytes read
  Partitioned compression: HG005_GRCh38: hdt-chunks started — 150 chunks · hdt-build-00150
  Partitioned compression: HG005_GRCh38: hdt-chunks complete — 151 chunks · hdt-build-00150
  Partitioned compression: HG005_GRCh38: cottas-chunks started — 150 chunks · cottas-build-00150
  Partitioned compression: HG005_GRCh38: cottas-chunks complete — 151 chunks · cottas-build-00150
  Partitioned compression: HG005_GRCh38: rdf-scan heartbeat — 538,689,369 triples · 81,067,605,470 bytes read
  Partitioned compression: HG005_GRCh38: rdf-scan heartbeat — 539,125,530 triples · 81,134,714,427 bytes read
  Partitioned compression: HG005_GRCh38: rdf-scan heartbeat — 539,561,878 triples · 81,201,823,361 bytes read
  Partitioned compression: HG005_GRCh38: rdf-scan heartbeat — 539,998,230 triples · 81,268,932,359 bytes read
  Partitioned compression: HG005_GRCh38: rdf-scan heartbeat — 540,434,514 triples · 81,336,041,289 bytes read
  Partitioned compression: HG005_GRCh38: rdf-scan heartbeat — 540,871,462 triples · 81,403,150,200 bytes read
  Partitioned compression: HG005_GRCh38: rdf-scan heartbeat — 541,308,374 triples · 81,470,259,153 bytes read
  Partitioned compression: HG005_GRCh38: rdf-scan heartbeat — 541,744,999 triples · 81,537,368,141 bytes read
  Partitioned compression: HG005_GRCh38: rdf-scan chunk — 542,181,136 triples · 152 chunks · 81,604,389,931 bytes read
  Partitioned compression: HG005_GRCh38: hdt-chunks started — 151 chunks · hdt-build-00151
  Partitioned compression: HG005_GRCh38: hdt-chunks complete — 152 chunks · hdt-build-00151
  Partitioned compression: HG005_GRCh38: cottas-chunks started — 151 chunks · cottas-build-00151
  Partitioned compression: HG005_GRCh38: cottas-chunks complete — 152 chunks · cottas-build-00151
  Partitioned compression: HG005_GRCh38: rdf-scan heartbeat — 542,181,702 triples · 81,604,477,126 bytes read
  Partitioned compression: HG005_GRCh38: rdf-scan heartbeat — 542,618,433 triples · 81,671,586,019 bytes read
  Partitioned compression: HG005_GRCh38: rdf-scan heartbeat — 543,055,570 triples · 81,738,694,942 bytes read
  Partitioned compression: HG005_GRCh38: rdf-scan heartbeat — 543,491,966 triples · 81,805,803,835 bytes read
  Partitioned compression: HG005_GRCh38: rdf-scan heartbeat — 543,928,265 triples · 81,872,912,748 bytes read
  Partitioned compression: HG005_GRCh38: rdf-scan heartbeat — 544,364,398 triples · 81,940,021,756 bytes read
  Partitioned compression: HG005_GRCh38: rdf-scan heartbeat — 544,800,777 triples · 82,007,130,764 bytes read
  Partitioned compression: HG005_GRCh38: rdf-scan heartbeat — 545,237,472 triples · 82,074,239,751 bytes read
  Partitioned compression: HG005_GRCh38: rdf-scan chunk — 545,673,234 triples · 153 chunks · 82,141,260,988 bytes read
  Partitioned compression: HG005_GRCh38: hdt-chunks started — 152 chunks · hdt-build-00152
  Partitioned compression: HG005_GRCh38: hdt-chunks complete — 153 chunks · hdt-build-00152
  Partitioned compression: HG005_GRCh38: cottas-chunks started — 152 chunks · cottas-build-00152
  Partitioned compression: HG005_GRCh38: cottas-chunks complete — 153 chunks · cottas-build-00152
  Partitioned compression: HG005_GRCh38: rdf-scan heartbeat — 545,673,803 triples · 82,141,348,745 bytes read
  Partitioned compression: HG005_GRCh38: rdf-scan heartbeat — 546,110,059 triples · 82,208,457,746 bytes read
  Partitioned compression: HG005_GRCh38: rdf-scan heartbeat — 546,546,451 triples · 82,275,566,648 bytes read
  Partitioned compression: HG005_GRCh38: rdf-scan heartbeat — 546,982,739 triples · 82,342,675,547 bytes read
  Partitioned compression: HG005_GRCh38: rdf-scan heartbeat — 547,419,093 triples · 82,409,784,526 bytes read
  Partitioned compression: HG005_GRCh38: rdf-scan heartbeat — 547,855,479 triples · 82,476,893,530 bytes read
  Partitioned compression: HG005_GRCh38: rdf-scan heartbeat — 548,291,748 triples · 82,544,002,503 bytes read
  Partitioned compression: HG005_GRCh38: rdf-scan heartbeat — 548,728,070 triples · 82,611,111,462 bytes read
  Partitioned compression: HG005_GRCh38: rdf-scan chunk — 549,164,174 triples · 154 chunks · 82,678,131,942 bytes read
  Partitioned compression: HG005_GRCh38: hdt-chunks started — 153 chunks · hdt-build-00153
  Partitioned compression: HG005_GRCh38: hdt-chunks complete — 154 chunks · hdt-build-00153
  Partitioned compression: HG005_GRCh38: cottas-chunks started — 153 chunks · cottas-build-00153
  Partitioned compression: HG005_GRCh38: cottas-chunks complete — 154 chunks · cottas-build-00153
  Partitioned compression: HG005_GRCh38: rdf-scan heartbeat — 549,164,749 triples · 82,678,220,384 bytes read
  Partitioned compression: HG005_GRCh38: rdf-scan heartbeat — 549,600,803 triples · 82,745,329,313 bytes read
  Partitioned compression: HG005_GRCh38: rdf-scan heartbeat — 550,037,161 triples · 82,812,438,229 bytes read
  Partitioned compression: HG005_GRCh38: rdf-scan heartbeat — 550,473,400 triples · 82,879,547,175 bytes read
  Partitioned compression: HG005_GRCh38: rdf-scan heartbeat — 550,909,620 triples · 82,946,656,166 bytes read
  Partitioned compression: HG005_GRCh38: rdf-scan heartbeat — 551,345,983 triples · 83,013,765,058 bytes read
  Partitioned compression: HG005_GRCh38: rdf-scan heartbeat — 551,782,238 triples · 83,080,874,056 bytes read
  Partitioned compression: HG005_GRCh38: rdf-scan heartbeat — 552,218,530 triples · 83,147,982,932 bytes read
  Partitioned compression: HG005_GRCh38: rdf-scan chunk — 552,655,242 triples · 155 chunks · 83,215,002,995 bytes read
  Partitioned compression: HG005_GRCh38: hdt-chunks started — 154 chunks · hdt-build-00154
  Partitioned compression: HG005_GRCh38: hdt-chunks complete — 155 chunks · hdt-build-00154
  Partitioned compression: HG005_GRCh38: cottas-chunks started — 154 chunks · cottas-build-00154
  Partitioned compression: HG005_GRCh38: cottas-chunks complete — 155 chunks · cottas-build-00154
  Partitioned compression: HG005_GRCh38: rdf-scan heartbeat — 552,655,825 triples · 83,215,091,891 bytes read
  Partitioned compression: HG005_GRCh38: rdf-scan heartbeat — 553,092,343 triples · 83,282,200,787 bytes read
  Partitioned compression: HG005_GRCh38: rdf-scan heartbeat — 553,528,494 triples · 83,349,309,657 bytes read
  Partitioned compression: HG005_GRCh38: rdf-scan heartbeat — 553,964,871 triples · 83,416,418,586 bytes read
  Partitioned compression: HG005_GRCh38: rdf-scan heartbeat — 554,401,245 triples · 83,483,527,556 bytes read
  Partitioned compression: HG005_GRCh38: rdf-scan heartbeat — 554,837,380 triples · 83,550,636,451 bytes read
  Partitioned compression: HG005_GRCh38: rdf-scan heartbeat — 555,273,600 triples · 83,617,745,464 bytes read
  Partitioned compression: HG005_GRCh38: rdf-scan heartbeat — 555,709,770 triples · 83,684,854,335 bytes read
  Partitioned compression: HG005_GRCh38: rdf-scan chunk — 556,145,774 triples · 156 chunks · 83,751,874,012 bytes read
  Partitioned compression: HG005_GRCh38: hdt-chunks started — 155 chunks · hdt-build-00155
  Partitioned compression: HG005_GRCh38: hdt-chunks complete — 156 chunks · hdt-build-00155
  Partitioned compression: HG005_GRCh38: cottas-chunks started — 155 chunks · cottas-build-00155
  Partitioned compression: HG005_GRCh38: cottas-chunks complete — 156 chunks · cottas-build-00155
  Partitioned compression: HG005_GRCh38: rdf-scan heartbeat — 556,146,356 triples · 83,751,963,275 bytes read
  Partitioned compression: HG005_GRCh38: rdf-scan heartbeat — 556,583,064 triples · 83,819,072,159 bytes read
  Partitioned compression: HG005_GRCh38: rdf-scan heartbeat — 557,019,623 triples · 83,886,181,153 bytes read
  Partitioned compression: HG005_GRCh38: rdf-scan heartbeat — 557,455,856 triples · 83,953,290,056 bytes read
  Partitioned compression: HG005_GRCh38: rdf-scan heartbeat — 557,892,413 triples · 84,020,398,982 bytes read
  Partitioned compression: HG005_GRCh38: rdf-scan heartbeat — 558,328,950 triples · 84,087,508,003 bytes read
  Partitioned compression: HG005_GRCh38: rdf-scan heartbeat — 558,765,582 triples · 84,154,616,985 bytes read
  Partitioned compression: HG005_GRCh38: rdf-scan heartbeat — 559,201,926 triples · 84,221,725,865 bytes read
  Partitioned compression: HG005_GRCh38: rdf-scan chunk — 559,638,070 triples · 157 chunks · 84,288,744,988 bytes read
  Partitioned compression: HG005_GRCh38: hdt-chunks started — 156 chunks · hdt-build-00156
  Partitioned compression: HG005_GRCh38: hdt-chunks complete — 157 chunks · hdt-build-00156
  Partitioned compression: HG005_GRCh38: cottas-chunks started — 156 chunks · cottas-build-00156
  Partitioned compression: HG005_GRCh38: cottas-chunks complete — 157 chunks · cottas-build-00156
  Partitioned compression: HG005_GRCh38: rdf-scan heartbeat — 559,638,658 triples · 84,288,834,841 bytes read
  Partitioned compression: HG005_GRCh38: rdf-scan heartbeat — 560,074,904 triples · 84,355,943,837 bytes read
  Partitioned compression: HG005_GRCh38: rdf-scan heartbeat — 560,511,408 triples · 84,423,052,797 bytes read
  Partitioned compression: HG005_GRCh38: rdf-scan heartbeat — 560,947,598 triples · 84,490,161,661 bytes read
  Partitioned compression: HG005_GRCh38: rdf-scan heartbeat — 561,383,999 triples · 84,557,270,632 bytes read
  Partitioned compression: HG005_GRCh38: rdf-scan heartbeat — 561,820,326 triples · 84,624,379,526 bytes read
  Partitioned compression: HG005_GRCh38: rdf-scan heartbeat — 562,256,861 triples · 84,691,488,540 bytes read
  Partitioned compression: HG005_GRCh38: rdf-scan heartbeat — 562,692,984 triples · 84,758,597,523 bytes read
  Partitioned compression: HG005_GRCh38: rdf-scan chunk — 563,128,605 triples · 158 chunks · 84,825,615,972 bytes read
  Partitioned compression: HG005_GRCh38: hdt-chunks started — 157 chunks · hdt-build-00157
  Partitioned compression: HG005_GRCh38: hdt-chunks complete — 158 chunks · hdt-build-00157
  Partitioned compression: HG005_GRCh38: cottas-chunks started — 157 chunks · cottas-build-00157
  Partitioned compression: HG005_GRCh38: cottas-chunks complete — 158 chunks · cottas-build-00157
  Partitioned compression: HG005_GRCh38: rdf-scan heartbeat — 563,129,193 triples · 84,825,706,415 bytes read
  Partitioned compression: HG005_GRCh38: rdf-scan heartbeat — 563,565,463 triples · 84,892,815,414 bytes read
  Partitioned compression: HG005_GRCh38: rdf-scan heartbeat — 564,001,682 triples · 84,959,924,407 bytes read
  Partitioned compression: HG005_GRCh38: rdf-scan heartbeat — 564,437,862 triples · 85,027,033,394 bytes read
  Partitioned compression: HG005_GRCh38: rdf-scan heartbeat — 564,873,970 triples · 85,094,142,332 bytes read
  Partitioned compression: HG005_GRCh38: rdf-scan heartbeat — 565,310,373 triples · 85,161,251,317 bytes read
  Partitioned compression: HG005_GRCh38: rdf-scan heartbeat — 565,746,624 triples · 85,228,360,247 bytes read
  Partitioned compression: HG005_GRCh38: rdf-scan heartbeat — 566,183,190 triples · 85,295,469,200 bytes read
  Partitioned compression: HG005_GRCh38: rdf-scan chunk — 566,619,066 triples · 159 chunks · 85,362,486,983 bytes read
  Partitioned compression: HG005_GRCh38: hdt-chunks started — 158 chunks · hdt-build-00158
  Partitioned compression: HG005_GRCh38: hdt-chunks complete — 159 chunks · hdt-build-00158
  Partitioned compression: HG005_GRCh38: cottas-chunks started — 158 chunks · cottas-build-00158
  Partitioned compression: HG005_GRCh38: cottas-chunks complete — 159 chunks · cottas-build-00158
  Partitioned compression: HG005_GRCh38: rdf-scan heartbeat — 566,619,659 triples · 85,362,578,383 bytes read
  Partitioned compression: HG005_GRCh38: rdf-scan heartbeat — 567,055,763 triples · 85,429,687,289 bytes read
  Partitioned compression: HG005_GRCh38: rdf-scan heartbeat — 567,491,911 triples · 85,496,796,186 bytes read
  Partitioned compression: HG005_GRCh38: rdf-scan heartbeat — 567,928,791 triples · 85,563,905,177 bytes read
  Partitioned compression: HG005_GRCh38: rdf-scan heartbeat — 568,365,697 triples · 85,631,014,156 bytes read
  Partitioned compression: HG005_GRCh38: rdf-scan heartbeat — 568,802,347 triples · 85,698,123,098 bytes read
  Partitioned compression: HG005_GRCh38: rdf-scan heartbeat — 569,238,612 triples · 85,765,232,062 bytes read
  Partitioned compression: HG005_GRCh38: rdf-scan heartbeat — 569,675,213 triples · 85,832,341,042 bytes read
  Partitioned compression: HG005_GRCh38: rdf-scan chunk — 570,110,794 triples · 160 chunks · 85,899,358,099 bytes read
  Partitioned compression: HG005_GRCh38: hdt-chunks started — 159 chunks · hdt-build-00159
  Partitioned compression: HG005_GRCh38: hdt-chunks complete — 160 chunks · hdt-build-00159
  Partitioned compression: HG005_GRCh38: cottas-chunks started — 159 chunks · cottas-build-00159
  Partitioned compression: HG005_GRCh38: cottas-chunks complete — 160 chunks · cottas-build-00159
  Partitioned compression: HG005_GRCh38: rdf-scan heartbeat — 570,111,394 triples · 85,899,450,051 bytes read
  Partitioned compression: HG005_GRCh38: rdf-scan heartbeat — 570,547,375 triples · 85,966,558,999 bytes read
  Partitioned compression: HG005_GRCh38: rdf-scan heartbeat — 570,983,437 triples · 86,033,667,999 bytes read
  Partitioned compression: HG005_GRCh38: rdf-scan heartbeat — 571,419,775 triples · 86,100,776,911 bytes read
  Partitioned compression: HG005_GRCh38: rdf-scan heartbeat — 571,856,064 triples · 86,167,885,777 bytes read
  Partitioned compression: HG005_GRCh38: rdf-scan heartbeat — 572,292,197 triples · 86,234,994,787 bytes read
  Partitioned compression: HG005_GRCh38: rdf-scan heartbeat — 572,728,570 triples · 86,302,103,748 bytes read
  Partitioned compression: HG005_GRCh38: rdf-scan heartbeat — 573,164,939 triples · 86,369,212,759 bytes read
  Partitioned compression: HG005_GRCh38: rdf-scan chunk — 573,600,535 triples · 161 chunks · 86,436,229,260 bytes read
  Partitioned compression: HG005_GRCh38: hdt-chunks started — 160 chunks · hdt-build-00160
  Partitioned compression: HG005_GRCh38: hdt-chunks complete — 161 chunks · hdt-build-00160
  Partitioned compression: HG005_GRCh38: cottas-chunks started — 160 chunks · cottas-build-00160
  Partitioned compression: HG005_GRCh38: cottas-chunks complete — 161 chunks · cottas-build-00160
  Partitioned compression: HG005_GRCh38: rdf-scan heartbeat — 573,601,136 triples · 86,436,321,681 bytes read
  Partitioned compression: HG005_GRCh38: rdf-scan heartbeat — 574,037,482 triples · 86,503,430,779 bytes read
  Partitioned compression: HG005_GRCh38: rdf-scan heartbeat — 574,473,692 triples · 86,570,539,702 bytes read
  Partitioned compression: HG005_GRCh38: rdf-scan heartbeat — 574,910,015 triples · 86,637,648,706 bytes read
  Partitioned compression: HG005_GRCh38: rdf-scan heartbeat — 575,346,310 triples · 86,704,757,634 bytes read
  Partitioned compression: HG005_GRCh38: rdf-scan heartbeat — 575,782,518 triples · 86,771,866,580 bytes read
  Partitioned compression: HG005_GRCh38: rdf-scan heartbeat — 576,218,634 triples · 86,838,975,455 bytes read
  Partitioned compression: HG005_GRCh38: rdf-scan heartbeat — 576,654,711 triples · 86,906,084,385 bytes read
  Partitioned compression: HG005_GRCh38: rdf-scan chunk — 577,090,316 triples · 162 chunks · 86,973,100,267 bytes read
  Partitioned compression: HG005_GRCh38: hdt-chunks started — 161 chunks · hdt-build-00161
  Partitioned compression: HG005_GRCh38: hdt-chunks complete — 162 chunks · hdt-build-00161
  Partitioned compression: HG005_GRCh38: cottas-chunks started — 161 chunks · cottas-build-00161
  Partitioned compression: HG005_GRCh38: cottas-chunks complete — 162 chunks · cottas-build-00161
  Partitioned compression: HG005_GRCh38: rdf-scan heartbeat — 577,090,922 triples · 86,973,193,252 bytes read
  Partitioned compression: HG005_GRCh38: rdf-scan heartbeat — 577,527,132 triples · 87,040,302,261 bytes read
  Partitioned compression: HG005_GRCh38: rdf-scan heartbeat — 577,963,451 triples · 87,107,411,192 bytes read
  Partitioned compression: HG005_GRCh38: rdf-scan heartbeat — 578,399,781 triples · 87,174,520,116 bytes read
  Partitioned compression: HG005_GRCh38: rdf-scan heartbeat — 578,836,239 triples · 87,241,629,078 bytes read
  Partitioned compression: HG005_GRCh38: rdf-scan heartbeat — 579,272,472 triples · 87,308,738,049 bytes read
  Partitioned compression: HG005_GRCh38: rdf-scan heartbeat — 579,708,773 triples · 87,375,847,028 bytes read
  Partitioned compression: HG005_GRCh38: rdf-scan heartbeat — 580,144,812 triples · 87,442,956,040 bytes read
  Partitioned compression: HG005_GRCh38: rdf-scan chunk — 580,580,366 triples · 163 chunks · 87,509,971,274 bytes read
  Partitioned compression: HG005_GRCh38: hdt-chunks started — 162 chunks · hdt-build-00162
  Partitioned compression: HG005_GRCh38: hdt-chunks complete — 163 chunks · hdt-build-00162
  Partitioned compression: HG005_GRCh38: cottas-chunks started — 162 chunks · cottas-build-00162
  Partitioned compression: HG005_GRCh38: cottas-chunks complete — 163 chunks · cottas-build-00162
  Partitioned compression: HG005_GRCh38: rdf-scan heartbeat — 580,580,975 triples · 87,510,065,094 bytes read
  Partitioned compression: HG005_GRCh38: rdf-scan heartbeat — 581,017,137 triples · 87,577,173,964 bytes read
  Partitioned compression: HG005_GRCh38: rdf-scan heartbeat — 581,453,406 triples · 87,644,282,880 bytes read
  Partitioned compression: HG005_GRCh38: rdf-scan heartbeat — 581,890,050 triples · 87,711,391,770 bytes read
  Partitioned compression: HG005_GRCh38: rdf-scan heartbeat — 582,327,187 triples · 87,778,500,657 bytes read
  Partitioned compression: HG005_GRCh38: rdf-scan heartbeat — 582,763,523 triples · 87,845,609,554 bytes read
  Partitioned compression: HG005_GRCh38: rdf-scan heartbeat — 583,199,902 triples · 87,912,718,429 bytes read
  Partitioned compression: HG005_GRCh38: rdf-scan heartbeat — 583,636,220 triples · 87,979,827,298 bytes read
  Partitioned compression: HG005_GRCh38: rdf-scan chunk — 584,072,069 triples · 164 chunks · 88,046,842,232 bytes read
  Partitioned compression: HG005_GRCh38: hdt-chunks started — 163 chunks · hdt-build-00163
  Partitioned compression: HG005_GRCh38: hdt-chunks complete — 164 chunks · hdt-build-00163
  Partitioned compression: HG005_GRCh38: cottas-chunks started — 163 chunks · cottas-build-00163
  Partitioned compression: HG005_GRCh38: cottas-chunks complete — 164 chunks · cottas-build-00163
  Partitioned compression: HG005_GRCh38: rdf-scan heartbeat — 584,072,677 triples · 88,046,936,190 bytes read
  Partitioned compression: HG005_GRCh38: rdf-scan heartbeat — 584,509,152 triples · 88,114,045,142 bytes read
  Partitioned compression: HG005_GRCh38: rdf-scan heartbeat — 584,945,436 triples · 88,181,154,006 bytes read
  Partitioned compression: HG005_GRCh38: rdf-scan heartbeat — 585,381,943 triples · 88,248,262,985 bytes read
  Partitioned compression: HG005_GRCh38: rdf-scan heartbeat — 585,818,443 triples · 88,315,371,902 bytes read
  Partitioned compression: HG005_GRCh38: rdf-scan heartbeat — 586,254,694 triples · 88,382,480,857 bytes read
  Partitioned compression: HG005_GRCh38: rdf-scan heartbeat — 586,690,879 triples · 88,449,589,749 bytes read
  Partitioned compression: HG005_GRCh38: rdf-scan heartbeat — 587,127,124 triples · 88,516,698,615 bytes read
  Partitioned compression: HG005_GRCh38: rdf-scan chunk — 587,562,738 triples · 165 chunks · 88,583,713,288 bytes read
  Partitioned compression: HG005_GRCh38: hdt-chunks started — 164 chunks · hdt-build-00164
  Partitioned compression: HG005_GRCh38: hdt-chunks complete — 165 chunks · hdt-build-00164
  Partitioned compression: HG005_GRCh38: cottas-chunks started — 164 chunks · cottas-build-00164
  Partitioned compression: HG005_GRCh38: cottas-chunks complete — 165 chunks · cottas-build-00164
  Partitioned compression: HG005_GRCh38: rdf-scan heartbeat — 587,563,352 triples · 88,583,807,534 bytes read
  Partitioned compression: HG005_GRCh38: rdf-scan heartbeat — 587,999,617 triples · 88,650,916,420 bytes read
  Partitioned compression: HG005_GRCh38: rdf-scan heartbeat — 588,435,832 triples · 88,718,025,354 bytes read
  Partitioned compression: HG005_GRCh38: rdf-scan heartbeat — 588,872,244 triples · 88,785,134,226 bytes read
  Partitioned compression: HG005_GRCh38: rdf-scan heartbeat — 589,308,705 triples · 88,852,243,264 bytes read
  Partitioned compression: HG005_GRCh38: rdf-scan heartbeat — 589,744,917 triples · 88,919,352,181 bytes read
  Partitioned compression: HG005_GRCh38: rdf-scan heartbeat — 590,181,104 triples · 88,986,461,200 bytes read
  Partitioned compression: HG005_GRCh38: rdf-scan heartbeat — 590,617,452 triples · 89,053,570,133 bytes read
  Partitioned compression: HG005_GRCh38: rdf-scan chunk — 591,053,043 triples · 166 chunks · 89,120,584,255 bytes read
  Partitioned compression: HG005_GRCh38: hdt-chunks started — 165 chunks · hdt-build-00165
  Partitioned compression: HG005_GRCh38: hdt-chunks complete — 166 chunks · hdt-build-00165
  Partitioned compression: HG005_GRCh38: cottas-chunks started — 165 chunks · cottas-build-00165
  Partitioned compression: HG005_GRCh38: cottas-chunks complete — 166 chunks · cottas-build-00165
  Partitioned compression: HG005_GRCh38: rdf-scan heartbeat — 591,053,656 triples · 89,120,679,124 bytes read
  Partitioned compression: HG005_GRCh38: rdf-scan heartbeat — 591,489,935 triples · 89,187,788,089 bytes read
  Partitioned compression: HG005_GRCh38: rdf-scan heartbeat — 591,926,011 triples · 89,254,896,979 bytes read
  Partitioned compression: HG005_GRCh38: rdf-scan heartbeat — 592,362,047 triples · 89,322,005,880 bytes read
  Partitioned compression: HG005_GRCh38: rdf-scan heartbeat — 592,798,419 triples · 89,389,114,807 bytes read
  Partitioned compression: HG005_GRCh38: rdf-scan heartbeat — 593,235,322 triples · 89,456,223,706 bytes read
  Partitioned compression: HG005_GRCh38: rdf-scan heartbeat — 593,672,663 triples · 89,523,332,609 bytes read
  Partitioned compression: HG005_GRCh38: rdf-scan heartbeat — 594,108,946 triples · 89,590,441,554 bytes read
  Partitioned compression: HG005_GRCh38: rdf-scan chunk — 594,544,931 triples · 167 chunks · 89,657,455,199 bytes read
  Partitioned compression: HG005_GRCh38: hdt-chunks started — 166 chunks · hdt-build-00166
  Partitioned compression: HG005_GRCh38: hdt-chunks complete — 167 chunks · hdt-build-00166
  Partitioned compression: HG005_GRCh38: cottas-chunks started — 166 chunks · cottas-build-00166
  Partitioned compression: HG005_GRCh38: cottas-chunks complete — 167 chunks · cottas-build-00166
  Partitioned compression: HG005_GRCh38: rdf-scan heartbeat — 594,545,556 triples · 89,657,550,534 bytes read
  Partitioned compression: HG005_GRCh38: rdf-scan heartbeat — 594,982,061 triples · 89,724,659,436 bytes read
  Partitioned compression: HG005_GRCh38: rdf-scan heartbeat — 595,418,128 triples · 89,791,768,416 bytes read
  Partitioned compression: HG005_GRCh38: rdf-scan heartbeat — 595,854,911 triples · 89,858,877,291 bytes read
  Partitioned compression: HG005_GRCh38: rdf-scan heartbeat — 596,291,122 triples · 89,925,986,622 bytes read
  Partitioned compression: HG005_GRCh38: rdf-scan heartbeat — 596,727,508 triples · 89,993,095,487 bytes read
  Partitioned compression: HG005_GRCh38: rdf-scan heartbeat — 597,163,673 triples · 90,060,204,401 bytes read
  Partitioned compression: HG005_GRCh38: rdf-scan heartbeat — 597,599,994 triples · 90,127,313,319 bytes read
  Partitioned compression: HG005_GRCh38: rdf-scan chunk — 598,035,368 triples · 168 chunks · 90,194,326,258 bytes read
  Partitioned compression: HG005_GRCh38: hdt-chunks started — 167 chunks · hdt-build-00167
  Partitioned compression: HG005_GRCh38: hdt-chunks complete — 168 chunks · hdt-build-00167
  Partitioned compression: HG005_GRCh38: cottas-chunks started — 167 chunks · cottas-build-00167
  Partitioned compression: HG005_GRCh38: cottas-chunks complete — 168 chunks · cottas-build-00167
  Partitioned compression: HG005_GRCh38: rdf-scan heartbeat — 598,035,991 triples · 90,194,422,327 bytes read
  Partitioned compression: HG005_GRCh38: rdf-scan heartbeat — 598,471,977 triples · 90,261,531,308 bytes read
  Partitioned compression: HG005_GRCh38: rdf-scan heartbeat — 598,908,375 triples · 90,328,640,183 bytes read
  Partitioned compression: HG005_GRCh38: rdf-scan heartbeat — 599,344,490 triples · 90,395,749,182 bytes read
  Partitioned compression: HG005_GRCh38: rdf-scan heartbeat — 599,780,903 triples · 90,462,858,109 bytes read
  Partitioned compression: HG005_GRCh38: rdf-scan heartbeat — 600,217,569 triples · 90,529,967,051 bytes read
  Partitioned compression: HG005_GRCh38: rdf-scan heartbeat — 600,653,995 triples · 90,597,075,990 bytes read
  Partitioned compression: HG005_GRCh38: rdf-scan heartbeat — 601,090,451 triples · 90,664,184,906 bytes read
  Partitioned compression: HG005_GRCh38: rdf-scan chunk — 601,526,137 triples · 169 chunks · 90,731,197,194 bytes read
  Partitioned compression: HG005_GRCh38: hdt-chunks started — 168 chunks · hdt-build-00168
  Partitioned compression: HG005_GRCh38: hdt-chunks complete — 169 chunks · hdt-build-00168
  Partitioned compression: HG005_GRCh38: cottas-chunks started — 168 chunks · cottas-build-00168
  Partitioned compression: HG005_GRCh38: cottas-chunks complete — 169 chunks · cottas-build-00168
  Partitioned compression: HG005_GRCh38: rdf-scan heartbeat — 601,526,765 triples · 90,731,293,884 bytes read
  Partitioned compression: HG005_GRCh38: rdf-scan heartbeat — 601,963,017 triples · 90,798,402,748 bytes read
  Partitioned compression: HG005_GRCh38: rdf-scan heartbeat — 602,399,204 triples · 90,865,511,673 bytes read
  Partitioned compression: HG005_GRCh38: rdf-scan heartbeat — 602,835,517 triples · 90,932,620,655 bytes read
  Partitioned compression: HG005_GRCh38: rdf-scan heartbeat — 603,271,853 triples · 90,999,729,634 bytes read
  Partitioned compression: HG005_GRCh38: rdf-scan heartbeat — 603,708,637 triples · 91,066,838,586 bytes read
  Partitioned compression: HG005_GRCh38: rdf-scan heartbeat — 604,145,246 triples · 91,133,947,579 bytes read
  Partitioned compression: HG005_GRCh38: rdf-scan heartbeat — 604,581,221 triples · 91,201,056,510 bytes read
  Partitioned compression: HG005_GRCh38: rdf-scan chunk — 605,016,729 triples · 170 chunks · 91,268,068,107 bytes read
  Partitioned compression: HG005_GRCh38: hdt-chunks started — 169 chunks · hdt-build-00169
  Partitioned compression: HG005_GRCh38: hdt-chunks complete — 170 chunks · hdt-build-00169
  Partitioned compression: HG005_GRCh38: cottas-chunks started — 169 chunks · cottas-build-00169
  Partitioned compression: HG005_GRCh38: cottas-chunks complete — 170 chunks · cottas-build-00169
  Partitioned compression: HG005_GRCh38: rdf-scan heartbeat — 605,017,364 triples · 91,268,165,438 bytes read
  Partitioned compression: HG005_GRCh38: rdf-scan heartbeat — 605,453,686 triples · 91,335,274,398 bytes read
  Partitioned compression: HG005_GRCh38: rdf-scan heartbeat — 605,889,977 triples · 91,402,383,279 bytes read
  Partitioned compression: HG005_GRCh38: rdf-scan heartbeat — 606,326,545 triples · 91,469,492,196 bytes read
  Partitioned compression: HG005_GRCh38: rdf-scan heartbeat — 606,763,524 triples · 91,536,601,152 bytes read
  Partitioned compression: HG005_GRCh38: rdf-scan heartbeat — 607,200,059 triples · 91,603,710,071 bytes read
  Partitioned compression: HG005_GRCh38: rdf-scan heartbeat — 607,636,529 triples · 91,670,819,019 bytes read
  Partitioned compression: HG005_GRCh38: rdf-scan heartbeat — 608,073,636 triples · 91,737,927,996 bytes read
  Partitioned compression: HG005_GRCh38: rdf-scan chunk — 608,509,216 triples · 171 chunks · 91,804,939,034 bytes read
  Partitioned compression: HG005_GRCh38: hdt-chunks started — 170 chunks · hdt-build-00170
  Partitioned compression: HG005_GRCh38: hdt-chunks complete — 171 chunks · hdt-build-00170
  Partitioned compression: HG005_GRCh38: cottas-chunks started — 170 chunks · cottas-build-00170
  Partitioned compression: HG005_GRCh38: cottas-chunks complete — 171 chunks · cottas-build-00170
  Partitioned compression: HG005_GRCh38: rdf-scan heartbeat — 608,509,852 triples · 91,805,036,965 bytes read
  Partitioned compression: HG005_GRCh38: rdf-scan heartbeat — 608,946,192 triples · 91,872,145,836 bytes read
  Partitioned compression: HG005_GRCh38: rdf-scan heartbeat — 609,382,581 triples · 91,939,254,713 bytes read
  Partitioned compression: HG005_GRCh38: rdf-scan heartbeat — 609,819,102 triples · 92,006,363,668 bytes read
  Partitioned compression: HG005_GRCh38: rdf-scan heartbeat — 610,255,448 triples · 92,073,473,124 bytes read
  Partitioned compression: HG005_GRCh38: rdf-scan heartbeat — 610,692,099 triples · 92,140,582,035 bytes read
  Partitioned compression: HG005_GRCh38: rdf-scan heartbeat — 611,128,392 triples · 92,207,690,918 bytes read
  Partitioned compression: HG005_GRCh38: rdf-scan heartbeat — 611,564,537 triples · 92,274,799,907 bytes read
  Partitioned compression: HG005_GRCh38: rdf-scan chunk — 611,999,898 triples · 172 chunks · 92,341,810,063 bytes read
  Partitioned compression: HG005_GRCh38: hdt-chunks started — 171 chunks · hdt-build-00171
  Partitioned compression: HG005_GRCh38: hdt-chunks complete — 172 chunks · hdt-build-00171
  Partitioned compression: HG005_GRCh38: cottas-chunks started — 171 chunks · cottas-build-00171
  Partitioned compression: HG005_GRCh38: cottas-chunks complete — 172 chunks · cottas-build-00171
  Partitioned compression: HG005_GRCh38: rdf-scan heartbeat — 612,000,537 triples · 92,341,908,884 bytes read
  Partitioned compression: HG005_GRCh38: rdf-scan heartbeat — 612,436,529 triples · 92,409,017,873 bytes read
  Partitioned compression: HG005_GRCh38: rdf-scan heartbeat — 612,872,216 triples · 92,476,126,792 bytes read
  Partitioned compression: HG005_GRCh38: rdf-scan heartbeat — 613,308,433 triples · 92,543,235,751 bytes read
  Partitioned compression: HG005_GRCh38: rdf-scan heartbeat — 613,745,347 triples · 92,610,344,616 bytes read
  Partitioned compression: HG005_GRCh38: rdf-scan heartbeat — 614,182,375 triples · 92,677,453,609 bytes read
  Partitioned compression: HG005_GRCh38: rdf-scan heartbeat — 614,619,278 triples · 92,744,562,530 bytes read
  Partitioned compression: HG005_GRCh38: rdf-scan heartbeat — 615,055,674 triples · 92,811,671,484 bytes read
  Partitioned compression: HG005_GRCh38: rdf-scan chunk — 615,491,457 triples · 173 chunks · 92,878,681,162 bytes read
  Partitioned compression: HG005_GRCh38: hdt-chunks started — 172 chunks · hdt-build-00172
  Partitioned compression: HG005_GRCh38: hdt-chunks complete — 173 chunks · hdt-build-00172
  Partitioned compression: HG005_GRCh38: cottas-chunks started — 172 chunks · cottas-build-00172
  Partitioned compression: HG005_GRCh38: cottas-chunks complete — 173 chunks · cottas-build-00172
  Partitioned compression: HG005_GRCh38: rdf-scan heartbeat — 615,492,103 triples · 92,878,780,361 bytes read
  Partitioned compression: HG005_GRCh38: rdf-scan heartbeat — 615,928,286 triples · 92,945,889,227 bytes read
  Partitioned compression: HG005_GRCh38: rdf-scan heartbeat — 616,364,603 triples · 93,012,998,107 bytes read
  Partitioned compression: HG005_GRCh38: rdf-scan heartbeat — 616,801,471 triples · 93,080,107,053 bytes read
  Partitioned compression: HG005_GRCh38: rdf-scan heartbeat — 617,238,442 triples · 93,147,215,987 bytes read
  Partitioned compression: HG005_GRCh38: rdf-scan heartbeat — 617,674,639 triples · 93,214,324,965 bytes read
  Partitioned compression: HG005_GRCh38: rdf-scan heartbeat — 618,111,909 triples · 93,281,433,833 bytes read
  Partitioned compression: HG005_GRCh38: rdf-scan heartbeat — 618,548,608 triples · 93,348,542,791 bytes read
  Partitioned compression: HG005_GRCh38: rdf-scan chunk — 618,984,842 triples · 174 chunks · 93,415,552,134 bytes read
  Partitioned compression: HG005_GRCh38: hdt-chunks started — 173 chunks · hdt-build-00173
  Partitioned compression: HG005_GRCh38: hdt-chunks complete — 174 chunks · hdt-build-00173
  Partitioned compression: HG005_GRCh38: cottas-chunks started — 173 chunks · cottas-build-00173
  Partitioned compression: HG005_GRCh38: cottas-chunks complete — 174 chunks · cottas-build-00173
  Partitioned compression: HG005_GRCh38: rdf-scan heartbeat — 618,985,494 triples · 93,415,651,664 bytes read
  Partitioned compression: HG005_GRCh38: rdf-scan heartbeat — 619,421,822 triples · 93,482,760,617 bytes read
  Partitioned compression: HG005_GRCh38: rdf-scan heartbeat — 619,858,091 triples · 93,549,869,667 bytes read
  Partitioned compression: HG005_GRCh38: rdf-scan heartbeat — 620,294,848 triples · 93,616,978,627 bytes read
  Partitioned compression: HG005_GRCh38: rdf-scan heartbeat — 620,731,332 triples · 93,684,087,588 bytes read
  Partitioned compression: HG005_GRCh38: rdf-scan heartbeat — 621,168,077 triples · 93,751,196,476 bytes read
  Partitioned compression: HG005_GRCh38: rdf-scan heartbeat — 621,604,355 triples · 93,818,305,352 bytes read
  Partitioned compression: HG005_GRCh38: rdf-scan heartbeat — 622,041,070 triples · 93,885,414,267 bytes read
  Partitioned compression: HG005_GRCh38: rdf-scan chunk — 622,477,100 triples · 175 chunks · 93,952,423,060 bytes read
  Partitioned compression: HG005_GRCh38: hdt-chunks started — 174 chunks · hdt-build-00174
  Partitioned compression: HG005_GRCh38: hdt-chunks complete — 175 chunks · hdt-build-00174
  Partitioned compression: HG005_GRCh38: cottas-chunks started — 174 chunks · cottas-build-00174
  Partitioned compression: HG005_GRCh38: cottas-chunks complete — 175 chunks · cottas-build-00174
  Partitioned compression: HG005_GRCh38: rdf-scan heartbeat — 622,477,755 triples · 93,952,523,258 bytes read
  Partitioned compression: HG005_GRCh38: rdf-scan heartbeat — 622,914,488 triples · 94,019,632,136 bytes read
  Partitioned compression: HG005_GRCh38: rdf-scan heartbeat — 623,351,002 triples · 94,086,741,096 bytes read
  Partitioned compression: HG005_GRCh38: rdf-scan heartbeat — 623,787,043 triples · 94,153,850,021 bytes read
  Partitioned compression: HG005_GRCh38: rdf-scan heartbeat — 624,223,224 triples · 94,220,958,986 bytes read
  Partitioned compression: HG005_GRCh38: rdf-scan heartbeat — 624,659,448 triples · 94,288,067,903 bytes read
  Partitioned compression: HG005_GRCh38: rdf-scan heartbeat — 625,095,721 triples · 94,355,176,898 bytes read
  Partitioned compression: HG005_GRCh38: rdf-scan heartbeat — 625,532,044 triples · 94,422,285,851 bytes read
  Partitioned compression: HG005_GRCh38: rdf-scan chunk — 625,967,519 triples · 176 chunks · 94,489,294,077 bytes read
  Partitioned compression: HG005_GRCh38: hdt-chunks started — 175 chunks · hdt-build-00175
  Partitioned compression: HG005_GRCh38: hdt-chunks complete — 176 chunks · hdt-build-00175
  Partitioned compression: HG005_GRCh38: cottas-chunks started — 175 chunks · cottas-build-00175
  Partitioned compression: HG005_GRCh38: cottas-chunks complete — 176 chunks · cottas-build-00175
  Partitioned compression: HG005_GRCh38: rdf-scan heartbeat — 625,968,171 triples · 94,489,394,724 bytes read
  Partitioned compression: HG005_GRCh38: rdf-scan heartbeat — 626,404,363 triples · 94,556,503,599 bytes read
  Partitioned compression: HG005_GRCh38: rdf-scan heartbeat — 626,840,493 triples · 94,623,612,599 bytes read
  Partitioned compression: HG005_GRCh38: rdf-scan heartbeat — 627,276,773 triples · 94,690,721,596 bytes read
  Partitioned compression: HG005_GRCh38: rdf-scan heartbeat — 627,712,972 triples · 94,757,830,496 bytes read
  Partitioned compression: HG005_GRCh38: rdf-scan heartbeat — 628,149,236 triples · 94,824,939,397 bytes read
  Partitioned compression: HG005_GRCh38: rdf-scan heartbeat — 628,585,447 triples · 94,892,048,329 bytes read
  Partitioned compression: HG005_GRCh38: rdf-scan heartbeat — 629,021,682 triples · 94,959,157,342 bytes read
  Partitioned compression: HG005_GRCh38: rdf-scan chunk — 629,457,183 triples · 177 chunks · 95,026,165,005 bytes read
  Partitioned compression: HG005_GRCh38: hdt-chunks started — 176 chunks · hdt-build-00176
  Partitioned compression: HG005_GRCh38: hdt-chunks complete — 177 chunks · hdt-build-00176
  Partitioned compression: HG005_GRCh38: cottas-chunks started — 176 chunks · cottas-build-00176
  Partitioned compression: HG005_GRCh38: cottas-chunks complete — 177 chunks · cottas-build-00176
  Partitioned compression: HG005_GRCh38: rdf-scan heartbeat — 629,457,840 triples · 95,026,266,230 bytes read
  Partitioned compression: HG005_GRCh38: rdf-scan heartbeat — 629,893,969 triples · 95,093,375,187 bytes read
  Partitioned compression: HG005_GRCh38: rdf-scan heartbeat — 630,330,186 triples · 95,160,484,070 bytes read
  Partitioned compression: HG005_GRCh38: rdf-scan heartbeat — 630,766,301 triples · 95,227,593,048 bytes read
  Partitioned compression: HG005_GRCh38: rdf-scan heartbeat — 631,202,452 triples · 95,294,702,037 bytes read
  Partitioned compression: HG005_GRCh38: rdf-scan heartbeat — 631,638,590 triples · 95,361,810,962 bytes read
  Partitioned compression: HG005_GRCh38: rdf-scan heartbeat — 632,074,711 triples · 95,428,919,830 bytes read
  Partitioned compression: HG005_GRCh38: rdf-scan heartbeat — 632,510,767 triples · 95,496,028,720 bytes read
  Partitioned compression: HG005_GRCh38: rdf-scan chunk — 632,946,198 triples · 178 chunks · 95,563,035,963 bytes read
  Partitioned compression: HG005_GRCh38: hdt-chunks started — 177 chunks · hdt-build-00177
  Partitioned compression: HG005_GRCh38: hdt-chunks complete — 178 chunks · hdt-build-00177
  Partitioned compression: HG005_GRCh38: cottas-chunks started — 177 chunks · cottas-build-00177
  Partitioned compression: HG005_GRCh38: cottas-chunks complete — 178 chunks · cottas-build-00177
  Partitioned compression: HG005_GRCh38: rdf-scan heartbeat — 632,946,859 triples · 95,563,137,637 bytes read
  Partitioned compression: HG005_GRCh38: rdf-scan heartbeat — 633,383,383 triples · 95,630,246,575 bytes read
  Partitioned compression: HG005_GRCh38: rdf-scan heartbeat — 633,820,541 triples · 95,697,355,472 bytes read
  Partitioned compression: HG005_GRCh38: rdf-scan heartbeat — 634,257,603 triples · 95,764,464,467 bytes read
  Partitioned compression: HG005_GRCh38: rdf-scan heartbeat — 634,694,537 triples · 95,831,573,368 bytes read
  Partitioned compression: HG005_GRCh38: rdf-scan heartbeat — 635,131,644 triples · 95,898,682,317 bytes read
  Partitioned compression: HG005_GRCh38: rdf-scan heartbeat — 635,568,469 triples · 95,965,791,322 bytes read
  Partitioned compression: HG005_GRCh38: rdf-scan heartbeat — 636,006,065 triples · 96,032,900,189 bytes read
  Partitioned compression: HG005_GRCh38: rdf-scan chunk — 636,442,881 triples · 179 chunks · 96,099,906,959 bytes read
  Partitioned compression: HG005_GRCh38: hdt-chunks started — 178 chunks · hdt-build-00178
  Partitioned compression: HG005_GRCh38: hdt-chunks complete — 179 chunks · hdt-build-00178
  Partitioned compression: HG005_GRCh38: cottas-chunks started — 178 chunks · cottas-build-00178
  Partitioned compression: HG005_GRCh38: cottas-chunks complete — 179 chunks · cottas-build-00178
  Partitioned compression: HG005_GRCh38: rdf-scan heartbeat — 636,443,553 triples · 96,100,009,682 bytes read
  Partitioned compression: HG005_GRCh38: rdf-scan heartbeat — 636,880,620 triples · 96,167,118,706 bytes read
  Partitioned compression: HG005_GRCh38: rdf-scan heartbeat — 637,317,044 triples · 96,234,227,608 bytes read
  Partitioned compression: HG005_GRCh38: rdf-scan heartbeat — 637,753,981 triples · 96,301,336,482 bytes read
  Partitioned compression: HG005_GRCh38: rdf-scan heartbeat — 638,190,818 triples · 96,368,445,464 bytes read
  Partitioned compression: HG005_GRCh38: rdf-scan heartbeat — 638,627,972 triples · 96,435,554,329 bytes read
  Partitioned compression: HG005_GRCh38: rdf-scan heartbeat — 639,065,043 triples · 96,502,663,307 bytes read
  Partitioned compression: HG005_GRCh38: rdf-scan heartbeat — 639,502,020 triples · 96,569,772,279 bytes read
  Partitioned compression: HG005_GRCh38: rdf-scan chunk — 639,938,141 triples · 180 chunks · 96,636,777,932 bytes read
  Partitioned compression: HG005_GRCh38: hdt-chunks started — 179 chunks · hdt-build-00179
  Partitioned compression: HG005_GRCh38: hdt-chunks complete — 180 chunks · hdt-build-00179
  Partitioned compression: HG005_GRCh38: cottas-chunks started — 179 chunks · cottas-build-00179
  Partitioned compression: HG005_GRCh38: cottas-chunks complete — 180 chunks · cottas-build-00179
  Partitioned compression: HG005_GRCh38: rdf-scan heartbeat — 639,938,813 triples · 96,636,881,154 bytes read
  Partitioned compression: HG005_GRCh38: rdf-scan heartbeat — 640,376,425 triples · 96,703,990,118 bytes read
  Partitioned compression: HG005_GRCh38: rdf-scan heartbeat — 640,813,269 triples · 96,771,099,081 bytes read
  Partitioned compression: HG005_GRCh38: rdf-scan heartbeat — 641,249,812 triples · 96,838,208,032 bytes read
  Partitioned compression: HG005_GRCh38: rdf-scan heartbeat — 641,686,119 triples · 96,905,316,998 bytes read
  Partitioned compression: HG005_GRCh38: rdf-scan heartbeat — 642,122,355 triples · 96,972,425,976 bytes read
  Partitioned compression: HG005_GRCh38: rdf-scan heartbeat — 642,558,383 triples · 97,039,534,952 bytes read
  Partitioned compression: HG005_GRCh38: rdf-scan heartbeat — 642,994,722 triples · 97,106,643,828 bytes read
  Partitioned compression: HG005_GRCh38: rdf-scan chunk — 643,430,104 triples · 181 chunks · 97,173,648,953 bytes read
  Partitioned compression: HG005_GRCh38: hdt-chunks started — 180 chunks · hdt-build-00180
  Partitioned compression: HG005_GRCh38: hdt-chunks complete — 181 chunks · hdt-build-00180
  Partitioned compression: HG005_GRCh38: cottas-chunks started — 180 chunks · cottas-build-00180
  Partitioned compression: HG005_GRCh38: cottas-chunks complete — 181 chunks · cottas-build-00180
  Partitioned compression: HG005_GRCh38: rdf-scan heartbeat — 643,430,782 triples · 97,173,752,775 bytes read
  Partitioned compression: HG005_GRCh38: rdf-scan heartbeat — 643,867,108 triples · 97,240,861,740 bytes read
  Partitioned compression: HG005_GRCh38: rdf-scan heartbeat — 644,303,671 triples · 97,307,970,623 bytes read
  Partitioned compression: HG005_GRCh38: rdf-scan heartbeat — 644,740,369 triples · 97,375,079,497 bytes read
  Partitioned compression: HG005_GRCh38: rdf-scan heartbeat — 645,176,751 triples · 97,442,188,426 bytes read
  Partitioned compression: HG005_GRCh38: rdf-scan heartbeat — 645,613,016 triples · 97,509,297,419 bytes read
  Partitioned compression: HG005_GRCh38: rdf-scan heartbeat — 646,049,342 triples · 97,576,406,431 bytes read
  Partitioned compression: HG005_GRCh38: rdf-scan heartbeat — 646,485,861 triples · 97,643,515,382 bytes read
  Partitioned compression: HG005_GRCh38: rdf-scan chunk — 646,921,477 triples · 182 chunks · 97,710,519,950 bytes read
  Partitioned compression: HG005_GRCh38: hdt-chunks started — 181 chunks · hdt-build-00181
  Partitioned compression: HG005_GRCh38: hdt-chunks complete — 182 chunks · hdt-build-00181
  Partitioned compression: HG005_GRCh38: cottas-chunks started — 181 chunks · cottas-build-00181
  Partitioned compression: HG005_GRCh38: cottas-chunks complete — 182 chunks · cottas-build-00181
  Partitioned compression: HG005_GRCh38: rdf-scan heartbeat — 646,922,154 triples · 97,710,624,258 bytes read
  Partitioned compression: HG005_GRCh38: rdf-scan heartbeat — 647,358,381 triples · 97,777,733,190 bytes read
  Partitioned compression: HG005_GRCh38: rdf-scan heartbeat — 647,794,558 triples · 97,844,842,134 bytes read
  Partitioned compression: HG005_GRCh38: rdf-scan heartbeat — 648,231,204 triples · 97,911,951,122 bytes read
  Partitioned compression: HG005_GRCh38: rdf-scan heartbeat — 648,667,714 triples · 97,979,060,027 bytes read
  Partitioned compression: HG005_GRCh38: rdf-scan heartbeat — 649,104,333 triples · 98,046,168,938 bytes read
  Partitioned compression: HG005_GRCh38: rdf-scan heartbeat — 649,540,687 triples · 98,113,277,852 bytes read
  Partitioned compression: HG005_GRCh38: rdf-scan heartbeat — 649,977,134 triples · 98,180,386,772 bytes read
  Partitioned compression: HG005_GRCh38: rdf-scan chunk — 650,412,655 triples · 183 chunks · 98,247,390,927 bytes read
  Partitioned compression: HG005_GRCh38: hdt-chunks started — 182 chunks · hdt-build-00182
  Partitioned compression: HG005_GRCh38: hdt-chunks complete — 183 chunks · hdt-build-00182
  Partitioned compression: HG005_GRCh38: cottas-chunks started — 182 chunks · cottas-build-00182
  Partitioned compression: HG005_GRCh38: cottas-chunks complete — 183 chunks · cottas-build-00182
  Partitioned compression: HG005_GRCh38: rdf-scan heartbeat — 650,413,334 triples · 98,247,495,764 bytes read
  Partitioned compression: HG005_GRCh38: rdf-scan heartbeat — 650,849,719 triples · 98,314,604,739 bytes read
  Partitioned compression: HG005_GRCh38: rdf-scan heartbeat — 651,286,170 triples · 98,381,713,742 bytes read
  Partitioned compression: HG005_GRCh38: rdf-scan heartbeat — 651,722,667 triples · 98,448,822,617 bytes read
  Partitioned compression: HG005_GRCh38: rdf-scan heartbeat — 652,159,153 triples · 98,515,931,485 bytes read
  Partitioned compression: HG005_GRCh38: rdf-scan heartbeat — 652,595,507 triples · 98,583,040,374 bytes read
  Partitioned compression: HG005_GRCh38: rdf-scan heartbeat — 653,032,470 triples · 98,650,149,283 bytes read
  Partitioned compression: HG005_GRCh38: rdf-scan heartbeat — 653,469,418 triples · 98,717,258,201 bytes read
  Partitioned compression: HG005_GRCh38: rdf-scan chunk — 653,906,043 triples · 184 chunks · 98,784,261,875 bytes read
  Partitioned compression: HG005_GRCh38: hdt-chunks started — 183 chunks · hdt-build-00183
  Partitioned compression: HG005_GRCh38: hdt-chunks complete — 184 chunks · hdt-build-00183
  Partitioned compression: HG005_GRCh38: cottas-chunks started — 183 chunks · cottas-build-00183
  Partitioned compression: HG005_GRCh38: cottas-chunks complete — 184 chunks · cottas-build-00183
  Partitioned compression: HG005_GRCh38: rdf-scan heartbeat — 653,906,727 triples · 98,784,367,109 bytes read
  Partitioned compression: HG005_GRCh38: rdf-scan heartbeat — 654,343,490 triples · 98,851,475,985 bytes read
  Partitioned compression: HG005_GRCh38: rdf-scan heartbeat — 654,780,132 triples · 98,918,584,910 bytes read
  Partitioned compression: HG005_GRCh38: rdf-scan heartbeat — 655,216,841 triples · 98,985,693,881 bytes read
  Partitioned compression: HG005_GRCh38: rdf-scan heartbeat — 655,653,415 triples · 99,052,802,757 bytes read
  Partitioned compression: HG005_GRCh38: rdf-scan heartbeat — 656,090,138 triples · 99,119,911,744 bytes read
  Partitioned compression: HG005_GRCh38: rdf-scan heartbeat — 656,526,907 triples · 99,187,020,647 bytes read
  Partitioned compression: HG005_GRCh38: rdf-scan heartbeat — 656,963,462 triples · 99,254,129,536 bytes read
  Partitioned compression: HG005_GRCh38: rdf-scan chunk — 657,399,548 triples · 185 chunks · 99,321,132,892 bytes read
  Partitioned compression: HG005_GRCh38: hdt-chunks started — 184 chunks · hdt-build-00184
  Partitioned compression: HG005_GRCh38: hdt-chunks complete — 185 chunks · hdt-build-00184
  Partitioned compression: HG005_GRCh38: cottas-chunks started — 184 chunks · cottas-build-00184
  Partitioned compression: HG005_GRCh38: cottas-chunks complete — 185 chunks · cottas-build-00184
  Partitioned compression: HG005_GRCh38: rdf-scan heartbeat — 657,400,233 triples · 99,321,238,492 bytes read
  Partitioned compression: HG005_GRCh38: rdf-scan chunk — 657,425,805 triples · 186 chunks · 99,325,167,164 bytes read
  Partitioned compression: HG005_GRCh38: hdt-chunks started — 185 chunks · hdt-build-00185
  Partitioned compression: HG005_GRCh38: hdt-chunks complete — 186 chunks · hdt-build-00185
  Partitioned compression: HG005_GRCh38: cottas-chunks started — 185 chunks · cottas-build-00185
  Partitioned compression: HG005_GRCh38: cottas-chunks complete — 186 chunks · cottas-build-00185
  Partitioned compression: HG005_GRCh38: rdf-scan complete — 657,425,805 triples · 186 chunks
  Partitioned compression: HG005_GRCh38: hdt-chunks complete — 186 chunks
  Partitioned compression: HG005_GRCh38: cottas-chunks complete — 186 chunks
  Partitioned compression: HG005_GRCh38: hdt-merge started — hdt-merge-r01-00000
  Partitioned compression: HG005_GRCh38: hdt-merge complete — hdt-merge-r01-00000
  Partitioned compression: HG005_GRCh38: hdt-merge started — hdt-merge-r01-00001
  Partitioned compression: HG005_GRCh38: hdt-merge complete — hdt-merge-r01-00001
  Partitioned compression: HG005_GRCh38: hdt-merge started — hdt-merge-r01-00002
  Partitioned compression: HG005_GRCh38: hdt-merge complete — hdt-merge-r01-00002
  Partitioned compression: HG005_GRCh38: hdt-merge started — hdt-merge-r01-00003
  Partitioned compression: HG005_GRCh38: hdt-merge complete — hdt-merge-r01-00003
  Partitioned compression: HG005_GRCh38: hdt-merge started — hdt-merge-r01-00004
  Partitioned compression: HG005_GRCh38: hdt-merge complete — hdt-merge-r01-00004
  Partitioned compression: HG005_GRCh38: hdt-merge started — hdt-merge-r01-00005
  Partitioned compression: HG005_GRCh38: hdt-merge complete — hdt-merge-r01-00005
  Partitioned compression: HG005_GRCh38: hdt-merge started — hdt-merge-r01-00006
  Partitioned compression: HG005_GRCh38: hdt-merge complete — hdt-merge-r01-00006
  Partitioned compression: HG005_GRCh38: hdt-merge started — hdt-merge-r01-00007
  Partitioned compression: HG005_GRCh38: hdt-merge complete — hdt-merge-r01-00007
  Partitioned compression: HG005_GRCh38: hdt-merge started — hdt-merge-r01-00008
  Partitioned compression: HG005_GRCh38: hdt-merge complete — hdt-merge-r01-00008
  Partitioned compression: HG005_GRCh38: hdt-merge started — hdt-merge-r01-00009
  Partitioned compression: HG005_GRCh38: hdt-merge complete — hdt-merge-r01-00009
  Partitioned compression: HG005_GRCh38: hdt-merge started — hdt-merge-r01-00010
  Partitioned compression: HG005_GRCh38: hdt-merge complete — hdt-merge-r01-00010
  Partitioned compression: HG005_GRCh38: hdt-merge started — hdt-merge-r01-00011
  Partitioned compression: HG005_GRCh38: hdt-merge complete — hdt-merge-r01-00011
  Partitioned compression: HG005_GRCh38: hdt-merge started — hdt-merge-r01-00012
  Partitioned compression: HG005_GRCh38: hdt-merge complete — hdt-merge-r01-00012
  Partitioned compression: HG005_GRCh38: hdt-merge started — hdt-merge-r01-00013
  Partitioned compression: HG005_GRCh38: hdt-merge complete — hdt-merge-r01-00013
  Partitioned compression: HG005_GRCh38: hdt-merge started — hdt-merge-r01-00014
  Partitioned compression: HG005_GRCh38: hdt-merge complete — hdt-merge-r01-00014
  Partitioned compression: HG005_GRCh38: hdt-merge started — hdt-merge-r01-00015
  Partitioned compression: HG005_GRCh38: hdt-merge complete — hdt-merge-r01-00015
  Partitioned compression: HG005_GRCh38: hdt-merge started — hdt-merge-r01-00016
  Partitioned compression: HG005_GRCh38: hdt-merge complete — hdt-merge-r01-00016
  Partitioned compression: HG005_GRCh38: hdt-merge started — hdt-merge-r01-00017
  Partitioned compression: HG005_GRCh38: hdt-merge complete — hdt-merge-r01-00017
  Partitioned compression: HG005_GRCh38: hdt-merge started — hdt-merge-r01-00018
  Partitioned compression: HG005_GRCh38: hdt-merge complete — hdt-merge-r01-00018
  Partitioned compression: HG005_GRCh38: hdt-merge started — hdt-merge-r01-00019
  Partitioned compression: HG005_GRCh38: hdt-merge complete — hdt-merge-r01-00019
  Partitioned compression: HG005_GRCh38: hdt-merge started — hdt-merge-r01-00020
  Partitioned compression: HG005_GRCh38: hdt-merge complete — hdt-merge-r01-00020
  Partitioned compression: HG005_GRCh38: hdt-merge started — hdt-merge-r01-00021
  Partitioned compression: HG005_GRCh38: hdt-merge complete — hdt-merge-r01-00021
  Partitioned compression: HG005_GRCh38: hdt-merge started — hdt-merge-r01-00022
  Partitioned compression: HG005_GRCh38: hdt-merge complete — hdt-merge-r01-00022
  Partitioned compression: HG005_GRCh38: hdt-merge started — hdt-merge-r01-00023
  Partitioned compression: HG005_GRCh38: hdt-merge complete — hdt-merge-r01-00023
  Partitioned compression: HG005_GRCh38: hdt-merge started — hdt-merge-r01-00024
  Partitioned compression: HG005_GRCh38: hdt-merge complete — hdt-merge-r01-00024
  Partitioned compression: HG005_GRCh38: hdt-merge started — hdt-merge-r01-00025
  Partitioned compression: HG005_GRCh38: hdt-merge complete — hdt-merge-r01-00025
  Partitioned compression: HG005_GRCh38: hdt-merge started — hdt-merge-r01-00026
  Partitioned compression: HG005_GRCh38: hdt-merge complete — hdt-merge-r01-00026
  Partitioned compression: HG005_GRCh38: hdt-merge started — hdt-merge-r01-00027
  Partitioned compression: HG005_GRCh38: hdt-merge complete — hdt-merge-r01-00027
  Partitioned compression: HG005_GRCh38: hdt-merge started — hdt-merge-r01-00028
  Partitioned compression: HG005_GRCh38: hdt-merge complete — hdt-merge-r01-00028
  Partitioned compression: HG005_GRCh38: hdt-merge started — hdt-merge-r01-00029
  Partitioned compression: HG005_GRCh38: hdt-merge complete — hdt-merge-r01-00029
  Partitioned compression: HG005_GRCh38: hdt-merge started — hdt-merge-r01-00030
  Partitioned compression: HG005_GRCh38: hdt-merge complete — hdt-merge-r01-00030
  Partitioned compression: HG005_GRCh38: hdt-merge started — hdt-merge-r01-00031
  Partitioned compression: HG005_GRCh38: hdt-merge complete — hdt-merge-r01-00031
  Partitioned compression: HG005_GRCh38: hdt-merge started — hdt-merge-r01-00032
  Partitioned compression: HG005_GRCh38: hdt-merge complete — hdt-merge-r01-00032
  Partitioned compression: HG005_GRCh38: hdt-merge started — hdt-merge-r01-00033
  Partitioned compression: HG005_GRCh38: hdt-merge complete — hdt-merge-r01-00033
  Partitioned compression: HG005_GRCh38: hdt-merge started — hdt-merge-r01-00034
  Partitioned compression: HG005_GRCh38: hdt-merge complete — hdt-merge-r01-00034
  Partitioned compression: HG005_GRCh38: hdt-merge started — hdt-merge-r01-00035
  Partitioned compression: HG005_GRCh38: hdt-merge complete — hdt-merge-r01-00035
  Partitioned compression: HG005_GRCh38: hdt-merge started — hdt-merge-r01-00036
  Partitioned compression: HG005_GRCh38: hdt-merge complete — hdt-merge-r01-00036
  Partitioned compression: HG005_GRCh38: hdt-merge started — hdt-merge-r01-00037
  Partitioned compression: HG005_GRCh38: hdt-merge complete — hdt-merge-r01-00037
  Partitioned compression: HG005_GRCh38: hdt-merge started — hdt-merge-r01-00038
  Partitioned compression: HG005_GRCh38: hdt-merge complete — hdt-merge-r01-00038
  Partitioned compression: HG005_GRCh38: hdt-merge started — hdt-merge-r01-00039
  Partitioned compression: HG005_GRCh38: hdt-merge complete — hdt-merge-r01-00039
  Partitioned compression: HG005_GRCh38: hdt-merge started — hdt-merge-r01-00040
  Partitioned compression: HG005_GRCh38: hdt-merge complete — hdt-merge-r01-00040
  Partitioned compression: HG005_GRCh38: hdt-merge started — hdt-merge-r01-00041
  Partitioned compression: HG005_GRCh38: hdt-merge complete — hdt-merge-r01-00041
  Partitioned compression: HG005_GRCh38: hdt-merge started — hdt-merge-r01-00042
  Partitioned compression: HG005_GRCh38: hdt-merge complete — hdt-merge-r01-00042
  Partitioned compression: HG005_GRCh38: hdt-merge started — hdt-merge-r01-00043
  Partitioned compression: HG005_GRCh38: hdt-merge complete — hdt-merge-r01-00043
  Partitioned compression: HG005_GRCh38: hdt-merge started — hdt-merge-r01-00044
  Partitioned compression: HG005_GRCh38: hdt-merge complete — hdt-merge-r01-00044
  Partitioned compression: HG005_GRCh38: hdt-merge started — hdt-merge-r01-00045
  Partitioned compression: HG005_GRCh38: hdt-merge complete — hdt-merge-r01-00045
  Partitioned compression: HG005_GRCh38: hdt-merge started — hdt-merge-r01-00046
  Partitioned compression: HG005_GRCh38: hdt-merge complete — hdt-merge-r01-00046
  Partitioned compression: HG005_GRCh38: hdt-merge started — hdt-merge-r01-00047
  Partitioned compression: HG005_GRCh38: hdt-merge complete — hdt-merge-r01-00047
  Partitioned compression: HG005_GRCh38: hdt-merge started — hdt-merge-r01-00048
  Partitioned compression: HG005_GRCh38: hdt-merge complete — hdt-merge-r01-00048
  Partitioned compression: HG005_GRCh38: hdt-merge started — hdt-merge-r01-00049
  Partitioned compression: HG005_GRCh38: hdt-merge complete — hdt-merge-r01-00049
  Partitioned compression: HG005_GRCh38: hdt-merge started — hdt-merge-r01-00050
  Partitioned compression: HG005_GRCh38: hdt-merge complete — hdt-merge-r01-00050
  Partitioned compression: HG005_GRCh38: hdt-merge started — hdt-merge-r01-00051
  Partitioned compression: HG005_GRCh38: hdt-merge complete — hdt-merge-r01-00051
  Partitioned compression: HG005_GRCh38: hdt-merge started — hdt-merge-r01-00052
  Partitioned compression: HG005_GRCh38: hdt-merge complete — hdt-merge-r01-00052
  Partitioned compression: HG005_GRCh38: hdt-merge started — hdt-merge-r01-00053
  Partitioned compression: HG005_GRCh38: hdt-merge complete — hdt-merge-r01-00053
  Partitioned compression: HG005_GRCh38: hdt-merge started — hdt-merge-r01-00054
  Partitioned compression: HG005_GRCh38: hdt-merge complete — hdt-merge-r01-00054
  Partitioned compression: HG005_GRCh38: hdt-merge started — hdt-merge-r01-00055
  Partitioned compression: HG005_GRCh38: hdt-merge complete — hdt-merge-r01-00055
  Partitioned compression: HG005_GRCh38: hdt-merge started — hdt-merge-r01-00056
  Partitioned compression: HG005_GRCh38: hdt-merge complete — hdt-merge-r01-00056
  Partitioned compression: HG005_GRCh38: hdt-merge started — hdt-merge-r01-00057
  Partitioned compression: HG005_GRCh38: hdt-merge complete — hdt-merge-r01-00057
  Partitioned compression: HG005_GRCh38: hdt-merge started — hdt-merge-r01-00058
  Partitioned compression: HG005_GRCh38: hdt-merge complete — hdt-merge-r01-00058
  Partitioned compression: HG005_GRCh38: hdt-merge started — hdt-merge-r01-00059
  Partitioned compression: HG005_GRCh38: hdt-merge complete — hdt-merge-r01-00059
  Partitioned compression: HG005_GRCh38: hdt-merge started — hdt-merge-r01-00060
  Partitioned compression: HG005_GRCh38: hdt-merge complete — hdt-merge-r01-00060
  Partitioned compression: HG005_GRCh38: hdt-merge started — hdt-merge-r01-00061
  Partitioned compression: HG005_GRCh38: hdt-merge complete — hdt-merge-r01-00061
  Partitioned compression: HG005_GRCh38: hdt-merge started — hdt-merge-r01-00062
  Partitioned compression: HG005_GRCh38: hdt-merge complete — hdt-merge-r01-00062
  Partitioned compression: HG005_GRCh38: hdt-merge started — hdt-merge-r01-00063
  Partitioned compression: HG005_GRCh38: hdt-merge complete — hdt-merge-r01-00063
  Partitioned compression: HG005_GRCh38: hdt-merge started — hdt-merge-r01-00064
  Partitioned compression: HG005_GRCh38: hdt-merge complete — hdt-merge-r01-00064
  Partitioned compression: HG005_GRCh38: hdt-merge started — hdt-merge-r01-00065
  Partitioned compression: HG005_GRCh38: hdt-merge complete — hdt-merge-r01-00065
  Partitioned compression: HG005_GRCh38: hdt-merge started — hdt-merge-r01-00066
  Partitioned compression: HG005_GRCh38: hdt-merge complete — hdt-merge-r01-00066
  Partitioned compression: HG005_GRCh38: hdt-merge started — hdt-merge-r01-00067
  Partitioned compression: HG005_GRCh38: hdt-merge complete — hdt-merge-r01-00067
  Partitioned compression: HG005_GRCh38: hdt-merge started — hdt-merge-r01-00068
  Partitioned compression: HG005_GRCh38: hdt-merge complete — hdt-merge-r01-00068
  Partitioned compression: HG005_GRCh38: hdt-merge started — hdt-merge-r01-00069
  Partitioned compression: HG005_GRCh38: hdt-merge complete — hdt-merge-r01-00069
  Partitioned compression: HG005_GRCh38: hdt-merge started — hdt-merge-r01-00070
  Partitioned compression: HG005_GRCh38: hdt-merge complete — hdt-merge-r01-00070
  Partitioned compression: HG005_GRCh38: hdt-merge started — hdt-merge-r01-00071
  Partitioned compression: HG005_GRCh38: hdt-merge complete — hdt-merge-r01-00071
  Partitioned compression: HG005_GRCh38: hdt-merge started — hdt-merge-r01-00072
  Partitioned compression: HG005_GRCh38: hdt-merge complete — hdt-merge-r01-00072
  Partitioned compression: HG005_GRCh38: hdt-merge started — hdt-merge-r01-00073
  Partitioned compression: HG005_GRCh38: hdt-merge complete — hdt-merge-r01-00073
  Partitioned compression: HG005_GRCh38: hdt-merge started — hdt-merge-r01-00074
  Partitioned compression: HG005_GRCh38: hdt-merge complete — hdt-merge-r01-00074
  Partitioned compression: HG005_GRCh38: hdt-merge started — hdt-merge-r01-00075
  Partitioned compression: HG005_GRCh38: hdt-merge complete — hdt-merge-r01-00075
  Partitioned compression: HG005_GRCh38: hdt-merge started — hdt-merge-r01-00076
  Partitioned compression: HG005_GRCh38: hdt-merge complete — hdt-merge-r01-00076
  Partitioned compression: HG005_GRCh38: hdt-merge started — hdt-merge-r01-00077
  Partitioned compression: HG005_GRCh38: hdt-merge complete — hdt-merge-r01-00077
  Partitioned compression: HG005_GRCh38: hdt-merge started — hdt-merge-r01-00078
  Partitioned compression: HG005_GRCh38: hdt-merge complete — hdt-merge-r01-00078
  Partitioned compression: HG005_GRCh38: hdt-merge started — hdt-merge-r01-00079
  Partitioned compression: HG005_GRCh38: hdt-merge complete — hdt-merge-r01-00079
  Partitioned compression: HG005_GRCh38: hdt-merge started — hdt-merge-r01-00080
  Partitioned compression: HG005_GRCh38: hdt-merge complete — hdt-merge-r01-00080
  Partitioned compression: HG005_GRCh38: hdt-merge started — hdt-merge-r01-00081
  Partitioned compression: HG005_GRCh38: hdt-merge complete — hdt-merge-r01-00081
  Partitioned compression: HG005_GRCh38: hdt-merge started — hdt-merge-r01-00082
  Partitioned compression: HG005_GRCh38: hdt-merge complete — hdt-merge-r01-00082
  Partitioned compression: HG005_GRCh38: hdt-merge started — hdt-merge-r01-00083
  Partitioned compression: HG005_GRCh38: hdt-merge complete — hdt-merge-r01-00083
  Partitioned compression: HG005_GRCh38: hdt-merge started — hdt-merge-r01-00084
  Partitioned compression: HG005_GRCh38: hdt-merge complete — hdt-merge-r01-00084
  Partitioned compression: HG005_GRCh38: hdt-merge started — hdt-merge-r01-00085
  Partitioned compression: HG005_GRCh38: hdt-merge complete — hdt-merge-r01-00085
  Partitioned compression: HG005_GRCh38: hdt-merge started — hdt-merge-r01-00086
  Partitioned compression: HG005_GRCh38: hdt-merge complete — hdt-merge-r01-00086
  Partitioned compression: HG005_GRCh38: hdt-merge started — hdt-merge-r01-00087
  Partitioned compression: HG005_GRCh38: hdt-merge complete — hdt-merge-r01-00087
  Partitioned compression: HG005_GRCh38: hdt-merge started — hdt-merge-r01-00088
  Partitioned compression: HG005_GRCh38: hdt-merge complete — hdt-merge-r01-00088
  Partitioned compression: HG005_GRCh38: hdt-merge started — hdt-merge-r01-00089
  Partitioned compression: HG005_GRCh38: hdt-merge complete — hdt-merge-r01-00089
  Partitioned compression: HG005_GRCh38: hdt-merge started — hdt-merge-r01-00090
  Partitioned compression: HG005_GRCh38: hdt-merge complete — hdt-merge-r01-00090
  Partitioned compression: HG005_GRCh38: hdt-merge started — hdt-merge-r01-00091
  Partitioned compression: HG005_GRCh38: hdt-merge complete — hdt-merge-r01-00091
  Partitioned compression: HG005_GRCh38: hdt-merge started — hdt-merge-r01-00092
  Partitioned compression: HG005_GRCh38: hdt-merge complete — hdt-merge-r01-00092
  Partitioned compression: HG005_GRCh38: hdt-merge started — hdt-merge-r02-00000
  Partitioned compression: HG005_GRCh38: hdt-merge complete — hdt-merge-r02-00000
  Partitioned compression: HG005_GRCh38: hdt-merge started — hdt-merge-r02-00001
  Partitioned compression: HG005_GRCh38: hdt-merge complete — hdt-merge-r02-00001
  Partitioned compression: HG005_GRCh38: hdt-merge started — hdt-merge-r02-00002
  Partitioned compression: HG005_GRCh38: hdt-merge complete — hdt-merge-r02-00002
  Partitioned compression: HG005_GRCh38: hdt-merge started — hdt-merge-r02-00003
  Partitioned compression: HG005_GRCh38: hdt-merge complete — hdt-merge-r02-00003
  Partitioned compression: HG005_GRCh38: hdt-merge started — hdt-merge-r02-00004
  Partitioned compression: HG005_GRCh38: hdt-merge complete — hdt-merge-r02-00004
  Partitioned compression: HG005_GRCh38: hdt-merge started — hdt-merge-r02-00005
  Partitioned compression: HG005_GRCh38: hdt-merge complete — hdt-merge-r02-00005
  Partitioned compression: HG005_GRCh38: hdt-merge started — hdt-merge-r02-00006
  Partitioned compression: HG005_GRCh38: hdt-merge complete — hdt-merge-r02-00006
  Partitioned compression: HG005_GRCh38: hdt-merge started — hdt-merge-r02-00007
  Partitioned compression: HG005_GRCh38: hdt-merge complete — hdt-merge-r02-00007
  Partitioned compression: HG005_GRCh38: hdt-merge started — hdt-merge-r02-00008
  Partitioned compression: HG005_GRCh38: hdt-merge complete — hdt-merge-r02-00008
  Partitioned compression: HG005_GRCh38: hdt-merge started — hdt-merge-r02-00009
  Partitioned compression: HG005_GRCh38: hdt-merge complete — hdt-merge-r02-00009
  Partitioned compression: HG005_GRCh38: hdt-merge started — hdt-merge-r02-00010
  Partitioned compression: HG005_GRCh38: hdt-merge complete — hdt-merge-r02-00010
  Partitioned compression: HG005_GRCh38: hdt-merge started — hdt-merge-r02-00011
  Partitioned compression: HG005_GRCh38: hdt-merge complete — hdt-merge-r02-00011
  Partitioned compression: HG005_GRCh38: hdt-merge started — hdt-merge-r02-00012
  Partitioned compression: HG005_GRCh38: hdt-merge complete — hdt-merge-r02-00012
  Partitioned compression: HG005_GRCh38: hdt-merge started — hdt-merge-r02-00013
  Partitioned compression: HG005_GRCh38: hdt-merge complete — hdt-merge-r02-00013
  Partitioned compression: HG005_GRCh38: hdt-merge started — hdt-merge-r02-00014
  Partitioned compression: HG005_GRCh38: hdt-merge complete — hdt-merge-r02-00014
  Partitioned compression: HG005_GRCh38: hdt-merge started — hdt-merge-r02-00015
  Partitioned compression: HG005_GRCh38: hdt-merge complete — hdt-merge-r02-00015
  Partitioned compression: HG005_GRCh38: hdt-merge started — hdt-merge-r02-00016
  Partitioned compression: HG005_GRCh38: hdt-merge complete — hdt-merge-r02-00016
  Partitioned compression: HG005_GRCh38: hdt-merge started — hdt-merge-r02-00017
  Partitioned compression: HG005_GRCh38: hdt-merge complete — hdt-merge-r02-00017
  Partitioned compression: HG005_GRCh38: hdt-merge started — hdt-merge-r02-00018
  Partitioned compression: HG005_GRCh38: hdt-merge complete — hdt-merge-r02-00018
  Partitioned compression: HG005_GRCh38: hdt-merge started — hdt-merge-r02-00019
  Partitioned compression: HG005_GRCh38: hdt-merge complete — hdt-merge-r02-00019
  Partitioned compression: HG005_GRCh38: hdt-merge started — hdt-merge-r02-00020
  Partitioned compression: HG005_GRCh38: hdt-merge complete — hdt-merge-r02-00020
  Partitioned compression: HG005_GRCh38: hdt-merge started — hdt-merge-r02-00021
  Partitioned compression: HG005_GRCh38: hdt-merge complete — hdt-merge-r02-00021
  Partitioned compression: HG005_GRCh38: hdt-merge started — hdt-merge-r02-00022
  Partitioned compression: HG005_GRCh38: hdt-merge complete — hdt-merge-r02-00022
  Partitioned compression: HG005_GRCh38: hdt-merge started — hdt-merge-r02-00023
  Partitioned compression: HG005_GRCh38: hdt-merge complete — hdt-merge-r02-00023
  Partitioned compression: HG005_GRCh38: hdt-merge started — hdt-merge-r02-00024
  Partitioned compression: HG005_GRCh38: hdt-merge complete — hdt-merge-r02-00024
  Partitioned compression: HG005_GRCh38: hdt-merge started — hdt-merge-r02-00025
  Partitioned compression: HG005_GRCh38: hdt-merge complete — hdt-merge-r02-00025
  Partitioned compression: HG005_GRCh38: hdt-merge started — hdt-merge-r02-00026
  Partitioned compression: HG005_GRCh38: hdt-merge complete — hdt-merge-r02-00026
  Partitioned compression: HG005_GRCh38: hdt-merge started — hdt-merge-r02-00027
  Partitioned compression: HG005_GRCh38: hdt-merge complete — hdt-merge-r02-00027
  Partitioned compression: HG005_GRCh38: hdt-merge started — hdt-merge-r02-00028
  Partitioned compression: HG005_GRCh38: hdt-merge complete — hdt-merge-r02-00028
  Partitioned compression: HG005_GRCh38: hdt-merge started — hdt-merge-r02-00029
  Partitioned compression: HG005_GRCh38: hdt-merge complete — hdt-merge-r02-00029
  Partitioned compression: HG005_GRCh38: hdt-merge started — hdt-merge-r02-00030
  Partitioned compression: HG005_GRCh38: hdt-merge complete — hdt-merge-r02-00030
  Partitioned compression: HG005_GRCh38: hdt-merge started — hdt-merge-r02-00031
  Partitioned compression: HG005_GRCh38: hdt-merge complete — hdt-merge-r02-00031
  Partitioned compression: HG005_GRCh38: hdt-merge started — hdt-merge-r02-00032
  Partitioned compression: HG005_GRCh38: hdt-merge complete — hdt-merge-r02-00032
  Partitioned compression: HG005_GRCh38: hdt-merge started — hdt-merge-r02-00033
  Partitioned compression: HG005_GRCh38: hdt-merge complete — hdt-merge-r02-00033
  Partitioned compression: HG005_GRCh38: hdt-merge started — hdt-merge-r02-00034
  Partitioned compression: HG005_GRCh38: hdt-merge complete — hdt-merge-r02-00034
  Partitioned compression: HG005_GRCh38: hdt-merge started — hdt-merge-r02-00035
  Partitioned compression: HG005_GRCh38: hdt-merge complete — hdt-merge-r02-00035
  Partitioned compression: HG005_GRCh38: hdt-merge started — hdt-merge-r02-00036
  Partitioned compression: HG005_GRCh38: hdt-merge complete — hdt-merge-r02-00036
  Partitioned compression: HG005_GRCh38: hdt-merge started — hdt-merge-r02-00037
  Partitioned compression: HG005_GRCh38: hdt-merge complete — hdt-merge-r02-00037
  Partitioned compression: HG005_GRCh38: hdt-merge started — hdt-merge-r02-00038
  Partitioned compression: HG005_GRCh38: hdt-merge complete — hdt-merge-r02-00038
  Partitioned compression: HG005_GRCh38: hdt-merge started — hdt-merge-r02-00039
  Partitioned compression: HG005_GRCh38: hdt-merge complete — hdt-merge-r02-00039
  Partitioned compression: HG005_GRCh38: hdt-merge started — hdt-merge-r02-00040
  Partitioned compression: HG005_GRCh38: hdt-merge complete — hdt-merge-r02-00040
  Partitioned compression: HG005_GRCh38: hdt-merge started — hdt-merge-r02-00041
  Partitioned compression: HG005_GRCh38: hdt-merge complete — hdt-merge-r02-00041
  Partitioned compression: HG005_GRCh38: hdt-merge started — hdt-merge-r02-00042
  Partitioned compression: HG005_GRCh38: hdt-merge complete — hdt-merge-r02-00042
  Partitioned compression: HG005_GRCh38: hdt-merge started — hdt-merge-r02-00043
  Partitioned compression: HG005_GRCh38: hdt-merge complete — hdt-merge-r02-00043
  Partitioned compression: HG005_GRCh38: hdt-merge started — hdt-merge-r02-00044
  Partitioned compression: HG005_GRCh38: hdt-merge complete — hdt-merge-r02-00044
  Partitioned compression: HG005_GRCh38: hdt-merge started — hdt-merge-r02-00045
  Partitioned compression: HG005_GRCh38: hdt-merge complete — hdt-merge-r02-00045
  Partitioned compression: HG005_GRCh38: hdt-merge started — hdt-merge-r03-00000
  Partitioned compression: HG005_GRCh38: hdt-merge complete — hdt-merge-r03-00000
  Partitioned compression: HG005_GRCh38: hdt-merge started — hdt-merge-r03-00001
  Partitioned compression: HG005_GRCh38: hdt-merge complete — hdt-merge-r03-00001
  Partitioned compression: HG005_GRCh38: hdt-merge started — hdt-merge-r03-00002
  Partitioned compression: HG005_GRCh38: hdt-merge complete — hdt-merge-r03-00002
  Partitioned compression: HG005_GRCh38: hdt-merge started — hdt-merge-r03-00003
  Partitioned compression: HG005_GRCh38: hdt-merge complete — hdt-merge-r03-00003
  Partitioned compression: HG005_GRCh38: hdt-merge started — hdt-merge-r03-00004
  Partitioned compression: HG005_GRCh38: hdt-merge complete — hdt-merge-r03-00004
  Partitioned compression: HG005_GRCh38: hdt-merge started — hdt-merge-r03-00005
  Partitioned compression: HG005_GRCh38: hdt-merge complete — hdt-merge-r03-00005
  Partitioned compression: HG005_GRCh38: hdt-merge started — hdt-merge-r03-00006
  Partitioned compression: HG005_GRCh38: hdt-merge complete — hdt-merge-r03-00006
  Partitioned compression: HG005_GRCh38: hdt-merge started — hdt-merge-r03-00007
  Partitioned compression: HG005_GRCh38: hdt-merge complete — hdt-merge-r03-00007
  Partitioned compression: HG005_GRCh38: hdt-merge started — hdt-merge-r03-00008
  Partitioned compression: HG005_GRCh38: hdt-merge complete — hdt-merge-r03-00008
  Partitioned compression: HG005_GRCh38: hdt-merge started — hdt-merge-r03-00009
  Partitioned compression: HG005_GRCh38: hdt-merge complete — hdt-merge-r03-00009
  Partitioned compression: HG005_GRCh38: hdt-merge started — hdt-merge-r03-00010
  Partitioned compression: HG005_GRCh38: hdt-merge complete — hdt-merge-r03-00010
  Partitioned compression: HG005_GRCh38: hdt-merge started — hdt-merge-r03-00011
  Partitioned compression: HG005_GRCh38: hdt-merge complete — hdt-merge-r03-00011
  Partitioned compression: HG005_GRCh38: hdt-merge started — hdt-merge-r03-00012
  Partitioned compression: HG005_GRCh38: hdt-merge complete — hdt-merge-r03-00012
  Partitioned compression: HG005_GRCh38: hdt-merge started — hdt-merge-r03-00013
  Partitioned compression: HG005_GRCh38: hdt-merge complete — hdt-merge-r03-00013
  Partitioned compression: HG005_GRCh38: hdt-merge started — hdt-merge-r03-00014
  Partitioned compression: HG005_GRCh38: hdt-merge complete — hdt-merge-r03-00014
  Partitioned compression: HG005_GRCh38: hdt-merge started — hdt-merge-r03-00015
  Partitioned compression: HG005_GRCh38: hdt-merge complete — hdt-merge-r03-00015
  Partitioned compression: HG005_GRCh38: hdt-merge started — hdt-merge-r03-00016
  Partitioned compression: HG005_GRCh38: hdt-merge complete — hdt-merge-r03-00016
  Partitioned compression: HG005_GRCh38: hdt-merge started — hdt-merge-r03-00017
  Partitioned compression: HG005_GRCh38: hdt-merge complete — hdt-merge-r03-00017
  Partitioned compression: HG005_GRCh38: hdt-merge started — hdt-merge-r03-00018
  Partitioned compression: HG005_GRCh38: hdt-merge complete — hdt-merge-r03-00018
  Partitioned compression: HG005_GRCh38: hdt-merge started — hdt-merge-r03-00019
  Partitioned compression: HG005_GRCh38: hdt-merge complete — hdt-merge-r03-00019
  Partitioned compression: HG005_GRCh38: hdt-merge started — hdt-merge-r03-00020
  Partitioned compression: HG005_GRCh38: hdt-merge complete — hdt-merge-r03-00020
  Partitioned compression: HG005_GRCh38: hdt-merge started — hdt-merge-r03-00021
  Partitioned compression: HG005_GRCh38: hdt-merge complete — hdt-merge-r03-00021
  Partitioned compression: HG005_GRCh38: hdt-merge started — hdt-merge-r03-00022
  Partitioned compression: HG005_GRCh38: hdt-merge complete — hdt-merge-r03-00022
  Partitioned compression: HG005_GRCh38: hdt-merge started — hdt-merge-r04-00000
  Partitioned compression: HG005_GRCh38: hdt-merge complete — hdt-merge-r04-00000
  Partitioned compression: HG005_GRCh38: hdt-merge started — hdt-merge-r04-00001
  Partitioned compression: HG005_GRCh38: hdt-merge complete — hdt-merge-r04-00001
  Partitioned compression: HG005_GRCh38: hdt-merge started — hdt-merge-r04-00002
  Partitioned compression: HG005_GRCh38: hdt-merge complete — hdt-merge-r04-00002
  Partitioned compression: HG005_GRCh38: hdt-merge started — hdt-merge-r04-00003
  Partitioned compression: HG005_GRCh38: hdt-merge complete — hdt-merge-r04-00003
  Partitioned compression: HG005_GRCh38: hdt-merge started — hdt-merge-r04-00004
  Partitioned compression: HG005_GRCh38: hdt-merge complete — hdt-merge-r04-00004
  Partitioned compression: HG005_GRCh38: hdt-merge started — hdt-merge-r04-00005
  Partitioned compression: HG005_GRCh38: hdt-merge complete — hdt-merge-r04-00005
  Partitioned compression: HG005_GRCh38: hdt-merge started — hdt-merge-r04-00006
  Partitioned compression: HG005_GRCh38: hdt-merge complete — hdt-merge-r04-00006
  Partitioned compression: HG005_GRCh38: hdt-merge started — hdt-merge-r04-00007
  Partitioned compression: HG005_GRCh38: hdt-merge complete — hdt-merge-r04-00007
  Partitioned compression: HG005_GRCh38: hdt-merge started — hdt-merge-r04-00008
  Partitioned compression: HG005_GRCh38: hdt-merge complete — hdt-merge-r04-00008
  Partitioned compression: HG005_GRCh38: hdt-merge started — hdt-merge-r04-00009
  Partitioned compression: HG005_GRCh38: hdt-merge complete — hdt-merge-r04-00009
  Partitioned compression: HG005_GRCh38: hdt-merge started — hdt-merge-r04-00010
  Partitioned compression: HG005_GRCh38: hdt-merge complete — hdt-merge-r04-00010
  Partitioned compression: HG005_GRCh38: hdt-merge started — hdt-merge-r04-00011
  Partitioned compression: HG005_GRCh38: hdt-merge complete — hdt-merge-r04-00011
  Partitioned compression: HG005_GRCh38: hdt-merge started — hdt-merge-r05-00000
  Partitioned compression: HG005_GRCh38: hdt-merge complete — hdt-merge-r05-00000
  Partitioned compression: HG005_GRCh38: hdt-merge started — hdt-merge-r05-00001
  Partitioned compression: HG005_GRCh38: hdt-merge complete — hdt-merge-r05-00001
  Partitioned compression: HG005_GRCh38: hdt-merge started — hdt-merge-r05-00002
  Partitioned compression: HG005_GRCh38: hdt-merge complete — hdt-merge-r05-00002
  Partitioned compression: HG005_GRCh38: hdt-merge started — hdt-merge-r05-00003
  Partitioned compression: HG005_GRCh38: hdt-merge complete — hdt-merge-r05-00003
  Partitioned compression: HG005_GRCh38: hdt-merge started — hdt-merge-r05-00004
  Partitioned compression: HG005_GRCh38: hdt-merge complete — hdt-merge-r05-00004
  Partitioned compression: HG005_GRCh38: hdt-merge started — hdt-merge-r05-00005
  Partitioned compression: HG005_GRCh38: hdt-merge complete — hdt-merge-r05-00005
  Partitioned compression: HG005_GRCh38: hdt-merge started — hdt-merge-r06-00000
  Partitioned compression: HG005_GRCh38: hdt-merge complete — hdt-merge-r06-00000
  Partitioned compression: HG005_GRCh38: hdt-merge started — hdt-merge-r06-00001
  Partitioned compression: HG005_GRCh38: hdt-merge complete — hdt-merge-r06-00001
  Partitioned compression: HG005_GRCh38: hdt-merge started — hdt-merge-r06-00002
  Partitioned compression: HG005_GRCh38: hdt-merge complete — hdt-merge-r06-00002
  Partitioned compression: HG005_GRCh38: hdt-merge started — hdt-merge-r07-00000
  Partitioned compression: HG005_GRCh38: hdt-merge complete — hdt-merge-r07-00000
  Partitioned compression: HG005_GRCh38: hdt-merge started — hdt-merge-r08-00000
  Partitioned compression: HG005_GRCh38: hdt-merge complete — hdt-merge-r08-00000
  Partitioned compression: HG005_GRCh38: hdt started — hdt-index
  Partitioned compression: HG005_GRCh38: hdt complete — hdt-index
  Partitioned compression: HG005_GRCh38: hdt started — hdt-validate
  Partitioned compression: HG005_GRCh38: hdt complete — hdt-validate
  Partitioned compression: HG005_GRCh38: cottas-merge started — cottas-merge-stream
  Partitioned compression: HG005_GRCh38: cottas-merge started — 0 triples · 186 sorted COTTAS chunks
  Partitioned compression: HG005_GRCh38: cottas-merge merging — 250,000 triples · 250,000 distinct triples written
  Partitioned compression: HG005_GRCh38: cottas-merge merging — 500,000 triples · 500,000 distinct triples written
  Partitioned compression: HG005_GRCh38: cottas-merge merging — 750,000 triples · 750,000 distinct triples written
  Partitioned compression: HG005_GRCh38: cottas-merge merging — 1,000,000 triples · 1,000,000 distinct triples written
  Partitioned compression: HG005_GRCh38: cottas-merge merging — 1,250,000 triples · 1,250,000 distinct triples written
  Partitioned compression: HG005_GRCh38: cottas-merge merging — 1,500,000 triples · 1,500,000 distinct triples written
  Partitioned compression: HG005_GRCh38: cottas-merge merging — 1,750,000 triples · 1,750,000 distinct triples written
  Partitioned compression: HG005_GRCh38: cottas-merge merging — 2,000,000 triples · 2,000,000 distinct triples written
  Partitioned compression: HG005_GRCh38: cottas-merge merging — 2,250,000 triples · 2,250,000 distinct triples written
  Partitioned compression: HG005_GRCh38: cottas-merge merging — 2,500,000 triples · 2,500,000 distinct triples written
  Partitioned compression: HG005_GRCh38: cottas-merge merging — 2,750,000 triples · 2,750,000 distinct triples written
  Partitioned compression: HG005_GRCh38: cottas-merge merging — 3,000,000 triples · 3,000,000 distinct triples written
  Partitioned compression: HG005_GRCh38: cottas-merge merging — 3,250,000 triples · 3,250,000 distinct triples written
  Partitioned compression: HG005_GRCh38: cottas-merge merging — 3,500,000 triples · 3,500,000 distinct triples written
  Partitioned compression: HG005_GRCh38: cottas-merge merging — 3,750,000 triples · 3,750,000 distinct triples written
  Partitioned compression: HG005_GRCh38: cottas-merge merging — 4,000,000 triples · 4,000,000 distinct triples written
  Partitioned compression: HG005_GRCh38: cottas-merge merging — 4,250,000 triples · 4,250,000 distinct triples written
  Partitioned compression: HG005_GRCh38: cottas-merge merging — 4,500,000 triples · 4,500,000 distinct triples written
  Partitioned compression: HG005_GRCh38: cottas-merge merging — 4,750,000 triples · 4,750,000 distinct triples written
  Partitioned compression: HG005_GRCh38: cottas-merge merging — 5,000,000 triples · 5,000,000 distinct triples written
  Partitioned compression: HG005_GRCh38: cottas-merge merging — 5,250,000 triples · 5,250,000 distinct triples written
  Partitioned compression: HG005_GRCh38: cottas-merge merging — 5,500,000 triples · 5,500,000 distinct triples written
  Partitioned compression: HG005_GRCh38: cottas-merge merging — 5,750,000 triples · 5,750,000 distinct triples written
  Partitioned compression: HG005_GRCh38: cottas-merge merging — 6,000,000 triples · 6,000,000 distinct triples written
  Partitioned compression: HG005_GRCh38: cottas-merge merging — 6,250,000 triples · 6,250,000 distinct triples written
  Partitioned compression: HG005_GRCh38: cottas-merge merging — 6,500,000 triples · 6,500,000 distinct triples written
  Partitioned compression: HG005_GRCh38: cottas-merge merging — 6,750,000 triples · 6,750,000 distinct triples written
  Partitioned compression: HG005_GRCh38: cottas-merge merging — 7,000,000 triples · 7,000,000 distinct triples written
  Partitioned compression: HG005_GRCh38: cottas-merge merging — 7,250,000 triples · 7,250,000 distinct triples written
  Partitioned compression: HG005_GRCh38: cottas-merge merging — 7,500,000 triples · 7,500,000 distinct triples written
  Partitioned compression: HG005_GRCh38: cottas-merge merging — 7,750,000 triples · 7,750,000 distinct triples written
  Partitioned compression: HG005_GRCh38: cottas-merge merging — 8,000,000 triples · 8,000,000 distinct triples written
  Partitioned compression: HG005_GRCh38: cottas-merge merging — 8,250,000 triples · 8,250,000 distinct triples written
  Partitioned compression: HG005_GRCh38: cottas-merge merging — 8,500,000 triples · 8,500,000 distinct triples written
  Partitioned compression: HG005_GRCh38: cottas-merge merging — 8,750,000 triples · 8,750,000 distinct triples written
  Partitioned compression: HG005_GRCh38: cottas-merge merging — 9,000,000 triples · 9,000,000 distinct triples written
  Partitioned compression: HG005_GRCh38: cottas-merge merging — 9,250,000 triples · 9,250,000 distinct triples written
  Partitioned compression: HG005_GRCh38: cottas-merge merging — 9,500,000 triples · 9,500,000 distinct triples written
  Partitioned compression: HG005_GRCh38: cottas-merge merging — 9,750,000 triples · 9,750,000 distinct triples written
  Partitioned compression: HG005_GRCh38: cottas-merge merging — 10,000,000 triples · 10,000,000 distinct triples written
  Partitioned compression: HG005_GRCh38: cottas-merge merging — 10,250,000 triples · 10,250,000 distinct triples written
  Partitioned compression: HG005_GRCh38: cottas-merge merging — 10,500,000 triples · 10,500,000 distinct triples written
  Partitioned compression: HG005_GRCh38: cottas-merge merging — 10,750,000 triples · 10,750,000 distinct triples written
  Partitioned compression: HG005_GRCh38: cottas-merge merging — 11,000,000 triples · 11,000,000 distinct triples written
  Partitioned compression: HG005_GRCh38: cottas-merge merging — 11,250,000 triples · 11,250,000 distinct triples written
  Partitioned compression: HG005_GRCh38: cottas-merge merging — 11,500,000 triples · 11,500,000 distinct triples written
  Partitioned compression: HG005_GRCh38: cottas-merge merging — 11,750,000 triples · 11,750,000 distinct triples written
  Partitioned compression: HG005_GRCh38: cottas-merge merging — 12,000,000 triples · 12,000,000 distinct triples written
  Partitioned compression: HG005_GRCh38: cottas-merge merging — 12,250,000 triples · 12,250,000 distinct triples written
  Partitioned compression: HG005_GRCh38: cottas-merge merging — 12,500,000 triples · 12,500,000 distinct triples written
  Partitioned compression: HG005_GRCh38: cottas-merge merging — 12,750,000 triples · 12,750,000 distinct triples written
  Partitioned compression: HG005_GRCh38: cottas-merge merging — 13,000,000 triples · 13,000,000 distinct triples written
  Partitioned compression: HG005_GRCh38: cottas-merge merging — 13,250,000 triples · 13,250,000 distinct triples written
  Partitioned compression: HG005_GRCh38: cottas-merge merging — 13,500,000 triples · 13,500,000 distinct triples written
  Partitioned compression: HG005_GRCh38: cottas-merge merging — 13,750,000 triples · 13,750,000 distinct triples written
  Partitioned compression: HG005_GRCh38: cottas-merge merging — 14,000,000 triples · 14,000,000 distinct triples written
  Partitioned compression: HG005_GRCh38: cottas-merge merging — 14,250,000 triples · 14,250,000 distinct triples written
  Partitioned compression: HG005_GRCh38: cottas-merge merging — 14,500,000 triples · 14,500,000 distinct triples written
  Partitioned compression: HG005_GRCh38: cottas-merge merging — 14,750,000 triples · 14,750,000 distinct triples written
  Partitioned compression: HG005_GRCh38: cottas-merge merging — 15,000,000 triples · 15,000,000 distinct triples written
  Partitioned compression: HG005_GRCh38: cottas-merge merging — 15,250,000 triples · 15,250,000 distinct triples written
  Partitioned compression: HG005_GRCh38: cottas-merge merging — 15,500,000 triples · 15,500,000 distinct triples written
  Partitioned compression: HG005_GRCh38: cottas-merge merging — 15,750,000 triples · 15,750,000 distinct triples written
  Partitioned compression: HG005_GRCh38: cottas-merge merging — 16,000,000 triples · 16,000,000 distinct triples written
  Partitioned compression: HG005_GRCh38: cottas-merge merging — 16,250,000 triples · 16,250,000 distinct triples written
  Partitioned compression: HG005_GRCh38: cottas-merge merging — 16,500,000 triples · 16,500,000 distinct triples written
  Partitioned compression: HG005_GRCh38: cottas-merge merging — 16,750,000 triples · 16,750,000 distinct triples written
  Partitioned compression: HG005_GRCh38: cottas-merge merging — 17,000,000 triples · 17,000,000 distinct triples written
  Partitioned compression: HG005_GRCh38: cottas-merge merging — 17,250,000 triples · 17,250,000 distinct triples written
  Partitioned compression: HG005_GRCh38: cottas-merge merging — 17,500,000 triples · 17,500,000 distinct triples written
  Partitioned compression: HG005_GRCh38: cottas-merge merging — 17,750,000 triples · 17,750,000 distinct triples written
  Partitioned compression: HG005_GRCh38: cottas-merge merging — 18,000,000 triples · 18,000,000 distinct triples written
  Partitioned compression: HG005_GRCh38: cottas-merge merging — 18,250,000 triples · 18,250,000 distinct triples written
  Partitioned compression: HG005_GRCh38: cottas-merge merging — 18,500,000 triples · 18,500,000 distinct triples written
  Partitioned compression: HG005_GRCh38: cottas-merge merging — 18,750,000 triples · 18,750,000 distinct triples written
  Partitioned compression: HG005_GRCh38: cottas-merge merging — 19,000,000 triples · 19,000,000 distinct triples written
  Partitioned compression: HG005_GRCh38: cottas-merge merging — 19,250,000 triples · 19,250,000 distinct triples written
  Partitioned compression: HG005_GRCh38: cottas-merge merging — 19,500,000 triples · 19,500,000 distinct triples written
  Partitioned compression: HG005_GRCh38: cottas-merge merging — 19,750,000 triples · 19,750,000 distinct triples written
  Partitioned compression: HG005_GRCh38: cottas-merge merging — 20,000,000 triples · 20,000,000 distinct triples written
  Partitioned compression: HG005_GRCh38: cottas-merge merging — 20,250,000 triples · 20,250,000 distinct triples written
  Partitioned compression: HG005_GRCh38: cottas-merge merging — 20,500,000 triples · 20,500,000 distinct triples written
  Partitioned compression: HG005_GRCh38: cottas-merge merging — 20,750,000 triples · 20,750,000 distinct triples written
  Partitioned compression: HG005_GRCh38: cottas-merge merging — 21,000,000 triples · 21,000,000 distinct triples written
  Partitioned compression: HG005_GRCh38: cottas-merge merging — 21,250,000 triples · 21,250,000 distinct triples written
  Partitioned compression: HG005_GRCh38: cottas-merge merging — 21,500,000 triples · 21,500,000 distinct triples written
  Partitioned compression: HG005_GRCh38: cottas-merge merging — 21,750,000 triples · 21,750,000 distinct triples written
  Partitioned compression: HG005_GRCh38: cottas-merge merging — 22,000,000 triples · 22,000,000 distinct triples written
  Partitioned compression: HG005_GRCh38: cottas-merge merging — 22,250,000 triples · 22,250,000 distinct triples written
  Partitioned compression: HG005_GRCh38: cottas-merge merging — 22,500,000 triples · 22,500,000 distinct triples written
  Partitioned compression: HG005_GRCh38: cottas-merge merging — 22,750,000 triples · 22,750,000 distinct triples written
  Partitioned compression: HG005_GRCh38: cottas-merge merging — 23,000,000 triples · 23,000,000 distinct triples written
  Partitioned compression: HG005_GRCh38: cottas-merge merging — 23,250,000 triples · 23,250,000 distinct triples written
  Partitioned compression: HG005_GRCh38: cottas-merge merging — 23,500,000 triples · 23,500,000 distinct triples written
  Partitioned compression: HG005_GRCh38: cottas-merge merging — 23,750,000 triples · 23,750,000 distinct triples written
  Partitioned compression: HG005_GRCh38: cottas-merge merging — 24,000,000 triples · 24,000,000 distinct triples written
  Partitioned compression: HG005_GRCh38: cottas-merge merging — 24,250,000 triples · 24,250,000 distinct triples written
  Partitioned compression: HG005_GRCh38: cottas-merge merging — 24,500,000 triples · 24,500,000 distinct triples written
  Partitioned compression: HG005_GRCh38: cottas-merge merging — 24,750,000 triples · 24,750,000 distinct triples written
  Partitioned compression: HG005_GRCh38: cottas-merge merging — 25,000,000 triples · 25,000,000 distinct triples written
  Partitioned compression: HG005_GRCh38: cottas-merge merging — 25,250,000 triples · 25,250,000 distinct triples written
  Partitioned compression: HG005_GRCh38: cottas-merge merging — 25,500,000 triples · 25,500,000 distinct triples written
  Partitioned compression: HG005_GRCh38: cottas-merge merging — 25,750,000 triples · 25,750,000 distinct triples written
  Partitioned compression: HG005_GRCh38: cottas-merge merging — 26,000,000 triples · 26,000,000 distinct triples written
  Partitioned compression: HG005_GRCh38: cottas-merge merging — 26,250,000 triples · 26,250,000 distinct triples written
  Partitioned compression: HG005_GRCh38: cottas-merge merging — 26,500,000 triples · 26,500,000 distinct triples written
  Partitioned compression: HG005_GRCh38: cottas-merge merging — 26,750,000 triples · 26,750,000 distinct triples written
  Partitioned compression: HG005_GRCh38: cottas-merge merging — 27,000,000 triples · 27,000,000 distinct triples written
  Partitioned compression: HG005_GRCh38: cottas-merge merging — 27,250,000 triples · 27,250,000 distinct triples written
  Partitioned compression: HG005_GRCh38: cottas-merge merging — 27,500,000 triples · 27,500,000 distinct triples written
  Partitioned compression: HG005_GRCh38: cottas-merge merging — 27,750,000 triples · 27,750,000 distinct triples written
  Partitioned compression: HG005_GRCh38: cottas-merge merging — 28,000,000 triples · 28,000,000 distinct triples written
  Partitioned compression: HG005_GRCh38: cottas-merge merging — 28,250,000 triples · 28,250,000 distinct triples written
  Partitioned compression: HG005_GRCh38: cottas-merge merging — 28,500,000 triples · 28,500,000 distinct triples written
  Partitioned compression: HG005_GRCh38: cottas-merge merging — 28,750,000 triples · 28,750,000 distinct triples written
  Partitioned compression: HG005_GRCh38: cottas-merge merging — 29,000,000 triples · 29,000,000 distinct triples written
  Partitioned compression: HG005_GRCh38: cottas-merge merging — 29,250,000 triples · 29,250,000 distinct triples written
  Partitioned compression: HG005_GRCh38: cottas-merge merging — 29,500,000 triples · 29,500,000 distinct triples written
  Partitioned compression: HG005_GRCh38: cottas-merge merging — 29,750,000 triples · 29,750,000 distinct triples written
  Partitioned compression: HG005_GRCh38: cottas-merge merging — 30,000,000 triples · 30,000,000 distinct triples written
  Partitioned compression: HG005_GRCh38: cottas-merge merging — 30,250,000 triples · 30,250,000 distinct triples written
  Partitioned compression: HG005_GRCh38: cottas-merge merging — 30,500,000 triples · 30,500,000 distinct triples written
  Partitioned compression: HG005_GRCh38: cottas-merge merging — 30,750,000 triples · 30,750,000 distinct triples written
  Partitioned compression: HG005_GRCh38: cottas-merge merging — 31,000,000 triples · 31,000,000 distinct triples written
  Partitioned compression: HG005_GRCh38: cottas-merge merging — 31,250,000 triples · 31,250,000 distinct triples written
  Partitioned compression: HG005_GRCh38: cottas-merge merging — 31,500,000 triples · 31,500,000 distinct triples written
  Partitioned compression: HG005_GRCh38: cottas-merge merging — 31,750,000 triples · 31,750,000 distinct triples written
  Partitioned compression: HG005_GRCh38: cottas-merge merging — 32,000,000 triples · 32,000,000 distinct triples written
  Partitioned compression: HG005_GRCh38: cottas-merge merging — 32,250,000 triples · 32,250,000 distinct triples written
  Partitioned compression: HG005_GRCh38: cottas-merge merging — 32,500,000 triples · 32,500,000 distinct triples written
  Partitioned compression: HG005_GRCh38: cottas-merge merging — 32,750,000 triples · 32,750,000 distinct triples written
  Partitioned compression: HG005_GRCh38: cottas-merge merging — 33,000,000 triples · 33,000,000 distinct triples written
  Partitioned compression: HG005_GRCh38: cottas-merge merging — 33,250,000 triples · 33,250,000 distinct triples written
  Partitioned compression: HG005_GRCh38: cottas-merge merging — 33,500,000 triples · 33,500,000 distinct triples written
  Partitioned compression: HG005_GRCh38: cottas-merge merging — 33,750,000 triples · 33,750,000 distinct triples written
  Partitioned compression: HG005_GRCh38: cottas-merge merging — 34,000,000 triples · 34,000,000 distinct triples written
  Partitioned compression: HG005_GRCh38: cottas-merge merging — 34,250,000 triples · 34,250,000 distinct triples written
  Partitioned compression: HG005_GRCh38: cottas-merge merging — 34,500,000 triples · 34,500,000 distinct triples written
  Partitioned compression: HG005_GRCh38: cottas-merge merging — 34,750,000 triples · 34,750,000 distinct triples written
  Partitioned compression: HG005_GRCh38: cottas-merge merging — 35,000,000 triples · 35,000,000 distinct triples written
  Partitioned compression: HG005_GRCh38: cottas-merge merging — 35,250,000 triples · 35,250,000 distinct triples written
  Partitioned compression: HG005_GRCh38: cottas-merge merging — 35,500,000 triples · 35,500,000 distinct triples written
  Partitioned compression: HG005_GRCh38: cottas-merge merging — 35,750,000 triples · 35,750,000 distinct triples written
  Partitioned compression: HG005_GRCh38: cottas-merge merging — 36,000,000 triples · 36,000,000 distinct triples written
  Partitioned compression: HG005_GRCh38: cottas-merge merging — 36,250,000 triples · 36,250,000 distinct triples written
  Partitioned compression: HG005_GRCh38: cottas-merge merging — 36,500,000 triples · 36,500,000 distinct triples written
  Partitioned compression: HG005_GRCh38: cottas-merge merging — 36,750,000 triples · 36,750,000 distinct triples written
  Partitioned compression: HG005_GRCh38: cottas-merge merging — 37,000,000 triples · 37,000,000 distinct triples written
  Partitioned compression: HG005_GRCh38: cottas-merge merging — 37,250,000 triples · 37,250,000 distinct triples written
  Partitioned compression: HG005_GRCh38: cottas-merge merging — 37,500,000 triples · 37,500,000 distinct triples written
  Partitioned compression: HG005_GRCh38: cottas-merge merging — 37,750,000 triples · 37,750,000 distinct triples written
  Partitioned compression: HG005_GRCh38: cottas-merge merging — 38,000,000 triples · 38,000,000 distinct triples written
  Partitioned compression: HG005_GRCh38: cottas-merge merging — 38,250,000 triples · 38,250,000 distinct triples written
  Partitioned compression: HG005_GRCh38: cottas-merge merging — 38,500,000 triples · 38,500,000 distinct triples written
  Partitioned compression: HG005_GRCh38: cottas-merge merging — 38,750,000 triples · 38,750,000 distinct triples written
  Partitioned compression: HG005_GRCh38: cottas-merge merging — 39,000,000 triples · 39,000,000 distinct triples written
  Partitioned compression: HG005_GRCh38: cottas-merge merging — 39,250,000 triples · 39,250,000 distinct triples written
  Partitioned compression: HG005_GRCh38: cottas-merge merging — 39,500,000 triples · 39,500,000 distinct triples written
  Partitioned compression: HG005_GRCh38: cottas-merge merging — 39,750,000 triples · 39,750,000 distinct triples written
  Partitioned compression: HG005_GRCh38: cottas-merge merging — 40,000,000 triples · 40,000,000 distinct triples written
  Partitioned compression: HG005_GRCh38: cottas-merge merging — 40,250,000 triples · 40,250,000 distinct triples written
  Partitioned compression: HG005_GRCh38: cottas-merge merging — 40,500,000 triples · 40,500,000 distinct triples written
  Partitioned compression: HG005_GRCh38: cottas-merge merging — 40,750,000 triples · 40,750,000 distinct triples written
  Partitioned compression: HG005_GRCh38: cottas-merge merging — 41,000,000 triples · 41,000,000 distinct triples written
  Partitioned compression: HG005_GRCh38: cottas-merge merging — 41,250,000 triples · 41,250,000 distinct triples written
  Partitioned compression: HG005_GRCh38: cottas-merge merging — 41,500,000 triples · 41,500,000 distinct triples written
  Partitioned compression: HG005_GRCh38: cottas-merge merging — 41,750,000 triples · 41,750,000 distinct triples written
  Partitioned compression: HG005_GRCh38: cottas-merge merging — 42,000,000 triples · 42,000,000 distinct triples written
  Partitioned compression: HG005_GRCh38: cottas-merge merging — 42,250,000 triples · 42,250,000 distinct triples written
  Partitioned compression: HG005_GRCh38: cottas-merge merging — 42,500,000 triples · 42,500,000 distinct triples written
  Partitioned compression: HG005_GRCh38: cottas-merge merging — 42,750,000 triples · 42,750,000 distinct triples written
  Partitioned compression: HG005_GRCh38: cottas-merge merging — 43,000,000 triples · 43,000,000 distinct triples written
  Partitioned compression: HG005_GRCh38: cottas-merge merging — 43,250,000 triples · 43,250,000 distinct triples written
  Partitioned compression: HG005_GRCh38: cottas-merge merging — 43,500,000 triples · 43,500,000 distinct triples written
  Partitioned compression: HG005_GRCh38: cottas-merge merging — 43,750,000 triples · 43,750,000 distinct triples written
  Partitioned compression: HG005_GRCh38: cottas-merge merging — 44,000,000 triples · 44,000,000 distinct triples written
  Partitioned compression: HG005_GRCh38: cottas-merge merging — 44,250,000 triples · 44,250,000 distinct triples written
  Partitioned compression: HG005_GRCh38: cottas-merge merging — 44,500,000 triples · 44,500,000 distinct triples written
  Partitioned compression: HG005_GRCh38: cottas-merge merging — 44,750,000 triples · 44,750,000 distinct triples written
  Partitioned compression: HG005_GRCh38: cottas-merge merging — 45,000,000 triples · 45,000,000 distinct triples written
  Partitioned compression: HG005_GRCh38: cottas-merge merging — 45,250,000 triples · 45,250,000 distinct triples written
  Partitioned compression: HG005_GRCh38: cottas-merge merging — 45,500,000 triples · 45,500,000 distinct triples written
  Partitioned compression: HG005_GRCh38: cottas-merge merging — 45,750,000 triples · 45,750,000 distinct triples written
  Partitioned compression: HG005_GRCh38: cottas-merge merging — 46,000,000 triples · 46,000,000 distinct triples written
  Partitioned compression: HG005_GRCh38: cottas-merge merging — 46,250,000 triples · 46,250,000 distinct triples written
  Partitioned compression: HG005_GRCh38: cottas-merge merging — 46,500,000 triples · 46,500,000 distinct triples written
  Partitioned compression: HG005_GRCh38: cottas-merge merging — 46,750,000 triples · 46,750,000 distinct triples written
  Partitioned compression: HG005_GRCh38: cottas-merge merging — 47,000,000 triples · 47,000,000 distinct triples written
  Partitioned compression: HG005_GRCh38: cottas-merge merging — 47,250,000 triples · 47,250,000 distinct triples written
  Partitioned compression: HG005_GRCh38: cottas-merge merging — 47,500,000 triples · 47,500,000 distinct triples written
  Partitioned compression: HG005_GRCh38: cottas-merge merging — 47,750,000 triples · 47,750,000 distinct triples written
  Partitioned compression: HG005_GRCh38: cottas-merge merging — 48,000,000 triples · 48,000,000 distinct triples written
  Partitioned compression: HG005_GRCh38: cottas-merge merging — 48,250,000 triples · 48,250,000 distinct triples written
  Partitioned compression: HG005_GRCh38: cottas-merge merging — 48,500,000 triples · 48,500,000 distinct triples written
  Partitioned compression: HG005_GRCh38: cottas-merge merging — 48,750,000 triples · 48,750,000 distinct triples written
  Partitioned compression: HG005_GRCh38: cottas-merge merging — 49,000,000 triples · 49,000,000 distinct triples written
  Partitioned compression: HG005_GRCh38: cottas-merge merging — 49,250,000 triples · 49,250,000 distinct triples written
  Partitioned compression: HG005_GRCh38: cottas-merge merging — 49,500,000 triples · 49,500,000 distinct triples written
  Partitioned compression: HG005_GRCh38: cottas-merge merging — 49,750,000 triples · 49,750,000 distinct triples written
  Partitioned compression: HG005_GRCh38: cottas-merge merging — 50,000,000 triples · 50,000,000 distinct triples written
  Partitioned compression: HG005_GRCh38: cottas-merge merging — 50,250,000 triples · 50,250,000 distinct triples written
  Partitioned compression: HG005_GRCh38: cottas-merge merging — 50,500,000 triples · 50,500,000 distinct triples written
  Partitioned compression: HG005_GRCh38: cottas-merge merging — 50,750,000 triples · 50,750,000 distinct triples written
  Partitioned compression: HG005_GRCh38: cottas-merge merging — 51,000,000 triples · 51,000,000 distinct triples written
  Partitioned compression: HG005_GRCh38: cottas-merge merging — 51,250,000 triples · 51,250,000 distinct triples written
  Partitioned compression: HG005_GRCh38: cottas-merge merging — 51,500,000 triples · 51,500,000 distinct triples written
  Partitioned compression: HG005_GRCh38: cottas-merge merging — 51,750,000 triples · 51,750,000 distinct triples written
  Partitioned compression: HG005_GRCh38: cottas-merge merging — 52,000,000 triples · 52,000,000 distinct triples written
  Partitioned compression: HG005_GRCh38: cottas-merge merging — 52,250,000 triples · 52,250,000 distinct triples written
  Partitioned compression: HG005_GRCh38: cottas-merge merging — 52,500,000 triples · 52,500,000 distinct triples written
  Partitioned compression: HG005_GRCh38: cottas-merge merging — 52,750,000 triples · 52,750,000 distinct triples written
  Partitioned compression: HG005_GRCh38: cottas-merge merging — 53,000,000 triples · 53,000,000 distinct triples written
  Partitioned compression: HG005_GRCh38: cottas-merge merging — 53,250,000 triples · 53,250,000 distinct triples written
  Partitioned compression: HG005_GRCh38: cottas-merge merging — 53,500,000 triples · 53,500,000 distinct triples written
  Partitioned compression: HG005_GRCh38: cottas-merge merging — 53,750,000 triples · 53,750,000 distinct triples written
  Partitioned compression: HG005_GRCh38: cottas-merge merging — 54,000,000 triples · 54,000,000 distinct triples written
  Partitioned compression: HG005_GRCh38: cottas-merge merging — 54,250,000 triples · 54,250,000 distinct triples written
  Partitioned compression: HG005_GRCh38: cottas-merge merging — 54,500,000 triples · 54,500,000 distinct triples written
  Partitioned compression: HG005_GRCh38: cottas-merge merging — 54,750,000 triples · 54,750,000 distinct triples written
  Partitioned compression: HG005_GRCh38: cottas-merge merging — 55,000,000 triples · 55,000,000 distinct triples written
  Partitioned compression: HG005_GRCh38: cottas-merge merging — 55,250,000 triples · 55,250,000 distinct triples written
  Partitioned compression: HG005_GRCh38: cottas-merge merging — 55,500,000 triples · 55,500,000 distinct triples written
  Partitioned compression: HG005_GRCh38: cottas-merge merging — 55,750,000 triples · 55,750,000 distinct triples written
  Partitioned compression: HG005_GRCh38: cottas-merge merging — 56,000,000 triples · 56,000,000 distinct triples written
  Partitioned compression: HG005_GRCh38: cottas-merge merging — 56,250,000 triples · 56,250,000 distinct triples written
  Partitioned compression: HG005_GRCh38: cottas-merge merging — 56,500,000 triples · 56,500,000 distinct triples written
  Partitioned compression: HG005_GRCh38: cottas-merge merging — 56,750,000 triples · 56,750,000 distinct triples written
  Partitioned compression: HG005_GRCh38: cottas-merge merging — 57,000,000 triples · 57,000,000 distinct triples written
  Partitioned compression: HG005_GRCh38: cottas-merge merging — 57,250,000 triples · 57,250,000 distinct triples written
  Partitioned compression: HG005_GRCh38: cottas-merge merging — 57,500,000 triples · 57,500,000 distinct triples written
  Partitioned compression: HG005_GRCh38: cottas-merge merging — 57,750,000 triples · 57,750,000 distinct triples written
  Partitioned compression: HG005_GRCh38: cottas-merge merging — 58,000,000 triples · 58,000,000 distinct triples written
  Partitioned compression: HG005_GRCh38: cottas-merge merging — 58,250,000 triples · 58,250,000 distinct triples written
  Partitioned compression: HG005_GRCh38: cottas-merge merging — 58,500,000 triples · 58,500,000 distinct triples written
  Partitioned compression: HG005_GRCh38: cottas-merge merging — 58,750,000 triples · 58,750,000 distinct triples written
  Partitioned compression: HG005_GRCh38: cottas-merge merging — 59,000,000 triples · 59,000,000 distinct triples written
  Partitioned compression: HG005_GRCh38: cottas-merge merging — 59,250,000 triples · 59,250,000 distinct triples written
  Partitioned compression: HG005_GRCh38: cottas-merge merging — 59,500,000 triples · 59,500,000 distinct triples written
  Partitioned compression: HG005_GRCh38: cottas-merge merging — 59,750,000 triples · 59,750,000 distinct triples written
  Partitioned compression: HG005_GRCh38: cottas-merge merging — 60,000,000 triples · 60,000,000 distinct triples written
  Partitioned compression: HG005_GRCh38: cottas-merge merging — 60,250,000 triples · 60,250,000 distinct triples written
  Partitioned compression: HG005_GRCh38: cottas-merge merging — 60,500,000 triples · 60,500,000 distinct triples written
  Partitioned compression: HG005_GRCh38: cottas-merge merging — 60,750,000 triples · 60,750,000 distinct triples written
  Partitioned compression: HG005_GRCh38: cottas-merge merging — 61,000,000 triples · 61,000,000 distinct triples written
  Partitioned compression: HG005_GRCh38: cottas-merge merging — 61,250,000 triples · 61,250,000 distinct triples written
  Partitioned compression: HG005_GRCh38: cottas-merge merging — 61,500,000 triples · 61,500,000 distinct triples written
  Partitioned compression: HG005_GRCh38: cottas-merge merging — 61,750,000 triples · 61,750,000 distinct triples written
  Partitioned compression: HG005_GRCh38: cottas-merge merging — 62,000,000 triples · 62,000,000 distinct triples written
  Partitioned compression: HG005_GRCh38: cottas-merge merging — 62,250,000 triples · 62,250,000 distinct triples written
  Partitioned compression: HG005_GRCh38: cottas-merge merging — 62,500,000 triples · 62,500,000 distinct triples written
  Partitioned compression: HG005_GRCh38: cottas-merge merging — 62,750,000 triples · 62,750,000 distinct triples written
  Partitioned compression: HG005_GRCh38: cottas-merge merging — 63,000,000 triples · 63,000,000 distinct triples written
  Partitioned compression: HG005_GRCh38: cottas-merge merging — 63,250,000 triples · 63,250,000 distinct triples written
  Partitioned compression: HG005_GRCh38: cottas-merge merging — 63,500,000 triples · 63,500,000 distinct triples written
  Partitioned compression: HG005_GRCh38: cottas-merge merging — 63,750,000 triples · 63,750,000 distinct triples written
  Partitioned compression: HG005_GRCh38: cottas-merge merging — 64,000,000 triples · 64,000,000 distinct triples written
  Partitioned compression: HG005_GRCh38: cottas-merge merging — 64,250,000 triples · 64,250,000 distinct triples written
  Partitioned compression: HG005_GRCh38: cottas-merge merging — 64,500,000 triples · 64,500,000 distinct triples written
  Partitioned compression: HG005_GRCh38: cottas-merge merging — 64,750,000 triples · 64,750,000 distinct triples written
  Partitioned compression: HG005_GRCh38: cottas-merge merging — 65,000,000 triples · 65,000,000 distinct triples written
  Partitioned compression: HG005_GRCh38: cottas-merge merging — 65,250,000 triples · 65,250,000 distinct triples written
  Partitioned compression: HG005_GRCh38: cottas-merge merging — 65,500,000 triples · 65,500,000 distinct triples written
  Partitioned compression: HG005_GRCh38: cottas-merge merging — 65,750,000 triples · 65,750,000 distinct triples written
  Partitioned compression: HG005_GRCh38: cottas-merge merging — 66,000,000 triples · 66,000,000 distinct triples written
  Partitioned compression: HG005_GRCh38: cottas-merge merging — 66,250,000 triples · 66,250,000 distinct triples written
  Partitioned compression: HG005_GRCh38: cottas-merge merging — 66,500,000 triples · 66,500,000 distinct triples written
  Partitioned compression: HG005_GRCh38: cottas-merge merging — 66,750,000 triples · 66,750,000 distinct triples written
  Partitioned compression: HG005_GRCh38: cottas-merge merging — 67,000,000 triples · 67,000,000 distinct triples written
  Partitioned compression: HG005_GRCh38: cottas-merge merging — 67,250,000 triples · 67,250,000 distinct triples written
  Partitioned compression: HG005_GRCh38: cottas-merge merging — 67,500,000 triples · 67,500,000 distinct triples written
  Partitioned compression: HG005_GRCh38: cottas-merge merging — 67,750,000 triples · 67,750,000 distinct triples written
  Partitioned compression: HG005_GRCh38: cottas-merge merging — 68,000,000 triples · 68,000,000 distinct triples written
  Partitioned compression: HG005_GRCh38: cottas-merge merging — 68,250,000 triples · 68,250,000 distinct triples written
  Partitioned compression: HG005_GRCh38: cottas-merge merging — 68,500,000 triples · 68,500,000 distinct triples written
  Partitioned compression: HG005_GRCh38: cottas-merge merging — 68,750,000 triples · 68,750,000 distinct triples written
  Partitioned compression: HG005_GRCh38: cottas-merge merging — 69,000,000 triples · 69,000,000 distinct triples written
  Partitioned compression: HG005_GRCh38: cottas-merge merging — 69,250,000 triples · 69,250,000 distinct triples written
  Partitioned compression: HG005_GRCh38: cottas-merge merging — 69,500,000 triples · 69,500,000 distinct triples written
  Partitioned compression: HG005_GRCh38: cottas-merge merging — 69,750,000 triples · 69,750,000 distinct triples written
  Partitioned compression: HG005_GRCh38: cottas-merge merging — 70,000,000 triples · 70,000,000 distinct triples written
  Partitioned compression: HG005_GRCh38: cottas-merge merging — 70,250,000 triples · 70,250,000 distinct triples written
  Partitioned compression: HG005_GRCh38: cottas-merge merging — 70,500,000 triples · 70,500,000 distinct triples written
  Partitioned compression: HG005_GRCh38: cottas-merge merging — 70,750,000 triples · 70,750,000 distinct triples written
  Partitioned compression: HG005_GRCh38: cottas-merge merging — 71,000,000 triples · 71,000,000 distinct triples written
  Partitioned compression: HG005_GRCh38: cottas-merge merging — 71,250,000 triples · 71,250,000 distinct triples written
  Partitioned compression: HG005_GRCh38: cottas-merge merging — 71,500,000 triples · 71,500,000 distinct triples written
  Partitioned compression: HG005_GRCh38: cottas-merge merging — 71,750,000 triples · 71,750,000 distinct triples written
  Partitioned compression: HG005_GRCh38: cottas-merge merging — 72,000,000 triples · 72,000,000 distinct triples written
  Partitioned compression: HG005_GRCh38: cottas-merge merging — 72,250,000 triples · 72,250,000 distinct triples written
  Partitioned compression: HG005_GRCh38: cottas-merge merging — 72,500,000 triples · 72,500,000 distinct triples written
  Partitioned compression: HG005_GRCh38: cottas-merge merging — 72,750,000 triples · 72,750,000 distinct triples written
  Partitioned compression: HG005_GRCh38: cottas-merge merging — 73,000,000 triples · 73,000,000 distinct triples written
  Partitioned compression: HG005_GRCh38: cottas-merge merging — 73,250,000 triples · 73,250,000 distinct triples written
  Partitioned compression: HG005_GRCh38: cottas-merge merging — 73,500,000 triples · 73,500,000 distinct triples written
  Partitioned compression: HG005_GRCh38: cottas-merge merging — 73,750,000 triples · 73,750,000 distinct triples written
  Partitioned compression: HG005_GRCh38: cottas-merge merging — 74,000,000 triples · 74,000,000 distinct triples written
  Partitioned compression: HG005_GRCh38: cottas-merge merging — 74,250,000 triples · 74,250,000 distinct triples written
  Partitioned compression: HG005_GRCh38: cottas-merge merging — 74,500,000 triples · 74,500,000 distinct triples written
  Partitioned compression: HG005_GRCh38: cottas-merge merging — 74,750,000 triples · 74,750,000 distinct triples written
  Partitioned compression: HG005_GRCh38: cottas-merge merging — 75,000,000 triples · 75,000,000 distinct triples written
  Partitioned compression: HG005_GRCh38: cottas-merge merging — 75,250,000 triples · 75,250,000 distinct triples written
  Partitioned compression: HG005_GRCh38: cottas-merge merging — 75,500,000 triples · 75,500,000 distinct triples written
  Partitioned compression: HG005_GRCh38: cottas-merge merging — 75,750,000 triples · 75,750,000 distinct triples written
  Partitioned compression: HG005_GRCh38: cottas-merge merging — 76,000,000 triples · 76,000,000 distinct triples written
  Partitioned compression: HG005_GRCh38: cottas-merge merging — 76,250,000 triples · 76,250,000 distinct triples written
  Partitioned compression: HG005_GRCh38: cottas-merge merging — 76,500,000 triples · 76,500,000 distinct triples written
  Partitioned compression: HG005_GRCh38: cottas-merge merging — 76,750,000 triples · 76,750,000 distinct triples written
  Partitioned compression: HG005_GRCh38: cottas-merge merging — 77,000,000 triples · 77,000,000 distinct triples written
  Partitioned compression: HG005_GRCh38: cottas-merge merging — 77,250,000 triples · 77,250,000 distinct triples written
  Partitioned compression: HG005_GRCh38: cottas-merge merging — 77,500,000 triples · 77,500,000 distinct triples written
  Partitioned compression: HG005_GRCh38: cottas-merge merging — 77,750,000 triples · 77,750,000 distinct triples written
  Partitioned compression: HG005_GRCh38: cottas-merge merging — 78,000,000 triples · 78,000,000 distinct triples written
  Partitioned compression: HG005_GRCh38: cottas-merge merging — 78,250,000 triples · 78,250,000 distinct triples written
  Partitioned compression: HG005_GRCh38: cottas-merge merging — 78,500,000 triples · 78,500,000 distinct triples written
  Partitioned compression: HG005_GRCh38: cottas-merge merging — 78,750,000 triples · 78,750,000 distinct triples written
  Partitioned compression: HG005_GRCh38: cottas-merge merging — 79,000,000 triples · 79,000,000 distinct triples written
  Partitioned compression: HG005_GRCh38: cottas-merge merging — 79,250,000 triples · 79,250,000 distinct triples written
  Partitioned compression: HG005_GRCh38: cottas-merge merging — 79,500,000 triples · 79,500,000 distinct triples written
  Partitioned compression: HG005_GRCh38: cottas-merge merging — 79,750,000 triples · 79,750,000 distinct triples written
  Partitioned compression: HG005_GRCh38: cottas-merge merging — 80,000,000 triples · 80,000,000 distinct triples written
  Partitioned compression: HG005_GRCh38: cottas-merge merging — 80,250,000 triples · 80,250,000 distinct triples written
  Partitioned compression: HG005_GRCh38: cottas-merge merging — 80,500,000 triples · 80,500,000 distinct triples written
  Partitioned compression: HG005_GRCh38: cottas-merge merging — 80,750,000 triples · 80,750,000 distinct triples written
  Partitioned compression: HG005_GRCh38: cottas-merge merging — 81,000,000 triples · 81,000,000 distinct triples written
  Partitioned compression: HG005_GRCh38: cottas-merge merging — 81,250,000 triples · 81,250,000 distinct triples written
  Partitioned compression: HG005_GRCh38: cottas-merge merging — 81,500,000 triples · 81,500,000 distinct triples written
  Partitioned compression: HG005_GRCh38: cottas-merge merging — 81,750,000 triples · 81,750,000 distinct triples written
  Partitioned compression: HG005_GRCh38: cottas-merge merging — 82,000,000 triples · 82,000,000 distinct triples written
  Partitioned compression: HG005_GRCh38: cottas-merge merging — 82,250,000 triples · 82,250,000 distinct triples written
  Partitioned compression: HG005_GRCh38: cottas-merge merging — 82,500,000 triples · 82,500,000 distinct triples written
  Partitioned compression: HG005_GRCh38: cottas-merge merging — 82,750,000 triples · 82,750,000 distinct triples written
  Partitioned compression: HG005_GRCh38: cottas-merge merging — 83,000,000 triples · 83,000,000 distinct triples written
  Partitioned compression: HG005_GRCh38: cottas-merge merging — 83,250,000 triples · 83,250,000 distinct triples written
  Partitioned compression: HG005_GRCh38: cottas-merge merging — 83,500,000 triples · 83,500,000 distinct triples written
  Partitioned compression: HG005_GRCh38: cottas-merge merging — 83,750,000 triples · 83,750,000 distinct triples written
  Partitioned compression: HG005_GRCh38: cottas-merge merging — 84,000,000 triples · 84,000,000 distinct triples written
  Partitioned compression: HG005_GRCh38: cottas-merge merging — 84,250,000 triples · 84,250,000 distinct triples written
  Partitioned compression: HG005_GRCh38: cottas-merge merging — 84,500,000 triples · 84,500,000 distinct triples written
  Partitioned compression: HG005_GRCh38: cottas-merge merging — 84,750,000 triples · 84,750,000 distinct triples written
  Partitioned compression: HG005_GRCh38: cottas-merge merging — 85,000,000 triples · 85,000,000 distinct triples written
  Partitioned compression: HG005_GRCh38: cottas-merge merging — 85,250,000 triples · 85,250,000 distinct triples written
  Partitioned compression: HG005_GRCh38: cottas-merge merging — 85,500,000 triples · 85,500,000 distinct triples written
  Partitioned compression: HG005_GRCh38: cottas-merge merging — 85,750,000 triples · 85,750,000 distinct triples written
  Partitioned compression: HG005_GRCh38: cottas-merge merging — 86,000,000 triples · 86,000,000 distinct triples written
  Partitioned compression: HG005_GRCh38: cottas-merge merging — 86,250,000 triples · 86,250,000 distinct triples written
  Partitioned compression: HG005_GRCh38: cottas-merge merging — 86,500,000 triples · 86,500,000 distinct triples written
  Partitioned compression: HG005_GRCh38: cottas-merge merging — 86,750,000 triples · 86,750,000 distinct triples written
  Partitioned compression: HG005_GRCh38: cottas-merge merging — 87,000,000 triples · 87,000,000 distinct triples written
  Partitioned compression: HG005_GRCh38: cottas-merge merging — 87,250,000 triples · 87,250,000 distinct triples written
  Partitioned compression: HG005_GRCh38: cottas-merge merging — 87,500,000 triples · 87,500,000 distinct triples written
  Partitioned compression: HG005_GRCh38: cottas-merge merging — 87,750,000 triples · 87,750,000 distinct triples written
  Partitioned compression: HG005_GRCh38: cottas-merge merging — 88,000,000 triples · 88,000,000 distinct triples written
  Partitioned compression: HG005_GRCh38: cottas-merge merging — 88,250,000 triples · 88,250,000 distinct triples written
  Partitioned compression: HG005_GRCh38: cottas-merge merging — 88,500,000 triples · 88,500,000 distinct triples written
  Partitioned compression: HG005_GRCh38: cottas-merge merging — 88,750,000 triples · 88,750,000 distinct triples written
  Partitioned compression: HG005_GRCh38: cottas-merge merging — 89,000,000 triples · 89,000,000 distinct triples written
  Partitioned compression: HG005_GRCh38: cottas-merge merging — 89,250,000 triples · 89,250,000 distinct triples written
  Partitioned compression: HG005_GRCh38: cottas-merge merging — 89,500,000 triples · 89,500,000 distinct triples written
  Partitioned compression: HG005_GRCh38: cottas-merge merging — 89,750,000 triples · 89,750,000 distinct triples written
  Partitioned compression: HG005_GRCh38: cottas-merge merging — 90,000,000 triples · 90,000,000 distinct triples written
  Partitioned compression: HG005_GRCh38: cottas-merge merging — 90,250,000 triples · 90,250,000 distinct triples written
  Partitioned compression: HG005_GRCh38: cottas-merge merging — 90,500,000 triples · 90,500,000 distinct triples written
  Partitioned compression: HG005_GRCh38: cottas-merge merging — 90,750,000 triples · 90,750,000 distinct triples written
  Partitioned compression: HG005_GRCh38: cottas-merge merging — 91,000,000 triples · 91,000,000 distinct triples written
  Partitioned compression: HG005_GRCh38: cottas-merge merging — 91,250,000 triples · 91,250,000 distinct triples written
  Partitioned compression: HG005_GRCh38: cottas-merge merging — 91,500,000 triples · 91,500,000 distinct triples written
  Partitioned compression: HG005_GRCh38: cottas-merge merging — 91,750,000 triples · 91,750,000 distinct triples written
  Partitioned compression: HG005_GRCh38: cottas-merge merging — 92,000,000 triples · 92,000,000 distinct triples written
  Partitioned compression: HG005_GRCh38: cottas-merge merging — 92,250,000 triples · 92,250,000 distinct triples written
  Partitioned compression: HG005_GRCh38: cottas-merge merging — 92,500,000 triples · 92,500,000 distinct triples written
  Partitioned compression: HG005_GRCh38: cottas-merge merging — 92,750,000 triples · 92,750,000 distinct triples written
  Partitioned compression: HG005_GRCh38: cottas-merge merging — 93,000,000 triples · 93,000,000 distinct triples written
  Partitioned compression: HG005_GRCh38: cottas-merge merging — 93,250,000 triples · 93,250,000 distinct triples written
  Partitioned compression: HG005_GRCh38: cottas-merge merging — 93,500,000 triples · 93,500,000 distinct triples written
  Partitioned compression: HG005_GRCh38: cottas-merge merging — 93,750,000 triples · 93,750,000 distinct triples written
  Partitioned compression: HG005_GRCh38: cottas-merge merging — 94,000,000 triples · 94,000,000 distinct triples written
  Partitioned compression: HG005_GRCh38: cottas-merge merging — 94,250,000 triples · 94,250,000 distinct triples written
  Partitioned compression: HG005_GRCh38: cottas-merge merging — 94,500,000 triples · 94,500,000 distinct triples written
  Partitioned compression: HG005_GRCh38: cottas-merge merging — 94,750,000 triples · 94,750,000 distinct triples written
  Partitioned compression: HG005_GRCh38: cottas-merge merging — 95,000,000 triples · 95,000,000 distinct triples written
  Partitioned compression: HG005_GRCh38: cottas-merge merging — 95,250,000 triples · 95,250,000 distinct triples written
  Partitioned compression: HG005_GRCh38: cottas-merge merging — 95,500,000 triples · 95,500,000 distinct triples written
  Partitioned compression: HG005_GRCh38: cottas-merge merging — 95,750,000 triples · 95,750,000 distinct triples written
  Partitioned compression: HG005_GRCh38: cottas-merge merging — 96,000,000 triples · 96,000,000 distinct triples written
  Partitioned compression: HG005_GRCh38: cottas-merge merging — 96,250,000 triples · 96,250,000 distinct triples written
  Partitioned compression: HG005_GRCh38: cottas-merge merging — 96,500,000 triples · 96,500,000 distinct triples written
  Partitioned compression: HG005_GRCh38: cottas-merge merging — 96,750,000 triples · 96,750,000 distinct triples written
  Partitioned compression: HG005_GRCh38: cottas-merge merging — 97,000,000 triples · 97,000,000 distinct triples written
  Partitioned compression: HG005_GRCh38: cottas-merge merging — 97,250,000 triples · 97,250,000 distinct triples written
  Partitioned compression: HG005_GRCh38: cottas-merge merging — 97,500,000 triples · 97,500,000 distinct triples written
  Partitioned compression: HG005_GRCh38: cottas-merge merging — 97,750,000 triples · 97,750,000 distinct triples written
  Partitioned compression: HG005_GRCh38: cottas-merge merging — 98,000,000 triples · 98,000,000 distinct triples written
  Partitioned compression: HG005_GRCh38: cottas-merge merging — 98,250,000 triples · 98,250,000 distinct triples written
  Partitioned compression: HG005_GRCh38: cottas-merge merging — 98,500,000 triples · 98,500,000 distinct triples written
  Partitioned compression: HG005_GRCh38: cottas-merge merging — 98,750,000 triples · 98,750,000 distinct triples written
  Partitioned compression: HG005_GRCh38: cottas-merge merging — 99,000,000 triples · 99,000,000 distinct triples written
  Partitioned compression: HG005_GRCh38: cottas-merge merging — 99,250,000 triples · 99,250,000 distinct triples written
  Partitioned compression: HG005_GRCh38: cottas-merge merging — 99,500,000 triples · 99,500,000 distinct triples written
  Partitioned compression: HG005_GRCh38: cottas-merge merging — 99,750,000 triples · 99,750,000 distinct triples written
  Partitioned compression: HG005_GRCh38: cottas-merge merging — 100,000,000 triples · 100,000,000 distinct triples written
  Partitioned compression: HG005_GRCh38: cottas-merge merging — 100,250,000 triples · 100,250,000 distinct triples written
  Partitioned compression: HG005_GRCh38: cottas-merge merging — 100,500,000 triples · 100,500,000 distinct triples written
  Partitioned compression: HG005_GRCh38: cottas-merge merging — 100,750,000 triples · 100,750,000 distinct triples written
  Partitioned compression: HG005_GRCh38: cottas-merge merging — 101,000,000 triples · 101,000,000 distinct triples written
  Partitioned compression: HG005_GRCh38: cottas-merge merging — 101,250,000 triples · 101,250,000 distinct triples written
  Partitioned compression: HG005_GRCh38: cottas-merge merging — 101,500,000 triples · 101,500,000 distinct triples written
  Partitioned compression: HG005_GRCh38: cottas-merge merging — 101,750,000 triples · 101,750,000 distinct triples written
  Partitioned compression: HG005_GRCh38: cottas-merge merging — 102,000,000 triples · 102,000,000 distinct triples written
  Partitioned compression: HG005_GRCh38: cottas-merge merging — 102,250,000 triples · 102,250,000 distinct triples written
  Partitioned compression: HG005_GRCh38: cottas-merge merging — 102,500,000 triples · 102,500,000 distinct triples written
  Partitioned compression: HG005_GRCh38: cottas-merge merging — 102,750,000 triples · 102,750,000 distinct triples written
  Partitioned compression: HG005_GRCh38: cottas-merge merging — 103,000,000 triples · 103,000,000 distinct triples written
  Partitioned compression: HG005_GRCh38: cottas-merge merging — 103,250,000 triples · 103,250,000 distinct triples written
  Partitioned compression: HG005_GRCh38: cottas-merge merging — 103,500,000 triples · 103,500,000 distinct triples written
  Partitioned compression: HG005_GRCh38: cottas-merge merging — 103,750,000 triples · 103,750,000 distinct triples written
  Partitioned compression: HG005_GRCh38: cottas-merge merging — 104,000,000 triples · 104,000,000 distinct triples written
  Partitioned compression: HG005_GRCh38: cottas-merge merging — 104,250,000 triples · 104,250,000 distinct triples written
  Partitioned compression: HG005_GRCh38: cottas-merge merging — 104,500,000 triples · 104,500,000 distinct triples written
  Partitioned compression: HG005_GRCh38: cottas-merge merging — 104,750,000 triples · 104,750,000 distinct triples written
  Partitioned compression: HG005_GRCh38: cottas-merge merging — 105,000,000 triples · 105,000,000 distinct triples written
  Partitioned compression: HG005_GRCh38: cottas-merge merging — 105,250,000 triples · 105,250,000 distinct triples written
  Partitioned compression: HG005_GRCh38: cottas-merge merging — 105,500,000 triples · 105,500,000 distinct triples written
  Partitioned compression: HG005_GRCh38: cottas-merge merging — 105,750,000 triples · 105,750,000 distinct triples written
  Partitioned compression: HG005_GRCh38: cottas-merge merging — 106,000,000 triples · 106,000,000 distinct triples written
  Partitioned compression: HG005_GRCh38: cottas-merge merging — 106,250,000 triples · 106,250,000 distinct triples written
  Partitioned compression: HG005_GRCh38: cottas-merge merging — 106,500,000 triples · 106,500,000 distinct triples written
  Partitioned compression: HG005_GRCh38: cottas-merge merging — 106,750,000 triples · 106,750,000 distinct triples written
  Partitioned compression: HG005_GRCh38: cottas-merge merging — 107,000,000 triples · 107,000,000 distinct triples written
  Partitioned compression: HG005_GRCh38: cottas-merge merging — 107,250,000 triples · 107,250,000 distinct triples written
  Partitioned compression: HG005_GRCh38: cottas-merge merging — 107,500,000 triples · 107,500,000 distinct triples written
  Partitioned compression: HG005_GRCh38: cottas-merge merging — 107,750,000 triples · 107,750,000 distinct triples written
  Partitioned compression: HG005_GRCh38: cottas-merge merging — 108,000,000 triples · 108,000,000 distinct triples written
  Partitioned compression: HG005_GRCh38: cottas-merge merging — 108,250,000 triples · 108,250,000 distinct triples written
  Partitioned compression: HG005_GRCh38: cottas-merge merging — 108,500,000 triples · 108,500,000 distinct triples written
  Partitioned compression: HG005_GRCh38: cottas-merge merging — 108,750,000 triples · 108,750,000 distinct triples written
  Partitioned compression: HG005_GRCh38: cottas-merge merging — 109,000,000 triples · 109,000,000 distinct triples written
  Partitioned compression: HG005_GRCh38: cottas-merge merging — 109,250,000 triples · 109,250,000 distinct triples written
  Partitioned compression: HG005_GRCh38: cottas-merge merging — 109,500,000 triples · 109,500,000 distinct triples written
  Partitioned compression: HG005_GRCh38: cottas-merge merging — 109,750,000 triples · 109,750,000 distinct triples written
  Partitioned compression: HG005_GRCh38: cottas-merge merging — 110,000,000 triples · 110,000,000 distinct triples written
  Partitioned compression: HG005_GRCh38: cottas-merge merging — 110,250,000 triples · 110,250,000 distinct triples written
  Partitioned compression: HG005_GRCh38: cottas-merge merging — 110,500,000 triples · 110,500,000 distinct triples written
  Partitioned compression: HG005_GRCh38: cottas-merge merging — 110,750,000 triples · 110,750,000 distinct triples written
  Partitioned compression: HG005_GRCh38: cottas-merge merging — 111,000,000 triples · 111,000,000 distinct triples written
  Partitioned compression: HG005_GRCh38: cottas-merge merging — 111,250,000 triples · 111,250,000 distinct triples written
  Partitioned compression: HG005_GRCh38: cottas-merge merging — 111,500,000 triples · 111,500,000 distinct triples written
  Partitioned compression: HG005_GRCh38: cottas-merge merging — 111,750,000 triples · 111,750,000 distinct triples written
  Partitioned compression: HG005_GRCh38: cottas-merge merging — 112,000,000 triples · 112,000,000 distinct triples written
  Partitioned compression: HG005_GRCh38: cottas-merge merging — 112,250,000 triples · 112,250,000 distinct triples written
  Partitioned compression: HG005_GRCh38: cottas-merge merging — 112,500,000 triples · 112,500,000 distinct triples written
  Partitioned compression: HG005_GRCh38: cottas-merge merging — 112,750,000 triples · 112,750,000 distinct triples written
  Partitioned compression: HG005_GRCh38: cottas-merge merging — 113,000,000 triples · 113,000,000 distinct triples written
  Partitioned compression: HG005_GRCh38: cottas-merge merging — 113,250,000 triples · 113,250,000 distinct triples written
  Partitioned compression: HG005_GRCh38: cottas-merge merging — 113,500,000 triples · 113,500,000 distinct triples written
  Partitioned compression: HG005_GRCh38: cottas-merge merging — 113,750,000 triples · 113,750,000 distinct triples written
  Partitioned compression: HG005_GRCh38: cottas-merge merging — 114,000,000 triples · 114,000,000 distinct triples written
  Partitioned compression: HG005_GRCh38: cottas-merge merging — 114,250,000 triples · 114,250,000 distinct triples written
  Partitioned compression: HG005_GRCh38: cottas-merge merging — 114,500,000 triples · 114,500,000 distinct triples written
  Partitioned compression: HG005_GRCh38: cottas-merge merging — 114,750,000 triples · 114,750,000 distinct triples written
  Partitioned compression: HG005_GRCh38: cottas-merge merging — 115,000,000 triples · 115,000,000 distinct triples written
  Partitioned compression: HG005_GRCh38: cottas-merge merging — 115,250,000 triples · 115,250,000 distinct triples written
  Partitioned compression: HG005_GRCh38: cottas-merge merging — 115,500,000 triples · 115,500,000 distinct triples written
  Partitioned compression: HG005_GRCh38: cottas-merge merging — 115,750,000 triples · 115,750,000 distinct triples written
  Partitioned compression: HG005_GRCh38: cottas-merge merging — 116,000,000 triples · 116,000,000 distinct triples written
  Partitioned compression: HG005_GRCh38: cottas-merge merging — 116,250,000 triples · 116,250,000 distinct triples written
  Partitioned compression: HG005_GRCh38: cottas-merge merging — 116,500,000 triples · 116,500,000 distinct triples written
  Partitioned compression: HG005_GRCh38: cottas-merge merging — 116,750,000 triples · 116,750,000 distinct triples written
  Partitioned compression: HG005_GRCh38: cottas-merge merging — 117,000,000 triples · 117,000,000 distinct triples written
  Partitioned compression: HG005_GRCh38: cottas-merge merging — 117,250,000 triples · 117,250,000 distinct triples written
  Partitioned compression: HG005_GRCh38: cottas-merge merging — 117,500,000 triples · 117,500,000 distinct triples written
  Partitioned compression: HG005_GRCh38: cottas-merge merging — 117,750,000 triples · 117,750,000 distinct triples written
  Partitioned compression: HG005_GRCh38: cottas-merge merging — 118,000,000 triples · 118,000,000 distinct triples written
  Partitioned compression: HG005_GRCh38: cottas-merge merging — 118,250,000 triples · 118,250,000 distinct triples written
  Partitioned compression: HG005_GRCh38: cottas-merge merging — 118,500,000 triples · 118,500,000 distinct triples written
  Partitioned compression: HG005_GRCh38: cottas-merge merging — 118,750,000 triples · 118,750,000 distinct triples written
  Partitioned compression: HG005_GRCh38: cottas-merge merging — 119,000,000 triples · 119,000,000 distinct triples written
  Partitioned compression: HG005_GRCh38: cottas-merge merging — 119,250,000 triples · 119,250,000 distinct triples written
  Partitioned compression: HG005_GRCh38: cottas-merge merging — 119,500,000 triples · 119,500,000 distinct triples written
  Partitioned compression: HG005_GRCh38: cottas-merge merging — 119,750,000 triples · 119,750,000 distinct triples written
  Partitioned compression: HG005_GRCh38: cottas-merge merging — 120,000,000 triples · 120,000,000 distinct triples written
  Partitioned compression: HG005_GRCh38: cottas-merge merging — 120,250,000 triples · 120,250,000 distinct triples written
  Partitioned compression: HG005_GRCh38: cottas-merge merging — 120,500,000 triples · 120,500,000 distinct triples written
  Partitioned compression: HG005_GRCh38: cottas-merge merging — 120,750,000 triples · 120,750,000 distinct triples written
  Partitioned compression: HG005_GRCh38: cottas-merge merging — 121,000,000 triples · 121,000,000 distinct triples written
  Partitioned compression: HG005_GRCh38: cottas-merge merging — 121,250,000 triples · 121,250,000 distinct triples written
  Partitioned compression: HG005_GRCh38: cottas-merge merging — 121,500,000 triples · 121,500,000 distinct triples written
  Partitioned compression: HG005_GRCh38: cottas-merge merging — 121,750,000 triples · 121,750,000 distinct triples written
  Partitioned compression: HG005_GRCh38: cottas-merge merging — 122,000,000 triples · 122,000,000 distinct triples written
  Partitioned compression: HG005_GRCh38: cottas-merge merging — 122,250,000 triples · 122,250,000 distinct triples written
  Partitioned compression: HG005_GRCh38: cottas-merge merging — 122,500,000 triples · 122,500,000 distinct triples written
  Partitioned compression: HG005_GRCh38: cottas-merge merging — 122,750,000 triples · 122,750,000 distinct triples written
  Partitioned compression: HG005_GRCh38: cottas-merge merging — 123,000,000 triples · 123,000,000 distinct triples written
  Partitioned compression: HG005_GRCh38: cottas-merge merging — 123,250,000 triples · 123,250,000 distinct triples written
  Partitioned compression: HG005_GRCh38: cottas-merge merging — 123,500,000 triples · 123,500,000 distinct triples written
  Partitioned compression: HG005_GRCh38: cottas-merge merging — 123,750,000 triples · 123,750,000 distinct triples written
  Partitioned compression: HG005_GRCh38: cottas-merge merging — 124,000,000 triples · 124,000,000 distinct triples written
  Partitioned compression: HG005_GRCh38: cottas-merge merging — 124,250,000 triples · 124,250,000 distinct triples written
  Partitioned compression: HG005_GRCh38: cottas-merge merging — 124,500,000 triples · 124,500,000 distinct triples written
  Partitioned compression: HG005_GRCh38: cottas-merge merging — 124,750,000 triples · 124,750,000 distinct triples written
  Partitioned compression: HG005_GRCh38: cottas-merge merging — 125,000,000 triples · 125,000,000 distinct triples written
  Partitioned compression: HG005_GRCh38: cottas-merge merging — 125,250,000 triples · 125,250,000 distinct triples written
  Partitioned compression: HG005_GRCh38: cottas-merge merging — 125,500,000 triples · 125,500,000 distinct triples written
  Partitioned compression: HG005_GRCh38: cottas-merge merging — 125,750,000 triples · 125,750,000 distinct triples written
  Partitioned compression: HG005_GRCh38: cottas-merge merging — 126,000,000 triples · 126,000,000 distinct triples written
  Partitioned compression: HG005_GRCh38: cottas-merge merging — 126,250,000 triples · 126,250,000 distinct triples written
  Partitioned compression: HG005_GRCh38: cottas-merge merging — 126,500,000 triples · 126,500,000 distinct triples written
  Partitioned compression: HG005_GRCh38: cottas-merge merging — 126,750,000 triples · 126,750,000 distinct triples written
  Partitioned compression: HG005_GRCh38: cottas-merge merging — 127,000,000 triples · 127,000,000 distinct triples written
  Partitioned compression: HG005_GRCh38: cottas-merge merging — 127,250,000 triples · 127,250,000 distinct triples written
  Partitioned compression: HG005_GRCh38: cottas-merge merging — 127,500,000 triples · 127,500,000 distinct triples written
  Partitioned compression: HG005_GRCh38: cottas-merge merging — 127,750,000 triples · 127,750,000 distinct triples written
  Partitioned compression: HG005_GRCh38: cottas-merge merging — 128,000,000 triples · 128,000,000 distinct triples written
  Partitioned compression: HG005_GRCh38: cottas-merge merging — 128,250,000 triples · 128,250,000 distinct triples written
  Partitioned compression: HG005_GRCh38: cottas-merge merging — 128,500,000 triples · 128,500,000 distinct triples written
  Partitioned compression: HG005_GRCh38: cottas-merge merging — 128,750,000 triples · 128,750,000 distinct triples written
  Partitioned compression: HG005_GRCh38: cottas-merge merging — 129,000,000 triples · 129,000,000 distinct triples written
  Partitioned compression: HG005_GRCh38: cottas-merge merging — 129,250,000 triples · 129,250,000 distinct triples written
  Partitioned compression: HG005_GRCh38: cottas-merge merging — 129,500,000 triples · 129,500,000 distinct triples written
  Partitioned compression: HG005_GRCh38: cottas-merge merging — 129,750,000 triples · 129,750,000 distinct triples written
  Partitioned compression: HG005_GRCh38: cottas-merge merging — 130,000,000 triples · 130,000,000 distinct triples written
  Partitioned compression: HG005_GRCh38: cottas-merge merging — 130,250,000 triples · 130,250,000 distinct triples written
  Partitioned compression: HG005_GRCh38: cottas-merge merging — 130,500,000 triples · 130,500,000 distinct triples written
  Partitioned compression: HG005_GRCh38: cottas-merge merging — 130,750,000 triples · 130,750,000 distinct triples written
  Partitioned compression: HG005_GRCh38: cottas-merge merging — 131,000,000 triples · 131,000,000 distinct triples written
  Partitioned compression: HG005_GRCh38: cottas-merge merging — 131,250,000 triples · 131,250,000 distinct triples written
  Partitioned compression: HG005_GRCh38: cottas-merge merging — 131,500,000 triples · 131,500,000 distinct triples written
  Partitioned compression: HG005_GRCh38: cottas-merge merging — 131,750,000 triples · 131,750,000 distinct triples written
  Partitioned compression: HG005_GRCh38: cottas-merge merging — 132,000,000 triples · 132,000,000 distinct triples written
  Partitioned compression: HG005_GRCh38: cottas-merge merging — 132,250,000 triples · 132,250,000 distinct triples written
  Partitioned compression: HG005_GRCh38: cottas-merge merging — 132,500,000 triples · 132,500,000 distinct triples written
  Partitioned compression: HG005_GRCh38: cottas-merge merging — 132,750,000 triples · 132,750,000 distinct triples written
  Partitioned compression: HG005_GRCh38: cottas-merge merging — 133,000,000 triples · 133,000,000 distinct triples written
  Partitioned compression: HG005_GRCh38: cottas-merge merging — 133,250,000 triples · 133,250,000 distinct triples written
  Partitioned compression: HG005_GRCh38: cottas-merge merging — 133,500,000 triples · 133,500,000 distinct triples written
  Partitioned compression: HG005_GRCh38: cottas-merge merging — 133,750,000 triples · 133,750,000 distinct triples written
  Partitioned compression: HG005_GRCh38: cottas-merge merging — 134,000,000 triples · 134,000,000 distinct triples written
  Partitioned compression: HG005_GRCh38: cottas-merge merging — 134,250,000 triples · 134,250,000 distinct triples written
  Partitioned compression: HG005_GRCh38: cottas-merge merging — 134,500,000 triples · 134,500,000 distinct triples written
  Partitioned compression: HG005_GRCh38: cottas-merge merging — 134,750,000 triples · 134,750,000 distinct triples written
  Partitioned compression: HG005_GRCh38: cottas-merge merging — 135,000,000 triples · 135,000,000 distinct triples written
  Partitioned compression: HG005_GRCh38: cottas-merge merging — 135,250,000 triples · 135,250,000 distinct triples written
  Partitioned compression: HG005_GRCh38: cottas-merge merging — 135,500,000 triples · 135,500,000 distinct triples written
  Partitioned compression: HG005_GRCh38: cottas-merge merging — 135,750,000 triples · 135,750,000 distinct triples written
  Partitioned compression: HG005_GRCh38: cottas-merge merging — 136,000,000 triples · 136,000,000 distinct triples written
  Partitioned compression: HG005_GRCh38: cottas-merge merging — 136,250,000 triples · 136,250,000 distinct triples written
  Partitioned compression: HG005_GRCh38: cottas-merge merging — 136,500,000 triples · 136,500,000 distinct triples written
  Partitioned compression: HG005_GRCh38: cottas-merge merging — 136,750,000 triples · 136,750,000 distinct triples written
  Partitioned compression: HG005_GRCh38: cottas-merge merging — 137,000,000 triples · 137,000,000 distinct triples written
  Partitioned compression: HG005_GRCh38: cottas-merge merging — 137,250,000 triples · 137,250,000 distinct triples written
  Partitioned compression: HG005_GRCh38: cottas-merge merging — 137,500,000 triples · 137,500,000 distinct triples written
  Partitioned compression: HG005_GRCh38: cottas-merge merging — 137,750,000 triples · 137,750,000 distinct triples written
  Partitioned compression: HG005_GRCh38: cottas-merge merging — 138,000,000 triples · 138,000,000 distinct triples written
  Partitioned compression: HG005_GRCh38: cottas-merge merging — 138,250,000 triples · 138,250,000 distinct triples written
  Partitioned compression: HG005_GRCh38: cottas-merge merging — 138,500,000 triples · 138,500,000 distinct triples written
  Partitioned compression: HG005_GRCh38: cottas-merge merging — 138,750,000 triples · 138,750,000 distinct triples written
  Partitioned compression: HG005_GRCh38: cottas-merge merging — 139,000,000 triples · 139,000,000 distinct triples written
  Partitioned compression: HG005_GRCh38: cottas-merge merging — 139,250,000 triples · 139,250,000 distinct triples written
  Partitioned compression: HG005_GRCh38: cottas-merge merging — 139,500,000 triples · 139,500,000 distinct triples written
  Partitioned compression: HG005_GRCh38: cottas-merge merging — 139,750,000 triples · 139,750,000 distinct triples written
  Partitioned compression: HG005_GRCh38: cottas-merge merging — 140,000,000 triples · 140,000,000 distinct triples written
  Partitioned compression: HG005_GRCh38: cottas-merge merging — 140,250,000 triples · 140,250,000 distinct triples written
  Partitioned compression: HG005_GRCh38: cottas-merge merging — 140,500,000 triples · 140,500,000 distinct triples written
  Partitioned compression: HG005_GRCh38: cottas-merge merging — 140,750,000 triples · 140,750,000 distinct triples written
  Partitioned compression: HG005_GRCh38: cottas-merge merging — 141,000,000 triples · 141,000,000 distinct triples written
  Partitioned compression: HG005_GRCh38: cottas-merge merging — 141,250,000 triples · 141,250,000 distinct triples written
  Partitioned compression: HG005_GRCh38: cottas-merge merging — 141,500,000 triples · 141,500,000 distinct triples written
  Partitioned compression: HG005_GRCh38: cottas-merge merging — 141,750,000 triples · 141,750,000 distinct triples written
  Partitioned compression: HG005_GRCh38: cottas-merge merging — 142,000,000 triples · 142,000,000 distinct triples written
  Partitioned compression: HG005_GRCh38: cottas-merge merging — 142,250,000 triples · 142,250,000 distinct triples written
  Partitioned compression: HG005_GRCh38: cottas-merge merging — 142,500,000 triples · 142,500,000 distinct triples written
  Partitioned compression: HG005_GRCh38: cottas-merge merging — 142,750,000 triples · 142,750,000 distinct triples written
  Partitioned compression: HG005_GRCh38: cottas-merge merging — 143,000,000 triples · 143,000,000 distinct triples written
  Partitioned compression: HG005_GRCh38: cottas-merge merging — 143,250,000 triples · 143,250,000 distinct triples written
  Partitioned compression: HG005_GRCh38: cottas-merge merging — 143,500,000 triples · 143,500,000 distinct triples written
  Partitioned compression: HG005_GRCh38: cottas-merge merging — 143,750,000 triples · 143,750,000 distinct triples written
  Partitioned compression: HG005_GRCh38: cottas-merge merging — 144,000,000 triples · 144,000,000 distinct triples written
  Partitioned compression: HG005_GRCh38: cottas-merge merging — 144,250,000 triples · 144,250,000 distinct triples written
  Partitioned compression: HG005_GRCh38: cottas-merge merging — 144,500,000 triples · 144,500,000 distinct triples written
  Partitioned compression: HG005_GRCh38: cottas-merge merging — 144,750,000 triples · 144,750,000 distinct triples written
  Partitioned compression: HG005_GRCh38: cottas-merge merging — 145,000,000 triples · 145,000,000 distinct triples written
  Partitioned compression: HG005_GRCh38: cottas-merge merging — 145,250,000 triples · 145,250,000 distinct triples written
  Partitioned compression: HG005_GRCh38: cottas-merge merging — 145,500,000 triples · 145,500,000 distinct triples written
  Partitioned compression: HG005_GRCh38: cottas-merge merging — 145,750,000 triples · 145,750,000 distinct triples written
  Partitioned compression: HG005_GRCh38: cottas-merge merging — 146,000,000 triples · 146,000,000 distinct triples written
  Partitioned compression: HG005_GRCh38: cottas-merge merging — 146,250,000 triples · 146,250,000 distinct triples written
  Partitioned compression: HG005_GRCh38: cottas-merge merging — 146,500,000 triples · 146,500,000 distinct triples written
  Partitioned compression: HG005_GRCh38: cottas-merge merging — 146,750,000 triples · 146,750,000 distinct triples written
  Partitioned compression: HG005_GRCh38: cottas-merge merging — 147,000,000 triples · 147,000,000 distinct triples written
  Partitioned compression: HG005_GRCh38: cottas-merge merging — 147,250,000 triples · 147,250,000 distinct triples written
  Partitioned compression: HG005_GRCh38: cottas-merge merging — 147,500,000 triples · 147,500,000 distinct triples written
  Partitioned compression: HG005_GRCh38: cottas-merge merging — 147,750,000 triples · 147,750,000 distinct triples written
  Partitioned compression: HG005_GRCh38: cottas-merge merging — 148,000,000 triples · 148,000,000 distinct triples written
  Partitioned compression: HG005_GRCh38: cottas-merge merging — 148,250,000 triples · 148,250,000 distinct triples written
  Partitioned compression: HG005_GRCh38: cottas-merge merging — 148,500,000 triples · 148,500,000 distinct triples written
  Partitioned compression: HG005_GRCh38: cottas-merge merging — 148,750,000 triples · 148,750,000 distinct triples written
  Partitioned compression: HG005_GRCh38: cottas-merge merging — 149,000,000 triples · 149,000,000 distinct triples written
  Partitioned compression: HG005_GRCh38: cottas-merge merging — 149,250,000 triples · 149,250,000 distinct triples written
  Partitioned compression: HG005_GRCh38: cottas-merge merging — 149,500,000 triples · 149,500,000 distinct triples written
  Partitioned compression: HG005_GRCh38: cottas-merge merging — 149,750,000 triples · 149,750,000 distinct triples written
  Partitioned compression: HG005_GRCh38: cottas-merge merging — 150,000,000 triples · 150,000,000 distinct triples written
  Partitioned compression: HG005_GRCh38: cottas-merge merging — 150,250,000 triples · 150,250,000 distinct triples written
  Partitioned compression: HG005_GRCh38: cottas-merge merging — 150,500,000 triples · 150,500,000 distinct triples written
  Partitioned compression: HG005_GRCh38: cottas-merge merging — 150,750,000 triples · 150,750,000 distinct triples written
  Partitioned compression: HG005_GRCh38: cottas-merge merging — 151,000,000 triples · 151,000,000 distinct triples written
  Partitioned compression: HG005_GRCh38: cottas-merge merging — 151,250,000 triples · 151,250,000 distinct triples written
  Partitioned compression: HG005_GRCh38: cottas-merge merging — 151,500,000 triples · 151,500,000 distinct triples written
  Partitioned compression: HG005_GRCh38: cottas-merge merging — 151,750,000 triples · 151,750,000 distinct triples written
  Partitioned compression: HG005_GRCh38: cottas-merge merging — 152,000,000 triples · 152,000,000 distinct triples written
  Partitioned compression: HG005_GRCh38: cottas-merge merging — 152,250,000 triples · 152,250,000 distinct triples written
  Partitioned compression: HG005_GRCh38: cottas-merge merging — 152,500,000 triples · 152,500,000 distinct triples written
  Partitioned compression: HG005_GRCh38: cottas-merge merging — 152,750,000 triples · 152,750,000 distinct triples written
  Partitioned compression: HG005_GRCh38: cottas-merge merging — 153,000,000 triples · 153,000,000 distinct triples written
  Partitioned compression: HG005_GRCh38: cottas-merge merging — 153,250,000 triples · 153,250,000 distinct triples written
  Partitioned compression: HG005_GRCh38: cottas-merge merging — 153,500,000 triples · 153,500,000 distinct triples written
  Partitioned compression: HG005_GRCh38: cottas-merge merging — 153,750,000 triples · 153,750,000 distinct triples written
  Partitioned compression: HG005_GRCh38: cottas-merge merging — 154,000,000 triples · 154,000,000 distinct triples written
  Partitioned compression: HG005_GRCh38: cottas-merge merging — 154,250,000 triples · 154,250,000 distinct triples written
  Partitioned compression: HG005_GRCh38: cottas-merge merging — 154,500,000 triples · 154,500,000 distinct triples written
  Partitioned compression: HG005_GRCh38: cottas-merge merging — 154,750,000 triples · 154,750,000 distinct triples written
  Partitioned compression: HG005_GRCh38: cottas-merge merging — 155,000,000 triples · 155,000,000 distinct triples written
  Partitioned compression: HG005_GRCh38: cottas-merge merging — 155,250,000 triples · 155,250,000 distinct triples written
  Partitioned compression: HG005_GRCh38: cottas-merge merging — 155,500,000 triples · 155,500,000 distinct triples written
  Partitioned compression: HG005_GRCh38: cottas-merge merging — 155,750,000 triples · 155,750,000 distinct triples written
  Partitioned compression: HG005_GRCh38: cottas-merge merging — 156,000,000 triples · 156,000,000 distinct triples written
  Partitioned compression: HG005_GRCh38: cottas-merge merging — 156,250,000 triples · 156,250,000 distinct triples written
  Partitioned compression: HG005_GRCh38: cottas-merge merging — 156,500,000 triples · 156,500,000 distinct triples written
  Partitioned compression: HG005_GRCh38: cottas-merge merging — 156,750,000 triples · 156,750,000 distinct triples written
  Partitioned compression: HG005_GRCh38: cottas-merge merging — 157,000,000 triples · 157,000,000 distinct triples written
  Partitioned compression: HG005_GRCh38: cottas-merge merging — 157,250,000 triples · 157,250,000 distinct triples written
  Partitioned compression: HG005_GRCh38: cottas-merge merging — 157,500,000 triples · 157,500,000 distinct triples written
  Partitioned compression: HG005_GRCh38: cottas-merge merging — 157,750,000 triples · 157,750,000 distinct triples written
  Partitioned compression: HG005_GRCh38: cottas-merge merging — 158,000,000 triples · 158,000,000 distinct triples written
  Partitioned compression: HG005_GRCh38: cottas-merge merging — 158,250,000 triples · 158,250,000 distinct triples written
  Partitioned compression: HG005_GRCh38: cottas-merge merging — 158,500,000 triples · 158,500,000 distinct triples written
  Partitioned compression: HG005_GRCh38: cottas-merge merging — 158,750,000 triples · 158,750,000 distinct triples written
  Partitioned compression: HG005_GRCh38: cottas-merge merging — 159,000,000 triples · 159,000,000 distinct triples written
  Partitioned compression: HG005_GRCh38: cottas-merge merging — 159,250,000 triples · 159,250,000 distinct triples written
  Partitioned compression: HG005_GRCh38: cottas-merge merging — 159,500,000 triples · 159,500,000 distinct triples written
  Partitioned compression: HG005_GRCh38: cottas-merge merging — 159,750,000 triples · 159,750,000 distinct triples written
  Partitioned compression: HG005_GRCh38: cottas-merge merging — 160,000,000 triples · 160,000,000 distinct triples written
  Partitioned compression: HG005_GRCh38: cottas-merge merging — 160,250,000 triples · 160,250,000 distinct triples written
  Partitioned compression: HG005_GRCh38: cottas-merge merging — 160,500,000 triples · 160,500,000 distinct triples written
  Partitioned compression: HG005_GRCh38: cottas-merge merging — 160,750,000 triples · 160,750,000 distinct triples written
  Partitioned compression: HG005_GRCh38: cottas-merge merging — 161,000,000 triples · 161,000,000 distinct triples written
  Partitioned compression: HG005_GRCh38: cottas-merge merging — 161,250,000 triples · 161,250,000 distinct triples written
  Partitioned compression: HG005_GRCh38: cottas-merge merging — 161,500,000 triples · 161,500,000 distinct triples written
  Partitioned compression: HG005_GRCh38: cottas-merge merging — 161,750,000 triples · 161,750,000 distinct triples written
  Partitioned compression: HG005_GRCh38: cottas-merge merging — 162,000,000 triples · 162,000,000 distinct triples written
  Partitioned compression: HG005_GRCh38: cottas-merge merging — 162,250,000 triples · 162,250,000 distinct triples written
  Partitioned compression: HG005_GRCh38: cottas-merge merging — 162,500,000 triples · 162,500,000 distinct triples written
  Partitioned compression: HG005_GRCh38: cottas-merge merging — 162,750,000 triples · 162,750,000 distinct triples written
  Partitioned compression: HG005_GRCh38: cottas-merge merging — 163,000,000 triples · 163,000,000 distinct triples written
  Partitioned compression: HG005_GRCh38: cottas-merge merging — 163,250,000 triples · 163,250,000 distinct triples written
  Partitioned compression: HG005_GRCh38: cottas-merge merging — 163,500,000 triples · 163,500,000 distinct triples written
  Partitioned compression: HG005_GRCh38: cottas-merge merging — 163,750,000 triples · 163,750,000 distinct triples written
  Partitioned compression: HG005_GRCh38: cottas-merge merging — 164,000,000 triples · 164,000,000 distinct triples written
  Partitioned compression: HG005_GRCh38: cottas-merge merging — 164,250,000 triples · 164,250,000 distinct triples written
  Partitioned compression: HG005_GRCh38: cottas-merge merging — 164,500,000 triples · 164,500,000 distinct triples written
  Partitioned compression: HG005_GRCh38: cottas-merge merging — 164,750,000 triples · 164,750,000 distinct triples written
  Partitioned compression: HG005_GRCh38: cottas-merge merging — 165,000,000 triples · 165,000,000 distinct triples written
  Partitioned compression: HG005_GRCh38: cottas-merge merging — 165,250,000 triples · 165,250,000 distinct triples written
  Partitioned compression: HG005_GRCh38: cottas-merge merging — 165,500,000 triples · 165,500,000 distinct triples written
  Partitioned compression: HG005_GRCh38: cottas-merge merging — 165,750,000 triples · 165,750,000 distinct triples written
  Partitioned compression: HG005_GRCh38: cottas-merge merging — 166,000,000 triples · 166,000,000 distinct triples written
  Partitioned compression: HG005_GRCh38: cottas-merge merging — 166,250,000 triples · 166,250,000 distinct triples written
  Partitioned compression: HG005_GRCh38: cottas-merge merging — 166,500,000 triples · 166,500,000 distinct triples written
  Partitioned compression: HG005_GRCh38: cottas-merge merging — 166,750,000 triples · 166,750,000 distinct triples written
  Partitioned compression: HG005_GRCh38: cottas-merge merging — 167,000,000 triples · 167,000,000 distinct triples written
  Partitioned compression: HG005_GRCh38: cottas-merge merging — 167,250,000 triples · 167,250,000 distinct triples written
  Partitioned compression: HG005_GRCh38: cottas-merge merging — 167,500,000 triples · 167,500,000 distinct triples written
  Partitioned compression: HG005_GRCh38: cottas-merge merging — 167,750,000 triples · 167,750,000 distinct triples written
  Partitioned compression: HG005_GRCh38: cottas-merge merging — 168,000,000 triples · 168,000,000 distinct triples written
  Partitioned compression: HG005_GRCh38: cottas-merge merging — 168,250,000 triples · 168,250,000 distinct triples written
  Partitioned compression: HG005_GRCh38: cottas-merge merging — 168,500,000 triples · 168,500,000 distinct triples written
  Partitioned compression: HG005_GRCh38: cottas-merge merging — 168,750,000 triples · 168,750,000 distinct triples written
  Partitioned compression: HG005_GRCh38: cottas-merge merging — 169,000,000 triples · 169,000,000 distinct triples written
  Partitioned compression: HG005_GRCh38: cottas-merge merging — 169,250,000 triples · 169,250,000 distinct triples written
  Partitioned compression: HG005_GRCh38: cottas-merge merging — 169,500,000 triples · 169,500,000 distinct triples written
  Partitioned compression: HG005_GRCh38: cottas-merge merging — 169,750,000 triples · 169,750,000 distinct triples written
  Partitioned compression: HG005_GRCh38: cottas-merge merging — 170,000,000 triples · 170,000,000 distinct triples written
  Partitioned compression: HG005_GRCh38: cottas-merge merging — 170,250,000 triples · 170,250,000 distinct triples written
  Partitioned compression: HG005_GRCh38: cottas-merge merging — 170,500,000 triples · 170,500,000 distinct triples written
  Partitioned compression: HG005_GRCh38: cottas-merge merging — 170,750,000 triples · 170,750,000 distinct triples written
  Partitioned compression: HG005_GRCh38: cottas-merge merging — 171,000,000 triples · 171,000,000 distinct triples written
  Partitioned compression: HG005_GRCh38: cottas-merge merging — 171,250,000 triples · 171,250,000 distinct triples written
  Partitioned compression: HG005_GRCh38: cottas-merge merging — 171,500,000 triples · 171,500,000 distinct triples written
  Partitioned compression: HG005_GRCh38: cottas-merge merging — 171,750,000 triples · 171,750,000 distinct triples written
  Partitioned compression: HG005_GRCh38: cottas-merge merging — 172,000,000 triples · 172,000,000 distinct triples written
  Partitioned compression: HG005_GRCh38: cottas-merge merging — 172,250,000 triples · 172,250,000 distinct triples written
  Partitioned compression: HG005_GRCh38: cottas-merge merging — 172,500,000 triples · 172,500,000 distinct triples written
  Partitioned compression: HG005_GRCh38: cottas-merge merging — 172,750,000 triples · 172,750,000 distinct triples written
  Partitioned compression: HG005_GRCh38: cottas-merge merging — 173,000,000 triples · 173,000,000 distinct triples written
  Partitioned compression: HG005_GRCh38: cottas-merge merging — 173,250,000 triples · 173,250,000 distinct triples written
  Partitioned compression: HG005_GRCh38: cottas-merge merging — 173,500,000 triples · 173,500,000 distinct triples written
  Partitioned compression: HG005_GRCh38: cottas-merge merging — 173,750,000 triples · 173,750,000 distinct triples written
  Partitioned compression: HG005_GRCh38: cottas-merge merging — 174,000,000 triples · 174,000,000 distinct triples written
  Partitioned compression: HG005_GRCh38: cottas-merge merging — 174,250,000 triples · 174,250,000 distinct triples written
  Partitioned compression: HG005_GRCh38: cottas-merge merging — 174,500,000 triples · 174,500,000 distinct triples written
  Partitioned compression: HG005_GRCh38: cottas-merge merging — 174,750,000 triples · 174,750,000 distinct triples written
  Partitioned compression: HG005_GRCh38: cottas-merge merging — 175,000,000 triples · 175,000,000 distinct triples written
  Partitioned compression: HG005_GRCh38: cottas-merge merging — 175,250,000 triples · 175,250,000 distinct triples written
  Partitioned compression: HG005_GRCh38: cottas-merge merging — 175,500,000 triples · 175,500,000 distinct triples written
  Partitioned compression: HG005_GRCh38: cottas-merge merging — 175,750,000 triples · 175,750,000 distinct triples written
  Partitioned compression: HG005_GRCh38: cottas-merge merging — 176,000,000 triples · 176,000,000 distinct triples written
  Partitioned compression: HG005_GRCh38: cottas-merge merging — 176,250,000 triples · 176,250,000 distinct triples written
  Partitioned compression: HG005_GRCh38: cottas-merge merging — 176,500,000 triples · 176,500,000 distinct triples written
  Partitioned compression: HG005_GRCh38: cottas-merge merging — 176,750,000 triples · 176,750,000 distinct triples written
  Partitioned compression: HG005_GRCh38: cottas-merge merging — 177,000,000 triples · 177,000,000 distinct triples written
  Partitioned compression: HG005_GRCh38: cottas-merge merging — 177,250,000 triples · 177,250,000 distinct triples written
  Partitioned compression: HG005_GRCh38: cottas-merge merging — 177,500,000 triples · 177,500,000 distinct triples written
  Partitioned compression: HG005_GRCh38: cottas-merge merging — 177,750,000 triples · 177,750,000 distinct triples written
  Partitioned compression: HG005_GRCh38: cottas-merge merging — 178,000,000 triples · 178,000,000 distinct triples written
  Partitioned compression: HG005_GRCh38: cottas-merge merging — 178,250,000 triples · 178,250,000 distinct triples written
  Partitioned compression: HG005_GRCh38: cottas-merge merging — 178,500,000 triples · 178,500,000 distinct triples written
  Partitioned compression: HG005_GRCh38: cottas-merge merging — 178,750,000 triples · 178,750,000 distinct triples written
  Partitioned compression: HG005_GRCh38: cottas-merge merging — 179,000,000 triples · 179,000,000 distinct triples written
  Partitioned compression: HG005_GRCh38: cottas-merge merging — 179,250,000 triples · 179,250,000 distinct triples written
  Partitioned compression: HG005_GRCh38: cottas-merge merging — 179,500,000 triples · 179,500,000 distinct triples written
  Partitioned compression: HG005_GRCh38: cottas-merge merging — 179,750,000 triples · 179,750,000 distinct triples written
  Partitioned compression: HG005_GRCh38: cottas-merge merging — 180,000,000 triples · 180,000,000 distinct triples written
  Partitioned compression: HG005_GRCh38: cottas-merge merging — 180,250,000 triples · 180,250,000 distinct triples written
  Partitioned compression: HG005_GRCh38: cottas-merge merging — 180,500,000 triples · 180,500,000 distinct triples written
  Partitioned compression: HG005_GRCh38: cottas-merge merging — 180,750,000 triples · 180,750,000 distinct triples written
  Partitioned compression: HG005_GRCh38: cottas-merge merging — 181,000,000 triples · 181,000,000 distinct triples written
  Partitioned compression: HG005_GRCh38: cottas-merge merging — 181,250,000 triples · 181,250,000 distinct triples written
  Partitioned compression: HG005_GRCh38: cottas-merge merging — 181,500,000 triples · 181,500,000 distinct triples written
  Partitioned compression: HG005_GRCh38: cottas-merge merging — 181,750,000 triples · 181,750,000 distinct triples written
  Partitioned compression: HG005_GRCh38: cottas-merge merging — 182,000,000 triples · 182,000,000 distinct triples written
  Partitioned compression: HG005_GRCh38: cottas-merge merging — 182,250,000 triples · 182,250,000 distinct triples written
  Partitioned compression: HG005_GRCh38: cottas-merge merging — 182,500,000 triples · 182,500,000 distinct triples written
  Partitioned compression: HG005_GRCh38: cottas-merge merging — 182,750,000 triples · 182,750,000 distinct triples written
  Partitioned compression: HG005_GRCh38: cottas-merge merging — 183,000,000 triples · 183,000,000 distinct triples written
  Partitioned compression: HG005_GRCh38: cottas-merge merging — 183,250,000 triples · 183,250,000 distinct triples written
  Partitioned compression: HG005_GRCh38: cottas-merge merging — 183,500,000 triples · 183,500,000 distinct triples written
  Partitioned compression: HG005_GRCh38: cottas-merge merging — 183,750,000 triples · 183,750,000 distinct triples written
  Partitioned compression: HG005_GRCh38: cottas-merge merging — 184,000,000 triples · 184,000,000 distinct triples written
  Partitioned compression: HG005_GRCh38: cottas-merge merging — 184,250,000 triples · 184,250,000 distinct triples written
  Partitioned compression: HG005_GRCh38: cottas-merge merging — 184,500,000 triples · 184,500,000 distinct triples written
  Partitioned compression: HG005_GRCh38: cottas-merge merging — 184,750,000 triples · 184,750,000 distinct triples written
  Partitioned compression: HG005_GRCh38: cottas-merge merging — 185,000,000 triples · 185,000,000 distinct triples written
  Partitioned compression: HG005_GRCh38: cottas-merge merging — 185,250,000 triples · 185,250,000 distinct triples written
  Partitioned compression: HG005_GRCh38: cottas-merge merging — 185,500,000 triples · 185,500,000 distinct triples written
  Partitioned compression: HG005_GRCh38: cottas-merge merging — 185,750,000 triples · 185,750,000 distinct triples written
  Partitioned compression: HG005_GRCh38: cottas-merge merging — 186,000,000 triples · 186,000,000 distinct triples written
  Partitioned compression: HG005_GRCh38: cottas-merge merging — 186,250,000 triples · 186,250,000 distinct triples written
  Partitioned compression: HG005_GRCh38: cottas-merge merging — 186,500,000 triples · 186,500,000 distinct triples written
  Partitioned compression: HG005_GRCh38: cottas-merge merging — 186,750,000 triples · 186,750,000 distinct triples written
  Partitioned compression: HG005_GRCh38: cottas-merge merging — 187,000,000 triples · 187,000,000 distinct triples written
  Partitioned compression: HG005_GRCh38: cottas-merge merging — 187,250,000 triples · 187,250,000 distinct triples written
  Partitioned compression: HG005_GRCh38: cottas-merge merging — 187,500,000 triples · 187,500,000 distinct triples written
  Partitioned compression: HG005_GRCh38: cottas-merge merging — 187,750,000 triples · 187,750,000 distinct triples written
  Partitioned compression: HG005_GRCh38: cottas-merge merging — 188,000,000 triples · 188,000,000 distinct triples written
  Partitioned compression: HG005_GRCh38: cottas-merge merging — 188,250,000 triples · 188,250,000 distinct triples written
  Partitioned compression: HG005_GRCh38: cottas-merge merging — 188,500,000 triples · 188,500,000 distinct triples written
  Partitioned compression: HG005_GRCh38: cottas-merge merging — 188,750,000 triples · 188,750,000 distinct triples written
  Partitioned compression: HG005_GRCh38: cottas-merge merging — 189,000,000 triples · 189,000,000 distinct triples written
  Partitioned compression: HG005_GRCh38: cottas-merge merging — 189,250,000 triples · 189,250,000 distinct triples written
  Partitioned compression: HG005_GRCh38: cottas-merge merging — 189,500,000 triples · 189,500,000 distinct triples written
  Partitioned compression: HG005_GRCh38: cottas-merge merging — 189,750,000 triples · 189,750,000 distinct triples written
  Partitioned compression: HG005_GRCh38: cottas-merge merging — 190,000,000 triples · 190,000,000 distinct triples written
  Partitioned compression: HG005_GRCh38: cottas-merge merging — 190,250,000 triples · 190,250,000 distinct triples written
  Partitioned compression: HG005_GRCh38: cottas-merge merging — 190,500,000 triples · 190,500,000 distinct triples written
  Partitioned compression: HG005_GRCh38: cottas-merge merging — 190,750,000 triples · 190,750,000 distinct triples written
  Partitioned compression: HG005_GRCh38: cottas-merge merging — 191,000,000 triples · 191,000,000 distinct triples written
  Partitioned compression: HG005_GRCh38: cottas-merge merging — 191,250,000 triples · 191,250,000 distinct triples written
  Partitioned compression: HG005_GRCh38: cottas-merge merging — 191,500,000 triples · 191,500,000 distinct triples written
  Partitioned compression: HG005_GRCh38: cottas-merge merging — 191,750,000 triples · 191,750,000 distinct triples written
  Partitioned compression: HG005_GRCh38: cottas-merge merging — 192,000,000 triples · 192,000,000 distinct triples written
  Partitioned compression: HG005_GRCh38: cottas-merge merging — 192,250,000 triples · 192,250,000 distinct triples written
  Partitioned compression: HG005_GRCh38: cottas-merge merging — 192,500,000 triples · 192,500,000 distinct triples written
  Partitioned compression: HG005_GRCh38: cottas-merge merging — 192,750,000 triples · 192,750,000 distinct triples written
  Partitioned compression: HG005_GRCh38: cottas-merge merging — 193,000,000 triples · 193,000,000 distinct triples written
  Partitioned compression: HG005_GRCh38: cottas-merge merging — 193,250,000 triples · 193,250,000 distinct triples written
  Partitioned compression: HG005_GRCh38: cottas-merge merging — 193,500,000 triples · 193,500,000 distinct triples written
  Partitioned compression: HG005_GRCh38: cottas-merge merging — 193,750,000 triples · 193,750,000 distinct triples written
  Partitioned compression: HG005_GRCh38: cottas-merge merging — 194,000,000 triples · 194,000,000 distinct triples written
  Partitioned compression: HG005_GRCh38: cottas-merge merging — 194,250,000 triples · 194,250,000 distinct triples written
  Partitioned compression: HG005_GRCh38: cottas-merge merging — 194,500,000 triples · 194,500,000 distinct triples written
  Partitioned compression: HG005_GRCh38: cottas-merge merging — 194,750,000 triples · 194,750,000 distinct triples written
  Partitioned compression: HG005_GRCh38: cottas-merge merging — 195,000,000 triples · 195,000,000 distinct triples written
  Partitioned compression: HG005_GRCh38: cottas-merge merging — 195,250,000 triples · 195,250,000 distinct triples written
  Partitioned compression: HG005_GRCh38: cottas-merge merging — 195,500,000 triples · 195,500,000 distinct triples written
  Partitioned compression: HG005_GRCh38: cottas-merge merging — 195,750,000 triples · 195,750,000 distinct triples written
  Partitioned compression: HG005_GRCh38: cottas-merge merging — 196,000,000 triples · 196,000,000 distinct triples written
  Partitioned compression: HG005_GRCh38: cottas-merge merging — 196,250,000 triples · 196,250,000 distinct triples written
  Partitioned compression: HG005_GRCh38: cottas-merge merging — 196,500,000 triples · 196,500,000 distinct triples written
  Partitioned compression: HG005_GRCh38: cottas-merge merging — 196,750,000 triples · 196,750,000 distinct triples written
  Partitioned compression: HG005_GRCh38: cottas-merge merging — 197,000,000 triples · 197,000,000 distinct triples written
  Partitioned compression: HG005_GRCh38: cottas-merge merging — 197,250,000 triples · 197,250,000 distinct triples written
  Partitioned compression: HG005_GRCh38: cottas-merge merging — 197,500,000 triples · 197,500,000 distinct triples written
  Partitioned compression: HG005_GRCh38: cottas-merge merging — 197,750,000 triples · 197,750,000 distinct triples written
  Partitioned compression: HG005_GRCh38: cottas-merge merging — 198,000,000 triples · 198,000,000 distinct triples written
  Partitioned compression: HG005_GRCh38: cottas-merge merging — 198,250,000 triples · 198,250,000 distinct triples written
  Partitioned compression: HG005_GRCh38: cottas-merge merging — 198,500,000 triples · 198,500,000 distinct triples written
  Partitioned compression: HG005_GRCh38: cottas-merge merging — 198,750,000 triples · 198,750,000 distinct triples written
  Partitioned compression: HG005_GRCh38: cottas-merge merging — 199,000,000 triples · 199,000,000 distinct triples written
  Partitioned compression: HG005_GRCh38: cottas-merge merging — 199,250,000 triples · 199,250,000 distinct triples written
  Partitioned compression: HG005_GRCh38: cottas-merge merging — 199,500,000 triples · 199,500,000 distinct triples written
  Partitioned compression: HG005_GRCh38: cottas-merge merging — 199,750,000 triples · 199,750,000 distinct triples written
  Partitioned compression: HG005_GRCh38: cottas-merge merging — 200,000,000 triples · 200,000,000 distinct triples written
  Partitioned compression: HG005_GRCh38: cottas-merge merging — 200,250,000 triples · 200,250,000 distinct triples written
  Partitioned compression: HG005_GRCh38: cottas-merge merging — 200,500,000 triples · 200,500,000 distinct triples written
  Partitioned compression: HG005_GRCh38: cottas-merge merging — 200,750,000 triples · 200,750,000 distinct triples written
  Partitioned compression: HG005_GRCh38: cottas-merge merging — 201,000,000 triples · 201,000,000 distinct triples written
  Partitioned compression: HG005_GRCh38: cottas-merge merging — 201,250,000 triples · 201,250,000 distinct triples written
  Partitioned compression: HG005_GRCh38: cottas-merge merging — 201,500,000 triples · 201,500,000 distinct triples written
  Partitioned compression: HG005_GRCh38: cottas-merge merging — 201,750,000 triples · 201,750,000 distinct triples written
  Partitioned compression: HG005_GRCh38: cottas-merge merging — 202,000,000 triples · 202,000,000 distinct triples written
  Partitioned compression: HG005_GRCh38: cottas-merge merging — 202,250,000 triples · 202,250,000 distinct triples written
  Partitioned compression: HG005_GRCh38: cottas-merge merging — 202,500,000 triples · 202,500,000 distinct triples written
  Partitioned compression: HG005_GRCh38: cottas-merge merging — 202,750,000 triples · 202,750,000 distinct triples written
  Partitioned compression: HG005_GRCh38: cottas-merge merging — 203,000,000 triples · 203,000,000 distinct triples written
  Partitioned compression: HG005_GRCh38: cottas-merge merging — 203,250,000 triples · 203,250,000 distinct triples written
  Partitioned compression: HG005_GRCh38: cottas-merge merging — 203,500,000 triples · 203,500,000 distinct triples written
  Partitioned compression: HG005_GRCh38: cottas-merge merging — 203,750,000 triples · 203,750,000 distinct triples written
  Partitioned compression: HG005_GRCh38: cottas-merge merging — 204,000,000 triples · 204,000,000 distinct triples written
  Partitioned compression: HG005_GRCh38: cottas-merge merging — 204,250,000 triples · 204,250,000 distinct triples written
  Partitioned compression: HG005_GRCh38: cottas-merge merging — 204,500,000 triples · 204,500,000 distinct triples written
  Partitioned compression: HG005_GRCh38: cottas-merge merging — 204,750,000 triples · 204,750,000 distinct triples written
  Partitioned compression: HG005_GRCh38: cottas-merge merging — 205,000,000 triples · 205,000,000 distinct triples written
  Partitioned compression: HG005_GRCh38: cottas-merge merging — 205,250,000 triples · 205,250,000 distinct triples written
  Partitioned compression: HG005_GRCh38: cottas-merge merging — 205,500,000 triples · 205,500,000 distinct triples written
  Partitioned compression: HG005_GRCh38: cottas-merge merging — 205,750,000 triples · 205,750,000 distinct triples written
  Partitioned compression: HG005_GRCh38: cottas-merge merging — 206,000,000 triples · 206,000,000 distinct triples written
  Partitioned compression: HG005_GRCh38: cottas-merge merging — 206,250,000 triples · 206,250,000 distinct triples written
  Partitioned compression: HG005_GRCh38: cottas-merge merging — 206,500,000 triples · 206,500,000 distinct triples written
  Partitioned compression: HG005_GRCh38: cottas-merge merging — 206,750,000 triples · 206,750,000 distinct triples written
  Partitioned compression: HG005_GRCh38: cottas-merge merging — 207,000,000 triples · 207,000,000 distinct triples written
  Partitioned compression: HG005_GRCh38: cottas-merge merging — 207,250,000 triples · 207,250,000 distinct triples written
  Partitioned compression: HG005_GRCh38: cottas-merge merging — 207,500,000 triples · 207,500,000 distinct triples written
  Partitioned compression: HG005_GRCh38: cottas-merge merging — 207,750,000 triples · 207,750,000 distinct triples written
  Partitioned compression: HG005_GRCh38: cottas-merge merging — 208,000,000 triples · 208,000,000 distinct triples written
  Partitioned compression: HG005_GRCh38: cottas-merge merging — 208,250,000 triples · 208,250,000 distinct triples written
  Partitioned compression: HG005_GRCh38: cottas-merge merging — 208,500,000 triples · 208,500,000 distinct triples written
  Partitioned compression: HG005_GRCh38: cottas-merge merging — 208,750,000 triples · 208,750,000 distinct triples written
  Partitioned compression: HG005_GRCh38: cottas-merge merging — 209,000,000 triples · 209,000,000 distinct triples written
  Partitioned compression: HG005_GRCh38: cottas-merge merging — 209,250,000 triples · 209,250,000 distinct triples written
  Partitioned compression: HG005_GRCh38: cottas-merge merging — 209,500,000 triples · 209,500,000 distinct triples written
  Partitioned compression: HG005_GRCh38: cottas-merge merging — 209,750,000 triples · 209,750,000 distinct triples written
  Partitioned compression: HG005_GRCh38: cottas-merge merging — 210,000,000 triples · 210,000,000 distinct triples written
  Partitioned compression: HG005_GRCh38: cottas-merge merging — 210,250,000 triples · 210,250,000 distinct triples written
  Partitioned compression: HG005_GRCh38: cottas-merge merging — 210,500,000 triples · 210,500,000 distinct triples written
  Partitioned compression: HG005_GRCh38: cottas-merge merging — 210,750,000 triples · 210,750,000 distinct triples written
  Partitioned compression: HG005_GRCh38: cottas-merge merging — 211,000,000 triples · 211,000,000 distinct triples written
  Partitioned compression: HG005_GRCh38: cottas-merge merging — 211,250,000 triples · 211,250,000 distinct triples written
  Partitioned compression: HG005_GRCh38: cottas-merge merging — 211,500,000 triples · 211,500,000 distinct triples written
  Partitioned compression: HG005_GRCh38: cottas-merge merging — 211,750,000 triples · 211,750,000 distinct triples written
  Partitioned compression: HG005_GRCh38: cottas-merge merging — 212,000,000 triples · 212,000,000 distinct triples written
  Partitioned compression: HG005_GRCh38: cottas-merge merging — 212,250,000 triples · 212,250,000 distinct triples written
  Partitioned compression: HG005_GRCh38: cottas-merge merging — 212,500,000 triples · 212,500,000 distinct triples written
  Partitioned compression: HG005_GRCh38: cottas-merge merging — 212,750,000 triples · 212,750,000 distinct triples written
  Partitioned compression: HG005_GRCh38: cottas-merge merging — 213,000,000 triples · 213,000,000 distinct triples written
  Partitioned compression: HG005_GRCh38: cottas-merge merging — 213,250,000 triples · 213,250,000 distinct triples written
  Partitioned compression: HG005_GRCh38: cottas-merge merging — 213,500,000 triples · 213,500,000 distinct triples written
  Partitioned compression: HG005_GRCh38: cottas-merge merging — 213,750,000 triples · 213,750,000 distinct triples written
  Partitioned compression: HG005_GRCh38: cottas-merge merging — 214,000,000 triples · 214,000,000 distinct triples written
  Partitioned compression: HG005_GRCh38: cottas-merge merging — 214,250,000 triples · 214,250,000 distinct triples written
  Partitioned compression: HG005_GRCh38: cottas-merge merging — 214,500,000 triples · 214,500,000 distinct triples written
  Partitioned compression: HG005_GRCh38: cottas-merge merging — 214,750,000 triples · 214,750,000 distinct triples written
  Partitioned compression: HG005_GRCh38: cottas-merge merging — 215,000,000 triples · 215,000,000 distinct triples written
  Partitioned compression: HG005_GRCh38: cottas-merge merging — 215,250,000 triples · 215,250,000 distinct triples written
  Partitioned compression: HG005_GRCh38: cottas-merge merging — 215,500,000 triples · 215,500,000 distinct triples written
  Partitioned compression: HG005_GRCh38: cottas-merge merging — 215,750,000 triples · 215,750,000 distinct triples written
  Partitioned compression: HG005_GRCh38: cottas-merge merging — 216,000,000 triples · 216,000,000 distinct triples written
  Partitioned compression: HG005_GRCh38: cottas-merge merging — 216,250,000 triples · 216,250,000 distinct triples written
  Partitioned compression: HG005_GRCh38: cottas-merge merging — 216,500,000 triples · 216,500,000 distinct triples written
  Partitioned compression: HG005_GRCh38: cottas-merge merging — 216,750,000 triples · 216,750,000 distinct triples written
  Partitioned compression: HG005_GRCh38: cottas-merge merging — 217,000,000 triples · 217,000,000 distinct triples written
  Partitioned compression: HG005_GRCh38: cottas-merge merging — 217,250,000 triples · 217,250,000 distinct triples written
  Partitioned compression: HG005_GRCh38: cottas-merge merging — 217,500,000 triples · 217,500,000 distinct triples written
  Partitioned compression: HG005_GRCh38: cottas-merge merging — 217,750,000 triples · 217,750,000 distinct triples written
  Partitioned compression: HG005_GRCh38: cottas-merge merging — 218,000,000 triples · 218,000,000 distinct triples written
  Partitioned compression: HG005_GRCh38: cottas-merge merging — 218,250,000 triples · 218,250,000 distinct triples written
  Partitioned compression: HG005_GRCh38: cottas-merge merging — 218,500,000 triples · 218,500,000 distinct triples written
  Partitioned compression: HG005_GRCh38: cottas-merge merging — 218,750,000 triples · 218,750,000 distinct triples written
  Partitioned compression: HG005_GRCh38: cottas-merge merging — 219,000,000 triples · 219,000,000 distinct triples written
  Partitioned compression: HG005_GRCh38: cottas-merge merging — 219,250,000 triples · 219,250,000 distinct triples written
  Partitioned compression: HG005_GRCh38: cottas-merge merging — 219,500,000 triples · 219,500,000 distinct triples written
  Partitioned compression: HG005_GRCh38: cottas-merge merging — 219,750,000 triples · 219,750,000 distinct triples written
  Partitioned compression: HG005_GRCh38: cottas-merge merging — 220,000,000 triples · 220,000,000 distinct triples written
  Partitioned compression: HG005_GRCh38: cottas-merge merging — 220,250,000 triples · 220,250,000 distinct triples written
  Partitioned compression: HG005_GRCh38: cottas-merge merging — 220,500,000 triples · 220,500,000 distinct triples written
  Partitioned compression: HG005_GRCh38: cottas-merge merging — 220,750,000 triples · 220,750,000 distinct triples written
  Partitioned compression: HG005_GRCh38: cottas-merge merging — 221,000,000 triples · 221,000,000 distinct triples written
  Partitioned compression: HG005_GRCh38: cottas-merge merging — 221,250,000 triples · 221,250,000 distinct triples written
  Partitioned compression: HG005_GRCh38: cottas-merge merging — 221,500,000 triples · 221,500,000 distinct triples written
  Partitioned compression: HG005_GRCh38: cottas-merge merging — 221,750,000 triples · 221,750,000 distinct triples written
  Partitioned compression: HG005_GRCh38: cottas-merge merging — 222,000,000 triples · 222,000,000 distinct triples written
  Partitioned compression: HG005_GRCh38: cottas-merge merging — 222,250,000 triples · 222,250,000 distinct triples written
  Partitioned compression: HG005_GRCh38: cottas-merge merging — 222,500,000 triples · 222,500,000 distinct triples written
  Partitioned compression: HG005_GRCh38: cottas-merge merging — 222,750,000 triples · 222,750,000 distinct triples written
  Partitioned compression: HG005_GRCh38: cottas-merge merging — 223,000,000 triples · 223,000,000 distinct triples written
  Partitioned compression: HG005_GRCh38: cottas-merge merging — 223,250,000 triples · 223,250,000 distinct triples written
  Partitioned compression: HG005_GRCh38: cottas-merge merging — 223,500,000 triples · 223,500,000 distinct triples written
  Partitioned compression: HG005_GRCh38: cottas-merge merging — 223,750,000 triples · 223,750,000 distinct triples written
  Partitioned compression: HG005_GRCh38: cottas-merge merging — 224,000,000 triples · 224,000,000 distinct triples written
  Partitioned compression: HG005_GRCh38: cottas-merge merging — 224,250,000 triples · 224,250,000 distinct triples written
  Partitioned compression: HG005_GRCh38: cottas-merge merging — 224,500,000 triples · 224,500,000 distinct triples written
  Partitioned compression: HG005_GRCh38: cottas-merge merging — 224,750,000 triples · 224,750,000 distinct triples written
  Partitioned compression: HG005_GRCh38: cottas-merge merging — 225,000,000 triples · 225,000,000 distinct triples written
  Partitioned compression: HG005_GRCh38: cottas-merge merging — 225,250,000 triples · 225,250,000 distinct triples written
  Partitioned compression: HG005_GRCh38: cottas-merge merging — 225,500,000 triples · 225,500,000 distinct triples written
  Partitioned compression: HG005_GRCh38: cottas-merge merging — 225,750,000 triples · 225,750,000 distinct triples written
  Partitioned compression: HG005_GRCh38: cottas-merge merging — 226,000,000 triples · 226,000,000 distinct triples written
  Partitioned compression: HG005_GRCh38: cottas-merge merging — 226,250,000 triples · 226,250,000 distinct triples written
  Partitioned compression: HG005_GRCh38: cottas-merge merging — 226,500,000 triples · 226,500,000 distinct triples written
  Partitioned compression: HG005_GRCh38: cottas-merge merging — 226,750,000 triples · 226,750,000 distinct triples written
  Partitioned compression: HG005_GRCh38: cottas-merge merging — 227,000,000 triples · 227,000,000 distinct triples written
  Partitioned compression: HG005_GRCh38: cottas-merge merging — 227,250,000 triples · 227,250,000 distinct triples written
  Partitioned compression: HG005_GRCh38: cottas-merge merging — 227,500,000 triples · 227,500,000 distinct triples written
  Partitioned compression: HG005_GRCh38: cottas-merge merging — 227,750,000 triples · 227,750,000 distinct triples written
  Partitioned compression: HG005_GRCh38: cottas-merge merging — 228,000,000 triples · 228,000,000 distinct triples written
  Partitioned compression: HG005_GRCh38: cottas-merge merging — 228,250,000 triples · 228,250,000 distinct triples written
  Partitioned compression: HG005_GRCh38: cottas-merge merging — 228,500,000 triples · 228,500,000 distinct triples written
  Partitioned compression: HG005_GRCh38: cottas-merge merging — 228,750,000 triples · 228,750,000 distinct triples written
  Partitioned compression: HG005_GRCh38: cottas-merge merging — 229,000,000 triples · 229,000,000 distinct triples written
  Partitioned compression: HG005_GRCh38: cottas-merge merging — 229,250,000 triples · 229,250,000 distinct triples written
  Partitioned compression: HG005_GRCh38: cottas-merge merging — 229,500,000 triples · 229,500,000 distinct triples written
  Partitioned compression: HG005_GRCh38: cottas-merge merging — 229,750,000 triples · 229,750,000 distinct triples written
  Partitioned compression: HG005_GRCh38: cottas-merge merging — 230,000,000 triples · 230,000,000 distinct triples written
  Partitioned compression: HG005_GRCh38: cottas-merge merging — 230,250,000 triples · 230,250,000 distinct triples written
  Partitioned compression: HG005_GRCh38: cottas-merge merging — 230,500,000 triples · 230,500,000 distinct triples written
  Partitioned compression: HG005_GRCh38: cottas-merge merging — 230,750,000 triples · 230,750,000 distinct triples written
  Partitioned compression: HG005_GRCh38: cottas-merge merging — 231,000,000 triples · 231,000,000 distinct triples written
  Partitioned compression: HG005_GRCh38: cottas-merge merging — 231,250,000 triples · 231,250,000 distinct triples written
  Partitioned compression: HG005_GRCh38: cottas-merge merging — 231,500,000 triples · 231,500,000 distinct triples written
  Partitioned compression: HG005_GRCh38: cottas-merge merging — 231,750,000 triples · 231,750,000 distinct triples written
  Partitioned compression: HG005_GRCh38: cottas-merge merging — 232,000,000 triples · 232,000,000 distinct triples written
  Partitioned compression: HG005_GRCh38: cottas-merge merging — 232,250,000 triples · 232,250,000 distinct triples written
  Partitioned compression: HG005_GRCh38: cottas-merge merging — 232,500,000 triples · 232,500,000 distinct triples written
  Partitioned compression: HG005_GRCh38: cottas-merge merging — 232,750,000 triples · 232,750,000 distinct triples written
  Partitioned compression: HG005_GRCh38: cottas-merge merging — 233,000,000 triples · 233,000,000 distinct triples written
  Partitioned compression: HG005_GRCh38: cottas-merge merging — 233,250,000 triples · 233,250,000 distinct triples written
  Partitioned compression: HG005_GRCh38: cottas-merge merging — 233,500,000 triples · 233,500,000 distinct triples written
  Partitioned compression: HG005_GRCh38: cottas-merge merging — 233,750,000 triples · 233,750,000 distinct triples written
  Partitioned compression: HG005_GRCh38: cottas-merge merging — 234,000,000 triples · 234,000,000 distinct triples written
  Partitioned compression: HG005_GRCh38: cottas-merge merging — 234,250,000 triples · 234,250,000 distinct triples written
  Partitioned compression: HG005_GRCh38: cottas-merge merging — 234,500,000 triples · 234,500,000 distinct triples written
  Partitioned compression: HG005_GRCh38: cottas-merge merging — 234,750,000 triples · 234,750,000 distinct triples written
  Partitioned compression: HG005_GRCh38: cottas-merge merging — 235,000,000 triples · 235,000,000 distinct triples written
  Partitioned compression: HG005_GRCh38: cottas-merge merging — 235,250,000 triples · 235,250,000 distinct triples written
  Partitioned compression: HG005_GRCh38: cottas-merge merging — 235,500,000 triples · 235,500,000 distinct triples written
  Partitioned compression: HG005_GRCh38: cottas-merge merging — 235,750,000 triples · 235,750,000 distinct triples written
  Partitioned compression: HG005_GRCh38: cottas-merge merging — 236,000,000 triples · 236,000,000 distinct triples written
  Partitioned compression: HG005_GRCh38: cottas-merge merging — 236,250,000 triples · 236,250,000 distinct triples written
  Partitioned compression: HG005_GRCh38: cottas-merge merging — 236,500,000 triples · 236,500,000 distinct triples written
  Partitioned compression: HG005_GRCh38: cottas-merge merging — 236,750,000 triples · 236,750,000 distinct triples written
  Partitioned compression: HG005_GRCh38: cottas-merge merging — 237,000,000 triples · 237,000,000 distinct triples written
  Partitioned compression: HG005_GRCh38: cottas-merge merging — 237,250,000 triples · 237,250,000 distinct triples written
  Partitioned compression: HG005_GRCh38: cottas-merge merging — 237,500,000 triples · 237,500,000 distinct triples written
  Partitioned compression: HG005_GRCh38: cottas-merge merging — 237,750,000 triples · 237,750,000 distinct triples written
  Partitioned compression: HG005_GRCh38: cottas-merge merging — 238,000,000 triples · 238,000,000 distinct triples written
  Partitioned compression: HG005_GRCh38: cottas-merge merging — 238,250,000 triples · 238,250,000 distinct triples written
  Partitioned compression: HG005_GRCh38: cottas-merge merging — 238,500,000 triples · 238,500,000 distinct triples written
  Partitioned compression: HG005_GRCh38: cottas-merge merging — 238,750,000 triples · 238,750,000 distinct triples written
  Partitioned compression: HG005_GRCh38: cottas-merge merging — 239,000,000 triples · 239,000,000 distinct triples written
  Partitioned compression: HG005_GRCh38: cottas-merge merging — 239,250,000 triples · 239,250,000 distinct triples written
  Partitioned compression: HG005_GRCh38: cottas-merge merging — 239,500,000 triples · 239,500,000 distinct triples written
  Partitioned compression: HG005_GRCh38: cottas-merge merging — 239,750,000 triples · 239,750,000 distinct triples written
  Partitioned compression: HG005_GRCh38: cottas-merge merging — 240,000,000 triples · 240,000,000 distinct triples written
  Partitioned compression: HG005_GRCh38: cottas-merge merging — 240,250,000 triples · 240,250,000 distinct triples written
  Partitioned compression: HG005_GRCh38: cottas-merge merging — 240,500,000 triples · 240,500,000 distinct triples written
  Partitioned compression: HG005_GRCh38: cottas-merge merging — 240,750,000 triples · 240,750,000 distinct triples written
  Partitioned compression: HG005_GRCh38: cottas-merge merging — 241,000,000 triples · 241,000,000 distinct triples written
  Partitioned compression: HG005_GRCh38: cottas-merge merging — 241,250,000 triples · 241,250,000 distinct triples written
  Partitioned compression: HG005_GRCh38: cottas-merge merging — 241,500,000 triples · 241,500,000 distinct triples written
  Partitioned compression: HG005_GRCh38: cottas-merge merging — 241,750,000 triples · 241,750,000 distinct triples written
  Partitioned compression: HG005_GRCh38: cottas-merge merging — 242,000,000 triples · 242,000,000 distinct triples written
  Partitioned compression: HG005_GRCh38: cottas-merge merging — 242,250,000 triples · 242,250,000 distinct triples written
  Partitioned compression: HG005_GRCh38: cottas-merge merging — 242,500,000 triples · 242,500,000 distinct triples written
  Partitioned compression: HG005_GRCh38: cottas-merge merging — 242,750,000 triples · 242,750,000 distinct triples written
  Partitioned compression: HG005_GRCh38: cottas-merge merging — 243,000,000 triples · 243,000,000 distinct triples written
  Partitioned compression: HG005_GRCh38: cottas-merge merging — 243,250,000 triples · 243,250,000 distinct triples written
  Partitioned compression: HG005_GRCh38: cottas-merge merging — 243,500,000 triples · 243,500,000 distinct triples written
  Partitioned compression: HG005_GRCh38: cottas-merge merging — 243,750,000 triples · 243,750,000 distinct triples written
  Partitioned compression: HG005_GRCh38: cottas-merge merging — 244,000,000 triples · 244,000,000 distinct triples written
  Partitioned compression: HG005_GRCh38: cottas-merge merging — 244,250,000 triples · 244,250,000 distinct triples written
  Partitioned compression: HG005_GRCh38: cottas-merge merging — 244,500,000 triples · 244,500,000 distinct triples written
  Partitioned compression: HG005_GRCh38: cottas-merge merging — 244,750,000 triples · 244,750,000 distinct triples written
  Partitioned compression: HG005_GRCh38: cottas-merge merging — 245,000,000 triples · 245,000,000 distinct triples written
  Partitioned compression: HG005_GRCh38: cottas-merge merging — 245,250,000 triples · 245,250,000 distinct triples written
  Partitioned compression: HG005_GRCh38: cottas-merge merging — 245,500,000 triples · 245,500,000 distinct triples written
  Partitioned compression: HG005_GRCh38: cottas-merge merging — 245,750,000 triples · 245,750,000 distinct triples written
  Partitioned compression: HG005_GRCh38: cottas-merge merging — 246,000,000 triples · 246,000,000 distinct triples written
  Partitioned compression: HG005_GRCh38: cottas-merge merging — 246,250,000 triples · 246,250,000 distinct triples written
  Partitioned compression: HG005_GRCh38: cottas-merge merging — 246,500,000 triples · 246,500,000 distinct triples written
  Partitioned compression: HG005_GRCh38: cottas-merge merging — 246,750,000 triples · 246,750,000 distinct triples written
  Partitioned compression: HG005_GRCh38: cottas-merge merging — 247,000,000 triples · 247,000,000 distinct triples written
  Partitioned compression: HG005_GRCh38: cottas-merge merging — 247,250,000 triples · 247,250,000 distinct triples written
  Partitioned compression: HG005_GRCh38: cottas-merge merging — 247,500,000 triples · 247,500,000 distinct triples written
  Partitioned compression: HG005_GRCh38: cottas-merge merging — 247,750,000 triples · 247,750,000 distinct triples written
  Partitioned compression: HG005_GRCh38: cottas-merge merging — 248,000,000 triples · 248,000,000 distinct triples written
  Partitioned compression: HG005_GRCh38: cottas-merge merging — 248,250,000 triples · 248,250,000 distinct triples written
  Partitioned compression: HG005_GRCh38: cottas-merge merging — 248,500,000 triples · 248,500,000 distinct triples written
  Partitioned compression: HG005_GRCh38: cottas-merge merging — 248,750,000 triples · 248,750,000 distinct triples written
  Partitioned compression: HG005_GRCh38: cottas-merge merging — 249,000,000 triples · 249,000,000 distinct triples written
  Partitioned compression: HG005_GRCh38: cottas-merge merging — 249,250,000 triples · 249,250,000 distinct triples written
  Partitioned compression: HG005_GRCh38: cottas-merge merging — 249,500,000 triples · 249,500,000 distinct triples written
  Partitioned compression: HG005_GRCh38: cottas-merge merging — 249,750,000 triples · 249,750,000 distinct triples written
  Partitioned compression: HG005_GRCh38: cottas-merge merging — 250,000,000 triples · 250,000,000 distinct triples written
  Partitioned compression: HG005_GRCh38: cottas-merge merging — 250,250,000 triples · 250,250,000 distinct triples written
  Partitioned compression: HG005_GRCh38: cottas-merge merging — 250,500,000 triples · 250,500,000 distinct triples written
  Partitioned compression: HG005_GRCh38: cottas-merge merging — 250,750,000 triples · 250,750,000 distinct triples written
  Partitioned compression: HG005_GRCh38: cottas-merge merging — 251,000,000 triples · 251,000,000 distinct triples written
  Partitioned compression: HG005_GRCh38: cottas-merge merging — 251,250,000 triples · 251,250,000 distinct triples written
  Partitioned compression: HG005_GRCh38: cottas-merge merging — 251,500,000 triples · 251,500,000 distinct triples written
  Partitioned compression: HG005_GRCh38: cottas-merge merging — 251,750,000 triples · 251,750,000 distinct triples written
  Partitioned compression: HG005_GRCh38: cottas-merge merging — 252,000,000 triples · 252,000,000 distinct triples written
  Partitioned compression: HG005_GRCh38: cottas-merge merging — 252,250,000 triples · 252,250,000 distinct triples written
  Partitioned compression: HG005_GRCh38: cottas-merge merging — 252,500,000 triples · 252,500,000 distinct triples written
  Partitioned compression: HG005_GRCh38: cottas-merge merging — 252,750,000 triples · 252,750,000 distinct triples written
  Partitioned compression: HG005_GRCh38: cottas-merge merging — 253,000,000 triples · 253,000,000 distinct triples written
  Partitioned compression: HG005_GRCh38: cottas-merge merging — 253,250,000 triples · 253,250,000 distinct triples written
  Partitioned compression: HG005_GRCh38: cottas-merge merging — 253,500,000 triples · 253,500,000 distinct triples written
  Partitioned compression: HG005_GRCh38: cottas-merge merging — 253,750,000 triples · 253,750,000 distinct triples written
  Partitioned compression: HG005_GRCh38: cottas-merge merging — 254,000,000 triples · 254,000,000 distinct triples written
  Partitioned compression: HG005_GRCh38: cottas-merge merging — 254,250,000 triples · 254,250,000 distinct triples written
  Partitioned compression: HG005_GRCh38: cottas-merge merging — 254,500,000 triples · 254,500,000 distinct triples written
  Partitioned compression: HG005_GRCh38: cottas-merge merging — 254,750,000 triples · 254,750,000 distinct triples written
  Partitioned compression: HG005_GRCh38: cottas-merge merging — 255,000,000 triples · 255,000,000 distinct triples written
  Partitioned compression: HG005_GRCh38: cottas-merge merging — 255,250,000 triples · 255,250,000 distinct triples written
  Partitioned compression: HG005_GRCh38: cottas-merge merging — 255,500,000 triples · 255,500,000 distinct triples written
  Partitioned compression: HG005_GRCh38: cottas-merge merging — 255,750,000 triples · 255,750,000 distinct triples written
  Partitioned compression: HG005_GRCh38: cottas-merge merging — 256,000,000 triples · 256,000,000 distinct triples written
  Partitioned compression: HG005_GRCh38: cottas-merge merging — 256,250,000 triples · 256,250,000 distinct triples written
  Partitioned compression: HG005_GRCh38: cottas-merge merging — 256,500,000 triples · 256,500,000 distinct triples written
  Partitioned compression: HG005_GRCh38: cottas-merge merging — 256,750,000 triples · 256,750,000 distinct triples written
  Partitioned compression: HG005_GRCh38: cottas-merge merging — 257,000,000 triples · 257,000,000 distinct triples written
  Partitioned compression: HG005_GRCh38: cottas-merge merging — 257,250,000 triples · 257,250,000 distinct triples written
  Partitioned compression: HG005_GRCh38: cottas-merge merging — 257,500,000 triples · 257,500,000 distinct triples written
  Partitioned compression: HG005_GRCh38: cottas-merge merging — 257,750,000 triples · 257,750,000 distinct triples written
  Partitioned compression: HG005_GRCh38: cottas-merge merging — 258,000,000 triples · 258,000,000 distinct triples written
  Partitioned compression: HG005_GRCh38: cottas-merge merging — 258,250,000 triples · 258,250,000 distinct triples written
  Partitioned compression: HG005_GRCh38: cottas-merge merging — 258,500,000 triples · 258,500,000 distinct triples written
  Partitioned compression: HG005_GRCh38: cottas-merge merging — 258,750,000 triples · 258,750,000 distinct triples written
  Partitioned compression: HG005_GRCh38: cottas-merge merging — 259,000,000 triples · 259,000,000 distinct triples written
  Partitioned compression: HG005_GRCh38: cottas-merge merging — 259,250,000 triples · 259,250,000 distinct triples written
  Partitioned compression: HG005_GRCh38: cottas-merge merging — 259,500,000 triples · 259,500,000 distinct triples written
  Partitioned compression: HG005_GRCh38: cottas-merge merging — 259,750,000 triples · 259,750,000 distinct triples written
  Partitioned compression: HG005_GRCh38: cottas-merge merging — 260,000,000 triples · 260,000,000 distinct triples written
  Partitioned compression: HG005_GRCh38: cottas-merge merging — 260,250,000 triples · 260,250,000 distinct triples written
  Partitioned compression: HG005_GRCh38: cottas-merge merging — 260,500,000 triples · 260,500,000 distinct triples written
  Partitioned compression: HG005_GRCh38: cottas-merge merging — 260,750,000 triples · 260,750,000 distinct triples written
  Partitioned compression: HG005_GRCh38: cottas-merge merging — 261,000,000 triples · 261,000,000 distinct triples written
  Partitioned compression: HG005_GRCh38: cottas-merge merging — 261,250,000 triples · 261,250,000 distinct triples written
  Partitioned compression: HG005_GRCh38: cottas-merge merging — 261,500,000 triples · 261,500,000 distinct triples written
  Partitioned compression: HG005_GRCh38: cottas-merge merging — 261,750,000 triples · 261,750,000 distinct triples written
  Partitioned compression: HG005_GRCh38: cottas-merge merging — 262,000,000 triples · 262,000,000 distinct triples written
  Partitioned compression: HG005_GRCh38: cottas-merge merging — 262,250,000 triples · 262,250,000 distinct triples written
  Partitioned compression: HG005_GRCh38: cottas-merge merging — 262,500,000 triples · 262,500,000 distinct triples written
  Partitioned compression: HG005_GRCh38: cottas-merge merging — 262,750,000 triples · 262,750,000 distinct triples written
  Partitioned compression: HG005_GRCh38: cottas-merge merging — 263,000,000 triples · 263,000,000 distinct triples written
  Partitioned compression: HG005_GRCh38: cottas-merge merging — 263,250,000 triples · 263,250,000 distinct triples written
  Partitioned compression: HG005_GRCh38: cottas-merge merging — 263,500,000 triples · 263,500,000 distinct triples written
  Partitioned compression: HG005_GRCh38: cottas-merge merging — 263,750,000 triples · 263,750,000 distinct triples written
  Partitioned compression: HG005_GRCh38: cottas-merge merging — 264,000,000 triples · 264,000,000 distinct triples written
  Partitioned compression: HG005_GRCh38: cottas-merge merging — 264,250,000 triples · 264,250,000 distinct triples written
  Partitioned compression: HG005_GRCh38: cottas-merge merging — 264,500,000 triples · 264,500,000 distinct triples written
  Partitioned compression: HG005_GRCh38: cottas-merge merging — 264,750,000 triples · 264,750,000 distinct triples written
  Partitioned compression: HG005_GRCh38: cottas-merge merging — 265,000,000 triples · 265,000,000 distinct triples written
  Partitioned compression: HG005_GRCh38: cottas-merge merging — 265,250,000 triples · 265,250,000 distinct triples written
  Partitioned compression: HG005_GRCh38: cottas-merge merging — 265,500,000 triples · 265,500,000 distinct triples written
  Partitioned compression: HG005_GRCh38: cottas-merge merging — 265,750,000 triples · 265,750,000 distinct triples written
  Partitioned compression: HG005_GRCh38: cottas-merge merging — 266,000,000 triples · 266,000,000 distinct triples written
  Partitioned compression: HG005_GRCh38: cottas-merge merging — 266,250,000 triples · 266,250,000 distinct triples written
  Partitioned compression: HG005_GRCh38: cottas-merge merging — 266,500,000 triples · 266,500,000 distinct triples written
  Partitioned compression: HG005_GRCh38: cottas-merge merging — 266,750,000 triples · 266,750,000 distinct triples written
  Partitioned compression: HG005_GRCh38: cottas-merge merging — 267,000,000 triples · 267,000,000 distinct triples written
  Partitioned compression: HG005_GRCh38: cottas-merge merging — 267,250,000 triples · 267,250,000 distinct triples written
  Partitioned compression: HG005_GRCh38: cottas-merge merging — 267,500,000 triples · 267,500,000 distinct triples written
  Partitioned compression: HG005_GRCh38: cottas-merge merging — 267,750,000 triples · 267,750,000 distinct triples written
  Partitioned compression: HG005_GRCh38: cottas-merge merging — 268,000,000 triples · 268,000,000 distinct triples written
  Partitioned compression: HG005_GRCh38: cottas-merge merging — 268,250,000 triples · 268,250,000 distinct triples written
  Partitioned compression: HG005_GRCh38: cottas-merge merging — 268,500,000 triples · 268,500,000 distinct triples written
  Partitioned compression: HG005_GRCh38: cottas-merge merging — 268,750,000 triples · 268,750,000 distinct triples written
  Partitioned compression: HG005_GRCh38: cottas-merge merging — 269,000,000 triples · 269,000,000 distinct triples written
  Partitioned compression: HG005_GRCh38: cottas-merge merging — 269,250,000 triples · 269,250,000 distinct triples written
  Partitioned compression: HG005_GRCh38: cottas-merge merging — 269,500,000 triples · 269,500,000 distinct triples written
  Partitioned compression: HG005_GRCh38: cottas-merge merging — 269,750,000 triples · 269,750,000 distinct triples written
  Partitioned compression: HG005_GRCh38: cottas-merge merging — 270,000,000 triples · 270,000,000 distinct triples written
  Partitioned compression: HG005_GRCh38: cottas-merge merging — 270,250,000 triples · 270,250,000 distinct triples written
  Partitioned compression: HG005_GRCh38: cottas-merge merging — 270,500,000 triples · 270,500,000 distinct triples written
  Partitioned compression: HG005_GRCh38: cottas-merge merging — 270,750,000 triples · 270,750,000 distinct triples written
  Partitioned compression: HG005_GRCh38: cottas-merge merging — 271,000,000 triples · 271,000,000 distinct triples written
  Partitioned compression: HG005_GRCh38: cottas-merge merging — 271,250,000 triples · 271,250,000 distinct triples written
  Partitioned compression: HG005_GRCh38: cottas-merge merging — 271,500,000 triples · 271,500,000 distinct triples written
  Partitioned compression: HG005_GRCh38: cottas-merge merging — 271,750,000 triples · 271,750,000 distinct triples written
  Partitioned compression: HG005_GRCh38: cottas-merge merging — 272,000,000 triples · 272,000,000 distinct triples written
  Partitioned compression: HG005_GRCh38: cottas-merge merging — 272,250,000 triples · 272,250,000 distinct triples written
  Partitioned compression: HG005_GRCh38: cottas-merge merging — 272,500,000 triples · 272,500,000 distinct triples written
  Partitioned compression: HG005_GRCh38: cottas-merge merging — 272,750,000 triples · 272,750,000 distinct triples written
  Partitioned compression: HG005_GRCh38: cottas-merge merging — 273,000,000 triples · 273,000,000 distinct triples written
  Partitioned compression: HG005_GRCh38: cottas-merge merging — 273,250,000 triples · 273,250,000 distinct triples written
  Partitioned compression: HG005_GRCh38: cottas-merge merging — 273,500,000 triples · 273,500,000 distinct triples written
  Partitioned compression: HG005_GRCh38: cottas-merge merging — 273,750,000 triples · 273,750,000 distinct triples written
  Partitioned compression: HG005_GRCh38: cottas-merge merging — 274,000,000 triples · 274,000,000 distinct triples written
  Partitioned compression: HG005_GRCh38: cottas-merge merging — 274,250,000 triples · 274,250,000 distinct triples written
  Partitioned compression: HG005_GRCh38: cottas-merge merging — 274,500,000 triples · 274,500,000 distinct triples written
  Partitioned compression: HG005_GRCh38: cottas-merge merging — 274,750,000 triples · 274,750,000 distinct triples written
  Partitioned compression: HG005_GRCh38: cottas-merge merging — 275,000,000 triples · 275,000,000 distinct triples written
  Partitioned compression: HG005_GRCh38: cottas-merge merging — 275,250,000 triples · 275,250,000 distinct triples written
  Partitioned compression: HG005_GRCh38: cottas-merge merging — 275,500,000 triples · 275,500,000 distinct triples written
  Partitioned compression: HG005_GRCh38: cottas-merge merging — 275,750,000 triples · 275,750,000 distinct triples written
  Partitioned compression: HG005_GRCh38: cottas-merge merging — 276,000,000 triples · 276,000,000 distinct triples written
  Partitioned compression: HG005_GRCh38: cottas-merge merging — 276,250,000 triples · 276,250,000 distinct triples written
  Partitioned compression: HG005_GRCh38: cottas-merge merging — 276,500,000 triples · 276,500,000 distinct triples written
  Partitioned compression: HG005_GRCh38: cottas-merge merging — 276,750,000 triples · 276,750,000 distinct triples written
  Partitioned compression: HG005_GRCh38: cottas-merge merging — 277,000,000 triples · 277,000,000 distinct triples written
  Partitioned compression: HG005_GRCh38: cottas-merge merging — 277,250,000 triples · 277,250,000 distinct triples written
  Partitioned compression: HG005_GRCh38: cottas-merge merging — 277,500,000 triples · 277,500,000 distinct triples written
  Partitioned compression: HG005_GRCh38: cottas-merge merging — 277,750,000 triples · 277,750,000 distinct triples written
  Partitioned compression: HG005_GRCh38: cottas-merge merging — 278,000,000 triples · 278,000,000 distinct triples written
  Partitioned compression: HG005_GRCh38: cottas-merge merging — 278,250,000 triples · 278,250,000 distinct triples written
  Partitioned compression: HG005_GRCh38: cottas-merge merging — 278,500,000 triples · 278,500,000 distinct triples written
  Partitioned compression: HG005_GRCh38: cottas-merge merging — 278,750,000 triples · 278,750,000 distinct triples written
  Partitioned compression: HG005_GRCh38: cottas-merge merging — 279,000,000 triples · 279,000,000 distinct triples written
  Partitioned compression: HG005_GRCh38: cottas-merge merging — 279,250,000 triples · 279,250,000 distinct triples written
  Partitioned compression: HG005_GRCh38: cottas-merge merging — 279,500,000 triples · 279,500,000 distinct triples written
  Partitioned compression: HG005_GRCh38: cottas-merge merging — 279,750,000 triples · 279,750,000 distinct triples written
  Partitioned compression: HG005_GRCh38: cottas-merge merging — 280,000,000 triples · 280,000,000 distinct triples written
  Partitioned compression: HG005_GRCh38: cottas-merge merging — 280,250,000 triples · 280,250,000 distinct triples written
  Partitioned compression: HG005_GRCh38: cottas-merge merging — 280,500,000 triples · 280,500,000 distinct triples written
  Partitioned compression: HG005_GRCh38: cottas-merge merging — 280,750,000 triples · 280,750,000 distinct triples written
  Partitioned compression: HG005_GRCh38: cottas-merge merging — 281,000,000 triples · 281,000,000 distinct triples written
  Partitioned compression: HG005_GRCh38: cottas-merge merging — 281,250,000 triples · 281,250,000 distinct triples written
  Partitioned compression: HG005_GRCh38: cottas-merge merging — 281,500,000 triples · 281,500,000 distinct triples written
  Partitioned compression: HG005_GRCh38: cottas-merge merging — 281,750,000 triples · 281,750,000 distinct triples written
  Partitioned compression: HG005_GRCh38: cottas-merge merging — 282,000,000 triples · 282,000,000 distinct triples written
  Partitioned compression: HG005_GRCh38: cottas-merge merging — 282,250,000 triples · 282,250,000 distinct triples written
  Partitioned compression: HG005_GRCh38: cottas-merge merging — 282,500,000 triples · 282,500,000 distinct triples written
  Partitioned compression: HG005_GRCh38: cottas-merge merging — 282,750,000 triples · 282,750,000 distinct triples written
  Partitioned compression: HG005_GRCh38: cottas-merge merging — 283,000,000 triples · 283,000,000 distinct triples written
  Partitioned compression: HG005_GRCh38: cottas-merge merging — 283,250,000 triples · 283,250,000 distinct triples written
  Partitioned compression: HG005_GRCh38: cottas-merge merging — 283,500,000 triples · 283,500,000 distinct triples written
  Partitioned compression: HG005_GRCh38: cottas-merge merging — 283,750,000 triples · 283,750,000 distinct triples written
  Partitioned compression: HG005_GRCh38: cottas-merge merging — 284,000,000 triples · 284,000,000 distinct triples written
  Partitioned compression: HG005_GRCh38: cottas-merge merging — 284,250,000 triples · 284,250,000 distinct triples written
  Partitioned compression: HG005_GRCh38: cottas-merge merging — 284,500,000 triples · 284,500,000 distinct triples written
  Partitioned compression: HG005_GRCh38: cottas-merge merging — 284,750,000 triples · 284,750,000 distinct triples written
  Partitioned compression: HG005_GRCh38: cottas-merge merging — 285,000,000 triples · 285,000,000 distinct triples written
  Partitioned compression: HG005_GRCh38: cottas-merge merging — 285,250,000 triples · 285,250,000 distinct triples written
  Partitioned compression: HG005_GRCh38: cottas-merge merging — 285,500,000 triples · 285,500,000 distinct triples written
  Partitioned compression: HG005_GRCh38: cottas-merge merging — 285,750,000 triples · 285,750,000 distinct triples written
  Partitioned compression: HG005_GRCh38: cottas-merge merging — 286,000,000 triples · 286,000,000 distinct triples written
  Partitioned compression: HG005_GRCh38: cottas-merge merging — 286,250,000 triples · 286,250,000 distinct triples written
  Partitioned compression: HG005_GRCh38: cottas-merge merging — 286,500,000 triples · 286,500,000 distinct triples written
  Partitioned compression: HG005_GRCh38: cottas-merge merging — 286,750,000 triples · 286,750,000 distinct triples written
  Partitioned compression: HG005_GRCh38: cottas-merge merging — 287,000,000 triples · 287,000,000 distinct triples written
  Partitioned compression: HG005_GRCh38: cottas-merge merging — 287,250,000 triples · 287,250,000 distinct triples written
  Partitioned compression: HG005_GRCh38: cottas-merge merging — 287,500,000 triples · 287,500,000 distinct triples written
  Partitioned compression: HG005_GRCh38: cottas-merge merging — 287,750,000 triples · 287,750,000 distinct triples written
  Partitioned compression: HG005_GRCh38: cottas-merge merging — 288,000,000 triples · 288,000,000 distinct triples written
  Partitioned compression: HG005_GRCh38: cottas-merge merging — 288,250,000 triples · 288,250,000 distinct triples written
  Partitioned compression: HG005_GRCh38: cottas-merge merging — 288,500,000 triples · 288,500,000 distinct triples written
  Partitioned compression: HG005_GRCh38: cottas-merge merging — 288,750,000 triples · 288,750,000 distinct triples written
  Partitioned compression: HG005_GRCh38: cottas-merge merging — 289,000,000 triples · 289,000,000 distinct triples written
  Partitioned compression: HG005_GRCh38: cottas-merge merging — 289,250,000 triples · 289,250,000 distinct triples written
  Partitioned compression: HG005_GRCh38: cottas-merge merging — 289,500,000 triples · 289,500,000 distinct triples written
  Partitioned compression: HG005_GRCh38: cottas-merge merging — 289,750,000 triples · 289,750,000 distinct triples written
  Partitioned compression: HG005_GRCh38: cottas-merge merging — 290,000,000 triples · 290,000,000 distinct triples written
  Partitioned compression: HG005_GRCh38: cottas-merge merging — 290,250,000 triples · 290,250,000 distinct triples written
  Partitioned compression: HG005_GRCh38: cottas-merge merging — 290,500,000 triples · 290,500,000 distinct triples written
  Partitioned compression: HG005_GRCh38: cottas-merge merging — 290,750,000 triples · 290,750,000 distinct triples written
  Partitioned compression: HG005_GRCh38: cottas-merge merging — 291,000,000 triples · 291,000,000 distinct triples written
  Partitioned compression: HG005_GRCh38: cottas-merge merging — 291,250,000 triples · 291,250,000 distinct triples written
  Partitioned compression: HG005_GRCh38: cottas-merge merging — 291,500,000 triples · 291,500,000 distinct triples written
  Partitioned compression: HG005_GRCh38: cottas-merge merging — 291,750,000 triples · 291,750,000 distinct triples written
  Partitioned compression: HG005_GRCh38: cottas-merge merging — 292,000,000 triples · 292,000,000 distinct triples written
  Partitioned compression: HG005_GRCh38: cottas-merge merging — 292,250,000 triples · 292,250,000 distinct triples written
  Partitioned compression: HG005_GRCh38: cottas-merge merging — 292,500,000 triples · 292,500,000 distinct triples written
  Partitioned compression: HG005_GRCh38: cottas-merge merging — 292,750,000 triples · 292,750,000 distinct triples written
  Partitioned compression: HG005_GRCh38: cottas-merge merging — 293,000,000 triples · 293,000,000 distinct triples written
  Partitioned compression: HG005_GRCh38: cottas-merge merging — 293,250,000 triples · 293,250,000 distinct triples written
  Partitioned compression: HG005_GRCh38: cottas-merge merging — 293,500,000 triples · 293,500,000 distinct triples written
  Partitioned compression: HG005_GRCh38: cottas-merge merging — 293,750,000 triples · 293,750,000 distinct triples written
  Partitioned compression: HG005_GRCh38: cottas-merge merging — 294,000,000 triples · 294,000,000 distinct triples written
  Partitioned compression: HG005_GRCh38: cottas-merge merging — 294,250,000 triples · 294,250,000 distinct triples written
  Partitioned compression: HG005_GRCh38: cottas-merge merging — 294,500,000 triples · 294,500,000 distinct triples written
  Partitioned compression: HG005_GRCh38: cottas-merge merging — 294,750,000 triples · 294,750,000 distinct triples written
  Partitioned compression: HG005_GRCh38: cottas-merge merging — 295,000,000 triples · 295,000,000 distinct triples written
  Partitioned compression: HG005_GRCh38: cottas-merge merging — 295,250,000 triples · 295,250,000 distinct triples written
  Partitioned compression: HG005_GRCh38: cottas-merge merging — 295,500,000 triples · 295,500,000 distinct triples written
  Partitioned compression: HG005_GRCh38: cottas-merge merging — 295,750,000 triples · 295,750,000 distinct triples written
  Partitioned compression: HG005_GRCh38: cottas-merge merging — 296,000,000 triples · 296,000,000 distinct triples written
  Partitioned compression: HG005_GRCh38: cottas-merge merging — 296,250,000 triples · 296,250,000 distinct triples written
  Partitioned compression: HG005_GRCh38: cottas-merge merging — 296,500,000 triples · 296,500,000 distinct triples written
  Partitioned compression: HG005_GRCh38: cottas-merge merging — 296,750,000 triples · 296,750,000 distinct triples written
  Partitioned compression: HG005_GRCh38: cottas-merge merging — 297,000,000 triples · 297,000,000 distinct triples written
  Partitioned compression: HG005_GRCh38: cottas-merge merging — 297,250,000 triples · 297,250,000 distinct triples written
  Partitioned compression: HG005_GRCh38: cottas-merge merging — 297,500,000 triples · 297,500,000 distinct triples written
  Partitioned compression: HG005_GRCh38: cottas-merge merging — 297,750,000 triples · 297,750,000 distinct triples written
  Partitioned compression: HG005_GRCh38: cottas-merge merging — 298,000,000 triples · 298,000,000 distinct triples written
  Partitioned compression: HG005_GRCh38: cottas-merge merging — 298,250,000 triples · 298,250,000 distinct triples written
  Partitioned compression: HG005_GRCh38: cottas-merge merging — 298,500,000 triples · 298,500,000 distinct triples written
  Partitioned compression: HG005_GRCh38: cottas-merge merging — 298,750,000 triples · 298,750,000 distinct triples written
  Partitioned compression: HG005_GRCh38: cottas-merge merging — 299,000,000 triples · 299,000,000 distinct triples written
  Partitioned compression: HG005_GRCh38: cottas-merge merging — 299,250,000 triples · 299,250,000 distinct triples written
  Partitioned compression: HG005_GRCh38: cottas-merge merging — 299,500,000 triples · 299,500,000 distinct triples written
  Partitioned compression: HG005_GRCh38: cottas-merge merging — 299,750,000 triples · 299,750,000 distinct triples written
  Partitioned compression: HG005_GRCh38: cottas-merge merging — 300,000,000 triples · 300,000,000 distinct triples written
  Partitioned compression: HG005_GRCh38: cottas-merge merging — 300,250,000 triples · 300,250,000 distinct triples written
  Partitioned compression: HG005_GRCh38: cottas-merge merging — 300,500,000 triples · 300,500,000 distinct triples written
  Partitioned compression: HG005_GRCh38: cottas-merge merging — 300,750,000 triples · 300,750,000 distinct triples written
  Partitioned compression: HG005_GRCh38: cottas-merge merging — 301,000,000 triples · 301,000,000 distinct triples written
  Partitioned compression: HG005_GRCh38: cottas-merge merging — 301,250,000 triples · 301,250,000 distinct triples written
  Partitioned compression: HG005_GRCh38: cottas-merge merging — 301,500,000 triples · 301,500,000 distinct triples written
  Partitioned compression: HG005_GRCh38: cottas-merge merging — 301,750,000 triples · 301,750,000 distinct triples written
  Partitioned compression: HG005_GRCh38: cottas-merge merging — 302,000,000 triples · 302,000,000 distinct triples written
  Partitioned compression: HG005_GRCh38: cottas-merge merging — 302,250,000 triples · 302,250,000 distinct triples written
  Partitioned compression: HG005_GRCh38: cottas-merge merging — 302,500,000 triples · 302,500,000 distinct triples written
  Partitioned compression: HG005_GRCh38: cottas-merge merging — 302,750,000 triples · 302,750,000 distinct triples written
  Partitioned compression: HG005_GRCh38: cottas-merge merging — 303,000,000 triples · 303,000,000 distinct triples written
  Partitioned compression: HG005_GRCh38: cottas-merge merging — 303,250,000 triples · 303,250,000 distinct triples written
  Partitioned compression: HG005_GRCh38: cottas-merge merging — 303,500,000 triples · 303,500,000 distinct triples written
  Partitioned compression: HG005_GRCh38: cottas-merge merging — 303,750,000 triples · 303,750,000 distinct triples written
  Partitioned compression: HG005_GRCh38: cottas-merge merging — 304,000,000 triples · 304,000,000 distinct triples written
  Partitioned compression: HG005_GRCh38: cottas-merge merging — 304,250,000 triples · 304,250,000 distinct triples written
  Partitioned compression: HG005_GRCh38: cottas-merge merging — 304,500,000 triples · 304,500,000 distinct triples written
  Partitioned compression: HG005_GRCh38: cottas-merge merging — 304,750,000 triples · 304,750,000 distinct triples written
  Partitioned compression: HG005_GRCh38: cottas-merge merging — 305,000,000 triples · 305,000,000 distinct triples written
  Partitioned compression: HG005_GRCh38: cottas-merge merging — 305,250,000 triples · 305,250,000 distinct triples written
  Partitioned compression: HG005_GRCh38: cottas-merge merging — 305,500,000 triples · 305,500,000 distinct triples written
  Partitioned compression: HG005_GRCh38: cottas-merge merging — 305,750,000 triples · 305,750,000 distinct triples written
  Partitioned compression: HG005_GRCh38: cottas-merge merging — 306,000,000 triples · 306,000,000 distinct triples written
  Partitioned compression: HG005_GRCh38: cottas-merge merging — 306,250,000 triples · 306,250,000 distinct triples written
  Partitioned compression: HG005_GRCh38: cottas-merge merging — 306,500,000 triples · 306,500,000 distinct triples written
  Partitioned compression: HG005_GRCh38: cottas-merge merging — 306,750,000 triples · 306,750,000 distinct triples written
  Partitioned compression: HG005_GRCh38: cottas-merge merging — 307,000,000 triples · 307,000,000 distinct triples written
  Partitioned compression: HG005_GRCh38: cottas-merge merging — 307,250,000 triples · 307,250,000 distinct triples written
  Partitioned compression: HG005_GRCh38: cottas-merge merging — 307,500,000 triples · 307,500,000 distinct triples written
  Partitioned compression: HG005_GRCh38: cottas-merge merging — 307,750,000 triples · 307,750,000 distinct triples written
  Partitioned compression: HG005_GRCh38: cottas-merge merging — 308,000,000 triples · 308,000,000 distinct triples written
  Partitioned compression: HG005_GRCh38: cottas-merge merging — 308,250,000 triples · 308,250,000 distinct triples written
  Partitioned compression: HG005_GRCh38: cottas-merge merging — 308,500,000 triples · 308,500,000 distinct triples written
  Partitioned compression: HG005_GRCh38: cottas-merge merging — 308,750,000 triples · 308,750,000 distinct triples written
  Partitioned compression: HG005_GRCh38: cottas-merge merging — 309,000,000 triples · 309,000,000 distinct triples written
  Partitioned compression: HG005_GRCh38: cottas-merge merging — 309,250,000 triples · 309,250,000 distinct triples written
  Partitioned compression: HG005_GRCh38: cottas-merge merging — 309,500,000 triples · 309,500,000 distinct triples written
  Partitioned compression: HG005_GRCh38: cottas-merge merging — 309,750,000 triples · 309,750,000 distinct triples written
  Partitioned compression: HG005_GRCh38: cottas-merge merging — 310,000,000 triples · 310,000,000 distinct triples written
  Partitioned compression: HG005_GRCh38: cottas-merge merging — 310,250,000 triples · 310,250,000 distinct triples written
  Partitioned compression: HG005_GRCh38: cottas-merge merging — 310,500,000 triples · 310,500,000 distinct triples written
  Partitioned compression: HG005_GRCh38: cottas-merge merging — 310,750,000 triples · 310,750,000 distinct triples written
  Partitioned compression: HG005_GRCh38: cottas-merge merging — 311,000,000 triples · 311,000,000 distinct triples written
  Partitioned compression: HG005_GRCh38: cottas-merge merging — 311,250,000 triples · 311,250,000 distinct triples written
  Partitioned compression: HG005_GRCh38: cottas-merge merging — 311,500,000 triples · 311,500,000 distinct triples written
  Partitioned compression: HG005_GRCh38: cottas-merge merging — 311,750,000 triples · 311,750,000 distinct triples written
  Partitioned compression: HG005_GRCh38: cottas-merge merging — 312,000,000 triples · 312,000,000 distinct triples written
  Partitioned compression: HG005_GRCh38: cottas-merge merging — 312,250,000 triples · 312,250,000 distinct triples written
  Partitioned compression: HG005_GRCh38: cottas-merge merging — 312,500,000 triples · 312,500,000 distinct triples written
  Partitioned compression: HG005_GRCh38: cottas-merge merging — 312,750,000 triples · 312,750,000 distinct triples written
  Partitioned compression: HG005_GRCh38: cottas-merge merging — 313,000,000 triples · 313,000,000 distinct triples written
  Partitioned compression: HG005_GRCh38: cottas-merge merging — 313,250,000 triples · 313,250,000 distinct triples written
  Partitioned compression: HG005_GRCh38: cottas-merge merging — 313,500,000 triples · 313,500,000 distinct triples written
  Partitioned compression: HG005_GRCh38: cottas-merge merging — 313,750,000 triples · 313,750,000 distinct triples written
  Partitioned compression: HG005_GRCh38: cottas-merge merging — 314,000,000 triples · 314,000,000 distinct triples written
  Partitioned compression: HG005_GRCh38: cottas-merge merging — 314,250,000 triples · 314,250,000 distinct triples written
  Partitioned compression: HG005_GRCh38: cottas-merge merging — 314,500,000 triples · 314,500,000 distinct triples written
  Partitioned compression: HG005_GRCh38: cottas-merge merging — 314,750,000 triples · 314,750,000 distinct triples written
  Partitioned compression: HG005_GRCh38: cottas-merge merging — 315,000,000 triples · 315,000,000 distinct triples written
  Partitioned compression: HG005_GRCh38: cottas-merge merging — 315,250,000 triples · 315,250,000 distinct triples written
  Partitioned compression: HG005_GRCh38: cottas-merge merging — 315,500,000 triples · 315,500,000 distinct triples written
  Partitioned compression: HG005_GRCh38: cottas-merge merging — 315,750,000 triples · 315,750,000 distinct triples written
  Partitioned compression: HG005_GRCh38: cottas-merge merging — 316,000,000 triples · 316,000,000 distinct triples written
  Partitioned compression: HG005_GRCh38: cottas-merge merging — 316,250,000 triples · 316,250,000 distinct triples written
  Partitioned compression: HG005_GRCh38: cottas-merge merging — 316,500,000 triples · 316,500,000 distinct triples written
  Partitioned compression: HG005_GRCh38: cottas-merge merging — 316,750,000 triples · 316,750,000 distinct triples written
  Partitioned compression: HG005_GRCh38: cottas-merge merging — 317,000,000 triples · 317,000,000 distinct triples written
  Partitioned compression: HG005_GRCh38: cottas-merge merging — 317,250,000 triples · 317,250,000 distinct triples written
  Partitioned compression: HG005_GRCh38: cottas-merge merging — 317,500,000 triples · 317,500,000 distinct triples written
  Partitioned compression: HG005_GRCh38: cottas-merge merging — 317,750,000 triples · 317,750,000 distinct triples written
  Partitioned compression: HG005_GRCh38: cottas-merge merging — 318,000,000 triples · 318,000,000 distinct triples written
  Partitioned compression: HG005_GRCh38: cottas-merge merging — 318,250,000 triples · 318,250,000 distinct triples written
  Partitioned compression: HG005_GRCh38: cottas-merge merging — 318,500,000 triples · 318,500,000 distinct triples written
  Partitioned compression: HG005_GRCh38: cottas-merge merging — 318,750,000 triples · 318,750,000 distinct triples written
  Partitioned compression: HG005_GRCh38: cottas-merge merging — 319,000,000 triples · 319,000,000 distinct triples written
  Partitioned compression: HG005_GRCh38: cottas-merge merging — 319,250,000 triples · 319,250,000 distinct triples written
  Partitioned compression: HG005_GRCh38: cottas-merge merging — 319,500,000 triples · 319,500,000 distinct triples written
  Partitioned compression: HG005_GRCh38: cottas-merge merging — 319,750,000 triples · 319,750,000 distinct triples written
  Partitioned compression: HG005_GRCh38: cottas-merge merging — 320,000,000 triples · 320,000,000 distinct triples written
  Partitioned compression: HG005_GRCh38: cottas-merge merging — 320,250,000 triples · 320,250,000 distinct triples written
  Partitioned compression: HG005_GRCh38: cottas-merge merging — 320,500,000 triples · 320,500,000 distinct triples written
  Partitioned compression: HG005_GRCh38: cottas-merge merging — 320,750,000 triples · 320,750,000 distinct triples written
  Partitioned compression: HG005_GRCh38: cottas-merge merging — 321,000,000 triples · 321,000,000 distinct triples written
  Partitioned compression: HG005_GRCh38: cottas-merge merging — 321,250,000 triples · 321,250,000 distinct triples written
  Partitioned compression: HG005_GRCh38: cottas-merge merging — 321,500,000 triples · 321,500,000 distinct triples written
  Partitioned compression: HG005_GRCh38: cottas-merge merging — 321,750,000 triples · 321,750,000 distinct triples written
  Partitioned compression: HG005_GRCh38: cottas-merge merging — 322,000,000 triples · 322,000,000 distinct triples written
  Partitioned compression: HG005_GRCh38: cottas-merge merging — 322,250,000 triples · 322,250,000 distinct triples written
  Partitioned compression: HG005_GRCh38: cottas-merge merging — 322,500,000 triples · 322,500,000 distinct triples written
  Partitioned compression: HG005_GRCh38: cottas-merge merging — 322,750,000 triples · 322,750,000 distinct triples written
  Partitioned compression: HG005_GRCh38: cottas-merge merging — 323,000,000 triples · 323,000,000 distinct triples written
  Partitioned compression: HG005_GRCh38: cottas-merge merging — 323,250,000 triples · 323,250,000 distinct triples written
  Partitioned compression: HG005_GRCh38: cottas-merge merging — 323,500,000 triples · 323,500,000 distinct triples written
  Partitioned compression: HG005_GRCh38: cottas-merge merging — 323,750,000 triples · 323,750,000 distinct triples written
  Partitioned compression: HG005_GRCh38: cottas-merge merging — 324,000,000 triples · 324,000,000 distinct triples written
  Partitioned compression: HG005_GRCh38: cottas-merge merging — 324,250,000 triples · 324,250,000 distinct triples written
  Partitioned compression: HG005_GRCh38: cottas-merge merging — 324,500,000 triples · 324,500,000 distinct triples written
  Partitioned compression: HG005_GRCh38: cottas-merge merging — 324,750,000 triples · 324,750,000 distinct triples written
  Partitioned compression: HG005_GRCh38: cottas-merge merging — 325,000,000 triples · 325,000,000 distinct triples written
  Partitioned compression: HG005_GRCh38: cottas-merge merging — 325,250,000 triples · 325,250,000 distinct triples written
  Partitioned compression: HG005_GRCh38: cottas-merge merging — 325,500,000 triples · 325,500,000 distinct triples written
  Partitioned compression: HG005_GRCh38: cottas-merge merging — 325,750,000 triples · 325,750,000 distinct triples written
  Partitioned compression: HG005_GRCh38: cottas-merge merging — 326,000,000 triples · 326,000,000 distinct triples written
  Partitioned compression: HG005_GRCh38: cottas-merge merging — 326,250,000 triples · 326,250,000 distinct triples written
  Partitioned compression: HG005_GRCh38: cottas-merge merging — 326,500,000 triples · 326,500,000 distinct triples written
  Partitioned compression: HG005_GRCh38: cottas-merge merging — 326,750,000 triples · 326,750,000 distinct triples written
  Partitioned compression: HG005_GRCh38: cottas-merge merging — 327,000,000 triples · 327,000,000 distinct triples written
  Partitioned compression: HG005_GRCh38: cottas-merge merging — 327,250,000 triples · 327,250,000 distinct triples written
  Partitioned compression: HG005_GRCh38: cottas-merge merging — 327,500,000 triples · 327,500,000 distinct triples written
  Partitioned compression: HG005_GRCh38: cottas-merge merging — 327,750,000 triples · 327,750,000 distinct triples written
  Partitioned compression: HG005_GRCh38: cottas-merge merging — 328,000,000 triples · 328,000,000 distinct triples written
  Partitioned compression: HG005_GRCh38: cottas-merge merging — 328,250,000 triples · 328,250,000 distinct triples written
  Partitioned compression: HG005_GRCh38: cottas-merge merging — 328,500,000 triples · 328,500,000 distinct triples written
  Partitioned compression: HG005_GRCh38: cottas-merge merging — 328,750,000 triples · 328,750,000 distinct triples written
  Partitioned compression: HG005_GRCh38: cottas-merge merging — 329,000,000 triples · 329,000,000 distinct triples written
  Partitioned compression: HG005_GRCh38: cottas-merge merging — 329,250,000 triples · 329,250,000 distinct triples written
  Partitioned compression: HG005_GRCh38: cottas-merge merging — 329,500,000 triples · 329,500,000 distinct triples written
  Partitioned compression: HG005_GRCh38: cottas-merge merging — 329,750,000 triples · 329,750,000 distinct triples written
  Partitioned compression: HG005_GRCh38: cottas-merge merging — 330,000,000 triples · 330,000,000 distinct triples written
  Partitioned compression: HG005_GRCh38: cottas-merge merging — 330,250,000 triples · 330,250,000 distinct triples written
  Partitioned compression: HG005_GRCh38: cottas-merge merging — 330,500,000 triples · 330,500,000 distinct triples written
  Partitioned compression: HG005_GRCh38: cottas-merge merging — 330,750,000 triples · 330,750,000 distinct triples written
  Partitioned compression: HG005_GRCh38: cottas-merge merging — 331,000,000 triples · 331,000,000 distinct triples written
  Partitioned compression: HG005_GRCh38: cottas-merge merging — 331,250,000 triples · 331,250,000 distinct triples written
  Partitioned compression: HG005_GRCh38: cottas-merge merging — 331,500,000 triples · 331,500,000 distinct triples written
  Partitioned compression: HG005_GRCh38: cottas-merge merging — 331,750,000 triples · 331,750,000 distinct triples written
  Partitioned compression: HG005_GRCh38: cottas-merge merging — 332,000,000 triples · 332,000,000 distinct triples written
  Partitioned compression: HG005_GRCh38: cottas-merge merging — 332,250,000 triples · 332,250,000 distinct triples written
  Partitioned compression: HG005_GRCh38: cottas-merge merging — 332,500,000 triples · 332,500,000 distinct triples written
  Partitioned compression: HG005_GRCh38: cottas-merge merging — 332,750,000 triples · 332,750,000 distinct triples written
  Partitioned compression: HG005_GRCh38: cottas-merge merging — 333,000,000 triples · 333,000,000 distinct triples written
  Partitioned compression: HG005_GRCh38: cottas-merge merging — 333,250,000 triples · 333,250,000 distinct triples written
  Partitioned compression: HG005_GRCh38: cottas-merge merging — 333,500,000 triples · 333,500,000 distinct triples written
  Partitioned compression: HG005_GRCh38: cottas-merge merging — 333,750,000 triples · 333,750,000 distinct triples written
  Partitioned compression: HG005_GRCh38: cottas-merge merging — 334,000,000 triples · 334,000,000 distinct triples written
  Partitioned compression: HG005_GRCh38: cottas-merge merging — 334,250,000 triples · 334,250,000 distinct triples written
  Partitioned compression: HG005_GRCh38: cottas-merge merging — 334,500,000 triples · 334,500,000 distinct triples written
  Partitioned compression: HG005_GRCh38: cottas-merge merging — 334,750,000 triples · 334,750,000 distinct triples written
  Partitioned compression: HG005_GRCh38: cottas-merge merging — 335,000,000 triples · 335,000,000 distinct triples written
  Partitioned compression: HG005_GRCh38: cottas-merge merging — 335,250,000 triples · 335,250,000 distinct triples written
  Partitioned compression: HG005_GRCh38: cottas-merge merging — 335,500,000 triples · 335,500,000 distinct triples written
  Partitioned compression: HG005_GRCh38: cottas-merge merging — 335,750,000 triples · 335,750,000 distinct triples written
  Partitioned compression: HG005_GRCh38: cottas-merge merging — 336,000,000 triples · 336,000,000 distinct triples written
  Partitioned compression: HG005_GRCh38: cottas-merge merging — 336,250,000 triples · 336,250,000 distinct triples written
  Partitioned compression: HG005_GRCh38: cottas-merge merging — 336,500,000 triples · 336,500,000 distinct triples written
  Partitioned compression: HG005_GRCh38: cottas-merge merging — 336,750,000 triples · 336,750,000 distinct triples written
  Partitioned compression: HG005_GRCh38: cottas-merge merging — 337,000,000 triples · 337,000,000 distinct triples written
  Partitioned compression: HG005_GRCh38: cottas-merge merging — 337,250,000 triples · 337,250,000 distinct triples written
  Partitioned compression: HG005_GRCh38: cottas-merge merging — 337,500,000 triples · 337,500,000 distinct triples written
  Partitioned compression: HG005_GRCh38: cottas-merge merging — 337,750,000 triples · 337,750,000 distinct triples written
  Partitioned compression: HG005_GRCh38: cottas-merge merging — 338,000,000 triples · 338,000,000 distinct triples written
  Partitioned compression: HG005_GRCh38: cottas-merge merging — 338,250,000 triples · 338,250,000 distinct triples written
  Partitioned compression: HG005_GRCh38: cottas-merge merging — 338,500,000 triples · 338,500,000 distinct triples written
  Partitioned compression: HG005_GRCh38: cottas-merge merging — 338,750,000 triples · 338,750,000 distinct triples written
  Partitioned compression: HG005_GRCh38: cottas-merge merging — 339,000,000 triples · 339,000,000 distinct triples written
  Partitioned compression: HG005_GRCh38: cottas-merge merging — 339,250,000 triples · 339,250,000 distinct triples written
  Partitioned compression: HG005_GRCh38: cottas-merge merging — 339,500,000 triples · 339,500,000 distinct triples written
  Partitioned compression: HG005_GRCh38: cottas-merge merging — 339,750,000 triples · 339,750,000 distinct triples written
  Partitioned compression: HG005_GRCh38: cottas-merge merging — 340,000,000 triples · 340,000,000 distinct triples written
  Partitioned compression: HG005_GRCh38: cottas-merge merging — 340,250,000 triples · 340,250,000 distinct triples written
  Partitioned compression: HG005_GRCh38: cottas-merge merging — 340,500,000 triples · 340,500,000 distinct triples written
  Partitioned compression: HG005_GRCh38: cottas-merge merging — 340,750,000 triples · 340,750,000 distinct triples written
  Partitioned compression: HG005_GRCh38: cottas-merge merging — 341,000,000 triples · 341,000,000 distinct triples written
  Partitioned compression: HG005_GRCh38: cottas-merge merging — 341,250,000 triples · 341,250,000 distinct triples written
  Partitioned compression: HG005_GRCh38: cottas-merge merging — 341,500,000 triples · 341,500,000 distinct triples written
  Partitioned compression: HG005_GRCh38: cottas-merge merging — 341,750,000 triples · 341,750,000 distinct triples written
  Partitioned compression: HG005_GRCh38: cottas-merge merging — 342,000,000 triples · 342,000,000 distinct triples written
  Partitioned compression: HG005_GRCh38: cottas-merge merging — 342,250,000 triples · 342,250,000 distinct triples written
  Partitioned compression: HG005_GRCh38: cottas-merge merging — 342,500,000 triples · 342,500,000 distinct triples written
  Partitioned compression: HG005_GRCh38: cottas-merge merging — 342,750,000 triples · 342,750,000 distinct triples written
  Partitioned compression: HG005_GRCh38: cottas-merge merging — 343,000,000 triples · 343,000,000 distinct triples written
  Partitioned compression: HG005_GRCh38: cottas-merge merging — 343,250,000 triples · 343,250,000 distinct triples written
  Partitioned compression: HG005_GRCh38: cottas-merge merging — 343,500,000 triples · 343,500,000 distinct triples written
  Partitioned compression: HG005_GRCh38: cottas-merge merging — 343,750,000 triples · 343,750,000 distinct triples written
  Partitioned compression: HG005_GRCh38: cottas-merge merging — 344,000,000 triples · 344,000,000 distinct triples written
  Partitioned compression: HG005_GRCh38: cottas-merge merging — 344,250,000 triples · 344,250,000 distinct triples written
  Partitioned compression: HG005_GRCh38: cottas-merge merging — 344,500,000 triples · 344,500,000 distinct triples written
  Partitioned compression: HG005_GRCh38: cottas-merge merging — 344,750,000 triples · 344,750,000 distinct triples written
  Partitioned compression: HG005_GRCh38: cottas-merge merging — 345,000,000 triples · 345,000,000 distinct triples written
  Partitioned compression: HG005_GRCh38: cottas-merge merging — 345,250,000 triples · 345,250,000 distinct triples written
  Partitioned compression: HG005_GRCh38: cottas-merge merging — 345,500,000 triples · 345,500,000 distinct triples written
  Partitioned compression: HG005_GRCh38: cottas-merge merging — 345,750,000 triples · 345,750,000 distinct triples written
  Partitioned compression: HG005_GRCh38: cottas-merge merging — 346,000,000 triples · 346,000,000 distinct triples written
  Partitioned compression: HG005_GRCh38: cottas-merge merging — 346,250,000 triples · 346,250,000 distinct triples written
  Partitioned compression: HG005_GRCh38: cottas-merge merging — 346,500,000 triples · 346,500,000 distinct triples written
  Partitioned compression: HG005_GRCh38: cottas-merge merging — 346,750,000 triples · 346,750,000 distinct triples written
  Partitioned compression: HG005_GRCh38: cottas-merge merging — 347,000,000 triples · 347,000,000 distinct triples written
  Partitioned compression: HG005_GRCh38: cottas-merge merging — 347,250,000 triples · 347,250,000 distinct triples written
  Partitioned compression: HG005_GRCh38: cottas-merge merging — 347,500,000 triples · 347,500,000 distinct triples written
  Partitioned compression: HG005_GRCh38: cottas-merge merging — 347,750,000 triples · 347,750,000 distinct triples written
  Partitioned compression: HG005_GRCh38: cottas-merge merging — 348,000,000 triples · 348,000,000 distinct triples written
  Partitioned compression: HG005_GRCh38: cottas-merge merging — 348,250,000 triples · 348,250,000 distinct triples written
  Partitioned compression: HG005_GRCh38: cottas-merge merging — 348,500,000 triples · 348,500,000 distinct triples written
  Partitioned compression: HG005_GRCh38: cottas-merge merging — 348,750,000 triples · 348,750,000 distinct triples written
  Partitioned compression: HG005_GRCh38: cottas-merge merging — 349,000,000 triples · 349,000,000 distinct triples written
  Partitioned compression: HG005_GRCh38: cottas-merge merging — 349,250,000 triples · 349,250,000 distinct triples written
  Partitioned compression: HG005_GRCh38: cottas-merge merging — 349,500,000 triples · 349,500,000 distinct triples written
  Partitioned compression: HG005_GRCh38: cottas-merge merging — 349,750,000 triples · 349,750,000 distinct triples written
  Partitioned compression: HG005_GRCh38: cottas-merge merging — 350,000,000 triples · 350,000,000 distinct triples written
  Partitioned compression: HG005_GRCh38: cottas-merge merging — 350,250,000 triples · 350,250,000 distinct triples written
  Partitioned compression: HG005_GRCh38: cottas-merge merging — 350,500,000 triples · 350,500,000 distinct triples written
  Partitioned compression: HG005_GRCh38: cottas-merge merging — 350,750,000 triples · 350,750,000 distinct triples written
  Partitioned compression: HG005_GRCh38: cottas-merge merging — 351,000,000 triples · 351,000,000 distinct triples written
  Partitioned compression: HG005_GRCh38: cottas-merge merging — 351,250,000 triples · 351,250,000 distinct triples written
  Partitioned compression: HG005_GRCh38: cottas-merge merging — 351,500,000 triples · 351,500,000 distinct triples written
  Partitioned compression: HG005_GRCh38: cottas-merge merging — 351,750,000 triples · 351,750,000 distinct triples written
  Partitioned compression: HG005_GRCh38: cottas-merge merging — 352,000,000 triples · 352,000,000 distinct triples written
  Partitioned compression: HG005_GRCh38: cottas-merge merging — 352,250,000 triples · 352,250,000 distinct triples written
  Partitioned compression: HG005_GRCh38: cottas-merge merging — 352,500,000 triples · 352,500,000 distinct triples written
  Partitioned compression: HG005_GRCh38: cottas-merge merging — 352,750,000 triples · 352,750,000 distinct triples written
  Partitioned compression: HG005_GRCh38: cottas-merge merging — 353,000,000 triples · 353,000,000 distinct triples written
  Partitioned compression: HG005_GRCh38: cottas-merge merging — 353,250,000 triples · 353,250,000 distinct triples written
  Partitioned compression: HG005_GRCh38: cottas-merge merging — 353,500,000 triples · 353,500,000 distinct triples written
  Partitioned compression: HG005_GRCh38: cottas-merge merging — 353,750,000 triples · 353,750,000 distinct triples written
  Partitioned compression: HG005_GRCh38: cottas-merge merging — 354,000,000 triples · 354,000,000 distinct triples written
  Partitioned compression: HG005_GRCh38: cottas-merge merging — 354,250,000 triples · 354,250,000 distinct triples written
  Partitioned compression: HG005_GRCh38: cottas-merge merging — 354,500,000 triples · 354,500,000 distinct triples written
  Partitioned compression: HG005_GRCh38: cottas-merge merging — 354,750,000 triples · 354,750,000 distinct triples written
  Partitioned compression: HG005_GRCh38: cottas-merge merging — 355,000,000 triples · 355,000,000 distinct triples written
  Partitioned compression: HG005_GRCh38: cottas-merge merging — 355,250,000 triples · 355,250,000 distinct triples written
  Partitioned compression: HG005_GRCh38: cottas-merge merging — 355,500,000 triples · 355,500,000 distinct triples written
  Partitioned compression: HG005_GRCh38: cottas-merge merging — 355,750,000 triples · 355,750,000 distinct triples written
  Partitioned compression: HG005_GRCh38: cottas-merge merging — 356,000,000 triples · 356,000,000 distinct triples written
  Partitioned compression: HG005_GRCh38: cottas-merge merging — 356,250,000 triples · 356,250,000 distinct triples written
  Partitioned compression: HG005_GRCh38: cottas-merge merging — 356,500,000 triples · 356,500,000 distinct triples written
  Partitioned compression: HG005_GRCh38: cottas-merge merging — 356,750,000 triples · 356,750,000 distinct triples written
  Partitioned compression: HG005_GRCh38: cottas-merge merging — 357,000,000 triples · 357,000,000 distinct triples written
  Partitioned compression: HG005_GRCh38: cottas-merge merging — 357,250,000 triples · 357,250,000 distinct triples written
  Partitioned compression: HG005_GRCh38: cottas-merge merging — 357,500,000 triples · 357,500,000 distinct triples written
  Partitioned compression: HG005_GRCh38: cottas-merge merging — 357,750,000 triples · 357,750,000 distinct triples written
  Partitioned compression: HG005_GRCh38: cottas-merge merging — 358,000,000 triples · 358,000,000 distinct triples written
  Partitioned compression: HG005_GRCh38: cottas-merge merging — 358,250,000 triples · 358,250,000 distinct triples written
  Partitioned compression: HG005_GRCh38: cottas-merge merging — 358,500,000 triples · 358,500,000 distinct triples written
  Partitioned compression: HG005_GRCh38: cottas-merge merging — 358,750,000 triples · 358,750,000 distinct triples written
  Partitioned compression: HG005_GRCh38: cottas-merge merging — 359,000,000 triples · 359,000,000 distinct triples written
  Partitioned compression: HG005_GRCh38: cottas-merge merging — 359,250,000 triples · 359,250,000 distinct triples written
  Partitioned compression: HG005_GRCh38: cottas-merge merging — 359,500,000 triples · 359,500,000 distinct triples written
  Partitioned compression: HG005_GRCh38: cottas-merge merging — 359,750,000 triples · 359,750,000 distinct triples written
  Partitioned compression: HG005_GRCh38: cottas-merge merging — 360,000,000 triples · 360,000,000 distinct triples written
  Partitioned compression: HG005_GRCh38: cottas-merge merging — 360,250,000 triples · 360,250,000 distinct triples written
  Partitioned compression: HG005_GRCh38: cottas-merge merging — 360,500,000 triples · 360,500,000 distinct triples written
  Partitioned compression: HG005_GRCh38: cottas-merge merging — 360,750,000 triples · 360,750,000 distinct triples written
  Partitioned compression: HG005_GRCh38: cottas-merge merging — 361,000,000 triples · 361,000,000 distinct triples written
  Partitioned compression: HG005_GRCh38: cottas-merge merging — 361,250,000 triples · 361,250,000 distinct triples written
  Partitioned compression: HG005_GRCh38: cottas-merge merging — 361,500,000 triples · 361,500,000 distinct triples written
  Partitioned compression: HG005_GRCh38: cottas-merge merging — 361,750,000 triples · 361,750,000 distinct triples written
  Partitioned compression: HG005_GRCh38: cottas-merge merging — 362,000,000 triples · 362,000,000 distinct triples written
  Partitioned compression: HG005_GRCh38: cottas-merge merging — 362,250,000 triples · 362,250,000 distinct triples written
  Partitioned compression: HG005_GRCh38: cottas-merge merging — 362,500,000 triples · 362,500,000 distinct triples written
  Partitioned compression: HG005_GRCh38: cottas-merge merging — 362,750,000 triples · 362,750,000 distinct triples written
  Partitioned compression: HG005_GRCh38: cottas-merge merging — 363,000,000 triples · 363,000,000 distinct triples written
  Partitioned compression: HG005_GRCh38: cottas-merge merging — 363,250,000 triples · 363,250,000 distinct triples written
  Partitioned compression: HG005_GRCh38: cottas-merge merging — 363,500,000 triples · 363,500,000 distinct triples written
  Partitioned compression: HG005_GRCh38: cottas-merge merging — 363,750,000 triples · 363,750,000 distinct triples written
  Partitioned compression: HG005_GRCh38: cottas-merge merging — 364,000,000 triples · 364,000,000 distinct triples written
  Partitioned compression: HG005_GRCh38: cottas-merge merging — 364,250,000 triples · 364,250,000 distinct triples written
  Partitioned compression: HG005_GRCh38: cottas-merge merging — 364,500,000 triples · 364,500,000 distinct triples written
  Partitioned compression: HG005_GRCh38: cottas-merge merging — 364,750,000 triples · 364,750,000 distinct triples written
  Partitioned compression: HG005_GRCh38: cottas-merge merging — 365,000,000 triples · 365,000,000 distinct triples written
  Partitioned compression: HG005_GRCh38: cottas-merge merging — 365,250,000 triples · 365,250,000 distinct triples written
  Partitioned compression: HG005_GRCh38: cottas-merge merging — 365,500,000 triples · 365,500,000 distinct triples written
  Partitioned compression: HG005_GRCh38: cottas-merge merging — 365,750,000 triples · 365,750,000 distinct triples written
  Partitioned compression: HG005_GRCh38: cottas-merge merging — 366,000,000 triples · 366,000,000 distinct triples written
  Partitioned compression: HG005_GRCh38: cottas-merge merging — 366,250,000 triples · 366,250,000 distinct triples written
  Partitioned compression: HG005_GRCh38: cottas-merge merging — 366,500,000 triples · 366,500,000 distinct triples written
  Partitioned compression: HG005_GRCh38: cottas-merge merging — 366,750,000 triples · 366,750,000 distinct triples written
  Partitioned compression: HG005_GRCh38: cottas-merge merging — 367,000,000 triples · 367,000,000 distinct triples written
  Partitioned compression: HG005_GRCh38: cottas-merge merging — 367,250,000 triples · 367,250,000 distinct triples written
  Partitioned compression: HG005_GRCh38: cottas-merge merging — 367,500,000 triples · 367,500,000 distinct triples written
  Partitioned compression: HG005_GRCh38: cottas-merge merging — 367,750,000 triples · 367,750,000 distinct triples written
  Partitioned compression: HG005_GRCh38: cottas-merge merging — 368,000,000 triples · 368,000,000 distinct triples written
  Partitioned compression: HG005_GRCh38: cottas-merge merging — 368,250,000 triples · 368,250,000 distinct triples written
  Partitioned compression: HG005_GRCh38: cottas-merge merging — 368,500,000 triples · 368,500,000 distinct triples written
  Partitioned compression: HG005_GRCh38: cottas-merge merging — 368,750,000 triples · 368,750,000 distinct triples written
  Partitioned compression: HG005_GRCh38: cottas-merge merging — 369,000,000 triples · 369,000,000 distinct triples written
  Partitioned compression: HG005_GRCh38: cottas-merge merging — 369,250,000 triples · 369,250,000 distinct triples written
  Partitioned compression: HG005_GRCh38: cottas-merge merging — 369,500,000 triples · 369,500,000 distinct triples written
  Partitioned compression: HG005_GRCh38: cottas-merge merging — 369,750,000 triples · 369,750,000 distinct triples written
  Partitioned compression: HG005_GRCh38: cottas-merge merging — 370,000,000 triples · 370,000,000 distinct triples written
  Partitioned compression: HG005_GRCh38: cottas-merge merging — 370,250,000 triples · 370,250,000 distinct triples written
  Partitioned compression: HG005_GRCh38: cottas-merge merging — 370,500,000 triples · 370,500,000 distinct triples written
  Partitioned compression: HG005_GRCh38: cottas-merge merging — 370,750,000 triples · 370,750,000 distinct triples written
  Partitioned compression: HG005_GRCh38: cottas-merge merging — 371,000,000 triples · 371,000,000 distinct triples written
  Partitioned compression: HG005_GRCh38: cottas-merge merging — 371,250,000 triples · 371,250,000 distinct triples written
  Partitioned compression: HG005_GRCh38: cottas-merge merging — 371,500,000 triples · 371,500,000 distinct triples written
  Partitioned compression: HG005_GRCh38: cottas-merge merging — 371,750,000 triples · 371,750,000 distinct triples written
  Partitioned compression: HG005_GRCh38: cottas-merge merging — 372,000,000 triples · 372,000,000 distinct triples written
  Partitioned compression: HG005_GRCh38: cottas-merge merging — 372,250,000 triples · 372,250,000 distinct triples written
  Partitioned compression: HG005_GRCh38: cottas-merge merging — 372,500,000 triples · 372,500,000 distinct triples written
  Partitioned compression: HG005_GRCh38: cottas-merge merging — 372,750,000 triples · 372,750,000 distinct triples written
  Partitioned compression: HG005_GRCh38: cottas-merge merging — 373,000,000 triples · 373,000,000 distinct triples written
  Partitioned compression: HG005_GRCh38: cottas-merge merging — 373,250,000 triples · 373,250,000 distinct triples written
  Partitioned compression: HG005_GRCh38: cottas-merge merging — 373,500,000 triples · 373,500,000 distinct triples written
  Partitioned compression: HG005_GRCh38: cottas-merge merging — 373,750,000 triples · 373,750,000 distinct triples written
  Partitioned compression: HG005_GRCh38: cottas-merge merging — 374,000,000 triples · 374,000,000 distinct triples written
  Partitioned compression: HG005_GRCh38: cottas-merge merging — 374,250,000 triples · 374,250,000 distinct triples written
  Partitioned compression: HG005_GRCh38: cottas-merge merging — 374,500,000 triples · 374,500,000 distinct triples written
  Partitioned compression: HG005_GRCh38: cottas-merge merging — 374,750,000 triples · 374,750,000 distinct triples written
  Partitioned compression: HG005_GRCh38: cottas-merge merging — 375,000,000 triples · 375,000,000 distinct triples written
  Partitioned compression: HG005_GRCh38: cottas-merge merging — 375,250,000 triples · 375,250,000 distinct triples written
  Partitioned compression: HG005_GRCh38: cottas-merge merging — 375,500,000 triples · 375,500,000 distinct triples written
  Partitioned compression: HG005_GRCh38: cottas-merge merging — 375,750,000 triples · 375,750,000 distinct triples written
  Partitioned compression: HG005_GRCh38: cottas-merge merging — 376,000,000 triples · 376,000,000 distinct triples written
  Partitioned compression: HG005_GRCh38: cottas-merge merging — 376,250,000 triples · 376,250,000 distinct triples written
  Partitioned compression: HG005_GRCh38: cottas-merge merging — 376,500,000 triples · 376,500,000 distinct triples written
  Partitioned compression: HG005_GRCh38: cottas-merge merging — 376,750,000 triples · 376,750,000 distinct triples written
  Partitioned compression: HG005_GRCh38: cottas-merge merging — 377,000,000 triples · 377,000,000 distinct triples written
  Partitioned compression: HG005_GRCh38: cottas-merge merging — 377,250,000 triples · 377,250,000 distinct triples written
  Partitioned compression: HG005_GRCh38: cottas-merge merging — 377,500,000 triples · 377,500,000 distinct triples written
  Partitioned compression: HG005_GRCh38: cottas-merge merging — 377,750,000 triples · 377,750,000 distinct triples written
  Partitioned compression: HG005_GRCh38: cottas-merge merging — 378,000,000 triples · 378,000,000 distinct triples written
  Partitioned compression: HG005_GRCh38: cottas-merge merging — 378,250,000 triples · 378,250,000 distinct triples written
  Partitioned compression: HG005_GRCh38: cottas-merge merging — 378,500,000 triples · 378,500,000 distinct triples written
  Partitioned compression: HG005_GRCh38: cottas-merge merging — 378,750,000 triples · 378,750,000 distinct triples written
  Partitioned compression: HG005_GRCh38: cottas-merge merging — 379,000,000 triples · 379,000,000 distinct triples written
  Partitioned compression: HG005_GRCh38: cottas-merge merging — 379,250,000 triples · 379,250,000 distinct triples written
  Partitioned compression: HG005_GRCh38: cottas-merge merging — 379,500,000 triples · 379,500,000 distinct triples written
  Partitioned compression: HG005_GRCh38: cottas-merge merging — 379,750,000 triples · 379,750,000 distinct triples written
  Partitioned compression: HG005_GRCh38: cottas-merge merging — 380,000,000 triples · 380,000,000 distinct triples written
  Partitioned compression: HG005_GRCh38: cottas-merge merging — 380,250,000 triples · 380,250,000 distinct triples written
  Partitioned compression: HG005_GRCh38: cottas-merge merging — 380,500,000 triples · 380,500,000 distinct triples written
  Partitioned compression: HG005_GRCh38: cottas-merge merging — 380,750,000 triples · 380,750,000 distinct triples written
  Partitioned compression: HG005_GRCh38: cottas-merge merging — 381,000,000 triples · 381,000,000 distinct triples written
  Partitioned compression: HG005_GRCh38: cottas-merge merging — 381,250,000 triples · 381,250,000 distinct triples written
  Partitioned compression: HG005_GRCh38: cottas-merge merging — 381,500,000 triples · 381,500,000 distinct triples written
  Partitioned compression: HG005_GRCh38: cottas-merge merging — 381,750,000 triples · 381,750,000 distinct triples written
  Partitioned compression: HG005_GRCh38: cottas-merge merging — 382,000,000 triples · 382,000,000 distinct triples written
  Partitioned compression: HG005_GRCh38: cottas-merge merging — 382,250,000 triples · 382,250,000 distinct triples written
  Partitioned compression: HG005_GRCh38: cottas-merge merging — 382,500,000 triples · 382,500,000 distinct triples written
  Partitioned compression: HG005_GRCh38: cottas-merge merging — 382,750,000 triples · 382,750,000 distinct triples written
  Partitioned compression: HG005_GRCh38: cottas-merge merging — 383,000,000 triples · 383,000,000 distinct triples written
  Partitioned compression: HG005_GRCh38: cottas-merge merging — 383,250,000 triples · 383,250,000 distinct triples written
  Partitioned compression: HG005_GRCh38: cottas-merge merging — 383,500,000 triples · 383,500,000 distinct triples written
  Partitioned compression: HG005_GRCh38: cottas-merge merging — 383,750,000 triples · 383,750,000 distinct triples written
  Partitioned compression: HG005_GRCh38: cottas-merge merging — 384,000,000 triples · 384,000,000 distinct triples written
  Partitioned compression: HG005_GRCh38: cottas-merge merging — 384,250,000 triples · 384,250,000 distinct triples written
  Partitioned compression: HG005_GRCh38: cottas-merge merging — 384,500,000 triples · 384,500,000 distinct triples written
  Partitioned compression: HG005_GRCh38: cottas-merge merging — 384,750,000 triples · 384,750,000 distinct triples written
  Partitioned compression: HG005_GRCh38: cottas-merge merging — 385,000,000 triples · 385,000,000 distinct triples written
  Partitioned compression: HG005_GRCh38: cottas-merge merging — 385,250,000 triples · 385,250,000 distinct triples written
  Partitioned compression: HG005_GRCh38: cottas-merge merging — 385,500,000 triples · 385,500,000 distinct triples written
  Partitioned compression: HG005_GRCh38: cottas-merge merging — 385,750,000 triples · 385,750,000 distinct triples written
  Partitioned compression: HG005_GRCh38: cottas-merge merging — 386,000,000 triples · 386,000,000 distinct triples written
  Partitioned compression: HG005_GRCh38: cottas-merge merging — 386,250,000 triples · 386,250,000 distinct triples written
  Partitioned compression: HG005_GRCh38: cottas-merge merging — 386,500,000 triples · 386,500,000 distinct triples written
  Partitioned compression: HG005_GRCh38: cottas-merge merging — 386,750,000 triples · 386,750,000 distinct triples written
  Partitioned compression: HG005_GRCh38: cottas-merge merging — 387,000,000 triples · 387,000,000 distinct triples written
  Partitioned compression: HG005_GRCh38: cottas-merge merging — 387,250,000 triples · 387,250,000 distinct triples written
  Partitioned compression: HG005_GRCh38: cottas-merge merging — 387,500,000 triples · 387,500,000 distinct triples written
  Partitioned compression: HG005_GRCh38: cottas-merge merging — 387,750,000 triples · 387,750,000 distinct triples written
  Partitioned compression: HG005_GRCh38: cottas-merge merging — 388,000,000 triples · 388,000,000 distinct triples written
  Partitioned compression: HG005_GRCh38: cottas-merge merging — 388,250,000 triples · 388,250,000 distinct triples written
  Partitioned compression: HG005_GRCh38: cottas-merge merging — 388,500,000 triples · 388,500,000 distinct triples written
  Partitioned compression: HG005_GRCh38: cottas-merge merging — 388,750,000 triples · 388,750,000 distinct triples written
  Partitioned compression: HG005_GRCh38: cottas-merge merging — 389,000,000 triples · 389,000,000 distinct triples written
  Partitioned compression: HG005_GRCh38: cottas-merge merging — 389,250,000 triples · 389,250,000 distinct triples written
  Partitioned compression: HG005_GRCh38: cottas-merge merging — 389,500,000 triples · 389,500,000 distinct triples written
  Partitioned compression: HG005_GRCh38: cottas-merge merging — 389,750,000 triples · 389,750,000 distinct triples written
  Partitioned compression: HG005_GRCh38: cottas-merge merging — 390,000,000 triples · 390,000,000 distinct triples written
  Partitioned compression: HG005_GRCh38: cottas-merge merging — 390,250,000 triples · 390,250,000 distinct triples written
  Partitioned compression: HG005_GRCh38: cottas-merge merging — 390,500,000 triples · 390,500,000 distinct triples written
  Partitioned compression: HG005_GRCh38: cottas-merge merging — 390,750,000 triples · 390,750,000 distinct triples written
  Partitioned compression: HG005_GRCh38: cottas-merge merging — 391,000,000 triples · 391,000,000 distinct triples written
  Partitioned compression: HG005_GRCh38: cottas-merge merging — 391,250,000 triples · 391,250,000 distinct triples written
  Partitioned compression: HG005_GRCh38: cottas-merge merging — 391,500,000 triples · 391,500,000 distinct triples written
  Partitioned compression: HG005_GRCh38: cottas-merge merging — 391,750,000 triples · 391,750,000 distinct triples written
  Partitioned compression: HG005_GRCh38: cottas-merge merging — 392,000,000 triples · 392,000,000 distinct triples written
  Partitioned compression: HG005_GRCh38: cottas-merge merging — 392,250,000 triples · 392,250,000 distinct triples written
  Partitioned compression: HG005_GRCh38: cottas-merge merging — 392,500,000 triples · 392,500,000 distinct triples written
  Partitioned compression: HG005_GRCh38: cottas-merge merging — 392,750,000 triples · 392,750,000 distinct triples written
  Partitioned compression: HG005_GRCh38: cottas-merge merging — 393,000,000 triples · 393,000,000 distinct triples written
  Partitioned compression: HG005_GRCh38: cottas-merge merging — 393,250,000 triples · 393,250,000 distinct triples written
  Partitioned compression: HG005_GRCh38: cottas-merge merging — 393,500,000 triples · 393,500,000 distinct triples written
  Partitioned compression: HG005_GRCh38: cottas-merge merging — 393,750,000 triples · 393,750,000 distinct triples written
  Partitioned compression: HG005_GRCh38: cottas-merge merging — 394,000,000 triples · 394,000,000 distinct triples written
  Partitioned compression: HG005_GRCh38: cottas-merge merging — 394,250,000 triples · 394,250,000 distinct triples written
  Partitioned compression: HG005_GRCh38: cottas-merge merging — 394,500,000 triples · 394,500,000 distinct triples written
  Partitioned compression: HG005_GRCh38: cottas-merge merging — 394,750,000 triples · 394,750,000 distinct triples written
  Partitioned compression: HG005_GRCh38: cottas-merge merging — 395,000,000 triples · 395,000,000 distinct triples written
  Partitioned compression: HG005_GRCh38: cottas-merge merging — 395,250,000 triples · 395,250,000 distinct triples written
  Partitioned compression: HG005_GRCh38: cottas-merge merging — 395,500,000 triples · 395,500,000 distinct triples written
  Partitioned compression: HG005_GRCh38: cottas-merge merging — 395,750,000 triples · 395,750,000 distinct triples written
  Partitioned compression: HG005_GRCh38: cottas-merge merging — 396,000,000 triples · 396,000,000 distinct triples written
  Partitioned compression: HG005_GRCh38: cottas-merge merging — 396,250,000 triples · 396,250,000 distinct triples written
  Partitioned compression: HG005_GRCh38: cottas-merge merging — 396,500,000 triples · 396,500,000 distinct triples written
  Partitioned compression: HG005_GRCh38: cottas-merge merging — 396,750,000 triples · 396,750,000 distinct triples written
  Partitioned compression: HG005_GRCh38: cottas-merge merging — 397,000,000 triples · 397,000,000 distinct triples written
  Partitioned compression: HG005_GRCh38: cottas-merge merging — 397,250,000 triples · 397,250,000 distinct triples written
  Partitioned compression: HG005_GRCh38: cottas-merge merging — 397,500,000 triples · 397,500,000 distinct triples written
  Partitioned compression: HG005_GRCh38: cottas-merge merging — 397,750,000 triples · 397,750,000 distinct triples written
  Partitioned compression: HG005_GRCh38: cottas-merge merging — 398,000,000 triples · 398,000,000 distinct triples written
  Partitioned compression: HG005_GRCh38: cottas-merge merging — 398,250,000 triples · 398,250,000 distinct triples written
  Partitioned compression: HG005_GRCh38: cottas-merge merging — 398,500,000 triples · 398,500,000 distinct triples written
  Partitioned compression: HG005_GRCh38: cottas-merge merging — 398,750,000 triples · 398,750,000 distinct triples written
  Partitioned compression: HG005_GRCh38: cottas-merge merging — 399,000,000 triples · 399,000,000 distinct triples written
  Partitioned compression: HG005_GRCh38: cottas-merge merging — 399,250,000 triples · 399,250,000 distinct triples written
  Partitioned compression: HG005_GRCh38: cottas-merge merging — 399,500,000 triples · 399,500,000 distinct triples written
  Partitioned compression: HG005_GRCh38: cottas-merge merging — 399,750,000 triples · 399,750,000 distinct triples written
  Partitioned compression: HG005_GRCh38: cottas-merge merging — 400,000,000 triples · 400,000,000 distinct triples written
  Partitioned compression: HG005_GRCh38: cottas-merge merging — 400,250,000 triples · 400,250,000 distinct triples written
  Partitioned compression: HG005_GRCh38: cottas-merge merging — 400,500,000 triples · 400,500,000 distinct triples written
  Partitioned compression: HG005_GRCh38: cottas-merge merging — 400,750,000 triples · 400,750,000 distinct triples written
  Partitioned compression: HG005_GRCh38: cottas-merge merging — 401,000,000 triples · 401,000,000 distinct triples written
  Partitioned compression: HG005_GRCh38: cottas-merge merging — 401,250,000 triples · 401,250,000 distinct triples written
  Partitioned compression: HG005_GRCh38: cottas-merge merging — 401,500,000 triples · 401,500,000 distinct triples written
  Partitioned compression: HG005_GRCh38: cottas-merge merging — 401,750,000 triples · 401,750,000 distinct triples written
  Partitioned compression: HG005_GRCh38: cottas-merge merging — 402,000,000 triples · 402,000,000 distinct triples written
  Partitioned compression: HG005_GRCh38: cottas-merge merging — 402,250,000 triples · 402,250,000 distinct triples written
  Partitioned compression: HG005_GRCh38: cottas-merge merging — 402,500,000 triples · 402,500,000 distinct triples written
  Partitioned compression: HG005_GRCh38: cottas-merge merging — 402,750,000 triples · 402,750,000 distinct triples written
  Partitioned compression: HG005_GRCh38: cottas-merge merging — 403,000,000 triples · 403,000,000 distinct triples written
  Partitioned compression: HG005_GRCh38: cottas-merge merging — 403,250,000 triples · 403,250,000 distinct triples written
  Partitioned compression: HG005_GRCh38: cottas-merge merging — 403,500,000 triples · 403,500,000 distinct triples written
  Partitioned compression: HG005_GRCh38: cottas-merge merging — 403,750,000 triples · 403,750,000 distinct triples written
  Partitioned compression: HG005_GRCh38: cottas-merge merging — 404,000,000 triples · 404,000,000 distinct triples written
  Partitioned compression: HG005_GRCh38: cottas-merge merging — 404,250,000 triples · 404,250,000 distinct triples written
  Partitioned compression: HG005_GRCh38: cottas-merge merging — 404,500,000 triples · 404,500,000 distinct triples written
  Partitioned compression: HG005_GRCh38: cottas-merge merging — 404,750,000 triples · 404,750,000 distinct triples written
  Partitioned compression: HG005_GRCh38: cottas-merge merging — 405,000,000 triples · 405,000,000 distinct triples written
  Partitioned compression: HG005_GRCh38: cottas-merge merging — 405,250,000 triples · 405,250,000 distinct triples written
  Partitioned compression: HG005_GRCh38: cottas-merge merging — 405,500,000 triples · 405,500,000 distinct triples written
  Partitioned compression: HG005_GRCh38: cottas-merge merging — 405,750,000 triples · 405,750,000 distinct triples written
  Partitioned compression: HG005_GRCh38: cottas-merge merging — 406,000,000 triples · 406,000,000 distinct triples written
  Partitioned compression: HG005_GRCh38: cottas-merge merging — 406,250,000 triples · 406,250,000 distinct triples written
  Partitioned compression: HG005_GRCh38: cottas-merge merging — 406,500,000 triples · 406,500,000 distinct triples written
  Partitioned compression: HG005_GRCh38: cottas-merge merging — 406,750,000 triples · 406,750,000 distinct triples written
  Partitioned compression: HG005_GRCh38: cottas-merge merging — 407,000,000 triples · 407,000,000 distinct triples written
  Partitioned compression: HG005_GRCh38: cottas-merge merging — 407,250,000 triples · 407,250,000 distinct triples written
  Partitioned compression: HG005_GRCh38: cottas-merge merging — 407,500,000 triples · 407,500,000 distinct triples written
  Partitioned compression: HG005_GRCh38: cottas-merge merging — 407,750,000 triples · 407,750,000 distinct triples written
  Partitioned compression: HG005_GRCh38: cottas-merge merging — 408,000,000 triples · 408,000,000 distinct triples written
  Partitioned compression: HG005_GRCh38: cottas-merge merging — 408,250,000 triples · 408,250,000 distinct triples written
  Partitioned compression: HG005_GRCh38: cottas-merge merging — 408,500,000 triples · 408,500,000 distinct triples written
  Partitioned compression: HG005_GRCh38: cottas-merge merging — 408,750,000 triples · 408,750,000 distinct triples written
  Partitioned compression: HG005_GRCh38: cottas-merge merging — 409,000,000 triples · 409,000,000 distinct triples written
  Partitioned compression: HG005_GRCh38: cottas-merge merging — 409,250,000 triples · 409,250,000 distinct triples written
  Partitioned compression: HG005_GRCh38: cottas-merge merging — 409,500,000 triples · 409,500,000 distinct triples written
  Partitioned compression: HG005_GRCh38: cottas-merge merging — 409,750,000 triples · 409,750,000 distinct triples written
  Partitioned compression: HG005_GRCh38: cottas-merge merging — 410,000,000 triples · 410,000,000 distinct triples written
  Partitioned compression: HG005_GRCh38: cottas-merge merging — 410,250,000 triples · 410,250,000 distinct triples written
  Partitioned compression: HG005_GRCh38: cottas-merge merging — 410,500,000 triples · 410,500,000 distinct triples written
  Partitioned compression: HG005_GRCh38: cottas-merge merging — 410,750,000 triples · 410,750,000 distinct triples written
  Partitioned compression: HG005_GRCh38: cottas-merge merging — 411,000,000 triples · 411,000,000 distinct triples written
  Partitioned compression: HG005_GRCh38: cottas-merge merging — 411,250,000 triples · 411,250,000 distinct triples written
  Partitioned compression: HG005_GRCh38: cottas-merge merging — 411,500,000 triples · 411,500,000 distinct triples written
  Partitioned compression: HG005_GRCh38: cottas-merge merging — 411,750,000 triples · 411,750,000 distinct triples written
  Partitioned compression: HG005_GRCh38: cottas-merge merging — 412,000,000 triples · 412,000,000 distinct triples written
  Partitioned compression: HG005_GRCh38: cottas-merge merging — 412,250,000 triples · 412,250,000 distinct triples written
  Partitioned compression: HG005_GRCh38: cottas-merge merging — 412,500,000 triples · 412,500,000 distinct triples written
  Partitioned compression: HG005_GRCh38: cottas-merge merging — 412,750,000 triples · 412,750,000 distinct triples written
  Partitioned compression: HG005_GRCh38: cottas-merge merging — 413,000,000 triples · 413,000,000 distinct triples written
  Partitioned compression: HG005_GRCh38: cottas-merge merging — 413,250,000 triples · 413,250,000 distinct triples written
  Partitioned compression: HG005_GRCh38: cottas-merge merging — 413,500,000 triples · 413,500,000 distinct triples written
  Partitioned compression: HG005_GRCh38: cottas-merge merging — 413,750,000 triples · 413,750,000 distinct triples written
  Partitioned compression: HG005_GRCh38: cottas-merge merging — 414,000,000 triples · 414,000,000 distinct triples written
  Partitioned compression: HG005_GRCh38: cottas-merge merging — 414,250,000 triples · 414,250,000 distinct triples written
  Partitioned compression: HG005_GRCh38: cottas-merge merging — 414,500,000 triples · 414,500,000 distinct triples written
  Partitioned compression: HG005_GRCh38: cottas-merge merging — 414,750,000 triples · 414,750,000 distinct triples written
  Partitioned compression: HG005_GRCh38: cottas-merge merging — 415,000,000 triples · 415,000,000 distinct triples written
  Partitioned compression: HG005_GRCh38: cottas-merge merging — 415,250,000 triples · 415,250,000 distinct triples written
  Partitioned compression: HG005_GRCh38: cottas-merge merging — 415,500,000 triples · 415,500,000 distinct triples written
  Partitioned compression: HG005_GRCh38: cottas-merge merging — 415,750,000 triples · 415,750,000 distinct triples written
  Partitioned compression: HG005_GRCh38: cottas-merge merging — 416,000,000 triples · 416,000,000 distinct triples written
  Partitioned compression: HG005_GRCh38: cottas-merge merging — 416,250,000 triples · 416,250,000 distinct triples written
  Partitioned compression: HG005_GRCh38: cottas-merge merging — 416,500,000 triples · 416,500,000 distinct triples written
  Partitioned compression: HG005_GRCh38: cottas-merge merging — 416,750,000 triples · 416,750,000 distinct triples written
  Partitioned compression: HG005_GRCh38: cottas-merge merging — 417,000,000 triples · 417,000,000 distinct triples written
  Partitioned compression: HG005_GRCh38: cottas-merge merging — 417,250,000 triples · 417,250,000 distinct triples written
  Partitioned compression: HG005_GRCh38: cottas-merge merging — 417,500,000 triples · 417,500,000 distinct triples written
  Partitioned compression: HG005_GRCh38: cottas-merge merging — 417,750,000 triples · 417,750,000 distinct triples written
  Partitioned compression: HG005_GRCh38: cottas-merge merging — 418,000,000 triples · 418,000,000 distinct triples written
  Partitioned compression: HG005_GRCh38: cottas-merge merging — 418,250,000 triples · 418,250,000 distinct triples written
  Partitioned compression: HG005_GRCh38: cottas-merge merging — 418,500,000 triples · 418,500,000 distinct triples written
  Partitioned compression: HG005_GRCh38: cottas-merge merging — 418,750,000 triples · 418,750,000 distinct triples written
  Partitioned compression: HG005_GRCh38: cottas-merge merging — 419,000,000 triples · 419,000,000 distinct triples written
  Partitioned compression: HG005_GRCh38: cottas-merge merging — 419,250,000 triples · 419,250,000 distinct triples written
  Partitioned compression: HG005_GRCh38: cottas-merge merging — 419,500,000 triples · 419,500,000 distinct triples written
  Partitioned compression: HG005_GRCh38: cottas-merge merging — 419,750,000 triples · 419,750,000 distinct triples written
  Partitioned compression: HG005_GRCh38: cottas-merge merging — 420,000,000 triples · 420,000,000 distinct triples written
  Partitioned compression: HG005_GRCh38: cottas-merge merging — 420,250,000 triples · 420,250,000 distinct triples written
  Partitioned compression: HG005_GRCh38: cottas-merge merging — 420,500,000 triples · 420,500,000 distinct triples written
  Partitioned compression: HG005_GRCh38: cottas-merge merging — 420,750,000 triples · 420,750,000 distinct triples written
  Partitioned compression: HG005_GRCh38: cottas-merge merging — 421,000,000 triples · 421,000,000 distinct triples written
  Partitioned compression: HG005_GRCh38: cottas-merge merging — 421,250,000 triples · 421,250,000 distinct triples written
  Partitioned compression: HG005_GRCh38: cottas-merge merging — 421,500,000 triples · 421,500,000 distinct triples written
  Partitioned compression: HG005_GRCh38: cottas-merge merging — 421,750,000 triples · 421,750,000 distinct triples written
  Partitioned compression: HG005_GRCh38: cottas-merge merging — 422,000,000 triples · 422,000,000 distinct triples written
  Partitioned compression: HG005_GRCh38: cottas-merge merging — 422,250,000 triples · 422,250,000 distinct triples written
  Partitioned compression: HG005_GRCh38: cottas-merge merging — 422,500,000 triples · 422,500,000 distinct triples written
  Partitioned compression: HG005_GRCh38: cottas-merge merging — 422,750,000 triples · 422,750,000 distinct triples written
  Partitioned compression: HG005_GRCh38: cottas-merge merging — 423,000,000 triples · 423,000,000 distinct triples written
  Partitioned compression: HG005_GRCh38: cottas-merge merging — 423,250,000 triples · 423,250,000 distinct triples written
  Partitioned compression: HG005_GRCh38: cottas-merge merging — 423,500,000 triples · 423,500,000 distinct triples written
  Partitioned compression: HG005_GRCh38: cottas-merge merging — 423,750,000 triples · 423,750,000 distinct triples written
  Partitioned compression: HG005_GRCh38: cottas-merge merging — 424,000,000 triples · 424,000,000 distinct triples written
  Partitioned compression: HG005_GRCh38: cottas-merge merging — 424,250,000 triples · 424,250,000 distinct triples written
  Partitioned compression: HG005_GRCh38: cottas-merge merging — 424,500,000 triples · 424,500,000 distinct triples written
  Partitioned compression: HG005_GRCh38: cottas-merge merging — 424,750,000 triples · 424,750,000 distinct triples written
  Partitioned compression: HG005_GRCh38: cottas-merge merging — 425,000,000 triples · 425,000,000 distinct triples written
  Partitioned compression: HG005_GRCh38: cottas-merge merging — 425,250,000 triples · 425,250,000 distinct triples written
  Partitioned compression: HG005_GRCh38: cottas-merge merging — 425,500,000 triples · 425,500,000 distinct triples written
  Partitioned compression: HG005_GRCh38: cottas-merge merging — 425,750,000 triples · 425,750,000 distinct triples written
  Partitioned compression: HG005_GRCh38: cottas-merge merging — 426,000,000 triples · 426,000,000 distinct triples written
  Partitioned compression: HG005_GRCh38: cottas-merge merging — 426,250,000 triples · 426,250,000 distinct triples written
  Partitioned compression: HG005_GRCh38: cottas-merge merging — 426,500,000 triples · 426,500,000 distinct triples written
  Partitioned compression: HG005_GRCh38: cottas-merge merging — 426,750,000 triples · 426,750,000 distinct triples written
  Partitioned compression: HG005_GRCh38: cottas-merge merging — 427,000,000 triples · 427,000,000 distinct triples written
  Partitioned compression: HG005_GRCh38: cottas-merge merging — 427,250,000 triples · 427,250,000 distinct triples written
  Partitioned compression: HG005_GRCh38: cottas-merge merging — 427,500,000 triples · 427,500,000 distinct triples written
  Partitioned compression: HG005_GRCh38: cottas-merge merging — 427,750,000 triples · 427,750,000 distinct triples written
  Partitioned compression: HG005_GRCh38: cottas-merge merging — 428,000,000 triples · 428,000,000 distinct triples written
  Partitioned compression: HG005_GRCh38: cottas-merge merging — 428,250,000 triples · 428,250,000 distinct triples written
  Partitioned compression: HG005_GRCh38: cottas-merge merging — 428,500,000 triples · 428,500,000 distinct triples written
  Partitioned compression: HG005_GRCh38: cottas-merge merging — 428,750,000 triples · 428,750,000 distinct triples written
  Partitioned compression: HG005_GRCh38: cottas-merge merging — 429,000,000 triples · 429,000,000 distinct triples written
  Partitioned compression: HG005_GRCh38: cottas-merge merging — 429,250,000 triples · 429,250,000 distinct triples written
  Partitioned compression: HG005_GRCh38: cottas-merge merging — 429,500,000 triples · 429,500,000 distinct triples written
  Partitioned compression: HG005_GRCh38: cottas-merge merging — 429,750,000 triples · 429,750,000 distinct triples written
  Partitioned compression: HG005_GRCh38: cottas-merge merging — 430,000,000 triples · 430,000,000 distinct triples written
  Partitioned compression: HG005_GRCh38: cottas-merge merging — 430,250,000 triples · 430,250,000 distinct triples written
  Partitioned compression: HG005_GRCh38: cottas-merge merging — 430,500,000 triples · 430,500,000 distinct triples written
  Partitioned compression: HG005_GRCh38: cottas-merge merging — 430,750,000 triples · 430,750,000 distinct triples written
  Partitioned compression: HG005_GRCh38: cottas-merge merging — 431,000,000 triples · 431,000,000 distinct triples written
  Partitioned compression: HG005_GRCh38: cottas-merge merging — 431,250,000 triples · 431,250,000 distinct triples written
  Partitioned compression: HG005_GRCh38: cottas-merge merging — 431,500,000 triples · 431,500,000 distinct triples written
  Partitioned compression: HG005_GRCh38: cottas-merge merging — 431,750,000 triples · 431,750,000 distinct triples written
  Partitioned compression: HG005_GRCh38: cottas-merge merging — 432,000,000 triples · 432,000,000 distinct triples written
  Partitioned compression: HG005_GRCh38: cottas-merge merging — 432,250,000 triples · 432,250,000 distinct triples written
  Partitioned compression: HG005_GRCh38: cottas-merge merging — 432,500,000 triples · 432,500,000 distinct triples written
  Partitioned compression: HG005_GRCh38: cottas-merge merging — 432,750,000 triples · 432,750,000 distinct triples written
  Partitioned compression: HG005_GRCh38: cottas-merge merging — 433,000,000 triples · 433,000,000 distinct triples written
  Partitioned compression: HG005_GRCh38: cottas-merge merging — 433,250,000 triples · 433,250,000 distinct triples written
  Partitioned compression: HG005_GRCh38: cottas-merge merging — 433,500,000 triples · 433,500,000 distinct triples written
  Partitioned compression: HG005_GRCh38: cottas-merge merging — 433,750,000 triples · 433,750,000 distinct triples written
  Partitioned compression: HG005_GRCh38: cottas-merge merging — 434,000,000 triples · 434,000,000 distinct triples written
  Partitioned compression: HG005_GRCh38: cottas-merge merging — 434,250,000 triples · 434,250,000 distinct triples written
  Partitioned compression: HG005_GRCh38: cottas-merge merging — 434,500,000 triples · 434,500,000 distinct triples written
  Partitioned compression: HG005_GRCh38: cottas-merge merging — 434,750,000 triples · 434,750,000 distinct triples written
  Partitioned compression: HG005_GRCh38: cottas-merge merging — 435,000,000 triples · 435,000,000 distinct triples written
  Partitioned compression: HG005_GRCh38: cottas-merge merging — 435,250,000 triples · 435,250,000 distinct triples written
  Partitioned compression: HG005_GRCh38: cottas-merge merging — 435,500,000 triples · 435,500,000 distinct triples written
  Partitioned compression: HG005_GRCh38: cottas-merge merging — 435,750,000 triples · 435,750,000 distinct triples written
  Partitioned compression: HG005_GRCh38: cottas-merge merging — 436,000,000 triples · 436,000,000 distinct triples written
  Partitioned compression: HG005_GRCh38: cottas-merge merging — 436,250,000 triples · 436,250,000 distinct triples written
  Partitioned compression: HG005_GRCh38: cottas-merge merging — 436,500,000 triples · 436,500,000 distinct triples written
  Partitioned compression: HG005_GRCh38: cottas-merge merging — 436,750,000 triples · 436,750,000 distinct triples written
  Partitioned compression: HG005_GRCh38: cottas-merge merging — 437,000,000 triples · 437,000,000 distinct triples written
  Partitioned compression: HG005_GRCh38: cottas-merge merging — 437,250,000 triples · 437,250,000 distinct triples written
  Partitioned compression: HG005_GRCh38: cottas-merge merging — 437,500,000 triples · 437,500,000 distinct triples written
  Partitioned compression: HG005_GRCh38: cottas-merge merging — 437,750,000 triples · 437,750,000 distinct triples written
  Partitioned compression: HG005_GRCh38: cottas-merge merging — 438,000,000 triples · 438,000,000 distinct triples written
  Partitioned compression: HG005_GRCh38: cottas-merge merging — 438,250,000 triples · 438,250,000 distinct triples written
  Partitioned compression: HG005_GRCh38: cottas-merge merging — 438,500,000 triples · 438,500,000 distinct triples written
  Partitioned compression: HG005_GRCh38: cottas-merge merging — 438,750,000 triples · 438,750,000 distinct triples written
  Partitioned compression: HG005_GRCh38: cottas-merge merging — 439,000,000 triples · 439,000,000 distinct triples written
  Partitioned compression: HG005_GRCh38: cottas-merge merging — 439,250,000 triples · 439,250,000 distinct triples written
  Partitioned compression: HG005_GRCh38: cottas-merge merging — 439,500,000 triples · 439,500,000 distinct triples written
  Partitioned compression: HG005_GRCh38: cottas-merge merging — 439,750,000 triples · 439,750,000 distinct triples written
  Partitioned compression: HG005_GRCh38: cottas-merge merging — 440,000,000 triples · 440,000,000 distinct triples written
  Partitioned compression: HG005_GRCh38: cottas-merge merging — 440,250,000 triples · 440,250,000 distinct triples written
  Partitioned compression: HG005_GRCh38: cottas-merge merging — 440,500,000 triples · 440,500,000 distinct triples written
  Partitioned compression: HG005_GRCh38: cottas-merge merging — 440,750,000 triples · 440,750,000 distinct triples written
  Partitioned compression: HG005_GRCh38: cottas-merge merging — 441,000,000 triples · 441,000,000 distinct triples written
  Partitioned compression: HG005_GRCh38: cottas-merge merging — 441,250,000 triples · 441,250,000 distinct triples written
  Partitioned compression: HG005_GRCh38: cottas-merge merging — 441,500,000 triples · 441,500,000 distinct triples written
  Partitioned compression: HG005_GRCh38: cottas-merge merging — 441,750,000 triples · 441,750,000 distinct triples written
  Partitioned compression: HG005_GRCh38: cottas-merge merging — 442,000,000 triples · 442,000,000 distinct triples written
  Partitioned compression: HG005_GRCh38: cottas-merge merging — 442,250,000 triples · 442,250,000 distinct triples written
  Partitioned compression: HG005_GRCh38: cottas-merge merging — 442,500,000 triples · 442,500,000 distinct triples written
  Partitioned compression: HG005_GRCh38: cottas-merge merging — 442,750,000 triples · 442,750,000 distinct triples written
  Partitioned compression: HG005_GRCh38: cottas-merge merging — 443,000,000 triples · 443,000,000 distinct triples written
  Partitioned compression: HG005_GRCh38: cottas-merge merging — 443,250,000 triples · 443,250,000 distinct triples written
  Partitioned compression: HG005_GRCh38: cottas-merge merging — 443,500,000 triples · 443,500,000 distinct triples written
  Partitioned compression: HG005_GRCh38: cottas-merge merging — 443,750,000 triples · 443,750,000 distinct triples written
  Partitioned compression: HG005_GRCh38: cottas-merge merging — 444,000,000 triples · 444,000,000 distinct triples written
  Partitioned compression: HG005_GRCh38: cottas-merge merging — 444,250,000 triples · 444,250,000 distinct triples written
  Partitioned compression: HG005_GRCh38: cottas-merge merging — 444,500,000 triples · 444,500,000 distinct triples written
  Partitioned compression: HG005_GRCh38: cottas-merge merging — 444,750,000 triples · 444,750,000 distinct triples written
  Partitioned compression: HG005_GRCh38: cottas-merge merging — 445,000,000 triples · 445,000,000 distinct triples written
  Partitioned compression: HG005_GRCh38: cottas-merge merging — 445,250,000 triples · 445,250,000 distinct triples written
  Partitioned compression: HG005_GRCh38: cottas-merge merging — 445,500,000 triples · 445,500,000 distinct triples written
  Partitioned compression: HG005_GRCh38: cottas-merge merging — 445,750,000 triples · 445,750,000 distinct triples written
  Partitioned compression: HG005_GRCh38: cottas-merge merging — 446,000,000 triples · 446,000,000 distinct triples written
  Partitioned compression: HG005_GRCh38: cottas-merge merging — 446,250,000 triples · 446,250,000 distinct triples written
  Partitioned compression: HG005_GRCh38: cottas-merge merging — 446,500,000 triples · 446,500,000 distinct triples written
  Partitioned compression: HG005_GRCh38: cottas-merge merging — 446,750,000 triples · 446,750,000 distinct triples written
  Partitioned compression: HG005_GRCh38: cottas-merge merging — 447,000,000 triples · 447,000,000 distinct triples written
  Partitioned compression: HG005_GRCh38: cottas-merge merging — 447,250,000 triples · 447,250,000 distinct triples written
  Partitioned compression: HG005_GRCh38: cottas-merge merging — 447,500,000 triples · 447,500,000 distinct triples written
  Partitioned compression: HG005_GRCh38: cottas-merge merging — 447,750,000 triples · 447,750,000 distinct triples written
  Partitioned compression: HG005_GRCh38: cottas-merge merging — 448,000,000 triples · 448,000,000 distinct triples written
  Partitioned compression: HG005_GRCh38: cottas-merge merging — 448,250,000 triples · 448,250,000 distinct triples written
  Partitioned compression: HG005_GRCh38: cottas-merge merging — 448,500,000 triples · 448,500,000 distinct triples written
  Partitioned compression: HG005_GRCh38: cottas-merge merging — 448,750,000 triples · 448,750,000 distinct triples written
  Partitioned compression: HG005_GRCh38: cottas-merge merging — 449,000,000 triples · 449,000,000 distinct triples written
  Partitioned compression: HG005_GRCh38: cottas-merge merging — 449,250,000 triples · 449,250,000 distinct triples written
  Partitioned compression: HG005_GRCh38: cottas-merge merging — 449,500,000 triples · 449,500,000 distinct triples written
  Partitioned compression: HG005_GRCh38: cottas-merge merging — 449,750,000 triples · 449,750,000 distinct triples written
  Partitioned compression: HG005_GRCh38: cottas-merge merging — 450,000,000 triples · 450,000,000 distinct triples written
  Partitioned compression: HG005_GRCh38: cottas-merge merging — 450,250,000 triples · 450,250,000 distinct triples written
  Partitioned compression: HG005_GRCh38: cottas-merge merging — 450,500,000 triples · 450,500,000 distinct triples written
  Partitioned compression: HG005_GRCh38: cottas-merge merging — 450,750,000 triples · 450,750,000 distinct triples written
  Partitioned compression: HG005_GRCh38: cottas-merge merging — 451,000,000 triples · 451,000,000 distinct triples written
  Partitioned compression: HG005_GRCh38: cottas-merge merging — 451,250,000 triples · 451,250,000 distinct triples written
  Partitioned compression: HG005_GRCh38: cottas-merge merging — 451,500,000 triples · 451,500,000 distinct triples written
  Partitioned compression: HG005_GRCh38: cottas-merge merging — 451,750,000 triples · 451,750,000 distinct triples written
  Partitioned compression: HG005_GRCh38: cottas-merge merging — 452,000,000 triples · 452,000,000 distinct triples written
  Partitioned compression: HG005_GRCh38: cottas-merge merging — 452,250,000 triples · 452,250,000 distinct triples written
  Partitioned compression: HG005_GRCh38: cottas-merge merging — 452,500,000 triples · 452,500,000 distinct triples written
  Partitioned compression: HG005_GRCh38: cottas-merge merging — 452,750,000 triples · 452,750,000 distinct triples written
  Partitioned compression: HG005_GRCh38: cottas-merge merging — 453,000,000 triples · 453,000,000 distinct triples written
  Partitioned compression: HG005_GRCh38: cottas-merge merging — 453,250,000 triples · 453,250,000 distinct triples written
  Partitioned compression: HG005_GRCh38: cottas-merge merging — 453,500,000 triples · 453,500,000 distinct triples written
  Partitioned compression: HG005_GRCh38: cottas-merge merging — 453,750,000 triples · 453,750,000 distinct triples written
  Partitioned compression: HG005_GRCh38: cottas-merge merging — 454,000,000 triples · 454,000,000 distinct triples written
  Partitioned compression: HG005_GRCh38: cottas-merge merging — 454,250,000 triples · 454,250,000 distinct triples written
  Partitioned compression: HG005_GRCh38: cottas-merge merging — 454,500,000 triples · 454,500,000 distinct triples written
  Partitioned compression: HG005_GRCh38: cottas-merge merging — 454,750,000 triples · 454,750,000 distinct triples written
  Partitioned compression: HG005_GRCh38: cottas-merge merging — 455,000,000 triples · 455,000,000 distinct triples written
  Partitioned compression: HG005_GRCh38: cottas-merge merging — 455,250,000 triples · 455,250,000 distinct triples written
  Partitioned compression: HG005_GRCh38: cottas-merge merging — 455,500,000 triples · 455,500,000 distinct triples written
  Partitioned compression: HG005_GRCh38: cottas-merge merging — 455,750,000 triples · 455,750,000 distinct triples written
  Partitioned compression: HG005_GRCh38: cottas-merge merging — 456,000,000 triples · 456,000,000 distinct triples written
  Partitioned compression: HG005_GRCh38: cottas-merge merging — 456,250,000 triples · 456,250,000 distinct triples written
  Partitioned compression: HG005_GRCh38: cottas-merge merging — 456,500,000 triples · 456,500,000 distinct triples written
  Partitioned compression: HG005_GRCh38: cottas-merge merging — 456,750,000 triples · 456,750,000 distinct triples written
  Partitioned compression: HG005_GRCh38: cottas-merge merging — 457,000,000 triples · 457,000,000 distinct triples written
  Partitioned compression: HG005_GRCh38: cottas-merge merging — 457,250,000 triples · 457,250,000 distinct triples written
  Partitioned compression: HG005_GRCh38: cottas-merge merging — 457,500,000 triples · 457,500,000 distinct triples written
  Partitioned compression: HG005_GRCh38: cottas-merge merging — 457,750,000 triples · 457,750,000 distinct triples written
  Partitioned compression: HG005_GRCh38: cottas-merge merging — 458,000,000 triples · 458,000,000 distinct triples written
  Partitioned compression: HG005_GRCh38: cottas-merge merging — 458,250,000 triples · 458,250,000 distinct triples written
  Partitioned compression: HG005_GRCh38: cottas-merge merging — 458,500,000 triples · 458,500,000 distinct triples written
  Partitioned compression: HG005_GRCh38: cottas-merge merging — 458,750,000 triples · 458,750,000 distinct triples written
  Partitioned compression: HG005_GRCh38: cottas-merge merging — 459,000,000 triples · 459,000,000 distinct triples written
  Partitioned compression: HG005_GRCh38: cottas-merge merging — 459,250,000 triples · 459,250,000 distinct triples written
  Partitioned compression: HG005_GRCh38: cottas-merge merging — 459,500,000 triples · 459,500,000 distinct triples written
  Partitioned compression: HG005_GRCh38: cottas-merge merging — 459,750,000 triples · 459,750,000 distinct triples written
  Partitioned compression: HG005_GRCh38: cottas-merge merging — 460,000,000 triples · 460,000,000 distinct triples written
  Partitioned compression: HG005_GRCh38: cottas-merge merging — 460,250,000 triples · 460,250,000 distinct triples written
  Partitioned compression: HG005_GRCh38: cottas-merge merging — 460,500,000 triples · 460,500,000 distinct triples written
  Partitioned compression: HG005_GRCh38: cottas-merge merging — 460,750,000 triples · 460,750,000 distinct triples written
  Partitioned compression: HG005_GRCh38: cottas-merge merging — 461,000,000 triples · 461,000,000 distinct triples written
  Partitioned compression: HG005_GRCh38: cottas-merge merging — 461,250,000 triples · 461,250,000 distinct triples written
  Partitioned compression: HG005_GRCh38: cottas-merge merging — 461,500,000 triples · 461,500,000 distinct triples written
  Partitioned compression: HG005_GRCh38: cottas-merge merging — 461,750,000 triples · 461,750,000 distinct triples written
  Partitioned compression: HG005_GRCh38: cottas-merge merging — 462,000,000 triples · 462,000,000 distinct triples written
  Partitioned compression: HG005_GRCh38: cottas-merge merging — 462,250,000 triples · 462,250,000 distinct triples written
  Partitioned compression: HG005_GRCh38: cottas-merge merging — 462,500,000 triples · 462,500,000 distinct triples written
  Partitioned compression: HG005_GRCh38: cottas-merge merging — 462,750,000 triples · 462,750,000 distinct triples written
  Partitioned compression: HG005_GRCh38: cottas-merge merging — 463,000,000 triples · 463,000,000 distinct triples written
  Partitioned compression: HG005_GRCh38: cottas-merge merging — 463,250,000 triples · 463,250,000 distinct triples written
  Partitioned compression: HG005_GRCh38: cottas-merge merging — 463,500,000 triples · 463,500,000 distinct triples written
  Partitioned compression: HG005_GRCh38: cottas-merge merging — 463,750,000 triples · 463,750,000 distinct triples written
  Partitioned compression: HG005_GRCh38: cottas-merge merging — 464,000,000 triples · 464,000,000 distinct triples written
  Partitioned compression: HG005_GRCh38: cottas-merge merging — 464,250,000 triples · 464,250,000 distinct triples written
  Partitioned compression: HG005_GRCh38: cottas-merge merging — 464,500,000 triples · 464,500,000 distinct triples written
  Partitioned compression: HG005_GRCh38: cottas-merge merging — 464,750,000 triples · 464,750,000 distinct triples written
  Partitioned compression: HG005_GRCh38: cottas-merge merging — 465,000,000 triples · 465,000,000 distinct triples written
  Partitioned compression: HG005_GRCh38: cottas-merge merging — 465,250,000 triples · 465,250,000 distinct triples written
  Partitioned compression: HG005_GRCh38: cottas-merge merging — 465,500,000 triples · 465,500,000 distinct triples written
  Partitioned compression: HG005_GRCh38: cottas-merge merging — 465,750,000 triples · 465,750,000 distinct triples written
  Partitioned compression: HG005_GRCh38: cottas-merge merging — 466,000,000 triples · 466,000,000 distinct triples written
  Partitioned compression: HG005_GRCh38: cottas-merge merging — 466,250,000 triples · 466,250,000 distinct triples written
  Partitioned compression: HG005_GRCh38: cottas-merge merging — 466,500,000 triples · 466,500,000 distinct triples written
  Partitioned compression: HG005_GRCh38: cottas-merge merging — 466,750,000 triples · 466,750,000 distinct triples written
  Partitioned compression: HG005_GRCh38: cottas-merge merging — 467,000,000 triples · 467,000,000 distinct triples written
  Partitioned compression: HG005_GRCh38: cottas-merge merging — 467,250,000 triples · 467,250,000 distinct triples written
  Partitioned compression: HG005_GRCh38: cottas-merge merging — 467,500,000 triples · 467,500,000 distinct triples written
  Partitioned compression: HG005_GRCh38: cottas-merge merging — 467,750,000 triples · 467,750,000 distinct triples written
  Partitioned compression: HG005_GRCh38: cottas-merge merging — 468,000,000 triples · 468,000,000 distinct triples written
  Partitioned compression: HG005_GRCh38: cottas-merge merging — 468,250,000 triples · 468,250,000 distinct triples written
  Partitioned compression: HG005_GRCh38: cottas-merge merging — 468,500,000 triples · 468,500,000 distinct triples written
  Partitioned compression: HG005_GRCh38: cottas-merge merging — 468,750,000 triples · 468,750,000 distinct triples written
  Partitioned compression: HG005_GRCh38: cottas-merge merging — 469,000,000 triples · 469,000,000 distinct triples written
  Partitioned compression: HG005_GRCh38: cottas-merge merging — 469,250,000 triples · 469,250,000 distinct triples written
  Partitioned compression: HG005_GRCh38: cottas-merge merging — 469,500,000 triples · 469,500,000 distinct triples written
  Partitioned compression: HG005_GRCh38: cottas-merge merging — 469,750,000 triples · 469,750,000 distinct triples written
  Partitioned compression: HG005_GRCh38: cottas-merge merging — 470,000,000 triples · 470,000,000 distinct triples written
  Partitioned compression: HG005_GRCh38: cottas-merge merging — 470,250,000 triples · 470,250,000 distinct triples written
  Partitioned compression: HG005_GRCh38: cottas-merge merging — 470,500,000 triples · 470,500,000 distinct triples written
  Partitioned compression: HG005_GRCh38: cottas-merge merging — 470,750,000 triples · 470,750,000 distinct triples written
  Partitioned compression: HG005_GRCh38: cottas-merge merging — 471,000,000 triples · 471,000,000 distinct triples written
  Partitioned compression: HG005_GRCh38: cottas-merge merging — 471,250,000 triples · 471,250,000 distinct triples written
  Partitioned compression: HG005_GRCh38: cottas-merge merging — 471,500,000 triples · 471,500,000 distinct triples written
  Partitioned compression: HG005_GRCh38: cottas-merge merging — 471,750,000 triples · 471,750,000 distinct triples written
  Partitioned compression: HG005_GRCh38: cottas-merge merging — 472,000,000 triples · 472,000,000 distinct triples written
  Partitioned compression: HG005_GRCh38: cottas-merge merging — 472,250,000 triples · 472,250,000 distinct triples written
  Partitioned compression: HG005_GRCh38: cottas-merge merging — 472,500,000 triples · 472,500,000 distinct triples written
  Partitioned compression: HG005_GRCh38: cottas-merge merging — 472,750,000 triples · 472,750,000 distinct triples written
  Partitioned compression: HG005_GRCh38: cottas-merge merging — 473,000,000 triples · 473,000,000 distinct triples written
  Partitioned compression: HG005_GRCh38: cottas-merge merging — 473,250,000 triples · 473,250,000 distinct triples written
  Partitioned compression: HG005_GRCh38: cottas-merge merging — 473,500,000 triples · 473,500,000 distinct triples written
  Partitioned compression: HG005_GRCh38: cottas-merge merging — 473,750,000 triples · 473,750,000 distinct triples written
  Partitioned compression: HG005_GRCh38: cottas-merge merging — 474,000,000 triples · 474,000,000 distinct triples written
  Partitioned compression: HG005_GRCh38: cottas-merge merging — 474,250,000 triples · 474,250,000 distinct triples written
  Partitioned compression: HG005_GRCh38: cottas-merge merging — 474,500,000 triples · 474,500,000 distinct triples written
  Partitioned compression: HG005_GRCh38: cottas-merge merging — 474,750,000 triples · 474,750,000 distinct triples written
  Partitioned compression: HG005_GRCh38: cottas-merge merging — 475,000,000 triples · 475,000,000 distinct triples written
  Partitioned compression: HG005_GRCh38: cottas-merge merging — 475,250,000 triples · 475,250,000 distinct triples written
  Partitioned compression: HG005_GRCh38: cottas-merge merging — 475,500,000 triples · 475,500,000 distinct triples written
  Partitioned compression: HG005_GRCh38: cottas-merge merging — 475,750,000 triples · 475,750,000 distinct triples written
  Partitioned compression: HG005_GRCh38: cottas-merge merging — 476,000,000 triples · 476,000,000 distinct triples written
  Partitioned compression: HG005_GRCh38: cottas-merge merging — 476,250,000 triples · 476,250,000 distinct triples written
  Partitioned compression: HG005_GRCh38: cottas-merge merging — 476,500,000 triples · 476,500,000 distinct triples written
  Partitioned compression: HG005_GRCh38: cottas-merge merging — 476,750,000 triples · 476,750,000 distinct triples written
  Partitioned compression: HG005_GRCh38: cottas-merge merging — 477,000,000 triples · 477,000,000 distinct triples written
  Partitioned compression: HG005_GRCh38: cottas-merge merging — 477,250,000 triples · 477,250,000 distinct triples written
  Partitioned compression: HG005_GRCh38: cottas-merge merging — 477,500,000 triples · 477,500,000 distinct triples written
  Partitioned compression: HG005_GRCh38: cottas-merge merging — 477,750,000 triples · 477,750,000 distinct triples written
  Partitioned compression: HG005_GRCh38: cottas-merge merging — 478,000,000 triples · 478,000,000 distinct triples written
  Partitioned compression: HG005_GRCh38: cottas-merge merging — 478,250,000 triples · 478,250,000 distinct triples written
  Partitioned compression: HG005_GRCh38: cottas-merge merging — 478,500,000 triples · 478,500,000 distinct triples written
  Partitioned compression: HG005_GRCh38: cottas-merge merging — 478,750,000 triples · 478,750,000 distinct triples written
  Partitioned compression: HG005_GRCh38: cottas-merge merging — 479,000,000 triples · 479,000,000 distinct triples written
  Partitioned compression: HG005_GRCh38: cottas-merge merging — 479,250,000 triples · 479,250,000 distinct triples written
  Partitioned compression: HG005_GRCh38: cottas-merge merging — 479,500,000 triples · 479,500,000 distinct triples written
  Partitioned compression: HG005_GRCh38: cottas-merge merging — 479,750,000 triples · 479,750,000 distinct triples written
  Partitioned compression: HG005_GRCh38: cottas-merge merging — 480,000,000 triples · 480,000,000 distinct triples written
  Partitioned compression: HG005_GRCh38: cottas-merge merging — 480,250,000 triples · 480,250,000 distinct triples written
  Partitioned compression: HG005_GRCh38: cottas-merge merging — 480,500,000 triples · 480,500,000 distinct triples written
  Partitioned compression: HG005_GRCh38: cottas-merge merging — 480,750,000 triples · 480,750,000 distinct triples written
  Partitioned compression: HG005_GRCh38: cottas-merge merging — 481,000,000 triples · 481,000,000 distinct triples written
  Partitioned compression: HG005_GRCh38: cottas-merge merging — 481,250,000 triples · 481,250,000 distinct triples written
  Partitioned compression: HG005_GRCh38: cottas-merge merging — 481,500,000 triples · 481,500,000 distinct triples written
  Partitioned compression: HG005_GRCh38: cottas-merge merging — 481,750,000 triples · 481,750,000 distinct triples written
  Partitioned compression: HG005_GRCh38: cottas-merge merging — 482,000,000 triples · 482,000,000 distinct triples written
  Partitioned compression: HG005_GRCh38: cottas-merge merging — 482,250,000 triples · 482,250,000 distinct triples written
  Partitioned compression: HG005_GRCh38: cottas-merge merging — 482,500,000 triples · 482,500,000 distinct triples written
  Partitioned compression: HG005_GRCh38: cottas-merge merging — 482,750,000 triples · 482,750,000 distinct triples written
  Partitioned compression: HG005_GRCh38: cottas-merge merging — 483,000,000 triples · 483,000,000 distinct triples written
  Partitioned compression: HG005_GRCh38: cottas-merge merging — 483,250,000 triples · 483,250,000 distinct triples written
  Partitioned compression: HG005_GRCh38: cottas-merge merging — 483,500,000 triples · 483,500,000 distinct triples written
  Partitioned compression: HG005_GRCh38: cottas-merge merging — 483,750,000 triples · 483,750,000 distinct triples written
  Partitioned compression: HG005_GRCh38: cottas-merge merging — 484,000,000 triples · 484,000,000 distinct triples written
  Partitioned compression: HG005_GRCh38: cottas-merge merging — 484,250,000 triples · 484,250,000 distinct triples written
  Partitioned compression: HG005_GRCh38: cottas-merge merging — 484,500,000 triples · 484,500,000 distinct triples written
  Partitioned compression: HG005_GRCh38: cottas-merge merging — 484,750,000 triples · 484,750,000 distinct triples written
  Partitioned compression: HG005_GRCh38: cottas-merge merging — 485,000,000 triples · 485,000,000 distinct triples written
  Partitioned compression: HG005_GRCh38: cottas-merge merging — 485,250,000 triples · 485,250,000 distinct triples written
  Partitioned compression: HG005_GRCh38: cottas-merge merging — 485,500,000 triples · 485,500,000 distinct triples written
  Partitioned compression: HG005_GRCh38: cottas-merge merging — 485,750,000 triples · 485,750,000 distinct triples written
  Partitioned compression: HG005_GRCh38: cottas-merge merging — 486,000,000 triples · 486,000,000 distinct triples written
  Partitioned compression: HG005_GRCh38: cottas-merge merging — 486,250,000 triples · 486,250,000 distinct triples written
  Partitioned compression: HG005_GRCh38: cottas-merge merging — 486,500,000 triples · 486,500,000 distinct triples written
  Partitioned compression: HG005_GRCh38: cottas-merge merging — 486,750,000 triples · 486,750,000 distinct triples written
  Partitioned compression: HG005_GRCh38: cottas-merge merging — 487,000,000 triples · 487,000,000 distinct triples written
  Partitioned compression: HG005_GRCh38: cottas-merge merging — 487,250,000 triples · 487,250,000 distinct triples written
  Partitioned compression: HG005_GRCh38: cottas-merge merging — 487,500,000 triples · 487,500,000 distinct triples written
  Partitioned compression: HG005_GRCh38: cottas-merge merging — 487,750,000 triples · 487,750,000 distinct triples written
  Partitioned compression: HG005_GRCh38: cottas-merge merging — 488,000,000 triples · 488,000,000 distinct triples written
  Partitioned compression: HG005_GRCh38: cottas-merge merging — 488,250,000 triples · 488,250,000 distinct triples written
  Partitioned compression: HG005_GRCh38: cottas-merge merging — 488,500,000 triples · 488,500,000 distinct triples written
  Partitioned compression: HG005_GRCh38: cottas-merge merging — 488,750,000 triples · 488,750,000 distinct triples written
  Partitioned compression: HG005_GRCh38: cottas-merge merging — 489,000,000 triples · 489,000,000 distinct triples written
  Partitioned compression: HG005_GRCh38: cottas-merge merging — 489,250,000 triples · 489,250,000 distinct triples written
  Partitioned compression: HG005_GRCh38: cottas-merge merging — 489,500,000 triples · 489,500,000 distinct triples written
  Partitioned compression: HG005_GRCh38: cottas-merge merging — 489,750,000 triples · 489,750,000 distinct triples written
  Partitioned compression: HG005_GRCh38: cottas-merge merging — 490,000,000 triples · 490,000,000 distinct triples written
  Partitioned compression: HG005_GRCh38: cottas-merge merging — 490,250,000 triples · 490,250,000 distinct triples written
  Partitioned compression: HG005_GRCh38: cottas-merge merging — 490,500,000 triples · 490,500,000 distinct triples written
  Partitioned compression: HG005_GRCh38: cottas-merge merging — 490,750,000 triples · 490,750,000 distinct triples written
  Partitioned compression: HG005_GRCh38: cottas-merge merging — 491,000,000 triples · 491,000,000 distinct triples written
  Partitioned compression: HG005_GRCh38: cottas-merge merging — 491,250,000 triples · 491,250,000 distinct triples written
  Partitioned compression: HG005_GRCh38: cottas-merge merging — 491,500,000 triples · 491,500,000 distinct triples written
  Partitioned compression: HG005_GRCh38: cottas-merge merging — 491,750,000 triples · 491,750,000 distinct triples written
  Partitioned compression: HG005_GRCh38: cottas-merge merging — 492,000,000 triples · 492,000,000 distinct triples written
  Partitioned compression: HG005_GRCh38: cottas-merge merging — 492,250,000 triples · 492,250,000 distinct triples written
  Partitioned compression: HG005_GRCh38: cottas-merge merging — 492,500,000 triples · 492,500,000 distinct triples written
  Partitioned compression: HG005_GRCh38: cottas-merge merging — 492,750,000 triples · 492,750,000 distinct triples written
  Partitioned compression: HG005_GRCh38: cottas-merge merging — 493,000,000 triples · 493,000,000 distinct triples written
  Partitioned compression: HG005_GRCh38: cottas-merge merging — 493,250,000 triples · 493,250,000 distinct triples written
  Partitioned compression: HG005_GRCh38: cottas-merge merging — 493,500,000 triples · 493,500,000 distinct triples written
  Partitioned compression: HG005_GRCh38: cottas-merge merging — 493,750,000 triples · 493,750,000 distinct triples written
  Partitioned compression: HG005_GRCh38: cottas-merge merging — 494,000,000 triples · 494,000,000 distinct triples written
  Partitioned compression: HG005_GRCh38: cottas-merge merging — 494,250,000 triples · 494,250,000 distinct triples written
  Partitioned compression: HG005_GRCh38: cottas-merge merging — 494,500,000 triples · 494,500,000 distinct triples written
  Partitioned compression: HG005_GRCh38: cottas-merge merging — 494,750,000 triples · 494,750,000 distinct triples written
  Partitioned compression: HG005_GRCh38: cottas-merge merging — 495,000,000 triples · 495,000,000 distinct triples written
  Partitioned compression: HG005_GRCh38: cottas-merge merging — 495,250,000 triples · 495,250,000 distinct triples written
  Partitioned compression: HG005_GRCh38: cottas-merge merging — 495,500,000 triples · 495,500,000 distinct triples written
  Partitioned compression: HG005_GRCh38: cottas-merge merging — 495,750,000 triples · 495,750,000 distinct triples written
  Partitioned compression: HG005_GRCh38: cottas-merge merging — 496,000,000 triples · 496,000,000 distinct triples written
  Partitioned compression: HG005_GRCh38: cottas-merge merging — 496,250,000 triples · 496,250,000 distinct triples written
  Partitioned compression: HG005_GRCh38: cottas-merge merging — 496,500,000 triples · 496,500,000 distinct triples written
  Partitioned compression: HG005_GRCh38: cottas-merge merging — 496,750,000 triples · 496,750,000 distinct triples written
  Partitioned compression: HG005_GRCh38: cottas-merge merging — 497,000,000 triples · 497,000,000 distinct triples written
  Partitioned compression: HG005_GRCh38: cottas-merge merging — 497,250,000 triples · 497,250,000 distinct triples written
  Partitioned compression: HG005_GRCh38: cottas-merge merging — 497,500,000 triples · 497,500,000 distinct triples written
  Partitioned compression: HG005_GRCh38: cottas-merge merging — 497,750,000 triples · 497,750,000 distinct triples written
  Partitioned compression: HG005_GRCh38: cottas-merge merging — 498,000,000 triples · 498,000,000 distinct triples written
  Partitioned compression: HG005_GRCh38: cottas-merge merging — 498,250,000 triples · 498,250,000 distinct triples written
  Partitioned compression: HG005_GRCh38: cottas-merge merging — 498,500,000 triples · 498,500,000 distinct triples written
  Partitioned compression: HG005_GRCh38: cottas-merge merging — 498,750,000 triples · 498,750,000 distinct triples written
  Partitioned compression: HG005_GRCh38: cottas-merge merging — 499,000,000 triples · 499,000,000 distinct triples written
  Partitioned compression: HG005_GRCh38: cottas-merge merging — 499,250,000 triples · 499,250,000 distinct triples written
  Partitioned compression: HG005_GRCh38: cottas-merge merging — 499,500,000 triples · 499,500,000 distinct triples written
  Partitioned compression: HG005_GRCh38: cottas-merge merging — 499,750,000 triples · 499,750,000 distinct triples written
  Partitioned compression: HG005_GRCh38: cottas-merge merging — 500,000,000 triples · 500,000,000 distinct triples written
  Partitioned compression: HG005_GRCh38: cottas-merge merging — 500,250,000 triples · 500,250,000 distinct triples written
  Partitioned compression: HG005_GRCh38: cottas-merge merging — 500,500,000 triples · 500,500,000 distinct triples written
  Partitioned compression: HG005_GRCh38: cottas-merge merging — 500,750,000 triples · 500,750,000 distinct triples written
  Partitioned compression: HG005_GRCh38: cottas-merge merging — 501,000,000 triples · 501,000,000 distinct triples written
  Partitioned compression: HG005_GRCh38: cottas-merge merging — 501,250,000 triples · 501,250,000 distinct triples written
  Partitioned compression: HG005_GRCh38: cottas-merge merging — 501,500,000 triples · 501,500,000 distinct triples written
  Partitioned compression: HG005_GRCh38: cottas-merge merging — 501,750,000 triples · 501,750,000 distinct triples written
  Partitioned compression: HG005_GRCh38: cottas-merge merging — 502,000,000 triples · 502,000,000 distinct triples written
  Partitioned compression: HG005_GRCh38: cottas-merge merging — 502,250,000 triples · 502,250,000 distinct triples written
  Partitioned compression: HG005_GRCh38: cottas-merge merging — 502,500,000 triples · 502,500,000 distinct triples written
  Partitioned compression: HG005_GRCh38: cottas-merge merging — 502,750,000 triples · 502,750,000 distinct triples written
  Partitioned compression: HG005_GRCh38: cottas-merge merging — 503,000,000 triples · 503,000,000 distinct triples written
  Partitioned compression: HG005_GRCh38: cottas-merge merging — 503,250,000 triples · 503,250,000 distinct triples written
  Partitioned compression: HG005_GRCh38: cottas-merge merging — 503,500,000 triples · 503,500,000 distinct triples written
  Partitioned compression: HG005_GRCh38: cottas-merge merging — 503,750,000 triples · 503,750,000 distinct triples written
  Partitioned compression: HG005_GRCh38: cottas-merge merging — 504,000,000 triples · 504,000,000 distinct triples written
  Partitioned compression: HG005_GRCh38: cottas-merge merging — 504,250,000 triples · 504,250,000 distinct triples written
  Partitioned compression: HG005_GRCh38: cottas-merge merging — 504,500,000 triples · 504,500,000 distinct triples written
  Partitioned compression: HG005_GRCh38: cottas-merge merging — 504,750,000 triples · 504,750,000 distinct triples written
  Partitioned compression: HG005_GRCh38: cottas-merge merging — 505,000,000 triples · 505,000,000 distinct triples written
  Partitioned compression: HG005_GRCh38: cottas-merge merging — 505,250,000 triples · 505,250,000 distinct triples written
  Partitioned compression: HG005_GRCh38: cottas-merge merging — 505,500,000 triples · 505,500,000 distinct triples written
  Partitioned compression: HG005_GRCh38: cottas-merge merging — 505,750,000 triples · 505,750,000 distinct triples written
  Partitioned compression: HG005_GRCh38: cottas-merge merging — 506,000,000 triples · 506,000,000 distinct triples written
  Partitioned compression: HG005_GRCh38: cottas-merge merging — 506,250,000 triples · 506,250,000 distinct triples written
  Partitioned compression: HG005_GRCh38: cottas-merge merging — 506,500,000 triples · 506,500,000 distinct triples written
  Partitioned compression: HG005_GRCh38: cottas-merge merging — 506,750,000 triples · 506,750,000 distinct triples written
  Partitioned compression: HG005_GRCh38: cottas-merge merging — 507,000,000 triples · 507,000,000 distinct triples written
  Partitioned compression: HG005_GRCh38: cottas-merge merging — 507,250,000 triples · 507,250,000 distinct triples written
  Partitioned compression: HG005_GRCh38: cottas-merge merging — 507,500,000 triples · 507,500,000 distinct triples written
  Partitioned compression: HG005_GRCh38: cottas-merge merging — 507,750,000 triples · 507,750,000 distinct triples written
  Partitioned compression: HG005_GRCh38: cottas-merge merging — 508,000,000 triples · 508,000,000 distinct triples written
  Partitioned compression: HG005_GRCh38: cottas-merge merging — 508,250,000 triples · 508,250,000 distinct triples written
  Partitioned compression: HG005_GRCh38: cottas-merge merging — 508,500,000 triples · 508,500,000 distinct triples written
  Partitioned compression: HG005_GRCh38: cottas-merge merging — 508,750,000 triples · 508,750,000 distinct triples written
  Partitioned compression: HG005_GRCh38: cottas-merge merging — 509,000,000 triples · 509,000,000 distinct triples written
  Partitioned compression: HG005_GRCh38: cottas-merge merging — 509,250,000 triples · 509,250,000 distinct triples written
  Partitioned compression: HG005_GRCh38: cottas-merge merging — 509,500,000 triples · 509,500,000 distinct triples written
  Partitioned compression: HG005_GRCh38: cottas-merge merging — 509,750,000 triples · 509,750,000 distinct triples written
  Partitioned compression: HG005_GRCh38: cottas-merge merging — 510,000,000 triples · 510,000,000 distinct triples written
  Partitioned compression: HG005_GRCh38: cottas-merge merging — 510,250,000 triples · 510,250,000 distinct triples written
  Partitioned compression: HG005_GRCh38: cottas-merge merging — 510,500,000 triples · 510,500,000 distinct triples written
  Partitioned compression: HG005_GRCh38: cottas-merge merging — 510,750,000 triples · 510,750,000 distinct triples written
  Partitioned compression: HG005_GRCh38: cottas-merge merging — 511,000,000 triples · 511,000,000 distinct triples written
  Partitioned compression: HG005_GRCh38: cottas-merge merging — 511,250,000 triples · 511,250,000 distinct triples written
  Partitioned compression: HG005_GRCh38: cottas-merge merging — 511,500,000 triples · 511,500,000 distinct triples written
  Partitioned compression: HG005_GRCh38: cottas-merge merging — 511,750,000 triples · 511,750,000 distinct triples written
  Partitioned compression: HG005_GRCh38: cottas-merge merging — 512,000,000 triples · 512,000,000 distinct triples written
  Partitioned compression: HG005_GRCh38: cottas-merge merging — 512,250,000 triples · 512,250,000 distinct triples written
  Partitioned compression: HG005_GRCh38: cottas-merge merging — 512,500,000 triples · 512,500,000 distinct triples written
  Partitioned compression: HG005_GRCh38: cottas-merge merging — 512,750,000 triples · 512,750,000 distinct triples written
  Partitioned compression: HG005_GRCh38: cottas-merge merging — 513,000,000 triples · 513,000,000 distinct triples written
  Partitioned compression: HG005_GRCh38: cottas-merge merging — 513,250,000 triples · 513,250,000 distinct triples written
  Partitioned compression: HG005_GRCh38: cottas-merge merging — 513,500,000 triples · 513,500,000 distinct triples written
  Partitioned compression: HG005_GRCh38: cottas-merge merging — 513,750,000 triples · 513,750,000 distinct triples written
  Partitioned compression: HG005_GRCh38: cottas-merge merging — 514,000,000 triples · 514,000,000 distinct triples written
  Partitioned compression: HG005_GRCh38: cottas-merge merging — 514,250,000 triples · 514,250,000 distinct triples written
  Partitioned compression: HG005_GRCh38: cottas-merge merging — 514,500,000 triples · 514,500,000 distinct triples written
  Partitioned compression: HG005_GRCh38: cottas-merge merging — 514,750,000 triples · 514,750,000 distinct triples written
  Partitioned compression: HG005_GRCh38: cottas-merge merging — 515,000,000 triples · 515,000,000 distinct triples written
  Partitioned compression: HG005_GRCh38: cottas-merge merging — 515,250,000 triples · 515,250,000 distinct triples written
  Partitioned compression: HG005_GRCh38: cottas-merge merging — 515,500,000 triples · 515,500,000 distinct triples written
  Partitioned compression: HG005_GRCh38: cottas-merge merging — 515,750,000 triples · 515,750,000 distinct triples written
  Partitioned compression: HG005_GRCh38: cottas-merge merging — 516,000,000 triples · 516,000,000 distinct triples written
  Partitioned compression: HG005_GRCh38: cottas-merge merging — 516,250,000 triples · 516,250,000 distinct triples written
  Partitioned compression: HG005_GRCh38: cottas-merge merging — 516,500,000 triples · 516,500,000 distinct triples written
  Partitioned compression: HG005_GRCh38: cottas-merge merging — 516,750,000 triples · 516,750,000 distinct triples written
  Partitioned compression: HG005_GRCh38: cottas-merge merging — 517,000,000 triples · 517,000,000 distinct triples written
  Partitioned compression: HG005_GRCh38: cottas-merge merging — 517,250,000 triples · 517,250,000 distinct triples written
  Partitioned compression: HG005_GRCh38: cottas-merge merging — 517,500,000 triples · 517,500,000 distinct triples written
  Partitioned compression: HG005_GRCh38: cottas-merge merging — 517,750,000 triples · 517,750,000 distinct triples written
  Partitioned compression: HG005_GRCh38: cottas-merge merging — 518,000,000 triples · 518,000,000 distinct triples written
  Partitioned compression: HG005_GRCh38: cottas-merge merging — 518,250,000 triples · 518,250,000 distinct triples written
  Partitioned compression: HG005_GRCh38: cottas-merge merging — 518,500,000 triples · 518,500,000 distinct triples written
  Partitioned compression: HG005_GRCh38: cottas-merge merging — 518,750,000 triples · 518,750,000 distinct triples written
  Partitioned compression: HG005_GRCh38: cottas-merge merging — 519,000,000 triples · 519,000,000 distinct triples written
  Partitioned compression: HG005_GRCh38: cottas-merge merging — 519,250,000 triples · 519,250,000 distinct triples written
  Partitioned compression: HG005_GRCh38: cottas-merge merging — 519,500,000 triples · 519,500,000 distinct triples written
  Partitioned compression: HG005_GRCh38: cottas-merge merging — 519,750,000 triples · 519,750,000 distinct triples written
  Partitioned compression: HG005_GRCh38: cottas-merge merging — 520,000,000 triples · 520,000,000 distinct triples written
  Partitioned compression: HG005_GRCh38: cottas-merge merging — 520,250,000 triples · 520,250,000 distinct triples written
  Partitioned compression: HG005_GRCh38: cottas-merge merging — 520,500,000 triples · 520,500,000 distinct triples written
  Partitioned compression: HG005_GRCh38: cottas-merge merging — 520,750,000 triples · 520,750,000 distinct triples written
  Partitioned compression: HG005_GRCh38: cottas-merge merging — 521,000,000 triples · 521,000,000 distinct triples written
  Partitioned compression: HG005_GRCh38: cottas-merge merging — 521,250,000 triples · 521,250,000 distinct triples written
  Partitioned compression: HG005_GRCh38: cottas-merge merging — 521,500,000 triples · 521,500,000 distinct triples written
  Partitioned compression: HG005_GRCh38: cottas-merge merging — 521,750,000 triples · 521,750,000 distinct triples written
  Partitioned compression: HG005_GRCh38: cottas-merge merging — 522,000,000 triples · 522,000,000 distinct triples written
  Partitioned compression: HG005_GRCh38: cottas-merge merging — 522,250,000 triples · 522,250,000 distinct triples written
  Partitioned compression: HG005_GRCh38: cottas-merge merging — 522,500,000 triples · 522,500,000 distinct triples written
  Partitioned compression: HG005_GRCh38: cottas-merge merging — 522,750,000 triples · 522,750,000 distinct triples written
  Partitioned compression: HG005_GRCh38: cottas-merge merging — 523,000,000 triples · 523,000,000 distinct triples written
  Partitioned compression: HG005_GRCh38: cottas-merge merging — 523,250,000 triples · 523,250,000 distinct triples written
  Partitioned compression: HG005_GRCh38: cottas-merge merging — 523,500,000 triples · 523,500,000 distinct triples written
  Partitioned compression: HG005_GRCh38: cottas-merge merging — 523,750,000 triples · 523,750,000 distinct triples written
  Partitioned compression: HG005_GRCh38: cottas-merge merging — 524,000,000 triples · 524,000,000 distinct triples written
  Partitioned compression: HG005_GRCh38: cottas-merge merging — 524,250,000 triples · 524,250,000 distinct triples written
  Partitioned compression: HG005_GRCh38: cottas-merge merging — 524,500,000 triples · 524,500,000 distinct triples written
  Partitioned compression: HG005_GRCh38: cottas-merge merging — 524,750,000 triples · 524,750,000 distinct triples written
  Partitioned compression: HG005_GRCh38: cottas-merge merging — 525,000,000 triples · 525,000,000 distinct triples written
  Partitioned compression: HG005_GRCh38: cottas-merge merging — 525,250,000 triples · 525,250,000 distinct triples written
  Partitioned compression: HG005_GRCh38: cottas-merge merging — 525,500,000 triples · 525,500,000 distinct triples written
  Partitioned compression: HG005_GRCh38: cottas-merge merging — 525,750,000 triples · 525,750,000 distinct triples written
  Partitioned compression: HG005_GRCh38: cottas-merge merging — 526,000,000 triples · 526,000,000 distinct triples written
  Partitioned compression: HG005_GRCh38: cottas-merge merging — 526,250,000 triples · 526,250,000 distinct triples written
  Partitioned compression: HG005_GRCh38: cottas-merge merging — 526,500,000 triples · 526,500,000 distinct triples written
  Partitioned compression: HG005_GRCh38: cottas-merge merging — 526,750,000 triples · 526,750,000 distinct triples written
  Partitioned compression: HG005_GRCh38: cottas-merge merging — 527,000,000 triples · 527,000,000 distinct triples written
  Partitioned compression: HG005_GRCh38: cottas-merge merging — 527,250,000 triples · 527,250,000 distinct triples written
  Partitioned compression: HG005_GRCh38: cottas-merge merging — 527,500,000 triples · 527,500,000 distinct triples written
  Partitioned compression: HG005_GRCh38: cottas-merge merging — 527,750,000 triples · 527,750,000 distinct triples written
  Partitioned compression: HG005_GRCh38: cottas-merge merging — 528,000,000 triples · 528,000,000 distinct triples written
  Partitioned compression: HG005_GRCh38: cottas-merge merging — 528,250,000 triples · 528,250,000 distinct triples written
  Partitioned compression: HG005_GRCh38: cottas-merge merging — 528,500,000 triples · 528,500,000 distinct triples written
  Partitioned compression: HG005_GRCh38: cottas-merge merging — 528,750,000 triples · 528,750,000 distinct triples written
  Partitioned compression: HG005_GRCh38: cottas-merge merging — 529,000,000 triples · 529,000,000 distinct triples written
  Partitioned compression: HG005_GRCh38: cottas-merge merging — 529,250,000 triples · 529,250,000 distinct triples written
  Partitioned compression: HG005_GRCh38: cottas-merge merging — 529,500,000 triples · 529,500,000 distinct triples written
  Partitioned compression: HG005_GRCh38: cottas-merge merging — 529,750,000 triples · 529,750,000 distinct triples written
  Partitioned compression: HG005_GRCh38: cottas-merge merging — 530,000,000 triples · 530,000,000 distinct triples written
  Partitioned compression: HG005_GRCh38: cottas-merge merging — 530,250,000 triples · 530,250,000 distinct triples written
  Partitioned compression: HG005_GRCh38: cottas-merge merging — 530,500,000 triples · 530,500,000 distinct triples written
  Partitioned compression: HG005_GRCh38: cottas-merge merging — 530,750,000 triples · 530,750,000 distinct triples written
  Partitioned compression: HG005_GRCh38: cottas-merge merging — 531,000,000 triples · 531,000,000 distinct triples written
  Partitioned compression: HG005_GRCh38: cottas-merge merging — 531,250,000 triples · 531,250,000 distinct triples written
  Partitioned compression: HG005_GRCh38: cottas-merge merging — 531,500,000 triples · 531,500,000 distinct triples written
  Partitioned compression: HG005_GRCh38: cottas-merge merging — 531,750,000 triples · 531,750,000 distinct triples written
  Partitioned compression: HG005_GRCh38: cottas-merge merging — 532,000,000 triples · 532,000,000 distinct triples written
  Partitioned compression: HG005_GRCh38: cottas-merge merging — 532,250,000 triples · 532,250,000 distinct triples written
  Partitioned compression: HG005_GRCh38: cottas-merge merging — 532,500,000 triples · 532,500,000 distinct triples written
  Partitioned compression: HG005_GRCh38: cottas-merge merging — 532,750,000 triples · 532,750,000 distinct triples written
  Partitioned compression: HG005_GRCh38: cottas-merge merging — 533,000,000 triples · 533,000,000 distinct triples written
  Partitioned compression: HG005_GRCh38: cottas-merge merging — 533,250,000 triples · 533,250,000 distinct triples written
  Partitioned compression: HG005_GRCh38: cottas-merge merging — 533,500,000 triples · 533,500,000 distinct triples written
  Partitioned compression: HG005_GRCh38: cottas-merge merging — 533,750,000 triples · 533,750,000 distinct triples written
  Partitioned compression: HG005_GRCh38: cottas-merge merging — 534,000,000 triples · 534,000,000 distinct triples written
  Partitioned compression: HG005_GRCh38: cottas-merge merging — 534,250,000 triples · 534,250,000 distinct triples written
  Partitioned compression: HG005_GRCh38: cottas-merge merging — 534,500,000 triples · 534,500,000 distinct triples written
  Partitioned compression: HG005_GRCh38: cottas-merge merging — 534,750,000 triples · 534,750,000 distinct triples written
  Partitioned compression: HG005_GRCh38: cottas-merge merging — 535,000,000 triples · 535,000,000 distinct triples written
  Partitioned compression: HG005_GRCh38: cottas-merge merging — 535,250,000 triples · 535,250,000 distinct triples written
  Partitioned compression: HG005_GRCh38: cottas-merge merging — 535,500,000 triples · 535,500,000 distinct triples written
  Partitioned compression: HG005_GRCh38: cottas-merge merging — 535,750,000 triples · 535,750,000 distinct triples written
  Partitioned compression: HG005_GRCh38: cottas-merge merging — 536,000,000 triples · 536,000,000 distinct triples written
  Partitioned compression: HG005_GRCh38: cottas-merge merging — 536,250,000 triples · 536,250,000 distinct triples written
  Partitioned compression: HG005_GRCh38: cottas-merge merging — 536,500,000 triples · 536,500,000 distinct triples written
  Partitioned compression: HG005_GRCh38: cottas-merge merging — 536,750,000 triples · 536,750,000 distinct triples written
  Partitioned compression: HG005_GRCh38: cottas-merge merging — 537,000,000 triples · 537,000,000 distinct triples written
  Partitioned compression: HG005_GRCh38: cottas-merge merging — 537,250,000 triples · 537,250,000 distinct triples written
  Partitioned compression: HG005_GRCh38: cottas-merge merging — 537,500,000 triples · 537,500,000 distinct triples written
  Partitioned compression: HG005_GRCh38: cottas-merge merging — 537,750,000 triples · 537,750,000 distinct triples written
  Partitioned compression: HG005_GRCh38: cottas-merge merging — 538,000,000 triples · 538,000,000 distinct triples written
  Partitioned compression: HG005_GRCh38: cottas-merge merging — 538,250,000 triples · 538,250,000 distinct triples written
  Partitioned compression: HG005_GRCh38: cottas-merge merging — 538,500,000 triples · 538,500,000 distinct triples written
  Partitioned compression: HG005_GRCh38: cottas-merge merging — 538,750,000 triples · 538,750,000 distinct triples written
  Partitioned compression: HG005_GRCh38: cottas-merge merging — 539,000,000 triples · 539,000,000 distinct triples written
  Partitioned compression: HG005_GRCh38: cottas-merge merging — 539,250,000 triples · 539,250,000 distinct triples written
  Partitioned compression: HG005_GRCh38: cottas-merge merging — 539,500,000 triples · 539,500,000 distinct triples written
  Partitioned compression: HG005_GRCh38: cottas-merge merging — 539,750,000 triples · 539,750,000 distinct triples written
  Partitioned compression: HG005_GRCh38: cottas-merge merging — 540,000,000 triples · 540,000,000 distinct triples written
  Partitioned compression: HG005_GRCh38: cottas-merge merging — 540,250,000 triples · 540,250,000 distinct triples written
  Partitioned compression: HG005_GRCh38: cottas-merge merging — 540,500,000 triples · 540,500,000 distinct triples written
  Partitioned compression: HG005_GRCh38: cottas-merge merging — 540,750,000 triples · 540,750,000 distinct triples written
  Partitioned compression: HG005_GRCh38: cottas-merge merging — 541,000,000 triples · 541,000,000 distinct triples written
  Partitioned compression: HG005_GRCh38: cottas-merge merging — 541,250,000 triples · 541,250,000 distinct triples written
  Partitioned compression: HG005_GRCh38: cottas-merge merging — 541,500,000 triples · 541,500,000 distinct triples written
  Partitioned compression: HG005_GRCh38: cottas-merge merging — 541,750,000 triples · 541,750,000 distinct triples written
  Partitioned compression: HG005_GRCh38: cottas-merge merging — 542,000,000 triples · 542,000,000 distinct triples written
  Partitioned compression: HG005_GRCh38: cottas-merge merging — 542,250,000 triples · 542,250,000 distinct triples written
  Partitioned compression: HG005_GRCh38: cottas-merge merging — 542,500,000 triples · 542,500,000 distinct triples written
  Partitioned compression: HG005_GRCh38: cottas-merge merging — 542,750,000 triples · 542,750,000 distinct triples written
  Partitioned compression: HG005_GRCh38: cottas-merge merging — 543,000,000 triples · 543,000,000 distinct triples written
  Partitioned compression: HG005_GRCh38: cottas-merge merging — 543,250,000 triples · 543,250,000 distinct triples written
  Partitioned compression: HG005_GRCh38: cottas-merge merging — 543,500,000 triples · 543,500,000 distinct triples written
  Partitioned compression: HG005_GRCh38: cottas-merge merging — 543,750,000 triples · 543,750,000 distinct triples written
  Partitioned compression: HG005_GRCh38: cottas-merge merging — 544,000,000 triples · 544,000,000 distinct triples written
  Partitioned compression: HG005_GRCh38: cottas-merge merging — 544,250,000 triples · 544,250,000 distinct triples written
  Partitioned compression: HG005_GRCh38: cottas-merge merging — 544,500,000 triples · 544,500,000 distinct triples written
  Partitioned compression: HG005_GRCh38: cottas-merge merging — 544,750,000 triples · 544,750,000 distinct triples written
  Partitioned compression: HG005_GRCh38: cottas-merge merging — 545,000,000 triples · 545,000,000 distinct triples written
  Partitioned compression: HG005_GRCh38: cottas-merge merging — 545,250,000 triples · 545,250,000 distinct triples written
  Partitioned compression: HG005_GRCh38: cottas-merge merging — 545,500,000 triples · 545,500,000 distinct triples written
  Partitioned compression: HG005_GRCh38: cottas-merge merging — 545,750,000 triples · 545,750,000 distinct triples written
  Partitioned compression: HG005_GRCh38: cottas-merge merging — 546,000,000 triples · 546,000,000 distinct triples written
  Partitioned compression: HG005_GRCh38: cottas-merge merging — 546,250,000 triples · 546,250,000 distinct triples written
  Partitioned compression: HG005_GRCh38: cottas-merge merging — 546,500,000 triples · 546,500,000 distinct triples written
  Partitioned compression: HG005_GRCh38: cottas-merge merging — 546,750,000 triples · 546,750,000 distinct triples written
  Partitioned compression: HG005_GRCh38: cottas-merge merging — 547,000,000 triples · 547,000,000 distinct triples written
  Partitioned compression: HG005_GRCh38: cottas-merge merging — 547,250,000 triples · 547,250,000 distinct triples written
  Partitioned compression: HG005_GRCh38: cottas-merge merging — 547,500,000 triples · 547,500,000 distinct triples written
  Partitioned compression: HG005_GRCh38: cottas-merge merging — 547,750,000 triples · 547,750,000 distinct triples written
  Partitioned compression: HG005_GRCh38: cottas-merge merging — 548,000,000 triples · 548,000,000 distinct triples written
  Partitioned compression: HG005_GRCh38: cottas-merge merging — 548,250,000 triples · 548,250,000 distinct triples written
  Partitioned compression: HG005_GRCh38: cottas-merge merging — 548,500,000 triples · 548,500,000 distinct triples written
  Partitioned compression: HG005_GRCh38: cottas-merge merging — 548,750,000 triples · 548,750,000 distinct triples written
  Partitioned compression: HG005_GRCh38: cottas-merge merging — 549,000,000 triples · 549,000,000 distinct triples written
  Partitioned compression: HG005_GRCh38: cottas-merge merging — 549,250,000 triples · 549,250,000 distinct triples written
  Partitioned compression: HG005_GRCh38: cottas-merge merging — 549,500,000 triples · 549,500,000 distinct triples written
  Partitioned compression: HG005_GRCh38: cottas-merge merging — 549,750,000 triples · 549,750,000 distinct triples written
  Partitioned compression: HG005_GRCh38: cottas-merge merging — 550,000,000 triples · 550,000,000 distinct triples written
  Partitioned compression: HG005_GRCh38: cottas-merge merging — 550,250,000 triples · 550,250,000 distinct triples written
  Partitioned compression: HG005_GRCh38: cottas-merge merging — 550,500,000 triples · 550,500,000 distinct triples written
  Partitioned compression: HG005_GRCh38: cottas-merge merging — 550,750,000 triples · 550,750,000 distinct triples written
  Partitioned compression: HG005_GRCh38: cottas-merge merging — 551,000,000 triples · 551,000,000 distinct triples written
  Partitioned compression: HG005_GRCh38: cottas-merge merging — 551,250,000 triples · 551,250,000 distinct triples written
  Partitioned compression: HG005_GRCh38: cottas-merge merging — 551,500,000 triples · 551,500,000 distinct triples written
  Partitioned compression: HG005_GRCh38: cottas-merge merging — 551,750,000 triples · 551,750,000 distinct triples written
  Partitioned compression: HG005_GRCh38: cottas-merge merging — 552,000,000 triples · 552,000,000 distinct triples written
  Partitioned compression: HG005_GRCh38: cottas-merge merging — 552,250,000 triples · 552,250,000 distinct triples written
  Partitioned compression: HG005_GRCh38: cottas-merge merging — 552,500,000 triples · 552,500,000 distinct triples written
  Partitioned compression: HG005_GRCh38: cottas-merge merging — 552,750,000 triples · 552,750,000 distinct triples written
  Partitioned compression: HG005_GRCh38: cottas-merge merging — 553,000,000 triples · 553,000,000 distinct triples written
  Partitioned compression: HG005_GRCh38: cottas-merge merging — 553,250,000 triples · 553,250,000 distinct triples written
  Partitioned compression: HG005_GRCh38: cottas-merge merging — 553,500,000 triples · 553,500,000 distinct triples written
  Partitioned compression: HG005_GRCh38: cottas-merge merging — 553,750,000 triples · 553,750,000 distinct triples written
  Partitioned compression: HG005_GRCh38: cottas-merge merging — 554,000,000 triples · 554,000,000 distinct triples written
  Partitioned compression: HG005_GRCh38: cottas-merge merging — 554,250,000 triples · 554,250,000 distinct triples written
  Partitioned compression: HG005_GRCh38: cottas-merge merging — 554,500,000 triples · 554,500,000 distinct triples written
  Partitioned compression: HG005_GRCh38: cottas-merge merging — 554,750,000 triples · 554,750,000 distinct triples written
  Partitioned compression: HG005_GRCh38: cottas-merge merging — 555,000,000 triples · 555,000,000 distinct triples written
  Partitioned compression: HG005_GRCh38: cottas-merge merging — 555,250,000 triples · 555,250,000 distinct triples written
  Partitioned compression: HG005_GRCh38: cottas-merge merging — 555,500,000 triples · 555,500,000 distinct triples written
  Partitioned compression: HG005_GRCh38: cottas-merge merging — 555,750,000 triples · 555,750,000 distinct triples written
  Partitioned compression: HG005_GRCh38: cottas-merge merging — 556,000,000 triples · 556,000,000 distinct triples written
  Partitioned compression: HG005_GRCh38: cottas-merge merging — 556,250,000 triples · 556,250,000 distinct triples written
  Partitioned compression: HG005_GRCh38: cottas-merge merging — 556,500,000 triples · 556,500,000 distinct triples written
  Partitioned compression: HG005_GRCh38: cottas-merge merging — 556,750,000 triples · 556,750,000 distinct triples written
  Partitioned compression: HG005_GRCh38: cottas-merge merging — 557,000,000 triples · 557,000,000 distinct triples written
  Partitioned compression: HG005_GRCh38: cottas-merge merging — 557,250,000 triples · 557,250,000 distinct triples written
  Partitioned compression: HG005_GRCh38: cottas-merge merging — 557,500,000 triples · 557,500,000 distinct triples written
  Partitioned compression: HG005_GRCh38: cottas-merge merging — 557,750,000 triples · 557,750,000 distinct triples written
  Partitioned compression: HG005_GRCh38: cottas-merge merging — 558,000,000 triples · 558,000,000 distinct triples written
  Partitioned compression: HG005_GRCh38: cottas-merge merging — 558,250,000 triples · 558,250,000 distinct triples written
  Partitioned compression: HG005_GRCh38: cottas-merge merging — 558,500,000 triples · 558,500,000 distinct triples written
  Partitioned compression: HG005_GRCh38: cottas-merge merging — 558,750,000 triples · 558,750,000 distinct triples written
  Partitioned compression: HG005_GRCh38: cottas-merge merging — 559,000,000 triples · 559,000,000 distinct triples written
  Partitioned compression: HG005_GRCh38: cottas-merge merging — 559,250,000 triples · 559,250,000 distinct triples written
  Partitioned compression: HG005_GRCh38: cottas-merge merging — 559,500,000 triples · 559,500,000 distinct triples written
  Partitioned compression: HG005_GRCh38: cottas-merge merging — 559,750,000 triples · 559,750,000 distinct triples written
  Partitioned compression: HG005_GRCh38: cottas-merge merging — 560,000,000 triples · 560,000,000 distinct triples written
  Partitioned compression: HG005_GRCh38: cottas-merge merging — 560,250,000 triples · 560,250,000 distinct triples written
  Partitioned compression: HG005_GRCh38: cottas-merge merging — 560,500,000 triples · 560,500,000 distinct triples written
  Partitioned compression: HG005_GRCh38: cottas-merge merging — 560,750,000 triples · 560,750,000 distinct triples written
  Partitioned compression: HG005_GRCh38: cottas-merge merging — 561,000,000 triples · 561,000,000 distinct triples written
  Partitioned compression: HG005_GRCh38: cottas-merge merging — 561,250,000 triples · 561,250,000 distinct triples written
  Partitioned compression: HG005_GRCh38: cottas-merge merging — 561,500,000 triples · 561,500,000 distinct triples written
  Partitioned compression: HG005_GRCh38: cottas-merge merging — 561,750,000 triples · 561,750,000 distinct triples written
  Partitioned compression: HG005_GRCh38: cottas-merge merging — 562,000,000 triples · 562,000,000 distinct triples written
  Partitioned compression: HG005_GRCh38: cottas-merge merging — 562,250,000 triples · 562,250,000 distinct triples written
  Partitioned compression: HG005_GRCh38: cottas-merge merging — 562,500,000 triples · 562,500,000 distinct triples written
  Partitioned compression: HG005_GRCh38: cottas-merge merging — 562,750,000 triples · 562,750,000 distinct triples written
  Partitioned compression: HG005_GRCh38: cottas-merge merging — 563,000,000 triples · 563,000,000 distinct triples written
  Partitioned compression: HG005_GRCh38: cottas-merge merging — 563,250,000 triples · 563,250,000 distinct triples written
  Partitioned compression: HG005_GRCh38: cottas-merge merging — 563,500,000 triples · 563,500,000 distinct triples written
  Partitioned compression: HG005_GRCh38: cottas-merge merging — 563,750,000 triples · 563,750,000 distinct triples written
  Partitioned compression: HG005_GRCh38: cottas-merge merging — 564,000,000 triples · 564,000,000 distinct triples written
  Partitioned compression: HG005_GRCh38: cottas-merge merging — 564,250,000 triples · 564,250,000 distinct triples written
  Partitioned compression: HG005_GRCh38: cottas-merge merging — 564,500,000 triples · 564,500,000 distinct triples written
  Partitioned compression: HG005_GRCh38: cottas-merge merging — 564,750,000 triples · 564,750,000 distinct triples written
  Partitioned compression: HG005_GRCh38: cottas-merge merging — 565,000,000 triples · 565,000,000 distinct triples written
  Partitioned compression: HG005_GRCh38: cottas-merge merging — 565,250,000 triples · 565,250,000 distinct triples written
  Partitioned compression: HG005_GRCh38: cottas-merge merging — 565,500,000 triples · 565,500,000 distinct triples written
  Partitioned compression: HG005_GRCh38: cottas-merge merging — 565,750,000 triples · 565,750,000 distinct triples written
  Partitioned compression: HG005_GRCh38: cottas-merge merging — 566,000,000 triples · 566,000,000 distinct triples written
  Partitioned compression: HG005_GRCh38: cottas-merge merging — 566,250,000 triples · 566,250,000 distinct triples written
  Partitioned compression: HG005_GRCh38: cottas-merge merging — 566,500,000 triples · 566,500,000 distinct triples written
  Partitioned compression: HG005_GRCh38: cottas-merge merging — 566,750,000 triples · 566,750,000 distinct triples written
  Partitioned compression: HG005_GRCh38: cottas-merge merging — 567,000,000 triples · 567,000,000 distinct triples written
  Partitioned compression: HG005_GRCh38: cottas-merge merging — 567,250,000 triples · 567,250,000 distinct triples written
  Partitioned compression: HG005_GRCh38: cottas-merge merging — 567,500,000 triples · 567,500,000 distinct triples written
  Partitioned compression: HG005_GRCh38: cottas-merge merging — 567,750,000 triples · 567,750,000 distinct triples written
  Partitioned compression: HG005_GRCh38: cottas-merge merging — 568,000,000 triples · 568,000,000 distinct triples written
  Partitioned compression: HG005_GRCh38: cottas-merge merging — 568,250,000 triples · 568,250,000 distinct triples written
  Partitioned compression: HG005_GRCh38: cottas-merge merging — 568,500,000 triples · 568,500,000 distinct triples written
  Partitioned compression: HG005_GRCh38: cottas-merge merging — 568,750,000 triples · 568,750,000 distinct triples written
  Partitioned compression: HG005_GRCh38: cottas-merge merging — 569,000,000 triples · 569,000,000 distinct triples written
  Partitioned compression: HG005_GRCh38: cottas-merge merging — 569,250,000 triples · 569,250,000 distinct triples written
  Partitioned compression: HG005_GRCh38: cottas-merge merging — 569,500,000 triples · 569,500,000 distinct triples written
  Partitioned compression: HG005_GRCh38: cottas-merge merging — 569,750,000 triples · 569,750,000 distinct triples written
  Partitioned compression: HG005_GRCh38: cottas-merge merging — 570,000,000 triples · 570,000,000 distinct triples written
  Partitioned compression: HG005_GRCh38: cottas-merge merging — 570,250,000 triples · 570,250,000 distinct triples written
  Partitioned compression: HG005_GRCh38: cottas-merge merging — 570,500,000 triples · 570,500,000 distinct triples written
  Partitioned compression: HG005_GRCh38: cottas-merge merging — 570,750,000 triples · 570,750,000 distinct triples written
  Partitioned compression: HG005_GRCh38: cottas-merge merging — 571,000,000 triples · 571,000,000 distinct triples written
  Partitioned compression: HG005_GRCh38: cottas-merge merging — 571,250,000 triples · 571,250,000 distinct triples written
  Partitioned compression: HG005_GRCh38: cottas-merge merging — 571,500,000 triples · 571,500,000 distinct triples written
  Partitioned compression: HG005_GRCh38: cottas-merge merging — 571,750,000 triples · 571,750,000 distinct triples written
  Partitioned compression: HG005_GRCh38: cottas-merge merging — 572,000,000 triples · 572,000,000 distinct triples written
  Partitioned compression: HG005_GRCh38: cottas-merge merging — 572,250,000 triples · 572,250,000 distinct triples written
  Partitioned compression: HG005_GRCh38: cottas-merge merging — 572,500,000 triples · 572,500,000 distinct triples written
  Partitioned compression: HG005_GRCh38: cottas-merge merging — 572,750,000 triples · 572,750,000 distinct triples written
  Partitioned compression: HG005_GRCh38: cottas-merge merging — 573,000,000 triples · 573,000,000 distinct triples written
  Partitioned compression: HG005_GRCh38: cottas-merge merging — 573,250,000 triples · 573,250,000 distinct triples written
  Partitioned compression: HG005_GRCh38: cottas-merge merging — 573,500,000 triples · 573,500,000 distinct triples written
  Partitioned compression: HG005_GRCh38: cottas-merge merging — 573,750,000 triples · 573,750,000 distinct triples written
  Partitioned compression: HG005_GRCh38: cottas-merge merging — 574,000,000 triples · 574,000,000 distinct triples written
  Partitioned compression: HG005_GRCh38: cottas-merge merging — 574,250,000 triples · 574,250,000 distinct triples written
  Partitioned compression: HG005_GRCh38: cottas-merge merging — 574,500,000 triples · 574,500,000 distinct triples written
  Partitioned compression: HG005_GRCh38: cottas-merge merging — 574,750,000 triples · 574,750,000 distinct triples written
  Partitioned compression: HG005_GRCh38: cottas-merge merging — 575,000,000 triples · 575,000,000 distinct triples written
  Partitioned compression: HG005_GRCh38: cottas-merge merging — 575,250,000 triples · 575,250,000 distinct triples written
  Partitioned compression: HG005_GRCh38: cottas-merge merging — 575,500,000 triples · 575,500,000 distinct triples written
  Partitioned compression: HG005_GRCh38: cottas-merge merging — 575,750,000 triples · 575,750,000 distinct triples written
  Partitioned compression: HG005_GRCh38: cottas-merge merging — 576,000,000 triples · 576,000,000 distinct triples written
  Partitioned compression: HG005_GRCh38: cottas-merge merging — 576,250,000 triples · 576,250,000 distinct triples written
  Partitioned compression: HG005_GRCh38: cottas-merge merging — 576,500,000 triples · 576,500,000 distinct triples written
  Partitioned compression: HG005_GRCh38: cottas-merge merging — 576,750,000 triples · 576,750,000 distinct triples written
  Partitioned compression: HG005_GRCh38: cottas-merge merging — 577,000,000 triples · 577,000,000 distinct triples written
  Partitioned compression: HG005_GRCh38: cottas-merge merging — 577,250,000 triples · 577,250,000 distinct triples written
  Partitioned compression: HG005_GRCh38: cottas-merge merging — 577,500,000 triples · 577,500,000 distinct triples written
  Partitioned compression: HG005_GRCh38: cottas-merge merging — 577,750,000 triples · 577,750,000 distinct triples written
  Partitioned compression: HG005_GRCh38: cottas-merge merging — 578,000,000 triples · 578,000,000 distinct triples written
  Partitioned compression: HG005_GRCh38: cottas-merge merging — 578,250,000 triples · 578,250,000 distinct triples written
  Partitioned compression: HG005_GRCh38: cottas-merge merging — 578,500,000 triples · 578,500,000 distinct triples written
  Partitioned compression: HG005_GRCh38: cottas-merge merging — 578,750,000 triples · 578,750,000 distinct triples written
  Partitioned compression: HG005_GRCh38: cottas-merge merging — 579,000,000 triples · 579,000,000 distinct triples written
  Partitioned compression: HG005_GRCh38: cottas-merge merging — 579,250,000 triples · 579,250,000 distinct triples written
  Partitioned compression: HG005_GRCh38: cottas-merge merging — 579,500,000 triples · 579,500,000 distinct triples written
  Partitioned compression: HG005_GRCh38: cottas-merge merging — 579,750,000 triples · 579,750,000 distinct triples written
  Partitioned compression: HG005_GRCh38: cottas-merge merging — 580,000,000 triples · 580,000,000 distinct triples written
  Partitioned compression: HG005_GRCh38: cottas-merge merging — 580,250,000 triples · 580,250,000 distinct triples written
  Partitioned compression: HG005_GRCh38: cottas-merge merging — 580,500,000 triples · 580,500,000 distinct triples written
  Partitioned compression: HG005_GRCh38: cottas-merge merging — 580,750,000 triples · 580,750,000 distinct triples written
  Partitioned compression: HG005_GRCh38: cottas-merge merging — 581,000,000 triples · 581,000,000 distinct triples written
  Partitioned compression: HG005_GRCh38: cottas-merge merging — 581,250,000 triples · 581,250,000 distinct triples written
  Partitioned compression: HG005_GRCh38: cottas-merge merging — 581,500,000 triples · 581,500,000 distinct triples written
  Partitioned compression: HG005_GRCh38: cottas-merge merging — 581,750,000 triples · 581,750,000 distinct triples written
  Partitioned compression: HG005_GRCh38: cottas-merge merging — 582,000,000 triples · 582,000,000 distinct triples written
  Partitioned compression: HG005_GRCh38: cottas-merge merging — 582,250,000 triples · 582,250,000 distinct triples written
  Partitioned compression: HG005_GRCh38: cottas-merge merging — 582,500,000 triples · 582,500,000 distinct triples written
  Partitioned compression: HG005_GRCh38: cottas-merge merging — 582,750,000 triples · 582,750,000 distinct triples written
  Partitioned compression: HG005_GRCh38: cottas-merge merging — 583,000,000 triples · 583,000,000 distinct triples written
  Partitioned compression: HG005_GRCh38: cottas-merge merging — 583,250,000 triples · 583,250,000 distinct triples written
  Partitioned compression: HG005_GRCh38: cottas-merge merging — 583,500,000 triples · 583,500,000 distinct triples written
  Partitioned compression: HG005_GRCh38: cottas-merge merging — 583,750,000 triples · 583,750,000 distinct triples written
  Partitioned compression: HG005_GRCh38: cottas-merge merging — 584,000,000 triples · 584,000,000 distinct triples written
  Partitioned compression: HG005_GRCh38: cottas-merge merging — 584,250,000 triples · 584,250,000 distinct triples written
  Partitioned compression: HG005_GRCh38: cottas-merge merging — 584,500,000 triples · 584,500,000 distinct triples written
  Partitioned compression: HG005_GRCh38: cottas-merge merging — 584,750,000 triples · 584,750,000 distinct triples written
  Partitioned compression: HG005_GRCh38: cottas-merge merging — 585,000,000 triples · 585,000,000 distinct triples written
  Partitioned compression: HG005_GRCh38: cottas-merge merging — 585,250,000 triples · 585,250,000 distinct triples written
  Partitioned compression: HG005_GRCh38: cottas-merge merging — 585,500,000 triples · 585,500,000 distinct triples written
  Partitioned compression: HG005_GRCh38: cottas-merge merging — 585,750,000 triples · 585,750,000 distinct triples written
  Partitioned compression: HG005_GRCh38: cottas-merge merging — 586,000,000 triples · 586,000,000 distinct triples written
  Partitioned compression: HG005_GRCh38: cottas-merge merging — 586,250,000 triples · 586,250,000 distinct triples written
  Partitioned compression: HG005_GRCh38: cottas-merge merging — 586,500,000 triples · 586,500,000 distinct triples written
  Partitioned compression: HG005_GRCh38: cottas-merge merging — 586,750,000 triples · 586,750,000 distinct triples written
  Partitioned compression: HG005_GRCh38: cottas-merge merging — 587,000,000 triples · 587,000,000 distinct triples written
  Partitioned compression: HG005_GRCh38: cottas-merge merging — 587,250,000 triples · 587,250,000 distinct triples written
  Partitioned compression: HG005_GRCh38: cottas-merge merging — 587,500,000 triples · 587,500,000 distinct triples written
  Partitioned compression: HG005_GRCh38: cottas-merge merging — 587,750,000 triples · 587,750,000 distinct triples written
  Partitioned compression: HG005_GRCh38: cottas-merge merging — 588,000,000 triples · 588,000,000 distinct triples written
  Partitioned compression: HG005_GRCh38: cottas-merge merging — 588,250,000 triples · 588,250,000 distinct triples written
  Partitioned compression: HG005_GRCh38: cottas-merge merging — 588,500,000 triples · 588,500,000 distinct triples written
  Partitioned compression: HG005_GRCh38: cottas-merge merging — 588,750,000 triples · 588,750,000 distinct triples written
  Partitioned compression: HG005_GRCh38: cottas-merge merging — 589,000,000 triples · 589,000,000 distinct triples written
  Partitioned compression: HG005_GRCh38: cottas-merge merging — 589,250,000 triples · 589,250,000 distinct triples written
  Partitioned compression: HG005_GRCh38: cottas-merge merging — 589,500,000 triples · 589,500,000 distinct triples written
  Partitioned compression: HG005_GRCh38: cottas-merge merging — 589,750,000 triples · 589,750,000 distinct triples written
  Partitioned compression: HG005_GRCh38: cottas-merge merging — 590,000,000 triples · 590,000,000 distinct triples written
  Partitioned compression: HG005_GRCh38: cottas-merge merging — 590,250,000 triples · 590,250,000 distinct triples written
  Partitioned compression: HG005_GRCh38: cottas-merge merging — 590,500,000 triples · 590,500,000 distinct triples written
  Partitioned compression: HG005_GRCh38: cottas-merge merging — 590,750,000 triples · 590,750,000 distinct triples written
  Partitioned compression: HG005_GRCh38: cottas-merge merging — 591,000,000 triples · 591,000,000 distinct triples written
  Partitioned compression: HG005_GRCh38: cottas-merge merging — 591,250,000 triples · 591,250,000 distinct triples written
  Partitioned compression: HG005_GRCh38: cottas-merge merging — 591,500,000 triples · 591,500,000 distinct triples written
  Partitioned compression: HG005_GRCh38: cottas-merge merging — 591,750,000 triples · 591,750,000 distinct triples written
  Partitioned compression: HG005_GRCh38: cottas-merge merging — 592,000,000 triples · 592,000,000 distinct triples written
  Partitioned compression: HG005_GRCh38: cottas-merge merging — 592,250,000 triples · 592,250,000 distinct triples written
  Partitioned compression: HG005_GRCh38: cottas-merge merging — 592,500,000 triples · 592,500,000 distinct triples written
  Partitioned compression: HG005_GRCh38: cottas-merge merging — 592,750,000 triples · 592,750,000 distinct triples written
  Partitioned compression: HG005_GRCh38: cottas-merge merging — 593,000,000 triples · 593,000,000 distinct triples written
  Partitioned compression: HG005_GRCh38: cottas-merge merging — 593,250,000 triples · 593,250,000 distinct triples written
  Partitioned compression: HG005_GRCh38: cottas-merge merging — 593,500,000 triples · 593,500,000 distinct triples written
  Partitioned compression: HG005_GRCh38: cottas-merge merging — 593,750,000 triples · 593,750,000 distinct triples written
  Partitioned compression: HG005_GRCh38: cottas-merge merging — 594,000,000 triples · 594,000,000 distinct triples written
  Partitioned compression: HG005_GRCh38: cottas-merge merging — 594,250,000 triples · 594,250,000 distinct triples written
  Partitioned compression: HG005_GRCh38: cottas-merge merging — 594,500,000 triples · 594,500,000 distinct triples written
  Partitioned compression: HG005_GRCh38: cottas-merge merging — 594,750,000 triples · 594,750,000 distinct triples written
  Partitioned compression: HG005_GRCh38: cottas-merge merging — 595,000,000 triples · 595,000,000 distinct triples written
  Partitioned compression: HG005_GRCh38: cottas-merge merging — 595,250,000 triples · 595,250,000 distinct triples written
  Partitioned compression: HG005_GRCh38: cottas-merge merging — 595,500,000 triples · 595,500,000 distinct triples written
  Partitioned compression: HG005_GRCh38: cottas-merge merging — 595,750,000 triples · 595,750,000 distinct triples written
  Partitioned compression: HG005_GRCh38: cottas-merge merging — 596,000,000 triples · 596,000,000 distinct triples written
  Partitioned compression: HG005_GRCh38: cottas-merge merging — 596,250,000 triples · 596,250,000 distinct triples written
  Partitioned compression: HG005_GRCh38: cottas-merge merging — 596,500,000 triples · 596,500,000 distinct triples written
  Partitioned compression: HG005_GRCh38: cottas-merge merging — 596,750,000 triples · 596,750,000 distinct triples written
  Partitioned compression: HG005_GRCh38: cottas-merge merging — 597,000,000 triples · 597,000,000 distinct triples written
  Partitioned compression: HG005_GRCh38: cottas-merge merging — 597,250,000 triples · 597,250,000 distinct triples written
  Partitioned compression: HG005_GRCh38: cottas-merge merging — 597,500,000 triples · 597,500,000 distinct triples written
  Partitioned compression: HG005_GRCh38: cottas-merge merging — 597,750,000 triples · 597,750,000 distinct triples written
  Partitioned compression: HG005_GRCh38: cottas-merge merging — 598,000,000 triples · 598,000,000 distinct triples written
  Partitioned compression: HG005_GRCh38: cottas-merge merging — 598,250,000 triples · 598,250,000 distinct triples written
  Partitioned compression: HG005_GRCh38: cottas-merge merging — 598,500,000 triples · 598,500,000 distinct triples written
  Partitioned compression: HG005_GRCh38: cottas-merge merging — 598,750,000 triples · 598,750,000 distinct triples written
  Partitioned compression: HG005_GRCh38: cottas-merge merging — 599,000,000 triples · 599,000,000 distinct triples written
  Partitioned compression: HG005_GRCh38: cottas-merge merging — 599,250,000 triples · 599,250,000 distinct triples written
  Partitioned compression: HG005_GRCh38: cottas-merge merging — 599,500,000 triples · 599,500,000 distinct triples written
  Partitioned compression: HG005_GRCh38: cottas-merge merging — 599,750,000 triples · 599,750,000 distinct triples written
  Partitioned compression: HG005_GRCh38: cottas-merge merging — 600,000,000 triples · 600,000,000 distinct triples written
  Partitioned compression: HG005_GRCh38: cottas-merge merging — 600,250,000 triples · 600,250,000 distinct triples written
  Partitioned compression: HG005_GRCh38: cottas-merge merging — 600,500,000 triples · 600,500,000 distinct triples written
  Partitioned compression: HG005_GRCh38: cottas-merge merging — 600,750,000 triples · 600,750,000 distinct triples written
  Partitioned compression: HG005_GRCh38: cottas-merge merging — 601,000,000 triples · 601,000,000 distinct triples written
  Partitioned compression: HG005_GRCh38: cottas-merge merging — 601,250,000 triples · 601,250,000 distinct triples written
  Partitioned compression: HG005_GRCh38: cottas-merge merging — 601,500,000 triples · 601,500,000 distinct triples written
  Partitioned compression: HG005_GRCh38: cottas-merge merging — 601,750,000 triples · 601,750,000 distinct triples written
  Partitioned compression: HG005_GRCh38: cottas-merge merging — 602,000,000 triples · 602,000,000 distinct triples written
  Partitioned compression: HG005_GRCh38: cottas-merge merging — 602,250,000 triples · 602,250,000 distinct triples written
  Partitioned compression: HG005_GRCh38: cottas-merge merging — 602,500,000 triples · 602,500,000 distinct triples written
  Partitioned compression: HG005_GRCh38: cottas-merge merging — 602,750,000 triples · 602,750,000 distinct triples written
  Partitioned compression: HG005_GRCh38: cottas-merge merging — 603,000,000 triples · 603,000,000 distinct triples written
  Partitioned compression: HG005_GRCh38: cottas-merge merging — 603,250,000 triples · 603,250,000 distinct triples written
  Partitioned compression: HG005_GRCh38: cottas-merge merging — 603,500,000 triples · 603,500,000 distinct triples written
  Partitioned compression: HG005_GRCh38: cottas-merge merging — 603,750,000 triples · 603,750,000 distinct triples written
  Partitioned compression: HG005_GRCh38: cottas-merge merging — 604,000,000 triples · 604,000,000 distinct triples written
  Partitioned compression: HG005_GRCh38: cottas-merge merging — 604,250,000 triples · 604,250,000 distinct triples written
  Partitioned compression: HG005_GRCh38: cottas-merge merging — 604,500,000 triples · 604,500,000 distinct triples written
  Partitioned compression: HG005_GRCh38: cottas-merge merging — 604,750,000 triples · 604,750,000 distinct triples written
  Partitioned compression: HG005_GRCh38: cottas-merge merging — 605,000,000 triples · 605,000,000 distinct triples written
  Partitioned compression: HG005_GRCh38: cottas-merge merging — 605,250,000 triples · 605,250,000 distinct triples written
  Partitioned compression: HG005_GRCh38: cottas-merge merging — 605,500,000 triples · 605,500,000 distinct triples written
  Partitioned compression: HG005_GRCh38: cottas-merge merging — 605,750,000 triples · 605,750,000 distinct triples written
  Partitioned compression: HG005_GRCh38: cottas-merge merging — 606,000,000 triples · 606,000,000 distinct triples written
  Partitioned compression: HG005_GRCh38: cottas-merge merging — 606,250,000 triples · 606,250,000 distinct triples written
  Partitioned compression: HG005_GRCh38: cottas-merge merging — 606,500,000 triples · 606,500,000 distinct triples written
  Partitioned compression: HG005_GRCh38: cottas-merge merging — 606,750,000 triples · 606,750,000 distinct triples written
  Partitioned compression: HG005_GRCh38: cottas-merge merging — 607,000,000 triples · 607,000,000 distinct triples written
  Partitioned compression: HG005_GRCh38: cottas-merge merging — 607,250,000 triples · 607,250,000 distinct triples written
  Partitioned compression: HG005_GRCh38: cottas-merge merging — 607,500,000 triples · 607,500,000 distinct triples written
  Partitioned compression: HG005_GRCh38: cottas-merge merging — 607,750,000 triples · 607,750,000 distinct triples written
  Partitioned compression: HG005_GRCh38: cottas-merge merging — 608,000,000 triples · 608,000,000 distinct triples written
  Partitioned compression: HG005_GRCh38: cottas-merge merging — 608,250,000 triples · 608,250,000 distinct triples written
  Partitioned compression: HG005_GRCh38: cottas-merge merging — 608,500,000 triples · 608,500,000 distinct triples written
  Partitioned compression: HG005_GRCh38: cottas-merge merging — 608,750,000 triples · 608,750,000 distinct triples written
  Partitioned compression: HG005_GRCh38: cottas-merge merging — 609,000,000 triples · 609,000,000 distinct triples written
  Partitioned compression: HG005_GRCh38: cottas-merge merging — 609,250,000 triples · 609,250,000 distinct triples written
  Partitioned compression: HG005_GRCh38: cottas-merge merging — 609,500,000 triples · 609,500,000 distinct triples written
  Partitioned compression: HG005_GRCh38: cottas-merge merging — 609,750,000 triples · 609,750,000 distinct triples written
  Partitioned compression: HG005_GRCh38: cottas-merge merging — 610,000,000 triples · 610,000,000 distinct triples written
  Partitioned compression: HG005_GRCh38: cottas-merge merging — 610,250,000 triples · 610,250,000 distinct triples written
  Partitioned compression: HG005_GRCh38: cottas-merge merging — 610,500,000 triples · 610,500,000 distinct triples written
  Partitioned compression: HG005_GRCh38: cottas-merge merging — 610,750,000 triples · 610,750,000 distinct triples written
  Partitioned compression: HG005_GRCh38: cottas-merge merging — 611,000,000 triples · 611,000,000 distinct triples written
  Partitioned compression: HG005_GRCh38: cottas-merge merging — 611,250,000 triples · 611,250,000 distinct triples written
  Partitioned compression: HG005_GRCh38: cottas-merge merging — 611,500,000 triples · 611,500,000 distinct triples written
  Partitioned compression: HG005_GRCh38: cottas-merge merging — 611,750,000 triples · 611,750,000 distinct triples written
  Partitioned compression: HG005_GRCh38: cottas-merge merging — 612,000,000 triples · 612,000,000 distinct triples written
  Partitioned compression: HG005_GRCh38: cottas-merge merging — 612,250,000 triples · 612,250,000 distinct triples written
  Partitioned compression: HG005_GRCh38: cottas-merge merging — 612,500,000 triples · 612,500,000 distinct triples written
  Partitioned compression: HG005_GRCh38: cottas-merge merging — 612,750,000 triples · 612,750,000 distinct triples written
  Partitioned compression: HG005_GRCh38: cottas-merge merging — 613,000,000 triples · 613,000,000 distinct triples written
  Partitioned compression: HG005_GRCh38: cottas-merge merging — 613,250,000 triples · 613,250,000 distinct triples written
  Partitioned compression: HG005_GRCh38: cottas-merge merging — 613,500,000 triples · 613,500,000 distinct triples written
  Partitioned compression: HG005_GRCh38: cottas-merge merging — 613,750,000 triples · 613,750,000 distinct triples written
  Partitioned compression: HG005_GRCh38: cottas-merge merging — 614,000,000 triples · 614,000,000 distinct triples written
  Partitioned compression: HG005_GRCh38: cottas-merge merging — 614,250,000 triples · 614,250,000 distinct triples written
  Partitioned compression: HG005_GRCh38: cottas-merge merging — 614,500,000 triples · 614,500,000 distinct triples written
  Partitioned compression: HG005_GRCh38: cottas-merge merging — 614,750,000 triples · 614,750,000 distinct triples written
  Partitioned compression: HG005_GRCh38: cottas-merge merging — 615,000,000 triples · 615,000,000 distinct triples written
  Partitioned compression: HG005_GRCh38: cottas-merge merging — 615,250,000 triples · 615,250,000 distinct triples written
  Partitioned compression: HG005_GRCh38: cottas-merge merging — 615,500,000 triples · 615,500,000 distinct triples written
  Partitioned compression: HG005_GRCh38: cottas-merge merging — 615,750,000 triples · 615,750,000 distinct triples written
  Partitioned compression: HG005_GRCh38: cottas-merge merging — 616,000,000 triples · 616,000,000 distinct triples written
  Partitioned compression: HG005_GRCh38: cottas-merge merging — 616,250,000 triples · 616,250,000 distinct triples written
  Partitioned compression: HG005_GRCh38: cottas-merge merging — 616,500,000 triples · 616,500,000 distinct triples written
  Partitioned compression: HG005_GRCh38: cottas-merge merging — 616,750,000 triples · 616,750,000 distinct triples written
  Partitioned compression: HG005_GRCh38: cottas-merge merging — 617,000,000 triples · 617,000,000 distinct triples written
  Partitioned compression: HG005_GRCh38: cottas-merge merging — 617,250,000 triples · 617,250,000 distinct triples written
  Partitioned compression: HG005_GRCh38: cottas-merge merging — 617,500,000 triples · 617,500,000 distinct triples written
  Partitioned compression: HG005_GRCh38: cottas-merge merging — 617,750,000 triples · 617,750,000 distinct triples written
  Partitioned compression: HG005_GRCh38: cottas-merge merging — 618,000,000 triples · 618,000,000 distinct triples written
  Partitioned compression: HG005_GRCh38: cottas-merge merging — 618,250,000 triples · 618,250,000 distinct triples written
  Partitioned compression: HG005_GRCh38: cottas-merge merging — 618,500,000 triples · 618,500,000 distinct triples written
  Partitioned compression: HG005_GRCh38: cottas-merge merging — 618,750,000 triples · 618,750,000 distinct triples written
  Partitioned compression: HG005_GRCh38: cottas-merge merging — 619,000,000 triples · 619,000,000 distinct triples written
  Partitioned compression: HG005_GRCh38: cottas-merge merging — 619,250,000 triples · 619,250,000 distinct triples written
  Partitioned compression: HG005_GRCh38: cottas-merge merging — 619,500,000 triples · 619,500,000 distinct triples written
  Partitioned compression: HG005_GRCh38: cottas-merge merging — 619,750,000 triples · 619,750,000 distinct triples written
  Partitioned compression: HG005_GRCh38: cottas-merge merging — 620,000,000 triples · 620,000,000 distinct triples written
  Partitioned compression: HG005_GRCh38: cottas-merge merging — 620,250,000 triples · 620,250,000 distinct triples written
  Partitioned compression: HG005_GRCh38: cottas-merge merging — 620,500,000 triples · 620,500,000 distinct triples written
  Partitioned compression: HG005_GRCh38: cottas-merge merging — 620,750,000 triples · 620,750,000 distinct triples written
  Partitioned compression: HG005_GRCh38: cottas-merge merging — 621,000,000 triples · 621,000,000 distinct triples written
  Partitioned compression: HG005_GRCh38: cottas-merge merging — 621,250,000 triples · 621,250,000 distinct triples written
  Partitioned compression: HG005_GRCh38: cottas-merge merging — 621,500,000 triples · 621,500,000 distinct triples written
  Partitioned compression: HG005_GRCh38: cottas-merge merging — 621,750,000 triples · 621,750,000 distinct triples written
  Partitioned compression: HG005_GRCh38: cottas-merge merging — 622,000,000 triples · 622,000,000 distinct triples written
  Partitioned compression: HG005_GRCh38: cottas-merge merging — 622,250,000 triples · 622,250,000 distinct triples written
  Partitioned compression: HG005_GRCh38: cottas-merge merging — 622,500,000 triples · 622,500,000 distinct triples written
  Partitioned compression: HG005_GRCh38: cottas-merge merging — 622,750,000 triples · 622,750,000 distinct triples written
  Partitioned compression: HG005_GRCh38: cottas-merge merging — 623,000,000 triples · 623,000,000 distinct triples written
  Partitioned compression: HG005_GRCh38: cottas-merge merging — 623,250,000 triples · 623,250,000 distinct triples written
  Partitioned compression: HG005_GRCh38: cottas-merge merging — 623,500,000 triples · 623,500,000 distinct triples written
  Partitioned compression: HG005_GRCh38: cottas-merge merging — 623,750,000 triples · 623,750,000 distinct triples written
  Partitioned compression: HG005_GRCh38: cottas-merge merging — 624,000,000 triples · 624,000,000 distinct triples written
  Partitioned compression: HG005_GRCh38: cottas-merge merging — 624,250,000 triples · 624,250,000 distinct triples written
  Partitioned compression: HG005_GRCh38: cottas-merge merging — 624,500,000 triples · 624,500,000 distinct triples written
  Partitioned compression: HG005_GRCh38: cottas-merge merging — 624,750,000 triples · 624,750,000 distinct triples written
  Partitioned compression: HG005_GRCh38: cottas-merge merging — 625,000,000 triples · 625,000,000 distinct triples written
  Partitioned compression: HG005_GRCh38: cottas-merge merging — 625,250,000 triples · 625,250,000 distinct triples written
  Partitioned compression: HG005_GRCh38: cottas-merge merging — 625,500,000 triples · 625,500,000 distinct triples written
  Partitioned compression: HG005_GRCh38: cottas-merge merging — 625,750,000 triples · 625,750,000 distinct triples written
  Partitioned compression: HG005_GRCh38: cottas-merge merging — 626,000,000 triples · 626,000,000 distinct triples written
  Partitioned compression: HG005_GRCh38: cottas-merge merging — 626,250,000 triples · 626,250,000 distinct triples written
  Partitioned compression: HG005_GRCh38: cottas-merge merging — 626,500,000 triples · 626,500,000 distinct triples written
  Partitioned compression: HG005_GRCh38: cottas-merge merging — 626,750,000 triples · 626,750,000 distinct triples written
  Partitioned compression: HG005_GRCh38: cottas-merge merging — 627,000,000 triples · 627,000,000 distinct triples written
  Partitioned compression: HG005_GRCh38: cottas-merge merging — 627,250,000 triples · 627,250,000 distinct triples written
  Partitioned compression: HG005_GRCh38: cottas-merge merging — 627,500,000 triples · 627,500,000 distinct triples written
  Partitioned compression: HG005_GRCh38: cottas-merge merging — 627,750,000 triples · 627,750,000 distinct triples written
  Partitioned compression: HG005_GRCh38: cottas-merge merging — 628,000,000 triples · 628,000,000 distinct triples written
  Partitioned compression: HG005_GRCh38: cottas-merge merging — 628,250,000 triples · 628,250,000 distinct triples written
  Partitioned compression: HG005_GRCh38: cottas-merge merging — 628,500,000 triples · 628,500,000 distinct triples written
  Partitioned compression: HG005_GRCh38: cottas-merge merging — 628,750,000 triples · 628,750,000 distinct triples written
  Partitioned compression: HG005_GRCh38: cottas-merge merging — 629,000,000 triples · 629,000,000 distinct triples written
  Partitioned compression: HG005_GRCh38: cottas-merge merging — 629,250,000 triples · 629,250,000 distinct triples written
  Partitioned compression: HG005_GRCh38: cottas-merge merging — 629,500,000 triples · 629,500,000 distinct triples written
  Partitioned compression: HG005_GRCh38: cottas-merge merging — 629,750,000 triples · 629,750,000 distinct triples written
  Partitioned compression: HG005_GRCh38: cottas-merge merging — 630,000,000 triples · 630,000,000 distinct triples written
  Partitioned compression: HG005_GRCh38: cottas-merge merging — 630,250,000 triples · 630,250,000 distinct triples written
  Partitioned compression: HG005_GRCh38: cottas-merge merging — 630,500,000 triples · 630,500,000 distinct triples written
  Partitioned compression: HG005_GRCh38: cottas-merge merging — 630,750,000 triples · 630,750,000 distinct triples written
  Partitioned compression: HG005_GRCh38: cottas-merge merging — 631,000,000 triples · 631,000,000 distinct triples written
  Partitioned compression: HG005_GRCh38: cottas-merge merging — 631,250,000 triples · 631,250,000 distinct triples written
  Partitioned compression: HG005_GRCh38: cottas-merge merging — 631,500,000 triples · 631,500,000 distinct triples written
  Partitioned compression: HG005_GRCh38: cottas-merge merging — 631,750,000 triples · 631,750,000 distinct triples written
  Partitioned compression: HG005_GRCh38: cottas-merge merging — 632,000,000 triples · 632,000,000 distinct triples written
  Partitioned compression: HG005_GRCh38: cottas-merge merging — 632,250,000 triples · 632,250,000 distinct triples written
  Partitioned compression: HG005_GRCh38: cottas-merge merging — 632,500,000 triples · 632,500,000 distinct triples written
  Partitioned compression: HG005_GRCh38: cottas-merge merging — 632,750,000 triples · 632,750,000 distinct triples written
  Partitioned compression: HG005_GRCh38: cottas-merge merging — 633,000,000 triples · 633,000,000 distinct triples written
  Partitioned compression: HG005_GRCh38: cottas-merge merging — 633,250,000 triples · 633,250,000 distinct triples written
  Partitioned compression: HG005_GRCh38: cottas-merge merging — 633,500,000 triples · 633,500,000 distinct triples written
  Partitioned compression: HG005_GRCh38: cottas-merge merging — 633,750,000 triples · 633,750,000 distinct triples written
  Partitioned compression: HG005_GRCh38: cottas-merge merging — 634,000,000 triples · 634,000,000 distinct triples written
  Partitioned compression: HG005_GRCh38: cottas-merge merging — 634,250,000 triples · 634,250,000 distinct triples written
  Partitioned compression: HG005_GRCh38: cottas-merge merging — 634,500,000 triples · 634,500,000 distinct triples written
  Partitioned compression: HG005_GRCh38: cottas-merge merging — 634,750,000 triples · 634,750,000 distinct triples written
  Partitioned compression: HG005_GRCh38: cottas-merge merging — 635,000,000 triples · 635,000,000 distinct triples written
  Partitioned compression: HG005_GRCh38: cottas-merge merging — 635,250,000 triples · 635,250,000 distinct triples written
  Partitioned compression: HG005_GRCh38: cottas-merge merging — 635,500,000 triples · 635,500,000 distinct triples written
  Partitioned compression: HG005_GRCh38: cottas-merge merging — 635,750,000 triples · 635,750,000 distinct triples written
  Partitioned compression: HG005_GRCh38: cottas-merge merging — 636,000,000 triples · 636,000,000 distinct triples written
  Partitioned compression: HG005_GRCh38: cottas-merge merging — 636,250,000 triples · 636,250,000 distinct triples written
  Partitioned compression: HG005_GRCh38: cottas-merge merging — 636,500,000 triples · 636,500,000 distinct triples written
  Partitioned compression: HG005_GRCh38: cottas-merge merging — 636,750,000 triples · 636,750,000 distinct triples written
  Partitioned compression: HG005_GRCh38: cottas-merge merging — 637,000,000 triples · 637,000,000 distinct triples written
  Partitioned compression: HG005_GRCh38: cottas-merge merging — 637,250,000 triples · 637,250,000 distinct triples written
  Partitioned compression: HG005_GRCh38: cottas-merge merging — 637,500,000 triples · 637,500,000 distinct triples written
  Partitioned compression: HG005_GRCh38: cottas-merge merging — 637,750,000 triples · 637,750,000 distinct triples written
  Partitioned compression: HG005_GRCh38: cottas-merge merging — 638,000,000 triples · 638,000,000 distinct triples written
  Partitioned compression: HG005_GRCh38: cottas-merge merging — 638,250,000 triples · 638,250,000 distinct triples written
  Partitioned compression: HG005_GRCh38: cottas-merge merging — 638,500,000 triples · 638,500,000 distinct triples written
  Partitioned compression: HG005_GRCh38: cottas-merge merging — 638,750,000 triples · 638,750,000 distinct triples written
  Partitioned compression: HG005_GRCh38: cottas-merge merging — 639,000,000 triples · 639,000,000 distinct triples written
  Partitioned compression: HG005_GRCh38: cottas-merge merging — 639,250,000 triples · 639,250,000 distinct triples written
  Partitioned compression: HG005_GRCh38: cottas-merge merging — 639,500,000 triples · 639,500,000 distinct triples written
  Partitioned compression: HG005_GRCh38: cottas-merge merging — 639,750,000 triples · 639,750,000 distinct triples written
  Partitioned compression: HG005_GRCh38: cottas-merge merging — 640,000,000 triples · 640,000,000 distinct triples written
  Partitioned compression: HG005_GRCh38: cottas-merge merging — 640,250,000 triples · 640,250,000 distinct triples written
  Partitioned compression: HG005_GRCh38: cottas-merge merging — 640,500,000 triples · 640,500,000 distinct triples written
  Partitioned compression: HG005_GRCh38: cottas-merge merging — 640,750,000 triples · 640,750,000 distinct triples written
  Partitioned compression: HG005_GRCh38: cottas-merge merging — 641,000,000 triples · 641,000,000 distinct triples written
  Partitioned compression: HG005_GRCh38: cottas-merge merging — 641,250,000 triples · 641,250,000 distinct triples written
  Partitioned compression: HG005_GRCh38: cottas-merge merging — 641,500,000 triples · 641,500,000 distinct triples written
  Partitioned compression: HG005_GRCh38: cottas-merge merging — 641,750,000 triples · 641,750,000 distinct triples written
  Partitioned compression: HG005_GRCh38: cottas-merge merging — 642,000,000 triples · 642,000,000 distinct triples written
  Partitioned compression: HG005_GRCh38: cottas-merge merging — 642,250,000 triples · 642,250,000 distinct triples written
  Partitioned compression: HG005_GRCh38: cottas-merge merging — 642,500,000 triples · 642,500,000 distinct triples written
  Partitioned compression: HG005_GRCh38: cottas-merge merging — 642,750,000 triples · 642,750,000 distinct triples written
  Partitioned compression: HG005_GRCh38: cottas-merge merging — 643,000,000 triples · 643,000,000 distinct triples written
  Partitioned compression: HG005_GRCh38: cottas-merge merging — 643,250,000 triples · 643,250,000 distinct triples written
  Partitioned compression: HG005_GRCh38: cottas-merge merging — 643,500,000 triples · 643,500,000 distinct triples written
  Partitioned compression: HG005_GRCh38: cottas-merge merging — 643,750,000 triples · 643,750,000 distinct triples written
  Partitioned compression: HG005_GRCh38: cottas-merge merging — 644,000,000 triples · 644,000,000 distinct triples written
  Partitioned compression: HG005_GRCh38: cottas-merge merging — 644,250,000 triples · 644,250,000 distinct triples written
  Partitioned compression: HG005_GRCh38: cottas-merge merging — 644,500,000 triples · 644,500,000 distinct triples written
  Partitioned compression: HG005_GRCh38: cottas-merge merging — 644,750,000 triples · 644,750,000 distinct triples written
  Partitioned compression: HG005_GRCh38: cottas-merge merging — 645,000,000 triples · 645,000,000 distinct triples written
  Partitioned compression: HG005_GRCh38: cottas-merge merging — 645,250,000 triples · 645,250,000 distinct triples written
  Partitioned compression: HG005_GRCh38: cottas-merge merging — 645,500,000 triples · 645,500,000 distinct triples written
  Partitioned compression: HG005_GRCh38: cottas-merge merging — 645,750,000 triples · 645,750,000 distinct triples written
  Partitioned compression: HG005_GRCh38: cottas-merge merging — 646,000,000 triples · 646,000,000 distinct triples written
  Partitioned compression: HG005_GRCh38: cottas-merge merging — 646,250,000 triples · 646,250,000 distinct triples written
  Partitioned compression: HG005_GRCh38: cottas-merge merging — 646,500,000 triples · 646,500,000 distinct triples written
  Partitioned compression: HG005_GRCh38: cottas-merge merging — 646,750,000 triples · 646,750,000 distinct triples written
  Partitioned compression: HG005_GRCh38: cottas-merge merging — 647,000,000 triples · 647,000,000 distinct triples written
  Partitioned compression: HG005_GRCh38: cottas-merge merging — 647,250,000 triples · 647,250,000 distinct triples written
  Partitioned compression: HG005_GRCh38: cottas-merge merging — 647,500,000 triples · 647,500,000 distinct triples written
  Partitioned compression: HG005_GRCh38: cottas-merge merging — 647,750,000 triples · 647,750,000 distinct triples written
  Partitioned compression: HG005_GRCh38: cottas-merge merging — 648,000,000 triples · 648,000,000 distinct triples written
  Partitioned compression: HG005_GRCh38: cottas-merge merging — 648,250,000 triples · 648,250,000 distinct triples written
  Partitioned compression: HG005_GRCh38: cottas-merge merging — 648,500,000 triples · 648,500,000 distinct triples written
  Partitioned compression: HG005_GRCh38: cottas-merge merging — 648,750,000 triples · 648,750,000 distinct triples written
  Partitioned compression: HG005_GRCh38: cottas-merge merging — 649,000,000 triples · 649,000,000 distinct triples written
  Partitioned compression: HG005_GRCh38: cottas-merge merging — 649,250,000 triples · 649,250,000 distinct triples written
  Partitioned compression: HG005_GRCh38: cottas-merge merging — 649,500,000 triples · 649,500,000 distinct triples written
  Partitioned compression: HG005_GRCh38: cottas-merge merging — 649,750,000 triples · 649,750,000 distinct triples written
  Partitioned compression: HG005_GRCh38: cottas-merge merging — 650,000,000 triples · 650,000,000 distinct triples written
  Partitioned compression: HG005_GRCh38: cottas-merge merging — 650,250,000 triples · 650,250,000 distinct triples written
  Partitioned compression: HG005_GRCh38: cottas-merge merging — 650,500,000 triples · 650,500,000 distinct triples written
  Partitioned compression: HG005_GRCh38: cottas-merge merging — 650,750,000 triples · 650,750,000 distinct triples written
  Partitioned compression: HG005_GRCh38: cottas-merge merging — 651,000,000 triples · 651,000,000 distinct triples written
  Partitioned compression: HG005_GRCh38: cottas-merge merging — 651,250,000 triples · 651,250,000 distinct triples written
  Partitioned compression: HG005_GRCh38: cottas-merge merging — 651,500,000 triples · 651,500,000 distinct triples written
  Partitioned compression: HG005_GRCh38: cottas-merge merging — 651,750,000 triples · 651,750,000 distinct triples written
  Partitioned compression: HG005_GRCh38: cottas-merge merging — 652,000,000 triples · 652,000,000 distinct triples written
  Partitioned compression: HG005_GRCh38: cottas-merge merging — 652,250,000 triples · 652,250,000 distinct triples written
  Partitioned compression: HG005_GRCh38: cottas-merge merging — 652,500,000 triples · 652,500,000 distinct triples written
  Partitioned compression: HG005_GRCh38: cottas-merge merging — 652,750,000 triples · 652,750,000 distinct triples written
  Partitioned compression: HG005_GRCh38: cottas-merge merging — 653,000,000 triples · 653,000,000 distinct triples written
  Partitioned compression: HG005_GRCh38: cottas-merge merging — 653,250,000 triples · 653,250,000 distinct triples written
  Partitioned compression: HG005_GRCh38: cottas-merge merging — 653,500,000 triples · 653,500,000 distinct triples written
  Partitioned compression: HG005_GRCh38: cottas-merge merging — 653,750,000 triples · 653,750,000 distinct triples written
  Partitioned compression: HG005_GRCh38: cottas-merge merging — 654,000,000 triples · 654,000,000 distinct triples written
  Partitioned compression: HG005_GRCh38: cottas-merge merging — 654,250,000 triples · 654,250,000 distinct triples written
  Partitioned compression: HG005_GRCh38: cottas-merge merging — 654,500,000 triples · 654,500,000 distinct triples written
  Partitioned compression: HG005_GRCh38: cottas-merge merging — 654,750,000 triples · 654,750,000 distinct triples written
  Partitioned compression: HG005_GRCh38: cottas-merge merging — 655,000,000 triples · 655,000,000 distinct triples written
  Partitioned compression: HG005_GRCh38: cottas-merge merging — 655,250,000 triples · 655,250,000 distinct triples written
  Partitioned compression: HG005_GRCh38: cottas-merge merging — 655,500,000 triples · 655,500,000 distinct triples written
  Partitioned compression: HG005_GRCh38: cottas-merge merging — 655,750,000 triples · 655,750,000 distinct triples written
  Partitioned compression: HG005_GRCh38: cottas-merge merging — 656,000,000 triples · 656,000,000 distinct triples written
  Partitioned compression: HG005_GRCh38: cottas-merge merging — 656,250,000 triples · 656,250,000 distinct triples written
  Partitioned compression: HG005_GRCh38: cottas-merge merging — 656,500,000 triples · 656,500,000 distinct triples written
  Partitioned compression: HG005_GRCh38: cottas-merge merging — 656,750,000 triples · 656,750,000 distinct triples written
  Partitioned compression: HG005_GRCh38: cottas-merge merging — 657,000,000 triples · 657,000,000 distinct triples written
  Partitioned compression: HG005_GRCh38: cottas-merge merging — 657,250,000 triples · 657,250,000 distinct triples written
  Partitioned compression: HG005_GRCh38: cottas-merge complete — 657,425,805 triples · 657,425,805 distinct triples written
  Partitioned compression: HG005_GRCh38: cottas-merge complete — cottas-merge-stream
  Partitioned compression: HG005_GRCh38: cottas started — cottas-validate
  Partitioned compression: HG005_GRCh38: cottas complete — cottas-validate
Partitioned compression: HG005_GRCh38: finished
