TSV conversion: HG005_GRCh38_r1000000: started
TSV conversion: HG005_GRCh38_r1000000: finished
RMLStreamer: HG005_GRCh38_r1000000: started
  RMLStreamer: HG005_GRCh38_r1000000: rmlstreamer started — 0 B · 0 parts
  RMLStreamer: HG005_GRCh38_r1000000: rmlstreamer heartbeat — 0 B · 0 parts
  RMLStreamer: HG005_GRCh38_r1000000: rmlstreamer heartbeat — 1.32 MB · 8 parts
  RMLStreamer: HG005_GRCh38_r1000000: rmlstreamer heartbeat — 18.78 MB · 8 parts
  RMLStreamer: HG005_GRCh38_r1000000: rmlstreamer heartbeat — 42.34 MB · 8 parts
  RMLStreamer: HG005_GRCh38_r1000000: rmlstreamer heartbeat — 90.77 MB · 8 parts
  RMLStreamer: HG005_GRCh38_r1000000: rmlstreamer heartbeat — 138.59 MB · 8 parts
  RMLStreamer: HG005_GRCh38_r1000000: rmlstreamer heartbeat — 183.16 MB · 8 parts
  RMLStreamer: HG005_GRCh38_r1000000: rmlstreamer heartbeat — 228.05 MB · 8 parts
  RMLStreamer: HG005_GRCh38_r1000000: rmlstreamer heartbeat — 275.85 MB · 8 parts
  RMLStreamer: HG005_GRCh38_r1000000: rmlstreamer heartbeat — 324.48 MB · 8 parts
  RMLStreamer: HG005_GRCh38_r1000000: rmlstreamer heartbeat — 365.04 MB · 8 parts
  RMLStreamer: HG005_GRCh38_r1000000: rmlstreamer heartbeat — 412.16 MB · 8 parts
  RMLStreamer: HG005_GRCh38_r1000000: rmlstreamer heartbeat — 460.71 MB · 8 parts
  RMLStreamer: HG005_GRCh38_r1000000: rmlstreamer heartbeat — 510.04 MB · 8 parts
  RMLStreamer: HG005_GRCh38_r1000000: rmlstreamer heartbeat — 559.10 MB · 8 parts
  RMLStreamer: HG005_GRCh38_r1000000: rmlstreamer heartbeat — 608.88 MB · 8 parts
  RMLStreamer: HG005_GRCh38_r1000000: rmlstreamer heartbeat — 655.23 MB · 8 parts
  RMLStreamer: HG005_GRCh38_r1000000: rmlstreamer heartbeat — 701.52 MB · 8 parts
  RMLStreamer: HG005_GRCh38_r1000000: rmlstreamer heartbeat — 747.31 MB · 8 parts
  RMLStreamer: HG005_GRCh38_r1000000: rmlstreamer heartbeat — 793.03 MB · 8 parts
  RMLStreamer: HG005_GRCh38_r1000000: rmlstreamer heartbeat — 841.31 MB · 8 parts
  RMLStreamer: HG005_GRCh38_r1000000: rmlstreamer heartbeat — 890.31 MB · 8 parts
  RMLStreamer: HG005_GRCh38_r1000000: rmlstreamer heartbeat — 938.95 MB · 8 parts
  RMLStreamer: HG005_GRCh38_r1000000: rmlstreamer heartbeat — 988.22 MB · 8 parts
  RMLStreamer: HG005_GRCh38_r1000000: rmlstreamer heartbeat — 1.01 GB · 8 parts
  RMLStreamer: HG005_GRCh38_r1000000: rmlstreamer heartbeat — 1.06 GB · 8 parts
  RMLStreamer: HG005_GRCh38_r1000000: rmlstreamer heartbeat — 1.10 GB · 8 parts
  RMLStreamer: HG005_GRCh38_r1000000: rmlstreamer heartbeat — 1.12 GB · 8 parts
  RMLStreamer: HG005_GRCh38_r1000000: rmlstreamer complete — 1.12 GB · 8 parts
  RMLStreamer: HG005_GRCh38_r1000000: rdf-aggregate started — 0 parts
  RMLStreamer: HG005_GRCh38_r1000000: rdf-aggregate part — 1 parts
  RMLStreamer: HG005_GRCh38_r1000000: rdf-aggregate part — 2 parts
  RMLStreamer: HG005_GRCh38_r1000000: rdf-aggregate part — 3 parts
  RMLStreamer: HG005_GRCh38_r1000000: rdf-aggregate part — 4 parts
  RMLStreamer: HG005_GRCh38_r1000000: rdf-aggregate part — 5 parts
  RMLStreamer: HG005_GRCh38_r1000000: rdf-aggregate part — 6 parts
  RMLStreamer: HG005_GRCh38_r1000000: rdf-aggregate part — 7 parts
  RMLStreamer: HG005_GRCh38_r1000000: rdf-aggregate part — 8 parts
  RMLStreamer: HG005_GRCh38_r1000000: rdf-aggregate complete — 8 parts
RMLStreamer: HG005_GRCh38_r1000000: finished
Partitioned compression: HG005_GRCh38_r1000000: started
  Partitioned compression: HG005_GRCh38_r1000000: rdf-scan started — 0 triples
  Partitioned compression: HG005_GRCh38_r1000000: rdf-scan heartbeat — 503,715 triples · 67,108,934 bytes read
  Partitioned compression: HG005_GRCh38_r1000000: rdf-scan chunk — 1,007,358 triples · 1 chunks · 134,217,777 bytes read
  Partitioned compression: HG005_GRCh38_r1000000: hdt-chunks started — 0 chunks · hdt-build-00000
  Partitioned compression: HG005_GRCh38_r1000000: hdt-chunks complete — 1 chunks · hdt-build-00000
  Partitioned compression: HG005_GRCh38_r1000000: rdf-scan heartbeat — 1,007,359 triples · 134,217,930 bytes read
  Partitioned compression: HG005_GRCh38_r1000000: rdf-scan heartbeat — 1,510,713 triples · 201,326,860 bytes read
  Partitioned compression: HG005_GRCh38_r1000000: rdf-scan chunk — 2,013,935 triples · 2 chunks · 268,435,548 bytes read
  Partitioned compression: HG005_GRCh38_r1000000: hdt-chunks started — 1 chunks · hdt-build-00001
  Partitioned compression: HG005_GRCh38_r1000000: hdt-chunks complete — 2 chunks · hdt-build-00001
  Partitioned compression: HG005_GRCh38_r1000000: rdf-scan heartbeat — 2,013,937 triples · 268,435,792 bytes read
  Partitioned compression: HG005_GRCh38_r1000000: rdf-scan heartbeat — 2,517,120 triples · 335,544,764 bytes read
  Partitioned compression: HG005_GRCh38_r1000000: rdf-scan chunk — 3,020,336 triples · 3 chunks · 402,653,391 bytes read
  Partitioned compression: HG005_GRCh38_r1000000: hdt-chunks started — 2 chunks · hdt-build-00002
  Partitioned compression: HG005_GRCh38_r1000000: hdt-chunks complete — 3 chunks · hdt-build-00002
  Partitioned compression: HG005_GRCh38_r1000000: rdf-scan heartbeat — 3,020,338 triples · 402,653,673 bytes read
  Partitioned compression: HG005_GRCh38_r1000000: rdf-scan heartbeat — 3,523,533 triples · 469,762,574 bytes read
  Partitioned compression: HG005_GRCh38_r1000000: rdf-scan chunk — 4,026,950 triples · 4 chunks · 536,871,264 bytes read
  Partitioned compression: HG005_GRCh38_r1000000: hdt-chunks started — 3 chunks · hdt-build-00003
  Partitioned compression: HG005_GRCh38_r1000000: hdt-chunks complete — 4 chunks · hdt-build-00003
  Partitioned compression: HG005_GRCh38_r1000000: rdf-scan heartbeat — 4,026,952 triples · 536,871,513 bytes read
  Partitioned compression: HG005_GRCh38_r1000000: rdf-scan heartbeat — 4,531,316 triples · 603,980,520 bytes read
  Partitioned compression: HG005_GRCh38_r1000000: rdf-scan chunk — 5,040,227 triples · 5 chunks · 671,089,112 bytes read
  Partitioned compression: HG005_GRCh38_r1000000: hdt-chunks started — 4 chunks · hdt-build-00004
  Partitioned compression: HG005_GRCh38_r1000000: hdt-chunks complete — 5 chunks · hdt-build-00004
  Partitioned compression: HG005_GRCh38_r1000000: rdf-scan heartbeat — 5,040,230 triples · 671,089,504 bytes read
  Partitioned compression: HG005_GRCh38_r1000000: rdf-scan heartbeat — 5,547,166 triples · 738,198,429 bytes read
  Partitioned compression: HG005_GRCh38_r1000000: rdf-scan chunk — 6,050,630 triples · 6 chunks · 805,306,974 bytes read
  Partitioned compression: HG005_GRCh38_r1000000: hdt-chunks started — 5 chunks · hdt-build-00005
  Partitioned compression: HG005_GRCh38_r1000000: hdt-chunks complete — 6 chunks · hdt-build-00005
  Partitioned compression: HG005_GRCh38_r1000000: rdf-scan heartbeat — 6,050,633 triples · 805,307,409 bytes read
  Partitioned compression: HG005_GRCh38_r1000000: rdf-scan heartbeat — 6,553,856 triples · 872,416,341 bytes read
  Partitioned compression: HG005_GRCh38_r1000000: rdf-scan chunk — 7,057,332 triples · 7 chunks · 939,524,832 bytes read
  Partitioned compression: HG005_GRCh38_r1000000: hdt-chunks started — 6 chunks · hdt-build-00006
  Partitioned compression: HG005_GRCh38_r1000000: hdt-chunks complete — 7 chunks · hdt-build-00006
  Partitioned compression: HG005_GRCh38_r1000000: rdf-scan heartbeat — 7,057,335 triples · 939,525,240 bytes read
  Partitioned compression: HG005_GRCh38_r1000000: rdf-scan heartbeat — 7,560,792 triples · 1,006,634,204 bytes read
  Partitioned compression: HG005_GRCh38_r1000000: rdf-scan chunk — 8,063,995 triples · 8 chunks · 1,073,742,615 bytes read
  Partitioned compression: HG005_GRCh38_r1000000: hdt-chunks started — 7 chunks · hdt-build-00007
  Partitioned compression: HG005_GRCh38_r1000000: hdt-chunks complete — 8 chunks · hdt-build-00007
  Partitioned compression: HG005_GRCh38_r1000000: rdf-scan heartbeat — 8,063,999 triples · 1,073,743,147 bytes read
  Partitioned compression: HG005_GRCh38_r1000000: rdf-scan heartbeat — 8,567,676 triples · 1,140,852,104 bytes read
  Partitioned compression: HG005_GRCh38_r1000000: rdf-scan chunk — 9,059,835 triples · 9 chunks · 1,207,960,391 bytes read
  Partitioned compression: HG005_GRCh38_r1000000: hdt-chunks started — 8 chunks · hdt-build-00008
  Partitioned compression: HG005_GRCh38_r1000000: hdt-chunks complete — 9 chunks · hdt-build-00008
  Partitioned compression: HG005_GRCh38_r1000000: rdf-scan heartbeat — 9,059,839 triples · 1,207,961,006 bytes read
  Partitioned compression: HG005_GRCh38_r1000000: rdf-scan heartbeat — 9,477,275 triples · 1,275,070,003 bytes read
  Partitioned compression: HG005_GRCh38_r1000000: rdf-scan chunk — 9,893,150 triples · 10 chunks · 1,342,178,135 bytes read
  Partitioned compression: HG005_GRCh38_r1000000: hdt-chunks started — 9 chunks · hdt-build-00009
  Partitioned compression: HG005_GRCh38_r1000000: hdt-chunks complete — 10 chunks · hdt-build-00009
  Partitioned compression: HG005_GRCh38_r1000000: rdf-scan heartbeat — 9,893,155 triples · 1,342,178,967 bytes read
  Partitioned compression: HG005_GRCh38_r1000000: rdf-scan heartbeat — 10,307,130 triples · 1,409,287,852 bytes read
  Partitioned compression: HG005_GRCh38_r1000000: rdf-scan chunk — 10,721,132 triples · 11 chunks · 1,476,395,899 bytes read
  Partitioned compression: HG005_GRCh38_r1000000: hdt-chunks started — 10 chunks · hdt-build-00010
  Partitioned compression: HG005_GRCh38_r1000000: hdt-chunks complete — 11 chunks · hdt-build-00010
  Partitioned compression: HG005_GRCh38_r1000000: rdf-scan heartbeat — 10,721,138 triples · 1,476,396,866 bytes read
  Partitioned compression: HG005_GRCh38_r1000000: rdf-scan heartbeat — 11,135,116 triples · 1,543,505,745 bytes read
  Partitioned compression: HG005_GRCh38_r1000000: rdf-scan chunk — 11,549,076 triples · 12 chunks · 1,610,613,686 bytes read
  Partitioned compression: HG005_GRCh38_r1000000: hdt-chunks started — 11 chunks · hdt-build-00011
  Partitioned compression: HG005_GRCh38_r1000000: hdt-chunks complete — 12 chunks · hdt-build-00011
  Partitioned compression: HG005_GRCh38_r1000000: rdf-scan heartbeat — 11,549,082 triples · 1,610,614,679 bytes read
  Partitioned compression: HG005_GRCh38_r1000000: rdf-scan heartbeat — 11,963,056 triples · 1,677,723,702 bytes read
  Partitioned compression: HG005_GRCh38_r1000000: rdf-scan chunk — 12,376,992 triples · 13 chunks · 1,744,831,432 bytes read
  Partitioned compression: HG005_GRCh38_r1000000: hdt-chunks started — 12 chunks · hdt-build-00012
  Partitioned compression: HG005_GRCh38_r1000000: hdt-chunks complete — 13 chunks · hdt-build-00012
  Partitioned compression: HG005_GRCh38_r1000000: rdf-scan heartbeat — 12,377,000 triples · 1,744,832,667 bytes read
  Partitioned compression: HG005_GRCh38_r1000000: rdf-scan heartbeat — 12,790,921 triples · 1,811,941,557 bytes read
  Partitioned compression: HG005_GRCh38_r1000000: rdf-scan chunk — 13,204,844 triples · 14 chunks · 1,879,049,296 bytes read
  Partitioned compression: HG005_GRCh38_r1000000: hdt-chunks started — 13 chunks · hdt-build-00013
  Partitioned compression: HG005_GRCh38_r1000000: hdt-chunks complete — 14 chunks · hdt-build-00013
  Partitioned compression: HG005_GRCh38_r1000000: rdf-scan heartbeat — 13,204,852 triples · 1,879,050,577 bytes read
  Partitioned compression: HG005_GRCh38_r1000000: rdf-scan heartbeat — 13,618,788 triples · 1,946,159,549 bytes read
  Partitioned compression: HG005_GRCh38_r1000000: rdf-scan chunk — 14,032,726 triples · 15 chunks · 2,013,267,065 bytes read
  Partitioned compression: HG005_GRCh38_r1000000: hdt-chunks started — 14 chunks · hdt-build-00014
  Partitioned compression: HG005_GRCh38_r1000000: hdt-chunks complete — 15 chunks · hdt-build-00014
  Partitioned compression: HG005_GRCh38_r1000000: rdf-scan heartbeat — 14,032,734 triples · 2,013,268,446 bytes read
  Partitioned compression: HG005_GRCh38_r1000000: rdf-scan heartbeat — 14,446,679 triples · 2,080,377,353 bytes read
  Partitioned compression: HG005_GRCh38_r1000000: rdf-scan chunk — 14,860,640 triples · 16 chunks · 2,147,484,800 bytes read
  Partitioned compression: HG005_GRCh38_r1000000: hdt-chunks started — 15 chunks · hdt-build-00015
  Partitioned compression: HG005_GRCh38_r1000000: hdt-chunks complete — 16 chunks · hdt-build-00015
  Partitioned compression: HG005_GRCh38_r1000000: rdf-scan heartbeat — 14,860,649 triples · 2,147,486,217 bytes read
  Partitioned compression: HG005_GRCh38_r1000000: rdf-scan heartbeat — 15,274,589 triples · 2,214,595,246 bytes read
  Partitioned compression: HG005_GRCh38_r1000000: rdf-scan chunk — 15,688,540 triples · 17 chunks · 2,281,702,601 bytes read
  Partitioned compression: HG005_GRCh38_r1000000: hdt-chunks started — 16 chunks · hdt-build-00016
  Partitioned compression: HG005_GRCh38_r1000000: hdt-chunks complete — 17 chunks · hdt-build-00016
  Partitioned compression: HG005_GRCh38_r1000000: rdf-scan heartbeat — 15,688,549 triples · 2,281,704,149 bytes read
  Partitioned compression: HG005_GRCh38_r1000000: rdf-scan heartbeat — 16,102,542 triples · 2,348,813,155 bytes read
  Partitioned compression: HG005_GRCh38_r1000000: rdf-scan chunk — 16,513,232 triples · 18 chunks · 2,415,920,431 bytes read
  Partitioned compression: HG005_GRCh38_r1000000: hdt-chunks started — 17 chunks · hdt-build-00017
  Partitioned compression: HG005_GRCh38_r1000000: hdt-chunks complete — 18 chunks · hdt-build-00017
  Partitioned compression: HG005_GRCh38_r1000000: rdf-scan heartbeat — 16,513,242 triples · 2,415,922,056 bytes read
  Partitioned compression: HG005_GRCh38_r1000000: rdf-scan heartbeat — 16,923,921 triples · 2,483,031,065 bytes read
  Partitioned compression: HG005_GRCh38_r1000000: rdf-scan chunk — 17,334,565 triples · 19 chunks · 2,550,138,217 bytes read
  Partitioned compression: HG005_GRCh38_r1000000: hdt-chunks started — 18 chunks · hdt-build-00018
  Partitioned compression: HG005_GRCh38_r1000000: hdt-chunks complete — 19 chunks · hdt-build-00018
  Partitioned compression: HG005_GRCh38_r1000000: rdf-scan heartbeat — 17,334,576 triples · 2,550,140,038 bytes read
  Partitioned compression: HG005_GRCh38_r1000000: rdf-scan heartbeat — 17,745,275 triples · 2,617,249,020 bytes read
  Partitioned compression: HG005_GRCh38_r1000000: rdf-scan chunk — 18,155,936 triples · 20 chunks · 2,684,356,011 bytes read
  Partitioned compression: HG005_GRCh38_r1000000: hdt-chunks started — 19 chunks · hdt-build-00019
  Partitioned compression: HG005_GRCh38_r1000000: hdt-chunks complete — 20 chunks · hdt-build-00019
  Partitioned compression: HG005_GRCh38_r1000000: rdf-scan heartbeat — 18,155,948 triples · 2,684,357,985 bytes read
  Partitioned compression: HG005_GRCh38_r1000000: rdf-scan heartbeat — 18,566,598 triples · 2,751,466,961 bytes read
  Partitioned compression: HG005_GRCh38_r1000000: rdf-scan chunk — 18,977,303 triples · 21 chunks · 2,818,573,765 bytes read
  Partitioned compression: HG005_GRCh38_r1000000: hdt-chunks started — 20 chunks · hdt-build-00020
  Partitioned compression: HG005_GRCh38_r1000000: hdt-chunks complete — 21 chunks · hdt-build-00020
  Partitioned compression: HG005_GRCh38_r1000000: rdf-scan heartbeat — 18,977,316 triples · 2,818,575,934 bytes read
  Partitioned compression: HG005_GRCh38_r1000000: rdf-scan heartbeat — 19,388,010 triples · 2,885,684,819 bytes read
  Partitioned compression: HG005_GRCh38_r1000000: rdf-scan chunk — 19,798,652 triples · 22 chunks · 2,952,791,582 bytes read
  Partitioned compression: HG005_GRCh38_r1000000: hdt-chunks started — 21 chunks · hdt-build-00021
  Partitioned compression: HG005_GRCh38_r1000000: hdt-chunks complete — 22 chunks · hdt-build-00021
  Partitioned compression: HG005_GRCh38_r1000000: rdf-scan heartbeat — 19,798,665 triples · 2,952,793,702 bytes read
  Partitioned compression: HG005_GRCh38_r1000000: rdf-scan heartbeat — 20,209,294 triples · 3,019,902,585 bytes read
  Partitioned compression: HG005_GRCh38_r1000000: rdf-scan chunk — 20,620,062 triples · 23 chunks · 3,087,009,332 bytes read
  Partitioned compression: HG005_GRCh38_r1000000: hdt-chunks started — 22 chunks · hdt-build-00022
  Partitioned compression: HG005_GRCh38_r1000000: hdt-chunks complete — 23 chunks · hdt-build-00022
  Partitioned compression: HG005_GRCh38_r1000000: rdf-scan heartbeat — 20,620,076 triples · 3,087,011,492 bytes read
  Partitioned compression: HG005_GRCh38_r1000000: rdf-scan heartbeat — 21,030,783 triples · 3,154,120,475 bytes read
  Partitioned compression: HG005_GRCh38_r1000000: rdf-scan chunk — 21,441,457 triples · 24 chunks · 3,221,227,110 bytes read
  Partitioned compression: HG005_GRCh38_r1000000: hdt-chunks started — 23 chunks · hdt-build-00023
  Partitioned compression: HG005_GRCh38_r1000000: hdt-chunks complete — 24 chunks · hdt-build-00023
  Partitioned compression: HG005_GRCh38_r1000000: rdf-scan heartbeat — 21,441,471 triples · 3,221,229,352 bytes read
  Partitioned compression: HG005_GRCh38_r1000000: rdf-scan heartbeat — 21,852,159 triples · 3,288,338,241 bytes read
  Partitioned compression: HG005_GRCh38_r1000000: rdf-scan chunk — 22,262,840 triples · 25 chunks · 3,355,444,890 bytes read
  Partitioned compression: HG005_GRCh38_r1000000: hdt-chunks started — 24 chunks · hdt-build-00024
  Partitioned compression: HG005_GRCh38_r1000000: hdt-chunks complete — 25 chunks · hdt-build-00024
  Partitioned compression: HG005_GRCh38_r1000000: rdf-scan heartbeat — 22,262,854 triples · 3,355,447,170 bytes read
  Partitioned compression: HG005_GRCh38_r1000000: rdf-scan heartbeat — 22,673,519 triples · 3,422,556,146 bytes read
  Partitioned compression: HG005_GRCh38_r1000000: rdf-scan chunk — 23,084,151 triples · 26 chunks · 3,489,662,725 bytes read
  Partitioned compression: HG005_GRCh38_r1000000: hdt-chunks started — 25 chunks · hdt-build-00025
  Partitioned compression: HG005_GRCh38_r1000000: hdt-chunks complete — 26 chunks · hdt-build-00025
  Partitioned compression: HG005_GRCh38_r1000000: rdf-scan heartbeat — 23,084,166 triples · 3,489,665,131 bytes read
  Partitioned compression: HG005_GRCh38_r1000000: rdf-scan heartbeat — 23,494,822 triples · 3,556,774,128 bytes read
  Partitioned compression: HG005_GRCh38_r1000000: rdf-scan chunk — 23,905,461 triples · 27 chunks · 3,623,880,613 bytes read
  Partitioned compression: HG005_GRCh38_r1000000: hdt-chunks started — 26 chunks · hdt-build-00026
  Partitioned compression: HG005_GRCh38_r1000000: hdt-chunks complete — 27 chunks · hdt-build-00026
  Partitioned compression: HG005_GRCh38_r1000000: rdf-scan heartbeat — 23,905,476 triples · 3,623,883,073 bytes read
  Partitioned compression: HG005_GRCh38_r1000000: rdf-scan heartbeat — 24,316,112 triples · 3,690,991,986 bytes read
  Partitioned compression: HG005_GRCh38_r1000000: rdf-scan chunk — 24,726,836 triples · 28 chunks · 3,758,098,384 bytes read
  Partitioned compression: HG005_GRCh38_r1000000: hdt-chunks started — 27 chunks · hdt-build-00027
  Partitioned compression: HG005_GRCh38_r1000000: hdt-chunks complete — 28 chunks · hdt-build-00027
  Partitioned compression: HG005_GRCh38_r1000000: rdf-scan heartbeat — 24,726,851 triples · 3,758,100,886 bytes read
  Partitioned compression: HG005_GRCh38_r1000000: rdf-scan heartbeat — 25,137,491 triples · 3,825,209,757 bytes read
  Partitioned compression: HG005_GRCh38_r1000000: rdf-scan chunk — 25,548,159 triples · 29 chunks · 3,892,316,176 bytes read
  Partitioned compression: HG005_GRCh38_r1000000: hdt-chunks started — 28 chunks · hdt-build-00028
  Partitioned compression: HG005_GRCh38_r1000000: hdt-chunks complete — 29 chunks · hdt-build-00028
  Partitioned compression: HG005_GRCh38_r1000000: rdf-scan heartbeat — 25,548,174 triples · 3,892,318,642 bytes read
  Partitioned compression: HG005_GRCh38_r1000000: rdf-scan heartbeat — 25,958,806 triples · 3,959,427,557 bytes read
  Partitioned compression: HG005_GRCh38_r1000000: rdf-scan chunk — 26,369,446 triples · 30 chunks · 4,026,533,947 bytes read
  Partitioned compression: HG005_GRCh38_r1000000: hdt-chunks started — 29 chunks · hdt-build-00029
  Partitioned compression: HG005_GRCh38_r1000000: hdt-chunks complete — 30 chunks · hdt-build-00029
  Partitioned compression: HG005_GRCh38_r1000000: rdf-scan heartbeat — 26,369,462 triples · 4,026,536,529 bytes read
  Partitioned compression: HG005_GRCh38_r1000000: rdf-scan heartbeat — 26,780,116 triples · 4,093,645,457 bytes read
  Partitioned compression: HG005_GRCh38_r1000000: rdf-scan chunk — 27,190,757 triples · 31 chunks · 4,160,751,735 bytes read
  Partitioned compression: HG005_GRCh38_r1000000: hdt-chunks started — 30 chunks · hdt-build-00030
  Partitioned compression: HG005_GRCh38_r1000000: hdt-chunks complete — 31 chunks · hdt-build-00030
  Partitioned compression: HG005_GRCh38_r1000000: rdf-scan heartbeat — 27,190,773 triples · 4,160,754,331 bytes read
  Partitioned compression: HG005_GRCh38_r1000000: rdf-scan heartbeat — 27,601,446 triples · 4,227,863,290 bytes read
  Partitioned compression: HG005_GRCh38_r1000000: rdf-scan chunk — 28,012,088 triples · 32 chunks · 4,294,969,552 bytes read
  Partitioned compression: HG005_GRCh38_r1000000: hdt-chunks started — 31 chunks · hdt-build-00031
  Partitioned compression: HG005_GRCh38_r1000000: hdt-chunks complete — 32 chunks · hdt-build-00031
  Partitioned compression: HG005_GRCh38_r1000000: rdf-scan heartbeat — 28,012,104 triples · 4,294,972,188 bytes read
  Partitioned compression: HG005_GRCh38_r1000000: rdf-scan heartbeat — 28,422,772 triples · 4,362,081,076 bytes read
  Partitioned compression: HG005_GRCh38_r1000000: rdf-scan chunk — 28,833,403 triples · 33 chunks · 4,429,187,352 bytes read
  Partitioned compression: HG005_GRCh38_r1000000: hdt-chunks started — 32 chunks · hdt-build-00032
  Partitioned compression: HG005_GRCh38_r1000000: hdt-chunks complete — 33 chunks · hdt-build-00032
  Partitioned compression: HG005_GRCh38_r1000000: rdf-scan heartbeat — 28,833,419 triples · 4,429,190,004 bytes read
  Partitioned compression: HG005_GRCh38_r1000000: rdf-scan heartbeat — 29,244,073 triples · 4,496,299,033 bytes read
  Partitioned compression: HG005_GRCh38_r1000000: rdf-scan chunk — 29,654,775 triples · 34 chunks · 4,563,405,159 bytes read
  Partitioned compression: HG005_GRCh38_r1000000: hdt-chunks started — 33 chunks · hdt-build-00033
  Partitioned compression: HG005_GRCh38_r1000000: hdt-chunks complete — 34 chunks · hdt-build-00033
  Partitioned compression: HG005_GRCh38_r1000000: rdf-scan heartbeat — 29,654,792 triples · 4,563,407,984 bytes read
  Partitioned compression: HG005_GRCh38_r1000000: rdf-scan heartbeat — 30,065,500 triples · 4,630,516,915 bytes read
  Partitioned compression: HG005_GRCh38_r1000000: rdf-scan chunk — 30,476,178 triples · 35 chunks · 4,697,622,963 bytes read
  Partitioned compression: HG005_GRCh38_r1000000: hdt-chunks started — 34 chunks · hdt-build-00034
  Partitioned compression: HG005_GRCh38_r1000000: hdt-chunks complete — 35 chunks · hdt-build-00034
  Partitioned compression: HG005_GRCh38_r1000000: rdf-scan heartbeat — 30,476,195 triples · 4,697,625,783 bytes read
  Partitioned compression: HG005_GRCh38_r1000000: rdf-scan heartbeat — 30,886,891 triples · 4,764,734,681 bytes read
  Partitioned compression: HG005_GRCh38_r1000000: rdf-scan chunk — 31,297,716 triples · 36 chunks · 4,831,840,742 bytes read
  Partitioned compression: HG005_GRCh38_r1000000: hdt-chunks started — 35 chunks · hdt-build-00035
  Partitioned compression: HG005_GRCh38_r1000000: hdt-chunks complete — 36 chunks · hdt-build-00035
  Partitioned compression: HG005_GRCh38_r1000000: rdf-scan heartbeat — 31,297,734 triples · 4,831,843,613 bytes read
  Partitioned compression: HG005_GRCh38_r1000000: rdf-scan heartbeat — 31,708,440 triples · 4,898,952,657 bytes read
  Partitioned compression: HG005_GRCh38_r1000000: rdf-scan chunk — 32,119,104 triples · 37 chunks · 4,966,058,540 bytes read
  Partitioned compression: HG005_GRCh38_r1000000: hdt-chunks started — 36 chunks · hdt-build-00036
  Partitioned compression: HG005_GRCh38_r1000000: hdt-chunks complete — 37 chunks · hdt-build-00036
  Partitioned compression: HG005_GRCh38_r1000000: rdf-scan heartbeat — 32,119,122 triples · 4,966,061,526 bytes read
  Partitioned compression: HG005_GRCh38_r1000000: rdf-scan heartbeat — 32,529,815 triples · 5,033,170,437 bytes read
  Partitioned compression: HG005_GRCh38_r1000000: rdf-scan chunk — 32,940,465 triples · 38 chunks · 5,100,276,359 bytes read
  Partitioned compression: HG005_GRCh38_r1000000: hdt-chunks started — 37 chunks · hdt-build-00037
  Partitioned compression: HG005_GRCh38_r1000000: hdt-chunks complete — 38 chunks · hdt-build-00037
  Partitioned compression: HG005_GRCh38_r1000000: rdf-scan heartbeat — 32,940,483 triples · 5,100,279,322 bytes read
  Partitioned compression: HG005_GRCh38_r1000000: rdf-scan heartbeat — 33,351,159 triples · 5,167,388,349 bytes read
  Partitioned compression: HG005_GRCh38_r1000000: rdf-scan chunk — 33,761,801 triples · 39 chunks · 5,234,494,133 bytes read
  Partitioned compression: HG005_GRCh38_r1000000: hdt-chunks started — 38 chunks · hdt-build-00038
  Partitioned compression: HG005_GRCh38_r1000000: hdt-chunks complete — 39 chunks · hdt-build-00038
  Partitioned compression: HG005_GRCh38_r1000000: rdf-scan heartbeat — 33,761,821 triples · 5,234,497,259 bytes read
  Partitioned compression: HG005_GRCh38_r1000000: rdf-scan heartbeat — 34,172,498 triples · 5,301,606,250 bytes read
  Partitioned compression: HG005_GRCh38_r1000000: rdf-scan chunk — 34,583,147 triples · 40 chunks · 5,368,711,916 bytes read
  Partitioned compression: HG005_GRCh38_r1000000: hdt-chunks started — 39 chunks · hdt-build-00039
  Partitioned compression: HG005_GRCh38_r1000000: hdt-chunks complete — 40 chunks · hdt-build-00039
  Partitioned compression: HG005_GRCh38_r1000000: rdf-scan heartbeat — 34,583,167 triples · 5,368,715,156 bytes read
  Partitioned compression: HG005_GRCh38_r1000000: rdf-scan heartbeat — 34,993,858 triples · 5,435,824,164 bytes read
  Partitioned compression: HG005_GRCh38_r1000000: rdf-scan chunk — 35,404,550 triples · 41 chunks · 5,502,929,770 bytes read
  Partitioned compression: HG005_GRCh38_r1000000: hdt-chunks started — 40 chunks · hdt-build-00040
  Partitioned compression: HG005_GRCh38_r1000000: hdt-chunks complete — 41 chunks · hdt-build-00040
  Partitioned compression: HG005_GRCh38_r1000000: rdf-scan heartbeat — 35,404,570 triples · 5,502,933,097 bytes read
  Partitioned compression: HG005_GRCh38_r1000000: rdf-scan heartbeat — 35,815,226 triples · 5,570,042,019 bytes read
  Partitioned compression: HG005_GRCh38_r1000000: rdf-scan chunk — 36,225,863 triples · 42 chunks · 5,637,147,622 bytes read
  Partitioned compression: HG005_GRCh38_r1000000: hdt-chunks started — 41 chunks · hdt-build-00041
  Partitioned compression: HG005_GRCh38_r1000000: hdt-chunks complete — 42 chunks · hdt-build-00041
  Partitioned compression: HG005_GRCh38_r1000000: rdf-scan heartbeat — 36,225,883 triples · 5,637,150,953 bytes read
  Partitioned compression: HG005_GRCh38_r1000000: rdf-scan heartbeat — 36,636,539 triples · 5,704,259,834 bytes read
  Partitioned compression: HG005_GRCh38_r1000000: rdf-scan chunk — 37,047,156 triples · 43 chunks · 5,771,365,383 bytes read
  Partitioned compression: HG005_GRCh38_r1000000: hdt-chunks started — 42 chunks · hdt-build-00042
  Partitioned compression: HG005_GRCh38_r1000000: hdt-chunks complete — 43 chunks · hdt-build-00042
  Partitioned compression: HG005_GRCh38_r1000000: rdf-scan heartbeat — 37,047,176 triples · 5,771,368,704 bytes read
  Partitioned compression: HG005_GRCh38_r1000000: rdf-scan heartbeat — 37,457,829 triples · 5,838,477,670 bytes read
  Partitioned compression: HG005_GRCh38_r1000000: rdf-scan chunk — 37,868,433 triples · 44 chunks · 5,905,583,144 bytes read
  Partitioned compression: HG005_GRCh38_r1000000: hdt-chunks started — 43 chunks · hdt-build-00043
  Partitioned compression: HG005_GRCh38_r1000000: hdt-chunks complete — 44 chunks · hdt-build-00043
  Partitioned compression: HG005_GRCh38_r1000000: rdf-scan heartbeat — 37,868,454 triples · 5,905,586,641 bytes read
  Partitioned compression: HG005_GRCh38_r1000000: rdf-scan heartbeat — 38,279,089 triples · 5,972,695,644 bytes read
  Partitioned compression: HG005_GRCh38_r1000000: rdf-scan chunk — 38,689,736 triples · 45 chunks · 6,039,800,951 bytes read
  Partitioned compression: HG005_GRCh38_r1000000: hdt-chunks started — 44 chunks · hdt-build-00044
  Partitioned compression: HG005_GRCh38_r1000000: hdt-chunks complete — 45 chunks · hdt-build-00044
  Partitioned compression: HG005_GRCh38_r1000000: rdf-scan heartbeat — 38,689,758 triples · 6,039,804,626 bytes read
  Partitioned compression: HG005_GRCh38_r1000000: rdf-scan heartbeat — 39,100,439 triples · 6,106,913,546 bytes read
  Partitioned compression: HG005_GRCh38_r1000000: rdf-scan chunk — 39,511,107 triples · 46 chunks · 6,174,018,761 bytes read
  Partitioned compression: HG005_GRCh38_r1000000: hdt-chunks started — 45 chunks · hdt-build-00045
  Partitioned compression: HG005_GRCh38_r1000000: hdt-chunks complete — 46 chunks · hdt-build-00045
  Partitioned compression: HG005_GRCh38_r1000000: rdf-scan heartbeat — 39,511,130 triples · 6,174,022,431 bytes read
  Partitioned compression: HG005_GRCh38_r1000000: rdf-scan heartbeat — 39,921,776 triples · 6,241,131,365 bytes read
  Partitioned compression: HG005_GRCh38_r1000000: rdf-scan chunk — 40,332,466 triples · 47 chunks · 6,308,236,514 bytes read
  Partitioned compression: HG005_GRCh38_r1000000: hdt-chunks started — 46 chunks · hdt-build-00046
  Partitioned compression: HG005_GRCh38_r1000000: hdt-chunks complete — 47 chunks · hdt-build-00046
  Partitioned compression: HG005_GRCh38_r1000000: rdf-scan heartbeat — 40,332,489 triples · 6,308,240,317 bytes read
  Partitioned compression: HG005_GRCh38_r1000000: rdf-scan heartbeat — 40,743,151 triples · 6,375,349,346 bytes read
  Partitioned compression: HG005_GRCh38_r1000000: rdf-scan chunk — 41,153,826 triples · 48 chunks · 6,442,454,312 bytes read
  Partitioned compression: HG005_GRCh38_r1000000: hdt-chunks started — 47 chunks · hdt-build-00047
  Partitioned compression: HG005_GRCh38_r1000000: hdt-chunks complete — 48 chunks · hdt-build-00047
  Partitioned compression: HG005_GRCh38_r1000000: rdf-scan heartbeat — 41,153,850 triples · 6,442,458,284 bytes read
  Partitioned compression: HG005_GRCh38_r1000000: rdf-scan heartbeat — 41,564,542 triples · 6,509,567,227 bytes read
  Partitioned compression: HG005_GRCh38_r1000000: rdf-scan chunk — 41,975,183 triples · 49 chunks · 6,576,672,098 bytes read
  Partitioned compression: HG005_GRCh38_r1000000: hdt-chunks started — 48 chunks · hdt-build-00048
  Partitioned compression: HG005_GRCh38_r1000000: hdt-chunks complete — 49 chunks · hdt-build-00048
  Partitioned compression: HG005_GRCh38_r1000000: rdf-scan heartbeat — 41,975,207 triples · 6,576,676,095 bytes read
  Partitioned compression: HG005_GRCh38_r1000000: rdf-scan heartbeat — 42,385,906 triples · 6,643,785,051 bytes read
  Partitioned compression: HG005_GRCh38_r1000000: rdf-scan chunk — 42,796,555 triples · 50 chunks · 6,710,889,856 bytes read
  Partitioned compression: HG005_GRCh38_r1000000: hdt-chunks started — 49 chunks · hdt-build-00049
  Partitioned compression: HG005_GRCh38_r1000000: hdt-chunks complete — 50 chunks · hdt-build-00049
  Partitioned compression: HG005_GRCh38_r1000000: rdf-scan heartbeat — 42,796,580 triples · 6,710,893,947 bytes read
  Partitioned compression: HG005_GRCh38_r1000000: rdf-scan heartbeat — 43,207,221 triples · 6,778,002,817 bytes read
  Partitioned compression: HG005_GRCh38_r1000000: rdf-scan chunk — 43,617,984 triples · 51 chunks · 6,845,107,623 bytes read
  Partitioned compression: HG005_GRCh38_r1000000: hdt-chunks started — 50 chunks · hdt-build-00050
  Partitioned compression: HG005_GRCh38_r1000000: hdt-chunks complete — 51 chunks · hdt-build-00050
  Partitioned compression: HG005_GRCh38_r1000000: rdf-scan heartbeat — 43,618,009 triples · 6,845,111,697 bytes read
  Partitioned compression: HG005_GRCh38_r1000000: rdf-scan heartbeat — 44,028,656 triples · 6,912,220,574 bytes read
  Partitioned compression: HG005_GRCh38_r1000000: rdf-scan chunk — 44,439,277 triples · 52 chunks · 6,979,325,460 bytes read
  Partitioned compression: HG005_GRCh38_r1000000: hdt-chunks started — 51 chunks · hdt-build-00051
  Partitioned compression: HG005_GRCh38_r1000000: hdt-chunks complete — 52 chunks · hdt-build-00051
  Partitioned compression: HG005_GRCh38_r1000000: rdf-scan heartbeat — 44,439,302 triples · 6,979,329,531 bytes read
  Partitioned compression: HG005_GRCh38_r1000000: rdf-scan heartbeat — 44,849,957 triples · 7,046,438,528 bytes read
  Partitioned compression: HG005_GRCh38_r1000000: rdf-scan chunk — 45,260,564 triples · 53 chunks · 7,113,543,234 bytes read
  Partitioned compression: HG005_GRCh38_r1000000: hdt-chunks started — 52 chunks · hdt-build-00052
  Partitioned compression: HG005_GRCh38_r1000000: hdt-chunks complete — 53 chunks · hdt-build-00052
  Partitioned compression: HG005_GRCh38_r1000000: rdf-scan heartbeat — 45,260,589 triples · 7,113,547,410 bytes read
  Partitioned compression: HG005_GRCh38_r1000000: rdf-scan heartbeat — 45,671,215 triples · 7,180,656,350 bytes read
  Partitioned compression: HG005_GRCh38_r1000000: rdf-scan chunk — 46,081,829 triples · 54 chunks · 7,247,761,067 bytes read
  Partitioned compression: HG005_GRCh38_r1000000: hdt-chunks started — 53 chunks · hdt-build-00053
  Partitioned compression: HG005_GRCh38_r1000000: hdt-chunks complete — 54 chunks · hdt-build-00053
  Partitioned compression: HG005_GRCh38_r1000000: rdf-scan heartbeat — 46,081,855 triples · 7,247,765,345 bytes read
  Partitioned compression: HG005_GRCh38_r1000000: rdf-scan heartbeat — 46,492,496 triples · 7,314,874,306 bytes read
  Partitioned compression: HG005_GRCh38_r1000000: rdf-scan chunk — 46,903,122 triples · 55 chunks · 7,381,978,913 bytes read
  Partitioned compression: HG005_GRCh38_r1000000: hdt-chunks started — 54 chunks · hdt-build-00054
  Partitioned compression: HG005_GRCh38_r1000000: hdt-chunks complete — 55 chunks · hdt-build-00054
  Partitioned compression: HG005_GRCh38_r1000000: rdf-scan heartbeat — 46,903,149 triples · 7,381,983,238 bytes read
  Partitioned compression: HG005_GRCh38_r1000000: rdf-scan heartbeat — 47,313,786 triples · 7,449,092,184 bytes read
  Partitioned compression: HG005_GRCh38_r1000000: rdf-scan chunk — 47,724,417 triples · 56 chunks · 7,516,196,645 bytes read
  Partitioned compression: HG005_GRCh38_r1000000: hdt-chunks started — 55 chunks · hdt-build-00055
  Partitioned compression: HG005_GRCh38_r1000000: hdt-chunks complete — 56 chunks · hdt-build-00055
  Partitioned compression: HG005_GRCh38_r1000000: rdf-scan heartbeat — 47,724,445 triples · 7,516,201,165 bytes read
  Partitioned compression: HG005_GRCh38_r1000000: rdf-scan heartbeat — 48,135,111 triples · 7,583,310,133 bytes read
  Partitioned compression: HG005_GRCh38_r1000000: rdf-scan chunk — 48,545,727 triples · 57 chunks · 7,650,414,381 bytes read
  Partitioned compression: HG005_GRCh38_r1000000: hdt-chunks started — 56 chunks · hdt-build-00056
  Partitioned compression: HG005_GRCh38_r1000000: hdt-chunks complete — 57 chunks · hdt-build-00056
  Partitioned compression: HG005_GRCh38_r1000000: rdf-scan heartbeat — 48,545,756 triples · 7,650,419,148 bytes read
  Partitioned compression: HG005_GRCh38_r1000000: rdf-scan heartbeat — 48,956,398 triples · 7,717,528,079 bytes read
  Partitioned compression: HG005_GRCh38_r1000000: rdf-scan chunk — 49,367,027 triples · 58 chunks · 7,784,632,166 bytes read
  Partitioned compression: HG005_GRCh38_r1000000: hdt-chunks started — 57 chunks · hdt-build-00057
  Partitioned compression: HG005_GRCh38_r1000000: hdt-chunks complete — 58 chunks · hdt-build-00057
  Partitioned compression: HG005_GRCh38_r1000000: rdf-scan heartbeat — 49,367,057 triples · 7,784,636,981 bytes read
  Partitioned compression: HG005_GRCh38_r1000000: rdf-scan heartbeat — 49,777,727 triples · 7,851,746,002 bytes read
  Partitioned compression: HG005_GRCh38_r1000000: rdf-scan chunk — 50,188,339 triples · 59 chunks · 7,918,849,935 bytes read
  Partitioned compression: HG005_GRCh38_r1000000: hdt-chunks started — 58 chunks · hdt-build-00058
  Partitioned compression: HG005_GRCh38_r1000000: hdt-chunks complete — 59 chunks · hdt-build-00058
  Partitioned compression: HG005_GRCh38_r1000000: rdf-scan heartbeat — 50,188,370 triples · 7,918,855,038 bytes read
  Partitioned compression: HG005_GRCh38_r1000000: rdf-scan heartbeat — 50,598,997 triples · 7,985,963,908 bytes read
  Partitioned compression: HG005_GRCh38_r1000000: rdf-scan chunk — 51,009,621 triples · 60 chunks · 8,053,067,833 bytes read
  Partitioned compression: HG005_GRCh38_r1000000: hdt-chunks started — 59 chunks · hdt-build-00059
  Partitioned compression: HG005_GRCh38_r1000000: hdt-chunks complete — 60 chunks · hdt-build-00059
  Partitioned compression: HG005_GRCh38_r1000000: rdf-scan heartbeat — 51,009,652 triples · 8,053,072,938 bytes read
  Partitioned compression: HG005_GRCh38_r1000000: rdf-scan heartbeat — 51,420,313 triples · 8,120,181,862 bytes read
  Partitioned compression: HG005_GRCh38_r1000000: rdf-scan chunk — 51,830,959 triples · 61 chunks · 8,187,285,625 bytes read
  Partitioned compression: HG005_GRCh38_r1000000: hdt-chunks started — 60 chunks · hdt-build-00060
  Partitioned compression: HG005_GRCh38_r1000000: hdt-chunks complete — 61 chunks · hdt-build-00060
  Partitioned compression: HG005_GRCh38_r1000000: rdf-scan heartbeat — 51,830,992 triples · 8,187,290,887 bytes read
  Partitioned compression: HG005_GRCh38_r1000000: rdf-scan heartbeat — 52,241,660 triples · 8,254,399,871 bytes read
  Partitioned compression: HG005_GRCh38_r1000000: rdf-scan chunk — 52,652,263 triples · 62 chunks · 8,321,503,451 bytes read
  Partitioned compression: HG005_GRCh38_r1000000: hdt-chunks started — 61 chunks · hdt-build-00061
  Partitioned compression: HG005_GRCh38_r1000000: hdt-chunks complete — 62 chunks · hdt-build-00061
  Partitioned compression: HG005_GRCh38_r1000000: rdf-scan heartbeat — 52,652,296 triples · 8,321,508,852 bytes read
  Partitioned compression: HG005_GRCh38_r1000000: rdf-scan heartbeat — 53,062,989 triples · 8,388,617,754 bytes read
  Partitioned compression: HG005_GRCh38_r1000000: rdf-scan chunk — 53,473,602 triples · 63 chunks · 8,455,721,187 bytes read
  Partitioned compression: HG005_GRCh38_r1000000: hdt-chunks started — 62 chunks · hdt-build-00062
  Partitioned compression: HG005_GRCh38_r1000000: hdt-chunks complete — 63 chunks · hdt-build-00062
  Partitioned compression: HG005_GRCh38_r1000000: rdf-scan heartbeat — 53,473,635 triples · 8,455,726,651 bytes read
  Partitioned compression: HG005_GRCh38_r1000000: rdf-scan heartbeat — 53,884,315 triples · 8,522,835,530 bytes read
  Partitioned compression: HG005_GRCh38_r1000000: rdf-scan chunk — 54,294,955 triples · 64 chunks · 8,589,939,000 bytes read
  Partitioned compression: HG005_GRCh38_r1000000: hdt-chunks started — 63 chunks · hdt-build-00063
  Partitioned compression: HG005_GRCh38_r1000000: hdt-chunks complete — 64 chunks · hdt-build-00063
  Partitioned compression: HG005_GRCh38_r1000000: rdf-scan heartbeat — 54,294,988 triples · 8,589,944,488 bytes read
  Partitioned compression: HG005_GRCh38_r1000000: rdf-scan heartbeat — 54,705,716 triples · 8,657,053,393 bytes read
  Partitioned compression: HG005_GRCh38_r1000000: rdf-scan chunk — 55,116,406 triples · 65 chunks · 8,724,156,842 bytes read
  Partitioned compression: HG005_GRCh38_r1000000: hdt-chunks started — 64 chunks · hdt-build-00064
  Partitioned compression: HG005_GRCh38_r1000000: hdt-chunks complete — 65 chunks · hdt-build-00064
  Partitioned compression: HG005_GRCh38_r1000000: rdf-scan heartbeat — 55,116,439 triples · 8,724,162,355 bytes read
  Partitioned compression: HG005_GRCh38_r1000000: rdf-scan heartbeat — 55,527,150 triples · 8,791,271,234 bytes read
  Partitioned compression: HG005_GRCh38_r1000000: rdf-scan chunk — 55,937,817 triples · 66 chunks · 8,858,374,585 bytes read
  Partitioned compression: HG005_GRCh38_r1000000: hdt-chunks started — 65 chunks · hdt-build-00065
  Partitioned compression: HG005_GRCh38_r1000000: hdt-chunks complete — 66 chunks · hdt-build-00065
  Partitioned compression: HG005_GRCh38_r1000000: rdf-scan heartbeat — 55,937,851 triples · 8,858,380,125 bytes read
  Partitioned compression: HG005_GRCh38_r1000000: rdf-scan heartbeat — 56,348,542 triples · 8,925,489,084 bytes read
  Partitioned compression: HG005_GRCh38_r1000000: rdf-scan chunk — 56,759,154 triples · 67 chunks · 8,992,592,432 bytes read
  Partitioned compression: HG005_GRCh38_r1000000: hdt-chunks started — 66 chunks · hdt-build-00066
  Partitioned compression: HG005_GRCh38_r1000000: hdt-chunks complete — 67 chunks · hdt-build-00066
  Partitioned compression: HG005_GRCh38_r1000000: rdf-scan heartbeat — 56,759,189 triples · 8,992,598,074 bytes read
  Partitioned compression: HG005_GRCh38_r1000000: rdf-scan heartbeat — 57,169,866 triples · 9,059,707,015 bytes read
  Partitioned compression: HG005_GRCh38_r1000000: rdf-scan chunk — 57,580,528 triples · 68 chunks · 9,126,810,296 bytes read
  Partitioned compression: HG005_GRCh38_r1000000: hdt-chunks started — 67 chunks · hdt-build-00067
  Partitioned compression: HG005_GRCh38_r1000000: hdt-chunks complete — 68 chunks · hdt-build-00067
  Partitioned compression: HG005_GRCh38_r1000000: rdf-scan heartbeat — 57,580,562 triples · 9,126,815,971 bytes read
  Partitioned compression: HG005_GRCh38_r1000000: rdf-scan heartbeat — 57,991,249 triples · 9,193,925,012 bytes read
  Partitioned compression: HG005_GRCh38_r1000000: rdf-scan chunk — 58,401,862 triples · 69 chunks · 9,261,028,114 bytes read
  Partitioned compression: HG005_GRCh38_r1000000: hdt-chunks started — 68 chunks · hdt-build-00068
  Partitioned compression: HG005_GRCh38_r1000000: hdt-chunks complete — 69 chunks · hdt-build-00068
  Partitioned compression: HG005_GRCh38_r1000000: rdf-scan heartbeat — 58,401,897 triples · 9,261,033,891 bytes read
  Partitioned compression: HG005_GRCh38_r1000000: rdf-scan heartbeat — 58,812,565 triples · 9,328,142,805 bytes read
  Partitioned compression: HG005_GRCh38_r1000000: rdf-scan chunk — 59,223,212 triples · 70 chunks · 9,395,245,969 bytes read
  Partitioned compression: HG005_GRCh38_r1000000: hdt-chunks started — 69 chunks · hdt-build-00069
  Partitioned compression: HG005_GRCh38_r1000000: hdt-chunks complete — 70 chunks · hdt-build-00069
  Partitioned compression: HG005_GRCh38_r1000000: rdf-scan heartbeat — 59,223,248 triples · 9,395,251,779 bytes read
  Partitioned compression: HG005_GRCh38_r1000000: rdf-scan heartbeat — 59,633,873 triples · 9,462,360,712 bytes read
  Partitioned compression: HG005_GRCh38_r1000000: rdf-scan chunk — 60,044,471 triples · 71 chunks · 9,529,463,835 bytes read
  Partitioned compression: HG005_GRCh38_r1000000: hdt-chunks started — 70 chunks · hdt-build-00070
  Partitioned compression: HG005_GRCh38_r1000000: hdt-chunks complete — 71 chunks · hdt-build-00070
  Partitioned compression: HG005_GRCh38_r1000000: rdf-scan heartbeat — 60,044,507 triples · 9,529,469,599 bytes read
  Partitioned compression: HG005_GRCh38_r1000000: rdf-scan heartbeat — 60,455,163 triples · 9,596,578,624 bytes read
  Partitioned compression: HG005_GRCh38_r1000000: rdf-scan chunk — 60,865,828 triples · 72 chunks · 9,663,681,646 bytes read
  Partitioned compression: HG005_GRCh38_r1000000: hdt-chunks started — 71 chunks · hdt-build-00071
  Partitioned compression: HG005_GRCh38_r1000000: hdt-chunks complete — 72 chunks · hdt-build-00071
  Partitioned compression: HG005_GRCh38_r1000000: rdf-scan heartbeat — 60,865,864 triples · 9,663,687,494 bytes read
  Partitioned compression: HG005_GRCh38_r1000000: rdf-scan heartbeat — 61,276,544 triples · 9,730,796,502 bytes read
  Partitioned compression: HG005_GRCh38_r1000000: rdf-scan chunk — 61,687,156 triples · 73 chunks · 9,797,899,455 bytes read
  Partitioned compression: HG005_GRCh38_r1000000: hdt-chunks started — 72 chunks · hdt-build-00072
  Partitioned compression: HG005_GRCh38_r1000000: hdt-chunks complete — 73 chunks · hdt-build-00072
  Partitioned compression: HG005_GRCh38_r1000000: rdf-scan heartbeat — 61,687,193 triples · 9,797,905,427 bytes read
  Partitioned compression: HG005_GRCh38_r1000000: rdf-scan heartbeat — 62,097,865 triples · 9,865,014,314 bytes read
  Partitioned compression: HG005_GRCh38_r1000000: rdf-scan chunk — 62,508,507 triples · 74 chunks · 9,932,117,269 bytes read
  Partitioned compression: HG005_GRCh38_r1000000: hdt-chunks started — 73 chunks · hdt-build-00073
  Partitioned compression: HG005_GRCh38_r1000000: hdt-chunks complete — 74 chunks · hdt-build-00073
  Partitioned compression: HG005_GRCh38_r1000000: rdf-scan heartbeat — 62,508,544 triples · 9,932,123,243 bytes read
  Partitioned compression: HG005_GRCh38_r1000000: rdf-scan heartbeat — 62,919,176 triples · 9,999,232,238 bytes read
  Partitioned compression: HG005_GRCh38_r1000000: rdf-scan chunk — 63,329,797 triples · 75 chunks · 10,066,335,084 bytes read
  Partitioned compression: HG005_GRCh38_r1000000: hdt-chunks started — 74 chunks · hdt-build-00074
  Partitioned compression: HG005_GRCh38_r1000000: hdt-chunks complete — 75 chunks · hdt-build-00074
  Partitioned compression: HG005_GRCh38_r1000000: rdf-scan heartbeat — 63,329,835 triples · 10,066,341,189 bytes read
  Partitioned compression: HG005_GRCh38_r1000000: rdf-scan heartbeat — 63,740,488 triples · 10,133,450,132 bytes read
  Partitioned compression: HG005_GRCh38_r1000000: rdf-scan chunk — 64,151,189 triples · 76 chunks · 10,200,552,881 bytes read
  Partitioned compression: HG005_GRCh38_r1000000: hdt-chunks started — 75 chunks · hdt-build-00075
  Partitioned compression: HG005_GRCh38_r1000000: hdt-chunks complete — 76 chunks · hdt-build-00075
  Partitioned compression: HG005_GRCh38_r1000000: rdf-scan heartbeat — 64,151,226 triples · 10,200,559,012 bytes read
  Partitioned compression: HG005_GRCh38_r1000000: rdf-scan heartbeat — 64,561,924 triples · 10,267,667,899 bytes read
  Partitioned compression: HG005_GRCh38_r1000000: rdf-scan chunk — 64,972,581 triples · 77 chunks · 10,334,770,617 bytes read
  Partitioned compression: HG005_GRCh38_r1000000: hdt-chunks started — 76 chunks · hdt-build-00076
  Partitioned compression: HG005_GRCh38_r1000000: hdt-chunks complete — 77 chunks · hdt-build-00076
  Partitioned compression: HG005_GRCh38_r1000000: rdf-scan heartbeat — 64,972,619 triples · 10,334,776,848 bytes read
  Partitioned compression: HG005_GRCh38_r1000000: rdf-scan heartbeat — 65,383,300 triples · 10,401,885,829 bytes read
  Partitioned compression: HG005_GRCh38_r1000000: rdf-scan chunk — 65,793,913 triples · 78 chunks · 10,468,988,426 bytes read
  Partitioned compression: HG005_GRCh38_r1000000: hdt-chunks started — 77 chunks · hdt-build-00077
  Partitioned compression: HG005_GRCh38_r1000000: hdt-chunks complete — 78 chunks · hdt-build-00077
  Partitioned compression: HG005_GRCh38_r1000000: rdf-scan heartbeat — 65,793,952 triples · 10,468,994,754 bytes read
  Partitioned compression: HG005_GRCh38_r1000000: rdf-scan heartbeat — 66,204,595 triples · 10,536,103,656 bytes read
  Partitioned compression: HG005_GRCh38_r1000000: rdf-scan chunk — 66,615,190 triples · 79 chunks · 10,603,206,163 bytes read
  Partitioned compression: HG005_GRCh38_r1000000: hdt-chunks started — 78 chunks · hdt-build-00078
  Partitioned compression: HG005_GRCh38_r1000000: hdt-chunks complete — 79 chunks · hdt-build-00078
  Partitioned compression: HG005_GRCh38_r1000000: rdf-scan heartbeat — 66,615,229 triples · 10,603,212,681 bytes read
  Partitioned compression: HG005_GRCh38_r1000000: rdf-scan heartbeat — 67,025,917 triples · 10,670,321,715 bytes read
  Partitioned compression: HG005_GRCh38_r1000000: rdf-scan chunk — 67,436,542 triples · 80 chunks · 10,737,423,971 bytes read
  Partitioned compression: HG005_GRCh38_r1000000: hdt-chunks started — 79 chunks · hdt-build-00079
  Partitioned compression: HG005_GRCh38_r1000000: hdt-chunks complete — 80 chunks · hdt-build-00079
  Partitioned compression: HG005_GRCh38_r1000000: rdf-scan heartbeat — 67,436,583 triples · 10,737,430,604 bytes read
  Partitioned compression: HG005_GRCh38_r1000000: rdf-scan heartbeat — 67,847,237 triples · 10,804,539,580 bytes read
  Partitioned compression: HG005_GRCh38_r1000000: rdf-scan chunk — 68,257,885 triples · 81 chunks · 10,871,641,764 bytes read
  Partitioned compression: HG005_GRCh38_r1000000: hdt-chunks started — 80 chunks · hdt-build-00080
  Partitioned compression: HG005_GRCh38_r1000000: hdt-chunks complete — 81 chunks · hdt-build-00080
  Partitioned compression: HG005_GRCh38_r1000000: rdf-scan heartbeat — 68,257,927 triples · 10,871,648,495 bytes read
  Partitioned compression: HG005_GRCh38_r1000000: rdf-scan heartbeat — 68,668,594 triples · 10,938,757,497 bytes read
  Partitioned compression: HG005_GRCh38_r1000000: rdf-scan chunk — 69,079,184 triples · 82 chunks · 11,005,859,497 bytes read
  Partitioned compression: HG005_GRCh38_r1000000: hdt-chunks started — 81 chunks · hdt-build-00081
  Partitioned compression: HG005_GRCh38_r1000000: hdt-chunks complete — 82 chunks · hdt-build-00081
  Partitioned compression: HG005_GRCh38_r1000000: rdf-scan heartbeat — 69,079,227 triples · 11,005,866,525 bytes read
  Partitioned compression: HG005_GRCh38_r1000000: rdf-scan heartbeat — 69,489,864 triples · 11,072,975,545 bytes read
  Partitioned compression: HG005_GRCh38_r1000000: rdf-scan chunk — 69,900,439 triples · 83 chunks · 11,140,077,339 bytes read
  Partitioned compression: HG005_GRCh38_r1000000: hdt-chunks started — 82 chunks · hdt-build-00082
  Partitioned compression: HG005_GRCh38_r1000000: hdt-chunks complete — 83 chunks · hdt-build-00082
  Partitioned compression: HG005_GRCh38_r1000000: rdf-scan heartbeat — 69,900,483 triples · 11,140,084,464 bytes read
  Partitioned compression: HG005_GRCh38_r1000000: rdf-scan heartbeat — 70,311,121 triples · 11,207,193,386 bytes read
  Partitioned compression: HG005_GRCh38_r1000000: rdf-scan chunk — 70,721,782 triples · 84 chunks · 11,274,295,167 bytes read
  Partitioned compression: HG005_GRCh38_r1000000: hdt-chunks started — 83 chunks · hdt-build-00083
  Partitioned compression: HG005_GRCh38_r1000000: hdt-chunks complete — 84 chunks · hdt-build-00083
  Partitioned compression: HG005_GRCh38_r1000000: rdf-scan heartbeat — 70,721,826 triples · 11,274,302,350 bytes read
  Partitioned compression: HG005_GRCh38_r1000000: rdf-scan heartbeat — 71,132,448 triples · 11,341,411,330 bytes read
  Partitioned compression: HG005_GRCh38_r1000000: rdf-scan chunk — 71,543,088 triples · 85 chunks · 11,408,512,899 bytes read
  Partitioned compression: HG005_GRCh38_r1000000: hdt-chunks started — 84 chunks · hdt-build-00084
  Partitioned compression: HG005_GRCh38_r1000000: hdt-chunks complete — 85 chunks · hdt-build-00084
  Partitioned compression: HG005_GRCh38_r1000000: rdf-scan heartbeat — 71,543,133 triples · 11,408,520,235 bytes read
  Partitioned compression: HG005_GRCh38_r1000000: rdf-scan heartbeat — 71,953,798 triples · 11,475,629,238 bytes read
  Partitioned compression: HG005_GRCh38_r1000000: rdf-scan chunk — 72,364,438 triples · 86 chunks · 11,542,730,810 bytes read
  Partitioned compression: HG005_GRCh38_r1000000: hdt-chunks started — 85 chunks · hdt-build-00085
  Partitioned compression: HG005_GRCh38_r1000000: hdt-chunks complete — 86 chunks · hdt-build-00085
  Partitioned compression: HG005_GRCh38_r1000000: rdf-scan heartbeat — 72,364,482 triples · 11,542,738,102 bytes read
  Partitioned compression: HG005_GRCh38_r1000000: rdf-scan heartbeat — 72,775,155 triples · 11,609,847,136 bytes read
  Partitioned compression: HG005_GRCh38_r1000000: rdf-scan chunk — 73,185,821 triples · 87 chunks · 11,676,948,588 bytes read
  Partitioned compression: HG005_GRCh38_r1000000: hdt-chunks started — 86 chunks · hdt-build-00086
  Partitioned compression: HG005_GRCh38_r1000000: hdt-chunks complete — 87 chunks · hdt-build-00086
  Partitioned compression: HG005_GRCh38_r1000000: rdf-scan heartbeat — 73,185,867 triples · 11,676,956,141 bytes read
  Partitioned compression: HG005_GRCh38_r1000000: rdf-scan heartbeat — 73,596,556 triples · 11,744,065,109 bytes read
  Partitioned compression: HG005_GRCh38_r1000000: rdf-scan chunk — 74,007,210 triples · 88 chunks · 11,811,166,379 bytes read
  Partitioned compression: HG005_GRCh38_r1000000: hdt-chunks started — 87 chunks · hdt-build-00087
  Partitioned compression: HG005_GRCh38_r1000000: hdt-chunks complete — 88 chunks · hdt-build-00087
  Partitioned compression: HG005_GRCh38_r1000000: rdf-scan heartbeat — 74,007,257 triples · 11,811,174,069 bytes read
  Partitioned compression: HG005_GRCh38_r1000000: rdf-scan heartbeat — 74,418,025 triples · 11,878,283,027 bytes read
  Partitioned compression: HG005_GRCh38_r1000000: rdf-scan chunk — 74,828,722 triples · 89 chunks · 11,945,384,151 bytes read
  Partitioned compression: HG005_GRCh38_r1000000: hdt-chunks started — 88 chunks · hdt-build-00088
  Partitioned compression: HG005_GRCh38_r1000000: hdt-chunks complete — 89 chunks · hdt-build-00088
  Partitioned compression: HG005_GRCh38_r1000000: rdf-scan heartbeat — 74,828,770 triples · 11,945,391,958 bytes read
  Partitioned compression: HG005_GRCh38_r1000000: rdf-scan heartbeat — 75,239,514 triples · 12,012,500,845 bytes read
  Partitioned compression: HG005_GRCh38_r1000000: rdf-scan chunk — 75,650,160 triples · 90 chunks · 12,079,601,974 bytes read
  Partitioned compression: HG005_GRCh38_r1000000: hdt-chunks started — 89 chunks · hdt-build-00089
  Partitioned compression: HG005_GRCh38_r1000000: hdt-chunks complete — 90 chunks · hdt-build-00089
  Partitioned compression: HG005_GRCh38_r1000000: rdf-scan heartbeat — 75,650,208 triples · 12,079,609,783 bytes read
  Partitioned compression: HG005_GRCh38_r1000000: rdf-scan heartbeat — 76,060,865 triples · 12,146,718,719 bytes read
  Partitioned compression: HG005_GRCh38_r1000000: rdf-scan chunk — 76,471,510 triples · 91 chunks · 12,213,819,714 bytes read
  Partitioned compression: HG005_GRCh38_r1000000: hdt-chunks started — 90 chunks · hdt-build-00090
  Partitioned compression: HG005_GRCh38_r1000000: hdt-chunks complete — 91 chunks · hdt-build-00090
  Partitioned compression: HG005_GRCh38_r1000000: rdf-scan heartbeat — 76,471,558 triples · 12,213,827,627 bytes read
  Partitioned compression: HG005_GRCh38_r1000000: rdf-scan heartbeat — 76,882,237 triples · 12,280,936,598 bytes read
  Partitioned compression: HG005_GRCh38_r1000000: rdf-scan chunk — 77,292,874 triples · 92 chunks · 12,348,037,472 bytes read
  Partitioned compression: HG005_GRCh38_r1000000: hdt-chunks started — 91 chunks · hdt-build-00091
  Partitioned compression: HG005_GRCh38_r1000000: hdt-chunks complete — 92 chunks · hdt-build-00091
  Partitioned compression: HG005_GRCh38_r1000000: rdf-scan heartbeat — 77,292,923 triples · 12,348,045,621 bytes read
  Partitioned compression: HG005_GRCh38_r1000000: rdf-scan heartbeat — 77,703,596 triples · 12,415,154,521 bytes read
  Partitioned compression: HG005_GRCh38_r1000000: rdf-scan chunk — 78,114,218 triples · 93 chunks · 12,482,255,359 bytes read
  Partitioned compression: HG005_GRCh38_r1000000: hdt-chunks started — 92 chunks · hdt-build-00092
  Partitioned compression: HG005_GRCh38_r1000000: hdt-chunks complete — 93 chunks · hdt-build-00092
  Partitioned compression: HG005_GRCh38_r1000000: rdf-scan heartbeat — 78,114,268 triples · 12,482,263,475 bytes read
  Partitioned compression: HG005_GRCh38_r1000000: rdf-scan heartbeat — 78,524,938 triples · 12,549,372,495 bytes read
  Partitioned compression: HG005_GRCh38_r1000000: rdf-scan chunk — 78,935,549 triples · 94 chunks · 12,616,473,109 bytes read
  Partitioned compression: HG005_GRCh38_r1000000: hdt-chunks started — 93 chunks · hdt-build-00093
  Partitioned compression: HG005_GRCh38_r1000000: hdt-chunks complete — 94 chunks · hdt-build-00093
  Partitioned compression: HG005_GRCh38_r1000000: rdf-scan heartbeat — 78,935,600 triples · 12,616,481,537 bytes read
  Partitioned compression: HG005_GRCh38_r1000000: rdf-scan heartbeat — 79,346,265 triples · 12,683,590,428 bytes read
  Partitioned compression: HG005_GRCh38_r1000000: rdf-scan chunk — 79,756,875 triples · 95 chunks · 12,750,690,916 bytes read
  Partitioned compression: HG005_GRCh38_r1000000: hdt-chunks started — 94 chunks · hdt-build-00094
  Partitioned compression: HG005_GRCh38_r1000000: hdt-chunks complete — 95 chunks · hdt-build-00094
  Partitioned compression: HG005_GRCh38_r1000000: rdf-scan heartbeat — 79,756,927 triples · 12,750,699,379 bytes read
  Partitioned compression: HG005_GRCh38_r1000000: rdf-scan heartbeat — 80,169,042 triples · 12,817,808,395 bytes read
  Partitioned compression: HG005_GRCh38_r1000000: rdf-scan chunk — 80,582,649 triples · 96 chunks · 12,884,908,713 bytes read
  Partitioned compression: HG005_GRCh38_r1000000: hdt-chunks started — 95 chunks · hdt-build-00095
  Partitioned compression: HG005_GRCh38_r1000000: hdt-chunks complete — 96 chunks · hdt-build-00095
  Partitioned compression: HG005_GRCh38_r1000000: rdf-scan heartbeat — 80,582,703 triples · 12,884,917,384 bytes read
  Partitioned compression: HG005_GRCh38_r1000000: rdf-scan heartbeat — 80,995,455 triples · 12,952,026,249 bytes read
  Partitioned compression: HG005_GRCh38_r1000000: rdf-scan chunk — 81,405,433 triples · 97 chunks · 13,019,126,457 bytes read
  Partitioned compression: HG005_GRCh38_r1000000: hdt-chunks started — 96 chunks · hdt-build-00096
  Partitioned compression: HG005_GRCh38_r1000000: hdt-chunks complete — 97 chunks · hdt-build-00096
  Partitioned compression: HG005_GRCh38_r1000000: rdf-scan heartbeat — 81,405,487 triples · 13,019,135,192 bytes read
  Partitioned compression: HG005_GRCh38_r1000000: rdf-scan heartbeat — 81,815,611 triples · 13,086,244,099 bytes read
  Partitioned compression: HG005_GRCh38_r1000000: rdf-scan chunk — 82,225,642 triples · 98 chunks · 13,153,344,445 bytes read
  Partitioned compression: HG005_GRCh38_r1000000: hdt-chunks started — 97 chunks · hdt-build-00097
  Partitioned compression: HG005_GRCh38_r1000000: hdt-chunks complete — 98 chunks · hdt-build-00097
  Partitioned compression: HG005_GRCh38_r1000000: rdf-scan heartbeat — 82,225,696 triples · 13,153,353,090 bytes read
  Partitioned compression: HG005_GRCh38_r1000000: rdf-scan heartbeat — 82,635,296 triples · 13,220,462,058 bytes read
  Partitioned compression: HG005_GRCh38_r1000000: rdf-scan chunk — 83,045,400 triples · 99 chunks · 13,287,562,390 bytes read
  Partitioned compression: HG005_GRCh38_r1000000: hdt-chunks started — 98 chunks · hdt-build-00098
  Partitioned compression: HG005_GRCh38_r1000000: hdt-chunks complete — 99 chunks · hdt-build-00098
  Partitioned compression: HG005_GRCh38_r1000000: rdf-scan heartbeat — 83,045,452 triples · 13,287,571,049 bytes read
  Partitioned compression: HG005_GRCh38_r1000000: rdf-scan heartbeat — 83,455,483 triples · 13,354,680,049 bytes read
  Partitioned compression: HG005_GRCh38_r1000000: rdf-scan chunk — 83,865,248 triples · 100 chunks · 13,421,780,261 bytes read
  Partitioned compression: HG005_GRCh38_r1000000: hdt-chunks started — 99 chunks · hdt-build-00099
  Partitioned compression: HG005_GRCh38_r1000000: hdt-chunks complete — 100 chunks · hdt-build-00099
  Partitioned compression: HG005_GRCh38_r1000000: rdf-scan heartbeat — 83,865,302 triples · 13,421,788,996 bytes read
  Partitioned compression: HG005_GRCh38_r1000000: rdf-scan heartbeat — 84,275,115 triples · 13,488,897,969 bytes read
  Partitioned compression: HG005_GRCh38_r1000000: rdf-scan chunk — 84,684,867 triples · 101 chunks · 13,555,998,068 bytes read
  Partitioned compression: HG005_GRCh38_r1000000: hdt-chunks started — 100 chunks · hdt-build-00100
  Partitioned compression: HG005_GRCh38_r1000000: hdt-chunks complete — 101 chunks · hdt-build-00100
  Partitioned compression: HG005_GRCh38_r1000000: rdf-scan heartbeat — 84,684,921 triples · 13,556,006,996 bytes read
  Partitioned compression: HG005_GRCh38_r1000000: rdf-scan heartbeat — 85,094,818 triples · 13,623,116,064 bytes read
  Partitioned compression: HG005_GRCh38_r1000000: rdf-scan chunk — 85,504,633 triples · 102 chunks · 13,690,215,891 bytes read
  Partitioned compression: HG005_GRCh38_r1000000: hdt-chunks started — 101 chunks · hdt-build-00101
  Partitioned compression: HG005_GRCh38_r1000000: hdt-chunks complete — 102 chunks · hdt-build-00101
  Partitioned compression: HG005_GRCh38_r1000000: rdf-scan heartbeat — 85,504,690 triples · 13,690,224,982 bytes read
  Partitioned compression: HG005_GRCh38_r1000000: rdf-scan heartbeat — 85,914,627 triples · 13,757,333,982 bytes read
  Partitioned compression: HG005_GRCh38_r1000000: rdf-scan chunk — 86,324,401 triples · 103 chunks · 13,824,433,673 bytes read
  Partitioned compression: HG005_GRCh38_r1000000: hdt-chunks started — 102 chunks · hdt-build-00102
  Partitioned compression: HG005_GRCh38_r1000000: hdt-chunks complete — 103 chunks · hdt-build-00102
  Partitioned compression: HG005_GRCh38_r1000000: rdf-scan heartbeat — 86,324,456 triples · 13,824,442,900 bytes read
  Partitioned compression: HG005_GRCh38_r1000000: rdf-scan heartbeat — 86,733,833 triples · 13,891,551,804 bytes read
  Partitioned compression: HG005_GRCh38_r1000000: rdf-scan chunk — 87,143,437 triples · 104 chunks · 13,958,651,441 bytes read
  Partitioned compression: HG005_GRCh38_r1000000: hdt-chunks started — 103 chunks · hdt-build-00103
  Partitioned compression: HG005_GRCh38_r1000000: hdt-chunks complete — 104 chunks · hdt-build-00103
  Partitioned compression: HG005_GRCh38_r1000000: rdf-scan heartbeat — 87,143,495 triples · 13,958,660,729 bytes read
  Partitioned compression: HG005_GRCh38_r1000000: rdf-scan heartbeat — 87,553,221 triples · 14,025,769,598 bytes read
  Partitioned compression: HG005_GRCh38_r1000000: rdf-scan chunk — 87,962,812 triples · 105 chunks · 14,092,869,251 bytes read
  Partitioned compression: HG005_GRCh38_r1000000: hdt-chunks started — 104 chunks · hdt-build-00104
  Partitioned compression: HG005_GRCh38_r1000000: hdt-chunks complete — 105 chunks · hdt-build-00104
  Partitioned compression: HG005_GRCh38_r1000000: rdf-scan heartbeat — 87,962,867 triples · 14,092,878,526 bytes read
  Partitioned compression: HG005_GRCh38_r1000000: rdf-scan heartbeat — 88,372,599 triples · 14,159,987,472 bytes read
  Partitioned compression: HG005_GRCh38_r1000000: rdf-scan chunk — 88,782,269 triples · 106 chunks · 14,227,087,071 bytes read
  Partitioned compression: HG005_GRCh38_r1000000: hdt-chunks started — 105 chunks · hdt-build-00105
  Partitioned compression: HG005_GRCh38_r1000000: hdt-chunks complete — 106 chunks · hdt-build-00105
  Partitioned compression: HG005_GRCh38_r1000000: rdf-scan heartbeat — 88,782,326 triples · 14,227,096,484 bytes read
  Partitioned compression: HG005_GRCh38_r1000000: rdf-scan heartbeat — 89,191,990 triples · 14,294,205,357 bytes read
  Partitioned compression: HG005_GRCh38_r1000000: rdf-scan chunk — 89,598,636 triples · 107 chunks · 14,361,304,917 bytes read
  Partitioned compression: HG005_GRCh38_r1000000: hdt-chunks started — 106 chunks · hdt-build-00106
  Partitioned compression: HG005_GRCh38_r1000000: hdt-chunks complete — 107 chunks · hdt-build-00106
  Partitioned compression: HG005_GRCh38_r1000000: rdf-scan heartbeat — 89,598,693 triples · 14,361,314,337 bytes read
  Partitioned compression: HG005_GRCh38_r1000000: rdf-scan heartbeat — 90,005,471 triples · 14,428,423,273 bytes read
  Partitioned compression: HG005_GRCh38_r1000000: rdf-scan chunk — 90,412,116 triples · 108 chunks · 14,495,522,728 bytes read
  Partitioned compression: HG005_GRCh38_r1000000: hdt-chunks started — 107 chunks · hdt-build-00107
  Partitioned compression: HG005_GRCh38_r1000000: hdt-chunks complete — 108 chunks · hdt-build-00107
  Partitioned compression: HG005_GRCh38_r1000000: rdf-scan heartbeat — 90,412,175 triples · 14,495,532,273 bytes read
  Partitioned compression: HG005_GRCh38_r1000000: rdf-scan heartbeat — 90,818,926 triples · 14,562,641,290 bytes read
  Partitioned compression: HG005_GRCh38_r1000000: rdf-scan chunk — 91,225,697 triples · 109 chunks · 14,629,740,506 bytes read
  Partitioned compression: HG005_GRCh38_r1000000: hdt-chunks started — 108 chunks · hdt-build-00108
  Partitioned compression: HG005_GRCh38_r1000000: hdt-chunks complete — 109 chunks · hdt-build-00108
  Partitioned compression: HG005_GRCh38_r1000000: rdf-scan heartbeat — 91,225,757 triples · 14,629,750,293 bytes read
  Partitioned compression: HG005_GRCh38_r1000000: rdf-scan heartbeat — 91,632,485 triples · 14,696,859,236 bytes read
  Partitioned compression: HG005_GRCh38_r1000000: rdf-scan chunk — 92,039,186 triples · 110 chunks · 14,763,958,250 bytes read
  Partitioned compression: HG005_GRCh38_r1000000: hdt-chunks started — 109 chunks · hdt-build-00109
  Partitioned compression: HG005_GRCh38_r1000000: hdt-chunks complete — 110 chunks · hdt-build-00109
  Partitioned compression: HG005_GRCh38_r1000000: rdf-scan heartbeat — 92,039,247 triples · 14,763,968,144 bytes read
  Partitioned compression: HG005_GRCh38_r1000000: rdf-scan heartbeat — 92,445,932 triples · 14,831,077,256 bytes read
  Partitioned compression: HG005_GRCh38_r1000000: rdf-scan chunk — 92,852,751 triples · 111 chunks · 14,898,176,068 bytes read
  Partitioned compression: HG005_GRCh38_r1000000: hdt-chunks started — 110 chunks · hdt-build-00110
  Partitioned compression: HG005_GRCh38_r1000000: hdt-chunks complete — 111 chunks · hdt-build-00110
  Partitioned compression: HG005_GRCh38_r1000000: rdf-scan heartbeat — 92,852,811 triples · 14,898,186,135 bytes read
  Partitioned compression: HG005_GRCh38_r1000000: rdf-scan heartbeat — 93,259,472 triples · 14,965,295,445 bytes read
  Partitioned compression: HG005_GRCh38_r1000000: rdf-scan chunk — 93,666,058 triples · 112 chunks · 15,032,393,819 bytes read
  Partitioned compression: HG005_GRCh38_r1000000: hdt-chunks started — 111 chunks · hdt-build-00111
  Partitioned compression: HG005_GRCh38_r1000000: hdt-chunks complete — 112 chunks · hdt-build-00111
  Partitioned compression: HG005_GRCh38_r1000000: rdf-scan heartbeat — 93,666,120 triples · 15,032,404,446 bytes read
  Partitioned compression: HG005_GRCh38_r1000000: rdf-scan heartbeat — 94,072,978 triples · 15,099,513,347 bytes read
  Partitioned compression: HG005_GRCh38_r1000000: rdf-scan chunk — 94,479,672 triples · 113 chunks · 15,166,611,651 bytes read
  Partitioned compression: HG005_GRCh38_r1000000: hdt-chunks started — 112 chunks · hdt-build-00112
  Partitioned compression: HG005_GRCh38_r1000000: hdt-chunks complete — 113 chunks · hdt-build-00112
  Partitioned compression: HG005_GRCh38_r1000000: rdf-scan heartbeat — 94,479,737 triples · 15,166,622,312 bytes read
  Partitioned compression: HG005_GRCh38_r1000000: rdf-scan heartbeat — 94,887,607 triples · 15,233,731,196 bytes read
  Partitioned compression: HG005_GRCh38_r1000000: rdf-scan chunk — 95,295,627 triples · 114 chunks · 15,300,829,530 bytes read
  Partitioned compression: HG005_GRCh38_r1000000: hdt-chunks started — 113 chunks · hdt-build-00113
  Partitioned compression: HG005_GRCh38_r1000000: hdt-chunks complete — 114 chunks · hdt-build-00113
  Partitioned compression: HG005_GRCh38_r1000000: rdf-scan heartbeat — 95,295,689 triples · 15,300,840,113 bytes read
  Partitioned compression: HG005_GRCh38_r1000000: rdf-scan heartbeat — 95,702,567 triples · 15,367,949,065 bytes read
  Partitioned compression: HG005_GRCh38_r1000000: rdf-scan chunk — 96,109,593 triples · 115 chunks · 15,435,047,295 bytes read
  Partitioned compression: HG005_GRCh38_r1000000: hdt-chunks started — 114 chunks · hdt-build-00114
  Partitioned compression: HG005_GRCh38_r1000000: hdt-chunks complete — 115 chunks · hdt-build-00114
  Partitioned compression: HG005_GRCh38_r1000000: rdf-scan heartbeat — 96,109,659 triples · 15,435,058,014 bytes read
  Partitioned compression: HG005_GRCh38_r1000000: rdf-scan heartbeat — 96,516,486 triples · 15,502,166,941 bytes read
  Partitioned compression: HG005_GRCh38_r1000000: rdf-scan chunk — 96,923,199 triples · 116 chunks · 15,569,265,067 bytes read
  Partitioned compression: HG005_GRCh38_r1000000: hdt-chunks started — 115 chunks · hdt-build-00115
  Partitioned compression: HG005_GRCh38_r1000000: hdt-chunks complete — 116 chunks · hdt-build-00115
  Partitioned compression: HG005_GRCh38_r1000000: rdf-scan heartbeat — 96,923,263 triples · 15,569,275,911 bytes read
  Partitioned compression: HG005_GRCh38_r1000000: rdf-scan heartbeat — 97,329,982 triples · 15,636,384,895 bytes read
  Partitioned compression: HG005_GRCh38_r1000000: rdf-scan chunk — 97,736,632 triples · 117 chunks · 15,703,482,819 bytes read
  Partitioned compression: HG005_GRCh38_r1000000: hdt-chunks started — 116 chunks · hdt-build-00116
  Partitioned compression: HG005_GRCh38_r1000000: hdt-chunks complete — 117 chunks · hdt-build-00116
  Partitioned compression: HG005_GRCh38_r1000000: rdf-scan heartbeat — 97,736,701 triples · 15,703,493,913 bytes read
  Partitioned compression: HG005_GRCh38_r1000000: rdf-scan heartbeat — 98,143,415 triples · 15,770,602,807 bytes read
  Partitioned compression: HG005_GRCh38_r1000000: rdf-scan chunk — 98,550,247 triples · 118 chunks · 15,837,700,616 bytes read
  Partitioned compression: HG005_GRCh38_r1000000: hdt-chunks started — 117 chunks · hdt-build-00117
  Partitioned compression: HG005_GRCh38_r1000000: hdt-chunks complete — 118 chunks · hdt-build-00117
  Partitioned compression: HG005_GRCh38_r1000000: rdf-scan heartbeat — 98,550,315 triples · 15,837,711,823 bytes read
  Partitioned compression: HG005_GRCh38_r1000000: rdf-scan heartbeat — 98,957,190 triples · 15,904,820,823 bytes read
  Partitioned compression: HG005_GRCh38_r1000000: rdf-scan chunk — 99,363,664 triples · 119 chunks · 15,971,918,447 bytes read
  Partitioned compression: HG005_GRCh38_r1000000: hdt-chunks started — 118 chunks · hdt-build-00118
  Partitioned compression: HG005_GRCh38_r1000000: hdt-chunks complete — 119 chunks · hdt-build-00118
  Partitioned compression: HG005_GRCh38_r1000000: rdf-scan heartbeat — 99,363,732 triples · 15,971,929,833 bytes read
  Partitioned compression: HG005_GRCh38_r1000000: rdf-scan heartbeat — 99,770,528 triples · 16,039,038,794 bytes read
  Partitioned compression: HG005_GRCh38_r1000000: rdf-scan chunk — 100,177,236 triples · 120 chunks · 16,106,136,198 bytes read
  Partitioned compression: HG005_GRCh38_r1000000: hdt-chunks started — 119 chunks · hdt-build-00119
  Partitioned compression: HG005_GRCh38_r1000000: hdt-chunks complete — 120 chunks · hdt-build-00119
  Partitioned compression: HG005_GRCh38_r1000000: rdf-scan heartbeat — 100,177,306 triples · 16,106,147,729 bytes read
  Partitioned compression: HG005_GRCh38_r1000000: rdf-scan heartbeat — 100,583,995 triples · 16,173,256,662 bytes read
  Partitioned compression: HG005_GRCh38_r1000000: rdf-scan chunk — 100,990,720 triples · 121 chunks · 16,240,353,959 bytes read
  Partitioned compression: HG005_GRCh38_r1000000: hdt-chunks started — 120 chunks · hdt-build-00120
  Partitioned compression: HG005_GRCh38_r1000000: hdt-chunks complete — 121 chunks · hdt-build-00120
  Partitioned compression: HG005_GRCh38_r1000000: rdf-scan heartbeat — 100,990,789 triples · 16,240,365,557 bytes read
  Partitioned compression: HG005_GRCh38_r1000000: rdf-scan heartbeat — 101,397,631 triples · 16,307,474,501 bytes read
  Partitioned compression: HG005_GRCh38_r1000000: rdf-scan chunk — 101,804,383 triples · 122 chunks · 16,374,571,722 bytes read
  Partitioned compression: HG005_GRCh38_r1000000: hdt-chunks started — 121 chunks · hdt-build-00121
  Partitioned compression: HG005_GRCh38_r1000000: hdt-chunks complete — 122 chunks · hdt-build-00121
  Partitioned compression: HG005_GRCh38_r1000000: rdf-scan heartbeat — 101,804,453 triples · 16,374,583,464 bytes read
  Partitioned compression: HG005_GRCh38_r1000000: rdf-scan heartbeat — 102,211,368 triples · 16,441,692,362 bytes read
  Partitioned compression: HG005_GRCh38_r1000000: rdf-scan chunk — 102,618,102 triples · 123 chunks · 16,508,790,034 bytes read
  Partitioned compression: HG005_GRCh38_r1000000: hdt-chunks started — 122 chunks · hdt-build-00122
  Partitioned compression: HG005_GRCh38_r1000000: hdt-chunks complete — 123 chunks · hdt-build-00122
  Partitioned compression: HG005_GRCh38_r1000000: rdf-scan heartbeat — 102,618,172 triples · 16,508,801,279 bytes read
  Partitioned compression: HG005_GRCh38_r1000000: rdf-scan heartbeat — 103,024,875 triples · 16,575,910,246 bytes read
  Partitioned compression: HG005_GRCh38_r1000000: rdf-scan chunk — 103,431,490 triples · 124 chunks · 16,643,007,796 bytes read
  Partitioned compression: HG005_GRCh38_r1000000: hdt-chunks started — 123 chunks · hdt-build-00123
  Partitioned compression: HG005_GRCh38_r1000000: hdt-chunks complete — 124 chunks · hdt-build-00123
  Partitioned compression: HG005_GRCh38_r1000000: rdf-scan heartbeat — 103,431,558 triples · 16,643,019,156 bytes read
  Partitioned compression: HG005_GRCh38_r1000000: rdf-scan heartbeat — 103,838,176 triples · 16,710,128,078 bytes read
  Partitioned compression: HG005_GRCh38_r1000000: rdf-scan chunk — 104,244,725 triples · 125 chunks · 16,777,225,575 bytes read
  Partitioned compression: HG005_GRCh38_r1000000: hdt-chunks started — 124 chunks · hdt-build-00124
  Partitioned compression: HG005_GRCh38_r1000000: hdt-chunks complete — 125 chunks · hdt-build-00124
  Partitioned compression: HG005_GRCh38_r1000000: rdf-scan heartbeat — 104,244,793 triples · 16,777,236,997 bytes read
  Partitioned compression: HG005_GRCh38_r1000000: rdf-scan heartbeat — 104,651,403 triples · 16,844,346,474 bytes read
  Partitioned compression: HG005_GRCh38_r1000000: rdf-scan chunk — 105,058,297 triples · 126 chunks · 16,911,443,311 bytes read
  Partitioned compression: HG005_GRCh38_r1000000: hdt-chunks started — 125 chunks · hdt-build-00125
  Partitioned compression: HG005_GRCh38_r1000000: hdt-chunks complete — 126 chunks · hdt-build-00125
  Partitioned compression: HG005_GRCh38_r1000000: rdf-scan heartbeat — 105,058,370 triples · 16,911,455,549 bytes read
  Partitioned compression: HG005_GRCh38_r1000000: rdf-scan heartbeat — 105,465,240 triples · 16,978,564,543 bytes read
  Partitioned compression: HG005_GRCh38_r1000000: rdf-scan chunk — 105,871,828 triples · 127 chunks · 17,045,661,196 bytes read
  Partitioned compression: HG005_GRCh38_r1000000: hdt-chunks started — 126 chunks · hdt-build-00126
  Partitioned compression: HG005_GRCh38_r1000000: hdt-chunks complete — 127 chunks · hdt-build-00126
  Partitioned compression: HG005_GRCh38_r1000000: rdf-scan heartbeat — 105,871,902 triples · 17,045,673,427 bytes read
  Partitioned compression: HG005_GRCh38_r1000000: rdf-scan heartbeat — 106,278,605 triples · 17,112,782,325 bytes read
  Partitioned compression: HG005_GRCh38_r1000000: rdf-scan chunk — 106,685,201 triples · 128 chunks · 17,179,879,351 bytes read
  Partitioned compression: HG005_GRCh38_r1000000: hdt-chunks started — 127 chunks · hdt-build-00127
  Partitioned compression: HG005_GRCh38_r1000000: hdt-chunks complete — 128 chunks · hdt-build-00127
  Partitioned compression: HG005_GRCh38_r1000000: rdf-scan heartbeat — 106,685,275 triples · 17,179,891,211 bytes read
  Partitioned compression: HG005_GRCh38_r1000000: rdf-scan heartbeat — 107,091,962 triples · 17,247,000,195 bytes read
  Partitioned compression: HG005_GRCh38_r1000000: rdf-scan chunk — 107,499,024 triples · 129 chunks · 17,314,097,158 bytes read
  Partitioned compression: HG005_GRCh38_r1000000: hdt-chunks started — 128 chunks · hdt-build-00128
  Partitioned compression: HG005_GRCh38_r1000000: hdt-chunks complete — 129 chunks · hdt-build-00128
  Partitioned compression: HG005_GRCh38_r1000000: rdf-scan heartbeat — 107,499,096 triples · 17,314,109,106 bytes read
  Partitioned compression: HG005_GRCh38_r1000000: rdf-scan heartbeat — 107,905,787 triples · 17,381,218,077 bytes read
  Partitioned compression: HG005_GRCh38_r1000000: rdf-scan chunk — 108,312,866 triples · 130 chunks · 17,448,314,931 bytes read
  Partitioned compression: HG005_GRCh38_r1000000: hdt-chunks started — 129 chunks · hdt-build-00129
  Partitioned compression: HG005_GRCh38_r1000000: hdt-chunks complete — 130 chunks · hdt-build-00129
  Partitioned compression: HG005_GRCh38_r1000000: rdf-scan heartbeat — 108,312,939 triples · 17,448,327,031 bytes read
  Partitioned compression: HG005_GRCh38_r1000000: rdf-scan heartbeat — 108,720,041 triples · 17,515,435,970 bytes read
  Partitioned compression: HG005_GRCh38_r1000000: rdf-scan chunk — 109,126,749 triples · 131 chunks · 17,582,532,679 bytes read
  Partitioned compression: HG005_GRCh38_r1000000: hdt-chunks started — 130 chunks · hdt-build-00130
  Partitioned compression: HG005_GRCh38_r1000000: hdt-chunks complete — 131 chunks · hdt-build-00130
  Partitioned compression: HG005_GRCh38_r1000000: rdf-scan heartbeat — 109,126,822 triples · 17,582,544,845 bytes read
  Partitioned compression: HG005_GRCh38_r1000000: rdf-scan heartbeat — 109,533,378 triples · 17,649,653,800 bytes read
  Partitioned compression: HG005_GRCh38_r1000000: rdf-scan chunk — 109,939,935 triples · 132 chunks · 17,716,750,469 bytes read
  Partitioned compression: HG005_GRCh38_r1000000: hdt-chunks started — 131 chunks · hdt-build-00131
  Partitioned compression: HG005_GRCh38_r1000000: hdt-chunks complete — 132 chunks · hdt-build-00131
  Partitioned compression: HG005_GRCh38_r1000000: rdf-scan heartbeat — 109,940,008 triples · 17,716,762,674 bytes read
  Partitioned compression: HG005_GRCh38_r1000000: rdf-scan heartbeat — 110,346,660 triples · 17,783,871,703 bytes read
  Partitioned compression: HG005_GRCh38_r1000000: rdf-scan chunk — 110,753,268 triples · 133 chunks · 17,850,968,346 bytes read
  Partitioned compression: HG005_GRCh38_r1000000: hdt-chunks started — 132 chunks · hdt-build-00132
  Partitioned compression: HG005_GRCh38_r1000000: hdt-chunks complete — 133 chunks · hdt-build-00132
  Partitioned compression: HG005_GRCh38_r1000000: rdf-scan heartbeat — 110,753,343 triples · 17,850,980,911 bytes read
  Partitioned compression: HG005_GRCh38_r1000000: rdf-scan heartbeat — 111,159,851 triples · 17,918,089,876 bytes read
  Partitioned compression: HG005_GRCh38_r1000000: rdf-scan chunk — 111,566,314 triples · 134 chunks · 17,985,186,150 bytes read
  Partitioned compression: HG005_GRCh38_r1000000: hdt-chunks started — 133 chunks · hdt-build-00133
  Partitioned compression: HG005_GRCh38_r1000000: hdt-chunks complete — 134 chunks · hdt-build-00133
  Partitioned compression: HG005_GRCh38_r1000000: rdf-scan heartbeat — 111,566,390 triples · 17,985,198,929 bytes read
  Partitioned compression: HG005_GRCh38_r1000000: rdf-scan heartbeat — 111,973,331 triples · 18,052,307,807 bytes read
  Partitioned compression: HG005_GRCh38_r1000000: rdf-scan chunk — 112,379,817 triples · 135 chunks · 18,119,403,935 bytes read
  Partitioned compression: HG005_GRCh38_r1000000: hdt-chunks started — 134 chunks · hdt-build-00134
  Partitioned compression: HG005_GRCh38_r1000000: hdt-chunks complete — 135 chunks · hdt-build-00134
  Partitioned compression: HG005_GRCh38_r1000000: rdf-scan heartbeat — 112,379,894 triples · 18,119,416,767 bytes read
  Partitioned compression: HG005_GRCh38_r1000000: rdf-scan heartbeat — 112,786,661 triples · 18,186,525,632 bytes read
  Partitioned compression: HG005_GRCh38_r1000000: rdf-scan chunk — 113,193,261 triples · 136 chunks · 18,253,621,744 bytes read
  Partitioned compression: HG005_GRCh38_r1000000: hdt-chunks started — 135 chunks · hdt-build-00135
  Partitioned compression: HG005_GRCh38_r1000000: hdt-chunks complete — 136 chunks · hdt-build-00135
  Partitioned compression: HG005_GRCh38_r1000000: rdf-scan heartbeat — 113,193,340 triples · 18,253,634,654 bytes read
  Partitioned compression: HG005_GRCh38_r1000000: rdf-scan heartbeat — 113,599,871 triples · 18,320,743,614 bytes read
  Partitioned compression: HG005_GRCh38_r1000000: rdf-scan chunk — 114,006,450 triples · 137 chunks · 18,387,839,503 bytes read
  Partitioned compression: HG005_GRCh38_r1000000: hdt-chunks started — 136 chunks · hdt-build-00136
  Partitioned compression: HG005_GRCh38_r1000000: hdt-chunks complete — 137 chunks · hdt-build-00136
  Partitioned compression: HG005_GRCh38_r1000000: rdf-scan heartbeat — 114,006,529 triples · 18,387,852,521 bytes read
  Partitioned compression: HG005_GRCh38_r1000000: rdf-scan heartbeat — 114,413,254 triples · 18,454,961,510 bytes read
  Partitioned compression: HG005_GRCh38_r1000000: rdf-scan chunk — 114,819,633 triples · 138 chunks · 18,522,057,277 bytes read
  Partitioned compression: HG005_GRCh38_r1000000: hdt-chunks started — 137 chunks · hdt-build-00137
  Partitioned compression: HG005_GRCh38_r1000000: hdt-chunks complete — 138 chunks · hdt-build-00137
  Partitioned compression: HG005_GRCh38_r1000000: rdf-scan heartbeat — 114,819,713 triples · 18,522,070,535 bytes read
  Partitioned compression: HG005_GRCh38_r1000000: rdf-scan heartbeat — 115,226,320 triples · 18,589,179,541 bytes read
  Partitioned compression: HG005_GRCh38_r1000000: rdf-scan chunk — 115,632,799 triples · 139 chunks · 18,656,275,142 bytes read
  Partitioned compression: HG005_GRCh38_r1000000: hdt-chunks started — 138 chunks · hdt-build-00138
  Partitioned compression: HG005_GRCh38_r1000000: hdt-chunks complete — 139 chunks · hdt-build-00138
  Partitioned compression: HG005_GRCh38_r1000000: rdf-scan heartbeat — 115,632,880 triples · 18,656,288,461 bytes read
  Partitioned compression: HG005_GRCh38_r1000000: rdf-scan heartbeat — 116,039,464 triples · 18,723,397,432 bytes read
  Partitioned compression: HG005_GRCh38_r1000000: rdf-scan chunk — 116,446,119 triples · 140 chunks · 18,790,492,907 bytes read
  Partitioned compression: HG005_GRCh38_r1000000: hdt-chunks started — 139 chunks · hdt-build-00139
  Partitioned compression: HG005_GRCh38_r1000000: hdt-chunks complete — 140 chunks · hdt-build-00139
  Partitioned compression: HG005_GRCh38_r1000000: rdf-scan heartbeat — 116,446,199 triples · 18,790,506,304 bytes read
  Partitioned compression: HG005_GRCh38_r1000000: rdf-scan heartbeat — 116,852,999 triples · 18,857,615,271 bytes read
  Partitioned compression: HG005_GRCh38_r1000000: rdf-scan chunk — 117,259,700 triples · 141 chunks · 18,924,710,650 bytes read
  Partitioned compression: HG005_GRCh38_r1000000: hdt-chunks started — 140 chunks · hdt-build-00140
  Partitioned compression: HG005_GRCh38_r1000000: hdt-chunks complete — 141 chunks · hdt-build-00140
  Partitioned compression: HG005_GRCh38_r1000000: rdf-scan heartbeat — 117,259,783 triples · 18,924,724,187 bytes read
  Partitioned compression: HG005_GRCh38_r1000000: rdf-scan heartbeat — 117,666,309 triples · 18,991,833,140 bytes read
  Partitioned compression: HG005_GRCh38_r1000000: rdf-scan chunk — 118,073,250 triples · 142 chunks · 19,058,928,432 bytes read
  Partitioned compression: HG005_GRCh38_r1000000: hdt-chunks started — 141 chunks · hdt-build-00141
  Partitioned compression: HG005_GRCh38_r1000000: hdt-chunks complete — 142 chunks · hdt-build-00141
  Partitioned compression: HG005_GRCh38_r1000000: rdf-scan heartbeat — 118,073,334 triples · 19,058,942,150 bytes read
  Partitioned compression: HG005_GRCh38_r1000000: rdf-scan heartbeat — 118,480,027 triples · 19,126,051,048 bytes read
  Partitioned compression: HG005_GRCh38_r1000000: rdf-scan chunk — 118,886,790 triples · 143 chunks · 19,193,146,279 bytes read
  Partitioned compression: HG005_GRCh38_r1000000: hdt-chunks started — 142 chunks · hdt-build-00142
  Partitioned compression: HG005_GRCh38_r1000000: hdt-chunks complete — 143 chunks · hdt-build-00142
  Partitioned compression: HG005_GRCh38_r1000000: rdf-scan heartbeat — 118,886,873 triples · 19,193,160,020 bytes read
  Partitioned compression: HG005_GRCh38_r1000000: rdf-scan heartbeat — 119,293,541 triples · 19,260,269,003 bytes read
  Partitioned compression: HG005_GRCh38_r1000000: rdf-scan chunk — 119,700,363 triples · 144 chunks · 19,327,364,021 bytes read
  Partitioned compression: HG005_GRCh38_r1000000: hdt-chunks started — 143 chunks · hdt-build-00143
  Partitioned compression: HG005_GRCh38_r1000000: hdt-chunks complete — 144 chunks · hdt-build-00143
  Partitioned compression: HG005_GRCh38_r1000000: rdf-scan heartbeat — 119,700,446 triples · 19,327,377,902 bytes read
  Partitioned compression: HG005_GRCh38_r1000000: rdf-scan heartbeat — 120,107,324 triples · 19,394,486,801 bytes read
  Partitioned compression: HG005_GRCh38_r1000000: rdf-scan chunk — 120,513,811 triples · 145 chunks · 19,461,581,832 bytes read
  Partitioned compression: HG005_GRCh38_r1000000: hdt-chunks started — 144 chunks · hdt-build-00144
  Partitioned compression: HG005_GRCh38_r1000000: hdt-chunks complete — 145 chunks · hdt-build-00144
  Partitioned compression: HG005_GRCh38_r1000000: rdf-scan heartbeat — 120,513,895 triples · 19,461,595,730 bytes read
  Partitioned compression: HG005_GRCh38_r1000000: rdf-scan heartbeat — 120,920,516 triples · 19,528,704,670 bytes read
  Partitioned compression: HG005_GRCh38_r1000000: rdf-scan chunk — 121,327,199 triples · 146 chunks · 19,595,799,615 bytes read
  Partitioned compression: HG005_GRCh38_r1000000: hdt-chunks started — 145 chunks · hdt-build-00145
  Partitioned compression: HG005_GRCh38_r1000000: hdt-chunks complete — 146 chunks · hdt-build-00145
  Partitioned compression: HG005_GRCh38_r1000000: rdf-scan heartbeat — 121,327,283 triples · 19,595,813,557 bytes read
  Partitioned compression: HG005_GRCh38_r1000000: rdf-scan heartbeat — 121,734,153 triples · 19,662,922,521 bytes read
  Partitioned compression: HG005_GRCh38_r1000000: rdf-scan chunk — 122,140,910 triples · 147 chunks · 19,730,017,465 bytes read
  Partitioned compression: HG005_GRCh38_r1000000: hdt-chunks started — 146 chunks · hdt-build-00146
  Partitioned compression: HG005_GRCh38_r1000000: hdt-chunks complete — 147 chunks · hdt-build-00146
  Partitioned compression: HG005_GRCh38_r1000000: rdf-scan heartbeat — 122,140,994 triples · 19,730,031,460 bytes read
  Partitioned compression: HG005_GRCh38_r1000000: rdf-scan heartbeat — 122,547,763 triples · 19,797,140,396 bytes read
  Partitioned compression: HG005_GRCh38_r1000000: rdf-scan chunk — 122,954,413 triples · 148 chunks · 19,864,235,212 bytes read
  Partitioned compression: HG005_GRCh38_r1000000: hdt-chunks started — 147 chunks · hdt-build-00147
  Partitioned compression: HG005_GRCh38_r1000000: hdt-chunks complete — 148 chunks · hdt-build-00147
  Partitioned compression: HG005_GRCh38_r1000000: rdf-scan heartbeat — 122,954,498 triples · 19,864,249,322 bytes read
  Partitioned compression: HG005_GRCh38_r1000000: rdf-scan heartbeat — 123,361,178 triples · 19,931,358,263 bytes read
  Partitioned compression: HG005_GRCh38_r1000000: rdf-scan chunk — 123,767,857 triples · 149 chunks · 19,998,453,050 bytes read
  Partitioned compression: HG005_GRCh38_r1000000: hdt-chunks started — 148 chunks · hdt-build-00148
  Partitioned compression: HG005_GRCh38_r1000000: hdt-chunks complete — 149 chunks · hdt-build-00148
  Partitioned compression: HG005_GRCh38_r1000000: rdf-scan heartbeat — 123,767,942 triples · 19,998,467,201 bytes read
  Partitioned compression: HG005_GRCh38_r1000000: rdf-scan heartbeat — 124,174,791 triples · 20,065,576,158 bytes read
  Partitioned compression: HG005_GRCh38_r1000000: rdf-scan chunk — 124,582,811 triples · 150 chunks · 20,132,670,780 bytes read
  Partitioned compression: HG005_GRCh38_r1000000: hdt-chunks started — 149 chunks · hdt-build-00149
  Partitioned compression: HG005_GRCh38_r1000000: hdt-chunks complete — 150 chunks · hdt-build-00149
  Partitioned compression: HG005_GRCh38_r1000000: rdf-scan heartbeat — 124,582,898 triples · 20,132,685,160 bytes read
  Partitioned compression: HG005_GRCh38_r1000000: rdf-scan heartbeat — 124,989,444 triples · 20,199,794,186 bytes read
  Partitioned compression: HG005_GRCh38_r1000000: rdf-scan chunk — 125,396,075 triples · 151 chunks · 20,266,888,558 bytes read
  Partitioned compression: HG005_GRCh38_r1000000: hdt-chunks started — 150 chunks · hdt-build-00150
  Partitioned compression: HG005_GRCh38_r1000000: hdt-chunks complete — 151 chunks · hdt-build-00150
  Partitioned compression: HG005_GRCh38_r1000000: rdf-scan heartbeat — 125,396,163 triples · 20,266,903,139 bytes read
  Partitioned compression: HG005_GRCh38_r1000000: rdf-scan heartbeat — 125,802,792 triples · 20,334,012,026 bytes read
  Partitioned compression: HG005_GRCh38_r1000000: rdf-scan chunk — 126,209,517 triples · 152 chunks · 20,401,106,407 bytes read
  Partitioned compression: HG005_GRCh38_r1000000: hdt-chunks started — 151 chunks · hdt-build-00151
  Partitioned compression: HG005_GRCh38_r1000000: hdt-chunks complete — 152 chunks · hdt-build-00151
  Partitioned compression: HG005_GRCh38_r1000000: rdf-scan heartbeat — 126,209,605 triples · 20,401,120,948 bytes read
  Partitioned compression: HG005_GRCh38_r1000000: rdf-scan heartbeat — 126,616,330 triples · 20,468,229,813 bytes read
  Partitioned compression: HG005_GRCh38_r1000000: rdf-scan chunk — 127,022,824 triples · 153 chunks · 20,535,324,241 bytes read
  Partitioned compression: HG005_GRCh38_r1000000: hdt-chunks started — 152 chunks · hdt-build-00152
  Partitioned compression: HG005_GRCh38_r1000000: hdt-chunks complete — 153 chunks · hdt-build-00152
  Partitioned compression: HG005_GRCh38_r1000000: rdf-scan heartbeat — 127,022,911 triples · 20,535,338,688 bytes read
  Partitioned compression: HG005_GRCh38_r1000000: rdf-scan heartbeat — 127,429,706 triples · 20,602,447,618 bytes read
  Partitioned compression: HG005_GRCh38_r1000000: rdf-scan chunk — 127,836,290 triples · 154 chunks · 20,669,541,972 bytes read
  Partitioned compression: HG005_GRCh38_r1000000: hdt-chunks started — 153 chunks · hdt-build-00153
  Partitioned compression: HG005_GRCh38_r1000000: hdt-chunks complete — 154 chunks · hdt-build-00153
  Partitioned compression: HG005_GRCh38_r1000000: rdf-scan heartbeat — 127,836,378 triples · 20,669,556,509 bytes read
  Partitioned compression: HG005_GRCh38_r1000000: rdf-scan heartbeat — 128,243,187 triples · 20,736,665,405 bytes read
  Partitioned compression: HG005_GRCh38_r1000000: rdf-scan chunk — 128,649,964 triples · 155 chunks · 20,803,759,733 bytes read
  Partitioned compression: HG005_GRCh38_r1000000: hdt-chunks started — 154 chunks · hdt-build-00154
  Partitioned compression: HG005_GRCh38_r1000000: hdt-chunks complete — 155 chunks · hdt-build-00154
  Partitioned compression: HG005_GRCh38_r1000000: rdf-scan heartbeat — 128,650,053 triples · 20,803,774,277 bytes read
  Partitioned compression: HG005_GRCh38_r1000000: rdf-scan heartbeat — 129,056,648 triples · 20,870,883,188 bytes read
  Partitioned compression: HG005_GRCh38_r1000000: rdf-scan chunk — 129,463,222 triples · 156 chunks · 20,937,977,527 bytes read
  Partitioned compression: HG005_GRCh38_r1000000: hdt-chunks started — 155 chunks · hdt-build-00155
  Partitioned compression: HG005_GRCh38_r1000000: hdt-chunks complete — 156 chunks · hdt-build-00155
  Partitioned compression: HG005_GRCh38_r1000000: rdf-scan heartbeat — 129,463,310 triples · 20,937,992,123 bytes read
  Partitioned compression: HG005_GRCh38_r1000000: rdf-scan heartbeat — 129,869,944 triples · 21,005,101,136 bytes read
  Partitioned compression: HG005_GRCh38_r1000000: rdf-scan chunk — 130,276,435 triples · 157 chunks · 21,072,195,344 bytes read
  Partitioned compression: HG005_GRCh38_r1000000: hdt-chunks started — 156 chunks · hdt-build-00156
  Partitioned compression: HG005_GRCh38_r1000000: hdt-chunks complete — 157 chunks · hdt-build-00156
  Partitioned compression: HG005_GRCh38_r1000000: rdf-scan heartbeat — 130,276,524 triples · 21,072,210,055 bytes read
  Partitioned compression: HG005_GRCh38_r1000000: rdf-scan heartbeat — 130,683,135 triples · 21,139,318,938 bytes read
  Partitioned compression: HG005_GRCh38_r1000000: rdf-scan chunk — 131,089,791 triples · 158 chunks · 21,206,413,102 bytes read
  Partitioned compression: HG005_GRCh38_r1000000: hdt-chunks started — 157 chunks · hdt-build-00157
  Partitioned compression: HG005_GRCh38_r1000000: hdt-chunks complete — 158 chunks · hdt-build-00157
  Partitioned compression: HG005_GRCh38_r1000000: rdf-scan heartbeat — 131,089,881 triples · 21,206,427,960 bytes read
  Partitioned compression: HG005_GRCh38_r1000000: rdf-scan heartbeat — 131,496,737 triples · 21,273,536,914 bytes read
  Partitioned compression: HG005_GRCh38_r1000000: rdf-scan chunk — 131,903,311 triples · 159 chunks · 21,340,630,921 bytes read
  Partitioned compression: HG005_GRCh38_r1000000: hdt-chunks started — 158 chunks · hdt-build-00158
  Partitioned compression: HG005_GRCh38_r1000000: hdt-chunks complete — 159 chunks · hdt-build-00158
  Partitioned compression: HG005_GRCh38_r1000000: rdf-scan heartbeat — 131,903,402 triples · 21,340,645,975 bytes read
  Partitioned compression: HG005_GRCh38_r1000000: rdf-scan heartbeat — 132,310,294 triples · 21,407,754,944 bytes read
  Partitioned compression: HG005_GRCh38_r1000000: rdf-scan chunk — 132,716,985 triples · 160 chunks · 21,474,848,752 bytes read
  Partitioned compression: HG005_GRCh38_r1000000: hdt-chunks started — 159 chunks · hdt-build-00159
  Partitioned compression: HG005_GRCh38_r1000000: hdt-chunks complete — 160 chunks · hdt-build-00159
  Partitioned compression: HG005_GRCh38_r1000000: rdf-scan heartbeat — 132,717,076 triples · 21,474,863,814 bytes read
  Partitioned compression: HG005_GRCh38_r1000000: rdf-scan heartbeat — 133,123,809 triples · 21,541,972,737 bytes read
  Partitioned compression: HG005_GRCh38_r1000000: rdf-scan chunk — 133,530,375 triples · 161 chunks · 21,609,066,486 bytes read
  Partitioned compression: HG005_GRCh38_r1000000: hdt-chunks started — 160 chunks · hdt-build-00160
  Partitioned compression: HG005_GRCh38_r1000000: hdt-chunks complete — 161 chunks · hdt-build-00160
  Partitioned compression: HG005_GRCh38_r1000000: rdf-scan heartbeat — 133,530,467 triples · 21,609,081,690 bytes read
  Partitioned compression: HG005_GRCh38_r1000000: rdf-scan heartbeat — 133,937,315 triples · 21,676,190,584 bytes read
  Partitioned compression: HG005_GRCh38_r1000000: rdf-scan chunk — 134,343,863 triples · 162 chunks · 21,743,284,280 bytes read
  Partitioned compression: HG005_GRCh38_r1000000: hdt-chunks started — 161 chunks · hdt-build-00161
  Partitioned compression: HG005_GRCh38_r1000000: hdt-chunks complete — 162 chunks · hdt-build-00161
  Partitioned compression: HG005_GRCh38_r1000000: rdf-scan heartbeat — 134,343,955 triples · 21,743,299,488 bytes read
  Partitioned compression: HG005_GRCh38_r1000000: rdf-scan heartbeat — 134,750,590 triples · 21,810,408,478 bytes read
  Partitioned compression: HG005_GRCh38_r1000000: rdf-scan chunk — 135,157,218 triples · 163 chunks · 21,877,502,023 bytes read
  Partitioned compression: HG005_GRCh38_r1000000: hdt-chunks started — 162 chunks · hdt-build-00162
  Partitioned compression: HG005_GRCh38_r1000000: hdt-chunks complete — 163 chunks · hdt-build-00162
  Partitioned compression: HG005_GRCh38_r1000000: rdf-scan heartbeat — 135,157,310 triples · 21,877,517,367 bytes read
  Partitioned compression: HG005_GRCh38_r1000000: rdf-scan heartbeat — 135,563,897 triples · 21,944,626,265 bytes read
  Partitioned compression: HG005_GRCh38_r1000000: rdf-scan chunk — 135,970,486 triples · 164 chunks · 22,011,719,853 bytes read
  Partitioned compression: HG005_GRCh38_r1000000: hdt-chunks started — 163 chunks · hdt-build-00163
  Partitioned compression: HG005_GRCh38_r1000000: hdt-chunks complete — 164 chunks · hdt-build-00163
  Partitioned compression: HG005_GRCh38_r1000000: rdf-scan heartbeat — 135,970,579 triples · 22,011,735,187 bytes read
  Partitioned compression: HG005_GRCh38_r1000000: rdf-scan heartbeat — 136,377,273 triples · 22,078,844,208 bytes read
  Partitioned compression: HG005_GRCh38_r1000000: rdf-scan chunk — 136,784,177 triples · 165 chunks · 22,145,937,665 bytes read
  Partitioned compression: HG005_GRCh38_r1000000: hdt-chunks started — 164 chunks · hdt-build-00164
  Partitioned compression: HG005_GRCh38_r1000000: hdt-chunks complete — 165 chunks · hdt-build-00164
  Partitioned compression: HG005_GRCh38_r1000000: rdf-scan heartbeat — 136,784,271 triples · 22,145,953,088 bytes read
  Partitioned compression: HG005_GRCh38_r1000000: rdf-scan heartbeat — 137,190,826 triples · 22,213,062,030 bytes read
  Partitioned compression: HG005_GRCh38_r1000000: rdf-scan chunk — 137,597,377 triples · 166 chunks · 22,280,155,430 bytes read
  Partitioned compression: HG005_GRCh38_r1000000: hdt-chunks started — 165 chunks · hdt-build-00165
  Partitioned compression: HG005_GRCh38_r1000000: hdt-chunks complete — 166 chunks · hdt-build-00165
  Partitioned compression: HG005_GRCh38_r1000000: rdf-scan heartbeat — 137,597,472 triples · 22,280,170,991 bytes read
  Partitioned compression: HG005_GRCh38_r1000000: rdf-scan heartbeat — 138,004,395 triples · 22,347,279,972 bytes read
  Partitioned compression: HG005_GRCh38_r1000000: rdf-scan chunk — 138,410,996 triples · 167 chunks · 22,414,373,210 bytes read
  Partitioned compression: HG005_GRCh38_r1000000: hdt-chunks started — 166 chunks · hdt-build-00166
  Partitioned compression: HG005_GRCh38_r1000000: hdt-chunks complete — 167 chunks · hdt-build-00166
  Partitioned compression: HG005_GRCh38_r1000000: rdf-scan heartbeat — 138,411,092 triples · 22,414,388,962 bytes read
  Partitioned compression: HG005_GRCh38_r1000000: rdf-scan heartbeat — 138,817,675 triples · 22,481,497,922 bytes read
  Partitioned compression: HG005_GRCh38_r1000000: rdf-scan chunk — 139,224,299 triples · 168 chunks · 22,548,591,089 bytes read
  Partitioned compression: HG005_GRCh38_r1000000: hdt-chunks started — 167 chunks · hdt-build-00167
  Partitioned compression: HG005_GRCh38_r1000000: hdt-chunks complete — 168 chunks · hdt-build-00167
  Partitioned compression: HG005_GRCh38_r1000000: rdf-scan heartbeat — 139,224,396 triples · 22,548,606,949 bytes read
  Partitioned compression: HG005_GRCh38_r1000000: rdf-scan heartbeat — 139,631,132 triples · 22,615,715,888 bytes read
  Partitioned compression: HG005_GRCh38_r1000000: rdf-scan chunk — 140,037,899 triples · 169 chunks · 22,682,808,969 bytes read
  Partitioned compression: HG005_GRCh38_r1000000: hdt-chunks started — 168 chunks · hdt-build-00168
  Partitioned compression: HG005_GRCh38_r1000000: hdt-chunks complete — 169 chunks · hdt-build-00168
  Partitioned compression: HG005_GRCh38_r1000000: rdf-scan heartbeat — 140,037,996 triples · 22,682,824,854 bytes read
  Partitioned compression: HG005_GRCh38_r1000000: rdf-scan heartbeat — 140,444,769 triples · 22,749,933,795 bytes read
  Partitioned compression: HG005_GRCh38_r1000000: rdf-scan chunk — 140,851,461 triples · 170 chunks · 22,817,026,748 bytes read
  Partitioned compression: HG005_GRCh38_r1000000: hdt-chunks started — 169 chunks · hdt-build-00169
  Partitioned compression: HG005_GRCh38_r1000000: hdt-chunks complete — 170 chunks · hdt-build-00169
  Partitioned compression: HG005_GRCh38_r1000000: rdf-scan heartbeat — 140,851,558 triples · 22,817,042,729 bytes read
  Partitioned compression: HG005_GRCh38_r1000000: rdf-scan heartbeat — 141,258,261 triples · 22,884,151,624 bytes read
  Partitioned compression: HG005_GRCh38_r1000000: rdf-scan chunk — 141,664,752 triples · 171 chunks · 22,951,244,595 bytes read
  Partitioned compression: HG005_GRCh38_r1000000: hdt-chunks started — 170 chunks · hdt-build-00170
  Partitioned compression: HG005_GRCh38_r1000000: hdt-chunks complete — 171 chunks · hdt-build-00170
  Partitioned compression: HG005_GRCh38_r1000000: rdf-scan heartbeat — 141,664,849 triples · 22,951,260,595 bytes read
  Partitioned compression: HG005_GRCh38_r1000000: rdf-scan heartbeat — 142,071,453 triples · 23,018,369,505 bytes read
  Partitioned compression: HG005_GRCh38_r1000000: rdf-scan chunk — 142,477,907 triples · 172 chunks · 23,085,462,475 bytes read
  Partitioned compression: HG005_GRCh38_r1000000: hdt-chunks started — 171 chunks · hdt-build-00171
  Partitioned compression: HG005_GRCh38_r1000000: hdt-chunks complete — 172 chunks · hdt-build-00171
  Partitioned compression: HG005_GRCh38_r1000000: rdf-scan heartbeat — 142,478,004 triples · 23,085,478,515 bytes read
  Partitioned compression: HG005_GRCh38_r1000000: rdf-scan heartbeat — 142,884,700 triples · 23,152,587,468 bytes read
  Partitioned compression: HG005_GRCh38_r1000000: rdf-scan chunk — 143,291,454 triples · 173 chunks · 23,219,680,334 bytes read
  Partitioned compression: HG005_GRCh38_r1000000: hdt-chunks started — 172 chunks · hdt-build-00172
  Partitioned compression: HG005_GRCh38_r1000000: hdt-chunks complete — 173 chunks · hdt-build-00172
  Partitioned compression: HG005_GRCh38_r1000000: rdf-scan heartbeat — 143,291,551 triples · 23,219,696,355 bytes read
  Partitioned compression: HG005_GRCh38_r1000000: rdf-scan heartbeat — 143,698,346 triples · 23,286,805,255 bytes read
  Partitioned compression: HG005_GRCh38_r1000000: rdf-scan chunk — 144,105,029 triples · 174 chunks · 23,353,898,156 bytes read
  Partitioned compression: HG005_GRCh38_r1000000: hdt-chunks started — 173 chunks · hdt-build-00173
  Partitioned compression: HG005_GRCh38_r1000000: hdt-chunks complete — 174 chunks · hdt-build-00173
  Partitioned compression: HG005_GRCh38_r1000000: rdf-scan heartbeat — 144,105,126 triples · 23,353,914,133 bytes read
  Partitioned compression: HG005_GRCh38_r1000000: rdf-scan heartbeat — 144,511,726 triples · 23,421,023,020 bytes read
  Partitioned compression: HG005_GRCh38_r1000000: rdf-scan chunk — 144,918,641 triples · 175 chunks · 23,488,115,994 bytes read
  Partitioned compression: HG005_GRCh38_r1000000: hdt-chunks started — 174 chunks · hdt-build-00174
  Partitioned compression: HG005_GRCh38_r1000000: hdt-chunks complete — 175 chunks · hdt-build-00174
  Partitioned compression: HG005_GRCh38_r1000000: rdf-scan heartbeat — 144,918,737 triples · 23,488,132,242 bytes read
  Partitioned compression: HG005_GRCh38_r1000000: rdf-scan heartbeat — 145,325,334 triples · 23,555,241,229 bytes read
  Partitioned compression: HG005_GRCh38_r1000000: rdf-scan chunk — 145,732,084 triples · 176 chunks · 23,622,333,850 bytes read
  Partitioned compression: HG005_GRCh38_r1000000: hdt-chunks started — 175 chunks · hdt-build-00175
  Partitioned compression: HG005_GRCh38_r1000000: hdt-chunks complete — 176 chunks · hdt-build-00175
  Partitioned compression: HG005_GRCh38_r1000000: rdf-scan heartbeat — 145,732,181 triples · 23,622,350,369 bytes read
  Partitioned compression: HG005_GRCh38_r1000000: rdf-scan heartbeat — 146,138,879 triples · 23,689,459,301 bytes read
  Partitioned compression: HG005_GRCh38_r1000000: rdf-scan chunk — 146,545,342 triples · 177 chunks · 23,756,551,664 bytes read
  Partitioned compression: HG005_GRCh38_r1000000: hdt-chunks started — 176 chunks · hdt-build-00176
  Partitioned compression: HG005_GRCh38_r1000000: hdt-chunks complete — 177 chunks · hdt-build-00176
  Partitioned compression: HG005_GRCh38_r1000000: rdf-scan heartbeat — 146,545,442 triples · 23,756,568,207 bytes read
  Partitioned compression: HG005_GRCh38_r1000000: rdf-scan heartbeat — 146,952,110 triples · 23,823,677,122 bytes read
  Partitioned compression: HG005_GRCh38_r1000000: rdf-scan chunk — 147,358,618 triples · 178 chunks · 23,890,769,473 bytes read
  Partitioned compression: HG005_GRCh38_r1000000: hdt-chunks started — 177 chunks · hdt-build-00177
  Partitioned compression: HG005_GRCh38_r1000000: hdt-chunks complete — 178 chunks · hdt-build-00177
  Partitioned compression: HG005_GRCh38_r1000000: rdf-scan heartbeat — 147,358,719 triples · 23,890,786,021 bytes read
  Partitioned compression: HG005_GRCh38_r1000000: rdf-scan heartbeat — 147,765,252 triples · 23,957,895,024 bytes read
  Partitioned compression: HG005_GRCh38_r1000000: rdf-scan chunk — 148,172,248 triples · 179 chunks · 24,024,987,334 bytes read
  Partitioned compression: HG005_GRCh38_r1000000: hdt-chunks started — 178 chunks · hdt-build-00178
  Partitioned compression: HG005_GRCh38_r1000000: hdt-chunks complete — 179 chunks · hdt-build-00178
  Partitioned compression: HG005_GRCh38_r1000000: rdf-scan heartbeat — 148,172,349 triples · 24,025,003,890 bytes read
  Partitioned compression: HG005_GRCh38_r1000000: rdf-scan heartbeat — 148,578,997 triples · 24,092,112,864 bytes read
  Partitioned compression: HG005_GRCh38_r1000000: rdf-scan chunk — 148,985,571 triples · 180 chunks · 24,159,205,095 bytes read
  Partitioned compression: HG005_GRCh38_r1000000: hdt-chunks started — 179 chunks · hdt-build-00179
  Partitioned compression: HG005_GRCh38_r1000000: hdt-chunks complete — 180 chunks · hdt-build-00179
  Partitioned compression: HG005_GRCh38_r1000000: rdf-scan heartbeat — 148,985,672 triples · 24,159,221,776 bytes read
  Partitioned compression: HG005_GRCh38_r1000000: rdf-scan heartbeat — 149,392,378 triples · 24,226,330,799 bytes read
  Partitioned compression: HG005_GRCh38_r1000000: rdf-scan chunk — 149,799,001 triples · 181 chunks · 24,293,423,349 bytes read
  Partitioned compression: HG005_GRCh38_r1000000: hdt-chunks started — 180 chunks · hdt-build-00180
  Partitioned compression: HG005_GRCh38_r1000000: hdt-chunks complete — 181 chunks · hdt-build-00180
  Partitioned compression: HG005_GRCh38_r1000000: rdf-scan heartbeat — 149,799,101 triples · 24,293,439,746 bytes read
  Partitioned compression: HG005_GRCh38_r1000000: rdf-scan heartbeat — 150,206,471 triples · 24,360,548,637 bytes read
  Partitioned compression: HG005_GRCh38_r1000000: rdf-scan chunk — 150,613,266 triples · 182 chunks · 24,427,641,221 bytes read
  Partitioned compression: HG005_GRCh38_r1000000: hdt-chunks started — 181 chunks · hdt-build-00181
  Partitioned compression: HG005_GRCh38_r1000000: hdt-chunks complete — 182 chunks · hdt-build-00181
  Partitioned compression: HG005_GRCh38_r1000000: rdf-scan heartbeat — 150,613,364 triples · 24,427,657,568 bytes read
  Partitioned compression: HG005_GRCh38_r1000000: rdf-scan heartbeat — 151,020,124 triples · 24,494,766,459 bytes read
  Partitioned compression: HG005_GRCh38_r1000000: rdf-scan chunk — 151,426,508 triples · 183 chunks · 24,561,858,991 bytes read
  Partitioned compression: HG005_GRCh38_r1000000: hdt-chunks started — 182 chunks · hdt-build-00182
  Partitioned compression: HG005_GRCh38_r1000000: hdt-chunks complete — 183 chunks · hdt-build-00182
  Partitioned compression: HG005_GRCh38_r1000000: rdf-scan heartbeat — 151,426,608 triples · 24,561,875,368 bytes read
  Partitioned compression: HG005_GRCh38_r1000000: rdf-scan heartbeat — 151,833,335 triples · 24,628,984,247 bytes read
  Partitioned compression: HG005_GRCh38_r1000000: rdf-scan chunk — 152,239,947 triples · 184 chunks · 24,696,076,807 bytes read
  Partitioned compression: HG005_GRCh38_r1000000: hdt-chunks started — 183 chunks · hdt-build-00183
  Partitioned compression: HG005_GRCh38_r1000000: hdt-chunks complete — 184 chunks · hdt-build-00183
  Partitioned compression: HG005_GRCh38_r1000000: rdf-scan heartbeat — 152,240,047 triples · 24,696,093,269 bytes read
  Partitioned compression: HG005_GRCh38_r1000000: rdf-scan heartbeat — 152,646,636 triples · 24,763,202,233 bytes read
  Partitioned compression: HG005_GRCh38_r1000000: rdf-scan chunk — 153,053,212 triples · 185 chunks · 24,830,294,621 bytes read
  Partitioned compression: HG005_GRCh38_r1000000: hdt-chunks started — 184 chunks · hdt-build-00184
  Partitioned compression: HG005_GRCh38_r1000000: hdt-chunks complete — 185 chunks · hdt-build-00184
  Partitioned compression: HG005_GRCh38_r1000000: rdf-scan heartbeat — 153,053,313 triples · 24,830,311,151 bytes read
  Partitioned compression: HG005_GRCh38_r1000000: rdf-scan heartbeat — 153,460,148 triples · 24,897,420,086 bytes read
  Partitioned compression: HG005_GRCh38_r1000000: rdf-scan chunk — 153,866,741 triples · 186 chunks · 24,964,512,362 bytes read
  Partitioned compression: HG005_GRCh38_r1000000: hdt-chunks started — 185 chunks · hdt-build-00185
  Partitioned compression: HG005_GRCh38_r1000000: hdt-chunks complete — 186 chunks · hdt-build-00185
  Partitioned compression: HG005_GRCh38_r1000000: rdf-scan heartbeat — 153,866,843 triples · 24,964,529,052 bytes read
  Partitioned compression: HG005_GRCh38_r1000000: rdf-scan heartbeat — 154,273,642 triples · 25,031,638,000 bytes read
  Partitioned compression: HG005_GRCh38_r1000000: rdf-scan chunk — 154,680,558 triples · 187 chunks · 25,098,730,168 bytes read
  Partitioned compression: HG005_GRCh38_r1000000: hdt-chunks started — 186 chunks · hdt-build-00186
  Partitioned compression: HG005_GRCh38_r1000000: hdt-chunks complete — 187 chunks · hdt-build-00186
  Partitioned compression: HG005_GRCh38_r1000000: rdf-scan heartbeat — 154,680,660 triples · 25,098,746,873 bytes read
  Partitioned compression: HG005_GRCh38_r1000000: rdf-scan heartbeat — 155,087,350 triples · 25,165,855,844 bytes read
  Partitioned compression: HG005_GRCh38_r1000000: rdf-scan chunk — 155,494,142 triples · 188 chunks · 25,232,947,971 bytes read
  Partitioned compression: HG005_GRCh38_r1000000: hdt-chunks started — 187 chunks · hdt-build-00187
  Partitioned compression: HG005_GRCh38_r1000000: hdt-chunks complete — 188 chunks · hdt-build-00187
  Partitioned compression: HG005_GRCh38_r1000000: rdf-scan heartbeat — 155,494,243 triples · 25,232,964,726 bytes read
  Partitioned compression: HG005_GRCh38_r1000000: rdf-scan heartbeat — 155,900,978 triples · 25,300,073,619 bytes read
  Partitioned compression: HG005_GRCh38_r1000000: rdf-scan chunk — 156,307,511 triples · 189 chunks · 25,367,165,839 bytes read
  Partitioned compression: HG005_GRCh38_r1000000: hdt-chunks started — 188 chunks · hdt-build-00188
  Partitioned compression: HG005_GRCh38_r1000000: hdt-chunks complete — 189 chunks · hdt-build-00188
  Partitioned compression: HG005_GRCh38_r1000000: rdf-scan heartbeat — 156,307,613 triples · 25,367,182,613 bytes read
  Partitioned compression: HG005_GRCh38_r1000000: rdf-scan heartbeat — 156,714,249 triples · 25,434,291,614 bytes read
  Partitioned compression: HG005_GRCh38_r1000000: rdf-scan chunk — 157,120,770 triples · 190 chunks · 25,501,383,629 bytes read
  Partitioned compression: HG005_GRCh38_r1000000: hdt-chunks started — 189 chunks · hdt-build-00189
  Partitioned compression: HG005_GRCh38_r1000000: hdt-chunks complete — 190 chunks · hdt-build-00189
  Partitioned compression: HG005_GRCh38_r1000000: rdf-scan heartbeat — 157,120,872 triples · 25,501,400,809 bytes read
  Partitioned compression: HG005_GRCh38_r1000000: rdf-scan heartbeat — 157,527,657 triples · 25,568,509,688 bytes read
  Partitioned compression: HG005_GRCh38_r1000000: rdf-scan chunk — 157,934,258 triples · 191 chunks · 25,635,601,449 bytes read
  Partitioned compression: HG005_GRCh38_r1000000: hdt-chunks started — 190 chunks · hdt-build-00190
  Partitioned compression: HG005_GRCh38_r1000000: hdt-chunks complete — 191 chunks · hdt-build-00190
  Partitioned compression: HG005_GRCh38_r1000000: rdf-scan heartbeat — 157,934,362 triples · 25,635,618,582 bytes read
  Partitioned compression: HG005_GRCh38_r1000000: rdf-scan heartbeat — 158,341,100 triples · 25,702,727,506 bytes read
  Partitioned compression: HG005_GRCh38_r1000000: rdf-scan chunk — 158,747,793 triples · 192 chunks · 25,769,819,284 bytes read
  Partitioned compression: HG005_GRCh38_r1000000: hdt-chunks started — 191 chunks · hdt-build-00191
  Partitioned compression: HG005_GRCh38_r1000000: hdt-chunks complete — 192 chunks · hdt-build-00191
  Partitioned compression: HG005_GRCh38_r1000000: rdf-scan heartbeat — 158,747,895 triples · 25,769,836,372 bytes read
  Partitioned compression: HG005_GRCh38_r1000000: rdf-scan heartbeat — 159,154,695 triples · 25,836,945,367 bytes read
  Partitioned compression: HG005_GRCh38_r1000000: rdf-scan chunk — 159,561,296 triples · 193 chunks · 25,904,037,034 bytes read
  Partitioned compression: HG005_GRCh38_r1000000: hdt-chunks started — 192 chunks · hdt-build-00192
  Partitioned compression: HG005_GRCh38_r1000000: hdt-chunks complete — 193 chunks · hdt-build-00192
  Partitioned compression: HG005_GRCh38_r1000000: rdf-scan heartbeat — 159,561,400 triples · 25,904,054,243 bytes read
  Partitioned compression: HG005_GRCh38_r1000000: rdf-scan heartbeat — 159,968,094 triples · 25,971,163,258 bytes read
  Partitioned compression: HG005_GRCh38_r1000000: rdf-scan chunk — 160,374,714 triples · 194 chunks · 26,038,254,887 bytes read
  Partitioned compression: HG005_GRCh38_r1000000: hdt-chunks started — 193 chunks · hdt-build-00193
  Partitioned compression: HG005_GRCh38_r1000000: hdt-chunks complete — 194 chunks · hdt-build-00193
  Partitioned compression: HG005_GRCh38_r1000000: rdf-scan heartbeat — 160,374,820 triples · 26,038,272,162 bytes read
  Partitioned compression: HG005_GRCh38_r1000000: rdf-scan heartbeat — 160,781,608 triples · 26,105,381,296 bytes read
  Partitioned compression: HG005_GRCh38_r1000000: rdf-scan chunk — 161,188,340 triples · 195 chunks · 26,172,472,707 bytes read
  Partitioned compression: HG005_GRCh38_r1000000: hdt-chunks started — 194 chunks · hdt-build-00194
  Partitioned compression: HG005_GRCh38_r1000000: hdt-chunks complete — 195 chunks · hdt-build-00194
  Partitioned compression: HG005_GRCh38_r1000000: rdf-scan heartbeat — 161,188,447 triples · 26,172,490,217 bytes read
  Partitioned compression: HG005_GRCh38_r1000000: rdf-scan heartbeat — 161,595,095 triples · 26,239,599,182 bytes read
  Partitioned compression: HG005_GRCh38_r1000000: rdf-scan chunk — 162,001,652 triples · 196 chunks · 26,306,690,588 bytes read
  Partitioned compression: HG005_GRCh38_r1000000: hdt-chunks started — 195 chunks · hdt-build-00195
  Partitioned compression: HG005_GRCh38_r1000000: hdt-chunks complete — 196 chunks · hdt-build-00195
  Partitioned compression: HG005_GRCh38_r1000000: rdf-scan heartbeat — 162,001,758 triples · 26,306,708,070 bytes read
  Partitioned compression: HG005_GRCh38_r1000000: rdf-scan heartbeat — 162,408,299 triples · 26,373,817,057 bytes read
  Partitioned compression: HG005_GRCh38_r1000000: rdf-scan chunk — 162,815,153 triples · 197 chunks · 26,440,908,343 bytes read
  Partitioned compression: HG005_GRCh38_r1000000: hdt-chunks started — 196 chunks · hdt-build-00196
  Partitioned compression: HG005_GRCh38_r1000000: hdt-chunks complete — 197 chunks · hdt-build-00196
  Partitioned compression: HG005_GRCh38_r1000000: rdf-scan heartbeat — 162,815,259 triples · 26,440,925,958 bytes read
  Partitioned compression: HG005_GRCh38_r1000000: rdf-scan heartbeat — 163,222,285 triples · 26,508,034,925 bytes read
  Partitioned compression: HG005_GRCh38_r1000000: rdf-scan chunk — 163,628,957 triples · 198 chunks · 26,575,126,235 bytes read
  Partitioned compression: HG005_GRCh38_r1000000: hdt-chunks started — 197 chunks · hdt-build-00197
  Partitioned compression: HG005_GRCh38_r1000000: hdt-chunks complete — 198 chunks · hdt-build-00197
  Partitioned compression: HG005_GRCh38_r1000000: rdf-scan heartbeat — 163,629,066 triples · 26,575,143,835 bytes read
  Partitioned compression: HG005_GRCh38_r1000000: rdf-scan heartbeat — 164,035,801 triples · 26,642,252,699 bytes read
  Partitioned compression: HG005_GRCh38_r1000000: rdf-scan chunk — 164,443,575 triples · 199 chunks · 26,709,344,057 bytes read
  Partitioned compression: HG005_GRCh38_r1000000: hdt-chunks started — 198 chunks · hdt-build-00198
  Partitioned compression: HG005_GRCh38_r1000000: hdt-chunks complete — 199 chunks · hdt-build-00198
  Partitioned compression: HG005_GRCh38_r1000000: rdf-scan heartbeat — 164,443,679 triples · 26,709,361,591 bytes read
  Partitioned compression: HG005_GRCh38_r1000000: rdf-scan heartbeat — 164,850,171 triples · 26,776,470,574 bytes read
  Partitioned compression: HG005_GRCh38_r1000000: rdf-scan chunk — 165,256,795 triples · 200 chunks · 26,843,561,891 bytes read
  Partitioned compression: HG005_GRCh38_r1000000: hdt-chunks started — 199 chunks · hdt-build-00199
  Partitioned compression: HG005_GRCh38_r1000000: hdt-chunks complete — 200 chunks · hdt-build-00199
  Partitioned compression: HG005_GRCh38_r1000000: rdf-scan heartbeat — 165,256,903 triples · 26,843,579,540 bytes read
  Partitioned compression: HG005_GRCh38_r1000000: rdf-scan heartbeat — 165,663,532 triples · 26,910,688,476 bytes read
  Partitioned compression: HG005_GRCh38_r1000000: rdf-scan chunk — 166,070,030 triples · 201 chunks · 26,977,779,684 bytes read
  Partitioned compression: HG005_GRCh38_r1000000: hdt-chunks started — 200 chunks · hdt-build-00200
  Partitioned compression: HG005_GRCh38_r1000000: hdt-chunks complete — 201 chunks · hdt-build-00200
  Partitioned compression: HG005_GRCh38_r1000000: rdf-scan heartbeat — 166,070,138 triples · 26,977,797,491 bytes read
  Partitioned compression: HG005_GRCh38_r1000000: rdf-scan heartbeat — 166,476,908 triples · 27,044,906,470 bytes read
  Partitioned compression: HG005_GRCh38_r1000000: rdf-scan chunk — 166,883,449 triples · 202 chunks · 27,111,997,534 bytes read
  Partitioned compression: HG005_GRCh38_r1000000: hdt-chunks started — 201 chunks · hdt-build-00201
  Partitioned compression: HG005_GRCh38_r1000000: hdt-chunks complete — 202 chunks · hdt-build-00201
  Partitioned compression: HG005_GRCh38_r1000000: rdf-scan heartbeat — 166,883,558 triples · 27,112,015,957 bytes read
  Partitioned compression: HG005_GRCh38_r1000000: rdf-scan heartbeat — 167,290,183 triples · 27,179,124,826 bytes read
  Partitioned compression: HG005_GRCh38_r1000000: rdf-scan chunk — 167,696,683 triples · 203 chunks · 27,246,215,274 bytes read
  Partitioned compression: HG005_GRCh38_r1000000: hdt-chunks started — 202 chunks · hdt-build-00202
  Partitioned compression: HG005_GRCh38_r1000000: hdt-chunks complete — 203 chunks · hdt-build-00202
  Partitioned compression: HG005_GRCh38_r1000000: rdf-scan heartbeat — 167,696,796 triples · 27,246,233,765 bytes read
  Partitioned compression: HG005_GRCh38_r1000000: rdf-scan heartbeat — 168,103,421 triples · 27,313,342,729 bytes read
  Partitioned compression: HG005_GRCh38_r1000000: rdf-scan chunk — 168,509,803 triples · 204 chunks · 27,380,433,109 bytes read
  Partitioned compression: HG005_GRCh38_r1000000: hdt-chunks started — 203 chunks · hdt-build-00203
  Partitioned compression: HG005_GRCh38_r1000000: hdt-chunks complete — 204 chunks · hdt-build-00203
  Partitioned compression: HG005_GRCh38_r1000000: rdf-scan heartbeat — 168,509,915 triples · 27,380,451,636 bytes read
  Partitioned compression: HG005_GRCh38_r1000000: rdf-scan heartbeat — 168,916,574 triples · 27,447,560,592 bytes read
  Partitioned compression: HG005_GRCh38_r1000000: rdf-scan chunk — 169,323,086 triples · 205 chunks · 27,514,650,934 bytes read
  Partitioned compression: HG005_GRCh38_r1000000: hdt-chunks started — 204 chunks · hdt-build-00204
  Partitioned compression: HG005_GRCh38_r1000000: hdt-chunks complete — 205 chunks · hdt-build-00204
  Partitioned compression: HG005_GRCh38_r1000000: rdf-scan heartbeat — 169,323,199 triples · 27,514,670,173 bytes read
  Partitioned compression: HG005_GRCh38_r1000000: rdf-scan heartbeat — 169,729,955 triples · 27,581,779,044 bytes read
  Partitioned compression: HG005_GRCh38_r1000000: rdf-scan chunk — 170,136,590 triples · 206 chunks · 27,648,868,689 bytes read
  Partitioned compression: HG005_GRCh38_r1000000: hdt-chunks started — 205 chunks · hdt-build-00205
  Partitioned compression: HG005_GRCh38_r1000000: hdt-chunks complete — 206 chunks · hdt-build-00205
  Partitioned compression: HG005_GRCh38_r1000000: rdf-scan heartbeat — 170,136,705 triples · 27,648,887,992 bytes read
  Partitioned compression: HG005_GRCh38_r1000000: rdf-scan heartbeat — 170,543,656 triples · 27,715,996,992 bytes read
  Partitioned compression: HG005_GRCh38_r1000000: rdf-scan chunk — 170,935,101 triples · 207 chunks · 27,780,587,073 bytes read
  Partitioned compression: HG005_GRCh38_r1000000: hdt-chunks started — 206 chunks · hdt-build-00206
  Partitioned compression: HG005_GRCh38_r1000000: hdt-chunks complete — 207 chunks · hdt-build-00206
  Partitioned compression: HG005_GRCh38_r1000000: rdf-scan complete — 170,935,101 triples · 207 chunks
  Partitioned compression: HG005_GRCh38_r1000000: hdt-chunks complete — 207 chunks
  Partitioned compression: HG005_GRCh38_r1000000: hdt-merge started — hdt-merge-r01-00000
  Partitioned compression: HG005_GRCh38_r1000000: hdt-merge complete — hdt-merge-r01-00000
  Partitioned compression: HG005_GRCh38_r1000000: hdt-merge started — hdt-merge-r01-00001
  Partitioned compression: HG005_GRCh38_r1000000: hdt-merge complete — hdt-merge-r01-00001
  Partitioned compression: HG005_GRCh38_r1000000: hdt-merge started — hdt-merge-r01-00002
  Partitioned compression: HG005_GRCh38_r1000000: hdt-merge complete — hdt-merge-r01-00002
  Partitioned compression: HG005_GRCh38_r1000000: hdt-merge started — hdt-merge-r01-00003
  Partitioned compression: HG005_GRCh38_r1000000: hdt-merge complete — hdt-merge-r01-00003
  Partitioned compression: HG005_GRCh38_r1000000: hdt-merge started — hdt-merge-r01-00004
  Partitioned compression: HG005_GRCh38_r1000000: hdt-merge complete — hdt-merge-r01-00004
  Partitioned compression: HG005_GRCh38_r1000000: hdt-merge started — hdt-merge-r01-00005
  Partitioned compression: HG005_GRCh38_r1000000: hdt-merge complete — hdt-merge-r01-00005
  Partitioned compression: HG005_GRCh38_r1000000: hdt-merge started — hdt-merge-r01-00006
  Partitioned compression: HG005_GRCh38_r1000000: hdt-merge complete — hdt-merge-r01-00006
  Partitioned compression: HG005_GRCh38_r1000000: hdt-merge started — hdt-merge-r01-00007
  Partitioned compression: HG005_GRCh38_r1000000: hdt-merge complete — hdt-merge-r01-00007
  Partitioned compression: HG005_GRCh38_r1000000: hdt-merge started — hdt-merge-r01-00008
  Partitioned compression: HG005_GRCh38_r1000000: hdt-merge complete — hdt-merge-r01-00008
  Partitioned compression: HG005_GRCh38_r1000000: hdt-merge started — hdt-merge-r01-00009
  Partitioned compression: HG005_GRCh38_r1000000: hdt-merge complete — hdt-merge-r01-00009
  Partitioned compression: HG005_GRCh38_r1000000: hdt-merge started — hdt-merge-r01-00010
  Partitioned compression: HG005_GRCh38_r1000000: hdt-merge complete — hdt-merge-r01-00010
  Partitioned compression: HG005_GRCh38_r1000000: hdt-merge started — hdt-merge-r01-00011
  Partitioned compression: HG005_GRCh38_r1000000: hdt-merge complete — hdt-merge-r01-00011
  Partitioned compression: HG005_GRCh38_r1000000: hdt-merge started — hdt-merge-r01-00012
  Partitioned compression: HG005_GRCh38_r1000000: hdt-merge complete — hdt-merge-r01-00012
  Partitioned compression: HG005_GRCh38_r1000000: hdt-merge started — hdt-merge-r01-00013
  Partitioned compression: HG005_GRCh38_r1000000: hdt-merge complete — hdt-merge-r01-00013
  Partitioned compression: HG005_GRCh38_r1000000: hdt-merge started — hdt-merge-r01-00014
  Partitioned compression: HG005_GRCh38_r1000000: hdt-merge complete — hdt-merge-r01-00014
  Partitioned compression: HG005_GRCh38_r1000000: hdt-merge started — hdt-merge-r01-00015
  Partitioned compression: HG005_GRCh38_r1000000: hdt-merge complete — hdt-merge-r01-00015
  Partitioned compression: HG005_GRCh38_r1000000: hdt-merge started — hdt-merge-r01-00016
  Partitioned compression: HG005_GRCh38_r1000000: hdt-merge complete — hdt-merge-r01-00016
  Partitioned compression: HG005_GRCh38_r1000000: hdt-merge started — hdt-merge-r01-00017
  Partitioned compression: HG005_GRCh38_r1000000: hdt-merge complete — hdt-merge-r01-00017
  Partitioned compression: HG005_GRCh38_r1000000: hdt-merge started — hdt-merge-r01-00018
  Partitioned compression: HG005_GRCh38_r1000000: hdt-merge complete — hdt-merge-r01-00018
  Partitioned compression: HG005_GRCh38_r1000000: hdt-merge started — hdt-merge-r01-00019
  Partitioned compression: HG005_GRCh38_r1000000: hdt-merge complete — hdt-merge-r01-00019
  Partitioned compression: HG005_GRCh38_r1000000: hdt-merge started — hdt-merge-r01-00020
  Partitioned compression: HG005_GRCh38_r1000000: hdt-merge complete — hdt-merge-r01-00020
  Partitioned compression: HG005_GRCh38_r1000000: hdt-merge started — hdt-merge-r01-00021
  Partitioned compression: HG005_GRCh38_r1000000: hdt-merge complete — hdt-merge-r01-00021
  Partitioned compression: HG005_GRCh38_r1000000: hdt-merge started — hdt-merge-r01-00022
  Partitioned compression: HG005_GRCh38_r1000000: hdt-merge complete — hdt-merge-r01-00022
  Partitioned compression: HG005_GRCh38_r1000000: hdt-merge started — hdt-merge-r01-00023
  Partitioned compression: HG005_GRCh38_r1000000: hdt-merge complete — hdt-merge-r01-00023
  Partitioned compression: HG005_GRCh38_r1000000: hdt-merge started — hdt-merge-r01-00024
  Partitioned compression: HG005_GRCh38_r1000000: hdt-merge complete — hdt-merge-r01-00024
  Partitioned compression: HG005_GRCh38_r1000000: hdt-merge started — hdt-merge-r01-00025
  Partitioned compression: HG005_GRCh38_r1000000: hdt-merge complete — hdt-merge-r01-00025
  Partitioned compression: HG005_GRCh38_r1000000: hdt-merge started — hdt-merge-r01-00026
  Partitioned compression: HG005_GRCh38_r1000000: hdt-merge complete — hdt-merge-r01-00026
  Partitioned compression: HG005_GRCh38_r1000000: hdt-merge started — hdt-merge-r01-00027
  Partitioned compression: HG005_GRCh38_r1000000: hdt-merge complete — hdt-merge-r01-00027
  Partitioned compression: HG005_GRCh38_r1000000: hdt-merge started — hdt-merge-r01-00028
  Partitioned compression: HG005_GRCh38_r1000000: hdt-merge complete — hdt-merge-r01-00028
  Partitioned compression: HG005_GRCh38_r1000000: hdt-merge started — hdt-merge-r01-00029
  Partitioned compression: HG005_GRCh38_r1000000: hdt-merge complete — hdt-merge-r01-00029
  Partitioned compression: HG005_GRCh38_r1000000: hdt-merge started — hdt-merge-r01-00030
  Partitioned compression: HG005_GRCh38_r1000000: hdt-merge complete — hdt-merge-r01-00030
  Partitioned compression: HG005_GRCh38_r1000000: hdt-merge started — hdt-merge-r01-00031
  Partitioned compression: HG005_GRCh38_r1000000: hdt-merge complete — hdt-merge-r01-00031
  Partitioned compression: HG005_GRCh38_r1000000: hdt-merge started — hdt-merge-r01-00032
  Partitioned compression: HG005_GRCh38_r1000000: hdt-merge complete — hdt-merge-r01-00032
  Partitioned compression: HG005_GRCh38_r1000000: hdt-merge started — hdt-merge-r01-00033
  Partitioned compression: HG005_GRCh38_r1000000: hdt-merge complete — hdt-merge-r01-00033
  Partitioned compression: HG005_GRCh38_r1000000: hdt-merge started — hdt-merge-r01-00034
  Partitioned compression: HG005_GRCh38_r1000000: hdt-merge complete — hdt-merge-r01-00034
  Partitioned compression: HG005_GRCh38_r1000000: hdt-merge started — hdt-merge-r01-00035
  Partitioned compression: HG005_GRCh38_r1000000: hdt-merge complete — hdt-merge-r01-00035
  Partitioned compression: HG005_GRCh38_r1000000: hdt-merge started — hdt-merge-r01-00036
  Partitioned compression: HG005_GRCh38_r1000000: hdt-merge complete — hdt-merge-r01-00036
  Partitioned compression: HG005_GRCh38_r1000000: hdt-merge started — hdt-merge-r01-00037
  Partitioned compression: HG005_GRCh38_r1000000: hdt-merge complete — hdt-merge-r01-00037
  Partitioned compression: HG005_GRCh38_r1000000: hdt-merge started — hdt-merge-r01-00038
  Partitioned compression: HG005_GRCh38_r1000000: hdt-merge complete — hdt-merge-r01-00038
  Partitioned compression: HG005_GRCh38_r1000000: hdt-merge started — hdt-merge-r01-00039
  Partitioned compression: HG005_GRCh38_r1000000: hdt-merge complete — hdt-merge-r01-00039
  Partitioned compression: HG005_GRCh38_r1000000: hdt-merge started — hdt-merge-r01-00040
  Partitioned compression: HG005_GRCh38_r1000000: hdt-merge complete — hdt-merge-r01-00040
  Partitioned compression: HG005_GRCh38_r1000000: hdt-merge started — hdt-merge-r01-00041
  Partitioned compression: HG005_GRCh38_r1000000: hdt-merge complete — hdt-merge-r01-00041
  Partitioned compression: HG005_GRCh38_r1000000: hdt-merge started — hdt-merge-r01-00042
  Partitioned compression: HG005_GRCh38_r1000000: hdt-merge complete — hdt-merge-r01-00042
  Partitioned compression: HG005_GRCh38_r1000000: hdt-merge started — hdt-merge-r01-00043
  Partitioned compression: HG005_GRCh38_r1000000: hdt-merge complete — hdt-merge-r01-00043
  Partitioned compression: HG005_GRCh38_r1000000: hdt-merge started — hdt-merge-r01-00044
  Partitioned compression: HG005_GRCh38_r1000000: hdt-merge complete — hdt-merge-r01-00044
  Partitioned compression: HG005_GRCh38_r1000000: hdt-merge started — hdt-merge-r01-00045
  Partitioned compression: HG005_GRCh38_r1000000: hdt-merge complete — hdt-merge-r01-00045
  Partitioned compression: HG005_GRCh38_r1000000: hdt-merge started — hdt-merge-r01-00046
  Partitioned compression: HG005_GRCh38_r1000000: hdt-merge complete — hdt-merge-r01-00046
  Partitioned compression: HG005_GRCh38_r1000000: hdt-merge started — hdt-merge-r01-00047
  Partitioned compression: HG005_GRCh38_r1000000: hdt-merge complete — hdt-merge-r01-00047
  Partitioned compression: HG005_GRCh38_r1000000: hdt-merge started — hdt-merge-r01-00048
  Partitioned compression: HG005_GRCh38_r1000000: hdt-merge complete — hdt-merge-r01-00048
  Partitioned compression: HG005_GRCh38_r1000000: hdt-merge started — hdt-merge-r01-00049
  Partitioned compression: HG005_GRCh38_r1000000: hdt-merge complete — hdt-merge-r01-00049
  Partitioned compression: HG005_GRCh38_r1000000: hdt-merge started — hdt-merge-r01-00050
  Partitioned compression: HG005_GRCh38_r1000000: hdt-merge complete — hdt-merge-r01-00050
  Partitioned compression: HG005_GRCh38_r1000000: hdt-merge started — hdt-merge-r01-00051
  Partitioned compression: HG005_GRCh38_r1000000: hdt-merge complete — hdt-merge-r01-00051
  Partitioned compression: HG005_GRCh38_r1000000: hdt-merge started — hdt-merge-r01-00052
  Partitioned compression: HG005_GRCh38_r1000000: hdt-merge complete — hdt-merge-r01-00052
  Partitioned compression: HG005_GRCh38_r1000000: hdt-merge started — hdt-merge-r01-00053
  Partitioned compression: HG005_GRCh38_r1000000: hdt-merge complete — hdt-merge-r01-00053
  Partitioned compression: HG005_GRCh38_r1000000: hdt-merge started — hdt-merge-r01-00054
  Partitioned compression: HG005_GRCh38_r1000000: hdt-merge complete — hdt-merge-r01-00054
  Partitioned compression: HG005_GRCh38_r1000000: hdt-merge started — hdt-merge-r01-00055
  Partitioned compression: HG005_GRCh38_r1000000: hdt-merge complete — hdt-merge-r01-00055
  Partitioned compression: HG005_GRCh38_r1000000: hdt-merge started — hdt-merge-r01-00056
  Partitioned compression: HG005_GRCh38_r1000000: hdt-merge complete — hdt-merge-r01-00056
  Partitioned compression: HG005_GRCh38_r1000000: hdt-merge started — hdt-merge-r01-00057
  Partitioned compression: HG005_GRCh38_r1000000: hdt-merge complete — hdt-merge-r01-00057
  Partitioned compression: HG005_GRCh38_r1000000: hdt-merge started — hdt-merge-r01-00058
  Partitioned compression: HG005_GRCh38_r1000000: hdt-merge complete — hdt-merge-r01-00058
  Partitioned compression: HG005_GRCh38_r1000000: hdt-merge started — hdt-merge-r01-00059
  Partitioned compression: HG005_GRCh38_r1000000: hdt-merge complete — hdt-merge-r01-00059
  Partitioned compression: HG005_GRCh38_r1000000: hdt-merge started — hdt-merge-r01-00060
  Partitioned compression: HG005_GRCh38_r1000000: hdt-merge complete — hdt-merge-r01-00060
  Partitioned compression: HG005_GRCh38_r1000000: hdt-merge started — hdt-merge-r01-00061
  Partitioned compression: HG005_GRCh38_r1000000: hdt-merge complete — hdt-merge-r01-00061
  Partitioned compression: HG005_GRCh38_r1000000: hdt-merge started — hdt-merge-r01-00062
  Partitioned compression: HG005_GRCh38_r1000000: hdt-merge complete — hdt-merge-r01-00062
  Partitioned compression: HG005_GRCh38_r1000000: hdt-merge started — hdt-merge-r01-00063
  Partitioned compression: HG005_GRCh38_r1000000: hdt-merge complete — hdt-merge-r01-00063
  Partitioned compression: HG005_GRCh38_r1000000: hdt-merge started — hdt-merge-r01-00064
  Partitioned compression: HG005_GRCh38_r1000000: hdt-merge complete — hdt-merge-r01-00064
  Partitioned compression: HG005_GRCh38_r1000000: hdt-merge started — hdt-merge-r01-00065
  Partitioned compression: HG005_GRCh38_r1000000: hdt-merge complete — hdt-merge-r01-00065
  Partitioned compression: HG005_GRCh38_r1000000: hdt-merge started — hdt-merge-r01-00066
  Partitioned compression: HG005_GRCh38_r1000000: hdt-merge complete — hdt-merge-r01-00066
  Partitioned compression: HG005_GRCh38_r1000000: hdt-merge started — hdt-merge-r01-00067
  Partitioned compression: HG005_GRCh38_r1000000: hdt-merge complete — hdt-merge-r01-00067
  Partitioned compression: HG005_GRCh38_r1000000: hdt-merge started — hdt-merge-r01-00068
  Partitioned compression: HG005_GRCh38_r1000000: hdt-merge complete — hdt-merge-r01-00068
  Partitioned compression: HG005_GRCh38_r1000000: hdt-merge started — hdt-merge-r01-00069
  Partitioned compression: HG005_GRCh38_r1000000: hdt-merge complete — hdt-merge-r01-00069
  Partitioned compression: HG005_GRCh38_r1000000: hdt-merge started — hdt-merge-r01-00070
  Partitioned compression: HG005_GRCh38_r1000000: hdt-merge complete — hdt-merge-r01-00070
  Partitioned compression: HG005_GRCh38_r1000000: hdt-merge started — hdt-merge-r01-00071
  Partitioned compression: HG005_GRCh38_r1000000: hdt-merge complete — hdt-merge-r01-00071
  Partitioned compression: HG005_GRCh38_r1000000: hdt-merge started — hdt-merge-r01-00072
  Partitioned compression: HG005_GRCh38_r1000000: hdt-merge complete — hdt-merge-r01-00072
  Partitioned compression: HG005_GRCh38_r1000000: hdt-merge started — hdt-merge-r01-00073
  Partitioned compression: HG005_GRCh38_r1000000: hdt-merge complete — hdt-merge-r01-00073
  Partitioned compression: HG005_GRCh38_r1000000: hdt-merge started — hdt-merge-r01-00074
  Partitioned compression: HG005_GRCh38_r1000000: hdt-merge complete — hdt-merge-r01-00074
  Partitioned compression: HG005_GRCh38_r1000000: hdt-merge started — hdt-merge-r01-00075
  Partitioned compression: HG005_GRCh38_r1000000: hdt-merge complete — hdt-merge-r01-00075
  Partitioned compression: HG005_GRCh38_r1000000: hdt-merge started — hdt-merge-r01-00076
  Partitioned compression: HG005_GRCh38_r1000000: hdt-merge complete — hdt-merge-r01-00076
  Partitioned compression: HG005_GRCh38_r1000000: hdt-merge started — hdt-merge-r01-00077
  Partitioned compression: HG005_GRCh38_r1000000: hdt-merge complete — hdt-merge-r01-00077
  Partitioned compression: HG005_GRCh38_r1000000: hdt-merge started — hdt-merge-r01-00078
  Partitioned compression: HG005_GRCh38_r1000000: hdt-merge complete — hdt-merge-r01-00078
  Partitioned compression: HG005_GRCh38_r1000000: hdt-merge started — hdt-merge-r01-00079
  Partitioned compression: HG005_GRCh38_r1000000: hdt-merge complete — hdt-merge-r01-00079
  Partitioned compression: HG005_GRCh38_r1000000: hdt-merge started — hdt-merge-r01-00080
  Partitioned compression: HG005_GRCh38_r1000000: hdt-merge complete — hdt-merge-r01-00080
  Partitioned compression: HG005_GRCh38_r1000000: hdt-merge started — hdt-merge-r01-00081
  Partitioned compression: HG005_GRCh38_r1000000: hdt-merge complete — hdt-merge-r01-00081
  Partitioned compression: HG005_GRCh38_r1000000: hdt-merge started — hdt-merge-r01-00082
  Partitioned compression: HG005_GRCh38_r1000000: hdt-merge complete — hdt-merge-r01-00082
  Partitioned compression: HG005_GRCh38_r1000000: hdt-merge started — hdt-merge-r01-00083
  Partitioned compression: HG005_GRCh38_r1000000: hdt-merge complete — hdt-merge-r01-00083
  Partitioned compression: HG005_GRCh38_r1000000: hdt-merge started — hdt-merge-r01-00084
  Partitioned compression: HG005_GRCh38_r1000000: hdt-merge complete — hdt-merge-r01-00084
  Partitioned compression: HG005_GRCh38_r1000000: hdt-merge started — hdt-merge-r01-00085
  Partitioned compression: HG005_GRCh38_r1000000: hdt-merge complete — hdt-merge-r01-00085
  Partitioned compression: HG005_GRCh38_r1000000: hdt-merge started — hdt-merge-r01-00086
  Partitioned compression: HG005_GRCh38_r1000000: hdt-merge complete — hdt-merge-r01-00086
  Partitioned compression: HG005_GRCh38_r1000000: hdt-merge started — hdt-merge-r01-00087
  Partitioned compression: HG005_GRCh38_r1000000: hdt-merge complete — hdt-merge-r01-00087
  Partitioned compression: HG005_GRCh38_r1000000: hdt-merge started — hdt-merge-r01-00088
  Partitioned compression: HG005_GRCh38_r1000000: hdt-merge complete — hdt-merge-r01-00088
  Partitioned compression: HG005_GRCh38_r1000000: hdt-merge started — hdt-merge-r01-00089
  Partitioned compression: HG005_GRCh38_r1000000: hdt-merge complete — hdt-merge-r01-00089
  Partitioned compression: HG005_GRCh38_r1000000: hdt-merge started — hdt-merge-r01-00090
  Partitioned compression: HG005_GRCh38_r1000000: hdt-merge complete — hdt-merge-r01-00090
  Partitioned compression: HG005_GRCh38_r1000000: hdt-merge started — hdt-merge-r01-00091
  Partitioned compression: HG005_GRCh38_r1000000: hdt-merge complete — hdt-merge-r01-00091
  Partitioned compression: HG005_GRCh38_r1000000: hdt-merge started — hdt-merge-r01-00092
  Partitioned compression: HG005_GRCh38_r1000000: hdt-merge complete — hdt-merge-r01-00092
  Partitioned compression: HG005_GRCh38_r1000000: hdt-merge started — hdt-merge-r01-00093
  Partitioned compression: HG005_GRCh38_r1000000: hdt-merge complete — hdt-merge-r01-00093
  Partitioned compression: HG005_GRCh38_r1000000: hdt-merge started — hdt-merge-r01-00094
  Partitioned compression: HG005_GRCh38_r1000000: hdt-merge complete — hdt-merge-r01-00094
  Partitioned compression: HG005_GRCh38_r1000000: hdt-merge started — hdt-merge-r01-00095
  Partitioned compression: HG005_GRCh38_r1000000: hdt-merge complete — hdt-merge-r01-00095
  Partitioned compression: HG005_GRCh38_r1000000: hdt-merge started — hdt-merge-r01-00096
  Partitioned compression: HG005_GRCh38_r1000000: hdt-merge complete — hdt-merge-r01-00096
  Partitioned compression: HG005_GRCh38_r1000000: hdt-merge started — hdt-merge-r01-00097
  Partitioned compression: HG005_GRCh38_r1000000: hdt-merge complete — hdt-merge-r01-00097
  Partitioned compression: HG005_GRCh38_r1000000: hdt-merge started — hdt-merge-r01-00098
  Partitioned compression: HG005_GRCh38_r1000000: hdt-merge complete — hdt-merge-r01-00098
  Partitioned compression: HG005_GRCh38_r1000000: hdt-merge started — hdt-merge-r01-00099
  Partitioned compression: HG005_GRCh38_r1000000: hdt-merge complete — hdt-merge-r01-00099
  Partitioned compression: HG005_GRCh38_r1000000: hdt-merge started — hdt-merge-r01-00100
  Partitioned compression: HG005_GRCh38_r1000000: hdt-merge complete — hdt-merge-r01-00100
  Partitioned compression: HG005_GRCh38_r1000000: hdt-merge started — hdt-merge-r01-00101
  Partitioned compression: HG005_GRCh38_r1000000: hdt-merge complete — hdt-merge-r01-00101
  Partitioned compression: HG005_GRCh38_r1000000: hdt-merge started — hdt-merge-r01-00102
  Partitioned compression: HG005_GRCh38_r1000000: hdt-merge complete — hdt-merge-r01-00102
  Partitioned compression: HG005_GRCh38_r1000000: hdt-merge started — hdt-merge-r02-00000
  Partitioned compression: HG005_GRCh38_r1000000: hdt-merge complete — hdt-merge-r02-00000
  Partitioned compression: HG005_GRCh38_r1000000: hdt-merge started — hdt-merge-r02-00001
  Partitioned compression: HG005_GRCh38_r1000000: hdt-merge complete — hdt-merge-r02-00001
  Partitioned compression: HG005_GRCh38_r1000000: hdt-merge started — hdt-merge-r02-00002
  Partitioned compression: HG005_GRCh38_r1000000: hdt-merge complete — hdt-merge-r02-00002
  Partitioned compression: HG005_GRCh38_r1000000: hdt-merge started — hdt-merge-r02-00003
  Partitioned compression: HG005_GRCh38_r1000000: hdt-merge complete — hdt-merge-r02-00003
  Partitioned compression: HG005_GRCh38_r1000000: hdt-merge started — hdt-merge-r02-00004
  Partitioned compression: HG005_GRCh38_r1000000: hdt-merge complete — hdt-merge-r02-00004
  Partitioned compression: HG005_GRCh38_r1000000: hdt-merge started — hdt-merge-r02-00005
  Partitioned compression: HG005_GRCh38_r1000000: hdt-merge complete — hdt-merge-r02-00005
  Partitioned compression: HG005_GRCh38_r1000000: hdt-merge started — hdt-merge-r02-00006
  Partitioned compression: HG005_GRCh38_r1000000: hdt-merge complete — hdt-merge-r02-00006
  Partitioned compression: HG005_GRCh38_r1000000: hdt-merge started — hdt-merge-r02-00007
  Partitioned compression: HG005_GRCh38_r1000000: hdt-merge complete — hdt-merge-r02-00007
  Partitioned compression: HG005_GRCh38_r1000000: hdt-merge started — hdt-merge-r02-00008
  Partitioned compression: HG005_GRCh38_r1000000: hdt-merge complete — hdt-merge-r02-00008
  Partitioned compression: HG005_GRCh38_r1000000: hdt-merge started — hdt-merge-r02-00009
  Partitioned compression: HG005_GRCh38_r1000000: hdt-merge complete — hdt-merge-r02-00009
  Partitioned compression: HG005_GRCh38_r1000000: hdt-merge started — hdt-merge-r02-00010
  Partitioned compression: HG005_GRCh38_r1000000: hdt-merge complete — hdt-merge-r02-00010
  Partitioned compression: HG005_GRCh38_r1000000: hdt-merge started — hdt-merge-r02-00011
  Partitioned compression: HG005_GRCh38_r1000000: hdt-merge complete — hdt-merge-r02-00011
  Partitioned compression: HG005_GRCh38_r1000000: hdt-merge started — hdt-merge-r02-00012
  Partitioned compression: HG005_GRCh38_r1000000: hdt-merge complete — hdt-merge-r02-00012
  Partitioned compression: HG005_GRCh38_r1000000: hdt-merge started — hdt-merge-r02-00013
  Partitioned compression: HG005_GRCh38_r1000000: hdt-merge complete — hdt-merge-r02-00013
  Partitioned compression: HG005_GRCh38_r1000000: hdt-merge started — hdt-merge-r02-00014
  Partitioned compression: HG005_GRCh38_r1000000: hdt-merge complete — hdt-merge-r02-00014
  Partitioned compression: HG005_GRCh38_r1000000: hdt-merge started — hdt-merge-r02-00015
  Partitioned compression: HG005_GRCh38_r1000000: hdt-merge complete — hdt-merge-r02-00015
  Partitioned compression: HG005_GRCh38_r1000000: hdt-merge started — hdt-merge-r02-00016
  Partitioned compression: HG005_GRCh38_r1000000: hdt-merge complete — hdt-merge-r02-00016
  Partitioned compression: HG005_GRCh38_r1000000: hdt-merge started — hdt-merge-r02-00017
  Partitioned compression: HG005_GRCh38_r1000000: hdt-merge complete — hdt-merge-r02-00017
  Partitioned compression: HG005_GRCh38_r1000000: hdt-merge started — hdt-merge-r02-00018
  Partitioned compression: HG005_GRCh38_r1000000: hdt-merge complete — hdt-merge-r02-00018
  Partitioned compression: HG005_GRCh38_r1000000: hdt-merge started — hdt-merge-r02-00019
  Partitioned compression: HG005_GRCh38_r1000000: hdt-merge complete — hdt-merge-r02-00019
  Partitioned compression: HG005_GRCh38_r1000000: hdt-merge started — hdt-merge-r02-00020
  Partitioned compression: HG005_GRCh38_r1000000: hdt-merge complete — hdt-merge-r02-00020
  Partitioned compression: HG005_GRCh38_r1000000: hdt-merge started — hdt-merge-r02-00021
  Partitioned compression: HG005_GRCh38_r1000000: hdt-merge complete — hdt-merge-r02-00021
  Partitioned compression: HG005_GRCh38_r1000000: hdt-merge started — hdt-merge-r02-00022
  Partitioned compression: HG005_GRCh38_r1000000: hdt-merge complete — hdt-merge-r02-00022
  Partitioned compression: HG005_GRCh38_r1000000: hdt-merge started — hdt-merge-r02-00023
  Partitioned compression: HG005_GRCh38_r1000000: hdt-merge complete — hdt-merge-r02-00023
  Partitioned compression: HG005_GRCh38_r1000000: hdt-merge started — hdt-merge-r02-00024
  Partitioned compression: HG005_GRCh38_r1000000: hdt-merge complete — hdt-merge-r02-00024
  Partitioned compression: HG005_GRCh38_r1000000: hdt-merge started — hdt-merge-r02-00025
  Partitioned compression: HG005_GRCh38_r1000000: hdt-merge complete — hdt-merge-r02-00025
  Partitioned compression: HG005_GRCh38_r1000000: hdt-merge started — hdt-merge-r02-00026
  Partitioned compression: HG005_GRCh38_r1000000: hdt-merge complete — hdt-merge-r02-00026
  Partitioned compression: HG005_GRCh38_r1000000: hdt-merge started — hdt-merge-r02-00027
  Partitioned compression: HG005_GRCh38_r1000000: hdt-merge complete — hdt-merge-r02-00027
  Partitioned compression: HG005_GRCh38_r1000000: hdt-merge started — hdt-merge-r02-00028
  Partitioned compression: HG005_GRCh38_r1000000: hdt-merge complete — hdt-merge-r02-00028
  Partitioned compression: HG005_GRCh38_r1000000: hdt-merge started — hdt-merge-r02-00029
  Partitioned compression: HG005_GRCh38_r1000000: hdt-merge complete — hdt-merge-r02-00029
  Partitioned compression: HG005_GRCh38_r1000000: hdt-merge started — hdt-merge-r02-00030
  Partitioned compression: HG005_GRCh38_r1000000: hdt-merge complete — hdt-merge-r02-00030
  Partitioned compression: HG005_GRCh38_r1000000: hdt-merge started — hdt-merge-r02-00031
  Partitioned compression: HG005_GRCh38_r1000000: hdt-merge complete — hdt-merge-r02-00031
  Partitioned compression: HG005_GRCh38_r1000000: hdt-merge started — hdt-merge-r02-00032
  Partitioned compression: HG005_GRCh38_r1000000: hdt-merge complete — hdt-merge-r02-00032
  Partitioned compression: HG005_GRCh38_r1000000: hdt-merge started — hdt-merge-r02-00033
  Partitioned compression: HG005_GRCh38_r1000000: hdt-merge complete — hdt-merge-r02-00033
  Partitioned compression: HG005_GRCh38_r1000000: hdt-merge started — hdt-merge-r02-00034
  Partitioned compression: HG005_GRCh38_r1000000: hdt-merge complete — hdt-merge-r02-00034
  Partitioned compression: HG005_GRCh38_r1000000: hdt-merge started — hdt-merge-r02-00035
  Partitioned compression: HG005_GRCh38_r1000000: hdt-merge complete — hdt-merge-r02-00035
  Partitioned compression: HG005_GRCh38_r1000000: hdt-merge started — hdt-merge-r02-00036
  Partitioned compression: HG005_GRCh38_r1000000: hdt-merge complete — hdt-merge-r02-00036
  Partitioned compression: HG005_GRCh38_r1000000: hdt-merge started — hdt-merge-r02-00037
  Partitioned compression: HG005_GRCh38_r1000000: hdt-merge complete — hdt-merge-r02-00037
  Partitioned compression: HG005_GRCh38_r1000000: hdt-merge started — hdt-merge-r02-00038
  Partitioned compression: HG005_GRCh38_r1000000: hdt-merge complete — hdt-merge-r02-00038
  Partitioned compression: HG005_GRCh38_r1000000: hdt-merge started — hdt-merge-r02-00039
  Partitioned compression: HG005_GRCh38_r1000000: hdt-merge complete — hdt-merge-r02-00039
  Partitioned compression: HG005_GRCh38_r1000000: hdt-merge started — hdt-merge-r02-00040
  Partitioned compression: HG005_GRCh38_r1000000: hdt-merge complete — hdt-merge-r02-00040
  Partitioned compression: HG005_GRCh38_r1000000: hdt-merge started — hdt-merge-r02-00041
  Partitioned compression: HG005_GRCh38_r1000000: hdt-merge complete — hdt-merge-r02-00041
  Partitioned compression: HG005_GRCh38_r1000000: hdt-merge started — hdt-merge-r02-00042
  Partitioned compression: HG005_GRCh38_r1000000: hdt-merge complete — hdt-merge-r02-00042
  Partitioned compression: HG005_GRCh38_r1000000: hdt-merge started — hdt-merge-r02-00043
  Partitioned compression: HG005_GRCh38_r1000000: hdt-merge complete — hdt-merge-r02-00043
  Partitioned compression: HG005_GRCh38_r1000000: hdt-merge started — hdt-merge-r02-00044
  Partitioned compression: HG005_GRCh38_r1000000: hdt-merge complete — hdt-merge-r02-00044
  Partitioned compression: HG005_GRCh38_r1000000: hdt-merge started — hdt-merge-r02-00045
  Partitioned compression: HG005_GRCh38_r1000000: hdt-merge complete — hdt-merge-r02-00045
  Partitioned compression: HG005_GRCh38_r1000000: hdt-merge started — hdt-merge-r02-00046
  Partitioned compression: HG005_GRCh38_r1000000: hdt-merge complete — hdt-merge-r02-00046
  Partitioned compression: HG005_GRCh38_r1000000: hdt-merge started — hdt-merge-r02-00047
  Partitioned compression: HG005_GRCh38_r1000000: hdt-merge complete — hdt-merge-r02-00047
  Partitioned compression: HG005_GRCh38_r1000000: hdt-merge started — hdt-merge-r02-00048
  Partitioned compression: HG005_GRCh38_r1000000: hdt-merge complete — hdt-merge-r02-00048
  Partitioned compression: HG005_GRCh38_r1000000: hdt-merge started — hdt-merge-r02-00049
  Partitioned compression: HG005_GRCh38_r1000000: hdt-merge complete — hdt-merge-r02-00049
  Partitioned compression: HG005_GRCh38_r1000000: hdt-merge started — hdt-merge-r02-00050
  Partitioned compression: HG005_GRCh38_r1000000: hdt-merge complete — hdt-merge-r02-00050
  Partitioned compression: HG005_GRCh38_r1000000: hdt-merge started — hdt-merge-r02-00051
  Partitioned compression: HG005_GRCh38_r1000000: hdt-merge complete — hdt-merge-r02-00051
  Partitioned compression: HG005_GRCh38_r1000000: hdt-merge started — hdt-merge-r03-00000
  Partitioned compression: HG005_GRCh38_r1000000: hdt-merge complete — hdt-merge-r03-00000
  Partitioned compression: HG005_GRCh38_r1000000: hdt-merge started — hdt-merge-r03-00001
  Partitioned compression: HG005_GRCh38_r1000000: hdt-merge complete — hdt-merge-r03-00001
  Partitioned compression: HG005_GRCh38_r1000000: hdt-merge started — hdt-merge-r03-00002
  Partitioned compression: HG005_GRCh38_r1000000: hdt-merge complete — hdt-merge-r03-00002
  Partitioned compression: HG005_GRCh38_r1000000: hdt-merge started — hdt-merge-r03-00003
  Partitioned compression: HG005_GRCh38_r1000000: hdt-merge complete — hdt-merge-r03-00003
  Partitioned compression: HG005_GRCh38_r1000000: hdt-merge started — hdt-merge-r03-00004
  Partitioned compression: HG005_GRCh38_r1000000: hdt-merge complete — hdt-merge-r03-00004
  Partitioned compression: HG005_GRCh38_r1000000: hdt-merge started — hdt-merge-r03-00005
  Partitioned compression: HG005_GRCh38_r1000000: hdt-merge complete — hdt-merge-r03-00005
  Partitioned compression: HG005_GRCh38_r1000000: hdt-merge started — hdt-merge-r03-00006
  Partitioned compression: HG005_GRCh38_r1000000: hdt-merge complete — hdt-merge-r03-00006
  Partitioned compression: HG005_GRCh38_r1000000: hdt-merge started — hdt-merge-r03-00007
  Partitioned compression: HG005_GRCh38_r1000000: hdt-merge complete — hdt-merge-r03-00007
  Partitioned compression: HG005_GRCh38_r1000000: hdt-merge started — hdt-merge-r03-00008
  Partitioned compression: HG005_GRCh38_r1000000: hdt-merge complete — hdt-merge-r03-00008
  Partitioned compression: HG005_GRCh38_r1000000: hdt-merge started — hdt-merge-r03-00009
  Partitioned compression: HG005_GRCh38_r1000000: hdt-merge complete — hdt-merge-r03-00009
  Partitioned compression: HG005_GRCh38_r1000000: hdt-merge started — hdt-merge-r03-00010
  Partitioned compression: HG005_GRCh38_r1000000: hdt-merge complete — hdt-merge-r03-00010
  Partitioned compression: HG005_GRCh38_r1000000: hdt-merge started — hdt-merge-r03-00011
  Partitioned compression: HG005_GRCh38_r1000000: hdt-merge complete — hdt-merge-r03-00011
  Partitioned compression: HG005_GRCh38_r1000000: hdt-merge started — hdt-merge-r03-00012
  Partitioned compression: HG005_GRCh38_r1000000: hdt-merge complete — hdt-merge-r03-00012
  Partitioned compression: HG005_GRCh38_r1000000: hdt-merge started — hdt-merge-r03-00013
  Partitioned compression: HG005_GRCh38_r1000000: hdt-merge complete — hdt-merge-r03-00013
  Partitioned compression: HG005_GRCh38_r1000000: hdt-merge started — hdt-merge-r03-00014
  Partitioned compression: HG005_GRCh38_r1000000: hdt-merge complete — hdt-merge-r03-00014
  Partitioned compression: HG005_GRCh38_r1000000: hdt-merge started — hdt-merge-r03-00015
  Partitioned compression: HG005_GRCh38_r1000000: hdt-merge complete — hdt-merge-r03-00015
  Partitioned compression: HG005_GRCh38_r1000000: hdt-merge started — hdt-merge-r03-00016
  Partitioned compression: HG005_GRCh38_r1000000: hdt-merge complete — hdt-merge-r03-00016
  Partitioned compression: HG005_GRCh38_r1000000: hdt-merge started — hdt-merge-r03-00017
  Partitioned compression: HG005_GRCh38_r1000000: hdt-merge complete — hdt-merge-r03-00017
  Partitioned compression: HG005_GRCh38_r1000000: hdt-merge started — hdt-merge-r03-00018
  Partitioned compression: HG005_GRCh38_r1000000: hdt-merge complete — hdt-merge-r03-00018
  Partitioned compression: HG005_GRCh38_r1000000: hdt-merge started — hdt-merge-r03-00019
  Partitioned compression: HG005_GRCh38_r1000000: hdt-merge complete — hdt-merge-r03-00019
  Partitioned compression: HG005_GRCh38_r1000000: hdt-merge started — hdt-merge-r03-00020
  Partitioned compression: HG005_GRCh38_r1000000: hdt-merge complete — hdt-merge-r03-00020
  Partitioned compression: HG005_GRCh38_r1000000: hdt-merge started — hdt-merge-r03-00021
  Partitioned compression: HG005_GRCh38_r1000000: hdt-merge complete — hdt-merge-r03-00021
  Partitioned compression: HG005_GRCh38_r1000000: hdt-merge started — hdt-merge-r03-00022
  Partitioned compression: HG005_GRCh38_r1000000: hdt-merge complete — hdt-merge-r03-00022
  Partitioned compression: HG005_GRCh38_r1000000: hdt-merge started — hdt-merge-r03-00023
  Partitioned compression: HG005_GRCh38_r1000000: hdt-merge complete — hdt-merge-r03-00023
  Partitioned compression: HG005_GRCh38_r1000000: hdt-merge started — hdt-merge-r03-00024
  Partitioned compression: HG005_GRCh38_r1000000: hdt-merge complete — hdt-merge-r03-00024
  Partitioned compression: HG005_GRCh38_r1000000: hdt-merge started — hdt-merge-r03-00025
  Partitioned compression: HG005_GRCh38_r1000000: hdt-merge complete — hdt-merge-r03-00025
  Partitioned compression: HG005_GRCh38_r1000000: hdt-merge started — hdt-merge-r04-00000
  Partitioned compression: HG005_GRCh38_r1000000: hdt-merge complete — hdt-merge-r04-00000
  Partitioned compression: HG005_GRCh38_r1000000: hdt-merge started — hdt-merge-r04-00001
  Partitioned compression: HG005_GRCh38_r1000000: hdt-merge complete — hdt-merge-r04-00001
  Partitioned compression: HG005_GRCh38_r1000000: hdt-merge started — hdt-merge-r04-00002
  Partitioned compression: HG005_GRCh38_r1000000: hdt-merge complete — hdt-merge-r04-00002
  Partitioned compression: HG005_GRCh38_r1000000: hdt-merge started — hdt-merge-r04-00003
  Partitioned compression: HG005_GRCh38_r1000000: hdt-merge complete — hdt-merge-r04-00003
  Partitioned compression: HG005_GRCh38_r1000000: hdt-merge started — hdt-merge-r04-00004
  Partitioned compression: HG005_GRCh38_r1000000: hdt-merge complete — hdt-merge-r04-00004
  Partitioned compression: HG005_GRCh38_r1000000: hdt-merge started — hdt-merge-r04-00005
  Partitioned compression: HG005_GRCh38_r1000000: hdt-merge complete — hdt-merge-r04-00005
  Partitioned compression: HG005_GRCh38_r1000000: hdt-merge started — hdt-merge-r04-00006
  Partitioned compression: HG005_GRCh38_r1000000: hdt-merge complete — hdt-merge-r04-00006
  Partitioned compression: HG005_GRCh38_r1000000: hdt-merge started — hdt-merge-r04-00007
  Partitioned compression: HG005_GRCh38_r1000000: hdt-merge complete — hdt-merge-r04-00007
  Partitioned compression: HG005_GRCh38_r1000000: hdt-merge started — hdt-merge-r04-00008
  Partitioned compression: HG005_GRCh38_r1000000: hdt-merge complete — hdt-merge-r04-00008
  Partitioned compression: HG005_GRCh38_r1000000: hdt-merge started — hdt-merge-r04-00009
  Partitioned compression: HG005_GRCh38_r1000000: hdt-merge complete — hdt-merge-r04-00009
  Partitioned compression: HG005_GRCh38_r1000000: hdt-merge started — hdt-merge-r04-00010
  Partitioned compression: HG005_GRCh38_r1000000: hdt-merge complete — hdt-merge-r04-00010
  Partitioned compression: HG005_GRCh38_r1000000: hdt-merge started — hdt-merge-r04-00011
  Partitioned compression: HG005_GRCh38_r1000000: hdt-merge complete — hdt-merge-r04-00011
  Partitioned compression: HG005_GRCh38_r1000000: hdt-merge started — hdt-merge-r04-00012
  Partitioned compression: HG005_GRCh38_r1000000: hdt-merge complete — hdt-merge-r04-00012
  Partitioned compression: HG005_GRCh38_r1000000: hdt-merge started — hdt-merge-r05-00000
  Partitioned compression: HG005_GRCh38_r1000000: hdt-merge complete — hdt-merge-r05-00000
  Partitioned compression: HG005_GRCh38_r1000000: hdt-merge started — hdt-merge-r05-00001
  Partitioned compression: HG005_GRCh38_r1000000: hdt-merge complete — hdt-merge-r05-00001
  Partitioned compression: HG005_GRCh38_r1000000: hdt-merge started — hdt-merge-r05-00002
  Partitioned compression: HG005_GRCh38_r1000000: hdt-merge complete — hdt-merge-r05-00002
  Partitioned compression: HG005_GRCh38_r1000000: hdt-merge started — hdt-merge-r05-00003
  Partitioned compression: HG005_GRCh38_r1000000: hdt-merge complete — hdt-merge-r05-00003
  Partitioned compression: HG005_GRCh38_r1000000: hdt-merge started — hdt-merge-r05-00004
  Partitioned compression: HG005_GRCh38_r1000000: hdt-merge complete — hdt-merge-r05-00004
  Partitioned compression: HG005_GRCh38_r1000000: hdt-merge started — hdt-merge-r05-00005
  Partitioned compression: HG005_GRCh38_r1000000: hdt-merge complete — hdt-merge-r05-00005
  Partitioned compression: HG005_GRCh38_r1000000: hdt-merge started — hdt-merge-r06-00000
  Partitioned compression: HG005_GRCh38_r1000000: hdt-merge complete — hdt-merge-r06-00000
  Partitioned compression: HG005_GRCh38_r1000000: hdt-merge started — hdt-merge-r06-00001
  Partitioned compression: HG005_GRCh38_r1000000: hdt-merge complete — hdt-merge-r06-00001
  Partitioned compression: HG005_GRCh38_r1000000: hdt-merge started — hdt-merge-r06-00002
  Partitioned compression: HG005_GRCh38_r1000000: hdt-merge complete — hdt-merge-r06-00002
  Partitioned compression: HG005_GRCh38_r1000000: hdt-merge started — hdt-merge-r07-00000
  Partitioned compression: HG005_GRCh38_r1000000: hdt-merge complete — hdt-merge-r07-00000
  Partitioned compression: HG005_GRCh38_r1000000: hdt-merge started — hdt-merge-r07-00001
  Partitioned compression: HG005_GRCh38_r1000000: hdt-merge complete — hdt-merge-r07-00001
  Partitioned compression: HG005_GRCh38_r1000000: hdt-merge started — hdt-merge-r08-00000
  Partitioned compression: HG005_GRCh38_r1000000: hdt-merge complete — hdt-merge-r08-00000
  Partitioned compression: HG005_GRCh38_r1000000: hdt started — hdt-index
  Partitioned compression: HG005_GRCh38_r1000000: hdt complete — hdt-index
  Partitioned compression: HG005_GRCh38_r1000000: hdt started — hdt-validate
  Partitioned compression: HG005_GRCh38_r1000000: hdt complete — hdt-validate
Partitioned compression: HG005_GRCh38_r1000000: finished
