arm,query_id,window_id,chrom,start,end,window_size,records_in_window,replicate,wall_seconds,status,agrees_with_reference,error
cyvcf2-scan,r01_region_record_count,w1000_00,chr1,23894831,23895830,1000,10,1,0.6284019937738776,OK,True,
cyvcf2-scan,r01_region_record_count,w1000_00,chr1,23894831,23895830,1000,10,2,0.6246487172320485,OK,True,
cyvcf2-scan,r01_region_record_count,w1000_00,chr1,23894831,23895830,1000,10,3,0.6241107126697898,OK,True,
cyvcf2-scan,r01_region_record_count,w1000_01,chr1,37268328,37269327,1000,1,1,0.6262349700555205,OK,True,
cyvcf2-scan,r01_region_record_count,w1000_01,chr1,37268328,37269327,1000,1,2,0.6348154498264194,OK,True,
cyvcf2-scan,r01_region_record_count,w1000_01,chr1,37268328,37269327,1000,1,3,0.6322329756803811,OK,True,
cyvcf2-scan,r01_region_record_count,w1000_02,chr1,42471294,42472293,1000,2,1,0.6260055690072477,OK,True,
cyvcf2-scan,r01_region_record_count,w1000_02,chr1,42471294,42472293,1000,2,2,0.6218538363464177,OK,True,
cyvcf2-scan,r01_region_record_count,w1000_02,chr1,42471294,42472293,1000,2,3,0.6259228480048478,OK,True,
cyvcf2-scan,r01_region_record_count,w100000_00,chr1,76042312,76142311,100000,132,1,0.6422201511450112,OK,True,
cyvcf2-scan,r01_region_record_count,w100000_00,chr1,76042312,76142311,100000,132,2,0.6177072087302804,OK,True,
cyvcf2-scan,r01_region_record_count,w100000_00,chr1,76042312,76142311,100000,132,3,0.6202755281701684,OK,True,
cyvcf2-scan,r01_region_record_count,w100000_01,chr1,26177705,26277704,100000,141,1,0.6490494511090219,OK,True,
cyvcf2-scan,r01_region_record_count,w100000_01,chr1,26177705,26277704,100000,141,2,0.6334157199598849,OK,True,
cyvcf2-scan,r01_region_record_count,w100000_01,chr1,26177705,26277704,100000,141,3,0.6344179841689765,OK,True,
cyvcf2-scan,r01_region_record_count,w100000_02,chr1,76668322,76768321,100000,131,1,0.6267552548088133,OK,True,
cyvcf2-scan,r01_region_record_count,w100000_02,chr1,76668322,76768321,100000,131,2,0.6272134077735245,OK,True,
cyvcf2-scan,r01_region_record_count,w100000_02,chr1,76668322,76768321,100000,131,3,0.6244551399722695,OK,True,
cyvcf2-scan,r01_region_record_count,w1000000_00,chr1,42846822,43846821,1000000,1112,1,0.6228602849878371,OK,True,
cyvcf2-scan,r01_region_record_count,w1000000_00,chr1,42846822,43846821,1000000,1112,2,0.6258545652963221,OK,True,
cyvcf2-scan,r01_region_record_count,w1000000_00,chr1,42846822,43846821,1000000,1112,3,0.6174702188000083,OK,True,
cyvcf2-scan,r01_region_record_count,w1000000_01,chr1,9034070,10034069,1000000,1143,1,0.6175311501137912,OK,True,
cyvcf2-scan,r01_region_record_count,w1000000_01,chr1,9034070,10034069,1000000,1143,2,0.6319486279971898,OK,True,
cyvcf2-scan,r01_region_record_count,w1000000_01,chr1,9034070,10034069,1000000,1143,3,0.6458444078452885,OK,True,
cyvcf2-scan,r01_region_record_count,w1000000_02,chr1,54809885,55809884,1000000,1670,1,0.6724514928646386,OK,True,
cyvcf2-scan,r01_region_record_count,w1000000_02,chr1,54809885,55809884,1000000,1670,2,0.6274408670142293,OK,True,
cyvcf2-scan,r01_region_record_count,w1000000_02,chr1,54809885,55809884,1000000,1670,3,0.6199852749705315,OK,True,
cyvcf2-scan,r01_region_record_count,w10000000_00,chr1,36023355,46023354,10000000,11510,1,0.6290192948654294,OK,True,
cyvcf2-scan,r01_region_record_count,w10000000_00,chr1,36023355,46023354,10000000,11510,2,0.6327777183614671,OK,True,
cyvcf2-scan,r01_region_record_count,w10000000_00,chr1,36023355,46023354,10000000,11510,3,0.6233957810327411,OK,True,
cyvcf2-scan,r01_region_record_count,w10000000_01,chr1,57527385,67527384,10000000,14820,1,0.6304990369826555,OK,True,
cyvcf2-scan,r01_region_record_count,w10000000_01,chr1,57527385,67527384,10000000,14820,2,0.6356880250386894,OK,True,
cyvcf2-scan,r01_region_record_count,w10000000_01,chr1,57527385,67527384,10000000,14820,3,0.6331703336909413,OK,True,
cyvcf2-scan,r01_region_record_count,w10000000_02,chr1,63680811,73680810,10000000,13676,1,0.6308174380101264,OK,True,
cyvcf2-scan,r01_region_record_count,w10000000_02,chr1,63680811,73680810,10000000,13676,2,0.6338511873036623,OK,True,
cyvcf2-scan,r01_region_record_count,w10000000_02,chr1,63680811,73680810,10000000,13676,3,0.6262348419986665,OK,True,
cyvcf2-scan,r02_region_variant_shape_counts,w1000_00,chr1,23894831,23895830,1000,10,1,0.6231411979533732,OK,True,
cyvcf2-scan,r02_region_variant_shape_counts,w1000_00,chr1,23894831,23895830,1000,10,2,0.6359642031602561,OK,True,
cyvcf2-scan,r02_region_variant_shape_counts,w1000_00,chr1,23894831,23895830,1000,10,3,0.6387893608771265,OK,True,
cyvcf2-scan,r02_region_variant_shape_counts,w1000_01,chr1,37268328,37269327,1000,1,1,0.6305554979480803,OK,True,
cyvcf2-scan,r02_region_variant_shape_counts,w1000_01,chr1,37268328,37269327,1000,1,2,0.6265124808996916,OK,True,
cyvcf2-scan,r02_region_variant_shape_counts,w1000_01,chr1,37268328,37269327,1000,1,3,0.6288549620658159,OK,True,
cyvcf2-scan,r02_region_variant_shape_counts,w1000_02,chr1,42471294,42472293,1000,2,1,0.6294422447681427,OK,True,
cyvcf2-scan,r02_region_variant_shape_counts,w1000_02,chr1,42471294,42472293,1000,2,2,0.625458269380033,OK,True,
cyvcf2-scan,r02_region_variant_shape_counts,w1000_02,chr1,42471294,42472293,1000,2,3,0.6315164198167622,OK,True,
cyvcf2-scan,r02_region_variant_shape_counts,w100000_00,chr1,76042312,76142311,100000,132,1,0.6354873119853437,OK,True,
cyvcf2-scan,r02_region_variant_shape_counts,w100000_00,chr1,76042312,76142311,100000,132,2,0.6236491980962455,OK,True,
cyvcf2-scan,r02_region_variant_shape_counts,w100000_00,chr1,76042312,76142311,100000,132,3,0.620254775043577,OK,True,
cyvcf2-scan,r02_region_variant_shape_counts,w100000_01,chr1,26177705,26277704,100000,141,1,0.6458390220068395,OK,True,
cyvcf2-scan,r02_region_variant_shape_counts,w100000_01,chr1,26177705,26277704,100000,141,2,0.626303727272898,OK,True,
cyvcf2-scan,r02_region_variant_shape_counts,w100000_01,chr1,26177705,26277704,100000,141,3,0.6371993701905012,OK,True,
cyvcf2-scan,r02_region_variant_shape_counts,w100000_02,chr1,76668322,76768321,100000,131,1,0.6413515452295542,OK,True,
cyvcf2-scan,r02_region_variant_shape_counts,w100000_02,chr1,76668322,76768321,100000,131,2,0.6254658526740968,OK,True,
cyvcf2-scan,r02_region_variant_shape_counts,w100000_02,chr1,76668322,76768321,100000,131,3,0.632284089922905,OK,True,
cyvcf2-scan,r02_region_variant_shape_counts,w1000000_00,chr1,42846822,43846821,1000000,1112,1,0.6313154888339341,OK,True,
cyvcf2-scan,r02_region_variant_shape_counts,w1000000_00,chr1,42846822,43846821,1000000,1112,2,0.6349777062423527,OK,True,
cyvcf2-scan,r02_region_variant_shape_counts,w1000000_00,chr1,42846822,43846821,1000000,1112,3,0.6317135039716959,OK,True,
cyvcf2-scan,r02_region_variant_shape_counts,w1000000_01,chr1,9034070,10034069,1000000,1143,1,0.6315608168952167,OK,True,
cyvcf2-scan,r02_region_variant_shape_counts,w1000000_01,chr1,9034070,10034069,1000000,1143,2,0.6272001462057233,OK,True,
cyvcf2-scan,r02_region_variant_shape_counts,w1000000_01,chr1,9034070,10034069,1000000,1143,3,0.6461375169456005,OK,True,
cyvcf2-scan,r02_region_variant_shape_counts,w1000000_02,chr1,54809885,55809884,1000000,1670,1,0.6333669750019908,OK,True,
cyvcf2-scan,r02_region_variant_shape_counts,w1000000_02,chr1,54809885,55809884,1000000,1670,2,0.6297399448230863,OK,True,
cyvcf2-scan,r02_region_variant_shape_counts,w1000000_02,chr1,54809885,55809884,1000000,1670,3,0.6463420959189534,OK,True,
cyvcf2-scan,r02_region_variant_shape_counts,w10000000_00,chr1,36023355,46023354,10000000,11510,1,0.6655187681317329,OK,True,
cyvcf2-scan,r02_region_variant_shape_counts,w10000000_00,chr1,36023355,46023354,10000000,11510,2,0.6501091714017093,OK,True,
cyvcf2-scan,r02_region_variant_shape_counts,w10000000_00,chr1,36023355,46023354,10000000,11510,3,0.6465877541340888,OK,True,
cyvcf2-scan,r02_region_variant_shape_counts,w10000000_01,chr1,57527385,67527384,10000000,14820,1,0.6528104753233492,OK,True,
cyvcf2-scan,r02_region_variant_shape_counts,w10000000_01,chr1,57527385,67527384,10000000,14820,2,0.6637123869732022,OK,True,
cyvcf2-scan,r02_region_variant_shape_counts,w10000000_01,chr1,57527385,67527384,10000000,14820,3,0.6746066571213305,OK,True,
cyvcf2-scan,r02_region_variant_shape_counts,w10000000_02,chr1,63680811,73680810,10000000,13676,1,0.6663130833767354,OK,True,
cyvcf2-scan,r02_region_variant_shape_counts,w10000000_02,chr1,63680811,73680810,10000000,13676,2,0.6671457379125059,OK,True,
cyvcf2-scan,r02_region_variant_shape_counts,w10000000_02,chr1,63680811,73680810,10000000,13676,3,0.6624289518222213,OK,True,
cyvcf2-scan,r03_region_titv,w1000_00,chr1,23894831,23895830,1000,10,1,0.6269408413209021,OK,True,
cyvcf2-scan,r03_region_titv,w1000_00,chr1,23894831,23895830,1000,10,2,0.6311502140015364,OK,True,
cyvcf2-scan,r03_region_titv,w1000_00,chr1,23894831,23895830,1000,10,3,0.6374468691647053,OK,True,
cyvcf2-scan,r03_region_titv,w1000_01,chr1,37268328,37269327,1000,1,1,0.6327572739683092,OK,True,
cyvcf2-scan,r03_region_titv,w1000_01,chr1,37268328,37269327,1000,1,2,0.6399147743359208,OK,True,
cyvcf2-scan,r03_region_titv,w1000_01,chr1,37268328,37269327,1000,1,3,0.6351828123442829,OK,True,
cyvcf2-scan,r03_region_titv,w1000_02,chr1,42471294,42472293,1000,2,1,0.6406719931401312,OK,True,
cyvcf2-scan,r03_region_titv,w1000_02,chr1,42471294,42472293,1000,2,2,0.6269955318421125,OK,True,
cyvcf2-scan,r03_region_titv,w1000_02,chr1,42471294,42472293,1000,2,3,0.6359839318320155,OK,True,
cyvcf2-scan,r03_region_titv,w100000_00,chr1,76042312,76142311,100000,132,1,0.6357820159755647,OK,True,
cyvcf2-scan,r03_region_titv,w100000_00,chr1,76042312,76142311,100000,132,2,0.625997656956315,OK,True,
cyvcf2-scan,r03_region_titv,w100000_00,chr1,76042312,76142311,100000,132,3,0.6380142029374838,OK,True,
cyvcf2-scan,r03_region_titv,w100000_01,chr1,26177705,26277704,100000,141,1,0.6429685009643435,OK,True,
cyvcf2-scan,r03_region_titv,w100000_01,chr1,26177705,26277704,100000,141,2,0.6378509323112667,OK,True,
cyvcf2-scan,r03_region_titv,w100000_01,chr1,26177705,26277704,100000,141,3,0.6472310232929885,OK,True,
cyvcf2-scan,r03_region_titv,w100000_02,chr1,76668322,76768321,100000,131,1,0.6518757888115942,OK,True,
cyvcf2-scan,r03_region_titv,w100000_02,chr1,76668322,76768321,100000,131,2,0.6486100717447698,OK,True,
cyvcf2-scan,r03_region_titv,w100000_02,chr1,76668322,76768321,100000,131,3,0.6342955827713013,OK,True,
cyvcf2-scan,r03_region_titv,w1000000_00,chr1,42846822,43846821,1000000,1112,1,0.626892062369734,OK,True,
cyvcf2-scan,r03_region_titv,w1000000_00,chr1,42846822,43846821,1000000,1112,2,0.6339608137495816,OK,True,
cyvcf2-scan,r03_region_titv,w1000000_00,chr1,42846822,43846821,1000000,1112,3,0.6386133022606373,OK,True,
cyvcf2-scan,r03_region_titv,w1000000_01,chr1,9034070,10034069,1000000,1143,1,0.6272610449232161,OK,True,
cyvcf2-scan,r03_region_titv,w1000000_01,chr1,9034070,10034069,1000000,1143,2,0.6451735817827284,OK,True,
cyvcf2-scan,r03_region_titv,w1000000_01,chr1,9034070,10034069,1000000,1143,3,0.6455252468585968,OK,True,
cyvcf2-scan,r03_region_titv,w1000000_02,chr1,54809885,55809884,1000000,1670,1,0.6327154142782092,OK,True,
cyvcf2-scan,r03_region_titv,w1000000_02,chr1,54809885,55809884,1000000,1670,2,0.6542774830013514,OK,True,
cyvcf2-scan,r03_region_titv,w1000000_02,chr1,54809885,55809884,1000000,1670,3,0.6319810911081731,OK,True,
cyvcf2-scan,r03_region_titv,w10000000_00,chr1,36023355,46023354,10000000,11510,1,0.6386730871163309,OK,True,
cyvcf2-scan,r03_region_titv,w10000000_00,chr1,36023355,46023354,10000000,11510,2,0.6482107592746615,OK,True,
cyvcf2-scan,r03_region_titv,w10000000_00,chr1,36023355,46023354,10000000,11510,3,0.6620421521365643,OK,True,
cyvcf2-scan,r03_region_titv,w10000000_01,chr1,57527385,67527384,10000000,14820,1,0.6550866360776126,OK,True,
cyvcf2-scan,r03_region_titv,w10000000_01,chr1,57527385,67527384,10000000,14820,2,0.6528297741897404,OK,True,
cyvcf2-scan,r03_region_titv,w10000000_01,chr1,57527385,67527384,10000000,14820,3,0.6489595044404268,OK,True,
cyvcf2-scan,r03_region_titv,w10000000_02,chr1,63680811,73680810,10000000,13676,1,0.6497443900443614,OK,True,
cyvcf2-scan,r03_region_titv,w10000000_02,chr1,63680811,73680810,10000000,13676,2,0.6442406098358333,OK,True,
cyvcf2-scan,r03_region_titv,w10000000_02,chr1,63680811,73680810,10000000,13676,3,0.6513584633357823,OK,True,
cyvcf2-scan,r04_region_filter_distribution,w1000_00,chr1,23894831,23895830,1000,10,1,0.6349087981507182,OK,True,
cyvcf2-scan,r04_region_filter_distribution,w1000_00,chr1,23894831,23895830,1000,10,2,0.641851978842169,OK,True,
cyvcf2-scan,r04_region_filter_distribution,w1000_00,chr1,23894831,23895830,1000,10,3,0.631740499753505,OK,True,
cyvcf2-scan,r04_region_filter_distribution,w1000_01,chr1,37268328,37269327,1000,1,1,0.6402839147485793,OK,True,
cyvcf2-scan,r04_region_filter_distribution,w1000_01,chr1,37268328,37269327,1000,1,2,0.6446746909059584,OK,True,
cyvcf2-scan,r04_region_filter_distribution,w1000_01,chr1,37268328,37269327,1000,1,3,0.6528481980785728,OK,True,
cyvcf2-scan,r04_region_filter_distribution,w1000_02,chr1,42471294,42472293,1000,2,1,0.6494565620087087,OK,True,
cyvcf2-scan,r04_region_filter_distribution,w1000_02,chr1,42471294,42472293,1000,2,2,0.6369020636193454,OK,True,
cyvcf2-scan,r04_region_filter_distribution,w1000_02,chr1,42471294,42472293,1000,2,3,0.6354666077531874,OK,True,
cyvcf2-scan,r04_region_filter_distribution,w100000_00,chr1,76042312,76142311,100000,132,1,0.6527553298510611,OK,True,
cyvcf2-scan,r04_region_filter_distribution,w100000_00,chr1,76042312,76142311,100000,132,2,0.6573927900753915,OK,True,
cyvcf2-scan,r04_region_filter_distribution,w100000_00,chr1,76042312,76142311,100000,132,3,0.6397274741902947,OK,True,
cyvcf2-scan,r04_region_filter_distribution,w100000_01,chr1,26177705,26277704,100000,141,1,0.6496702302247286,OK,True,
cyvcf2-scan,r04_region_filter_distribution,w100000_01,chr1,26177705,26277704,100000,141,2,0.670274596195668,OK,True,
cyvcf2-scan,r04_region_filter_distribution,w100000_01,chr1,26177705,26277704,100000,141,3,0.6751937689259648,OK,True,
cyvcf2-scan,r04_region_filter_distribution,w100000_02,chr1,76668322,76768321,100000,131,1,0.6827942449599504,OK,True,
cyvcf2-scan,r04_region_filter_distribution,w100000_02,chr1,76668322,76768321,100000,131,2,0.6352461627684534,OK,True,
cyvcf2-scan,r04_region_filter_distribution,w100000_02,chr1,76668322,76768321,100000,131,3,0.6341783069074154,OK,True,
cyvcf2-scan,r04_region_filter_distribution,w1000000_00,chr1,42846822,43846821,1000000,1112,1,0.6331805028021336,OK,True,
cyvcf2-scan,r04_region_filter_distribution,w1000000_00,chr1,42846822,43846821,1000000,1112,2,0.6319993389770389,OK,True,
cyvcf2-scan,r04_region_filter_distribution,w1000000_00,chr1,42846822,43846821,1000000,1112,3,0.639743653126061,OK,True,
cyvcf2-scan,r04_region_filter_distribution,w1000000_01,chr1,9034070,10034069,1000000,1143,1,0.6400653561577201,OK,True,
cyvcf2-scan,r04_region_filter_distribution,w1000000_01,chr1,9034070,10034069,1000000,1143,2,0.6365672098472714,OK,True,
cyvcf2-scan,r04_region_filter_distribution,w1000000_01,chr1,9034070,10034069,1000000,1143,3,0.6235045720823109,OK,True,
cyvcf2-scan,r04_region_filter_distribution,w1000000_02,chr1,54809885,55809884,1000000,1670,1,0.6306251143105328,OK,True,
cyvcf2-scan,r04_region_filter_distribution,w1000000_02,chr1,54809885,55809884,1000000,1670,2,0.6240421351976693,OK,True,
cyvcf2-scan,r04_region_filter_distribution,w1000000_02,chr1,54809885,55809884,1000000,1670,3,0.6251810500398278,OK,True,
cyvcf2-scan,r04_region_filter_distribution,w10000000_00,chr1,36023355,46023354,10000000,11510,1,0.6631207689642906,OK,True,
cyvcf2-scan,r04_region_filter_distribution,w10000000_00,chr1,36023355,46023354,10000000,11510,2,0.6430589640513062,OK,True,
cyvcf2-scan,r04_region_filter_distribution,w10000000_00,chr1,36023355,46023354,10000000,11510,3,0.6457981211133301,OK,True,
cyvcf2-scan,r04_region_filter_distribution,w10000000_01,chr1,57527385,67527384,10000000,14820,1,0.6498877070844173,OK,True,
cyvcf2-scan,r04_region_filter_distribution,w10000000_01,chr1,57527385,67527384,10000000,14820,2,0.6522078728303313,OK,True,
cyvcf2-scan,r04_region_filter_distribution,w10000000_01,chr1,57527385,67527384,10000000,14820,3,0.6711528040468693,OK,True,
cyvcf2-scan,r04_region_filter_distribution,w10000000_02,chr1,63680811,73680810,10000000,13676,1,0.6462676478549838,OK,True,
cyvcf2-scan,r04_region_filter_distribution,w10000000_02,chr1,63680811,73680810,10000000,13676,2,0.6604700679890811,OK,True,
cyvcf2-scan,r04_region_filter_distribution,w10000000_02,chr1,63680811,73680810,10000000,13676,3,0.6456823819316924,OK,True,
cyvcf2-scan,r05_region_sample_genotype_counts,w1000_00,chr1,23894831,23895830,1000,10,1,0.6285976278595626,OK,True,
cyvcf2-scan,r05_region_sample_genotype_counts,w1000_00,chr1,23894831,23895830,1000,10,2,0.6352861979976296,OK,True,
cyvcf2-scan,r05_region_sample_genotype_counts,w1000_00,chr1,23894831,23895830,1000,10,3,0.6188213620334864,OK,True,
cyvcf2-scan,r05_region_sample_genotype_counts,w1000_01,chr1,37268328,37269327,1000,1,1,0.6372411060146987,OK,True,
cyvcf2-scan,r05_region_sample_genotype_counts,w1000_01,chr1,37268328,37269327,1000,1,2,0.6346262912265956,OK,True,
cyvcf2-scan,r05_region_sample_genotype_counts,w1000_01,chr1,37268328,37269327,1000,1,3,0.6295493226498365,OK,True,
cyvcf2-scan,r05_region_sample_genotype_counts,w1000_02,chr1,42471294,42472293,1000,2,1,0.6389435930177569,OK,True,
cyvcf2-scan,r05_region_sample_genotype_counts,w1000_02,chr1,42471294,42472293,1000,2,2,0.6375856841914356,OK,True,
cyvcf2-scan,r05_region_sample_genotype_counts,w1000_02,chr1,42471294,42472293,1000,2,3,0.6443640887737274,OK,True,
cyvcf2-scan,r05_region_sample_genotype_counts,w100000_00,chr1,76042312,76142311,100000,132,1,0.6403126870281994,OK,True,
cyvcf2-scan,r05_region_sample_genotype_counts,w100000_00,chr1,76042312,76142311,100000,132,2,0.6282431026920676,OK,True,
cyvcf2-scan,r05_region_sample_genotype_counts,w100000_00,chr1,76042312,76142311,100000,132,3,0.6247511371038854,OK,True,
cyvcf2-scan,r05_region_sample_genotype_counts,w100000_01,chr1,26177705,26277704,100000,141,1,0.6386908418498933,OK,True,
cyvcf2-scan,r05_region_sample_genotype_counts,w100000_01,chr1,26177705,26277704,100000,141,2,0.6382585437968373,OK,True,
cyvcf2-scan,r05_region_sample_genotype_counts,w100000_01,chr1,26177705,26277704,100000,141,3,0.6333853560499847,OK,True,
cyvcf2-scan,r05_region_sample_genotype_counts,w100000_02,chr1,76668322,76768321,100000,131,1,0.6420549158938229,OK,True,
cyvcf2-scan,r05_region_sample_genotype_counts,w100000_02,chr1,76668322,76768321,100000,131,2,0.6430897358804941,OK,True,
cyvcf2-scan,r05_region_sample_genotype_counts,w100000_02,chr1,76668322,76768321,100000,131,3,0.6197811993770301,OK,True,
cyvcf2-scan,r05_region_sample_genotype_counts,w1000000_00,chr1,42846822,43846821,1000000,1112,1,0.6212893920019269,OK,True,
cyvcf2-scan,r05_region_sample_genotype_counts,w1000000_00,chr1,42846822,43846821,1000000,1112,2,0.6280796322971582,OK,True,
cyvcf2-scan,r05_region_sample_genotype_counts,w1000000_00,chr1,42846822,43846821,1000000,1112,3,0.6311432728543878,OK,True,
cyvcf2-scan,r05_region_sample_genotype_counts,w1000000_01,chr1,9034070,10034069,1000000,1143,1,0.6336244400590658,OK,True,
cyvcf2-scan,r05_region_sample_genotype_counts,w1000000_01,chr1,9034070,10034069,1000000,1143,2,0.6393808922730386,OK,True,
cyvcf2-scan,r05_region_sample_genotype_counts,w1000000_01,chr1,9034070,10034069,1000000,1143,3,0.6360945031046867,OK,True,
cyvcf2-scan,r05_region_sample_genotype_counts,w1000000_02,chr1,54809885,55809884,1000000,1670,1,0.634995894972235,OK,True,
cyvcf2-scan,r05_region_sample_genotype_counts,w1000000_02,chr1,54809885,55809884,1000000,1670,2,0.6408132184296846,OK,True,
cyvcf2-scan,r05_region_sample_genotype_counts,w1000000_02,chr1,54809885,55809884,1000000,1670,3,0.6449578846804798,OK,True,
cyvcf2-scan,r05_region_sample_genotype_counts,w10000000_00,chr1,36023355,46023354,10000000,11510,1,0.7177345952950418,OK,True,
cyvcf2-scan,r05_region_sample_genotype_counts,w10000000_00,chr1,36023355,46023354,10000000,11510,2,0.7107539181597531,OK,True,
cyvcf2-scan,r05_region_sample_genotype_counts,w10000000_00,chr1,36023355,46023354,10000000,11510,3,0.6801920151337981,OK,True,
cyvcf2-scan,r05_region_sample_genotype_counts,w10000000_01,chr1,57527385,67527384,10000000,14820,1,0.686977727804333,OK,True,
cyvcf2-scan,r05_region_sample_genotype_counts,w10000000_01,chr1,57527385,67527384,10000000,14820,2,0.6906126700341702,OK,True,
cyvcf2-scan,r05_region_sample_genotype_counts,w10000000_01,chr1,57527385,67527384,10000000,14820,3,0.6859391652978957,OK,True,
cyvcf2-scan,r05_region_sample_genotype_counts,w10000000_02,chr1,63680811,73680810,10000000,13676,1,0.683867571875453,OK,True,
cyvcf2-scan,r05_region_sample_genotype_counts,w10000000_02,chr1,63680811,73680810,10000000,13676,2,0.6829378991387784,OK,True,
cyvcf2-scan,r05_region_sample_genotype_counts,w10000000_02,chr1,63680811,73680810,10000000,13676,3,0.6870657228864729,OK,True,
cyvcf2-indexed,r01_region_record_count,w1000_00,chr1,23894831,23895830,1000,10,1,0.00596838491037488,OK,True,
cyvcf2-indexed,r01_region_record_count,w1000_00,chr1,23894831,23895830,1000,10,2,0.0036421576514840126,OK,True,
cyvcf2-indexed,r01_region_record_count,w1000_00,chr1,23894831,23895830,1000,10,3,0.00351511687040329,OK,True,
cyvcf2-indexed,r01_region_record_count,w1000_01,chr1,37268328,37269327,1000,1,1,0.0033085448667407036,OK,True,
cyvcf2-indexed,r01_region_record_count,w1000_01,chr1,37268328,37269327,1000,1,2,0.003251264337450266,OK,True,
cyvcf2-indexed,r01_region_record_count,w1000_01,chr1,37268328,37269327,1000,1,3,0.003215281292796135,OK,True,
cyvcf2-indexed,r01_region_record_count,w1000_02,chr1,42471294,42472293,1000,2,1,0.0031684236600995064,OK,True,
cyvcf2-indexed,r01_region_record_count,w1000_02,chr1,42471294,42472293,1000,2,2,0.00317086698487401,OK,True,
cyvcf2-indexed,r01_region_record_count,w1000_02,chr1,42471294,42472293,1000,2,3,0.003162871114909649,OK,True,
cyvcf2-indexed,r01_region_record_count,w1000_03,chr1,19972624,19973623,1000,4,1,0.0031616021879017353,OK,True,
cyvcf2-indexed,r01_region_record_count,w1000_03,chr1,19972624,19973623,1000,4,2,0.0031716320663690567,OK,True,
cyvcf2-indexed,r01_region_record_count,w1000_03,chr1,19972624,19973623,1000,4,3,0.003245202824473381,OK,True,
cyvcf2-indexed,r01_region_record_count,w1000_04,chr1,65925426,65926425,1000,2,1,0.0032939412631094456,OK,True,
cyvcf2-indexed,r01_region_record_count,w1000_04,chr1,65925426,65926425,1000,2,2,0.0032431739382445812,OK,True,
cyvcf2-indexed,r01_region_record_count,w1000_04,chr1,65925426,65926425,1000,2,3,0.003299663309007883,OK,True,
cyvcf2-indexed,r01_region_record_count,w1000_05,chr1,54878472,54879471,1000,2,1,0.003336584661155939,OK,True,
cyvcf2-indexed,r01_region_record_count,w1000_05,chr1,54878472,54879471,1000,2,2,0.0033097369596362114,OK,True,
cyvcf2-indexed,r01_region_record_count,w1000_05,chr1,54878472,54879471,1000,2,3,0.0033057797700166702,OK,True,
cyvcf2-indexed,r01_region_record_count,w1000_06,chr1,54724268,54725267,1000,9,1,0.0033698948100209236,OK,True,
cyvcf2-indexed,r01_region_record_count,w1000_06,chr1,54724268,54725267,1000,9,2,0.0033728000707924366,OK,True,
cyvcf2-indexed,r01_region_record_count,w1000_06,chr1,54724268,54725267,1000,9,3,0.0033478280529379845,OK,True,
cyvcf2-indexed,r01_region_record_count,w1000_07,chr1,50226603,50227602,1000,3,1,0.00349985109642148,OK,True,
cyvcf2-indexed,r01_region_record_count,w1000_07,chr1,50226603,50227602,1000,3,2,0.003386868629604578,OK,True,
cyvcf2-indexed,r01_region_record_count,w1000_07,chr1,50226603,50227602,1000,3,3,0.0033596698194742203,OK,True,
cyvcf2-indexed,r01_region_record_count,w1000_08,chr1,5558122,5559121,1000,2,1,0.0033040703274309635,OK,True,
cyvcf2-indexed,r01_region_record_count,w1000_08,chr1,5558122,5559121,1000,2,2,0.0032087238505482674,OK,True,
cyvcf2-indexed,r01_region_record_count,w1000_08,chr1,5558122,5559121,1000,2,3,0.0031849248334765434,OK,True,
cyvcf2-indexed,r01_region_record_count,w1000_09,chr1,21979241,21980240,1000,15,1,0.003350373823195696,OK,True,
cyvcf2-indexed,r01_region_record_count,w1000_09,chr1,21979241,21980240,1000,15,2,0.0033236737363040447,OK,True,
cyvcf2-indexed,r01_region_record_count,w1000_09,chr1,21979241,21980240,1000,15,3,0.0033428017050027847,OK,True,
cyvcf2-indexed,r01_region_record_count,w1000_10,chr1,58250107,58251106,1000,2,1,0.004029660951346159,OK,True,
cyvcf2-indexed,r01_region_record_count,w1000_10,chr1,58250107,58251106,1000,2,2,0.003308868035674095,OK,True,
cyvcf2-indexed,r01_region_record_count,w1000_10,chr1,58250107,58251106,1000,2,3,0.0033756601624190807,OK,True,
cyvcf2-indexed,r01_region_record_count,w1000_11,chr1,33820268,33821267,1000,1,1,0.003331404644995928,OK,True,
cyvcf2-indexed,r01_region_record_count,w1000_11,chr1,33820268,33821267,1000,1,2,0.0032583270221948624,OK,True,
cyvcf2-indexed,r01_region_record_count,w1000_11,chr1,33820268,33821267,1000,1,3,0.003254912793636322,OK,True,
cyvcf2-indexed,r01_region_record_count,w1000_12,chr1,74268898,74269897,1000,4,1,0.0032794922590255737,OK,True,
cyvcf2-indexed,r01_region_record_count,w1000_12,chr1,74268898,74269897,1000,4,2,0.0032223910093307495,OK,True,
cyvcf2-indexed,r01_region_record_count,w1000_12,chr1,74268898,74269897,1000,4,3,0.003240198828279972,OK,True,
cyvcf2-indexed,r01_region_record_count,w1000_13,chr1,58011340,58012339,1000,3,1,0.003235307987779379,OK,True,
cyvcf2-indexed,r01_region_record_count,w1000_13,chr1,58011340,58012339,1000,3,2,0.003200866747647524,OK,True,
cyvcf2-indexed,r01_region_record_count,w1000_13,chr1,58011340,58012339,1000,3,3,0.0031995666213333607,OK,True,
cyvcf2-indexed,r01_region_record_count,w1000_14,chr1,55322618,55323617,1000,2,1,0.0033436850644648075,OK,True,
cyvcf2-indexed,r01_region_record_count,w1000_14,chr1,55322618,55323617,1000,2,2,0.00329075800254941,OK,True,
cyvcf2-indexed,r01_region_record_count,w1000_14,chr1,55322618,55323617,1000,2,3,0.0033411169424653053,OK,True,
cyvcf2-indexed,r01_region_record_count,w1000_15,chr1,58597811,58598810,1000,2,1,0.003260452300310135,OK,True,
cyvcf2-indexed,r01_region_record_count,w1000_15,chr1,58597811,58598810,1000,2,2,0.003202057909220457,OK,True,
cyvcf2-indexed,r01_region_record_count,w1000_15,chr1,58597811,58598810,1000,2,3,0.003288744017481804,OK,True,
cyvcf2-indexed,r01_region_record_count,w1000_16,chr1,61942877,61943876,1000,1,1,0.0033061360009014606,OK,True,
cyvcf2-indexed,r01_region_record_count,w1000_16,chr1,61942877,61943876,1000,1,2,0.0032996772788465023,OK,True,
cyvcf2-indexed,r01_region_record_count,w1000_16,chr1,61942877,61943876,1000,1,3,0.0031672613695263863,OK,True,
cyvcf2-indexed,r01_region_record_count,w1000_17,chr1,74952903,74953902,1000,2,1,0.003355341963469982,OK,True,
cyvcf2-indexed,r01_region_record_count,w1000_17,chr1,74952903,74953902,1000,2,2,0.003369199112057686,OK,True,
cyvcf2-indexed,r01_region_record_count,w1000_17,chr1,74952903,74953902,1000,2,3,0.0033299028873443604,OK,True,
cyvcf2-indexed,r01_region_record_count,w1000_18,chr1,10920022,10921021,1000,7,1,0.0033994889818131924,OK,True,
cyvcf2-indexed,r01_region_record_count,w1000_18,chr1,10920022,10921021,1000,7,2,0.0033158669248223305,OK,True,
cyvcf2-indexed,r01_region_record_count,w1000_18,chr1,10920022,10921021,1000,7,3,0.0032128761522471905,OK,True,
cyvcf2-indexed,r01_region_record_count,w1000_19,chr1,54064366,54065365,1000,1,1,0.003248346969485283,OK,True,
cyvcf2-indexed,r01_region_record_count,w1000_19,chr1,54064366,54065365,1000,1,2,0.003235981799662113,OK,True,
cyvcf2-indexed,r01_region_record_count,w1000_19,chr1,54064366,54065365,1000,1,3,0.003214010037481785,OK,True,
cyvcf2-indexed,r01_region_record_count,w100000_00,chr1,76042312,76142311,100000,132,1,0.00430291099473834,OK,True,
cyvcf2-indexed,r01_region_record_count,w100000_00,chr1,76042312,76142311,100000,132,2,0.004394291900098324,OK,True,
cyvcf2-indexed,r01_region_record_count,w100000_00,chr1,76042312,76142311,100000,132,3,0.00448675686493516,OK,True,
cyvcf2-indexed,r01_region_record_count,w100000_01,chr1,26177705,26277704,100000,141,1,0.0044030300341546535,OK,True,
cyvcf2-indexed,r01_region_record_count,w100000_01,chr1,26177705,26277704,100000,141,2,0.004386350978165865,OK,True,
cyvcf2-indexed,r01_region_record_count,w100000_01,chr1,26177705,26277704,100000,141,3,0.004518264904618263,OK,True,
cyvcf2-indexed,r01_region_record_count,w100000_02,chr1,76668322,76768321,100000,131,1,0.004347300156950951,OK,True,
cyvcf2-indexed,r01_region_record_count,w100000_02,chr1,76668322,76768321,100000,131,2,0.004406696185469627,OK,True,
cyvcf2-indexed,r01_region_record_count,w100000_02,chr1,76668322,76768321,100000,131,3,0.004391499329358339,OK,True,
cyvcf2-indexed,r01_region_record_count,w100000_03,chr1,64797067,64897066,100000,153,1,0.004549743141978979,OK,True,
cyvcf2-indexed,r01_region_record_count,w100000_03,chr1,64797067,64897066,100000,153,2,0.004422240890562534,OK,True,
cyvcf2-indexed,r01_region_record_count,w100000_03,chr1,64797067,64897066,100000,153,3,0.004430473782122135,OK,True,
cyvcf2-indexed,r01_region_record_count,w100000_04,chr1,66848110,66948109,100000,83,1,0.003825334832072258,OK,True,
cyvcf2-indexed,r01_region_record_count,w100000_04,chr1,66848110,66948109,100000,83,2,0.003804630134254694,OK,True,
cyvcf2-indexed,r01_region_record_count,w100000_04,chr1,66848110,66948109,100000,83,3,0.0038123391568660736,OK,True,
cyvcf2-indexed,r01_region_record_count,w100000_05,chr1,58175965,58275964,100000,181,1,0.004687068983912468,OK,True,
cyvcf2-indexed,r01_region_record_count,w100000_05,chr1,58175965,58275964,100000,181,2,0.004664264153689146,OK,True,
cyvcf2-indexed,r01_region_record_count,w100000_05,chr1,58175965,58275964,100000,181,3,0.004629108123481274,OK,True,
cyvcf2-indexed,r01_region_record_count,w100000_06,chr1,41567443,41667442,100000,142,1,0.004377676174044609,OK,True,
cyvcf2-indexed,r01_region_record_count,w100000_06,chr1,41567443,41667442,100000,142,2,0.004234096966683865,OK,True,
cyvcf2-indexed,r01_region_record_count,w100000_06,chr1,41567443,41667442,100000,142,3,0.004286447074264288,OK,True,
cyvcf2-indexed,r01_region_record_count,w100000_07,chr1,23625875,23725874,100000,143,1,0.004308246076107025,OK,True,
cyvcf2-indexed,r01_region_record_count,w100000_07,chr1,23625875,23725874,100000,143,2,0.004236921202391386,OK,True,
cyvcf2-indexed,r01_region_record_count,w100000_07,chr1,23625875,23725874,100000,143,3,0.004455890040844679,OK,True,
cyvcf2-indexed,r01_region_record_count,w100000_08,chr1,69897964,69997963,100000,77,1,0.0038262810558080673,OK,True,
cyvcf2-indexed,r01_region_record_count,w100000_08,chr1,69897964,69997963,100000,77,2,0.0038294438272714615,OK,True,
cyvcf2-indexed,r01_region_record_count,w100000_08,chr1,69897964,69997963,100000,77,3,0.003839705139398575,OK,True,
cyvcf2-indexed,r01_region_record_count,w100000_09,chr1,63664508,63764507,100000,287,1,0.005479098297655582,OK,True,
cyvcf2-indexed,r01_region_record_count,w100000_09,chr1,63664508,63764507,100000,287,2,0.005497296806424856,OK,True,
cyvcf2-indexed,r01_region_record_count,w100000_09,chr1,63664508,63764507,100000,287,3,0.005507226102054119,OK,True,
cyvcf2-indexed,r01_region_record_count,w100000_10,chr1,15518874,15618873,100000,146,1,0.004438280127942562,OK,True,
cyvcf2-indexed,r01_region_record_count,w100000_10,chr1,15518874,15618873,100000,146,2,0.004294204991310835,OK,True,
cyvcf2-indexed,r01_region_record_count,w100000_10,chr1,15518874,15618873,100000,146,3,0.004279308021068573,OK,True,
cyvcf2-indexed,r01_region_record_count,w100000_11,chr1,23996836,24096835,100000,343,1,0.005829379893839359,OK,True,
cyvcf2-indexed,r01_region_record_count,w100000_11,chr1,23996836,24096835,100000,343,2,0.005882701370865107,OK,True,
cyvcf2-indexed,r01_region_record_count,w100000_11,chr1,23996836,24096835,100000,343,3,0.005804433021694422,OK,True,
cyvcf2-indexed,r01_region_record_count,w100000_12,chr1,56566795,56666794,100000,139,1,0.004293269012123346,OK,True,
cyvcf2-indexed,r01_region_record_count,w100000_12,chr1,56566795,56666794,100000,139,2,0.004231514874845743,OK,True,
cyvcf2-indexed,r01_region_record_count,w100000_12,chr1,56566795,56666794,100000,139,3,0.004297753795981407,OK,True,
cyvcf2-indexed,r01_region_record_count,w100000_13,chr1,24058646,24158645,100000,214,1,0.004879443906247616,OK,True,
cyvcf2-indexed,r01_region_record_count,w100000_13,chr1,24058646,24158645,100000,214,2,0.004868508782237768,OK,True,
cyvcf2-indexed,r01_region_record_count,w100000_13,chr1,24058646,24158645,100000,214,3,0.0048331329599022865,OK,True,
cyvcf2-indexed,r01_region_record_count,w100000_14,chr1,3105927,3205926,100000,226,1,0.005205563269555569,OK,True,
cyvcf2-indexed,r01_region_record_count,w100000_14,chr1,3105927,3205926,100000,226,2,0.0051453206688165665,OK,True,
cyvcf2-indexed,r01_region_record_count,w100000_14,chr1,3105927,3205926,100000,226,3,0.0050429292023181915,OK,True,
cyvcf2-indexed,r01_region_record_count,w100000_15,chr1,54865968,54965967,100000,181,1,0.004695843905210495,OK,True,
cyvcf2-indexed,r01_region_record_count,w100000_15,chr1,54865968,54965967,100000,181,2,0.004569381009787321,OK,True,
cyvcf2-indexed,r01_region_record_count,w100000_15,chr1,54865968,54965967,100000,181,3,0.004532904364168644,OK,True,
cyvcf2-indexed,r01_region_record_count,w100000_16,chr1,58852100,58952099,100000,79,1,0.003837399184703827,OK,True,
cyvcf2-indexed,r01_region_record_count,w100000_16,chr1,58852100,58952099,100000,79,2,0.0038514873012900352,OK,True,
cyvcf2-indexed,r01_region_record_count,w100000_16,chr1,58852100,58952099,100000,79,3,0.0037569040432572365,OK,True,
cyvcf2-indexed,r01_region_record_count,w100000_17,chr1,77570681,77670680,100000,81,1,0.0038859080523252487,OK,True,
cyvcf2-indexed,r01_region_record_count,w100000_17,chr1,77570681,77670680,100000,81,2,0.003823620732873678,OK,True,
cyvcf2-indexed,r01_region_record_count,w100000_17,chr1,77570681,77670680,100000,81,3,0.0038502970710396767,OK,True,
cyvcf2-indexed,r01_region_record_count,w100000_18,chr1,66388887,66488886,100000,196,1,0.004704243037849665,OK,True,
cyvcf2-indexed,r01_region_record_count,w100000_18,chr1,66388887,66488886,100000,196,2,0.00478779524564743,OK,True,
cyvcf2-indexed,r01_region_record_count,w100000_18,chr1,66388887,66488886,100000,196,3,0.004763167817145586,OK,True,
cyvcf2-indexed,r01_region_record_count,w100000_19,chr1,5319806,5419805,100000,87,1,0.003985580988228321,OK,True,
cyvcf2-indexed,r01_region_record_count,w100000_19,chr1,5319806,5419805,100000,87,2,0.003925799857825041,OK,True,
cyvcf2-indexed,r01_region_record_count,w100000_19,chr1,5319806,5419805,100000,87,3,0.003945979289710522,OK,True,
cyvcf2-indexed,r01_region_record_count,w1000000_00,chr1,42846822,43846821,1000000,1112,1,0.011542190797626972,OK,True,
cyvcf2-indexed,r01_region_record_count,w1000000_00,chr1,42846822,43846821,1000000,1112,2,0.011726655066013336,OK,True,
cyvcf2-indexed,r01_region_record_count,w1000000_00,chr1,42846822,43846821,1000000,1112,3,0.011619418859481812,OK,True,
cyvcf2-indexed,r01_region_record_count,w1000000_01,chr1,9034070,10034069,1000000,1143,1,0.011904024053364992,OK,True,
cyvcf2-indexed,r01_region_record_count,w1000000_01,chr1,9034070,10034069,1000000,1143,2,0.011998286936432123,OK,True,
cyvcf2-indexed,r01_region_record_count,w1000000_01,chr1,9034070,10034069,1000000,1143,3,0.011902234051376581,OK,True,
cyvcf2-indexed,r01_region_record_count,w1000000_02,chr1,54809885,55809884,1000000,1670,1,0.015781184658408165,OK,True,
cyvcf2-indexed,r01_region_record_count,w1000000_02,chr1,54809885,55809884,1000000,1670,2,0.01593870297074318,OK,True,
cyvcf2-indexed,r01_region_record_count,w1000000_02,chr1,54809885,55809884,1000000,1670,3,0.015786347910761833,OK,True,
cyvcf2-indexed,r01_region_record_count,w1000000_03,chr1,55795141,56795140,1000000,1824,1,0.017124504782259464,OK,True,
cyvcf2-indexed,r01_region_record_count,w1000000_03,chr1,55795141,56795140,1000000,1824,2,0.017121986020356417,OK,True,
cyvcf2-indexed,r01_region_record_count,w1000000_03,chr1,55795141,56795140,1000000,1824,3,0.01705365115776658,OK,True,
cyvcf2-indexed,r01_region_record_count,w1000000_04,chr1,11734309,12734308,1000000,950,1,0.010628093034029007,OK,True,
cyvcf2-indexed,r01_region_record_count,w1000000_04,chr1,11734309,12734308,1000000,950,2,0.010370220988988876,OK,True,
cyvcf2-indexed,r01_region_record_count,w1000000_04,chr1,11734309,12734308,1000000,950,3,0.010450033936649561,OK,True,
cyvcf2-indexed,r01_region_record_count,w1000000_05,chr1,28814643,29814642,1000000,1348,1,0.013748202007263899,OK,True,
cyvcf2-indexed,r01_region_record_count,w1000000_05,chr1,28814643,29814642,1000000,1348,2,0.01376387383788824,OK,True,
cyvcf2-indexed,r01_region_record_count,w1000000_05,chr1,28814643,29814642,1000000,1348,3,0.014021730981767178,OK,True,
cyvcf2-indexed,r01_region_record_count,w1000000_06,chr1,47354520,48354519,1000000,1253,1,0.013207397889345884,OK,True,
cyvcf2-indexed,r01_region_record_count,w1000000_06,chr1,47354520,48354519,1000000,1253,2,0.012957784347236156,OK,True,
cyvcf2-indexed,r01_region_record_count,w1000000_06,chr1,47354520,48354519,1000000,1253,3,0.012965098023414612,OK,True,
cyvcf2-indexed,r01_region_record_count,w1000000_07,chr1,35782931,36782930,1000000,868,1,0.009970474056899548,OK,True,
cyvcf2-indexed,r01_region_record_count,w1000000_07,chr1,35782931,36782930,1000000,868,2,0.010025796014815569,OK,True,
cyvcf2-indexed,r01_region_record_count,w1000000_07,chr1,35782931,36782930,1000000,868,3,0.010702487081289291,OK,True,
cyvcf2-indexed,r01_region_record_count,w1000000_08,chr1,5611726,6611725,1000000,1261,1,0.012983972206711769,OK,True,
cyvcf2-indexed,r01_region_record_count,w1000000_08,chr1,5611726,6611725,1000000,1261,2,0.013094162102788687,OK,True,
cyvcf2-indexed,r01_region_record_count,w1000000_08,chr1,5611726,6611725,1000000,1261,3,0.013150275219231844,OK,True,
cyvcf2-indexed,r01_region_record_count,w1000000_09,chr1,17930348,18930347,1000000,1491,1,0.014933467842638493,OK,True,
cyvcf2-indexed,r01_region_record_count,w1000000_09,chr1,17930348,18930347,1000000,1491,2,0.015347564592957497,OK,True,
cyvcf2-indexed,r01_region_record_count,w1000000_09,chr1,17930348,18930347,1000000,1491,3,0.014795713126659393,OK,True,
cyvcf2-indexed,r01_region_record_count,w1000000_10,chr1,58656617,59656616,1000000,1262,1,0.01281740888953209,OK,True,
cyvcf2-indexed,r01_region_record_count,w1000000_10,chr1,58656617,59656616,1000000,1262,2,0.012857719790190458,OK,True,
cyvcf2-indexed,r01_region_record_count,w1000000_10,chr1,58656617,59656616,1000000,1262,3,0.012926708906888962,OK,True,
cyvcf2-indexed,r01_region_record_count,w1000000_11,chr1,20579658,21579657,1000000,1246,1,0.012770475819706917,OK,True,
cyvcf2-indexed,r01_region_record_count,w1000000_11,chr1,20579658,21579657,1000000,1246,2,0.012664222158491611,OK,True,
cyvcf2-indexed,r01_region_record_count,w1000000_11,chr1,20579658,21579657,1000000,1246,3,0.012668644078075886,OK,True,
cyvcf2-indexed,r01_region_record_count,w1000000_12,chr1,66774094,67774093,1000000,1548,1,0.015134743880480528,OK,True,
cyvcf2-indexed,r01_region_record_count,w1000000_12,chr1,66774094,67774093,1000000,1548,2,0.015032324939966202,OK,True,
cyvcf2-indexed,r01_region_record_count,w1000000_12,chr1,66774094,67774093,1000000,1548,3,0.014840978663414717,OK,True,
cyvcf2-indexed,r01_region_record_count,w1000000_13,chr1,53330427,54330426,1000000,1337,1,0.013276184909045696,OK,True,
cyvcf2-indexed,r01_region_record_count,w1000000_13,chr1,53330427,54330426,1000000,1337,2,0.013470319099724293,OK,True,
cyvcf2-indexed,r01_region_record_count,w1000000_13,chr1,53330427,54330426,1000000,1337,3,0.015198554378002882,OK,True,
cyvcf2-indexed,r01_region_record_count,w1000000_14,chr1,34457222,35457221,1000000,1194,1,0.012866914737969637,OK,True,
cyvcf2-indexed,r01_region_record_count,w1000000_14,chr1,34457222,35457221,1000000,1194,2,0.012938797939568758,OK,True,
cyvcf2-indexed,r01_region_record_count,w1000000_14,chr1,34457222,35457221,1000000,1194,3,0.012915071099996567,OK,True,
cyvcf2-indexed,r01_region_record_count,w1000000_15,chr1,6173132,7173131,1000000,906,1,0.011504430789500475,OK,True,
cyvcf2-indexed,r01_region_record_count,w1000000_15,chr1,6173132,7173131,1000000,906,2,0.01033867010846734,OK,True,
cyvcf2-indexed,r01_region_record_count,w1000000_15,chr1,6173132,7173131,1000000,906,3,0.010586775839328766,OK,True,
cyvcf2-indexed,r01_region_record_count,w1000000_16,chr1,34054184,35054183,1000000,1668,1,0.016034310217946768,OK,True,
cyvcf2-indexed,r01_region_record_count,w1000000_16,chr1,34054184,35054183,1000000,1668,2,0.016485621221363544,OK,True,
cyvcf2-indexed,r01_region_record_count,w1000000_16,chr1,34054184,35054183,1000000,1668,3,0.016189623158425093,OK,True,
cyvcf2-indexed,r01_region_record_count,w1000000_17,chr1,15193776,16193775,1000000,1521,1,0.015228756237775087,OK,True,
cyvcf2-indexed,r01_region_record_count,w1000000_17,chr1,15193776,16193775,1000000,1521,2,0.0153452567756176,OK,True,
cyvcf2-indexed,r01_region_record_count,w1000000_17,chr1,15193776,16193775,1000000,1521,3,0.01550357323139906,OK,True,
cyvcf2-indexed,r01_region_record_count,w1000000_18,chr1,43583485,44583484,1000000,1108,1,0.012858749832957983,OK,True,
cyvcf2-indexed,r01_region_record_count,w1000000_18,chr1,43583485,44583484,1000000,1108,2,0.014782820828258991,OK,True,
cyvcf2-indexed,r01_region_record_count,w1000000_18,chr1,43583485,44583484,1000000,1108,3,0.011741557158529758,OK,True,
cyvcf2-indexed,r01_region_record_count,w1000000_19,chr1,58570714,59570713,1000000,1451,1,0.014631531666964293,OK,True,
cyvcf2-indexed,r01_region_record_count,w1000000_19,chr1,58570714,59570713,1000000,1451,2,0.014894410036504269,OK,True,
cyvcf2-indexed,r01_region_record_count,w1000000_19,chr1,58570714,59570713,1000000,1451,3,0.014759846962988377,OK,True,
cyvcf2-indexed,r01_region_record_count,w10000000_00,chr1,36023355,46023354,10000000,11510,1,0.09071775572374463,OK,True,
cyvcf2-indexed,r01_region_record_count,w10000000_00,chr1,36023355,46023354,10000000,11510,2,0.09142227284610271,OK,True,
cyvcf2-indexed,r01_region_record_count,w10000000_00,chr1,36023355,46023354,10000000,11510,3,0.09372866712510586,OK,True,
cyvcf2-indexed,r01_region_record_count,w10000000_01,chr1,57527385,67527384,10000000,14820,1,0.11813205294311047,OK,True,
cyvcf2-indexed,r01_region_record_count,w10000000_01,chr1,57527385,67527384,10000000,14820,2,0.11715998919680715,OK,True,
cyvcf2-indexed,r01_region_record_count,w10000000_01,chr1,57527385,67527384,10000000,14820,3,0.11466334201395512,OK,True,
cyvcf2-indexed,r01_region_record_count,w10000000_02,chr1,63680811,73680810,10000000,13676,1,0.10434406204149127,OK,True,
cyvcf2-indexed,r01_region_record_count,w10000000_02,chr1,63680811,73680810,10000000,13676,2,0.10437752492725849,OK,True,
cyvcf2-indexed,r01_region_record_count,w10000000_02,chr1,63680811,73680810,10000000,13676,3,0.10440043406561017,OK,True,
cyvcf2-indexed,r01_region_record_count,w10000000_03,chr1,53679378,63679377,10000000,14787,1,0.11564812390133739,OK,True,
cyvcf2-indexed,r01_region_record_count,w10000000_03,chr1,53679378,63679377,10000000,14787,2,0.11289544682949781,OK,True,
cyvcf2-indexed,r01_region_record_count,w10000000_03,chr1,53679378,63679377,10000000,14787,3,0.11546324798837304,OK,True,
cyvcf2-indexed,r01_region_record_count,w10000000_04,chr1,60690498,70690497,10000000,14398,1,0.11220256797969341,OK,True,
cyvcf2-indexed,r01_region_record_count,w10000000_04,chr1,60690498,70690497,10000000,14398,2,0.11071030609309673,OK,True,
cyvcf2-indexed,r01_region_record_count,w10000000_04,chr1,60690498,70690497,10000000,14398,3,0.11240768572315574,OK,True,
cyvcf2-indexed,r01_region_record_count,w10000000_05,chr1,47428546,57428545,10000000,11289,1,0.08987648086622357,OK,True,
cyvcf2-indexed,r01_region_record_count,w10000000_05,chr1,47428546,57428545,10000000,11289,2,0.08954286482185125,OK,True,
cyvcf2-indexed,r01_region_record_count,w10000000_05,chr1,47428546,57428545,10000000,11289,3,0.08754485612735152,OK,True,
cyvcf2-indexed,r01_region_record_count,w10000000_06,chr1,22030736,32030735,10000000,12991,1,0.09999356605112553,OK,True,
cyvcf2-indexed,r01_region_record_count,w10000000_06,chr1,22030736,32030735,10000000,12991,2,0.10050838906317949,OK,True,
cyvcf2-indexed,r01_region_record_count,w10000000_06,chr1,22030736,32030735,10000000,12991,3,0.10095941321924329,OK,True,
cyvcf2-indexed,r01_region_record_count,w10000000_07,chr1,34252401,44252400,10000000,11717,1,0.0907063721679151,OK,True,
cyvcf2-indexed,r01_region_record_count,w10000000_07,chr1,34252401,44252400,10000000,11717,2,0.09048908669501543,OK,True,
cyvcf2-indexed,r01_region_record_count,w10000000_07,chr1,34252401,44252400,10000000,11717,3,0.09073102194815874,OK,True,
cyvcf2-indexed,r01_region_record_count,w10000000_08,chr1,58528508,68528507,10000000,14502,1,0.11097267875447869,OK,True,
cyvcf2-indexed,r01_region_record_count,w10000000_08,chr1,58528508,68528507,10000000,14502,2,0.11058189207687974,OK,True,
cyvcf2-indexed,r01_region_record_count,w10000000_08,chr1,58528508,68528507,10000000,14502,3,0.11077598016709089,OK,True,
cyvcf2-indexed,r01_region_record_count,w10000000_09,chr1,51917411,61917410,10000000,13900,1,0.10647439304739237,OK,True,
cyvcf2-indexed,r01_region_record_count,w10000000_09,chr1,51917411,61917410,10000000,13900,2,0.10671580582857132,OK,True,
cyvcf2-indexed,r01_region_record_count,w10000000_09,chr1,51917411,61917410,10000000,13900,3,0.1067059300839901,OK,True,
cyvcf2-indexed,r01_region_record_count,w10000000_10,chr1,17106918,27106917,10000000,14199,1,0.10949535528197885,OK,True,
cyvcf2-indexed,r01_region_record_count,w10000000_10,chr1,17106918,27106917,10000000,14199,2,0.1164251696318388,OK,True,
cyvcf2-indexed,r01_region_record_count,w10000000_10,chr1,17106918,27106917,10000000,14199,3,0.11070096306502819,OK,True,
cyvcf2-indexed,r01_region_record_count,w10000000_11,chr1,43275553,53275552,10000000,9415,1,0.07594709889963269,OK,True,
cyvcf2-indexed,r01_region_record_count,w10000000_11,chr1,43275553,53275552,10000000,9415,2,0.07452157186344266,OK,True,
cyvcf2-indexed,r01_region_record_count,w10000000_11,chr1,43275553,53275552,10000000,9415,3,0.09058555215597153,OK,True,
cyvcf2-indexed,r01_region_record_count,w10000000_12,chr1,75394691,85394690,10000000,3288,1,0.02819824032485485,OK,True,
cyvcf2-indexed,r01_region_record_count,w10000000_12,chr1,75394691,85394690,10000000,3288,2,0.029486034996807575,OK,True,
cyvcf2-indexed,r01_region_record_count,w10000000_12,chr1,75394691,85394690,10000000,3288,3,0.02853581914678216,OK,True,
cyvcf2-indexed,r01_region_record_count,w10000000_13,chr1,40866716,50866715,10000000,10786,1,0.08521940326318145,OK,True,
cyvcf2-indexed,r01_region_record_count,w10000000_13,chr1,40866716,50866715,10000000,10786,2,0.08397541614249349,OK,True,
cyvcf2-indexed,r01_region_record_count,w10000000_13,chr1,40866716,50866715,10000000,10786,3,0.09412103425711393,OK,True,
cyvcf2-indexed,r01_region_record_count,w10000000_14,chr1,54182280,64182279,10000000,14941,1,0.13733633933588862,OK,True,
cyvcf2-indexed,r01_region_record_count,w10000000_14,chr1,54182280,64182279,10000000,14941,2,0.12498394073918462,OK,True,
cyvcf2-indexed,r01_region_record_count,w10000000_14,chr1,54182280,64182279,10000000,14941,3,0.1235193838365376,OK,True,
cyvcf2-indexed,r01_region_record_count,w10000000_15,chr1,22053178,32053177,10000000,12910,1,0.10629025613889098,OK,True,
cyvcf2-indexed,r01_region_record_count,w10000000_15,chr1,22053178,32053177,10000000,12910,2,0.09955535270273685,OK,True,
cyvcf2-indexed,r01_region_record_count,w10000000_15,chr1,22053178,32053177,10000000,12910,3,0.09993108408525586,OK,True,
cyvcf2-indexed,r01_region_record_count,w10000000_16,chr1,65680356,75680355,10000000,13295,1,0.10258664609864354,OK,True,
cyvcf2-indexed,r01_region_record_count,w10000000_16,chr1,65680356,75680355,10000000,13295,2,0.10197259625419974,OK,True,
cyvcf2-indexed,r01_region_record_count,w10000000_16,chr1,65680356,75680355,10000000,13295,3,0.10141172399744391,OK,True,
cyvcf2-indexed,r01_region_record_count,w10000000_17,chr1,30270070,40270069,10000000,12583,1,0.09826096193864942,OK,True,
cyvcf2-indexed,r01_region_record_count,w10000000_17,chr1,30270070,40270069,10000000,12583,2,0.09910624288022518,OK,True,
cyvcf2-indexed,r01_region_record_count,w10000000_17,chr1,30270070,40270069,10000000,12583,3,0.09951499104499817,OK,True,
cyvcf2-indexed,r01_region_record_count,w10000000_18,chr1,42283662,52283661,10000000,9628,1,0.07627532118931413,OK,True,
cyvcf2-indexed,r01_region_record_count,w10000000_18,chr1,42283662,52283661,10000000,9628,2,0.07883185101673007,OK,True,
cyvcf2-indexed,r01_region_record_count,w10000000_18,chr1,42283662,52283661,10000000,9628,3,0.07776984898373485,OK,True,
cyvcf2-indexed,r01_region_record_count,w10000000_19,chr1,61622305,71622304,10000000,14407,1,0.11361380806192756,OK,True,
cyvcf2-indexed,r01_region_record_count,w10000000_19,chr1,61622305,71622304,10000000,14407,2,0.11785846529528499,OK,True,
cyvcf2-indexed,r01_region_record_count,w10000000_19,chr1,61622305,71622304,10000000,14407,3,0.11190082086250186,OK,True,
cyvcf2-indexed,r02_region_variant_shape_counts,w1000_00,chr1,23894831,23895830,1000,10,1,0.003910181112587452,OK,True,
cyvcf2-indexed,r02_region_variant_shape_counts,w1000_00,chr1,23894831,23895830,1000,10,2,0.003663189709186554,OK,True,
cyvcf2-indexed,r02_region_variant_shape_counts,w1000_00,chr1,23894831,23895830,1000,10,3,0.003746038768440485,OK,True,
cyvcf2-indexed,r02_region_variant_shape_counts,w1000_01,chr1,37268328,37269327,1000,1,1,0.0036404007114470005,OK,True,
cyvcf2-indexed,r02_region_variant_shape_counts,w1000_01,chr1,37268328,37269327,1000,1,2,0.005100463051348925,OK,True,
cyvcf2-indexed,r02_region_variant_shape_counts,w1000_01,chr1,37268328,37269327,1000,1,3,0.005738678853958845,OK,True,
cyvcf2-indexed,r02_region_variant_shape_counts,w1000_02,chr1,42471294,42472293,1000,2,1,0.00355361495167017,OK,True,
cyvcf2-indexed,r02_region_variant_shape_counts,w1000_02,chr1,42471294,42472293,1000,2,2,0.003467329777777195,OK,True,
cyvcf2-indexed,r02_region_variant_shape_counts,w1000_02,chr1,42471294,42472293,1000,2,3,0.003306059632450342,OK,True,
cyvcf2-indexed,r02_region_variant_shape_counts,w1000_03,chr1,19972624,19973623,1000,4,1,0.003298533149063587,OK,True,
cyvcf2-indexed,r02_region_variant_shape_counts,w1000_03,chr1,19972624,19973623,1000,4,2,0.003615264780819416,OK,True,
cyvcf2-indexed,r02_region_variant_shape_counts,w1000_03,chr1,19972624,19973623,1000,4,3,0.0035257022827863693,OK,True,
cyvcf2-indexed,r02_region_variant_shape_counts,w1000_04,chr1,65925426,65926425,1000,2,1,0.0034175640903413296,OK,True,
cyvcf2-indexed,r02_region_variant_shape_counts,w1000_04,chr1,65925426,65926425,1000,2,2,0.0037086699157953262,OK,True,
cyvcf2-indexed,r02_region_variant_shape_counts,w1000_04,chr1,65925426,65926425,1000,2,3,0.0034526181407272816,OK,True,
cyvcf2-indexed,r02_region_variant_shape_counts,w1000_05,chr1,54878472,54879471,1000,2,1,0.0033560190349817276,OK,True,
cyvcf2-indexed,r02_region_variant_shape_counts,w1000_05,chr1,54878472,54879471,1000,2,2,0.003252461552619934,OK,True,
cyvcf2-indexed,r02_region_variant_shape_counts,w1000_05,chr1,54878472,54879471,1000,2,3,0.0032294047996401787,OK,True,
cyvcf2-indexed,r02_region_variant_shape_counts,w1000_06,chr1,54724268,54725267,1000,9,1,0.003457842394709587,OK,True,
cyvcf2-indexed,r02_region_variant_shape_counts,w1000_06,chr1,54724268,54725267,1000,9,2,0.003322883043438196,OK,True,
cyvcf2-indexed,r02_region_variant_shape_counts,w1000_06,chr1,54724268,54725267,1000,9,3,0.0033652009442448616,OK,True,
cyvcf2-indexed,r02_region_variant_shape_counts,w1000_07,chr1,50226603,50227602,1000,3,1,0.003477008081972599,OK,True,
cyvcf2-indexed,r02_region_variant_shape_counts,w1000_07,chr1,50226603,50227602,1000,3,2,0.003297344781458378,OK,True,
cyvcf2-indexed,r02_region_variant_shape_counts,w1000_07,chr1,50226603,50227602,1000,3,3,0.003263487946242094,OK,True,
cyvcf2-indexed,r02_region_variant_shape_counts,w1000_08,chr1,5558122,5559121,1000,2,1,0.003380038309842348,OK,True,
cyvcf2-indexed,r02_region_variant_shape_counts,w1000_08,chr1,5558122,5559121,1000,2,2,0.003368547186255455,OK,True,
cyvcf2-indexed,r02_region_variant_shape_counts,w1000_08,chr1,5558122,5559121,1000,2,3,0.0032121026888489723,OK,True,
cyvcf2-indexed,r02_region_variant_shape_counts,w1000_09,chr1,21979241,21980240,1000,15,1,0.003481484018266201,OK,True,
cyvcf2-indexed,r02_region_variant_shape_counts,w1000_09,chr1,21979241,21980240,1000,15,2,0.0034426478669047356,OK,True,
cyvcf2-indexed,r02_region_variant_shape_counts,w1000_09,chr1,21979241,21980240,1000,15,3,0.0035685081966221333,OK,True,
cyvcf2-indexed,r02_region_variant_shape_counts,w1000_10,chr1,58250107,58251106,1000,2,1,0.003604480065405369,OK,True,
cyvcf2-indexed,r02_region_variant_shape_counts,w1000_10,chr1,58250107,58251106,1000,2,2,0.0033693029545247555,OK,True,
cyvcf2-indexed,r02_region_variant_shape_counts,w1000_10,chr1,58250107,58251106,1000,2,3,0.0032749390229582787,OK,True,
cyvcf2-indexed,r02_region_variant_shape_counts,w1000_11,chr1,33820268,33821267,1000,1,1,0.0035256552509963512,OK,True,
cyvcf2-indexed,r02_region_variant_shape_counts,w1000_11,chr1,33820268,33821267,1000,1,2,0.0031996131874620914,OK,True,
cyvcf2-indexed,r02_region_variant_shape_counts,w1000_11,chr1,33820268,33821267,1000,1,3,0.003203798085451126,OK,True,
cyvcf2-indexed,r02_region_variant_shape_counts,w1000_12,chr1,74268898,74269897,1000,4,1,0.0035353442654013634,OK,True,
cyvcf2-indexed,r02_region_variant_shape_counts,w1000_12,chr1,74268898,74269897,1000,4,2,0.0034766793251037598,OK,True,
cyvcf2-indexed,r02_region_variant_shape_counts,w1000_12,chr1,74268898,74269897,1000,4,3,0.003419739194214344,OK,True,
cyvcf2-indexed,r02_region_variant_shape_counts,w1000_13,chr1,58011340,58012339,1000,3,1,0.0034318771213293076,OK,True,
cyvcf2-indexed,r02_region_variant_shape_counts,w1000_13,chr1,58011340,58012339,1000,3,2,0.0034590447321534157,OK,True,
cyvcf2-indexed,r02_region_variant_shape_counts,w1000_13,chr1,58011340,58012339,1000,3,3,0.003427922260016203,OK,True,
cyvcf2-indexed,r02_region_variant_shape_counts,w1000_14,chr1,55322618,55323617,1000,2,1,0.0034289369359612465,OK,True,
cyvcf2-indexed,r02_region_variant_shape_counts,w1000_14,chr1,55322618,55323617,1000,2,2,0.0034147771075367928,OK,True,
cyvcf2-indexed,r02_region_variant_shape_counts,w1000_14,chr1,55322618,55323617,1000,2,3,0.0032930709421634674,OK,True,
cyvcf2-indexed,r02_region_variant_shape_counts,w1000_15,chr1,58597811,58598810,1000,2,1,0.0033459016121923923,OK,True,
cyvcf2-indexed,r02_region_variant_shape_counts,w1000_15,chr1,58597811,58598810,1000,2,2,0.003477036952972412,OK,True,
cyvcf2-indexed,r02_region_variant_shape_counts,w1000_15,chr1,58597811,58598810,1000,2,3,0.003517451696097851,OK,True,
cyvcf2-indexed,r02_region_variant_shape_counts,w1000_16,chr1,61942877,61943876,1000,1,1,0.00350425997748971,OK,True,
cyvcf2-indexed,r02_region_variant_shape_counts,w1000_16,chr1,61942877,61943876,1000,1,2,0.0034458180889487267,OK,True,
cyvcf2-indexed,r02_region_variant_shape_counts,w1000_16,chr1,61942877,61943876,1000,1,3,0.0035413382574915886,OK,True,
cyvcf2-indexed,r02_region_variant_shape_counts,w1000_17,chr1,74952903,74953902,1000,2,1,0.0035780509933829308,OK,True,
cyvcf2-indexed,r02_region_variant_shape_counts,w1000_17,chr1,74952903,74953902,1000,2,2,0.0034549087285995483,OK,True,
cyvcf2-indexed,r02_region_variant_shape_counts,w1000_17,chr1,74952903,74953902,1000,2,3,0.003453486133366823,OK,True,
cyvcf2-indexed,r02_region_variant_shape_counts,w1000_18,chr1,10920022,10921021,1000,7,1,0.003367222845554352,OK,True,
cyvcf2-indexed,r02_region_variant_shape_counts,w1000_18,chr1,10920022,10921021,1000,7,2,0.003620083909481764,OK,True,
cyvcf2-indexed,r02_region_variant_shape_counts,w1000_18,chr1,10920022,10921021,1000,7,3,0.0034275450743734837,OK,True,
cyvcf2-indexed,r02_region_variant_shape_counts,w1000_19,chr1,54064366,54065365,1000,1,1,0.0033206548541784286,OK,True,
cyvcf2-indexed,r02_region_variant_shape_counts,w1000_19,chr1,54064366,54065365,1000,1,2,0.0032989210449159145,OK,True,
cyvcf2-indexed,r02_region_variant_shape_counts,w1000_19,chr1,54064366,54065365,1000,1,3,0.0033258069306612015,OK,True,
cyvcf2-indexed,r02_region_variant_shape_counts,w100000_00,chr1,76042312,76142311,100000,132,1,0.004762953147292137,OK,True,
cyvcf2-indexed,r02_region_variant_shape_counts,w100000_00,chr1,76042312,76142311,100000,132,2,0.004900404252111912,OK,True,
cyvcf2-indexed,r02_region_variant_shape_counts,w100000_00,chr1,76042312,76142311,100000,132,3,0.004647335037589073,OK,True,
cyvcf2-indexed,r02_region_variant_shape_counts,w100000_01,chr1,26177705,26277704,100000,141,1,0.004784787073731422,OK,True,
cyvcf2-indexed,r02_region_variant_shape_counts,w100000_01,chr1,26177705,26277704,100000,141,2,0.00498600397258997,OK,True,
cyvcf2-indexed,r02_region_variant_shape_counts,w100000_01,chr1,26177705,26277704,100000,141,3,0.004833044018596411,OK,True,
cyvcf2-indexed,r02_region_variant_shape_counts,w100000_02,chr1,76668322,76768321,100000,131,1,0.00499020516872406,OK,True,
cyvcf2-indexed,r02_region_variant_shape_counts,w100000_02,chr1,76668322,76768321,100000,131,2,0.004617867060005665,OK,True,
cyvcf2-indexed,r02_region_variant_shape_counts,w100000_02,chr1,76668322,76768321,100000,131,3,0.004770026076585054,OK,True,
cyvcf2-indexed,r02_region_variant_shape_counts,w100000_03,chr1,64797067,64897066,100000,153,1,0.005054648965597153,OK,True,
cyvcf2-indexed,r02_region_variant_shape_counts,w100000_03,chr1,64797067,64897066,100000,153,2,0.0050597586669027805,OK,True,
cyvcf2-indexed,r02_region_variant_shape_counts,w100000_03,chr1,64797067,64897066,100000,153,3,0.004968241322785616,OK,True,
cyvcf2-indexed,r02_region_variant_shape_counts,w100000_04,chr1,66848110,66948109,100000,83,1,0.004191465675830841,OK,True,
cyvcf2-indexed,r02_region_variant_shape_counts,w100000_04,chr1,66848110,66948109,100000,83,2,0.004148632753640413,OK,True,
cyvcf2-indexed,r02_region_variant_shape_counts,w100000_04,chr1,66848110,66948109,100000,83,3,0.004153891000896692,OK,True,
cyvcf2-indexed,r02_region_variant_shape_counts,w100000_05,chr1,58175965,58275964,100000,181,1,0.005037338938564062,OK,True,
cyvcf2-indexed,r02_region_variant_shape_counts,w100000_05,chr1,58175965,58275964,100000,181,2,0.00519237294793129,OK,True,
cyvcf2-indexed,r02_region_variant_shape_counts,w100000_05,chr1,58175965,58275964,100000,181,3,0.005301211960613728,OK,True,
cyvcf2-indexed,r02_region_variant_shape_counts,w100000_06,chr1,41567443,41667442,100000,142,1,0.00476451963186264,OK,True,
cyvcf2-indexed,r02_region_variant_shape_counts,w100000_06,chr1,41567443,41667442,100000,142,2,0.004627932794392109,OK,True,
cyvcf2-indexed,r02_region_variant_shape_counts,w100000_06,chr1,41567443,41667442,100000,142,3,0.004712915979325771,OK,True,
cyvcf2-indexed,r02_region_variant_shape_counts,w100000_07,chr1,23625875,23725874,100000,143,1,0.004716074094176292,OK,True,
cyvcf2-indexed,r02_region_variant_shape_counts,w100000_07,chr1,23625875,23725874,100000,143,2,0.004870440810918808,OK,True,
cyvcf2-indexed,r02_region_variant_shape_counts,w100000_07,chr1,23625875,23725874,100000,143,3,0.004762115888297558,OK,True,
cyvcf2-indexed,r02_region_variant_shape_counts,w100000_08,chr1,69897964,69997963,100000,77,1,0.004230118822306395,OK,True,
cyvcf2-indexed,r02_region_variant_shape_counts,w100000_08,chr1,69897964,69997963,100000,77,2,0.004068577196449041,OK,True,
cyvcf2-indexed,r02_region_variant_shape_counts,w100000_08,chr1,69897964,69997963,100000,77,3,0.003961846232414246,OK,True,
cyvcf2-indexed,r02_region_variant_shape_counts,w100000_09,chr1,63664508,63764507,100000,287,1,0.0062577007338404655,OK,True,
cyvcf2-indexed,r02_region_variant_shape_counts,w100000_09,chr1,63664508,63764507,100000,287,2,0.006270438898354769,OK,True,
cyvcf2-indexed,r02_region_variant_shape_counts,w100000_09,chr1,63664508,63764507,100000,287,3,0.006172826047986746,OK,True,
cyvcf2-indexed,r02_region_variant_shape_counts,w100000_10,chr1,15518874,15618873,100000,146,1,0.004715217277407646,OK,True,
cyvcf2-indexed,r02_region_variant_shape_counts,w100000_10,chr1,15518874,15618873,100000,146,2,0.004757702816277742,OK,True,
cyvcf2-indexed,r02_region_variant_shape_counts,w100000_10,chr1,15518874,15618873,100000,146,3,0.0047926693223416805,OK,True,
cyvcf2-indexed,r02_region_variant_shape_counts,w100000_11,chr1,23996836,24096835,100000,343,1,0.007149427197873592,OK,True,
cyvcf2-indexed,r02_region_variant_shape_counts,w100000_11,chr1,23996836,24096835,100000,343,2,0.006876146886497736,OK,True,
cyvcf2-indexed,r02_region_variant_shape_counts,w100000_11,chr1,23996836,24096835,100000,343,3,0.00688025401905179,OK,True,
cyvcf2-indexed,r02_region_variant_shape_counts,w100000_12,chr1,56566795,56666794,100000,139,1,0.004697965923696756,OK,True,
cyvcf2-indexed,r02_region_variant_shape_counts,w100000_12,chr1,56566795,56666794,100000,139,2,0.004651220981031656,OK,True,
cyvcf2-indexed,r02_region_variant_shape_counts,w100000_12,chr1,56566795,56666794,100000,139,3,0.004675365053117275,OK,True,
cyvcf2-indexed,r02_region_variant_shape_counts,w100000_13,chr1,24058646,24158645,100000,214,1,0.0054468861781060696,OK,True,
cyvcf2-indexed,r02_region_variant_shape_counts,w100000_13,chr1,24058646,24158645,100000,214,2,0.005627375096082687,OK,True,
cyvcf2-indexed,r02_region_variant_shape_counts,w100000_13,chr1,24058646,24158645,100000,214,3,0.005767946597188711,OK,True,
cyvcf2-indexed,r02_region_variant_shape_counts,w100000_14,chr1,3105927,3205926,100000,226,1,0.005823703017085791,OK,True,
cyvcf2-indexed,r02_region_variant_shape_counts,w100000_14,chr1,3105927,3205926,100000,226,2,0.005710821133106947,OK,True,
cyvcf2-indexed,r02_region_variant_shape_counts,w100000_14,chr1,3105927,3205926,100000,226,3,0.005634545348584652,OK,True,
cyvcf2-indexed,r02_region_variant_shape_counts,w100000_15,chr1,54865968,54965967,100000,181,1,0.005326427984982729,OK,True,
cyvcf2-indexed,r02_region_variant_shape_counts,w100000_15,chr1,54865968,54965967,100000,181,2,0.005347866099327803,OK,True,
cyvcf2-indexed,r02_region_variant_shape_counts,w100000_15,chr1,54865968,54965967,100000,181,3,0.005228897091001272,OK,True,
cyvcf2-indexed,r02_region_variant_shape_counts,w100000_16,chr1,58852100,58952099,100000,79,1,0.004035596270114183,OK,True,
cyvcf2-indexed,r02_region_variant_shape_counts,w100000_16,chr1,58852100,58952099,100000,79,2,0.004096613731235266,OK,True,
cyvcf2-indexed,r02_region_variant_shape_counts,w100000_16,chr1,58852100,58952099,100000,79,3,0.004206845071166754,OK,True,
cyvcf2-indexed,r02_region_variant_shape_counts,w100000_17,chr1,77570681,77670680,100000,81,1,0.004213494714349508,OK,True,
cyvcf2-indexed,r02_region_variant_shape_counts,w100000_17,chr1,77570681,77670680,100000,81,2,0.004640728700906038,OK,True,
cyvcf2-indexed,r02_region_variant_shape_counts,w100000_17,chr1,77570681,77670680,100000,81,3,0.0063071781769394875,OK,True,
cyvcf2-indexed,r02_region_variant_shape_counts,w100000_18,chr1,66388887,66488886,100000,196,1,0.005414281971752644,OK,True,
cyvcf2-indexed,r02_region_variant_shape_counts,w100000_18,chr1,66388887,66488886,100000,196,2,0.005828049033880234,OK,True,
cyvcf2-indexed,r02_region_variant_shape_counts,w100000_18,chr1,66388887,66488886,100000,196,3,0.0056101311929523945,OK,True,
cyvcf2-indexed,r02_region_variant_shape_counts,w100000_19,chr1,5319806,5419805,100000,87,1,0.004402289632707834,OK,True,
cyvcf2-indexed,r02_region_variant_shape_counts,w100000_19,chr1,5319806,5419805,100000,87,2,0.004551282152533531,OK,True,
cyvcf2-indexed,r02_region_variant_shape_counts,w100000_19,chr1,5319806,5419805,100000,87,3,0.004582956898957491,OK,True,
cyvcf2-indexed,r02_region_variant_shape_counts,w1000000_00,chr1,42846822,43846821,1000000,1112,1,0.014590754173696041,OK,True,
cyvcf2-indexed,r02_region_variant_shape_counts,w1000000_00,chr1,42846822,43846821,1000000,1112,2,0.014876110944896936,OK,True,
cyvcf2-indexed,r02_region_variant_shape_counts,w1000000_00,chr1,42846822,43846821,1000000,1112,3,0.014689638279378414,OK,True,
cyvcf2-indexed,r02_region_variant_shape_counts,w1000000_01,chr1,9034070,10034069,1000000,1143,1,0.014961866196244955,OK,True,
cyvcf2-indexed,r02_region_variant_shape_counts,w1000000_01,chr1,9034070,10034069,1000000,1143,2,0.015449605882167816,OK,True,
cyvcf2-indexed,r02_region_variant_shape_counts,w1000000_01,chr1,9034070,10034069,1000000,1143,3,0.015205407049506903,OK,True,
cyvcf2-indexed,r02_region_variant_shape_counts,w1000000_02,chr1,54809885,55809884,1000000,1670,1,0.020944466348737478,OK,True,
cyvcf2-indexed,r02_region_variant_shape_counts,w1000000_02,chr1,54809885,55809884,1000000,1670,2,0.020164369139820337,OK,True,
cyvcf2-indexed,r02_region_variant_shape_counts,w1000000_02,chr1,54809885,55809884,1000000,1670,3,0.02029320690780878,OK,True,
cyvcf2-indexed,r02_region_variant_shape_counts,w1000000_03,chr1,55795141,56795140,1000000,1824,1,0.022413045167922974,OK,True,
cyvcf2-indexed,r02_region_variant_shape_counts,w1000000_03,chr1,55795141,56795140,1000000,1824,2,0.02210144605487585,OK,True,
cyvcf2-indexed,r02_region_variant_shape_counts,w1000000_03,chr1,55795141,56795140,1000000,1824,3,0.022309259977191687,OK,True,
cyvcf2-indexed,r02_region_variant_shape_counts,w1000000_04,chr1,11734309,12734308,1000000,950,1,0.013299352955073118,OK,True,
cyvcf2-indexed,r02_region_variant_shape_counts,w1000000_04,chr1,11734309,12734308,1000000,950,2,0.012953458819538355,OK,True,
cyvcf2-indexed,r02_region_variant_shape_counts,w1000000_04,chr1,11734309,12734308,1000000,950,3,0.013188600074499846,OK,True,
cyvcf2-indexed,r02_region_variant_shape_counts,w1000000_05,chr1,28814643,29814642,1000000,1348,1,0.017181282863020897,OK,True,
cyvcf2-indexed,r02_region_variant_shape_counts,w1000000_05,chr1,28814643,29814642,1000000,1348,2,0.01709460699930787,OK,True,
cyvcf2-indexed,r02_region_variant_shape_counts,w1000000_05,chr1,28814643,29814642,1000000,1348,3,0.017014427110552788,OK,True,
cyvcf2-indexed,r02_region_variant_shape_counts,w1000000_06,chr1,47354520,48354519,1000000,1253,1,0.015979195944964886,OK,True,
cyvcf2-indexed,r02_region_variant_shape_counts,w1000000_06,chr1,47354520,48354519,1000000,1253,2,0.016014992725104094,OK,True,
cyvcf2-indexed,r02_region_variant_shape_counts,w1000000_06,chr1,47354520,48354519,1000000,1253,3,0.015907281078398228,OK,True,
cyvcf2-indexed,r02_region_variant_shape_counts,w1000000_07,chr1,35782931,36782930,1000000,868,1,0.012459740042686462,OK,True,
cyvcf2-indexed,r02_region_variant_shape_counts,w1000000_07,chr1,35782931,36782930,1000000,868,2,0.012573794927448034,OK,True,
cyvcf2-indexed,r02_region_variant_shape_counts,w1000000_07,chr1,35782931,36782930,1000000,868,3,0.012222482822835445,OK,True,
cyvcf2-indexed,r02_region_variant_shape_counts,w1000000_08,chr1,5611726,6611725,1000000,1261,1,0.016096836887300014,OK,True,
cyvcf2-indexed,r02_region_variant_shape_counts,w1000000_08,chr1,5611726,6611725,1000000,1261,2,0.016216665040701628,OK,True,
cyvcf2-indexed,r02_region_variant_shape_counts,w1000000_08,chr1,5611726,6611725,1000000,1261,3,0.01616339897736907,OK,True,
cyvcf2-indexed,r02_region_variant_shape_counts,w1000000_09,chr1,17930348,18930347,1000000,1491,1,0.018339050002396107,OK,True,
cyvcf2-indexed,r02_region_variant_shape_counts,w1000000_09,chr1,17930348,18930347,1000000,1491,2,0.018174163065850735,OK,True,
cyvcf2-indexed,r02_region_variant_shape_counts,w1000000_09,chr1,17930348,18930347,1000000,1491,3,0.01864684885367751,OK,True,
cyvcf2-indexed,r02_region_variant_shape_counts,w1000000_10,chr1,58656617,59656616,1000000,1262,1,0.016328423283994198,OK,True,
cyvcf2-indexed,r02_region_variant_shape_counts,w1000000_10,chr1,58656617,59656616,1000000,1262,2,0.01654721237719059,OK,True,
cyvcf2-indexed,r02_region_variant_shape_counts,w1000000_10,chr1,58656617,59656616,1000000,1262,3,0.016419799998402596,OK,True,
cyvcf2-indexed,r02_region_variant_shape_counts,w1000000_11,chr1,20579658,21579657,1000000,1246,1,0.01605806313455105,OK,True,
cyvcf2-indexed,r02_region_variant_shape_counts,w1000000_11,chr1,20579658,21579657,1000000,1246,2,0.015860058832913637,OK,True,
cyvcf2-indexed,r02_region_variant_shape_counts,w1000000_11,chr1,20579658,21579657,1000000,1246,3,0.015953561291098595,OK,True,
cyvcf2-indexed,r02_region_variant_shape_counts,w1000000_12,chr1,66774094,67774093,1000000,1548,1,0.01915019704028964,OK,True,
cyvcf2-indexed,r02_region_variant_shape_counts,w1000000_12,chr1,66774094,67774093,1000000,1548,2,0.018865065183490515,OK,True,
cyvcf2-indexed,r02_region_variant_shape_counts,w1000000_12,chr1,66774094,67774093,1000000,1548,3,0.01899903081357479,OK,True,
cyvcf2-indexed,r02_region_variant_shape_counts,w1000000_13,chr1,53330427,54330426,1000000,1337,1,0.016585334204137325,OK,True,
cyvcf2-indexed,r02_region_variant_shape_counts,w1000000_13,chr1,53330427,54330426,1000000,1337,2,0.01674196682870388,OK,True,
cyvcf2-indexed,r02_region_variant_shape_counts,w1000000_13,chr1,53330427,54330426,1000000,1337,3,0.0168493976816535,OK,True,
cyvcf2-indexed,r02_region_variant_shape_counts,w1000000_14,chr1,34457222,35457221,1000000,1194,1,0.015493820887058973,OK,True,
cyvcf2-indexed,r02_region_variant_shape_counts,w1000000_14,chr1,34457222,35457221,1000000,1194,2,0.015512701123952866,OK,True,
cyvcf2-indexed,r02_region_variant_shape_counts,w1000000_14,chr1,34457222,35457221,1000000,1194,3,0.015497335232794285,OK,True,
cyvcf2-indexed,r02_region_variant_shape_counts,w1000000_15,chr1,6173132,7173131,1000000,906,1,0.012659014668315649,OK,True,
cyvcf2-indexed,r02_region_variant_shape_counts,w1000000_15,chr1,6173132,7173131,1000000,906,2,0.01263761892914772,OK,True,
cyvcf2-indexed,r02_region_variant_shape_counts,w1000000_15,chr1,6173132,7173131,1000000,906,3,0.012802158016711473,OK,True,
cyvcf2-indexed,r02_region_variant_shape_counts,w1000000_16,chr1,34054184,35054183,1000000,1668,1,0.02080895844846964,OK,True,
cyvcf2-indexed,r02_region_variant_shape_counts,w1000000_16,chr1,34054184,35054183,1000000,1668,2,0.02090097824111581,OK,True,
cyvcf2-indexed,r02_region_variant_shape_counts,w1000000_16,chr1,34054184,35054183,1000000,1668,3,0.020782529842108488,OK,True,
cyvcf2-indexed,r02_region_variant_shape_counts,w1000000_17,chr1,15193776,16193775,1000000,1521,1,0.01945710275322199,OK,True,
cyvcf2-indexed,r02_region_variant_shape_counts,w1000000_17,chr1,15193776,16193775,1000000,1521,2,0.02000577887520194,OK,True,
cyvcf2-indexed,r02_region_variant_shape_counts,w1000000_17,chr1,15193776,16193775,1000000,1521,3,0.024993698112666607,OK,True,
cyvcf2-indexed,r02_region_variant_shape_counts,w1000000_18,chr1,43583485,44583484,1000000,1108,1,0.01504180720075965,OK,True,
cyvcf2-indexed,r02_region_variant_shape_counts,w1000000_18,chr1,43583485,44583484,1000000,1108,2,0.014885756187140942,OK,True,
cyvcf2-indexed,r02_region_variant_shape_counts,w1000000_18,chr1,43583485,44583484,1000000,1108,3,0.014391652774065733,OK,True,
cyvcf2-indexed,r02_region_variant_shape_counts,w1000000_19,chr1,58570714,59570713,1000000,1451,1,0.017838194966316223,OK,True,
cyvcf2-indexed,r02_region_variant_shape_counts,w1000000_19,chr1,58570714,59570713,1000000,1451,2,0.017750333994627,OK,True,
cyvcf2-indexed,r02_region_variant_shape_counts,w1000000_19,chr1,58570714,59570713,1000000,1451,3,0.018092588987201452,OK,True,
cyvcf2-indexed,r02_region_variant_shape_counts,w10000000_00,chr1,36023355,46023354,10000000,11510,1,0.11819491209462285,OK,True,
cyvcf2-indexed,r02_region_variant_shape_counts,w10000000_00,chr1,36023355,46023354,10000000,11510,2,0.11975653888657689,OK,True,
cyvcf2-indexed,r02_region_variant_shape_counts,w10000000_00,chr1,36023355,46023354,10000000,11510,3,0.134069312363863,OK,True,
cyvcf2-indexed,r02_region_variant_shape_counts,w10000000_01,chr1,57527385,67527384,10000000,14820,1,0.16667608032003045,OK,True,
cyvcf2-indexed,r02_region_variant_shape_counts,w10000000_01,chr1,57527385,67527384,10000000,14820,2,0.1508193826302886,OK,True,
cyvcf2-indexed,r02_region_variant_shape_counts,w10000000_01,chr1,57527385,67527384,10000000,14820,3,0.1511042769998312,OK,True,
cyvcf2-indexed,r02_region_variant_shape_counts,w10000000_02,chr1,63680811,73680810,10000000,13676,1,0.1402197889983654,OK,True,
cyvcf2-indexed,r02_region_variant_shape_counts,w10000000_02,chr1,63680811,73680810,10000000,13676,2,0.1400669957511127,OK,True,
cyvcf2-indexed,r02_region_variant_shape_counts,w10000000_02,chr1,63680811,73680810,10000000,13676,3,0.14342823298648,OK,True,
cyvcf2-indexed,r02_region_variant_shape_counts,w10000000_03,chr1,53679378,63679377,10000000,14787,1,0.16197692742571235,OK,True,
cyvcf2-indexed,r02_region_variant_shape_counts,w10000000_03,chr1,53679378,63679377,10000000,14787,2,0.1728659188374877,OK,True,
cyvcf2-indexed,r02_region_variant_shape_counts,w10000000_03,chr1,53679378,63679377,10000000,14787,3,0.15587398316711187,OK,True,
cyvcf2-indexed,r02_region_variant_shape_counts,w10000000_04,chr1,60690498,70690497,10000000,14398,1,0.1458730222657323,OK,True,
cyvcf2-indexed,r02_region_variant_shape_counts,w10000000_04,chr1,60690498,70690497,10000000,14398,2,0.1474802359007299,OK,True,
cyvcf2-indexed,r02_region_variant_shape_counts,w10000000_04,chr1,60690498,70690497,10000000,14398,3,0.14996536122635007,OK,True,
cyvcf2-indexed,r02_region_variant_shape_counts,w10000000_05,chr1,47428546,57428545,10000000,11289,1,0.117514091078192,OK,True,
cyvcf2-indexed,r02_region_variant_shape_counts,w10000000_05,chr1,47428546,57428545,10000000,11289,2,0.11668736580759287,OK,True,
cyvcf2-indexed,r02_region_variant_shape_counts,w10000000_05,chr1,47428546,57428545,10000000,11289,3,0.1167624481022358,OK,True,
cyvcf2-indexed,r02_region_variant_shape_counts,w10000000_06,chr1,22030736,32030735,10000000,12991,1,0.1328139821998775,OK,True,
cyvcf2-indexed,r02_region_variant_shape_counts,w10000000_06,chr1,22030736,32030735,10000000,12991,2,0.1319813011214137,OK,True,
cyvcf2-indexed,r02_region_variant_shape_counts,w10000000_06,chr1,22030736,32030735,10000000,12991,3,0.13668425800278783,OK,True,
cyvcf2-indexed,r02_region_variant_shape_counts,w10000000_07,chr1,34252401,44252400,10000000,11717,1,0.12547230999916792,OK,True,
cyvcf2-indexed,r02_region_variant_shape_counts,w10000000_07,chr1,34252401,44252400,10000000,11717,2,0.12536813132464886,OK,True,
cyvcf2-indexed,r02_region_variant_shape_counts,w10000000_07,chr1,34252401,44252400,10000000,11717,3,0.11985780764371157,OK,True,
cyvcf2-indexed,r02_region_variant_shape_counts,w10000000_08,chr1,58528508,68528507,10000000,14502,1,0.1523839640431106,OK,True,
cyvcf2-indexed,r02_region_variant_shape_counts,w10000000_08,chr1,58528508,68528507,10000000,14502,2,0.15161714423447847,OK,True,
cyvcf2-indexed,r02_region_variant_shape_counts,w10000000_08,chr1,58528508,68528507,10000000,14502,3,0.15360184805467725,OK,True,
cyvcf2-indexed,r02_region_variant_shape_counts,w10000000_09,chr1,51917411,61917410,10000000,13900,1,0.14421386318281293,OK,True,
cyvcf2-indexed,r02_region_variant_shape_counts,w10000000_09,chr1,51917411,61917410,10000000,13900,2,0.14711387502029538,OK,True,
cyvcf2-indexed,r02_region_variant_shape_counts,w10000000_09,chr1,51917411,61917410,10000000,13900,3,0.14523569820448756,OK,True,
cyvcf2-indexed,r02_region_variant_shape_counts,w10000000_10,chr1,17106918,27106917,10000000,14199,1,0.1468393038958311,OK,True,
cyvcf2-indexed,r02_region_variant_shape_counts,w10000000_10,chr1,17106918,27106917,10000000,14199,2,0.14743155892938375,OK,True,
cyvcf2-indexed,r02_region_variant_shape_counts,w10000000_10,chr1,17106918,27106917,10000000,14199,3,0.16537765599787235,OK,True,
cyvcf2-indexed,r02_region_variant_shape_counts,w10000000_11,chr1,43275553,53275552,10000000,9415,1,0.0996673651970923,OK,True,
cyvcf2-indexed,r02_region_variant_shape_counts,w10000000_11,chr1,43275553,53275552,10000000,9415,2,0.09842640534043312,OK,True,
cyvcf2-indexed,r02_region_variant_shape_counts,w10000000_11,chr1,43275553,53275552,10000000,9415,3,0.1001300816424191,OK,True,
cyvcf2-indexed,r02_region_variant_shape_counts,w10000000_12,chr1,75394691,85394690,10000000,3288,1,0.04327684035524726,OK,True,
cyvcf2-indexed,r02_region_variant_shape_counts,w10000000_12,chr1,75394691,85394690,10000000,3288,2,0.03605307312682271,OK,True,
cyvcf2-indexed,r02_region_variant_shape_counts,w10000000_12,chr1,75394691,85394690,10000000,3288,3,0.0358566427603364,OK,True,
cyvcf2-indexed,r02_region_variant_shape_counts,w10000000_13,chr1,40866716,50866715,10000000,10786,1,0.11378266243264079,OK,True,
cyvcf2-indexed,r02_region_variant_shape_counts,w10000000_13,chr1,40866716,50866715,10000000,10786,2,0.11222728295251727,OK,True,
cyvcf2-indexed,r02_region_variant_shape_counts,w10000000_13,chr1,40866716,50866715,10000000,10786,3,0.11378641985356808,OK,True,
cyvcf2-indexed,r02_region_variant_shape_counts,w10000000_14,chr1,54182280,64182279,10000000,14941,1,0.15239505469799042,OK,True,
cyvcf2-indexed,r02_region_variant_shape_counts,w10000000_14,chr1,54182280,64182279,10000000,14941,2,0.15416593803092837,OK,True,
cyvcf2-indexed,r02_region_variant_shape_counts,w10000000_14,chr1,54182280,64182279,10000000,14941,3,0.15666386811062694,OK,True,
cyvcf2-indexed,r02_region_variant_shape_counts,w10000000_15,chr1,22053178,32053177,10000000,12910,1,0.13418261799961329,OK,True,
cyvcf2-indexed,r02_region_variant_shape_counts,w10000000_15,chr1,22053178,32053177,10000000,12910,2,0.1334397429600358,OK,True,
cyvcf2-indexed,r02_region_variant_shape_counts,w10000000_15,chr1,22053178,32053177,10000000,12910,3,0.13482974004000425,OK,True,
cyvcf2-indexed,r02_region_variant_shape_counts,w10000000_16,chr1,65680356,75680355,10000000,13295,1,0.13465206511318684,OK,True,
cyvcf2-indexed,r02_region_variant_shape_counts,w10000000_16,chr1,65680356,75680355,10000000,13295,2,0.13483466487377882,OK,True,
cyvcf2-indexed,r02_region_variant_shape_counts,w10000000_16,chr1,65680356,75680355,10000000,13295,3,0.13330386811867356,OK,True,
cyvcf2-indexed,r02_region_variant_shape_counts,w10000000_17,chr1,30270070,40270069,10000000,12583,1,0.12946930900216103,OK,True,
cyvcf2-indexed,r02_region_variant_shape_counts,w10000000_17,chr1,30270070,40270069,10000000,12583,2,0.13021572306752205,OK,True,
cyvcf2-indexed,r02_region_variant_shape_counts,w10000000_17,chr1,30270070,40270069,10000000,12583,3,0.12837617192417383,OK,True,
cyvcf2-indexed,r02_region_variant_shape_counts,w10000000_18,chr1,42283662,52283661,10000000,9628,1,0.10199672682210803,OK,True,
cyvcf2-indexed,r02_region_variant_shape_counts,w10000000_18,chr1,42283662,52283661,10000000,9628,2,0.10191534692421556,OK,True,
cyvcf2-indexed,r02_region_variant_shape_counts,w10000000_18,chr1,42283662,52283661,10000000,9628,3,0.10451508918777108,OK,True,
cyvcf2-indexed,r02_region_variant_shape_counts,w10000000_19,chr1,61622305,71622304,10000000,14407,1,0.14906845102086663,OK,True,
cyvcf2-indexed,r02_region_variant_shape_counts,w10000000_19,chr1,61622305,71622304,10000000,14407,2,0.15097967814654112,OK,True,
cyvcf2-indexed,r02_region_variant_shape_counts,w10000000_19,chr1,61622305,71622304,10000000,14407,3,0.16092001786455512,OK,True,
cyvcf2-indexed,r03_region_titv,w1000_00,chr1,23894831,23895830,1000,10,1,0.003791352268308401,OK,True,
cyvcf2-indexed,r03_region_titv,w1000_00,chr1,23894831,23895830,1000,10,2,0.003603360615670681,OK,True,
cyvcf2-indexed,r03_region_titv,w1000_00,chr1,23894831,23895830,1000,10,3,0.0036493786610662937,OK,True,
cyvcf2-indexed,r03_region_titv,w1000_01,chr1,37268328,37269327,1000,1,1,0.0033679818734526634,OK,True,
cyvcf2-indexed,r03_region_titv,w1000_01,chr1,37268328,37269327,1000,1,2,0.003274311777204275,OK,True,
cyvcf2-indexed,r03_region_titv,w1000_01,chr1,37268328,37269327,1000,1,3,0.003313950728625059,OK,True,
cyvcf2-indexed,r03_region_titv,w1000_02,chr1,42471294,42472293,1000,2,1,0.0033156247809529305,OK,True,
cyvcf2-indexed,r03_region_titv,w1000_02,chr1,42471294,42472293,1000,2,2,0.0033649280667304993,OK,True,
cyvcf2-indexed,r03_region_titv,w1000_02,chr1,42471294,42472293,1000,2,3,0.003390885889530182,OK,True,
cyvcf2-indexed,r03_region_titv,w1000_03,chr1,19972624,19973623,1000,4,1,0.0033383676782250404,OK,True,
cyvcf2-indexed,r03_region_titv,w1000_03,chr1,19972624,19973623,1000,4,2,0.003676156047731638,OK,True,
cyvcf2-indexed,r03_region_titv,w1000_03,chr1,19972624,19973623,1000,4,3,0.003422137815505266,OK,True,
cyvcf2-indexed,r03_region_titv,w1000_04,chr1,65925426,65926425,1000,2,1,0.003348721656948328,OK,True,
cyvcf2-indexed,r03_region_titv,w1000_04,chr1,65925426,65926425,1000,2,2,0.003463761880993843,OK,True,
cyvcf2-indexed,r03_region_titv,w1000_04,chr1,65925426,65926425,1000,2,3,0.003577820025384426,OK,True,
cyvcf2-indexed,r03_region_titv,w1000_05,chr1,54878472,54879471,1000,2,1,0.0035168896429240704,OK,True,
cyvcf2-indexed,r03_region_titv,w1000_05,chr1,54878472,54879471,1000,2,2,0.003493006806820631,OK,True,
cyvcf2-indexed,r03_region_titv,w1000_05,chr1,54878472,54879471,1000,2,3,0.003626864869147539,OK,True,
cyvcf2-indexed,r03_region_titv,w1000_06,chr1,54724268,54725267,1000,9,1,0.004091729875653982,OK,True,
cyvcf2-indexed,r03_region_titv,w1000_06,chr1,54724268,54725267,1000,9,2,0.004501875955611467,OK,True,
cyvcf2-indexed,r03_region_titv,w1000_06,chr1,54724268,54725267,1000,9,3,0.005030498374253511,OK,True,
cyvcf2-indexed,r03_region_titv,w1000_07,chr1,50226603,50227602,1000,3,1,0.003552210982888937,OK,True,
cyvcf2-indexed,r03_region_titv,w1000_07,chr1,50226603,50227602,1000,3,2,0.003912725951522589,OK,True,
cyvcf2-indexed,r03_region_titv,w1000_07,chr1,50226603,50227602,1000,3,3,0.003857688046991825,OK,True,
cyvcf2-indexed,r03_region_titv,w1000_08,chr1,5558122,5559121,1000,2,1,0.0035385210067033768,OK,True,
cyvcf2-indexed,r03_region_titv,w1000_08,chr1,5558122,5559121,1000,2,2,0.0034819371066987514,OK,True,
cyvcf2-indexed,r03_region_titv,w1000_08,chr1,5558122,5559121,1000,2,3,0.003405520226806402,OK,True,
cyvcf2-indexed,r03_region_titv,w1000_09,chr1,21979241,21980240,1000,15,1,0.0036512883380055428,OK,True,
cyvcf2-indexed,r03_region_titv,w1000_09,chr1,21979241,21980240,1000,15,2,0.0037717469967901707,OK,True,
cyvcf2-indexed,r03_region_titv,w1000_09,chr1,21979241,21980240,1000,15,3,0.003720103297382593,OK,True,
cyvcf2-indexed,r03_region_titv,w1000_10,chr1,58250107,58251106,1000,2,1,0.003717323299497366,OK,True,
cyvcf2-indexed,r03_region_titv,w1000_10,chr1,58250107,58251106,1000,2,2,0.0036442787386476994,OK,True,
cyvcf2-indexed,r03_region_titv,w1000_10,chr1,58250107,58251106,1000,2,3,0.0035180398263037205,OK,True,
cyvcf2-indexed,r03_region_titv,w1000_11,chr1,33820268,33821267,1000,1,1,0.003523964900523424,OK,True,
cyvcf2-indexed,r03_region_titv,w1000_11,chr1,33820268,33821267,1000,1,2,0.0036278516054153442,OK,True,
cyvcf2-indexed,r03_region_titv,w1000_11,chr1,33820268,33821267,1000,1,3,0.0035922531969845295,OK,True,
cyvcf2-indexed,r03_region_titv,w1000_12,chr1,74268898,74269897,1000,4,1,0.003483491949737072,OK,True,
cyvcf2-indexed,r03_region_titv,w1000_12,chr1,74268898,74269897,1000,4,2,0.003705422393977642,OK,True,
cyvcf2-indexed,r03_region_titv,w1000_12,chr1,74268898,74269897,1000,4,3,0.003643978852778673,OK,True,
cyvcf2-indexed,r03_region_titv,w1000_13,chr1,58011340,58012339,1000,3,1,0.0035334122367203236,OK,True,
cyvcf2-indexed,r03_region_titv,w1000_13,chr1,58011340,58012339,1000,3,2,0.0036474796943366528,OK,True,
cyvcf2-indexed,r03_region_titv,w1000_13,chr1,58011340,58012339,1000,3,3,0.003698076121509075,OK,True,
cyvcf2-indexed,r03_region_titv,w1000_14,chr1,55322618,55323617,1000,2,1,0.003508202265948057,OK,True,
cyvcf2-indexed,r03_region_titv,w1000_14,chr1,55322618,55323617,1000,2,2,0.003383308183401823,OK,True,
cyvcf2-indexed,r03_region_titv,w1000_14,chr1,55322618,55323617,1000,2,3,0.0035459627397358418,OK,True,
cyvcf2-indexed,r03_region_titv,w1000_15,chr1,58597811,58598810,1000,2,1,0.00352146802470088,OK,True,
cyvcf2-indexed,r03_region_titv,w1000_15,chr1,58597811,58598810,1000,2,2,0.004517985042184591,OK,True,
cyvcf2-indexed,r03_region_titv,w1000_15,chr1,58597811,58598810,1000,2,3,0.0037114950828254223,OK,True,
cyvcf2-indexed,r03_region_titv,w1000_16,chr1,61942877,61943876,1000,1,1,0.0038422858342528343,OK,True,
cyvcf2-indexed,r03_region_titv,w1000_16,chr1,61942877,61943876,1000,1,2,0.003692412283271551,OK,True,
cyvcf2-indexed,r03_region_titv,w1000_16,chr1,61942877,61943876,1000,1,3,0.0039064036682248116,OK,True,
cyvcf2-indexed,r03_region_titv,w1000_17,chr1,74952903,74953902,1000,2,1,0.0056093777529895306,OK,True,
cyvcf2-indexed,r03_region_titv,w1000_17,chr1,74952903,74953902,1000,2,2,0.005184684880077839,OK,True,
cyvcf2-indexed,r03_region_titv,w1000_17,chr1,74952903,74953902,1000,2,3,0.00567824300378561,OK,True,
cyvcf2-indexed,r03_region_titv,w1000_18,chr1,10920022,10921021,1000,7,1,0.005988338030874729,OK,True,
cyvcf2-indexed,r03_region_titv,w1000_18,chr1,10920022,10921021,1000,7,2,0.005392753053456545,OK,True,
cyvcf2-indexed,r03_region_titv,w1000_18,chr1,10920022,10921021,1000,7,3,0.004889946896582842,OK,True,
cyvcf2-indexed,r03_region_titv,w1000_19,chr1,54064366,54065365,1000,1,1,0.0045219301246106625,OK,True,
cyvcf2-indexed,r03_region_titv,w1000_19,chr1,54064366,54065365,1000,1,2,0.003508788999170065,OK,True,
cyvcf2-indexed,r03_region_titv,w1000_19,chr1,54064366,54065365,1000,1,3,0.0032830522395670414,OK,True,
cyvcf2-indexed,r03_region_titv,w100000_00,chr1,76042312,76142311,100000,132,1,0.004678390920162201,OK,True,
cyvcf2-indexed,r03_region_titv,w100000_00,chr1,76042312,76142311,100000,132,2,0.004683963023126125,OK,True,
cyvcf2-indexed,r03_region_titv,w100000_00,chr1,76042312,76142311,100000,132,3,0.005010603927075863,OK,True,
cyvcf2-indexed,r03_region_titv,w100000_01,chr1,26177705,26277704,100000,141,1,0.004751391243189573,OK,True,
cyvcf2-indexed,r03_region_titv,w100000_01,chr1,26177705,26277704,100000,141,2,0.005281798075884581,OK,True,
cyvcf2-indexed,r03_region_titv,w100000_01,chr1,26177705,26277704,100000,141,3,0.004941537044942379,OK,True,
cyvcf2-indexed,r03_region_titv,w100000_02,chr1,76668322,76768321,100000,131,1,0.004675851669162512,OK,True,
cyvcf2-indexed,r03_region_titv,w100000_02,chr1,76668322,76768321,100000,131,2,0.00469225412234664,OK,True,
cyvcf2-indexed,r03_region_titv,w100000_02,chr1,76668322,76768321,100000,131,3,0.005583713762462139,OK,True,
cyvcf2-indexed,r03_region_titv,w100000_03,chr1,64797067,64897066,100000,153,1,0.006987713743001223,OK,True,
cyvcf2-indexed,r03_region_titv,w100000_03,chr1,64797067,64897066,100000,153,2,0.007444034330546856,OK,True,
cyvcf2-indexed,r03_region_titv,w100000_03,chr1,64797067,64897066,100000,153,3,0.005262555088847876,OK,True,
cyvcf2-indexed,r03_region_titv,w100000_04,chr1,66848110,66948109,100000,83,1,0.004330586176365614,OK,True,
cyvcf2-indexed,r03_region_titv,w100000_04,chr1,66848110,66948109,100000,83,2,0.004428470972925425,OK,True,
cyvcf2-indexed,r03_region_titv,w100000_04,chr1,66848110,66948109,100000,83,3,0.004402721766382456,OK,True,
cyvcf2-indexed,r03_region_titv,w100000_05,chr1,58175965,58275964,100000,181,1,0.005077998153865337,OK,True,
cyvcf2-indexed,r03_region_titv,w100000_05,chr1,58175965,58275964,100000,181,2,0.0049954927526414394,OK,True,
cyvcf2-indexed,r03_region_titv,w100000_05,chr1,58175965,58275964,100000,181,3,0.00518889632076025,OK,True,
cyvcf2-indexed,r03_region_titv,w100000_06,chr1,41567443,41667442,100000,142,1,0.004963963758200407,OK,True,
cyvcf2-indexed,r03_region_titv,w100000_06,chr1,41567443,41667442,100000,142,2,0.004760819021612406,OK,True,
cyvcf2-indexed,r03_region_titv,w100000_06,chr1,41567443,41667442,100000,142,3,0.00458183279260993,OK,True,
cyvcf2-indexed,r03_region_titv,w100000_07,chr1,23625875,23725874,100000,143,1,0.00449141813442111,OK,True,
cyvcf2-indexed,r03_region_titv,w100000_07,chr1,23625875,23725874,100000,143,2,0.004509742837399244,OK,True,
cyvcf2-indexed,r03_region_titv,w100000_07,chr1,23625875,23725874,100000,143,3,0.005551629699766636,OK,True,
cyvcf2-indexed,r03_region_titv,w100000_08,chr1,69897964,69997963,100000,77,1,0.004256023094058037,OK,True,
cyvcf2-indexed,r03_region_titv,w100000_08,chr1,69897964,69997963,100000,77,2,0.004027076996862888,OK,True,
cyvcf2-indexed,r03_region_titv,w100000_08,chr1,69897964,69997963,100000,77,3,0.00401684595271945,OK,True,
cyvcf2-indexed,r03_region_titv,w100000_09,chr1,63664508,63764507,100000,287,1,0.0060417247004806995,OK,True,
cyvcf2-indexed,r03_region_titv,w100000_09,chr1,63664508,63764507,100000,287,2,0.0059038130566477776,OK,True,
cyvcf2-indexed,r03_region_titv,w100000_09,chr1,63664508,63764507,100000,287,3,0.006056368816643953,OK,True,
cyvcf2-indexed,r03_region_titv,w100000_10,chr1,15518874,15618873,100000,146,1,0.00478934682905674,OK,True,
cyvcf2-indexed,r03_region_titv,w100000_10,chr1,15518874,15618873,100000,146,2,0.004972121212631464,OK,True,
cyvcf2-indexed,r03_region_titv,w100000_10,chr1,15518874,15618873,100000,146,3,0.004692139104008675,OK,True,
cyvcf2-indexed,r03_region_titv,w100000_11,chr1,23996836,24096835,100000,343,1,0.0066834706813097,OK,True,
cyvcf2-indexed,r03_region_titv,w100000_11,chr1,23996836,24096835,100000,343,2,0.008834746200591326,OK,True,
cyvcf2-indexed,r03_region_titv,w100000_11,chr1,23996836,24096835,100000,343,3,0.009764431975781918,OK,True,
cyvcf2-indexed,r03_region_titv,w100000_12,chr1,56566795,56666794,100000,139,1,0.007221078034490347,OK,True,
cyvcf2-indexed,r03_region_titv,w100000_12,chr1,56566795,56666794,100000,139,2,0.007090162020176649,OK,True,
cyvcf2-indexed,r03_region_titv,w100000_12,chr1,56566795,56666794,100000,139,3,0.007118478883057833,OK,True,
cyvcf2-indexed,r03_region_titv,w100000_13,chr1,24058646,24158645,100000,214,1,0.008295583073049784,OK,True,
cyvcf2-indexed,r03_region_titv,w100000_13,chr1,24058646,24158645,100000,214,2,0.008024954702705145,OK,True,
cyvcf2-indexed,r03_region_titv,w100000_13,chr1,24058646,24158645,100000,214,3,0.008167774882167578,OK,True,
cyvcf2-indexed,r03_region_titv,w100000_14,chr1,3105927,3205926,100000,226,1,0.00816132128238678,OK,True,
cyvcf2-indexed,r03_region_titv,w100000_14,chr1,3105927,3205926,100000,226,2,0.008077641949057579,OK,True,
cyvcf2-indexed,r03_region_titv,w100000_14,chr1,3105927,3205926,100000,226,3,0.005499793216586113,OK,True,
cyvcf2-indexed,r03_region_titv,w100000_15,chr1,54865968,54965967,100000,181,1,0.00493687205016613,OK,True,
cyvcf2-indexed,r03_region_titv,w100000_15,chr1,54865968,54965967,100000,181,2,0.004926408175379038,OK,True,
cyvcf2-indexed,r03_region_titv,w100000_15,chr1,54865968,54965967,100000,181,3,0.004942518193274736,OK,True,
cyvcf2-indexed,r03_region_titv,w100000_16,chr1,58852100,58952099,100000,79,1,0.0039995573461055756,OK,True,
cyvcf2-indexed,r03_region_titv,w100000_16,chr1,58852100,58952099,100000,79,2,0.003943099174648523,OK,True,
cyvcf2-indexed,r03_region_titv,w100000_16,chr1,58852100,58952099,100000,79,3,0.0039044609293341637,OK,True,
cyvcf2-indexed,r03_region_titv,w100000_17,chr1,77570681,77670680,100000,81,1,0.003919433802366257,OK,True,
cyvcf2-indexed,r03_region_titv,w100000_17,chr1,77570681,77670680,100000,81,2,0.0038969162851572037,OK,True,
cyvcf2-indexed,r03_region_titv,w100000_17,chr1,77570681,77670680,100000,81,3,0.00393930496647954,OK,True,
cyvcf2-indexed,r03_region_titv,w100000_18,chr1,66388887,66488886,100000,196,1,0.004986635874956846,OK,True,
cyvcf2-indexed,r03_region_titv,w100000_18,chr1,66388887,66488886,100000,196,2,0.005005309823900461,OK,True,
cyvcf2-indexed,r03_region_titv,w100000_18,chr1,66388887,66488886,100000,196,3,0.005016614682972431,OK,True,
cyvcf2-indexed,r03_region_titv,w100000_19,chr1,5319806,5419805,100000,87,1,0.004086744971573353,OK,True,
cyvcf2-indexed,r03_region_titv,w100000_19,chr1,5319806,5419805,100000,87,2,0.004065870773047209,OK,True,
cyvcf2-indexed,r03_region_titv,w100000_19,chr1,5319806,5419805,100000,87,3,0.004039805848151445,OK,True,
cyvcf2-indexed,r03_region_titv,w1000000_00,chr1,42846822,43846821,1000000,1112,1,0.012855272274464369,OK,True,
cyvcf2-indexed,r03_region_titv,w1000000_00,chr1,42846822,43846821,1000000,1112,2,0.013389747124165297,OK,True,
cyvcf2-indexed,r03_region_titv,w1000000_00,chr1,42846822,43846821,1000000,1112,3,0.013261964078992605,OK,True,
cyvcf2-indexed,r03_region_titv,w1000000_01,chr1,9034070,10034069,1000000,1143,1,0.013895479030907154,OK,True,
cyvcf2-indexed,r03_region_titv,w1000000_01,chr1,9034070,10034069,1000000,1143,2,0.015596597921103239,OK,True,
cyvcf2-indexed,r03_region_titv,w1000000_01,chr1,9034070,10034069,1000000,1143,3,0.014943780843168497,OK,True,
cyvcf2-indexed,r03_region_titv,w1000000_02,chr1,54809885,55809884,1000000,1670,1,0.017795722000300884,OK,True,
cyvcf2-indexed,r03_region_titv,w1000000_02,chr1,54809885,55809884,1000000,1670,2,0.017870699986815453,OK,True,
cyvcf2-indexed,r03_region_titv,w1000000_02,chr1,54809885,55809884,1000000,1670,3,0.01787174167111516,OK,True,
cyvcf2-indexed,r03_region_titv,w1000000_03,chr1,55795141,56795140,1000000,1824,1,0.019559151958674192,OK,True,
cyvcf2-indexed,r03_region_titv,w1000000_03,chr1,55795141,56795140,1000000,1824,2,0.01922249561175704,OK,True,
cyvcf2-indexed,r03_region_titv,w1000000_03,chr1,55795141,56795140,1000000,1824,3,0.019172742031514645,OK,True,
cyvcf2-indexed,r03_region_titv,w1000000_04,chr1,11734309,12734308,1000000,950,1,0.01186941098421812,OK,True,
cyvcf2-indexed,r03_region_titv,w1000000_04,chr1,11734309,12734308,1000000,950,2,0.011798299383372068,OK,True,
cyvcf2-indexed,r03_region_titv,w1000000_04,chr1,11734309,12734308,1000000,950,3,0.01166069507598877,OK,True,
cyvcf2-indexed,r03_region_titv,w1000000_05,chr1,28814643,29814642,1000000,1348,1,0.01525040902197361,OK,True,
cyvcf2-indexed,r03_region_titv,w1000000_05,chr1,28814643,29814642,1000000,1348,2,0.015645442996174097,OK,True,
cyvcf2-indexed,r03_region_titv,w1000000_05,chr1,28814643,29814642,1000000,1348,3,0.015279300045222044,OK,True,
cyvcf2-indexed,r03_region_titv,w1000000_06,chr1,47354520,48354519,1000000,1253,1,0.0144758359529078,OK,True,
cyvcf2-indexed,r03_region_titv,w1000000_06,chr1,47354520,48354519,1000000,1253,2,0.014716264326125383,OK,True,
cyvcf2-indexed,r03_region_titv,w1000000_06,chr1,47354520,48354519,1000000,1253,3,0.014510494191199541,OK,True,
cyvcf2-indexed,r03_region_titv,w1000000_07,chr1,35782931,36782930,1000000,868,1,0.011635174043476582,OK,True,
cyvcf2-indexed,r03_region_titv,w1000000_07,chr1,35782931,36782930,1000000,868,2,0.011252912692725658,OK,True,
cyvcf2-indexed,r03_region_titv,w1000000_07,chr1,35782931,36782930,1000000,868,3,0.011822443921118975,OK,True,
cyvcf2-indexed,r03_region_titv,w1000000_08,chr1,5611726,6611725,1000000,1261,1,0.015629283152520657,OK,True,
cyvcf2-indexed,r03_region_titv,w1000000_08,chr1,5611726,6611725,1000000,1261,2,0.01459543127566576,OK,True,
cyvcf2-indexed,r03_region_titv,w1000000_08,chr1,5611726,6611725,1000000,1261,3,0.014777867123484612,OK,True,
cyvcf2-indexed,r03_region_titv,w1000000_09,chr1,17930348,18930347,1000000,1491,1,0.01631192723289132,OK,True,
cyvcf2-indexed,r03_region_titv,w1000000_09,chr1,17930348,18930347,1000000,1491,2,0.017567325849086046,OK,True,
cyvcf2-indexed,r03_region_titv,w1000000_09,chr1,17930348,18930347,1000000,1491,3,0.01708589307963848,OK,True,
cyvcf2-indexed,r03_region_titv,w1000000_10,chr1,58656617,59656616,1000000,1262,1,0.0148446811363101,OK,True,
cyvcf2-indexed,r03_region_titv,w1000000_10,chr1,58656617,59656616,1000000,1262,2,0.01474774070084095,OK,True,
cyvcf2-indexed,r03_region_titv,w1000000_10,chr1,58656617,59656616,1000000,1262,3,0.014683634974062443,OK,True,
cyvcf2-indexed,r03_region_titv,w1000000_11,chr1,20579658,21579657,1000000,1246,1,0.01440020790323615,OK,True,
cyvcf2-indexed,r03_region_titv,w1000000_11,chr1,20579658,21579657,1000000,1246,2,0.014333981089293957,OK,True,
cyvcf2-indexed,r03_region_titv,w1000000_11,chr1,20579658,21579657,1000000,1246,3,0.016196175012737513,OK,True,
cyvcf2-indexed,r03_region_titv,w1000000_12,chr1,66774094,67774093,1000000,1548,1,0.01691002259030938,OK,True,
cyvcf2-indexed,r03_region_titv,w1000000_12,chr1,66774094,67774093,1000000,1548,2,0.016795362811535597,OK,True,
cyvcf2-indexed,r03_region_titv,w1000000_12,chr1,66774094,67774093,1000000,1548,3,0.017070476431399584,OK,True,
cyvcf2-indexed,r03_region_titv,w1000000_13,chr1,53330427,54330426,1000000,1337,1,0.015310847666114569,OK,True,
cyvcf2-indexed,r03_region_titv,w1000000_13,chr1,53330427,54330426,1000000,1337,2,0.015065484214574099,OK,True,
cyvcf2-indexed,r03_region_titv,w1000000_13,chr1,53330427,54330426,1000000,1337,3,0.014915275853127241,OK,True,
cyvcf2-indexed,r03_region_titv,w1000000_14,chr1,34457222,35457221,1000000,1194,1,0.013801591005176306,OK,True,
cyvcf2-indexed,r03_region_titv,w1000000_14,chr1,34457222,35457221,1000000,1194,2,0.014164515770971775,OK,True,
cyvcf2-indexed,r03_region_titv,w1000000_14,chr1,34457222,35457221,1000000,1194,3,0.013698771130293608,OK,True,
cyvcf2-indexed,r03_region_titv,w1000000_15,chr1,6173132,7173131,1000000,906,1,0.011140257120132446,OK,True,
cyvcf2-indexed,r03_region_titv,w1000000_15,chr1,6173132,7173131,1000000,906,2,0.011048069689422846,OK,True,
cyvcf2-indexed,r03_region_titv,w1000000_15,chr1,6173132,7173131,1000000,906,3,0.011211864650249481,OK,True,
cyvcf2-indexed,r03_region_titv,w1000000_16,chr1,34054184,35054183,1000000,1668,1,0.01795151922851801,OK,True,
cyvcf2-indexed,r03_region_titv,w1000000_16,chr1,34054184,35054183,1000000,1668,2,0.017778232228010893,OK,True,
cyvcf2-indexed,r03_region_titv,w1000000_16,chr1,34054184,35054183,1000000,1668,3,0.017884557601064444,OK,True,
cyvcf2-indexed,r03_region_titv,w1000000_17,chr1,15193776,16193775,1000000,1521,1,0.016487018205225468,OK,True,
cyvcf2-indexed,r03_region_titv,w1000000_17,chr1,15193776,16193775,1000000,1521,2,0.016749256756156683,OK,True,
cyvcf2-indexed,r03_region_titv,w1000000_17,chr1,15193776,16193775,1000000,1521,3,0.01653584511950612,OK,True,
cyvcf2-indexed,r03_region_titv,w1000000_18,chr1,43583485,44583484,1000000,1108,1,0.012920259963721037,OK,True,
cyvcf2-indexed,r03_region_titv,w1000000_18,chr1,43583485,44583484,1000000,1108,2,0.013049290049821138,OK,True,
cyvcf2-indexed,r03_region_titv,w1000000_18,chr1,43583485,44583484,1000000,1108,3,0.013299826998263597,OK,True,
cyvcf2-indexed,r03_region_titv,w1000000_19,chr1,58570714,59570713,1000000,1451,1,0.016537806019186974,OK,True,
cyvcf2-indexed,r03_region_titv,w1000000_19,chr1,58570714,59570713,1000000,1451,2,0.01607697084546089,OK,True,
cyvcf2-indexed,r03_region_titv,w1000000_19,chr1,58570714,59570713,1000000,1451,3,0.016490360721945763,OK,True,
cyvcf2-indexed,r03_region_titv,w10000000_00,chr1,36023355,46023354,10000000,11510,1,0.10202886117622256,OK,True,
cyvcf2-indexed,r03_region_titv,w10000000_00,chr1,36023355,46023354,10000000,11510,2,0.10261536296457052,OK,True,
cyvcf2-indexed,r03_region_titv,w10000000_00,chr1,36023355,46023354,10000000,11510,3,0.103185148909688,OK,True,
cyvcf2-indexed,r03_region_titv,w10000000_01,chr1,57527385,67527384,10000000,14820,1,0.1308600939810276,OK,True,
cyvcf2-indexed,r03_region_titv,w10000000_01,chr1,57527385,67527384,10000000,14820,2,0.13088799268007278,OK,True,
cyvcf2-indexed,r03_region_titv,w10000000_01,chr1,57527385,67527384,10000000,14820,3,0.13669120194390416,OK,True,
cyvcf2-indexed,r03_region_titv,w10000000_02,chr1,63680811,73680810,10000000,13676,1,0.12118005892261863,OK,True,
cyvcf2-indexed,r03_region_titv,w10000000_02,chr1,63680811,73680810,10000000,13676,2,0.12111783400177956,OK,True,
cyvcf2-indexed,r03_region_titv,w10000000_02,chr1,63680811,73680810,10000000,13676,3,0.12029755627736449,OK,True,
cyvcf2-indexed,r03_region_titv,w10000000_03,chr1,53679378,63679377,10000000,14787,1,0.13265861803665757,OK,True,
cyvcf2-indexed,r03_region_titv,w10000000_03,chr1,53679378,63679377,10000000,14787,2,0.14267398230731487,OK,True,
cyvcf2-indexed,r03_region_titv,w10000000_03,chr1,53679378,63679377,10000000,14787,3,0.1361043401993811,OK,True,
cyvcf2-indexed,r03_region_titv,w10000000_04,chr1,60690498,70690497,10000000,14398,1,0.1310036680661142,OK,True,
cyvcf2-indexed,r03_region_titv,w10000000_04,chr1,60690498,70690497,10000000,14398,2,0.12770324712619185,OK,True,
cyvcf2-indexed,r03_region_titv,w10000000_04,chr1,60690498,70690497,10000000,14398,3,0.12902181269600987,OK,True,
cyvcf2-indexed,r03_region_titv,w10000000_05,chr1,47428546,57428545,10000000,11289,1,0.10459199687466025,OK,True,
cyvcf2-indexed,r03_region_titv,w10000000_05,chr1,47428546,57428545,10000000,11289,2,0.1055369907990098,OK,True,
cyvcf2-indexed,r03_region_titv,w10000000_05,chr1,47428546,57428545,10000000,11289,3,0.1062732208520174,OK,True,
cyvcf2-indexed,r03_region_titv,w10000000_06,chr1,22030736,32030735,10000000,12991,1,0.12286915024742484,OK,True,
cyvcf2-indexed,r03_region_titv,w10000000_06,chr1,22030736,32030735,10000000,12991,2,0.11840650392696261,OK,True,
cyvcf2-indexed,r03_region_titv,w10000000_06,chr1,22030736,32030735,10000000,12991,3,0.11863858392462134,OK,True,
cyvcf2-indexed,r03_region_titv,w10000000_07,chr1,34252401,44252400,10000000,11717,1,0.10516183217987418,OK,True,
cyvcf2-indexed,r03_region_titv,w10000000_07,chr1,34252401,44252400,10000000,11717,2,0.11041946103796363,OK,True,
cyvcf2-indexed,r03_region_titv,w10000000_07,chr1,34252401,44252400,10000000,11717,3,0.10825774725526571,OK,True,
cyvcf2-indexed,r03_region_titv,w10000000_08,chr1,58528508,68528507,10000000,14502,1,0.12778447289019823,OK,True,
cyvcf2-indexed,r03_region_titv,w10000000_08,chr1,58528508,68528507,10000000,14502,2,0.12786867702379823,OK,True,
cyvcf2-indexed,r03_region_titv,w10000000_08,chr1,58528508,68528507,10000000,14502,3,0.12884699925780296,OK,True,
cyvcf2-indexed,r03_region_titv,w10000000_09,chr1,51917411,61917410,10000000,13900,1,0.13024008506909013,OK,True,
cyvcf2-indexed,r03_region_titv,w10000000_09,chr1,51917411,61917410,10000000,13900,2,0.127998948097229,OK,True,
cyvcf2-indexed,r03_region_titv,w10000000_09,chr1,51917411,61917410,10000000,13900,3,0.1267538252286613,OK,True,
cyvcf2-indexed,r03_region_titv,w10000000_10,chr1,17106918,27106917,10000000,14199,1,0.13030262989923358,OK,True,
cyvcf2-indexed,r03_region_titv,w10000000_10,chr1,17106918,27106917,10000000,14199,2,0.12425350211560726,OK,True,
cyvcf2-indexed,r03_region_titv,w10000000_10,chr1,17106918,27106917,10000000,14199,3,0.1261955169029534,OK,True,
cyvcf2-indexed,r03_region_titv,w10000000_11,chr1,43275553,53275552,10000000,9415,1,0.08479529432952404,OK,True,
cyvcf2-indexed,r03_region_titv,w10000000_11,chr1,43275553,53275552,10000000,9415,2,0.08460324304178357,OK,True,
cyvcf2-indexed,r03_region_titv,w10000000_11,chr1,43275553,53275552,10000000,9415,3,0.08652387000620365,OK,True,
cyvcf2-indexed,r03_region_titv,w10000000_12,chr1,75394691,85394690,10000000,3288,1,0.031749214977025986,OK,True,
cyvcf2-indexed,r03_region_titv,w10000000_12,chr1,75394691,85394690,10000000,3288,2,0.03160561202093959,OK,True,
cyvcf2-indexed,r03_region_titv,w10000000_12,chr1,75394691,85394690,10000000,3288,3,0.03151922393590212,OK,True,
cyvcf2-indexed,r03_region_titv,w10000000_13,chr1,40866716,50866715,10000000,10786,1,0.09592279698699713,OK,True,
cyvcf2-indexed,r03_region_titv,w10000000_13,chr1,40866716,50866715,10000000,10786,2,0.09592345776036382,OK,True,
cyvcf2-indexed,r03_region_titv,w10000000_13,chr1,40866716,50866715,10000000,10786,3,0.09625461790710688,OK,True,
cyvcf2-indexed,r03_region_titv,w10000000_14,chr1,54182280,64182279,10000000,14941,1,0.1330090556293726,OK,True,
cyvcf2-indexed,r03_region_titv,w10000000_14,chr1,54182280,64182279,10000000,14941,2,0.13232270628213882,OK,True,
cyvcf2-indexed,r03_region_titv,w10000000_14,chr1,54182280,64182279,10000000,14941,3,0.13106321403756738,OK,True,
cyvcf2-indexed,r03_region_titv,w10000000_15,chr1,22053178,32053177,10000000,12910,1,0.11395265581086278,OK,True,
cyvcf2-indexed,r03_region_titv,w10000000_15,chr1,22053178,32053177,10000000,12910,2,0.11346093798056245,OK,True,
cyvcf2-indexed,r03_region_titv,w10000000_15,chr1,22053178,32053177,10000000,12910,3,0.11551309004426003,OK,True,
cyvcf2-indexed,r03_region_titv,w10000000_16,chr1,65680356,75680355,10000000,13295,1,0.11716650612652302,OK,True,
cyvcf2-indexed,r03_region_titv,w10000000_16,chr1,65680356,75680355,10000000,13295,2,0.11646461812779307,OK,True,
cyvcf2-indexed,r03_region_titv,w10000000_16,chr1,65680356,75680355,10000000,13295,3,0.11629387270659208,OK,True,
cyvcf2-indexed,r03_region_titv,w10000000_17,chr1,30270070,40270069,10000000,12583,1,0.11065076477825642,OK,True,
cyvcf2-indexed,r03_region_titv,w10000000_17,chr1,30270070,40270069,10000000,12583,2,0.11172760277986526,OK,True,
cyvcf2-indexed,r03_region_titv,w10000000_17,chr1,30270070,40270069,10000000,12583,3,0.11110242828726768,OK,True,
cyvcf2-indexed,r03_region_titv,w10000000_18,chr1,42283662,52283661,10000000,9628,1,0.08630112372338772,OK,True,
cyvcf2-indexed,r03_region_titv,w10000000_18,chr1,42283662,52283661,10000000,9628,2,0.08585333125665784,OK,True,
cyvcf2-indexed,r03_region_titv,w10000000_18,chr1,42283662,52283661,10000000,9628,3,0.08577631693333387,OK,True,
cyvcf2-indexed,r03_region_titv,w10000000_19,chr1,61622305,71622304,10000000,14407,1,0.12575977807864547,OK,True,
cyvcf2-indexed,r03_region_titv,w10000000_19,chr1,61622305,71622304,10000000,14407,2,0.12645285995677114,OK,True,
cyvcf2-indexed,r03_region_titv,w10000000_19,chr1,61622305,71622304,10000000,14407,3,0.1273766690865159,OK,True,
cyvcf2-indexed,r04_region_filter_distribution,w1000_00,chr1,23894831,23895830,1000,10,1,0.0036896802484989166,OK,True,
cyvcf2-indexed,r04_region_filter_distribution,w1000_00,chr1,23894831,23895830,1000,10,2,0.0035032429732382298,OK,True,
cyvcf2-indexed,r04_region_filter_distribution,w1000_00,chr1,23894831,23895830,1000,10,3,0.003385521937161684,OK,True,
cyvcf2-indexed,r04_region_filter_distribution,w1000_01,chr1,37268328,37269327,1000,1,1,0.003235118929296732,OK,True,
cyvcf2-indexed,r04_region_filter_distribution,w1000_01,chr1,37268328,37269327,1000,1,2,0.003219250589609146,OK,True,
cyvcf2-indexed,r04_region_filter_distribution,w1000_01,chr1,37268328,37269327,1000,1,3,0.0032005649991333485,OK,True,
cyvcf2-indexed,r04_region_filter_distribution,w1000_02,chr1,42471294,42472293,1000,2,1,0.0031537828035652637,OK,True,
cyvcf2-indexed,r04_region_filter_distribution,w1000_02,chr1,42471294,42472293,1000,2,2,0.003150748088955879,OK,True,
cyvcf2-indexed,r04_region_filter_distribution,w1000_02,chr1,42471294,42472293,1000,2,3,0.0031422078609466553,OK,True,
cyvcf2-indexed,r04_region_filter_distribution,w1000_03,chr1,19972624,19973623,1000,4,1,0.0031777936965227127,OK,True,
cyvcf2-indexed,r04_region_filter_distribution,w1000_03,chr1,19972624,19973623,1000,4,2,0.0031422567553818226,OK,True,
cyvcf2-indexed,r04_region_filter_distribution,w1000_03,chr1,19972624,19973623,1000,4,3,0.003156812861561775,OK,True,
cyvcf2-indexed,r04_region_filter_distribution,w1000_04,chr1,65925426,65926425,1000,2,1,0.0031645987182855606,OK,True,
cyvcf2-indexed,r04_region_filter_distribution,w1000_04,chr1,65925426,65926425,1000,2,2,0.0031377822160720825,OK,True,
cyvcf2-indexed,r04_region_filter_distribution,w1000_04,chr1,65925426,65926425,1000,2,3,0.003177318722009659,OK,True,
cyvcf2-indexed,r04_region_filter_distribution,w1000_05,chr1,54878472,54879471,1000,2,1,0.003186090849339962,OK,True,
cyvcf2-indexed,r04_region_filter_distribution,w1000_05,chr1,54878472,54879471,1000,2,2,0.0031658951193094254,OK,True,
cyvcf2-indexed,r04_region_filter_distribution,w1000_05,chr1,54878472,54879471,1000,2,3,0.0031931200064718723,OK,True,
cyvcf2-indexed,r04_region_filter_distribution,w1000_06,chr1,54724268,54725267,1000,9,1,0.0032436978071928024,OK,True,
cyvcf2-indexed,r04_region_filter_distribution,w1000_06,chr1,54724268,54725267,1000,9,2,0.0032674097456038,OK,True,
cyvcf2-indexed,r04_region_filter_distribution,w1000_06,chr1,54724268,54725267,1000,9,3,0.003247226122766733,OK,True,
cyvcf2-indexed,r04_region_filter_distribution,w1000_07,chr1,50226603,50227602,1000,3,1,0.0032461117953062057,OK,True,
cyvcf2-indexed,r04_region_filter_distribution,w1000_07,chr1,50226603,50227602,1000,3,2,0.0032128402963280678,OK,True,
cyvcf2-indexed,r04_region_filter_distribution,w1000_07,chr1,50226603,50227602,1000,3,3,0.00319385202601552,OK,True,
cyvcf2-indexed,r04_region_filter_distribution,w1000_08,chr1,5558122,5559121,1000,2,1,0.0031499266624450684,OK,True,
cyvcf2-indexed,r04_region_filter_distribution,w1000_08,chr1,5558122,5559121,1000,2,2,0.003134419210255146,OK,True,
cyvcf2-indexed,r04_region_filter_distribution,w1000_08,chr1,5558122,5559121,1000,2,3,0.0031926999799907207,OK,True,
cyvcf2-indexed,r04_region_filter_distribution,w1000_09,chr1,21979241,21980240,1000,15,1,0.0033392817713320255,OK,True,
cyvcf2-indexed,r04_region_filter_distribution,w1000_09,chr1,21979241,21980240,1000,15,2,0.0033591059036552906,OK,True,
cyvcf2-indexed,r04_region_filter_distribution,w1000_09,chr1,21979241,21980240,1000,15,3,0.00333308894187212,OK,True,
cyvcf2-indexed,r04_region_filter_distribution,w1000_10,chr1,58250107,58251106,1000,2,1,0.0031458591111004353,OK,True,
cyvcf2-indexed,r04_region_filter_distribution,w1000_10,chr1,58250107,58251106,1000,2,2,0.0031598908826708794,OK,True,
cyvcf2-indexed,r04_region_filter_distribution,w1000_10,chr1,58250107,58251106,1000,2,3,0.0031257732771337032,OK,True,
cyvcf2-indexed,r04_region_filter_distribution,w1000_11,chr1,33820268,33821267,1000,1,1,0.0031442209146916866,OK,True,
cyvcf2-indexed,r04_region_filter_distribution,w1000_11,chr1,33820268,33821267,1000,1,2,0.0031608729623258114,OK,True,
cyvcf2-indexed,r04_region_filter_distribution,w1000_11,chr1,33820268,33821267,1000,1,3,0.003155882004648447,OK,True,
cyvcf2-indexed,r04_region_filter_distribution,w1000_12,chr1,74268898,74269897,1000,4,1,0.0031435219570994377,OK,True,
cyvcf2-indexed,r04_region_filter_distribution,w1000_12,chr1,74268898,74269897,1000,4,2,0.0031639100052416325,OK,True,
cyvcf2-indexed,r04_region_filter_distribution,w1000_12,chr1,74268898,74269897,1000,4,3,0.003152227960526943,OK,True,
cyvcf2-indexed,r04_region_filter_distribution,w1000_13,chr1,58011340,58012339,1000,3,1,0.0031685112044215202,OK,True,
cyvcf2-indexed,r04_region_filter_distribution,w1000_13,chr1,58011340,58012339,1000,3,2,0.0031849220395088196,OK,True,
cyvcf2-indexed,r04_region_filter_distribution,w1000_13,chr1,58011340,58012339,1000,3,3,0.0031518968753516674,OK,True,
cyvcf2-indexed,r04_region_filter_distribution,w1000_14,chr1,55322618,55323617,1000,2,1,0.0031497757881879807,OK,True,
cyvcf2-indexed,r04_region_filter_distribution,w1000_14,chr1,55322618,55323617,1000,2,2,0.0031616040505468845,OK,True,
cyvcf2-indexed,r04_region_filter_distribution,w1000_14,chr1,55322618,55323617,1000,2,3,0.0031567909754812717,OK,True,
cyvcf2-indexed,r04_region_filter_distribution,w1000_15,chr1,58597811,58598810,1000,2,1,0.0032100509852170944,OK,True,
cyvcf2-indexed,r04_region_filter_distribution,w1000_15,chr1,58597811,58598810,1000,2,2,0.0031969337724149227,OK,True,
cyvcf2-indexed,r04_region_filter_distribution,w1000_15,chr1,58597811,58598810,1000,2,3,0.0031979940831661224,OK,True,
cyvcf2-indexed,r04_region_filter_distribution,w1000_16,chr1,61942877,61943876,1000,1,1,0.0031739622354507446,OK,True,
cyvcf2-indexed,r04_region_filter_distribution,w1000_16,chr1,61942877,61943876,1000,1,2,0.003202493768185377,OK,True,
cyvcf2-indexed,r04_region_filter_distribution,w1000_16,chr1,61942877,61943876,1000,1,3,0.0032710381783545017,OK,True,
cyvcf2-indexed,r04_region_filter_distribution,w1000_17,chr1,74952903,74953902,1000,2,1,0.0033172047697007656,OK,True,
cyvcf2-indexed,r04_region_filter_distribution,w1000_17,chr1,74952903,74953902,1000,2,2,0.0033273878507316113,OK,True,
cyvcf2-indexed,r04_region_filter_distribution,w1000_17,chr1,74952903,74953902,1000,2,3,0.0033188490197062492,OK,True,
cyvcf2-indexed,r04_region_filter_distribution,w1000_18,chr1,10920022,10921021,1000,7,1,0.0033651553094387054,OK,True,
cyvcf2-indexed,r04_region_filter_distribution,w1000_18,chr1,10920022,10921021,1000,7,2,0.0033464268781244755,OK,True,
cyvcf2-indexed,r04_region_filter_distribution,w1000_18,chr1,10920022,10921021,1000,7,3,0.003290739841759205,OK,True,
cyvcf2-indexed,r04_region_filter_distribution,w1000_19,chr1,54064366,54065365,1000,1,1,0.0032391194254159927,OK,True,
cyvcf2-indexed,r04_region_filter_distribution,w1000_19,chr1,54064366,54065365,1000,1,2,0.0032338323071599007,OK,True,
cyvcf2-indexed,r04_region_filter_distribution,w1000_19,chr1,54064366,54065365,1000,1,3,0.00324469106271863,OK,True,
cyvcf2-indexed,r04_region_filter_distribution,w100000_00,chr1,76042312,76142311,100000,132,1,0.004416594281792641,OK,True,
cyvcf2-indexed,r04_region_filter_distribution,w100000_00,chr1,76042312,76142311,100000,132,2,0.004365301690995693,OK,True,
cyvcf2-indexed,r04_region_filter_distribution,w100000_00,chr1,76042312,76142311,100000,132,3,0.004364306107163429,OK,True,
cyvcf2-indexed,r04_region_filter_distribution,w100000_01,chr1,26177705,26277704,100000,141,1,0.004400215111672878,OK,True,
cyvcf2-indexed,r04_region_filter_distribution,w100000_01,chr1,26177705,26277704,100000,141,2,0.0043932246044278145,OK,True,
cyvcf2-indexed,r04_region_filter_distribution,w100000_01,chr1,26177705,26277704,100000,141,3,0.004372613038867712,OK,True,
cyvcf2-indexed,r04_region_filter_distribution,w100000_02,chr1,76668322,76768321,100000,131,1,0.0042723482474684715,OK,True,
cyvcf2-indexed,r04_region_filter_distribution,w100000_02,chr1,76668322,76768321,100000,131,2,0.004301456734538078,OK,True,
cyvcf2-indexed,r04_region_filter_distribution,w100000_02,chr1,76668322,76768321,100000,131,3,0.0042965891771018505,OK,True,
cyvcf2-indexed,r04_region_filter_distribution,w100000_03,chr1,64797067,64897066,100000,153,1,0.004490416031330824,OK,True,
cyvcf2-indexed,r04_region_filter_distribution,w100000_03,chr1,64797067,64897066,100000,153,2,0.004480224102735519,OK,True,
cyvcf2-indexed,r04_region_filter_distribution,w100000_03,chr1,64797067,64897066,100000,153,3,0.004455780144780874,OK,True,
cyvcf2-indexed,r04_region_filter_distribution,w100000_04,chr1,66848110,66948109,100000,83,1,0.0038743088953197002,OK,True,
cyvcf2-indexed,r04_region_filter_distribution,w100000_04,chr1,66848110,66948109,100000,83,2,0.003868524916470051,OK,True,
cyvcf2-indexed,r04_region_filter_distribution,w100000_04,chr1,66848110,66948109,100000,83,3,0.0038711819797754288,OK,True,
cyvcf2-indexed,r04_region_filter_distribution,w100000_05,chr1,58175965,58275964,100000,181,1,0.004716860596090555,OK,True,
cyvcf2-indexed,r04_region_filter_distribution,w100000_05,chr1,58175965,58275964,100000,181,2,0.004719791933894157,OK,True,
cyvcf2-indexed,r04_region_filter_distribution,w100000_05,chr1,58175965,58275964,100000,181,3,0.004741880111396313,OK,True,
cyvcf2-indexed,r04_region_filter_distribution,w100000_06,chr1,41567443,41667442,100000,142,1,0.004384865052998066,OK,True,
cyvcf2-indexed,r04_region_filter_distribution,w100000_06,chr1,41567443,41667442,100000,142,2,0.004374832380563021,OK,True,
cyvcf2-indexed,r04_region_filter_distribution,w100000_06,chr1,41567443,41667442,100000,142,3,0.004435261245816946,OK,True,
cyvcf2-indexed,r04_region_filter_distribution,w100000_07,chr1,23625875,23725874,100000,143,1,0.004483578260987997,OK,True,
cyvcf2-indexed,r04_region_filter_distribution,w100000_07,chr1,23625875,23725874,100000,143,2,0.0044955420307815075,OK,True,
cyvcf2-indexed,r04_region_filter_distribution,w100000_07,chr1,23625875,23725874,100000,143,3,0.004489900078624487,OK,True,
cyvcf2-indexed,r04_region_filter_distribution,w100000_08,chr1,69897964,69997963,100000,77,1,0.003906946163624525,OK,True,
cyvcf2-indexed,r04_region_filter_distribution,w100000_08,chr1,69897964,69997963,100000,77,2,0.003899417817592621,OK,True,
cyvcf2-indexed,r04_region_filter_distribution,w100000_08,chr1,69897964,69997963,100000,77,3,0.0038900929503142834,OK,True,
cyvcf2-indexed,r04_region_filter_distribution,w100000_09,chr1,63664508,63764507,100000,287,1,0.005846058018505573,OK,True,
cyvcf2-indexed,r04_region_filter_distribution,w100000_09,chr1,63664508,63764507,100000,287,2,0.005807140842080116,OK,True,
cyvcf2-indexed,r04_region_filter_distribution,w100000_09,chr1,63664508,63764507,100000,287,3,0.005820163059979677,OK,True,
cyvcf2-indexed,r04_region_filter_distribution,w100000_10,chr1,15518874,15618873,100000,146,1,0.004454928915947676,OK,True,
cyvcf2-indexed,r04_region_filter_distribution,w100000_10,chr1,15518874,15618873,100000,146,2,0.004426849074661732,OK,True,
cyvcf2-indexed,r04_region_filter_distribution,w100000_10,chr1,15518874,15618873,100000,146,3,0.00440907571464777,OK,True,
cyvcf2-indexed,r04_region_filter_distribution,w100000_11,chr1,23996836,24096835,100000,343,1,0.006152649875730276,OK,True,
cyvcf2-indexed,r04_region_filter_distribution,w100000_11,chr1,23996836,24096835,100000,343,2,0.006312791723757982,OK,True,
cyvcf2-indexed,r04_region_filter_distribution,w100000_11,chr1,23996836,24096835,100000,343,3,0.006344405934214592,OK,True,
cyvcf2-indexed,r04_region_filter_distribution,w100000_12,chr1,56566795,56666794,100000,139,1,0.004511456936597824,OK,True,
cyvcf2-indexed,r04_region_filter_distribution,w100000_12,chr1,56566795,56666794,100000,139,2,0.004490577150136232,OK,True,
cyvcf2-indexed,r04_region_filter_distribution,w100000_12,chr1,56566795,56666794,100000,139,3,0.004459453281015158,OK,True,
cyvcf2-indexed,r04_region_filter_distribution,w100000_13,chr1,24058646,24158645,100000,214,1,0.005176149774342775,OK,True,
cyvcf2-indexed,r04_region_filter_distribution,w100000_13,chr1,24058646,24158645,100000,214,2,0.00518545089289546,OK,True,
cyvcf2-indexed,r04_region_filter_distribution,w100000_13,chr1,24058646,24158645,100000,214,3,0.0051508741453289986,OK,True,
cyvcf2-indexed,r04_region_filter_distribution,w100000_14,chr1,3105927,3205926,100000,226,1,0.005123686045408249,OK,True,
cyvcf2-indexed,r04_region_filter_distribution,w100000_14,chr1,3105927,3205926,100000,226,2,0.005151040852069855,OK,True,
cyvcf2-indexed,r04_region_filter_distribution,w100000_14,chr1,3105927,3205926,100000,226,3,0.005193476099520922,OK,True,
cyvcf2-indexed,r04_region_filter_distribution,w100000_15,chr1,54865968,54965967,100000,181,1,0.004735704977065325,OK,True,
cyvcf2-indexed,r04_region_filter_distribution,w100000_15,chr1,54865968,54965967,100000,181,2,0.004759291186928749,OK,True,
cyvcf2-indexed,r04_region_filter_distribution,w100000_15,chr1,54865968,54965967,100000,181,3,0.004750682041049004,OK,True,
cyvcf2-indexed,r04_region_filter_distribution,w100000_16,chr1,58852100,58952099,100000,79,1,0.003838525153696537,OK,True,
cyvcf2-indexed,r04_region_filter_distribution,w100000_16,chr1,58852100,58952099,100000,79,2,0.003822809085249901,OK,True,
cyvcf2-indexed,r04_region_filter_distribution,w100000_16,chr1,58852100,58952099,100000,79,3,0.003831115085631609,OK,True,
cyvcf2-indexed,r04_region_filter_distribution,w100000_17,chr1,77570681,77670680,100000,81,1,0.0039045987650752068,OK,True,
cyvcf2-indexed,r04_region_filter_distribution,w100000_17,chr1,77570681,77670680,100000,81,2,0.0038692401722073555,OK,True,
cyvcf2-indexed,r04_region_filter_distribution,w100000_17,chr1,77570681,77670680,100000,81,3,0.0038837692700326443,OK,True,
cyvcf2-indexed,r04_region_filter_distribution,w100000_18,chr1,66388887,66488886,100000,196,1,0.00486365519464016,OK,True,
cyvcf2-indexed,r04_region_filter_distribution,w100000_18,chr1,66388887,66488886,100000,196,2,0.004844184964895248,OK,True,
cyvcf2-indexed,r04_region_filter_distribution,w100000_18,chr1,66388887,66488886,100000,196,3,0.0048284148797392845,OK,True,
cyvcf2-indexed,r04_region_filter_distribution,w100000_19,chr1,5319806,5419805,100000,87,1,0.00397925591096282,OK,True,
cyvcf2-indexed,r04_region_filter_distribution,w100000_19,chr1,5319806,5419805,100000,87,2,0.003980820067226887,OK,True,
cyvcf2-indexed,r04_region_filter_distribution,w100000_19,chr1,5319806,5419805,100000,87,3,0.003967237193137407,OK,True,
cyvcf2-indexed,r04_region_filter_distribution,w1000000_00,chr1,42846822,43846821,1000000,1112,1,0.012623310089111328,OK,True,
cyvcf2-indexed,r04_region_filter_distribution,w1000000_00,chr1,42846822,43846821,1000000,1112,2,0.012741887010633945,OK,True,
cyvcf2-indexed,r04_region_filter_distribution,w1000000_00,chr1,42846822,43846821,1000000,1112,3,0.012817124836146832,OK,True,
cyvcf2-indexed,r04_region_filter_distribution,w1000000_01,chr1,9034070,10034069,1000000,1143,1,0.013448906131088734,OK,True,
cyvcf2-indexed,r04_region_filter_distribution,w1000000_01,chr1,9034070,10034069,1000000,1143,2,0.013469831086695194,OK,True,
cyvcf2-indexed,r04_region_filter_distribution,w1000000_01,chr1,9034070,10034069,1000000,1143,3,0.013454267755150795,OK,True,
cyvcf2-indexed,r04_region_filter_distribution,w1000000_02,chr1,54809885,55809884,1000000,1670,1,0.017737711314111948,OK,True,
cyvcf2-indexed,r04_region_filter_distribution,w1000000_02,chr1,54809885,55809884,1000000,1670,2,0.017616589087992907,OK,True,
cyvcf2-indexed,r04_region_filter_distribution,w1000000_02,chr1,54809885,55809884,1000000,1670,3,0.01757022412493825,OK,True,
cyvcf2-indexed,r04_region_filter_distribution,w1000000_03,chr1,55795141,56795140,1000000,1824,1,0.018921613693237305,OK,True,
cyvcf2-indexed,r04_region_filter_distribution,w1000000_03,chr1,55795141,56795140,1000000,1824,2,0.01898544793948531,OK,True,
cyvcf2-indexed,r04_region_filter_distribution,w1000000_03,chr1,55795141,56795140,1000000,1824,3,0.019176220055669546,OK,True,
cyvcf2-indexed,r04_region_filter_distribution,w1000000_04,chr1,11734309,12734308,1000000,950,1,0.011689921841025352,OK,True,
cyvcf2-indexed,r04_region_filter_distribution,w1000000_04,chr1,11734309,12734308,1000000,950,2,0.011652048211544752,OK,True,
cyvcf2-indexed,r04_region_filter_distribution,w1000000_04,chr1,11734309,12734308,1000000,950,3,0.01161395013332367,OK,True,
cyvcf2-indexed,r04_region_filter_distribution,w1000000_05,chr1,28814643,29814642,1000000,1348,1,0.015046704094856977,OK,True,
cyvcf2-indexed,r04_region_filter_distribution,w1000000_05,chr1,28814643,29814642,1000000,1348,2,0.015126058831810951,OK,True,
cyvcf2-indexed,r04_region_filter_distribution,w1000000_05,chr1,28814643,29814642,1000000,1348,3,0.015006384812295437,OK,True,
cyvcf2-indexed,r04_region_filter_distribution,w1000000_06,chr1,47354520,48354519,1000000,1253,1,0.014058784116059542,OK,True,
cyvcf2-indexed,r04_region_filter_distribution,w1000000_06,chr1,47354520,48354519,1000000,1253,2,0.01399111794307828,OK,True,
cyvcf2-indexed,r04_region_filter_distribution,w1000000_06,chr1,47354520,48354519,1000000,1253,3,0.01391550712287426,OK,True,
cyvcf2-indexed,r04_region_filter_distribution,w1000000_07,chr1,35782931,36782930,1000000,868,1,0.010591789148747921,OK,True,
cyvcf2-indexed,r04_region_filter_distribution,w1000000_07,chr1,35782931,36782930,1000000,868,2,0.010756587143987417,OK,True,
cyvcf2-indexed,r04_region_filter_distribution,w1000000_07,chr1,35782931,36782930,1000000,868,3,0.010943380184471607,OK,True,
cyvcf2-indexed,r04_region_filter_distribution,w1000000_08,chr1,5611726,6611725,1000000,1261,1,0.014449713286012411,OK,True,
cyvcf2-indexed,r04_region_filter_distribution,w1000000_08,chr1,5611726,6611725,1000000,1261,2,0.014521376229822636,OK,True,
cyvcf2-indexed,r04_region_filter_distribution,w1000000_08,chr1,5611726,6611725,1000000,1261,3,0.014402592554688454,OK,True,
cyvcf2-indexed,r04_region_filter_distribution,w1000000_09,chr1,17930348,18930347,1000000,1491,1,0.016918500419706106,OK,True,
cyvcf2-indexed,r04_region_filter_distribution,w1000000_09,chr1,17930348,18930347,1000000,1491,2,0.016835673712193966,OK,True,
cyvcf2-indexed,r04_region_filter_distribution,w1000000_09,chr1,17930348,18930347,1000000,1491,3,0.01644110633060336,OK,True,
cyvcf2-indexed,r04_region_filter_distribution,w1000000_10,chr1,58656617,59656616,1000000,1262,1,0.014095776714384556,OK,True,
cyvcf2-indexed,r04_region_filter_distribution,w1000000_10,chr1,58656617,59656616,1000000,1262,2,0.014213343150913715,OK,True,
cyvcf2-indexed,r04_region_filter_distribution,w1000000_10,chr1,58656617,59656616,1000000,1262,3,0.01424540113657713,OK,True,
cyvcf2-indexed,r04_region_filter_distribution,w1000000_11,chr1,20579658,21579657,1000000,1246,1,0.014554781839251518,OK,True,
cyvcf2-indexed,r04_region_filter_distribution,w1000000_11,chr1,20579658,21579657,1000000,1246,2,0.014594280160963535,OK,True,
cyvcf2-indexed,r04_region_filter_distribution,w1000000_11,chr1,20579658,21579657,1000000,1246,3,0.014496966265141964,OK,True,
cyvcf2-indexed,r04_region_filter_distribution,w1000000_12,chr1,66774094,67774093,1000000,1548,1,0.016867767088115215,OK,True,
cyvcf2-indexed,r04_region_filter_distribution,w1000000_12,chr1,66774094,67774093,1000000,1548,2,0.017010875046253204,OK,True,
cyvcf2-indexed,r04_region_filter_distribution,w1000000_12,chr1,66774094,67774093,1000000,1548,3,0.01672103814780712,OK,True,
cyvcf2-indexed,r04_region_filter_distribution,w1000000_13,chr1,53330427,54330426,1000000,1337,1,0.014889329206198454,OK,True,
cyvcf2-indexed,r04_region_filter_distribution,w1000000_13,chr1,53330427,54330426,1000000,1337,2,0.015228123869746923,OK,True,
cyvcf2-indexed,r04_region_filter_distribution,w1000000_13,chr1,53330427,54330426,1000000,1337,3,0.015039666090160608,OK,True,
cyvcf2-indexed,r04_region_filter_distribution,w1000000_14,chr1,34457222,35457221,1000000,1194,1,0.01384940417483449,OK,True,
cyvcf2-indexed,r04_region_filter_distribution,w1000000_14,chr1,34457222,35457221,1000000,1194,2,0.013996497727930546,OK,True,
cyvcf2-indexed,r04_region_filter_distribution,w1000000_14,chr1,34457222,35457221,1000000,1194,3,0.01386273792013526,OK,True,
cyvcf2-indexed,r04_region_filter_distribution,w1000000_15,chr1,6173132,7173131,1000000,906,1,0.011358273215591908,OK,True,
cyvcf2-indexed,r04_region_filter_distribution,w1000000_15,chr1,6173132,7173131,1000000,906,2,0.011246562004089355,OK,True,
cyvcf2-indexed,r04_region_filter_distribution,w1000000_15,chr1,6173132,7173131,1000000,906,3,0.011707083322107792,OK,True,
cyvcf2-indexed,r04_region_filter_distribution,w1000000_16,chr1,34054184,35054183,1000000,1668,1,0.019950980320572853,OK,True,
cyvcf2-indexed,r04_region_filter_distribution,w1000000_16,chr1,34054184,35054183,1000000,1668,2,0.027502872049808502,OK,True,
cyvcf2-indexed,r04_region_filter_distribution,w1000000_16,chr1,34054184,35054183,1000000,1668,3,0.01924537168815732,OK,True,
cyvcf2-indexed,r04_region_filter_distribution,w1000000_17,chr1,15193776,16193775,1000000,1521,1,0.016844857018440962,OK,True,
cyvcf2-indexed,r04_region_filter_distribution,w1000000_17,chr1,15193776,16193775,1000000,1521,2,0.01693654991686344,OK,True,
cyvcf2-indexed,r04_region_filter_distribution,w1000000_17,chr1,15193776,16193775,1000000,1521,3,0.017759392969310284,OK,True,
cyvcf2-indexed,r04_region_filter_distribution,w1000000_18,chr1,43583485,44583484,1000000,1108,1,0.014899796340614557,OK,True,
cyvcf2-indexed,r04_region_filter_distribution,w1000000_18,chr1,43583485,44583484,1000000,1108,2,0.016217477153986692,OK,True,
cyvcf2-indexed,r04_region_filter_distribution,w1000000_18,chr1,43583485,44583484,1000000,1108,3,0.015700354240834713,OK,True,
cyvcf2-indexed,r04_region_filter_distribution,w1000000_19,chr1,58570714,59570713,1000000,1451,1,0.01852948311716318,OK,True,
cyvcf2-indexed,r04_region_filter_distribution,w1000000_19,chr1,58570714,59570713,1000000,1451,2,0.017591427080333233,OK,True,
cyvcf2-indexed,r04_region_filter_distribution,w1000000_19,chr1,58570714,59570713,1000000,1451,3,0.01720055704936385,OK,True,
cyvcf2-indexed,r04_region_filter_distribution,w10000000_00,chr1,36023355,46023354,10000000,11510,1,0.11440035607665777,OK,True,
cyvcf2-indexed,r04_region_filter_distribution,w10000000_00,chr1,36023355,46023354,10000000,11510,2,0.11558707430958748,OK,True,
cyvcf2-indexed,r04_region_filter_distribution,w10000000_00,chr1,36023355,46023354,10000000,11510,3,0.10504608089104295,OK,True,
cyvcf2-indexed,r04_region_filter_distribution,w10000000_01,chr1,57527385,67527384,10000000,14820,1,0.139312531799078,OK,True,
cyvcf2-indexed,r04_region_filter_distribution,w10000000_01,chr1,57527385,67527384,10000000,14820,2,0.13468993362039328,OK,True,
cyvcf2-indexed,r04_region_filter_distribution,w10000000_01,chr1,57527385,67527384,10000000,14820,3,0.13179443078115582,OK,True,
cyvcf2-indexed,r04_region_filter_distribution,w10000000_02,chr1,63680811,73680810,10000000,13676,1,0.12225906923413277,OK,True,
cyvcf2-indexed,r04_region_filter_distribution,w10000000_02,chr1,63680811,73680810,10000000,13676,2,0.12211967399343848,OK,True,
cyvcf2-indexed,r04_region_filter_distribution,w10000000_02,chr1,63680811,73680810,10000000,13676,3,0.12147921603173018,OK,True,
cyvcf2-indexed,r04_region_filter_distribution,w10000000_03,chr1,53679378,63679377,10000000,14787,1,0.13010577019304037,OK,True,
cyvcf2-indexed,r04_region_filter_distribution,w10000000_03,chr1,53679378,63679377,10000000,14787,2,0.13126110518351197,OK,True,
cyvcf2-indexed,r04_region_filter_distribution,w10000000_03,chr1,53679378,63679377,10000000,14787,3,0.13601158792153,OK,True,
cyvcf2-indexed,r04_region_filter_distribution,w10000000_04,chr1,60690498,70690497,10000000,14398,1,0.14153833780437708,OK,True,
cyvcf2-indexed,r04_region_filter_distribution,w10000000_04,chr1,60690498,70690497,10000000,14398,2,0.12763190595433116,OK,True,
cyvcf2-indexed,r04_region_filter_distribution,w10000000_04,chr1,60690498,70690497,10000000,14398,3,0.12729610968381166,OK,True,
cyvcf2-indexed,r04_region_filter_distribution,w10000000_05,chr1,47428546,57428545,10000000,11289,1,0.10313847614452243,OK,True,
cyvcf2-indexed,r04_region_filter_distribution,w10000000_05,chr1,47428546,57428545,10000000,11289,2,0.10109799494966865,OK,True,
cyvcf2-indexed,r04_region_filter_distribution,w10000000_05,chr1,47428546,57428545,10000000,11289,3,0.10142712201923132,OK,True,
cyvcf2-indexed,r04_region_filter_distribution,w10000000_06,chr1,22030736,32030735,10000000,12991,1,0.11540694022551179,OK,True,
cyvcf2-indexed,r04_region_filter_distribution,w10000000_06,chr1,22030736,32030735,10000000,12991,2,0.1164330649189651,OK,True,
cyvcf2-indexed,r04_region_filter_distribution,w10000000_06,chr1,22030736,32030735,10000000,12991,3,0.11591945216059685,OK,True,
cyvcf2-indexed,r04_region_filter_distribution,w10000000_07,chr1,34252401,44252400,10000000,11717,1,0.10386295896023512,OK,True,
cyvcf2-indexed,r04_region_filter_distribution,w10000000_07,chr1,34252401,44252400,10000000,11717,2,0.10329999402165413,OK,True,
cyvcf2-indexed,r04_region_filter_distribution,w10000000_07,chr1,34252401,44252400,10000000,11717,3,0.1043352629058063,OK,True,
cyvcf2-indexed,r04_region_filter_distribution,w10000000_08,chr1,58528508,68528507,10000000,14502,1,0.12719740439206362,OK,True,
cyvcf2-indexed,r04_region_filter_distribution,w10000000_08,chr1,58528508,68528507,10000000,14502,2,0.12851734133437276,OK,True,
cyvcf2-indexed,r04_region_filter_distribution,w10000000_08,chr1,58528508,68528507,10000000,14502,3,0.12835289910435677,OK,True,
cyvcf2-indexed,r04_region_filter_distribution,w10000000_09,chr1,51917411,61917410,10000000,13900,1,0.12398249795660377,OK,True,
cyvcf2-indexed,r04_region_filter_distribution,w10000000_09,chr1,51917411,61917410,10000000,13900,2,0.12472903681918979,OK,True,
cyvcf2-indexed,r04_region_filter_distribution,w10000000_09,chr1,51917411,61917410,10000000,13900,3,0.1265985183417797,OK,True,
cyvcf2-indexed,r04_region_filter_distribution,w10000000_10,chr1,17106918,27106917,10000000,14199,1,0.12738355109468102,OK,True,
cyvcf2-indexed,r04_region_filter_distribution,w10000000_10,chr1,17106918,27106917,10000000,14199,2,0.1277451920323074,OK,True,
cyvcf2-indexed,r04_region_filter_distribution,w10000000_10,chr1,17106918,27106917,10000000,14199,3,0.12681002775207162,OK,True,
cyvcf2-indexed,r04_region_filter_distribution,w10000000_11,chr1,43275553,53275552,10000000,9415,1,0.08708726894110441,OK,True,
cyvcf2-indexed,r04_region_filter_distribution,w10000000_11,chr1,43275553,53275552,10000000,9415,2,0.08637875691056252,OK,True,
cyvcf2-indexed,r04_region_filter_distribution,w10000000_11,chr1,43275553,53275552,10000000,9415,3,0.08725988678634167,OK,True,
cyvcf2-indexed,r04_region_filter_distribution,w10000000_12,chr1,75394691,85394690,10000000,3288,1,0.03252903977409005,OK,True,
cyvcf2-indexed,r04_region_filter_distribution,w10000000_12,chr1,75394691,85394690,10000000,3288,2,0.03310325602069497,OK,True,
cyvcf2-indexed,r04_region_filter_distribution,w10000000_12,chr1,75394691,85394690,10000000,3288,3,0.03409829083830118,OK,True,
cyvcf2-indexed,r04_region_filter_distribution,w10000000_13,chr1,40866716,50866715,10000000,10786,1,0.09721200028434396,OK,True,
cyvcf2-indexed,r04_region_filter_distribution,w10000000_13,chr1,40866716,50866715,10000000,10786,2,0.09994306415319443,OK,True,
cyvcf2-indexed,r04_region_filter_distribution,w10000000_13,chr1,40866716,50866715,10000000,10786,3,0.0995692047290504,OK,True,
cyvcf2-indexed,r04_region_filter_distribution,w10000000_14,chr1,54182280,64182279,10000000,14941,1,0.13335941266268492,OK,True,
cyvcf2-indexed,r04_region_filter_distribution,w10000000_14,chr1,54182280,64182279,10000000,14941,2,0.1332391989417374,OK,True,
cyvcf2-indexed,r04_region_filter_distribution,w10000000_14,chr1,54182280,64182279,10000000,14941,3,0.13304014783352613,OK,True,
cyvcf2-indexed,r04_region_filter_distribution,w10000000_15,chr1,22053178,32053177,10000000,12910,1,0.11524049006402493,OK,True,
cyvcf2-indexed,r04_region_filter_distribution,w10000000_15,chr1,22053178,32053177,10000000,12910,2,0.11481244210153818,OK,True,
cyvcf2-indexed,r04_region_filter_distribution,w10000000_15,chr1,22053178,32053177,10000000,12910,3,0.11510360380634665,OK,True,
cyvcf2-indexed,r04_region_filter_distribution,w10000000_16,chr1,65680356,75680355,10000000,13295,1,0.11925911204889417,OK,True,
cyvcf2-indexed,r04_region_filter_distribution,w10000000_16,chr1,65680356,75680355,10000000,13295,2,0.11813017213717103,OK,True,
cyvcf2-indexed,r04_region_filter_distribution,w10000000_16,chr1,65680356,75680355,10000000,13295,3,0.11781309312209487,OK,True,
cyvcf2-indexed,r04_region_filter_distribution,w10000000_17,chr1,30270070,40270069,10000000,12583,1,0.11217891564592719,OK,True,
cyvcf2-indexed,r04_region_filter_distribution,w10000000_17,chr1,30270070,40270069,10000000,12583,2,0.11229357356205583,OK,True,
cyvcf2-indexed,r04_region_filter_distribution,w10000000_17,chr1,30270070,40270069,10000000,12583,3,0.11356217786669731,OK,True,
cyvcf2-indexed,r04_region_filter_distribution,w10000000_18,chr1,42283662,52283661,10000000,9628,1,0.08847038401290774,OK,True,
cyvcf2-indexed,r04_region_filter_distribution,w10000000_18,chr1,42283662,52283661,10000000,9628,2,0.08631452824920416,OK,True,
cyvcf2-indexed,r04_region_filter_distribution,w10000000_18,chr1,42283662,52283661,10000000,9628,3,0.08680198667570949,OK,True,
cyvcf2-indexed,r04_region_filter_distribution,w10000000_19,chr1,61622305,71622304,10000000,14407,1,0.13146958174183965,OK,True,
cyvcf2-indexed,r04_region_filter_distribution,w10000000_19,chr1,61622305,71622304,10000000,14407,2,0.12747688591480255,OK,True,
cyvcf2-indexed,r04_region_filter_distribution,w10000000_19,chr1,61622305,71622304,10000000,14407,3,0.12693365896120667,OK,True,
cyvcf2-indexed,r05_region_sample_genotype_counts,w1000_00,chr1,23894831,23895830,1000,10,1,0.0038842279464006424,OK,True,
cyvcf2-indexed,r05_region_sample_genotype_counts,w1000_00,chr1,23894831,23895830,1000,10,2,0.0035294629633426666,OK,True,
cyvcf2-indexed,r05_region_sample_genotype_counts,w1000_00,chr1,23894831,23895830,1000,10,3,0.0035417601466178894,OK,True,
cyvcf2-indexed,r05_region_sample_genotype_counts,w1000_01,chr1,37268328,37269327,1000,1,1,0.0034600812941789627,OK,True,
cyvcf2-indexed,r05_region_sample_genotype_counts,w1000_01,chr1,37268328,37269327,1000,1,2,0.003519707825034857,OK,True,
cyvcf2-indexed,r05_region_sample_genotype_counts,w1000_01,chr1,37268328,37269327,1000,1,3,0.003403704147785902,OK,True,
cyvcf2-indexed,r05_region_sample_genotype_counts,w1000_02,chr1,42471294,42472293,1000,2,1,0.0032557877711951733,OK,True,
cyvcf2-indexed,r05_region_sample_genotype_counts,w1000_02,chr1,42471294,42472293,1000,2,2,0.003357985056936741,OK,True,
cyvcf2-indexed,r05_region_sample_genotype_counts,w1000_02,chr1,42471294,42472293,1000,2,3,0.0033521722070872784,OK,True,
cyvcf2-indexed,r05_region_sample_genotype_counts,w1000_03,chr1,19972624,19973623,1000,4,1,0.003212123177945614,OK,True,
cyvcf2-indexed,r05_region_sample_genotype_counts,w1000_03,chr1,19972624,19973623,1000,4,2,0.003275458700954914,OK,True,
cyvcf2-indexed,r05_region_sample_genotype_counts,w1000_03,chr1,19972624,19973623,1000,4,3,0.0033222967758774757,OK,True,
cyvcf2-indexed,r05_region_sample_genotype_counts,w1000_04,chr1,65925426,65926425,1000,2,1,0.0032476400956511497,OK,True,
cyvcf2-indexed,r05_region_sample_genotype_counts,w1000_04,chr1,65925426,65926425,1000,2,2,0.0032656961120665073,OK,True,
cyvcf2-indexed,r05_region_sample_genotype_counts,w1000_04,chr1,65925426,65926425,1000,2,3,0.0031691929325461388,OK,True,
cyvcf2-indexed,r05_region_sample_genotype_counts,w1000_05,chr1,54878472,54879471,1000,2,1,0.0032598362304270267,OK,True,
cyvcf2-indexed,r05_region_sample_genotype_counts,w1000_05,chr1,54878472,54879471,1000,2,2,0.0032203570008277893,OK,True,
cyvcf2-indexed,r05_region_sample_genotype_counts,w1000_05,chr1,54878472,54879471,1000,2,3,0.003231130074709654,OK,True,
cyvcf2-indexed,r05_region_sample_genotype_counts,w1000_06,chr1,54724268,54725267,1000,9,1,0.0033826050348579884,OK,True,
cyvcf2-indexed,r05_region_sample_genotype_counts,w1000_06,chr1,54724268,54725267,1000,9,2,0.0033152992837131023,OK,True,
cyvcf2-indexed,r05_region_sample_genotype_counts,w1000_06,chr1,54724268,54725267,1000,9,3,0.00333931902423501,OK,True,
cyvcf2-indexed,r05_region_sample_genotype_counts,w1000_07,chr1,50226603,50227602,1000,3,1,0.0032945042476058006,OK,True,
cyvcf2-indexed,r05_region_sample_genotype_counts,w1000_07,chr1,50226603,50227602,1000,3,2,0.0032287510111927986,OK,True,
cyvcf2-indexed,r05_region_sample_genotype_counts,w1000_07,chr1,50226603,50227602,1000,3,3,0.003342967014759779,OK,True,
cyvcf2-indexed,r05_region_sample_genotype_counts,w1000_08,chr1,5558122,5559121,1000,2,1,0.0032421969808638096,OK,True,
cyvcf2-indexed,r05_region_sample_genotype_counts,w1000_08,chr1,5558122,5559121,1000,2,2,0.0031843199394643307,OK,True,
cyvcf2-indexed,r05_region_sample_genotype_counts,w1000_08,chr1,5558122,5559121,1000,2,3,0.0031828158535063267,OK,True,
cyvcf2-indexed,r05_region_sample_genotype_counts,w1000_09,chr1,21979241,21980240,1000,15,1,0.003467376809567213,OK,True,
cyvcf2-indexed,r05_region_sample_genotype_counts,w1000_09,chr1,21979241,21980240,1000,15,2,0.003408562857657671,OK,True,
cyvcf2-indexed,r05_region_sample_genotype_counts,w1000_09,chr1,21979241,21980240,1000,15,3,0.0033897431567311287,OK,True,
cyvcf2-indexed,r05_region_sample_genotype_counts,w1000_10,chr1,58250107,58251106,1000,2,1,0.00329172657802701,OK,True,
cyvcf2-indexed,r05_region_sample_genotype_counts,w1000_10,chr1,58250107,58251106,1000,2,2,0.0032340288162231445,OK,True,
cyvcf2-indexed,r05_region_sample_genotype_counts,w1000_10,chr1,58250107,58251106,1000,2,3,0.0033051208592951298,OK,True,
cyvcf2-indexed,r05_region_sample_genotype_counts,w1000_11,chr1,33820268,33821267,1000,1,1,0.003260951954871416,OK,True,
cyvcf2-indexed,r05_region_sample_genotype_counts,w1000_11,chr1,33820268,33821267,1000,1,2,0.0032647992484271526,OK,True,
cyvcf2-indexed,r05_region_sample_genotype_counts,w1000_11,chr1,33820268,33821267,1000,1,3,0.0032595782540738583,OK,True,
cyvcf2-indexed,r05_region_sample_genotype_counts,w1000_12,chr1,74268898,74269897,1000,4,1,0.003338316921144724,OK,True,
cyvcf2-indexed,r05_region_sample_genotype_counts,w1000_12,chr1,74268898,74269897,1000,4,2,0.003309858962893486,OK,True,
cyvcf2-indexed,r05_region_sample_genotype_counts,w1000_12,chr1,74268898,74269897,1000,4,3,0.003311570268124342,OK,True,
cyvcf2-indexed,r05_region_sample_genotype_counts,w1000_13,chr1,58011340,58012339,1000,3,1,0.0034572030417621136,OK,True,
cyvcf2-indexed,r05_region_sample_genotype_counts,w1000_13,chr1,58011340,58012339,1000,3,2,0.0033055380918085575,OK,True,
cyvcf2-indexed,r05_region_sample_genotype_counts,w1000_13,chr1,58011340,58012339,1000,3,3,0.003274298273026943,OK,True,
cyvcf2-indexed,r05_region_sample_genotype_counts,w1000_14,chr1,55322618,55323617,1000,2,1,0.0032951850444078445,OK,True,
cyvcf2-indexed,r05_region_sample_genotype_counts,w1000_14,chr1,55322618,55323617,1000,2,2,0.0031861690804362297,OK,True,
cyvcf2-indexed,r05_region_sample_genotype_counts,w1000_14,chr1,55322618,55323617,1000,2,3,0.0032409620471298695,OK,True,
cyvcf2-indexed,r05_region_sample_genotype_counts,w1000_15,chr1,58597811,58598810,1000,2,1,0.003281128127127886,OK,True,
cyvcf2-indexed,r05_region_sample_genotype_counts,w1000_15,chr1,58597811,58598810,1000,2,2,0.003260686993598938,OK,True,
cyvcf2-indexed,r05_region_sample_genotype_counts,w1000_15,chr1,58597811,58598810,1000,2,3,0.0032624760642647743,OK,True,
cyvcf2-indexed,r05_region_sample_genotype_counts,w1000_16,chr1,61942877,61943876,1000,1,1,0.0032845488749444485,OK,True,
cyvcf2-indexed,r05_region_sample_genotype_counts,w1000_16,chr1,61942877,61943876,1000,1,2,0.003255933988839388,OK,True,
cyvcf2-indexed,r05_region_sample_genotype_counts,w1000_16,chr1,61942877,61943876,1000,1,3,0.00317496620118618,OK,True,
cyvcf2-indexed,r05_region_sample_genotype_counts,w1000_17,chr1,74952903,74953902,1000,2,1,0.003360997885465622,OK,True,
cyvcf2-indexed,r05_region_sample_genotype_counts,w1000_17,chr1,74952903,74953902,1000,2,2,0.0033864867873489857,OK,True,
cyvcf2-indexed,r05_region_sample_genotype_counts,w1000_17,chr1,74952903,74953902,1000,2,3,0.003473573364317417,OK,True,
cyvcf2-indexed,r05_region_sample_genotype_counts,w1000_18,chr1,10920022,10921021,1000,7,1,0.0033451602794229984,OK,True,
cyvcf2-indexed,r05_region_sample_genotype_counts,w1000_18,chr1,10920022,10921021,1000,7,2,0.0035404651425778866,OK,True,
cyvcf2-indexed,r05_region_sample_genotype_counts,w1000_18,chr1,10920022,10921021,1000,7,3,0.0033620442263782024,OK,True,
cyvcf2-indexed,r05_region_sample_genotype_counts,w1000_19,chr1,54064366,54065365,1000,1,1,0.003262937068939209,OK,True,
cyvcf2-indexed,r05_region_sample_genotype_counts,w1000_19,chr1,54064366,54065365,1000,1,2,0.0031870738603174686,OK,True,
cyvcf2-indexed,r05_region_sample_genotype_counts,w1000_19,chr1,54064366,54065365,1000,1,3,0.003233727067708969,OK,True,
cyvcf2-indexed,r05_region_sample_genotype_counts,w100000_00,chr1,76042312,76142311,100000,132,1,0.004838705062866211,OK,True,
cyvcf2-indexed,r05_region_sample_genotype_counts,w100000_00,chr1,76042312,76142311,100000,132,2,0.004781724885106087,OK,True,
cyvcf2-indexed,r05_region_sample_genotype_counts,w100000_00,chr1,76042312,76142311,100000,132,3,0.004871794953942299,OK,True,
cyvcf2-indexed,r05_region_sample_genotype_counts,w100000_01,chr1,26177705,26277704,100000,141,1,0.004948587156832218,OK,True,
cyvcf2-indexed,r05_region_sample_genotype_counts,w100000_01,chr1,26177705,26277704,100000,141,2,0.005043800920248032,OK,True,
cyvcf2-indexed,r05_region_sample_genotype_counts,w100000_01,chr1,26177705,26277704,100000,141,3,0.005478519946336746,OK,True,
cyvcf2-indexed,r05_region_sample_genotype_counts,w100000_02,chr1,76668322,76768321,100000,131,1,0.004851522855460644,OK,True,
cyvcf2-indexed,r05_region_sample_genotype_counts,w100000_02,chr1,76668322,76768321,100000,131,2,0.004830107092857361,OK,True,
cyvcf2-indexed,r05_region_sample_genotype_counts,w100000_02,chr1,76668322,76768321,100000,131,3,0.004873333033174276,OK,True,
cyvcf2-indexed,r05_region_sample_genotype_counts,w100000_03,chr1,64797067,64897066,100000,153,1,0.00511135021224618,OK,True,
cyvcf2-indexed,r05_region_sample_genotype_counts,w100000_03,chr1,64797067,64897066,100000,153,2,0.005081566981971264,OK,True,
cyvcf2-indexed,r05_region_sample_genotype_counts,w100000_03,chr1,64797067,64897066,100000,153,3,0.005054512061178684,OK,True,
cyvcf2-indexed,r05_region_sample_genotype_counts,w100000_04,chr1,66848110,66948109,100000,83,1,0.004258607979863882,OK,True,
cyvcf2-indexed,r05_region_sample_genotype_counts,w100000_04,chr1,66848110,66948109,100000,83,2,0.0041976082138717175,OK,True,
cyvcf2-indexed,r05_region_sample_genotype_counts,w100000_04,chr1,66848110,66948109,100000,83,3,0.004287112969905138,OK,True,
cyvcf2-indexed,r05_region_sample_genotype_counts,w100000_05,chr1,58175965,58275964,100000,181,1,0.005378423258662224,OK,True,
cyvcf2-indexed,r05_region_sample_genotype_counts,w100000_05,chr1,58175965,58275964,100000,181,2,0.005485085304826498,OK,True,
cyvcf2-indexed,r05_region_sample_genotype_counts,w100000_05,chr1,58175965,58275964,100000,181,3,0.005446885246783495,OK,True,
cyvcf2-indexed,r05_region_sample_genotype_counts,w100000_06,chr1,41567443,41667442,100000,142,1,0.004927238915115595,OK,True,
cyvcf2-indexed,r05_region_sample_genotype_counts,w100000_06,chr1,41567443,41667442,100000,142,2,0.004855188075453043,OK,True,
cyvcf2-indexed,r05_region_sample_genotype_counts,w100000_06,chr1,41567443,41667442,100000,142,3,0.004975855816155672,OK,True,
cyvcf2-indexed,r05_region_sample_genotype_counts,w100000_07,chr1,23625875,23725874,100000,143,1,0.004843037109822035,OK,True,
cyvcf2-indexed,r05_region_sample_genotype_counts,w100000_07,chr1,23625875,23725874,100000,143,2,0.005015569739043713,OK,True,
cyvcf2-indexed,r05_region_sample_genotype_counts,w100000_07,chr1,23625875,23725874,100000,143,3,0.004952855873852968,OK,True,
cyvcf2-indexed,r05_region_sample_genotype_counts,w100000_08,chr1,69897964,69997963,100000,77,1,0.0041762287728488445,OK,True,
cyvcf2-indexed,r05_region_sample_genotype_counts,w100000_08,chr1,69897964,69997963,100000,77,2,0.004055576398968697,OK,True,
cyvcf2-indexed,r05_region_sample_genotype_counts,w100000_08,chr1,69897964,69997963,100000,77,3,0.0042043328285217285,OK,True,
cyvcf2-indexed,r05_region_sample_genotype_counts,w100000_09,chr1,63664508,63764507,100000,287,1,0.006840675137937069,OK,True,
cyvcf2-indexed,r05_region_sample_genotype_counts,w100000_09,chr1,63664508,63764507,100000,287,2,0.006748936139047146,OK,True,
cyvcf2-indexed,r05_region_sample_genotype_counts,w100000_09,chr1,63664508,63764507,100000,287,3,0.006674096919596195,OK,True,
cyvcf2-indexed,r05_region_sample_genotype_counts,w100000_10,chr1,15518874,15618873,100000,146,1,0.005008827894926071,OK,True,
cyvcf2-indexed,r05_region_sample_genotype_counts,w100000_10,chr1,15518874,15618873,100000,146,2,0.004955605138093233,OK,True,
cyvcf2-indexed,r05_region_sample_genotype_counts,w100000_10,chr1,15518874,15618873,100000,146,3,0.004941190127283335,OK,True,
cyvcf2-indexed,r05_region_sample_genotype_counts,w100000_11,chr1,23996836,24096835,100000,343,1,0.0074106487445533276,OK,True,
cyvcf2-indexed,r05_region_sample_genotype_counts,w100000_11,chr1,23996836,24096835,100000,343,2,0.007728517055511475,OK,True,
cyvcf2-indexed,r05_region_sample_genotype_counts,w100000_11,chr1,23996836,24096835,100000,343,3,0.007806295063346624,OK,True,
cyvcf2-indexed,r05_region_sample_genotype_counts,w100000_12,chr1,56566795,56666794,100000,139,1,0.0050858668982982635,OK,True,
cyvcf2-indexed,r05_region_sample_genotype_counts,w100000_12,chr1,56566795,56666794,100000,139,2,0.004908706992864609,OK,True,
cyvcf2-indexed,r05_region_sample_genotype_counts,w100000_12,chr1,56566795,56666794,100000,139,3,0.004965803120285273,OK,True,
cyvcf2-indexed,r05_region_sample_genotype_counts,w100000_13,chr1,24058646,24158645,100000,214,1,0.005858405958861113,OK,True,
cyvcf2-indexed,r05_region_sample_genotype_counts,w100000_13,chr1,24058646,24158645,100000,214,2,0.005969374440610409,OK,True,
cyvcf2-indexed,r05_region_sample_genotype_counts,w100000_13,chr1,24058646,24158645,100000,214,3,0.005894610658288002,OK,True,
cyvcf2-indexed,r05_region_sample_genotype_counts,w100000_14,chr1,3105927,3205926,100000,226,1,0.006055140867829323,OK,True,
cyvcf2-indexed,r05_region_sample_genotype_counts,w100000_14,chr1,3105927,3205926,100000,226,2,0.0060330540873110294,OK,True,
cyvcf2-indexed,r05_region_sample_genotype_counts,w100000_14,chr1,3105927,3205926,100000,226,3,0.005987049546092749,OK,True,
cyvcf2-indexed,r05_region_sample_genotype_counts,w100000_15,chr1,54865968,54965967,100000,181,1,0.005636006128042936,OK,True,
cyvcf2-indexed,r05_region_sample_genotype_counts,w100000_15,chr1,54865968,54965967,100000,181,2,0.0055404058657586575,OK,True,
cyvcf2-indexed,r05_region_sample_genotype_counts,w100000_15,chr1,54865968,54965967,100000,181,3,0.005455094389617443,OK,True,
cyvcf2-indexed,r05_region_sample_genotype_counts,w100000_16,chr1,58852100,58952099,100000,79,1,0.004237001296132803,OK,True,
cyvcf2-indexed,r05_region_sample_genotype_counts,w100000_16,chr1,58852100,58952099,100000,79,2,0.004327154718339443,OK,True,
cyvcf2-indexed,r05_region_sample_genotype_counts,w100000_16,chr1,58852100,58952099,100000,79,3,0.0042791180312633514,OK,True,
cyvcf2-indexed,r05_region_sample_genotype_counts,w100000_17,chr1,77570681,77670680,100000,81,1,0.0042873830534517765,OK,True,
cyvcf2-indexed,r05_region_sample_genotype_counts,w100000_17,chr1,77570681,77670680,100000,81,2,0.004336606711149216,OK,True,
cyvcf2-indexed,r05_region_sample_genotype_counts,w100000_17,chr1,77570681,77670680,100000,81,3,0.004364256747066975,OK,True,
cyvcf2-indexed,r05_region_sample_genotype_counts,w100000_18,chr1,66388887,66488886,100000,196,1,0.005670271813869476,OK,True,
cyvcf2-indexed,r05_region_sample_genotype_counts,w100000_18,chr1,66388887,66488886,100000,196,2,0.005682682152837515,OK,True,
cyvcf2-indexed,r05_region_sample_genotype_counts,w100000_18,chr1,66388887,66488886,100000,196,3,0.0056755379773676395,OK,True,
cyvcf2-indexed,r05_region_sample_genotype_counts,w100000_19,chr1,5319806,5419805,100000,87,1,0.004925130400806665,OK,True,
cyvcf2-indexed,r05_region_sample_genotype_counts,w100000_19,chr1,5319806,5419805,100000,87,2,0.004393632989376783,OK,True,
cyvcf2-indexed,r05_region_sample_genotype_counts,w100000_19,chr1,5319806,5419805,100000,87,3,0.004470760002732277,OK,True,
cyvcf2-indexed,r05_region_sample_genotype_counts,w1000000_00,chr1,42846822,43846821,1000000,1112,1,0.016531461849808693,OK,True,
cyvcf2-indexed,r05_region_sample_genotype_counts,w1000000_00,chr1,42846822,43846821,1000000,1112,2,0.01663271803408861,OK,True,
cyvcf2-indexed,r05_region_sample_genotype_counts,w1000000_00,chr1,42846822,43846821,1000000,1112,3,0.016648695804178715,OK,True,
cyvcf2-indexed,r05_region_sample_genotype_counts,w1000000_01,chr1,9034070,10034069,1000000,1143,1,0.016969535034149885,OK,True,
cyvcf2-indexed,r05_region_sample_genotype_counts,w1000000_01,chr1,9034070,10034069,1000000,1143,2,0.017021454870700836,OK,True,
cyvcf2-indexed,r05_region_sample_genotype_counts,w1000000_01,chr1,9034070,10034069,1000000,1143,3,0.01691364496946335,OK,True,
cyvcf2-indexed,r05_region_sample_genotype_counts,w1000000_02,chr1,54809885,55809884,1000000,1670,1,0.0229195449501276,OK,True,
cyvcf2-indexed,r05_region_sample_genotype_counts,w1000000_02,chr1,54809885,55809884,1000000,1670,2,0.023038438986986876,OK,True,
cyvcf2-indexed,r05_region_sample_genotype_counts,w1000000_02,chr1,54809885,55809884,1000000,1670,3,0.02308408822864294,OK,True,
cyvcf2-indexed,r05_region_sample_genotype_counts,w1000000_03,chr1,55795141,56795140,1000000,1824,1,0.025155770126730204,OK,True,
cyvcf2-indexed,r05_region_sample_genotype_counts,w1000000_03,chr1,55795141,56795140,1000000,1824,2,0.025015996769070625,OK,True,
cyvcf2-indexed,r05_region_sample_genotype_counts,w1000000_03,chr1,55795141,56795140,1000000,1824,3,0.025068743154406548,OK,True,
cyvcf2-indexed,r05_region_sample_genotype_counts,w1000000_04,chr1,11734309,12734308,1000000,950,1,0.014672721736133099,OK,True,
cyvcf2-indexed,r05_region_sample_genotype_counts,w1000000_04,chr1,11734309,12734308,1000000,950,2,0.014468965120613575,OK,True,
cyvcf2-indexed,r05_region_sample_genotype_counts,w1000000_04,chr1,11734309,12734308,1000000,950,3,0.01462184963747859,OK,True,
cyvcf2-indexed,r05_region_sample_genotype_counts,w1000000_05,chr1,28814643,29814642,1000000,1348,1,0.019472439773380756,OK,True,
cyvcf2-indexed,r05_region_sample_genotype_counts,w1000000_05,chr1,28814643,29814642,1000000,1348,2,0.019481904804706573,OK,True,
cyvcf2-indexed,r05_region_sample_genotype_counts,w1000000_05,chr1,28814643,29814642,1000000,1348,3,0.019449164159595966,OK,True,
cyvcf2-indexed,r05_region_sample_genotype_counts,w1000000_06,chr1,47354520,48354519,1000000,1253,1,0.01834887219592929,OK,True,
cyvcf2-indexed,r05_region_sample_genotype_counts,w1000000_06,chr1,47354520,48354519,1000000,1253,2,0.018187335692346096,OK,True,
cyvcf2-indexed,r05_region_sample_genotype_counts,w1000000_06,chr1,47354520,48354519,1000000,1253,3,0.018067897763103247,OK,True,
cyvcf2-indexed,r05_region_sample_genotype_counts,w1000000_07,chr1,35782931,36782930,1000000,868,1,0.013689395971596241,OK,True,
cyvcf2-indexed,r05_region_sample_genotype_counts,w1000000_07,chr1,35782931,36782930,1000000,868,2,0.013612876180559397,OK,True,
cyvcf2-indexed,r05_region_sample_genotype_counts,w1000000_07,chr1,35782931,36782930,1000000,868,3,0.01370234927162528,OK,True,
cyvcf2-indexed,r05_region_sample_genotype_counts,w1000000_08,chr1,5611726,6611725,1000000,1261,1,0.01852189702913165,OK,True,
cyvcf2-indexed,r05_region_sample_genotype_counts,w1000000_08,chr1,5611726,6611725,1000000,1261,2,0.0182975260540843,OK,True,
cyvcf2-indexed,r05_region_sample_genotype_counts,w1000000_08,chr1,5611726,6611725,1000000,1261,3,0.018257974181324244,OK,True,
cyvcf2-indexed,r05_region_sample_genotype_counts,w1000000_09,chr1,17930348,18930347,1000000,1491,1,0.021061640232801437,OK,True,
cyvcf2-indexed,r05_region_sample_genotype_counts,w1000000_09,chr1,17930348,18930347,1000000,1491,2,0.021100986283272505,OK,True,
cyvcf2-indexed,r05_region_sample_genotype_counts,w1000000_09,chr1,17930348,18930347,1000000,1491,3,0.021473749075084925,OK,True,
cyvcf2-indexed,r05_region_sample_genotype_counts,w1000000_10,chr1,58656617,59656616,1000000,1262,1,0.01852681813761592,OK,True,
cyvcf2-indexed,r05_region_sample_genotype_counts,w1000000_10,chr1,58656617,59656616,1000000,1262,2,0.01829188596457243,OK,True,
cyvcf2-indexed,r05_region_sample_genotype_counts,w1000000_10,chr1,58656617,59656616,1000000,1262,3,0.018264077603816986,OK,True,
cyvcf2-indexed,r05_region_sample_genotype_counts,w1000000_11,chr1,20579658,21579657,1000000,1246,1,0.018299757968634367,OK,True,
cyvcf2-indexed,r05_region_sample_genotype_counts,w1000000_11,chr1,20579658,21579657,1000000,1246,2,0.018186685163527727,OK,True,
cyvcf2-indexed,r05_region_sample_genotype_counts,w1000000_11,chr1,20579658,21579657,1000000,1246,3,0.018287172075361013,OK,True,
cyvcf2-indexed,r05_region_sample_genotype_counts,w1000000_12,chr1,66774094,67774093,1000000,1548,1,0.02172350324690342,OK,True,
cyvcf2-indexed,r05_region_sample_genotype_counts,w1000000_12,chr1,66774094,67774093,1000000,1548,2,0.021689545828849077,OK,True,
cyvcf2-indexed,r05_region_sample_genotype_counts,w1000000_12,chr1,66774094,67774093,1000000,1548,3,0.02177176298573613,OK,True,
cyvcf2-indexed,r05_region_sample_genotype_counts,w1000000_13,chr1,53330427,54330426,1000000,1337,1,0.019175699912011623,OK,True,
cyvcf2-indexed,r05_region_sample_genotype_counts,w1000000_13,chr1,53330427,54330426,1000000,1337,2,0.019383687991648912,OK,True,
cyvcf2-indexed,r05_region_sample_genotype_counts,w1000000_13,chr1,53330427,54330426,1000000,1337,3,0.019296263810247183,OK,True,
cyvcf2-indexed,r05_region_sample_genotype_counts,w1000000_14,chr1,34457222,35457221,1000000,1194,1,0.017667046282440424,OK,True,
cyvcf2-indexed,r05_region_sample_genotype_counts,w1000000_14,chr1,34457222,35457221,1000000,1194,2,0.01786654908210039,OK,True,
cyvcf2-indexed,r05_region_sample_genotype_counts,w1000000_14,chr1,34457222,35457221,1000000,1194,3,0.01783727016299963,OK,True,
cyvcf2-indexed,r05_region_sample_genotype_counts,w1000000_15,chr1,6173132,7173131,1000000,906,1,0.014195040799677372,OK,True,
cyvcf2-indexed,r05_region_sample_genotype_counts,w1000000_15,chr1,6173132,7173131,1000000,906,2,0.014121970161795616,OK,True,
cyvcf2-indexed,r05_region_sample_genotype_counts,w1000000_15,chr1,6173132,7173131,1000000,906,3,0.014281096402555704,OK,True,
cyvcf2-indexed,r05_region_sample_genotype_counts,w1000000_16,chr1,34054184,35054183,1000000,1668,1,0.023035156074911356,OK,True,
cyvcf2-indexed,r05_region_sample_genotype_counts,w1000000_16,chr1,34054184,35054183,1000000,1668,2,0.02308888966217637,OK,True,
cyvcf2-indexed,r05_region_sample_genotype_counts,w1000000_16,chr1,34054184,35054183,1000000,1668,3,0.023388934787362814,OK,True,
cyvcf2-indexed,r05_region_sample_genotype_counts,w1000000_17,chr1,15193776,16193775,1000000,1521,1,0.021889789029955864,OK,True,
cyvcf2-indexed,r05_region_sample_genotype_counts,w1000000_17,chr1,15193776,16193775,1000000,1521,2,0.022675049025565386,OK,True,
cyvcf2-indexed,r05_region_sample_genotype_counts,w1000000_17,chr1,15193776,16193775,1000000,1521,3,0.026508944109082222,OK,True,
cyvcf2-indexed,r05_region_sample_genotype_counts,w1000000_18,chr1,43583485,44583484,1000000,1108,1,0.02525126887485385,OK,True,
cyvcf2-indexed,r05_region_sample_genotype_counts,w1000000_18,chr1,43583485,44583484,1000000,1108,2,0.018520445097237825,OK,True,
cyvcf2-indexed,r05_region_sample_genotype_counts,w1000000_18,chr1,43583485,44583484,1000000,1108,3,0.016720083076506853,OK,True,
cyvcf2-indexed,r05_region_sample_genotype_counts,w1000000_19,chr1,58570714,59570713,1000000,1451,1,0.022541784215718508,OK,True,
cyvcf2-indexed,r05_region_sample_genotype_counts,w1000000_19,chr1,58570714,59570713,1000000,1451,2,0.020608467049896717,OK,True,
cyvcf2-indexed,r05_region_sample_genotype_counts,w1000000_19,chr1,58570714,59570713,1000000,1451,3,0.020673358347266912,OK,True,
cyvcf2-indexed,r05_region_sample_genotype_counts,w10000000_00,chr1,36023355,46023354,10000000,11510,1,0.14205448888242245,OK,True,
cyvcf2-indexed,r05_region_sample_genotype_counts,w10000000_00,chr1,36023355,46023354,10000000,11510,2,0.13983824104070663,OK,True,
cyvcf2-indexed,r05_region_sample_genotype_counts,w10000000_00,chr1,36023355,46023354,10000000,11510,3,0.14593787910416722,OK,True,
cyvcf2-indexed,r05_region_sample_genotype_counts,w10000000_01,chr1,57527385,67527384,10000000,14820,1,0.1823042118921876,OK,True,
cyvcf2-indexed,r05_region_sample_genotype_counts,w10000000_01,chr1,57527385,67527384,10000000,14820,2,0.17845958890393376,OK,True,
cyvcf2-indexed,r05_region_sample_genotype_counts,w10000000_01,chr1,57527385,67527384,10000000,14820,3,0.18168121203780174,OK,True,
cyvcf2-indexed,r05_region_sample_genotype_counts,w10000000_02,chr1,63680811,73680810,10000000,13676,1,0.17174515081569552,OK,True,
cyvcf2-indexed,r05_region_sample_genotype_counts,w10000000_02,chr1,63680811,73680810,10000000,13676,2,0.16889032302424312,OK,True,
cyvcf2-indexed,r05_region_sample_genotype_counts,w10000000_02,chr1,63680811,73680810,10000000,13676,3,0.16704573901370168,OK,True,
cyvcf2-indexed,r05_region_sample_genotype_counts,w10000000_03,chr1,53679378,63679377,10000000,14787,1,0.17766829207539558,OK,True,
cyvcf2-indexed,r05_region_sample_genotype_counts,w10000000_03,chr1,53679378,63679377,10000000,14787,2,0.195327608846128,OK,True,
cyvcf2-indexed,r05_region_sample_genotype_counts,w10000000_03,chr1,53679378,63679377,10000000,14787,3,0.17666569910943508,OK,True,
cyvcf2-indexed,r05_region_sample_genotype_counts,w10000000_04,chr1,60690498,70690497,10000000,14398,1,0.17357967281714082,OK,True,
cyvcf2-indexed,r05_region_sample_genotype_counts,w10000000_04,chr1,60690498,70690497,10000000,14398,2,0.171201195102185,OK,True,
cyvcf2-indexed,r05_region_sample_genotype_counts,w10000000_04,chr1,60690498,70690497,10000000,14398,3,0.17223380971699953,OK,True,
cyvcf2-indexed,r05_region_sample_genotype_counts,w10000000_05,chr1,47428546,57428545,10000000,11289,1,0.13613682985305786,OK,True,
cyvcf2-indexed,r05_region_sample_genotype_counts,w10000000_05,chr1,47428546,57428545,10000000,11289,2,0.13438000762835145,OK,True,
cyvcf2-indexed,r05_region_sample_genotype_counts,w10000000_05,chr1,47428546,57428545,10000000,11289,3,0.13495422713458538,OK,True,
cyvcf2-indexed,r05_region_sample_genotype_counts,w10000000_06,chr1,22030736,32030735,10000000,12991,1,0.15565447509288788,OK,True,
cyvcf2-indexed,r05_region_sample_genotype_counts,w10000000_06,chr1,22030736,32030735,10000000,12991,2,0.1549347727559507,OK,True,
cyvcf2-indexed,r05_region_sample_genotype_counts,w10000000_06,chr1,22030736,32030735,10000000,12991,3,0.15562226483598351,OK,True,
cyvcf2-indexed,r05_region_sample_genotype_counts,w10000000_07,chr1,34252401,44252400,10000000,11717,1,0.1424261312931776,OK,True,
cyvcf2-indexed,r05_region_sample_genotype_counts,w10000000_07,chr1,34252401,44252400,10000000,11717,2,0.1414720257744193,OK,True,
cyvcf2-indexed,r05_region_sample_genotype_counts,w10000000_07,chr1,34252401,44252400,10000000,11717,3,0.1410391521640122,OK,True,
cyvcf2-indexed,r05_region_sample_genotype_counts,w10000000_08,chr1,58528508,68528507,10000000,14502,1,0.1731079132296145,OK,True,
cyvcf2-indexed,r05_region_sample_genotype_counts,w10000000_08,chr1,58528508,68528507,10000000,14502,2,0.17237442592158914,OK,True,
cyvcf2-indexed,r05_region_sample_genotype_counts,w10000000_08,chr1,58528508,68528507,10000000,14502,3,0.18880374589934945,OK,True,
cyvcf2-indexed,r05_region_sample_genotype_counts,w10000000_09,chr1,51917411,61917410,10000000,13900,1,0.1690266071818769,OK,True,
cyvcf2-indexed,r05_region_sample_genotype_counts,w10000000_09,chr1,51917411,61917410,10000000,13900,2,0.16867299983277917,OK,True,
cyvcf2-indexed,r05_region_sample_genotype_counts,w10000000_09,chr1,51917411,61917410,10000000,13900,3,0.16731788031756878,OK,True,
cyvcf2-indexed,r05_region_sample_genotype_counts,w10000000_10,chr1,17106918,27106917,10000000,14199,1,0.17372781597077847,OK,True,
cyvcf2-indexed,r05_region_sample_genotype_counts,w10000000_10,chr1,17106918,27106917,10000000,14199,2,0.17369977291673422,OK,True,
cyvcf2-indexed,r05_region_sample_genotype_counts,w10000000_10,chr1,17106918,27106917,10000000,14199,3,0.1761674419976771,OK,True,
cyvcf2-indexed,r05_region_sample_genotype_counts,w10000000_11,chr1,43275553,53275552,10000000,9415,1,0.1191874798387289,OK,True,
cyvcf2-indexed,r05_region_sample_genotype_counts,w10000000_11,chr1,43275553,53275552,10000000,9415,2,0.11724168574437499,OK,True,
cyvcf2-indexed,r05_region_sample_genotype_counts,w10000000_11,chr1,43275553,53275552,10000000,9415,3,0.11651956010609865,OK,True,
cyvcf2-indexed,r05_region_sample_genotype_counts,w10000000_12,chr1,75394691,85394690,10000000,3288,1,0.04340112674981356,OK,True,
cyvcf2-indexed,r05_region_sample_genotype_counts,w10000000_12,chr1,75394691,85394690,10000000,3288,2,0.04680885188281536,OK,True,
cyvcf2-indexed,r05_region_sample_genotype_counts,w10000000_12,chr1,75394691,85394690,10000000,3288,3,0.042993520852178335,OK,True,
cyvcf2-indexed,r05_region_sample_genotype_counts,w10000000_13,chr1,40866716,50866715,10000000,10786,1,0.13559384318068624,OK,True,
cyvcf2-indexed,r05_region_sample_genotype_counts,w10000000_13,chr1,40866716,50866715,10000000,10786,2,0.13124853000044823,OK,True,
cyvcf2-indexed,r05_region_sample_genotype_counts,w10000000_13,chr1,40866716,50866715,10000000,10786,3,0.13009752938523889,OK,True,
cyvcf2-indexed,r05_region_sample_genotype_counts,w10000000_14,chr1,54182280,64182279,10000000,14941,1,0.18027097405865788,OK,True,
cyvcf2-indexed,r05_region_sample_genotype_counts,w10000000_14,chr1,54182280,64182279,10000000,14941,2,0.1793158920481801,OK,True,
cyvcf2-indexed,r05_region_sample_genotype_counts,w10000000_14,chr1,54182280,64182279,10000000,14941,3,0.1780685968697071,OK,True,
cyvcf2-indexed,r05_region_sample_genotype_counts,w10000000_15,chr1,22053178,32053177,10000000,12910,1,0.15569067979231477,OK,True,
cyvcf2-indexed,r05_region_sample_genotype_counts,w10000000_15,chr1,22053178,32053177,10000000,12910,2,0.1580139258876443,OK,True,
cyvcf2-indexed,r05_region_sample_genotype_counts,w10000000_15,chr1,22053178,32053177,10000000,12910,3,0.1570433545857668,OK,True,
cyvcf2-indexed,r05_region_sample_genotype_counts,w10000000_16,chr1,65680356,75680355,10000000,13295,1,0.1646263268776238,OK,True,
cyvcf2-indexed,r05_region_sample_genotype_counts,w10000000_16,chr1,65680356,75680355,10000000,13295,2,0.1645109849050641,OK,True,
cyvcf2-indexed,r05_region_sample_genotype_counts,w10000000_16,chr1,65680356,75680355,10000000,13295,3,0.17501353286206722,OK,True,
cyvcf2-indexed,r05_region_sample_genotype_counts,w10000000_17,chr1,30270070,40270069,10000000,12583,1,0.15168471774086356,OK,True,
cyvcf2-indexed,r05_region_sample_genotype_counts,w10000000_17,chr1,30270070,40270069,10000000,12583,2,0.15425635408610106,OK,True,
cyvcf2-indexed,r05_region_sample_genotype_counts,w10000000_17,chr1,30270070,40270069,10000000,12583,3,0.15392766008153558,OK,True,
cyvcf2-indexed,r05_region_sample_genotype_counts,w10000000_18,chr1,42283662,52283661,10000000,9628,1,0.11698988499119878,OK,True,
cyvcf2-indexed,r05_region_sample_genotype_counts,w10000000_18,chr1,42283662,52283661,10000000,9628,2,0.11864255229011178,OK,True,
cyvcf2-indexed,r05_region_sample_genotype_counts,w10000000_18,chr1,42283662,52283661,10000000,9628,3,0.11925249360501766,OK,True,
cyvcf2-indexed,r05_region_sample_genotype_counts,w10000000_19,chr1,61622305,71622304,10000000,14407,1,0.17555575631558895,OK,True,
cyvcf2-indexed,r05_region_sample_genotype_counts,w10000000_19,chr1,61622305,71622304,10000000,14407,2,0.17312687495723367,OK,True,
cyvcf2-indexed,r05_region_sample_genotype_counts,w10000000_19,chr1,61622305,71622304,10000000,14407,3,0.1728841969743371,OK,True,
bcftools-indexed,r01_region_record_count,w1000_00,chr1,23894831,23895830,1000,10,1,0.005801353137940168,OK,True,
bcftools-indexed,r01_region_record_count,w1000_00,chr1,23894831,23895830,1000,10,2,0.005236701108515263,OK,True,
bcftools-indexed,r01_region_record_count,w1000_00,chr1,23894831,23895830,1000,10,3,0.004732152912765741,OK,True,
bcftools-indexed,r01_region_record_count,w1000_01,chr1,37268328,37269327,1000,1,1,0.006060637999325991,OK,True,
bcftools-indexed,r01_region_record_count,w1000_01,chr1,37268328,37269327,1000,1,2,0.004261789843440056,OK,True,
bcftools-indexed,r01_region_record_count,w1000_01,chr1,37268328,37269327,1000,1,3,0.00438421405851841,OK,True,
bcftools-indexed,r01_region_record_count,w1000_02,chr1,42471294,42472293,1000,2,1,0.004133588634431362,OK,True,
bcftools-indexed,r01_region_record_count,w1000_02,chr1,42471294,42472293,1000,2,2,0.004473271779716015,OK,True,
bcftools-indexed,r01_region_record_count,w1000_02,chr1,42471294,42472293,1000,2,3,0.004440730903297663,OK,True,
bcftools-indexed,r01_region_record_count,w1000_03,chr1,19972624,19973623,1000,4,1,0.004552788101136684,OK,True,
bcftools-indexed,r01_region_record_count,w1000_03,chr1,19972624,19973623,1000,4,2,0.004276853054761887,OK,True,
bcftools-indexed,r01_region_record_count,w1000_03,chr1,19972624,19973623,1000,4,3,0.004369325004518032,OK,True,
bcftools-indexed,r01_region_record_count,w1000_04,chr1,65925426,65926425,1000,2,1,0.004577264655381441,OK,True,
bcftools-indexed,r01_region_record_count,w1000_04,chr1,65925426,65926425,1000,2,2,0.004481171257793903,OK,True,
bcftools-indexed,r01_region_record_count,w1000_04,chr1,65925426,65926425,1000,2,3,0.006447928957641125,OK,True,
bcftools-indexed,r01_region_record_count,w1000_05,chr1,54878472,54879471,1000,2,1,0.004125664941966534,OK,True,
bcftools-indexed,r01_region_record_count,w1000_05,chr1,54878472,54879471,1000,2,2,0.004352637100964785,OK,True,
bcftools-indexed,r01_region_record_count,w1000_05,chr1,54878472,54879471,1000,2,3,0.006440490018576384,OK,True,
bcftools-indexed,r01_region_record_count,w1000_06,chr1,54724268,54725267,1000,9,1,0.004420597106218338,OK,True,
bcftools-indexed,r01_region_record_count,w1000_06,chr1,54724268,54725267,1000,9,2,0.004519617184996605,OK,True,
bcftools-indexed,r01_region_record_count,w1000_06,chr1,54724268,54725267,1000,9,3,0.006515210960060358,OK,True,
bcftools-indexed,r01_region_record_count,w1000_07,chr1,50226603,50227602,1000,3,1,0.004189811181277037,OK,True,
bcftools-indexed,r01_region_record_count,w1000_07,chr1,50226603,50227602,1000,3,2,0.004115218762308359,OK,True,
bcftools-indexed,r01_region_record_count,w1000_07,chr1,50226603,50227602,1000,3,3,0.0040063317865133286,OK,True,
bcftools-indexed,r01_region_record_count,w1000_08,chr1,5558122,5559121,1000,2,1,0.004850226920098066,OK,True,
bcftools-indexed,r01_region_record_count,w1000_08,chr1,5558122,5559121,1000,2,2,0.004261118825525045,OK,True,
bcftools-indexed,r01_region_record_count,w1000_08,chr1,5558122,5559121,1000,2,3,0.004236103035509586,OK,True,
bcftools-indexed,r01_region_record_count,w1000_09,chr1,21979241,21980240,1000,15,1,0.003968035336583853,OK,True,
bcftools-indexed,r01_region_record_count,w1000_09,chr1,21979241,21980240,1000,15,2,0.00413109827786684,OK,True,
bcftools-indexed,r01_region_record_count,w1000_09,chr1,21979241,21980240,1000,15,3,0.004123970866203308,OK,True,
bcftools-indexed,r01_region_record_count,w1000_10,chr1,58250107,58251106,1000,2,1,0.0040263221599161625,OK,True,
bcftools-indexed,r01_region_record_count,w1000_10,chr1,58250107,58251106,1000,2,2,0.0037192190065979958,OK,True,
bcftools-indexed,r01_region_record_count,w1000_10,chr1,58250107,58251106,1000,2,3,0.00385452201589942,OK,True,
bcftools-indexed,r01_region_record_count,w1000_11,chr1,33820268,33821267,1000,1,1,0.005070830695331097,OK,True,
bcftools-indexed,r01_region_record_count,w1000_11,chr1,33820268,33821267,1000,1,2,0.004343980923295021,OK,True,
bcftools-indexed,r01_region_record_count,w1000_11,chr1,33820268,33821267,1000,1,3,0.003989445976912975,OK,True,
bcftools-indexed,r01_region_record_count,w1000_12,chr1,74268898,74269897,1000,4,1,0.003924335818737745,OK,True,
bcftools-indexed,r01_region_record_count,w1000_12,chr1,74268898,74269897,1000,4,2,0.00426691398024559,OK,True,
bcftools-indexed,r01_region_record_count,w1000_12,chr1,74268898,74269897,1000,4,3,0.004426572006195784,OK,True,
bcftools-indexed,r01_region_record_count,w1000_13,chr1,58011340,58012339,1000,3,1,0.004263661801815033,OK,True,
bcftools-indexed,r01_region_record_count,w1000_13,chr1,58011340,58012339,1000,3,2,0.004281842149794102,OK,True,
bcftools-indexed,r01_region_record_count,w1000_13,chr1,58011340,58012339,1000,3,3,0.0041584172286093235,OK,True,
bcftools-indexed,r01_region_record_count,w1000_14,chr1,55322618,55323617,1000,2,1,0.0042141759768128395,OK,True,
bcftools-indexed,r01_region_record_count,w1000_14,chr1,55322618,55323617,1000,2,2,0.00450714398175478,OK,True,
bcftools-indexed,r01_region_record_count,w1000_14,chr1,55322618,55323617,1000,2,3,0.004297696053981781,OK,True,
bcftools-indexed,r01_region_record_count,w1000_15,chr1,58597811,58598810,1000,2,1,0.004204374272376299,OK,True,
bcftools-indexed,r01_region_record_count,w1000_15,chr1,58597811,58598810,1000,2,2,0.004402372054755688,OK,True,
bcftools-indexed,r01_region_record_count,w1000_15,chr1,58597811,58598810,1000,2,3,0.004332396201789379,OK,True,
bcftools-indexed,r01_region_record_count,w1000_16,chr1,61942877,61943876,1000,1,1,0.004484341945499182,OK,True,
bcftools-indexed,r01_region_record_count,w1000_16,chr1,61942877,61943876,1000,1,2,0.00432952493429184,OK,True,
bcftools-indexed,r01_region_record_count,w1000_16,chr1,61942877,61943876,1000,1,3,0.0043628322891891,OK,True,
bcftools-indexed,r01_region_record_count,w1000_17,chr1,74952903,74953902,1000,2,1,0.004568195436149836,OK,True,
bcftools-indexed,r01_region_record_count,w1000_17,chr1,74952903,74953902,1000,2,2,0.004505230113863945,OK,True,
bcftools-indexed,r01_region_record_count,w1000_17,chr1,74952903,74953902,1000,2,3,0.004233569838106632,OK,True,
bcftools-indexed,r01_region_record_count,w1000_18,chr1,10920022,10921021,1000,7,1,0.004298414569348097,OK,True,
bcftools-indexed,r01_region_record_count,w1000_18,chr1,10920022,10921021,1000,7,2,0.004486091900616884,OK,True,
bcftools-indexed,r01_region_record_count,w1000_18,chr1,10920022,10921021,1000,7,3,0.0040564159862697124,OK,True,
bcftools-indexed,r01_region_record_count,w1000_19,chr1,54064366,54065365,1000,1,1,0.003939337097108364,OK,True,
bcftools-indexed,r01_region_record_count,w1000_19,chr1,54064366,54065365,1000,1,2,0.004618493840098381,OK,True,
bcftools-indexed,r01_region_record_count,w1000_19,chr1,54064366,54065365,1000,1,3,0.004189457278698683,OK,True,
bcftools-indexed,r01_region_record_count,w100000_00,chr1,76042312,76142311,100000,132,1,0.004178316798061132,OK,True,
bcftools-indexed,r01_region_record_count,w100000_00,chr1,76042312,76142311,100000,132,2,0.004552177153527737,OK,True,
bcftools-indexed,r01_region_record_count,w100000_00,chr1,76042312,76142311,100000,132,3,0.0044584511779248714,OK,True,
bcftools-indexed,r01_region_record_count,w100000_01,chr1,26177705,26277704,100000,141,1,0.004216787870973349,OK,True,
bcftools-indexed,r01_region_record_count,w100000_01,chr1,26177705,26277704,100000,141,2,0.004136288072913885,OK,True,
bcftools-indexed,r01_region_record_count,w100000_01,chr1,26177705,26277704,100000,141,3,0.004476727917790413,OK,True,
bcftools-indexed,r01_region_record_count,w100000_02,chr1,76668322,76768321,100000,131,1,0.004217138048261404,OK,True,
bcftools-indexed,r01_region_record_count,w100000_02,chr1,76668322,76768321,100000,131,2,0.004019047599285841,OK,True,
bcftools-indexed,r01_region_record_count,w100000_02,chr1,76668322,76768321,100000,131,3,0.004560735076665878,OK,True,
bcftools-indexed,r01_region_record_count,w100000_03,chr1,64797067,64897066,100000,153,1,0.004195977933704853,OK,True,
bcftools-indexed,r01_region_record_count,w100000_03,chr1,64797067,64897066,100000,153,2,0.004295956809073687,OK,True,
bcftools-indexed,r01_region_record_count,w100000_03,chr1,64797067,64897066,100000,153,3,0.00429532490670681,OK,True,
bcftools-indexed,r01_region_record_count,w100000_04,chr1,66848110,66948109,100000,83,1,0.004103332757949829,OK,True,
bcftools-indexed,r01_region_record_count,w100000_04,chr1,66848110,66948109,100000,83,2,0.004153721034526825,OK,True,
bcftools-indexed,r01_region_record_count,w100000_04,chr1,66848110,66948109,100000,83,3,0.00458448426797986,OK,True,
bcftools-indexed,r01_region_record_count,w100000_05,chr1,58175965,58275964,100000,181,1,0.004449451807886362,OK,True,
bcftools-indexed,r01_region_record_count,w100000_05,chr1,58175965,58275964,100000,181,2,0.004556172993034124,OK,True,
bcftools-indexed,r01_region_record_count,w100000_05,chr1,58175965,58275964,100000,181,3,0.004354335367679596,OK,True,
bcftools-indexed,r01_region_record_count,w100000_06,chr1,41567443,41667442,100000,142,1,0.005058161914348602,OK,True,
bcftools-indexed,r01_region_record_count,w100000_06,chr1,41567443,41667442,100000,142,2,0.004406406078487635,OK,True,
bcftools-indexed,r01_region_record_count,w100000_06,chr1,41567443,41667442,100000,142,3,0.004788172896951437,OK,True,
bcftools-indexed,r01_region_record_count,w100000_07,chr1,23625875,23725874,100000,143,1,0.004381080623716116,OK,True,
bcftools-indexed,r01_region_record_count,w100000_07,chr1,23625875,23725874,100000,143,2,0.004825282841920853,OK,True,
bcftools-indexed,r01_region_record_count,w100000_07,chr1,23625875,23725874,100000,143,3,0.004568658769130707,OK,True,
bcftools-indexed,r01_region_record_count,w100000_08,chr1,69897964,69997963,100000,77,1,0.00448406720533967,OK,True,
bcftools-indexed,r01_region_record_count,w100000_08,chr1,69897964,69997963,100000,77,2,0.003950387239456177,OK,True,
bcftools-indexed,r01_region_record_count,w100000_08,chr1,69897964,69997963,100000,77,3,0.004473082255572081,OK,True,
bcftools-indexed,r01_region_record_count,w100000_09,chr1,63664508,63764507,100000,287,1,0.0045419600792229176,OK,True,
bcftools-indexed,r01_region_record_count,w100000_09,chr1,63664508,63764507,100000,287,2,0.0046181222423911095,OK,True,
bcftools-indexed,r01_region_record_count,w100000_09,chr1,63664508,63764507,100000,287,3,0.004358756821602583,OK,True,
bcftools-indexed,r01_region_record_count,w100000_10,chr1,15518874,15618873,100000,146,1,0.004470383748412132,OK,True,
bcftools-indexed,r01_region_record_count,w100000_10,chr1,15518874,15618873,100000,146,2,0.004712762776762247,OK,True,
bcftools-indexed,r01_region_record_count,w100000_10,chr1,15518874,15618873,100000,146,3,0.004439068026840687,OK,True,
bcftools-indexed,r01_region_record_count,w100000_11,chr1,23996836,24096835,100000,343,1,0.00499485619366169,OK,True,
bcftools-indexed,r01_region_record_count,w100000_11,chr1,23996836,24096835,100000,343,2,0.004818878136575222,OK,True,
bcftools-indexed,r01_region_record_count,w100000_11,chr1,23996836,24096835,100000,343,3,0.005081599112600088,OK,True,
bcftools-indexed,r01_region_record_count,w100000_12,chr1,56566795,56666794,100000,139,1,0.004499583039432764,OK,True,
bcftools-indexed,r01_region_record_count,w100000_12,chr1,56566795,56666794,100000,139,2,0.0043969061225652695,OK,True,
bcftools-indexed,r01_region_record_count,w100000_12,chr1,56566795,56666794,100000,139,3,0.005042735021561384,OK,True,
bcftools-indexed,r01_region_record_count,w100000_13,chr1,24058646,24158645,100000,214,1,0.004489602986723185,OK,True,
bcftools-indexed,r01_region_record_count,w100000_13,chr1,24058646,24158645,100000,214,2,0.004279009066522121,OK,True,
bcftools-indexed,r01_region_record_count,w100000_13,chr1,24058646,24158645,100000,214,3,0.004665627609938383,OK,True,
bcftools-indexed,r01_region_record_count,w100000_14,chr1,3105927,3205926,100000,226,1,0.004916891921311617,OK,True,
bcftools-indexed,r01_region_record_count,w100000_14,chr1,3105927,3205926,100000,226,2,0.004569032229483128,OK,True,
bcftools-indexed,r01_region_record_count,w100000_14,chr1,3105927,3205926,100000,226,3,0.00435861200094223,OK,True,
bcftools-indexed,r01_region_record_count,w100000_15,chr1,54865968,54965967,100000,181,1,0.004794004838913679,OK,True,
bcftools-indexed,r01_region_record_count,w100000_15,chr1,54865968,54965967,100000,181,2,0.004547490272670984,OK,True,
bcftools-indexed,r01_region_record_count,w100000_15,chr1,54865968,54965967,100000,181,3,0.004412873648107052,OK,True,
bcftools-indexed,r01_region_record_count,w100000_16,chr1,58852100,58952099,100000,79,1,0.004391956143081188,OK,True,
bcftools-indexed,r01_region_record_count,w100000_16,chr1,58852100,58952099,100000,79,2,0.004745956044644117,OK,True,
bcftools-indexed,r01_region_record_count,w100000_16,chr1,58852100,58952099,100000,79,3,0.004566726740449667,OK,True,
bcftools-indexed,r01_region_record_count,w100000_17,chr1,77570681,77670680,100000,81,1,0.004331305157393217,OK,True,
bcftools-indexed,r01_region_record_count,w100000_17,chr1,77570681,77670680,100000,81,2,0.004650196060538292,OK,True,
bcftools-indexed,r01_region_record_count,w100000_17,chr1,77570681,77670680,100000,81,3,0.004911260679364204,OK,True,
bcftools-indexed,r01_region_record_count,w100000_18,chr1,66388887,66488886,100000,196,1,0.004624809138476849,OK,True,
bcftools-indexed,r01_region_record_count,w100000_18,chr1,66388887,66488886,100000,196,2,0.00456114299595356,OK,True,
bcftools-indexed,r01_region_record_count,w100000_18,chr1,66388887,66488886,100000,196,3,0.004540569614619017,OK,True,
bcftools-indexed,r01_region_record_count,w100000_19,chr1,5319806,5419805,100000,87,1,0.004257706925272942,OK,True,
bcftools-indexed,r01_region_record_count,w100000_19,chr1,5319806,5419805,100000,87,2,0.0043432461097836494,OK,True,
bcftools-indexed,r01_region_record_count,w100000_19,chr1,5319806,5419805,100000,87,3,0.004514426924288273,OK,True,
bcftools-indexed,r01_region_record_count,w1000000_00,chr1,42846822,43846821,1000000,1112,1,0.006524602882564068,OK,True,
bcftools-indexed,r01_region_record_count,w1000000_00,chr1,42846822,43846821,1000000,1112,2,0.0073633948341012,OK,True,
bcftools-indexed,r01_region_record_count,w1000000_00,chr1,42846822,43846821,1000000,1112,3,0.0059030926786363125,OK,True,
bcftools-indexed,r01_region_record_count,w1000000_01,chr1,9034070,10034069,1000000,1143,1,0.00676023168489337,OK,True,
bcftools-indexed,r01_region_record_count,w1000000_01,chr1,9034070,10034069,1000000,1143,2,0.005859305150806904,OK,True,
bcftools-indexed,r01_region_record_count,w1000000_01,chr1,9034070,10034069,1000000,1143,3,0.006147174164652824,OK,True,
bcftools-indexed,r01_region_record_count,w1000000_02,chr1,54809885,55809884,1000000,1670,1,0.006761095952242613,OK,True,
bcftools-indexed,r01_region_record_count,w1000000_02,chr1,54809885,55809884,1000000,1670,2,0.006698655895888805,OK,True,
bcftools-indexed,r01_region_record_count,w1000000_02,chr1,54809885,55809884,1000000,1670,3,0.007288299035280943,OK,True,
bcftools-indexed,r01_region_record_count,w1000000_03,chr1,55795141,56795140,1000000,1824,1,0.007133048959076405,OK,True,
bcftools-indexed,r01_region_record_count,w1000000_03,chr1,55795141,56795140,1000000,1824,2,0.007336805108934641,OK,True,
bcftools-indexed,r01_region_record_count,w1000000_03,chr1,55795141,56795140,1000000,1824,3,0.006746205035597086,OK,True,
bcftools-indexed,r01_region_record_count,w1000000_04,chr1,11734309,12734308,1000000,950,1,0.006153203081339598,OK,True,
bcftools-indexed,r01_region_record_count,w1000000_04,chr1,11734309,12734308,1000000,950,2,0.006114206276834011,OK,True,
bcftools-indexed,r01_region_record_count,w1000000_04,chr1,11734309,12734308,1000000,950,3,0.005774370860308409,OK,True,
bcftools-indexed,r01_region_record_count,w1000000_05,chr1,28814643,29814642,1000000,1348,1,0.006308022886514664,OK,True,
bcftools-indexed,r01_region_record_count,w1000000_05,chr1,28814643,29814642,1000000,1348,2,0.0059966519474983215,OK,True,
bcftools-indexed,r01_region_record_count,w1000000_05,chr1,28814643,29814642,1000000,1348,3,0.005853382404893637,OK,True,
bcftools-indexed,r01_region_record_count,w1000000_06,chr1,47354520,48354519,1000000,1253,1,0.0062882439233362675,OK,True,
bcftools-indexed,r01_region_record_count,w1000000_06,chr1,47354520,48354519,1000000,1253,2,0.0060271648690104485,OK,True,
bcftools-indexed,r01_region_record_count,w1000000_06,chr1,47354520,48354519,1000000,1253,3,0.006206552032381296,OK,True,
bcftools-indexed,r01_region_record_count,w1000000_07,chr1,35782931,36782930,1000000,868,1,0.005706237629055977,OK,True,
bcftools-indexed,r01_region_record_count,w1000000_07,chr1,35782931,36782930,1000000,868,2,0.005547167267650366,OK,True,
bcftools-indexed,r01_region_record_count,w1000000_07,chr1,35782931,36782930,1000000,868,3,0.005390060134232044,OK,True,
bcftools-indexed,r01_region_record_count,w1000000_08,chr1,5611726,6611725,1000000,1261,1,0.006333247292786837,OK,True,
bcftools-indexed,r01_region_record_count,w1000000_08,chr1,5611726,6611725,1000000,1261,2,0.006694523151963949,OK,True,
bcftools-indexed,r01_region_record_count,w1000000_08,chr1,5611726,6611725,1000000,1261,3,0.006160586141049862,OK,True,
bcftools-indexed,r01_region_record_count,w1000000_09,chr1,17930348,18930347,1000000,1491,1,0.006285050418227911,OK,True,
bcftools-indexed,r01_region_record_count,w1000000_09,chr1,17930348,18930347,1000000,1491,2,0.0066930921748280525,OK,True,
bcftools-indexed,r01_region_record_count,w1000000_09,chr1,17930348,18930347,1000000,1491,3,0.006935247220098972,OK,True,
bcftools-indexed,r01_region_record_count,w1000000_10,chr1,58656617,59656616,1000000,1262,1,0.006032001227140427,OK,True,
bcftools-indexed,r01_region_record_count,w1000000_10,chr1,58656617,59656616,1000000,1262,2,0.006273102015256882,OK,True,
bcftools-indexed,r01_region_record_count,w1000000_10,chr1,58656617,59656616,1000000,1262,3,0.006002664566040039,OK,True,
bcftools-indexed,r01_region_record_count,w1000000_11,chr1,20579658,21579657,1000000,1246,1,0.005954782012850046,OK,True,
bcftools-indexed,r01_region_record_count,w1000000_11,chr1,20579658,21579657,1000000,1246,2,0.0064989118836820126,OK,True,
bcftools-indexed,r01_region_record_count,w1000000_11,chr1,20579658,21579657,1000000,1246,3,0.006702055223286152,OK,True,
bcftools-indexed,r01_region_record_count,w1000000_12,chr1,66774094,67774093,1000000,1548,1,0.006760919000953436,OK,True,
bcftools-indexed,r01_region_record_count,w1000000_12,chr1,66774094,67774093,1000000,1548,2,0.007491610944271088,OK,True,
bcftools-indexed,r01_region_record_count,w1000000_12,chr1,66774094,67774093,1000000,1548,3,0.006598099134862423,OK,True,
bcftools-indexed,r01_region_record_count,w1000000_13,chr1,53330427,54330426,1000000,1337,1,0.006533347070217133,OK,True,
bcftools-indexed,r01_region_record_count,w1000000_13,chr1,53330427,54330426,1000000,1337,2,0.006855095271021128,OK,True,
bcftools-indexed,r01_region_record_count,w1000000_13,chr1,53330427,54330426,1000000,1337,3,0.006654217839241028,OK,True,
bcftools-indexed,r01_region_record_count,w1000000_14,chr1,34457222,35457221,1000000,1194,1,0.006100757978856564,OK,True,
bcftools-indexed,r01_region_record_count,w1000000_14,chr1,34457222,35457221,1000000,1194,2,0.005893032066524029,OK,True,
bcftools-indexed,r01_region_record_count,w1000000_14,chr1,34457222,35457221,1000000,1194,3,0.005774716846644878,OK,True,
bcftools-indexed,r01_region_record_count,w1000000_15,chr1,6173132,7173131,1000000,906,1,0.005626005120575428,OK,True,
bcftools-indexed,r01_region_record_count,w1000000_15,chr1,6173132,7173131,1000000,906,2,0.005366067867726088,OK,True,
bcftools-indexed,r01_region_record_count,w1000000_15,chr1,6173132,7173131,1000000,906,3,0.005414238665252924,OK,True,
bcftools-indexed,r01_region_record_count,w1000000_16,chr1,34054184,35054183,1000000,1668,1,0.00644850404933095,OK,True,
bcftools-indexed,r01_region_record_count,w1000000_16,chr1,34054184,35054183,1000000,1668,2,0.0066631631925702095,OK,True,
bcftools-indexed,r01_region_record_count,w1000000_16,chr1,34054184,35054183,1000000,1668,3,0.006574077997356653,OK,True,
bcftools-indexed,r01_region_record_count,w1000000_17,chr1,15193776,16193775,1000000,1521,1,0.0060936398804187775,OK,True,
bcftools-indexed,r01_region_record_count,w1000000_17,chr1,15193776,16193775,1000000,1521,2,0.0068886978551745415,OK,True,
bcftools-indexed,r01_region_record_count,w1000000_17,chr1,15193776,16193775,1000000,1521,3,0.006363747175782919,OK,True,
bcftools-indexed,r01_region_record_count,w1000000_18,chr1,43583485,44583484,1000000,1108,1,0.006093790289014578,OK,True,
bcftools-indexed,r01_region_record_count,w1000000_18,chr1,43583485,44583484,1000000,1108,2,0.005752088967710733,OK,True,
bcftools-indexed,r01_region_record_count,w1000000_18,chr1,43583485,44583484,1000000,1108,3,0.005511044058948755,OK,True,
bcftools-indexed,r01_region_record_count,w1000000_19,chr1,58570714,59570713,1000000,1451,1,0.0063733551651239395,OK,True,
bcftools-indexed,r01_region_record_count,w1000000_19,chr1,58570714,59570713,1000000,1451,2,0.006463533733040094,OK,True,
bcftools-indexed,r01_region_record_count,w1000000_19,chr1,58570714,59570713,1000000,1451,3,0.006137397605925798,OK,True,
bcftools-indexed,r01_region_record_count,w10000000_00,chr1,36023355,46023354,10000000,11510,1,0.02300935098901391,OK,True,
bcftools-indexed,r01_region_record_count,w10000000_00,chr1,36023355,46023354,10000000,11510,2,0.023521660827100277,OK,True,
bcftools-indexed,r01_region_record_count,w10000000_00,chr1,36023355,46023354,10000000,11510,3,0.022192716132849455,OK,True,
bcftools-indexed,r01_region_record_count,w10000000_01,chr1,57527385,67527384,10000000,14820,1,0.028100847266614437,OK,True,
bcftools-indexed,r01_region_record_count,w10000000_01,chr1,57527385,67527384,10000000,14820,2,0.02765529416501522,OK,True,
bcftools-indexed,r01_region_record_count,w10000000_01,chr1,57527385,67527384,10000000,14820,3,0.026039149146527052,OK,True,
bcftools-indexed,r01_region_record_count,w10000000_02,chr1,63680811,73680810,10000000,13676,1,0.02445974387228489,OK,True,
bcftools-indexed,r01_region_record_count,w10000000_02,chr1,63680811,73680810,10000000,13676,2,0.024322954937815666,OK,True,
bcftools-indexed,r01_region_record_count,w10000000_02,chr1,63680811,73680810,10000000,13676,3,0.024621364194899797,OK,True,
bcftools-indexed,r01_region_record_count,w10000000_03,chr1,53679378,63679377,10000000,14787,1,0.027064247988164425,OK,True,
bcftools-indexed,r01_region_record_count,w10000000_03,chr1,53679378,63679377,10000000,14787,2,0.02645558025687933,OK,True,
bcftools-indexed,r01_region_record_count,w10000000_03,chr1,53679378,63679377,10000000,14787,3,0.026633651927113533,OK,True,
bcftools-indexed,r01_region_record_count,w10000000_04,chr1,60690498,70690497,10000000,14398,1,0.026394604239612818,OK,True,
bcftools-indexed,r01_region_record_count,w10000000_04,chr1,60690498,70690497,10000000,14398,2,0.02643420873209834,OK,True,
bcftools-indexed,r01_region_record_count,w10000000_04,chr1,60690498,70690497,10000000,14398,3,0.025629767682403326,OK,True,
bcftools-indexed,r01_region_record_count,w10000000_05,chr1,47428546,57428545,10000000,11289,1,0.020831264089792967,OK,True,
bcftools-indexed,r01_region_record_count,w10000000_05,chr1,47428546,57428545,10000000,11289,2,0.021952403243631124,OK,True,
bcftools-indexed,r01_region_record_count,w10000000_05,chr1,47428546,57428545,10000000,11289,3,0.020945819094777107,OK,True,
bcftools-indexed,r01_region_record_count,w10000000_06,chr1,22030736,32030735,10000000,12991,1,0.024123971350491047,OK,True,
bcftools-indexed,r01_region_record_count,w10000000_06,chr1,22030736,32030735,10000000,12991,2,0.025286149233579636,OK,True,
bcftools-indexed,r01_region_record_count,w10000000_06,chr1,22030736,32030735,10000000,12991,3,0.02425103122368455,OK,True,
bcftools-indexed,r01_region_record_count,w10000000_07,chr1,34252401,44252400,10000000,11717,1,0.023510854691267014,OK,True,
bcftools-indexed,r01_region_record_count,w10000000_07,chr1,34252401,44252400,10000000,11717,2,0.026713916566222906,OK,True,
bcftools-indexed,r01_region_record_count,w10000000_07,chr1,34252401,44252400,10000000,11717,3,0.02253010217100382,OK,True,
bcftools-indexed,r01_region_record_count,w10000000_08,chr1,58528508,68528507,10000000,14502,1,0.02677760599181056,OK,True,
bcftools-indexed,r01_region_record_count,w10000000_08,chr1,58528508,68528507,10000000,14502,2,0.027282978873699903,OK,True,
bcftools-indexed,r01_region_record_count,w10000000_08,chr1,58528508,68528507,10000000,14502,3,0.02645936794579029,OK,True,
bcftools-indexed,r01_region_record_count,w10000000_09,chr1,51917411,61917410,10000000,13900,1,0.024879006668925285,OK,True,
bcftools-indexed,r01_region_record_count,w10000000_09,chr1,51917411,61917410,10000000,13900,2,0.033761109225451946,OK,True,
bcftools-indexed,r01_region_record_count,w10000000_09,chr1,51917411,61917410,10000000,13900,3,0.02549887914210558,OK,True,
bcftools-indexed,r01_region_record_count,w10000000_10,chr1,17106918,27106917,10000000,14199,1,0.030931911896914244,OK,True,
bcftools-indexed,r01_region_record_count,w10000000_10,chr1,17106918,27106917,10000000,14199,2,0.028516170103102922,OK,True,
bcftools-indexed,r01_region_record_count,w10000000_10,chr1,17106918,27106917,10000000,14199,3,0.02576052863150835,OK,True,
bcftools-indexed,r01_region_record_count,w10000000_11,chr1,43275553,53275552,10000000,9415,1,0.01824836991727352,OK,True,
bcftools-indexed,r01_region_record_count,w10000000_11,chr1,43275553,53275552,10000000,9415,2,0.01908296998590231,OK,True,
bcftools-indexed,r01_region_record_count,w10000000_11,chr1,43275553,53275552,10000000,9415,3,0.02748124487698078,OK,True,
bcftools-indexed,r01_region_record_count,w10000000_12,chr1,75394691,85394690,10000000,3288,1,0.010315650142729282,OK,True,
bcftools-indexed,r01_region_record_count,w10000000_12,chr1,75394691,85394690,10000000,3288,2,0.014315053820610046,OK,True,
bcftools-indexed,r01_region_record_count,w10000000_12,chr1,75394691,85394690,10000000,3288,3,0.009245946072041988,OK,True,
bcftools-indexed,r01_region_record_count,w10000000_13,chr1,40866716,50866715,10000000,10786,1,0.026016356889158487,OK,True,
bcftools-indexed,r01_region_record_count,w10000000_13,chr1,40866716,50866715,10000000,10786,2,0.02038487885147333,OK,True,
bcftools-indexed,r01_region_record_count,w10000000_13,chr1,40866716,50866715,10000000,10786,3,0.02054400835186243,OK,True,
bcftools-indexed,r01_region_record_count,w10000000_14,chr1,54182280,64182279,10000000,14941,1,0.028224500827491283,OK,True,
bcftools-indexed,r01_region_record_count,w10000000_14,chr1,54182280,64182279,10000000,14941,2,0.02676019025966525,OK,True,
bcftools-indexed,r01_region_record_count,w10000000_14,chr1,54182280,64182279,10000000,14941,3,0.026939525734633207,OK,True,
bcftools-indexed,r01_region_record_count,w10000000_15,chr1,22053178,32053177,10000000,12910,1,0.023364075925201178,OK,True,
bcftools-indexed,r01_region_record_count,w10000000_15,chr1,22053178,32053177,10000000,12910,2,0.023309238720685244,OK,True,
bcftools-indexed,r01_region_record_count,w10000000_15,chr1,22053178,32053177,10000000,12910,3,0.02305417275056243,OK,True,
bcftools-indexed,r01_region_record_count,w10000000_16,chr1,65680356,75680355,10000000,13295,1,0.023965382017195225,OK,True,
bcftools-indexed,r01_region_record_count,w10000000_16,chr1,65680356,75680355,10000000,13295,2,0.02397354319691658,OK,True,
bcftools-indexed,r01_region_record_count,w10000000_16,chr1,65680356,75680355,10000000,13295,3,0.023902310989797115,OK,True,
bcftools-indexed,r01_region_record_count,w10000000_17,chr1,30270070,40270069,10000000,12583,1,0.02312728902325034,OK,True,
bcftools-indexed,r01_region_record_count,w10000000_17,chr1,30270070,40270069,10000000,12583,2,0.022847839631140232,OK,True,
bcftools-indexed,r01_region_record_count,w10000000_17,chr1,30270070,40270069,10000000,12583,3,0.023227204103022814,OK,True,
bcftools-indexed,r01_region_record_count,w10000000_18,chr1,42283662,52283661,10000000,9628,1,0.019085641019046307,OK,True,
bcftools-indexed,r01_region_record_count,w10000000_18,chr1,42283662,52283661,10000000,9628,2,0.019284379202872515,OK,True,
bcftools-indexed,r01_region_record_count,w10000000_18,chr1,42283662,52283661,10000000,9628,3,0.0188306737691164,OK,True,
bcftools-indexed,r01_region_record_count,w10000000_19,chr1,61622305,71622304,10000000,14407,1,0.026333760004490614,OK,True,
bcftools-indexed,r01_region_record_count,w10000000_19,chr1,61622305,71622304,10000000,14407,2,0.026085592806339264,OK,True,
bcftools-indexed,r01_region_record_count,w10000000_19,chr1,61622305,71622304,10000000,14407,3,0.026188638992607594,OK,True,
bcftools-indexed,r02_region_variant_shape_counts,w1000_00,chr1,23894831,23895830,1000,10,1,0.0047110989689826965,OK,True,
bcftools-indexed,r02_region_variant_shape_counts,w1000_00,chr1,23894831,23895830,1000,10,2,0.004329078830778599,OK,True,
bcftools-indexed,r02_region_variant_shape_counts,w1000_00,chr1,23894831,23895830,1000,10,3,0.006040820851922035,OK,True,
bcftools-indexed,r02_region_variant_shape_counts,w1000_01,chr1,37268328,37269327,1000,1,1,0.0057085738517344,OK,True,
bcftools-indexed,r02_region_variant_shape_counts,w1000_01,chr1,37268328,37269327,1000,1,2,0.004385618958622217,OK,True,
bcftools-indexed,r02_region_variant_shape_counts,w1000_01,chr1,37268328,37269327,1000,1,3,0.004457526374608278,OK,True,
bcftools-indexed,r02_region_variant_shape_counts,w1000_02,chr1,42471294,42472293,1000,2,1,0.0046918499283492565,OK,True,
bcftools-indexed,r02_region_variant_shape_counts,w1000_02,chr1,42471294,42472293,1000,2,2,0.004522336181253195,OK,True,
bcftools-indexed,r02_region_variant_shape_counts,w1000_02,chr1,42471294,42472293,1000,2,3,0.004298462066799402,OK,True,
bcftools-indexed,r02_region_variant_shape_counts,w1000_03,chr1,19972624,19973623,1000,4,1,0.0049951691180467606,OK,True,
bcftools-indexed,r02_region_variant_shape_counts,w1000_03,chr1,19972624,19973623,1000,4,2,0.00470206281170249,OK,True,
bcftools-indexed,r02_region_variant_shape_counts,w1000_03,chr1,19972624,19973623,1000,4,3,0.004852823913097382,OK,True,
bcftools-indexed,r02_region_variant_shape_counts,w1000_04,chr1,65925426,65926425,1000,2,1,0.004457682371139526,OK,True,
bcftools-indexed,r02_region_variant_shape_counts,w1000_04,chr1,65925426,65926425,1000,2,2,0.004475909750908613,OK,True,
bcftools-indexed,r02_region_variant_shape_counts,w1000_04,chr1,65925426,65926425,1000,2,3,0.004338057246059179,OK,True,
bcftools-indexed,r02_region_variant_shape_counts,w1000_05,chr1,54878472,54879471,1000,2,1,0.004364567808806896,OK,True,
bcftools-indexed,r02_region_variant_shape_counts,w1000_05,chr1,54878472,54879471,1000,2,2,0.004230476915836334,OK,True,
bcftools-indexed,r02_region_variant_shape_counts,w1000_05,chr1,54878472,54879471,1000,2,3,0.004373180214315653,OK,True,
bcftools-indexed,r02_region_variant_shape_counts,w1000_06,chr1,54724268,54725267,1000,9,1,0.004230849910527468,OK,True,
bcftools-indexed,r02_region_variant_shape_counts,w1000_06,chr1,54724268,54725267,1000,9,2,0.006669524125754833,OK,True,
bcftools-indexed,r02_region_variant_shape_counts,w1000_06,chr1,54724268,54725267,1000,9,3,0.004662021994590759,OK,True,
bcftools-indexed,r02_region_variant_shape_counts,w1000_07,chr1,50226603,50227602,1000,3,1,0.005190687719732523,OK,True,
bcftools-indexed,r02_region_variant_shape_counts,w1000_07,chr1,50226603,50227602,1000,3,2,0.005040153861045837,OK,True,
bcftools-indexed,r02_region_variant_shape_counts,w1000_07,chr1,50226603,50227602,1000,3,3,0.004673967137932777,OK,True,
bcftools-indexed,r02_region_variant_shape_counts,w1000_08,chr1,5558122,5559121,1000,2,1,0.0045004189014434814,OK,True,
bcftools-indexed,r02_region_variant_shape_counts,w1000_08,chr1,5558122,5559121,1000,2,2,0.004543560091406107,OK,True,
bcftools-indexed,r02_region_variant_shape_counts,w1000_08,chr1,5558122,5559121,1000,2,3,0.004258765839040279,OK,True,
bcftools-indexed,r02_region_variant_shape_counts,w1000_09,chr1,21979241,21980240,1000,15,1,0.004245066083967686,OK,True,
bcftools-indexed,r02_region_variant_shape_counts,w1000_09,chr1,21979241,21980240,1000,15,2,0.004518086090683937,OK,True,
bcftools-indexed,r02_region_variant_shape_counts,w1000_09,chr1,21979241,21980240,1000,15,3,0.004210163373500109,OK,True,
bcftools-indexed,r02_region_variant_shape_counts,w1000_10,chr1,58250107,58251106,1000,2,1,0.004423859063535929,OK,True,
bcftools-indexed,r02_region_variant_shape_counts,w1000_10,chr1,58250107,58251106,1000,2,2,0.004223731346428394,OK,True,
bcftools-indexed,r02_region_variant_shape_counts,w1000_10,chr1,58250107,58251106,1000,2,3,0.0041228667832911015,OK,True,
bcftools-indexed,r02_region_variant_shape_counts,w1000_11,chr1,33820268,33821267,1000,1,1,0.00414613401517272,OK,True,
bcftools-indexed,r02_region_variant_shape_counts,w1000_11,chr1,33820268,33821267,1000,1,2,0.00419772882014513,OK,True,
bcftools-indexed,r02_region_variant_shape_counts,w1000_11,chr1,33820268,33821267,1000,1,3,0.004168400075286627,OK,True,
bcftools-indexed,r02_region_variant_shape_counts,w1000_12,chr1,74268898,74269897,1000,4,1,0.004197528585791588,OK,True,
bcftools-indexed,r02_region_variant_shape_counts,w1000_12,chr1,74268898,74269897,1000,4,2,0.004359149839729071,OK,True,
bcftools-indexed,r02_region_variant_shape_counts,w1000_12,chr1,74268898,74269897,1000,4,3,0.0041512008756399155,OK,True,
bcftools-indexed,r02_region_variant_shape_counts,w1000_13,chr1,58011340,58012339,1000,3,1,0.004656110890209675,OK,True,
bcftools-indexed,r02_region_variant_shape_counts,w1000_13,chr1,58011340,58012339,1000,3,2,0.004458132665604353,OK,True,
bcftools-indexed,r02_region_variant_shape_counts,w1000_13,chr1,58011340,58012339,1000,3,3,0.004923882894217968,OK,True,
bcftools-indexed,r02_region_variant_shape_counts,w1000_14,chr1,55322618,55323617,1000,2,1,0.004331214353442192,OK,True,
bcftools-indexed,r02_region_variant_shape_counts,w1000_14,chr1,55322618,55323617,1000,2,2,0.004365583881735802,OK,True,
bcftools-indexed,r02_region_variant_shape_counts,w1000_14,chr1,55322618,55323617,1000,2,3,0.004320574924349785,OK,True,
bcftools-indexed,r02_region_variant_shape_counts,w1000_15,chr1,58597811,58598810,1000,2,1,0.00432182289659977,OK,True,
bcftools-indexed,r02_region_variant_shape_counts,w1000_15,chr1,58597811,58598810,1000,2,2,0.004325369838625193,OK,True,
bcftools-indexed,r02_region_variant_shape_counts,w1000_15,chr1,58597811,58598810,1000,2,3,0.004403145983815193,OK,True,
bcftools-indexed,r02_region_variant_shape_counts,w1000_16,chr1,61942877,61943876,1000,1,1,0.004462211858481169,OK,True,
bcftools-indexed,r02_region_variant_shape_counts,w1000_16,chr1,61942877,61943876,1000,1,2,0.0045402380637824535,OK,True,
bcftools-indexed,r02_region_variant_shape_counts,w1000_16,chr1,61942877,61943876,1000,1,3,0.00437553133815527,OK,True,
bcftools-indexed,r02_region_variant_shape_counts,w1000_17,chr1,74952903,74953902,1000,2,1,0.004329352173954248,OK,True,
bcftools-indexed,r02_region_variant_shape_counts,w1000_17,chr1,74952903,74953902,1000,2,2,0.004398453049361706,OK,True,
bcftools-indexed,r02_region_variant_shape_counts,w1000_17,chr1,74952903,74953902,1000,2,3,0.004788617137819529,OK,True,
bcftools-indexed,r02_region_variant_shape_counts,w1000_18,chr1,10920022,10921021,1000,7,1,0.004556751810014248,OK,True,
bcftools-indexed,r02_region_variant_shape_counts,w1000_18,chr1,10920022,10921021,1000,7,2,0.00429518660530448,OK,True,
bcftools-indexed,r02_region_variant_shape_counts,w1000_18,chr1,10920022,10921021,1000,7,3,0.004284517839550972,OK,True,
bcftools-indexed,r02_region_variant_shape_counts,w1000_19,chr1,54064366,54065365,1000,1,1,0.004483478143811226,OK,True,
bcftools-indexed,r02_region_variant_shape_counts,w1000_19,chr1,54064366,54065365,1000,1,2,0.004208981059491634,OK,True,
bcftools-indexed,r02_region_variant_shape_counts,w1000_19,chr1,54064366,54065365,1000,1,3,0.0046683670952916145,OK,True,
bcftools-indexed,r02_region_variant_shape_counts,w100000_00,chr1,76042312,76142311,100000,132,1,0.005037965718656778,OK,True,
bcftools-indexed,r02_region_variant_shape_counts,w100000_00,chr1,76042312,76142311,100000,132,2,0.004942147061228752,OK,True,
bcftools-indexed,r02_region_variant_shape_counts,w100000_00,chr1,76042312,76142311,100000,132,3,0.004797563888132572,OK,True,
bcftools-indexed,r02_region_variant_shape_counts,w100000_01,chr1,26177705,26277704,100000,141,1,0.004765787161886692,OK,True,
bcftools-indexed,r02_region_variant_shape_counts,w100000_01,chr1,26177705,26277704,100000,141,2,0.005081485025584698,OK,True,
bcftools-indexed,r02_region_variant_shape_counts,w100000_01,chr1,26177705,26277704,100000,141,3,0.005020147189497948,OK,True,
bcftools-indexed,r02_region_variant_shape_counts,w100000_02,chr1,76668322,76768321,100000,131,1,0.004780071787536144,OK,True,
bcftools-indexed,r02_region_variant_shape_counts,w100000_02,chr1,76668322,76768321,100000,131,2,0.004807736724615097,OK,True,
bcftools-indexed,r02_region_variant_shape_counts,w100000_02,chr1,76668322,76768321,100000,131,3,0.004367781803011894,OK,True,
bcftools-indexed,r02_region_variant_shape_counts,w100000_03,chr1,64797067,64897066,100000,153,1,0.0047049070708453655,OK,True,
bcftools-indexed,r02_region_variant_shape_counts,w100000_03,chr1,64797067,64897066,100000,153,2,0.004831321071833372,OK,True,
bcftools-indexed,r02_region_variant_shape_counts,w100000_03,chr1,64797067,64897066,100000,153,3,0.0050844657234847546,OK,True,
bcftools-indexed,r02_region_variant_shape_counts,w100000_04,chr1,66848110,66948109,100000,83,1,0.004754139110445976,OK,True,
bcftools-indexed,r02_region_variant_shape_counts,w100000_04,chr1,66848110,66948109,100000,83,2,0.00463937409222126,OK,True,
bcftools-indexed,r02_region_variant_shape_counts,w100000_04,chr1,66848110,66948109,100000,83,3,0.004726094659417868,OK,True,
bcftools-indexed,r02_region_variant_shape_counts,w100000_05,chr1,58175965,58275964,100000,181,1,0.004641624167561531,OK,True,
bcftools-indexed,r02_region_variant_shape_counts,w100000_05,chr1,58175965,58275964,100000,181,2,0.004579476546496153,OK,True,
bcftools-indexed,r02_region_variant_shape_counts,w100000_05,chr1,58175965,58275964,100000,181,3,0.00509352283552289,OK,True,
bcftools-indexed,r02_region_variant_shape_counts,w100000_06,chr1,41567443,41667442,100000,142,1,0.004810711834579706,OK,True,
bcftools-indexed,r02_region_variant_shape_counts,w100000_06,chr1,41567443,41667442,100000,142,2,0.004735823255032301,OK,True,
bcftools-indexed,r02_region_variant_shape_counts,w100000_06,chr1,41567443,41667442,100000,142,3,0.004614755045622587,OK,True,
bcftools-indexed,r02_region_variant_shape_counts,w100000_07,chr1,23625875,23725874,100000,143,1,0.00504285329952836,OK,True,
bcftools-indexed,r02_region_variant_shape_counts,w100000_07,chr1,23625875,23725874,100000,143,2,0.004650420043617487,OK,True,
bcftools-indexed,r02_region_variant_shape_counts,w100000_07,chr1,23625875,23725874,100000,143,3,0.00484178401529789,OK,True,
bcftools-indexed,r02_region_variant_shape_counts,w100000_08,chr1,69897964,69997963,100000,77,1,0.004364330321550369,OK,True,
bcftools-indexed,r02_region_variant_shape_counts,w100000_08,chr1,69897964,69997963,100000,77,2,0.004459724295884371,OK,True,
bcftools-indexed,r02_region_variant_shape_counts,w100000_08,chr1,69897964,69997963,100000,77,3,0.005535525735467672,OK,True,
bcftools-indexed,r02_region_variant_shape_counts,w100000_09,chr1,63664508,63764507,100000,287,1,0.005830985959619284,OK,True,
bcftools-indexed,r02_region_variant_shape_counts,w100000_09,chr1,63664508,63764507,100000,287,2,0.005411954130977392,OK,True,
bcftools-indexed,r02_region_variant_shape_counts,w100000_09,chr1,63664508,63764507,100000,287,3,0.005149172153323889,OK,True,
bcftools-indexed,r02_region_variant_shape_counts,w100000_10,chr1,15518874,15618873,100000,146,1,0.0048188576474785805,OK,True,
bcftools-indexed,r02_region_variant_shape_counts,w100000_10,chr1,15518874,15618873,100000,146,2,0.00459259795024991,OK,True,
bcftools-indexed,r02_region_variant_shape_counts,w100000_10,chr1,15518874,15618873,100000,146,3,0.004595770034939051,OK,True,
bcftools-indexed,r02_region_variant_shape_counts,w100000_11,chr1,23996836,24096835,100000,343,1,0.005083862692117691,OK,True,
bcftools-indexed,r02_region_variant_shape_counts,w100000_11,chr1,23996836,24096835,100000,343,2,0.0049649570137262344,OK,True,
bcftools-indexed,r02_region_variant_shape_counts,w100000_11,chr1,23996836,24096835,100000,343,3,0.0053568873554468155,OK,True,
bcftools-indexed,r02_region_variant_shape_counts,w100000_12,chr1,56566795,56666794,100000,139,1,0.004420157987624407,OK,True,
bcftools-indexed,r02_region_variant_shape_counts,w100000_12,chr1,56566795,56666794,100000,139,2,0.004928471054881811,OK,True,
bcftools-indexed,r02_region_variant_shape_counts,w100000_12,chr1,56566795,56666794,100000,139,3,0.005055059213191271,OK,True,
bcftools-indexed,r02_region_variant_shape_counts,w100000_13,chr1,24058646,24158645,100000,214,1,0.004770770203322172,OK,True,
bcftools-indexed,r02_region_variant_shape_counts,w100000_13,chr1,24058646,24158645,100000,214,2,0.005161297041922808,OK,True,
bcftools-indexed,r02_region_variant_shape_counts,w100000_13,chr1,24058646,24158645,100000,214,3,0.005314594134688377,OK,True,
bcftools-indexed,r02_region_variant_shape_counts,w100000_14,chr1,3105927,3205926,100000,226,1,0.004951513838022947,OK,True,
bcftools-indexed,r02_region_variant_shape_counts,w100000_14,chr1,3105927,3205926,100000,226,2,0.004847354721277952,OK,True,
bcftools-indexed,r02_region_variant_shape_counts,w100000_14,chr1,3105927,3205926,100000,226,3,0.00557929091155529,OK,True,
bcftools-indexed,r02_region_variant_shape_counts,w100000_15,chr1,54865968,54965967,100000,181,1,0.004979613237082958,OK,True,
bcftools-indexed,r02_region_variant_shape_counts,w100000_15,chr1,54865968,54965967,100000,181,2,0.005163461901247501,OK,True,
bcftools-indexed,r02_region_variant_shape_counts,w100000_15,chr1,54865968,54965967,100000,181,3,0.0048881410621106625,OK,True,
bcftools-indexed,r02_region_variant_shape_counts,w100000_16,chr1,58852100,58952099,100000,79,1,0.004532692022621632,OK,True,
bcftools-indexed,r02_region_variant_shape_counts,w100000_16,chr1,58852100,58952099,100000,79,2,0.004465173929929733,OK,True,
bcftools-indexed,r02_region_variant_shape_counts,w100000_16,chr1,58852100,58952099,100000,79,3,0.00439775176346302,OK,True,
bcftools-indexed,r02_region_variant_shape_counts,w100000_17,chr1,77570681,77670680,100000,81,1,0.004721984267234802,OK,True,
bcftools-indexed,r02_region_variant_shape_counts,w100000_17,chr1,77570681,77670680,100000,81,2,0.004357757046818733,OK,True,
bcftools-indexed,r02_region_variant_shape_counts,w100000_17,chr1,77570681,77670680,100000,81,3,0.004163261037319899,OK,True,
bcftools-indexed,r02_region_variant_shape_counts,w100000_18,chr1,66388887,66488886,100000,196,1,0.004550522193312645,OK,True,
bcftools-indexed,r02_region_variant_shape_counts,w100000_18,chr1,66388887,66488886,100000,196,2,0.004821800161153078,OK,True,
bcftools-indexed,r02_region_variant_shape_counts,w100000_18,chr1,66388887,66488886,100000,196,3,0.0044945003464818,OK,True,
bcftools-indexed,r02_region_variant_shape_counts,w100000_19,chr1,5319806,5419805,100000,87,1,0.004312017932534218,OK,True,
bcftools-indexed,r02_region_variant_shape_counts,w100000_19,chr1,5319806,5419805,100000,87,2,0.004568104166537523,OK,True,
bcftools-indexed,r02_region_variant_shape_counts,w100000_19,chr1,5319806,5419805,100000,87,3,0.0043426258489489555,OK,True,
bcftools-indexed,r02_region_variant_shape_counts,w1000000_00,chr1,42846822,43846821,1000000,1112,1,0.008090031798928976,OK,True,
bcftools-indexed,r02_region_variant_shape_counts,w1000000_00,chr1,42846822,43846821,1000000,1112,2,0.00783807085826993,OK,True,
bcftools-indexed,r02_region_variant_shape_counts,w1000000_00,chr1,42846822,43846821,1000000,1112,3,0.007758094929158688,OK,True,
bcftools-indexed,r02_region_variant_shape_counts,w1000000_01,chr1,9034070,10034069,1000000,1143,1,0.007536842953413725,OK,True,
bcftools-indexed,r02_region_variant_shape_counts,w1000000_01,chr1,9034070,10034069,1000000,1143,2,0.008292443118989468,OK,True,
bcftools-indexed,r02_region_variant_shape_counts,w1000000_01,chr1,9034070,10034069,1000000,1143,3,0.008135934825986624,OK,True,
bcftools-indexed,r02_region_variant_shape_counts,w1000000_02,chr1,54809885,55809884,1000000,1670,1,0.01348078204318881,OK,True,
bcftools-indexed,r02_region_variant_shape_counts,w1000000_02,chr1,54809885,55809884,1000000,1670,2,0.011909888125956059,OK,True,
bcftools-indexed,r02_region_variant_shape_counts,w1000000_02,chr1,54809885,55809884,1000000,1670,3,0.010253354907035828,OK,True,
bcftools-indexed,r02_region_variant_shape_counts,w1000000_03,chr1,55795141,56795140,1000000,1824,1,0.009847850073128939,OK,True,
bcftools-indexed,r02_region_variant_shape_counts,w1000000_03,chr1,55795141,56795140,1000000,1824,2,0.010750921908766031,OK,True,
bcftools-indexed,r02_region_variant_shape_counts,w1000000_03,chr1,55795141,56795140,1000000,1824,3,0.01028018118813634,OK,True,
bcftools-indexed,r02_region_variant_shape_counts,w1000000_04,chr1,11734309,12734308,1000000,950,1,0.007388655096292496,OK,True,
bcftools-indexed,r02_region_variant_shape_counts,w1000000_04,chr1,11734309,12734308,1000000,950,2,0.008169634733349085,OK,True,
bcftools-indexed,r02_region_variant_shape_counts,w1000000_04,chr1,11734309,12734308,1000000,950,3,0.0073753600008785725,OK,True,
bcftools-indexed,r02_region_variant_shape_counts,w1000000_05,chr1,28814643,29814642,1000000,1348,1,0.00814007967710495,OK,True,
bcftools-indexed,r02_region_variant_shape_counts,w1000000_05,chr1,28814643,29814642,1000000,1348,2,0.008031808771193027,OK,True,
bcftools-indexed,r02_region_variant_shape_counts,w1000000_05,chr1,28814643,29814642,1000000,1348,3,0.008358374703675508,OK,True,
bcftools-indexed,r02_region_variant_shape_counts,w1000000_06,chr1,47354520,48354519,1000000,1253,1,0.008199988398700953,OK,True,
bcftools-indexed,r02_region_variant_shape_counts,w1000000_06,chr1,47354520,48354519,1000000,1253,2,0.007946116849780083,OK,True,
bcftools-indexed,r02_region_variant_shape_counts,w1000000_06,chr1,47354520,48354519,1000000,1253,3,0.008026085793972015,OK,True,
bcftools-indexed,r02_region_variant_shape_counts,w1000000_07,chr1,35782931,36782930,1000000,868,1,0.007260934915393591,OK,True,
bcftools-indexed,r02_region_variant_shape_counts,w1000000_07,chr1,35782931,36782930,1000000,868,2,0.00710175558924675,OK,True,
bcftools-indexed,r02_region_variant_shape_counts,w1000000_07,chr1,35782931,36782930,1000000,868,3,0.007076718378812075,OK,True,
bcftools-indexed,r02_region_variant_shape_counts,w1000000_08,chr1,5611726,6611725,1000000,1261,1,0.008923321031033993,OK,True,
bcftools-indexed,r02_region_variant_shape_counts,w1000000_08,chr1,5611726,6611725,1000000,1261,2,0.008281735237687826,OK,True,
bcftools-indexed,r02_region_variant_shape_counts,w1000000_08,chr1,5611726,6611725,1000000,1261,3,0.008974035736173391,OK,True,
bcftools-indexed,r02_region_variant_shape_counts,w1000000_09,chr1,17930348,18930347,1000000,1491,1,0.009805826004594564,OK,True,
bcftools-indexed,r02_region_variant_shape_counts,w1000000_09,chr1,17930348,18930347,1000000,1491,2,0.00913548981770873,OK,True,
bcftools-indexed,r02_region_variant_shape_counts,w1000000_09,chr1,17930348,18930347,1000000,1491,3,0.00909298425540328,OK,True,
bcftools-indexed,r02_region_variant_shape_counts,w1000000_10,chr1,58656617,59656616,1000000,1262,1,0.00843920512124896,OK,True,
bcftools-indexed,r02_region_variant_shape_counts,w1000000_10,chr1,58656617,59656616,1000000,1262,2,0.00813253503292799,OK,True,
bcftools-indexed,r02_region_variant_shape_counts,w1000000_10,chr1,58656617,59656616,1000000,1262,3,0.008155111223459244,OK,True,
bcftools-indexed,r02_region_variant_shape_counts,w1000000_11,chr1,20579658,21579657,1000000,1246,1,0.008799049071967602,OK,True,
bcftools-indexed,r02_region_variant_shape_counts,w1000000_11,chr1,20579658,21579657,1000000,1246,2,0.00820455839857459,OK,True,
bcftools-indexed,r02_region_variant_shape_counts,w1000000_11,chr1,20579658,21579657,1000000,1246,3,0.008200098294764757,OK,True,
bcftools-indexed,r02_region_variant_shape_counts,w1000000_12,chr1,66774094,67774093,1000000,1548,1,0.009107604157179594,OK,True,
bcftools-indexed,r02_region_variant_shape_counts,w1000000_12,chr1,66774094,67774093,1000000,1548,2,0.00890716863796115,OK,True,
bcftools-indexed,r02_region_variant_shape_counts,w1000000_12,chr1,66774094,67774093,1000000,1548,3,0.012395672965794802,OK,True,
bcftools-indexed,r02_region_variant_shape_counts,w1000000_13,chr1,53330427,54330426,1000000,1337,1,0.008553456980735064,OK,True,
bcftools-indexed,r02_region_variant_shape_counts,w1000000_13,chr1,53330427,54330426,1000000,1337,2,0.00838439492508769,OK,True,
bcftools-indexed,r02_region_variant_shape_counts,w1000000_13,chr1,53330427,54330426,1000000,1337,3,0.008154390845447779,OK,True,
bcftools-indexed,r02_region_variant_shape_counts,w1000000_14,chr1,34457222,35457221,1000000,1194,1,0.00748802162706852,OK,True,
bcftools-indexed,r02_region_variant_shape_counts,w1000000_14,chr1,34457222,35457221,1000000,1194,2,0.008598134387284517,OK,True,
bcftools-indexed,r02_region_variant_shape_counts,w1000000_14,chr1,34457222,35457221,1000000,1194,3,0.007717636879533529,OK,True,
bcftools-indexed,r02_region_variant_shape_counts,w1000000_15,chr1,6173132,7173131,1000000,906,1,0.007441792171448469,OK,True,
bcftools-indexed,r02_region_variant_shape_counts,w1000000_15,chr1,6173132,7173131,1000000,906,2,0.007617598865181208,OK,True,
bcftools-indexed,r02_region_variant_shape_counts,w1000000_15,chr1,6173132,7173131,1000000,906,3,0.007093850988894701,OK,True,
bcftools-indexed,r02_region_variant_shape_counts,w1000000_16,chr1,34054184,35054183,1000000,1668,1,0.009294109884649515,OK,True,
bcftools-indexed,r02_region_variant_shape_counts,w1000000_16,chr1,34054184,35054183,1000000,1668,2,0.009398790076375008,OK,True,
bcftools-indexed,r02_region_variant_shape_counts,w1000000_16,chr1,34054184,35054183,1000000,1668,3,0.009361641947180033,OK,True,
bcftools-indexed,r02_region_variant_shape_counts,w1000000_17,chr1,15193776,16193775,1000000,1521,1,0.00910102715715766,OK,True,
bcftools-indexed,r02_region_variant_shape_counts,w1000000_17,chr1,15193776,16193775,1000000,1521,2,0.008996265940368176,OK,True,
bcftools-indexed,r02_region_variant_shape_counts,w1000000_17,chr1,15193776,16193775,1000000,1521,3,0.00956806680187583,OK,True,
bcftools-indexed,r02_region_variant_shape_counts,w1000000_18,chr1,43583485,44583484,1000000,1108,1,0.007654742803424597,OK,True,
bcftools-indexed,r02_region_variant_shape_counts,w1000000_18,chr1,43583485,44583484,1000000,1108,2,0.007983842864632607,OK,True,
bcftools-indexed,r02_region_variant_shape_counts,w1000000_18,chr1,43583485,44583484,1000000,1108,3,0.007661071140319109,OK,True,
bcftools-indexed,r02_region_variant_shape_counts,w1000000_19,chr1,58570714,59570713,1000000,1451,1,0.008722386322915554,OK,True,
bcftools-indexed,r02_region_variant_shape_counts,w1000000_19,chr1,58570714,59570713,1000000,1451,2,0.008552514016628265,OK,True,
bcftools-indexed,r02_region_variant_shape_counts,w1000000_19,chr1,58570714,59570713,1000000,1451,3,0.008796778041869402,OK,True,
bcftools-indexed,r02_region_variant_shape_counts,w10000000_00,chr1,36023355,46023354,10000000,11510,1,0.03919688193127513,OK,True,
bcftools-indexed,r02_region_variant_shape_counts,w10000000_00,chr1,36023355,46023354,10000000,11510,2,0.03942998172715306,OK,True,
bcftools-indexed,r02_region_variant_shape_counts,w10000000_00,chr1,36023355,46023354,10000000,11510,3,0.04026762209832668,OK,True,
bcftools-indexed,r02_region_variant_shape_counts,w10000000_01,chr1,57527385,67527384,10000000,14820,1,0.04857664089649916,OK,True,
bcftools-indexed,r02_region_variant_shape_counts,w10000000_01,chr1,57527385,67527384,10000000,14820,2,0.0508788819424808,OK,True,
bcftools-indexed,r02_region_variant_shape_counts,w10000000_01,chr1,57527385,67527384,10000000,14820,3,0.049090898130089045,OK,True,
bcftools-indexed,r02_region_variant_shape_counts,w10000000_02,chr1,63680811,73680810,10000000,13676,1,0.045938615687191486,OK,True,
bcftools-indexed,r02_region_variant_shape_counts,w10000000_02,chr1,63680811,73680810,10000000,13676,2,0.045158222783356905,OK,True,
bcftools-indexed,r02_region_variant_shape_counts,w10000000_02,chr1,63680811,73680810,10000000,13676,3,0.045935449190437794,OK,True,
bcftools-indexed,r02_region_variant_shape_counts,w10000000_03,chr1,53679378,63679377,10000000,14787,1,0.049500469118356705,OK,True,
bcftools-indexed,r02_region_variant_shape_counts,w10000000_03,chr1,53679378,63679377,10000000,14787,2,0.04940718412399292,OK,True,
bcftools-indexed,r02_region_variant_shape_counts,w10000000_03,chr1,53679378,63679377,10000000,14787,3,0.04990446288138628,OK,True,
bcftools-indexed,r02_region_variant_shape_counts,w10000000_04,chr1,60690498,70690497,10000000,14398,1,0.048872924875468016,OK,True,
bcftools-indexed,r02_region_variant_shape_counts,w10000000_04,chr1,60690498,70690497,10000000,14398,2,0.04942510789260268,OK,True,
bcftools-indexed,r02_region_variant_shape_counts,w10000000_04,chr1,60690498,70690497,10000000,14398,3,0.04877740703523159,OK,True,
bcftools-indexed,r02_region_variant_shape_counts,w10000000_05,chr1,47428546,57428545,10000000,11289,1,0.03741539362818003,OK,True,
bcftools-indexed,r02_region_variant_shape_counts,w10000000_05,chr1,47428546,57428545,10000000,11289,2,0.038148971274495125,OK,True,
bcftools-indexed,r02_region_variant_shape_counts,w10000000_05,chr1,47428546,57428545,10000000,11289,3,0.03963795816525817,OK,True,
bcftools-indexed,r02_region_variant_shape_counts,w10000000_06,chr1,22030736,32030735,10000000,12991,1,0.0436330190859735,OK,True,
bcftools-indexed,r02_region_variant_shape_counts,w10000000_06,chr1,22030736,32030735,10000000,12991,2,0.04394548898562789,OK,True,
bcftools-indexed,r02_region_variant_shape_counts,w10000000_06,chr1,22030736,32030735,10000000,12991,3,0.04472281504422426,OK,True,
bcftools-indexed,r02_region_variant_shape_counts,w10000000_07,chr1,34252401,44252400,10000000,11717,1,0.04126879200339317,OK,True,
bcftools-indexed,r02_region_variant_shape_counts,w10000000_07,chr1,34252401,44252400,10000000,11717,2,0.03965720674023032,OK,True,
bcftools-indexed,r02_region_variant_shape_counts,w10000000_07,chr1,34252401,44252400,10000000,11717,3,0.039766121190041304,OK,True,
bcftools-indexed,r02_region_variant_shape_counts,w10000000_08,chr1,58528508,68528507,10000000,14502,1,0.04871345777064562,OK,True,
bcftools-indexed,r02_region_variant_shape_counts,w10000000_08,chr1,58528508,68528507,10000000,14502,2,0.04868908505886793,OK,True,
bcftools-indexed,r02_region_variant_shape_counts,w10000000_08,chr1,58528508,68528507,10000000,14502,3,0.06346638407558203,OK,True,
bcftools-indexed,r02_region_variant_shape_counts,w10000000_09,chr1,51917411,61917410,10000000,13900,1,0.04641642374917865,OK,True,
bcftools-indexed,r02_region_variant_shape_counts,w10000000_09,chr1,51917411,61917410,10000000,13900,2,0.04831759678199887,OK,True,
bcftools-indexed,r02_region_variant_shape_counts,w10000000_09,chr1,51917411,61917410,10000000,13900,3,0.045258848927915096,OK,True,
bcftools-indexed,r02_region_variant_shape_counts,w10000000_10,chr1,17106918,27106917,10000000,14199,1,0.047113495878875256,OK,True,
bcftools-indexed,r02_region_variant_shape_counts,w10000000_10,chr1,17106918,27106917,10000000,14199,2,0.04752954328432679,OK,True,
bcftools-indexed,r02_region_variant_shape_counts,w10000000_10,chr1,17106918,27106917,10000000,14199,3,0.046860184986144304,OK,True,
bcftools-indexed,r02_region_variant_shape_counts,w10000000_11,chr1,43275553,53275552,10000000,9415,1,0.03270159475505352,OK,True,
bcftools-indexed,r02_region_variant_shape_counts,w10000000_11,chr1,43275553,53275552,10000000,9415,2,0.03328979201614857,OK,True,
bcftools-indexed,r02_region_variant_shape_counts,w10000000_11,chr1,43275553,53275552,10000000,9415,3,0.03850736701861024,OK,True,
bcftools-indexed,r02_region_variant_shape_counts,w10000000_12,chr1,75394691,85394690,10000000,3288,1,0.014459056314080954,OK,True,
bcftools-indexed,r02_region_variant_shape_counts,w10000000_12,chr1,75394691,85394690,10000000,3288,2,0.014449031092226505,OK,True,
bcftools-indexed,r02_region_variant_shape_counts,w10000000_12,chr1,75394691,85394690,10000000,3288,3,0.014135500881820917,OK,True,
bcftools-indexed,r02_region_variant_shape_counts,w10000000_13,chr1,40866716,50866715,10000000,10786,1,0.03662609774619341,OK,True,
bcftools-indexed,r02_region_variant_shape_counts,w10000000_13,chr1,40866716,50866715,10000000,10786,2,0.03692619455978274,OK,True,
bcftools-indexed,r02_region_variant_shape_counts,w10000000_13,chr1,40866716,50866715,10000000,10786,3,0.037273256573826075,OK,True,
bcftools-indexed,r02_region_variant_shape_counts,w10000000_14,chr1,54182280,64182279,10000000,14941,1,0.051604037173092365,OK,True,
bcftools-indexed,r02_region_variant_shape_counts,w10000000_14,chr1,54182280,64182279,10000000,14941,2,0.050109853968024254,OK,True,
bcftools-indexed,r02_region_variant_shape_counts,w10000000_14,chr1,54182280,64182279,10000000,14941,3,0.049831963144242764,OK,True,
bcftools-indexed,r02_region_variant_shape_counts,w10000000_15,chr1,22053178,32053177,10000000,12910,1,0.04322475381195545,OK,True,
bcftools-indexed,r02_region_variant_shape_counts,w10000000_15,chr1,22053178,32053177,10000000,12910,2,0.04294401593506336,OK,True,
bcftools-indexed,r02_region_variant_shape_counts,w10000000_15,chr1,22053178,32053177,10000000,12910,3,0.04354048240929842,OK,True,
bcftools-indexed,r02_region_variant_shape_counts,w10000000_16,chr1,65680356,75680355,10000000,13295,1,0.04688307922333479,OK,True,
bcftools-indexed,r02_region_variant_shape_counts,w10000000_16,chr1,65680356,75680355,10000000,13295,2,0.045752390287816525,OK,True,
bcftools-indexed,r02_region_variant_shape_counts,w10000000_16,chr1,65680356,75680355,10000000,13295,3,0.05247611226513982,OK,True,
bcftools-indexed,r02_region_variant_shape_counts,w10000000_17,chr1,30270070,40270069,10000000,12583,1,0.04262167029082775,OK,True,
bcftools-indexed,r02_region_variant_shape_counts,w10000000_17,chr1,30270070,40270069,10000000,12583,2,0.04299681168049574,OK,True,
bcftools-indexed,r02_region_variant_shape_counts,w10000000_17,chr1,30270070,40270069,10000000,12583,3,0.0439379527233541,OK,True,
bcftools-indexed,r02_region_variant_shape_counts,w10000000_18,chr1,42283662,52283661,10000000,9628,1,0.033887560945004225,OK,True,
bcftools-indexed,r02_region_variant_shape_counts,w10000000_18,chr1,42283662,52283661,10000000,9628,2,0.03444220311939716,OK,True,
bcftools-indexed,r02_region_variant_shape_counts,w10000000_18,chr1,42283662,52283661,10000000,9628,3,0.033901816699653864,OK,True,
bcftools-indexed,r02_region_variant_shape_counts,w10000000_19,chr1,61622305,71622304,10000000,14407,1,0.04896152811124921,OK,True,
bcftools-indexed,r02_region_variant_shape_counts,w10000000_19,chr1,61622305,71622304,10000000,14407,2,0.04999477695673704,OK,True,
bcftools-indexed,r02_region_variant_shape_counts,w10000000_19,chr1,61622305,71622304,10000000,14407,3,0.04873285302892327,OK,True,
bcftools-indexed,r03_region_titv,w1000_00,chr1,23894831,23895830,1000,10,1,0.0055497330613434315,OK,True,
bcftools-indexed,r03_region_titv,w1000_00,chr1,23894831,23895830,1000,10,2,0.004569635260850191,OK,True,
bcftools-indexed,r03_region_titv,w1000_00,chr1,23894831,23895830,1000,10,3,0.004375323187559843,OK,True,
bcftools-indexed,r03_region_titv,w1000_01,chr1,37268328,37269327,1000,1,1,0.004544004797935486,OK,True,
bcftools-indexed,r03_region_titv,w1000_01,chr1,37268328,37269327,1000,1,2,0.004254631698131561,OK,True,
bcftools-indexed,r03_region_titv,w1000_01,chr1,37268328,37269327,1000,1,3,0.004208896774798632,OK,True,
bcftools-indexed,r03_region_titv,w1000_02,chr1,42471294,42472293,1000,2,1,0.004676540847867727,OK,True,
bcftools-indexed,r03_region_titv,w1000_02,chr1,42471294,42472293,1000,2,2,0.004162763245403767,OK,True,
bcftools-indexed,r03_region_titv,w1000_02,chr1,42471294,42472293,1000,2,3,0.004415472038090229,OK,True,
bcftools-indexed,r03_region_titv,w1000_03,chr1,19972624,19973623,1000,4,1,0.0042853946797549725,OK,True,
bcftools-indexed,r03_region_titv,w1000_03,chr1,19972624,19973623,1000,4,2,0.0043653943575918674,OK,True,
bcftools-indexed,r03_region_titv,w1000_03,chr1,19972624,19973623,1000,4,3,0.004181749187409878,OK,True,
bcftools-indexed,r03_region_titv,w1000_04,chr1,65925426,65926425,1000,2,1,0.004385923035442829,OK,True,
bcftools-indexed,r03_region_titv,w1000_04,chr1,65925426,65926425,1000,2,2,0.004413548391312361,OK,True,
bcftools-indexed,r03_region_titv,w1000_04,chr1,65925426,65926425,1000,2,3,0.0043507530353963375,OK,True,
bcftools-indexed,r03_region_titv,w1000_05,chr1,54878472,54879471,1000,2,1,0.004473777953535318,OK,True,
bcftools-indexed,r03_region_titv,w1000_05,chr1,54878472,54879471,1000,2,2,0.004621021915227175,OK,True,
bcftools-indexed,r03_region_titv,w1000_05,chr1,54878472,54879471,1000,2,3,0.004362470004707575,OK,True,
bcftools-indexed,r03_region_titv,w1000_06,chr1,54724268,54725267,1000,9,1,0.004319382831454277,OK,True,
bcftools-indexed,r03_region_titv,w1000_06,chr1,54724268,54725267,1000,9,2,0.0046125659719109535,OK,True,
bcftools-indexed,r03_region_titv,w1000_06,chr1,54724268,54725267,1000,9,3,0.005126084201037884,OK,True,
bcftools-indexed,r03_region_titv,w1000_07,chr1,50226603,50227602,1000,3,1,0.0046303290873765945,OK,True,
bcftools-indexed,r03_region_titv,w1000_07,chr1,50226603,50227602,1000,3,2,0.0043901242315769196,OK,True,
bcftools-indexed,r03_region_titv,w1000_07,chr1,50226603,50227602,1000,3,3,0.004565269686281681,OK,True,
bcftools-indexed,r03_region_titv,w1000_08,chr1,5558122,5559121,1000,2,1,0.00447063660249114,OK,True,
bcftools-indexed,r03_region_titv,w1000_08,chr1,5558122,5559121,1000,2,2,0.00433532427996397,OK,True,
bcftools-indexed,r03_region_titv,w1000_08,chr1,5558122,5559121,1000,2,3,0.004268539138138294,OK,True,
bcftools-indexed,r03_region_titv,w1000_09,chr1,21979241,21980240,1000,15,1,0.004351911135017872,OK,True,
bcftools-indexed,r03_region_titv,w1000_09,chr1,21979241,21980240,1000,15,2,0.004300570115447044,OK,True,
bcftools-indexed,r03_region_titv,w1000_09,chr1,21979241,21980240,1000,15,3,0.004484924953430891,OK,True,
bcftools-indexed,r03_region_titv,w1000_10,chr1,58250107,58251106,1000,2,1,0.004777377936989069,OK,True,
bcftools-indexed,r03_region_titv,w1000_10,chr1,58250107,58251106,1000,2,2,0.004318788181990385,OK,True,
bcftools-indexed,r03_region_titv,w1000_10,chr1,58250107,58251106,1000,2,3,0.004549216944724321,OK,True,
bcftools-indexed,r03_region_titv,w1000_11,chr1,33820268,33821267,1000,1,1,0.004246070981025696,OK,True,
bcftools-indexed,r03_region_titv,w1000_11,chr1,33820268,33821267,1000,1,2,0.004207327961921692,OK,True,
bcftools-indexed,r03_region_titv,w1000_11,chr1,33820268,33821267,1000,1,3,0.0042769648134708405,OK,True,
bcftools-indexed,r03_region_titv,w1000_12,chr1,74268898,74269897,1000,4,1,0.004589908756315708,OK,True,
bcftools-indexed,r03_region_titv,w1000_12,chr1,74268898,74269897,1000,4,2,0.004416281823068857,OK,True,
bcftools-indexed,r03_region_titv,w1000_12,chr1,74268898,74269897,1000,4,3,0.004234975203871727,OK,True,
bcftools-indexed,r03_region_titv,w1000_13,chr1,58011340,58012339,1000,3,1,0.004277653992176056,OK,True,
bcftools-indexed,r03_region_titv,w1000_13,chr1,58011340,58012339,1000,3,2,0.004371398128569126,OK,True,
bcftools-indexed,r03_region_titv,w1000_13,chr1,58011340,58012339,1000,3,3,0.004200708121061325,OK,True,
bcftools-indexed,r03_region_titv,w1000_14,chr1,55322618,55323617,1000,2,1,0.004331733100116253,OK,True,
bcftools-indexed,r03_region_titv,w1000_14,chr1,55322618,55323617,1000,2,2,0.00438691396266222,OK,True,
bcftools-indexed,r03_region_titv,w1000_14,chr1,55322618,55323617,1000,2,3,0.0044188713654875755,OK,True,
bcftools-indexed,r03_region_titv,w1000_15,chr1,58597811,58598810,1000,2,1,0.004326866939663887,OK,True,
bcftools-indexed,r03_region_titv,w1000_15,chr1,58597811,58598810,1000,2,2,0.004190276842564344,OK,True,
bcftools-indexed,r03_region_titv,w1000_15,chr1,58597811,58598810,1000,2,3,0.004774176981300116,OK,True,
bcftools-indexed,r03_region_titv,w1000_16,chr1,61942877,61943876,1000,1,1,0.004269685596227646,OK,True,
bcftools-indexed,r03_region_titv,w1000_16,chr1,61942877,61943876,1000,1,2,0.004334745928645134,OK,True,
bcftools-indexed,r03_region_titv,w1000_16,chr1,61942877,61943876,1000,1,3,0.004196214955300093,OK,True,
bcftools-indexed,r03_region_titv,w1000_17,chr1,74952903,74953902,1000,2,1,0.004259611014276743,OK,True,
bcftools-indexed,r03_region_titv,w1000_17,chr1,74952903,74953902,1000,2,2,0.004258083179593086,OK,True,
bcftools-indexed,r03_region_titv,w1000_17,chr1,74952903,74953902,1000,2,3,0.004571844823658466,OK,True,
bcftools-indexed,r03_region_titv,w1000_18,chr1,10920022,10921021,1000,7,1,0.00407607015222311,OK,True,
bcftools-indexed,r03_region_titv,w1000_18,chr1,10920022,10921021,1000,7,2,0.0042047020979225636,OK,True,
bcftools-indexed,r03_region_titv,w1000_18,chr1,10920022,10921021,1000,7,3,0.0042421529069542885,OK,True,
bcftools-indexed,r03_region_titv,w1000_19,chr1,54064366,54065365,1000,1,1,0.004169363062828779,OK,True,
bcftools-indexed,r03_region_titv,w1000_19,chr1,54064366,54065365,1000,1,2,0.00406973110511899,OK,True,
bcftools-indexed,r03_region_titv,w1000_19,chr1,54064366,54065365,1000,1,3,0.004268425051122904,OK,True,
bcftools-indexed,r03_region_titv,w100000_00,chr1,76042312,76142311,100000,132,1,0.004373087082058191,OK,True,
bcftools-indexed,r03_region_titv,w100000_00,chr1,76042312,76142311,100000,132,2,0.006582020781934261,OK,True,
bcftools-indexed,r03_region_titv,w100000_00,chr1,76042312,76142311,100000,132,3,0.006863043177872896,OK,True,
bcftools-indexed,r03_region_titv,w100000_01,chr1,26177705,26277704,100000,141,1,0.004851014818996191,OK,True,
bcftools-indexed,r03_region_titv,w100000_01,chr1,26177705,26277704,100000,141,2,0.006701423786580563,OK,True,
bcftools-indexed,r03_region_titv,w100000_01,chr1,26177705,26277704,100000,141,3,0.005448983050882816,OK,True,
bcftools-indexed,r03_region_titv,w100000_02,chr1,76668322,76768321,100000,131,1,0.004680977202951908,OK,True,
bcftools-indexed,r03_region_titv,w100000_02,chr1,76668322,76768321,100000,131,2,0.00503345625475049,OK,True,
bcftools-indexed,r03_region_titv,w100000_02,chr1,76668322,76768321,100000,131,3,0.004999336786568165,OK,True,
bcftools-indexed,r03_region_titv,w100000_03,chr1,64797067,64897066,100000,153,1,0.007231764029711485,OK,True,
bcftools-indexed,r03_region_titv,w100000_03,chr1,64797067,64897066,100000,153,2,0.005352718755602837,OK,True,
bcftools-indexed,r03_region_titv,w100000_03,chr1,64797067,64897066,100000,153,3,0.0055498299188911915,OK,True,
bcftools-indexed,r03_region_titv,w100000_04,chr1,66848110,66948109,100000,83,1,0.007402053102850914,OK,True,
bcftools-indexed,r03_region_titv,w100000_04,chr1,66848110,66948109,100000,83,2,0.007111113052815199,OK,True,
bcftools-indexed,r03_region_titv,w100000_04,chr1,66848110,66948109,100000,83,3,0.005068129859864712,OK,True,
bcftools-indexed,r03_region_titv,w100000_05,chr1,58175965,58275964,100000,181,1,0.005341463256627321,OK,True,
bcftools-indexed,r03_region_titv,w100000_05,chr1,58175965,58275964,100000,181,2,0.005762801039963961,OK,True,
bcftools-indexed,r03_region_titv,w100000_05,chr1,58175965,58275964,100000,181,3,0.005212139338254929,OK,True,
bcftools-indexed,r03_region_titv,w100000_06,chr1,41567443,41667442,100000,142,1,0.005251196213066578,OK,True,
bcftools-indexed,r03_region_titv,w100000_06,chr1,41567443,41667442,100000,142,2,0.00632082624360919,OK,True,
bcftools-indexed,r03_region_titv,w100000_06,chr1,41567443,41667442,100000,142,3,0.0056146252900362015,OK,True,
bcftools-indexed,r03_region_titv,w100000_07,chr1,23625875,23725874,100000,143,1,0.005227399058640003,OK,True,
bcftools-indexed,r03_region_titv,w100000_07,chr1,23625875,23725874,100000,143,2,0.004937663208693266,OK,True,
bcftools-indexed,r03_region_titv,w100000_07,chr1,23625875,23725874,100000,143,3,0.004878677893429995,OK,True,
bcftools-indexed,r03_region_titv,w100000_08,chr1,69897964,69997963,100000,77,1,0.00509002897888422,OK,True,
bcftools-indexed,r03_region_titv,w100000_08,chr1,69897964,69997963,100000,77,2,0.004750162363052368,OK,True,
bcftools-indexed,r03_region_titv,w100000_08,chr1,69897964,69997963,100000,77,3,0.005107133183628321,OK,True,
bcftools-indexed,r03_region_titv,w100000_09,chr1,63664508,63764507,100000,287,1,0.005122150760143995,OK,True,
bcftools-indexed,r03_region_titv,w100000_09,chr1,63664508,63764507,100000,287,2,0.005367346107959747,OK,True,
bcftools-indexed,r03_region_titv,w100000_09,chr1,63664508,63764507,100000,287,3,0.005414389073848724,OK,True,
bcftools-indexed,r03_region_titv,w100000_10,chr1,15518874,15618873,100000,146,1,0.0050130062736570835,OK,True,
bcftools-indexed,r03_region_titv,w100000_10,chr1,15518874,15618873,100000,146,2,0.004945221822708845,OK,True,
bcftools-indexed,r03_region_titv,w100000_10,chr1,15518874,15618873,100000,146,3,0.005314420908689499,OK,True,
bcftools-indexed,r03_region_titv,w100000_11,chr1,23996836,24096835,100000,343,1,0.005334746092557907,OK,True,
bcftools-indexed,r03_region_titv,w100000_11,chr1,23996836,24096835,100000,343,2,0.00534069212153554,OK,True,
bcftools-indexed,r03_region_titv,w100000_11,chr1,23996836,24096835,100000,343,3,0.006083442829549313,OK,True,
bcftools-indexed,r03_region_titv,w100000_12,chr1,56566795,56666794,100000,139,1,0.005264295265078545,OK,True,
bcftools-indexed,r03_region_titv,w100000_12,chr1,56566795,56666794,100000,139,2,0.004638039041310549,OK,True,
bcftools-indexed,r03_region_titv,w100000_12,chr1,56566795,56666794,100000,139,3,0.004605560097843409,OK,True,
bcftools-indexed,r03_region_titv,w100000_13,chr1,24058646,24158645,100000,214,1,0.005563237704336643,OK,True,
bcftools-indexed,r03_region_titv,w100000_13,chr1,24058646,24158645,100000,214,2,0.0051002479158341885,OK,True,
bcftools-indexed,r03_region_titv,w100000_13,chr1,24058646,24158645,100000,214,3,0.005268003325909376,OK,True,
bcftools-indexed,r03_region_titv,w100000_14,chr1,3105927,3205926,100000,226,1,0.004923693835735321,OK,True,
bcftools-indexed,r03_region_titv,w100000_14,chr1,3105927,3205926,100000,226,2,0.00522006768733263,OK,True,
bcftools-indexed,r03_region_titv,w100000_14,chr1,3105927,3205926,100000,226,3,0.004917418118566275,OK,True,
bcftools-indexed,r03_region_titv,w100000_15,chr1,54865968,54965967,100000,181,1,0.0047433520667254925,OK,True,
bcftools-indexed,r03_region_titv,w100000_15,chr1,54865968,54965967,100000,181,2,0.005053661298006773,OK,True,
bcftools-indexed,r03_region_titv,w100000_15,chr1,54865968,54965967,100000,181,3,0.005761255044490099,OK,True,
bcftools-indexed,r03_region_titv,w100000_16,chr1,58852100,58952099,100000,79,1,0.005008583888411522,OK,True,
bcftools-indexed,r03_region_titv,w100000_16,chr1,58852100,58952099,100000,79,2,0.0056113931350409985,OK,True,
bcftools-indexed,r03_region_titv,w100000_16,chr1,58852100,58952099,100000,79,3,0.005127258133143187,OK,True,
bcftools-indexed,r03_region_titv,w100000_17,chr1,77570681,77670680,100000,81,1,0.004874646198004484,OK,True,
bcftools-indexed,r03_region_titv,w100000_17,chr1,77570681,77670680,100000,81,2,0.004737442824989557,OK,True,
bcftools-indexed,r03_region_titv,w100000_17,chr1,77570681,77670680,100000,81,3,0.004758364055305719,OK,True,
bcftools-indexed,r03_region_titv,w100000_18,chr1,66388887,66488886,100000,196,1,0.005061287898570299,OK,True,
bcftools-indexed,r03_region_titv,w100000_18,chr1,66388887,66488886,100000,196,2,0.005050118081271648,OK,True,
bcftools-indexed,r03_region_titv,w100000_18,chr1,66388887,66488886,100000,196,3,0.004924117121845484,OK,True,
bcftools-indexed,r03_region_titv,w100000_19,chr1,5319806,5419805,100000,87,1,0.004745325073599815,OK,True,
bcftools-indexed,r03_region_titv,w100000_19,chr1,5319806,5419805,100000,87,2,0.004740521777421236,OK,True,
bcftools-indexed,r03_region_titv,w100000_19,chr1,5319806,5419805,100000,87,3,0.004529681988060474,OK,True,
bcftools-indexed,r03_region_titv,w1000000_00,chr1,42846822,43846821,1000000,1112,1,0.006566621828824282,OK,True,
bcftools-indexed,r03_region_titv,w1000000_00,chr1,42846822,43846821,1000000,1112,2,0.007321869023144245,OK,True,
bcftools-indexed,r03_region_titv,w1000000_00,chr1,42846822,43846821,1000000,1112,3,0.007125348784029484,OK,True,
bcftools-indexed,r03_region_titv,w1000000_01,chr1,9034070,10034069,1000000,1143,1,0.00728518096730113,OK,True,
bcftools-indexed,r03_region_titv,w1000000_01,chr1,9034070,10034069,1000000,1143,2,0.00729162385687232,OK,True,
bcftools-indexed,r03_region_titv,w1000000_01,chr1,9034070,10034069,1000000,1143,3,0.007246348075568676,OK,True,
bcftools-indexed,r03_region_titv,w1000000_02,chr1,54809885,55809884,1000000,1670,1,0.00825335830450058,OK,True,
bcftools-indexed,r03_region_titv,w1000000_02,chr1,54809885,55809884,1000000,1670,2,0.008335138205438852,OK,True,
bcftools-indexed,r03_region_titv,w1000000_02,chr1,54809885,55809884,1000000,1670,3,0.008059379179030657,OK,True,
bcftools-indexed,r03_region_titv,w1000000_03,chr1,55795141,56795140,1000000,1824,1,0.0109000438824296,OK,True,
bcftools-indexed,r03_region_titv,w1000000_03,chr1,55795141,56795140,1000000,1824,2,0.008936244994401932,OK,True,
bcftools-indexed,r03_region_titv,w1000000_03,chr1,55795141,56795140,1000000,1824,3,0.008671094197779894,OK,True,
bcftools-indexed,r03_region_titv,w1000000_04,chr1,11734309,12734308,1000000,950,1,0.006804171018302441,OK,True,
bcftools-indexed,r03_region_titv,w1000000_04,chr1,11734309,12734308,1000000,950,2,0.006803750991821289,OK,True,
bcftools-indexed,r03_region_titv,w1000000_04,chr1,11734309,12734308,1000000,950,3,0.007067890837788582,OK,True,
bcftools-indexed,r03_region_titv,w1000000_05,chr1,28814643,29814642,1000000,1348,1,0.007446186617016792,OK,True,
bcftools-indexed,r03_region_titv,w1000000_05,chr1,28814643,29814642,1000000,1348,2,0.007284806575626135,OK,True,
bcftools-indexed,r03_region_titv,w1000000_05,chr1,28814643,29814642,1000000,1348,3,0.0073583186604082584,OK,True,
bcftools-indexed,r03_region_titv,w1000000_06,chr1,47354520,48354519,1000000,1253,1,0.0069892797619104385,OK,True,
bcftools-indexed,r03_region_titv,w1000000_06,chr1,47354520,48354519,1000000,1253,2,0.0066396817564964294,OK,True,
bcftools-indexed,r03_region_titv,w1000000_06,chr1,47354520,48354519,1000000,1253,3,0.0069650691002607346,OK,True,
bcftools-indexed,r03_region_titv,w1000000_07,chr1,35782931,36782930,1000000,868,1,0.006237432360649109,OK,True,
bcftools-indexed,r03_region_titv,w1000000_07,chr1,35782931,36782930,1000000,868,2,0.006211333908140659,OK,True,
bcftools-indexed,r03_region_titv,w1000000_07,chr1,35782931,36782930,1000000,868,3,0.00581704918295145,OK,True,
bcftools-indexed,r03_region_titv,w1000000_08,chr1,5611726,6611725,1000000,1261,1,0.00716049037873745,OK,True,
bcftools-indexed,r03_region_titv,w1000000_08,chr1,5611726,6611725,1000000,1261,2,0.007933850400149822,OK,True,
bcftools-indexed,r03_region_titv,w1000000_08,chr1,5611726,6611725,1000000,1261,3,0.007459461688995361,OK,True,
bcftools-indexed,r03_region_titv,w1000000_09,chr1,17930348,18930347,1000000,1491,1,0.008118449710309505,OK,True,
bcftools-indexed,r03_region_titv,w1000000_09,chr1,17930348,18930347,1000000,1491,2,0.0089789479970932,OK,True,
bcftools-indexed,r03_region_titv,w1000000_09,chr1,17930348,18930347,1000000,1491,3,0.0076318359933793545,OK,True,
bcftools-indexed,r03_region_titv,w1000000_10,chr1,58656617,59656616,1000000,1262,1,0.008208727929741144,OK,True,
bcftools-indexed,r03_region_titv,w1000000_10,chr1,58656617,59656616,1000000,1262,2,0.007451362907886505,OK,True,
bcftools-indexed,r03_region_titv,w1000000_10,chr1,58656617,59656616,1000000,1262,3,0.008058127947151661,OK,True,
bcftools-indexed,r03_region_titv,w1000000_11,chr1,20579658,21579657,1000000,1246,1,0.0072763534262776375,OK,True,
bcftools-indexed,r03_region_titv,w1000000_11,chr1,20579658,21579657,1000000,1246,2,0.007214060053229332,OK,True,
bcftools-indexed,r03_region_titv,w1000000_11,chr1,20579658,21579657,1000000,1246,3,0.007553548086434603,OK,True,
bcftools-indexed,r03_region_titv,w1000000_12,chr1,66774094,67774093,1000000,1548,1,0.011248169001191854,OK,True,
bcftools-indexed,r03_region_titv,w1000000_12,chr1,66774094,67774093,1000000,1548,2,0.007875928189605474,OK,True,
bcftools-indexed,r03_region_titv,w1000000_12,chr1,66774094,67774093,1000000,1548,3,0.00789330992847681,OK,True,
bcftools-indexed,r03_region_titv,w1000000_13,chr1,53330427,54330426,1000000,1337,1,0.007236144971102476,OK,True,
bcftools-indexed,r03_region_titv,w1000000_13,chr1,53330427,54330426,1000000,1337,2,0.007509985938668251,OK,True,
bcftools-indexed,r03_region_titv,w1000000_13,chr1,53330427,54330426,1000000,1337,3,0.010445373598486185,OK,True,
bcftools-indexed,r03_region_titv,w1000000_14,chr1,34457222,35457221,1000000,1194,1,0.007219522260129452,OK,True,
bcftools-indexed,r03_region_titv,w1000000_14,chr1,34457222,35457221,1000000,1194,2,0.0070434496738016605,OK,True,
bcftools-indexed,r03_region_titv,w1000000_14,chr1,34457222,35457221,1000000,1194,3,0.006985749118030071,OK,True,
bcftools-indexed,r03_region_titv,w1000000_15,chr1,6173132,7173131,1000000,906,1,0.0062738810665905476,OK,True,
bcftools-indexed,r03_region_titv,w1000000_15,chr1,6173132,7173131,1000000,906,2,0.009346731007099152,OK,True,
bcftools-indexed,r03_region_titv,w1000000_15,chr1,6173132,7173131,1000000,906,3,0.00654940027743578,OK,True,
bcftools-indexed,r03_region_titv,w1000000_16,chr1,34054184,35054183,1000000,1668,1,0.008336993865668774,OK,True,
bcftools-indexed,r03_region_titv,w1000000_16,chr1,34054184,35054183,1000000,1668,2,0.008094928227365017,OK,True,
bcftools-indexed,r03_region_titv,w1000000_16,chr1,34054184,35054183,1000000,1668,3,0.007908058818429708,OK,True,
bcftools-indexed,r03_region_titv,w1000000_17,chr1,15193776,16193775,1000000,1521,1,0.007662101648747921,OK,True,
bcftools-indexed,r03_region_titv,w1000000_17,chr1,15193776,16193775,1000000,1521,2,0.011872995179146528,OK,True,
bcftools-indexed,r03_region_titv,w1000000_17,chr1,15193776,16193775,1000000,1521,3,0.012007898651063442,OK,True,
bcftools-indexed,r03_region_titv,w1000000_18,chr1,43583485,44583484,1000000,1108,1,0.008371635340154171,OK,True,
bcftools-indexed,r03_region_titv,w1000000_18,chr1,43583485,44583484,1000000,1108,2,0.007371232844889164,OK,True,
bcftools-indexed,r03_region_titv,w1000000_18,chr1,43583485,44583484,1000000,1108,3,0.007562805898487568,OK,True,
bcftools-indexed,r03_region_titv,w1000000_19,chr1,58570714,59570713,1000000,1451,1,0.00847280491143465,OK,True,
bcftools-indexed,r03_region_titv,w1000000_19,chr1,58570714,59570713,1000000,1451,2,0.008344876579940319,OK,True,
bcftools-indexed,r03_region_titv,w1000000_19,chr1,58570714,59570713,1000000,1451,3,0.008172404021024704,OK,True,
bcftools-indexed,r03_region_titv,w10000000_00,chr1,36023355,46023354,10000000,11510,1,0.041255299001932144,OK,True,
bcftools-indexed,r03_region_titv,w10000000_00,chr1,36023355,46023354,10000000,11510,2,0.030746488831937313,OK,True,
bcftools-indexed,r03_region_titv,w10000000_00,chr1,36023355,46023354,10000000,11510,3,0.029006929136812687,OK,True,
bcftools-indexed,r03_region_titv,w10000000_01,chr1,57527385,67527384,10000000,14820,1,0.035988652147352695,OK,True,
bcftools-indexed,r03_region_titv,w10000000_01,chr1,57527385,67527384,10000000,14820,2,0.0351166813634336,OK,True,
bcftools-indexed,r03_region_titv,w10000000_01,chr1,57527385,67527384,10000000,14820,3,0.035108986776322126,OK,True,
bcftools-indexed,r03_region_titv,w10000000_02,chr1,63680811,73680810,10000000,13676,1,0.032707725651562214,OK,True,
bcftools-indexed,r03_region_titv,w10000000_02,chr1,63680811,73680810,10000000,13676,2,0.03323494363576174,OK,True,
bcftools-indexed,r03_region_titv,w10000000_02,chr1,63680811,73680810,10000000,13676,3,0.03271765308454633,OK,True,
bcftools-indexed,r03_region_titv,w10000000_03,chr1,53679378,63679377,10000000,14787,1,0.03689325274899602,OK,True,
bcftools-indexed,r03_region_titv,w10000000_03,chr1,53679378,63679377,10000000,14787,2,0.03526629786938429,OK,True,
bcftools-indexed,r03_region_titv,w10000000_03,chr1,53679378,63679377,10000000,14787,3,0.03527559619396925,OK,True,
bcftools-indexed,r03_region_titv,w10000000_04,chr1,60690498,70690497,10000000,14398,1,0.034376081079244614,OK,True,
bcftools-indexed,r03_region_titv,w10000000_04,chr1,60690498,70690497,10000000,14398,2,0.03371034516021609,OK,True,
bcftools-indexed,r03_region_titv,w10000000_04,chr1,60690498,70690497,10000000,14398,3,0.03377635171636939,OK,True,
bcftools-indexed,r03_region_titv,w10000000_05,chr1,47428546,57428545,10000000,11289,1,0.027441995218396187,OK,True,
bcftools-indexed,r03_region_titv,w10000000_05,chr1,47428546,57428545,10000000,11289,2,0.027750100009143353,OK,True,
bcftools-indexed,r03_region_titv,w10000000_05,chr1,47428546,57428545,10000000,11289,3,0.02829553373157978,OK,True,
bcftools-indexed,r03_region_titv,w10000000_06,chr1,22030736,32030735,10000000,12991,1,0.031111466698348522,OK,True,
bcftools-indexed,r03_region_titv,w10000000_06,chr1,22030736,32030735,10000000,12991,2,0.03190167201682925,OK,True,
bcftools-indexed,r03_region_titv,w10000000_06,chr1,22030736,32030735,10000000,12991,3,0.03121953923255205,OK,True,
bcftools-indexed,r03_region_titv,w10000000_07,chr1,34252401,44252400,10000000,11717,1,0.029880703892558813,OK,True,
bcftools-indexed,r03_region_titv,w10000000_07,chr1,34252401,44252400,10000000,11717,2,0.028998187743127346,OK,True,
bcftools-indexed,r03_region_titv,w10000000_07,chr1,34252401,44252400,10000000,11717,3,0.02900153398513794,OK,True,
bcftools-indexed,r03_region_titv,w10000000_08,chr1,58528508,68528507,10000000,14502,1,0.03483875002712011,OK,True,
bcftools-indexed,r03_region_titv,w10000000_08,chr1,58528508,68528507,10000000,14502,2,0.03360558394342661,OK,True,
bcftools-indexed,r03_region_titv,w10000000_08,chr1,58528508,68528507,10000000,14502,3,0.03613211214542389,OK,True,
bcftools-indexed,r03_region_titv,w10000000_09,chr1,51917411,61917410,10000000,13900,1,0.0336523549631238,OK,True,
bcftools-indexed,r03_region_titv,w10000000_09,chr1,51917411,61917410,10000000,13900,2,0.03308174293488264,OK,True,
bcftools-indexed,r03_region_titv,w10000000_09,chr1,51917411,61917410,10000000,13900,3,0.03304915688931942,OK,True,
bcftools-indexed,r03_region_titv,w10000000_10,chr1,17106918,27106917,10000000,14199,1,0.037149711046367884,OK,True,
bcftools-indexed,r03_region_titv,w10000000_10,chr1,17106918,27106917,10000000,14199,2,0.03526633279398084,OK,True,
bcftools-indexed,r03_region_titv,w10000000_10,chr1,17106918,27106917,10000000,14199,3,0.03411760460585356,OK,True,
bcftools-indexed,r03_region_titv,w10000000_11,chr1,43275553,53275552,10000000,9415,1,0.024723109789192677,OK,True,
bcftools-indexed,r03_region_titv,w10000000_11,chr1,43275553,53275552,10000000,9415,2,0.02491445606574416,OK,True,
bcftools-indexed,r03_region_titv,w10000000_11,chr1,43275553,53275552,10000000,9415,3,0.023719982244074345,OK,True,
bcftools-indexed,r03_region_titv,w10000000_12,chr1,75394691,85394690,10000000,3288,1,0.01151884300634265,OK,True,
bcftools-indexed,r03_region_titv,w10000000_12,chr1,75394691,85394690,10000000,3288,2,0.011388723272830248,OK,True,
bcftools-indexed,r03_region_titv,w10000000_12,chr1,75394691,85394690,10000000,3288,3,0.011207249946892262,OK,True,
bcftools-indexed,r03_region_titv,w10000000_13,chr1,40866716,50866715,10000000,10786,1,0.02599062630906701,OK,True,
bcftools-indexed,r03_region_titv,w10000000_13,chr1,40866716,50866715,10000000,10786,2,0.025807449128478765,OK,True,
bcftools-indexed,r03_region_titv,w10000000_13,chr1,40866716,50866715,10000000,10786,3,0.026180090848356485,OK,True,
bcftools-indexed,r03_region_titv,w10000000_14,chr1,54182280,64182279,10000000,14941,1,0.035051635932177305,OK,True,
bcftools-indexed,r03_region_titv,w10000000_14,chr1,54182280,64182279,10000000,14941,2,0.035331816878169775,OK,True,
bcftools-indexed,r03_region_titv,w10000000_14,chr1,54182280,64182279,10000000,14941,3,0.037908399011939764,OK,True,
bcftools-indexed,r03_region_titv,w10000000_15,chr1,22053178,32053177,10000000,12910,1,0.03326463373377919,OK,True,
bcftools-indexed,r03_region_titv,w10000000_15,chr1,22053178,32053177,10000000,12910,2,0.030958385206758976,OK,True,
bcftools-indexed,r03_region_titv,w10000000_15,chr1,22053178,32053177,10000000,12910,3,0.031742972787469625,OK,True,
bcftools-indexed,r03_region_titv,w10000000_16,chr1,65680356,75680355,10000000,13295,1,0.03259941888973117,OK,True,
bcftools-indexed,r03_region_titv,w10000000_16,chr1,65680356,75680355,10000000,13295,2,0.045792145654559135,OK,True,
bcftools-indexed,r03_region_titv,w10000000_16,chr1,65680356,75680355,10000000,13295,3,0.03203753707930446,OK,True,
bcftools-indexed,r03_region_titv,w10000000_17,chr1,30270070,40270069,10000000,12583,1,0.03017261391505599,OK,True,
bcftools-indexed,r03_region_titv,w10000000_17,chr1,30270070,40270069,10000000,12583,2,0.030086881015449762,OK,True,
bcftools-indexed,r03_region_titv,w10000000_17,chr1,30270070,40270069,10000000,12583,3,0.04216239834204316,OK,True,
bcftools-indexed,r03_region_titv,w10000000_18,chr1,42283662,52283661,10000000,9628,1,0.024288569577038288,OK,True,
bcftools-indexed,r03_region_titv,w10000000_18,chr1,42283662,52283661,10000000,9628,2,0.02418244117870927,OK,True,
bcftools-indexed,r03_region_titv,w10000000_18,chr1,42283662,52283661,10000000,9628,3,0.02464414481073618,OK,True,
bcftools-indexed,r03_region_titv,w10000000_19,chr1,61622305,71622304,10000000,14407,1,0.03419154789298773,OK,True,
bcftools-indexed,r03_region_titv,w10000000_19,chr1,61622305,71622304,10000000,14407,2,0.033587532583624125,OK,True,
bcftools-indexed,r03_region_titv,w10000000_19,chr1,61622305,71622304,10000000,14407,3,0.03419010201469064,OK,True,
bcftools-indexed,r04_region_filter_distribution,w1000_00,chr1,23894831,23895830,1000,10,1,0.004523186013102531,OK,True,
bcftools-indexed,r04_region_filter_distribution,w1000_00,chr1,23894831,23895830,1000,10,2,0.004211928229779005,OK,True,
bcftools-indexed,r04_region_filter_distribution,w1000_00,chr1,23894831,23895830,1000,10,3,0.004526452161371708,OK,True,
bcftools-indexed,r04_region_filter_distribution,w1000_01,chr1,37268328,37269327,1000,1,1,0.00404806062579155,OK,True,
bcftools-indexed,r04_region_filter_distribution,w1000_01,chr1,37268328,37269327,1000,1,2,0.004280723165720701,OK,True,
bcftools-indexed,r04_region_filter_distribution,w1000_01,chr1,37268328,37269327,1000,1,3,0.004120874218642712,OK,True,
bcftools-indexed,r04_region_filter_distribution,w1000_02,chr1,42471294,42472293,1000,2,1,0.004018944222480059,OK,True,
bcftools-indexed,r04_region_filter_distribution,w1000_02,chr1,42471294,42472293,1000,2,2,0.004382743034511805,OK,True,
bcftools-indexed,r04_region_filter_distribution,w1000_02,chr1,42471294,42472293,1000,2,3,0.004089315887540579,OK,True,
bcftools-indexed,r04_region_filter_distribution,w1000_03,chr1,19972624,19973623,1000,4,1,0.00429716007784009,OK,True,
bcftools-indexed,r04_region_filter_distribution,w1000_03,chr1,19972624,19973623,1000,4,2,0.004159858915954828,OK,True,
bcftools-indexed,r04_region_filter_distribution,w1000_03,chr1,19972624,19973623,1000,4,3,0.004962916020303965,OK,True,
bcftools-indexed,r04_region_filter_distribution,w1000_04,chr1,65925426,65926425,1000,2,1,0.004343884065747261,OK,True,
bcftools-indexed,r04_region_filter_distribution,w1000_04,chr1,65925426,65926425,1000,2,2,0.004406423773616552,OK,True,
bcftools-indexed,r04_region_filter_distribution,w1000_04,chr1,65925426,65926425,1000,2,3,0.0040247621946036816,OK,True,
bcftools-indexed,r04_region_filter_distribution,w1000_05,chr1,54878472,54879471,1000,2,1,0.00395074300467968,OK,True,
bcftools-indexed,r04_region_filter_distribution,w1000_05,chr1,54878472,54879471,1000,2,2,0.0037841880694031715,OK,True,
bcftools-indexed,r04_region_filter_distribution,w1000_05,chr1,54878472,54879471,1000,2,3,0.003924477845430374,OK,True,
bcftools-indexed,r04_region_filter_distribution,w1000_06,chr1,54724268,54725267,1000,9,1,0.004408674780279398,OK,True,
bcftools-indexed,r04_region_filter_distribution,w1000_06,chr1,54724268,54725267,1000,9,2,0.004074276890605688,OK,True,
bcftools-indexed,r04_region_filter_distribution,w1000_06,chr1,54724268,54725267,1000,9,3,0.004336444195359945,OK,True,
bcftools-indexed,r04_region_filter_distribution,w1000_07,chr1,50226603,50227602,1000,3,1,0.0049020228907465935,OK,True,
bcftools-indexed,r04_region_filter_distribution,w1000_07,chr1,50226603,50227602,1000,3,2,0.00445472402498126,OK,True,
bcftools-indexed,r04_region_filter_distribution,w1000_07,chr1,50226603,50227602,1000,3,3,0.0042955391108989716,OK,True,
bcftools-indexed,r04_region_filter_distribution,w1000_08,chr1,5558122,5559121,1000,2,1,0.004898992832750082,OK,True,
bcftools-indexed,r04_region_filter_distribution,w1000_08,chr1,5558122,5559121,1000,2,2,0.004351695999503136,OK,True,
bcftools-indexed,r04_region_filter_distribution,w1000_08,chr1,5558122,5559121,1000,2,3,0.004548321012407541,OK,True,
bcftools-indexed,r04_region_filter_distribution,w1000_09,chr1,21979241,21980240,1000,15,1,0.004566725343465805,OK,True,
bcftools-indexed,r04_region_filter_distribution,w1000_09,chr1,21979241,21980240,1000,15,2,0.004209475126117468,OK,True,
bcftools-indexed,r04_region_filter_distribution,w1000_09,chr1,21979241,21980240,1000,15,3,0.0042570182122290134,OK,True,
bcftools-indexed,r04_region_filter_distribution,w1000_10,chr1,58250107,58251106,1000,2,1,0.0043780202977359295,OK,True,
bcftools-indexed,r04_region_filter_distribution,w1000_10,chr1,58250107,58251106,1000,2,2,0.004347797017544508,OK,True,
bcftools-indexed,r04_region_filter_distribution,w1000_10,chr1,58250107,58251106,1000,2,3,0.004036991856992245,OK,True,
bcftools-indexed,r04_region_filter_distribution,w1000_11,chr1,33820268,33821267,1000,1,1,0.004459310322999954,OK,True,
bcftools-indexed,r04_region_filter_distribution,w1000_11,chr1,33820268,33821267,1000,1,2,0.004163797944784164,OK,True,
bcftools-indexed,r04_region_filter_distribution,w1000_11,chr1,33820268,33821267,1000,1,3,0.004481761250644922,OK,True,
bcftools-indexed,r04_region_filter_distribution,w1000_12,chr1,74268898,74269897,1000,4,1,0.004505630116909742,OK,True,
bcftools-indexed,r04_region_filter_distribution,w1000_12,chr1,74268898,74269897,1000,4,2,0.004630605224519968,OK,True,
bcftools-indexed,r04_region_filter_distribution,w1000_12,chr1,74268898,74269897,1000,4,3,0.004594608675688505,OK,True,
bcftools-indexed,r04_region_filter_distribution,w1000_13,chr1,58011340,58012339,1000,3,1,0.004360344260931015,OK,True,
bcftools-indexed,r04_region_filter_distribution,w1000_13,chr1,58011340,58012339,1000,3,2,0.0045385416597127914,OK,True,
bcftools-indexed,r04_region_filter_distribution,w1000_13,chr1,58011340,58012339,1000,3,3,0.004660561680793762,OK,True,
bcftools-indexed,r04_region_filter_distribution,w1000_14,chr1,55322618,55323617,1000,2,1,0.004322200082242489,OK,True,
bcftools-indexed,r04_region_filter_distribution,w1000_14,chr1,55322618,55323617,1000,2,2,0.004488782957196236,OK,True,
bcftools-indexed,r04_region_filter_distribution,w1000_14,chr1,55322618,55323617,1000,2,3,0.004292481113225222,OK,True,
bcftools-indexed,r04_region_filter_distribution,w1000_15,chr1,58597811,58598810,1000,2,1,0.0041045378893613815,OK,True,
bcftools-indexed,r04_region_filter_distribution,w1000_15,chr1,58597811,58598810,1000,2,2,0.004364182241261005,OK,True,
bcftools-indexed,r04_region_filter_distribution,w1000_15,chr1,58597811,58598810,1000,2,3,0.0041493321768939495,OK,True,
bcftools-indexed,r04_region_filter_distribution,w1000_16,chr1,61942877,61943876,1000,1,1,0.003930600825697184,OK,True,
bcftools-indexed,r04_region_filter_distribution,w1000_16,chr1,61942877,61943876,1000,1,2,0.003932549152523279,OK,True,
bcftools-indexed,r04_region_filter_distribution,w1000_16,chr1,61942877,61943876,1000,1,3,0.0038703051395714283,OK,True,
bcftools-indexed,r04_region_filter_distribution,w1000_17,chr1,74952903,74953902,1000,2,1,0.004310938995331526,OK,True,
bcftools-indexed,r04_region_filter_distribution,w1000_17,chr1,74952903,74953902,1000,2,2,0.004317030310630798,OK,True,
bcftools-indexed,r04_region_filter_distribution,w1000_17,chr1,74952903,74953902,1000,2,3,0.004431856796145439,OK,True,
bcftools-indexed,r04_region_filter_distribution,w1000_18,chr1,10920022,10921021,1000,7,1,0.004695120267570019,OK,True,
bcftools-indexed,r04_region_filter_distribution,w1000_18,chr1,10920022,10921021,1000,7,2,0.00472298776730895,OK,True,
bcftools-indexed,r04_region_filter_distribution,w1000_18,chr1,10920022,10921021,1000,7,3,0.004251696635037661,OK,True,
bcftools-indexed,r04_region_filter_distribution,w1000_19,chr1,54064366,54065365,1000,1,1,0.004271878860890865,OK,True,
bcftools-indexed,r04_region_filter_distribution,w1000_19,chr1,54064366,54065365,1000,1,2,0.004135848954319954,OK,True,
bcftools-indexed,r04_region_filter_distribution,w1000_19,chr1,54064366,54065365,1000,1,3,0.004412878304719925,OK,True,
bcftools-indexed,r04_region_filter_distribution,w100000_00,chr1,76042312,76142311,100000,132,1,0.004528301302343607,OK,True,
bcftools-indexed,r04_region_filter_distribution,w100000_00,chr1,76042312,76142311,100000,132,2,0.00466509023681283,OK,True,
bcftools-indexed,r04_region_filter_distribution,w100000_00,chr1,76042312,76142311,100000,132,3,0.004952436313033104,OK,True,
bcftools-indexed,r04_region_filter_distribution,w100000_01,chr1,26177705,26277704,100000,141,1,0.005951137747615576,OK,True,
bcftools-indexed,r04_region_filter_distribution,w100000_01,chr1,26177705,26277704,100000,141,2,0.004624009132385254,OK,True,
bcftools-indexed,r04_region_filter_distribution,w100000_01,chr1,26177705,26277704,100000,141,3,0.005151872988790274,OK,True,
bcftools-indexed,r04_region_filter_distribution,w100000_02,chr1,76668322,76768321,100000,131,1,0.005230763927102089,OK,True,
bcftools-indexed,r04_region_filter_distribution,w100000_02,chr1,76668322,76768321,100000,131,2,0.00496051786467433,OK,True,
bcftools-indexed,r04_region_filter_distribution,w100000_02,chr1,76668322,76768321,100000,131,3,0.004850412253290415,OK,True,
bcftools-indexed,r04_region_filter_distribution,w100000_03,chr1,64797067,64897066,100000,153,1,0.004741786979138851,OK,True,
bcftools-indexed,r04_region_filter_distribution,w100000_03,chr1,64797067,64897066,100000,153,2,0.004782761912792921,OK,True,
bcftools-indexed,r04_region_filter_distribution,w100000_03,chr1,64797067,64897066,100000,153,3,0.004967772867530584,OK,True,
bcftools-indexed,r04_region_filter_distribution,w100000_04,chr1,66848110,66948109,100000,83,1,0.004469098057597876,OK,True,
bcftools-indexed,r04_region_filter_distribution,w100000_04,chr1,66848110,66948109,100000,83,2,0.00434606010094285,OK,True,
bcftools-indexed,r04_region_filter_distribution,w100000_04,chr1,66848110,66948109,100000,83,3,0.004531622864305973,OK,True,
bcftools-indexed,r04_region_filter_distribution,w100000_05,chr1,58175965,58275964,100000,181,1,0.004643915221095085,OK,True,
bcftools-indexed,r04_region_filter_distribution,w100000_05,chr1,58175965,58275964,100000,181,2,0.0043821390718221664,OK,True,
bcftools-indexed,r04_region_filter_distribution,w100000_05,chr1,58175965,58275964,100000,181,3,0.0044809989631175995,OK,True,
bcftools-indexed,r04_region_filter_distribution,w100000_06,chr1,41567443,41667442,100000,142,1,0.0045242998749017715,OK,True,
bcftools-indexed,r04_region_filter_distribution,w100000_06,chr1,41567443,41667442,100000,142,2,0.00465362798422575,OK,True,
bcftools-indexed,r04_region_filter_distribution,w100000_06,chr1,41567443,41667442,100000,142,3,0.004774366971105337,OK,True,
bcftools-indexed,r04_region_filter_distribution,w100000_07,chr1,23625875,23725874,100000,143,1,0.00435960479080677,OK,True,
bcftools-indexed,r04_region_filter_distribution,w100000_07,chr1,23625875,23725874,100000,143,2,0.004661019891500473,OK,True,
bcftools-indexed,r04_region_filter_distribution,w100000_07,chr1,23625875,23725874,100000,143,3,0.004666434135288,OK,True,
bcftools-indexed,r04_region_filter_distribution,w100000_08,chr1,69897964,69997963,100000,77,1,0.004214451648294926,OK,True,
bcftools-indexed,r04_region_filter_distribution,w100000_08,chr1,69897964,69997963,100000,77,2,0.004575888626277447,OK,True,
bcftools-indexed,r04_region_filter_distribution,w100000_08,chr1,69897964,69997963,100000,77,3,0.004586623981595039,OK,True,
bcftools-indexed,r04_region_filter_distribution,w100000_09,chr1,63664508,63764507,100000,287,1,0.0048345280811190605,OK,True,
bcftools-indexed,r04_region_filter_distribution,w100000_09,chr1,63664508,63764507,100000,287,2,0.004702250938862562,OK,True,
bcftools-indexed,r04_region_filter_distribution,w100000_09,chr1,63664508,63764507,100000,287,3,0.004828820936381817,OK,True,
bcftools-indexed,r04_region_filter_distribution,w100000_10,chr1,15518874,15618873,100000,146,1,0.0048449682071805,OK,True,
bcftools-indexed,r04_region_filter_distribution,w100000_10,chr1,15518874,15618873,100000,146,2,0.004408596083521843,OK,True,
bcftools-indexed,r04_region_filter_distribution,w100000_10,chr1,15518874,15618873,100000,146,3,0.004760304931551218,OK,True,
bcftools-indexed,r04_region_filter_distribution,w100000_11,chr1,23996836,24096835,100000,343,1,0.005016779992729425,OK,True,
bcftools-indexed,r04_region_filter_distribution,w100000_11,chr1,23996836,24096835,100000,343,2,0.005257900338619947,OK,True,
bcftools-indexed,r04_region_filter_distribution,w100000_11,chr1,23996836,24096835,100000,343,3,0.004913847893476486,OK,True,
bcftools-indexed,r04_region_filter_distribution,w100000_12,chr1,56566795,56666794,100000,139,1,0.004804382100701332,OK,True,
bcftools-indexed,r04_region_filter_distribution,w100000_12,chr1,56566795,56666794,100000,139,2,0.004755885805934668,OK,True,
bcftools-indexed,r04_region_filter_distribution,w100000_12,chr1,56566795,56666794,100000,139,3,0.004788828548043966,OK,True,
bcftools-indexed,r04_region_filter_distribution,w100000_13,chr1,24058646,24158645,100000,214,1,0.0059403423219919205,OK,True,
bcftools-indexed,r04_region_filter_distribution,w100000_13,chr1,24058646,24158645,100000,214,2,0.005116808693856001,OK,True,
bcftools-indexed,r04_region_filter_distribution,w100000_13,chr1,24058646,24158645,100000,214,3,0.004953125957399607,OK,True,
bcftools-indexed,r04_region_filter_distribution,w100000_14,chr1,3105927,3205926,100000,226,1,0.0048565492033958435,OK,True,
bcftools-indexed,r04_region_filter_distribution,w100000_14,chr1,3105927,3205926,100000,226,2,0.004699684213846922,OK,True,
bcftools-indexed,r04_region_filter_distribution,w100000_14,chr1,3105927,3205926,100000,226,3,0.004953751806169748,OK,True,
bcftools-indexed,r04_region_filter_distribution,w100000_15,chr1,54865968,54965967,100000,181,1,0.004806621000170708,OK,True,
bcftools-indexed,r04_region_filter_distribution,w100000_15,chr1,54865968,54965967,100000,181,2,0.004940973129123449,OK,True,
bcftools-indexed,r04_region_filter_distribution,w100000_15,chr1,54865968,54965967,100000,181,3,0.004763443022966385,OK,True,
bcftools-indexed,r04_region_filter_distribution,w100000_16,chr1,58852100,58952099,100000,79,1,0.004651632159948349,OK,True,
bcftools-indexed,r04_region_filter_distribution,w100000_16,chr1,58852100,58952099,100000,79,2,0.004705203231424093,OK,True,
bcftools-indexed,r04_region_filter_distribution,w100000_16,chr1,58852100,58952099,100000,79,3,0.004668448120355606,OK,True,
bcftools-indexed,r04_region_filter_distribution,w100000_17,chr1,77570681,77670680,100000,81,1,0.004725606180727482,OK,True,
bcftools-indexed,r04_region_filter_distribution,w100000_17,chr1,77570681,77670680,100000,81,2,0.004402967169880867,OK,True,
bcftools-indexed,r04_region_filter_distribution,w100000_17,chr1,77570681,77670680,100000,81,3,0.004319960251450539,OK,True,
bcftools-indexed,r04_region_filter_distribution,w100000_18,chr1,66388887,66488886,100000,196,1,0.004677616059780121,OK,True,
bcftools-indexed,r04_region_filter_distribution,w100000_18,chr1,66388887,66488886,100000,196,2,0.004933534190058708,OK,True,
bcftools-indexed,r04_region_filter_distribution,w100000_18,chr1,66388887,66488886,100000,196,3,0.00461367703974247,OK,True,
bcftools-indexed,r04_region_filter_distribution,w100000_19,chr1,5319806,5419805,100000,87,1,0.004776009824126959,OK,True,
bcftools-indexed,r04_region_filter_distribution,w100000_19,chr1,5319806,5419805,100000,87,2,0.004668449983000755,OK,True,
bcftools-indexed,r04_region_filter_distribution,w100000_19,chr1,5319806,5419805,100000,87,3,0.004682737402617931,OK,True,
bcftools-indexed,r04_region_filter_distribution,w1000000_00,chr1,42846822,43846821,1000000,1112,1,0.0065216547809541225,OK,True,
bcftools-indexed,r04_region_filter_distribution,w1000000_00,chr1,42846822,43846821,1000000,1112,2,0.006258412264287472,OK,True,
bcftools-indexed,r04_region_filter_distribution,w1000000_00,chr1,42846822,43846821,1000000,1112,3,0.006438642740249634,OK,True,
bcftools-indexed,r04_region_filter_distribution,w1000000_01,chr1,9034070,10034069,1000000,1143,1,0.006398677825927734,OK,True,
bcftools-indexed,r04_region_filter_distribution,w1000000_01,chr1,9034070,10034069,1000000,1143,2,0.006594025995582342,OK,True,
bcftools-indexed,r04_region_filter_distribution,w1000000_01,chr1,9034070,10034069,1000000,1143,3,0.006865580100566149,OK,True,
bcftools-indexed,r04_region_filter_distribution,w1000000_02,chr1,54809885,55809884,1000000,1670,1,0.008871203288435936,OK,True,
bcftools-indexed,r04_region_filter_distribution,w1000000_02,chr1,54809885,55809884,1000000,1670,2,0.007591997738927603,OK,True,
bcftools-indexed,r04_region_filter_distribution,w1000000_02,chr1,54809885,55809884,1000000,1670,3,0.007972985971719027,OK,True,
bcftools-indexed,r04_region_filter_distribution,w1000000_03,chr1,55795141,56795140,1000000,1824,1,0.008307537995278835,OK,True,
bcftools-indexed,r04_region_filter_distribution,w1000000_03,chr1,55795141,56795140,1000000,1824,2,0.007901306264102459,OK,True,
bcftools-indexed,r04_region_filter_distribution,w1000000_03,chr1,55795141,56795140,1000000,1824,3,0.008113267831504345,OK,True,
bcftools-indexed,r04_region_filter_distribution,w1000000_04,chr1,11734309,12734308,1000000,950,1,0.006299023050814867,OK,True,
bcftools-indexed,r04_region_filter_distribution,w1000000_04,chr1,11734309,12734308,1000000,950,2,0.006546031218022108,OK,True,
bcftools-indexed,r04_region_filter_distribution,w1000000_04,chr1,11734309,12734308,1000000,950,3,0.006202322896569967,OK,True,
bcftools-indexed,r04_region_filter_distribution,w1000000_05,chr1,28814643,29814642,1000000,1348,1,0.006655341945588589,OK,True,
bcftools-indexed,r04_region_filter_distribution,w1000000_05,chr1,28814643,29814642,1000000,1348,2,0.0066028982400894165,OK,True,
bcftools-indexed,r04_region_filter_distribution,w1000000_05,chr1,28814643,29814642,1000000,1348,3,0.007107938174158335,OK,True,
bcftools-indexed,r04_region_filter_distribution,w1000000_06,chr1,47354520,48354519,1000000,1253,1,0.00663168216124177,OK,True,
bcftools-indexed,r04_region_filter_distribution,w1000000_06,chr1,47354520,48354519,1000000,1253,2,0.00687946705147624,OK,True,
bcftools-indexed,r04_region_filter_distribution,w1000000_06,chr1,47354520,48354519,1000000,1253,3,0.00658039515838027,OK,True,
bcftools-indexed,r04_region_filter_distribution,w1000000_07,chr1,35782931,36782930,1000000,868,1,0.00601744232699275,OK,True,
bcftools-indexed,r04_region_filter_distribution,w1000000_07,chr1,35782931,36782930,1000000,868,2,0.005806039087474346,OK,True,
bcftools-indexed,r04_region_filter_distribution,w1000000_07,chr1,35782931,36782930,1000000,868,3,0.006308934185653925,OK,True,
bcftools-indexed,r04_region_filter_distribution,w1000000_08,chr1,5611726,6611725,1000000,1261,1,0.006800341885536909,OK,True,
bcftools-indexed,r04_region_filter_distribution,w1000000_08,chr1,5611726,6611725,1000000,1261,2,0.006580634042620659,OK,True,
bcftools-indexed,r04_region_filter_distribution,w1000000_08,chr1,5611726,6611725,1000000,1261,3,0.006387391127645969,OK,True,
bcftools-indexed,r04_region_filter_distribution,w1000000_09,chr1,17930348,18930347,1000000,1491,1,0.0071929339319467545,OK,True,
bcftools-indexed,r04_region_filter_distribution,w1000000_09,chr1,17930348,18930347,1000000,1491,2,0.00724059296771884,OK,True,
bcftools-indexed,r04_region_filter_distribution,w1000000_09,chr1,17930348,18930347,1000000,1491,3,0.007137573789805174,OK,True,
bcftools-indexed,r04_region_filter_distribution,w1000000_10,chr1,58656617,59656616,1000000,1262,1,0.0065013449639081955,OK,True,
bcftools-indexed,r04_region_filter_distribution,w1000000_10,chr1,58656617,59656616,1000000,1262,2,0.006697963923215866,OK,True,
bcftools-indexed,r04_region_filter_distribution,w1000000_10,chr1,58656617,59656616,1000000,1262,3,0.0068311928771436214,OK,True,
bcftools-indexed,r04_region_filter_distribution,w1000000_11,chr1,20579658,21579657,1000000,1246,1,0.006631831172853708,OK,True,
bcftools-indexed,r04_region_filter_distribution,w1000000_11,chr1,20579658,21579657,1000000,1246,2,0.006651566829532385,OK,True,
bcftools-indexed,r04_region_filter_distribution,w1000000_11,chr1,20579658,21579657,1000000,1246,3,0.006740417797118425,OK,True,
bcftools-indexed,r04_region_filter_distribution,w1000000_12,chr1,66774094,67774093,1000000,1548,1,0.007098691072314978,OK,True,
bcftools-indexed,r04_region_filter_distribution,w1000000_12,chr1,66774094,67774093,1000000,1548,2,0.0070563992485404015,OK,True,
bcftools-indexed,r04_region_filter_distribution,w1000000_12,chr1,66774094,67774093,1000000,1548,3,0.009619660675525665,OK,True,
bcftools-indexed,r04_region_filter_distribution,w1000000_13,chr1,53330427,54330426,1000000,1337,1,0.007210615091025829,OK,True,
bcftools-indexed,r04_region_filter_distribution,w1000000_13,chr1,53330427,54330426,1000000,1337,2,0.00722845271229744,OK,True,
bcftools-indexed,r04_region_filter_distribution,w1000000_13,chr1,53330427,54330426,1000000,1337,3,0.0067565180361270905,OK,True,
bcftools-indexed,r04_region_filter_distribution,w1000000_14,chr1,34457222,35457221,1000000,1194,1,0.006600802764296532,OK,True,
bcftools-indexed,r04_region_filter_distribution,w1000000_14,chr1,34457222,35457221,1000000,1194,2,0.006381279788911343,OK,True,
bcftools-indexed,r04_region_filter_distribution,w1000000_14,chr1,34457222,35457221,1000000,1194,3,0.006531971041113138,OK,True,
bcftools-indexed,r04_region_filter_distribution,w1000000_15,chr1,6173132,7173131,1000000,906,1,0.005721105262637138,OK,True,
bcftools-indexed,r04_region_filter_distribution,w1000000_15,chr1,6173132,7173131,1000000,906,2,0.0059450711123645306,OK,True,
bcftools-indexed,r04_region_filter_distribution,w1000000_15,chr1,6173132,7173131,1000000,906,3,0.006291335914283991,OK,True,
bcftools-indexed,r04_region_filter_distribution,w1000000_16,chr1,34054184,35054183,1000000,1668,1,0.00741807883605361,OK,True,
bcftools-indexed,r04_region_filter_distribution,w1000000_16,chr1,34054184,35054183,1000000,1668,2,0.007538462057709694,OK,True,
bcftools-indexed,r04_region_filter_distribution,w1000000_16,chr1,34054184,35054183,1000000,1668,3,0.00732279010117054,OK,True,
bcftools-indexed,r04_region_filter_distribution,w1000000_17,chr1,15193776,16193775,1000000,1521,1,0.006907577160745859,OK,True,
bcftools-indexed,r04_region_filter_distribution,w1000000_17,chr1,15193776,16193775,1000000,1521,2,0.007454608101397753,OK,True,
bcftools-indexed,r04_region_filter_distribution,w1000000_17,chr1,15193776,16193775,1000000,1521,3,0.007330879103392363,OK,True,
bcftools-indexed,r04_region_filter_distribution,w1000000_18,chr1,43583485,44583484,1000000,1108,1,0.0062377261929214,OK,True,
bcftools-indexed,r04_region_filter_distribution,w1000000_18,chr1,43583485,44583484,1000000,1108,2,0.006515124812722206,OK,True,
bcftools-indexed,r04_region_filter_distribution,w1000000_18,chr1,43583485,44583484,1000000,1108,3,0.006764068268239498,OK,True,
bcftools-indexed,r04_region_filter_distribution,w1000000_19,chr1,58570714,59570713,1000000,1451,1,0.0072539388202130795,OK,True,
bcftools-indexed,r04_region_filter_distribution,w1000000_19,chr1,58570714,59570713,1000000,1451,2,0.006964464206248522,OK,True,
bcftools-indexed,r04_region_filter_distribution,w1000000_19,chr1,58570714,59570713,1000000,1451,3,0.007484860252588987,OK,True,
bcftools-indexed,r04_region_filter_distribution,w10000000_00,chr1,36023355,46023354,10000000,11510,1,0.026522803120315075,OK,True,
bcftools-indexed,r04_region_filter_distribution,w10000000_00,chr1,36023355,46023354,10000000,11510,2,0.026578462217003107,OK,True,
bcftools-indexed,r04_region_filter_distribution,w10000000_00,chr1,36023355,46023354,10000000,11510,3,0.026538372039794922,OK,True,
bcftools-indexed,r04_region_filter_distribution,w10000000_01,chr1,57527385,67527384,10000000,14820,1,0.03299445612356067,OK,True,
bcftools-indexed,r04_region_filter_distribution,w10000000_01,chr1,57527385,67527384,10000000,14820,2,0.03469445602968335,OK,True,
bcftools-indexed,r04_region_filter_distribution,w10000000_01,chr1,57527385,67527384,10000000,14820,3,0.03338916692882776,OK,True,
bcftools-indexed,r04_region_filter_distribution,w10000000_02,chr1,63680811,73680810,10000000,13676,1,0.03151823300868273,OK,True,
bcftools-indexed,r04_region_filter_distribution,w10000000_02,chr1,63680811,73680810,10000000,13676,2,0.03125347103923559,OK,True,
bcftools-indexed,r04_region_filter_distribution,w10000000_02,chr1,63680811,73680810,10000000,13676,3,0.036959923803806305,OK,True,
bcftools-indexed,r04_region_filter_distribution,w10000000_03,chr1,53679378,63679377,10000000,14787,1,0.03314131870865822,OK,True,
bcftools-indexed,r04_region_filter_distribution,w10000000_03,chr1,53679378,63679377,10000000,14787,2,0.03322421479970217,OK,True,
bcftools-indexed,r04_region_filter_distribution,w10000000_03,chr1,53679378,63679377,10000000,14787,3,0.03246620111167431,OK,True,
bcftools-indexed,r04_region_filter_distribution,w10000000_04,chr1,60690498,70690497,10000000,14398,1,0.031969658099114895,OK,True,
bcftools-indexed,r04_region_filter_distribution,w10000000_04,chr1,60690498,70690497,10000000,14398,2,0.03320761816576123,OK,True,
bcftools-indexed,r04_region_filter_distribution,w10000000_04,chr1,60690498,70690497,10000000,14398,3,0.03247385798022151,OK,True,
bcftools-indexed,r04_region_filter_distribution,w10000000_05,chr1,47428546,57428545,10000000,11289,1,0.02761068567633629,OK,True,
bcftools-indexed,r04_region_filter_distribution,w10000000_05,chr1,47428546,57428545,10000000,11289,2,0.02650345303118229,OK,True,
bcftools-indexed,r04_region_filter_distribution,w10000000_05,chr1,47428546,57428545,10000000,11289,3,0.026132325176149607,OK,True,
bcftools-indexed,r04_region_filter_distribution,w10000000_06,chr1,22030736,32030735,10000000,12991,1,0.03084012633189559,OK,True,
bcftools-indexed,r04_region_filter_distribution,w10000000_06,chr1,22030736,32030735,10000000,12991,2,0.031039397697895765,OK,True,
bcftools-indexed,r04_region_filter_distribution,w10000000_06,chr1,22030736,32030735,10000000,12991,3,0.030049853026866913,OK,True,
bcftools-indexed,r04_region_filter_distribution,w10000000_07,chr1,34252401,44252400,10000000,11717,1,0.03323508519679308,OK,True,
bcftools-indexed,r04_region_filter_distribution,w10000000_07,chr1,34252401,44252400,10000000,11717,2,0.028227850794792175,OK,True,
bcftools-indexed,r04_region_filter_distribution,w10000000_07,chr1,34252401,44252400,10000000,11717,3,0.027259360067546368,OK,True,
bcftools-indexed,r04_region_filter_distribution,w10000000_08,chr1,58528508,68528507,10000000,14502,1,0.03278175788000226,OK,True,
bcftools-indexed,r04_region_filter_distribution,w10000000_08,chr1,58528508,68528507,10000000,14502,2,0.040029552299529314,OK,True,
bcftools-indexed,r04_region_filter_distribution,w10000000_08,chr1,58528508,68528507,10000000,14502,3,0.031980706844478846,OK,True,
bcftools-indexed,r04_region_filter_distribution,w10000000_09,chr1,51917411,61917410,10000000,13900,1,0.030929552391171455,OK,True,
bcftools-indexed,r04_region_filter_distribution,w10000000_09,chr1,51917411,61917410,10000000,13900,2,0.030413557309657335,OK,True,
bcftools-indexed,r04_region_filter_distribution,w10000000_09,chr1,51917411,61917410,10000000,13900,3,0.031036606058478355,OK,True,
bcftools-indexed,r04_region_filter_distribution,w10000000_10,chr1,17106918,27106917,10000000,14199,1,0.030944725964218378,OK,True,
bcftools-indexed,r04_region_filter_distribution,w10000000_10,chr1,17106918,27106917,10000000,14199,2,0.03168147290125489,OK,True,
bcftools-indexed,r04_region_filter_distribution,w10000000_10,chr1,17106918,27106917,10000000,14199,3,0.03202416794374585,OK,True,
bcftools-indexed,r04_region_filter_distribution,w10000000_11,chr1,43275553,53275552,10000000,9415,1,0.02254860568791628,OK,True,
bcftools-indexed,r04_region_filter_distribution,w10000000_11,chr1,43275553,53275552,10000000,9415,2,0.02606316516175866,OK,True,
bcftools-indexed,r04_region_filter_distribution,w10000000_11,chr1,43275553,53275552,10000000,9415,3,0.02805786533281207,OK,True,
bcftools-indexed,r04_region_filter_distribution,w10000000_12,chr1,75394691,85394690,10000000,3288,1,0.010985348839312792,OK,True,
bcftools-indexed,r04_region_filter_distribution,w10000000_12,chr1,75394691,85394690,10000000,3288,2,0.011071770917624235,OK,True,
bcftools-indexed,r04_region_filter_distribution,w10000000_12,chr1,75394691,85394690,10000000,3288,3,0.010576165281236172,OK,True,
bcftools-indexed,r04_region_filter_distribution,w10000000_13,chr1,40866716,50866715,10000000,10786,1,0.025603709742426872,OK,True,
bcftools-indexed,r04_region_filter_distribution,w10000000_13,chr1,40866716,50866715,10000000,10786,2,0.031954726204276085,OK,True,
bcftools-indexed,r04_region_filter_distribution,w10000000_13,chr1,40866716,50866715,10000000,10786,3,0.032228331081569195,OK,True,
bcftools-indexed,r04_region_filter_distribution,w10000000_14,chr1,54182280,64182279,10000000,14941,1,0.03262306470423937,OK,True,
bcftools-indexed,r04_region_filter_distribution,w10000000_14,chr1,54182280,64182279,10000000,14941,2,0.032285829074680805,OK,True,
bcftools-indexed,r04_region_filter_distribution,w10000000_14,chr1,54182280,64182279,10000000,14941,3,0.033371226862072945,OK,True,
bcftools-indexed,r04_region_filter_distribution,w10000000_15,chr1,22053178,32053177,10000000,12910,1,0.02886072499677539,OK,True,
bcftools-indexed,r04_region_filter_distribution,w10000000_15,chr1,22053178,32053177,10000000,12910,2,0.028975115157663822,OK,True,
bcftools-indexed,r04_region_filter_distribution,w10000000_15,chr1,22053178,32053177,10000000,12910,3,0.028948658145964146,OK,True,
bcftools-indexed,r04_region_filter_distribution,w10000000_16,chr1,65680356,75680355,10000000,13295,1,0.029973324853926897,OK,True,
bcftools-indexed,r04_region_filter_distribution,w10000000_16,chr1,65680356,75680355,10000000,13295,2,0.03020228585228324,OK,True,
bcftools-indexed,r04_region_filter_distribution,w10000000_16,chr1,65680356,75680355,10000000,13295,3,0.030584644060581923,OK,True,
bcftools-indexed,r04_region_filter_distribution,w10000000_17,chr1,30270070,40270069,10000000,12583,1,0.029499208088964224,OK,True,
bcftools-indexed,r04_region_filter_distribution,w10000000_17,chr1,30270070,40270069,10000000,12583,2,0.028577884659171104,OK,True,
bcftools-indexed,r04_region_filter_distribution,w10000000_17,chr1,30270070,40270069,10000000,12583,3,0.02903855685144663,OK,True,
bcftools-indexed,r04_region_filter_distribution,w10000000_18,chr1,42283662,52283661,10000000,9628,1,0.022775397170335054,OK,True,
bcftools-indexed,r04_region_filter_distribution,w10000000_18,chr1,42283662,52283661,10000000,9628,2,0.024450586177408695,OK,True,
bcftools-indexed,r04_region_filter_distribution,w10000000_18,chr1,42283662,52283661,10000000,9628,3,0.02318870695307851,OK,True,
bcftools-indexed,r04_region_filter_distribution,w10000000_19,chr1,61622305,71622304,10000000,14407,1,0.032909160014241934,OK,True,
bcftools-indexed,r04_region_filter_distribution,w10000000_19,chr1,61622305,71622304,10000000,14407,2,0.032392126973718405,OK,True,
bcftools-indexed,r04_region_filter_distribution,w10000000_19,chr1,61622305,71622304,10000000,14407,3,0.032271461095660925,OK,True,
bcftools-indexed,r05_region_sample_genotype_counts,w1000_00,chr1,23894831,23895830,1000,10,1,0.004843998700380325,OK,True,
bcftools-indexed,r05_region_sample_genotype_counts,w1000_00,chr1,23894831,23895830,1000,10,2,0.0045139966532588005,OK,True,
bcftools-indexed,r05_region_sample_genotype_counts,w1000_00,chr1,23894831,23895830,1000,10,3,0.004576514009386301,OK,True,
bcftools-indexed,r05_region_sample_genotype_counts,w1000_01,chr1,37268328,37269327,1000,1,1,0.004276341758668423,OK,True,
bcftools-indexed,r05_region_sample_genotype_counts,w1000_01,chr1,37268328,37269327,1000,1,2,0.0041883280500769615,OK,True,
bcftools-indexed,r05_region_sample_genotype_counts,w1000_01,chr1,37268328,37269327,1000,1,3,0.0045407419092953205,OK,True,
bcftools-indexed,r05_region_sample_genotype_counts,w1000_02,chr1,42471294,42472293,1000,2,1,0.0051184468902647495,OK,True,
bcftools-indexed,r05_region_sample_genotype_counts,w1000_02,chr1,42471294,42472293,1000,2,2,0.005764758214354515,OK,True,
bcftools-indexed,r05_region_sample_genotype_counts,w1000_02,chr1,42471294,42472293,1000,2,3,0.004532429855316877,OK,True,
bcftools-indexed,r05_region_sample_genotype_counts,w1000_03,chr1,19972624,19973623,1000,4,1,0.004995028953999281,OK,True,
bcftools-indexed,r05_region_sample_genotype_counts,w1000_03,chr1,19972624,19973623,1000,4,2,0.004323645960539579,OK,True,
bcftools-indexed,r05_region_sample_genotype_counts,w1000_03,chr1,19972624,19973623,1000,4,3,0.004370687995105982,OK,True,
bcftools-indexed,r05_region_sample_genotype_counts,w1000_04,chr1,65925426,65926425,1000,2,1,0.004127520136535168,OK,True,
bcftools-indexed,r05_region_sample_genotype_counts,w1000_04,chr1,65925426,65926425,1000,2,2,0.0045443251729011536,OK,True,
bcftools-indexed,r05_region_sample_genotype_counts,w1000_04,chr1,65925426,65926425,1000,2,3,0.00450293580070138,OK,True,
bcftools-indexed,r05_region_sample_genotype_counts,w1000_05,chr1,54878472,54879471,1000,2,1,0.004219581373035908,OK,True,
bcftools-indexed,r05_region_sample_genotype_counts,w1000_05,chr1,54878472,54879471,1000,2,2,0.00445232167840004,OK,True,
bcftools-indexed,r05_region_sample_genotype_counts,w1000_05,chr1,54878472,54879471,1000,2,3,0.004125055857002735,OK,True,
bcftools-indexed,r05_region_sample_genotype_counts,w1000_06,chr1,54724268,54725267,1000,9,1,0.004133745562285185,OK,True,
bcftools-indexed,r05_region_sample_genotype_counts,w1000_06,chr1,54724268,54725267,1000,9,2,0.004149195738136768,OK,True,
bcftools-indexed,r05_region_sample_genotype_counts,w1000_06,chr1,54724268,54725267,1000,9,3,0.004252588842064142,OK,True,
bcftools-indexed,r05_region_sample_genotype_counts,w1000_07,chr1,50226603,50227602,1000,3,1,0.004137132782489061,OK,True,
bcftools-indexed,r05_region_sample_genotype_counts,w1000_07,chr1,50226603,50227602,1000,3,2,0.00419093482196331,OK,True,
bcftools-indexed,r05_region_sample_genotype_counts,w1000_07,chr1,50226603,50227602,1000,3,3,0.004205205012112856,OK,True,
bcftools-indexed,r05_region_sample_genotype_counts,w1000_08,chr1,5558122,5559121,1000,2,1,0.0043855346739292145,OK,True,
bcftools-indexed,r05_region_sample_genotype_counts,w1000_08,chr1,5558122,5559121,1000,2,2,0.004129916895180941,OK,True,
bcftools-indexed,r05_region_sample_genotype_counts,w1000_08,chr1,5558122,5559121,1000,2,3,0.004452318884432316,OK,True,
bcftools-indexed,r05_region_sample_genotype_counts,w1000_09,chr1,21979241,21980240,1000,15,1,0.004210265353322029,OK,True,
bcftools-indexed,r05_region_sample_genotype_counts,w1000_09,chr1,21979241,21980240,1000,15,2,0.004190230742096901,OK,True,
bcftools-indexed,r05_region_sample_genotype_counts,w1000_09,chr1,21979241,21980240,1000,15,3,0.00454578036442399,OK,True,
bcftools-indexed,r05_region_sample_genotype_counts,w1000_10,chr1,58250107,58251106,1000,2,1,0.004696340765804052,OK,True,
bcftools-indexed,r05_region_sample_genotype_counts,w1000_10,chr1,58250107,58251106,1000,2,2,0.004688350949436426,OK,True,
bcftools-indexed,r05_region_sample_genotype_counts,w1000_10,chr1,58250107,58251106,1000,2,3,0.004602691158652306,OK,True,
bcftools-indexed,r05_region_sample_genotype_counts,w1000_11,chr1,33820268,33821267,1000,1,1,0.0045939236879348755,OK,True,
bcftools-indexed,r05_region_sample_genotype_counts,w1000_11,chr1,33820268,33821267,1000,1,2,0.00482920091599226,OK,True,
bcftools-indexed,r05_region_sample_genotype_counts,w1000_11,chr1,33820268,33821267,1000,1,3,0.005539788864552975,OK,True,
bcftools-indexed,r05_region_sample_genotype_counts,w1000_12,chr1,74268898,74269897,1000,4,1,0.004596082028001547,OK,True,
bcftools-indexed,r05_region_sample_genotype_counts,w1000_12,chr1,74268898,74269897,1000,4,2,0.004880877677351236,OK,True,
bcftools-indexed,r05_region_sample_genotype_counts,w1000_12,chr1,74268898,74269897,1000,4,3,0.004800533875823021,OK,True,
bcftools-indexed,r05_region_sample_genotype_counts,w1000_13,chr1,58011340,58012339,1000,3,1,0.0046833879314363,OK,True,
bcftools-indexed,r05_region_sample_genotype_counts,w1000_13,chr1,58011340,58012339,1000,3,2,0.004571561701595783,OK,True,
bcftools-indexed,r05_region_sample_genotype_counts,w1000_13,chr1,58011340,58012339,1000,3,3,0.004516688175499439,OK,True,
bcftools-indexed,r05_region_sample_genotype_counts,w1000_14,chr1,55322618,55323617,1000,2,1,0.004490996245294809,OK,True,
bcftools-indexed,r05_region_sample_genotype_counts,w1000_14,chr1,55322618,55323617,1000,2,2,0.004367223009467125,OK,True,
bcftools-indexed,r05_region_sample_genotype_counts,w1000_14,chr1,55322618,55323617,1000,2,3,0.0048108831979334354,OK,True,
bcftools-indexed,r05_region_sample_genotype_counts,w1000_15,chr1,58597811,58598810,1000,2,1,0.005711789708584547,OK,True,
bcftools-indexed,r05_region_sample_genotype_counts,w1000_15,chr1,58597811,58598810,1000,2,2,0.0054372260347008705,OK,True,
bcftools-indexed,r05_region_sample_genotype_counts,w1000_15,chr1,58597811,58598810,1000,2,3,0.004537327215075493,OK,True,
bcftools-indexed,r05_region_sample_genotype_counts,w1000_16,chr1,61942877,61943876,1000,1,1,0.004729937296360731,OK,True,
bcftools-indexed,r05_region_sample_genotype_counts,w1000_16,chr1,61942877,61943876,1000,1,2,0.004574153106659651,OK,True,
bcftools-indexed,r05_region_sample_genotype_counts,w1000_16,chr1,61942877,61943876,1000,1,3,0.004526972305029631,OK,True,
bcftools-indexed,r05_region_sample_genotype_counts,w1000_17,chr1,74952903,74953902,1000,2,1,0.005043345969170332,OK,True,
bcftools-indexed,r05_region_sample_genotype_counts,w1000_17,chr1,74952903,74953902,1000,2,2,0.004721377976238728,OK,True,
bcftools-indexed,r05_region_sample_genotype_counts,w1000_17,chr1,74952903,74953902,1000,2,3,0.004404846578836441,OK,True,
bcftools-indexed,r05_region_sample_genotype_counts,w1000_18,chr1,10920022,10921021,1000,7,1,0.004967274144291878,OK,True,
bcftools-indexed,r05_region_sample_genotype_counts,w1000_18,chr1,10920022,10921021,1000,7,2,0.00491985771805048,OK,True,
bcftools-indexed,r05_region_sample_genotype_counts,w1000_18,chr1,10920022,10921021,1000,7,3,0.005985095165669918,OK,True,
bcftools-indexed,r05_region_sample_genotype_counts,w1000_19,chr1,54064366,54065365,1000,1,1,0.004849797580391169,OK,True,
bcftools-indexed,r05_region_sample_genotype_counts,w1000_19,chr1,54064366,54065365,1000,1,2,0.004562641028314829,OK,True,
bcftools-indexed,r05_region_sample_genotype_counts,w1000_19,chr1,54064366,54065365,1000,1,3,0.004433957859873772,OK,True,
bcftools-indexed,r05_region_sample_genotype_counts,w100000_00,chr1,76042312,76142311,100000,132,1,0.004924587905406952,OK,True,
bcftools-indexed,r05_region_sample_genotype_counts,w100000_00,chr1,76042312,76142311,100000,132,2,0.00480716023594141,OK,True,
bcftools-indexed,r05_region_sample_genotype_counts,w100000_00,chr1,76042312,76142311,100000,132,3,0.004982445854693651,OK,True,
bcftools-indexed,r05_region_sample_genotype_counts,w100000_01,chr1,26177705,26277704,100000,141,1,0.004944957792758942,OK,True,
bcftools-indexed,r05_region_sample_genotype_counts,w100000_01,chr1,26177705,26277704,100000,141,2,0.004896144848316908,OK,True,
bcftools-indexed,r05_region_sample_genotype_counts,w100000_01,chr1,26177705,26277704,100000,141,3,0.004797464236617088,OK,True,
bcftools-indexed,r05_region_sample_genotype_counts,w100000_02,chr1,76668322,76768321,100000,131,1,0.006503849755972624,OK,True,
bcftools-indexed,r05_region_sample_genotype_counts,w100000_02,chr1,76668322,76768321,100000,131,2,0.006243431009352207,OK,True,
bcftools-indexed,r05_region_sample_genotype_counts,w100000_02,chr1,76668322,76768321,100000,131,3,0.004820778965950012,OK,True,
bcftools-indexed,r05_region_sample_genotype_counts,w100000_03,chr1,64797067,64897066,100000,153,1,0.005171948112547398,OK,True,
bcftools-indexed,r05_region_sample_genotype_counts,w100000_03,chr1,64797067,64897066,100000,153,2,0.004649094771593809,OK,True,
bcftools-indexed,r05_region_sample_genotype_counts,w100000_03,chr1,64797067,64897066,100000,153,3,0.004331720992922783,OK,True,
bcftools-indexed,r05_region_sample_genotype_counts,w100000_04,chr1,66848110,66948109,100000,83,1,0.004820327274501324,OK,True,
bcftools-indexed,r05_region_sample_genotype_counts,w100000_04,chr1,66848110,66948109,100000,83,2,0.005026196129620075,OK,True,
bcftools-indexed,r05_region_sample_genotype_counts,w100000_04,chr1,66848110,66948109,100000,83,3,0.004854626953601837,OK,True,
bcftools-indexed,r05_region_sample_genotype_counts,w100000_05,chr1,58175965,58275964,100000,181,1,0.005117903929203749,OK,True,
bcftools-indexed,r05_region_sample_genotype_counts,w100000_05,chr1,58175965,58275964,100000,181,2,0.005681172013282776,OK,True,
bcftools-indexed,r05_region_sample_genotype_counts,w100000_05,chr1,58175965,58275964,100000,181,3,0.0048607951030135155,OK,True,
bcftools-indexed,r05_region_sample_genotype_counts,w100000_06,chr1,41567443,41667442,100000,142,1,0.0049776178784668446,OK,True,
bcftools-indexed,r05_region_sample_genotype_counts,w100000_06,chr1,41567443,41667442,100000,142,2,0.005178177263587713,OK,True,
bcftools-indexed,r05_region_sample_genotype_counts,w100000_06,chr1,41567443,41667442,100000,142,3,0.004691740032285452,OK,True,
bcftools-indexed,r05_region_sample_genotype_counts,w100000_07,chr1,23625875,23725874,100000,143,1,0.00496460497379303,OK,True,
bcftools-indexed,r05_region_sample_genotype_counts,w100000_07,chr1,23625875,23725874,100000,143,2,0.004886873997747898,OK,True,
bcftools-indexed,r05_region_sample_genotype_counts,w100000_07,chr1,23625875,23725874,100000,143,3,0.004663500003516674,OK,True,
bcftools-indexed,r05_region_sample_genotype_counts,w100000_08,chr1,69897964,69997963,100000,77,1,0.004770963918417692,OK,True,
bcftools-indexed,r05_region_sample_genotype_counts,w100000_08,chr1,69897964,69997963,100000,77,2,0.0051507200114429,OK,True,
bcftools-indexed,r05_region_sample_genotype_counts,w100000_08,chr1,69897964,69997963,100000,77,3,0.00460016168653965,OK,True,
bcftools-indexed,r05_region_sample_genotype_counts,w100000_09,chr1,63664508,63764507,100000,287,1,0.0054442500695586205,OK,True,
bcftools-indexed,r05_region_sample_genotype_counts,w100000_09,chr1,63664508,63764507,100000,287,2,0.005257494747638702,OK,True,
bcftools-indexed,r05_region_sample_genotype_counts,w100000_09,chr1,63664508,63764507,100000,287,3,0.005381236784160137,OK,True,
bcftools-indexed,r05_region_sample_genotype_counts,w100000_10,chr1,15518874,15618873,100000,146,1,0.004890377167612314,OK,True,
bcftools-indexed,r05_region_sample_genotype_counts,w100000_10,chr1,15518874,15618873,100000,146,2,0.005116049200296402,OK,True,
bcftools-indexed,r05_region_sample_genotype_counts,w100000_10,chr1,15518874,15618873,100000,146,3,0.005133140832185745,OK,True,
bcftools-indexed,r05_region_sample_genotype_counts,w100000_11,chr1,23996836,24096835,100000,343,1,0.005630281288176775,OK,True,
bcftools-indexed,r05_region_sample_genotype_counts,w100000_11,chr1,23996836,24096835,100000,343,2,0.0073549882508814335,OK,True,
bcftools-indexed,r05_region_sample_genotype_counts,w100000_11,chr1,23996836,24096835,100000,343,3,0.005877138115465641,OK,True,
bcftools-indexed,r05_region_sample_genotype_counts,w100000_12,chr1,56566795,56666794,100000,139,1,0.005460155662149191,OK,True,
bcftools-indexed,r05_region_sample_genotype_counts,w100000_12,chr1,56566795,56666794,100000,139,2,0.004944755230098963,OK,True,
bcftools-indexed,r05_region_sample_genotype_counts,w100000_12,chr1,56566795,56666794,100000,139,3,0.0051606460474431515,OK,True,
bcftools-indexed,r05_region_sample_genotype_counts,w100000_13,chr1,24058646,24158645,100000,214,1,0.005116381216794252,OK,True,
bcftools-indexed,r05_region_sample_genotype_counts,w100000_13,chr1,24058646,24158645,100000,214,2,0.005077743902802467,OK,True,
bcftools-indexed,r05_region_sample_genotype_counts,w100000_13,chr1,24058646,24158645,100000,214,3,0.005466389004141092,OK,True,
bcftools-indexed,r05_region_sample_genotype_counts,w100000_14,chr1,3105927,3205926,100000,226,1,0.0055643487721681595,OK,True,
bcftools-indexed,r05_region_sample_genotype_counts,w100000_14,chr1,3105927,3205926,100000,226,2,0.005577018018811941,OK,True,
bcftools-indexed,r05_region_sample_genotype_counts,w100000_14,chr1,3105927,3205926,100000,226,3,0.005400798749178648,OK,True,
bcftools-indexed,r05_region_sample_genotype_counts,w100000_15,chr1,54865968,54965967,100000,181,1,0.00512548116967082,OK,True,
bcftools-indexed,r05_region_sample_genotype_counts,w100000_15,chr1,54865968,54965967,100000,181,2,0.0050498670898377895,OK,True,
bcftools-indexed,r05_region_sample_genotype_counts,w100000_15,chr1,54865968,54965967,100000,181,3,0.005034191068261862,OK,True,
bcftools-indexed,r05_region_sample_genotype_counts,w100000_16,chr1,58852100,58952099,100000,79,1,0.004605320282280445,OK,True,
bcftools-indexed,r05_region_sample_genotype_counts,w100000_16,chr1,58852100,58952099,100000,79,2,0.004558795131742954,OK,True,
bcftools-indexed,r05_region_sample_genotype_counts,w100000_16,chr1,58852100,58952099,100000,79,3,0.005095200147479773,OK,True,
bcftools-indexed,r05_region_sample_genotype_counts,w100000_17,chr1,77570681,77670680,100000,81,1,0.004794253036379814,OK,True,
bcftools-indexed,r05_region_sample_genotype_counts,w100000_17,chr1,77570681,77670680,100000,81,2,0.004450382199138403,OK,True,
bcftools-indexed,r05_region_sample_genotype_counts,w100000_17,chr1,77570681,77670680,100000,81,3,0.0046215662732720375,OK,True,
bcftools-indexed,r05_region_sample_genotype_counts,w100000_18,chr1,66388887,66488886,100000,196,1,0.004894050769507885,OK,True,
bcftools-indexed,r05_region_sample_genotype_counts,w100000_18,chr1,66388887,66488886,100000,196,2,0.004825927782803774,OK,True,
bcftools-indexed,r05_region_sample_genotype_counts,w100000_18,chr1,66388887,66488886,100000,196,3,0.004836316220462322,OK,True,
bcftools-indexed,r05_region_sample_genotype_counts,w100000_19,chr1,5319806,5419805,100000,87,1,0.0055519030429422855,OK,True,
bcftools-indexed,r05_region_sample_genotype_counts,w100000_19,chr1,5319806,5419805,100000,87,2,0.004871069919317961,OK,True,
bcftools-indexed,r05_region_sample_genotype_counts,w100000_19,chr1,5319806,5419805,100000,87,3,0.004607078153640032,OK,True,
bcftools-indexed,r05_region_sample_genotype_counts,w1000000_00,chr1,42846822,43846821,1000000,1112,1,0.008463863283395767,OK,True,
bcftools-indexed,r05_region_sample_genotype_counts,w1000000_00,chr1,42846822,43846821,1000000,1112,2,0.010662850923836231,OK,True,
bcftools-indexed,r05_region_sample_genotype_counts,w1000000_00,chr1,42846822,43846821,1000000,1112,3,0.008662310894578695,OK,True,
bcftools-indexed,r05_region_sample_genotype_counts,w1000000_01,chr1,9034070,10034069,1000000,1143,1,0.008650096133351326,OK,True,
bcftools-indexed,r05_region_sample_genotype_counts,w1000000_01,chr1,9034070,10034069,1000000,1143,2,0.008799761068075895,OK,True,
bcftools-indexed,r05_region_sample_genotype_counts,w1000000_01,chr1,9034070,10034069,1000000,1143,3,0.009047022089362144,OK,True,
bcftools-indexed,r05_region_sample_genotype_counts,w1000000_02,chr1,54809885,55809884,1000000,1670,1,0.010773641057312489,OK,True,
bcftools-indexed,r05_region_sample_genotype_counts,w1000000_02,chr1,54809885,55809884,1000000,1670,2,0.011024184059351683,OK,True,
bcftools-indexed,r05_region_sample_genotype_counts,w1000000_02,chr1,54809885,55809884,1000000,1670,3,0.010196163784712553,OK,True,
bcftools-indexed,r05_region_sample_genotype_counts,w1000000_03,chr1,55795141,56795140,1000000,1824,1,0.011209695134311914,OK,True,
bcftools-indexed,r05_region_sample_genotype_counts,w1000000_03,chr1,55795141,56795140,1000000,1824,2,0.011221332009881735,OK,True,
bcftools-indexed,r05_region_sample_genotype_counts,w1000000_03,chr1,55795141,56795140,1000000,1824,3,0.011996868997812271,OK,True,
bcftools-indexed,r05_region_sample_genotype_counts,w1000000_04,chr1,11734309,12734308,1000000,950,1,0.007947671227157116,OK,True,
bcftools-indexed,r05_region_sample_genotype_counts,w1000000_04,chr1,11734309,12734308,1000000,950,2,0.009702032897621393,OK,True,
bcftools-indexed,r05_region_sample_genotype_counts,w1000000_04,chr1,11734309,12734308,1000000,950,3,0.008472711779177189,OK,True,
bcftools-indexed,r05_region_sample_genotype_counts,w1000000_05,chr1,28814643,29814642,1000000,1348,1,0.009280059020966291,OK,True,
bcftools-indexed,r05_region_sample_genotype_counts,w1000000_05,chr1,28814643,29814642,1000000,1348,2,0.009644813369959593,OK,True,
bcftools-indexed,r05_region_sample_genotype_counts,w1000000_05,chr1,28814643,29814642,1000000,1348,3,0.00939567992463708,OK,True,
bcftools-indexed,r05_region_sample_genotype_counts,w1000000_06,chr1,47354520,48354519,1000000,1253,1,0.008900846354663372,OK,True,
bcftools-indexed,r05_region_sample_genotype_counts,w1000000_06,chr1,47354520,48354519,1000000,1253,2,0.00909002311527729,OK,True,
bcftools-indexed,r05_region_sample_genotype_counts,w1000000_06,chr1,47354520,48354519,1000000,1253,3,0.009000147227197886,OK,True,
bcftools-indexed,r05_region_sample_genotype_counts,w1000000_07,chr1,35782931,36782930,1000000,868,1,0.007527651730924845,OK,True,
bcftools-indexed,r05_region_sample_genotype_counts,w1000000_07,chr1,35782931,36782930,1000000,868,2,0.008353793993592262,OK,True,
bcftools-indexed,r05_region_sample_genotype_counts,w1000000_07,chr1,35782931,36782930,1000000,868,3,0.007676385808736086,OK,True,
bcftools-indexed,r05_region_sample_genotype_counts,w1000000_08,chr1,5611726,6611725,1000000,1261,1,0.008915840182453394,OK,True,
bcftools-indexed,r05_region_sample_genotype_counts,w1000000_08,chr1,5611726,6611725,1000000,1261,2,0.009135044645518064,OK,True,
bcftools-indexed,r05_region_sample_genotype_counts,w1000000_08,chr1,5611726,6611725,1000000,1261,3,0.01143963960930705,OK,True,
bcftools-indexed,r05_region_sample_genotype_counts,w1000000_09,chr1,17930348,18930347,1000000,1491,1,0.009895134251564741,OK,True,
bcftools-indexed,r05_region_sample_genotype_counts,w1000000_09,chr1,17930348,18930347,1000000,1491,2,0.010084648616611958,OK,True,
bcftools-indexed,r05_region_sample_genotype_counts,w1000000_09,chr1,17930348,18930347,1000000,1491,3,0.009675974026322365,OK,True,
bcftools-indexed,r05_region_sample_genotype_counts,w1000000_10,chr1,58656617,59656616,1000000,1262,1,0.008963478729128838,OK,True,
bcftools-indexed,r05_region_sample_genotype_counts,w1000000_10,chr1,58656617,59656616,1000000,1262,2,0.008705370128154755,OK,True,
bcftools-indexed,r05_region_sample_genotype_counts,w1000000_10,chr1,58656617,59656616,1000000,1262,3,0.008908545132726431,OK,True,
bcftools-indexed,r05_region_sample_genotype_counts,w1000000_11,chr1,20579658,21579657,1000000,1246,1,0.009053085930645466,OK,True,
bcftools-indexed,r05_region_sample_genotype_counts,w1000000_11,chr1,20579658,21579657,1000000,1246,2,0.008869721088558435,OK,True,
bcftools-indexed,r05_region_sample_genotype_counts,w1000000_11,chr1,20579658,21579657,1000000,1246,3,0.008536233101040125,OK,True,
bcftools-indexed,r05_region_sample_genotype_counts,w1000000_12,chr1,66774094,67774093,1000000,1548,1,0.009632458910346031,OK,True,
bcftools-indexed,r05_region_sample_genotype_counts,w1000000_12,chr1,66774094,67774093,1000000,1548,2,0.009993826039135456,OK,True,
bcftools-indexed,r05_region_sample_genotype_counts,w1000000_12,chr1,66774094,67774093,1000000,1548,3,0.010370417963713408,OK,True,
bcftools-indexed,r05_region_sample_genotype_counts,w1000000_13,chr1,53330427,54330426,1000000,1337,1,0.009140982292592525,OK,True,
bcftools-indexed,r05_region_sample_genotype_counts,w1000000_13,chr1,53330427,54330426,1000000,1337,2,0.009432671125978231,OK,True,
bcftools-indexed,r05_region_sample_genotype_counts,w1000000_13,chr1,53330427,54330426,1000000,1337,3,0.009140129201114178,OK,True,
bcftools-indexed,r05_region_sample_genotype_counts,w1000000_14,chr1,34457222,35457221,1000000,1194,1,0.008968269918113947,OK,True,
bcftools-indexed,r05_region_sample_genotype_counts,w1000000_14,chr1,34457222,35457221,1000000,1194,2,0.008462207391858101,OK,True,
bcftools-indexed,r05_region_sample_genotype_counts,w1000000_14,chr1,34457222,35457221,1000000,1194,3,0.008920556865632534,OK,True,
bcftools-indexed,r05_region_sample_genotype_counts,w1000000_15,chr1,6173132,7173131,1000000,906,1,0.007543767802417278,OK,True,
bcftools-indexed,r05_region_sample_genotype_counts,w1000000_15,chr1,6173132,7173131,1000000,906,2,0.007692396175116301,OK,True,
bcftools-indexed,r05_region_sample_genotype_counts,w1000000_15,chr1,6173132,7173131,1000000,906,3,0.007516055833548307,OK,True,
bcftools-indexed,r05_region_sample_genotype_counts,w1000000_16,chr1,34054184,35054183,1000000,1668,1,0.011045603081583977,OK,True,
bcftools-indexed,r05_region_sample_genotype_counts,w1000000_16,chr1,34054184,35054183,1000000,1668,2,0.011404506862163544,OK,True,
bcftools-indexed,r05_region_sample_genotype_counts,w1000000_16,chr1,34054184,35054183,1000000,1668,3,0.010199571028351784,OK,True,
bcftools-indexed,r05_region_sample_genotype_counts,w1000000_17,chr1,15193776,16193775,1000000,1521,1,0.009647520259022713,OK,True,
bcftools-indexed,r05_region_sample_genotype_counts,w1000000_17,chr1,15193776,16193775,1000000,1521,2,0.010500764939934015,OK,True,
bcftools-indexed,r05_region_sample_genotype_counts,w1000000_17,chr1,15193776,16193775,1000000,1521,3,0.00987896416336298,OK,True,
bcftools-indexed,r05_region_sample_genotype_counts,w1000000_18,chr1,43583485,44583484,1000000,1108,1,0.008305925875902176,OK,True,
bcftools-indexed,r05_region_sample_genotype_counts,w1000000_18,chr1,43583485,44583484,1000000,1108,2,0.008708666078746319,OK,True,
bcftools-indexed,r05_region_sample_genotype_counts,w1000000_18,chr1,43583485,44583484,1000000,1108,3,0.008390996139496565,OK,True,
bcftools-indexed,r05_region_sample_genotype_counts,w1000000_19,chr1,58570714,59570713,1000000,1451,1,0.00933351693674922,OK,True,
bcftools-indexed,r05_region_sample_genotype_counts,w1000000_19,chr1,58570714,59570713,1000000,1451,2,0.009658448863774538,OK,True,
bcftools-indexed,r05_region_sample_genotype_counts,w1000000_19,chr1,58570714,59570713,1000000,1451,3,0.010730003006756306,OK,True,
bcftools-indexed,r05_region_sample_genotype_counts,w10000000_00,chr1,36023355,46023354,10000000,11510,1,0.04430818231776357,OK,True,
bcftools-indexed,r05_region_sample_genotype_counts,w10000000_00,chr1,36023355,46023354,10000000,11510,2,0.043519910890609026,OK,True,
bcftools-indexed,r05_region_sample_genotype_counts,w10000000_00,chr1,36023355,46023354,10000000,11510,3,0.044515036046504974,OK,True,
bcftools-indexed,r05_region_sample_genotype_counts,w10000000_01,chr1,57527385,67527384,10000000,14820,1,0.05502321198582649,OK,True,
bcftools-indexed,r05_region_sample_genotype_counts,w10000000_01,chr1,57527385,67527384,10000000,14820,2,0.056741343811154366,OK,True,
bcftools-indexed,r05_region_sample_genotype_counts,w10000000_01,chr1,57527385,67527384,10000000,14820,3,0.056792957708239555,OK,True,
bcftools-indexed,r05_region_sample_genotype_counts,w10000000_02,chr1,63680811,73680810,10000000,13676,1,0.051278334110975266,OK,True,
bcftools-indexed,r05_region_sample_genotype_counts,w10000000_02,chr1,63680811,73680810,10000000,13676,2,0.05209272773936391,OK,True,
bcftools-indexed,r05_region_sample_genotype_counts,w10000000_02,chr1,63680811,73680810,10000000,13676,3,0.05148356826975942,OK,True,
bcftools-indexed,r05_region_sample_genotype_counts,w10000000_03,chr1,53679378,63679377,10000000,14787,1,0.05576226720586419,OK,True,
bcftools-indexed,r05_region_sample_genotype_counts,w10000000_03,chr1,53679378,63679377,10000000,14787,2,0.05695087229833007,OK,True,
bcftools-indexed,r05_region_sample_genotype_counts,w10000000_03,chr1,53679378,63679377,10000000,14787,3,0.0552137428894639,OK,True,
bcftools-indexed,r05_region_sample_genotype_counts,w10000000_04,chr1,60690498,70690497,10000000,14398,1,0.053998411633074284,OK,True,
bcftools-indexed,r05_region_sample_genotype_counts,w10000000_04,chr1,60690498,70690497,10000000,14398,2,0.05428527621552348,OK,True,
bcftools-indexed,r05_region_sample_genotype_counts,w10000000_04,chr1,60690498,70690497,10000000,14398,3,0.054734474048018456,OK,True,
bcftools-indexed,r05_region_sample_genotype_counts,w10000000_05,chr1,47428546,57428545,10000000,11289,1,0.04443927016109228,OK,True,
bcftools-indexed,r05_region_sample_genotype_counts,w10000000_05,chr1,47428546,57428545,10000000,11289,2,0.04359423695132136,OK,True,
bcftools-indexed,r05_region_sample_genotype_counts,w10000000_05,chr1,47428546,57428545,10000000,11289,3,0.04392669163644314,OK,True,
bcftools-indexed,r05_region_sample_genotype_counts,w10000000_06,chr1,22030736,32030735,10000000,12991,1,0.049731936771422625,OK,True,
bcftools-indexed,r05_region_sample_genotype_counts,w10000000_06,chr1,22030736,32030735,10000000,12991,2,0.05092086363583803,OK,True,
bcftools-indexed,r05_region_sample_genotype_counts,w10000000_06,chr1,22030736,32030735,10000000,12991,3,0.0500475917942822,OK,True,
bcftools-indexed,r05_region_sample_genotype_counts,w10000000_07,chr1,34252401,44252400,10000000,11717,1,0.045667826663702726,OK,True,
bcftools-indexed,r05_region_sample_genotype_counts,w10000000_07,chr1,34252401,44252400,10000000,11717,2,0.04659625003114343,OK,True,
bcftools-indexed,r05_region_sample_genotype_counts,w10000000_07,chr1,34252401,44252400,10000000,11717,3,0.04902954213321209,OK,True,
bcftools-indexed,r05_region_sample_genotype_counts,w10000000_08,chr1,58528508,68528507,10000000,14502,1,0.05661309324204922,OK,True,
bcftools-indexed,r05_region_sample_genotype_counts,w10000000_08,chr1,58528508,68528507,10000000,14502,2,0.06979655893519521,OK,True,
bcftools-indexed,r05_region_sample_genotype_counts,w10000000_08,chr1,58528508,68528507,10000000,14502,3,0.05568728083744645,OK,True,
bcftools-indexed,r05_region_sample_genotype_counts,w10000000_09,chr1,51917411,61917410,10000000,13900,1,0.06769844284281135,OK,True,
bcftools-indexed,r05_region_sample_genotype_counts,w10000000_09,chr1,51917411,61917410,10000000,13900,2,0.059121519792824984,OK,True,
bcftools-indexed,r05_region_sample_genotype_counts,w10000000_09,chr1,51917411,61917410,10000000,13900,3,0.07210575928911567,OK,True,
bcftools-indexed,r05_region_sample_genotype_counts,w10000000_10,chr1,17106918,27106917,10000000,14199,1,0.06548293214291334,OK,True,
bcftools-indexed,r05_region_sample_genotype_counts,w10000000_10,chr1,17106918,27106917,10000000,14199,2,0.05650428170338273,OK,True,
bcftools-indexed,r05_region_sample_genotype_counts,w10000000_10,chr1,17106918,27106917,10000000,14199,3,0.059324867092072964,OK,True,
bcftools-indexed,r05_region_sample_genotype_counts,w10000000_11,chr1,43275553,53275552,10000000,9415,1,0.048298534005880356,OK,True,
bcftools-indexed,r05_region_sample_genotype_counts,w10000000_11,chr1,43275553,53275552,10000000,9415,2,0.04768238263204694,OK,True,
bcftools-indexed,r05_region_sample_genotype_counts,w10000000_11,chr1,43275553,53275552,10000000,9415,3,0.043219911865890026,OK,True,
bcftools-indexed,r05_region_sample_genotype_counts,w10000000_12,chr1,75394691,85394690,10000000,3288,1,0.0182548719458282,OK,True,
bcftools-indexed,r05_region_sample_genotype_counts,w10000000_12,chr1,75394691,85394690,10000000,3288,2,0.016567853279411793,OK,True,
bcftools-indexed,r05_region_sample_genotype_counts,w10000000_12,chr1,75394691,85394690,10000000,3288,3,0.016454976983368397,OK,True,
bcftools-indexed,r05_region_sample_genotype_counts,w10000000_13,chr1,40866716,50866715,10000000,10786,1,0.042729978915303946,OK,True,
bcftools-indexed,r05_region_sample_genotype_counts,w10000000_13,chr1,40866716,50866715,10000000,10786,2,0.04221652401611209,OK,True,
bcftools-indexed,r05_region_sample_genotype_counts,w10000000_13,chr1,40866716,50866715,10000000,10786,3,0.04187174700200558,OK,True,
bcftools-indexed,r05_region_sample_genotype_counts,w10000000_14,chr1,54182280,64182279,10000000,14941,1,0.06966934585943818,OK,True,
bcftools-indexed,r05_region_sample_genotype_counts,w10000000_14,chr1,54182280,64182279,10000000,14941,2,0.0827341191470623,OK,True,
bcftools-indexed,r05_region_sample_genotype_counts,w10000000_14,chr1,54182280,64182279,10000000,14941,3,0.055903730913996696,OK,True,
bcftools-indexed,r05_region_sample_genotype_counts,w10000000_15,chr1,22053178,32053177,10000000,12910,1,0.04853565013036132,OK,True,
bcftools-indexed,r05_region_sample_genotype_counts,w10000000_15,chr1,22053178,32053177,10000000,12910,2,0.048806489910930395,OK,True,
bcftools-indexed,r05_region_sample_genotype_counts,w10000000_15,chr1,22053178,32053177,10000000,12910,3,0.04783589206635952,OK,True,
bcftools-indexed,r05_region_sample_genotype_counts,w10000000_16,chr1,65680356,75680355,10000000,13295,1,0.0490542440675199,OK,True,
bcftools-indexed,r05_region_sample_genotype_counts,w10000000_16,chr1,65680356,75680355,10000000,13295,2,0.049249045085161924,OK,True,
bcftools-indexed,r05_region_sample_genotype_counts,w10000000_16,chr1,65680356,75680355,10000000,13295,3,0.049213266000151634,OK,True,
bcftools-indexed,r05_region_sample_genotype_counts,w10000000_17,chr1,30270070,40270069,10000000,12583,1,0.05151303159072995,OK,True,
bcftools-indexed,r05_region_sample_genotype_counts,w10000000_17,chr1,30270070,40270069,10000000,12583,2,0.046840762719511986,OK,True,
bcftools-indexed,r05_region_sample_genotype_counts,w10000000_17,chr1,30270070,40270069,10000000,12583,3,0.05038825515657663,OK,True,
bcftools-indexed,r05_region_sample_genotype_counts,w10000000_18,chr1,42283662,52283661,10000000,9628,1,0.03713592514395714,OK,True,
bcftools-indexed,r05_region_sample_genotype_counts,w10000000_18,chr1,42283662,52283661,10000000,9628,2,0.03828613506630063,OK,True,
bcftools-indexed,r05_region_sample_genotype_counts,w10000000_18,chr1,42283662,52283661,10000000,9628,3,0.037582674995064735,OK,True,
bcftools-indexed,r05_region_sample_genotype_counts,w10000000_19,chr1,61622305,71622304,10000000,14407,1,0.053266305942088366,OK,True,
bcftools-indexed,r05_region_sample_genotype_counts,w10000000_19,chr1,61622305,71622304,10000000,14407,2,0.05743020912632346,OK,True,
bcftools-indexed,r05_region_sample_genotype_counts,w10000000_19,chr1,61622305,71622304,10000000,14407,3,0.05627375980839133,OK,True,
qlever,r01_region_record_count,w1000_00,chr1,23894831,23895830,1000,10,1,1.6714136619120836,OK,True,
qlever,r01_region_record_count,w1000_00,chr1,23894831,23895830,1000,10,2,0.003019921015948057,OK,True,
qlever,r01_region_record_count,w1000_00,chr1,23894831,23895830,1000,10,3,0.0026695230044424534,OK,True,
qlever,r01_region_record_count,w1000_01,chr1,37268328,37269327,1000,1,1,0.009234416298568249,OK,True,
qlever,r01_region_record_count,w1000_01,chr1,37268328,37269327,1000,1,2,0.002775475848466158,OK,True,
qlever,r01_region_record_count,w1000_01,chr1,37268328,37269327,1000,1,3,0.0025380528531968594,OK,True,
qlever,r01_region_record_count,w1000_02,chr1,42471294,42472293,1000,2,1,0.009157864842563868,OK,True,
qlever,r01_region_record_count,w1000_02,chr1,42471294,42472293,1000,2,2,0.0027429908514022827,OK,True,
qlever,r01_region_record_count,w1000_02,chr1,42471294,42472293,1000,2,3,0.002401445060968399,OK,True,
qlever,r01_region_record_count,w1000_03,chr1,19972624,19973623,1000,4,1,0.010249422863125801,OK,True,
qlever,r01_region_record_count,w1000_03,chr1,19972624,19973623,1000,4,2,0.002750034909695387,OK,True,
qlever,r01_region_record_count,w1000_03,chr1,19972624,19973623,1000,4,3,0.002415513154119253,OK,True,
qlever,r01_region_record_count,w1000_04,chr1,65925426,65926425,1000,2,1,0.009179702028632164,OK,True,
qlever,r01_region_record_count,w1000_04,chr1,65925426,65926425,1000,2,2,0.0027127591893076897,OK,True,
qlever,r01_region_record_count,w1000_04,chr1,65925426,65926425,1000,2,3,0.0023862640373408794,OK,True,
qlever,r01_region_record_count,w1000_05,chr1,54878472,54879471,1000,2,1,0.008825344033539295,OK,True,
qlever,r01_region_record_count,w1000_05,chr1,54878472,54879471,1000,2,2,0.002509511075913906,OK,True,
qlever,r01_region_record_count,w1000_05,chr1,54878472,54879471,1000,2,3,0.0024029319174587727,OK,True,
qlever,r01_region_record_count,w1000_06,chr1,54724268,54725267,1000,9,1,0.009025372564792633,OK,True,
qlever,r01_region_record_count,w1000_06,chr1,54724268,54725267,1000,9,2,0.002506800927221775,OK,True,
qlever,r01_region_record_count,w1000_06,chr1,54724268,54725267,1000,9,3,0.002317777369171381,OK,True,
qlever,r01_region_record_count,w1000_07,chr1,50226603,50227602,1000,3,1,0.008795545902103186,OK,True,
qlever,r01_region_record_count,w1000_07,chr1,50226603,50227602,1000,3,2,0.002429257147014141,OK,True,
qlever,r01_region_record_count,w1000_07,chr1,50226603,50227602,1000,3,3,0.0022337748669087887,OK,True,
qlever,r01_region_record_count,w1000_08,chr1,5558122,5559121,1000,2,1,0.008945703972131014,OK,True,
qlever,r01_region_record_count,w1000_08,chr1,5558122,5559121,1000,2,2,0.0024557579308748245,OK,True,
qlever,r01_region_record_count,w1000_08,chr1,5558122,5559121,1000,2,3,0.002411364112049341,OK,True,
qlever,r01_region_record_count,w1000_09,chr1,21979241,21980240,1000,15,1,0.009699013084173203,OK,True,
qlever,r01_region_record_count,w1000_09,chr1,21979241,21980240,1000,15,2,0.002796502783894539,OK,True,
qlever,r01_region_record_count,w1000_09,chr1,21979241,21980240,1000,15,3,0.0025340598076581955,OK,True,
qlever,r01_region_record_count,w1000_10,chr1,58250107,58251106,1000,2,1,0.00881320284679532,OK,True,
qlever,r01_region_record_count,w1000_10,chr1,58250107,58251106,1000,2,2,0.002442746888846159,OK,True,
qlever,r01_region_record_count,w1000_10,chr1,58250107,58251106,1000,2,3,0.0023907111026346684,OK,True,
qlever,r01_region_record_count,w1000_11,chr1,33820268,33821267,1000,1,1,0.008719664067029953,OK,True,
qlever,r01_region_record_count,w1000_11,chr1,33820268,33821267,1000,1,2,0.002484894823282957,OK,True,
qlever,r01_region_record_count,w1000_11,chr1,33820268,33821267,1000,1,3,0.0022389409132301807,OK,True,
qlever,r01_region_record_count,w1000_12,chr1,74268898,74269897,1000,4,1,0.008642737753689289,OK,True,
qlever,r01_region_record_count,w1000_12,chr1,74268898,74269897,1000,4,2,0.002590807154774666,OK,True,
qlever,r01_region_record_count,w1000_12,chr1,74268898,74269897,1000,4,3,0.002693130634725094,OK,True,
qlever,r01_region_record_count,w1000_13,chr1,58011340,58012339,1000,3,1,0.00875504082068801,OK,True,
qlever,r01_region_record_count,w1000_13,chr1,58011340,58012339,1000,3,2,0.0025156200863420963,OK,True,
qlever,r01_region_record_count,w1000_13,chr1,58011340,58012339,1000,3,3,0.0021316371858119965,OK,True,
qlever,r01_region_record_count,w1000_14,chr1,55322618,55323617,1000,2,1,0.008519146125763655,OK,True,
qlever,r01_region_record_count,w1000_14,chr1,55322618,55323617,1000,2,2,0.0024005696177482605,OK,True,
qlever,r01_region_record_count,w1000_14,chr1,55322618,55323617,1000,2,3,0.002449267078191042,OK,True,
qlever,r01_region_record_count,w1000_15,chr1,58597811,58598810,1000,2,1,0.009041309356689453,OK,True,
qlever,r01_region_record_count,w1000_15,chr1,58597811,58598810,1000,2,2,0.002354271709918976,OK,True,
qlever,r01_region_record_count,w1000_15,chr1,58597811,58598810,1000,2,3,0.0023086601868271828,OK,True,
qlever,r01_region_record_count,w1000_16,chr1,61942877,61943876,1000,1,1,0.008716787211596966,OK,True,
qlever,r01_region_record_count,w1000_16,chr1,61942877,61943876,1000,1,2,0.0023326710797846317,OK,True,
qlever,r01_region_record_count,w1000_16,chr1,61942877,61943876,1000,1,3,0.002179277129471302,OK,True,
qlever,r01_region_record_count,w1000_17,chr1,74952903,74953902,1000,2,1,0.008634652011096478,OK,True,
qlever,r01_region_record_count,w1000_17,chr1,74952903,74953902,1000,2,2,0.002555438783019781,OK,True,
qlever,r01_region_record_count,w1000_17,chr1,74952903,74953902,1000,2,3,0.0023385933600366116,OK,True,
qlever,r01_region_record_count,w1000_18,chr1,10920022,10921021,1000,7,1,0.009065017104148865,OK,True,
qlever,r01_region_record_count,w1000_18,chr1,10920022,10921021,1000,7,2,0.0024967752397060394,OK,True,
qlever,r01_region_record_count,w1000_18,chr1,10920022,10921021,1000,7,3,0.002330099232494831,OK,True,
qlever,r01_region_record_count,w1000_19,chr1,54064366,54065365,1000,1,1,0.009995392989367247,OK,True,
qlever,r01_region_record_count,w1000_19,chr1,54064366,54065365,1000,1,2,0.0026169950142502785,OK,True,
qlever,r01_region_record_count,w1000_19,chr1,54064366,54065365,1000,1,3,0.0023056487552821636,OK,True,
qlever,r01_region_record_count,w100000_00,chr1,76042312,76142311,100000,132,1,0.008734393864870071,OK,True,
qlever,r01_region_record_count,w100000_00,chr1,76042312,76142311,100000,132,2,0.002561634872108698,OK,True,
qlever,r01_region_record_count,w100000_00,chr1,76042312,76142311,100000,132,3,0.0024054846726357937,OK,True,
qlever,r01_region_record_count,w100000_01,chr1,26177705,26277704,100000,141,1,0.008803042583167553,OK,True,
qlever,r01_region_record_count,w100000_01,chr1,26177705,26277704,100000,141,2,0.002394932322204113,OK,True,
qlever,r01_region_record_count,w100000_01,chr1,26177705,26277704,100000,141,3,0.0021951659582555294,OK,True,
qlever,r01_region_record_count,w100000_02,chr1,76668322,76768321,100000,131,1,0.0083738942630589,OK,True,
qlever,r01_region_record_count,w100000_02,chr1,76668322,76768321,100000,131,2,0.0022557969205081463,OK,True,
qlever,r01_region_record_count,w100000_02,chr1,76668322,76768321,100000,131,3,0.002163646277040243,OK,True,
qlever,r01_region_record_count,w100000_03,chr1,64797067,64897066,100000,153,1,0.008637235034257174,OK,True,
qlever,r01_region_record_count,w100000_03,chr1,64797067,64897066,100000,153,2,0.0023784241639077663,OK,True,
qlever,r01_region_record_count,w100000_03,chr1,64797067,64897066,100000,153,3,0.0021969019435346127,OK,True,
qlever,r01_region_record_count,w100000_04,chr1,66848110,66948109,100000,83,1,0.011073039844632149,OK,True,
qlever,r01_region_record_count,w100000_04,chr1,66848110,66948109,100000,83,2,0.003508178051561117,OK,True,
qlever,r01_region_record_count,w100000_04,chr1,66848110,66948109,100000,83,3,0.003207204397767782,OK,True,
qlever,r01_region_record_count,w100000_05,chr1,58175965,58275964,100000,181,1,0.010269910097122192,OK,True,
qlever,r01_region_record_count,w100000_05,chr1,58175965,58275964,100000,181,2,0.002982807345688343,OK,True,
qlever,r01_region_record_count,w100000_05,chr1,58175965,58275964,100000,181,3,0.0024382048286497593,OK,True,
qlever,r01_region_record_count,w100000_06,chr1,41567443,41667442,100000,142,1,0.009062469936907291,OK,True,
qlever,r01_region_record_count,w100000_06,chr1,41567443,41667442,100000,142,2,0.0027653430588543415,OK,True,
qlever,r01_region_record_count,w100000_06,chr1,41567443,41667442,100000,142,3,0.00264664925634861,OK,True,
qlever,r01_region_record_count,w100000_07,chr1,23625875,23725874,100000,143,1,0.010043373331427574,OK,True,
qlever,r01_region_record_count,w100000_07,chr1,23625875,23725874,100000,143,2,0.003012977074831724,OK,True,
qlever,r01_region_record_count,w100000_07,chr1,23625875,23725874,100000,143,3,0.0027069118805229664,OK,True,
qlever,r01_region_record_count,w100000_08,chr1,69897964,69997963,100000,77,1,0.010507301893085241,OK,True,
qlever,r01_region_record_count,w100000_08,chr1,69897964,69997963,100000,77,2,0.002954325173050165,OK,True,
qlever,r01_region_record_count,w100000_08,chr1,69897964,69997963,100000,77,3,0.002955587115138769,OK,True,
qlever,r01_region_record_count,w100000_09,chr1,63664508,63764507,100000,287,1,0.009606705978512764,OK,True,
qlever,r01_region_record_count,w100000_09,chr1,63664508,63764507,100000,287,2,0.002677296753972769,OK,True,
qlever,r01_region_record_count,w100000_09,chr1,63664508,63764507,100000,287,3,0.002739307004958391,OK,True,
qlever,r01_region_record_count,w100000_10,chr1,15518874,15618873,100000,146,1,0.010004354175180197,OK,True,
qlever,r01_region_record_count,w100000_10,chr1,15518874,15618873,100000,146,2,0.003163576126098633,OK,True,
qlever,r01_region_record_count,w100000_10,chr1,15518874,15618873,100000,146,3,0.0027690152637660503,OK,True,
qlever,r01_region_record_count,w100000_11,chr1,23996836,24096835,100000,343,1,0.00976106384769082,OK,True,
qlever,r01_region_record_count,w100000_11,chr1,23996836,24096835,100000,343,2,0.0027532479725778103,OK,True,
qlever,r01_region_record_count,w100000_11,chr1,23996836,24096835,100000,343,3,0.0024328152649104595,OK,True,
qlever,r01_region_record_count,w100000_12,chr1,56566795,56666794,100000,139,1,0.00904778204858303,OK,True,
qlever,r01_region_record_count,w100000_12,chr1,56566795,56666794,100000,139,2,0.0027201068587601185,OK,True,
qlever,r01_region_record_count,w100000_12,chr1,56566795,56666794,100000,139,3,0.002557635772973299,OK,True,
qlever,r01_region_record_count,w100000_13,chr1,24058646,24158645,100000,214,1,0.009100197348743677,OK,True,
qlever,r01_region_record_count,w100000_13,chr1,24058646,24158645,100000,214,2,0.0026373257860541344,OK,True,
qlever,r01_region_record_count,w100000_13,chr1,24058646,24158645,100000,214,3,0.002415621653199196,OK,True,
qlever,r01_region_record_count,w100000_14,chr1,3105927,3205926,100000,226,1,0.008977750781923532,OK,True,
qlever,r01_region_record_count,w100000_14,chr1,3105927,3205926,100000,226,2,0.002497339155524969,OK,True,
qlever,r01_region_record_count,w100000_14,chr1,3105927,3205926,100000,226,3,0.0024042529985308647,OK,True,
qlever,r01_region_record_count,w100000_15,chr1,54865968,54965967,100000,181,1,0.0090816137380898,OK,True,
qlever,r01_region_record_count,w100000_15,chr1,54865968,54965967,100000,181,2,0.0027327309362590313,OK,True,
qlever,r01_region_record_count,w100000_15,chr1,54865968,54965967,100000,181,3,0.0025877393782138824,OK,True,
qlever,r01_region_record_count,w100000_16,chr1,58852100,58952099,100000,79,1,0.009897131938487291,OK,True,
qlever,r01_region_record_count,w100000_16,chr1,58852100,58952099,100000,79,2,0.0028628911823034286,OK,True,
qlever,r01_region_record_count,w100000_16,chr1,58852100,58952099,100000,79,3,0.002664734609425068,OK,True,
qlever,r01_region_record_count,w100000_17,chr1,77570681,77670680,100000,81,1,0.009793940000236034,OK,True,
qlever,r01_region_record_count,w100000_17,chr1,77570681,77670680,100000,81,2,0.002857749816030264,OK,True,
qlever,r01_region_record_count,w100000_17,chr1,77570681,77670680,100000,81,3,0.002488422207534313,OK,True,
qlever,r01_region_record_count,w100000_18,chr1,66388887,66488886,100000,196,1,0.009932543151080608,OK,True,
qlever,r01_region_record_count,w100000_18,chr1,66388887,66488886,100000,196,2,0.0031572170555591583,OK,True,
qlever,r01_region_record_count,w100000_18,chr1,66388887,66488886,100000,196,3,0.0026455740444362164,OK,True,
qlever,r01_region_record_count,w100000_19,chr1,5319806,5419805,100000,87,1,0.009331783279776573,OK,True,
qlever,r01_region_record_count,w100000_19,chr1,5319806,5419805,100000,87,2,0.002658952958881855,OK,True,
qlever,r01_region_record_count,w100000_19,chr1,5319806,5419805,100000,87,3,0.0025191367603838444,OK,True,
qlever,r01_region_record_count,w1000000_00,chr1,42846822,43846821,1000000,1112,1,0.009583785198628902,OK,True,
qlever,r01_region_record_count,w1000000_00,chr1,42846822,43846821,1000000,1112,2,0.002820422872900963,OK,True,
qlever,r01_region_record_count,w1000000_00,chr1,42846822,43846821,1000000,1112,3,0.0023383828811347485,OK,True,
qlever,r01_region_record_count,w1000000_01,chr1,9034070,10034069,1000000,1143,1,0.009786805137991905,OK,True,
qlever,r01_region_record_count,w1000000_01,chr1,9034070,10034069,1000000,1143,2,0.0026990226469933987,OK,True,
qlever,r01_region_record_count,w1000000_01,chr1,9034070,10034069,1000000,1143,3,0.002474823035299778,OK,True,
qlever,r01_region_record_count,w1000000_02,chr1,54809885,55809884,1000000,1670,1,0.009507646318525076,OK,True,
qlever,r01_region_record_count,w1000000_02,chr1,54809885,55809884,1000000,1670,2,0.0028474372811615467,OK,True,
qlever,r01_region_record_count,w1000000_02,chr1,54809885,55809884,1000000,1670,3,0.00253612594678998,OK,True,
qlever,r01_region_record_count,w1000000_03,chr1,55795141,56795140,1000000,1824,1,0.009673223830759525,OK,True,
qlever,r01_region_record_count,w1000000_03,chr1,55795141,56795140,1000000,1824,2,0.0028192750178277493,OK,True,
qlever,r01_region_record_count,w1000000_03,chr1,55795141,56795140,1000000,1824,3,0.00249630119651556,OK,True,
qlever,r01_region_record_count,w1000000_04,chr1,11734309,12734308,1000000,950,1,0.009435767773538828,OK,True,
qlever,r01_region_record_count,w1000000_04,chr1,11734309,12734308,1000000,950,2,0.0027806279249489307,OK,True,
qlever,r01_region_record_count,w1000000_04,chr1,11734309,12734308,1000000,950,3,0.0025679832324385643,OK,True,
qlever,r01_region_record_count,w1000000_05,chr1,28814643,29814642,1000000,1348,1,0.009412357117980719,OK,True,
qlever,r01_region_record_count,w1000000_05,chr1,28814643,29814642,1000000,1348,2,0.0027209240943193436,OK,True,
qlever,r01_region_record_count,w1000000_05,chr1,28814643,29814642,1000000,1348,3,0.002541550900787115,OK,True,
qlever,r01_region_record_count,w1000000_06,chr1,47354520,48354519,1000000,1253,1,0.009265481028705835,OK,True,
qlever,r01_region_record_count,w1000000_06,chr1,47354520,48354519,1000000,1253,2,0.0027460940182209015,OK,True,
qlever,r01_region_record_count,w1000000_06,chr1,47354520,48354519,1000000,1253,3,0.0025756112299859524,OK,True,
qlever,r01_region_record_count,w1000000_07,chr1,35782931,36782930,1000000,868,1,0.01189941680058837,OK,True,
qlever,r01_region_record_count,w1000000_07,chr1,35782931,36782930,1000000,868,2,0.002943943254649639,OK,True,
qlever,r01_region_record_count,w1000000_07,chr1,35782931,36782930,1000000,868,3,0.002682529855519533,OK,True,
qlever,r01_region_record_count,w1000000_08,chr1,5611726,6611725,1000000,1261,1,0.009448738303035498,OK,True,
qlever,r01_region_record_count,w1000000_08,chr1,5611726,6611725,1000000,1261,2,0.002932713832706213,OK,True,
qlever,r01_region_record_count,w1000000_08,chr1,5611726,6611725,1000000,1261,3,0.0025861216709017754,OK,True,
qlever,r01_region_record_count,w1000000_09,chr1,17930348,18930347,1000000,1491,1,0.009578879922628403,OK,True,
qlever,r01_region_record_count,w1000000_09,chr1,17930348,18930347,1000000,1491,2,0.0025854180566966534,OK,True,
qlever,r01_region_record_count,w1000000_09,chr1,17930348,18930347,1000000,1491,3,0.002683317754417658,OK,True,
qlever,r01_region_record_count,w1000000_10,chr1,58656617,59656616,1000000,1262,1,0.009303327184170485,OK,True,
qlever,r01_region_record_count,w1000000_10,chr1,58656617,59656616,1000000,1262,2,0.0030184960924088955,OK,True,
qlever,r01_region_record_count,w1000000_10,chr1,58656617,59656616,1000000,1262,3,0.0028327717445790768,OK,True,
qlever,r01_region_record_count,w1000000_11,chr1,20579658,21579657,1000000,1246,1,0.009514172095805407,OK,True,
qlever,r01_region_record_count,w1000000_11,chr1,20579658,21579657,1000000,1246,2,0.0027481461875140667,OK,True,
qlever,r01_region_record_count,w1000000_11,chr1,20579658,21579657,1000000,1246,3,0.002586804796010256,OK,True,
qlever,r01_region_record_count,w1000000_12,chr1,66774094,67774093,1000000,1548,1,0.009522785432636738,OK,True,
qlever,r01_region_record_count,w1000000_12,chr1,66774094,67774093,1000000,1548,2,0.002730275969952345,OK,True,
qlever,r01_region_record_count,w1000000_12,chr1,66774094,67774093,1000000,1548,3,0.0023631169460713863,OK,True,
qlever,r01_region_record_count,w1000000_13,chr1,53330427,54330426,1000000,1337,1,0.009839695878326893,OK,True,
qlever,r01_region_record_count,w1000000_13,chr1,53330427,54330426,1000000,1337,2,0.003051755018532276,OK,True,
qlever,r01_region_record_count,w1000000_13,chr1,53330427,54330426,1000000,1337,3,0.002621040679514408,OK,True,
qlever,r01_region_record_count,w1000000_14,chr1,34457222,35457221,1000000,1194,1,0.009876510128378868,OK,True,
qlever,r01_region_record_count,w1000000_14,chr1,34457222,35457221,1000000,1194,2,0.0031824028119444847,OK,True,
qlever,r01_region_record_count,w1000000_14,chr1,34457222,35457221,1000000,1194,3,0.0029392829164862633,OK,True,
qlever,r01_region_record_count,w1000000_15,chr1,6173132,7173131,1000000,906,1,0.009615941904485226,OK,True,
qlever,r01_region_record_count,w1000000_15,chr1,6173132,7173131,1000000,906,2,0.0027790102176368237,OK,True,
qlever,r01_region_record_count,w1000000_15,chr1,6173132,7173131,1000000,906,3,0.0027914652600884438,OK,True,
qlever,r01_region_record_count,w1000000_16,chr1,34054184,35054183,1000000,1668,1,0.009711337741464376,OK,True,
qlever,r01_region_record_count,w1000000_16,chr1,34054184,35054183,1000000,1668,2,0.003112560138106346,OK,True,
qlever,r01_region_record_count,w1000000_16,chr1,34054184,35054183,1000000,1668,3,0.0025338809937238693,OK,True,
qlever,r01_region_record_count,w1000000_17,chr1,15193776,16193775,1000000,1521,1,0.009230338968336582,OK,True,
qlever,r01_region_record_count,w1000000_17,chr1,15193776,16193775,1000000,1521,2,0.002787332981824875,OK,True,
qlever,r01_region_record_count,w1000000_17,chr1,15193776,16193775,1000000,1521,3,0.002623196691274643,OK,True,
qlever,r01_region_record_count,w1000000_18,chr1,43583485,44583484,1000000,1108,1,0.009609675966203213,OK,True,
qlever,r01_region_record_count,w1000000_18,chr1,43583485,44583484,1000000,1108,2,0.002645270898938179,OK,True,
qlever,r01_region_record_count,w1000000_18,chr1,43583485,44583484,1000000,1108,3,0.0023431633599102497,OK,True,
qlever,r01_region_record_count,w1000000_19,chr1,58570714,59570713,1000000,1451,1,0.009115912951529026,OK,True,
qlever,r01_region_record_count,w1000000_19,chr1,58570714,59570713,1000000,1451,2,0.0029001361690461636,OK,True,
qlever,r01_region_record_count,w1000000_19,chr1,58570714,59570713,1000000,1451,3,0.002522996161133051,OK,True,
qlever,r01_region_record_count,w10000000_00,chr1,36023355,46023354,10000000,11510,1,0.010478041134774685,OK,True,
qlever,r01_region_record_count,w10000000_00,chr1,36023355,46023354,10000000,11510,2,0.002746804151684046,OK,True,
qlever,r01_region_record_count,w10000000_00,chr1,36023355,46023354,10000000,11510,3,0.002506381832063198,OK,True,
qlever,r01_region_record_count,w10000000_01,chr1,57527385,67527384,10000000,14820,1,0.010894727893173695,OK,True,
qlever,r01_region_record_count,w10000000_01,chr1,57527385,67527384,10000000,14820,2,0.002880172338336706,OK,True,
qlever,r01_region_record_count,w10000000_01,chr1,57527385,67527384,10000000,14820,3,0.0027548992075026035,OK,True,
qlever,r01_region_record_count,w10000000_02,chr1,63680811,73680810,10000000,13676,1,0.010726673062890768,OK,True,
qlever,r01_region_record_count,w10000000_02,chr1,63680811,73680810,10000000,13676,2,0.0029202140867710114,OK,True,
qlever,r01_region_record_count,w10000000_02,chr1,63680811,73680810,10000000,13676,3,0.0027910261414945126,OK,True,
qlever,r01_region_record_count,w10000000_03,chr1,53679378,63679377,10000000,14787,1,0.010636643040925264,OK,True,
qlever,r01_region_record_count,w10000000_03,chr1,53679378,63679377,10000000,14787,2,0.0028408681973814964,OK,True,
qlever,r01_region_record_count,w10000000_03,chr1,53679378,63679377,10000000,14787,3,0.0024047140032052994,OK,True,
qlever,r01_region_record_count,w10000000_04,chr1,60690498,70690497,10000000,14398,1,0.012020799797028303,OK,True,
qlever,r01_region_record_count,w10000000_04,chr1,60690498,70690497,10000000,14398,2,0.0031734229996800423,OK,True,
qlever,r01_region_record_count,w10000000_04,chr1,60690498,70690497,10000000,14398,3,0.0026060077361762524,OK,True,
qlever,r01_region_record_count,w10000000_05,chr1,47428546,57428545,10000000,11289,1,0.01172292698174715,OK,True,
qlever,r01_region_record_count,w10000000_05,chr1,47428546,57428545,10000000,11289,2,0.002855949103832245,OK,True,
qlever,r01_region_record_count,w10000000_05,chr1,47428546,57428545,10000000,11289,3,0.0025779767893254757,OK,True,
qlever,r01_region_record_count,w10000000_06,chr1,22030736,32030735,10000000,12991,1,0.010373255237936974,OK,True,
qlever,r01_region_record_count,w10000000_06,chr1,22030736,32030735,10000000,12991,2,0.002675422001630068,OK,True,
qlever,r01_region_record_count,w10000000_06,chr1,22030736,32030735,10000000,12991,3,0.002273320686072111,OK,True,
qlever,r01_region_record_count,w10000000_07,chr1,34252401,44252400,10000000,11717,1,0.010616250336170197,OK,True,
qlever,r01_region_record_count,w10000000_07,chr1,34252401,44252400,10000000,11717,2,0.0029501309618353844,OK,True,
qlever,r01_region_record_count,w10000000_07,chr1,34252401,44252400,10000000,11717,3,0.0024586902000010014,OK,True,
qlever,r01_region_record_count,w10000000_08,chr1,58528508,68528507,10000000,14502,1,0.011042641010135412,OK,True,
qlever,r01_region_record_count,w10000000_08,chr1,58528508,68528507,10000000,14502,2,0.00276004895567894,OK,True,
qlever,r01_region_record_count,w10000000_08,chr1,58528508,68528507,10000000,14502,3,0.0024923598393797874,OK,True,
qlever,r01_region_record_count,w10000000_09,chr1,51917411,61917410,10000000,13900,1,0.01141691580414772,OK,True,
qlever,r01_region_record_count,w10000000_09,chr1,51917411,61917410,10000000,13900,2,0.0029742238111793995,OK,True,
qlever,r01_region_record_count,w10000000_09,chr1,51917411,61917410,10000000,13900,3,0.0024840370751917362,OK,True,
qlever,r01_region_record_count,w10000000_10,chr1,17106918,27106917,10000000,14199,1,0.011157662142068148,OK,True,
qlever,r01_region_record_count,w10000000_10,chr1,17106918,27106917,10000000,14199,2,0.002950455993413925,OK,True,
qlever,r01_region_record_count,w10000000_10,chr1,17106918,27106917,10000000,14199,3,0.002552300225943327,OK,True,
qlever,r01_region_record_count,w10000000_11,chr1,43275553,53275552,10000000,9415,1,0.01022367225959897,OK,True,
qlever,r01_region_record_count,w10000000_11,chr1,43275553,53275552,10000000,9415,2,0.0029946607537567616,OK,True,
qlever,r01_region_record_count,w10000000_11,chr1,43275553,53275552,10000000,9415,3,0.002706076018512249,OK,True,
qlever,r01_region_record_count,w10000000_12,chr1,75394691,85394690,10000000,3288,1,0.010177348274737597,OK,True,
qlever,r01_region_record_count,w10000000_12,chr1,75394691,85394690,10000000,3288,2,0.002708426211029291,OK,True,
qlever,r01_region_record_count,w10000000_12,chr1,75394691,85394690,10000000,3288,3,0.002654240932315588,OK,True,
qlever,r01_region_record_count,w10000000_13,chr1,40866716,50866715,10000000,10786,1,0.010043701156973839,OK,True,
qlever,r01_region_record_count,w10000000_13,chr1,40866716,50866715,10000000,10786,2,0.002826299052685499,OK,True,
qlever,r01_region_record_count,w10000000_13,chr1,40866716,50866715,10000000,10786,3,0.0028626369312405586,OK,True,
qlever,r01_region_record_count,w10000000_14,chr1,54182280,64182279,10000000,14941,1,0.011128650046885014,OK,True,
qlever,r01_region_record_count,w10000000_14,chr1,54182280,64182279,10000000,14941,2,0.0028314199298620224,OK,True,
qlever,r01_region_record_count,w10000000_14,chr1,54182280,64182279,10000000,14941,3,0.0025187870487570763,OK,True,
qlever,r01_region_record_count,w10000000_15,chr1,22053178,32053177,10000000,12910,1,0.012273855973035097,OK,True,
qlever,r01_region_record_count,w10000000_15,chr1,22053178,32053177,10000000,12910,2,0.003278920892626047,OK,True,
qlever,r01_region_record_count,w10000000_15,chr1,22053178,32053177,10000000,12910,3,0.0030081970617175102,OK,True,
qlever,r01_region_record_count,w10000000_16,chr1,65680356,75680355,10000000,13295,1,0.010565968230366707,OK,True,
qlever,r01_region_record_count,w10000000_16,chr1,65680356,75680355,10000000,13295,2,0.0032696500420570374,OK,True,
qlever,r01_region_record_count,w10000000_16,chr1,65680356,75680355,10000000,13295,3,0.0030628973618149757,OK,True,
qlever,r01_region_record_count,w10000000_17,chr1,30270070,40270069,10000000,12583,1,0.012397929094731808,OK,True,
qlever,r01_region_record_count,w10000000_17,chr1,30270070,40270069,10000000,12583,2,0.0028406833298504353,OK,True,
qlever,r01_region_record_count,w10000000_17,chr1,30270070,40270069,10000000,12583,3,0.0025555510073900223,OK,True,
qlever,r01_region_record_count,w10000000_18,chr1,42283662,52283661,10000000,9628,1,0.010285807773470879,OK,True,
qlever,r01_region_record_count,w10000000_18,chr1,42283662,52283661,10000000,9628,2,0.0025045587681233883,OK,True,
qlever,r01_region_record_count,w10000000_18,chr1,42283662,52283661,10000000,9628,3,0.00228580879047513,OK,True,
qlever,r01_region_record_count,w10000000_19,chr1,61622305,71622304,10000000,14407,1,0.01009620213881135,OK,True,
qlever,r01_region_record_count,w10000000_19,chr1,61622305,71622304,10000000,14407,2,0.002710075117647648,OK,True,
qlever,r01_region_record_count,w10000000_19,chr1,61622305,71622304,10000000,14407,3,0.002400798723101616,OK,True,
qlever,r02_region_variant_shape_counts,w1000_00,chr1,23894831,23895830,1000,10,1,0.05738950474187732,OK,True,
qlever,r02_region_variant_shape_counts,w1000_00,chr1,23894831,23895830,1000,10,2,0.011108188889920712,OK,True,
qlever,r02_region_variant_shape_counts,w1000_00,chr1,23894831,23895830,1000,10,3,0.010475542396306992,OK,True,
qlever,r02_region_variant_shape_counts,w1000_01,chr1,37268328,37269327,1000,1,1,0.02002951130270958,OK,True,
qlever,r02_region_variant_shape_counts,w1000_01,chr1,37268328,37269327,1000,1,2,0.010818752925843,OK,True,
qlever,r02_region_variant_shape_counts,w1000_01,chr1,37268328,37269327,1000,1,3,0.010989781934767962,OK,True,
qlever,r02_region_variant_shape_counts,w1000_02,chr1,42471294,42472293,1000,2,1,0.020027334801852703,OK,True,
qlever,r02_region_variant_shape_counts,w1000_02,chr1,42471294,42472293,1000,2,2,0.010932698380202055,OK,True,
qlever,r02_region_variant_shape_counts,w1000_02,chr1,42471294,42472293,1000,2,3,0.01059136213734746,OK,True,
qlever,r02_region_variant_shape_counts,w1000_03,chr1,19972624,19973623,1000,4,1,0.019909142050892115,OK,True,
qlever,r02_region_variant_shape_counts,w1000_03,chr1,19972624,19973623,1000,4,2,0.010755699127912521,OK,True,
qlever,r02_region_variant_shape_counts,w1000_03,chr1,19972624,19973623,1000,4,3,0.010187540203332901,OK,True,
qlever,r02_region_variant_shape_counts,w1000_04,chr1,65925426,65926425,1000,2,1,0.019837509840726852,OK,True,
qlever,r02_region_variant_shape_counts,w1000_04,chr1,65925426,65926425,1000,2,2,0.010346269235014915,OK,True,
qlever,r02_region_variant_shape_counts,w1000_04,chr1,65925426,65926425,1000,2,3,0.010148470755666494,OK,True,
qlever,r02_region_variant_shape_counts,w1000_05,chr1,54878472,54879471,1000,2,1,0.019784551113843918,OK,True,
qlever,r02_region_variant_shape_counts,w1000_05,chr1,54878472,54879471,1000,2,2,0.011346798855811357,OK,True,
qlever,r02_region_variant_shape_counts,w1000_05,chr1,54878472,54879471,1000,2,3,0.010614941827952862,OK,True,
qlever,r02_region_variant_shape_counts,w1000_06,chr1,54724268,54725267,1000,9,1,0.019845240749418736,OK,True,
qlever,r02_region_variant_shape_counts,w1000_06,chr1,54724268,54725267,1000,9,2,0.01063344581052661,OK,True,
qlever,r02_region_variant_shape_counts,w1000_06,chr1,54724268,54725267,1000,9,3,0.011322767939418554,OK,True,
qlever,r02_region_variant_shape_counts,w1000_07,chr1,50226603,50227602,1000,3,1,0.020420724991708994,OK,True,
qlever,r02_region_variant_shape_counts,w1000_07,chr1,50226603,50227602,1000,3,2,0.010604115668684244,OK,True,
qlever,r02_region_variant_shape_counts,w1000_07,chr1,50226603,50227602,1000,3,3,0.010008386801928282,OK,True,
qlever,r02_region_variant_shape_counts,w1000_08,chr1,5558122,5559121,1000,2,1,0.019773367326706648,OK,True,
qlever,r02_region_variant_shape_counts,w1000_08,chr1,5558122,5559121,1000,2,2,0.012107972986996174,OK,True,
qlever,r02_region_variant_shape_counts,w1000_08,chr1,5558122,5559121,1000,2,3,0.010534671600908041,OK,True,
qlever,r02_region_variant_shape_counts,w1000_09,chr1,21979241,21980240,1000,15,1,0.019616580102592707,OK,True,
qlever,r02_region_variant_shape_counts,w1000_09,chr1,21979241,21980240,1000,15,2,0.010772681795060635,OK,True,
qlever,r02_region_variant_shape_counts,w1000_09,chr1,21979241,21980240,1000,15,3,0.011435567867010832,OK,True,
qlever,r02_region_variant_shape_counts,w1000_10,chr1,58250107,58251106,1000,2,1,0.01958135375753045,OK,True,
qlever,r02_region_variant_shape_counts,w1000_10,chr1,58250107,58251106,1000,2,2,0.010277200024574995,OK,True,
qlever,r02_region_variant_shape_counts,w1000_10,chr1,58250107,58251106,1000,2,3,0.010314678773283958,OK,True,
qlever,r02_region_variant_shape_counts,w1000_11,chr1,33820268,33821267,1000,1,1,0.020064671989530325,OK,True,
qlever,r02_region_variant_shape_counts,w1000_11,chr1,33820268,33821267,1000,1,2,0.010597829706966877,OK,True,
qlever,r02_region_variant_shape_counts,w1000_11,chr1,33820268,33821267,1000,1,3,0.010476559866219759,OK,True,
qlever,r02_region_variant_shape_counts,w1000_12,chr1,74268898,74269897,1000,4,1,0.019936236087232828,OK,True,
qlever,r02_region_variant_shape_counts,w1000_12,chr1,74268898,74269897,1000,4,2,0.010652614757418633,OK,True,
qlever,r02_region_variant_shape_counts,w1000_12,chr1,74268898,74269897,1000,4,3,0.01029781298711896,OK,True,
qlever,r02_region_variant_shape_counts,w1000_13,chr1,58011340,58012339,1000,3,1,0.01969561306759715,OK,True,
qlever,r02_region_variant_shape_counts,w1000_13,chr1,58011340,58012339,1000,3,2,0.010655005928128958,OK,True,
qlever,r02_region_variant_shape_counts,w1000_13,chr1,58011340,58012339,1000,3,3,0.010698483791202307,OK,True,
qlever,r02_region_variant_shape_counts,w1000_14,chr1,55322618,55323617,1000,2,1,0.021249936893582344,OK,True,
qlever,r02_region_variant_shape_counts,w1000_14,chr1,55322618,55323617,1000,2,2,0.011154011823236942,OK,True,
qlever,r02_region_variant_shape_counts,w1000_14,chr1,55322618,55323617,1000,2,3,0.011124917771667242,OK,True,
qlever,r02_region_variant_shape_counts,w1000_15,chr1,58597811,58598810,1000,2,1,0.019953242037445307,OK,True,
qlever,r02_region_variant_shape_counts,w1000_15,chr1,58597811,58598810,1000,2,2,0.01071971282362938,OK,True,
qlever,r02_region_variant_shape_counts,w1000_15,chr1,58597811,58598810,1000,2,3,0.010568554047495127,OK,True,
qlever,r02_region_variant_shape_counts,w1000_16,chr1,61942877,61943876,1000,1,1,0.021598635707050562,OK,True,
qlever,r02_region_variant_shape_counts,w1000_16,chr1,61942877,61943876,1000,1,2,0.014943961054086685,OK,True,
qlever,r02_region_variant_shape_counts,w1000_16,chr1,61942877,61943876,1000,1,3,0.0136034837923944,OK,True,
qlever,r02_region_variant_shape_counts,w1000_17,chr1,74952903,74953902,1000,2,1,0.02353845303878188,OK,True,
qlever,r02_region_variant_shape_counts,w1000_17,chr1,74952903,74953902,1000,2,2,0.012503035832196474,OK,True,
qlever,r02_region_variant_shape_counts,w1000_17,chr1,74952903,74953902,1000,2,3,0.011529603973031044,OK,True,
qlever,r02_region_variant_shape_counts,w1000_18,chr1,10920022,10921021,1000,7,1,0.020613988395780325,OK,True,
qlever,r02_region_variant_shape_counts,w1000_18,chr1,10920022,10921021,1000,7,2,0.011579222045838833,OK,True,
qlever,r02_region_variant_shape_counts,w1000_18,chr1,10920022,10921021,1000,7,3,0.010644595138728619,OK,True,
qlever,r02_region_variant_shape_counts,w1000_19,chr1,54064366,54065365,1000,1,1,0.02033555507659912,OK,True,
qlever,r02_region_variant_shape_counts,w1000_19,chr1,54064366,54065365,1000,1,2,0.010886258911341429,OK,True,
qlever,r02_region_variant_shape_counts,w1000_19,chr1,54064366,54065365,1000,1,3,0.01074989978224039,OK,True,
qlever,r02_region_variant_shape_counts,w100000_00,chr1,76042312,76142311,100000,132,1,0.021569801028817892,OK,True,
qlever,r02_region_variant_shape_counts,w100000_00,chr1,76042312,76142311,100000,132,2,0.011271451599895954,OK,True,
qlever,r02_region_variant_shape_counts,w100000_00,chr1,76042312,76142311,100000,132,3,0.011109691113233566,OK,True,
qlever,r02_region_variant_shape_counts,w100000_01,chr1,26177705,26277704,100000,141,1,0.021404394879937172,OK,True,
qlever,r02_region_variant_shape_counts,w100000_01,chr1,26177705,26277704,100000,141,2,0.010694155935198069,OK,True,
qlever,r02_region_variant_shape_counts,w100000_01,chr1,26177705,26277704,100000,141,3,0.011077787727117538,OK,True,
qlever,r02_region_variant_shape_counts,w100000_02,chr1,76668322,76768321,100000,131,1,0.027381296269595623,OK,True,
qlever,r02_region_variant_shape_counts,w100000_02,chr1,76668322,76768321,100000,131,2,0.01133433310315013,OK,True,
qlever,r02_region_variant_shape_counts,w100000_02,chr1,76668322,76768321,100000,131,3,0.010858906898647547,OK,True,
qlever,r02_region_variant_shape_counts,w100000_03,chr1,64797067,64897066,100000,153,1,0.021719084586948156,OK,True,
qlever,r02_region_variant_shape_counts,w100000_03,chr1,64797067,64897066,100000,153,2,0.013192938175052404,OK,True,
qlever,r02_region_variant_shape_counts,w100000_03,chr1,64797067,64897066,100000,153,3,0.011344702448695898,OK,True,
qlever,r02_region_variant_shape_counts,w100000_04,chr1,66848110,66948109,100000,83,1,0.021573679987341166,OK,True,
qlever,r02_region_variant_shape_counts,w100000_04,chr1,66848110,66948109,100000,83,2,0.016526640858501196,OK,True,
qlever,r02_region_variant_shape_counts,w100000_04,chr1,66848110,66948109,100000,83,3,0.011363152880221605,OK,True,
qlever,r02_region_variant_shape_counts,w100000_05,chr1,58175965,58275964,100000,181,1,0.022026751190423965,OK,True,
qlever,r02_region_variant_shape_counts,w100000_05,chr1,58175965,58275964,100000,181,2,0.013948716688901186,OK,True,
qlever,r02_region_variant_shape_counts,w100000_05,chr1,58175965,58275964,100000,181,3,0.013956430833786726,OK,True,
qlever,r02_region_variant_shape_counts,w100000_06,chr1,41567443,41667442,100000,142,1,0.03375944681465626,OK,True,
qlever,r02_region_variant_shape_counts,w100000_06,chr1,41567443,41667442,100000,142,2,0.010850535240024328,OK,True,
qlever,r02_region_variant_shape_counts,w100000_06,chr1,41567443,41667442,100000,142,3,0.013284937012940645,OK,True,
qlever,r02_region_variant_shape_counts,w100000_07,chr1,23625875,23725874,100000,143,1,0.025086595211178064,OK,True,
qlever,r02_region_variant_shape_counts,w100000_07,chr1,23625875,23725874,100000,143,2,0.013286166824400425,OK,True,
qlever,r02_region_variant_shape_counts,w100000_07,chr1,23625875,23725874,100000,143,3,0.011066325940191746,OK,True,
qlever,r02_region_variant_shape_counts,w100000_08,chr1,69897964,69997963,100000,77,1,0.021289994940161705,OK,True,
qlever,r02_region_variant_shape_counts,w100000_08,chr1,69897964,69997963,100000,77,2,0.011270023882389069,OK,True,
qlever,r02_region_variant_shape_counts,w100000_08,chr1,69897964,69997963,100000,77,3,0.010761730838567019,OK,True,
qlever,r02_region_variant_shape_counts,w100000_09,chr1,63664508,63764507,100000,287,1,0.02243403112515807,OK,True,
qlever,r02_region_variant_shape_counts,w100000_09,chr1,63664508,63764507,100000,287,2,0.01353101059794426,OK,True,
qlever,r02_region_variant_shape_counts,w100000_09,chr1,63664508,63764507,100000,287,3,0.010978242848068476,OK,True,
qlever,r02_region_variant_shape_counts,w100000_10,chr1,15518874,15618873,100000,146,1,0.020649979822337627,OK,True,
qlever,r02_region_variant_shape_counts,w100000_10,chr1,15518874,15618873,100000,146,2,0.011254221200942993,OK,True,
qlever,r02_region_variant_shape_counts,w100000_10,chr1,15518874,15618873,100000,146,3,0.01087293028831482,OK,True,
qlever,r02_region_variant_shape_counts,w100000_11,chr1,23996836,24096835,100000,343,1,0.02305585192516446,OK,True,
qlever,r02_region_variant_shape_counts,w100000_11,chr1,23996836,24096835,100000,343,2,0.011380676180124283,OK,True,
qlever,r02_region_variant_shape_counts,w100000_11,chr1,23996836,24096835,100000,343,3,0.011139258276671171,OK,True,
qlever,r02_region_variant_shape_counts,w100000_12,chr1,56566795,56666794,100000,139,1,0.021464420948177576,OK,True,
qlever,r02_region_variant_shape_counts,w100000_12,chr1,56566795,56666794,100000,139,2,0.01153963664546609,OK,True,
qlever,r02_region_variant_shape_counts,w100000_12,chr1,56566795,56666794,100000,139,3,0.011034890078008175,OK,True,
qlever,r02_region_variant_shape_counts,w100000_13,chr1,24058646,24158645,100000,214,1,0.021634792909026146,OK,True,
qlever,r02_region_variant_shape_counts,w100000_13,chr1,24058646,24158645,100000,214,2,0.011212512385100126,OK,True,
qlever,r02_region_variant_shape_counts,w100000_13,chr1,24058646,24158645,100000,214,3,0.010977469850331545,OK,True,
qlever,r02_region_variant_shape_counts,w100000_14,chr1,3105927,3205926,100000,226,1,0.021802765782922506,OK,True,
qlever,r02_region_variant_shape_counts,w100000_14,chr1,3105927,3205926,100000,226,2,0.011051502078771591,OK,True,
qlever,r02_region_variant_shape_counts,w100000_14,chr1,3105927,3205926,100000,226,3,0.01132244011387229,OK,True,
qlever,r02_region_variant_shape_counts,w100000_15,chr1,54865968,54965967,100000,181,1,0.022425842005759478,OK,True,
qlever,r02_region_variant_shape_counts,w100000_15,chr1,54865968,54965967,100000,181,2,0.011700693983584642,OK,True,
qlever,r02_region_variant_shape_counts,w100000_15,chr1,54865968,54965967,100000,181,3,0.011083018034696579,OK,True,
qlever,r02_region_variant_shape_counts,w100000_16,chr1,58852100,58952099,100000,79,1,0.021263351198285818,OK,True,
qlever,r02_region_variant_shape_counts,w100000_16,chr1,58852100,58952099,100000,79,2,0.011426741722971201,OK,True,
qlever,r02_region_variant_shape_counts,w100000_16,chr1,58852100,58952099,100000,79,3,0.011159680783748627,OK,True,
qlever,r02_region_variant_shape_counts,w100000_17,chr1,77570681,77670680,100000,81,1,0.0205948268994689,OK,True,
qlever,r02_region_variant_shape_counts,w100000_17,chr1,77570681,77670680,100000,81,2,0.010604135692119598,OK,True,
qlever,r02_region_variant_shape_counts,w100000_17,chr1,77570681,77670680,100000,81,3,0.010463498998433352,OK,True,
qlever,r02_region_variant_shape_counts,w100000_18,chr1,66388887,66488886,100000,196,1,0.02163096284493804,OK,True,
qlever,r02_region_variant_shape_counts,w100000_18,chr1,66388887,66488886,100000,196,2,0.01134741073474288,OK,True,
qlever,r02_region_variant_shape_counts,w100000_18,chr1,66388887,66488886,100000,196,3,0.010671287775039673,OK,True,
qlever,r02_region_variant_shape_counts,w100000_19,chr1,5319806,5419805,100000,87,1,0.02036726614460349,OK,True,
qlever,r02_region_variant_shape_counts,w100000_19,chr1,5319806,5419805,100000,87,2,0.010833978187292814,OK,True,
qlever,r02_region_variant_shape_counts,w100000_19,chr1,5319806,5419805,100000,87,3,0.010922467801719904,OK,True,
qlever,r02_region_variant_shape_counts,w1000000_00,chr1,42846822,43846821,1000000,1112,1,0.02644711220636964,OK,True,
qlever,r02_region_variant_shape_counts,w1000000_00,chr1,42846822,43846821,1000000,1112,2,0.011009166948497295,OK,True,
qlever,r02_region_variant_shape_counts,w1000000_00,chr1,42846822,43846821,1000000,1112,3,0.010453747119754553,OK,True,
qlever,r02_region_variant_shape_counts,w1000000_01,chr1,9034070,10034069,1000000,1143,1,0.026019306853413582,OK,True,
qlever,r02_region_variant_shape_counts,w1000000_01,chr1,9034070,10034069,1000000,1143,2,0.013405893929302692,OK,True,
qlever,r02_region_variant_shape_counts,w1000000_01,chr1,9034070,10034069,1000000,1143,3,0.011362399905920029,OK,True,
qlever,r02_region_variant_shape_counts,w1000000_02,chr1,54809885,55809884,1000000,1670,1,0.02855840092524886,OK,True,
qlever,r02_region_variant_shape_counts,w1000000_02,chr1,54809885,55809884,1000000,1670,2,0.011608372442424297,OK,True,
qlever,r02_region_variant_shape_counts,w1000000_02,chr1,54809885,55809884,1000000,1670,3,0.010838407091796398,OK,True,
qlever,r02_region_variant_shape_counts,w1000000_03,chr1,55795141,56795140,1000000,1824,1,0.030220750253647566,OK,True,
qlever,r02_region_variant_shape_counts,w1000000_03,chr1,55795141,56795140,1000000,1824,2,0.01180787431076169,OK,True,
qlever,r02_region_variant_shape_counts,w1000000_03,chr1,55795141,56795140,1000000,1824,3,0.011129217687994242,OK,True,
qlever,r02_region_variant_shape_counts,w1000000_04,chr1,11734309,12734308,1000000,950,1,0.024832540191709995,OK,True,
qlever,r02_region_variant_shape_counts,w1000000_04,chr1,11734309,12734308,1000000,950,2,0.010693651158362627,OK,True,
qlever,r02_region_variant_shape_counts,w1000000_04,chr1,11734309,12734308,1000000,950,3,0.010071386117488146,OK,True,
qlever,r02_region_variant_shape_counts,w1000000_05,chr1,28814643,29814642,1000000,1348,1,0.02621123008430004,OK,True,
qlever,r02_region_variant_shape_counts,w1000000_05,chr1,28814643,29814642,1000000,1348,2,0.010535900946706533,OK,True,
qlever,r02_region_variant_shape_counts,w1000000_05,chr1,28814643,29814642,1000000,1348,3,0.010632642079144716,OK,True,
qlever,r02_region_variant_shape_counts,w1000000_06,chr1,47354520,48354519,1000000,1253,1,0.027882965747267008,OK,True,
qlever,r02_region_variant_shape_counts,w1000000_06,chr1,47354520,48354519,1000000,1253,2,0.01074222894385457,OK,True,
qlever,r02_region_variant_shape_counts,w1000000_06,chr1,47354520,48354519,1000000,1253,3,0.011208780109882355,OK,True,
qlever,r02_region_variant_shape_counts,w1000000_07,chr1,35782931,36782930,1000000,868,1,0.025241189170628786,OK,True,
qlever,r02_region_variant_shape_counts,w1000000_07,chr1,35782931,36782930,1000000,868,2,0.011020078789442778,OK,True,
qlever,r02_region_variant_shape_counts,w1000000_07,chr1,35782931,36782930,1000000,868,3,0.011594151146709919,OK,True,
qlever,r02_region_variant_shape_counts,w1000000_08,chr1,5611726,6611725,1000000,1261,1,0.026618191972374916,OK,True,
qlever,r02_region_variant_shape_counts,w1000000_08,chr1,5611726,6611725,1000000,1261,2,0.011026887223124504,OK,True,
qlever,r02_region_variant_shape_counts,w1000000_08,chr1,5611726,6611725,1000000,1261,3,0.010444460902363062,OK,True,
qlever,r02_region_variant_shape_counts,w1000000_09,chr1,17930348,18930347,1000000,1491,1,0.02778682205826044,OK,True,
qlever,r02_region_variant_shape_counts,w1000000_09,chr1,17930348,18930347,1000000,1491,2,0.011612359900027514,OK,True,
qlever,r02_region_variant_shape_counts,w1000000_09,chr1,17930348,18930347,1000000,1491,3,0.011277549900114536,OK,True,
qlever,r02_region_variant_shape_counts,w1000000_10,chr1,58656617,59656616,1000000,1262,1,0.028728153090924025,OK,True,
qlever,r02_region_variant_shape_counts,w1000000_10,chr1,58656617,59656616,1000000,1262,2,0.011510659009218216,OK,True,
qlever,r02_region_variant_shape_counts,w1000000_10,chr1,58656617,59656616,1000000,1262,3,0.010935412254184484,OK,True,
qlever,r02_region_variant_shape_counts,w1000000_11,chr1,20579658,21579657,1000000,1246,1,0.02697333972901106,OK,True,
qlever,r02_region_variant_shape_counts,w1000000_11,chr1,20579658,21579657,1000000,1246,2,0.011002081912010908,OK,True,
qlever,r02_region_variant_shape_counts,w1000000_11,chr1,20579658,21579657,1000000,1246,3,0.011119697242975235,OK,True,
qlever,r02_region_variant_shape_counts,w1000000_12,chr1,66774094,67774093,1000000,1548,1,0.027470244094729424,OK,True,
qlever,r02_region_variant_shape_counts,w1000000_12,chr1,66774094,67774093,1000000,1548,2,0.011303510051220655,OK,True,
qlever,r02_region_variant_shape_counts,w1000000_12,chr1,66774094,67774093,1000000,1548,3,0.011237422935664654,OK,True,
qlever,r02_region_variant_shape_counts,w1000000_13,chr1,53330427,54330426,1000000,1337,1,0.028582381084561348,OK,True,
qlever,r02_region_variant_shape_counts,w1000000_13,chr1,53330427,54330426,1000000,1337,2,0.011866222135722637,OK,True,
qlever,r02_region_variant_shape_counts,w1000000_13,chr1,53330427,54330426,1000000,1337,3,0.01090184599161148,OK,True,
qlever,r02_region_variant_shape_counts,w1000000_14,chr1,34457222,35457221,1000000,1194,1,0.026688172947615385,OK,True,
qlever,r02_region_variant_shape_counts,w1000000_14,chr1,34457222,35457221,1000000,1194,2,0.011587393004447222,OK,True,
qlever,r02_region_variant_shape_counts,w1000000_14,chr1,34457222,35457221,1000000,1194,3,0.011081804987043142,OK,True,
qlever,r02_region_variant_shape_counts,w1000000_15,chr1,6173132,7173131,1000000,906,1,0.026397719979286194,OK,True,
qlever,r02_region_variant_shape_counts,w1000000_15,chr1,6173132,7173131,1000000,906,2,0.011016468983143568,OK,True,
qlever,r02_region_variant_shape_counts,w1000000_15,chr1,6173132,7173131,1000000,906,3,0.010805162135511637,OK,True,
qlever,r02_region_variant_shape_counts,w1000000_16,chr1,34054184,35054183,1000000,1668,1,0.02967960387468338,OK,True,
qlever,r02_region_variant_shape_counts,w1000000_16,chr1,34054184,35054183,1000000,1668,2,0.011585414875298738,OK,True,
qlever,r02_region_variant_shape_counts,w1000000_16,chr1,34054184,35054183,1000000,1668,3,0.011576888151466846,OK,True,
qlever,r02_region_variant_shape_counts,w1000000_17,chr1,15193776,16193775,1000000,1521,1,0.028057916089892387,OK,True,
qlever,r02_region_variant_shape_counts,w1000000_17,chr1,15193776,16193775,1000000,1521,2,0.011026098858565092,OK,True,
qlever,r02_region_variant_shape_counts,w1000000_17,chr1,15193776,16193775,1000000,1521,3,0.01085281278938055,OK,True,
qlever,r02_region_variant_shape_counts,w1000000_18,chr1,43583485,44583484,1000000,1108,1,0.027021840680390596,OK,True,
qlever,r02_region_variant_shape_counts,w1000000_18,chr1,43583485,44583484,1000000,1108,2,0.010494914837181568,OK,True,
qlever,r02_region_variant_shape_counts,w1000000_18,chr1,43583485,44583484,1000000,1108,3,0.010738133918493986,OK,True,
qlever,r02_region_variant_shape_counts,w1000000_19,chr1,58570714,59570713,1000000,1451,1,0.028016173746436834,OK,True,
qlever,r02_region_variant_shape_counts,w1000000_19,chr1,58570714,59570713,1000000,1451,2,0.010840770322829485,OK,True,
qlever,r02_region_variant_shape_counts,w1000000_19,chr1,58570714,59570713,1000000,1451,3,0.011031975038349628,OK,True,
qlever,r02_region_variant_shape_counts,w10000000_00,chr1,36023355,46023354,10000000,11510,1,0.07895586779341102,OK,True,
qlever,r02_region_variant_shape_counts,w10000000_00,chr1,36023355,46023354,10000000,11510,2,0.0110260802321136,OK,True,
qlever,r02_region_variant_shape_counts,w10000000_00,chr1,36023355,46023354,10000000,11510,3,0.010615697130560875,OK,True,
qlever,r02_region_variant_shape_counts,w10000000_01,chr1,57527385,67527384,10000000,14820,1,0.09587450884282589,OK,True,
qlever,r02_region_variant_shape_counts,w10000000_01,chr1,57527385,67527384,10000000,14820,2,0.01189997186884284,OK,True,
qlever,r02_region_variant_shape_counts,w10000000_01,chr1,57527385,67527384,10000000,14820,3,0.010259945876896381,OK,True,
qlever,r02_region_variant_shape_counts,w10000000_02,chr1,63680811,73680810,10000000,13676,1,0.08985727978870273,OK,True,
qlever,r02_region_variant_shape_counts,w10000000_02,chr1,63680811,73680810,10000000,13676,2,0.011037170886993408,OK,True,
qlever,r02_region_variant_shape_counts,w10000000_02,chr1,63680811,73680810,10000000,13676,3,0.01106876926496625,OK,True,
qlever,r02_region_variant_shape_counts,w10000000_03,chr1,53679378,63679377,10000000,14787,1,0.09129188535735011,OK,True,
qlever,r02_region_variant_shape_counts,w10000000_03,chr1,53679378,63679377,10000000,14787,2,0.01097083929926157,OK,True,
qlever,r02_region_variant_shape_counts,w10000000_03,chr1,53679378,63679377,10000000,14787,3,0.01118681812658906,OK,True,
qlever,r02_region_variant_shape_counts,w10000000_04,chr1,60690498,70690497,10000000,14398,1,0.09378893906250596,OK,True,
qlever,r02_region_variant_shape_counts,w10000000_04,chr1,60690498,70690497,10000000,14398,2,0.01103041972965002,OK,True,
qlever,r02_region_variant_shape_counts,w10000000_04,chr1,60690498,70690497,10000000,14398,3,0.010418895166367292,OK,True,
qlever,r02_region_variant_shape_counts,w10000000_05,chr1,47428546,57428545,10000000,11289,1,0.0784446238540113,OK,True,
qlever,r02_region_variant_shape_counts,w10000000_05,chr1,47428546,57428545,10000000,11289,2,0.011342871002852917,OK,True,
qlever,r02_region_variant_shape_counts,w10000000_05,chr1,47428546,57428545,10000000,11289,3,0.010509735904633999,OK,True,
qlever,r02_region_variant_shape_counts,w10000000_06,chr1,22030736,32030735,10000000,12991,1,0.08836527215316892,OK,True,
qlever,r02_region_variant_shape_counts,w10000000_06,chr1,22030736,32030735,10000000,12991,2,0.010906910989433527,OK,True,
qlever,r02_region_variant_shape_counts,w10000000_06,chr1,22030736,32030735,10000000,12991,3,0.01020622393116355,OK,True,
qlever,r02_region_variant_shape_counts,w10000000_07,chr1,34252401,44252400,10000000,11717,1,0.07900887122377753,OK,True,
qlever,r02_region_variant_shape_counts,w10000000_07,chr1,34252401,44252400,10000000,11717,2,0.01103500323370099,OK,True,
qlever,r02_region_variant_shape_counts,w10000000_07,chr1,34252401,44252400,10000000,11717,3,0.011136170011013746,OK,True,
qlever,r02_region_variant_shape_counts,w10000000_08,chr1,58528508,68528507,10000000,14502,1,0.09898593882098794,OK,True,
qlever,r02_region_variant_shape_counts,w10000000_08,chr1,58528508,68528507,10000000,14502,2,0.011369438841938972,OK,True,
qlever,r02_region_variant_shape_counts,w10000000_08,chr1,58528508,68528507,10000000,14502,3,0.01074338098987937,OK,True,
qlever,r02_region_variant_shape_counts,w10000000_09,chr1,51917411,61917410,10000000,13900,1,0.08683890011161566,OK,True,
qlever,r02_region_variant_shape_counts,w10000000_09,chr1,51917411,61917410,10000000,13900,2,0.010886424221098423,OK,True,
qlever,r02_region_variant_shape_counts,w10000000_09,chr1,51917411,61917410,10000000,13900,3,0.010325037874281406,OK,True,
qlever,r02_region_variant_shape_counts,w10000000_10,chr1,17106918,27106917,10000000,14199,1,0.08894218504428864,OK,True,
qlever,r02_region_variant_shape_counts,w10000000_10,chr1,17106918,27106917,10000000,14199,2,0.011105976067483425,OK,True,
qlever,r02_region_variant_shape_counts,w10000000_10,chr1,17106918,27106917,10000000,14199,3,0.01063116081058979,OK,True,
qlever,r02_region_variant_shape_counts,w10000000_11,chr1,43275553,53275552,10000000,9415,1,0.07435970334336162,OK,True,
qlever,r02_region_variant_shape_counts,w10000000_11,chr1,43275553,53275552,10000000,9415,2,0.011366197373718023,OK,True,
qlever,r02_region_variant_shape_counts,w10000000_11,chr1,43275553,53275552,10000000,9415,3,0.011495957151055336,OK,True,
qlever,r02_region_variant_shape_counts,w10000000_12,chr1,75394691,85394690,10000000,3288,1,0.038436262868344784,OK,True,
qlever,r02_region_variant_shape_counts,w10000000_12,chr1,75394691,85394690,10000000,3288,2,0.011290783993899822,OK,True,
qlever,r02_region_variant_shape_counts,w10000000_12,chr1,75394691,85394690,10000000,3288,3,0.01219509495422244,OK,True,
qlever,r02_region_variant_shape_counts,w10000000_13,chr1,40866716,50866715,10000000,10786,1,0.07381374714896083,OK,True,
qlever,r02_region_variant_shape_counts,w10000000_13,chr1,40866716,50866715,10000000,10786,2,0.014791269786655903,OK,True,
qlever,r02_region_variant_shape_counts,w10000000_13,chr1,40866716,50866715,10000000,10786,3,0.01191494707018137,OK,True,
qlever,r02_region_variant_shape_counts,w10000000_14,chr1,54182280,64182279,10000000,14941,1,0.09422473516315222,OK,True,
qlever,r02_region_variant_shape_counts,w10000000_14,chr1,54182280,64182279,10000000,14941,2,0.011377545073628426,OK,True,
qlever,r02_region_variant_shape_counts,w10000000_14,chr1,54182280,64182279,10000000,14941,3,0.010878937784582376,OK,True,
qlever,r02_region_variant_shape_counts,w10000000_15,chr1,22053178,32053177,10000000,12910,1,0.08486452279612422,OK,True,
qlever,r02_region_variant_shape_counts,w10000000_15,chr1,22053178,32053177,10000000,12910,2,0.010998297948390245,OK,True,
qlever,r02_region_variant_shape_counts,w10000000_15,chr1,22053178,32053177,10000000,12910,3,0.01065747020766139,OK,True,
qlever,r02_region_variant_shape_counts,w10000000_16,chr1,65680356,75680355,10000000,13295,1,0.08775128936395049,OK,True,
qlever,r02_region_variant_shape_counts,w10000000_16,chr1,65680356,75680355,10000000,13295,2,0.01121101388707757,OK,True,
qlever,r02_region_variant_shape_counts,w10000000_16,chr1,65680356,75680355,10000000,13295,3,0.011116809211671352,OK,True,
qlever,r02_region_variant_shape_counts,w10000000_17,chr1,30270070,40270069,10000000,12583,1,0.08155556302517653,OK,True,
qlever,r02_region_variant_shape_counts,w10000000_17,chr1,30270070,40270069,10000000,12583,2,0.010888058226555586,OK,True,
qlever,r02_region_variant_shape_counts,w10000000_17,chr1,30270070,40270069,10000000,12583,3,0.012034507934004068,OK,True,
qlever,r02_region_variant_shape_counts,w10000000_18,chr1,42283662,52283661,10000000,9628,1,0.06871991883963346,OK,True,
qlever,r02_region_variant_shape_counts,w10000000_18,chr1,42283662,52283661,10000000,9628,2,0.012640092987567186,OK,True,
qlever,r02_region_variant_shape_counts,w10000000_18,chr1,42283662,52283661,10000000,9628,3,0.010881314985454082,OK,True,
qlever,r02_region_variant_shape_counts,w10000000_19,chr1,61622305,71622304,10000000,14407,1,0.09138340596109629,OK,True,
qlever,r02_region_variant_shape_counts,w10000000_19,chr1,61622305,71622304,10000000,14407,2,0.010848260950297117,OK,True,
qlever,r02_region_variant_shape_counts,w10000000_19,chr1,61622305,71622304,10000000,14407,3,0.010902720037847757,OK,True,
qlever,r03_region_titv,w1000_00,chr1,23894831,23895830,1000,10,1,0.010983485262840986,OK,True,
qlever,r03_region_titv,w1000_00,chr1,23894831,23895830,1000,10,2,0.009446174837648869,OK,True,
qlever,r03_region_titv,w1000_00,chr1,23894831,23895830,1000,10,3,0.009065696969628334,OK,True,
qlever,r03_region_titv,w1000_01,chr1,37268328,37269327,1000,1,1,0.013014267664402723,OK,True,
qlever,r03_region_titv,w1000_01,chr1,37268328,37269327,1000,1,2,0.009402872994542122,OK,True,
qlever,r03_region_titv,w1000_01,chr1,37268328,37269327,1000,1,3,0.009242051281034946,OK,True,
qlever,r03_region_titv,w1000_02,chr1,42471294,42472293,1000,2,1,0.010958014987409115,OK,True,
qlever,r03_region_titv,w1000_02,chr1,42471294,42472293,1000,2,2,0.0094370748847723,OK,True,
qlever,r03_region_titv,w1000_02,chr1,42471294,42472293,1000,2,3,0.009355167858302593,OK,True,
qlever,r03_region_titv,w1000_03,chr1,19972624,19973623,1000,4,1,0.011420731898397207,OK,True,
qlever,r03_region_titv,w1000_03,chr1,19972624,19973623,1000,4,2,0.009884555358439684,OK,True,
qlever,r03_region_titv,w1000_03,chr1,19972624,19973623,1000,4,3,0.009736384265124798,OK,True,
qlever,r03_region_titv,w1000_04,chr1,65925426,65926425,1000,2,1,0.010962809901684523,OK,True,
qlever,r03_region_titv,w1000_04,chr1,65925426,65926425,1000,2,2,0.009699055925011635,OK,True,
qlever,r03_region_titv,w1000_04,chr1,65925426,65926425,1000,2,3,0.009590152185410261,OK,True,
qlever,r03_region_titv,w1000_05,chr1,54878472,54879471,1000,2,1,0.011614113114774227,OK,True,
qlever,r03_region_titv,w1000_05,chr1,54878472,54879471,1000,2,2,0.009357619099318981,OK,True,
qlever,r03_region_titv,w1000_05,chr1,54878472,54879471,1000,2,3,0.00921271601691842,OK,True,
qlever,r03_region_titv,w1000_06,chr1,54724268,54725267,1000,9,1,0.011602072976529598,OK,True,
qlever,r03_region_titv,w1000_06,chr1,54724268,54725267,1000,9,2,0.010031205136328936,OK,True,
qlever,r03_region_titv,w1000_06,chr1,54724268,54725267,1000,9,3,0.010243925265967846,OK,True,
qlever,r03_region_titv,w1000_07,chr1,50226603,50227602,1000,3,1,0.01200157543644309,OK,True,
qlever,r03_region_titv,w1000_07,chr1,50226603,50227602,1000,3,2,0.009858249686658382,OK,True,
qlever,r03_region_titv,w1000_07,chr1,50226603,50227602,1000,3,3,0.009819486178457737,OK,True,
qlever,r03_region_titv,w1000_08,chr1,5558122,5559121,1000,2,1,0.011393710970878601,OK,True,
qlever,r03_region_titv,w1000_08,chr1,5558122,5559121,1000,2,2,0.009480585809797049,OK,True,
qlever,r03_region_titv,w1000_08,chr1,5558122,5559121,1000,2,3,0.00910952826961875,OK,True,
qlever,r03_region_titv,w1000_09,chr1,21979241,21980240,1000,15,1,0.01085300324484706,OK,True,
qlever,r03_region_titv,w1000_09,chr1,21979241,21980240,1000,15,2,0.009382711257785559,OK,True,
qlever,r03_region_titv,w1000_09,chr1,21979241,21980240,1000,15,3,0.009387421887367964,OK,True,
qlever,r03_region_titv,w1000_10,chr1,58250107,58251106,1000,2,1,0.011308132205158472,OK,True,
qlever,r03_region_titv,w1000_10,chr1,58250107,58251106,1000,2,2,0.009336890187114477,OK,True,
qlever,r03_region_titv,w1000_10,chr1,58250107,58251106,1000,2,3,0.009599253069609404,OK,True,
qlever,r03_region_titv,w1000_11,chr1,33820268,33821267,1000,1,1,0.011114444117993116,OK,True,
qlever,r03_region_titv,w1000_11,chr1,33820268,33821267,1000,1,2,0.009235715959221125,OK,True,
qlever,r03_region_titv,w1000_11,chr1,33820268,33821267,1000,1,3,0.009467710740864277,OK,True,
qlever,r03_region_titv,w1000_12,chr1,74268898,74269897,1000,4,1,0.010566798970103264,OK,True,
qlever,r03_region_titv,w1000_12,chr1,74268898,74269897,1000,4,2,0.009337720926851034,OK,True,
qlever,r03_region_titv,w1000_12,chr1,74268898,74269897,1000,4,3,0.009482408873736858,OK,True,
qlever,r03_region_titv,w1000_13,chr1,58011340,58012339,1000,3,1,0.010830354876816273,OK,True,
qlever,r03_region_titv,w1000_13,chr1,58011340,58012339,1000,3,2,0.009516952093690634,OK,True,
qlever,r03_region_titv,w1000_13,chr1,58011340,58012339,1000,3,3,0.009154412895441055,OK,True,
qlever,r03_region_titv,w1000_14,chr1,55322618,55323617,1000,2,1,0.01157612819224596,OK,True,
qlever,r03_region_titv,w1000_14,chr1,55322618,55323617,1000,2,2,0.009535472374409437,OK,True,
qlever,r03_region_titv,w1000_14,chr1,55322618,55323617,1000,2,3,0.009272144176065922,OK,True,
qlever,r03_region_titv,w1000_15,chr1,58597811,58598810,1000,2,1,0.011299101170152426,OK,True,
qlever,r03_region_titv,w1000_15,chr1,58597811,58598810,1000,2,2,0.009549854788929224,OK,True,
qlever,r03_region_titv,w1000_15,chr1,58597811,58598810,1000,2,3,0.009367480874061584,OK,True,
qlever,r03_region_titv,w1000_16,chr1,61942877,61943876,1000,1,1,0.01109134592115879,OK,True,
qlever,r03_region_titv,w1000_16,chr1,61942877,61943876,1000,1,2,0.009482527151703835,OK,True,
qlever,r03_region_titv,w1000_16,chr1,61942877,61943876,1000,1,3,0.009464070200920105,OK,True,
qlever,r03_region_titv,w1000_17,chr1,74952903,74953902,1000,2,1,0.010482654441148043,OK,True,
qlever,r03_region_titv,w1000_17,chr1,74952903,74953902,1000,2,2,0.009431465063244104,OK,True,
qlever,r03_region_titv,w1000_17,chr1,74952903,74953902,1000,2,3,0.00939378933981061,OK,True,
qlever,r03_region_titv,w1000_18,chr1,10920022,10921021,1000,7,1,0.010976366233080626,OK,True,
qlever,r03_region_titv,w1000_18,chr1,10920022,10921021,1000,7,2,0.009458905085921288,OK,True,
qlever,r03_region_titv,w1000_18,chr1,10920022,10921021,1000,7,3,0.009091222658753395,OK,True,
qlever,r03_region_titv,w1000_19,chr1,54064366,54065365,1000,1,1,0.01278225565329194,OK,True,
qlever,r03_region_titv,w1000_19,chr1,54064366,54065365,1000,1,2,0.009944004938006401,OK,True,
qlever,r03_region_titv,w1000_19,chr1,54064366,54065365,1000,1,3,0.009482170920819044,OK,True,
qlever,r03_region_titv,w100000_00,chr1,76042312,76142311,100000,132,1,0.011042730882763863,OK,True,
qlever,r03_region_titv,w100000_00,chr1,76042312,76142311,100000,132,2,0.010240757837891579,OK,True,
qlever,r03_region_titv,w100000_00,chr1,76042312,76142311,100000,132,3,0.009570264257490635,OK,True,
qlever,r03_region_titv,w100000_01,chr1,26177705,26277704,100000,141,1,0.011105958372354507,OK,True,
qlever,r03_region_titv,w100000_01,chr1,26177705,26277704,100000,141,2,0.00986955827102065,OK,True,
qlever,r03_region_titv,w100000_01,chr1,26177705,26277704,100000,141,3,0.009973193053156137,OK,True,
qlever,r03_region_titv,w100000_02,chr1,76668322,76768321,100000,131,1,0.01215954590588808,OK,True,
qlever,r03_region_titv,w100000_02,chr1,76668322,76768321,100000,131,2,0.009774864185601473,OK,True,
qlever,r03_region_titv,w100000_02,chr1,76668322,76768321,100000,131,3,0.009562221821397543,OK,True,
qlever,r03_region_titv,w100000_03,chr1,64797067,64897066,100000,153,1,0.012065141927450895,OK,True,
qlever,r03_region_titv,w100000_03,chr1,64797067,64897066,100000,153,2,0.009857787285000086,OK,True,
qlever,r03_region_titv,w100000_03,chr1,64797067,64897066,100000,153,3,0.009602228179574013,OK,True,
qlever,r03_region_titv,w100000_04,chr1,66848110,66948109,100000,83,1,0.011162571143358946,OK,True,
qlever,r03_region_titv,w100000_04,chr1,66848110,66948109,100000,83,2,0.009940247051417828,OK,True,
qlever,r03_region_titv,w100000_04,chr1,66848110,66948109,100000,83,3,0.009662243071943521,OK,True,
qlever,r03_region_titv,w100000_05,chr1,58175965,58275964,100000,181,1,0.01150476187467575,OK,True,
qlever,r03_region_titv,w100000_05,chr1,58175965,58275964,100000,181,2,0.009818887803703547,OK,True,
qlever,r03_region_titv,w100000_05,chr1,58175965,58275964,100000,181,3,0.009568396024405956,OK,True,
qlever,r03_region_titv,w100000_06,chr1,41567443,41667442,100000,142,1,0.010633877012878656,OK,True,
qlever,r03_region_titv,w100000_06,chr1,41567443,41667442,100000,142,2,0.00930602801963687,OK,True,
qlever,r03_region_titv,w100000_06,chr1,41567443,41667442,100000,142,3,0.009828985203057528,OK,True,
qlever,r03_region_titv,w100000_07,chr1,23625875,23725874,100000,143,1,0.011437286622822285,OK,True,
qlever,r03_region_titv,w100000_07,chr1,23625875,23725874,100000,143,2,0.00982540799304843,OK,True,
qlever,r03_region_titv,w100000_07,chr1,23625875,23725874,100000,143,3,0.011190336663275957,OK,True,
qlever,r03_region_titv,w100000_08,chr1,69897964,69997963,100000,77,1,0.011072911322116852,OK,True,
qlever,r03_region_titv,w100000_08,chr1,69897964,69997963,100000,77,2,0.009320224169641733,OK,True,
qlever,r03_region_titv,w100000_08,chr1,69897964,69997963,100000,77,3,0.009664004668593407,OK,True,
qlever,r03_region_titv,w100000_09,chr1,63664508,63764507,100000,287,1,0.01234422903507948,OK,True,
qlever,r03_region_titv,w100000_09,chr1,63664508,63764507,100000,287,2,0.009287816006690264,OK,True,
qlever,r03_region_titv,w100000_09,chr1,63664508,63764507,100000,287,3,0.009024146944284439,OK,True,
qlever,r03_region_titv,w100000_10,chr1,15518874,15618873,100000,146,1,0.010369215626269579,OK,True,
qlever,r03_region_titv,w100000_10,chr1,15518874,15618873,100000,146,2,0.00985343474894762,OK,True,
qlever,r03_region_titv,w100000_10,chr1,15518874,15618873,100000,146,3,0.009353394620120525,OK,True,
qlever,r03_region_titv,w100000_11,chr1,23996836,24096835,100000,343,1,0.01071782037615776,OK,True,
qlever,r03_region_titv,w100000_11,chr1,23996836,24096835,100000,343,2,0.009083733893930912,OK,True,
qlever,r03_region_titv,w100000_11,chr1,23996836,24096835,100000,343,3,0.009238112717866898,OK,True,
qlever,r03_region_titv,w100000_12,chr1,56566795,56666794,100000,139,1,0.010708197019994259,OK,True,
qlever,r03_region_titv,w100000_12,chr1,56566795,56666794,100000,139,2,0.009251683950424194,OK,True,
qlever,r03_region_titv,w100000_12,chr1,56566795,56666794,100000,139,3,0.00897828908637166,OK,True,
qlever,r03_region_titv,w100000_13,chr1,24058646,24158645,100000,214,1,0.010653479024767876,OK,True,
qlever,r03_region_titv,w100000_13,chr1,24058646,24158645,100000,214,2,0.009745777118951082,OK,True,
qlever,r03_region_titv,w100000_13,chr1,24058646,24158645,100000,214,3,0.010068133007735014,OK,True,
qlever,r03_region_titv,w100000_14,chr1,3105927,3205926,100000,226,1,0.011952183209359646,OK,True,
qlever,r03_region_titv,w100000_14,chr1,3105927,3205926,100000,226,2,0.00993322767317295,OK,True,
qlever,r03_region_titv,w100000_14,chr1,3105927,3205926,100000,226,3,0.009740456007421017,OK,True,
qlever,r03_region_titv,w100000_15,chr1,54865968,54965967,100000,181,1,0.011096431873738766,OK,True,
qlever,r03_region_titv,w100000_15,chr1,54865968,54965967,100000,181,2,0.00956672988831997,OK,True,
qlever,r03_region_titv,w100000_15,chr1,54865968,54965967,100000,181,3,0.009455164428800344,OK,True,
qlever,r03_region_titv,w100000_16,chr1,58852100,58952099,100000,79,1,0.010910082142800093,OK,True,
qlever,r03_region_titv,w100000_16,chr1,58852100,58952099,100000,79,2,0.01004434609785676,OK,True,
qlever,r03_region_titv,w100000_16,chr1,58852100,58952099,100000,79,3,0.009813614189624786,OK,True,
qlever,r03_region_titv,w100000_17,chr1,77570681,77670680,100000,81,1,0.01270122779533267,OK,True,
qlever,r03_region_titv,w100000_17,chr1,77570681,77670680,100000,81,2,0.009881601203233004,OK,True,
qlever,r03_region_titv,w100000_17,chr1,77570681,77670680,100000,81,3,0.011136980727314949,OK,True,
qlever,r03_region_titv,w100000_18,chr1,66388887,66488886,100000,196,1,0.0138368159532547,OK,True,
qlever,r03_region_titv,w100000_18,chr1,66388887,66488886,100000,196,2,0.010119182989001274,OK,True,
qlever,r03_region_titv,w100000_18,chr1,66388887,66488886,100000,196,3,0.011386055033653975,OK,True,
qlever,r03_region_titv,w100000_19,chr1,5319806,5419805,100000,87,1,0.01287626102566719,OK,True,
qlever,r03_region_titv,w100000_19,chr1,5319806,5419805,100000,87,2,0.010221363976597786,OK,True,
qlever,r03_region_titv,w100000_19,chr1,5319806,5419805,100000,87,3,0.010012147016823292,OK,True,
qlever,r03_region_titv,w1000000_00,chr1,42846822,43846821,1000000,1112,1,0.011709535028785467,OK,True,
qlever,r03_region_titv,w1000000_00,chr1,42846822,43846821,1000000,1112,2,0.009209734853357077,OK,True,
qlever,r03_region_titv,w1000000_00,chr1,42846822,43846821,1000000,1112,3,0.009020783007144928,OK,True,
qlever,r03_region_titv,w1000000_01,chr1,9034070,10034069,1000000,1143,1,0.011331635992974043,OK,True,
qlever,r03_region_titv,w1000000_01,chr1,9034070,10034069,1000000,1143,2,0.009106607642024755,OK,True,
qlever,r03_region_titv,w1000000_01,chr1,9034070,10034069,1000000,1143,3,0.008971301838755608,OK,True,
qlever,r03_region_titv,w1000000_02,chr1,54809885,55809884,1000000,1670,1,0.01200753916054964,OK,True,
qlever,r03_region_titv,w1000000_02,chr1,54809885,55809884,1000000,1670,2,0.009096188005059958,OK,True,
qlever,r03_region_titv,w1000000_02,chr1,54809885,55809884,1000000,1670,3,0.009044657927006483,OK,True,
qlever,r03_region_titv,w1000000_03,chr1,55795141,56795140,1000000,1824,1,0.012640013359487057,OK,True,
qlever,r03_region_titv,w1000000_03,chr1,55795141,56795140,1000000,1824,2,0.009615459945052862,OK,True,
qlever,r03_region_titv,w1000000_03,chr1,55795141,56795140,1000000,1824,3,0.009697680827230215,OK,True,
qlever,r03_region_titv,w1000000_04,chr1,11734309,12734308,1000000,950,1,0.011964777018874884,OK,True,
qlever,r03_region_titv,w1000000_04,chr1,11734309,12734308,1000000,950,2,0.009477817919105291,OK,True,
qlever,r03_region_titv,w1000000_04,chr1,11734309,12734308,1000000,950,3,0.00947889219969511,OK,True,
qlever,r03_region_titv,w1000000_05,chr1,28814643,29814642,1000000,1348,1,0.012331383768469095,OK,True,
qlever,r03_region_titv,w1000000_05,chr1,28814643,29814642,1000000,1348,2,0.009197308216243982,OK,True,
qlever,r03_region_titv,w1000000_05,chr1,28814643,29814642,1000000,1348,3,0.009026998188346624,OK,True,
qlever,r03_region_titv,w1000000_06,chr1,47354520,48354519,1000000,1253,1,0.01175964716821909,OK,True,
qlever,r03_region_titv,w1000000_06,chr1,47354520,48354519,1000000,1253,2,0.009568863082677126,OK,True,
qlever,r03_region_titv,w1000000_06,chr1,47354520,48354519,1000000,1253,3,0.009937247727066278,OK,True,
qlever,r03_region_titv,w1000000_07,chr1,35782931,36782930,1000000,868,1,0.011832845862954855,OK,True,
qlever,r03_region_titv,w1000000_07,chr1,35782931,36782930,1000000,868,2,0.00941196084022522,OK,True,
qlever,r03_region_titv,w1000000_07,chr1,35782931,36782930,1000000,868,3,0.009445243049412966,OK,True,
qlever,r03_region_titv,w1000000_08,chr1,5611726,6611725,1000000,1261,1,0.012250290717929602,OK,True,
qlever,r03_region_titv,w1000000_08,chr1,5611726,6611725,1000000,1261,2,0.009436080232262611,OK,True,
qlever,r03_region_titv,w1000000_08,chr1,5611726,6611725,1000000,1261,3,0.009037954732775688,OK,True,
qlever,r03_region_titv,w1000000_09,chr1,17930348,18930347,1000000,1491,1,0.011951191816478968,OK,True,
qlever,r03_region_titv,w1000000_09,chr1,17930348,18930347,1000000,1491,2,0.009699705988168716,OK,True,
qlever,r03_region_titv,w1000000_09,chr1,17930348,18930347,1000000,1491,3,0.009308211971074343,OK,True,
qlever,r03_region_titv,w1000000_10,chr1,58656617,59656616,1000000,1262,1,0.011632672045379877,OK,True,
qlever,r03_region_titv,w1000000_10,chr1,58656617,59656616,1000000,1262,2,0.009123788215219975,OK,True,
qlever,r03_region_titv,w1000000_10,chr1,58656617,59656616,1000000,1262,3,0.00917007913812995,OK,True,
qlever,r03_region_titv,w1000000_11,chr1,20579658,21579657,1000000,1246,1,0.01153275417163968,OK,True,
qlever,r03_region_titv,w1000000_11,chr1,20579658,21579657,1000000,1246,2,0.009217595681548119,OK,True,
qlever,r03_region_titv,w1000000_11,chr1,20579658,21579657,1000000,1246,3,0.009097008034586906,OK,True,
qlever,r03_region_titv,w1000000_12,chr1,66774094,67774093,1000000,1548,1,0.01210572523996234,OK,True,
qlever,r03_region_titv,w1000000_12,chr1,66774094,67774093,1000000,1548,2,0.00931813195347786,OK,True,
qlever,r03_region_titv,w1000000_12,chr1,66774094,67774093,1000000,1548,3,0.009356931783258915,OK,True,
qlever,r03_region_titv,w1000000_13,chr1,53330427,54330426,1000000,1337,1,0.0120359449647367,OK,True,
qlever,r03_region_titv,w1000000_13,chr1,53330427,54330426,1000000,1337,2,0.009317867923527956,OK,True,
qlever,r03_region_titv,w1000000_13,chr1,53330427,54330426,1000000,1337,3,0.00941311614587903,OK,True,
qlever,r03_region_titv,w1000000_14,chr1,34457222,35457221,1000000,1194,1,0.0120208072476089,OK,True,
qlever,r03_region_titv,w1000000_14,chr1,34457222,35457221,1000000,1194,2,0.009838429745286703,OK,True,
qlever,r03_region_titv,w1000000_14,chr1,34457222,35457221,1000000,1194,3,0.009404202923178673,OK,True,
qlever,r03_region_titv,w1000000_15,chr1,6173132,7173131,1000000,906,1,0.01198180764913559,OK,True,
qlever,r03_region_titv,w1000000_15,chr1,6173132,7173131,1000000,906,2,0.010644692927598953,OK,True,
qlever,r03_region_titv,w1000000_15,chr1,6173132,7173131,1000000,906,3,0.009480839129537344,OK,True,
qlever,r03_region_titv,w1000000_16,chr1,34054184,35054183,1000000,1668,1,0.012493328657001257,OK,True,
qlever,r03_region_titv,w1000000_16,chr1,34054184,35054183,1000000,1668,2,0.0108319241553545,OK,True,
qlever,r03_region_titv,w1000000_16,chr1,34054184,35054183,1000000,1668,3,0.009757274761795998,OK,True,
qlever,r03_region_titv,w1000000_17,chr1,15193776,16193775,1000000,1521,1,0.013264638371765614,OK,True,
qlever,r03_region_titv,w1000000_17,chr1,15193776,16193775,1000000,1521,2,0.009615254122763872,OK,True,
qlever,r03_region_titv,w1000000_17,chr1,15193776,16193775,1000000,1521,3,0.009885556995868683,OK,True,
qlever,r03_region_titv,w1000000_18,chr1,43583485,44583484,1000000,1108,1,0.011817667167633772,OK,True,
qlever,r03_region_titv,w1000000_18,chr1,43583485,44583484,1000000,1108,2,0.009486309718340635,OK,True,
qlever,r03_region_titv,w1000000_18,chr1,43583485,44583484,1000000,1108,3,0.009438494686037302,OK,True,
qlever,r03_region_titv,w1000000_19,chr1,58570714,59570713,1000000,1451,1,0.013015769887715578,OK,True,
qlever,r03_region_titv,w1000000_19,chr1,58570714,59570713,1000000,1451,2,0.00927060330286622,OK,True,
qlever,r03_region_titv,w1000000_19,chr1,58570714,59570713,1000000,1451,3,0.009394530672580004,OK,True,
qlever,r03_region_titv,w10000000_00,chr1,36023355,46023354,10000000,11510,1,0.02174540190026164,OK,True,
qlever,r03_region_titv,w10000000_00,chr1,36023355,46023354,10000000,11510,2,0.009570230264216661,OK,True,
qlever,r03_region_titv,w10000000_00,chr1,36023355,46023354,10000000,11510,3,0.009250800125300884,OK,True,
qlever,r03_region_titv,w10000000_01,chr1,57527385,67527384,10000000,14820,1,0.024863791186362505,OK,True,
qlever,r03_region_titv,w10000000_01,chr1,57527385,67527384,10000000,14820,2,0.010634267702698708,OK,True,
qlever,r03_region_titv,w10000000_01,chr1,57527385,67527384,10000000,14820,3,0.00917391013354063,OK,True,
qlever,r03_region_titv,w10000000_02,chr1,63680811,73680810,10000000,13676,1,0.023407702799886465,OK,True,
qlever,r03_region_titv,w10000000_02,chr1,63680811,73680810,10000000,13676,2,0.009956547990441322,OK,True,
qlever,r03_region_titv,w10000000_02,chr1,63680811,73680810,10000000,13676,3,0.009400242939591408,OK,True,
qlever,r03_region_titv,w10000000_03,chr1,53679378,63679377,10000000,14787,1,0.024638196919113398,OK,True,
qlever,r03_region_titv,w10000000_03,chr1,53679378,63679377,10000000,14787,2,0.011204399168491364,OK,True,
qlever,r03_region_titv,w10000000_03,chr1,53679378,63679377,10000000,14787,3,0.009934882167726755,OK,True,
qlever,r03_region_titv,w10000000_04,chr1,60690498,70690497,10000000,14398,1,0.025367597118020058,OK,True,
qlever,r03_region_titv,w10000000_04,chr1,60690498,70690497,10000000,14398,2,0.01007305970415473,OK,True,
qlever,r03_region_titv,w10000000_04,chr1,60690498,70690497,10000000,14398,3,0.010196533985435963,OK,True,
qlever,r03_region_titv,w10000000_05,chr1,47428546,57428545,10000000,11289,1,0.02552675222977996,OK,True,
qlever,r03_region_titv,w10000000_05,chr1,47428546,57428545,10000000,11289,2,0.01051369495689869,OK,True,
qlever,r03_region_titv,w10000000_05,chr1,47428546,57428545,10000000,11289,3,0.010041764006018639,OK,True,
qlever,r03_region_titv,w10000000_06,chr1,22030736,32030735,10000000,12991,1,0.024012590292841196,OK,True,
qlever,r03_region_titv,w10000000_06,chr1,22030736,32030735,10000000,12991,2,0.010140035767108202,OK,True,
qlever,r03_region_titv,w10000000_06,chr1,22030736,32030735,10000000,12991,3,0.010550638195127249,OK,True,
qlever,r03_region_titv,w10000000_07,chr1,34252401,44252400,10000000,11717,1,0.02304540015757084,OK,True,
qlever,r03_region_titv,w10000000_07,chr1,34252401,44252400,10000000,11717,2,0.012810650747269392,OK,True,
qlever,r03_region_titv,w10000000_07,chr1,34252401,44252400,10000000,11717,3,0.011103454977273941,OK,True,
qlever,r03_region_titv,w10000000_08,chr1,58528508,68528507,10000000,14502,1,0.027603719849139452,OK,True,
qlever,r03_region_titv,w10000000_08,chr1,58528508,68528507,10000000,14502,2,0.010136481374502182,OK,True,
qlever,r03_region_titv,w10000000_08,chr1,58528508,68528507,10000000,14502,3,0.009586159605532885,OK,True,
qlever,r03_region_titv,w10000000_09,chr1,51917411,61917410,10000000,13900,1,0.02434984315186739,OK,True,
qlever,r03_region_titv,w10000000_09,chr1,51917411,61917410,10000000,13900,2,0.010305519681423903,OK,True,
qlever,r03_region_titv,w10000000_09,chr1,51917411,61917410,10000000,13900,3,0.010078248102217913,OK,True,
qlever,r03_region_titv,w10000000_10,chr1,17106918,27106917,10000000,14199,1,0.029700042214244604,OK,True,
qlever,r03_region_titv,w10000000_10,chr1,17106918,27106917,10000000,14199,2,0.011249887757003307,OK,True,
qlever,r03_region_titv,w10000000_10,chr1,17106918,27106917,10000000,14199,3,0.011137959081679583,OK,True,
qlever,r03_region_titv,w10000000_11,chr1,43275553,53275552,10000000,9415,1,0.020907891914248466,OK,True,
qlever,r03_region_titv,w10000000_11,chr1,43275553,53275552,10000000,9415,2,0.01097057992592454,OK,True,
qlever,r03_region_titv,w10000000_11,chr1,43275553,53275552,10000000,9415,3,0.010283823125064373,OK,True,
qlever,r03_region_titv,w10000000_12,chr1,75394691,85394690,10000000,3288,1,0.015854025725275278,OK,True,
qlever,r03_region_titv,w10000000_12,chr1,75394691,85394690,10000000,3288,2,0.010949467774480581,OK,True,
qlever,r03_region_titv,w10000000_12,chr1,75394691,85394690,10000000,3288,3,0.01098574884235859,OK,True,
qlever,r03_region_titv,w10000000_13,chr1,40866716,50866715,10000000,10786,1,0.023769518360495567,OK,True,
qlever,r03_region_titv,w10000000_13,chr1,40866716,50866715,10000000,10786,2,0.011783155146986246,OK,True,
qlever,r03_region_titv,w10000000_13,chr1,40866716,50866715,10000000,10786,3,0.011411009822040796,OK,True,
qlever,r03_region_titv,w10000000_14,chr1,54182280,64182279,10000000,14941,1,0.027703209780156612,OK,True,
qlever,r03_region_titv,w10000000_14,chr1,54182280,64182279,10000000,14941,2,0.011183501221239567,OK,True,
qlever,r03_region_titv,w10000000_14,chr1,54182280,64182279,10000000,14941,3,0.011213439051061869,OK,True,
qlever,r03_region_titv,w10000000_15,chr1,22053178,32053177,10000000,12910,1,0.024258711840957403,OK,True,
qlever,r03_region_titv,w10000000_15,chr1,22053178,32053177,10000000,12910,2,0.01069421274587512,OK,True,
qlever,r03_region_titv,w10000000_15,chr1,22053178,32053177,10000000,12910,3,0.011905558872967958,OK,True,
qlever,r03_region_titv,w10000000_16,chr1,65680356,75680355,10000000,13295,1,0.030447285156697035,OK,True,
qlever,r03_region_titv,w10000000_16,chr1,65680356,75680355,10000000,13295,2,0.01101638376712799,OK,True,
qlever,r03_region_titv,w10000000_16,chr1,65680356,75680355,10000000,13295,3,0.010788372252136469,OK,True,
qlever,r03_region_titv,w10000000_17,chr1,30270070,40270069,10000000,12583,1,0.02431394113227725,OK,True,
qlever,r03_region_titv,w10000000_17,chr1,30270070,40270069,10000000,12583,2,0.010809428989887238,OK,True,
qlever,r03_region_titv,w10000000_17,chr1,30270070,40270069,10000000,12583,3,0.011586610693484545,OK,True,
qlever,r03_region_titv,w10000000_18,chr1,42283662,52283661,10000000,9628,1,0.01997092692181468,OK,True,
qlever,r03_region_titv,w10000000_18,chr1,42283662,52283661,10000000,9628,2,0.010086888913065195,OK,True,
qlever,r03_region_titv,w10000000_18,chr1,42283662,52283661,10000000,9628,3,0.00994765292853117,OK,True,
qlever,r03_region_titv,w10000000_19,chr1,61622305,71622304,10000000,14407,1,0.02491234103217721,OK,True,
qlever,r03_region_titv,w10000000_19,chr1,61622305,71622304,10000000,14407,2,0.01015650574117899,OK,True,
qlever,r03_region_titv,w10000000_19,chr1,61622305,71622304,10000000,14407,3,0.009652902837842703,OK,True,
qlever,r04_region_filter_distribution,w1000_00,chr1,23894831,23895830,1000,10,1,0.055875270161777735,OK,True,
qlever,r04_region_filter_distribution,w1000_00,chr1,23894831,23895830,1000,10,2,0.007924276869744062,OK,True,
qlever,r04_region_filter_distribution,w1000_00,chr1,23894831,23895830,1000,10,3,0.007882922887802124,OK,True,
qlever,r04_region_filter_distribution,w1000_01,chr1,37268328,37269327,1000,1,1,0.01653754897415638,OK,True,
qlever,r04_region_filter_distribution,w1000_01,chr1,37268328,37269327,1000,1,2,0.007478402927517891,OK,True,
qlever,r04_region_filter_distribution,w1000_01,chr1,37268328,37269327,1000,1,3,0.007054122164845467,OK,True,
qlever,r04_region_filter_distribution,w1000_02,chr1,42471294,42472293,1000,2,1,0.016397928819060326,OK,True,
qlever,r04_region_filter_distribution,w1000_02,chr1,42471294,42472293,1000,2,2,0.007387885823845863,OK,True,
qlever,r04_region_filter_distribution,w1000_02,chr1,42471294,42472293,1000,2,3,0.007092945743352175,OK,True,
qlever,r04_region_filter_distribution,w1000_03,chr1,19972624,19973623,1000,4,1,0.016068887896835804,OK,True,
qlever,r04_region_filter_distribution,w1000_03,chr1,19972624,19973623,1000,4,2,0.007289111148566008,OK,True,
qlever,r04_region_filter_distribution,w1000_03,chr1,19972624,19973623,1000,4,3,0.007020995020866394,OK,True,
qlever,r04_region_filter_distribution,w1000_04,chr1,65925426,65926425,1000,2,1,0.016080946661531925,OK,True,
qlever,r04_region_filter_distribution,w1000_04,chr1,65925426,65926425,1000,2,2,0.007894394919276237,OK,True,
qlever,r04_region_filter_distribution,w1000_04,chr1,65925426,65926425,1000,2,3,0.008840477094054222,OK,True,
qlever,r04_region_filter_distribution,w1000_05,chr1,54878472,54879471,1000,2,1,0.01721495995298028,OK,True,
qlever,r04_region_filter_distribution,w1000_05,chr1,54878472,54879471,1000,2,2,0.007993773091584444,OK,True,
qlever,r04_region_filter_distribution,w1000_05,chr1,54878472,54879471,1000,2,3,0.008584481198340654,OK,True,
qlever,r04_region_filter_distribution,w1000_06,chr1,54724268,54725267,1000,9,1,0.018002349883317947,OK,True,
qlever,r04_region_filter_distribution,w1000_06,chr1,54724268,54725267,1000,9,2,0.007659282069653273,OK,True,
qlever,r04_region_filter_distribution,w1000_06,chr1,54724268,54725267,1000,9,3,0.00766353402286768,OK,True,
qlever,r04_region_filter_distribution,w1000_07,chr1,50226603,50227602,1000,3,1,0.01624773582443595,OK,True,
qlever,r04_region_filter_distribution,w1000_07,chr1,50226603,50227602,1000,3,2,0.007529475726187229,OK,True,
qlever,r04_region_filter_distribution,w1000_07,chr1,50226603,50227602,1000,3,3,0.00717718992382288,OK,True,
qlever,r04_region_filter_distribution,w1000_08,chr1,5558122,5559121,1000,2,1,0.01608578534796834,OK,True,
qlever,r04_region_filter_distribution,w1000_08,chr1,5558122,5559121,1000,2,2,0.007636645808815956,OK,True,
qlever,r04_region_filter_distribution,w1000_08,chr1,5558122,5559121,1000,2,3,0.007001145742833614,OK,True,
qlever,r04_region_filter_distribution,w1000_09,chr1,21979241,21980240,1000,15,1,0.016159470193088055,OK,True,
qlever,r04_region_filter_distribution,w1000_09,chr1,21979241,21980240,1000,15,2,0.007261121179908514,OK,True,
qlever,r04_region_filter_distribution,w1000_09,chr1,21979241,21980240,1000,15,3,0.0072449250146746635,OK,True,
qlever,r04_region_filter_distribution,w1000_10,chr1,58250107,58251106,1000,2,1,0.01568345818668604,OK,True,
qlever,r04_region_filter_distribution,w1000_10,chr1,58250107,58251106,1000,2,2,0.007246342021971941,OK,True,
qlever,r04_region_filter_distribution,w1000_10,chr1,58250107,58251106,1000,2,3,0.0070709651336073875,OK,True,
qlever,r04_region_filter_distribution,w1000_11,chr1,33820268,33821267,1000,1,1,0.015754865016788244,OK,True,
qlever,r04_region_filter_distribution,w1000_11,chr1,33820268,33821267,1000,1,2,0.007461240980774164,OK,True,
qlever,r04_region_filter_distribution,w1000_11,chr1,33820268,33821267,1000,1,3,0.007266358006745577,OK,True,
qlever,r04_region_filter_distribution,w1000_12,chr1,74268898,74269897,1000,4,1,0.01698044268414378,OK,True,
qlever,r04_region_filter_distribution,w1000_12,chr1,74268898,74269897,1000,4,2,0.007514935918152332,OK,True,
qlever,r04_region_filter_distribution,w1000_12,chr1,74268898,74269897,1000,4,3,0.007159971632063389,OK,True,
qlever,r04_region_filter_distribution,w1000_13,chr1,58011340,58012339,1000,3,1,0.015838311053812504,OK,True,
qlever,r04_region_filter_distribution,w1000_13,chr1,58011340,58012339,1000,3,2,0.007051095832139254,OK,True,
qlever,r04_region_filter_distribution,w1000_13,chr1,58011340,58012339,1000,3,3,0.008762022946029902,OK,True,
qlever,r04_region_filter_distribution,w1000_14,chr1,55322618,55323617,1000,2,1,0.015870702918618917,OK,True,
qlever,r04_region_filter_distribution,w1000_14,chr1,55322618,55323617,1000,2,2,0.007182659115642309,OK,True,
qlever,r04_region_filter_distribution,w1000_14,chr1,55322618,55323617,1000,2,3,0.007021907716989517,OK,True,
qlever,r04_region_filter_distribution,w1000_15,chr1,58597811,58598810,1000,2,1,0.016121049877256155,OK,True,
qlever,r04_region_filter_distribution,w1000_15,chr1,58597811,58598810,1000,2,2,0.007359716109931469,OK,True,
qlever,r04_region_filter_distribution,w1000_15,chr1,58597811,58598810,1000,2,3,0.0068276422098279,OK,True,
qlever,r04_region_filter_distribution,w1000_16,chr1,61942877,61943876,1000,1,1,0.015697599854320288,OK,True,
qlever,r04_region_filter_distribution,w1000_16,chr1,61942877,61943876,1000,1,2,0.00753466971218586,OK,True,
qlever,r04_region_filter_distribution,w1000_16,chr1,61942877,61943876,1000,1,3,0.007642036769539118,OK,True,
qlever,r04_region_filter_distribution,w1000_17,chr1,74952903,74953902,1000,2,1,0.015874689910560846,OK,True,
qlever,r04_region_filter_distribution,w1000_17,chr1,74952903,74953902,1000,2,2,0.007569457869976759,OK,True,
qlever,r04_region_filter_distribution,w1000_17,chr1,74952903,74953902,1000,2,3,0.007494333200156689,OK,True,
qlever,r04_region_filter_distribution,w1000_18,chr1,10920022,10921021,1000,7,1,0.016297160182148218,OK,True,
qlever,r04_region_filter_distribution,w1000_18,chr1,10920022,10921021,1000,7,2,0.007629157043993473,OK,True,
qlever,r04_region_filter_distribution,w1000_18,chr1,10920022,10921021,1000,7,3,0.007525604218244553,OK,True,
qlever,r04_region_filter_distribution,w1000_19,chr1,54064366,54065365,1000,1,1,0.017000857274979353,OK,True,
qlever,r04_region_filter_distribution,w1000_19,chr1,54064366,54065365,1000,1,2,0.007496600970625877,OK,True,
qlever,r04_region_filter_distribution,w1000_19,chr1,54064366,54065365,1000,1,3,0.007465166971087456,OK,True,
qlever,r04_region_filter_distribution,w100000_00,chr1,76042312,76142311,100000,132,1,0.016973149962723255,OK,True,
qlever,r04_region_filter_distribution,w100000_00,chr1,76042312,76142311,100000,132,2,0.007288426160812378,OK,True,
qlever,r04_region_filter_distribution,w100000_00,chr1,76042312,76142311,100000,132,3,0.007388378959149122,OK,True,
qlever,r04_region_filter_distribution,w100000_01,chr1,26177705,26277704,100000,141,1,0.016878438647836447,OK,True,
qlever,r04_region_filter_distribution,w100000_01,chr1,26177705,26277704,100000,141,2,0.007833111565560102,OK,True,
qlever,r04_region_filter_distribution,w100000_01,chr1,26177705,26277704,100000,141,3,0.007276913151144981,OK,True,
qlever,r04_region_filter_distribution,w100000_02,chr1,76668322,76768321,100000,131,1,0.017329951748251915,OK,True,
qlever,r04_region_filter_distribution,w100000_02,chr1,76668322,76768321,100000,131,2,0.007955122739076614,OK,True,
qlever,r04_region_filter_distribution,w100000_02,chr1,76668322,76768321,100000,131,3,0.007212447002530098,OK,True,
qlever,r04_region_filter_distribution,w100000_03,chr1,64797067,64897066,100000,153,1,0.017617154866456985,OK,True,
qlever,r04_region_filter_distribution,w100000_03,chr1,64797067,64897066,100000,153,2,0.007817381992936134,OK,True,
qlever,r04_region_filter_distribution,w100000_03,chr1,64797067,64897066,100000,153,3,0.00727282278239727,OK,True,
qlever,r04_region_filter_distribution,w100000_04,chr1,66848110,66948109,100000,83,1,0.016313676722347736,OK,True,
qlever,r04_region_filter_distribution,w100000_04,chr1,66848110,66948109,100000,83,2,0.0076261418871581554,OK,True,
qlever,r04_region_filter_distribution,w100000_04,chr1,66848110,66948109,100000,83,3,0.006829365156590939,OK,True,
qlever,r04_region_filter_distribution,w100000_05,chr1,58175965,58275964,100000,181,1,0.01598524209111929,OK,True,
qlever,r04_region_filter_distribution,w100000_05,chr1,58175965,58275964,100000,181,2,0.00771505618467927,OK,True,
qlever,r04_region_filter_distribution,w100000_05,chr1,58175965,58275964,100000,181,3,0.007290594279766083,OK,True,
qlever,r04_region_filter_distribution,w100000_06,chr1,41567443,41667442,100000,142,1,0.0167358978651464,OK,True,
qlever,r04_region_filter_distribution,w100000_06,chr1,41567443,41667442,100000,142,2,0.007332764100283384,OK,True,
qlever,r04_region_filter_distribution,w100000_06,chr1,41567443,41667442,100000,142,3,0.0071853832341730595,OK,True,
qlever,r04_region_filter_distribution,w100000_07,chr1,23625875,23725874,100000,143,1,0.01635579625144601,OK,True,
qlever,r04_region_filter_distribution,w100000_07,chr1,23625875,23725874,100000,143,2,0.007485184818506241,OK,True,
qlever,r04_region_filter_distribution,w100000_07,chr1,23625875,23725874,100000,143,3,0.006970031186938286,OK,True,
qlever,r04_region_filter_distribution,w100000_08,chr1,69897964,69997963,100000,77,1,0.016670010052621365,OK,True,
qlever,r04_region_filter_distribution,w100000_08,chr1,69897964,69997963,100000,77,2,0.007978389970958233,OK,True,
qlever,r04_region_filter_distribution,w100000_08,chr1,69897964,69997963,100000,77,3,0.007278394885361195,OK,True,
qlever,r04_region_filter_distribution,w100000_09,chr1,63664508,63764507,100000,287,1,0.01776250498369336,OK,True,
qlever,r04_region_filter_distribution,w100000_09,chr1,63664508,63764507,100000,287,2,0.007837903685867786,OK,True,
qlever,r04_region_filter_distribution,w100000_09,chr1,63664508,63764507,100000,287,3,0.006953706033527851,OK,True,
qlever,r04_region_filter_distribution,w100000_10,chr1,15518874,15618873,100000,146,1,0.016143988352268934,OK,True,
qlever,r04_region_filter_distribution,w100000_10,chr1,15518874,15618873,100000,146,2,0.007329597137868404,OK,True,
qlever,r04_region_filter_distribution,w100000_10,chr1,15518874,15618873,100000,146,3,0.007003679871559143,OK,True,
qlever,r04_region_filter_distribution,w100000_11,chr1,23996836,24096835,100000,343,1,0.017065696883946657,OK,True,
qlever,r04_region_filter_distribution,w100000_11,chr1,23996836,24096835,100000,343,2,0.007603473030030727,OK,True,
qlever,r04_region_filter_distribution,w100000_11,chr1,23996836,24096835,100000,343,3,0.0070860907435417175,OK,True,
qlever,r04_region_filter_distribution,w100000_12,chr1,56566795,56666794,100000,139,1,0.0159743819385767,OK,True,
qlever,r04_region_filter_distribution,w100000_12,chr1,56566795,56666794,100000,139,2,0.007140249013900757,OK,True,
qlever,r04_region_filter_distribution,w100000_12,chr1,56566795,56666794,100000,139,3,0.0064955418929457664,OK,True,
qlever,r04_region_filter_distribution,w100000_13,chr1,24058646,24158645,100000,214,1,0.015885973814874887,OK,True,
qlever,r04_region_filter_distribution,w100000_13,chr1,24058646,24158645,100000,214,2,0.007291420828551054,OK,True,
qlever,r04_region_filter_distribution,w100000_13,chr1,24058646,24158645,100000,214,3,0.006944628898054361,OK,True,
qlever,r04_region_filter_distribution,w100000_14,chr1,3105927,3205926,100000,226,1,0.016174239106476307,OK,True,
qlever,r04_region_filter_distribution,w100000_14,chr1,3105927,3205926,100000,226,2,0.008043589070439339,OK,True,
qlever,r04_region_filter_distribution,w100000_14,chr1,3105927,3205926,100000,226,3,0.00779304001480341,OK,True,
qlever,r04_region_filter_distribution,w100000_15,chr1,54865968,54965967,100000,181,1,0.027400477323681116,OK,True,
qlever,r04_region_filter_distribution,w100000_15,chr1,54865968,54965967,100000,181,2,0.007825692184269428,OK,True,
qlever,r04_region_filter_distribution,w100000_15,chr1,54865968,54965967,100000,181,3,0.007650311104953289,OK,True,
qlever,r04_region_filter_distribution,w100000_16,chr1,58852100,58952099,100000,79,1,0.016044314019382,OK,True,
qlever,r04_region_filter_distribution,w100000_16,chr1,58852100,58952099,100000,79,2,0.007516241632401943,OK,True,
qlever,r04_region_filter_distribution,w100000_16,chr1,58852100,58952099,100000,79,3,0.006978415884077549,OK,True,
qlever,r04_region_filter_distribution,w100000_17,chr1,77570681,77670680,100000,81,1,0.01597307901829481,OK,True,
qlever,r04_region_filter_distribution,w100000_17,chr1,77570681,77670680,100000,81,2,0.00722652580589056,OK,True,
qlever,r04_region_filter_distribution,w100000_17,chr1,77570681,77670680,100000,81,3,0.006823915988206863,OK,True,
qlever,r04_region_filter_distribution,w100000_18,chr1,66388887,66488886,100000,196,1,0.016390108037739992,OK,True,
qlever,r04_region_filter_distribution,w100000_18,chr1,66388887,66488886,100000,196,2,0.007563068065792322,OK,True,
qlever,r04_region_filter_distribution,w100000_18,chr1,66388887,66488886,100000,196,3,0.006765924859791994,OK,True,
qlever,r04_region_filter_distribution,w100000_19,chr1,5319806,5419805,100000,87,1,0.01588530233129859,OK,True,
qlever,r04_region_filter_distribution,w100000_19,chr1,5319806,5419805,100000,87,2,0.007269197143614292,OK,True,
qlever,r04_region_filter_distribution,w100000_19,chr1,5319806,5419805,100000,87,3,0.006835533771663904,OK,True,
qlever,r04_region_filter_distribution,w1000000_00,chr1,42846822,43846821,1000000,1112,1,0.018276748713105917,OK,True,
qlever,r04_region_filter_distribution,w1000000_00,chr1,42846822,43846821,1000000,1112,2,0.007517572026699781,OK,True,
qlever,r04_region_filter_distribution,w1000000_00,chr1,42846822,43846821,1000000,1112,3,0.007305020932108164,OK,True,
qlever,r04_region_filter_distribution,w1000000_01,chr1,9034070,10034069,1000000,1143,1,0.01888970471918583,OK,True,
qlever,r04_region_filter_distribution,w1000000_01,chr1,9034070,10034069,1000000,1143,2,0.00737572368234396,OK,True,
qlever,r04_region_filter_distribution,w1000000_01,chr1,9034070,10034069,1000000,1143,3,0.007064493373036385,OK,True,
qlever,r04_region_filter_distribution,w1000000_02,chr1,54809885,55809884,1000000,1670,1,0.0191945000551641,OK,True,
qlever,r04_region_filter_distribution,w1000000_02,chr1,54809885,55809884,1000000,1670,2,0.007575974799692631,OK,True,
qlever,r04_region_filter_distribution,w1000000_02,chr1,54809885,55809884,1000000,1670,3,0.0076745920814573765,OK,True,
qlever,r04_region_filter_distribution,w1000000_03,chr1,55795141,56795140,1000000,1824,1,0.019405344035476446,OK,True,
qlever,r04_region_filter_distribution,w1000000_03,chr1,55795141,56795140,1000000,1824,2,0.007498564664274454,OK,True,
qlever,r04_region_filter_distribution,w1000000_03,chr1,55795141,56795140,1000000,1824,3,0.0068069822154939175,OK,True,
qlever,r04_region_filter_distribution,w1000000_04,chr1,11734309,12734308,1000000,950,1,0.017724215984344482,OK,True,
qlever,r04_region_filter_distribution,w1000000_04,chr1,11734309,12734308,1000000,950,2,0.007835288997739553,OK,True,
qlever,r04_region_filter_distribution,w1000000_04,chr1,11734309,12734308,1000000,950,3,0.007553281262516975,OK,True,
qlever,r04_region_filter_distribution,w1000000_05,chr1,28814643,29814642,1000000,1348,1,0.018610115628689528,OK,True,
qlever,r04_region_filter_distribution,w1000000_05,chr1,28814643,29814642,1000000,1348,2,0.007229337003082037,OK,True,
qlever,r04_region_filter_distribution,w1000000_05,chr1,28814643,29814642,1000000,1348,3,0.007009765133261681,OK,True,
qlever,r04_region_filter_distribution,w1000000_06,chr1,47354520,48354519,1000000,1253,1,0.018043136689811945,OK,True,
qlever,r04_region_filter_distribution,w1000000_06,chr1,47354520,48354519,1000000,1253,2,0.0074678463861346245,OK,True,
qlever,r04_region_filter_distribution,w1000000_06,chr1,47354520,48354519,1000000,1253,3,0.007128304336220026,OK,True,
qlever,r04_region_filter_distribution,w1000000_07,chr1,35782931,36782930,1000000,868,1,0.01829555630683899,OK,True,
qlever,r04_region_filter_distribution,w1000000_07,chr1,35782931,36782930,1000000,868,2,0.007730056066066027,OK,True,
qlever,r04_region_filter_distribution,w1000000_07,chr1,35782931,36782930,1000000,868,3,0.007239725906401873,OK,True,
qlever,r04_region_filter_distribution,w1000000_08,chr1,5611726,6611725,1000000,1261,1,0.023312347009778023,OK,True,
qlever,r04_region_filter_distribution,w1000000_08,chr1,5611726,6611725,1000000,1261,2,0.00757647305727005,OK,True,
qlever,r04_region_filter_distribution,w1000000_08,chr1,5611726,6611725,1000000,1261,3,0.006990843918174505,OK,True,
qlever,r04_region_filter_distribution,w1000000_09,chr1,17930348,18930347,1000000,1491,1,0.01878061192110181,OK,True,
qlever,r04_region_filter_distribution,w1000000_09,chr1,17930348,18930347,1000000,1491,2,0.0074241263791918755,OK,True,
qlever,r04_region_filter_distribution,w1000000_09,chr1,17930348,18930347,1000000,1491,3,0.006937964353710413,OK,True,
qlever,r04_region_filter_distribution,w1000000_10,chr1,58656617,59656616,1000000,1262,1,0.019512816797941923,OK,True,
qlever,r04_region_filter_distribution,w1000000_10,chr1,58656617,59656616,1000000,1262,2,0.007481807842850685,OK,True,
qlever,r04_region_filter_distribution,w1000000_10,chr1,58656617,59656616,1000000,1262,3,0.00747855007648468,OK,True,
qlever,r04_region_filter_distribution,w1000000_11,chr1,20579658,21579657,1000000,1246,1,0.018590125255286694,OK,True,
qlever,r04_region_filter_distribution,w1000000_11,chr1,20579658,21579657,1000000,1246,2,0.008161870762705803,OK,True,
qlever,r04_region_filter_distribution,w1000000_11,chr1,20579658,21579657,1000000,1246,3,0.00736362487077713,OK,True,
qlever,r04_region_filter_distribution,w1000000_12,chr1,66774094,67774093,1000000,1548,1,0.01978090312331915,OK,True,
qlever,r04_region_filter_distribution,w1000000_12,chr1,66774094,67774093,1000000,1548,2,0.00737583776935935,OK,True,
qlever,r04_region_filter_distribution,w1000000_12,chr1,66774094,67774093,1000000,1548,3,0.006860238034278154,OK,True,
qlever,r04_region_filter_distribution,w1000000_13,chr1,53330427,54330426,1000000,1337,1,0.020761270076036453,OK,True,
qlever,r04_region_filter_distribution,w1000000_13,chr1,53330427,54330426,1000000,1337,2,0.00775129022076726,OK,True,
qlever,r04_region_filter_distribution,w1000000_13,chr1,53330427,54330426,1000000,1337,3,0.007081524934619665,OK,True,
qlever,r04_region_filter_distribution,w1000000_14,chr1,34457222,35457221,1000000,1194,1,0.018141190987080336,OK,True,
qlever,r04_region_filter_distribution,w1000000_14,chr1,34457222,35457221,1000000,1194,2,0.007562848739326,OK,True,
qlever,r04_region_filter_distribution,w1000000_14,chr1,34457222,35457221,1000000,1194,3,0.007051454856991768,OK,True,
qlever,r04_region_filter_distribution,w1000000_15,chr1,6173132,7173131,1000000,906,1,0.017460401635617018,OK,True,
qlever,r04_region_filter_distribution,w1000000_15,chr1,6173132,7173131,1000000,906,2,0.007392777595669031,OK,True,
qlever,r04_region_filter_distribution,w1000000_15,chr1,6173132,7173131,1000000,906,3,0.0069745429791510105,OK,True,
qlever,r04_region_filter_distribution,w1000000_16,chr1,34054184,35054183,1000000,1668,1,0.01951609505340457,OK,True,
qlever,r04_region_filter_distribution,w1000000_16,chr1,34054184,35054183,1000000,1668,2,0.007598911877721548,OK,True,
qlever,r04_region_filter_distribution,w1000000_16,chr1,34054184,35054183,1000000,1668,3,0.0072291758842766285,OK,True,
qlever,r04_region_filter_distribution,w1000000_17,chr1,15193776,16193775,1000000,1521,1,0.018323733005672693,OK,True,
qlever,r04_region_filter_distribution,w1000000_17,chr1,15193776,16193775,1000000,1521,2,0.007386676035821438,OK,True,
qlever,r04_region_filter_distribution,w1000000_17,chr1,15193776,16193775,1000000,1521,3,0.007123219780623913,OK,True,
qlever,r04_region_filter_distribution,w1000000_18,chr1,43583485,44583484,1000000,1108,1,0.017953004222363234,OK,True,
qlever,r04_region_filter_distribution,w1000000_18,chr1,43583485,44583484,1000000,1108,2,0.00751296104863286,OK,True,
qlever,r04_region_filter_distribution,w1000000_18,chr1,43583485,44583484,1000000,1108,3,0.00743211479857564,OK,True,
qlever,r04_region_filter_distribution,w1000000_19,chr1,58570714,59570713,1000000,1451,1,0.018912152387201786,OK,True,
qlever,r04_region_filter_distribution,w1000000_19,chr1,58570714,59570713,1000000,1451,2,0.007369545288383961,OK,True,
qlever,r04_region_filter_distribution,w1000000_19,chr1,58570714,59570713,1000000,1451,3,0.006776460912078619,OK,True,
qlever,r04_region_filter_distribution,w10000000_00,chr1,36023355,46023354,10000000,11510,1,0.0368472752161324,OK,True,
qlever,r04_region_filter_distribution,w10000000_00,chr1,36023355,46023354,10000000,11510,2,0.007776590064167976,OK,True,
qlever,r04_region_filter_distribution,w10000000_00,chr1,36023355,46023354,10000000,11510,3,0.007647332735359669,OK,True,
qlever,r04_region_filter_distribution,w10000000_01,chr1,57527385,67527384,10000000,14820,1,0.04348432784900069,OK,True,
qlever,r04_region_filter_distribution,w10000000_01,chr1,57527385,67527384,10000000,14820,2,0.007440594956278801,OK,True,
qlever,r04_region_filter_distribution,w10000000_01,chr1,57527385,67527384,10000000,14820,3,0.007330197840929031,OK,True,
qlever,r04_region_filter_distribution,w10000000_02,chr1,63680811,73680810,10000000,13676,1,0.04256307194009423,OK,True,
qlever,r04_region_filter_distribution,w10000000_02,chr1,63680811,73680810,10000000,13676,2,0.007480165921151638,OK,True,
qlever,r04_region_filter_distribution,w10000000_02,chr1,63680811,73680810,10000000,13676,3,0.007332934066653252,OK,True,
qlever,r04_region_filter_distribution,w10000000_03,chr1,53679378,63679377,10000000,14787,1,0.04343134304508567,OK,True,
qlever,r04_region_filter_distribution,w10000000_03,chr1,53679378,63679377,10000000,14787,2,0.0075752753764390945,OK,True,
qlever,r04_region_filter_distribution,w10000000_03,chr1,53679378,63679377,10000000,14787,3,0.007077371701598167,OK,True,
qlever,r04_region_filter_distribution,w10000000_04,chr1,60690498,70690497,10000000,14398,1,0.042778451927006245,OK,True,
qlever,r04_region_filter_distribution,w10000000_04,chr1,60690498,70690497,10000000,14398,2,0.007653879001736641,OK,True,
qlever,r04_region_filter_distribution,w10000000_04,chr1,60690498,70690497,10000000,14398,3,0.007183245848864317,OK,True,
qlever,r04_region_filter_distribution,w10000000_05,chr1,47428546,57428545,10000000,11289,1,0.036733312997967005,OK,True,
qlever,r04_region_filter_distribution,w10000000_05,chr1,47428546,57428545,10000000,11289,2,0.007808008696883917,OK,True,
qlever,r04_region_filter_distribution,w10000000_05,chr1,47428546,57428545,10000000,11289,3,0.0077948858961462975,OK,True,
qlever,r04_region_filter_distribution,w10000000_06,chr1,22030736,32030735,10000000,12991,1,0.040964087937027216,OK,True,
qlever,r04_region_filter_distribution,w10000000_06,chr1,22030736,32030735,10000000,12991,2,0.007934927940368652,OK,True,
qlever,r04_region_filter_distribution,w10000000_06,chr1,22030736,32030735,10000000,12991,3,0.007981121074408293,OK,True,
qlever,r04_region_filter_distribution,w10000000_07,chr1,34252401,44252400,10000000,11717,1,0.037219824735075235,OK,True,
qlever,r04_region_filter_distribution,w10000000_07,chr1,34252401,44252400,10000000,11717,2,0.00826599495485425,OK,True,
qlever,r04_region_filter_distribution,w10000000_07,chr1,34252401,44252400,10000000,11717,3,0.007566086016595364,OK,True,
qlever,r04_region_filter_distribution,w10000000_08,chr1,58528508,68528507,10000000,14502,1,0.04243196872994304,OK,True,
qlever,r04_region_filter_distribution,w10000000_08,chr1,58528508,68528507,10000000,14502,2,0.007886689156293869,OK,True,
qlever,r04_region_filter_distribution,w10000000_08,chr1,58528508,68528507,10000000,14502,3,0.007101629860699177,OK,True,
qlever,r04_region_filter_distribution,w10000000_09,chr1,51917411,61917410,10000000,13900,1,0.04321604734286666,OK,True,
qlever,r04_region_filter_distribution,w10000000_09,chr1,51917411,61917410,10000000,13900,2,0.00731725012883544,OK,True,
qlever,r04_region_filter_distribution,w10000000_09,chr1,51917411,61917410,10000000,13900,3,0.0069834222085773945,OK,True,
qlever,r04_region_filter_distribution,w10000000_10,chr1,17106918,27106917,10000000,14199,1,0.04407647205516696,OK,True,
qlever,r04_region_filter_distribution,w10000000_10,chr1,17106918,27106917,10000000,14199,2,0.008451102767139673,OK,True,
qlever,r04_region_filter_distribution,w10000000_10,chr1,17106918,27106917,10000000,14199,3,0.007864227052778006,OK,True,
qlever,r04_region_filter_distribution,w10000000_11,chr1,43275553,53275552,10000000,9415,1,0.034060760866850615,OK,True,
qlever,r04_region_filter_distribution,w10000000_11,chr1,43275553,53275552,10000000,9415,2,0.007807045243680477,OK,True,
qlever,r04_region_filter_distribution,w10000000_11,chr1,43275553,53275552,10000000,9415,3,0.007362823002040386,OK,True,
qlever,r04_region_filter_distribution,w10000000_12,chr1,75394691,85394690,10000000,3288,1,0.022403030656278133,OK,True,
qlever,r04_region_filter_distribution,w10000000_12,chr1,75394691,85394690,10000000,3288,2,0.007901055738329887,OK,True,
qlever,r04_region_filter_distribution,w10000000_12,chr1,75394691,85394690,10000000,3288,3,0.007047614082694054,OK,True,
qlever,r04_region_filter_distribution,w10000000_13,chr1,40866716,50866715,10000000,10786,1,0.035154656041413546,OK,True,
qlever,r04_region_filter_distribution,w10000000_13,chr1,40866716,50866715,10000000,10786,2,0.007717140018939972,OK,True,
qlever,r04_region_filter_distribution,w10000000_13,chr1,40866716,50866715,10000000,10786,3,0.007039970718324184,OK,True,
qlever,r04_region_filter_distribution,w10000000_14,chr1,54182280,64182279,10000000,14941,1,0.04574277624487877,OK,True,
qlever,r04_region_filter_distribution,w10000000_14,chr1,54182280,64182279,10000000,14941,2,0.007719109300523996,OK,True,
qlever,r04_region_filter_distribution,w10000000_14,chr1,54182280,64182279,10000000,14941,3,0.008350351825356483,OK,True,
qlever,r04_region_filter_distribution,w10000000_15,chr1,22053178,32053177,10000000,12910,1,0.04137461306527257,OK,True,
qlever,r04_region_filter_distribution,w10000000_15,chr1,22053178,32053177,10000000,12910,2,0.0075636692345142365,OK,True,
qlever,r04_region_filter_distribution,w10000000_15,chr1,22053178,32053177,10000000,12910,3,0.0072609251365065575,OK,True,
qlever,r04_region_filter_distribution,w10000000_16,chr1,65680356,75680355,10000000,13295,1,0.04211771534755826,OK,True,
qlever,r04_region_filter_distribution,w10000000_16,chr1,65680356,75680355,10000000,13295,2,0.00806496199220419,OK,True,
qlever,r04_region_filter_distribution,w10000000_16,chr1,65680356,75680355,10000000,13295,3,0.007355705834925175,OK,True,
qlever,r04_region_filter_distribution,w10000000_17,chr1,30270070,40270069,10000000,12583,1,0.03991924598813057,OK,True,
qlever,r04_region_filter_distribution,w10000000_17,chr1,30270070,40270069,10000000,12583,2,0.007661653682589531,OK,True,
qlever,r04_region_filter_distribution,w10000000_17,chr1,30270070,40270069,10000000,12583,3,0.007180074695497751,OK,True,
qlever,r04_region_filter_distribution,w10000000_18,chr1,42283662,52283661,10000000,9628,1,0.0348012400791049,OK,True,
qlever,r04_region_filter_distribution,w10000000_18,chr1,42283662,52283661,10000000,9628,2,0.007508662063628435,OK,True,
qlever,r04_region_filter_distribution,w10000000_18,chr1,42283662,52283661,10000000,9628,3,0.007069513201713562,OK,True,
qlever,r04_region_filter_distribution,w10000000_19,chr1,61622305,71622304,10000000,14407,1,0.043338715098798275,OK,True,
qlever,r04_region_filter_distribution,w10000000_19,chr1,61622305,71622304,10000000,14407,2,0.007542194798588753,OK,True,
qlever,r04_region_filter_distribution,w10000000_19,chr1,61622305,71622304,10000000,14407,3,0.007115143816918135,OK,True,
qlever,r05_region_sample_genotype_counts,w1000_00,chr1,23894831,23895830,1000,10,1,1.035610789898783,OK,True,
qlever,r05_region_sample_genotype_counts,w1000_00,chr1,23894831,23895830,1000,10,2,0.016262303106486797,OK,True,
qlever,r05_region_sample_genotype_counts,w1000_00,chr1,23894831,23895830,1000,10,3,0.016069947741925716,OK,True,
qlever,r05_region_sample_genotype_counts,w1000_01,chr1,37268328,37269327,1000,1,1,0.027921821922063828,OK,True,
qlever,r05_region_sample_genotype_counts,w1000_01,chr1,37268328,37269327,1000,1,2,0.016354231163859367,OK,True,
qlever,r05_region_sample_genotype_counts,w1000_01,chr1,37268328,37269327,1000,1,3,0.016390166245400906,OK,True,
qlever,r05_region_sample_genotype_counts,w1000_02,chr1,42471294,42472293,1000,2,1,0.030697028152644634,OK,True,
qlever,r05_region_sample_genotype_counts,w1000_02,chr1,42471294,42472293,1000,2,2,0.016537509858608246,OK,True,
qlever,r05_region_sample_genotype_counts,w1000_02,chr1,42471294,42472293,1000,2,3,0.015257115010172129,OK,True,
qlever,r05_region_sample_genotype_counts,w1000_03,chr1,19972624,19973623,1000,4,1,0.026723233051598072,OK,True,
qlever,r05_region_sample_genotype_counts,w1000_03,chr1,19972624,19973623,1000,4,2,0.015838870778679848,OK,True,
qlever,r05_region_sample_genotype_counts,w1000_03,chr1,19972624,19973623,1000,4,3,0.01565872598439455,OK,True,
qlever,r05_region_sample_genotype_counts,w1000_04,chr1,65925426,65926425,1000,2,1,0.02660954836755991,OK,True,
qlever,r05_region_sample_genotype_counts,w1000_04,chr1,65925426,65926425,1000,2,2,0.015764025039970875,OK,True,
qlever,r05_region_sample_genotype_counts,w1000_04,chr1,65925426,65926425,1000,2,3,0.016200861893594265,OK,True,
qlever,r05_region_sample_genotype_counts,w1000_05,chr1,54878472,54879471,1000,2,1,0.027769525069743395,OK,True,
qlever,r05_region_sample_genotype_counts,w1000_05,chr1,54878472,54879471,1000,2,2,0.016791407018899918,OK,True,
qlever,r05_region_sample_genotype_counts,w1000_05,chr1,54878472,54879471,1000,2,3,0.01466226577758789,OK,True,
qlever,r05_region_sample_genotype_counts,w1000_06,chr1,54724268,54725267,1000,9,1,0.026106399949640036,OK,True,
qlever,r05_region_sample_genotype_counts,w1000_06,chr1,54724268,54725267,1000,9,2,0.015312823001295328,OK,True,
qlever,r05_region_sample_genotype_counts,w1000_06,chr1,54724268,54725267,1000,9,3,0.016070501878857613,OK,True,
qlever,r05_region_sample_genotype_counts,w1000_07,chr1,50226603,50227602,1000,3,1,0.026538731064647436,OK,True,
qlever,r05_region_sample_genotype_counts,w1000_07,chr1,50226603,50227602,1000,3,2,0.015251275151968002,OK,True,
qlever,r05_region_sample_genotype_counts,w1000_07,chr1,50226603,50227602,1000,3,3,0.015222091227769852,OK,True,
qlever,r05_region_sample_genotype_counts,w1000_08,chr1,5558122,5559121,1000,2,1,0.027599634137004614,OK,True,
qlever,r05_region_sample_genotype_counts,w1000_08,chr1,5558122,5559121,1000,2,2,0.015596358105540276,OK,True,
qlever,r05_region_sample_genotype_counts,w1000_08,chr1,5558122,5559121,1000,2,3,0.01572463382035494,OK,True,
qlever,r05_region_sample_genotype_counts,w1000_09,chr1,21979241,21980240,1000,15,1,0.027324659284204245,OK,True,
qlever,r05_region_sample_genotype_counts,w1000_09,chr1,21979241,21980240,1000,15,2,0.015772228129208088,OK,True,
qlever,r05_region_sample_genotype_counts,w1000_09,chr1,21979241,21980240,1000,15,3,0.015625289175659418,OK,True,
qlever,r05_region_sample_genotype_counts,w1000_10,chr1,58250107,58251106,1000,2,1,0.02606082707643509,OK,True,
qlever,r05_region_sample_genotype_counts,w1000_10,chr1,58250107,58251106,1000,2,2,0.015611159149557352,OK,True,
qlever,r05_region_sample_genotype_counts,w1000_10,chr1,58250107,58251106,1000,2,3,0.014620727859437466,OK,True,
qlever,r05_region_sample_genotype_counts,w1000_11,chr1,33820268,33821267,1000,1,1,0.02610607212409377,OK,True,
qlever,r05_region_sample_genotype_counts,w1000_11,chr1,33820268,33821267,1000,1,2,0.015309927053749561,OK,True,
qlever,r05_region_sample_genotype_counts,w1000_11,chr1,33820268,33821267,1000,1,3,0.014851183630526066,OK,True,
qlever,r05_region_sample_genotype_counts,w1000_12,chr1,74268898,74269897,1000,4,1,0.026653151027858257,OK,True,
qlever,r05_region_sample_genotype_counts,w1000_12,chr1,74268898,74269897,1000,4,2,0.015635790769010782,OK,True,
qlever,r05_region_sample_genotype_counts,w1000_12,chr1,74268898,74269897,1000,4,3,0.014885010197758675,OK,True,
qlever,r05_region_sample_genotype_counts,w1000_13,chr1,58011340,58012339,1000,3,1,0.026746565010398626,OK,True,
qlever,r05_region_sample_genotype_counts,w1000_13,chr1,58011340,58012339,1000,3,2,0.014989793300628662,OK,True,
qlever,r05_region_sample_genotype_counts,w1000_13,chr1,58011340,58012339,1000,3,3,0.015811721794307232,OK,True,
qlever,r05_region_sample_genotype_counts,w1000_14,chr1,55322618,55323617,1000,2,1,0.026549517177045345,OK,True,
qlever,r05_region_sample_genotype_counts,w1000_14,chr1,55322618,55323617,1000,2,2,0.015548601280897856,OK,True,
qlever,r05_region_sample_genotype_counts,w1000_14,chr1,55322618,55323617,1000,2,3,0.014681184198707342,OK,True,
qlever,r05_region_sample_genotype_counts,w1000_15,chr1,58597811,58598810,1000,2,1,0.026239562779664993,OK,True,
qlever,r05_region_sample_genotype_counts,w1000_15,chr1,58597811,58598810,1000,2,2,0.015442848671227694,OK,True,
qlever,r05_region_sample_genotype_counts,w1000_15,chr1,58597811,58598810,1000,2,3,0.015785322058945894,OK,True,
qlever,r05_region_sample_genotype_counts,w1000_16,chr1,61942877,61943876,1000,1,1,0.026478339917957783,OK,True,
qlever,r05_region_sample_genotype_counts,w1000_16,chr1,61942877,61943876,1000,1,2,0.01521078497171402,OK,True,
qlever,r05_region_sample_genotype_counts,w1000_16,chr1,61942877,61943876,1000,1,3,0.015031141694635153,OK,True,
qlever,r05_region_sample_genotype_counts,w1000_17,chr1,74952903,74953902,1000,2,1,0.025887739844620228,OK,True,
qlever,r05_region_sample_genotype_counts,w1000_17,chr1,74952903,74953902,1000,2,2,0.015348989982157946,OK,True,
qlever,r05_region_sample_genotype_counts,w1000_17,chr1,74952903,74953902,1000,2,3,0.014908002223819494,OK,True,
qlever,r05_region_sample_genotype_counts,w1000_18,chr1,10920022,10921021,1000,7,1,0.026476985774934292,OK,True,
qlever,r05_region_sample_genotype_counts,w1000_18,chr1,10920022,10921021,1000,7,2,0.0152854030020535,OK,True,
qlever,r05_region_sample_genotype_counts,w1000_18,chr1,10920022,10921021,1000,7,3,0.01537274569272995,OK,True,
qlever,r05_region_sample_genotype_counts,w1000_19,chr1,54064366,54065365,1000,1,1,0.02626602118834853,OK,True,
qlever,r05_region_sample_genotype_counts,w1000_19,chr1,54064366,54065365,1000,1,2,0.01582007808610797,OK,True,
qlever,r05_region_sample_genotype_counts,w1000_19,chr1,54064366,54065365,1000,1,3,0.01553028216585517,OK,True,
qlever,r05_region_sample_genotype_counts,w100000_00,chr1,76042312,76142311,100000,132,1,0.02938578138127923,OK,True,
qlever,r05_region_sample_genotype_counts,w100000_00,chr1,76042312,76142311,100000,132,2,0.01516061183065176,OK,True,
qlever,r05_region_sample_genotype_counts,w100000_00,chr1,76042312,76142311,100000,132,3,0.015447244979441166,OK,True,
qlever,r05_region_sample_genotype_counts,w100000_01,chr1,26177705,26277704,100000,141,1,0.029258026741445065,OK,True,
qlever,r05_region_sample_genotype_counts,w100000_01,chr1,26177705,26277704,100000,141,2,0.015451667364686728,OK,True,
qlever,r05_region_sample_genotype_counts,w100000_01,chr1,26177705,26277704,100000,141,3,0.015201864764094353,OK,True,
qlever,r05_region_sample_genotype_counts,w100000_02,chr1,76668322,76768321,100000,131,1,0.031329895835369825,OK,True,
qlever,r05_region_sample_genotype_counts,w100000_02,chr1,76668322,76768321,100000,131,2,0.01629796391353011,OK,True,
qlever,r05_region_sample_genotype_counts,w100000_02,chr1,76668322,76768321,100000,131,3,0.016883981879800558,OK,True,
qlever,r05_region_sample_genotype_counts,w100000_03,chr1,64797067,64897066,100000,153,1,0.030591231770813465,OK,True,
qlever,r05_region_sample_genotype_counts,w100000_03,chr1,64797067,64897066,100000,153,2,0.014889855869114399,OK,True,
qlever,r05_region_sample_genotype_counts,w100000_03,chr1,64797067,64897066,100000,153,3,0.014702305663377047,OK,True,
qlever,r05_region_sample_genotype_counts,w100000_04,chr1,66848110,66948109,100000,83,1,0.029421995393931866,OK,True,
qlever,r05_region_sample_genotype_counts,w100000_04,chr1,66848110,66948109,100000,83,2,0.016043483279645443,OK,True,
qlever,r05_region_sample_genotype_counts,w100000_04,chr1,66848110,66948109,100000,83,3,0.014921223279088736,OK,True,
qlever,r05_region_sample_genotype_counts,w100000_05,chr1,58175965,58275964,100000,181,1,0.03122418513521552,OK,True,
qlever,r05_region_sample_genotype_counts,w100000_05,chr1,58175965,58275964,100000,181,2,0.015958890784531832,OK,True,
qlever,r05_region_sample_genotype_counts,w100000_05,chr1,58175965,58275964,100000,181,3,0.01894271280616522,OK,True,
qlever,r05_region_sample_genotype_counts,w100000_06,chr1,41567443,41667442,100000,142,1,0.0300646242685616,OK,True,
qlever,r05_region_sample_genotype_counts,w100000_06,chr1,41567443,41667442,100000,142,2,0.015373833011835814,OK,True,
qlever,r05_region_sample_genotype_counts,w100000_06,chr1,41567443,41667442,100000,142,3,0.015486286953091621,OK,True,
qlever,r05_region_sample_genotype_counts,w100000_07,chr1,23625875,23725874,100000,143,1,0.030597892124205828,OK,True,
qlever,r05_region_sample_genotype_counts,w100000_07,chr1,23625875,23725874,100000,143,2,0.015026750974357128,OK,True,
qlever,r05_region_sample_genotype_counts,w100000_07,chr1,23625875,23725874,100000,143,3,0.014908526092767715,OK,True,
qlever,r05_region_sample_genotype_counts,w100000_08,chr1,69897964,69997963,100000,77,1,0.028440420050173998,OK,True,
qlever,r05_region_sample_genotype_counts,w100000_08,chr1,69897964,69997963,100000,77,2,0.015949755907058716,OK,True,
qlever,r05_region_sample_genotype_counts,w100000_08,chr1,69897964,69997963,100000,77,3,0.01462662173435092,OK,True,
qlever,r05_region_sample_genotype_counts,w100000_09,chr1,63664508,63764507,100000,287,1,0.035402634646743536,OK,True,
qlever,r05_region_sample_genotype_counts,w100000_09,chr1,63664508,63764507,100000,287,2,0.01654549827799201,OK,True,
qlever,r05_region_sample_genotype_counts,w100000_09,chr1,63664508,63764507,100000,287,3,0.015146573074162006,OK,True,
qlever,r05_region_sample_genotype_counts,w100000_10,chr1,15518874,15618873,100000,146,1,0.030403427314013243,OK,True,
qlever,r05_region_sample_genotype_counts,w100000_10,chr1,15518874,15618873,100000,146,2,0.015359211713075638,OK,True,
qlever,r05_region_sample_genotype_counts,w100000_10,chr1,15518874,15618873,100000,146,3,0.016938074957579374,OK,True,
qlever,r05_region_sample_genotype_counts,w100000_11,chr1,23996836,24096835,100000,343,1,0.039115008898079395,OK,True,
qlever,r05_region_sample_genotype_counts,w100000_11,chr1,23996836,24096835,100000,343,2,0.016749737784266472,OK,True,
qlever,r05_region_sample_genotype_counts,w100000_11,chr1,23996836,24096835,100000,343,3,0.01584616396576166,OK,True,
qlever,r05_region_sample_genotype_counts,w100000_12,chr1,56566795,56666794,100000,139,1,0.02992638200521469,OK,True,
qlever,r05_region_sample_genotype_counts,w100000_12,chr1,56566795,56666794,100000,139,2,0.014841088559478521,OK,True,
qlever,r05_region_sample_genotype_counts,w100000_12,chr1,56566795,56666794,100000,139,3,0.015407885890454054,OK,True,
qlever,r05_region_sample_genotype_counts,w100000_13,chr1,24058646,24158645,100000,214,1,0.030426086392253637,OK,True,
qlever,r05_region_sample_genotype_counts,w100000_13,chr1,24058646,24158645,100000,214,2,0.015450863633304834,OK,True,
qlever,r05_region_sample_genotype_counts,w100000_13,chr1,24058646,24158645,100000,214,3,0.015320652164518833,OK,True,
qlever,r05_region_sample_genotype_counts,w100000_14,chr1,3105927,3205926,100000,226,1,0.03220470296218991,OK,True,
qlever,r05_region_sample_genotype_counts,w100000_14,chr1,3105927,3205926,100000,226,2,0.015458825044333935,OK,True,
qlever,r05_region_sample_genotype_counts,w100000_14,chr1,3105927,3205926,100000,226,3,0.015262615401297808,OK,True,
qlever,r05_region_sample_genotype_counts,w100000_15,chr1,54865968,54965967,100000,181,1,0.03106730803847313,OK,True,
qlever,r05_region_sample_genotype_counts,w100000_15,chr1,54865968,54965967,100000,181,2,0.014922454953193665,OK,True,
qlever,r05_region_sample_genotype_counts,w100000_15,chr1,54865968,54965967,100000,181,3,0.015412435866892338,OK,True,
qlever,r05_region_sample_genotype_counts,w100000_16,chr1,58852100,58952099,100000,79,1,0.029313734732568264,OK,True,
qlever,r05_region_sample_genotype_counts,w100000_16,chr1,58852100,58952099,100000,79,2,0.015383327845484018,OK,True,
qlever,r05_region_sample_genotype_counts,w100000_16,chr1,58852100,58952099,100000,79,3,0.015781948808580637,OK,True,
qlever,r05_region_sample_genotype_counts,w100000_17,chr1,77570681,77670680,100000,81,1,0.02982298331335187,OK,True,
qlever,r05_region_sample_genotype_counts,w100000_17,chr1,77570681,77670680,100000,81,2,0.01626523118466139,OK,True,
qlever,r05_region_sample_genotype_counts,w100000_17,chr1,77570681,77670680,100000,81,3,0.016329689882695675,OK,True,
qlever,r05_region_sample_genotype_counts,w100000_18,chr1,66388887,66488886,100000,196,1,0.03216203907504678,OK,True,
qlever,r05_region_sample_genotype_counts,w100000_18,chr1,66388887,66488886,100000,196,2,0.016755965072661638,OK,True,
qlever,r05_region_sample_genotype_counts,w100000_18,chr1,66388887,66488886,100000,196,3,0.014545420184731483,OK,True,
qlever,r05_region_sample_genotype_counts,w100000_19,chr1,5319806,5419805,100000,87,1,0.028902878053486347,OK,True,
qlever,r05_region_sample_genotype_counts,w100000_19,chr1,5319806,5419805,100000,87,2,0.015226793009787798,OK,True,
qlever,r05_region_sample_genotype_counts,w100000_19,chr1,5319806,5419805,100000,87,3,0.0197273469530046,OK,True,
qlever,r05_region_sample_genotype_counts,w1000000_00,chr1,42846822,43846821,1000000,1112,1,0.047384188044816256,OK,True,
qlever,r05_region_sample_genotype_counts,w1000000_00,chr1,42846822,43846821,1000000,1112,2,0.016288334038108587,OK,True,
qlever,r05_region_sample_genotype_counts,w1000000_00,chr1,42846822,43846821,1000000,1112,3,0.01496399799361825,OK,True,
qlever,r05_region_sample_genotype_counts,w1000000_01,chr1,9034070,10034069,1000000,1143,1,0.048465989995747805,OK,True,
qlever,r05_region_sample_genotype_counts,w1000000_01,chr1,9034070,10034069,1000000,1143,2,0.01589983468875289,OK,True,
qlever,r05_region_sample_genotype_counts,w1000000_01,chr1,9034070,10034069,1000000,1143,3,0.014566475059837103,OK,True,
qlever,r05_region_sample_genotype_counts,w1000000_02,chr1,54809885,55809884,1000000,1670,1,0.06008916301652789,OK,True,
qlever,r05_region_sample_genotype_counts,w1000000_02,chr1,54809885,55809884,1000000,1670,2,0.01491128420457244,OK,True,
qlever,r05_region_sample_genotype_counts,w1000000_02,chr1,54809885,55809884,1000000,1670,3,0.01467575365677476,OK,True,
qlever,r05_region_sample_genotype_counts,w1000000_03,chr1,55795141,56795140,1000000,1824,1,0.05860023899003863,OK,True,
qlever,r05_region_sample_genotype_counts,w1000000_03,chr1,55795141,56795140,1000000,1824,2,0.015245444606989622,OK,True,
qlever,r05_region_sample_genotype_counts,w1000000_03,chr1,55795141,56795140,1000000,1824,3,0.015868603717535734,OK,True,
qlever,r05_region_sample_genotype_counts,w1000000_04,chr1,11734309,12734308,1000000,950,1,0.0450398656539619,OK,True,
qlever,r05_region_sample_genotype_counts,w1000000_04,chr1,11734309,12734308,1000000,950,2,0.015176343265920877,OK,True,
qlever,r05_region_sample_genotype_counts,w1000000_04,chr1,11734309,12734308,1000000,950,3,0.014569194987416267,OK,True,
qlever,r05_region_sample_genotype_counts,w1000000_05,chr1,28814643,29814642,1000000,1348,1,0.05341844027861953,OK,True,
qlever,r05_region_sample_genotype_counts,w1000000_05,chr1,28814643,29814642,1000000,1348,2,0.014619422145187855,OK,True,
qlever,r05_region_sample_genotype_counts,w1000000_05,chr1,28814643,29814642,1000000,1348,3,0.015485531184822321,OK,True,
qlever,r05_region_sample_genotype_counts,w1000000_06,chr1,47354520,48354519,1000000,1253,1,0.04933282872661948,OK,True,
qlever,r05_region_sample_genotype_counts,w1000000_06,chr1,47354520,48354519,1000000,1253,2,0.015262330882251263,OK,True,
qlever,r05_region_sample_genotype_counts,w1000000_06,chr1,47354520,48354519,1000000,1253,3,0.014564829878509045,OK,True,
qlever,r05_region_sample_genotype_counts,w1000000_07,chr1,35782931,36782930,1000000,868,1,0.04298179782927036,OK,True,
qlever,r05_region_sample_genotype_counts,w1000000_07,chr1,35782931,36782930,1000000,868,2,0.014703340828418732,OK,True,
qlever,r05_region_sample_genotype_counts,w1000000_07,chr1,35782931,36782930,1000000,868,3,0.014666713774204254,OK,True,
qlever,r05_region_sample_genotype_counts,w1000000_08,chr1,5611726,6611725,1000000,1261,1,0.05382418679073453,OK,True,
qlever,r05_region_sample_genotype_counts,w1000000_08,chr1,5611726,6611725,1000000,1261,2,0.015092859975993633,OK,True,
qlever,r05_region_sample_genotype_counts,w1000000_08,chr1,5611726,6611725,1000000,1261,3,0.014343896880745888,OK,True,
qlever,r05_region_sample_genotype_counts,w1000000_09,chr1,17930348,18930347,1000000,1491,1,0.05312230624258518,OK,True,
qlever,r05_region_sample_genotype_counts,w1000000_09,chr1,17930348,18930347,1000000,1491,2,0.014917863067239523,OK,True,
qlever,r05_region_sample_genotype_counts,w1000000_09,chr1,17930348,18930347,1000000,1491,3,0.015242088120430708,OK,True,
qlever,r05_region_sample_genotype_counts,w1000000_10,chr1,58656617,59656616,1000000,1262,1,0.04954402707517147,OK,True,
qlever,r05_region_sample_genotype_counts,w1000000_10,chr1,58656617,59656616,1000000,1262,2,0.014976679347455502,OK,True,
qlever,r05_region_sample_genotype_counts,w1000000_10,chr1,58656617,59656616,1000000,1262,3,0.015278125181794167,OK,True,
qlever,r05_region_sample_genotype_counts,w1000000_11,chr1,20579658,21579657,1000000,1246,1,0.049362997990101576,OK,True,
qlever,r05_region_sample_genotype_counts,w1000000_11,chr1,20579658,21579657,1000000,1246,2,0.015165753196924925,OK,True,
qlever,r05_region_sample_genotype_counts,w1000000_11,chr1,20579658,21579657,1000000,1246,3,0.015425831079483032,OK,True,
qlever,r05_region_sample_genotype_counts,w1000000_12,chr1,66774094,67774093,1000000,1548,1,0.057142630219459534,OK,True,
qlever,r05_region_sample_genotype_counts,w1000000_12,chr1,66774094,67774093,1000000,1548,2,0.014556291978806257,OK,True,
qlever,r05_region_sample_genotype_counts,w1000000_12,chr1,66774094,67774093,1000000,1548,3,0.01474751764908433,OK,True,
qlever,r05_region_sample_genotype_counts,w1000000_13,chr1,53330427,54330426,1000000,1337,1,0.05335828475654125,OK,True,
qlever,r05_region_sample_genotype_counts,w1000000_13,chr1,53330427,54330426,1000000,1337,2,0.01501162676140666,OK,True,
qlever,r05_region_sample_genotype_counts,w1000000_13,chr1,53330427,54330426,1000000,1337,3,0.014241661876440048,OK,True,
qlever,r05_region_sample_genotype_counts,w1000000_14,chr1,34457222,35457221,1000000,1194,1,0.052742091938853264,OK,True,
qlever,r05_region_sample_genotype_counts,w1000000_14,chr1,34457222,35457221,1000000,1194,2,0.01541829016059637,OK,True,
qlever,r05_region_sample_genotype_counts,w1000000_14,chr1,34457222,35457221,1000000,1194,3,0.014974209945648909,OK,True,
qlever,r05_region_sample_genotype_counts,w1000000_15,chr1,6173132,7173131,1000000,906,1,0.04744316916912794,OK,True,
qlever,r05_region_sample_genotype_counts,w1000000_15,chr1,6173132,7173131,1000000,906,2,0.015030073933303356,OK,True,
qlever,r05_region_sample_genotype_counts,w1000000_15,chr1,6173132,7173131,1000000,906,3,0.014680057298392057,OK,True,
qlever,r05_region_sample_genotype_counts,w1000000_16,chr1,34054184,35054183,1000000,1668,1,0.05667269881814718,OK,True,
qlever,r05_region_sample_genotype_counts,w1000000_16,chr1,34054184,35054183,1000000,1668,2,0.015089113730937243,OK,True,
qlever,r05_region_sample_genotype_counts,w1000000_16,chr1,34054184,35054183,1000000,1668,3,0.014873660635203123,OK,True,
qlever,r05_region_sample_genotype_counts,w1000000_17,chr1,15193776,16193775,1000000,1521,1,0.054179680068045855,OK,True,
qlever,r05_region_sample_genotype_counts,w1000000_17,chr1,15193776,16193775,1000000,1521,2,0.01564586302265525,OK,True,
qlever,r05_region_sample_genotype_counts,w1000000_17,chr1,15193776,16193775,1000000,1521,3,0.01549596432596445,OK,True,
qlever,r05_region_sample_genotype_counts,w1000000_18,chr1,43583485,44583484,1000000,1108,1,0.046486944891512394,OK,True,
qlever,r05_region_sample_genotype_counts,w1000000_18,chr1,43583485,44583484,1000000,1108,2,0.01482982188463211,OK,True,
qlever,r05_region_sample_genotype_counts,w1000000_18,chr1,43583485,44583484,1000000,1108,3,0.01714581483975053,OK,True,
qlever,r05_region_sample_genotype_counts,w1000000_19,chr1,58570714,59570713,1000000,1451,1,0.05234614294022322,OK,True,
qlever,r05_region_sample_genotype_counts,w1000000_19,chr1,58570714,59570713,1000000,1451,2,0.015249403659254313,OK,True,
qlever,r05_region_sample_genotype_counts,w1000000_19,chr1,58570714,59570713,1000000,1451,3,0.01485953712835908,OK,True,
qlever,r05_region_sample_genotype_counts,w10000000_00,chr1,36023355,46023354,10000000,11510,1,0.2275385158136487,OK,True,
qlever,r05_region_sample_genotype_counts,w10000000_00,chr1,36023355,46023354,10000000,11510,2,0.015690811909735203,OK,True,
qlever,r05_region_sample_genotype_counts,w10000000_00,chr1,36023355,46023354,10000000,11510,3,0.01609176117926836,OK,True,
qlever,r05_region_sample_genotype_counts,w10000000_01,chr1,57527385,67527384,10000000,14820,1,0.2849938222207129,OK,True,
qlever,r05_region_sample_genotype_counts,w10000000_01,chr1,57527385,67527384,10000000,14820,2,0.015068218111991882,OK,True,
qlever,r05_region_sample_genotype_counts,w10000000_01,chr1,57527385,67527384,10000000,14820,3,0.015690666157752275,OK,True,
qlever,r05_region_sample_genotype_counts,w10000000_02,chr1,63680811,73680810,10000000,13676,1,0.2750286269001663,OK,True,
qlever,r05_region_sample_genotype_counts,w10000000_02,chr1,63680811,73680810,10000000,13676,2,0.015491016674786806,OK,True,
qlever,r05_region_sample_genotype_counts,w10000000_02,chr1,63680811,73680810,10000000,13676,3,0.014796646777540445,OK,True,
qlever,r05_region_sample_genotype_counts,w10000000_03,chr1,53679378,63679377,10000000,14787,1,0.2949014510959387,OK,True,
qlever,r05_region_sample_genotype_counts,w10000000_03,chr1,53679378,63679377,10000000,14787,2,0.015345590189099312,OK,True,
qlever,r05_region_sample_genotype_counts,w10000000_03,chr1,53679378,63679377,10000000,14787,3,0.015498392283916473,OK,True,
qlever,r05_region_sample_genotype_counts,w10000000_04,chr1,60690498,70690497,10000000,14398,1,0.28061160584911704,OK,True,
qlever,r05_region_sample_genotype_counts,w10000000_04,chr1,60690498,70690497,10000000,14398,2,0.017063116189092398,OK,True,
qlever,r05_region_sample_genotype_counts,w10000000_04,chr1,60690498,70690497,10000000,14398,3,0.015647475142031908,OK,True,
qlever,r05_region_sample_genotype_counts,w10000000_05,chr1,47428546,57428545,10000000,11289,1,0.23057598993182182,OK,True,
qlever,r05_region_sample_genotype_counts,w10000000_05,chr1,47428546,57428545,10000000,11289,2,0.015358900651335716,OK,True,
qlever,r05_region_sample_genotype_counts,w10000000_05,chr1,47428546,57428545,10000000,11289,3,0.015855956822633743,OK,True,
qlever,r05_region_sample_genotype_counts,w10000000_06,chr1,22030736,32030735,10000000,12991,1,0.2573357792571187,OK,True,
qlever,r05_region_sample_genotype_counts,w10000000_06,chr1,22030736,32030735,10000000,12991,2,0.0159100997261703,OK,True,
qlever,r05_region_sample_genotype_counts,w10000000_06,chr1,22030736,32030735,10000000,12991,3,0.015179827809333801,OK,True,
qlever,r05_region_sample_genotype_counts,w10000000_07,chr1,34252401,44252400,10000000,11717,1,0.23196938494220376,OK,True,
qlever,r05_region_sample_genotype_counts,w10000000_07,chr1,34252401,44252400,10000000,11717,2,0.015679472126066685,OK,True,
qlever,r05_region_sample_genotype_counts,w10000000_07,chr1,34252401,44252400,10000000,11717,3,0.01498185284435749,OK,True,
qlever,r05_region_sample_genotype_counts,w10000000_08,chr1,58528508,68528507,10000000,14502,1,0.28335146605968475,OK,True,
qlever,r05_region_sample_genotype_counts,w10000000_08,chr1,58528508,68528507,10000000,14502,2,0.01514127291738987,OK,True,
qlever,r05_region_sample_genotype_counts,w10000000_08,chr1,58528508,68528507,10000000,14502,3,0.015848963987082243,OK,True,
qlever,r05_region_sample_genotype_counts,w10000000_09,chr1,51917411,61917410,10000000,13900,1,0.2708150977268815,OK,True,
qlever,r05_region_sample_genotype_counts,w10000000_09,chr1,51917411,61917410,10000000,13900,2,0.015590862836688757,OK,True,
qlever,r05_region_sample_genotype_counts,w10000000_09,chr1,51917411,61917410,10000000,13900,3,0.015383795835077763,OK,True,
qlever,r05_region_sample_genotype_counts,w10000000_10,chr1,17106918,27106917,10000000,14199,1,0.28615694819018245,OK,True,
qlever,r05_region_sample_genotype_counts,w10000000_10,chr1,17106918,27106917,10000000,14199,2,0.017812719102948904,OK,True,
qlever,r05_region_sample_genotype_counts,w10000000_10,chr1,17106918,27106917,10000000,14199,3,0.016953076235949993,OK,True,
qlever,r05_region_sample_genotype_counts,w10000000_11,chr1,43275553,53275552,10000000,9415,1,0.19973876560106874,OK,True,
qlever,r05_region_sample_genotype_counts,w10000000_11,chr1,43275553,53275552,10000000,9415,2,0.015231150202453136,OK,True,
qlever,r05_region_sample_genotype_counts,w10000000_11,chr1,43275553,53275552,10000000,9415,3,0.014307036064565182,OK,True,
qlever,r05_region_sample_genotype_counts,w10000000_12,chr1,75394691,85394690,10000000,3288,1,0.08458226220682263,OK,True,
qlever,r05_region_sample_genotype_counts,w10000000_12,chr1,75394691,85394690,10000000,3288,2,0.015527715906500816,OK,True,
qlever,r05_region_sample_genotype_counts,w10000000_12,chr1,75394691,85394690,10000000,3288,3,0.014450625982135534,OK,True,
qlever,r05_region_sample_genotype_counts,w10000000_13,chr1,40866716,50866715,10000000,10786,1,0.21855906676501036,OK,True,
qlever,r05_region_sample_genotype_counts,w10000000_13,chr1,40866716,50866715,10000000,10786,2,0.015512301586568356,OK,True,
qlever,r05_region_sample_genotype_counts,w10000000_13,chr1,40866716,50866715,10000000,10786,3,0.014800026081502438,OK,True,
qlever,r05_region_sample_genotype_counts,w10000000_14,chr1,54182280,64182279,10000000,14941,1,0.2836164119653404,OK,True,
qlever,r05_region_sample_genotype_counts,w10000000_14,chr1,54182280,64182279,10000000,14941,2,0.014620024710893631,OK,True,
qlever,r05_region_sample_genotype_counts,w10000000_14,chr1,54182280,64182279,10000000,14941,3,0.014962313696742058,OK,True,
qlever,r05_region_sample_genotype_counts,w10000000_15,chr1,22053178,32053177,10000000,12910,1,0.24890253972262144,OK,True,
qlever,r05_region_sample_genotype_counts,w10000000_15,chr1,22053178,32053177,10000000,12910,2,0.01633959822356701,OK,True,
qlever,r05_region_sample_genotype_counts,w10000000_15,chr1,22053178,32053177,10000000,12910,3,0.015233483165502548,OK,True,
qlever,r05_region_sample_genotype_counts,w10000000_16,chr1,65680356,75680355,10000000,13295,1,0.26312932604923844,OK,True,
qlever,r05_region_sample_genotype_counts,w10000000_16,chr1,65680356,75680355,10000000,13295,2,0.015641365200281143,OK,True,
qlever,r05_region_sample_genotype_counts,w10000000_16,chr1,65680356,75680355,10000000,13295,3,0.015776302199810743,OK,True,
qlever,r05_region_sample_genotype_counts,w10000000_17,chr1,30270070,40270069,10000000,12583,1,0.2509149629622698,OK,True,
qlever,r05_region_sample_genotype_counts,w10000000_17,chr1,30270070,40270069,10000000,12583,2,0.015033124946057796,OK,True,
qlever,r05_region_sample_genotype_counts,w10000000_17,chr1,30270070,40270069,10000000,12583,3,0.015686231199651957,OK,True,
qlever,r05_region_sample_genotype_counts,w10000000_18,chr1,42283662,52283661,10000000,9628,1,0.20856287516653538,OK,True,
qlever,r05_region_sample_genotype_counts,w10000000_18,chr1,42283662,52283661,10000000,9628,2,0.01630299398675561,OK,True,
qlever,r05_region_sample_genotype_counts,w10000000_18,chr1,42283662,52283661,10000000,9628,3,0.017056725919246674,OK,True,
qlever,r05_region_sample_genotype_counts,w10000000_19,chr1,61622305,71622304,10000000,14407,1,0.309967037755996,OK,True,
qlever,r05_region_sample_genotype_counts,w10000000_19,chr1,61622305,71622304,10000000,14407,2,0.01603865809738636,OK,True,
qlever,r05_region_sample_genotype_counts,w10000000_19,chr1,61622305,71622304,10000000,14407,3,0.014800420962274075,OK,True,
