TSV conversion: HG005_GRCh38_1_22_v4.2.1_benchmark: started
TSV conversion: HG005_GRCh38_1_22_v4.2.1_benchmark: finished
RMLStreamer: HG005_GRCh38_1_22_v4.2.1_benchmark: started
  RMLStreamer: HG005_GRCh38_1_22_v4.2.1_benchmark: rmlstreamer started — 0 B · 0 parts
  RMLStreamer: HG005_GRCh38_1_22_v4.2.1_benchmark: rmlstreamer heartbeat — 0 B · 0 parts
  RMLStreamer: HG005_GRCh38_1_22_v4.2.1_benchmark: rmlstreamer heartbeat — 3.85 MB · 8 parts
  RMLStreamer: HG005_GRCh38_1_22_v4.2.1_benchmark: rmlstreamer heartbeat — 24.70 MB · 8 parts
  RMLStreamer: HG005_GRCh38_1_22_v4.2.1_benchmark: rmlstreamer heartbeat — 40.98 MB · 8 parts
  RMLStreamer: HG005_GRCh38_1_22_v4.2.1_benchmark: rmlstreamer heartbeat — 80.31 MB · 8 parts
  RMLStreamer: HG005_GRCh38_1_22_v4.2.1_benchmark: rmlstreamer heartbeat — 128.48 MB · 8 parts
  RMLStreamer: HG005_GRCh38_1_22_v4.2.1_benchmark: rmlstreamer heartbeat — 178.37 MB · 8 parts
  RMLStreamer: HG005_GRCh38_1_22_v4.2.1_benchmark: rmlstreamer heartbeat — 226.83 MB · 8 parts
  RMLStreamer: HG005_GRCh38_1_22_v4.2.1_benchmark: rmlstreamer heartbeat — 276.79 MB · 8 parts
  RMLStreamer: HG005_GRCh38_1_22_v4.2.1_benchmark: rmlstreamer heartbeat — 325.35 MB · 8 parts
  RMLStreamer: HG005_GRCh38_1_22_v4.2.1_benchmark: rmlstreamer heartbeat — 377.70 MB · 8 parts
  RMLStreamer: HG005_GRCh38_1_22_v4.2.1_benchmark: rmlstreamer heartbeat — 426.79 MB · 8 parts
  RMLStreamer: HG005_GRCh38_1_22_v4.2.1_benchmark: rmlstreamer heartbeat — 477.13 MB · 8 parts
  RMLStreamer: HG005_GRCh38_1_22_v4.2.1_benchmark: rmlstreamer heartbeat — 525.47 MB · 8 parts
  RMLStreamer: HG005_GRCh38_1_22_v4.2.1_benchmark: rmlstreamer heartbeat — 576.06 MB · 8 parts
  RMLStreamer: HG005_GRCh38_1_22_v4.2.1_benchmark: rmlstreamer heartbeat — 627.59 MB · 8 parts
  RMLStreamer: HG005_GRCh38_1_22_v4.2.1_benchmark: rmlstreamer heartbeat — 676.89 MB · 8 parts
  RMLStreamer: HG005_GRCh38_1_22_v4.2.1_benchmark: rmlstreamer heartbeat — 727.45 MB · 8 parts
  RMLStreamer: HG005_GRCh38_1_22_v4.2.1_benchmark: rmlstreamer heartbeat — 774.04 MB · 8 parts
  RMLStreamer: HG005_GRCh38_1_22_v4.2.1_benchmark: rmlstreamer heartbeat — 825.90 MB · 8 parts
  RMLStreamer: HG005_GRCh38_1_22_v4.2.1_benchmark: rmlstreamer heartbeat — 876.24 MB · 8 parts
  RMLStreamer: HG005_GRCh38_1_22_v4.2.1_benchmark: rmlstreamer heartbeat — 926.62 MB · 8 parts
  RMLStreamer: HG005_GRCh38_1_22_v4.2.1_benchmark: rmlstreamer heartbeat — 979.02 MB · 8 parts
  RMLStreamer: HG005_GRCh38_1_22_v4.2.1_benchmark: rmlstreamer heartbeat — 1.01 GB · 8 parts
  RMLStreamer: HG005_GRCh38_1_22_v4.2.1_benchmark: rmlstreamer heartbeat — 1.05 GB · 8 parts
  RMLStreamer: HG005_GRCh38_1_22_v4.2.1_benchmark: rmlstreamer heartbeat — 1.10 GB · 8 parts
  RMLStreamer: HG005_GRCh38_1_22_v4.2.1_benchmark: rmlstreamer heartbeat — 1.15 GB · 8 parts
  RMLStreamer: HG005_GRCh38_1_22_v4.2.1_benchmark: rmlstreamer heartbeat — 1.20 GB · 8 parts
  RMLStreamer: HG005_GRCh38_1_22_v4.2.1_benchmark: rmlstreamer heartbeat — 1.25 GB · 8 parts
  RMLStreamer: HG005_GRCh38_1_22_v4.2.1_benchmark: rmlstreamer heartbeat — 1.30 GB · 8 parts
  RMLStreamer: HG005_GRCh38_1_22_v4.2.1_benchmark: rmlstreamer heartbeat — 1.35 GB · 8 parts
  RMLStreamer: HG005_GRCh38_1_22_v4.2.1_benchmark: rmlstreamer heartbeat — 1.40 GB · 8 parts
  RMLStreamer: HG005_GRCh38_1_22_v4.2.1_benchmark: rmlstreamer heartbeat — 1.45 GB · 8 parts
  RMLStreamer: HG005_GRCh38_1_22_v4.2.1_benchmark: rmlstreamer heartbeat — 1.50 GB · 8 parts
  RMLStreamer: HG005_GRCh38_1_22_v4.2.1_benchmark: rmlstreamer heartbeat — 1.55 GB · 8 parts
  RMLStreamer: HG005_GRCh38_1_22_v4.2.1_benchmark: rmlstreamer heartbeat — 1.60 GB · 8 parts
  RMLStreamer: HG005_GRCh38_1_22_v4.2.1_benchmark: rmlstreamer heartbeat — 1.65 GB · 8 parts
  RMLStreamer: HG005_GRCh38_1_22_v4.2.1_benchmark: rmlstreamer heartbeat — 1.70 GB · 8 parts
  RMLStreamer: HG005_GRCh38_1_22_v4.2.1_benchmark: rmlstreamer heartbeat — 1.74 GB · 8 parts
  RMLStreamer: HG005_GRCh38_1_22_v4.2.1_benchmark: rmlstreamer heartbeat — 1.79 GB · 8 parts
  RMLStreamer: HG005_GRCh38_1_22_v4.2.1_benchmark: rmlstreamer heartbeat — 1.84 GB · 8 parts
  RMLStreamer: HG005_GRCh38_1_22_v4.2.1_benchmark: rmlstreamer heartbeat — 1.89 GB · 8 parts
  RMLStreamer: HG005_GRCh38_1_22_v4.2.1_benchmark: rmlstreamer heartbeat — 1.94 GB · 8 parts
  RMLStreamer: HG005_GRCh38_1_22_v4.2.1_benchmark: rmlstreamer heartbeat — 1.99 GB · 8 parts
  RMLStreamer: HG005_GRCh38_1_22_v4.2.1_benchmark: rmlstreamer heartbeat — 2.04 GB · 8 parts
  RMLStreamer: HG005_GRCh38_1_22_v4.2.1_benchmark: rmlstreamer heartbeat — 2.09 GB · 8 parts
  RMLStreamer: HG005_GRCh38_1_22_v4.2.1_benchmark: rmlstreamer heartbeat — 2.14 GB · 8 parts
  RMLStreamer: HG005_GRCh38_1_22_v4.2.1_benchmark: rmlstreamer heartbeat — 2.19 GB · 8 parts
  RMLStreamer: HG005_GRCh38_1_22_v4.2.1_benchmark: rmlstreamer heartbeat — 2.24 GB · 8 parts
  RMLStreamer: HG005_GRCh38_1_22_v4.2.1_benchmark: rmlstreamer heartbeat — 2.29 GB · 8 parts
  RMLStreamer: HG005_GRCh38_1_22_v4.2.1_benchmark: rmlstreamer heartbeat — 2.34 GB · 8 parts
  RMLStreamer: HG005_GRCh38_1_22_v4.2.1_benchmark: rmlstreamer heartbeat — 2.39 GB · 8 parts
  RMLStreamer: HG005_GRCh38_1_22_v4.2.1_benchmark: rmlstreamer heartbeat — 2.44 GB · 8 parts
  RMLStreamer: HG005_GRCh38_1_22_v4.2.1_benchmark: rmlstreamer heartbeat — 2.49 GB · 8 parts
  RMLStreamer: HG005_GRCh38_1_22_v4.2.1_benchmark: rmlstreamer heartbeat — 2.53 GB · 8 parts
  RMLStreamer: HG005_GRCh38_1_22_v4.2.1_benchmark: rmlstreamer heartbeat — 2.58 GB · 8 parts
  RMLStreamer: HG005_GRCh38_1_22_v4.2.1_benchmark: rmlstreamer heartbeat — 2.63 GB · 8 parts
  RMLStreamer: HG005_GRCh38_1_22_v4.2.1_benchmark: rmlstreamer heartbeat — 2.68 GB · 8 parts
  RMLStreamer: HG005_GRCh38_1_22_v4.2.1_benchmark: rmlstreamer heartbeat — 2.73 GB · 8 parts
  RMLStreamer: HG005_GRCh38_1_22_v4.2.1_benchmark: rmlstreamer heartbeat — 2.78 GB · 8 parts
  RMLStreamer: HG005_GRCh38_1_22_v4.2.1_benchmark: rmlstreamer heartbeat — 2.83 GB · 8 parts
  RMLStreamer: HG005_GRCh38_1_22_v4.2.1_benchmark: rmlstreamer heartbeat — 2.88 GB · 8 parts
  RMLStreamer: HG005_GRCh38_1_22_v4.2.1_benchmark: rmlstreamer heartbeat — 2.93 GB · 8 parts
  RMLStreamer: HG005_GRCh38_1_22_v4.2.1_benchmark: rmlstreamer heartbeat — 2.98 GB · 8 parts
  RMLStreamer: HG005_GRCh38_1_22_v4.2.1_benchmark: rmlstreamer heartbeat — 3.03 GB · 8 parts
  RMLStreamer: HG005_GRCh38_1_22_v4.2.1_benchmark: rmlstreamer heartbeat — 3.08 GB · 8 parts
  RMLStreamer: HG005_GRCh38_1_22_v4.2.1_benchmark: rmlstreamer heartbeat — 3.13 GB · 8 parts
  RMLStreamer: HG005_GRCh38_1_22_v4.2.1_benchmark: rmlstreamer heartbeat — 3.18 GB · 8 parts
  RMLStreamer: HG005_GRCh38_1_22_v4.2.1_benchmark: rmlstreamer heartbeat — 3.23 GB · 8 parts
  RMLStreamer: HG005_GRCh38_1_22_v4.2.1_benchmark: rmlstreamer heartbeat — 3.27 GB · 8 parts
  RMLStreamer: HG005_GRCh38_1_22_v4.2.1_benchmark: rmlstreamer heartbeat — 3.32 GB · 8 parts
  RMLStreamer: HG005_GRCh38_1_22_v4.2.1_benchmark: rmlstreamer heartbeat — 3.37 GB · 8 parts
  RMLStreamer: HG005_GRCh38_1_22_v4.2.1_benchmark: rmlstreamer heartbeat — 3.42 GB · 8 parts
  RMLStreamer: HG005_GRCh38_1_22_v4.2.1_benchmark: rmlstreamer heartbeat — 3.48 GB · 8 parts
  RMLStreamer: HG005_GRCh38_1_22_v4.2.1_benchmark: rmlstreamer heartbeat — 3.53 GB · 8 parts
  RMLStreamer: HG005_GRCh38_1_22_v4.2.1_benchmark: rmlstreamer heartbeat — 3.57 GB · 8 parts
  RMLStreamer: HG005_GRCh38_1_22_v4.2.1_benchmark: rmlstreamer heartbeat — 3.62 GB · 8 parts
  RMLStreamer: HG005_GRCh38_1_22_v4.2.1_benchmark: rmlstreamer heartbeat — 3.67 GB · 8 parts
  RMLStreamer: HG005_GRCh38_1_22_v4.2.1_benchmark: rmlstreamer heartbeat — 3.72 GB · 8 parts
  RMLStreamer: HG005_GRCh38_1_22_v4.2.1_benchmark: rmlstreamer heartbeat — 3.77 GB · 8 parts
  RMLStreamer: HG005_GRCh38_1_22_v4.2.1_benchmark: rmlstreamer heartbeat — 3.82 GB · 8 parts
  RMLStreamer: HG005_GRCh38_1_22_v4.2.1_benchmark: rmlstreamer heartbeat — 3.87 GB · 8 parts
  RMLStreamer: HG005_GRCh38_1_22_v4.2.1_benchmark: rmlstreamer heartbeat — 3.92 GB · 8 parts
  RMLStreamer: HG005_GRCh38_1_22_v4.2.1_benchmark: rmlstreamer heartbeat — 3.97 GB · 8 parts
  RMLStreamer: HG005_GRCh38_1_22_v4.2.1_benchmark: rmlstreamer heartbeat — 4.02 GB · 8 parts
  RMLStreamer: HG005_GRCh38_1_22_v4.2.1_benchmark: rmlstreamer heartbeat — 4.07 GB · 8 parts
  RMLStreamer: HG005_GRCh38_1_22_v4.2.1_benchmark: rmlstreamer heartbeat — 4.11 GB · 8 parts
  RMLStreamer: HG005_GRCh38_1_22_v4.2.1_benchmark: rmlstreamer heartbeat — 4.16 GB · 8 parts
  RMLStreamer: HG005_GRCh38_1_22_v4.2.1_benchmark: rmlstreamer heartbeat — 4.21 GB · 8 parts
  RMLStreamer: HG005_GRCh38_1_22_v4.2.1_benchmark: rmlstreamer heartbeat — 4.27 GB · 8 parts
  RMLStreamer: HG005_GRCh38_1_22_v4.2.1_benchmark: rmlstreamer heartbeat — 4.32 GB · 8 parts
  RMLStreamer: HG005_GRCh38_1_22_v4.2.1_benchmark: rmlstreamer heartbeat — 4.37 GB · 8 parts
  RMLStreamer: HG005_GRCh38_1_22_v4.2.1_benchmark: rmlstreamer heartbeat — 4.42 GB · 8 parts
  RMLStreamer: HG005_GRCh38_1_22_v4.2.1_benchmark: rmlstreamer heartbeat — 4.47 GB · 8 parts
  RMLStreamer: HG005_GRCh38_1_22_v4.2.1_benchmark: rmlstreamer heartbeat — 4.52 GB · 8 parts
  RMLStreamer: HG005_GRCh38_1_22_v4.2.1_benchmark: rmlstreamer heartbeat — 4.57 GB · 8 parts
  RMLStreamer: HG005_GRCh38_1_22_v4.2.1_benchmark: rmlstreamer heartbeat — 4.62 GB · 8 parts
  RMLStreamer: HG005_GRCh38_1_22_v4.2.1_benchmark: rmlstreamer heartbeat — 4.67 GB · 8 parts
  RMLStreamer: HG005_GRCh38_1_22_v4.2.1_benchmark: rmlstreamer heartbeat — 4.72 GB · 8 parts
  RMLStreamer: HG005_GRCh38_1_22_v4.2.1_benchmark: rmlstreamer heartbeat — 4.77 GB · 8 parts
  RMLStreamer: HG005_GRCh38_1_22_v4.2.1_benchmark: rmlstreamer heartbeat — 4.81 GB · 8 parts
  RMLStreamer: HG005_GRCh38_1_22_v4.2.1_benchmark: rmlstreamer heartbeat — 4.84 GB · 8 parts
  RMLStreamer: HG005_GRCh38_1_22_v4.2.1_benchmark: rmlstreamer heartbeat — 4.84 GB · 8 parts
  RMLStreamer: HG005_GRCh38_1_22_v4.2.1_benchmark: rmlstreamer heartbeat — 4.85 GB · 8 parts
  RMLStreamer: HG005_GRCh38_1_22_v4.2.1_benchmark: rmlstreamer complete — 4.85 GB · 8 parts
  RMLStreamer: HG005_GRCh38_1_22_v4.2.1_benchmark: rdf-aggregate started — 0 parts
  RMLStreamer: HG005_GRCh38_1_22_v4.2.1_benchmark: rdf-aggregate part — 1 parts
  RMLStreamer: HG005_GRCh38_1_22_v4.2.1_benchmark: rdf-aggregate part — 2 parts
  RMLStreamer: HG005_GRCh38_1_22_v4.2.1_benchmark: rdf-aggregate part — 3 parts
  RMLStreamer: HG005_GRCh38_1_22_v4.2.1_benchmark: rdf-aggregate part — 4 parts
  RMLStreamer: HG005_GRCh38_1_22_v4.2.1_benchmark: rdf-aggregate part — 5 parts
  RMLStreamer: HG005_GRCh38_1_22_v4.2.1_benchmark: rdf-aggregate part — 6 parts
  RMLStreamer: HG005_GRCh38_1_22_v4.2.1_benchmark: rdf-aggregate part — 7 parts
  RMLStreamer: HG005_GRCh38_1_22_v4.2.1_benchmark: rdf-aggregate part — 8 parts
  RMLStreamer: HG005_GRCh38_1_22_v4.2.1_benchmark: rdf-aggregate complete — 8 parts
RMLStreamer: HG005_GRCh38_1_22_v4.2.1_benchmark: finished
Partitioned compression: HG005_GRCh38_1_22_v4.2.1_benchmark: started
  Partitioned compression: HG005_GRCh38_1_22_v4.2.1_benchmark: rdf-scan started — 0 triples
  Partitioned compression: HG005_GRCh38_1_22_v4.2.1_benchmark: rdf-scan heartbeat — 445,951 triples · 67,108,937 bytes read
  Partitioned compression: HG005_GRCh38_1_22_v4.2.1_benchmark: rdf-scan heartbeat — 891,945 triples · 134,217,833 bytes read
  Partitioned compression: HG005_GRCh38_1_22_v4.2.1_benchmark: rdf-scan heartbeat — 1,337,788 triples · 201,326,731 bytes read
  Partitioned compression: HG005_GRCh38_1_22_v4.2.1_benchmark: rdf-scan heartbeat — 1,783,785 triples · 268,435,725 bytes read
  Partitioned compression: HG005_GRCh38_1_22_v4.2.1_benchmark: rdf-scan heartbeat — 2,229,763 triples · 335,544,673 bytes read
  Partitioned compression: HG005_GRCh38_1_22_v4.2.1_benchmark: rdf-scan heartbeat — 2,675,734 triples · 402,653,617 bytes read
  Partitioned compression: HG005_GRCh38_1_22_v4.2.1_benchmark: rdf-scan heartbeat — 3,121,733 triples · 469,762,634 bytes read
  Partitioned compression: HG005_GRCh38_1_22_v4.2.1_benchmark: rdf-scan chunk — 3,567,857 triples · 1 chunks · 536,870,956 bytes read
  Partitioned compression: HG005_GRCh38_1_22_v4.2.1_benchmark: hdt-chunks started — 0 chunks · hdt-build-00000
  Partitioned compression: HG005_GRCh38_1_22_v4.2.1_benchmark: hdt-chunks complete — 1 chunks · hdt-build-00000
  Partitioned compression: HG005_GRCh38_1_22_v4.2.1_benchmark: rdf-scan heartbeat — 3,567,861 triples · 536,871,505 bytes read
  Partitioned compression: HG005_GRCh38_1_22_v4.2.1_benchmark: rdf-scan heartbeat — 4,013,851 triples · 603,980,485 bytes read
  Partitioned compression: HG005_GRCh38_1_22_v4.2.1_benchmark: rdf-scan heartbeat — 4,461,194 triples · 671,089,512 bytes read
  Partitioned compression: HG005_GRCh38_1_22_v4.2.1_benchmark: rdf-scan heartbeat — 4,909,224 triples · 738,198,451 bytes read
  Partitioned compression: HG005_GRCh38_1_22_v4.2.1_benchmark: rdf-scan heartbeat — 5,355,482 triples · 805,307,471 bytes read
  Partitioned compression: HG005_GRCh38_1_22_v4.2.1_benchmark: rdf-scan heartbeat — 5,801,482 triples · 872,416,421 bytes read
  Partitioned compression: HG005_GRCh38_1_22_v4.2.1_benchmark: rdf-scan heartbeat — 6,247,481 triples · 939,525,299 bytes read
  Partitioned compression: HG005_GRCh38_1_22_v4.2.1_benchmark: rdf-scan heartbeat — 6,693,720 triples · 1,006,634,248 bytes read
  Partitioned compression: HG005_GRCh38_1_22_v4.2.1_benchmark: rdf-scan chunk — 7,140,041 triples · 2 chunks · 1,073,741,883 bytes read
  Partitioned compression: HG005_GRCh38_1_22_v4.2.1_benchmark: hdt-chunks started — 1 chunks · hdt-build-00001
  Partitioned compression: HG005_GRCh38_1_22_v4.2.1_benchmark: hdt-chunks complete — 2 chunks · hdt-build-00001
  Partitioned compression: HG005_GRCh38_1_22_v4.2.1_benchmark: rdf-scan heartbeat — 7,140,050 triples · 1,073,743,236 bytes read
  Partitioned compression: HG005_GRCh38_1_22_v4.2.1_benchmark: rdf-scan heartbeat — 7,586,377 triples · 1,140,852,155 bytes read
  Partitioned compression: HG005_GRCh38_1_22_v4.2.1_benchmark: rdf-scan heartbeat — 8,032,460 triples · 1,207,961,106 bytes read
  Partitioned compression: HG005_GRCh38_1_22_v4.2.1_benchmark: rdf-scan heartbeat — 8,478,457 triples · 1,275,070,021 bytes read
  Partitioned compression: HG005_GRCh38_1_22_v4.2.1_benchmark: rdf-scan heartbeat — 8,924,391 triples · 1,342,178,930 bytes read
  Partitioned compression: HG005_GRCh38_1_22_v4.2.1_benchmark: rdf-scan heartbeat — 9,370,143 triples · 1,409,287,953 bytes read
  Partitioned compression: HG005_GRCh38_1_22_v4.2.1_benchmark: rdf-scan heartbeat — 9,816,226 triples · 1,476,396,892 bytes read
  Partitioned compression: HG005_GRCh38_1_22_v4.2.1_benchmark: rdf-scan heartbeat — 10,262,227 triples · 1,543,505,820 bytes read
  Partitioned compression: HG005_GRCh38_1_22_v4.2.1_benchmark: rdf-scan chunk — 10,708,127 triples · 3 chunks · 1,610,612,883 bytes read
  Partitioned compression: HG005_GRCh38_1_22_v4.2.1_benchmark: hdt-chunks started — 2 chunks · hdt-build-00002
  Partitioned compression: HG005_GRCh38_1_22_v4.2.1_benchmark: hdt-chunks complete — 3 chunks · hdt-build-00002
  Partitioned compression: HG005_GRCh38_1_22_v4.2.1_benchmark: rdf-scan heartbeat — 10,708,139 triples · 1,610,614,700 bytes read
  Partitioned compression: HG005_GRCh38_1_22_v4.2.1_benchmark: rdf-scan heartbeat — 11,153,970 triples · 1,677,723,723 bytes read
  Partitioned compression: HG005_GRCh38_1_22_v4.2.1_benchmark: rdf-scan heartbeat — 11,600,004 triples · 1,744,832,636 bytes read
  Partitioned compression: HG005_GRCh38_1_22_v4.2.1_benchmark: rdf-scan heartbeat — 12,046,003 triples · 1,811,941,539 bytes read
  Partitioned compression: HG005_GRCh38_1_22_v4.2.1_benchmark: rdf-scan heartbeat — 12,491,845 triples · 1,879,050,446 bytes read
  Partitioned compression: HG005_GRCh38_1_22_v4.2.1_benchmark: rdf-scan heartbeat — 12,937,675 triples · 1,946,159,337 bytes read
  Partitioned compression: HG005_GRCh38_1_22_v4.2.1_benchmark: rdf-scan heartbeat — 13,384,112 triples · 2,013,268,304 bytes read
  Partitioned compression: HG005_GRCh38_1_22_v4.2.1_benchmark: rdf-scan heartbeat — 13,832,066 triples · 2,080,377,187 bytes read
  Partitioned compression: HG005_GRCh38_1_22_v4.2.1_benchmark: rdf-scan chunk — 14,278,387 triples · 4 chunks · 2,147,483,833 bytes read
  Partitioned compression: HG005_GRCh38_1_22_v4.2.1_benchmark: hdt-chunks started — 3 chunks · hdt-build-00003
  Partitioned compression: HG005_GRCh38_1_22_v4.2.1_benchmark: hdt-chunks complete — 4 chunks · hdt-build-00003
  Partitioned compression: HG005_GRCh38_1_22_v4.2.1_benchmark: rdf-scan heartbeat — 14,278,402 triples · 2,147,486,087 bytes read
  Partitioned compression: HG005_GRCh38_1_22_v4.2.1_benchmark: rdf-scan heartbeat — 14,724,535 triples · 2,214,594,994 bytes read
  Partitioned compression: HG005_GRCh38_1_22_v4.2.1_benchmark: rdf-scan heartbeat — 15,170,531 triples · 2,281,703,868 bytes read
  Partitioned compression: HG005_GRCh38_1_22_v4.2.1_benchmark: rdf-scan heartbeat — 15,616,856 triples · 2,348,812,872 bytes read
  Partitioned compression: HG005_GRCh38_1_22_v4.2.1_benchmark: rdf-scan heartbeat — 16,063,187 triples · 2,415,921,817 bytes read
  Partitioned compression: HG005_GRCh38_1_22_v4.2.1_benchmark: rdf-scan heartbeat — 16,509,517 triples · 2,483,030,750 bytes read
  Partitioned compression: HG005_GRCh38_1_22_v4.2.1_benchmark: rdf-scan heartbeat — 16,955,603 triples · 2,550,139,648 bytes read
  Partitioned compression: HG005_GRCh38_1_22_v4.2.1_benchmark: rdf-scan heartbeat — 17,401,678 triples · 2,617,248,525 bytes read
  Partitioned compression: HG005_GRCh38_1_22_v4.2.1_benchmark: rdf-scan chunk — 17,847,795 triples · 5 chunks · 2,684,354,829 bytes read
  Partitioned compression: HG005_GRCh38_1_22_v4.2.1_benchmark: hdt-chunks started — 4 chunks · hdt-build-00004
  Partitioned compression: HG005_GRCh38_1_22_v4.2.1_benchmark: hdt-chunks complete — 5 chunks · hdt-build-00004
  Partitioned compression: HG005_GRCh38_1_22_v4.2.1_benchmark: rdf-scan heartbeat — 17,847,813 triples · 2,684,357,537 bytes read
  Partitioned compression: HG005_GRCh38_1_22_v4.2.1_benchmark: rdf-scan heartbeat — 18,293,805 triples · 2,751,466,552 bytes read
  Partitioned compression: HG005_GRCh38_1_22_v4.2.1_benchmark: rdf-scan heartbeat — 18,739,934 triples · 2,818,575,493 bytes read
  Partitioned compression: HG005_GRCh38_1_22_v4.2.1_benchmark: rdf-scan heartbeat — 19,185,931 triples · 2,885,684,401 bytes read
  Partitioned compression: HG005_GRCh38_1_22_v4.2.1_benchmark: rdf-scan heartbeat — 19,632,033 triples · 2,952,793,304 bytes read
  Partitioned compression: HG005_GRCh38_1_22_v4.2.1_benchmark: rdf-scan heartbeat — 20,078,028 triples · 3,019,902,307 bytes read
  Partitioned compression: HG005_GRCh38_1_22_v4.2.1_benchmark: rdf-scan heartbeat — 20,524,141 triples · 3,087,011,275 bytes read
  Partitioned compression: HG005_GRCh38_1_22_v4.2.1_benchmark: rdf-scan heartbeat — 20,970,137 triples · 3,154,120,247 bytes read
  Partitioned compression: HG005_GRCh38_1_22_v4.2.1_benchmark: rdf-scan chunk — 21,416,110 triples · 6 chunks · 3,221,225,790 bytes read
  Partitioned compression: HG005_GRCh38_1_22_v4.2.1_benchmark: hdt-chunks started — 5 chunks · hdt-build-00005
  Partitioned compression: HG005_GRCh38_1_22_v4.2.1_benchmark: hdt-chunks complete — 6 chunks · hdt-build-00005
  Partitioned compression: HG005_GRCh38_1_22_v4.2.1_benchmark: rdf-scan heartbeat — 21,416,133 triples · 3,221,229,239 bytes read
  Partitioned compression: HG005_GRCh38_1_22_v4.2.1_benchmark: rdf-scan heartbeat — 21,862,958 triples · 3,288,338,209 bytes read
  Partitioned compression: HG005_GRCh38_1_22_v4.2.1_benchmark: rdf-scan heartbeat — 22,312,605 triples · 3,355,447,097 bytes read
  Partitioned compression: HG005_GRCh38_1_22_v4.2.1_benchmark: rdf-scan heartbeat — 22,762,252 triples · 3,422,556,061 bytes read
  Partitioned compression: HG005_GRCh38_1_22_v4.2.1_benchmark: rdf-scan heartbeat — 23,211,981 triples · 3,489,665,027 bytes read
  Partitioned compression: HG005_GRCh38_1_22_v4.2.1_benchmark: rdf-scan heartbeat — 23,662,074 triples · 3,556,773,950 bytes read
  Partitioned compression: HG005_GRCh38_1_22_v4.2.1_benchmark: rdf-scan heartbeat — 24,112,060 triples · 3,623,882,883 bytes read
  Partitioned compression: HG005_GRCh38_1_22_v4.2.1_benchmark: rdf-scan heartbeat — 24,561,937 triples · 3,690,991,771 bytes read
  Partitioned compression: HG005_GRCh38_1_22_v4.2.1_benchmark: rdf-scan chunk — 25,011,563 triples · 7 chunks · 3,758,096,734 bytes read
  Partitioned compression: HG005_GRCh38_1_22_v4.2.1_benchmark: hdt-chunks started — 6 chunks · hdt-build-00006
  Partitioned compression: HG005_GRCh38_1_22_v4.2.1_benchmark: hdt-chunks complete — 7 chunks · hdt-build-00006
  Partitioned compression: HG005_GRCh38_1_22_v4.2.1_benchmark: rdf-scan heartbeat — 25,011,589 triples · 3,758,100,649 bytes read
  Partitioned compression: HG005_GRCh38_1_22_v4.2.1_benchmark: rdf-scan heartbeat — 25,461,236 triples · 3,825,209,553 bytes read
  Partitioned compression: HG005_GRCh38_1_22_v4.2.1_benchmark: rdf-scan heartbeat — 25,911,224 triples · 3,892,318,522 bytes read
  Partitioned compression: HG005_GRCh38_1_22_v4.2.1_benchmark: rdf-scan heartbeat — 26,359,000 triples · 3,959,427,420 bytes read
  Partitioned compression: HG005_GRCh38_1_22_v4.2.1_benchmark: rdf-scan heartbeat — 26,805,331 triples · 4,026,536,321 bytes read
  Partitioned compression: HG005_GRCh38_1_22_v4.2.1_benchmark: rdf-scan heartbeat — 27,251,659 triples · 4,093,645,236 bytes read
  Partitioned compression: HG005_GRCh38_1_22_v4.2.1_benchmark: rdf-scan heartbeat — 27,697,694 triples · 4,160,754,134 bytes read
  Partitioned compression: HG005_GRCh38_1_22_v4.2.1_benchmark: rdf-scan heartbeat — 28,144,053 triples · 4,227,863,129 bytes read
  Partitioned compression: HG005_GRCh38_1_22_v4.2.1_benchmark: rdf-scan chunk — 28,590,362 triples · 8 chunks · 4,294,967,731 bytes read
  Partitioned compression: HG005_GRCh38_1_22_v4.2.1_benchmark: hdt-chunks started — 7 chunks · hdt-build-00007
  Partitioned compression: HG005_GRCh38_1_22_v4.2.1_benchmark: hdt-chunks complete — 8 chunks · hdt-build-00007
  Partitioned compression: HG005_GRCh38_1_22_v4.2.1_benchmark: rdf-scan heartbeat — 28,590,391 triples · 4,294,972,090 bytes read
  Partitioned compression: HG005_GRCh38_1_22_v4.2.1_benchmark: rdf-scan heartbeat — 29,036,598 triples · 4,362,080,972 bytes read
  Partitioned compression: HG005_GRCh38_1_22_v4.2.1_benchmark: rdf-scan heartbeat — 29,482,712 triples · 4,429,189,958 bytes read
  Partitioned compression: HG005_GRCh38_1_22_v4.2.1_benchmark: rdf-scan heartbeat — 29,928,729 triples · 4,496,298,884 bytes read
  Partitioned compression: HG005_GRCh38_1_22_v4.2.1_benchmark: rdf-scan heartbeat — 30,374,729 triples · 4,563,407,806 bytes read
  Partitioned compression: HG005_GRCh38_1_22_v4.2.1_benchmark: rdf-scan heartbeat — 30,829,094 triples · 4,630,516,749 bytes read
  Partitioned compression: HG005_GRCh38_1_22_v4.2.1_benchmark: rdf-scan heartbeat — 31,282,794 triples · 4,697,625,669 bytes read
  Partitioned compression: HG005_GRCh38_1_22_v4.2.1_benchmark: rdf-scan heartbeat — 31,732,719 triples · 4,764,734,611 bytes read
  Partitioned compression: HG005_GRCh38_1_22_v4.2.1_benchmark: rdf-scan chunk — 32,182,341 triples · 9 chunks · 4,831,838,705 bytes read
  Partitioned compression: HG005_GRCh38_1_22_v4.2.1_benchmark: hdt-chunks started — 8 chunks · hdt-build-00008
  Partitioned compression: HG005_GRCh38_1_22_v4.2.1_benchmark: hdt-chunks complete — 9 chunks · hdt-build-00008
  Partitioned compression: HG005_GRCh38_1_22_v4.2.1_benchmark: rdf-scan heartbeat — 32,182,374 triples · 4,831,843,641 bytes read
  Partitioned compression: HG005_GRCh38_1_22_v4.2.1_benchmark: rdf-scan heartbeat — 32,632,022 triples · 4,898,952,634 bytes read
  Partitioned compression: HG005_GRCh38_1_22_v4.2.1_benchmark: rdf-scan heartbeat — 33,081,672 triples · 4,966,061,598 bytes read
  Partitioned compression: HG005_GRCh38_1_22_v4.2.1_benchmark: rdf-scan heartbeat — 33,531,695 triples · 5,033,170,528 bytes read
  Partitioned compression: HG005_GRCh38_1_22_v4.2.1_benchmark: rdf-scan heartbeat — 33,981,687 triples · 5,100,279,476 bytes read
  Partitioned compression: HG005_GRCh38_1_22_v4.2.1_benchmark: rdf-scan heartbeat — 34,431,613 triples · 5,167,388,435 bytes read
  Partitioned compression: HG005_GRCh38_1_22_v4.2.1_benchmark: rdf-scan heartbeat — 34,853,782 triples · 5,234,497,373 bytes read
  Partitioned compression: HG005_GRCh38_1_22_v4.2.1_benchmark: rdf-scan heartbeat — 35,228,434 triples · 5,301,606,277 bytes read
  Partitioned compression: HG005_GRCh38_1_22_v4.2.1_benchmark: rdf-scan chunk — 35,601,794 triples · 10 chunks · 5,368,709,745 bytes read
  Partitioned compression: HG005_GRCh38_1_22_v4.2.1_benchmark: hdt-chunks started — 9 chunks · hdt-build-00009
  Partitioned compression: HG005_GRCh38_1_22_v4.2.1_benchmark: hdt-chunks complete — 10 chunks · hdt-build-00009
  Partitioned compression: HG005_GRCh38_1_22_v4.2.1_benchmark: rdf-scan heartbeat — 35,601,824 triples · 5,368,715,267 bytes read
  Partitioned compression: HG005_GRCh38_1_22_v4.2.1_benchmark: rdf-scan heartbeat — 35,973,791 triples · 5,435,824,158 bytes read
  Partitioned compression: HG005_GRCh38_1_22_v4.2.1_benchmark: rdf-scan heartbeat — 36,345,781 triples · 5,502,933,151 bytes read
  Partitioned compression: HG005_GRCh38_1_22_v4.2.1_benchmark: rdf-scan heartbeat — 36,717,721 triples · 5,570,042,029 bytes read
  Partitioned compression: HG005_GRCh38_1_22_v4.2.1_benchmark: rdf-scan heartbeat — 37,089,707 triples · 5,637,151,053 bytes read
  Partitioned compression: HG005_GRCh38_1_22_v4.2.1_benchmark: rdf-scan heartbeat — 37,461,654 triples · 5,704,259,986 bytes read
  Partitioned compression: HG005_GRCh38_1_22_v4.2.1_benchmark: rdf-scan heartbeat — 37,833,615 triples · 5,771,368,960 bytes read
  Partitioned compression: HG005_GRCh38_1_22_v4.2.1_benchmark: rdf-scan heartbeat — 38,205,541 triples · 5,838,477,887 bytes read
  Partitioned compression: HG005_GRCh38_1_22_v4.2.1_benchmark: rdf-scan chunk — 38,577,436 triples · 11 chunks · 5,905,580,837 bytes read
  Partitioned compression: HG005_GRCh38_1_22_v4.2.1_benchmark: hdt-chunks started — 10 chunks · hdt-build-00010
  Partitioned compression: HG005_GRCh38_1_22_v4.2.1_benchmark: hdt-chunks complete — 11 chunks · hdt-build-00010
  Partitioned compression: HG005_GRCh38_1_22_v4.2.1_benchmark: rdf-scan heartbeat — 38,577,470 triples · 5,905,586,854 bytes read
  Partitioned compression: HG005_GRCh38_1_22_v4.2.1_benchmark: rdf-scan heartbeat — 38,949,394 triples · 5,972,695,889 bytes read
  Partitioned compression: HG005_GRCh38_1_22_v4.2.1_benchmark: rdf-scan heartbeat — 39,321,329 triples · 6,039,804,842 bytes read
  Partitioned compression: HG005_GRCh38_1_22_v4.2.1_benchmark: rdf-scan heartbeat — 39,693,269 triples · 6,106,913,778 bytes read
  Partitioned compression: HG005_GRCh38_1_22_v4.2.1_benchmark: rdf-scan heartbeat — 40,065,206 triples · 6,174,022,792 bytes read
  Partitioned compression: HG005_GRCh38_1_22_v4.2.1_benchmark: rdf-scan heartbeat — 40,437,145 triples · 6,241,131,699 bytes read
  Partitioned compression: HG005_GRCh38_1_22_v4.2.1_benchmark: rdf-scan heartbeat — 40,809,113 triples · 6,308,240,741 bytes read
  Partitioned compression: HG005_GRCh38_1_22_v4.2.1_benchmark: rdf-scan heartbeat — 41,181,052 triples · 6,375,349,779 bytes read
  Partitioned compression: HG005_GRCh38_1_22_v4.2.1_benchmark: rdf-scan chunk — 41,552,974 triples · 12 chunks · 6,442,451,861 bytes read
  Partitioned compression: HG005_GRCh38_1_22_v4.2.1_benchmark: hdt-chunks started — 11 chunks · hdt-build-00011
  Partitioned compression: HG005_GRCh38_1_22_v4.2.1_benchmark: hdt-chunks complete — 12 chunks · hdt-build-00011
  Partitioned compression: HG005_GRCh38_1_22_v4.2.1_benchmark: rdf-scan heartbeat — 41,553,012 triples · 6,442,458,745 bytes read
  Partitioned compression: HG005_GRCh38_1_22_v4.2.1_benchmark: rdf-scan heartbeat — 41,924,232 triples · 6,509,567,687 bytes read
  Partitioned compression: HG005_GRCh38_1_22_v4.2.1_benchmark: rdf-scan heartbeat — 42,293,508 triples · 6,576,676,600 bytes read
  Partitioned compression: HG005_GRCh38_1_22_v4.2.1_benchmark: rdf-scan heartbeat — 42,662,806 triples · 6,643,785,609 bytes read
  Partitioned compression: HG005_GRCh38_1_22_v4.2.1_benchmark: rdf-scan heartbeat — 43,032,088 triples · 6,710,894,527 bytes read
  Partitioned compression: HG005_GRCh38_1_22_v4.2.1_benchmark: rdf-scan heartbeat — 43,401,395 triples · 6,778,003,442 bytes read
  Partitioned compression: HG005_GRCh38_1_22_v4.2.1_benchmark: rdf-scan heartbeat — 43,770,701 triples · 6,845,112,484 bytes read
  Partitioned compression: HG005_GRCh38_1_22_v4.2.1_benchmark: rdf-scan heartbeat — 44,139,975 triples · 6,912,221,467 bytes read
  Partitioned compression: HG005_GRCh38_1_22_v4.2.1_benchmark: rdf-scan chunk — 44,509,252 triples · 13 chunks · 6,979,322,815 bytes read
  Partitioned compression: HG005_GRCh38_1_22_v4.2.1_benchmark: hdt-chunks started — 12 chunks · hdt-build-00012
  Partitioned compression: HG005_GRCh38_1_22_v4.2.1_benchmark: hdt-chunks complete — 13 chunks · hdt-build-00012
  Partitioned compression: HG005_GRCh38_1_22_v4.2.1_benchmark: rdf-scan heartbeat — 44,509,294 triples · 6,979,330,415 bytes read
  Partitioned compression: HG005_GRCh38_1_22_v4.2.1_benchmark: rdf-scan heartbeat — 44,878,622 triples · 7,046,439,287 bytes read
  Partitioned compression: HG005_GRCh38_1_22_v4.2.1_benchmark: rdf-scan heartbeat — 45,247,909 triples · 7,113,548,195 bytes read
  Partitioned compression: HG005_GRCh38_1_22_v4.2.1_benchmark: rdf-scan heartbeat — 45,617,175 triples · 7,180,657,096 bytes read
  Partitioned compression: HG005_GRCh38_1_22_v4.2.1_benchmark: rdf-scan heartbeat — 45,986,447 triples · 7,247,766,030 bytes read
  Partitioned compression: HG005_GRCh38_1_22_v4.2.1_benchmark: rdf-scan heartbeat — 46,355,853 triples · 7,314,874,965 bytes read
  Partitioned compression: HG005_GRCh38_1_22_v4.2.1_benchmark: rdf-scan heartbeat — 46,725,163 triples · 7,381,983,881 bytes read
  Partitioned compression: HG005_GRCh38_1_22_v4.2.1_benchmark: rdf-scan heartbeat — 47,094,471 triples · 7,449,092,802 bytes read
  Partitioned compression: HG005_GRCh38_1_22_v4.2.1_benchmark: rdf-scan chunk — 47,463,752 triples · 14 chunks · 7,516,193,888 bytes read
  Partitioned compression: HG005_GRCh38_1_22_v4.2.1_benchmark: hdt-chunks started — 13 chunks · hdt-build-00013
  Partitioned compression: HG005_GRCh38_1_22_v4.2.1_benchmark: hdt-chunks complete — 14 chunks · hdt-build-00013
  Partitioned compression: HG005_GRCh38_1_22_v4.2.1_benchmark: rdf-scan heartbeat — 47,463,796 triples · 7,516,201,793 bytes read
  Partitioned compression: HG005_GRCh38_1_22_v4.2.1_benchmark: rdf-scan heartbeat — 47,833,094 triples · 7,583,310,762 bytes read
  Partitioned compression: HG005_GRCh38_1_22_v4.2.1_benchmark: rdf-scan heartbeat — 48,202,400 triples · 7,650,419,642 bytes read
  Partitioned compression: HG005_GRCh38_1_22_v4.2.1_benchmark: rdf-scan heartbeat — 48,571,687 triples · 7,717,528,668 bytes read
  Partitioned compression: HG005_GRCh38_1_22_v4.2.1_benchmark: rdf-scan heartbeat — 48,940,941 triples · 7,784,637,533 bytes read
  Partitioned compression: HG005_GRCh38_1_22_v4.2.1_benchmark: rdf-scan heartbeat — 49,310,226 triples · 7,851,746,406 bytes read
  Partitioned compression: HG005_GRCh38_1_22_v4.2.1_benchmark: rdf-scan heartbeat — 49,679,505 triples · 7,918,855,304 bytes read
  Partitioned compression: HG005_GRCh38_1_22_v4.2.1_benchmark: rdf-scan heartbeat — 50,048,770 triples · 7,985,964,221 bytes read
  Partitioned compression: HG005_GRCh38_1_22_v4.2.1_benchmark: rdf-scan chunk — 50,418,083 triples · 15 chunks · 8,053,064,971 bytes read
  Partitioned compression: HG005_GRCh38_1_22_v4.2.1_benchmark: hdt-chunks started — 14 chunks · hdt-build-00014
  Partitioned compression: HG005_GRCh38_1_22_v4.2.1_benchmark: hdt-chunks complete — 15 chunks · hdt-build-00014
  Partitioned compression: HG005_GRCh38_1_22_v4.2.1_benchmark: rdf-scan heartbeat — 50,418,128 triples · 8,053,073,129 bytes read
  Partitioned compression: HG005_GRCh38_1_22_v4.2.1_benchmark: rdf-scan heartbeat — 50,787,384 triples · 8,120,182,168 bytes read
  Partitioned compression: HG005_GRCh38_1_22_v4.2.1_benchmark: rdf-scan heartbeat — 51,156,697 triples · 8,187,291,106 bytes read
  Partitioned compression: HG005_GRCh38_1_22_v4.2.1_benchmark: rdf-scan heartbeat — 51,525,946 triples · 8,254,400,127 bytes read
  Partitioned compression: HG005_GRCh38_1_22_v4.2.1_benchmark: rdf-scan heartbeat — 51,895,242 triples · 8,321,508,998 bytes read
  Partitioned compression: HG005_GRCh38_1_22_v4.2.1_benchmark: rdf-scan heartbeat — 52,264,517 triples · 8,388,617,927 bytes read
  Partitioned compression: HG005_GRCh38_1_22_v4.2.1_benchmark: rdf-scan heartbeat — 52,633,802 triples · 8,455,726,931 bytes read
  Partitioned compression: HG005_GRCh38_1_22_v4.2.1_benchmark: rdf-scan heartbeat — 53,003,089 triples · 8,522,835,846 bytes read
  Partitioned compression: HG005_GRCh38_1_22_v4.2.1_benchmark: rdf-scan chunk — 53,372,329 triples · 16 chunks · 8,589,936,014 bytes read
  Partitioned compression: HG005_GRCh38_1_22_v4.2.1_benchmark: hdt-chunks started — 15 chunks · hdt-build-00015
  Partitioned compression: HG005_GRCh38_1_22_v4.2.1_benchmark: hdt-chunks complete — 16 chunks · hdt-build-00015
  Partitioned compression: HG005_GRCh38_1_22_v4.2.1_benchmark: rdf-scan heartbeat — 53,372,377 triples · 8,589,944,731 bytes read
  Partitioned compression: HG005_GRCh38_1_22_v4.2.1_benchmark: rdf-scan heartbeat — 53,741,658 triples · 8,657,053,680 bytes read
  Partitioned compression: HG005_GRCh38_1_22_v4.2.1_benchmark: rdf-scan heartbeat — 54,110,957 triples · 8,724,162,643 bytes read
  Partitioned compression: HG005_GRCh38_1_22_v4.2.1_benchmark: rdf-scan heartbeat — 54,480,222 triples · 8,791,271,644 bytes read
  Partitioned compression: HG005_GRCh38_1_22_v4.2.1_benchmark: rdf-scan heartbeat — 54,849,507 triples · 8,858,380,573 bytes read
  Partitioned compression: HG005_GRCh38_1_22_v4.2.1_benchmark: rdf-scan heartbeat — 55,218,820 triples · 8,925,489,592 bytes read
  Partitioned compression: HG005_GRCh38_1_22_v4.2.1_benchmark: rdf-scan heartbeat — 55,588,168 triples · 8,992,598,554 bytes read
  Partitioned compression: HG005_GRCh38_1_22_v4.2.1_benchmark: rdf-scan heartbeat — 55,957,470 triples · 9,059,707,507 bytes read
  Partitioned compression: HG005_GRCh38_1_22_v4.2.1_benchmark: rdf-scan chunk — 56,326,725 triples · 17 chunks · 9,126,807,027 bytes read
  Partitioned compression: HG005_GRCh38_1_22_v4.2.1_benchmark: hdt-chunks started — 16 chunks · hdt-build-00016
  Partitioned compression: HG005_GRCh38_1_22_v4.2.1_benchmark: hdt-chunks complete — 17 chunks · hdt-build-00016
  Partitioned compression: HG005_GRCh38_1_22_v4.2.1_benchmark: rdf-scan heartbeat — 56,326,777 triples · 9,126,816,490 bytes read
  Partitioned compression: HG005_GRCh38_1_22_v4.2.1_benchmark: rdf-scan heartbeat — 56,696,113 triples · 9,193,925,544 bytes read
  Partitioned compression: HG005_GRCh38_1_22_v4.2.1_benchmark: rdf-scan heartbeat — 57,065,541 triples · 9,261,034,490 bytes read
  Partitioned compression: HG005_GRCh38_1_22_v4.2.1_benchmark: rdf-scan heartbeat — 57,434,868 triples · 9,328,143,519 bytes read
  Partitioned compression: HG005_GRCh38_1_22_v4.2.1_benchmark: rdf-scan heartbeat — 57,804,174 triples · 9,395,252,418 bytes read
  Partitioned compression: HG005_GRCh38_1_22_v4.2.1_benchmark: rdf-scan heartbeat — 58,173,484 triples · 9,462,361,292 bytes read
  Partitioned compression: HG005_GRCh38_1_22_v4.2.1_benchmark: rdf-scan heartbeat — 58,542,776 triples · 9,529,470,268 bytes read
  Partitioned compression: HG005_GRCh38_1_22_v4.2.1_benchmark: rdf-scan heartbeat — 58,912,072 triples · 9,596,579,159 bytes read
  Partitioned compression: HG005_GRCh38_1_22_v4.2.1_benchmark: rdf-scan chunk — 59,281,301 triples · 18 chunks · 9,663,678,107 bytes read
  Partitioned compression: HG005_GRCh38_1_22_v4.2.1_benchmark: hdt-chunks started — 17 chunks · hdt-build-00017
  Partitioned compression: HG005_GRCh38_1_22_v4.2.1_benchmark: hdt-chunks complete — 18 chunks · hdt-build-00017
  Partitioned compression: HG005_GRCh38_1_22_v4.2.1_benchmark: rdf-scan heartbeat — 59,281,356 triples · 9,663,688,201 bytes read
  Partitioned compression: HG005_GRCh38_1_22_v4.2.1_benchmark: rdf-scan heartbeat — 59,650,657 triples · 9,730,797,175 bytes read
  Partitioned compression: HG005_GRCh38_1_22_v4.2.1_benchmark: rdf-scan heartbeat — 60,019,944 triples · 9,797,906,098 bytes read
  Partitioned compression: HG005_GRCh38_1_22_v4.2.1_benchmark: rdf-scan heartbeat — 60,389,252 triples · 9,865,015,119 bytes read
  Partitioned compression: HG005_GRCh38_1_22_v4.2.1_benchmark: rdf-scan heartbeat — 60,758,553 triples · 9,932,124,053 bytes read
  Partitioned compression: HG005_GRCh38_1_22_v4.2.1_benchmark: rdf-scan heartbeat — 61,127,879 triples · 9,999,232,995 bytes read
  Partitioned compression: HG005_GRCh38_1_22_v4.2.1_benchmark: rdf-scan heartbeat — 61,497,166 triples · 10,066,341,957 bytes read
  Partitioned compression: HG005_GRCh38_1_22_v4.2.1_benchmark: rdf-scan heartbeat — 61,866,448 triples · 10,133,450,853 bytes read
  Partitioned compression: HG005_GRCh38_1_22_v4.2.1_benchmark: rdf-scan chunk — 62,235,670 triples · 19 chunks · 10,200,549,128 bytes read
  Partitioned compression: HG005_GRCh38_1_22_v4.2.1_benchmark: hdt-chunks started — 18 chunks · hdt-build-00018
  Partitioned compression: HG005_GRCh38_1_22_v4.2.1_benchmark: hdt-chunks complete — 19 chunks · hdt-build-00018
  Partitioned compression: HG005_GRCh38_1_22_v4.2.1_benchmark: rdf-scan heartbeat — 62,235,729 triples · 10,200,559,837 bytes read
  Partitioned compression: HG005_GRCh38_1_22_v4.2.1_benchmark: rdf-scan heartbeat — 62,605,009 triples · 10,267,668,798 bytes read
  Partitioned compression: HG005_GRCh38_1_22_v4.2.1_benchmark: rdf-scan heartbeat — 62,974,286 triples · 10,334,777,697 bytes read
  Partitioned compression: HG005_GRCh38_1_22_v4.2.1_benchmark: rdf-scan heartbeat — 63,343,530 triples · 10,401,886,728 bytes read
  Partitioned compression: HG005_GRCh38_1_22_v4.2.1_benchmark: rdf-scan heartbeat — 63,712,792 triples · 10,468,995,659 bytes read
  Partitioned compression: HG005_GRCh38_1_22_v4.2.1_benchmark: rdf-scan heartbeat — 64,082,067 triples · 10,536,104,540 bytes read
  Partitioned compression: HG005_GRCh38_1_22_v4.2.1_benchmark: rdf-scan heartbeat — 64,451,365 triples · 10,603,213,428 bytes read
  Partitioned compression: HG005_GRCh38_1_22_v4.2.1_benchmark: rdf-scan heartbeat — 64,820,659 triples · 10,670,322,315 bytes read
  Partitioned compression: HG005_GRCh38_1_22_v4.2.1_benchmark: rdf-scan chunk — 65,189,907 triples · 20 chunks · 10,737,420,061 bytes read
  Partitioned compression: HG005_GRCh38_1_22_v4.2.1_benchmark: hdt-chunks started — 19 chunks · hdt-build-00019
  Partitioned compression: HG005_GRCh38_1_22_v4.2.1_benchmark: hdt-chunks complete — 20 chunks · hdt-build-00019
  Partitioned compression: HG005_GRCh38_1_22_v4.2.1_benchmark: rdf-scan heartbeat — 65,189,969 triples · 10,737,431,332 bytes read
  Partitioned compression: HG005_GRCh38_1_22_v4.2.1_benchmark: rdf-scan heartbeat — 65,559,249 triples · 10,804,540,304 bytes read
  Partitioned compression: HG005_GRCh38_1_22_v4.2.1_benchmark: rdf-scan heartbeat — 65,928,578 triples · 10,871,649,334 bytes read
  Partitioned compression: HG005_GRCh38_1_22_v4.2.1_benchmark: rdf-scan heartbeat — 66,297,876 triples · 10,938,758,223 bytes read
  Partitioned compression: HG005_GRCh38_1_22_v4.2.1_benchmark: rdf-scan heartbeat — 66,667,155 triples · 11,005,867,178 bytes read
  Partitioned compression: HG005_GRCh38_1_22_v4.2.1_benchmark: rdf-scan heartbeat — 67,036,488 triples · 11,072,976,085 bytes read
  Partitioned compression: HG005_GRCh38_1_22_v4.2.1_benchmark: rdf-scan heartbeat — 67,405,774 triples · 11,140,085,091 bytes read
  Partitioned compression: HG005_GRCh38_1_22_v4.2.1_benchmark: rdf-scan heartbeat — 67,775,096 triples · 11,207,193,979 bytes read
  Partitioned compression: HG005_GRCh38_1_22_v4.2.1_benchmark: rdf-scan chunk — 68,144,322 triples · 21 chunks · 11,274,291,147 bytes read
  Partitioned compression: HG005_GRCh38_1_22_v4.2.1_benchmark: hdt-chunks started — 20 chunks · hdt-build-00020
  Partitioned compression: HG005_GRCh38_1_22_v4.2.1_benchmark: hdt-chunks complete — 21 chunks · hdt-build-00020
  Partitioned compression: HG005_GRCh38_1_22_v4.2.1_benchmark: rdf-scan heartbeat — 68,144,387 triples · 11,274,302,963 bytes read
  Partitioned compression: HG005_GRCh38_1_22_v4.2.1_benchmark: rdf-scan heartbeat — 68,513,686 triples · 11,341,411,935 bytes read
  Partitioned compression: HG005_GRCh38_1_22_v4.2.1_benchmark: rdf-scan heartbeat — 68,882,951 triples · 11,408,520,916 bytes read
  Partitioned compression: HG005_GRCh38_1_22_v4.2.1_benchmark: rdf-scan heartbeat — 69,252,321 triples · 11,475,629,920 bytes read
  Partitioned compression: HG005_GRCh38_1_22_v4.2.1_benchmark: rdf-scan heartbeat — 69,621,637 triples · 11,542,738,816 bytes read
  Partitioned compression: HG005_GRCh38_1_22_v4.2.1_benchmark: rdf-scan heartbeat — 69,990,911 triples · 11,609,847,762 bytes read
  Partitioned compression: HG005_GRCh38_1_22_v4.2.1_benchmark: rdf-scan heartbeat — 70,360,189 triples · 11,676,956,664 bytes read
  Partitioned compression: HG005_GRCh38_1_22_v4.2.1_benchmark: rdf-scan heartbeat — 70,729,460 triples · 11,744,065,707 bytes read
  Partitioned compression: HG005_GRCh38_1_22_v4.2.1_benchmark: rdf-scan chunk — 71,098,647 triples · 22 chunks · 11,811,162,128 bytes read
  Partitioned compression: HG005_GRCh38_1_22_v4.2.1_benchmark: hdt-chunks started — 21 chunks · hdt-build-00021
  Partitioned compression: HG005_GRCh38_1_22_v4.2.1_benchmark: hdt-chunks complete — 22 chunks · hdt-build-00021
  Partitioned compression: HG005_GRCh38_1_22_v4.2.1_benchmark: rdf-scan heartbeat — 71,098,716 triples · 11,811,174,660 bytes read
  Partitioned compression: HG005_GRCh38_1_22_v4.2.1_benchmark: rdf-scan heartbeat — 71,467,970 triples · 11,878,283,727 bytes read
  Partitioned compression: HG005_GRCh38_1_22_v4.2.1_benchmark: rdf-scan heartbeat — 71,837,246 triples · 11,945,392,672 bytes read
  Partitioned compression: HG005_GRCh38_1_22_v4.2.1_benchmark: rdf-scan heartbeat — 72,206,510 triples · 12,012,501,567 bytes read
  Partitioned compression: HG005_GRCh38_1_22_v4.2.1_benchmark: rdf-scan heartbeat — 72,575,775 triples · 12,079,610,507 bytes read
  Partitioned compression: HG005_GRCh38_1_22_v4.2.1_benchmark: rdf-scan heartbeat — 72,945,057 triples · 12,146,719,405 bytes read
  Partitioned compression: HG005_GRCh38_1_22_v4.2.1_benchmark: rdf-scan heartbeat — 73,314,340 triples · 12,213,828,351 bytes read
  Partitioned compression: HG005_GRCh38_1_22_v4.2.1_benchmark: rdf-scan heartbeat — 73,683,634 triples · 12,280,937,291 bytes read
  Partitioned compression: HG005_GRCh38_1_22_v4.2.1_benchmark: rdf-scan chunk — 74,052,829 triples · 23 chunks · 12,348,033,119 bytes read
  Partitioned compression: HG005_GRCh38_1_22_v4.2.1_benchmark: hdt-chunks started — 22 chunks · hdt-build-00022
  Partitioned compression: HG005_GRCh38_1_22_v4.2.1_benchmark: hdt-chunks complete — 23 chunks · hdt-build-00022
  Partitioned compression: HG005_GRCh38_1_22_v4.2.1_benchmark: rdf-scan heartbeat — 74,052,901 triples · 12,348,046,220 bytes read
  Partitioned compression: HG005_GRCh38_1_22_v4.2.1_benchmark: rdf-scan heartbeat — 74,422,188 triples · 12,415,155,241 bytes read
  Partitioned compression: HG005_GRCh38_1_22_v4.2.1_benchmark: rdf-scan heartbeat — 74,791,446 triples · 12,482,264,198 bytes read
  Partitioned compression: HG005_GRCh38_1_22_v4.2.1_benchmark: rdf-scan heartbeat — 75,160,728 triples · 12,549,373,206 bytes read
  Partitioned compression: HG005_GRCh38_1_22_v4.2.1_benchmark: rdf-scan heartbeat — 75,530,027 triples · 12,616,482,126 bytes read
  Partitioned compression: HG005_GRCh38_1_22_v4.2.1_benchmark: rdf-scan heartbeat — 75,899,293 triples · 12,683,591,132 bytes read
  Partitioned compression: HG005_GRCh38_1_22_v4.2.1_benchmark: rdf-scan heartbeat — 76,268,549 triples · 12,750,700,030 bytes read
  Partitioned compression: HG005_GRCh38_1_22_v4.2.1_benchmark: rdf-scan heartbeat — 76,637,839 triples · 12,817,808,938 bytes read
  Partitioned compression: HG005_GRCh38_1_22_v4.2.1_benchmark: rdf-scan chunk — 77,007,030 triples · 24 chunks · 12,884,904,074 bytes read
  Partitioned compression: HG005_GRCh38_1_22_v4.2.1_benchmark: hdt-chunks started — 23 chunks · hdt-build-00023
  Partitioned compression: HG005_GRCh38_1_22_v4.2.1_benchmark: hdt-chunks complete — 24 chunks · hdt-build-00023
  Partitioned compression: HG005_GRCh38_1_22_v4.2.1_benchmark: rdf-scan heartbeat — 77,007,106 triples · 12,884,917,878 bytes read
  Partitioned compression: HG005_GRCh38_1_22_v4.2.1_benchmark: rdf-scan heartbeat — 77,376,407 triples · 12,952,026,764 bytes read
  Partitioned compression: HG005_GRCh38_1_22_v4.2.1_benchmark: rdf-scan heartbeat — 77,745,696 triples · 13,019,135,630 bytes read
  Partitioned compression: HG005_GRCh38_1_22_v4.2.1_benchmark: rdf-scan heartbeat — 78,114,988 triples · 13,086,244,658 bytes read
  Partitioned compression: HG005_GRCh38_1_22_v4.2.1_benchmark: rdf-scan heartbeat — 78,484,262 triples · 13,153,353,656 bytes read
  Partitioned compression: HG005_GRCh38_1_22_v4.2.1_benchmark: rdf-scan heartbeat — 78,853,562 triples · 13,220,462,596 bytes read
  Partitioned compression: HG005_GRCh38_1_22_v4.2.1_benchmark: rdf-scan heartbeat — 79,222,837 triples · 13,287,571,555 bytes read
  Partitioned compression: HG005_GRCh38_1_22_v4.2.1_benchmark: rdf-scan heartbeat — 79,592,141 triples · 13,354,680,484 bytes read
  Partitioned compression: HG005_GRCh38_1_22_v4.2.1_benchmark: rdf-scan chunk — 79,961,354 triples · 25 chunks · 13,421,775,065 bytes read
  Partitioned compression: HG005_GRCh38_1_22_v4.2.1_benchmark: hdt-chunks started — 24 chunks · hdt-build-00024
  Partitioned compression: HG005_GRCh38_1_22_v4.2.1_benchmark: hdt-chunks complete — 25 chunks · hdt-build-00024
  Partitioned compression: HG005_GRCh38_1_22_v4.2.1_benchmark: rdf-scan heartbeat — 79,961,433 triples · 13,421,789,460 bytes read
  Partitioned compression: HG005_GRCh38_1_22_v4.2.1_benchmark: rdf-scan heartbeat — 80,330,771 triples · 13,488,898,408 bytes read
  Partitioned compression: HG005_GRCh38_1_22_v4.2.1_benchmark: rdf-scan heartbeat — 80,700,108 triples · 13,556,007,313 bytes read
  Partitioned compression: HG005_GRCh38_1_22_v4.2.1_benchmark: rdf-scan heartbeat — 81,069,426 triples · 13,623,116,271 bytes read
  Partitioned compression: HG005_GRCh38_1_22_v4.2.1_benchmark: rdf-scan heartbeat — 81,438,753 triples · 13,690,225,238 bytes read
  Partitioned compression: HG005_GRCh38_1_22_v4.2.1_benchmark: rdf-scan heartbeat — 81,808,074 triples · 13,757,334,241 bytes read
  Partitioned compression: HG005_GRCh38_1_22_v4.2.1_benchmark: rdf-scan heartbeat — 82,177,363 triples · 13,824,443,269 bytes read
  Partitioned compression: HG005_GRCh38_1_22_v4.2.1_benchmark: rdf-scan heartbeat — 82,546,650 triples · 13,891,552,217 bytes read
  Partitioned compression: HG005_GRCh38_1_22_v4.2.1_benchmark: rdf-scan chunk — 82,915,858 triples · 26 chunks · 13,958,646,041 bytes read
  Partitioned compression: HG005_GRCh38_1_22_v4.2.1_benchmark: hdt-chunks started — 25 chunks · hdt-build-00025
  Partitioned compression: HG005_GRCh38_1_22_v4.2.1_benchmark: hdt-chunks complete — 26 chunks · hdt-build-00025
  Partitioned compression: HG005_GRCh38_1_22_v4.2.1_benchmark: rdf-scan heartbeat — 82,915,941 triples · 13,958,661,146 bytes read
  Partitioned compression: HG005_GRCh38_1_22_v4.2.1_benchmark: rdf-scan heartbeat — 83,285,262 triples · 14,025,770,068 bytes read
  Partitioned compression: HG005_GRCh38_1_22_v4.2.1_benchmark: rdf-scan heartbeat — 83,654,560 triples · 14,092,879,046 bytes read
  Partitioned compression: HG005_GRCh38_1_22_v4.2.1_benchmark: rdf-scan heartbeat — 84,023,832 triples · 14,159,987,949 bytes read
  Partitioned compression: HG005_GRCh38_1_22_v4.2.1_benchmark: rdf-scan heartbeat — 84,393,120 triples · 14,227,096,841 bytes read
  Partitioned compression: HG005_GRCh38_1_22_v4.2.1_benchmark: rdf-scan heartbeat — 84,762,436 triples · 14,294,205,851 bytes read
  Partitioned compression: HG005_GRCh38_1_22_v4.2.1_benchmark: rdf-scan heartbeat — 85,131,719 triples · 14,361,314,830 bytes read
  Partitioned compression: HG005_GRCh38_1_22_v4.2.1_benchmark: rdf-scan heartbeat — 85,500,972 triples · 14,428,423,874 bytes read
  Partitioned compression: HG005_GRCh38_1_22_v4.2.1_benchmark: rdf-scan chunk — 85,870,132 triples · 27 chunks · 14,495,517,021 bytes read
  Partitioned compression: HG005_GRCh38_1_22_v4.2.1_benchmark: hdt-chunks started — 26 chunks · hdt-build-00026
  Partitioned compression: HG005_GRCh38_1_22_v4.2.1_benchmark: hdt-chunks complete — 27 chunks · hdt-build-00026
  Partitioned compression: HG005_GRCh38_1_22_v4.2.1_benchmark: rdf-scan heartbeat — 85,870,219 triples · 14,495,532,783 bytes read
  Partitioned compression: HG005_GRCh38_1_22_v4.2.1_benchmark: rdf-scan heartbeat — 86,239,522 triples · 14,562,641,770 bytes read
  Partitioned compression: HG005_GRCh38_1_22_v4.2.1_benchmark: rdf-scan heartbeat — 86,608,841 triples · 14,629,750,657 bytes read
  Partitioned compression: HG005_GRCh38_1_22_v4.2.1_benchmark: rdf-scan heartbeat — 86,978,141 triples · 14,696,859,661 bytes read
  Partitioned compression: HG005_GRCh38_1_22_v4.2.1_benchmark: rdf-scan heartbeat — 87,347,424 triples · 14,763,968,671 bytes read
  Partitioned compression: HG005_GRCh38_1_22_v4.2.1_benchmark: rdf-scan heartbeat — 87,716,707 triples · 14,831,077,611 bytes read
  Partitioned compression: HG005_GRCh38_1_22_v4.2.1_benchmark: rdf-scan heartbeat — 88,086,014 triples · 14,898,186,540 bytes read
  Partitioned compression: HG005_GRCh38_1_22_v4.2.1_benchmark: rdf-scan heartbeat — 88,455,282 triples · 14,965,295,540 bytes read
  Partitioned compression: HG005_GRCh38_1_22_v4.2.1_benchmark: rdf-scan chunk — 88,824,469 triples · 28 chunks · 15,032,388,069 bytes read
  Partitioned compression: HG005_GRCh38_1_22_v4.2.1_benchmark: hdt-chunks started — 27 chunks · hdt-build-00027
  Partitioned compression: HG005_GRCh38_1_22_v4.2.1_benchmark: hdt-chunks complete — 28 chunks · hdt-build-00027
  Partitioned compression: HG005_GRCh38_1_22_v4.2.1_benchmark: rdf-scan heartbeat — 88,824,559 triples · 15,032,404,468 bytes read
  Partitioned compression: HG005_GRCh38_1_22_v4.2.1_benchmark: rdf-scan heartbeat — 89,193,844 triples · 15,099,513,454 bytes read
  Partitioned compression: HG005_GRCh38_1_22_v4.2.1_benchmark: rdf-scan heartbeat — 89,563,130 triples · 15,166,622,388 bytes read
  Partitioned compression: HG005_GRCh38_1_22_v4.2.1_benchmark: rdf-scan heartbeat — 89,932,480 triples · 15,233,731,317 bytes read
  Partitioned compression: HG005_GRCh38_1_22_v4.2.1_benchmark: rdf-scan heartbeat — 90,301,794 triples · 15,300,840,340 bytes read
  Partitioned compression: HG005_GRCh38_1_22_v4.2.1_benchmark: rdf-scan heartbeat — 90,671,112 triples · 15,367,949,350 bytes read
  Partitioned compression: HG005_GRCh38_1_22_v4.2.1_benchmark: rdf-scan heartbeat — 91,040,413 triples · 15,435,058,221 bytes read
  Partitioned compression: HG005_GRCh38_1_22_v4.2.1_benchmark: rdf-scan heartbeat — 91,409,688 triples · 15,502,167,269 bytes read
  Partitioned compression: HG005_GRCh38_1_22_v4.2.1_benchmark: rdf-scan chunk — 91,778,870 triples · 29 chunks · 15,569,259,011 bytes read
  Partitioned compression: HG005_GRCh38_1_22_v4.2.1_benchmark: hdt-chunks started — 28 chunks · hdt-build-00028
  Partitioned compression: HG005_GRCh38_1_22_v4.2.1_benchmark: hdt-chunks complete — 29 chunks · hdt-build-00028
  Partitioned compression: HG005_GRCh38_1_22_v4.2.1_benchmark: rdf-scan heartbeat — 91,778,965 triples · 15,569,276,145 bytes read
  Partitioned compression: HG005_GRCh38_1_22_v4.2.1_benchmark: rdf-scan heartbeat — 92,148,223 triples · 15,636,385,110 bytes read
  Partitioned compression: HG005_GRCh38_1_22_v4.2.1_benchmark: rdf-scan heartbeat — 92,517,529 triples · 15,703,494,050 bytes read
  Partitioned compression: HG005_GRCh38_1_22_v4.2.1_benchmark: rdf-scan heartbeat — 92,886,841 triples · 15,770,602,991 bytes read
  Partitioned compression: HG005_GRCh38_1_22_v4.2.1_benchmark: rdf-scan heartbeat — 93,256,096 triples · 15,837,712,004 bytes read
  Partitioned compression: HG005_GRCh38_1_22_v4.2.1_benchmark: rdf-scan heartbeat — 93,625,386 triples · 15,904,820,968 bytes read
  Partitioned compression: HG005_GRCh38_1_22_v4.2.1_benchmark: rdf-scan heartbeat — 93,994,694 triples · 15,971,930,011 bytes read
  Partitioned compression: HG005_GRCh38_1_22_v4.2.1_benchmark: rdf-scan heartbeat — 94,363,984 triples · 16,039,038,921 bytes read
  Partitioned compression: HG005_GRCh38_1_22_v4.2.1_benchmark: rdf-scan chunk — 94,733,149 triples · 30 chunks · 16,106,129,952 bytes read
  Partitioned compression: HG005_GRCh38_1_22_v4.2.1_benchmark: hdt-chunks started — 29 chunks · hdt-build-00029
  Partitioned compression: HG005_GRCh38_1_22_v4.2.1_benchmark: hdt-chunks complete — 30 chunks · hdt-build-00029
  Partitioned compression: HG005_GRCh38_1_22_v4.2.1_benchmark: rdf-scan heartbeat — 94,733,248 triples · 16,106,147,931 bytes read
  Partitioned compression: HG005_GRCh38_1_22_v4.2.1_benchmark: rdf-scan heartbeat — 95,102,500 triples · 16,173,256,834 bytes read
  Partitioned compression: HG005_GRCh38_1_22_v4.2.1_benchmark: rdf-scan heartbeat — 95,471,780 triples · 16,240,365,849 bytes read
  Partitioned compression: HG005_GRCh38_1_22_v4.2.1_benchmark: rdf-scan heartbeat — 95,841,013 triples · 16,307,474,802 bytes read
  Partitioned compression: HG005_GRCh38_1_22_v4.2.1_benchmark: rdf-scan heartbeat — 96,210,327 triples · 16,374,583,758 bytes read
  Partitioned compression: HG005_GRCh38_1_22_v4.2.1_benchmark: rdf-scan heartbeat — 96,579,609 triples · 16,441,692,697 bytes read
  Partitioned compression: HG005_GRCh38_1_22_v4.2.1_benchmark: rdf-scan heartbeat — 96,948,877 triples · 16,508,801,661 bytes read
  Partitioned compression: HG005_GRCh38_1_22_v4.2.1_benchmark: rdf-scan heartbeat — 97,318,183 triples · 16,575,910,581 bytes read
  Partitioned compression: HG005_GRCh38_1_22_v4.2.1_benchmark: rdf-scan chunk — 97,687,372 triples · 31 chunks · 16,643,000,940 bytes read
  Partitioned compression: HG005_GRCh38_1_22_v4.2.1_benchmark: hdt-chunks started — 30 chunks · hdt-build-00030
  Partitioned compression: HG005_GRCh38_1_22_v4.2.1_benchmark: hdt-chunks complete — 31 chunks · hdt-build-00030
  Partitioned compression: HG005_GRCh38_1_22_v4.2.1_benchmark: rdf-scan heartbeat — 97,687,475 triples · 16,643,019,567 bytes read
  Partitioned compression: HG005_GRCh38_1_22_v4.2.1_benchmark: rdf-scan heartbeat — 98,056,782 triples · 16,710,128,555 bytes read
  Partitioned compression: HG005_GRCh38_1_22_v4.2.1_benchmark: rdf-scan heartbeat — 98,426,072 triples · 16,777,237,482 bytes read
  Partitioned compression: HG005_GRCh38_1_22_v4.2.1_benchmark: rdf-scan heartbeat — 98,795,390 triples · 16,844,346,458 bytes read
  Partitioned compression: HG005_GRCh38_1_22_v4.2.1_benchmark: rdf-scan heartbeat — 99,164,712 triples · 16,911,455,365 bytes read
  Partitioned compression: HG005_GRCh38_1_22_v4.2.1_benchmark: rdf-scan heartbeat — 99,534,019 triples · 16,978,564,254 bytes read
  Partitioned compression: HG005_GRCh38_1_22_v4.2.1_benchmark: rdf-scan heartbeat — 99,903,395 triples · 17,045,673,325 bytes read
  Partitioned compression: HG005_GRCh38_1_22_v4.2.1_benchmark: rdf-scan heartbeat — 100,272,734 triples · 17,112,782,195 bytes read
  Partitioned compression: HG005_GRCh38_1_22_v4.2.1_benchmark: rdf-scan chunk — 100,642,026 triples · 32 chunks · 17,179,871,997 bytes read
  Partitioned compression: HG005_GRCh38_1_22_v4.2.1_benchmark: hdt-chunks started — 31 chunks · hdt-build-00031
  Partitioned compression: HG005_GRCh38_1_22_v4.2.1_benchmark: hdt-chunks complete — 32 chunks · hdt-build-00031
  Partitioned compression: HG005_GRCh38_1_22_v4.2.1_benchmark: rdf-scan heartbeat — 100,642,131 triples · 17,179,891,065 bytes read
  Partitioned compression: HG005_GRCh38_1_22_v4.2.1_benchmark: rdf-scan heartbeat — 101,011,435 triples · 17,247,000,024 bytes read
  Partitioned compression: HG005_GRCh38_1_22_v4.2.1_benchmark: rdf-scan heartbeat — 101,380,743 triples · 17,314,109,019 bytes read
  Partitioned compression: HG005_GRCh38_1_22_v4.2.1_benchmark: rdf-scan heartbeat — 101,750,023 triples · 17,381,217,972 bytes read
  Partitioned compression: HG005_GRCh38_1_22_v4.2.1_benchmark: rdf-scan heartbeat — 102,119,324 triples · 17,448,326,913 bytes read
  Partitioned compression: HG005_GRCh38_1_22_v4.2.1_benchmark: rdf-scan heartbeat — 102,488,627 triples · 17,515,435,864 bytes read
  Partitioned compression: HG005_GRCh38_1_22_v4.2.1_benchmark: rdf-scan heartbeat — 102,857,941 triples · 17,582,544,908 bytes read
  Partitioned compression: HG005_GRCh38_1_22_v4.2.1_benchmark: rdf-scan heartbeat — 103,227,226 triples · 17,649,653,851 bytes read
  Partitioned compression: HG005_GRCh38_1_22_v4.2.1_benchmark: rdf-scan chunk — 103,596,410 triples · 33 chunks · 17,716,742,919 bytes read
  Partitioned compression: HG005_GRCh38_1_22_v4.2.1_benchmark: hdt-chunks started — 32 chunks · hdt-build-00032
  Partitioned compression: HG005_GRCh38_1_22_v4.2.1_benchmark: hdt-chunks complete — 33 chunks · hdt-build-00032
  Partitioned compression: HG005_GRCh38_1_22_v4.2.1_benchmark: rdf-scan heartbeat — 103,596,520 triples · 17,716,762,873 bytes read
  Partitioned compression: HG005_GRCh38_1_22_v4.2.1_benchmark: rdf-scan heartbeat — 103,965,825 triples · 17,783,871,806 bytes read
  Partitioned compression: HG005_GRCh38_1_22_v4.2.1_benchmark: rdf-scan heartbeat — 104,335,109 triples · 17,850,980,809 bytes read
  Partitioned compression: HG005_GRCh38_1_22_v4.2.1_benchmark: rdf-scan heartbeat — 104,704,403 triples · 17,918,089,780 bytes read
  Partitioned compression: HG005_GRCh38_1_22_v4.2.1_benchmark: rdf-scan heartbeat — 105,073,690 triples · 17,985,198,704 bytes read
  Partitioned compression: HG005_GRCh38_1_22_v4.2.1_benchmark: rdf-scan heartbeat — 105,442,972 triples · 18,052,307,715 bytes read
  Partitioned compression: HG005_GRCh38_1_22_v4.2.1_benchmark: rdf-scan heartbeat — 105,812,150 triples · 18,119,416,649 bytes read
  Partitioned compression: HG005_GRCh38_1_22_v4.2.1_benchmark: rdf-scan heartbeat — 106,178,839 triples · 18,186,525,606 bytes read
  Partitioned compression: HG005_GRCh38_1_22_v4.2.1_benchmark: rdf-scan chunk — 106,545,441 triples · 34 chunks · 18,253,613,834 bytes read
  Partitioned compression: HG005_GRCh38_1_22_v4.2.1_benchmark: hdt-chunks started — 33 chunks · hdt-build-00033
  Partitioned compression: HG005_GRCh38_1_22_v4.2.1_benchmark: hdt-chunks complete — 34 chunks · hdt-build-00033
  Partitioned compression: HG005_GRCh38_1_22_v4.2.1_benchmark: rdf-scan heartbeat — 106,545,554 triples · 18,253,634,611 bytes read
  Partitioned compression: HG005_GRCh38_1_22_v4.2.1_benchmark: rdf-scan heartbeat — 106,912,276 triples · 18,320,743,519 bytes read
  Partitioned compression: HG005_GRCh38_1_22_v4.2.1_benchmark: rdf-scan heartbeat — 107,278,970 triples · 18,387,852,472 bytes read
  Partitioned compression: HG005_GRCh38_1_22_v4.2.1_benchmark: rdf-scan heartbeat — 107,645,704 triples · 18,454,961,489 bytes read
  Partitioned compression: HG005_GRCh38_1_22_v4.2.1_benchmark: rdf-scan heartbeat — 108,012,379 triples · 18,522,070,485 bytes read
  Partitioned compression: HG005_GRCh38_1_22_v4.2.1_benchmark: rdf-scan heartbeat — 108,379,089 triples · 18,589,179,437 bytes read
  Partitioned compression: HG005_GRCh38_1_22_v4.2.1_benchmark: rdf-scan heartbeat — 108,745,775 triples · 18,656,288,397 bytes read
  Partitioned compression: HG005_GRCh38_1_22_v4.2.1_benchmark: rdf-scan heartbeat — 109,112,453 triples · 18,723,397,460 bytes read
  Partitioned compression: HG005_GRCh38_1_22_v4.2.1_benchmark: rdf-scan chunk — 109,479,014 triples · 35 chunks · 18,790,484,769 bytes read
  Partitioned compression: HG005_GRCh38_1_22_v4.2.1_benchmark: hdt-chunks started — 34 chunks · hdt-build-00034
  Partitioned compression: HG005_GRCh38_1_22_v4.2.1_benchmark: hdt-chunks complete — 35 chunks · hdt-build-00034
  Partitioned compression: HG005_GRCh38_1_22_v4.2.1_benchmark: rdf-scan heartbeat — 109,479,132 triples · 18,790,506,324 bytes read
  Partitioned compression: HG005_GRCh38_1_22_v4.2.1_benchmark: rdf-scan heartbeat — 109,845,818 triples · 18,857,615,245 bytes read
  Partitioned compression: HG005_GRCh38_1_22_v4.2.1_benchmark: rdf-scan heartbeat — 110,212,502 triples · 18,924,724,207 bytes read
  Partitioned compression: HG005_GRCh38_1_22_v4.2.1_benchmark: rdf-scan heartbeat — 110,579,206 triples · 18,991,833,072 bytes read
  Partitioned compression: HG005_GRCh38_1_22_v4.2.1_benchmark: rdf-scan heartbeat — 110,945,883 triples · 19,058,942,079 bytes read
  Partitioned compression: HG005_GRCh38_1_22_v4.2.1_benchmark: rdf-scan heartbeat — 111,312,558 triples · 19,126,050,990 bytes read
  Partitioned compression: HG005_GRCh38_1_22_v4.2.1_benchmark: rdf-scan heartbeat — 111,679,228 triples · 19,193,159,952 bytes read
  Partitioned compression: HG005_GRCh38_1_22_v4.2.1_benchmark: rdf-scan heartbeat — 112,045,894 triples · 19,260,268,902 bytes read
  Partitioned compression: HG005_GRCh38_1_22_v4.2.1_benchmark: rdf-scan chunk — 112,412,472 triples · 36 chunks · 19,327,355,812 bytes read
  Partitioned compression: HG005_GRCh38_1_22_v4.2.1_benchmark: hdt-chunks started — 35 chunks · hdt-build-00035
  Partitioned compression: HG005_GRCh38_1_22_v4.2.1_benchmark: hdt-chunks complete — 36 chunks · hdt-build-00035
  Partitioned compression: HG005_GRCh38_1_22_v4.2.1_benchmark: rdf-scan heartbeat — 112,412,593 triples · 19,327,377,876 bytes read
  Partitioned compression: HG005_GRCh38_1_22_v4.2.1_benchmark: rdf-scan heartbeat — 112,779,280 triples · 19,394,486,821 bytes read
  Partitioned compression: HG005_GRCh38_1_22_v4.2.1_benchmark: rdf-scan heartbeat — 113,145,947 triples · 19,461,595,719 bytes read
  Partitioned compression: HG005_GRCh38_1_22_v4.2.1_benchmark: rdf-scan heartbeat — 113,512,605 triples · 19,528,704,774 bytes read
  Partitioned compression: HG005_GRCh38_1_22_v4.2.1_benchmark: rdf-scan heartbeat — 113,879,291 triples · 19,595,813,734 bytes read
  Partitioned compression: HG005_GRCh38_1_22_v4.2.1_benchmark: rdf-scan heartbeat — 114,245,999 triples · 19,662,922,706 bytes read
  Partitioned compression: HG005_GRCh38_1_22_v4.2.1_benchmark: rdf-scan heartbeat — 114,612,675 triples · 19,730,031,612 bytes read
  Partitioned compression: HG005_GRCh38_1_22_v4.2.1_benchmark: rdf-scan heartbeat — 114,979,369 triples · 19,797,140,496 bytes read
  Partitioned compression: HG005_GRCh38_1_22_v4.2.1_benchmark: rdf-scan chunk — 115,345,949 triples · 37 chunks · 19,864,226,897 bytes read
  Partitioned compression: HG005_GRCh38_1_22_v4.2.1_benchmark: hdt-chunks started — 36 chunks · hdt-build-00036
  Partitioned compression: HG005_GRCh38_1_22_v4.2.1_benchmark: hdt-chunks complete — 37 chunks · hdt-build-00036
  Partitioned compression: HG005_GRCh38_1_22_v4.2.1_benchmark: rdf-scan heartbeat — 115,346,072 triples · 19,864,249,430 bytes read
  Partitioned compression: HG005_GRCh38_1_22_v4.2.1_benchmark: rdf-scan heartbeat — 115,712,688 triples · 19,931,358,346 bytes read
  Partitioned compression: HG005_GRCh38_1_22_v4.2.1_benchmark: rdf-scan heartbeat — 116,079,355 triples · 19,998,467,326 bytes read
  Partitioned compression: HG005_GRCh38_1_22_v4.2.1_benchmark: rdf-scan heartbeat — 116,446,092 triples · 20,065,576,320 bytes read
  Partitioned compression: HG005_GRCh38_1_22_v4.2.1_benchmark: rdf-scan heartbeat — 116,812,753 triples · 20,132,685,192 bytes read
  Partitioned compression: HG005_GRCh38_1_22_v4.2.1_benchmark: rdf-scan heartbeat — 117,179,420 triples · 20,199,794,121 bytes read
  Partitioned compression: HG005_GRCh38_1_22_v4.2.1_benchmark: rdf-scan heartbeat — 117,546,104 triples · 20,266,903,010 bytes read
  Partitioned compression: HG005_GRCh38_1_22_v4.2.1_benchmark: rdf-scan heartbeat — 117,912,803 triples · 20,334,011,941 bytes read
  Partitioned compression: HG005_GRCh38_1_22_v4.2.1_benchmark: rdf-scan chunk — 118,279,365 triples · 38 chunks · 20,401,097,975 bytes read
  Partitioned compression: HG005_GRCh38_1_22_v4.2.1_benchmark: hdt-chunks started — 37 chunks · hdt-build-00037
  Partitioned compression: HG005_GRCh38_1_22_v4.2.1_benchmark: hdt-chunks complete — 38 chunks · hdt-build-00037
  Partitioned compression: HG005_GRCh38_1_22_v4.2.1_benchmark: rdf-scan heartbeat — 118,279,490 triples · 20,401,120,835 bytes read
  Partitioned compression: HG005_GRCh38_1_22_v4.2.1_benchmark: rdf-scan heartbeat — 118,646,185 triples · 20,468,229,733 bytes read
  Partitioned compression: HG005_GRCh38_1_22_v4.2.1_benchmark: rdf-scan heartbeat — 119,012,872 triples · 20,535,338,756 bytes read
  Partitioned compression: HG005_GRCh38_1_22_v4.2.1_benchmark: rdf-scan heartbeat — 119,379,569 triples · 20,602,447,803 bytes read
  Partitioned compression: HG005_GRCh38_1_22_v4.2.1_benchmark: rdf-scan heartbeat — 119,746,279 triples · 20,669,556,815 bytes read
  Partitioned compression: HG005_GRCh38_1_22_v4.2.1_benchmark: rdf-scan heartbeat — 120,112,992 triples · 20,736,665,843 bytes read
  Partitioned compression: HG005_GRCh38_1_22_v4.2.1_benchmark: rdf-scan heartbeat — 120,479,775 triples · 20,803,774,765 bytes read
  Partitioned compression: HG005_GRCh38_1_22_v4.2.1_benchmark: rdf-scan heartbeat — 120,846,518 triples · 20,870,883,695 bytes read
  Partitioned compression: HG005_GRCh38_1_22_v4.2.1_benchmark: rdf-scan chunk — 121,213,106 triples · 39 chunks · 20,937,968,939 bytes read
  Partitioned compression: HG005_GRCh38_1_22_v4.2.1_benchmark: hdt-chunks started — 38 chunks · hdt-build-00038
  Partitioned compression: HG005_GRCh38_1_22_v4.2.1_benchmark: hdt-chunks complete — 39 chunks · hdt-build-00038
  Partitioned compression: HG005_GRCh38_1_22_v4.2.1_benchmark: rdf-scan heartbeat — 121,213,236 triples · 20,937,992,643 bytes read
  Partitioned compression: HG005_GRCh38_1_22_v4.2.1_benchmark: rdf-scan heartbeat — 121,579,929 triples · 21,005,101,575 bytes read
  Partitioned compression: HG005_GRCh38_1_22_v4.2.1_benchmark: rdf-scan heartbeat — 121,946,604 triples · 21,072,210,628 bytes read
  Partitioned compression: HG005_GRCh38_1_22_v4.2.1_benchmark: rdf-scan heartbeat — 122,313,273 triples · 21,139,319,606 bytes read
  Partitioned compression: HG005_GRCh38_1_22_v4.2.1_benchmark: rdf-scan heartbeat — 122,679,978 triples · 21,206,428,574 bytes read
  Partitioned compression: HG005_GRCh38_1_22_v4.2.1_benchmark: rdf-scan heartbeat — 123,046,677 triples · 21,273,537,472 bytes read
  Partitioned compression: HG005_GRCh38_1_22_v4.2.1_benchmark: rdf-scan heartbeat — 123,413,361 triples · 21,340,646,451 bytes read
  Partitioned compression: HG005_GRCh38_1_22_v4.2.1_benchmark: rdf-scan heartbeat — 123,780,048 triples · 21,407,755,366 bytes read
  Partitioned compression: HG005_GRCh38_1_22_v4.2.1_benchmark: rdf-scan chunk — 124,146,626 triples · 40 chunks · 21,474,839,866 bytes read
  Partitioned compression: HG005_GRCh38_1_22_v4.2.1_benchmark: hdt-chunks started — 39 chunks · hdt-build-00039
  Partitioned compression: HG005_GRCh38_1_22_v4.2.1_benchmark: hdt-chunks complete — 40 chunks · hdt-build-00039
  Partitioned compression: HG005_GRCh38_1_22_v4.2.1_benchmark: rdf-scan heartbeat — 124,146,760 triples · 21,474,864,356 bytes read
  Partitioned compression: HG005_GRCh38_1_22_v4.2.1_benchmark: rdf-scan heartbeat — 124,513,438 triples · 21,541,973,344 bytes read
  Partitioned compression: HG005_GRCh38_1_22_v4.2.1_benchmark: rdf-scan heartbeat — 124,880,126 triples · 21,609,082,256 bytes read
  Partitioned compression: HG005_GRCh38_1_22_v4.2.1_benchmark: rdf-scan heartbeat — 125,246,786 triples · 21,676,191,150 bytes read
  Partitioned compression: HG005_GRCh38_1_22_v4.2.1_benchmark: rdf-scan heartbeat — 125,613,463 triples · 21,743,300,149 bytes read
  Partitioned compression: HG005_GRCh38_1_22_v4.2.1_benchmark: rdf-scan heartbeat — 125,980,146 triples · 21,810,409,046 bytes read
  Partitioned compression: HG005_GRCh38_1_22_v4.2.1_benchmark: rdf-scan heartbeat — 126,346,816 triples · 21,877,518,097 bytes read
  Partitioned compression: HG005_GRCh38_1_22_v4.2.1_benchmark: rdf-scan heartbeat — 126,713,490 triples · 21,944,627,062 bytes read
  Partitioned compression: HG005_GRCh38_1_22_v4.2.1_benchmark: rdf-scan chunk — 127,080,006 triples · 41 chunks · 22,011,710,894 bytes read
  Partitioned compression: HG005_GRCh38_1_22_v4.2.1_benchmark: hdt-chunks started — 40 chunks · hdt-build-00040
  Partitioned compression: HG005_GRCh38_1_22_v4.2.1_benchmark: hdt-chunks complete — 41 chunks · hdt-build-00040
  Partitioned compression: HG005_GRCh38_1_22_v4.2.1_benchmark: rdf-scan heartbeat — 127,080,143 triples · 22,011,735,979 bytes read
  Partitioned compression: HG005_GRCh38_1_22_v4.2.1_benchmark: rdf-scan heartbeat — 127,446,803 triples · 22,078,844,934 bytes read
  Partitioned compression: HG005_GRCh38_1_22_v4.2.1_benchmark: rdf-scan heartbeat — 127,813,486 triples · 22,145,953,876 bytes read
  Partitioned compression: HG005_GRCh38_1_22_v4.2.1_benchmark: rdf-scan heartbeat — 128,180,133 triples · 22,213,062,857 bytes read
  Partitioned compression: HG005_GRCh38_1_22_v4.2.1_benchmark: rdf-scan heartbeat — 128,546,820 triples · 22,280,171,752 bytes read
  Partitioned compression: HG005_GRCh38_1_22_v4.2.1_benchmark: rdf-scan heartbeat — 128,913,478 triples · 22,347,280,689 bytes read
  Partitioned compression: HG005_GRCh38_1_22_v4.2.1_benchmark: rdf-scan heartbeat — 129,280,100 triples · 22,414,389,708 bytes read
  Partitioned compression: HG005_GRCh38_1_22_v4.2.1_benchmark: rdf-scan heartbeat — 129,646,775 triples · 22,481,498,700 bytes read
  Partitioned compression: HG005_GRCh38_1_22_v4.2.1_benchmark: rdf-scan chunk — 130,013,302 triples · 42 chunks · 22,548,581,979 bytes read
  Partitioned compression: HG005_GRCh38_1_22_v4.2.1_benchmark: hdt-chunks started — 41 chunks · hdt-build-00041
  Partitioned compression: HG005_GRCh38_1_22_v4.2.1_benchmark: hdt-chunks complete — 42 chunks · hdt-build-00041
  Partitioned compression: HG005_GRCh38_1_22_v4.2.1_benchmark: rdf-scan heartbeat — 130,013,442 triples · 22,548,607,597 bytes read
  Partitioned compression: HG005_GRCh38_1_22_v4.2.1_benchmark: rdf-scan heartbeat — 130,380,076 triples · 22,615,716,612 bytes read
  Partitioned compression: HG005_GRCh38_1_22_v4.2.1_benchmark: rdf-scan heartbeat — 130,746,743 triples · 22,682,825,539 bytes read
  Partitioned compression: HG005_GRCh38_1_22_v4.2.1_benchmark: rdf-scan heartbeat — 131,113,404 triples · 22,749,934,539 bytes read
  Partitioned compression: HG005_GRCh38_1_22_v4.2.1_benchmark: rdf-scan heartbeat — 131,480,090 triples · 22,817,043,513 bytes read
  Partitioned compression: HG005_GRCh38_1_22_v4.2.1_benchmark: rdf-scan heartbeat — 131,846,764 triples · 22,884,152,418 bytes read
  Partitioned compression: HG005_GRCh38_1_22_v4.2.1_benchmark: rdf-scan heartbeat — 132,213,466 triples · 22,951,261,401 bytes read
  Partitioned compression: HG005_GRCh38_1_22_v4.2.1_benchmark: rdf-scan heartbeat — 132,580,102 triples · 23,018,370,272 bytes read
  Partitioned compression: HG005_GRCh38_1_22_v4.2.1_benchmark: rdf-scan chunk — 132,946,593 triples · 43 chunks · 23,085,452,959 bytes read
  Partitioned compression: HG005_GRCh38_1_22_v4.2.1_benchmark: hdt-chunks started — 42 chunks · hdt-build-00042
  Partitioned compression: HG005_GRCh38_1_22_v4.2.1_benchmark: hdt-chunks complete — 43 chunks · hdt-build-00042
  Partitioned compression: HG005_GRCh38_1_22_v4.2.1_benchmark: rdf-scan heartbeat — 132,946,737 triples · 23,085,479,337 bytes read
  Partitioned compression: HG005_GRCh38_1_22_v4.2.1_benchmark: rdf-scan heartbeat — 133,313,403 triples · 23,152,588,308 bytes read
  Partitioned compression: HG005_GRCh38_1_22_v4.2.1_benchmark: rdf-scan heartbeat — 133,680,054 triples · 23,219,697,293 bytes read
  Partitioned compression: HG005_GRCh38_1_22_v4.2.1_benchmark: rdf-scan heartbeat — 134,046,709 triples · 23,286,806,168 bytes read
  Partitioned compression: HG005_GRCh38_1_22_v4.2.1_benchmark: rdf-scan heartbeat — 134,413,387 triples · 23,353,915,173 bytes read
  Partitioned compression: HG005_GRCh38_1_22_v4.2.1_benchmark: rdf-scan heartbeat — 134,780,052 triples · 23,421,024,079 bytes read
  Partitioned compression: HG005_GRCh38_1_22_v4.2.1_benchmark: rdf-scan heartbeat — 135,146,685 triples · 23,488,133,008 bytes read
  Partitioned compression: HG005_GRCh38_1_22_v4.2.1_benchmark: rdf-scan heartbeat — 135,513,374 triples · 23,555,241,909 bytes read
  Partitioned compression: HG005_GRCh38_1_22_v4.2.1_benchmark: rdf-scan chunk — 135,879,930 triples · 44 chunks · 23,622,323,950 bytes read
  Partitioned compression: HG005_GRCh38_1_22_v4.2.1_benchmark: hdt-chunks started — 43 chunks · hdt-build-00043
  Partitioned compression: HG005_GRCh38_1_22_v4.2.1_benchmark: hdt-chunks complete — 44 chunks · hdt-build-00043
  Partitioned compression: HG005_GRCh38_1_22_v4.2.1_benchmark: rdf-scan heartbeat — 135,880,077 triples · 23,622,350,857 bytes read
  Partitioned compression: HG005_GRCh38_1_22_v4.2.1_benchmark: rdf-scan heartbeat — 136,246,747 triples · 23,689,459,865 bytes read
  Partitioned compression: HG005_GRCh38_1_22_v4.2.1_benchmark: rdf-scan heartbeat — 136,613,424 triples · 23,756,568,849 bytes read
  Partitioned compression: HG005_GRCh38_1_22_v4.2.1_benchmark: rdf-scan heartbeat — 136,980,135 triples · 23,823,677,799 bytes read
  Partitioned compression: HG005_GRCh38_1_22_v4.2.1_benchmark: rdf-scan heartbeat — 137,346,855 triples · 23,890,786,841 bytes read
  Partitioned compression: HG005_GRCh38_1_22_v4.2.1_benchmark: rdf-scan heartbeat — 137,713,563 triples · 23,957,895,711 bytes read
  Partitioned compression: HG005_GRCh38_1_22_v4.2.1_benchmark: rdf-scan heartbeat — 138,080,270 triples · 24,025,004,636 bytes read
  Partitioned compression: HG005_GRCh38_1_22_v4.2.1_benchmark: rdf-scan heartbeat — 138,446,982 triples · 24,092,113,623 bytes read
  Partitioned compression: HG005_GRCh38_1_22_v4.2.1_benchmark: rdf-scan chunk — 138,813,504 triples · 45 chunks · 24,159,194,957 bytes read
  Partitioned compression: HG005_GRCh38_1_22_v4.2.1_benchmark: hdt-chunks started — 44 chunks · hdt-build-00044
  Partitioned compression: HG005_GRCh38_1_22_v4.2.1_benchmark: hdt-chunks complete — 45 chunks · hdt-build-00044
  Partitioned compression: HG005_GRCh38_1_22_v4.2.1_benchmark: rdf-scan heartbeat — 138,813,655 triples · 24,159,222,599 bytes read
  Partitioned compression: HG005_GRCh38_1_22_v4.2.1_benchmark: rdf-scan heartbeat — 139,180,332 triples · 24,226,331,557 bytes read
  Partitioned compression: HG005_GRCh38_1_22_v4.2.1_benchmark: rdf-scan heartbeat — 139,546,999 triples · 24,293,440,432 bytes read
  Partitioned compression: HG005_GRCh38_1_22_v4.2.1_benchmark: rdf-scan heartbeat — 139,913,689 triples · 24,360,549,443 bytes read
  Partitioned compression: HG005_GRCh38_1_22_v4.2.1_benchmark: rdf-scan heartbeat — 140,280,387 triples · 24,427,658,337 bytes read
  Partitioned compression: HG005_GRCh38_1_22_v4.2.1_benchmark: rdf-scan heartbeat — 140,647,267 triples · 24,494,767,275 bytes read
  Partitioned compression: HG005_GRCh38_1_22_v4.2.1_benchmark: rdf-scan heartbeat — 141,014,767 triples · 24,561,876,243 bytes read
  Partitioned compression: HG005_GRCh38_1_22_v4.2.1_benchmark: rdf-scan heartbeat — 141,382,246 triples · 24,628,985,111 bytes read
  Partitioned compression: HG005_GRCh38_1_22_v4.2.1_benchmark: rdf-scan chunk — 141,749,459 triples · 46 chunks · 24,696,065,916 bytes read
  Partitioned compression: HG005_GRCh38_1_22_v4.2.1_benchmark: hdt-chunks started — 45 chunks · hdt-build-00045
  Partitioned compression: HG005_GRCh38_1_22_v4.2.1_benchmark: hdt-chunks complete — 46 chunks · hdt-build-00045
  Partitioned compression: HG005_GRCh38_1_22_v4.2.1_benchmark: rdf-scan heartbeat — 141,749,613 triples · 24,696,094,052 bytes read
  Partitioned compression: HG005_GRCh38_1_22_v4.2.1_benchmark: rdf-scan heartbeat — 142,116,284 triples · 24,763,202,972 bytes read
  Partitioned compression: HG005_GRCh38_1_22_v4.2.1_benchmark: rdf-scan heartbeat — 142,482,938 triples · 24,830,311,960 bytes read
  Partitioned compression: HG005_GRCh38_1_22_v4.2.1_benchmark: rdf-scan heartbeat — 142,849,607 triples · 24,897,420,976 bytes read
  Partitioned compression: HG005_GRCh38_1_22_v4.2.1_benchmark: rdf-scan heartbeat — 143,216,248 triples · 24,964,529,997 bytes read
  Partitioned compression: HG005_GRCh38_1_22_v4.2.1_benchmark: rdf-scan heartbeat — 143,582,928 triples · 25,031,638,959 bytes read
  Partitioned compression: HG005_GRCh38_1_22_v4.2.1_benchmark: rdf-scan heartbeat — 143,949,617 triples · 25,098,747,926 bytes read
  Partitioned compression: HG005_GRCh38_1_22_v4.2.1_benchmark: rdf-scan heartbeat — 144,316,307 triples · 25,165,856,966 bytes read
  Partitioned compression: HG005_GRCh38_1_22_v4.2.1_benchmark: rdf-scan chunk — 144,682,833 triples · 47 chunks · 25,232,936,966 bytes read
  Partitioned compression: HG005_GRCh38_1_22_v4.2.1_benchmark: hdt-chunks started — 46 chunks · hdt-build-00046
  Partitioned compression: HG005_GRCh38_1_22_v4.2.1_benchmark: hdt-chunks complete — 47 chunks · hdt-build-00046
  Partitioned compression: HG005_GRCh38_1_22_v4.2.1_benchmark: rdf-scan heartbeat — 144,682,992 triples · 25,232,966,012 bytes read
  Partitioned compression: HG005_GRCh38_1_22_v4.2.1_benchmark: rdf-scan heartbeat — 145,049,696 triples · 25,300,075,030 bytes read
  Partitioned compression: HG005_GRCh38_1_22_v4.2.1_benchmark: rdf-scan heartbeat — 145,416,394 triples · 25,367,183,907 bytes read
  Partitioned compression: HG005_GRCh38_1_22_v4.2.1_benchmark: rdf-scan heartbeat — 145,783,080 triples · 25,434,292,787 bytes read
  Partitioned compression: HG005_GRCh38_1_22_v4.2.1_benchmark: rdf-scan heartbeat — 146,149,748 triples · 25,501,401,685 bytes read
  Partitioned compression: HG005_GRCh38_1_22_v4.2.1_benchmark: rdf-scan heartbeat — 146,516,413 triples · 25,568,510,627 bytes read
  Partitioned compression: HG005_GRCh38_1_22_v4.2.1_benchmark: rdf-scan heartbeat — 146,883,086 triples · 25,635,619,590 bytes read
  Partitioned compression: HG005_GRCh38_1_22_v4.2.1_benchmark: rdf-scan heartbeat — 147,249,757 triples · 25,702,728,514 bytes read
  Partitioned compression: HG005_GRCh38_1_22_v4.2.1_benchmark: rdf-scan chunk — 147,616,247 triples · 48 chunks · 25,769,808,060 bytes read
  Partitioned compression: HG005_GRCh38_1_22_v4.2.1_benchmark: hdt-chunks started — 47 chunks · hdt-build-00047
  Partitioned compression: HG005_GRCh38_1_22_v4.2.1_benchmark: hdt-chunks complete — 48 chunks · hdt-build-00047
  Partitioned compression: HG005_GRCh38_1_22_v4.2.1_benchmark: rdf-scan heartbeat — 147,616,408 triples · 25,769,837,543 bytes read
  Partitioned compression: HG005_GRCh38_1_22_v4.2.1_benchmark: rdf-scan heartbeat — 147,983,076 triples · 25,836,946,453 bytes read
  Partitioned compression: HG005_GRCh38_1_22_v4.2.1_benchmark: rdf-scan heartbeat — 148,349,734 triples · 25,904,055,452 bytes read
  Partitioned compression: HG005_GRCh38_1_22_v4.2.1_benchmark: rdf-scan heartbeat — 148,716,398 triples · 25,971,164,346 bytes read
  Partitioned compression: HG005_GRCh38_1_22_v4.2.1_benchmark: rdf-scan heartbeat — 149,083,078 triples · 26,038,273,222 bytes read
  Partitioned compression: HG005_GRCh38_1_22_v4.2.1_benchmark: rdf-scan heartbeat — 149,449,749 triples · 26,105,382,193 bytes read
  Partitioned compression: HG005_GRCh38_1_22_v4.2.1_benchmark: rdf-scan heartbeat — 149,816,409 triples · 26,172,491,166 bytes read
  Partitioned compression: HG005_GRCh38_1_22_v4.2.1_benchmark: rdf-scan heartbeat — 150,183,067 triples · 26,239,600,169 bytes read
  Partitioned compression: HG005_GRCh38_1_22_v4.2.1_benchmark: rdf-scan chunk — 150,549,569 triples · 49 chunks · 26,306,679,002 bytes read
  Partitioned compression: HG005_GRCh38_1_22_v4.2.1_benchmark: hdt-chunks started — 48 chunks · hdt-build-00048
  Partitioned compression: HG005_GRCh38_1_22_v4.2.1_benchmark: hdt-chunks complete — 49 chunks · hdt-build-00048
  Partitioned compression: HG005_GRCh38_1_22_v4.2.1_benchmark: rdf-scan heartbeat — 150,549,733 triples · 26,306,709,051 bytes read
  Partitioned compression: HG005_GRCh38_1_22_v4.2.1_benchmark: rdf-scan heartbeat — 150,916,427 triples · 26,373,818,037 bytes read
  Partitioned compression: HG005_GRCh38_1_22_v4.2.1_benchmark: rdf-scan heartbeat — 151,283,122 triples · 26,440,927,033 bytes read
  Partitioned compression: HG005_GRCh38_1_22_v4.2.1_benchmark: rdf-scan heartbeat — 151,649,817 triples · 26,508,035,969 bytes read
  Partitioned compression: HG005_GRCh38_1_22_v4.2.1_benchmark: rdf-scan heartbeat — 152,016,452 triples · 26,575,144,998 bytes read
  Partitioned compression: HG005_GRCh38_1_22_v4.2.1_benchmark: rdf-scan heartbeat — 152,383,089 triples · 26,642,253,929 bytes read
  Partitioned compression: HG005_GRCh38_1_22_v4.2.1_benchmark: rdf-scan heartbeat — 152,749,740 triples · 26,709,362,951 bytes read
  Partitioned compression: HG005_GRCh38_1_22_v4.2.1_benchmark: rdf-scan heartbeat — 153,116,411 triples · 26,776,471,882 bytes read
  Partitioned compression: HG005_GRCh38_1_22_v4.2.1_benchmark: rdf-scan chunk — 153,482,909 triples · 50 chunks · 26,843,550,009 bytes read
  Partitioned compression: HG005_GRCh38_1_22_v4.2.1_benchmark: hdt-chunks started — 49 chunks · hdt-build-00049
  Partitioned compression: HG005_GRCh38_1_22_v4.2.1_benchmark: hdt-chunks complete — 50 chunks · hdt-build-00049
  Partitioned compression: HG005_GRCh38_1_22_v4.2.1_benchmark: rdf-scan heartbeat — 153,483,078 triples · 26,843,580,896 bytes read
  Partitioned compression: HG005_GRCh38_1_22_v4.2.1_benchmark: rdf-scan heartbeat — 153,849,741 triples · 26,910,689,953 bytes read
  Partitioned compression: HG005_GRCh38_1_22_v4.2.1_benchmark: rdf-scan heartbeat — 154,216,427 triples · 26,977,798,937 bytes read
  Partitioned compression: HG005_GRCh38_1_22_v4.2.1_benchmark: rdf-scan heartbeat — 154,583,139 triples · 27,044,907,823 bytes read
  Partitioned compression: HG005_GRCh38_1_22_v4.2.1_benchmark: rdf-scan heartbeat — 154,949,844 triples · 27,112,016,702 bytes read
  Partitioned compression: HG005_GRCh38_1_22_v4.2.1_benchmark: rdf-scan heartbeat — 155,316,579 triples · 27,179,125,636 bytes read
  Partitioned compression: HG005_GRCh38_1_22_v4.2.1_benchmark: rdf-scan heartbeat — 155,683,282 triples · 27,246,234,568 bytes read
  Partitioned compression: HG005_GRCh38_1_22_v4.2.1_benchmark: rdf-scan heartbeat — 156,049,989 triples · 27,313,343,560 bytes read
  Partitioned compression: HG005_GRCh38_1_22_v4.2.1_benchmark: rdf-scan chunk — 156,416,578 triples · 51 chunks · 27,380,421,069 bytes read
  Partitioned compression: HG005_GRCh38_1_22_v4.2.1_benchmark: hdt-chunks started — 50 chunks · hdt-build-00050
  Partitioned compression: HG005_GRCh38_1_22_v4.2.1_benchmark: hdt-chunks complete — 51 chunks · hdt-build-00050
  Partitioned compression: HG005_GRCh38_1_22_v4.2.1_benchmark: rdf-scan heartbeat — 156,416,750 triples · 27,380,452,456 bytes read
  Partitioned compression: HG005_GRCh38_1_22_v4.2.1_benchmark: rdf-scan heartbeat — 156,783,445 triples · 27,447,561,465 bytes read
  Partitioned compression: HG005_GRCh38_1_22_v4.2.1_benchmark: rdf-scan heartbeat — 157,150,144 triples · 27,514,670,363 bytes read
  Partitioned compression: HG005_GRCh38_1_22_v4.2.1_benchmark: rdf-scan heartbeat — 157,516,828 triples · 27,581,779,296 bytes read
  Partitioned compression: HG005_GRCh38_1_22_v4.2.1_benchmark: rdf-scan heartbeat — 157,883,491 triples · 27,648,888,227 bytes read
  Partitioned compression: HG005_GRCh38_1_22_v4.2.1_benchmark: rdf-scan heartbeat — 158,250,173 triples · 27,715,997,123 bytes read
  Partitioned compression: HG005_GRCh38_1_22_v4.2.1_benchmark: rdf-scan heartbeat — 158,616,855 triples · 27,783,106,089 bytes read
  Partitioned compression: HG005_GRCh38_1_22_v4.2.1_benchmark: rdf-scan heartbeat — 158,983,533 triples · 27,850,215,058 bytes read
  Partitioned compression: HG005_GRCh38_1_22_v4.2.1_benchmark: rdf-scan chunk — 159,350,037 triples · 52 chunks · 27,917,292,038 bytes read
  Partitioned compression: HG005_GRCh38_1_22_v4.2.1_benchmark: hdt-chunks started — 51 chunks · hdt-build-00051
  Partitioned compression: HG005_GRCh38_1_22_v4.2.1_benchmark: hdt-chunks complete — 52 chunks · hdt-build-00051
  Partitioned compression: HG005_GRCh38_1_22_v4.2.1_benchmark: rdf-scan heartbeat — 159,350,212 triples · 27,917,324,039 bytes read
  Partitioned compression: HG005_GRCh38_1_22_v4.2.1_benchmark: rdf-scan heartbeat — 159,716,905 triples · 27,984,433,037 bytes read
  Partitioned compression: HG005_GRCh38_1_22_v4.2.1_benchmark: rdf-scan heartbeat — 160,083,574 triples · 28,051,542,052 bytes read
  Partitioned compression: HG005_GRCh38_1_22_v4.2.1_benchmark: rdf-scan heartbeat — 160,450,251 triples · 28,118,651,087 bytes read
  Partitioned compression: HG005_GRCh38_1_22_v4.2.1_benchmark: rdf-scan heartbeat — 160,816,916 triples · 28,185,759,984 bytes read
  Partitioned compression: HG005_GRCh38_1_22_v4.2.1_benchmark: rdf-scan heartbeat — 161,183,598 triples · 28,252,868,870 bytes read
  Partitioned compression: HG005_GRCh38_1_22_v4.2.1_benchmark: rdf-scan heartbeat — 161,550,296 triples · 28,319,977,760 bytes read
  Partitioned compression: HG005_GRCh38_1_22_v4.2.1_benchmark: rdf-scan heartbeat — 161,916,987 triples · 28,387,086,702 bytes read
  Partitioned compression: HG005_GRCh38_1_22_v4.2.1_benchmark: rdf-scan chunk — 162,283,558 triples · 53 chunks · 28,454,163,088 bytes read
  Partitioned compression: HG005_GRCh38_1_22_v4.2.1_benchmark: hdt-chunks started — 52 chunks · hdt-build-00052
  Partitioned compression: HG005_GRCh38_1_22_v4.2.1_benchmark: hdt-chunks complete — 53 chunks · hdt-build-00052
  Partitioned compression: HG005_GRCh38_1_22_v4.2.1_benchmark: rdf-scan heartbeat — 162,283,736 triples · 28,454,195,690 bytes read
  Partitioned compression: HG005_GRCh38_1_22_v4.2.1_benchmark: rdf-scan heartbeat — 162,650,461 triples · 28,521,304,661 bytes read
  Partitioned compression: HG005_GRCh38_1_22_v4.2.1_benchmark: rdf-scan heartbeat — 163,017,168 triples · 28,588,413,706 bytes read
  Partitioned compression: HG005_GRCh38_1_22_v4.2.1_benchmark: rdf-scan heartbeat — 163,383,897 triples · 28,655,522,620 bytes read
  Partitioned compression: HG005_GRCh38_1_22_v4.2.1_benchmark: rdf-scan heartbeat — 163,750,602 triples · 28,722,631,645 bytes read
  Partitioned compression: HG005_GRCh38_1_22_v4.2.1_benchmark: rdf-scan heartbeat — 164,117,256 triples · 28,789,740,590 bytes read
  Partitioned compression: HG005_GRCh38_1_22_v4.2.1_benchmark: rdf-scan heartbeat — 164,483,922 triples · 28,856,849,516 bytes read
  Partitioned compression: HG005_GRCh38_1_22_v4.2.1_benchmark: rdf-scan heartbeat — 164,850,600 triples · 28,923,958,505 bytes read
  Partitioned compression: HG005_GRCh38_1_22_v4.2.1_benchmark: rdf-scan chunk — 165,217,059 triples · 54 chunks · 28,991,034,003 bytes read
  Partitioned compression: HG005_GRCh38_1_22_v4.2.1_benchmark: hdt-chunks started — 53 chunks · hdt-build-00053
  Partitioned compression: HG005_GRCh38_1_22_v4.2.1_benchmark: hdt-chunks complete — 54 chunks · hdt-build-00053
  Partitioned compression: HG005_GRCh38_1_22_v4.2.1_benchmark: rdf-scan heartbeat — 165,217,241 triples · 28,991,067,388 bytes read
  Partitioned compression: HG005_GRCh38_1_22_v4.2.1_benchmark: rdf-scan heartbeat — 165,583,915 triples · 29,058,176,307 bytes read
  Partitioned compression: HG005_GRCh38_1_22_v4.2.1_benchmark: rdf-scan heartbeat — 165,950,608 triples · 29,125,285,197 bytes read
  Partitioned compression: HG005_GRCh38_1_22_v4.2.1_benchmark: rdf-scan heartbeat — 166,317,294 triples · 29,192,394,067 bytes read
  Partitioned compression: HG005_GRCh38_1_22_v4.2.1_benchmark: rdf-scan heartbeat — 166,683,965 triples · 29,259,502,941 bytes read
  Partitioned compression: HG005_GRCh38_1_22_v4.2.1_benchmark: rdf-scan heartbeat — 167,050,621 triples · 29,326,611,855 bytes read
  Partitioned compression: HG005_GRCh38_1_22_v4.2.1_benchmark: rdf-scan heartbeat — 167,417,280 triples · 29,393,720,883 bytes read
  Partitioned compression: HG005_GRCh38_1_22_v4.2.1_benchmark: rdf-scan heartbeat — 167,783,948 triples · 29,460,829,924 bytes read
  Partitioned compression: HG005_GRCh38_1_22_v4.2.1_benchmark: rdf-scan chunk — 168,150,435 triples · 55 chunks · 29,527,905,034 bytes read
  Partitioned compression: HG005_GRCh38_1_22_v4.2.1_benchmark: hdt-chunks started — 54 chunks · hdt-build-00054
  Partitioned compression: HG005_GRCh38_1_22_v4.2.1_benchmark: hdt-chunks complete — 55 chunks · hdt-build-00054
  Partitioned compression: HG005_GRCh38_1_22_v4.2.1_benchmark: rdf-scan heartbeat — 168,150,620 triples · 29,527,938,827 bytes read
  Partitioned compression: HG005_GRCh38_1_22_v4.2.1_benchmark: rdf-scan heartbeat — 168,517,295 triples · 29,595,047,827 bytes read
  Partitioned compression: HG005_GRCh38_1_22_v4.2.1_benchmark: rdf-scan heartbeat — 168,883,996 triples · 29,662,156,702 bytes read
  Partitioned compression: HG005_GRCh38_1_22_v4.2.1_benchmark: rdf-scan heartbeat — 169,250,678 triples · 29,729,265,645 bytes read
  Partitioned compression: HG005_GRCh38_1_22_v4.2.1_benchmark: rdf-scan heartbeat — 169,617,367 triples · 29,796,374,611 bytes read
  Partitioned compression: HG005_GRCh38_1_22_v4.2.1_benchmark: rdf-scan heartbeat — 169,984,065 triples · 29,863,483,517 bytes read
  Partitioned compression: HG005_GRCh38_1_22_v4.2.1_benchmark: rdf-scan heartbeat — 170,350,795 triples · 29,930,592,466 bytes read
  Partitioned compression: HG005_GRCh38_1_22_v4.2.1_benchmark: rdf-scan heartbeat — 170,717,510 triples · 29,997,701,357 bytes read
  Partitioned compression: HG005_GRCh38_1_22_v4.2.1_benchmark: rdf-scan chunk — 171,084,013 triples · 56 chunks · 30,064,776,076 bytes read
  Partitioned compression: HG005_GRCh38_1_22_v4.2.1_benchmark: hdt-chunks started — 55 chunks · hdt-build-00055
  Partitioned compression: HG005_GRCh38_1_22_v4.2.1_benchmark: hdt-chunks complete — 56 chunks · hdt-build-00055
  Partitioned compression: HG005_GRCh38_1_22_v4.2.1_benchmark: rdf-scan heartbeat — 171,084,201 triples · 30,064,810,382 bytes read
  Partitioned compression: HG005_GRCh38_1_22_v4.2.1_benchmark: rdf-scan heartbeat — 171,450,946 triples · 30,131,919,404 bytes read
  Partitioned compression: HG005_GRCh38_1_22_v4.2.1_benchmark: rdf-scan heartbeat — 171,817,691 triples · 30,199,028,314 bytes read
  Partitioned compression: HG005_GRCh38_1_22_v4.2.1_benchmark: rdf-scan heartbeat — 172,184,454 triples · 30,266,137,206 bytes read
  Partitioned compression: HG005_GRCh38_1_22_v4.2.1_benchmark: rdf-scan heartbeat — 172,551,204 triples · 30,333,246,131 bytes read
  Partitioned compression: HG005_GRCh38_1_22_v4.2.1_benchmark: rdf-scan heartbeat — 172,917,991 triples · 30,400,355,106 bytes read
  Partitioned compression: HG005_GRCh38_1_22_v4.2.1_benchmark: rdf-scan heartbeat — 173,284,699 triples · 30,467,464,068 bytes read
  Partitioned compression: HG005_GRCh38_1_22_v4.2.1_benchmark: rdf-scan heartbeat — 173,651,444 triples · 30,534,572,943 bytes read
  Partitioned compression: HG005_GRCh38_1_22_v4.2.1_benchmark: rdf-scan chunk — 174,017,994 triples · 57 chunks · 30,601,647,167 bytes read
  Partitioned compression: HG005_GRCh38_1_22_v4.2.1_benchmark: hdt-chunks started — 56 chunks · hdt-build-00056
  Partitioned compression: HG005_GRCh38_1_22_v4.2.1_benchmark: hdt-chunks complete — 57 chunks · hdt-build-00056
  Partitioned compression: HG005_GRCh38_1_22_v4.2.1_benchmark: rdf-scan heartbeat — 174,018,184 triples · 30,601,681,984 bytes read
  Partitioned compression: HG005_GRCh38_1_22_v4.2.1_benchmark: rdf-scan heartbeat — 174,384,870 triples · 30,668,790,993 bytes read
  Partitioned compression: HG005_GRCh38_1_22_v4.2.1_benchmark: rdf-scan heartbeat — 174,751,584 triples · 30,735,899,923 bytes read
  Partitioned compression: HG005_GRCh38_1_22_v4.2.1_benchmark: rdf-scan heartbeat — 175,118,288 triples · 30,803,008,898 bytes read
  Partitioned compression: HG005_GRCh38_1_22_v4.2.1_benchmark: rdf-scan heartbeat — 175,485,007 triples · 30,870,117,851 bytes read
  Partitioned compression: HG005_GRCh38_1_22_v4.2.1_benchmark: rdf-scan heartbeat — 175,851,692 triples · 30,937,226,744 bytes read
  Partitioned compression: HG005_GRCh38_1_22_v4.2.1_benchmark: rdf-scan heartbeat — 176,218,393 triples · 31,004,335,728 bytes read
  Partitioned compression: HG005_GRCh38_1_22_v4.2.1_benchmark: rdf-scan heartbeat — 176,585,061 triples · 31,071,444,625 bytes read
  Partitioned compression: HG005_GRCh38_1_22_v4.2.1_benchmark: rdf-scan chunk — 176,951,567 triples · 58 chunks · 31,138,518,118 bytes read
  Partitioned compression: HG005_GRCh38_1_22_v4.2.1_benchmark: hdt-chunks started — 57 chunks · hdt-build-00057
  Partitioned compression: HG005_GRCh38_1_22_v4.2.1_benchmark: hdt-chunks complete — 58 chunks · hdt-build-00057
  Partitioned compression: HG005_GRCh38_1_22_v4.2.1_benchmark: rdf-scan heartbeat — 176,951,761 triples · 31,138,553,592 bytes read
  Partitioned compression: HG005_GRCh38_1_22_v4.2.1_benchmark: rdf-scan heartbeat — 177,318,436 triples · 31,205,662,587 bytes read
  Partitioned compression: HG005_GRCh38_1_22_v4.2.1_benchmark: rdf-scan heartbeat — 177,685,124 triples · 31,272,771,620 bytes read
  Partitioned compression: HG005_GRCh38_1_22_v4.2.1_benchmark: rdf-scan heartbeat — 178,051,807 triples · 31,339,880,506 bytes read
  Partitioned compression: HG005_GRCh38_1_22_v4.2.1_benchmark: rdf-scan heartbeat — 178,418,441 triples · 31,406,989,496 bytes read
  Partitioned compression: HG005_GRCh38_1_22_v4.2.1_benchmark: rdf-scan heartbeat — 178,785,124 triples · 31,474,098,404 bytes read
  Partitioned compression: HG005_GRCh38_1_22_v4.2.1_benchmark: rdf-scan heartbeat — 179,151,762 triples · 31,541,207,348 bytes read
  Partitioned compression: HG005_GRCh38_1_22_v4.2.1_benchmark: rdf-scan heartbeat — 179,518,406 triples · 31,608,316,381 bytes read
  Partitioned compression: HG005_GRCh38_1_22_v4.2.1_benchmark: rdf-scan chunk — 179,884,859 triples · 59 chunks · 31,675,389,055 bytes read
  Partitioned compression: HG005_GRCh38_1_22_v4.2.1_benchmark: hdt-chunks started — 58 chunks · hdt-build-00058
  Partitioned compression: HG005_GRCh38_1_22_v4.2.1_benchmark: hdt-chunks complete — 59 chunks · hdt-build-00058
  Partitioned compression: HG005_GRCh38_1_22_v4.2.1_benchmark: rdf-scan heartbeat — 179,885,057 triples · 31,675,425,355 bytes read
  Partitioned compression: HG005_GRCh38_1_22_v4.2.1_benchmark: rdf-scan heartbeat — 180,251,731 triples · 31,742,534,312 bytes read
  Partitioned compression: HG005_GRCh38_1_22_v4.2.1_benchmark: rdf-scan heartbeat — 180,618,381 triples · 31,809,643,326 bytes read
  Partitioned compression: HG005_GRCh38_1_22_v4.2.1_benchmark: rdf-scan heartbeat — 180,985,075 triples · 31,876,752,308 bytes read
  Partitioned compression: HG005_GRCh38_1_22_v4.2.1_benchmark: rdf-scan heartbeat — 181,351,750 triples · 31,943,861,197 bytes read
  Partitioned compression: HG005_GRCh38_1_22_v4.2.1_benchmark: rdf-scan heartbeat — 181,718,393 triples · 32,010,970,184 bytes read
  Partitioned compression: HG005_GRCh38_1_22_v4.2.1_benchmark: rdf-scan heartbeat — 182,085,046 triples · 32,078,079,205 bytes read
  Partitioned compression: HG005_GRCh38_1_22_v4.2.1_benchmark: rdf-scan heartbeat — 182,451,713 triples · 32,145,188,183 bytes read
  Partitioned compression: HG005_GRCh38_1_22_v4.2.1_benchmark: rdf-scan chunk — 182,818,154 triples · 60 chunks · 32,212,260,107 bytes read
  Partitioned compression: HG005_GRCh38_1_22_v4.2.1_benchmark: hdt-chunks started — 59 chunks · hdt-build-00059
  Partitioned compression: HG005_GRCh38_1_22_v4.2.1_benchmark: hdt-chunks complete — 60 chunks · hdt-build-00059
  Partitioned compression: HG005_GRCh38_1_22_v4.2.1_benchmark: rdf-scan heartbeat — 182,818,356 triples · 32,212,297,056 bytes read
  Partitioned compression: HG005_GRCh38_1_22_v4.2.1_benchmark: rdf-scan heartbeat — 183,185,025 triples · 32,279,405,981 bytes read
  Partitioned compression: HG005_GRCh38_1_22_v4.2.1_benchmark: rdf-scan heartbeat — 183,551,684 triples · 32,346,514,881 bytes read
  Partitioned compression: HG005_GRCh38_1_22_v4.2.1_benchmark: rdf-scan heartbeat — 183,918,353 triples · 32,413,623,900 bytes read
  Partitioned compression: HG005_GRCh38_1_22_v4.2.1_benchmark: rdf-scan heartbeat — 184,285,018 triples · 32,480,732,778 bytes read
  Partitioned compression: HG005_GRCh38_1_22_v4.2.1_benchmark: rdf-scan heartbeat — 184,651,690 triples · 32,547,841,673 bytes read
  Partitioned compression: HG005_GRCh38_1_22_v4.2.1_benchmark: rdf-scan heartbeat — 185,018,371 triples · 32,614,950,596 bytes read
  Partitioned compression: HG005_GRCh38_1_22_v4.2.1_benchmark: rdf-scan heartbeat — 185,385,087 triples · 32,682,059,641 bytes read
  Partitioned compression: HG005_GRCh38_1_22_v4.2.1_benchmark: rdf-scan chunk — 185,751,576 triples · 61 chunks · 32,749,131,032 bytes read
  Partitioned compression: HG005_GRCh38_1_22_v4.2.1_benchmark: hdt-chunks started — 60 chunks · hdt-build-00060
  Partitioned compression: HG005_GRCh38_1_22_v4.2.1_benchmark: hdt-chunks complete — 61 chunks · hdt-build-00060
  Partitioned compression: HG005_GRCh38_1_22_v4.2.1_benchmark: rdf-scan heartbeat — 185,751,781 triples · 32,749,168,614 bytes read
  Partitioned compression: HG005_GRCh38_1_22_v4.2.1_benchmark: rdf-scan heartbeat — 186,118,519 triples · 32,816,277,557 bytes read
  Partitioned compression: HG005_GRCh38_1_22_v4.2.1_benchmark: rdf-scan heartbeat — 186,485,295 triples · 32,883,386,614 bytes read
  Partitioned compression: HG005_GRCh38_1_22_v4.2.1_benchmark: rdf-scan heartbeat — 186,851,997 triples · 32,950,495,563 bytes read
  Partitioned compression: HG005_GRCh38_1_22_v4.2.1_benchmark: rdf-scan heartbeat — 187,218,697 triples · 33,017,604,492 bytes read
  Partitioned compression: HG005_GRCh38_1_22_v4.2.1_benchmark: rdf-scan heartbeat — 187,585,393 triples · 33,084,713,369 bytes read
  Partitioned compression: HG005_GRCh38_1_22_v4.2.1_benchmark: rdf-scan heartbeat — 187,952,118 triples · 33,151,822,324 bytes read
  Partitioned compression: HG005_GRCh38_1_22_v4.2.1_benchmark: rdf-scan heartbeat — 188,318,823 triples · 33,218,931,313 bytes read
  Partitioned compression: HG005_GRCh38_1_22_v4.2.1_benchmark: rdf-scan chunk — 188,685,314 triples · 62 chunks · 33,286,002,029 bytes read
  Partitioned compression: HG005_GRCh38_1_22_v4.2.1_benchmark: hdt-chunks started — 61 chunks · hdt-build-00061
  Partitioned compression: HG005_GRCh38_1_22_v4.2.1_benchmark: hdt-chunks complete — 62 chunks · hdt-build-00061
  Partitioned compression: HG005_GRCh38_1_22_v4.2.1_benchmark: rdf-scan heartbeat — 188,685,523 triples · 33,286,040,249 bytes read
  Partitioned compression: HG005_GRCh38_1_22_v4.2.1_benchmark: rdf-scan heartbeat — 189,052,187 triples · 33,353,149,185 bytes read
  Partitioned compression: HG005_GRCh38_1_22_v4.2.1_benchmark: rdf-scan heartbeat — 189,418,879 triples · 33,420,258,178 bytes read
  Partitioned compression: HG005_GRCh38_1_22_v4.2.1_benchmark: rdf-scan heartbeat — 189,785,552 triples · 33,487,367,059 bytes read
  Partitioned compression: HG005_GRCh38_1_22_v4.2.1_benchmark: rdf-scan heartbeat — 190,152,230 triples · 33,554,476,024 bytes read
  Partitioned compression: HG005_GRCh38_1_22_v4.2.1_benchmark: rdf-scan heartbeat — 190,518,924 triples · 33,621,585,090 bytes read
  Partitioned compression: HG005_GRCh38_1_22_v4.2.1_benchmark: rdf-scan heartbeat — 190,885,596 triples · 33,688,694,071 bytes read
  Partitioned compression: HG005_GRCh38_1_22_v4.2.1_benchmark: rdf-scan heartbeat — 191,252,390 triples · 33,755,803,050 bytes read
  Partitioned compression: HG005_GRCh38_1_22_v4.2.1_benchmark: rdf-scan chunk — 191,618,842 triples · 63 chunks · 33,822,873,037 bytes read
  Partitioned compression: HG005_GRCh38_1_22_v4.2.1_benchmark: hdt-chunks started — 62 chunks · hdt-build-00062
  Partitioned compression: HG005_GRCh38_1_22_v4.2.1_benchmark: hdt-chunks complete — 63 chunks · hdt-build-00062
  Partitioned compression: HG005_GRCh38_1_22_v4.2.1_benchmark: rdf-scan heartbeat — 191,619,055 triples · 33,822,912,038 bytes read
  Partitioned compression: HG005_GRCh38_1_22_v4.2.1_benchmark: rdf-scan heartbeat — 191,985,748 triples · 33,890,021,058 bytes read
  Partitioned compression: HG005_GRCh38_1_22_v4.2.1_benchmark: rdf-scan heartbeat — 192,352,430 triples · 33,957,129,931 bytes read
  Partitioned compression: HG005_GRCh38_1_22_v4.2.1_benchmark: rdf-scan heartbeat — 192,719,101 triples · 34,024,238,861 bytes read
  Partitioned compression: HG005_GRCh38_1_22_v4.2.1_benchmark: rdf-scan heartbeat — 193,085,802 triples · 34,091,347,761 bytes read
  Partitioned compression: HG005_GRCh38_1_22_v4.2.1_benchmark: rdf-scan heartbeat — 193,452,454 triples · 34,158,456,637 bytes read
  Partitioned compression: HG005_GRCh38_1_22_v4.2.1_benchmark: rdf-scan heartbeat — 193,819,130 triples · 34,225,565,504 bytes read
  Partitioned compression: HG005_GRCh38_1_22_v4.2.1_benchmark: rdf-scan heartbeat — 194,185,789 triples · 34,292,674,404 bytes read
  Partitioned compression: HG005_GRCh38_1_22_v4.2.1_benchmark: rdf-scan chunk — 194,552,262 triples · 64 chunks · 34,359,744,125 bytes read
  Partitioned compression: HG005_GRCh38_1_22_v4.2.1_benchmark: hdt-chunks started — 63 chunks · hdt-build-00063
  Partitioned compression: HG005_GRCh38_1_22_v4.2.1_benchmark: hdt-chunks complete — 64 chunks · hdt-build-00063
  Partitioned compression: HG005_GRCh38_1_22_v4.2.1_benchmark: rdf-scan heartbeat — 194,552,477 triples · 34,359,783,451 bytes read
  Partitioned compression: HG005_GRCh38_1_22_v4.2.1_benchmark: rdf-scan heartbeat — 194,919,164 triples · 34,426,892,420 bytes read
  Partitioned compression: HG005_GRCh38_1_22_v4.2.1_benchmark: rdf-scan heartbeat — 195,285,831 triples · 34,494,001,358 bytes read
  Partitioned compression: HG005_GRCh38_1_22_v4.2.1_benchmark: rdf-scan heartbeat — 195,652,492 triples · 34,561,110,342 bytes read
  Partitioned compression: HG005_GRCh38_1_22_v4.2.1_benchmark: rdf-scan heartbeat — 196,019,147 triples · 34,628,219,407 bytes read
  Partitioned compression: HG005_GRCh38_1_22_v4.2.1_benchmark: rdf-scan heartbeat — 196,385,811 triples · 34,695,328,328 bytes read
  Partitioned compression: HG005_GRCh38_1_22_v4.2.1_benchmark: rdf-scan heartbeat — 196,752,477 triples · 34,762,437,324 bytes read
  Partitioned compression: HG005_GRCh38_1_22_v4.2.1_benchmark: rdf-scan heartbeat — 197,119,177 triples · 34,829,546,264 bytes read
  Partitioned compression: HG005_GRCh38_1_22_v4.2.1_benchmark: rdf-scan chunk — 197,485,663 triples · 65 chunks · 34,896,615,100 bytes read
  Partitioned compression: HG005_GRCh38_1_22_v4.2.1_benchmark: hdt-chunks started — 64 chunks · hdt-build-00064
  Partitioned compression: HG005_GRCh38_1_22_v4.2.1_benchmark: hdt-chunks complete — 65 chunks · hdt-build-00064
  Partitioned compression: HG005_GRCh38_1_22_v4.2.1_benchmark: rdf-scan heartbeat — 197,485,882 triples · 34,896,655,193 bytes read
  Partitioned compression: HG005_GRCh38_1_22_v4.2.1_benchmark: rdf-scan heartbeat — 197,852,572 triples · 34,963,764,157 bytes read
  Partitioned compression: HG005_GRCh38_1_22_v4.2.1_benchmark: rdf-scan heartbeat — 198,219,287 triples · 35,030,873,032 bytes read
  Partitioned compression: HG005_GRCh38_1_22_v4.2.1_benchmark: rdf-scan heartbeat — 198,586,013 triples · 35,097,982,021 bytes read
  Partitioned compression: HG005_GRCh38_1_22_v4.2.1_benchmark: rdf-scan heartbeat — 198,952,735 triples · 35,165,090,914 bytes read
  Partitioned compression: HG005_GRCh38_1_22_v4.2.1_benchmark: rdf-scan heartbeat — 199,319,416 triples · 35,232,199,952 bytes read
  Partitioned compression: HG005_GRCh38_1_22_v4.2.1_benchmark: rdf-scan heartbeat — 199,686,118 triples · 35,299,308,825 bytes read
  Partitioned compression: HG005_GRCh38_1_22_v4.2.1_benchmark: rdf-scan heartbeat — 200,052,808 triples · 35,366,417,709 bytes read
  Partitioned compression: HG005_GRCh38_1_22_v4.2.1_benchmark: rdf-scan chunk — 200,419,268 triples · 66 chunks · 35,433,486,067 bytes read
  Partitioned compression: HG005_GRCh38_1_22_v4.2.1_benchmark: hdt-chunks started — 65 chunks · hdt-build-00065
  Partitioned compression: HG005_GRCh38_1_22_v4.2.1_benchmark: hdt-chunks complete — 66 chunks · hdt-build-00065
  Partitioned compression: HG005_GRCh38_1_22_v4.2.1_benchmark: rdf-scan heartbeat — 200,419,489 triples · 35,433,526,602 bytes read
  Partitioned compression: HG005_GRCh38_1_22_v4.2.1_benchmark: rdf-scan heartbeat — 200,786,141 triples · 35,500,635,504 bytes read
  Partitioned compression: HG005_GRCh38_1_22_v4.2.1_benchmark: rdf-scan heartbeat — 201,152,831 triples · 35,567,744,525 bytes read
  Partitioned compression: HG005_GRCh38_1_22_v4.2.1_benchmark: rdf-scan heartbeat — 201,519,518 triples · 35,634,853,482 bytes read
  Partitioned compression: HG005_GRCh38_1_22_v4.2.1_benchmark: rdf-scan heartbeat — 201,886,193 triples · 35,701,962,513 bytes read
  Partitioned compression: HG005_GRCh38_1_22_v4.2.1_benchmark: rdf-scan heartbeat — 202,252,912 triples · 35,769,071,419 bytes read
  Partitioned compression: HG005_GRCh38_1_22_v4.2.1_benchmark: rdf-scan heartbeat — 202,619,621 triples · 35,836,180,389 bytes read
  Partitioned compression: HG005_GRCh38_1_22_v4.2.1_benchmark: rdf-scan heartbeat — 202,986,376 triples · 35,903,289,296 bytes read
  Partitioned compression: HG005_GRCh38_1_22_v4.2.1_benchmark: rdf-scan chunk — 203,352,873 triples · 67 chunks · 35,970,357,077 bytes read
  Partitioned compression: HG005_GRCh38_1_22_v4.2.1_benchmark: hdt-chunks started — 66 chunks · hdt-build-00066
  Partitioned compression: HG005_GRCh38_1_22_v4.2.1_benchmark: hdt-chunks complete — 67 chunks · hdt-build-00066
  Partitioned compression: HG005_GRCh38_1_22_v4.2.1_benchmark: rdf-scan heartbeat — 203,353,098 triples · 35,970,398,305 bytes read
  Partitioned compression: HG005_GRCh38_1_22_v4.2.1_benchmark: rdf-scan heartbeat — 203,719,849 triples · 36,037,507,205 bytes read
  Partitioned compression: HG005_GRCh38_1_22_v4.2.1_benchmark: rdf-scan heartbeat — 204,086,591 triples · 36,104,616,085 bytes read
  Partitioned compression: HG005_GRCh38_1_22_v4.2.1_benchmark: rdf-scan heartbeat — 204,453,276 triples · 36,171,725,023 bytes read
  Partitioned compression: HG005_GRCh38_1_22_v4.2.1_benchmark: rdf-scan heartbeat — 204,819,963 triples · 36,238,833,997 bytes read
  Partitioned compression: HG005_GRCh38_1_22_v4.2.1_benchmark: rdf-scan heartbeat — 205,186,641 triples · 36,305,942,942 bytes read
  Partitioned compression: HG005_GRCh38_1_22_v4.2.1_benchmark: rdf-scan heartbeat — 205,553,316 triples · 36,373,051,817 bytes read
  Partitioned compression: HG005_GRCh38_1_22_v4.2.1_benchmark: rdf-scan heartbeat — 205,919,974 triples · 36,440,160,792 bytes read
  Partitioned compression: HG005_GRCh38_1_22_v4.2.1_benchmark: rdf-scan chunk — 206,286,460 triples · 68 chunks · 36,507,228,176 bytes read
  Partitioned compression: HG005_GRCh38_1_22_v4.2.1_benchmark: hdt-chunks started — 67 chunks · hdt-build-00067
  Partitioned compression: HG005_GRCh38_1_22_v4.2.1_benchmark: hdt-chunks complete — 68 chunks · hdt-build-00067
  Partitioned compression: HG005_GRCh38_1_22_v4.2.1_benchmark: rdf-scan heartbeat — 206,286,687 triples · 36,507,269,779 bytes read
  Partitioned compression: HG005_GRCh38_1_22_v4.2.1_benchmark: rdf-scan heartbeat — 206,653,360 triples · 36,574,378,843 bytes read
  Partitioned compression: HG005_GRCh38_1_22_v4.2.1_benchmark: rdf-scan heartbeat — 207,020,022 triples · 36,641,487,795 bytes read
  Partitioned compression: HG005_GRCh38_1_22_v4.2.1_benchmark: rdf-scan heartbeat — 207,386,705 triples · 36,708,596,812 bytes read
  Partitioned compression: HG005_GRCh38_1_22_v4.2.1_benchmark: rdf-scan heartbeat — 207,753,385 triples · 36,775,705,837 bytes read
  Partitioned compression: HG005_GRCh38_1_22_v4.2.1_benchmark: rdf-scan heartbeat — 208,120,072 triples · 36,842,814,834 bytes read
  Partitioned compression: HG005_GRCh38_1_22_v4.2.1_benchmark: rdf-scan heartbeat — 208,486,743 triples · 36,909,923,734 bytes read
  Partitioned compression: HG005_GRCh38_1_22_v4.2.1_benchmark: rdf-scan heartbeat — 208,853,394 triples · 36,977,032,619 bytes read
  Partitioned compression: HG005_GRCh38_1_22_v4.2.1_benchmark: rdf-scan chunk — 209,219,809 triples · 69 chunks · 37,044,099,262 bytes read
  Partitioned compression: HG005_GRCh38_1_22_v4.2.1_benchmark: hdt-chunks started — 68 chunks · hdt-build-00068
  Partitioned compression: HG005_GRCh38_1_22_v4.2.1_benchmark: hdt-chunks complete — 69 chunks · hdt-build-00068
  Partitioned compression: HG005_GRCh38_1_22_v4.2.1_benchmark: rdf-scan heartbeat — 209,220,040 triples · 37,044,141,567 bytes read
  Partitioned compression: HG005_GRCh38_1_22_v4.2.1_benchmark: rdf-scan heartbeat — 209,586,730 triples · 37,111,250,466 bytes read
  Partitioned compression: HG005_GRCh38_1_22_v4.2.1_benchmark: rdf-scan heartbeat — 209,953,420 triples · 37,178,359,479 bytes read
  Partitioned compression: HG005_GRCh38_1_22_v4.2.1_benchmark: rdf-scan heartbeat — 210,320,127 triples · 37,245,468,393 bytes read
  Partitioned compression: HG005_GRCh38_1_22_v4.2.1_benchmark: rdf-scan heartbeat — 210,686,825 triples · 37,312,577,371 bytes read
  Partitioned compression: HG005_GRCh38_1_22_v4.2.1_benchmark: rdf-scan heartbeat — 211,053,533 triples · 37,379,686,236 bytes read
  Partitioned compression: HG005_GRCh38_1_22_v4.2.1_benchmark: rdf-scan heartbeat — 211,420,243 triples · 37,446,795,232 bytes read
  Partitioned compression: HG005_GRCh38_1_22_v4.2.1_benchmark: rdf-scan heartbeat — 211,786,980 triples · 37,513,904,214 bytes read
  Partitioned compression: HG005_GRCh38_1_22_v4.2.1_benchmark: rdf-scan chunk — 212,153,511 triples · 70 chunks · 37,580,970,311 bytes read
  Partitioned compression: HG005_GRCh38_1_22_v4.2.1_benchmark: hdt-chunks started — 69 chunks · hdt-build-00069
  Partitioned compression: HG005_GRCh38_1_22_v4.2.1_benchmark: hdt-chunks complete — 70 chunks · hdt-build-00069
  Partitioned compression: HG005_GRCh38_1_22_v4.2.1_benchmark: rdf-scan heartbeat — 212,153,746 triples · 37,581,013,208 bytes read
  Partitioned compression: HG005_GRCh38_1_22_v4.2.1_benchmark: rdf-scan heartbeat — 212,520,477 triples · 37,648,122,135 bytes read
  Partitioned compression: HG005_GRCh38_1_22_v4.2.1_benchmark: rdf-scan heartbeat — 212,887,185 triples · 37,715,231,111 bytes read
  Partitioned compression: HG005_GRCh38_1_22_v4.2.1_benchmark: rdf-scan heartbeat — 213,253,878 triples · 37,782,340,083 bytes read
  Partitioned compression: HG005_GRCh38_1_22_v4.2.1_benchmark: rdf-scan heartbeat — 213,620,527 triples · 37,849,449,095 bytes read
  Partitioned compression: HG005_GRCh38_1_22_v4.2.1_benchmark: rdf-scan heartbeat — 213,987,219 triples · 37,916,558,094 bytes read
  Partitioned compression: HG005_GRCh38_1_22_v4.2.1_benchmark: rdf-scan heartbeat — 214,353,897 triples · 37,983,667,029 bytes read
  Partitioned compression: HG005_GRCh38_1_22_v4.2.1_benchmark: rdf-scan heartbeat — 214,720,616 triples · 38,050,775,995 bytes read
  Partitioned compression: HG005_GRCh38_1_22_v4.2.1_benchmark: rdf-scan chunk — 215,087,153 triples · 71 chunks · 38,117,841,357 bytes read
  Partitioned compression: HG005_GRCh38_1_22_v4.2.1_benchmark: hdt-chunks started — 70 chunks · hdt-build-00070
  Partitioned compression: HG005_GRCh38_1_22_v4.2.1_benchmark: hdt-chunks complete — 71 chunks · hdt-build-00070
  Partitioned compression: HG005_GRCh38_1_22_v4.2.1_benchmark: rdf-scan heartbeat — 215,087,391 triples · 38,117,884,904 bytes read
  Partitioned compression: HG005_GRCh38_1_22_v4.2.1_benchmark: rdf-scan heartbeat — 215,454,078 triples · 38,184,993,771 bytes read
  Partitioned compression: HG005_GRCh38_1_22_v4.2.1_benchmark: rdf-scan heartbeat — 215,820,735 triples · 38,252,102,638 bytes read
  Partitioned compression: HG005_GRCh38_1_22_v4.2.1_benchmark: rdf-scan heartbeat — 216,187,477 triples · 38,319,211,557 bytes read
  Partitioned compression: HG005_GRCh38_1_22_v4.2.1_benchmark: rdf-scan heartbeat — 216,554,152 triples · 38,386,320,496 bytes read
  Partitioned compression: HG005_GRCh38_1_22_v4.2.1_benchmark: rdf-scan heartbeat — 216,920,827 triples · 38,453,429,542 bytes read
  Partitioned compression: HG005_GRCh38_1_22_v4.2.1_benchmark: rdf-scan heartbeat — 217,287,592 triples · 38,520,538,426 bytes read
  Partitioned compression: HG005_GRCh38_1_22_v4.2.1_benchmark: rdf-scan heartbeat — 217,654,280 triples · 38,587,647,387 bytes read
  Partitioned compression: HG005_GRCh38_1_22_v4.2.1_benchmark: rdf-scan chunk — 218,020,726 triples · 72 chunks · 38,654,712,307 bytes read
  Partitioned compression: HG005_GRCh38_1_22_v4.2.1_benchmark: hdt-chunks started — 71 chunks · hdt-build-00071
  Partitioned compression: HG005_GRCh38_1_22_v4.2.1_benchmark: hdt-chunks complete — 72 chunks · hdt-build-00071
  Partitioned compression: HG005_GRCh38_1_22_v4.2.1_benchmark: rdf-scan heartbeat — 218,020,967 triples · 38,654,756,371 bytes read
  Partitioned compression: HG005_GRCh38_1_22_v4.2.1_benchmark: rdf-scan heartbeat — 218,387,661 triples · 38,721,865,341 bytes read
  Partitioned compression: HG005_GRCh38_1_22_v4.2.1_benchmark: rdf-scan heartbeat — 218,754,371 triples · 38,788,974,249 bytes read
  Partitioned compression: HG005_GRCh38_1_22_v4.2.1_benchmark: rdf-scan heartbeat — 219,121,065 triples · 38,856,083,264 bytes read
  Partitioned compression: HG005_GRCh38_1_22_v4.2.1_benchmark: rdf-scan heartbeat — 219,487,734 triples · 38,923,192,222 bytes read
  Partitioned compression: HG005_GRCh38_1_22_v4.2.1_benchmark: rdf-scan heartbeat — 219,854,420 triples · 38,990,301,209 bytes read
  Partitioned compression: HG005_GRCh38_1_22_v4.2.1_benchmark: rdf-scan heartbeat — 220,221,102 triples · 39,057,410,213 bytes read
  Partitioned compression: HG005_GRCh38_1_22_v4.2.1_benchmark: rdf-scan heartbeat — 220,587,826 triples · 39,124,519,160 bytes read
  Partitioned compression: HG005_GRCh38_1_22_v4.2.1_benchmark: rdf-scan chunk — 220,954,284 triples · 73 chunks · 39,191,583,247 bytes read
  Partitioned compression: HG005_GRCh38_1_22_v4.2.1_benchmark: hdt-chunks started — 72 chunks · hdt-build-00072
  Partitioned compression: HG005_GRCh38_1_22_v4.2.1_benchmark: hdt-chunks complete — 73 chunks · hdt-build-00072
  Partitioned compression: HG005_GRCh38_1_22_v4.2.1_benchmark: rdf-scan heartbeat — 220,954,529 triples · 39,191,628,145 bytes read
  Partitioned compression: HG005_GRCh38_1_22_v4.2.1_benchmark: rdf-scan heartbeat — 221,321,239 triples · 39,258,737,127 bytes read
  Partitioned compression: HG005_GRCh38_1_22_v4.2.1_benchmark: rdf-scan heartbeat — 221,687,937 triples · 39,325,846,048 bytes read
  Partitioned compression: HG005_GRCh38_1_22_v4.2.1_benchmark: rdf-scan heartbeat — 222,054,644 triples · 39,392,955,033 bytes read
  Partitioned compression: HG005_GRCh38_1_22_v4.2.1_benchmark: rdf-scan heartbeat — 222,421,325 triples · 39,460,064,046 bytes read
  Partitioned compression: HG005_GRCh38_1_22_v4.2.1_benchmark: rdf-scan heartbeat — 222,788,010 triples · 39,527,172,960 bytes read
  Partitioned compression: HG005_GRCh38_1_22_v4.2.1_benchmark: rdf-scan heartbeat — 223,154,695 triples · 39,594,281,942 bytes read
  Partitioned compression: HG005_GRCh38_1_22_v4.2.1_benchmark: rdf-scan heartbeat — 223,521,384 triples · 39,661,390,872 bytes read
  Partitioned compression: HG005_GRCh38_1_22_v4.2.1_benchmark: rdf-scan chunk — 223,887,842 triples · 74 chunks · 39,728,454,250 bytes read
  Partitioned compression: HG005_GRCh38_1_22_v4.2.1_benchmark: hdt-chunks started — 73 chunks · hdt-build-00073
  Partitioned compression: HG005_GRCh38_1_22_v4.2.1_benchmark: hdt-chunks complete — 74 chunks · hdt-build-00073
  Partitioned compression: HG005_GRCh38_1_22_v4.2.1_benchmark: rdf-scan heartbeat — 223,888,090 triples · 39,728,499,762 bytes read
  Partitioned compression: HG005_GRCh38_1_22_v4.2.1_benchmark: rdf-scan heartbeat — 224,254,759 triples · 39,795,608,792 bytes read
  Partitioned compression: HG005_GRCh38_1_22_v4.2.1_benchmark: rdf-scan heartbeat — 224,621,446 triples · 39,862,717,754 bytes read
  Partitioned compression: HG005_GRCh38_1_22_v4.2.1_benchmark: rdf-scan heartbeat — 224,988,149 triples · 39,929,826,784 bytes read
  Partitioned compression: HG005_GRCh38_1_22_v4.2.1_benchmark: rdf-scan heartbeat — 225,354,833 triples · 39,996,935,669 bytes read
  Partitioned compression: HG005_GRCh38_1_22_v4.2.1_benchmark: rdf-scan heartbeat — 225,721,551 triples · 40,064,044,640 bytes read
  Partitioned compression: HG005_GRCh38_1_22_v4.2.1_benchmark: rdf-scan heartbeat — 226,088,247 triples · 40,131,153,584 bytes read
  Partitioned compression: HG005_GRCh38_1_22_v4.2.1_benchmark: rdf-scan heartbeat — 226,454,999 triples · 40,198,262,500 bytes read
  Partitioned compression: HG005_GRCh38_1_22_v4.2.1_benchmark: rdf-scan chunk — 226,821,449 triples · 75 chunks · 40,265,325,322 bytes read
  Partitioned compression: HG005_GRCh38_1_22_v4.2.1_benchmark: hdt-chunks started — 74 chunks · hdt-build-00074
  Partitioned compression: HG005_GRCh38_1_22_v4.2.1_benchmark: hdt-chunks complete — 75 chunks · hdt-build-00074
  Partitioned compression: HG005_GRCh38_1_22_v4.2.1_benchmark: rdf-scan heartbeat — 226,821,702 triples · 40,265,371,533 bytes read
  Partitioned compression: HG005_GRCh38_1_22_v4.2.1_benchmark: rdf-scan heartbeat — 227,188,385 triples · 40,332,480,534 bytes read
  Partitioned compression: HG005_GRCh38_1_22_v4.2.1_benchmark: rdf-scan heartbeat — 227,555,088 triples · 40,399,589,528 bytes read
  Partitioned compression: HG005_GRCh38_1_22_v4.2.1_benchmark: rdf-scan heartbeat — 227,921,804 triples · 40,466,698,513 bytes read
  Partitioned compression: HG005_GRCh38_1_22_v4.2.1_benchmark: rdf-scan heartbeat — 228,288,454 triples · 40,533,807,420 bytes read
  Partitioned compression: HG005_GRCh38_1_22_v4.2.1_benchmark: rdf-scan heartbeat — 228,655,145 triples · 40,600,916,395 bytes read
  Partitioned compression: HG005_GRCh38_1_22_v4.2.1_benchmark: rdf-scan heartbeat — 229,021,881 triples · 40,668,025,394 bytes read
  Partitioned compression: HG005_GRCh38_1_22_v4.2.1_benchmark: rdf-scan heartbeat — 229,388,585 triples · 40,735,134,303 bytes read
  Partitioned compression: HG005_GRCh38_1_22_v4.2.1_benchmark: rdf-scan chunk — 229,754,996 triples · 76 chunks · 40,802,196,336 bytes read
  Partitioned compression: HG005_GRCh38_1_22_v4.2.1_benchmark: hdt-chunks started — 75 chunks · hdt-build-00075
  Partitioned compression: HG005_GRCh38_1_22_v4.2.1_benchmark: hdt-chunks complete — 76 chunks · hdt-build-00075
  Partitioned compression: HG005_GRCh38_1_22_v4.2.1_benchmark: rdf-scan heartbeat — 229,755,252 triples · 40,802,243,176 bytes read
  Partitioned compression: HG005_GRCh38_1_22_v4.2.1_benchmark: rdf-scan heartbeat — 230,121,911 triples · 40,869,352,098 bytes read
  Partitioned compression: HG005_GRCh38_1_22_v4.2.1_benchmark: rdf-scan heartbeat — 230,488,587 triples · 40,936,460,986 bytes read
  Partitioned compression: HG005_GRCh38_1_22_v4.2.1_benchmark: rdf-scan heartbeat — 230,855,310 triples · 41,003,569,945 bytes read
  Partitioned compression: HG005_GRCh38_1_22_v4.2.1_benchmark: rdf-scan heartbeat — 231,221,965 triples · 41,070,678,926 bytes read
  Partitioned compression: HG005_GRCh38_1_22_v4.2.1_benchmark: rdf-scan heartbeat — 231,588,642 triples · 41,137,787,869 bytes read
  Partitioned compression: HG005_GRCh38_1_22_v4.2.1_benchmark: rdf-scan heartbeat — 231,955,314 triples · 41,204,896,851 bytes read
  Partitioned compression: HG005_GRCh38_1_22_v4.2.1_benchmark: rdf-scan heartbeat — 232,321,978 triples · 41,272,005,853 bytes read
  Partitioned compression: HG005_GRCh38_1_22_v4.2.1_benchmark: rdf-scan chunk — 232,688,406 triples · 77 chunks · 41,339,067,305 bytes read
  Partitioned compression: HG005_GRCh38_1_22_v4.2.1_benchmark: hdt-chunks started — 76 chunks · hdt-build-00076
  Partitioned compression: HG005_GRCh38_1_22_v4.2.1_benchmark: hdt-chunks complete — 77 chunks · hdt-build-00076
  Partitioned compression: HG005_GRCh38_1_22_v4.2.1_benchmark: rdf-scan heartbeat — 232,688,666 triples · 41,339,114,824 bytes read
  Partitioned compression: HG005_GRCh38_1_22_v4.2.1_benchmark: rdf-scan heartbeat — 233,055,336 triples · 41,406,223,737 bytes read
  Partitioned compression: HG005_GRCh38_1_22_v4.2.1_benchmark: rdf-scan heartbeat — 233,422,008 triples · 41,473,332,757 bytes read
  Partitioned compression: HG005_GRCh38_1_22_v4.2.1_benchmark: rdf-scan heartbeat — 233,788,655 triples · 41,540,441,646 bytes read
  Partitioned compression: HG005_GRCh38_1_22_v4.2.1_benchmark: rdf-scan heartbeat — 234,155,313 triples · 41,607,550,564 bytes read
  Partitioned compression: HG005_GRCh38_1_22_v4.2.1_benchmark: rdf-scan heartbeat — 234,521,980 triples · 41,674,659,433 bytes read
  Partitioned compression: HG005_GRCh38_1_22_v4.2.1_benchmark: rdf-scan heartbeat — 234,888,640 triples · 41,741,768,347 bytes read
  Partitioned compression: HG005_GRCh38_1_22_v4.2.1_benchmark: rdf-scan heartbeat — 235,255,283 triples · 41,808,877,294 bytes read
  Partitioned compression: HG005_GRCh38_1_22_v4.2.1_benchmark: rdf-scan chunk — 235,621,677 triples · 78 chunks · 41,875,938,240 bytes read
  Partitioned compression: HG005_GRCh38_1_22_v4.2.1_benchmark: hdt-chunks started — 77 chunks · hdt-build-00077
  Partitioned compression: HG005_GRCh38_1_22_v4.2.1_benchmark: hdt-chunks complete — 78 chunks · hdt-build-00077
  Partitioned compression: HG005_GRCh38_1_22_v4.2.1_benchmark: rdf-scan heartbeat — 235,621,939 triples · 41,875,986,240 bytes read
  Partitioned compression: HG005_GRCh38_1_22_v4.2.1_benchmark: rdf-scan heartbeat — 235,988,588 triples · 41,943,095,181 bytes read
  Partitioned compression: HG005_GRCh38_1_22_v4.2.1_benchmark: rdf-scan heartbeat — 236,355,241 triples · 42,010,204,211 bytes read
  Partitioned compression: HG005_GRCh38_1_22_v4.2.1_benchmark: rdf-scan heartbeat — 236,721,897 triples · 42,077,313,140 bytes read
  Partitioned compression: HG005_GRCh38_1_22_v4.2.1_benchmark: rdf-scan heartbeat — 237,088,578 triples · 42,144,422,112 bytes read
  Partitioned compression: HG005_GRCh38_1_22_v4.2.1_benchmark: rdf-scan heartbeat — 237,455,288 triples · 42,211,531,058 bytes read
  Partitioned compression: HG005_GRCh38_1_22_v4.2.1_benchmark: rdf-scan heartbeat — 237,822,018 triples · 42,278,640,048 bytes read
  Partitioned compression: HG005_GRCh38_1_22_v4.2.1_benchmark: rdf-scan heartbeat — 238,188,748 triples · 42,345,748,917 bytes read
  Partitioned compression: HG005_GRCh38_1_22_v4.2.1_benchmark: rdf-scan chunk — 238,555,255 triples · 79 chunks · 42,412,809,186 bytes read
  Partitioned compression: HG005_GRCh38_1_22_v4.2.1_benchmark: hdt-chunks started — 78 chunks · hdt-build-00078
  Partitioned compression: HG005_GRCh38_1_22_v4.2.1_benchmark: hdt-chunks complete — 79 chunks · hdt-build-00078
  Partitioned compression: HG005_GRCh38_1_22_v4.2.1_benchmark: rdf-scan heartbeat — 238,555,521 triples · 42,412,857,859 bytes read
  Partitioned compression: HG005_GRCh38_1_22_v4.2.1_benchmark: rdf-scan heartbeat — 238,922,314 triples · 42,479,966,849 bytes read
  Partitioned compression: HG005_GRCh38_1_22_v4.2.1_benchmark: rdf-scan heartbeat — 239,289,037 triples · 42,547,075,719 bytes read
  Partitioned compression: HG005_GRCh38_1_22_v4.2.1_benchmark: rdf-scan heartbeat — 239,655,784 triples · 42,614,184,793 bytes read
  Partitioned compression: HG005_GRCh38_1_22_v4.2.1_benchmark: rdf-scan heartbeat — 240,022,474 triples · 42,681,293,777 bytes read
  Partitioned compression: HG005_GRCh38_1_22_v4.2.1_benchmark: rdf-scan heartbeat — 240,389,155 triples · 42,748,402,677 bytes read
  Partitioned compression: HG005_GRCh38_1_22_v4.2.1_benchmark: rdf-scan heartbeat — 240,755,848 triples · 42,815,511,665 bytes read
  Partitioned compression: HG005_GRCh38_1_22_v4.2.1_benchmark: rdf-scan heartbeat — 241,122,568 triples · 42,882,620,635 bytes read
  Partitioned compression: HG005_GRCh38_1_22_v4.2.1_benchmark: rdf-scan chunk — 241,488,960 triples · 80 chunks · 42,949,680,297 bytes read
  Partitioned compression: HG005_GRCh38_1_22_v4.2.1_benchmark: hdt-chunks started — 79 chunks · hdt-build-00079
  Partitioned compression: HG005_GRCh38_1_22_v4.2.1_benchmark: hdt-chunks complete — 80 chunks · hdt-build-00079
  Partitioned compression: HG005_GRCh38_1_22_v4.2.1_benchmark: rdf-scan heartbeat — 241,489,230 triples · 42,949,729,696 bytes read
  Partitioned compression: HG005_GRCh38_1_22_v4.2.1_benchmark: rdf-scan heartbeat — 241,855,904 triples · 43,016,838,571 bytes read
  Partitioned compression: HG005_GRCh38_1_22_v4.2.1_benchmark: rdf-scan heartbeat — 242,222,582 triples · 43,083,947,588 bytes read
  Partitioned compression: HG005_GRCh38_1_22_v4.2.1_benchmark: rdf-scan heartbeat — 242,589,225 triples · 43,151,056,526 bytes read
  Partitioned compression: HG005_GRCh38_1_22_v4.2.1_benchmark: rdf-scan heartbeat — 242,955,917 triples · 43,218,165,547 bytes read
  Partitioned compression: HG005_GRCh38_1_22_v4.2.1_benchmark: rdf-scan heartbeat — 243,322,597 triples · 43,285,274,432 bytes read
  Partitioned compression: HG005_GRCh38_1_22_v4.2.1_benchmark: rdf-scan heartbeat — 243,689,264 triples · 43,352,383,299 bytes read
  Partitioned compression: HG005_GRCh38_1_22_v4.2.1_benchmark: rdf-scan heartbeat — 244,055,924 triples · 43,419,492,217 bytes read
  Partitioned compression: HG005_GRCh38_1_22_v4.2.1_benchmark: rdf-scan chunk — 244,422,370 triples · 81 chunks · 43,486,551,396 bytes read
  Partitioned compression: HG005_GRCh38_1_22_v4.2.1_benchmark: hdt-chunks started — 80 chunks · hdt-build-00080
  Partitioned compression: HG005_GRCh38_1_22_v4.2.1_benchmark: hdt-chunks complete — 81 chunks · hdt-build-00080
  Partitioned compression: HG005_GRCh38_1_22_v4.2.1_benchmark: rdf-scan heartbeat — 244,422,642 triples · 43,486,601,161 bytes read
  Partitioned compression: HG005_GRCh38_1_22_v4.2.1_benchmark: rdf-scan heartbeat — 244,789,347 triples · 43,553,710,103 bytes read
  Partitioned compression: HG005_GRCh38_1_22_v4.2.1_benchmark: rdf-scan heartbeat — 245,156,009 triples · 43,620,819,090 bytes read
  Partitioned compression: HG005_GRCh38_1_22_v4.2.1_benchmark: rdf-scan heartbeat — 245,522,674 triples · 43,687,927,973 bytes read
  Partitioned compression: HG005_GRCh38_1_22_v4.2.1_benchmark: rdf-scan heartbeat — 245,889,331 triples · 43,755,036,930 bytes read
  Partitioned compression: HG005_GRCh38_1_22_v4.2.1_benchmark: rdf-scan heartbeat — 246,256,022 triples · 43,822,145,999 bytes read
  Partitioned compression: HG005_GRCh38_1_22_v4.2.1_benchmark: rdf-scan heartbeat — 246,622,730 triples · 43,889,254,897 bytes read
  Partitioned compression: HG005_GRCh38_1_22_v4.2.1_benchmark: rdf-scan heartbeat — 246,989,431 triples · 43,956,363,941 bytes read
  Partitioned compression: HG005_GRCh38_1_22_v4.2.1_benchmark: rdf-scan chunk — 247,355,814 triples · 82 chunks · 44,023,422,403 bytes read
  Partitioned compression: HG005_GRCh38_1_22_v4.2.1_benchmark: hdt-chunks started — 81 chunks · hdt-build-00081
  Partitioned compression: HG005_GRCh38_1_22_v4.2.1_benchmark: hdt-chunks complete — 82 chunks · hdt-build-00081
  Partitioned compression: HG005_GRCh38_1_22_v4.2.1_benchmark: rdf-scan heartbeat — 247,356,089 triples · 44,023,472,813 bytes read
  Partitioned compression: HG005_GRCh38_1_22_v4.2.1_benchmark: rdf-scan heartbeat — 247,722,771 triples · 44,090,581,687 bytes read
  Partitioned compression: HG005_GRCh38_1_22_v4.2.1_benchmark: rdf-scan heartbeat — 248,089,498 triples · 44,157,690,577 bytes read
  Partitioned compression: HG005_GRCh38_1_22_v4.2.1_benchmark: rdf-scan heartbeat — 248,456,197 triples · 44,224,799,534 bytes read
  Partitioned compression: HG005_GRCh38_1_22_v4.2.1_benchmark: rdf-scan heartbeat — 248,822,906 triples · 44,291,908,480 bytes read
  Partitioned compression: HG005_GRCh38_1_22_v4.2.1_benchmark: rdf-scan heartbeat — 249,189,628 triples · 44,359,017,422 bytes read
  Partitioned compression: HG005_GRCh38_1_22_v4.2.1_benchmark: rdf-scan heartbeat — 249,556,360 triples · 44,426,126,391 bytes read
  Partitioned compression: HG005_GRCh38_1_22_v4.2.1_benchmark: rdf-scan heartbeat — 249,923,055 triples · 44,493,235,272 bytes read
  Partitioned compression: HG005_GRCh38_1_22_v4.2.1_benchmark: rdf-scan chunk — 250,289,451 triples · 83 chunks · 44,560,293,340 bytes read
  Partitioned compression: HG005_GRCh38_1_22_v4.2.1_benchmark: hdt-chunks started — 82 chunks · hdt-build-00082
  Partitioned compression: HG005_GRCh38_1_22_v4.2.1_benchmark: hdt-chunks complete — 83 chunks · hdt-build-00082
  Partitioned compression: HG005_GRCh38_1_22_v4.2.1_benchmark: rdf-scan heartbeat — 250,289,729 triples · 44,560,344,206 bytes read
  Partitioned compression: HG005_GRCh38_1_22_v4.2.1_benchmark: rdf-scan heartbeat — 250,656,394 triples · 44,627,453,109 bytes read
  Partitioned compression: HG005_GRCh38_1_22_v4.2.1_benchmark: rdf-scan heartbeat — 251,023,078 triples · 44,694,562,046 bytes read
  Partitioned compression: HG005_GRCh38_1_22_v4.2.1_benchmark: rdf-scan heartbeat — 251,389,761 triples · 44,761,671,048 bytes read
  Partitioned compression: HG005_GRCh38_1_22_v4.2.1_benchmark: rdf-scan heartbeat — 251,756,424 triples · 44,828,779,990 bytes read
  Partitioned compression: HG005_GRCh38_1_22_v4.2.1_benchmark: rdf-scan heartbeat — 252,123,094 triples · 44,895,888,933 bytes read
  Partitioned compression: HG005_GRCh38_1_22_v4.2.1_benchmark: rdf-scan heartbeat — 252,489,769 triples · 44,962,997,903 bytes read
  Partitioned compression: HG005_GRCh38_1_22_v4.2.1_benchmark: rdf-scan heartbeat — 252,856,457 triples · 45,030,106,934 bytes read
  Partitioned compression: HG005_GRCh38_1_22_v4.2.1_benchmark: rdf-scan chunk — 253,222,849 triples · 84 chunks · 45,097,164,411 bytes read
  Partitioned compression: HG005_GRCh38_1_22_v4.2.1_benchmark: hdt-chunks started — 83 chunks · hdt-build-00083
  Partitioned compression: HG005_GRCh38_1_22_v4.2.1_benchmark: hdt-chunks complete — 84 chunks · hdt-build-00083
  Partitioned compression: HG005_GRCh38_1_22_v4.2.1_benchmark: rdf-scan heartbeat — 253,223,130 triples · 45,097,215,825 bytes read
  Partitioned compression: HG005_GRCh38_1_22_v4.2.1_benchmark: rdf-scan heartbeat — 253,589,819 triples · 45,164,324,729 bytes read
  Partitioned compression: HG005_GRCh38_1_22_v4.2.1_benchmark: rdf-scan heartbeat — 253,956,516 triples · 45,231,433,658 bytes read
  Partitioned compression: HG005_GRCh38_1_22_v4.2.1_benchmark: rdf-scan heartbeat — 254,323,164 triples · 45,298,542,543 bytes read
  Partitioned compression: HG005_GRCh38_1_22_v4.2.1_benchmark: rdf-scan heartbeat — 254,689,848 triples · 45,365,651,478 bytes read
  Partitioned compression: HG005_GRCh38_1_22_v4.2.1_benchmark: rdf-scan heartbeat — 255,056,503 triples · 45,432,760,528 bytes read
  Partitioned compression: HG005_GRCh38_1_22_v4.2.1_benchmark: rdf-scan heartbeat — 255,423,166 triples · 45,499,869,445 bytes read
  Partitioned compression: HG005_GRCh38_1_22_v4.2.1_benchmark: rdf-scan heartbeat — 255,789,823 triples · 45,566,978,447 bytes read
  Partitioned compression: HG005_GRCh38_1_22_v4.2.1_benchmark: rdf-scan chunk — 256,156,215 triples · 85 chunks · 45,634,035,416 bytes read
  Partitioned compression: HG005_GRCh38_1_22_v4.2.1_benchmark: hdt-chunks started — 84 chunks · hdt-build-00084
  Partitioned compression: HG005_GRCh38_1_22_v4.2.1_benchmark: hdt-chunks complete — 85 chunks · hdt-build-00084
  Partitioned compression: HG005_GRCh38_1_22_v4.2.1_benchmark: rdf-scan heartbeat — 256,156,499 triples · 45,634,087,361 bytes read
  Partitioned compression: HG005_GRCh38_1_22_v4.2.1_benchmark: rdf-scan heartbeat — 256,523,170 triples · 45,701,196,299 bytes read
  Partitioned compression: HG005_GRCh38_1_22_v4.2.1_benchmark: rdf-scan heartbeat — 256,889,862 triples · 45,768,305,204 bytes read
  Partitioned compression: HG005_GRCh38_1_22_v4.2.1_benchmark: rdf-scan heartbeat — 257,256,539 triples · 45,835,414,138 bytes read
  Partitioned compression: HG005_GRCh38_1_22_v4.2.1_benchmark: rdf-scan heartbeat — 257,623,211 triples · 45,902,523,149 bytes read
  Partitioned compression: HG005_GRCh38_1_22_v4.2.1_benchmark: rdf-scan heartbeat — 257,989,893 triples · 45,969,632,026 bytes read
  Partitioned compression: HG005_GRCh38_1_22_v4.2.1_benchmark: rdf-scan heartbeat — 258,356,706 triples · 46,036,740,976 bytes read
  Partitioned compression: HG005_GRCh38_1_22_v4.2.1_benchmark: rdf-scan heartbeat — 258,723,412 triples · 46,103,849,862 bytes read
  Partitioned compression: HG005_GRCh38_1_22_v4.2.1_benchmark: rdf-scan chunk — 259,089,834 triples · 86 chunks · 46,170,906,350 bytes read
  Partitioned compression: HG005_GRCh38_1_22_v4.2.1_benchmark: hdt-chunks started — 85 chunks · hdt-build-00085
  Partitioned compression: HG005_GRCh38_1_22_v4.2.1_benchmark: hdt-chunks complete — 86 chunks · hdt-build-00085
  Partitioned compression: HG005_GRCh38_1_22_v4.2.1_benchmark: rdf-scan heartbeat — 259,090,121 triples · 46,170,958,835 bytes read
  Partitioned compression: HG005_GRCh38_1_22_v4.2.1_benchmark: rdf-scan heartbeat — 259,456,849 triples · 46,238,067,836 bytes read
  Partitioned compression: HG005_GRCh38_1_22_v4.2.1_benchmark: rdf-scan heartbeat — 259,823,549 triples · 46,305,176,843 bytes read
  Partitioned compression: HG005_GRCh38_1_22_v4.2.1_benchmark: rdf-scan heartbeat — 260,190,247 triples · 46,372,285,857 bytes read
  Partitioned compression: HG005_GRCh38_1_22_v4.2.1_benchmark: rdf-scan heartbeat — 260,556,901 triples · 46,439,394,825 bytes read
  Partitioned compression: HG005_GRCh38_1_22_v4.2.1_benchmark: rdf-scan heartbeat — 260,923,536 triples · 46,506,503,844 bytes read
  Partitioned compression: HG005_GRCh38_1_22_v4.2.1_benchmark: rdf-scan heartbeat — 261,290,226 triples · 46,573,612,874 bytes read
  Partitioned compression: HG005_GRCh38_1_22_v4.2.1_benchmark: rdf-scan heartbeat — 261,656,920 triples · 46,640,721,818 bytes read
  Partitioned compression: HG005_GRCh38_1_22_v4.2.1_benchmark: rdf-scan chunk — 262,023,311 triples · 87 chunks · 46,707,777,303 bytes read
  Partitioned compression: HG005_GRCh38_1_22_v4.2.1_benchmark: hdt-chunks started — 86 chunks · hdt-build-00086
  Partitioned compression: HG005_GRCh38_1_22_v4.2.1_benchmark: hdt-chunks complete — 87 chunks · hdt-build-00086
  Partitioned compression: HG005_GRCh38_1_22_v4.2.1_benchmark: rdf-scan heartbeat — 262,023,603 triples · 46,707,830,709 bytes read
  Partitioned compression: HG005_GRCh38_1_22_v4.2.1_benchmark: rdf-scan heartbeat — 262,390,299 triples · 46,774,939,607 bytes read
  Partitioned compression: HG005_GRCh38_1_22_v4.2.1_benchmark: rdf-scan heartbeat — 262,756,978 triples · 46,842,048,567 bytes read
  Partitioned compression: HG005_GRCh38_1_22_v4.2.1_benchmark: rdf-scan heartbeat — 263,123,650 triples · 46,909,157,608 bytes read
  Partitioned compression: HG005_GRCh38_1_22_v4.2.1_benchmark: rdf-scan heartbeat — 263,490,367 triples · 46,976,266,610 bytes read
  Partitioned compression: HG005_GRCh38_1_22_v4.2.1_benchmark: rdf-scan heartbeat — 263,857,045 triples · 47,043,375,478 bytes read
  Partitioned compression: HG005_GRCh38_1_22_v4.2.1_benchmark: rdf-scan heartbeat — 264,223,719 triples · 47,110,484,459 bytes read
  Partitioned compression: HG005_GRCh38_1_22_v4.2.1_benchmark: rdf-scan heartbeat — 264,590,393 triples · 47,177,593,379 bytes read
  Partitioned compression: HG005_GRCh38_1_22_v4.2.1_benchmark: rdf-scan chunk — 264,956,800 triples · 88 chunks · 47,244,648,372 bytes read
  Partitioned compression: HG005_GRCh38_1_22_v4.2.1_benchmark: hdt-chunks started — 87 chunks · hdt-build-00087
  Partitioned compression: HG005_GRCh38_1_22_v4.2.1_benchmark: hdt-chunks complete — 88 chunks · hdt-build-00087
  Partitioned compression: HG005_GRCh38_1_22_v4.2.1_benchmark: rdf-scan heartbeat — 264,957,095 triples · 47,244,702,326 bytes read
  Partitioned compression: HG005_GRCh38_1_22_v4.2.1_benchmark: rdf-scan heartbeat — 265,323,768 triples · 47,311,811,347 bytes read
  Partitioned compression: HG005_GRCh38_1_22_v4.2.1_benchmark: rdf-scan heartbeat — 265,690,456 triples · 47,378,920,300 bytes read
  Partitioned compression: HG005_GRCh38_1_22_v4.2.1_benchmark: rdf-scan heartbeat — 266,057,169 triples · 47,446,029,258 bytes read
  Partitioned compression: HG005_GRCh38_1_22_v4.2.1_benchmark: rdf-scan heartbeat — 266,423,901 triples · 47,513,138,295 bytes read
  Partitioned compression: HG005_GRCh38_1_22_v4.2.1_benchmark: rdf-scan heartbeat — 266,790,614 triples · 47,580,247,193 bytes read
  Partitioned compression: HG005_GRCh38_1_22_v4.2.1_benchmark: rdf-scan heartbeat — 267,157,362 triples · 47,647,356,232 bytes read
  Partitioned compression: HG005_GRCh38_1_22_v4.2.1_benchmark: rdf-scan heartbeat — 267,524,114 triples · 47,714,465,287 bytes read
  Partitioned compression: HG005_GRCh38_1_22_v4.2.1_benchmark: rdf-scan chunk — 267,890,529 triples · 89 chunks · 47,781,519,375 bytes read
  Partitioned compression: HG005_GRCh38_1_22_v4.2.1_benchmark: hdt-chunks started — 88 chunks · hdt-build-00088
  Partitioned compression: HG005_GRCh38_1_22_v4.2.1_benchmark: hdt-chunks complete — 89 chunks · hdt-build-00088
  Partitioned compression: HG005_GRCh38_1_22_v4.2.1_benchmark: rdf-scan heartbeat — 267,890,829 triples · 47,781,574,293 bytes read
  Partitioned compression: HG005_GRCh38_1_22_v4.2.1_benchmark: rdf-scan heartbeat — 268,257,525 triples · 47,848,683,179 bytes read
  Partitioned compression: HG005_GRCh38_1_22_v4.2.1_benchmark: rdf-scan heartbeat — 268,624,249 triples · 47,915,792,224 bytes read
  Partitioned compression: HG005_GRCh38_1_22_v4.2.1_benchmark: rdf-scan heartbeat — 268,990,948 triples · 47,982,901,177 bytes read
  Partitioned compression: HG005_GRCh38_1_22_v4.2.1_benchmark: rdf-scan heartbeat — 269,357,630 triples · 48,050,010,103 bytes read
  Partitioned compression: HG005_GRCh38_1_22_v4.2.1_benchmark: rdf-scan heartbeat — 269,724,339 triples · 48,117,119,088 bytes read
  Partitioned compression: HG005_GRCh38_1_22_v4.2.1_benchmark: rdf-scan heartbeat — 270,091,002 triples · 48,184,228,086 bytes read
  Partitioned compression: HG005_GRCh38_1_22_v4.2.1_benchmark: rdf-scan heartbeat — 270,457,685 triples · 48,251,336,958 bytes read
  Partitioned compression: HG005_GRCh38_1_22_v4.2.1_benchmark: rdf-scan chunk — 270,824,041 triples · 90 chunks · 48,318,390,346 bytes read
  Partitioned compression: HG005_GRCh38_1_22_v4.2.1_benchmark: hdt-chunks started — 89 chunks · hdt-build-00089
  Partitioned compression: HG005_GRCh38_1_22_v4.2.1_benchmark: hdt-chunks complete — 90 chunks · hdt-build-00089
  Partitioned compression: HG005_GRCh38_1_22_v4.2.1_benchmark: rdf-scan heartbeat — 270,824,344 triples · 48,318,445,828 bytes read
  Partitioned compression: HG005_GRCh38_1_22_v4.2.1_benchmark: rdf-scan heartbeat — 271,190,995 triples · 48,385,554,693 bytes read
  Partitioned compression: HG005_GRCh38_1_22_v4.2.1_benchmark: rdf-scan heartbeat — 271,557,656 triples · 48,452,663,663 bytes read
  Partitioned compression: HG005_GRCh38_1_22_v4.2.1_benchmark: rdf-scan heartbeat — 271,924,323 triples · 48,519,772,684 bytes read
  Partitioned compression: HG005_GRCh38_1_22_v4.2.1_benchmark: rdf-scan heartbeat — 272,291,036 triples · 48,586,881,644 bytes read
  Partitioned compression: HG005_GRCh38_1_22_v4.2.1_benchmark: rdf-scan heartbeat — 272,657,753 triples · 48,653,990,544 bytes read
  Partitioned compression: HG005_GRCh38_1_22_v4.2.1_benchmark: rdf-scan heartbeat — 273,024,450 triples · 48,721,099,491 bytes read
  Partitioned compression: HG005_GRCh38_1_22_v4.2.1_benchmark: rdf-scan heartbeat — 273,391,166 triples · 48,788,208,440 bytes read
  Partitioned compression: HG005_GRCh38_1_22_v4.2.1_benchmark: rdf-scan chunk — 273,757,586 triples · 91 chunks · 48,855,261,376 bytes read
  Partitioned compression: HG005_GRCh38_1_22_v4.2.1_benchmark: hdt-chunks started — 90 chunks · hdt-build-00090
  Partitioned compression: HG005_GRCh38_1_22_v4.2.1_benchmark: hdt-chunks complete — 91 chunks · hdt-build-00090
  Partitioned compression: HG005_GRCh38_1_22_v4.2.1_benchmark: rdf-scan heartbeat — 273,757,892 triples · 48,855,317,432 bytes read
  Partitioned compression: HG005_GRCh38_1_22_v4.2.1_benchmark: rdf-scan heartbeat — 274,124,614 triples · 48,922,426,474 bytes read
  Partitioned compression: HG005_GRCh38_1_22_v4.2.1_benchmark: rdf-scan heartbeat — 274,491,342 triples · 48,989,535,386 bytes read
  Partitioned compression: HG005_GRCh38_1_22_v4.2.1_benchmark: rdf-scan heartbeat — 274,858,058 triples · 49,056,644,304 bytes read
  Partitioned compression: HG005_GRCh38_1_22_v4.2.1_benchmark: rdf-scan heartbeat — 275,224,761 triples · 49,123,753,274 bytes read
  Partitioned compression: HG005_GRCh38_1_22_v4.2.1_benchmark: rdf-scan heartbeat — 275,591,454 triples · 49,190,862,191 bytes read
  Partitioned compression: HG005_GRCh38_1_22_v4.2.1_benchmark: rdf-scan heartbeat — 275,958,137 triples · 49,257,971,113 bytes read
  Partitioned compression: HG005_GRCh38_1_22_v4.2.1_benchmark: rdf-scan heartbeat — 276,324,840 triples · 49,325,080,002 bytes read
  Partitioned compression: HG005_GRCh38_1_22_v4.2.1_benchmark: rdf-scan chunk — 276,691,232 triples · 92 chunks · 49,392,132,300 bytes read
  Partitioned compression: HG005_GRCh38_1_22_v4.2.1_benchmark: hdt-chunks started — 91 chunks · hdt-build-00091
  Partitioned compression: HG005_GRCh38_1_22_v4.2.1_benchmark: hdt-chunks complete — 92 chunks · hdt-build-00091
  Partitioned compression: HG005_GRCh38_1_22_v4.2.1_benchmark: rdf-scan heartbeat — 276,691,541 triples · 49,392,188,953 bytes read
  Partitioned compression: HG005_GRCh38_1_22_v4.2.1_benchmark: rdf-scan heartbeat — 277,058,209 triples · 49,459,297,991 bytes read
  Partitioned compression: HG005_GRCh38_1_22_v4.2.1_benchmark: rdf-scan heartbeat — 277,424,902 triples · 49,526,406,962 bytes read
  Partitioned compression: HG005_GRCh38_1_22_v4.2.1_benchmark: rdf-scan heartbeat — 277,791,609 triples · 49,593,515,970 bytes read
  Partitioned compression: HG005_GRCh38_1_22_v4.2.1_benchmark: rdf-scan heartbeat — 278,158,296 triples · 49,660,624,905 bytes read
  Partitioned compression: HG005_GRCh38_1_22_v4.2.1_benchmark: rdf-scan heartbeat — 278,524,965 triples · 49,727,733,840 bytes read
  Partitioned compression: HG005_GRCh38_1_22_v4.2.1_benchmark: rdf-scan heartbeat — 278,891,626 triples · 49,794,842,874 bytes read
  Partitioned compression: HG005_GRCh38_1_22_v4.2.1_benchmark: rdf-scan heartbeat — 279,258,327 triples · 49,861,951,809 bytes read
  Partitioned compression: HG005_GRCh38_1_22_v4.2.1_benchmark: rdf-scan chunk — 279,624,716 triples · 93 chunks · 49,929,003,238 bytes read
  Partitioned compression: HG005_GRCh38_1_22_v4.2.1_benchmark: hdt-chunks started — 92 chunks · hdt-build-00092
  Partitioned compression: HG005_GRCh38_1_22_v4.2.1_benchmark: hdt-chunks complete — 93 chunks · hdt-build-00092
  Partitioned compression: HG005_GRCh38_1_22_v4.2.1_benchmark: rdf-scan heartbeat — 279,625,030 triples · 49,929,060,741 bytes read
  Partitioned compression: HG005_GRCh38_1_22_v4.2.1_benchmark: rdf-scan heartbeat — 279,991,722 triples · 49,996,169,783 bytes read
  Partitioned compression: HG005_GRCh38_1_22_v4.2.1_benchmark: rdf-scan heartbeat — 280,358,401 triples · 50,063,278,796 bytes read
  Partitioned compression: HG005_GRCh38_1_22_v4.2.1_benchmark: rdf-scan heartbeat — 280,725,111 triples · 50,130,387,860 bytes read
  Partitioned compression: HG005_GRCh38_1_22_v4.2.1_benchmark: rdf-scan heartbeat — 281,091,808 triples · 50,197,496,779 bytes read
  Partitioned compression: HG005_GRCh38_1_22_v4.2.1_benchmark: rdf-scan heartbeat — 281,458,552 triples · 50,264,605,728 bytes read
  Partitioned compression: HG005_GRCh38_1_22_v4.2.1_benchmark: rdf-scan heartbeat — 281,825,261 triples · 50,331,714,755 bytes read
  Partitioned compression: HG005_GRCh38_1_22_v4.2.1_benchmark: rdf-scan heartbeat — 282,191,964 triples · 50,398,823,798 bytes read
  Partitioned compression: HG005_GRCh38_1_22_v4.2.1_benchmark: rdf-scan chunk — 282,558,339 triples · 94 chunks · 50,465,874,297 bytes read
  Partitioned compression: HG005_GRCh38_1_22_v4.2.1_benchmark: hdt-chunks started — 93 chunks · hdt-build-00093
  Partitioned compression: HG005_GRCh38_1_22_v4.2.1_benchmark: hdt-chunks complete — 94 chunks · hdt-build-00093
  Partitioned compression: HG005_GRCh38_1_22_v4.2.1_benchmark: rdf-scan heartbeat — 282,558,658 triples · 50,465,932,787 bytes read
  Partitioned compression: HG005_GRCh38_1_22_v4.2.1_benchmark: rdf-scan heartbeat — 282,925,386 triples · 50,533,041,664 bytes read
  Partitioned compression: HG005_GRCh38_1_22_v4.2.1_benchmark: rdf-scan heartbeat — 283,292,098 triples · 50,600,150,699 bytes read
  Partitioned compression: HG005_GRCh38_1_22_v4.2.1_benchmark: rdf-scan heartbeat — 283,658,745 triples · 50,667,259,681 bytes read
  Partitioned compression: HG005_GRCh38_1_22_v4.2.1_benchmark: rdf-scan heartbeat — 284,025,408 triples · 50,734,368,590 bytes read
  Partitioned compression: HG005_GRCh38_1_22_v4.2.1_benchmark: rdf-scan heartbeat — 284,392,062 triples · 50,801,477,532 bytes read
  Partitioned compression: HG005_GRCh38_1_22_v4.2.1_benchmark: rdf-scan heartbeat — 284,758,728 triples · 50,868,586,554 bytes read
  Partitioned compression: HG005_GRCh38_1_22_v4.2.1_benchmark: rdf-scan heartbeat — 285,125,407 triples · 50,935,695,523 bytes read
  Partitioned compression: HG005_GRCh38_1_22_v4.2.1_benchmark: rdf-scan chunk — 285,491,752 triples · 95 chunks · 51,002,745,210 bytes read
  Partitioned compression: HG005_GRCh38_1_22_v4.2.1_benchmark: hdt-chunks started — 94 chunks · hdt-build-00094
  Partitioned compression: HG005_GRCh38_1_22_v4.2.1_benchmark: hdt-chunks complete — 95 chunks · hdt-build-00094
  Partitioned compression: HG005_GRCh38_1_22_v4.2.1_benchmark: rdf-scan heartbeat — 285,492,076 triples · 51,002,804,509 bytes read
  Partitioned compression: HG005_GRCh38_1_22_v4.2.1_benchmark: rdf-scan heartbeat — 285,858,735 triples · 51,069,913,497 bytes read
  Partitioned compression: HG005_GRCh38_1_22_v4.2.1_benchmark: rdf-scan heartbeat — 286,225,408 triples · 51,137,022,486 bytes read
  Partitioned compression: HG005_GRCh38_1_22_v4.2.1_benchmark: rdf-scan heartbeat — 286,592,060 triples · 51,204,131,465 bytes read
  Partitioned compression: HG005_GRCh38_1_22_v4.2.1_benchmark: rdf-scan heartbeat — 286,958,759 triples · 51,271,240,517 bytes read
  Partitioned compression: HG005_GRCh38_1_22_v4.2.1_benchmark: rdf-scan heartbeat — 287,325,446 triples · 51,338,349,385 bytes read
  Partitioned compression: HG005_GRCh38_1_22_v4.2.1_benchmark: rdf-scan heartbeat — 287,692,119 triples · 51,405,458,336 bytes read
  Partitioned compression: HG005_GRCh38_1_22_v4.2.1_benchmark: rdf-scan heartbeat — 288,058,820 triples · 51,472,567,219 bytes read
  Partitioned compression: HG005_GRCh38_1_22_v4.2.1_benchmark: rdf-scan chunk — 288,425,211 triples · 96 chunks · 51,539,616,227 bytes read
  Partitioned compression: HG005_GRCh38_1_22_v4.2.1_benchmark: hdt-chunks started — 95 chunks · hdt-build-00095
  Partitioned compression: HG005_GRCh38_1_22_v4.2.1_benchmark: hdt-chunks complete — 96 chunks · hdt-build-00095
  Partitioned compression: HG005_GRCh38_1_22_v4.2.1_benchmark: rdf-scan heartbeat — 288,425,538 triples · 51,539,676,171 bytes read
  Partitioned compression: HG005_GRCh38_1_22_v4.2.1_benchmark: rdf-scan heartbeat — 288,792,235 triples · 51,606,785,085 bytes read
  Partitioned compression: HG005_GRCh38_1_22_v4.2.1_benchmark: rdf-scan heartbeat — 289,158,936 triples · 51,673,893,974 bytes read
  Partitioned compression: HG005_GRCh38_1_22_v4.2.1_benchmark: rdf-scan heartbeat — 289,525,642 triples · 51,741,002,925 bytes read
  Partitioned compression: HG005_GRCh38_1_22_v4.2.1_benchmark: rdf-scan heartbeat — 289,892,376 triples · 51,808,111,935 bytes read
  Partitioned compression: HG005_GRCh38_1_22_v4.2.1_benchmark: rdf-scan heartbeat — 290,259,104 triples · 51,875,220,899 bytes read
  Partitioned compression: HG005_GRCh38_1_22_v4.2.1_benchmark: rdf-scan heartbeat — 290,625,799 triples · 51,942,329,799 bytes read
  Partitioned compression: HG005_GRCh38_1_22_v4.2.1_benchmark: rdf-scan heartbeat — 290,992,507 triples · 52,009,438,766 bytes read
  Partitioned compression: HG005_GRCh38_1_22_v4.2.1_benchmark: rdf-scan chunk — 291,358,897 triples · 97 chunks · 52,076,487,207 bytes read
  Partitioned compression: HG005_GRCh38_1_22_v4.2.1_benchmark: hdt-chunks started — 96 chunks · hdt-build-00096
  Partitioned compression: HG005_GRCh38_1_22_v4.2.1_benchmark: hdt-chunks complete — 97 chunks · hdt-build-00096
  Partitioned compression: HG005_GRCh38_1_22_v4.2.1_benchmark: rdf-scan heartbeat — 291,359,228 triples · 52,076,547,751 bytes read
  Partitioned compression: HG005_GRCh38_1_22_v4.2.1_benchmark: rdf-scan heartbeat — 291,726,050 triples · 52,143,656,808 bytes read
  Partitioned compression: HG005_GRCh38_1_22_v4.2.1_benchmark: rdf-scan heartbeat — 292,092,852 triples · 52,210,765,700 bytes read
  Partitioned compression: HG005_GRCh38_1_22_v4.2.1_benchmark: rdf-scan heartbeat — 292,459,555 triples · 52,277,874,647 bytes read
  Partitioned compression: HG005_GRCh38_1_22_v4.2.1_benchmark: rdf-scan heartbeat — 292,826,230 triples · 52,344,983,670 bytes read
  Partitioned compression: HG005_GRCh38_1_22_v4.2.1_benchmark: rdf-scan heartbeat — 293,192,917 triples · 52,412,092,648 bytes read
  Partitioned compression: HG005_GRCh38_1_22_v4.2.1_benchmark: rdf-scan heartbeat — 293,559,622 triples · 52,479,201,558 bytes read
  Partitioned compression: HG005_GRCh38_1_22_v4.2.1_benchmark: rdf-scan heartbeat — 293,926,354 triples · 52,546,310,441 bytes read
  Partitioned compression: HG005_GRCh38_1_22_v4.2.1_benchmark: rdf-scan chunk — 294,292,746 triples · 98 chunks · 52,613,358,261 bytes read
  Partitioned compression: HG005_GRCh38_1_22_v4.2.1_benchmark: hdt-chunks started — 97 chunks · hdt-build-00097
  Partitioned compression: HG005_GRCh38_1_22_v4.2.1_benchmark: hdt-chunks complete — 98 chunks · hdt-build-00097
  Partitioned compression: HG005_GRCh38_1_22_v4.2.1_benchmark: rdf-scan heartbeat — 294,293,080 triples · 52,613,419,401 bytes read
  Partitioned compression: HG005_GRCh38_1_22_v4.2.1_benchmark: rdf-scan heartbeat — 294,659,832 triples · 52,680,528,364 bytes read
  Partitioned compression: HG005_GRCh38_1_22_v4.2.1_benchmark: rdf-scan heartbeat — 295,026,645 triples · 52,747,637,305 bytes read
  Partitioned compression: HG005_GRCh38_1_22_v4.2.1_benchmark: rdf-scan heartbeat — 295,393,358 triples · 52,814,746,334 bytes read
  Partitioned compression: HG005_GRCh38_1_22_v4.2.1_benchmark: rdf-scan heartbeat — 295,760,116 triples · 52,881,855,326 bytes read
  Partitioned compression: HG005_GRCh38_1_22_v4.2.1_benchmark: rdf-scan heartbeat — 296,126,810 triples · 52,948,964,247 bytes read
  Partitioned compression: HG005_GRCh38_1_22_v4.2.1_benchmark: rdf-scan heartbeat — 296,493,494 triples · 53,016,073,260 bytes read
  Partitioned compression: HG005_GRCh38_1_22_v4.2.1_benchmark: rdf-scan heartbeat — 296,860,155 triples · 53,083,182,183 bytes read
  Partitioned compression: HG005_GRCh38_1_22_v4.2.1_benchmark: rdf-scan chunk — 297,226,494 triples · 99 chunks · 53,150,229,230 bytes read
  Partitioned compression: HG005_GRCh38_1_22_v4.2.1_benchmark: hdt-chunks started — 98 chunks · hdt-build-00098
  Partitioned compression: HG005_GRCh38_1_22_v4.2.1_benchmark: hdt-chunks complete — 99 chunks · hdt-build-00098
  Partitioned compression: HG005_GRCh38_1_22_v4.2.1_benchmark: rdf-scan heartbeat — 297,226,832 triples · 53,150,291,066 bytes read
  Partitioned compression: HG005_GRCh38_1_22_v4.2.1_benchmark: rdf-scan heartbeat — 297,593,510 triples · 53,217,400,050 bytes read
  Partitioned compression: HG005_GRCh38_1_22_v4.2.1_benchmark: rdf-scan heartbeat — 297,960,215 triples · 53,284,508,929 bytes read
  Partitioned compression: HG005_GRCh38_1_22_v4.2.1_benchmark: rdf-scan heartbeat — 298,326,920 triples · 53,351,617,982 bytes read
  Partitioned compression: HG005_GRCh38_1_22_v4.2.1_benchmark: rdf-scan heartbeat — 298,693,585 triples · 53,418,726,996 bytes read
  Partitioned compression: HG005_GRCh38_1_22_v4.2.1_benchmark: rdf-scan heartbeat — 299,060,233 triples · 53,485,835,873 bytes read
  Partitioned compression: HG005_GRCh38_1_22_v4.2.1_benchmark: rdf-scan heartbeat — 299,426,910 triples · 53,552,944,782 bytes read
  Partitioned compression: HG005_GRCh38_1_22_v4.2.1_benchmark: rdf-scan heartbeat — 299,793,575 triples · 53,620,053,715 bytes read
  Partitioned compression: HG005_GRCh38_1_22_v4.2.1_benchmark: rdf-scan chunk — 300,159,927 triples · 100 chunks · 53,687,100,240 bytes read
  Partitioned compression: HG005_GRCh38_1_22_v4.2.1_benchmark: hdt-chunks started — 99 chunks · hdt-build-00099
  Partitioned compression: HG005_GRCh38_1_22_v4.2.1_benchmark: hdt-chunks complete — 100 chunks · hdt-build-00099
  Partitioned compression: HG005_GRCh38_1_22_v4.2.1_benchmark: rdf-scan heartbeat — 300,160,268 triples · 53,687,162,653 bytes read
  Partitioned compression: HG005_GRCh38_1_22_v4.2.1_benchmark: rdf-scan heartbeat — 300,526,957 triples · 53,754,271,599 bytes read
  Partitioned compression: HG005_GRCh38_1_22_v4.2.1_benchmark: rdf-scan heartbeat — 300,893,661 triples · 53,821,380,506 bytes read
  Partitioned compression: HG005_GRCh38_1_22_v4.2.1_benchmark: rdf-scan heartbeat — 301,260,428 triples · 53,888,489,508 bytes read
  Partitioned compression: HG005_GRCh38_1_22_v4.2.1_benchmark: rdf-scan heartbeat — 301,627,143 triples · 53,955,598,408 bytes read
  Partitioned compression: HG005_GRCh38_1_22_v4.2.1_benchmark: rdf-scan heartbeat — 301,993,867 triples · 54,022,707,370 bytes read
  Partitioned compression: HG005_GRCh38_1_22_v4.2.1_benchmark: rdf-scan heartbeat — 302,360,592 triples · 54,089,816,307 bytes read
  Partitioned compression: HG005_GRCh38_1_22_v4.2.1_benchmark: rdf-scan heartbeat — 302,727,299 triples · 54,156,925,174 bytes read
  Partitioned compression: HG005_GRCh38_1_22_v4.2.1_benchmark: rdf-scan chunk — 303,093,635 triples · 101 chunks · 54,223,971,159 bytes read
  Partitioned compression: HG005_GRCh38_1_22_v4.2.1_benchmark: hdt-chunks started — 100 chunks · hdt-build-00100
  Partitioned compression: HG005_GRCh38_1_22_v4.2.1_benchmark: hdt-chunks complete — 101 chunks · hdt-build-00100
  Partitioned compression: HG005_GRCh38_1_22_v4.2.1_benchmark: rdf-scan heartbeat — 303,093,979 triples · 54,224,034,107 bytes read
  Partitioned compression: HG005_GRCh38_1_22_v4.2.1_benchmark: rdf-scan heartbeat — 303,460,668 triples · 54,291,143,038 bytes read
  Partitioned compression: HG005_GRCh38_1_22_v4.2.1_benchmark: rdf-scan heartbeat — 303,827,381 triples · 54,358,251,951 bytes read
  Partitioned compression: HG005_GRCh38_1_22_v4.2.1_benchmark: rdf-scan heartbeat — 304,194,098 triples · 54,425,360,869 bytes read
  Partitioned compression: HG005_GRCh38_1_22_v4.2.1_benchmark: rdf-scan heartbeat — 304,560,799 triples · 54,492,469,893 bytes read
  Partitioned compression: HG005_GRCh38_1_22_v4.2.1_benchmark: rdf-scan heartbeat — 304,927,518 triples · 54,559,578,803 bytes read
  Partitioned compression: HG005_GRCh38_1_22_v4.2.1_benchmark: rdf-scan heartbeat — 305,294,230 triples · 54,626,687,748 bytes read
  Partitioned compression: HG005_GRCh38_1_22_v4.2.1_benchmark: rdf-scan heartbeat — 305,660,973 triples · 54,693,796,664 bytes read
  Partitioned compression: HG005_GRCh38_1_22_v4.2.1_benchmark: rdf-scan chunk — 306,027,317 triples · 102 chunks · 54,760,842,121 bytes read
  Partitioned compression: HG005_GRCh38_1_22_v4.2.1_benchmark: hdt-chunks started — 101 chunks · hdt-build-00101
  Partitioned compression: HG005_GRCh38_1_22_v4.2.1_benchmark: hdt-chunks complete — 102 chunks · hdt-build-00101
  Partitioned compression: HG005_GRCh38_1_22_v4.2.1_benchmark: rdf-scan heartbeat — 306,027,664 triples · 54,760,905,537 bytes read
  Partitioned compression: HG005_GRCh38_1_22_v4.2.1_benchmark: rdf-scan heartbeat — 306,394,352 triples · 54,828,014,417 bytes read
  Partitioned compression: HG005_GRCh38_1_22_v4.2.1_benchmark: rdf-scan heartbeat — 306,761,047 triples · 54,895,123,296 bytes read
  Partitioned compression: HG005_GRCh38_1_22_v4.2.1_benchmark: rdf-scan heartbeat — 307,127,744 triples · 54,962,232,251 bytes read
  Partitioned compression: HG005_GRCh38_1_22_v4.2.1_benchmark: rdf-scan heartbeat — 307,494,442 triples · 55,029,341,177 bytes read
  Partitioned compression: HG005_GRCh38_1_22_v4.2.1_benchmark: rdf-scan heartbeat — 307,861,166 triples · 55,096,450,144 bytes read
  Partitioned compression: HG005_GRCh38_1_22_v4.2.1_benchmark: rdf-scan heartbeat — 308,227,884 triples · 55,163,559,091 bytes read
  Partitioned compression: HG005_GRCh38_1_22_v4.2.1_benchmark: rdf-scan heartbeat — 308,600,667 triples · 55,230,667,955 bytes read
  Partitioned compression: HG005_GRCh38_1_22_v4.2.1_benchmark: rdf-scan chunk — 308,972,317 triples · 103 chunks · 55,297,713,091 bytes read
  Partitioned compression: HG005_GRCh38_1_22_v4.2.1_benchmark: hdt-chunks started — 102 chunks · hdt-build-00102
  Partitioned compression: HG005_GRCh38_1_22_v4.2.1_benchmark: hdt-chunks complete — 103 chunks · hdt-build-00102
  Partitioned compression: HG005_GRCh38_1_22_v4.2.1_benchmark: rdf-scan heartbeat — 308,972,671 triples · 55,297,776,877 bytes read
  Partitioned compression: HG005_GRCh38_1_22_v4.2.1_benchmark: rdf-scan heartbeat — 309,343,641 triples · 55,364,885,868 bytes read
  Partitioned compression: HG005_GRCh38_1_22_v4.2.1_benchmark: rdf-scan heartbeat — 309,713,235 triples · 55,431,994,849 bytes read
  Partitioned compression: HG005_GRCh38_1_22_v4.2.1_benchmark: rdf-scan heartbeat — 310,082,902 triples · 55,499,103,713 bytes read
  Partitioned compression: HG005_GRCh38_1_22_v4.2.1_benchmark: rdf-scan heartbeat — 310,452,650 triples · 55,566,212,640 bytes read
  Partitioned compression: HG005_GRCh38_1_22_v4.2.1_benchmark: rdf-scan heartbeat — 310,821,928 triples · 55,633,321,688 bytes read
  Partitioned compression: HG005_GRCh38_1_22_v4.2.1_benchmark: rdf-scan heartbeat — 311,191,688 triples · 55,700,430,665 bytes read
  Partitioned compression: HG005_GRCh38_1_22_v4.2.1_benchmark: rdf-scan heartbeat — 311,561,271 triples · 55,767,539,555 bytes read
  Partitioned compression: HG005_GRCh38_1_22_v4.2.1_benchmark: rdf-scan chunk — 311,930,409 triples · 104 chunks · 55,834,584,089 bytes read
  Partitioned compression: HG005_GRCh38_1_22_v4.2.1_benchmark: hdt-chunks started — 103 chunks · hdt-build-00103
  Partitioned compression: HG005_GRCh38_1_22_v4.2.1_benchmark: hdt-chunks complete — 104 chunks · hdt-build-00103
  Partitioned compression: HG005_GRCh38_1_22_v4.2.1_benchmark: rdf-scan heartbeat — 311,930,765 triples · 55,834,648,923 bytes read
  Partitioned compression: HG005_GRCh38_1_22_v4.2.1_benchmark: rdf-scan heartbeat — 312,300,312 triples · 55,901,757,926 bytes read
  Partitioned compression: HG005_GRCh38_1_22_v4.2.1_benchmark: rdf-scan heartbeat — 312,669,812 triples · 55,968,866,900 bytes read
  Partitioned compression: HG005_GRCh38_1_22_v4.2.1_benchmark: rdf-scan heartbeat — 313,039,337 triples · 56,035,976,153 bytes read
  Partitioned compression: HG005_GRCh38_1_22_v4.2.1_benchmark: rdf-scan heartbeat — 313,408,743 triples · 56,103,085,042 bytes read
  Partitioned compression: HG005_GRCh38_1_22_v4.2.1_benchmark: rdf-scan heartbeat — 313,778,320 triples · 56,170,194,034 bytes read
  Partitioned compression: HG005_GRCh38_1_22_v4.2.1_benchmark: rdf-scan heartbeat — 314,147,871 triples · 56,237,303,055 bytes read
  Partitioned compression: HG005_GRCh38_1_22_v4.2.1_benchmark: rdf-scan heartbeat — 314,517,321 triples · 56,304,411,952 bytes read
  Partitioned compression: HG005_GRCh38_1_22_v4.2.1_benchmark: rdf-scan chunk — 314,886,063 triples · 105 chunks · 56,371,455,015 bytes read
  Partitioned compression: HG005_GRCh38_1_22_v4.2.1_benchmark: hdt-chunks started — 104 chunks · hdt-build-00104
  Partitioned compression: HG005_GRCh38_1_22_v4.2.1_benchmark: hdt-chunks complete — 105 chunks · hdt-build-00104
  Partitioned compression: HG005_GRCh38_1_22_v4.2.1_benchmark: rdf-scan heartbeat — 314,886,427 triples · 56,371,520,862 bytes read
  Partitioned compression: HG005_GRCh38_1_22_v4.2.1_benchmark: rdf-scan heartbeat — 315,255,751 triples · 56,438,629,881 bytes read
  Partitioned compression: HG005_GRCh38_1_22_v4.2.1_benchmark: rdf-scan heartbeat — 315,625,148 triples · 56,505,738,813 bytes read
  Partitioned compression: HG005_GRCh38_1_22_v4.2.1_benchmark: rdf-scan heartbeat — 315,994,481 triples · 56,572,847,715 bytes read
  Partitioned compression: HG005_GRCh38_1_22_v4.2.1_benchmark: rdf-scan heartbeat — 316,363,820 triples · 56,639,956,752 bytes read
  Partitioned compression: HG005_GRCh38_1_22_v4.2.1_benchmark: rdf-scan heartbeat — 316,733,186 triples · 56,707,065,722 bytes read
  Partitioned compression: HG005_GRCh38_1_22_v4.2.1_benchmark: rdf-scan heartbeat — 317,102,720 triples · 56,774,174,587 bytes read
  Partitioned compression: HG005_GRCh38_1_22_v4.2.1_benchmark: rdf-scan heartbeat — 317,471,378 triples · 56,841,283,569 bytes read
  Partitioned compression: HG005_GRCh38_1_22_v4.2.1_benchmark: rdf-scan chunk — 317,837,994 triples · 106 chunks · 56,908,325,928 bytes read
  Partitioned compression: HG005_GRCh38_1_22_v4.2.1_benchmark: hdt-chunks started — 105 chunks · hdt-build-00105
  Partitioned compression: HG005_GRCh38_1_22_v4.2.1_benchmark: hdt-chunks complete — 106 chunks · hdt-build-00105
  Partitioned compression: HG005_GRCh38_1_22_v4.2.1_benchmark: rdf-scan heartbeat — 317,838,357 triples · 56,908,392,515 bytes read
  Partitioned compression: HG005_GRCh38_1_22_v4.2.1_benchmark: rdf-scan heartbeat — 318,205,341 triples · 56,975,501,515 bytes read
  Partitioned compression: HG005_GRCh38_1_22_v4.2.1_benchmark: rdf-scan heartbeat — 318,572,260 triples · 57,042,610,424 bytes read
  Partitioned compression: HG005_GRCh38_1_22_v4.2.1_benchmark: rdf-scan heartbeat — 318,939,204 triples · 57,109,719,400 bytes read
  Partitioned compression: HG005_GRCh38_1_22_v4.2.1_benchmark: rdf-scan heartbeat — 319,306,208 triples · 57,176,828,442 bytes read
  Partitioned compression: HG005_GRCh38_1_22_v4.2.1_benchmark: rdf-scan heartbeat — 319,673,237 triples · 57,243,937,427 bytes read
  Partitioned compression: HG005_GRCh38_1_22_v4.2.1_benchmark: rdf-scan heartbeat — 320,040,274 triples · 57,311,046,446 bytes read
  Partitioned compression: HG005_GRCh38_1_22_v4.2.1_benchmark: rdf-scan heartbeat — 320,407,194 triples · 57,378,155,407 bytes read
  Partitioned compression: HG005_GRCh38_1_22_v4.2.1_benchmark: rdf-scan chunk — 320,773,846 triples · 107 chunks · 57,445,196,987 bytes read
  Partitioned compression: HG005_GRCh38_1_22_v4.2.1_benchmark: hdt-chunks started — 106 chunks · hdt-build-00106
  Partitioned compression: HG005_GRCh38_1_22_v4.2.1_benchmark: hdt-chunks complete — 107 chunks · hdt-build-00106
  Partitioned compression: HG005_GRCh38_1_22_v4.2.1_benchmark: rdf-scan heartbeat — 320,774,214 triples · 57,445,264,367 bytes read
  Partitioned compression: HG005_GRCh38_1_22_v4.2.1_benchmark: rdf-scan heartbeat — 321,141,216 triples · 57,512,373,414 bytes read
  Partitioned compression: HG005_GRCh38_1_22_v4.2.1_benchmark: rdf-scan heartbeat — 321,508,118 triples · 57,579,482,431 bytes read
  Partitioned compression: HG005_GRCh38_1_22_v4.2.1_benchmark: rdf-scan heartbeat — 321,874,975 triples · 57,646,591,344 bytes read
  Partitioned compression: HG005_GRCh38_1_22_v4.2.1_benchmark: rdf-scan heartbeat — 322,242,055 triples · 57,713,700,248 bytes read
  Partitioned compression: HG005_GRCh38_1_22_v4.2.1_benchmark: rdf-scan heartbeat — 322,608,955 triples · 57,780,809,182 bytes read
  Partitioned compression: HG005_GRCh38_1_22_v4.2.1_benchmark: rdf-scan heartbeat — 322,976,469 triples · 57,847,918,172 bytes read
  Partitioned compression: HG005_GRCh38_1_22_v4.2.1_benchmark: rdf-scan heartbeat — 323,344,801 triples · 57,915,027,135 bytes read
  Partitioned compression: HG005_GRCh38_1_22_v4.2.1_benchmark: rdf-scan chunk — 323,711,802 triples · 108 chunks · 57,982,068,028 bytes read
  Partitioned compression: HG005_GRCh38_1_22_v4.2.1_benchmark: hdt-chunks started — 107 chunks · hdt-build-00107
  Partitioned compression: HG005_GRCh38_1_22_v4.2.1_benchmark: hdt-chunks complete — 108 chunks · hdt-build-00107
  Partitioned compression: HG005_GRCh38_1_22_v4.2.1_benchmark: rdf-scan heartbeat — 323,712,175 triples · 57,982,136,102 bytes read
  Partitioned compression: HG005_GRCh38_1_22_v4.2.1_benchmark: rdf-scan heartbeat — 324,079,404 triples · 58,049,245,107 bytes read
  Partitioned compression: HG005_GRCh38_1_22_v4.2.1_benchmark: rdf-scan heartbeat — 324,446,483 triples · 58,116,354,073 bytes read
  Partitioned compression: HG005_GRCh38_1_22_v4.2.1_benchmark: rdf-scan heartbeat — 324,813,637 triples · 58,183,462,995 bytes read
  Partitioned compression: HG005_GRCh38_1_22_v4.2.1_benchmark: rdf-scan heartbeat — 325,180,503 triples · 58,250,571,971 bytes read
  Partitioned compression: HG005_GRCh38_1_22_v4.2.1_benchmark: rdf-scan heartbeat — 325,547,436 triples · 58,317,680,989 bytes read
  Partitioned compression: HG005_GRCh38_1_22_v4.2.1_benchmark: rdf-scan heartbeat — 325,914,410 triples · 58,384,789,992 bytes read
  Partitioned compression: HG005_GRCh38_1_22_v4.2.1_benchmark: rdf-scan heartbeat — 326,281,325 triples · 58,451,899,016 bytes read
  Partitioned compression: HG005_GRCh38_1_22_v4.2.1_benchmark: rdf-scan chunk — 326,648,025 triples · 109 chunks · 58,518,938,942 bytes read
  Partitioned compression: HG005_GRCh38_1_22_v4.2.1_benchmark: hdt-chunks started — 108 chunks · hdt-build-00108
  Partitioned compression: HG005_GRCh38_1_22_v4.2.1_benchmark: hdt-chunks complete — 109 chunks · hdt-build-00108
  Partitioned compression: HG005_GRCh38_1_22_v4.2.1_benchmark: rdf-scan heartbeat — 326,648,400 triples · 58,519,007,927 bytes read
  Partitioned compression: HG005_GRCh38_1_22_v4.2.1_benchmark: rdf-scan heartbeat — 327,015,529 triples · 58,586,116,818 bytes read
  Partitioned compression: HG005_GRCh38_1_22_v4.2.1_benchmark: rdf-scan heartbeat — 327,382,427 triples · 58,653,225,787 bytes read
  Partitioned compression: HG005_GRCh38_1_22_v4.2.1_benchmark: rdf-scan heartbeat — 327,749,266 triples · 58,720,334,817 bytes read
  Partitioned compression: HG005_GRCh38_1_22_v4.2.1_benchmark: rdf-scan heartbeat — 328,116,251 triples · 58,787,443,689 bytes read
  Partitioned compression: HG005_GRCh38_1_22_v4.2.1_benchmark: rdf-scan heartbeat — 328,483,293 triples · 58,854,552,698 bytes read
  Partitioned compression: HG005_GRCh38_1_22_v4.2.1_benchmark: rdf-scan heartbeat — 328,850,212 triples · 58,921,661,595 bytes read
  Partitioned compression: HG005_GRCh38_1_22_v4.2.1_benchmark: rdf-scan heartbeat — 329,217,236 triples · 58,988,770,460 bytes read
  Partitioned compression: HG005_GRCh38_1_22_v4.2.1_benchmark: rdf-scan chunk — 329,583,899 triples · 110 chunks · 59,055,810,081 bytes read
  Partitioned compression: HG005_GRCh38_1_22_v4.2.1_benchmark: hdt-chunks started — 109 chunks · hdt-build-00109
  Partitioned compression: HG005_GRCh38_1_22_v4.2.1_benchmark: hdt-chunks complete — 110 chunks · hdt-build-00109
  Partitioned compression: HG005_GRCh38_1_22_v4.2.1_benchmark: rdf-scan heartbeat — 329,584,279 triples · 59,055,879,421 bytes read
  Partitioned compression: HG005_GRCh38_1_22_v4.2.1_benchmark: rdf-scan heartbeat — 329,951,312 triples · 59,122,988,318 bytes read
  Partitioned compression: HG005_GRCh38_1_22_v4.2.1_benchmark: rdf-scan heartbeat — 330,318,466 triples · 59,190,097,251 bytes read
  Partitioned compression: HG005_GRCh38_1_22_v4.2.1_benchmark: rdf-scan heartbeat — 330,685,397 triples · 59,257,206,253 bytes read
  Partitioned compression: HG005_GRCh38_1_22_v4.2.1_benchmark: rdf-scan heartbeat — 331,052,382 triples · 59,324,315,137 bytes read
  Partitioned compression: HG005_GRCh38_1_22_v4.2.1_benchmark: rdf-scan heartbeat — 331,419,381 triples · 59,391,424,421 bytes read
  Partitioned compression: HG005_GRCh38_1_22_v4.2.1_benchmark: rdf-scan heartbeat — 331,786,230 triples · 59,458,533,333 bytes read
  Partitioned compression: HG005_GRCh38_1_22_v4.2.1_benchmark: rdf-scan heartbeat — 332,153,094 triples · 59,525,642,208 bytes read
  Partitioned compression: HG005_GRCh38_1_22_v4.2.1_benchmark: rdf-scan chunk — 332,519,539 triples · 111 chunks · 59,592,681,031 bytes read
  Partitioned compression: HG005_GRCh38_1_22_v4.2.1_benchmark: hdt-chunks started — 110 chunks · hdt-build-00110
  Partitioned compression: HG005_GRCh38_1_22_v4.2.1_benchmark: hdt-chunks complete — 111 chunks · hdt-build-00110
  Partitioned compression: HG005_GRCh38_1_22_v4.2.1_benchmark: rdf-scan heartbeat — 332,519,924 triples · 59,592,751,151 bytes read
  Partitioned compression: HG005_GRCh38_1_22_v4.2.1_benchmark: rdf-scan heartbeat — 332,886,976 triples · 59,659,860,134 bytes read
  Partitioned compression: HG005_GRCh38_1_22_v4.2.1_benchmark: rdf-scan heartbeat — 333,254,002 triples · 59,726,969,023 bytes read
  Partitioned compression: HG005_GRCh38_1_22_v4.2.1_benchmark: rdf-scan heartbeat — 333,621,046 triples · 59,794,077,933 bytes read
  Partitioned compression: HG005_GRCh38_1_22_v4.2.1_benchmark: rdf-scan heartbeat — 333,988,018 triples · 59,861,186,806 bytes read
  Partitioned compression: HG005_GRCh38_1_22_v4.2.1_benchmark: rdf-scan heartbeat — 334,354,834 triples · 59,928,295,718 bytes read
  Partitioned compression: HG005_GRCh38_1_22_v4.2.1_benchmark: rdf-scan heartbeat — 334,721,827 triples · 59,995,404,624 bytes read
  Partitioned compression: HG005_GRCh38_1_22_v4.2.1_benchmark: rdf-scan heartbeat — 335,088,794 triples · 60,062,513,641 bytes read
  Partitioned compression: HG005_GRCh38_1_22_v4.2.1_benchmark: rdf-scan chunk — 335,455,367 triples · 112 chunks · 60,129,552,020 bytes read
  Partitioned compression: HG005_GRCh38_1_22_v4.2.1_benchmark: hdt-chunks started — 111 chunks · hdt-build-00111
  Partitioned compression: HG005_GRCh38_1_22_v4.2.1_benchmark: hdt-chunks complete — 112 chunks · hdt-build-00111
  Partitioned compression: HG005_GRCh38_1_22_v4.2.1_benchmark: rdf-scan heartbeat — 335,455,751 triples · 60,129,622,563 bytes read
  Partitioned compression: HG005_GRCh38_1_22_v4.2.1_benchmark: rdf-scan heartbeat — 335,822,950 triples · 60,196,731,507 bytes read
  Partitioned compression: HG005_GRCh38_1_22_v4.2.1_benchmark: rdf-scan heartbeat — 336,189,985 triples · 60,263,840,469 bytes read
  Partitioned compression: HG005_GRCh38_1_22_v4.2.1_benchmark: rdf-scan heartbeat — 336,557,349 triples · 60,330,949,458 bytes read
  Partitioned compression: HG005_GRCh38_1_22_v4.2.1_benchmark: rdf-scan heartbeat — 336,924,543 triples · 60,398,058,390 bytes read
  Partitioned compression: HG005_GRCh38_1_22_v4.2.1_benchmark: rdf-scan heartbeat — 337,291,536 triples · 60,465,167,430 bytes read
  Partitioned compression: HG005_GRCh38_1_22_v4.2.1_benchmark: rdf-scan heartbeat — 337,658,363 triples · 60,532,276,359 bytes read
  Partitioned compression: HG005_GRCh38_1_22_v4.2.1_benchmark: rdf-scan heartbeat — 338,025,183 triples · 60,599,385,227 bytes read
  Partitioned compression: HG005_GRCh38_1_22_v4.2.1_benchmark: rdf-scan chunk — 338,391,702 triples · 113 chunks · 60,666,423,096 bytes read
  Partitioned compression: HG005_GRCh38_1_22_v4.2.1_benchmark: hdt-chunks started — 112 chunks · hdt-build-00112
  Partitioned compression: HG005_GRCh38_1_22_v4.2.1_benchmark: hdt-chunks complete — 113 chunks · hdt-build-00112
  Partitioned compression: HG005_GRCh38_1_22_v4.2.1_benchmark: rdf-scan heartbeat — 338,392,091 triples · 60,666,494,246 bytes read
  Partitioned compression: HG005_GRCh38_1_22_v4.2.1_benchmark: rdf-scan heartbeat — 338,759,084 triples · 60,733,603,170 bytes read
  Partitioned compression: HG005_GRCh38_1_22_v4.2.1_benchmark: rdf-scan heartbeat — 339,125,852 triples · 60,800,712,067 bytes read
  Partitioned compression: HG005_GRCh38_1_22_v4.2.1_benchmark: rdf-scan heartbeat — 339,492,635 triples · 60,867,821,026 bytes read
  Partitioned compression: HG005_GRCh38_1_22_v4.2.1_benchmark: rdf-scan heartbeat — 339,859,519 triples · 60,934,929,958 bytes read
  Partitioned compression: HG005_GRCh38_1_22_v4.2.1_benchmark: rdf-scan heartbeat — 340,226,675 triples · 61,002,038,961 bytes read
  Partitioned compression: HG005_GRCh38_1_22_v4.2.1_benchmark: rdf-scan heartbeat — 340,593,434 triples · 61,069,147,923 bytes read
  Partitioned compression: HG005_GRCh38_1_22_v4.2.1_benchmark: rdf-scan heartbeat — 340,960,450 triples · 61,136,256,873 bytes read
  Partitioned compression: HG005_GRCh38_1_22_v4.2.1_benchmark: rdf-scan chunk — 341,326,949 triples · 114 chunks · 61,203,294,062 bytes read
  Partitioned compression: HG005_GRCh38_1_22_v4.2.1_benchmark: hdt-chunks started — 113 chunks · hdt-build-00113
  Partitioned compression: HG005_GRCh38_1_22_v4.2.1_benchmark: hdt-chunks complete — 114 chunks · hdt-build-00113
  Partitioned compression: HG005_GRCh38_1_22_v4.2.1_benchmark: rdf-scan heartbeat — 341,327,342 triples · 61,203,365,844 bytes read
  Partitioned compression: HG005_GRCh38_1_22_v4.2.1_benchmark: rdf-scan heartbeat — 341,694,132 triples · 61,270,475,030 bytes read
  Partitioned compression: HG005_GRCh38_1_22_v4.2.1_benchmark: rdf-scan heartbeat — 342,061,073 triples · 61,337,583,900 bytes read
  Partitioned compression: HG005_GRCh38_1_22_v4.2.1_benchmark: rdf-scan heartbeat — 342,427,949 triples · 61,404,692,880 bytes read
  Partitioned compression: HG005_GRCh38_1_22_v4.2.1_benchmark: rdf-scan heartbeat — 342,794,773 triples · 61,471,801,768 bytes read
  Partitioned compression: HG005_GRCh38_1_22_v4.2.1_benchmark: rdf-scan heartbeat — 343,161,605 triples · 61,538,910,781 bytes read
  Partitioned compression: HG005_GRCh38_1_22_v4.2.1_benchmark: rdf-scan heartbeat — 343,528,510 triples · 61,606,019,712 bytes read
  Partitioned compression: HG005_GRCh38_1_22_v4.2.1_benchmark: rdf-scan heartbeat — 343,895,232 triples · 61,673,129,104 bytes read
  Partitioned compression: HG005_GRCh38_1_22_v4.2.1_benchmark: rdf-scan chunk — 344,261,737 triples · 115 chunks · 61,740,165,078 bytes read
  Partitioned compression: HG005_GRCh38_1_22_v4.2.1_benchmark: hdt-chunks started — 114 chunks · hdt-build-00114
  Partitioned compression: HG005_GRCh38_1_22_v4.2.1_benchmark: hdt-chunks complete — 115 chunks · hdt-build-00114
  Partitioned compression: HG005_GRCh38_1_22_v4.2.1_benchmark: rdf-scan heartbeat — 344,262,135 triples · 61,740,238,012 bytes read
  Partitioned compression: HG005_GRCh38_1_22_v4.2.1_benchmark: rdf-scan heartbeat — 344,629,100 triples · 61,807,347,032 bytes read
  Partitioned compression: HG005_GRCh38_1_22_v4.2.1_benchmark: rdf-scan heartbeat — 344,996,030 triples · 61,874,456,037 bytes read
  Partitioned compression: HG005_GRCh38_1_22_v4.2.1_benchmark: rdf-scan heartbeat — 345,363,016 triples · 61,941,565,008 bytes read
  Partitioned compression: HG005_GRCh38_1_22_v4.2.1_benchmark: rdf-scan heartbeat — 345,729,991 triples · 62,008,674,028 bytes read
  Partitioned compression: HG005_GRCh38_1_22_v4.2.1_benchmark: rdf-scan heartbeat — 346,097,000 triples · 62,075,782,915 bytes read
  Partitioned compression: HG005_GRCh38_1_22_v4.2.1_benchmark: rdf-scan heartbeat — 346,464,044 triples · 62,142,891,862 bytes read
  Partitioned compression: HG005_GRCh38_1_22_v4.2.1_benchmark: rdf-scan heartbeat — 346,831,073 triples · 62,210,000,821 bytes read
  Partitioned compression: HG005_GRCh38_1_22_v4.2.1_benchmark: rdf-scan chunk — 347,197,599 triples · 116 chunks · 62,277,036,117 bytes read
  Partitioned compression: HG005_GRCh38_1_22_v4.2.1_benchmark: hdt-chunks started — 115 chunks · hdt-build-00115
  Partitioned compression: HG005_GRCh38_1_22_v4.2.1_benchmark: hdt-chunks complete — 116 chunks · hdt-build-00115
  Partitioned compression: HG005_GRCh38_1_22_v4.2.1_benchmark: rdf-scan heartbeat — 347,198,002 triples · 62,277,109,834 bytes read
  Partitioned compression: HG005_GRCh38_1_22_v4.2.1_benchmark: rdf-scan heartbeat — 347,564,929 triples · 62,344,218,800 bytes read
  Partitioned compression: HG005_GRCh38_1_22_v4.2.1_benchmark: rdf-scan heartbeat — 347,931,981 triples · 62,411,327,710 bytes read
  Partitioned compression: HG005_GRCh38_1_22_v4.2.1_benchmark: rdf-scan heartbeat — 348,299,128 triples · 62,478,436,612 bytes read
  Partitioned compression: HG005_GRCh38_1_22_v4.2.1_benchmark: rdf-scan heartbeat — 348,665,964 triples · 62,545,545,490 bytes read
  Partitioned compression: HG005_GRCh38_1_22_v4.2.1_benchmark: rdf-scan heartbeat — 349,032,845 triples · 62,612,654,491 bytes read
  Partitioned compression: HG005_GRCh38_1_22_v4.2.1_benchmark: rdf-scan heartbeat — 349,399,757 triples · 62,679,763,492 bytes read
  Partitioned compression: HG005_GRCh38_1_22_v4.2.1_benchmark: rdf-scan heartbeat — 349,766,891 triples · 62,746,872,531 bytes read
  Partitioned compression: HG005_GRCh38_1_22_v4.2.1_benchmark: rdf-scan chunk — 350,133,483 triples · 117 chunks · 62,813,907,115 bytes read
  Partitioned compression: HG005_GRCh38_1_22_v4.2.1_benchmark: hdt-chunks started — 116 chunks · hdt-build-00116
  Partitioned compression: HG005_GRCh38_1_22_v4.2.1_benchmark: hdt-chunks complete — 117 chunks · hdt-build-00116
  Partitioned compression: HG005_GRCh38_1_22_v4.2.1_benchmark: rdf-scan heartbeat — 350,133,889 triples · 62,813,981,494 bytes read
  Partitioned compression: HG005_GRCh38_1_22_v4.2.1_benchmark: rdf-scan heartbeat — 350,500,867 triples · 62,881,090,535 bytes read
  Partitioned compression: HG005_GRCh38_1_22_v4.2.1_benchmark: rdf-scan heartbeat — 350,867,898 triples · 62,948,199,494 bytes read
  Partitioned compression: HG005_GRCh38_1_22_v4.2.1_benchmark: rdf-scan heartbeat — 351,234,772 triples · 63,015,308,437 bytes read
  Partitioned compression: HG005_GRCh38_1_22_v4.2.1_benchmark: rdf-scan heartbeat — 351,601,708 triples · 63,082,417,424 bytes read
  Partitioned compression: HG005_GRCh38_1_22_v4.2.1_benchmark: rdf-scan heartbeat — 351,968,717 triples · 63,149,526,331 bytes read
  Partitioned compression: HG005_GRCh38_1_22_v4.2.1_benchmark: rdf-scan heartbeat — 352,335,744 triples · 63,216,635,261 bytes read
  Partitioned compression: HG005_GRCh38_1_22_v4.2.1_benchmark: rdf-scan heartbeat — 352,703,858 triples · 63,283,744,184 bytes read
  Partitioned compression: HG005_GRCh38_1_22_v4.2.1_benchmark: rdf-scan chunk — 353,070,416 triples · 118 chunks · 63,350,778,157 bytes read
  Partitioned compression: HG005_GRCh38_1_22_v4.2.1_benchmark: hdt-chunks started — 117 chunks · hdt-build-00117
  Partitioned compression: HG005_GRCh38_1_22_v4.2.1_benchmark: hdt-chunks complete — 118 chunks · hdt-build-00117
  Partitioned compression: HG005_GRCh38_1_22_v4.2.1_benchmark: rdf-scan heartbeat — 353,070,828 triples · 63,350,853,074 bytes read
  Partitioned compression: HG005_GRCh38_1_22_v4.2.1_benchmark: rdf-scan heartbeat — 353,437,672 triples · 63,417,962,017 bytes read
  Partitioned compression: HG005_GRCh38_1_22_v4.2.1_benchmark: rdf-scan heartbeat — 353,804,662 triples · 63,485,070,948 bytes read
  Partitioned compression: HG005_GRCh38_1_22_v4.2.1_benchmark: rdf-scan heartbeat — 354,171,583 triples · 63,552,179,978 bytes read
  Partitioned compression: HG005_GRCh38_1_22_v4.2.1_benchmark: rdf-scan heartbeat — 354,538,595 triples · 63,619,288,852 bytes read
  Partitioned compression: HG005_GRCh38_1_22_v4.2.1_benchmark: rdf-scan heartbeat — 354,905,435 triples · 63,686,397,820 bytes read
  Partitioned compression: HG005_GRCh38_1_22_v4.2.1_benchmark: rdf-scan heartbeat — 355,272,370 triples · 63,753,506,843 bytes read
  Partitioned compression: HG005_GRCh38_1_22_v4.2.1_benchmark: rdf-scan heartbeat — 355,639,332 triples · 63,820,615,880 bytes read
  Partitioned compression: HG005_GRCh38_1_22_v4.2.1_benchmark: rdf-scan chunk — 356,005,861 triples · 119 chunks · 63,887,649,127 bytes read
  Partitioned compression: HG005_GRCh38_1_22_v4.2.1_benchmark: hdt-chunks started — 118 chunks · hdt-build-00118
  Partitioned compression: HG005_GRCh38_1_22_v4.2.1_benchmark: hdt-chunks complete — 119 chunks · hdt-build-00118
  Partitioned compression: HG005_GRCh38_1_22_v4.2.1_benchmark: rdf-scan heartbeat — 356,006,274 triples · 63,887,724,793 bytes read
  Partitioned compression: HG005_GRCh38_1_22_v4.2.1_benchmark: rdf-scan heartbeat — 356,373,273 triples · 63,954,833,679 bytes read
  Partitioned compression: HG005_GRCh38_1_22_v4.2.1_benchmark: rdf-scan heartbeat — 356,740,216 triples · 64,021,942,650 bytes read
  Partitioned compression: HG005_GRCh38_1_22_v4.2.1_benchmark: rdf-scan heartbeat — 357,107,185 triples · 64,089,051,574 bytes read
  Partitioned compression: HG005_GRCh38_1_22_v4.2.1_benchmark: rdf-scan heartbeat — 357,474,046 triples · 64,156,160,597 bytes read
  Partitioned compression: HG005_GRCh38_1_22_v4.2.1_benchmark: rdf-scan heartbeat — 357,840,949 triples · 64,223,269,556 bytes read
  Partitioned compression: HG005_GRCh38_1_22_v4.2.1_benchmark: rdf-scan heartbeat — 358,207,776 triples · 64,290,378,442 bytes read
  Partitioned compression: HG005_GRCh38_1_22_v4.2.1_benchmark: rdf-scan heartbeat — 358,574,670 triples · 64,357,487,346 bytes read
  Partitioned compression: HG005_GRCh38_1_22_v4.2.1_benchmark: rdf-scan chunk — 358,941,137 triples · 120 chunks · 64,424,520,086 bytes read
  Partitioned compression: HG005_GRCh38_1_22_v4.2.1_benchmark: hdt-chunks started — 119 chunks · hdt-build-00119
  Partitioned compression: HG005_GRCh38_1_22_v4.2.1_benchmark: hdt-chunks complete — 120 chunks · hdt-build-00119
  Partitioned compression: HG005_GRCh38_1_22_v4.2.1_benchmark: rdf-scan heartbeat — 358,941,553 triples · 64,424,596,249 bytes read
  Partitioned compression: HG005_GRCh38_1_22_v4.2.1_benchmark: rdf-scan heartbeat — 359,308,566 triples · 64,491,705,134 bytes read
  Partitioned compression: HG005_GRCh38_1_22_v4.2.1_benchmark: rdf-scan heartbeat — 359,675,586 triples · 64,558,814,151 bytes read
  Partitioned compression: HG005_GRCh38_1_22_v4.2.1_benchmark: rdf-scan heartbeat — 360,042,501 triples · 64,625,923,168 bytes read
  Partitioned compression: HG005_GRCh38_1_22_v4.2.1_benchmark: rdf-scan heartbeat — 360,409,613 triples · 64,693,032,219 bytes read
  Partitioned compression: HG005_GRCh38_1_22_v4.2.1_benchmark: rdf-scan heartbeat — 360,776,658 triples · 64,760,141,094 bytes read
  Partitioned compression: HG005_GRCh38_1_22_v4.2.1_benchmark: rdf-scan heartbeat — 361,143,613 triples · 64,827,250,136 bytes read
  Partitioned compression: HG005_GRCh38_1_22_v4.2.1_benchmark: rdf-scan heartbeat — 361,510,497 triples · 64,894,359,140 bytes read
  Partitioned compression: HG005_GRCh38_1_22_v4.2.1_benchmark: rdf-scan chunk — 361,877,159 triples · 121 chunks · 64,961,391,586 bytes read
  Partitioned compression: HG005_GRCh38_1_22_v4.2.1_benchmark: hdt-chunks started — 120 chunks · hdt-build-00120
  Partitioned compression: HG005_GRCh38_1_22_v4.2.1_benchmark: hdt-chunks complete — 121 chunks · hdt-build-00120
  Partitioned compression: HG005_GRCh38_1_22_v4.2.1_benchmark: rdf-scan heartbeat — 361,877,580 triples · 64,961,468,133 bytes read
  Partitioned compression: HG005_GRCh38_1_22_v4.2.1_benchmark: rdf-scan heartbeat — 362,244,483 triples · 65,028,577,039 bytes read
  Partitioned compression: HG005_GRCh38_1_22_v4.2.1_benchmark: rdf-scan heartbeat — 362,611,427 triples · 65,095,686,029 bytes read
  Partitioned compression: HG005_GRCh38_1_22_v4.2.1_benchmark: rdf-scan heartbeat — 362,978,252 triples · 65,162,794,942 bytes read
  Partitioned compression: HG005_GRCh38_1_22_v4.2.1_benchmark: rdf-scan heartbeat — 363,345,193 triples · 65,229,903,968 bytes read
  Partitioned compression: HG005_GRCh38_1_22_v4.2.1_benchmark: rdf-scan heartbeat — 363,712,042 triples · 65,297,012,854 bytes read
  Partitioned compression: HG005_GRCh38_1_22_v4.2.1_benchmark: rdf-scan heartbeat — 364,078,964 triples · 65,364,121,813 bytes read
  Partitioned compression: HG005_GRCh38_1_22_v4.2.1_benchmark: rdf-scan heartbeat — 364,445,886 triples · 65,431,230,686 bytes read
  Partitioned compression: HG005_GRCh38_1_22_v4.2.1_benchmark: rdf-scan chunk — 364,812,518 triples · 122 chunks · 65,498,262,504 bytes read
  Partitioned compression: HG005_GRCh38_1_22_v4.2.1_benchmark: hdt-chunks started — 121 chunks · hdt-build-00121
  Partitioned compression: HG005_GRCh38_1_22_v4.2.1_benchmark: hdt-chunks complete — 122 chunks · hdt-build-00121
  Partitioned compression: HG005_GRCh38_1_22_v4.2.1_benchmark: rdf-scan heartbeat — 364,812,940 triples · 65,498,339,572 bytes read
  Partitioned compression: HG005_GRCh38_1_22_v4.2.1_benchmark: rdf-scan heartbeat — 365,179,921 triples · 65,565,448,478 bytes read
  Partitioned compression: HG005_GRCh38_1_22_v4.2.1_benchmark: rdf-scan heartbeat — 365,546,720 triples · 65,632,557,481 bytes read
  Partitioned compression: HG005_GRCh38_1_22_v4.2.1_benchmark: rdf-scan heartbeat — 365,913,681 triples · 65,699,666,420 bytes read
  Partitioned compression: HG005_GRCh38_1_22_v4.2.1_benchmark: rdf-scan heartbeat — 366,280,786 triples · 65,766,775,376 bytes read
  Partitioned compression: HG005_GRCh38_1_22_v4.2.1_benchmark: rdf-scan heartbeat — 366,647,735 triples · 65,833,884,849 bytes read
  Partitioned compression: HG005_GRCh38_1_22_v4.2.1_benchmark: rdf-scan heartbeat — 367,014,584 triples · 65,900,993,800 bytes read
  Partitioned compression: HG005_GRCh38_1_22_v4.2.1_benchmark: rdf-scan heartbeat — 367,381,511 triples · 65,968,102,717 bytes read
  Partitioned compression: HG005_GRCh38_1_22_v4.2.1_benchmark: rdf-scan chunk — 367,748,033 triples · 123 chunks · 66,035,133,495 bytes read
  Partitioned compression: HG005_GRCh38_1_22_v4.2.1_benchmark: hdt-chunks started — 122 chunks · hdt-build-00122
  Partitioned compression: HG005_GRCh38_1_22_v4.2.1_benchmark: hdt-chunks complete — 123 chunks · hdt-build-00122
  Partitioned compression: HG005_GRCh38_1_22_v4.2.1_benchmark: rdf-scan heartbeat — 367,748,459 triples · 66,035,211,690 bytes read
  Partitioned compression: HG005_GRCh38_1_22_v4.2.1_benchmark: rdf-scan heartbeat — 368,115,501 triples · 66,102,320,694 bytes read
  Partitioned compression: HG005_GRCh38_1_22_v4.2.1_benchmark: rdf-scan heartbeat — 368,482,535 triples · 66,169,429,682 bytes read
  Partitioned compression: HG005_GRCh38_1_22_v4.2.1_benchmark: rdf-scan heartbeat — 368,849,441 triples · 66,236,538,640 bytes read
  Partitioned compression: HG005_GRCh38_1_22_v4.2.1_benchmark: rdf-scan heartbeat — 369,216,551 triples · 66,303,647,527 bytes read
  Partitioned compression: HG005_GRCh38_1_22_v4.2.1_benchmark: rdf-scan heartbeat — 369,583,342 triples · 66,370,756,633 bytes read
  Partitioned compression: HG005_GRCh38_1_22_v4.2.1_benchmark: rdf-scan heartbeat — 369,950,174 triples · 66,437,865,546 bytes read
  Partitioned compression: HG005_GRCh38_1_22_v4.2.1_benchmark: rdf-scan heartbeat — 370,317,114 triples · 66,504,974,583 bytes read
  Partitioned compression: HG005_GRCh38_1_22_v4.2.1_benchmark: rdf-scan chunk — 370,683,478 triples · 124 chunks · 66,572,004,534 bytes read
  Partitioned compression: HG005_GRCh38_1_22_v4.2.1_benchmark: hdt-chunks started — 123 chunks · hdt-build-00123
  Partitioned compression: HG005_GRCh38_1_22_v4.2.1_benchmark: hdt-chunks complete — 124 chunks · hdt-build-00123
  Partitioned compression: HG005_GRCh38_1_22_v4.2.1_benchmark: rdf-scan heartbeat — 370,683,907 triples · 66,572,083,528 bytes read
  Partitioned compression: HG005_GRCh38_1_22_v4.2.1_benchmark: rdf-scan heartbeat — 371,050,855 triples · 66,639,192,557 bytes read
  Partitioned compression: HG005_GRCh38_1_22_v4.2.1_benchmark: rdf-scan heartbeat — 371,417,931 triples · 66,706,301,456 bytes read
  Partitioned compression: HG005_GRCh38_1_22_v4.2.1_benchmark: rdf-scan heartbeat — 371,784,894 triples · 66,773,410,432 bytes read
  Partitioned compression: HG005_GRCh38_1_22_v4.2.1_benchmark: rdf-scan heartbeat — 372,151,944 triples · 66,840,519,401 bytes read
  Partitioned compression: HG005_GRCh38_1_22_v4.2.1_benchmark: rdf-scan heartbeat — 372,518,755 triples · 66,907,628,380 bytes read
  Partitioned compression: HG005_GRCh38_1_22_v4.2.1_benchmark: rdf-scan heartbeat — 372,885,872 triples · 66,974,737,408 bytes read
  Partitioned compression: HG005_GRCh38_1_22_v4.2.1_benchmark: rdf-scan heartbeat — 373,252,926 triples · 67,041,846,392 bytes read
  Partitioned compression: HG005_GRCh38_1_22_v4.2.1_benchmark: rdf-scan chunk — 373,619,340 triples · 125 chunks · 67,108,875,468 bytes read
  Partitioned compression: HG005_GRCh38_1_22_v4.2.1_benchmark: hdt-chunks started — 124 chunks · hdt-build-00124
  Partitioned compression: HG005_GRCh38_1_22_v4.2.1_benchmark: hdt-chunks complete — 125 chunks · hdt-build-00124
  Partitioned compression: HG005_GRCh38_1_22_v4.2.1_benchmark: rdf-scan heartbeat — 373,619,777 triples · 67,108,955,319 bytes read
  Partitioned compression: HG005_GRCh38_1_22_v4.2.1_benchmark: rdf-scan heartbeat — 373,986,806 triples · 67,176,064,353 bytes read
  Partitioned compression: HG005_GRCh38_1_22_v4.2.1_benchmark: rdf-scan heartbeat — 374,353,737 triples · 67,243,173,227 bytes read
  Partitioned compression: HG005_GRCh38_1_22_v4.2.1_benchmark: rdf-scan heartbeat — 374,720,593 triples · 67,310,282,138 bytes read
  Partitioned compression: HG005_GRCh38_1_22_v4.2.1_benchmark: rdf-scan heartbeat — 375,087,505 triples · 67,377,391,099 bytes read
  Partitioned compression: HG005_GRCh38_1_22_v4.2.1_benchmark: rdf-scan heartbeat — 375,454,332 triples · 67,444,500,024 bytes read
  Partitioned compression: HG005_GRCh38_1_22_v4.2.1_benchmark: rdf-scan heartbeat — 375,821,179 triples · 67,511,608,952 bytes read
  Partitioned compression: HG005_GRCh38_1_22_v4.2.1_benchmark: rdf-scan heartbeat — 376,188,216 triples · 67,578,717,975 bytes read
  Partitioned compression: HG005_GRCh38_1_22_v4.2.1_benchmark: rdf-scan chunk — 376,554,840 triples · 126 chunks · 67,645,746,487 bytes read
  Partitioned compression: HG005_GRCh38_1_22_v4.2.1_benchmark: hdt-chunks started — 125 chunks · hdt-build-00125
  Partitioned compression: HG005_GRCh38_1_22_v4.2.1_benchmark: hdt-chunks complete — 126 chunks · hdt-build-00125
  Partitioned compression: HG005_GRCh38_1_22_v4.2.1_benchmark: rdf-scan heartbeat — 376,555,279 triples · 67,645,826,888 bytes read
  Partitioned compression: HG005_GRCh38_1_22_v4.2.1_benchmark: rdf-scan heartbeat — 376,922,190 triples · 67,712,935,814 bytes read
  Partitioned compression: HG005_GRCh38_1_22_v4.2.1_benchmark: rdf-scan heartbeat — 377,289,109 triples · 67,780,044,858 bytes read
  Partitioned compression: HG005_GRCh38_1_22_v4.2.1_benchmark: rdf-scan heartbeat — 377,656,076 triples · 67,847,153,814 bytes read
  Partitioned compression: HG005_GRCh38_1_22_v4.2.1_benchmark: rdf-scan heartbeat — 378,023,040 triples · 67,914,262,848 bytes read
  Partitioned compression: HG005_GRCh38_1_22_v4.2.1_benchmark: rdf-scan heartbeat — 378,390,546 triples · 67,981,371,858 bytes read
  Partitioned compression: HG005_GRCh38_1_22_v4.2.1_benchmark: rdf-scan heartbeat — 378,757,607 triples · 68,048,480,884 bytes read
  Partitioned compression: HG005_GRCh38_1_22_v4.2.1_benchmark: rdf-scan heartbeat — 379,124,613 triples · 68,115,589,914 bytes read
  Partitioned compression: HG005_GRCh38_1_22_v4.2.1_benchmark: rdf-scan chunk — 379,491,014 triples · 127 chunks · 68,182,617,414 bytes read
  Partitioned compression: HG005_GRCh38_1_22_v4.2.1_benchmark: hdt-chunks started — 126 chunks · hdt-build-00126
  Partitioned compression: HG005_GRCh38_1_22_v4.2.1_benchmark: hdt-chunks complete — 127 chunks · hdt-build-00126
  Partitioned compression: HG005_GRCh38_1_22_v4.2.1_benchmark: rdf-scan heartbeat — 379,491,459 triples · 68,182,698,827 bytes read
  Partitioned compression: HG005_GRCh38_1_22_v4.2.1_benchmark: rdf-scan heartbeat — 379,858,267 triples · 68,249,808,283 bytes read
  Partitioned compression: HG005_GRCh38_1_22_v4.2.1_benchmark: rdf-scan heartbeat — 380,225,264 triples · 68,316,917,167 bytes read
  Partitioned compression: HG005_GRCh38_1_22_v4.2.1_benchmark: rdf-scan heartbeat — 380,592,167 triples · 68,384,026,159 bytes read
  Partitioned compression: HG005_GRCh38_1_22_v4.2.1_benchmark: rdf-scan heartbeat — 380,959,067 triples · 68,451,135,142 bytes read
  Partitioned compression: HG005_GRCh38_1_22_v4.2.1_benchmark: rdf-scan heartbeat — 381,325,962 triples · 68,518,244,048 bytes read
  Partitioned compression: HG005_GRCh38_1_22_v4.2.1_benchmark: rdf-scan heartbeat — 381,693,005 triples · 68,585,353,024 bytes read
  Partitioned compression: HG005_GRCh38_1_22_v4.2.1_benchmark: rdf-scan heartbeat — 382,059,923 triples · 68,652,462,042 bytes read
  Partitioned compression: HG005_GRCh38_1_22_v4.2.1_benchmark: rdf-scan chunk — 382,426,431 triples · 128 chunks · 68,719,488,504 bytes read
  Partitioned compression: HG005_GRCh38_1_22_v4.2.1_benchmark: hdt-chunks started — 127 chunks · hdt-build-00127
  Partitioned compression: HG005_GRCh38_1_22_v4.2.1_benchmark: hdt-chunks complete — 128 chunks · hdt-build-00127
  Partitioned compression: HG005_GRCh38_1_22_v4.2.1_benchmark: rdf-scan heartbeat — 382,426,884 triples · 68,719,571,075 bytes read
  Partitioned compression: HG005_GRCh38_1_22_v4.2.1_benchmark: rdf-scan heartbeat — 382,794,168 triples · 68,786,680,143 bytes read
  Partitioned compression: HG005_GRCh38_1_22_v4.2.1_benchmark: rdf-scan heartbeat — 383,161,129 triples · 68,853,789,139 bytes read
  Partitioned compression: HG005_GRCh38_1_22_v4.2.1_benchmark: rdf-scan heartbeat — 383,528,118 triples · 68,920,898,035 bytes read
  Partitioned compression: HG005_GRCh38_1_22_v4.2.1_benchmark: rdf-scan heartbeat — 383,895,197 triples · 68,988,006,932 bytes read
  Partitioned compression: HG005_GRCh38_1_22_v4.2.1_benchmark: rdf-scan heartbeat — 384,262,067 triples · 69,055,115,799 bytes read
  Partitioned compression: HG005_GRCh38_1_22_v4.2.1_benchmark: rdf-scan heartbeat — 384,628,902 triples · 69,122,224,680 bytes read
  Partitioned compression: HG005_GRCh38_1_22_v4.2.1_benchmark: rdf-scan heartbeat — 384,995,815 triples · 69,189,333,574 bytes read
  Partitioned compression: HG005_GRCh38_1_22_v4.2.1_benchmark: rdf-scan chunk — 385,362,223 triples · 129 chunks · 69,256,359,527 bytes read
  Partitioned compression: HG005_GRCh38_1_22_v4.2.1_benchmark: hdt-chunks started — 128 chunks · hdt-build-00128
  Partitioned compression: HG005_GRCh38_1_22_v4.2.1_benchmark: hdt-chunks complete — 129 chunks · hdt-build-00128
  Partitioned compression: HG005_GRCh38_1_22_v4.2.1_benchmark: rdf-scan heartbeat — 385,362,679 triples · 69,256,442,514 bytes read
  Partitioned compression: HG005_GRCh38_1_22_v4.2.1_benchmark: rdf-scan heartbeat — 385,729,693 triples · 69,323,551,380 bytes read
  Partitioned compression: HG005_GRCh38_1_22_v4.2.1_benchmark: rdf-scan heartbeat — 386,096,616 triples · 69,390,660,275 bytes read
  Partitioned compression: HG005_GRCh38_1_22_v4.2.1_benchmark: rdf-scan heartbeat — 386,463,633 triples · 69,457,769,226 bytes read
  Partitioned compression: HG005_GRCh38_1_22_v4.2.1_benchmark: rdf-scan heartbeat — 386,830,605 triples · 69,524,878,153 bytes read
  Partitioned compression: HG005_GRCh38_1_22_v4.2.1_benchmark: rdf-scan heartbeat — 387,197,625 triples · 69,591,987,173 bytes read
  Partitioned compression: HG005_GRCh38_1_22_v4.2.1_benchmark: rdf-scan heartbeat — 387,564,613 triples · 69,659,096,150 bytes read
  Partitioned compression: HG005_GRCh38_1_22_v4.2.1_benchmark: rdf-scan heartbeat — 387,931,532 triples · 69,726,205,153 bytes read
  Partitioned compression: HG005_GRCh38_1_22_v4.2.1_benchmark: rdf-scan chunk — 388,298,009 triples · 130 chunks · 69,793,230,494 bytes read
  Partitioned compression: HG005_GRCh38_1_22_v4.2.1_benchmark: hdt-chunks started — 129 chunks · hdt-build-00129
  Partitioned compression: HG005_GRCh38_1_22_v4.2.1_benchmark: hdt-chunks complete — 130 chunks · hdt-build-00129
  Partitioned compression: HG005_GRCh38_1_22_v4.2.1_benchmark: rdf-scan heartbeat — 388,298,465 triples · 69,793,314,184 bytes read
  Partitioned compression: HG005_GRCh38_1_22_v4.2.1_benchmark: rdf-scan heartbeat — 388,665,396 triples · 69,860,423,159 bytes read
  Partitioned compression: HG005_GRCh38_1_22_v4.2.1_benchmark: rdf-scan heartbeat — 389,032,390 triples · 69,927,532,032 bytes read
  Partitioned compression: HG005_GRCh38_1_22_v4.2.1_benchmark: rdf-scan heartbeat — 389,399,459 triples · 69,994,641,053 bytes read
  Partitioned compression: HG005_GRCh38_1_22_v4.2.1_benchmark: rdf-scan heartbeat — 389,766,358 triples · 70,061,749,996 bytes read
  Partitioned compression: HG005_GRCh38_1_22_v4.2.1_benchmark: rdf-scan heartbeat — 390,133,195 triples · 70,128,858,931 bytes read
  Partitioned compression: HG005_GRCh38_1_22_v4.2.1_benchmark: rdf-scan heartbeat — 390,500,049 triples · 70,195,967,850 bytes read
  Partitioned compression: HG005_GRCh38_1_22_v4.2.1_benchmark: rdf-scan heartbeat — 390,867,154 triples · 70,263,076,809 bytes read
  Partitioned compression: HG005_GRCh38_1_22_v4.2.1_benchmark: rdf-scan chunk — 391,233,932 triples · 131 chunks · 70,330,101,410 bytes read
  Partitioned compression: HG005_GRCh38_1_22_v4.2.1_benchmark: hdt-chunks started — 130 chunks · hdt-build-00130
  Partitioned compression: HG005_GRCh38_1_22_v4.2.1_benchmark: hdt-chunks complete — 131 chunks · hdt-build-00130
  Partitioned compression: HG005_GRCh38_1_22_v4.2.1_benchmark: rdf-scan heartbeat — 391,234,395 triples · 70,330,185,756 bytes read
  Partitioned compression: HG005_GRCh38_1_22_v4.2.1_benchmark: rdf-scan heartbeat — 391,601,454 triples · 70,397,294,680 bytes read
  Partitioned compression: HG005_GRCh38_1_22_v4.2.1_benchmark: rdf-scan heartbeat — 391,968,414 triples · 70,464,403,571 bytes read
  Partitioned compression: HG005_GRCh38_1_22_v4.2.1_benchmark: rdf-scan heartbeat — 392,335,341 triples · 70,531,512,558 bytes read
  Partitioned compression: HG005_GRCh38_1_22_v4.2.1_benchmark: rdf-scan heartbeat — 392,703,185 triples · 70,598,621,486 bytes read
  Partitioned compression: HG005_GRCh38_1_22_v4.2.1_benchmark: rdf-scan heartbeat — 393,070,037 triples · 70,665,730,514 bytes read
  Partitioned compression: HG005_GRCh38_1_22_v4.2.1_benchmark: rdf-scan heartbeat — 393,436,991 triples · 70,732,839,455 bytes read
  Partitioned compression: HG005_GRCh38_1_22_v4.2.1_benchmark: rdf-scan heartbeat — 393,803,825 triples · 70,799,948,383 bytes read
  Partitioned compression: HG005_GRCh38_1_22_v4.2.1_benchmark: rdf-scan chunk — 394,170,251 triples · 132 chunks · 70,866,972,342 bytes read
  Partitioned compression: HG005_GRCh38_1_22_v4.2.1_benchmark: hdt-chunks started — 131 chunks · hdt-build-00131
  Partitioned compression: HG005_GRCh38_1_22_v4.2.1_benchmark: hdt-chunks complete — 132 chunks · hdt-build-00131
  Partitioned compression: HG005_GRCh38_1_22_v4.2.1_benchmark: rdf-scan heartbeat — 394,170,715 triples · 70,867,057,407 bytes read
  Partitioned compression: HG005_GRCh38_1_22_v4.2.1_benchmark: rdf-scan heartbeat — 394,537,642 triples · 70,934,166,397 bytes read
  Partitioned compression: HG005_GRCh38_1_22_v4.2.1_benchmark: rdf-scan heartbeat — 394,904,556 triples · 71,001,275,467 bytes read
  Partitioned compression: HG005_GRCh38_1_22_v4.2.1_benchmark: rdf-scan heartbeat — 395,271,481 triples · 71,068,384,409 bytes read
  Partitioned compression: HG005_GRCh38_1_22_v4.2.1_benchmark: rdf-scan heartbeat — 395,638,336 triples · 71,135,493,437 bytes read
  Partitioned compression: HG005_GRCh38_1_22_v4.2.1_benchmark: rdf-scan heartbeat — 396,005,190 triples · 71,202,602,358 bytes read
  Partitioned compression: HG005_GRCh38_1_22_v4.2.1_benchmark: rdf-scan heartbeat — 396,372,108 triples · 71,269,711,320 bytes read
  Partitioned compression: HG005_GRCh38_1_22_v4.2.1_benchmark: rdf-scan heartbeat — 396,738,832 triples · 71,336,820,209 bytes read
  Partitioned compression: HG005_GRCh38_1_22_v4.2.1_benchmark: rdf-scan chunk — 397,105,270 triples · 133 chunks · 71,403,843,343 bytes read
  Partitioned compression: HG005_GRCh38_1_22_v4.2.1_benchmark: hdt-chunks started — 132 chunks · hdt-build-00132
  Partitioned compression: HG005_GRCh38_1_22_v4.2.1_benchmark: hdt-chunks complete — 133 chunks · hdt-build-00132
  Partitioned compression: HG005_GRCh38_1_22_v4.2.1_benchmark: rdf-scan heartbeat — 397,105,739 triples · 71,403,929,112 bytes read
  Partitioned compression: HG005_GRCh38_1_22_v4.2.1_benchmark: rdf-scan heartbeat — 397,472,590 triples · 71,471,038,055 bytes read
  Partitioned compression: HG005_GRCh38_1_22_v4.2.1_benchmark: rdf-scan heartbeat — 397,839,572 triples · 71,538,146,932 bytes read
  Partitioned compression: HG005_GRCh38_1_22_v4.2.1_benchmark: rdf-scan heartbeat — 398,206,497 triples · 71,605,255,839 bytes read
  Partitioned compression: HG005_GRCh38_1_22_v4.2.1_benchmark: rdf-scan heartbeat — 398,573,731 triples · 71,672,364,821 bytes read
  Partitioned compression: HG005_GRCh38_1_22_v4.2.1_benchmark: rdf-scan heartbeat — 398,940,678 triples · 71,739,473,791 bytes read
  Partitioned compression: HG005_GRCh38_1_22_v4.2.1_benchmark: rdf-scan heartbeat — 399,306,384 triples · 71,806,582,671 bytes read
  Partitioned compression: HG005_GRCh38_1_22_v4.2.1_benchmark: rdf-scan heartbeat — 399,670,991 triples · 71,873,691,545 bytes read
  Partitioned compression: HG005_GRCh38_1_22_v4.2.1_benchmark: rdf-scan chunk — 400,035,252 triples · 134 chunks · 71,940,714,338 bytes read
  Partitioned compression: HG005_GRCh38_1_22_v4.2.1_benchmark: hdt-chunks started — 133 chunks · hdt-build-00133
  Partitioned compression: HG005_GRCh38_1_22_v4.2.1_benchmark: hdt-chunks complete — 134 chunks · hdt-build-00133
  Partitioned compression: HG005_GRCh38_1_22_v4.2.1_benchmark: rdf-scan heartbeat — 400,035,722 triples · 71,940,800,440 bytes read
  Partitioned compression: HG005_GRCh38_1_22_v4.2.1_benchmark: rdf-scan heartbeat — 400,400,416 triples · 72,007,909,697 bytes read
  Partitioned compression: HG005_GRCh38_1_22_v4.2.1_benchmark: rdf-scan heartbeat — 400,765,193 triples · 72,075,018,631 bytes read
  Partitioned compression: HG005_GRCh38_1_22_v4.2.1_benchmark: rdf-scan heartbeat — 401,129,851 triples · 72,142,127,512 bytes read
  Partitioned compression: HG005_GRCh38_1_22_v4.2.1_benchmark: rdf-scan heartbeat — 401,494,636 triples · 72,209,236,399 bytes read
  Partitioned compression: HG005_GRCh38_1_22_v4.2.1_benchmark: rdf-scan heartbeat — 401,859,181 triples · 72,276,345,371 bytes read
  Partitioned compression: HG005_GRCh38_1_22_v4.2.1_benchmark: rdf-scan heartbeat — 402,223,946 triples · 72,343,454,604 bytes read
  Partitioned compression: HG005_GRCh38_1_22_v4.2.1_benchmark: rdf-scan heartbeat — 402,588,474 triples · 72,410,563,603 bytes read
  Partitioned compression: HG005_GRCh38_1_22_v4.2.1_benchmark: rdf-scan chunk — 402,952,542 triples · 135 chunks · 72,477,585,289 bytes read
  Partitioned compression: HG005_GRCh38_1_22_v4.2.1_benchmark: hdt-chunks started — 134 chunks · hdt-build-00134
  Partitioned compression: HG005_GRCh38_1_22_v4.2.1_benchmark: hdt-chunks complete — 135 chunks · hdt-build-00134
  Partitioned compression: HG005_GRCh38_1_22_v4.2.1_benchmark: rdf-scan heartbeat — 402,953,014 triples · 72,477,672,511 bytes read
  Partitioned compression: HG005_GRCh38_1_22_v4.2.1_benchmark: rdf-scan heartbeat — 403,317,602 triples · 72,544,781,376 bytes read
  Partitioned compression: HG005_GRCh38_1_22_v4.2.1_benchmark: rdf-scan heartbeat — 403,682,158 triples · 72,611,890,732 bytes read
  Partitioned compression: HG005_GRCh38_1_22_v4.2.1_benchmark: rdf-scan heartbeat — 404,046,626 triples · 72,678,999,761 bytes read
  Partitioned compression: HG005_GRCh38_1_22_v4.2.1_benchmark: rdf-scan heartbeat — 404,411,358 triples · 72,746,108,760 bytes read
  Partitioned compression: HG005_GRCh38_1_22_v4.2.1_benchmark: rdf-scan heartbeat — 404,775,975 triples · 72,813,217,659 bytes read
  Partitioned compression: HG005_GRCh38_1_22_v4.2.1_benchmark: rdf-scan heartbeat — 405,140,787 triples · 72,880,326,643 bytes read
  Partitioned compression: HG005_GRCh38_1_22_v4.2.1_benchmark: rdf-scan heartbeat — 405,505,416 triples · 72,947,435,639 bytes read
  Partitioned compression: HG005_GRCh38_1_22_v4.2.1_benchmark: rdf-scan chunk — 405,869,624 triples · 136 chunks · 73,014,456,211 bytes read
  Partitioned compression: HG005_GRCh38_1_22_v4.2.1_benchmark: hdt-chunks started — 135 chunks · hdt-build-00135
  Partitioned compression: HG005_GRCh38_1_22_v4.2.1_benchmark: hdt-chunks complete — 136 chunks · hdt-build-00135
  Partitioned compression: HG005_GRCh38_1_22_v4.2.1_benchmark: rdf-scan heartbeat — 405,870,105 triples · 73,014,545,127 bytes read
  Partitioned compression: HG005_GRCh38_1_22_v4.2.1_benchmark: rdf-scan heartbeat — 406,234,704 triples · 73,081,654,126 bytes read
  Partitioned compression: HG005_GRCh38_1_22_v4.2.1_benchmark: rdf-scan heartbeat — 406,599,520 triples · 73,148,763,031 bytes read
  Partitioned compression: HG005_GRCh38_1_22_v4.2.1_benchmark: rdf-scan heartbeat — 406,963,986 triples · 73,215,871,917 bytes read
  Partitioned compression: HG005_GRCh38_1_22_v4.2.1_benchmark: rdf-scan heartbeat — 407,328,589 triples · 73,282,980,803 bytes read
  Partitioned compression: HG005_GRCh38_1_22_v4.2.1_benchmark: rdf-scan heartbeat — 407,693,597 triples · 73,350,089,706 bytes read
  Partitioned compression: HG005_GRCh38_1_22_v4.2.1_benchmark: rdf-scan heartbeat — 408,058,077 triples · 73,417,198,672 bytes read
  Partitioned compression: HG005_GRCh38_1_22_v4.2.1_benchmark: rdf-scan heartbeat — 408,422,600 triples · 73,484,307,715 bytes read
  Partitioned compression: HG005_GRCh38_1_22_v4.2.1_benchmark: rdf-scan chunk — 408,786,787 triples · 137 chunks · 73,551,327,179 bytes read
  Partitioned compression: HG005_GRCh38_1_22_v4.2.1_benchmark: hdt-chunks started — 136 chunks · hdt-build-00136
  Partitioned compression: HG005_GRCh38_1_22_v4.2.1_benchmark: hdt-chunks complete — 137 chunks · hdt-build-00136
  Partitioned compression: HG005_GRCh38_1_22_v4.2.1_benchmark: rdf-scan heartbeat — 408,787,272 triples · 73,551,416,703 bytes read
  Partitioned compression: HG005_GRCh38_1_22_v4.2.1_benchmark: rdf-scan heartbeat — 409,151,765 triples · 73,618,525,683 bytes read
  Partitioned compression: HG005_GRCh38_1_22_v4.2.1_benchmark: rdf-scan heartbeat — 409,516,302 triples · 73,685,634,561 bytes read
  Partitioned compression: HG005_GRCh38_1_22_v4.2.1_benchmark: rdf-scan heartbeat — 409,880,918 triples · 73,752,743,493 bytes read
  Partitioned compression: HG005_GRCh38_1_22_v4.2.1_benchmark: rdf-scan heartbeat — 410,245,436 triples · 73,819,852,456 bytes read
  Partitioned compression: HG005_GRCh38_1_22_v4.2.1_benchmark: rdf-scan heartbeat — 410,610,072 triples · 73,886,961,425 bytes read
  Partitioned compression: HG005_GRCh38_1_22_v4.2.1_benchmark: rdf-scan heartbeat — 410,974,836 triples · 73,954,070,351 bytes read
  Partitioned compression: HG005_GRCh38_1_22_v4.2.1_benchmark: rdf-scan heartbeat — 411,339,508 triples · 74,021,179,261 bytes read
  Partitioned compression: HG005_GRCh38_1_22_v4.2.1_benchmark: rdf-scan chunk — 411,703,571 triples · 138 chunks · 74,088,198,104 bytes read
  Partitioned compression: HG005_GRCh38_1_22_v4.2.1_benchmark: hdt-chunks started — 137 chunks · hdt-build-00137
  Partitioned compression: HG005_GRCh38_1_22_v4.2.1_benchmark: hdt-chunks complete — 138 chunks · hdt-build-00137
  Partitioned compression: HG005_GRCh38_1_22_v4.2.1_benchmark: rdf-scan heartbeat — 411,704,060 triples · 74,088,288,217 bytes read
  Partitioned compression: HG005_GRCh38_1_22_v4.2.1_benchmark: rdf-scan heartbeat — 412,068,434 triples · 74,155,397,158 bytes read
  Partitioned compression: HG005_GRCh38_1_22_v4.2.1_benchmark: rdf-scan heartbeat — 412,433,002 triples · 74,222,506,047 bytes read
  Partitioned compression: HG005_GRCh38_1_22_v4.2.1_benchmark: rdf-scan heartbeat — 412,797,694 triples · 74,289,614,949 bytes read
  Partitioned compression: HG005_GRCh38_1_22_v4.2.1_benchmark: rdf-scan heartbeat — 413,162,308 triples · 74,356,723,825 bytes read
  Partitioned compression: HG005_GRCh38_1_22_v4.2.1_benchmark: rdf-scan heartbeat — 413,526,733 triples · 74,423,832,731 bytes read
  Partitioned compression: HG005_GRCh38_1_22_v4.2.1_benchmark: rdf-scan heartbeat — 413,891,438 triples · 74,490,941,741 bytes read
  Partitioned compression: HG005_GRCh38_1_22_v4.2.1_benchmark: rdf-scan heartbeat — 414,256,081 triples · 74,558,050,715 bytes read
  Partitioned compression: HG005_GRCh38_1_22_v4.2.1_benchmark: rdf-scan chunk — 414,620,329 triples · 139 chunks · 74,625,069,131 bytes read
  Partitioned compression: HG005_GRCh38_1_22_v4.2.1_benchmark: hdt-chunks started — 138 chunks · hdt-build-00138
  Partitioned compression: HG005_GRCh38_1_22_v4.2.1_benchmark: hdt-chunks complete — 139 chunks · hdt-build-00138
  Partitioned compression: HG005_GRCh38_1_22_v4.2.1_benchmark: rdf-scan heartbeat — 414,620,820 triples · 74,625,159,714 bytes read
  Partitioned compression: HG005_GRCh38_1_22_v4.2.1_benchmark: rdf-scan heartbeat — 414,985,348 triples · 74,692,268,705 bytes read
  Partitioned compression: HG005_GRCh38_1_22_v4.2.1_benchmark: rdf-scan heartbeat — 415,349,941 triples · 74,759,377,755 bytes read
  Partitioned compression: HG005_GRCh38_1_22_v4.2.1_benchmark: rdf-scan heartbeat — 415,714,419 triples · 74,826,486,772 bytes read
  Partitioned compression: HG005_GRCh38_1_22_v4.2.1_benchmark: rdf-scan heartbeat — 416,078,805 triples · 74,893,595,763 bytes read
  Partitioned compression: HG005_GRCh38_1_22_v4.2.1_benchmark: rdf-scan heartbeat — 416,443,241 triples · 74,960,704,800 bytes read
  Partitioned compression: HG005_GRCh38_1_22_v4.2.1_benchmark: rdf-scan heartbeat — 416,807,751 triples · 75,027,813,720 bytes read
  Partitioned compression: HG005_GRCh38_1_22_v4.2.1_benchmark: rdf-scan heartbeat — 417,172,166 triples · 75,094,922,713 bytes read
  Partitioned compression: HG005_GRCh38_1_22_v4.2.1_benchmark: rdf-scan chunk — 417,536,353 triples · 140 chunks · 75,161,940,087 bytes read
  Partitioned compression: HG005_GRCh38_1_22_v4.2.1_benchmark: hdt-chunks started — 139 chunks · hdt-build-00139
  Partitioned compression: HG005_GRCh38_1_22_v4.2.1_benchmark: hdt-chunks complete — 140 chunks · hdt-build-00139
  Partitioned compression: HG005_GRCh38_1_22_v4.2.1_benchmark: rdf-scan heartbeat — 417,536,854 triples · 75,162,031,639 bytes read
  Partitioned compression: HG005_GRCh38_1_22_v4.2.1_benchmark: rdf-scan heartbeat — 417,901,436 triples · 75,229,140,556 bytes read
  Partitioned compression: HG005_GRCh38_1_22_v4.2.1_benchmark: rdf-scan heartbeat — 418,266,101 triples · 75,296,249,560 bytes read
  Partitioned compression: HG005_GRCh38_1_22_v4.2.1_benchmark: rdf-scan heartbeat — 418,630,562 triples · 75,363,358,545 bytes read
  Partitioned compression: HG005_GRCh38_1_22_v4.2.1_benchmark: rdf-scan heartbeat — 418,994,989 triples · 75,430,467,566 bytes read
  Partitioned compression: HG005_GRCh38_1_22_v4.2.1_benchmark: rdf-scan heartbeat — 419,359,559 triples · 75,497,576,609 bytes read
  Partitioned compression: HG005_GRCh38_1_22_v4.2.1_benchmark: rdf-scan heartbeat — 419,724,030 triples · 75,564,685,558 bytes read
  Partitioned compression: HG005_GRCh38_1_22_v4.2.1_benchmark: rdf-scan heartbeat — 420,088,406 triples · 75,631,794,475 bytes read
  Partitioned compression: HG005_GRCh38_1_22_v4.2.1_benchmark: rdf-scan chunk — 420,452,414 triples · 141 chunks · 75,698,811,134 bytes read
  Partitioned compression: HG005_GRCh38_1_22_v4.2.1_benchmark: hdt-chunks started — 140 chunks · hdt-build-00140
  Partitioned compression: HG005_GRCh38_1_22_v4.2.1_benchmark: hdt-chunks complete — 141 chunks · hdt-build-00140
  Partitioned compression: HG005_GRCh38_1_22_v4.2.1_benchmark: rdf-scan heartbeat — 420,452,916 triples · 75,698,903,404 bytes read
  Partitioned compression: HG005_GRCh38_1_22_v4.2.1_benchmark: rdf-scan heartbeat — 420,817,576 triples · 75,766,012,408 bytes read
  Partitioned compression: HG005_GRCh38_1_22_v4.2.1_benchmark: rdf-scan heartbeat — 421,182,201 triples · 75,833,121,429 bytes read
  Partitioned compression: HG005_GRCh38_1_22_v4.2.1_benchmark: rdf-scan heartbeat — 421,546,714 triples · 75,900,230,468 bytes read
  Partitioned compression: HG005_GRCh38_1_22_v4.2.1_benchmark: rdf-scan heartbeat — 421,911,345 triples · 75,967,339,412 bytes read
  Partitioned compression: HG005_GRCh38_1_22_v4.2.1_benchmark: rdf-scan heartbeat — 422,275,903 triples · 76,034,448,324 bytes read
  Partitioned compression: HG005_GRCh38_1_22_v4.2.1_benchmark: rdf-scan heartbeat — 422,640,472 triples · 76,101,557,297 bytes read
  Partitioned compression: HG005_GRCh38_1_22_v4.2.1_benchmark: rdf-scan heartbeat — 423,004,964 triples · 76,168,666,330 bytes read
  Partitioned compression: HG005_GRCh38_1_22_v4.2.1_benchmark: rdf-scan chunk — 423,368,894 triples · 142 chunks · 76,235,682,094 bytes read
  Partitioned compression: HG005_GRCh38_1_22_v4.2.1_benchmark: hdt-chunks started — 141 chunks · hdt-build-00141
  Partitioned compression: HG005_GRCh38_1_22_v4.2.1_benchmark: hdt-chunks complete — 142 chunks · hdt-build-00141
  Partitioned compression: HG005_GRCh38_1_22_v4.2.1_benchmark: rdf-scan heartbeat — 423,369,400 triples · 76,235,775,195 bytes read
  Partitioned compression: HG005_GRCh38_1_22_v4.2.1_benchmark: rdf-scan heartbeat — 423,733,989 triples · 76,302,884,208 bytes read
  Partitioned compression: HG005_GRCh38_1_22_v4.2.1_benchmark: rdf-scan heartbeat — 424,098,701 triples · 76,369,993,235 bytes read
  Partitioned compression: HG005_GRCh38_1_22_v4.2.1_benchmark: rdf-scan heartbeat — 424,463,719 triples · 76,437,102,196 bytes read
  Partitioned compression: HG005_GRCh38_1_22_v4.2.1_benchmark: rdf-scan heartbeat — 424,828,278 triples · 76,504,211,217 bytes read
  Partitioned compression: HG005_GRCh38_1_22_v4.2.1_benchmark: rdf-scan heartbeat — 425,192,775 triples · 76,571,320,209 bytes read
  Partitioned compression: HG005_GRCh38_1_22_v4.2.1_benchmark: rdf-scan heartbeat — 425,557,546 triples · 76,638,429,227 bytes read
  Partitioned compression: HG005_GRCh38_1_22_v4.2.1_benchmark: rdf-scan heartbeat — 425,922,279 triples · 76,705,538,195 bytes read
  Partitioned compression: HG005_GRCh38_1_22_v4.2.1_benchmark: rdf-scan chunk — 426,286,400 triples · 143 chunks · 76,772,553,087 bytes read
  Partitioned compression: HG005_GRCh38_1_22_v4.2.1_benchmark: hdt-chunks started — 142 chunks · hdt-build-00142
  Partitioned compression: HG005_GRCh38_1_22_v4.2.1_benchmark: hdt-chunks complete — 143 chunks · hdt-build-00142
  Partitioned compression: HG005_GRCh38_1_22_v4.2.1_benchmark: rdf-scan heartbeat — 426,286,908 triples · 76,772,647,119 bytes read
  Partitioned compression: HG005_GRCh38_1_22_v4.2.1_benchmark: rdf-scan heartbeat — 426,651,603 triples · 76,839,756,035 bytes read
  Partitioned compression: HG005_GRCh38_1_22_v4.2.1_benchmark: rdf-scan heartbeat — 427,016,136 triples · 76,906,864,904 bytes read
  Partitioned compression: HG005_GRCh38_1_22_v4.2.1_benchmark: rdf-scan heartbeat — 427,380,639 triples · 76,973,973,912 bytes read
  Partitioned compression: HG005_GRCh38_1_22_v4.2.1_benchmark: rdf-scan heartbeat — 427,745,282 triples · 77,041,082,834 bytes read
  Partitioned compression: HG005_GRCh38_1_22_v4.2.1_benchmark: rdf-scan heartbeat — 428,109,893 triples · 77,108,191,772 bytes read
  Partitioned compression: HG005_GRCh38_1_22_v4.2.1_benchmark: rdf-scan heartbeat — 428,474,635 triples · 77,175,300,696 bytes read
  Partitioned compression: HG005_GRCh38_1_22_v4.2.1_benchmark: rdf-scan heartbeat — 428,839,305 triples · 77,242,409,718 bytes read
  Partitioned compression: HG005_GRCh38_1_22_v4.2.1_benchmark: rdf-scan chunk — 429,203,295 triples · 144 chunks · 77,309,424,119 bytes read
  Partitioned compression: HG005_GRCh38_1_22_v4.2.1_benchmark: hdt-chunks started — 143 chunks · hdt-build-00143
  Partitioned compression: HG005_GRCh38_1_22_v4.2.1_benchmark: hdt-chunks complete — 144 chunks · hdt-build-00143
  Partitioned compression: HG005_GRCh38_1_22_v4.2.1_benchmark: rdf-scan heartbeat — 429,203,809 triples · 77,309,518,708 bytes read
  Partitioned compression: HG005_GRCh38_1_22_v4.2.1_benchmark: rdf-scan heartbeat — 429,568,518 triples · 77,376,627,663 bytes read
  Partitioned compression: HG005_GRCh38_1_22_v4.2.1_benchmark: rdf-scan heartbeat — 429,933,338 triples · 77,443,736,636 bytes read
  Partitioned compression: HG005_GRCh38_1_22_v4.2.1_benchmark: rdf-scan heartbeat — 430,297,909 triples · 77,510,845,741 bytes read
  Partitioned compression: HG005_GRCh38_1_22_v4.2.1_benchmark: rdf-scan heartbeat — 430,662,461 triples · 77,577,954,687 bytes read
  Partitioned compression: HG005_GRCh38_1_22_v4.2.1_benchmark: rdf-scan heartbeat — 431,027,045 triples · 77,645,063,702 bytes read
  Partitioned compression: HG005_GRCh38_1_22_v4.2.1_benchmark: rdf-scan heartbeat — 431,391,480 triples · 77,712,172,623 bytes read
  Partitioned compression: HG005_GRCh38_1_22_v4.2.1_benchmark: rdf-scan heartbeat — 431,755,943 triples · 77,779,281,574 bytes read
  Partitioned compression: HG005_GRCh38_1_22_v4.2.1_benchmark: rdf-scan chunk — 432,120,075 triples · 145 chunks · 77,846,295,074 bytes read
  Partitioned compression: HG005_GRCh38_1_22_v4.2.1_benchmark: hdt-chunks started — 144 chunks · hdt-build-00144
  Partitioned compression: HG005_GRCh38_1_22_v4.2.1_benchmark: hdt-chunks complete — 145 chunks · hdt-build-00144
  Partitioned compression: HG005_GRCh38_1_22_v4.2.1_benchmark: rdf-scan heartbeat — 432,120,593 triples · 77,846,390,454 bytes read
  Partitioned compression: HG005_GRCh38_1_22_v4.2.1_benchmark: rdf-scan heartbeat — 432,485,219 triples · 77,913,499,365 bytes read
  Partitioned compression: HG005_GRCh38_1_22_v4.2.1_benchmark: rdf-scan heartbeat — 432,849,723 triples · 77,980,608,340 bytes read
  Partitioned compression: HG005_GRCh38_1_22_v4.2.1_benchmark: rdf-scan heartbeat — 433,214,292 triples · 78,047,717,332 bytes read
  Partitioned compression: HG005_GRCh38_1_22_v4.2.1_benchmark: rdf-scan heartbeat — 433,578,909 triples · 78,114,826,310 bytes read
  Partitioned compression: HG005_GRCh38_1_22_v4.2.1_benchmark: rdf-scan heartbeat — 433,943,579 triples · 78,181,935,336 bytes read
  Partitioned compression: HG005_GRCh38_1_22_v4.2.1_benchmark: rdf-scan heartbeat — 434,308,251 triples · 78,249,044,387 bytes read
  Partitioned compression: HG005_GRCh38_1_22_v4.2.1_benchmark: rdf-scan heartbeat — 434,672,780 triples · 78,316,153,281 bytes read
  Partitioned compression: HG005_GRCh38_1_22_v4.2.1_benchmark: rdf-scan chunk — 435,036,830 triples · 146 chunks · 78,383,165,990 bytes read
  Partitioned compression: HG005_GRCh38_1_22_v4.2.1_benchmark: hdt-chunks started — 145 chunks · hdt-build-00145
  Partitioned compression: HG005_GRCh38_1_22_v4.2.1_benchmark: hdt-chunks complete — 146 chunks · hdt-build-00145
  Partitioned compression: HG005_GRCh38_1_22_v4.2.1_benchmark: rdf-scan heartbeat — 435,037,353 triples · 78,383,262,212 bytes read
  Partitioned compression: HG005_GRCh38_1_22_v4.2.1_benchmark: rdf-scan heartbeat — 435,401,983 triples · 78,450,371,119 bytes read
  Partitioned compression: HG005_GRCh38_1_22_v4.2.1_benchmark: rdf-scan heartbeat — 435,766,504 triples · 78,517,480,147 bytes read
  Partitioned compression: HG005_GRCh38_1_22_v4.2.1_benchmark: rdf-scan heartbeat — 436,131,166 triples · 78,584,589,141 bytes read
  Partitioned compression: HG005_GRCh38_1_22_v4.2.1_benchmark: rdf-scan heartbeat — 436,495,723 triples · 78,651,698,175 bytes read
  Partitioned compression: HG005_GRCh38_1_22_v4.2.1_benchmark: rdf-scan heartbeat — 436,860,272 triples · 78,718,807,138 bytes read
  Partitioned compression: HG005_GRCh38_1_22_v4.2.1_benchmark: rdf-scan heartbeat — 437,224,889 triples · 78,785,916,067 bytes read
  Partitioned compression: HG005_GRCh38_1_22_v4.2.1_benchmark: rdf-scan heartbeat — 437,589,562 triples · 78,853,024,989 bytes read
  Partitioned compression: HG005_GRCh38_1_22_v4.2.1_benchmark: rdf-scan chunk — 437,953,477 triples · 147 chunks · 78,920,037,252 bytes read
  Partitioned compression: HG005_GRCh38_1_22_v4.2.1_benchmark: hdt-chunks started — 146 chunks · hdt-build-00146
  Partitioned compression: HG005_GRCh38_1_22_v4.2.1_benchmark: hdt-chunks complete — 147 chunks · hdt-build-00146
  Partitioned compression: HG005_GRCh38_1_22_v4.2.1_benchmark: rdf-scan heartbeat — 437,954,003 triples · 78,920,133,885 bytes read
  Partitioned compression: HG005_GRCh38_1_22_v4.2.1_benchmark: rdf-scan heartbeat — 438,318,590 triples · 78,987,242,784 bytes read
  Partitioned compression: HG005_GRCh38_1_22_v4.2.1_benchmark: rdf-scan heartbeat — 438,683,097 triples · 79,054,351,733 bytes read
  Partitioned compression: HG005_GRCh38_1_22_v4.2.1_benchmark: rdf-scan heartbeat — 439,047,993 triples · 79,121,460,852 bytes read
  Partitioned compression: HG005_GRCh38_1_22_v4.2.1_benchmark: rdf-scan heartbeat — 439,412,784 triples · 79,188,569,721 bytes read
  Partitioned compression: HG005_GRCh38_1_22_v4.2.1_benchmark: rdf-scan heartbeat — 439,777,277 triples · 79,255,678,706 bytes read
  Partitioned compression: HG005_GRCh38_1_22_v4.2.1_benchmark: rdf-scan heartbeat — 440,141,708 triples · 79,322,787,843 bytes read
  Partitioned compression: HG005_GRCh38_1_22_v4.2.1_benchmark: rdf-scan heartbeat — 440,506,308 triples · 79,389,896,774 bytes read
  Partitioned compression: HG005_GRCh38_1_22_v4.2.1_benchmark: rdf-scan chunk — 440,870,253 triples · 148 chunks · 79,456,908,276 bytes read
  Partitioned compression: HG005_GRCh38_1_22_v4.2.1_benchmark: hdt-chunks started — 147 chunks · hdt-build-00147
  Partitioned compression: HG005_GRCh38_1_22_v4.2.1_benchmark: hdt-chunks complete — 148 chunks · hdt-build-00147
  Partitioned compression: HG005_GRCh38_1_22_v4.2.1_benchmark: rdf-scan heartbeat — 440,870,781 triples · 79,457,005,812 bytes read
  Partitioned compression: HG005_GRCh38_1_22_v4.2.1_benchmark: rdf-scan heartbeat — 441,235,347 triples · 79,524,114,680 bytes read
  Partitioned compression: HG005_GRCh38_1_22_v4.2.1_benchmark: rdf-scan heartbeat — 441,599,837 triples · 79,591,223,639 bytes read
  Partitioned compression: HG005_GRCh38_1_22_v4.2.1_benchmark: rdf-scan heartbeat — 441,964,278 triples · 79,658,332,645 bytes read
  Partitioned compression: HG005_GRCh38_1_22_v4.2.1_benchmark: rdf-scan heartbeat — 442,328,928 triples · 79,725,441,668 bytes read
  Partitioned compression: HG005_GRCh38_1_22_v4.2.1_benchmark: rdf-scan heartbeat — 442,693,503 triples · 79,792,550,711 bytes read
  Partitioned compression: HG005_GRCh38_1_22_v4.2.1_benchmark: rdf-scan heartbeat — 443,058,039 triples · 79,859,659,577 bytes read
  Partitioned compression: HG005_GRCh38_1_22_v4.2.1_benchmark: rdf-scan heartbeat — 443,422,818 triples · 79,926,768,497 bytes read
  Partitioned compression: HG005_GRCh38_1_22_v4.2.1_benchmark: rdf-scan chunk — 443,805,602 triples · 149 chunks · 79,993,779,254 bytes read
  Partitioned compression: HG005_GRCh38_1_22_v4.2.1_benchmark: hdt-chunks started — 148 chunks · hdt-build-00148
  Partitioned compression: HG005_GRCh38_1_22_v4.2.1_benchmark: hdt-chunks complete — 149 chunks · hdt-build-00148
  Partitioned compression: HG005_GRCh38_1_22_v4.2.1_benchmark: rdf-scan heartbeat — 443,806,177 triples · 79,993,877,544 bytes read
  Partitioned compression: HG005_GRCh38_1_22_v4.2.1_benchmark: rdf-scan heartbeat — 444,198,814 triples · 80,060,986,460 bytes read
  Partitioned compression: HG005_GRCh38_1_22_v4.2.1_benchmark: rdf-scan heartbeat — 444,573,877 triples · 80,128,095,342 bytes read
  Partitioned compression: HG005_GRCh38_1_22_v4.2.1_benchmark: rdf-scan heartbeat — 444,938,403 triples · 80,195,204,275 bytes read
  Partitioned compression: HG005_GRCh38_1_22_v4.2.1_benchmark: rdf-scan heartbeat — 445,302,658 triples · 80,262,313,175 bytes read
  Partitioned compression: HG005_GRCh38_1_22_v4.2.1_benchmark: rdf-scan heartbeat — 445,667,296 triples · 80,329,422,052 bytes read
  Partitioned compression: HG005_GRCh38_1_22_v4.2.1_benchmark: rdf-scan heartbeat — 446,031,932 triples · 80,396,531,004 bytes read
  Partitioned compression: HG005_GRCh38_1_22_v4.2.1_benchmark: rdf-scan heartbeat — 446,396,556 triples · 80,463,640,019 bytes read
  Partitioned compression: HG005_GRCh38_1_22_v4.2.1_benchmark: rdf-scan chunk — 446,760,613 triples · 150 chunks · 80,530,650,293 bytes read
  Partitioned compression: HG005_GRCh38_1_22_v4.2.1_benchmark: hdt-chunks started — 149 chunks · hdt-build-00149
  Partitioned compression: HG005_GRCh38_1_22_v4.2.1_benchmark: hdt-chunks complete — 150 chunks · hdt-build-00149
  Partitioned compression: HG005_GRCh38_1_22_v4.2.1_benchmark: rdf-scan heartbeat — 446,761,149 triples · 80,530,749,011 bytes read
  Partitioned compression: HG005_GRCh38_1_22_v4.2.1_benchmark: rdf-scan heartbeat — 447,125,719 triples · 80,597,858,022 bytes read
  Partitioned compression: HG005_GRCh38_1_22_v4.2.1_benchmark: rdf-scan heartbeat — 447,490,191 triples · 80,664,966,915 bytes read
  Partitioned compression: HG005_GRCh38_1_22_v4.2.1_benchmark: rdf-scan heartbeat — 447,855,064 triples · 80,732,075,852 bytes read
  Partitioned compression: HG005_GRCh38_1_22_v4.2.1_benchmark: rdf-scan heartbeat — 448,219,754 triples · 80,799,184,846 bytes read
  Partitioned compression: HG005_GRCh38_1_22_v4.2.1_benchmark: rdf-scan heartbeat — 448,584,332 triples · 80,866,293,737 bytes read
  Partitioned compression: HG005_GRCh38_1_22_v4.2.1_benchmark: rdf-scan heartbeat — 448,949,059 triples · 80,933,402,608 bytes read
  Partitioned compression: HG005_GRCh38_1_22_v4.2.1_benchmark: rdf-scan heartbeat — 449,313,707 triples · 81,000,511,542 bytes read
  Partitioned compression: HG005_GRCh38_1_22_v4.2.1_benchmark: rdf-scan chunk — 449,677,834 triples · 151 chunks · 81,067,521,286 bytes read
  Partitioned compression: HG005_GRCh38_1_22_v4.2.1_benchmark: hdt-chunks started — 150 chunks · hdt-build-00150
  Partitioned compression: HG005_GRCh38_1_22_v4.2.1_benchmark: hdt-chunks complete — 151 chunks · hdt-build-00150
  Partitioned compression: HG005_GRCh38_1_22_v4.2.1_benchmark: rdf-scan heartbeat — 449,678,372 triples · 81,067,620,505 bytes read
  Partitioned compression: HG005_GRCh38_1_22_v4.2.1_benchmark: rdf-scan heartbeat — 450,043,000 triples · 81,134,729,397 bytes read
  Partitioned compression: HG005_GRCh38_1_22_v4.2.1_benchmark: rdf-scan heartbeat — 450,407,621 triples · 81,201,838,374 bytes read
  Partitioned compression: HG005_GRCh38_1_22_v4.2.1_benchmark: rdf-scan heartbeat — 450,772,334 triples · 81,268,947,425 bytes read
  Partitioned compression: HG005_GRCh38_1_22_v4.2.1_benchmark: rdf-scan heartbeat — 451,137,033 triples · 81,336,056,301 bytes read
  Partitioned compression: HG005_GRCh38_1_22_v4.2.1_benchmark: rdf-scan heartbeat — 451,501,855 triples · 81,403,165,337 bytes read
  Partitioned compression: HG005_GRCh38_1_22_v4.2.1_benchmark: rdf-scan heartbeat — 451,866,416 triples · 81,470,274,375 bytes read
  Partitioned compression: HG005_GRCh38_1_22_v4.2.1_benchmark: rdf-scan heartbeat — 452,230,854 triples · 81,537,383,394 bytes read
  Partitioned compression: HG005_GRCh38_1_22_v4.2.1_benchmark: rdf-scan chunk — 452,595,101 triples · 152 chunks · 81,604,392,348 bytes read
  Partitioned compression: HG005_GRCh38_1_22_v4.2.1_benchmark: hdt-chunks started — 151 chunks · hdt-build-00151
  Partitioned compression: HG005_GRCh38_1_22_v4.2.1_benchmark: hdt-chunks complete — 152 chunks · hdt-build-00151
  Partitioned compression: HG005_GRCh38_1_22_v4.2.1_benchmark: rdf-scan heartbeat — 452,595,643 triples · 81,604,492,318 bytes read
  Partitioned compression: HG005_GRCh38_1_22_v4.2.1_benchmark: rdf-scan heartbeat — 452,960,156 triples · 81,671,601,347 bytes read
  Partitioned compression: HG005_GRCh38_1_22_v4.2.1_benchmark: rdf-scan heartbeat — 453,324,870 triples · 81,738,710,337 bytes read
  Partitioned compression: HG005_GRCh38_1_22_v4.2.1_benchmark: rdf-scan heartbeat — 453,689,524 triples · 81,805,819,258 bytes read
  Partitioned compression: HG005_GRCh38_1_22_v4.2.1_benchmark: rdf-scan heartbeat — 454,054,089 triples · 81,872,928,152 bytes read
  Partitioned compression: HG005_GRCh38_1_22_v4.2.1_benchmark: rdf-scan heartbeat — 454,418,681 triples · 81,940,037,070 bytes read
  Partitioned compression: HG005_GRCh38_1_22_v4.2.1_benchmark: rdf-scan heartbeat — 454,783,262 triples · 82,007,145,959 bytes read
  Partitioned compression: HG005_GRCh38_1_22_v4.2.1_benchmark: rdf-scan heartbeat — 455,148,022 triples · 82,074,254,941 bytes read
  Partitioned compression: HG005_GRCh38_1_22_v4.2.1_benchmark: rdf-scan chunk — 455,511,981 triples · 153 chunks · 82,141,263,453 bytes read
  Partitioned compression: HG005_GRCh38_1_22_v4.2.1_benchmark: hdt-chunks started — 152 chunks · hdt-build-00152
  Partitioned compression: HG005_GRCh38_1_22_v4.2.1_benchmark: hdt-chunks complete — 153 chunks · hdt-build-00152
  Partitioned compression: HG005_GRCh38_1_22_v4.2.1_benchmark: rdf-scan heartbeat — 455,512,535 triples · 82,141,363,941 bytes read
  Partitioned compression: HG005_GRCh38_1_22_v4.2.1_benchmark: rdf-scan heartbeat — 455,877,341 triples · 82,208,472,949 bytes read
  Partitioned compression: HG005_GRCh38_1_22_v4.2.1_benchmark: rdf-scan heartbeat — 456,241,897 triples · 82,275,581,900 bytes read
  Partitioned compression: HG005_GRCh38_1_22_v4.2.1_benchmark: rdf-scan heartbeat — 456,606,408 triples · 82,342,690,771 bytes read
  Partitioned compression: HG005_GRCh38_1_22_v4.2.1_benchmark: rdf-scan heartbeat — 456,970,999 triples · 82,409,799,747 bytes read
  Partitioned compression: HG005_GRCh38_1_22_v4.2.1_benchmark: rdf-scan heartbeat — 457,335,567 triples · 82,476,908,651 bytes read
  Partitioned compression: HG005_GRCh38_1_22_v4.2.1_benchmark: rdf-scan heartbeat — 457,699,979 triples · 82,544,017,528 bytes read
  Partitioned compression: HG005_GRCh38_1_22_v4.2.1_benchmark: rdf-scan heartbeat — 458,064,525 triples · 82,611,126,566 bytes read
  Partitioned compression: HG005_GRCh38_1_22_v4.2.1_benchmark: rdf-scan chunk — 458,428,416 triples · 154 chunks · 82,678,134,500 bytes read
  Partitioned compression: HG005_GRCh38_1_22_v4.2.1_benchmark: hdt-chunks started — 153 chunks · hdt-build-00153
  Partitioned compression: HG005_GRCh38_1_22_v4.2.1_benchmark: hdt-chunks complete — 154 chunks · hdt-build-00153
  Partitioned compression: HG005_GRCh38_1_22_v4.2.1_benchmark: rdf-scan heartbeat — 458,428,964 triples · 82,678,235,459 bytes read
  Partitioned compression: HG005_GRCh38_1_22_v4.2.1_benchmark: rdf-scan heartbeat — 458,793,463 triples · 82,745,344,398 bytes read
  Partitioned compression: HG005_GRCh38_1_22_v4.2.1_benchmark: rdf-scan heartbeat — 459,157,998 triples · 82,812,453,342 bytes read
  Partitioned compression: HG005_GRCh38_1_22_v4.2.1_benchmark: rdf-scan heartbeat — 459,522,408 triples · 82,879,562,318 bytes read
  Partitioned compression: HG005_GRCh38_1_22_v4.2.1_benchmark: rdf-scan heartbeat — 459,886,883 triples · 82,946,671,362 bytes read
  Partitioned compression: HG005_GRCh38_1_22_v4.2.1_benchmark: rdf-scan heartbeat — 460,251,306 triples · 83,013,780,316 bytes read
  Partitioned compression: HG005_GRCh38_1_22_v4.2.1_benchmark: rdf-scan heartbeat — 460,615,950 triples · 83,080,889,199 bytes read
  Partitioned compression: HG005_GRCh38_1_22_v4.2.1_benchmark: rdf-scan heartbeat — 460,980,336 triples · 83,147,998,224 bytes read
  Partitioned compression: HG005_GRCh38_1_22_v4.2.1_benchmark: rdf-scan chunk — 461,344,315 triples · 155 chunks · 83,215,005,467 bytes read
  Partitioned compression: HG005_GRCh38_1_22_v4.2.1_benchmark: hdt-chunks started — 154 chunks · hdt-build-00154
  Partitioned compression: HG005_GRCh38_1_22_v4.2.1_benchmark: hdt-chunks complete — 155 chunks · hdt-build-00154
  Partitioned compression: HG005_GRCh38_1_22_v4.2.1_benchmark: rdf-scan heartbeat — 461,344,868 triples · 83,215,107,159 bytes read
  Partitioned compression: HG005_GRCh38_1_22_v4.2.1_benchmark: rdf-scan heartbeat — 461,709,529 triples · 83,282,216,081 bytes read
  Partitioned compression: HG005_GRCh38_1_22_v4.2.1_benchmark: rdf-scan heartbeat — 462,074,292 triples · 83,349,325,124 bytes read
  Partitioned compression: HG005_GRCh38_1_22_v4.2.1_benchmark: rdf-scan heartbeat — 462,439,186 triples · 83,416,434,065 bytes read
  Partitioned compression: HG005_GRCh38_1_22_v4.2.1_benchmark: rdf-scan heartbeat — 462,803,860 triples · 83,483,543,038 bytes read
  Partitioned compression: HG005_GRCh38_1_22_v4.2.1_benchmark: rdf-scan heartbeat — 463,168,946 triples · 83,550,652,080 bytes read
  Partitioned compression: HG005_GRCh38_1_22_v4.2.1_benchmark: rdf-scan heartbeat — 463,533,245 triples · 83,617,760,956 bytes read
  Partitioned compression: HG005_GRCh38_1_22_v4.2.1_benchmark: rdf-scan heartbeat — 463,897,736 triples · 83,684,869,820 bytes read
  Partitioned compression: HG005_GRCh38_1_22_v4.2.1_benchmark: rdf-scan chunk — 464,261,669 triples · 156 chunks · 83,751,876,489 bytes read
  Partitioned compression: HG005_GRCh38_1_22_v4.2.1_benchmark: hdt-chunks started — 155 chunks · hdt-build-00155
  Partitioned compression: HG005_GRCh38_1_22_v4.2.1_benchmark: hdt-chunks complete — 156 chunks · hdt-build-00155
  Partitioned compression: HG005_GRCh38_1_22_v4.2.1_benchmark: rdf-scan heartbeat — 464,262,224 triples · 83,751,978,742 bytes read
  Partitioned compression: HG005_GRCh38_1_22_v4.2.1_benchmark: rdf-scan heartbeat — 464,626,770 triples · 83,819,087,767 bytes read
  Partitioned compression: HG005_GRCh38_1_22_v4.2.1_benchmark: rdf-scan heartbeat — 464,991,144 triples · 83,886,196,726 bytes read
  Partitioned compression: HG005_GRCh38_1_22_v4.2.1_benchmark: rdf-scan heartbeat — 465,355,637 triples · 83,953,305,615 bytes read
  Partitioned compression: HG005_GRCh38_1_22_v4.2.1_benchmark: rdf-scan heartbeat — 465,720,096 triples · 84,020,414,497 bytes read
  Partitioned compression: HG005_GRCh38_1_22_v4.2.1_benchmark: rdf-scan heartbeat — 466,084,635 triples · 84,087,523,453 bytes read
  Partitioned compression: HG005_GRCh38_1_22_v4.2.1_benchmark: rdf-scan heartbeat — 466,449,167 triples · 84,154,632,318 bytes read
  Partitioned compression: HG005_GRCh38_1_22_v4.2.1_benchmark: rdf-scan heartbeat — 466,813,675 triples · 84,221,741,271 bytes read
  Partitioned compression: HG005_GRCh38_1_22_v4.2.1_benchmark: rdf-scan chunk — 467,177,898 triples · 157 chunks · 84,288,747,536 bytes read
  Partitioned compression: HG005_GRCh38_1_22_v4.2.1_benchmark: hdt-chunks started — 156 chunks · hdt-build-00156
  Partitioned compression: HG005_GRCh38_1_22_v4.2.1_benchmark: hdt-chunks complete — 157 chunks · hdt-build-00156
  Partitioned compression: HG005_GRCh38_1_22_v4.2.1_benchmark: rdf-scan heartbeat — 467,178,456 triples · 84,288,850,277 bytes read
  Partitioned compression: HG005_GRCh38_1_22_v4.2.1_benchmark: rdf-scan heartbeat — 467,543,256 triples · 84,355,959,226 bytes read
  Partitioned compression: HG005_GRCh38_1_22_v4.2.1_benchmark: rdf-scan heartbeat — 467,907,732 triples · 84,423,068,253 bytes read
  Partitioned compression: HG005_GRCh38_1_22_v4.2.1_benchmark: rdf-scan heartbeat — 468,272,255 triples · 84,490,177,132 bytes read
  Partitioned compression: HG005_GRCh38_1_22_v4.2.1_benchmark: rdf-scan heartbeat — 468,636,786 triples · 84,557,285,999 bytes read
  Partitioned compression: HG005_GRCh38_1_22_v4.2.1_benchmark: rdf-scan heartbeat — 469,001,208 triples · 84,624,394,902 bytes read
  Partitioned compression: HG005_GRCh38_1_22_v4.2.1_benchmark: rdf-scan heartbeat — 469,365,597 triples · 84,691,503,888 bytes read
  Partitioned compression: HG005_GRCh38_1_22_v4.2.1_benchmark: rdf-scan heartbeat — 469,730,071 triples · 84,758,612,793 bytes read
  Partitioned compression: HG005_GRCh38_1_22_v4.2.1_benchmark: rdf-scan chunk — 470,093,981 triples · 158 chunks · 84,825,618,464 bytes read
  Partitioned compression: HG005_GRCh38_1_22_v4.2.1_benchmark: hdt-chunks started — 157 chunks · hdt-build-00157
  Partitioned compression: HG005_GRCh38_1_22_v4.2.1_benchmark: hdt-chunks complete — 158 chunks · hdt-build-00157
  Partitioned compression: HG005_GRCh38_1_22_v4.2.1_benchmark: rdf-scan heartbeat — 470,094,543 triples · 84,825,721,713 bytes read
  Partitioned compression: HG005_GRCh38_1_22_v4.2.1_benchmark: rdf-scan heartbeat — 470,460,301 triples · 84,892,830,676 bytes read
  Partitioned compression: HG005_GRCh38_1_22_v4.2.1_benchmark: rdf-scan heartbeat — 470,825,824 triples · 84,959,939,687 bytes read
  Partitioned compression: HG005_GRCh38_1_22_v4.2.1_benchmark: rdf-scan heartbeat — 471,191,061 triples · 85,027,048,679 bytes read
  Partitioned compression: HG005_GRCh38_1_22_v4.2.1_benchmark: rdf-scan heartbeat — 471,555,735 triples · 85,094,157,545 bytes read
  Partitioned compression: HG005_GRCh38_1_22_v4.2.1_benchmark: rdf-scan heartbeat — 471,920,733 triples · 85,161,266,479 bytes read
  Partitioned compression: HG005_GRCh38_1_22_v4.2.1_benchmark: rdf-scan heartbeat — 472,285,650 triples · 85,228,375,463 bytes read
  Partitioned compression: HG005_GRCh38_1_22_v4.2.1_benchmark: rdf-scan heartbeat — 472,650,100 triples · 85,295,484,481 bytes read
  Partitioned compression: HG005_GRCh38_1_22_v4.2.1_benchmark: rdf-scan chunk — 473,014,038 triples · 159 chunks · 85,362,489,434 bytes read
  Partitioned compression: HG005_GRCh38_1_22_v4.2.1_benchmark: hdt-chunks started — 158 chunks · hdt-build-00158
  Partitioned compression: HG005_GRCh38_1_22_v4.2.1_benchmark: hdt-chunks complete — 159 chunks · hdt-build-00158
  Partitioned compression: HG005_GRCh38_1_22_v4.2.1_benchmark: rdf-scan heartbeat — 473,014,603 triples · 85,362,593,429 bytes read
  Partitioned compression: HG005_GRCh38_1_22_v4.2.1_benchmark: rdf-scan heartbeat — 473,379,312 triples · 85,429,702,380 bytes read
  Partitioned compression: HG005_GRCh38_1_22_v4.2.1_benchmark: rdf-scan heartbeat — 473,744,026 triples · 85,496,811,340 bytes read
  Partitioned compression: HG005_GRCh38_1_22_v4.2.1_benchmark: rdf-scan heartbeat — 474,108,853 triples · 85,563,920,219 bytes read
  Partitioned compression: HG005_GRCh38_1_22_v4.2.1_benchmark: rdf-scan heartbeat — 474,473,521 triples · 85,631,029,149 bytes read
  Partitioned compression: HG005_GRCh38_1_22_v4.2.1_benchmark: rdf-scan heartbeat — 474,838,425 triples · 85,698,138,032 bytes read
  Partitioned compression: HG005_GRCh38_1_22_v4.2.1_benchmark: rdf-scan heartbeat — 475,203,430 triples · 85,765,247,040 bytes read
  Partitioned compression: HG005_GRCh38_1_22_v4.2.1_benchmark: rdf-scan heartbeat — 475,568,072 triples · 85,832,356,169 bytes read
  Partitioned compression: HG005_GRCh38_1_22_v4.2.1_benchmark: rdf-scan chunk — 475,932,039 triples · 160 chunks · 85,899,360,494 bytes read
  Partitioned compression: HG005_GRCh38_1_22_v4.2.1_benchmark: hdt-chunks started — 159 chunks · hdt-build-00159
  Partitioned compression: HG005_GRCh38_1_22_v4.2.1_benchmark: hdt-chunks complete — 160 chunks · hdt-build-00159
  Partitioned compression: HG005_GRCh38_1_22_v4.2.1_benchmark: rdf-scan heartbeat — 475,932,608 triples · 85,899,465,114 bytes read
  Partitioned compression: HG005_GRCh38_1_22_v4.2.1_benchmark: rdf-scan heartbeat — 476,297,196 triples · 85,966,574,107 bytes read
  Partitioned compression: HG005_GRCh38_1_22_v4.2.1_benchmark: rdf-scan heartbeat — 476,661,792 triples · 86,033,683,098 bytes read
  Partitioned compression: HG005_GRCh38_1_22_v4.2.1_benchmark: rdf-scan heartbeat — 477,026,352 triples · 86,100,792,088 bytes read
  Partitioned compression: HG005_GRCh38_1_22_v4.2.1_benchmark: rdf-scan heartbeat — 477,390,917 triples · 86,167,900,978 bytes read
  Partitioned compression: HG005_GRCh38_1_22_v4.2.1_benchmark: rdf-scan heartbeat — 477,755,494 triples · 86,235,009,854 bytes read
  Partitioned compression: HG005_GRCh38_1_22_v4.2.1_benchmark: rdf-scan heartbeat — 478,120,166 triples · 86,302,118,760 bytes read
  Partitioned compression: HG005_GRCh38_1_22_v4.2.1_benchmark: rdf-scan heartbeat — 478,484,962 triples · 86,369,227,635 bytes read
  Partitioned compression: HG005_GRCh38_1_22_v4.2.1_benchmark: rdf-scan chunk — 478,849,000 triples · 161 chunks · 86,436,231,533 bytes read
  Partitioned compression: HG005_GRCh38_1_22_v4.2.1_benchmark: hdt-chunks started — 160 chunks · hdt-build-00160
  Partitioned compression: HG005_GRCh38_1_22_v4.2.1_benchmark: hdt-chunks complete — 161 chunks · hdt-build-00160
  Partitioned compression: HG005_GRCh38_1_22_v4.2.1_benchmark: rdf-scan heartbeat — 478,849,573 triples · 86,436,336,560 bytes read
  Partitioned compression: HG005_GRCh38_1_22_v4.2.1_benchmark: rdf-scan heartbeat — 479,214,012 triples · 86,503,445,489 bytes read
  Partitioned compression: HG005_GRCh38_1_22_v4.2.1_benchmark: rdf-scan heartbeat — 479,578,752 triples · 86,570,554,421 bytes read
  Partitioned compression: HG005_GRCh38_1_22_v4.2.1_benchmark: rdf-scan heartbeat — 479,943,745 triples · 86,637,663,381 bytes read
  Partitioned compression: HG005_GRCh38_1_22_v4.2.1_benchmark: rdf-scan heartbeat — 480,308,503 triples · 86,704,772,313 bytes read
  Partitioned compression: HG005_GRCh38_1_22_v4.2.1_benchmark: rdf-scan heartbeat — 480,673,039 triples · 86,771,881,239 bytes read
  Partitioned compression: HG005_GRCh38_1_22_v4.2.1_benchmark: rdf-scan heartbeat — 481,037,988 triples · 86,838,990,194 bytes read
  Partitioned compression: HG005_GRCh38_1_22_v4.2.1_benchmark: rdf-scan heartbeat — 481,402,619 triples · 86,906,099,089 bytes read
  Partitioned compression: HG005_GRCh38_1_22_v4.2.1_benchmark: rdf-scan chunk — 481,766,743 triples · 162 chunks · 86,973,102,489 bytes read
  Partitioned compression: HG005_GRCh38_1_22_v4.2.1_benchmark: hdt-chunks started — 161 chunks · hdt-build-00161
  Partitioned compression: HG005_GRCh38_1_22_v4.2.1_benchmark: hdt-chunks complete — 162 chunks · hdt-build-00161
  Partitioned compression: HG005_GRCh38_1_22_v4.2.1_benchmark: rdf-scan heartbeat — 481,767,317 triples · 86,973,208,074 bytes read
  Partitioned compression: HG005_GRCh38_1_22_v4.2.1_benchmark: rdf-scan heartbeat — 482,132,001 triples · 87,040,317,022 bytes read
  Partitioned compression: HG005_GRCh38_1_22_v4.2.1_benchmark: rdf-scan heartbeat — 482,496,837 triples · 87,107,425,940 bytes read
  Partitioned compression: HG005_GRCh38_1_22_v4.2.1_benchmark: rdf-scan heartbeat — 482,861,642 triples · 87,174,534,991 bytes read
  Partitioned compression: HG005_GRCh38_1_22_v4.2.1_benchmark: rdf-scan heartbeat — 483,225,977 triples · 87,241,643,988 bytes read
  Partitioned compression: HG005_GRCh38_1_22_v4.2.1_benchmark: rdf-scan heartbeat — 483,590,239 triples · 87,308,752,940 bytes read
  Partitioned compression: HG005_GRCh38_1_22_v4.2.1_benchmark: rdf-scan heartbeat — 483,954,456 triples · 87,375,861,982 bytes read
  Partitioned compression: HG005_GRCh38_1_22_v4.2.1_benchmark: rdf-scan heartbeat — 484,319,553 triples · 87,442,971,034 bytes read
  Partitioned compression: HG005_GRCh38_1_22_v4.2.1_benchmark: rdf-scan chunk — 484,683,415 triples · 163 chunks · 87,509,973,431 bytes read
  Partitioned compression: HG005_GRCh38_1_22_v4.2.1_benchmark: hdt-chunks started — 162 chunks · hdt-build-00162
  Partitioned compression: HG005_GRCh38_1_22_v4.2.1_benchmark: hdt-chunks complete — 163 chunks · hdt-build-00162
  Partitioned compression: HG005_GRCh38_1_22_v4.2.1_benchmark: rdf-scan heartbeat — 484,683,992 triples · 87,510,079,969 bytes read
  Partitioned compression: HG005_GRCh38_1_22_v4.2.1_benchmark: rdf-scan heartbeat — 485,048,600 triples · 87,577,188,969 bytes read
  Partitioned compression: HG005_GRCh38_1_22_v4.2.1_benchmark: rdf-scan heartbeat — 485,413,198 triples · 87,644,297,885 bytes read
  Partitioned compression: HG005_GRCh38_1_22_v4.2.1_benchmark: rdf-scan heartbeat — 485,777,522 triples · 87,711,406,776 bytes read
  Partitioned compression: HG005_GRCh38_1_22_v4.2.1_benchmark: rdf-scan heartbeat — 486,141,926 triples · 87,778,515,659 bytes read
  Partitioned compression: HG005_GRCh38_1_22_v4.2.1_benchmark: rdf-scan heartbeat — 486,506,272 triples · 87,845,624,585 bytes read
  Partitioned compression: HG005_GRCh38_1_22_v4.2.1_benchmark: rdf-scan heartbeat — 486,870,638 triples · 87,912,733,521 bytes read
  Partitioned compression: HG005_GRCh38_1_22_v4.2.1_benchmark: rdf-scan heartbeat — 487,235,106 triples · 87,979,842,394 bytes read
  Partitioned compression: HG005_GRCh38_1_22_v4.2.1_benchmark: rdf-scan chunk — 487,599,125 triples · 164 chunks · 88,046,844,522 bytes read
  Partitioned compression: HG005_GRCh38_1_22_v4.2.1_benchmark: hdt-chunks started — 163 chunks · hdt-build-00163
  Partitioned compression: HG005_GRCh38_1_22_v4.2.1_benchmark: hdt-chunks complete — 164 chunks · hdt-build-00163
  Partitioned compression: HG005_GRCh38_1_22_v4.2.1_benchmark: rdf-scan heartbeat — 487,599,707 triples · 88,046,951,357 bytes read
  Partitioned compression: HG005_GRCh38_1_22_v4.2.1_benchmark: rdf-scan heartbeat — 487,964,162 triples · 88,114,060,233 bytes read
  Partitioned compression: HG005_GRCh38_1_22_v4.2.1_benchmark: rdf-scan heartbeat — 488,328,715 triples · 88,181,169,241 bytes read
  Partitioned compression: HG005_GRCh38_1_22_v4.2.1_benchmark: rdf-scan heartbeat — 488,693,335 triples · 88,248,278,106 bytes read
  Partitioned compression: HG005_GRCh38_1_22_v4.2.1_benchmark: rdf-scan heartbeat — 489,057,872 triples · 88,315,387,069 bytes read
  Partitioned compression: HG005_GRCh38_1_22_v4.2.1_benchmark: rdf-scan heartbeat — 489,422,473 triples · 88,382,496,093 bytes read
  Partitioned compression: HG005_GRCh38_1_22_v4.2.1_benchmark: rdf-scan heartbeat — 489,787,402 triples · 88,449,605,079 bytes read
  Partitioned compression: HG005_GRCh38_1_22_v4.2.1_benchmark: rdf-scan heartbeat — 490,151,978 triples · 88,516,714,092 bytes read
  Partitioned compression: HG005_GRCh38_1_22_v4.2.1_benchmark: rdf-scan chunk — 490,515,932 triples · 165 chunks · 88,583,715,615 bytes read
  Partitioned compression: HG005_GRCh38_1_22_v4.2.1_benchmark: hdt-chunks started — 164 chunks · hdt-build-00164
  Partitioned compression: HG005_GRCh38_1_22_v4.2.1_benchmark: hdt-chunks complete — 165 chunks · hdt-build-00164
  Partitioned compression: HG005_GRCh38_1_22_v4.2.1_benchmark: rdf-scan heartbeat — 490,516,515 triples · 88,583,822,969 bytes read
  Partitioned compression: HG005_GRCh38_1_22_v4.2.1_benchmark: rdf-scan heartbeat — 490,881,023 triples · 88,650,931,957 bytes read
  Partitioned compression: HG005_GRCh38_1_22_v4.2.1_benchmark: rdf-scan heartbeat — 491,245,451 triples · 88,718,040,849 bytes read
  Partitioned compression: HG005_GRCh38_1_22_v4.2.1_benchmark: rdf-scan heartbeat — 491,609,902 triples · 88,785,149,733 bytes read
  Partitioned compression: HG005_GRCh38_1_22_v4.2.1_benchmark: rdf-scan heartbeat — 491,974,534 triples · 88,852,258,632 bytes read
  Partitioned compression: HG005_GRCh38_1_22_v4.2.1_benchmark: rdf-scan heartbeat — 492,339,166 triples · 88,919,367,549 bytes read
  Partitioned compression: HG005_GRCh38_1_22_v4.2.1_benchmark: rdf-scan heartbeat — 492,703,736 triples · 88,986,476,508 bytes read
  Partitioned compression: HG005_GRCh38_1_22_v4.2.1_benchmark: rdf-scan heartbeat — 493,068,456 triples · 89,053,585,436 bytes read
  Partitioned compression: HG005_GRCh38_1_22_v4.2.1_benchmark: rdf-scan chunk — 493,432,486 triples · 166 chunks · 89,120,586,641 bytes read
  Partitioned compression: HG005_GRCh38_1_22_v4.2.1_benchmark: hdt-chunks started — 165 chunks · hdt-build-00165
  Partitioned compression: HG005_GRCh38_1_22_v4.2.1_benchmark: hdt-chunks complete — 166 chunks · hdt-build-00165
  Partitioned compression: HG005_GRCh38_1_22_v4.2.1_benchmark: rdf-scan heartbeat — 493,433,072 triples · 89,120,694,430 bytes read
  Partitioned compression: HG005_GRCh38_1_22_v4.2.1_benchmark: rdf-scan heartbeat — 493,797,604 triples · 89,187,803,658 bytes read
  Partitioned compression: HG005_GRCh38_1_22_v4.2.1_benchmark: rdf-scan heartbeat — 494,162,200 triples · 89,254,912,671 bytes read
  Partitioned compression: HG005_GRCh38_1_22_v4.2.1_benchmark: rdf-scan heartbeat — 494,526,877 triples · 89,322,021,703 bytes read
  Partitioned compression: HG005_GRCh38_1_22_v4.2.1_benchmark: rdf-scan heartbeat — 494,891,449 triples · 89,389,130,684 bytes read
  Partitioned compression: HG005_GRCh38_1_22_v4.2.1_benchmark: rdf-scan heartbeat — 495,256,051 triples · 89,456,239,686 bytes read
  Partitioned compression: HG005_GRCh38_1_22_v4.2.1_benchmark: rdf-scan heartbeat — 495,620,721 triples · 89,523,348,659 bytes read
  Partitioned compression: HG005_GRCh38_1_22_v4.2.1_benchmark: rdf-scan heartbeat — 495,985,249 triples · 89,590,457,658 bytes read
  Partitioned compression: HG005_GRCh38_1_22_v4.2.1_benchmark: rdf-scan chunk — 496,349,170 triples · 167 chunks · 89,657,457,635 bytes read
  Partitioned compression: HG005_GRCh38_1_22_v4.2.1_benchmark: hdt-chunks started — 166 chunks · hdt-build-00166
  Partitioned compression: HG005_GRCh38_1_22_v4.2.1_benchmark: hdt-chunks complete — 167 chunks · hdt-build-00166
  Partitioned compression: HG005_GRCh38_1_22_v4.2.1_benchmark: rdf-scan heartbeat — 496,349,762 triples · 89,657,566,606 bytes read
  Partitioned compression: HG005_GRCh38_1_22_v4.2.1_benchmark: rdf-scan heartbeat — 496,714,384 triples · 89,724,675,506 bytes read
  Partitioned compression: HG005_GRCh38_1_22_v4.2.1_benchmark: rdf-scan heartbeat — 497,079,037 triples · 89,791,784,456 bytes read
  Partitioned compression: HG005_GRCh38_1_22_v4.2.1_benchmark: rdf-scan heartbeat — 497,443,569 triples · 89,858,893,429 bytes read
  Partitioned compression: HG005_GRCh38_1_22_v4.2.1_benchmark: rdf-scan heartbeat — 497,808,107 triples · 89,926,002,383 bytes read
  Partitioned compression: HG005_GRCh38_1_22_v4.2.1_benchmark: rdf-scan heartbeat — 498,172,664 triples · 89,993,111,348 bytes read
  Partitioned compression: HG005_GRCh38_1_22_v4.2.1_benchmark: rdf-scan heartbeat — 498,537,086 triples · 90,060,220,315 bytes read
  Partitioned compression: HG005_GRCh38_1_22_v4.2.1_benchmark: rdf-scan heartbeat — 498,901,654 triples · 90,127,329,241 bytes read
  Partitioned compression: HG005_GRCh38_1_22_v4.2.1_benchmark: rdf-scan chunk — 499,265,488 triples · 168 chunks · 90,194,328,565 bytes read
  Partitioned compression: HG005_GRCh38_1_22_v4.2.1_benchmark: hdt-chunks started — 167 chunks · hdt-build-00167
  Partitioned compression: HG005_GRCh38_1_22_v4.2.1_benchmark: hdt-chunks complete — 168 chunks · hdt-build-00167
  Partitioned compression: HG005_GRCh38_1_22_v4.2.1_benchmark: rdf-scan heartbeat — 499,266,084 triples · 90,194,438,173 bytes read
  Partitioned compression: HG005_GRCh38_1_22_v4.2.1_benchmark: rdf-scan heartbeat — 499,630,487 triples · 90,261,547,096 bytes read
  Partitioned compression: HG005_GRCh38_1_22_v4.2.1_benchmark: rdf-scan heartbeat — 499,995,034 triples · 90,328,656,035 bytes read
  Partitioned compression: HG005_GRCh38_1_22_v4.2.1_benchmark: rdf-scan heartbeat — 500,359,481 triples · 90,395,765,049 bytes read
  Partitioned compression: HG005_GRCh38_1_22_v4.2.1_benchmark: rdf-scan heartbeat — 500,724,213 triples · 90,462,874,004 bytes read
  Partitioned compression: HG005_GRCh38_1_22_v4.2.1_benchmark: rdf-scan heartbeat — 501,089,350 triples · 90,529,982,958 bytes read
  Partitioned compression: HG005_GRCh38_1_22_v4.2.1_benchmark: rdf-scan heartbeat — 501,453,835 triples · 90,597,091,888 bytes read
  Partitioned compression: HG005_GRCh38_1_22_v4.2.1_benchmark: rdf-scan heartbeat — 501,818,168 triples · 90,664,201,290 bytes read
  Partitioned compression: HG005_GRCh38_1_22_v4.2.1_benchmark: rdf-scan chunk — 502,182,062 triples · 169 chunks · 90,731,199,559 bytes read
  Partitioned compression: HG005_GRCh38_1_22_v4.2.1_benchmark: hdt-chunks started — 168 chunks · hdt-build-00168
  Partitioned compression: HG005_GRCh38_1_22_v4.2.1_benchmark: hdt-chunks complete — 169 chunks · hdt-build-00168
  Partitioned compression: HG005_GRCh38_1_22_v4.2.1_benchmark: rdf-scan heartbeat — 502,182,664 triples · 90,731,310,176 bytes read
  Partitioned compression: HG005_GRCh38_1_22_v4.2.1_benchmark: rdf-scan heartbeat — 502,547,161 triples · 90,798,419,064 bytes read
  Partitioned compression: HG005_GRCh38_1_22_v4.2.1_benchmark: rdf-scan heartbeat — 502,911,584 triples · 90,865,527,984 bytes read
  Partitioned compression: HG005_GRCh38_1_22_v4.2.1_benchmark: rdf-scan heartbeat — 503,276,029 triples · 90,932,636,918 bytes read
  Partitioned compression: HG005_GRCh38_1_22_v4.2.1_benchmark: rdf-scan heartbeat — 503,640,563 triples · 90,999,745,838 bytes read
  Partitioned compression: HG005_GRCh38_1_22_v4.2.1_benchmark: rdf-scan heartbeat — 504,005,135 triples · 91,066,854,730 bytes read
  Partitioned compression: HG005_GRCh38_1_22_v4.2.1_benchmark: rdf-scan heartbeat — 504,369,679 triples · 91,133,963,610 bytes read
  Partitioned compression: HG005_GRCh38_1_22_v4.2.1_benchmark: rdf-scan heartbeat — 504,734,217 triples · 91,201,072,605 bytes read
  Partitioned compression: HG005_GRCh38_1_22_v4.2.1_benchmark: rdf-scan chunk — 505,098,107 triples · 170 chunks · 91,268,070,601 bytes read
  Partitioned compression: HG005_GRCh38_1_22_v4.2.1_benchmark: hdt-chunks started — 169 chunks · hdt-build-00169
  Partitioned compression: HG005_GRCh38_1_22_v4.2.1_benchmark: hdt-chunks complete — 170 chunks · hdt-build-00169
  Partitioned compression: HG005_GRCh38_1_22_v4.2.1_benchmark: rdf-scan heartbeat — 505,098,708 triples · 91,268,181,560 bytes read
  Partitioned compression: HG005_GRCh38_1_22_v4.2.1_benchmark: rdf-scan heartbeat — 505,463,287 triples · 91,335,290,485 bytes read
  Partitioned compression: HG005_GRCh38_1_22_v4.2.1_benchmark: rdf-scan heartbeat — 505,827,764 triples · 91,402,399,459 bytes read
  Partitioned compression: HG005_GRCh38_1_22_v4.2.1_benchmark: rdf-scan heartbeat — 506,192,391 triples · 91,469,508,366 bytes read
  Partitioned compression: HG005_GRCh38_1_22_v4.2.1_benchmark: rdf-scan heartbeat — 506,557,028 triples · 91,536,617,386 bytes read
  Partitioned compression: HG005_GRCh38_1_22_v4.2.1_benchmark: rdf-scan heartbeat — 506,921,831 triples · 91,603,726,396 bytes read
  Partitioned compression: HG005_GRCh38_1_22_v4.2.1_benchmark: rdf-scan heartbeat — 507,286,474 triples · 91,670,835,426 bytes read
  Partitioned compression: HG005_GRCh38_1_22_v4.2.1_benchmark: rdf-scan heartbeat — 507,651,785 triples · 91,737,944,343 bytes read
  Partitioned compression: HG005_GRCh38_1_22_v4.2.1_benchmark: rdf-scan chunk — 508,015,798 triples · 171 chunks · 91,804,941,698 bytes read
  Partitioned compression: HG005_GRCh38_1_22_v4.2.1_benchmark: hdt-chunks started — 170 chunks · hdt-build-00170
  Partitioned compression: HG005_GRCh38_1_22_v4.2.1_benchmark: hdt-chunks complete — 171 chunks · hdt-build-00170
  Partitioned compression: HG005_GRCh38_1_22_v4.2.1_benchmark: rdf-scan heartbeat — 508,016,405 triples · 91,805,053,271 bytes read
  Partitioned compression: HG005_GRCh38_1_22_v4.2.1_benchmark: rdf-scan heartbeat — 508,381,045 triples · 91,872,162,145 bytes read
  Partitioned compression: HG005_GRCh38_1_22_v4.2.1_benchmark: rdf-scan heartbeat — 508,745,643 triples · 91,939,271,121 bytes read
  Partitioned compression: HG005_GRCh38_1_22_v4.2.1_benchmark: rdf-scan heartbeat — 509,110,243 triples · 92,006,380,008 bytes read
  Partitioned compression: HG005_GRCh38_1_22_v4.2.1_benchmark: rdf-scan heartbeat — 509,474,944 triples · 92,073,488,970 bytes read
  Partitioned compression: HG005_GRCh38_1_22_v4.2.1_benchmark: rdf-scan heartbeat — 509,839,503 triples · 92,140,598,013 bytes read
  Partitioned compression: HG005_GRCh38_1_22_v4.2.1_benchmark: rdf-scan heartbeat — 510,204,121 triples · 92,207,707,042 bytes read
  Partitioned compression: HG005_GRCh38_1_22_v4.2.1_benchmark: rdf-scan heartbeat — 510,568,836 triples · 92,274,815,937 bytes read
  Partitioned compression: HG005_GRCh38_1_22_v4.2.1_benchmark: rdf-scan chunk — 510,932,895 triples · 172 chunks · 92,341,812,671 bytes read
  Partitioned compression: HG005_GRCh38_1_22_v4.2.1_benchmark: hdt-chunks started — 171 chunks · hdt-build-00171
  Partitioned compression: HG005_GRCh38_1_22_v4.2.1_benchmark: hdt-chunks complete — 172 chunks · hdt-build-00171
  Partitioned compression: HG005_GRCh38_1_22_v4.2.1_benchmark: rdf-scan heartbeat — 510,933,503 triples · 92,341,924,833 bytes read
  Partitioned compression: HG005_GRCh38_1_22_v4.2.1_benchmark: rdf-scan heartbeat — 511,298,079 triples · 92,409,033,730 bytes read
  Partitioned compression: HG005_GRCh38_1_22_v4.2.1_benchmark: rdf-scan heartbeat — 511,662,664 triples · 92,476,142,728 bytes read
  Partitioned compression: HG005_GRCh38_1_22_v4.2.1_benchmark: rdf-scan heartbeat — 512,027,439 triples · 92,543,251,707 bytes read
  Partitioned compression: HG005_GRCh38_1_22_v4.2.1_benchmark: rdf-scan heartbeat — 512,392,129 triples · 92,610,360,606 bytes read
  Partitioned compression: HG005_GRCh38_1_22_v4.2.1_benchmark: rdf-scan heartbeat — 512,756,619 triples · 92,677,469,642 bytes read
  Partitioned compression: HG005_GRCh38_1_22_v4.2.1_benchmark: rdf-scan heartbeat — 513,121,132 triples · 92,744,578,521 bytes read
  Partitioned compression: HG005_GRCh38_1_22_v4.2.1_benchmark: rdf-scan heartbeat — 513,485,645 triples · 92,811,687,480 bytes read
  Partitioned compression: HG005_GRCh38_1_22_v4.2.1_benchmark: rdf-scan chunk — 513,849,432 triples · 173 chunks · 92,878,683,611 bytes read
  Partitioned compression: HG005_GRCh38_1_22_v4.2.1_benchmark: hdt-chunks started — 172 chunks · hdt-build-00172
  Partitioned compression: HG005_GRCh38_1_22_v4.2.1_benchmark: hdt-chunks complete — 173 chunks · hdt-build-00172
  Partitioned compression: HG005_GRCh38_1_22_v4.2.1_benchmark: rdf-scan heartbeat — 513,850,046 triples · 92,878,796,493 bytes read
  Partitioned compression: HG005_GRCh38_1_22_v4.2.1_benchmark: rdf-scan heartbeat — 514,214,620 triples · 92,945,905,429 bytes read
  Partitioned compression: HG005_GRCh38_1_22_v4.2.1_benchmark: rdf-scan heartbeat — 514,579,277 triples · 93,013,014,445 bytes read
  Partitioned compression: HG005_GRCh38_1_22_v4.2.1_benchmark: rdf-scan heartbeat — 514,944,176 triples · 93,080,123,372 bytes read
  Partitioned compression: HG005_GRCh38_1_22_v4.2.1_benchmark: rdf-scan heartbeat — 515,309,030 triples · 93,147,232,421 bytes read
  Partitioned compression: HG005_GRCh38_1_22_v4.2.1_benchmark: rdf-scan heartbeat — 515,673,908 triples · 93,214,341,450 bytes read
  Partitioned compression: HG005_GRCh38_1_22_v4.2.1_benchmark: rdf-scan heartbeat — 516,038,838 triples · 93,281,450,314 bytes read
  Partitioned compression: HG005_GRCh38_1_22_v4.2.1_benchmark: rdf-scan heartbeat — 516,403,529 triples · 93,348,559,224 bytes read
  Partitioned compression: HG005_GRCh38_1_22_v4.2.1_benchmark: rdf-scan chunk — 516,767,339 triples · 174 chunks · 93,415,554,693 bytes read
  Partitioned compression: HG005_GRCh38_1_22_v4.2.1_benchmark: hdt-chunks started — 173 chunks · hdt-build-00173
  Partitioned compression: HG005_GRCh38_1_22_v4.2.1_benchmark: hdt-chunks complete — 174 chunks · hdt-build-00173
  Partitioned compression: HG005_GRCh38_1_22_v4.2.1_benchmark: rdf-scan heartbeat — 516,767,953 triples · 93,415,668,168 bytes read
  Partitioned compression: HG005_GRCh38_1_22_v4.2.1_benchmark: rdf-scan heartbeat — 517,132,826 triples · 93,482,777,138 bytes read
  Partitioned compression: HG005_GRCh38_1_22_v4.2.1_benchmark: rdf-scan heartbeat — 517,497,397 triples · 93,549,886,020 bytes read
  Partitioned compression: HG005_GRCh38_1_22_v4.2.1_benchmark: rdf-scan heartbeat — 517,861,845 triples · 93,616,994,913 bytes read
  Partitioned compression: HG005_GRCh38_1_22_v4.2.1_benchmark: rdf-scan heartbeat — 518,226,437 triples · 93,684,103,931 bytes read
  Partitioned compression: HG005_GRCh38_1_22_v4.2.1_benchmark: rdf-scan heartbeat — 518,591,087 triples · 93,751,212,982 bytes read
  Partitioned compression: HG005_GRCh38_1_22_v4.2.1_benchmark: rdf-scan heartbeat — 518,955,558 triples · 93,818,321,864 bytes read
  Partitioned compression: HG005_GRCh38_1_22_v4.2.1_benchmark: rdf-scan heartbeat — 519,320,222 triples · 93,885,430,914 bytes read
  Partitioned compression: HG005_GRCh38_1_22_v4.2.1_benchmark: rdf-scan chunk — 519,684,224 triples · 175 chunks · 93,952,425,774 bytes read
  Partitioned compression: HG005_GRCh38_1_22_v4.2.1_benchmark: hdt-chunks started — 174 chunks · hdt-build-00174
  Partitioned compression: HG005_GRCh38_1_22_v4.2.1_benchmark: hdt-chunks complete — 175 chunks · hdt-build-00174
  Partitioned compression: HG005_GRCh38_1_22_v4.2.1_benchmark: rdf-scan heartbeat — 519,684,843 triples · 93,952,539,905 bytes read
  Partitioned compression: HG005_GRCh38_1_22_v4.2.1_benchmark: rdf-scan heartbeat — 520,049,529 triples · 94,019,648,807 bytes read
  Partitioned compression: HG005_GRCh38_1_22_v4.2.1_benchmark: rdf-scan heartbeat — 520,414,294 triples · 94,086,757,720 bytes read
  Partitioned compression: HG005_GRCh38_1_22_v4.2.1_benchmark: rdf-scan heartbeat — 520,779,062 triples · 94,153,866,673 bytes read
  Partitioned compression: HG005_GRCh38_1_22_v4.2.1_benchmark: rdf-scan heartbeat — 521,143,681 triples · 94,220,975,680 bytes read
  Partitioned compression: HG005_GRCh38_1_22_v4.2.1_benchmark: rdf-scan heartbeat — 521,509,044 triples · 94,288,084,683 bytes read
  Partitioned compression: HG005_GRCh38_1_22_v4.2.1_benchmark: rdf-scan heartbeat — 521,874,344 triples · 94,355,193,595 bytes read
  Partitioned compression: HG005_GRCh38_1_22_v4.2.1_benchmark: rdf-scan heartbeat — 522,239,245 triples · 94,422,302,466 bytes read
  Partitioned compression: HG005_GRCh38_1_22_v4.2.1_benchmark: rdf-scan chunk — 522,603,186 triples · 176 chunks · 94,489,296,846 bytes read
  Partitioned compression: HG005_GRCh38_1_22_v4.2.1_benchmark: hdt-chunks started — 175 chunks · hdt-build-00175
  Partitioned compression: HG005_GRCh38_1_22_v4.2.1_benchmark: hdt-chunks complete — 176 chunks · hdt-build-00175
  Partitioned compression: HG005_GRCh38_1_22_v4.2.1_benchmark: rdf-scan heartbeat — 522,603,811 triples · 94,489,411,458 bytes read
  Partitioned compression: HG005_GRCh38_1_22_v4.2.1_benchmark: rdf-scan heartbeat — 522,968,441 triples · 94,556,520,338 bytes read
  Partitioned compression: HG005_GRCh38_1_22_v4.2.1_benchmark: rdf-scan heartbeat — 523,333,019 triples · 94,623,629,306 bytes read
  Partitioned compression: HG005_GRCh38_1_22_v4.2.1_benchmark: rdf-scan heartbeat — 523,697,868 triples · 94,690,738,204 bytes read
  Partitioned compression: HG005_GRCh38_1_22_v4.2.1_benchmark: rdf-scan heartbeat — 524,062,449 triples · 94,757,847,195 bytes read
  Partitioned compression: HG005_GRCh38_1_22_v4.2.1_benchmark: rdf-scan heartbeat — 524,426,979 triples · 94,824,956,214 bytes read
  Partitioned compression: HG005_GRCh38_1_22_v4.2.1_benchmark: rdf-scan heartbeat — 524,791,571 triples · 94,892,065,336 bytes read
  Partitioned compression: HG005_GRCh38_1_22_v4.2.1_benchmark: rdf-scan heartbeat — 525,156,106 triples · 94,959,174,212 bytes read
  Partitioned compression: HG005_GRCh38_1_22_v4.2.1_benchmark: rdf-scan chunk — 525,520,263 triples · 177 chunks · 95,026,167,854 bytes read
  Partitioned compression: HG005_GRCh38_1_22_v4.2.1_benchmark: hdt-chunks started — 176 chunks · hdt-build-00176
  Partitioned compression: HG005_GRCh38_1_22_v4.2.1_benchmark: hdt-chunks complete — 177 chunks · hdt-build-00176
  Partitioned compression: HG005_GRCh38_1_22_v4.2.1_benchmark: rdf-scan heartbeat — 525,520,888 triples · 95,026,283,187 bytes read
  Partitioned compression: HG005_GRCh38_1_22_v4.2.1_benchmark: rdf-scan heartbeat — 525,885,258 triples · 95,093,392,248 bytes read
  Partitioned compression: HG005_GRCh38_1_22_v4.2.1_benchmark: rdf-scan heartbeat — 526,250,000 triples · 95,160,501,146 bytes read
  Partitioned compression: HG005_GRCh38_1_22_v4.2.1_benchmark: rdf-scan heartbeat — 526,614,635 triples · 95,227,610,155 bytes read
  Partitioned compression: HG005_GRCh38_1_22_v4.2.1_benchmark: rdf-scan heartbeat — 526,979,302 triples · 95,294,719,153 bytes read
  Partitioned compression: HG005_GRCh38_1_22_v4.2.1_benchmark: rdf-scan heartbeat — 527,343,782 triples · 95,361,828,373 bytes read
  Partitioned compression: HG005_GRCh38_1_22_v4.2.1_benchmark: rdf-scan heartbeat — 527,708,300 triples · 95,428,937,321 bytes read
  Partitioned compression: HG005_GRCh38_1_22_v4.2.1_benchmark: rdf-scan heartbeat — 528,072,623 triples · 95,496,046,185 bytes read
  Partitioned compression: HG005_GRCh38_1_22_v4.2.1_benchmark: rdf-scan chunk — 528,436,666 triples · 178 chunks · 95,563,039,053 bytes read
  Partitioned compression: HG005_GRCh38_1_22_v4.2.1_benchmark: hdt-chunks started — 177 chunks · hdt-build-00177
  Partitioned compression: HG005_GRCh38_1_22_v4.2.1_benchmark: hdt-chunks complete — 178 chunks · hdt-build-00177
  Partitioned compression: HG005_GRCh38_1_22_v4.2.1_benchmark: rdf-scan heartbeat — 528,437,297 triples · 95,563,155,068 bytes read
  Partitioned compression: HG005_GRCh38_1_22_v4.2.1_benchmark: rdf-scan heartbeat — 528,801,891 triples · 95,630,264,076 bytes read
  Partitioned compression: HG005_GRCh38_1_22_v4.2.1_benchmark: rdf-scan heartbeat — 529,166,597 triples · 95,697,373,092 bytes read
  Partitioned compression: HG005_GRCh38_1_22_v4.2.1_benchmark: rdf-scan heartbeat — 529,531,201 triples · 95,764,482,090 bytes read
  Partitioned compression: HG005_GRCh38_1_22_v4.2.1_benchmark: rdf-scan heartbeat — 529,895,752 triples · 95,831,591,083 bytes read
  Partitioned compression: HG005_GRCh38_1_22_v4.2.1_benchmark: rdf-scan heartbeat — 530,260,273 triples · 95,898,700,039 bytes read
  Partitioned compression: HG005_GRCh38_1_22_v4.2.1_benchmark: rdf-scan heartbeat — 530,624,836 triples · 95,965,809,001 bytes read
  Partitioned compression: HG005_GRCh38_1_22_v4.2.1_benchmark: rdf-scan heartbeat — 530,989,367 triples · 96,032,917,929 bytes read
  Partitioned compression: HG005_GRCh38_1_22_v4.2.1_benchmark: rdf-scan chunk — 531,353,225 triples · 179 chunks · 96,099,909,987 bytes read
  Partitioned compression: HG005_GRCh38_1_22_v4.2.1_benchmark: hdt-chunks started — 178 chunks · hdt-build-00178
  Partitioned compression: HG005_GRCh38_1_22_v4.2.1_benchmark: hdt-chunks complete — 179 chunks · hdt-build-00178
  Partitioned compression: HG005_GRCh38_1_22_v4.2.1_benchmark: rdf-scan heartbeat — 531,353,859 triples · 96,100,026,836 bytes read
  Partitioned compression: HG005_GRCh38_1_22_v4.2.1_benchmark: rdf-scan heartbeat — 531,718,452 triples · 96,167,135,940 bytes read
  Partitioned compression: HG005_GRCh38_1_22_v4.2.1_benchmark: rdf-scan heartbeat — 532,082,806 triples · 96,234,244,843 bytes read
  Partitioned compression: HG005_GRCh38_1_22_v4.2.1_benchmark: rdf-scan heartbeat — 532,447,296 triples · 96,301,353,735 bytes read
  Partitioned compression: HG005_GRCh38_1_22_v4.2.1_benchmark: rdf-scan heartbeat — 532,811,715 triples · 96,368,462,699 bytes read
  Partitioned compression: HG005_GRCh38_1_22_v4.2.1_benchmark: rdf-scan heartbeat — 533,176,103 triples · 96,435,571,714 bytes read
  Partitioned compression: HG005_GRCh38_1_22_v4.2.1_benchmark: rdf-scan heartbeat — 533,540,713 triples · 96,502,680,688 bytes read
  Partitioned compression: HG005_GRCh38_1_22_v4.2.1_benchmark: rdf-scan heartbeat — 533,905,747 triples · 96,569,789,560 bytes read
  Partitioned compression: HG005_GRCh38_1_22_v4.2.1_benchmark: rdf-scan chunk — 534,270,377 triples · 180 chunks · 96,636,780,963 bytes read
  Partitioned compression: HG005_GRCh38_1_22_v4.2.1_benchmark: hdt-chunks started — 179 chunks · hdt-build-00179
  Partitioned compression: HG005_GRCh38_1_22_v4.2.1_benchmark: hdt-chunks complete — 180 chunks · hdt-build-00179
  Partitioned compression: HG005_GRCh38_1_22_v4.2.1_benchmark: rdf-scan heartbeat — 534,271,016 triples · 96,636,898,429 bytes read
  Partitioned compression: HG005_GRCh38_1_22_v4.2.1_benchmark: rdf-scan heartbeat — 534,635,666 triples · 96,704,007,425 bytes read
  Partitioned compression: HG005_GRCh38_1_22_v4.2.1_benchmark: rdf-scan heartbeat — 535,000,170 triples · 96,771,116,356 bytes read
  Partitioned compression: HG005_GRCh38_1_22_v4.2.1_benchmark: rdf-scan heartbeat — 535,364,866 triples · 96,838,225,315 bytes read
  Partitioned compression: HG005_GRCh38_1_22_v4.2.1_benchmark: rdf-scan heartbeat — 535,729,172 triples · 96,905,334,283 bytes read
  Partitioned compression: HG005_GRCh38_1_22_v4.2.1_benchmark: rdf-scan heartbeat — 536,093,704 triples · 96,972,443,314 bytes read
  Partitioned compression: HG005_GRCh38_1_22_v4.2.1_benchmark: rdf-scan heartbeat — 536,458,254 triples · 97,039,552,179 bytes read
  Partitioned compression: HG005_GRCh38_1_22_v4.2.1_benchmark: rdf-scan heartbeat — 536,822,592 triples · 97,106,661,159 bytes read
  Partitioned compression: HG005_GRCh38_1_22_v4.2.1_benchmark: rdf-scan chunk — 537,186,380 triples · 181 chunks · 97,173,651,904 bytes read
  Partitioned compression: HG005_GRCh38_1_22_v4.2.1_benchmark: hdt-chunks started — 180 chunks · hdt-build-00180
  Partitioned compression: HG005_GRCh38_1_22_v4.2.1_benchmark: hdt-chunks complete — 181 chunks · hdt-build-00180
  Partitioned compression: HG005_GRCh38_1_22_v4.2.1_benchmark: rdf-scan heartbeat — 537,187,020 triples · 97,173,770,025 bytes read
  Partitioned compression: HG005_GRCh38_1_22_v4.2.1_benchmark: rdf-scan heartbeat — 537,551,695 triples · 97,240,879,059 bytes read
  Partitioned compression: HG005_GRCh38_1_22_v4.2.1_benchmark: rdf-scan heartbeat — 537,916,678 triples · 97,307,988,087 bytes read
  Partitioned compression: HG005_GRCh38_1_22_v4.2.1_benchmark: rdf-scan heartbeat — 538,281,284 triples · 97,375,097,037 bytes read
  Partitioned compression: HG005_GRCh38_1_22_v4.2.1_benchmark: rdf-scan heartbeat — 538,645,904 triples · 97,442,205,946 bytes read
  Partitioned compression: HG005_GRCh38_1_22_v4.2.1_benchmark: rdf-scan heartbeat — 539,010,437 triples · 97,509,314,958 bytes read
  Partitioned compression: HG005_GRCh38_1_22_v4.2.1_benchmark: rdf-scan heartbeat — 539,374,939 triples · 97,576,423,837 bytes read
  Partitioned compression: HG005_GRCh38_1_22_v4.2.1_benchmark: rdf-scan heartbeat — 539,739,643 triples · 97,643,532,849 bytes read
  Partitioned compression: HG005_GRCh38_1_22_v4.2.1_benchmark: rdf-scan chunk — 540,103,524 triples · 182 chunks · 97,710,522,846 bytes read
  Partitioned compression: HG005_GRCh38_1_22_v4.2.1_benchmark: hdt-chunks started — 181 chunks · hdt-build-00181
  Partitioned compression: HG005_GRCh38_1_22_v4.2.1_benchmark: hdt-chunks complete — 182 chunks · hdt-build-00181
  Partitioned compression: HG005_GRCh38_1_22_v4.2.1_benchmark: rdf-scan heartbeat — 540,104,168 triples · 97,710,641,894 bytes read
  Partitioned compression: HG005_GRCh38_1_22_v4.2.1_benchmark: rdf-scan heartbeat — 540,468,666 triples · 97,777,750,847 bytes read
  Partitioned compression: HG005_GRCh38_1_22_v4.2.1_benchmark: rdf-scan heartbeat — 540,833,687 triples · 97,844,859,888 bytes read
  Partitioned compression: HG005_GRCh38_1_22_v4.2.1_benchmark: rdf-scan heartbeat — 541,198,842 triples · 97,911,968,795 bytes read
  Partitioned compression: HG005_GRCh38_1_22_v4.2.1_benchmark: rdf-scan heartbeat — 541,563,668 triples · 97,979,077,802 bytes read
  Partitioned compression: HG005_GRCh38_1_22_v4.2.1_benchmark: rdf-scan heartbeat — 541,928,373 triples · 98,046,186,698 bytes read
  Partitioned compression: HG005_GRCh38_1_22_v4.2.1_benchmark: rdf-scan heartbeat — 542,293,213 triples · 98,113,295,718 bytes read
  Partitioned compression: HG005_GRCh38_1_22_v4.2.1_benchmark: rdf-scan heartbeat — 542,658,102 triples · 98,180,404,657 bytes read
  Partitioned compression: HG005_GRCh38_1_22_v4.2.1_benchmark: rdf-scan chunk — 543,022,687 triples · 183 chunks · 98,247,393,900 bytes read
  Partitioned compression: HG005_GRCh38_1_22_v4.2.1_benchmark: hdt-chunks started — 182 chunks · hdt-build-00182
  Partitioned compression: HG005_GRCh38_1_22_v4.2.1_benchmark: hdt-chunks complete — 183 chunks · hdt-build-00182
  Partitioned compression: HG005_GRCh38_1_22_v4.2.1_benchmark: rdf-scan heartbeat — 543,023,338 triples · 98,247,513,583 bytes read
  Partitioned compression: HG005_GRCh38_1_22_v4.2.1_benchmark: rdf-scan heartbeat — 543,387,892 triples · 98,314,622,499 bytes read
  Partitioned compression: HG005_GRCh38_1_22_v4.2.1_benchmark: rdf-scan heartbeat — 543,752,427 triples · 98,381,731,489 bytes read
  Partitioned compression: HG005_GRCh38_1_22_v4.2.1_benchmark: rdf-scan heartbeat — 544,117,018 triples · 98,448,840,465 bytes read
  Partitioned compression: HG005_GRCh38_1_22_v4.2.1_benchmark: rdf-scan heartbeat — 544,481,463 triples · 98,515,949,438 bytes read
  Partitioned compression: HG005_GRCh38_1_22_v4.2.1_benchmark: rdf-scan heartbeat — 544,846,131 triples · 98,583,058,456 bytes read
  Partitioned compression: HG005_GRCh38_1_22_v4.2.1_benchmark: rdf-scan heartbeat — 545,211,039 triples · 98,650,167,381 bytes read
  Partitioned compression: HG005_GRCh38_1_22_v4.2.1_benchmark: rdf-scan heartbeat — 545,575,611 triples · 98,717,276,259 bytes read
  Partitioned compression: HG005_GRCh38_1_22_v4.2.1_benchmark: rdf-scan chunk — 545,939,515 triples · 184 chunks · 98,784,264,815 bytes read
  Partitioned compression: HG005_GRCh38_1_22_v4.2.1_benchmark: hdt-chunks started — 183 chunks · hdt-build-00183
  Partitioned compression: HG005_GRCh38_1_22_v4.2.1_benchmark: hdt-chunks complete — 184 chunks · hdt-build-00183
  Partitioned compression: HG005_GRCh38_1_22_v4.2.1_benchmark: rdf-scan heartbeat — 545,940,168 triples · 98,784,385,214 bytes read
  Partitioned compression: HG005_GRCh38_1_22_v4.2.1_benchmark: rdf-scan heartbeat — 546,304,760 triples · 98,851,494,172 bytes read
  Partitioned compression: HG005_GRCh38_1_22_v4.2.1_benchmark: rdf-scan heartbeat — 546,669,339 triples · 98,918,603,054 bytes read
  Partitioned compression: HG005_GRCh38_1_22_v4.2.1_benchmark: rdf-scan heartbeat — 547,033,910 triples · 98,985,712,087 bytes read
  Partitioned compression: HG005_GRCh38_1_22_v4.2.1_benchmark: rdf-scan heartbeat — 547,398,545 triples · 99,052,820,991 bytes read
  Partitioned compression: HG005_GRCh38_1_22_v4.2.1_benchmark: rdf-scan heartbeat — 547,763,178 triples · 99,119,930,029 bytes read
  Partitioned compression: HG005_GRCh38_1_22_v4.2.1_benchmark: rdf-scan heartbeat — 548,127,823 triples · 99,187,038,921 bytes read
  Partitioned compression: HG005_GRCh38_1_22_v4.2.1_benchmark: rdf-scan heartbeat — 548,492,328 triples · 99,254,147,877 bytes read
  Partitioned compression: HG005_GRCh38_1_22_v4.2.1_benchmark: rdf-scan chunk — 548,856,213 triples · 185 chunks · 99,321,135,734 bytes read
  Partitioned compression: HG005_GRCh38_1_22_v4.2.1_benchmark: hdt-chunks started — 184 chunks · hdt-build-00184
  Partitioned compression: HG005_GRCh38_1_22_v4.2.1_benchmark: hdt-chunks complete — 185 chunks · hdt-build-00184
  Partitioned compression: HG005_GRCh38_1_22_v4.2.1_benchmark: rdf-scan heartbeat — 548,856,870 triples · 99,321,256,807 bytes read
  Partitioned compression: HG005_GRCh38_1_22_v4.2.1_benchmark: rdf-scan heartbeat — 549,221,722 triples · 99,388,365,770 bytes read
  Partitioned compression: HG005_GRCh38_1_22_v4.2.1_benchmark: rdf-scan heartbeat — 549,586,133 triples · 99,455,474,637 bytes read
  Partitioned compression: HG005_GRCh38_1_22_v4.2.1_benchmark: rdf-scan heartbeat — 549,950,741 triples · 99,522,583,676 bytes read
  Partitioned compression: HG005_GRCh38_1_22_v4.2.1_benchmark: rdf-scan heartbeat — 550,315,258 triples · 99,589,692,691 bytes read
  Partitioned compression: HG005_GRCh38_1_22_v4.2.1_benchmark: rdf-scan heartbeat — 550,679,876 triples · 99,656,801,690 bytes read
  Partitioned compression: HG005_GRCh38_1_22_v4.2.1_benchmark: rdf-scan heartbeat — 551,044,287 triples · 99,723,910,728 bytes read
  Partitioned compression: HG005_GRCh38_1_22_v4.2.1_benchmark: rdf-scan heartbeat — 551,408,908 triples · 99,791,019,692 bytes read
  Partitioned compression: HG005_GRCh38_1_22_v4.2.1_benchmark: rdf-scan chunk — 551,772,816 triples · 186 chunks · 99,858,006,646 bytes read
  Partitioned compression: HG005_GRCh38_1_22_v4.2.1_benchmark: hdt-chunks started — 185 chunks · hdt-build-00185
  Partitioned compression: HG005_GRCh38_1_22_v4.2.1_benchmark: hdt-chunks complete — 186 chunks · hdt-build-00185
  Partitioned compression: HG005_GRCh38_1_22_v4.2.1_benchmark: rdf-scan heartbeat — 551,773,476 triples · 99,858,128,659 bytes read
  Partitioned compression: HG005_GRCh38_1_22_v4.2.1_benchmark: rdf-scan heartbeat — 552,137,949 triples · 99,925,237,659 bytes read
  Partitioned compression: HG005_GRCh38_1_22_v4.2.1_benchmark: rdf-scan heartbeat — 552,503,345 triples · 99,992,346,671 bytes read
  Partitioned compression: HG005_GRCh38_1_22_v4.2.1_benchmark: rdf-scan heartbeat — 552,867,997 triples · 100,059,455,707 bytes read
  Partitioned compression: HG005_GRCh38_1_22_v4.2.1_benchmark: rdf-scan heartbeat — 553,232,631 triples · 100,126,564,617 bytes read
  Partitioned compression: HG005_GRCh38_1_22_v4.2.1_benchmark: rdf-scan heartbeat — 553,597,095 triples · 100,193,673,486 bytes read
  Partitioned compression: HG005_GRCh38_1_22_v4.2.1_benchmark: rdf-scan heartbeat — 553,961,780 triples · 100,260,782,533 bytes read
  Partitioned compression: HG005_GRCh38_1_22_v4.2.1_benchmark: rdf-scan heartbeat — 554,326,347 triples · 100,327,891,437 bytes read
  Partitioned compression: HG005_GRCh38_1_22_v4.2.1_benchmark: rdf-scan chunk — 554,690,288 triples · 187 chunks · 100,394,877,657 bytes read
  Partitioned compression: HG005_GRCh38_1_22_v4.2.1_benchmark: hdt-chunks started — 186 chunks · hdt-build-00186
  Partitioned compression: HG005_GRCh38_1_22_v4.2.1_benchmark: hdt-chunks complete — 187 chunks · hdt-build-00186
  Partitioned compression: HG005_GRCh38_1_22_v4.2.1_benchmark: rdf-scan heartbeat — 554,690,954 triples · 100,395,000,318 bytes read
  Partitioned compression: HG005_GRCh38_1_22_v4.2.1_benchmark: rdf-scan heartbeat — 555,055,329 triples · 100,462,109,232 bytes read
  Partitioned compression: HG005_GRCh38_1_22_v4.2.1_benchmark: rdf-scan heartbeat — 555,419,907 triples · 100,529,218,246 bytes read
  Partitioned compression: HG005_GRCh38_1_22_v4.2.1_benchmark: rdf-scan heartbeat — 555,784,395 triples · 100,596,327,216 bytes read
  Partitioned compression: HG005_GRCh38_1_22_v4.2.1_benchmark: rdf-scan heartbeat — 556,149,169 triples · 100,663,436,118 bytes read
  Partitioned compression: HG005_GRCh38_1_22_v4.2.1_benchmark: rdf-scan heartbeat — 556,514,136 triples · 100,730,544,992 bytes read
  Partitioned compression: HG005_GRCh38_1_22_v4.2.1_benchmark: rdf-scan heartbeat — 556,878,777 triples · 100,797,653,950 bytes read
  Partitioned compression: HG005_GRCh38_1_22_v4.2.1_benchmark: rdf-scan heartbeat — 557,243,408 triples · 100,864,762,891 bytes read
  Partitioned compression: HG005_GRCh38_1_22_v4.2.1_benchmark: rdf-scan chunk — 557,607,372 triples · 188 chunks · 100,931,748,711 bytes read
  Partitioned compression: HG005_GRCh38_1_22_v4.2.1_benchmark: hdt-chunks started — 187 chunks · hdt-build-00187
  Partitioned compression: HG005_GRCh38_1_22_v4.2.1_benchmark: hdt-chunks complete — 188 chunks · hdt-build-00187
  Partitioned compression: HG005_GRCh38_1_22_v4.2.1_benchmark: rdf-scan heartbeat — 557,608,041 triples · 100,931,871,798 bytes read
  Partitioned compression: HG005_GRCh38_1_22_v4.2.1_benchmark: rdf-scan heartbeat — 557,972,701 triples · 100,998,980,677 bytes read
  Partitioned compression: HG005_GRCh38_1_22_v4.2.1_benchmark: rdf-scan heartbeat — 558,337,494 triples · 101,066,089,712 bytes read
  Partitioned compression: HG005_GRCh38_1_22_v4.2.1_benchmark: rdf-scan heartbeat — 558,702,285 triples · 101,133,198,758 bytes read
  Partitioned compression: HG005_GRCh38_1_22_v4.2.1_benchmark: rdf-scan heartbeat — 559,066,948 triples · 101,200,307,673 bytes read
  Partitioned compression: HG005_GRCh38_1_22_v4.2.1_benchmark: rdf-scan heartbeat — 559,431,822 triples · 101,267,416,587 bytes read
  Partitioned compression: HG005_GRCh38_1_22_v4.2.1_benchmark: rdf-scan heartbeat — 559,796,323 triples · 101,334,525,458 bytes read
  Partitioned compression: HG005_GRCh38_1_22_v4.2.1_benchmark: rdf-scan heartbeat — 560,160,905 triples · 101,401,634,343 bytes read
  Partitioned compression: HG005_GRCh38_1_22_v4.2.1_benchmark: rdf-scan chunk — 560,524,970 triples · 189 chunks · 101,468,619,733 bytes read
  Partitioned compression: HG005_GRCh38_1_22_v4.2.1_benchmark: hdt-chunks started — 188 chunks · hdt-build-00188
  Partitioned compression: HG005_GRCh38_1_22_v4.2.1_benchmark: hdt-chunks complete — 189 chunks · hdt-build-00188
  Partitioned compression: HG005_GRCh38_1_22_v4.2.1_benchmark: rdf-scan heartbeat — 560,525,641 triples · 101,468,743,342 bytes read
  Partitioned compression: HG005_GRCh38_1_22_v4.2.1_benchmark: rdf-scan heartbeat — 560,890,178 triples · 101,535,852,384 bytes read
  Partitioned compression: HG005_GRCh38_1_22_v4.2.1_benchmark: rdf-scan heartbeat — 561,254,795 triples · 101,602,961,374 bytes read
  Partitioned compression: HG005_GRCh38_1_22_v4.2.1_benchmark: rdf-scan heartbeat — 561,619,345 triples · 101,670,070,484 bytes read
  Partitioned compression: HG005_GRCh38_1_22_v4.2.1_benchmark: rdf-scan heartbeat — 561,983,925 triples · 101,737,179,473 bytes read
  Partitioned compression: HG005_GRCh38_1_22_v4.2.1_benchmark: rdf-scan heartbeat — 562,348,687 triples · 101,804,288,453 bytes read
  Partitioned compression: HG005_GRCh38_1_22_v4.2.1_benchmark: rdf-scan heartbeat — 562,713,130 triples · 101,871,397,467 bytes read
  Partitioned compression: HG005_GRCh38_1_22_v4.2.1_benchmark: rdf-scan heartbeat — 563,077,603 triples · 101,938,506,497 bytes read
  Partitioned compression: HG005_GRCh38_1_22_v4.2.1_benchmark: rdf-scan chunk — 563,441,529 triples · 190 chunks · 102,005,490,737 bytes read
  Partitioned compression: HG005_GRCh38_1_22_v4.2.1_benchmark: hdt-chunks started — 189 chunks · hdt-build-00189
  Partitioned compression: HG005_GRCh38_1_22_v4.2.1_benchmark: hdt-chunks complete — 190 chunks · hdt-build-00189
  Partitioned compression: HG005_GRCh38_1_22_v4.2.1_benchmark: rdf-scan heartbeat — 563,442,206 triples · 102,005,615,506 bytes read
  Partitioned compression: HG005_GRCh38_1_22_v4.2.1_benchmark: rdf-scan heartbeat — 563,806,690 triples · 102,072,724,485 bytes read
  Partitioned compression: HG005_GRCh38_1_22_v4.2.1_benchmark: rdf-scan heartbeat — 564,171,159 triples · 102,139,833,443 bytes read
  Partitioned compression: HG005_GRCh38_1_22_v4.2.1_benchmark: rdf-scan heartbeat — 564,535,650 triples · 102,206,942,334 bytes read
  Partitioned compression: HG005_GRCh38_1_22_v4.2.1_benchmark: rdf-scan heartbeat — 564,900,142 triples · 102,274,051,383 bytes read
  Partitioned compression: HG005_GRCh38_1_22_v4.2.1_benchmark: rdf-scan heartbeat — 565,264,721 triples · 102,341,160,319 bytes read
  Partitioned compression: HG005_GRCh38_1_22_v4.2.1_benchmark: rdf-scan heartbeat — 565,629,320 triples · 102,408,269,267 bytes read
  Partitioned compression: HG005_GRCh38_1_22_v4.2.1_benchmark: rdf-scan heartbeat — 565,993,956 triples · 102,475,378,271 bytes read
  Partitioned compression: HG005_GRCh38_1_22_v4.2.1_benchmark: rdf-scan chunk — 566,358,156 triples · 191 chunks · 102,542,361,748 bytes read
  Partitioned compression: HG005_GRCh38_1_22_v4.2.1_benchmark: hdt-chunks started — 190 chunks · hdt-build-00190
  Partitioned compression: HG005_GRCh38_1_22_v4.2.1_benchmark: hdt-chunks complete — 191 chunks · hdt-build-00190
  Partitioned compression: HG005_GRCh38_1_22_v4.2.1_benchmark: rdf-scan heartbeat — 566,358,836 triples · 102,542,487,216 bytes read
  Partitioned compression: HG005_GRCh38_1_22_v4.2.1_benchmark: rdf-scan heartbeat — 566,723,282 triples · 102,609,596,291 bytes read
  Partitioned compression: HG005_GRCh38_1_22_v4.2.1_benchmark: rdf-scan heartbeat — 567,087,740 triples · 102,676,705,319 bytes read
  Partitioned compression: HG005_GRCh38_1_22_v4.2.1_benchmark: rdf-scan heartbeat — 567,452,204 triples · 102,743,814,346 bytes read
  Partitioned compression: HG005_GRCh38_1_22_v4.2.1_benchmark: rdf-scan heartbeat — 567,817,085 triples · 102,810,923,328 bytes read
  Partitioned compression: HG005_GRCh38_1_22_v4.2.1_benchmark: rdf-scan heartbeat — 568,181,966 triples · 102,878,032,353 bytes read
  Partitioned compression: HG005_GRCh38_1_22_v4.2.1_benchmark: rdf-scan heartbeat — 568,546,917 triples · 102,945,141,321 bytes read
  Partitioned compression: HG005_GRCh38_1_22_v4.2.1_benchmark: rdf-scan heartbeat — 568,911,621 triples · 103,012,250,209 bytes read
  Partitioned compression: HG005_GRCh38_1_22_v4.2.1_benchmark: rdf-scan chunk — 569,275,629 triples · 192 chunks · 103,079,232,754 bytes read
  Partitioned compression: HG005_GRCh38_1_22_v4.2.1_benchmark: hdt-chunks started — 191 chunks · hdt-build-00191
  Partitioned compression: HG005_GRCh38_1_22_v4.2.1_benchmark: hdt-chunks complete — 192 chunks · hdt-build-00191
  Partitioned compression: HG005_GRCh38_1_22_v4.2.1_benchmark: rdf-scan heartbeat — 569,276,316 triples · 103,079,359,141 bytes read
  Partitioned compression: HG005_GRCh38_1_22_v4.2.1_benchmark: rdf-scan heartbeat — 569,641,027 triples · 103,146,468,099 bytes read
  Partitioned compression: HG005_GRCh38_1_22_v4.2.1_benchmark: rdf-scan heartbeat — 570,005,479 triples · 103,213,577,143 bytes read
  Partitioned compression: HG005_GRCh38_1_22_v4.2.1_benchmark: rdf-scan heartbeat — 570,369,877 triples · 103,280,686,143 bytes read
  Partitioned compression: HG005_GRCh38_1_22_v4.2.1_benchmark: rdf-scan heartbeat — 570,734,204 triples · 103,347,795,072 bytes read
  Partitioned compression: HG005_GRCh38_1_22_v4.2.1_benchmark: rdf-scan heartbeat — 571,098,729 triples · 103,414,903,963 bytes read
  Partitioned compression: HG005_GRCh38_1_22_v4.2.1_benchmark: rdf-scan heartbeat — 571,463,286 triples · 103,482,012,931 bytes read
  Partitioned compression: HG005_GRCh38_1_22_v4.2.1_benchmark: rdf-scan heartbeat — 571,827,881 triples · 103,549,121,855 bytes read
  Partitioned compression: HG005_GRCh38_1_22_v4.2.1_benchmark: rdf-scan chunk — 572,191,652 triples · 193 chunks · 103,616,103,875 bytes read
  Partitioned compression: HG005_GRCh38_1_22_v4.2.1_benchmark: hdt-chunks started — 192 chunks · hdt-build-00192
  Partitioned compression: HG005_GRCh38_1_22_v4.2.1_benchmark: hdt-chunks complete — 193 chunks · hdt-build-00192
  Partitioned compression: HG005_GRCh38_1_22_v4.2.1_benchmark: rdf-scan heartbeat — 572,192,342 triples · 103,616,230,721 bytes read
  Partitioned compression: HG005_GRCh38_1_22_v4.2.1_benchmark: rdf-scan heartbeat — 572,556,770 triples · 103,683,339,666 bytes read
  Partitioned compression: HG005_GRCh38_1_22_v4.2.1_benchmark: rdf-scan heartbeat — 572,921,569 triples · 103,750,448,548 bytes read
  Partitioned compression: HG005_GRCh38_1_22_v4.2.1_benchmark: rdf-scan heartbeat — 573,285,987 triples · 103,817,557,530 bytes read
  Partitioned compression: HG005_GRCh38_1_22_v4.2.1_benchmark: rdf-scan heartbeat — 573,650,624 triples · 103,884,666,461 bytes read
  Partitioned compression: HG005_GRCh38_1_22_v4.2.1_benchmark: rdf-scan heartbeat — 574,015,200 triples · 103,951,775,382 bytes read
  Partitioned compression: HG005_GRCh38_1_22_v4.2.1_benchmark: rdf-scan heartbeat — 574,379,713 triples · 104,018,884,364 bytes read
  Partitioned compression: HG005_GRCh38_1_22_v4.2.1_benchmark: rdf-scan heartbeat — 574,744,264 triples · 104,085,993,281 bytes read
  Partitioned compression: HG005_GRCh38_1_22_v4.2.1_benchmark: rdf-scan chunk — 575,108,150 triples · 194 chunks · 104,152,974,815 bytes read
  Partitioned compression: HG005_GRCh38_1_22_v4.2.1_benchmark: hdt-chunks started — 193 chunks · hdt-build-00193
  Partitioned compression: HG005_GRCh38_1_22_v4.2.1_benchmark: hdt-chunks complete — 194 chunks · hdt-build-00193
  Partitioned compression: HG005_GRCh38_1_22_v4.2.1_benchmark: rdf-scan heartbeat — 575,108,844 triples · 104,153,102,246 bytes read
  Partitioned compression: HG005_GRCh38_1_22_v4.2.1_benchmark: rdf-scan heartbeat — 575,473,415 triples · 104,220,211,185 bytes read
  Partitioned compression: HG005_GRCh38_1_22_v4.2.1_benchmark: rdf-scan heartbeat — 575,837,892 triples · 104,287,320,079 bytes read
  Partitioned compression: HG005_GRCh38_1_22_v4.2.1_benchmark: rdf-scan heartbeat — 576,202,331 triples · 104,354,429,247 bytes read
  Partitioned compression: HG005_GRCh38_1_22_v4.2.1_benchmark: rdf-scan heartbeat — 576,566,761 triples · 104,421,538,240 bytes read
  Partitioned compression: HG005_GRCh38_1_22_v4.2.1_benchmark: rdf-scan heartbeat — 576,931,230 triples · 104,488,647,225 bytes read
  Partitioned compression: HG005_GRCh38_1_22_v4.2.1_benchmark: rdf-scan heartbeat — 577,295,739 triples · 104,555,756,168 bytes read
  Partitioned compression: HG005_GRCh38_1_22_v4.2.1_benchmark: rdf-scan heartbeat — 577,660,251 triples · 104,622,865,573 bytes read
  Partitioned compression: HG005_GRCh38_1_22_v4.2.1_benchmark: rdf-scan chunk — 578,024,195 triples · 195 chunks · 104,689,845,739 bytes read
  Partitioned compression: HG005_GRCh38_1_22_v4.2.1_benchmark: hdt-chunks started — 194 chunks · hdt-build-00194
  Partitioned compression: HG005_GRCh38_1_22_v4.2.1_benchmark: hdt-chunks complete — 195 chunks · hdt-build-00194
  Partitioned compression: HG005_GRCh38_1_22_v4.2.1_benchmark: rdf-scan heartbeat — 578,024,892 triples · 104,689,974,681 bytes read
  Partitioned compression: HG005_GRCh38_1_22_v4.2.1_benchmark: rdf-scan heartbeat — 578,389,443 triples · 104,757,083,732 bytes read
  Partitioned compression: HG005_GRCh38_1_22_v4.2.1_benchmark: rdf-scan heartbeat — 578,754,168 triples · 104,824,192,704 bytes read
  Partitioned compression: HG005_GRCh38_1_22_v4.2.1_benchmark: rdf-scan heartbeat — 579,118,647 triples · 104,891,301,626 bytes read
  Partitioned compression: HG005_GRCh38_1_22_v4.2.1_benchmark: rdf-scan heartbeat — 579,483,194 triples · 104,958,410,566 bytes read
  Partitioned compression: HG005_GRCh38_1_22_v4.2.1_benchmark: rdf-scan heartbeat — 579,847,716 triples · 105,025,519,522 bytes read
  Partitioned compression: HG005_GRCh38_1_22_v4.2.1_benchmark: rdf-scan heartbeat — 580,212,115 triples · 105,092,628,522 bytes read
  Partitioned compression: HG005_GRCh38_1_22_v4.2.1_benchmark: rdf-scan heartbeat — 580,576,591 triples · 105,159,737,519 bytes read
  Partitioned compression: HG005_GRCh38_1_22_v4.2.1_benchmark: rdf-scan chunk — 580,940,373 triples · 196 chunks · 105,226,716,713 bytes read
  Partitioned compression: HG005_GRCh38_1_22_v4.2.1_benchmark: hdt-chunks started — 195 chunks · hdt-build-00195
  Partitioned compression: HG005_GRCh38_1_22_v4.2.1_benchmark: hdt-chunks complete — 196 chunks · hdt-build-00195
  Partitioned compression: HG005_GRCh38_1_22_v4.2.1_benchmark: rdf-scan heartbeat — 580,941,079 triples · 105,226,846,473 bytes read
  Partitioned compression: HG005_GRCh38_1_22_v4.2.1_benchmark: rdf-scan heartbeat — 581,305,515 triples · 105,293,955,358 bytes read
  Partitioned compression: HG005_GRCh38_1_22_v4.2.1_benchmark: rdf-scan heartbeat — 581,670,394 triples · 105,361,064,226 bytes read
  Partitioned compression: HG005_GRCh38_1_22_v4.2.1_benchmark: rdf-scan heartbeat — 582,035,310 triples · 105,428,173,178 bytes read
  Partitioned compression: HG005_GRCh38_1_22_v4.2.1_benchmark: rdf-scan heartbeat — 582,400,275 triples · 105,495,282,094 bytes read
  Partitioned compression: HG005_GRCh38_1_22_v4.2.1_benchmark: rdf-scan heartbeat — 582,764,841 triples · 105,562,391,017 bytes read
  Partitioned compression: HG005_GRCh38_1_22_v4.2.1_benchmark: rdf-scan heartbeat — 583,129,472 triples · 105,629,499,936 bytes read
  Partitioned compression: HG005_GRCh38_1_22_v4.2.1_benchmark: rdf-scan heartbeat — 583,494,063 triples · 105,696,608,894 bytes read
  Partitioned compression: HG005_GRCh38_1_22_v4.2.1_benchmark: rdf-scan chunk — 583,858,003 triples · 197 chunks · 105,763,587,806 bytes read
  Partitioned compression: HG005_GRCh38_1_22_v4.2.1_benchmark: hdt-chunks started — 196 chunks · hdt-build-00196
  Partitioned compression: HG005_GRCh38_1_22_v4.2.1_benchmark: hdt-chunks complete — 197 chunks · hdt-build-00196
  Partitioned compression: HG005_GRCh38_1_22_v4.2.1_benchmark: rdf-scan heartbeat — 583,858,716 triples · 105,763,717,913 bytes read
  Partitioned compression: HG005_GRCh38_1_22_v4.2.1_benchmark: rdf-scan heartbeat — 584,223,332 triples · 105,830,826,779 bytes read
  Partitioned compression: HG005_GRCh38_1_22_v4.2.1_benchmark: rdf-scan heartbeat — 584,588,043 triples · 105,897,935,824 bytes read
  Partitioned compression: HG005_GRCh38_1_22_v4.2.1_benchmark: rdf-scan heartbeat — 584,952,576 triples · 105,965,044,780 bytes read
  Partitioned compression: HG005_GRCh38_1_22_v4.2.1_benchmark: rdf-scan heartbeat — 585,317,306 triples · 106,032,153,668 bytes read
  Partitioned compression: HG005_GRCh38_1_22_v4.2.1_benchmark: rdf-scan heartbeat — 585,681,999 triples · 106,099,262,612 bytes read
  Partitioned compression: HG005_GRCh38_1_22_v4.2.1_benchmark: rdf-scan heartbeat — 586,046,645 triples · 106,166,371,907 bytes read
  Partitioned compression: HG005_GRCh38_1_22_v4.2.1_benchmark: rdf-scan heartbeat — 586,411,149 triples · 106,233,480,773 bytes read
  Partitioned compression: HG005_GRCh38_1_22_v4.2.1_benchmark: rdf-scan chunk — 586,774,906 triples · 198 chunks · 106,300,458,774 bytes read
  Partitioned compression: HG005_GRCh38_1_22_v4.2.1_benchmark: hdt-chunks started — 197 chunks · hdt-build-00197
  Partitioned compression: HG005_GRCh38_1_22_v4.2.1_benchmark: hdt-chunks complete — 198 chunks · hdt-build-00197
  Partitioned compression: HG005_GRCh38_1_22_v4.2.1_benchmark: rdf-scan heartbeat — 586,775,616 triples · 106,300,589,666 bytes read
  Partitioned compression: HG005_GRCh38_1_22_v4.2.1_benchmark: rdf-scan heartbeat — 587,140,159 triples · 106,367,698,664 bytes read
  Partitioned compression: HG005_GRCh38_1_22_v4.2.1_benchmark: rdf-scan heartbeat — 587,504,666 triples · 106,434,807,553 bytes read
  Partitioned compression: HG005_GRCh38_1_22_v4.2.1_benchmark: rdf-scan heartbeat — 587,869,203 triples · 106,501,916,590 bytes read
  Partitioned compression: HG005_GRCh38_1_22_v4.2.1_benchmark: rdf-scan heartbeat — 588,233,783 triples · 106,569,025,619 bytes read
  Partitioned compression: HG005_GRCh38_1_22_v4.2.1_benchmark: rdf-scan heartbeat — 588,598,264 triples · 106,636,134,546 bytes read
  Partitioned compression: HG005_GRCh38_1_22_v4.2.1_benchmark: rdf-scan heartbeat — 588,962,946 triples · 106,703,243,463 bytes read
  Partitioned compression: HG005_GRCh38_1_22_v4.2.1_benchmark: rdf-scan heartbeat — 589,327,624 triples · 106,770,352,410 bytes read
  Partitioned compression: HG005_GRCh38_1_22_v4.2.1_benchmark: rdf-scan chunk — 589,691,374 triples · 199 chunks · 106,837,329,693 bytes read
  Partitioned compression: HG005_GRCh38_1_22_v4.2.1_benchmark: hdt-chunks started — 198 chunks · hdt-build-00198
  Partitioned compression: HG005_GRCh38_1_22_v4.2.1_benchmark: hdt-chunks complete — 199 chunks · hdt-build-00198
  Partitioned compression: HG005_GRCh38_1_22_v4.2.1_benchmark: rdf-scan heartbeat — 589,692,090 triples · 106,837,461,419 bytes read
  Partitioned compression: HG005_GRCh38_1_22_v4.2.1_benchmark: rdf-scan heartbeat — 590,056,640 triples · 106,904,570,365 bytes read
  Partitioned compression: HG005_GRCh38_1_22_v4.2.1_benchmark: rdf-scan heartbeat — 590,421,156 triples · 106,971,679,433 bytes read
  Partitioned compression: HG005_GRCh38_1_22_v4.2.1_benchmark: rdf-scan heartbeat — 590,785,792 triples · 107,038,788,458 bytes read
  Partitioned compression: HG005_GRCh38_1_22_v4.2.1_benchmark: rdf-scan heartbeat — 591,150,232 triples · 107,105,897,327 bytes read
  Partitioned compression: HG005_GRCh38_1_22_v4.2.1_benchmark: rdf-scan heartbeat — 591,514,806 triples · 107,173,006,244 bytes read
  Partitioned compression: HG005_GRCh38_1_22_v4.2.1_benchmark: rdf-scan heartbeat — 591,879,189 triples · 107,240,115,498 bytes read
  Partitioned compression: HG005_GRCh38_1_22_v4.2.1_benchmark: rdf-scan heartbeat — 592,243,575 triples · 107,307,224,975 bytes read
  Partitioned compression: HG005_GRCh38_1_22_v4.2.1_benchmark: rdf-scan chunk — 592,607,357 triples · 200 chunks · 107,374,200,613 bytes read
  Partitioned compression: HG005_GRCh38_1_22_v4.2.1_benchmark: hdt-chunks started — 199 chunks · hdt-build-00199
  Partitioned compression: HG005_GRCh38_1_22_v4.2.1_benchmark: hdt-chunks complete — 200 chunks · hdt-build-00199
  Partitioned compression: HG005_GRCh38_1_22_v4.2.1_benchmark: rdf-scan heartbeat — 592,608,083 triples · 107,374,333,994 bytes read
  Partitioned compression: HG005_GRCh38_1_22_v4.2.1_benchmark: rdf-scan heartbeat — 592,972,763 triples · 107,441,442,955 bytes read
  Partitioned compression: HG005_GRCh38_1_22_v4.2.1_benchmark: rdf-scan heartbeat — 593,337,765 triples · 107,508,551,980 bytes read
  Partitioned compression: HG005_GRCh38_1_22_v4.2.1_benchmark: rdf-scan heartbeat — 593,703,200 triples · 107,575,660,959 bytes read
  Partitioned compression: HG005_GRCh38_1_22_v4.2.1_benchmark: rdf-scan heartbeat — 594,067,765 triples · 107,642,769,882 bytes read
  Partitioned compression: HG005_GRCh38_1_22_v4.2.1_benchmark: rdf-scan heartbeat — 594,432,643 triples · 107,709,878,812 bytes read
  Partitioned compression: HG005_GRCh38_1_22_v4.2.1_benchmark: rdf-scan heartbeat — 594,797,324 triples · 107,776,987,805 bytes read
  Partitioned compression: HG005_GRCh38_1_22_v4.2.1_benchmark: rdf-scan heartbeat — 595,161,800 triples · 107,844,096,732 bytes read
  Partitioned compression: HG005_GRCh38_1_22_v4.2.1_benchmark: rdf-scan chunk — 595,525,554 triples · 201 chunks · 107,911,071,591 bytes read
  Partitioned compression: HG005_GRCh38_1_22_v4.2.1_benchmark: hdt-chunks started — 200 chunks · hdt-build-00200
  Partitioned compression: HG005_GRCh38_1_22_v4.2.1_benchmark: hdt-chunks complete — 201 chunks · hdt-build-00200
  Partitioned compression: HG005_GRCh38_1_22_v4.2.1_benchmark: rdf-scan heartbeat — 595,526,282 triples · 107,911,205,698 bytes read
  Partitioned compression: HG005_GRCh38_1_22_v4.2.1_benchmark: rdf-scan heartbeat — 595,891,200 triples · 107,978,314,706 bytes read
  Partitioned compression: HG005_GRCh38_1_22_v4.2.1_benchmark: rdf-scan heartbeat — 596,255,715 triples · 108,045,423,748 bytes read
  Partitioned compression: HG005_GRCh38_1_22_v4.2.1_benchmark: rdf-scan heartbeat — 596,620,310 triples · 108,112,532,617 bytes read
  Partitioned compression: HG005_GRCh38_1_22_v4.2.1_benchmark: rdf-scan heartbeat — 596,984,880 triples · 108,179,641,589 bytes read
  Partitioned compression: HG005_GRCh38_1_22_v4.2.1_benchmark: rdf-scan heartbeat — 597,349,376 triples · 108,246,750,528 bytes read
  Partitioned compression: HG005_GRCh38_1_22_v4.2.1_benchmark: rdf-scan heartbeat — 597,713,846 triples · 108,313,859,530 bytes read
  Partitioned compression: HG005_GRCh38_1_22_v4.2.1_benchmark: rdf-scan heartbeat — 598,078,240 triples · 108,380,968,800 bytes read
  Partitioned compression: HG005_GRCh38_1_22_v4.2.1_benchmark: rdf-scan chunk — 598,441,847 triples · 202 chunks · 108,447,942,526 bytes read
  Partitioned compression: HG005_GRCh38_1_22_v4.2.1_benchmark: hdt-chunks started — 201 chunks · hdt-build-00201
  Partitioned compression: HG005_GRCh38_1_22_v4.2.1_benchmark: hdt-chunks complete — 202 chunks · hdt-build-00201
  Partitioned compression: HG005_GRCh38_1_22_v4.2.1_benchmark: rdf-scan heartbeat — 598,442,582 triples · 108,448,077,668 bytes read
  Partitioned compression: HG005_GRCh38_1_22_v4.2.1_benchmark: rdf-scan heartbeat — 598,807,267 triples · 108,515,186,647 bytes read
  Partitioned compression: HG005_GRCh38_1_22_v4.2.1_benchmark: rdf-scan heartbeat — 599,171,696 triples · 108,582,295,642 bytes read
  Partitioned compression: HG005_GRCh38_1_22_v4.2.1_benchmark: rdf-scan heartbeat — 599,536,222 triples · 108,649,404,676 bytes read
  Partitioned compression: HG005_GRCh38_1_22_v4.2.1_benchmark: rdf-scan heartbeat — 599,900,924 triples · 108,716,513,706 bytes read
  Partitioned compression: HG005_GRCh38_1_22_v4.2.1_benchmark: rdf-scan heartbeat — 600,265,710 triples · 108,783,622,617 bytes read
  Partitioned compression: HG005_GRCh38_1_22_v4.2.1_benchmark: rdf-scan heartbeat — 600,630,325 triples · 108,850,731,578 bytes read
  Partitioned compression: HG005_GRCh38_1_22_v4.2.1_benchmark: rdf-scan heartbeat — 600,995,112 triples · 108,917,840,532 bytes read
  Partitioned compression: HG005_GRCh38_1_22_v4.2.1_benchmark: rdf-scan chunk — 601,358,916 triples · 203 chunks · 108,984,813,585 bytes read
  Partitioned compression: HG005_GRCh38_1_22_v4.2.1_benchmark: hdt-chunks started — 202 chunks · hdt-build-00202
  Partitioned compression: HG005_GRCh38_1_22_v4.2.1_benchmark: hdt-chunks complete — 203 chunks · hdt-build-00202
  Partitioned compression: HG005_GRCh38_1_22_v4.2.1_benchmark: rdf-scan heartbeat — 601,359,651 triples · 108,984,949,478 bytes read
  Partitioned compression: HG005_GRCh38_1_22_v4.2.1_benchmark: rdf-scan heartbeat — 601,724,309 triples · 109,052,058,405 bytes read
  Partitioned compression: HG005_GRCh38_1_22_v4.2.1_benchmark: rdf-scan heartbeat — 602,088,707 triples · 109,119,167,376 bytes read
  Partitioned compression: HG005_GRCh38_1_22_v4.2.1_benchmark: rdf-scan heartbeat — 602,453,238 triples · 109,186,276,399 bytes read
  Partitioned compression: HG005_GRCh38_1_22_v4.2.1_benchmark: rdf-scan heartbeat — 602,817,832 triples · 109,253,385,757 bytes read
  Partitioned compression: HG005_GRCh38_1_22_v4.2.1_benchmark: rdf-scan heartbeat — 603,182,446 triples · 109,320,494,753 bytes read
  Partitioned compression: HG005_GRCh38_1_22_v4.2.1_benchmark: rdf-scan heartbeat — 603,547,258 triples · 109,387,603,640 bytes read
  Partitioned compression: HG005_GRCh38_1_22_v4.2.1_benchmark: rdf-scan heartbeat — 603,912,095 triples · 109,454,712,610 bytes read
  Partitioned compression: HG005_GRCh38_1_22_v4.2.1_benchmark: rdf-scan chunk — 604,275,961 triples · 204 chunks · 109,521,684,501 bytes read
  Partitioned compression: HG005_GRCh38_1_22_v4.2.1_benchmark: hdt-chunks started — 203 chunks · hdt-build-00203
  Partitioned compression: HG005_GRCh38_1_22_v4.2.1_benchmark: hdt-chunks complete — 204 chunks · hdt-build-00203
  Partitioned compression: HG005_GRCh38_1_22_v4.2.1_benchmark: rdf-scan heartbeat — 604,276,705 triples · 109,521,821,658 bytes read
  Partitioned compression: HG005_GRCh38_1_22_v4.2.1_benchmark: rdf-scan heartbeat — 604,641,050 triples · 109,588,930,571 bytes read
  Partitioned compression: HG005_GRCh38_1_22_v4.2.1_benchmark: rdf-scan heartbeat — 605,005,496 triples · 109,656,039,535 bytes read
  Partitioned compression: HG005_GRCh38_1_22_v4.2.1_benchmark: rdf-scan heartbeat — 605,370,059 triples · 109,723,148,404 bytes read
  Partitioned compression: HG005_GRCh38_1_22_v4.2.1_benchmark: rdf-scan heartbeat — 605,734,646 triples · 109,790,257,293 bytes read
  Partitioned compression: HG005_GRCh38_1_22_v4.2.1_benchmark: rdf-scan heartbeat — 606,099,199 triples · 109,857,366,273 bytes read
  Partitioned compression: HG005_GRCh38_1_22_v4.2.1_benchmark: rdf-scan heartbeat — 606,464,221 triples · 109,924,475,298 bytes read
  Partitioned compression: HG005_GRCh38_1_22_v4.2.1_benchmark: rdf-scan heartbeat — 606,829,204 triples · 109,991,584,338 bytes read
  Partitioned compression: HG005_GRCh38_1_22_v4.2.1_benchmark: rdf-scan chunk — 607,193,117 triples · 205 chunks · 110,058,555,486 bytes read
  Partitioned compression: HG005_GRCh38_1_22_v4.2.1_benchmark: hdt-chunks started — 204 chunks · hdt-build-00204
  Partitioned compression: HG005_GRCh38_1_22_v4.2.1_benchmark: hdt-chunks complete — 205 chunks · hdt-build-00204
  Partitioned compression: HG005_GRCh38_1_22_v4.2.1_benchmark: rdf-scan heartbeat — 607,193,864 triples · 110,058,693,307 bytes read
  Partitioned compression: HG005_GRCh38_1_22_v4.2.1_benchmark: rdf-scan heartbeat — 607,558,361 triples · 110,125,802,251 bytes read
  Partitioned compression: HG005_GRCh38_1_22_v4.2.1_benchmark: rdf-scan heartbeat — 607,923,735 triples · 110,192,911,239 bytes read
  Partitioned compression: HG005_GRCh38_1_22_v4.2.1_benchmark: rdf-scan heartbeat — 608,288,354 triples · 110,260,020,217 bytes read
  Partitioned compression: HG005_GRCh38_1_22_v4.2.1_benchmark: rdf-scan heartbeat — 608,652,896 triples · 110,327,129,161 bytes read
  Partitioned compression: HG005_GRCh38_1_22_v4.2.1_benchmark: rdf-scan heartbeat — 609,017,442 triples · 110,394,238,026 bytes read
  Partitioned compression: HG005_GRCh38_1_22_v4.2.1_benchmark: rdf-scan heartbeat — 609,382,104 triples · 110,461,347,042 bytes read
  Partitioned compression: HG005_GRCh38_1_22_v4.2.1_benchmark: rdf-scan heartbeat — 609,746,821 triples · 110,528,456,052 bytes read
  Partitioned compression: HG005_GRCh38_1_22_v4.2.1_benchmark: rdf-scan chunk — 610,110,739 triples · 206 chunks · 110,595,426,471 bytes read
  Partitioned compression: HG005_GRCh38_1_22_v4.2.1_benchmark: hdt-chunks started — 205 chunks · hdt-build-00205
  Partitioned compression: HG005_GRCh38_1_22_v4.2.1_benchmark: hdt-chunks complete — 206 chunks · hdt-build-00205
  Partitioned compression: HG005_GRCh38_1_22_v4.2.1_benchmark: rdf-scan heartbeat — 610,111,490 triples · 110,595,564,957 bytes read
  Partitioned compression: HG005_GRCh38_1_22_v4.2.1_benchmark: rdf-scan heartbeat — 610,476,142 triples · 110,662,673,875 bytes read
  Partitioned compression: HG005_GRCh38_1_22_v4.2.1_benchmark: rdf-scan heartbeat — 610,840,917 triples · 110,729,782,802 bytes read
  Partitioned compression: HG005_GRCh38_1_22_v4.2.1_benchmark: rdf-scan heartbeat — 611,205,488 triples · 110,796,891,682 bytes read
  Partitioned compression: HG005_GRCh38_1_22_v4.2.1_benchmark: rdf-scan heartbeat — 611,569,872 triples · 110,864,000,718 bytes read
  Partitioned compression: HG005_GRCh38_1_22_v4.2.1_benchmark: rdf-scan heartbeat — 611,934,244 triples · 110,931,109,681 bytes read
  Partitioned compression: HG005_GRCh38_1_22_v4.2.1_benchmark: rdf-scan heartbeat — 612,298,541 triples · 110,998,218,691 bytes read
  Partitioned compression: HG005_GRCh38_1_22_v4.2.1_benchmark: rdf-scan heartbeat — 612,662,746 triples · 111,065,327,671 bytes read
  Partitioned compression: HG005_GRCh38_1_22_v4.2.1_benchmark: rdf-scan chunk — 613,026,329 triples · 207 chunks · 111,132,297,546 bytes read
  Partitioned compression: HG005_GRCh38_1_22_v4.2.1_benchmark: hdt-chunks started — 206 chunks · hdt-build-00206
  Partitioned compression: HG005_GRCh38_1_22_v4.2.1_benchmark: hdt-chunks complete — 207 chunks · hdt-build-00206
  Partitioned compression: HG005_GRCh38_1_22_v4.2.1_benchmark: rdf-scan heartbeat — 613,027,082 triples · 111,132,436,617 bytes read
  Partitioned compression: HG005_GRCh38_1_22_v4.2.1_benchmark: rdf-scan heartbeat — 613,391,673 triples · 111,199,545,509 bytes read
  Partitioned compression: HG005_GRCh38_1_22_v4.2.1_benchmark: rdf-scan heartbeat — 613,756,752 triples · 111,266,654,522 bytes read
  Partitioned compression: HG005_GRCh38_1_22_v4.2.1_benchmark: rdf-scan heartbeat — 614,121,760 triples · 111,333,763,536 bytes read
  Partitioned compression: HG005_GRCh38_1_22_v4.2.1_benchmark: rdf-scan heartbeat — 614,486,800 triples · 111,400,872,488 bytes read
  Partitioned compression: HG005_GRCh38_1_22_v4.2.1_benchmark: rdf-scan heartbeat — 614,851,589 triples · 111,467,981,520 bytes read
  Partitioned compression: HG005_GRCh38_1_22_v4.2.1_benchmark: rdf-scan heartbeat — 615,216,263 triples · 111,535,090,432 bytes read
  Partitioned compression: HG005_GRCh38_1_22_v4.2.1_benchmark: rdf-scan heartbeat — 615,580,794 triples · 111,602,199,387 bytes read
  Partitioned compression: HG005_GRCh38_1_22_v4.2.1_benchmark: rdf-scan chunk — 615,944,569 triples · 208 chunks · 111,669,168,553 bytes read
  Partitioned compression: HG005_GRCh38_1_22_v4.2.1_benchmark: hdt-chunks started — 207 chunks · hdt-build-00207
  Partitioned compression: HG005_GRCh38_1_22_v4.2.1_benchmark: hdt-chunks complete — 208 chunks · hdt-build-00207
  Partitioned compression: HG005_GRCh38_1_22_v4.2.1_benchmark: rdf-scan heartbeat — 615,945,329 triples · 111,669,308,298 bytes read
  Partitioned compression: HG005_GRCh38_1_22_v4.2.1_benchmark: rdf-scan heartbeat — 616,309,839 triples · 111,736,417,232 bytes read
  Partitioned compression: HG005_GRCh38_1_22_v4.2.1_benchmark: rdf-scan heartbeat — 616,674,878 triples · 111,803,526,266 bytes read
  Partitioned compression: HG005_GRCh38_1_22_v4.2.1_benchmark: rdf-scan heartbeat — 617,039,778 triples · 111,870,635,221 bytes read
  Partitioned compression: HG005_GRCh38_1_22_v4.2.1_benchmark: rdf-scan heartbeat — 617,404,646 triples · 111,937,744,160 bytes read
  Partitioned compression: HG005_GRCh38_1_22_v4.2.1_benchmark: rdf-scan heartbeat — 617,769,165 triples · 112,004,853,193 bytes read
  Partitioned compression: HG005_GRCh38_1_22_v4.2.1_benchmark: rdf-scan heartbeat — 618,134,457 triples · 112,071,962,203 bytes read
  Partitioned compression: HG005_GRCh38_1_22_v4.2.1_benchmark: rdf-scan heartbeat — 618,499,295 triples · 112,139,071,145 bytes read
  Partitioned compression: HG005_GRCh38_1_22_v4.2.1_benchmark: rdf-scan chunk — 618,863,502 triples · 209 chunks · 112,206,039,567 bytes read
  Partitioned compression: HG005_GRCh38_1_22_v4.2.1_benchmark: hdt-chunks started — 208 chunks · hdt-build-00208
  Partitioned compression: HG005_GRCh38_1_22_v4.2.1_benchmark: hdt-chunks complete — 209 chunks · hdt-build-00208
  Partitioned compression: HG005_GRCh38_1_22_v4.2.1_benchmark: rdf-scan heartbeat — 618,864,267 triples · 112,206,180,085 bytes read
  Partitioned compression: HG005_GRCh38_1_22_v4.2.1_benchmark: rdf-scan heartbeat — 619,229,039 triples · 112,273,289,014 bytes read
  Partitioned compression: HG005_GRCh38_1_22_v4.2.1_benchmark: rdf-scan heartbeat — 619,593,538 triples · 112,340,397,997 bytes read
  Partitioned compression: HG005_GRCh38_1_22_v4.2.1_benchmark: rdf-scan heartbeat — 619,958,075 triples · 112,407,507,041 bytes read
  Partitioned compression: HG005_GRCh38_1_22_v4.2.1_benchmark: rdf-scan heartbeat — 620,323,042 triples · 112,474,615,950 bytes read
  Partitioned compression: HG005_GRCh38_1_22_v4.2.1_benchmark: rdf-scan heartbeat — 620,687,736 triples · 112,541,724,968 bytes read
  Partitioned compression: HG005_GRCh38_1_22_v4.2.1_benchmark: rdf-scan heartbeat — 621,052,643 triples · 112,608,833,998 bytes read
  Partitioned compression: HG005_GRCh38_1_22_v4.2.1_benchmark: rdf-scan heartbeat — 621,417,248 triples · 112,675,942,880 bytes read
  Partitioned compression: HG005_GRCh38_1_22_v4.2.1_benchmark: rdf-scan chunk — 621,781,129 triples · 210 chunks · 112,742,910,479 bytes read
  Partitioned compression: HG005_GRCh38_1_22_v4.2.1_benchmark: hdt-chunks started — 209 chunks · hdt-build-00209
  Partitioned compression: HG005_GRCh38_1_22_v4.2.1_benchmark: hdt-chunks complete — 210 chunks · hdt-build-00209
  Partitioned compression: HG005_GRCh38_1_22_v4.2.1_benchmark: rdf-scan heartbeat — 621,781,898 triples · 112,743,051,785 bytes read
  Partitioned compression: HG005_GRCh38_1_22_v4.2.1_benchmark: rdf-scan heartbeat — 622,146,742 triples · 112,810,160,812 bytes read
  Partitioned compression: HG005_GRCh38_1_22_v4.2.1_benchmark: rdf-scan heartbeat — 622,511,614 triples · 112,877,269,707 bytes read
  Partitioned compression: HG005_GRCh38_1_22_v4.2.1_benchmark: rdf-scan heartbeat — 622,876,505 triples · 112,944,378,660 bytes read
  Partitioned compression: HG005_GRCh38_1_22_v4.2.1_benchmark: rdf-scan heartbeat — 623,241,295 triples · 113,011,487,568 bytes read
  Partitioned compression: HG005_GRCh38_1_22_v4.2.1_benchmark: rdf-scan heartbeat — 623,605,738 triples · 113,078,596,991 bytes read
  Partitioned compression: HG005_GRCh38_1_22_v4.2.1_benchmark: rdf-scan heartbeat — 623,970,133 triples · 113,145,705,896 bytes read
  Partitioned compression: HG005_GRCh38_1_22_v4.2.1_benchmark: rdf-scan heartbeat — 624,334,605 triples · 113,212,814,860 bytes read
  Partitioned compression: HG005_GRCh38_1_22_v4.2.1_benchmark: rdf-scan chunk — 624,698,381 triples · 211 chunks · 113,279,781,578 bytes read
  Partitioned compression: HG005_GRCh38_1_22_v4.2.1_benchmark: hdt-chunks started — 210 chunks · hdt-build-00210
  Partitioned compression: HG005_GRCh38_1_22_v4.2.1_benchmark: hdt-chunks complete — 211 chunks · hdt-build-00210
  Partitioned compression: HG005_GRCh38_1_22_v4.2.1_benchmark: rdf-scan heartbeat — 624,699,153 triples · 113,279,923,851 bytes read
  Partitioned compression: HG005_GRCh38_1_22_v4.2.1_benchmark: rdf-scan heartbeat — 625,063,674 triples · 113,347,032,903 bytes read
  Partitioned compression: HG005_GRCh38_1_22_v4.2.1_benchmark: rdf-scan heartbeat — 625,428,221 triples · 113,414,141,798 bytes read
  Partitioned compression: HG005_GRCh38_1_22_v4.2.1_benchmark: rdf-scan heartbeat — 625,792,728 triples · 113,481,250,738 bytes read
  Partitioned compression: HG005_GRCh38_1_22_v4.2.1_benchmark: rdf-scan heartbeat — 626,157,249 triples · 113,548,359,670 bytes read
  Partitioned compression: HG005_GRCh38_1_22_v4.2.1_benchmark: rdf-scan heartbeat — 626,521,658 triples · 113,615,468,698 bytes read
  Partitioned compression: HG005_GRCh38_1_22_v4.2.1_benchmark: rdf-scan heartbeat — 626,886,181 triples · 113,682,577,622 bytes read
  Partitioned compression: HG005_GRCh38_1_22_v4.2.1_benchmark: rdf-scan heartbeat — 627,250,717 triples · 113,749,686,561 bytes read
  Partitioned compression: HG005_GRCh38_1_22_v4.2.1_benchmark: rdf-scan chunk — 627,614,426 triples · 212 chunks · 113,816,652,648 bytes read
  Partitioned compression: HG005_GRCh38_1_22_v4.2.1_benchmark: hdt-chunks started — 211 chunks · hdt-build-00211
  Partitioned compression: HG005_GRCh38_1_22_v4.2.1_benchmark: hdt-chunks complete — 212 chunks · hdt-build-00211
  Partitioned compression: HG005_GRCh38_1_22_v4.2.1_benchmark: rdf-scan heartbeat — 627,615,200 triples · 113,816,795,426 bytes read
  Partitioned compression: HG005_GRCh38_1_22_v4.2.1_benchmark: rdf-scan heartbeat — 627,979,729 triples · 113,883,904,462 bytes read
  Partitioned compression: HG005_GRCh38_1_22_v4.2.1_benchmark: rdf-scan heartbeat — 628,344,265 triples · 113,951,013,345 bytes read
  Partitioned compression: HG005_GRCh38_1_22_v4.2.1_benchmark: rdf-scan heartbeat — 628,708,806 triples · 114,018,122,368 bytes read
  Partitioned compression: HG005_GRCh38_1_22_v4.2.1_benchmark: rdf-scan heartbeat — 629,073,267 triples · 114,085,231,381 bytes read
  Partitioned compression: HG005_GRCh38_1_22_v4.2.1_benchmark: rdf-scan heartbeat — 629,437,755 triples · 114,152,340,261 bytes read
  Partitioned compression: HG005_GRCh38_1_22_v4.2.1_benchmark: rdf-scan heartbeat — 629,802,233 triples · 114,219,449,192 bytes read
  Partitioned compression: HG005_GRCh38_1_22_v4.2.1_benchmark: rdf-scan heartbeat — 630,166,747 triples · 114,286,558,170 bytes read
  Partitioned compression: HG005_GRCh38_1_22_v4.2.1_benchmark: rdf-scan chunk — 630,530,391 triples · 213 chunks · 114,353,523,648 bytes read
  Partitioned compression: HG005_GRCh38_1_22_v4.2.1_benchmark: hdt-chunks started — 212 chunks · hdt-build-00212
  Partitioned compression: HG005_GRCh38_1_22_v4.2.1_benchmark: hdt-chunks complete — 213 chunks · hdt-build-00212
  Partitioned compression: HG005_GRCh38_1_22_v4.2.1_benchmark: rdf-scan heartbeat — 630,531,169 triples · 114,353,667,181 bytes read
  Partitioned compression: HG005_GRCh38_1_22_v4.2.1_benchmark: rdf-scan heartbeat — 630,895,651 triples · 114,420,776,161 bytes read
  Partitioned compression: HG005_GRCh38_1_22_v4.2.1_benchmark: rdf-scan heartbeat — 631,260,083 triples · 114,487,885,151 bytes read
  Partitioned compression: HG005_GRCh38_1_22_v4.2.1_benchmark: rdf-scan heartbeat — 631,624,534 triples · 114,554,994,183 bytes read
  Partitioned compression: HG005_GRCh38_1_22_v4.2.1_benchmark: rdf-scan heartbeat — 631,989,051 triples · 114,622,103,159 bytes read
  Partitioned compression: HG005_GRCh38_1_22_v4.2.1_benchmark: rdf-scan heartbeat — 632,353,432 triples · 114,689,212,110 bytes read
  Partitioned compression: HG005_GRCh38_1_22_v4.2.1_benchmark: rdf-scan heartbeat — 632,717,763 triples · 114,756,321,118 bytes read
  Partitioned compression: HG005_GRCh38_1_22_v4.2.1_benchmark: rdf-scan heartbeat — 633,082,258 triples · 114,823,430,056 bytes read
  Partitioned compression: HG005_GRCh38_1_22_v4.2.1_benchmark: rdf-scan chunk — 633,446,395 triples · 214 chunks · 114,890,394,716 bytes read
  Partitioned compression: HG005_GRCh38_1_22_v4.2.1_benchmark: hdt-chunks started — 213 chunks · hdt-build-00213
  Partitioned compression: HG005_GRCh38_1_22_v4.2.1_benchmark: hdt-chunks complete — 214 chunks · hdt-build-00213
  Partitioned compression: HG005_GRCh38_1_22_v4.2.1_benchmark: rdf-scan heartbeat — 633,447,179 triples · 114,890,538,962 bytes read
  Partitioned compression: HG005_GRCh38_1_22_v4.2.1_benchmark: rdf-scan heartbeat — 633,812,307 triples · 114,957,647,906 bytes read
  Partitioned compression: HG005_GRCh38_1_22_v4.2.1_benchmark: rdf-scan heartbeat — 634,177,419 triples · 115,024,756,893 bytes read
  Partitioned compression: HG005_GRCh38_1_22_v4.2.1_benchmark: rdf-scan heartbeat — 634,542,404 triples · 115,091,865,894 bytes read
  Partitioned compression: HG005_GRCh38_1_22_v4.2.1_benchmark: rdf-scan heartbeat — 634,907,481 triples · 115,158,974,840 bytes read
  Partitioned compression: HG005_GRCh38_1_22_v4.2.1_benchmark: rdf-scan heartbeat — 635,272,527 triples · 115,226,083,861 bytes read
  Partitioned compression: HG005_GRCh38_1_22_v4.2.1_benchmark: rdf-scan heartbeat — 635,637,522 triples · 115,293,192,848 bytes read
  Partitioned compression: HG005_GRCh38_1_22_v4.2.1_benchmark: rdf-scan heartbeat — 636,003,006 triples · 115,360,301,783 bytes read
  Partitioned compression: HG005_GRCh38_1_22_v4.2.1_benchmark: rdf-scan chunk — 636,367,561 triples · 215 chunks · 115,427,265,680 bytes read
  Partitioned compression: HG005_GRCh38_1_22_v4.2.1_benchmark: hdt-chunks started — 214 chunks · hdt-build-00214
  Partitioned compression: HG005_GRCh38_1_22_v4.2.1_benchmark: hdt-chunks complete — 215 chunks · hdt-build-00214
  Partitioned compression: HG005_GRCh38_1_22_v4.2.1_benchmark: rdf-scan heartbeat — 636,368,351 triples · 115,427,410,788 bytes read
  Partitioned compression: HG005_GRCh38_1_22_v4.2.1_benchmark: rdf-scan heartbeat — 636,733,728 triples · 115,494,519,752 bytes read
  Partitioned compression: HG005_GRCh38_1_22_v4.2.1_benchmark: rdf-scan heartbeat — 637,098,428 triples · 115,561,628,642 bytes read
  Partitioned compression: HG005_GRCh38_1_22_v4.2.1_benchmark: rdf-scan heartbeat — 637,463,187 triples · 115,628,737,640 bytes read
  Partitioned compression: HG005_GRCh38_1_22_v4.2.1_benchmark: rdf-scan heartbeat — 637,828,143 triples · 115,695,846,643 bytes read
  Partitioned compression: HG005_GRCh38_1_22_v4.2.1_benchmark: rdf-scan heartbeat — 638,193,081 triples · 115,762,955,690 bytes read
  Partitioned compression: HG005_GRCh38_1_22_v4.2.1_benchmark: rdf-scan heartbeat — 638,558,275 triples · 115,830,064,556 bytes read
  Partitioned compression: HG005_GRCh38_1_22_v4.2.1_benchmark: rdf-scan heartbeat — 638,923,344 triples · 115,897,173,465 bytes read
  Partitioned compression: HG005_GRCh38_1_22_v4.2.1_benchmark: rdf-scan chunk — 639,287,621 triples · 216 chunks · 115,964,136,739 bytes read
  Partitioned compression: HG005_GRCh38_1_22_v4.2.1_benchmark: hdt-chunks started — 215 chunks · hdt-build-00215
  Partitioned compression: HG005_GRCh38_1_22_v4.2.1_benchmark: hdt-chunks complete — 216 chunks · hdt-build-00215
  Partitioned compression: HG005_GRCh38_1_22_v4.2.1_benchmark: rdf-scan heartbeat — 639,288,412 triples · 115,964,282,382 bytes read
  Partitioned compression: HG005_GRCh38_1_22_v4.2.1_benchmark: rdf-scan heartbeat — 639,653,383 triples · 116,031,391,408 bytes read
  Partitioned compression: HG005_GRCh38_1_22_v4.2.1_benchmark: rdf-scan heartbeat — 640,018,359 triples · 116,098,500,352 bytes read
  Partitioned compression: HG005_GRCh38_1_22_v4.2.1_benchmark: rdf-scan heartbeat — 640,383,818 triples · 116,165,609,390 bytes read
  Partitioned compression: HG005_GRCh38_1_22_v4.2.1_benchmark: rdf-scan heartbeat — 640,748,780 triples · 116,232,718,408 bytes read
  Partitioned compression: HG005_GRCh38_1_22_v4.2.1_benchmark: rdf-scan heartbeat — 641,113,630 triples · 116,299,827,340 bytes read
  Partitioned compression: HG005_GRCh38_1_22_v4.2.1_benchmark: rdf-scan heartbeat — 641,478,178 triples · 116,366,936,382 bytes read
  Partitioned compression: HG005_GRCh38_1_22_v4.2.1_benchmark: rdf-scan heartbeat — 641,842,786 triples · 116,434,045,390 bytes read
  Partitioned compression: HG005_GRCh38_1_22_v4.2.1_benchmark: rdf-scan chunk — 642,206,490 triples · 217 chunks · 116,501,007,769 bytes read
  Partitioned compression: HG005_GRCh38_1_22_v4.2.1_benchmark: hdt-chunks started — 216 chunks · hdt-build-00216
  Partitioned compression: HG005_GRCh38_1_22_v4.2.1_benchmark: hdt-chunks complete — 217 chunks · hdt-build-00216
  Partitioned compression: HG005_GRCh38_1_22_v4.2.1_benchmark: rdf-scan heartbeat — 642,207,287 triples · 116,501,154,378 bytes read
  Partitioned compression: HG005_GRCh38_1_22_v4.2.1_benchmark: rdf-scan heartbeat — 642,571,590 triples · 116,568,263,302 bytes read
  Partitioned compression: HG005_GRCh38_1_22_v4.2.1_benchmark: rdf-scan heartbeat — 642,936,259 triples · 116,635,372,302 bytes read
  Partitioned compression: HG005_GRCh38_1_22_v4.2.1_benchmark: rdf-scan heartbeat — 643,300,622 triples · 116,702,481,212 bytes read
  Partitioned compression: HG005_GRCh38_1_22_v4.2.1_benchmark: rdf-scan heartbeat — 643,665,175 triples · 116,769,590,147 bytes read
  Partitioned compression: HG005_GRCh38_1_22_v4.2.1_benchmark: rdf-scan heartbeat — 644,029,757 triples · 116,836,699,050 bytes read
  Partitioned compression: HG005_GRCh38_1_22_v4.2.1_benchmark: rdf-scan heartbeat — 644,394,520 triples · 116,903,807,939 bytes read
  Partitioned compression: HG005_GRCh38_1_22_v4.2.1_benchmark: rdf-scan heartbeat — 644,759,430 triples · 116,970,916,872 bytes read
  Partitioned compression: HG005_GRCh38_1_22_v4.2.1_benchmark: rdf-scan chunk — 645,123,260 triples · 218 chunks · 117,037,878,799 bytes read
  Partitioned compression: HG005_GRCh38_1_22_v4.2.1_benchmark: hdt-chunks started — 217 chunks · hdt-build-00217
  Partitioned compression: HG005_GRCh38_1_22_v4.2.1_benchmark: hdt-chunks complete — 218 chunks · hdt-build-00217
  Partitioned compression: HG005_GRCh38_1_22_v4.2.1_benchmark: rdf-scan heartbeat — 645,124,056 triples · 117,038,025,874 bytes read
  Partitioned compression: HG005_GRCh38_1_22_v4.2.1_benchmark: rdf-scan heartbeat — 645,488,555 triples · 117,105,134,808 bytes read
  Partitioned compression: HG005_GRCh38_1_22_v4.2.1_benchmark: rdf-scan heartbeat — 645,853,201 triples · 117,172,243,822 bytes read
  Partitioned compression: HG005_GRCh38_1_22_v4.2.1_benchmark: rdf-scan heartbeat — 646,217,767 triples · 117,239,352,711 bytes read
  Partitioned compression: HG005_GRCh38_1_22_v4.2.1_benchmark: rdf-scan heartbeat — 646,582,470 triples · 117,306,461,671 bytes read
  Partitioned compression: HG005_GRCh38_1_22_v4.2.1_benchmark: rdf-scan heartbeat — 646,947,046 triples · 117,373,570,554 bytes read
  Partitioned compression: HG005_GRCh38_1_22_v4.2.1_benchmark: rdf-scan heartbeat — 647,311,574 triples · 117,440,679,490 bytes read
  Partitioned compression: HG005_GRCh38_1_22_v4.2.1_benchmark: rdf-scan heartbeat — 647,676,085 triples · 117,507,788,508 bytes read
  Partitioned compression: HG005_GRCh38_1_22_v4.2.1_benchmark: rdf-scan chunk — 648,039,878 triples · 219 chunks · 117,574,749,816 bytes read
  Partitioned compression: HG005_GRCh38_1_22_v4.2.1_benchmark: hdt-chunks started — 218 chunks · hdt-build-00218
  Partitioned compression: HG005_GRCh38_1_22_v4.2.1_benchmark: hdt-chunks complete — 219 chunks · hdt-build-00218
  Partitioned compression: HG005_GRCh38_1_22_v4.2.1_benchmark: rdf-scan heartbeat — 648,040,680 triples · 117,574,897,543 bytes read
  Partitioned compression: HG005_GRCh38_1_22_v4.2.1_benchmark: rdf-scan heartbeat — 648,405,497 triples · 117,642,006,471 bytes read
  Partitioned compression: HG005_GRCh38_1_22_v4.2.1_benchmark: rdf-scan heartbeat — 648,770,247 triples · 117,709,115,421 bytes read
  Partitioned compression: HG005_GRCh38_1_22_v4.2.1_benchmark: rdf-scan heartbeat — 649,135,025 triples · 117,776,224,304 bytes read
  Partitioned compression: HG005_GRCh38_1_22_v4.2.1_benchmark: rdf-scan heartbeat — 649,499,624 triples · 117,843,333,321 bytes read
  Partitioned compression: HG005_GRCh38_1_22_v4.2.1_benchmark: rdf-scan heartbeat — 649,864,273 triples · 117,910,442,378 bytes read
  Partitioned compression: HG005_GRCh38_1_22_v4.2.1_benchmark: rdf-scan heartbeat — 650,228,794 triples · 117,977,551,414 bytes read
  Partitioned compression: HG005_GRCh38_1_22_v4.2.1_benchmark: rdf-scan heartbeat — 650,593,381 triples · 118,044,660,360 bytes read
  Partitioned compression: HG005_GRCh38_1_22_v4.2.1_benchmark: rdf-scan chunk — 650,957,155 triples · 220 chunks · 118,111,620,907 bytes read
  Partitioned compression: HG005_GRCh38_1_22_v4.2.1_benchmark: hdt-chunks started — 219 chunks · hdt-build-00219
  Partitioned compression: HG005_GRCh38_1_22_v4.2.1_benchmark: hdt-chunks complete — 220 chunks · hdt-build-00219
  Partitioned compression: HG005_GRCh38_1_22_v4.2.1_benchmark: rdf-scan heartbeat — 650,957,960 triples · 118,111,769,381 bytes read
  Partitioned compression: HG005_GRCh38_1_22_v4.2.1_benchmark: rdf-scan heartbeat — 651,322,711 triples · 118,178,878,351 bytes read
  Partitioned compression: HG005_GRCh38_1_22_v4.2.1_benchmark: rdf-scan heartbeat — 651,687,415 triples · 118,245,987,383 bytes read
  Partitioned compression: HG005_GRCh38_1_22_v4.2.1_benchmark: rdf-scan heartbeat — 652,052,176 triples · 118,313,096,408 bytes read
  Partitioned compression: HG005_GRCh38_1_22_v4.2.1_benchmark: rdf-scan heartbeat — 652,416,715 triples · 118,380,205,353 bytes read
  Partitioned compression: HG005_GRCh38_1_22_v4.2.1_benchmark: rdf-scan heartbeat — 652,781,754 triples · 118,447,314,321 bytes read
  Partitioned compression: HG005_GRCh38_1_22_v4.2.1_benchmark: rdf-scan heartbeat — 653,146,538 triples · 118,514,423,247 bytes read
  Partitioned compression: HG005_GRCh38_1_22_v4.2.1_benchmark: rdf-scan heartbeat — 653,511,515 triples · 118,581,532,189 bytes read
  Partitioned compression: HG005_GRCh38_1_22_v4.2.1_benchmark: rdf-scan chunk — 653,876,084 triples · 221 chunks · 118,648,491,958 bytes read
  Partitioned compression: HG005_GRCh38_1_22_v4.2.1_benchmark: hdt-chunks started — 220 chunks · hdt-build-00220
  Partitioned compression: HG005_GRCh38_1_22_v4.2.1_benchmark: hdt-chunks complete — 221 chunks · hdt-build-00220
  Partitioned compression: HG005_GRCh38_1_22_v4.2.1_benchmark: rdf-scan heartbeat — 653,876,898 triples · 118,648,641,137 bytes read
  Partitioned compression: HG005_GRCh38_1_22_v4.2.1_benchmark: rdf-scan heartbeat — 654,241,904 triples · 118,715,750,096 bytes read
  Partitioned compression: HG005_GRCh38_1_22_v4.2.1_benchmark: rdf-scan heartbeat — 654,606,579 triples · 118,782,859,086 bytes read
  Partitioned compression: HG005_GRCh38_1_22_v4.2.1_benchmark: rdf-scan heartbeat — 654,971,507 triples · 118,849,968,114 bytes read
  Partitioned compression: HG005_GRCh38_1_22_v4.2.1_benchmark: rdf-scan heartbeat — 655,336,174 triples · 118,917,077,020 bytes read
  Partitioned compression: HG005_GRCh38_1_22_v4.2.1_benchmark: rdf-scan heartbeat — 655,701,036 triples · 118,984,185,922 bytes read
  Partitioned compression: HG005_GRCh38_1_22_v4.2.1_benchmark: rdf-scan heartbeat — 656,065,906 triples · 119,051,294,894 bytes read
  Partitioned compression: HG005_GRCh38_1_22_v4.2.1_benchmark: rdf-scan heartbeat — 656,430,800 triples · 119,118,403,938 bytes read
  Partitioned compression: HG005_GRCh38_1_22_v4.2.1_benchmark: rdf-scan chunk — 656,794,776 triples · 222 chunks · 119,185,362,980 bytes read
  Partitioned compression: HG005_GRCh38_1_22_v4.2.1_benchmark: hdt-chunks started — 221 chunks · hdt-build-00221
  Partitioned compression: HG005_GRCh38_1_22_v4.2.1_benchmark: hdt-chunks complete — 222 chunks · hdt-build-00221
  Partitioned compression: HG005_GRCh38_1_22_v4.2.1_benchmark: rdf-scan heartbeat — 656,795,592 triples · 119,185,512,803 bytes read
  Partitioned compression: HG005_GRCh38_1_22_v4.2.1_benchmark: rdf-scan heartbeat — 657,160,329 triples · 119,252,621,773 bytes read
  Partitioned compression: HG005_GRCh38_1_22_v4.2.1_benchmark: rdf-scan chunk — 657,425,805 triples · 223 chunks · 119,301,436,928 bytes read
  Partitioned compression: HG005_GRCh38_1_22_v4.2.1_benchmark: hdt-chunks started — 222 chunks · hdt-build-00222
  Partitioned compression: HG005_GRCh38_1_22_v4.2.1_benchmark: hdt-chunks complete — 223 chunks · hdt-build-00222
  Partitioned compression: HG005_GRCh38_1_22_v4.2.1_benchmark: rdf-scan complete — 657,425,805 triples · 223 chunks
  Partitioned compression: HG005_GRCh38_1_22_v4.2.1_benchmark: hdt-chunks complete — 223 chunks
  Partitioned compression: HG005_GRCh38_1_22_v4.2.1_benchmark: hdt-merge started — hdt-merge-r01-00000
  Partitioned compression: HG005_GRCh38_1_22_v4.2.1_benchmark: hdt-merge complete — hdt-merge-r01-00000
  Partitioned compression: HG005_GRCh38_1_22_v4.2.1_benchmark: hdt-merge started — hdt-merge-r01-00001
  Partitioned compression: HG005_GRCh38_1_22_v4.2.1_benchmark: hdt-merge complete — hdt-merge-r01-00001
  Partitioned compression: HG005_GRCh38_1_22_v4.2.1_benchmark: hdt-merge started — hdt-merge-r01-00002
  Partitioned compression: HG005_GRCh38_1_22_v4.2.1_benchmark: hdt-merge complete — hdt-merge-r01-00002
  Partitioned compression: HG005_GRCh38_1_22_v4.2.1_benchmark: hdt-merge started — hdt-merge-r01-00003
  Partitioned compression: HG005_GRCh38_1_22_v4.2.1_benchmark: hdt-merge complete — hdt-merge-r01-00003
  Partitioned compression: HG005_GRCh38_1_22_v4.2.1_benchmark: hdt-merge started — hdt-merge-r01-00004
  Partitioned compression: HG005_GRCh38_1_22_v4.2.1_benchmark: hdt-merge complete — hdt-merge-r01-00004
  Partitioned compression: HG005_GRCh38_1_22_v4.2.1_benchmark: hdt-merge started — hdt-merge-r01-00005
  Partitioned compression: HG005_GRCh38_1_22_v4.2.1_benchmark: hdt-merge complete — hdt-merge-r01-00005
  Partitioned compression: HG005_GRCh38_1_22_v4.2.1_benchmark: hdt-merge started — hdt-merge-r01-00006
  Partitioned compression: HG005_GRCh38_1_22_v4.2.1_benchmark: hdt-merge complete — hdt-merge-r01-00006
  Partitioned compression: HG005_GRCh38_1_22_v4.2.1_benchmark: hdt-merge started — hdt-merge-r01-00007
  Partitioned compression: HG005_GRCh38_1_22_v4.2.1_benchmark: hdt-merge complete — hdt-merge-r01-00007
  Partitioned compression: HG005_GRCh38_1_22_v4.2.1_benchmark: hdt-merge started — hdt-merge-r01-00008
  Partitioned compression: HG005_GRCh38_1_22_v4.2.1_benchmark: hdt-merge complete — hdt-merge-r01-00008
  Partitioned compression: HG005_GRCh38_1_22_v4.2.1_benchmark: hdt-merge started — hdt-merge-r01-00009
  Partitioned compression: HG005_GRCh38_1_22_v4.2.1_benchmark: hdt-merge complete — hdt-merge-r01-00009
  Partitioned compression: HG005_GRCh38_1_22_v4.2.1_benchmark: hdt-merge started — hdt-merge-r01-00010
  Partitioned compression: HG005_GRCh38_1_22_v4.2.1_benchmark: hdt-merge complete — hdt-merge-r01-00010
  Partitioned compression: HG005_GRCh38_1_22_v4.2.1_benchmark: hdt-merge started — hdt-merge-r01-00011
  Partitioned compression: HG005_GRCh38_1_22_v4.2.1_benchmark: hdt-merge complete — hdt-merge-r01-00011
  Partitioned compression: HG005_GRCh38_1_22_v4.2.1_benchmark: hdt-merge started — hdt-merge-r01-00012
  Partitioned compression: HG005_GRCh38_1_22_v4.2.1_benchmark: hdt-merge complete — hdt-merge-r01-00012
  Partitioned compression: HG005_GRCh38_1_22_v4.2.1_benchmark: hdt-merge started — hdt-merge-r01-00013
  Partitioned compression: HG005_GRCh38_1_22_v4.2.1_benchmark: hdt-merge complete — hdt-merge-r01-00013
  Partitioned compression: HG005_GRCh38_1_22_v4.2.1_benchmark: hdt-merge started — hdt-merge-r01-00014
  Partitioned compression: HG005_GRCh38_1_22_v4.2.1_benchmark: hdt-merge complete — hdt-merge-r01-00014
  Partitioned compression: HG005_GRCh38_1_22_v4.2.1_benchmark: hdt-merge started — hdt-merge-r01-00015
  Partitioned compression: HG005_GRCh38_1_22_v4.2.1_benchmark: hdt-merge complete — hdt-merge-r01-00015
  Partitioned compression: HG005_GRCh38_1_22_v4.2.1_benchmark: hdt-merge started — hdt-merge-r01-00016
  Partitioned compression: HG005_GRCh38_1_22_v4.2.1_benchmark: hdt-merge complete — hdt-merge-r01-00016
  Partitioned compression: HG005_GRCh38_1_22_v4.2.1_benchmark: hdt-merge started — hdt-merge-r01-00017
  Partitioned compression: HG005_GRCh38_1_22_v4.2.1_benchmark: hdt-merge complete — hdt-merge-r01-00017
  Partitioned compression: HG005_GRCh38_1_22_v4.2.1_benchmark: hdt-merge started — hdt-merge-r01-00018
  Partitioned compression: HG005_GRCh38_1_22_v4.2.1_benchmark: hdt-merge complete — hdt-merge-r01-00018
  Partitioned compression: HG005_GRCh38_1_22_v4.2.1_benchmark: hdt-merge started — hdt-merge-r01-00019
  Partitioned compression: HG005_GRCh38_1_22_v4.2.1_benchmark: hdt-merge complete — hdt-merge-r01-00019
  Partitioned compression: HG005_GRCh38_1_22_v4.2.1_benchmark: hdt-merge started — hdt-merge-r01-00020
  Partitioned compression: HG005_GRCh38_1_22_v4.2.1_benchmark: hdt-merge complete — hdt-merge-r01-00020
  Partitioned compression: HG005_GRCh38_1_22_v4.2.1_benchmark: hdt-merge started — hdt-merge-r01-00021
  Partitioned compression: HG005_GRCh38_1_22_v4.2.1_benchmark: hdt-merge complete — hdt-merge-r01-00021
  Partitioned compression: HG005_GRCh38_1_22_v4.2.1_benchmark: hdt-merge started — hdt-merge-r01-00022
  Partitioned compression: HG005_GRCh38_1_22_v4.2.1_benchmark: hdt-merge complete — hdt-merge-r01-00022
  Partitioned compression: HG005_GRCh38_1_22_v4.2.1_benchmark: hdt-merge started — hdt-merge-r01-00023
  Partitioned compression: HG005_GRCh38_1_22_v4.2.1_benchmark: hdt-merge complete — hdt-merge-r01-00023
  Partitioned compression: HG005_GRCh38_1_22_v4.2.1_benchmark: hdt-merge started — hdt-merge-r01-00024
  Partitioned compression: HG005_GRCh38_1_22_v4.2.1_benchmark: hdt-merge complete — hdt-merge-r01-00024
  Partitioned compression: HG005_GRCh38_1_22_v4.2.1_benchmark: hdt-merge started — hdt-merge-r01-00025
  Partitioned compression: HG005_GRCh38_1_22_v4.2.1_benchmark: hdt-merge complete — hdt-merge-r01-00025
  Partitioned compression: HG005_GRCh38_1_22_v4.2.1_benchmark: hdt-merge started — hdt-merge-r01-00026
  Partitioned compression: HG005_GRCh38_1_22_v4.2.1_benchmark: hdt-merge complete — hdt-merge-r01-00026
  Partitioned compression: HG005_GRCh38_1_22_v4.2.1_benchmark: hdt-merge started — hdt-merge-r01-00027
  Partitioned compression: HG005_GRCh38_1_22_v4.2.1_benchmark: hdt-merge complete — hdt-merge-r01-00027
  Partitioned compression: HG005_GRCh38_1_22_v4.2.1_benchmark: hdt-merge started — hdt-merge-r01-00028
  Partitioned compression: HG005_GRCh38_1_22_v4.2.1_benchmark: hdt-merge complete — hdt-merge-r01-00028
  Partitioned compression: HG005_GRCh38_1_22_v4.2.1_benchmark: hdt-merge started — hdt-merge-r01-00029
  Partitioned compression: HG005_GRCh38_1_22_v4.2.1_benchmark: hdt-merge complete — hdt-merge-r01-00029
  Partitioned compression: HG005_GRCh38_1_22_v4.2.1_benchmark: hdt-merge started — hdt-merge-r01-00030
  Partitioned compression: HG005_GRCh38_1_22_v4.2.1_benchmark: hdt-merge complete — hdt-merge-r01-00030
  Partitioned compression: HG005_GRCh38_1_22_v4.2.1_benchmark: hdt-merge started — hdt-merge-r01-00031
  Partitioned compression: HG005_GRCh38_1_22_v4.2.1_benchmark: hdt-merge complete — hdt-merge-r01-00031
  Partitioned compression: HG005_GRCh38_1_22_v4.2.1_benchmark: hdt-merge started — hdt-merge-r01-00032
  Partitioned compression: HG005_GRCh38_1_22_v4.2.1_benchmark: hdt-merge complete — hdt-merge-r01-00032
  Partitioned compression: HG005_GRCh38_1_22_v4.2.1_benchmark: hdt-merge started — hdt-merge-r01-00033
  Partitioned compression: HG005_GRCh38_1_22_v4.2.1_benchmark: hdt-merge complete — hdt-merge-r01-00033
  Partitioned compression: HG005_GRCh38_1_22_v4.2.1_benchmark: hdt-merge started — hdt-merge-r01-00034
  Partitioned compression: HG005_GRCh38_1_22_v4.2.1_benchmark: hdt-merge complete — hdt-merge-r01-00034
  Partitioned compression: HG005_GRCh38_1_22_v4.2.1_benchmark: hdt-merge started — hdt-merge-r01-00035
  Partitioned compression: HG005_GRCh38_1_22_v4.2.1_benchmark: hdt-merge complete — hdt-merge-r01-00035
  Partitioned compression: HG005_GRCh38_1_22_v4.2.1_benchmark: hdt-merge started — hdt-merge-r01-00036
  Partitioned compression: HG005_GRCh38_1_22_v4.2.1_benchmark: hdt-merge complete — hdt-merge-r01-00036
  Partitioned compression: HG005_GRCh38_1_22_v4.2.1_benchmark: hdt-merge started — hdt-merge-r01-00037
  Partitioned compression: HG005_GRCh38_1_22_v4.2.1_benchmark: hdt-merge complete — hdt-merge-r01-00037
  Partitioned compression: HG005_GRCh38_1_22_v4.2.1_benchmark: hdt-merge started — hdt-merge-r01-00038
  Partitioned compression: HG005_GRCh38_1_22_v4.2.1_benchmark: hdt-merge complete — hdt-merge-r01-00038
  Partitioned compression: HG005_GRCh38_1_22_v4.2.1_benchmark: hdt-merge started — hdt-merge-r01-00039
  Partitioned compression: HG005_GRCh38_1_22_v4.2.1_benchmark: hdt-merge complete — hdt-merge-r01-00039
  Partitioned compression: HG005_GRCh38_1_22_v4.2.1_benchmark: hdt-merge started — hdt-merge-r01-00040
  Partitioned compression: HG005_GRCh38_1_22_v4.2.1_benchmark: hdt-merge complete — hdt-merge-r01-00040
  Partitioned compression: HG005_GRCh38_1_22_v4.2.1_benchmark: hdt-merge started — hdt-merge-r01-00041
  Partitioned compression: HG005_GRCh38_1_22_v4.2.1_benchmark: hdt-merge complete — hdt-merge-r01-00041
  Partitioned compression: HG005_GRCh38_1_22_v4.2.1_benchmark: hdt-merge started — hdt-merge-r01-00042
  Partitioned compression: HG005_GRCh38_1_22_v4.2.1_benchmark: hdt-merge complete — hdt-merge-r01-00042
  Partitioned compression: HG005_GRCh38_1_22_v4.2.1_benchmark: hdt-merge started — hdt-merge-r01-00043
  Partitioned compression: HG005_GRCh38_1_22_v4.2.1_benchmark: hdt-merge complete — hdt-merge-r01-00043
  Partitioned compression: HG005_GRCh38_1_22_v4.2.1_benchmark: hdt-merge started — hdt-merge-r01-00044
  Partitioned compression: HG005_GRCh38_1_22_v4.2.1_benchmark: hdt-merge complete — hdt-merge-r01-00044
  Partitioned compression: HG005_GRCh38_1_22_v4.2.1_benchmark: hdt-merge started — hdt-merge-r01-00045
  Partitioned compression: HG005_GRCh38_1_22_v4.2.1_benchmark: hdt-merge complete — hdt-merge-r01-00045
  Partitioned compression: HG005_GRCh38_1_22_v4.2.1_benchmark: hdt-merge started — hdt-merge-r01-00046
  Partitioned compression: HG005_GRCh38_1_22_v4.2.1_benchmark: hdt-merge complete — hdt-merge-r01-00046
  Partitioned compression: HG005_GRCh38_1_22_v4.2.1_benchmark: hdt-merge started — hdt-merge-r01-00047
  Partitioned compression: HG005_GRCh38_1_22_v4.2.1_benchmark: hdt-merge complete — hdt-merge-r01-00047
  Partitioned compression: HG005_GRCh38_1_22_v4.2.1_benchmark: hdt-merge started — hdt-merge-r01-00048
  Partitioned compression: HG005_GRCh38_1_22_v4.2.1_benchmark: hdt-merge complete — hdt-merge-r01-00048
  Partitioned compression: HG005_GRCh38_1_22_v4.2.1_benchmark: hdt-merge started — hdt-merge-r01-00049
  Partitioned compression: HG005_GRCh38_1_22_v4.2.1_benchmark: hdt-merge complete — hdt-merge-r01-00049
  Partitioned compression: HG005_GRCh38_1_22_v4.2.1_benchmark: hdt-merge started — hdt-merge-r01-00050
  Partitioned compression: HG005_GRCh38_1_22_v4.2.1_benchmark: hdt-merge complete — hdt-merge-r01-00050
  Partitioned compression: HG005_GRCh38_1_22_v4.2.1_benchmark: hdt-merge started — hdt-merge-r01-00051
  Partitioned compression: HG005_GRCh38_1_22_v4.2.1_benchmark: hdt-merge complete — hdt-merge-r01-00051
  Partitioned compression: HG005_GRCh38_1_22_v4.2.1_benchmark: hdt-merge started — hdt-merge-r01-00052
  Partitioned compression: HG005_GRCh38_1_22_v4.2.1_benchmark: hdt-merge complete — hdt-merge-r01-00052
  Partitioned compression: HG005_GRCh38_1_22_v4.2.1_benchmark: hdt-merge started — hdt-merge-r01-00053
  Partitioned compression: HG005_GRCh38_1_22_v4.2.1_benchmark: hdt-merge complete — hdt-merge-r01-00053
  Partitioned compression: HG005_GRCh38_1_22_v4.2.1_benchmark: hdt-merge started — hdt-merge-r01-00054
  Partitioned compression: HG005_GRCh38_1_22_v4.2.1_benchmark: hdt-merge complete — hdt-merge-r01-00054
  Partitioned compression: HG005_GRCh38_1_22_v4.2.1_benchmark: hdt-merge started — hdt-merge-r01-00055
  Partitioned compression: HG005_GRCh38_1_22_v4.2.1_benchmark: hdt-merge complete — hdt-merge-r01-00055
  Partitioned compression: HG005_GRCh38_1_22_v4.2.1_benchmark: hdt-merge started — hdt-merge-r01-00056
  Partitioned compression: HG005_GRCh38_1_22_v4.2.1_benchmark: hdt-merge complete — hdt-merge-r01-00056
  Partitioned compression: HG005_GRCh38_1_22_v4.2.1_benchmark: hdt-merge started — hdt-merge-r01-00057
  Partitioned compression: HG005_GRCh38_1_22_v4.2.1_benchmark: hdt-merge complete — hdt-merge-r01-00057
  Partitioned compression: HG005_GRCh38_1_22_v4.2.1_benchmark: hdt-merge started — hdt-merge-r01-00058
  Partitioned compression: HG005_GRCh38_1_22_v4.2.1_benchmark: hdt-merge complete — hdt-merge-r01-00058
  Partitioned compression: HG005_GRCh38_1_22_v4.2.1_benchmark: hdt-merge started — hdt-merge-r01-00059
  Partitioned compression: HG005_GRCh38_1_22_v4.2.1_benchmark: hdt-merge complete — hdt-merge-r01-00059
  Partitioned compression: HG005_GRCh38_1_22_v4.2.1_benchmark: hdt-merge started — hdt-merge-r01-00060
  Partitioned compression: HG005_GRCh38_1_22_v4.2.1_benchmark: hdt-merge complete — hdt-merge-r01-00060
  Partitioned compression: HG005_GRCh38_1_22_v4.2.1_benchmark: hdt-merge started — hdt-merge-r01-00061
  Partitioned compression: HG005_GRCh38_1_22_v4.2.1_benchmark: hdt-merge complete — hdt-merge-r01-00061
  Partitioned compression: HG005_GRCh38_1_22_v4.2.1_benchmark: hdt-merge started — hdt-merge-r01-00062
  Partitioned compression: HG005_GRCh38_1_22_v4.2.1_benchmark: hdt-merge complete — hdt-merge-r01-00062
  Partitioned compression: HG005_GRCh38_1_22_v4.2.1_benchmark: hdt-merge started — hdt-merge-r01-00063
  Partitioned compression: HG005_GRCh38_1_22_v4.2.1_benchmark: hdt-merge complete — hdt-merge-r01-00063
  Partitioned compression: HG005_GRCh38_1_22_v4.2.1_benchmark: hdt-merge started — hdt-merge-r01-00064
  Partitioned compression: HG005_GRCh38_1_22_v4.2.1_benchmark: hdt-merge complete — hdt-merge-r01-00064
  Partitioned compression: HG005_GRCh38_1_22_v4.2.1_benchmark: hdt-merge started — hdt-merge-r01-00065
  Partitioned compression: HG005_GRCh38_1_22_v4.2.1_benchmark: hdt-merge complete — hdt-merge-r01-00065
  Partitioned compression: HG005_GRCh38_1_22_v4.2.1_benchmark: hdt-merge started — hdt-merge-r01-00066
  Partitioned compression: HG005_GRCh38_1_22_v4.2.1_benchmark: hdt-merge complete — hdt-merge-r01-00066
  Partitioned compression: HG005_GRCh38_1_22_v4.2.1_benchmark: hdt-merge started — hdt-merge-r01-00067
  Partitioned compression: HG005_GRCh38_1_22_v4.2.1_benchmark: hdt-merge complete — hdt-merge-r01-00067
  Partitioned compression: HG005_GRCh38_1_22_v4.2.1_benchmark: hdt-merge started — hdt-merge-r01-00068
  Partitioned compression: HG005_GRCh38_1_22_v4.2.1_benchmark: hdt-merge complete — hdt-merge-r01-00068
  Partitioned compression: HG005_GRCh38_1_22_v4.2.1_benchmark: hdt-merge started — hdt-merge-r01-00069
  Partitioned compression: HG005_GRCh38_1_22_v4.2.1_benchmark: hdt-merge complete — hdt-merge-r01-00069
  Partitioned compression: HG005_GRCh38_1_22_v4.2.1_benchmark: hdt-merge started — hdt-merge-r01-00070
  Partitioned compression: HG005_GRCh38_1_22_v4.2.1_benchmark: hdt-merge complete — hdt-merge-r01-00070
  Partitioned compression: HG005_GRCh38_1_22_v4.2.1_benchmark: hdt-merge started — hdt-merge-r01-00071
  Partitioned compression: HG005_GRCh38_1_22_v4.2.1_benchmark: hdt-merge complete — hdt-merge-r01-00071
  Partitioned compression: HG005_GRCh38_1_22_v4.2.1_benchmark: hdt-merge started — hdt-merge-r01-00072
  Partitioned compression: HG005_GRCh38_1_22_v4.2.1_benchmark: hdt-merge complete — hdt-merge-r01-00072
  Partitioned compression: HG005_GRCh38_1_22_v4.2.1_benchmark: hdt-merge started — hdt-merge-r01-00073
  Partitioned compression: HG005_GRCh38_1_22_v4.2.1_benchmark: hdt-merge complete — hdt-merge-r01-00073
  Partitioned compression: HG005_GRCh38_1_22_v4.2.1_benchmark: hdt-merge started — hdt-merge-r01-00074
  Partitioned compression: HG005_GRCh38_1_22_v4.2.1_benchmark: hdt-merge complete — hdt-merge-r01-00074
  Partitioned compression: HG005_GRCh38_1_22_v4.2.1_benchmark: hdt-merge started — hdt-merge-r01-00075
  Partitioned compression: HG005_GRCh38_1_22_v4.2.1_benchmark: hdt-merge complete — hdt-merge-r01-00075
  Partitioned compression: HG005_GRCh38_1_22_v4.2.1_benchmark: hdt-merge started — hdt-merge-r01-00076
  Partitioned compression: HG005_GRCh38_1_22_v4.2.1_benchmark: hdt-merge complete — hdt-merge-r01-00076
  Partitioned compression: HG005_GRCh38_1_22_v4.2.1_benchmark: hdt-merge started — hdt-merge-r01-00077
  Partitioned compression: HG005_GRCh38_1_22_v4.2.1_benchmark: hdt-merge complete — hdt-merge-r01-00077
  Partitioned compression: HG005_GRCh38_1_22_v4.2.1_benchmark: hdt-merge started — hdt-merge-r01-00078
  Partitioned compression: HG005_GRCh38_1_22_v4.2.1_benchmark: hdt-merge complete — hdt-merge-r01-00078
  Partitioned compression: HG005_GRCh38_1_22_v4.2.1_benchmark: hdt-merge started — hdt-merge-r01-00079
  Partitioned compression: HG005_GRCh38_1_22_v4.2.1_benchmark: hdt-merge complete — hdt-merge-r01-00079
  Partitioned compression: HG005_GRCh38_1_22_v4.2.1_benchmark: hdt-merge started — hdt-merge-r01-00080
  Partitioned compression: HG005_GRCh38_1_22_v4.2.1_benchmark: hdt-merge complete — hdt-merge-r01-00080
  Partitioned compression: HG005_GRCh38_1_22_v4.2.1_benchmark: hdt-merge started — hdt-merge-r01-00081
  Partitioned compression: HG005_GRCh38_1_22_v4.2.1_benchmark: hdt-merge complete — hdt-merge-r01-00081
  Partitioned compression: HG005_GRCh38_1_22_v4.2.1_benchmark: hdt-merge started — hdt-merge-r01-00082
  Partitioned compression: HG005_GRCh38_1_22_v4.2.1_benchmark: hdt-merge complete — hdt-merge-r01-00082
  Partitioned compression: HG005_GRCh38_1_22_v4.2.1_benchmark: hdt-merge started — hdt-merge-r01-00083
  Partitioned compression: HG005_GRCh38_1_22_v4.2.1_benchmark: hdt-merge complete — hdt-merge-r01-00083
  Partitioned compression: HG005_GRCh38_1_22_v4.2.1_benchmark: hdt-merge started — hdt-merge-r01-00084
  Partitioned compression: HG005_GRCh38_1_22_v4.2.1_benchmark: hdt-merge complete — hdt-merge-r01-00084
  Partitioned compression: HG005_GRCh38_1_22_v4.2.1_benchmark: hdt-merge started — hdt-merge-r01-00085
  Partitioned compression: HG005_GRCh38_1_22_v4.2.1_benchmark: hdt-merge complete — hdt-merge-r01-00085
  Partitioned compression: HG005_GRCh38_1_22_v4.2.1_benchmark: hdt-merge started — hdt-merge-r01-00086
  Partitioned compression: HG005_GRCh38_1_22_v4.2.1_benchmark: hdt-merge complete — hdt-merge-r01-00086
  Partitioned compression: HG005_GRCh38_1_22_v4.2.1_benchmark: hdt-merge started — hdt-merge-r01-00087
  Partitioned compression: HG005_GRCh38_1_22_v4.2.1_benchmark: hdt-merge complete — hdt-merge-r01-00087
  Partitioned compression: HG005_GRCh38_1_22_v4.2.1_benchmark: hdt-merge started — hdt-merge-r01-00088
  Partitioned compression: HG005_GRCh38_1_22_v4.2.1_benchmark: hdt-merge complete — hdt-merge-r01-00088
  Partitioned compression: HG005_GRCh38_1_22_v4.2.1_benchmark: hdt-merge started — hdt-merge-r01-00089
  Partitioned compression: HG005_GRCh38_1_22_v4.2.1_benchmark: hdt-merge complete — hdt-merge-r01-00089
  Partitioned compression: HG005_GRCh38_1_22_v4.2.1_benchmark: hdt-merge started — hdt-merge-r01-00090
  Partitioned compression: HG005_GRCh38_1_22_v4.2.1_benchmark: hdt-merge complete — hdt-merge-r01-00090
  Partitioned compression: HG005_GRCh38_1_22_v4.2.1_benchmark: hdt-merge started — hdt-merge-r01-00091
  Partitioned compression: HG005_GRCh38_1_22_v4.2.1_benchmark: hdt-merge complete — hdt-merge-r01-00091
  Partitioned compression: HG005_GRCh38_1_22_v4.2.1_benchmark: hdt-merge started — hdt-merge-r01-00092
  Partitioned compression: HG005_GRCh38_1_22_v4.2.1_benchmark: hdt-merge complete — hdt-merge-r01-00092
  Partitioned compression: HG005_GRCh38_1_22_v4.2.1_benchmark: hdt-merge started — hdt-merge-r01-00093
  Partitioned compression: HG005_GRCh38_1_22_v4.2.1_benchmark: hdt-merge complete — hdt-merge-r01-00093
  Partitioned compression: HG005_GRCh38_1_22_v4.2.1_benchmark: hdt-merge started — hdt-merge-r01-00094
  Partitioned compression: HG005_GRCh38_1_22_v4.2.1_benchmark: hdt-merge complete — hdt-merge-r01-00094
  Partitioned compression: HG005_GRCh38_1_22_v4.2.1_benchmark: hdt-merge started — hdt-merge-r01-00095
  Partitioned compression: HG005_GRCh38_1_22_v4.2.1_benchmark: hdt-merge complete — hdt-merge-r01-00095
  Partitioned compression: HG005_GRCh38_1_22_v4.2.1_benchmark: hdt-merge started — hdt-merge-r01-00096
  Partitioned compression: HG005_GRCh38_1_22_v4.2.1_benchmark: hdt-merge complete — hdt-merge-r01-00096
  Partitioned compression: HG005_GRCh38_1_22_v4.2.1_benchmark: hdt-merge started — hdt-merge-r01-00097
  Partitioned compression: HG005_GRCh38_1_22_v4.2.1_benchmark: hdt-merge complete — hdt-merge-r01-00097
  Partitioned compression: HG005_GRCh38_1_22_v4.2.1_benchmark: hdt-merge started — hdt-merge-r01-00098
  Partitioned compression: HG005_GRCh38_1_22_v4.2.1_benchmark: hdt-merge complete — hdt-merge-r01-00098
  Partitioned compression: HG005_GRCh38_1_22_v4.2.1_benchmark: hdt-merge started — hdt-merge-r01-00099
  Partitioned compression: HG005_GRCh38_1_22_v4.2.1_benchmark: hdt-merge complete — hdt-merge-r01-00099
  Partitioned compression: HG005_GRCh38_1_22_v4.2.1_benchmark: hdt-merge started — hdt-merge-r01-00100
  Partitioned compression: HG005_GRCh38_1_22_v4.2.1_benchmark: hdt-merge complete — hdt-merge-r01-00100
  Partitioned compression: HG005_GRCh38_1_22_v4.2.1_benchmark: hdt-merge started — hdt-merge-r01-00101
  Partitioned compression: HG005_GRCh38_1_22_v4.2.1_benchmark: hdt-merge complete — hdt-merge-r01-00101
  Partitioned compression: HG005_GRCh38_1_22_v4.2.1_benchmark: hdt-merge started — hdt-merge-r01-00102
  Partitioned compression: HG005_GRCh38_1_22_v4.2.1_benchmark: hdt-merge complete — hdt-merge-r01-00102
  Partitioned compression: HG005_GRCh38_1_22_v4.2.1_benchmark: hdt-merge started — hdt-merge-r01-00103
  Partitioned compression: HG005_GRCh38_1_22_v4.2.1_benchmark: hdt-merge complete — hdt-merge-r01-00103
  Partitioned compression: HG005_GRCh38_1_22_v4.2.1_benchmark: hdt-merge started — hdt-merge-r01-00104
  Partitioned compression: HG005_GRCh38_1_22_v4.2.1_benchmark: hdt-merge complete — hdt-merge-r01-00104
  Partitioned compression: HG005_GRCh38_1_22_v4.2.1_benchmark: hdt-merge started — hdt-merge-r01-00105
  Partitioned compression: HG005_GRCh38_1_22_v4.2.1_benchmark: hdt-merge complete — hdt-merge-r01-00105
  Partitioned compression: HG005_GRCh38_1_22_v4.2.1_benchmark: hdt-merge started — hdt-merge-r01-00106
  Partitioned compression: HG005_GRCh38_1_22_v4.2.1_benchmark: hdt-merge complete — hdt-merge-r01-00106
  Partitioned compression: HG005_GRCh38_1_22_v4.2.1_benchmark: hdt-merge started — hdt-merge-r01-00107
  Partitioned compression: HG005_GRCh38_1_22_v4.2.1_benchmark: hdt-merge complete — hdt-merge-r01-00107
  Partitioned compression: HG005_GRCh38_1_22_v4.2.1_benchmark: hdt-merge started — hdt-merge-r01-00108
  Partitioned compression: HG005_GRCh38_1_22_v4.2.1_benchmark: hdt-merge complete — hdt-merge-r01-00108
  Partitioned compression: HG005_GRCh38_1_22_v4.2.1_benchmark: hdt-merge started — hdt-merge-r01-00109
  Partitioned compression: HG005_GRCh38_1_22_v4.2.1_benchmark: hdt-merge complete — hdt-merge-r01-00109
  Partitioned compression: HG005_GRCh38_1_22_v4.2.1_benchmark: hdt-merge started — hdt-merge-r01-00110
  Partitioned compression: HG005_GRCh38_1_22_v4.2.1_benchmark: hdt-merge complete — hdt-merge-r01-00110
  Partitioned compression: HG005_GRCh38_1_22_v4.2.1_benchmark: hdt-merge started — hdt-merge-r02-00000
  Partitioned compression: HG005_GRCh38_1_22_v4.2.1_benchmark: hdt-merge complete — hdt-merge-r02-00000
  Partitioned compression: HG005_GRCh38_1_22_v4.2.1_benchmark: hdt-merge started — hdt-merge-r02-00001
  Partitioned compression: HG005_GRCh38_1_22_v4.2.1_benchmark: hdt-merge complete — hdt-merge-r02-00001
  Partitioned compression: HG005_GRCh38_1_22_v4.2.1_benchmark: hdt-merge started — hdt-merge-r02-00002
  Partitioned compression: HG005_GRCh38_1_22_v4.2.1_benchmark: hdt-merge complete — hdt-merge-r02-00002
  Partitioned compression: HG005_GRCh38_1_22_v4.2.1_benchmark: hdt-merge started — hdt-merge-r02-00003
  Partitioned compression: HG005_GRCh38_1_22_v4.2.1_benchmark: hdt-merge complete — hdt-merge-r02-00003
  Partitioned compression: HG005_GRCh38_1_22_v4.2.1_benchmark: hdt-merge started — hdt-merge-r02-00004
  Partitioned compression: HG005_GRCh38_1_22_v4.2.1_benchmark: hdt-merge complete — hdt-merge-r02-00004
  Partitioned compression: HG005_GRCh38_1_22_v4.2.1_benchmark: hdt-merge started — hdt-merge-r02-00005
  Partitioned compression: HG005_GRCh38_1_22_v4.2.1_benchmark: hdt-merge complete — hdt-merge-r02-00005
  Partitioned compression: HG005_GRCh38_1_22_v4.2.1_benchmark: hdt-merge started — hdt-merge-r02-00006
  Partitioned compression: HG005_GRCh38_1_22_v4.2.1_benchmark: hdt-merge complete — hdt-merge-r02-00006
  Partitioned compression: HG005_GRCh38_1_22_v4.2.1_benchmark: hdt-merge started — hdt-merge-r02-00007
  Partitioned compression: HG005_GRCh38_1_22_v4.2.1_benchmark: hdt-merge complete — hdt-merge-r02-00007
  Partitioned compression: HG005_GRCh38_1_22_v4.2.1_benchmark: hdt-merge started — hdt-merge-r02-00008
  Partitioned compression: HG005_GRCh38_1_22_v4.2.1_benchmark: hdt-merge complete — hdt-merge-r02-00008
  Partitioned compression: HG005_GRCh38_1_22_v4.2.1_benchmark: hdt-merge started — hdt-merge-r02-00009
  Partitioned compression: HG005_GRCh38_1_22_v4.2.1_benchmark: hdt-merge complete — hdt-merge-r02-00009
  Partitioned compression: HG005_GRCh38_1_22_v4.2.1_benchmark: hdt-merge started — hdt-merge-r02-00010
  Partitioned compression: HG005_GRCh38_1_22_v4.2.1_benchmark: hdt-merge complete — hdt-merge-r02-00010
  Partitioned compression: HG005_GRCh38_1_22_v4.2.1_benchmark: hdt-merge started — hdt-merge-r02-00011
  Partitioned compression: HG005_GRCh38_1_22_v4.2.1_benchmark: hdt-merge complete — hdt-merge-r02-00011
  Partitioned compression: HG005_GRCh38_1_22_v4.2.1_benchmark: hdt-merge started — hdt-merge-r02-00012
  Partitioned compression: HG005_GRCh38_1_22_v4.2.1_benchmark: hdt-merge complete — hdt-merge-r02-00012
  Partitioned compression: HG005_GRCh38_1_22_v4.2.1_benchmark: hdt-merge started — hdt-merge-r02-00013
  Partitioned compression: HG005_GRCh38_1_22_v4.2.1_benchmark: hdt-merge complete — hdt-merge-r02-00013
  Partitioned compression: HG005_GRCh38_1_22_v4.2.1_benchmark: hdt-merge started — hdt-merge-r02-00014
  Partitioned compression: HG005_GRCh38_1_22_v4.2.1_benchmark: hdt-merge complete — hdt-merge-r02-00014
  Partitioned compression: HG005_GRCh38_1_22_v4.2.1_benchmark: hdt-merge started — hdt-merge-r02-00015
  Partitioned compression: HG005_GRCh38_1_22_v4.2.1_benchmark: hdt-merge complete — hdt-merge-r02-00015
  Partitioned compression: HG005_GRCh38_1_22_v4.2.1_benchmark: hdt-merge started — hdt-merge-r02-00016
  Partitioned compression: HG005_GRCh38_1_22_v4.2.1_benchmark: hdt-merge complete — hdt-merge-r02-00016
  Partitioned compression: HG005_GRCh38_1_22_v4.2.1_benchmark: hdt-merge started — hdt-merge-r02-00017
  Partitioned compression: HG005_GRCh38_1_22_v4.2.1_benchmark: hdt-merge complete — hdt-merge-r02-00017
  Partitioned compression: HG005_GRCh38_1_22_v4.2.1_benchmark: hdt-merge started — hdt-merge-r02-00018
  Partitioned compression: HG005_GRCh38_1_22_v4.2.1_benchmark: hdt-merge complete — hdt-merge-r02-00018
  Partitioned compression: HG005_GRCh38_1_22_v4.2.1_benchmark: hdt-merge started — hdt-merge-r02-00019
  Partitioned compression: HG005_GRCh38_1_22_v4.2.1_benchmark: hdt-merge complete — hdt-merge-r02-00019
  Partitioned compression: HG005_GRCh38_1_22_v4.2.1_benchmark: hdt-merge started — hdt-merge-r02-00020
  Partitioned compression: HG005_GRCh38_1_22_v4.2.1_benchmark: hdt-merge complete — hdt-merge-r02-00020
  Partitioned compression: HG005_GRCh38_1_22_v4.2.1_benchmark: hdt-merge started — hdt-merge-r02-00021
  Partitioned compression: HG005_GRCh38_1_22_v4.2.1_benchmark: hdt-merge complete — hdt-merge-r02-00021
  Partitioned compression: HG005_GRCh38_1_22_v4.2.1_benchmark: hdt-merge started — hdt-merge-r02-00022
  Partitioned compression: HG005_GRCh38_1_22_v4.2.1_benchmark: hdt-merge complete — hdt-merge-r02-00022
  Partitioned compression: HG005_GRCh38_1_22_v4.2.1_benchmark: hdt-merge started — hdt-merge-r02-00023
  Partitioned compression: HG005_GRCh38_1_22_v4.2.1_benchmark: hdt-merge complete — hdt-merge-r02-00023
  Partitioned compression: HG005_GRCh38_1_22_v4.2.1_benchmark: hdt-merge started — hdt-merge-r02-00024
  Partitioned compression: HG005_GRCh38_1_22_v4.2.1_benchmark: hdt-merge complete — hdt-merge-r02-00024
  Partitioned compression: HG005_GRCh38_1_22_v4.2.1_benchmark: hdt-merge started — hdt-merge-r02-00025
  Partitioned compression: HG005_GRCh38_1_22_v4.2.1_benchmark: hdt-merge complete — hdt-merge-r02-00025
  Partitioned compression: HG005_GRCh38_1_22_v4.2.1_benchmark: hdt-merge started — hdt-merge-r02-00026
  Partitioned compression: HG005_GRCh38_1_22_v4.2.1_benchmark: hdt-merge complete — hdt-merge-r02-00026
  Partitioned compression: HG005_GRCh38_1_22_v4.2.1_benchmark: hdt-merge started — hdt-merge-r02-00027
  Partitioned compression: HG005_GRCh38_1_22_v4.2.1_benchmark: hdt-merge complete — hdt-merge-r02-00027
  Partitioned compression: HG005_GRCh38_1_22_v4.2.1_benchmark: hdt-merge started — hdt-merge-r02-00028
  Partitioned compression: HG005_GRCh38_1_22_v4.2.1_benchmark: hdt-merge complete — hdt-merge-r02-00028
  Partitioned compression: HG005_GRCh38_1_22_v4.2.1_benchmark: hdt-merge started — hdt-merge-r02-00029
  Partitioned compression: HG005_GRCh38_1_22_v4.2.1_benchmark: hdt-merge complete — hdt-merge-r02-00029
  Partitioned compression: HG005_GRCh38_1_22_v4.2.1_benchmark: hdt-merge started — hdt-merge-r02-00030
  Partitioned compression: HG005_GRCh38_1_22_v4.2.1_benchmark: hdt-merge complete — hdt-merge-r02-00030
  Partitioned compression: HG005_GRCh38_1_22_v4.2.1_benchmark: hdt-merge started — hdt-merge-r02-00031
  Partitioned compression: HG005_GRCh38_1_22_v4.2.1_benchmark: hdt-merge complete — hdt-merge-r02-00031
  Partitioned compression: HG005_GRCh38_1_22_v4.2.1_benchmark: hdt-merge started — hdt-merge-r02-00032
  Partitioned compression: HG005_GRCh38_1_22_v4.2.1_benchmark: hdt-merge complete — hdt-merge-r02-00032
  Partitioned compression: HG005_GRCh38_1_22_v4.2.1_benchmark: hdt-merge started — hdt-merge-r02-00033
  Partitioned compression: HG005_GRCh38_1_22_v4.2.1_benchmark: hdt-merge complete — hdt-merge-r02-00033
  Partitioned compression: HG005_GRCh38_1_22_v4.2.1_benchmark: hdt-merge started — hdt-merge-r02-00034
  Partitioned compression: HG005_GRCh38_1_22_v4.2.1_benchmark: hdt-merge complete — hdt-merge-r02-00034
  Partitioned compression: HG005_GRCh38_1_22_v4.2.1_benchmark: hdt-merge started — hdt-merge-r02-00035
  Partitioned compression: HG005_GRCh38_1_22_v4.2.1_benchmark: hdt-merge complete — hdt-merge-r02-00035
  Partitioned compression: HG005_GRCh38_1_22_v4.2.1_benchmark: hdt-merge started — hdt-merge-r02-00036
  Partitioned compression: HG005_GRCh38_1_22_v4.2.1_benchmark: hdt-merge complete — hdt-merge-r02-00036
  Partitioned compression: HG005_GRCh38_1_22_v4.2.1_benchmark: hdt-merge started — hdt-merge-r02-00037
  Partitioned compression: HG005_GRCh38_1_22_v4.2.1_benchmark: hdt-merge complete — hdt-merge-r02-00037
  Partitioned compression: HG005_GRCh38_1_22_v4.2.1_benchmark: hdt-merge started — hdt-merge-r02-00038
  Partitioned compression: HG005_GRCh38_1_22_v4.2.1_benchmark: hdt-merge complete — hdt-merge-r02-00038
  Partitioned compression: HG005_GRCh38_1_22_v4.2.1_benchmark: hdt-merge started — hdt-merge-r02-00039
  Partitioned compression: HG005_GRCh38_1_22_v4.2.1_benchmark: hdt-merge complete — hdt-merge-r02-00039
  Partitioned compression: HG005_GRCh38_1_22_v4.2.1_benchmark: hdt-merge started — hdt-merge-r02-00040
  Partitioned compression: HG005_GRCh38_1_22_v4.2.1_benchmark: hdt-merge complete — hdt-merge-r02-00040
  Partitioned compression: HG005_GRCh38_1_22_v4.2.1_benchmark: hdt-merge started — hdt-merge-r02-00041
  Partitioned compression: HG005_GRCh38_1_22_v4.2.1_benchmark: hdt-merge complete — hdt-merge-r02-00041
  Partitioned compression: HG005_GRCh38_1_22_v4.2.1_benchmark: hdt-merge started — hdt-merge-r02-00042
  Partitioned compression: HG005_GRCh38_1_22_v4.2.1_benchmark: hdt-merge complete — hdt-merge-r02-00042
  Partitioned compression: HG005_GRCh38_1_22_v4.2.1_benchmark: hdt-merge started — hdt-merge-r02-00043
  Partitioned compression: HG005_GRCh38_1_22_v4.2.1_benchmark: hdt-merge complete — hdt-merge-r02-00043
  Partitioned compression: HG005_GRCh38_1_22_v4.2.1_benchmark: hdt-merge started — hdt-merge-r02-00044
  Partitioned compression: HG005_GRCh38_1_22_v4.2.1_benchmark: hdt-merge complete — hdt-merge-r02-00044
  Partitioned compression: HG005_GRCh38_1_22_v4.2.1_benchmark: hdt-merge started — hdt-merge-r02-00045
  Partitioned compression: HG005_GRCh38_1_22_v4.2.1_benchmark: hdt-merge complete — hdt-merge-r02-00045
  Partitioned compression: HG005_GRCh38_1_22_v4.2.1_benchmark: hdt-merge started — hdt-merge-r02-00046
  Partitioned compression: HG005_GRCh38_1_22_v4.2.1_benchmark: hdt-merge complete — hdt-merge-r02-00046
  Partitioned compression: HG005_GRCh38_1_22_v4.2.1_benchmark: hdt-merge started — hdt-merge-r02-00047
  Partitioned compression: HG005_GRCh38_1_22_v4.2.1_benchmark: hdt-merge complete — hdt-merge-r02-00047
  Partitioned compression: HG005_GRCh38_1_22_v4.2.1_benchmark: hdt-merge started — hdt-merge-r02-00048
  Partitioned compression: HG005_GRCh38_1_22_v4.2.1_benchmark: hdt-merge complete — hdt-merge-r02-00048
  Partitioned compression: HG005_GRCh38_1_22_v4.2.1_benchmark: hdt-merge started — hdt-merge-r02-00049
  Partitioned compression: HG005_GRCh38_1_22_v4.2.1_benchmark: hdt-merge complete — hdt-merge-r02-00049
  Partitioned compression: HG005_GRCh38_1_22_v4.2.1_benchmark: hdt-merge started — hdt-merge-r02-00050
  Partitioned compression: HG005_GRCh38_1_22_v4.2.1_benchmark: hdt-merge complete — hdt-merge-r02-00050
  Partitioned compression: HG005_GRCh38_1_22_v4.2.1_benchmark: hdt-merge started — hdt-merge-r02-00051
  Partitioned compression: HG005_GRCh38_1_22_v4.2.1_benchmark: hdt-merge complete — hdt-merge-r02-00051
  Partitioned compression: HG005_GRCh38_1_22_v4.2.1_benchmark: hdt-merge started — hdt-merge-r02-00052
  Partitioned compression: HG005_GRCh38_1_22_v4.2.1_benchmark: hdt-merge complete — hdt-merge-r02-00052
  Partitioned compression: HG005_GRCh38_1_22_v4.2.1_benchmark: hdt-merge started — hdt-merge-r02-00053
  Partitioned compression: HG005_GRCh38_1_22_v4.2.1_benchmark: hdt-merge complete — hdt-merge-r02-00053
  Partitioned compression: HG005_GRCh38_1_22_v4.2.1_benchmark: hdt-merge started — hdt-merge-r02-00054
  Partitioned compression: HG005_GRCh38_1_22_v4.2.1_benchmark: hdt-merge complete — hdt-merge-r02-00054
  Partitioned compression: HG005_GRCh38_1_22_v4.2.1_benchmark: hdt-merge started — hdt-merge-r02-00055
  Partitioned compression: HG005_GRCh38_1_22_v4.2.1_benchmark: hdt-merge complete — hdt-merge-r02-00055
  Partitioned compression: HG005_GRCh38_1_22_v4.2.1_benchmark: hdt-merge started — hdt-merge-r03-00000
  Partitioned compression: HG005_GRCh38_1_22_v4.2.1_benchmark: hdt-merge complete — hdt-merge-r03-00000
  Partitioned compression: HG005_GRCh38_1_22_v4.2.1_benchmark: hdt-merge started — hdt-merge-r03-00001
  Partitioned compression: HG005_GRCh38_1_22_v4.2.1_benchmark: hdt-merge complete — hdt-merge-r03-00001
  Partitioned compression: HG005_GRCh38_1_22_v4.2.1_benchmark: hdt-merge started — hdt-merge-r03-00002
  Partitioned compression: HG005_GRCh38_1_22_v4.2.1_benchmark: hdt-merge complete — hdt-merge-r03-00002
  Partitioned compression: HG005_GRCh38_1_22_v4.2.1_benchmark: hdt-merge started — hdt-merge-r03-00003
  Partitioned compression: HG005_GRCh38_1_22_v4.2.1_benchmark: hdt-merge complete — hdt-merge-r03-00003
  Partitioned compression: HG005_GRCh38_1_22_v4.2.1_benchmark: hdt-merge started — hdt-merge-r03-00004
  Partitioned compression: HG005_GRCh38_1_22_v4.2.1_benchmark: hdt-merge complete — hdt-merge-r03-00004
  Partitioned compression: HG005_GRCh38_1_22_v4.2.1_benchmark: hdt-merge started — hdt-merge-r03-00005
  Partitioned compression: HG005_GRCh38_1_22_v4.2.1_benchmark: hdt-merge complete — hdt-merge-r03-00005
  Partitioned compression: HG005_GRCh38_1_22_v4.2.1_benchmark: hdt-merge started — hdt-merge-r03-00006
  Partitioned compression: HG005_GRCh38_1_22_v4.2.1_benchmark: hdt-merge complete — hdt-merge-r03-00006
  Partitioned compression: HG005_GRCh38_1_22_v4.2.1_benchmark: hdt-merge started — hdt-merge-r03-00007
  Partitioned compression: HG005_GRCh38_1_22_v4.2.1_benchmark: hdt-merge complete — hdt-merge-r03-00007
  Partitioned compression: HG005_GRCh38_1_22_v4.2.1_benchmark: hdt-merge started — hdt-merge-r03-00008
  Partitioned compression: HG005_GRCh38_1_22_v4.2.1_benchmark: hdt-merge complete — hdt-merge-r03-00008
  Partitioned compression: HG005_GRCh38_1_22_v4.2.1_benchmark: hdt-merge started — hdt-merge-r03-00009
  Partitioned compression: HG005_GRCh38_1_22_v4.2.1_benchmark: hdt-merge complete — hdt-merge-r03-00009
  Partitioned compression: HG005_GRCh38_1_22_v4.2.1_benchmark: hdt-merge started — hdt-merge-r03-00010
  Partitioned compression: HG005_GRCh38_1_22_v4.2.1_benchmark: hdt-merge complete — hdt-merge-r03-00010
  Partitioned compression: HG005_GRCh38_1_22_v4.2.1_benchmark: hdt-merge started — hdt-merge-r03-00011
  Partitioned compression: HG005_GRCh38_1_22_v4.2.1_benchmark: hdt-merge complete — hdt-merge-r03-00011
  Partitioned compression: HG005_GRCh38_1_22_v4.2.1_benchmark: hdt-merge started — hdt-merge-r03-00012
  Partitioned compression: HG005_GRCh38_1_22_v4.2.1_benchmark: hdt-merge complete — hdt-merge-r03-00012
  Partitioned compression: HG005_GRCh38_1_22_v4.2.1_benchmark: hdt-merge started — hdt-merge-r03-00013
  Partitioned compression: HG005_GRCh38_1_22_v4.2.1_benchmark: hdt-merge complete — hdt-merge-r03-00013
  Partitioned compression: HG005_GRCh38_1_22_v4.2.1_benchmark: hdt-merge started — hdt-merge-r03-00014
  Partitioned compression: HG005_GRCh38_1_22_v4.2.1_benchmark: hdt-merge complete — hdt-merge-r03-00014
  Partitioned compression: HG005_GRCh38_1_22_v4.2.1_benchmark: hdt-merge started — hdt-merge-r03-00015
  Partitioned compression: HG005_GRCh38_1_22_v4.2.1_benchmark: hdt-merge complete — hdt-merge-r03-00015
  Partitioned compression: HG005_GRCh38_1_22_v4.2.1_benchmark: hdt-merge started — hdt-merge-r03-00016
  Partitioned compression: HG005_GRCh38_1_22_v4.2.1_benchmark: hdt-merge complete — hdt-merge-r03-00016
  Partitioned compression: HG005_GRCh38_1_22_v4.2.1_benchmark: hdt-merge started — hdt-merge-r03-00017
  Partitioned compression: HG005_GRCh38_1_22_v4.2.1_benchmark: hdt-merge complete — hdt-merge-r03-00017
  Partitioned compression: HG005_GRCh38_1_22_v4.2.1_benchmark: hdt-merge started — hdt-merge-r03-00018
  Partitioned compression: HG005_GRCh38_1_22_v4.2.1_benchmark: hdt-merge complete — hdt-merge-r03-00018
  Partitioned compression: HG005_GRCh38_1_22_v4.2.1_benchmark: hdt-merge started — hdt-merge-r03-00019
  Partitioned compression: HG005_GRCh38_1_22_v4.2.1_benchmark: hdt-merge complete — hdt-merge-r03-00019
  Partitioned compression: HG005_GRCh38_1_22_v4.2.1_benchmark: hdt-merge started — hdt-merge-r03-00020
  Partitioned compression: HG005_GRCh38_1_22_v4.2.1_benchmark: hdt-merge complete — hdt-merge-r03-00020
  Partitioned compression: HG005_GRCh38_1_22_v4.2.1_benchmark: hdt-merge started — hdt-merge-r03-00021
  Partitioned compression: HG005_GRCh38_1_22_v4.2.1_benchmark: hdt-merge complete — hdt-merge-r03-00021
  Partitioned compression: HG005_GRCh38_1_22_v4.2.1_benchmark: hdt-merge started — hdt-merge-r03-00022
  Partitioned compression: HG005_GRCh38_1_22_v4.2.1_benchmark: hdt-merge complete — hdt-merge-r03-00022
  Partitioned compression: HG005_GRCh38_1_22_v4.2.1_benchmark: hdt-merge started — hdt-merge-r03-00023
  Partitioned compression: HG005_GRCh38_1_22_v4.2.1_benchmark: hdt-merge complete — hdt-merge-r03-00023
  Partitioned compression: HG005_GRCh38_1_22_v4.2.1_benchmark: hdt-merge started — hdt-merge-r03-00024
  Partitioned compression: HG005_GRCh38_1_22_v4.2.1_benchmark: hdt-merge complete — hdt-merge-r03-00024
  Partitioned compression: HG005_GRCh38_1_22_v4.2.1_benchmark: hdt-merge started — hdt-merge-r03-00025
  Partitioned compression: HG005_GRCh38_1_22_v4.2.1_benchmark: hdt-merge complete — hdt-merge-r03-00025
  Partitioned compression: HG005_GRCh38_1_22_v4.2.1_benchmark: hdt-merge started — hdt-merge-r03-00026
  Partitioned compression: HG005_GRCh38_1_22_v4.2.1_benchmark: hdt-merge complete — hdt-merge-r03-00026
  Partitioned compression: HG005_GRCh38_1_22_v4.2.1_benchmark: hdt-merge started — hdt-merge-r03-00027
  Partitioned compression: HG005_GRCh38_1_22_v4.2.1_benchmark: hdt-merge complete — hdt-merge-r03-00027
  Partitioned compression: HG005_GRCh38_1_22_v4.2.1_benchmark: hdt-merge started — hdt-merge-r04-00000
  Partitioned compression: HG005_GRCh38_1_22_v4.2.1_benchmark: hdt-merge complete — hdt-merge-r04-00000
  Partitioned compression: HG005_GRCh38_1_22_v4.2.1_benchmark: hdt-merge started — hdt-merge-r04-00001
  Partitioned compression: HG005_GRCh38_1_22_v4.2.1_benchmark: hdt-merge complete — hdt-merge-r04-00001
  Partitioned compression: HG005_GRCh38_1_22_v4.2.1_benchmark: hdt-merge started — hdt-merge-r04-00002
  Partitioned compression: HG005_GRCh38_1_22_v4.2.1_benchmark: hdt-merge complete — hdt-merge-r04-00002
  Partitioned compression: HG005_GRCh38_1_22_v4.2.1_benchmark: hdt-merge started — hdt-merge-r04-00003
  Partitioned compression: HG005_GRCh38_1_22_v4.2.1_benchmark: hdt-merge complete — hdt-merge-r04-00003
  Partitioned compression: HG005_GRCh38_1_22_v4.2.1_benchmark: hdt-merge started — hdt-merge-r04-00004
  Partitioned compression: HG005_GRCh38_1_22_v4.2.1_benchmark: hdt-merge complete — hdt-merge-r04-00004
  Partitioned compression: HG005_GRCh38_1_22_v4.2.1_benchmark: hdt-merge started — hdt-merge-r04-00005
  Partitioned compression: HG005_GRCh38_1_22_v4.2.1_benchmark: hdt-merge complete — hdt-merge-r04-00005
  Partitioned compression: HG005_GRCh38_1_22_v4.2.1_benchmark: hdt-merge started — hdt-merge-r04-00006
  Partitioned compression: HG005_GRCh38_1_22_v4.2.1_benchmark: hdt-merge complete — hdt-merge-r04-00006
  Partitioned compression: HG005_GRCh38_1_22_v4.2.1_benchmark: hdt-merge started — hdt-merge-r04-00007
  Partitioned compression: HG005_GRCh38_1_22_v4.2.1_benchmark: hdt-merge complete — hdt-merge-r04-00007
  Partitioned compression: HG005_GRCh38_1_22_v4.2.1_benchmark: hdt-merge started — hdt-merge-r04-00008
  Partitioned compression: HG005_GRCh38_1_22_v4.2.1_benchmark: hdt-merge complete — hdt-merge-r04-00008
  Partitioned compression: HG005_GRCh38_1_22_v4.2.1_benchmark: hdt-merge started — hdt-merge-r04-00009
  Partitioned compression: HG005_GRCh38_1_22_v4.2.1_benchmark: hdt-merge complete — hdt-merge-r04-00009
  Partitioned compression: HG005_GRCh38_1_22_v4.2.1_benchmark: hdt-merge started — hdt-merge-r04-00010
  Partitioned compression: HG005_GRCh38_1_22_v4.2.1_benchmark: hdt-merge complete — hdt-merge-r04-00010
  Partitioned compression: HG005_GRCh38_1_22_v4.2.1_benchmark: hdt-merge started — hdt-merge-r04-00011
  Partitioned compression: HG005_GRCh38_1_22_v4.2.1_benchmark: hdt-merge complete — hdt-merge-r04-00011
  Partitioned compression: HG005_GRCh38_1_22_v4.2.1_benchmark: hdt-merge started — hdt-merge-r04-00012
  Partitioned compression: HG005_GRCh38_1_22_v4.2.1_benchmark: hdt-merge complete — hdt-merge-r04-00012
  Partitioned compression: HG005_GRCh38_1_22_v4.2.1_benchmark: hdt-merge started — hdt-merge-r04-00013
  Partitioned compression: HG005_GRCh38_1_22_v4.2.1_benchmark: hdt-merge complete — hdt-merge-r04-00013
  Partitioned compression: HG005_GRCh38_1_22_v4.2.1_benchmark: hdt-merge started — hdt-merge-r05-00000
  Partitioned compression: HG005_GRCh38_1_22_v4.2.1_benchmark: hdt-merge complete — hdt-merge-r05-00000
  Partitioned compression: HG005_GRCh38_1_22_v4.2.1_benchmark: hdt-merge started — hdt-merge-r05-00001
  Partitioned compression: HG005_GRCh38_1_22_v4.2.1_benchmark: hdt-merge complete — hdt-merge-r05-00001
  Partitioned compression: HG005_GRCh38_1_22_v4.2.1_benchmark: hdt-merge started — hdt-merge-r05-00002
  Partitioned compression: HG005_GRCh38_1_22_v4.2.1_benchmark: hdt-merge complete — hdt-merge-r05-00002
  Partitioned compression: HG005_GRCh38_1_22_v4.2.1_benchmark: hdt-merge started — hdt-merge-r05-00003
  Partitioned compression: HG005_GRCh38_1_22_v4.2.1_benchmark: hdt-merge complete — hdt-merge-r05-00003
  Partitioned compression: HG005_GRCh38_1_22_v4.2.1_benchmark: hdt-merge started — hdt-merge-r05-00004
  Partitioned compression: HG005_GRCh38_1_22_v4.2.1_benchmark: hdt-merge complete — hdt-merge-r05-00004
  Partitioned compression: HG005_GRCh38_1_22_v4.2.1_benchmark: hdt-merge started — hdt-merge-r05-00005
  Partitioned compression: HG005_GRCh38_1_22_v4.2.1_benchmark: hdt-merge complete — hdt-merge-r05-00005
  Partitioned compression: HG005_GRCh38_1_22_v4.2.1_benchmark: hdt-merge started — hdt-merge-r05-00006
  Partitioned compression: HG005_GRCh38_1_22_v4.2.1_benchmark: hdt-merge complete — hdt-merge-r05-00006
  Partitioned compression: HG005_GRCh38_1_22_v4.2.1_benchmark: hdt-merge started — hdt-merge-r06-00000
  Partitioned compression: HG005_GRCh38_1_22_v4.2.1_benchmark: hdt-merge complete — hdt-merge-r06-00000
  Partitioned compression: HG005_GRCh38_1_22_v4.2.1_benchmark: hdt-merge started — hdt-merge-r06-00001
  Partitioned compression: HG005_GRCh38_1_22_v4.2.1_benchmark: hdt-merge complete — hdt-merge-r06-00001
  Partitioned compression: HG005_GRCh38_1_22_v4.2.1_benchmark: hdt-merge started — hdt-merge-r06-00002
  Partitioned compression: HG005_GRCh38_1_22_v4.2.1_benchmark: hdt-merge complete — hdt-merge-r06-00002
  Partitioned compression: HG005_GRCh38_1_22_v4.2.1_benchmark: hdt-merge started — hdt-merge-r07-00000
  Partitioned compression: HG005_GRCh38_1_22_v4.2.1_benchmark: hdt-merge complete — hdt-merge-r07-00000
  Partitioned compression: HG005_GRCh38_1_22_v4.2.1_benchmark: hdt-merge started — hdt-merge-r07-00001
  Partitioned compression: HG005_GRCh38_1_22_v4.2.1_benchmark: hdt-merge complete — hdt-merge-r07-00001
  Partitioned compression: HG005_GRCh38_1_22_v4.2.1_benchmark: hdt-merge started — hdt-merge-r08-00000
  Partitioned compression: HG005_GRCh38_1_22_v4.2.1_benchmark: hdt-merge complete — hdt-merge-r08-00000
  Partitioned compression: HG005_GRCh38_1_22_v4.2.1_benchmark: hdt started — hdt-index
  Partitioned compression: HG005_GRCh38_1_22_v4.2.1_benchmark: hdt complete — hdt-index
  Partitioned compression: HG005_GRCh38_1_22_v4.2.1_benchmark: hdt started — hdt-validate
  Partitioned compression: HG005_GRCh38_1_22_v4.2.1_benchmark: hdt complete — hdt-validate
Partitioned compression: HG005_GRCh38_1_22_v4.2.1_benchmark: finished
