1790173320	4096
1790173325	165912576
1790173330	359927808
1790173335	553021440
1790173340	746864640
1790173345	936914944
1790173350	1134673920
1790173355	1339400192
1790173360	1540333568
1790173365	1749913600
1790173370	1956179968
1790173375	2160062464
1790173380	2364682240
1790173385	2466635776
1790173390	2466639872
1790173395	2535092224
1790173400	2703867904
1790173405	2861395968
1790173410	3023224832
1790173415	3190263808
1790173420	3365040128
1790173425	3529072640
1790173430	3704532992
1790173435	3876061184
1790173440	4037386240
1790173445	4210610176
1790173450	4378193920
1790173455	4549259264
1790173460	4712464384
1790173465	4876754944
1790173470	5047410688
1790173475	5207400448
1790173480	5380059136
1790173485	5551800320
1790173490	5712678912
1790173495	5877444608
1790173500	6040399872
1790173505	6198370304
1790173510	6361755648
1790173516	6530678784
1790173521	6677704704
1790173526	6739841024
1790173531	6742691840
1790173536	6760476672
1790173541	5696606208
1790173546	5187661824
1790173551	4687699968
1790173556	3647074304
1790173561	3144482816
1790173566	2633326592
1790173571	2633326592
1790173576	2633326592
1790173581	2634805248
1790173586	2638340096
1790173591	2641821696
1790173596	2645336064
1790173601	2648612864
1790173606	2652127232
1790173611	2655641600
1790173616	2659160064
1790173621	2662674432
1790173626	2665897984
1790173631	2669641728
1790173636	2673123328
1790173641	2676576256
1790173646	2680053760
1790173651	2683531264
1790173656	2686992384
1790173661	2690473984
1790173666	2693693440
1790173671	2697404416
1790173676	2700881920
1790173681	2704101376
1790173686	2707582976
1790173691	2711064576
1790173696	2714542080
1790173701	2718023680
1790173706	2721734656
1790173711	2725216256
1790173716	2728693760
1790173721	2732171264
1790173726	2735886336
1790173731	2739363840
1790173736	2742607872
1790173741	2746322944
1790173746	2749800448
1790173751	2753253376
1790173756	2756759552
1790173761	2760241152
1790173766	2763718656
1790173771	2767196160
1790173776	2770640896
1790173781	2774384640
1790173786	2777837568
1790173791	2781319168
1790173796	2784796672
1790173801	2788274176
1790173806	2791755776
1790173811	2795233280
1790173816	2798714880
1790173821	2802192384
1790173826	2805698560
1790173831	2809151488
1790173836	2812633088
1790173841	2816114688
1790173846	2819592192
1790173851	2823069696
1790173856	2826547200
1790173861	2830024704
1790173866	2833502208
1790173871	2836979712
1790173876	2840457216
1790173881	2843934720
1790173886	2847416320
1790173891	2850897920
1790173896	2854375424
1790173901	2857852928
1790173906	2861330432
1790173911	2864812032
1790173916	2868289536
1790173921	2871771136
1790173926	2875248640
1790173931	2878730240
1790173936	2882183168
1790173941	2885660672
1790173946	2889142272
1790173951	2892623872
1790173956	2896101376
1790173961	2899578880
1790173966	2903056384
1790173971	2906533888
1790173976	2910019584
1790173981	2913492992
1790173986	2916970496
1790173991	2920423424
1790173996	2923900928
1790174001	2927382528
1790174006	2930835456
1790174011	2934312960
1790174016	2937798656
1790174021	2941272064
1790174026	2944749568
1790174031	2948231168
1790174036	2951712768
1790174041	2955173888
1790174046	2958606336
1790174051	2962067456
1790174056	2965528576
1790174061	2969219072
1790174066	2972418048
1790174071	2976112640
1790174076	2979598336
1790174081	2983034880
1790174086	2986729472
1790174091	2990194688
1790174096	2993893376
1790174101	2997354496
1790174106	3000815616
1790174111	3004010496
1790174116	3007709184
1790174122	3011166208
1790174127	3014627328
1790174132	3018321920
1790174137	3021783040
1790174142	3025240064
1790174147	3028701184
1790174152	3032395776
1790174157	3035852800
1790174162	3039313920
1790174167	3042775040
1790174172	3046473728
1790174177	3049930752
1790174182	3053391872
1790174187	3056848896
1790174192	3060572160
1790174197	3064033280
1790174202	3067494400
1790174207	3070922752
1790174212	3074383872
1790174217	3077840896
1790174222	3081564160
1790174227	3085000704
1790174232	3088457728
1790174237	3091918848
1790174242	3095613440
1790174247	3099074560
1790174252	3102535680
1790174257	3105996800
1790174262	3108900864
1790174267	3111931904
1790174272	3115388928
1790174277	3119087616
1790174282	3122548736
1790174287	3126009856
1790174292	3129442304
1790174297	3133165568
1790174302	3136626688
1790174307	3140091904
1790174312	3143790592
1790174317	3147247616
1790174322	3150712832
1790174327	3154407424
1790174332	3157868544
1790174337	3161325568
1790174342	3164786688
1790174347	3168505856
1790174352	3171934208
1790174357	3175391232
1790174362	3179089920
1790174367	3182546944
1790174372	3186008064
1790174377	3189735424
1790174382	3193196544
1790174387	3196653568
1790174392	3200086016
1790174397	3203817472
1790174402	3207254016
1790174407	3210715136
1790174412	3214176256
1790174417	3217637376
1790174422	3221098496
1790174427	3224559616
1790174432	3228020736
1790174437	3231485952
1790174442	3234942976
1790174447	3238379520
1790174452	3242098688
1790174457	3245535232
1790174462	3249020928
1790174467	3252453376
1790174472	3256180736
1790174477	3259613184
1790174482	3263074304
1790174487	3266535424
1790174492	3269967872
1790174497	3273662464
1790174502	3277119488
1790174507	3280605184
1790174512	3284066304
1790174517	3287498752
1790174522	3291222016
1790174527	3294679040
1790174532	3298140160
1790174537	3301834752
1790174542	3305291776
1790174547	3308724224
1790174552	3312422912
1790174557	3315884032
1790174562	3319316480
1790174567	3323015168
1790174572	3326476288
1790174577	3329937408
1790174582	3333644288
1790174587	3337072640
1790174592	3340533760
1790174597	3344023552
1790174602	3347718144
1790174607	3351179264
1790174612	3354640384
1790174617	3358097408
1790174622	3361558528
1790174627	3365253120
1790174632	3368718336
1790174637	3372175360
1790174642	3375636480
1790174647	3379359744
1790174652	3382796288
1790174657	3386261504
1790174662	3389693952
1790174667	3393126400
1790174672	3396849664
1790174677	3400314880
1790174682	3403776000
1790174687	3407208448
1790174692	3410669568
1790174697	3414392832
1790174702	3417853952
1790174707	3421048832
1790174712	3424509952
1790174717	3427971072
1790174723	3431432192
1790174728	3435126784
1790174733	3438587904
1790174738	3442024448
1790174743	3445456896
1790174748	3449159680
1790174753	3452624896
1790174758	3456057344
1790174763	3459518464
1790174768	3463213056
1790174773	3466649600
1790174778	3470110720
1790174783	3473571840
1790174788	3477270528
1790174793	3480727552
1790174798	3484188672
1790174803	3487883264
1790174808	3491348480
1790174813	3494776832
1790174818	3498242048
1790174823	3501936640
1790174828	3505401856
1790174833	3508858880
1790174838	3512324096
1790174843	3516047360
1790174848	3519475712
1790174853	3522936832
1790174858	3526664192
1790174863	3530125312
1790174868	3533582336
1790174873	3537043456
1790174878	3540766720
1790174883	3544199168
1790174888	3547664384
1790174893	3551125504
1790174898	3554820096
1790174903	3558281216
1790174908	3561746432
1790174913	3565207552
1790174918	3568668672
1790174923	3572101120
1790174928	3575799808
1790174933	3579260928
1790174938	3582722048
1790174943	3586183168
1790174948	3589615616
1790174953	3593080832
1790174958	3596541952
1790174963	3600236544
1790174968	3603697664
1790174973	3607158784
1790174978	3610619904
1790174983	3614081024
1790174988	3617775616
1790174993	3621236736
1790174998	3624697856
1790175003	3628158976
1790175008	3631886336
1790175013	3635318784
1790175018	3638784000
1790175023	3642478592
1790175028	3645939712
1790175033	3649638400
1790175038	3653103616
1790175043	3656564736
1790175048	3660025856
1790175053	3663720448
1790175058	3667206144
1790175063	3670638592
1790175068	3674095616
1790175073	3677822976
1790175078	3681280000
1790175083	3684716544
1790175088	3688439808
1790175093	3691900928
1790175098	3695357952
1790175103	3698581504
1790175108	3702038528
1790175113	3705733120
1790175118	3709194240
1790175123	3712684032
1790175128	3716378624
1790175133	3719815168
1790175138	3723276288
1790175143	3726737408
1790175148	3730173952
1790175153	3733659648
1790175158	3737354240
1790175163	3740549120
1790175168	3744243712
1790175173	3747737600
1790175178	3751165952
1790175183	3754627072
1790175188	3758116864
1790175193	3761815552
1790175198	3765276672
1790175203	3768709120
1790175208	3772170240
1790175213	3775889408
1790175218	3779350528
1790175223	3782782976
1790175228	3786244096
1790175233	3789701120
1790175238	3793162240
1790175243	3796856832
1790175248	3800317952
1790175253	3803779072
1790175258	3807236096
1790175263	3810672640
1790175268	3814129664
1790175273	3817852928
1790175278	3821314048
1790175283	3824746496
1790175288	3828207616
1790175293	3831906304
1790175298	3835371520
1790175303	3838799872
1790175308	3842265088
1790175313	3845726208
1790175318	3849183232
1790175323	3852644352
1790175328	3856461824
1790175333	3862458368
1790175338	3868659712
1790175344	3874897920
1790175349	3881132032
1790175354	3887333376
1790175359	3893530624
1790175364	3899686912
1790175369	3905847296
1790175374	3911970816
1790175379	3917885440
1790175384	3924221952
1790175389	3930103808
1790175394	3936231424
1790175399	3942391808
1790175404	3948302336
1790175409	3954675712
1790175414	3960590336
1790175419	3966750720
1790175424	3972632576
1790175429	3978752000
1790175434	3984879616
1790175439	3990757376
1790175444	3996893184
1790175449	4003016704
1790175454	4009136128
1790175459	4015296512
1790175464	4021424128
1790175469	4027555840
1790175474	4033470464
1790175479	4039598080
1790175484	4045451264
1790175489	4051566592
1790175494	4057964544
1790175499	4064092160
1790175504	4070252544
1790175509	4076138496
1790175514	4082331648
1790175519	4088492032
1790175524	4094648320
1790175529	4100780032
1790175534	4106870784
1790175539	4112961536
1790175544	4119089152
1790175549	4125212672
1790175554	4131102720
1790175559	4137512960
1790175564	4143632384
1790175569	4149964800
1790175574	4156121088
1790175579	4162240512
1790175584	4168368128
1790175589	4174737408
1790175594	4180865024
1790175599	4186992640
1790175604	4193124352
1790175609	4199280640
1790175614	4205445120
1790175619	4211605504
1790175624	4217667584
1790175629	4223963136
1790175634	4230115328
1790175639	4236234752
1790175644	4242366464
1790175649	4248694784
1790175654	4254986240
1790175659	4261040128
1790175664	4267339776
1790175669	4273188864
1790175674	4279521280
1790175679	4285575168
1790175684	4291657728
1790175689	4297953280
1790175694	4304044032
1790175699	4310335488
1790175704	4316426240
1790175709	4322721792
1790175714	4328742912
1790175719	4335034368
1790175724	4341329920
1790175729	4347416576
1790175734	4353716224
1790175739	4359806976
1790175744	4365897728
1790175749	4372230144
1790175754	4378320896
1790175759	4384616448
1790175764	4390674432
1790175769	4396765184
1790175774	4402855936
1790175779	4409151488
1790175784	4415270912
1790175789	4421545984
1790175794	4427632640
1790175799	4433719296
1790175804	4438908928
1790175809	4445007872
1790175814	4451299328
1790175819	4457320448
1790175824	4463652864
1790175829	4469710848
1790175834	4475555840
1790175839	4481888256
1790175844	4487974912
1790175849	4494061568
1790175854	4500148224
1790175859	4506238976
1790175864	4512051200
1790175869	4518318080
1790175874	4524580864
1790175879	4530630656
1790175884	4536926208
1790175889	4543016960
1790175894	4549279744
1790175900	4555304960
1790175905	4561395712
1790175910	4567724032
1790175915	4573847552
1790175920	4580179968
1790175925	4586266624
1790175930	4592599040
1790175935	4598652928
1790175940	4604882944
1790175945	4610859008
1790175950	4616634368
1790175955	4622446592
1790175960	4628537344
1790175965	4634873856
1790175970	4640927744
1790175975	4647047168
1790175980	4653137920
1790175985	4659503104
1790175990	4665593856
1790175995	4671647744
1790176000	4677943296
1790176005	4683968512
1790176010	4690018304
1790176015	4696039424
1790176020	4702330880
1790176025	4708388864
1790176030	4714655744
1790176035	4720984064
1790176040	4727042048
1790176045	4733161472
1790176050	4739252224
1790176055	4745592832
1790176060	4751646720
1790176065	4757946368
1790176070	4764270592
1790176075	4770357248
1790176080	4776349696
1790176085	4782436352
1790176090	4788527104
1790176095	4794580992
1790176100	4800675840
1790176105	4806795264
1790176110	4813094912
1790176115	4819116032
1790176120	4825141248
1790176125	4831166464
1790176130	4837216256
1790176135	4843307008
1790176140	4849393664
1790176145	4855660544
1790176150	4861763584
1790176155	4867608576
1790176160	4873908224
1790176165	4879958016
1790176170	4886294528
1790176175	4892594176
1790176180	4898652160
1790176185	4904951808
1790176190	4911038464
1790176195	4917338112
1790176200	4923396096
1790176205	4929765376
1790176210	4935614464
1790176215	4941705216
1790176220	4947791872
1790176225	4954157056
1790176230	4960284672
1790176235	4966584320
1790176240	4972851200
1790176245	4979150848
1790176250	4985450496
1790176255	4991508480
1790176260	4997832704
1790176265	5003919360
1790176270	5010006016
1790176275	5015851008
1790176280	5021700096
1790176285	5027725312
1790176290	5033807872
1790176295	5040107520
1790176300	5046194176
1790176305	5052284928
1790176310	5058621440
1790176315	5064470528
1790176320	5070561280
1790176325	5076619264
1790176330	5082877952
1790176335	5088968704
1790176340	5095055360
1790176345	5100908544
1790176350	5106970624
1790176355	5113303040
1790176360	5119324160
1790176365	5125627904
1790176370	5131649024
1790176375	5137768448
1790176380	5143863296
1790176385	5149982720
1790176390	5156315136
1790176395	5162299392
1790176400	5168640000
1790176405	5174759424
1790176410	5181067264
1790176415	5187473408
1790176420	5193596928
1790176425	5199966208
1790176430	5206269952
1790176435	5212082176
1790176440	5218136064
1790176445	5224226816
1790176450	5230284800
1790176455	5236375552
1790176460	5242703872
1790176465	5248757760
1790176470	5254926336
1790176475	5260988416
1790176480	5267283968
1790176485	5273411584
1790176490	5279748096
1790176495	5285838848
1790176500	5291888640
1790176505	5297987584
1790176510	5303869440
1790176515	5309960192
1790176520	5315985408
1790176525	5322067968
1790176530	5328162816
1790176535	5334220800
1790176540	5340315648
1790176546	5346443264
1790176551	2885300224
1790176556	2885304320
1790176561	2885304320
1790176566	2885304320
1790176571	2885304320
1790176576	2885304320
1790176581	2885304320
1790176586	2885304320
1790176591	2885304320
1790176596	2885304320
1790176601	2885304320
1790176606	2885304320
1790176611	2885304320
1790176616	2885304320
1790176621	2885304320
1790176626	2885304320
1790176631	2885304320
1790176636	2885304320
1790176641	2885304320
1790176646	2885304320
1790176651	2885304320
1790176656	2885304320
1790176661	2885304320
1790176666	2885304320
1790176671	2885304320
1790176676	2885304320
1790176681	2885304320
1790176686	2885304320
1790176691	2885304320
1790176696	2885304320
1790176701	2885304320
1790176706	2885304320
1790176711	2885304320
1790176716	2885304320
1790176721	2885304320
1790176726	2885304320
1790176731	2885304320
1790176736	2885304320
1790176741	2885304320
1790176746	2885304320
1790176751	2885304320
1790176756	2885304320
1790176761	2885304320
1790176766	2885304320
1790176771	2885304320
1790176776	2885304320
1790176781	2885304320
1790176786	2885304320
1790176791	2885304320
1790176796	2885304320
1790176801	2885304320
1790176806	2885304320
1790176811	2885304320
1790176816	2885304320
1790176821	2885304320
1790176826	2885304320
1790176831	2885304320
1790176836	2885304320
1790176841	2885304320
1790176846	2885304320
1790176851	2885304320
1790176856	2885304320
1790176861	2885304320
1790176866	2885304320
1790176871	2885304320
1790176876	2885304320
1790176881	2885304320
1790176886	2885304320
1790176891	2885304320
1790176896	2885304320
1790176901	2885304320
1790176906	2885304320
1790176911	2885304320
1790176916	2885304320
1790176921	2885304320
1790176926	2885304320
1790176931	2885304320
1790176936	2885304320
1790176941	2885304320
1790176946	2885304320
1790176951	2885304320
1790176956	2885304320
1790176961	2885304320
1790176966	2885304320
1790176971	2885304320
1790176976	2885304320
1790176981	2885304320
1790176986	2885304320
1790176991	2885304320
1790176996	2885304320
1790177001	2885304320
1790177006	2885304320
1790177011	2885304320
1790177016	2885304320
1790177021	2885304320
1790177027	2885304320
1790177032	2885304320
1790177037	2885304320
1790177042	2885304320
1790177047	2885304320
1790177052	2885304320
1790177057	2885304320
1790177062	2885304320
1790177067	2885304320
1790177072	2885304320
1790177077	2885304320
1790177082	2885304320
1790177087	2885304320
1790177092	2885304320
1790177097	2885304320
1790177102	2885304320
1790177107	2885304320
1790177112	2885304320
1790177117	2885304320
1790177122	2885304320
1790177127	2885304320
1790177132	2885304320
1790177137	2885304320
1790177142	2885304320
1790177147	2885304320
1790177152	2885304320
1790177157	2885304320
1790177162	2885304320
1790177167	2885304320
1790177172	2885304320
1790177177	2885304320
1790177182	2885304320
1790177187	2885304320
1790177192	2885304320
1790177197	2885304320
1790177202	2885304320
1790177207	2885304320
1790177212	2885304320
1790177217	2885304320
1790177222	2885304320
1790177227	2885304320
1790177232	2885304320
1790177237	2885304320
1790177242	2885304320
1790177247	2885304320
1790177252	2885304320
1790177257	2885304320
1790177262	2885304320
1790177267	2885304320
1790177272	2885304320
1790177277	2885304320
1790177282	2885304320
1790177287	2885304320
1790177292	2885304320
1790177297	2885304320
1790177302	2885304320
1790177307	2885304320
1790177312	2885304320
1790177317	2885304320
1790177322	2885304320
1790177327	2885304320
1790177332	2885304320
1790177337	2885304320
1790177342	2885304320
1790177347	2885304320
1790177352	2885304320
1790177357	2885304320
1790177362	2885304320
1790177367	2885304320
1790177372	2885304320
1790177377	2885304320
1790177382	2885304320
1790177387	2885304320
1790177392	2885304320
1790177397	2885304320
1790177402	2885304320
1790177407	2885304320
1790177412	2885304320
1790177417	2885304320
1790177422	2885304320
1790177427	2885304320
1790177432	2885304320
1790177437	2885304320
1790177442	2885304320
1790177447	2885304320
1790177452	2885304320
1790177457	2885304320
1790177462	2885304320
1790177467	2885304320
1790177472	2885304320
1790177477	2885304320
1790177482	2885304320
1790177487	2885304320
1790177492	2885304320
1790177497	2885304320
1790177502	2885304320
1790177507	2885304320
1790177512	2885304320
1790177517	2885304320
1790177522	2885304320
1790177527	2885304320
1790177532	2885304320
1790177537	2885304320
1790177542	2885304320
1790177547	2885304320
1790177552	2885304320
1790177557	2885304320
1790177562	2885304320
1790177568	2885304320
1790177573	2885304320
1790177578	2885304320
1790177583	2885304320
1790177588	2885304320
1790177593	2885304320
1790177598	2885304320
1790177603	2885304320
1790177608	2885304320
1790177613	2885304320
1790177618	2885304320
1790177623	2885304320
1790177628	2885304320
1790177633	2885304320
1790177638	2885304320
1790177643	2885304320
1790177648	2885304320
1790177653	2885304320
1790177658	2885304320
1790177663	2885304320
1790177668	2885304320
1790177673	2885304320
1790177678	2885304320
1790177683	2885304320
1790177688	2885304320
1790177693	2885304320
1790177698	2885304320
1790177703	2885304320
1790177708	2885304320
1790177713	2885304320
1790177718	2885304320
1790177723	2885304320
1790177728	2885304320
1790177733	2885304320
1790177738	2885304320
1790177743	2885304320
1790177748	2885304320
1790177753	2885304320
1790177758	2885304320
1790177763	2885304320
1790177768	2885304320
1790177773	2885304320
1790177778	2885304320
1790177783	2885304320
1790177788	2885304320
1790177793	2885304320
1790177798	2885304320
1790177803	2885304320
1790177808	2885304320
1790177813	2885304320
1790177818	2885304320
1790177823	2885304320
1790177828	2885304320
1790177833	2885304320
1790177838	2885304320
1790177843	2885304320
1790177848	2885304320
1790177853	2885304320
1790177858	2885304320
1790177863	2885304320
1790177868	2885304320
1790177873	2885304320
1790177878	2885304320
1790177883	2885304320
1790177888	2885304320
1790177893	2885304320
1790177898	2885304320
1790177903	2885304320
1790177908	2885304320
1790177913	2885304320
1790177918	2885304320
1790177923	2885304320
1790177928	2885304320
1790177933	2885304320
1790177938	2885304320
1790177943	2885304320
1790177948	2885304320
1790177953	2885304320
1790177958	2885304320
1790177963	2885304320
1790177968	2885304320
1790177973	2885304320
1790177978	2885304320
1790177983	2885304320
1790177988	2885304320
1790177993	2885304320
1790177998	2885304320
1790178003	2885304320
1790178008	2885304320
1790178013	2885304320
1790178018	2885304320
1790178023	2885304320
1790178028	2885304320
1790178033	2885304320
1790178039	2885304320
1790178044	2885304320
1790178049	2885304320
1790178054	2885304320
1790178059	2885304320
1790178064	2885304320
1790178069	2885304320
1790178074	2885304320
1790178079	2885304320
1790178084	2885304320
1790178089	2885304320
1790178094	2885304320
1790178099	2885304320
1790178104	2885304320
1790178109	2885304320
1790178114	2885304320
1790178119	2885304320
1790178124	2885304320
1790178129	2885304320
1790178134	2885304320
1790178139	2885304320
1790178144	2885304320
1790178149	2885304320
1790178154	2885304320
1790178159	2885304320
1790178164	2885304320
1790178169	2885304320
1790178174	2885304320
1790178179	2885304320
1790178184	2885304320
1790178189	2885304320
1790178194	2885304320
1790178199	2885304320
1790178204	2885304320
1790178209	2885304320
1790178214	2885304320
1790178219	2885304320
1790178224	2885304320
1790178229	2885304320
1790178234	2885304320
1790178239	2885304320
1790178244	2885304320
1790178249	2885304320
1790178254	2885304320
1790178259	2885304320
1790178264	2885304320
1790178269	2885304320
1790178274	2885304320
1790178279	2885304320
1790178284	2885304320
1790178289	2885304320
1790178294	2885304320
1790178299	2885304320
1790178304	2885304320
1790178309	2885304320
1790178314	2885304320
1790178319	2885304320
1790178324	2885304320
1790178329	2885304320
1790178334	2885304320
1790178339	2885304320
1790178344	2885304320
1790178349	2885304320
1790178354	2885304320
1790178359	2885304320
1790178364	2885304320
1790178369	2885304320
1790178374	2885304320
1790178379	2885304320
1790178384	2885304320
1790178389	2885304320
1790178394	2885304320
1790178399	2885304320
1790178404	2885304320
1790178409	2885304320
1790178414	2885304320
1790178419	2885304320
1790178424	2885304320
1790178429	2885304320
1790178434	2885304320
1790178439	2885304320
1790178444	2885304320
1790178449	2885304320
1790178454	2885304320
1790178459	2885304320
1790178464	2885304320
1790178469	2885304320
1790178474	2885304320
1790178479	2885304320
1790178484	2885304320
1790178489	2885304320
1790178494	2885304320
1790178499	2885304320
1790178504	2885304320
1790178509	2885304320
1790178514	2885304320
1790178519	2885304320
1790178524	2885304320
1790178529	2885304320
1790178534	2885304320
1790178539	2885304320
1790178544	2885304320
1790178549	2885304320
1790178554	2885304320
1790178559	2885304320
1790178564	2885304320
1790178570	2885304320
1790178575	2885304320
1790178580	2885304320
1790178585	2885304320
1790178590	2885304320
1790178595	2885304320
1790178600	2885304320
1790178605	2885304320
1790178610	2885304320
1790178615	2885304320
1790178620	2885304320
1790178625	2885304320
1790178630	2885304320
1790178635	2885304320
1790178640	2885304320
1790178645	2885304320
1790178650	2885304320
1790178655	2885304320
1790178660	2885304320
1790178665	2885304320
1790178670	2885304320
1790178675	2885304320
1790178680	2885304320
1790178685	2885304320
1790178690	2885304320
1790178695	2885304320
1790178700	2885304320
1790178705	2885304320
1790178710	2885304320
1790178715	2885304320
1790178720	2885304320
1790178725	2885304320
1790178730	2885304320
1790178735	2885304320
1790178740	2885304320
1790178745	2885304320
1790178750	2885304320
1790178755	2885304320
1790178760	2885304320
1790178765	2885304320
1790178770	2885304320
1790178775	2885304320
1790178780	2885304320
1790178785	2885304320
1790178790	2885304320
1790178795	2885304320
1790178800	2885304320
1790178805	2885304320
1790178810	2885304320
1790178815	2885304320
1790178820	2885304320
1790178825	2885304320
1790178830	2885304320
1790178835	2885304320
1790178840	2885304320
1790178845	2885304320
1790178850	2885304320
1790178855	2885304320
1790178860	2885304320
1790178865	2885304320
1790178870	2885304320
1790178875	2885304320
1790178880	2885304320
1790178885	2885304320
1790178890	2885304320
1790178895	2885304320
1790178900	2885304320
1790178905	2885304320
1790178910	2885308416
1790178915	2885308416
1790178920	2885308416
1790178925	2885308416
1790178930	2885308416
1790178935	2885308416
1790178940	2885308416
1790178945	2885308416
1790178950	2885308416
1790178955	2885308416
1790178960	2885308416
1790178965	2885308416
1790178970	2885308416
1790178975	2885308416
1790178980	2885308416
1790178985	2885308416
1790178990	2885308416
1790178995	2885308416
1790179000	2885308416
1790179005	2885308416
1790179010	2885308416
1790179015	2885308416
1790179020	2885308416
1790179025	2885308416
1790179030	2885308416
1790179035	2885308416
1790179040	2885308416
1790179045	2885308416
1790179050	2885308416
1790179055	2885308416
1790179060	2885308416
1790179065	2885308416
1790179070	2885308416
1790179075	2885308416
1790179080	2885308416
1790179085	2885308416
1790179091	2885308416
1790179096	2885308416
1790179101	2885308416
1790179106	2885308416
1790179111	2885308416
1790179116	2885308416
1790179121	2885308416
1790179126	2885308416
1790179131	2885308416
1790179136	2885308416
1790179141	2885308416
1790179146	2885308416
1790179151	2885308416
1790179156	2885308416
1790179161	2885308416
1790179166	2885308416
1790179171	2885308416
1790179176	2885308416
1790179181	2885308416
1790179186	2885308416
1790179191	2885308416
1790179196	2885308416
1790179201	2885308416
1790179206	2885308416
1790179211	2885308416
1790179216	2885308416
1790179221	2885308416
1790179226	2885308416
1790179231	2885308416
1790179236	2885308416
1790179241	2885308416
1790179246	2885308416
1790179251	2885308416
1790179256	2885308416
1790179261	2885308416
1790179266	2885308416
1790179271	2885308416
1790179276	2885308416
1790179281	2885308416
1790179286	2885308416
1790179291	2885308416
1790179296	2885308416
1790179301	2885308416
1790179306	2885308416
1790179311	2885308416
1790179316	2885308416
1790179321	2885308416
1790179326	2885308416
1790179331	2885308416
1790179336	2885308416
1790179341	2885308416
1790179346	2885308416
1790179351	2885308416
1790179356	2885308416
1790179361	2885308416
1790179366	2885308416
1790179371	2885308416
1790179376	2885308416
1790179381	2885308416
1790179386	2885308416
1790179391	2885308416
1790179396	2885308416
1790179401	2885308416
1790179406	2885308416
1790179411	2885308416
1790179416	2885308416
1790179421	2885308416
1790179426	2885308416
1790179431	2885308416
1790179436	2885308416
1790179441	2885308416
1790179446	2885308416
1790179451	2885308416
1790179456	2885308416
1790179461	2885308416
1790179466	2885308416
1790179471	2885308416
1790179476	2885308416
1790179481	2885308416
1790179486	2885308416
1790179491	2885308416
1790179496	2885308416
1790179501	2885308416
1790179506	2885308416
1790179511	2885308416
1790179516	2885308416
1790179521	2885308416
1790179526	2885308416
1790179531	2885308416
1790179536	2885308416
1790179541	2885308416
1790179546	2885308416
1790179551	2885308416
1790179556	2885308416
1790179561	2885308416
1790179566	2885308416
1790179571	2885308416
1790179576	2885308416
1790179581	2885308416
1790179587	2885308416
1790179592	2885308416
1790179597	2885308416
1790179602	2885308416
1790179607	2885308416
1790179612	2885308416
1790179617	2885308416
1790179622	2885308416
1790179627	2885308416
1790179632	2885308416
1790179637	2885308416
1790179642	2885308416
1790179647	2885308416
1790179652	2885308416
1790179657	2885308416
1790179662	2885308416
1790179667	2885308416
1790179672	2885308416
1790179677	2885308416
1790179682	2885308416
1790179687	2885308416
1790179692	2885308416
1790179697	2885308416
1790179702	2885308416
1790179707	2885308416
1790179712	2885308416
1790179717	2885308416
1790179722	2885308416
1790179727	2885308416
1790179732	2885308416
1790179737	2885308416
1790179742	2885308416
1790179747	2885308416
1790179752	2885308416
1790179757	2885308416
1790179762	2885308416
1790179767	2885308416
1790179772	2885308416
1790179777	2885308416
1790179782	2885308416
1790179787	2885308416
1790179792	2885308416
1790179797	2885308416
1790179802	2885308416
1790179807	2885308416
1790179812	2885308416
1790179817	2885308416
1790179822	2885308416
1790179827	2885308416
1790179832	2885308416
1790179837	2885308416
1790179842	2885308416
1790179847	2885308416
1790179852	2885308416
1790179857	2885308416
1790179862	2885308416
1790179867	2885308416
1790179872	2885308416
1790179877	2885308416
1790179882	2885308416
1790179887	2885308416
1790179892	2885308416
1790179897	2885308416
1790179902	2885308416
1790179907	2885308416
1790179912	2885308416
1790179917	2885308416
1790179922	2885308416
1790179927	2885308416
1790179932	2885308416
1790179937	2885308416
1790179942	2885308416
1790179947	2885308416
1790179952	2885308416
1790179957	2885308416
1790179962	2885308416
1790179967	2885308416
1790179972	2885308416
1790179977	2885308416
1790179982	2885308416
1790179987	2885308416
1790179992	2885308416
1790179997	2885308416
1790180002	2885308416
1790180007	2885308416
1790180012	2885308416
1790180017	2885308416
1790180022	2885308416
1790180027	2885308416
1790180032	2885308416
1790180037	2885308416
1790180042	2885308416
1790180047	2885308416
1790180052	2885308416
1790180057	2885308416
1790180062	2885308416
1790180067	2885308416
1790180072	2885308416
1790180077	2885308416
1790180082	2885308416
1790180087	2885308416
1790180092	2885308416
1790180097	2885308416
1790180103	2885308416
1790180108	2885308416
1790180113	2885308416
1790180118	2885308416
1790180123	2885308416
1790180128	2885308416
1790180133	2885308416
1790180138	2885308416
1790180143	2885308416
1790180148	2885308416
1790180153	2885308416
1790180158	2885308416
1790180163	2885308416
1790180168	2885308416
1790180173	2885308416
1790180178	2885308416
1790180183	2885308416
1790180188	2885308416
1790180193	2885308416
1790180198	2885308416
1790180203	2885308416
1790180208	2885308416
1790180213	2885308416
1790180218	2885308416
1790180223	2885308416
1790180228	2885308416
1790180233	2885308416
1790180238	2885308416
1790180243	2885308416
1790180248	2885308416
1790180253	2885308416
1790180258	2885308416
1790180263	2885308416
1790180268	2885308416
1790180273	2885308416
1790180278	2885308416
1790180283	2885308416
1790180288	2885308416
1790180293	2885308416
1790180298	2885308416
1790180303	2885308416
1790180308	2885308416
1790180313	2885308416
1790180318	2885308416
1790180323	2885308416
1790180328	2885308416
1790180333	2885308416
1790180338	2885308416
1790180343	2885308416
1790180348	2885308416
1790180353	2885308416
1790180358	2885308416
1790180363	2885308416
1790180368	2885308416
1790180373	2885308416
1790180378	2885308416
1790180383	2885308416
1790180388	2885308416
1790180393	2885308416
1790180398	2885308416
1790180403	2885308416
1790180408	2885308416
1790180413	2885308416
1790180418	2885308416
1790180423	2885308416
1790180428	2885308416
1790180433	2885308416
1790180438	2885308416
1790180443	2885308416
1790180448	2885308416
1790180453	2885308416
1790180458	2885308416
1790180463	2885308416
1790180468	2885308416
1790180473	2885308416
1790180478	2885308416
1790180483	2885308416
1790180488	2885308416
1790180493	2885308416
1790180498	2885308416
1790180503	2885308416
1790180508	2885308416
1790180513	2885308416
1790180518	2885308416
1790180523	2885308416
1790180528	2885308416
1790180533	2885308416
1790180538	2885308416
1790180543	2885308416
1790180548	2885308416
1790180553	2885308416
1790180558	2885308416
1790180563	2885308416
1790180568	2885308416
1790180573	2885308416
1790180578	2885308416
1790180583	2885308416
1790180588	2885308416
1790180593	2885308416
1790180598	2885308416
1790180603	2885308416
1790180608	2885308416
1790180613	2885308416
1790180618	2885308416
1790180623	2885308416
1790180628	2885308416
1790180633	2885308416
1790180638	2885308416
1790180644	2885308416
1790180649	2885308416
1790180654	2885308416
1790180659	2885308416
1790180664	2885308416
1790180669	2885308416
1790180674	2885308416
1790180679	2885308416
1790180684	2885308416
1790180689	2885308416
1790180694	2885308416
1790180699	2885308416
1790180704	2885308416
1790180709	2885308416
1790180714	2885308416
1790180719	2885308416
1790180724	2885308416
1790180729	2885308416
1790180734	2885308416
1790180739	2885308416
1790180744	2885308416
1790180749	2885308416
1790180754	2885308416
1790180759	2885308416
1790180764	2885308416
1790180769	2885308416
1790180774	2885308416
1790180779	2885308416
1790180784	2885308416
1790180789	2885308416
1790180794	2885308416
1790180799	2885308416
1790180804	2885308416
1790180809	2885308416
1790180814	2885308416
1790180819	2885308416
1790180824	2885308416
1790180829	2885308416
1790180834	2885308416
1790180839	2885308416
1790180844	2885308416
1790180849	2885308416
1790180854	2885308416
1790180859	2885308416
1790180864	2885308416
1790180869	2885308416
1790180874	2885308416
1790180879	2885308416
1790180884	2885308416
1790180889	2885308416
1790180894	2885308416
1790180899	2885308416
1790180904	2885308416
1790180909	2885308416
1790180914	2885308416
1790180919	2885308416
1790180924	2885308416
1790180929	2885308416
1790180934	2885308416
1790180939	2885308416
1790180944	2885308416
1790180949	2885308416
1790180954	2885308416
1790180959	2885308416
1790180964	2885308416
1790180969	2885308416
1790180974	2885308416
1790180979	2885308416
1790180984	2885308416
1790180989	2885308416
1790180994	2885308416
1790180999	2885308416
1790181004	2885308416
1790181009	2885308416
1790181014	2885308416
1790181019	2885308416
1790181024	2885308416
1790181029	2885308416
1790181034	2885308416
1790181039	2885308416
1790181044	2885308416
1790181049	2885308416
1790181054	2885308416
1790181059	2885308416
1790181064	2885308416
1790181069	2885308416
1790181074	2885308416
1790181079	2885308416
1790181084	2885308416
1790181089	2885308416
1790181094	2885308416
1790181099	2885308416
1790181104	2885308416
1790181109	2885308416
1790181114	2885308416
1790181119	2885308416
1790181124	2885308416
1790181129	2885308416
1790181134	2885308416
1790181140	2885308416
1790181145	2885308416
1790181150	2885308416
1790181155	2885308416
1790181160	2885308416
1790181165	2885308416
1790181170	2885308416
1790181175	2885308416
1790181180	2885308416
1790181185	2885308416
1790181190	2885308416
1790181195	2885308416
1790181200	2885308416
1790181205	2885308416
1790181210	2885308416
1790181215	2885308416
1790181220	2885308416
1790181225	2885308416
1790181230	2885308416
1790181235	2885308416
1790181240	2885308416
1790181245	2885308416
1790181250	2885308416
1790181255	2885308416
1790181260	2885308416
1790181265	2885308416
1790181270	2885308416
1790181275	2885308416
1790181280	2885308416
1790181285	2885308416
1790181290	2885308416
1790181295	2885308416
1790181300	2885308416
1790181305	2885308416
1790181310	2885308416
1790181315	2885308416
1790181320	2885308416
1790181325	2885308416
1790181330	2885308416
1790181335	2885308416
1790181340	2885308416
1790181345	2885308416
1790181350	2885308416
1790181355	2885308416
1790181360	2885308416
1790181365	2885308416
1790181370	2885308416
1790181375	2885308416
1790181380	2885308416
1790181385	2885308416
1790181390	2885308416
1790181395	2885308416
1790181400	2885308416
1790181405	2885308416
1790181410	2885308416
1790181415	2885308416
1790181420	2885308416
1790181425	2885308416
1790181430	2885308416
1790181435	2885308416
1790181440	2885308416
1790181445	2885308416
1790181450	2885308416
1790181455	2885308416
1790181460	2885308416
1790181465	2885308416
1790181470	2885308416
1790181475	2885308416
1790181480	2885308416
1790181485	2885308416
1790181490	2885308416
1790181495	2885308416
1790181500	2885308416
1790181505	2885308416
1790181510	2885308416
1790181515	2885308416
1790181520	2885308416
1790181525	2885308416
1790181530	2885308416
1790181535	2885308416
1790181540	2885308416
1790181545	2885308416
1790181550	2885308416
1790181555	2885308416
1790181560	2885308416
1790181565	2885308416
1790181570	2885308416
1790181575	2885308416
1790181580	2885308416
1790181585	2885308416
1790181590	2885308416
1790181595	2885308416
1790181600	2885308416
1790181606	2885308416
1790181611	2885308416
1790181616	2885308416
1790181621	2885308416
1790181626	2885308416
1790181631	2885308416
1790181636	2885308416
1790181641	2885308416
1790181646	2885308416
1790181651	2885308416
1790181656	2885308416
1790181661	2885308416
1790181666	2885308416
1790181671	2885308416
1790181676	2885308416
1790181681	2885308416
1790181686	2885308416
1790181691	2885308416
1790181696	2885308416
1790181701	2885308416
1790181706	2885308416
1790181711	2885308416
1790181716	2885308416
1790181721	2885308416
1790181726	2885308416
1790181731	2885308416
1790181736	2885308416
1790181741	2885308416
1790181746	2885308416
1790181751	2885308416
1790181756	2885308416
1790181761	2885308416
1790181766	2885308416
1790181771	2885308416
1790181776	2885308416
1790181781	2885308416
1790181786	2885308416
1790181791	2885308416
1790181796	2885308416
1790181801	2885308416
1790181806	2885308416
1790181811	2885308416
1790181816	2885308416
1790181821	2885308416
1790181826	2885308416
1790181831	2885308416
1790181836	2885308416
1790181841	2885308416
1790181846	2885308416
1790181851	2885308416
1790181856	2885308416
1790181861	2885308416
1790181866	2885308416
1790181871	2885308416
1790181876	2885308416
1790181881	2885308416
1790181886	2885308416
1790181891	2885308416
1790181896	2885308416
1790181901	2885308416
1790181906	2885308416
1790181911	2885308416
1790181916	2885308416
1790181921	2885308416
1790181926	2885308416
1790181931	2885308416
1790181936	2885308416
1790181941	2885308416
1790181946	2885308416
1790181951	2885308416
1790181956	2885308416
1790181961	2885308416
1790181966	2885308416
1790181971	2885308416
1790181976	2885308416
1790181981	2885308416
1790181986	2885308416
1790181991	2885308416
1790181996	2885308416
1790182001	2885308416
1790182006	2885308416
1790182011	2885308416
1790182016	2885308416
1790182021	2885308416
1790182026	2885308416
1790182031	2885308416
1790182036	2885308416
1790182041	2885308416
1790182046	2885308416
1790182051	2885308416
1790182056	2885308416
1790182061	2885308416
1790182066	2885308416
1790182071	2885308416
1790182076	2885308416
1790182081	2885308416
1790182086	2885308416
1790182091	2885308416
1790182096	2885308416
1790182101	2885308416
1790182106	2885308416
1790182111	2885308416
1790182116	2885308416
1790182121	2885308416
1790182126	2885308416
1790182131	2885308416
1790182136	2885308416
1790182141	2885308416
1790182146	2885308416
1790182151	2885308416
1790182157	2885308416
1790182162	2885308416
1790182167	2885308416
1790182172	2885308416
1790182177	2885308416
1790182182	2885308416
1790182187	2885308416
1790182192	2885308416
1790182197	2885308416
1790182202	2885308416
1790182207	2885308416
1790182212	2885308416
1790182217	2885308416
1790182222	2885308416
1790182227	2885308416
1790182232	2885308416
1790182237	2885308416
1790182242	2885308416
1790182247	2885308416
1790182252	2885308416
1790182257	2885308416
1790182262	2885308416
1790182267	2885308416
1790182272	2885308416
1790182277	2885308416
1790182282	2885308416
1790182287	2885308416
1790182292	2885308416
1790182297	2885308416
1790182302	2885308416
1790182307	2885308416
1790182312	2885308416
1790182317	2885308416
1790182322	2885308416
1790182327	2885308416
1790182332	2885308416
1790182337	2885308416
1790182342	2885308416
1790182347	2885308416
1790182352	2885308416
1790182357	2885308416
1790182362	2885308416
1790182367	2885308416
1790182372	2885308416
1790182377	2885308416
1790182382	2885308416
1790182387	2885308416
1790182392	2885308416
1790182397	2885308416
1790182402	2885308416
1790182407	2885308416
1790182412	2885312512
1790182417	2885312512
1790182422	2885312512
1790182427	2885312512
1790182432	2885312512
1790182437	2885312512
1790182442	2885312512
1790182447	2885312512
1790182452	2885312512
1790182457	2885312512
1790182462	2885312512
1790182467	2885312512
1790182472	2885312512
1790182477	2885312512
1790182482	2885312512
1790182487	2885312512
1790182492	2885312512
1790182497	2885312512
1790182502	2885312512
1790182507	2885312512
1790182512	2885312512
1790182517	2885312512
1790182522	2885312512
1790182527	2885312512
1790182532	2885312512
1790182537	2885312512
1790182542	2885312512
1790182547	2885312512
1790182552	2885312512
1790182557	2885312512
1790182562	2885312512
1790182567	2885312512
1790182572	2885312512
1790182577	2885312512
1790182582	2885312512
1790182587	2885312512
1790182592	2885312512
1790182597	2885312512
1790182602	2885312512
1790182608	2885312512
1790182613	2885312512
1790182618	2885312512
1790182623	2885312512
1790182628	2885312512
1790182633	2885312512
1790182638	2885312512
1790182643	2885312512
1790182648	2885312512
1790182653	2885312512
1790182658	2885312512
1790182663	2885312512
1790182668	2885312512
1790182673	2885312512
1790182678	2885312512
1790182683	2885312512
1790182688	2885312512
1790182693	2885312512
1790182698	2885312512
1790182703	2885312512
1790182708	2885312512
1790182713	2885312512
1790182718	2885312512
1790182723	2885312512
1790182728	2885312512
1790182733	2885312512
1790182738	2885312512
1790182743	2885312512
1790182748	2885312512
1790182753	2885312512
1790182758	2885312512
1790182763	2885312512
1790182768	2885312512
1790182773	2885312512
1790182778	2885312512
1790182783	2885312512
1790182788	2885312512
1790182793	2885312512
1790182798	2885312512
1790182803	2885312512
1790182808	2885312512
1790182813	2885312512
1790182818	2885312512
1790182823	2885312512
1790182828	2885312512
1790182833	2885312512
1790182838	2885312512
1790182843	2885312512
1790182848	2885312512
1790182853	2885312512
1790182858	2885312512
1790182863	2885312512
1790182868	2885312512
1790182873	2885312512
1790182878	2885312512
1790182883	2885312512
1790182888	2885312512
1790182893	2885312512
1790182898	2885312512
1790182903	2885312512
1790182908	2885312512
1790182913	2885312512
1790182918	2885312512
1790182923	2885312512
1790182928	2885312512
1790182933	2885312512
1790182938	2885312512
1790182943	2885312512
1790182948	2885312512
1790182953	2885312512
1790182958	2885312512
1790182963	2885312512
1790182968	2885312512
1790182973	2885312512
1790182978	2885312512
1790182983	2885312512
1790182988	2885312512
1790182993	2885312512
1790182998	2885312512
1790183003	2885312512
1790183008	2885312512
1790183013	2885312512
1790183018	2885312512
1790183023	2885312512
1790183028	2885312512
1790183033	2885312512
1790183038	2885312512
1790183043	2885312512
1790183048	2885312512
1790183053	2885312512
1790183058	2885312512
1790183063	2885312512
1790183068	2885312512
1790183073	2885312512
1790183078	2885312512
1790183083	2885312512
1790183088	2885312512
1790183093	2885312512
1790183098	2885312512
1790183103	2885312512
1790183108	2885312512
1790183113	2885312512
1790183118	2885312512
1790183123	2885312512
1790183128	2885312512
1790183133	2885312512
1790183138	2885312512
1790183143	2885312512
1790183148	2885312512
1790183153	2885312512
1790183158	2885312512
1790183163	2885312512
1790183169	2885312512
1790183174	2885312512
1790183179	2885312512
1790183184	2885312512
1790183189	2885312512
1790183194	2885312512
1790183199	2885312512
1790183204	2885312512
1790183209	2885312512
1790183214	2885312512
1790183219	2885312512
1790183224	2885312512
1790183229	2885312512
1790183234	2885312512
1790183239	2885312512
1790183244	2885312512
1790183249	2885312512
1790183254	2885312512
1790183259	2885312512
1790183264	2885312512
1790183269	2885312512
1790183274	2885312512
1790183279	2885312512
1790183284	2885312512
1790183289	2885312512
1790183294	2885312512
1790183299	2885312512
1790183304	2885312512
1790183309	2885312512
1790183314	2885312512
1790183319	2885312512
1790183324	2885312512
1790183329	2885312512
1790183334	2885312512
1790183339	2885312512
1790183344	2885312512
1790183349	2885312512
1790183354	2885312512
1790183359	2885312512
1790183364	2885312512
1790183369	2885312512
1790183374	2885312512
1790183379	2885312512
1790183384	2885312512
1790183389	2885312512
1790183394	2885312512
1790183399	2885312512
1790183404	2885312512
1790183409	2885312512
1790183414	2885312512
1790183419	2885312512
1790183424	2885312512
1790183429	2885312512
1790183434	2885312512
1790183439	2885312512
1790183444	2885312512
1790183449	2885312512
1790183454	2885312512
1790183459	2885312512
1790183464	2885312512
1790183469	2885312512
1790183474	2885312512
1790183479	2885312512
1790183484	2885312512
1790183489	2885312512
1790183494	2885312512
1790183499	2885312512
1790183504	2885312512
1790183509	2885312512
1790183514	2885312512
1790183519	2885312512
1790183524	2885312512
1790183529	2885312512
1790183534	2885312512
1790183539	2885312512
1790183544	2885312512
1790183549	2885312512
1790183554	2885312512
1790183559	2885312512
1790183564	2885312512
1790183569	2885312512
1790183574	2885312512
1790183579	2885312512
1790183584	2885312512
1790183589	2885312512
1790183594	2885312512
1790183599	2885312512
1790183604	2885312512
1790183609	2885312512
1790183614	2885312512
1790183619	2885312512
1790183624	2885312512
1790183629	2885312512
1790183634	2885312512
1790183639	2885312512
1790183644	2885312512
1790183649	2885312512
1790183655	2885312512
1790183660	2885312512
1790183665	2885312512
1790183670	2885312512
1790183675	2885312512
1790183680	2885312512
1790183685	2885312512
1790183690	2885312512
1790183695	2885312512
1790183700	2885312512
1790183705	2885312512
1790183710	2885312512
1790183715	2885312512
1790183720	2885312512
1790183725	2885312512
1790183730	2885312512
1790183735	2885312512
1790183740	2885312512
1790183745	2885312512
1790183750	2885312512
1790183755	2885312512
1790183760	2885312512
1790183765	2885312512
1790183770	2885312512
1790183775	2885312512
1790183780	2885312512
1790183785	2885312512
1790183790	2885312512
1790183795	2885312512
1790183800	2885312512
1790183805	2885312512
1790183810	2885312512
1790183815	2885312512
1790183820	2885312512
1790183825	2885312512
1790183830	2885312512
1790183835	2885312512
1790183840	2885312512
1790183845	2885312512
1790183850	2885312512
1790183855	2885312512
1790183860	2885312512
1790183865	2885312512
1790183870	2885312512
1790183875	2885312512
1790183880	2885312512
1790183885	2885312512
1790183890	2885312512
1790183895	2885312512
1790183900	2885312512
1790183905	2885312512
1790183910	2885312512
1790183915	2885312512
1790183920	2885312512
1790183925	2885312512
1790183930	2885312512
1790183935	2885312512
1790183940	2885312512
1790183945	2885312512
1790183950	2885312512
1790183955	2885312512
1790183960	2885312512
1790183965	2885312512
1790183970	2885312512
1790183975	2885312512
1790183980	2885312512
1790183985	2885312512
1790183990	2885312512
1790183995	2885312512
1790184000	2885312512
1790184005	2885312512
1790184010	2885312512
1790184015	2885312512
1790184020	2885312512
1790184025	2885312512
1790184030	2885312512
1790184035	2885312512
1790184040	2885312512
1790184045	2885312512
1790184050	2885312512
1790184055	2885312512
1790184060	2885312512
1790184065	2885312512
1790184070	2885312512
1790184075	2885312512
1790184080	2885312512
1790184086	2885312512
1790184091	2885312512
1790184096	2885312512
1790184101	2885312512
1790184106	2885312512
1790184111	2885312512
1790184116	2885312512
1790184121	2885312512
1790184126	2885312512
1790184131	2885312512
1790184136	2885312512
1790184141	2885312512
1790184146	2885312512
1790184151	2885312512
1790184156	2885312512
1790184161	2885312512
1790184166	2885312512
1790184171	2885312512
1790184176	2885312512
1790184181	2885312512
1790184186	2885312512
1790184191	2885312512
1790184196	2885312512
1790184201	2885312512
1790184206	2885312512
1790184211	2885312512
1790184216	2885312512
1790184221	2885312512
1790184226	2885312512
1790184231	2885312512
1790184236	2885312512
1790184241	2885312512
1790184246	2885312512
1790184251	2885312512
1790184256	2885312512
1790184261	2885312512
1790184266	2885312512
1790184271	2885312512
1790184276	2885312512
1790184281	2885312512
1790184286	2885312512
1790184291	2885312512
1790184296	2885312512
1790184301	2885312512
1790184306	2885312512
1790184311	2885312512
1790184316	2885312512
1790184321	2885312512
1790184326	2885312512
1790184331	2885312512
1790184336	2885312512
1790184341	2885312512
1790184346	2885312512
1790184351	2885312512
1790184356	2885312512
1790184361	2885312512
1790184366	2885312512
1790184371	2885312512
1790184376	2885312512
1790184381	2885312512
1790184386	2885312512
1790184391	2885312512
1790184396	2885312512
1790184401	2885312512
1790184406	2885312512
1790184411	2885312512
1790184416	2885312512
1790184421	2885312512
1790184426	2885312512
1790184431	2885312512
1790184436	2885312512
1790184441	2885312512
1790184446	2885312512
1790184451	2885312512
1790184456	2885312512
1790184461	2885312512
1790184466	2885312512
1790184471	2885312512
1790184476	2885312512
1790184481	2885312512
1790184486	2885312512
1790184491	2885312512
1790184496	2885312512
1790184501	2885312512
1790184506	2885312512
1790184511	2885312512
1790184516	2885312512
1790184521	2885312512
1790184526	2885312512
1790184531	2885312512
1790184536	2885312512
1790184541	2885312512
1790184546	2885312512
1790184551	2885312512
1790184556	2885312512
1790184561	2885312512
1790184566	2885312512
1790184571	2885312512
1790184576	2885312512
1790184581	2885312512
1790184586	2885312512
1790184591	2885312512
1790184596	2885312512
1790184601	2885312512
1790184606	2885312512
1790184611	2885312512
1790184616	2885312512
1790184622	2885312512
1790184627	2885312512
1790184632	2885312512
1790184637	2885312512
1790184642	2885312512
1790184647	2885312512
1790184652	2885312512
1790184657	2885312512
1790184662	2885312512
1790184667	2885312512
1790184672	2885312512
1790184677	2885312512
1790184682	2885312512
1790184687	2885312512
1790184692	2885312512
1790184697	2885312512
1790184702	2885312512
1790184707	2885312512
1790184712	2885312512
1790184717	2885312512
1790184722	2885312512
1790184727	2885312512
1790184732	2885312512
1790184737	2885312512
1790184742	2885312512
1790184747	2885312512
1790184752	2885312512
1790184757	2885316608
1790184762	2885316608
1790184767	2885316608
1790184772	2885316608
1790184777	2885316608
1790184782	2885316608
1790184787	2885316608
1790184792	2885316608
1790184797	2885316608
1790184802	2885316608
1790184807	2885316608
1790184812	2885316608
1790184817	2885316608
1790184822	2885316608
1790184827	2885316608
1790184832	2885316608
1790184837	2885316608
1790184842	2885316608
1790184847	2885316608
1790184852	2885316608
1790184857	2885316608
1790184862	2885316608
1790184867	2885316608
1790184872	2885316608
1790184877	2885316608
1790184882	2885316608
1790184887	2885316608
1790184892	2885316608
1790184897	2885316608
1790184902	2885316608
1790184907	2885316608
1790184912	2885316608
1790184917	2885316608
1790184922	2885316608
1790184927	2885316608
1790184932	2885316608
1790184937	2885316608
1790184942	2885316608
1790184947	2885316608
1790184952	2885316608
1790184957	2885316608
1790184962	2885316608
1790184967	2885316608
1790184972	2885316608
1790184977	2885316608
1790184982	2885316608
1790184987	2885316608
1790184992	2885316608
1790184997	2885316608
1790185002	2885316608
1790185007	2885316608
1790185012	2885316608
1790185017	2885316608
1790185022	2885316608
1790185027	2885316608
1790185032	2885316608
1790185037	2885316608
1790185042	2885316608
1790185047	2885316608
1790185052	2885316608
1790185057	2885316608
1790185062	2885316608
1790185067	2885316608
1790185072	2885316608
1790185077	2885316608
1790185082	2885316608
1790185087	2885316608
1790185093	2885316608
1790185098	2885316608
1790185103	2885316608
1790185108	2885316608
1790185113	2885316608
1790185118	2885316608
1790185123	2885316608
1790185128	2885316608
1790185133	2885316608
1790185138	2885316608
1790185143	2885316608
1790185148	2885316608
1790185153	2885316608
1790185158	2885316608
1790185163	2885316608
1790185168	2885316608
1790185173	2885316608
1790185178	2885316608
1790185183	2885316608
1790185188	2885316608
1790185193	2885316608
1790185198	2885316608
1790185203	2885316608
1790185208	2885316608
1790185213	2885316608
1790185218	2885316608
1790185223	2885316608
1790185228	2885316608
1790185233	2885316608
1790185238	2885316608
1790185243	2885316608
1790185248	2885316608
1790185253	2885316608
1790185258	2885316608
1790185263	2885316608
1790185268	2885316608
1790185273	2885316608
1790185278	2885316608
1790185283	2885316608
1790185288	2885316608
1790185293	2885316608
1790185298	2885316608
1790185303	2885316608
1790185308	2885316608
1790185313	2885316608
1790185318	2885316608
1790185323	2885316608
1790185328	2885316608
1790185333	2885316608
1790185338	2885316608
1790185343	2885316608
1790185348	2885316608
1790185353	2885316608
1790185358	2885316608
1790185363	2885316608
1790185368	2885316608
1790185373	2885316608
1790185378	2885316608
1790185383	2885316608
1790185388	2885316608
1790185393	2885316608
1790185398	2885316608
1790185403	2885316608
1790185408	2885316608
1790185413	2885316608
1790185418	2885316608
1790185423	2885316608
1790185428	2885316608
1790185433	2885316608
1790185438	2885316608
1790185443	2885316608
1790185448	2885316608
1790185453	2885316608
1790185458	2885316608
1790185463	2885316608
1790185468	2885316608
1790185473	2885316608
1790185478	2885316608
1790185483	2885316608
1790185488	2885316608
1790185493	2885316608
1790185498	2885316608
1790185503	2885316608
1790185508	2885316608
1790185513	2885316608
1790185518	2885316608
1790185523	2885316608
1790185528	2885316608
1790185533	2885316608
1790185538	2885316608
1790185543	2885316608
1790185548	2885316608
1790185553	2885316608
1790185558	2885316608
1790185563	2885316608
1790185568	2885316608
1790185574	2885316608
1790185579	2885316608
1790185584	2885316608
1790185589	2885316608
1790185594	2885316608
1790185599	2885316608
1790185604	2885316608
1790185609	2885316608
1790185614	2885316608
1790185619	2885316608
1790185624	2885316608
1790185629	2885316608
1790185634	2885316608
1790185639	2885316608
1790185644	2885316608
1790185649	2885316608
1790185654	2885316608
1790185659	2885316608
1790185664	2885316608
1790185669	2885316608
1790185674	2885316608
1790185679	2885316608
1790185684	2885316608
1790185689	2885316608
1790185694	2885316608
1790185699	2885316608
1790185704	2885316608
1790185709	2885316608
1790185714	2885316608
1790185719	2885316608
1790185724	2885316608
1790185729	2885316608
1790185734	2885316608
1790185739	2885316608
1790185744	2885316608
1790185749	2885316608
1790185754	2885316608
1790185759	2885316608
1790185764	2885316608
1790185769	2885316608
1790185774	2885316608
1790185779	2885316608
1790185784	2885316608
1790185789	2885316608
1790185794	2885316608
1790185799	2885316608
1790185804	2885316608
1790185809	2885316608
1790185814	2885316608
1790185819	2885316608
1790185824	2885316608
1790185829	2885316608
1790185834	2885316608
1790185839	2885316608
1790185844	2885316608
1790185849	2885316608
1790185854	2885316608
1790185859	2885316608
1790185864	2885316608
1790185869	2885316608
1790185874	2885316608
1790185879	2885316608
1790185884	2885316608
1790185889	2885316608
1790185894	2885316608
1790185899	2885316608
1790185904	2885316608
1790185909	2885316608
1790185914	2885316608
1790185919	2885316608
1790185924	2885316608
1790185929	2885316608
1790185934	2885316608
1790185939	2885316608
1790185944	2885316608
1790185949	2885316608
1790185954	2885316608
1790185959	2885316608
1790185964	2885316608
1790185969	2885316608
1790185974	2885316608
1790185979	2885316608
1790185984	2885316608
1790185989	2885316608
1790185994	2885316608
1790185999	2885316608
1790186004	2885316608
1790186009	2885316608
1790186014	2885316608
1790186019	2885316608
1790186024	2885316608
1790186029	2885316608
1790186034	2885316608
1790186039	2885316608
1790186044	2885316608
1790186049	2885316608
1790186054	2885316608
1790186059	2885316608
1790186064	2885316608
1790186069	2885316608
1790186074	2885316608
1790186079	2885316608
1790186084	2885316608
1790186089	2885316608
1790186094	2885316608
1790186099	2885316608
1790186105	2885316608
1790186110	2885316608
1790186115	2885316608
1790186120	2885316608
1790186125	2885316608
1790186130	2885316608
1790186135	2885316608
1790186140	2885316608
1790186145	2885316608
1790186150	2885316608
1790186155	2885316608
1790186160	2885316608
1790186165	2885316608
1790186170	2885316608
1790186175	2885316608
1790186180	2885316608
1790186185	2885316608
1790186190	2885316608
1790186195	2885316608
1790186200	2885316608
1790186205	2885320704
1790186210	2885320704
1790186215	2885320704
1790186220	2885320704
1790186225	2885320704
1790186230	2885320704
1790186235	2885324800
1790186240	2885324800
1790186245	2885324800
1790186250	2885324800
1790186255	2885324800
1790186260	2885324800
1790186265	2885324800
1790186270	2885324800
1790186275	2885324800
1790186280	2885324800
1790186285	2885324800
1790186290	2885324800
1790186295	2885324800
1790186300	2885324800
1790186305	2885324800
1790186310	2885324800
1790186315	2885324800
1790186320	2885324800
1790186325	2885324800
1790186330	2885324800
1790186335	2885324800
1790186340	2885324800
1790186345	2885324800
1790186350	2885324800
1790186355	2885324800
1790186360	2885324800
1790186365	2885324800
1790186370	2885324800
1790186375	2885324800
1790186380	2885324800
1790186385	2885324800
1790186390	2885324800
1790186395	2885324800
1790186400	2885324800
1790186405	2885324800
1790186410	2885324800
1790186415	2885324800
1790186420	2885324800
1790186425	2885324800
1790186430	2885324800
1790186435	2885324800
1790186440	2885324800
1790186445	2885324800
1790186450	2885324800
1790186455	2885324800
1790186460	2885324800
1790186465	2885324800
1790186470	2885324800
1790186475	2885324800
1790186480	2885324800
1790186485	2885324800
1790186490	2885324800
1790186495	2885324800
1790186500	2885324800
1790186505	2885324800
1790186510	2885324800
1790186516	2885324800
1790186521	2885324800
1790186526	2885324800
1790186531	2885324800
1790186536	2885324800
1790186541	2885324800
1790186546	2885324800
1790186551	2885324800
1790186556	2885324800
1790186561	2885324800
1790186566	2885324800
1790186571	2885328896
1790186576	2885328896
1790186581	2885328896
1790186586	2885328896
1790186591	2885328896
1790186596	2885328896
1790186601	2885328896
1790186606	2885328896
1790186611	2885328896
1790186616	2885328896
1790186621	2885328896
1790186626	2885328896
1790186631	2885328896
1790186636	2885328896
1790186641	2885328896
1790186646	2885328896
1790186651	2885328896
1790186656	2885328896
1790186661	2885328896
1790186666	2885328896
1790186671	2885328896
1790186676	2885328896
1790186681	2885328896
1790186686	2885328896
1790186691	2885328896
1790186696	2885328896
1790186701	2885328896
1790186706	2885328896
1790186711	2885328896
1790186716	2885328896
1790186721	2885328896
1790186726	2885328896
1790186731	2885328896
1790186736	2885328896
1790186741	2885328896
1790186746	2885328896
1790186751	2885328896
1790186756	2885328896
1790186761	2885328896
1790186766	2885328896
1790186771	2885328896
1790186776	2885328896
1790186781	2885328896
1790186786	2885328896
1790186791	2885328896
1790186796	2885328896
1790186801	2885328896
1790186806	2885328896
1790186811	2885328896
1790186816	2885328896
1790186821	2885328896
1790186826	2885328896
1790186831	2885328896
1790186836	2885328896
1790186841	2885328896
1790186846	2885328896
1790186851	2885328896
1790186856	2885328896
1790186861	2885328896
1790186866	2885328896
1790186871	2885328896
1790186876	2885328896
1790186881	2885328896
1790186886	2885328896
1790186891	2885328896
1790186896	2885328896
1790186901	2885328896
1790186906	2885328896
1790186911	2885328896
1790186916	2885328896
1790186921	2885328896
1790186926	2885328896
1790186931	2885328896
1790186936	2885328896
1790186941	2885328896
1790186946	2885328896
1790186951	2885328896
1790186956	2885328896
1790186961	2885328896
1790186966	2885328896
1790186971	2885328896
1790186976	2885328896
1790186981	2885328896
1790186986	2885328896
1790186991	2885328896
1790186997	2885328896
1790187002	2885328896
1790187007	2885328896
1790187012	2885328896
1790187017	2885328896
1790187022	2885328896
1790187027	2885328896
1790187032	2885328896
1790187037	2885328896
1790187042	2885328896
1790187047	2885328896
1790187052	2885328896
1790187057	2885328896
1790187062	2885328896
1790187067	2885328896
1790187072	2885328896
1790187077	2885328896
1790187082	2885328896
1790187087	2885328896
1790187092	2885328896
1790187097	2885328896
1790187102	2885328896
1790187107	2885328896
1790187112	2885332992
1790187117	2885332992
1790187122	2885332992
1790187127	2885332992
1790187132	2885332992
1790187137	2885332992
1790187142	2885332992
1790187147	2885332992
1790187152	2885332992
1790187157	2885332992
1790187162	2885332992
1790187167	2885332992
1790187172	2885332992
1790187177	2885332992
1790187182	2885332992
1790187187	2885332992
1790187192	2885332992
1790187197	2885332992
1790187202	2885332992
1790187207	2885332992
1790187212	2885332992
1790187217	2885332992
1790187222	2885332992
1790187227	2885332992
1790187232	2885332992
1790187237	2885332992
1790187242	2885332992
1790187247	2885332992
1790187252	2885332992
1790187257	2885332992
1790187262	2885332992
1790187267	2885332992
1790187272	2885332992
1790187277	2885332992
1790187282	2885332992
1790187287	2885332992
1790187292	2885332992
1790187297	2885332992
1790187302	2885332992
1790187307	2885332992
1790187312	2885332992
1790187317	2885332992
1790187322	2885332992
1790187327	2885332992
1790187332	2885332992
1790187337	2885332992
1790187342	2885332992
1790187347	2885332992
1790187352	2885332992
1790187357	2885332992
1790187362	2885332992
1790187367	2885332992
1790187372	2885332992
1790187377	2885332992
1790187382	2885332992
1790187387	2885332992
1790187392	2885332992
1790187397	2885332992
1790187402	2885332992
1790187407	2885332992
1790187412	2885332992
1790187417	2885332992
1790187422	2885332992
1790187427	2885332992
1790187432	2885332992
1790187437	2885332992
1790187442	2885332992
1790187447	2885332992
1790187452	2885332992
1790187457	2885332992
1790187463	2885332992
1790187468	2885332992
1790187473	2885337088
1790187478	2885337088
1790187483	2885337088
1790187488	2885337088
1790187493	2885337088
1790187498	2885337088
1790187503	2885337088
1790187508	2885337088
1790187513	2885337088
1790187518	2885337088
1790187523	2885337088
1790187528	2885337088
1790187533	2885337088
1790187538	2885337088
1790187543	2885337088
1790187548	2885337088
1790187553	2885337088
1790187558	2885337088
1790187563	2885337088
1790187568	2885337088
1790187573	2885337088
1790187578	2885337088
1790187583	2885337088
1790187588	2885337088
1790187593	2885337088
1790187598	2885337088
1790187603	2885337088
1790187608	2885337088
1790187613	2885337088
1790187618	2885337088
1790187623	2885337088
1790187628	2885337088
1790187633	2885337088
1790187638	2885337088
1790187643	2885337088
1790187648	2885337088
1790187653	2885337088
1790187658	2885337088
1790187663	2885337088
1790187668	2885337088
1790187673	2885337088
1790187678	2885337088
1790187683	2885337088
1790187688	2885337088
1790187693	2885337088
1790187698	2885337088
1790187703	2885337088
1790187708	2885337088
1790187713	2885337088
1790187718	2885337088
1790187723	2885337088
1790187728	2885337088
1790187733	2885337088
1790187738	2885337088
1790187743	2885337088
1790187748	2885337088
1790187753	2885337088
1790187758	2885337088
1790187763	2885337088
1790187768	2885337088
1790187773	2885337088
1790187778	2885337088
1790187783	2885337088
1790187788	2885337088
1790187793	2885337088
1790187798	2885337088
1790187803	2885337088
1790187808	2885337088
1790187813	2885337088
1790187818	2885337088
1790187823	2885337088
1790187828	2885337088
1790187833	2885337088
1790187838	2885337088
1790187843	2885337088
1790187848	2885337088
1790187853	2885337088
1790187858	2885337088
1790187863	2885337088
1790187868	2885337088
1790187873	2885337088
1790187878	2885337088
1790187883	2885337088
1790187888	2885337088
1790187893	2885337088
1790187898	2885337088
1790187903	2885337088
1790187908	2885337088
1790187913	2885337088
1790187918	2885337088
1790187923	2885337088
1790187928	2885337088
1790187934	2885337088
1790187939	2885337088
1790187944	2885337088
1790187949	2885337088
1790187954	2885337088
1790187959	2885337088
1790187964	2885337088
1790187969	2885337088
1790187974	2885337088
1790187979	2885337088
1790187984	2885337088
1790187989	2885337088
1790187994	2885337088
1790187999	2885337088
1790188004	2885337088
1790188009	2885337088
1790188014	2885341184
1790188019	2885341184
1790188024	2885341184
1790188029	2885341184
1790188034	2885341184
1790188039	2885341184
1790188044	2885341184
1790188049	2885341184
1790188054	2885341184
1790188059	2885341184
1790188064	2885341184
1790188069	2885341184
1790188074	2885341184
1790188079	2885341184
1790188084	2885341184
1790188089	2885341184
1790188094	2885341184
1790188099	2885341184
1790188104	2885341184
1790188109	2885341184
1790188114	2885341184
1790188119	2885341184
1790188124	2885341184
1790188129	2885341184
1790188134	2885341184
1790188139	2885341184
1790188144	2885341184
1790188149	2885341184
1790188154	2885341184
1790188159	2885341184
1790188164	2885341184
1790188169	2885341184
1790188174	2885341184
1790188179	2885341184
1790188184	2885341184
1790188189	2885341184
1790188194	2885341184
1790188199	2885341184
1790188204	2885341184
1790188209	2885341184
1790188214	2885341184
1790188219	2885341184
1790188224	2885341184
1790188229	2885341184
1790188234	2885341184
1790188239	2885341184
1790188244	2885341184
1790188249	2885341184
1790188254	2885341184
1790188259	2885341184
1790188264	2885341184
1790188269	2885341184
1790188274	2885341184
1790188279	2885341184
1790188284	2885341184
1790188289	2885341184
1790188294	2885341184
1790188299	2885341184
1790188304	2885341184
1790188309	2885341184
1790188314	2885341184
1790188319	2885341184
1790188324	2885341184
1790188329	2885341184
1790188334	2885341184
1790188339	2885341184
1790188344	2885341184
1790188349	2885341184
1790188354	2885341184
1790188359	2885341184
1790188364	2885341184
1790188369	2885341184
1790188374	2885341184
1790188379	2885341184
1790188384	2885341184
1790188389	2885341184
1790188394	2885341184
1790188399	2885341184
1790188404	2885341184
1790188409	2885341184
1790188414	2885345280
1790188419	2885345280
1790188424	2885345280
1790188429	2885345280
1790188434	2885345280
1790188440	2885345280
1790188445	2885345280
1790188450	2885345280
1790188455	2885345280
1790188460	2885345280
1790188465	2885345280
1790188470	2885345280
1790188475	2885345280
1790188480	2885345280
1790188485	2885345280
1790188490	2885345280
1790188495	2885345280
1790188500	2885345280
1790188505	2885345280
1790188510	2885345280
1790188515	2885345280
1790188520	2885345280
1790188525	2885345280
1790188530	2885345280
1790188535	2885345280
1790188540	2885345280
1790188545	2885345280
1790188550	2885345280
1790188555	2885345280
1790188560	2885345280
1790188565	2885345280
1790188570	2885345280
1790188575	2885345280
1790188580	2885345280
1790188585	2885345280
1790188590	2885345280
1790188595	2885345280
1790188600	2885345280
1790188605	2885345280
1790188610	2885345280
1790188615	2885345280
1790188620	2885345280
1790188625	2885345280
1790188630	2885345280
1790188635	2885345280
1790188640	2885345280
1790188645	2885345280
1790188650	2885345280
1790188655	2885345280
1790188660	2885345280
1790188665	2885345280
1790188670	2885345280
1790188675	2885345280
1790188680	2885345280
1790188685	2885345280
1790188690	2885345280
1790188695	2885345280
1790188700	2885345280
1790188705	2885345280
1790188710	2885345280
1790188715	2885345280
1790188720	2885345280
1790188725	2885345280
1790188730	2885345280
1790188735	2885345280
1790188740	2885345280
1790188745	2885345280
1790188750	2885345280
1790188755	2885345280
1790188760	2885345280
1790188765	2885345280
1790188770	2885345280
1790188775	2885345280
1790188780	2885345280
1790188785	2885345280
1790188790	2885345280
1790188795	2885345280
1790188800	2885345280
1790188805	2885345280
1790188810	2885345280
1790188815	2885345280
1790188820	2885345280
1790188825	2885345280
1790188830	2885345280
1790188835	2885345280
1790188840	2885345280
1790188845	2885345280
1790188850	2885345280
1790188855	2885345280
1790188860	2885345280
1790188865	2885345280
1790188870	2885345280
1790188875	2885345280
1790188880	2885345280
1790188885	2885345280
1790188890	2885345280
1790188895	2885345280
1790188900	2885349376
1790188905	2885349376
1790188910	2885349376
1790188916	2885349376
1790188921	2885349376
1790188926	2885349376
1790188931	2885349376
1790188936	2885349376
1790188941	2885349376
1790188946	2885349376
1790188951	2885349376
1790188956	2885349376
1790188961	2885349376
1790188966	2885349376
1790188971	2885349376
1790188976	2885349376
1790188981	2885349376
1790188986	2885349376
1790188991	2885349376
1790188996	2885349376
1790189001	2885349376
1790189006	2885349376
1790189011	2885349376
1790189016	2885349376
1790189021	2885349376
1790189026	2885349376
1790189031	2885349376
1790189036	2885349376
1790189041	2885349376
1790189046	2885349376
1790189051	2885349376
1790189056	2885349376
1790189061	2885349376
1790189066	2885349376
1790189071	2885349376
1790189076	2885349376
1790189081	2885349376
1790189086	2885349376
1790189091	2885349376
1790189096	2885349376
1790189101	2885349376
1790189106	2885349376
1790189111	2885349376
1790189116	2885349376
1790189121	2885349376
1790189126	2885349376
1790189131	2885349376
1790189136	2885349376
1790189141	2885349376
1790189146	2885349376
1790189151	2885349376
1790189156	2885349376
1790189161	2885349376
1790189166	2885349376
1790189171	2885349376
1790189176	2885349376
1790189181	2885349376
1790189186	2885349376
1790189191	2885349376
1790189196	2885349376
1790189201	2885349376
1790189206	2885349376
1790189211	2885349376
1790189216	2885349376
1790189221	2885349376
1790189226	2885349376
1790189231	2885349376
1790189236	2885349376
1790189241	2885349376
1790189246	2885349376
1790189251	2885349376
1790189256	2885349376
1790189261	2885349376
1790189266	2885349376
1790189271	2885349376
1790189276	2885349376
1790189281	2885349376
1790189286	2885349376
1790189291	2885349376
1790189296	2885349376
1790189301	2885349376
1790189306	2885349376
1790189311	2885349376
1790189316	2885349376
1790189321	2885349376
1790189326	2885353472
1790189331	2885353472
1790189336	2885353472
1790189341	2885353472
1790189346	2885353472
1790189351	2885353472
1790189356	2885353472
1790189361	2885353472
1790189366	2885353472
1790189372	2885353472
1790189377	2885353472
1790189382	2885353472
1790189387	2885353472
1790189392	2885353472
1790189397	2885353472
1790189402	2885353472
1790189407	2885353472
1790189412	2885353472
1790189417	2885353472
1790189422	2885353472
1790189427	2885353472
1790189432	2885353472
1790189437	2885353472
1790189442	2885353472
1790189447	2885353472
1790189452	2885353472
1790189457	2885353472
1790189462	2885353472
1790189467	2885353472
1790189472	2885353472
1790189477	2885353472
1790189482	2885353472
1790189487	2885353472
1790189492	2885353472
1790189497	2885353472
1790189502	2885353472
1790189507	2885353472
1790189512	2885353472
1790189517	2885353472
1790189522	2885353472
1790189527	2885353472
1790189532	2885353472
1790189537	2885353472
1790189542	2885353472
1790189547	2885353472
1790189552	2885353472
1790189557	2885353472
1790189562	2885353472
1790189567	2885353472
1790189572	2885353472
1790189577	2885353472
1790189582	2885353472
1790189587	2885353472
1790189592	2885353472
1790189597	2885353472
1790189602	2885353472
1790189607	2885353472
1790189612	2885353472
1790189617	2885353472
1790189622	2885353472
1790189627	2885353472
1790189632	2885353472
1790189637	2885353472
1790189642	2885353472
1790189647	2885353472
1790189652	2885353472
1790189657	2885353472
1790189662	2885353472
1790189667	2885353472
1790189672	2885353472
1790189677	2885353472
1790189682	2885353472
1790189687	2885353472
1790189692	2885353472
1790189697	2885353472
1790189702	2885353472
1790189707	2885353472
1790189712	2885353472
1790189717	2885353472
1790189722	2885353472
1790189727	2885353472
1790189732	2885353472
1790189737	2885353472
1790189742	2885353472
1790189747	2885353472
1790189752	2885353472
1790189757	2885353472
1790189762	2885353472
1790189767	2885353472
1790189772	2885353472
1790189777	2885353472
1790189782	2885353472
1790189787	2885353472
1790189793	2885353472
1790189798	2885353472
1790189803	2885353472
1790189808	2885353472
1790189813	2885353472
1790189818	2885357568
1790189823	2885357568
1790189828	2885357568
1790189833	2885357568
1790189838	2885357568
1790189843	2885357568
1790189848	2885357568
1790189853	2885357568
1790189858	2885357568
1790189863	2885357568
1790189868	2885357568
1790189873	2885357568
1790189878	2885357568
1790189883	2885357568
1790189888	2885357568
1790189893	2885357568
1790189898	2885357568
1790189903	2885357568
1790189908	2885357568
1790189913	2885357568
1790189918	2885357568
1790189923	2885357568
1790189928	2885357568
1790189933	2885357568
1790189938	2885357568
1790189943	2885357568
1790189948	2885357568
1790189953	2885357568
1790189958	2885357568
1790189963	2885357568
1790189968	2885357568
1790189973	2885357568
1790189978	2885357568
1790189983	2885357568
1790189988	2885357568
1790189993	2885357568
1790189998	2885357568
1790190003	2885357568
1790190008	2885357568
1790190013	2885357568
1790190018	2885357568
1790190023	2885357568
1790190028	2885357568
1790190033	2885357568
1790190038	2885357568
1790190043	2885357568
1790190048	2885357568
1790190053	2885357568
1790190058	2885357568
1790190063	2885357568
1790190068	2885357568
1790190073	2885357568
1790190078	2885357568
1790190083	2885357568
1790190088	2885357568
1790190093	2885357568
1790190098	2885357568
1790190103	2885357568
1790190108	2885357568
1790190113	2885357568
1790190118	2885357568
1790190123	2885357568
1790190128	2885357568
1790190133	2885357568
1790190138	2885357568
1790190143	2885357568
1790190148	2885357568
1790190153	2885357568
1790190158	2885357568
1790190163	2885357568
1790190168	2885357568
1790190173	2885357568
1790190178	2885357568
1790190183	2885357568
1790190188	2885357568
1790190193	2885357568
1790190198	2885357568
1790190203	2885357568
1790190208	2885361664
1790190213	2885361664
1790190218	2885361664
1790190223	2885361664
1790190228	2885361664
1790190233	2885361664
1790190238	2885361664
1790190243	2885361664
1790190248	2885361664
1790190253	2885361664
1790190259	2885361664
1790190264	2885361664
1790190269	2885361664
1790190274	2885361664
1790190279	2885361664
1790190284	2885361664
1790190289	2885361664
1790190294	2885361664
1790190299	2885361664
1790190304	2885361664
1790190309	2885361664
1790190314	2885361664
1790190319	2885361664
1790190324	2885361664
1790190329	2885361664
1790190334	2885361664
1790190339	2885361664
1790190344	2885361664
1790190349	2885361664
1790190354	2885361664
1790190359	2885361664
1790190364	2885361664
1790190369	2885361664
1790190374	2885361664
1790190379	2885361664
1790190384	2885361664
1790190389	2885361664
1790190394	2885361664
1790190399	2885361664
1790190404	2885361664
1790190409	2885361664
1790190414	2885361664
1790190419	2885361664
1790190424	2885361664
1790190429	2885361664
1790190434	2885361664
1790190439	2885361664
1790190444	2885361664
1790190449	2885361664
1790190454	2885361664
1790190459	2885361664
1790190464	2885361664
1790190469	2885361664
1790190474	2885361664
1790190479	2885361664
1790190484	2885361664
1790190489	2885361664
1790190494	2885361664
1790190499	2885361664
1790190504	2885361664
1790190509	2885361664
1790190514	2885361664
1790190519	2885361664
1790190524	2885361664
1790190529	2885361664
1790190534	2885361664
1790190539	2885361664
1790190544	2885361664
1790190549	2885361664
1790190554	2885361664
1790190559	2885361664
1790190564	2885361664
1790190569	2885361664
1790190574	2885361664
1790190579	2885361664
1790190584	2885361664
1790190589	2885361664
1790190594	2885361664
1790190599	2885361664
1790190604	2885361664
1790190609	2885361664
1790190614	2885361664
1790190619	2885361664
1790190624	2885361664
1790190629	2885361664
1790190634	2885361664
1790190639	2885361664
1790190644	2885361664
1790190649	2885361664
1790190654	2885361664
1790190659	2885361664
1790190664	2885361664
1790190669	2885361664
1790190674	2885361664
1790190679	2885365760
1790190684	2885365760
1790190689	2885365760
1790190694	2885365760
1790190699	2885365760
1790190704	2885365760
1790190710	2885365760
1790190715	2885365760
1790190720	2885365760
1790190725	2885365760
1790190730	2885365760
1790190735	2885365760
1790190740	2885365760
1790190745	2885365760
1790190750	2885365760
1790190755	2885365760
1790190760	2885365760
1790190765	2885365760
1790190770	2885365760
1790190775	2885365760
1790190780	2885365760
1790190785	2885365760
1790190790	2885365760
1790190795	2885365760
1790190800	2885365760
1790190805	2885365760
1790190810	2885365760
1790190815	2885365760
1790190820	2885365760
1790190825	2885365760
1790190830	2885365760
1790190835	2885365760
1790190840	2885365760
1790190845	2885365760
1790190850	2885365760
1790190855	2885365760
1790190860	2885365760
1790190865	2885365760
1790190870	2885365760
1790190875	2885365760
1790190880	2885365760
1790190885	2885365760
1790190890	2885365760
1790190895	2885365760
1790190900	2885365760
1790190905	2885365760
1790190910	2885365760
1790190915	2885365760
1790190920	2885365760
1790190925	2885365760
1790190930	2885365760
1790190935	2885365760
1790190940	2885365760
1790190945	2885365760
1790190950	2885365760
1790190955	2885365760
1790190960	2885365760
1790190965	2885365760
1790190970	2885365760
1790190975	2885365760
1790190980	2885365760
1790190985	2885365760
1790190990	2885365760
1790190995	2885365760
1790191000	2885365760
1790191005	2885365760
1790191010	2885365760
1790191015	2885365760
1790191020	2885365760
1790191025	2885365760
1790191030	2885365760
1790191035	2885365760
1790191040	2885365760
1790191045	2885365760
1790191050	2885365760
1790191055	2885365760
1790191060	2885365760
1790191065	2885365760
1790191070	2885365760
1790191075	2885365760
1790191080	2885369856
1790191085	2885369856
1790191090	2885369856
1790191095	2885369856
1790191100	2885369856
1790191105	2885369856
1790191110	2885369856
1790191115	2885369856
1790191120	2885369856
1790191125	2885369856
1790191130	2885369856
1790191135	2885369856
1790191140	2885369856
1790191145	2885369856
1790191150	2885369856
1790191155	2885369856
1790191160	2885369856
1790191165	2885369856
1790191171	2885369856
1790191176	2885369856
1790191181	2885369856
1790191186	2885369856
1790191191	2885369856
1790191196	2885369856
1790191201	2885369856
1790191206	2885369856
1790191211	2885369856
1790191216	2885369856
1790191221	2885369856
1790191226	2885369856
1790191231	2885369856
1790191236	2885369856
1790191241	2885369856
1790191246	2885369856
1790191251	2885369856
1790191256	2885369856
1790191261	2885369856
1790191266	2885369856
1790191271	2885369856
1790191276	2885369856
1790191281	2885369856
1790191286	2885369856
1790191291	2885369856
1790191296	2885369856
1790191301	2885369856
1790191306	2885369856
1790191311	2885369856
1790191316	2885369856
1790191321	2885369856
1790191326	2885369856
1790191331	2885369856
1790191336	2885369856
1790191341	2885369856
1790191346	2885369856
1790191351	2885369856
1790191356	2885369856
1790191361	2885369856
1790191366	2885369856
1790191371	2885369856
1790191376	2885369856
1790191381	2885369856
1790191386	2885369856
1790191391	2885369856
1790191396	2885369856
1790191401	2885369856
1790191406	2885369856
1790191411	2885369856
1790191416	2885369856
1790191421	2885369856
1790191426	2885369856
1790191431	2885369856
1790191436	2885369856
1790191441	2885369856
1790191446	2885369856
1790191451	2885369856
1790191456	2885369856
1790191461	2885369856
1790191466	2885369856
1790191471	2885369856
1790191476	2885369856
1790191481	2885369856
1790191486	2885369856
1790191491	2885369856
1790191496	2885369856
1790191501	2885369856
1790191506	2885369856
1790191511	2885369856
1790191516	2885369856
1790191521	2885369856
1790191526	2885369856
1790191531	2885369856
1790191536	2885369856
1790191541	2885369856
1790191546	2885369856
1790191551	2885369856
1790191556	2885369856
1790191561	2885369856
1790191566	2885369856
1790191571	2885369856
1790191576	2885369856
1790191581	2885373952
1790191586	2885373952
1790191591	2885373952
1790191596	2885373952
1790191601	2885373952
1790191606	2885373952
1790191611	2885373952
1790191616	2885373952
1790191621	2885373952
1790191626	2885373952
1790191631	2885373952
1790191636	2885373952
1790191641	2885373952
1790191646	2885373952
1790191651	2885373952
1790191656	2885373952
1790191661	2885373952
1790191666	2885373952
1790191671	2885373952
1790191676	2885373952
1790191681	2885373952
1790191687	2885373952
1790191692	2885373952
1790191697	2885373952
1790191702	2885373952
1790191707	2885373952
1790191712	2885373952
1790191717	2885373952
1790191722	2885373952
1790191727	2885373952
1790191732	2885373952
1790191737	2885373952
1790191742	2885373952
1790191747	2885373952
1790191752	2885373952
1790191757	2885373952
1790191762	2885373952
1790191767	2885373952
1790191772	2885373952
1790191777	2885373952
1790191782	2885373952
1790191787	2885373952
1790191792	2885373952
1790191797	2885373952
1790191802	2885373952
1790191807	2885373952
1790191812	2885373952
1790191817	2885373952
1790191822	2885373952
1790191827	2885373952
1790191832	2885373952
1790191837	2885373952
1790191842	2885373952
1790191847	2885373952
1790191852	2885373952
1790191857	2885373952
1790191862	2885373952
1790191867	2885373952
1790191872	2885373952
1790191877	2885373952
1790191882	2885373952
1790191887	2885373952
1790191892	2885373952
1790191897	2885373952
1790191902	2885373952
1790191907	2885373952
1790191912	2885373952
1790191917	2885373952
1790191922	2885373952
1790191927	2885373952
1790191932	2885373952
1790191937	2885373952
1790191942	2885373952
1790191947	2885373952
1790191952	2885373952
1790191957	2885373952
1790191962	2885373952
1790191967	2885373952
1790191972	2885373952
1790191977	2885373952
1790191982	2885373952
1790191987	2885378048
1790191992	2885378048
1790191997	2885378048
1790192002	2885378048
1790192007	2885378048
1790192012	2885378048
1790192017	2885378048
1790192022	2885378048
1790192027	2885378048
1790192032	2885378048
1790192037	2885378048
1790192042	2885378048
1790192047	2885378048
1790192052	2885378048
1790192057	2885378048
1790192062	2885378048
1790192067	2885378048
1790192072	2885378048
1790192077	2885378048
1790192082	2885378048
1790192087	2885378048
1790192092	2885378048
1790192097	2885378048
1790192102	2885378048
1790192107	2885378048
1790192112	2885378048
1790192117	2885378048
1790192122	2885378048
1790192127	2885378048
1790192132	2885378048
1790192137	2885378048
1790192142	2885378048
1790192147	2885378048
1790192152	2885378048
1790192157	2885378048
1790192162	2885378048
1790192167	2885378048
1790192172	2885378048
1790192177	2885378048
1790192182	2885378048
1790192188	2885378048
1790192193	2885378048
1790192198	2885378048
1790192203	2885378048
1790192208	2885378048
1790192213	2885378048
1790192218	2885378048
1790192223	2885378048
1790192228	2885378048
1790192233	2885378048
1790192238	2885378048
1790192243	2885378048
1790192248	2885378048
1790192253	2885378048
1790192258	2885378048
1790192263	2885378048
1790192268	2885378048
1790192273	2885378048
1790192278	2885378048
1790192283	2885378048
1790192288	2885378048
1790192293	2885378048
1790192298	2885378048
1790192303	2885378048
1790192308	2885378048
1790192313	2885378048
1790192318	2885378048
1790192323	2885378048
1790192328	2885378048
1790192333	2885378048
1790192338	2885378048
1790192343	2885378048
1790192348	2885378048
1790192353	2885378048
1790192358	2885378048
1790192363	2885378048
1790192368	2885378048
1790192373	2885378048
1790192378	2885378048
1790192383	2885378048
1790192388	2885378048
1790192393	2885378048
1790192398	2885378048
1790192403	2885378048
1790192408	2885378048
1790192413	2885378048
1790192418	2885378048
1790192423	2885378048
1790192428	2885378048
1790192433	2885378048
1790192438	2885378048
1790192443	2885378048
1790192448	2885378048
1790192453	2885378048
1790192458	2885378048
1790192463	2885378048
1790192468	2885382144
1790192473	2885382144
1790192478	2885382144
1790192483	2885382144
1790192488	2885382144
1790192493	2885382144
1790192498	2885382144
1790192503	2885382144
1790192508	2885382144
1790192513	2885382144
1790192518	2885382144
1790192523	2885382144
1790192528	2885382144
1790192533	2885382144
1790192538	2885382144
1790192543	2885382144
1790192548	2885382144
1790192553	2885382144
1790192558	2885382144
1790192563	2885382144
1790192568	2885382144
1790192573	2885382144
1790192578	2885382144
1790192583	2885382144
1790192588	2885382144
1790192593	2885382144
1790192598	2885382144
1790192603	2885382144
1790192608	2885382144
1790192613	2885382144
1790192618	2885382144
1790192623	2885382144
1790192629	2885382144
1790192634	2885382144
1790192639	2885382144
1790192644	2885382144
1790192649	2885382144
1790192654	2885382144
1790192659	2885382144
1790192664	2885382144
1790192669	2885382144
1790192674	2885382144
1790192679	2885382144
1790192684	2885382144
1790192689	2885382144
1790192694	2885382144
1790192699	2885382144
1790192704	2885382144
1790192709	2885382144
1790192714	2885382144
1790192719	2885382144
1790192724	2885382144
1790192729	2885382144
1790192734	2885382144
1790192739	2885382144
1790192744	2885382144
1790192749	2885382144
1790192754	2885382144
1790192759	2885382144
1790192764	2885382144
1790192769	2885382144
1790192774	2885382144
1790192779	2885382144
1790192784	2885382144
1790192789	2885382144
1790192794	2885382144
1790192799	2885382144
1790192804	2885382144
1790192809	2885382144
1790192814	2885382144
1790192819	2885382144
1790192824	2885382144
1790192829	2885382144
1790192834	2885382144
1790192839	2885382144
1790192844	2885382144
1790192849	2885382144
1790192854	2885382144
1790192859	2885382144
1790192864	2885382144
1790192869	2885382144
1790192874	2885382144
1790192879	2885386240
1790192884	2885386240
1790192889	2885386240
1790192894	2885386240
1790192899	2885386240
1790192904	2885386240
1790192909	2885386240
1790192914	2885386240
1790192919	2885386240
1790192924	2885386240
1790192929	2885386240
1790192934	2885386240
1790192939	2885386240
1790192944	2885386240
1790192949	2885386240
1790192954	2885386240
1790192959	2885386240
1790192964	2885386240
1790192969	2885386240
1790192974	2885386240
1790192979	2885386240
1790192984	2885386240
1790192989	2885386240
1790192994	2885386240
1790192999	2885386240
1790193004	2885386240
1790193009	2885386240
1790193014	2885386240
1790193019	2885386240
1790193024	2885386240
1790193029	2885386240
1790193034	2885386240
1790193039	2885386240
1790193044	2885386240
1790193049	2885386240
1790193054	2885386240
1790193059	2885386240
1790193064	2885386240
1790193069	2885386240
1790193074	2885386240
1790193079	2885386240
1790193084	2885386240
1790193089	2885386240
1790193094	2885386240
1790193099	2885386240
1790193104	2885386240
1790193109	2885386240
1790193115	2885386240
1790193120	2885386240
1790193125	2885386240
1790193130	2885386240
1790193135	2885386240
1790193140	2885386240
1790193145	2885386240
1790193150	2885386240
1790193155	2885386240
1790193160	2885386240
1790193165	2885386240
1790193170	2885386240
1790193175	2885386240
1790193180	2885386240
1790193185	2885386240
1790193190	2885386240
1790193195	2885386240
1790193200	2885386240
1790193205	2885386240
1790193210	2885386240
1790193215	2885386240
1790193220	2885386240
1790193225	2885386240
1790193230	2885386240
1790193235	2885386240
1790193240	2885386240
1790193245	2885386240
1790193250	2885386240
1790193255	2885386240
1790193260	2885386240
1790193265	2885386240
1790193270	2885386240
1790193275	2885386240
1790193280	2885386240
1790193285	2885386240
1790193290	2885386240
1790193295	2885386240
1790193300	2885386240
1790193305	2885386240
1790193310	2885386240
1790193315	2885386240
1790193320	2885386240
1790193325	2885386240
1790193330	2885386240
1790193335	2885386240
1790193340	2885386240
1790193345	2885386240
1790193350	2885386240
1790193355	2885390336
1790193360	2885390336
1790193365	2885390336
1790193370	2885390336
1790193375	2885390336
1790193380	2885390336
1790193385	2885390336
1790193390	2885390336
1790193395	2885390336
1790193400	2885390336
1790193405	2885390336
1790193410	2885390336
1790193415	2885390336
1790193420	2885390336
1790193425	2885390336
1790193430	2885390336
1790193435	2885390336
1790193440	2885390336
1790193445	2885390336
1790193450	2885390336
1790193455	2885390336
1790193460	2885390336
1790193465	2885390336
1790193470	2885390336
1790193475	2885390336
1790193480	2885390336
1790193485	2885390336
1790193490	2885390336
1790193495	2885390336
1790193500	2885390336
1790193505	2885390336
1790193510	2885390336
1790193515	2885390336
1790193520	2885390336
1790193525	2885390336
1790193530	2885390336
1790193535	2885390336
1790193540	2885390336
1790193545	2885390336
1790193550	2885390336
1790193555	2885390336
1790193560	2885390336
1790193566	2885390336
1790193571	2885390336
1790193576	2885390336
1790193581	2885390336
1790193586	2885390336
1790193591	2885390336
1790193596	2885390336
1790193601	2885390336
1790193606	2885390336
1790193611	2885390336
1790193616	2885390336
1790193621	2885390336
1790193626	2885390336
1790193631	2885390336
1790193636	2885390336
1790193641	2885390336
1790193646	2885390336
1790193651	2885390336
1790193656	2885390336
1790193661	2885390336
1790193666	2885390336
1790193671	2885390336
1790193676	2885390336
1790193681	2885390336
1790193686	2885390336
1790193691	2885390336
1790193696	2885390336
1790193701	2885390336
1790193706	2885390336
1790193711	2885390336
1790193716	2885390336
1790193721	2885390336
1790193726	2885390336
1790193731	2885390336
1790193736	2885390336
1790193741	2885390336
1790193746	2885390336
1790193751	2885390336
1790193756	2885390336
1790193761	2885390336
1790193766	2885390336
1790193771	2885390336
1790193776	2885390336
1790193781	2885394432
1790193786	2885394432
1790193791	2885394432
1790193796	2885394432
1790193801	2885394432
1790193806	2885394432
1790193811	2885394432
1790193816	2885394432
1790193821	2885394432
1790193826	2885394432
1790193831	2885394432
1790193836	2885394432
1790193841	2885394432
1790193846	2885394432
1790193851	2885394432
1790193856	2885394432
1790193861	2885394432
1790193866	2885394432
1790193871	2885394432
1790193876	2885394432
1790193881	2885394432
1790193886	2885394432
1790193891	2885394432
1790193896	2885394432
1790193901	2885394432
1790193906	2885394432
1790193911	2885394432
1790193916	2885394432
1790193921	2885394432
1790193926	2885394432
1790193931	2885394432
1790193936	2885394432
1790193941	2885394432
1790193946	2885394432
1790193951	2885394432
1790193956	2885394432
1790193961	2885394432
1790193966	2885394432
1790193971	2885394432
1790193976	2885394432
1790193981	2885394432
1790193986	2885394432
1790193991	2885394432
1790193996	2885394432
1790194001	2885394432
1790194006	2885394432
1790194012	2885394432
1790194017	2885394432
1790194022	2885394432
1790194027	2885394432
1790194032	2885394432
1790194037	2885394432
1790194042	2885394432
1790194047	2885394432
1790194052	2885394432
1790194057	2885394432
1790194062	2885394432
1790194067	2885394432
1790194072	2885394432
1790194077	2885394432
1790194082	2885394432
1790194087	2885394432
1790194092	2885394432
1790194097	2885394432
1790194102	2885394432
1790194107	2885394432
1790194112	2885394432
1790194117	2885394432
1790194122	2885394432
1790194127	2885394432
1790194132	2885394432
1790194137	2885394432
1790194142	2885394432
1790194147	2885394432
1790194152	2885394432
1790194157	2885394432
1790194162	2885394432
1790194167	2885394432
1790194172	2885394432
1790194177	2885394432
1790194182	2885394432
1790194187	2885394432
1790194192	2885394432
1790194197	2885394432
1790194202	2885394432
1790194207	2885394432
1790194212	2885394432
1790194217	2885394432
1790194222	2885394432
1790194227	2885394432
1790194232	2885394432
1790194237	2885394432
1790194242	2885394432
1790194247	2885394432
1790194252	2885394432
1790194257	2885394432
1790194262	2885394432
1790194267	2885394432
1790194272	2885394432
1790194277	2885398528
1790194282	2885398528
1790194287	2885398528
1790194292	2885398528
1790194297	2885398528
1790194302	2885398528
1790194307	2885398528
1790194312	2885398528
1790194317	2885398528
1790194322	2885398528
1790194327	2885398528
1790194332	2885398528
1790194337	2885398528
1790194342	2885398528
1790194347	2885398528
1790194352	2885398528
1790194357	2885398528
1790194362	2885398528
1790194367	2885398528
1790194372	2885398528
1790194377	2885398528
1790194382	2885398528
1790194387	2885398528
1790194392	2885398528
1790194397	2885398528
1790194402	2885398528
1790194407	2885398528
1790194412	2885398528
1790194417	2885398528
1790194422	2885398528
1790194427	2885398528
1790194432	2885398528
1790194437	2885398528
1790194442	2885398528
1790194447	2885398528
1790194452	2885398528
1790194457	2885398528
1790194462	2885398528
1790194467	2885398528
1790194472	2885398528
1790194477	2885398528
1790194482	2885398528
1790194488	2885398528
1790194493	2885398528
1790194498	2885398528
1790194503	2885398528
1790194508	2885398528
1790194513	2885398528
1790194518	2885398528
1790194523	2885398528
1790194528	2885398528
1790194533	2885398528
1790194538	2885398528
1790194543	2885398528
1790194548	2885398528
1790194553	2885398528
1790194558	2885398528
1790194563	2885398528
1790194568	2885398528
1790194573	2885398528
1790194578	2885398528
1790194583	2885398528
1790194588	2885398528
1790194593	2885398528
1790194598	2885398528
1790194603	2885398528
1790194608	2885398528
1790194613	2885398528
1790194618	2885398528
1790194623	2885398528
1790194628	2885398528
1790194633	2885398528
1790194638	2885398528
1790194643	2885398528
1790194648	2885398528
1790194653	2885398528
1790194658	2885398528
1790194663	2885398528
1790194668	2885398528
1790194673	2885398528
1790194678	2885398528
1790194683	2885398528
1790194688	2885398528
1790194693	2885398528
1790194698	2885398528
1790194703	2885402624
1790194708	2885402624
1790194713	2885402624
1790194718	2885402624
1790194723	2885402624
1790194728	2885402624
1790194733	2885402624
1790194738	2885402624
1790194743	2885402624
1790194748	2885402624
1790194753	2885402624
1790194758	2885402624
1790194763	2885402624
1790194768	2885402624
1790194773	2885402624
1790194778	2885402624
1790194783	2885402624
1790194788	2885402624
1790194793	2885402624
1790194798	2885402624
1790194803	2885402624
1790194808	2885402624
1790194813	2885402624
1790194818	2885402624
1790194823	2885402624
1790194828	2885402624
1790194833	2885402624
1790194838	2885402624
1790194843	2885402624
1790194848	2885402624
1790194853	2885402624
1790194858	2885402624
1790194863	2885402624
1790194868	2885402624
1790194873	2885402624
1790194878	2885402624
1790194883	2885402624
1790194888	2885402624
1790194893	2885402624
1790194898	2885402624
1790194903	2885402624
1790194908	2885402624
1790194913	2885402624
1790194918	2885402624
1790194923	2885402624
1790194928	2885402624
1790194933	2885402624
1790194938	2885402624
1790194943	2885402624
1790194949	2885402624
1790194954	2885402624
1790194959	2885402624
1790194964	2885402624
1790194969	2885402624
1790194974	2885402624
1790194979	2885402624
1790194984	2885402624
1790194989	2885402624
1790194994	2885402624
1790194999	2885402624
1790195004	2885402624
1790195009	2885402624
1790195014	2885402624
1790195019	2885402624
1790195024	2885402624
1790195029	2885402624
1790195034	2885402624
1790195039	2885402624
1790195044	2885402624
1790195049	2885402624
1790195054	2885402624
1790195059	2885402624
1790195064	2885402624
1790195069	2885402624
1790195074	2885402624
1790195079	2885402624
1790195084	2885402624
1790195089	2885402624
1790195094	2885402624
1790195099	2885402624
1790195104	2885402624
1790195109	2885402624
1790195114	2885402624
1790195119	2885402624
1790195124	2885402624
1790195129	2885402624
1790195134	2885402624
1790195139	2885402624
1790195144	2885402624
1790195149	2885402624
1790195154	2885402624
1790195159	2885402624
1790195164	2885402624
1790195169	2885402624
1790195174	2885402624
1790195179	2885402624
1790195184	2885402624
1790195189	2885406720
1790195194	2885406720
1790195199	2885406720
1790195204	2885406720
1790195209	2885406720
1790195214	2885406720
1790195219	2885406720
1790195224	2885406720
1790195229	2885406720
1790195234	2885406720
1790195239	2885406720
1790195244	2885406720
1790195249	2885406720
1790195254	2885406720
1790195259	2885406720
1790195264	2885406720
1790195269	2885406720
1790195274	2885406720
1790195279	2885406720
1790195284	2885406720
1790195289	2885406720
1790195294	2885406720
1790195299	2885406720
1790195304	2885406720
1790195309	2885406720
1790195314	2885406720
1790195319	2885406720
1790195324	2885406720
1790195329	2885406720
1790195334	2885406720
1790195339	2885406720
1790195344	2885406720
1790195349	2885406720
1790195354	2885406720
1790195359	2885406720
1790195364	2885406720
1790195369	2885406720
1790195374	2885406720
1790195379	2885406720
1790195384	2885406720
1790195389	2885406720
1790195394	2885406720
1790195399	2885406720
1790195404	2885406720
1790195410	2885406720
1790195415	2885406720
1790195420	2885406720
1790195425	2885406720
1790195430	2885406720
1790195435	2885406720
1790195440	2885406720
1790195445	2885406720
1790195450	2885406720
1790195455	2885406720
1790195460	2885406720
1790195465	2885406720
1790195470	2885406720
1790195475	2885406720
1790195480	2885406720
1790195485	2885406720
1790195490	2885406720
1790195495	2885406720
1790195500	2885406720
1790195505	2885406720
1790195510	2885406720
1790195515	2885406720
1790195520	2885406720
1790195525	2885406720
1790195530	2885406720
1790195535	2885406720
1790195540	2885406720
1790195545	2885406720
1790195550	2885406720
1790195555	2885406720
1790195560	2885406720
1790195565	2885406720
1790195570	2885406720
1790195575	2885406720
1790195580	2885406720
1790195585	2885406720
1790195590	2885406720
1790195595	2885410816
1790195600	2885410816
1790195605	2885410816
1790195610	2885410816
1790195615	2885410816
1790195620	2885410816
1790195625	2885410816
1790195630	2885410816
1790195635	2885410816
1790195640	2885410816
1790195645	2885410816
1790195650	2885410816
1790195655	2885410816
1790195660	2885410816
1790195665	2885410816
1790195670	2885410816
1790195675	2885410816
1790195680	2885410816
1790195685	2885410816
1790195690	2885410816
1790195695	2885410816
1790195700	2885410816
1790195705	2885410816
1790195710	2885410816
1790195715	2885410816
1790195720	2885410816
1790195725	2885410816
1790195730	2885410816
1790195735	2885410816
1790195740	2885410816
1790195745	2885410816
1790195750	2885410816
1790195755	2885410816
1790195760	2885410816
1790195765	2885410816
1790195770	2885410816
1790195775	2885410816
1790195780	2885410816
1790195785	2885410816
1790195790	2885410816
1790195795	2885410816
1790195800	2885410816
1790195805	2885410816
1790195810	2885410816
1790195815	2885410816
1790195820	2885410816
1790195825	2885410816
1790195830	2885410816
1790195835	2885410816
1790195840	2885410816
1790195845	2885410816
1790195851	2885410816
1790195856	2885410816
1790195861	2885410816
1790195866	2885410816
1790195871	2885410816
1790195876	2885410816
1790195881	2885410816
1790195886	2885410816
1790195891	2885410816
1790195896	2885410816
1790195901	2885410816
1790195906	2885410816
1790195911	2885410816
1790195916	2885410816
1790195921	2885410816
1790195926	2885410816
1790195931	2885410816
1790195936	2885410816
1790195941	2885410816
1790195946	2885410816
1790195951	2885410816
1790195956	2885410816
1790195961	2885410816
1790195966	2885410816
1790195971	2885410816
1790195976	2885410816
1790195981	2885410816
1790195986	2885410816
1790195991	2885410816
1790195996	2885410816
1790196001	2885410816
1790196006	2885410816
1790196011	2885410816
1790196016	2885410816
1790196021	2885410816
1790196026	2885410816
1790196031	2885410816
1790196036	2885410816
1790196041	2885410816
1790196046	2885410816
1790196051	2885410816
1790196056	2885410816
1790196061	2885410816
1790196066	2885410816
1790196071	2885410816
1790196076	2885410816
1790196081	2885414912
1790196086	2885414912
1790196091	2885414912
1790196096	2885414912
1790196101	2885414912
1790196106	2885414912
1790196111	2885414912
1790196116	2885414912
1790196121	2885414912
1790196126	2885414912
1790196131	2885414912
1790196136	2885414912
1790196141	2885414912
1790196146	2885414912
1790196151	2885414912
1790196156	2885414912
1790196161	2885414912
1790196166	2885414912
1790196171	2885414912
1790196176	2885414912
1790196181	2885414912
1790196186	2885414912
1790196191	2885414912
1790196196	2885414912
1790196201	2885414912
1790196206	2885414912
1790196211	2885414912
1790196216	2885414912
1790196221	2885414912
1790196226	2885414912
1790196231	2885414912
1790196236	2885414912
1790196241	2885414912
1790196246	2885414912
1790196251	2885414912
1790196256	2885414912
1790196261	2885414912
1790196266	2885414912
1790196271	2885414912
1790196276	2885414912
1790196281	2885414912
1790196286	2885414912
1790196291	2885414912
1790196296	2885414912
1790196301	2885414912
1790196306	2885414912
1790196311	2885414912
1790196316	2885414912
1790196321	2885414912
1790196326	2885414912
1790196331	2885414912
1790196336	2885414912
1790196341	2885414912
1790196346	2885414912
1790196352	2885414912
1790196357	2885414912
1790196362	2885414912
1790196367	2885414912
1790196372	2885414912
1790196377	2885414912
1790196382	2885414912
1790196387	2885414912
1790196392	2885414912
1790196397	2885414912
1790196402	2885414912
1790196407	2885414912
1790196412	2885414912
1790196417	2885414912
1790196422	2885414912
1790196427	2885414912
1790196432	2885414912
1790196437	2885414912
1790196442	2885414912
1790196447	2885414912
1790196452	2885414912
1790196457	2885414912
1790196462	2885414912
1790196467	2885414912
1790196472	2885414912
1790196477	2885414912
1790196482	2885414912
1790196487	2885414912
1790196492	2885414912
1790196497	2885419008
1790196502	2885419008
1790196507	2885419008
1790196512	2885419008
1790196517	2885419008
1790196522	2885419008
1790196527	2885419008
1790196532	2885419008
1790196537	2885419008
1790196542	2885419008
1790196547	2885419008
1790196552	2885419008
1790196557	2885419008
1790196562	2885419008
1790196567	2885419008
1790196572	2885419008
1790196577	2885419008
1790196582	2885419008
1790196587	2885419008
1790196592	2885419008
1790196597	2885419008
1790196602	2885419008
1790196607	2885419008
1790196612	2885419008
1790196617	2885419008
1790196622	2885419008
1790196627	2885419008
1790196632	2885419008
1790196637	2885419008
1790196642	2885419008
1790196647	2885419008
1790196652	2885419008
1790196657	2885419008
1790196662	2885419008
1790196667	2885419008
1790196672	2885419008
1790196677	2885419008
1790196682	2885419008
1790196687	2885419008
1790196692	2885419008
1790196697	2885419008
1790196702	2885419008
1790196707	2885419008
1790196712	2885419008
1790196717	2885419008
1790196722	2885419008
1790196727	2885419008
1790196732	2885419008
1790196737	2885419008
1790196742	2885419008
1790196747	2885419008
1790196752	2885419008
1790196757	2885419008
1790196762	2885419008
1790196767	2885419008
1790196772	2885419008
1790196777	2885419008
1790196782	2885419008
1790196787	2885419008
1790196792	2885419008
1790196797	2885419008
1790196802	2885419008
1790196807	2885419008
1790196812	2885419008
1790196818	2885419008
1790196823	2885419008
1790196828	2885419008
1790196833	2885419008
1790196838	2885419008
1790196843	2885419008
1790196848	2885419008
1790196853	2885419008
1790196858	2885419008
1790196863	2885419008
1790196868	2885419008
1790196873	2885419008
1790196878	2885419008
1790196883	2885419008
1790196888	2885419008
1790196893	2885419008
1790196898	2885419008
1790196903	2885419008
1790196908	2885419008
1790196913	2885419008
1790196918	2885419008
1790196923	2885419008
1790196928	2885419008
1790196933	2885419008
1790196938	2885419008
1790196943	2885419008
1790196948	2885419008
1790196953	2885419008
1790196958	2885419008
1790196963	2885419008
1790196968	2885419008
1790196973	2885419008
1790196978	2885419008
1790196983	2885423104
1790196988	2885423104
1790196993	2885423104
1790196998	2885423104
1790197003	2885423104
1790197008	2885423104
1790197013	2885423104
1790197018	2885423104
1790197023	2885423104
1790197028	2885423104
1790197033	2885423104
1790197038	2885423104
1790197043	2885423104
1790197048	2885423104
1790197053	2885423104
1790197058	2885423104
1790197063	2885423104
1790197068	2885423104
1790197073	2885423104
1790197078	2885423104
1790197083	2885423104
1790197088	2885423104
1790197093	2885423104
1790197098	2885423104
1790197103	2885423104
1790197108	2885423104
1790197113	2885423104
1790197118	2885423104
1790197123	2885423104
1790197128	2885423104
1790197133	2885423104
1790197138	2885423104
1790197143	2885423104
1790197148	2885423104
1790197153	2885423104
1790197158	2885423104
1790197163	2885423104
1790197168	2885423104
1790197173	2885423104
1790197178	2885423104
1790197183	2885423104
1790197188	2885423104
1790197193	2885423104
1790197198	2885423104
1790197203	2885423104
1790197208	2885423104
1790197213	2885423104
1790197218	2885423104
1790197223	2885423104
1790197228	2885423104
1790197233	2885423104
1790197238	2885423104
1790197243	2885423104
1790197248	2885423104
1790197253	2885423104
1790197258	2885423104
1790197263	2885423104
1790197268	2885423104
1790197274	2885423104
1790197279	2885423104
1790197284	2885423104
1790197289	2885423104
1790197294	2885423104
1790197299	2885423104
1790197304	2885423104
1790197309	2885423104
1790197314	2885423104
1790197319	2885423104
1790197324	2885423104
1790197329	2885423104
1790197334	2885423104
1790197339	2885423104
1790197344	2885423104
1790197349	2885423104
1790197354	2885423104
1790197359	2885423104
1790197364	2885423104
1790197369	2885423104
1790197374	2885423104
1790197379	2885423104
1790197384	2885423104
1790197389	2885427200
1790197394	2885427200
1790197399	2885427200
1790197404	2885427200
1790197409	2885427200
1790197414	2885427200
1790197419	2885427200
1790197424	2885427200
1790197429	2885427200
1790197434	2885427200
1790197439	2885427200
1790197444	2885427200
1790197449	2885427200
1790197454	2885427200
1790197459	2885427200
1790197464	2885427200
1790197469	2885427200
1790197474	2885427200
1790197479	2885427200
1790197484	2885427200
1790197489	2885427200
1790197494	2885427200
1790197499	2885427200
1790197504	2885427200
1790197509	2885427200
1790197514	2885427200
1790197519	2885427200
1790197524	2885427200
1790197529	2885427200
1790197534	2885427200
1790197539	2885427200
1790197544	2885427200
1790197549	2885427200
1790197554	2885427200
1790197559	2885427200
1790197564	2885427200
1790197569	2885427200
1790197574	2885427200
1790197579	2885427200
1790197584	2885427200
1790197589	2885427200
1790197594	2885427200
1790197599	2885427200
1790197604	2885427200
1790197609	2885427200
1790197614	2885427200
1790197619	2885427200
1790197624	2885427200
1790197629	2885427200
1790197634	2885427200
1790197639	2885427200
1790197644	2885427200
1790197649	2885427200
1790197654	2885427200
1790197659	2885427200
1790197664	2885427200
1790197669	2885427200
1790197674	2885427200
1790197679	2885427200
1790197684	2885427200
1790197689	2885427200
1790197694	2885427200
1790197699	2885427200
1790197704	2885427200
1790197709	2885427200
1790197714	2885427200
1790197719	2885427200
1790197724	2885427200
1790197729	2885427200
1790197734	2885427200
1790197739	2885427200
1790197744	2885427200
1790197749	2885427200
1790197754	2885427200
1790197759	2885427200
1790197764	2885427200
1790197769	2885427200
1790197774	2885427200
1790197779	2885427200
1790197785	2885427200
1790197790	2885427200
1790197795	2885427200
1790197800	2885427200
1790197805	2885427200
1790197810	2885427200
1790197815	2885427200
1790197820	2885427200
1790197825	2885427200
1790197830	2885427200
1790197835	2885427200
1790197840	2885427200
1790197845	2885427200
1790197850	2885427200
1790197855	2885427200
1790197860	2885427200
1790197865	2885427200
1790197870	2885427200
1790197875	2885431296
1790197880	2885431296
1790197885	2885431296
1790197890	2885431296
1790197895	2885431296
1790197900	2885431296
1790197905	2885431296
1790197910	2885431296
1790197915	2885431296
1790197920	2885431296
1790197925	2885431296
1790197930	2885431296
1790197935	2885431296
1790197940	2885431296
1790197945	2885431296
1790197950	2885431296
1790197955	2885431296
1790197960	2885431296
1790197965	2885431296
1790197970	2885431296
1790197975	2885431296
1790197980	2885431296
1790197985	2885431296
1790197990	2885431296
1790197995	2885431296
1790198000	2885431296
1790198005	2885431296
1790198010	2885431296
1790198015	2885431296
1790198020	2885431296
1790198025	2885431296
1790198030	2885431296
1790198035	2885431296
1790198040	2885431296
1790198045	2885431296
1790198050	2885431296
1790198055	2885431296
1790198060	2885431296
1790198065	2885431296
1790198070	2885431296
1790198075	2885431296
1790198080	2885431296
1790198085	2885431296
1790198090	2885431296
1790198095	2885431296
1790198100	2885431296
1790198105	2885431296
1790198110	2885431296
1790198115	2885431296
1790198120	2885431296
1790198125	2885431296
1790198130	2885431296
1790198135	2885431296
1790198140	2885431296
1790198145	2885431296
1790198150	2885431296
1790198155	2885431296
1790198160	2885431296
1790198165	2885431296
1790198170	2885431296
1790198175	2885431296
1790198180	2885431296
1790198185	2885431296
1790198190	2885431296
1790198195	2885431296
1790198200	2885431296
1790198205	2885431296
1790198210	2885431296
1790198215	2885431296
1790198220	2885431296
1790198225	2885431296
1790198230	2885431296
1790198235	2885431296
1790198240	2885431296
1790198245	2885431296
1790198250	2885431296
1790198255	2885431296
1790198260	2885431296
1790198265	2885431296
1790198270	2885431296
1790198276	2885435392
1790198281	2885435392
1790198286	2885435392
1790198291	2885435392
1790198296	2885435392
1790198301	2885435392
1790198306	2885435392
1790198311	2885435392
1790198316	2885435392
1790198321	2885435392
1790198326	2885435392
1790198331	2885435392
1790198336	2885435392
1790198341	2885435392
1790198346	2885435392
1790198351	2885435392
1790198356	2885435392
1790198361	2885435392
1790198366	2885435392
1790198371	2885435392
1790198376	2885435392
1790198381	2885435392
1790198386	2885435392
1790198391	2885435392
1790198396	2885435392
1790198401	2885435392
1790198406	2885435392
1790198411	2885435392
1790198416	2885435392
1790198421	2885435392
1790198426	2885435392
1790198431	2885435392
1790198436	2885435392
1790198441	2885435392
1790198446	2885435392
1790198451	2885435392
1790198456	2885435392
1790198461	2885435392
1790198466	2885435392
1790198471	2885435392
1790198476	2885435392
1790198481	2885435392
1790198486	2885435392
1790198491	2885435392
1790198496	2885435392
1790198501	2885435392
1790198506	2885435392
1790198511	2885435392
1790198516	2885435392
1790198521	2885435392
1790198526	2885435392
1790198531	2885435392
1790198536	2885435392
1790198541	2885435392
1790198546	2885435392
1790198551	2885435392
1790198556	2885435392
1790198561	2885435392
1790198566	2885435392
1790198571	2885435392
1790198576	2885435392
1790198581	2885435392
1790198586	2885435392
1790198591	2885435392
1790198596	2885435392
1790198601	2885435392
1790198606	2885435392
1790198611	2885435392
1790198616	2885435392
1790198621	2885435392
1790198626	2885435392
1790198631	2885435392
1790198636	2885435392
1790198641	2885435392
1790198646	2885435392
1790198651	2885435392
1790198656	2885435392
1790198661	2885435392
1790198666	2885435392
1790198671	2885435392
1790198676	2885435392
1790198681	2885435392
1790198686	2885435392
1790198691	2885435392
1790198696	2885435392
1790198701	2885435392
1790198706	2885435392
1790198711	2885435392
1790198716	2885435392
1790198721	2885435392
1790198727	2885435392
1790198732	2885435392
1790198737	2885435392
1790198742	2885435392
1790198747	2885435392
1790198752	2885435392
1790198757	2885435392
1790198762	2885439488
1790198767	2885439488
1790198772	2885439488
1790198777	2885439488
1790198782	2885439488
1790198787	2885439488
1790198792	2885439488
1790198797	2885439488
1790198802	2885439488
1790198807	2885439488
1790198812	2885439488
1790198817	2885439488
1790198822	2885439488
1790198827	2885439488
1790198832	2885439488
1790198837	2885439488
1790198842	2885439488
1790198847	2885439488
1790198852	2885439488
1790198857	2885439488
1790198862	2885439488
1790198867	2885439488
1790198872	2885439488
1790198877	2885439488
1790198882	2885439488
1790198887	2885439488
1790198892	2885439488
1790198897	2885439488
1790198902	2885439488
1790198907	2885439488
1790198912	2885439488
1790198917	2885439488
1790198922	2885439488
1790198927	2885439488
1790198932	2885439488
1790198937	2885439488
1790198942	2885439488
1790198947	2885439488
1790198952	2885439488
1790198957	2885439488
1790198962	2885439488
1790198967	2885439488
1790198972	2885439488
1790198977	2885439488
1790198982	2885439488
1790198987	2885439488
1790198992	2885439488
1790198997	2885439488
1790199002	2885439488
1790199007	2885439488
1790199012	2885439488
1790199017	2885439488
1790199022	2885439488
1790199027	2885439488
1790199032	2885439488
1790199037	2885439488
1790199042	2885439488
1790199047	2885439488
1790199052	2885439488
1790199057	2885439488
1790199062	2885439488
1790199067	2885439488
1790199072	2885439488
1790199077	2885439488
1790199082	2885439488
1790199087	2885439488
1790199092	2885439488
1790199097	2885439488
1790199102	2885439488
1790199107	2885439488
1790199112	2885439488
1790199117	2885439488
1790199122	2885439488
1790199127	2885439488
1790199132	2885439488
1790199137	2885439488
1790199142	2885439488
1790199147	2885439488
1790199152	2885439488
1790199157	2885439488
1790199162	2885443584
1790199167	2885443584
1790199172	2885443584
1790199177	2885443584
1790199182	2885443584
1790199187	2885443584
1790199192	2885443584
1790199197	2885443584
1790199203	2885443584
1790199208	2885443584
1790199213	2885443584
1790199218	2885443584
1790199223	2885443584
1790199228	2885443584
1790199233	2885443584
1790199238	2885443584
1790199243	2885443584
1790199248	2885443584
1790199253	2885443584
1790199258	2885443584
1790199263	2885443584
1790199268	2885443584
1790199273	2885443584
1790199278	2885443584
1790199283	2885443584
1790199288	2885443584
1790199293	2885443584
1790199298	2885443584
1790199303	2885443584
1790199308	2885443584
1790199313	2885443584
1790199318	2885443584
1790199323	2885443584
1790199328	2885443584
1790199333	2885443584
1790199338	2885443584
1790199343	2885443584
1790199348	2885443584
1790199353	2885443584
1790199358	2885443584
1790199363	2885443584
1790199368	2885443584
1790199373	2885443584
1790199378	2885443584
1790199383	2885443584
1790199388	2885443584
1790199393	2885443584
1790199398	2885443584
1790199403	2885443584
1790199408	2885443584
1790199413	2885443584
1790199418	2885443584
1790199423	2885443584
1790199428	2885443584
1790199433	2885443584
1790199438	2885443584
1790199443	2885443584
1790199448	2885443584
1790199453	2885443584
1790199458	2885443584
1790199463	2885443584
1790199468	2885443584
1790199473	2885443584
1790199478	2885443584
1790199483	2885443584
1790199488	2885443584
1790199493	2885443584
1790199498	2885443584
1790199503	2885443584
1790199508	2885443584
1790199513	2885443584
1790199518	2885443584
1790199523	2885443584
1790199528	2885443584
1790199533	2885443584
1790199538	2885443584
1790199543	2885443584
1790199548	2885443584
1790199553	2885443584
1790199558	2885443584
1790199563	2885443584
1790199568	2885443584
1790199573	2885443584
1790199578	2885443584
1790199583	2885443584
1790199588	2885443584
1790199593	2885443584
1790199598	2885443584
1790199603	2885443584
1790199608	2885443584
1790199613	2885443584
1790199618	2885443584
1790199623	2885443584
1790199628	2885443584
1790199633	2885447680
1790199638	2885447680
1790199643	2885447680
1790199648	2885447680
1790199653	2885447680
1790199658	2885447680
1790199664	2885447680
1790199669	2885447680
1790199674	2885447680
1790199679	2885447680
1790199684	2885447680
1790199689	2885447680
1790199694	2885447680
1790199699	2885447680
1790199704	2885447680
1790199709	2885447680
1790199714	2885447680
1790199719	2885447680
1790199724	2885447680
1790199729	2885447680
1790199734	2885447680
1790199739	2885447680
1790199744	2885447680
1790199749	2885447680
1790199754	2885447680
1790199759	2885447680
1790199764	2885447680
1790199769	2885447680
1790199774	2885447680
1790199779	2885447680
1790199784	2885447680
1790199789	2885447680
1790199794	2885447680
1790199799	2885447680
1790199804	2885447680
1790199809	2885447680
1790199814	2885447680
1790199819	2885447680
1790199824	2885447680
1790199829	2885447680
1790199834	2885447680
1790199839	2885447680
1790199844	2885447680
1790199849	2885447680
1790199854	2885447680
1790199859	2885447680
1790199864	2885447680
1790199869	2885447680
1790199874	2885447680
1790199879	2885447680
1790199884	2885447680
1790199889	2885447680
1790199894	2885447680
1790199899	2885447680
1790199904	2885447680
1790199909	2885447680
1790199914	2885447680
1790199919	2885447680
1790199924	2885447680
1790199929	2885451776
1790199934	2885451776
1790199939	2885451776
1790199944	2885451776
1790199949	2885451776
1790199954	2885451776
1790199959	2885451776
1790199964	2885451776
1790199969	2885451776
1790199974	2885451776
1790199979	2885451776
1790199984	2885451776
1790199989	2885451776
1790199994	2885451776
1790199999	2885451776
1790200004	2885451776
1790200009	2885451776
1790200014	2885451776
1790200019	2885451776
1790200024	2885451776
1790200029	2885451776
1790200034	2885451776
1790200039	2885451776
1790200044	2885451776
1790200049	2885451776
1790200054	2885451776
1790200059	2885451776
1790200064	2885451776
1790200069	2885451776
1790200074	2885451776
1790200079	2885451776
1790200084	2885451776
1790200089	2885451776
1790200094	2885451776
1790200099	2885451776
1790200104	2885451776
1790200109	2885451776
1790200114	2885451776
1790200119	2885451776
1790200124	2885451776
1790200129	2885451776
1790200134	2885451776
1790200139	2885451776
1790200144	2885451776
1790200149	2885451776
1790200154	2885451776
1790200159	2885451776
1790200164	2885451776
1790200170	2885451776
1790200175	2885451776
1790200180	2885451776
1790200185	2885451776
1790200190	2885451776
1790200195	2885451776
1790200200	2885451776
1790200205	2885451776
1790200210	2885451776
1790200215	2885451776
1790200220	2885451776
1790200225	2885451776
1790200230	2885451776
1790200235	2885455872
1790200240	2885455872
1790200245	2885455872
1790200250	2885455872
1790200255	2885455872
1790200260	2885455872
1790200265	2885455872
1790200270	2885455872
1790200275	2885455872
1790200280	2885455872
1790200285	2885455872
1790200290	2885455872
1790200295	2885455872
1790200300	2885455872
1790200305	2885455872
1790200310	2885455872
1790200315	2885455872
1790200320	2885455872
1790200325	2885455872
1790200330	2885455872
1790200335	2885455872
1790200340	2885455872
1790200345	2885455872
1790200350	2885455872
1790200355	2885455872
1790200360	2885455872
1790200365	2885455872
1790200370	2885455872
1790200375	2885455872
1790200380	2885455872
1790200385	2885455872
1790200390	2885455872
1790200395	2885455872
1790200400	2885455872
1790200405	2885455872
1790200410	2885455872
1790200415	2885455872
1790200420	2885455872
1790200425	2885455872
1790200430	2885455872
1790200435	2885455872
1790200440	2885455872
1790200445	2885455872
1790200450	2885455872
1790200455	2885455872
1790200460	2885455872
1790200465	2885455872
1790200470	2885455872
1790200475	2885455872
1790200480	2885455872
1790200485	2885455872
1790200490	2885455872
1790200495	2885455872
1790200500	2885455872
1790200505	2885455872
1790200510	2885455872
1790200515	2885455872
1790200520	2885459968
1790200525	2885459968
1790200530	2885459968
1790200535	2885459968
1790200540	2885459968
1790200545	2885459968
1790200550	2885459968
1790200555	2885459968
1790200560	2885459968
1790200565	2885459968
1790200570	2885459968
1790200575	2885459968
1790200580	2885459968
1790200585	2885459968
1790200590	2885459968
1790200595	2885459968
1790200600	2885459968
1790200605	2885459968
1790200610	2885459968
1790200615	2885459968
1790200620	2885459968
1790200625	2885459968
1790200630	2885459968
1790200635	2885459968
1790200640	2885459968
1790200645	2885459968
1790200650	2885459968
1790200655	2885459968
1790200660	2885459968
1790200665	2885459968
1790200670	2885459968
1790200676	2885459968
1790200681	2885459968
1790200686	2885459968
1790200691	2885459968
1790200696	2885459968
1790200701	2885459968
1790200706	2885459968
1790200711	2885459968
1790200716	2885459968
1790200721	2885459968
1790200726	2885459968
1790200731	2885459968
1790200736	2885459968
1790200741	2885459968
1790200746	2885459968
1790200751	2885459968
1790200756	2885459968
1790200761	2885459968
1790200766	2885459968
1790200771	2885459968
1790200776	2885459968
1790200781	2885459968
1790200786	2885459968
1790200791	2885459968
1790200796	2885459968
1790200801	2885459968
1790200806	2885459968
1790200811	2885464064
1790200816	2885464064
1790200821	2885464064
1790200826	2885464064
1790200831	2885464064
1790200836	2885464064
1790200841	2885464064
1790200846	2885464064
1790200851	2885464064
1790200856	2885464064
1790200861	2885464064
1790200866	2885464064
1790200871	2885464064
1790200876	2885464064
1790200881	2885464064
1790200886	2885464064
1790200891	2885464064
1790200896	2885464064
1790200901	2885464064
1790200906	2885464064
1790200911	2885464064
1790200916	2885464064
1790200921	2885464064
1790200926	2885464064
1790200931	2885464064
1790200936	2885464064
1790200941	2885464064
1790200946	2885464064
1790200951	2885464064
1790200956	2885464064
1790200961	2885464064
1790200966	2885464064
1790200971	2885464064
1790200976	2885464064
1790200981	2885464064
1790200986	2885464064
1790200991	2885464064
1790200996	2885464064
1790201001	2885464064
1790201006	2885464064
1790201011	2885464064
1790201016	2885464064
1790201021	2885464064
1790201026	2885464064
1790201031	2885464064
1790201036	2885464064
1790201041	2885464064
1790201046	2885464064
1790201051	2885464064
1790201056	2885464064
1790201061	2885464064
1790201066	2885464064
1790201071	2885464064
1790201076	2885464064
1790201081	2885464064
1790201086	2885468160
1790201091	2885468160
1790201096	2885468160
1790201101	2885468160
1790201106	2885468160
1790201111	2885468160
1790201116	2885468160
1790201121	2885468160
1790201126	2885468160
1790201131	2885468160
1790201137	2885468160
1790201142	2885468160
1790201147	2885468160
1790201152	2885468160
1790201157	2885468160
1790201162	2885468160
1790201167	2885468160
1790201172	2885468160
1790201177	2885468160
1790201182	2885468160
1790201187	2885468160
1790201192	2885468160
1790201197	2885468160
1790201202	2885468160
1790201207	2885468160
1790201212	2885468160
1790201217	2885468160
1790201222	2885468160
1790201227	2885468160
1790201232	2885468160
1790201237	2885468160
1790201242	2885468160
1790201247	2885468160
1790201252	2885468160
1790201257	2885468160
1790201262	2885468160
1790201267	2885468160
1790201272	2885468160
1790201277	2885468160
1790201282	2885468160
1790201287	2885468160
1790201292	2885468160
1790201297	2885468160
1790201302	2885468160
1790201307	2885468160
1790201312	2885468160
1790201317	2885468160
1790201322	2885468160
1790201327	2885468160
1790201332	2885468160
1790201337	2885468160
1790201342	2885468160
1790201347	2885468160
1790201352	2885468160
1790201357	2885468160
1790201362	2885468160
1790201367	2885468160
1790201372	2885468160
1790201377	2885468160
1790201382	2885468160
1790201387	2885468160
1790201392	2885472256
1790201397	2885472256
1790201402	2885472256
1790201407	2885472256
1790201412	2885472256
1790201417	2885472256
1790201422	2885472256
1790201427	2885472256
1790201432	2885472256
1790201437	2885472256
1790201442	2885472256
1790201447	2885472256
1790201452	2885472256
1790201457	2885472256
1790201462	2885472256
1790201467	2885472256
1790201472	2885472256
1790201477	2885472256
1790201482	2885472256
1790201487	2885472256
1790201492	2885472256
1790201497	2885472256
1790201502	2885472256
1790201507	2885472256
1790201512	2885472256
1790201517	2885472256
1790201522	2885472256
1790201527	2885472256
1790201532	2885472256
1790201537	2885472256
1790201542	2885472256
1790201547	2885472256
1790201552	2885472256
1790201557	2885472256
1790201562	2885472256
1790201567	2885472256
1790201572	2885472256
1790201577	2885472256
1790201582	2885472256
1790201587	2885472256
1790201592	2885472256
1790201597	2885472256
1790201602	2885472256
1790201607	2885472256
1790201612	2885472256
1790201617	2885472256
1790201622	2885472256
1790201628	2885472256
1790201633	2885472256
1790201638	2885472256
1790201643	2885472256
1790201648	2885472256
1790201653	2885472256
1790201658	2885472256
1790201663	2885472256
1790201668	2885472256
1790201673	2885476352
1790201678	2885476352
1790201683	2885476352
1790201688	2885476352
1790201693	2885476352
1790201698	2885476352
1790201703	2885476352
1790201708	2885476352
1790201713	2885476352
1790201718	2885476352
1790201723	2885476352
1790201728	2885476352
1790201733	2885476352
1790201738	2885476352
1790201743	2885476352
1790201748	2885476352
1790201753	2885476352
1790201758	2885476352
1790201763	2885476352
1790201768	2885476352
1790201773	2885476352
1790201778	2885476352
1790201783	2885476352
1790201788	2885476352
1790201793	2885476352
1790201798	2885476352
1790201803	2885476352
1790201808	2885476352
1790201813	2885476352
1790201818	2885476352
1790201823	2885476352
1790201828	2885476352
1790201833	2885476352
1790201838	2885476352
1790201843	2885476352
1790201848	2885476352
1790201853	2885476352
1790201858	2885476352
1790201863	2885476352
1790201868	2885476352
1790201873	2885476352
1790201878	2885476352
1790201883	2885476352
1790201888	2885476352
1790201893	2885476352
1790201898	2885476352
1790201903	2885476352
1790201908	2885476352
1790201913	2885476352
1790201918	2885476352
1790201923	2885476352
1790201928	2885476352
1790201933	2885476352
1790201938	2885476352
1790201943	2885476352
1790201948	2885476352
1790201953	2885476352
1790201958	2885476352
1790201963	2885480448
1790201968	2885480448
1790201973	2885480448
1790201978	2885480448
1790201983	2885480448
1790201988	2885480448
1790201993	2885480448
1790201998	2885480448
1790202003	2885480448
1790202008	2885480448
1790202013	2885480448
1790202018	2885480448
1790202023	2885480448
1790202028	2885480448
1790202033	2885480448
1790202038	2885480448
1790202043	2885480448
1790202048	2885480448
1790202053	2885480448
1790202058	2885480448
1790202063	2885480448
1790202068	2885480448
1790202073	2885480448
1790202079	2885480448
1790202084	2885480448
1790202089	2885480448
1790202094	2885480448
1790202099	2885480448
1790202104	2885480448
1790202109	2885480448
1790202114	2885480448
1790202119	2885480448
1790202124	2885480448
1790202129	2885480448
1790202134	2885480448
1790202139	2885480448
1790202144	2885480448
1790202149	2885480448
1790202154	2885480448
1790202159	2885480448
1790202164	2885480448
1790202169	2885480448
1790202174	2885480448
1790202179	2885480448
1790202184	2885480448
1790202189	2885480448
1790202194	2885480448
1790202199	2885480448
1790202204	2885480448
1790202209	2885480448
1790202214	2885480448
1790202219	2885480448
1790202224	2885480448
1790202229	2885480448
1790202234	2885480448
1790202239	2885480448
1790202244	2885484544
1790202249	2885484544
1790202254	2885484544
1790202259	2885484544
1790202264	2885484544
1790202269	2885484544
1790202274	2885484544
1790202279	2885484544
1790202284	2885484544
1790202289	2885484544
1790202294	2885484544
1790202299	2885484544
1790202304	2885484544
1790202309	2885484544
1790202314	2885484544
1790202319	2885484544
1790202324	2885484544
1790202329	2885484544
1790202334	2885484544
1790202339	2885484544
1790202344	2885484544
1790202349	2885484544
1790202354	2885484544
1790202359	2885484544
1790202364	2885484544
1790202369	2885484544
1790202374	2885484544
1790202379	2885484544
1790202384	2885484544
1790202389	2885484544
1790202394	2885484544
1790202399	2885484544
1790202404	2885484544
1790202409	2885484544
1790202414	2885484544
1790202419	2885484544
1790202424	2885484544
1790202429	2885484544
1790202434	2885484544
1790202439	2885484544
1790202444	2885484544
1790202449	2885484544
1790202454	2885484544
1790202459	2885484544
1790202464	2885484544
1790202469	2885484544
1790202474	2885484544
1790202479	2885484544
1790202484	2885484544
1790202489	2885484544
1790202494	2885484544
1790202499	2885484544
1790202504	2885484544
1790202509	2885484544
1790202514	2885484544
1790202519	2885484544
1790202524	2885484544
1790202529	2885484544
1790202534	2885484544
1790202540	2885488640
1790202545	2885488640
1790202550	2885488640
1790202555	2885488640
1790202560	2885488640
1790202565	2885488640
1790202570	2885488640
1790202575	2885488640
1790202580	2885488640
1790202585	2885488640
1790202590	2885488640
1790202595	2885488640
1790202600	2885488640
1790202605	2885488640
1790202610	2885488640
1790202615	2885488640
1790202620	2885488640
1790202625	2885488640
1790202630	2885488640
1790202635	2885488640
1790202640	2885488640
1790202645	2885488640
1790202650	2885488640
1790202655	2885488640
1790202660	2885488640
1790202665	2885488640
1790202670	2885488640
1790202675	2885488640
1790202680	2885488640
1790202685	2885488640
1790202690	2885488640
1790202695	2885488640
1790202700	2885488640
1790202705	2885488640
1790202710	2885488640
1790202715	2885488640
1790202720	2885488640
1790202725	2885488640
1790202730	2885488640
1790202735	2885488640
1790202740	2885488640
1790202745	2885488640
1790202750	2885488640
1790202755	2885488640
1790202760	2885488640
1790202765	2885488640
1790202770	2885488640
1790202775	2885488640
1790202780	2885488640
1790202785	2885488640
1790202790	2885488640
1790202795	2885488640
1790202800	2885488640
1790202805	2885488640
1790202810	2885488640
1790202815	2885488640
1790202820	2885492736
1790202825	2885492736
1790202830	2885492736
1790202835	2885492736
1790202840	2885492736
1790202845	2885492736
1790202850	2885492736
1790202855	2885492736
1790202860	2885492736
1790202865	2885492736
1790202870	2885492736
1790202875	2885492736
1790202880	2885492736
1790202885	2885492736
1790202890	2885492736
1790202895	2885492736
1790202900	2885492736
1790202905	2885492736
1790202910	2885492736
1790202915	2885492736
1790202920	2885492736
1790202925	2885492736
1790202930	2885492736
1790202935	2885492736
1790202940	2885492736
1790202945	2885492736
1790202950	2885492736
1790202955	2885492736
1790202960	2885492736
1790202965	2885492736
1790202970	2885492736
1790202975	2885492736
1790202980	2885492736
1790202985	2885492736
1790202991	2885492736
1790202996	2885492736
1790203001	2885492736
1790203006	2885492736
1790203011	2885492736
1790203016	2885492736
1790203021	2885492736
1790203026	2885492736
1790203031	2885492736
1790203036	2885492736
1790203041	2885492736
1790203046	2885492736
1790203051	2885492736
1790203056	2885492736
1790203061	2885492736
1790203066	2885492736
1790203071	2885492736
1790203076	2885492736
1790203081	2885492736
1790203086	2885492736
1790203091	2885492736
1790203096	2885492736
1790203101	2885492736
1790203106	2885492736
1790203111	2885496832
1790203116	2885496832
1790203121	2885496832
1790203126	2885496832
1790203131	2885496832
1790203136	2885496832
1790203141	2885496832
1790203146	2885496832
1790203151	2885496832
1790203156	2885496832
1790203161	2885496832
1790203166	2885496832
1790203171	2885496832
1790203176	2885496832
1790203181	2885496832
1790203186	2885496832
1790203191	2885496832
1790203196	2885496832
1790203201	2885496832
1790203206	2885496832
1790203211	2885496832
1790203216	2885496832
1790203221	2885496832
1790203226	2885496832
1790203231	2885496832
1790203236	2885496832
1790203241	2885496832
1790203246	2885496832
1790203251	2885496832
1790203256	2885496832
1790203261	2885496832
1790203266	2885496832
1790203271	2885496832
1790203276	2885496832
1790203281	2885496832
1790203286	2885496832
1790203291	2885496832
1790203296	2885496832
1790203301	2885496832
1790203306	2885496832
1790203311	2885496832
1790203316	2885496832
1790203321	2885496832
1790203326	2885496832
1790203331	2885496832
1790203336	2885496832
1790203341	2885500928
1790203346	2885500928
1790203351	2885500928
1790203356	2885500928
1790203361	2885500928
1790203366	2885500928
1790203371	2885500928
1790203376	2885500928
1790203381	2885500928
1790203386	2885500928
1790203391	2885500928
1790203396	2885500928
1790203401	2885500928
1790203406	2885500928
1790203411	2885500928
1790203416	2885500928
1790203421	2885500928
1790203426	2885500928
1790203431	2885500928
1790203436	2885500928
1790203441	2885500928
1790203447	2885500928
1790203452	2885500928
1790203457	2885500928
1790203462	2885500928
1790203467	2885500928
1790203472	2885500928
1790203477	2885500928
1790203482	2885500928
1790203487	2885500928
1790203492	2885500928
1790203497	2885500928
1790203502	2885500928
1790203507	2885500928
1790203512	2885500928
1790203517	2885500928
1790203522	2885500928
1790203527	2885500928
1790203532	2885500928
1790203537	2885500928
1790203542	2885500928
1790203547	2885500928
1790203552	2885500928
1790203557	2885500928
1790203562	2885500928
1790203567	2885500928
1790203572	2885500928
1790203577	2885500928
1790203582	2885500928
1790203587	2885500928
1790203592	2885500928
1790203597	2885500928
1790203602	2885500928
1790203607	2885500928
1790203612	2885500928
1790203617	2885500928
1790203622	2885500928
1790203627	2885500928
1790203632	2885500928
1790203637	2885500928
1790203642	2885500928
1790203647	2885500928
1790203652	2885500928
1790203657	2885500928
1790203662	2885500928
1790203667	2885500928
1790203672	2885500928
1790203677	2885500928
1790203682	2885505024
1790203687	2885505024
1790203692	2885505024
1790203697	2885505024
1790203702	2885505024
1790203707	2885505024
1790203712	2885505024
1790203717	2885505024
1790203722	2885505024
1790203727	2885505024
1790203732	2885505024
1790203737	2885505024
1790203742	2885505024
1790203747	2885505024
1790203752	2885505024
1790203757	2885505024
1790203762	2885505024
1790203767	2885505024
1790203772	2885505024
1790203777	2885505024
1790203782	2885505024
1790203787	2885505024
1790203792	2885505024
1790203797	2885505024
1790203802	2885505024
1790203807	2885505024
1790203812	2885505024
1790203817	2885505024
1790203822	2885505024
1790203827	2885505024
1790203832	2885505024
1790203837	2885505024
1790203842	2885505024
1790203847	2885505024
1790203852	2885505024
1790203857	2885505024
1790203862	2885505024
1790203867	2885505024
1790203872	2885505024
1790203877	2885505024
1790203882	2885505024
1790203887	2885505024
1790203892	2885505024
1790203897	2885505024
1790203902	2885505024
1790203907	2885509120
1790203912	2885509120
1790203917	2885509120
1790203922	2885509120
1790203928	2885509120
1790203933	2885509120
1790203938	2885509120
1790203943	2885509120
1790203948	2885509120
1790203953	2885509120
1790203958	2885509120
1790203963	2885509120
1790203968	2885509120
1790203973	2885509120
1790203978	2885509120
1790203983	2885509120
1790203988	2885509120
1790203993	2885509120
1790203998	2885509120
1790204003	2885509120
1790204008	2885509120
1790204013	2885509120
1790204018	2885509120
1790204023	2885509120
1790204028	2885509120
1790204033	2885509120
1790204038	2885509120
1790204043	2885509120
1790204048	2885509120
1790204053	2885509120
1790204058	2885509120
1790204063	2885509120
1790204068	2885509120
1790204073	2885509120
1790204078	2885509120
1790204083	2885509120
1790204088	2885509120
1790204093	2885509120
1790204098	2885509120
1790204103	2885509120
1790204108	2885509120
1790204113	2885509120
1790204118	2885509120
1790204123	2885509120
1790204128	2885509120
1790204133	2885509120
1790204138	2885509120
1790204143	2885509120
1790204148	2885509120
1790204153	2885509120
1790204158	2885509120
1790204163	2885509120
1790204168	2885509120
1790204173	2885509120
1790204178	2885509120
1790204183	2885509120
1790204188	2885509120
1790204193	2885509120
1790204198	2885509120
1790204203	2885509120
1790204208	2885509120
1790204213	2885509120
1790204218	2885509120
1790204223	2885509120
1790204228	2885509120
1790204233	2885509120
1790204238	2885509120
1790204243	2885509120
1790204248	2885509120
1790204253	2885509120
1790204258	2885509120
1790204263	2885509120
1790204268	2885509120
1790204273	2885509120
1790204278	2885509120
1790204283	2885513216
1790204288	2885513216
1790204293	2885513216
1790204298	2885513216
1790204303	2885513216
1790204308	2885513216
1790204313	2885513216
1790204318	2885513216
1790204323	2885513216
1790204328	2885513216
1790204333	2885513216
1790204338	2885513216
1790204343	2885513216
1790204348	2885513216
1790204353	2885513216
1790204358	2885513216
1790204363	2885513216
1790204368	2885513216
1790204373	2885513216
1790204378	2885513216
1790204383	2885513216
1790204388	2885513216
1790204393	2885513216
1790204398	2885513216
1790204403	2885513216
1790204408	2885513216
1790204414	2885513216
1790204419	2885513216
1790204424	2885513216
1790204429	2885513216
1790204434	2885513216
1790204439	2885513216
1790204444	2885513216
1790204449	2885513216
1790204454	2885513216
1790204459	2885513216
1790204464	2885513216
1790204469	2885513216
1790204474	2885513216
1790204479	2885513216
1790204484	2885513216
1790204489	2885513216
1790204494	2885513216
1790204499	2885513216
1790204504	2885513216
1790204509	2885513216
1790204514	2885513216
1790204519	2885517312
1790204524	2885517312
1790204529	2885517312
1790204534	2885517312
1790204539	2885517312
1790204544	2885517312
1790204549	2885517312
1790204554	2885517312
1790204559	2885517312
1790204564	2885517312
1790204569	2885517312
1790204574	2885517312
1790204579	2885517312
1790204584	2885517312
1790204589	2885517312
1790204594	2885517312
1790204599	2885517312
1790204604	2885517312
1790204609	2885517312
1790204614	2885517312
1790204619	2885517312
1790204624	2885517312
1790204629	2885517312
1790204634	2885517312
1790204639	2885517312
1790204644	2885517312
1790204649	2885517312
1790204654	2885517312
1790204659	2885517312
1790204664	2885517312
1790204669	2885517312
1790204674	2885517312
1790204679	2885517312
1790204684	2885517312
1790204689	2885517312
1790204694	2885517312
1790204699	2885517312
1790204704	2885517312
1790204709	2885517312
1790204714	2885517312
1790204719	2885517312
1790204724	2885517312
1790204729	2885517312
1790204734	2885517312
1790204739	2885517312
1790204744	2885517312
1790204749	2885517312
1790204754	2885517312
1790204759	2885517312
1790204764	2885517312
1790204769	2885517312
1790204774	2885517312
1790204779	2885517312
1790204784	2885517312
1790204789	2885517312
1790204794	2885517312
1790204799	2885517312
1790204804	2885517312
1790204809	2885517312
1790204814	2885517312
1790204819	2885517312
1790204824	2885517312
1790204829	2885517312
1790204834	2885517312
1790204839	2885517312
1790204844	2885517312
1790204849	2885517312
1790204854	2885517312
1790204859	2885517312
1790204864	2885521408
1790204870	2885521408
1790204875	2885521408
1790204880	2885521408
1790204885	2885521408
1790204890	2885521408
1790204895	2885521408
1790204900	2885521408
1790204905	2885521408
1790204910	2885521408
1790204915	2885521408
1790204920	2885521408
1790204925	2885521408
1790204930	2885521408
1790204935	2885521408
1790204940	2885521408
1790204945	2885521408
1790204950	2885521408
1790204955	2885521408
1790204960	2885521408
1790204965	2885521408
1790204970	2885521408
1790204975	2885521408
1790204980	2885521408
1790204985	2885521408
1790204990	2885521408
1790204995	2885521408
1790205000	2885521408
1790205005	2885521408
1790205010	2885521408
1790205015	2885521408
1790205020	2885521408
1790205025	2885521408
1790205030	2885521408
1790205035	2885521408
1790205040	2885521408
1790205045	2885521408
1790205050	2885521408
1790205055	2885521408
1790205060	2885521408
1790205065	2885521408
1790205070	2885521408
1790205075	2885521408
1790205080	2885521408
1790205085	2885521408
1790205090	2885521408
1790205095	2885525504
1790205100	2885525504
1790205105	2885525504
1790205110	2885525504
1790205115	2885525504
1790205120	2885525504
1790205125	2885525504
1790205130	2885525504
1790205135	2885525504
1790205140	2885525504
1790205145	2885525504
1790205150	2885525504
1790205155	2885525504
1790205160	2885525504
1790205165	2885525504
1790205170	2885525504
1790205175	2885525504
1790205180	2885525504
1790205185	2885525504
1790205190	2885525504
1790205195	2885525504
1790205200	2885525504
1790205205	2885525504
1790205210	2885525504
1790205215	2885525504
1790205220	2885525504
1790205225	2885525504
1790205230	2885525504
1790205235	2885525504
1790205240	2885525504
1790205245	2885525504
1790205250	2885525504
1790205255	2885525504
1790205260	2885525504
1790205265	2885525504
1790205270	2885525504
1790205275	2885525504
1790205280	2885525504
1790205285	2885525504
1790205290	2885525504
1790205295	2885525504
1790205300	2885525504
1790205305	2885525504
1790205310	2885525504
1790205315	2885525504
1790205320	2885525504
1790205325	2885525504
1790205330	2885525504
1790205335	2885525504
1790205340	2885525504
1790205345	2885525504
1790205350	2885525504
1790205355	2885525504
1790205361	2885525504
1790205366	2885525504
1790205371	2885525504
1790205376	2885525504
1790205381	2885525504
1790205386	2885525504
1790205391	2885525504
1790205396	2885525504
1790205401	2885525504
1790205406	2885525504
1790205411	2885525504
1790205416	2885525504
1790205421	2885525504
1790205426	2885525504
1790205431	2885525504
1790205436	2885529600
1790205441	2885529600
1790205446	2885529600
1790205451	2885529600
1790205456	2885529600
1790205461	2885529600
1790205466	2885529600
1790205471	2885529600
1790205476	2885529600
1790205481	2885529600
1790205486	2885529600
1790205491	2885529600
1790205496	2885529600
1790205501	2885529600
1790205506	2885529600
1790205511	2885529600
1790205516	2885529600
1790205521	2885529600
1790205526	2885529600
1790205531	2885529600
1790205536	2885529600
1790205541	2885529600
1790205546	2885529600
1790205551	2885529600
1790205556	2885529600
1790205561	2885529600
1790205566	2885529600
1790205571	2885529600
1790205576	2885529600
1790205581	2885529600
1790205586	2885529600
1790205591	2885529600
1790205596	2885529600
1790205601	2885529600
1790205606	2885529600
1790205611	2885529600
1790205616	2885529600
1790205621	2885529600
1790205626	2885529600
1790205631	2885529600
1790205636	2885529600
1790205641	2885529600
1790205646	2885529600
1790205651	2885529600
1790205656	2885529600
1790205661	2885529600
1790205666	2885529600
1790205671	2885529600
1790205676	2885533696
1790205681	2885533696
1790205686	2885533696
1790205691	2885533696
1790205696	2885533696
1790205701	2885533696
1790205706	2885533696
1790205711	2885533696
1790205716	2885533696
1790205721	2885533696
1790205726	2885533696
1790205731	2885533696
1790205736	2885533696
1790205741	2885533696
1790205746	2885533696
1790205751	2885533696
1790205756	2885533696
1790205761	2885533696
1790205766	2885533696
1790205772	2885533696
1790205777	2885533696
1790205782	2885533696
1790205787	2885533696
1790205792	2885533696
1790205797	2885533696
1790205802	2885533696
1790205807	2885533696
1790205812	2885533696
1790205817	2885533696
1790205822	2885533696
1790205827	2885533696
1790205832	2885533696
1790205837	2885533696
1790205842	2885533696
1790205847	2885533696
1790205852	2885533696
1790205857	2885533696
1790205862	2885533696
1790205867	2885533696
1790205872	2885533696
1790205877	2885533696
1790205882	2885533696
1790205887	2885533696
1790205892	2885533696
1790205897	2885533696
1790205902	2885533696
1790205907	2885533696
1790205912	2885533696
1790205917	2885533696
1790205922	2885533696
1790205927	2885533696
1790205932	2885533696
1790205937	2885533696
1790205942	2885533696
1790205947	2885533696
1790205952	2885533696
1790205957	2885533696
1790205962	2885533696
1790205967	2885533696
1790205972	2885533696
1790205977	2885533696
1790205982	2885533696
1790205987	2885533696
1790205992	2885533696
1790205997	2885533696
1790206002	2885533696
1790206007	2885533696
1790206012	2885537792
1790206017	2885537792
1790206022	2885537792
1790206027	2885537792
1790206032	2885537792
1790206037	2885537792
1790206042	2885537792
1790206047	2885537792
1790206052	2885537792
1790206057	2885537792
1790206062	2885537792
1790206067	2885537792
1790206072	2885537792
1790206077	2885537792
1790206082	2885537792
1790206087	2885537792
1790206092	2885537792
1790206097	2885537792
1790206102	2885537792
1790206107	2885537792
1790206112	2885537792
1790206117	2885537792
1790206122	2885537792
1790206127	2885537792
1790206132	2885537792
1790206137	2885537792
1790206142	2885537792
1790206147	2885537792
1790206152	2885537792
1790206157	2885537792
1790206162	2885537792
1790206167	2885537792
1790206172	2885537792
1790206177	2885537792
1790206182	2885537792
1790206187	2885537792
1790206192	2885537792
1790206197	2885537792
1790206202	2885537792
1790206207	2885537792
1790206212	2885537792
1790206217	2885537792
1790206222	2885537792
1790206228	2885537792
1790206233	2885537792
1790206238	2885537792
1790206243	2885537792
1790206248	2885541888
1790206253	2885541888
1790206258	2885541888
1790206263	2885541888
1790206268	2885541888
1790206273	2885541888
1790206278	2885541888
1790206283	2885541888
1790206288	2885541888
1790206293	2885541888
1790206298	2885541888
1790206303	2885541888
1790206308	2885541888
1790206313	2885541888
1790206318	2885541888
1790206323	2885541888
1790206328	2885541888
1790206333	2885541888
1790206338	2885541888
1790206343	2885541888
1790206348	2885541888
1790206353	2885541888
1790206358	2885541888
1790206363	2885541888
1790206368	2885541888
1790206373	2885541888
1790206378	2885541888
1790206383	2885541888
1790206388	2885541888
1790206393	2885541888
1790206398	2885541888
1790206403	2885541888
1790206408	2885541888
1790206413	2885541888
1790206418	2885541888
1790206423	2885541888
1790206428	2885541888
1790206433	2885541888
1790206438	2885541888
1790206443	2885541888
1790206448	2885541888
1790206453	2885541888
1790206458	2885541888
1790206463	2885541888
1790206468	2885541888
1790206473	2885541888
1790206478	2885541888
1790206483	2885541888
1790206488	2885541888
1790206493	2885541888
1790206498	2885541888
1790206503	2885541888
1790206508	2885541888
1790206513	2885541888
1790206518	2885541888
1790206523	2885541888
1790206528	2885541888
1790206533	2885541888
1790206538	2885541888
1790206543	2885541888
1790206548	2885541888
1790206553	2885541888
1790206558	2885541888
1790206563	2885541888
1790206568	2885541888
1790206573	2885541888
1790206578	2885545984
1790206583	2885545984
1790206588	2885545984
1790206593	2885545984
1790206598	2885545984
1790206603	2885545984
1790206608	2885545984
1790206613	2885545984
1790206618	2885545984
1790206623	2885545984
1790206628	2885545984
1790206633	2885545984
1790206638	2885545984
1790206643	2885545984
1790206648	2885545984
1790206653	2885545984
1790206658	2885545984
1790206663	2885545984
1790206668	2885545984
1790206673	2885545984
1790206678	2885545984
1790206683	2885545984
1790206688	2885545984
1790206693	2885545984
1790206698	2885545984
1790206703	2885545984
1790206708	2885545984
1790206713	2885545984
1790206718	2885545984
1790206723	2885545984
1790206729	2885545984
1790206734	2885545984
1790206739	2885545984
1790206744	2885545984
1790206749	2885545984
1790206754	2885545984
1790206759	2885545984
1790206764	2885545984
1790206769	2885545984
1790206774	2885545984
1790206779	2885545984
1790206784	2885545984
1790206789	2885545984
1790206794	2885545984
1790206799	2885545984
1790206804	2885545984
1790206809	2885550080
1790206814	2885550080
1790206819	2885550080
1790206824	2885550080
1790206829	2885550080
1790206834	2885550080
1790206839	2885550080
1790206844	2885550080
1790206849	2885550080
1790206854	2885550080
1790206859	2885550080
1790206864	2885550080
1790206869	2885550080
1790206874	2885550080
1790206879	2885550080
1790206884	2885550080
1790206889	2885550080
1790206894	2885550080
1790206899	2885550080
1790206904	2885550080
1790206909	2885550080
1790206914	2885550080
1790206919	2885550080
1790206924	2885550080
1790206929	2885550080
1790206934	2885550080
1790206939	2885550080
1790206944	2885550080
1790206949	2885550080
1790206954	2885550080
1790206959	2885550080
1790206964	2885550080
1790206969	2885550080
1790206974	2885550080
1790206979	2885550080
1790206984	2885550080
1790206989	2885550080
1790206994	2885550080
1790206999	2885550080
1790207004	2885550080
1790207009	2885550080
1790207014	2885550080
1790207019	2885550080
1790207024	2885550080
1790207029	2885550080
1790207034	2885550080
1790207039	2885550080
1790207044	2885550080
1790207049	2885550080
1790207054	2885550080
1790207059	2885550080
1790207064	2885550080
1790207069	2885550080
1790207074	2885550080
1790207079	2885550080
1790207084	2885550080
1790207089	2885550080
1790207094	2885550080
1790207099	2885550080
1790207104	2885550080
1790207109	2885550080
1790207114	2885550080
1790207119	2885550080
1790207124	2885550080
1790207129	2885550080
1790207134	2885550080
1790207139	2885550080
1790207144	2885550080
1790207149	2885550080
1790207154	2885554176
1790207159	2885554176
1790207164	2885554176
1790207169	2885554176
1790207174	2885554176
1790207179	2885554176
1790207184	2885554176
1790207189	2885554176
1790207194	2885554176
1790207199	2885554176
1790207204	2885554176
1790207209	2885554176
1790207214	2885554176
1790207220	2885554176
1790207225	2885554176
1790207230	2885554176
1790207235	2885554176
1790207240	2885554176
1790207245	2885554176
1790207250	2885554176
1790207255	2885554176
1790207260	2885554176
1790207265	2885554176
1790207270	2885554176
1790207275	2885554176
1790207280	2885554176
1790207285	2885554176
1790207290	2885554176
1790207295	2885554176
1790207300	2885554176
1790207305	2885554176
1790207310	2885554176
1790207315	2885554176
1790207320	2885554176
1790207325	2885554176
1790207330	2885554176
1790207335	2885554176
1790207340	2885554176
1790207345	2885554176
1790207350	2885554176
1790207355	2885554176
1790207360	2885554176
1790207365	2885554176
1790207370	2885554176
1790207375	2885554176
1790207380	2885554176
1790207385	2885554176
1790207390	2885558272
1790207395	2885558272
1790207400	2885558272
1790207405	2885558272
1790207410	2885558272
1790207415	2885558272
1790207420	2885558272
1790207425	2885558272
1790207430	2885558272
1790207435	2885558272
1790207440	2885558272
1790207445	2885558272
1790207450	2885558272
1790207455	2885558272
1790207460	2885558272
1790207465	2885558272
1790207470	2885558272
1790207475	2885558272
1790207480	2885558272
1790207485	2885558272
1790207490	2885558272
1790207495	2885558272
1790207500	2885558272
1790207505	2885558272
1790207510	2885558272
1790207515	2885558272
1790207520	2885558272
1790207525	2885558272
1790207530	2885558272
1790207535	2885558272
1790207540	2885558272
1790207545	2885558272
1790207550	2885558272
1790207555	2885558272
1790207560	2885558272
1790207565	2885558272
1790207570	2885558272
1790207575	2885558272
1790207580	2885558272
1790207585	2885558272
1790207590	2885558272
1790207595	2885558272
1790207600	2885558272
1790207605	2885558272
1790207610	2885558272
1790207615	2885558272
1790207620	2885558272
1790207625	2885558272
1790207630	2885558272
1790207635	2885558272
1790207640	2885558272
1790207645	2885558272
1790207650	2885558272
1790207655	2885558272
1790207660	2885558272
1790207665	2885558272
1790207670	2885558272
1790207675	2885558272
1790207680	2885558272
1790207685	2885558272
1790207690	2885558272
1790207695	2885558272
1790207701	2885558272
1790207706	2885558272
1790207711	2885558272
1790207716	2885558272
1790207721	2885558272
1790207726	2885558272
1790207731	2885562368
1790207736	2885562368
1790207741	2885562368
1790207746	2885562368
1790207751	2885562368
1790207756	2885562368
1790207761	2885562368
1790207766	2885562368
1790207771	2885562368
1790207776	2885562368
1790207781	2885562368
1790207786	2885562368
1790207791	2885562368
1790207796	2885562368
1790207801	2885562368
1790207806	2885562368
1790207811	2885562368
1790207816	2885562368
1790207821	2885562368
1790207826	2885562368
1790207831	2885562368
1790207836	2885562368
1790207841	2885562368
1790207846	2885562368
1790207851	2885562368
1790207856	2885562368
1790207861	2885562368
1790207866	2885562368
1790207871	2885562368
1790207876	2885562368
1790207881	2885562368
1790207886	2885562368
1790207891	2885562368
1790207896	2885562368
1790207901	2885562368
1790207906	2885562368
1790207911	2885562368
1790207916	2885562368
1790207921	2885562368
1790207926	2885562368
1790207931	2885562368
1790207936	2885562368
1790207941	2885562368
1790207946	2885562368
1790207951	2885562368
1790207956	2885562368
1790207961	2885566464
1790207966	2885566464
1790207971	2885566464
1790207976	2885566464
1790207981	2885566464
1790207986	2885566464
1790207991	2885566464
1790207996	2885566464
1790208001	2885566464
1790208006	2885566464
1790208011	2885566464
1790208016	2885566464
1790208021	2885566464
1790208026	2885566464
1790208031	2885566464
1790208036	2885566464
1790208041	2885566464
1790208046	2885566464
1790208051	2885566464
1790208056	2885566464
1790208061	2885566464
1790208066	2885566464
1790208071	2885566464
1790208076	2885566464
1790208081	2885566464
1790208086	2885566464
1790208091	2885566464
1790208096	2885566464
1790208101	2885566464
1790208106	2885566464
1790208111	2885566464
1790208116	2885566464
1790208121	2885566464
1790208126	2885566464
1790208131	2885566464
1790208136	2885566464
1790208141	2885566464
1790208146	2885566464
1790208151	2885566464
1790208156	2885566464
1790208161	2885566464
1790208166	2885566464
1790208171	2885566464
1790208176	2885566464
1790208181	2885566464
1790208187	2885566464
1790208192	2885566464
1790208197	2885566464
1790208202	2885566464
1790208207	2885566464
1790208212	2885566464
1790208217	2885566464
1790208222	2885566464
1790208227	2885566464
1790208232	2885566464
1790208237	2885566464
1790208242	2885566464
1790208247	2885566464
1790208252	2885566464
1790208257	2885566464
1790208262	2885566464
1790208267	2885566464
1790208272	2885566464
1790208277	2885566464
1790208282	2885566464
1790208287	2885566464
1790208292	2885566464
1790208297	2885570560
1790208302	2885570560
1790208307	2885570560
1790208312	2885570560
1790208317	2885570560
1790208322	2885570560
1790208327	2885570560
1790208332	2885570560
1790208337	2885570560
1790208342	2885570560
1790208347	2885570560
1790208352	2885570560
1790208357	2885570560
1790208362	2885570560
1790208367	2885570560
1790208372	2885570560
1790208377	2885570560
1790208382	2885570560
1790208387	2885570560
1790208392	2885570560
1790208397	2885570560
1790208402	2885570560
1790208407	2885570560
1790208412	2885570560
1790208417	2885570560
1790208422	2885570560
1790208427	2885570560
1790208432	2885570560
1790208437	2885570560
1790208442	2885570560
1790208447	2885570560
1790208452	2885570560
1790208457	2885570560
1790208462	2885570560
1790208467	2885570560
1790208472	2885570560
1790208477	2885570560
1790208482	2885570560
1790208487	2885570560
1790208492	2885570560
1790208497	2885570560
1790208502	2885570560
1790208507	2885570560
1790208512	2885570560
1790208517	2885570560
1790208522	2885570560
1790208527	2885574656
1790208532	2885574656
1790208537	2885574656
1790208542	2885574656
1790208547	2885574656
1790208552	2885574656
1790208557	2885574656
1790208562	2885574656
1790208567	2885574656
1790208572	2885574656
1790208577	2885574656
1790208582	2885574656
1790208587	2885574656
1790208592	2885574656
1790208597	2885574656
1790208602	2885574656
1790208607	2885574656
1790208612	2885574656
1790208617	2885574656
1790208622	2885574656
1790208627	2885574656
1790208632	2885574656
1790208637	2885574656
1790208642	2885574656
1790208647	2885574656
1790208652	2885574656
1790208657	2885574656
1790208662	2885574656
1790208667	2885574656
1790208672	2885574656
1790208677	2885574656
1790208682	2885574656
1790208687	2885574656
1790208692	2885574656
1790208697	2885574656
1790208702	2885574656
1790208707	2885574656
1790208713	2885574656
1790208718	2885574656
1790208723	2885574656
1790208728	2885574656
1790208733	2885574656
1790208738	2885574656
1790208743	2885574656
1790208748	2885574656
1790208753	2885574656
1790208758	2885574656
1790208763	2885574656
1790208768	2885574656
1790208773	2885574656
1790208778	2885574656
1790208783	2885574656
1790208788	2885574656
1790208793	2885574656
1790208798	2885574656
1790208803	2885574656
1790208808	2885574656
1790208813	2885574656
1790208818	2885574656
1790208823	2885574656
1790208828	2885574656
1790208833	2885574656
1790208838	2885574656
1790208843	2885574656
1790208848	2885574656
1790208853	2885574656
1790208858	2885574656
1790208863	2885574656
1790208868	2885574656
1790208873	2885578752
1790208878	2885578752
1790208883	2885578752
1790208888	2885578752
1790208893	2885578752
1790208898	2885578752
1790208903	2885578752
1790208908	2885578752
1790208913	2885578752
1790208918	2885578752
1790208923	2885578752
1790208928	2885578752
1790208933	2885578752
1790208938	2885578752
1790208943	2885578752
1790208948	2885578752
1790208953	2885578752
1790208958	2885578752
1790208963	2885578752
1790208968	2885578752
1790208973	2885578752
1790208978	2885578752
1790208983	2885578752
1790208988	2885578752
1790208993	2885578752
1790208998	2885578752
1790209003	2885578752
1790209008	2885578752
1790209013	2885578752
1790209018	2885578752
1790209023	2885578752
1790209028	2885578752
1790209033	2885578752
1790209038	2885578752
1790209043	2885578752
1790209048	2885578752
1790209053	2885578752
1790209058	2885578752
1790209063	2885578752
1790209068	2885578752
1790209073	2885578752
1790209078	2885578752
1790209083	2885578752
1790209088	2885578752
1790209093	2885578752
1790209098	2885578752
1790209103	2885578752
1790209108	2885582848
1790209113	2885582848
1790209118	2885582848
1790209123	2885582848
1790209128	2885582848
1790209133	2885582848
1790209138	2885582848
1790209143	2885582848
1790209148	2885582848
1790209153	2885582848
1790209158	2885582848
1790209163	2885582848
1790209169	2885582848
1790209174	2885582848
1790209179	2885582848
1790209184	2885582848
1790209189	2885582848
1790209194	2885582848
1790209199	2885582848
1790209204	2885582848
1790209209	2885582848
1790209214	2885582848
1790209219	2885582848
1790209224	2885582848
1790209229	2885582848
1790209234	2885582848
1790209239	2885582848
1790209244	2885582848
1790209249	2885582848
1790209254	2885582848
1790209259	2885582848
1790209264	2885582848
1790209269	2885582848
1790209274	2885582848
1790209279	2885582848
1790209284	2885582848
1790209289	2885582848
1790209294	2885582848
1790209299	2885582848
1790209304	2885582848
1790209309	2885582848
1790209314	2885582848
1790209319	2885582848
1790209324	2885582848
1790209329	2885582848
1790209334	2885582848
1790209339	2885582848
1790209344	2885582848
1790209349	2885582848
1790209354	2885582848
1790209359	2885582848
1790209364	2885582848
1790209369	2885582848
1790209374	2885582848
1790209379	2885582848
1790209384	2885582848
1790209389	2885582848
1790209394	2885582848
1790209399	2885582848
1790209404	2885582848
1790209409	2885582848
1790209414	2885582848
1790209419	2885582848
1790209424	2885582848
1790209429	2885582848
1790209434	2885582848
1790209439	2885582848
1790209444	2885582848
1790209449	2885586944
1790209454	2885586944
1790209459	2885586944
1790209464	2885586944
1790209469	2885586944
1790209474	2885586944
1790209479	2885586944
1790209484	2885586944
1790209489	2885586944
1790209494	2885586944
1790209499	2885586944
1790209504	2885586944
1790209509	2885586944
1790209514	2885586944
1790209519	2885586944
1790209524	2885586944
1790209529	2885586944
1790209534	2885586944
1790209539	2885586944
1790209544	2885586944
1790209549	2885586944
1790209554	2885586944
1790209559	2885586944
1790209564	2885586944
1790209569	2885586944
1790209574	2885586944
1790209579	2885586944
1790209584	2885586944
1790209589	2885586944
1790209594	2885586944
1790209599	2885586944
1790209604	2885586944
1790209609	2885586944
1790209614	2885586944
1790209619	2885586944
1790209624	2885586944
1790209629	2885586944
1790209634	2885586944
1790209639	2885586944
1790209645	2885586944
1790209650	2885586944
1790209655	2885586944
1790209660	2885586944
1790209665	2885586944
1790209670	2885586944
1790209675	2885586944
1790209680	2885591040
1790209685	2885591040
1790209690	2885591040
1790209695	2885591040
1790209700	2885591040
1790209705	2885591040
1790209710	2885591040
1790209715	2885591040
1790209720	2885591040
1790209725	2885591040
1790209730	2885591040
1790209735	2885591040
1790209740	2885591040
1790209745	2885591040
1790209750	2885591040
1790209755	2885591040
1790209760	2885591040
1790209765	2885591040
1790209770	2885591040
1790209775	2885591040
1790209780	2885591040
1790209785	2885591040
1790209790	2885591040
1790209795	2885591040
1790209800	2885591040
1790209805	2885591040
1790209810	2885591040
1790209815	2885591040
1790209820	2885591040
1790209825	2885591040
1790209830	2885591040
1790209835	2885591040
1790209840	2885591040
1790209845	2885591040
1790209850	2885591040
1790209855	2885591040
1790209860	2885591040
1790209865	2885591040
1790209870	2885591040
1790209875	2885591040
1790209880	2885591040
1790209885	2885591040
1790209890	2885591040
1790209895	2885591040
1790209900	2885591040
1790209905	2885591040
1790209910	2885591040
1790209915	2885591040
1790209920	2885591040
1790209925	2885591040
1790209930	2885591040
1790209935	2885591040
1790209940	2885591040
1790209945	2885591040
1790209950	2885591040
1790209955	2885591040
1790209960	2885591040
1790209965	2885591040
1790209970	2885591040
1790209975	2885591040
1790209980	2885591040
1790209985	2885591040
1790209990	2885591040
1790209995	2885591040
1790210000	2885591040
1790210005	2885591040
1790210010	2885591040
1790210015	2885591040
1790210020	2885591040
1790210025	2885591040
1790210030	2885595136
1790210035	2885595136
1790210040	2885595136
1790210045	2885595136
1790210050	2885595136
1790210055	2885595136
1790210060	2885595136
1790210065	2885595136
1790210070	2885595136
1790210075	2885595136
1790210080	2885595136
1790210085	2885595136
1790210090	2885595136
1790210095	2885595136
1790210100	2885595136
1790210106	2885595136
1790210111	2885595136
1790210116	2885595136
1790210121	2885595136
1790210126	2885595136
1790210131	2885595136
1790210136	2885595136
1790210141	2885595136
1790210146	2885595136
1790210151	2885595136
1790210156	2885595136
1790210161	2885595136
1790210166	2885595136
1790210171	2885595136
1790210176	2885595136
1790210181	2885595136
1790210186	2885595136
1790210191	2885595136
1790210196	2885595136
1790210201	2885595136
1790210206	2885595136
1790210211	2885595136
1790210216	2885595136
1790210221	2885595136
1790210226	2885595136
1790210231	2885595136
1790210236	2885595136
1790210241	2885595136
1790210246	2885595136
1790210251	2885595136
1790210256	2885595136
1790210261	2885599232
1790210266	2885599232
1790210271	2885599232
1790210276	2885599232
1790210281	2885599232
1790210286	2885599232
1790210291	2885599232
1790210296	2885599232
1790210301	2885599232
1790210306	2885599232
1790210311	2885599232
1790210316	2885599232
1790210321	2885599232
1790210326	2885599232
1790210331	2885599232
1790210336	2885599232
1790210341	2885599232
1790210346	2885599232
1790210351	2885599232
1790210356	2885599232
1790210361	2885599232
1790210366	2885599232
1790210371	2885599232
1790210376	2885599232
1790210381	2885599232
1790210386	2885599232
1790210391	2885599232
1790210396	2885599232
1790210401	2885599232
1790210406	2885599232
1790210411	2885599232
1790210416	2885599232
1790210421	2885599232
1790210426	2885599232
1790210431	2885599232
1790210436	2885599232
1790210441	2885599232
1790210446	2885599232
1790210451	2885599232
1790210456	2885599232
1790210461	2885599232
1790210466	2885599232
1790210471	2885599232
1790210476	2885599232
1790210481	2885599232
1790210486	2885599232
1790210491	2885599232
1790210496	2885599232
1790210501	2885599232
1790210506	2885599232
1790210511	2885599232
1790210516	2885599232
1790210521	2885599232
1790210526	2885599232
1790210531	2885599232
1790210536	2885599232
1790210541	2885599232
1790210546	2885599232
1790210551	2885599232
1790210556	2885599232
1790210562	2885599232
1790210567	2885599232
1790210572	2885599232
1790210577	2885599232
1790210582	2885599232
1790210587	2885599232
1790210592	2885599232
1790210597	2885603328
1790210602	2885603328
1790210607	2885603328
1790210612	2885603328
1790210617	2885603328
1790210622	2885603328
1790210627	2885603328
1790210632	2885603328
1790210637	2885603328
1790210642	2885603328
1790210647	2885603328
1790210652	2885603328
1790210657	2885603328
1790210662	2885603328
1790210667	2885603328
1790210672	2885603328
1790210677	2885603328
1790210682	2885603328
1790210687	2885603328
1790210692	2885603328
1790210697	2885603328
1790210702	2885603328
1790210707	2885603328
1790210712	2885603328
1790210717	2885603328
1790210722	2885603328
1790210727	2885603328
1790210732	2885603328
1790210737	2885603328
1790210742	2885603328
1790210747	2885603328
1790210752	2885603328
1790210757	2885603328
1790210762	2885603328
1790210767	2885603328
1790210772	2885603328
1790210777	2885603328
1790210782	2885603328
1790210787	2885603328
1790210792	2885603328
1790210797	2885603328
1790210802	2885603328
1790210807	2885603328
1790210812	2885603328
1790210817	2885603328
1790210822	2885603328
1790210827	2885607424
1790210832	2885607424
1790210837	2885607424
1790210842	2885607424
1790210847	2885607424
1790210852	2885607424
1790210857	2885607424
1790210862	2885607424
1790210867	2885607424
1790210872	2885607424
1790210877	2885607424
1790210882	2885607424
1790210887	2885607424
1790210892	2885607424
1790210897	2885607424
1790210902	2885607424
1790210907	2885607424
1790210912	2885607424
1790210917	2885607424
1790210922	2885607424
1790210927	2885607424
1790210932	2885607424
1790210937	2885607424
1790210942	2885607424
1790210947	2885607424
1790210952	2885607424
1790210957	2885607424
1790210962	2885607424
1790210967	2885607424
1790210972	2885607424
1790210977	2885607424
1790210982	2885607424
1790210987	2885607424
1790210992	2885607424
1790210997	2885607424
1790211002	2885607424
1790211007	2885607424
1790211012	2885607424
1790211017	2885607424
1790211022	2885607424
1790211027	2885607424
1790211032	2885607424
1790211038	2885607424
1790211043	2885607424
1790211048	2885607424
1790211053	2885607424
1790211058	2885607424
1790211063	2885607424
1790211068	2885607424
1790211073	2885607424
1790211078	2885607424
1790211083	2885607424
1790211088	2885607424
1790211093	2885607424
1790211098	2885607424
1790211103	2885607424
1790211108	2885607424
1790211113	2885607424
1790211118	2885607424
1790211123	2885607424
1790211128	2885607424
1790211133	2885607424
1790211138	2885607424
1790211143	2885607424
1790211148	2885607424
1790211153	2885607424
1790211158	2885607424
1790211163	2885611520
1790211168	2885611520
1790211173	2885611520
1790211178	2885611520
1790211183	2885611520
1790211188	2885611520
1790211193	2885611520
1790211198	2885611520
1790211203	2885611520
1790211208	2885611520
1790211213	2885611520
1790211218	2885611520
1790211223	2885611520
1790211228	2885611520
1790211233	2885611520
1790211238	2885611520
1790211243	2885615616
1790211248	2885615616
1790211253	2885615616
1790211258	2885615616
1790211263	2885615616
1790211268	2885615616
1790211273	2885615616
1790211278	2885615616
1790211283	2885615616
1790211288	2885615616
1790211293	2885615616
1790211298	2885615616
1790211303	2885615616
1790211308	2885615616
1790211313	2885615616
1790211318	2885615616
1790211323	2885615616
1790211328	2885615616
1790211333	2885619712
1790211338	2885619712
1790211343	2885619712
1790211348	2885619712
1790211353	2885619712
1790211358	2885619712
1790211363	2885619712
1790211368	2885619712
1790211373	2885619712
1790211378	2885619712
1790211383	2885619712
1790211388	2885619712
1790211393	2885619712
1790211398	2885619712
1790211403	2885619712
1790211408	2885619712
1790211413	2885619712
1790211418	2885623808
1790211423	2885623808
1790211428	2885623808
1790211433	2885623808
1790211438	2885623808
1790211443	2885623808
1790211448	2885623808
1790211453	2885623808
1790211458	2885623808
1790211463	2885623808
1790211468	2885623808
1790211473	2885623808
1790211478	2885623808
1790211483	2885623808
1790211488	2885623808
1790211493	2885623808
1790211498	2885627904
1790211503	2885627904
1790211508	2885627904
1790211513	2885627904
1790211518	2885627904
1790211523	2885627904
1790211528	2885627904
1790211533	2885627904
1790211538	2885627904
1790211543	2885627904
1790211548	2885627904
1790211553	2885627904
1790211558	2885627904
1790211563	2885627904
1790211568	2885627904
1790211573	2885627904
1790211578	2885627904
1790211583	2885627904
1790211588	2885627904
1790211593	2885627904
1790211598	2885627904
1790211603	2885627904
1790211608	2885627904
1790211613	2885627904
1790211618	2885627904
1790211623	2885627904
1790211628	2885627904
1790211633	2885627904
1790211638	2885627904
1790211643	2885627904
1790211648	2885627904
1790211654	2885627904
1790211659	2885627904
1790211664	2885627904
1790211669	2885627904
1790211674	2885632000
1790211679	2885632000
1790211684	2885632000
1790211689	2885632000
1790211694	2885632000
1790211699	2885632000
1790211704	2885632000
1790211709	2885632000
1790211714	2885632000
1790211719	2885632000
1790211724	2885632000
1790211729	2885632000
1790211734	2885632000
1790211739	2885632000
1790211744	2885632000
1790211749	2885632000
1790211754	2885632000
1790211759	2885632000
1790211764	2885632000
1790211769	2885632000
1790211774	2885632000
1790211779	2885632000
1790211784	2885632000
1790211789	2885632000
1790211794	2885632000
1790211799	2885632000
1790211804	2885632000
1790211809	2885632000
1790211814	2885632000
1790211819	2885632000
1790211824	2885632000
1790211829	2885632000
1790211834	2885636096
1790211839	2885636096
1790211844	2885636096
1790211849	2885636096
1790211854	2885636096
1790211859	2885636096
1790211864	2885636096
1790211869	2885636096
1790211874	2885636096
1790211879	2885636096
1790211884	2885636096
1790211889	2885636096
1790211894	2885636096
1790211899	2885636096
1790211904	2885636096
1790211909	2885636096
1790211914	2885636096
1790211919	2885636096
1790211924	2885636096
1790211929	2885636096
1790211934	2885636096
1790211939	2885636096
1790211944	2885636096
1790211949	2885636096
1790211954	2885636096
1790211959	2885636096
1790211964	2885636096
1790211969	2885636096
1790211974	2885636096
1790211979	2885636096
1790211984	2885636096
1790211989	2885636096
1790211994	2885636096
1790211999	2885636096
1790212004	2885636096
1790212009	2885636096
1790212014	2885636096
1790212019	2885636096
1790212024	2885636096
1790212029	2885636096
1790212034	2885636096
1790212039	2885636096
1790212044	2885636096
1790212049	2885636096
1790212054	2885636096
1790212059	2885636096
1790212064	2885636096
1790212069	2885636096
1790212074	2885636096
1790212079	2885636096
1790212084	2885636096
1790212089	2885636096
1790212094	2885636096
1790212099	2885636096
1790212104	2885636096
1790212109	2885636096
1790212114	2885636096
1790212119	2885636096
1790212124	2885636096
1790212129	2885636096
1790212134	2885636096
1790212139	2885636096
1790212144	2885636096
1790212149	2885636096
1790212154	2885636096
1790212159	2885636096
1790212164	2885636096
1790212169	2885636096
1790212174	2885640192
1790212179	2885640192
1790212184	2885640192
1790212189	2885640192
1790212194	2885640192
1790212199	2885640192
1790212204	2885640192
1790212209	2885640192
1790212214	2885640192
1790212219	2885640192
1790212224	2885640192
1790212229	2885640192
1790212234	2885640192
1790212239	2885640192
1790212244	2885640192
1790212249	2885640192
1790212254	2885640192
1790212259	2885640192
1790212264	2885640192
1790212270	2885640192
1790212275	2885640192
1790212280	2885640192
1790212285	2885640192
1790212290	2885640192
1790212295	2885640192
1790212300	2885640192
1790212305	2885640192
1790212310	2885640192
1790212315	2885640192
1790212320	2885640192
1790212325	2885640192
1790212330	2885640192
1790212335	2885640192
1790212340	2885640192
1790212345	2885640192
1790212350	2885640192
1790212355	2885640192
1790212360	2885640192
1790212365	2885640192
1790212370	2885640192
1790212375	2885640192
1790212380	2885640192
1790212385	2885640192
1790212390	2885640192
1790212395	2885640192
1790212400	2885640192
1790212405	2885640192
1790212410	2885640192
1790212415	2885640192
1790212420	2885640192
1790212425	2885640192
1790212430	2885640192
1790212435	2885640192
1790212440	2885640192
1790212445	2885640192
1790212450	2885640192
1790212455	2885640192
1790212460	2885640192
1790212465	2885640192
1790212470	2885640192
1790212475	2885640192
1790212480	2885640192
1790212485	2885640192
1790212490	2885640192
1790212495	2885640192
1790212500	2885640192
1790212505	2885640192
1790212510	2885640192
1790212515	2885640192
1790212520	2885640192
1790212525	2885640192
1790212530	2885640192
1790212535	2885640192
1790212540	2885640192
1790212545	2885640192
1790212550	2885640192
1790212555	2885640192
1790212560	2885640192
1790212565	2885640192
1790212570	2885640192
1790212575	2885640192
1790212580	2885640192
1790212585	2885640192
1790212590	2885640192
1790212595	2885640192
1790212600	2885640192
1790212605	2885640192
1790212610	2885640192
1790212615	2885640192
1790212620	2885640192
1790212625	2885640192
1790212630	2885640192
1790212635	2885640192
1790212640	2885640192
1790212645	2885640192
1790212650	2885640192
1790212655	2885640192
1790212660	2885640192
1790212665	2885640192
1790212670	2885640192
1790212675	2885640192
1790212680	2885640192
1790212685	2885640192
1790212690	2885640192
1790212695	2885640192
1790212700	2885640192
1790212705	2885640192
1790212710	2885640192
1790212715	2885640192
1790212720	2885640192
1790212725	2885640192
1790212730	2885640192
1790212735	2885640192
1790212740	2885640192
1790212745	2885640192
1790212750	2885640192
1790212755	2885640192
1790212760	2885640192
1790212765	2885640192
1790212770	2885640192
1790212775	2885640192
1790212780	2885640192
1790212785	2885640192
1790212790	2885640192
1790212795	2885640192
1790212800	2885640192
1790212805	2885640192
1790212810	2885640192
1790212815	2885640192
1790212820	2885640192
1790212825	2885640192
1790212830	2885640192
1790212835	2885640192
1790212840	2885640192
1790212845	2885640192
1790212850	2885640192
1790212855	2885640192
1790212860	2885640192
1790212865	2885640192
1790212870	2885640192
1790212875	2885640192
1790212880	2885640192
1790212885	2885640192
1790212891	2885640192
1790212896	2885640192
1790212901	2885640192
1790212906	2885640192
1790212911	2885640192
1790212916	2885640192
1790212921	2885640192
1790212926	2885640192
1790212931	2885640192
1790212936	2885640192
1790212941	2885640192
1790212946	2885640192
1790212951	2885640192
1790212956	2885640192
1790212961	2885640192
1790212966	2885640192
1790212971	2885640192
1790212976	2885640192
1790212981	2885640192
1790212986	2885640192
1790212991	2885640192
1790212996	2885640192
1790213001	2885640192
1790213006	2885640192
1790213011	2885640192
1790213016	2885640192
1790213021	2885640192
1790213026	2885640192
1790213031	2885640192
1790213036	2885640192
1790213041	2885640192
1790213046	2885640192
1790213051	2885640192
1790213056	2885640192
1790213061	2885640192
1790213066	2885640192
1790213071	2885640192
1790213076	2885640192
1790213081	2885640192
1790213086	2885640192
1790213091	2885640192
1790213096	2885640192
1790213101	2885640192
1790213106	2885640192
1790213111	2885640192
1790213116	2885640192
1790213121	2885640192
1790213126	2885640192
1790213131	2885640192
1790213136	2885640192
1790213141	2885640192
1790213146	2885640192
1790213151	2885640192
1790213156	2885640192
1790213161	2885640192
1790213166	2885640192
1790213171	2885640192
1790213176	2885640192
1790213181	2885640192
1790213186	2885640192
1790213191	2885640192
1790213196	2885640192
1790213201	2885640192
1790213206	2885640192
1790213211	2885640192
1790213216	2885640192
1790213221	2885640192
1790213226	2885640192
1790213231	2885640192
1790213236	2885640192
1790213241	2885640192
1790213246	2885640192
1790213251	2885640192
1790213256	2885640192
1790213261	2885640192
1790213266	2885640192
1790213271	2885640192
1790213276	2885640192
1790213281	2885640192
1790213286	2885640192
1790213291	2885640192
1790213296	2885640192
1790213301	2885640192
1790213306	2885640192
1790213311	2885640192
1790213316	2885640192
1790213321	2885640192
1790213326	2885640192
1790213331	2885640192
1790213336	2885640192
1790213341	2885640192
1790213346	2885640192
1790213351	2885640192
1790213356	2885640192
1790213361	2885640192
1790213366	2885640192
1790213371	2885640192
1790213376	2885640192
1790213381	2885640192
1790213386	2885640192
1790213391	2885640192
1790213396	2885640192
1790213401	2885640192
1790213406	2885640192
1790213411	2885640192
1790213416	2885640192
1790213421	2885640192
1790213426	2885640192
1790213431	2885640192
1790213436	2885640192
1790213441	2885640192
1790213446	2885640192
1790213451	2885640192
1790213456	2885640192
1790213461	2885640192
1790213466	2885640192
1790213471	2885640192
1790213477	2885640192
1790213482	2885640192
1790213487	2885640192
1790213492	2885640192
1790213497	2885640192
1790213502	2885640192
1790213507	2885640192
1790213512	2885640192
1790213517	2885640192
1790213522	2885640192
1790213527	2885640192
1790213532	2885640192
1790213537	2885640192
1790213542	2885640192
1790213547	2885640192
1790213552	2885640192
1790213557	2885640192
1790213562	2885640192
1790213567	2885640192
1790213572	2885640192
1790213577	2885640192
1790213582	2885640192
1790213587	2885640192
1790213592	2885640192
1790213597	2885640192
1790213602	2885640192
1790213607	2885640192
1790213612	2885640192
1790213617	2885640192
1790213622	2885640192
1790213627	2885640192
1790213632	2885640192
1790213637	2885640192
1790213642	2885640192
1790213647	2885640192
1790213652	2885640192
1790213657	2885640192
1790213662	2885640192
1790213667	2885640192
1790213672	2885640192
1790213677	2885640192
1790213682	2885640192
1790213687	2885640192
1790213692	2885640192
1790213697	2885640192
1790213702	2885640192
1790213707	2885640192
1790213712	2885640192
1790213717	2885640192
1790213722	2885640192
1790213727	2885640192
1790213732	2885640192
1790213737	2885640192
1790213742	2885640192
1790213747	2885640192
1790213752	2885640192
1790213757	2885640192
1790213762	2885640192
1790213767	2885640192
1790213772	2885640192
1790213777	2885640192
1790213782	2885640192
1790213787	2885640192
1790213792	2885640192
1790213797	2885640192
1790213802	2885640192
1790213807	2885640192
1790213812	2885640192
1790213817	2885640192
1790213822	2885640192
1790213827	2885640192
1790213832	2885640192
1790213837	2885640192
1790213842	2885640192
1790213847	2885640192
1790213852	2885640192
1790213857	2885640192
1790213862	2885640192
1790213867	2885640192
1790213872	2885640192
1790213877	2885640192
1790213882	2885640192
1790213887	2885640192
1790213892	2885640192
1790213897	2885640192
1790213902	2885640192
1790213907	2885640192
1790213912	2885640192
1790213917	2885640192
1790213922	2885640192
1790213927	2885640192
1790213932	2885640192
1790213937	2885640192
1790213942	2885640192
1790213947	2885640192
1790213952	2885644288
1790213957	7515983872
1790213962	7515983872
1790213967	7515983872
1790213972	7515983872
1790213977	7515983872
1790213982	7515983872
1790213987	7515983872
1790213992	7515983872
1790213997	7515983872
1790214002	7515983872
1790214008	7515983872
1790214013	7515983872
1790214018	7515983872
1790214023	7515983872
1790214028	7515983872
1790214033	7515983872
1790214038	7515983872
1790214043	7515983872
1790214048	7515983872
1790214053	7515983872
1790214058	7515983872
1790214063	7515983872
1790214068	7515983872
1790214073	7515983872
1790214078	7515983872
1790214083	7515983872
1790214088	7515983872
1790214093	7515983872
1790214098	7515983872
1790214103	7515983872
1790214108	7515983872
1790214113	7515983872
1790214118	7515983872
1790214123	7515983872
1790214128	7515983872
1790214133	7515983872
1790214138	7515983872
1790214143	7515983872
1790214148	7515983872
1790214153	7515983872
1790214158	7515983872
1790214163	7515983872
1790214168	7515983872
1790214173	7515983872
1790214178	7515983872
1790214183	7515983872
1790214188	7515983872
1790214193	7515983872
1790214198	7515983872
1790214203	7515983872
1790214208	7515983872
1790214213	7515983872
1790214218	7515983872
1790214223	7515983872
1790214228	7515983872
1790214233	7515983872
1790214238	7515983872
1790214243	7515983872
1790214248	7515983872
1790214253	7515983872
1790214258	7515983872
1790214263	7515983872
1790214268	7515983872
1790214273	7515983872
1790214278	7515983872
1790214283	7515983872
1790214288	7515983872
1790214293	7515983872
1790214298	7515983872
1790214303	7515983872
1790214308	7515983872
1790214313	7515983872
1790214318	7515983872
1790214323	7515983872
1790214328	7515983872
1790214333	7515983872
1790214338	7515983872
1790214343	7515983872
1790214348	7515983872
1790214353	7515983872
1790214358	7515983872
1790214363	7515983872
1790214368	7515983872
1790214373	7515983872
1790214378	7515983872
1790214383	7515983872
1790214388	7515983872
1790214393	7515983872
1790214398	8887980032
1790214403	10495070208
1790214408	12072656896
1790214413	12259786752
1790214418	12259786752
1790214423	12259786752
1790214428	12259786752
1790214433	12259786752
1790214438	12259786752
1790214443	12259786752
1790214448	12259786752
1790214453	12259786752
1790214458	12259786752
1790214463	12259786752
1790214468	12259786752
1790214473	12259786752
1790214478	12259786752
1790214483	12259786752
1790214488	12259786752
1790214493	12259786752
1790214498	12259786752
1790214503	12259786752
1790214508	12259786752
1790214513	12259786752
1790214518	12259786752
1790214523	12259786752
1790214528	12259786752
1790214533	12259786752
1790214538	12259786752
1790214543	12259786752
1790214548	12259786752
1790214553	12259786752
1790214558	12259786752
1790214563	12259786752
1790214568	12259786752
1790214573	12259786752
1790214578	12259786752
1790214584	12259786752
1790214589	12259786752
1790214594	12259786752
1790214599	12259786752
1790214604	12259786752
1790214609	12259786752
1790214614	12259786752
1790214619	12259786752
1790214624	12259786752
1790214629	12259786752
1790214634	12259786752
1790214639	12259786752
1790214644	12259786752
1790214649	12259786752
1790214654	12259786752
1790214659	12259786752
1790214664	12259786752
1790214669	12259786752
1790214674	12259786752
1790214679	12259786752
1790214684	12259786752
1790214689	12259786752
1790214694	12259786752
1790214699	12259786752
1790214704	12259786752
1790214709	12259786752
1790214714	12259786752
1790214719	12259786752
1790214724	12259786752
1790214729	12259786752
1790214734	12259786752
1790214739	12259786752
1790214744	12259786752
1790214749	12259786752
1790214754	12259786752
1790214759	12259786752
1790214764	12259786752
1790214769	12259786752
1790214774	12259786752
1790214779	12259786752
1790214784	12259786752
1790214789	12259786752
1790214794	12259786752
1790214799	12259786752
1790214804	12259786752
1790214809	12259786752
1790214814	12259786752
1790214819	12259786752
1790214824	12259786752
1790214829	12259786752
1790214834	12259786752
1790214839	12259786752
1790214844	12259786752
1790214849	12259786752
1790214854	12259786752
1790214859	12259786752
1790214864	12259786752
1790214869	12259786752
1790214874	12259786752
1790214879	12259786752
1790214884	12259786752
1790214889	12259786752
1790214894	12259786752
1790214899	12259786752
1790214904	12259786752
1790214909	12259786752
1790214914	12259786752
1790214919	12259786752
1790214924	12259786752
1790214929	12259786752
1790214934	12259786752
1790214939	12259786752
1790214944	12259786752
1790214949	12259786752
1790214954	12259786752
1790214959	12259786752
1790214964	12259786752
1790214969	12259786752
1790214974	12259786752
1790214979	12259786752
1790214984	12259786752
1790214989	12259786752
1790214994	12259786752
1790214999	12259786752
1790215004	12259786752
1790215009	12259786752
1790215014	12259786752
1790215019	12259786752
1790215024	12259786752
1790215029	12259786752
1790215034	12259786752
1790215039	12259786752
1790215044	12259786752
1790215049	12259786752
1790215054	12259786752
1790215059	12259786752
1790215064	12259786752
1790215069	12259786752
1790215074	12259786752
1790215079	12259786752
1790215084	12259786752
1790215089	12259786752
1790215094	12259786752
1790215099	12259786752
1790215104	12259786752
1790215109	12259786752
1790215114	12259786752
1790215119	12259786752
1790215124	12259786752
1790215129	12259786752
1790215134	12259786752
1790215139	12259786752
1790215144	12259786752
1790215150	12259786752
1790215155	12259786752
1790215160	12259786752
1790215165	12259786752
1790215170	12259786752
1790215175	12259786752
1790215180	12259786752
1790215185	12259786752
1790215190	12259786752
1790215195	12259786752
1790215200	12259786752
1790215205	12259786752
1790215210	12259786752
1790215215	12259786752
1790215220	12259786752
1790215225	12259786752
1790215230	12259786752
1790215235	12259786752
1790215240	12259786752
1790215245	12259786752
1790215250	12259786752
1790215255	12259786752
1790215260	12259786752
1790215265	12259786752
1790215270	12259786752
1790215275	12259786752
1790215280	12259786752
1790215285	12259786752
1790215290	12259786752
1790215295	12259786752
1790215300	12259786752
1790215305	12259786752
1790215310	12259786752
1790215315	12259786752
1790215320	12259786752
1790215325	12259786752
1790215330	12259786752
1790215335	12259786752
1790215340	12259786752
1790215345	12259786752
1790215350	12259786752
1790215355	12259786752
1790215360	12259786752
1790215365	12259786752
1790215370	12259786752
1790215375	12259786752
1790215380	12259786752
1790215385	12259786752
1790215390	12259786752
1790215395	12259786752
1790215400	12259786752
1790215405	12259786752
1790215410	12259786752
1790215415	12259786752
1790215420	12259786752
1790215425	12259786752
1790215430	12259786752
1790215435	12259786752
1790215440	12259786752
1790215445	12259786752
1790215450	12259786752
1790215455	12259786752
1790215460	12259786752
1790215465	12259786752
1790215470	12259786752
1790215475	12259786752
1790215480	12259786752
1790215485	12259786752
1790215490	12259786752
1790215495	12259786752
1790215500	12259786752
1790215505	12259786752
1790215510	12259786752
1790215515	12259786752
1790215520	12259786752
1790215525	12259786752
1790215530	12259786752
1790215535	12259786752
1790215540	12259786752
1790215545	12259786752
1790215550	12259786752
1790215555	12259786752
1790215560	12259786752
1790215565	12259786752
1790215570	12259790848
1790215575	12259790848
1790215580	12259790848
1790215585	12259790848
1790215590	12259790848
1790215595	12259790848
1790215600	12259790848
1790215605	12259790848
1790215610	12259790848
1790215615	12259790848
1790215620	12259790848
1790215625	12259790848
1790215630	12259790848
1790215635	12259790848
1790215640	12259790848
1790215645	12259790848
1790215650	12259790848
1790215655	12259790848
1790215660	12259790848
1790215665	12259790848
1790215670	12259790848
1790215675	12259790848
1790215680	12259790848
1790215685	12259790848
1790215690	12259790848
1790215695	12259790848
1790215700	12259790848
1790215705	12259790848
1790215710	12259790848
1790215715	12259790848
1790215720	12259790848
1790215725	12259790848
1790215731	12259794944
1790215736	12259794944
1790215741	12259794944
1790215746	12259794944
1790215751	12259794944
1790215756	12259794944
1790215761	12259794944
1790215766	12259794944
1790215771	12259794944
1790215776	12259794944
1790215781	12259794944
1790215786	12259794944
1790215791	12259794944
1790215796	12259794944
1790215801	12259794944
1790215806	12259794944
1790215811	12259794944
1790215816	12259794944
1790215821	12259794944
1790215826	12259794944
1790215831	12259794944
1790215836	12259794944
1790215841	12259794944
1790215846	12259794944
1790215851	12259794944
1790215856	12259794944
1790215861	12259794944
1790215866	12259794944
1790215871	12259794944
1790215876	12259794944
1790215881	12259799040
1790215886	12259799040
1790215891	12259799040
1790215896	12259799040
1790215901	12259799040
1790215906	12259799040
1790215911	12259799040
1790215916	12259799040
1790215921	12259799040
1790215926	12259799040
1790215931	12259799040
1790215936	12259799040
1790215941	12259799040
1790215946	12259799040
1790215951	12259799040
1790215956	12259799040
1790215961	12259799040
1790215966	12259799040
1790215971	12259799040
1790215976	12259799040
1790215981	12259799040
1790215986	12259799040
1790215991	12259799040
1790215996	12259799040
1790216001	12259799040
1790216006	12259799040
1790216011	12259799040
1790216016	12259799040
1790216021	12259799040
1790216026	12259799040
1790216031	12259799040
1790216036	12259803136
1790216041	12259803136
1790216046	12259803136
1790216051	12259803136
1790216056	12259803136
1790216061	12259803136
1790216066	12259803136
1790216071	12259803136
1790216076	12259803136
1790216081	12259803136
1790216086	12259803136
1790216091	12259803136
1790216096	12259803136
1790216101	12259803136
1790216106	12259803136
1790216111	12259803136
1790216116	12259803136
1790216121	12259803136
1790216126	12259803136
1790216131	12259803136
1790216136	12259803136
1790216141	12259803136
1790216146	12259803136
1790216151	12259803136
1790216156	12259803136
1790216161	12259803136
1790216166	12259803136
1790216171	12259803136
1790216176	12259803136
1790216181	12259803136
1790216186	12259807232
1790216191	12259807232
1790216196	12259807232
1790216201	12259807232
1790216206	12259807232
1790216211	12259807232
1790216216	12259807232
1790216221	12259807232
1790216226	12259807232
1790216231	12259807232
1790216236	12259807232
1790216241	12259807232
1790216246	12259807232
1790216251	12259807232
1790216256	12259807232
1790216261	12259807232
1790216266	12259807232
1790216271	12259807232
1790216276	12259807232
1790216281	12259807232
1790216286	12259807232
1790216291	12259807232
1790216296	12259807232
1790216301	12259807232
1790216306	12259807232
1790216311	12259807232
1790216316	12259807232
1790216321	12259807232
1790216326	12259807232
1790216331	12259807232
1790216337	12259807232
1790216342	12259811328
1790216347	12259811328
1790216352	12259811328
1790216357	12259811328
1790216362	12259811328
1790216367	12259811328
1790216372	12259811328
1790216377	12259811328
1790216382	12259811328
1790216387	12259811328
1790216392	12259811328
1790216397	12259811328
1790216402	12259811328
1790216407	12259811328
1790216412	12259811328
1790216417	12259811328
1790216422	12259811328
1790216427	12259811328
1790216432	12259811328
1790216437	12259811328
1790216442	12259811328
1790216447	12259811328
1790216452	12259811328
1790216457	12259811328
1790216462	12259811328
1790216467	12259811328
1790216472	12259811328
1790216477	12259811328
1790216482	12259811328
1790216487	12259811328
1790216492	12259815424
1790216497	12259815424
1790216502	12259815424
1790216507	12259815424
1790216512	12259815424
1790216517	12259815424
1790216522	12259815424
1790216527	12259815424
1790216532	12259815424
1790216537	12259815424
1790216542	12259815424
1790216547	12259815424
1790216552	12259815424
1790216557	12259815424
1790216562	12259815424
1790216567	12259815424
1790216572	12259815424
1790216577	12259815424
1790216582	12259815424
1790216587	12259815424
1790216592	12259815424
1790216597	12259815424
1790216602	12259815424
1790216607	12259815424
1790216612	12259815424
1790216617	12259815424
1790216622	12259815424
1790216627	12259815424
1790216632	12259815424
1790216637	12259815424
1790216642	12259815424
1790216647	12259819520
1790216652	12259819520
1790216657	12259819520
1790216662	12259819520
1790216667	12259819520
1790216672	12259819520
1790216677	12259819520
1790216682	12259819520
1790216687	12259819520
1790216692	12259819520
1790216697	12259819520
1790216702	12259819520
1790216707	12259819520
1790216712	12259819520
1790216717	12259819520
1790216722	12259819520
1790216727	12259819520
1790216732	12259819520
1790216737	12259819520
1790216742	12259819520
1790216747	12259819520
1790216752	12259819520
1790216757	12259819520
1790216762	12259819520
1790216767	12259819520
1790216772	12259819520
1790216777	12259819520
1790216782	12259819520
1790216787	12259819520
1790216792	12259819520
1790216797	12259823616
1790216802	12259823616
1790216807	12259823616
1790216812	12259823616
1790216817	12259823616
1790216822	12259823616
1790216827	12259823616
1790216832	12259823616
1790216837	12259823616
1790216842	12259823616
1790216847	12259823616
1790216852	12259823616
1790216857	12259823616
1790216862	12259823616
1790216867	12259823616
1790216872	12259823616
1790216877	12259823616
1790216882	12259823616
1790216887	12259823616
1790216892	12259823616
1790216897	12259823616
1790216902	12259823616
1790216907	12259823616
1790216912	12259823616
1790216917	12259823616
1790216923	12259823616
1790216928	12259823616
1790216933	12259823616
1790216938	12259823616
1790216943	12259823616
1790216948	12259823616
1790216953	12259827712
1790216958	12259827712
1790216963	12259827712
1790216968	12259827712
1790216973	12259827712
1790216978	12259827712
1790216983	12259827712
1790216988	12259827712
1790216993	12259827712
1790216998	12259827712
1790217003	12259827712
1790217008	12259827712
1790217013	12259827712
1790217018	12259827712
1790217023	12259827712
1790217028	12259827712
1790217033	12259827712
1790217038	12259827712
1790217043	12259827712
1790217048	12259827712
1790217053	12259827712
1790217058	12259827712
1790217063	12259827712
1790217068	12259827712
1790217073	12259827712
1790217078	12259827712
1790217083	12259827712
1790217088	12259827712
1790217093	12259827712
1790217098	12259827712
1790217103	12259827712
1790217108	12259831808
1790217113	12259831808
1790217118	12259831808
1790217123	12259831808
1790217128	12259831808
1790217133	12259831808
1790217138	12259831808
1790217143	12259831808
1790217148	12259831808
1790217153	12259831808
1790217158	12259831808
1790217163	12259831808
1790217168	12259831808
1790217173	12259831808
1790217178	12259831808
1790217183	12259831808
1790217188	12259831808
1790217193	12259831808
1790217198	12259831808
1790217203	12259831808
1790217208	12259831808
1790217213	12259831808
1790217218	12259831808
1790217223	12259831808
1790217228	12259831808
1790217233	12259831808
1790217238	12259831808
1790217243	12259831808
1790217248	12259831808
1790217253	12259831808
1790217258	12259835904
1790217263	12259835904
1790217268	12259835904
1790217273	12259835904
1790217278	12259835904
1790217283	12259835904
1790217288	12259835904
1790217293	12259835904
1790217298	12259835904
1790217303	12259835904
1790217308	12259835904
1790217313	12259835904
1790217318	12259835904
1790217323	12259835904
1790217328	12259835904
1790217333	12259835904
1790217338	12259835904
1790217343	12259835904
1790217348	12259835904
1790217353	12259835904
1790217358	12259835904
1790217363	12259835904
1790217368	12259835904
1790217373	12259835904
1790217378	12259835904
1790217383	12259835904
1790217388	12259835904
1790217393	12259835904
1790217398	12259835904
1790217403	12259835904
1790217408	12259835904
1790217413	12259840000
1790217418	12259840000
1790217423	12259840000
1790217428	12259840000
1790217433	12259840000
1790217438	12259840000
1790217443	12259840000
1790217448	12259840000
1790217453	12259840000
1790217458	12259840000
1790217463	12259840000
1790217468	12259840000
1790217473	12259840000
1790217478	12259840000
1790217483	12259840000
1790217488	12259840000
1790217493	12259840000
1790217498	12259840000
1790217503	12259840000
1790217508	12259840000
1790217513	12259840000
1790217518	12259840000
1790217523	12259840000
1790217529	12259840000
1790217534	12259840000
1790217539	12259840000
1790217544	12259840000
1790217549	12259840000
1790217554	12259840000
1790217559	12259840000
1790217564	12259844096
1790217569	12259844096
1790217574	12259844096
1790217579	12259844096
1790217584	12259844096
1790217589	12259844096
1790217594	12259844096
1790217599	12259844096
1790217604	12259844096
1790217609	12259844096
1790217614	12259844096
1790217619	12259844096
1790217624	12259844096
1790217629	12259844096
1790217634	12259844096
1790217639	12259844096
1790217644	12259844096
1790217649	12259844096
1790217654	12259844096
1790217659	12259844096
1790217664	12259844096
1790217669	12259844096
1790217674	12259844096
1790217679	12259844096
1790217684	12259844096
1790217689	12259844096
1790217694	12259844096
1790217699	12259844096
1790217704	12259844096
1790217709	12259844096
1790217714	12259844096
1790217719	12259848192
1790217724	12259848192
1790217729	12259848192
1790217734	12259848192
1790217739	12259848192
1790217744	12259848192
1790217749	12259848192
1790217754	12259848192
1790217759	12259848192
1790217764	12259848192
1790217769	12259848192
1790217774	12259848192
1790217779	12259848192
1790217784	12259848192
1790217789	12259848192
1790217794	12259848192
1790217799	12259848192
1790217804	12259848192
1790217809	12259848192
1790217814	12259848192
1790217819	12259848192
1790217824	12259848192
1790217829	12259848192
1790217834	12259848192
1790217839	12259848192
1790217844	12259848192
1790217849	12259848192
1790217854	12259848192
1790217859	12259848192
1790217864	12259848192
1790217869	12259852288
1790217874	12259852288
1790217879	12259852288
1790217884	12259852288
1790217889	12259852288
1790217894	12259852288
1790217899	12259852288
1790217904	12259852288
1790217909	12259852288
1790217914	12259852288
1790217919	12259852288
1790217924	12259852288
1790217929	12259852288
1790217934	12259852288
1790217939	12259852288
1790217944	12259852288
1790217949	12259852288
1790217954	12259852288
1790217959	12259852288
1790217964	12259852288
1790217969	12259852288
1790217974	12259852288
1790217979	12259852288
1790217984	12259852288
1790217989	12259852288
1790217994	12259852288
1790217999	12259852288
1790218004	12259852288
1790218009	12259852288
1790218014	12259852288
1790218019	12259856384
1790218024	12259856384
1790218029	12259856384
1790218034	12259856384
1790218039	12259856384
1790218044	12259856384
1790218049	12259856384
1790218054	12259856384
1790218059	12259856384
1790218064	12259856384
1790218069	12259856384
1790218074	12259856384
1790218079	12259856384
1790218084	12259856384
1790218089	12259856384
1790218094	12259856384
1790218099	12259856384
1790218104	12259856384
1790218109	12259856384
1790218114	12259856384
1790218119	12259856384
1790218124	12259856384
1790218129	12259856384
1790218134	12259856384
1790218139	12259856384
1790218144	12259856384
1790218149	12259856384
1790218154	12259856384
1790218159	12259856384
1790218164	12259856384
1790218170	12259860480
1790218175	12259860480
1790218180	12259860480
1790218185	12259860480
1790218190	12259860480
1790218195	12259860480
1790218200	12259860480
1790218205	12259860480
1790218210	12259860480
1790218215	12259860480
1790218220	12259860480
1790218225	12259860480
1790218230	12259860480
1790218235	12259860480
1790218240	12259860480
1790218245	12259860480
1790218250	12259860480
1790218255	12259860480
1790218260	12259860480
1790218265	12259860480
1790218270	12259860480
1790218275	12259860480
1790218280	12259860480
1790218285	12259860480
1790218290	12259860480
1790218295	12259860480
1790218300	12259860480
1790218305	12259860480
1790218310	12259860480
1790218315	12259860480
1790218320	12259860480
1790218325	12259864576
1790218330	12259864576
1790218335	12259864576
1790218340	12259864576
1790218345	12259864576
1790218350	12259864576
1790218355	12259864576
1790218360	12259864576
1790218365	12259864576
1790218370	12259864576
1790218375	12259864576
1790218380	12259864576
1790218385	12259864576
1790218390	12259864576
1790218395	12259864576
1790218400	12259864576
1790218405	12259864576
1790218410	12259864576
1790218415	12259864576
1790218420	12259864576
1790218425	12259864576
1790218430	12259864576
1790218435	12259864576
1790218440	12259864576
1790218445	12259864576
1790218450	12259864576
1790218455	12259864576
1790218460	12259864576
1790218465	12259864576
1790218470	12259868672
1790218475	12259868672
1790218480	12259868672
1790218485	12259868672
1790218490	12259868672
1790218495	12259868672
1790218500	12259868672
1790218505	12259868672
1790218510	12259868672
1790218515	12259868672
1790218520	12259868672
1790218525	12259868672
1790218530	12259868672
1790218535	12259868672
1790218540	12259868672
1790218545	12259868672
1790218550	12259868672
1790218555	12259868672
1790218560	12259868672
1790218565	12259868672
1790218570	12259868672
1790218575	12259868672
1790218580	12259868672
1790218585	12259868672
1790218590	12259868672
1790218595	12259868672
1790218600	12259868672
1790218605	12259868672
1790218610	12259868672
1790218615	12259868672
1790218620	12259872768
1790218625	12259872768
1790218630	12259872768
1790218635	12259872768
1790218640	12259872768
1790218645	12259872768
1790218650	12259872768
1790218655	12259872768
1790218660	12259872768
1790218665	12259872768
1790218670	12259872768
1790218675	12259872768
1790218680	12259872768
1790218685	12259872768
1790218690	12259872768
1790218695	12259872768
1790218700	12259872768
1790218705	12259872768
1790218710	12259872768
1790218715	12259872768
1790218720	12259872768
1790218725	12259872768
1790218730	12259872768
1790218735	12259872768
1790218740	12259872768
1790218745	12259872768
1790218750	12259872768
1790218755	12259872768
1790218760	12259872768
1790218765	12259872768
1790218770	12259872768
1790218775	12259876864
1790218781	12259876864
1790218786	12259876864
1790218791	12259876864
1790218796	12259876864
1790218801	12259876864
1790218806	12259876864
1790218811	12259876864
1790218816	12259876864
1790218821	12259876864
1790218826	12259876864
1790218831	12259876864
1790218836	12259876864
1790218841	12259876864
1790218846	12259876864
1790218851	12259876864
1790218856	12259876864
1790218861	12259876864
1790218866	12259876864
1790218871	12259876864
1790218876	12259876864
1790218881	12259876864
1790218886	12259876864
1790218891	12259876864
1790218896	12259876864
1790218901	12259876864
1790218906	12259876864
1790218911	12259876864
1790218916	12259876864
1790218921	12259876864
1790218926	12259880960
1790218931	12259880960
1790218936	12259880960
1790218941	12259880960
1790218946	12259880960
1790218951	12259880960
1790218956	12259880960
1790218961	12259880960
1790218966	12259880960
1790218971	12259880960
1790218976	12259880960
1790218981	12259880960
1790218986	12259880960
1790218991	12259880960
1790218996	12259880960
1790219001	12259880960
1790219006	12259880960
1790219011	12259880960
1790219016	12259880960
1790219021	12259880960
1790219026	12259880960
1790219031	12259880960
1790219036	12259880960
1790219041	12259880960
1790219046	12259880960
1790219051	12259880960
1790219056	12259880960
1790219061	12259880960
1790219066	12259880960
1790219071	12259880960
1790219076	12259885056
1790219081	12259885056
1790219086	12259885056
1790219091	12259885056
1790219096	12259885056
1790219101	12259885056
1790219106	12259885056
1790219111	12259885056
1790219116	12259885056
1790219121	12259885056
1790219126	12259885056
1790219131	12259885056
1790219136	12259885056
1790219141	12259885056
1790219146	12259885056
1790219151	12259885056
1790219156	12259885056
1790219161	12259885056
1790219166	12259885056
1790219171	12259885056
1790219176	12259885056
1790219181	12259885056
1790219186	12259885056
1790219191	12259885056
1790219196	12259885056
1790219201	12259885056
1790219206	12259885056
1790219211	12259885056
1790219216	12259885056
1790219221	12259885056
1790219226	12259885056
1790219231	12259889152
1790219236	12259889152
1790219241	12259889152
1790219246	12259889152
1790219251	12259889152
1790219256	12259889152
1790219261	12259889152
1790219266	12259889152
1790219271	12259889152
1790219276	12259889152
1790219281	12259889152
1790219286	12259889152
1790219291	12259889152
1790219296	12259889152
1790219301	12259889152
1790219306	12259889152
1790219311	12259889152
1790219316	12259889152
1790219321	12259889152
1790219326	12259889152
1790219331	12259889152
1790219336	12259889152
1790219341	12259889152
1790219346	12259889152
1790219351	12259889152
1790219356	12259889152
1790219361	12259889152
1790219366	12259889152
1790219371	12259889152
1790219376	12259893248
1790219381	12259893248
1790219386	12259893248
1790219391	12259893248
1790219396	12259893248
1790219401	12259893248
1790219407	12259893248
1790219412	12259893248
1790219417	12259893248
1790219422	12259893248
1790219427	12259893248
1790219432	12259893248
1790219437	12259893248
1790219442	12259893248
1790219447	12259893248
1790219452	12259893248
1790219457	12259893248
1790219462	12259893248
1790219467	12259893248
1790219472	12259893248
1790219477	12259893248
1790219482	12259893248
1790219487	12259893248
1790219492	12259893248
1790219497	12259893248
1790219502	12259893248
1790219507	12259893248
1790219512	12259893248
1790219517	12259893248
1790219522	12259893248
1790219527	12259893248
1790219532	12259897344
1790219537	12259897344
1790219542	12259897344
1790219547	12259897344
1790219552	12259897344
1790219557	12259897344
1790219562	12259897344
1790219567	12259897344
1790219572	12259897344
1790219577	12259897344
1790219582	12259897344
1790219587	12259897344
1790219592	12259897344
1790219597	12259897344
1790219602	12259897344
1790219607	12259897344
1790219612	12259897344
1790219617	12259897344
1790219622	12259897344
1790219627	12259897344
1790219632	12259897344
1790219637	12259897344
1790219642	12259897344
1790219647	12259897344
1790219652	12259897344
1790219657	12259897344
1790219662	12259897344
1790219667	12259897344
1790219672	12259897344
1790219677	12259897344
1790219682	12259897344
1790219687	12259901440
1790219692	12259901440
1790219697	12259901440
1790219702	12259901440
1790219707	12259901440
1790219712	12259901440
1790219717	12259901440
1790219722	12259901440
1790219727	12259901440
1790219732	12259901440
1790219737	12259901440
1790219742	12259901440
1790219747	12259901440
1790219752	12259901440
1790219757	12259901440
1790219762	12259901440
1790219767	12259901440
1790219772	12259901440
1790219777	12259901440
1790219782	12259901440
1790219787	12259901440
1790219792	12259901440
1790219797	12259901440
1790219802	12259901440
1790219807	12259901440
1790219812	12259901440
1790219817	12259901440
1790219822	12259901440
1790219827	12259901440
1790219832	12259901440
1790219837	12259905536
1790219842	12259905536
1790219847	12259905536
1790219852	12259905536
1790219857	12259905536
1790219862	12259905536
1790219867	12259905536
1790219872	12259905536
1790219877	12259905536
1790219882	12259905536
1790219887	12259905536
1790219892	12259905536
1790219897	12259905536
1790219902	12259905536
1790219907	12259905536
1790219912	12259905536
1790219917	12259905536
1790219922	12259905536
1790219927	12259905536
1790219932	12259905536
1790219937	12259905536
1790219942	12259905536
1790219947	12259905536
1790219953	12259905536
1790219958	12259905536
1790219963	12259905536
1790219968	12259905536
1790219973	12259905536
1790219978	12259905536
1790219983	12259905536
1790219988	12259909632
1790219993	12259909632
1790219998	12259909632
1790220003	12259909632
1790220008	12259909632
1790220013	12259909632
1790220018	12259909632
1790220023	12259909632
1790220028	12259909632
1790220033	12259909632
1790220038	12259909632
1790220043	12259909632
1790220048	12259909632
1790220053	12259909632
1790220058	12259909632
1790220063	12259909632
1790220068	12259909632
1790220073	12259909632
1790220078	12259909632
1790220083	12259909632
1790220088	12259909632
1790220093	12259909632
1790220098	12259909632
1790220103	12259909632
1790220108	12259909632
1790220113	12259909632
1790220118	12259909632
1790220123	12259909632
1790220128	12259909632
1790220133	12259909632
1790220138	12259909632
1790220143	12259913728
1790220148	12259913728
1790220153	12259913728
1790220158	12259913728
1790220163	12259913728
1790220168	12259913728
1790220173	12259913728
1790220178	12259913728
1790220183	12259913728
1790220188	12259913728
1790220193	12259913728
1790220198	12259913728
1790220203	12259913728
1790220208	12259913728
1790220213	12259913728
1790220218	12259913728
1790220223	12259913728
1790220228	12259913728
1790220233	12259913728
1790220238	12259913728
1790220243	12259913728
1790220248	12259913728
1790220253	12259913728
1790220258	12259913728
1790220263	12259913728
1790220268	12259913728
1790220273	12259913728
1790220278	12259913728
1790220283	12259913728
1790220288	12259913728
1790220293	12259917824
1790220298	12259917824
1790220303	12259917824
1790220308	12259917824
1790220313	12259917824
1790220318	12259917824
1790220323	12259917824
1790220328	12259917824
1790220333	12259917824
1790220338	12259917824
1790220343	12259917824
1790220348	12259917824
1790220353	12259917824
1790220358	12259917824
1790220363	12259917824
1790220368	12259917824
1790220373	12259917824
1790220378	12259917824
1790220383	12259917824
1790220388	12259917824
1790220393	12259917824
1790220398	12259917824
1790220403	12259917824
1790220408	12259917824
1790220413	12259917824
1790220418	12259917824
1790220423	12259917824
1790220428	12259917824
1790220433	12259917824
1790220438	12259917824
1790220443	12259921920
1790220448	12259921920
1790220453	12259921920
1790220458	12259921920
1790220463	12259921920
1790220468	12259921920
1790220473	12259921920
1790220478	12259921920
1790220483	12259921920
1790220488	12259921920
1790220493	12259921920
1790220498	12259921920
1790220504	12259921920
1790220509	12259921920
1790220514	12259921920
1790220519	12259921920
1790220524	12259921920
1790220529	12259921920
1790220534	12259921920
1790220539	12259921920
1790220544	12259921920
1790220549	12259921920
1790220554	12259921920
1790220559	12259921920
1790220564	12259921920
1790220569	12259921920
1790220574	12259921920
1790220579	12259921920
1790220584	12259921920
1790220589	12259921920
1790220594	12259921920
1790220599	12259926016
1790220604	12259926016
1790220609	12259926016
1790220614	12259926016
1790220619	12259926016
1790220624	12259926016
1790220629	12259926016
1790220634	12259926016
1790220639	12259926016
1790220644	12259926016
1790220649	12259926016
1790220654	12259926016
1790220659	12259926016
1790220664	12259926016
1790220669	12259926016
1790220674	12259926016
1790220679	12259926016
1790220684	12259926016
1790220689	12259926016
1790220694	12259926016
1790220699	12259926016
1790220704	12259926016
1790220709	12259926016
1790220714	12259926016
1790220719	12259926016
1790220724	12259926016
1790220729	12259926016
1790220734	12259926016
1790220739	12259926016
1790220744	12259930112
1790220749	12259930112
1790220754	12259930112
1790220759	12259930112
1790220764	12259930112
1790220769	12259930112
1790220774	12259930112
1790220779	12259930112
1790220784	12259930112
1790220789	12259930112
1790220794	12259930112
1790220799	12259930112
1790220804	12259930112
1790220809	12259930112
1790220814	12259930112
1790220819	12259930112
1790220824	12259930112
1790220829	12259930112
1790220834	12259930112
1790220839	12259930112
1790220844	12259930112
1790220849	12259930112
1790220854	12259930112
1790220859	12259930112
1790220864	12259930112
1790220869	12259930112
1790220874	12259930112
1790220879	12259930112
1790220884	12259930112
1790220889	12259930112
1790220894	12259930112
1790220899	12259934208
1790220904	12259934208
1790220909	12259934208
1790220914	12259934208
1790220919	12259934208
1790220924	12259934208
1790220929	12259934208
1790220934	12259934208
1790220939	12259934208
1790220944	12259934208
1790220949	12259934208
1790220954	12259934208
1790220959	12259934208
1790220964	12259934208
1790220969	12259934208
1790220974	12259934208
1790220979	12259934208
1790220984	12259934208
1790220989	12259934208
1790220994	12259934208
1790220999	12259934208
1790221004	12259934208
1790221009	12259934208
1790221014	12259934208
1790221019	12259934208
1790221024	12259934208
1790221029	12259934208
1790221034	12259934208
1790221039	12259934208
1790221044	12259934208
1790221049	12259938304
1790221054	12259938304
1790221059	12259938304
1790221064	12259938304
1790221069	12259938304
1790221074	12259938304
1790221079	12259938304
1790221084	12259938304
1790221089	12259938304
1790221094	12259938304
1790221099	12259938304
1790221104	12259938304
1790221109	12259938304
1790221115	12259938304
1790221120	12259938304
1790221125	12259938304
1790221130	12259938304
1790221135	12259938304
1790221140	12259938304
1790221145	12259938304
1790221150	12259938304
1790221155	12259938304
1790221160	12259938304
1790221165	12259938304
1790221170	12259938304
1790221175	12259938304
1790221180	12259938304
1790221185	12259938304
1790221190	12259938304
1790221195	12259938304
1790221200	12259938304
1790221205	12259942400
1790221210	12259942400
1790221215	12259942400
1790221220	12259942400
1790221225	12259942400
1790221230	12259942400
1790221235	12259942400
1790221240	12259942400
1790221245	12259942400
1790221250	12259942400
1790221255	12259942400
1790221260	12259942400
1790221265	12259942400
1790221270	12259942400
1790221275	12259942400
1790221280	12259942400
1790221285	12259942400
1790221290	12259942400
1790221295	12259942400
1790221300	12259942400
1790221305	12259942400
1790221310	12259942400
1790221315	12259942400
1790221320	12259942400
1790221325	12259942400
1790221330	12259942400
1790221335	12259942400
1790221340	12259942400
1790221345	12259942400
1790221350	12259946496
1790221355	12259946496
1790221360	12259946496
1790221365	12259946496
1790221370	12259946496
1790221375	12259946496
1790221380	12259946496
1790221385	12259946496
1790221390	12259946496
1790221395	12259946496
1790221400	12259946496
1790221405	12259946496
1790221410	12259946496
1790221415	12259946496
1790221420	12259946496
1790221425	12259946496
1790221430	12259946496
1790221435	12259946496
1790221440	12259946496
1790221445	12259946496
1790221450	12259946496
1790221455	12259946496
1790221460	12259946496
1790221465	12259946496
1790221470	12259946496
1790221475	12259946496
1790221480	12259946496
1790221485	12259946496
1790221490	12259946496
1790221495	12259946496
1790221500	12259950592
1790221505	12259950592
1790221510	12259950592
1790221515	12259950592
1790221520	12259950592
1790221525	12259950592
1790221530	12259950592
1790221535	12259950592
1790221540	12259950592
1790221545	12259950592
1790221550	12259950592
1790221555	12259950592
1790221560	12259950592
1790221565	12259950592
1790221570	12259950592
1790221575	12259950592
1790221580	12259950592
1790221585	12259950592
1790221590	12259950592
1790221595	12259950592
1790221600	12259950592
1790221605	12259950592
1790221610	12259950592
1790221615	12259950592
1790221620	12259950592
1790221625	12259950592
1790221630	12259950592
1790221635	12259950592
1790221640	12259950592
1790221645	12259950592
1790221650	12259950592
1790221655	12259954688
1790221660	12259954688
1790221665	12259954688
1790221670	12259954688
1790221675	12259954688
1790221680	12259954688
1790221685	12259954688
1790221690	12259954688
1790221695	12259954688
1790221700	12259954688
1790221705	12259954688
1790221710	12259954688
1790221715	12259954688
1790221720	12259954688
1790221725	12259954688
1790221730	12259954688
1790221735	12259954688
1790221740	12259954688
1790221745	12259954688
1790221750	12259954688
1790221756	12259954688
1790221761	12259954688
1790221766	12259954688
1790221771	12259954688
1790221776	12259954688
1790221781	12259954688
1790221786	12259954688
1790221791	12259954688
1790221796	12259954688
1790221801	12259958784
1790221806	12259958784
1790221811	12259958784
1790221816	12259958784
1790221821	12259958784
1790221826	12259958784
1790221831	12259958784
1790221836	12259958784
1790221841	12259958784
1790221846	12259958784
1790221851	12259958784
1790221856	12259958784
1790221861	12259958784
1790221866	12259958784
1790221871	12259958784
1790221876	12259958784
1790221881	12259958784
1790221886	12259958784
1790221891	12259958784
1790221896	12259958784
1790221901	12259958784
1790221906	12259958784
1790221911	12259958784
1790221916	12259958784
1790221921	12259958784
1790221926	12259958784
1790221931	12259958784
1790221936	12259958784
1790221941	12259958784
1790221946	12259958784
1790221951	12259962880
1790221956	12259962880
1790221961	12259962880
1790221966	12259962880
1790221971	12259962880
1790221976	12259962880
1790221981	12259962880
1790221986	12259962880
1790221991	12259962880
1790221996	12259962880
1790222001	12259962880
1790222006	12259962880
1790222011	12259962880
1790222016	12259962880
1790222021	12259962880
1790222026	12259962880
1790222031	12259962880
1790222036	12259962880
1790222041	12259962880
1790222046	12259962880
1790222051	12259962880
1790222056	12259962880
1790222061	12259962880
1790222066	12259962880
1790222071	12259962880
1790222076	12259962880
1790222081	12259962880
1790222086	12259962880
1790222091	12259962880
1790222096	12259962880
1790222101	12259966976
1790222106	12259966976
1790222111	12259966976
1790222116	12259966976
1790222121	12259966976
1790222126	12259966976
1790222131	12259966976
1790222136	12259966976
1790222141	12259966976
1790222146	12259966976
1790222151	12259966976
1790222156	12259966976
1790222161	12259966976
1790222166	12259966976
1790222171	12259966976
1790222176	12259966976
1790222181	12259966976
1790222186	12259966976
1790222191	12259966976
1790222196	12259966976
1790222201	12259966976
1790222206	12259966976
1790222211	12259966976
1790222216	12259966976
1790222221	12259966976
1790222226	12259966976
1790222231	12259966976
1790222236	12259966976
1790222241	12259966976
1790222246	12259966976
1790222251	12259971072
1790222256	12259971072
1790222261	12259971072
1790222266	12259971072
1790222271	12259971072
1790222276	12259971072
1790222281	12259971072
1790222286	12259971072
1790222291	12259971072
1790222296	12259971072
1790222301	12259971072
1790222306	12259971072
1790222311	12259971072
1790222316	12259971072
1790222321	12259971072
1790222326	12259971072
1790222331	12259971072
1790222336	12259971072
1790222342	12259971072
1790222347	12259971072
1790222352	12259971072
1790222357	12259971072
1790222362	12259971072
1790222367	12259971072
1790222372	12259971072
1790222377	12259971072
1790222382	12259971072
1790222387	12259971072
1790222392	12259971072
1790222397	12259971072
1790222402	12259971072
1790222407	12259971072
1790222412	12259971072
1790222417	12259975168
1790222422	12259975168
1790222427	12259975168
1790222432	12259975168
1790222437	12259975168
1790222442	12259975168
1790222447	12259975168
1790222452	12259975168
1790222457	12259975168
1790222462	12259975168
1790222467	12259975168
1790222472	12259975168
1790222477	12259975168
1790222482	12259975168
1790222487	12259975168
1790222492	12259975168
1790222497	12259975168
1790222502	12259975168
1790222507	12259975168
1790222512	12259975168
1790222517	12259975168
1790222522	12259975168
1790222527	12259975168
1790222532	12259975168
1790222537	12259975168
1790222542	12259975168
1790222547	12259975168
1790222552	12259975168
1790222557	12259975168
1790222562	12259975168
1790222567	12259975168
1790222572	12259975168
1790222577	12259975168
1790222582	12259975168
1790222587	12259979264
1790222592	12259979264
1790222597	12259979264
1790222602	12259979264
1790222607	12259979264
1790222612	12259979264
1790222617	12259979264
1790222622	12259979264
1790222627	12259979264
1790222632	12259979264
1790222637	12259979264
1790222642	12259979264
1790222647	12259979264
1790222652	12259979264
1790222657	12259979264
1790222662	12259979264
1790222667	12259979264
1790222672	12259979264
1790222677	12259979264
1790222682	12259979264
1790222687	12259979264
1790222692	12259979264
1790222697	12259979264
1790222702	12259979264
1790222707	12259979264
1790222712	12259979264
1790222717	12259979264
1790222722	12259979264
1790222727	12259979264
1790222732	12259979264
1790222737	12259979264
1790222742	12259979264
1790222747	12259983360
1790222752	12259983360
1790222757	12259983360
1790222762	12259983360
1790222767	12259983360
1790222772	12259983360
1790222777	12259983360
1790222782	12259983360
1790222787	12259983360
1790222792	12259983360
1790222797	12259983360
1790222802	12259983360
1790222807	12259983360
1790222812	12259983360
1790222817	12259983360
1790222822	12259983360
1790222827	12259983360
1790222832	12259983360
1790222837	12259983360
1790222842	12259983360
1790222847	12259983360
1790222852	12259983360
1790222857	12259983360
1790222862	12259983360
1790222867	12259983360
1790222872	12259983360
1790222877	12259983360
1790222882	12259983360
1790222887	12259983360
1790222892	12259983360
1790222897	12259983360
1790222902	12259983360
1790222907	12259983360
1790222912	12259987456
1790222917	12259987456
1790222923	12259987456
1790222928	12259987456
1790222933	12259987456
1790222938	12259987456
1790222943	12259987456
1790222948	12259987456
1790222953	12259987456
1790222958	12259987456
1790222963	12259987456
1790222968	12259987456
1790222973	12259987456
1790222978	12259987456
1790222983	12259987456
1790222988	12259987456
1790222993	12259987456
1790222998	12259987456
1790223003	12259987456
1790223008	12259987456
1790223013	12259987456
1790223018	12259987456
1790223023	12259987456
1790223028	12259987456
1790223033	12259987456
1790223038	12259987456
1790223043	12259987456
1790223048	12259987456
1790223053	12259987456
1790223058	12259987456
1790223063	12259987456
1790223068	12259987456
1790223073	12259987456
1790223078	12259987456
1790223083	12259991552
1790223088	12259991552
1790223093	12259991552
1790223098	12259991552
1790223103	12259991552
1790223108	12259991552
1790223113	12259991552
1790223118	12259991552
1790223123	12259991552
1790223128	12259991552
1790223133	12259991552
1790223138	12259991552
1790223143	12259991552
1790223148	12259991552
1790223153	12259991552
1790223158	12259991552
1790223163	12259991552
1790223168	12259991552
1790223173	12259991552
1790223178	12259991552
1790223183	12259991552
1790223188	12259991552
1790223193	12259991552
1790223198	12259991552
1790223203	12259991552
1790223208	12259991552
1790223213	12259991552
1790223218	12259991552
1790223223	12259991552
1790223228	12259991552
1790223233	12259991552
1790223238	12259991552
1790223243	12259995648
1790223248	12259995648
1790223253	12259995648
1790223258	12259995648
1790223263	12259995648
1790223268	12259995648
1790223273	12259995648
1790223278	12259995648
1790223283	12259995648
1790223288	12259995648
1790223293	12259995648
1790223298	12259995648
1790223303	12259995648
1790223308	12259995648
1790223313	12259995648
1790223318	12259995648
1790223323	12259995648
1790223328	12259995648
1790223333	12259995648
1790223338	12259995648
1790223343	12259995648
1790223348	12259995648
1790223353	12259995648
1790223358	12259995648
1790223363	12259995648
1790223368	12259995648
1790223373	12259995648
1790223378	12259995648
1790223383	12259995648
1790223388	12259995648
1790223393	12259995648
1790223398	12259995648
1790223403	12259995648
1790223408	12259999744
1790223413	12259999744
1790223418	12259999744
1790223423	12259999744
1790223428	12259999744
1790223433	12259999744
1790223438	12259999744
1790223443	12259999744
1790223448	12259999744
1790223453	12259999744
1790223458	12259999744
1790223463	12259999744
1790223468	12259999744
1790223473	12259999744
1790223478	12259999744
1790223483	12259999744
1790223488	12259999744
1790223493	12259999744
1790223498	12259999744
1790223503	12259999744
1790223508	12259999744
1790223513	12259999744
1790223518	12259999744
1790223523	12259999744
1790223528	12259999744
1790223534	12259999744
1790223539	12259999744
1790223544	12259999744
1790223549	12259999744
1790223554	12259999744
1790223559	12259999744
1790223564	12259999744
1790223569	12259999744
1790223574	12259999744
1790223579	12260003840
1790223584	12260003840
1790223589	12260003840
1790223594	12260003840
1790223599	12260003840
1790223604	12260003840
1790223609	12260003840
1790223614	12260003840
1790223619	12260003840
1790223624	12260003840
1790223629	12260003840
1790223634	12260003840
1790223639	12260003840
1790223644	12260003840
1790223649	12260003840
1790223654	12260003840
1790223659	12260003840
1790223664	12260003840
1790223669	12260003840
1790223674	12260003840
1790223679	12260003840
1790223684	12260003840
1790223689	12260003840
1790223694	12260003840
1790223699	12260003840
1790223704	12260003840
1790223709	12260003840
1790223714	12260003840
1790223719	12260003840
1790223724	12260003840
1790223729	12260003840
1790223734	12260003840
1790223739	12260007936
1790223744	12260007936
1790223749	12260007936
1790223754	12260007936
1790223759	12260007936
1790223764	12260007936
1790223769	12260007936
1790223774	12260007936
1790223779	12260007936
1790223784	12260007936
1790223789	12260007936
1790223794	12260007936
1790223799	12260007936
1790223804	12260007936
1790223809	12260007936
1790223814	12260007936
1790223819	12260007936
1790223824	12260007936
1790223829	12260007936
1790223834	12260007936
1790223839	12260007936
1790223844	12260007936
1790223849	12260007936
1790223854	12260007936
1790223859	12260007936
1790223864	12260007936
1790223869	12260007936
1790223874	12260007936
1790223879	12260007936
1790223884	12260007936
1790223889	12260007936
1790223894	12260007936
1790223899	12260012032
1790223904	12260012032
1790223909	12260012032
1790223914	12260012032
1790223919	12260012032
1790223924	12260012032
1790223929	12260012032
1790223934	12260012032
1790223939	12260012032
1790223944	12260012032
1790223949	12260012032
1790223954	12260012032
1790223959	12260012032
1790223964	12260012032
1790223969	12260012032
1790223974	12260012032
1790223979	12260012032
1790223984	12260012032
1790223989	12260012032
1790223994	12260012032
1790223999	12260012032
1790224004	12260012032
1790224009	12260012032
1790224014	12260012032
1790224019	12260012032
1790224024	12260012032
1790224029	12260012032
1790224034	12260012032
1790224039	12260012032
1790224044	12260012032
1790224049	12260012032
1790224054	12260012032
1790224059	12260012032
1790224064	12260016128
1790224069	12260016128
1790224074	12260016128
1790224079	12260016128
1790224084	12260016128
1790224089	12260016128
1790224094	12260016128
1790224099	12260016128
1790224104	12260016128
1790224109	12260016128
1790224114	12260016128
1790224119	12260016128
1790224125	12260016128
1790224130	12260016128
1790224135	12260016128
1790224140	12260016128
1790224145	12260016128
1790224150	12260016128
1790224155	12260016128
1790224160	12260016128
1790224165	12260016128
1790224170	12260016128
1790224175	12260016128
1790224180	12260016128
1790224185	12260016128
1790224190	12260016128
1790224195	12260016128
1790224200	12260016128
1790224205	12260016128
1790224210	12260016128
1790224215	12260016128
1790224220	12260016128
1790224225	12260020224
1790224230	12260020224
1790224235	12260020224
1790224240	12260020224
1790224245	12260020224
1790224250	12260020224
1790224255	12260020224
1790224260	12260020224
1790224265	12260020224
1790224270	12260020224
1790224275	12260020224
1790224280	12260020224
1790224285	12260020224
1790224290	12260020224
1790224295	12260020224
1790224300	12260020224
1790224305	12260020224
1790224310	12260020224
1790224315	12260020224
1790224320	12260020224
1790224325	12260020224
1790224330	12260020224
1790224335	12260020224
1790224340	12260020224
1790224345	12260020224
1790224350	12260020224
1790224355	12260020224
1790224360	12260020224
1790224365	12260020224
1790224370	12260020224
1790224375	12260020224
1790224380	12260020224
1790224385	12260020224
1790224390	12260024320
1790224395	12260024320
1790224400	12260024320
1790224405	12260024320
1790224410	12260024320
1790224415	12260024320
1790224420	12260024320
1790224425	12260024320
1790224430	12260024320
1790224435	12260024320
1790224440	12260024320
1790224445	12260024320
1790224450	12260024320
1790224455	12260024320
1790224460	12260024320
1790224465	12260024320
1790224470	12260024320
1790224475	12260024320
1790224480	12260024320
1790224485	12260024320
1790224490	12260024320
1790224495	12260024320
1790224500	12260024320
1790224505	12260024320
1790224510	12260024320
1790224515	12260024320
1790224520	12260024320
1790224525	12260024320
1790224530	12260024320
1790224535	12260024320
1790224540	12260024320
1790224545	12260024320
1790224550	12260024320
1790224555	12260024320
1790224560	12260028416
1790224565	12260028416
1790224570	12260028416
1790224575	12260028416
1790224580	12260028416
1790224585	12260028416
1790224590	12260028416
1790224595	12260028416
1790224600	12260028416
1790224605	12260028416
1790224610	12260028416
1790224615	12260028416
1790224620	12260028416
1790224625	12260028416
1790224630	12260028416
1790224635	12260028416
1790224640	12260028416
1790224645	12260028416
1790224650	12260028416
1790224655	12260028416
1790224660	12260028416
1790224666	12260028416
1790224671	12260028416
1790224676	12260028416
1790224681	12260028416
1790224686	12260028416
1790224691	12260028416
1790224696	12260028416
1790224701	12260028416
1790224706	12260028416
1790224711	12260028416
1790224716	12260028416
1790224721	12260032512
1790224726	12260032512
1790224731	12260032512
1790224736	12260032512
1790224741	12260032512
1790224746	12260032512
1790224751	12260032512
1790224756	12260032512
1790224761	12260032512
1790224766	12260032512
1790224771	12260032512
1790224776	12260032512
1790224781	12260032512
1790224786	12260032512
1790224791	12260032512
1790224796	12260032512
1790224801	12260032512
1790224806	12260032512
1790224811	12260032512
1790224816	12260032512
1790224821	12260032512
1790224826	12260032512
1790224831	12260032512
1790224836	12260032512
1790224841	12260032512
1790224846	12260032512
1790224851	12260032512
1790224856	12260032512
1790224861	12260032512
1790224866	12260032512
1790224871	12260032512
1790224876	12260032512
1790224881	12260032512
1790224886	12260032512
1790224891	12260032512
1790224896	12260036608
1790224901	12260036608
1790224906	12260036608
1790224911	12260036608
1790224916	12260036608
1790224921	12260036608
1790224926	12260036608
1790224931	12260036608
1790224936	12260036608
1790224941	12260036608
1790224946	12260036608
1790224951	12260036608
1790224956	12260036608
1790224961	12260036608
1790224966	12260036608
1790224971	12260036608
1790224976	12260036608
1790224981	12260036608
1790224986	12260036608
1790224991	12260036608
1790224996	12260036608
1790225001	12260036608
1790225006	12260036608
1790225011	12260036608
1790225016	12260036608
1790225021	12260036608
1790225026	12260036608
1790225031	12260036608
1790225036	12260036608
1790225041	12260036608
1790225046	12260036608
1790225051	12260036608
1790225056	12260036608
1790225061	12260036608
1790225066	12260040704
1790225071	12260040704
1790225076	12260040704
1790225081	12260040704
1790225086	12260040704
1790225091	12260040704
1790225096	12260040704
1790225101	12260040704
1790225106	12260040704
1790225111	12260040704
1790225116	12260040704
1790225121	12260040704
1790225126	12260040704
1790225131	12260040704
1790225136	12260040704
1790225141	12260040704
1790225146	12260040704
1790225151	12260040704
1790225156	12260040704
1790225161	12260040704
1790225166	12260040704
1790225171	12260040704
1790225176	12260040704
1790225181	12260040704
1790225186	12260040704
1790225191	12260040704
1790225196	12260040704
1790225201	12260040704
1790225206	12260040704
1790225211	12260040704
1790225216	12260040704
1790225221	12260040704
1790225226	12260044800
1790225231	12260044800
1790225236	12260044800
1790225241	12260044800
1790225247	12260044800
1790225252	12260044800
1790225257	12260044800
1790225262	12260044800
1790225267	12260044800
1790225272	12260044800
1790225277	12260044800
1790225282	12260044800
1790225287	12260044800
1790225292	12260044800
1790225297	12260044800
1790225302	12260044800
1790225307	12260044800
1790225312	12260044800
1790225317	12260044800
1790225322	12260044800
1790225327	12260044800
1790225332	12260044800
1790225337	12260044800
1790225342	12260044800
1790225347	12260044800
1790225352	12260044800
1790225357	12260044800
1790225362	12260044800
1790225367	12260044800
1790225372	12260044800
1790225377	12260044800
1790225382	12260044800
1790225387	12260044800
1790225392	12260048896
1790225397	12260048896
1790225402	12260048896
1790225407	12260048896
1790225412	12260048896
1790225417	12260048896
1790225422	12260048896
1790225427	12260048896
1790225432	12260048896
1790225437	12260048896
1790225442	12260048896
1790225447	12260048896
1790225452	12260048896
1790225457	12260048896
1790225462	12260048896
1790225467	12260048896
1790225472	12260048896
1790225477	12260048896
1790225482	12260048896
1790225487	12260048896
1790225492	12260048896
1790225497	12260048896
1790225502	12260048896
1790225507	12260048896
1790225512	12260048896
1790225517	12260048896
1790225522	12260048896
1790225527	12260048896
1790225532	12260048896
1790225537	12260048896
1790225542	12260048896
1790225547	12260048896
1790225552	12260048896
1790225557	12260048896
1790225562	12260052992
1790225567	12260052992
1790225572	12260052992
1790225577	12260052992
1790225582	12260052992
1790225587	12260052992
1790225592	12260052992
1790225597	12260052992
1790225602	12260052992
1790225607	12260052992
1790225612	12260052992
1790225617	12260052992
1790225622	12260052992
1790225627	12260052992
1790225632	12260052992
1790225637	12260052992
1790225642	12260052992
1790225647	12260052992
1790225652	12260052992
1790225657	12260052992
1790225662	12260052992
1790225667	12260052992
1790225672	12260052992
1790225677	12260052992
1790225682	12260052992
1790225687	12260052992
1790225692	12260052992
1790225697	12260052992
1790225702	12260052992
1790225707	12260052992
1790225712	12260052992
1790225717	12260052992
1790225722	12260057088
1790225727	12260057088
1790225732	12260057088
1790225737	12260057088
1790225742	12260057088
1790225747	12260057088
1790225752	12260057088
1790225757	12260057088
1790225762	12260057088
1790225767	12260057088
1790225772	12260057088
1790225777	12260057088
1790225782	12260057088
1790225787	12260057088
1790225792	12260057088
1790225797	12260057088
1790225802	12260057088
1790225807	12260057088
1790225812	12260057088
1790225817	12260057088
1790225823	12260057088
1790225828	12260057088
1790225833	12260057088
1790225838	12260057088
1790225843	12260057088
1790225848	12260057088
1790225853	12260057088
1790225858	12260057088
1790225863	12260057088
1790225868	12260057088
1790225873	12260057088
1790225878	12260057088
1790225883	12260057088
1790225888	12260057088
1790225893	12260061184
1790225898	12260061184
1790225903	12260061184
1790225908	12260061184
1790225913	12260061184
1790225918	12260061184
1790225923	12260061184
1790225928	12260061184
1790225933	12260061184
1790225938	12260061184
1790225943	12260061184
1790225948	12260061184
1790225953	12260061184
1790225958	12260061184
1790225963	12260061184
1790225968	12260061184
1790225973	12260061184
1790225978	12260061184
1790225983	12260061184
1790225988	12260061184
1790225993	12260061184
1790225998	12260061184
1790226003	12260061184
1790226008	12260061184
1790226013	12260061184
1790226018	12260061184
1790226023	12260061184
1790226028	12260061184
1790226033	12260061184
1790226038	12260061184
1790226043	12260061184
1790226048	12260061184
1790226053	12260061184
1790226058	12260065280
1790226063	12260065280
1790226068	12260065280
1790226073	12260065280
1790226078	12260065280
1790226083	12260065280
1790226088	12260065280
1790226093	12260065280
1790226098	12260065280
1790226103	12260065280
1790226108	12260065280
1790226113	12260065280
1790226118	12260065280
1790226123	12260065280
1790226128	12260065280
1790226133	12260065280
1790226138	12260065280
1790226143	12260065280
1790226148	12260065280
1790226153	12260065280
1790226158	12260065280
1790226163	12260065280
1790226168	12260065280
1790226173	12260065280
1790226178	12260065280
1790226183	12260065280
1790226188	12260065280
1790226193	12260065280
1790226198	12260065280
1790226203	12260065280
1790226208	12260065280
1790226213	12260065280
1790226218	12260069376
1790226223	12260069376
1790226228	12260069376
1790226233	12260069376
1790226238	12260069376
1790226243	12260069376
1790226248	12260069376
1790226253	12260069376
1790226258	12260069376
1790226263	12260069376
1790226268	12260069376
1790226273	12260069376
1790226278	12260069376
1790226283	12260069376
1790226288	12260069376
1790226293	12260069376
1790226298	12260069376
1790226303	12260069376
1790226308	12260069376
1790226313	12260069376
1790226318	12260069376
1790226323	12260069376
1790226328	12260069376
1790226333	12260069376
1790226338	12260069376
1790226343	12260069376
1790226348	12260069376
1790226353	12260069376
1790226358	12260069376
1790226363	12260069376
1790226368	12260069376
1790226373	12260069376
1790226378	12260069376
1790226383	12260073472
1790226388	12260073472
1790226393	12260073472
1790226398	12260073472
1790226403	12260073472
1790226408	12260073472
1790226413	12260073472
1790226418	12260073472
1790226423	12260073472
1790226428	12260073472
1790226433	12260073472
1790226438	12260073472
1790226443	12260073472
1790226449	12260073472
1790226454	12260073472
1790226459	12260073472
1790226464	12260073472
1790226469	12260073472
1790226474	12260073472
1790226479	12260073472
1790226484	12260073472
1790226489	12260073472
1790226494	12260073472
1790226499	12260073472
1790226504	12260073472
1790226509	12260073472
1790226514	12260073472
1790226519	12260073472
1790226524	12260073472
1790226529	12260073472
1790226534	12260073472
1790226539	12260073472
1790226544	12260073472
1790226549	12260077568
1790226554	12260077568
1790226559	12260077568
1790226564	12260077568
1790226569	12260077568
1790226574	12260077568
1790226579	12260077568
1790226584	12260077568
1790226589	12260077568
1790226594	12260077568
1790226599	12260077568
1790226604	12260077568
1790226609	12260077568
1790226614	12260077568
1790226619	12260077568
1790226624	12260077568
1790226629	12260077568
1790226634	12260077568
1790226639	12260077568
1790226644	12260077568
1790226649	12260077568
1790226654	12260077568
1790226659	12260077568
1790226664	12260077568
1790226669	12260077568
1790226674	12260077568
1790226679	12260077568
1790226684	12260077568
1790226689	12260077568
1790226694	12260077568
1790226699	12260077568
1790226704	12260077568
1790226709	12260081664
1790226714	12260081664
1790226719	12260081664
1790226724	12260081664
1790226729	12260081664
1790226734	12260081664
1790226739	12260081664
1790226744	12260081664
1790226749	12260081664
1790226754	12260081664
1790226759	12260081664
1790226764	12260081664
1790226769	12260081664
1790226774	12260081664
1790226779	12260081664
1790226784	12260081664
1790226789	12260081664
1790226794	12260081664
1790226799	12260081664
1790226804	12260081664
1790226809	12260081664
1790226814	12260081664
1790226819	12260081664
1790226824	12260081664
1790226829	12260081664
1790226834	12260081664
1790226839	12260081664
1790226844	12260081664
1790226849	12260081664
1790226854	12260081664
1790226859	12260081664
1790226864	12260081664
1790226869	12260081664
1790226874	12260085760
1790226879	12260085760
1790226884	12260085760
1790226889	12260085760
1790226894	12260085760
1790226899	12260085760
1790226904	12260085760
1790226909	12260085760
1790226914	12260085760
1790226919	12260085760
1790226924	12260085760
1790226929	12260085760
1790226934	12260085760
1790226939	12260085760
1790226944	12260085760
1790226949	12260085760
1790226954	12260085760
1790226959	12260085760
1790226964	12260085760
1790226969	12260085760
1790226974	12260085760
1790226979	12260085760
1790226984	12260085760
1790226989	12260085760
1790226994	12260085760
1790226999	12260085760
1790227004	12260085760
1790227009	12260085760
1790227014	12260085760
1790227019	12260085760
1790227024	12260085760
1790227030	12260085760
1790227035	12260085760
1790227040	12260089856
1790227045	12260089856
1790227050	12260089856
1790227055	12260089856
1790227060	12260089856
1790227065	12260089856
1790227070	12260089856
1790227075	12260089856
1790227080	12260089856
1790227085	12260089856
1790227090	12260089856
1790227095	12260089856
1790227100	12260089856
1790227105	12260089856
1790227110	12260089856
1790227115	12260089856
1790227120	12260089856
1790227125	12260089856
1790227130	12260089856
1790227135	12260089856
1790227140	12260089856
1790227145	12260089856
1790227150	12260089856
1790227155	12260089856
1790227160	12260089856
1790227165	12260089856
1790227170	12260089856
1790227175	12260089856
1790227180	12260089856
1790227185	12260089856
1790227190	12260089856
1790227195	12260089856
1790227200	12260089856
1790227205	12260093952
1790227210	12260093952
1790227215	12260093952
1790227220	12260093952
1790227225	12260093952
1790227230	12260093952
1790227235	12260093952
1790227240	12260093952
1790227245	12260093952
1790227250	12260093952
1790227255	12260093952
1790227260	12260093952
1790227265	12260093952
1790227270	12260093952
1790227275	12260093952
1790227280	12260093952
1790227285	12260093952
1790227290	12260093952
1790227295	12260093952
1790227300	12260093952
1790227305	12260093952
1790227310	12260093952
1790227315	12260093952
1790227320	12260093952
1790227325	12260093952
1790227330	12260093952
1790227335	12260093952
1790227340	12260093952
1790227345	12260093952
1790227350	12260093952
1790227355	12260093952
1790227360	12260093952
1790227365	12260098048
1790227370	12260098048
1790227375	12260098048
1790227380	12260098048
1790227385	12260098048
1790227390	12260098048
1790227395	12260098048
1790227400	12260098048
1790227405	12260098048
1790227410	12260098048
1790227415	12260098048
1790227420	12260098048
1790227425	12260098048
1790227430	12260098048
1790227435	12260098048
1790227440	12260098048
1790227445	12260098048
1790227450	12260098048
1790227455	12260098048
1790227460	12260098048
1790227465	12260098048
1790227470	12260098048
1790227475	12260098048
1790227480	12260098048
1790227485	12260098048
1790227490	12260098048
1790227495	12260098048
1790227500	12260098048
1790227505	12260098048
1790227510	12260098048
1790227515	12260098048
1790227520	12260098048
1790227525	12260098048
1790227530	12260102144
1790227535	12260102144
1790227540	12260102144
1790227545	12260102144
1790227550	12260102144
1790227555	12260102144
1790227560	12260102144
1790227565	12260102144
1790227570	12260102144
1790227575	12260102144
1790227580	12260102144
1790227585	12260102144
1790227590	12260102144
1790227595	12260102144
1790227600	12260102144
1790227605	12260102144
1790227611	12260102144
1790227616	12260102144
1790227621	12260102144
1790227626	12260102144
1790227631	12260102144
1790227636	12260102144
1790227641	12260102144
1790227646	12260102144
1790227651	12260102144
1790227656	12260102144
1790227661	12260102144
1790227666	12260102144
1790227671	12260102144
1790227676	12260102144
1790227681	12260102144
1790227686	12260102144
1790227691	12260102144
1790227696	12260106240
1790227701	12260106240
1790227706	12260106240
1790227711	12260106240
1790227716	12260106240
1790227721	12260106240
1790227726	12260106240
1790227731	12260106240
1790227736	12260106240
1790227741	12260106240
1790227746	12260106240
1790227751	12260106240
1790227756	12260106240
1790227761	12260106240
1790227766	12260106240
1790227771	12260106240
1790227776	12260106240
1790227781	12260106240
1790227786	12260106240
1790227791	12260106240
1790227796	12260106240
1790227801	12260106240
1790227806	12260106240
1790227811	12260106240
1790227816	12260106240
1790227821	12260106240
1790227826	12260106240
1790227831	12260106240
1790227836	12260106240
1790227841	12260106240
1790227846	12260106240
1790227851	12260106240
1790227856	12260110336
1790227861	12260110336
1790227866	12260110336
1790227871	12260110336
1790227876	12260110336
1790227881	12260110336
1790227886	12260110336
1790227891	12260110336
1790227896	12260110336
1790227901	12260110336
1790227906	12260110336
1790227911	12260110336
1790227916	12260110336
1790227921	12260110336
1790227926	12260110336
1790227931	12260110336
1790227936	12260110336
1790227941	12260110336
1790227946	12260110336
1790227951	12260110336
1790227956	12260110336
1790227961	12260110336
1790227966	12260110336
1790227971	12260110336
1790227976	12260110336
1790227981	12260110336
1790227986	12260110336
1790227991	12260110336
1790227996	12260110336
1790228001	12260110336
1790228006	12260110336
1790228011	12260110336
1790228016	12260110336
1790228021	12260114432
1790228026	12260114432
1790228031	12260114432
1790228036	12260114432
1790228041	12260114432
1790228046	12260114432
1790228051	12260114432
1790228056	12260114432
1790228061	12260114432
1790228066	12260114432
1790228071	12260114432
1790228076	12260114432
1790228081	12260114432
1790228086	12260114432
1790228091	12260114432
1790228096	12260114432
1790228101	12260114432
1790228106	12260114432
1790228111	12260114432
1790228116	12260114432
1790228121	12260114432
1790228126	12260114432
1790228131	12260114432
1790228136	12260114432
1790228141	12260114432
1790228146	12260114432
1790228151	12260114432
1790228156	12260114432
1790228161	12260114432
1790228166	12260114432
1790228171	12260114432
1790228176	12260114432
1790228181	12260114432
1790228187	12260118528
1790228192	12260118528
1790228197	12260118528
1790228202	12260118528
1790228207	12260118528
1790228212	12260118528
1790228217	12260118528
1790228222	12260118528
1790228227	12260118528
1790228232	12260118528
1790228237	12260118528
1790228242	12260118528
1790228247	12260118528
1790228252	12260118528
1790228257	12260118528
1790228262	12260118528
1790228267	12260118528
1790228272	12260118528
1790228277	12260118528
1790228282	12260118528
1790228287	12260118528
1790228292	12260118528
1790228297	12260118528
1790228302	12260118528
1790228307	12260118528
1790228312	12260118528
1790228317	12260118528
1790228322	12260118528
1790228327	12260118528
1790228332	12260118528
1790228337	12260118528
1790228342	12260118528
1790228347	12260122624
1790228352	12260122624
1790228357	12260122624
1790228362	12260122624
1790228367	12260122624
1790228372	12260122624
1790228377	12260122624
1790228382	12260122624
1790228387	12260122624
1790228392	12260122624
1790228397	12260122624
1790228402	12260122624
1790228407	12260122624
1790228412	12260122624
1790228417	12260122624
1790228422	12260122624
1790228427	12260122624
1790228432	12260122624
1790228437	12260122624
1790228442	12260122624
1790228447	12260122624
1790228452	12260122624
1790228457	12260122624
1790228462	12260122624
1790228467	12260122624
1790228472	12260122624
1790228477	12260122624
1790228482	12260122624
1790228487	12260122624
1790228492	12260122624
1790228497	12260122624
1790228502	12260122624
1790228507	12260122624
1790228512	12260122624
1790228517	12260126720
1790228522	12260126720
1790228527	12260126720
1790228532	12260126720
1790228537	12260126720
1790228542	12260126720
1790228547	12260126720
1790228552	12260126720
1790228557	12260126720
1790228562	12260126720
1790228567	12260126720
1790228572	12260126720
1790228577	12260126720
1790228582	12260126720
1790228587	12260126720
1790228592	12260126720
1790228597	12260126720
1790228602	12260126720
1790228607	12260126720
1790228612	12260126720
1790228617	12260126720
1790228622	12260126720
1790228627	12260126720
1790228632	12260126720
1790228637	12260126720
1790228642	12260126720
1790228647	12260126720
1790228652	12260126720
1790228657	12260126720
1790228662	12260126720
1790228667	12260126720
1790228672	12260126720
1790228677	12260130816
1790228682	12260130816
1790228687	12260130816
1790228692	12260130816
1790228697	12260130816
1790228702	12260130816
1790228707	12260130816
1790228712	12260130816
1790228717	12260130816
1790228722	12260130816
1790228727	12260130816
1790228732	12260130816
1790228738	12260130816
1790228743	12260130816
1790228748	12260130816
1790228753	12260130816
1790228758	12260130816
1790228763	12260130816
1790228768	12260130816
1790228773	12260130816
1790228778	12260130816
1790228783	12260130816
1790228788	12260130816
1790228793	12260130816
1790228798	12260130816
1790228803	12260130816
1790228808	12260130816
1790228813	12260130816
1790228818	12260130816
1790228823	12260130816
1790228828	12260130816
1790228833	12260130816
1790228838	12260134912
1790228843	12260134912
1790228848	12260134912
1790228853	12260134912
1790228858	12260134912
1790228863	12260134912
1790228868	12260134912
1790228873	12260134912
1790228878	12260134912
1790228883	12260134912
1790228888	12260134912
1790228893	12260134912
1790228898	12260134912
1790228903	12260134912
1790228908	12260134912
1790228913	12260134912
1790228918	12260134912
1790228923	12260134912
1790228928	12260134912
1790228933	12260134912
1790228938	12260134912
1790228943	12260134912
1790228948	12260134912
1790228953	12260134912
1790228958	12260134912
1790228963	12260134912
1790228968	12260134912
1790228973	12260134912
1790228978	12260134912
1790228983	12260134912
1790228988	12260134912
1790228993	12260134912
1790228998	12260134912
1790229003	12260139008
1790229008	12260139008
1790229013	12260139008
1790229018	12260139008
1790229023	12260139008
1790229028	12260139008
1790229033	12260139008
1790229038	12260139008
1790229043	12260139008
1790229048	12260139008
1790229053	12260139008
1790229058	12260139008
1790229063	12260139008
1790229068	12260139008
1790229073	12260139008
1790229078	12260139008
1790229083	12260139008
1790229088	12260139008
1790229093	12260139008
1790229098	12260139008
1790229103	12260139008
1790229108	12260139008
1790229113	12260139008
1790229118	12260139008
1790229123	12260139008
1790229128	12260139008
1790229133	12260139008
1790229138	12260139008
1790229143	12260139008
1790229148	12260139008
1790229153	12260139008
1790229158	12260139008
1790229163	12260143104
1790229168	12260143104
1790229173	12260143104
1790229178	12260143104
1790229183	12260143104
1790229188	12260143104
1790229193	12260143104
1790229198	12260143104
1790229203	12260143104
1790229208	12260143104
1790229213	12260143104
1790229218	12260143104
1790229223	12260143104
1790229228	12260143104
1790229233	12260143104
1790229238	12260143104
1790229243	12260143104
1790229248	12260143104
1790229253	12260143104
1790229258	12260143104
1790229263	12260143104
1790229268	12260143104
1790229273	12260143104
1790229278	12260143104
1790229283	12260143104
1790229288	12260143104
1790229293	12260143104
1790229298	12260143104
1790229303	12260143104
1790229308	12260143104
1790229313	12260143104
1790229318	12260143104
1790229323	12260143104
1790229329	12260147200
1790229334	12260147200
1790229339	12260147200
1790229344	12260147200
1790229349	12260147200
1790229354	12260147200
1790229359	12260147200
1790229364	12260147200
1790229369	12260147200
1790229374	12260147200
1790229379	12260147200
1790229384	12260147200
1790229389	12260147200
1790229394	12260147200
1790229399	12260147200
1790229404	12260147200
1790229409	12260147200
1790229414	12260147200
1790229419	12260147200
1790229424	12260147200
1790229429	12260147200
1790229434	12260147200
1790229439	12260147200
1790229444	12260147200
1790229449	12260147200
1790229454	12260147200
1790229459	12260147200
1790229464	12260147200
1790229469	12260147200
1790229474	12260147200
1790229479	12260147200
1790229484	12260147200
1790229489	12260147200
1790229494	12260147200
1790229499	12260147200
1790229504	12260151296
1790229509	12260151296
1790229514	12260151296
1790229519	12260151296
1790229524	12260151296
1790229529	12260151296
1790229534	12260151296
1790229539	12260151296
1790229544	12260151296
1790229549	12260151296
1790229554	12260151296
1790229559	12260151296
1790229564	12260151296
1790229569	12260151296
1790229574	12260151296
1790229579	12260151296
1790229584	12260151296
1790229589	12260151296
1790229594	12260151296
1790229599	12260151296
1790229604	12260151296
1790229609	12260151296
1790229614	12260151296
1790229619	12260151296
1790229624	12260151296
1790229629	12260151296
1790229634	12260151296
1790229639	12260151296
1790229644	12260151296
1790229649	12260151296
1790229654	12260151296
1790229659	12260151296
1790229664	12260151296
1790229669	12260155392
1790229674	12260155392
1790229679	12260155392
1790229684	12260155392
1790229689	12260155392
1790229694	12260155392
1790229699	12260155392
1790229704	12260155392
1790229709	12260155392
1790229714	12260155392
1790229719	12260155392
1790229724	12260155392
1790229729	12260155392
1790229734	12260155392
1790229739	12260155392
1790229744	12260155392
1790229749	12260155392
1790229754	12260155392
1790229759	12260155392
1790229764	12260155392
1790229769	12260155392
1790229774	12260155392
1790229779	12260155392
1790229784	12260155392
1790229789	12260155392
1790229794	12260155392
1790229799	12260155392
1790229804	12260155392
1790229809	12260155392
1790229814	12260155392
1790229819	12260155392
1790229824	12260155392
1790229829	12260155392
1790229834	12260159488
1790229839	12260159488
1790229844	12260159488
1790229849	12260159488
1790229854	12260159488
1790229859	12260159488
1790229864	12260159488
1790229869	12260159488
1790229874	12260159488
1790229879	12260159488
1790229884	12260159488
1790229889	12260159488
1790229894	12260159488
1790229899	12260159488
1790229904	12260159488
1790229909	12260159488
1790229914	12260159488
1790229919	12260159488
1790229924	12260159488
1790229930	12260159488
1790229935	12260159488
1790229940	12260159488
1790229945	12260159488
1790229950	12260159488
1790229955	12260159488
1790229960	12260159488
1790229965	12260159488
1790229970	12260159488
1790229975	12260159488
1790229980	12260159488
1790229985	12260159488
1790229990	12260159488
1790229995	12260159488
1790230000	12260159488
1790230005	12260159488
1790230010	12260163584
1790230015	12260163584
1790230020	12260163584
1790230025	12260163584
1790230030	12260163584
1790230035	12260163584
1790230040	12260163584
1790230045	12260163584
1790230050	12260163584
1790230055	12260163584
1790230060	12260163584
1790230065	12260163584
1790230070	12260163584
1790230075	12260163584
1790230080	12260163584
1790230085	12260163584
1790230090	12260163584
1790230095	12260163584
1790230100	12260163584
1790230105	12260163584
1790230110	12260163584
1790230115	12260163584
1790230120	12260163584
1790230125	12260163584
1790230130	12260163584
1790230135	12260163584
1790230140	12260163584
1790230145	12260163584
1790230150	12260163584
1790230155	12260163584
1790230160	12260163584
1790230165	12260163584
1790230170	12260163584
1790230175	12260163584
1790230180	12260167680
1790230185	12260167680
1790230190	12260167680
1790230195	12260167680
1790230200	12260167680
1790230205	12260167680
1790230210	12260167680
1790230215	12260167680
1790230220	12260167680
1790230225	12260167680
1790230230	12260167680
1790230235	12260167680
1790230240	12260167680
1790230245	12260167680
1790230250	12260167680
1790230255	12260167680
1790230260	12260167680
1790230265	12260167680
1790230270	12260167680
1790230275	12260167680
1790230280	12260167680
1790230285	12260167680
1790230290	12260167680
1790230295	12260167680
1790230300	12260167680
1790230305	12260167680
1790230310	12260167680
1790230315	12260167680
1790230320	12260167680
1790230325	12260167680
1790230330	12260167680
1790230335	12260167680
1790230340	12260167680
1790230345	12260171776
1790230350	12260171776
1790230355	12260171776
1790230360	12260171776
1790230365	12260171776
1790230370	12260171776
1790230375	12260171776
1790230380	12260171776
1790230385	12260171776
1790230390	12260171776
1790230395	12260171776
1790230400	12260171776
1790230405	12260171776
1790230410	12260171776
1790230415	12260171776
1790230420	12260171776
1790230425	12260171776
1790230430	12260171776
1790230435	12260171776
1790230440	12260171776
1790230445	12260171776
1790230450	12260171776
1790230455	12260171776
1790230460	12260171776
1790230465	13764075520
1790230470	13764075520
1790230475	13764075520
1790230480	13764075520
1790230485	13764075520
1790230490	13764075520
1790230495	13764075520
1790230500	13764079616
1790230506	13764079616
1790230511	13764079616
1790230516	13764079616
1790230521	13764079616
1790230526	13764079616
1790230531	13764079616
1790230536	13764079616
1790230541	13764079616
1790230546	13764079616
1790230551	13764079616
1790230556	13764079616
1790230561	13764079616
1790230566	13764079616
1790230571	13764079616
1790230576	13764079616
1790230581	13764079616
1790230586	13764079616
1790230591	13764079616
1790230596	13764079616
1790230601	13764079616
1790230606	13764079616
1790230611	13764079616
1790230616	13764079616
1790230621	13764079616
1790230626	13764079616
1790230631	13764079616
1790230636	13764079616
1790230641	13764079616
1790230646	13764079616
1790230651	13764079616
1790230656	13764079616
1790230661	13764079616
1790230666	13764079616
1790230671	13764079616
1790230676	13764079616
1790230681	13764079616
1790230686	13764079616
1790230691	13764079616
1790230696	13764079616
1790230701	13764079616
1790230706	13764079616
1790230711	13764079616
1790230716	13764079616
1790230721	13764079616
1790230726	13764079616
1790230731	13764079616
1790230736	13764079616
1790230741	13764079616
1790230746	13764079616
1790230751	13764079616
1790230756	13764079616
1790230761	13764079616
1790230766	13764079616
1790230771	13764079616
1790230776	13764079616
1790230781	13764079616
1790230786	13764079616
1790230791	13764079616
1790230796	13764079616
1790230801	13764079616
1790230806	13764079616
1790230811	13764079616
1790230816	13764079616
1790230821	13764079616
1790230826	13764079616
1790230831	13764079616
1790230836	13764079616
1790230841	13764079616
1790230846	13764079616
1790230851	13764079616
1790230856	13764079616
1790230861	13764079616
1790230866	13764079616
1790230871	13764079616
1790230876	13764079616
1790230881	13764079616
1790230886	13764079616
1790230891	13764079616
1790230896	13764079616
1790230901	13764079616
1790230906	13764079616
1790230911	13764079616
1790230916	13764079616
1790230921	13764079616
1790230926	13764079616
1790230931	13764079616
1790230936	13764079616
1790230941	13764079616
1790230946	13764079616
1790230951	13764079616
1790230956	13764079616
1790230961	13764079616
1790230966	13764079616
1790230971	13764079616
1790230976	13764079616
1790230981	13764079616
1790230986	13764079616
1790230991	13764079616
1790230996	13764079616
1790231001	13764079616
1790231006	13764079616
1790231011	13764079616
1790231016	13764079616
1790231021	13764079616
1790231026	13764079616
1790231031	13764079616
1790231036	13764079616
1790231041	13764079616
1790231046	13764079616
1790231051	13764079616
1790231056	13764079616
1790231061	13764079616
1790231066	13764079616
1790231072	13764079616
1790231077	13764079616
1790231082	13764079616
1790231087	13764079616
1790231092	13764079616
1790231097	13764079616
1790231102	13764079616
1790231107	13764079616
1790231112	13764079616
1790231117	13764079616
1790231122	13764079616
1790231127	13764079616
1790231132	13764079616
1790231137	13764079616
1790231142	13764079616
1790231147	13764079616
1790231152	13764079616
1790231157	13764079616
1790231162	13764079616
1790231167	13764079616
1790231172	13764079616
