arm,query_id,window_id,chrom,start,end,window_size,records_in_window,replicate,wall_seconds,status,agrees_with_reference,error
cyvcf2-scan,r01_region_record_count,w1000_00,2,53546,54545,1000,39,1,0.022187185939401388,OK,True,
cyvcf2-scan,r01_region_record_count,w1000_00,2,53546,54545,1000,39,2,0.021802400704473257,OK,True,
cyvcf2-scan,r01_region_record_count,w1000_00,2,53546,54545,1000,39,3,0.021960919722914696,OK,True,
cyvcf2-scan,r01_region_record_count,w1000_01,2,79858,80857,1000,39,1,0.021818913985043764,OK,True,
cyvcf2-scan,r01_region_record_count,w1000_01,2,79858,80857,1000,39,2,0.02235902938991785,OK,True,
cyvcf2-scan,r01_region_record_count,w1000_01,2,79858,80857,1000,39,3,0.022070129867643118,OK,True,
cyvcf2-scan,r01_region_record_count,w1000_02,1,90739,91738,1000,39,1,0.022131614852696657,OK,True,
cyvcf2-scan,r01_region_record_count,w1000_02,1,90739,91738,1000,39,2,0.021685749758034945,OK,True,
cyvcf2-scan,r01_region_record_count,w1000_02,1,90739,91738,1000,39,3,0.0220826487056911,OK,True,
cyvcf2-scan,r01_region_record_count,w100000_00,2,120002,220001,100000,417,1,0.022198647260665894,OK,True,
cyvcf2-scan,r01_region_record_count,w100000_00,2,120002,220001,100000,417,2,0.021787303034216166,OK,True,
cyvcf2-scan,r01_region_record_count,w100000_00,2,120002,220001,100000,417,3,0.021683589089661837,OK,True,
cyvcf2-scan,r01_region_record_count,w100000_01,1,88763,188762,100000,1618,1,0.02197282062843442,OK,True,
cyvcf2-scan,r01_region_record_count,w100000_01,1,88763,188762,100000,1618,2,0.02199707506224513,OK,True,
cyvcf2-scan,r01_region_record_count,w100000_01,1,88763,188762,100000,1618,3,0.021942068822681904,OK,True,
cyvcf2-scan,r01_region_record_count,w100000_02,1,52857,152856,100000,2999,1,0.02236722270026803,OK,True,
cyvcf2-scan,r01_region_record_count,w100000_02,1,52857,152856,100000,2999,2,0.02236362500116229,OK,True,
cyvcf2-scan,r01_region_record_count,w100000_02,1,52857,152856,100000,2999,3,0.02296648593619466,OK,True,
cyvcf2-scan,r01_region_record_count,w1000000_00,2,77700,1077699,1000000,2044,1,0.021995922084897757,OK,True,
cyvcf2-scan,r01_region_record_count,w1000000_00,2,77700,1077699,1000000,2044,2,0.02238816488534212,OK,True,
cyvcf2-scan,r01_region_record_count,w1000000_00,2,77700,1077699,1000000,2044,3,0.02219738531857729,OK,True,
cyvcf2-scan,r01_region_record_count,w1000000_01,2,14260,1014259,1000000,4484,1,0.022592249792069197,OK,True,
cyvcf2-scan,r01_region_record_count,w1000000_01,2,14260,1014259,1000000,4484,2,0.02243563812226057,OK,True,
cyvcf2-scan,r01_region_record_count,w1000000_01,2,14260,1014259,1000000,4484,3,0.022852221969515085,OK,True,
cyvcf2-scan,r01_region_record_count,w1000000_02,2,39428,1039427,1000000,3516,1,0.022119645960628986,OK,True,
cyvcf2-scan,r01_region_record_count,w1000000_02,2,39428,1039427,1000000,3516,2,0.023165654856711626,OK,True,
cyvcf2-scan,r01_region_record_count,w1000000_02,2,39428,1039427,1000000,3516,3,0.022853321861475706,OK,True,
cyvcf2-scan,r01_region_record_count,w10000000_00,1,105481,10105480,10000000,975,1,0.02198926405981183,OK,True,
cyvcf2-scan,r01_region_record_count,w10000000_00,1,105481,10105480,10000000,975,2,0.021946502849459648,OK,True,
cyvcf2-scan,r01_region_record_count,w10000000_00,1,105481,10105480,10000000,975,3,0.02198832994326949,OK,True,
cyvcf2-scan,r01_region_record_count,w10000000_01,1,37257,10037256,10000000,3599,1,0.022503703366965055,OK,True,
cyvcf2-scan,r01_region_record_count,w10000000_01,1,37257,10037256,10000000,3599,2,0.023200342897325754,OK,True,
cyvcf2-scan,r01_region_record_count,w10000000_01,1,37257,10037256,10000000,3599,3,0.02345210174098611,OK,True,
cyvcf2-scan,r01_region_record_count,w10000000_02,2,92130,10092129,10000000,1489,1,0.022561020217835903,OK,True,
cyvcf2-scan,r01_region_record_count,w10000000_02,2,92130,10092129,10000000,1489,2,0.022753532975912094,OK,True,
cyvcf2-scan,r01_region_record_count,w10000000_02,2,92130,10092129,10000000,1489,3,0.022506871726363897,OK,True,
cyvcf2-scan,r02_region_variant_shape_counts,w1000_00,2,53546,54545,1000,39,1,0.02230540430173278,OK,True,
cyvcf2-scan,r02_region_variant_shape_counts,w1000_00,2,53546,54545,1000,39,2,0.022048986982554197,OK,True,
cyvcf2-scan,r02_region_variant_shape_counts,w1000_00,2,53546,54545,1000,39,3,0.021813778672367334,OK,True,
cyvcf2-scan,r02_region_variant_shape_counts,w1000_01,2,79858,80857,1000,39,1,0.021930311806499958,OK,True,
cyvcf2-scan,r02_region_variant_shape_counts,w1000_01,2,79858,80857,1000,39,2,0.02268253220245242,OK,True,
cyvcf2-scan,r02_region_variant_shape_counts,w1000_01,2,79858,80857,1000,39,3,0.021992376074194908,OK,True,
cyvcf2-scan,r02_region_variant_shape_counts,w1000_02,1,90739,91738,1000,39,1,0.022315112873911858,OK,True,
cyvcf2-scan,r02_region_variant_shape_counts,w1000_02,1,90739,91738,1000,39,2,0.021850761026144028,OK,True,
cyvcf2-scan,r02_region_variant_shape_counts,w1000_02,1,90739,91738,1000,39,3,0.0218115272000432,OK,True,
cyvcf2-scan,r02_region_variant_shape_counts,w100000_00,2,120002,220001,100000,417,1,0.0226845545694232,OK,True,
cyvcf2-scan,r02_region_variant_shape_counts,w100000_00,2,120002,220001,100000,417,2,0.0228826398961246,OK,True,
cyvcf2-scan,r02_region_variant_shape_counts,w100000_00,2,120002,220001,100000,417,3,0.022851847112178802,OK,True,
cyvcf2-scan,r02_region_variant_shape_counts,w100000_01,1,88763,188762,100000,1618,1,0.02637847699224949,OK,True,
cyvcf2-scan,r02_region_variant_shape_counts,w100000_01,1,88763,188762,100000,1618,2,0.02597797568887472,OK,True,
cyvcf2-scan,r02_region_variant_shape_counts,w100000_01,1,88763,188762,100000,1618,3,0.025950406678020954,OK,True,
cyvcf2-scan,r02_region_variant_shape_counts,w100000_02,1,52857,152856,100000,2999,1,0.029084484092891216,OK,True,
cyvcf2-scan,r02_region_variant_shape_counts,w100000_02,1,52857,152856,100000,2999,2,0.02959020808339119,OK,True,
cyvcf2-scan,r02_region_variant_shape_counts,w100000_02,1,52857,152856,100000,2999,3,0.029821142088621855,OK,True,
cyvcf2-scan,r02_region_variant_shape_counts,w1000000_00,2,77700,1077699,1000000,2044,1,0.027093259152024984,OK,True,
cyvcf2-scan,r02_region_variant_shape_counts,w1000000_00,2,77700,1077699,1000000,2044,2,0.027749751694500446,OK,True,
cyvcf2-scan,r02_region_variant_shape_counts,w1000000_00,2,77700,1077699,1000000,2044,3,0.02704048017039895,OK,True,
cyvcf2-scan,r02_region_variant_shape_counts,w1000000_01,2,14260,1014259,1000000,4484,1,0.033500530291348696,OK,True,
cyvcf2-scan,r02_region_variant_shape_counts,w1000000_01,2,14260,1014259,1000000,4484,2,0.03393817273899913,OK,True,
cyvcf2-scan,r02_region_variant_shape_counts,w1000000_01,2,14260,1014259,1000000,4484,3,0.03325463877990842,OK,True,
cyvcf2-scan,r02_region_variant_shape_counts,w1000000_02,2,39428,1039427,1000000,3516,1,0.030666972044855356,OK,True,
cyvcf2-scan,r02_region_variant_shape_counts,w1000000_02,2,39428,1039427,1000000,3516,2,0.03064525406807661,OK,True,
cyvcf2-scan,r02_region_variant_shape_counts,w1000000_02,2,39428,1039427,1000000,3516,3,0.031248126178979874,OK,True,
cyvcf2-scan,r02_region_variant_shape_counts,w10000000_00,1,105481,10105480,10000000,975,1,0.024704384617507458,OK,True,
cyvcf2-scan,r02_region_variant_shape_counts,w10000000_00,1,105481,10105480,10000000,975,2,0.02416221797466278,OK,True,
cyvcf2-scan,r02_region_variant_shape_counts,w10000000_00,1,105481,10105480,10000000,975,3,0.024071119725704193,OK,True,
cyvcf2-scan,r02_region_variant_shape_counts,w10000000_01,1,37257,10037256,10000000,3599,1,0.03081140900030732,OK,True,
cyvcf2-scan,r02_region_variant_shape_counts,w10000000_01,1,37257,10037256,10000000,3599,2,0.030970203690230846,OK,True,
cyvcf2-scan,r02_region_variant_shape_counts,w10000000_01,1,37257,10037256,10000000,3599,3,0.031794410198926926,OK,True,
cyvcf2-scan,r02_region_variant_shape_counts,w10000000_02,2,92130,10092129,10000000,1489,1,0.02555919485166669,OK,True,
cyvcf2-scan,r02_region_variant_shape_counts,w10000000_02,2,92130,10092129,10000000,1489,2,0.02654579095542431,OK,True,
cyvcf2-scan,r02_region_variant_shape_counts,w10000000_02,2,92130,10092129,10000000,1489,3,0.02617625379934907,OK,True,
cyvcf2-scan,r03_region_titv,w1000_00,2,53546,54545,1000,39,1,0.02216970780864358,OK,True,
cyvcf2-scan,r03_region_titv,w1000_00,2,53546,54545,1000,39,2,0.021945724729448557,OK,True,
cyvcf2-scan,r03_region_titv,w1000_00,2,53546,54545,1000,39,3,0.022572767920792103,OK,True,
cyvcf2-scan,r03_region_titv,w1000_01,2,79858,80857,1000,39,1,0.02349933423101902,OK,True,
cyvcf2-scan,r03_region_titv,w1000_01,2,79858,80857,1000,39,2,0.02350617991760373,OK,True,
cyvcf2-scan,r03_region_titv,w1000_01,2,79858,80857,1000,39,3,0.02295385440811515,OK,True,
cyvcf2-scan,r03_region_titv,w1000_02,1,90739,91738,1000,39,1,0.02206468489021063,OK,True,
cyvcf2-scan,r03_region_titv,w1000_02,1,90739,91738,1000,39,2,0.02178250765427947,OK,True,
cyvcf2-scan,r03_region_titv,w1000_02,1,90739,91738,1000,39,3,0.021514843218028545,OK,True,
cyvcf2-scan,r03_region_titv,w100000_00,2,120002,220001,100000,417,1,0.021617642603814602,OK,True,
cyvcf2-scan,r03_region_titv,w100000_00,2,120002,220001,100000,417,2,0.0223088632337749,OK,True,
cyvcf2-scan,r03_region_titv,w100000_00,2,120002,220001,100000,417,3,0.02243791986256838,OK,True,
cyvcf2-scan,r03_region_titv,w100000_01,1,88763,188762,100000,1618,1,0.024209178052842617,OK,True,
cyvcf2-scan,r03_region_titv,w100000_01,1,88763,188762,100000,1618,2,0.024560460820794106,OK,True,
cyvcf2-scan,r03_region_titv,w100000_01,1,88763,188762,100000,1618,3,0.02382564591243863,OK,True,
cyvcf2-scan,r03_region_titv,w100000_02,1,52857,152856,100000,2999,1,0.02631971426308155,OK,True,
cyvcf2-scan,r03_region_titv,w100000_02,1,52857,152856,100000,2999,2,0.026626280043274164,OK,True,
cyvcf2-scan,r03_region_titv,w100000_02,1,52857,152856,100000,2999,3,0.026981601025909185,OK,True,
cyvcf2-scan,r03_region_titv,w1000000_00,2,77700,1077699,1000000,2044,1,0.025281407870352268,OK,True,
cyvcf2-scan,r03_region_titv,w1000000_00,2,77700,1077699,1000000,2044,2,0.024820826016366482,OK,True,
cyvcf2-scan,r03_region_titv,w1000000_00,2,77700,1077699,1000000,2044,3,0.024853978771716356,OK,True,
cyvcf2-scan,r03_region_titv,w1000000_01,2,14260,1014259,1000000,4484,1,0.028216610196977854,OK,True,
cyvcf2-scan,r03_region_titv,w1000000_01,2,14260,1014259,1000000,4484,2,0.027711386792361736,OK,True,
cyvcf2-scan,r03_region_titv,w1000000_01,2,14260,1014259,1000000,4484,3,0.027406086679548025,OK,True,
cyvcf2-scan,r03_region_titv,w1000000_02,2,39428,1039427,1000000,3516,1,0.026458099018782377,OK,True,
cyvcf2-scan,r03_region_titv,w1000000_02,2,39428,1039427,1000000,3516,2,0.026472062803804874,OK,True,
cyvcf2-scan,r03_region_titv,w1000000_02,2,39428,1039427,1000000,3516,3,0.02644732315093279,OK,True,
cyvcf2-scan,r03_region_titv,w10000000_00,1,105481,10105480,10000000,975,1,0.02274479018524289,OK,True,
cyvcf2-scan,r03_region_titv,w10000000_00,1,105481,10105480,10000000,975,2,0.022723864763975143,OK,True,
cyvcf2-scan,r03_region_titv,w10000000_00,1,105481,10105480,10000000,975,3,0.023078428115695715,OK,True,
cyvcf2-scan,r03_region_titv,w10000000_01,1,37257,10037256,10000000,3599,1,0.026729862671345472,OK,True,
cyvcf2-scan,r03_region_titv,w10000000_01,1,37257,10037256,10000000,3599,2,0.026433367282152176,OK,True,
cyvcf2-scan,r03_region_titv,w10000000_01,1,37257,10037256,10000000,3599,3,0.026645963080227375,OK,True,
cyvcf2-scan,r03_region_titv,w10000000_02,2,92130,10092129,10000000,1489,1,0.023371432907879353,OK,True,
cyvcf2-scan,r03_region_titv,w10000000_02,2,92130,10092129,10000000,1489,2,0.023331324104219675,OK,True,
cyvcf2-scan,r03_region_titv,w10000000_02,2,92130,10092129,10000000,1489,3,0.023503043688833714,OK,True,
cyvcf2-scan,r04_region_filter_distribution,w1000_00,2,53546,54545,1000,39,1,0.02198769897222519,OK,True,
cyvcf2-scan,r04_region_filter_distribution,w1000_00,2,53546,54545,1000,39,2,0.021862975787371397,OK,True,
cyvcf2-scan,r04_region_filter_distribution,w1000_00,2,53546,54545,1000,39,3,0.021920935716480017,OK,True,
cyvcf2-scan,r04_region_filter_distribution,w1000_01,2,79858,80857,1000,39,1,0.021613491233438253,OK,True,
cyvcf2-scan,r04_region_filter_distribution,w1000_01,2,79858,80857,1000,39,2,0.022123585920780897,OK,True,
cyvcf2-scan,r04_region_filter_distribution,w1000_01,2,79858,80857,1000,39,3,0.02183948503807187,OK,True,
cyvcf2-scan,r04_region_filter_distribution,w1000_02,1,90739,91738,1000,39,1,0.0216955142095685,OK,True,
cyvcf2-scan,r04_region_filter_distribution,w1000_02,1,90739,91738,1000,39,2,0.021786591038107872,OK,True,
cyvcf2-scan,r04_region_filter_distribution,w1000_02,1,90739,91738,1000,39,3,0.021594922989606857,OK,True,
cyvcf2-scan,r04_region_filter_distribution,w100000_00,2,120002,220001,100000,417,1,0.02233507903292775,OK,True,
cyvcf2-scan,r04_region_filter_distribution,w100000_00,2,120002,220001,100000,417,2,0.021958909928798676,OK,True,
cyvcf2-scan,r04_region_filter_distribution,w100000_00,2,120002,220001,100000,417,3,0.02185708610340953,OK,True,
cyvcf2-scan,r04_region_filter_distribution,w100000_01,1,88763,188762,100000,1618,1,0.02347539970651269,OK,True,
cyvcf2-scan,r04_region_filter_distribution,w100000_01,1,88763,188762,100000,1618,2,0.023398018907755613,OK,True,
cyvcf2-scan,r04_region_filter_distribution,w100000_01,1,88763,188762,100000,1618,3,0.02347648236900568,OK,True,
cyvcf2-scan,r04_region_filter_distribution,w100000_02,1,52857,152856,100000,2999,1,0.025273369159549475,OK,True,
cyvcf2-scan,r04_region_filter_distribution,w100000_02,1,52857,152856,100000,2999,2,0.0246425848454237,OK,True,
cyvcf2-scan,r04_region_filter_distribution,w100000_02,1,52857,152856,100000,2999,3,0.02523441705852747,OK,True,
cyvcf2-scan,r04_region_filter_distribution,w1000000_00,2,77700,1077699,1000000,2044,1,0.024345305748283863,OK,True,
cyvcf2-scan,r04_region_filter_distribution,w1000000_00,2,77700,1077699,1000000,2044,2,0.024377312045544386,OK,True,
cyvcf2-scan,r04_region_filter_distribution,w1000000_00,2,77700,1077699,1000000,2044,3,0.023907211143523455,OK,True,
cyvcf2-scan,r04_region_filter_distribution,w1000000_01,2,14260,1014259,1000000,4484,1,0.027467337902635336,OK,True,
cyvcf2-scan,r04_region_filter_distribution,w1000000_01,2,14260,1014259,1000000,4484,2,0.02737056091427803,OK,True,
cyvcf2-scan,r04_region_filter_distribution,w1000000_01,2,14260,1014259,1000000,4484,3,0.027636943850666285,OK,True,
cyvcf2-scan,r04_region_filter_distribution,w1000000_02,2,39428,1039427,1000000,3516,1,0.026060133241117,OK,True,
cyvcf2-scan,r04_region_filter_distribution,w1000000_02,2,39428,1039427,1000000,3516,2,0.02723250398412347,OK,True,
cyvcf2-scan,r04_region_filter_distribution,w1000000_02,2,39428,1039427,1000000,3516,3,0.026776498183608055,OK,True,
cyvcf2-scan,r04_region_filter_distribution,w10000000_00,1,105481,10105480,10000000,975,1,0.02297052973881364,OK,True,
cyvcf2-scan,r04_region_filter_distribution,w10000000_00,1,105481,10105480,10000000,975,2,0.023021938744932413,OK,True,
cyvcf2-scan,r04_region_filter_distribution,w10000000_00,1,105481,10105480,10000000,975,3,0.023077058140188456,OK,True,
cyvcf2-scan,r04_region_filter_distribution,w10000000_01,1,37257,10037256,10000000,3599,1,0.02597789280116558,OK,True,
cyvcf2-scan,r04_region_filter_distribution,w10000000_01,1,37257,10037256,10000000,3599,2,0.025991163682192564,OK,True,
cyvcf2-scan,r04_region_filter_distribution,w10000000_01,1,37257,10037256,10000000,3599,3,0.02621296001598239,OK,True,
cyvcf2-scan,r04_region_filter_distribution,w10000000_02,2,92130,10092129,10000000,1489,1,0.023537043016403913,OK,True,
cyvcf2-scan,r04_region_filter_distribution,w10000000_02,2,92130,10092129,10000000,1489,2,0.023721341975033283,OK,True,
cyvcf2-scan,r04_region_filter_distribution,w10000000_02,2,92130,10092129,10000000,1489,3,0.02408476173877716,OK,True,
cyvcf2-scan,r05_region_sample_genotype_counts,w1000_00,2,53546,54545,1000,39,1,0.021710535045713186,OK,True,
cyvcf2-scan,r05_region_sample_genotype_counts,w1000_00,2,53546,54545,1000,39,2,0.022183477878570557,OK,True,
cyvcf2-scan,r05_region_sample_genotype_counts,w1000_00,2,53546,54545,1000,39,3,0.022248844150453806,OK,True,
cyvcf2-scan,r05_region_sample_genotype_counts,w1000_01,2,79858,80857,1000,39,1,0.021864970680326223,OK,True,
cyvcf2-scan,r05_region_sample_genotype_counts,w1000_01,2,79858,80857,1000,39,2,0.02168439980596304,OK,True,
cyvcf2-scan,r05_region_sample_genotype_counts,w1000_01,2,79858,80857,1000,39,3,0.021475208923220634,OK,True,
cyvcf2-scan,r05_region_sample_genotype_counts,w1000_02,1,90739,91738,1000,39,1,0.021874504163861275,OK,True,
cyvcf2-scan,r05_region_sample_genotype_counts,w1000_02,1,90739,91738,1000,39,2,0.02206925069913268,OK,True,
cyvcf2-scan,r05_region_sample_genotype_counts,w1000_02,1,90739,91738,1000,39,3,0.02203873498365283,OK,True,
cyvcf2-scan,r05_region_sample_genotype_counts,w100000_00,2,120002,220001,100000,417,1,0.02363765984773636,OK,True,
cyvcf2-scan,r05_region_sample_genotype_counts,w100000_00,2,120002,220001,100000,417,2,0.023781705182045698,OK,True,
cyvcf2-scan,r05_region_sample_genotype_counts,w100000_00,2,120002,220001,100000,417,3,0.02383666904643178,OK,True,
cyvcf2-scan,r05_region_sample_genotype_counts,w100000_01,1,88763,188762,100000,1618,1,0.028747453819960356,OK,True,
cyvcf2-scan,r05_region_sample_genotype_counts,w100000_01,1,88763,188762,100000,1618,2,0.028299942146986723,OK,True,
cyvcf2-scan,r05_region_sample_genotype_counts,w100000_01,1,88763,188762,100000,1618,3,0.0284519218839705,OK,True,
cyvcf2-scan,r05_region_sample_genotype_counts,w100000_02,1,52857,152856,100000,2999,1,0.033876247238367796,OK,True,
cyvcf2-scan,r05_region_sample_genotype_counts,w100000_02,1,52857,152856,100000,2999,2,0.034887578804045916,OK,True,
cyvcf2-scan,r05_region_sample_genotype_counts,w100000_02,1,52857,152856,100000,2999,3,0.03522645216435194,OK,True,
cyvcf2-scan,r05_region_sample_genotype_counts,w1000000_00,2,77700,1077699,1000000,2044,1,0.03175892494618893,OK,True,
cyvcf2-scan,r05_region_sample_genotype_counts,w1000000_00,2,77700,1077699,1000000,2044,2,0.03104679472744465,OK,True,
cyvcf2-scan,r05_region_sample_genotype_counts,w1000000_00,2,77700,1077699,1000000,2044,3,0.03156497376039624,OK,True,
cyvcf2-scan,r05_region_sample_genotype_counts,w1000000_01,2,14260,1014259,1000000,4484,1,0.041217023972421885,OK,True,
cyvcf2-scan,r05_region_sample_genotype_counts,w1000000_01,2,14260,1014259,1000000,4484,2,0.04103547101840377,OK,True,
cyvcf2-scan,r05_region_sample_genotype_counts,w1000000_01,2,14260,1014259,1000000,4484,3,0.04138044035062194,OK,True,
cyvcf2-scan,r05_region_sample_genotype_counts,w1000000_02,2,39428,1039427,1000000,3516,1,0.03674797294661403,OK,True,
cyvcf2-scan,r05_region_sample_genotype_counts,w1000000_02,2,39428,1039427,1000000,3516,2,0.036831689067184925,OK,True,
cyvcf2-scan,r05_region_sample_genotype_counts,w1000000_02,2,39428,1039427,1000000,3516,3,0.036919760052114725,OK,True,
cyvcf2-scan,r05_region_sample_genotype_counts,w10000000_00,1,105481,10105480,10000000,975,1,0.026289439294487238,OK,True,
cyvcf2-scan,r05_region_sample_genotype_counts,w10000000_00,1,105481,10105480,10000000,975,2,0.02613963419571519,OK,True,
cyvcf2-scan,r05_region_sample_genotype_counts,w10000000_00,1,105481,10105480,10000000,975,3,0.02725884970277548,OK,True,
cyvcf2-scan,r05_region_sample_genotype_counts,w10000000_01,1,37257,10037256,10000000,3599,1,0.03719016024842858,OK,True,
cyvcf2-scan,r05_region_sample_genotype_counts,w10000000_01,1,37257,10037256,10000000,3599,2,0.03645211411640048,OK,True,
cyvcf2-scan,r05_region_sample_genotype_counts,w10000000_01,1,37257,10037256,10000000,3599,3,0.03719389997422695,OK,True,
cyvcf2-scan,r05_region_sample_genotype_counts,w10000000_02,2,92130,10092129,10000000,1489,1,0.02785458229482174,OK,True,
cyvcf2-scan,r05_region_sample_genotype_counts,w10000000_02,2,92130,10092129,10000000,1489,2,0.027912232093513012,OK,True,
cyvcf2-scan,r05_region_sample_genotype_counts,w10000000_02,2,92130,10092129,10000000,1489,3,0.030310145113617182,OK,True,
cyvcf2-indexed,r01_region_record_count,w1000_00,2,53546,54545,1000,39,1,0.0009202430956065655,OK,True,
cyvcf2-indexed,r01_region_record_count,w1000_00,2,53546,54545,1000,39,2,0.0005740639753639698,OK,True,
cyvcf2-indexed,r01_region_record_count,w1000_00,2,53546,54545,1000,39,3,0.0004926719702780247,OK,True,
cyvcf2-indexed,r01_region_record_count,w1000_01,2,79858,80857,1000,39,1,0.0005941959097981453,OK,True,
cyvcf2-indexed,r01_region_record_count,w1000_01,2,79858,80857,1000,39,2,0.0005555232055485249,OK,True,
cyvcf2-indexed,r01_region_record_count,w1000_01,2,79858,80857,1000,39,3,0.0005580191500484943,OK,True,
cyvcf2-indexed,r01_region_record_count,w1000_02,1,90739,91738,1000,39,1,0.0005375701002776623,OK,True,
cyvcf2-indexed,r01_region_record_count,w1000_02,1,90739,91738,1000,39,2,0.0005376962944865227,OK,True,
cyvcf2-indexed,r01_region_record_count,w1000_02,1,90739,91738,1000,39,3,0.0005499878898262978,OK,True,
cyvcf2-indexed,r01_region_record_count,w1000_03,2,44394,45393,1000,39,1,0.0005618380382657051,OK,True,
cyvcf2-indexed,r01_region_record_count,w1000_03,2,44394,45393,1000,39,2,0.0006030802614986897,OK,True,
cyvcf2-indexed,r01_region_record_count,w1000_03,2,44394,45393,1000,39,3,0.0005616438575088978,OK,True,
cyvcf2-indexed,r01_region_record_count,w1000_04,1,7981,8980,1000,39,1,0.0004945560358464718,OK,True,
cyvcf2-indexed,r01_region_record_count,w1000_04,1,7981,8980,1000,39,2,0.00047944625839591026,OK,True,
cyvcf2-indexed,r01_region_record_count,w1000_04,1,7981,8980,1000,39,3,0.0004741102457046509,OK,True,
cyvcf2-indexed,r01_region_record_count,w1000_05,1,110863,111862,1000,39,1,0.0005712322890758514,OK,True,
cyvcf2-indexed,r01_region_record_count,w1000_05,1,110863,111862,1000,39,2,0.000570323783904314,OK,True,
cyvcf2-indexed,r01_region_record_count,w1000_05,1,110863,111862,1000,39,3,0.0005679619498550892,OK,True,
cyvcf2-indexed,r01_region_record_count,w1000_06,1,104311,105310,1000,39,1,0.0004655681550502777,OK,True,
cyvcf2-indexed,r01_region_record_count,w1000_06,1,104311,105310,1000,39,2,0.0004773922264575958,OK,True,
cyvcf2-indexed,r01_region_record_count,w1000_06,1,104311,105310,1000,39,3,0.0004658792167901993,OK,True,
cyvcf2-indexed,r01_region_record_count,w1000_07,1,14091,15090,1000,39,1,0.0005413000471889973,OK,True,
cyvcf2-indexed,r01_region_record_count,w1000_07,1,14091,15090,1000,39,2,0.0005206759087741375,OK,True,
cyvcf2-indexed,r01_region_record_count,w1000_07,1,14091,15090,1000,39,3,0.0005482733249664307,OK,True,
cyvcf2-indexed,r01_region_record_count,w1000_08,2,48996,49995,1000,39,1,0.0005892110057175159,OK,True,
cyvcf2-indexed,r01_region_record_count,w1000_08,2,48996,49995,1000,39,2,0.0006045629270374775,OK,True,
cyvcf2-indexed,r01_region_record_count,w1000_08,2,48996,49995,1000,39,3,0.0005924017168581486,OK,True,
cyvcf2-indexed,r01_region_record_count,w1000_09,1,120145,121144,1000,39,1,0.00047948816791176796,OK,True,
cyvcf2-indexed,r01_region_record_count,w1000_09,1,120145,121144,1000,39,2,0.00046998122707009315,OK,True,
cyvcf2-indexed,r01_region_record_count,w1000_09,1,120145,121144,1000,39,3,0.00047660572454333305,OK,True,
cyvcf2-indexed,r01_region_record_count,w1000_10,2,73436,74435,1000,39,1,0.0004901583306491375,OK,True,
cyvcf2-indexed,r01_region_record_count,w1000_10,2,73436,74435,1000,39,2,0.0004984741099178791,OK,True,
cyvcf2-indexed,r01_region_record_count,w1000_10,2,73436,74435,1000,39,3,0.00048581045120954514,OK,True,
cyvcf2-indexed,r01_region_record_count,w1000_11,1,41547,42546,1000,39,1,0.0005377759225666523,OK,True,
cyvcf2-indexed,r01_region_record_count,w1000_11,1,41547,42546,1000,39,2,0.0004981313832104206,OK,True,
cyvcf2-indexed,r01_region_record_count,w1000_11,1,41547,42546,1000,39,3,0.0004849047400057316,OK,True,
cyvcf2-indexed,r01_region_record_count,w1000_12,2,112670,113669,1000,39,1,0.0005551381036639214,OK,True,
cyvcf2-indexed,r01_region_record_count,w1000_12,2,112670,113669,1000,39,2,0.0005359221249818802,OK,True,
cyvcf2-indexed,r01_region_record_count,w1000_12,2,112670,113669,1000,39,3,0.0005648420192301273,OK,True,
cyvcf2-indexed,r01_region_record_count,w1000_13,2,121328,122327,1000,39,1,0.0004915758036077023,OK,True,
cyvcf2-indexed,r01_region_record_count,w1000_13,2,121328,122327,1000,39,2,0.0005073491483926773,OK,True,
cyvcf2-indexed,r01_region_record_count,w1000_13,2,121328,122327,1000,39,3,0.00048484373837709427,OK,True,
cyvcf2-indexed,r01_region_record_count,w1000_14,2,128114,129113,1000,39,1,0.0005631879903376102,OK,True,
cyvcf2-indexed,r01_region_record_count,w1000_14,2,128114,129113,1000,39,2,0.0005532479844987392,OK,True,
cyvcf2-indexed,r01_region_record_count,w1000_14,2,128114,129113,1000,39,3,0.0007250714115798473,OK,True,
cyvcf2-indexed,r01_region_record_count,w1000_15,1,56237,57236,1000,39,1,0.0007781777530908585,OK,True,
cyvcf2-indexed,r01_region_record_count,w1000_15,1,56237,57236,1000,39,2,0.0006204908713698387,OK,True,
cyvcf2-indexed,r01_region_record_count,w1000_15,1,56237,57236,1000,39,3,0.0007109032012522221,OK,True,
cyvcf2-indexed,r01_region_record_count,w1000_16,1,65883,66882,1000,39,1,0.0005212500691413879,OK,True,
cyvcf2-indexed,r01_region_record_count,w1000_16,1,65883,66882,1000,39,2,0.00044643180444836617,OK,True,
cyvcf2-indexed,r01_region_record_count,w1000_16,1,65883,66882,1000,39,3,0.00048500020056962967,OK,True,
cyvcf2-indexed,r01_region_record_count,w1000_17,2,13298,14297,1000,39,1,0.0007273252122104168,OK,True,
cyvcf2-indexed,r01_region_record_count,w1000_17,2,13298,14297,1000,39,2,0.0006867186166346073,OK,True,
cyvcf2-indexed,r01_region_record_count,w1000_17,2,13298,14297,1000,39,3,0.0006690677255392075,OK,True,
cyvcf2-indexed,r01_region_record_count,w1000_18,2,32252,33251,1000,39,1,0.0006437348201870918,OK,True,
cyvcf2-indexed,r01_region_record_count,w1000_18,2,32252,33251,1000,39,2,0.0006227376870810986,OK,True,
cyvcf2-indexed,r01_region_record_count,w1000_18,2,32252,33251,1000,39,3,0.000609769020229578,OK,True,
cyvcf2-indexed,r01_region_record_count,w1000_19,1,96953,97952,1000,39,1,0.0006620781496167183,OK,True,
cyvcf2-indexed,r01_region_record_count,w1000_19,1,96953,97952,1000,39,2,0.0006026499904692173,OK,True,
cyvcf2-indexed,r01_region_record_count,w1000_19,1,96953,97952,1000,39,3,0.0006659189239144325,OK,True,
cyvcf2-indexed,r01_region_record_count,w100000_00,2,120002,220001,100000,417,1,0.0014623599126935005,OK,True,
cyvcf2-indexed,r01_region_record_count,w100000_00,2,120002,220001,100000,417,2,0.0014928849413990974,OK,True,
cyvcf2-indexed,r01_region_record_count,w100000_00,2,120002,220001,100000,417,3,0.0015516970306634903,OK,True,
cyvcf2-indexed,r01_region_record_count,w100000_01,1,88763,188762,100000,1618,1,0.004596694838255644,OK,True,
cyvcf2-indexed,r01_region_record_count,w100000_01,1,88763,188762,100000,1618,2,0.004557630978524685,OK,True,
cyvcf2-indexed,r01_region_record_count,w100000_01,1,88763,188762,100000,1618,3,0.004630451090633869,OK,True,
cyvcf2-indexed,r01_region_record_count,w100000_02,1,52857,152856,100000,2999,1,0.00849117524921894,OK,True,
cyvcf2-indexed,r01_region_record_count,w100000_02,1,52857,152856,100000,2999,2,0.008343580644577742,OK,True,
cyvcf2-indexed,r01_region_record_count,w100000_02,1,52857,152856,100000,2999,3,0.008386246860027313,OK,True,
cyvcf2-indexed,r01_region_record_count,w100000_03,2,52324,152323,100000,3020,1,0.008160994853824377,OK,True,
cyvcf2-indexed,r01_region_record_count,w100000_03,2,52324,152323,100000,3020,2,0.008363169152289629,OK,True,
cyvcf2-indexed,r01_region_record_count,w100000_03,2,52324,152323,100000,3020,3,0.00875208294019103,OK,True,
cyvcf2-indexed,r01_region_record_count,w100000_04,2,34592,134591,100000,3702,1,0.01028995681554079,OK,True,
cyvcf2-indexed,r01_region_record_count,w100000_04,2,34592,134591,100000,3702,2,0.009830181021243334,OK,True,
cyvcf2-indexed,r01_region_record_count,w100000_04,2,34592,134591,100000,3702,3,0.00977583508938551,OK,True,
cyvcf2-indexed,r01_region_record_count,w100000_05,1,53975,153974,100000,2956,1,0.007885922212153673,OK,True,
cyvcf2-indexed,r01_region_record_count,w100000_05,1,53975,153974,100000,2956,2,0.00799828115850687,OK,True,
cyvcf2-indexed,r01_region_record_count,w100000_05,1,53975,153974,100000,2956,3,0.008045515976846218,OK,True,
cyvcf2-indexed,r01_region_record_count,w100000_06,1,116323,216322,100000,558,1,0.0018260632641613483,OK,True,
cyvcf2-indexed,r01_region_record_count,w100000_06,1,116323,216322,100000,558,2,0.001827591098845005,OK,True,
cyvcf2-indexed,r01_region_record_count,w100000_06,1,116323,216322,100000,558,3,0.0017969999462366104,OK,True,
cyvcf2-indexed,r01_region_record_count,w100000_07,2,54378,154377,100000,2941,1,0.007859793957322836,OK,True,
cyvcf2-indexed,r01_region_record_count,w100000_07,2,54378,154377,100000,2941,2,0.00777681777253747,OK,True,
cyvcf2-indexed,r01_region_record_count,w100000_07,2,54378,154377,100000,2941,3,0.007911767810583115,OK,True,
cyvcf2-indexed,r01_region_record_count,w100000_08,2,7188,107187,100000,3847,1,0.010079630184918642,OK,True,
cyvcf2-indexed,r01_region_record_count,w100000_08,2,7188,107187,100000,3847,2,0.010308684315532446,OK,True,
cyvcf2-indexed,r01_region_record_count,w100000_08,2,7188,107187,100000,3847,3,0.010198956821113825,OK,True,
cyvcf2-indexed,r01_region_record_count,w100000_09,2,111448,211447,100000,746,1,0.0024383561685681343,OK,True,
cyvcf2-indexed,r01_region_record_count,w100000_09,2,111448,211447,100000,746,2,0.0023193899542093277,OK,True,
cyvcf2-indexed,r01_region_record_count,w100000_09,2,111448,211447,100000,746,3,0.0024471203796565533,OK,True,
cyvcf2-indexed,r01_region_record_count,w100000_10,2,122134,222133,100000,335,1,0.0013224990107119083,OK,True,
cyvcf2-indexed,r01_region_record_count,w100000_10,2,122134,222133,100000,335,2,0.0013003391213715076,OK,True,
cyvcf2-indexed,r01_region_record_count,w100000_10,2,122134,222133,100000,335,3,0.0012548319064080715,OK,True,
cyvcf2-indexed,r01_region_record_count,w100000_11,1,4159,104158,100000,3847,1,0.010104227811098099,OK,True,
cyvcf2-indexed,r01_region_record_count,w100000_11,1,4159,104158,100000,3847,2,0.009850963950157166,OK,True,
cyvcf2-indexed,r01_region_record_count,w100000_11,1,4159,104158,100000,3847,3,0.01099518220871687,OK,True,
cyvcf2-indexed,r01_region_record_count,w100000_12,2,13740,113739,100000,3847,1,0.010261090938001871,OK,True,
cyvcf2-indexed,r01_region_record_count,w100000_12,2,13740,113739,100000,3847,2,0.010273138992488384,OK,True,
cyvcf2-indexed,r01_region_record_count,w100000_12,2,13740,113739,100000,3847,3,0.009944483172148466,OK,True,
cyvcf2-indexed,r01_region_record_count,w100000_13,2,91324,191323,100000,1520,1,0.004282468929886818,OK,True,
cyvcf2-indexed,r01_region_record_count,w100000_13,2,91324,191323,100000,1520,2,0.004323638044297695,OK,True,
cyvcf2-indexed,r01_region_record_count,w100000_13,2,91324,191323,100000,1520,3,0.0043630520813167095,OK,True,
cyvcf2-indexed,r01_region_record_count,w100000_14,2,21254,121253,100000,3847,1,0.010085838846862316,OK,True,
cyvcf2-indexed,r01_region_record_count,w100000_14,2,21254,121253,100000,3847,2,0.010295434854924679,OK,True,
cyvcf2-indexed,r01_region_record_count,w100000_14,2,21254,121253,100000,3847,3,0.010612260084599257,OK,True,
cyvcf2-indexed,r01_region_record_count,w100000_15,1,111279,211278,100000,752,1,0.0025896159932017326,OK,True,
cyvcf2-indexed,r01_region_record_count,w100000_15,1,111279,211278,100000,752,2,0.0024312171153724194,OK,True,
cyvcf2-indexed,r01_region_record_count,w100000_15,1,111279,211278,100000,752,3,0.0024042436853051186,OK,True,
cyvcf2-indexed,r01_region_record_count,w100000_16,1,113957,213956,100000,649,1,0.002143378835171461,OK,True,
cyvcf2-indexed,r01_region_record_count,w100000_16,1,113957,213956,100000,649,2,0.002165473997592926,OK,True,
cyvcf2-indexed,r01_region_record_count,w100000_16,1,113957,213956,100000,649,3,0.0021340567618608475,OK,True,
cyvcf2-indexed,r01_region_record_count,w100000_17,1,26389,126388,100000,3847,1,0.010139378253370523,OK,True,
cyvcf2-indexed,r01_region_record_count,w100000_17,1,26389,126388,100000,3847,2,0.010109676979482174,OK,True,
cyvcf2-indexed,r01_region_record_count,w100000_17,1,26389,126388,100000,3847,3,0.010028867982327938,OK,True,
cyvcf2-indexed,r01_region_record_count,w100000_18,2,62074,162073,100000,2645,1,0.007180968765169382,OK,True,
cyvcf2-indexed,r01_region_record_count,w100000_18,2,62074,162073,100000,2645,2,0.009189723059535027,OK,True,
cyvcf2-indexed,r01_region_record_count,w100000_18,2,62074,162073,100000,2645,3,0.008366732858121395,OK,True,
cyvcf2-indexed,r01_region_record_count,w100000_19,1,99683,199682,100000,1198,1,0.003596872091293335,OK,True,
cyvcf2-indexed,r01_region_record_count,w100000_19,1,99683,199682,100000,1198,2,0.003795769065618515,OK,True,
cyvcf2-indexed,r01_region_record_count,w100000_19,1,99683,199682,100000,1198,3,0.0037255226634442806,OK,True,
cyvcf2-indexed,r01_region_record_count,w1000000_00,2,77700,1077699,1000000,2044,1,0.00597764877602458,OK,True,
cyvcf2-indexed,r01_region_record_count,w1000000_00,2,77700,1077699,1000000,2044,2,0.005871690344065428,OK,True,
cyvcf2-indexed,r01_region_record_count,w1000000_00,2,77700,1077699,1000000,2044,3,0.005804837215691805,OK,True,
cyvcf2-indexed,r01_region_record_count,w1000000_01,2,14260,1014259,1000000,4484,1,0.012260389048606157,OK,True,
cyvcf2-indexed,r01_region_record_count,w1000000_01,2,14260,1014259,1000000,4484,2,0.01230999967083335,OK,True,
cyvcf2-indexed,r01_region_record_count,w1000000_01,2,14260,1014259,1000000,4484,3,0.012297533918172121,OK,True,
cyvcf2-indexed,r01_region_record_count,w1000000_02,2,39428,1039427,1000000,3516,1,0.009968926664441824,OK,True,
cyvcf2-indexed,r01_region_record_count,w1000000_02,2,39428,1039427,1000000,3516,2,0.009947290644049644,OK,True,
cyvcf2-indexed,r01_region_record_count,w1000000_02,2,39428,1039427,1000000,3516,3,0.009635046124458313,OK,True,
cyvcf2-indexed,r01_region_record_count,w1000000_03,2,121614,1121613,1000000,355,1,0.0015340703539550304,OK,True,
cyvcf2-indexed,r01_region_record_count,w1000000_03,2,121614,1121613,1000000,355,2,0.0013514291495084763,OK,True,
cyvcf2-indexed,r01_region_record_count,w1000000_03,2,121614,1121613,1000000,355,3,0.0013095741160213947,OK,True,
cyvcf2-indexed,r01_region_record_count,w1000000_04,2,45980,1045979,1000000,3264,1,0.008892623241990805,OK,True,
cyvcf2-indexed,r01_region_record_count,w1000000_04,2,45980,1045979,1000000,3264,2,0.009173940867185593,OK,True,
cyvcf2-indexed,r01_region_record_count,w1000000_04,2,45980,1045979,1000000,3264,3,0.009088191669434309,OK,True,
cyvcf2-indexed,r01_region_record_count,w1000000_05,2,74320,1074319,1000000,2174,1,0.00618129875510931,OK,True,
cyvcf2-indexed,r01_region_record_count,w1000000_05,2,74320,1074319,1000000,2174,2,0.0059274230152368546,OK,True,
cyvcf2-indexed,r01_region_record_count,w1000000_05,2,74320,1074319,1000000,2174,3,0.006205959245562553,OK,True,
cyvcf2-indexed,r01_region_record_count,w1000000_06,1,75477,1075476,1000000,2129,1,0.00752632599323988,OK,True,
cyvcf2-indexed,r01_region_record_count,w1000000_06,1,75477,1075476,1000000,2129,2,0.005966690368950367,OK,True,
cyvcf2-indexed,r01_region_record_count,w1000000_06,1,75477,1075476,1000000,2129,3,0.006081489846110344,OK,True,
cyvcf2-indexed,r01_region_record_count,w1000000_07,1,15729,1015728,1000000,4427,1,0.012387277092784643,OK,True,
cyvcf2-indexed,r01_region_record_count,w1000000_07,1,15729,1015728,1000000,4427,2,0.012380137108266354,OK,True,
cyvcf2-indexed,r01_region_record_count,w1000000_07,1,15729,1015728,1000000,4427,3,0.01254999078810215,OK,True,
cyvcf2-indexed,r01_region_record_count,w1000000_08,2,74268,1074267,1000000,2176,1,0.00613422691822052,OK,True,
cyvcf2-indexed,r01_region_record_count,w1000000_08,2,74268,1074267,1000000,2176,2,0.006239491049200296,OK,True,
cyvcf2-indexed,r01_region_record_count,w1000000_08,2,74268,1074267,1000000,2176,3,0.006082229781895876,OK,True,
cyvcf2-indexed,r01_region_record_count,w1000000_09,1,33643,1033642,1000000,3738,1,0.010482365731149912,OK,True,
cyvcf2-indexed,r01_region_record_count,w1000000_09,1,33643,1033642,1000000,3738,2,0.010319903958588839,OK,True,
cyvcf2-indexed,r01_region_record_count,w1000000_09,1,33643,1033642,1000000,3738,3,0.009834412951022387,OK,True,
cyvcf2-indexed,r01_region_record_count,w1000000_10,1,92507,1092506,1000000,1474,1,0.004324070643633604,OK,True,
cyvcf2-indexed,r01_region_record_count,w1000000_10,1,92507,1092506,1000000,1474,2,0.0043960330076515675,OK,True,
cyvcf2-indexed,r01_region_record_count,w1000000_10,1,92507,1092506,1000000,1474,3,0.00431072199717164,OK,True,
cyvcf2-indexed,r01_region_record_count,w1000000_11,1,121211,1121210,1000000,370,1,0.0013860752806067467,OK,True,
cyvcf2-indexed,r01_region_record_count,w1000000_11,1,121211,1121210,1000000,370,2,0.0014090347103774548,OK,True,
cyvcf2-indexed,r01_region_record_count,w1000000_11,1,121211,1121210,1000000,370,3,0.0014542960561811924,OK,True,
cyvcf2-indexed,r01_region_record_count,w1000000_12,1,77765,1077764,1000000,2041,1,0.005696855019778013,OK,True,
cyvcf2-indexed,r01_region_record_count,w1000000_12,1,77765,1077764,1000000,2041,2,0.005866267252713442,OK,True,
cyvcf2-indexed,r01_region_record_count,w1000000_12,1,77765,1077764,1000000,2041,3,0.005734945181757212,OK,True,
cyvcf2-indexed,r01_region_record_count,w1000000_13,2,118494,1118493,1000000,475,1,0.00185851426795125,OK,True,
cyvcf2-indexed,r01_region_record_count,w1000000_13,2,118494,1118493,1000000,475,2,0.002255894709378481,OK,True,
cyvcf2-indexed,r01_region_record_count,w1000000_13,2,118494,1118493,1000000,475,3,0.0023178253322839737,OK,True,
cyvcf2-indexed,r01_region_record_count,w1000000_14,1,92143,1092142,1000000,1488,1,0.005629329010844231,OK,True,
cyvcf2-indexed,r01_region_record_count,w1000000_14,1,92143,1092142,1000000,1488,2,0.00453102495521307,OK,True,
cyvcf2-indexed,r01_region_record_count,w1000000_14,1,92143,1092142,1000000,1488,3,0.004265958908945322,OK,True,
cyvcf2-indexed,r01_region_record_count,w1000000_15,1,125423,1125422,1000000,208,1,0.0010377760045230389,OK,True,
cyvcf2-indexed,r01_region_record_count,w1000000_15,1,125423,1125422,1000000,208,2,0.0009923111647367477,OK,True,
cyvcf2-indexed,r01_region_record_count,w1000000_15,1,125423,1125422,1000000,208,3,0.0009837159886956215,OK,True,
cyvcf2-indexed,r01_region_record_count,w1000000_16,2,99852,1099851,1000000,1192,1,0.0036385050043463707,OK,True,
cyvcf2-indexed,r01_region_record_count,w1000000_16,2,99852,1099851,1000000,1192,2,0.003392827231436968,OK,True,
cyvcf2-indexed,r01_region_record_count,w1000000_16,2,99852,1099851,1000000,1192,3,0.003293389920145273,OK,True,
cyvcf2-indexed,r01_region_record_count,w1000000_17,2,49334,1049333,1000000,3135,1,0.008779417257755995,OK,True,
cyvcf2-indexed,r01_region_record_count,w1000000_17,2,49334,1049333,1000000,3135,2,0.009133926127105951,OK,True,
cyvcf2-indexed,r01_region_record_count,w1000000_17,2,49334,1049333,1000000,3135,3,0.008534697815775871,OK,True,
cyvcf2-indexed,r01_region_record_count,w1000000_18,1,74801,1074800,1000000,2155,1,0.006015897262841463,OK,True,
cyvcf2-indexed,r01_region_record_count,w1000000_18,1,74801,1074800,1000000,2155,2,0.0060031237080693245,OK,True,
cyvcf2-indexed,r01_region_record_count,w1000000_18,1,74801,1074800,1000000,2155,3,0.005896379239857197,OK,True,
cyvcf2-indexed,r01_region_record_count,w1000000_19,1,121003,1121002,1000000,378,1,0.0013610515743494034,OK,True,
cyvcf2-indexed,r01_region_record_count,w1000000_19,1,121003,1121002,1000000,378,2,0.0013518910855054855,OK,True,
cyvcf2-indexed,r01_region_record_count,w1000000_19,1,121003,1121002,1000000,378,3,0.001310958992689848,OK,True,
cyvcf2-indexed,r01_region_record_count,w10000000_00,1,105481,10105480,10000000,975,1,0.0029691248200833797,OK,True,
cyvcf2-indexed,r01_region_record_count,w10000000_00,1,105481,10105480,10000000,975,2,0.003093406092375517,OK,True,
cyvcf2-indexed,r01_region_record_count,w10000000_00,1,105481,10105480,10000000,975,3,0.0029859812930226326,OK,True,
cyvcf2-indexed,r01_region_record_count,w10000000_01,1,37257,10037256,10000000,3599,1,0.010074110236018896,OK,True,
cyvcf2-indexed,r01_region_record_count,w10000000_01,1,37257,10037256,10000000,3599,2,0.009851300157606602,OK,True,
cyvcf2-indexed,r01_region_record_count,w10000000_01,1,37257,10037256,10000000,3599,3,0.010457220952957869,OK,True,
cyvcf2-indexed,r01_region_record_count,w10000000_02,2,92130,10092129,10000000,1489,1,0.004517323337495327,OK,True,
cyvcf2-indexed,r01_region_record_count,w10000000_02,2,92130,10092129,10000000,1489,2,0.00474952207878232,OK,True,
cyvcf2-indexed,r01_region_record_count,w10000000_02,2,92130,10092129,10000000,1489,3,0.004619912710040808,OK,True,
cyvcf2-indexed,r01_region_record_count,w10000000_03,1,25557,10025556,10000000,4049,1,0.011478301603347063,OK,True,
cyvcf2-indexed,r01_region_record_count,w10000000_03,1,25557,10025556,10000000,4049,2,0.011103237979114056,OK,True,
cyvcf2-indexed,r01_region_record_count,w10000000_03,1,25557,10025556,10000000,4049,3,0.010733207687735558,OK,True,
cyvcf2-indexed,r01_region_record_count,w10000000_04,2,46604,10046603,10000000,3240,1,0.008851718157529831,OK,True,
cyvcf2-indexed,r01_region_record_count,w10000000_04,2,46604,10046603,10000000,3240,2,0.008643480949103832,OK,True,
cyvcf2-indexed,r01_region_record_count,w10000000_04,2,46604,10046603,10000000,3240,3,0.008964966051280499,OK,True,
cyvcf2-indexed,r01_region_record_count,w10000000_05,1,49477,10049476,10000000,3129,1,0.008562044706195593,OK,True,
cyvcf2-indexed,r01_region_record_count,w10000000_05,1,49477,10049476,10000000,3129,2,0.008531583938747644,OK,True,
cyvcf2-indexed,r01_region_record_count,w10000000_05,1,49477,10049476,10000000,3129,3,0.008334237150847912,OK,True,
cyvcf2-indexed,r01_region_record_count,w10000000_06,1,6499,10006498,10000000,4782,1,0.012608916033059359,OK,True,
cyvcf2-indexed,r01_region_record_count,w10000000_06,1,6499,10006498,10000000,4782,2,0.012601044028997421,OK,True,
cyvcf2-indexed,r01_region_record_count,w10000000_06,1,6499,10006498,10000000,4782,3,0.012587978970259428,OK,True,
cyvcf2-indexed,r01_region_record_count,w10000000_07,2,47280,10047279,10000000,3214,1,0.008862836752086878,OK,True,
cyvcf2-indexed,r01_region_record_count,w10000000_07,2,47280,10047279,10000000,3214,2,0.00886520417407155,OK,True,
cyvcf2-indexed,r01_region_record_count,w10000000_07,2,47280,10047279,10000000,3214,3,0.008904286660254002,OK,True,
cyvcf2-indexed,r01_region_record_count,w10000000_08,2,88724,10088723,10000000,1620,1,0.004689119756221771,OK,True,
cyvcf2-indexed,r01_region_record_count,w10000000_08,2,88724,10088723,10000000,1620,2,0.004931595176458359,OK,True,
cyvcf2-indexed,r01_region_record_count,w10000000_08,2,88724,10088723,10000000,1620,3,0.004818776156753302,OK,True,
cyvcf2-indexed,r01_region_record_count,w10000000_09,2,69692,10069691,10000000,2352,1,0.006380635313689709,OK,True,
cyvcf2-indexed,r01_region_record_count,w10000000_09,2,69692,10069691,10000000,2352,2,0.00649076234549284,OK,True,
cyvcf2-indexed,r01_region_record_count,w10000000_09,2,69692,10069691,10000000,2352,3,0.0066079031676054,OK,True,
cyvcf2-indexed,r01_region_record_count,w10000000_10,1,51271,10051270,10000000,3060,1,0.00841100886464119,OK,True,
cyvcf2-indexed,r01_region_record_count,w10000000_10,1,51271,10051270,10000000,3060,2,0.00901687704026699,OK,True,
cyvcf2-indexed,r01_region_record_count,w10000000_10,1,51271,10051270,10000000,3060,3,0.008536907844245434,OK,True,
cyvcf2-indexed,r01_region_record_count,w10000000_11,1,116349,10116348,10000000,557,1,0.0019744359888136387,OK,True,
cyvcf2-indexed,r01_region_record_count,w10000000_11,1,116349,10116348,10000000,557,2,0.0019128769636154175,OK,True,
cyvcf2-indexed,r01_region_record_count,w10000000_11,1,116349,10116348,10000000,557,3,0.0018229968845844269,OK,True,
cyvcf2-indexed,r01_region_record_count,w10000000_12,1,121471,10121470,10000000,360,1,0.0013456451706588268,OK,True,
cyvcf2-indexed,r01_region_record_count,w10000000_12,1,121471,10121470,10000000,360,2,0.0012953570112586021,OK,True,
cyvcf2-indexed,r01_region_record_count,w10000000_12,1,121471,10121470,10000000,360,3,0.0012927716597914696,OK,True,
cyvcf2-indexed,r01_region_record_count,w10000000_13,2,115582,10115581,10000000,587,1,0.0018907133489847183,OK,True,
cyvcf2-indexed,r01_region_record_count,w10000000_13,2,115582,10115581,10000000,587,2,0.0019308659248054028,OK,True,
cyvcf2-indexed,r01_region_record_count,w10000000_13,2,115582,10115581,10000000,587,3,0.0019143661484122276,OK,True,
cyvcf2-indexed,r01_region_record_count,w10000000_14,2,74138,10074137,10000000,2181,1,0.006088269874453545,OK,True,
cyvcf2-indexed,r01_region_record_count,w10000000_14,2,74138,10074137,10000000,2181,2,0.006181333214044571,OK,True,
cyvcf2-indexed,r01_region_record_count,w10000000_14,2,74138,10074137,10000000,2181,3,0.006022827234119177,OK,True,
cyvcf2-indexed,r01_region_record_count,w10000000_15,1,50231,10050230,10000000,3100,1,0.008235727902501822,OK,True,
cyvcf2-indexed,r01_region_record_count,w10000000_15,1,50231,10050230,10000000,3100,2,0.008181543089449406,OK,True,
cyvcf2-indexed,r01_region_record_count,w10000000_15,1,50231,10050230,10000000,3100,3,0.008297690190374851,OK,True,
cyvcf2-indexed,r01_region_record_count,w10000000_16,1,20669,10020668,10000000,4237,1,0.011454811785370111,OK,True,
cyvcf2-indexed,r01_region_record_count,w10000000_16,1,20669,10020668,10000000,4237,2,0.011685239151120186,OK,True,
cyvcf2-indexed,r01_region_record_count,w10000000_16,1,20669,10020668,10000000,4237,3,0.011813913937658072,OK,True,
cyvcf2-indexed,r01_region_record_count,w10000000_17,1,66273,10066272,10000000,2483,1,0.007167167030274868,OK,True,
cyvcf2-indexed,r01_region_record_count,w10000000_17,1,66273,10066272,10000000,2483,2,0.007051047869026661,OK,True,
cyvcf2-indexed,r01_region_record_count,w10000000_17,1,66273,10066272,10000000,2483,3,0.0068960231728851795,OK,True,
cyvcf2-indexed,r01_region_record_count,w10000000_18,1,57745,10057744,10000000,2811,1,0.008108064997941256,OK,True,
cyvcf2-indexed,r01_region_record_count,w10000000_18,1,57745,10057744,10000000,2811,2,0.007717442698776722,OK,True,
cyvcf2-indexed,r01_region_record_count,w10000000_18,1,57745,10057744,10000000,2811,3,0.007562680169939995,OK,True,
cyvcf2-indexed,r01_region_record_count,w10000000_19,1,102907,10102906,10000000,1074,1,0.0032010646536946297,OK,True,
cyvcf2-indexed,r01_region_record_count,w10000000_19,1,102907,10102906,10000000,1074,2,0.003534773364663124,OK,True,
cyvcf2-indexed,r01_region_record_count,w10000000_19,1,102907,10102906,10000000,1074,3,0.003437623381614685,OK,True,
cyvcf2-indexed,r02_region_variant_shape_counts,w1000_00,2,53546,54545,1000,39,1,0.0006482750177383423,OK,True,
cyvcf2-indexed,r02_region_variant_shape_counts,w1000_00,2,53546,54545,1000,39,2,0.0006539216265082359,OK,True,
cyvcf2-indexed,r02_region_variant_shape_counts,w1000_00,2,53546,54545,1000,39,3,0.0006234333850443363,OK,True,
cyvcf2-indexed,r02_region_variant_shape_counts,w1000_01,2,79858,80857,1000,39,1,0.0006703194230794907,OK,True,
cyvcf2-indexed,r02_region_variant_shape_counts,w1000_01,2,79858,80857,1000,39,2,0.0006907121278345585,OK,True,
cyvcf2-indexed,r02_region_variant_shape_counts,w1000_01,2,79858,80857,1000,39,3,0.0006654579192399979,OK,True,
cyvcf2-indexed,r02_region_variant_shape_counts,w1000_02,1,90739,91738,1000,39,1,0.0006403392180800438,OK,True,
cyvcf2-indexed,r02_region_variant_shape_counts,w1000_02,1,90739,91738,1000,39,2,0.0006425287574529648,OK,True,
cyvcf2-indexed,r02_region_variant_shape_counts,w1000_02,1,90739,91738,1000,39,3,0.0006274757906794548,OK,True,
cyvcf2-indexed,r02_region_variant_shape_counts,w1000_03,2,44394,45393,1000,39,1,0.0006576161831617355,OK,True,
cyvcf2-indexed,r02_region_variant_shape_counts,w1000_03,2,44394,45393,1000,39,2,0.0006644618697464466,OK,True,
cyvcf2-indexed,r02_region_variant_shape_counts,w1000_03,2,44394,45393,1000,39,3,0.0006517446599900723,OK,True,
cyvcf2-indexed,r02_region_variant_shape_counts,w1000_04,1,7981,8980,1000,39,1,0.0005821180529892445,OK,True,
cyvcf2-indexed,r02_region_variant_shape_counts,w1000_04,1,7981,8980,1000,39,2,0.0005858223885297775,OK,True,
cyvcf2-indexed,r02_region_variant_shape_counts,w1000_04,1,7981,8980,1000,39,3,0.000563804991543293,OK,True,
cyvcf2-indexed,r02_region_variant_shape_counts,w1000_05,1,110863,111862,1000,39,1,0.0006788913160562515,OK,True,
cyvcf2-indexed,r02_region_variant_shape_counts,w1000_05,1,110863,111862,1000,39,2,0.0006819339469075203,OK,True,
cyvcf2-indexed,r02_region_variant_shape_counts,w1000_05,1,110863,111862,1000,39,3,0.0006516808643937111,OK,True,
cyvcf2-indexed,r02_region_variant_shape_counts,w1000_06,1,104311,105310,1000,39,1,0.0005879499949514866,OK,True,
cyvcf2-indexed,r02_region_variant_shape_counts,w1000_06,1,104311,105310,1000,39,2,0.0005717179737985134,OK,True,
cyvcf2-indexed,r02_region_variant_shape_counts,w1000_06,1,104311,105310,1000,39,3,0.0005675740540027618,OK,True,
cyvcf2-indexed,r02_region_variant_shape_counts,w1000_07,1,14091,15090,1000,39,1,0.0006945370696485043,OK,True,
cyvcf2-indexed,r02_region_variant_shape_counts,w1000_07,1,14091,15090,1000,39,2,0.0006352146156132221,OK,True,
cyvcf2-indexed,r02_region_variant_shape_counts,w1000_07,1,14091,15090,1000,39,3,0.0006234887987375259,OK,True,
cyvcf2-indexed,r02_region_variant_shape_counts,w1000_08,2,48996,49995,1000,39,1,0.0007344512268900871,OK,True,
cyvcf2-indexed,r02_region_variant_shape_counts,w1000_08,2,48996,49995,1000,39,2,0.0007337499409914017,OK,True,
cyvcf2-indexed,r02_region_variant_shape_counts,w1000_08,2,48996,49995,1000,39,3,0.000686482060700655,OK,True,
cyvcf2-indexed,r02_region_variant_shape_counts,w1000_09,1,120145,121144,1000,39,1,0.0006215870380401611,OK,True,
cyvcf2-indexed,r02_region_variant_shape_counts,w1000_09,1,120145,121144,1000,39,2,0.0007671676576137543,OK,True,
cyvcf2-indexed,r02_region_variant_shape_counts,w1000_09,1,120145,121144,1000,39,3,0.0007178187370300293,OK,True,
cyvcf2-indexed,r02_region_variant_shape_counts,w1000_10,2,73436,74435,1000,39,1,0.0006833323277533054,OK,True,
cyvcf2-indexed,r02_region_variant_shape_counts,w1000_10,2,73436,74435,1000,39,2,0.0006368998438119888,OK,True,
cyvcf2-indexed,r02_region_variant_shape_counts,w1000_10,2,73436,74435,1000,39,3,0.0005961633287370205,OK,True,
cyvcf2-indexed,r02_region_variant_shape_counts,w1000_11,1,41547,42546,1000,39,1,0.0006821812130510807,OK,True,
cyvcf2-indexed,r02_region_variant_shape_counts,w1000_11,1,41547,42546,1000,39,2,0.0006266292184591293,OK,True,
cyvcf2-indexed,r02_region_variant_shape_counts,w1000_11,1,41547,42546,1000,39,3,0.0006014751270413399,OK,True,
cyvcf2-indexed,r02_region_variant_shape_counts,w1000_12,2,112670,113669,1000,39,1,0.0006619598716497421,OK,True,
cyvcf2-indexed,r02_region_variant_shape_counts,w1000_12,2,112670,113669,1000,39,2,0.0006791842170059681,OK,True,
cyvcf2-indexed,r02_region_variant_shape_counts,w1000_12,2,112670,113669,1000,39,3,0.0006532990373671055,OK,True,
cyvcf2-indexed,r02_region_variant_shape_counts,w1000_13,2,121328,122327,1000,39,1,0.0005968445912003517,OK,True,
cyvcf2-indexed,r02_region_variant_shape_counts,w1000_13,2,121328,122327,1000,39,2,0.000602393876761198,OK,True,
cyvcf2-indexed,r02_region_variant_shape_counts,w1000_13,2,121328,122327,1000,39,3,0.0005840770900249481,OK,True,
cyvcf2-indexed,r02_region_variant_shape_counts,w1000_14,2,128114,129113,1000,39,1,0.0006769010797142982,OK,True,
cyvcf2-indexed,r02_region_variant_shape_counts,w1000_14,2,128114,129113,1000,39,2,0.0006686593405902386,OK,True,
cyvcf2-indexed,r02_region_variant_shape_counts,w1000_14,2,128114,129113,1000,39,3,0.0006413743831217289,OK,True,
cyvcf2-indexed,r02_region_variant_shape_counts,w1000_15,1,56237,57236,1000,39,1,0.0006180773489177227,OK,True,
cyvcf2-indexed,r02_region_variant_shape_counts,w1000_15,1,56237,57236,1000,39,2,0.0006157518364489079,OK,True,
cyvcf2-indexed,r02_region_variant_shape_counts,w1000_15,1,56237,57236,1000,39,3,0.0007055811583995819,OK,True,
cyvcf2-indexed,r02_region_variant_shape_counts,w1000_16,1,65883,66882,1000,39,1,0.0005911272019147873,OK,True,
cyvcf2-indexed,r02_region_variant_shape_counts,w1000_16,1,65883,66882,1000,39,2,0.000535918865352869,OK,True,
cyvcf2-indexed,r02_region_variant_shape_counts,w1000_16,1,65883,66882,1000,39,3,0.0005242247134447098,OK,True,
cyvcf2-indexed,r02_region_variant_shape_counts,w1000_17,2,13298,14297,1000,39,1,0.0006995736621320248,OK,True,
cyvcf2-indexed,r02_region_variant_shape_counts,w1000_17,2,13298,14297,1000,39,2,0.0006552138365805149,OK,True,
cyvcf2-indexed,r02_region_variant_shape_counts,w1000_17,2,13298,14297,1000,39,3,0.0007093260064721107,OK,True,
cyvcf2-indexed,r02_region_variant_shape_counts,w1000_18,2,32252,33251,1000,39,1,0.0007487661205232143,OK,True,
cyvcf2-indexed,r02_region_variant_shape_counts,w1000_18,2,32252,33251,1000,39,2,0.0006849626079201698,OK,True,
cyvcf2-indexed,r02_region_variant_shape_counts,w1000_18,2,32252,33251,1000,39,3,0.0006522121839225292,OK,True,
cyvcf2-indexed,r02_region_variant_shape_counts,w1000_19,1,96953,97952,1000,39,1,0.0006930441595613956,OK,True,
cyvcf2-indexed,r02_region_variant_shape_counts,w1000_19,1,96953,97952,1000,39,2,0.000692188274115324,OK,True,
cyvcf2-indexed,r02_region_variant_shape_counts,w1000_19,1,96953,97952,1000,39,3,0.0006623286753892899,OK,True,
cyvcf2-indexed,r02_region_variant_shape_counts,w100000_00,2,120002,220001,100000,417,1,0.002435334026813507,OK,True,
cyvcf2-indexed,r02_region_variant_shape_counts,w100000_00,2,120002,220001,100000,417,2,0.0026045488193631172,OK,True,
cyvcf2-indexed,r02_region_variant_shape_counts,w100000_00,2,120002,220001,100000,417,3,0.0025337180122733116,OK,True,
cyvcf2-indexed,r02_region_variant_shape_counts,w100000_01,1,88763,188762,100000,1618,1,0.008400780614465475,OK,True,
cyvcf2-indexed,r02_region_variant_shape_counts,w100000_01,1,88763,188762,100000,1618,2,0.008318220730870962,OK,True,
cyvcf2-indexed,r02_region_variant_shape_counts,w100000_01,1,88763,188762,100000,1618,3,0.008754341397434473,OK,True,
cyvcf2-indexed,r02_region_variant_shape_counts,w100000_02,1,52857,152856,100000,2999,1,0.014720502309501171,OK,True,
cyvcf2-indexed,r02_region_variant_shape_counts,w100000_02,1,52857,152856,100000,2999,2,0.014861008152365685,OK,True,
cyvcf2-indexed,r02_region_variant_shape_counts,w100000_02,1,52857,152856,100000,2999,3,0.015267312992364168,OK,True,
cyvcf2-indexed,r02_region_variant_shape_counts,w100000_03,2,52324,152323,100000,3020,1,0.015372194815427065,OK,True,
cyvcf2-indexed,r02_region_variant_shape_counts,w100000_03,2,52324,152323,100000,3020,2,0.01560926716774702,OK,True,
cyvcf2-indexed,r02_region_variant_shape_counts,w100000_03,2,52324,152323,100000,3020,3,0.015328004956245422,OK,True,
cyvcf2-indexed,r02_region_variant_shape_counts,w100000_04,2,34592,134591,100000,3702,1,0.018416132777929306,OK,True,
cyvcf2-indexed,r02_region_variant_shape_counts,w100000_04,2,34592,134591,100000,3702,2,0.018440306186676025,OK,True,
cyvcf2-indexed,r02_region_variant_shape_counts,w100000_04,2,34592,134591,100000,3702,3,0.01847177417948842,OK,True,
cyvcf2-indexed,r02_region_variant_shape_counts,w100000_05,1,53975,153974,100000,2956,1,0.01493368437513709,OK,True,
cyvcf2-indexed,r02_region_variant_shape_counts,w100000_05,1,53975,153974,100000,2956,2,0.015145540703088045,OK,True,
cyvcf2-indexed,r02_region_variant_shape_counts,w100000_05,1,53975,153974,100000,2956,3,0.015563017223030329,OK,True,
cyvcf2-indexed,r02_region_variant_shape_counts,w100000_06,1,116323,216322,100000,558,1,0.003349668812006712,OK,True,
cyvcf2-indexed,r02_region_variant_shape_counts,w100000_06,1,116323,216322,100000,558,2,0.0031700627878308296,OK,True,
cyvcf2-indexed,r02_region_variant_shape_counts,w100000_06,1,116323,216322,100000,558,3,0.003105713054537773,OK,True,
cyvcf2-indexed,r02_region_variant_shape_counts,w100000_07,2,54378,154377,100000,2941,1,0.014551786240190268,OK,True,
cyvcf2-indexed,r02_region_variant_shape_counts,w100000_07,2,54378,154377,100000,2941,2,0.014996887184679508,OK,True,
cyvcf2-indexed,r02_region_variant_shape_counts,w100000_07,2,54378,154377,100000,2941,3,0.015258134808391333,OK,True,
cyvcf2-indexed,r02_region_variant_shape_counts,w100000_08,2,7188,107187,100000,3847,1,0.02208725968375802,OK,True,
cyvcf2-indexed,r02_region_variant_shape_counts,w100000_08,2,7188,107187,100000,3847,2,0.02130459016188979,OK,True,
cyvcf2-indexed,r02_region_variant_shape_counts,w100000_08,2,7188,107187,100000,3847,3,0.020469340961426497,OK,True,
cyvcf2-indexed,r02_region_variant_shape_counts,w100000_09,2,111448,211447,100000,746,1,0.005164497997611761,OK,True,
cyvcf2-indexed,r02_region_variant_shape_counts,w100000_09,2,111448,211447,100000,746,2,0.007142561953514814,OK,True,
cyvcf2-indexed,r02_region_variant_shape_counts,w100000_09,2,111448,211447,100000,746,3,0.0070311869494616985,OK,True,
cyvcf2-indexed,r02_region_variant_shape_counts,w100000_10,2,122134,222133,100000,335,1,0.0035450197756290436,OK,True,
cyvcf2-indexed,r02_region_variant_shape_counts,w100000_10,2,122134,222133,100000,335,2,0.003509008791297674,OK,True,
cyvcf2-indexed,r02_region_variant_shape_counts,w100000_10,2,122134,222133,100000,335,3,0.0029539819806814194,OK,True,
cyvcf2-indexed,r02_region_variant_shape_counts,w100000_11,1,4159,104158,100000,3847,1,0.018690533936023712,OK,True,
cyvcf2-indexed,r02_region_variant_shape_counts,w100000_11,1,4159,104158,100000,3847,2,0.019303879234939814,OK,True,
cyvcf2-indexed,r02_region_variant_shape_counts,w100000_11,1,4159,104158,100000,3847,3,0.02025465201586485,OK,True,
cyvcf2-indexed,r02_region_variant_shape_counts,w100000_12,2,13740,113739,100000,3847,1,0.019614257384091616,OK,True,
cyvcf2-indexed,r02_region_variant_shape_counts,w100000_12,2,13740,113739,100000,3847,2,0.01980578200891614,OK,True,
cyvcf2-indexed,r02_region_variant_shape_counts,w100000_12,2,13740,113739,100000,3847,3,0.019520557951182127,OK,True,
cyvcf2-indexed,r02_region_variant_shape_counts,w100000_13,2,91324,191323,100000,1520,1,0.007901524193584919,OK,True,
cyvcf2-indexed,r02_region_variant_shape_counts,w100000_13,2,91324,191323,100000,1520,2,0.007969601079821587,OK,True,
cyvcf2-indexed,r02_region_variant_shape_counts,w100000_13,2,91324,191323,100000,1520,3,0.008338467217981815,OK,True,
cyvcf2-indexed,r02_region_variant_shape_counts,w100000_14,2,21254,121253,100000,3847,1,0.024631607811897993,OK,True,
cyvcf2-indexed,r02_region_variant_shape_counts,w100000_14,2,21254,121253,100000,3847,2,0.019196421839296818,OK,True,
cyvcf2-indexed,r02_region_variant_shape_counts,w100000_14,2,21254,121253,100000,3847,3,0.01938330288976431,OK,True,
cyvcf2-indexed,r02_region_variant_shape_counts,w100000_15,1,111279,211278,100000,752,1,0.00435267761349678,OK,True,
cyvcf2-indexed,r02_region_variant_shape_counts,w100000_15,1,111279,211278,100000,752,2,0.004202000331133604,OK,True,
cyvcf2-indexed,r02_region_variant_shape_counts,w100000_15,1,111279,211278,100000,752,3,0.004203270189464092,OK,True,
cyvcf2-indexed,r02_region_variant_shape_counts,w100000_16,1,113957,213956,100000,649,1,0.005128803197294474,OK,True,
cyvcf2-indexed,r02_region_variant_shape_counts,w100000_16,1,113957,213956,100000,649,2,0.006158393807709217,OK,True,
cyvcf2-indexed,r02_region_variant_shape_counts,w100000_16,1,113957,213956,100000,649,3,0.006213670130819082,OK,True,
cyvcf2-indexed,r02_region_variant_shape_counts,w100000_17,1,26389,126388,100000,3847,1,0.02658078819513321,OK,True,
cyvcf2-indexed,r02_region_variant_shape_counts,w100000_17,1,26389,126388,100000,3847,2,0.019053646363317966,OK,True,
cyvcf2-indexed,r02_region_variant_shape_counts,w100000_17,1,26389,126388,100000,3847,3,0.01983231818303466,OK,True,
cyvcf2-indexed,r02_region_variant_shape_counts,w100000_18,2,62074,162073,100000,2645,1,0.01615785015746951,OK,True,
cyvcf2-indexed,r02_region_variant_shape_counts,w100000_18,2,62074,162073,100000,2645,2,0.0168936881236732,OK,True,
cyvcf2-indexed,r02_region_variant_shape_counts,w100000_18,2,62074,162073,100000,2645,3,0.020581322722136974,OK,True,
cyvcf2-indexed,r02_region_variant_shape_counts,w100000_19,1,99683,199682,100000,1198,1,0.0062560769729316235,OK,True,
cyvcf2-indexed,r02_region_variant_shape_counts,w100000_19,1,99683,199682,100000,1198,2,0.006254973821341991,OK,True,
cyvcf2-indexed,r02_region_variant_shape_counts,w100000_19,1,99683,199682,100000,1198,3,0.00628461129963398,OK,True,
cyvcf2-indexed,r02_region_variant_shape_counts,w1000000_00,2,77700,1077699,1000000,2044,1,0.012607146985828876,OK,True,
cyvcf2-indexed,r02_region_variant_shape_counts,w1000000_00,2,77700,1077699,1000000,2044,2,0.010448853019624949,OK,True,
cyvcf2-indexed,r02_region_variant_shape_counts,w1000000_00,2,77700,1077699,1000000,2044,3,0.01613771915435791,OK,True,
cyvcf2-indexed,r02_region_variant_shape_counts,w1000000_01,2,14260,1014259,1000000,4484,1,0.028360227588564157,OK,True,
cyvcf2-indexed,r02_region_variant_shape_counts,w1000000_01,2,14260,1014259,1000000,4484,2,0.021985130850225687,OK,True,
cyvcf2-indexed,r02_region_variant_shape_counts,w1000000_01,2,14260,1014259,1000000,4484,3,0.021595735102891922,OK,True,
cyvcf2-indexed,r02_region_variant_shape_counts,w1000000_02,2,39428,1039427,1000000,3516,1,0.0171785787679255,OK,True,
cyvcf2-indexed,r02_region_variant_shape_counts,w1000000_02,2,39428,1039427,1000000,3516,2,0.01714286720380187,OK,True,
cyvcf2-indexed,r02_region_variant_shape_counts,w1000000_02,2,39428,1039427,1000000,3516,3,0.017141907941550016,OK,True,
cyvcf2-indexed,r02_region_variant_shape_counts,w1000000_03,2,121614,1121613,1000000,355,1,0.0021737879142165184,OK,True,
cyvcf2-indexed,r02_region_variant_shape_counts,w1000000_03,2,121614,1121613,1000000,355,2,0.0020964122377336025,OK,True,
cyvcf2-indexed,r02_region_variant_shape_counts,w1000000_03,2,121614,1121613,1000000,355,3,0.002085306216031313,OK,True,
cyvcf2-indexed,r02_region_variant_shape_counts,w1000000_04,2,45980,1045979,1000000,3264,1,0.015933511313050985,OK,True,
cyvcf2-indexed,r02_region_variant_shape_counts,w1000000_04,2,45980,1045979,1000000,3264,2,0.01595679298043251,OK,True,
cyvcf2-indexed,r02_region_variant_shape_counts,w1000000_04,2,45980,1045979,1000000,3264,3,0.015951456036418676,OK,True,
cyvcf2-indexed,r02_region_variant_shape_counts,w1000000_05,2,74320,1074319,1000000,2174,1,0.010740628000348806,OK,True,
cyvcf2-indexed,r02_region_variant_shape_counts,w1000000_05,2,74320,1074319,1000000,2174,2,0.01080332463607192,OK,True,
cyvcf2-indexed,r02_region_variant_shape_counts,w1000000_05,2,74320,1074319,1000000,2174,3,0.010648211929947138,OK,True,
cyvcf2-indexed,r02_region_variant_shape_counts,w1000000_06,1,75477,1075476,1000000,2129,1,0.010450098663568497,OK,True,
cyvcf2-indexed,r02_region_variant_shape_counts,w1000000_06,1,75477,1075476,1000000,2129,2,0.010697643738240004,OK,True,
cyvcf2-indexed,r02_region_variant_shape_counts,w1000000_06,1,75477,1075476,1000000,2129,3,0.010560426861047745,OK,True,
cyvcf2-indexed,r02_region_variant_shape_counts,w1000000_07,1,15729,1015728,1000000,4427,1,0.021276602055877447,OK,True,
cyvcf2-indexed,r02_region_variant_shape_counts,w1000000_07,1,15729,1015728,1000000,4427,2,0.021593450102955103,OK,True,
cyvcf2-indexed,r02_region_variant_shape_counts,w1000000_07,1,15729,1015728,1000000,4427,3,0.02153441123664379,OK,True,
cyvcf2-indexed,r02_region_variant_shape_counts,w1000000_08,2,74268,1074267,1000000,2176,1,0.010810950305312872,OK,True,
cyvcf2-indexed,r02_region_variant_shape_counts,w1000000_08,2,74268,1074267,1000000,2176,2,0.010696963872760534,OK,True,
cyvcf2-indexed,r02_region_variant_shape_counts,w1000000_08,2,74268,1074267,1000000,2176,3,0.011399248149245977,OK,True,
cyvcf2-indexed,r02_region_variant_shape_counts,w1000000_09,1,33643,1033642,1000000,3738,1,0.018905512988567352,OK,True,
cyvcf2-indexed,r02_region_variant_shape_counts,w1000000_09,1,33643,1033642,1000000,3738,2,0.018418298102915287,OK,True,
cyvcf2-indexed,r02_region_variant_shape_counts,w1000000_09,1,33643,1033642,1000000,3738,3,0.0181018291041255,OK,True,
cyvcf2-indexed,r02_region_variant_shape_counts,w1000000_10,1,92507,1092506,1000000,1474,1,0.007533784955739975,OK,True,
cyvcf2-indexed,r02_region_variant_shape_counts,w1000000_10,1,92507,1092506,1000000,1474,2,0.007622840348631144,OK,True,
cyvcf2-indexed,r02_region_variant_shape_counts,w1000000_10,1,92507,1092506,1000000,1474,3,0.007356463931500912,OK,True,
cyvcf2-indexed,r02_region_variant_shape_counts,w1000000_11,1,121211,1121210,1000000,370,1,0.00215643597766757,OK,True,
cyvcf2-indexed,r02_region_variant_shape_counts,w1000000_11,1,121211,1121210,1000000,370,2,0.0021750330924987793,OK,True,
cyvcf2-indexed,r02_region_variant_shape_counts,w1000000_11,1,121211,1121210,1000000,370,3,0.0021660826168954372,OK,True,
cyvcf2-indexed,r02_region_variant_shape_counts,w1000000_12,1,77765,1077764,1000000,2041,1,0.01036753412336111,OK,True,
cyvcf2-indexed,r02_region_variant_shape_counts,w1000000_12,1,77765,1077764,1000000,2041,2,0.010322503745555878,OK,True,
cyvcf2-indexed,r02_region_variant_shape_counts,w1000000_12,1,77765,1077764,1000000,2041,3,0.010373647790402174,OK,True,
cyvcf2-indexed,r02_region_variant_shape_counts,w1000000_13,2,118494,1118493,1000000,475,1,0.002795859705656767,OK,True,
cyvcf2-indexed,r02_region_variant_shape_counts,w1000000_13,2,118494,1118493,1000000,475,2,0.0026819612830877304,OK,True,
cyvcf2-indexed,r02_region_variant_shape_counts,w1000000_13,2,118494,1118493,1000000,475,3,0.002713533118367195,OK,True,
cyvcf2-indexed,r02_region_variant_shape_counts,w1000000_14,1,92143,1092142,1000000,1488,1,0.007717840373516083,OK,True,
cyvcf2-indexed,r02_region_variant_shape_counts,w1000000_14,1,92143,1092142,1000000,1488,2,0.007626727689057589,OK,True,
cyvcf2-indexed,r02_region_variant_shape_counts,w1000000_14,1,92143,1092142,1000000,1488,3,0.007766367867588997,OK,True,
cyvcf2-indexed,r02_region_variant_shape_counts,w1000000_15,1,125423,1125422,1000000,208,1,0.0015254118479788303,OK,True,
cyvcf2-indexed,r02_region_variant_shape_counts,w1000000_15,1,125423,1125422,1000000,208,2,0.0014447192661464214,OK,True,
cyvcf2-indexed,r02_region_variant_shape_counts,w1000000_15,1,125423,1125422,1000000,208,3,0.0015307208523154259,OK,True,
cyvcf2-indexed,r02_region_variant_shape_counts,w1000000_16,2,99852,1099851,1000000,1192,1,0.006038731895387173,OK,True,
cyvcf2-indexed,r02_region_variant_shape_counts,w1000000_16,2,99852,1099851,1000000,1192,2,0.00603780522942543,OK,True,
cyvcf2-indexed,r02_region_variant_shape_counts,w1000000_16,2,99852,1099851,1000000,1192,3,0.005989687982946634,OK,True,
cyvcf2-indexed,r02_region_variant_shape_counts,w1000000_17,2,49334,1049333,1000000,3135,1,0.015061990823596716,OK,True,
cyvcf2-indexed,r02_region_variant_shape_counts,w1000000_17,2,49334,1049333,1000000,3135,2,0.015118359122425318,OK,True,
cyvcf2-indexed,r02_region_variant_shape_counts,w1000000_17,2,49334,1049333,1000000,3135,3,0.015304440166801214,OK,True,
cyvcf2-indexed,r02_region_variant_shape_counts,w1000000_18,1,74801,1074800,1000000,2155,1,0.010808421764522791,OK,True,
cyvcf2-indexed,r02_region_variant_shape_counts,w1000000_18,1,74801,1074800,1000000,2155,2,0.01084794569760561,OK,True,
cyvcf2-indexed,r02_region_variant_shape_counts,w1000000_18,1,74801,1074800,1000000,2155,3,0.01083317631855607,OK,True,
cyvcf2-indexed,r02_region_variant_shape_counts,w1000000_19,1,121003,1121002,1000000,378,1,0.0022667148150503635,OK,True,
cyvcf2-indexed,r02_region_variant_shape_counts,w1000000_19,1,121003,1121002,1000000,378,2,0.002182366792112589,OK,True,
cyvcf2-indexed,r02_region_variant_shape_counts,w1000000_19,1,121003,1121002,1000000,378,3,0.002263655886054039,OK,True,
cyvcf2-indexed,r02_region_variant_shape_counts,w10000000_00,1,105481,10105480,10000000,975,1,0.005092838779091835,OK,True,
cyvcf2-indexed,r02_region_variant_shape_counts,w10000000_00,1,105481,10105480,10000000,975,2,0.005124968010932207,OK,True,
cyvcf2-indexed,r02_region_variant_shape_counts,w10000000_00,1,105481,10105480,10000000,975,3,0.005179420113563538,OK,True,
cyvcf2-indexed,r02_region_variant_shape_counts,w10000000_01,1,37257,10037256,10000000,3599,1,0.017350765876471996,OK,True,
cyvcf2-indexed,r02_region_variant_shape_counts,w10000000_01,1,37257,10037256,10000000,3599,2,0.017677247989922762,OK,True,
cyvcf2-indexed,r02_region_variant_shape_counts,w10000000_01,1,37257,10037256,10000000,3599,3,0.01758747175335884,OK,True,
cyvcf2-indexed,r02_region_variant_shape_counts,w10000000_02,2,92130,10092129,10000000,1489,1,0.007619199343025684,OK,True,
cyvcf2-indexed,r02_region_variant_shape_counts,w10000000_02,2,92130,10092129,10000000,1489,2,0.0075069088488817215,OK,True,
cyvcf2-indexed,r02_region_variant_shape_counts,w10000000_02,2,92130,10092129,10000000,1489,3,0.007528224028646946,OK,True,
cyvcf2-indexed,r02_region_variant_shape_counts,w10000000_03,1,25557,10025556,10000000,4049,1,0.019527827855199575,OK,True,
cyvcf2-indexed,r02_region_variant_shape_counts,w10000000_03,1,25557,10025556,10000000,4049,2,0.0196070889942348,OK,True,
cyvcf2-indexed,r02_region_variant_shape_counts,w10000000_03,1,25557,10025556,10000000,4049,3,0.020075863227248192,OK,True,
cyvcf2-indexed,r02_region_variant_shape_counts,w10000000_04,2,46604,10046603,10000000,3240,1,0.016138620674610138,OK,True,
cyvcf2-indexed,r02_region_variant_shape_counts,w10000000_04,2,46604,10046603,10000000,3240,2,0.015979696065187454,OK,True,
cyvcf2-indexed,r02_region_variant_shape_counts,w10000000_04,2,46604,10046603,10000000,3240,3,0.01583772711455822,OK,True,
cyvcf2-indexed,r02_region_variant_shape_counts,w10000000_05,1,49477,10049476,10000000,3129,1,0.015453777275979519,OK,True,
cyvcf2-indexed,r02_region_variant_shape_counts,w10000000_05,1,49477,10049476,10000000,3129,2,0.015283309854567051,OK,True,
cyvcf2-indexed,r02_region_variant_shape_counts,w10000000_05,1,49477,10049476,10000000,3129,3,0.015537317376583815,OK,True,
cyvcf2-indexed,r02_region_variant_shape_counts,w10000000_06,1,6499,10006498,10000000,4782,1,0.023289828095585108,OK,True,
cyvcf2-indexed,r02_region_variant_shape_counts,w10000000_06,1,6499,10006498,10000000,4782,2,0.023542863316833973,OK,True,
cyvcf2-indexed,r02_region_variant_shape_counts,w10000000_06,1,6499,10006498,10000000,4782,3,0.023819347843527794,OK,True,
cyvcf2-indexed,r02_region_variant_shape_counts,w10000000_07,2,47280,10047279,10000000,3214,1,0.016065517906099558,OK,True,
cyvcf2-indexed,r02_region_variant_shape_counts,w10000000_07,2,47280,10047279,10000000,3214,2,0.01626426400616765,OK,True,
cyvcf2-indexed,r02_region_variant_shape_counts,w10000000_07,2,47280,10047279,10000000,3214,3,0.015958095900714397,OK,True,
cyvcf2-indexed,r02_region_variant_shape_counts,w10000000_08,2,88724,10088723,10000000,1620,1,0.008341127075254917,OK,True,
cyvcf2-indexed,r02_region_variant_shape_counts,w10000000_08,2,88724,10088723,10000000,1620,2,0.008083687629550695,OK,True,
cyvcf2-indexed,r02_region_variant_shape_counts,w10000000_08,2,88724,10088723,10000000,1620,3,0.00821393495425582,OK,True,
cyvcf2-indexed,r02_region_variant_shape_counts,w10000000_09,2,69692,10069691,10000000,2352,1,0.01177281979471445,OK,True,
cyvcf2-indexed,r02_region_variant_shape_counts,w10000000_09,2,69692,10069691,10000000,2352,2,0.011937230825424194,OK,True,
cyvcf2-indexed,r02_region_variant_shape_counts,w10000000_09,2,69692,10069691,10000000,2352,3,0.011867346242070198,OK,True,
cyvcf2-indexed,r02_region_variant_shape_counts,w10000000_10,1,51271,10051270,10000000,3060,1,0.015423425007611513,OK,True,
cyvcf2-indexed,r02_region_variant_shape_counts,w10000000_10,1,51271,10051270,10000000,3060,2,0.015413735061883926,OK,True,
cyvcf2-indexed,r02_region_variant_shape_counts,w10000000_10,1,51271,10051270,10000000,3060,3,0.015493952203541994,OK,True,
cyvcf2-indexed,r02_region_variant_shape_counts,w10000000_11,1,116349,10116348,10000000,557,1,0.0031768791377544403,OK,True,
cyvcf2-indexed,r02_region_variant_shape_counts,w10000000_11,1,116349,10116348,10000000,557,2,0.0030481331050395966,OK,True,
cyvcf2-indexed,r02_region_variant_shape_counts,w10000000_11,1,116349,10116348,10000000,557,3,0.003079565241932869,OK,True,
cyvcf2-indexed,r02_region_variant_shape_counts,w10000000_12,1,121471,10121470,10000000,360,1,0.0021627480164170265,OK,True,
cyvcf2-indexed,r02_region_variant_shape_counts,w10000000_12,1,121471,10121470,10000000,360,2,0.0021258951164782047,OK,True,
cyvcf2-indexed,r02_region_variant_shape_counts,w10000000_12,1,121471,10121470,10000000,360,3,0.0021297959610819817,OK,True,
cyvcf2-indexed,r02_region_variant_shape_counts,w10000000_13,2,115582,10115581,10000000,587,1,0.0031049628742039204,OK,True,
cyvcf2-indexed,r02_region_variant_shape_counts,w10000000_13,2,115582,10115581,10000000,587,2,0.003177735023200512,OK,True,
cyvcf2-indexed,r02_region_variant_shape_counts,w10000000_13,2,115582,10115581,10000000,587,3,0.0031362338922917843,OK,True,
cyvcf2-indexed,r02_region_variant_shape_counts,w10000000_14,2,74138,10074137,10000000,2181,1,0.010598656721413136,OK,True,
cyvcf2-indexed,r02_region_variant_shape_counts,w10000000_14,2,74138,10074137,10000000,2181,2,0.011057190131396055,OK,True,
cyvcf2-indexed,r02_region_variant_shape_counts,w10000000_14,2,74138,10074137,10000000,2181,3,0.010785117745399475,OK,True,
cyvcf2-indexed,r02_region_variant_shape_counts,w10000000_15,1,50231,10050230,10000000,3100,1,0.015127795748412609,OK,True,
cyvcf2-indexed,r02_region_variant_shape_counts,w10000000_15,1,50231,10050230,10000000,3100,2,0.015239776577800512,OK,True,
cyvcf2-indexed,r02_region_variant_shape_counts,w10000000_15,1,50231,10050230,10000000,3100,3,0.015417753253132105,OK,True,
cyvcf2-indexed,r02_region_variant_shape_counts,w10000000_16,1,20669,10020668,10000000,4237,1,0.020677255932241678,OK,True,
cyvcf2-indexed,r02_region_variant_shape_counts,w10000000_16,1,20669,10020668,10000000,4237,2,0.020690072793513536,OK,True,
cyvcf2-indexed,r02_region_variant_shape_counts,w10000000_16,1,20669,10020668,10000000,4237,3,0.02037734678015113,OK,True,
cyvcf2-indexed,r02_region_variant_shape_counts,w10000000_17,1,66273,10066272,10000000,2483,1,0.012015993241220713,OK,True,
cyvcf2-indexed,r02_region_variant_shape_counts,w10000000_17,1,66273,10066272,10000000,2483,2,0.01222321204841137,OK,True,
cyvcf2-indexed,r02_region_variant_shape_counts,w10000000_17,1,66273,10066272,10000000,2483,3,0.012252920307219028,OK,True,
cyvcf2-indexed,r02_region_variant_shape_counts,w10000000_18,1,57745,10057744,10000000,2811,1,0.013813778758049011,OK,True,
cyvcf2-indexed,r02_region_variant_shape_counts,w10000000_18,1,57745,10057744,10000000,2811,2,0.013772851787507534,OK,True,
cyvcf2-indexed,r02_region_variant_shape_counts,w10000000_18,1,57745,10057744,10000000,2811,3,0.013646192383021116,OK,True,
cyvcf2-indexed,r02_region_variant_shape_counts,w10000000_19,1,102907,10102906,10000000,1074,1,0.005521566607058048,OK,True,
cyvcf2-indexed,r02_region_variant_shape_counts,w10000000_19,1,102907,10102906,10000000,1074,2,0.005789557937532663,OK,True,
cyvcf2-indexed,r02_region_variant_shape_counts,w10000000_19,1,102907,10102906,10000000,1074,3,0.005540250334888697,OK,True,
cyvcf2-indexed,r03_region_titv,w1000_00,2,53546,54545,1000,39,1,0.0005502006970345974,OK,True,
cyvcf2-indexed,r03_region_titv,w1000_00,2,53546,54545,1000,39,2,0.0005248608067631721,OK,True,
cyvcf2-indexed,r03_region_titv,w1000_00,2,53546,54545,1000,39,3,0.000525984913110733,OK,True,
cyvcf2-indexed,r03_region_titv,w1000_01,2,79858,80857,1000,39,1,0.0006138533353805542,OK,True,
cyvcf2-indexed,r03_region_titv,w1000_01,2,79858,80857,1000,39,2,0.0006350819021463394,OK,True,
cyvcf2-indexed,r03_region_titv,w1000_01,2,79858,80857,1000,39,3,0.0007294272072613239,OK,True,
cyvcf2-indexed,r03_region_titv,w1000_02,1,90739,91738,1000,39,1,0.0008200462907552719,OK,True,
cyvcf2-indexed,r03_region_titv,w1000_02,1,90739,91738,1000,39,2,0.000837820116430521,OK,True,
cyvcf2-indexed,r03_region_titv,w1000_02,1,90739,91738,1000,39,3,0.0006829341873526573,OK,True,
cyvcf2-indexed,r03_region_titv,w1000_03,2,44394,45393,1000,39,1,0.0008861999958753586,OK,True,
cyvcf2-indexed,r03_region_titv,w1000_03,2,44394,45393,1000,39,2,0.0006843484006822109,OK,True,
cyvcf2-indexed,r03_region_titv,w1000_03,2,44394,45393,1000,39,3,0.0006515639834105968,OK,True,
cyvcf2-indexed,r03_region_titv,w1000_04,1,7981,8980,1000,39,1,0.0005346587859094143,OK,True,
cyvcf2-indexed,r03_region_titv,w1000_04,1,7981,8980,1000,39,2,0.0005532917566597462,OK,True,
cyvcf2-indexed,r03_region_titv,w1000_04,1,7981,8980,1000,39,3,0.0005298573523759842,OK,True,
cyvcf2-indexed,r03_region_titv,w1000_05,1,110863,111862,1000,39,1,0.0006335321813821793,OK,True,
cyvcf2-indexed,r03_region_titv,w1000_05,1,110863,111862,1000,39,2,0.0006665070541203022,OK,True,
cyvcf2-indexed,r03_region_titv,w1000_05,1,110863,111862,1000,39,3,0.0006357692182064056,OK,True,
cyvcf2-indexed,r03_region_titv,w1000_06,1,104311,105310,1000,39,1,0.0005425941199064255,OK,True,
cyvcf2-indexed,r03_region_titv,w1000_06,1,104311,105310,1000,39,2,0.0005295621231198311,OK,True,
cyvcf2-indexed,r03_region_titv,w1000_06,1,104311,105310,1000,39,3,0.0005285670049488544,OK,True,
cyvcf2-indexed,r03_region_titv,w1000_07,1,14091,15090,1000,39,1,0.0006063599139451981,OK,True,
cyvcf2-indexed,r03_region_titv,w1000_07,1,14091,15090,1000,39,2,0.0005839657969772816,OK,True,
cyvcf2-indexed,r03_region_titv,w1000_07,1,14091,15090,1000,39,3,0.000617241021245718,OK,True,
cyvcf2-indexed,r03_region_titv,w1000_08,2,48996,49995,1000,39,1,0.0006736922077834606,OK,True,
cyvcf2-indexed,r03_region_titv,w1000_08,2,48996,49995,1000,39,2,0.0006471569649875164,OK,True,
cyvcf2-indexed,r03_region_titv,w1000_08,2,48996,49995,1000,39,3,0.0006617680191993713,OK,True,
cyvcf2-indexed,r03_region_titv,w1000_09,1,120145,121144,1000,39,1,0.0005293739959597588,OK,True,
cyvcf2-indexed,r03_region_titv,w1000_09,1,120145,121144,1000,39,2,0.0005370168946683407,OK,True,
cyvcf2-indexed,r03_region_titv,w1000_09,1,120145,121144,1000,39,3,0.0005495310761034489,OK,True,
cyvcf2-indexed,r03_region_titv,w1000_10,2,73436,74435,1000,39,1,0.0005397000350058079,OK,True,
cyvcf2-indexed,r03_region_titv,w1000_10,2,73436,74435,1000,39,2,0.0005705635994672775,OK,True,
cyvcf2-indexed,r03_region_titv,w1000_10,2,73436,74435,1000,39,3,0.000533627811819315,OK,True,
cyvcf2-indexed,r03_region_titv,w1000_11,1,41547,42546,1000,39,1,0.0005663689225912094,OK,True,
cyvcf2-indexed,r03_region_titv,w1000_11,1,41547,42546,1000,39,2,0.0005454011261463165,OK,True,
cyvcf2-indexed,r03_region_titv,w1000_11,1,41547,42546,1000,39,3,0.0005578827112913132,OK,True,
cyvcf2-indexed,r03_region_titv,w1000_12,2,112670,113669,1000,39,1,0.0006310818716883659,OK,True,
cyvcf2-indexed,r03_region_titv,w1000_12,2,112670,113669,1000,39,2,0.0005938280373811722,OK,True,
cyvcf2-indexed,r03_region_titv,w1000_12,2,112670,113669,1000,39,3,0.0006196070462465286,OK,True,
cyvcf2-indexed,r03_region_titv,w1000_13,2,121328,122327,1000,39,1,0.0005629141815006733,OK,True,
cyvcf2-indexed,r03_region_titv,w1000_13,2,121328,122327,1000,39,2,0.0005607609637081623,OK,True,
cyvcf2-indexed,r03_region_titv,w1000_13,2,121328,122327,1000,39,3,0.000569900032132864,OK,True,
cyvcf2-indexed,r03_region_titv,w1000_14,2,128114,129113,1000,39,1,0.0006044753827154636,OK,True,
cyvcf2-indexed,r03_region_titv,w1000_14,2,128114,129113,1000,39,2,0.0006568771786987782,OK,True,
cyvcf2-indexed,r03_region_titv,w1000_14,2,128114,129113,1000,39,3,0.0008520199917256832,OK,True,
cyvcf2-indexed,r03_region_titv,w1000_15,1,56237,57236,1000,39,1,0.0009349202737212181,OK,True,
cyvcf2-indexed,r03_region_titv,w1000_15,1,56237,57236,1000,39,2,0.0009104120545089245,OK,True,
cyvcf2-indexed,r03_region_titv,w1000_15,1,56237,57236,1000,39,3,0.0006766398437321186,OK,True,
cyvcf2-indexed,r03_region_titv,w1000_16,1,65883,66882,1000,39,1,0.0006253039464354515,OK,True,
cyvcf2-indexed,r03_region_titv,w1000_16,1,65883,66882,1000,39,2,0.0005222461186349392,OK,True,
cyvcf2-indexed,r03_region_titv,w1000_16,1,65883,66882,1000,39,3,0.000481639988720417,OK,True,
cyvcf2-indexed,r03_region_titv,w1000_17,2,13298,14297,1000,39,1,0.0006494531407952309,OK,True,
cyvcf2-indexed,r03_region_titv,w1000_17,2,13298,14297,1000,39,2,0.0006283200345933437,OK,True,
cyvcf2-indexed,r03_region_titv,w1000_17,2,13298,14297,1000,39,3,0.0006242380477488041,OK,True,
cyvcf2-indexed,r03_region_titv,w1000_18,2,32252,33251,1000,39,1,0.0006442610174417496,OK,True,
cyvcf2-indexed,r03_region_titv,w1000_18,2,32252,33251,1000,39,2,0.00060640973970294,OK,True,
cyvcf2-indexed,r03_region_titv,w1000_18,2,32252,33251,1000,39,3,0.0006218049675226212,OK,True,
cyvcf2-indexed,r03_region_titv,w1000_19,1,96953,97952,1000,39,1,0.0006597000174224377,OK,True,
cyvcf2-indexed,r03_region_titv,w1000_19,1,96953,97952,1000,39,2,0.0006306790746748447,OK,True,
cyvcf2-indexed,r03_region_titv,w1000_19,1,96953,97952,1000,39,3,0.0006540217436850071,OK,True,
cyvcf2-indexed,r03_region_titv,w100000_00,2,120002,220001,100000,417,1,0.0019498630426824093,OK,True,
cyvcf2-indexed,r03_region_titv,w100000_00,2,120002,220001,100000,417,2,0.0019502569921314716,OK,True,
cyvcf2-indexed,r03_region_titv,w100000_00,2,120002,220001,100000,417,3,0.00194103317335248,OK,True,
cyvcf2-indexed,r03_region_titv,w100000_01,1,88763,188762,100000,1618,1,0.006382626947015524,OK,True,
cyvcf2-indexed,r03_region_titv,w100000_01,1,88763,188762,100000,1618,2,0.00657936604693532,OK,True,
cyvcf2-indexed,r03_region_titv,w100000_01,1,88763,188762,100000,1618,3,0.00662201689556241,OK,True,
cyvcf2-indexed,r03_region_titv,w100000_02,1,52857,152856,100000,2999,1,0.011583561077713966,OK,True,
cyvcf2-indexed,r03_region_titv,w100000_02,1,52857,152856,100000,2999,2,0.01156682288274169,OK,True,
cyvcf2-indexed,r03_region_titv,w100000_02,1,52857,152856,100000,2999,3,0.011408973950892687,OK,True,
cyvcf2-indexed,r03_region_titv,w100000_03,2,52324,152323,100000,3020,1,0.011533027980476618,OK,True,
cyvcf2-indexed,r03_region_titv,w100000_03,2,52324,152323,100000,3020,2,0.011777530889958143,OK,True,
cyvcf2-indexed,r03_region_titv,w100000_03,2,52324,152323,100000,3020,3,0.01179570285603404,OK,True,
cyvcf2-indexed,r03_region_titv,w100000_04,2,34592,134591,100000,3702,1,0.014432755298912525,OK,True,
cyvcf2-indexed,r03_region_titv,w100000_04,2,34592,134591,100000,3702,2,0.014558310620486736,OK,True,
cyvcf2-indexed,r03_region_titv,w100000_04,2,34592,134591,100000,3702,3,0.01470621582120657,OK,True,
cyvcf2-indexed,r03_region_titv,w100000_05,1,53975,153974,100000,2956,1,0.011768915690481663,OK,True,
cyvcf2-indexed,r03_region_titv,w100000_05,1,53975,153974,100000,2956,2,0.011743214912712574,OK,True,
cyvcf2-indexed,r03_region_titv,w100000_05,1,53975,153974,100000,2956,3,0.012102282140403986,OK,True,
cyvcf2-indexed,r03_region_titv,w100000_06,1,116323,216322,100000,558,1,0.002580036409199238,OK,True,
cyvcf2-indexed,r03_region_titv,w100000_06,1,116323,216322,100000,558,2,0.002466201316565275,OK,True,
cyvcf2-indexed,r03_region_titv,w100000_06,1,116323,216322,100000,558,3,0.0023977099917829037,OK,True,
cyvcf2-indexed,r03_region_titv,w100000_07,2,54378,154377,100000,2941,1,0.011198344174772501,OK,True,
cyvcf2-indexed,r03_region_titv,w100000_07,2,54378,154377,100000,2941,2,0.011551138944923878,OK,True,
cyvcf2-indexed,r03_region_titv,w100000_07,2,54378,154377,100000,2941,3,0.012263406999409199,OK,True,
cyvcf2-indexed,r03_region_titv,w100000_08,2,7188,107187,100000,3847,1,0.014828211162239313,OK,True,
cyvcf2-indexed,r03_region_titv,w100000_08,2,7188,107187,100000,3847,2,0.01444367179647088,OK,True,
cyvcf2-indexed,r03_region_titv,w100000_08,2,7188,107187,100000,3847,3,0.015262286644428968,OK,True,
cyvcf2-indexed,r03_region_titv,w100000_09,2,111448,211447,100000,746,1,0.00337816309183836,OK,True,
cyvcf2-indexed,r03_region_titv,w100000_09,2,111448,211447,100000,746,2,0.003279451746493578,OK,True,
cyvcf2-indexed,r03_region_titv,w100000_09,2,111448,211447,100000,746,3,0.0032804771326482296,OK,True,
cyvcf2-indexed,r03_region_titv,w100000_10,2,122134,222133,100000,335,1,0.0017094281502068043,OK,True,
cyvcf2-indexed,r03_region_titv,w100000_10,2,122134,222133,100000,335,2,0.001695340033620596,OK,True,
cyvcf2-indexed,r03_region_titv,w100000_10,2,122134,222133,100000,335,3,0.0016525369137525558,OK,True,
cyvcf2-indexed,r03_region_titv,w100000_11,1,4159,104158,100000,3847,1,0.014195948839187622,OK,True,
cyvcf2-indexed,r03_region_titv,w100000_11,1,4159,104158,100000,3847,2,0.015091694425791502,OK,True,
cyvcf2-indexed,r03_region_titv,w100000_11,1,4159,104158,100000,3847,3,0.019103843718767166,OK,True,
cyvcf2-indexed,r03_region_titv,w100000_12,2,13740,113739,100000,3847,1,0.014825514983385801,OK,True,
cyvcf2-indexed,r03_region_titv,w100000_12,2,13740,113739,100000,3847,2,0.014748238027095795,OK,True,
cyvcf2-indexed,r03_region_titv,w100000_12,2,13740,113739,100000,3847,3,0.015036504715681076,OK,True,
cyvcf2-indexed,r03_region_titv,w100000_13,2,91324,191323,100000,1520,1,0.006081023719161749,OK,True,
cyvcf2-indexed,r03_region_titv,w100000_13,2,91324,191323,100000,1520,2,0.006015059072524309,OK,True,
cyvcf2-indexed,r03_region_titv,w100000_13,2,91324,191323,100000,1520,3,0.006027471739798784,OK,True,
cyvcf2-indexed,r03_region_titv,w100000_14,2,21254,121253,100000,3847,1,0.014761531725525856,OK,True,
cyvcf2-indexed,r03_region_titv,w100000_14,2,21254,121253,100000,3847,2,0.014614892192184925,OK,True,
cyvcf2-indexed,r03_region_titv,w100000_14,2,21254,121253,100000,3847,3,0.015272500924766064,OK,True,
cyvcf2-indexed,r03_region_titv,w100000_15,1,111279,211278,100000,752,1,0.0033953948877751827,OK,True,
cyvcf2-indexed,r03_region_titv,w100000_15,1,111279,211278,100000,752,2,0.0033554770052433014,OK,True,
cyvcf2-indexed,r03_region_titv,w100000_15,1,111279,211278,100000,752,3,0.003352510742843151,OK,True,
cyvcf2-indexed,r03_region_titv,w100000_16,1,113957,213956,100000,649,1,0.002930606249719858,OK,True,
cyvcf2-indexed,r03_region_titv,w100000_16,1,113957,213956,100000,649,2,0.002954439725726843,OK,True,
cyvcf2-indexed,r03_region_titv,w100000_16,1,113957,213956,100000,649,3,0.002876517828553915,OK,True,
cyvcf2-indexed,r03_region_titv,w100000_17,1,26389,126388,100000,3847,1,0.014621320180594921,OK,True,
cyvcf2-indexed,r03_region_titv,w100000_17,1,26389,126388,100000,3847,2,0.014913867693394423,OK,True,
cyvcf2-indexed,r03_region_titv,w100000_17,1,26389,126388,100000,3847,3,0.014783567283302546,OK,True,
cyvcf2-indexed,r03_region_titv,w100000_18,2,62074,162073,100000,2645,1,0.010843528900295496,OK,True,
cyvcf2-indexed,r03_region_titv,w100000_18,2,62074,162073,100000,2645,2,0.01061092410236597,OK,True,
cyvcf2-indexed,r03_region_titv,w100000_18,2,62074,162073,100000,2645,3,0.01039799116551876,OK,True,
cyvcf2-indexed,r03_region_titv,w100000_19,1,99683,199682,100000,1198,1,0.005035487003624439,OK,True,
cyvcf2-indexed,r03_region_titv,w100000_19,1,99683,199682,100000,1198,2,0.005212557967752218,OK,True,
cyvcf2-indexed,r03_region_titv,w100000_19,1,99683,199682,100000,1198,3,0.004911798983812332,OK,True,
cyvcf2-indexed,r03_region_titv,w1000000_00,2,77700,1077699,1000000,2044,1,0.008543343283236027,OK,True,
cyvcf2-indexed,r03_region_titv,w1000000_00,2,77700,1077699,1000000,2044,2,0.007984025869518518,OK,True,
cyvcf2-indexed,r03_region_titv,w1000000_00,2,77700,1077699,1000000,2044,3,0.0079746856354177,OK,True,
cyvcf2-indexed,r03_region_titv,w1000000_01,2,14260,1014259,1000000,4484,1,0.01746186800301075,OK,True,
cyvcf2-indexed,r03_region_titv,w1000000_01,2,14260,1014259,1000000,4484,2,0.01779297087341547,OK,True,
cyvcf2-indexed,r03_region_titv,w1000000_01,2,14260,1014259,1000000,4484,3,0.017040743958204985,OK,True,
cyvcf2-indexed,r03_region_titv,w1000000_02,2,39428,1039427,1000000,3516,1,0.01354395505040884,OK,True,
cyvcf2-indexed,r03_region_titv,w1000000_02,2,39428,1039427,1000000,3516,2,0.014112114906311035,OK,True,
cyvcf2-indexed,r03_region_titv,w1000000_02,2,39428,1039427,1000000,3516,3,0.014100706670433283,OK,True,
cyvcf2-indexed,r03_region_titv,w1000000_03,2,121614,1121613,1000000,355,1,0.0019380347803235054,OK,True,
cyvcf2-indexed,r03_region_titv,w1000000_03,2,121614,1121613,1000000,355,2,0.0017958460375666618,OK,True,
cyvcf2-indexed,r03_region_titv,w1000000_03,2,121614,1121613,1000000,355,3,0.0017815721221268177,OK,True,
cyvcf2-indexed,r03_region_titv,w1000000_04,2,45980,1045979,1000000,3264,1,0.01271434873342514,OK,True,
cyvcf2-indexed,r03_region_titv,w1000000_04,2,45980,1045979,1000000,3264,2,0.013544377870857716,OK,True,
cyvcf2-indexed,r03_region_titv,w1000000_04,2,45980,1045979,1000000,3264,3,0.013089780695736408,OK,True,
cyvcf2-indexed,r03_region_titv,w1000000_05,2,74320,1074319,1000000,2174,1,0.00854697311297059,OK,True,
cyvcf2-indexed,r03_region_titv,w1000000_05,2,74320,1074319,1000000,2174,2,0.008643841836601496,OK,True,
cyvcf2-indexed,r03_region_titv,w1000000_05,2,74320,1074319,1000000,2174,3,0.00868509290739894,OK,True,
cyvcf2-indexed,r03_region_titv,w1000000_06,1,75477,1075476,1000000,2129,1,0.008561579044908285,OK,True,
cyvcf2-indexed,r03_region_titv,w1000000_06,1,75477,1075476,1000000,2129,2,0.00859824288636446,OK,True,
cyvcf2-indexed,r03_region_titv,w1000000_06,1,75477,1075476,1000000,2129,3,0.008279202971607447,OK,True,
cyvcf2-indexed,r03_region_titv,w1000000_07,1,15729,1015728,1000000,4427,1,0.016778751742094755,OK,True,
cyvcf2-indexed,r03_region_titv,w1000000_07,1,15729,1015728,1000000,4427,2,0.016853908076882362,OK,True,
cyvcf2-indexed,r03_region_titv,w1000000_07,1,15729,1015728,1000000,4427,3,0.01724142488092184,OK,True,
cyvcf2-indexed,r03_region_titv,w1000000_08,2,74268,1074267,1000000,2176,1,0.009178493171930313,OK,True,
cyvcf2-indexed,r03_region_titv,w1000000_08,2,74268,1074267,1000000,2176,2,0.008857329841703176,OK,True,
cyvcf2-indexed,r03_region_titv,w1000000_08,2,74268,1074267,1000000,2176,3,0.008562150876969099,OK,True,
cyvcf2-indexed,r03_region_titv,w1000000_09,1,33643,1033642,1000000,3738,1,0.014309138059616089,OK,True,
cyvcf2-indexed,r03_region_titv,w1000000_09,1,33643,1033642,1000000,3738,2,0.015990272630006075,OK,True,
cyvcf2-indexed,r03_region_titv,w1000000_09,1,33643,1033642,1000000,3738,3,0.01491601299494505,OK,True,
cyvcf2-indexed,r03_region_titv,w1000000_10,1,92507,1092506,1000000,1474,1,0.007361961994320154,OK,True,
cyvcf2-indexed,r03_region_titv,w1000000_10,1,92507,1092506,1000000,1474,2,0.0065342336893081665,OK,True,
cyvcf2-indexed,r03_region_titv,w1000000_10,1,92507,1092506,1000000,1474,3,0.00626384699717164,OK,True,
cyvcf2-indexed,r03_region_titv,w1000000_11,1,121211,1121210,1000000,370,1,0.002051998395472765,OK,True,
cyvcf2-indexed,r03_region_titv,w1000000_11,1,121211,1121210,1000000,370,2,0.0019429270178079605,OK,True,
cyvcf2-indexed,r03_region_titv,w1000000_11,1,121211,1121210,1000000,370,3,0.0017902050167322159,OK,True,
cyvcf2-indexed,r03_region_titv,w1000000_12,1,77765,1077764,1000000,2041,1,0.008454181719571352,OK,True,
cyvcf2-indexed,r03_region_titv,w1000000_12,1,77765,1077764,1000000,2041,2,0.008430982939898968,OK,True,
cyvcf2-indexed,r03_region_titv,w1000000_12,1,77765,1077764,1000000,2041,3,0.00798404822126031,OK,True,
cyvcf2-indexed,r03_region_titv,w1000000_13,2,118494,1118493,1000000,475,1,0.0022739479318261147,OK,True,
cyvcf2-indexed,r03_region_titv,w1000000_13,2,118494,1118493,1000000,475,2,0.0022383728064596653,OK,True,
cyvcf2-indexed,r03_region_titv,w1000000_13,2,118494,1118493,1000000,475,3,0.002183740958571434,OK,True,
cyvcf2-indexed,r03_region_titv,w1000000_14,1,92143,1092142,1000000,1488,1,0.006249024998396635,OK,True,
cyvcf2-indexed,r03_region_titv,w1000000_14,1,92143,1092142,1000000,1488,2,0.006157661788165569,OK,True,
cyvcf2-indexed,r03_region_titv,w1000000_14,1,92143,1092142,1000000,1488,3,0.006078856065869331,OK,True,
cyvcf2-indexed,r03_region_titv,w1000000_15,1,125423,1125422,1000000,208,1,0.0012812740169465542,OK,True,
cyvcf2-indexed,r03_region_titv,w1000000_15,1,125423,1125422,1000000,208,2,0.0012707551941275597,OK,True,
cyvcf2-indexed,r03_region_titv,w1000000_15,1,125423,1125422,1000000,208,3,0.0011969627812504768,OK,True,
cyvcf2-indexed,r03_region_titv,w1000000_16,2,99852,1099851,1000000,1192,1,0.004912564996629953,OK,True,
cyvcf2-indexed,r03_region_titv,w1000000_16,2,99852,1099851,1000000,1192,2,0.004879511892795563,OK,True,
cyvcf2-indexed,r03_region_titv,w1000000_16,2,99852,1099851,1000000,1192,3,0.0049425032921135426,OK,True,
cyvcf2-indexed,r03_region_titv,w1000000_17,2,49334,1049333,1000000,3135,1,0.011970976833254099,OK,True,
cyvcf2-indexed,r03_region_titv,w1000000_17,2,49334,1049333,1000000,3135,2,0.012060066219419241,OK,True,
cyvcf2-indexed,r03_region_titv,w1000000_17,2,49334,1049333,1000000,3135,3,0.01217194413766265,OK,True,
cyvcf2-indexed,r03_region_titv,w1000000_18,1,74801,1074800,1000000,2155,1,0.008558775298297405,OK,True,
cyvcf2-indexed,r03_region_titv,w1000000_18,1,74801,1074800,1000000,2155,2,0.00845855986699462,OK,True,
cyvcf2-indexed,r03_region_titv,w1000000_18,1,74801,1074800,1000000,2155,3,0.00829972792416811,OK,True,
cyvcf2-indexed,r03_region_titv,w1000000_19,1,121003,1121002,1000000,378,1,0.0019247778691351414,OK,True,
cyvcf2-indexed,r03_region_titv,w1000000_19,1,121003,1121002,1000000,378,2,0.0017971917986869812,OK,True,
cyvcf2-indexed,r03_region_titv,w1000000_19,1,121003,1121002,1000000,378,3,0.0017520622350275517,OK,True,
cyvcf2-indexed,r03_region_titv,w10000000_00,1,105481,10105480,10000000,975,1,0.004004139918833971,OK,True,
cyvcf2-indexed,r03_region_titv,w10000000_00,1,105481,10105480,10000000,975,2,0.0040463851764798164,OK,True,
cyvcf2-indexed,r03_region_titv,w10000000_00,1,105481,10105480,10000000,975,3,0.003924523014575243,OK,True,
cyvcf2-indexed,r03_region_titv,w10000000_01,1,37257,10037256,10000000,3599,1,0.013581810984760523,OK,True,
cyvcf2-indexed,r03_region_titv,w10000000_01,1,37257,10037256,10000000,3599,2,0.013610965572297573,OK,True,
cyvcf2-indexed,r03_region_titv,w10000000_01,1,37257,10037256,10000000,3599,3,0.013869924005120993,OK,True,
cyvcf2-indexed,r03_region_titv,w10000000_02,2,92130,10092129,10000000,1489,1,0.006215764209628105,OK,True,
cyvcf2-indexed,r03_region_titv,w10000000_02,2,92130,10092129,10000000,1489,2,0.00598831195384264,OK,True,
cyvcf2-indexed,r03_region_titv,w10000000_02,2,92130,10092129,10000000,1489,3,0.005931501276791096,OK,True,
cyvcf2-indexed,r03_region_titv,w10000000_03,1,25557,10025556,10000000,4049,1,0.015251391101628542,OK,True,
cyvcf2-indexed,r03_region_titv,w10000000_03,1,25557,10025556,10000000,4049,2,0.01542395493015647,OK,True,
cyvcf2-indexed,r03_region_titv,w10000000_03,1,25557,10025556,10000000,4049,3,0.015188871882855892,OK,True,
cyvcf2-indexed,r03_region_titv,w10000000_04,2,46604,10046603,10000000,3240,1,0.012425913009792566,OK,True,
cyvcf2-indexed,r03_region_titv,w10000000_04,2,46604,10046603,10000000,3240,2,0.012538316193968058,OK,True,
cyvcf2-indexed,r03_region_titv,w10000000_04,2,46604,10046603,10000000,3240,3,0.012474090792238712,OK,True,
cyvcf2-indexed,r03_region_titv,w10000000_05,1,49477,10049476,10000000,3129,1,0.011973359156399965,OK,True,
cyvcf2-indexed,r03_region_titv,w10000000_05,1,49477,10049476,10000000,3129,2,0.01184803294017911,OK,True,
cyvcf2-indexed,r03_region_titv,w10000000_05,1,49477,10049476,10000000,3129,3,0.011953989043831825,OK,True,
cyvcf2-indexed,r03_region_titv,w10000000_06,1,6499,10006498,10000000,4782,1,0.018507463857531548,OK,True,
cyvcf2-indexed,r03_region_titv,w10000000_06,1,6499,10006498,10000000,4782,2,0.01970754098147154,OK,True,
cyvcf2-indexed,r03_region_titv,w10000000_06,1,6499,10006498,10000000,4782,3,0.017834044992923737,OK,True,
cyvcf2-indexed,r03_region_titv,w10000000_07,2,47280,10047279,10000000,3214,1,0.012484407983720303,OK,True,
cyvcf2-indexed,r03_region_titv,w10000000_07,2,47280,10047279,10000000,3214,2,0.01244748430326581,OK,True,
cyvcf2-indexed,r03_region_titv,w10000000_07,2,47280,10047279,10000000,3214,3,0.01253997115418315,OK,True,
cyvcf2-indexed,r03_region_titv,w10000000_08,2,88724,10088723,10000000,1620,1,0.006365230772644281,OK,True,
cyvcf2-indexed,r03_region_titv,w10000000_08,2,88724,10088723,10000000,1620,2,0.0062433271668851376,OK,True,
cyvcf2-indexed,r03_region_titv,w10000000_08,2,88724,10088723,10000000,1620,3,0.006274857092648745,OK,True,
cyvcf2-indexed,r03_region_titv,w10000000_09,2,69692,10069691,10000000,2352,1,0.009027429856359959,OK,True,
cyvcf2-indexed,r03_region_titv,w10000000_09,2,69692,10069691,10000000,2352,2,0.008971432689577341,OK,True,
cyvcf2-indexed,r03_region_titv,w10000000_09,2,69692,10069691,10000000,2352,3,0.008952139411121607,OK,True,
cyvcf2-indexed,r03_region_titv,w10000000_10,1,51271,10051270,10000000,3060,1,0.01147311506792903,OK,True,
cyvcf2-indexed,r03_region_titv,w10000000_10,1,51271,10051270,10000000,3060,2,0.01156321819871664,OK,True,
cyvcf2-indexed,r03_region_titv,w10000000_10,1,51271,10051270,10000000,3060,3,0.011541421059519053,OK,True,
cyvcf2-indexed,r03_region_titv,w10000000_11,1,116349,10116348,10000000,557,1,0.0023845620453357697,OK,True,
cyvcf2-indexed,r03_region_titv,w10000000_11,1,116349,10116348,10000000,557,2,0.002374011091887951,OK,True,
cyvcf2-indexed,r03_region_titv,w10000000_11,1,116349,10116348,10000000,557,3,0.00239657424390316,OK,True,
cyvcf2-indexed,r03_region_titv,w10000000_12,1,121471,10121470,10000000,360,1,0.0016760830767452717,OK,True,
cyvcf2-indexed,r03_region_titv,w10000000_12,1,121471,10121470,10000000,360,2,0.0016994001343846321,OK,True,
cyvcf2-indexed,r03_region_titv,w10000000_12,1,121471,10121470,10000000,360,3,0.0016855662688612938,OK,True,
cyvcf2-indexed,r03_region_titv,w10000000_13,2,115582,10115581,10000000,587,1,0.002522385213524103,OK,True,
cyvcf2-indexed,r03_region_titv,w10000000_13,2,115582,10115581,10000000,587,2,0.0024853097274899483,OK,True,
cyvcf2-indexed,r03_region_titv,w10000000_13,2,115582,10115581,10000000,587,3,0.0024742819368839264,OK,True,
cyvcf2-indexed,r03_region_titv,w10000000_14,2,74138,10074137,10000000,2181,1,0.008687983732670546,OK,True,
cyvcf2-indexed,r03_region_titv,w10000000_14,2,74138,10074137,10000000,2181,2,0.008501364849507809,OK,True,
cyvcf2-indexed,r03_region_titv,w10000000_14,2,74138,10074137,10000000,2181,3,0.008432135917246342,OK,True,
cyvcf2-indexed,r03_region_titv,w10000000_15,1,50231,10050230,10000000,3100,1,0.011692639905959368,OK,True,
cyvcf2-indexed,r03_region_titv,w10000000_15,1,50231,10050230,10000000,3100,2,0.011717545799911022,OK,True,
cyvcf2-indexed,r03_region_titv,w10000000_15,1,50231,10050230,10000000,3100,3,0.011605798732489347,OK,True,
cyvcf2-indexed,r03_region_titv,w10000000_16,1,20669,10020668,10000000,4237,1,0.016210584435611963,OK,True,
cyvcf2-indexed,r03_region_titv,w10000000_16,1,20669,10020668,10000000,4237,2,0.01611529104411602,OK,True,
cyvcf2-indexed,r03_region_titv,w10000000_16,1,20669,10020668,10000000,4237,3,0.015813994221389294,OK,True,
cyvcf2-indexed,r03_region_titv,w10000000_17,1,66273,10066272,10000000,2483,1,0.009587786626070738,OK,True,
cyvcf2-indexed,r03_region_titv,w10000000_17,1,66273,10066272,10000000,2483,2,0.0096618109382689,OK,True,
cyvcf2-indexed,r03_region_titv,w10000000_17,1,66273,10066272,10000000,2483,3,0.00944523373618722,OK,True,
cyvcf2-indexed,r03_region_titv,w10000000_18,1,57745,10057744,10000000,2811,1,0.010795265901833773,OK,True,
cyvcf2-indexed,r03_region_titv,w10000000_18,1,57745,10057744,10000000,2811,2,0.010947959031909704,OK,True,
cyvcf2-indexed,r03_region_titv,w10000000_18,1,57745,10057744,10000000,2811,3,0.010828110855072737,OK,True,
cyvcf2-indexed,r03_region_titv,w10000000_19,1,102907,10102906,10000000,1074,1,0.004397047683596611,OK,True,
cyvcf2-indexed,r03_region_titv,w10000000_19,1,102907,10102906,10000000,1074,2,0.004381833132356405,OK,True,
cyvcf2-indexed,r03_region_titv,w10000000_19,1,102907,10102906,10000000,1074,3,0.0043583279475569725,OK,True,
cyvcf2-indexed,r04_region_filter_distribution,w1000_00,2,53546,54545,1000,39,1,0.0005527329631149769,OK,True,
cyvcf2-indexed,r04_region_filter_distribution,w1000_00,2,53546,54545,1000,39,2,0.0005102097056806087,OK,True,
cyvcf2-indexed,r04_region_filter_distribution,w1000_00,2,53546,54545,1000,39,3,0.0005220449529588223,OK,True,
cyvcf2-indexed,r04_region_filter_distribution,w1000_01,2,79858,80857,1000,39,1,0.0006405669264495373,OK,True,
cyvcf2-indexed,r04_region_filter_distribution,w1000_01,2,79858,80857,1000,39,2,0.0006177867762744427,OK,True,
cyvcf2-indexed,r04_region_filter_distribution,w1000_01,2,79858,80857,1000,39,3,0.0006057708524167538,OK,True,
cyvcf2-indexed,r04_region_filter_distribution,w1000_02,1,90739,91738,1000,39,1,0.0005675340071320534,OK,True,
cyvcf2-indexed,r04_region_filter_distribution,w1000_02,1,90739,91738,1000,39,2,0.0005891728214919567,OK,True,
cyvcf2-indexed,r04_region_filter_distribution,w1000_02,1,90739,91738,1000,39,3,0.0005979989655315876,OK,True,
cyvcf2-indexed,r04_region_filter_distribution,w1000_03,2,44394,45393,1000,39,1,0.0006106398068368435,OK,True,
cyvcf2-indexed,r04_region_filter_distribution,w1000_03,2,44394,45393,1000,39,2,0.0006102290935814381,OK,True,
cyvcf2-indexed,r04_region_filter_distribution,w1000_03,2,44394,45393,1000,39,3,0.0005885460413992405,OK,True,
cyvcf2-indexed,r04_region_filter_distribution,w1000_04,1,7981,8980,1000,39,1,0.0005390169098973274,OK,True,
cyvcf2-indexed,r04_region_filter_distribution,w1000_04,1,7981,8980,1000,39,2,0.0005189459770917892,OK,True,
cyvcf2-indexed,r04_region_filter_distribution,w1000_04,1,7981,8980,1000,39,3,0.0005823858082294464,OK,True,
cyvcf2-indexed,r04_region_filter_distribution,w1000_05,1,110863,111862,1000,39,1,0.0007175011560320854,OK,True,
cyvcf2-indexed,r04_region_filter_distribution,w1000_05,1,110863,111862,1000,39,2,0.0006478256545960903,OK,True,
cyvcf2-indexed,r04_region_filter_distribution,w1000_05,1,110863,111862,1000,39,3,0.0006217430345714092,OK,True,
cyvcf2-indexed,r04_region_filter_distribution,w1000_06,1,104311,105310,1000,39,1,0.0005623032338917255,OK,True,
cyvcf2-indexed,r04_region_filter_distribution,w1000_06,1,104311,105310,1000,39,2,0.0005435287021100521,OK,True,
cyvcf2-indexed,r04_region_filter_distribution,w1000_06,1,104311,105310,1000,39,3,0.0005531278438866138,OK,True,
cyvcf2-indexed,r04_region_filter_distribution,w1000_07,1,14091,15090,1000,39,1,0.000621194951236248,OK,True,
cyvcf2-indexed,r04_region_filter_distribution,w1000_07,1,14091,15090,1000,39,2,0.0005991561338305473,OK,True,
cyvcf2-indexed,r04_region_filter_distribution,w1000_07,1,14091,15090,1000,39,3,0.0006094560958445072,OK,True,
cyvcf2-indexed,r04_region_filter_distribution,w1000_08,2,48996,49995,1000,39,1,0.0006413999944925308,OK,True,
cyvcf2-indexed,r04_region_filter_distribution,w1000_08,2,48996,49995,1000,39,2,0.0006628222763538361,OK,True,
cyvcf2-indexed,r04_region_filter_distribution,w1000_08,2,48996,49995,1000,39,3,0.0006718127988278866,OK,True,
cyvcf2-indexed,r04_region_filter_distribution,w1000_09,1,120145,121144,1000,39,1,0.0005206898786127567,OK,True,
cyvcf2-indexed,r04_region_filter_distribution,w1000_09,1,120145,121144,1000,39,2,0.0005279760807752609,OK,True,
cyvcf2-indexed,r04_region_filter_distribution,w1000_09,1,120145,121144,1000,39,3,0.0005021030083298683,OK,True,
cyvcf2-indexed,r04_region_filter_distribution,w1000_10,2,73436,74435,1000,39,1,0.0005628149956464767,OK,True,
cyvcf2-indexed,r04_region_filter_distribution,w1000_10,2,73436,74435,1000,39,2,0.0005557327531278133,OK,True,
cyvcf2-indexed,r04_region_filter_distribution,w1000_10,2,73436,74435,1000,39,3,0.0005632187239825726,OK,True,
cyvcf2-indexed,r04_region_filter_distribution,w1000_11,1,41547,42546,1000,39,1,0.0005453317426145077,OK,True,
cyvcf2-indexed,r04_region_filter_distribution,w1000_11,1,41547,42546,1000,39,2,0.0005330741405487061,OK,True,
cyvcf2-indexed,r04_region_filter_distribution,w1000_11,1,41547,42546,1000,39,3,0.0005472670309245586,OK,True,
cyvcf2-indexed,r04_region_filter_distribution,w1000_12,2,112670,113669,1000,39,1,0.0006489460356533527,OK,True,
cyvcf2-indexed,r04_region_filter_distribution,w1000_12,2,112670,113669,1000,39,2,0.0006133290007710457,OK,True,
cyvcf2-indexed,r04_region_filter_distribution,w1000_12,2,112670,113669,1000,39,3,0.0006105168722569942,OK,True,
cyvcf2-indexed,r04_region_filter_distribution,w1000_13,2,121328,122327,1000,39,1,0.0005364068783819675,OK,True,
cyvcf2-indexed,r04_region_filter_distribution,w1000_13,2,121328,122327,1000,39,2,0.0005537872202694416,OK,True,
cyvcf2-indexed,r04_region_filter_distribution,w1000_13,2,121328,122327,1000,39,3,0.0005391789600253105,OK,True,
cyvcf2-indexed,r04_region_filter_distribution,w1000_14,2,128114,129113,1000,39,1,0.0006119622848927975,OK,True,
cyvcf2-indexed,r04_region_filter_distribution,w1000_14,2,128114,129113,1000,39,2,0.000607270747423172,OK,True,
cyvcf2-indexed,r04_region_filter_distribution,w1000_14,2,128114,129113,1000,39,3,0.0005997000262141228,OK,True,
cyvcf2-indexed,r04_region_filter_distribution,w1000_15,1,56237,57236,1000,39,1,0.0006114961579442024,OK,True,
cyvcf2-indexed,r04_region_filter_distribution,w1000_15,1,56237,57236,1000,39,2,0.0006028157658874989,OK,True,
cyvcf2-indexed,r04_region_filter_distribution,w1000_15,1,56237,57236,1000,39,3,0.0006176689639687538,OK,True,
cyvcf2-indexed,r04_region_filter_distribution,w1000_16,1,65883,66882,1000,39,1,0.0005002813413739204,OK,True,
cyvcf2-indexed,r04_region_filter_distribution,w1000_16,1,65883,66882,1000,39,2,0.00046763522550463676,OK,True,
cyvcf2-indexed,r04_region_filter_distribution,w1000_16,1,65883,66882,1000,39,3,0.0004689078778028488,OK,True,
cyvcf2-indexed,r04_region_filter_distribution,w1000_17,2,13298,14297,1000,39,1,0.0006079250015318394,OK,True,
cyvcf2-indexed,r04_region_filter_distribution,w1000_17,2,13298,14297,1000,39,2,0.0006461888551712036,OK,True,
cyvcf2-indexed,r04_region_filter_distribution,w1000_17,2,13298,14297,1000,39,3,0.0006601749919354916,OK,True,
cyvcf2-indexed,r04_region_filter_distribution,w1000_18,2,32252,33251,1000,39,1,0.0006340299732983112,OK,True,
cyvcf2-indexed,r04_region_filter_distribution,w1000_18,2,32252,33251,1000,39,2,0.0006223749369382858,OK,True,
cyvcf2-indexed,r04_region_filter_distribution,w1000_18,2,32252,33251,1000,39,3,0.0006045862101018429,OK,True,
cyvcf2-indexed,r04_region_filter_distribution,w1000_19,1,96953,97952,1000,39,1,0.0006304727867245674,OK,True,
cyvcf2-indexed,r04_region_filter_distribution,w1000_19,1,96953,97952,1000,39,2,0.0006418661214411259,OK,True,
cyvcf2-indexed,r04_region_filter_distribution,w1000_19,1,96953,97952,1000,39,3,0.0006134207360446453,OK,True,
cyvcf2-indexed,r04_region_filter_distribution,w100000_00,2,120002,220001,100000,417,1,0.0019234833307564259,OK,True,
cyvcf2-indexed,r04_region_filter_distribution,w100000_00,2,120002,220001,100000,417,2,0.0019648969173431396,OK,True,
cyvcf2-indexed,r04_region_filter_distribution,w100000_00,2,120002,220001,100000,417,3,0.0018852069042623043,OK,True,
cyvcf2-indexed,r04_region_filter_distribution,w100000_01,1,88763,188762,100000,1618,1,0.0061105890199542046,OK,True,
cyvcf2-indexed,r04_region_filter_distribution,w100000_01,1,88763,188762,100000,1618,2,0.006092329043895006,OK,True,
cyvcf2-indexed,r04_region_filter_distribution,w100000_01,1,88763,188762,100000,1618,3,0.006166902370750904,OK,True,
cyvcf2-indexed,r04_region_filter_distribution,w100000_02,1,52857,152856,100000,2999,1,0.010896369349211454,OK,True,
cyvcf2-indexed,r04_region_filter_distribution,w100000_02,1,52857,152856,100000,2999,2,0.011010399553924799,OK,True,
cyvcf2-indexed,r04_region_filter_distribution,w100000_02,1,52857,152856,100000,2999,3,0.010997321922332048,OK,True,
cyvcf2-indexed,r04_region_filter_distribution,w100000_03,2,52324,152323,100000,3020,1,0.011258385144174099,OK,True,
cyvcf2-indexed,r04_region_filter_distribution,w100000_03,2,52324,152323,100000,3020,2,0.011234637815505266,OK,True,
cyvcf2-indexed,r04_region_filter_distribution,w100000_03,2,52324,152323,100000,3020,3,0.011588017921894789,OK,True,
cyvcf2-indexed,r04_region_filter_distribution,w100000_04,2,34592,134591,100000,3702,1,0.013525443151593208,OK,True,
cyvcf2-indexed,r04_region_filter_distribution,w100000_04,2,34592,134591,100000,3702,2,0.01334365177899599,OK,True,
cyvcf2-indexed,r04_region_filter_distribution,w100000_04,2,34592,134591,100000,3702,3,0.013208623044192791,OK,True,
cyvcf2-indexed,r04_region_filter_distribution,w100000_05,1,53975,153974,100000,2956,1,0.010790843050926924,OK,True,
cyvcf2-indexed,r04_region_filter_distribution,w100000_05,1,53975,153974,100000,2956,2,0.010728353168815374,OK,True,
cyvcf2-indexed,r04_region_filter_distribution,w100000_05,1,53975,153974,100000,2956,3,0.010617573279887438,OK,True,
cyvcf2-indexed,r04_region_filter_distribution,w100000_06,1,116323,216322,100000,558,1,0.0024400888942182064,OK,True,
cyvcf2-indexed,r04_region_filter_distribution,w100000_06,1,116323,216322,100000,558,2,0.0023571220226585865,OK,True,
cyvcf2-indexed,r04_region_filter_distribution,w100000_06,1,116323,216322,100000,558,3,0.0023170369677245617,OK,True,
cyvcf2-indexed,r04_region_filter_distribution,w100000_07,2,54378,154377,100000,2941,1,0.011003119871020317,OK,True,
cyvcf2-indexed,r04_region_filter_distribution,w100000_07,2,54378,154377,100000,2941,2,0.010829220060259104,OK,True,
cyvcf2-indexed,r04_region_filter_distribution,w100000_07,2,54378,154377,100000,2941,3,0.010896700900048018,OK,True,
cyvcf2-indexed,r04_region_filter_distribution,w100000_08,2,7188,107187,100000,3847,1,0.013847725931555033,OK,True,
cyvcf2-indexed,r04_region_filter_distribution,w100000_08,2,7188,107187,100000,3847,2,0.013851338997483253,OK,True,
cyvcf2-indexed,r04_region_filter_distribution,w100000_08,2,7188,107187,100000,3847,3,0.014085040427744389,OK,True,
cyvcf2-indexed,r04_region_filter_distribution,w100000_09,2,111448,211447,100000,746,1,0.0032179872505366802,OK,True,
cyvcf2-indexed,r04_region_filter_distribution,w100000_09,2,111448,211447,100000,746,2,0.0032807840034365654,OK,True,
cyvcf2-indexed,r04_region_filter_distribution,w100000_09,2,111448,211447,100000,746,3,0.003173856995999813,OK,True,
cyvcf2-indexed,r04_region_filter_distribution,w100000_10,2,122134,222133,100000,335,1,0.0016622832044959068,OK,True,
cyvcf2-indexed,r04_region_filter_distribution,w100000_10,2,122134,222133,100000,335,2,0.0016193008050322533,OK,True,
cyvcf2-indexed,r04_region_filter_distribution,w100000_10,2,122134,222133,100000,335,3,0.0015987283550202847,OK,True,
cyvcf2-indexed,r04_region_filter_distribution,w100000_11,1,4159,104158,100000,3847,1,0.013954680878669024,OK,True,
cyvcf2-indexed,r04_region_filter_distribution,w100000_11,1,4159,104158,100000,3847,2,0.015591199975460768,OK,True,
cyvcf2-indexed,r04_region_filter_distribution,w100000_11,1,4159,104158,100000,3847,3,0.01386482734233141,OK,True,
cyvcf2-indexed,r04_region_filter_distribution,w100000_12,2,13740,113739,100000,3847,1,0.01450414303690195,OK,True,
cyvcf2-indexed,r04_region_filter_distribution,w100000_12,2,13740,113739,100000,3847,2,0.013898654840886593,OK,True,
cyvcf2-indexed,r04_region_filter_distribution,w100000_12,2,13740,113739,100000,3847,3,0.014234443195164204,OK,True,
cyvcf2-indexed,r04_region_filter_distribution,w100000_13,2,91324,191323,100000,1520,1,0.005946047138422728,OK,True,
cyvcf2-indexed,r04_region_filter_distribution,w100000_13,2,91324,191323,100000,1520,2,0.005831466056406498,OK,True,
cyvcf2-indexed,r04_region_filter_distribution,w100000_13,2,91324,191323,100000,1520,3,0.005865762010216713,OK,True,
cyvcf2-indexed,r04_region_filter_distribution,w100000_14,2,21254,121253,100000,3847,1,0.013694248162209988,OK,True,
cyvcf2-indexed,r04_region_filter_distribution,w100000_14,2,21254,121253,100000,3847,2,0.01383819431066513,OK,True,
cyvcf2-indexed,r04_region_filter_distribution,w100000_14,2,21254,121253,100000,3847,3,0.013770536985248327,OK,True,
cyvcf2-indexed,r04_region_filter_distribution,w100000_15,1,111279,211278,100000,752,1,0.003120953682810068,OK,True,
cyvcf2-indexed,r04_region_filter_distribution,w100000_15,1,111279,211278,100000,752,2,0.003161843866109848,OK,True,
cyvcf2-indexed,r04_region_filter_distribution,w100000_15,1,111279,211278,100000,752,3,0.0030919788405299187,OK,True,
cyvcf2-indexed,r04_region_filter_distribution,w100000_16,1,113957,213956,100000,649,1,0.002738933078944683,OK,True,
cyvcf2-indexed,r04_region_filter_distribution,w100000_16,1,113957,213956,100000,649,2,0.0027331742458045483,OK,True,
cyvcf2-indexed,r04_region_filter_distribution,w100000_16,1,113957,213956,100000,649,3,0.0027731494046747684,OK,True,
cyvcf2-indexed,r04_region_filter_distribution,w100000_17,1,26389,126388,100000,3847,1,0.013771422673016787,OK,True,
cyvcf2-indexed,r04_region_filter_distribution,w100000_17,1,26389,126388,100000,3847,2,0.013922965619713068,OK,True,
cyvcf2-indexed,r04_region_filter_distribution,w100000_17,1,26389,126388,100000,3847,3,0.01396346790716052,OK,True,
cyvcf2-indexed,r04_region_filter_distribution,w100000_18,2,62074,162073,100000,2645,1,0.00982934795320034,OK,True,
cyvcf2-indexed,r04_region_filter_distribution,w100000_18,2,62074,162073,100000,2645,2,0.009724493138492107,OK,True,
cyvcf2-indexed,r04_region_filter_distribution,w100000_18,2,62074,162073,100000,2645,3,0.009803818073123693,OK,True,
cyvcf2-indexed,r04_region_filter_distribution,w100000_19,1,99683,199682,100000,1198,1,0.004647604189813137,OK,True,
cyvcf2-indexed,r04_region_filter_distribution,w100000_19,1,99683,199682,100000,1198,2,0.004669827874749899,OK,True,
cyvcf2-indexed,r04_region_filter_distribution,w100000_19,1,99683,199682,100000,1198,3,0.004485300742089748,OK,True,
cyvcf2-indexed,r04_region_filter_distribution,w1000000_00,2,77700,1077699,1000000,2044,1,0.0078114112839102745,OK,True,
cyvcf2-indexed,r04_region_filter_distribution,w1000000_00,2,77700,1077699,1000000,2044,2,0.007969785016030073,OK,True,
cyvcf2-indexed,r04_region_filter_distribution,w1000000_00,2,77700,1077699,1000000,2044,3,0.007743502035737038,OK,True,
cyvcf2-indexed,r04_region_filter_distribution,w1000000_01,2,14260,1014259,1000000,4484,1,0.016111160162836313,OK,True,
cyvcf2-indexed,r04_region_filter_distribution,w1000000_01,2,14260,1014259,1000000,4484,2,0.016202496830374002,OK,True,
cyvcf2-indexed,r04_region_filter_distribution,w1000000_01,2,14260,1014259,1000000,4484,3,0.016048206947743893,OK,True,
cyvcf2-indexed,r04_region_filter_distribution,w1000000_02,2,39428,1039427,1000000,3516,1,0.012810098938643932,OK,True,
cyvcf2-indexed,r04_region_filter_distribution,w1000000_02,2,39428,1039427,1000000,3516,2,0.013354962226003408,OK,True,
cyvcf2-indexed,r04_region_filter_distribution,w1000000_02,2,39428,1039427,1000000,3516,3,0.01288665784522891,OK,True,
cyvcf2-indexed,r04_region_filter_distribution,w1000000_03,2,121614,1121613,1000000,355,1,0.001731880009174347,OK,True,
cyvcf2-indexed,r04_region_filter_distribution,w1000000_03,2,121614,1121613,1000000,355,2,0.0016635661013424397,OK,True,
cyvcf2-indexed,r04_region_filter_distribution,w1000000_03,2,121614,1121613,1000000,355,3,0.0016193906776607037,OK,True,
cyvcf2-indexed,r04_region_filter_distribution,w1000000_04,2,45980,1045979,1000000,3264,1,0.01173968194052577,OK,True,
cyvcf2-indexed,r04_region_filter_distribution,w1000000_04,2,45980,1045979,1000000,3264,2,0.01204712875187397,OK,True,
cyvcf2-indexed,r04_region_filter_distribution,w1000000_04,2,45980,1045979,1000000,3264,3,0.011700144037604332,OK,True,
cyvcf2-indexed,r04_region_filter_distribution,w1000000_05,2,74320,1074319,1000000,2174,1,0.008022991940379143,OK,True,
cyvcf2-indexed,r04_region_filter_distribution,w1000000_05,2,74320,1074319,1000000,2174,2,0.008122224360704422,OK,True,
cyvcf2-indexed,r04_region_filter_distribution,w1000000_05,2,74320,1074319,1000000,2174,3,0.007980143185704947,OK,True,
cyvcf2-indexed,r04_region_filter_distribution,w1000000_06,1,75477,1075476,1000000,2129,1,0.007803713902831078,OK,True,
cyvcf2-indexed,r04_region_filter_distribution,w1000000_06,1,75477,1075476,1000000,2129,2,0.00786602683365345,OK,True,
cyvcf2-indexed,r04_region_filter_distribution,w1000000_06,1,75477,1075476,1000000,2129,3,0.00777318375185132,OK,True,
cyvcf2-indexed,r04_region_filter_distribution,w1000000_07,1,15729,1015728,1000000,4427,1,0.01583768893033266,OK,True,
cyvcf2-indexed,r04_region_filter_distribution,w1000000_07,1,15729,1015728,1000000,4427,2,0.01606105314567685,OK,True,
cyvcf2-indexed,r04_region_filter_distribution,w1000000_07,1,15729,1015728,1000000,4427,3,0.015799108892679214,OK,True,
cyvcf2-indexed,r04_region_filter_distribution,w1000000_08,2,74268,1074267,1000000,2176,1,0.00812299083918333,OK,True,
cyvcf2-indexed,r04_region_filter_distribution,w1000000_08,2,74268,1074267,1000000,2176,2,0.008155466988682747,OK,True,
cyvcf2-indexed,r04_region_filter_distribution,w1000000_08,2,74268,1074267,1000000,2176,3,0.007968330755829811,OK,True,
cyvcf2-indexed,r04_region_filter_distribution,w1000000_09,1,33643,1033642,1000000,3738,1,0.013443702831864357,OK,True,
cyvcf2-indexed,r04_region_filter_distribution,w1000000_09,1,33643,1033642,1000000,3738,2,0.013319542165845633,OK,True,
cyvcf2-indexed,r04_region_filter_distribution,w1000000_09,1,33643,1033642,1000000,3738,3,0.013528712093830109,OK,True,
cyvcf2-indexed,r04_region_filter_distribution,w1000000_10,1,92507,1092506,1000000,1474,1,0.0056678978726267815,OK,True,
cyvcf2-indexed,r04_region_filter_distribution,w1000000_10,1,92507,1092506,1000000,1474,2,0.005720643792301416,OK,True,
cyvcf2-indexed,r04_region_filter_distribution,w1000000_10,1,92507,1092506,1000000,1474,3,0.005698813125491142,OK,True,
cyvcf2-indexed,r04_region_filter_distribution,w1000000_11,1,121211,1121210,1000000,370,1,0.001679892186075449,OK,True,
cyvcf2-indexed,r04_region_filter_distribution,w1000000_11,1,121211,1121210,1000000,370,2,0.0016772858798503876,OK,True,
cyvcf2-indexed,r04_region_filter_distribution,w1000000_11,1,121211,1121210,1000000,370,3,0.001740030013024807,OK,True,
cyvcf2-indexed,r04_region_filter_distribution,w1000000_12,1,77765,1077764,1000000,2041,1,0.0075967698357999325,OK,True,
cyvcf2-indexed,r04_region_filter_distribution,w1000000_12,1,77765,1077764,1000000,2041,2,0.0076371547766029835,OK,True,
cyvcf2-indexed,r04_region_filter_distribution,w1000000_12,1,77765,1077764,1000000,2041,3,0.007505433168262243,OK,True,
cyvcf2-indexed,r04_region_filter_distribution,w1000000_13,2,118494,1118493,1000000,475,1,0.0020545171573758125,OK,True,
cyvcf2-indexed,r04_region_filter_distribution,w1000000_13,2,118494,1118493,1000000,475,2,0.002014867030084133,OK,True,
cyvcf2-indexed,r04_region_filter_distribution,w1000000_13,2,118494,1118493,1000000,475,3,0.002009105868637562,OK,True,
cyvcf2-indexed,r04_region_filter_distribution,w1000000_14,1,92143,1092142,1000000,1488,1,0.005575146991759539,OK,True,
cyvcf2-indexed,r04_region_filter_distribution,w1000000_14,1,92143,1092142,1000000,1488,2,0.00578681193292141,OK,True,
cyvcf2-indexed,r04_region_filter_distribution,w1000000_14,1,92143,1092142,1000000,1488,3,0.005718633998185396,OK,True,
cyvcf2-indexed,r04_region_filter_distribution,w1000000_15,1,125423,1125422,1000000,208,1,0.00120574701577425,OK,True,
cyvcf2-indexed,r04_region_filter_distribution,w1000000_15,1,125423,1125422,1000000,208,2,0.0011931639164686203,OK,True,
cyvcf2-indexed,r04_region_filter_distribution,w1000000_15,1,125423,1125422,1000000,208,3,0.0012111752294003963,OK,True,
cyvcf2-indexed,r04_region_filter_distribution,w1000000_16,2,99852,1099851,1000000,1192,1,0.004473733715713024,OK,True,
cyvcf2-indexed,r04_region_filter_distribution,w1000000_16,2,99852,1099851,1000000,1192,2,0.004521054681390524,OK,True,
cyvcf2-indexed,r04_region_filter_distribution,w1000000_16,2,99852,1099851,1000000,1192,3,0.004607316106557846,OK,True,
cyvcf2-indexed,r04_region_filter_distribution,w1000000_17,2,49334,1049333,1000000,3135,1,0.011346681974828243,OK,True,
cyvcf2-indexed,r04_region_filter_distribution,w1000000_17,2,49334,1049333,1000000,3135,2,0.011247185990214348,OK,True,
cyvcf2-indexed,r04_region_filter_distribution,w1000000_17,2,49334,1049333,1000000,3135,3,0.011576650198549032,OK,True,
cyvcf2-indexed,r04_region_filter_distribution,w1000000_18,1,74801,1074800,1000000,2155,1,0.008110026828944683,OK,True,
cyvcf2-indexed,r04_region_filter_distribution,w1000000_18,1,74801,1074800,1000000,2155,2,0.007976875640451908,OK,True,
cyvcf2-indexed,r04_region_filter_distribution,w1000000_18,1,74801,1074800,1000000,2155,3,0.007953383028507233,OK,True,
cyvcf2-indexed,r04_region_filter_distribution,w1000000_19,1,121003,1121002,1000000,378,1,0.001718738116323948,OK,True,
cyvcf2-indexed,r04_region_filter_distribution,w1000000_19,1,121003,1121002,1000000,378,2,0.0017068786546587944,OK,True,
cyvcf2-indexed,r04_region_filter_distribution,w1000000_19,1,121003,1121002,1000000,378,3,0.0016978681087493896,OK,True,
cyvcf2-indexed,r04_region_filter_distribution,w10000000_00,1,105481,10105480,10000000,975,1,0.0037755765952169895,OK,True,
cyvcf2-indexed,r04_region_filter_distribution,w10000000_00,1,105481,10105480,10000000,975,2,0.003844895865768194,OK,True,
cyvcf2-indexed,r04_region_filter_distribution,w10000000_00,1,105481,10105480,10000000,975,3,0.003781975246965885,OK,True,
cyvcf2-indexed,r04_region_filter_distribution,w10000000_01,1,37257,10037256,10000000,3599,1,0.012780156917870045,OK,True,
cyvcf2-indexed,r04_region_filter_distribution,w10000000_01,1,37257,10037256,10000000,3599,2,0.013168971985578537,OK,True,
cyvcf2-indexed,r04_region_filter_distribution,w10000000_01,1,37257,10037256,10000000,3599,3,0.012948013376444578,OK,True,
cyvcf2-indexed,r04_region_filter_distribution,w10000000_02,2,92130,10092129,10000000,1489,1,0.005731294862926006,OK,True,
cyvcf2-indexed,r04_region_filter_distribution,w10000000_02,2,92130,10092129,10000000,1489,2,0.005684067029505968,OK,True,
cyvcf2-indexed,r04_region_filter_distribution,w10000000_02,2,92130,10092129,10000000,1489,3,0.005600924137979746,OK,True,
cyvcf2-indexed,r04_region_filter_distribution,w10000000_03,1,25557,10025556,10000000,4049,1,0.01471517002210021,OK,True,
cyvcf2-indexed,r04_region_filter_distribution,w10000000_03,1,25557,10025556,10000000,4049,2,0.015025574248284101,OK,True,
cyvcf2-indexed,r04_region_filter_distribution,w10000000_03,1,25557,10025556,10000000,4049,3,0.014669289346784353,OK,True,
cyvcf2-indexed,r04_region_filter_distribution,w10000000_04,2,46604,10046603,10000000,3240,1,0.01208754489198327,OK,True,
cyvcf2-indexed,r04_region_filter_distribution,w10000000_04,2,46604,10046603,10000000,3240,2,0.014195236843079329,OK,True,
cyvcf2-indexed,r04_region_filter_distribution,w10000000_04,2,46604,10046603,10000000,3240,3,0.013210674282163382,OK,True,
cyvcf2-indexed,r04_region_filter_distribution,w10000000_05,1,49477,10049476,10000000,3129,1,0.011946539860218763,OK,True,
cyvcf2-indexed,r04_region_filter_distribution,w10000000_05,1,49477,10049476,10000000,3129,2,0.0123825091868639,OK,True,
cyvcf2-indexed,r04_region_filter_distribution,w10000000_05,1,49477,10049476,10000000,3129,3,0.011435076128691435,OK,True,
cyvcf2-indexed,r04_region_filter_distribution,w10000000_06,1,6499,10006498,10000000,4782,1,0.017012550961226225,OK,True,
cyvcf2-indexed,r04_region_filter_distribution,w10000000_06,1,6499,10006498,10000000,4782,2,0.016967813950031996,OK,True,
cyvcf2-indexed,r04_region_filter_distribution,w10000000_06,1,6499,10006498,10000000,4782,3,0.01678909594193101,OK,True,
cyvcf2-indexed,r04_region_filter_distribution,w10000000_07,2,47280,10047279,10000000,3214,1,0.011646453756839037,OK,True,
cyvcf2-indexed,r04_region_filter_distribution,w10000000_07,2,47280,10047279,10000000,3214,2,0.011780224274843931,OK,True,
cyvcf2-indexed,r04_region_filter_distribution,w10000000_07,2,47280,10047279,10000000,3214,3,0.01144016906619072,OK,True,
cyvcf2-indexed,r04_region_filter_distribution,w10000000_08,2,88724,10088723,10000000,1620,1,0.006123953964561224,OK,True,
cyvcf2-indexed,r04_region_filter_distribution,w10000000_08,2,88724,10088723,10000000,1620,2,0.006101429928094149,OK,True,
cyvcf2-indexed,r04_region_filter_distribution,w10000000_08,2,88724,10088723,10000000,1620,3,0.006021573208272457,OK,True,
cyvcf2-indexed,r04_region_filter_distribution,w10000000_09,2,69692,10069691,10000000,2352,1,0.008453693706542253,OK,True,
cyvcf2-indexed,r04_region_filter_distribution,w10000000_09,2,69692,10069691,10000000,2352,2,0.008622730150818825,OK,True,
cyvcf2-indexed,r04_region_filter_distribution,w10000000_09,2,69692,10069691,10000000,2352,3,0.008650315925478935,OK,True,
cyvcf2-indexed,r04_region_filter_distribution,w10000000_10,1,51271,10051270,10000000,3060,1,0.011174365878105164,OK,True,
cyvcf2-indexed,r04_region_filter_distribution,w10000000_10,1,51271,10051270,10000000,3060,2,0.011151900980621576,OK,True,
cyvcf2-indexed,r04_region_filter_distribution,w10000000_10,1,51271,10051270,10000000,3060,3,0.01108137983828783,OK,True,
cyvcf2-indexed,r04_region_filter_distribution,w10000000_11,1,116349,10116348,10000000,557,1,0.002326606772840023,OK,True,
cyvcf2-indexed,r04_region_filter_distribution,w10000000_11,1,116349,10116348,10000000,557,2,0.0022788061760365963,OK,True,
cyvcf2-indexed,r04_region_filter_distribution,w10000000_11,1,116349,10116348,10000000,557,3,0.0022911480627954006,OK,True,
cyvcf2-indexed,r04_region_filter_distribution,w10000000_12,1,121471,10121470,10000000,360,1,0.0016706199385225773,OK,True,
cyvcf2-indexed,r04_region_filter_distribution,w10000000_12,1,121471,10121470,10000000,360,2,0.0016161673702299595,OK,True,
cyvcf2-indexed,r04_region_filter_distribution,w10000000_12,1,121471,10121470,10000000,360,3,0.0016539040952920914,OK,True,
cyvcf2-indexed,r04_region_filter_distribution,w10000000_13,2,115582,10115581,10000000,587,1,0.002387596294283867,OK,True,
cyvcf2-indexed,r04_region_filter_distribution,w10000000_13,2,115582,10115581,10000000,587,2,0.0024138949811458588,OK,True,
cyvcf2-indexed,r04_region_filter_distribution,w10000000_13,2,115582,10115581,10000000,587,3,0.0023684590123593807,OK,True,
cyvcf2-indexed,r04_region_filter_distribution,w10000000_14,2,74138,10074137,10000000,2181,1,0.00819968106225133,OK,True,
cyvcf2-indexed,r04_region_filter_distribution,w10000000_14,2,74138,10074137,10000000,2181,2,0.008320515975356102,OK,True,
cyvcf2-indexed,r04_region_filter_distribution,w10000000_14,2,74138,10074137,10000000,2181,3,0.01094994181767106,OK,True,
cyvcf2-indexed,r04_region_filter_distribution,w10000000_15,1,50231,10050230,10000000,3100,1,0.01154915802180767,OK,True,
cyvcf2-indexed,r04_region_filter_distribution,w10000000_15,1,50231,10050230,10000000,3100,2,0.011508239898830652,OK,True,
cyvcf2-indexed,r04_region_filter_distribution,w10000000_15,1,50231,10050230,10000000,3100,3,0.011119389906525612,OK,True,
cyvcf2-indexed,r04_region_filter_distribution,w10000000_16,1,20669,10020668,10000000,4237,1,0.015059498138725758,OK,True,
cyvcf2-indexed,r04_region_filter_distribution,w10000000_16,1,20669,10020668,10000000,4237,2,0.015233456157147884,OK,True,
cyvcf2-indexed,r04_region_filter_distribution,w10000000_16,1,20669,10020668,10000000,4237,3,0.01553112780675292,OK,True,
cyvcf2-indexed,r04_region_filter_distribution,w10000000_17,1,66273,10066272,10000000,2483,1,0.009204387199133635,OK,True,
cyvcf2-indexed,r04_region_filter_distribution,w10000000_17,1,66273,10066272,10000000,2483,2,0.009254339151084423,OK,True,
cyvcf2-indexed,r04_region_filter_distribution,w10000000_17,1,66273,10066272,10000000,2483,3,0.00928919529542327,OK,True,
cyvcf2-indexed,r04_region_filter_distribution,w10000000_18,1,57745,10057744,10000000,2811,1,0.010288184974342585,OK,True,
cyvcf2-indexed,r04_region_filter_distribution,w10000000_18,1,57745,10057744,10000000,2811,2,0.010300361085683107,OK,True,
cyvcf2-indexed,r04_region_filter_distribution,w10000000_18,1,57745,10057744,10000000,2811,3,0.010332202073186636,OK,True,
cyvcf2-indexed,r04_region_filter_distribution,w10000000_19,1,102907,10102906,10000000,1074,1,0.0041307988576591015,OK,True,
cyvcf2-indexed,r04_region_filter_distribution,w10000000_19,1,102907,10102906,10000000,1074,2,0.004133378155529499,OK,True,
cyvcf2-indexed,r04_region_filter_distribution,w10000000_19,1,102907,10102906,10000000,1074,3,0.004218143876641989,OK,True,
cyvcf2-indexed,r05_region_sample_genotype_counts,w1000_00,2,53546,54545,1000,39,1,0.0006610043346881866,OK,True,
cyvcf2-indexed,r05_region_sample_genotype_counts,w1000_00,2,53546,54545,1000,39,2,0.0006708512082695961,OK,True,
cyvcf2-indexed,r05_region_sample_genotype_counts,w1000_00,2,53546,54545,1000,39,3,0.000657196156680584,OK,True,
cyvcf2-indexed,r05_region_sample_genotype_counts,w1000_01,2,79858,80857,1000,39,1,0.0007020812481641769,OK,True,
cyvcf2-indexed,r05_region_sample_genotype_counts,w1000_01,2,79858,80857,1000,39,2,0.0007167230360209942,OK,True,
cyvcf2-indexed,r05_region_sample_genotype_counts,w1000_01,2,79858,80857,1000,39,3,0.0007095900364220142,OK,True,
cyvcf2-indexed,r05_region_sample_genotype_counts,w1000_02,1,90739,91738,1000,39,1,0.0007091080769896507,OK,True,
cyvcf2-indexed,r05_region_sample_genotype_counts,w1000_02,1,90739,91738,1000,39,2,0.0006832829676568508,OK,True,
cyvcf2-indexed,r05_region_sample_genotype_counts,w1000_02,1,90739,91738,1000,39,3,0.0007126950658857822,OK,True,
cyvcf2-indexed,r05_region_sample_genotype_counts,w1000_03,2,44394,45393,1000,39,1,0.0007462478242814541,OK,True,
cyvcf2-indexed,r05_region_sample_genotype_counts,w1000_03,2,44394,45393,1000,39,2,0.0007237270474433899,OK,True,
cyvcf2-indexed,r05_region_sample_genotype_counts,w1000_03,2,44394,45393,1000,39,3,0.000714368186891079,OK,True,
cyvcf2-indexed,r05_region_sample_genotype_counts,w1000_04,1,7981,8980,1000,39,1,0.0006621358916163445,OK,True,
cyvcf2-indexed,r05_region_sample_genotype_counts,w1000_04,1,7981,8980,1000,39,2,0.0006488240323960781,OK,True,
cyvcf2-indexed,r05_region_sample_genotype_counts,w1000_04,1,7981,8980,1000,39,3,0.0006322450935840607,OK,True,
cyvcf2-indexed,r05_region_sample_genotype_counts,w1000_05,1,110863,111862,1000,39,1,0.0007728659547865391,OK,True,
cyvcf2-indexed,r05_region_sample_genotype_counts,w1000_05,1,110863,111862,1000,39,2,0.0007683392614126205,OK,True,
cyvcf2-indexed,r05_region_sample_genotype_counts,w1000_05,1,110863,111862,1000,39,3,0.0007428447715938091,OK,True,
cyvcf2-indexed,r05_region_sample_genotype_counts,w1000_06,1,104311,105310,1000,39,1,0.0006356518715620041,OK,True,
cyvcf2-indexed,r05_region_sample_genotype_counts,w1000_06,1,104311,105310,1000,39,2,0.0006740340031683445,OK,True,
cyvcf2-indexed,r05_region_sample_genotype_counts,w1000_06,1,104311,105310,1000,39,3,0.0006483201868832111,OK,True,
cyvcf2-indexed,r05_region_sample_genotype_counts,w1000_07,1,14091,15090,1000,39,1,0.0006974074058234692,OK,True,
cyvcf2-indexed,r05_region_sample_genotype_counts,w1000_07,1,14091,15090,1000,39,2,0.0007119798101484776,OK,True,
cyvcf2-indexed,r05_region_sample_genotype_counts,w1000_07,1,14091,15090,1000,39,3,0.0007257587276399136,OK,True,
cyvcf2-indexed,r05_region_sample_genotype_counts,w1000_08,2,48996,49995,1000,39,1,0.0007699141278862953,OK,True,
cyvcf2-indexed,r05_region_sample_genotype_counts,w1000_08,2,48996,49995,1000,39,2,0.0007553249597549438,OK,True,
cyvcf2-indexed,r05_region_sample_genotype_counts,w1000_08,2,48996,49995,1000,39,3,0.0007812352851033211,OK,True,
cyvcf2-indexed,r05_region_sample_genotype_counts,w1000_09,1,120145,121144,1000,39,1,0.0006699832156300545,OK,True,
cyvcf2-indexed,r05_region_sample_genotype_counts,w1000_09,1,120145,121144,1000,39,2,0.0006178561598062515,OK,True,
cyvcf2-indexed,r05_region_sample_genotype_counts,w1000_09,1,120145,121144,1000,39,3,0.0006593111902475357,OK,True,
cyvcf2-indexed,r05_region_sample_genotype_counts,w1000_10,2,73436,74435,1000,39,1,0.0006500822491943836,OK,True,
cyvcf2-indexed,r05_region_sample_genotype_counts,w1000_10,2,73436,74435,1000,39,2,0.0006359303370118141,OK,True,
cyvcf2-indexed,r05_region_sample_genotype_counts,w1000_10,2,73436,74435,1000,39,3,0.000651282723993063,OK,True,
cyvcf2-indexed,r05_region_sample_genotype_counts,w1000_11,1,41547,42546,1000,39,1,0.0006601638160645962,OK,True,
cyvcf2-indexed,r05_region_sample_genotype_counts,w1000_11,1,41547,42546,1000,39,2,0.0006346618756651878,OK,True,
cyvcf2-indexed,r05_region_sample_genotype_counts,w1000_11,1,41547,42546,1000,39,3,0.0006530662067234516,OK,True,
cyvcf2-indexed,r05_region_sample_genotype_counts,w1000_12,2,112670,113669,1000,39,1,0.0007114699110388756,OK,True,
cyvcf2-indexed,r05_region_sample_genotype_counts,w1000_12,2,112670,113669,1000,39,2,0.0006930362433195114,OK,True,
cyvcf2-indexed,r05_region_sample_genotype_counts,w1000_12,2,112670,113669,1000,39,3,0.00070186797529459,OK,True,
cyvcf2-indexed,r05_region_sample_genotype_counts,w1000_13,2,121328,122327,1000,39,1,0.0006612110882997513,OK,True,
cyvcf2-indexed,r05_region_sample_genotype_counts,w1000_13,2,121328,122327,1000,39,2,0.0006501758471131325,OK,True,
cyvcf2-indexed,r05_region_sample_genotype_counts,w1000_13,2,121328,122327,1000,39,3,0.000646430067718029,OK,True,
cyvcf2-indexed,r05_region_sample_genotype_counts,w1000_14,2,128114,129113,1000,39,1,0.0007435292936861515,OK,True,
cyvcf2-indexed,r05_region_sample_genotype_counts,w1000_14,2,128114,129113,1000,39,2,0.0007470673881471157,OK,True,
cyvcf2-indexed,r05_region_sample_genotype_counts,w1000_14,2,128114,129113,1000,39,3,0.0009509357623755932,OK,True,
cyvcf2-indexed,r05_region_sample_genotype_counts,w1000_15,1,56237,57236,1000,39,1,0.0006859800778329372,OK,True,
cyvcf2-indexed,r05_region_sample_genotype_counts,w1000_15,1,56237,57236,1000,39,2,0.0006767529994249344,OK,True,
cyvcf2-indexed,r05_region_sample_genotype_counts,w1000_15,1,56237,57236,1000,39,3,0.000700842123478651,OK,True,
cyvcf2-indexed,r05_region_sample_genotype_counts,w1000_16,1,65883,66882,1000,39,1,0.0006256257183849812,OK,True,
cyvcf2-indexed,r05_region_sample_genotype_counts,w1000_16,1,65883,66882,1000,39,2,0.0006021233275532722,OK,True,
cyvcf2-indexed,r05_region_sample_genotype_counts,w1000_16,1,65883,66882,1000,39,3,0.0006368299946188927,OK,True,
cyvcf2-indexed,r05_region_sample_genotype_counts,w1000_17,2,13298,14297,1000,39,1,0.0007969499565660954,OK,True,
cyvcf2-indexed,r05_region_sample_genotype_counts,w1000_17,2,13298,14297,1000,39,2,0.0007408317178487778,OK,True,
cyvcf2-indexed,r05_region_sample_genotype_counts,w1000_17,2,13298,14297,1000,39,3,0.0007500862702727318,OK,True,
cyvcf2-indexed,r05_region_sample_genotype_counts,w1000_18,2,32252,33251,1000,39,1,0.0007401909679174423,OK,True,
cyvcf2-indexed,r05_region_sample_genotype_counts,w1000_18,2,32252,33251,1000,39,2,0.0007163858972489834,OK,True,
cyvcf2-indexed,r05_region_sample_genotype_counts,w1000_18,2,32252,33251,1000,39,3,0.0007379148155450821,OK,True,
cyvcf2-indexed,r05_region_sample_genotype_counts,w1000_19,1,96953,97952,1000,39,1,0.0007621860131621361,OK,True,
cyvcf2-indexed,r05_region_sample_genotype_counts,w1000_19,1,96953,97952,1000,39,2,0.0008425908163189888,OK,True,
cyvcf2-indexed,r05_region_sample_genotype_counts,w1000_19,1,96953,97952,1000,39,3,0.0007711462676525116,OK,True,
cyvcf2-indexed,r05_region_sample_genotype_counts,w100000_00,2,120002,220001,100000,417,1,0.002925165928900242,OK,True,
cyvcf2-indexed,r05_region_sample_genotype_counts,w100000_00,2,120002,220001,100000,417,2,0.002923636231571436,OK,True,
cyvcf2-indexed,r05_region_sample_genotype_counts,w100000_00,2,120002,220001,100000,417,3,0.0029308591037988663,OK,True,
cyvcf2-indexed,r05_region_sample_genotype_counts,w100000_01,1,88763,188762,100000,1618,1,0.010277039837092161,OK,True,
cyvcf2-indexed,r05_region_sample_genotype_counts,w100000_01,1,88763,188762,100000,1618,2,0.010350930970162153,OK,True,
cyvcf2-indexed,r05_region_sample_genotype_counts,w100000_01,1,88763,188762,100000,1618,3,0.010321705136448145,OK,True,
cyvcf2-indexed,r05_region_sample_genotype_counts,w100000_02,1,52857,152856,100000,2999,1,0.01899227825924754,OK,True,
cyvcf2-indexed,r05_region_sample_genotype_counts,w100000_02,1,52857,152856,100000,2999,2,0.01991770602762699,OK,True,
cyvcf2-indexed,r05_region_sample_genotype_counts,w100000_02,1,52857,152856,100000,2999,3,0.019099406898021698,OK,True,
cyvcf2-indexed,r05_region_sample_genotype_counts,w100000_03,2,52324,152323,100000,3020,1,0.019917934201657772,OK,True,
cyvcf2-indexed,r05_region_sample_genotype_counts,w100000_03,2,52324,152323,100000,3020,2,0.01892244489863515,OK,True,
cyvcf2-indexed,r05_region_sample_genotype_counts,w100000_03,2,52324,152323,100000,3020,3,0.01887020794674754,OK,True,
cyvcf2-indexed,r05_region_sample_genotype_counts,w100000_04,2,34592,134591,100000,3702,1,0.02303000818938017,OK,True,
cyvcf2-indexed,r05_region_sample_genotype_counts,w100000_04,2,34592,134591,100000,3702,2,0.022891349159181118,OK,True,
cyvcf2-indexed,r05_region_sample_genotype_counts,w100000_04,2,34592,134591,100000,3702,3,0.022832835093140602,OK,True,
cyvcf2-indexed,r05_region_sample_genotype_counts,w100000_05,1,53975,153974,100000,2956,1,0.018223062623292208,OK,True,
cyvcf2-indexed,r05_region_sample_genotype_counts,w100000_05,1,53975,153974,100000,2956,2,0.018409451004117727,OK,True,
cyvcf2-indexed,r05_region_sample_genotype_counts,w100000_05,1,53975,153974,100000,2956,3,0.01859142119064927,OK,True,
cyvcf2-indexed,r05_region_sample_genotype_counts,w100000_06,1,116323,216322,100000,558,1,0.003816623706370592,OK,True,
cyvcf2-indexed,r05_region_sample_genotype_counts,w100000_06,1,116323,216322,100000,558,2,0.0037081758491694927,OK,True,
cyvcf2-indexed,r05_region_sample_genotype_counts,w100000_06,1,116323,216322,100000,558,3,0.0037165237590670586,OK,True,
cyvcf2-indexed,r05_region_sample_genotype_counts,w100000_07,2,54378,154377,100000,2941,1,0.018318939954042435,OK,True,
cyvcf2-indexed,r05_region_sample_genotype_counts,w100000_07,2,54378,154377,100000,2941,2,0.018266748171299696,OK,True,
cyvcf2-indexed,r05_region_sample_genotype_counts,w100000_07,2,54378,154377,100000,2941,3,0.018422306049615145,OK,True,
cyvcf2-indexed,r05_region_sample_genotype_counts,w100000_08,2,7188,107187,100000,3847,1,0.023680967278778553,OK,True,
cyvcf2-indexed,r05_region_sample_genotype_counts,w100000_08,2,7188,107187,100000,3847,2,0.023840798065066338,OK,True,
cyvcf2-indexed,r05_region_sample_genotype_counts,w100000_08,2,7188,107187,100000,3847,3,0.023913356009870768,OK,True,
cyvcf2-indexed,r05_region_sample_genotype_counts,w100000_09,2,111448,211447,100000,746,1,0.005226570181548595,OK,True,
cyvcf2-indexed,r05_region_sample_genotype_counts,w100000_09,2,111448,211447,100000,746,2,0.005115925800055265,OK,True,
cyvcf2-indexed,r05_region_sample_genotype_counts,w100000_09,2,111448,211447,100000,746,3,0.004977359902113676,OK,True,
cyvcf2-indexed,r05_region_sample_genotype_counts,w100000_10,2,122134,222133,100000,335,1,0.002478860318660736,OK,True,
cyvcf2-indexed,r05_region_sample_genotype_counts,w100000_10,2,122134,222133,100000,335,2,0.002497266046702862,OK,True,
cyvcf2-indexed,r05_region_sample_genotype_counts,w100000_10,2,122134,222133,100000,335,3,0.0025054537691175938,OK,True,
cyvcf2-indexed,r05_region_sample_genotype_counts,w100000_11,1,4159,104158,100000,3847,1,0.02334849303588271,OK,True,
cyvcf2-indexed,r05_region_sample_genotype_counts,w100000_11,1,4159,104158,100000,3847,2,0.02350895432755351,OK,True,
cyvcf2-indexed,r05_region_sample_genotype_counts,w100000_11,1,4159,104158,100000,3847,3,0.023799784015864134,OK,True,
cyvcf2-indexed,r05_region_sample_genotype_counts,w100000_12,2,13740,113739,100000,3847,1,0.02369890920817852,OK,True,
cyvcf2-indexed,r05_region_sample_genotype_counts,w100000_12,2,13740,113739,100000,3847,2,0.02366275480017066,OK,True,
cyvcf2-indexed,r05_region_sample_genotype_counts,w100000_12,2,13740,113739,100000,3847,3,0.02405504696071148,OK,True,
cyvcf2-indexed,r05_region_sample_genotype_counts,w100000_13,2,91324,191323,100000,1520,1,0.009775931015610695,OK,True,
cyvcf2-indexed,r05_region_sample_genotype_counts,w100000_13,2,91324,191323,100000,1520,2,0.0096209398470819,OK,True,
cyvcf2-indexed,r05_region_sample_genotype_counts,w100000_13,2,91324,191323,100000,1520,3,0.009892845060676336,OK,True,
cyvcf2-indexed,r05_region_sample_genotype_counts,w100000_14,2,21254,121253,100000,3847,1,0.023866408970206976,OK,True,
cyvcf2-indexed,r05_region_sample_genotype_counts,w100000_14,2,21254,121253,100000,3847,2,0.02403944218531251,OK,True,
cyvcf2-indexed,r05_region_sample_genotype_counts,w100000_14,2,21254,121253,100000,3847,3,0.023669335059821606,OK,True,
cyvcf2-indexed,r05_region_sample_genotype_counts,w100000_15,1,111279,211278,100000,752,1,0.005138243082910776,OK,True,
cyvcf2-indexed,r05_region_sample_genotype_counts,w100000_15,1,111279,211278,100000,752,2,0.005114487838000059,OK,True,
cyvcf2-indexed,r05_region_sample_genotype_counts,w100000_15,1,111279,211278,100000,752,3,0.005089220125228167,OK,True,
cyvcf2-indexed,r05_region_sample_genotype_counts,w100000_16,1,113957,213956,100000,649,1,0.0044507528655231,OK,True,
cyvcf2-indexed,r05_region_sample_genotype_counts,w100000_16,1,113957,213956,100000,649,2,0.004510531201958656,OK,True,
cyvcf2-indexed,r05_region_sample_genotype_counts,w100000_16,1,113957,213956,100000,649,3,0.004557131789624691,OK,True,
cyvcf2-indexed,r05_region_sample_genotype_counts,w100000_17,1,26389,126388,100000,3847,1,0.023374080192297697,OK,True,
cyvcf2-indexed,r05_region_sample_genotype_counts,w100000_17,1,26389,126388,100000,3847,2,0.02426875801756978,OK,True,
cyvcf2-indexed,r05_region_sample_genotype_counts,w100000_17,1,26389,126388,100000,3847,3,0.024154257960617542,OK,True,
cyvcf2-indexed,r05_region_sample_genotype_counts,w100000_18,2,62074,162073,100000,2645,1,0.01691364636644721,OK,True,
cyvcf2-indexed,r05_region_sample_genotype_counts,w100000_18,2,62074,162073,100000,2645,2,0.017148463986814022,OK,True,
cyvcf2-indexed,r05_region_sample_genotype_counts,w100000_18,2,62074,162073,100000,2645,3,0.017161748837679625,OK,True,
cyvcf2-indexed,r05_region_sample_genotype_counts,w100000_19,1,99683,199682,100000,1198,1,0.008614385966211557,OK,True,
cyvcf2-indexed,r05_region_sample_genotype_counts,w100000_19,1,99683,199682,100000,1198,2,0.00792220188304782,OK,True,
cyvcf2-indexed,r05_region_sample_genotype_counts,w100000_19,1,99683,199682,100000,1198,3,0.007896261289715767,OK,True,
cyvcf2-indexed,r05_region_sample_genotype_counts,w1000000_00,2,77700,1077699,1000000,2044,1,0.013291819952428341,OK,True,
cyvcf2-indexed,r05_region_sample_genotype_counts,w1000000_00,2,77700,1077699,1000000,2044,2,0.013029152993112803,OK,True,
cyvcf2-indexed,r05_region_sample_genotype_counts,w1000000_00,2,77700,1077699,1000000,2044,3,0.013436334207654,OK,True,
cyvcf2-indexed,r05_region_sample_genotype_counts,w1000000_01,2,14260,1014259,1000000,4484,1,0.027820460963994265,OK,True,
cyvcf2-indexed,r05_region_sample_genotype_counts,w1000000_01,2,14260,1014259,1000000,4484,2,0.028698307927697897,OK,True,
cyvcf2-indexed,r05_region_sample_genotype_counts,w1000000_01,2,14260,1014259,1000000,4484,3,0.028143989853560925,OK,True,
cyvcf2-indexed,r05_region_sample_genotype_counts,w1000000_02,2,39428,1039427,1000000,3516,1,0.022652411367744207,OK,True,
cyvcf2-indexed,r05_region_sample_genotype_counts,w1000000_02,2,39428,1039427,1000000,3516,2,0.02274709101766348,OK,True,
cyvcf2-indexed,r05_region_sample_genotype_counts,w1000000_02,2,39428,1039427,1000000,3516,3,0.0220774719491601,OK,True,
cyvcf2-indexed,r05_region_sample_genotype_counts,w1000000_03,2,121614,1121613,1000000,355,1,0.0027192551642656326,OK,True,
cyvcf2-indexed,r05_region_sample_genotype_counts,w1000000_03,2,121614,1121613,1000000,355,2,0.0027819019742310047,OK,True,
cyvcf2-indexed,r05_region_sample_genotype_counts,w1000000_03,2,121614,1121613,1000000,355,3,0.0027614482678472996,OK,True,
cyvcf2-indexed,r05_region_sample_genotype_counts,w1000000_04,2,45980,1045979,1000000,3264,1,0.020260809920728207,OK,True,
cyvcf2-indexed,r05_region_sample_genotype_counts,w1000000_04,2,45980,1045979,1000000,3264,2,0.02022939408197999,OK,True,
cyvcf2-indexed,r05_region_sample_genotype_counts,w1000000_04,2,45980,1045979,1000000,3264,3,0.02119977818801999,OK,True,
cyvcf2-indexed,r05_region_sample_genotype_counts,w1000000_05,2,74320,1074319,1000000,2174,1,0.013650428038090467,OK,True,
cyvcf2-indexed,r05_region_sample_genotype_counts,w1000000_05,2,74320,1074319,1000000,2174,2,0.013678420800715685,OK,True,
cyvcf2-indexed,r05_region_sample_genotype_counts,w1000000_05,2,74320,1074319,1000000,2174,3,0.013587198685854673,OK,True,
cyvcf2-indexed,r05_region_sample_genotype_counts,w1000000_06,1,75477,1075476,1000000,2129,1,0.01353725790977478,OK,True,
cyvcf2-indexed,r05_region_sample_genotype_counts,w1000000_06,1,75477,1075476,1000000,2129,2,0.013888490851968527,OK,True,
cyvcf2-indexed,r05_region_sample_genotype_counts,w1000000_06,1,75477,1075476,1000000,2129,3,0.013381559401750565,OK,True,
cyvcf2-indexed,r05_region_sample_genotype_counts,w1000000_07,1,15729,1015728,1000000,4427,1,0.02716804016381502,OK,True,
cyvcf2-indexed,r05_region_sample_genotype_counts,w1000000_07,1,15729,1015728,1000000,4427,2,0.02718946198001504,OK,True,
cyvcf2-indexed,r05_region_sample_genotype_counts,w1000000_07,1,15729,1015728,1000000,4427,3,0.02692000800743699,OK,True,
cyvcf2-indexed,r05_region_sample_genotype_counts,w1000000_08,2,74268,1074267,1000000,2176,1,0.013425312004983425,OK,True,
cyvcf2-indexed,r05_region_sample_genotype_counts,w1000000_08,2,74268,1074267,1000000,2176,2,0.01347758062183857,OK,True,
cyvcf2-indexed,r05_region_sample_genotype_counts,w1000000_08,2,74268,1074267,1000000,2176,3,0.013386473059654236,OK,True,
cyvcf2-indexed,r05_region_sample_genotype_counts,w1000000_09,1,33643,1033642,1000000,3738,1,0.022510652896016836,OK,True,
cyvcf2-indexed,r05_region_sample_genotype_counts,w1000000_09,1,33643,1033642,1000000,3738,2,0.022958372253924608,OK,True,
cyvcf2-indexed,r05_region_sample_genotype_counts,w1000000_09,1,33643,1033642,1000000,3738,3,0.022820830810815096,OK,True,
cyvcf2-indexed,r05_region_sample_genotype_counts,w1000000_10,1,92507,1092506,1000000,1474,1,0.009342918638139963,OK,True,
cyvcf2-indexed,r05_region_sample_genotype_counts,w1000000_10,1,92507,1092506,1000000,1474,2,0.009288580622524023,OK,True,
cyvcf2-indexed,r05_region_sample_genotype_counts,w1000000_10,1,92507,1092506,1000000,1474,3,0.009217995218932629,OK,True,
cyvcf2-indexed,r05_region_sample_genotype_counts,w1000000_11,1,121211,1121210,1000000,370,1,0.0026273829862475395,OK,True,
cyvcf2-indexed,r05_region_sample_genotype_counts,w1000000_11,1,121211,1121210,1000000,370,2,0.0026165489107370377,OK,True,
cyvcf2-indexed,r05_region_sample_genotype_counts,w1000000_11,1,121211,1121210,1000000,370,3,0.002614791039377451,OK,True,
cyvcf2-indexed,r05_region_sample_genotype_counts,w1000000_12,1,77765,1077764,1000000,2041,1,0.01263399887830019,OK,True,
cyvcf2-indexed,r05_region_sample_genotype_counts,w1000000_12,1,77765,1077764,1000000,2041,2,0.012703640852123499,OK,True,
cyvcf2-indexed,r05_region_sample_genotype_counts,w1000000_12,1,77765,1077764,1000000,2041,3,0.012663701083511114,OK,True,
cyvcf2-indexed,r05_region_sample_genotype_counts,w1000000_13,2,118494,1118493,1000000,475,1,0.003258360084146261,OK,True,
cyvcf2-indexed,r05_region_sample_genotype_counts,w1000000_13,2,118494,1118493,1000000,475,2,0.003237288910895586,OK,True,
cyvcf2-indexed,r05_region_sample_genotype_counts,w1000000_13,2,118494,1118493,1000000,475,3,0.003244489897042513,OK,True,
cyvcf2-indexed,r05_region_sample_genotype_counts,w1000000_14,1,92143,1092142,1000000,1488,1,0.009238749742507935,OK,True,
cyvcf2-indexed,r05_region_sample_genotype_counts,w1000000_14,1,92143,1092142,1000000,1488,2,0.00925246998667717,OK,True,
cyvcf2-indexed,r05_region_sample_genotype_counts,w1000000_14,1,92143,1092142,1000000,1488,3,0.009429535828530788,OK,True,
cyvcf2-indexed,r05_region_sample_genotype_counts,w1000000_15,1,125423,1125422,1000000,208,1,0.0016972371377050877,OK,True,
cyvcf2-indexed,r05_region_sample_genotype_counts,w1000000_15,1,125423,1125422,1000000,208,2,0.0017003258690238,OK,True,
cyvcf2-indexed,r05_region_sample_genotype_counts,w1000000_15,1,125423,1125422,1000000,208,3,0.001694479025900364,OK,True,
cyvcf2-indexed,r05_region_sample_genotype_counts,w1000000_16,2,99852,1099851,1000000,1192,1,0.007519227918237448,OK,True,
cyvcf2-indexed,r05_region_sample_genotype_counts,w1000000_16,2,99852,1099851,1000000,1192,2,0.007530038245022297,OK,True,
cyvcf2-indexed,r05_region_sample_genotype_counts,w1000000_16,2,99852,1099851,1000000,1192,3,0.007447655312716961,OK,True,
cyvcf2-indexed,r05_region_sample_genotype_counts,w1000000_17,2,49334,1049333,1000000,3135,1,0.01893987786024809,OK,True,
cyvcf2-indexed,r05_region_sample_genotype_counts,w1000000_17,2,49334,1049333,1000000,3135,2,0.019226687029004097,OK,True,
cyvcf2-indexed,r05_region_sample_genotype_counts,w1000000_17,2,49334,1049333,1000000,3135,3,0.01910096686333418,OK,True,
cyvcf2-indexed,r05_region_sample_genotype_counts,w1000000_18,1,74801,1074800,1000000,2155,1,0.013333041220903397,OK,True,
cyvcf2-indexed,r05_region_sample_genotype_counts,w1000000_18,1,74801,1074800,1000000,2155,2,0.013257737271487713,OK,True,
cyvcf2-indexed,r05_region_sample_genotype_counts,w1000000_18,1,74801,1074800,1000000,2155,3,0.013275188859552145,OK,True,
cyvcf2-indexed,r05_region_sample_genotype_counts,w1000000_19,1,121003,1121002,1000000,378,1,0.0026711109094321728,OK,True,
cyvcf2-indexed,r05_region_sample_genotype_counts,w1000000_19,1,121003,1121002,1000000,378,2,0.00265690591186285,OK,True,
cyvcf2-indexed,r05_region_sample_genotype_counts,w1000000_19,1,121003,1121002,1000000,378,3,0.0026407362893223763,OK,True,
cyvcf2-indexed,r05_region_sample_genotype_counts,w10000000_00,1,105481,10105480,10000000,975,1,0.00630132295191288,OK,True,
cyvcf2-indexed,r05_region_sample_genotype_counts,w10000000_00,1,105481,10105480,10000000,975,2,0.006289441138505936,OK,True,
cyvcf2-indexed,r05_region_sample_genotype_counts,w10000000_00,1,105481,10105480,10000000,975,3,0.006361387204378843,OK,True,
cyvcf2-indexed,r05_region_sample_genotype_counts,w10000000_01,1,37257,10037256,10000000,3599,1,0.021916419733315706,OK,True,
cyvcf2-indexed,r05_region_sample_genotype_counts,w10000000_01,1,37257,10037256,10000000,3599,2,0.021884500980377197,OK,True,
cyvcf2-indexed,r05_region_sample_genotype_counts,w10000000_01,1,37257,10037256,10000000,3599,3,0.02194996504113078,OK,True,
cyvcf2-indexed,r05_region_sample_genotype_counts,w10000000_02,2,92130,10092129,10000000,1489,1,0.009473754093050957,OK,True,
cyvcf2-indexed,r05_region_sample_genotype_counts,w10000000_02,2,92130,10092129,10000000,1489,2,0.009324687998741865,OK,True,
cyvcf2-indexed,r05_region_sample_genotype_counts,w10000000_02,2,92130,10092129,10000000,1489,3,0.00932035269215703,OK,True,
cyvcf2-indexed,r05_region_sample_genotype_counts,w10000000_03,1,25557,10025556,10000000,4049,1,0.02477069105952978,OK,True,
cyvcf2-indexed,r05_region_sample_genotype_counts,w10000000_03,1,25557,10025556,10000000,4049,2,0.024719731882214546,OK,True,
cyvcf2-indexed,r05_region_sample_genotype_counts,w10000000_03,1,25557,10025556,10000000,4049,3,0.024848164059221745,OK,True,
cyvcf2-indexed,r05_region_sample_genotype_counts,w10000000_04,2,46604,10046603,10000000,3240,1,0.019963859114795923,OK,True,
cyvcf2-indexed,r05_region_sample_genotype_counts,w10000000_04,2,46604,10046603,10000000,3240,2,0.019831423182040453,OK,True,
cyvcf2-indexed,r05_region_sample_genotype_counts,w10000000_04,2,46604,10046603,10000000,3240,3,0.01986946491524577,OK,True,
cyvcf2-indexed,r05_region_sample_genotype_counts,w10000000_05,1,49477,10049476,10000000,3129,1,0.01906120916828513,OK,True,
cyvcf2-indexed,r05_region_sample_genotype_counts,w10000000_05,1,49477,10049476,10000000,3129,2,0.01911567896604538,OK,True,
cyvcf2-indexed,r05_region_sample_genotype_counts,w10000000_05,1,49477,10049476,10000000,3129,3,0.019221879076212645,OK,True,
cyvcf2-indexed,r05_region_sample_genotype_counts,w10000000_06,1,6499,10006498,10000000,4782,1,0.02904662862420082,OK,True,
cyvcf2-indexed,r05_region_sample_genotype_counts,w10000000_06,1,6499,10006498,10000000,4782,2,0.029249973129481077,OK,True,
cyvcf2-indexed,r05_region_sample_genotype_counts,w10000000_06,1,6499,10006498,10000000,4782,3,0.029112371150404215,OK,True,
cyvcf2-indexed,r05_region_sample_genotype_counts,w10000000_07,2,47280,10047279,10000000,3214,1,0.01990549499168992,OK,True,
cyvcf2-indexed,r05_region_sample_genotype_counts,w10000000_07,2,47280,10047279,10000000,3214,2,0.02037511207163334,OK,True,
cyvcf2-indexed,r05_region_sample_genotype_counts,w10000000_07,2,47280,10047279,10000000,3214,3,0.022435049060732126,OK,True,
cyvcf2-indexed,r05_region_sample_genotype_counts,w10000000_08,2,88724,10088723,10000000,1620,1,0.010713821742683649,OK,True,
cyvcf2-indexed,r05_region_sample_genotype_counts,w10000000_08,2,88724,10088723,10000000,1620,2,0.010384019929915667,OK,True,
cyvcf2-indexed,r05_region_sample_genotype_counts,w10000000_08,2,88724,10088723,10000000,1620,3,0.010502289049327374,OK,True,
cyvcf2-indexed,r05_region_sample_genotype_counts,w10000000_09,2,69692,10069691,10000000,2352,1,0.014656958170235157,OK,True,
cyvcf2-indexed,r05_region_sample_genotype_counts,w10000000_09,2,69692,10069691,10000000,2352,2,0.014830035157501698,OK,True,
cyvcf2-indexed,r05_region_sample_genotype_counts,w10000000_09,2,69692,10069691,10000000,2352,3,0.015135123860090971,OK,True,
cyvcf2-indexed,r05_region_sample_genotype_counts,w10000000_10,1,51271,10051270,10000000,3060,1,0.01927763596177101,OK,True,
cyvcf2-indexed,r05_region_sample_genotype_counts,w10000000_10,1,51271,10051270,10000000,3060,2,0.01967747276648879,OK,True,
cyvcf2-indexed,r05_region_sample_genotype_counts,w10000000_10,1,51271,10051270,10000000,3060,3,0.019633587915450335,OK,True,
cyvcf2-indexed,r05_region_sample_genotype_counts,w10000000_11,1,116349,10116348,10000000,557,1,0.004050650168210268,OK,True,
cyvcf2-indexed,r05_region_sample_genotype_counts,w10000000_11,1,116349,10116348,10000000,557,2,0.003953557927161455,OK,True,
cyvcf2-indexed,r05_region_sample_genotype_counts,w10000000_11,1,116349,10116348,10000000,557,3,0.003908389713615179,OK,True,
cyvcf2-indexed,r05_region_sample_genotype_counts,w10000000_12,1,121471,10121470,10000000,360,1,0.002851347904652357,OK,True,
cyvcf2-indexed,r05_region_sample_genotype_counts,w10000000_12,1,121471,10121470,10000000,360,2,0.002618995029479265,OK,True,
cyvcf2-indexed,r05_region_sample_genotype_counts,w10000000_12,1,121471,10121470,10000000,360,3,0.0026431838050484657,OK,True,
cyvcf2-indexed,r05_region_sample_genotype_counts,w10000000_13,2,115582,10115581,10000000,587,1,0.004076228942722082,OK,True,
cyvcf2-indexed,r05_region_sample_genotype_counts,w10000000_13,2,115582,10115581,10000000,587,2,0.00415099086239934,OK,True,
cyvcf2-indexed,r05_region_sample_genotype_counts,w10000000_13,2,115582,10115581,10000000,587,3,0.004282065201550722,OK,True,
cyvcf2-indexed,r05_region_sample_genotype_counts,w10000000_14,2,74138,10074137,10000000,2181,1,0.014588900376111269,OK,True,
cyvcf2-indexed,r05_region_sample_genotype_counts,w10000000_14,2,74138,10074137,10000000,2181,2,0.013962254859507084,OK,True,
cyvcf2-indexed,r05_region_sample_genotype_counts,w10000000_14,2,74138,10074137,10000000,2181,3,0.014164844993501902,OK,True,
cyvcf2-indexed,r05_region_sample_genotype_counts,w10000000_15,1,50231,10050230,10000000,3100,1,0.02004630398005247,OK,True,
cyvcf2-indexed,r05_region_sample_genotype_counts,w10000000_15,1,50231,10050230,10000000,3100,2,0.02128547476604581,OK,True,
cyvcf2-indexed,r05_region_sample_genotype_counts,w10000000_15,1,50231,10050230,10000000,3100,3,0.01965067582204938,OK,True,
cyvcf2-indexed,r05_region_sample_genotype_counts,w10000000_16,1,20669,10020668,10000000,4237,1,0.027131518814712763,OK,True,
cyvcf2-indexed,r05_region_sample_genotype_counts,w10000000_16,1,20669,10020668,10000000,4237,2,0.026714066974818707,OK,True,
cyvcf2-indexed,r05_region_sample_genotype_counts,w10000000_16,1,20669,10020668,10000000,4237,3,0.02710352372378111,OK,True,
cyvcf2-indexed,r05_region_sample_genotype_counts,w10000000_17,1,66273,10066272,10000000,2483,1,0.015556246042251587,OK,True,
cyvcf2-indexed,r05_region_sample_genotype_counts,w10000000_17,1,66273,10066272,10000000,2483,2,0.015335341915488243,OK,True,
cyvcf2-indexed,r05_region_sample_genotype_counts,w10000000_17,1,66273,10066272,10000000,2483,3,0.015404284931719303,OK,True,
cyvcf2-indexed,r05_region_sample_genotype_counts,w10000000_18,1,57745,10057744,10000000,2811,1,0.017936228774487972,OK,True,
cyvcf2-indexed,r05_region_sample_genotype_counts,w10000000_18,1,57745,10057744,10000000,2811,2,0.017665382008999586,OK,True,
cyvcf2-indexed,r05_region_sample_genotype_counts,w10000000_18,1,57745,10057744,10000000,2811,3,0.017950777895748615,OK,True,
cyvcf2-indexed,r05_region_sample_genotype_counts,w10000000_19,1,102907,10102906,10000000,1074,1,0.007295074872672558,OK,True,
cyvcf2-indexed,r05_region_sample_genotype_counts,w10000000_19,1,102907,10102906,10000000,1074,2,0.007039694581180811,OK,True,
cyvcf2-indexed,r05_region_sample_genotype_counts,w10000000_19,1,102907,10102906,10000000,1074,3,0.007147790864109993,OK,True,
bcftools-indexed,r01_region_record_count,w1000_00,2,53546,54545,1000,39,1,0.0025902511551976204,OK,True,
bcftools-indexed,r01_region_record_count,w1000_00,2,53546,54545,1000,39,2,0.0017550420016050339,OK,True,
bcftools-indexed,r01_region_record_count,w1000_00,2,53546,54545,1000,39,3,0.0023457850329577923,OK,True,
bcftools-indexed,r01_region_record_count,w1000_01,2,79858,80857,1000,39,1,0.0019112811423838139,OK,True,
bcftools-indexed,r01_region_record_count,w1000_01,2,79858,80857,1000,39,2,0.0022552027367055416,OK,True,
bcftools-indexed,r01_region_record_count,w1000_01,2,79858,80857,1000,39,3,0.001874994020909071,OK,True,
bcftools-indexed,r01_region_record_count,w1000_02,1,90739,91738,1000,39,1,0.0017583002336323261,OK,True,
bcftools-indexed,r01_region_record_count,w1000_02,1,90739,91738,1000,39,2,0.0022095623426139355,OK,True,
bcftools-indexed,r01_region_record_count,w1000_02,1,90739,91738,1000,39,3,0.001955459825694561,OK,True,
bcftools-indexed,r01_region_record_count,w1000_03,2,44394,45393,1000,39,1,0.0017480948008596897,OK,True,
bcftools-indexed,r01_region_record_count,w1000_03,2,44394,45393,1000,39,2,0.0020266426727175713,OK,True,
bcftools-indexed,r01_region_record_count,w1000_03,2,44394,45393,1000,39,3,0.0018691206350922585,OK,True,
bcftools-indexed,r01_region_record_count,w1000_04,1,7981,8980,1000,39,1,0.0016277111135423183,OK,True,
bcftools-indexed,r01_region_record_count,w1000_04,1,7981,8980,1000,39,2,0.0016493271104991436,OK,True,
bcftools-indexed,r01_region_record_count,w1000_04,1,7981,8980,1000,39,3,0.0019159195944666862,OK,True,
bcftools-indexed,r01_region_record_count,w1000_05,1,110863,111862,1000,39,1,0.0018412740901112556,OK,True,
bcftools-indexed,r01_region_record_count,w1000_05,1,110863,111862,1000,39,2,0.0019649681635200977,OK,True,
bcftools-indexed,r01_region_record_count,w1000_05,1,110863,111862,1000,39,3,0.0018078978173434734,OK,True,
bcftools-indexed,r01_region_record_count,w1000_06,1,104311,105310,1000,39,1,0.001523016020655632,OK,True,
bcftools-indexed,r01_region_record_count,w1000_06,1,104311,105310,1000,39,2,0.0020055011846125126,OK,True,
bcftools-indexed,r01_region_record_count,w1000_06,1,104311,105310,1000,39,3,0.0019027991220355034,OK,True,
bcftools-indexed,r01_region_record_count,w1000_07,1,14091,15090,1000,39,1,0.0018217586912214756,OK,True,
bcftools-indexed,r01_region_record_count,w1000_07,1,14091,15090,1000,39,2,0.0021713669411838055,OK,True,
bcftools-indexed,r01_region_record_count,w1000_07,1,14091,15090,1000,39,3,0.002287809271365404,OK,True,
bcftools-indexed,r01_region_record_count,w1000_08,2,48996,49995,1000,39,1,0.002627919428050518,OK,True,
bcftools-indexed,r01_region_record_count,w1000_08,2,48996,49995,1000,39,2,0.0018459060229361057,OK,True,
bcftools-indexed,r01_region_record_count,w1000_08,2,48996,49995,1000,39,3,0.002260698936879635,OK,True,
bcftools-indexed,r01_region_record_count,w1000_09,1,120145,121144,1000,39,1,0.0018120999448001385,OK,True,
bcftools-indexed,r01_region_record_count,w1000_09,1,120145,121144,1000,39,2,0.0020283586345613003,OK,True,
bcftools-indexed,r01_region_record_count,w1000_09,1,120145,121144,1000,39,3,0.0018649883568286896,OK,True,
bcftools-indexed,r01_region_record_count,w1000_10,2,73436,74435,1000,39,1,0.0028044986538589,OK,True,
bcftools-indexed,r01_region_record_count,w1000_10,2,73436,74435,1000,39,2,0.001860031858086586,OK,True,
bcftools-indexed,r01_region_record_count,w1000_10,2,73436,74435,1000,39,3,0.001791010145097971,OK,True,
bcftools-indexed,r01_region_record_count,w1000_11,1,41547,42546,1000,39,1,0.001698202919214964,OK,True,
bcftools-indexed,r01_region_record_count,w1000_11,1,41547,42546,1000,39,2,0.0020136451348662376,OK,True,
bcftools-indexed,r01_region_record_count,w1000_11,1,41547,42546,1000,39,3,0.0018555517308413982,OK,True,
bcftools-indexed,r01_region_record_count,w1000_12,2,112670,113669,1000,39,1,0.0020224438048899174,OK,True,
bcftools-indexed,r01_region_record_count,w1000_12,2,112670,113669,1000,39,2,0.00194975221529603,OK,True,
bcftools-indexed,r01_region_record_count,w1000_12,2,112670,113669,1000,39,3,0.0017043128609657288,OK,True,
bcftools-indexed,r01_region_record_count,w1000_13,2,121328,122327,1000,39,1,0.0016492018476128578,OK,True,
bcftools-indexed,r01_region_record_count,w1000_13,2,121328,122327,1000,39,2,0.0019319048151373863,OK,True,
bcftools-indexed,r01_region_record_count,w1000_13,2,121328,122327,1000,39,3,0.0017648069187998772,OK,True,
bcftools-indexed,r01_region_record_count,w1000_14,2,128114,129113,1000,39,1,0.001832073088735342,OK,True,
bcftools-indexed,r01_region_record_count,w1000_14,2,128114,129113,1000,39,2,0.0018562949262559414,OK,True,
bcftools-indexed,r01_region_record_count,w1000_14,2,128114,129113,1000,39,3,0.0017403210513293743,OK,True,
bcftools-indexed,r01_region_record_count,w1000_15,1,56237,57236,1000,39,1,0.001722449902445078,OK,True,
bcftools-indexed,r01_region_record_count,w1000_15,1,56237,57236,1000,39,2,0.001621812116354704,OK,True,
bcftools-indexed,r01_region_record_count,w1000_15,1,56237,57236,1000,39,3,0.002520705107599497,OK,True,
bcftools-indexed,r01_region_record_count,w1000_16,1,65883,66882,1000,39,1,0.0017438423819839954,OK,True,
bcftools-indexed,r01_region_record_count,w1000_16,1,65883,66882,1000,39,2,0.001837502233684063,OK,True,
bcftools-indexed,r01_region_record_count,w1000_16,1,65883,66882,1000,39,3,0.001814262941479683,OK,True,
bcftools-indexed,r01_region_record_count,w1000_17,2,13298,14297,1000,39,1,0.001830423716455698,OK,True,
bcftools-indexed,r01_region_record_count,w1000_17,2,13298,14297,1000,39,2,0.00199241004884243,OK,True,
bcftools-indexed,r01_region_record_count,w1000_17,2,13298,14297,1000,39,3,0.0016403370536863804,OK,True,
bcftools-indexed,r01_region_record_count,w1000_18,2,32252,33251,1000,39,1,0.002127723302692175,OK,True,
bcftools-indexed,r01_region_record_count,w1000_18,2,32252,33251,1000,39,2,0.0020134039223194122,OK,True,
bcftools-indexed,r01_region_record_count,w1000_18,2,32252,33251,1000,39,3,0.001768144778907299,OK,True,
bcftools-indexed,r01_region_record_count,w1000_19,1,96953,97952,1000,39,1,0.0017828629352152348,OK,True,
bcftools-indexed,r01_region_record_count,w1000_19,1,96953,97952,1000,39,2,0.0021533970721066,OK,True,
bcftools-indexed,r01_region_record_count,w1000_19,1,96953,97952,1000,39,3,0.0017943698912858963,OK,True,
bcftools-indexed,r01_region_record_count,w100000_00,2,120002,220001,100000,417,1,0.0019286391325294971,OK,True,
bcftools-indexed,r01_region_record_count,w100000_00,2,120002,220001,100000,417,2,0.0019955779425799847,OK,True,
bcftools-indexed,r01_region_record_count,w100000_00,2,120002,220001,100000,417,3,0.00235020462423563,OK,True,
bcftools-indexed,r01_region_record_count,w100000_01,1,88763,188762,100000,1618,1,0.0033725667744874954,OK,True,
bcftools-indexed,r01_region_record_count,w100000_01,1,88763,188762,100000,1618,2,0.003427824005484581,OK,True,
bcftools-indexed,r01_region_record_count,w100000_01,1,88763,188762,100000,1618,3,0.004680497106164694,OK,True,
bcftools-indexed,r01_region_record_count,w100000_02,1,52857,152856,100000,2999,1,0.004408109933137894,OK,True,
bcftools-indexed,r01_region_record_count,w100000_02,1,52857,152856,100000,2999,2,0.004219683352857828,OK,True,
bcftools-indexed,r01_region_record_count,w100000_02,1,52857,152856,100000,2999,3,0.004399153403937817,OK,True,
bcftools-indexed,r01_region_record_count,w100000_03,2,52324,152323,100000,3020,1,0.004377158358693123,OK,True,
bcftools-indexed,r01_region_record_count,w100000_03,2,52324,152323,100000,3020,2,0.0041016810573637486,OK,True,
bcftools-indexed,r01_region_record_count,w100000_03,2,52324,152323,100000,3020,3,0.004551235120743513,OK,True,
bcftools-indexed,r01_region_record_count,w100000_04,2,34592,134591,100000,3702,1,0.005168259143829346,OK,True,
bcftools-indexed,r01_region_record_count,w100000_04,2,34592,134591,100000,3702,2,0.004630589857697487,OK,True,
bcftools-indexed,r01_region_record_count,w100000_04,2,34592,134591,100000,3702,3,0.004662631079554558,OK,True,
bcftools-indexed,r01_region_record_count,w100000_05,1,53975,153974,100000,2956,1,0.004711831919848919,OK,True,
bcftools-indexed,r01_region_record_count,w100000_05,1,53975,153974,100000,2956,2,0.004528387915343046,OK,True,
bcftools-indexed,r01_region_record_count,w100000_05,1,53975,153974,100000,2956,3,0.004142725840210915,OK,True,
bcftools-indexed,r01_region_record_count,w100000_06,1,116323,216322,100000,558,1,0.0020949640311300755,OK,True,
bcftools-indexed,r01_region_record_count,w100000_06,1,116323,216322,100000,558,2,0.0019845711067318916,OK,True,
bcftools-indexed,r01_region_record_count,w100000_06,1,116323,216322,100000,558,3,0.002317151054739952,OK,True,
bcftools-indexed,r01_region_record_count,w100000_07,2,54378,154377,100000,2941,1,0.0041685691103339195,OK,True,
bcftools-indexed,r01_region_record_count,w100000_07,2,54378,154377,100000,2941,2,0.004536414984613657,OK,True,
bcftools-indexed,r01_region_record_count,w100000_07,2,54378,154377,100000,2941,3,0.004281814210116863,OK,True,
bcftools-indexed,r01_region_record_count,w100000_08,2,7188,107187,100000,3847,1,0.005118305794894695,OK,True,
bcftools-indexed,r01_region_record_count,w100000_08,2,7188,107187,100000,3847,2,0.00515968119725585,OK,True,
bcftools-indexed,r01_region_record_count,w100000_08,2,7188,107187,100000,3847,3,0.005076195113360882,OK,True,
bcftools-indexed,r01_region_record_count,w100000_09,2,111448,211447,100000,746,1,0.0024829907342791557,OK,True,
bcftools-indexed,r01_region_record_count,w100000_09,2,111448,211447,100000,746,2,0.002696534153074026,OK,True,
bcftools-indexed,r01_region_record_count,w100000_09,2,111448,211447,100000,746,3,0.0026045069098472595,OK,True,
bcftools-indexed,r01_region_record_count,w100000_10,2,122134,222133,100000,335,1,0.0019912319257855415,OK,True,
bcftools-indexed,r01_region_record_count,w100000_10,2,122134,222133,100000,335,2,0.002110769972205162,OK,True,
bcftools-indexed,r01_region_record_count,w100000_10,2,122134,222133,100000,335,3,0.0019631879404187202,OK,True,
bcftools-indexed,r01_region_record_count,w100000_11,1,4159,104158,100000,3847,1,0.0046162731014192104,OK,True,
bcftools-indexed,r01_region_record_count,w100000_11,1,4159,104158,100000,3847,2,0.004513810854405165,OK,True,
bcftools-indexed,r01_region_record_count,w100000_11,1,4159,104158,100000,3847,3,0.004989753011614084,OK,True,
bcftools-indexed,r01_region_record_count,w100000_12,2,13740,113739,100000,3847,1,0.005163501016795635,OK,True,
bcftools-indexed,r01_region_record_count,w100000_12,2,13740,113739,100000,3847,2,0.005325911100953817,OK,True,
bcftools-indexed,r01_region_record_count,w100000_12,2,13740,113739,100000,3847,3,0.004824222065508366,OK,True,
bcftools-indexed,r01_region_record_count,w100000_13,2,91324,191323,100000,1520,1,0.0029001859948039055,OK,True,
bcftools-indexed,r01_region_record_count,w100000_13,2,91324,191323,100000,1520,2,0.002891642041504383,OK,True,
bcftools-indexed,r01_region_record_count,w100000_13,2,91324,191323,100000,1520,3,0.0030287927947938442,OK,True,
bcftools-indexed,r01_region_record_count,w100000_14,2,21254,121253,100000,3847,1,0.005119876936078072,OK,True,
bcftools-indexed,r01_region_record_count,w100000_14,2,21254,121253,100000,3847,2,0.004745537880808115,OK,True,
bcftools-indexed,r01_region_record_count,w100000_14,2,21254,121253,100000,3847,3,0.004780881106853485,OK,True,
bcftools-indexed,r01_region_record_count,w100000_15,1,111279,211278,100000,752,1,0.002464090008288622,OK,True,
bcftools-indexed,r01_region_record_count,w100000_15,1,111279,211278,100000,752,2,0.0024035158567130566,OK,True,
bcftools-indexed,r01_region_record_count,w100000_15,1,111279,211278,100000,752,3,0.0028574829921126366,OK,True,
bcftools-indexed,r01_region_record_count,w100000_16,1,113957,213956,100000,649,1,0.0024624220095574856,OK,True,
bcftools-indexed,r01_region_record_count,w100000_16,1,113957,213956,100000,649,2,0.002464293036609888,OK,True,
bcftools-indexed,r01_region_record_count,w100000_16,1,113957,213956,100000,649,3,0.0023801331408321857,OK,True,
bcftools-indexed,r01_region_record_count,w100000_17,1,26389,126388,100000,3847,1,0.004881725180894136,OK,True,
bcftools-indexed,r01_region_record_count,w100000_17,1,26389,126388,100000,3847,2,0.0049799587577581406,OK,True,
bcftools-indexed,r01_region_record_count,w100000_17,1,26389,126388,100000,3847,3,0.0050280350260436535,OK,True,
bcftools-indexed,r01_region_record_count,w100000_18,2,62074,162073,100000,2645,1,0.004300553817301989,OK,True,
bcftools-indexed,r01_region_record_count,w100000_18,2,62074,162073,100000,2645,2,0.004209017846733332,OK,True,
bcftools-indexed,r01_region_record_count,w100000_18,2,62074,162073,100000,2645,3,0.0038490109145641327,OK,True,
bcftools-indexed,r01_region_record_count,w100000_19,1,99683,199682,100000,1198,1,0.0028626560233533382,OK,True,
bcftools-indexed,r01_region_record_count,w100000_19,1,99683,199682,100000,1198,2,0.002956945914775133,OK,True,
bcftools-indexed,r01_region_record_count,w100000_19,1,99683,199682,100000,1198,3,0.002746699843555689,OK,True,
bcftools-indexed,r01_region_record_count,w1000000_00,2,77700,1077699,1000000,2044,1,0.0032429262064397335,OK,True,
bcftools-indexed,r01_region_record_count,w1000000_00,2,77700,1077699,1000000,2044,2,0.0038588987663388252,OK,True,
bcftools-indexed,r01_region_record_count,w1000000_00,2,77700,1077699,1000000,2044,3,0.0038003320805728436,OK,True,
bcftools-indexed,r01_region_record_count,w1000000_01,2,14260,1014259,1000000,4484,1,0.005399565678089857,OK,True,
bcftools-indexed,r01_region_record_count,w1000000_01,2,14260,1014259,1000000,4484,2,0.006002978887408972,OK,True,
bcftools-indexed,r01_region_record_count,w1000000_01,2,14260,1014259,1000000,4484,3,0.005821935832500458,OK,True,
bcftools-indexed,r01_region_record_count,w1000000_02,2,39428,1039427,1000000,3516,1,0.0049274880439043045,OK,True,
bcftools-indexed,r01_region_record_count,w1000000_02,2,39428,1039427,1000000,3516,2,0.0046590110287070274,OK,True,
bcftools-indexed,r01_region_record_count,w1000000_02,2,39428,1039427,1000000,3516,3,0.004667139146476984,OK,True,
bcftools-indexed,r01_region_record_count,w1000000_03,2,121614,1121613,1000000,355,1,0.0025004008784890175,OK,True,
bcftools-indexed,r01_region_record_count,w1000000_03,2,121614,1121613,1000000,355,2,0.0025444012135267258,OK,True,
bcftools-indexed,r01_region_record_count,w1000000_03,2,121614,1121613,1000000,355,3,0.00243608420714736,OK,True,
bcftools-indexed,r01_region_record_count,w1000000_04,2,45980,1045979,1000000,3264,1,0.004655903205275536,OK,True,
bcftools-indexed,r01_region_record_count,w1000000_04,2,45980,1045979,1000000,3264,2,0.004702797159552574,OK,True,
bcftools-indexed,r01_region_record_count,w1000000_04,2,45980,1045979,1000000,3264,3,0.00484427297487855,OK,True,
bcftools-indexed,r01_region_record_count,w1000000_05,2,74320,1074319,1000000,2174,1,0.003851324785500765,OK,True,
bcftools-indexed,r01_region_record_count,w1000000_05,2,74320,1074319,1000000,2174,2,0.003689151257276535,OK,True,
bcftools-indexed,r01_region_record_count,w1000000_05,2,74320,1074319,1000000,2174,3,0.004034050274640322,OK,True,
bcftools-indexed,r01_region_record_count,w1000000_06,1,75477,1075476,1000000,2129,1,0.003921935800462961,OK,True,
bcftools-indexed,r01_region_record_count,w1000000_06,1,75477,1075476,1000000,2129,2,0.003593631088733673,OK,True,
bcftools-indexed,r01_region_record_count,w1000000_06,1,75477,1075476,1000000,2129,3,0.0036290306597948074,OK,True,
bcftools-indexed,r01_region_record_count,w1000000_07,1,15729,1015728,1000000,4427,1,0.005234325770288706,OK,True,
bcftools-indexed,r01_region_record_count,w1000000_07,1,15729,1015728,1000000,4427,2,0.005187978036701679,OK,True,
bcftools-indexed,r01_region_record_count,w1000000_07,1,15729,1015728,1000000,4427,3,0.0053013903088867664,OK,True,
bcftools-indexed,r01_region_record_count,w1000000_08,2,74268,1074267,1000000,2176,1,0.0033577997237443924,OK,True,
bcftools-indexed,r01_region_record_count,w1000000_08,2,74268,1074267,1000000,2176,2,0.0034520281478762627,OK,True,
bcftools-indexed,r01_region_record_count,w1000000_08,2,74268,1074267,1000000,2176,3,0.0033933580853044987,OK,True,
bcftools-indexed,r01_region_record_count,w1000000_09,1,33643,1033642,1000000,3738,1,0.005294034257531166,OK,True,
bcftools-indexed,r01_region_record_count,w1000000_09,1,33643,1033642,1000000,3738,2,0.005032094661146402,OK,True,
bcftools-indexed,r01_region_record_count,w1000000_09,1,33643,1033642,1000000,3738,3,0.004808525089174509,OK,True,
bcftools-indexed,r01_region_record_count,w1000000_10,1,92507,1092506,1000000,1474,1,0.0029787421226501465,OK,True,
bcftools-indexed,r01_region_record_count,w1000000_10,1,92507,1092506,1000000,1474,2,0.003071033861488104,OK,True,
bcftools-indexed,r01_region_record_count,w1000000_10,1,92507,1092506,1000000,1474,3,0.002914226148277521,OK,True,
bcftools-indexed,r01_region_record_count,w1000000_11,1,121211,1121210,1000000,370,1,0.0018901471048593521,OK,True,
bcftools-indexed,r01_region_record_count,w1000000_11,1,121211,1121210,1000000,370,2,0.0020435419864952564,OK,True,
bcftools-indexed,r01_region_record_count,w1000000_11,1,121211,1121210,1000000,370,3,0.0019345590844750404,OK,True,
bcftools-indexed,r01_region_record_count,w1000000_12,1,77765,1077764,1000000,2041,1,0.00320249330252409,OK,True,
bcftools-indexed,r01_region_record_count,w1000000_12,1,77765,1077764,1000000,2041,2,0.003263073042035103,OK,True,
bcftools-indexed,r01_region_record_count,w1000000_12,1,77765,1077764,1000000,2041,3,0.0032606031745672226,OK,True,
bcftools-indexed,r01_region_record_count,w1000000_13,2,118494,1118493,1000000,475,1,0.0025122747756540775,OK,True,
bcftools-indexed,r01_region_record_count,w1000000_13,2,118494,1118493,1000000,475,2,0.0023063402622938156,OK,True,
bcftools-indexed,r01_region_record_count,w1000000_13,2,118494,1118493,1000000,475,3,0.0022887173108756542,OK,True,
bcftools-indexed,r01_region_record_count,w1000000_14,1,92143,1092142,1000000,1488,1,0.003056779969483614,OK,True,
bcftools-indexed,r01_region_record_count,w1000000_14,1,92143,1092142,1000000,1488,2,0.002919525373727083,OK,True,
bcftools-indexed,r01_region_record_count,w1000000_14,1,92143,1092142,1000000,1488,3,0.002882701810449362,OK,True,
bcftools-indexed,r01_region_record_count,w1000000_15,1,125423,1125422,1000000,208,1,0.0018503889441490173,OK,True,
bcftools-indexed,r01_region_record_count,w1000000_15,1,125423,1125422,1000000,208,2,0.002455139998346567,OK,True,
bcftools-indexed,r01_region_record_count,w1000000_15,1,125423,1125422,1000000,208,3,0.002002512104809284,OK,True,
bcftools-indexed,r01_region_record_count,w1000000_16,2,99852,1099851,1000000,1192,1,0.0027471878565847874,OK,True,
bcftools-indexed,r01_region_record_count,w1000000_16,2,99852,1099851,1000000,1192,2,0.002814526204019785,OK,True,
bcftools-indexed,r01_region_record_count,w1000000_16,2,99852,1099851,1000000,1192,3,0.002554368693381548,OK,True,
bcftools-indexed,r01_region_record_count,w1000000_17,2,49334,1049333,1000000,3135,1,0.004428075160831213,OK,True,
bcftools-indexed,r01_region_record_count,w1000000_17,2,49334,1049333,1000000,3135,2,0.004356489982455969,OK,True,
bcftools-indexed,r01_region_record_count,w1000000_17,2,49334,1049333,1000000,3135,3,0.004095535725355148,OK,True,
bcftools-indexed,r01_region_record_count,w1000000_18,1,74801,1074800,1000000,2155,1,0.0034707672894001007,OK,True,
bcftools-indexed,r01_region_record_count,w1000000_18,1,74801,1074800,1000000,2155,2,0.003466085996478796,OK,True,
bcftools-indexed,r01_region_record_count,w1000000_18,1,74801,1074800,1000000,2155,3,0.0033126980997622013,OK,True,
bcftools-indexed,r01_region_record_count,w1000000_19,1,121003,1121002,1000000,378,1,0.0018659080378711224,OK,True,
bcftools-indexed,r01_region_record_count,w1000000_19,1,121003,1121002,1000000,378,2,0.0019317558035254478,OK,True,
bcftools-indexed,r01_region_record_count,w1000000_19,1,121003,1121002,1000000,378,3,0.0018375357612967491,OK,True,
bcftools-indexed,r01_region_record_count,w10000000_00,1,105481,10105480,10000000,975,1,0.002418308984488249,OK,True,
bcftools-indexed,r01_region_record_count,w10000000_00,1,105481,10105480,10000000,975,2,0.002384509891271591,OK,True,
bcftools-indexed,r01_region_record_count,w10000000_00,1,105481,10105480,10000000,975,3,0.002323002088814974,OK,True,
bcftools-indexed,r01_region_record_count,w10000000_01,1,37257,10037256,10000000,3599,1,0.004394355695694685,OK,True,
bcftools-indexed,r01_region_record_count,w10000000_01,1,37257,10037256,10000000,3599,2,0.004420899786055088,OK,True,
bcftools-indexed,r01_region_record_count,w10000000_01,1,37257,10037256,10000000,3599,3,0.004560934379696846,OK,True,
bcftools-indexed,r01_region_record_count,w10000000_02,2,92130,10092129,10000000,1489,1,0.0029172413051128387,OK,True,
bcftools-indexed,r01_region_record_count,w10000000_02,2,92130,10092129,10000000,1489,2,0.0026988680474460125,OK,True,
bcftools-indexed,r01_region_record_count,w10000000_02,2,92130,10092129,10000000,1489,3,0.002918207086622715,OK,True,
bcftools-indexed,r01_region_record_count,w10000000_03,1,25557,10025556,10000000,4049,1,0.006658891681581736,OK,True,
bcftools-indexed,r01_region_record_count,w10000000_03,1,25557,10025556,10000000,4049,2,0.005174650810658932,OK,True,
bcftools-indexed,r01_region_record_count,w10000000_03,1,25557,10025556,10000000,4049,3,0.0049898321740329266,OK,True,
bcftools-indexed,r01_region_record_count,w10000000_04,2,46604,10046603,10000000,3240,1,0.004267914220690727,OK,True,
bcftools-indexed,r01_region_record_count,w10000000_04,2,46604,10046603,10000000,3240,2,0.004219416994601488,OK,True,
bcftools-indexed,r01_region_record_count,w10000000_04,2,46604,10046603,10000000,3240,3,0.004363820888102055,OK,True,
bcftools-indexed,r01_region_record_count,w10000000_05,1,49477,10049476,10000000,3129,1,0.003915749024599791,OK,True,
bcftools-indexed,r01_region_record_count,w10000000_05,1,49477,10049476,10000000,3129,2,0.004110604990273714,OK,True,
bcftools-indexed,r01_region_record_count,w10000000_05,1,49477,10049476,10000000,3129,3,0.004010037984699011,OK,True,
bcftools-indexed,r01_region_record_count,w10000000_06,1,6499,10006498,10000000,4782,1,0.0053631700575351715,OK,True,
bcftools-indexed,r01_region_record_count,w10000000_06,1,6499,10006498,10000000,4782,2,0.005745050963014364,OK,True,
bcftools-indexed,r01_region_record_count,w10000000_06,1,6499,10006498,10000000,4782,3,0.005373097024857998,OK,True,
bcftools-indexed,r01_region_record_count,w10000000_07,2,47280,10047279,10000000,3214,1,0.004375072196125984,OK,True,
bcftools-indexed,r01_region_record_count,w10000000_07,2,47280,10047279,10000000,3214,2,0.00404688436537981,OK,True,
bcftools-indexed,r01_region_record_count,w10000000_07,2,47280,10047279,10000000,3214,3,0.004170204978436232,OK,True,
bcftools-indexed,r01_region_record_count,w10000000_08,2,88724,10088723,10000000,1620,1,0.0029352689161896706,OK,True,
bcftools-indexed,r01_region_record_count,w10000000_08,2,88724,10088723,10000000,1620,2,0.002757968846708536,OK,True,
bcftools-indexed,r01_region_record_count,w10000000_08,2,88724,10088723,10000000,1620,3,0.00277883093804121,OK,True,
bcftools-indexed,r01_region_record_count,w10000000_09,2,69692,10069691,10000000,2352,1,0.003322004806250334,OK,True,
bcftools-indexed,r01_region_record_count,w10000000_09,2,69692,10069691,10000000,2352,2,0.0035707149654626846,OK,True,
bcftools-indexed,r01_region_record_count,w10000000_09,2,69692,10069691,10000000,2352,3,0.003382130991667509,OK,True,
bcftools-indexed,r01_region_record_count,w10000000_10,1,51271,10051270,10000000,3060,1,0.004779762588441372,OK,True,
bcftools-indexed,r01_region_record_count,w10000000_10,1,51271,10051270,10000000,3060,2,0.0041092438623309135,OK,True,
bcftools-indexed,r01_region_record_count,w10000000_10,1,51271,10051270,10000000,3060,3,0.004082194995135069,OK,True,
bcftools-indexed,r01_region_record_count,w10000000_11,1,116349,10116348,10000000,557,1,0.002114362083375454,OK,True,
bcftools-indexed,r01_region_record_count,w10000000_11,1,116349,10116348,10000000,557,2,0.0019319448620080948,OK,True,
bcftools-indexed,r01_region_record_count,w10000000_11,1,116349,10116348,10000000,557,3,0.0020123543217778206,OK,True,
bcftools-indexed,r01_region_record_count,w10000000_12,1,121471,10121470,10000000,360,1,0.001808196771889925,OK,True,
bcftools-indexed,r01_region_record_count,w10000000_12,1,121471,10121470,10000000,360,2,0.0019221771508455276,OK,True,
bcftools-indexed,r01_region_record_count,w10000000_12,1,121471,10121470,10000000,360,3,0.0018220767378807068,OK,True,
bcftools-indexed,r01_region_record_count,w10000000_13,2,115582,10115581,10000000,587,1,0.002032611984759569,OK,True,
bcftools-indexed,r01_region_record_count,w10000000_13,2,115582,10115581,10000000,587,2,0.003013910725712776,OK,True,
bcftools-indexed,r01_region_record_count,w10000000_13,2,115582,10115581,10000000,587,3,0.002050301991403103,OK,True,
bcftools-indexed,r01_region_record_count,w10000000_14,2,74138,10074137,10000000,2181,1,0.003328321035951376,OK,True,
bcftools-indexed,r01_region_record_count,w10000000_14,2,74138,10074137,10000000,2181,2,0.003285723738372326,OK,True,
bcftools-indexed,r01_region_record_count,w10000000_14,2,74138,10074137,10000000,2181,3,0.0031833453103899956,OK,True,
bcftools-indexed,r01_region_record_count,w10000000_15,1,50231,10050230,10000000,3100,1,0.003926923964172602,OK,True,
bcftools-indexed,r01_region_record_count,w10000000_15,1,50231,10050230,10000000,3100,2,0.003980753943324089,OK,True,
bcftools-indexed,r01_region_record_count,w10000000_15,1,50231,10050230,10000000,3100,3,0.003925705794245005,OK,True,
bcftools-indexed,r01_region_record_count,w10000000_16,1,20669,10020668,10000000,4237,1,0.004924807231873274,OK,True,
bcftools-indexed,r01_region_record_count,w10000000_16,1,20669,10020668,10000000,4237,2,0.00467162299901247,OK,True,
bcftools-indexed,r01_region_record_count,w10000000_16,1,20669,10020668,10000000,4237,3,0.005136255640536547,OK,True,
bcftools-indexed,r01_region_record_count,w10000000_17,1,66273,10066272,10000000,2483,1,0.004002862609922886,OK,True,
bcftools-indexed,r01_region_record_count,w10000000_17,1,66273,10066272,10000000,2483,2,0.003489946946501732,OK,True,
bcftools-indexed,r01_region_record_count,w10000000_17,1,66273,10066272,10000000,2483,3,0.003464105073362589,OK,True,
bcftools-indexed,r01_region_record_count,w10000000_18,1,57745,10057744,10000000,2811,1,0.004016402177512646,OK,True,
bcftools-indexed,r01_region_record_count,w10000000_18,1,57745,10057744,10000000,2811,2,0.004185141995549202,OK,True,
bcftools-indexed,r01_region_record_count,w10000000_18,1,57745,10057744,10000000,2811,3,0.004308301955461502,OK,True,
bcftools-indexed,r01_region_record_count,w10000000_19,1,102907,10102906,10000000,1074,1,0.0029637408442795277,OK,True,
bcftools-indexed,r01_region_record_count,w10000000_19,1,102907,10102906,10000000,1074,2,0.0025305431336164474,OK,True,
bcftools-indexed,r01_region_record_count,w10000000_19,1,102907,10102906,10000000,1074,3,0.0025251340121030807,OK,True,
bcftools-indexed,r02_region_variant_shape_counts,w1000_00,2,53546,54545,1000,39,1,0.001714371144771576,OK,True,
bcftools-indexed,r02_region_variant_shape_counts,w1000_00,2,53546,54545,1000,39,2,0.0015996508300304413,OK,True,
bcftools-indexed,r02_region_variant_shape_counts,w1000_00,2,53546,54545,1000,39,3,0.0018373248167335987,OK,True,
bcftools-indexed,r02_region_variant_shape_counts,w1000_01,2,79858,80857,1000,39,1,0.0017905021086335182,OK,True,
bcftools-indexed,r02_region_variant_shape_counts,w1000_01,2,79858,80857,1000,39,2,0.0017102048732340336,OK,True,
bcftools-indexed,r02_region_variant_shape_counts,w1000_01,2,79858,80857,1000,39,3,0.0016862023621797562,OK,True,
bcftools-indexed,r02_region_variant_shape_counts,w1000_02,1,90739,91738,1000,39,1,0.0016650157049298286,OK,True,
bcftools-indexed,r02_region_variant_shape_counts,w1000_02,1,90739,91738,1000,39,2,0.0018059690482914448,OK,True,
bcftools-indexed,r02_region_variant_shape_counts,w1000_02,1,90739,91738,1000,39,3,0.0016780882142484188,OK,True,
bcftools-indexed,r02_region_variant_shape_counts,w1000_03,2,44394,45393,1000,39,1,0.0017799842171370983,OK,True,
bcftools-indexed,r02_region_variant_shape_counts,w1000_03,2,44394,45393,1000,39,2,0.0017136079259216785,OK,True,
bcftools-indexed,r02_region_variant_shape_counts,w1000_03,2,44394,45393,1000,39,3,0.0017238850705325603,OK,True,
bcftools-indexed,r02_region_variant_shape_counts,w1000_04,1,7981,8980,1000,39,1,0.0016400902532041073,OK,True,
bcftools-indexed,r02_region_variant_shape_counts,w1000_04,1,7981,8980,1000,39,2,0.0016523320227861404,OK,True,
bcftools-indexed,r02_region_variant_shape_counts,w1000_04,1,7981,8980,1000,39,3,0.00165845500305295,OK,True,
bcftools-indexed,r02_region_variant_shape_counts,w1000_05,1,110863,111862,1000,39,1,0.001720354426652193,OK,True,
bcftools-indexed,r02_region_variant_shape_counts,w1000_05,1,110863,111862,1000,39,2,0.001598863396793604,OK,True,
bcftools-indexed,r02_region_variant_shape_counts,w1000_05,1,110863,111862,1000,39,3,0.00164008978754282,OK,True,
bcftools-indexed,r02_region_variant_shape_counts,w1000_06,1,104311,105310,1000,39,1,0.001762931700795889,OK,True,
bcftools-indexed,r02_region_variant_shape_counts,w1000_06,1,104311,105310,1000,39,2,0.0016475347802042961,OK,True,
bcftools-indexed,r02_region_variant_shape_counts,w1000_06,1,104311,105310,1000,39,3,0.0016692099161446095,OK,True,
bcftools-indexed,r02_region_variant_shape_counts,w1000_07,1,14091,15090,1000,39,1,0.0016566929407417774,OK,True,
bcftools-indexed,r02_region_variant_shape_counts,w1000_07,1,14091,15090,1000,39,2,0.0018181842751801014,OK,True,
bcftools-indexed,r02_region_variant_shape_counts,w1000_07,1,14091,15090,1000,39,3,0.001706831157207489,OK,True,
bcftools-indexed,r02_region_variant_shape_counts,w1000_08,2,48996,49995,1000,39,1,0.001650533638894558,OK,True,
bcftools-indexed,r02_region_variant_shape_counts,w1000_08,2,48996,49995,1000,39,2,0.0018176427111029625,OK,True,
bcftools-indexed,r02_region_variant_shape_counts,w1000_08,2,48996,49995,1000,39,3,0.0018681557849049568,OK,True,
bcftools-indexed,r02_region_variant_shape_counts,w1000_09,1,120145,121144,1000,39,1,0.0016744369640946388,OK,True,
bcftools-indexed,r02_region_variant_shape_counts,w1000_09,1,120145,121144,1000,39,2,0.001589211169630289,OK,True,
bcftools-indexed,r02_region_variant_shape_counts,w1000_09,1,120145,121144,1000,39,3,0.0016169347800314426,OK,True,
bcftools-indexed,r02_region_variant_shape_counts,w1000_10,2,73436,74435,1000,39,1,0.0016591688618063927,OK,True,
bcftools-indexed,r02_region_variant_shape_counts,w1000_10,2,73436,74435,1000,39,2,0.0015549249947071075,OK,True,
bcftools-indexed,r02_region_variant_shape_counts,w1000_10,2,73436,74435,1000,39,3,0.0017321337945759296,OK,True,
bcftools-indexed,r02_region_variant_shape_counts,w1000_11,1,41547,42546,1000,39,1,0.0016457540914416313,OK,True,
bcftools-indexed,r02_region_variant_shape_counts,w1000_11,1,41547,42546,1000,39,2,0.001603590790182352,OK,True,
bcftools-indexed,r02_region_variant_shape_counts,w1000_11,1,41547,42546,1000,39,3,0.0016446970403194427,OK,True,
bcftools-indexed,r02_region_variant_shape_counts,w1000_12,2,112670,113669,1000,39,1,0.0017226939089596272,OK,True,
bcftools-indexed,r02_region_variant_shape_counts,w1000_12,2,112670,113669,1000,39,2,0.0016466109082102776,OK,True,
bcftools-indexed,r02_region_variant_shape_counts,w1000_12,2,112670,113669,1000,39,3,0.0017125969752669334,OK,True,
bcftools-indexed,r02_region_variant_shape_counts,w1000_13,2,121328,122327,1000,39,1,0.0015851128846406937,OK,True,
bcftools-indexed,r02_region_variant_shape_counts,w1000_13,2,121328,122327,1000,39,2,0.0015713036991655827,OK,True,
bcftools-indexed,r02_region_variant_shape_counts,w1000_13,2,121328,122327,1000,39,3,0.0018698717467486858,OK,True,
bcftools-indexed,r02_region_variant_shape_counts,w1000_14,2,128114,129113,1000,39,1,0.0017714248970150948,OK,True,
bcftools-indexed,r02_region_variant_shape_counts,w1000_14,2,128114,129113,1000,39,2,0.0018168087117373943,OK,True,
bcftools-indexed,r02_region_variant_shape_counts,w1000_14,2,128114,129113,1000,39,3,0.0016657020896673203,OK,True,
bcftools-indexed,r02_region_variant_shape_counts,w1000_15,1,56237,57236,1000,39,1,0.0017008120194077492,OK,True,
bcftools-indexed,r02_region_variant_shape_counts,w1000_15,1,56237,57236,1000,39,2,0.0016297819092869759,OK,True,
bcftools-indexed,r02_region_variant_shape_counts,w1000_15,1,56237,57236,1000,39,3,0.0016150730662047863,OK,True,
bcftools-indexed,r02_region_variant_shape_counts,w1000_16,1,65883,66882,1000,39,1,0.0016217050142586231,OK,True,
bcftools-indexed,r02_region_variant_shape_counts,w1000_16,1,65883,66882,1000,39,2,0.0016709198243916035,OK,True,
bcftools-indexed,r02_region_variant_shape_counts,w1000_16,1,65883,66882,1000,39,3,0.0017797471955418587,OK,True,
bcftools-indexed,r02_region_variant_shape_counts,w1000_17,2,13298,14297,1000,39,1,0.0017777187749743462,OK,True,
bcftools-indexed,r02_region_variant_shape_counts,w1000_17,2,13298,14297,1000,39,2,0.0016422872431576252,OK,True,
bcftools-indexed,r02_region_variant_shape_counts,w1000_17,2,13298,14297,1000,39,3,0.0016929223202168941,OK,True,
bcftools-indexed,r02_region_variant_shape_counts,w1000_18,2,32252,33251,1000,39,1,0.0016982480883598328,OK,True,
bcftools-indexed,r02_region_variant_shape_counts,w1000_18,2,32252,33251,1000,39,2,0.0017127660103142262,OK,True,
bcftools-indexed,r02_region_variant_shape_counts,w1000_18,2,32252,33251,1000,39,3,0.0017564650624990463,OK,True,
bcftools-indexed,r02_region_variant_shape_counts,w1000_19,1,96953,97952,1000,39,1,0.001708292867988348,OK,True,
bcftools-indexed,r02_region_variant_shape_counts,w1000_19,1,96953,97952,1000,39,2,0.001963535789400339,OK,True,
bcftools-indexed,r02_region_variant_shape_counts,w1000_19,1,96953,97952,1000,39,3,0.0016312012448906898,OK,True,
bcftools-indexed,r02_region_variant_shape_counts,w100000_00,2,120002,220001,100000,417,1,0.002565939910709858,OK,True,
bcftools-indexed,r02_region_variant_shape_counts,w100000_00,2,120002,220001,100000,417,2,0.0024662362411618233,OK,True,
bcftools-indexed,r02_region_variant_shape_counts,w100000_00,2,120002,220001,100000,417,3,0.002491754014045,OK,True,
bcftools-indexed,r02_region_variant_shape_counts,w100000_01,1,88763,188762,100000,1618,1,0.005216906312853098,OK,True,
bcftools-indexed,r02_region_variant_shape_counts,w100000_01,1,88763,188762,100000,1618,2,0.005446210037916899,OK,True,
bcftools-indexed,r02_region_variant_shape_counts,w100000_01,1,88763,188762,100000,1618,3,0.005412852857261896,OK,True,
bcftools-indexed,r02_region_variant_shape_counts,w100000_02,1,52857,152856,100000,2999,1,0.008625403046607971,OK,True,
bcftools-indexed,r02_region_variant_shape_counts,w100000_02,1,52857,152856,100000,2999,2,0.008552912157028913,OK,True,
bcftools-indexed,r02_region_variant_shape_counts,w100000_02,1,52857,152856,100000,2999,3,0.008459141943603754,OK,True,
bcftools-indexed,r02_region_variant_shape_counts,w100000_03,2,52324,152323,100000,3020,1,0.00848007621243596,OK,True,
bcftools-indexed,r02_region_variant_shape_counts,w100000_03,2,52324,152323,100000,3020,2,0.008660396095365286,OK,True,
bcftools-indexed,r02_region_variant_shape_counts,w100000_03,2,52324,152323,100000,3020,3,0.008446107152849436,OK,True,
bcftools-indexed,r02_region_variant_shape_counts,w100000_04,2,34592,134591,100000,3702,1,0.01050668116658926,OK,True,
bcftools-indexed,r02_region_variant_shape_counts,w100000_04,2,34592,134591,100000,3702,2,0.010440167970955372,OK,True,
bcftools-indexed,r02_region_variant_shape_counts,w100000_04,2,34592,134591,100000,3702,3,0.0100570572540164,OK,True,
bcftools-indexed,r02_region_variant_shape_counts,w100000_05,1,53975,153974,100000,2956,1,0.008317659143358469,OK,True,
bcftools-indexed,r02_region_variant_shape_counts,w100000_05,1,53975,153974,100000,2956,2,0.008480949327349663,OK,True,
bcftools-indexed,r02_region_variant_shape_counts,w100000_05,1,53975,153974,100000,2956,3,0.008361705113202333,OK,True,
bcftools-indexed,r02_region_variant_shape_counts,w100000_06,1,116323,216322,100000,558,1,0.003897779155522585,OK,True,
bcftools-indexed,r02_region_variant_shape_counts,w100000_06,1,116323,216322,100000,558,2,0.003333254251629114,OK,True,
bcftools-indexed,r02_region_variant_shape_counts,w100000_06,1,116323,216322,100000,558,3,0.0031840968877077103,OK,True,
bcftools-indexed,r02_region_variant_shape_counts,w100000_07,2,54378,154377,100000,2941,1,0.008328652009367943,OK,True,
bcftools-indexed,r02_region_variant_shape_counts,w100000_07,2,54378,154377,100000,2941,2,0.00844929227605462,OK,True,
bcftools-indexed,r02_region_variant_shape_counts,w100000_07,2,54378,154377,100000,2941,3,0.008302814792841673,OK,True,
bcftools-indexed,r02_region_variant_shape_counts,w100000_08,2,7188,107187,100000,3847,1,0.010813707951456308,OK,True,
bcftools-indexed,r02_region_variant_shape_counts,w100000_08,2,7188,107187,100000,3847,2,0.010501950979232788,OK,True,
bcftools-indexed,r02_region_variant_shape_counts,w100000_08,2,7188,107187,100000,3847,3,0.010673724114894867,OK,True,
bcftools-indexed,r02_region_variant_shape_counts,w100000_09,2,111448,211447,100000,746,1,0.0035385959781706333,OK,True,
bcftools-indexed,r02_region_variant_shape_counts,w100000_09,2,111448,211447,100000,746,2,0.003565100021660328,OK,True,
bcftools-indexed,r02_region_variant_shape_counts,w100000_09,2,111448,211447,100000,746,3,0.0033493302762508392,OK,True,
bcftools-indexed,r02_region_variant_shape_counts,w100000_10,2,122134,222133,100000,335,1,0.002787170931696892,OK,True,
bcftools-indexed,r02_region_variant_shape_counts,w100000_10,2,122134,222133,100000,335,2,0.0029302770271897316,OK,True,
bcftools-indexed,r02_region_variant_shape_counts,w100000_10,2,122134,222133,100000,335,3,0.0025406088680028915,OK,True,
bcftools-indexed,r02_region_variant_shape_counts,w100000_11,1,4159,104158,100000,3847,1,0.010173846036195755,OK,True,
bcftools-indexed,r02_region_variant_shape_counts,w100000_11,1,4159,104158,100000,3847,2,0.010392790660262108,OK,True,
bcftools-indexed,r02_region_variant_shape_counts,w100000_11,1,4159,104158,100000,3847,3,0.010128746274858713,OK,True,
bcftools-indexed,r02_region_variant_shape_counts,w100000_12,2,13740,113739,100000,3847,1,0.010550413746386766,OK,True,
bcftools-indexed,r02_region_variant_shape_counts,w100000_12,2,13740,113739,100000,3847,2,0.010200607124716043,OK,True,
bcftools-indexed,r02_region_variant_shape_counts,w100000_12,2,13740,113739,100000,3847,3,0.010121956001967192,OK,True,
bcftools-indexed,r02_region_variant_shape_counts,w100000_13,2,91324,191323,100000,1520,1,0.005116159096360207,OK,True,
bcftools-indexed,r02_region_variant_shape_counts,w100000_13,2,91324,191323,100000,1520,2,0.005090181715786457,OK,True,
bcftools-indexed,r02_region_variant_shape_counts,w100000_13,2,91324,191323,100000,1520,3,0.005192226730287075,OK,True,
bcftools-indexed,r02_region_variant_shape_counts,w100000_14,2,21254,121253,100000,3847,1,0.010652193799614906,OK,True,
bcftools-indexed,r02_region_variant_shape_counts,w100000_14,2,21254,121253,100000,3847,2,0.01089168805629015,OK,True,
bcftools-indexed,r02_region_variant_shape_counts,w100000_14,2,21254,121253,100000,3847,3,0.010830435901880264,OK,True,
bcftools-indexed,r02_region_variant_shape_counts,w100000_15,1,111279,211278,100000,752,1,0.00384651031345129,OK,True,
bcftools-indexed,r02_region_variant_shape_counts,w100000_15,1,111279,211278,100000,752,2,0.0035035470500588417,OK,True,
bcftools-indexed,r02_region_variant_shape_counts,w100000_15,1,111279,211278,100000,752,3,0.003401209134608507,OK,True,
bcftools-indexed,r02_region_variant_shape_counts,w100000_16,1,113957,213956,100000,649,1,0.003196955192834139,OK,True,
bcftools-indexed,r02_region_variant_shape_counts,w100000_16,1,113957,213956,100000,649,2,0.0031516579911112785,OK,True,
bcftools-indexed,r02_region_variant_shape_counts,w100000_16,1,113957,213956,100000,649,3,0.003161393105983734,OK,True,
bcftools-indexed,r02_region_variant_shape_counts,w100000_17,1,26389,126388,100000,3847,1,0.010046008974313736,OK,True,
bcftools-indexed,r02_region_variant_shape_counts,w100000_17,1,26389,126388,100000,3847,2,0.010161557700484991,OK,True,
bcftools-indexed,r02_region_variant_shape_counts,w100000_17,1,26389,126388,100000,3847,3,0.010255889967083931,OK,True,
bcftools-indexed,r02_region_variant_shape_counts,w100000_18,2,62074,162073,100000,2645,1,0.00766826281324029,OK,True,
bcftools-indexed,r02_region_variant_shape_counts,w100000_18,2,62074,162073,100000,2645,2,0.007406150922179222,OK,True,
bcftools-indexed,r02_region_variant_shape_counts,w100000_18,2,62074,162073,100000,2645,3,0.007488135248422623,OK,True,
bcftools-indexed,r02_region_variant_shape_counts,w100000_19,1,99683,199682,100000,1198,1,0.004459239076822996,OK,True,
bcftools-indexed,r02_region_variant_shape_counts,w100000_19,1,99683,199682,100000,1198,2,0.004350300878286362,OK,True,
bcftools-indexed,r02_region_variant_shape_counts,w100000_19,1,99683,199682,100000,1198,3,0.004346389789134264,OK,True,
bcftools-indexed,r02_region_variant_shape_counts,w1000000_00,2,77700,1077699,1000000,2044,1,0.008235268760472536,OK,True,
bcftools-indexed,r02_region_variant_shape_counts,w1000000_00,2,77700,1077699,1000000,2044,2,0.006565605290234089,OK,True,
bcftools-indexed,r02_region_variant_shape_counts,w1000000_00,2,77700,1077699,1000000,2044,3,0.007177972700446844,OK,True,
bcftools-indexed,r02_region_variant_shape_counts,w1000000_01,2,14260,1014259,1000000,4484,1,0.01193453511223197,OK,True,
bcftools-indexed,r02_region_variant_shape_counts,w1000000_01,2,14260,1014259,1000000,4484,2,0.012143888976424932,OK,True,
bcftools-indexed,r02_region_variant_shape_counts,w1000000_01,2,14260,1014259,1000000,4484,3,0.012169125955551863,OK,True,
bcftools-indexed,r02_region_variant_shape_counts,w1000000_02,2,39428,1039427,1000000,3516,1,0.010096799116581678,OK,True,
bcftools-indexed,r02_region_variant_shape_counts,w1000000_02,2,39428,1039427,1000000,3516,2,0.009768232237547636,OK,True,
bcftools-indexed,r02_region_variant_shape_counts,w1000000_02,2,39428,1039427,1000000,3516,3,0.009797475766390562,OK,True,
bcftools-indexed,r02_region_variant_shape_counts,w1000000_03,2,121614,1121613,1000000,355,1,0.0025121551007032394,OK,True,
bcftools-indexed,r02_region_variant_shape_counts,w1000000_03,2,121614,1121613,1000000,355,2,0.0025688661262392998,OK,True,
bcftools-indexed,r02_region_variant_shape_counts,w1000000_03,2,121614,1121613,1000000,355,3,0.002962019294500351,OK,True,
bcftools-indexed,r02_region_variant_shape_counts,w1000000_04,2,45980,1045979,1000000,3264,1,0.009872441180050373,OK,True,
bcftools-indexed,r02_region_variant_shape_counts,w1000000_04,2,45980,1045979,1000000,3264,2,0.00927444314584136,OK,True,
bcftools-indexed,r02_region_variant_shape_counts,w1000000_04,2,45980,1045979,1000000,3264,3,0.009733706247061491,OK,True,
bcftools-indexed,r02_region_variant_shape_counts,w1000000_05,2,74320,1074319,1000000,2174,1,0.007424641866236925,OK,True,
bcftools-indexed,r02_region_variant_shape_counts,w1000000_05,2,74320,1074319,1000000,2174,2,0.007323043886572123,OK,True,
bcftools-indexed,r02_region_variant_shape_counts,w1000000_05,2,74320,1074319,1000000,2174,3,0.006966735236346722,OK,True,
bcftools-indexed,r02_region_variant_shape_counts,w1000000_06,1,75477,1075476,1000000,2129,1,0.006866963114589453,OK,True,
bcftools-indexed,r02_region_variant_shape_counts,w1000000_06,1,75477,1075476,1000000,2129,2,0.006821759045124054,OK,True,
bcftools-indexed,r02_region_variant_shape_counts,w1000000_06,1,75477,1075476,1000000,2129,3,0.0068389917723834515,OK,True,
bcftools-indexed,r02_region_variant_shape_counts,w1000000_07,1,15729,1015728,1000000,4427,1,0.012317612767219543,OK,True,
bcftools-indexed,r02_region_variant_shape_counts,w1000000_07,1,15729,1015728,1000000,4427,2,0.012315697968006134,OK,True,
bcftools-indexed,r02_region_variant_shape_counts,w1000000_07,1,15729,1015728,1000000,4427,3,0.012799627613276243,OK,True,
bcftools-indexed,r02_region_variant_shape_counts,w1000000_08,2,74268,1074267,1000000,2176,1,0.007062859367579222,OK,True,
bcftools-indexed,r02_region_variant_shape_counts,w1000000_08,2,74268,1074267,1000000,2176,2,0.008697920944541693,OK,True,
bcftools-indexed,r02_region_variant_shape_counts,w1000000_08,2,74268,1074267,1000000,2176,3,0.007143713068217039,OK,True,
bcftools-indexed,r02_region_variant_shape_counts,w1000000_09,1,33643,1033642,1000000,3738,1,0.010600635781884193,OK,True,
bcftools-indexed,r02_region_variant_shape_counts,w1000000_09,1,33643,1033642,1000000,3738,2,0.010733383242040873,OK,True,
bcftools-indexed,r02_region_variant_shape_counts,w1000000_09,1,33643,1033642,1000000,3738,3,0.0165200917981565,OK,True,
bcftools-indexed,r02_region_variant_shape_counts,w1000000_10,1,92507,1092506,1000000,1474,1,0.008002422749996185,OK,True,
bcftools-indexed,r02_region_variant_shape_counts,w1000000_10,1,92507,1092506,1000000,1474,2,0.011787527240812778,OK,True,
bcftools-indexed,r02_region_variant_shape_counts,w1000000_10,1,92507,1092506,1000000,1474,3,0.007674059830605984,OK,True,
bcftools-indexed,r02_region_variant_shape_counts,w1000000_11,1,121211,1121210,1000000,370,1,0.0034661018289625645,OK,True,
bcftools-indexed,r02_region_variant_shape_counts,w1000000_11,1,121211,1121210,1000000,370,2,0.0033473861403763294,OK,True,
bcftools-indexed,r02_region_variant_shape_counts,w1000000_11,1,121211,1121210,1000000,370,3,0.003119753673672676,OK,True,
bcftools-indexed,r02_region_variant_shape_counts,w1000000_12,1,77765,1077764,1000000,2041,1,0.009851369075477123,OK,True,
bcftools-indexed,r02_region_variant_shape_counts,w1000000_12,1,77765,1077764,1000000,2041,2,0.009787017945200205,OK,True,
bcftools-indexed,r02_region_variant_shape_counts,w1000000_12,1,77765,1077764,1000000,2041,3,0.009930857922881842,OK,True,
bcftools-indexed,r02_region_variant_shape_counts,w1000000_13,2,118494,1118493,1000000,475,1,0.003948946949094534,OK,True,
bcftools-indexed,r02_region_variant_shape_counts,w1000000_13,2,118494,1118493,1000000,475,2,0.0037506846711039543,OK,True,
bcftools-indexed,r02_region_variant_shape_counts,w1000000_13,2,118494,1118493,1000000,475,3,0.003958746790885925,OK,True,
bcftools-indexed,r02_region_variant_shape_counts,w1000000_14,1,92143,1092142,1000000,1488,1,0.007896599359810352,OK,True,
bcftools-indexed,r02_region_variant_shape_counts,w1000000_14,1,92143,1092142,1000000,1488,2,0.007684553973376751,OK,True,
bcftools-indexed,r02_region_variant_shape_counts,w1000000_14,1,92143,1092142,1000000,1488,3,0.008835533633828163,OK,True,
bcftools-indexed,r02_region_variant_shape_counts,w1000000_15,1,125423,1125422,1000000,208,1,0.0025705769658088684,OK,True,
bcftools-indexed,r02_region_variant_shape_counts,w1000000_15,1,125423,1125422,1000000,208,2,0.002345711924135685,OK,True,
bcftools-indexed,r02_region_variant_shape_counts,w1000000_15,1,125423,1125422,1000000,208,3,0.002683099824935198,OK,True,
bcftools-indexed,r02_region_variant_shape_counts,w1000000_16,2,99852,1099851,1000000,1192,1,0.00575629435479641,OK,True,
bcftools-indexed,r02_region_variant_shape_counts,w1000000_16,2,99852,1099851,1000000,1192,2,0.004977834410965443,OK,True,
bcftools-indexed,r02_region_variant_shape_counts,w1000000_16,2,99852,1099851,1000000,1192,3,0.0045653460547327995,OK,True,
bcftools-indexed,r02_region_variant_shape_counts,w1000000_17,2,49334,1049333,1000000,3135,1,0.00910636829212308,OK,True,
bcftools-indexed,r02_region_variant_shape_counts,w1000000_17,2,49334,1049333,1000000,3135,2,0.011613192968070507,OK,True,
bcftools-indexed,r02_region_variant_shape_counts,w1000000_17,2,49334,1049333,1000000,3135,3,0.009089631959795952,OK,True,
bcftools-indexed,r02_region_variant_shape_counts,w1000000_18,1,74801,1074800,1000000,2155,1,0.006780198775231838,OK,True,
bcftools-indexed,r02_region_variant_shape_counts,w1000000_18,1,74801,1074800,1000000,2155,2,0.006901096552610397,OK,True,
bcftools-indexed,r02_region_variant_shape_counts,w1000000_18,1,74801,1074800,1000000,2155,3,0.008463402278721333,OK,True,
bcftools-indexed,r02_region_variant_shape_counts,w1000000_19,1,121003,1121002,1000000,378,1,0.0027050659991800785,OK,True,
bcftools-indexed,r02_region_variant_shape_counts,w1000000_19,1,121003,1121002,1000000,378,2,0.002666562795639038,OK,True,
bcftools-indexed,r02_region_variant_shape_counts,w1000000_19,1,121003,1121002,1000000,378,3,0.0034069609828293324,OK,True,
bcftools-indexed,r02_region_variant_shape_counts,w10000000_00,1,105481,10105480,10000000,975,1,0.00405388418585062,OK,True,
bcftools-indexed,r02_region_variant_shape_counts,w10000000_00,1,105481,10105480,10000000,975,2,0.004007929936051369,OK,True,
bcftools-indexed,r02_region_variant_shape_counts,w10000000_00,1,105481,10105480,10000000,975,3,0.005076193250715733,OK,True,
bcftools-indexed,r02_region_variant_shape_counts,w10000000_01,1,37257,10037256,10000000,3599,1,0.010116421151906252,OK,True,
bcftools-indexed,r02_region_variant_shape_counts,w10000000_01,1,37257,10037256,10000000,3599,2,0.011380305979400873,OK,True,
bcftools-indexed,r02_region_variant_shape_counts,w10000000_01,1,37257,10037256,10000000,3599,3,0.010661534033715725,OK,True,
bcftools-indexed,r02_region_variant_shape_counts,w10000000_02,2,92130,10092129,10000000,1489,1,0.006992036011070013,OK,True,
bcftools-indexed,r02_region_variant_shape_counts,w10000000_02,2,92130,10092129,10000000,1489,2,0.005599166266620159,OK,True,
bcftools-indexed,r02_region_variant_shape_counts,w10000000_02,2,92130,10092129,10000000,1489,3,0.007229134440422058,OK,True,
bcftools-indexed,r02_region_variant_shape_counts,w10000000_03,1,25557,10025556,10000000,4049,1,0.011847264133393764,OK,True,
bcftools-indexed,r02_region_variant_shape_counts,w10000000_03,1,25557,10025556,10000000,4049,2,0.014929072000086308,OK,True,
bcftools-indexed,r02_region_variant_shape_counts,w10000000_03,1,25557,10025556,10000000,4049,3,0.011651110835373402,OK,True,
bcftools-indexed,r02_region_variant_shape_counts,w10000000_04,2,46604,10046603,10000000,3240,1,0.011005018837749958,OK,True,
bcftools-indexed,r02_region_variant_shape_counts,w10000000_04,2,46604,10046603,10000000,3240,2,0.01093412097543478,OK,True,
bcftools-indexed,r02_region_variant_shape_counts,w10000000_04,2,46604,10046603,10000000,3240,3,0.009521292988210917,OK,True,
bcftools-indexed,r02_region_variant_shape_counts,w10000000_05,1,49477,10049476,10000000,3129,1,0.009008783381432295,OK,True,
bcftools-indexed,r02_region_variant_shape_counts,w10000000_05,1,49477,10049476,10000000,3129,2,0.009203806053847075,OK,True,
bcftools-indexed,r02_region_variant_shape_counts,w10000000_05,1,49477,10049476,10000000,3129,3,0.009749404154717922,OK,True,
bcftools-indexed,r02_region_variant_shape_counts,w10000000_06,1,6499,10006498,10000000,4782,1,0.016168467234820127,OK,True,
bcftools-indexed,r02_region_variant_shape_counts,w10000000_06,1,6499,10006498,10000000,4782,2,0.013121066149324179,OK,True,
bcftools-indexed,r02_region_variant_shape_counts,w10000000_06,1,6499,10006498,10000000,4782,3,0.013592449948191643,OK,True,
bcftools-indexed,r02_region_variant_shape_counts,w10000000_07,2,47280,10047279,10000000,3214,1,0.011578998994082212,OK,True,
bcftools-indexed,r02_region_variant_shape_counts,w10000000_07,2,47280,10047279,10000000,3214,2,0.009591553825885057,OK,True,
bcftools-indexed,r02_region_variant_shape_counts,w10000000_07,2,47280,10047279,10000000,3214,3,0.009606597013771534,OK,True,
bcftools-indexed,r02_region_variant_shape_counts,w10000000_08,2,88724,10088723,10000000,1620,1,0.006229551043361425,OK,True,
bcftools-indexed,r02_region_variant_shape_counts,w10000000_08,2,88724,10088723,10000000,1620,2,0.005878516007214785,OK,True,
bcftools-indexed,r02_region_variant_shape_counts,w10000000_08,2,88724,10088723,10000000,1620,3,0.005552572198212147,OK,True,
bcftools-indexed,r02_region_variant_shape_counts,w10000000_09,2,69692,10069691,10000000,2352,1,0.007004240062087774,OK,True,
bcftools-indexed,r02_region_variant_shape_counts,w10000000_09,2,69692,10069691,10000000,2352,2,0.007316592149436474,OK,True,
bcftools-indexed,r02_region_variant_shape_counts,w10000000_09,2,69692,10069691,10000000,2352,3,0.007630468811839819,OK,True,
bcftools-indexed,r02_region_variant_shape_counts,w10000000_10,1,51271,10051270,10000000,3060,1,0.008806407917290926,OK,True,
bcftools-indexed,r02_region_variant_shape_counts,w10000000_10,1,51271,10051270,10000000,3060,2,0.008687406312674284,OK,True,
bcftools-indexed,r02_region_variant_shape_counts,w10000000_10,1,51271,10051270,10000000,3060,3,0.009305010084062815,OK,True,
bcftools-indexed,r02_region_variant_shape_counts,w10000000_11,1,116349,10116348,10000000,557,1,0.0032265810295939445,OK,True,
bcftools-indexed,r02_region_variant_shape_counts,w10000000_11,1,116349,10116348,10000000,557,2,0.0031839869916439056,OK,True,
bcftools-indexed,r02_region_variant_shape_counts,w10000000_11,1,116349,10116348,10000000,557,3,0.0031540002673864365,OK,True,
bcftools-indexed,r02_region_variant_shape_counts,w10000000_12,1,121471,10121470,10000000,360,1,0.0026021157391369343,OK,True,
bcftools-indexed,r02_region_variant_shape_counts,w10000000_12,1,121471,10121470,10000000,360,2,0.002767356112599373,OK,True,
bcftools-indexed,r02_region_variant_shape_counts,w10000000_12,1,121471,10121470,10000000,360,3,0.0025768568739295006,OK,True,
bcftools-indexed,r02_region_variant_shape_counts,w10000000_13,2,115582,10115581,10000000,587,1,0.00325442710891366,OK,True,
bcftools-indexed,r02_region_variant_shape_counts,w10000000_13,2,115582,10115581,10000000,587,2,0.0032365811057388783,OK,True,
bcftools-indexed,r02_region_variant_shape_counts,w10000000_13,2,115582,10115581,10000000,587,3,0.002930634655058384,OK,True,
bcftools-indexed,r02_region_variant_shape_counts,w10000000_14,2,74138,10074137,10000000,2181,1,0.006554177030920982,OK,True,
bcftools-indexed,r02_region_variant_shape_counts,w10000000_14,2,74138,10074137,10000000,2181,2,0.006564436014741659,OK,True,
bcftools-indexed,r02_region_variant_shape_counts,w10000000_14,2,74138,10074137,10000000,2181,3,0.006844921037554741,OK,True,
bcftools-indexed,r02_region_variant_shape_counts,w10000000_15,1,50231,10050230,10000000,3100,1,0.00882547814399004,OK,True,
bcftools-indexed,r02_region_variant_shape_counts,w10000000_15,1,50231,10050230,10000000,3100,2,0.008793374989181757,OK,True,
bcftools-indexed,r02_region_variant_shape_counts,w10000000_15,1,50231,10050230,10000000,3100,3,0.008903152775019407,OK,True,
bcftools-indexed,r02_region_variant_shape_counts,w10000000_16,1,20669,10020668,10000000,4237,1,0.014791665133088827,OK,True,
bcftools-indexed,r02_region_variant_shape_counts,w10000000_16,1,20669,10020668,10000000,4237,2,0.012721673119813204,OK,True,
bcftools-indexed,r02_region_variant_shape_counts,w10000000_16,1,20669,10020668,10000000,4237,3,0.012798662297427654,OK,True,
bcftools-indexed,r02_region_variant_shape_counts,w10000000_17,1,66273,10066272,10000000,2483,1,0.008188772946596146,OK,True,
bcftools-indexed,r02_region_variant_shape_counts,w10000000_17,1,66273,10066272,10000000,2483,2,0.0077039944007992744,OK,True,
bcftools-indexed,r02_region_variant_shape_counts,w10000000_17,1,66273,10066272,10000000,2483,3,0.007794328033924103,OK,True,
bcftools-indexed,r02_region_variant_shape_counts,w10000000_18,1,57745,10057744,10000000,2811,1,0.008301950991153717,OK,True,
bcftools-indexed,r02_region_variant_shape_counts,w10000000_18,1,57745,10057744,10000000,2811,2,0.008397063240408897,OK,True,
bcftools-indexed,r02_region_variant_shape_counts,w10000000_18,1,57745,10057744,10000000,2811,3,0.008226299192756414,OK,True,
bcftools-indexed,r02_region_variant_shape_counts,w10000000_19,1,102907,10102906,10000000,1074,1,0.0041615706868469715,OK,True,
bcftools-indexed,r02_region_variant_shape_counts,w10000000_19,1,102907,10102906,10000000,1074,2,0.004724057856947184,OK,True,
bcftools-indexed,r02_region_variant_shape_counts,w10000000_19,1,102907,10102906,10000000,1074,3,0.00454321876168251,OK,True,
bcftools-indexed,r03_region_titv,w1000_00,2,53546,54545,1000,39,1,0.0018563349731266499,OK,True,
bcftools-indexed,r03_region_titv,w1000_00,2,53546,54545,1000,39,2,0.001728974748402834,OK,True,
bcftools-indexed,r03_region_titv,w1000_00,2,53546,54545,1000,39,3,0.001594026107341051,OK,True,
bcftools-indexed,r03_region_titv,w1000_01,2,79858,80857,1000,39,1,0.0016534416936337948,OK,True,
bcftools-indexed,r03_region_titv,w1000_01,2,79858,80857,1000,39,2,0.0016391030512750149,OK,True,
bcftools-indexed,r03_region_titv,w1000_01,2,79858,80857,1000,39,3,0.0017266827635467052,OK,True,
bcftools-indexed,r03_region_titv,w1000_02,1,90739,91738,1000,39,1,0.001725694164633751,OK,True,
bcftools-indexed,r03_region_titv,w1000_02,1,90739,91738,1000,39,2,0.001653420738875866,OK,True,
bcftools-indexed,r03_region_titv,w1000_02,1,90739,91738,1000,39,3,0.0016608480364084244,OK,True,
bcftools-indexed,r03_region_titv,w1000_03,2,44394,45393,1000,39,1,0.0017365487292408943,OK,True,
bcftools-indexed,r03_region_titv,w1000_03,2,44394,45393,1000,39,2,0.0017241551540791988,OK,True,
bcftools-indexed,r03_region_titv,w1000_03,2,44394,45393,1000,39,3,0.0016212170012295246,OK,True,
bcftools-indexed,r03_region_titv,w1000_04,1,7981,8980,1000,39,1,0.0016601718962192535,OK,True,
bcftools-indexed,r03_region_titv,w1000_04,1,7981,8980,1000,39,2,0.0015574661083519459,OK,True,
bcftools-indexed,r03_region_titv,w1000_04,1,7981,8980,1000,39,3,0.0016046748496592045,OK,True,
bcftools-indexed,r03_region_titv,w1000_05,1,110863,111862,1000,39,1,0.0016735950484871864,OK,True,
bcftools-indexed,r03_region_titv,w1000_05,1,110863,111862,1000,39,2,0.0016281087882816792,OK,True,
bcftools-indexed,r03_region_titv,w1000_05,1,110863,111862,1000,39,3,0.0017936318181455135,OK,True,
bcftools-indexed,r03_region_titv,w1000_06,1,104311,105310,1000,39,1,0.0016123359091579914,OK,True,
bcftools-indexed,r03_region_titv,w1000_06,1,104311,105310,1000,39,2,0.0018606842495501041,OK,True,
bcftools-indexed,r03_region_titv,w1000_06,1,104311,105310,1000,39,3,0.0017013628967106342,OK,True,
bcftools-indexed,r03_region_titv,w1000_07,1,14091,15090,1000,39,1,0.0016360669396817684,OK,True,
bcftools-indexed,r03_region_titv,w1000_07,1,14091,15090,1000,39,2,0.0017020008526742458,OK,True,
bcftools-indexed,r03_region_titv,w1000_07,1,14091,15090,1000,39,3,0.0016197608783841133,OK,True,
bcftools-indexed,r03_region_titv,w1000_08,2,48996,49995,1000,39,1,0.001752820797264576,OK,True,
bcftools-indexed,r03_region_titv,w1000_08,2,48996,49995,1000,39,2,0.0017005610279738903,OK,True,
bcftools-indexed,r03_region_titv,w1000_08,2,48996,49995,1000,39,3,0.0016930969431996346,OK,True,
bcftools-indexed,r03_region_titv,w1000_09,1,120145,121144,1000,39,1,0.0015828846953809261,OK,True,
bcftools-indexed,r03_region_titv,w1000_09,1,120145,121144,1000,39,2,0.0015543028712272644,OK,True,
bcftools-indexed,r03_region_titv,w1000_09,1,120145,121144,1000,39,3,0.0016140048392117023,OK,True,
bcftools-indexed,r03_region_titv,w1000_10,2,73436,74435,1000,39,1,0.0016448898240923882,OK,True,
bcftools-indexed,r03_region_titv,w1000_10,2,73436,74435,1000,39,2,0.0015130238607525826,OK,True,
bcftools-indexed,r03_region_titv,w1000_10,2,73436,74435,1000,39,3,0.0016668769530951977,OK,True,
bcftools-indexed,r03_region_titv,w1000_11,1,41547,42546,1000,39,1,0.001588576938956976,OK,True,
bcftools-indexed,r03_region_titv,w1000_11,1,41547,42546,1000,39,2,0.0017000418156385422,OK,True,
bcftools-indexed,r03_region_titv,w1000_11,1,41547,42546,1000,39,3,0.0017897160723805428,OK,True,
bcftools-indexed,r03_region_titv,w1000_12,2,112670,113669,1000,39,1,0.0017665489576756954,OK,True,
bcftools-indexed,r03_region_titv,w1000_12,2,112670,113669,1000,39,2,0.0018066493794322014,OK,True,
bcftools-indexed,r03_region_titv,w1000_12,2,112670,113669,1000,39,3,0.0018219538033008575,OK,True,
bcftools-indexed,r03_region_titv,w1000_13,2,121328,122327,1000,39,1,0.001800414640456438,OK,True,
bcftools-indexed,r03_region_titv,w1000_13,2,121328,122327,1000,39,2,0.0016495687887072563,OK,True,
bcftools-indexed,r03_region_titv,w1000_13,2,121328,122327,1000,39,3,0.0018359310925006866,OK,True,
bcftools-indexed,r03_region_titv,w1000_14,2,128114,129113,1000,39,1,0.002081560902297497,OK,True,
bcftools-indexed,r03_region_titv,w1000_14,2,128114,129113,1000,39,2,0.0018436908721923828,OK,True,
bcftools-indexed,r03_region_titv,w1000_14,2,128114,129113,1000,39,3,0.0017703189514577389,OK,True,
bcftools-indexed,r03_region_titv,w1000_15,1,56237,57236,1000,39,1,0.0016761780716478825,OK,True,
bcftools-indexed,r03_region_titv,w1000_15,1,56237,57236,1000,39,2,0.001756301149725914,OK,True,
bcftools-indexed,r03_region_titv,w1000_15,1,56237,57236,1000,39,3,0.0017957370728254318,OK,True,
bcftools-indexed,r03_region_titv,w1000_16,1,65883,66882,1000,39,1,0.0017879432998597622,OK,True,
bcftools-indexed,r03_region_titv,w1000_16,1,65883,66882,1000,39,2,0.001660608220845461,OK,True,
bcftools-indexed,r03_region_titv,w1000_16,1,65883,66882,1000,39,3,0.001660762820392847,OK,True,
bcftools-indexed,r03_region_titv,w1000_17,2,13298,14297,1000,39,1,0.001777872908860445,OK,True,
bcftools-indexed,r03_region_titv,w1000_17,2,13298,14297,1000,39,2,0.001801930833607912,OK,True,
bcftools-indexed,r03_region_titv,w1000_17,2,13298,14297,1000,39,3,0.0017437590286135674,OK,True,
bcftools-indexed,r03_region_titv,w1000_18,2,32252,33251,1000,39,1,0.001679091714322567,OK,True,
bcftools-indexed,r03_region_titv,w1000_18,2,32252,33251,1000,39,2,0.0017184950411319733,OK,True,
bcftools-indexed,r03_region_titv,w1000_18,2,32252,33251,1000,39,3,0.0017285500653088093,OK,True,
bcftools-indexed,r03_region_titv,w1000_19,1,96953,97952,1000,39,1,0.0017735781148076057,OK,True,
bcftools-indexed,r03_region_titv,w1000_19,1,96953,97952,1000,39,2,0.0016401726752519608,OK,True,
bcftools-indexed,r03_region_titv,w1000_19,1,96953,97952,1000,39,3,0.0017657787539064884,OK,True,
bcftools-indexed,r03_region_titv,w100000_00,2,120002,220001,100000,417,1,0.0020690159872174263,OK,True,
bcftools-indexed,r03_region_titv,w100000_00,2,120002,220001,100000,417,2,0.0020996849052608013,OK,True,
bcftools-indexed,r03_region_titv,w100000_00,2,120002,220001,100000,417,3,0.0021553533151745796,OK,True,
bcftools-indexed,r03_region_titv,w100000_01,1,88763,188762,100000,1618,1,0.003706449642777443,OK,True,
bcftools-indexed,r03_region_titv,w100000_01,1,88763,188762,100000,1618,2,0.003692630212754011,OK,True,
bcftools-indexed,r03_region_titv,w100000_01,1,88763,188762,100000,1618,3,0.0039133368991315365,OK,True,
bcftools-indexed,r03_region_titv,w100000_02,1,52857,152856,100000,2999,1,0.005840100813657045,OK,True,
bcftools-indexed,r03_region_titv,w100000_02,1,52857,152856,100000,2999,2,0.005965930875390768,OK,True,
bcftools-indexed,r03_region_titv,w100000_02,1,52857,152856,100000,2999,3,0.005547188688069582,OK,True,
bcftools-indexed,r03_region_titv,w100000_03,2,52324,152323,100000,3020,1,0.005652053747326136,OK,True,
bcftools-indexed,r03_region_titv,w100000_03,2,52324,152323,100000,3020,2,0.005711529869586229,OK,True,
bcftools-indexed,r03_region_titv,w100000_03,2,52324,152323,100000,3020,3,0.005660755094140768,OK,True,
bcftools-indexed,r03_region_titv,w100000_04,2,34592,134591,100000,3702,1,0.0069837369956076145,OK,True,
bcftools-indexed,r03_region_titv,w100000_04,2,34592,134591,100000,3702,2,0.00656031584367156,OK,True,
bcftools-indexed,r03_region_titv,w100000_04,2,34592,134591,100000,3702,3,0.006964428815990686,OK,True,
bcftools-indexed,r03_region_titv,w100000_05,1,53975,153974,100000,2956,1,0.005937586072832346,OK,True,
bcftools-indexed,r03_region_titv,w100000_05,1,53975,153974,100000,2956,2,0.005777364131063223,OK,True,
bcftools-indexed,r03_region_titv,w100000_05,1,53975,153974,100000,2956,3,0.0054964330047369,OK,True,
bcftools-indexed,r03_region_titv,w100000_06,1,116323,216322,100000,558,1,0.002381579950451851,OK,True,
bcftools-indexed,r03_region_titv,w100000_06,1,116323,216322,100000,558,2,0.0023282081820070744,OK,True,
bcftools-indexed,r03_region_titv,w100000_06,1,116323,216322,100000,558,3,0.002389708999544382,OK,True,
bcftools-indexed,r03_region_titv,w100000_07,2,54378,154377,100000,2941,1,0.00546881090849638,OK,True,
bcftools-indexed,r03_region_titv,w100000_07,2,54378,154377,100000,2941,2,0.005740902852267027,OK,True,
bcftools-indexed,r03_region_titv,w100000_07,2,54378,154377,100000,2941,3,0.005579254124313593,OK,True,
bcftools-indexed,r03_region_titv,w100000_08,2,7188,107187,100000,3847,1,0.007229883689433336,OK,True,
bcftools-indexed,r03_region_titv,w100000_08,2,7188,107187,100000,3847,2,0.0070239463821053505,OK,True,
bcftools-indexed,r03_region_titv,w100000_08,2,7188,107187,100000,3847,3,0.00684260344132781,OK,True,
bcftools-indexed,r03_region_titv,w100000_09,2,111448,211447,100000,746,1,0.0029090498574078083,OK,True,
bcftools-indexed,r03_region_titv,w100000_09,2,111448,211447,100000,746,2,0.0027294051833450794,OK,True,
bcftools-indexed,r03_region_titv,w100000_09,2,111448,211447,100000,746,3,0.0026115509681403637,OK,True,
bcftools-indexed,r03_region_titv,w100000_10,2,122134,222133,100000,335,1,0.0022593261674046516,OK,True,
bcftools-indexed,r03_region_titv,w100000_10,2,122134,222133,100000,335,2,0.002125225029885769,OK,True,
bcftools-indexed,r03_region_titv,w100000_10,2,122134,222133,100000,335,3,0.0022227666340768337,OK,True,
bcftools-indexed,r03_region_titv,w100000_11,1,4159,104158,100000,3847,1,0.006825605407357216,OK,True,
bcftools-indexed,r03_region_titv,w100000_11,1,4159,104158,100000,3847,2,0.006826102267950773,OK,True,
bcftools-indexed,r03_region_titv,w100000_11,1,4159,104158,100000,3847,3,0.006765770260244608,OK,True,
bcftools-indexed,r03_region_titv,w100000_12,2,13740,113739,100000,3847,1,0.007253020070493221,OK,True,
bcftools-indexed,r03_region_titv,w100000_12,2,13740,113739,100000,3847,2,0.007093777414411306,OK,True,
bcftools-indexed,r03_region_titv,w100000_12,2,13740,113739,100000,3847,3,0.007124475669115782,OK,True,
bcftools-indexed,r03_region_titv,w100000_13,2,91324,191323,100000,1520,1,0.003783782012760639,OK,True,
bcftools-indexed,r03_region_titv,w100000_13,2,91324,191323,100000,1520,2,0.00376064982265234,OK,True,
bcftools-indexed,r03_region_titv,w100000_13,2,91324,191323,100000,1520,3,0.0038984999991953373,OK,True,
bcftools-indexed,r03_region_titv,w100000_14,2,21254,121253,100000,3847,1,0.0069982679560780525,OK,True,
bcftools-indexed,r03_region_titv,w100000_14,2,21254,121253,100000,3847,2,0.00693108094856143,OK,True,
bcftools-indexed,r03_region_titv,w100000_14,2,21254,121253,100000,3847,3,0.006946689914911985,OK,True,
bcftools-indexed,r03_region_titv,w100000_15,1,111279,211278,100000,752,1,0.0030274642631411552,OK,True,
bcftools-indexed,r03_region_titv,w100000_15,1,111279,211278,100000,752,2,0.003038588911294937,OK,True,
bcftools-indexed,r03_region_titv,w100000_15,1,111279,211278,100000,752,3,0.0028935447335243225,OK,True,
bcftools-indexed,r03_region_titv,w100000_16,1,113957,213956,100000,649,1,0.0026232958771288395,OK,True,
bcftools-indexed,r03_region_titv,w100000_16,1,113957,213956,100000,649,2,0.0024903640151023865,OK,True,
bcftools-indexed,r03_region_titv,w100000_16,1,113957,213956,100000,649,3,0.002459252253174782,OK,True,
bcftools-indexed,r03_region_titv,w100000_17,1,26389,126388,100000,3847,1,0.0066458070650696754,OK,True,
bcftools-indexed,r03_region_titv,w100000_17,1,26389,126388,100000,3847,2,0.0065313889645040035,OK,True,
bcftools-indexed,r03_region_titv,w100000_17,1,26389,126388,100000,3847,3,0.006856528110802174,OK,True,
bcftools-indexed,r03_region_titv,w100000_18,2,62074,162073,100000,2645,1,0.005056979134678841,OK,True,
bcftools-indexed,r03_region_titv,w100000_18,2,62074,162073,100000,2645,2,0.005041105672717094,OK,True,
bcftools-indexed,r03_region_titv,w100000_18,2,62074,162073,100000,2645,3,0.005079584661871195,OK,True,
bcftools-indexed,r03_region_titv,w100000_19,1,99683,199682,100000,1198,1,0.0032567279413342476,OK,True,
bcftools-indexed,r03_region_titv,w100000_19,1,99683,199682,100000,1198,2,0.003225464839488268,OK,True,
bcftools-indexed,r03_region_titv,w100000_19,1,99683,199682,100000,1198,3,0.0036024670116603374,OK,True,
bcftools-indexed,r03_region_titv,w1000000_00,2,77700,1077699,1000000,2044,1,0.004509950056672096,OK,True,
bcftools-indexed,r03_region_titv,w1000000_00,2,77700,1077699,1000000,2044,2,0.004462946206331253,OK,True,
bcftools-indexed,r03_region_titv,w1000000_00,2,77700,1077699,1000000,2044,3,0.00449309591203928,OK,True,
bcftools-indexed,r03_region_titv,w1000000_01,2,14260,1014259,1000000,4484,1,0.007820671889930964,OK,True,
bcftools-indexed,r03_region_titv,w1000000_01,2,14260,1014259,1000000,4484,2,0.008181363809853792,OK,True,
bcftools-indexed,r03_region_titv,w1000000_01,2,14260,1014259,1000000,4484,3,0.008065495640039444,OK,True,
bcftools-indexed,r03_region_titv,w1000000_02,2,39428,1039427,1000000,3516,1,0.006551695056259632,OK,True,
bcftools-indexed,r03_region_titv,w1000000_02,2,39428,1039427,1000000,3516,2,0.006293163169175386,OK,True,
bcftools-indexed,r03_region_titv,w1000000_02,2,39428,1039427,1000000,3516,3,0.0064264582470059395,OK,True,
bcftools-indexed,r03_region_titv,w1000000_03,2,121614,1121613,1000000,355,1,0.0021924180909991264,OK,True,
bcftools-indexed,r03_region_titv,w1000000_03,2,121614,1121613,1000000,355,2,0.002238208893686533,OK,True,
bcftools-indexed,r03_region_titv,w1000000_03,2,121614,1121613,1000000,355,3,0.002270872239023447,OK,True,
bcftools-indexed,r03_region_titv,w1000000_04,2,45980,1045979,1000000,3264,1,0.006022789049893618,OK,True,
bcftools-indexed,r03_region_titv,w1000000_04,2,45980,1045979,1000000,3264,2,0.006003871094435453,OK,True,
bcftools-indexed,r03_region_titv,w1000000_04,2,45980,1045979,1000000,3264,3,0.005911496002227068,OK,True,
bcftools-indexed,r03_region_titv,w1000000_05,2,74320,1074319,1000000,2174,1,0.00484167505055666,OK,True,
bcftools-indexed,r03_region_titv,w1000000_05,2,74320,1074319,1000000,2174,2,0.0047243437729775906,OK,True,
bcftools-indexed,r03_region_titv,w1000000_05,2,74320,1074319,1000000,2174,3,0.004636877216398716,OK,True,
bcftools-indexed,r03_region_titv,w1000000_06,1,75477,1075476,1000000,2129,1,0.0045906128361821175,OK,True,
bcftools-indexed,r03_region_titv,w1000000_06,1,75477,1075476,1000000,2129,2,0.0047286138869822025,OK,True,
bcftools-indexed,r03_region_titv,w1000000_06,1,75477,1075476,1000000,2129,3,0.004576412960886955,OK,True,
bcftools-indexed,r03_region_titv,w1000000_07,1,15729,1015728,1000000,4427,1,0.0076805707067251205,OK,True,
bcftools-indexed,r03_region_titv,w1000000_07,1,15729,1015728,1000000,4427,2,0.007536089979112148,OK,True,
bcftools-indexed,r03_region_titv,w1000000_07,1,15729,1015728,1000000,4427,3,0.010693203192204237,OK,True,
bcftools-indexed,r03_region_titv,w1000000_08,2,74268,1074267,1000000,2176,1,0.005004224833101034,OK,True,
bcftools-indexed,r03_region_titv,w1000000_08,2,74268,1074267,1000000,2176,2,0.0048744771629571915,OK,True,
bcftools-indexed,r03_region_titv,w1000000_08,2,74268,1074267,1000000,2176,3,0.004718210082501173,OK,True,
bcftools-indexed,r03_region_titv,w1000000_09,1,33643,1033642,1000000,3738,1,0.006753673776984215,OK,True,
bcftools-indexed,r03_region_titv,w1000000_09,1,33643,1033642,1000000,3738,2,0.007134249899536371,OK,True,
bcftools-indexed,r03_region_titv,w1000000_09,1,33643,1033642,1000000,3738,3,0.006740729324519634,OK,True,
bcftools-indexed,r03_region_titv,w1000000_10,1,92507,1092506,1000000,1474,1,0.0038979938253760338,OK,True,
bcftools-indexed,r03_region_titv,w1000000_10,1,92507,1092506,1000000,1474,2,0.003736059181392193,OK,True,
bcftools-indexed,r03_region_titv,w1000000_10,1,92507,1092506,1000000,1474,3,0.0037205680273473263,OK,True,
bcftools-indexed,r03_region_titv,w1000000_11,1,121211,1121210,1000000,370,1,0.0023354333825409412,OK,True,
bcftools-indexed,r03_region_titv,w1000000_11,1,121211,1121210,1000000,370,2,0.002070740796625614,OK,True,
bcftools-indexed,r03_region_titv,w1000000_11,1,121211,1121210,1000000,370,3,0.0026983418501913548,OK,True,
bcftools-indexed,r03_region_titv,w1000000_12,1,77765,1077764,1000000,2041,1,0.0048165833577513695,OK,True,
bcftools-indexed,r03_region_titv,w1000000_12,1,77765,1077764,1000000,2041,2,0.0047713350504636765,OK,True,
bcftools-indexed,r03_region_titv,w1000000_12,1,77765,1077764,1000000,2041,3,0.004792848601937294,OK,True,
bcftools-indexed,r03_region_titv,w1000000_13,2,118494,1118493,1000000,475,1,0.002293770667165518,OK,True,
bcftools-indexed,r03_region_titv,w1000000_13,2,118494,1118493,1000000,475,2,0.0020827390253543854,OK,True,
bcftools-indexed,r03_region_titv,w1000000_13,2,118494,1118493,1000000,475,3,0.002340249717235565,OK,True,
bcftools-indexed,r03_region_titv,w1000000_14,1,92143,1092142,1000000,1488,1,0.0037099909968674183,OK,True,
bcftools-indexed,r03_region_titv,w1000000_14,1,92143,1092142,1000000,1488,2,0.0035841483622789383,OK,True,
bcftools-indexed,r03_region_titv,w1000000_14,1,92143,1092142,1000000,1488,3,0.003522873856127262,OK,True,
bcftools-indexed,r03_region_titv,w1000000_15,1,125423,1125422,1000000,208,1,0.0019166977144777775,OK,True,
bcftools-indexed,r03_region_titv,w1000000_15,1,125423,1125422,1000000,208,2,0.002608334645628929,OK,True,
bcftools-indexed,r03_region_titv,w1000000_15,1,125423,1125422,1000000,208,3,0.0026034358888864517,OK,True,
bcftools-indexed,r03_region_titv,w1000000_16,2,99852,1099851,1000000,1192,1,0.0031875288113951683,OK,True,
bcftools-indexed,r03_region_titv,w1000000_16,2,99852,1099851,1000000,1192,2,0.0034822700545191765,OK,True,
bcftools-indexed,r03_region_titv,w1000000_16,2,99852,1099851,1000000,1192,3,0.0033434047363698483,OK,True,
bcftools-indexed,r03_region_titv,w1000000_17,2,49334,1049333,1000000,3135,1,0.006339092738926411,OK,True,
bcftools-indexed,r03_region_titv,w1000000_17,2,49334,1049333,1000000,3135,2,0.006191214080899954,OK,True,
bcftools-indexed,r03_region_titv,w1000000_17,2,49334,1049333,1000000,3135,3,0.006119467783719301,OK,True,
bcftools-indexed,r03_region_titv,w1000000_18,1,74801,1074800,1000000,2155,1,0.004616952035576105,OK,True,
bcftools-indexed,r03_region_titv,w1000000_18,1,74801,1074800,1000000,2155,2,0.004567624069750309,OK,True,
bcftools-indexed,r03_region_titv,w1000000_18,1,74801,1074800,1000000,2155,3,0.0044513968750834465,OK,True,
bcftools-indexed,r03_region_titv,w1000000_19,1,121003,1121002,1000000,378,1,0.0021434538066387177,OK,True,
bcftools-indexed,r03_region_titv,w1000000_19,1,121003,1121002,1000000,378,2,0.0021345200948417187,OK,True,
bcftools-indexed,r03_region_titv,w1000000_19,1,121003,1121002,1000000,378,3,0.002064130734652281,OK,True,
bcftools-indexed,r03_region_titv,w10000000_00,1,105481,10105480,10000000,975,1,0.002894836012274027,OK,True,
bcftools-indexed,r03_region_titv,w10000000_00,1,105481,10105480,10000000,975,2,0.0028337938711047173,OK,True,
bcftools-indexed,r03_region_titv,w10000000_00,1,105481,10105480,10000000,975,3,0.002946923952549696,OK,True,
bcftools-indexed,r03_region_titv,w10000000_01,1,37257,10037256,10000000,3599,1,0.006094324868172407,OK,True,
bcftools-indexed,r03_region_titv,w10000000_01,1,37257,10037256,10000000,3599,2,0.006278489716351032,OK,True,
bcftools-indexed,r03_region_titv,w10000000_01,1,37257,10037256,10000000,3599,3,0.006186738144606352,OK,True,
bcftools-indexed,r03_region_titv,w10000000_02,2,92130,10092129,10000000,1489,1,0.0037687928415834904,OK,True,
bcftools-indexed,r03_region_titv,w10000000_02,2,92130,10092129,10000000,1489,2,0.0036132088862359524,OK,True,
bcftools-indexed,r03_region_titv,w10000000_02,2,92130,10092129,10000000,1489,3,0.0036517479456961155,OK,True,
bcftools-indexed,r03_region_titv,w10000000_03,1,25557,10025556,10000000,4049,1,0.007050426211208105,OK,True,
bcftools-indexed,r03_region_titv,w10000000_03,1,25557,10025556,10000000,4049,2,0.007035938091576099,OK,True,
bcftools-indexed,r03_region_titv,w10000000_03,1,25557,10025556,10000000,4049,3,0.007207298185676336,OK,True,
bcftools-indexed,r03_region_titv,w10000000_04,2,46604,10046603,10000000,3240,1,0.006075678858906031,OK,True,
bcftools-indexed,r03_region_titv,w10000000_04,2,46604,10046603,10000000,3240,2,0.005925347097218037,OK,True,
bcftools-indexed,r03_region_titv,w10000000_04,2,46604,10046603,10000000,3240,3,0.005947496742010117,OK,True,
bcftools-indexed,r03_region_titv,w10000000_05,1,49477,10049476,10000000,3129,1,0.005814395844936371,OK,True,
bcftools-indexed,r03_region_titv,w10000000_05,1,49477,10049476,10000000,3129,2,0.005657306872308254,OK,True,
bcftools-indexed,r03_region_titv,w10000000_05,1,49477,10049476,10000000,3129,3,0.005936562083661556,OK,True,
bcftools-indexed,r03_region_titv,w10000000_06,1,6499,10006498,10000000,4782,1,0.008284441195428371,OK,True,
bcftools-indexed,r03_region_titv,w10000000_06,1,6499,10006498,10000000,4782,2,0.008426141925156116,OK,True,
bcftools-indexed,r03_region_titv,w10000000_06,1,6499,10006498,10000000,4782,3,0.00830131582915783,OK,True,
bcftools-indexed,r03_region_titv,w10000000_07,2,47280,10047279,10000000,3214,1,0.006651198957115412,OK,True,
bcftools-indexed,r03_region_titv,w10000000_07,2,47280,10047279,10000000,3214,2,0.006263155955821276,OK,True,
bcftools-indexed,r03_region_titv,w10000000_07,2,47280,10047279,10000000,3214,3,0.006315095815807581,OK,True,
bcftools-indexed,r03_region_titv,w10000000_08,2,88724,10088723,10000000,1620,1,0.004074051044881344,OK,True,
bcftools-indexed,r03_region_titv,w10000000_08,2,88724,10088723,10000000,1620,2,0.004085693974047899,OK,True,
bcftools-indexed,r03_region_titv,w10000000_08,2,88724,10088723,10000000,1620,3,0.004081632010638714,OK,True,
bcftools-indexed,r03_region_titv,w10000000_09,2,69692,10069691,10000000,2352,1,0.005064937751740217,OK,True,
bcftools-indexed,r03_region_titv,w10000000_09,2,69692,10069691,10000000,2352,2,0.004904111847281456,OK,True,
bcftools-indexed,r03_region_titv,w10000000_09,2,69692,10069691,10000000,2352,3,0.005011248867958784,OK,True,
bcftools-indexed,r03_region_titv,w10000000_10,1,51271,10051270,10000000,3060,1,0.0057080816477537155,OK,True,
bcftools-indexed,r03_region_titv,w10000000_10,1,51271,10051270,10000000,3060,2,0.005799964070320129,OK,True,
bcftools-indexed,r03_region_titv,w10000000_10,1,51271,10051270,10000000,3060,3,0.0056654317304492,OK,True,
bcftools-indexed,r03_region_titv,w10000000_11,1,116349,10116348,10000000,557,1,0.0024149050004780293,OK,True,
bcftools-indexed,r03_region_titv,w10000000_11,1,116349,10116348,10000000,557,2,0.0023050340823829174,OK,True,
bcftools-indexed,r03_region_titv,w10000000_11,1,116349,10116348,10000000,557,3,0.0023345607332885265,OK,True,
bcftools-indexed,r03_region_titv,w10000000_12,1,121471,10121470,10000000,360,1,0.00218160729855299,OK,True,
bcftools-indexed,r03_region_titv,w10000000_12,1,121471,10121470,10000000,360,2,0.002076215110719204,OK,True,
bcftools-indexed,r03_region_titv,w10000000_12,1,121471,10121470,10000000,360,3,0.002083214931190014,OK,True,
bcftools-indexed,r03_region_titv,w10000000_13,2,115582,10115581,10000000,587,1,0.0025023077614605427,OK,True,
bcftools-indexed,r03_region_titv,w10000000_13,2,115582,10115581,10000000,587,2,0.002382711973041296,OK,True,
bcftools-indexed,r03_region_titv,w10000000_13,2,115582,10115581,10000000,587,3,0.002322023268789053,OK,True,
bcftools-indexed,r03_region_titv,w10000000_14,2,74138,10074137,10000000,2181,1,0.004598184954375029,OK,True,
bcftools-indexed,r03_region_titv,w10000000_14,2,74138,10074137,10000000,2181,2,0.004438566975295544,OK,True,
bcftools-indexed,r03_region_titv,w10000000_14,2,74138,10074137,10000000,2181,3,0.004477756097912788,OK,True,
bcftools-indexed,r03_region_titv,w10000000_15,1,50231,10050230,10000000,3100,1,0.00545131228864193,OK,True,
bcftools-indexed,r03_region_titv,w10000000_15,1,50231,10050230,10000000,3100,2,0.005520271603018045,OK,True,
bcftools-indexed,r03_region_titv,w10000000_15,1,50231,10050230,10000000,3100,3,0.005624874960631132,OK,True,
bcftools-indexed,r03_region_titv,w10000000_16,1,20669,10020668,10000000,4237,1,0.0074165998958051205,OK,True,
bcftools-indexed,r03_region_titv,w10000000_16,1,20669,10020668,10000000,4237,2,0.007151909172534943,OK,True,
bcftools-indexed,r03_region_titv,w10000000_16,1,20669,10020668,10000000,4237,3,0.0073485909961164,OK,True,
bcftools-indexed,r03_region_titv,w10000000_17,1,66273,10066272,10000000,2483,1,0.005140162073075771,OK,True,
bcftools-indexed,r03_region_titv,w10000000_17,1,66273,10066272,10000000,2483,2,0.005159924738109112,OK,True,
bcftools-indexed,r03_region_titv,w10000000_17,1,66273,10066272,10000000,2483,3,0.0051004718989133835,OK,True,
bcftools-indexed,r03_region_titv,w10000000_18,1,57745,10057744,10000000,2811,1,0.005775144323706627,OK,True,
bcftools-indexed,r03_region_titv,w10000000_18,1,57745,10057744,10000000,2811,2,0.005647627636790276,OK,True,
bcftools-indexed,r03_region_titv,w10000000_18,1,57745,10057744,10000000,2811,3,0.005374433007091284,OK,True,
bcftools-indexed,r03_region_titv,w10000000_19,1,102907,10102906,10000000,1074,1,0.0032249512150883675,OK,True,
bcftools-indexed,r03_region_titv,w10000000_19,1,102907,10102906,10000000,1074,2,0.0032372144050896168,OK,True,
bcftools-indexed,r03_region_titv,w10000000_19,1,102907,10102906,10000000,1074,3,0.0029813949950039387,OK,True,
bcftools-indexed,r04_region_filter_distribution,w1000_00,2,53546,54545,1000,39,1,0.0016946331597864628,OK,True,
bcftools-indexed,r04_region_filter_distribution,w1000_00,2,53546,54545,1000,39,2,0.0016389242373406887,OK,True,
bcftools-indexed,r04_region_filter_distribution,w1000_00,2,53546,54545,1000,39,3,0.0016670259647071362,OK,True,
bcftools-indexed,r04_region_filter_distribution,w1000_01,2,79858,80857,1000,39,1,0.001610489096492529,OK,True,
bcftools-indexed,r04_region_filter_distribution,w1000_01,2,79858,80857,1000,39,2,0.001674761064350605,OK,True,
bcftools-indexed,r04_region_filter_distribution,w1000_01,2,79858,80857,1000,39,3,0.0016906638629734516,OK,True,
bcftools-indexed,r04_region_filter_distribution,w1000_02,1,90739,91738,1000,39,1,0.0016907751560211182,OK,True,
bcftools-indexed,r04_region_filter_distribution,w1000_02,1,90739,91738,1000,39,2,0.001595831010490656,OK,True,
bcftools-indexed,r04_region_filter_distribution,w1000_02,1,90739,91738,1000,39,3,0.001657749991863966,OK,True,
bcftools-indexed,r04_region_filter_distribution,w1000_03,2,44394,45393,1000,39,1,0.001702824141830206,OK,True,
bcftools-indexed,r04_region_filter_distribution,w1000_03,2,44394,45393,1000,39,2,0.0016364092007279396,OK,True,
bcftools-indexed,r04_region_filter_distribution,w1000_03,2,44394,45393,1000,39,3,0.00157570606097579,OK,True,
bcftools-indexed,r04_region_filter_distribution,w1000_04,1,7981,8980,1000,39,1,0.001555051188915968,OK,True,
bcftools-indexed,r04_region_filter_distribution,w1000_04,1,7981,8980,1000,39,2,0.0016299951821565628,OK,True,
bcftools-indexed,r04_region_filter_distribution,w1000_04,1,7981,8980,1000,39,3,0.0016410676762461662,OK,True,
bcftools-indexed,r04_region_filter_distribution,w1000_05,1,110863,111862,1000,39,1,0.00166341383010149,OK,True,
bcftools-indexed,r04_region_filter_distribution,w1000_05,1,110863,111862,1000,39,2,0.001651151105761528,OK,True,
bcftools-indexed,r04_region_filter_distribution,w1000_05,1,110863,111862,1000,39,3,0.0016483878716826439,OK,True,
bcftools-indexed,r04_region_filter_distribution,w1000_06,1,104311,105310,1000,39,1,0.0015576989389955997,OK,True,
bcftools-indexed,r04_region_filter_distribution,w1000_06,1,104311,105310,1000,39,2,0.0015227221883833408,OK,True,
bcftools-indexed,r04_region_filter_distribution,w1000_06,1,104311,105310,1000,39,3,0.0016660988330841064,OK,True,
bcftools-indexed,r04_region_filter_distribution,w1000_07,1,14091,15090,1000,39,1,0.0016542887315154076,OK,True,
bcftools-indexed,r04_region_filter_distribution,w1000_07,1,14091,15090,1000,39,2,0.0017325920052826405,OK,True,
bcftools-indexed,r04_region_filter_distribution,w1000_07,1,14091,15090,1000,39,3,0.0016686711460351944,OK,True,
bcftools-indexed,r04_region_filter_distribution,w1000_08,2,48996,49995,1000,39,1,0.001693270169198513,OK,True,
bcftools-indexed,r04_region_filter_distribution,w1000_08,2,48996,49995,1000,39,2,0.001708002295345068,OK,True,
bcftools-indexed,r04_region_filter_distribution,w1000_08,2,48996,49995,1000,39,3,0.001639402937144041,OK,True,
bcftools-indexed,r04_region_filter_distribution,w1000_09,1,120145,121144,1000,39,1,0.0016925469972193241,OK,True,
bcftools-indexed,r04_region_filter_distribution,w1000_09,1,120145,121144,1000,39,2,0.001705037895590067,OK,True,
bcftools-indexed,r04_region_filter_distribution,w1000_09,1,120145,121144,1000,39,3,0.0015399251133203506,OK,True,
bcftools-indexed,r04_region_filter_distribution,w1000_10,2,73436,74435,1000,39,1,0.0017064400017261505,OK,True,
bcftools-indexed,r04_region_filter_distribution,w1000_10,2,73436,74435,1000,39,2,0.0017002290114760399,OK,True,
bcftools-indexed,r04_region_filter_distribution,w1000_10,2,73436,74435,1000,39,3,0.0016605546697974205,OK,True,
bcftools-indexed,r04_region_filter_distribution,w1000_11,1,41547,42546,1000,39,1,0.0017276247963309288,OK,True,
bcftools-indexed,r04_region_filter_distribution,w1000_11,1,41547,42546,1000,39,2,0.0016766353510320187,OK,True,
bcftools-indexed,r04_region_filter_distribution,w1000_11,1,41547,42546,1000,39,3,0.001625953707844019,OK,True,
bcftools-indexed,r04_region_filter_distribution,w1000_12,2,112670,113669,1000,39,1,0.0015954500995576382,OK,True,
bcftools-indexed,r04_region_filter_distribution,w1000_12,2,112670,113669,1000,39,2,0.0016781790181994438,OK,True,
bcftools-indexed,r04_region_filter_distribution,w1000_12,2,112670,113669,1000,39,3,0.0016253311187028885,OK,True,
bcftools-indexed,r04_region_filter_distribution,w1000_13,2,121328,122327,1000,39,1,0.0016713812947273254,OK,True,
bcftools-indexed,r04_region_filter_distribution,w1000_13,2,121328,122327,1000,39,2,0.0016606529243290424,OK,True,
bcftools-indexed,r04_region_filter_distribution,w1000_13,2,121328,122327,1000,39,3,0.0016142078675329685,OK,True,
bcftools-indexed,r04_region_filter_distribution,w1000_14,2,128114,129113,1000,39,1,0.0016949842683970928,OK,True,
bcftools-indexed,r04_region_filter_distribution,w1000_14,2,128114,129113,1000,39,2,0.0017287093214690685,OK,True,
bcftools-indexed,r04_region_filter_distribution,w1000_14,2,128114,129113,1000,39,3,0.0017009377479553223,OK,True,
bcftools-indexed,r04_region_filter_distribution,w1000_15,1,56237,57236,1000,39,1,0.0016241027042269707,OK,True,
bcftools-indexed,r04_region_filter_distribution,w1000_15,1,56237,57236,1000,39,2,0.0016431729309260845,OK,True,
bcftools-indexed,r04_region_filter_distribution,w1000_15,1,56237,57236,1000,39,3,0.0017519458197057247,OK,True,
bcftools-indexed,r04_region_filter_distribution,w1000_16,1,65883,66882,1000,39,1,0.0016671470366418362,OK,True,
bcftools-indexed,r04_region_filter_distribution,w1000_16,1,65883,66882,1000,39,2,0.0016462421044707298,OK,True,
bcftools-indexed,r04_region_filter_distribution,w1000_16,1,65883,66882,1000,39,3,0.001696546096354723,OK,True,
bcftools-indexed,r04_region_filter_distribution,w1000_17,2,13298,14297,1000,39,1,0.0017253393307328224,OK,True,
bcftools-indexed,r04_region_filter_distribution,w1000_17,2,13298,14297,1000,39,2,0.0016717319376766682,OK,True,
bcftools-indexed,r04_region_filter_distribution,w1000_17,2,13298,14297,1000,39,3,0.0016050459817051888,OK,True,
bcftools-indexed,r04_region_filter_distribution,w1000_18,2,32252,33251,1000,39,1,0.0017772768624126911,OK,True,
bcftools-indexed,r04_region_filter_distribution,w1000_18,2,32252,33251,1000,39,2,0.0016992208547890186,OK,True,
bcftools-indexed,r04_region_filter_distribution,w1000_18,2,32252,33251,1000,39,3,0.0017959056422114372,OK,True,
bcftools-indexed,r04_region_filter_distribution,w1000_19,1,96953,97952,1000,39,1,0.0017785653471946716,OK,True,
bcftools-indexed,r04_region_filter_distribution,w1000_19,1,96953,97952,1000,39,2,0.0016501620411872864,OK,True,
bcftools-indexed,r04_region_filter_distribution,w1000_19,1,96953,97952,1000,39,3,0.0016521420329809189,OK,True,
bcftools-indexed,r04_region_filter_distribution,w100000_00,2,120002,220001,100000,417,1,0.002020677085965872,OK,True,
bcftools-indexed,r04_region_filter_distribution,w100000_00,2,120002,220001,100000,417,2,0.0020553749054670334,OK,True,
bcftools-indexed,r04_region_filter_distribution,w100000_00,2,120002,220001,100000,417,3,0.0021850871853530407,OK,True,
bcftools-indexed,r04_region_filter_distribution,w100000_01,1,88763,188762,100000,1618,1,0.003459376748651266,OK,True,
bcftools-indexed,r04_region_filter_distribution,w100000_01,1,88763,188762,100000,1618,2,0.003994496073573828,OK,True,
bcftools-indexed,r04_region_filter_distribution,w100000_01,1,88763,188762,100000,1618,3,0.003689838107675314,OK,True,
bcftools-indexed,r04_region_filter_distribution,w100000_02,1,52857,152856,100000,2999,1,0.00510656600818038,OK,True,
bcftools-indexed,r04_region_filter_distribution,w100000_02,1,52857,152856,100000,2999,2,0.005354118067771196,OK,True,
bcftools-indexed,r04_region_filter_distribution,w100000_02,1,52857,152856,100000,2999,3,0.005826131906360388,OK,True,
bcftools-indexed,r04_region_filter_distribution,w100000_03,2,52324,152323,100000,3020,1,0.0054867989383637905,OK,True,
bcftools-indexed,r04_region_filter_distribution,w100000_03,2,52324,152323,100000,3020,2,0.005248410627245903,OK,True,
bcftools-indexed,r04_region_filter_distribution,w100000_03,2,52324,152323,100000,3020,3,0.00565051194280386,OK,True,
bcftools-indexed,r04_region_filter_distribution,w100000_04,2,34592,134591,100000,3702,1,0.006369296927005053,OK,True,
bcftools-indexed,r04_region_filter_distribution,w100000_04,2,34592,134591,100000,3702,2,0.006224507000297308,OK,True,
bcftools-indexed,r04_region_filter_distribution,w100000_04,2,34592,134591,100000,3702,3,0.006211019586771727,OK,True,
bcftools-indexed,r04_region_filter_distribution,w100000_05,1,53975,153974,100000,2956,1,0.005421892739832401,OK,True,
bcftools-indexed,r04_region_filter_distribution,w100000_05,1,53975,153974,100000,2956,2,0.005140458699315786,OK,True,
bcftools-indexed,r04_region_filter_distribution,w100000_05,1,53975,153974,100000,2956,3,0.005256283096969128,OK,True,
bcftools-indexed,r04_region_filter_distribution,w100000_06,1,116323,216322,100000,558,1,0.0022673369385302067,OK,True,
bcftools-indexed,r04_region_filter_distribution,w100000_06,1,116323,216322,100000,558,2,0.0021953489631414413,OK,True,
bcftools-indexed,r04_region_filter_distribution,w100000_06,1,116323,216322,100000,558,3,0.002262950874865055,OK,True,
bcftools-indexed,r04_region_filter_distribution,w100000_07,2,54378,154377,100000,2941,1,0.005661610048264265,OK,True,
bcftools-indexed,r04_region_filter_distribution,w100000_07,2,54378,154377,100000,2941,2,0.005315741989761591,OK,True,
bcftools-indexed,r04_region_filter_distribution,w100000_07,2,54378,154377,100000,2941,3,0.005383369978517294,OK,True,
bcftools-indexed,r04_region_filter_distribution,w100000_08,2,7188,107187,100000,3847,1,0.006561115849763155,OK,True,
bcftools-indexed,r04_region_filter_distribution,w100000_08,2,7188,107187,100000,3847,2,0.006685217842459679,OK,True,
bcftools-indexed,r04_region_filter_distribution,w100000_08,2,7188,107187,100000,3847,3,0.006805272772908211,OK,True,
bcftools-indexed,r04_region_filter_distribution,w100000_09,2,111448,211447,100000,746,1,0.0028541800566017628,OK,True,
bcftools-indexed,r04_region_filter_distribution,w100000_09,2,111448,211447,100000,746,2,0.0027196728624403477,OK,True,
bcftools-indexed,r04_region_filter_distribution,w100000_09,2,111448,211447,100000,746,3,0.0025315857492387295,OK,True,
bcftools-indexed,r04_region_filter_distribution,w100000_10,2,122134,222133,100000,335,1,0.0026284782215952873,OK,True,
bcftools-indexed,r04_region_filter_distribution,w100000_10,2,122134,222133,100000,335,2,0.0024659126065671444,OK,True,
bcftools-indexed,r04_region_filter_distribution,w100000_10,2,122134,222133,100000,335,3,0.0024062059819698334,OK,True,
bcftools-indexed,r04_region_filter_distribution,w100000_11,1,4159,104158,100000,3847,1,0.0064072576351463795,OK,True,
bcftools-indexed,r04_region_filter_distribution,w100000_11,1,4159,104158,100000,3847,2,0.007097183261066675,OK,True,
bcftools-indexed,r04_region_filter_distribution,w100000_11,1,4159,104158,100000,3847,3,0.006924414075911045,OK,True,
bcftools-indexed,r04_region_filter_distribution,w100000_12,2,13740,113739,100000,3847,1,0.006673222407698631,OK,True,
bcftools-indexed,r04_region_filter_distribution,w100000_12,2,13740,113739,100000,3847,2,0.0067324270494282246,OK,True,
bcftools-indexed,r04_region_filter_distribution,w100000_12,2,13740,113739,100000,3847,3,0.006878161337226629,OK,True,
bcftools-indexed,r04_region_filter_distribution,w100000_13,2,91324,191323,100000,1520,1,0.003960178233683109,OK,True,
bcftools-indexed,r04_region_filter_distribution,w100000_13,2,91324,191323,100000,1520,2,0.0036028153263032436,OK,True,
bcftools-indexed,r04_region_filter_distribution,w100000_13,2,91324,191323,100000,1520,3,0.0037010880187153816,OK,True,
bcftools-indexed,r04_region_filter_distribution,w100000_14,2,21254,121253,100000,3847,1,0.006018028128892183,OK,True,
bcftools-indexed,r04_region_filter_distribution,w100000_14,2,21254,121253,100000,3847,2,0.006777345668524504,OK,True,
bcftools-indexed,r04_region_filter_distribution,w100000_14,2,21254,121253,100000,3847,3,0.006617330946028233,OK,True,
bcftools-indexed,r04_region_filter_distribution,w100000_15,1,111279,211278,100000,752,1,0.0026688333600759506,OK,True,
bcftools-indexed,r04_region_filter_distribution,w100000_15,1,111279,211278,100000,752,2,0.00283275218680501,OK,True,
bcftools-indexed,r04_region_filter_distribution,w100000_15,1,111279,211278,100000,752,3,0.00317848427221179,OK,True,
bcftools-indexed,r04_region_filter_distribution,w100000_16,1,113957,213956,100000,649,1,0.004031853750348091,OK,True,
bcftools-indexed,r04_region_filter_distribution,w100000_16,1,113957,213956,100000,649,2,0.0026667211204767227,OK,True,
bcftools-indexed,r04_region_filter_distribution,w100000_16,1,113957,213956,100000,649,3,0.0030421833507716656,OK,True,
bcftools-indexed,r04_region_filter_distribution,w100000_17,1,26389,126388,100000,3847,1,0.006731399800628424,OK,True,
bcftools-indexed,r04_region_filter_distribution,w100000_17,1,26389,126388,100000,3847,2,0.006969369947910309,OK,True,
bcftools-indexed,r04_region_filter_distribution,w100000_17,1,26389,126388,100000,3847,3,0.006674719974398613,OK,True,
bcftools-indexed,r04_region_filter_distribution,w100000_18,2,62074,162073,100000,2645,1,0.0062085287645459175,OK,True,
bcftools-indexed,r04_region_filter_distribution,w100000_18,2,62074,162073,100000,2645,2,0.00523757329210639,OK,True,
bcftools-indexed,r04_region_filter_distribution,w100000_18,2,62074,162073,100000,2645,3,0.005220185965299606,OK,True,
bcftools-indexed,r04_region_filter_distribution,w100000_19,1,99683,199682,100000,1198,1,0.0034071309491991997,OK,True,
bcftools-indexed,r04_region_filter_distribution,w100000_19,1,99683,199682,100000,1198,2,0.003048716112971306,OK,True,
bcftools-indexed,r04_region_filter_distribution,w100000_19,1,99683,199682,100000,1198,3,0.003255894873291254,OK,True,
bcftools-indexed,r04_region_filter_distribution,w1000000_00,2,77700,1077699,1000000,2044,1,0.004245184361934662,OK,True,
bcftools-indexed,r04_region_filter_distribution,w1000000_00,2,77700,1077699,1000000,2044,2,0.0062769679352641106,OK,True,
bcftools-indexed,r04_region_filter_distribution,w1000000_00,2,77700,1077699,1000000,2044,3,0.006215319968760014,OK,True,
bcftools-indexed,r04_region_filter_distribution,w1000000_01,2,14260,1014259,1000000,4484,1,0.007871089037507772,OK,True,
bcftools-indexed,r04_region_filter_distribution,w1000000_01,2,14260,1014259,1000000,4484,2,0.00725768506526947,OK,True,
bcftools-indexed,r04_region_filter_distribution,w1000000_01,2,14260,1014259,1000000,4484,3,0.007136906031519175,OK,True,
bcftools-indexed,r04_region_filter_distribution,w1000000_02,2,39428,1039427,1000000,3516,1,0.005944448988884687,OK,True,
bcftools-indexed,r04_region_filter_distribution,w1000000_02,2,39428,1039427,1000000,3516,2,0.006529388949275017,OK,True,
bcftools-indexed,r04_region_filter_distribution,w1000000_02,2,39428,1039427,1000000,3516,3,0.009307063184678555,OK,True,
bcftools-indexed,r04_region_filter_distribution,w1000000_03,2,121614,1121613,1000000,355,1,0.002526366151869297,OK,True,
bcftools-indexed,r04_region_filter_distribution,w1000000_03,2,121614,1121613,1000000,355,2,0.002179104834794998,OK,True,
bcftools-indexed,r04_region_filter_distribution,w1000000_03,2,121614,1121613,1000000,355,3,0.0021283887326717377,OK,True,
bcftools-indexed,r04_region_filter_distribution,w1000000_04,2,45980,1045979,1000000,3264,1,0.005757526028901339,OK,True,
bcftools-indexed,r04_region_filter_distribution,w1000000_04,2,45980,1045979,1000000,3264,2,0.005947774741798639,OK,True,
bcftools-indexed,r04_region_filter_distribution,w1000000_04,2,45980,1045979,1000000,3264,3,0.006058814004063606,OK,True,
bcftools-indexed,r04_region_filter_distribution,w1000000_05,2,74320,1074319,1000000,2174,1,0.004813057836145163,OK,True,
bcftools-indexed,r04_region_filter_distribution,w1000000_05,2,74320,1074319,1000000,2174,2,0.00449205981567502,OK,True,
bcftools-indexed,r04_region_filter_distribution,w1000000_05,2,74320,1074319,1000000,2174,3,0.004486158024519682,OK,True,
bcftools-indexed,r04_region_filter_distribution,w1000000_06,1,75477,1075476,1000000,2129,1,0.004370030947029591,OK,True,
bcftools-indexed,r04_region_filter_distribution,w1000000_06,1,75477,1075476,1000000,2129,2,0.004099966026842594,OK,True,
bcftools-indexed,r04_region_filter_distribution,w1000000_06,1,75477,1075476,1000000,2129,3,0.004640397150069475,OK,True,
bcftools-indexed,r04_region_filter_distribution,w1000000_07,1,15729,1015728,1000000,4427,1,0.0071713742800056934,OK,True,
bcftools-indexed,r04_region_filter_distribution,w1000000_07,1,15729,1015728,1000000,4427,2,0.007151887286454439,OK,True,
bcftools-indexed,r04_region_filter_distribution,w1000000_07,1,15729,1015728,1000000,4427,3,0.007222860585898161,OK,True,
bcftools-indexed,r04_region_filter_distribution,w1000000_08,2,74268,1074267,1000000,2176,1,0.004391871392726898,OK,True,
bcftools-indexed,r04_region_filter_distribution,w1000000_08,2,74268,1074267,1000000,2176,2,0.004349092952907085,OK,True,
bcftools-indexed,r04_region_filter_distribution,w1000000_08,2,74268,1074267,1000000,2176,3,0.005147683899849653,OK,True,
bcftools-indexed,r04_region_filter_distribution,w1000000_09,1,33643,1033642,1000000,3738,1,0.006664981134235859,OK,True,
bcftools-indexed,r04_region_filter_distribution,w1000000_09,1,33643,1033642,1000000,3738,2,0.006257016211748123,OK,True,
bcftools-indexed,r04_region_filter_distribution,w1000000_09,1,33643,1033642,1000000,3738,3,0.0062830159440636635,OK,True,
bcftools-indexed,r04_region_filter_distribution,w1000000_10,1,92507,1092506,1000000,1474,1,0.0035169259645044804,OK,True,
bcftools-indexed,r04_region_filter_distribution,w1000000_10,1,92507,1092506,1000000,1474,2,0.003796698059886694,OK,True,
bcftools-indexed,r04_region_filter_distribution,w1000000_10,1,92507,1092506,1000000,1474,3,0.0042858971282839775,OK,True,
bcftools-indexed,r04_region_filter_distribution,w1000000_11,1,121211,1121210,1000000,370,1,0.0025489600375294685,OK,True,
bcftools-indexed,r04_region_filter_distribution,w1000000_11,1,121211,1121210,1000000,370,2,0.0022047199308872223,OK,True,
bcftools-indexed,r04_region_filter_distribution,w1000000_11,1,121211,1121210,1000000,370,3,0.0025596022605895996,OK,True,
bcftools-indexed,r04_region_filter_distribution,w1000000_12,1,77765,1077764,1000000,2041,1,0.00488559203222394,OK,True,
bcftools-indexed,r04_region_filter_distribution,w1000000_12,1,77765,1077764,1000000,2041,2,0.005152520257979631,OK,True,
bcftools-indexed,r04_region_filter_distribution,w1000000_12,1,77765,1077764,1000000,2041,3,0.0046663060784339905,OK,True,
bcftools-indexed,r04_region_filter_distribution,w1000000_13,2,118494,1118493,1000000,475,1,0.0029991879127919674,OK,True,
bcftools-indexed,r04_region_filter_distribution,w1000000_13,2,118494,1118493,1000000,475,2,0.003298387862741947,OK,True,
bcftools-indexed,r04_region_filter_distribution,w1000000_13,2,118494,1118493,1000000,475,3,0.002998843789100647,OK,True,
bcftools-indexed,r04_region_filter_distribution,w1000000_14,1,92143,1092142,1000000,1488,1,0.004101268947124481,OK,True,
bcftools-indexed,r04_region_filter_distribution,w1000000_14,1,92143,1092142,1000000,1488,2,0.003680235706269741,OK,True,
bcftools-indexed,r04_region_filter_distribution,w1000000_14,1,92143,1092142,1000000,1488,3,0.004531192127615213,OK,True,
bcftools-indexed,r04_region_filter_distribution,w1000000_15,1,125423,1125422,1000000,208,1,0.00211000582203269,OK,True,
bcftools-indexed,r04_region_filter_distribution,w1000000_15,1,125423,1125422,1000000,208,2,0.0031107631511986256,OK,True,
bcftools-indexed,r04_region_filter_distribution,w1000000_15,1,125423,1125422,1000000,208,3,0.002127255778759718,OK,True,
bcftools-indexed,r04_region_filter_distribution,w1000000_16,2,99852,1099851,1000000,1192,1,0.003473931923508644,OK,True,
bcftools-indexed,r04_region_filter_distribution,w1000000_16,2,99852,1099851,1000000,1192,2,0.00337103009223938,OK,True,
bcftools-indexed,r04_region_filter_distribution,w1000000_16,2,99852,1099851,1000000,1192,3,0.003619351889938116,OK,True,
bcftools-indexed,r04_region_filter_distribution,w1000000_17,2,49334,1049333,1000000,3135,1,0.005717980209738016,OK,True,
bcftools-indexed,r04_region_filter_distribution,w1000000_17,2,49334,1049333,1000000,3135,2,0.006160681135952473,OK,True,
bcftools-indexed,r04_region_filter_distribution,w1000000_17,2,49334,1049333,1000000,3135,3,0.00632780184969306,OK,True,
bcftools-indexed,r04_region_filter_distribution,w1000000_18,1,74801,1074800,1000000,2155,1,0.004692448768764734,OK,True,
bcftools-indexed,r04_region_filter_distribution,w1000000_18,1,74801,1074800,1000000,2155,2,0.004432559013366699,OK,True,
bcftools-indexed,r04_region_filter_distribution,w1000000_18,1,74801,1074800,1000000,2155,3,0.0044884877279400826,OK,True,
bcftools-indexed,r04_region_filter_distribution,w1000000_19,1,121003,1121002,1000000,378,1,0.002632269635796547,OK,True,
bcftools-indexed,r04_region_filter_distribution,w1000000_19,1,121003,1121002,1000000,378,2,0.002799424808472395,OK,True,
bcftools-indexed,r04_region_filter_distribution,w1000000_19,1,121003,1121002,1000000,378,3,0.002390979789197445,OK,True,
bcftools-indexed,r04_region_filter_distribution,w10000000_00,1,105481,10105480,10000000,975,1,0.0029993420466780663,OK,True,
bcftools-indexed,r04_region_filter_distribution,w10000000_00,1,105481,10105480,10000000,975,2,0.002852295059710741,OK,True,
bcftools-indexed,r04_region_filter_distribution,w10000000_00,1,105481,10105480,10000000,975,3,0.003488191869109869,OK,True,
bcftools-indexed,r04_region_filter_distribution,w10000000_01,1,37257,10037256,10000000,3599,1,0.006226317025721073,OK,True,
bcftools-indexed,r04_region_filter_distribution,w10000000_01,1,37257,10037256,10000000,3599,2,0.006497965194284916,OK,True,
bcftools-indexed,r04_region_filter_distribution,w10000000_01,1,37257,10037256,10000000,3599,3,0.006237765308469534,OK,True,
bcftools-indexed,r04_region_filter_distribution,w10000000_02,2,92130,10092129,10000000,1489,1,0.003873322159051895,OK,True,
bcftools-indexed,r04_region_filter_distribution,w10000000_02,2,92130,10092129,10000000,1489,2,0.003773123025894165,OK,True,
bcftools-indexed,r04_region_filter_distribution,w10000000_02,2,92130,10092129,10000000,1489,3,0.003979523200541735,OK,True,
bcftools-indexed,r04_region_filter_distribution,w10000000_03,1,25557,10025556,10000000,4049,1,0.0069407327100634575,OK,True,
bcftools-indexed,r04_region_filter_distribution,w10000000_03,1,25557,10025556,10000000,4049,2,0.007103011943399906,OK,True,
bcftools-indexed,r04_region_filter_distribution,w10000000_03,1,25557,10025556,10000000,4049,3,0.007116655819118023,OK,True,
bcftools-indexed,r04_region_filter_distribution,w10000000_04,2,46604,10046603,10000000,3240,1,0.0060991449281573296,OK,True,
bcftools-indexed,r04_region_filter_distribution,w10000000_04,2,46604,10046603,10000000,3240,2,0.006214702967554331,OK,True,
bcftools-indexed,r04_region_filter_distribution,w10000000_04,2,46604,10046603,10000000,3240,3,0.006154647096991539,OK,True,
bcftools-indexed,r04_region_filter_distribution,w10000000_05,1,49477,10049476,10000000,3129,1,0.005846471060067415,OK,True,
bcftools-indexed,r04_region_filter_distribution,w10000000_05,1,49477,10049476,10000000,3129,2,0.005755998194217682,OK,True,
bcftools-indexed,r04_region_filter_distribution,w10000000_05,1,49477,10049476,10000000,3129,3,0.007111603859812021,OK,True,
bcftools-indexed,r04_region_filter_distribution,w10000000_06,1,6499,10006498,10000000,4782,1,0.008203820325434208,OK,True,
bcftools-indexed,r04_region_filter_distribution,w10000000_06,1,6499,10006498,10000000,4782,2,0.007576430682092905,OK,True,
bcftools-indexed,r04_region_filter_distribution,w10000000_06,1,6499,10006498,10000000,4782,3,0.007426131051033735,OK,True,
bcftools-indexed,r04_region_filter_distribution,w10000000_07,2,47280,10047279,10000000,3214,1,0.006331272888928652,OK,True,
bcftools-indexed,r04_region_filter_distribution,w10000000_07,2,47280,10047279,10000000,3214,2,0.0063557750545442104,OK,True,
bcftools-indexed,r04_region_filter_distribution,w10000000_07,2,47280,10047279,10000000,3214,3,0.006364826112985611,OK,True,
bcftools-indexed,r04_region_filter_distribution,w10000000_08,2,88724,10088723,10000000,1620,1,0.004148268606513739,OK,True,
bcftools-indexed,r04_region_filter_distribution,w10000000_08,2,88724,10088723,10000000,1620,2,0.0040709758177399635,OK,True,
bcftools-indexed,r04_region_filter_distribution,w10000000_08,2,88724,10088723,10000000,1620,3,0.004926420748233795,OK,True,
bcftools-indexed,r04_region_filter_distribution,w10000000_09,2,69692,10069691,10000000,2352,1,0.005164291709661484,OK,True,
bcftools-indexed,r04_region_filter_distribution,w10000000_09,2,69692,10069691,10000000,2352,2,0.004887966904789209,OK,True,
bcftools-indexed,r04_region_filter_distribution,w10000000_09,2,69692,10069691,10000000,2352,3,0.004934417083859444,OK,True,
bcftools-indexed,r04_region_filter_distribution,w10000000_10,1,51271,10051270,10000000,3060,1,0.005711907055228949,OK,True,
bcftools-indexed,r04_region_filter_distribution,w10000000_10,1,51271,10051270,10000000,3060,2,0.005379200913012028,OK,True,
bcftools-indexed,r04_region_filter_distribution,w10000000_10,1,51271,10051270,10000000,3060,3,0.005701657850295305,OK,True,
bcftools-indexed,r04_region_filter_distribution,w10000000_11,1,116349,10116348,10000000,557,1,0.0023702080361545086,OK,True,
bcftools-indexed,r04_region_filter_distribution,w10000000_11,1,116349,10116348,10000000,557,2,0.0026142322458326817,OK,True,
bcftools-indexed,r04_region_filter_distribution,w10000000_11,1,116349,10116348,10000000,557,3,0.002274547703564167,OK,True,
bcftools-indexed,r04_region_filter_distribution,w10000000_12,1,121471,10121470,10000000,360,1,0.0021720603108406067,OK,True,
bcftools-indexed,r04_region_filter_distribution,w10000000_12,1,121471,10121470,10000000,360,2,0.0021969317458570004,OK,True,
bcftools-indexed,r04_region_filter_distribution,w10000000_12,1,121471,10121470,10000000,360,3,0.002154633868485689,OK,True,
bcftools-indexed,r04_region_filter_distribution,w10000000_13,2,115582,10115581,10000000,587,1,0.0025146668776869774,OK,True,
bcftools-indexed,r04_region_filter_distribution,w10000000_13,2,115582,10115581,10000000,587,2,0.0024413620121777058,OK,True,
bcftools-indexed,r04_region_filter_distribution,w10000000_13,2,115582,10115581,10000000,587,3,0.0025229868479073048,OK,True,
bcftools-indexed,r04_region_filter_distribution,w10000000_14,2,74138,10074137,10000000,2181,1,0.00444602919742465,OK,True,
bcftools-indexed,r04_region_filter_distribution,w10000000_14,2,74138,10074137,10000000,2181,2,0.004484878852963448,OK,True,
bcftools-indexed,r04_region_filter_distribution,w10000000_14,2,74138,10074137,10000000,2181,3,0.004252902697771788,OK,True,
bcftools-indexed,r04_region_filter_distribution,w10000000_15,1,50231,10050230,10000000,3100,1,0.005358598195016384,OK,True,
bcftools-indexed,r04_region_filter_distribution,w10000000_15,1,50231,10050230,10000000,3100,2,0.005601698998361826,OK,True,
bcftools-indexed,r04_region_filter_distribution,w10000000_15,1,50231,10050230,10000000,3100,3,0.005638822913169861,OK,True,
bcftools-indexed,r04_region_filter_distribution,w10000000_16,1,20669,10020668,10000000,4237,1,0.006809202954173088,OK,True,
bcftools-indexed,r04_region_filter_distribution,w10000000_16,1,20669,10020668,10000000,4237,2,0.007228281814604998,OK,True,
bcftools-indexed,r04_region_filter_distribution,w10000000_16,1,20669,10020668,10000000,4237,3,0.0070177712477743626,OK,True,
bcftools-indexed,r04_region_filter_distribution,w10000000_17,1,66273,10066272,10000000,2483,1,0.00520370015874505,OK,True,
bcftools-indexed,r04_region_filter_distribution,w10000000_17,1,66273,10066272,10000000,2483,2,0.005344025790691376,OK,True,
bcftools-indexed,r04_region_filter_distribution,w10000000_17,1,66273,10066272,10000000,2483,3,0.005000574979931116,OK,True,
bcftools-indexed,r04_region_filter_distribution,w10000000_18,1,57745,10057744,10000000,2811,1,0.005788126960396767,OK,True,
bcftools-indexed,r04_region_filter_distribution,w10000000_18,1,57745,10057744,10000000,2811,2,0.005347851198166609,OK,True,
bcftools-indexed,r04_region_filter_distribution,w10000000_18,1,57745,10057744,10000000,2811,3,0.00796884810552001,OK,True,
bcftools-indexed,r04_region_filter_distribution,w10000000_19,1,102907,10102906,10000000,1074,1,0.0036663529463112354,OK,True,
bcftools-indexed,r04_region_filter_distribution,w10000000_19,1,102907,10102906,10000000,1074,2,0.0031901071779429913,OK,True,
bcftools-indexed,r04_region_filter_distribution,w10000000_19,1,102907,10102906,10000000,1074,3,0.0031749471090734005,OK,True,
bcftools-indexed,r05_region_sample_genotype_counts,w1000_00,2,53546,54545,1000,39,1,0.001998131163418293,OK,True,
bcftools-indexed,r05_region_sample_genotype_counts,w1000_00,2,53546,54545,1000,39,2,0.001929278951138258,OK,True,
bcftools-indexed,r05_region_sample_genotype_counts,w1000_00,2,53546,54545,1000,39,3,0.0018057036213576794,OK,True,
bcftools-indexed,r05_region_sample_genotype_counts,w1000_01,2,79858,80857,1000,39,1,0.0017387219704687595,OK,True,
bcftools-indexed,r05_region_sample_genotype_counts,w1000_01,2,79858,80857,1000,39,2,0.0021495530381798744,OK,True,
bcftools-indexed,r05_region_sample_genotype_counts,w1000_01,2,79858,80857,1000,39,3,0.0018507316708564758,OK,True,
bcftools-indexed,r05_region_sample_genotype_counts,w1000_02,1,90739,91738,1000,39,1,0.0018523219041526318,OK,True,
bcftools-indexed,r05_region_sample_genotype_counts,w1000_02,1,90739,91738,1000,39,2,0.002741485834121704,OK,True,
bcftools-indexed,r05_region_sample_genotype_counts,w1000_02,1,90739,91738,1000,39,3,0.0018125148490071297,OK,True,
bcftools-indexed,r05_region_sample_genotype_counts,w1000_03,2,44394,45393,1000,39,1,0.0021108491346240044,OK,True,
bcftools-indexed,r05_region_sample_genotype_counts,w1000_03,2,44394,45393,1000,39,2,0.0018507381901144981,OK,True,
bcftools-indexed,r05_region_sample_genotype_counts,w1000_03,2,44394,45393,1000,39,3,0.0021554422564804554,OK,True,
bcftools-indexed,r05_region_sample_genotype_counts,w1000_04,1,7981,8980,1000,39,1,0.00190305570140481,OK,True,
bcftools-indexed,r05_region_sample_genotype_counts,w1000_04,1,7981,8980,1000,39,2,0.0019772802479565144,OK,True,
bcftools-indexed,r05_region_sample_genotype_counts,w1000_04,1,7981,8980,1000,39,3,0.001670996192842722,OK,True,
bcftools-indexed,r05_region_sample_genotype_counts,w1000_05,1,110863,111862,1000,39,1,0.0016966769471764565,OK,True,
bcftools-indexed,r05_region_sample_genotype_counts,w1000_05,1,110863,111862,1000,39,2,0.0021687266416847706,OK,True,
bcftools-indexed,r05_region_sample_genotype_counts,w1000_05,1,110863,111862,1000,39,3,0.0020332299172878265,OK,True,
bcftools-indexed,r05_region_sample_genotype_counts,w1000_06,1,104311,105310,1000,39,1,0.0016601551324129105,OK,True,
bcftools-indexed,r05_region_sample_genotype_counts,w1000_06,1,104311,105310,1000,39,2,0.0018928339704871178,OK,True,
bcftools-indexed,r05_region_sample_genotype_counts,w1000_06,1,104311,105310,1000,39,3,0.0017426037229597569,OK,True,
bcftools-indexed,r05_region_sample_genotype_counts,w1000_07,1,14091,15090,1000,39,1,0.001996035687625408,OK,True,
bcftools-indexed,r05_region_sample_genotype_counts,w1000_07,1,14091,15090,1000,39,2,0.0017506098374724388,OK,True,
bcftools-indexed,r05_region_sample_genotype_counts,w1000_07,1,14091,15090,1000,39,3,0.0021744039840996265,OK,True,
bcftools-indexed,r05_region_sample_genotype_counts,w1000_08,2,48996,49995,1000,39,1,0.0018970388919115067,OK,True,
bcftools-indexed,r05_region_sample_genotype_counts,w1000_08,2,48996,49995,1000,39,2,0.0018434380181133747,OK,True,
bcftools-indexed,r05_region_sample_genotype_counts,w1000_08,2,48996,49995,1000,39,3,0.0017545148730278015,OK,True,
bcftools-indexed,r05_region_sample_genotype_counts,w1000_09,1,120145,121144,1000,39,1,0.0020728493109345436,OK,True,
bcftools-indexed,r05_region_sample_genotype_counts,w1000_09,1,120145,121144,1000,39,2,0.0017868541181087494,OK,True,
bcftools-indexed,r05_region_sample_genotype_counts,w1000_09,1,120145,121144,1000,39,3,0.002550025936216116,OK,True,
bcftools-indexed,r05_region_sample_genotype_counts,w1000_10,2,73436,74435,1000,39,1,0.001826771069318056,OK,True,
bcftools-indexed,r05_region_sample_genotype_counts,w1000_10,2,73436,74435,1000,39,2,0.0018714969046413898,OK,True,
bcftools-indexed,r05_region_sample_genotype_counts,w1000_10,2,73436,74435,1000,39,3,0.0019215941429138184,OK,True,
bcftools-indexed,r05_region_sample_genotype_counts,w1000_11,1,41547,42546,1000,39,1,0.0017716502770781517,OK,True,
bcftools-indexed,r05_region_sample_genotype_counts,w1000_11,1,41547,42546,1000,39,2,0.0017089638859033585,OK,True,
bcftools-indexed,r05_region_sample_genotype_counts,w1000_11,1,41547,42546,1000,39,3,0.0019363411702215672,OK,True,
bcftools-indexed,r05_region_sample_genotype_counts,w1000_12,2,112670,113669,1000,39,1,0.0018196101300418377,OK,True,
bcftools-indexed,r05_region_sample_genotype_counts,w1000_12,2,112670,113669,1000,39,2,0.0020114299841225147,OK,True,
bcftools-indexed,r05_region_sample_genotype_counts,w1000_12,2,112670,113669,1000,39,3,0.0017450302839279175,OK,True,
bcftools-indexed,r05_region_sample_genotype_counts,w1000_13,2,121328,122327,1000,39,1,0.0016654608771204948,OK,True,
bcftools-indexed,r05_region_sample_genotype_counts,w1000_13,2,121328,122327,1000,39,2,0.0019833059050142765,OK,True,
bcftools-indexed,r05_region_sample_genotype_counts,w1000_13,2,121328,122327,1000,39,3,0.0017749061807990074,OK,True,
bcftools-indexed,r05_region_sample_genotype_counts,w1000_14,2,128114,129113,1000,39,1,0.0019413172267377377,OK,True,
bcftools-indexed,r05_region_sample_genotype_counts,w1000_14,2,128114,129113,1000,39,2,0.0017914380878210068,OK,True,
bcftools-indexed,r05_region_sample_genotype_counts,w1000_14,2,128114,129113,1000,39,3,0.0018289638683199883,OK,True,
bcftools-indexed,r05_region_sample_genotype_counts,w1000_15,1,56237,57236,1000,39,1,0.002030941192060709,OK,True,
bcftools-indexed,r05_region_sample_genotype_counts,w1000_15,1,56237,57236,1000,39,2,0.0020897588692605495,OK,True,
bcftools-indexed,r05_region_sample_genotype_counts,w1000_15,1,56237,57236,1000,39,3,0.002027546986937523,OK,True,
bcftools-indexed,r05_region_sample_genotype_counts,w1000_16,1,65883,66882,1000,39,1,0.001747169066220522,OK,True,
bcftools-indexed,r05_region_sample_genotype_counts,w1000_16,1,65883,66882,1000,39,2,0.00172708323225379,OK,True,
bcftools-indexed,r05_region_sample_genotype_counts,w1000_16,1,65883,66882,1000,39,3,0.0019866246730089188,OK,True,
bcftools-indexed,r05_region_sample_genotype_counts,w1000_17,2,13298,14297,1000,39,1,0.0019196108914911747,OK,True,
bcftools-indexed,r05_region_sample_genotype_counts,w1000_17,2,13298,14297,1000,39,2,0.0018277517519891262,OK,True,
bcftools-indexed,r05_region_sample_genotype_counts,w1000_17,2,13298,14297,1000,39,3,0.001759727019816637,OK,True,
bcftools-indexed,r05_region_sample_genotype_counts,w1000_18,2,32252,33251,1000,39,1,0.0016643810085952282,OK,True,
bcftools-indexed,r05_region_sample_genotype_counts,w1000_18,2,32252,33251,1000,39,2,0.0022860229946672916,OK,True,
bcftools-indexed,r05_region_sample_genotype_counts,w1000_18,2,32252,33251,1000,39,3,0.001765828114002943,OK,True,
bcftools-indexed,r05_region_sample_genotype_counts,w1000_19,1,96953,97952,1000,39,1,0.0017875372432172298,OK,True,
bcftools-indexed,r05_region_sample_genotype_counts,w1000_19,1,96953,97952,1000,39,2,0.002042877022176981,OK,True,
bcftools-indexed,r05_region_sample_genotype_counts,w1000_19,1,96953,97952,1000,39,3,0.0017701652832329273,OK,True,
bcftools-indexed,r05_region_sample_genotype_counts,w100000_00,2,120002,220001,100000,417,1,0.00246974965557456,OK,True,
bcftools-indexed,r05_region_sample_genotype_counts,w100000_00,2,120002,220001,100000,417,2,0.002446759957820177,OK,True,
bcftools-indexed,r05_region_sample_genotype_counts,w100000_00,2,120002,220001,100000,417,3,0.002546887844800949,OK,True,
bcftools-indexed,r05_region_sample_genotype_counts,w100000_01,1,88763,188762,100000,1618,1,0.004858021158725023,OK,True,
bcftools-indexed,r05_region_sample_genotype_counts,w100000_01,1,88763,188762,100000,1618,2,0.004923690110445023,OK,True,
bcftools-indexed,r05_region_sample_genotype_counts,w100000_01,1,88763,188762,100000,1618,3,0.005345417186617851,OK,True,
bcftools-indexed,r05_region_sample_genotype_counts,w100000_02,1,52857,152856,100000,2999,1,0.007707247976213694,OK,True,
bcftools-indexed,r05_region_sample_genotype_counts,w100000_02,1,52857,152856,100000,2999,2,0.00771164009347558,OK,True,
bcftools-indexed,r05_region_sample_genotype_counts,w100000_02,1,52857,152856,100000,2999,3,0.00763203389942646,OK,True,
bcftools-indexed,r05_region_sample_genotype_counts,w100000_03,2,52324,152323,100000,3020,1,0.007871807087212801,OK,True,
bcftools-indexed,r05_region_sample_genotype_counts,w100000_03,2,52324,152323,100000,3020,2,0.007861902937293053,OK,True,
bcftools-indexed,r05_region_sample_genotype_counts,w100000_03,2,52324,152323,100000,3020,3,0.007890437263995409,OK,True,
bcftools-indexed,r05_region_sample_genotype_counts,w100000_04,2,34592,134591,100000,3702,1,0.009453562088310719,OK,True,
bcftools-indexed,r05_region_sample_genotype_counts,w100000_04,2,34592,134591,100000,3702,2,0.009374076966196299,OK,True,
bcftools-indexed,r05_region_sample_genotype_counts,w100000_04,2,34592,134591,100000,3702,3,0.009342558216303587,OK,True,
bcftools-indexed,r05_region_sample_genotype_counts,w100000_05,1,53975,153974,100000,2956,1,0.007797339931130409,OK,True,
bcftools-indexed,r05_region_sample_genotype_counts,w100000_05,1,53975,153974,100000,2956,2,0.007989779114723206,OK,True,
bcftools-indexed,r05_region_sample_genotype_counts,w100000_05,1,53975,153974,100000,2956,3,0.007840426173061132,OK,True,
bcftools-indexed,r05_region_sample_genotype_counts,w100000_06,1,116323,216322,100000,558,1,0.0033509652130305767,OK,True,
bcftools-indexed,r05_region_sample_genotype_counts,w100000_06,1,116323,216322,100000,558,2,0.003065647091716528,OK,True,
bcftools-indexed,r05_region_sample_genotype_counts,w100000_06,1,116323,216322,100000,558,3,0.00301218219101429,OK,True,
bcftools-indexed,r05_region_sample_genotype_counts,w100000_07,2,54378,154377,100000,2941,1,0.007671845145523548,OK,True,
bcftools-indexed,r05_region_sample_genotype_counts,w100000_07,2,54378,154377,100000,2941,2,0.007799043785780668,OK,True,
bcftools-indexed,r05_region_sample_genotype_counts,w100000_07,2,54378,154377,100000,2941,3,0.00810489198192954,OK,True,
bcftools-indexed,r05_region_sample_genotype_counts,w100000_08,2,7188,107187,100000,3847,1,0.009735232219099998,OK,True,
bcftools-indexed,r05_region_sample_genotype_counts,w100000_08,2,7188,107187,100000,3847,2,0.012481710873544216,OK,True,
bcftools-indexed,r05_region_sample_genotype_counts,w100000_08,2,7188,107187,100000,3847,3,0.009404055774211884,OK,True,
bcftools-indexed,r05_region_sample_genotype_counts,w100000_09,2,111448,211447,100000,746,1,0.003182580228894949,OK,True,
bcftools-indexed,r05_region_sample_genotype_counts,w100000_09,2,111448,211447,100000,746,2,0.00366770476102829,OK,True,
bcftools-indexed,r05_region_sample_genotype_counts,w100000_09,2,111448,211447,100000,746,3,0.0033120838925242424,OK,True,
bcftools-indexed,r05_region_sample_genotype_counts,w100000_10,2,122134,222133,100000,335,1,0.0027105649933218956,OK,True,
bcftools-indexed,r05_region_sample_genotype_counts,w100000_10,2,122134,222133,100000,335,2,0.0026060687378048897,OK,True,
bcftools-indexed,r05_region_sample_genotype_counts,w100000_10,2,122134,222133,100000,335,3,0.0026442590169608593,OK,True,
bcftools-indexed,r05_region_sample_genotype_counts,w100000_11,1,4159,104158,100000,3847,1,0.009984767064452171,OK,True,
bcftools-indexed,r05_region_sample_genotype_counts,w100000_11,1,4159,104158,100000,3847,2,0.009640445932745934,OK,True,
bcftools-indexed,r05_region_sample_genotype_counts,w100000_11,1,4159,104158,100000,3847,3,0.009918115101754665,OK,True,
bcftools-indexed,r05_region_sample_genotype_counts,w100000_12,2,13740,113739,100000,3847,1,0.009323269128799438,OK,True,
bcftools-indexed,r05_region_sample_genotype_counts,w100000_12,2,13740,113739,100000,3847,2,0.011705716606229544,OK,True,
bcftools-indexed,r05_region_sample_genotype_counts,w100000_12,2,13740,113739,100000,3847,3,0.009794928133487701,OK,True,
bcftools-indexed,r05_region_sample_genotype_counts,w100000_13,2,91324,191323,100000,1520,1,0.00494185509160161,OK,True,
bcftools-indexed,r05_region_sample_genotype_counts,w100000_13,2,91324,191323,100000,1520,2,0.004885565955191851,OK,True,
bcftools-indexed,r05_region_sample_genotype_counts,w100000_13,2,91324,191323,100000,1520,3,0.00544277997687459,OK,True,
bcftools-indexed,r05_region_sample_genotype_counts,w100000_14,2,21254,121253,100000,3847,1,0.009267978370189667,OK,True,
bcftools-indexed,r05_region_sample_genotype_counts,w100000_14,2,21254,121253,100000,3847,2,0.009450148791074753,OK,True,
bcftools-indexed,r05_region_sample_genotype_counts,w100000_14,2,21254,121253,100000,3847,3,0.009251490235328674,OK,True,
bcftools-indexed,r05_region_sample_genotype_counts,w100000_15,1,111279,211278,100000,752,1,0.003237004391849041,OK,True,
bcftools-indexed,r05_region_sample_genotype_counts,w100000_15,1,111279,211278,100000,752,2,0.003125556278973818,OK,True,
bcftools-indexed,r05_region_sample_genotype_counts,w100000_15,1,111279,211278,100000,752,3,0.00339339068159461,OK,True,
bcftools-indexed,r05_region_sample_genotype_counts,w100000_16,1,113957,213956,100000,649,1,0.004495495930314064,OK,True,
bcftools-indexed,r05_region_sample_genotype_counts,w100000_16,1,113957,213956,100000,649,2,0.003021697048097849,OK,True,
bcftools-indexed,r05_region_sample_genotype_counts,w100000_16,1,113957,213956,100000,649,3,0.0030739158391952515,OK,True,
bcftools-indexed,r05_region_sample_genotype_counts,w100000_17,1,26389,126388,100000,3847,1,0.009562843013554811,OK,True,
bcftools-indexed,r05_region_sample_genotype_counts,w100000_17,1,26389,126388,100000,3847,2,0.00933532789349556,OK,True,
bcftools-indexed,r05_region_sample_genotype_counts,w100000_17,1,26389,126388,100000,3847,3,0.009404009208083153,OK,True,
bcftools-indexed,r05_region_sample_genotype_counts,w100000_18,2,62074,162073,100000,2645,1,0.006987318396568298,OK,True,
bcftools-indexed,r05_region_sample_genotype_counts,w100000_18,2,62074,162073,100000,2645,2,0.007352195214480162,OK,True,
bcftools-indexed,r05_region_sample_genotype_counts,w100000_18,2,62074,162073,100000,2645,3,0.00722460774704814,OK,True,
bcftools-indexed,r05_region_sample_genotype_counts,w100000_19,1,99683,199682,100000,1198,1,0.004199567716568708,OK,True,
bcftools-indexed,r05_region_sample_genotype_counts,w100000_19,1,99683,199682,100000,1198,2,0.004048829898238182,OK,True,
bcftools-indexed,r05_region_sample_genotype_counts,w100000_19,1,99683,199682,100000,1198,3,0.00398606713861227,OK,True,
bcftools-indexed,r05_region_sample_genotype_counts,w1000000_00,2,77700,1077699,1000000,2044,1,0.005733124911785126,OK,True,
bcftools-indexed,r05_region_sample_genotype_counts,w1000000_00,2,77700,1077699,1000000,2044,2,0.005745768081396818,OK,True,
bcftools-indexed,r05_region_sample_genotype_counts,w1000000_00,2,77700,1077699,1000000,2044,3,0.005515095312148333,OK,True,
bcftools-indexed,r05_region_sample_genotype_counts,w1000000_01,2,14260,1014259,1000000,4484,1,0.012180089950561523,OK,True,
bcftools-indexed,r05_region_sample_genotype_counts,w1000000_01,2,14260,1014259,1000000,4484,2,0.011147850193083286,OK,True,
bcftools-indexed,r05_region_sample_genotype_counts,w1000000_01,2,14260,1014259,1000000,4484,3,0.01600706810131669,OK,True,
bcftools-indexed,r05_region_sample_genotype_counts,w1000000_02,2,39428,1039427,1000000,3516,1,0.00939520401880145,OK,True,
bcftools-indexed,r05_region_sample_genotype_counts,w1000000_02,2,39428,1039427,1000000,3516,2,0.009181908797472715,OK,True,
bcftools-indexed,r05_region_sample_genotype_counts,w1000000_02,2,39428,1039427,1000000,3516,3,0.009275768883526325,OK,True,
bcftools-indexed,r05_region_sample_genotype_counts,w1000000_03,2,121614,1121613,1000000,355,1,0.0030825803987681866,OK,True,
bcftools-indexed,r05_region_sample_genotype_counts,w1000000_03,2,121614,1121613,1000000,355,2,0.0026817992329597473,OK,True,
bcftools-indexed,r05_region_sample_genotype_counts,w1000000_03,2,121614,1121613,1000000,355,3,0.0024473094381392,OK,True,
bcftools-indexed,r05_region_sample_genotype_counts,w1000000_04,2,45980,1045979,1000000,3264,1,0.00840787123888731,OK,True,
bcftools-indexed,r05_region_sample_genotype_counts,w1000000_04,2,45980,1045979,1000000,3264,2,0.008843992836773396,OK,True,
bcftools-indexed,r05_region_sample_genotype_counts,w1000000_04,2,45980,1045979,1000000,3264,3,0.008622491732239723,OK,True,
bcftools-indexed,r05_region_sample_genotype_counts,w1000000_05,2,74320,1074319,1000000,2174,1,0.006147393025457859,OK,True,
bcftools-indexed,r05_region_sample_genotype_counts,w1000000_05,2,74320,1074319,1000000,2174,2,0.006719836965203285,OK,True,
bcftools-indexed,r05_region_sample_genotype_counts,w1000000_05,2,74320,1074319,1000000,2174,3,0.006345017813146114,OK,True,
bcftools-indexed,r05_region_sample_genotype_counts,w1000000_06,1,75477,1075476,1000000,2129,1,0.006287378259003162,OK,True,
bcftools-indexed,r05_region_sample_genotype_counts,w1000000_06,1,75477,1075476,1000000,2129,2,0.00595359830185771,OK,True,
bcftools-indexed,r05_region_sample_genotype_counts,w1000000_06,1,75477,1075476,1000000,2129,3,0.0067320470698177814,OK,True,
bcftools-indexed,r05_region_sample_genotype_counts,w1000000_07,1,15729,1015728,1000000,4427,1,0.010511412285268307,OK,True,
bcftools-indexed,r05_region_sample_genotype_counts,w1000000_07,1,15729,1015728,1000000,4427,2,0.01529637724161148,OK,True,
bcftools-indexed,r05_region_sample_genotype_counts,w1000000_07,1,15729,1015728,1000000,4427,3,0.011263635940849781,OK,True,
bcftools-indexed,r05_region_sample_genotype_counts,w1000000_08,2,74268,1074267,1000000,2176,1,0.006765791680663824,OK,True,
bcftools-indexed,r05_region_sample_genotype_counts,w1000000_08,2,74268,1074267,1000000,2176,2,0.006189966108649969,OK,True,
bcftools-indexed,r05_region_sample_genotype_counts,w1000000_08,2,74268,1074267,1000000,2176,3,0.006001035217195749,OK,True,
bcftools-indexed,r05_region_sample_genotype_counts,w1000000_09,1,33643,1033642,1000000,3738,1,0.009258985053747892,OK,True,
bcftools-indexed,r05_region_sample_genotype_counts,w1000000_09,1,33643,1033642,1000000,3738,2,0.00945647619664669,OK,True,
bcftools-indexed,r05_region_sample_genotype_counts,w1000000_09,1,33643,1033642,1000000,3738,3,0.00932535482570529,OK,True,
bcftools-indexed,r05_region_sample_genotype_counts,w1000000_10,1,92507,1092506,1000000,1474,1,0.00502706179395318,OK,True,
bcftools-indexed,r05_region_sample_genotype_counts,w1000000_10,1,92507,1092506,1000000,1474,2,0.005049113184213638,OK,True,
bcftools-indexed,r05_region_sample_genotype_counts,w1000000_10,1,92507,1092506,1000000,1474,3,0.006643780041486025,OK,True,
bcftools-indexed,r05_region_sample_genotype_counts,w1000000_11,1,121211,1121210,1000000,370,1,0.0029140589758753777,OK,True,
bcftools-indexed,r05_region_sample_genotype_counts,w1000000_11,1,121211,1121210,1000000,370,2,0.0029077427461743355,OK,True,
bcftools-indexed,r05_region_sample_genotype_counts,w1000000_11,1,121211,1121210,1000000,370,3,0.0027144900523126125,OK,True,
bcftools-indexed,r05_region_sample_genotype_counts,w1000000_12,1,77765,1077764,1000000,2041,1,0.006114391144365072,OK,True,
bcftools-indexed,r05_region_sample_genotype_counts,w1000000_12,1,77765,1077764,1000000,2041,2,0.006088972091674805,OK,True,
bcftools-indexed,r05_region_sample_genotype_counts,w1000000_12,1,77765,1077764,1000000,2041,3,0.0067000859417021275,OK,True,
bcftools-indexed,r05_region_sample_genotype_counts,w1000000_13,2,118494,1118493,1000000,475,1,0.0032357932068407536,OK,True,
bcftools-indexed,r05_region_sample_genotype_counts,w1000000_13,2,118494,1118493,1000000,475,2,0.00309579074382782,OK,True,
bcftools-indexed,r05_region_sample_genotype_counts,w1000000_13,2,118494,1118493,1000000,475,3,0.0027022077701985836,OK,True,
bcftools-indexed,r05_region_sample_genotype_counts,w1000000_14,1,92143,1092142,1000000,1488,1,0.004617765080183744,OK,True,
bcftools-indexed,r05_region_sample_genotype_counts,w1000000_14,1,92143,1092142,1000000,1488,2,0.005430229008197784,OK,True,
bcftools-indexed,r05_region_sample_genotype_counts,w1000000_14,1,92143,1092142,1000000,1488,3,0.005079925991594791,OK,True,
bcftools-indexed,r05_region_sample_genotype_counts,w1000000_15,1,125423,1125422,1000000,208,1,0.002409926149994135,OK,True,
bcftools-indexed,r05_region_sample_genotype_counts,w1000000_15,1,125423,1125422,1000000,208,2,0.0023492667824029922,OK,True,
bcftools-indexed,r05_region_sample_genotype_counts,w1000000_15,1,125423,1125422,1000000,208,3,0.002450863365083933,OK,True,
bcftools-indexed,r05_region_sample_genotype_counts,w1000000_16,2,99852,1099851,1000000,1192,1,0.0042551131919026375,OK,True,
bcftools-indexed,r05_region_sample_genotype_counts,w1000000_16,2,99852,1099851,1000000,1192,2,0.004309388808906078,OK,True,
bcftools-indexed,r05_region_sample_genotype_counts,w1000000_16,2,99852,1099851,1000000,1192,3,0.004432037938386202,OK,True,
bcftools-indexed,r05_region_sample_genotype_counts,w1000000_17,2,49334,1049333,1000000,3135,1,0.00847927713766694,OK,True,
bcftools-indexed,r05_region_sample_genotype_counts,w1000000_17,2,49334,1049333,1000000,3135,2,0.008080224972218275,OK,True,
bcftools-indexed,r05_region_sample_genotype_counts,w1000000_17,2,49334,1049333,1000000,3135,3,0.008614943828433752,OK,True,
bcftools-indexed,r05_region_sample_genotype_counts,w1000000_18,1,74801,1074800,1000000,2155,1,0.007305191829800606,OK,True,
bcftools-indexed,r05_region_sample_genotype_counts,w1000000_18,1,74801,1074800,1000000,2155,2,0.006669029127806425,OK,True,
bcftools-indexed,r05_region_sample_genotype_counts,w1000000_18,1,74801,1074800,1000000,2155,3,0.0062723541632294655,OK,True,
bcftools-indexed,r05_region_sample_genotype_counts,w1000000_19,1,121003,1121002,1000000,378,1,0.0028914357535541058,OK,True,
bcftools-indexed,r05_region_sample_genotype_counts,w1000000_19,1,121003,1121002,1000000,378,2,0.0025711730122566223,OK,True,
bcftools-indexed,r05_region_sample_genotype_counts,w1000000_19,1,121003,1121002,1000000,378,3,0.0027965540066361427,OK,True,
bcftools-indexed,r05_region_sample_genotype_counts,w10000000_00,1,105481,10105480,10000000,975,1,0.003934663720428944,OK,True,
bcftools-indexed,r05_region_sample_genotype_counts,w10000000_00,1,105481,10105480,10000000,975,2,0.003691737074404955,OK,True,
bcftools-indexed,r05_region_sample_genotype_counts,w10000000_00,1,105481,10105480,10000000,975,3,0.003835326060652733,OK,True,
bcftools-indexed,r05_region_sample_genotype_counts,w10000000_01,1,37257,10037256,10000000,3599,1,0.009093162138015032,OK,True,
bcftools-indexed,r05_region_sample_genotype_counts,w10000000_01,1,37257,10037256,10000000,3599,2,0.008921580389142036,OK,True,
bcftools-indexed,r05_region_sample_genotype_counts,w10000000_01,1,37257,10037256,10000000,3599,3,0.010781969875097275,OK,True,
bcftools-indexed,r05_region_sample_genotype_counts,w10000000_02,2,92130,10092129,10000000,1489,1,0.00546516478061676,OK,True,
bcftools-indexed,r05_region_sample_genotype_counts,w10000000_02,2,92130,10092129,10000000,1489,2,0.004953763913363218,OK,True,
bcftools-indexed,r05_region_sample_genotype_counts,w10000000_02,2,92130,10092129,10000000,1489,3,0.005008906126022339,OK,True,
bcftools-indexed,r05_region_sample_genotype_counts,w10000000_03,1,25557,10025556,10000000,4049,1,0.00962055940181017,OK,True,
bcftools-indexed,r05_region_sample_genotype_counts,w10000000_03,1,25557,10025556,10000000,4049,2,0.009947086218744516,OK,True,
bcftools-indexed,r05_region_sample_genotype_counts,w10000000_03,1,25557,10025556,10000000,4049,3,0.01067429082468152,OK,True,
bcftools-indexed,r05_region_sample_genotype_counts,w10000000_04,2,46604,10046603,10000000,3240,1,0.008579648099839687,OK,True,
bcftools-indexed,r05_region_sample_genotype_counts,w10000000_04,2,46604,10046603,10000000,3240,2,0.009822794236242771,OK,True,
bcftools-indexed,r05_region_sample_genotype_counts,w10000000_04,2,46604,10046603,10000000,3240,3,0.009018857963383198,OK,True,
bcftools-indexed,r05_region_sample_genotype_counts,w10000000_05,1,49477,10049476,10000000,3129,1,0.008198875002563,OK,True,
bcftools-indexed,r05_region_sample_genotype_counts,w10000000_05,1,49477,10049476,10000000,3129,2,0.00828902143985033,OK,True,
bcftools-indexed,r05_region_sample_genotype_counts,w10000000_05,1,49477,10049476,10000000,3129,3,0.007933965884149075,OK,True,
bcftools-indexed,r05_region_sample_genotype_counts,w10000000_06,1,6499,10006498,10000000,4782,1,0.011520862113684416,OK,True,
bcftools-indexed,r05_region_sample_genotype_counts,w10000000_06,1,6499,10006498,10000000,4782,2,0.01581762731075287,OK,True,
bcftools-indexed,r05_region_sample_genotype_counts,w10000000_06,1,6499,10006498,10000000,4782,3,0.011544234119355679,OK,True,
bcftools-indexed,r05_region_sample_genotype_counts,w10000000_07,2,47280,10047279,10000000,3214,1,0.008683493826538324,OK,True,
bcftools-indexed,r05_region_sample_genotype_counts,w10000000_07,2,47280,10047279,10000000,3214,2,0.008576333988457918,OK,True,
bcftools-indexed,r05_region_sample_genotype_counts,w10000000_07,2,47280,10047279,10000000,3214,3,0.008741004392504692,OK,True,
bcftools-indexed,r05_region_sample_genotype_counts,w10000000_08,2,88724,10088723,10000000,1620,1,0.0053933956660330296,OK,True,
bcftools-indexed,r05_region_sample_genotype_counts,w10000000_08,2,88724,10088723,10000000,1620,2,0.005175912752747536,OK,True,
bcftools-indexed,r05_region_sample_genotype_counts,w10000000_08,2,88724,10088723,10000000,1620,3,0.005185225047171116,OK,True,
bcftools-indexed,r05_region_sample_genotype_counts,w10000000_09,2,69692,10069691,10000000,2352,1,0.00667162099853158,OK,True,
bcftools-indexed,r05_region_sample_genotype_counts,w10000000_09,2,69692,10069691,10000000,2352,2,0.006518139038234949,OK,True,
bcftools-indexed,r05_region_sample_genotype_counts,w10000000_09,2,69692,10069691,10000000,2352,3,0.006720819976180792,OK,True,
bcftools-indexed,r05_region_sample_genotype_counts,w10000000_10,1,51271,10051270,10000000,3060,1,0.008255771361291409,OK,True,
bcftools-indexed,r05_region_sample_genotype_counts,w10000000_10,1,51271,10051270,10000000,3060,2,0.007994140964001417,OK,True,
bcftools-indexed,r05_region_sample_genotype_counts,w10000000_10,1,51271,10051270,10000000,3060,3,0.008327181916683912,OK,True,
bcftools-indexed,r05_region_sample_genotype_counts,w10000000_11,1,116349,10116348,10000000,557,1,0.0029470138251781464,OK,True,
bcftools-indexed,r05_region_sample_genotype_counts,w10000000_11,1,116349,10116348,10000000,557,2,0.002958778291940689,OK,True,
bcftools-indexed,r05_region_sample_genotype_counts,w10000000_11,1,116349,10116348,10000000,557,3,0.002797056920826435,OK,True,
bcftools-indexed,r05_region_sample_genotype_counts,w10000000_12,1,121471,10121470,10000000,360,1,0.0026427949778735638,OK,True,
bcftools-indexed,r05_region_sample_genotype_counts,w10000000_12,1,121471,10121470,10000000,360,2,0.0025120251812040806,OK,True,
bcftools-indexed,r05_region_sample_genotype_counts,w10000000_12,1,121471,10121470,10000000,360,3,0.0023734509013593197,OK,True,
bcftools-indexed,r05_region_sample_genotype_counts,w10000000_13,2,115582,10115581,10000000,587,1,0.0029225489124655724,OK,True,
bcftools-indexed,r05_region_sample_genotype_counts,w10000000_13,2,115582,10115581,10000000,587,2,0.003327914047986269,OK,True,
bcftools-indexed,r05_region_sample_genotype_counts,w10000000_13,2,115582,10115581,10000000,587,3,0.002935134805738926,OK,True,
bcftools-indexed,r05_region_sample_genotype_counts,w10000000_14,2,74138,10074137,10000000,2181,1,0.006214904133230448,OK,True,
bcftools-indexed,r05_region_sample_genotype_counts,w10000000_14,2,74138,10074137,10000000,2181,2,0.006136100273579359,OK,True,
bcftools-indexed,r05_region_sample_genotype_counts,w10000000_14,2,74138,10074137,10000000,2181,3,0.0066596511751413345,OK,True,
bcftools-indexed,r05_region_sample_genotype_counts,w10000000_15,1,50231,10050230,10000000,3100,1,0.008003231137990952,OK,True,
bcftools-indexed,r05_region_sample_genotype_counts,w10000000_15,1,50231,10050230,10000000,3100,2,0.007989733014255762,OK,True,
bcftools-indexed,r05_region_sample_genotype_counts,w10000000_15,1,50231,10050230,10000000,3100,3,0.008270297665148973,OK,True,
bcftools-indexed,r05_region_sample_genotype_counts,w10000000_16,1,20669,10020668,10000000,4237,1,0.01025707321241498,OK,True,
bcftools-indexed,r05_region_sample_genotype_counts,w10000000_16,1,20669,10020668,10000000,4237,2,0.010557485278695822,OK,True,
bcftools-indexed,r05_region_sample_genotype_counts,w10000000_16,1,20669,10020668,10000000,4237,3,0.010585132986307144,OK,True,
bcftools-indexed,r05_region_sample_genotype_counts,w10000000_17,1,66273,10066272,10000000,2483,1,0.007161934860050678,OK,True,
bcftools-indexed,r05_region_sample_genotype_counts,w10000000_17,1,66273,10066272,10000000,2483,2,0.006860572379082441,OK,True,
bcftools-indexed,r05_region_sample_genotype_counts,w10000000_17,1,66273,10066272,10000000,2483,3,0.007315199356526136,OK,True,
bcftools-indexed,r05_region_sample_genotype_counts,w10000000_18,1,57745,10057744,10000000,2811,1,0.007811322808265686,OK,True,
bcftools-indexed,r05_region_sample_genotype_counts,w10000000_18,1,57745,10057744,10000000,2811,2,0.007612043060362339,OK,True,
bcftools-indexed,r05_region_sample_genotype_counts,w10000000_18,1,57745,10057744,10000000,2811,3,0.007741658948361874,OK,True,
bcftools-indexed,r05_region_sample_genotype_counts,w10000000_19,1,102907,10102906,10000000,1074,1,0.004918618127703667,OK,True,
bcftools-indexed,r05_region_sample_genotype_counts,w10000000_19,1,102907,10102906,10000000,1074,2,0.004228781908750534,OK,True,
bcftools-indexed,r05_region_sample_genotype_counts,w10000000_19,1,102907,10102906,10000000,1074,3,0.004145793616771698,OK,True,
comunica,r01_region_record_count,w1000_00,2,53546,54545,1000,39,1,0.4530375828035176,OK,True,
comunica,r01_region_record_count,w1000_00,2,53546,54545,1000,39,2,0.3235112917609513,OK,True,
comunica,r01_region_record_count,w1000_00,2,53546,54545,1000,39,3,0.31282048812136054,OK,True,
comunica,r01_region_record_count,w1000_01,2,79858,80857,1000,39,1,0.2901144069619477,OK,True,
comunica,r01_region_record_count,w1000_01,2,79858,80857,1000,39,2,0.2927862470969558,OK,True,
comunica,r01_region_record_count,w1000_01,2,79858,80857,1000,39,3,0.29801973421126604,OK,True,
comunica,r01_region_record_count,w1000_02,1,90739,91738,1000,39,1,0.29231750685721636,OK,True,
comunica,r01_region_record_count,w1000_02,1,90739,91738,1000,39,2,0.2886286252178252,OK,True,
comunica,r01_region_record_count,w1000_02,1,90739,91738,1000,39,3,0.29600912844762206,OK,True,
comunica,r01_region_record_count,w1000_03,2,44394,45393,1000,39,1,0.3162545021623373,OK,True,
comunica,r01_region_record_count,w1000_03,2,44394,45393,1000,39,2,0.31883264565840364,OK,True,
comunica,r01_region_record_count,w1000_03,2,44394,45393,1000,39,3,0.3204302219673991,OK,True,
comunica,r01_region_record_count,w1000_04,1,7981,8980,1000,39,1,0.3508355659432709,OK,True,
comunica,r01_region_record_count,w1000_04,1,7981,8980,1000,39,2,0.33337784791365266,OK,True,
comunica,r01_region_record_count,w1000_04,1,7981,8980,1000,39,3,0.3482522261328995,OK,True,
comunica,r01_region_record_count,w1000_05,1,110863,111862,1000,39,1,0.2862771973013878,OK,True,
comunica,r01_region_record_count,w1000_05,1,110863,111862,1000,39,2,0.2796642524190247,OK,True,
comunica,r01_region_record_count,w1000_05,1,110863,111862,1000,39,3,0.3033791510388255,OK,True,
comunica,r01_region_record_count,w1000_06,1,104311,105310,1000,39,1,0.2896805051714182,OK,True,
comunica,r01_region_record_count,w1000_06,1,104311,105310,1000,39,2,0.28743494488298893,OK,True,
comunica,r01_region_record_count,w1000_06,1,104311,105310,1000,39,3,0.2861700290814042,OK,True,
comunica,r01_region_record_count,w1000_07,1,14091,15090,1000,39,1,0.3371483809314668,OK,True,
comunica,r01_region_record_count,w1000_07,1,14091,15090,1000,39,2,0.3376085180789232,OK,True,
comunica,r01_region_record_count,w1000_07,1,14091,15090,1000,39,3,0.35456542391330004,OK,True,
comunica,r01_region_record_count,w1000_08,2,48996,49995,1000,39,1,0.33174332417547703,OK,True,
comunica,r01_region_record_count,w1000_08,2,48996,49995,1000,39,2,0.32466619182378054,OK,True,
comunica,r01_region_record_count,w1000_08,2,48996,49995,1000,39,3,0.3223699191585183,OK,True,
comunica,r01_region_record_count,w1000_09,1,120145,121144,1000,39,1,0.29641622118651867,OK,True,
comunica,r01_region_record_count,w1000_09,1,120145,121144,1000,39,2,0.3086594557389617,OK,True,
comunica,r01_region_record_count,w1000_09,1,120145,121144,1000,39,3,0.30833440786227584,OK,True,
comunica,r01_region_record_count,w1000_10,2,73436,74435,1000,39,1,0.3468180918134749,OK,True,
comunica,r01_region_record_count,w1000_10,2,73436,74435,1000,39,2,0.33054329408332705,OK,True,
comunica,r01_region_record_count,w1000_10,2,73436,74435,1000,39,3,0.307171736843884,OK,True,
comunica,r01_region_record_count,w1000_11,1,41547,42546,1000,39,1,0.32405083160847425,OK,True,
comunica,r01_region_record_count,w1000_11,1,41547,42546,1000,39,2,0.32545269187539816,OK,True,
comunica,r01_region_record_count,w1000_11,1,41547,42546,1000,39,3,0.34964266093447804,OK,True,
comunica,r01_region_record_count,w1000_12,2,112670,113669,1000,39,1,0.2843096242286265,OK,True,
comunica,r01_region_record_count,w1000_12,2,112670,113669,1000,39,2,0.2865637978538871,OK,True,
comunica,r01_region_record_count,w1000_12,2,112670,113669,1000,39,3,0.2948588877916336,OK,True,
comunica,r01_region_record_count,w1000_13,2,121328,122327,1000,39,1,0.2880204492248595,OK,True,
comunica,r01_region_record_count,w1000_13,2,121328,122327,1000,39,2,0.2878326219506562,OK,True,
comunica,r01_region_record_count,w1000_13,2,121328,122327,1000,39,3,0.28712438186630607,OK,True,
comunica,r01_region_record_count,w1000_14,2,128114,129113,1000,39,1,0.28098448319360614,OK,True,
comunica,r01_region_record_count,w1000_14,2,128114,129113,1000,39,2,0.28186827804893255,OK,True,
comunica,r01_region_record_count,w1000_14,2,128114,129113,1000,39,3,0.2806901349686086,OK,True,
comunica,r01_region_record_count,w1000_15,1,56237,57236,1000,39,1,0.32553160237148404,OK,True,
comunica,r01_region_record_count,w1000_15,1,56237,57236,1000,39,2,0.33163482369855046,OK,True,
comunica,r01_region_record_count,w1000_15,1,56237,57236,1000,39,3,0.3288348182104528,OK,True,
comunica,r01_region_record_count,w1000_16,1,65883,66882,1000,39,1,0.32476114481687546,OK,True,
comunica,r01_region_record_count,w1000_16,1,65883,66882,1000,39,2,0.32039580773562193,OK,True,
comunica,r01_region_record_count,w1000_16,1,65883,66882,1000,39,3,0.3219927870668471,OK,True,
comunica,r01_region_record_count,w1000_17,2,13298,14297,1000,39,1,0.3493855460546911,OK,True,
comunica,r01_region_record_count,w1000_17,2,13298,14297,1000,39,2,0.358667332213372,OK,True,
comunica,r01_region_record_count,w1000_17,2,13298,14297,1000,39,3,0.3588165161199868,OK,True,
comunica,r01_region_record_count,w1000_18,2,32252,33251,1000,39,1,0.3735702750273049,OK,True,
comunica,r01_region_record_count,w1000_18,2,32252,33251,1000,39,2,0.3580937855876982,OK,True,
comunica,r01_region_record_count,w1000_18,2,32252,33251,1000,39,3,0.3481835783459246,OK,True,
comunica,r01_region_record_count,w1000_19,1,96953,97952,1000,39,1,0.30786558287218213,OK,True,
comunica,r01_region_record_count,w1000_19,1,96953,97952,1000,39,2,0.3037344878539443,OK,True,
comunica,r01_region_record_count,w1000_19,1,96953,97952,1000,39,3,0.3117334209382534,OK,True,
comunica,r01_region_record_count,w100000_00,2,120002,220001,100000,417,1,0.3072343380190432,OK,True,
comunica,r01_region_record_count,w100000_00,2,120002,220001,100000,417,2,0.30807569716125727,OK,True,
comunica,r01_region_record_count,w100000_00,2,120002,220001,100000,417,3,0.299072187859565,OK,True,
comunica,r01_region_record_count,w100000_01,1,88763,188762,100000,1618,1,0.3452348969876766,OK,True,
comunica,r01_region_record_count,w100000_01,1,88763,188762,100000,1618,2,0.3493277281522751,OK,True,
comunica,r01_region_record_count,w100000_01,1,88763,188762,100000,1618,3,0.3427376770414412,OK,True,
comunica,r01_region_record_count,w100000_02,1,52857,152856,100000,2999,1,0.40345123689621687,OK,True,
comunica,r01_region_record_count,w100000_02,1,52857,152856,100000,2999,2,0.39803092926740646,OK,True,
comunica,r01_region_record_count,w100000_02,1,52857,152856,100000,2999,3,0.3967573419213295,OK,True,
comunica,r01_region_record_count,w100000_03,2,52324,152323,100000,3020,1,0.420629202388227,OK,True,
comunica,r01_region_record_count,w100000_03,2,52324,152323,100000,3020,2,0.5370960752479732,OK,True,
comunica,r01_region_record_count,w100000_03,2,52324,152323,100000,3020,3,0.41933792689815164,OK,True,
comunica,r01_region_record_count,w100000_04,2,34592,134591,100000,3702,1,0.43179069785401225,OK,True,
comunica,r01_region_record_count,w100000_04,2,34592,134591,100000,3702,2,0.4361087530851364,OK,True,
comunica,r01_region_record_count,w100000_04,2,34592,134591,100000,3702,3,0.4318993943743408,OK,True,
comunica,r01_region_record_count,w100000_05,1,53975,153974,100000,2956,1,0.3999902601353824,OK,True,
comunica,r01_region_record_count,w100000_05,1,53975,153974,100000,2956,2,0.4054094450548291,OK,True,
comunica,r01_region_record_count,w100000_05,1,53975,153974,100000,2956,3,0.4041402325965464,OK,True,
comunica,r01_region_record_count,w100000_06,1,116323,216322,100000,558,1,0.30778055218979716,OK,True,
comunica,r01_region_record_count,w100000_06,1,116323,216322,100000,558,2,0.3129025842063129,OK,True,
comunica,r01_region_record_count,w100000_06,1,116323,216322,100000,558,3,0.3026214400306344,OK,True,
comunica,r01_region_record_count,w100000_07,2,54378,154377,100000,2941,1,0.3943436457775533,OK,True,
comunica,r01_region_record_count,w100000_07,2,54378,154377,100000,2941,2,0.3966476288624108,OK,True,
comunica,r01_region_record_count,w100000_07,2,54378,154377,100000,2941,3,0.3988372799940407,OK,True,
comunica,r01_region_record_count,w100000_08,2,7188,107187,100000,3847,1,0.4556180592626333,OK,True,
comunica,r01_region_record_count,w100000_08,2,7188,107187,100000,3847,2,0.47211841586977243,OK,True,
comunica,r01_region_record_count,w100000_08,2,7188,107187,100000,3847,3,0.4573316848836839,OK,True,
comunica,r01_region_record_count,w100000_09,2,111448,211447,100000,746,1,0.31635028403252363,OK,True,
comunica,r01_region_record_count,w100000_09,2,111448,211447,100000,746,2,0.3182135261595249,OK,True,
comunica,r01_region_record_count,w100000_09,2,111448,211447,100000,746,3,0.3243178832344711,OK,True,
comunica,r01_region_record_count,w100000_10,2,122134,222133,100000,335,1,0.2996350252069533,OK,True,
comunica,r01_region_record_count,w100000_10,2,122134,222133,100000,335,2,0.30605845898389816,OK,True,
comunica,r01_region_record_count,w100000_10,2,122134,222133,100000,335,3,0.4740503183566034,OK,True,
comunica,r01_region_record_count,w100000_11,1,4159,104158,100000,3847,1,0.42188554303720593,OK,True,
comunica,r01_region_record_count,w100000_11,1,4159,104158,100000,3847,2,0.4341531451791525,OK,True,
comunica,r01_region_record_count,w100000_11,1,4159,104158,100000,3847,3,0.43170538591220975,OK,True,
comunica,r01_region_record_count,w100000_12,2,13740,113739,100000,3847,1,0.470369815826416,OK,True,
comunica,r01_region_record_count,w100000_12,2,13740,113739,100000,3847,2,0.4133012630045414,OK,True,
comunica,r01_region_record_count,w100000_12,2,13740,113739,100000,3847,3,0.40515583381056786,OK,True,
comunica,r01_region_record_count,w100000_13,2,91324,191323,100000,1520,1,0.3077766220085323,OK,True,
comunica,r01_region_record_count,w100000_13,2,91324,191323,100000,1520,2,0.3184973271563649,OK,True,
comunica,r01_region_record_count,w100000_13,2,91324,191323,100000,1520,3,0.3139160922728479,OK,True,
comunica,r01_region_record_count,w100000_14,2,21254,121253,100000,3847,1,0.4082981273531914,OK,True,
comunica,r01_region_record_count,w100000_14,2,21254,121253,100000,3847,2,0.4120132620446384,OK,True,
comunica,r01_region_record_count,w100000_14,2,21254,121253,100000,3847,3,0.4095364180393517,OK,True,
comunica,r01_region_record_count,w100000_15,1,111279,211278,100000,752,1,0.289408590644598,OK,True,
comunica,r01_region_record_count,w100000_15,1,111279,211278,100000,752,2,0.28948980616405606,OK,True,
comunica,r01_region_record_count,w100000_15,1,111279,211278,100000,752,3,0.2859599539078772,OK,True,
comunica,r01_region_record_count,w100000_16,1,113957,213956,100000,649,1,0.28570038778707385,OK,True,
comunica,r01_region_record_count,w100000_16,1,113957,213956,100000,649,2,0.2893385528586805,OK,True,
comunica,r01_region_record_count,w100000_16,1,113957,213956,100000,649,3,0.2947589228861034,OK,True,
comunica,r01_region_record_count,w100000_17,1,26389,126388,100000,3847,1,0.40629729395732284,OK,True,
comunica,r01_region_record_count,w100000_17,1,26389,126388,100000,3847,2,0.407159477006644,OK,True,
comunica,r01_region_record_count,w100000_17,1,26389,126388,100000,3847,3,0.39792897924780846,OK,True,
comunica,r01_region_record_count,w100000_18,2,62074,162073,100000,2645,1,0.35122992657124996,OK,True,
comunica,r01_region_record_count,w100000_18,2,62074,162073,100000,2645,2,0.3728880384005606,OK,True,
comunica,r01_region_record_count,w100000_18,2,62074,162073,100000,2645,3,0.38811513781547546,OK,True,
comunica,r01_region_record_count,w100000_19,1,99683,199682,100000,1198,1,0.30918761575594544,OK,True,
comunica,r01_region_record_count,w100000_19,1,99683,199682,100000,1198,2,0.3053731583058834,OK,True,
comunica,r01_region_record_count,w100000_19,1,99683,199682,100000,1198,3,0.3175488132983446,OK,True,
comunica,r01_region_record_count,w1000000_00,2,77700,1077699,1000000,2044,1,0.3362778490409255,OK,True,
comunica,r01_region_record_count,w1000000_00,2,77700,1077699,1000000,2044,2,0.3297107331454754,OK,True,
comunica,r01_region_record_count,w1000000_00,2,77700,1077699,1000000,2044,3,0.3305364758707583,OK,True,
comunica,r01_region_record_count,w1000000_01,2,14260,1014259,1000000,4484,1,0.4226423529908061,OK,True,
comunica,r01_region_record_count,w1000000_01,2,14260,1014259,1000000,4484,2,0.42579920683056116,OK,True,
comunica,r01_region_record_count,w1000000_01,2,14260,1014259,1000000,4484,3,0.41053202003240585,OK,True,
comunica,r01_region_record_count,w1000000_02,2,39428,1039427,1000000,3516,1,0.3882976290769875,OK,True,
comunica,r01_region_record_count,w1000000_02,2,39428,1039427,1000000,3516,2,0.38817691896110773,OK,True,
comunica,r01_region_record_count,w1000000_02,2,39428,1039427,1000000,3516,3,0.394633162766695,OK,True,
comunica,r01_region_record_count,w1000000_03,2,121614,1121613,1000000,355,1,0.2699685809202492,OK,True,
comunica,r01_region_record_count,w1000000_03,2,121614,1121613,1000000,355,2,0.27517849672585726,OK,True,
comunica,r01_region_record_count,w1000000_03,2,121614,1121613,1000000,355,3,0.28089561592787504,OK,True,
comunica,r01_region_record_count,w1000000_04,2,45980,1045979,1000000,3264,1,0.3862255862914026,OK,True,
comunica,r01_region_record_count,w1000000_04,2,45980,1045979,1000000,3264,2,0.3867748621851206,OK,True,
comunica,r01_region_record_count,w1000000_04,2,45980,1045979,1000000,3264,3,0.3795477687381208,OK,True,
comunica,r01_region_record_count,w1000000_05,2,74320,1074319,1000000,2174,1,0.3397647039964795,OK,True,
comunica,r01_region_record_count,w1000000_05,2,74320,1074319,1000000,2174,2,0.3461485137231648,OK,True,
comunica,r01_region_record_count,w1000000_05,2,74320,1074319,1000000,2174,3,0.341161091811955,OK,True,
comunica,r01_region_record_count,w1000000_06,1,75477,1075476,1000000,2129,1,0.3912647138349712,OK,True,
comunica,r01_region_record_count,w1000000_06,1,75477,1075476,1000000,2129,2,0.3595419730991125,OK,True,
comunica,r01_region_record_count,w1000000_06,1,75477,1075476,1000000,2129,3,0.3594317580573261,OK,True,
comunica,r01_region_record_count,w1000000_07,1,15729,1015728,1000000,4427,1,0.4368430292233825,OK,True,
comunica,r01_region_record_count,w1000000_07,1,15729,1015728,1000000,4427,2,0.42685491498559713,OK,True,
comunica,r01_region_record_count,w1000000_07,1,15729,1015728,1000000,4427,3,0.42725103395059705,OK,True,
comunica,r01_region_record_count,w1000000_08,2,74268,1074267,1000000,2176,1,0.3412389266304672,OK,True,
comunica,r01_region_record_count,w1000000_08,2,74268,1074267,1000000,2176,2,0.35690912418067455,OK,True,
comunica,r01_region_record_count,w1000000_08,2,74268,1074267,1000000,2176,3,0.3476050980389118,OK,True,
comunica,r01_region_record_count,w1000000_09,1,33643,1033642,1000000,3738,1,0.40949625009670854,OK,True,
comunica,r01_region_record_count,w1000000_09,1,33643,1033642,1000000,3738,2,0.41828762786462903,OK,True,
comunica,r01_region_record_count,w1000000_09,1,33643,1033642,1000000,3738,3,0.4091266458854079,OK,True,
comunica,r01_region_record_count,w1000000_10,1,92507,1092506,1000000,1474,1,0.3280568686313927,OK,True,
comunica,r01_region_record_count,w1000000_10,1,92507,1092506,1000000,1474,2,0.3354203929193318,OK,True,
comunica,r01_region_record_count,w1000000_10,1,92507,1092506,1000000,1474,3,0.32985288882628083,OK,True,
comunica,r01_region_record_count,w1000000_11,1,121211,1121210,1000000,370,1,0.3020725091919303,OK,True,
comunica,r01_region_record_count,w1000000_11,1,121211,1121210,1000000,370,2,0.28533464297652245,OK,True,
comunica,r01_region_record_count,w1000000_11,1,121211,1121210,1000000,370,3,0.2799147800542414,OK,True,
comunica,r01_region_record_count,w1000000_12,1,77765,1077764,1000000,2041,1,0.3972033439204097,OK,True,
comunica,r01_region_record_count,w1000000_12,1,77765,1077764,1000000,2041,2,0.38509170804172754,OK,True,
comunica,r01_region_record_count,w1000000_12,1,77765,1077764,1000000,2041,3,0.37209367705509067,OK,True,
comunica,r01_region_record_count,w1000000_13,2,118494,1118493,1000000,475,1,0.29873490519821644,OK,True,
comunica,r01_region_record_count,w1000000_13,2,118494,1118493,1000000,475,2,0.2909707766957581,OK,True,
comunica,r01_region_record_count,w1000000_13,2,118494,1118493,1000000,475,3,0.2854083157144487,OK,True,
comunica,r01_region_record_count,w1000000_14,1,92143,1092142,1000000,1488,1,0.32643950497731566,OK,True,
comunica,r01_region_record_count,w1000000_14,1,92143,1092142,1000000,1488,2,0.32883168989792466,OK,True,
comunica,r01_region_record_count,w1000000_14,1,92143,1092142,1000000,1488,3,0.3290359149686992,OK,True,
comunica,r01_region_record_count,w1000000_15,1,125423,1125422,1000000,208,1,0.29799652472138405,OK,True,
comunica,r01_region_record_count,w1000000_15,1,125423,1125422,1000000,208,2,0.3194844420067966,OK,True,
comunica,r01_region_record_count,w1000000_15,1,125423,1125422,1000000,208,3,0.3098640819080174,OK,True,
comunica,r01_region_record_count,w1000000_16,2,99852,1099851,1000000,1192,1,0.32728116400539875,OK,True,
comunica,r01_region_record_count,w1000000_16,2,99852,1099851,1000000,1192,2,0.3148118248209357,OK,True,
comunica,r01_region_record_count,w1000000_16,2,99852,1099851,1000000,1192,3,0.3252845499664545,OK,True,
comunica,r01_region_record_count,w1000000_17,2,49334,1049333,1000000,3135,1,0.39909422723576427,OK,True,
comunica,r01_region_record_count,w1000000_17,2,49334,1049333,1000000,3135,2,0.38569069374352694,OK,True,
comunica,r01_region_record_count,w1000000_17,2,49334,1049333,1000000,3135,3,0.38772147335112095,OK,True,
comunica,r01_region_record_count,w1000000_18,1,74801,1074800,1000000,2155,1,0.34746643621474504,OK,True,
comunica,r01_region_record_count,w1000000_18,1,74801,1074800,1000000,2155,2,0.3700212063267827,OK,True,
comunica,r01_region_record_count,w1000000_18,1,74801,1074800,1000000,2155,3,0.36600230215117335,OK,True,
comunica,r01_region_record_count,w1000000_19,1,121003,1121002,1000000,378,1,0.2969553731381893,OK,True,
comunica,r01_region_record_count,w1000000_19,1,121003,1121002,1000000,378,2,0.2875746642239392,OK,True,
comunica,r01_region_record_count,w1000000_19,1,121003,1121002,1000000,378,3,0.28940447187051177,OK,True,
comunica,r01_region_record_count,w10000000_00,1,105481,10105480,10000000,975,1,0.31777082197368145,OK,True,
comunica,r01_region_record_count,w10000000_00,1,105481,10105480,10000000,975,2,0.336166940163821,OK,True,
comunica,r01_region_record_count,w10000000_00,1,105481,10105480,10000000,975,3,0.3224524608813226,OK,True,
comunica,r01_region_record_count,w10000000_01,1,37257,10037256,10000000,3599,1,0.43384953681379557,OK,True,
comunica,r01_region_record_count,w10000000_01,1,37257,10037256,10000000,3599,2,0.4299435163848102,OK,True,
comunica,r01_region_record_count,w10000000_01,1,37257,10037256,10000000,3599,3,0.4321468132548034,OK,True,
comunica,r01_region_record_count,w10000000_02,2,92130,10092129,10000000,1489,1,0.3423034781590104,OK,True,
comunica,r01_region_record_count,w10000000_02,2,92130,10092129,10000000,1489,2,0.34894856810569763,OK,True,
comunica,r01_region_record_count,w10000000_02,2,92130,10092129,10000000,1489,3,0.35299210995435715,OK,True,
comunica,r01_region_record_count,w10000000_03,1,25557,10025556,10000000,4049,1,0.45067894319072366,OK,True,
comunica,r01_region_record_count,w10000000_03,1,25557,10025556,10000000,4049,2,0.4550299854017794,OK,True,
comunica,r01_region_record_count,w10000000_03,1,25557,10025556,10000000,4049,3,0.4455541977658868,OK,True,
comunica,r01_region_record_count,w10000000_04,2,46604,10046603,10000000,3240,1,0.41275646770372987,OK,True,
comunica,r01_region_record_count,w10000000_04,2,46604,10046603,10000000,3240,2,0.4165141899138689,OK,True,
comunica,r01_region_record_count,w10000000_04,2,46604,10046603,10000000,3240,3,0.4133744239807129,OK,True,
comunica,r01_region_record_count,w10000000_05,1,49477,10049476,10000000,3129,1,0.41141741909086704,OK,True,
comunica,r01_region_record_count,w10000000_05,1,49477,10049476,10000000,3129,2,0.4238394950516522,OK,True,
comunica,r01_region_record_count,w10000000_05,1,49477,10049476,10000000,3129,3,0.43356155464425683,OK,True,
comunica,r01_region_record_count,w10000000_06,1,6499,10006498,10000000,4782,1,0.4895642879419029,OK,True,
comunica,r01_region_record_count,w10000000_06,1,6499,10006498,10000000,4782,2,0.48050538916140795,OK,True,
comunica,r01_region_record_count,w10000000_06,1,6499,10006498,10000000,4782,3,0.48319096909835935,OK,True,
comunica,r01_region_record_count,w10000000_07,2,47280,10047279,10000000,3214,1,0.4146044491790235,OK,True,
comunica,r01_region_record_count,w10000000_07,2,47280,10047279,10000000,3214,2,0.4117977083660662,OK,True,
comunica,r01_region_record_count,w10000000_07,2,47280,10047279,10000000,3214,3,0.41405063727870584,OK,True,
comunica,r01_region_record_count,w10000000_08,2,88724,10088723,10000000,1620,1,0.3526077698916197,OK,True,
comunica,r01_region_record_count,w10000000_08,2,88724,10088723,10000000,1620,2,0.34707492776215076,OK,True,
comunica,r01_region_record_count,w10000000_08,2,88724,10088723,10000000,1620,3,0.35634093591943383,OK,True,
comunica,r01_region_record_count,w10000000_09,2,69692,10069691,10000000,2352,1,0.4035699120722711,OK,True,
comunica,r01_region_record_count,w10000000_09,2,69692,10069691,10000000,2352,2,0.40070265671238303,OK,True,
comunica,r01_region_record_count,w10000000_09,2,69692,10069691,10000000,2352,3,0.56330904411152,OK,True,
comunica,r01_region_record_count,w10000000_10,1,51271,10051270,10000000,3060,1,0.39140292070806026,OK,True,
comunica,r01_region_record_count,w10000000_10,1,51271,10051270,10000000,3060,2,0.3847647849470377,OK,True,
comunica,r01_region_record_count,w10000000_10,1,51271,10051270,10000000,3060,3,0.391221028752625,OK,True,
comunica,r01_region_record_count,w10000000_11,1,116349,10116348,10000000,557,1,0.2819082229398191,OK,True,
comunica,r01_region_record_count,w10000000_11,1,116349,10116348,10000000,557,2,0.2830004426650703,OK,True,
comunica,r01_region_record_count,w10000000_11,1,116349,10116348,10000000,557,3,0.2795863472856581,OK,True,
comunica,r01_region_record_count,w10000000_12,1,121471,10121470,10000000,360,1,0.2738354755565524,OK,True,
comunica,r01_region_record_count,w10000000_12,1,121471,10121470,10000000,360,2,0.27223258558660746,OK,True,
comunica,r01_region_record_count,w10000000_12,1,121471,10121470,10000000,360,3,0.2712090308777988,OK,True,
comunica,r01_region_record_count,w10000000_13,2,115582,10115581,10000000,587,1,0.27625509910285473,OK,True,
comunica,r01_region_record_count,w10000000_13,2,115582,10115581,10000000,587,2,0.27247046399861574,OK,True,
comunica,r01_region_record_count,w10000000_13,2,115582,10115581,10000000,587,3,0.27827480202540755,OK,True,
comunica,r01_region_record_count,w10000000_14,2,74138,10074137,10000000,2181,1,0.3341406090185046,OK,True,
comunica,r01_region_record_count,w10000000_14,2,74138,10074137,10000000,2181,2,0.34754842706024647,OK,True,
comunica,r01_region_record_count,w10000000_14,2,74138,10074137,10000000,2181,3,0.34102811105549335,OK,True,
comunica,r01_region_record_count,w10000000_15,1,50231,10050230,10000000,3100,1,0.3787503647617996,OK,True,
comunica,r01_region_record_count,w10000000_15,1,50231,10050230,10000000,3100,2,0.37610303796827793,OK,True,
comunica,r01_region_record_count,w10000000_15,1,50231,10050230,10000000,3100,3,0.37214728398248553,OK,True,
comunica,r01_region_record_count,w10000000_16,1,20669,10020668,10000000,4237,1,0.41691705118864775,OK,True,
comunica,r01_region_record_count,w10000000_16,1,20669,10020668,10000000,4237,2,0.41480834735557437,OK,True,
comunica,r01_region_record_count,w10000000_16,1,20669,10020668,10000000,4237,3,0.414065171033144,OK,True,
comunica,r01_region_record_count,w10000000_17,1,66273,10066272,10000000,2483,1,0.3526744809933007,OK,True,
comunica,r01_region_record_count,w10000000_17,1,66273,10066272,10000000,2483,2,0.3503469992429018,OK,True,
comunica,r01_region_record_count,w10000000_17,1,66273,10066272,10000000,2483,3,0.3510595611296594,OK,True,
comunica,r01_region_record_count,w10000000_18,1,57745,10057744,10000000,2811,1,0.38082377798855305,OK,True,
comunica,r01_region_record_count,w10000000_18,1,57745,10057744,10000000,2811,2,0.37653401121497154,OK,True,
comunica,r01_region_record_count,w10000000_18,1,57745,10057744,10000000,2811,3,0.3710543434135616,OK,True,
comunica,r01_region_record_count,w10000000_19,1,102907,10102906,10000000,1074,1,0.3030742802657187,OK,True,
comunica,r01_region_record_count,w10000000_19,1,102907,10102906,10000000,1074,2,0.3328623129054904,OK,True,
comunica,r01_region_record_count,w10000000_19,1,102907,10102906,10000000,1074,3,0.32479499094188213,OK,True,
comunica,r02_region_variant_shape_counts,w1000_00,2,53546,54545,1000,39,1,1.6360420547425747,OK,True,
comunica,r02_region_variant_shape_counts,w1000_00,2,53546,54545,1000,39,2,1.5170885757543147,OK,True,
comunica,r02_region_variant_shape_counts,w1000_00,2,53546,54545,1000,39,3,1.4921873891726136,OK,True,
comunica,r02_region_variant_shape_counts,w1000_01,2,79858,80857,1000,39,1,1.4934262302704155,OK,True,
comunica,r02_region_variant_shape_counts,w1000_01,2,79858,80857,1000,39,2,1.5649848999455571,OK,True,
comunica,r02_region_variant_shape_counts,w1000_01,2,79858,80857,1000,39,3,1.4937281301245093,OK,True,
comunica,r02_region_variant_shape_counts,w1000_02,1,90739,91738,1000,39,1,1.4839791120029986,OK,True,
comunica,r02_region_variant_shape_counts,w1000_02,1,90739,91738,1000,39,2,1.505055253393948,OK,True,
comunica,r02_region_variant_shape_counts,w1000_02,1,90739,91738,1000,39,3,1.5234884889796376,OK,True,
comunica,r02_region_variant_shape_counts,w1000_03,2,44394,45393,1000,39,1,1.5764060807414353,OK,True,
comunica,r02_region_variant_shape_counts,w1000_03,2,44394,45393,1000,39,2,1.5139541812241077,OK,True,
comunica,r02_region_variant_shape_counts,w1000_03,2,44394,45393,1000,39,3,1.5176776251755655,OK,True,
comunica,r02_region_variant_shape_counts,w1000_04,1,7981,8980,1000,39,1,1.5755546200089157,OK,True,
comunica,r02_region_variant_shape_counts,w1000_04,1,7981,8980,1000,39,2,1.5364440008997917,OK,True,
comunica,r02_region_variant_shape_counts,w1000_04,1,7981,8980,1000,39,3,1.5560640371404588,OK,True,
comunica,r02_region_variant_shape_counts,w1000_05,1,110863,111862,1000,39,1,1.6191506050527096,OK,True,
comunica,r02_region_variant_shape_counts,w1000_05,1,110863,111862,1000,39,2,1.492624158039689,OK,True,
comunica,r02_region_variant_shape_counts,w1000_05,1,110863,111862,1000,39,3,1.5022143628448248,OK,True,
comunica,r02_region_variant_shape_counts,w1000_06,1,104311,105310,1000,39,1,1.5625342959538102,OK,True,
comunica,r02_region_variant_shape_counts,w1000_06,1,104311,105310,1000,39,2,1.5448706168681383,OK,True,
comunica,r02_region_variant_shape_counts,w1000_06,1,104311,105310,1000,39,3,1.5603303466923535,OK,True,
comunica,r02_region_variant_shape_counts,w1000_07,1,14091,15090,1000,39,1,1.6312213027849793,OK,True,
comunica,r02_region_variant_shape_counts,w1000_07,1,14091,15090,1000,39,2,1.6543392650783062,OK,True,
comunica,r02_region_variant_shape_counts,w1000_07,1,14091,15090,1000,39,3,1.6672222972847521,OK,True,
comunica,r02_region_variant_shape_counts,w1000_08,2,48996,49995,1000,39,1,1.5989085882902145,OK,True,
comunica,r02_region_variant_shape_counts,w1000_08,2,48996,49995,1000,39,2,1.5828174618072808,OK,True,
comunica,r02_region_variant_shape_counts,w1000_08,2,48996,49995,1000,39,3,1.6503505646251142,OK,True,
comunica,r02_region_variant_shape_counts,w1000_09,1,120145,121144,1000,39,1,1.5582665288820863,OK,True,
comunica,r02_region_variant_shape_counts,w1000_09,1,120145,121144,1000,39,2,1.5682137478142977,OK,True,
comunica,r02_region_variant_shape_counts,w1000_09,1,120145,121144,1000,39,3,1.562861543148756,OK,True,
comunica,r02_region_variant_shape_counts,w1000_10,2,73436,74435,1000,39,1,1.6022993731312454,OK,True,
comunica,r02_region_variant_shape_counts,w1000_10,2,73436,74435,1000,39,2,1.5882391761988401,OK,True,
comunica,r02_region_variant_shape_counts,w1000_10,2,73436,74435,1000,39,3,1.6499215099029243,OK,True,
comunica,r02_region_variant_shape_counts,w1000_11,1,41547,42546,1000,39,1,1.645572300069034,OK,True,
comunica,r02_region_variant_shape_counts,w1000_11,1,41547,42546,1000,39,2,1.6443339819088578,OK,True,
comunica,r02_region_variant_shape_counts,w1000_11,1,41547,42546,1000,39,3,1.6977308262139559,OK,True,
comunica,r02_region_variant_shape_counts,w1000_12,2,112670,113669,1000,39,1,1.6283834809437394,OK,True,
comunica,r02_region_variant_shape_counts,w1000_12,2,112670,113669,1000,39,2,1.6040168460458517,OK,True,
comunica,r02_region_variant_shape_counts,w1000_12,2,112670,113669,1000,39,3,1.6213711220771074,OK,True,
comunica,r02_region_variant_shape_counts,w1000_13,2,121328,122327,1000,39,1,1.5867749089375138,OK,True,
comunica,r02_region_variant_shape_counts,w1000_13,2,121328,122327,1000,39,2,1.6133061782456934,OK,True,
comunica,r02_region_variant_shape_counts,w1000_13,2,121328,122327,1000,39,3,1.67124057514593,OK,True,
comunica,r02_region_variant_shape_counts,w1000_14,2,128114,129113,1000,39,1,1.4402538589201868,OK,True,
comunica,r02_region_variant_shape_counts,w1000_14,2,128114,129113,1000,39,2,1.4476439589634538,OK,True,
comunica,r02_region_variant_shape_counts,w1000_14,2,128114,129113,1000,39,3,1.4371558791026473,OK,True,
comunica,r02_region_variant_shape_counts,w1000_15,1,56237,57236,1000,39,1,1.5004444071091712,OK,True,
comunica,r02_region_variant_shape_counts,w1000_15,1,56237,57236,1000,39,2,1.4844247186556458,OK,True,
comunica,r02_region_variant_shape_counts,w1000_15,1,56237,57236,1000,39,3,1.4939023070037365,OK,True,
comunica,r02_region_variant_shape_counts,w1000_16,1,65883,66882,1000,39,1,1.5262539708055556,OK,True,
comunica,r02_region_variant_shape_counts,w1000_16,1,65883,66882,1000,39,2,1.5026769191026688,OK,True,
comunica,r02_region_variant_shape_counts,w1000_16,1,65883,66882,1000,39,3,1.5112163061276078,OK,True,
comunica,r02_region_variant_shape_counts,w1000_17,2,13298,14297,1000,39,1,1.539270464796573,OK,True,
comunica,r02_region_variant_shape_counts,w1000_17,2,13298,14297,1000,39,2,1.5544880190864205,OK,True,
comunica,r02_region_variant_shape_counts,w1000_17,2,13298,14297,1000,39,3,1.527340843807906,OK,True,
comunica,r02_region_variant_shape_counts,w1000_18,2,32252,33251,1000,39,1,1.5228585740551353,OK,True,
comunica,r02_region_variant_shape_counts,w1000_18,2,32252,33251,1000,39,2,1.5197316743433475,OK,True,
comunica,r02_region_variant_shape_counts,w1000_18,2,32252,33251,1000,39,3,1.4702000338584185,OK,True,
comunica,r02_region_variant_shape_counts,w1000_19,1,96953,97952,1000,39,1,1.5086971777491271,OK,True,
comunica,r02_region_variant_shape_counts,w1000_19,1,96953,97952,1000,39,2,1.530748724937439,OK,True,
comunica,r02_region_variant_shape_counts,w1000_19,1,96953,97952,1000,39,3,1.4608986992388964,OK,True,
comunica,r02_region_variant_shape_counts,w100000_00,2,120002,220001,100000,417,1,1.4772675735875964,OK,True,
comunica,r02_region_variant_shape_counts,w100000_00,2,120002,220001,100000,417,2,1.5041081588715315,OK,True,
comunica,r02_region_variant_shape_counts,w100000_00,2,120002,220001,100000,417,3,1.4949853480793536,OK,True,
comunica,r02_region_variant_shape_counts,w100000_01,1,88763,188762,100000,1618,1,1.5464382348582149,OK,True,
comunica,r02_region_variant_shape_counts,w100000_01,1,88763,188762,100000,1618,2,1.5546498391777277,OK,True,
comunica,r02_region_variant_shape_counts,w100000_01,1,88763,188762,100000,1618,3,1.5832259031012654,OK,True,
comunica,r02_region_variant_shape_counts,w100000_02,1,52857,152856,100000,2999,1,1.5960266841575503,OK,True,
comunica,r02_region_variant_shape_counts,w100000_02,1,52857,152856,100000,2999,2,1.6385310147888958,OK,True,
comunica,r02_region_variant_shape_counts,w100000_02,1,52857,152856,100000,2999,3,1.7278729449026287,OK,True,
comunica,r02_region_variant_shape_counts,w100000_03,2,52324,152323,100000,3020,1,1.6202048738487065,OK,True,
comunica,r02_region_variant_shape_counts,w100000_03,2,52324,152323,100000,3020,2,1.6278604096733034,OK,True,
comunica,r02_region_variant_shape_counts,w100000_03,2,52324,152323,100000,3020,3,1.6420908961445093,OK,True,
comunica,r02_region_variant_shape_counts,w100000_04,2,34592,134591,100000,3702,1,1.6628439407795668,OK,True,
comunica,r02_region_variant_shape_counts,w100000_04,2,34592,134591,100000,3702,2,1.718406290281564,OK,True,
comunica,r02_region_variant_shape_counts,w100000_04,2,34592,134591,100000,3702,3,1.6792871509678662,OK,True,
comunica,r02_region_variant_shape_counts,w100000_05,1,53975,153974,100000,2956,1,1.6492261039093137,OK,True,
comunica,r02_region_variant_shape_counts,w100000_05,1,53975,153974,100000,2956,2,1.6431908649392426,OK,True,
comunica,r02_region_variant_shape_counts,w100000_05,1,53975,153974,100000,2956,3,1.7081860592588782,OK,True,
comunica,r02_region_variant_shape_counts,w100000_06,1,116323,216322,100000,558,1,1.597780573181808,OK,True,
comunica,r02_region_variant_shape_counts,w100000_06,1,116323,216322,100000,558,2,1.5806752871721983,OK,True,
comunica,r02_region_variant_shape_counts,w100000_06,1,116323,216322,100000,558,3,1.5888988389633596,OK,True,
comunica,r02_region_variant_shape_counts,w100000_07,2,54378,154377,100000,2941,1,1.6969273211434484,OK,True,
comunica,r02_region_variant_shape_counts,w100000_07,2,54378,154377,100000,2941,2,1.6789190471172333,OK,True,
comunica,r02_region_variant_shape_counts,w100000_07,2,54378,154377,100000,2941,3,1.7219921951182187,OK,True,
comunica,r02_region_variant_shape_counts,w100000_08,2,7188,107187,100000,3847,1,1.7428342970088124,OK,True,
comunica,r02_region_variant_shape_counts,w100000_08,2,7188,107187,100000,3847,2,1.8551817741245031,OK,True,
comunica,r02_region_variant_shape_counts,w100000_08,2,7188,107187,100000,3847,3,1.7509069093503058,OK,True,
comunica,r02_region_variant_shape_counts,w100000_09,2,111448,211447,100000,746,1,1.577163526788354,OK,True,
comunica,r02_region_variant_shape_counts,w100000_09,2,111448,211447,100000,746,2,1.5748086459934711,OK,True,
comunica,r02_region_variant_shape_counts,w100000_09,2,111448,211447,100000,746,3,1.5842371149919927,OK,True,
comunica,r02_region_variant_shape_counts,w100000_10,2,122134,222133,100000,335,1,1.6434152340516448,OK,True,
comunica,r02_region_variant_shape_counts,w100000_10,2,122134,222133,100000,335,2,1.6265808739699423,OK,True,
comunica,r02_region_variant_shape_counts,w100000_10,2,122134,222133,100000,335,3,1.6125518339686096,OK,True,
comunica,r02_region_variant_shape_counts,w100000_11,1,4159,104158,100000,3847,1,1.8207356901839375,OK,True,
comunica,r02_region_variant_shape_counts,w100000_11,1,4159,104158,100000,3847,2,1.8032876211218536,OK,True,
comunica,r02_region_variant_shape_counts,w100000_11,1,4159,104158,100000,3847,3,1.7989683779887855,OK,True,
comunica,r02_region_variant_shape_counts,w100000_12,2,13740,113739,100000,3847,1,1.84044068492949,OK,True,
comunica,r02_region_variant_shape_counts,w100000_12,2,13740,113739,100000,3847,2,1.8625664580613375,OK,True,
comunica,r02_region_variant_shape_counts,w100000_12,2,13740,113739,100000,3847,3,1.6258869809098542,OK,True,
comunica,r02_region_variant_shape_counts,w100000_13,2,91324,191323,100000,1520,1,1.5235185762867332,OK,True,
comunica,r02_region_variant_shape_counts,w100000_13,2,91324,191323,100000,1520,2,1.5429537291638553,OK,True,
comunica,r02_region_variant_shape_counts,w100000_13,2,91324,191323,100000,1520,3,1.6369327320717275,OK,True,
comunica,r02_region_variant_shape_counts,w100000_14,2,21254,121253,100000,3847,1,1.7235130639746785,OK,True,
comunica,r02_region_variant_shape_counts,w100000_14,2,21254,121253,100000,3847,2,1.6655031819827855,OK,True,
comunica,r02_region_variant_shape_counts,w100000_14,2,21254,121253,100000,3847,3,1.6573215397074819,OK,True,
comunica,r02_region_variant_shape_counts,w100000_15,1,111279,211278,100000,752,1,1.4777710759080946,OK,True,
comunica,r02_region_variant_shape_counts,w100000_15,1,111279,211278,100000,752,2,1.48641162738204,OK,True,
comunica,r02_region_variant_shape_counts,w100000_15,1,111279,211278,100000,752,3,1.4913210519589484,OK,True,
comunica,r02_region_variant_shape_counts,w100000_16,1,113957,213956,100000,649,1,1.4746197378262877,OK,True,
comunica,r02_region_variant_shape_counts,w100000_16,1,113957,213956,100000,649,2,1.5095486398786306,OK,True,
comunica,r02_region_variant_shape_counts,w100000_16,1,113957,213956,100000,649,3,1.5008047856390476,OK,True,
comunica,r02_region_variant_shape_counts,w100000_17,1,26389,126388,100000,3847,1,1.6118187666870654,OK,True,
comunica,r02_region_variant_shape_counts,w100000_17,1,26389,126388,100000,3847,2,1.6077567711472511,OK,True,
comunica,r02_region_variant_shape_counts,w100000_17,1,26389,126388,100000,3847,3,1.6599378800019622,OK,True,
comunica,r02_region_variant_shape_counts,w100000_18,2,62074,162073,100000,2645,1,1.6021812846884131,OK,True,
comunica,r02_region_variant_shape_counts,w100000_18,2,62074,162073,100000,2645,2,1.5717921983450651,OK,True,
comunica,r02_region_variant_shape_counts,w100000_18,2,62074,162073,100000,2645,3,1.5634388262405992,OK,True,
comunica,r02_region_variant_shape_counts,w100000_19,1,99683,199682,100000,1198,1,1.520789761096239,OK,True,
comunica,r02_region_variant_shape_counts,w100000_19,1,99683,199682,100000,1198,2,1.5537875588051975,OK,True,
comunica,r02_region_variant_shape_counts,w100000_19,1,99683,199682,100000,1198,3,1.5859095249325037,OK,True,
comunica,r02_region_variant_shape_counts,w1000000_00,2,77700,1077699,1000000,2044,1,1.5783582171425223,OK,True,
comunica,r02_region_variant_shape_counts,w1000000_00,2,77700,1077699,1000000,2044,2,1.5695559419691563,OK,True,
comunica,r02_region_variant_shape_counts,w1000000_00,2,77700,1077699,1000000,2044,3,1.602921628858894,OK,True,
comunica,r02_region_variant_shape_counts,w1000000_01,2,14260,1014259,1000000,4484,1,1.6951223658397794,OK,True,
comunica,r02_region_variant_shape_counts,w1000000_01,2,14260,1014259,1000000,4484,2,1.7145569883286953,OK,True,
comunica,r02_region_variant_shape_counts,w1000000_01,2,14260,1014259,1000000,4484,3,1.6788713419809937,OK,True,
comunica,r02_region_variant_shape_counts,w1000000_02,2,39428,1039427,1000000,3516,1,1.6435257629491389,OK,True,
comunica,r02_region_variant_shape_counts,w1000000_02,2,39428,1039427,1000000,3516,2,1.7136826859787107,OK,True,
comunica,r02_region_variant_shape_counts,w1000000_02,2,39428,1039427,1000000,3516,3,1.6893849661573768,OK,True,
comunica,r02_region_variant_shape_counts,w1000000_03,2,121614,1121613,1000000,355,1,1.5207223389297724,OK,True,
comunica,r02_region_variant_shape_counts,w1000000_03,2,121614,1121613,1000000,355,2,1.6209036181680858,OK,True,
comunica,r02_region_variant_shape_counts,w1000000_03,2,121614,1121613,1000000,355,3,1.5418342109769583,OK,True,
comunica,r02_region_variant_shape_counts,w1000000_04,2,45980,1045979,1000000,3264,1,1.7343142507597804,OK,True,
comunica,r02_region_variant_shape_counts,w1000000_04,2,45980,1045979,1000000,3264,2,1.6906385263428092,OK,True,
comunica,r02_region_variant_shape_counts,w1000000_04,2,45980,1045979,1000000,3264,3,1.6879600510001183,OK,True,
comunica,r02_region_variant_shape_counts,w1000000_05,2,74320,1074319,1000000,2174,1,1.6814806149341166,OK,True,
comunica,r02_region_variant_shape_counts,w1000000_05,2,74320,1074319,1000000,2174,2,1.6378316399641335,OK,True,
comunica,r02_region_variant_shape_counts,w1000000_05,2,74320,1074319,1000000,2174,3,1.6573555832728744,OK,True,
comunica,r02_region_variant_shape_counts,w1000000_06,1,75477,1075476,1000000,2129,1,1.653615462128073,OK,True,
comunica,r02_region_variant_shape_counts,w1000000_06,1,75477,1075476,1000000,2129,2,1.7132208729162812,OK,True,
comunica,r02_region_variant_shape_counts,w1000000_06,1,75477,1075476,1000000,2129,3,1.6549205058254302,OK,True,
comunica,r02_region_variant_shape_counts,w1000000_07,1,15729,1015728,1000000,4427,1,1.8243437930941582,OK,True,
comunica,r02_region_variant_shape_counts,w1000000_07,1,15729,1015728,1000000,4427,2,1.811778400093317,OK,True,
comunica,r02_region_variant_shape_counts,w1000000_07,1,15729,1015728,1000000,4427,3,1.7734598061069846,OK,True,
comunica,r02_region_variant_shape_counts,w1000000_08,2,74268,1074267,1000000,2176,1,1.6789860832504928,OK,True,
comunica,r02_region_variant_shape_counts,w1000000_08,2,74268,1074267,1000000,2176,2,1.6794531443156302,OK,True,
comunica,r02_region_variant_shape_counts,w1000000_08,2,74268,1074267,1000000,2176,3,1.721139675937593,OK,True,
comunica,r02_region_variant_shape_counts,w1000000_09,1,33643,1033642,1000000,3738,1,1.8039635559543967,OK,True,
comunica,r02_region_variant_shape_counts,w1000000_09,1,33643,1033642,1000000,3738,2,1.8346718116663396,OK,True,
comunica,r02_region_variant_shape_counts,w1000000_09,1,33643,1033642,1000000,3738,3,1.7597818598151207,OK,True,
comunica,r02_region_variant_shape_counts,w1000000_10,1,92507,1092506,1000000,1474,1,1.662943352945149,OK,True,
comunica,r02_region_variant_shape_counts,w1000000_10,1,92507,1092506,1000000,1474,2,1.6885609710589051,OK,True,
comunica,r02_region_variant_shape_counts,w1000000_10,1,92507,1092506,1000000,1474,3,1.6681899139657617,OK,True,
comunica,r02_region_variant_shape_counts,w1000000_11,1,121211,1121210,1000000,370,1,1.7203132738359272,OK,True,
comunica,r02_region_variant_shape_counts,w1000000_11,1,121211,1121210,1000000,370,2,1.4723539189435542,OK,True,
comunica,r02_region_variant_shape_counts,w1000000_11,1,121211,1121210,1000000,370,3,1.470568411052227,OK,True,
comunica,r02_region_variant_shape_counts,w1000000_12,1,77765,1077764,1000000,2041,1,1.5594436610117555,OK,True,
comunica,r02_region_variant_shape_counts,w1000000_12,1,77765,1077764,1000000,2041,2,1.6266476227901876,OK,True,
comunica,r02_region_variant_shape_counts,w1000000_12,1,77765,1077764,1000000,2041,3,1.614540264941752,OK,True,
comunica,r02_region_variant_shape_counts,w1000000_13,2,118494,1118493,1000000,475,1,1.4436734737828374,OK,True,
comunica,r02_region_variant_shape_counts,w1000000_13,2,118494,1118493,1000000,475,2,1.4473980451002717,OK,True,
comunica,r02_region_variant_shape_counts,w1000000_13,2,118494,1118493,1000000,475,3,1.4783021369948983,OK,True,
comunica,r02_region_variant_shape_counts,w1000000_14,1,92143,1092142,1000000,1488,1,1.5858252858743072,OK,True,
comunica,r02_region_variant_shape_counts,w1000000_14,1,92143,1092142,1000000,1488,2,1.531359599903226,OK,True,
comunica,r02_region_variant_shape_counts,w1000000_14,1,92143,1092142,1000000,1488,3,1.5554648246616125,OK,True,
comunica,r02_region_variant_shape_counts,w1000000_15,1,125423,1125422,1000000,208,1,1.4633190650492907,OK,True,
comunica,r02_region_variant_shape_counts,w1000000_15,1,125423,1125422,1000000,208,2,1.4301320370286703,OK,True,
comunica,r02_region_variant_shape_counts,w1000000_15,1,125423,1125422,1000000,208,3,1.507887230720371,OK,True,
comunica,r02_region_variant_shape_counts,w1000000_16,2,99852,1099851,1000000,1192,1,1.4946186267770827,OK,True,
comunica,r02_region_variant_shape_counts,w1000000_16,2,99852,1099851,1000000,1192,2,1.4681453458033502,OK,True,
comunica,r02_region_variant_shape_counts,w1000000_16,2,99852,1099851,1000000,1192,3,1.4796617212705314,OK,True,
comunica,r02_region_variant_shape_counts,w1000000_17,2,49334,1049333,1000000,3135,1,1.5930017391219735,OK,True,
comunica,r02_region_variant_shape_counts,w1000000_17,2,49334,1049333,1000000,3135,2,1.5921544381417334,OK,True,
comunica,r02_region_variant_shape_counts,w1000000_17,2,49334,1049333,1000000,3135,3,1.6140166078694165,OK,True,
comunica,r02_region_variant_shape_counts,w1000000_18,1,74801,1074800,1000000,2155,1,1.558940714225173,OK,True,
comunica,r02_region_variant_shape_counts,w1000000_18,1,74801,1074800,1000000,2155,2,1.5373718771152198,OK,True,
comunica,r02_region_variant_shape_counts,w1000000_18,1,74801,1074800,1000000,2155,3,1.5643158326856792,OK,True,
comunica,r02_region_variant_shape_counts,w1000000_19,1,121003,1121002,1000000,378,1,1.5185737516731024,OK,True,
comunica,r02_region_variant_shape_counts,w1000000_19,1,121003,1121002,1000000,378,2,1.519221463240683,OK,True,
comunica,r02_region_variant_shape_counts,w1000000_19,1,121003,1121002,1000000,378,3,1.5203639082610607,OK,True,
comunica,r02_region_variant_shape_counts,w10000000_00,1,105481,10105480,10000000,975,1,1.543390444945544,OK,True,
comunica,r02_region_variant_shape_counts,w10000000_00,1,105481,10105480,10000000,975,2,1.5734637710265815,OK,True,
comunica,r02_region_variant_shape_counts,w10000000_00,1,105481,10105480,10000000,975,3,1.5850719399750233,OK,True,
comunica,r02_region_variant_shape_counts,w10000000_01,1,37257,10037256,10000000,3599,1,1.72126350319013,OK,True,
comunica,r02_region_variant_shape_counts,w10000000_01,1,37257,10037256,10000000,3599,2,1.701081515289843,OK,True,
comunica,r02_region_variant_shape_counts,w10000000_01,1,37257,10037256,10000000,3599,3,1.68993803486228,OK,True,
comunica,r02_region_variant_shape_counts,w10000000_02,2,92130,10092129,10000000,1489,1,1.6485535819083452,OK,True,
comunica,r02_region_variant_shape_counts,w10000000_02,2,92130,10092129,10000000,1489,2,1.5912056849338114,OK,True,
comunica,r02_region_variant_shape_counts,w10000000_02,2,92130,10092129,10000000,1489,3,1.587191651109606,OK,True,
comunica,r02_region_variant_shape_counts,w10000000_03,1,25557,10025556,10000000,4049,1,1.7578826188109815,OK,True,
comunica,r02_region_variant_shape_counts,w10000000_03,1,25557,10025556,10000000,4049,2,1.7297309669665992,OK,True,
comunica,r02_region_variant_shape_counts,w10000000_03,1,25557,10025556,10000000,4049,3,1.7337296586483717,OK,True,
comunica,r02_region_variant_shape_counts,w10000000_04,2,46604,10046603,10000000,3240,1,1.8134200652129948,OK,True,
comunica,r02_region_variant_shape_counts,w10000000_04,2,46604,10046603,10000000,3240,2,1.8277438920922577,OK,True,
comunica,r02_region_variant_shape_counts,w10000000_04,2,46604,10046603,10000000,3240,3,1.745563741773367,OK,True,
comunica,r02_region_variant_shape_counts,w10000000_05,1,49477,10049476,10000000,3129,1,1.6969491452910006,OK,True,
comunica,r02_region_variant_shape_counts,w10000000_05,1,49477,10049476,10000000,3129,2,1.70316116604954,OK,True,
comunica,r02_region_variant_shape_counts,w10000000_05,1,49477,10049476,10000000,3129,3,1.804071867838502,OK,True,
comunica,r02_region_variant_shape_counts,w10000000_06,1,6499,10006498,10000000,4782,1,1.7558084460906684,OK,True,
comunica,r02_region_variant_shape_counts,w10000000_06,1,6499,10006498,10000000,4782,2,1.758090570103377,OK,True,
comunica,r02_region_variant_shape_counts,w10000000_06,1,6499,10006498,10000000,4782,3,1.8435637201182544,OK,True,
comunica,r02_region_variant_shape_counts,w10000000_07,2,47280,10047279,10000000,3214,1,1.6979450560174882,OK,True,
comunica,r02_region_variant_shape_counts,w10000000_07,2,47280,10047279,10000000,3214,2,1.7674231277778745,OK,True,
comunica,r02_region_variant_shape_counts,w10000000_07,2,47280,10047279,10000000,3214,3,1.8799755182117224,OK,True,
comunica,r02_region_variant_shape_counts,w10000000_08,2,88724,10088723,10000000,1620,1,1.7593420431949198,OK,True,
comunica,r02_region_variant_shape_counts,w10000000_08,2,88724,10088723,10000000,1620,2,1.6590666230767965,OK,True,
comunica,r02_region_variant_shape_counts,w10000000_08,2,88724,10088723,10000000,1620,3,1.6608282886445522,OK,True,
comunica,r02_region_variant_shape_counts,w10000000_09,2,69692,10069691,10000000,2352,1,1.7052391720935702,OK,True,
comunica,r02_region_variant_shape_counts,w10000000_09,2,69692,10069691,10000000,2352,2,1.712535492144525,OK,True,
comunica,r02_region_variant_shape_counts,w10000000_09,2,69692,10069691,10000000,2352,3,1.750121015124023,OK,True,
comunica,r02_region_variant_shape_counts,w10000000_10,1,51271,10051270,10000000,3060,1,1.64819749398157,OK,True,
comunica,r02_region_variant_shape_counts,w10000000_10,1,51271,10051270,10000000,3060,2,1.5776284043677151,OK,True,
comunica,r02_region_variant_shape_counts,w10000000_10,1,51271,10051270,10000000,3060,3,1.5846119672060013,OK,True,
comunica,r02_region_variant_shape_counts,w10000000_11,1,116349,10116348,10000000,557,1,1.494495785329491,OK,True,
comunica,r02_region_variant_shape_counts,w10000000_11,1,116349,10116348,10000000,557,2,1.482814562972635,OK,True,
comunica,r02_region_variant_shape_counts,w10000000_11,1,116349,10116348,10000000,557,3,1.4820773196406662,OK,True,
comunica,r02_region_variant_shape_counts,w10000000_12,1,121471,10121470,10000000,360,1,1.4621699079871178,OK,True,
comunica,r02_region_variant_shape_counts,w10000000_12,1,121471,10121470,10000000,360,2,1.4550484959036112,OK,True,
comunica,r02_region_variant_shape_counts,w10000000_12,1,121471,10121470,10000000,360,3,1.4487318289466202,OK,True,
comunica,r02_region_variant_shape_counts,w10000000_13,2,115582,10115581,10000000,587,1,1.5106747490353882,OK,True,
comunica,r02_region_variant_shape_counts,w10000000_13,2,115582,10115581,10000000,587,2,1.4841106641106308,OK,True,
comunica,r02_region_variant_shape_counts,w10000000_13,2,115582,10115581,10000000,587,3,1.457040695939213,OK,True,
comunica,r02_region_variant_shape_counts,w10000000_14,2,74138,10074137,10000000,2181,1,1.5784690780565143,OK,True,
comunica,r02_region_variant_shape_counts,w10000000_14,2,74138,10074137,10000000,2181,2,1.5871809152886271,OK,True,
comunica,r02_region_variant_shape_counts,w10000000_14,2,74138,10074137,10000000,2181,3,1.574473257176578,OK,True,
comunica,r02_region_variant_shape_counts,w10000000_15,1,50231,10050230,10000000,3100,1,1.6015150099992752,OK,True,
comunica,r02_region_variant_shape_counts,w10000000_15,1,50231,10050230,10000000,3100,2,1.6127602299675345,OK,True,
comunica,r02_region_variant_shape_counts,w10000000_15,1,50231,10050230,10000000,3100,3,1.6176272346638143,OK,True,
comunica,r02_region_variant_shape_counts,w10000000_16,1,20669,10020668,10000000,4237,1,1.6386363157071173,OK,True,
comunica,r02_region_variant_shape_counts,w10000000_16,1,20669,10020668,10000000,4237,2,1.6720716361887753,OK,True,
comunica,r02_region_variant_shape_counts,w10000000_16,1,20669,10020668,10000000,4237,3,1.6952041718177497,OK,True,
comunica,r02_region_variant_shape_counts,w10000000_17,1,66273,10066272,10000000,2483,1,1.5894704777747393,OK,True,
comunica,r02_region_variant_shape_counts,w10000000_17,1,66273,10066272,10000000,2483,2,1.6566783827729523,OK,True,
comunica,r02_region_variant_shape_counts,w10000000_17,1,66273,10066272,10000000,2483,3,1.568883589003235,OK,True,
comunica,r02_region_variant_shape_counts,w10000000_18,1,57745,10057744,10000000,2811,1,1.5892221578396857,OK,True,
comunica,r02_region_variant_shape_counts,w10000000_18,1,57745,10057744,10000000,2811,2,1.6004412779584527,OK,True,
comunica,r02_region_variant_shape_counts,w10000000_18,1,57745,10057744,10000000,2811,3,1.6545126107521355,OK,True,
comunica,r02_region_variant_shape_counts,w10000000_19,1,102907,10102906,10000000,1074,1,1.5992044750601053,OK,True,
comunica,r02_region_variant_shape_counts,w10000000_19,1,102907,10102906,10000000,1074,2,1.5295453080907464,OK,True,
comunica,r02_region_variant_shape_counts,w10000000_19,1,102907,10102906,10000000,1074,3,1.544567032251507,OK,True,
comunica,r03_region_titv,w1000_00,2,53546,54545,1000,39,1,0.9123790110461414,OK,True,
comunica,r03_region_titv,w1000_00,2,53546,54545,1000,39,2,0.8900147057138383,OK,True,
comunica,r03_region_titv,w1000_00,2,53546,54545,1000,39,3,0.9089380828663707,OK,True,
comunica,r03_region_titv,w1000_01,2,79858,80857,1000,39,1,0.9057737053371966,OK,True,
comunica,r03_region_titv,w1000_01,2,79858,80857,1000,39,2,0.8927124752663076,OK,True,
comunica,r03_region_titv,w1000_01,2,79858,80857,1000,39,3,0.8819558997638524,OK,True,
comunica,r03_region_titv,w1000_02,1,90739,91738,1000,39,1,0.9177691829390824,OK,True,
comunica,r03_region_titv,w1000_02,1,90739,91738,1000,39,2,0.9977502380497754,OK,True,
comunica,r03_region_titv,w1000_02,1,90739,91738,1000,39,3,0.8996486640535295,OK,True,
comunica,r03_region_titv,w1000_03,2,44394,45393,1000,39,1,0.92932064877823,OK,True,
comunica,r03_region_titv,w1000_03,2,44394,45393,1000,39,2,0.9074123441241682,OK,True,
comunica,r03_region_titv,w1000_03,2,44394,45393,1000,39,3,0.9197581117041409,OK,True,
comunica,r03_region_titv,w1000_04,1,7981,8980,1000,39,1,0.9172063828445971,OK,True,
comunica,r03_region_titv,w1000_04,1,7981,8980,1000,39,2,0.895834103692323,OK,True,
comunica,r03_region_titv,w1000_04,1,7981,8980,1000,39,3,0.9602407859638333,OK,True,
comunica,r03_region_titv,w1000_05,1,110863,111862,1000,39,1,0.9184171208180487,OK,True,
comunica,r03_region_titv,w1000_05,1,110863,111862,1000,39,2,0.9115084409713745,OK,True,
comunica,r03_region_titv,w1000_05,1,110863,111862,1000,39,3,0.9010798307135701,OK,True,
comunica,r03_region_titv,w1000_06,1,104311,105310,1000,39,1,0.9202337069436908,OK,True,
comunica,r03_region_titv,w1000_06,1,104311,105310,1000,39,2,0.9571916330605745,OK,True,
comunica,r03_region_titv,w1000_06,1,104311,105310,1000,39,3,0.9471393870189786,OK,True,
comunica,r03_region_titv,w1000_07,1,14091,15090,1000,39,1,0.9434416368603706,OK,True,
comunica,r03_region_titv,w1000_07,1,14091,15090,1000,39,2,0.9616982406005263,OK,True,
comunica,r03_region_titv,w1000_07,1,14091,15090,1000,39,3,0.9970658840611577,OK,True,
comunica,r03_region_titv,w1000_08,2,48996,49995,1000,39,1,0.9480441720224917,OK,True,
comunica,r03_region_titv,w1000_08,2,48996,49995,1000,39,2,1.1035464690066874,OK,True,
comunica,r03_region_titv,w1000_08,2,48996,49995,1000,39,3,0.8888863162137568,OK,True,
comunica,r03_region_titv,w1000_09,1,120145,121144,1000,39,1,0.8529435233213007,OK,True,
comunica,r03_region_titv,w1000_09,1,120145,121144,1000,39,2,0.860296918079257,OK,True,
comunica,r03_region_titv,w1000_09,1,120145,121144,1000,39,3,0.8539187861606479,OK,True,
comunica,r03_region_titv,w1000_10,2,73436,74435,1000,39,1,0.8770294161513448,OK,True,
comunica,r03_region_titv,w1000_10,2,73436,74435,1000,39,2,0.8744199252687395,OK,True,
comunica,r03_region_titv,w1000_10,2,73436,74435,1000,39,3,0.867600099183619,OK,True,
comunica,r03_region_titv,w1000_11,1,41547,42546,1000,39,1,0.8670998848974705,OK,True,
comunica,r03_region_titv,w1000_11,1,41547,42546,1000,39,2,0.8552113496698439,OK,True,
comunica,r03_region_titv,w1000_11,1,41547,42546,1000,39,3,0.9201808790676296,OK,True,
comunica,r03_region_titv,w1000_12,2,112670,113669,1000,39,1,0.8663272131234407,OK,True,
comunica,r03_region_titv,w1000_12,2,112670,113669,1000,39,2,0.8438747730106115,OK,True,
comunica,r03_region_titv,w1000_12,2,112670,113669,1000,39,3,0.8237623716704547,OK,True,
comunica,r03_region_titv,w1000_13,2,121328,122327,1000,39,1,0.8400002080015838,OK,True,
comunica,r03_region_titv,w1000_13,2,121328,122327,1000,39,2,0.8388341516256332,OK,True,
comunica,r03_region_titv,w1000_13,2,121328,122327,1000,39,3,0.8772536809556186,OK,True,
comunica,r03_region_titv,w1000_14,2,128114,129113,1000,39,1,0.8527475646696985,OK,True,
comunica,r03_region_titv,w1000_14,2,128114,129113,1000,39,2,0.8511160216294229,OK,True,
comunica,r03_region_titv,w1000_14,2,128114,129113,1000,39,3,0.842010862659663,OK,True,
comunica,r03_region_titv,w1000_15,1,56237,57236,1000,39,1,0.857686557341367,OK,True,
comunica,r03_region_titv,w1000_15,1,56237,57236,1000,39,2,0.8760508429259062,OK,True,
comunica,r03_region_titv,w1000_15,1,56237,57236,1000,39,3,0.8802615250460804,OK,True,
comunica,r03_region_titv,w1000_16,1,65883,66882,1000,39,1,0.8706811792217195,OK,True,
comunica,r03_region_titv,w1000_16,1,65883,66882,1000,39,2,0.8942372188903391,OK,True,
comunica,r03_region_titv,w1000_16,1,65883,66882,1000,39,3,0.891437484882772,OK,True,
comunica,r03_region_titv,w1000_17,2,13298,14297,1000,39,1,0.8910317728295922,OK,True,
comunica,r03_region_titv,w1000_17,2,13298,14297,1000,39,2,0.8916448811069131,OK,True,
comunica,r03_region_titv,w1000_17,2,13298,14297,1000,39,3,0.9090190869756043,OK,True,
comunica,r03_region_titv,w1000_18,2,32252,33251,1000,39,1,0.9035247196443379,OK,True,
comunica,r03_region_titv,w1000_18,2,32252,33251,1000,39,2,0.8669239850714803,OK,True,
comunica,r03_region_titv,w1000_18,2,32252,33251,1000,39,3,0.8972081090323627,OK,True,
comunica,r03_region_titv,w1000_19,1,96953,97952,1000,39,1,0.8677846593782306,OK,True,
comunica,r03_region_titv,w1000_19,1,96953,97952,1000,39,2,0.9122871407307684,OK,True,
comunica,r03_region_titv,w1000_19,1,96953,97952,1000,39,3,0.8990004942752421,OK,True,
comunica,r03_region_titv,w100000_00,2,120002,220001,100000,417,1,0.9235615679062903,OK,True,
comunica,r03_region_titv,w100000_00,2,120002,220001,100000,417,2,0.9502975977957249,OK,True,
comunica,r03_region_titv,w100000_00,2,120002,220001,100000,417,3,0.9316967860795557,OK,True,
comunica,r03_region_titv,w100000_01,1,88763,188762,100000,1618,1,1.0415500039234757,OK,True,
comunica,r03_region_titv,w100000_01,1,88763,188762,100000,1618,2,1.046102583874017,OK,True,
comunica,r03_region_titv,w100000_01,1,88763,188762,100000,1618,3,1.01065383432433,OK,True,
comunica,r03_region_titv,w100000_02,1,52857,152856,100000,2999,1,1.1050529791973531,OK,True,
comunica,r03_region_titv,w100000_02,1,52857,152856,100000,2999,2,1.0972549668513238,OK,True,
comunica,r03_region_titv,w100000_02,1,52857,152856,100000,2999,3,1.1165335848927498,OK,True,
comunica,r03_region_titv,w100000_03,2,52324,152323,100000,3020,1,1.2094910736195743,OK,True,
comunica,r03_region_titv,w100000_03,2,52324,152323,100000,3020,2,1.2285381914116442,OK,True,
comunica,r03_region_titv,w100000_03,2,52324,152323,100000,3020,3,1.2334654070436954,OK,True,
comunica,r03_region_titv,w100000_04,2,34592,134591,100000,3702,1,1.3110644659027457,OK,True,
comunica,r03_region_titv,w100000_04,2,34592,134591,100000,3702,2,1.2840164140798151,OK,True,
comunica,r03_region_titv,w100000_04,2,34592,134591,100000,3702,3,1.2928155679255724,OK,True,
comunica,r03_region_titv,w100000_05,1,53975,153974,100000,2956,1,1.1520631019957364,OK,True,
comunica,r03_region_titv,w100000_05,1,53975,153974,100000,2956,2,1.131219472270459,OK,True,
comunica,r03_region_titv,w100000_05,1,53975,153974,100000,2956,3,1.1256209257990122,OK,True,
comunica,r03_region_titv,w100000_06,1,116323,216322,100000,558,1,0.9691700730472803,OK,True,
comunica,r03_region_titv,w100000_06,1,116323,216322,100000,558,2,0.9788540136069059,OK,True,
comunica,r03_region_titv,w100000_06,1,116323,216322,100000,558,3,0.9865392581559718,OK,True,
comunica,r03_region_titv,w100000_07,2,54378,154377,100000,2941,1,1.376940478105098,OK,True,
comunica,r03_region_titv,w100000_07,2,54378,154377,100000,2941,2,1.1349701378494501,OK,True,
comunica,r03_region_titv,w100000_07,2,54378,154377,100000,2941,3,1.1231058328412473,OK,True,
comunica,r03_region_titv,w100000_08,2,7188,107187,100000,3847,1,1.2098531229421496,OK,True,
comunica,r03_region_titv,w100000_08,2,7188,107187,100000,3847,2,1.1900205751881003,OK,True,
comunica,r03_region_titv,w100000_08,2,7188,107187,100000,3847,3,1.1846505012363195,OK,True,
comunica,r03_region_titv,w100000_09,2,111448,211447,100000,746,1,0.8990590791217983,OK,True,
comunica,r03_region_titv,w100000_09,2,111448,211447,100000,746,2,0.9028417910449207,OK,True,
comunica,r03_region_titv,w100000_09,2,111448,211447,100000,746,3,0.9051466346718371,OK,True,
comunica,r03_region_titv,w100000_10,2,122134,222133,100000,335,1,0.8656279700808227,OK,True,
comunica,r03_region_titv,w100000_10,2,122134,222133,100000,335,2,0.8827517540194094,OK,True,
comunica,r03_region_titv,w100000_10,2,122134,222133,100000,335,3,0.9449844597838819,OK,True,
comunica,r03_region_titv,w100000_11,1,4159,104158,100000,3847,1,1.112894434016198,OK,True,
comunica,r03_region_titv,w100000_11,1,4159,104158,100000,3847,2,1.091181306168437,OK,True,
comunica,r03_region_titv,w100000_11,1,4159,104158,100000,3847,3,1.0923836291767657,OK,True,
comunica,r03_region_titv,w100000_12,2,13740,113739,100000,3847,1,1.1736869127489626,OK,True,
comunica,r03_region_titv,w100000_12,2,13740,113739,100000,3847,2,1.2155653522349894,OK,True,
comunica,r03_region_titv,w100000_12,2,13740,113739,100000,3847,3,1.2558939568698406,OK,True,
comunica,r03_region_titv,w100000_13,2,91324,191323,100000,1520,1,0.9960375209338963,OK,True,
comunica,r03_region_titv,w100000_13,2,91324,191323,100000,1520,2,1.0057232729159296,OK,True,
comunica,r03_region_titv,w100000_13,2,91324,191323,100000,1520,3,0.9948007217608392,OK,True,
comunica,r03_region_titv,w100000_14,2,21254,121253,100000,3847,1,1.3325832011178136,OK,True,
comunica,r03_region_titv,w100000_14,2,21254,121253,100000,3847,2,1.2012933492660522,OK,True,
comunica,r03_region_titv,w100000_14,2,21254,121253,100000,3847,3,1.2059432547539473,OK,True,
comunica,r03_region_titv,w100000_15,1,111279,211278,100000,752,1,0.9158550063148141,OK,True,
comunica,r03_region_titv,w100000_15,1,111279,211278,100000,752,2,1.0767448521219194,OK,True,
comunica,r03_region_titv,w100000_15,1,111279,211278,100000,752,3,0.9847930022515357,OK,True,
comunica,r03_region_titv,w100000_16,1,113957,213956,100000,649,1,0.904190044850111,OK,True,
comunica,r03_region_titv,w100000_16,1,113957,213956,100000,649,2,0.9009841899387538,OK,True,
comunica,r03_region_titv,w100000_16,1,113957,213956,100000,649,3,0.8842756547965109,OK,True,
comunica,r03_region_titv,w100000_17,1,26389,126388,100000,3847,1,1.0855872775427997,OK,True,
comunica,r03_region_titv,w100000_17,1,26389,126388,100000,3847,2,1.1150644961744547,OK,True,
comunica,r03_region_titv,w100000_17,1,26389,126388,100000,3847,3,1.1390516557730734,OK,True,
comunica,r03_region_titv,w100000_18,2,62074,162073,100000,2645,1,1.0871631088666618,OK,True,
comunica,r03_region_titv,w100000_18,2,62074,162073,100000,2645,2,1.1084369882009923,OK,True,
comunica,r03_region_titv,w100000_18,2,62074,162073,100000,2645,3,1.0904683358967304,OK,True,
comunica,r03_region_titv,w100000_19,1,99683,199682,100000,1198,1,0.9569185390137136,OK,True,
comunica,r03_region_titv,w100000_19,1,99683,199682,100000,1198,2,0.931638415902853,OK,True,
comunica,r03_region_titv,w100000_19,1,99683,199682,100000,1198,3,0.9092907528392971,OK,True,
comunica,r03_region_titv,w1000000_00,2,77700,1077699,1000000,2044,1,1.0730175483040512,OK,True,
comunica,r03_region_titv,w1000000_00,2,77700,1077699,1000000,2044,2,1.0573493209667504,OK,True,
comunica,r03_region_titv,w1000000_00,2,77700,1077699,1000000,2044,3,1.0264005069620907,OK,True,
comunica,r03_region_titv,w1000000_01,2,14260,1014259,1000000,4484,1,1.2991170966997743,OK,True,
comunica,r03_region_titv,w1000000_01,2,14260,1014259,1000000,4484,2,1.282820934895426,OK,True,
comunica,r03_region_titv,w1000000_01,2,14260,1014259,1000000,4484,3,1.2584583987481892,OK,True,
comunica,r03_region_titv,w1000000_02,2,39428,1039427,1000000,3516,1,1.1795813827775419,OK,True,
comunica,r03_region_titv,w1000000_02,2,39428,1039427,1000000,3516,2,1.205934057943523,OK,True,
comunica,r03_region_titv,w1000000_02,2,39428,1039427,1000000,3516,3,1.1975758848711848,OK,True,
comunica,r03_region_titv,w1000000_03,2,121614,1121613,1000000,355,1,0.8687721113674343,OK,True,
comunica,r03_region_titv,w1000000_03,2,121614,1121613,1000000,355,2,0.8805103930644691,OK,True,
comunica,r03_region_titv,w1000000_03,2,121614,1121613,1000000,355,3,0.8960203588940203,OK,True,
comunica,r03_region_titv,w1000000_04,2,45980,1045979,1000000,3264,1,1.1793383220210671,OK,True,
comunica,r03_region_titv,w1000000_04,2,45980,1045979,1000000,3264,2,1.2117925137281418,OK,True,
comunica,r03_region_titv,w1000000_04,2,45980,1045979,1000000,3264,3,1.195639240089804,OK,True,
comunica,r03_region_titv,w1000000_05,2,74320,1074319,1000000,2174,1,1.0807163058780134,OK,True,
comunica,r03_region_titv,w1000000_05,2,74320,1074319,1000000,2174,2,1.0490635689347982,OK,True,
comunica,r03_region_titv,w1000000_05,2,74320,1074319,1000000,2174,3,1.072967872954905,OK,True,
comunica,r03_region_titv,w1000000_06,1,75477,1075476,1000000,2129,1,1.025861750356853,OK,True,
comunica,r03_region_titv,w1000000_06,1,75477,1075476,1000000,2129,2,1.0613228296861053,OK,True,
comunica,r03_region_titv,w1000000_06,1,75477,1075476,1000000,2129,3,1.0343127301894128,OK,True,
comunica,r03_region_titv,w1000000_07,1,15729,1015728,1000000,4427,1,1.2061032089404762,OK,True,
comunica,r03_region_titv,w1000000_07,1,15729,1015728,1000000,4427,2,1.2442467720247805,OK,True,
comunica,r03_region_titv,w1000000_07,1,15729,1015728,1000000,4427,3,1.1956777200102806,OK,True,
comunica,r03_region_titv,w1000000_08,2,74268,1074267,1000000,2176,1,1.117574990261346,OK,True,
comunica,r03_region_titv,w1000000_08,2,74268,1074267,1000000,2176,2,1.1295288749970496,OK,True,
comunica,r03_region_titv,w1000000_08,2,74268,1074267,1000000,2176,3,1.1149596003815532,OK,True,
comunica,r03_region_titv,w1000000_09,1,33643,1033642,1000000,3738,1,1.185671198181808,OK,True,
comunica,r03_region_titv,w1000000_09,1,33643,1033642,1000000,3738,2,1.1698588891886175,OK,True,
comunica,r03_region_titv,w1000000_09,1,33643,1033642,1000000,3738,3,1.1632653139531612,OK,True,
comunica,r03_region_titv,w1000000_10,1,92507,1092506,1000000,1474,1,1.0064633362926543,OK,True,
comunica,r03_region_titv,w1000000_10,1,92507,1092506,1000000,1474,2,1.013601880054921,OK,True,
comunica,r03_region_titv,w1000000_10,1,92507,1092506,1000000,1474,3,0.9905543942004442,OK,True,
comunica,r03_region_titv,w1000000_11,1,121211,1121210,1000000,370,1,0.9238793128170073,OK,True,
comunica,r03_region_titv,w1000000_11,1,121211,1121210,1000000,370,2,0.9379585268907249,OK,True,
comunica,r03_region_titv,w1000000_11,1,121211,1121210,1000000,370,3,0.9640897479839623,OK,True,
comunica,r03_region_titv,w1000000_12,1,77765,1077764,1000000,2041,1,1.057045710273087,OK,True,
comunica,r03_region_titv,w1000000_12,1,77765,1077764,1000000,2041,2,1.0724797639995813,OK,True,
comunica,r03_region_titv,w1000000_12,1,77765,1077764,1000000,2041,3,1.069690652191639,OK,True,
comunica,r03_region_titv,w1000000_13,2,118494,1118493,1000000,475,1,0.9654122819192708,OK,True,
comunica,r03_region_titv,w1000000_13,2,118494,1118493,1000000,475,2,0.9675027690827847,OK,True,
comunica,r03_region_titv,w1000000_13,2,118494,1118493,1000000,475,3,1.1362548568286002,OK,True,
comunica,r03_region_titv,w1000000_14,1,92143,1092142,1000000,1488,1,0.9536479469388723,OK,True,
comunica,r03_region_titv,w1000000_14,1,92143,1092142,1000000,1488,2,0.9560133330523968,OK,True,
comunica,r03_region_titv,w1000000_14,1,92143,1092142,1000000,1488,3,0.9345470680855215,OK,True,
comunica,r03_region_titv,w1000000_15,1,125423,1125422,1000000,208,1,0.852262538857758,OK,True,
comunica,r03_region_titv,w1000000_15,1,125423,1125422,1000000,208,2,0.8713083281181753,OK,True,
comunica,r03_region_titv,w1000000_15,1,125423,1125422,1000000,208,3,0.8698747749440372,OK,True,
comunica,r03_region_titv,w1000000_16,2,99852,1099851,1000000,1192,1,0.9867996829561889,OK,True,
comunica,r03_region_titv,w1000000_16,2,99852,1099851,1000000,1192,2,0.934106966946274,OK,True,
comunica,r03_region_titv,w1000000_16,2,99852,1099851,1000000,1192,3,0.9425488831475377,OK,True,
comunica,r03_region_titv,w1000000_17,2,49334,1049333,1000000,3135,1,1.1287605869583786,OK,True,
comunica,r03_region_titv,w1000000_17,2,49334,1049333,1000000,3135,2,1.1444604201242328,OK,True,
comunica,r03_region_titv,w1000000_17,2,49334,1049333,1000000,3135,3,1.1297373101115227,OK,True,
comunica,r03_region_titv,w1000000_18,1,74801,1074800,1000000,2155,1,0.9611939275637269,OK,True,
comunica,r03_region_titv,w1000000_18,1,74801,1074800,1000000,2155,2,0.9711184902116656,OK,True,
comunica,r03_region_titv,w1000000_18,1,74801,1074800,1000000,2155,3,1.010020521003753,OK,True,
comunica,r03_region_titv,w1000000_19,1,121003,1121002,1000000,378,1,0.8664808277972043,OK,True,
comunica,r03_region_titv,w1000000_19,1,121003,1121002,1000000,378,2,0.8703572130762041,OK,True,
comunica,r03_region_titv,w1000000_19,1,121003,1121002,1000000,378,3,0.8527990700677037,OK,True,
comunica,r03_region_titv,w10000000_00,1,105481,10105480,10000000,975,1,0.9432855718769133,OK,True,
comunica,r03_region_titv,w10000000_00,1,105481,10105480,10000000,975,2,0.9246809431351721,OK,True,
comunica,r03_region_titv,w10000000_00,1,105481,10105480,10000000,975,3,0.9226980060338974,OK,True,
comunica,r03_region_titv,w10000000_01,1,37257,10037256,10000000,3599,1,1.116289532277733,OK,True,
comunica,r03_region_titv,w10000000_01,1,37257,10037256,10000000,3599,2,1.145861601922661,OK,True,
comunica,r03_region_titv,w10000000_01,1,37257,10037256,10000000,3599,3,1.0815340271219611,OK,True,
comunica,r03_region_titv,w10000000_02,2,92130,10092129,10000000,1489,1,1.009804492816329,OK,True,
comunica,r03_region_titv,w10000000_02,2,92130,10092129,10000000,1489,2,1.011969777289778,OK,True,
comunica,r03_region_titv,w10000000_02,2,92130,10092129,10000000,1489,3,1.0230937479063869,OK,True,
comunica,r03_region_titv,w10000000_03,1,25557,10025556,10000000,4049,1,1.1749694477766752,OK,True,
comunica,r03_region_titv,w10000000_03,1,25557,10025556,10000000,4049,2,1.1575542567297816,OK,True,
comunica,r03_region_titv,w10000000_03,1,25557,10025556,10000000,4049,3,1.1868703947402537,OK,True,
comunica,r03_region_titv,w10000000_04,2,46604,10046603,10000000,3240,1,1.2479148716665804,OK,True,
comunica,r03_region_titv,w10000000_04,2,46604,10046603,10000000,3240,2,1.2015555459074676,OK,True,
comunica,r03_region_titv,w10000000_04,2,46604,10046603,10000000,3240,3,1.1917053386569023,OK,True,
comunica,r03_region_titv,w10000000_05,1,49477,10049476,10000000,3129,1,1.0772366882301867,OK,True,
comunica,r03_region_titv,w10000000_05,1,49477,10049476,10000000,3129,2,1.0852984259836376,OK,True,
comunica,r03_region_titv,w10000000_05,1,49477,10049476,10000000,3129,3,1.0994462510570884,OK,True,
comunica,r03_region_titv,w10000000_06,1,6499,10006498,10000000,4782,1,1.209479914046824,OK,True,
comunica,r03_region_titv,w10000000_06,1,6499,10006498,10000000,4782,2,1.2613948588259518,OK,True,
comunica,r03_region_titv,w10000000_06,1,6499,10006498,10000000,4782,3,1.225407144986093,OK,True,
comunica,r03_region_titv,w10000000_07,2,47280,10047279,10000000,3214,1,1.2134530530311167,OK,True,
comunica,r03_region_titv,w10000000_07,2,47280,10047279,10000000,3214,2,1.216135814320296,OK,True,
comunica,r03_region_titv,w10000000_07,2,47280,10047279,10000000,3214,3,1.2133745444007218,OK,True,
comunica,r03_region_titv,w10000000_08,2,88724,10088723,10000000,1620,1,1.0430534607730806,OK,True,
comunica,r03_region_titv,w10000000_08,2,88724,10088723,10000000,1620,2,1.057690190616995,OK,True,
comunica,r03_region_titv,w10000000_08,2,88724,10088723,10000000,1620,3,1.060781848616898,OK,True,
comunica,r03_region_titv,w10000000_09,2,69692,10069691,10000000,2352,1,1.1566493781283498,OK,True,
comunica,r03_region_titv,w10000000_09,2,69692,10069691,10000000,2352,2,1.1626580692827702,OK,True,
comunica,r03_region_titv,w10000000_09,2,69692,10069691,10000000,2352,3,1.1577690071426332,OK,True,
comunica,r03_region_titv,w10000000_10,1,51271,10051270,10000000,3060,1,1.2056138077750802,OK,True,
comunica,r03_region_titv,w10000000_10,1,51271,10051270,10000000,3060,2,1.143271147273481,OK,True,
comunica,r03_region_titv,w10000000_10,1,51271,10051270,10000000,3060,3,1.1442392650060356,OK,True,
comunica,r03_region_titv,w10000000_11,1,116349,10116348,10000000,557,1,0.9571569999679923,OK,True,
comunica,r03_region_titv,w10000000_11,1,116349,10116348,10000000,557,2,0.9720770781859756,OK,True,
comunica,r03_region_titv,w10000000_11,1,116349,10116348,10000000,557,3,0.9845128892920911,OK,True,
comunica,r03_region_titv,w10000000_12,1,121471,10121470,10000000,360,1,0.9796591140329838,OK,True,
comunica,r03_region_titv,w10000000_12,1,121471,10121470,10000000,360,2,1.0725475819781423,OK,True,
comunica,r03_region_titv,w10000000_12,1,121471,10121470,10000000,360,3,0.8900026809424162,OK,True,
comunica,r03_region_titv,w10000000_13,2,115582,10115581,10000000,587,1,0.9590542279183865,OK,True,
comunica,r03_region_titv,w10000000_13,2,115582,10115581,10000000,587,2,0.9313013460487127,OK,True,
comunica,r03_region_titv,w10000000_13,2,115582,10115581,10000000,587,3,0.9642951441928744,OK,True,
comunica,r03_region_titv,w10000000_14,2,74138,10074137,10000000,2181,1,1.0566911436617374,OK,True,
comunica,r03_region_titv,w10000000_14,2,74138,10074137,10000000,2181,2,1.0362403239123523,OK,True,
comunica,r03_region_titv,w10000000_14,2,74138,10074137,10000000,2181,3,1.051177938003093,OK,True,
comunica,r03_region_titv,w10000000_15,1,50231,10050230,10000000,3100,1,1.0557080497965217,OK,True,
comunica,r03_region_titv,w10000000_15,1,50231,10050230,10000000,3100,2,1.0751672522164881,OK,True,
comunica,r03_region_titv,w10000000_15,1,50231,10050230,10000000,3100,3,1.0905262329615653,OK,True,
comunica,r03_region_titv,w10000000_16,1,20669,10020668,10000000,4237,1,1.128135683014989,OK,True,
comunica,r03_region_titv,w10000000_16,1,20669,10020668,10000000,4237,2,1.0878738472238183,OK,True,
comunica,r03_region_titv,w10000000_16,1,20669,10020668,10000000,4237,3,1.1215989850461483,OK,True,
comunica,r03_region_titv,w10000000_17,1,66273,10066272,10000000,2483,1,1.008341521024704,OK,True,
comunica,r03_region_titv,w10000000_17,1,66273,10066272,10000000,2483,2,0.9944177423603833,OK,True,
comunica,r03_region_titv,w10000000_17,1,66273,10066272,10000000,2483,3,1.0025264038704336,OK,True,
comunica,r03_region_titv,w10000000_18,1,57745,10057744,10000000,2811,1,1.0440475950017571,OK,True,
comunica,r03_region_titv,w10000000_18,1,57745,10057744,10000000,2811,2,1.023885671980679,OK,True,
comunica,r03_region_titv,w10000000_18,1,57745,10057744,10000000,2811,3,1.0397717072628438,OK,True,
comunica,r03_region_titv,w10000000_19,1,102907,10102906,10000000,1074,1,0.9118219148367643,OK,True,
comunica,r03_region_titv,w10000000_19,1,102907,10102906,10000000,1074,2,0.9203841900452971,OK,True,
comunica,r03_region_titv,w10000000_19,1,102907,10102906,10000000,1074,3,0.9774152440950274,OK,True,
comunica,r04_region_filter_distribution,w1000_00,2,53546,54545,1000,39,1,0.6677064029499888,OK,True,
comunica,r04_region_filter_distribution,w1000_00,2,53546,54545,1000,39,2,0.6399267879314721,OK,True,
comunica,r04_region_filter_distribution,w1000_00,2,53546,54545,1000,39,3,0.6276903301477432,OK,True,
comunica,r04_region_filter_distribution,w1000_01,2,79858,80857,1000,39,1,0.6405940148979425,OK,True,
comunica,r04_region_filter_distribution,w1000_01,2,79858,80857,1000,39,2,0.6109471372328699,OK,True,
comunica,r04_region_filter_distribution,w1000_01,2,79858,80857,1000,39,3,0.6434583510272205,OK,True,
comunica,r04_region_filter_distribution,w1000_02,1,90739,91738,1000,39,1,0.620564941316843,OK,True,
comunica,r04_region_filter_distribution,w1000_02,1,90739,91738,1000,39,2,0.6098021152429283,OK,True,
comunica,r04_region_filter_distribution,w1000_02,1,90739,91738,1000,39,3,0.6049115899950266,OK,True,
comunica,r04_region_filter_distribution,w1000_03,2,44394,45393,1000,39,1,0.6388161359354854,OK,True,
comunica,r04_region_filter_distribution,w1000_03,2,44394,45393,1000,39,2,0.640064318664372,OK,True,
comunica,r04_region_filter_distribution,w1000_03,2,44394,45393,1000,39,3,0.6516754692420363,OK,True,
comunica,r04_region_filter_distribution,w1000_04,1,7981,8980,1000,39,1,0.6697899671271443,OK,True,
comunica,r04_region_filter_distribution,w1000_04,1,7981,8980,1000,39,2,0.6654309560544789,OK,True,
comunica,r04_region_filter_distribution,w1000_04,1,7981,8980,1000,39,3,0.6636788840405643,OK,True,
comunica,r04_region_filter_distribution,w1000_05,1,110863,111862,1000,39,1,0.6075603142380714,OK,True,
comunica,r04_region_filter_distribution,w1000_05,1,110863,111862,1000,39,2,0.6071310071274638,OK,True,
comunica,r04_region_filter_distribution,w1000_05,1,110863,111862,1000,39,3,0.6210082308389246,OK,True,
comunica,r04_region_filter_distribution,w1000_06,1,104311,105310,1000,39,1,0.6256481581367552,OK,True,
comunica,r04_region_filter_distribution,w1000_06,1,104311,105310,1000,39,2,0.6886527827009559,OK,True,
comunica,r04_region_filter_distribution,w1000_06,1,104311,105310,1000,39,3,0.6457471530884504,OK,True,
comunica,r04_region_filter_distribution,w1000_07,1,14091,15090,1000,39,1,0.6856291238218546,OK,True,
comunica,r04_region_filter_distribution,w1000_07,1,14091,15090,1000,39,2,0.680292256642133,OK,True,
comunica,r04_region_filter_distribution,w1000_07,1,14091,15090,1000,39,3,0.6774834697134793,OK,True,
comunica,r04_region_filter_distribution,w1000_08,2,48996,49995,1000,39,1,0.6528820837847888,OK,True,
comunica,r04_region_filter_distribution,w1000_08,2,48996,49995,1000,39,2,0.6693263896740973,OK,True,
comunica,r04_region_filter_distribution,w1000_08,2,48996,49995,1000,39,3,0.6674220082350075,OK,True,
comunica,r04_region_filter_distribution,w1000_09,1,120145,121144,1000,39,1,0.6278231372125447,OK,True,
comunica,r04_region_filter_distribution,w1000_09,1,120145,121144,1000,39,2,0.6279488801956177,OK,True,
comunica,r04_region_filter_distribution,w1000_09,1,120145,121144,1000,39,3,0.6323481951840222,OK,True,
comunica,r04_region_filter_distribution,w1000_10,2,73436,74435,1000,39,1,0.6538279852829874,OK,True,
comunica,r04_region_filter_distribution,w1000_10,2,73436,74435,1000,39,2,0.6654843306168914,OK,True,
comunica,r04_region_filter_distribution,w1000_10,2,73436,74435,1000,39,3,0.8221291261725128,OK,True,
comunica,r04_region_filter_distribution,w1000_11,1,41547,42546,1000,39,1,0.6147719249129295,OK,True,
comunica,r04_region_filter_distribution,w1000_11,1,41547,42546,1000,39,2,0.6263627777807415,OK,True,
comunica,r04_region_filter_distribution,w1000_11,1,41547,42546,1000,39,3,0.6151111358776689,OK,True,
comunica,r04_region_filter_distribution,w1000_12,2,112670,113669,1000,39,1,0.5726978527382016,OK,True,
comunica,r04_region_filter_distribution,w1000_12,2,112670,113669,1000,39,2,0.5742537691257894,OK,True,
comunica,r04_region_filter_distribution,w1000_12,2,112670,113669,1000,39,3,0.5846118428744376,OK,True,
comunica,r04_region_filter_distribution,w1000_13,2,121328,122327,1000,39,1,0.5795265361666679,OK,True,
comunica,r04_region_filter_distribution,w1000_13,2,121328,122327,1000,39,2,0.5773499039933085,OK,True,
comunica,r04_region_filter_distribution,w1000_13,2,121328,122327,1000,39,3,0.5846490231342614,OK,True,
comunica,r04_region_filter_distribution,w1000_14,2,128114,129113,1000,39,1,0.5820846380665898,OK,True,
comunica,r04_region_filter_distribution,w1000_14,2,128114,129113,1000,39,2,0.584827964194119,OK,True,
comunica,r04_region_filter_distribution,w1000_14,2,128114,129113,1000,39,3,0.576465877238661,OK,True,
comunica,r04_region_filter_distribution,w1000_15,1,56237,57236,1000,39,1,0.6131897768937051,OK,True,
comunica,r04_region_filter_distribution,w1000_15,1,56237,57236,1000,39,2,0.6093655191361904,OK,True,
comunica,r04_region_filter_distribution,w1000_15,1,56237,57236,1000,39,3,0.6003620862029493,OK,True,
comunica,r04_region_filter_distribution,w1000_16,1,65883,66882,1000,39,1,0.6017211861908436,OK,True,
comunica,r04_region_filter_distribution,w1000_16,1,65883,66882,1000,39,2,0.6214667670428753,OK,True,
comunica,r04_region_filter_distribution,w1000_16,1,65883,66882,1000,39,3,0.6266647977754474,OK,True,
comunica,r04_region_filter_distribution,w1000_17,2,13298,14297,1000,39,1,0.6848336709663272,OK,True,
comunica,r04_region_filter_distribution,w1000_17,2,13298,14297,1000,39,2,0.6703271218575537,OK,True,
comunica,r04_region_filter_distribution,w1000_17,2,13298,14297,1000,39,3,0.6600633040070534,OK,True,
comunica,r04_region_filter_distribution,w1000_18,2,32252,33251,1000,39,1,0.6477294312790036,OK,True,
comunica,r04_region_filter_distribution,w1000_18,2,32252,33251,1000,39,2,0.6543692289851606,OK,True,
comunica,r04_region_filter_distribution,w1000_18,2,32252,33251,1000,39,3,0.6682927147485316,OK,True,
comunica,r04_region_filter_distribution,w1000_19,1,96953,97952,1000,39,1,0.6023953217081726,OK,True,
comunica,r04_region_filter_distribution,w1000_19,1,96953,97952,1000,39,2,0.5992765221744776,OK,True,
comunica,r04_region_filter_distribution,w1000_19,1,96953,97952,1000,39,3,0.6012604744173586,OK,True,
comunica,r04_region_filter_distribution,w100000_00,2,120002,220001,100000,417,1,0.5927385129034519,OK,True,
comunica,r04_region_filter_distribution,w100000_00,2,120002,220001,100000,417,2,0.594066197052598,OK,True,
comunica,r04_region_filter_distribution,w100000_00,2,120002,220001,100000,417,3,0.5964309987612069,OK,True,
comunica,r04_region_filter_distribution,w100000_01,1,88763,188762,100000,1618,1,0.6788450418971479,OK,True,
comunica,r04_region_filter_distribution,w100000_01,1,88763,188762,100000,1618,2,0.6924558356404305,OK,True,
comunica,r04_region_filter_distribution,w100000_01,1,88763,188762,100000,1618,3,0.6595851480960846,OK,True,
comunica,r04_region_filter_distribution,w100000_02,1,52857,152856,100000,2999,1,0.7231908678077161,OK,True,
comunica,r04_region_filter_distribution,w100000_02,1,52857,152856,100000,2999,2,0.710823280736804,OK,True,
comunica,r04_region_filter_distribution,w100000_02,1,52857,152856,100000,2999,3,0.7065567243844271,OK,True,
comunica,r04_region_filter_distribution,w100000_03,2,52324,152323,100000,3020,1,0.7237716717645526,OK,True,
comunica,r04_region_filter_distribution,w100000_03,2,52324,152323,100000,3020,2,0.7414612788707018,OK,True,
comunica,r04_region_filter_distribution,w100000_03,2,52324,152323,100000,3020,3,0.7430166169069707,OK,True,
comunica,r04_region_filter_distribution,w100000_04,2,34592,134591,100000,3702,1,0.7719040419906378,OK,True,
comunica,r04_region_filter_distribution,w100000_04,2,34592,134591,100000,3702,2,0.814601865131408,OK,True,
comunica,r04_region_filter_distribution,w100000_04,2,34592,134591,100000,3702,3,0.7677900861017406,OK,True,
comunica,r04_region_filter_distribution,w100000_05,1,53975,153974,100000,2956,1,0.7375745116733015,OK,True,
comunica,r04_region_filter_distribution,w100000_05,1,53975,153974,100000,2956,2,0.7375284964218736,OK,True,
comunica,r04_region_filter_distribution,w100000_05,1,53975,153974,100000,2956,3,0.7347372421063483,OK,True,
comunica,r04_region_filter_distribution,w100000_06,1,116323,216322,100000,558,1,0.6281430590897799,OK,True,
comunica,r04_region_filter_distribution,w100000_06,1,116323,216322,100000,558,2,0.6437987182289362,OK,True,
comunica,r04_region_filter_distribution,w100000_06,1,116323,216322,100000,558,3,0.6354246959090233,OK,True,
comunica,r04_region_filter_distribution,w100000_07,2,54378,154377,100000,2941,1,0.7423908561468124,OK,True,
comunica,r04_region_filter_distribution,w100000_07,2,54378,154377,100000,2941,2,0.7410101490095258,OK,True,
comunica,r04_region_filter_distribution,w100000_07,2,54378,154377,100000,2941,3,0.7687273407354951,OK,True,
comunica,r04_region_filter_distribution,w100000_08,2,7188,107187,100000,3847,1,0.814215571153909,OK,True,
comunica,r04_region_filter_distribution,w100000_08,2,7188,107187,100000,3847,2,0.8159184670075774,OK,True,
comunica,r04_region_filter_distribution,w100000_08,2,7188,107187,100000,3847,3,0.8105424991808832,OK,True,
comunica,r04_region_filter_distribution,w100000_09,2,111448,211447,100000,746,1,0.7883232492022216,OK,True,
comunica,r04_region_filter_distribution,w100000_09,2,111448,211447,100000,746,2,0.6260418710298836,OK,True,
comunica,r04_region_filter_distribution,w100000_09,2,111448,211447,100000,746,3,0.6535407179035246,OK,True,
comunica,r04_region_filter_distribution,w100000_10,2,122134,222133,100000,335,1,0.5739407367073,OK,True,
comunica,r04_region_filter_distribution,w100000_10,2,122134,222133,100000,335,2,0.5922948261722922,OK,True,
comunica,r04_region_filter_distribution,w100000_10,2,122134,222133,100000,335,3,0.5885754241608083,OK,True,
comunica,r04_region_filter_distribution,w100000_11,1,4159,104158,100000,3847,1,0.7466627880930901,OK,True,
comunica,r04_region_filter_distribution,w100000_11,1,4159,104158,100000,3847,2,0.7668714011088014,OK,True,
comunica,r04_region_filter_distribution,w100000_11,1,4159,104158,100000,3847,3,0.7497142809443176,OK,True,
comunica,r04_region_filter_distribution,w100000_12,2,13740,113739,100000,3847,1,0.7377620609477162,OK,True,
comunica,r04_region_filter_distribution,w100000_12,2,13740,113739,100000,3847,2,0.7371467021293938,OK,True,
comunica,r04_region_filter_distribution,w100000_12,2,13740,113739,100000,3847,3,0.745899026747793,OK,True,
comunica,r04_region_filter_distribution,w100000_13,2,91324,191323,100000,1520,1,0.6667127260006964,OK,True,
comunica,r04_region_filter_distribution,w100000_13,2,91324,191323,100000,1520,2,0.6656341780908406,OK,True,
comunica,r04_region_filter_distribution,w100000_13,2,91324,191323,100000,1520,3,0.6441103485412896,OK,True,
comunica,r04_region_filter_distribution,w100000_14,2,21254,121253,100000,3847,1,0.7446295036934316,OK,True,
comunica,r04_region_filter_distribution,w100000_14,2,21254,121253,100000,3847,2,0.7442516190931201,OK,True,
comunica,r04_region_filter_distribution,w100000_14,2,21254,121253,100000,3847,3,0.7541936878114939,OK,True,
comunica,r04_region_filter_distribution,w100000_15,1,111279,211278,100000,752,1,0.61532589700073,OK,True,
comunica,r04_region_filter_distribution,w100000_15,1,111279,211278,100000,752,2,0.60592393996194,OK,True,
comunica,r04_region_filter_distribution,w100000_15,1,111279,211278,100000,752,3,0.6075526559725404,OK,True,
comunica,r04_region_filter_distribution,w100000_16,1,113957,213956,100000,649,1,0.6294916900806129,OK,True,
comunica,r04_region_filter_distribution,w100000_16,1,113957,213956,100000,649,2,0.6073163030669093,OK,True,
comunica,r04_region_filter_distribution,w100000_16,1,113957,213956,100000,649,3,0.5979665941558778,OK,True,
comunica,r04_region_filter_distribution,w100000_17,1,26389,126388,100000,3847,1,0.7352924169972539,OK,True,
comunica,r04_region_filter_distribution,w100000_17,1,26389,126388,100000,3847,2,0.7405504509806633,OK,True,
comunica,r04_region_filter_distribution,w100000_17,1,26389,126388,100000,3847,3,0.7537438510917127,OK,True,
comunica,r04_region_filter_distribution,w100000_18,2,62074,162073,100000,2645,1,0.738053543958813,OK,True,
comunica,r04_region_filter_distribution,w100000_18,2,62074,162073,100000,2645,2,0.6965858791954815,OK,True,
comunica,r04_region_filter_distribution,w100000_18,2,62074,162073,100000,2645,3,0.6906546601094306,OK,True,
comunica,r04_region_filter_distribution,w100000_19,1,99683,199682,100000,1198,1,0.6375555540435016,OK,True,
comunica,r04_region_filter_distribution,w100000_19,1,99683,199682,100000,1198,2,0.6363101922906935,OK,True,
comunica,r04_region_filter_distribution,w100000_19,1,99683,199682,100000,1198,3,0.6367475241422653,OK,True,
comunica,r04_region_filter_distribution,w1000000_00,2,77700,1077699,1000000,2044,1,0.6708781784400344,OK,True,
comunica,r04_region_filter_distribution,w1000000_00,2,77700,1077699,1000000,2044,2,0.6851999890059233,OK,True,
comunica,r04_region_filter_distribution,w1000000_00,2,77700,1077699,1000000,2044,3,0.7053193966858089,OK,True,
comunica,r04_region_filter_distribution,w1000000_01,2,14260,1014259,1000000,4484,1,0.793034820817411,OK,True,
comunica,r04_region_filter_distribution,w1000000_01,2,14260,1014259,1000000,4484,2,0.7855961909517646,OK,True,
comunica,r04_region_filter_distribution,w1000000_01,2,14260,1014259,1000000,4484,3,0.7941950000822544,OK,True,
comunica,r04_region_filter_distribution,w1000000_02,2,39428,1039427,1000000,3516,1,0.7568888310343027,OK,True,
comunica,r04_region_filter_distribution,w1000000_02,2,39428,1039427,1000000,3516,2,0.7853462803177536,OK,True,
comunica,r04_region_filter_distribution,w1000000_02,2,39428,1039427,1000000,3516,3,0.7619146928191185,OK,True,
comunica,r04_region_filter_distribution,w1000000_03,2,121614,1121613,1000000,355,1,0.6235401197336614,OK,True,
comunica,r04_region_filter_distribution,w1000000_03,2,121614,1121613,1000000,355,2,0.6116877160966396,OK,True,
comunica,r04_region_filter_distribution,w1000000_03,2,121614,1121613,1000000,355,3,0.6200562561862171,OK,True,
comunica,r04_region_filter_distribution,w1000000_04,2,45980,1045979,1000000,3264,1,0.7992870430462062,OK,True,
comunica,r04_region_filter_distribution,w1000000_04,2,45980,1045979,1000000,3264,2,0.7771184798330069,OK,True,
comunica,r04_region_filter_distribution,w1000000_04,2,45980,1045979,1000000,3264,3,0.7746368707157671,OK,True,
comunica,r04_region_filter_distribution,w1000000_05,2,74320,1074319,1000000,2174,1,0.7339044762775302,OK,True,
comunica,r04_region_filter_distribution,w1000000_05,2,74320,1074319,1000000,2174,2,0.7383880838751793,OK,True,
comunica,r04_region_filter_distribution,w1000000_05,2,74320,1074319,1000000,2174,3,0.732519187964499,OK,True,
comunica,r04_region_filter_distribution,w1000000_06,1,75477,1075476,1000000,2129,1,0.7256631827913225,OK,True,
comunica,r04_region_filter_distribution,w1000000_06,1,75477,1075476,1000000,2129,2,0.7310618930496275,OK,True,
comunica,r04_region_filter_distribution,w1000000_06,1,75477,1075476,1000000,2129,3,0.8003037068992853,OK,True,
comunica,r04_region_filter_distribution,w1000000_07,1,15729,1015728,1000000,4427,1,0.8895424189977348,OK,True,
comunica,r04_region_filter_distribution,w1000000_07,1,15729,1015728,1000000,4427,2,0.9722266742028296,OK,True,
comunica,r04_region_filter_distribution,w1000000_07,1,15729,1015728,1000000,4427,3,0.7838927498087287,OK,True,
comunica,r04_region_filter_distribution,w1000000_08,2,74268,1074267,1000000,2176,1,0.681844977196306,OK,True,
comunica,r04_region_filter_distribution,w1000000_08,2,74268,1074267,1000000,2176,2,0.6777421268634498,OK,True,
comunica,r04_region_filter_distribution,w1000000_08,2,74268,1074267,1000000,2176,3,0.6638364209793508,OK,True,
comunica,r04_region_filter_distribution,w1000000_09,1,33643,1033642,1000000,3738,1,0.731743642129004,OK,True,
comunica,r04_region_filter_distribution,w1000000_09,1,33643,1033642,1000000,3738,2,0.7466410170309246,OK,True,
comunica,r04_region_filter_distribution,w1000000_09,1,33643,1033642,1000000,3738,3,0.7362821409478784,OK,True,
comunica,r04_region_filter_distribution,w1000000_10,1,92507,1092506,1000000,1474,1,0.6325626759789884,OK,True,
comunica,r04_region_filter_distribution,w1000000_10,1,92507,1092506,1000000,1474,2,0.6535668149590492,OK,True,
comunica,r04_region_filter_distribution,w1000000_10,1,92507,1092506,1000000,1474,3,0.7126529538072646,OK,True,
comunica,r04_region_filter_distribution,w1000000_11,1,121211,1121210,1000000,370,1,0.5821298277005553,OK,True,
comunica,r04_region_filter_distribution,w1000000_11,1,121211,1121210,1000000,370,2,0.5789633109234273,OK,True,
comunica,r04_region_filter_distribution,w1000000_11,1,121211,1121210,1000000,370,3,0.6306570917367935,OK,True,
comunica,r04_region_filter_distribution,w1000000_12,1,77765,1077764,1000000,2041,1,0.7295970101840794,OK,True,
comunica,r04_region_filter_distribution,w1000000_12,1,77765,1077764,1000000,2041,2,0.7147212531417608,OK,True,
comunica,r04_region_filter_distribution,w1000000_12,1,77765,1077764,1000000,2041,3,0.714722987730056,OK,True,
comunica,r04_region_filter_distribution,w1000000_13,2,118494,1118493,1000000,475,1,0.634758893866092,OK,True,
comunica,r04_region_filter_distribution,w1000000_13,2,118494,1118493,1000000,475,2,0.6176139018498361,OK,True,
comunica,r04_region_filter_distribution,w1000000_13,2,118494,1118493,1000000,475,3,0.5784668917767704,OK,True,
comunica,r04_region_filter_distribution,w1000000_14,1,92143,1092142,1000000,1488,1,0.6214015386067331,OK,True,
comunica,r04_region_filter_distribution,w1000000_14,1,92143,1092142,1000000,1488,2,0.6374215641990304,OK,True,
comunica,r04_region_filter_distribution,w1000000_14,1,92143,1092142,1000000,1488,3,0.6277577821165323,OK,True,
comunica,r04_region_filter_distribution,w1000000_15,1,125423,1125422,1000000,208,1,0.602814694866538,OK,True,
comunica,r04_region_filter_distribution,w1000000_15,1,125423,1125422,1000000,208,2,0.5898593850433826,OK,True,
comunica,r04_region_filter_distribution,w1000000_15,1,125423,1125422,1000000,208,3,0.5871534203179181,OK,True,
comunica,r04_region_filter_distribution,w1000000_16,2,99852,1099851,1000000,1192,1,0.638122265227139,OK,True,
comunica,r04_region_filter_distribution,w1000000_16,2,99852,1099851,1000000,1192,2,0.6325263911858201,OK,True,
comunica,r04_region_filter_distribution,w1000000_16,2,99852,1099851,1000000,1192,3,0.6478502349928021,OK,True,
comunica,r04_region_filter_distribution,w1000000_17,2,49334,1049333,1000000,3135,1,0.7356829638592899,OK,True,
comunica,r04_region_filter_distribution,w1000000_17,2,49334,1049333,1000000,3135,2,0.7170810191892087,OK,True,
comunica,r04_region_filter_distribution,w1000000_17,2,49334,1049333,1000000,3135,3,0.729660137090832,OK,True,
comunica,r04_region_filter_distribution,w1000000_18,1,74801,1074800,1000000,2155,1,0.7351268790662289,OK,True,
comunica,r04_region_filter_distribution,w1000000_18,1,74801,1074800,1000000,2155,2,0.7183357630856335,OK,True,
comunica,r04_region_filter_distribution,w1000000_18,1,74801,1074800,1000000,2155,3,0.7222234881483018,OK,True,
comunica,r04_region_filter_distribution,w1000000_19,1,121003,1121002,1000000,378,1,0.6338777290657163,OK,True,
comunica,r04_region_filter_distribution,w1000000_19,1,121003,1121002,1000000,378,2,0.6182008436881006,OK,True,
comunica,r04_region_filter_distribution,w1000000_19,1,121003,1121002,1000000,378,3,0.6250623906962574,OK,True,
comunica,r04_region_filter_distribution,w10000000_00,1,105481,10105480,10000000,975,1,0.6350668547675014,OK,True,
comunica,r04_region_filter_distribution,w10000000_00,1,105481,10105480,10000000,975,2,0.6571390037424862,OK,True,
comunica,r04_region_filter_distribution,w10000000_00,1,105481,10105480,10000000,975,3,0.6593515099957585,OK,True,
comunica,r04_region_filter_distribution,w10000000_01,1,37257,10037256,10000000,3599,1,0.7571612526662648,OK,True,
comunica,r04_region_filter_distribution,w10000000_01,1,37257,10037256,10000000,3599,2,0.7944435980170965,OK,True,
comunica,r04_region_filter_distribution,w10000000_01,1,37257,10037256,10000000,3599,3,0.8214467940852046,OK,True,
comunica,r04_region_filter_distribution,w10000000_02,2,92130,10092129,10000000,1489,1,0.71786984289065,OK,True,
comunica,r04_region_filter_distribution,w10000000_02,2,92130,10092129,10000000,1489,2,0.6913025989197195,OK,True,
comunica,r04_region_filter_distribution,w10000000_02,2,92130,10092129,10000000,1489,3,0.7441462110728025,OK,True,
comunica,r04_region_filter_distribution,w10000000_03,1,25557,10025556,10000000,4049,1,0.8338293940760195,OK,True,
comunica,r04_region_filter_distribution,w10000000_03,1,25557,10025556,10000000,4049,2,0.8497337359003723,OK,True,
comunica,r04_region_filter_distribution,w10000000_03,1,25557,10025556,10000000,4049,3,0.8154646288603544,OK,True,
comunica,r04_region_filter_distribution,w10000000_04,2,46604,10046603,10000000,3240,1,0.8097201767377555,OK,True,
comunica,r04_region_filter_distribution,w10000000_04,2,46604,10046603,10000000,3240,2,0.7977560041472316,OK,True,
comunica,r04_region_filter_distribution,w10000000_04,2,46604,10046603,10000000,3240,3,0.7857578098773956,OK,True,
comunica,r04_region_filter_distribution,w10000000_05,1,49477,10049476,10000000,3129,1,0.7761535840108991,OK,True,
comunica,r04_region_filter_distribution,w10000000_05,1,49477,10049476,10000000,3129,2,0.8020072421059012,OK,True,
comunica,r04_region_filter_distribution,w10000000_05,1,49477,10049476,10000000,3129,3,0.8715257351286709,OK,True,
comunica,r04_region_filter_distribution,w10000000_06,1,6499,10006498,10000000,4782,1,0.7611215119250119,OK,True,
comunica,r04_region_filter_distribution,w10000000_06,1,6499,10006498,10000000,4782,2,0.7745879730209708,OK,True,
comunica,r04_region_filter_distribution,w10000000_06,1,6499,10006498,10000000,4782,3,0.8191232797689736,OK,True,
comunica,r04_region_filter_distribution,w10000000_07,2,47280,10047279,10000000,3214,1,0.726779995020479,OK,True,
comunica,r04_region_filter_distribution,w10000000_07,2,47280,10047279,10000000,3214,2,0.7056576991453767,OK,True,
comunica,r04_region_filter_distribution,w10000000_07,2,47280,10047279,10000000,3214,3,0.6933564660139382,OK,True,
comunica,r04_region_filter_distribution,w10000000_08,2,88724,10088723,10000000,1620,1,0.6416949769482017,OK,True,
comunica,r04_region_filter_distribution,w10000000_08,2,88724,10088723,10000000,1620,2,0.6190110412426293,OK,True,
comunica,r04_region_filter_distribution,w10000000_08,2,88724,10088723,10000000,1620,3,0.6299883807078004,OK,True,
comunica,r04_region_filter_distribution,w10000000_09,2,69692,10069691,10000000,2352,1,0.67272470286116,OK,True,
comunica,r04_region_filter_distribution,w10000000_09,2,69692,10069691,10000000,2352,2,0.6691575949080288,OK,True,
comunica,r04_region_filter_distribution,w10000000_09,2,69692,10069691,10000000,2352,3,0.697221452370286,OK,True,
comunica,r04_region_filter_distribution,w10000000_10,1,51271,10051270,10000000,3060,1,0.710628037340939,OK,True,
comunica,r04_region_filter_distribution,w10000000_10,1,51271,10051270,10000000,3060,2,0.6728684329427779,OK,True,
comunica,r04_region_filter_distribution,w10000000_10,1,51271,10051270,10000000,3060,3,0.7180306422524154,OK,True,
comunica,r04_region_filter_distribution,w10000000_11,1,116349,10116348,10000000,557,1,0.6128183039836586,OK,True,
comunica,r04_region_filter_distribution,w10000000_11,1,116349,10116348,10000000,557,2,0.5887805898673832,OK,True,
comunica,r04_region_filter_distribution,w10000000_11,1,116349,10116348,10000000,557,3,0.6187051571905613,OK,True,
comunica,r04_region_filter_distribution,w10000000_12,1,121471,10121470,10000000,360,1,0.5780963082797825,OK,True,
comunica,r04_region_filter_distribution,w10000000_12,1,121471,10121470,10000000,360,2,0.6246582819148898,OK,True,
comunica,r04_region_filter_distribution,w10000000_12,1,121471,10121470,10000000,360,3,0.5728774098679423,OK,True,
comunica,r04_region_filter_distribution,w10000000_13,2,115582,10115581,10000000,587,1,0.6272732219658792,OK,True,
comunica,r04_region_filter_distribution,w10000000_13,2,115582,10115581,10000000,587,2,0.6366714690811932,OK,True,
comunica,r04_region_filter_distribution,w10000000_13,2,115582,10115581,10000000,587,3,0.5983773516491055,OK,True,
comunica,r04_region_filter_distribution,w10000000_14,2,74138,10074137,10000000,2181,1,0.7069296040572226,OK,True,
comunica,r04_region_filter_distribution,w10000000_14,2,74138,10074137,10000000,2181,2,0.651192881166935,OK,True,
comunica,r04_region_filter_distribution,w10000000_14,2,74138,10074137,10000000,2181,3,0.6920209741219878,OK,True,
comunica,r04_region_filter_distribution,w10000000_15,1,50231,10050230,10000000,3100,1,0.7280569858849049,OK,True,
comunica,r04_region_filter_distribution,w10000000_15,1,50231,10050230,10000000,3100,2,0.7010757871903479,OK,True,
comunica,r04_region_filter_distribution,w10000000_15,1,50231,10050230,10000000,3100,3,0.7349854991771281,OK,True,
comunica,r04_region_filter_distribution,w10000000_16,1,20669,10020668,10000000,4237,1,0.8059348468668759,OK,True,
comunica,r04_region_filter_distribution,w10000000_16,1,20669,10020668,10000000,4237,2,0.8057570741511881,OK,True,
comunica,r04_region_filter_distribution,w10000000_16,1,20669,10020668,10000000,4237,3,0.7616699421778321,OK,True,
comunica,r04_region_filter_distribution,w10000000_17,1,66273,10066272,10000000,2483,1,0.7027674876153469,OK,True,
comunica,r04_region_filter_distribution,w10000000_17,1,66273,10066272,10000000,2483,2,0.6793642658740282,OK,True,
comunica,r04_region_filter_distribution,w10000000_17,1,66273,10066272,10000000,2483,3,0.6990185040049255,OK,True,
comunica,r04_region_filter_distribution,w10000000_18,1,57745,10057744,10000000,2811,1,0.7132579260505736,OK,True,
comunica,r04_region_filter_distribution,w10000000_18,1,57745,10057744,10000000,2811,2,0.7284047189168632,OK,True,
comunica,r04_region_filter_distribution,w10000000_18,1,57745,10057744,10000000,2811,3,0.7369838911108673,OK,True,
comunica,r04_region_filter_distribution,w10000000_19,1,102907,10102906,10000000,1074,1,0.6462109079584479,OK,True,
comunica,r04_region_filter_distribution,w10000000_19,1,102907,10102906,10000000,1074,2,0.6329224756918848,OK,True,
comunica,r04_region_filter_distribution,w10000000_19,1,102907,10102906,10000000,1074,3,0.644445295445621,OK,True,
comunica,r05_region_sample_genotype_counts,w1000_00,2,53546,54545,1000,39,1,1.9762513181194663,OK,True,
comunica,r05_region_sample_genotype_counts,w1000_00,2,53546,54545,1000,39,2,1.8908166270703077,OK,True,
comunica,r05_region_sample_genotype_counts,w1000_00,2,53546,54545,1000,39,3,1.941681211348623,OK,True,
comunica,r05_region_sample_genotype_counts,w1000_01,2,79858,80857,1000,39,1,1.9603269170038402,OK,True,
comunica,r05_region_sample_genotype_counts,w1000_01,2,79858,80857,1000,39,2,1.8821847317740321,OK,True,
comunica,r05_region_sample_genotype_counts,w1000_01,2,79858,80857,1000,39,3,1.9937671809457242,OK,True,
comunica,r05_region_sample_genotype_counts,w1000_02,1,90739,91738,1000,39,1,1.7875937609933317,OK,True,
comunica,r05_region_sample_genotype_counts,w1000_02,1,90739,91738,1000,39,2,1.7695926232263446,OK,True,
comunica,r05_region_sample_genotype_counts,w1000_02,1,90739,91738,1000,39,3,1.7601133859716356,OK,True,
comunica,r05_region_sample_genotype_counts,w1000_03,2,44394,45393,1000,39,1,1.7916062790900469,OK,True,
comunica,r05_region_sample_genotype_counts,w1000_03,2,44394,45393,1000,39,2,1.8194060963578522,OK,True,
comunica,r05_region_sample_genotype_counts,w1000_03,2,44394,45393,1000,39,3,1.8179199830628932,OK,True,
comunica,r05_region_sample_genotype_counts,w1000_04,1,7981,8980,1000,39,1,1.8056777566671371,OK,True,
comunica,r05_region_sample_genotype_counts,w1000_04,1,7981,8980,1000,39,2,1.8108992390334606,OK,True,
comunica,r05_region_sample_genotype_counts,w1000_04,1,7981,8980,1000,39,3,1.8365310663357377,OK,True,
comunica,r05_region_sample_genotype_counts,w1000_05,1,110863,111862,1000,39,1,1.7944503221660852,OK,True,
comunica,r05_region_sample_genotype_counts,w1000_05,1,110863,111862,1000,39,2,1.7692274451255798,OK,True,
comunica,r05_region_sample_genotype_counts,w1000_05,1,110863,111862,1000,39,3,1.853017918765545,OK,True,
comunica,r05_region_sample_genotype_counts,w1000_06,1,104311,105310,1000,39,1,1.7951631913892925,OK,True,
comunica,r05_region_sample_genotype_counts,w1000_06,1,104311,105310,1000,39,2,1.79168573115021,OK,True,
comunica,r05_region_sample_genotype_counts,w1000_06,1,104311,105310,1000,39,3,1.8114853110164404,OK,True,
comunica,r05_region_sample_genotype_counts,w1000_07,1,14091,15090,1000,39,1,2.0099335899576545,OK,True,
comunica,r05_region_sample_genotype_counts,w1000_07,1,14091,15090,1000,39,2,1.8621161091141403,OK,True,
comunica,r05_region_sample_genotype_counts,w1000_07,1,14091,15090,1000,39,3,1.8713811673223972,OK,True,
comunica,r05_region_sample_genotype_counts,w1000_08,2,48996,49995,1000,39,1,2.032526503317058,OK,True,
comunica,r05_region_sample_genotype_counts,w1000_08,2,48996,49995,1000,39,2,1.8707856112159789,OK,True,
comunica,r05_region_sample_genotype_counts,w1000_08,2,48996,49995,1000,39,3,1.853680829051882,OK,True,
comunica,r05_region_sample_genotype_counts,w1000_09,1,120145,121144,1000,39,1,1.8137393360957503,OK,True,
comunica,r05_region_sample_genotype_counts,w1000_09,1,120145,121144,1000,39,2,1.8943378799594939,OK,True,
comunica,r05_region_sample_genotype_counts,w1000_09,1,120145,121144,1000,39,3,1.830070047173649,OK,True,
comunica,r05_region_sample_genotype_counts,w1000_10,2,73436,74435,1000,39,1,1.9113932070322335,OK,True,
comunica,r05_region_sample_genotype_counts,w1000_10,2,73436,74435,1000,39,2,1.9552438808605075,OK,True,
comunica,r05_region_sample_genotype_counts,w1000_10,2,73436,74435,1000,39,3,1.9959572651423514,OK,True,
comunica,r05_region_sample_genotype_counts,w1000_11,1,41547,42546,1000,39,1,1.784586638212204,OK,True,
comunica,r05_region_sample_genotype_counts,w1000_11,1,41547,42546,1000,39,2,1.7893807501532137,OK,True,
comunica,r05_region_sample_genotype_counts,w1000_11,1,41547,42546,1000,39,3,1.8483747020363808,OK,True,
comunica,r05_region_sample_genotype_counts,w1000_12,2,112670,113669,1000,39,1,1.7177434330806136,OK,True,
comunica,r05_region_sample_genotype_counts,w1000_12,2,112670,113669,1000,39,2,1.736496341880411,OK,True,
comunica,r05_region_sample_genotype_counts,w1000_12,2,112670,113669,1000,39,3,1.7246079230681062,OK,True,
comunica,r05_region_sample_genotype_counts,w1000_13,2,121328,122327,1000,39,1,1.8925189701840281,OK,True,
comunica,r05_region_sample_genotype_counts,w1000_13,2,121328,122327,1000,39,2,1.9453501356765628,OK,True,
comunica,r05_region_sample_genotype_counts,w1000_13,2,121328,122327,1000,39,3,1.7505700117908418,OK,True,
comunica,r05_region_sample_genotype_counts,w1000_14,2,128114,129113,1000,39,1,1.7154768472537398,OK,True,
comunica,r05_region_sample_genotype_counts,w1000_14,2,128114,129113,1000,39,2,1.7118872622959316,OK,True,
comunica,r05_region_sample_genotype_counts,w1000_14,2,128114,129113,1000,39,3,1.8602892360650003,OK,True,
comunica,r05_region_sample_genotype_counts,w1000_15,1,56237,57236,1000,39,1,2.146444242913276,OK,True,
comunica,r05_region_sample_genotype_counts,w1000_15,1,56237,57236,1000,39,2,2.01287741959095,OK,True,
comunica,r05_region_sample_genotype_counts,w1000_15,1,56237,57236,1000,39,3,2.005942148156464,OK,True,
comunica,r05_region_sample_genotype_counts,w1000_16,1,65883,66882,1000,39,1,2.1701293219812214,OK,True,
comunica,r05_region_sample_genotype_counts,w1000_16,1,65883,66882,1000,39,2,1.8490540608763695,OK,True,
comunica,r05_region_sample_genotype_counts,w1000_16,1,65883,66882,1000,39,3,1.8347556507214904,OK,True,
comunica,r05_region_sample_genotype_counts,w1000_17,2,13298,14297,1000,39,1,1.9320394406095147,OK,True,
comunica,r05_region_sample_genotype_counts,w1000_17,2,13298,14297,1000,39,2,1.919250010047108,OK,True,
comunica,r05_region_sample_genotype_counts,w1000_17,2,13298,14297,1000,39,3,1.897236508782953,OK,True,
comunica,r05_region_sample_genotype_counts,w1000_18,2,32252,33251,1000,39,1,1.899465690832585,OK,True,
comunica,r05_region_sample_genotype_counts,w1000_18,2,32252,33251,1000,39,2,1.8957864833064377,OK,True,
comunica,r05_region_sample_genotype_counts,w1000_18,2,32252,33251,1000,39,3,1.9422920080833137,OK,True,
comunica,r05_region_sample_genotype_counts,w1000_19,1,96953,97952,1000,39,1,1.8758495110087097,OK,True,
comunica,r05_region_sample_genotype_counts,w1000_19,1,96953,97952,1000,39,2,1.9010204342193902,OK,True,
comunica,r05_region_sample_genotype_counts,w1000_19,1,96953,97952,1000,39,3,1.9674514648504555,OK,True,
comunica,r05_region_sample_genotype_counts,w100000_00,2,120002,220001,100000,417,1,1.7540726931765676,OK,True,
comunica,r05_region_sample_genotype_counts,w100000_00,2,120002,220001,100000,417,2,1.7652963818982244,OK,True,
comunica,r05_region_sample_genotype_counts,w100000_00,2,120002,220001,100000,417,3,1.73954251781106,OK,True,
comunica,r05_region_sample_genotype_counts,w100000_01,1,88763,188762,100000,1618,1,1.8490885100327432,OK,True,
comunica,r05_region_sample_genotype_counts,w100000_01,1,88763,188762,100000,1618,2,1.8929977351799607,OK,True,
comunica,r05_region_sample_genotype_counts,w100000_01,1,88763,188762,100000,1618,3,1.8305072081275284,OK,True,
comunica,r05_region_sample_genotype_counts,w100000_02,1,52857,152856,100000,2999,1,2.037833248730749,OK,True,
comunica,r05_region_sample_genotype_counts,w100000_02,1,52857,152856,100000,2999,2,1.8953326409682631,OK,True,
comunica,r05_region_sample_genotype_counts,w100000_02,1,52857,152856,100000,2999,3,1.8820010679773986,OK,True,
comunica,r05_region_sample_genotype_counts,w100000_03,2,52324,152323,100000,3020,1,2.0232751523144543,OK,True,
comunica,r05_region_sample_genotype_counts,w100000_03,2,52324,152323,100000,3020,2,1.9104813700541854,OK,True,
comunica,r05_region_sample_genotype_counts,w100000_03,2,52324,152323,100000,3020,3,1.9293395630083978,OK,True,
comunica,r05_region_sample_genotype_counts,w100000_04,2,34592,134591,100000,3702,1,1.9765430851839483,OK,True,
comunica,r05_region_sample_genotype_counts,w100000_04,2,34592,134591,100000,3702,2,2.051288680639118,OK,True,
comunica,r05_region_sample_genotype_counts,w100000_04,2,34592,134591,100000,3702,3,1.9425139650702477,OK,True,
comunica,r05_region_sample_genotype_counts,w100000_05,1,53975,153974,100000,2956,1,2.06123712612316,OK,True,
comunica,r05_region_sample_genotype_counts,w100000_05,1,53975,153974,100000,2956,2,1.9564923327416182,OK,True,
comunica,r05_region_sample_genotype_counts,w100000_05,1,53975,153974,100000,2956,3,1.904725318774581,OK,True,
comunica,r05_region_sample_genotype_counts,w100000_06,1,116323,216322,100000,558,1,1.8961325800046325,OK,True,
comunica,r05_region_sample_genotype_counts,w100000_06,1,116323,216322,100000,558,2,1.8304534857161343,OK,True,
comunica,r05_region_sample_genotype_counts,w100000_06,1,116323,216322,100000,558,3,1.8540033414028585,OK,True,
comunica,r05_region_sample_genotype_counts,w100000_07,2,54378,154377,100000,2941,1,2.086765385232866,OK,True,
comunica,r05_region_sample_genotype_counts,w100000_07,2,54378,154377,100000,2941,2,2.017256924882531,OK,True,
comunica,r05_region_sample_genotype_counts,w100000_07,2,54378,154377,100000,2941,3,2.104304341133684,OK,True,
comunica,r05_region_sample_genotype_counts,w100000_08,2,7188,107187,100000,3847,1,2.0489081060513854,OK,True,
comunica,r05_region_sample_genotype_counts,w100000_08,2,7188,107187,100000,3847,2,2.063560598064214,OK,True,
comunica,r05_region_sample_genotype_counts,w100000_08,2,7188,107187,100000,3847,3,2.1353544970043004,OK,True,
comunica,r05_region_sample_genotype_counts,w100000_09,2,111448,211447,100000,746,1,1.7847502157092094,OK,True,
comunica,r05_region_sample_genotype_counts,w100000_09,2,111448,211447,100000,746,2,1.8045318140648305,OK,True,
comunica,r05_region_sample_genotype_counts,w100000_09,2,111448,211447,100000,746,3,1.780128477141261,OK,True,
comunica,r05_region_sample_genotype_counts,w100000_10,2,122134,222133,100000,335,1,1.766690766904503,OK,True,
comunica,r05_region_sample_genotype_counts,w100000_10,2,122134,222133,100000,335,2,1.7779639889486134,OK,True,
comunica,r05_region_sample_genotype_counts,w100000_10,2,122134,222133,100000,335,3,1.8279292709194124,OK,True,
comunica,r05_region_sample_genotype_counts,w100000_11,1,4159,104158,100000,3847,1,1.9701650287024677,OK,True,
comunica,r05_region_sample_genotype_counts,w100000_11,1,4159,104158,100000,3847,2,1.9159443615935743,OK,True,
comunica,r05_region_sample_genotype_counts,w100000_11,1,4159,104158,100000,3847,3,2.0763422031886876,OK,True,
comunica,r05_region_sample_genotype_counts,w100000_12,2,13740,113739,100000,3847,1,1.9315147590823472,OK,True,
comunica,r05_region_sample_genotype_counts,w100000_12,2,13740,113739,100000,3847,2,1.9578406130895019,OK,True,
comunica,r05_region_sample_genotype_counts,w100000_12,2,13740,113739,100000,3847,3,2.007693912833929,OK,True,
comunica,r05_region_sample_genotype_counts,w100000_13,2,91324,191323,100000,1520,1,1.8657436394132674,OK,True,
comunica,r05_region_sample_genotype_counts,w100000_13,2,91324,191323,100000,1520,2,1.8250302448868752,OK,True,
comunica,r05_region_sample_genotype_counts,w100000_13,2,91324,191323,100000,1520,3,1.9033567351289093,OK,True,
comunica,r05_region_sample_genotype_counts,w100000_14,2,21254,121253,100000,3847,1,1.9605417880229652,OK,True,
comunica,r05_region_sample_genotype_counts,w100000_14,2,21254,121253,100000,3847,2,1.948018857743591,OK,True,
comunica,r05_region_sample_genotype_counts,w100000_14,2,21254,121253,100000,3847,3,1.992870528716594,OK,True,
comunica,r05_region_sample_genotype_counts,w100000_15,1,111279,211278,100000,752,1,1.8683276390656829,OK,True,
comunica,r05_region_sample_genotype_counts,w100000_15,1,111279,211278,100000,752,2,1.8894375660456717,OK,True,
comunica,r05_region_sample_genotype_counts,w100000_15,1,111279,211278,100000,752,3,1.842930633109063,OK,True,
comunica,r05_region_sample_genotype_counts,w100000_16,1,113957,213956,100000,649,1,1.8620377103798091,OK,True,
comunica,r05_region_sample_genotype_counts,w100000_16,1,113957,213956,100000,649,2,1.8666910268366337,OK,True,
comunica,r05_region_sample_genotype_counts,w100000_16,1,113957,213956,100000,649,3,1.8720181239768863,OK,True,
comunica,r05_region_sample_genotype_counts,w100000_17,1,26389,126388,100000,3847,1,2.0900043500587344,OK,True,
comunica,r05_region_sample_genotype_counts,w100000_17,1,26389,126388,100000,3847,2,2.0437799990177155,OK,True,
comunica,r05_region_sample_genotype_counts,w100000_17,1,26389,126388,100000,3847,3,2.0840340866707265,OK,True,
comunica,r05_region_sample_genotype_counts,w100000_18,2,62074,162073,100000,2645,1,1.871305335778743,OK,True,
comunica,r05_region_sample_genotype_counts,w100000_18,2,62074,162073,100000,2645,2,1.8719503888860345,OK,True,
comunica,r05_region_sample_genotype_counts,w100000_18,2,62074,162073,100000,2645,3,1.8501789788715541,OK,True,
comunica,r05_region_sample_genotype_counts,w100000_19,1,99683,199682,100000,1198,1,1.8313018046319485,OK,True,
comunica,r05_region_sample_genotype_counts,w100000_19,1,99683,199682,100000,1198,2,1.7784641506150365,OK,True,
comunica,r05_region_sample_genotype_counts,w100000_19,1,99683,199682,100000,1198,3,1.7609211010858417,OK,True,
comunica,r05_region_sample_genotype_counts,w1000000_00,2,77700,1077699,1000000,2044,1,1.809068928938359,OK,True,
comunica,r05_region_sample_genotype_counts,w1000000_00,2,77700,1077699,1000000,2044,2,1.8341088169254363,OK,True,
comunica,r05_region_sample_genotype_counts,w1000000_00,2,77700,1077699,1000000,2044,3,1.8314184211194515,OK,True,
comunica,r05_region_sample_genotype_counts,w1000000_01,2,14260,1014259,1000000,4484,1,1.9560248130001128,OK,True,
comunica,r05_region_sample_genotype_counts,w1000000_01,2,14260,1014259,1000000,4484,2,1.9592725499533117,OK,True,
comunica,r05_region_sample_genotype_counts,w1000000_01,2,14260,1014259,1000000,4484,3,2.0121340989135206,OK,True,
comunica,r05_region_sample_genotype_counts,w1000000_02,2,39428,1039427,1000000,3516,1,1.9110912410542369,OK,True,
comunica,r05_region_sample_genotype_counts,w1000000_02,2,39428,1039427,1000000,3516,2,1.9577257903292775,OK,True,
comunica,r05_region_sample_genotype_counts,w1000000_02,2,39428,1039427,1000000,3516,3,1.9782830029726028,OK,True,
comunica,r05_region_sample_genotype_counts,w1000000_03,2,121614,1121613,1000000,355,1,1.8137895190156996,OK,True,
comunica,r05_region_sample_genotype_counts,w1000000_03,2,121614,1121613,1000000,355,2,1.7874295031651855,OK,True,
comunica,r05_region_sample_genotype_counts,w1000000_03,2,121614,1121613,1000000,355,3,1.7961043287068605,OK,True,
comunica,r05_region_sample_genotype_counts,w1000000_04,2,45980,1045979,1000000,3264,1,1.9577908017672598,OK,True,
comunica,r05_region_sample_genotype_counts,w1000000_04,2,45980,1045979,1000000,3264,2,2.0010432563722134,OK,True,
comunica,r05_region_sample_genotype_counts,w1000000_04,2,45980,1045979,1000000,3264,3,1.956997713074088,OK,True,
comunica,r05_region_sample_genotype_counts,w1000000_05,2,74320,1074319,1000000,2174,1,2.0024070008657873,OK,True,
comunica,r05_region_sample_genotype_counts,w1000000_05,2,74320,1074319,1000000,2174,2,1.9185945843346417,OK,True,
comunica,r05_region_sample_genotype_counts,w1000000_05,2,74320,1074319,1000000,2174,3,2.006498468108475,OK,True,
comunica,r05_region_sample_genotype_counts,w1000000_06,1,75477,1075476,1000000,2129,1,1.9443112681619823,OK,True,
comunica,r05_region_sample_genotype_counts,w1000000_06,1,75477,1075476,1000000,2129,2,1.9928291267715394,OK,True,
comunica,r05_region_sample_genotype_counts,w1000000_06,1,75477,1075476,1000000,2129,3,2.1022776211611927,OK,True,
comunica,r05_region_sample_genotype_counts,w1000000_07,1,15729,1015728,1000000,4427,1,1.9644443187862635,OK,True,
comunica,r05_region_sample_genotype_counts,w1000000_07,1,15729,1015728,1000000,4427,2,1.9511358747258782,OK,True,
comunica,r05_region_sample_genotype_counts,w1000000_07,1,15729,1015728,1000000,4427,3,1.9432100839912891,OK,True,
comunica,r05_region_sample_genotype_counts,w1000000_08,2,74268,1074267,1000000,2176,1,1.8690177001990378,OK,True,
comunica,r05_region_sample_genotype_counts,w1000000_08,2,74268,1074267,1000000,2176,2,1.852002628147602,OK,True,
comunica,r05_region_sample_genotype_counts,w1000000_08,2,74268,1074267,1000000,2176,3,1.8435873161070049,OK,True,
comunica,r05_region_sample_genotype_counts,w1000000_09,1,33643,1033642,1000000,3738,1,1.8757727490738034,OK,True,
comunica,r05_region_sample_genotype_counts,w1000000_09,1,33643,1033642,1000000,3738,2,1.8986969301477075,OK,True,
comunica,r05_region_sample_genotype_counts,w1000000_09,1,33643,1033642,1000000,3738,3,1.9823368918150663,OK,True,
comunica,r05_region_sample_genotype_counts,w1000000_10,1,92507,1092506,1000000,1474,1,1.8437551469542086,OK,True,
comunica,r05_region_sample_genotype_counts,w1000000_10,1,92507,1092506,1000000,1474,2,1.859015520196408,OK,True,
comunica,r05_region_sample_genotype_counts,w1000000_10,1,92507,1092506,1000000,1474,3,1.9076510737650096,OK,True,
comunica,r05_region_sample_genotype_counts,w1000000_11,1,121211,1121210,1000000,370,1,1.9019997674040496,OK,True,
comunica,r05_region_sample_genotype_counts,w1000000_11,1,121211,1121210,1000000,370,2,1.789882455021143,OK,True,
comunica,r05_region_sample_genotype_counts,w1000000_11,1,121211,1121210,1000000,370,3,1.8482940453104675,OK,True,
comunica,r05_region_sample_genotype_counts,w1000000_12,1,77765,1077764,1000000,2041,1,1.9243782702833414,OK,True,
comunica,r05_region_sample_genotype_counts,w1000000_12,1,77765,1077764,1000000,2041,2,1.91287215705961,OK,True,
comunica,r05_region_sample_genotype_counts,w1000000_12,1,77765,1077764,1000000,2041,3,1.9737722328864038,OK,True,
comunica,r05_region_sample_genotype_counts,w1000000_13,2,118494,1118493,1000000,475,1,1.8159441659227014,OK,True,
comunica,r05_region_sample_genotype_counts,w1000000_13,2,118494,1118493,1000000,475,2,1.8318102899938822,OK,True,
comunica,r05_region_sample_genotype_counts,w1000000_13,2,118494,1118493,1000000,475,3,1.8165819928981364,OK,True,
comunica,r05_region_sample_genotype_counts,w1000000_14,1,92143,1092142,1000000,1488,1,1.8795595169067383,OK,True,
comunica,r05_region_sample_genotype_counts,w1000000_14,1,92143,1092142,1000000,1488,2,1.9313537902198732,OK,True,
comunica,r05_region_sample_genotype_counts,w1000000_14,1,92143,1092142,1000000,1488,3,1.9341623750515282,OK,True,
comunica,r05_region_sample_genotype_counts,w1000000_15,1,125423,1125422,1000000,208,1,1.873322059866041,OK,True,
comunica,r05_region_sample_genotype_counts,w1000000_15,1,125423,1125422,1000000,208,2,1.8823000499978662,OK,True,
comunica,r05_region_sample_genotype_counts,w1000000_15,1,125423,1125422,1000000,208,3,1.963081588037312,OK,True,
comunica,r05_region_sample_genotype_counts,w1000000_16,2,99852,1099851,1000000,1192,1,1.7888713809661567,OK,True,
comunica,r05_region_sample_genotype_counts,w1000000_16,2,99852,1099851,1000000,1192,2,1.781797077972442,OK,True,
comunica,r05_region_sample_genotype_counts,w1000000_16,2,99852,1099851,1000000,1192,3,1.9088079580105841,OK,True,
comunica,r05_region_sample_genotype_counts,w1000000_17,2,49334,1049333,1000000,3135,1,1.8636542530730367,OK,True,
comunica,r05_region_sample_genotype_counts,w1000000_17,2,49334,1049333,1000000,3135,2,1.8797827917151153,OK,True,
comunica,r05_region_sample_genotype_counts,w1000000_17,2,49334,1049333,1000000,3135,3,1.8935701083391905,OK,True,
comunica,r05_region_sample_genotype_counts,w1000000_18,1,74801,1074800,1000000,2155,1,1.8847366692498326,OK,True,
comunica,r05_region_sample_genotype_counts,w1000000_18,1,74801,1074800,1000000,2155,2,1.875896522309631,OK,True,
comunica,r05_region_sample_genotype_counts,w1000000_18,1,74801,1074800,1000000,2155,3,1.8625731323845685,OK,True,
comunica,r05_region_sample_genotype_counts,w1000000_19,1,121003,1121002,1000000,378,1,1.773651426192373,OK,True,
comunica,r05_region_sample_genotype_counts,w1000000_19,1,121003,1121002,1000000,378,2,1.8013159888796508,OK,True,
comunica,r05_region_sample_genotype_counts,w1000000_19,1,121003,1121002,1000000,378,3,1.7653401014395058,OK,True,
comunica,r05_region_sample_genotype_counts,w10000000_00,1,105481,10105480,10000000,975,1,1.8059456064365804,OK,True,
comunica,r05_region_sample_genotype_counts,w10000000_00,1,105481,10105480,10000000,975,2,1.843975626397878,OK,True,
comunica,r05_region_sample_genotype_counts,w10000000_00,1,105481,10105480,10000000,975,3,1.8789821830578148,OK,True,
comunica,r05_region_sample_genotype_counts,w10000000_01,1,37257,10037256,10000000,3599,1,1.9550123643130064,OK,True,
comunica,r05_region_sample_genotype_counts,w10000000_01,1,37257,10037256,10000000,3599,2,1.934337945189327,OK,True,
comunica,r05_region_sample_genotype_counts,w10000000_01,1,37257,10037256,10000000,3599,3,2.0025418498553336,OK,True,
comunica,r05_region_sample_genotype_counts,w10000000_02,2,92130,10092129,10000000,1489,1,1.894525308161974,OK,True,
comunica,r05_region_sample_genotype_counts,w10000000_02,2,92130,10092129,10000000,1489,2,1.8840741249732673,OK,True,
comunica,r05_region_sample_genotype_counts,w10000000_02,2,92130,10092129,10000000,1489,3,1.9349603750742972,OK,True,
comunica,r05_region_sample_genotype_counts,w10000000_03,1,25557,10025556,10000000,4049,1,2.0550129348412156,OK,True,
comunica,r05_region_sample_genotype_counts,w10000000_03,1,25557,10025556,10000000,4049,2,2.040442856028676,OK,True,
comunica,r05_region_sample_genotype_counts,w10000000_03,1,25557,10025556,10000000,4049,3,2.0471638846211135,OK,True,
comunica,r05_region_sample_genotype_counts,w10000000_04,2,46604,10046603,10000000,3240,1,2.026955866254866,OK,True,
comunica,r05_region_sample_genotype_counts,w10000000_04,2,46604,10046603,10000000,3240,2,2.054893253836781,OK,True,
comunica,r05_region_sample_genotype_counts,w10000000_04,2,46604,10046603,10000000,3240,3,2.1390544292517006,OK,True,
comunica,r05_region_sample_genotype_counts,w10000000_05,1,49477,10049476,10000000,3129,1,1.8705300632864237,OK,True,
comunica,r05_region_sample_genotype_counts,w10000000_05,1,49477,10049476,10000000,3129,2,1.9023282672278583,OK,True,
comunica,r05_region_sample_genotype_counts,w10000000_05,1,49477,10049476,10000000,3129,3,1.8296276940964162,OK,True,
comunica,r05_region_sample_genotype_counts,w10000000_06,1,6499,10006498,10000000,4782,1,1.965382959228009,OK,True,
comunica,r05_region_sample_genotype_counts,w10000000_06,1,6499,10006498,10000000,4782,2,2.0074703679420054,OK,True,
comunica,r05_region_sample_genotype_counts,w10000000_06,1,6499,10006498,10000000,4782,3,1.9852358419448137,OK,True,
comunica,r05_region_sample_genotype_counts,w10000000_07,2,47280,10047279,10000000,3214,1,1.8933179639279842,OK,True,
comunica,r05_region_sample_genotype_counts,w10000000_07,2,47280,10047279,10000000,3214,2,1.8716949517838657,OK,True,
comunica,r05_region_sample_genotype_counts,w10000000_07,2,47280,10047279,10000000,3214,3,1.909976251423359,OK,True,
comunica,r05_region_sample_genotype_counts,w10000000_08,2,88724,10088723,10000000,1620,1,1.8108139438554645,OK,True,
comunica,r05_region_sample_genotype_counts,w10000000_08,2,88724,10088723,10000000,1620,2,1.803699313197285,OK,True,
comunica,r05_region_sample_genotype_counts,w10000000_08,2,88724,10088723,10000000,1620,3,1.9447404542006552,OK,True,
comunica,r05_region_sample_genotype_counts,w10000000_09,2,69692,10069691,10000000,2352,1,1.8449577991850674,OK,True,
comunica,r05_region_sample_genotype_counts,w10000000_09,2,69692,10069691,10000000,2352,2,1.9059576811268926,OK,True,
comunica,r05_region_sample_genotype_counts,w10000000_09,2,69692,10069691,10000000,2352,3,2.0014904821291566,OK,True,
comunica,r05_region_sample_genotype_counts,w10000000_10,1,51271,10051270,10000000,3060,1,1.9545788648538291,OK,True,
comunica,r05_region_sample_genotype_counts,w10000000_10,1,51271,10051270,10000000,3060,2,1.9589227098040283,OK,True,
comunica,r05_region_sample_genotype_counts,w10000000_10,1,51271,10051270,10000000,3060,3,2.007666344754398,OK,True,
comunica,r05_region_sample_genotype_counts,w10000000_11,1,116349,10116348,10000000,557,1,1.8921922463923693,OK,True,
comunica,r05_region_sample_genotype_counts,w10000000_11,1,116349,10116348,10000000,557,2,1.8987346682697535,OK,True,
comunica,r05_region_sample_genotype_counts,w10000000_11,1,116349,10116348,10000000,557,3,1.9516220525838435,OK,True,
comunica,r05_region_sample_genotype_counts,w10000000_12,1,121471,10121470,10000000,360,1,1.8871792247518897,OK,True,
comunica,r05_region_sample_genotype_counts,w10000000_12,1,121471,10121470,10000000,360,2,1.8922225679270923,OK,True,
comunica,r05_region_sample_genotype_counts,w10000000_12,1,121471,10121470,10000000,360,3,1.9241333012469113,OK,True,
comunica,r05_region_sample_genotype_counts,w10000000_13,2,115582,10115581,10000000,587,1,1.9480736600235105,OK,True,
comunica,r05_region_sample_genotype_counts,w10000000_13,2,115582,10115581,10000000,587,2,1.9361215373501182,OK,True,
comunica,r05_region_sample_genotype_counts,w10000000_13,2,115582,10115581,10000000,587,3,1.975943653844297,OK,True,
comunica,r05_region_sample_genotype_counts,w10000000_14,2,74138,10074137,10000000,2181,1,1.8743567164056003,OK,True,
comunica,r05_region_sample_genotype_counts,w10000000_14,2,74138,10074137,10000000,2181,2,1.8761452161706984,OK,True,
comunica,r05_region_sample_genotype_counts,w10000000_14,2,74138,10074137,10000000,2181,3,1.8735086871311069,OK,True,
comunica,r05_region_sample_genotype_counts,w10000000_15,1,50231,10050230,10000000,3100,1,1.9582853866741061,OK,True,
comunica,r05_region_sample_genotype_counts,w10000000_15,1,50231,10050230,10000000,3100,2,1.9048175448551774,OK,True,
comunica,r05_region_sample_genotype_counts,w10000000_15,1,50231,10050230,10000000,3100,3,1.9002936547622085,OK,True,
comunica,r05_region_sample_genotype_counts,w10000000_16,1,20669,10020668,10000000,4237,1,1.9925837046466768,OK,True,
comunica,r05_region_sample_genotype_counts,w10000000_16,1,20669,10020668,10000000,4237,2,1.9184399154037237,OK,True,
comunica,r05_region_sample_genotype_counts,w10000000_16,1,20669,10020668,10000000,4237,3,2.1162296435795724,OK,True,
comunica,r05_region_sample_genotype_counts,w10000000_17,1,66273,10066272,10000000,2483,1,1.9411357217468321,OK,True,
comunica,r05_region_sample_genotype_counts,w10000000_17,1,66273,10066272,10000000,2483,2,1.8947223681025207,OK,True,
comunica,r05_region_sample_genotype_counts,w10000000_17,1,66273,10066272,10000000,2483,3,1.8856854010373354,OK,True,
comunica,r05_region_sample_genotype_counts,w10000000_18,1,57745,10057744,10000000,2811,1,1.9079456799663603,OK,True,
comunica,r05_region_sample_genotype_counts,w10000000_18,1,57745,10057744,10000000,2811,2,1.8847953700460494,OK,True,
comunica,r05_region_sample_genotype_counts,w10000000_18,1,57745,10057744,10000000,2811,3,1.898323715198785,OK,True,
comunica,r05_region_sample_genotype_counts,w10000000_19,1,102907,10102906,10000000,1074,1,1.8045641114003956,OK,True,
comunica,r05_region_sample_genotype_counts,w10000000_19,1,102907,10102906,10000000,1074,2,1.8119401498697698,OK,True,
comunica,r05_region_sample_genotype_counts,w10000000_19,1,102907,10102906,10000000,1074,3,1.873833823017776,OK,True,
hdt,r01_region_record_count,w1000_00,2,53546,54545,1000,39,1,0.49891439406201243,OK,True,
hdt,r01_region_record_count,w1000_00,2,53546,54545,1000,39,2,0.38849951792508364,OK,True,
hdt,r01_region_record_count,w1000_00,2,53546,54545,1000,39,3,0.39009732799604535,OK,True,
hdt,r01_region_record_count,w1000_01,2,79858,80857,1000,39,1,0.37667044438421726,OK,True,
hdt,r01_region_record_count,w1000_01,2,79858,80857,1000,39,2,0.38053084583953023,OK,True,
hdt,r01_region_record_count,w1000_01,2,79858,80857,1000,39,3,0.3667447566986084,OK,True,
hdt,r01_region_record_count,w1000_02,1,90739,91738,1000,39,1,0.3911541341803968,OK,True,
hdt,r01_region_record_count,w1000_02,1,90739,91738,1000,39,2,0.37970219226554036,OK,True,
hdt,r01_region_record_count,w1000_02,1,90739,91738,1000,39,3,0.37319031823426485,OK,True,
hdt,r01_region_record_count,w1000_03,2,44394,45393,1000,39,1,0.3826376823708415,OK,True,
hdt,r01_region_record_count,w1000_03,2,44394,45393,1000,39,2,0.3847475810907781,OK,True,
hdt,r01_region_record_count,w1000_03,2,44394,45393,1000,39,3,0.39266664488241076,OK,True,
hdt,r01_region_record_count,w1000_04,1,7981,8980,1000,39,1,0.3912224671803415,OK,True,
hdt,r01_region_record_count,w1000_04,1,7981,8980,1000,39,2,0.38716437481343746,OK,True,
hdt,r01_region_record_count,w1000_04,1,7981,8980,1000,39,3,0.40153607120737433,OK,True,
hdt,r01_region_record_count,w1000_05,1,110863,111862,1000,39,1,0.40439986204728484,OK,True,
hdt,r01_region_record_count,w1000_05,1,110863,111862,1000,39,2,0.3791583520360291,OK,True,
hdt,r01_region_record_count,w1000_05,1,110863,111862,1000,39,3,0.3594737839885056,OK,True,
hdt,r01_region_record_count,w1000_06,1,104311,105310,1000,39,1,0.3505671969614923,OK,True,
hdt,r01_region_record_count,w1000_06,1,104311,105310,1000,39,2,0.35345141077414155,OK,True,
hdt,r01_region_record_count,w1000_06,1,104311,105310,1000,39,3,0.34599349508062005,OK,True,
hdt,r01_region_record_count,w1000_07,1,14091,15090,1000,39,1,0.38312809402123094,OK,True,
hdt,r01_region_record_count,w1000_07,1,14091,15090,1000,39,2,0.38366959569975734,OK,True,
hdt,r01_region_record_count,w1000_07,1,14091,15090,1000,39,3,0.3850011029280722,OK,True,
hdt,r01_region_record_count,w1000_08,2,48996,49995,1000,39,1,0.3750765370205045,OK,True,
hdt,r01_region_record_count,w1000_08,2,48996,49995,1000,39,2,0.40262705180794,OK,True,
hdt,r01_region_record_count,w1000_08,2,48996,49995,1000,39,3,0.3930595829151571,OK,True,
hdt,r01_region_record_count,w1000_09,1,120145,121144,1000,39,1,0.3663283148780465,OK,True,
hdt,r01_region_record_count,w1000_09,1,120145,121144,1000,39,2,0.3610211187042296,OK,True,
hdt,r01_region_record_count,w1000_09,1,120145,121144,1000,39,3,0.36643293499946594,OK,True,
hdt,r01_region_record_count,w1000_10,2,73436,74435,1000,39,1,0.35076171020045877,OK,True,
hdt,r01_region_record_count,w1000_10,2,73436,74435,1000,39,2,0.3567811846733093,OK,True,
hdt,r01_region_record_count,w1000_10,2,73436,74435,1000,39,3,0.37167899729683995,OK,True,
hdt,r01_region_record_count,w1000_11,1,41547,42546,1000,39,1,0.38374498300254345,OK,True,
hdt,r01_region_record_count,w1000_11,1,41547,42546,1000,39,2,0.38294646004214883,OK,True,
hdt,r01_region_record_count,w1000_11,1,41547,42546,1000,39,3,0.40443283319473267,OK,True,
hdt,r01_region_record_count,w1000_12,2,112670,113669,1000,39,1,0.3753313608467579,OK,True,
hdt,r01_region_record_count,w1000_12,2,112670,113669,1000,39,2,0.35793719068169594,OK,True,
hdt,r01_region_record_count,w1000_12,2,112670,113669,1000,39,3,0.36262704711407423,OK,True,
hdt,r01_region_record_count,w1000_13,2,121328,122327,1000,39,1,0.3460443839430809,OK,True,
hdt,r01_region_record_count,w1000_13,2,121328,122327,1000,39,2,0.36385267972946167,OK,True,
hdt,r01_region_record_count,w1000_13,2,121328,122327,1000,39,3,0.3622175441123545,OK,True,
hdt,r01_region_record_count,w1000_14,2,128114,129113,1000,39,1,0.36997918458655477,OK,True,
hdt,r01_region_record_count,w1000_14,2,128114,129113,1000,39,2,0.3678432619199157,OK,True,
hdt,r01_region_record_count,w1000_14,2,128114,129113,1000,39,3,0.36586284916847944,OK,True,
hdt,r01_region_record_count,w1000_15,1,56237,57236,1000,39,1,0.3751529911532998,OK,True,
hdt,r01_region_record_count,w1000_15,1,56237,57236,1000,39,2,0.3633071528747678,OK,True,
hdt,r01_region_record_count,w1000_15,1,56237,57236,1000,39,3,0.35597539506852627,OK,True,
hdt,r01_region_record_count,w1000_16,1,65883,66882,1000,39,1,0.372400030028075,OK,True,
hdt,r01_region_record_count,w1000_16,1,65883,66882,1000,39,2,0.37660154793411493,OK,True,
hdt,r01_region_record_count,w1000_16,1,65883,66882,1000,39,3,0.3762594209983945,OK,True,
hdt,r01_region_record_count,w1000_17,2,13298,14297,1000,39,1,0.40739007061347365,OK,True,
hdt,r01_region_record_count,w1000_17,2,13298,14297,1000,39,2,0.381453612819314,OK,True,
hdt,r01_region_record_count,w1000_17,2,13298,14297,1000,39,3,0.3860199539922178,OK,True,
hdt,r01_region_record_count,w1000_18,2,32252,33251,1000,39,1,0.3919499791227281,OK,True,
hdt,r01_region_record_count,w1000_18,2,32252,33251,1000,39,2,0.3715082569979131,OK,True,
hdt,r01_region_record_count,w1000_18,2,32252,33251,1000,39,3,0.38264705799520016,OK,True,
hdt,r01_region_record_count,w1000_19,1,96953,97952,1000,39,1,0.35431080078706145,OK,True,
hdt,r01_region_record_count,w1000_19,1,96953,97952,1000,39,2,0.3524973760358989,OK,True,
hdt,r01_region_record_count,w1000_19,1,96953,97952,1000,39,3,0.3833497818559408,OK,True,
hdt,r01_region_record_count,w100000_00,2,120002,220001,100000,417,1,0.39087967900559306,OK,True,
hdt,r01_region_record_count,w100000_00,2,120002,220001,100000,417,2,0.3856534599326551,OK,True,
hdt,r01_region_record_count,w100000_00,2,120002,220001,100000,417,3,0.35855653788894415,OK,True,
hdt,r01_region_record_count,w100000_01,1,88763,188762,100000,1618,1,0.4083482571877539,OK,True,
hdt,r01_region_record_count,w100000_01,1,88763,188762,100000,1618,2,0.40348473796620965,OK,True,
hdt,r01_region_record_count,w100000_01,1,88763,188762,100000,1618,3,0.39881433406844735,OK,True,
hdt,r01_region_record_count,w100000_02,1,52857,152856,100000,2999,1,0.4494052128866315,OK,True,
hdt,r01_region_record_count,w100000_02,1,52857,152856,100000,2999,2,0.43101541325449944,OK,True,
hdt,r01_region_record_count,w100000_02,1,52857,152856,100000,2999,3,0.41843450302258134,OK,True,
hdt,r01_region_record_count,w100000_03,2,52324,152323,100000,3020,1,0.4135002810508013,OK,True,
hdt,r01_region_record_count,w100000_03,2,52324,152323,100000,3020,2,0.40384679241105914,OK,True,
hdt,r01_region_record_count,w100000_03,2,52324,152323,100000,3020,3,0.4182709841988981,OK,True,
hdt,r01_region_record_count,w100000_04,2,34592,134591,100000,3702,1,0.45634951815009117,OK,True,
hdt,r01_region_record_count,w100000_04,2,34592,134591,100000,3702,2,0.4488474982790649,OK,True,
hdt,r01_region_record_count,w100000_04,2,34592,134591,100000,3702,3,0.4432704262435436,OK,True,
hdt,r01_region_record_count,w100000_05,1,53975,153974,100000,2956,1,0.4174620471894741,OK,True,
hdt,r01_region_record_count,w100000_05,1,53975,153974,100000,2956,2,0.4152876175940037,OK,True,
hdt,r01_region_record_count,w100000_05,1,53975,153974,100000,2956,3,0.42231073789298534,OK,True,
hdt,r01_region_record_count,w100000_06,1,116323,216322,100000,558,1,0.3673346019349992,OK,True,
hdt,r01_region_record_count,w100000_06,1,116323,216322,100000,558,2,0.36808571591973305,OK,True,
hdt,r01_region_record_count,w100000_06,1,116323,216322,100000,558,3,0.3919792100787163,OK,True,
hdt,r01_region_record_count,w100000_07,2,54378,154377,100000,2941,1,0.42228613421320915,OK,True,
hdt,r01_region_record_count,w100000_07,2,54378,154377,100000,2941,2,0.43957254104316235,OK,True,
hdt,r01_region_record_count,w100000_07,2,54378,154377,100000,2941,3,0.4080215683206916,OK,True,
hdt,r01_region_record_count,w100000_08,2,7188,107187,100000,3847,1,0.48343965597450733,OK,True,
hdt,r01_region_record_count,w100000_08,2,7188,107187,100000,3847,2,0.46689117792993784,OK,True,
hdt,r01_region_record_count,w100000_08,2,7188,107187,100000,3847,3,0.45737207122147083,OK,True,
hdt,r01_region_record_count,w100000_09,2,111448,211447,100000,746,1,0.36609146371483803,OK,True,
hdt,r01_region_record_count,w100000_09,2,111448,211447,100000,746,2,0.361230063252151,OK,True,
hdt,r01_region_record_count,w100000_09,2,111448,211447,100000,746,3,0.38052322110161185,OK,True,
hdt,r01_region_record_count,w100000_10,2,122134,222133,100000,335,1,0.3619808000512421,OK,True,
hdt,r01_region_record_count,w100000_10,2,122134,222133,100000,335,2,0.35878482460975647,OK,True,
hdt,r01_region_record_count,w100000_10,2,122134,222133,100000,335,3,0.36425177985802293,OK,True,
hdt,r01_region_record_count,w100000_11,1,4159,104158,100000,3847,1,0.4767476310953498,OK,True,
hdt,r01_region_record_count,w100000_11,1,4159,104158,100000,3847,2,0.49139150977134705,OK,True,
hdt,r01_region_record_count,w100000_11,1,4159,104158,100000,3847,3,0.48125702701509,OK,True,
hdt,r01_region_record_count,w100000_12,2,13740,113739,100000,3847,1,0.45450380397960544,OK,True,
hdt,r01_region_record_count,w100000_12,2,13740,113739,100000,3847,2,0.4762857621535659,OK,True,
hdt,r01_region_record_count,w100000_12,2,13740,113739,100000,3847,3,0.4715192150324583,OK,True,
hdt,r01_region_record_count,w100000_13,2,91324,191323,100000,1520,1,0.37883302196860313,OK,True,
hdt,r01_region_record_count,w100000_13,2,91324,191323,100000,1520,2,0.38205309584736824,OK,True,
hdt,r01_region_record_count,w100000_13,2,91324,191323,100000,1520,3,0.4006960988044739,OK,True,
hdt,r01_region_record_count,w100000_14,2,21254,121253,100000,3847,1,0.4796887910924852,OK,True,
hdt,r01_region_record_count,w100000_14,2,21254,121253,100000,3847,2,0.48638555500656366,OK,True,
hdt,r01_region_record_count,w100000_14,2,21254,121253,100000,3847,3,0.49806354520842433,OK,True,
hdt,r01_region_record_count,w100000_15,1,111279,211278,100000,752,1,0.37449368741363287,OK,True,
hdt,r01_region_record_count,w100000_15,1,111279,211278,100000,752,2,0.3976226900704205,OK,True,
hdt,r01_region_record_count,w100000_15,1,111279,211278,100000,752,3,0.3928773351944983,OK,True,
hdt,r01_region_record_count,w100000_16,1,113957,213956,100000,649,1,0.39037651009857655,OK,True,
hdt,r01_region_record_count,w100000_16,1,113957,213956,100000,649,2,0.3798458222299814,OK,True,
hdt,r01_region_record_count,w100000_16,1,113957,213956,100000,649,3,0.3795805121771991,OK,True,
hdt,r01_region_record_count,w100000_17,1,26389,126388,100000,3847,1,0.45616410439834,OK,True,
hdt,r01_region_record_count,w100000_17,1,26389,126388,100000,3847,2,0.47613311326131225,OK,True,
hdt,r01_region_record_count,w100000_17,1,26389,126388,100000,3847,3,0.4854043168015778,OK,True,
hdt,r01_region_record_count,w100000_18,2,62074,162073,100000,2645,1,0.43547035101801157,OK,True,
hdt,r01_region_record_count,w100000_18,2,62074,162073,100000,2645,2,0.4532871460542083,OK,True,
hdt,r01_region_record_count,w100000_18,2,62074,162073,100000,2645,3,0.44560521887615323,OK,True,
hdt,r01_region_record_count,w100000_19,1,99683,199682,100000,1198,1,0.38775174925103784,OK,True,
hdt,r01_region_record_count,w100000_19,1,99683,199682,100000,1198,2,0.3860285193659365,OK,True,
hdt,r01_region_record_count,w100000_19,1,99683,199682,100000,1198,3,0.38527926802635193,OK,True,
hdt,r01_region_record_count,w1000000_00,2,77700,1077699,1000000,2044,1,0.4161721682175994,OK,True,
hdt,r01_region_record_count,w1000000_00,2,77700,1077699,1000000,2044,2,0.4613713067956269,OK,True,
hdt,r01_region_record_count,w1000000_00,2,77700,1077699,1000000,2044,3,0.42687153490260243,OK,True,
hdt,r01_region_record_count,w1000000_01,2,14260,1014259,1000000,4484,1,0.49683310417458415,OK,True,
hdt,r01_region_record_count,w1000000_01,2,14260,1014259,1000000,4484,2,0.5080942860804498,OK,True,
hdt,r01_region_record_count,w1000000_01,2,14260,1014259,1000000,4484,3,0.5249668820761144,OK,True,
hdt,r01_region_record_count,w1000000_02,2,39428,1039427,1000000,3516,1,0.4584956602193415,OK,True,
hdt,r01_region_record_count,w1000000_02,2,39428,1039427,1000000,3516,2,0.4305480718612671,OK,True,
hdt,r01_region_record_count,w1000000_02,2,39428,1039427,1000000,3516,3,0.4289460829459131,OK,True,
hdt,r01_region_record_count,w1000000_03,2,121614,1121613,1000000,355,1,0.35698998300358653,OK,True,
hdt,r01_region_record_count,w1000000_03,2,121614,1121613,1000000,355,2,0.39524973556399345,OK,True,
hdt,r01_region_record_count,w1000000_03,2,121614,1121613,1000000,355,3,0.3910088981501758,OK,True,
hdt,r01_region_record_count,w1000000_04,2,45980,1045979,1000000,3264,1,0.46104917535558343,OK,True,
hdt,r01_region_record_count,w1000000_04,2,45980,1045979,1000000,3264,2,0.4635999100282788,OK,True,
hdt,r01_region_record_count,w1000000_04,2,45980,1045979,1000000,3264,3,0.45419709105044603,OK,True,
hdt,r01_region_record_count,w1000000_05,2,74320,1074319,1000000,2174,1,0.4069966357201338,OK,True,
hdt,r01_region_record_count,w1000000_05,2,74320,1074319,1000000,2174,2,0.4187096110545099,OK,True,
hdt,r01_region_record_count,w1000000_05,2,74320,1074319,1000000,2174,3,0.4122071862220764,OK,True,
hdt,r01_region_record_count,w1000000_06,1,75477,1075476,1000000,2129,1,0.4125303141772747,OK,True,
hdt,r01_region_record_count,w1000000_06,1,75477,1075476,1000000,2129,2,0.414054234046489,OK,True,
hdt,r01_region_record_count,w1000000_06,1,75477,1075476,1000000,2129,3,0.3994867820292711,OK,True,
hdt,r01_region_record_count,w1000000_07,1,15729,1015728,1000000,4427,1,0.5299906400032341,OK,True,
hdt,r01_region_record_count,w1000000_07,1,15729,1015728,1000000,4427,2,0.5379983526654541,OK,True,
hdt,r01_region_record_count,w1000000_07,1,15729,1015728,1000000,4427,3,0.5136513118632138,OK,True,
hdt,r01_region_record_count,w1000000_08,2,74268,1074267,1000000,2176,1,0.4117204323410988,OK,True,
hdt,r01_region_record_count,w1000000_08,2,74268,1074267,1000000,2176,2,0.41307095205411315,OK,True,
hdt,r01_region_record_count,w1000000_08,2,74268,1074267,1000000,2176,3,0.40390328597277403,OK,True,
hdt,r01_region_record_count,w1000000_09,1,33643,1033642,1000000,3738,1,0.4700017529539764,OK,True,
hdt,r01_region_record_count,w1000000_09,1,33643,1033642,1000000,3738,2,0.438560763373971,OK,True,
hdt,r01_region_record_count,w1000000_09,1,33643,1033642,1000000,3738,3,0.448458441067487,OK,True,
hdt,r01_region_record_count,w1000000_10,1,92507,1092506,1000000,1474,1,0.38452119706198573,OK,True,
hdt,r01_region_record_count,w1000000_10,1,92507,1092506,1000000,1474,2,0.37732325587421656,OK,True,
hdt,r01_region_record_count,w1000000_10,1,92507,1092506,1000000,1474,3,0.4248934560455382,OK,True,
hdt,r01_region_record_count,w1000000_11,1,121211,1121210,1000000,370,1,0.38728520879521966,OK,True,
hdt,r01_region_record_count,w1000000_11,1,121211,1121210,1000000,370,2,0.3841643910855055,OK,True,
hdt,r01_region_record_count,w1000000_11,1,121211,1121210,1000000,370,3,0.37629282381385565,OK,True,
hdt,r01_region_record_count,w1000000_12,1,77765,1077764,1000000,2041,1,0.3979309261776507,OK,True,
hdt,r01_region_record_count,w1000000_12,1,77765,1077764,1000000,2041,2,0.4153989600017667,OK,True,
hdt,r01_region_record_count,w1000000_12,1,77765,1077764,1000000,2041,3,0.39833072992041707,OK,True,
hdt,r01_region_record_count,w1000000_13,2,118494,1118493,1000000,475,1,0.35851960396394134,OK,True,
hdt,r01_region_record_count,w1000000_13,2,118494,1118493,1000000,475,2,0.35988192772492766,OK,True,
hdt,r01_region_record_count,w1000000_13,2,118494,1118493,1000000,475,3,0.3609892399981618,OK,True,
hdt,r01_region_record_count,w1000000_14,1,92143,1092142,1000000,1488,1,0.3943789768964052,OK,True,
hdt,r01_region_record_count,w1000000_14,1,92143,1092142,1000000,1488,2,0.37493434781208634,OK,True,
hdt,r01_region_record_count,w1000000_14,1,92143,1092142,1000000,1488,3,0.3734341962262988,OK,True,
hdt,r01_region_record_count,w1000000_15,1,125423,1125422,1000000,208,1,0.36890984792262316,OK,True,
hdt,r01_region_record_count,w1000000_15,1,125423,1125422,1000000,208,2,0.3615351431071758,OK,True,
hdt,r01_region_record_count,w1000000_15,1,125423,1125422,1000000,208,3,0.3460618630051613,OK,True,
hdt,r01_region_record_count,w1000000_16,2,99852,1099851,1000000,1192,1,0.36430444614961743,OK,True,
hdt,r01_region_record_count,w1000000_16,2,99852,1099851,1000000,1192,2,0.3792083617299795,OK,True,
hdt,r01_region_record_count,w1000000_16,2,99852,1099851,1000000,1192,3,0.421718118712306,OK,True,
hdt,r01_region_record_count,w1000000_17,2,49334,1049333,1000000,3135,1,0.47706499183550477,OK,True,
hdt,r01_region_record_count,w1000000_17,2,49334,1049333,1000000,3135,2,0.4410211592912674,OK,True,
hdt,r01_region_record_count,w1000000_17,2,49334,1049333,1000000,3135,3,0.41970284888520837,OK,True,
hdt,r01_region_record_count,w1000000_18,1,74801,1074800,1000000,2155,1,0.3852869994007051,OK,True,
hdt,r01_region_record_count,w1000000_18,1,74801,1074800,1000000,2155,2,0.41448355419561267,OK,True,
hdt,r01_region_record_count,w1000000_18,1,74801,1074800,1000000,2155,3,0.4185523893684149,OK,True,
hdt,r01_region_record_count,w1000000_19,1,121003,1121002,1000000,378,1,0.3900479138828814,OK,True,
hdt,r01_region_record_count,w1000000_19,1,121003,1121002,1000000,378,2,0.3739370908588171,OK,True,
hdt,r01_region_record_count,w1000000_19,1,121003,1121002,1000000,378,3,0.3909600027836859,OK,True,
hdt,r01_region_record_count,w10000000_00,1,105481,10105480,10000000,975,1,0.3792999372817576,OK,True,
hdt,r01_region_record_count,w10000000_00,1,105481,10105480,10000000,975,2,0.36665733624249697,OK,True,
hdt,r01_region_record_count,w10000000_00,1,105481,10105480,10000000,975,3,0.3564160862006247,OK,True,
hdt,r01_region_record_count,w10000000_01,1,37257,10037256,10000000,3599,1,0.42923713522031903,OK,True,
hdt,r01_region_record_count,w10000000_01,1,37257,10037256,10000000,3599,2,0.4404856190085411,OK,True,
hdt,r01_region_record_count,w10000000_01,1,37257,10037256,10000000,3599,3,0.44137110421434045,OK,True,
hdt,r01_region_record_count,w10000000_02,2,92130,10092129,10000000,1489,1,0.36869205813854933,OK,True,
hdt,r01_region_record_count,w10000000_02,2,92130,10092129,10000000,1489,2,0.3906906433403492,OK,True,
hdt,r01_region_record_count,w10000000_02,2,92130,10092129,10000000,1489,3,0.4255087124183774,OK,True,
hdt,r01_region_record_count,w10000000_03,1,25557,10025556,10000000,4049,1,0.5204636980779469,OK,True,
hdt,r01_region_record_count,w10000000_03,1,25557,10025556,10000000,4049,2,0.49063602974638343,OK,True,
hdt,r01_region_record_count,w10000000_03,1,25557,10025556,10000000,4049,3,0.4873303221538663,OK,True,
hdt,r01_region_record_count,w10000000_04,2,46604,10046603,10000000,3240,1,0.4390363642014563,OK,True,
hdt,r01_region_record_count,w10000000_04,2,46604,10046603,10000000,3240,2,0.4561033211648464,OK,True,
hdt,r01_region_record_count,w10000000_04,2,46604,10046603,10000000,3240,3,0.4550655069760978,OK,True,
hdt,r01_region_record_count,w10000000_05,1,49477,10049476,10000000,3129,1,0.4552956991828978,OK,True,
hdt,r01_region_record_count,w10000000_05,1,49477,10049476,10000000,3129,2,0.453309896402061,OK,True,
hdt,r01_region_record_count,w10000000_05,1,49477,10049476,10000000,3129,3,0.42232158686965704,OK,True,
hdt,r01_region_record_count,w10000000_06,1,6499,10006498,10000000,4782,1,0.4936843980103731,OK,True,
hdt,r01_region_record_count,w10000000_06,1,6499,10006498,10000000,4782,2,0.47682881308719516,OK,True,
hdt,r01_region_record_count,w10000000_06,1,6499,10006498,10000000,4782,3,0.4804275371134281,OK,True,
hdt,r01_region_record_count,w10000000_07,2,47280,10047279,10000000,3214,1,0.4277769639156759,OK,True,
hdt,r01_region_record_count,w10000000_07,2,47280,10047279,10000000,3214,2,0.4469110299833119,OK,True,
hdt,r01_region_record_count,w10000000_07,2,47280,10047279,10000000,3214,3,0.46596924494951963,OK,True,
hdt,r01_region_record_count,w10000000_08,2,88724,10088723,10000000,1620,1,0.4133595898747444,OK,True,
hdt,r01_region_record_count,w10000000_08,2,88724,10088723,10000000,1620,2,0.3799899001605809,OK,True,
hdt,r01_region_record_count,w10000000_08,2,88724,10088723,10000000,1620,3,0.39254811499267817,OK,True,
hdt,r01_region_record_count,w10000000_09,2,69692,10069691,10000000,2352,1,0.44446352403610945,OK,True,
hdt,r01_region_record_count,w10000000_09,2,69692,10069691,10000000,2352,2,0.4305277871899307,OK,True,
hdt,r01_region_record_count,w10000000_09,2,69692,10069691,10000000,2352,3,0.42195660388097167,OK,True,
hdt,r01_region_record_count,w10000000_10,1,51271,10051270,10000000,3060,1,0.45680449809879065,OK,True,
hdt,r01_region_record_count,w10000000_10,1,51271,10051270,10000000,3060,2,0.4319606232456863,OK,True,
hdt,r01_region_record_count,w10000000_10,1,51271,10051270,10000000,3060,3,0.45192310819402337,OK,True,
hdt,r01_region_record_count,w10000000_11,1,116349,10116348,10000000,557,1,0.37251335894688964,OK,True,
hdt,r01_region_record_count,w10000000_11,1,116349,10116348,10000000,557,2,0.3710331837646663,OK,True,
hdt,r01_region_record_count,w10000000_11,1,116349,10116348,10000000,557,3,0.3887242362834513,OK,True,
hdt,r01_region_record_count,w10000000_12,1,121471,10121470,10000000,360,1,0.4206498428247869,OK,True,
hdt,r01_region_record_count,w10000000_12,1,121471,10121470,10000000,360,2,0.4037963571026921,OK,True,
hdt,r01_region_record_count,w10000000_12,1,121471,10121470,10000000,360,3,0.38300225185230374,OK,True,
hdt,r01_region_record_count,w10000000_13,2,115582,10115581,10000000,587,1,0.4025116069242358,OK,True,
hdt,r01_region_record_count,w10000000_13,2,115582,10115581,10000000,587,2,0.37675308296456933,OK,True,
hdt,r01_region_record_count,w10000000_13,2,115582,10115581,10000000,587,3,0.3765912209637463,OK,True,
hdt,r01_region_record_count,w10000000_14,2,74138,10074137,10000000,2181,1,0.4003729191608727,OK,True,
hdt,r01_region_record_count,w10000000_14,2,74138,10074137,10000000,2181,2,0.3860749937593937,OK,True,
hdt,r01_region_record_count,w10000000_14,2,74138,10074137,10000000,2181,3,0.4057204080745578,OK,True,
hdt,r01_region_record_count,w10000000_15,1,50231,10050230,10000000,3100,1,0.426975108217448,OK,True,
hdt,r01_region_record_count,w10000000_15,1,50231,10050230,10000000,3100,2,0.41386472061276436,OK,True,
hdt,r01_region_record_count,w10000000_15,1,50231,10050230,10000000,3100,3,0.4263938469812274,OK,True,
hdt,r01_region_record_count,w10000000_16,1,20669,10020668,10000000,4237,1,0.5095277531072497,OK,True,
hdt,r01_region_record_count,w10000000_16,1,20669,10020668,10000000,4237,2,0.4914360949769616,OK,True,
hdt,r01_region_record_count,w10000000_16,1,20669,10020668,10000000,4237,3,0.4749104003421962,OK,True,
hdt,r01_region_record_count,w10000000_17,1,66273,10066272,10000000,2483,1,0.42203499004244804,OK,True,
hdt,r01_region_record_count,w10000000_17,1,66273,10066272,10000000,2483,2,0.4061925457790494,OK,True,
hdt,r01_region_record_count,w10000000_17,1,66273,10066272,10000000,2483,3,0.40205552289262414,OK,True,
hdt,r01_region_record_count,w10000000_18,1,57745,10057744,10000000,2811,1,0.4327335371635854,OK,True,
hdt,r01_region_record_count,w10000000_18,1,57745,10057744,10000000,2811,2,0.4117644941434264,OK,True,
hdt,r01_region_record_count,w10000000_18,1,57745,10057744,10000000,2811,3,0.4245972759090364,OK,True,
hdt,r01_region_record_count,w10000000_19,1,102907,10102906,10000000,1074,1,0.3712433413602412,OK,True,
hdt,r01_region_record_count,w10000000_19,1,102907,10102906,10000000,1074,2,0.3780093011446297,OK,True,
hdt,r01_region_record_count,w10000000_19,1,102907,10102906,10000000,1074,3,0.3979085492901504,OK,True,
hdt,r02_region_variant_shape_counts,w1000_00,2,53546,54545,1000,39,1,1.6120677469298244,OK,True,
hdt,r02_region_variant_shape_counts,w1000_00,2,53546,54545,1000,39,2,1.6027760058641434,OK,True,
hdt,r02_region_variant_shape_counts,w1000_00,2,53546,54545,1000,39,3,1.4944534418173134,OK,True,
hdt,r02_region_variant_shape_counts,w1000_01,2,79858,80857,1000,39,1,1.512483882252127,OK,True,
hdt,r02_region_variant_shape_counts,w1000_01,2,79858,80857,1000,39,2,1.5354175749234855,OK,True,
hdt,r02_region_variant_shape_counts,w1000_01,2,79858,80857,1000,39,3,1.5554880863055587,OK,True,
hdt,r02_region_variant_shape_counts,w1000_02,1,90739,91738,1000,39,1,1.5593082699924707,OK,True,
hdt,r02_region_variant_shape_counts,w1000_02,1,90739,91738,1000,39,2,1.5606155470013618,OK,True,
hdt,r02_region_variant_shape_counts,w1000_02,1,90739,91738,1000,39,3,1.5013258890248835,OK,True,
hdt,r02_region_variant_shape_counts,w1000_03,2,44394,45393,1000,39,1,1.5374502493068576,OK,True,
hdt,r02_region_variant_shape_counts,w1000_03,2,44394,45393,1000,39,2,1.611260237172246,OK,True,
hdt,r02_region_variant_shape_counts,w1000_03,2,44394,45393,1000,39,3,1.6051804670132697,OK,True,
hdt,r02_region_variant_shape_counts,w1000_04,1,7981,8980,1000,39,1,1.6145865968428552,OK,True,
hdt,r02_region_variant_shape_counts,w1000_04,1,7981,8980,1000,39,2,1.5522193596698344,OK,True,
hdt,r02_region_variant_shape_counts,w1000_04,1,7981,8980,1000,39,3,1.5535844978876412,OK,True,
hdt,r02_region_variant_shape_counts,w1000_05,1,110863,111862,1000,39,1,1.57242401689291,OK,True,
hdt,r02_region_variant_shape_counts,w1000_05,1,110863,111862,1000,39,2,1.5162797681987286,OK,True,
hdt,r02_region_variant_shape_counts,w1000_05,1,110863,111862,1000,39,3,1.5066969157196581,OK,True,
hdt,r02_region_variant_shape_counts,w1000_06,1,104311,105310,1000,39,1,1.486856209114194,OK,True,
hdt,r02_region_variant_shape_counts,w1000_06,1,104311,105310,1000,39,2,1.515442528296262,OK,True,
hdt,r02_region_variant_shape_counts,w1000_06,1,104311,105310,1000,39,3,1.517526953946799,OK,True,
hdt,r02_region_variant_shape_counts,w1000_07,1,14091,15090,1000,39,1,1.575625924859196,OK,True,
hdt,r02_region_variant_shape_counts,w1000_07,1,14091,15090,1000,39,2,1.5429880400188267,OK,True,
hdt,r02_region_variant_shape_counts,w1000_07,1,14091,15090,1000,39,3,1.5456224498338997,OK,True,
hdt,r02_region_variant_shape_counts,w1000_08,2,48996,49995,1000,39,1,1.5118441637605429,OK,True,
hdt,r02_region_variant_shape_counts,w1000_08,2,48996,49995,1000,39,2,1.5529137779958546,OK,True,
hdt,r02_region_variant_shape_counts,w1000_08,2,48996,49995,1000,39,3,1.5872430829331279,OK,True,
hdt,r02_region_variant_shape_counts,w1000_09,1,120145,121144,1000,39,1,1.524407232645899,OK,True,
hdt,r02_region_variant_shape_counts,w1000_09,1,120145,121144,1000,39,2,1.4883999610319734,OK,True,
hdt,r02_region_variant_shape_counts,w1000_09,1,120145,121144,1000,39,3,1.46765882615,OK,True,
hdt,r02_region_variant_shape_counts,w1000_10,2,73436,74435,1000,39,1,1.5608684332109988,OK,True,
hdt,r02_region_variant_shape_counts,w1000_10,2,73436,74435,1000,39,2,1.5368147110566497,OK,True,
hdt,r02_region_variant_shape_counts,w1000_10,2,73436,74435,1000,39,3,1.5699561471119523,OK,True,
hdt,r02_region_variant_shape_counts,w1000_11,1,41547,42546,1000,39,1,1.5579687533900142,OK,True,
hdt,r02_region_variant_shape_counts,w1000_11,1,41547,42546,1000,39,2,1.5182257248088717,OK,True,
hdt,r02_region_variant_shape_counts,w1000_11,1,41547,42546,1000,39,3,1.6336111268028617,OK,True,
hdt,r02_region_variant_shape_counts,w1000_12,2,112670,113669,1000,39,1,1.4767986107617617,OK,True,
hdt,r02_region_variant_shape_counts,w1000_12,2,112670,113669,1000,39,2,1.5860457243397832,OK,True,
hdt,r02_region_variant_shape_counts,w1000_12,2,112670,113669,1000,39,3,1.5820338828489184,OK,True,
hdt,r02_region_variant_shape_counts,w1000_13,2,121328,122327,1000,39,1,1.5042888610623777,OK,True,
hdt,r02_region_variant_shape_counts,w1000_13,2,121328,122327,1000,39,2,1.5387969641014934,OK,True,
hdt,r02_region_variant_shape_counts,w1000_13,2,121328,122327,1000,39,3,1.5065174922347069,OK,True,
hdt,r02_region_variant_shape_counts,w1000_14,2,128114,129113,1000,39,1,1.4661246929317713,OK,True,
hdt,r02_region_variant_shape_counts,w1000_14,2,128114,129113,1000,39,2,1.4757738849148154,OK,True,
hdt,r02_region_variant_shape_counts,w1000_14,2,128114,129113,1000,39,3,1.5298396991565824,OK,True,
hdt,r02_region_variant_shape_counts,w1000_15,1,56237,57236,1000,39,1,1.52358379913494,OK,True,
hdt,r02_region_variant_shape_counts,w1000_15,1,56237,57236,1000,39,2,1.5159292980097234,OK,True,
hdt,r02_region_variant_shape_counts,w1000_15,1,56237,57236,1000,39,3,1.5401301616802812,OK,True,
hdt,r02_region_variant_shape_counts,w1000_16,1,65883,66882,1000,39,1,1.5395621261559427,OK,True,
hdt,r02_region_variant_shape_counts,w1000_16,1,65883,66882,1000,39,2,1.5024955212138593,OK,True,
hdt,r02_region_variant_shape_counts,w1000_16,1,65883,66882,1000,39,3,1.6258769296109676,OK,True,
hdt,r02_region_variant_shape_counts,w1000_17,2,13298,14297,1000,39,1,1.542383641935885,OK,True,
hdt,r02_region_variant_shape_counts,w1000_17,2,13298,14297,1000,39,2,1.5529298041947186,OK,True,
hdt,r02_region_variant_shape_counts,w1000_17,2,13298,14297,1000,39,3,1.5407126410864294,OK,True,
hdt,r02_region_variant_shape_counts,w1000_18,2,32252,33251,1000,39,1,1.5110447108745575,OK,True,
hdt,r02_region_variant_shape_counts,w1000_18,2,32252,33251,1000,39,2,1.5561763546429574,OK,True,
hdt,r02_region_variant_shape_counts,w1000_18,2,32252,33251,1000,39,3,1.5331508098170161,OK,True,
hdt,r02_region_variant_shape_counts,w1000_19,1,96953,97952,1000,39,1,1.4996925108134747,OK,True,
hdt,r02_region_variant_shape_counts,w1000_19,1,96953,97952,1000,39,2,1.5223295572213829,OK,True,
hdt,r02_region_variant_shape_counts,w1000_19,1,96953,97952,1000,39,3,1.537140843924135,OK,True,
hdt,r02_region_variant_shape_counts,w100000_00,2,120002,220001,100000,417,1,1.5357811162248254,OK,True,
hdt,r02_region_variant_shape_counts,w100000_00,2,120002,220001,100000,417,2,1.5189070268534124,OK,True,
hdt,r02_region_variant_shape_counts,w100000_00,2,120002,220001,100000,417,3,1.5378900161013007,OK,True,
hdt,r02_region_variant_shape_counts,w100000_01,1,88763,188762,100000,1618,1,1.580307160038501,OK,True,
hdt,r02_region_variant_shape_counts,w100000_01,1,88763,188762,100000,1618,2,1.551293679047376,OK,True,
hdt,r02_region_variant_shape_counts,w100000_01,1,88763,188762,100000,1618,3,1.5324733201414347,OK,True,
hdt,r02_region_variant_shape_counts,w100000_02,1,52857,152856,100000,2999,1,1.6166937998495996,OK,True,
hdt,r02_region_variant_shape_counts,w100000_02,1,52857,152856,100000,2999,2,1.625106564257294,OK,True,
hdt,r02_region_variant_shape_counts,w100000_02,1,52857,152856,100000,2999,3,1.606396394316107,OK,True,
hdt,r02_region_variant_shape_counts,w100000_03,2,52324,152323,100000,3020,1,1.6478280699811876,OK,True,
hdt,r02_region_variant_shape_counts,w100000_03,2,52324,152323,100000,3020,2,1.5923954057507217,OK,True,
hdt,r02_region_variant_shape_counts,w100000_03,2,52324,152323,100000,3020,3,1.5947947087697685,OK,True,
hdt,r02_region_variant_shape_counts,w100000_04,2,34592,134591,100000,3702,1,1.6768191950395703,OK,True,
hdt,r02_region_variant_shape_counts,w100000_04,2,34592,134591,100000,3702,2,1.64025346795097,OK,True,
hdt,r02_region_variant_shape_counts,w100000_04,2,34592,134591,100000,3702,3,1.604886227287352,OK,True,
hdt,r02_region_variant_shape_counts,w100000_05,1,53975,153974,100000,2956,1,1.6225091931410134,OK,True,
hdt,r02_region_variant_shape_counts,w100000_05,1,53975,153974,100000,2956,2,1.6109329629689455,OK,True,
hdt,r02_region_variant_shape_counts,w100000_05,1,53975,153974,100000,2956,3,1.6290884260088205,OK,True,
hdt,r02_region_variant_shape_counts,w100000_06,1,116323,216322,100000,558,1,1.5115542020648718,OK,True,
hdt,r02_region_variant_shape_counts,w100000_06,1,116323,216322,100000,558,2,1.531721081584692,OK,True,
hdt,r02_region_variant_shape_counts,w100000_06,1,116323,216322,100000,558,3,1.4966407669708133,OK,True,
hdt,r02_region_variant_shape_counts,w100000_07,2,54378,154377,100000,2941,1,1.638742518145591,OK,True,
hdt,r02_region_variant_shape_counts,w100000_07,2,54378,154377,100000,2941,2,1.6586852888576686,OK,True,
hdt,r02_region_variant_shape_counts,w100000_07,2,54378,154377,100000,2941,3,1.6434037811122835,OK,True,
hdt,r02_region_variant_shape_counts,w100000_08,2,7188,107187,100000,3847,1,1.7082072421908379,OK,True,
hdt,r02_region_variant_shape_counts,w100000_08,2,7188,107187,100000,3847,2,1.6290612360462546,OK,True,
hdt,r02_region_variant_shape_counts,w100000_08,2,7188,107187,100000,3847,3,1.6341375992633402,OK,True,
hdt,r02_region_variant_shape_counts,w100000_09,2,111448,211447,100000,746,1,1.5055962428450584,OK,True,
hdt,r02_region_variant_shape_counts,w100000_09,2,111448,211447,100000,746,2,1.593420818913728,OK,True,
hdt,r02_region_variant_shape_counts,w100000_09,2,111448,211447,100000,746,3,1.4866050793789327,OK,True,
hdt,r02_region_variant_shape_counts,w100000_10,2,122134,222133,100000,335,1,1.486631846986711,OK,True,
hdt,r02_region_variant_shape_counts,w100000_10,2,122134,222133,100000,335,2,1.479777601081878,OK,True,
hdt,r02_region_variant_shape_counts,w100000_10,2,122134,222133,100000,335,3,1.5157030951231718,OK,True,
hdt,r02_region_variant_shape_counts,w100000_11,1,4159,104158,100000,3847,1,1.6799590229056776,OK,True,
hdt,r02_region_variant_shape_counts,w100000_11,1,4159,104158,100000,3847,2,1.7144287778064609,OK,True,
hdt,r02_region_variant_shape_counts,w100000_11,1,4159,104158,100000,3847,3,1.7377784210257232,OK,True,
hdt,r02_region_variant_shape_counts,w100000_12,2,13740,113739,100000,3847,1,1.6613354519940913,OK,True,
hdt,r02_region_variant_shape_counts,w100000_12,2,13740,113739,100000,3847,2,1.647654689848423,OK,True,
hdt,r02_region_variant_shape_counts,w100000_12,2,13740,113739,100000,3847,3,1.7349679209291935,OK,True,
hdt,r02_region_variant_shape_counts,w100000_13,2,91324,191323,100000,1520,1,1.624650347046554,OK,True,
hdt,r02_region_variant_shape_counts,w100000_13,2,91324,191323,100000,1520,2,1.571666254196316,OK,True,
hdt,r02_region_variant_shape_counts,w100000_13,2,91324,191323,100000,1520,3,1.5323997880332172,OK,True,
hdt,r02_region_variant_shape_counts,w100000_14,2,21254,121253,100000,3847,1,1.6848042169585824,OK,True,
hdt,r02_region_variant_shape_counts,w100000_14,2,21254,121253,100000,3847,2,1.7002893593162298,OK,True,
hdt,r02_region_variant_shape_counts,w100000_14,2,21254,121253,100000,3847,3,1.6858110050670803,OK,True,
hdt,r02_region_variant_shape_counts,w100000_15,1,111279,211278,100000,752,1,1.5376271707937121,OK,True,
hdt,r02_region_variant_shape_counts,w100000_15,1,111279,211278,100000,752,2,1.4959609569050372,OK,True,
hdt,r02_region_variant_shape_counts,w100000_15,1,111279,211278,100000,752,3,1.54458526102826,OK,True,
hdt,r02_region_variant_shape_counts,w100000_16,1,113957,213956,100000,649,1,1.5035082739777863,OK,True,
hdt,r02_region_variant_shape_counts,w100000_16,1,113957,213956,100000,649,2,1.518934880848974,OK,True,
hdt,r02_region_variant_shape_counts,w100000_16,1,113957,213956,100000,649,3,1.5423768600448966,OK,True,
hdt,r02_region_variant_shape_counts,w100000_17,1,26389,126388,100000,3847,1,1.6359702120535076,OK,True,
hdt,r02_region_variant_shape_counts,w100000_17,1,26389,126388,100000,3847,2,1.6202266542240977,OK,True,
hdt,r02_region_variant_shape_counts,w100000_17,1,26389,126388,100000,3847,3,1.5934521327726543,OK,True,
hdt,r02_region_variant_shape_counts,w100000_18,2,62074,162073,100000,2645,1,1.5727013139985502,OK,True,
hdt,r02_region_variant_shape_counts,w100000_18,2,62074,162073,100000,2645,2,1.6003501489758492,OK,True,
hdt,r02_region_variant_shape_counts,w100000_18,2,62074,162073,100000,2645,3,1.6103929271921515,OK,True,
hdt,r02_region_variant_shape_counts,w100000_19,1,99683,199682,100000,1198,1,1.5230733500793576,OK,True,
hdt,r02_region_variant_shape_counts,w100000_19,1,99683,199682,100000,1198,2,1.5089785032905638,OK,True,
hdt,r02_region_variant_shape_counts,w100000_19,1,99683,199682,100000,1198,3,1.506782895885408,OK,True,
hdt,r02_region_variant_shape_counts,w1000000_00,2,77700,1077699,1000000,2044,1,1.5529402941465378,OK,True,
hdt,r02_region_variant_shape_counts,w1000000_00,2,77700,1077699,1000000,2044,2,1.5903207859955728,OK,True,
hdt,r02_region_variant_shape_counts,w1000000_00,2,77700,1077699,1000000,2044,3,1.5657383352518082,OK,True,
hdt,r02_region_variant_shape_counts,w1000000_01,2,14260,1014259,1000000,4484,1,1.6682982491329312,OK,True,
hdt,r02_region_variant_shape_counts,w1000000_01,2,14260,1014259,1000000,4484,2,1.6742343525402248,OK,True,
hdt,r02_region_variant_shape_counts,w1000000_01,2,14260,1014259,1000000,4484,3,1.69235480716452,OK,True,
hdt,r02_region_variant_shape_counts,w1000000_02,2,39428,1039427,1000000,3516,1,1.6612394582480192,OK,True,
hdt,r02_region_variant_shape_counts,w1000000_02,2,39428,1039427,1000000,3516,2,1.6570109999738634,OK,True,
hdt,r02_region_variant_shape_counts,w1000000_02,2,39428,1039427,1000000,3516,3,1.6171796540729702,OK,True,
hdt,r02_region_variant_shape_counts,w1000000_03,2,121614,1121613,1000000,355,1,1.50372579600662,OK,True,
hdt,r02_region_variant_shape_counts,w1000000_03,2,121614,1121613,1000000,355,2,1.504280738066882,OK,True,
hdt,r02_region_variant_shape_counts,w1000000_03,2,121614,1121613,1000000,355,3,1.4825781667605042,OK,True,
hdt,r02_region_variant_shape_counts,w1000000_04,2,45980,1045979,1000000,3264,1,1.6033159331418574,OK,True,
hdt,r02_region_variant_shape_counts,w1000000_04,2,45980,1045979,1000000,3264,2,1.722946650814265,OK,True,
hdt,r02_region_variant_shape_counts,w1000000_04,2,45980,1045979,1000000,3264,3,1.6346121220849454,OK,True,
hdt,r02_region_variant_shape_counts,w1000000_05,2,74320,1074319,1000000,2174,1,1.5762398759834468,OK,True,
hdt,r02_region_variant_shape_counts,w1000000_05,2,74320,1074319,1000000,2174,2,1.5772480489686131,OK,True,
hdt,r02_region_variant_shape_counts,w1000000_05,2,74320,1074319,1000000,2174,3,1.591399794910103,OK,True,
hdt,r02_region_variant_shape_counts,w1000000_06,1,75477,1075476,1000000,2129,1,1.6980968131683767,OK,True,
hdt,r02_region_variant_shape_counts,w1000000_06,1,75477,1075476,1000000,2129,2,1.5536421542055905,OK,True,
hdt,r02_region_variant_shape_counts,w1000000_06,1,75477,1075476,1000000,2129,3,1.5965246628038585,OK,True,
hdt,r02_region_variant_shape_counts,w1000000_07,1,15729,1015728,1000000,4427,1,1.7393627329729497,OK,True,
hdt,r02_region_variant_shape_counts,w1000000_07,1,15729,1015728,1000000,4427,2,1.648599537089467,OK,True,
hdt,r02_region_variant_shape_counts,w1000000_07,1,15729,1015728,1000000,4427,3,1.6664303839206696,OK,True,
hdt,r02_region_variant_shape_counts,w1000000_08,2,74268,1074267,1000000,2176,1,1.5867714826017618,OK,True,
hdt,r02_region_variant_shape_counts,w1000000_08,2,74268,1074267,1000000,2176,2,1.5544927017763257,OK,True,
hdt,r02_region_variant_shape_counts,w1000000_08,2,74268,1074267,1000000,2176,3,1.5629237880930305,OK,True,
hdt,r02_region_variant_shape_counts,w1000000_09,1,33643,1033642,1000000,3738,1,1.65996286412701,OK,True,
hdt,r02_region_variant_shape_counts,w1000000_09,1,33643,1033642,1000000,3738,2,1.6752374758943915,OK,True,
hdt,r02_region_variant_shape_counts,w1000000_09,1,33643,1033642,1000000,3738,3,1.6360753499902785,OK,True,
hdt,r02_region_variant_shape_counts,w1000000_10,1,92507,1092506,1000000,1474,1,1.5988344652578235,OK,True,
hdt,r02_region_variant_shape_counts,w1000000_10,1,92507,1092506,1000000,1474,2,1.5667125592008233,OK,True,
hdt,r02_region_variant_shape_counts,w1000000_10,1,92507,1092506,1000000,1474,3,1.5918002617545426,OK,True,
hdt,r02_region_variant_shape_counts,w1000000_11,1,121211,1121210,1000000,370,1,1.5046688672155142,OK,True,
hdt,r02_region_variant_shape_counts,w1000000_11,1,121211,1121210,1000000,370,2,1.4991694670170546,OK,True,
hdt,r02_region_variant_shape_counts,w1000000_11,1,121211,1121210,1000000,370,3,1.5678603812120855,OK,True,
hdt,r02_region_variant_shape_counts,w1000000_12,1,77765,1077764,1000000,2041,1,1.572096912190318,OK,True,
hdt,r02_region_variant_shape_counts,w1000000_12,1,77765,1077764,1000000,2041,2,1.5382020534016192,OK,True,
hdt,r02_region_variant_shape_counts,w1000000_12,1,77765,1077764,1000000,2041,3,1.5582570200785995,OK,True,
hdt,r02_region_variant_shape_counts,w1000000_13,2,118494,1118493,1000000,475,1,1.4928783816285431,OK,True,
hdt,r02_region_variant_shape_counts,w1000000_13,2,118494,1118493,1000000,475,2,1.5038748299703002,OK,True,
hdt,r02_region_variant_shape_counts,w1000000_13,2,118494,1118493,1000000,475,3,1.4843015363439918,OK,True,
hdt,r02_region_variant_shape_counts,w1000000_14,1,92143,1092142,1000000,1488,1,1.568688090890646,OK,True,
hdt,r02_region_variant_shape_counts,w1000000_14,1,92143,1092142,1000000,1488,2,1.52609580475837,OK,True,
hdt,r02_region_variant_shape_counts,w1000000_14,1,92143,1092142,1000000,1488,3,1.5242800880223513,OK,True,
hdt,r02_region_variant_shape_counts,w1000000_15,1,125423,1125422,1000000,208,1,1.46483663469553,OK,True,
hdt,r02_region_variant_shape_counts,w1000000_15,1,125423,1125422,1000000,208,2,1.543335988651961,OK,True,
hdt,r02_region_variant_shape_counts,w1000000_15,1,125423,1125422,1000000,208,3,1.4719368978403509,OK,True,
hdt,r02_region_variant_shape_counts,w1000000_16,2,99852,1099851,1000000,1192,1,1.648396366275847,OK,True,
hdt,r02_region_variant_shape_counts,w1000000_16,2,99852,1099851,1000000,1192,2,1.5170224802568555,OK,True,
hdt,r02_region_variant_shape_counts,w1000000_16,2,99852,1099851,1000000,1192,3,1.5699322447180748,OK,True,
hdt,r02_region_variant_shape_counts,w1000000_17,2,49334,1049333,1000000,3135,1,1.5769407479092479,OK,True,
hdt,r02_region_variant_shape_counts,w1000000_17,2,49334,1049333,1000000,3135,2,1.6480700206011534,OK,True,
hdt,r02_region_variant_shape_counts,w1000000_17,2,49334,1049333,1000000,3135,3,1.5817793449386954,OK,True,
hdt,r02_region_variant_shape_counts,w1000000_18,1,74801,1074800,1000000,2155,1,1.6059662098996341,OK,True,
hdt,r02_region_variant_shape_counts,w1000000_18,1,74801,1074800,1000000,2155,2,1.5964592569507658,OK,True,
hdt,r02_region_variant_shape_counts,w1000000_18,1,74801,1074800,1000000,2155,3,1.6000515408813953,OK,True,
hdt,r02_region_variant_shape_counts,w1000000_19,1,121003,1121002,1000000,378,1,1.528798472136259,OK,True,
hdt,r02_region_variant_shape_counts,w1000000_19,1,121003,1121002,1000000,378,2,1.4886209717951715,OK,True,
hdt,r02_region_variant_shape_counts,w1000000_19,1,121003,1121002,1000000,378,3,1.5009715110063553,OK,True,
hdt,r02_region_variant_shape_counts,w10000000_00,1,105481,10105480,10000000,975,1,1.52144870813936,OK,True,
hdt,r02_region_variant_shape_counts,w10000000_00,1,105481,10105480,10000000,975,2,1.508591478690505,OK,True,
hdt,r02_region_variant_shape_counts,w10000000_00,1,105481,10105480,10000000,975,3,1.5720127876847982,OK,True,
hdt,r02_region_variant_shape_counts,w10000000_01,1,37257,10037256,10000000,3599,1,1.6454281215555966,OK,True,
hdt,r02_region_variant_shape_counts,w10000000_01,1,37257,10037256,10000000,3599,2,1.6364292339421809,OK,True,
hdt,r02_region_variant_shape_counts,w10000000_01,1,37257,10037256,10000000,3599,3,1.670181442052126,OK,True,
hdt,r02_region_variant_shape_counts,w10000000_02,2,92130,10092129,10000000,1489,1,1.521232231054455,OK,True,
hdt,r02_region_variant_shape_counts,w10000000_02,2,92130,10092129,10000000,1489,2,1.5403316970914602,OK,True,
hdt,r02_region_variant_shape_counts,w10000000_02,2,92130,10092129,10000000,1489,3,1.5582705638371408,OK,True,
hdt,r02_region_variant_shape_counts,w10000000_03,1,25557,10025556,10000000,4049,1,1.666683642193675,OK,True,
hdt,r02_region_variant_shape_counts,w10000000_03,1,25557,10025556,10000000,4049,2,1.704514950979501,OK,True,
hdt,r02_region_variant_shape_counts,w10000000_03,1,25557,10025556,10000000,4049,3,1.6728161689825356,OK,True,
hdt,r02_region_variant_shape_counts,w10000000_04,2,46604,10046603,10000000,3240,1,1.5756305549293756,OK,True,
hdt,r02_region_variant_shape_counts,w10000000_04,2,46604,10046603,10000000,3240,2,1.593576550949365,OK,True,
hdt,r02_region_variant_shape_counts,w10000000_04,2,46604,10046603,10000000,3240,3,1.5987127381376922,OK,True,
hdt,r02_region_variant_shape_counts,w10000000_05,1,49477,10049476,10000000,3129,1,1.6541019678115845,OK,True,
hdt,r02_region_variant_shape_counts,w10000000_05,1,49477,10049476,10000000,3129,2,1.5833024326711893,OK,True,
hdt,r02_region_variant_shape_counts,w10000000_05,1,49477,10049476,10000000,3129,3,1.6123697590082884,OK,True,
hdt,r02_region_variant_shape_counts,w10000000_06,1,6499,10006498,10000000,4782,1,1.7049630247056484,OK,True,
hdt,r02_region_variant_shape_counts,w10000000_06,1,6499,10006498,10000000,4782,2,1.6881329026073217,OK,True,
hdt,r02_region_variant_shape_counts,w10000000_06,1,6499,10006498,10000000,4782,3,1.7420827350579202,OK,True,
hdt,r02_region_variant_shape_counts,w10000000_07,2,47280,10047279,10000000,3214,1,1.6525968667119741,OK,True,
hdt,r02_region_variant_shape_counts,w10000000_07,2,47280,10047279,10000000,3214,2,1.6185667612589896,OK,True,
hdt,r02_region_variant_shape_counts,w10000000_07,2,47280,10047279,10000000,3214,3,1.6384667311795056,OK,True,
hdt,r02_region_variant_shape_counts,w10000000_08,2,88724,10088723,10000000,1620,1,1.592660950962454,OK,True,
hdt,r02_region_variant_shape_counts,w10000000_08,2,88724,10088723,10000000,1620,2,1.5539007890038192,OK,True,
hdt,r02_region_variant_shape_counts,w10000000_08,2,88724,10088723,10000000,1620,3,1.5694956639781594,OK,True,
hdt,r02_region_variant_shape_counts,w10000000_09,2,69692,10069691,10000000,2352,1,1.6162794339470565,OK,True,
hdt,r02_region_variant_shape_counts,w10000000_09,2,69692,10069691,10000000,2352,2,1.592030177358538,OK,True,
hdt,r02_region_variant_shape_counts,w10000000_09,2,69692,10069691,10000000,2352,3,1.6042008232325315,OK,True,
hdt,r02_region_variant_shape_counts,w10000000_10,1,51271,10051270,10000000,3060,1,1.6098433947190642,OK,True,
hdt,r02_region_variant_shape_counts,w10000000_10,1,51271,10051270,10000000,3060,2,1.6646477850154042,OK,True,
hdt,r02_region_variant_shape_counts,w10000000_10,1,51271,10051270,10000000,3060,3,1.6904666777700186,OK,True,
hdt,r02_region_variant_shape_counts,w10000000_11,1,116349,10116348,10000000,557,1,1.524336006026715,OK,True,
hdt,r02_region_variant_shape_counts,w10000000_11,1,116349,10116348,10000000,557,2,1.5053302068263292,OK,True,
hdt,r02_region_variant_shape_counts,w10000000_11,1,116349,10116348,10000000,557,3,1.4947823090478778,OK,True,
hdt,r02_region_variant_shape_counts,w10000000_12,1,121471,10121470,10000000,360,1,1.4989489377476275,OK,True,
hdt,r02_region_variant_shape_counts,w10000000_12,1,121471,10121470,10000000,360,2,1.4978223466314375,OK,True,
hdt,r02_region_variant_shape_counts,w10000000_12,1,121471,10121470,10000000,360,3,1.4995697299018502,OK,True,
hdt,r02_region_variant_shape_counts,w10000000_13,2,115582,10115581,10000000,587,1,1.5617250930517912,OK,True,
hdt,r02_region_variant_shape_counts,w10000000_13,2,115582,10115581,10000000,587,2,1.4789514122530818,OK,True,
hdt,r02_region_variant_shape_counts,w10000000_13,2,115582,10115581,10000000,587,3,1.5045599122531712,OK,True,
hdt,r02_region_variant_shape_counts,w10000000_14,2,74138,10074137,10000000,2181,1,1.663653640076518,OK,True,
hdt,r02_region_variant_shape_counts,w10000000_14,2,74138,10074137,10000000,2181,2,1.5826693717390299,OK,True,
hdt,r02_region_variant_shape_counts,w10000000_14,2,74138,10074137,10000000,2181,3,1.579086719546467,OK,True,
hdt,r02_region_variant_shape_counts,w10000000_15,1,50231,10050230,10000000,3100,1,1.618408212903887,OK,True,
hdt,r02_region_variant_shape_counts,w10000000_15,1,50231,10050230,10000000,3100,2,1.6432926086708903,OK,True,
hdt,r02_region_variant_shape_counts,w10000000_15,1,50231,10050230,10000000,3100,3,1.6689133127219975,OK,True,
hdt,r02_region_variant_shape_counts,w10000000_16,1,20669,10020668,10000000,4237,1,1.6778080468066037,OK,True,
hdt,r02_region_variant_shape_counts,w10000000_16,1,20669,10020668,10000000,4237,2,1.6407590857706964,OK,True,
hdt,r02_region_variant_shape_counts,w10000000_16,1,20669,10020668,10000000,4237,3,1.6519590420648456,OK,True,
hdt,r02_region_variant_shape_counts,w10000000_17,1,66273,10066272,10000000,2483,1,1.6111530256457627,OK,True,
hdt,r02_region_variant_shape_counts,w10000000_17,1,66273,10066272,10000000,2483,2,1.580151756759733,OK,True,
hdt,r02_region_variant_shape_counts,w10000000_17,1,66273,10066272,10000000,2483,3,1.5640106839127839,OK,True,
hdt,r02_region_variant_shape_counts,w10000000_18,1,57745,10057744,10000000,2811,1,1.5653132237493992,OK,True,
hdt,r02_region_variant_shape_counts,w10000000_18,1,57745,10057744,10000000,2811,2,1.6239396492019296,OK,True,
hdt,r02_region_variant_shape_counts,w10000000_18,1,57745,10057744,10000000,2811,3,1.6520120510831475,OK,True,
hdt,r02_region_variant_shape_counts,w10000000_19,1,102907,10102906,10000000,1074,1,1.605925559066236,OK,True,
hdt,r02_region_variant_shape_counts,w10000000_19,1,102907,10102906,10000000,1074,2,1.610342142637819,OK,True,
hdt,r02_region_variant_shape_counts,w10000000_19,1,102907,10102906,10000000,1074,3,1.5770688061602414,OK,True,
hdt,r03_region_titv,w1000_00,2,53546,54545,1000,39,1,0.9616197147406638,OK,True,
hdt,r03_region_titv,w1000_00,2,53546,54545,1000,39,2,0.9729940230026841,OK,True,
hdt,r03_region_titv,w1000_00,2,53546,54545,1000,39,3,0.956928578671068,OK,True,
hdt,r03_region_titv,w1000_01,2,79858,80857,1000,39,1,0.9618770317174494,OK,True,
hdt,r03_region_titv,w1000_01,2,79858,80857,1000,39,2,0.9394816402345896,OK,True,
hdt,r03_region_titv,w1000_01,2,79858,80857,1000,39,3,0.9876338890753686,OK,True,
hdt,r03_region_titv,w1000_02,1,90739,91738,1000,39,1,0.9276599050499499,OK,True,
hdt,r03_region_titv,w1000_02,1,90739,91738,1000,39,2,0.9290574230253696,OK,True,
hdt,r03_region_titv,w1000_02,1,90739,91738,1000,39,3,0.9391134288161993,OK,True,
hdt,r03_region_titv,w1000_03,2,44394,45393,1000,39,1,0.9406249411404133,OK,True,
hdt,r03_region_titv,w1000_03,2,44394,45393,1000,39,2,0.916627717204392,OK,True,
hdt,r03_region_titv,w1000_03,2,44394,45393,1000,39,3,0.9491803590208292,OK,True,
hdt,r03_region_titv,w1000_04,1,7981,8980,1000,39,1,0.9483669153414667,OK,True,
hdt,r03_region_titv,w1000_04,1,7981,8980,1000,39,2,0.951742934063077,OK,True,
hdt,r03_region_titv,w1000_04,1,7981,8980,1000,39,3,0.9902343521825969,OK,True,
hdt,r03_region_titv,w1000_05,1,110863,111862,1000,39,1,0.9474181239493191,OK,True,
hdt,r03_region_titv,w1000_05,1,110863,111862,1000,39,2,0.9180807839147747,OK,True,
hdt,r03_region_titv,w1000_05,1,110863,111862,1000,39,3,0.921328485943377,OK,True,
hdt,r03_region_titv,w1000_06,1,104311,105310,1000,39,1,0.9294236339628696,OK,True,
hdt,r03_region_titv,w1000_06,1,104311,105310,1000,39,2,0.9115046700462699,OK,True,
hdt,r03_region_titv,w1000_06,1,104311,105310,1000,39,3,0.896585222799331,OK,True,
hdt,r03_region_titv,w1000_07,1,14091,15090,1000,39,1,0.920529505237937,OK,True,
hdt,r03_region_titv,w1000_07,1,14091,15090,1000,39,2,0.9774643713608384,OK,True,
hdt,r03_region_titv,w1000_07,1,14091,15090,1000,39,3,0.9432935402728617,OK,True,
hdt,r03_region_titv,w1000_08,2,48996,49995,1000,39,1,0.9635527213104069,OK,True,
hdt,r03_region_titv,w1000_08,2,48996,49995,1000,39,2,0.975769265089184,OK,True,
hdt,r03_region_titv,w1000_08,2,48996,49995,1000,39,3,0.9464730308391154,OK,True,
hdt,r03_region_titv,w1000_09,1,120145,121144,1000,39,1,0.9139829459600151,OK,True,
hdt,r03_region_titv,w1000_09,1,120145,121144,1000,39,2,0.931480155326426,OK,True,
hdt,r03_region_titv,w1000_09,1,120145,121144,1000,39,3,0.9459159462712705,OK,True,
hdt,r03_region_titv,w1000_10,2,73436,74435,1000,39,1,0.9513733731582761,OK,True,
hdt,r03_region_titv,w1000_10,2,73436,74435,1000,39,2,0.9235887671820819,OK,True,
hdt,r03_region_titv,w1000_10,2,73436,74435,1000,39,3,0.9199639116413891,OK,True,
hdt,r03_region_titv,w1000_11,1,41547,42546,1000,39,1,0.9122020862996578,OK,True,
hdt,r03_region_titv,w1000_11,1,41547,42546,1000,39,2,1.0100749488919973,OK,True,
hdt,r03_region_titv,w1000_11,1,41547,42546,1000,39,3,0.9287669681943953,OK,True,
hdt,r03_region_titv,w1000_12,2,112670,113669,1000,39,1,0.9241717262193561,OK,True,
hdt,r03_region_titv,w1000_12,2,112670,113669,1000,39,2,0.9536067983135581,OK,True,
hdt,r03_region_titv,w1000_12,2,112670,113669,1000,39,3,0.9176367660984397,OK,True,
hdt,r03_region_titv,w1000_13,2,121328,122327,1000,39,1,0.910220290068537,OK,True,
hdt,r03_region_titv,w1000_13,2,121328,122327,1000,39,2,0.902292026206851,OK,True,
hdt,r03_region_titv,w1000_13,2,121328,122327,1000,39,3,0.9107912238687277,OK,True,
hdt,r03_region_titv,w1000_14,2,128114,129113,1000,39,1,0.8871338902972639,OK,True,
hdt,r03_region_titv,w1000_14,2,128114,129113,1000,39,2,0.8893003896810114,OK,True,
hdt,r03_region_titv,w1000_14,2,128114,129113,1000,39,3,0.9044544310308993,OK,True,
hdt,r03_region_titv,w1000_15,1,56237,57236,1000,39,1,0.9369879551231861,OK,True,
hdt,r03_region_titv,w1000_15,1,56237,57236,1000,39,2,0.9509399882517755,OK,True,
hdt,r03_region_titv,w1000_15,1,56237,57236,1000,39,3,0.9202293818816543,OK,True,
hdt,r03_region_titv,w1000_16,1,65883,66882,1000,39,1,0.957194488029927,OK,True,
hdt,r03_region_titv,w1000_16,1,65883,66882,1000,39,2,0.9338767668232322,OK,True,
hdt,r03_region_titv,w1000_16,1,65883,66882,1000,39,3,0.9309030110016465,OK,True,
hdt,r03_region_titv,w1000_17,2,13298,14297,1000,39,1,1.0187281658872962,OK,True,
hdt,r03_region_titv,w1000_17,2,13298,14297,1000,39,2,0.944841240067035,OK,True,
hdt,r03_region_titv,w1000_17,2,13298,14297,1000,39,3,0.9537461949512362,OK,True,
hdt,r03_region_titv,w1000_18,2,32252,33251,1000,39,1,0.9425248526968062,OK,True,
hdt,r03_region_titv,w1000_18,2,32252,33251,1000,39,2,0.9726840532384813,OK,True,
hdt,r03_region_titv,w1000_18,2,32252,33251,1000,39,3,0.9766545100137591,OK,True,
hdt,r03_region_titv,w1000_19,1,96953,97952,1000,39,1,0.989959439728409,OK,True,
hdt,r03_region_titv,w1000_19,1,96953,97952,1000,39,2,0.9491024068556726,OK,True,
hdt,r03_region_titv,w1000_19,1,96953,97952,1000,39,3,0.9337310008704662,OK,True,
hdt,r03_region_titv,w100000_00,2,120002,220001,100000,417,1,0.9687665537931025,OK,True,
hdt,r03_region_titv,w100000_00,2,120002,220001,100000,417,2,0.9958322090096772,OK,True,
hdt,r03_region_titv,w100000_00,2,120002,220001,100000,417,3,0.9661564193665981,OK,True,
hdt,r03_region_titv,w100000_01,1,88763,188762,100000,1618,1,1.1152634229511023,OK,True,
hdt,r03_region_titv,w100000_01,1,88763,188762,100000,1618,2,1.1502489163540304,OK,True,
hdt,r03_region_titv,w100000_01,1,88763,188762,100000,1618,3,1.0558656100183725,OK,True,
hdt,r03_region_titv,w100000_02,1,52857,152856,100000,2999,1,1.091774594038725,OK,True,
hdt,r03_region_titv,w100000_02,1,52857,152856,100000,2999,2,1.0877772383391857,OK,True,
hdt,r03_region_titv,w100000_02,1,52857,152856,100000,2999,3,1.0882672118023038,OK,True,
hdt,r03_region_titv,w100000_03,2,52324,152323,100000,3020,1,1.2560022701509297,OK,True,
hdt,r03_region_titv,w100000_03,2,52324,152323,100000,3020,2,1.2080787997692823,OK,True,
hdt,r03_region_titv,w100000_03,2,52324,152323,100000,3020,3,1.2368338140659034,OK,True,
hdt,r03_region_titv,w100000_04,2,34592,134591,100000,3702,1,1.273590894881636,OK,True,
hdt,r03_region_titv,w100000_04,2,34592,134591,100000,3702,2,1.2489752131514251,OK,True,
hdt,r03_region_titv,w100000_04,2,34592,134591,100000,3702,3,1.2642288128845394,OK,True,
hdt,r03_region_titv,w100000_05,1,53975,153974,100000,2956,1,1.1240982869639993,OK,True,
hdt,r03_region_titv,w100000_05,1,53975,153974,100000,2956,2,1.1097608632408082,OK,True,
hdt,r03_region_titv,w100000_05,1,53975,153974,100000,2956,3,1.1140304058790207,OK,True,
hdt,r03_region_titv,w100000_06,1,116323,216322,100000,558,1,0.9427839666604996,OK,True,
hdt,r03_region_titv,w100000_06,1,116323,216322,100000,558,2,0.9716029795818031,OK,True,
hdt,r03_region_titv,w100000_06,1,116323,216322,100000,558,3,0.9507438121363521,OK,True,
hdt,r03_region_titv,w100000_07,2,54378,154377,100000,2941,1,1.1914774011820555,OK,True,
hdt,r03_region_titv,w100000_07,2,54378,154377,100000,2941,2,1.1637648660689592,OK,True,
hdt,r03_region_titv,w100000_07,2,54378,154377,100000,2941,3,1.1508464068174362,OK,True,
hdt,r03_region_titv,w100000_08,2,7188,107187,100000,3847,1,1.2657766663469374,OK,True,
hdt,r03_region_titv,w100000_08,2,7188,107187,100000,3847,2,1.303525251802057,OK,True,
hdt,r03_region_titv,w100000_08,2,7188,107187,100000,3847,3,1.3147117900662124,OK,True,
hdt,r03_region_titv,w100000_09,2,111448,211447,100000,746,1,1.024320151656866,OK,True,
hdt,r03_region_titv,w100000_09,2,111448,211447,100000,746,2,0.9736300618387759,OK,True,
hdt,r03_region_titv,w100000_09,2,111448,211447,100000,746,3,1.006081554107368,OK,True,
hdt,r03_region_titv,w100000_10,2,122134,222133,100000,335,1,0.955003394279629,OK,True,
hdt,r03_region_titv,w100000_10,2,122134,222133,100000,335,2,0.967667527962476,OK,True,
hdt,r03_region_titv,w100000_10,2,122134,222133,100000,335,3,0.9992427201941609,OK,True,
hdt,r03_region_titv,w100000_11,1,4159,104158,100000,3847,1,1.17683034716174,OK,True,
hdt,r03_region_titv,w100000_11,1,4159,104158,100000,3847,2,1.1835958249866962,OK,True,
hdt,r03_region_titv,w100000_11,1,4159,104158,100000,3847,3,1.2205273071303964,OK,True,
hdt,r03_region_titv,w100000_12,2,13740,113739,100000,3847,1,1.2810358298011124,OK,True,
hdt,r03_region_titv,w100000_12,2,13740,113739,100000,3847,2,1.262081009335816,OK,True,
hdt,r03_region_titv,w100000_12,2,13740,113739,100000,3847,3,1.324215664062649,OK,True,
hdt,r03_region_titv,w100000_13,2,91324,191323,100000,1520,1,1.0851723966188729,OK,True,
hdt,r03_region_titv,w100000_13,2,91324,191323,100000,1520,2,1.0573655706830323,OK,True,
hdt,r03_region_titv,w100000_13,2,91324,191323,100000,1520,3,1.0739689581096172,OK,True,
hdt,r03_region_titv,w100000_14,2,21254,121253,100000,3847,1,1.2963379649445415,OK,True,
hdt,r03_region_titv,w100000_14,2,21254,121253,100000,3847,2,1.2824552729725838,OK,True,
hdt,r03_region_titv,w100000_14,2,21254,121253,100000,3847,3,1.2563353958539665,OK,True,
hdt,r03_region_titv,w100000_15,1,111279,211278,100000,752,1,0.930905285757035,OK,True,
hdt,r03_region_titv,w100000_15,1,111279,211278,100000,752,2,0.9315899950452149,OK,True,
hdt,r03_region_titv,w100000_15,1,111279,211278,100000,752,3,0.9285515369847417,OK,True,
hdt,r03_region_titv,w100000_16,1,113957,213956,100000,649,1,0.9564741239883006,OK,True,
hdt,r03_region_titv,w100000_16,1,113957,213956,100000,649,2,0.9758125208318233,OK,True,
hdt,r03_region_titv,w100000_16,1,113957,213956,100000,649,3,0.9775792267173529,OK,True,
hdt,r03_region_titv,w100000_17,1,26389,126388,100000,3847,1,1.171773144043982,OK,True,
hdt,r03_region_titv,w100000_17,1,26389,126388,100000,3847,2,1.165570897050202,OK,True,
hdt,r03_region_titv,w100000_17,1,26389,126388,100000,3847,3,1.1740536652505398,OK,True,
hdt,r03_region_titv,w100000_18,2,62074,162073,100000,2645,1,1.1700665643438697,OK,True,
hdt,r03_region_titv,w100000_18,2,62074,162073,100000,2645,2,1.2838044040836394,OK,True,
hdt,r03_region_titv,w100000_18,2,62074,162073,100000,2645,3,1.156225458253175,OK,True,
hdt,r03_region_titv,w100000_19,1,99683,199682,100000,1198,1,1.0084458710625768,OK,True,
hdt,r03_region_titv,w100000_19,1,99683,199682,100000,1198,2,1.0067498651333153,OK,True,
hdt,r03_region_titv,w100000_19,1,99683,199682,100000,1198,3,1.0129659017547965,OK,True,
hdt,r03_region_titv,w1000000_00,2,77700,1077699,1000000,2044,1,1.128129716962576,OK,True,
hdt,r03_region_titv,w1000000_00,2,77700,1077699,1000000,2044,2,1.1221889848820865,OK,True,
hdt,r03_region_titv,w1000000_00,2,77700,1077699,1000000,2044,3,1.1399012990295887,OK,True,
hdt,r03_region_titv,w1000000_01,2,14260,1014259,1000000,4484,1,1.3064081738702953,OK,True,
hdt,r03_region_titv,w1000000_01,2,14260,1014259,1000000,4484,2,1.3398736859671772,OK,True,
hdt,r03_region_titv,w1000000_01,2,14260,1014259,1000000,4484,3,1.295277161989361,OK,True,
hdt,r03_region_titv,w1000000_02,2,39428,1039427,1000000,3516,1,1.2410756293684244,OK,True,
hdt,r03_region_titv,w1000000_02,2,39428,1039427,1000000,3516,2,1.2130933608859777,OK,True,
hdt,r03_region_titv,w1000000_02,2,39428,1039427,1000000,3516,3,1.1745211691595614,OK,True,
hdt,r03_region_titv,w1000000_03,2,121614,1121613,1000000,355,1,0.9391800123266876,OK,True,
hdt,r03_region_titv,w1000000_03,2,121614,1121613,1000000,355,2,0.931036070920527,OK,True,
hdt,r03_region_titv,w1000000_03,2,121614,1121613,1000000,355,3,0.9628731324337423,OK,True,
hdt,r03_region_titv,w1000000_04,2,45980,1045979,1000000,3264,1,1.3124966006726027,OK,True,
hdt,r03_region_titv,w1000000_04,2,45980,1045979,1000000,3264,2,1.22418401716277,OK,True,
hdt,r03_region_titv,w1000000_04,2,45980,1045979,1000000,3264,3,1.1913620163686574,OK,True,
hdt,r03_region_titv,w1000000_05,2,74320,1074319,1000000,2174,1,1.1164791039191186,OK,True,
hdt,r03_region_titv,w1000000_05,2,74320,1074319,1000000,2174,2,1.1980659146793187,OK,True,
hdt,r03_region_titv,w1000000_05,2,74320,1074319,1000000,2174,3,1.2371719619259238,OK,True,
hdt,r03_region_titv,w1000000_06,1,75477,1075476,1000000,2129,1,1.206523738335818,OK,True,
hdt,r03_region_titv,w1000000_06,1,75477,1075476,1000000,2129,2,1.1553598563186824,OK,True,
hdt,r03_region_titv,w1000000_06,1,75477,1075476,1000000,2129,3,1.1194424531422555,OK,True,
hdt,r03_region_titv,w1000000_07,1,15729,1015728,1000000,4427,1,1.3319575800560415,OK,True,
hdt,r03_region_titv,w1000000_07,1,15729,1015728,1000000,4427,2,1.3050715583376586,OK,True,
hdt,r03_region_titv,w1000000_07,1,15729,1015728,1000000,4427,3,1.3085101530887187,OK,True,
hdt,r03_region_titv,w1000000_08,2,74268,1074267,1000000,2176,1,1.2237323331646621,OK,True,
hdt,r03_region_titv,w1000000_08,2,74268,1074267,1000000,2176,2,1.2052598148584366,OK,True,
hdt,r03_region_titv,w1000000_08,2,74268,1074267,1000000,2176,3,1.2219712771475315,OK,True,
hdt,r03_region_titv,w1000000_09,1,33643,1033642,1000000,3738,1,1.258231246843934,OK,True,
hdt,r03_region_titv,w1000000_09,1,33643,1033642,1000000,3738,2,1.277669328264892,OK,True,
hdt,r03_region_titv,w1000000_09,1,33643,1033642,1000000,3738,3,1.3126368480734527,OK,True,
hdt,r03_region_titv,w1000000_10,1,92507,1092506,1000000,1474,1,1.1691415831446648,OK,True,
hdt,r03_region_titv,w1000000_10,1,92507,1092506,1000000,1474,2,1.0915794991888106,OK,True,
hdt,r03_region_titv,w1000000_10,1,92507,1092506,1000000,1474,3,1.0780559093691409,OK,True,
hdt,r03_region_titv,w1000000_11,1,121211,1121210,1000000,370,1,1.0362906060181558,OK,True,
hdt,r03_region_titv,w1000000_11,1,121211,1121210,1000000,370,2,1.042893139179796,OK,True,
hdt,r03_region_titv,w1000000_11,1,121211,1121210,1000000,370,3,1.0682616410776973,OK,True,
hdt,r03_region_titv,w1000000_12,1,77765,1077764,1000000,2041,1,1.1837819698266685,OK,True,
hdt,r03_region_titv,w1000000_12,1,77765,1077764,1000000,2041,2,1.1468932889401913,OK,True,
hdt,r03_region_titv,w1000000_12,1,77765,1077764,1000000,2041,3,1.126505854073912,OK,True,
hdt,r03_region_titv,w1000000_13,2,118494,1118493,1000000,475,1,1.002619287930429,OK,True,
hdt,r03_region_titv,w1000000_13,2,118494,1118493,1000000,475,2,1.0957752140238881,OK,True,
hdt,r03_region_titv,w1000000_13,2,118494,1118493,1000000,475,3,1.103007250931114,OK,True,
hdt,r03_region_titv,w1000000_14,1,92143,1092142,1000000,1488,1,1.1205742158927023,OK,True,
hdt,r03_region_titv,w1000000_14,1,92143,1092142,1000000,1488,2,1.1023710160516202,OK,True,
hdt,r03_region_titv,w1000000_14,1,92143,1092142,1000000,1488,3,1.1199003937654197,OK,True,
hdt,r03_region_titv,w1000000_15,1,125423,1125422,1000000,208,1,1.0644929502159357,OK,True,
hdt,r03_region_titv,w1000000_15,1,125423,1125422,1000000,208,2,1.0407764511182904,OK,True,
hdt,r03_region_titv,w1000000_15,1,125423,1125422,1000000,208,3,1.0515052531845868,OK,True,
hdt,r03_region_titv,w1000000_16,2,99852,1099851,1000000,1192,1,1.1504901889711618,OK,True,
hdt,r03_region_titv,w1000000_16,2,99852,1099851,1000000,1192,2,1.0893775508739054,OK,True,
hdt,r03_region_titv,w1000000_16,2,99852,1099851,1000000,1192,3,1.0544142941944301,OK,True,
hdt,r03_region_titv,w1000000_17,2,49334,1049333,1000000,3135,1,1.215141008142382,OK,True,
hdt,r03_region_titv,w1000000_17,2,49334,1049333,1000000,3135,2,1.2377080852165818,OK,True,
hdt,r03_region_titv,w1000000_17,2,49334,1049333,1000000,3135,3,1.2137178787961602,OK,True,
hdt,r03_region_titv,w1000000_18,1,74801,1074800,1000000,2155,1,1.0387524589896202,OK,True,
hdt,r03_region_titv,w1000000_18,1,74801,1074800,1000000,2155,2,1.046355057042092,OK,True,
hdt,r03_region_titv,w1000000_18,1,74801,1074800,1000000,2155,3,1.0445993160828948,OK,True,
hdt,r03_region_titv,w1000000_19,1,121003,1121002,1000000,378,1,1.0454170177690685,OK,True,
hdt,r03_region_titv,w1000000_19,1,121003,1121002,1000000,378,2,1.0199420410208404,OK,True,
hdt,r03_region_titv,w1000000_19,1,121003,1121002,1000000,378,3,0.9334527850151062,OK,True,
hdt,r03_region_titv,w10000000_00,1,105481,10105480,10000000,975,1,0.9901721039786935,OK,True,
hdt,r03_region_titv,w10000000_00,1,105481,10105480,10000000,975,2,1.0533500877209008,OK,True,
hdt,r03_region_titv,w10000000_00,1,105481,10105480,10000000,975,3,1.0160379246808589,OK,True,
hdt,r03_region_titv,w10000000_01,1,37257,10037256,10000000,3599,1,1.1835701670497656,OK,True,
hdt,r03_region_titv,w10000000_01,1,37257,10037256,10000000,3599,2,1.1389920241199434,OK,True,
hdt,r03_region_titv,w10000000_01,1,37257,10037256,10000000,3599,3,1.1499976119957864,OK,True,
hdt,r03_region_titv,w10000000_02,2,92130,10092129,10000000,1489,1,1.059526122175157,OK,True,
hdt,r03_region_titv,w10000000_02,2,92130,10092129,10000000,1489,2,1.137098710052669,OK,True,
hdt,r03_region_titv,w10000000_02,2,92130,10092129,10000000,1489,3,1.0991968680173159,OK,True,
hdt,r03_region_titv,w10000000_03,1,25557,10025556,10000000,4049,1,1.1710008708760142,OK,True,
hdt,r03_region_titv,w10000000_03,1,25557,10025556,10000000,4049,2,1.2413858850486577,OK,True,
hdt,r03_region_titv,w10000000_03,1,25557,10025556,10000000,4049,3,1.1938797878101468,OK,True,
hdt,r03_region_titv,w10000000_04,2,46604,10046603,10000000,3240,1,1.2326741451397538,OK,True,
hdt,r03_region_titv,w10000000_04,2,46604,10046603,10000000,3240,2,1.2221242990344763,OK,True,
hdt,r03_region_titv,w10000000_04,2,46604,10046603,10000000,3240,3,1.2381458478048444,OK,True,
hdt,r03_region_titv,w10000000_05,1,49477,10049476,10000000,3129,1,1.1187840546481311,OK,True,
hdt,r03_region_titv,w10000000_05,1,49477,10049476,10000000,3129,2,1.1467851321212947,OK,True,
hdt,r03_region_titv,w10000000_05,1,49477,10049476,10000000,3129,3,1.151877363678068,OK,True,
hdt,r03_region_titv,w10000000_06,1,6499,10006498,10000000,4782,1,1.2420509071089327,OK,True,
hdt,r03_region_titv,w10000000_06,1,6499,10006498,10000000,4782,2,1.2006142968311906,OK,True,
hdt,r03_region_titv,w10000000_06,1,6499,10006498,10000000,4782,3,1.1926031960174441,OK,True,
hdt,r03_region_titv,w10000000_07,2,47280,10047279,10000000,3214,1,1.2534621763043106,OK,True,
hdt,r03_region_titv,w10000000_07,2,47280,10047279,10000000,3214,2,1.2340385615825653,OK,True,
hdt,r03_region_titv,w10000000_07,2,47280,10047279,10000000,3214,3,1.2393145221285522,OK,True,
hdt,r03_region_titv,w10000000_08,2,88724,10088723,10000000,1620,1,1.0762197710573673,OK,True,
hdt,r03_region_titv,w10000000_08,2,88724,10088723,10000000,1620,2,1.0444989260286093,OK,True,
hdt,r03_region_titv,w10000000_08,2,88724,10088723,10000000,1620,3,1.0514307860285044,OK,True,
hdt,r03_region_titv,w10000000_09,2,69692,10069691,10000000,2352,1,1.1145581724122167,OK,True,
hdt,r03_region_titv,w10000000_09,2,69692,10069691,10000000,2352,2,1.1247787643224,OK,True,
hdt,r03_region_titv,w10000000_09,2,69692,10069691,10000000,2352,3,1.1464313017204404,OK,True,
hdt,r03_region_titv,w10000000_10,1,51271,10051270,10000000,3060,1,1.2108359327539802,OK,True,
hdt,r03_region_titv,w10000000_10,1,51271,10051270,10000000,3060,2,1.1501476801931858,OK,True,
hdt,r03_region_titv,w10000000_10,1,51271,10051270,10000000,3060,3,1.0893879011273384,OK,True,
hdt,r03_region_titv,w10000000_11,1,116349,10116348,10000000,557,1,0.9418568140827119,OK,True,
hdt,r03_region_titv,w10000000_11,1,116349,10116348,10000000,557,2,0.9882135787047446,OK,True,
hdt,r03_region_titv,w10000000_11,1,116349,10116348,10000000,557,3,0.9764817226678133,OK,True,
hdt,r03_region_titv,w10000000_12,1,121471,10121470,10000000,360,1,0.9471534672193229,OK,True,
hdt,r03_region_titv,w10000000_12,1,121471,10121470,10000000,360,2,1.054563987068832,OK,True,
hdt,r03_region_titv,w10000000_12,1,121471,10121470,10000000,360,3,0.9558147210627794,OK,True,
hdt,r03_region_titv,w10000000_13,2,115582,10115581,10000000,587,1,0.9353814949281514,OK,True,
hdt,r03_region_titv,w10000000_13,2,115582,10115581,10000000,587,2,0.9948205593973398,OK,True,
hdt,r03_region_titv,w10000000_13,2,115582,10115581,10000000,587,3,1.0156841548159719,OK,True,
hdt,r03_region_titv,w10000000_14,2,74138,10074137,10000000,2181,1,1.1374363689683378,OK,True,
hdt,r03_region_titv,w10000000_14,2,74138,10074137,10000000,2181,2,1.1239310870878398,OK,True,
hdt,r03_region_titv,w10000000_14,2,74138,10074137,10000000,2181,3,1.1441842229105532,OK,True,
hdt,r03_region_titv,w10000000_15,1,50231,10050230,10000000,3100,1,1.1580560565926135,OK,True,
hdt,r03_region_titv,w10000000_15,1,50231,10050230,10000000,3100,2,1.1297157052904367,OK,True,
hdt,r03_region_titv,w10000000_15,1,50231,10050230,10000000,3100,3,1.1132133109495044,OK,True,
hdt,r03_region_titv,w10000000_16,1,20669,10020668,10000000,4237,1,1.2082967329770327,OK,True,
hdt,r03_region_titv,w10000000_16,1,20669,10020668,10000000,4237,2,1.1937472107820213,OK,True,
hdt,r03_region_titv,w10000000_16,1,20669,10020668,10000000,4237,3,1.2669049040414393,OK,True,
hdt,r03_region_titv,w10000000_17,1,66273,10066272,10000000,2483,1,1.0985577856190503,OK,True,
hdt,r03_region_titv,w10000000_17,1,66273,10066272,10000000,2483,2,1.0908766258507967,OK,True,
hdt,r03_region_titv,w10000000_17,1,66273,10066272,10000000,2483,3,1.0743255079723895,OK,True,
hdt,r03_region_titv,w10000000_18,1,57745,10057744,10000000,2811,1,1.0901739578694105,OK,True,
hdt,r03_region_titv,w10000000_18,1,57745,10057744,10000000,2811,2,1.083289295900613,OK,True,
hdt,r03_region_titv,w10000000_18,1,57745,10057744,10000000,2811,3,1.1326410309411585,OK,True,
hdt,r03_region_titv,w10000000_19,1,102907,10102906,10000000,1074,1,0.9945489340461791,OK,True,
hdt,r03_region_titv,w10000000_19,1,102907,10102906,10000000,1074,2,1.0120441638864577,OK,True,
hdt,r03_region_titv,w10000000_19,1,102907,10102906,10000000,1074,3,0.9791065067984164,OK,True,
hdt,r04_region_filter_distribution,w1000_00,2,53546,54545,1000,39,1,0.6538114198483527,OK,True,
hdt,r04_region_filter_distribution,w1000_00,2,53546,54545,1000,39,2,0.6559291905723512,OK,True,
hdt,r04_region_filter_distribution,w1000_00,2,53546,54545,1000,39,3,0.641461833845824,OK,True,
hdt,r04_region_filter_distribution,w1000_01,2,79858,80857,1000,39,1,0.6532116192393005,OK,True,
hdt,r04_region_filter_distribution,w1000_01,2,79858,80857,1000,39,2,0.6727371979504824,OK,True,
hdt,r04_region_filter_distribution,w1000_01,2,79858,80857,1000,39,3,0.6502508888952434,OK,True,
hdt,r04_region_filter_distribution,w1000_02,1,90739,91738,1000,39,1,0.6474331649951637,OK,True,
hdt,r04_region_filter_distribution,w1000_02,1,90739,91738,1000,39,2,0.6573135172948241,OK,True,
hdt,r04_region_filter_distribution,w1000_02,1,90739,91738,1000,39,3,0.6479757679626346,OK,True,
hdt,r04_region_filter_distribution,w1000_03,2,44394,45393,1000,39,1,0.6488692066632211,OK,True,
hdt,r04_region_filter_distribution,w1000_03,2,44394,45393,1000,39,2,0.6556460447609425,OK,True,
hdt,r04_region_filter_distribution,w1000_03,2,44394,45393,1000,39,3,0.6596059990115464,OK,True,
hdt,r04_region_filter_distribution,w1000_04,1,7981,8980,1000,39,1,0.7375874291174114,OK,True,
hdt,r04_region_filter_distribution,w1000_04,1,7981,8980,1000,39,2,0.6958870948292315,OK,True,
hdt,r04_region_filter_distribution,w1000_04,1,7981,8980,1000,39,3,0.6725433021783829,OK,True,
hdt,r04_region_filter_distribution,w1000_05,1,110863,111862,1000,39,1,0.6160722239874303,OK,True,
hdt,r04_region_filter_distribution,w1000_05,1,110863,111862,1000,39,2,0.6222875667735934,OK,True,
hdt,r04_region_filter_distribution,w1000_05,1,110863,111862,1000,39,3,0.5977395689114928,OK,True,
hdt,r04_region_filter_distribution,w1000_06,1,104311,105310,1000,39,1,0.6416945103555918,OK,True,
hdt,r04_region_filter_distribution,w1000_06,1,104311,105310,1000,39,2,0.6380457472987473,OK,True,
hdt,r04_region_filter_distribution,w1000_06,1,104311,105310,1000,39,3,0.6259707272984087,OK,True,
hdt,r04_region_filter_distribution,w1000_07,1,14091,15090,1000,39,1,0.679606671910733,OK,True,
hdt,r04_region_filter_distribution,w1000_07,1,14091,15090,1000,39,2,0.7597184362821281,OK,True,
hdt,r04_region_filter_distribution,w1000_07,1,14091,15090,1000,39,3,0.6529737231321633,OK,True,
hdt,r04_region_filter_distribution,w1000_08,2,48996,49995,1000,39,1,0.6451116339303553,OK,True,
hdt,r04_region_filter_distribution,w1000_08,2,48996,49995,1000,39,2,0.6357042696326971,OK,True,
hdt,r04_region_filter_distribution,w1000_08,2,48996,49995,1000,39,3,0.6281312992796302,OK,True,
hdt,r04_region_filter_distribution,w1000_09,1,120145,121144,1000,39,1,0.5940255052410066,OK,True,
hdt,r04_region_filter_distribution,w1000_09,1,120145,121144,1000,39,2,0.6074173669330776,OK,True,
hdt,r04_region_filter_distribution,w1000_09,1,120145,121144,1000,39,3,0.6083359718322754,OK,True,
hdt,r04_region_filter_distribution,w1000_10,2,73436,74435,1000,39,1,0.6386704021133482,OK,True,
hdt,r04_region_filter_distribution,w1000_10,2,73436,74435,1000,39,2,0.6161413067020476,OK,True,
hdt,r04_region_filter_distribution,w1000_10,2,73436,74435,1000,39,3,0.6131326449103653,OK,True,
hdt,r04_region_filter_distribution,w1000_11,1,41547,42546,1000,39,1,0.6561920731328428,OK,True,
hdt,r04_region_filter_distribution,w1000_11,1,41547,42546,1000,39,2,0.6733730779960752,OK,True,
hdt,r04_region_filter_distribution,w1000_11,1,41547,42546,1000,39,3,0.6712416876107454,OK,True,
hdt,r04_region_filter_distribution,w1000_12,2,112670,113669,1000,39,1,0.602075092960149,OK,True,
hdt,r04_region_filter_distribution,w1000_12,2,112670,113669,1000,39,2,0.601254363078624,OK,True,
hdt,r04_region_filter_distribution,w1000_12,2,112670,113669,1000,39,3,0.6206319429911673,OK,True,
hdt,r04_region_filter_distribution,w1000_13,2,121328,122327,1000,39,1,0.6279893172904849,OK,True,
hdt,r04_region_filter_distribution,w1000_13,2,121328,122327,1000,39,2,0.6057174229063094,OK,True,
hdt,r04_region_filter_distribution,w1000_13,2,121328,122327,1000,39,3,0.5909720007330179,OK,True,
hdt,r04_region_filter_distribution,w1000_14,2,128114,129113,1000,39,1,0.5900258030742407,OK,True,
hdt,r04_region_filter_distribution,w1000_14,2,128114,129113,1000,39,2,0.6452854643575847,OK,True,
hdt,r04_region_filter_distribution,w1000_14,2,128114,129113,1000,39,3,0.6332708029076457,OK,True,
hdt,r04_region_filter_distribution,w1000_15,1,56237,57236,1000,39,1,0.6389553630724549,OK,True,
hdt,r04_region_filter_distribution,w1000_15,1,56237,57236,1000,39,2,0.6392800947651267,OK,True,
hdt,r04_region_filter_distribution,w1000_15,1,56237,57236,1000,39,3,0.6644952152855694,OK,True,
hdt,r04_region_filter_distribution,w1000_16,1,65883,66882,1000,39,1,0.669118263758719,OK,True,
hdt,r04_region_filter_distribution,w1000_16,1,65883,66882,1000,39,2,0.6120582506991923,OK,True,
hdt,r04_region_filter_distribution,w1000_16,1,65883,66882,1000,39,3,0.6214714488014579,OK,True,
hdt,r04_region_filter_distribution,w1000_17,2,13298,14297,1000,39,1,0.6555619700811803,OK,True,
hdt,r04_region_filter_distribution,w1000_17,2,13298,14297,1000,39,2,0.6726142079569399,OK,True,
hdt,r04_region_filter_distribution,w1000_17,2,13298,14297,1000,39,3,0.6651798449456692,OK,True,
hdt,r04_region_filter_distribution,w1000_18,2,32252,33251,1000,39,1,0.7552216961048543,OK,True,
hdt,r04_region_filter_distribution,w1000_18,2,32252,33251,1000,39,2,0.668158317450434,OK,True,
hdt,r04_region_filter_distribution,w1000_18,2,32252,33251,1000,39,3,0.6505634761415422,OK,True,
hdt,r04_region_filter_distribution,w1000_19,1,96953,97952,1000,39,1,0.6210027071647346,OK,True,
hdt,r04_region_filter_distribution,w1000_19,1,96953,97952,1000,39,2,0.6412428668700159,OK,True,
hdt,r04_region_filter_distribution,w1000_19,1,96953,97952,1000,39,3,0.6500667021609843,OK,True,
hdt,r04_region_filter_distribution,w100000_00,2,120002,220001,100000,417,1,0.6264316542074084,OK,True,
hdt,r04_region_filter_distribution,w100000_00,2,120002,220001,100000,417,2,0.6074957898817956,OK,True,
hdt,r04_region_filter_distribution,w100000_00,2,120002,220001,100000,417,3,0.5847548148594797,OK,True,
hdt,r04_region_filter_distribution,w100000_01,1,88763,188762,100000,1618,1,0.6457620123401284,OK,True,
hdt,r04_region_filter_distribution,w100000_01,1,88763,188762,100000,1618,2,0.6849454720504582,OK,True,
hdt,r04_region_filter_distribution,w100000_01,1,88763,188762,100000,1618,3,0.6901283250190318,OK,True,
hdt,r04_region_filter_distribution,w100000_02,1,52857,152856,100000,2999,1,0.8271222012117505,OK,True,
hdt,r04_region_filter_distribution,w100000_02,1,52857,152856,100000,2999,2,0.7158781518228352,OK,True,
hdt,r04_region_filter_distribution,w100000_02,1,52857,152856,100000,2999,3,0.7013620617799461,OK,True,
hdt,r04_region_filter_distribution,w100000_03,2,52324,152323,100000,3020,1,0.7188954660668969,OK,True,
hdt,r04_region_filter_distribution,w100000_03,2,52324,152323,100000,3020,2,0.7120579169131815,OK,True,
hdt,r04_region_filter_distribution,w100000_03,2,52324,152323,100000,3020,3,0.7070938711985946,OK,True,
hdt,r04_region_filter_distribution,w100000_04,2,34592,134591,100000,3702,1,0.7318043550476432,OK,True,
hdt,r04_region_filter_distribution,w100000_04,2,34592,134591,100000,3702,2,0.7450994211249053,OK,True,
hdt,r04_region_filter_distribution,w100000_04,2,34592,134591,100000,3702,3,0.7510069096460938,OK,True,
hdt,r04_region_filter_distribution,w100000_05,1,53975,153974,100000,2956,1,0.7249014903791249,OK,True,
hdt,r04_region_filter_distribution,w100000_05,1,53975,153974,100000,2956,2,0.7401793436147273,OK,True,
hdt,r04_region_filter_distribution,w100000_05,1,53975,153974,100000,2956,3,0.7052608719095588,OK,True,
hdt,r04_region_filter_distribution,w100000_06,1,116323,216322,100000,558,1,0.6177990427240729,OK,True,
hdt,r04_region_filter_distribution,w100000_06,1,116323,216322,100000,558,2,0.6318681752309203,OK,True,
hdt,r04_region_filter_distribution,w100000_06,1,116323,216322,100000,558,3,0.6007276657037437,OK,True,
hdt,r04_region_filter_distribution,w100000_07,2,54378,154377,100000,2941,1,0.6905708168633282,OK,True,
hdt,r04_region_filter_distribution,w100000_07,2,54378,154377,100000,2941,2,0.7068020892329514,OK,True,
hdt,r04_region_filter_distribution,w100000_07,2,54378,154377,100000,2941,3,0.7933454890735447,OK,True,
hdt,r04_region_filter_distribution,w100000_08,2,7188,107187,100000,3847,1,0.8179374118335545,OK,True,
hdt,r04_region_filter_distribution,w100000_08,2,7188,107187,100000,3847,2,0.7642277493141592,OK,True,
hdt,r04_region_filter_distribution,w100000_08,2,7188,107187,100000,3847,3,0.7600936158560216,OK,True,
hdt,r04_region_filter_distribution,w100000_09,2,111448,211447,100000,746,1,0.6406116290017962,OK,True,
hdt,r04_region_filter_distribution,w100000_09,2,111448,211447,100000,746,2,0.6542018465697765,OK,True,
hdt,r04_region_filter_distribution,w100000_09,2,111448,211447,100000,746,3,0.686966102104634,OK,True,
hdt,r04_region_filter_distribution,w100000_10,2,122134,222133,100000,335,1,0.6513938731513917,OK,True,
hdt,r04_region_filter_distribution,w100000_10,2,122134,222133,100000,335,2,0.6094779870472848,OK,True,
hdt,r04_region_filter_distribution,w100000_10,2,122134,222133,100000,335,3,0.6316033350303769,OK,True,
hdt,r04_region_filter_distribution,w100000_11,1,4159,104158,100000,3847,1,0.7985347001813352,OK,True,
hdt,r04_region_filter_distribution,w100000_11,1,4159,104158,100000,3847,2,0.7881989916786551,OK,True,
hdt,r04_region_filter_distribution,w100000_11,1,4159,104158,100000,3847,3,0.7860101028345525,OK,True,
hdt,r04_region_filter_distribution,w100000_12,2,13740,113739,100000,3847,1,0.7720234277658165,OK,True,
hdt,r04_region_filter_distribution,w100000_12,2,13740,113739,100000,3847,2,0.7482984559610486,OK,True,
hdt,r04_region_filter_distribution,w100000_12,2,13740,113739,100000,3847,3,0.764957994222641,OK,True,
hdt,r04_region_filter_distribution,w100000_13,2,91324,191323,100000,1520,1,0.6534935440868139,OK,True,
hdt,r04_region_filter_distribution,w100000_13,2,91324,191323,100000,1520,2,0.6487961360253394,OK,True,
hdt,r04_region_filter_distribution,w100000_13,2,91324,191323,100000,1520,3,0.6695850556716323,OK,True,
hdt,r04_region_filter_distribution,w100000_14,2,21254,121253,100000,3847,1,0.8542386190965772,OK,True,
hdt,r04_region_filter_distribution,w100000_14,2,21254,121253,100000,3847,2,0.7457572901621461,OK,True,
hdt,r04_region_filter_distribution,w100000_14,2,21254,121253,100000,3847,3,0.7549261217936873,OK,True,
hdt,r04_region_filter_distribution,w100000_15,1,111279,211278,100000,752,1,0.6700408551841974,OK,True,
hdt,r04_region_filter_distribution,w100000_15,1,111279,211278,100000,752,2,0.6479953858070076,OK,True,
hdt,r04_region_filter_distribution,w100000_15,1,111279,211278,100000,752,3,0.6915771421045065,OK,True,
hdt,r04_region_filter_distribution,w100000_16,1,113957,213956,100000,649,1,0.6362829180434346,OK,True,
hdt,r04_region_filter_distribution,w100000_16,1,113957,213956,100000,649,2,0.617555043194443,OK,True,
hdt,r04_region_filter_distribution,w100000_16,1,113957,213956,100000,649,3,0.6164983869530261,OK,True,
hdt,r04_region_filter_distribution,w100000_17,1,26389,126388,100000,3847,1,0.7571222358383238,OK,True,
hdt,r04_region_filter_distribution,w100000_17,1,26389,126388,100000,3847,2,0.7900344468653202,OK,True,
hdt,r04_region_filter_distribution,w100000_17,1,26389,126388,100000,3847,3,0.8038090639747679,OK,True,
hdt,r04_region_filter_distribution,w100000_18,2,62074,162073,100000,2645,1,0.7123268190771341,OK,True,
hdt,r04_region_filter_distribution,w100000_18,2,62074,162073,100000,2645,2,0.7074215835891664,OK,True,
hdt,r04_region_filter_distribution,w100000_18,2,62074,162073,100000,2645,3,0.7023985888808966,OK,True,
hdt,r04_region_filter_distribution,w100000_19,1,99683,199682,100000,1198,1,0.6970055447891355,OK,True,
hdt,r04_region_filter_distribution,w100000_19,1,99683,199682,100000,1198,2,0.6772287511266768,OK,True,
hdt,r04_region_filter_distribution,w100000_19,1,99683,199682,100000,1198,3,0.7294932589866221,OK,True,
hdt,r04_region_filter_distribution,w1000000_00,2,77700,1077699,1000000,2044,1,0.7255778289400041,OK,True,
hdt,r04_region_filter_distribution,w1000000_00,2,77700,1077699,1000000,2044,2,0.7723373742774129,OK,True,
hdt,r04_region_filter_distribution,w1000000_00,2,77700,1077699,1000000,2044,3,0.792959971819073,OK,True,
hdt,r04_region_filter_distribution,w1000000_01,2,14260,1014259,1000000,4484,1,0.8574062907136977,OK,True,
hdt,r04_region_filter_distribution,w1000000_01,2,14260,1014259,1000000,4484,2,0.8591292910277843,OK,True,
hdt,r04_region_filter_distribution,w1000000_01,2,14260,1014259,1000000,4484,3,0.8311246908269823,OK,True,
hdt,r04_region_filter_distribution,w1000000_02,2,39428,1039427,1000000,3516,1,0.7775764060206711,OK,True,
hdt,r04_region_filter_distribution,w1000000_02,2,39428,1039427,1000000,3516,2,0.8030662392266095,OK,True,
hdt,r04_region_filter_distribution,w1000000_02,2,39428,1039427,1000000,3516,3,0.7495269910432398,OK,True,
hdt,r04_region_filter_distribution,w1000000_03,2,121614,1121613,1000000,355,1,0.6020869892090559,OK,True,
hdt,r04_region_filter_distribution,w1000000_03,2,121614,1121613,1000000,355,2,0.6285689719952643,OK,True,
hdt,r04_region_filter_distribution,w1000000_03,2,121614,1121613,1000000,355,3,0.5982623212039471,OK,True,
hdt,r04_region_filter_distribution,w1000000_04,2,45980,1045979,1000000,3264,1,0.7979286941699684,OK,True,
hdt,r04_region_filter_distribution,w1000000_04,2,45980,1045979,1000000,3264,2,0.9194653485901654,OK,True,
hdt,r04_region_filter_distribution,w1000000_04,2,45980,1045979,1000000,3264,3,0.8171159741468728,OK,True,
hdt,r04_region_filter_distribution,w1000000_05,2,74320,1074319,1000000,2174,1,0.7332372018136084,OK,True,
hdt,r04_region_filter_distribution,w1000000_05,2,74320,1074319,1000000,2174,2,0.8343057730235159,OK,True,
hdt,r04_region_filter_distribution,w1000000_05,2,74320,1074319,1000000,2174,3,0.7034418899565935,OK,True,
hdt,r04_region_filter_distribution,w1000000_06,1,75477,1075476,1000000,2129,1,0.7199263027869165,OK,True,
hdt,r04_region_filter_distribution,w1000000_06,1,75477,1075476,1000000,2129,2,0.6980283386074007,OK,True,
hdt,r04_region_filter_distribution,w1000000_06,1,75477,1075476,1000000,2129,3,0.7130775251425803,OK,True,
hdt,r04_region_filter_distribution,w1000000_07,1,15729,1015728,1000000,4427,1,0.8098116936162114,OK,True,
hdt,r04_region_filter_distribution,w1000000_07,1,15729,1015728,1000000,4427,2,0.783154902048409,OK,True,
hdt,r04_region_filter_distribution,w1000000_07,1,15729,1015728,1000000,4427,3,0.7883947538211942,OK,True,
hdt,r04_region_filter_distribution,w1000000_08,2,74268,1074267,1000000,2176,1,0.6872866856865585,OK,True,
hdt,r04_region_filter_distribution,w1000000_08,2,74268,1074267,1000000,2176,2,0.7414322490803897,OK,True,
hdt,r04_region_filter_distribution,w1000000_08,2,74268,1074267,1000000,2176,3,0.6919716647826135,OK,True,
hdt,r04_region_filter_distribution,w1000000_09,1,33643,1033642,1000000,3738,1,0.7878333018161356,OK,True,
hdt,r04_region_filter_distribution,w1000000_09,1,33643,1033642,1000000,3738,2,0.7798902369104326,OK,True,
hdt,r04_region_filter_distribution,w1000000_09,1,33643,1033642,1000000,3738,3,0.8897604490630329,OK,True,
hdt,r04_region_filter_distribution,w1000000_10,1,92507,1092506,1000000,1474,1,0.7176190325990319,OK,True,
hdt,r04_region_filter_distribution,w1000000_10,1,92507,1092506,1000000,1474,2,0.7259275251999497,OK,True,
hdt,r04_region_filter_distribution,w1000000_10,1,92507,1092506,1000000,1474,3,0.6586262276396155,OK,True,
hdt,r04_region_filter_distribution,w1000000_11,1,121211,1121210,1000000,370,1,0.6362803028896451,OK,True,
hdt,r04_region_filter_distribution,w1000000_11,1,121211,1121210,1000000,370,2,0.621899763122201,OK,True,
hdt,r04_region_filter_distribution,w1000000_11,1,121211,1121210,1000000,370,3,0.6255050371401012,OK,True,
hdt,r04_region_filter_distribution,w1000000_12,1,77765,1077764,1000000,2041,1,0.6944875880144536,OK,True,
hdt,r04_region_filter_distribution,w1000000_12,1,77765,1077764,1000000,2041,2,0.7091553136706352,OK,True,
hdt,r04_region_filter_distribution,w1000000_12,1,77765,1077764,1000000,2041,3,0.7579989456571639,OK,True,
hdt,r04_region_filter_distribution,w1000000_13,2,118494,1118493,1000000,475,1,0.6626953701488674,OK,True,
hdt,r04_region_filter_distribution,w1000000_13,2,118494,1118493,1000000,475,2,0.6642547589726746,OK,True,
hdt,r04_region_filter_distribution,w1000000_13,2,118494,1118493,1000000,475,3,0.6724010398611426,OK,True,
hdt,r04_region_filter_distribution,w1000000_14,1,92143,1092142,1000000,1488,1,0.8007328421808779,OK,True,
hdt,r04_region_filter_distribution,w1000000_14,1,92143,1092142,1000000,1488,2,0.6981698148883879,OK,True,
hdt,r04_region_filter_distribution,w1000000_14,1,92143,1092142,1000000,1488,3,0.7031547669321299,OK,True,
hdt,r04_region_filter_distribution,w1000000_15,1,125423,1125422,1000000,208,1,0.6297835698351264,OK,True,
hdt,r04_region_filter_distribution,w1000000_15,1,125423,1125422,1000000,208,2,0.6046809582039714,OK,True,
hdt,r04_region_filter_distribution,w1000000_15,1,125423,1125422,1000000,208,3,0.644209872931242,OK,True,
hdt,r04_region_filter_distribution,w1000000_16,2,99852,1099851,1000000,1192,1,0.8346222881227732,OK,True,
hdt,r04_region_filter_distribution,w1000000_16,2,99852,1099851,1000000,1192,2,0.7152290437370539,OK,True,
hdt,r04_region_filter_distribution,w1000000_16,2,99852,1099851,1000000,1192,3,0.6648018090054393,OK,True,
hdt,r04_region_filter_distribution,w1000000_17,2,49334,1049333,1000000,3135,1,0.7664030101150274,OK,True,
hdt,r04_region_filter_distribution,w1000000_17,2,49334,1049333,1000000,3135,2,0.7713334737345576,OK,True,
hdt,r04_region_filter_distribution,w1000000_17,2,49334,1049333,1000000,3135,3,0.8420685976743698,OK,True,
hdt,r04_region_filter_distribution,w1000000_18,1,74801,1074800,1000000,2155,1,0.7721666968427598,OK,True,
hdt,r04_region_filter_distribution,w1000000_18,1,74801,1074800,1000000,2155,2,0.6808518976904452,OK,True,
hdt,r04_region_filter_distribution,w1000000_18,1,74801,1074800,1000000,2155,3,0.6916990168392658,OK,True,
hdt,r04_region_filter_distribution,w1000000_19,1,121003,1121002,1000000,378,1,0.6107885260134935,OK,True,
hdt,r04_region_filter_distribution,w1000000_19,1,121003,1121002,1000000,378,2,0.6409743940457702,OK,True,
hdt,r04_region_filter_distribution,w1000000_19,1,121003,1121002,1000000,378,3,0.6276418962515891,OK,True,
hdt,r04_region_filter_distribution,w10000000_00,1,105481,10105480,10000000,975,1,0.6580302468501031,OK,True,
hdt,r04_region_filter_distribution,w10000000_00,1,105481,10105480,10000000,975,2,0.6591005553491414,OK,True,
hdt,r04_region_filter_distribution,w10000000_00,1,105481,10105480,10000000,975,3,0.6410266500897706,OK,True,
hdt,r04_region_filter_distribution,w10000000_01,1,37257,10037256,10000000,3599,1,0.7908637709915638,OK,True,
hdt,r04_region_filter_distribution,w10000000_01,1,37257,10037256,10000000,3599,2,0.7701070010662079,OK,True,
hdt,r04_region_filter_distribution,w10000000_01,1,37257,10037256,10000000,3599,3,0.7975400993600488,OK,True,
hdt,r04_region_filter_distribution,w10000000_02,2,92130,10092129,10000000,1489,1,0.7188087007962167,OK,True,
hdt,r04_region_filter_distribution,w10000000_02,2,92130,10092129,10000000,1489,2,0.69706637179479,OK,True,
hdt,r04_region_filter_distribution,w10000000_02,2,92130,10092129,10000000,1489,3,0.7207972421310842,OK,True,
hdt,r04_region_filter_distribution,w10000000_03,1,25557,10025556,10000000,4049,1,0.7467520860955119,OK,True,
hdt,r04_region_filter_distribution,w10000000_03,1,25557,10025556,10000000,4049,2,0.7843685979023576,OK,True,
hdt,r04_region_filter_distribution,w10000000_03,1,25557,10025556,10000000,4049,3,0.7662601158954203,OK,True,
hdt,r04_region_filter_distribution,w10000000_04,2,46604,10046603,10000000,3240,1,0.8094898569397628,OK,True,
hdt,r04_region_filter_distribution,w10000000_04,2,46604,10046603,10000000,3240,2,0.76702901115641,OK,True,
hdt,r04_region_filter_distribution,w10000000_04,2,46604,10046603,10000000,3240,3,0.7164889662526548,OK,True,
hdt,r04_region_filter_distribution,w10000000_05,1,49477,10049476,10000000,3129,1,0.7129583698697388,OK,True,
hdt,r04_region_filter_distribution,w10000000_05,1,49477,10049476,10000000,3129,2,0.7108226572163403,OK,True,
hdt,r04_region_filter_distribution,w10000000_05,1,49477,10049476,10000000,3129,3,0.7186196763068438,OK,True,
hdt,r04_region_filter_distribution,w10000000_06,1,6499,10006498,10000000,4782,1,0.8086947849951684,OK,True,
hdt,r04_region_filter_distribution,w10000000_06,1,6499,10006498,10000000,4782,2,0.8045812537893653,OK,True,
hdt,r04_region_filter_distribution,w10000000_06,1,6499,10006498,10000000,4782,3,0.7757830708287656,OK,True,
hdt,r04_region_filter_distribution,w10000000_07,2,47280,10047279,10000000,3214,1,0.7163474499247968,OK,True,
hdt,r04_region_filter_distribution,w10000000_07,2,47280,10047279,10000000,3214,2,0.7322106948122382,OK,True,
hdt,r04_region_filter_distribution,w10000000_07,2,47280,10047279,10000000,3214,3,0.7324728909879923,OK,True,
hdt,r04_region_filter_distribution,w10000000_08,2,88724,10088723,10000000,1620,1,0.7048339368775487,OK,True,
hdt,r04_region_filter_distribution,w10000000_08,2,88724,10088723,10000000,1620,2,0.6763857519254088,OK,True,
hdt,r04_region_filter_distribution,w10000000_08,2,88724,10088723,10000000,1620,3,0.6427775230258703,OK,True,
hdt,r04_region_filter_distribution,w10000000_09,2,69692,10069691,10000000,2352,1,0.6649312688969076,OK,True,
hdt,r04_region_filter_distribution,w10000000_09,2,69692,10069691,10000000,2352,2,0.675497982185334,OK,True,
hdt,r04_region_filter_distribution,w10000000_09,2,69692,10069691,10000000,2352,3,0.6720730243250728,OK,True,
hdt,r04_region_filter_distribution,w10000000_10,1,51271,10051270,10000000,3060,1,0.7119283946231008,OK,True,
hdt,r04_region_filter_distribution,w10000000_10,1,51271,10051270,10000000,3060,2,0.7041086819954216,OK,True,
hdt,r04_region_filter_distribution,w10000000_10,1,51271,10051270,10000000,3060,3,0.7152401912026107,OK,True,
hdt,r04_region_filter_distribution,w10000000_11,1,116349,10116348,10000000,557,1,0.6111570131033659,OK,True,
hdt,r04_region_filter_distribution,w10000000_11,1,116349,10116348,10000000,557,2,0.651288955938071,OK,True,
hdt,r04_region_filter_distribution,w10000000_11,1,116349,10116348,10000000,557,3,0.6671131649054587,OK,True,
hdt,r04_region_filter_distribution,w10000000_12,1,121471,10121470,10000000,360,1,0.6264586672186852,OK,True,
hdt,r04_region_filter_distribution,w10000000_12,1,121471,10121470,10000000,360,2,0.6469310121610761,OK,True,
hdt,r04_region_filter_distribution,w10000000_12,1,121471,10121470,10000000,360,3,0.612068866379559,OK,True,
hdt,r04_region_filter_distribution,w10000000_13,2,115582,10115581,10000000,587,1,0.6286561139859259,OK,True,
hdt,r04_region_filter_distribution,w10000000_13,2,115582,10115581,10000000,587,2,0.6320587238296866,OK,True,
hdt,r04_region_filter_distribution,w10000000_13,2,115582,10115581,10000000,587,3,0.6749871708452702,OK,True,
hdt,r04_region_filter_distribution,w10000000_14,2,74138,10074137,10000000,2181,1,0.7051868541166186,OK,True,
hdt,r04_region_filter_distribution,w10000000_14,2,74138,10074137,10000000,2181,2,0.7095280471257865,OK,True,
hdt,r04_region_filter_distribution,w10000000_14,2,74138,10074137,10000000,2181,3,0.7012428948655725,OK,True,
hdt,r04_region_filter_distribution,w10000000_15,1,50231,10050230,10000000,3100,1,0.7122242068871856,OK,True,
hdt,r04_region_filter_distribution,w10000000_15,1,50231,10050230,10000000,3100,2,0.7013548519462347,OK,True,
hdt,r04_region_filter_distribution,w10000000_15,1,50231,10050230,10000000,3100,3,0.7232678201980889,OK,True,
hdt,r04_region_filter_distribution,w10000000_16,1,20669,10020668,10000000,4237,1,0.7536919936537743,OK,True,
hdt,r04_region_filter_distribution,w10000000_16,1,20669,10020668,10000000,4237,2,0.7971424092538655,OK,True,
hdt,r04_region_filter_distribution,w10000000_16,1,20669,10020668,10000000,4237,3,0.776704148389399,OK,True,
hdt,r04_region_filter_distribution,w10000000_17,1,66273,10066272,10000000,2483,1,0.7216829019598663,OK,True,
hdt,r04_region_filter_distribution,w10000000_17,1,66273,10066272,10000000,2483,2,0.7512708809226751,OK,True,
hdt,r04_region_filter_distribution,w10000000_17,1,66273,10066272,10000000,2483,3,0.7173785585910082,OK,True,
hdt,r04_region_filter_distribution,w10000000_18,1,57745,10057744,10000000,2811,1,0.7400120659731328,OK,True,
hdt,r04_region_filter_distribution,w10000000_18,1,57745,10057744,10000000,2811,2,0.7247984921559691,OK,True,
hdt,r04_region_filter_distribution,w10000000_18,1,57745,10057744,10000000,2811,3,0.7436633449979126,OK,True,
hdt,r04_region_filter_distribution,w10000000_19,1,102907,10102906,10000000,1074,1,0.7417825129814446,OK,True,
hdt,r04_region_filter_distribution,w10000000_19,1,102907,10102906,10000000,1074,2,0.6401791046373546,OK,True,
hdt,r04_region_filter_distribution,w10000000_19,1,102907,10102906,10000000,1074,3,0.6603880086913705,OK,True,
hdt,r05_region_sample_genotype_counts,w1000_00,2,53546,54545,1000,39,1,4.537966886069626,OK,True,
hdt,r05_region_sample_genotype_counts,w1000_00,2,53546,54545,1000,39,2,4.5392139800824225,OK,True,
hdt,r05_region_sample_genotype_counts,w1000_00,2,53546,54545,1000,39,3,4.502213010098785,OK,True,
hdt,r05_region_sample_genotype_counts,w1000_01,2,79858,80857,1000,39,1,4.465752827003598,OK,True,
hdt,r05_region_sample_genotype_counts,w1000_01,2,79858,80857,1000,39,2,4.433645728975534,OK,True,
hdt,r05_region_sample_genotype_counts,w1000_01,2,79858,80857,1000,39,3,4.616250971797854,OK,True,
hdt,r05_region_sample_genotype_counts,w1000_02,1,90739,91738,1000,39,1,4.481981946155429,OK,True,
hdt,r05_region_sample_genotype_counts,w1000_02,1,90739,91738,1000,39,2,4.384969742037356,OK,True,
hdt,r05_region_sample_genotype_counts,w1000_02,1,90739,91738,1000,39,3,4.654858849942684,OK,True,
hdt,r05_region_sample_genotype_counts,w1000_03,2,44394,45393,1000,39,1,4.366499585099518,OK,True,
hdt,r05_region_sample_genotype_counts,w1000_03,2,44394,45393,1000,39,2,4.459226720966399,OK,True,
hdt,r05_region_sample_genotype_counts,w1000_03,2,44394,45393,1000,39,3,4.50860864110291,OK,True,
hdt,r05_region_sample_genotype_counts,w1000_04,1,7981,8980,1000,39,1,4.5040325173176825,OK,True,
hdt,r05_region_sample_genotype_counts,w1000_04,1,7981,8980,1000,39,2,4.523601280059665,OK,True,
hdt,r05_region_sample_genotype_counts,w1000_04,1,7981,8980,1000,39,3,4.4881591219455,OK,True,
hdt,r05_region_sample_genotype_counts,w1000_05,1,110863,111862,1000,39,1,4.428149464074522,OK,True,
hdt,r05_region_sample_genotype_counts,w1000_05,1,110863,111862,1000,39,2,4.432754371780902,OK,True,
hdt,r05_region_sample_genotype_counts,w1000_05,1,110863,111862,1000,39,3,4.459698264021426,OK,True,
hdt,r05_region_sample_genotype_counts,w1000_06,1,104311,105310,1000,39,1,4.491009426768869,OK,True,
hdt,r05_region_sample_genotype_counts,w1000_06,1,104311,105310,1000,39,2,4.538837276864797,OK,True,
hdt,r05_region_sample_genotype_counts,w1000_06,1,104311,105310,1000,39,3,4.412707302719355,OK,True,
hdt,r05_region_sample_genotype_counts,w1000_07,1,14091,15090,1000,39,1,4.53373066522181,OK,True,
hdt,r05_region_sample_genotype_counts,w1000_07,1,14091,15090,1000,39,2,4.443499963264912,OK,True,
hdt,r05_region_sample_genotype_counts,w1000_07,1,14091,15090,1000,39,3,4.496875145938247,OK,True,
hdt,r05_region_sample_genotype_counts,w1000_08,2,48996,49995,1000,39,1,4.568482161965221,OK,True,
hdt,r05_region_sample_genotype_counts,w1000_08,2,48996,49995,1000,39,2,4.493451183196157,OK,True,
hdt,r05_region_sample_genotype_counts,w1000_08,2,48996,49995,1000,39,3,4.434409481007606,OK,True,
hdt,r05_region_sample_genotype_counts,w1000_09,1,120145,121144,1000,39,1,4.368551955092698,OK,True,
hdt,r05_region_sample_genotype_counts,w1000_09,1,120145,121144,1000,39,2,4.3680605590343475,OK,True,
hdt,r05_region_sample_genotype_counts,w1000_09,1,120145,121144,1000,39,3,4.664784132037312,OK,True,
hdt,r05_region_sample_genotype_counts,w1000_10,2,73436,74435,1000,39,1,4.433062259107828,OK,True,
hdt,r05_region_sample_genotype_counts,w1000_10,2,73436,74435,1000,39,2,4.480572944972664,OK,True,
hdt,r05_region_sample_genotype_counts,w1000_10,2,73436,74435,1000,39,3,4.624320761766285,OK,True,
hdt,r05_region_sample_genotype_counts,w1000_11,1,41547,42546,1000,39,1,4.458327553234994,OK,True,
hdt,r05_region_sample_genotype_counts,w1000_11,1,41547,42546,1000,39,2,4.443935242015868,OK,True,
hdt,r05_region_sample_genotype_counts,w1000_11,1,41547,42546,1000,39,3,4.35248096100986,OK,True,
hdt,r05_region_sample_genotype_counts,w1000_12,2,112670,113669,1000,39,1,4.393897814676166,OK,True,
hdt,r05_region_sample_genotype_counts,w1000_12,2,112670,113669,1000,39,2,4.3888582601211965,OK,True,
hdt,r05_region_sample_genotype_counts,w1000_12,2,112670,113669,1000,39,3,4.319126945920289,OK,True,
hdt,r05_region_sample_genotype_counts,w1000_13,2,121328,122327,1000,39,1,4.40930910827592,OK,True,
hdt,r05_region_sample_genotype_counts,w1000_13,2,121328,122327,1000,39,2,4.434080795850605,OK,True,
hdt,r05_region_sample_genotype_counts,w1000_13,2,121328,122327,1000,39,3,4.395480877254158,OK,True,
hdt,r05_region_sample_genotype_counts,w1000_14,2,128114,129113,1000,39,1,4.399848692584783,OK,True,
hdt,r05_region_sample_genotype_counts,w1000_14,2,128114,129113,1000,39,2,4.435138567350805,OK,True,
hdt,r05_region_sample_genotype_counts,w1000_14,2,128114,129113,1000,39,3,4.417013325728476,OK,True,
hdt,r05_region_sample_genotype_counts,w1000_15,1,56237,57236,1000,39,1,4.3163721528835595,OK,True,
hdt,r05_region_sample_genotype_counts,w1000_15,1,56237,57236,1000,39,2,4.502391185145825,OK,True,
hdt,r05_region_sample_genotype_counts,w1000_15,1,56237,57236,1000,39,3,4.482531276997179,OK,True,
hdt,r05_region_sample_genotype_counts,w1000_16,1,65883,66882,1000,39,1,4.505411968100816,OK,True,
hdt,r05_region_sample_genotype_counts,w1000_16,1,65883,66882,1000,39,2,4.436113849747926,OK,True,
hdt,r05_region_sample_genotype_counts,w1000_16,1,65883,66882,1000,39,3,4.5808929917402565,OK,True,
hdt,r05_region_sample_genotype_counts,w1000_17,2,13298,14297,1000,39,1,4.610097903292626,OK,True,
hdt,r05_region_sample_genotype_counts,w1000_17,2,13298,14297,1000,39,2,4.541918393690139,OK,True,
hdt,r05_region_sample_genotype_counts,w1000_17,2,13298,14297,1000,39,3,4.609536059200764,OK,True,
hdt,r05_region_sample_genotype_counts,w1000_18,2,32252,33251,1000,39,1,4.554247316904366,OK,True,
hdt,r05_region_sample_genotype_counts,w1000_18,2,32252,33251,1000,39,2,4.524648672901094,OK,True,
hdt,r05_region_sample_genotype_counts,w1000_18,2,32252,33251,1000,39,3,4.414255069103092,OK,True,
hdt,r05_region_sample_genotype_counts,w1000_19,1,96953,97952,1000,39,1,4.547136287204921,OK,True,
hdt,r05_region_sample_genotype_counts,w1000_19,1,96953,97952,1000,39,2,4.523577684070915,OK,True,
hdt,r05_region_sample_genotype_counts,w1000_19,1,96953,97952,1000,39,3,4.558959725312889,OK,True,
hdt,r05_region_sample_genotype_counts,w100000_00,2,120002,220001,100000,417,1,4.588762192986906,OK,True,
hdt,r05_region_sample_genotype_counts,w100000_00,2,120002,220001,100000,417,2,4.420048845931888,OK,True,
hdt,r05_region_sample_genotype_counts,w100000_00,2,120002,220001,100000,417,3,4.424228268675506,OK,True,
hdt,r05_region_sample_genotype_counts,w100000_01,1,88763,188762,100000,1618,1,4.5552343293093145,OK,True,
hdt,r05_region_sample_genotype_counts,w100000_01,1,88763,188762,100000,1618,2,4.522907974198461,OK,True,
hdt,r05_region_sample_genotype_counts,w100000_01,1,88763,188762,100000,1618,3,4.50572296185419,OK,True,
hdt,r05_region_sample_genotype_counts,w100000_02,1,52857,152856,100000,2999,1,4.5442598313093185,OK,True,
hdt,r05_region_sample_genotype_counts,w100000_02,1,52857,152856,100000,2999,2,4.543017049320042,OK,True,
hdt,r05_region_sample_genotype_counts,w100000_02,1,52857,152856,100000,2999,3,4.61737682716921,OK,True,
hdt,r05_region_sample_genotype_counts,w100000_03,2,52324,152323,100000,3020,1,4.624391600023955,OK,True,
hdt,r05_region_sample_genotype_counts,w100000_03,2,52324,152323,100000,3020,2,4.733392112888396,OK,True,
hdt,r05_region_sample_genotype_counts,w100000_03,2,52324,152323,100000,3020,3,4.5752596273086965,OK,True,
hdt,r05_region_sample_genotype_counts,w100000_04,2,34592,134591,100000,3702,1,4.569532431662083,OK,True,
hdt,r05_region_sample_genotype_counts,w100000_04,2,34592,134591,100000,3702,2,4.6202631900087,OK,True,
hdt,r05_region_sample_genotype_counts,w100000_04,2,34592,134591,100000,3702,3,4.625478181056678,OK,True,
hdt,r05_region_sample_genotype_counts,w100000_05,1,53975,153974,100000,2956,1,4.51379875279963,OK,True,
hdt,r05_region_sample_genotype_counts,w100000_05,1,53975,153974,100000,2956,2,4.72265353705734,OK,True,
hdt,r05_region_sample_genotype_counts,w100000_05,1,53975,153974,100000,2956,3,4.563680280931294,OK,True,
hdt,r05_region_sample_genotype_counts,w100000_06,1,116323,216322,100000,558,1,4.416860189288855,OK,True,
hdt,r05_region_sample_genotype_counts,w100000_06,1,116323,216322,100000,558,2,4.476441571023315,OK,True,
hdt,r05_region_sample_genotype_counts,w100000_06,1,116323,216322,100000,558,3,4.4463747893460095,OK,True,
hdt,r05_region_sample_genotype_counts,w100000_07,2,54378,154377,100000,2941,1,4.590683456044644,OK,True,
hdt,r05_region_sample_genotype_counts,w100000_07,2,54378,154377,100000,2941,2,4.4709278820082545,OK,True,
hdt,r05_region_sample_genotype_counts,w100000_07,2,54378,154377,100000,2941,3,4.526144464034587,OK,True,
hdt,r05_region_sample_genotype_counts,w100000_08,2,7188,107187,100000,3847,1,4.583156371023506,OK,True,
hdt,r05_region_sample_genotype_counts,w100000_08,2,7188,107187,100000,3847,2,4.5711138769984245,OK,True,
hdt,r05_region_sample_genotype_counts,w100000_08,2,7188,107187,100000,3847,3,4.635058268904686,OK,True,
hdt,r05_region_sample_genotype_counts,w100000_09,2,111448,211447,100000,746,1,4.487389647867531,OK,True,
hdt,r05_region_sample_genotype_counts,w100000_09,2,111448,211447,100000,746,2,4.4127513989806175,OK,True,
hdt,r05_region_sample_genotype_counts,w100000_09,2,111448,211447,100000,746,3,4.4774073590524495,OK,True,
hdt,r05_region_sample_genotype_counts,w100000_10,2,122134,222133,100000,335,1,4.394386106636375,OK,True,
hdt,r05_region_sample_genotype_counts,w100000_10,2,122134,222133,100000,335,2,4.467463104985654,OK,True,
hdt,r05_region_sample_genotype_counts,w100000_10,2,122134,222133,100000,335,3,4.401350235100836,OK,True,
hdt,r05_region_sample_genotype_counts,w100000_11,1,4159,104158,100000,3847,1,4.62035427801311,OK,True,
hdt,r05_region_sample_genotype_counts,w100000_11,1,4159,104158,100000,3847,2,4.573443996720016,OK,True,
hdt,r05_region_sample_genotype_counts,w100000_11,1,4159,104158,100000,3847,3,4.692650611978024,OK,True,
hdt,r05_region_sample_genotype_counts,w100000_12,2,13740,113739,100000,3847,1,4.607216033153236,OK,True,
hdt,r05_region_sample_genotype_counts,w100000_12,2,13740,113739,100000,3847,2,4.576854691840708,OK,True,
hdt,r05_region_sample_genotype_counts,w100000_12,2,13740,113739,100000,3847,3,4.663379347417504,OK,True,
hdt,r05_region_sample_genotype_counts,w100000_13,2,91324,191323,100000,1520,1,4.546329965814948,OK,True,
hdt,r05_region_sample_genotype_counts,w100000_13,2,91324,191323,100000,1520,2,4.567213030066341,OK,True,
hdt,r05_region_sample_genotype_counts,w100000_13,2,91324,191323,100000,1520,3,4.598012112081051,OK,True,
hdt,r05_region_sample_genotype_counts,w100000_14,2,21254,121253,100000,3847,1,4.665913273114711,OK,True,
hdt,r05_region_sample_genotype_counts,w100000_14,2,21254,121253,100000,3847,2,4.612652731128037,OK,True,
hdt,r05_region_sample_genotype_counts,w100000_14,2,21254,121253,100000,3847,3,4.620647798758,OK,True,
hdt,r05_region_sample_genotype_counts,w100000_15,1,111279,211278,100000,752,1,4.558223312254995,OK,True,
hdt,r05_region_sample_genotype_counts,w100000_15,1,111279,211278,100000,752,2,4.546489897649735,OK,True,
hdt,r05_region_sample_genotype_counts,w100000_15,1,111279,211278,100000,752,3,4.481783965136856,OK,True,
hdt,r05_region_sample_genotype_counts,w100000_16,1,113957,213956,100000,649,1,4.447428833693266,OK,True,
hdt,r05_region_sample_genotype_counts,w100000_16,1,113957,213956,100000,649,2,4.445274208672345,OK,True,
hdt,r05_region_sample_genotype_counts,w100000_16,1,113957,213956,100000,649,3,4.441442065872252,OK,True,
hdt,r05_region_sample_genotype_counts,w100000_17,1,26389,126388,100000,3847,1,4.71515618590638,OK,True,
hdt,r05_region_sample_genotype_counts,w100000_17,1,26389,126388,100000,3847,2,4.558243111241609,OK,True,
hdt,r05_region_sample_genotype_counts,w100000_17,1,26389,126388,100000,3847,3,4.544775060843676,OK,True,
hdt,r05_region_sample_genotype_counts,w100000_18,2,62074,162073,100000,2645,1,4.655599780846387,OK,True,
hdt,r05_region_sample_genotype_counts,w100000_18,2,62074,162073,100000,2645,2,4.505832595285028,OK,True,
hdt,r05_region_sample_genotype_counts,w100000_18,2,62074,162073,100000,2645,3,4.637945889029652,OK,True,
hdt,r05_region_sample_genotype_counts,w100000_19,1,99683,199682,100000,1198,1,4.523112103808671,OK,True,
hdt,r05_region_sample_genotype_counts,w100000_19,1,99683,199682,100000,1198,2,4.592363256961107,OK,True,
hdt,r05_region_sample_genotype_counts,w100000_19,1,99683,199682,100000,1198,3,4.683468572795391,OK,True,
hdt,r05_region_sample_genotype_counts,w1000000_00,2,77700,1077699,1000000,2044,1,4.675171978306025,OK,True,
hdt,r05_region_sample_genotype_counts,w1000000_00,2,77700,1077699,1000000,2044,2,4.627824801020324,OK,True,
hdt,r05_region_sample_genotype_counts,w1000000_00,2,77700,1077699,1000000,2044,3,4.555776053108275,OK,True,
hdt,r05_region_sample_genotype_counts,w1000000_01,2,14260,1014259,1000000,4484,1,4.8741681929677725,OK,True,
hdt,r05_region_sample_genotype_counts,w1000000_01,2,14260,1014259,1000000,4484,2,4.668494441080838,OK,True,
hdt,r05_region_sample_genotype_counts,w1000000_01,2,14260,1014259,1000000,4484,3,4.6229467717930675,OK,True,
hdt,r05_region_sample_genotype_counts,w1000000_02,2,39428,1039427,1000000,3516,1,4.618365723174065,OK,True,
hdt,r05_region_sample_genotype_counts,w1000000_02,2,39428,1039427,1000000,3516,2,4.707199308555573,OK,True,
hdt,r05_region_sample_genotype_counts,w1000000_02,2,39428,1039427,1000000,3516,3,4.63894720794633,OK,True,
hdt,r05_region_sample_genotype_counts,w1000000_03,2,121614,1121613,1000000,355,1,4.491789370775223,OK,True,
hdt,r05_region_sample_genotype_counts,w1000000_03,2,121614,1121613,1000000,355,2,4.363479373976588,OK,True,
hdt,r05_region_sample_genotype_counts,w1000000_03,2,121614,1121613,1000000,355,3,4.439073218032718,OK,True,
hdt,r05_region_sample_genotype_counts,w1000000_04,2,45980,1045979,1000000,3264,1,4.514403938315809,OK,True,
hdt,r05_region_sample_genotype_counts,w1000000_04,2,45980,1045979,1000000,3264,2,4.590478895232081,OK,True,
hdt,r05_region_sample_genotype_counts,w1000000_04,2,45980,1045979,1000000,3264,3,4.526441711001098,OK,True,
hdt,r05_region_sample_genotype_counts,w1000000_05,2,74320,1074319,1000000,2174,1,4.479540611151606,OK,True,
hdt,r05_region_sample_genotype_counts,w1000000_05,2,74320,1074319,1000000,2174,2,4.561328979209065,OK,True,
hdt,r05_region_sample_genotype_counts,w1000000_05,2,74320,1074319,1000000,2174,3,4.444821854121983,OK,True,
hdt,r05_region_sample_genotype_counts,w1000000_06,1,75477,1075476,1000000,2129,1,4.446955841034651,OK,True,
hdt,r05_region_sample_genotype_counts,w1000000_06,1,75477,1075476,1000000,2129,2,4.494721374008805,OK,True,
hdt,r05_region_sample_genotype_counts,w1000000_06,1,75477,1075476,1000000,2129,3,4.499346008058637,OK,True,
hdt,r05_region_sample_genotype_counts,w1000000_07,1,15729,1015728,1000000,4427,1,4.609413015190512,OK,True,
hdt,r05_region_sample_genotype_counts,w1000000_07,1,15729,1015728,1000000,4427,2,4.790617323014885,OK,True,
hdt,r05_region_sample_genotype_counts,w1000000_07,1,15729,1015728,1000000,4427,3,4.754150931257755,OK,True,
hdt,r05_region_sample_genotype_counts,w1000000_08,2,74268,1074267,1000000,2176,1,4.491397093050182,OK,True,
hdt,r05_region_sample_genotype_counts,w1000000_08,2,74268,1074267,1000000,2176,2,4.535497911740094,OK,True,
hdt,r05_region_sample_genotype_counts,w1000000_08,2,74268,1074267,1000000,2176,3,4.58328670123592,OK,True,
hdt,r05_region_sample_genotype_counts,w1000000_09,1,33643,1033642,1000000,3738,1,4.628057293128222,OK,True,
hdt,r05_region_sample_genotype_counts,w1000000_09,1,33643,1033642,1000000,3738,2,4.604802625719458,OK,True,
hdt,r05_region_sample_genotype_counts,w1000000_09,1,33643,1033642,1000000,3738,3,4.715608816128224,OK,True,
hdt,r05_region_sample_genotype_counts,w1000000_10,1,92507,1092506,1000000,1474,1,4.52521107532084,OK,True,
hdt,r05_region_sample_genotype_counts,w1000000_10,1,92507,1092506,1000000,1474,2,4.527062437962741,OK,True,
hdt,r05_region_sample_genotype_counts,w1000000_10,1,92507,1092506,1000000,1474,3,4.562792260199785,OK,True,
hdt,r05_region_sample_genotype_counts,w1000000_11,1,121211,1121210,1000000,370,1,4.443876867648214,OK,True,
hdt,r05_region_sample_genotype_counts,w1000000_11,1,121211,1121210,1000000,370,2,4.496886285021901,OK,True,
hdt,r05_region_sample_genotype_counts,w1000000_11,1,121211,1121210,1000000,370,3,4.561333409044892,OK,True,
hdt,r05_region_sample_genotype_counts,w1000000_12,1,77765,1077764,1000000,2041,1,4.685655762907118,OK,True,
hdt,r05_region_sample_genotype_counts,w1000000_12,1,77765,1077764,1000000,2041,2,4.604637527838349,OK,True,
hdt,r05_region_sample_genotype_counts,w1000000_12,1,77765,1077764,1000000,2041,3,4.51432471210137,OK,True,
hdt,r05_region_sample_genotype_counts,w1000000_13,2,118494,1118493,1000000,475,1,4.508468608837575,OK,True,
hdt,r05_region_sample_genotype_counts,w1000000_13,2,118494,1118493,1000000,475,2,4.490444803144783,OK,True,
hdt,r05_region_sample_genotype_counts,w1000000_13,2,118494,1118493,1000000,475,3,4.62618280062452,OK,True,
hdt,r05_region_sample_genotype_counts,w1000000_14,1,92143,1092142,1000000,1488,1,4.674453894607723,OK,True,
hdt,r05_region_sample_genotype_counts,w1000000_14,1,92143,1092142,1000000,1488,2,4.722461476922035,OK,True,
hdt,r05_region_sample_genotype_counts,w1000000_14,1,92143,1092142,1000000,1488,3,4.663141969125718,OK,True,
hdt,r05_region_sample_genotype_counts,w1000000_15,1,125423,1125422,1000000,208,1,4.538805023767054,OK,True,
hdt,r05_region_sample_genotype_counts,w1000000_15,1,125423,1125422,1000000,208,2,4.437830898910761,OK,True,
hdt,r05_region_sample_genotype_counts,w1000000_15,1,125423,1125422,1000000,208,3,4.459207754116505,OK,True,
hdt,r05_region_sample_genotype_counts,w1000000_16,2,99852,1099851,1000000,1192,1,4.5451887850649655,OK,True,
hdt,r05_region_sample_genotype_counts,w1000000_16,2,99852,1099851,1000000,1192,2,4.58404786977917,OK,True,
hdt,r05_region_sample_genotype_counts,w1000000_16,2,99852,1099851,1000000,1192,3,4.548558711074293,OK,True,
hdt,r05_region_sample_genotype_counts,w1000000_17,2,49334,1049333,1000000,3135,1,4.709474064875394,OK,True,
hdt,r05_region_sample_genotype_counts,w1000000_17,2,49334,1049333,1000000,3135,2,4.642157420981675,OK,True,
hdt,r05_region_sample_genotype_counts,w1000000_17,2,49334,1049333,1000000,3135,3,4.665662709623575,OK,True,
hdt,r05_region_sample_genotype_counts,w1000000_18,1,74801,1074800,1000000,2155,1,4.684711337089539,OK,True,
hdt,r05_region_sample_genotype_counts,w1000000_18,1,74801,1074800,1000000,2155,2,4.660967937204987,OK,True,
hdt,r05_region_sample_genotype_counts,w1000000_18,1,74801,1074800,1000000,2155,3,4.617841165047139,OK,True,
hdt,r05_region_sample_genotype_counts,w1000000_19,1,121003,1121002,1000000,378,1,4.468210887629539,OK,True,
hdt,r05_region_sample_genotype_counts,w1000000_19,1,121003,1121002,1000000,378,2,4.5697912708856165,OK,True,
hdt,r05_region_sample_genotype_counts,w1000000_19,1,121003,1121002,1000000,378,3,4.43734652781859,OK,True,
hdt,r05_region_sample_genotype_counts,w10000000_00,1,105481,10105480,10000000,975,1,4.552490007597953,OK,True,
hdt,r05_region_sample_genotype_counts,w10000000_00,1,105481,10105480,10000000,975,2,4.698384185321629,OK,True,
hdt,r05_region_sample_genotype_counts,w10000000_00,1,105481,10105480,10000000,975,3,4.52213603630662,OK,True,
hdt,r05_region_sample_genotype_counts,w10000000_01,1,37257,10037256,10000000,3599,1,4.718414733186364,OK,True,
hdt,r05_region_sample_genotype_counts,w10000000_01,1,37257,10037256,10000000,3599,2,4.633830254897475,OK,True,
hdt,r05_region_sample_genotype_counts,w10000000_01,1,37257,10037256,10000000,3599,3,4.6876312349922955,OK,True,
hdt,r05_region_sample_genotype_counts,w10000000_02,2,92130,10092129,10000000,1489,1,4.5519803198985755,OK,True,
hdt,r05_region_sample_genotype_counts,w10000000_02,2,92130,10092129,10000000,1489,2,4.623389331623912,OK,True,
hdt,r05_region_sample_genotype_counts,w10000000_02,2,92130,10092129,10000000,1489,3,4.636436219327152,OK,True,
hdt,r05_region_sample_genotype_counts,w10000000_03,1,25557,10025556,10000000,4049,1,4.759868800640106,OK,True,
hdt,r05_region_sample_genotype_counts,w10000000_03,1,25557,10025556,10000000,4049,2,4.718047400005162,OK,True,
hdt,r05_region_sample_genotype_counts,w10000000_03,1,25557,10025556,10000000,4049,3,4.6919402331113815,OK,True,
hdt,r05_region_sample_genotype_counts,w10000000_04,2,46604,10046603,10000000,3240,1,4.633684374857694,OK,True,
hdt,r05_region_sample_genotype_counts,w10000000_04,2,46604,10046603,10000000,3240,2,4.630528116133064,OK,True,
hdt,r05_region_sample_genotype_counts,w10000000_04,2,46604,10046603,10000000,3240,3,4.5837151552550495,OK,True,
hdt,r05_region_sample_genotype_counts,w10000000_05,1,49477,10049476,10000000,3129,1,4.686274321749806,OK,True,
hdt,r05_region_sample_genotype_counts,w10000000_05,1,49477,10049476,10000000,3129,2,4.642115906812251,OK,True,
hdt,r05_region_sample_genotype_counts,w10000000_05,1,49477,10049476,10000000,3129,3,4.64161078678444,OK,True,
hdt,r05_region_sample_genotype_counts,w10000000_06,1,6499,10006498,10000000,4782,1,4.72345758927986,OK,True,
hdt,r05_region_sample_genotype_counts,w10000000_06,1,6499,10006498,10000000,4782,2,4.850343208760023,OK,True,
hdt,r05_region_sample_genotype_counts,w10000000_06,1,6499,10006498,10000000,4782,3,4.719795336946845,OK,True,
hdt,r05_region_sample_genotype_counts,w10000000_07,2,47280,10047279,10000000,3214,1,4.620142112951726,OK,True,
hdt,r05_region_sample_genotype_counts,w10000000_07,2,47280,10047279,10000000,3214,2,4.706138066016138,OK,True,
hdt,r05_region_sample_genotype_counts,w10000000_07,2,47280,10047279,10000000,3214,3,4.689299252815545,OK,True,
hdt,r05_region_sample_genotype_counts,w10000000_08,2,88724,10088723,10000000,1620,1,4.61512335576117,OK,True,
hdt,r05_region_sample_genotype_counts,w10000000_08,2,88724,10088723,10000000,1620,2,4.696706512011588,OK,True,
hdt,r05_region_sample_genotype_counts,w10000000_08,2,88724,10088723,10000000,1620,3,4.562553780153394,OK,True,
hdt,r05_region_sample_genotype_counts,w10000000_09,2,69692,10069691,10000000,2352,1,4.59468239499256,OK,True,
hdt,r05_region_sample_genotype_counts,w10000000_09,2,69692,10069691,10000000,2352,2,4.550525100901723,OK,True,
hdt,r05_region_sample_genotype_counts,w10000000_09,2,69692,10069691,10000000,2352,3,4.607780853752047,OK,True,
hdt,r05_region_sample_genotype_counts,w10000000_10,1,51271,10051270,10000000,3060,1,4.649365087039769,OK,True,
hdt,r05_region_sample_genotype_counts,w10000000_10,1,51271,10051270,10000000,3060,2,4.646147603169084,OK,True,
hdt,r05_region_sample_genotype_counts,w10000000_10,1,51271,10051270,10000000,3060,3,4.645702805835754,OK,True,
hdt,r05_region_sample_genotype_counts,w10000000_11,1,116349,10116348,10000000,557,1,4.389268486760557,OK,True,
hdt,r05_region_sample_genotype_counts,w10000000_11,1,116349,10116348,10000000,557,2,4.5517783761024475,OK,True,
hdt,r05_region_sample_genotype_counts,w10000000_11,1,116349,10116348,10000000,557,3,4.498066361993551,OK,True,
hdt,r05_region_sample_genotype_counts,w10000000_12,1,121471,10121470,10000000,360,1,4.492843713145703,OK,True,
hdt,r05_region_sample_genotype_counts,w10000000_12,1,121471,10121470,10000000,360,2,4.576644177082926,OK,True,
hdt,r05_region_sample_genotype_counts,w10000000_12,1,121471,10121470,10000000,360,3,4.4898274526931345,OK,True,
hdt,r05_region_sample_genotype_counts,w10000000_13,2,115582,10115581,10000000,587,1,4.471173688303679,OK,True,
hdt,r05_region_sample_genotype_counts,w10000000_13,2,115582,10115581,10000000,587,2,4.485905962064862,OK,True,
hdt,r05_region_sample_genotype_counts,w10000000_13,2,115582,10115581,10000000,587,3,4.530690932646394,OK,True,
hdt,r05_region_sample_genotype_counts,w10000000_14,2,74138,10074137,10000000,2181,1,4.534853414166719,OK,True,
hdt,r05_region_sample_genotype_counts,w10000000_14,2,74138,10074137,10000000,2181,2,4.617255697026849,OK,True,
hdt,r05_region_sample_genotype_counts,w10000000_14,2,74138,10074137,10000000,2181,3,4.544645378831774,OK,True,
hdt,r05_region_sample_genotype_counts,w10000000_15,1,50231,10050230,10000000,3100,1,4.73933241982013,OK,True,
hdt,r05_region_sample_genotype_counts,w10000000_15,1,50231,10050230,10000000,3100,2,4.715945409145206,OK,True,
hdt,r05_region_sample_genotype_counts,w10000000_15,1,50231,10050230,10000000,3100,3,4.667452747933567,OK,True,
hdt,r05_region_sample_genotype_counts,w10000000_16,1,20669,10020668,10000000,4237,1,4.684309266973287,OK,True,
hdt,r05_region_sample_genotype_counts,w10000000_16,1,20669,10020668,10000000,4237,2,4.6786374766379595,OK,True,
hdt,r05_region_sample_genotype_counts,w10000000_16,1,20669,10020668,10000000,4237,3,4.8141503860242665,OK,True,
hdt,r05_region_sample_genotype_counts,w10000000_17,1,66273,10066272,10000000,2483,1,4.687560331076384,OK,True,
hdt,r05_region_sample_genotype_counts,w10000000_17,1,66273,10066272,10000000,2483,2,4.57508261827752,OK,True,
hdt,r05_region_sample_genotype_counts,w10000000_17,1,66273,10066272,10000000,2483,3,4.664449389092624,OK,True,
hdt,r05_region_sample_genotype_counts,w10000000_18,1,57745,10057744,10000000,2811,1,4.75966778723523,OK,True,
hdt,r05_region_sample_genotype_counts,w10000000_18,1,57745,10057744,10000000,2811,2,4.650455109775066,OK,True,
hdt,r05_region_sample_genotype_counts,w10000000_18,1,57745,10057744,10000000,2811,3,4.672139025293291,OK,True,
hdt,r05_region_sample_genotype_counts,w10000000_19,1,102907,10102906,10000000,1074,1,4.662816727068275,OK,True,
hdt,r05_region_sample_genotype_counts,w10000000_19,1,102907,10102906,10000000,1074,2,4.568460656795651,OK,True,
hdt,r05_region_sample_genotype_counts,w10000000_19,1,102907,10102906,10000000,1074,3,4.598187980707735,OK,True,
cottas,r01_region_record_count,w1000_00,2,53546,54545,1000,39,1,0.5180919840931892,OK,True,
cottas,r01_region_record_count,w1000_00,2,53546,54545,1000,39,2,0.37035205587744713,OK,True,
cottas,r01_region_record_count,w1000_00,2,53546,54545,1000,39,3,0.3728351420722902,OK,True,
cottas,r01_region_record_count,w1000_01,2,79858,80857,1000,39,1,0.36730894399806857,OK,True,
cottas,r01_region_record_count,w1000_01,2,79858,80857,1000,39,2,0.35948231630027294,OK,True,
cottas,r01_region_record_count,w1000_01,2,79858,80857,1000,39,3,0.3465787307359278,OK,True,
cottas,r01_region_record_count,w1000_02,1,90739,91738,1000,39,1,0.3512601610273123,OK,True,
cottas,r01_region_record_count,w1000_02,1,90739,91738,1000,39,2,0.3473482048138976,OK,True,
cottas,r01_region_record_count,w1000_02,1,90739,91738,1000,39,3,0.3412689487449825,OK,True,
cottas,r01_region_record_count,w1000_03,2,44394,45393,1000,39,1,0.37546932557597756,OK,True,
cottas,r01_region_record_count,w1000_03,2,44394,45393,1000,39,2,0.3569108210504055,OK,True,
cottas,r01_region_record_count,w1000_03,2,44394,45393,1000,39,3,0.36303503066301346,OK,True,
cottas,r01_region_record_count,w1000_04,1,7981,8980,1000,39,1,0.3767674290575087,OK,True,
cottas,r01_region_record_count,w1000_04,1,7981,8980,1000,39,2,0.38661360275000334,OK,True,
cottas,r01_region_record_count,w1000_04,1,7981,8980,1000,39,3,0.3842459488660097,OK,True,
cottas,r01_region_record_count,w1000_05,1,110863,111862,1000,39,1,0.33208865812048316,OK,True,
cottas,r01_region_record_count,w1000_05,1,110863,111862,1000,39,2,0.33313864888623357,OK,True,
cottas,r01_region_record_count,w1000_05,1,110863,111862,1000,39,3,0.3236106080003083,OK,True,
cottas,r01_region_record_count,w1000_06,1,104311,105310,1000,39,1,0.3258481160737574,OK,True,
cottas,r01_region_record_count,w1000_06,1,104311,105310,1000,39,2,0.32281820476055145,OK,True,
cottas,r01_region_record_count,w1000_06,1,104311,105310,1000,39,3,0.3429265166632831,OK,True,
cottas,r01_region_record_count,w1000_07,1,14091,15090,1000,39,1,0.36803553998470306,OK,True,
cottas,r01_region_record_count,w1000_07,1,14091,15090,1000,39,2,0.3892338271252811,OK,True,
cottas,r01_region_record_count,w1000_07,1,14091,15090,1000,39,3,0.36995604494586587,OK,True,
cottas,r01_region_record_count,w1000_08,2,48996,49995,1000,39,1,0.35523576475679874,OK,True,
cottas,r01_region_record_count,w1000_08,2,48996,49995,1000,39,2,0.3621955178678036,OK,True,
cottas,r01_region_record_count,w1000_08,2,48996,49995,1000,39,3,0.35591955902054906,OK,True,
cottas,r01_region_record_count,w1000_09,1,120145,121144,1000,39,1,0.3457059389911592,OK,True,
cottas,r01_region_record_count,w1000_09,1,120145,121144,1000,39,2,0.3326150169596076,OK,True,
cottas,r01_region_record_count,w1000_09,1,120145,121144,1000,39,3,0.31821528682485223,OK,True,
cottas,r01_region_record_count,w1000_10,2,73436,74435,1000,39,1,0.3389256871305406,OK,True,
cottas,r01_region_record_count,w1000_10,2,73436,74435,1000,39,2,0.33234284771606326,OK,True,
cottas,r01_region_record_count,w1000_10,2,73436,74435,1000,39,3,0.3402122878469527,OK,True,
cottas,r01_region_record_count,w1000_11,1,41547,42546,1000,39,1,0.3556393850594759,OK,True,
cottas,r01_region_record_count,w1000_11,1,41547,42546,1000,39,2,0.36995899491012096,OK,True,
cottas,r01_region_record_count,w1000_11,1,41547,42546,1000,39,3,0.36465136893093586,OK,True,
cottas,r01_region_record_count,w1000_12,2,112670,113669,1000,39,1,0.3281620191410184,OK,True,
cottas,r01_region_record_count,w1000_12,2,112670,113669,1000,39,2,0.3157627317123115,OK,True,
cottas,r01_region_record_count,w1000_12,2,112670,113669,1000,39,3,0.31371064111590385,OK,True,
cottas,r01_region_record_count,w1000_13,2,121328,122327,1000,39,1,0.32240732200443745,OK,True,
cottas,r01_region_record_count,w1000_13,2,121328,122327,1000,39,2,0.3302002721466124,OK,True,
cottas,r01_region_record_count,w1000_13,2,121328,122327,1000,39,3,0.31971397111192346,OK,True,
cottas,r01_region_record_count,w1000_14,2,128114,129113,1000,39,1,0.3177415542304516,OK,True,
cottas,r01_region_record_count,w1000_14,2,128114,129113,1000,39,2,0.32825247291475534,OK,True,
cottas,r01_region_record_count,w1000_14,2,128114,129113,1000,39,3,0.31889652414247394,OK,True,
cottas,r01_region_record_count,w1000_15,1,56237,57236,1000,39,1,0.35755952494218946,OK,True,
cottas,r01_region_record_count,w1000_15,1,56237,57236,1000,39,2,0.3592785829678178,OK,True,
cottas,r01_region_record_count,w1000_15,1,56237,57236,1000,39,3,0.35866320598870516,OK,True,
cottas,r01_region_record_count,w1000_16,1,65883,66882,1000,39,1,0.3546183598227799,OK,True,
cottas,r01_region_record_count,w1000_16,1,65883,66882,1000,39,2,0.3534615389071405,OK,True,
cottas,r01_region_record_count,w1000_16,1,65883,66882,1000,39,3,0.34719221014529467,OK,True,
cottas,r01_region_record_count,w1000_17,2,13298,14297,1000,39,1,0.3591719176620245,OK,True,
cottas,r01_region_record_count,w1000_17,2,13298,14297,1000,39,2,0.3729272778145969,OK,True,
cottas,r01_region_record_count,w1000_17,2,13298,14297,1000,39,3,0.3687379267066717,OK,True,
cottas,r01_region_record_count,w1000_18,2,32252,33251,1000,39,1,0.3512776019051671,OK,True,
cottas,r01_region_record_count,w1000_18,2,32252,33251,1000,39,2,0.3530954881571233,OK,True,
cottas,r01_region_record_count,w1000_18,2,32252,33251,1000,39,3,0.3624712568707764,OK,True,
cottas,r01_region_record_count,w1000_19,1,96953,97952,1000,39,1,0.33080853894352913,OK,True,
cottas,r01_region_record_count,w1000_19,1,96953,97952,1000,39,2,0.32073194440454245,OK,True,
cottas,r01_region_record_count,w1000_19,1,96953,97952,1000,39,3,0.32405772618949413,OK,True,
cottas,r01_region_record_count,w100000_00,2,120002,220001,100000,417,1,0.3432611399330199,OK,True,
cottas,r01_region_record_count,w100000_00,2,120002,220001,100000,417,2,0.3369697886519134,OK,True,
cottas,r01_region_record_count,w100000_00,2,120002,220001,100000,417,3,0.34825709322467446,OK,True,
cottas,r01_region_record_count,w100000_01,1,88763,188762,100000,1618,1,0.39268464781343937,OK,True,
cottas,r01_region_record_count,w100000_01,1,88763,188762,100000,1618,2,0.38431669026613235,OK,True,
cottas,r01_region_record_count,w100000_01,1,88763,188762,100000,1618,3,0.3647772530093789,OK,True,
cottas,r01_region_record_count,w100000_02,1,52857,152856,100000,2999,1,0.4149158508516848,OK,True,
cottas,r01_region_record_count,w100000_02,1,52857,152856,100000,2999,2,0.42124347668141127,OK,True,
cottas,r01_region_record_count,w100000_02,1,52857,152856,100000,2999,3,0.43029632698744535,OK,True,
cottas,r01_region_record_count,w100000_03,2,52324,152323,100000,3020,1,0.4319029008038342,OK,True,
cottas,r01_region_record_count,w100000_03,2,52324,152323,100000,3020,2,0.4464476089924574,OK,True,
cottas,r01_region_record_count,w100000_03,2,52324,152323,100000,3020,3,0.4391149152070284,OK,True,
cottas,r01_region_record_count,w100000_04,2,34592,134591,100000,3702,1,0.4676280911080539,OK,True,
cottas,r01_region_record_count,w100000_04,2,34592,134591,100000,3702,2,0.47636743914335966,OK,True,
cottas,r01_region_record_count,w100000_04,2,34592,134591,100000,3702,3,0.4631652873940766,OK,True,
cottas,r01_region_record_count,w100000_05,1,53975,153974,100000,2956,1,0.4308752417564392,OK,True,
cottas,r01_region_record_count,w100000_05,1,53975,153974,100000,2956,2,0.42122748773545027,OK,True,
cottas,r01_region_record_count,w100000_05,1,53975,153974,100000,2956,3,0.4295987947843969,OK,True,
cottas,r01_region_record_count,w100000_06,1,116323,216322,100000,558,1,0.3443437502719462,OK,True,
cottas,r01_region_record_count,w100000_06,1,116323,216322,100000,558,2,0.3791214940138161,OK,True,
cottas,r01_region_record_count,w100000_06,1,116323,216322,100000,558,3,0.3446164741180837,OK,True,
cottas,r01_region_record_count,w100000_07,2,54378,154377,100000,2941,1,0.45903860311955214,OK,True,
cottas,r01_region_record_count,w100000_07,2,54378,154377,100000,2941,2,0.43157939705997705,OK,True,
cottas,r01_region_record_count,w100000_07,2,54378,154377,100000,2941,3,0.43403953313827515,OK,True,
cottas,r01_region_record_count,w100000_08,2,7188,107187,100000,3847,1,0.4868458556011319,OK,True,
cottas,r01_region_record_count,w100000_08,2,7188,107187,100000,3847,2,0.47599655017256737,OK,True,
cottas,r01_region_record_count,w100000_08,2,7188,107187,100000,3847,3,0.47738581290468574,OK,True,
cottas,r01_region_record_count,w100000_09,2,111448,211447,100000,746,1,0.35575553169474006,OK,True,
cottas,r01_region_record_count,w100000_09,2,111448,211447,100000,746,2,0.32215991895645857,OK,True,
cottas,r01_region_record_count,w100000_09,2,111448,211447,100000,746,3,0.36049809819087386,OK,True,
cottas,r01_region_record_count,w100000_10,2,122134,222133,100000,335,1,0.32915236009284854,OK,True,
cottas,r01_region_record_count,w100000_10,2,122134,222133,100000,335,2,0.32416723715141416,OK,True,
cottas,r01_region_record_count,w100000_10,2,122134,222133,100000,335,3,0.3284083013422787,OK,True,
cottas,r01_region_record_count,w100000_11,1,4159,104158,100000,3847,1,0.48681115126237273,OK,True,
cottas,r01_region_record_count,w100000_11,1,4159,104158,100000,3847,2,0.47631713608279824,OK,True,
cottas,r01_region_record_count,w100000_11,1,4159,104158,100000,3847,3,0.472859145142138,OK,True,
cottas,r01_region_record_count,w100000_12,2,13740,113739,100000,3847,1,0.47357605397701263,OK,True,
cottas,r01_region_record_count,w100000_12,2,13740,113739,100000,3847,2,0.48593571688979864,OK,True,
cottas,r01_region_record_count,w100000_12,2,13740,113739,100000,3847,3,0.47703381767496467,OK,True,
cottas,r01_region_record_count,w100000_13,2,91324,191323,100000,1520,1,0.3600366832688451,OK,True,
cottas,r01_region_record_count,w100000_13,2,91324,191323,100000,1520,2,0.3589359591715038,OK,True,
cottas,r01_region_record_count,w100000_13,2,91324,191323,100000,1520,3,0.3725578058511019,OK,True,
cottas,r01_region_record_count,w100000_14,2,21254,121253,100000,3847,1,0.49856881937012076,OK,True,
cottas,r01_region_record_count,w100000_14,2,21254,121253,100000,3847,2,0.521468176972121,OK,True,
cottas,r01_region_record_count,w100000_14,2,21254,121253,100000,3847,3,0.4716062410734594,OK,True,
cottas,r01_region_record_count,w100000_15,1,111279,211278,100000,752,1,0.33336705481633544,OK,True,
cottas,r01_region_record_count,w100000_15,1,111279,211278,100000,752,2,0.3335801074281335,OK,True,
cottas,r01_region_record_count,w100000_15,1,111279,211278,100000,752,3,0.3454224090091884,OK,True,
cottas,r01_region_record_count,w100000_16,1,113957,213956,100000,649,1,0.3279874064028263,OK,True,
cottas,r01_region_record_count,w100000_16,1,113957,213956,100000,649,2,0.319745150860399,OK,True,
cottas,r01_region_record_count,w100000_16,1,113957,213956,100000,649,3,0.3293670010752976,OK,True,
cottas,r01_region_record_count,w100000_17,1,26389,126388,100000,3847,1,0.45002577686682343,OK,True,
cottas,r01_region_record_count,w100000_17,1,26389,126388,100000,3847,2,0.45728844217956066,OK,True,
cottas,r01_region_record_count,w100000_17,1,26389,126388,100000,3847,3,0.48564075492322445,OK,True,
cottas,r01_region_record_count,w100000_18,2,62074,162073,100000,2645,1,0.4228418730199337,OK,True,
cottas,r01_region_record_count,w100000_18,2,62074,162073,100000,2645,2,0.42597394715994596,OK,True,
cottas,r01_region_record_count,w100000_18,2,62074,162073,100000,2645,3,0.41571558313444257,OK,True,
cottas,r01_region_record_count,w100000_19,1,99683,199682,100000,1198,1,0.3706556726247072,OK,True,
cottas,r01_region_record_count,w100000_19,1,99683,199682,100000,1198,2,0.367224695160985,OK,True,
cottas,r01_region_record_count,w100000_19,1,99683,199682,100000,1198,3,0.36782973213121295,OK,True,
cottas,r01_region_record_count,w1000000_00,2,77700,1077699,1000000,2044,1,0.4367797658778727,OK,True,
cottas,r01_region_record_count,w1000000_00,2,77700,1077699,1000000,2044,2,0.4129780326038599,OK,True,
cottas,r01_region_record_count,w1000000_00,2,77700,1077699,1000000,2044,3,0.4013862647116184,OK,True,
cottas,r01_region_record_count,w1000000_01,2,14260,1014259,1000000,4484,1,0.5029553920030594,OK,True,
cottas,r01_region_record_count,w1000000_01,2,14260,1014259,1000000,4484,2,0.4957129000686109,OK,True,
cottas,r01_region_record_count,w1000000_01,2,14260,1014259,1000000,4484,3,0.5208677970804274,OK,True,
cottas,r01_region_record_count,w1000000_02,2,39428,1039427,1000000,3516,1,0.45470228185877204,OK,True,
cottas,r01_region_record_count,w1000000_02,2,39428,1039427,1000000,3516,2,0.4670062460936606,OK,True,
cottas,r01_region_record_count,w1000000_02,2,39428,1039427,1000000,3516,3,0.46271385718137026,OK,True,
cottas,r01_region_record_count,w1000000_03,2,121614,1121613,1000000,355,1,0.3397141140885651,OK,True,
cottas,r01_region_record_count,w1000000_03,2,121614,1121613,1000000,355,2,0.32597616314888,OK,True,
cottas,r01_region_record_count,w1000000_03,2,121614,1121613,1000000,355,3,0.3188131540082395,OK,True,
cottas,r01_region_record_count,w1000000_04,2,45980,1045979,1000000,3264,1,0.4243781608529389,OK,True,
cottas,r01_region_record_count,w1000000_04,2,45980,1045979,1000000,3264,2,0.44701924873515964,OK,True,
cottas,r01_region_record_count,w1000000_04,2,45980,1045979,1000000,3264,3,0.4603007440455258,OK,True,
cottas,r01_region_record_count,w1000000_05,2,74320,1074319,1000000,2174,1,0.41782919503748417,OK,True,
cottas,r01_region_record_count,w1000000_05,2,74320,1074319,1000000,2174,2,0.41163656394928694,OK,True,
cottas,r01_region_record_count,w1000000_05,2,74320,1074319,1000000,2174,3,0.40562913287431,OK,True,
cottas,r01_region_record_count,w1000000_06,1,75477,1075476,1000000,2129,1,0.4133002581074834,OK,True,
cottas,r01_region_record_count,w1000000_06,1,75477,1075476,1000000,2129,2,0.3930716342292726,OK,True,
cottas,r01_region_record_count,w1000000_06,1,75477,1075476,1000000,2129,3,0.39911914989352226,OK,True,
cottas,r01_region_record_count,w1000000_07,1,15729,1015728,1000000,4427,1,0.4779570447281003,OK,True,
cottas,r01_region_record_count,w1000000_07,1,15729,1015728,1000000,4427,2,0.4841432338580489,OK,True,
cottas,r01_region_record_count,w1000000_07,1,15729,1015728,1000000,4427,3,0.5429199137724936,OK,True,
cottas,r01_region_record_count,w1000000_08,2,74268,1074267,1000000,2176,1,0.4070853590965271,OK,True,
cottas,r01_region_record_count,w1000000_08,2,74268,1074267,1000000,2176,2,0.4038738077506423,OK,True,
cottas,r01_region_record_count,w1000000_08,2,74268,1074267,1000000,2176,3,0.44007233902812004,OK,True,
cottas,r01_region_record_count,w1000000_09,1,33643,1033642,1000000,3738,1,0.5177073660306633,OK,True,
cottas,r01_region_record_count,w1000000_09,1,33643,1033642,1000000,3738,2,0.45381797989830375,OK,True,
cottas,r01_region_record_count,w1000000_09,1,33643,1033642,1000000,3738,3,0.45116911083459854,OK,True,
cottas,r01_region_record_count,w1000000_10,1,92507,1092506,1000000,1474,1,0.36976070422679186,OK,True,
cottas,r01_region_record_count,w1000000_10,1,92507,1092506,1000000,1474,2,0.35691226180642843,OK,True,
cottas,r01_region_record_count,w1000000_10,1,92507,1092506,1000000,1474,3,0.35572652146220207,OK,True,
cottas,r01_region_record_count,w1000000_11,1,121211,1121210,1000000,370,1,0.314140856731683,OK,True,
cottas,r01_region_record_count,w1000000_11,1,121211,1121210,1000000,370,2,0.3201359142549336,OK,True,
cottas,r01_region_record_count,w1000000_11,1,121211,1121210,1000000,370,3,0.3074680548161268,OK,True,
cottas,r01_region_record_count,w1000000_12,1,77765,1077764,1000000,2041,1,0.3782608755864203,OK,True,
cottas,r01_region_record_count,w1000000_12,1,77765,1077764,1000000,2041,2,0.4091703579761088,OK,True,
cottas,r01_region_record_count,w1000000_12,1,77765,1077764,1000000,2041,3,0.4137884648516774,OK,True,
cottas,r01_region_record_count,w1000000_13,2,118494,1118493,1000000,475,1,0.34050307888537645,OK,True,
cottas,r01_region_record_count,w1000000_13,2,118494,1118493,1000000,475,2,0.3522489797323942,OK,True,
cottas,r01_region_record_count,w1000000_13,2,118494,1118493,1000000,475,3,0.3614982129074633,OK,True,
cottas,r01_region_record_count,w1000000_14,1,92143,1092142,1000000,1488,1,0.3782250410877168,OK,True,
cottas,r01_region_record_count,w1000000_14,1,92143,1092142,1000000,1488,2,0.36238630721345544,OK,True,
cottas,r01_region_record_count,w1000000_14,1,92143,1092142,1000000,1488,3,0.39735351921990514,OK,True,
cottas,r01_region_record_count,w1000000_15,1,125423,1125422,1000000,208,1,0.32406509993597865,OK,True,
cottas,r01_region_record_count,w1000000_15,1,125423,1125422,1000000,208,2,0.3301928867585957,OK,True,
cottas,r01_region_record_count,w1000000_15,1,125423,1125422,1000000,208,3,0.33699440583586693,OK,True,
cottas,r01_region_record_count,w1000000_16,2,99852,1099851,1000000,1192,1,0.3671543188393116,OK,True,
cottas,r01_region_record_count,w1000000_16,2,99852,1099851,1000000,1192,2,0.36376558197662234,OK,True,
cottas,r01_region_record_count,w1000000_16,2,99852,1099851,1000000,1192,3,0.356577361933887,OK,True,
cottas,r01_region_record_count,w1000000_17,2,49334,1049333,1000000,3135,1,0.4348005009815097,OK,True,
cottas,r01_region_record_count,w1000000_17,2,49334,1049333,1000000,3135,2,0.4700445639900863,OK,True,
cottas,r01_region_record_count,w1000000_17,2,49334,1049333,1000000,3135,3,0.45791667234152555,OK,True,
cottas,r01_region_record_count,w1000000_18,1,74801,1074800,1000000,2155,1,0.3890496278181672,OK,True,
cottas,r01_region_record_count,w1000000_18,1,74801,1074800,1000000,2155,2,0.3945584907196462,OK,True,
cottas,r01_region_record_count,w1000000_18,1,74801,1074800,1000000,2155,3,0.38696198258548975,OK,True,
cottas,r01_region_record_count,w1000000_19,1,121003,1121002,1000000,378,1,0.31429563323035836,OK,True,
cottas,r01_region_record_count,w1000000_19,1,121003,1121002,1000000,378,2,0.31513832602649927,OK,True,
cottas,r01_region_record_count,w1000000_19,1,121003,1121002,1000000,378,3,0.3449443862773478,OK,True,
cottas,r01_region_record_count,w10000000_00,1,105481,10105480,10000000,975,1,0.35574652068316936,OK,True,
cottas,r01_region_record_count,w10000000_00,1,105481,10105480,10000000,975,2,0.3721796399913728,OK,True,
cottas,r01_region_record_count,w10000000_00,1,105481,10105480,10000000,975,3,0.3587207202799618,OK,True,
cottas,r01_region_record_count,w10000000_01,1,37257,10037256,10000000,3599,1,0.4634902598336339,OK,True,
cottas,r01_region_record_count,w10000000_01,1,37257,10037256,10000000,3599,2,0.4509808849543333,OK,True,
cottas,r01_region_record_count,w10000000_01,1,37257,10037256,10000000,3599,3,0.45400751288980246,OK,True,
cottas,r01_region_record_count,w10000000_02,2,92130,10092129,10000000,1489,1,0.3778506596572697,OK,True,
cottas,r01_region_record_count,w10000000_02,2,92130,10092129,10000000,1489,2,0.36320597119629383,OK,True,
cottas,r01_region_record_count,w10000000_02,2,92130,10092129,10000000,1489,3,0.35482091596350074,OK,True,
cottas,r01_region_record_count,w10000000_03,1,25557,10025556,10000000,4049,1,0.47245308477431536,OK,True,
cottas,r01_region_record_count,w10000000_03,1,25557,10025556,10000000,4049,2,0.5000641429796815,OK,True,
cottas,r01_region_record_count,w10000000_03,1,25557,10025556,10000000,4049,3,0.46575550781562924,OK,True,
cottas,r01_region_record_count,w10000000_04,2,46604,10046603,10000000,3240,1,0.4516398445703089,OK,True,
cottas,r01_region_record_count,w10000000_04,2,46604,10046603,10000000,3240,2,0.430577936116606,OK,True,
cottas,r01_region_record_count,w10000000_04,2,46604,10046603,10000000,3240,3,0.44014103105291724,OK,True,
cottas,r01_region_record_count,w10000000_05,1,49477,10049476,10000000,3129,1,0.42178293503820896,OK,True,
cottas,r01_region_record_count,w10000000_05,1,49477,10049476,10000000,3129,2,0.48196780029684305,OK,True,
cottas,r01_region_record_count,w10000000_05,1,49477,10049476,10000000,3129,3,0.4308195202611387,OK,True,
cottas,r01_region_record_count,w10000000_06,1,6499,10006498,10000000,4782,1,0.5097418171353638,OK,True,
cottas,r01_region_record_count,w10000000_06,1,6499,10006498,10000000,4782,2,0.5070435181260109,OK,True,
cottas,r01_region_record_count,w10000000_06,1,6499,10006498,10000000,4782,3,0.5279895542189479,OK,True,
cottas,r01_region_record_count,w10000000_07,2,47280,10047279,10000000,3214,1,0.4568913481198251,OK,True,
cottas,r01_region_record_count,w10000000_07,2,47280,10047279,10000000,3214,2,0.43638781225308776,OK,True,
cottas,r01_region_record_count,w10000000_07,2,47280,10047279,10000000,3214,3,0.43187355203554034,OK,True,
cottas,r01_region_record_count,w10000000_08,2,88724,10088723,10000000,1620,1,0.3847773992456496,OK,True,
cottas,r01_region_record_count,w10000000_08,2,88724,10088723,10000000,1620,2,0.38738897908478975,OK,True,
cottas,r01_region_record_count,w10000000_08,2,88724,10088723,10000000,1620,3,0.3856418519280851,OK,True,
cottas,r01_region_record_count,w10000000_09,2,69692,10069691,10000000,2352,1,0.40729269897565246,OK,True,
cottas,r01_region_record_count,w10000000_09,2,69692,10069691,10000000,2352,2,0.4023108631372452,OK,True,
cottas,r01_region_record_count,w10000000_09,2,69692,10069691,10000000,2352,3,0.3990290379151702,OK,True,
cottas,r01_region_record_count,w10000000_10,1,51271,10051270,10000000,3060,1,0.42748912796378136,OK,True,
cottas,r01_region_record_count,w10000000_10,1,51271,10051270,10000000,3060,2,0.4877813090570271,OK,True,
cottas,r01_region_record_count,w10000000_10,1,51271,10051270,10000000,3060,3,0.4473230969160795,OK,True,
cottas,r01_region_record_count,w10000000_11,1,116349,10116348,10000000,557,1,0.3424879740923643,OK,True,
cottas,r01_region_record_count,w10000000_11,1,116349,10116348,10000000,557,2,0.3263109209947288,OK,True,
cottas,r01_region_record_count,w10000000_11,1,116349,10116348,10000000,557,3,0.3359067137353122,OK,True,
cottas,r01_region_record_count,w10000000_12,1,121471,10121470,10000000,360,1,0.3147141761146486,OK,True,
cottas,r01_region_record_count,w10000000_12,1,121471,10121470,10000000,360,2,0.320470810867846,OK,True,
cottas,r01_region_record_count,w10000000_12,1,121471,10121470,10000000,360,3,0.322238280903548,OK,True,
cottas,r01_region_record_count,w10000000_13,2,115582,10115581,10000000,587,1,0.33540774090215564,OK,True,
cottas,r01_region_record_count,w10000000_13,2,115582,10115581,10000000,587,2,0.3496898589655757,OK,True,
cottas,r01_region_record_count,w10000000_13,2,115582,10115581,10000000,587,3,0.3371286788024008,OK,True,
cottas,r01_region_record_count,w10000000_14,2,74138,10074137,10000000,2181,1,0.4490473777987063,OK,True,
cottas,r01_region_record_count,w10000000_14,2,74138,10074137,10000000,2181,2,0.4171920521184802,OK,True,
cottas,r01_region_record_count,w10000000_14,2,74138,10074137,10000000,2181,3,0.39642393961548805,OK,True,
cottas,r01_region_record_count,w10000000_15,1,50231,10050230,10000000,3100,1,0.43835391802713275,OK,True,
cottas,r01_region_record_count,w10000000_15,1,50231,10050230,10000000,3100,2,0.45094576897099614,OK,True,
cottas,r01_region_record_count,w10000000_15,1,50231,10050230,10000000,3100,3,0.49592040991410613,OK,True,
cottas,r01_region_record_count,w10000000_16,1,20669,10020668,10000000,4237,1,0.4843864613212645,OK,True,
cottas,r01_region_record_count,w10000000_16,1,20669,10020668,10000000,4237,2,0.47323750564828515,OK,True,
cottas,r01_region_record_count,w10000000_16,1,20669,10020668,10000000,4237,3,0.5112927467562258,OK,True,
cottas,r01_region_record_count,w10000000_17,1,66273,10066272,10000000,2483,1,0.4621200659312308,OK,True,
cottas,r01_region_record_count,w10000000_17,1,66273,10066272,10000000,2483,2,0.42492555594071746,OK,True,
cottas,r01_region_record_count,w10000000_17,1,66273,10066272,10000000,2483,3,0.4599777231924236,OK,True,
cottas,r01_region_record_count,w10000000_18,1,57745,10057744,10000000,2811,1,0.4490227969363332,OK,True,
cottas,r01_region_record_count,w10000000_18,1,57745,10057744,10000000,2811,2,0.45087776985019445,OK,True,
cottas,r01_region_record_count,w10000000_18,1,57745,10057744,10000000,2811,3,0.425842787604779,OK,True,
cottas,r01_region_record_count,w10000000_19,1,102907,10102906,10000000,1074,1,0.35936284763738513,OK,True,
cottas,r01_region_record_count,w10000000_19,1,102907,10102906,10000000,1074,2,0.3559110201895237,OK,True,
cottas,r01_region_record_count,w10000000_19,1,102907,10102906,10000000,1074,3,0.34541027434170246,OK,True,
cottas,r02_region_variant_shape_counts,w1000_00,2,53546,54545,1000,39,1,1.4950446281582117,OK,True,
cottas,r02_region_variant_shape_counts,w1000_00,2,53546,54545,1000,39,2,1.545065714046359,OK,True,
cottas,r02_region_variant_shape_counts,w1000_00,2,53546,54545,1000,39,3,1.5240189940668643,OK,True,
cottas,r02_region_variant_shape_counts,w1000_01,2,79858,80857,1000,39,1,1.4481998570263386,OK,True,
cottas,r02_region_variant_shape_counts,w1000_01,2,79858,80857,1000,39,2,1.458419265691191,OK,True,
cottas,r02_region_variant_shape_counts,w1000_01,2,79858,80857,1000,39,3,1.4656722489744425,OK,True,
cottas,r02_region_variant_shape_counts,w1000_02,1,90739,91738,1000,39,1,1.5063111810013652,OK,True,
cottas,r02_region_variant_shape_counts,w1000_02,1,90739,91738,1000,39,2,1.4554309016093612,OK,True,
cottas,r02_region_variant_shape_counts,w1000_02,1,90739,91738,1000,39,3,1.4577064421027899,OK,True,
cottas,r02_region_variant_shape_counts,w1000_03,2,44394,45393,1000,39,1,1.489713052753359,OK,True,
cottas,r02_region_variant_shape_counts,w1000_03,2,44394,45393,1000,39,2,1.5666640577837825,OK,True,
cottas,r02_region_variant_shape_counts,w1000_03,2,44394,45393,1000,39,3,1.5330348582938313,OK,True,
cottas,r02_region_variant_shape_counts,w1000_04,1,7981,8980,1000,39,1,1.5167941148392856,OK,True,
cottas,r02_region_variant_shape_counts,w1000_04,1,7981,8980,1000,39,2,1.6264629201032221,OK,True,
cottas,r02_region_variant_shape_counts,w1000_04,1,7981,8980,1000,39,3,1.4781039217486978,OK,True,
cottas,r02_region_variant_shape_counts,w1000_05,1,110863,111862,1000,39,1,1.455487793777138,OK,True,
cottas,r02_region_variant_shape_counts,w1000_05,1,110863,111862,1000,39,2,1.5619618981145322,OK,True,
cottas,r02_region_variant_shape_counts,w1000_05,1,110863,111862,1000,39,3,1.4895712612196803,OK,True,
cottas,r02_region_variant_shape_counts,w1000_06,1,104311,105310,1000,39,1,1.4555749408900738,OK,True,
cottas,r02_region_variant_shape_counts,w1000_06,1,104311,105310,1000,39,2,1.461892540100962,OK,True,
cottas,r02_region_variant_shape_counts,w1000_06,1,104311,105310,1000,39,3,1.4943712232634425,OK,True,
cottas,r02_region_variant_shape_counts,w1000_07,1,14091,15090,1000,39,1,1.5083352527581155,OK,True,
cottas,r02_region_variant_shape_counts,w1000_07,1,14091,15090,1000,39,2,1.5720433671958745,OK,True,
cottas,r02_region_variant_shape_counts,w1000_07,1,14091,15090,1000,39,3,1.5532680242322385,OK,True,
cottas,r02_region_variant_shape_counts,w1000_08,2,48996,49995,1000,39,1,1.4879736378788948,OK,True,
cottas,r02_region_variant_shape_counts,w1000_08,2,48996,49995,1000,39,2,1.498885096050799,OK,True,
cottas,r02_region_variant_shape_counts,w1000_08,2,48996,49995,1000,39,3,1.461947588250041,OK,True,
cottas,r02_region_variant_shape_counts,w1000_09,1,120145,121144,1000,39,1,1.4768408946692944,OK,True,
cottas,r02_region_variant_shape_counts,w1000_09,1,120145,121144,1000,39,2,1.4472594298422337,OK,True,
cottas,r02_region_variant_shape_counts,w1000_09,1,120145,121144,1000,39,3,1.4314883248880506,OK,True,
cottas,r02_region_variant_shape_counts,w1000_10,2,73436,74435,1000,39,1,1.533533900976181,OK,True,
cottas,r02_region_variant_shape_counts,w1000_10,2,73436,74435,1000,39,2,1.4919278491288424,OK,True,
cottas,r02_region_variant_shape_counts,w1000_10,2,73436,74435,1000,39,3,1.559250270947814,OK,True,
cottas,r02_region_variant_shape_counts,w1000_11,1,41547,42546,1000,39,1,1.4765872936695814,OK,True,
cottas,r02_region_variant_shape_counts,w1000_11,1,41547,42546,1000,39,2,1.5346693568862975,OK,True,
cottas,r02_region_variant_shape_counts,w1000_11,1,41547,42546,1000,39,3,1.528549205046147,OK,True,
cottas,r02_region_variant_shape_counts,w1000_12,2,112670,113669,1000,39,1,1.4649662403389812,OK,True,
cottas,r02_region_variant_shape_counts,w1000_12,2,112670,113669,1000,39,2,1.4501314288936555,OK,True,
cottas,r02_region_variant_shape_counts,w1000_12,2,112670,113669,1000,39,3,1.4768919530324638,OK,True,
cottas,r02_region_variant_shape_counts,w1000_13,2,121328,122327,1000,39,1,1.479909093119204,OK,True,
cottas,r02_region_variant_shape_counts,w1000_13,2,121328,122327,1000,39,2,1.4434674070216715,OK,True,
cottas,r02_region_variant_shape_counts,w1000_13,2,121328,122327,1000,39,3,1.4943058108910918,OK,True,
cottas,r02_region_variant_shape_counts,w1000_14,2,128114,129113,1000,39,1,1.407594640739262,OK,True,
cottas,r02_region_variant_shape_counts,w1000_14,2,128114,129113,1000,39,2,1.4901140481233597,OK,True,
cottas,r02_region_variant_shape_counts,w1000_14,2,128114,129113,1000,39,3,1.4676352799870074,OK,True,
cottas,r02_region_variant_shape_counts,w1000_15,1,56237,57236,1000,39,1,1.5189468530006707,OK,True,
cottas,r02_region_variant_shape_counts,w1000_15,1,56237,57236,1000,39,2,1.557251337915659,OK,True,
cottas,r02_region_variant_shape_counts,w1000_15,1,56237,57236,1000,39,3,1.511866495013237,OK,True,
cottas,r02_region_variant_shape_counts,w1000_16,1,65883,66882,1000,39,1,1.5094468481838703,OK,True,
cottas,r02_region_variant_shape_counts,w1000_16,1,65883,66882,1000,39,2,1.5131890391930938,OK,True,
cottas,r02_region_variant_shape_counts,w1000_16,1,65883,66882,1000,39,3,1.4870205633342266,OK,True,
cottas,r02_region_variant_shape_counts,w1000_17,2,13298,14297,1000,39,1,1.5511031220667064,OK,True,
cottas,r02_region_variant_shape_counts,w1000_17,2,13298,14297,1000,39,2,1.5530718839727342,OK,True,
cottas,r02_region_variant_shape_counts,w1000_17,2,13298,14297,1000,39,3,1.5379613130353391,OK,True,
cottas,r02_region_variant_shape_counts,w1000_18,2,32252,33251,1000,39,1,1.5001036040484905,OK,True,
cottas,r02_region_variant_shape_counts,w1000_18,2,32252,33251,1000,39,2,1.4609319972805679,OK,True,
cottas,r02_region_variant_shape_counts,w1000_18,2,32252,33251,1000,39,3,1.4785769819281995,OK,True,
cottas,r02_region_variant_shape_counts,w1000_19,1,96953,97952,1000,39,1,1.4825532790273428,OK,True,
cottas,r02_region_variant_shape_counts,w1000_19,1,96953,97952,1000,39,2,1.5012233359739184,OK,True,
cottas,r02_region_variant_shape_counts,w1000_19,1,96953,97952,1000,39,3,1.5276174256578088,OK,True,
cottas,r02_region_variant_shape_counts,w100000_00,2,120002,220001,100000,417,1,1.5064637791365385,OK,True,
cottas,r02_region_variant_shape_counts,w100000_00,2,120002,220001,100000,417,2,1.5152607327327132,OK,True,
cottas,r02_region_variant_shape_counts,w100000_00,2,120002,220001,100000,417,3,1.515908224042505,OK,True,
cottas,r02_region_variant_shape_counts,w100000_01,1,88763,188762,100000,1618,1,1.5357952993363142,OK,True,
cottas,r02_region_variant_shape_counts,w100000_01,1,88763,188762,100000,1618,2,1.5241953367367387,OK,True,
cottas,r02_region_variant_shape_counts,w100000_01,1,88763,188762,100000,1618,3,1.5409551952034235,OK,True,
cottas,r02_region_variant_shape_counts,w100000_02,1,52857,152856,100000,2999,1,1.5755841159261763,OK,True,
cottas,r02_region_variant_shape_counts,w100000_02,1,52857,152856,100000,2999,2,1.6430149520747364,OK,True,
cottas,r02_region_variant_shape_counts,w100000_02,1,52857,152856,100000,2999,3,1.604908431880176,OK,True,
cottas,r02_region_variant_shape_counts,w100000_03,2,52324,152323,100000,3020,1,1.6199426730163395,OK,True,
cottas,r02_region_variant_shape_counts,w100000_03,2,52324,152323,100000,3020,2,1.5789850652217865,OK,True,
cottas,r02_region_variant_shape_counts,w100000_03,2,52324,152323,100000,3020,3,1.6154987718909979,OK,True,
cottas,r02_region_variant_shape_counts,w100000_04,2,34592,134591,100000,3702,1,1.611277034971863,OK,True,
cottas,r02_region_variant_shape_counts,w100000_04,2,34592,134591,100000,3702,2,1.64868671214208,OK,True,
cottas,r02_region_variant_shape_counts,w100000_04,2,34592,134591,100000,3702,3,1.6051806691102684,OK,True,
cottas,r02_region_variant_shape_counts,w100000_05,1,53975,153974,100000,2956,1,1.5974109498783946,OK,True,
cottas,r02_region_variant_shape_counts,w100000_05,1,53975,153974,100000,2956,2,1.6148515548557043,OK,True,
cottas,r02_region_variant_shape_counts,w100000_05,1,53975,153974,100000,2956,3,1.6053392118774354,OK,True,
cottas,r02_region_variant_shape_counts,w100000_06,1,116323,216322,100000,558,1,1.4717018869705498,OK,True,
cottas,r02_region_variant_shape_counts,w100000_06,1,116323,216322,100000,558,2,1.5441854889504611,OK,True,
cottas,r02_region_variant_shape_counts,w100000_06,1,116323,216322,100000,558,3,1.508462892845273,OK,True,
cottas,r02_region_variant_shape_counts,w100000_07,2,54378,154377,100000,2941,1,1.63873058417812,OK,True,
cottas,r02_region_variant_shape_counts,w100000_07,2,54378,154377,100000,2941,2,1.5844179638661444,OK,True,
cottas,r02_region_variant_shape_counts,w100000_07,2,54378,154377,100000,2941,3,1.6048932489939034,OK,True,
cottas,r02_region_variant_shape_counts,w100000_08,2,7188,107187,100000,3847,1,1.6348746148869395,OK,True,
cottas,r02_region_variant_shape_counts,w100000_08,2,7188,107187,100000,3847,2,1.619963156990707,OK,True,
cottas,r02_region_variant_shape_counts,w100000_08,2,7188,107187,100000,3847,3,1.6482936260290444,OK,True,
cottas,r02_region_variant_shape_counts,w100000_09,2,111448,211447,100000,746,1,1.5158365131355822,OK,True,
cottas,r02_region_variant_shape_counts,w100000_09,2,111448,211447,100000,746,2,1.4621972283348441,OK,True,
cottas,r02_region_variant_shape_counts,w100000_09,2,111448,211447,100000,746,3,1.4687656848691404,OK,True,
cottas,r02_region_variant_shape_counts,w100000_10,2,122134,222133,100000,335,1,1.5800323872826993,OK,True,
cottas,r02_region_variant_shape_counts,w100000_10,2,122134,222133,100000,335,2,1.4514093259349465,OK,True,
cottas,r02_region_variant_shape_counts,w100000_10,2,122134,222133,100000,335,3,1.4519336773082614,OK,True,
cottas,r02_region_variant_shape_counts,w100000_11,1,4159,104158,100000,3847,1,1.6670644450932741,OK,True,
cottas,r02_region_variant_shape_counts,w100000_11,1,4159,104158,100000,3847,2,1.7228951738215983,OK,True,
cottas,r02_region_variant_shape_counts,w100000_11,1,4159,104158,100000,3847,3,1.7362040532752872,OK,True,
cottas,r02_region_variant_shape_counts,w100000_12,2,13740,113739,100000,3847,1,1.6297101369127631,OK,True,
cottas,r02_region_variant_shape_counts,w100000_12,2,13740,113739,100000,3847,2,1.6746212299913168,OK,True,
cottas,r02_region_variant_shape_counts,w100000_12,2,13740,113739,100000,3847,3,1.6475105951540172,OK,True,
cottas,r02_region_variant_shape_counts,w100000_13,2,91324,191323,100000,1520,1,1.5816293568350375,OK,True,
cottas,r02_region_variant_shape_counts,w100000_13,2,91324,191323,100000,1520,2,1.5224394253455102,OK,True,
cottas,r02_region_variant_shape_counts,w100000_13,2,91324,191323,100000,1520,3,1.5078338426537812,OK,True,
cottas,r02_region_variant_shape_counts,w100000_14,2,21254,121253,100000,3847,1,1.6403581160120666,OK,True,
cottas,r02_region_variant_shape_counts,w100000_14,2,21254,121253,100000,3847,2,1.6507702390663326,OK,True,
cottas,r02_region_variant_shape_counts,w100000_14,2,21254,121253,100000,3847,3,1.6929792170412838,OK,True,
cottas,r02_region_variant_shape_counts,w100000_15,1,111279,211278,100000,752,1,1.5512236589565873,OK,True,
cottas,r02_region_variant_shape_counts,w100000_15,1,111279,211278,100000,752,2,1.4902156786993146,OK,True,
cottas,r02_region_variant_shape_counts,w100000_15,1,111279,211278,100000,752,3,1.500485211610794,OK,True,
cottas,r02_region_variant_shape_counts,w100000_16,1,113957,213956,100000,649,1,1.4617933188565075,OK,True,
cottas,r02_region_variant_shape_counts,w100000_16,1,113957,213956,100000,649,2,1.5528339389711618,OK,True,
cottas,r02_region_variant_shape_counts,w100000_16,1,113957,213956,100000,649,3,1.5185912786982954,OK,True,
cottas,r02_region_variant_shape_counts,w100000_17,1,26389,126388,100000,3847,1,1.7759488550946116,OK,True,
cottas,r02_region_variant_shape_counts,w100000_17,1,26389,126388,100000,3847,2,1.6526386248879135,OK,True,
cottas,r02_region_variant_shape_counts,w100000_17,1,26389,126388,100000,3847,3,1.7103298818692565,OK,True,
cottas,r02_region_variant_shape_counts,w100000_18,2,62074,162073,100000,2645,1,1.622404946014285,OK,True,
cottas,r02_region_variant_shape_counts,w100000_18,2,62074,162073,100000,2645,2,1.5760165438987315,OK,True,
cottas,r02_region_variant_shape_counts,w100000_18,2,62074,162073,100000,2645,3,1.5753095196560025,OK,True,
cottas,r02_region_variant_shape_counts,w100000_19,1,99683,199682,100000,1198,1,1.5143867442384362,OK,True,
cottas,r02_region_variant_shape_counts,w100000_19,1,99683,199682,100000,1198,2,1.576520828064531,OK,True,
cottas,r02_region_variant_shape_counts,w100000_19,1,99683,199682,100000,1198,3,1.527590587735176,OK,True,
cottas,r02_region_variant_shape_counts,w1000000_00,2,77700,1077699,1000000,2044,1,1.5425035520456731,OK,True,
cottas,r02_region_variant_shape_counts,w1000000_00,2,77700,1077699,1000000,2044,2,1.5350617789663374,OK,True,
cottas,r02_region_variant_shape_counts,w1000000_00,2,77700,1077699,1000000,2044,3,1.5461428482085466,OK,True,
cottas,r02_region_variant_shape_counts,w1000000_01,2,14260,1014259,1000000,4484,1,1.716038703918457,OK,True,
cottas,r02_region_variant_shape_counts,w1000000_01,2,14260,1014259,1000000,4484,2,1.677250076085329,OK,True,
cottas,r02_region_variant_shape_counts,w1000000_01,2,14260,1014259,1000000,4484,3,1.6691572638228536,OK,True,
cottas,r02_region_variant_shape_counts,w1000000_02,2,39428,1039427,1000000,3516,1,1.6756328269839287,OK,True,
cottas,r02_region_variant_shape_counts,w1000000_02,2,39428,1039427,1000000,3516,2,1.6346989660523832,OK,True,
cottas,r02_region_variant_shape_counts,w1000000_02,2,39428,1039427,1000000,3516,3,1.6281177708879113,OK,True,
cottas,r02_region_variant_shape_counts,w1000000_03,2,121614,1121613,1000000,355,1,1.4756367057561874,OK,True,
cottas,r02_region_variant_shape_counts,w1000000_03,2,121614,1121613,1000000,355,2,1.469406611751765,OK,True,
cottas,r02_region_variant_shape_counts,w1000000_03,2,121614,1121613,1000000,355,3,1.5176977161318064,OK,True,
cottas,r02_region_variant_shape_counts,w1000000_04,2,45980,1045979,1000000,3264,1,1.6362922256812453,OK,True,
cottas,r02_region_variant_shape_counts,w1000000_04,2,45980,1045979,1000000,3264,2,1.5832525468431413,OK,True,
cottas,r02_region_variant_shape_counts,w1000000_04,2,45980,1045979,1000000,3264,3,1.6563561740331352,OK,True,
cottas,r02_region_variant_shape_counts,w1000000_05,2,74320,1074319,1000000,2174,1,1.5504940100945532,OK,True,
cottas,r02_region_variant_shape_counts,w1000000_05,2,74320,1074319,1000000,2174,2,1.5596739016473293,OK,True,
cottas,r02_region_variant_shape_counts,w1000000_05,2,74320,1074319,1000000,2174,3,1.5830105850473046,OK,True,
cottas,r02_region_variant_shape_counts,w1000000_06,1,75477,1075476,1000000,2129,1,1.6025470281019807,OK,True,
cottas,r02_region_variant_shape_counts,w1000000_06,1,75477,1075476,1000000,2129,2,1.594570535235107,OK,True,
cottas,r02_region_variant_shape_counts,w1000000_06,1,75477,1075476,1000000,2129,3,1.5600866009481251,OK,True,
cottas,r02_region_variant_shape_counts,w1000000_07,1,15729,1015728,1000000,4427,1,1.6631526043638587,OK,True,
cottas,r02_region_variant_shape_counts,w1000000_07,1,15729,1015728,1000000,4427,2,1.6715437029488385,OK,True,
cottas,r02_region_variant_shape_counts,w1000000_07,1,15729,1015728,1000000,4427,3,1.693691108841449,OK,True,
cottas,r02_region_variant_shape_counts,w1000000_08,2,74268,1074267,1000000,2176,1,1.5792193519882858,OK,True,
cottas,r02_region_variant_shape_counts,w1000000_08,2,74268,1074267,1000000,2176,2,1.5039684348739684,OK,True,
cottas,r02_region_variant_shape_counts,w1000000_08,2,74268,1074267,1000000,2176,3,1.5346493748947978,OK,True,
cottas,r02_region_variant_shape_counts,w1000000_09,1,33643,1033642,1000000,3738,1,1.672143860720098,OK,True,
cottas,r02_region_variant_shape_counts,w1000000_09,1,33643,1033642,1000000,3738,2,1.64060916332528,OK,True,
cottas,r02_region_variant_shape_counts,w1000000_09,1,33643,1033642,1000000,3738,3,1.6410263208672404,OK,True,
cottas,r02_region_variant_shape_counts,w1000000_10,1,92507,1092506,1000000,1474,1,1.4923331681638956,OK,True,
cottas,r02_region_variant_shape_counts,w1000000_10,1,92507,1092506,1000000,1474,2,1.465349125675857,OK,True,
cottas,r02_region_variant_shape_counts,w1000000_10,1,92507,1092506,1000000,1474,3,1.5810605441220105,OK,True,
cottas,r02_region_variant_shape_counts,w1000000_11,1,121211,1121210,1000000,370,1,1.5256524551659822,OK,True,
cottas,r02_region_variant_shape_counts,w1000000_11,1,121211,1121210,1000000,370,2,1.4849351798184216,OK,True,
cottas,r02_region_variant_shape_counts,w1000000_11,1,121211,1121210,1000000,370,3,1.4723791028372943,OK,True,
cottas,r02_region_variant_shape_counts,w1000000_12,1,77765,1077764,1000000,2041,1,1.5464702928438783,OK,True,
cottas,r02_region_variant_shape_counts,w1000000_12,1,77765,1077764,1000000,2041,2,1.5728038721717894,OK,True,
cottas,r02_region_variant_shape_counts,w1000000_12,1,77765,1077764,1000000,2041,3,1.6259315400384367,OK,True,
cottas,r02_region_variant_shape_counts,w1000000_13,2,118494,1118493,1000000,475,1,1.4644852308556437,OK,True,
cottas,r02_region_variant_shape_counts,w1000000_13,2,118494,1118493,1000000,475,2,1.459952502977103,OK,True,
cottas,r02_region_variant_shape_counts,w1000000_13,2,118494,1118493,1000000,475,3,1.5002745832316577,OK,True,
cottas,r02_region_variant_shape_counts,w1000000_14,1,92143,1092142,1000000,1488,1,1.554665891919285,OK,True,
cottas,r02_region_variant_shape_counts,w1000000_14,1,92143,1092142,1000000,1488,2,1.526962232310325,OK,True,
cottas,r02_region_variant_shape_counts,w1000000_14,1,92143,1092142,1000000,1488,3,1.518436114769429,OK,True,
cottas,r02_region_variant_shape_counts,w1000000_15,1,125423,1125422,1000000,208,1,1.4558215849101543,OK,True,
cottas,r02_region_variant_shape_counts,w1000000_15,1,125423,1125422,1000000,208,2,1.409128617029637,OK,True,
cottas,r02_region_variant_shape_counts,w1000000_15,1,125423,1125422,1000000,208,3,1.5293233771808445,OK,True,
cottas,r02_region_variant_shape_counts,w1000000_16,2,99852,1099851,1000000,1192,1,1.568651813082397,OK,True,
cottas,r02_region_variant_shape_counts,w1000000_16,2,99852,1099851,1000000,1192,2,1.5159388659521937,OK,True,
cottas,r02_region_variant_shape_counts,w1000000_16,2,99852,1099851,1000000,1192,3,1.602207544259727,OK,True,
cottas,r02_region_variant_shape_counts,w1000000_17,2,49334,1049333,1000000,3135,1,1.6014242400415242,OK,True,
cottas,r02_region_variant_shape_counts,w1000000_17,2,49334,1049333,1000000,3135,2,1.5901362048462033,OK,True,
cottas,r02_region_variant_shape_counts,w1000000_17,2,49334,1049333,1000000,3135,3,1.5937191378325224,OK,True,
cottas,r02_region_variant_shape_counts,w1000000_18,1,74801,1074800,1000000,2155,1,1.6030646180734038,OK,True,
cottas,r02_region_variant_shape_counts,w1000000_18,1,74801,1074800,1000000,2155,2,1.6763411439023912,OK,True,
cottas,r02_region_variant_shape_counts,w1000000_18,1,74801,1074800,1000000,2155,3,1.6892656371928751,OK,True,
cottas,r02_region_variant_shape_counts,w1000000_19,1,121003,1121002,1000000,378,1,1.4926822250708938,OK,True,
cottas,r02_region_variant_shape_counts,w1000000_19,1,121003,1121002,1000000,378,2,1.511932812165469,OK,True,
cottas,r02_region_variant_shape_counts,w1000000_19,1,121003,1121002,1000000,378,3,1.5787918595597148,OK,True,
cottas,r02_region_variant_shape_counts,w10000000_00,1,105481,10105480,10000000,975,1,1.5690463199280202,OK,True,
cottas,r02_region_variant_shape_counts,w10000000_00,1,105481,10105480,10000000,975,2,1.5551054128445685,OK,True,
cottas,r02_region_variant_shape_counts,w10000000_00,1,105481,10105480,10000000,975,3,1.5712834047153592,OK,True,
cottas,r02_region_variant_shape_counts,w10000000_01,1,37257,10037256,10000000,3599,1,1.6280512786470354,OK,True,
cottas,r02_region_variant_shape_counts,w10000000_01,1,37257,10037256,10000000,3599,2,1.6661918121390045,OK,True,
cottas,r02_region_variant_shape_counts,w10000000_01,1,37257,10037256,10000000,3599,3,1.6246847230941057,OK,True,
cottas,r02_region_variant_shape_counts,w10000000_02,2,92130,10092129,10000000,1489,1,1.4881539116613567,OK,True,
cottas,r02_region_variant_shape_counts,w10000000_02,2,92130,10092129,10000000,1489,2,1.4760624580085278,OK,True,
cottas,r02_region_variant_shape_counts,w10000000_02,2,92130,10092129,10000000,1489,3,1.525204448029399,OK,True,
cottas,r02_region_variant_shape_counts,w10000000_03,1,25557,10025556,10000000,4049,1,1.7040825029835105,OK,True,
cottas,r02_region_variant_shape_counts,w10000000_03,1,25557,10025556,10000000,4049,2,1.6646918398328125,OK,True,
cottas,r02_region_variant_shape_counts,w10000000_03,1,25557,10025556,10000000,4049,3,1.6449239519424736,OK,True,
cottas,r02_region_variant_shape_counts,w10000000_04,2,46604,10046603,10000000,3240,1,1.5993418111465871,OK,True,
cottas,r02_region_variant_shape_counts,w10000000_04,2,46604,10046603,10000000,3240,2,1.6808618921786547,OK,True,
cottas,r02_region_variant_shape_counts,w10000000_04,2,46604,10046603,10000000,3240,3,1.719935413915664,OK,True,
cottas,r02_region_variant_shape_counts,w10000000_05,1,49477,10049476,10000000,3129,1,1.662690311204642,OK,True,
cottas,r02_region_variant_shape_counts,w10000000_05,1,49477,10049476,10000000,3129,2,1.5967998541891575,OK,True,
cottas,r02_region_variant_shape_counts,w10000000_05,1,49477,10049476,10000000,3129,3,1.6180210993625224,OK,True,
cottas,r02_region_variant_shape_counts,w10000000_06,1,6499,10006498,10000000,4782,1,1.680369280744344,OK,True,
cottas,r02_region_variant_shape_counts,w10000000_06,1,6499,10006498,10000000,4782,2,1.716711062937975,OK,True,
cottas,r02_region_variant_shape_counts,w10000000_06,1,6499,10006498,10000000,4782,3,1.7217110330238938,OK,True,
cottas,r02_region_variant_shape_counts,w10000000_07,2,47280,10047279,10000000,3214,1,1.6448183539323509,OK,True,
cottas,r02_region_variant_shape_counts,w10000000_07,2,47280,10047279,10000000,3214,2,1.6063616243191063,OK,True,
cottas,r02_region_variant_shape_counts,w10000000_07,2,47280,10047279,10000000,3214,3,1.6295934380032122,OK,True,
cottas,r02_region_variant_shape_counts,w10000000_08,2,88724,10088723,10000000,1620,1,1.5695753740146756,OK,True,
cottas,r02_region_variant_shape_counts,w10000000_08,2,88724,10088723,10000000,1620,2,1.5266358251683414,OK,True,
cottas,r02_region_variant_shape_counts,w10000000_08,2,88724,10088723,10000000,1620,3,1.5306832012720406,OK,True,
cottas,r02_region_variant_shape_counts,w10000000_09,2,69692,10069691,10000000,2352,1,1.550779489800334,OK,True,
cottas,r02_region_variant_shape_counts,w10000000_09,2,69692,10069691,10000000,2352,2,1.6528554139658809,OK,True,
cottas,r02_region_variant_shape_counts,w10000000_09,2,69692,10069691,10000000,2352,3,1.5746724549680948,OK,True,
cottas,r02_region_variant_shape_counts,w10000000_10,1,51271,10051270,10000000,3060,1,1.615462448913604,OK,True,
cottas,r02_region_variant_shape_counts,w10000000_10,1,51271,10051270,10000000,3060,2,1.5914273178204894,OK,True,
cottas,r02_region_variant_shape_counts,w10000000_10,1,51271,10051270,10000000,3060,3,1.5735706146806479,OK,True,
cottas,r02_region_variant_shape_counts,w10000000_11,1,116349,10116348,10000000,557,1,1.568828925024718,OK,True,
cottas,r02_region_variant_shape_counts,w10000000_11,1,116349,10116348,10000000,557,2,1.4724380997940898,OK,True,
cottas,r02_region_variant_shape_counts,w10000000_11,1,116349,10116348,10000000,557,3,1.4628132651560009,OK,True,
cottas,r02_region_variant_shape_counts,w10000000_12,1,121471,10121470,10000000,360,1,1.4444892099127173,OK,True,
cottas,r02_region_variant_shape_counts,w10000000_12,1,121471,10121470,10000000,360,2,1.5027714702300727,OK,True,
cottas,r02_region_variant_shape_counts,w10000000_12,1,121471,10121470,10000000,360,3,1.5068429270759225,OK,True,
cottas,r02_region_variant_shape_counts,w10000000_13,2,115582,10115581,10000000,587,1,1.5158957312814891,OK,True,
cottas,r02_region_variant_shape_counts,w10000000_13,2,115582,10115581,10000000,587,2,1.5133359972387552,OK,True,
cottas,r02_region_variant_shape_counts,w10000000_13,2,115582,10115581,10000000,587,3,1.5216008462011814,OK,True,
cottas,r02_region_variant_shape_counts,w10000000_14,2,74138,10074137,10000000,2181,1,1.5952251222915947,OK,True,
cottas,r02_region_variant_shape_counts,w10000000_14,2,74138,10074137,10000000,2181,2,1.5871005938388407,OK,True,
cottas,r02_region_variant_shape_counts,w10000000_14,2,74138,10074137,10000000,2181,3,1.575962582603097,OK,True,
cottas,r02_region_variant_shape_counts,w10000000_15,1,50231,10050230,10000000,3100,1,1.588333328254521,OK,True,
cottas,r02_region_variant_shape_counts,w10000000_15,1,50231,10050230,10000000,3100,2,1.582282300107181,OK,True,
cottas,r02_region_variant_shape_counts,w10000000_15,1,50231,10050230,10000000,3100,3,1.6046105087734759,OK,True,
cottas,r02_region_variant_shape_counts,w10000000_16,1,20669,10020668,10000000,4237,1,1.6496718619018793,OK,True,
cottas,r02_region_variant_shape_counts,w10000000_16,1,20669,10020668,10000000,4237,2,1.6521780989132822,OK,True,
cottas,r02_region_variant_shape_counts,w10000000_16,1,20669,10020668,10000000,4237,3,1.6847257991321385,OK,True,
cottas,r02_region_variant_shape_counts,w10000000_17,1,66273,10066272,10000000,2483,1,1.5857763742096722,OK,True,
cottas,r02_region_variant_shape_counts,w10000000_17,1,66273,10066272,10000000,2483,2,1.5707138683646917,OK,True,
cottas,r02_region_variant_shape_counts,w10000000_17,1,66273,10066272,10000000,2483,3,1.591594343073666,OK,True,
cottas,r02_region_variant_shape_counts,w10000000_18,1,57745,10057744,10000000,2811,1,1.5811879108659923,OK,True,
cottas,r02_region_variant_shape_counts,w10000000_18,1,57745,10057744,10000000,2811,2,1.6515267710201442,OK,True,
cottas,r02_region_variant_shape_counts,w10000000_18,1,57745,10057744,10000000,2811,3,1.597387540154159,OK,True,
cottas,r02_region_variant_shape_counts,w10000000_19,1,102907,10102906,10000000,1074,1,1.4888935037888587,OK,True,
cottas,r02_region_variant_shape_counts,w10000000_19,1,102907,10102906,10000000,1074,2,1.5268706432543695,OK,True,
cottas,r02_region_variant_shape_counts,w10000000_19,1,102907,10102906,10000000,1074,3,1.4919646261259913,OK,True,
cottas,r03_region_titv,w1000_00,2,53546,54545,1000,39,1,0.957698768004775,OK,True,
cottas,r03_region_titv,w1000_00,2,53546,54545,1000,39,2,0.8909293641336262,OK,True,
cottas,r03_region_titv,w1000_00,2,53546,54545,1000,39,3,0.9051419361494482,OK,True,
cottas,r03_region_titv,w1000_01,2,79858,80857,1000,39,1,0.8956877188757062,OK,True,
cottas,r03_region_titv,w1000_01,2,79858,80857,1000,39,2,0.8834190890192986,OK,True,
cottas,r03_region_titv,w1000_01,2,79858,80857,1000,39,3,0.8968992759473622,OK,True,
cottas,r03_region_titv,w1000_02,1,90739,91738,1000,39,1,0.9105282826349139,OK,True,
cottas,r03_region_titv,w1000_02,1,90739,91738,1000,39,2,0.931641569826752,OK,True,
cottas,r03_region_titv,w1000_02,1,90739,91738,1000,39,3,0.9725124598480761,OK,True,
cottas,r03_region_titv,w1000_03,2,44394,45393,1000,39,1,0.8784630768932402,OK,True,
cottas,r03_region_titv,w1000_03,2,44394,45393,1000,39,2,0.8768318612128496,OK,True,
cottas,r03_region_titv,w1000_03,2,44394,45393,1000,39,3,0.8770560622215271,OK,True,
cottas,r03_region_titv,w1000_04,1,7981,8980,1000,39,1,0.8879373683594167,OK,True,
cottas,r03_region_titv,w1000_04,1,7981,8980,1000,39,2,0.9542586398310959,OK,True,
cottas,r03_region_titv,w1000_04,1,7981,8980,1000,39,3,0.9535906407982111,OK,True,
cottas,r03_region_titv,w1000_05,1,110863,111862,1000,39,1,0.8812208320014179,OK,True,
cottas,r03_region_titv,w1000_05,1,110863,111862,1000,39,2,0.859106320887804,OK,True,
cottas,r03_region_titv,w1000_05,1,110863,111862,1000,39,3,0.8720218930393457,OK,True,
cottas,r03_region_titv,w1000_06,1,104311,105310,1000,39,1,0.8925561900250614,OK,True,
cottas,r03_region_titv,w1000_06,1,104311,105310,1000,39,2,0.8965129628777504,OK,True,
cottas,r03_region_titv,w1000_06,1,104311,105310,1000,39,3,0.9122902927920222,OK,True,
cottas,r03_region_titv,w1000_07,1,14091,15090,1000,39,1,0.9560168338939548,OK,True,
cottas,r03_region_titv,w1000_07,1,14091,15090,1000,39,2,0.9217476537451148,OK,True,
cottas,r03_region_titv,w1000_07,1,14091,15090,1000,39,3,0.992411142680794,OK,True,
cottas,r03_region_titv,w1000_08,2,48996,49995,1000,39,1,0.9554103347472847,OK,True,
cottas,r03_region_titv,w1000_08,2,48996,49995,1000,39,2,0.9194913390092552,OK,True,
cottas,r03_region_titv,w1000_08,2,48996,49995,1000,39,3,0.9498696182854474,OK,True,
cottas,r03_region_titv,w1000_09,1,120145,121144,1000,39,1,0.8637034818530083,OK,True,
cottas,r03_region_titv,w1000_09,1,120145,121144,1000,39,2,0.9113548486493528,OK,True,
cottas,r03_region_titv,w1000_09,1,120145,121144,1000,39,3,0.9064657930284739,OK,True,
cottas,r03_region_titv,w1000_10,2,73436,74435,1000,39,1,0.8916505882516503,OK,True,
cottas,r03_region_titv,w1000_10,2,73436,74435,1000,39,2,0.8993474766612053,OK,True,
cottas,r03_region_titv,w1000_10,2,73436,74435,1000,39,3,0.9289248008280993,OK,True,
cottas,r03_region_titv,w1000_11,1,41547,42546,1000,39,1,0.9718744726851583,OK,True,
cottas,r03_region_titv,w1000_11,1,41547,42546,1000,39,2,0.9350261497311294,OK,True,
cottas,r03_region_titv,w1000_11,1,41547,42546,1000,39,3,0.8960720980539918,OK,True,
cottas,r03_region_titv,w1000_12,2,112670,113669,1000,39,1,0.8828707593493164,OK,True,
cottas,r03_region_titv,w1000_12,2,112670,113669,1000,39,2,0.9255833011120558,OK,True,
cottas,r03_region_titv,w1000_12,2,112670,113669,1000,39,3,0.9312819666229188,OK,True,
cottas,r03_region_titv,w1000_13,2,121328,122327,1000,39,1,0.9349449309520423,OK,True,
cottas,r03_region_titv,w1000_13,2,121328,122327,1000,39,2,0.8714639446698129,OK,True,
cottas,r03_region_titv,w1000_13,2,121328,122327,1000,39,3,0.9218078749254346,OK,True,
cottas,r03_region_titv,w1000_14,2,128114,129113,1000,39,1,0.8739766762591898,OK,True,
cottas,r03_region_titv,w1000_14,2,128114,129113,1000,39,2,0.8789210477843881,OK,True,
cottas,r03_region_titv,w1000_14,2,128114,129113,1000,39,3,0.8592603132128716,OK,True,
cottas,r03_region_titv,w1000_15,1,56237,57236,1000,39,1,0.9056845321319997,OK,True,
cottas,r03_region_titv,w1000_15,1,56237,57236,1000,39,2,0.903345731087029,OK,True,
cottas,r03_region_titv,w1000_15,1,56237,57236,1000,39,3,0.9099768032319844,OK,True,
cottas,r03_region_titv,w1000_16,1,65883,66882,1000,39,1,0.9043352734297514,OK,True,
cottas,r03_region_titv,w1000_16,1,65883,66882,1000,39,2,0.8959344439208508,OK,True,
cottas,r03_region_titv,w1000_16,1,65883,66882,1000,39,3,0.9030792550183833,OK,True,
cottas,r03_region_titv,w1000_17,2,13298,14297,1000,39,1,0.9598744437098503,OK,True,
cottas,r03_region_titv,w1000_17,2,13298,14297,1000,39,2,0.9177391198463738,OK,True,
cottas,r03_region_titv,w1000_17,2,13298,14297,1000,39,3,0.8752934783697128,OK,True,
cottas,r03_region_titv,w1000_18,2,32252,33251,1000,39,1,0.8905905368737876,OK,True,
cottas,r03_region_titv,w1000_18,2,32252,33251,1000,39,2,0.918091026134789,OK,True,
cottas,r03_region_titv,w1000_18,2,32252,33251,1000,39,3,0.8676164937205613,OK,True,
cottas,r03_region_titv,w1000_19,1,96953,97952,1000,39,1,0.9044898110441864,OK,True,
cottas,r03_region_titv,w1000_19,1,96953,97952,1000,39,2,0.9829195151105523,OK,True,
cottas,r03_region_titv,w1000_19,1,96953,97952,1000,39,3,0.9361003022640944,OK,True,
cottas,r03_region_titv,w100000_00,2,120002,220001,100000,417,1,0.9074140749871731,OK,True,
cottas,r03_region_titv,w100000_00,2,120002,220001,100000,417,2,0.9208167078904808,OK,True,
cottas,r03_region_titv,w100000_00,2,120002,220001,100000,417,3,1.0182811398990452,OK,True,
cottas,r03_region_titv,w100000_01,1,88763,188762,100000,1618,1,1.0622384171001613,OK,True,
cottas,r03_region_titv,w100000_01,1,88763,188762,100000,1618,2,1.0392914288677275,OK,True,
cottas,r03_region_titv,w100000_01,1,88763,188762,100000,1618,3,0.9779549008235335,OK,True,
cottas,r03_region_titv,w100000_02,1,52857,152856,100000,2999,1,1.089157979004085,OK,True,
cottas,r03_region_titv,w100000_02,1,52857,152856,100000,2999,2,1.1414660667069256,OK,True,
cottas,r03_region_titv,w100000_02,1,52857,152856,100000,2999,3,1.156765379011631,OK,True,
cottas,r03_region_titv,w100000_03,2,52324,152323,100000,3020,1,1.1913429871201515,OK,True,
cottas,r03_region_titv,w100000_03,2,52324,152323,100000,3020,2,1.1975398268550634,OK,True,
cottas,r03_region_titv,w100000_03,2,52324,152323,100000,3020,3,1.205000374931842,OK,True,
cottas,r03_region_titv,w100000_04,2,34592,134591,100000,3702,1,1.278157218825072,OK,True,
cottas,r03_region_titv,w100000_04,2,34592,134591,100000,3702,2,1.2693573138676584,OK,True,
cottas,r03_region_titv,w100000_04,2,34592,134591,100000,3702,3,1.1989214126951993,OK,True,
cottas,r03_region_titv,w100000_05,1,53975,153974,100000,2956,1,1.0899369134567678,OK,True,
cottas,r03_region_titv,w100000_05,1,53975,153974,100000,2956,2,1.1854834649711847,OK,True,
cottas,r03_region_titv,w100000_05,1,53975,153974,100000,2956,3,1.0915982518345118,OK,True,
cottas,r03_region_titv,w100000_06,1,116323,216322,100000,558,1,0.9115123893134296,OK,True,
cottas,r03_region_titv,w100000_06,1,116323,216322,100000,558,2,0.9310897006653249,OK,True,
cottas,r03_region_titv,w100000_06,1,116323,216322,100000,558,3,0.9255829309113324,OK,True,
cottas,r03_region_titv,w100000_07,2,54378,154377,100000,2941,1,1.1968741677701473,OK,True,
cottas,r03_region_titv,w100000_07,2,54378,154377,100000,2941,2,1.2074316078796983,OK,True,
cottas,r03_region_titv,w100000_07,2,54378,154377,100000,2941,3,1.2039240039885044,OK,True,
cottas,r03_region_titv,w100000_08,2,7188,107187,100000,3847,1,1.2707589827477932,OK,True,
cottas,r03_region_titv,w100000_08,2,7188,107187,100000,3847,2,1.307352769188583,OK,True,
cottas,r03_region_titv,w100000_08,2,7188,107187,100000,3847,3,1.2684242757968605,OK,True,
cottas,r03_region_titv,w100000_09,2,111448,211447,100000,746,1,0.9904933371581137,OK,True,
cottas,r03_region_titv,w100000_09,2,111448,211447,100000,746,2,0.9832600723020732,OK,True,
cottas,r03_region_titv,w100000_09,2,111448,211447,100000,746,3,0.9512163461185992,OK,True,
cottas,r03_region_titv,w100000_10,2,122134,222133,100000,335,1,0.8811988988891244,OK,True,
cottas,r03_region_titv,w100000_10,2,122134,222133,100000,335,2,0.8871846501715481,OK,True,
cottas,r03_region_titv,w100000_10,2,122134,222133,100000,335,3,0.9012803211808205,OK,True,
cottas,r03_region_titv,w100000_11,1,4159,104158,100000,3847,1,1.1681313952431083,OK,True,
cottas,r03_region_titv,w100000_11,1,4159,104158,100000,3847,2,1.1650772211141884,OK,True,
cottas,r03_region_titv,w100000_11,1,4159,104158,100000,3847,3,1.2201045150868595,OK,True,
cottas,r03_region_titv,w100000_12,2,13740,113739,100000,3847,1,1.328986712731421,OK,True,
cottas,r03_region_titv,w100000_12,2,13740,113739,100000,3847,2,1.2461159196682274,OK,True,
cottas,r03_region_titv,w100000_12,2,13740,113739,100000,3847,3,1.249624994583428,OK,True,
cottas,r03_region_titv,w100000_13,2,91324,191323,100000,1520,1,1.0003222590312362,OK,True,
cottas,r03_region_titv,w100000_13,2,91324,191323,100000,1520,2,1.0631798952817917,OK,True,
cottas,r03_region_titv,w100000_13,2,91324,191323,100000,1520,3,1.0617606500163674,OK,True,
cottas,r03_region_titv,w100000_14,2,21254,121253,100000,3847,1,1.2624407671391964,OK,True,
cottas,r03_region_titv,w100000_14,2,21254,121253,100000,3847,2,1.247281912714243,OK,True,
cottas,r03_region_titv,w100000_14,2,21254,121253,100000,3847,3,1.241314415819943,OK,True,
cottas,r03_region_titv,w100000_15,1,111279,211278,100000,752,1,0.9232021779753268,OK,True,
cottas,r03_region_titv,w100000_15,1,111279,211278,100000,752,2,0.9487244510091841,OK,True,
cottas,r03_region_titv,w100000_15,1,111279,211278,100000,752,3,0.9430022747255862,OK,True,
cottas,r03_region_titv,w100000_16,1,113957,213956,100000,649,1,0.9458222407847643,OK,True,
cottas,r03_region_titv,w100000_16,1,113957,213956,100000,649,2,0.9274426051415503,OK,True,
cottas,r03_region_titv,w100000_16,1,113957,213956,100000,649,3,0.9397903140634298,OK,True,
cottas,r03_region_titv,w100000_17,1,26389,126388,100000,3847,1,1.1384314256720245,OK,True,
cottas,r03_region_titv,w100000_17,1,26389,126388,100000,3847,2,1.161406293977052,OK,True,
cottas,r03_region_titv,w100000_17,1,26389,126388,100000,3847,3,1.222073727287352,OK,True,
cottas,r03_region_titv,w100000_18,2,62074,162073,100000,2645,1,1.1362864328548312,OK,True,
cottas,r03_region_titv,w100000_18,2,62074,162073,100000,2645,2,1.1622661147266626,OK,True,
cottas,r03_region_titv,w100000_18,2,62074,162073,100000,2645,3,1.195115199778229,OK,True,
cottas,r03_region_titv,w100000_19,1,99683,199682,100000,1198,1,0.9880328816361725,OK,True,
cottas,r03_region_titv,w100000_19,1,99683,199682,100000,1198,2,0.9722870639525354,OK,True,
cottas,r03_region_titv,w100000_19,1,99683,199682,100000,1198,3,0.9999505337327719,OK,True,
cottas,r03_region_titv,w1000000_00,2,77700,1077699,1000000,2044,1,1.0759858447127044,OK,True,
cottas,r03_region_titv,w1000000_00,2,77700,1077699,1000000,2044,2,1.1386142233386636,OK,True,
cottas,r03_region_titv,w1000000_00,2,77700,1077699,1000000,2044,3,1.1004622778855264,OK,True,
cottas,r03_region_titv,w1000000_01,2,14260,1014259,1000000,4484,1,1.450344521086663,OK,True,
cottas,r03_region_titv,w1000000_01,2,14260,1014259,1000000,4484,2,1.3264916869811714,OK,True,
cottas,r03_region_titv,w1000000_01,2,14260,1014259,1000000,4484,3,1.3395384629257023,OK,True,
cottas,r03_region_titv,w1000000_02,2,39428,1039427,1000000,3516,1,1.2995135341770947,OK,True,
cottas,r03_region_titv,w1000000_02,2,39428,1039427,1000000,3516,2,1.2156278840266168,OK,True,
cottas,r03_region_titv,w1000000_02,2,39428,1039427,1000000,3516,3,1.2320626587606966,OK,True,
cottas,r03_region_titv,w1000000_03,2,121614,1121613,1000000,355,1,0.923059755936265,OK,True,
cottas,r03_region_titv,w1000000_03,2,121614,1121613,1000000,355,2,0.897972053848207,OK,True,
cottas,r03_region_titv,w1000000_03,2,121614,1121613,1000000,355,3,0.8993044230155647,OK,True,
cottas,r03_region_titv,w1000000_04,2,45980,1045979,1000000,3264,1,1.1856181588955224,OK,True,
cottas,r03_region_titv,w1000000_04,2,45980,1045979,1000000,3264,2,1.2626461070030928,OK,True,
cottas,r03_region_titv,w1000000_04,2,45980,1045979,1000000,3264,3,1.2227700520306826,OK,True,
cottas,r03_region_titv,w1000000_05,2,74320,1074319,1000000,2174,1,1.1117134280502796,OK,True,
cottas,r03_region_titv,w1000000_05,2,74320,1074319,1000000,2174,2,1.1384528880007565,OK,True,
cottas,r03_region_titv,w1000000_05,2,74320,1074319,1000000,2174,3,1.0783964041620493,OK,True,
cottas,r03_region_titv,w1000000_06,1,75477,1075476,1000000,2129,1,1.1057944931089878,OK,True,
cottas,r03_region_titv,w1000000_06,1,75477,1075476,1000000,2129,2,1.027023778297007,OK,True,
cottas,r03_region_titv,w1000000_06,1,75477,1075476,1000000,2129,3,1.0534392003901303,OK,True,
cottas,r03_region_titv,w1000000_07,1,15729,1015728,1000000,4427,1,1.1507806167937815,OK,True,
cottas,r03_region_titv,w1000000_07,1,15729,1015728,1000000,4427,2,1.183793325908482,OK,True,
cottas,r03_region_titv,w1000000_07,1,15729,1015728,1000000,4427,3,1.2910593431442976,OK,True,
cottas,r03_region_titv,w1000000_08,2,74268,1074267,1000000,2176,1,1.088345630094409,OK,True,
cottas,r03_region_titv,w1000000_08,2,74268,1074267,1000000,2176,2,1.0918495799414814,OK,True,
cottas,r03_region_titv,w1000000_08,2,74268,1074267,1000000,2176,3,1.077960423193872,OK,True,
cottas,r03_region_titv,w1000000_09,1,33643,1033642,1000000,3738,1,1.1429046890698373,OK,True,
cottas,r03_region_titv,w1000000_09,1,33643,1033642,1000000,3738,2,1.1464373827911913,OK,True,
cottas,r03_region_titv,w1000000_09,1,33643,1033642,1000000,3738,3,1.1615312388166785,OK,True,
cottas,r03_region_titv,w1000000_10,1,92507,1092506,1000000,1474,1,1.0683617368340492,OK,True,
cottas,r03_region_titv,w1000000_10,1,92507,1092506,1000000,1474,2,1.033408378250897,OK,True,
cottas,r03_region_titv,w1000000_10,1,92507,1092506,1000000,1474,3,0.9863502103835344,OK,True,
cottas,r03_region_titv,w1000000_11,1,121211,1121210,1000000,370,1,0.9288781578652561,OK,True,
cottas,r03_region_titv,w1000000_11,1,121211,1121210,1000000,370,2,0.9173712688498199,OK,True,
cottas,r03_region_titv,w1000000_11,1,121211,1121210,1000000,370,3,0.8958799690008163,OK,True,
cottas,r03_region_titv,w1000000_12,1,77765,1077764,1000000,2041,1,1.0488216779194772,OK,True,
cottas,r03_region_titv,w1000000_12,1,77765,1077764,1000000,2041,2,1.112778451293707,OK,True,
cottas,r03_region_titv,w1000000_12,1,77765,1077764,1000000,2041,3,1.0634839669801295,OK,True,
cottas,r03_region_titv,w1000000_13,2,118494,1118493,1000000,475,1,0.994128336198628,OK,True,
cottas,r03_region_titv,w1000000_13,2,118494,1118493,1000000,475,2,0.9682814418338239,OK,True,
cottas,r03_region_titv,w1000000_13,2,118494,1118493,1000000,475,3,0.9121148670092225,OK,True,
cottas,r03_region_titv,w1000000_14,1,92143,1092142,1000000,1488,1,0.9869887018576264,OK,True,
cottas,r03_region_titv,w1000000_14,1,92143,1092142,1000000,1488,2,1.0046239816583693,OK,True,
cottas,r03_region_titv,w1000000_14,1,92143,1092142,1000000,1488,3,1.0188677930273116,OK,True,
cottas,r03_region_titv,w1000000_15,1,125423,1125422,1000000,208,1,0.9025418632663786,OK,True,
cottas,r03_region_titv,w1000000_15,1,125423,1125422,1000000,208,2,0.897747001145035,OK,True,
cottas,r03_region_titv,w1000000_15,1,125423,1125422,1000000,208,3,0.9052221709862351,OK,True,
cottas,r03_region_titv,w1000000_16,2,99852,1099851,1000000,1192,1,1.0066157560795546,OK,True,
cottas,r03_region_titv,w1000000_16,2,99852,1099851,1000000,1192,2,1.0524882641620934,OK,True,
cottas,r03_region_titv,w1000000_16,2,99852,1099851,1000000,1192,3,1.038317369762808,OK,True,
cottas,r03_region_titv,w1000000_17,2,49334,1049333,1000000,3135,1,1.1798312761820853,OK,True,
cottas,r03_region_titv,w1000000_17,2,49334,1049333,1000000,3135,2,1.2038921490311623,OK,True,
cottas,r03_region_titv,w1000000_17,2,49334,1049333,1000000,3135,3,1.228185507003218,OK,True,
cottas,r03_region_titv,w1000000_18,1,74801,1074800,1000000,2155,1,1.080571083817631,OK,True,
cottas,r03_region_titv,w1000000_18,1,74801,1074800,1000000,2155,2,1.0381382051855326,OK,True,
cottas,r03_region_titv,w1000000_18,1,74801,1074800,1000000,2155,3,1.043495096731931,OK,True,
cottas,r03_region_titv,w1000000_19,1,121003,1121002,1000000,378,1,0.9326521740294993,OK,True,
cottas,r03_region_titv,w1000000_19,1,121003,1121002,1000000,378,2,0.9204744952730834,OK,True,
cottas,r03_region_titv,w1000000_19,1,121003,1121002,1000000,378,3,0.902398775331676,OK,True,
cottas,r03_region_titv,w10000000_00,1,105481,10105480,10000000,975,1,0.9525438081473112,OK,True,
cottas,r03_region_titv,w10000000_00,1,105481,10105480,10000000,975,2,1.0061376970261335,OK,True,
cottas,r03_region_titv,w10000000_00,1,105481,10105480,10000000,975,3,0.9810846629552543,OK,True,
cottas,r03_region_titv,w10000000_01,1,37257,10037256,10000000,3599,1,1.1711618839763105,OK,True,
cottas,r03_region_titv,w10000000_01,1,37257,10037256,10000000,3599,2,1.2323221918195486,OK,True,
cottas,r03_region_titv,w10000000_01,1,37257,10037256,10000000,3599,3,1.2049196460284293,OK,True,
cottas,r03_region_titv,w10000000_02,2,92130,10092129,10000000,1489,1,1.0532687027007341,OK,True,
cottas,r03_region_titv,w10000000_02,2,92130,10092129,10000000,1489,2,1.1002910658717155,OK,True,
cottas,r03_region_titv,w10000000_02,2,92130,10092129,10000000,1489,3,1.028433466795832,OK,True,
cottas,r03_region_titv,w10000000_03,1,25557,10025556,10000000,4049,1,1.2728664921596646,OK,True,
cottas,r03_region_titv,w10000000_03,1,25557,10025556,10000000,4049,2,1.1840696698054671,OK,True,
cottas,r03_region_titv,w10000000_03,1,25557,10025556,10000000,4049,3,1.1743602058850229,OK,True,
cottas,r03_region_titv,w10000000_04,2,46604,10046603,10000000,3240,1,1.2344301883131266,OK,True,
cottas,r03_region_titv,w10000000_04,2,46604,10046603,10000000,3240,2,1.2018036930821836,OK,True,
cottas,r03_region_titv,w10000000_04,2,46604,10046603,10000000,3240,3,1.2134361499920487,OK,True,
cottas,r03_region_titv,w10000000_05,1,49477,10049476,10000000,3129,1,1.1317065628245473,OK,True,
cottas,r03_region_titv,w10000000_05,1,49477,10049476,10000000,3129,2,1.1202358971349895,OK,True,
cottas,r03_region_titv,w10000000_05,1,49477,10049476,10000000,3129,3,1.0820900038816035,OK,True,
cottas,r03_region_titv,w10000000_06,1,6499,10006498,10000000,4782,1,1.2964063687250018,OK,True,
cottas,r03_region_titv,w10000000_06,1,6499,10006498,10000000,4782,2,1.2458629803732038,OK,True,
cottas,r03_region_titv,w10000000_06,1,6499,10006498,10000000,4782,3,1.2498441929928958,OK,True,
cottas,r03_region_titv,w10000000_07,2,47280,10047279,10000000,3214,1,1.230217995122075,OK,True,
cottas,r03_region_titv,w10000000_07,2,47280,10047279,10000000,3214,2,1.1790443090721965,OK,True,
cottas,r03_region_titv,w10000000_07,2,47280,10047279,10000000,3214,3,1.199678499251604,OK,True,
cottas,r03_region_titv,w10000000_08,2,88724,10088723,10000000,1620,1,1.0448141735978425,OK,True,
cottas,r03_region_titv,w10000000_08,2,88724,10088723,10000000,1620,2,1.0605794726870954,OK,True,
cottas,r03_region_titv,w10000000_08,2,88724,10088723,10000000,1620,3,1.066296505741775,OK,True,
cottas,r03_region_titv,w10000000_09,2,69692,10069691,10000000,2352,1,1.10634825238958,OK,True,
cottas,r03_region_titv,w10000000_09,2,69692,10069691,10000000,2352,2,1.1248641540296376,OK,True,
cottas,r03_region_titv,w10000000_09,2,69692,10069691,10000000,2352,3,1.0885285781696439,OK,True,
cottas,r03_region_titv,w10000000_10,1,51271,10051270,10000000,3060,1,1.0851680408231914,OK,True,
cottas,r03_region_titv,w10000000_10,1,51271,10051270,10000000,3060,2,1.062799614854157,OK,True,
cottas,r03_region_titv,w10000000_10,1,51271,10051270,10000000,3060,3,1.1538662370294333,OK,True,
cottas,r03_region_titv,w10000000_11,1,116349,10116348,10000000,557,1,0.9805037807673216,OK,True,
cottas,r03_region_titv,w10000000_11,1,116349,10116348,10000000,557,2,0.9410923481918871,OK,True,
cottas,r03_region_titv,w10000000_11,1,116349,10116348,10000000,557,3,0.9235147261060774,OK,True,
cottas,r03_region_titv,w10000000_12,1,121471,10121470,10000000,360,1,0.866553648840636,OK,True,
cottas,r03_region_titv,w10000000_12,1,121471,10121470,10000000,360,2,0.9144076379016042,OK,True,
cottas,r03_region_titv,w10000000_12,1,121471,10121470,10000000,360,3,0.9195732912048697,OK,True,
cottas,r03_region_titv,w10000000_13,2,115582,10115581,10000000,587,1,0.9852908421307802,OK,True,
cottas,r03_region_titv,w10000000_13,2,115582,10115581,10000000,587,2,0.964405638165772,OK,True,
cottas,r03_region_titv,w10000000_13,2,115582,10115581,10000000,587,3,0.9147075940854847,OK,True,
cottas,r03_region_titv,w10000000_14,2,74138,10074137,10000000,2181,1,1.1071101380512118,OK,True,
cottas,r03_region_titv,w10000000_14,2,74138,10074137,10000000,2181,2,1.107498130761087,OK,True,
cottas,r03_region_titv,w10000000_14,2,74138,10074137,10000000,2181,3,1.1379897058941424,OK,True,
cottas,r03_region_titv,w10000000_15,1,50231,10050230,10000000,3100,1,1.1334653752855957,OK,True,
cottas,r03_region_titv,w10000000_15,1,50231,10050230,10000000,3100,2,1.0785757526755333,OK,True,
cottas,r03_region_titv,w10000000_15,1,50231,10050230,10000000,3100,3,1.134610699955374,OK,True,
cottas,r03_region_titv,w10000000_16,1,20669,10020668,10000000,4237,1,1.2165032597258687,OK,True,
cottas,r03_region_titv,w10000000_16,1,20669,10020668,10000000,4237,2,1.166668253019452,OK,True,
cottas,r03_region_titv,w10000000_16,1,20669,10020668,10000000,4237,3,1.1690703448839486,OK,True,
cottas,r03_region_titv,w10000000_17,1,66273,10066272,10000000,2483,1,1.1213872097432613,OK,True,
cottas,r03_region_titv,w10000000_17,1,66273,10066272,10000000,2483,2,1.0575302010402083,OK,True,
cottas,r03_region_titv,w10000000_17,1,66273,10066272,10000000,2483,3,1.0667329663410783,OK,True,
cottas,r03_region_titv,w10000000_18,1,57745,10057744,10000000,2811,1,1.0831888071261346,OK,True,
cottas,r03_region_titv,w10000000_18,1,57745,10057744,10000000,2811,2,1.0853980323299766,OK,True,
cottas,r03_region_titv,w10000000_18,1,57745,10057744,10000000,2811,3,1.0704627186059952,OK,True,
cottas,r03_region_titv,w10000000_19,1,102907,10102906,10000000,1074,1,0.9867989402264357,OK,True,
cottas,r03_region_titv,w10000000_19,1,102907,10102906,10000000,1074,2,0.9268591101281345,OK,True,
cottas,r03_region_titv,w10000000_19,1,102907,10102906,10000000,1074,3,0.9272101209498942,OK,True,
cottas,r04_region_filter_distribution,w1000_00,2,53546,54545,1000,39,1,0.6733531290665269,OK,True,
cottas,r04_region_filter_distribution,w1000_00,2,53546,54545,1000,39,2,0.663661777973175,OK,True,
cottas,r04_region_filter_distribution,w1000_00,2,53546,54545,1000,39,3,0.7061826158314943,OK,True,
cottas,r04_region_filter_distribution,w1000_01,2,79858,80857,1000,39,1,0.752323729917407,OK,True,
cottas,r04_region_filter_distribution,w1000_01,2,79858,80857,1000,39,2,0.6844034260138869,OK,True,
cottas,r04_region_filter_distribution,w1000_01,2,79858,80857,1000,39,3,0.7160873850807548,OK,True,
cottas,r04_region_filter_distribution,w1000_02,1,90739,91738,1000,39,1,0.6558841671794653,OK,True,
cottas,r04_region_filter_distribution,w1000_02,1,90739,91738,1000,39,2,0.646434023976326,OK,True,
cottas,r04_region_filter_distribution,w1000_02,1,90739,91738,1000,39,3,0.6683910898864269,OK,True,
cottas,r04_region_filter_distribution,w1000_03,2,44394,45393,1000,39,1,0.6990611017681658,OK,True,
cottas,r04_region_filter_distribution,w1000_03,2,44394,45393,1000,39,2,0.6814273749478161,OK,True,
cottas,r04_region_filter_distribution,w1000_03,2,44394,45393,1000,39,3,0.6942975092679262,OK,True,
cottas,r04_region_filter_distribution,w1000_04,1,7981,8980,1000,39,1,0.7488902127370238,OK,True,
cottas,r04_region_filter_distribution,w1000_04,1,7981,8980,1000,39,2,0.702173680998385,OK,True,
cottas,r04_region_filter_distribution,w1000_04,1,7981,8980,1000,39,3,0.7131760776974261,OK,True,
cottas,r04_region_filter_distribution,w1000_05,1,110863,111862,1000,39,1,0.7161859078332782,OK,True,
cottas,r04_region_filter_distribution,w1000_05,1,110863,111862,1000,39,2,0.6465147249400616,OK,True,
cottas,r04_region_filter_distribution,w1000_05,1,110863,111862,1000,39,3,0.6388647742569447,OK,True,
cottas,r04_region_filter_distribution,w1000_06,1,104311,105310,1000,39,1,0.6475045043043792,OK,True,
cottas,r04_region_filter_distribution,w1000_06,1,104311,105310,1000,39,2,0.6434215111657977,OK,True,
cottas,r04_region_filter_distribution,w1000_06,1,104311,105310,1000,39,3,0.696003750897944,OK,True,
cottas,r04_region_filter_distribution,w1000_07,1,14091,15090,1000,39,1,0.7084508328698575,OK,True,
cottas,r04_region_filter_distribution,w1000_07,1,14091,15090,1000,39,2,0.693299685139209,OK,True,
cottas,r04_region_filter_distribution,w1000_07,1,14091,15090,1000,39,3,0.696659395005554,OK,True,
cottas,r04_region_filter_distribution,w1000_08,2,48996,49995,1000,39,1,0.7280113771557808,OK,True,
cottas,r04_region_filter_distribution,w1000_08,2,48996,49995,1000,39,2,0.6938967788591981,OK,True,
cottas,r04_region_filter_distribution,w1000_08,2,48996,49995,1000,39,3,0.7060263971798122,OK,True,
cottas,r04_region_filter_distribution,w1000_09,1,120145,121144,1000,39,1,0.6304246969521046,OK,True,
cottas,r04_region_filter_distribution,w1000_09,1,120145,121144,1000,39,2,0.6549520073458552,OK,True,
cottas,r04_region_filter_distribution,w1000_09,1,120145,121144,1000,39,3,0.6584890522062778,OK,True,
cottas,r04_region_filter_distribution,w1000_10,2,73436,74435,1000,39,1,0.6565912319347262,OK,True,
cottas,r04_region_filter_distribution,w1000_10,2,73436,74435,1000,39,2,0.6911278730258346,OK,True,
cottas,r04_region_filter_distribution,w1000_10,2,73436,74435,1000,39,3,0.7388988989405334,OK,True,
cottas,r04_region_filter_distribution,w1000_11,1,41547,42546,1000,39,1,0.7769518671557307,OK,True,
cottas,r04_region_filter_distribution,w1000_11,1,41547,42546,1000,39,2,0.6929964241571724,OK,True,
cottas,r04_region_filter_distribution,w1000_11,1,41547,42546,1000,39,3,0.7083990802057087,OK,True,
cottas,r04_region_filter_distribution,w1000_12,2,112670,113669,1000,39,1,0.6475404030643404,OK,True,
cottas,r04_region_filter_distribution,w1000_12,2,112670,113669,1000,39,2,0.6628699139691889,OK,True,
cottas,r04_region_filter_distribution,w1000_12,2,112670,113669,1000,39,3,0.653722417075187,OK,True,
cottas,r04_region_filter_distribution,w1000_13,2,121328,122327,1000,39,1,0.694853010121733,OK,True,
cottas,r04_region_filter_distribution,w1000_13,2,121328,122327,1000,39,2,0.6610972587950528,OK,True,
cottas,r04_region_filter_distribution,w1000_13,2,121328,122327,1000,39,3,0.6393603929318488,OK,True,
cottas,r04_region_filter_distribution,w1000_14,2,128114,129113,1000,39,1,0.6391006298363209,OK,True,
cottas,r04_region_filter_distribution,w1000_14,2,128114,129113,1000,39,2,0.6851281076669693,OK,True,
cottas,r04_region_filter_distribution,w1000_14,2,128114,129113,1000,39,3,0.6624713321216404,OK,True,
cottas,r04_region_filter_distribution,w1000_15,1,56237,57236,1000,39,1,0.7460757507942617,OK,True,
cottas,r04_region_filter_distribution,w1000_15,1,56237,57236,1000,39,2,0.7180448062717915,OK,True,
cottas,r04_region_filter_distribution,w1000_15,1,56237,57236,1000,39,3,0.7101416550576687,OK,True,
cottas,r04_region_filter_distribution,w1000_16,1,65883,66882,1000,39,1,0.6700189257971942,OK,True,
cottas,r04_region_filter_distribution,w1000_16,1,65883,66882,1000,39,2,0.6764242979697883,OK,True,
cottas,r04_region_filter_distribution,w1000_16,1,65883,66882,1000,39,3,0.6507149771787226,OK,True,
cottas,r04_region_filter_distribution,w1000_17,2,13298,14297,1000,39,1,0.7245722929947078,OK,True,
cottas,r04_region_filter_distribution,w1000_17,2,13298,14297,1000,39,2,0.7073867591097951,OK,True,
cottas,r04_region_filter_distribution,w1000_17,2,13298,14297,1000,39,3,0.6934211649931967,OK,True,
cottas,r04_region_filter_distribution,w1000_18,2,32252,33251,1000,39,1,0.685293743852526,OK,True,
cottas,r04_region_filter_distribution,w1000_18,2,32252,33251,1000,39,2,0.7022390807978809,OK,True,
cottas,r04_region_filter_distribution,w1000_18,2,32252,33251,1000,39,3,0.6993635157123208,OK,True,
cottas,r04_region_filter_distribution,w1000_19,1,96953,97952,1000,39,1,0.6467289049178362,OK,True,
cottas,r04_region_filter_distribution,w1000_19,1,96953,97952,1000,39,2,0.6911838739179075,OK,True,
cottas,r04_region_filter_distribution,w1000_19,1,96953,97952,1000,39,3,0.6481817890889943,OK,True,
cottas,r04_region_filter_distribution,w100000_00,2,120002,220001,100000,417,1,0.6481079910881817,OK,True,
cottas,r04_region_filter_distribution,w100000_00,2,120002,220001,100000,417,2,0.6592766861431301,OK,True,
cottas,r04_region_filter_distribution,w100000_00,2,120002,220001,100000,417,3,0.657389298081398,OK,True,
cottas,r04_region_filter_distribution,w100000_01,1,88763,188762,100000,1618,1,0.724321445915848,OK,True,
cottas,r04_region_filter_distribution,w100000_01,1,88763,188762,100000,1618,2,0.7763850498013198,OK,True,
cottas,r04_region_filter_distribution,w100000_01,1,88763,188762,100000,1618,3,0.7051803581416607,OK,True,
cottas,r04_region_filter_distribution,w100000_02,1,52857,152856,100000,2999,1,0.7737731039524078,OK,True,
cottas,r04_region_filter_distribution,w100000_02,1,52857,152856,100000,2999,2,0.789551897905767,OK,True,
cottas,r04_region_filter_distribution,w100000_02,1,52857,152856,100000,2999,3,0.7711269217543304,OK,True,
cottas,r04_region_filter_distribution,w100000_03,2,52324,152323,100000,3020,1,0.7473047939129174,OK,True,
cottas,r04_region_filter_distribution,w100000_03,2,52324,152323,100000,3020,2,0.8487832797691226,OK,True,
cottas,r04_region_filter_distribution,w100000_03,2,52324,152323,100000,3020,3,0.7979757129214704,OK,True,
cottas,r04_region_filter_distribution,w100000_04,2,34592,134591,100000,3702,1,0.7762033590115607,OK,True,
cottas,r04_region_filter_distribution,w100000_04,2,34592,134591,100000,3702,2,0.8036277126520872,OK,True,
cottas,r04_region_filter_distribution,w100000_04,2,34592,134591,100000,3702,3,0.7931017186492682,OK,True,
cottas,r04_region_filter_distribution,w100000_05,1,53975,153974,100000,2956,1,0.7998578175902367,OK,True,
cottas,r04_region_filter_distribution,w100000_05,1,53975,153974,100000,2956,2,0.8587283743545413,OK,True,
cottas,r04_region_filter_distribution,w100000_05,1,53975,153974,100000,2956,3,0.793654115870595,OK,True,
cottas,r04_region_filter_distribution,w100000_06,1,116323,216322,100000,558,1,0.6802866077050567,OK,True,
cottas,r04_region_filter_distribution,w100000_06,1,116323,216322,100000,558,2,0.6644408851861954,OK,True,
cottas,r04_region_filter_distribution,w100000_06,1,116323,216322,100000,558,3,0.6708938493393362,OK,True,
cottas,r04_region_filter_distribution,w100000_07,2,54378,154377,100000,2941,1,0.7628067438490689,OK,True,
cottas,r04_region_filter_distribution,w100000_07,2,54378,154377,100000,2941,2,0.7496978850103915,OK,True,
cottas,r04_region_filter_distribution,w100000_07,2,54378,154377,100000,2941,3,0.8177554709836841,OK,True,
cottas,r04_region_filter_distribution,w100000_08,2,7188,107187,100000,3847,1,0.8149723946116865,OK,True,
cottas,r04_region_filter_distribution,w100000_08,2,7188,107187,100000,3847,2,0.7959233280271292,OK,True,
cottas,r04_region_filter_distribution,w100000_08,2,7188,107187,100000,3847,3,0.7820805064402521,OK,True,
cottas,r04_region_filter_distribution,w100000_09,2,111448,211447,100000,746,1,0.640958514995873,OK,True,
cottas,r04_region_filter_distribution,w100000_09,2,111448,211447,100000,746,2,0.7157814325764775,OK,True,
cottas,r04_region_filter_distribution,w100000_09,2,111448,211447,100000,746,3,0.707395926117897,OK,True,
cottas,r04_region_filter_distribution,w100000_10,2,122134,222133,100000,335,1,0.6476279771886766,OK,True,
cottas,r04_region_filter_distribution,w100000_10,2,122134,222133,100000,335,2,0.6358481603674591,OK,True,
cottas,r04_region_filter_distribution,w100000_10,2,122134,222133,100000,335,3,0.6338973110541701,OK,True,
cottas,r04_region_filter_distribution,w100000_11,1,4159,104158,100000,3847,1,0.8198473681695759,OK,True,
cottas,r04_region_filter_distribution,w100000_11,1,4159,104158,100000,3847,2,0.8345622280612588,OK,True,
cottas,r04_region_filter_distribution,w100000_11,1,4159,104158,100000,3847,3,0.902896330691874,OK,True,
cottas,r04_region_filter_distribution,w100000_12,2,13740,113739,100000,3847,1,0.8824485796503723,OK,True,
cottas,r04_region_filter_distribution,w100000_12,2,13740,113739,100000,3847,2,0.8693400183692575,OK,True,
cottas,r04_region_filter_distribution,w100000_12,2,13740,113739,100000,3847,3,0.8120750738307834,OK,True,
cottas,r04_region_filter_distribution,w100000_13,2,91324,191323,100000,1520,1,0.7341403500176966,OK,True,
cottas,r04_region_filter_distribution,w100000_13,2,91324,191323,100000,1520,2,0.7610362828709185,OK,True,
cottas,r04_region_filter_distribution,w100000_13,2,91324,191323,100000,1520,3,0.7297719959169626,OK,True,
cottas,r04_region_filter_distribution,w100000_14,2,21254,121253,100000,3847,1,0.8313909852877259,OK,True,
cottas,r04_region_filter_distribution,w100000_14,2,21254,121253,100000,3847,2,0.8210582626052201,OK,True,
cottas,r04_region_filter_distribution,w100000_14,2,21254,121253,100000,3847,3,0.8168244059197605,OK,True,
cottas,r04_region_filter_distribution,w100000_15,1,111279,211278,100000,752,1,0.6884252675808966,OK,True,
cottas,r04_region_filter_distribution,w100000_15,1,111279,211278,100000,752,2,0.6721947686746716,OK,True,
cottas,r04_region_filter_distribution,w100000_15,1,111279,211278,100000,752,3,0.6777113638818264,OK,True,
cottas,r04_region_filter_distribution,w100000_16,1,113957,213956,100000,649,1,0.672123281750828,OK,True,
cottas,r04_region_filter_distribution,w100000_16,1,113957,213956,100000,649,2,0.6600864920765162,OK,True,
cottas,r04_region_filter_distribution,w100000_16,1,113957,213956,100000,649,3,0.6444736677221954,OK,True,
cottas,r04_region_filter_distribution,w100000_17,1,26389,126388,100000,3847,1,0.7935142768546939,OK,True,
cottas,r04_region_filter_distribution,w100000_17,1,26389,126388,100000,3847,2,0.812854774761945,OK,True,
cottas,r04_region_filter_distribution,w100000_17,1,26389,126388,100000,3847,3,0.9058102467097342,OK,True,
cottas,r04_region_filter_distribution,w100000_18,2,62074,162073,100000,2645,1,0.7790888943709433,OK,True,
cottas,r04_region_filter_distribution,w100000_18,2,62074,162073,100000,2645,2,0.7695165649056435,OK,True,
cottas,r04_region_filter_distribution,w100000_18,2,62074,162073,100000,2645,3,0.7390243229456246,OK,True,
cottas,r04_region_filter_distribution,w100000_19,1,99683,199682,100000,1198,1,0.6789247333072126,OK,True,
cottas,r04_region_filter_distribution,w100000_19,1,99683,199682,100000,1198,2,0.6660639401525259,OK,True,
cottas,r04_region_filter_distribution,w100000_19,1,99683,199682,100000,1198,3,0.7785022221505642,OK,True,
cottas,r04_region_filter_distribution,w1000000_00,2,77700,1077699,1000000,2044,1,0.7838052068836987,OK,True,
cottas,r04_region_filter_distribution,w1000000_00,2,77700,1077699,1000000,2044,2,0.7299861251376569,OK,True,
cottas,r04_region_filter_distribution,w1000000_00,2,77700,1077699,1000000,2044,3,0.7307716999202967,OK,True,
cottas,r04_region_filter_distribution,w1000000_01,2,14260,1014259,1000000,4484,1,0.8618220640346408,OK,True,
cottas,r04_region_filter_distribution,w1000000_01,2,14260,1014259,1000000,4484,2,0.8655396588146687,OK,True,
cottas,r04_region_filter_distribution,w1000000_01,2,14260,1014259,1000000,4484,3,0.8369831470772624,OK,True,
cottas,r04_region_filter_distribution,w1000000_02,2,39428,1039427,1000000,3516,1,0.7897185329347849,OK,True,
cottas,r04_region_filter_distribution,w1000000_02,2,39428,1039427,1000000,3516,2,0.7954889270476997,OK,True,
cottas,r04_region_filter_distribution,w1000000_02,2,39428,1039427,1000000,3516,3,0.7992490488104522,OK,True,
cottas,r04_region_filter_distribution,w1000000_03,2,121614,1121613,1000000,355,1,0.7011704919859767,OK,True,
cottas,r04_region_filter_distribution,w1000000_03,2,121614,1121613,1000000,355,2,0.6298427549190819,OK,True,
cottas,r04_region_filter_distribution,w1000000_03,2,121614,1121613,1000000,355,3,0.7028021169826388,OK,True,
cottas,r04_region_filter_distribution,w1000000_04,2,45980,1045979,1000000,3264,1,0.8245898722670972,OK,True,
cottas,r04_region_filter_distribution,w1000000_04,2,45980,1045979,1000000,3264,2,0.7641140879131854,OK,True,
cottas,r04_region_filter_distribution,w1000000_04,2,45980,1045979,1000000,3264,3,0.7661588098853827,OK,True,
cottas,r04_region_filter_distribution,w1000000_05,2,74320,1074319,1000000,2174,1,0.7802015719935298,OK,True,
cottas,r04_region_filter_distribution,w1000000_05,2,74320,1074319,1000000,2174,2,0.7173218140378594,OK,True,
cottas,r04_region_filter_distribution,w1000000_05,2,74320,1074319,1000000,2174,3,0.7616186463274062,OK,True,
cottas,r04_region_filter_distribution,w1000000_06,1,75477,1075476,1000000,2129,1,0.7741593350656331,OK,True,
cottas,r04_region_filter_distribution,w1000000_06,1,75477,1075476,1000000,2129,2,0.7249925937503576,OK,True,
cottas,r04_region_filter_distribution,w1000000_06,1,75477,1075476,1000000,2129,3,0.7105764928273857,OK,True,
cottas,r04_region_filter_distribution,w1000000_07,1,15729,1015728,1000000,4427,1,0.8263980080373585,OK,True,
cottas,r04_region_filter_distribution,w1000000_07,1,15729,1015728,1000000,4427,2,0.8806831822730601,OK,True,
cottas,r04_region_filter_distribution,w1000000_07,1,15729,1015728,1000000,4427,3,0.8615722563117743,OK,True,
cottas,r04_region_filter_distribution,w1000000_08,2,74268,1074267,1000000,2176,1,0.7163130729459226,OK,True,
cottas,r04_region_filter_distribution,w1000000_08,2,74268,1074267,1000000,2176,2,0.7155905272811651,OK,True,
cottas,r04_region_filter_distribution,w1000000_08,2,74268,1074267,1000000,2176,3,0.7348892749287188,OK,True,
cottas,r04_region_filter_distribution,w1000000_09,1,33643,1033642,1000000,3738,1,0.8110421416349709,OK,True,
cottas,r04_region_filter_distribution,w1000000_09,1,33643,1033642,1000000,3738,2,0.8403158420696855,OK,True,
cottas,r04_region_filter_distribution,w1000000_09,1,33643,1033642,1000000,3738,3,0.8502323077991605,OK,True,
cottas,r04_region_filter_distribution,w1000000_10,1,92507,1092506,1000000,1474,1,0.7303582644090056,OK,True,
cottas,r04_region_filter_distribution,w1000000_10,1,92507,1092506,1000000,1474,2,0.7143116048537195,OK,True,
cottas,r04_region_filter_distribution,w1000000_10,1,92507,1092506,1000000,1474,3,0.7483877278864384,OK,True,
cottas,r04_region_filter_distribution,w1000000_11,1,121211,1121210,1000000,370,1,0.7086043562740088,OK,True,
cottas,r04_region_filter_distribution,w1000000_11,1,121211,1121210,1000000,370,2,0.6732360809110105,OK,True,
cottas,r04_region_filter_distribution,w1000000_11,1,121211,1121210,1000000,370,3,0.6953928451985121,OK,True,
cottas,r04_region_filter_distribution,w1000000_12,1,77765,1077764,1000000,2041,1,0.7762021888047457,OK,True,
cottas,r04_region_filter_distribution,w1000000_12,1,77765,1077764,1000000,2041,2,0.7276953058317304,OK,True,
cottas,r04_region_filter_distribution,w1000000_12,1,77765,1077764,1000000,2041,3,0.6948239430785179,OK,True,
cottas,r04_region_filter_distribution,w1000000_13,2,118494,1118493,1000000,475,1,0.6471609440632164,OK,True,
cottas,r04_region_filter_distribution,w1000000_13,2,118494,1118493,1000000,475,2,0.6598355397582054,OK,True,
cottas,r04_region_filter_distribution,w1000000_13,2,118494,1118493,1000000,475,3,0.6695437310263515,OK,True,
cottas,r04_region_filter_distribution,w1000000_14,1,92143,1092142,1000000,1488,1,0.6958343801088631,OK,True,
cottas,r04_region_filter_distribution,w1000000_14,1,92143,1092142,1000000,1488,2,0.6730881682597101,OK,True,
cottas,r04_region_filter_distribution,w1000000_14,1,92143,1092142,1000000,1488,3,0.6770399291999638,OK,True,
cottas,r04_region_filter_distribution,w1000000_15,1,125423,1125422,1000000,208,1,0.6597643308341503,OK,True,
cottas,r04_region_filter_distribution,w1000000_15,1,125423,1125422,1000000,208,2,0.6450298889540136,OK,True,
cottas,r04_region_filter_distribution,w1000000_15,1,125423,1125422,1000000,208,3,0.7326811836101115,OK,True,
cottas,r04_region_filter_distribution,w1000000_16,2,99852,1099851,1000000,1192,1,0.7164913900196552,OK,True,
cottas,r04_region_filter_distribution,w1000000_16,2,99852,1099851,1000000,1192,2,0.6948025622405112,OK,True,
cottas,r04_region_filter_distribution,w1000000_16,2,99852,1099851,1000000,1192,3,0.689422364346683,OK,True,
cottas,r04_region_filter_distribution,w1000000_17,2,49334,1049333,1000000,3135,1,0.7504817992448807,OK,True,
cottas,r04_region_filter_distribution,w1000000_17,2,49334,1049333,1000000,3135,2,0.7787303002551198,OK,True,
cottas,r04_region_filter_distribution,w1000000_17,2,49334,1049333,1000000,3135,3,0.7670428138226271,OK,True,
cottas,r04_region_filter_distribution,w1000000_18,1,74801,1074800,1000000,2155,1,0.7217576550319791,OK,True,
cottas,r04_region_filter_distribution,w1000000_18,1,74801,1074800,1000000,2155,2,0.6964780413545668,OK,True,
cottas,r04_region_filter_distribution,w1000000_18,1,74801,1074800,1000000,2155,3,0.7489549359306693,OK,True,
cottas,r04_region_filter_distribution,w1000000_19,1,121003,1121002,1000000,378,1,0.6488150339573622,OK,True,
cottas,r04_region_filter_distribution,w1000000_19,1,121003,1121002,1000000,378,2,0.6635090447962284,OK,True,
cottas,r04_region_filter_distribution,w1000000_19,1,121003,1121002,1000000,378,3,0.6880611032247543,OK,True,
cottas,r04_region_filter_distribution,w10000000_00,1,105481,10105480,10000000,975,1,0.7180275972932577,OK,True,
cottas,r04_region_filter_distribution,w10000000_00,1,105481,10105480,10000000,975,2,0.6875392030924559,OK,True,
cottas,r04_region_filter_distribution,w10000000_00,1,105481,10105480,10000000,975,3,0.6952317641116679,OK,True,
cottas,r04_region_filter_distribution,w10000000_01,1,37257,10037256,10000000,3599,1,0.7922749076969922,OK,True,
cottas,r04_region_filter_distribution,w10000000_01,1,37257,10037256,10000000,3599,2,0.8155275667086244,OK,True,
cottas,r04_region_filter_distribution,w10000000_01,1,37257,10037256,10000000,3599,3,0.8887035148218274,OK,True,
cottas,r04_region_filter_distribution,w10000000_02,2,92130,10092129,10000000,1489,1,0.7114987499080598,OK,True,
cottas,r04_region_filter_distribution,w10000000_02,2,92130,10092129,10000000,1489,2,0.7081833258271217,OK,True,
cottas,r04_region_filter_distribution,w10000000_02,2,92130,10092129,10000000,1489,3,0.691573210991919,OK,True,
cottas,r04_region_filter_distribution,w10000000_03,1,25557,10025556,10000000,4049,1,0.8116175909526646,OK,True,
cottas,r04_region_filter_distribution,w10000000_03,1,25557,10025556,10000000,4049,2,0.8309682318940759,OK,True,
cottas,r04_region_filter_distribution,w10000000_03,1,25557,10025556,10000000,4049,3,0.8998676449991763,OK,True,
cottas,r04_region_filter_distribution,w10000000_04,2,46604,10046603,10000000,3240,1,0.7556436317972839,OK,True,
cottas,r04_region_filter_distribution,w10000000_04,2,46604,10046603,10000000,3240,2,0.7455366151407361,OK,True,
cottas,r04_region_filter_distribution,w10000000_04,2,46604,10046603,10000000,3240,3,0.7789836111478508,OK,True,
cottas,r04_region_filter_distribution,w10000000_05,1,49477,10049476,10000000,3129,1,0.7838865579105914,OK,True,
cottas,r04_region_filter_distribution,w10000000_05,1,49477,10049476,10000000,3129,2,0.8298158938996494,OK,True,
cottas,r04_region_filter_distribution,w10000000_05,1,49477,10049476,10000000,3129,3,0.8046977729536593,OK,True,
cottas,r04_region_filter_distribution,w10000000_06,1,6499,10006498,10000000,4782,1,0.8238499769940972,OK,True,
cottas,r04_region_filter_distribution,w10000000_06,1,6499,10006498,10000000,4782,2,0.8231339328922331,OK,True,
cottas,r04_region_filter_distribution,w10000000_06,1,6499,10006498,10000000,4782,3,0.8330114809796214,OK,True,
cottas,r04_region_filter_distribution,w10000000_07,2,47280,10047279,10000000,3214,1,0.7714909226633608,OK,True,
cottas,r04_region_filter_distribution,w10000000_07,2,47280,10047279,10000000,3214,2,0.7912289458326995,OK,True,
cottas,r04_region_filter_distribution,w10000000_07,2,47280,10047279,10000000,3214,3,0.8458602679893374,OK,True,
cottas,r04_region_filter_distribution,w10000000_08,2,88724,10088723,10000000,1620,1,0.737026872113347,OK,True,
cottas,r04_region_filter_distribution,w10000000_08,2,88724,10088723,10000000,1620,2,0.6898449580185115,OK,True,
cottas,r04_region_filter_distribution,w10000000_08,2,88724,10088723,10000000,1620,3,0.6790205240249634,OK,True,
cottas,r04_region_filter_distribution,w10000000_09,2,69692,10069691,10000000,2352,1,0.717884402256459,OK,True,
cottas,r04_region_filter_distribution,w10000000_09,2,69692,10069691,10000000,2352,2,0.7373316939920187,OK,True,
cottas,r04_region_filter_distribution,w10000000_09,2,69692,10069691,10000000,2352,3,0.7842913181520998,OK,True,
cottas,r04_region_filter_distribution,w10000000_10,1,51271,10051270,10000000,3060,1,0.7896062298677862,OK,True,
cottas,r04_region_filter_distribution,w10000000_10,1,51271,10051270,10000000,3060,2,0.7776911407709122,OK,True,
cottas,r04_region_filter_distribution,w10000000_10,1,51271,10051270,10000000,3060,3,0.8179822829551995,OK,True,
cottas,r04_region_filter_distribution,w10000000_11,1,116349,10116348,10000000,557,1,0.6721939384005964,OK,True,
cottas,r04_region_filter_distribution,w10000000_11,1,116349,10116348,10000000,557,2,0.7233820981346071,OK,True,
cottas,r04_region_filter_distribution,w10000000_11,1,116349,10116348,10000000,557,3,0.7229975028894842,OK,True,
cottas,r04_region_filter_distribution,w10000000_12,1,121471,10121470,10000000,360,1,0.6561437607742846,OK,True,
cottas,r04_region_filter_distribution,w10000000_12,1,121471,10121470,10000000,360,2,0.6539654168300331,OK,True,
cottas,r04_region_filter_distribution,w10000000_12,1,121471,10121470,10000000,360,3,0.637311602011323,OK,True,
cottas,r04_region_filter_distribution,w10000000_13,2,115582,10115581,10000000,587,1,0.6592804719693959,OK,True,
cottas,r04_region_filter_distribution,w10000000_13,2,115582,10115581,10000000,587,2,0.6532915257848799,OK,True,
cottas,r04_region_filter_distribution,w10000000_13,2,115582,10115581,10000000,587,3,0.7277737269178033,OK,True,
cottas,r04_region_filter_distribution,w10000000_14,2,74138,10074137,10000000,2181,1,0.7412608042359352,OK,True,
cottas,r04_region_filter_distribution,w10000000_14,2,74138,10074137,10000000,2181,2,0.7368557117879391,OK,True,
cottas,r04_region_filter_distribution,w10000000_14,2,74138,10074137,10000000,2181,3,0.7128662941977382,OK,True,
cottas,r04_region_filter_distribution,w10000000_15,1,50231,10050230,10000000,3100,1,0.8008898948319256,OK,True,
cottas,r04_region_filter_distribution,w10000000_15,1,50231,10050230,10000000,3100,2,0.8216764228418469,OK,True,
cottas,r04_region_filter_distribution,w10000000_15,1,50231,10050230,10000000,3100,3,0.7663216660730541,OK,True,
cottas,r04_region_filter_distribution,w10000000_16,1,20669,10020668,10000000,4237,1,0.8105133539065719,OK,True,
cottas,r04_region_filter_distribution,w10000000_16,1,20669,10020668,10000000,4237,2,0.8036345201544464,OK,True,
cottas,r04_region_filter_distribution,w10000000_16,1,20669,10020668,10000000,4237,3,0.8546484429389238,OK,True,
cottas,r04_region_filter_distribution,w10000000_17,1,66273,10066272,10000000,2483,1,0.7204331499524415,OK,True,
cottas,r04_region_filter_distribution,w10000000_17,1,66273,10066272,10000000,2483,2,0.7317716740071774,OK,True,
cottas,r04_region_filter_distribution,w10000000_17,1,66273,10066272,10000000,2483,3,0.7671339912340045,OK,True,
cottas,r04_region_filter_distribution,w10000000_18,1,57745,10057744,10000000,2811,1,0.7473493525758386,OK,True,
cottas,r04_region_filter_distribution,w10000000_18,1,57745,10057744,10000000,2811,2,0.740325584076345,OK,True,
cottas,r04_region_filter_distribution,w10000000_18,1,57745,10057744,10000000,2811,3,0.7691499451175332,OK,True,
cottas,r04_region_filter_distribution,w10000000_19,1,102907,10102906,10000000,1074,1,0.6726879351772368,OK,True,
cottas,r04_region_filter_distribution,w10000000_19,1,102907,10102906,10000000,1074,2,0.6867944528348744,OK,True,
cottas,r04_region_filter_distribution,w10000000_19,1,102907,10102906,10000000,1074,3,0.6924677300266922,OK,True,
cottas,r05_region_sample_genotype_counts,w1000_00,2,53546,54545,1000,39,1,2.08528274577111,OK,True,
cottas,r05_region_sample_genotype_counts,w1000_00,2,53546,54545,1000,39,2,1.9983078632503748,OK,True,
cottas,r05_region_sample_genotype_counts,w1000_00,2,53546,54545,1000,39,3,2.077051379252225,OK,True,
cottas,r05_region_sample_genotype_counts,w1000_01,2,79858,80857,1000,39,1,2.0272345719859004,OK,True,
cottas,r05_region_sample_genotype_counts,w1000_01,2,79858,80857,1000,39,2,1.973091599997133,OK,True,
cottas,r05_region_sample_genotype_counts,w1000_01,2,79858,80857,1000,39,3,1.93685651011765,OK,True,
cottas,r05_region_sample_genotype_counts,w1000_02,1,90739,91738,1000,39,1,2.008375483099371,OK,True,
cottas,r05_region_sample_genotype_counts,w1000_02,1,90739,91738,1000,39,2,2.1329878042452037,OK,True,
cottas,r05_region_sample_genotype_counts,w1000_02,1,90739,91738,1000,39,3,2.159475991036743,OK,True,
cottas,r05_region_sample_genotype_counts,w1000_03,2,44394,45393,1000,39,1,1.9973957533948123,OK,True,
cottas,r05_region_sample_genotype_counts,w1000_03,2,44394,45393,1000,39,2,2.040074051823467,OK,True,
cottas,r05_region_sample_genotype_counts,w1000_03,2,44394,45393,1000,39,3,2.0450575691647828,OK,True,
cottas,r05_region_sample_genotype_counts,w1000_04,1,7981,8980,1000,39,1,2.0599892921745777,OK,True,
cottas,r05_region_sample_genotype_counts,w1000_04,1,7981,8980,1000,39,2,2.050427150912583,OK,True,
cottas,r05_region_sample_genotype_counts,w1000_04,1,7981,8980,1000,39,3,2.108524354174733,OK,True,
cottas,r05_region_sample_genotype_counts,w1000_05,1,110863,111862,1000,39,1,1.9968221178278327,OK,True,
cottas,r05_region_sample_genotype_counts,w1000_05,1,110863,111862,1000,39,2,2.025203748140484,OK,True,
cottas,r05_region_sample_genotype_counts,w1000_05,1,110863,111862,1000,39,3,2.002372009214014,OK,True,
cottas,r05_region_sample_genotype_counts,w1000_06,1,104311,105310,1000,39,1,2.0080535812303424,OK,True,
cottas,r05_region_sample_genotype_counts,w1000_06,1,104311,105310,1000,39,2,1.9477547160349786,OK,True,
cottas,r05_region_sample_genotype_counts,w1000_06,1,104311,105310,1000,39,3,1.9457950512878597,OK,True,
cottas,r05_region_sample_genotype_counts,w1000_07,1,14091,15090,1000,39,1,2.0160701470449567,OK,True,
cottas,r05_region_sample_genotype_counts,w1000_07,1,14091,15090,1000,39,2,2.0728543316945434,OK,True,
cottas,r05_region_sample_genotype_counts,w1000_07,1,14091,15090,1000,39,3,2.0533786420710385,OK,True,
cottas,r05_region_sample_genotype_counts,w1000_08,2,48996,49995,1000,39,1,2.109267132356763,OK,True,
cottas,r05_region_sample_genotype_counts,w1000_08,2,48996,49995,1000,39,2,2.0351905627176166,OK,True,
cottas,r05_region_sample_genotype_counts,w1000_08,2,48996,49995,1000,39,3,1.9776299116201699,OK,True,
cottas,r05_region_sample_genotype_counts,w1000_09,1,120145,121144,1000,39,1,1.9962673247791827,OK,True,
cottas,r05_region_sample_genotype_counts,w1000_09,1,120145,121144,1000,39,2,1.9966169917024672,OK,True,
cottas,r05_region_sample_genotype_counts,w1000_09,1,120145,121144,1000,39,3,1.9869621410034597,OK,True,
cottas,r05_region_sample_genotype_counts,w1000_10,2,73436,74435,1000,39,1,2.0140978479757905,OK,True,
cottas,r05_region_sample_genotype_counts,w1000_10,2,73436,74435,1000,39,2,2.0183408530429006,OK,True,
cottas,r05_region_sample_genotype_counts,w1000_10,2,73436,74435,1000,39,3,2.016137474216521,OK,True,
cottas,r05_region_sample_genotype_counts,w1000_11,1,41547,42546,1000,39,1,2.1001972313970327,OK,True,
cottas,r05_region_sample_genotype_counts,w1000_11,1,41547,42546,1000,39,2,1.9548823172226548,OK,True,
cottas,r05_region_sample_genotype_counts,w1000_11,1,41547,42546,1000,39,3,1.9685870660468936,OK,True,
cottas,r05_region_sample_genotype_counts,w1000_12,2,112670,113669,1000,39,1,2.016681094188243,OK,True,
cottas,r05_region_sample_genotype_counts,w1000_12,2,112670,113669,1000,39,2,1.9255633298307657,OK,True,
cottas,r05_region_sample_genotype_counts,w1000_12,2,112670,113669,1000,39,3,2.0368340592831373,OK,True,
cottas,r05_region_sample_genotype_counts,w1000_13,2,121328,122327,1000,39,1,1.9599149557761848,OK,True,
cottas,r05_region_sample_genotype_counts,w1000_13,2,121328,122327,1000,39,2,1.9778930679894984,OK,True,
cottas,r05_region_sample_genotype_counts,w1000_13,2,121328,122327,1000,39,3,2.080137403216213,OK,True,
cottas,r05_region_sample_genotype_counts,w1000_14,2,128114,129113,1000,39,1,1.9299094029702246,OK,True,
cottas,r05_region_sample_genotype_counts,w1000_14,2,128114,129113,1000,39,2,1.9845534269697964,OK,True,
cottas,r05_region_sample_genotype_counts,w1000_14,2,128114,129113,1000,39,3,1.936596147250384,OK,True,
cottas,r05_region_sample_genotype_counts,w1000_15,1,56237,57236,1000,39,1,1.9803813542239368,OK,True,
cottas,r05_region_sample_genotype_counts,w1000_15,1,56237,57236,1000,39,2,2.095036157872528,OK,True,
cottas,r05_region_sample_genotype_counts,w1000_15,1,56237,57236,1000,39,3,1.953724014107138,OK,True,
cottas,r05_region_sample_genotype_counts,w1000_16,1,65883,66882,1000,39,1,2.0853622667491436,OK,True,
cottas,r05_region_sample_genotype_counts,w1000_16,1,65883,66882,1000,39,2,2.005657189991325,OK,True,
cottas,r05_region_sample_genotype_counts,w1000_16,1,65883,66882,1000,39,3,2.0219262572936714,OK,True,
cottas,r05_region_sample_genotype_counts,w1000_17,2,13298,14297,1000,39,1,2.034705725032836,OK,True,
cottas,r05_region_sample_genotype_counts,w1000_17,2,13298,14297,1000,39,2,2.0207931301556528,OK,True,
cottas,r05_region_sample_genotype_counts,w1000_17,2,13298,14297,1000,39,3,2.0220751790329814,OK,True,
cottas,r05_region_sample_genotype_counts,w1000_18,2,32252,33251,1000,39,1,2.061201435048133,OK,True,
cottas,r05_region_sample_genotype_counts,w1000_18,2,32252,33251,1000,39,2,2.0080287191085517,OK,True,
cottas,r05_region_sample_genotype_counts,w1000_18,2,32252,33251,1000,39,3,2.114017127081752,OK,True,
cottas,r05_region_sample_genotype_counts,w1000_19,1,96953,97952,1000,39,1,1.9901561262086034,OK,True,
cottas,r05_region_sample_genotype_counts,w1000_19,1,96953,97952,1000,39,2,1.9225643621757627,OK,True,
cottas,r05_region_sample_genotype_counts,w1000_19,1,96953,97952,1000,39,3,2.0726195769384503,OK,True,
cottas,r05_region_sample_genotype_counts,w100000_00,2,120002,220001,100000,417,1,1.982271745800972,OK,True,
cottas,r05_region_sample_genotype_counts,w100000_00,2,120002,220001,100000,417,2,1.9719800390303135,OK,True,
cottas,r05_region_sample_genotype_counts,w100000_00,2,120002,220001,100000,417,3,2.063072463963181,OK,True,
cottas,r05_region_sample_genotype_counts,w100000_01,1,88763,188762,100000,1618,1,2.161232532002032,OK,True,
cottas,r05_region_sample_genotype_counts,w100000_01,1,88763,188762,100000,1618,2,2.0655162199400365,OK,True,
cottas,r05_region_sample_genotype_counts,w100000_01,1,88763,188762,100000,1618,3,2.0823951116763055,OK,True,
cottas,r05_region_sample_genotype_counts,w100000_02,1,52857,152856,100000,2999,1,2.172386758029461,OK,True,
cottas,r05_region_sample_genotype_counts,w100000_02,1,52857,152856,100000,2999,2,2.117010112386197,OK,True,
cottas,r05_region_sample_genotype_counts,w100000_02,1,52857,152856,100000,2999,3,2.201561297290027,OK,True,
cottas,r05_region_sample_genotype_counts,w100000_03,2,52324,152323,100000,3020,1,2.0927996481768787,OK,True,
cottas,r05_region_sample_genotype_counts,w100000_03,2,52324,152323,100000,3020,2,2.18898629816249,OK,True,
cottas,r05_region_sample_genotype_counts,w100000_03,2,52324,152323,100000,3020,3,2.079890287015587,OK,True,
cottas,r05_region_sample_genotype_counts,w100000_04,2,34592,134591,100000,3702,1,2.1695378269068897,OK,True,
cottas,r05_region_sample_genotype_counts,w100000_04,2,34592,134591,100000,3702,2,2.179671809077263,OK,True,
cottas,r05_region_sample_genotype_counts,w100000_04,2,34592,134591,100000,3702,3,2.1191145991906524,OK,True,
cottas,r05_region_sample_genotype_counts,w100000_05,1,53975,153974,100000,2956,1,1.9793027746491134,OK,True,
cottas,r05_region_sample_genotype_counts,w100000_05,1,53975,153974,100000,2956,2,2.159056378994137,OK,True,
cottas,r05_region_sample_genotype_counts,w100000_05,1,53975,153974,100000,2956,3,2.045137488283217,OK,True,
cottas,r05_region_sample_genotype_counts,w100000_06,1,116323,216322,100000,558,1,2.0258908648975194,OK,True,
cottas,r05_region_sample_genotype_counts,w100000_06,1,116323,216322,100000,558,2,2.001407523173839,OK,True,
cottas,r05_region_sample_genotype_counts,w100000_06,1,116323,216322,100000,558,3,2.0221501202322543,OK,True,
cottas,r05_region_sample_genotype_counts,w100000_07,2,54378,154377,100000,2941,1,2.1126594627276063,OK,True,
cottas,r05_region_sample_genotype_counts,w100000_07,2,54378,154377,100000,2941,2,2.09707442112267,OK,True,
cottas,r05_region_sample_genotype_counts,w100000_07,2,54378,154377,100000,2941,3,2.0800403030589223,OK,True,
cottas,r05_region_sample_genotype_counts,w100000_08,2,7188,107187,100000,3847,1,2.2058633379638195,OK,True,
cottas,r05_region_sample_genotype_counts,w100000_08,2,7188,107187,100000,3847,2,2.179905113298446,OK,True,
cottas,r05_region_sample_genotype_counts,w100000_08,2,7188,107187,100000,3847,3,2.18305287277326,OK,True,
cottas,r05_region_sample_genotype_counts,w100000_09,2,111448,211447,100000,746,1,2.0035540871322155,OK,True,
cottas,r05_region_sample_genotype_counts,w100000_09,2,111448,211447,100000,746,2,2.0152059379033744,OK,True,
cottas,r05_region_sample_genotype_counts,w100000_09,2,111448,211447,100000,746,3,1.9877082351595163,OK,True,
cottas,r05_region_sample_genotype_counts,w100000_10,2,122134,222133,100000,335,1,2.0020144949667156,OK,True,
cottas,r05_region_sample_genotype_counts,w100000_10,2,122134,222133,100000,335,2,1.9290350219234824,OK,True,
cottas,r05_region_sample_genotype_counts,w100000_10,2,122134,222133,100000,335,3,2.0110731022432446,OK,True,
cottas,r05_region_sample_genotype_counts,w100000_11,1,4159,104158,100000,3847,1,2.1634991518221796,OK,True,
cottas,r05_region_sample_genotype_counts,w100000_11,1,4159,104158,100000,3847,2,2.2290002619847655,OK,True,
cottas,r05_region_sample_genotype_counts,w100000_11,1,4159,104158,100000,3847,3,2.1506942487321794,OK,True,
cottas,r05_region_sample_genotype_counts,w100000_12,2,13740,113739,100000,3847,1,2.2109088278375566,OK,True,
cottas,r05_region_sample_genotype_counts,w100000_12,2,13740,113739,100000,3847,2,2.236691060010344,OK,True,
cottas,r05_region_sample_genotype_counts,w100000_12,2,13740,113739,100000,3847,3,2.1260832119733095,OK,True,
cottas,r05_region_sample_genotype_counts,w100000_13,2,91324,191323,100000,1520,1,2.1014223280362785,OK,True,
cottas,r05_region_sample_genotype_counts,w100000_13,2,91324,191323,100000,1520,2,2.1384275248274207,OK,True,
cottas,r05_region_sample_genotype_counts,w100000_13,2,91324,191323,100000,1520,3,2.085541779641062,OK,True,
cottas,r05_region_sample_genotype_counts,w100000_14,2,21254,121253,100000,3847,1,2.194194220006466,OK,True,
cottas,r05_region_sample_genotype_counts,w100000_14,2,21254,121253,100000,3847,2,2.1458491520024836,OK,True,
cottas,r05_region_sample_genotype_counts,w100000_14,2,21254,121253,100000,3847,3,2.2409644429571927,OK,True,
cottas,r05_region_sample_genotype_counts,w100000_15,1,111279,211278,100000,752,1,1.9521185378544033,OK,True,
cottas,r05_region_sample_genotype_counts,w100000_15,1,111279,211278,100000,752,2,2.0072535942308605,OK,True,
cottas,r05_region_sample_genotype_counts,w100000_15,1,111279,211278,100000,752,3,2.0305957761593163,OK,True,
cottas,r05_region_sample_genotype_counts,w100000_16,1,113957,213956,100000,649,1,2.0384947559796274,OK,True,
cottas,r05_region_sample_genotype_counts,w100000_16,1,113957,213956,100000,649,2,2.0172417922876775,OK,True,
cottas,r05_region_sample_genotype_counts,w100000_16,1,113957,213956,100000,649,3,2.0372960371896625,OK,True,
cottas,r05_region_sample_genotype_counts,w100000_17,1,26389,126388,100000,3847,1,2.2390347123146057,OK,True,
cottas,r05_region_sample_genotype_counts,w100000_17,1,26389,126388,100000,3847,2,2.303770130034536,OK,True,
cottas,r05_region_sample_genotype_counts,w100000_17,1,26389,126388,100000,3847,3,2.1682374458760023,OK,True,
cottas,r05_region_sample_genotype_counts,w100000_18,2,62074,162073,100000,2645,1,2.133379485923797,OK,True,
cottas,r05_region_sample_genotype_counts,w100000_18,2,62074,162073,100000,2645,2,2.1988332220353186,OK,True,
cottas,r05_region_sample_genotype_counts,w100000_18,2,62074,162073,100000,2645,3,2.1380559196695685,OK,True,
cottas,r05_region_sample_genotype_counts,w100000_19,1,99683,199682,100000,1198,1,2.289877742063254,OK,True,
cottas,r05_region_sample_genotype_counts,w100000_19,1,99683,199682,100000,1198,2,2.1521003008820117,OK,True,
cottas,r05_region_sample_genotype_counts,w100000_19,1,99683,199682,100000,1198,3,2.1039665043354034,OK,True,
cottas,r05_region_sample_genotype_counts,w1000000_00,2,77700,1077699,1000000,2044,1,2.2092027999460697,OK,True,
cottas,r05_region_sample_genotype_counts,w1000000_00,2,77700,1077699,1000000,2044,2,2.1448748698458076,OK,True,
cottas,r05_region_sample_genotype_counts,w1000000_00,2,77700,1077699,1000000,2044,3,2.1412438359111547,OK,True,
cottas,r05_region_sample_genotype_counts,w1000000_01,2,14260,1014259,1000000,4484,1,2.2809369266033173,OK,True,
cottas,r05_region_sample_genotype_counts,w1000000_01,2,14260,1014259,1000000,4484,2,2.190365083049983,OK,True,
cottas,r05_region_sample_genotype_counts,w1000000_01,2,14260,1014259,1000000,4484,3,2.1765708066523075,OK,True,
cottas,r05_region_sample_genotype_counts,w1000000_02,2,39428,1039427,1000000,3516,1,2.175441144965589,OK,True,
cottas,r05_region_sample_genotype_counts,w1000000_02,2,39428,1039427,1000000,3516,2,2.162534932140261,OK,True,
cottas,r05_region_sample_genotype_counts,w1000000_02,2,39428,1039427,1000000,3516,3,2.2289766049943864,OK,True,
cottas,r05_region_sample_genotype_counts,w1000000_03,2,121614,1121613,1000000,355,1,1.999821572098881,OK,True,
cottas,r05_region_sample_genotype_counts,w1000000_03,2,121614,1121613,1000000,355,2,2.1197064206935465,OK,True,
cottas,r05_region_sample_genotype_counts,w1000000_03,2,121614,1121613,1000000,355,3,2.025477272924036,OK,True,
cottas,r05_region_sample_genotype_counts,w1000000_04,2,45980,1045979,1000000,3264,1,2.1240013423375785,OK,True,
cottas,r05_region_sample_genotype_counts,w1000000_04,2,45980,1045979,1000000,3264,2,2.178615750744939,OK,True,
cottas,r05_region_sample_genotype_counts,w1000000_04,2,45980,1045979,1000000,3264,3,2.0871425960212946,OK,True,
cottas,r05_region_sample_genotype_counts,w1000000_05,2,74320,1074319,1000000,2174,1,2.1445325650274754,OK,True,
cottas,r05_region_sample_genotype_counts,w1000000_05,2,74320,1074319,1000000,2174,2,2.073676103260368,OK,True,
cottas,r05_region_sample_genotype_counts,w1000000_05,2,74320,1074319,1000000,2174,3,2.0496937949210405,OK,True,
cottas,r05_region_sample_genotype_counts,w1000000_06,1,75477,1075476,1000000,2129,1,2.2409590580500662,OK,True,
cottas,r05_region_sample_genotype_counts,w1000000_06,1,75477,1075476,1000000,2129,2,2.075612646061927,OK,True,
cottas,r05_region_sample_genotype_counts,w1000000_06,1,75477,1075476,1000000,2129,3,2.05053696827963,OK,True,
cottas,r05_region_sample_genotype_counts,w1000000_07,1,15729,1015728,1000000,4427,1,2.234912544954568,OK,True,
cottas,r05_region_sample_genotype_counts,w1000000_07,1,15729,1015728,1000000,4427,2,2.1676688506267965,OK,True,
cottas,r05_region_sample_genotype_counts,w1000000_07,1,15729,1015728,1000000,4427,3,2.309247267898172,OK,True,
cottas,r05_region_sample_genotype_counts,w1000000_08,2,74268,1074267,1000000,2176,1,2.1794163081794977,OK,True,
cottas,r05_region_sample_genotype_counts,w1000000_08,2,74268,1074267,1000000,2176,2,2.099295007996261,OK,True,
cottas,r05_region_sample_genotype_counts,w1000000_08,2,74268,1074267,1000000,2176,3,2.193055815063417,OK,True,
cottas,r05_region_sample_genotype_counts,w1000000_09,1,33643,1033642,1000000,3738,1,2.2532080826349556,OK,True,
cottas,r05_region_sample_genotype_counts,w1000000_09,1,33643,1033642,1000000,3738,2,2.2599729471839964,OK,True,
cottas,r05_region_sample_genotype_counts,w1000000_09,1,33643,1033642,1000000,3738,3,2.2595195658504963,OK,True,
cottas,r05_region_sample_genotype_counts,w1000000_10,1,92507,1092506,1000000,1474,1,2.1245678840205073,OK,True,
cottas,r05_region_sample_genotype_counts,w1000000_10,1,92507,1092506,1000000,1474,2,2.0400670003145933,OK,True,
cottas,r05_region_sample_genotype_counts,w1000000_10,1,92507,1092506,1000000,1474,3,2.127359207253903,OK,True,
cottas,r05_region_sample_genotype_counts,w1000000_11,1,121211,1121210,1000000,370,1,2.0570288728922606,OK,True,
cottas,r05_region_sample_genotype_counts,w1000000_11,1,121211,1121210,1000000,370,2,2.0490811057388783,OK,True,
cottas,r05_region_sample_genotype_counts,w1000000_11,1,121211,1121210,1000000,370,3,1.9341991851106286,OK,True,
cottas,r05_region_sample_genotype_counts,w1000000_12,1,77765,1077764,1000000,2041,1,2.156155528035015,OK,True,
cottas,r05_region_sample_genotype_counts,w1000000_12,1,77765,1077764,1000000,2041,2,2.150019520893693,OK,True,
cottas,r05_region_sample_genotype_counts,w1000000_12,1,77765,1077764,1000000,2041,3,2.221496480051428,OK,True,
cottas,r05_region_sample_genotype_counts,w1000000_13,2,118494,1118493,1000000,475,1,2.1675914926454425,OK,True,
cottas,r05_region_sample_genotype_counts,w1000000_13,2,118494,1118493,1000000,475,2,1.9995192969217896,OK,True,
cottas,r05_region_sample_genotype_counts,w1000000_13,2,118494,1118493,1000000,475,3,2.0714313546195626,OK,True,
cottas,r05_region_sample_genotype_counts,w1000000_14,1,92143,1092142,1000000,1488,1,2.1581345847807825,OK,True,
cottas,r05_region_sample_genotype_counts,w1000000_14,1,92143,1092142,1000000,1488,2,2.0722804949618876,OK,True,
cottas,r05_region_sample_genotype_counts,w1000000_14,1,92143,1092142,1000000,1488,3,2.1882128659635782,OK,True,
cottas,r05_region_sample_genotype_counts,w1000000_15,1,125423,1125422,1000000,208,1,2.0949460533447564,OK,True,
cottas,r05_region_sample_genotype_counts,w1000000_15,1,125423,1125422,1000000,208,2,2.047275939024985,OK,True,
cottas,r05_region_sample_genotype_counts,w1000000_15,1,125423,1125422,1000000,208,3,2.143916976172477,OK,True,
cottas,r05_region_sample_genotype_counts,w1000000_16,2,99852,1099851,1000000,1192,1,2.021117055788636,OK,True,
cottas,r05_region_sample_genotype_counts,w1000000_16,2,99852,1099851,1000000,1192,2,2.1485778228379786,OK,True,
cottas,r05_region_sample_genotype_counts,w1000000_16,2,99852,1099851,1000000,1192,3,2.24357832968235,OK,True,
cottas,r05_region_sample_genotype_counts,w1000000_17,2,49334,1049333,1000000,3135,1,2.1831113500520587,OK,True,
cottas,r05_region_sample_genotype_counts,w1000000_17,2,49334,1049333,1000000,3135,2,2.2198915211483836,OK,True,
cottas,r05_region_sample_genotype_counts,w1000000_17,2,49334,1049333,1000000,3135,3,2.233594154007733,OK,True,
cottas,r05_region_sample_genotype_counts,w1000000_18,1,74801,1074800,1000000,2155,1,2.117235295008868,OK,True,
cottas,r05_region_sample_genotype_counts,w1000000_18,1,74801,1074800,1000000,2155,2,2.10319203697145,OK,True,
cottas,r05_region_sample_genotype_counts,w1000000_18,1,74801,1074800,1000000,2155,3,2.0792691092938185,OK,True,
cottas,r05_region_sample_genotype_counts,w1000000_19,1,121003,1121002,1000000,378,1,1.9827159536071122,OK,True,
cottas,r05_region_sample_genotype_counts,w1000000_19,1,121003,1121002,1000000,378,2,2.093466379214078,OK,True,
cottas,r05_region_sample_genotype_counts,w1000000_19,1,121003,1121002,1000000,378,3,2.0446384120732546,OK,True,
cottas,r05_region_sample_genotype_counts,w10000000_00,1,105481,10105480,10000000,975,1,2.216995943337679,OK,True,
cottas,r05_region_sample_genotype_counts,w10000000_00,1,105481,10105480,10000000,975,2,2.1091867447830737,OK,True,
cottas,r05_region_sample_genotype_counts,w10000000_00,1,105481,10105480,10000000,975,3,1.994451086036861,OK,True,
cottas,r05_region_sample_genotype_counts,w10000000_01,1,37257,10037256,10000000,3599,1,2.2427574386820197,OK,True,
cottas,r05_region_sample_genotype_counts,w10000000_01,1,37257,10037256,10000000,3599,2,2.11916691204533,OK,True,
cottas,r05_region_sample_genotype_counts,w10000000_01,1,37257,10037256,10000000,3599,3,2.1306842667981982,OK,True,
cottas,r05_region_sample_genotype_counts,w10000000_02,2,92130,10092129,10000000,1489,1,2.2034572237171233,OK,True,
cottas,r05_region_sample_genotype_counts,w10000000_02,2,92130,10092129,10000000,1489,2,2.117676959838718,OK,True,
cottas,r05_region_sample_genotype_counts,w10000000_02,2,92130,10092129,10000000,1489,3,2.179936026223004,OK,True,
cottas,r05_region_sample_genotype_counts,w10000000_03,1,25557,10025556,10000000,4049,1,2.185790430754423,OK,True,
cottas,r05_region_sample_genotype_counts,w10000000_03,1,25557,10025556,10000000,4049,2,2.1639630310237408,OK,True,
cottas,r05_region_sample_genotype_counts,w10000000_03,1,25557,10025556,10000000,4049,3,2.2138503496535122,OK,True,
cottas,r05_region_sample_genotype_counts,w10000000_04,2,46604,10046603,10000000,3240,1,2.1896881596185267,OK,True,
cottas,r05_region_sample_genotype_counts,w10000000_04,2,46604,10046603,10000000,3240,2,2.1991184959188104,OK,True,
cottas,r05_region_sample_genotype_counts,w10000000_04,2,46604,10046603,10000000,3240,3,2.1678215889260173,OK,True,
cottas,r05_region_sample_genotype_counts,w10000000_05,1,49477,10049476,10000000,3129,1,2.1073603061959147,OK,True,
cottas,r05_region_sample_genotype_counts,w10000000_05,1,49477,10049476,10000000,3129,2,2.2549425372853875,OK,True,
cottas,r05_region_sample_genotype_counts,w10000000_05,1,49477,10049476,10000000,3129,3,2.0505984951741993,OK,True,
cottas,r05_region_sample_genotype_counts,w10000000_06,1,6499,10006498,10000000,4782,1,2.258456749841571,OK,True,
cottas,r05_region_sample_genotype_counts,w10000000_06,1,6499,10006498,10000000,4782,2,2.226335954852402,OK,True,
cottas,r05_region_sample_genotype_counts,w10000000_06,1,6499,10006498,10000000,4782,3,2.1510788276791573,OK,True,
cottas,r05_region_sample_genotype_counts,w10000000_07,2,47280,10047279,10000000,3214,1,2.235302373766899,OK,True,
cottas,r05_region_sample_genotype_counts,w10000000_07,2,47280,10047279,10000000,3214,2,2.056268527638167,OK,True,
cottas,r05_region_sample_genotype_counts,w10000000_07,2,47280,10047279,10000000,3214,3,2.4102555769495666,OK,True,
cottas,r05_region_sample_genotype_counts,w10000000_08,2,88724,10088723,10000000,1620,1,2.090659355279058,OK,True,
cottas,r05_region_sample_genotype_counts,w10000000_08,2,88724,10088723,10000000,1620,2,2.0631258520297706,OK,True,
cottas,r05_region_sample_genotype_counts,w10000000_08,2,88724,10088723,10000000,1620,3,2.2584135797806084,OK,True,
cottas,r05_region_sample_genotype_counts,w10000000_09,2,69692,10069691,10000000,2352,1,2.157294034026563,OK,True,
cottas,r05_region_sample_genotype_counts,w10000000_09,2,69692,10069691,10000000,2352,2,2.0960072479210794,OK,True,
cottas,r05_region_sample_genotype_counts,w10000000_09,2,69692,10069691,10000000,2352,3,2.107254385948181,OK,True,
cottas,r05_region_sample_genotype_counts,w10000000_10,1,51271,10051270,10000000,3060,1,2.0916888071224093,OK,True,
cottas,r05_region_sample_genotype_counts,w10000000_10,1,51271,10051270,10000000,3060,2,2.1399000929668546,OK,True,
cottas,r05_region_sample_genotype_counts,w10000000_10,1,51271,10051270,10000000,3060,3,2.1301757860928774,OK,True,
cottas,r05_region_sample_genotype_counts,w10000000_11,1,116349,10116348,10000000,557,1,1.940722513012588,OK,True,
cottas,r05_region_sample_genotype_counts,w10000000_11,1,116349,10116348,10000000,557,2,1.9986440101638436,OK,True,
cottas,r05_region_sample_genotype_counts,w10000000_11,1,116349,10116348,10000000,557,3,1.9658543127588928,OK,True,
cottas,r05_region_sample_genotype_counts,w10000000_12,1,121471,10121470,10000000,360,1,1.9226326537318528,OK,True,
cottas,r05_region_sample_genotype_counts,w10000000_12,1,121471,10121470,10000000,360,2,2.024605105165392,OK,True,
cottas,r05_region_sample_genotype_counts,w10000000_12,1,121471,10121470,10000000,360,3,1.9270758796483278,OK,True,
cottas,r05_region_sample_genotype_counts,w10000000_13,2,115582,10115581,10000000,587,1,2.003225998952985,OK,True,
cottas,r05_region_sample_genotype_counts,w10000000_13,2,115582,10115581,10000000,587,2,2.0266368808224797,OK,True,
cottas,r05_region_sample_genotype_counts,w10000000_13,2,115582,10115581,10000000,587,3,1.9698104159906507,OK,True,
cottas,r05_region_sample_genotype_counts,w10000000_14,2,74138,10074137,10000000,2181,1,2.0372785632498562,OK,True,
cottas,r05_region_sample_genotype_counts,w10000000_14,2,74138,10074137,10000000,2181,2,2.1251375167630613,OK,True,
cottas,r05_region_sample_genotype_counts,w10000000_14,2,74138,10074137,10000000,2181,3,2.0953465420752764,OK,True,
cottas,r05_region_sample_genotype_counts,w10000000_15,1,50231,10050230,10000000,3100,1,2.27385983010754,OK,True,
cottas,r05_region_sample_genotype_counts,w10000000_15,1,50231,10050230,10000000,3100,2,2.169425849802792,OK,True,
cottas,r05_region_sample_genotype_counts,w10000000_15,1,50231,10050230,10000000,3100,3,2.190307059325278,OK,True,
cottas,r05_region_sample_genotype_counts,w10000000_16,1,20669,10020668,10000000,4237,1,2.288750962819904,OK,True,
cottas,r05_region_sample_genotype_counts,w10000000_16,1,20669,10020668,10000000,4237,2,2.1117898672819138,OK,True,
cottas,r05_region_sample_genotype_counts,w10000000_16,1,20669,10020668,10000000,4237,3,2.2490365570411086,OK,True,
cottas,r05_region_sample_genotype_counts,w10000000_17,1,66273,10066272,10000000,2483,1,2.140046579297632,OK,True,
cottas,r05_region_sample_genotype_counts,w10000000_17,1,66273,10066272,10000000,2483,2,2.106087649706751,OK,True,
cottas,r05_region_sample_genotype_counts,w10000000_17,1,66273,10066272,10000000,2483,3,2.158286096993834,OK,True,
cottas,r05_region_sample_genotype_counts,w10000000_18,1,57745,10057744,10000000,2811,1,2.1703126206994057,OK,True,
cottas,r05_region_sample_genotype_counts,w10000000_18,1,57745,10057744,10000000,2811,2,2.1230974830687046,OK,True,
cottas,r05_region_sample_genotype_counts,w10000000_18,1,57745,10057744,10000000,2811,3,2.234438772313297,OK,True,
cottas,r05_region_sample_genotype_counts,w10000000_19,1,102907,10102906,10000000,1074,1,2.058264817111194,OK,True,
cottas,r05_region_sample_genotype_counts,w10000000_19,1,102907,10102906,10000000,1074,2,2.001868058927357,OK,True,
cottas,r05_region_sample_genotype_counts,w10000000_19,1,102907,10102906,10000000,1074,3,2.18461277987808,OK,True,
qlever,r01_region_record_count,w1000_00,2,53546,54545,1000,39,1,0.15744548942893744,OK,True,
qlever,r01_region_record_count,w1000_00,2,53546,54545,1000,39,2,0.0065590329468250275,OK,True,
qlever,r01_region_record_count,w1000_00,2,53546,54545,1000,39,3,0.0057863215915858746,OK,True,
qlever,r01_region_record_count,w1000_01,2,79858,80857,1000,39,1,0.007022410165518522,OK,True,
qlever,r01_region_record_count,w1000_01,2,79858,80857,1000,39,2,0.006015399005264044,OK,True,
qlever,r01_region_record_count,w1000_01,2,79858,80857,1000,39,3,0.005618806928396225,OK,True,
qlever,r01_region_record_count,w1000_02,1,90739,91738,1000,39,1,0.16096774395555258,OK,True,
qlever,r01_region_record_count,w1000_02,1,90739,91738,1000,39,2,0.0068242549896240234,OK,True,
qlever,r01_region_record_count,w1000_02,1,90739,91738,1000,39,3,0.00681957695633173,OK,True,
qlever,r01_region_record_count,w1000_03,2,44394,45393,1000,39,1,0.007195290643721819,OK,True,
qlever,r01_region_record_count,w1000_03,2,44394,45393,1000,39,2,0.005997711792588234,OK,True,
qlever,r01_region_record_count,w1000_03,2,44394,45393,1000,39,3,0.005988460034132004,OK,True,
qlever,r01_region_record_count,w1000_04,1,7981,8980,1000,39,1,0.006654762197285891,OK,True,
qlever,r01_region_record_count,w1000_04,1,7981,8980,1000,39,2,0.006154724862426519,OK,True,
qlever,r01_region_record_count,w1000_04,1,7981,8980,1000,39,3,0.006098517216742039,OK,True,
qlever,r01_region_record_count,w1000_05,1,110863,111862,1000,39,1,0.006969180423766375,OK,True,
qlever,r01_region_record_count,w1000_05,1,110863,111862,1000,39,2,0.005999655928462744,OK,True,
qlever,r01_region_record_count,w1000_05,1,110863,111862,1000,39,3,0.006374571938067675,OK,True,
qlever,r01_region_record_count,w1000_06,1,104311,105310,1000,39,1,0.007250589318573475,OK,True,
qlever,r01_region_record_count,w1000_06,1,104311,105310,1000,39,2,0.006456262897700071,OK,True,
qlever,r01_region_record_count,w1000_06,1,104311,105310,1000,39,3,0.006724201142787933,OK,True,
qlever,r01_region_record_count,w1000_07,1,14091,15090,1000,39,1,0.007470204960554838,OK,True,
qlever,r01_region_record_count,w1000_07,1,14091,15090,1000,39,2,0.006107797846198082,OK,True,
qlever,r01_region_record_count,w1000_07,1,14091,15090,1000,39,3,0.005948943085968494,OK,True,
qlever,r01_region_record_count,w1000_08,2,48996,49995,1000,39,1,0.006829575635492802,OK,True,
qlever,r01_region_record_count,w1000_08,2,48996,49995,1000,39,2,0.006148957181721926,OK,True,
qlever,r01_region_record_count,w1000_08,2,48996,49995,1000,39,3,0.005613727029412985,OK,True,
qlever,r01_region_record_count,w1000_09,1,120145,121144,1000,39,1,0.007560715079307556,OK,True,
qlever,r01_region_record_count,w1000_09,1,120145,121144,1000,39,2,0.006058093160390854,OK,True,
qlever,r01_region_record_count,w1000_09,1,120145,121144,1000,39,3,0.005941951181739569,OK,True,
qlever,r01_region_record_count,w1000_10,2,73436,74435,1000,39,1,0.006888918112963438,OK,True,
qlever,r01_region_record_count,w1000_10,2,73436,74435,1000,39,2,0.00635967031121254,OK,True,
qlever,r01_region_record_count,w1000_10,2,73436,74435,1000,39,3,0.006236385088413954,OK,True,
qlever,r01_region_record_count,w1000_11,1,41547,42546,1000,39,1,0.006782912649214268,OK,True,
qlever,r01_region_record_count,w1000_11,1,41547,42546,1000,39,2,0.006176469847559929,OK,True,
qlever,r01_region_record_count,w1000_11,1,41547,42546,1000,39,3,0.005957153160125017,OK,True,
qlever,r01_region_record_count,w1000_12,2,112670,113669,1000,39,1,0.006870585028082132,OK,True,
qlever,r01_region_record_count,w1000_12,2,112670,113669,1000,39,2,0.00597383314743638,OK,True,
qlever,r01_region_record_count,w1000_12,2,112670,113669,1000,39,3,0.0062208110466599464,OK,True,
qlever,r01_region_record_count,w1000_13,2,121328,122327,1000,39,1,0.007042441982775927,OK,True,
qlever,r01_region_record_count,w1000_13,2,121328,122327,1000,39,2,0.005969030316919088,OK,True,
qlever,r01_region_record_count,w1000_13,2,121328,122327,1000,39,3,0.005835680291056633,OK,True,
qlever,r01_region_record_count,w1000_14,2,128114,129113,1000,39,1,0.00670567387714982,OK,True,
qlever,r01_region_record_count,w1000_14,2,128114,129113,1000,39,2,0.0058415550738573074,OK,True,
qlever,r01_region_record_count,w1000_14,2,128114,129113,1000,39,3,0.005988602060824633,OK,True,
qlever,r01_region_record_count,w1000_15,1,56237,57236,1000,39,1,0.0068190130405128,OK,True,
qlever,r01_region_record_count,w1000_15,1,56237,57236,1000,39,2,0.006583807989954948,OK,True,
qlever,r01_region_record_count,w1000_15,1,56237,57236,1000,39,3,0.006627324037253857,OK,True,
qlever,r01_region_record_count,w1000_16,1,65883,66882,1000,39,1,0.007080576382577419,OK,True,
qlever,r01_region_record_count,w1000_16,1,65883,66882,1000,39,2,0.006105679087340832,OK,True,
qlever,r01_region_record_count,w1000_16,1,65883,66882,1000,39,3,0.005727842915803194,OK,True,
qlever,r01_region_record_count,w1000_17,2,13298,14297,1000,39,1,0.006656653713434935,OK,True,
qlever,r01_region_record_count,w1000_17,2,13298,14297,1000,39,2,0.007040079217404127,OK,True,
qlever,r01_region_record_count,w1000_17,2,13298,14297,1000,39,3,0.006607614923268557,OK,True,
qlever,r01_region_record_count,w1000_18,2,32252,33251,1000,39,1,0.006986485328525305,OK,True,
qlever,r01_region_record_count,w1000_18,2,32252,33251,1000,39,2,0.005718982312828302,OK,True,
qlever,r01_region_record_count,w1000_18,2,32252,33251,1000,39,3,0.006002531852573156,OK,True,
qlever,r01_region_record_count,w1000_19,1,96953,97952,1000,39,1,0.0070807961747050285,OK,True,
qlever,r01_region_record_count,w1000_19,1,96953,97952,1000,39,2,0.00617600092664361,OK,True,
qlever,r01_region_record_count,w1000_19,1,96953,97952,1000,39,3,0.00604855315759778,OK,True,
qlever,r01_region_record_count,w100000_00,2,120002,220001,100000,417,1,0.007274337112903595,OK,True,
qlever,r01_region_record_count,w100000_00,2,120002,220001,100000,417,2,0.005996149964630604,OK,True,
qlever,r01_region_record_count,w100000_00,2,120002,220001,100000,417,3,0.005701899994164705,OK,True,
qlever,r01_region_record_count,w100000_01,1,88763,188762,100000,1618,1,0.007927076891064644,OK,True,
qlever,r01_region_record_count,w100000_01,1,88763,188762,100000,1618,2,0.00603338610380888,OK,True,
qlever,r01_region_record_count,w100000_01,1,88763,188762,100000,1618,3,0.006051894277334213,OK,True,
qlever,r01_region_record_count,w100000_02,1,52857,152856,100000,2999,1,0.0074050771072506905,OK,True,
qlever,r01_region_record_count,w100000_02,1,52857,152856,100000,2999,2,0.005803158041089773,OK,True,
qlever,r01_region_record_count,w100000_02,1,52857,152856,100000,2999,3,0.005867734085768461,OK,True,
qlever,r01_region_record_count,w100000_03,2,52324,152323,100000,3020,1,0.007432056125253439,OK,True,
qlever,r01_region_record_count,w100000_03,2,52324,152323,100000,3020,2,0.005934628192335367,OK,True,
qlever,r01_region_record_count,w100000_03,2,52324,152323,100000,3020,3,0.005841308273375034,OK,True,
qlever,r01_region_record_count,w100000_04,2,34592,134591,100000,3702,1,0.007185793947428465,OK,True,
qlever,r01_region_record_count,w100000_04,2,34592,134591,100000,3702,2,0.006486060097813606,OK,True,
qlever,r01_region_record_count,w100000_04,2,34592,134591,100000,3702,3,0.006718009244650602,OK,True,
qlever,r01_region_record_count,w100000_05,1,53975,153974,100000,2956,1,0.007827837951481342,OK,True,
qlever,r01_region_record_count,w100000_05,1,53975,153974,100000,2956,2,0.006989806890487671,OK,True,
qlever,r01_region_record_count,w100000_05,1,53975,153974,100000,2956,3,0.006939719896763563,OK,True,
qlever,r01_region_record_count,w100000_06,1,116323,216322,100000,558,1,0.00751818111166358,OK,True,
qlever,r01_region_record_count,w100000_06,1,116323,216322,100000,558,2,0.006192305125296116,OK,True,
qlever,r01_region_record_count,w100000_06,1,116323,216322,100000,558,3,0.00664130225777626,OK,True,
qlever,r01_region_record_count,w100000_07,2,54378,154377,100000,2941,1,0.008020804729312658,OK,True,
qlever,r01_region_record_count,w100000_07,2,54378,154377,100000,2941,2,0.006305590271949768,OK,True,
qlever,r01_region_record_count,w100000_07,2,54378,154377,100000,2941,3,0.006541626062244177,OK,True,
qlever,r01_region_record_count,w100000_08,2,7188,107187,100000,3847,1,0.00790452491492033,OK,True,
qlever,r01_region_record_count,w100000_08,2,7188,107187,100000,3847,2,0.006576694082468748,OK,True,
qlever,r01_region_record_count,w100000_08,2,7188,107187,100000,3847,3,0.006453113164752722,OK,True,
qlever,r01_region_record_count,w100000_09,2,111448,211447,100000,746,1,0.007262874860316515,OK,True,
qlever,r01_region_record_count,w100000_09,2,111448,211447,100000,746,2,0.006216572597622871,OK,True,
qlever,r01_region_record_count,w100000_09,2,111448,211447,100000,746,3,0.006257324945181608,OK,True,
qlever,r01_region_record_count,w100000_10,2,122134,222133,100000,335,1,0.007788938004523516,OK,True,
qlever,r01_region_record_count,w100000_10,2,122134,222133,100000,335,2,0.006503773853182793,OK,True,
qlever,r01_region_record_count,w100000_10,2,122134,222133,100000,335,3,0.006543523631989956,OK,True,
qlever,r01_region_record_count,w100000_11,1,4159,104158,100000,3847,1,0.007490141317248344,OK,True,
qlever,r01_region_record_count,w100000_11,1,4159,104158,100000,3847,2,0.005944802891463041,OK,True,
qlever,r01_region_record_count,w100000_11,1,4159,104158,100000,3847,3,0.00606304919347167,OK,True,
qlever,r01_region_record_count,w100000_12,2,13740,113739,100000,3847,1,0.007462172769010067,OK,True,
qlever,r01_region_record_count,w100000_12,2,13740,113739,100000,3847,2,0.006416813004761934,OK,True,
qlever,r01_region_record_count,w100000_12,2,13740,113739,100000,3847,3,0.006466078106313944,OK,True,
qlever,r01_region_record_count,w100000_13,2,91324,191323,100000,1520,1,0.007549743168056011,OK,True,
qlever,r01_region_record_count,w100000_13,2,91324,191323,100000,1520,2,0.006514075677841902,OK,True,
qlever,r01_region_record_count,w100000_13,2,91324,191323,100000,1520,3,0.006578912027180195,OK,True,
qlever,r01_region_record_count,w100000_14,2,21254,121253,100000,3847,1,0.007693876046687365,OK,True,
qlever,r01_region_record_count,w100000_14,2,21254,121253,100000,3847,2,0.006148683372884989,OK,True,
qlever,r01_region_record_count,w100000_14,2,21254,121253,100000,3847,3,0.006718858145177364,OK,True,
qlever,r01_region_record_count,w100000_15,1,111279,211278,100000,752,1,0.007518989033997059,OK,True,
qlever,r01_region_record_count,w100000_15,1,111279,211278,100000,752,2,0.006337608676403761,OK,True,
qlever,r01_region_record_count,w100000_15,1,111279,211278,100000,752,3,0.006251686718314886,OK,True,
qlever,r01_region_record_count,w100000_16,1,113957,213956,100000,649,1,0.007756468839943409,OK,True,
qlever,r01_region_record_count,w100000_16,1,113957,213956,100000,649,2,0.006922128144651651,OK,True,
qlever,r01_region_record_count,w100000_16,1,113957,213956,100000,649,3,0.006028024014085531,OK,True,
qlever,r01_region_record_count,w100000_17,1,26389,126388,100000,3847,1,0.007226757239550352,OK,True,
qlever,r01_region_record_count,w100000_17,1,26389,126388,100000,3847,2,0.006430933717638254,OK,True,
qlever,r01_region_record_count,w100000_17,1,26389,126388,100000,3847,3,0.006566249765455723,OK,True,
qlever,r01_region_record_count,w100000_18,2,62074,162073,100000,2645,1,0.007845000829547644,OK,True,
qlever,r01_region_record_count,w100000_18,2,62074,162073,100000,2645,2,0.006699460092931986,OK,True,
qlever,r01_region_record_count,w100000_18,2,62074,162073,100000,2645,3,0.0073656560853123665,OK,True,
qlever,r01_region_record_count,w100000_19,1,99683,199682,100000,1198,1,0.010713595896959305,OK,True,
qlever,r01_region_record_count,w100000_19,1,99683,199682,100000,1198,2,0.008494116365909576,OK,True,
qlever,r01_region_record_count,w100000_19,1,99683,199682,100000,1198,3,0.008718427736312151,OK,True,
qlever,r01_region_record_count,w1000000_00,2,77700,1077699,1000000,2044,1,0.00976218469440937,OK,True,
qlever,r01_region_record_count,w1000000_00,2,77700,1077699,1000000,2044,2,0.006560562178492546,OK,True,
qlever,r01_region_record_count,w1000000_00,2,77700,1077699,1000000,2044,3,0.0067128827795386314,OK,True,
qlever,r01_region_record_count,w1000000_01,2,14260,1014259,1000000,4484,1,0.008187559898942709,OK,True,
qlever,r01_region_record_count,w1000000_01,2,14260,1014259,1000000,4484,2,0.006624455098062754,OK,True,
qlever,r01_region_record_count,w1000000_01,2,14260,1014259,1000000,4484,3,0.00633426196873188,OK,True,
qlever,r01_region_record_count,w1000000_02,2,39428,1039427,1000000,3516,1,0.00784385297447443,OK,True,
qlever,r01_region_record_count,w1000000_02,2,39428,1039427,1000000,3516,2,0.006793684791773558,OK,True,
qlever,r01_region_record_count,w1000000_02,2,39428,1039427,1000000,3516,3,0.006409988738596439,OK,True,
qlever,r01_region_record_count,w1000000_03,2,121614,1121613,1000000,355,1,0.008096355013549328,OK,True,
qlever,r01_region_record_count,w1000000_03,2,121614,1121613,1000000,355,2,0.0063497573137283325,OK,True,
qlever,r01_region_record_count,w1000000_03,2,121614,1121613,1000000,355,3,0.006196832284331322,OK,True,
qlever,r01_region_record_count,w1000000_04,2,45980,1045979,1000000,3264,1,0.007856352720409632,OK,True,
qlever,r01_region_record_count,w1000000_04,2,45980,1045979,1000000,3264,2,0.006300538778305054,OK,True,
qlever,r01_region_record_count,w1000000_04,2,45980,1045979,1000000,3264,3,0.006063057109713554,OK,True,
qlever,r01_region_record_count,w1000000_05,2,74320,1074319,1000000,2174,1,0.00786335812881589,OK,True,
qlever,r01_region_record_count,w1000000_05,2,74320,1074319,1000000,2174,2,0.007823741063475609,OK,True,
qlever,r01_region_record_count,w1000000_05,2,74320,1074319,1000000,2174,3,0.006746928207576275,OK,True,
qlever,r01_region_record_count,w1000000_06,1,75477,1075476,1000000,2129,1,0.00829613022506237,OK,True,
qlever,r01_region_record_count,w1000000_06,1,75477,1075476,1000000,2129,2,0.006610587239265442,OK,True,
qlever,r01_region_record_count,w1000000_06,1,75477,1075476,1000000,2129,3,0.006385961081832647,OK,True,
qlever,r01_region_record_count,w1000000_07,1,15729,1015728,1000000,4427,1,0.008153771050274372,OK,True,
qlever,r01_region_record_count,w1000000_07,1,15729,1015728,1000000,4427,2,0.006185859441757202,OK,True,
qlever,r01_region_record_count,w1000000_07,1,15729,1015728,1000000,4427,3,0.0061903782188892365,OK,True,
qlever,r01_region_record_count,w1000000_08,2,74268,1074267,1000000,2176,1,0.007166130933910608,OK,True,
qlever,r01_region_record_count,w1000000_08,2,74268,1074267,1000000,2176,2,0.006348762195557356,OK,True,
qlever,r01_region_record_count,w1000000_08,2,74268,1074267,1000000,2176,3,0.006326192989945412,OK,True,
qlever,r01_region_record_count,w1000000_09,1,33643,1033642,1000000,3738,1,0.0073539321310818195,OK,True,
qlever,r01_region_record_count,w1000000_09,1,33643,1033642,1000000,3738,2,0.0061391680501401424,OK,True,
qlever,r01_region_record_count,w1000000_09,1,33643,1033642,1000000,3738,3,0.005786461755633354,OK,True,
qlever,r01_region_record_count,w1000000_10,1,92507,1092506,1000000,1474,1,0.006690686102956533,OK,True,
qlever,r01_region_record_count,w1000000_10,1,92507,1092506,1000000,1474,2,0.005898837000131607,OK,True,
qlever,r01_region_record_count,w1000000_10,1,92507,1092506,1000000,1474,3,0.00620420603081584,OK,True,
qlever,r01_region_record_count,w1000000_11,1,121211,1121210,1000000,370,1,0.006640111096203327,OK,True,
qlever,r01_region_record_count,w1000000_11,1,121211,1121210,1000000,370,2,0.00571311404928565,OK,True,
qlever,r01_region_record_count,w1000000_11,1,121211,1121210,1000000,370,3,0.0058389329351484776,OK,True,
qlever,r01_region_record_count,w1000000_12,1,77765,1077764,1000000,2041,1,0.007364984136074781,OK,True,
qlever,r01_region_record_count,w1000000_12,1,77765,1077764,1000000,2041,2,0.0060971989296376705,OK,True,
qlever,r01_region_record_count,w1000000_12,1,77765,1077764,1000000,2041,3,0.006272078026086092,OK,True,
qlever,r01_region_record_count,w1000000_13,2,118494,1118493,1000000,475,1,0.006930666975677013,OK,True,
qlever,r01_region_record_count,w1000000_13,2,118494,1118493,1000000,475,2,0.005910438951104879,OK,True,
qlever,r01_region_record_count,w1000000_13,2,118494,1118493,1000000,475,3,0.006452261004596949,OK,True,
qlever,r01_region_record_count,w1000000_14,1,92143,1092142,1000000,1488,1,0.007385754957795143,OK,True,
qlever,r01_region_record_count,w1000000_14,1,92143,1092142,1000000,1488,2,0.006338492967188358,OK,True,
qlever,r01_region_record_count,w1000000_14,1,92143,1092142,1000000,1488,3,0.0059104491956532,OK,True,
qlever,r01_region_record_count,w1000000_15,1,125423,1125422,1000000,208,1,0.007306525018066168,OK,True,
qlever,r01_region_record_count,w1000000_15,1,125423,1125422,1000000,208,2,0.006032359786331654,OK,True,
qlever,r01_region_record_count,w1000000_15,1,125423,1125422,1000000,208,3,0.006178379990160465,OK,True,
qlever,r01_region_record_count,w1000000_16,2,99852,1099851,1000000,1192,1,0.0073340171948075294,OK,True,
qlever,r01_region_record_count,w1000000_16,2,99852,1099851,1000000,1192,2,0.005942596588283777,OK,True,
qlever,r01_region_record_count,w1000000_16,2,99852,1099851,1000000,1192,3,0.005896246060729027,OK,True,
qlever,r01_region_record_count,w1000000_17,2,49334,1049333,1000000,3135,1,0.007311204914003611,OK,True,
qlever,r01_region_record_count,w1000000_17,2,49334,1049333,1000000,3135,2,0.008834704756736755,OK,True,
qlever,r01_region_record_count,w1000000_17,2,49334,1049333,1000000,3135,3,0.008835701737552881,OK,True,
qlever,r01_region_record_count,w1000000_18,1,74801,1074800,1000000,2155,1,0.00995482923462987,OK,True,
qlever,r01_region_record_count,w1000000_18,1,74801,1074800,1000000,2155,2,0.00904045021161437,OK,True,
qlever,r01_region_record_count,w1000000_18,1,74801,1074800,1000000,2155,3,0.009101646952331066,OK,True,
qlever,r01_region_record_count,w1000000_19,1,121003,1121002,1000000,378,1,0.010116680059581995,OK,True,
qlever,r01_region_record_count,w1000000_19,1,121003,1121002,1000000,378,2,0.00878137769177556,OK,True,
qlever,r01_region_record_count,w1000000_19,1,121003,1121002,1000000,378,3,0.007748445961624384,OK,True,
qlever,r01_region_record_count,w10000000_00,1,105481,10105480,10000000,975,1,0.00734869996085763,OK,True,
qlever,r01_region_record_count,w10000000_00,1,105481,10105480,10000000,975,2,0.006170941051095724,OK,True,
qlever,r01_region_record_count,w10000000_00,1,105481,10105480,10000000,975,3,0.005787633825093508,OK,True,
qlever,r01_region_record_count,w10000000_01,1,37257,10037256,10000000,3599,1,0.007289724890142679,OK,True,
qlever,r01_region_record_count,w10000000_01,1,37257,10037256,10000000,3599,2,0.005926505196839571,OK,True,
qlever,r01_region_record_count,w10000000_01,1,37257,10037256,10000000,3599,3,0.005629843100905418,OK,True,
qlever,r01_region_record_count,w10000000_02,2,92130,10092129,10000000,1489,1,0.006791976746171713,OK,True,
qlever,r01_region_record_count,w10000000_02,2,92130,10092129,10000000,1489,2,0.0058713448233902454,OK,True,
qlever,r01_region_record_count,w10000000_02,2,92130,10092129,10000000,1489,3,0.006123121827840805,OK,True,
qlever,r01_region_record_count,w10000000_03,1,25557,10025556,10000000,4049,1,0.007392376195639372,OK,True,
qlever,r01_region_record_count,w10000000_03,1,25557,10025556,10000000,4049,2,0.006137186661362648,OK,True,
qlever,r01_region_record_count,w10000000_03,1,25557,10025556,10000000,4049,3,0.006167727988213301,OK,True,
qlever,r01_region_record_count,w10000000_04,2,46604,10046603,10000000,3240,1,0.007161410991102457,OK,True,
qlever,r01_region_record_count,w10000000_04,2,46604,10046603,10000000,3240,2,0.006073819939047098,OK,True,
qlever,r01_region_record_count,w10000000_04,2,46604,10046603,10000000,3240,3,0.006147242151200771,OK,True,
qlever,r01_region_record_count,w10000000_05,1,49477,10049476,10000000,3129,1,0.007013800088316202,OK,True,
qlever,r01_region_record_count,w10000000_05,1,49477,10049476,10000000,3129,2,0.005764313042163849,OK,True,
qlever,r01_region_record_count,w10000000_05,1,49477,10049476,10000000,3129,3,0.006206466816365719,OK,True,
qlever,r01_region_record_count,w10000000_06,1,6499,10006498,10000000,4782,1,0.007353894878178835,OK,True,
qlever,r01_region_record_count,w10000000_06,1,6499,10006498,10000000,4782,2,0.006243093870580196,OK,True,
qlever,r01_region_record_count,w10000000_06,1,6499,10006498,10000000,4782,3,0.005930555053055286,OK,True,
qlever,r01_region_record_count,w10000000_07,2,47280,10047279,10000000,3214,1,0.007105128839612007,OK,True,
qlever,r01_region_record_count,w10000000_07,2,47280,10047279,10000000,3214,2,0.005871600937098265,OK,True,
qlever,r01_region_record_count,w10000000_07,2,47280,10047279,10000000,3214,3,0.00549215218052268,OK,True,
qlever,r01_region_record_count,w10000000_08,2,88724,10088723,10000000,1620,1,0.006435757037252188,OK,True,
qlever,r01_region_record_count,w10000000_08,2,88724,10088723,10000000,1620,2,0.005829501431435347,OK,True,
qlever,r01_region_record_count,w10000000_08,2,88724,10088723,10000000,1620,3,0.006225978024303913,OK,True,
qlever,r01_region_record_count,w10000000_09,2,69692,10069691,10000000,2352,1,0.00730014406144619,OK,True,
qlever,r01_region_record_count,w10000000_09,2,69692,10069691,10000000,2352,2,0.006286958232522011,OK,True,
qlever,r01_region_record_count,w10000000_09,2,69692,10069691,10000000,2352,3,0.005913625005632639,OK,True,
qlever,r01_region_record_count,w10000000_10,1,51271,10051270,10000000,3060,1,0.007168589159846306,OK,True,
qlever,r01_region_record_count,w10000000_10,1,51271,10051270,10000000,3060,2,0.006039770785719156,OK,True,
qlever,r01_region_record_count,w10000000_10,1,51271,10051270,10000000,3060,3,0.005987223703414202,OK,True,
qlever,r01_region_record_count,w10000000_11,1,116349,10116348,10000000,557,1,0.007059386931359768,OK,True,
qlever,r01_region_record_count,w10000000_11,1,116349,10116348,10000000,557,2,0.006994210183620453,OK,True,
qlever,r01_region_record_count,w10000000_11,1,116349,10116348,10000000,557,3,0.007931976113468409,OK,True,
qlever,r01_region_record_count,w10000000_12,1,121471,10121470,10000000,360,1,0.007350180298089981,OK,True,
qlever,r01_region_record_count,w10000000_12,1,121471,10121470,10000000,360,2,0.006365051027387381,OK,True,
qlever,r01_region_record_count,w10000000_12,1,121471,10121470,10000000,360,3,0.005966507829725742,OK,True,
qlever,r01_region_record_count,w10000000_13,2,115582,10115581,10000000,587,1,0.006932666990906,OK,True,
qlever,r01_region_record_count,w10000000_13,2,115582,10115581,10000000,587,2,0.0064100041054189205,OK,True,
qlever,r01_region_record_count,w10000000_13,2,115582,10115581,10000000,587,3,0.006450141314417124,OK,True,
qlever,r01_region_record_count,w10000000_14,2,74138,10074137,10000000,2181,1,0.007119087036699057,OK,True,
qlever,r01_region_record_count,w10000000_14,2,74138,10074137,10000000,2181,2,0.006165321916341782,OK,True,
qlever,r01_region_record_count,w10000000_14,2,74138,10074137,10000000,2181,3,0.005910764914005995,OK,True,
qlever,r01_region_record_count,w10000000_15,1,50231,10050230,10000000,3100,1,0.006888663396239281,OK,True,
qlever,r01_region_record_count,w10000000_15,1,50231,10050230,10000000,3100,2,0.005801245104521513,OK,True,
qlever,r01_region_record_count,w10000000_15,1,50231,10050230,10000000,3100,3,0.0054434919729828835,OK,True,
qlever,r01_region_record_count,w10000000_16,1,20669,10020668,10000000,4237,1,0.00716042798012495,OK,True,
qlever,r01_region_record_count,w10000000_16,1,20669,10020668,10000000,4237,2,0.00585437985137105,OK,True,
qlever,r01_region_record_count,w10000000_16,1,20669,10020668,10000000,4237,3,0.005928810685873032,OK,True,
qlever,r01_region_record_count,w10000000_17,1,66273,10066272,10000000,2483,1,0.0067254179157316685,OK,True,
qlever,r01_region_record_count,w10000000_17,1,66273,10066272,10000000,2483,2,0.005766893271356821,OK,True,
qlever,r01_region_record_count,w10000000_17,1,66273,10066272,10000000,2483,3,0.0074350726790726185,OK,True,
qlever,r01_region_record_count,w10000000_18,1,57745,10057744,10000000,2811,1,0.0075874486938118935,OK,True,
qlever,r01_region_record_count,w10000000_18,1,57745,10057744,10000000,2811,2,0.006533823907375336,OK,True,
qlever,r01_region_record_count,w10000000_18,1,57745,10057744,10000000,2811,3,0.006105915643274784,OK,True,
qlever,r01_region_record_count,w10000000_19,1,102907,10102906,10000000,1074,1,0.007590906228870153,OK,True,
qlever,r01_region_record_count,w10000000_19,1,102907,10102906,10000000,1074,2,0.006307947915047407,OK,True,
qlever,r01_region_record_count,w10000000_19,1,102907,10102906,10000000,1074,3,0.006283508148044348,OK,True,
qlever,r02_region_variant_shape_counts,w1000_00,2,53546,54545,1000,39,1,0.032622773200273514,OK,True,
qlever,r02_region_variant_shape_counts,w1000_00,2,53546,54545,1000,39,2,0.02191261574625969,OK,True,
qlever,r02_region_variant_shape_counts,w1000_00,2,53546,54545,1000,39,3,0.01786399120464921,OK,True,
qlever,r02_region_variant_shape_counts,w1000_01,2,79858,80857,1000,39,1,0.022156471852213144,OK,True,
qlever,r02_region_variant_shape_counts,w1000_01,2,79858,80857,1000,39,2,0.017131267581135035,OK,True,
qlever,r02_region_variant_shape_counts,w1000_01,2,79858,80857,1000,39,3,0.017030064947903156,OK,True,
qlever,r02_region_variant_shape_counts,w1000_02,1,90739,91738,1000,39,1,0.02451910264790058,OK,True,
qlever,r02_region_variant_shape_counts,w1000_02,1,90739,91738,1000,39,2,0.01913323998451233,OK,True,
qlever,r02_region_variant_shape_counts,w1000_02,1,90739,91738,1000,39,3,0.01850766409188509,OK,True,
qlever,r02_region_variant_shape_counts,w1000_03,2,44394,45393,1000,39,1,0.021695395931601524,OK,True,
qlever,r02_region_variant_shape_counts,w1000_03,2,44394,45393,1000,39,2,0.02084662765264511,OK,True,
qlever,r02_region_variant_shape_counts,w1000_03,2,44394,45393,1000,39,3,0.017229832708835602,OK,True,
qlever,r02_region_variant_shape_counts,w1000_04,1,7981,8980,1000,39,1,0.022684913128614426,OK,True,
qlever,r02_region_variant_shape_counts,w1000_04,1,7981,8980,1000,39,2,0.024164553731679916,OK,True,
qlever,r02_region_variant_shape_counts,w1000_04,1,7981,8980,1000,39,3,0.02588974731042981,OK,True,
qlever,r02_region_variant_shape_counts,w1000_05,1,110863,111862,1000,39,1,0.02074573328718543,OK,True,
qlever,r02_region_variant_shape_counts,w1000_05,1,110863,111862,1000,39,2,0.017400025855749846,OK,True,
qlever,r02_region_variant_shape_counts,w1000_05,1,110863,111862,1000,39,3,0.02202370297163725,OK,True,
qlever,r02_region_variant_shape_counts,w1000_06,1,104311,105310,1000,39,1,0.03069666400551796,OK,True,
qlever,r02_region_variant_shape_counts,w1000_06,1,104311,105310,1000,39,2,0.017593853641301394,OK,True,
qlever,r02_region_variant_shape_counts,w1000_06,1,104311,105310,1000,39,3,0.01780031807720661,OK,True,
qlever,r02_region_variant_shape_counts,w1000_07,1,14091,15090,1000,39,1,0.021518897730857134,OK,True,
qlever,r02_region_variant_shape_counts,w1000_07,1,14091,15090,1000,39,2,0.01762831211090088,OK,True,
qlever,r02_region_variant_shape_counts,w1000_07,1,14091,15090,1000,39,3,0.017690457869321108,OK,True,
qlever,r02_region_variant_shape_counts,w1000_08,2,48996,49995,1000,39,1,0.021483819000422955,OK,True,
qlever,r02_region_variant_shape_counts,w1000_08,2,48996,49995,1000,39,2,0.017076035030186176,OK,True,
qlever,r02_region_variant_shape_counts,w1000_08,2,48996,49995,1000,39,3,0.017385166138410568,OK,True,
qlever,r02_region_variant_shape_counts,w1000_09,1,120145,121144,1000,39,1,0.022363314870744944,OK,True,
qlever,r02_region_variant_shape_counts,w1000_09,1,120145,121144,1000,39,2,0.017491293605417013,OK,True,
qlever,r02_region_variant_shape_counts,w1000_09,1,120145,121144,1000,39,3,0.02121805027127266,OK,True,
qlever,r02_region_variant_shape_counts,w1000_10,2,73436,74435,1000,39,1,0.021423170808702707,OK,True,
qlever,r02_region_variant_shape_counts,w1000_10,2,73436,74435,1000,39,2,0.01745986705645919,OK,True,
qlever,r02_region_variant_shape_counts,w1000_10,2,73436,74435,1000,39,3,0.01790820201858878,OK,True,
qlever,r02_region_variant_shape_counts,w1000_11,1,41547,42546,1000,39,1,0.022041001822799444,OK,True,
qlever,r02_region_variant_shape_counts,w1000_11,1,41547,42546,1000,39,2,0.02085138112306595,OK,True,
qlever,r02_region_variant_shape_counts,w1000_11,1,41547,42546,1000,39,3,0.017544478178024292,OK,True,
qlever,r02_region_variant_shape_counts,w1000_12,2,112670,113669,1000,39,1,0.021444634068757296,OK,True,
qlever,r02_region_variant_shape_counts,w1000_12,2,112670,113669,1000,39,2,0.016949125099927187,OK,True,
qlever,r02_region_variant_shape_counts,w1000_12,2,112670,113669,1000,39,3,0.018060897942632437,OK,True,
qlever,r02_region_variant_shape_counts,w1000_13,2,121328,122327,1000,39,1,0.021409735083580017,OK,True,
qlever,r02_region_variant_shape_counts,w1000_13,2,121328,122327,1000,39,2,0.01730245817452669,OK,True,
qlever,r02_region_variant_shape_counts,w1000_13,2,121328,122327,1000,39,3,0.021382012870162725,OK,True,
qlever,r02_region_variant_shape_counts,w1000_14,2,128114,129113,1000,39,1,0.021172499749809504,OK,True,
qlever,r02_region_variant_shape_counts,w1000_14,2,128114,129113,1000,39,2,0.02226303005591035,OK,True,
qlever,r02_region_variant_shape_counts,w1000_14,2,128114,129113,1000,39,3,0.017521255183964968,OK,True,
qlever,r02_region_variant_shape_counts,w1000_15,1,56237,57236,1000,39,1,0.021266916766762733,OK,True,
qlever,r02_region_variant_shape_counts,w1000_15,1,56237,57236,1000,39,2,0.02221389813348651,OK,True,
qlever,r02_region_variant_shape_counts,w1000_15,1,56237,57236,1000,39,3,0.01797620113939047,OK,True,
qlever,r02_region_variant_shape_counts,w1000_16,1,65883,66882,1000,39,1,0.021077978890389204,OK,True,
qlever,r02_region_variant_shape_counts,w1000_16,1,65883,66882,1000,39,2,0.017640225123614073,OK,True,
qlever,r02_region_variant_shape_counts,w1000_16,1,65883,66882,1000,39,3,0.017695468850433826,OK,True,
qlever,r02_region_variant_shape_counts,w1000_17,2,13298,14297,1000,39,1,0.021313023753464222,OK,True,
qlever,r02_region_variant_shape_counts,w1000_17,2,13298,14297,1000,39,2,0.018536154180765152,OK,True,
qlever,r02_region_variant_shape_counts,w1000_17,2,13298,14297,1000,39,3,0.017602364998310804,OK,True,
qlever,r02_region_variant_shape_counts,w1000_18,2,32252,33251,1000,39,1,0.021430567372590303,OK,True,
qlever,r02_region_variant_shape_counts,w1000_18,2,32252,33251,1000,39,2,0.017917686142027378,OK,True,
qlever,r02_region_variant_shape_counts,w1000_18,2,32252,33251,1000,39,3,0.021220193710178137,OK,True,
qlever,r02_region_variant_shape_counts,w1000_19,1,96953,97952,1000,39,1,0.021828364115208387,OK,True,
qlever,r02_region_variant_shape_counts,w1000_19,1,96953,97952,1000,39,2,0.021842360962182283,OK,True,
qlever,r02_region_variant_shape_counts,w1000_19,1,96953,97952,1000,39,3,0.02127861976623535,OK,True,
qlever,r02_region_variant_shape_counts,w100000_00,2,120002,220001,100000,417,1,0.023100063670426607,OK,True,
qlever,r02_region_variant_shape_counts,w100000_00,2,120002,220001,100000,417,2,0.017628398723900318,OK,True,
qlever,r02_region_variant_shape_counts,w100000_00,2,120002,220001,100000,417,3,0.026267211884260178,OK,True,
qlever,r02_region_variant_shape_counts,w100000_01,1,88763,188762,100000,1618,1,0.033448319882154465,OK,True,
qlever,r02_region_variant_shape_counts,w100000_01,1,88763,188762,100000,1618,2,0.03653738694265485,OK,True,
qlever,r02_region_variant_shape_counts,w100000_01,1,88763,188762,100000,1618,3,0.017762434668838978,OK,True,
qlever,r02_region_variant_shape_counts,w100000_02,1,52857,152856,100000,2999,1,0.03601024625822902,OK,True,
qlever,r02_region_variant_shape_counts,w100000_02,1,52857,152856,100000,2999,2,0.0365701369009912,OK,True,
qlever,r02_region_variant_shape_counts,w100000_02,1,52857,152856,100000,2999,3,0.017999570816755295,OK,True,
qlever,r02_region_variant_shape_counts,w100000_03,2,52324,152323,100000,3020,1,0.03488154476508498,OK,True,
qlever,r02_region_variant_shape_counts,w100000_03,2,52324,152323,100000,3020,2,0.035429059993475676,OK,True,
qlever,r02_region_variant_shape_counts,w100000_03,2,52324,152323,100000,3020,3,0.017351114191114902,OK,True,
qlever,r02_region_variant_shape_counts,w100000_04,2,34592,134591,100000,3702,1,0.03812580602243543,OK,True,
qlever,r02_region_variant_shape_counts,w100000_04,2,34592,134591,100000,3702,2,0.03986974339932203,OK,True,
qlever,r02_region_variant_shape_counts,w100000_04,2,34592,134591,100000,3702,3,0.017843670677393675,OK,True,
qlever,r02_region_variant_shape_counts,w100000_05,1,53975,153974,100000,2956,1,0.034443072974681854,OK,True,
qlever,r02_region_variant_shape_counts,w100000_05,1,53975,153974,100000,2956,2,0.03613928286358714,OK,True,
qlever,r02_region_variant_shape_counts,w100000_05,1,53975,153974,100000,2956,3,0.018654366955161095,OK,True,
qlever,r02_region_variant_shape_counts,w100000_06,1,116323,216322,100000,558,1,0.0258529600687325,OK,True,
qlever,r02_region_variant_shape_counts,w100000_06,1,116323,216322,100000,558,2,0.024114978965371847,OK,True,
qlever,r02_region_variant_shape_counts,w100000_06,1,116323,216322,100000,558,3,0.017534330021589994,OK,True,
qlever,r02_region_variant_shape_counts,w100000_07,2,54378,154377,100000,2941,1,0.04391448199748993,OK,True,
qlever,r02_region_variant_shape_counts,w100000_07,2,54378,154377,100000,2941,2,0.04210010403767228,OK,True,
qlever,r02_region_variant_shape_counts,w100000_07,2,54378,154377,100000,2941,3,0.018334724009037018,OK,True,
qlever,r02_region_variant_shape_counts,w100000_08,2,7188,107187,100000,3847,1,0.03989293286576867,OK,True,
qlever,r02_region_variant_shape_counts,w100000_08,2,7188,107187,100000,3847,2,0.019185757264494896,OK,True,
qlever,r02_region_variant_shape_counts,w100000_08,2,7188,107187,100000,3847,3,0.021500892005860806,OK,True,
qlever,r02_region_variant_shape_counts,w100000_09,2,111448,211447,100000,746,1,0.03518687607720494,OK,True,
qlever,r02_region_variant_shape_counts,w100000_09,2,111448,211447,100000,746,2,0.025040972977876663,OK,True,
qlever,r02_region_variant_shape_counts,w100000_09,2,111448,211447,100000,746,3,0.020786047913134098,OK,True,
qlever,r02_region_variant_shape_counts,w100000_10,2,122134,222133,100000,335,1,0.022408773191273212,OK,True,
qlever,r02_region_variant_shape_counts,w100000_10,2,122134,222133,100000,335,2,0.024329485837370157,OK,True,
qlever,r02_region_variant_shape_counts,w100000_10,2,122134,222133,100000,335,3,0.017902811989188194,OK,True,
qlever,r02_region_variant_shape_counts,w100000_11,1,4159,104158,100000,3847,1,0.04010281804949045,OK,True,
qlever,r02_region_variant_shape_counts,w100000_11,1,4159,104158,100000,3847,2,0.0188760319724679,OK,True,
qlever,r02_region_variant_shape_counts,w100000_11,1,4159,104158,100000,3847,3,0.0168243907392025,OK,True,
qlever,r02_region_variant_shape_counts,w100000_12,2,13740,113739,100000,3847,1,0.03930014092475176,OK,True,
qlever,r02_region_variant_shape_counts,w100000_12,2,13740,113739,100000,3847,2,0.03847566293552518,OK,True,
qlever,r02_region_variant_shape_counts,w100000_12,2,13740,113739,100000,3847,3,0.019195949658751488,OK,True,
qlever,r02_region_variant_shape_counts,w100000_13,2,91324,191323,100000,1520,1,0.031054820865392685,OK,True,
qlever,r02_region_variant_shape_counts,w100000_13,2,91324,191323,100000,1520,2,0.03204857278615236,OK,True,
qlever,r02_region_variant_shape_counts,w100000_13,2,91324,191323,100000,1520,3,0.017953624948859215,OK,True,
qlever,r02_region_variant_shape_counts,w100000_14,2,21254,121253,100000,3847,1,0.03829092625528574,OK,True,
qlever,r02_region_variant_shape_counts,w100000_14,2,21254,121253,100000,3847,2,0.018328308127820492,OK,True,
qlever,r02_region_variant_shape_counts,w100000_14,2,21254,121253,100000,3847,3,0.0403156210668385,OK,True,
qlever,r02_region_variant_shape_counts,w100000_15,1,111279,211278,100000,752,1,0.02518350025638938,OK,True,
qlever,r02_region_variant_shape_counts,w100000_15,1,111279,211278,100000,752,2,0.018191852141171694,OK,True,
qlever,r02_region_variant_shape_counts,w100000_15,1,111279,211278,100000,752,3,0.025340520311146975,OK,True,
qlever,r02_region_variant_shape_counts,w100000_16,1,113957,213956,100000,649,1,0.02460691798478365,OK,True,
qlever,r02_region_variant_shape_counts,w100000_16,1,113957,213956,100000,649,2,0.024379943031817675,OK,True,
qlever,r02_region_variant_shape_counts,w100000_16,1,113957,213956,100000,649,3,0.01763500366359949,OK,True,
qlever,r02_region_variant_shape_counts,w100000_17,1,26389,126388,100000,3847,1,0.03977186791598797,OK,True,
qlever,r02_region_variant_shape_counts,w100000_17,1,26389,126388,100000,3847,2,0.020156887359917164,OK,True,
qlever,r02_region_variant_shape_counts,w100000_17,1,26389,126388,100000,3847,3,0.04721934488043189,OK,True,
qlever,r02_region_variant_shape_counts,w100000_18,2,62074,162073,100000,2645,1,0.03355386108160019,OK,True,
qlever,r02_region_variant_shape_counts,w100000_18,2,62074,162073,100000,2645,2,0.01969179091975093,OK,True,
qlever,r02_region_variant_shape_counts,w100000_18,2,62074,162073,100000,2645,3,0.037299897987395525,OK,True,
qlever,r02_region_variant_shape_counts,w100000_19,1,99683,199682,100000,1198,1,0.02816736325621605,OK,True,
qlever,r02_region_variant_shape_counts,w100000_19,1,99683,199682,100000,1198,2,0.028030498884618282,OK,True,
qlever,r02_region_variant_shape_counts,w100000_19,1,99683,199682,100000,1198,3,0.01796665834262967,OK,True,
qlever,r02_region_variant_shape_counts,w1000000_00,2,77700,1077699,1000000,2044,1,0.033237654250115156,OK,True,
qlever,r02_region_variant_shape_counts,w1000000_00,2,77700,1077699,1000000,2044,2,0.017554176971316338,OK,True,
qlever,r02_region_variant_shape_counts,w1000000_00,2,77700,1077699,1000000,2044,3,0.03364204289391637,OK,True,
qlever,r02_region_variant_shape_counts,w1000000_01,2,14260,1014259,1000000,4484,1,0.04053991520777345,OK,True,
qlever,r02_region_variant_shape_counts,w1000000_01,2,14260,1014259,1000000,4484,2,0.04197712196037173,OK,True,
qlever,r02_region_variant_shape_counts,w1000000_01,2,14260,1014259,1000000,4484,3,0.01766686514019966,OK,True,
qlever,r02_region_variant_shape_counts,w1000000_02,2,39428,1039427,1000000,3516,1,0.03666420327499509,OK,True,
qlever,r02_region_variant_shape_counts,w1000000_02,2,39428,1039427,1000000,3516,2,0.018119955901056528,OK,True,
qlever,r02_region_variant_shape_counts,w1000000_02,2,39428,1039427,1000000,3516,3,0.03874743403866887,OK,True,
qlever,r02_region_variant_shape_counts,w1000000_03,2,121614,1121613,1000000,355,1,0.023128733038902283,OK,True,
qlever,r02_region_variant_shape_counts,w1000000_03,2,121614,1121613,1000000,355,2,0.016838908195495605,OK,True,
qlever,r02_region_variant_shape_counts,w1000000_03,2,121614,1121613,1000000,355,3,0.022625748999416828,OK,True,
qlever,r02_region_variant_shape_counts,w1000000_04,2,45980,1045979,1000000,3264,1,0.03668011911213398,OK,True,
qlever,r02_region_variant_shape_counts,w1000000_04,2,45980,1045979,1000000,3264,2,0.017432817723602057,OK,True,
qlever,r02_region_variant_shape_counts,w1000000_04,2,45980,1045979,1000000,3264,3,0.01801920495927334,OK,True,
qlever,r02_region_variant_shape_counts,w1000000_05,2,74320,1074319,1000000,2174,1,0.031257794704288244,OK,True,
qlever,r02_region_variant_shape_counts,w1000000_05,2,74320,1074319,1000000,2174,2,0.01781087974086404,OK,True,
qlever,r02_region_variant_shape_counts,w1000000_05,2,74320,1074319,1000000,2174,3,0.03154797200113535,OK,True,
qlever,r02_region_variant_shape_counts,w1000000_06,1,75477,1075476,1000000,2129,1,0.030707281082868576,OK,True,
qlever,r02_region_variant_shape_counts,w1000000_06,1,75477,1075476,1000000,2129,2,0.017789128236472607,OK,True,
qlever,r02_region_variant_shape_counts,w1000000_06,1,75477,1075476,1000000,2129,3,0.03114137426018715,OK,True,
qlever,r02_region_variant_shape_counts,w1000000_07,1,15729,1015728,1000000,4427,1,0.04285023082047701,OK,True,
qlever,r02_region_variant_shape_counts,w1000000_07,1,15729,1015728,1000000,4427,2,0.06046301173046231,OK,True,
qlever,r02_region_variant_shape_counts,w1000000_07,1,15729,1015728,1000000,4427,3,0.020978407002985477,OK,True,
qlever,r02_region_variant_shape_counts,w1000000_08,2,74268,1074267,1000000,2176,1,0.03229143703356385,OK,True,
qlever,r02_region_variant_shape_counts,w1000000_08,2,74268,1074267,1000000,2176,2,0.0316267479211092,OK,True,
qlever,r02_region_variant_shape_counts,w1000000_08,2,74268,1074267,1000000,2176,3,0.01795789785683155,OK,True,
qlever,r02_region_variant_shape_counts,w1000000_09,1,33643,1033642,1000000,3738,1,0.03775162901729345,OK,True,
qlever,r02_region_variant_shape_counts,w1000000_09,1,33643,1033642,1000000,3738,2,0.02780335722491145,OK,True,
qlever,r02_region_variant_shape_counts,w1000000_09,1,33643,1033642,1000000,3738,3,0.03910330682992935,OK,True,
qlever,r02_region_variant_shape_counts,w1000000_10,1,92507,1092506,1000000,1474,1,0.034073222894221544,OK,True,
qlever,r02_region_variant_shape_counts,w1000000_10,1,92507,1092506,1000000,1474,2,0.029244190081954002,OK,True,
qlever,r02_region_variant_shape_counts,w1000000_10,1,92507,1092506,1000000,1474,3,0.018383553717285395,OK,True,
qlever,r02_region_variant_shape_counts,w1000000_11,1,121211,1121210,1000000,370,1,0.02397090196609497,OK,True,
qlever,r02_region_variant_shape_counts,w1000000_11,1,121211,1121210,1000000,370,2,0.017412981018424034,OK,True,
qlever,r02_region_variant_shape_counts,w1000000_11,1,121211,1121210,1000000,370,3,0.017401455901563168,OK,True,
qlever,r02_region_variant_shape_counts,w1000000_12,1,77765,1077764,1000000,2041,1,0.03244527569040656,OK,True,
qlever,r02_region_variant_shape_counts,w1000000_12,1,77765,1077764,1000000,2041,2,0.03148372611030936,OK,True,
qlever,r02_region_variant_shape_counts,w1000000_12,1,77765,1077764,1000000,2041,3,0.01843281276524067,OK,True,
qlever,r02_region_variant_shape_counts,w1000000_13,2,118494,1118493,1000000,475,1,0.025011638179421425,OK,True,
qlever,r02_region_variant_shape_counts,w1000000_13,2,118494,1118493,1000000,475,2,0.0248209647834301,OK,True,
qlever,r02_region_variant_shape_counts,w1000000_13,2,118494,1118493,1000000,475,3,0.01929364399984479,OK,True,
qlever,r02_region_variant_shape_counts,w1000000_14,1,92143,1092142,1000000,1488,1,0.029768285807222128,OK,True,
qlever,r02_region_variant_shape_counts,w1000000_14,1,92143,1092142,1000000,1488,2,0.01741329673677683,OK,True,
qlever,r02_region_variant_shape_counts,w1000000_14,1,92143,1092142,1000000,1488,3,0.028837305959314108,OK,True,
qlever,r02_region_variant_shape_counts,w1000000_15,1,125423,1125422,1000000,208,1,0.024256811942905188,OK,True,
qlever,r02_region_variant_shape_counts,w1000000_15,1,125423,1125422,1000000,208,2,0.01840095315128565,OK,True,
qlever,r02_region_variant_shape_counts,w1000000_15,1,125423,1125422,1000000,208,3,0.02310727396979928,OK,True,
qlever,r02_region_variant_shape_counts,w1000000_16,2,99852,1099851,1000000,1192,1,0.027735592797398567,OK,True,
qlever,r02_region_variant_shape_counts,w1000000_16,2,99852,1099851,1000000,1192,2,0.02897465694695711,OK,True,
qlever,r02_region_variant_shape_counts,w1000000_16,2,99852,1099851,1000000,1192,3,0.01925229001790285,OK,True,
qlever,r02_region_variant_shape_counts,w1000000_17,2,49334,1049333,1000000,3135,1,0.0358784650452435,OK,True,
qlever,r02_region_variant_shape_counts,w1000000_17,2,49334,1049333,1000000,3135,2,0.018279810901731253,OK,True,
qlever,r02_region_variant_shape_counts,w1000000_17,2,49334,1049333,1000000,3135,3,0.035721234045922756,OK,True,
qlever,r02_region_variant_shape_counts,w1000000_18,1,74801,1074800,1000000,2155,1,0.03189813299104571,OK,True,
qlever,r02_region_variant_shape_counts,w1000000_18,1,74801,1074800,1000000,2155,2,0.032732896972447634,OK,True,
qlever,r02_region_variant_shape_counts,w1000000_18,1,74801,1074800,1000000,2155,3,0.01820112532004714,OK,True,
qlever,r02_region_variant_shape_counts,w1000000_19,1,121003,1121002,1000000,378,1,0.02261432120576501,OK,True,
qlever,r02_region_variant_shape_counts,w1000000_19,1,121003,1121002,1000000,378,2,0.019342360086739063,OK,True,
qlever,r02_region_variant_shape_counts,w1000000_19,1,121003,1121002,1000000,378,3,0.018596172332763672,OK,True,
qlever,r02_region_variant_shape_counts,w10000000_00,1,105481,10105480,10000000,975,1,0.02726441388949752,OK,True,
qlever,r02_region_variant_shape_counts,w10000000_00,1,105481,10105480,10000000,975,2,0.01795148476958275,OK,True,
qlever,r02_region_variant_shape_counts,w10000000_00,1,105481,10105480,10000000,975,3,0.022227041888982058,OK,True,
qlever,r02_region_variant_shape_counts,w10000000_01,1,37257,10037256,10000000,3599,1,0.0375707633793354,OK,True,
qlever,r02_region_variant_shape_counts,w10000000_01,1,37257,10037256,10000000,3599,2,0.01814326923340559,OK,True,
qlever,r02_region_variant_shape_counts,w10000000_01,1,37257,10037256,10000000,3599,3,0.039019708056002855,OK,True,
qlever,r02_region_variant_shape_counts,w10000000_02,2,92130,10092129,10000000,1489,1,0.03075314499437809,OK,True,
qlever,r02_region_variant_shape_counts,w10000000_02,2,92130,10092129,10000000,1489,2,0.01843624096363783,OK,True,
qlever,r02_region_variant_shape_counts,w10000000_02,2,92130,10092129,10000000,1489,3,0.029022141825407743,OK,True,
qlever,r02_region_variant_shape_counts,w10000000_03,1,25557,10025556,10000000,4049,1,0.040346740279346704,OK,True,
qlever,r02_region_variant_shape_counts,w10000000_03,1,25557,10025556,10000000,4049,2,0.0414666747674346,OK,True,
qlever,r02_region_variant_shape_counts,w10000000_03,1,25557,10025556,10000000,4049,3,0.018785063177347183,OK,True,
qlever,r02_region_variant_shape_counts,w10000000_04,2,46604,10046603,10000000,3240,1,0.03586323978379369,OK,True,
qlever,r02_region_variant_shape_counts,w10000000_04,2,46604,10046603,10000000,3240,2,0.019073606003075838,OK,True,
qlever,r02_region_variant_shape_counts,w10000000_04,2,46604,10046603,10000000,3240,3,0.018154168035835028,OK,True,
qlever,r02_region_variant_shape_counts,w10000000_05,1,49477,10049476,10000000,3129,1,0.03671691194176674,OK,True,
qlever,r02_region_variant_shape_counts,w10000000_05,1,49477,10049476,10000000,3129,2,0.035475920885801315,OK,True,
qlever,r02_region_variant_shape_counts,w10000000_05,1,49477,10049476,10000000,3129,3,0.018793296068906784,OK,True,
qlever,r02_region_variant_shape_counts,w10000000_06,1,6499,10006498,10000000,4782,1,0.04312682477757335,OK,True,
qlever,r02_region_variant_shape_counts,w10000000_06,1,6499,10006498,10000000,4782,2,0.04428680194541812,OK,True,
qlever,r02_region_variant_shape_counts,w10000000_06,1,6499,10006498,10000000,4782,3,0.018084997311234474,OK,True,
qlever,r02_region_variant_shape_counts,w10000000_07,2,47280,10047279,10000000,3214,1,0.036982364021241665,OK,True,
qlever,r02_region_variant_shape_counts,w10000000_07,2,47280,10047279,10000000,3214,2,0.040021121967583895,OK,True,
qlever,r02_region_variant_shape_counts,w10000000_07,2,47280,10047279,10000000,3214,3,0.01877586217597127,OK,True,
qlever,r02_region_variant_shape_counts,w10000000_08,2,88724,10088723,10000000,1620,1,0.035005493089556694,OK,True,
qlever,r02_region_variant_shape_counts,w10000000_08,2,88724,10088723,10000000,1620,2,0.01962463604286313,OK,True,
qlever,r02_region_variant_shape_counts,w10000000_08,2,88724,10088723,10000000,1620,3,0.028585542924702168,OK,True,
qlever,r02_region_variant_shape_counts,w10000000_09,2,69692,10069691,10000000,2352,1,0.03210819186642766,OK,True,
qlever,r02_region_variant_shape_counts,w10000000_09,2,69692,10069691,10000000,2352,2,0.019001466687768698,OK,True,
qlever,r02_region_variant_shape_counts,w10000000_09,2,69692,10069691,10000000,2352,3,0.03193801362067461,OK,True,
qlever,r02_region_variant_shape_counts,w10000000_10,1,51271,10051270,10000000,3060,1,0.037302054930478334,OK,True,
qlever,r02_region_variant_shape_counts,w10000000_10,1,51271,10051270,10000000,3060,2,0.0359047781676054,OK,True,
qlever,r02_region_variant_shape_counts,w10000000_10,1,51271,10051270,10000000,3060,3,0.02633723197504878,OK,True,
qlever,r02_region_variant_shape_counts,w10000000_11,1,116349,10116348,10000000,557,1,0.02735140174627304,OK,True,
qlever,r02_region_variant_shape_counts,w10000000_11,1,116349,10116348,10000000,557,2,0.024140315130352974,OK,True,
qlever,r02_region_variant_shape_counts,w10000000_11,1,116349,10116348,10000000,557,3,0.01815282693132758,OK,True,
qlever,r02_region_variant_shape_counts,w10000000_12,1,121471,10121470,10000000,360,1,0.024245184380561113,OK,True,
qlever,r02_region_variant_shape_counts,w10000000_12,1,121471,10121470,10000000,360,2,0.01788795692846179,OK,True,
qlever,r02_region_variant_shape_counts,w10000000_12,1,121471,10121470,10000000,360,3,0.017619464080780745,OK,True,
qlever,r02_region_variant_shape_counts,w10000000_13,2,115582,10115581,10000000,587,1,0.025578306056559086,OK,True,
qlever,r02_region_variant_shape_counts,w10000000_13,2,115582,10115581,10000000,587,2,0.018926663789898157,OK,True,
qlever,r02_region_variant_shape_counts,w10000000_13,2,115582,10115581,10000000,587,3,0.018341708928346634,OK,True,
qlever,r02_region_variant_shape_counts,w10000000_14,2,74138,10074137,10000000,2181,1,0.03370850719511509,OK,True,
qlever,r02_region_variant_shape_counts,w10000000_14,2,74138,10074137,10000000,2181,2,0.018763557076454163,OK,True,
qlever,r02_region_variant_shape_counts,w10000000_14,2,74138,10074137,10000000,2181,3,0.01883504819124937,OK,True,
qlever,r02_region_variant_shape_counts,w10000000_15,1,50231,10050230,10000000,3100,1,0.036492431070655584,OK,True,
qlever,r02_region_variant_shape_counts,w10000000_15,1,50231,10050230,10000000,3100,2,0.018056200817227364,OK,True,
qlever,r02_region_variant_shape_counts,w10000000_15,1,50231,10050230,10000000,3100,3,0.01791395992040634,OK,True,
qlever,r02_region_variant_shape_counts,w10000000_16,1,20669,10020668,10000000,4237,1,0.04626846686005592,OK,True,
qlever,r02_region_variant_shape_counts,w10000000_16,1,20669,10020668,10000000,4237,2,0.04242855403572321,OK,True,
qlever,r02_region_variant_shape_counts,w10000000_16,1,20669,10020668,10000000,4237,3,0.019043162930756807,OK,True,
qlever,r02_region_variant_shape_counts,w10000000_17,1,66273,10066272,10000000,2483,1,0.03412410104647279,OK,True,
qlever,r02_region_variant_shape_counts,w10000000_17,1,66273,10066272,10000000,2483,2,0.03233651025220752,OK,True,
qlever,r02_region_variant_shape_counts,w10000000_17,1,66273,10066272,10000000,2483,3,0.01947259483858943,OK,True,
qlever,r02_region_variant_shape_counts,w10000000_18,1,57745,10057744,10000000,2811,1,0.035094224847853184,OK,True,
qlever,r02_region_variant_shape_counts,w10000000_18,1,57745,10057744,10000000,2811,2,0.018009793013334274,OK,True,
qlever,r02_region_variant_shape_counts,w10000000_18,1,57745,10057744,10000000,2811,3,0.01799241779372096,OK,True,
qlever,r02_region_variant_shape_counts,w10000000_19,1,102907,10102906,10000000,1074,1,0.026777490973472595,OK,True,
qlever,r02_region_variant_shape_counts,w10000000_19,1,102907,10102906,10000000,1074,2,0.018704217858612537,OK,True,
qlever,r02_region_variant_shape_counts,w10000000_19,1,102907,10102906,10000000,1074,3,0.017680366057902575,OK,True,
qlever,r03_region_titv,w1000_00,2,53546,54545,1000,39,1,0.01895069982856512,OK,True,
qlever,r03_region_titv,w1000_00,2,53546,54545,1000,39,2,0.020200232043862343,OK,True,
qlever,r03_region_titv,w1000_00,2,53546,54545,1000,39,3,0.017039866652339697,OK,True,
qlever,r03_region_titv,w1000_01,2,79858,80857,1000,39,1,0.02004850097000599,OK,True,
qlever,r03_region_titv,w1000_01,2,79858,80857,1000,39,2,0.019543985836207867,OK,True,
qlever,r03_region_titv,w1000_01,2,79858,80857,1000,39,3,0.01705225883051753,OK,True,
qlever,r03_region_titv,w1000_02,1,90739,91738,1000,39,1,0.020405834075063467,OK,True,
qlever,r03_region_titv,w1000_02,1,90739,91738,1000,39,2,0.01652959967032075,OK,True,
qlever,r03_region_titv,w1000_02,1,90739,91738,1000,39,3,0.019809122662991285,OK,True,
qlever,r03_region_titv,w1000_03,2,44394,45393,1000,39,1,0.020062961149960756,OK,True,
qlever,r03_region_titv,w1000_03,2,44394,45393,1000,39,2,0.01658883737400174,OK,True,
qlever,r03_region_titv,w1000_03,2,44394,45393,1000,39,3,0.019535189028829336,OK,True,
qlever,r03_region_titv,w1000_04,1,7981,8980,1000,39,1,0.0195604651235044,OK,True,
qlever,r03_region_titv,w1000_04,1,7981,8980,1000,39,2,0.019642405677586794,OK,True,
qlever,r03_region_titv,w1000_04,1,7981,8980,1000,39,3,0.016568932216614485,OK,True,
qlever,r03_region_titv,w1000_05,1,110863,111862,1000,39,1,0.021356172394007444,OK,True,
qlever,r03_region_titv,w1000_05,1,110863,111862,1000,39,2,0.01668025692924857,OK,True,
qlever,r03_region_titv,w1000_05,1,110863,111862,1000,39,3,0.01601833989843726,OK,True,
qlever,r03_region_titv,w1000_06,1,104311,105310,1000,39,1,0.01924300007522106,OK,True,
qlever,r03_region_titv,w1000_06,1,104311,105310,1000,39,2,0.020076354034245014,OK,True,
qlever,r03_region_titv,w1000_06,1,104311,105310,1000,39,3,0.016925154719501734,OK,True,
qlever,r03_region_titv,w1000_07,1,14091,15090,1000,39,1,0.019894976168870926,OK,True,
qlever,r03_region_titv,w1000_07,1,14091,15090,1000,39,2,0.020157522056251764,OK,True,
qlever,r03_region_titv,w1000_07,1,14091,15090,1000,39,3,0.016991418320685625,OK,True,
qlever,r03_region_titv,w1000_08,2,48996,49995,1000,39,1,0.019539956003427505,OK,True,
qlever,r03_region_titv,w1000_08,2,48996,49995,1000,39,2,0.019538185093551874,OK,True,
qlever,r03_region_titv,w1000_08,2,48996,49995,1000,39,3,0.016527697909623384,OK,True,
qlever,r03_region_titv,w1000_09,1,120145,121144,1000,39,1,0.01969176298007369,OK,True,
qlever,r03_region_titv,w1000_09,1,120145,121144,1000,39,2,0.016359716188162565,OK,True,
qlever,r03_region_titv,w1000_09,1,120145,121144,1000,39,3,0.016122010070830584,OK,True,
qlever,r03_region_titv,w1000_10,2,73436,74435,1000,39,1,0.01989088114351034,OK,True,
qlever,r03_region_titv,w1000_10,2,73436,74435,1000,39,2,0.017062473110854626,OK,True,
qlever,r03_region_titv,w1000_10,2,73436,74435,1000,39,3,0.019909482914954424,OK,True,
qlever,r03_region_titv,w1000_11,1,41547,42546,1000,39,1,0.019848556723445654,OK,True,
qlever,r03_region_titv,w1000_11,1,41547,42546,1000,39,2,0.0169891151599586,OK,True,
qlever,r03_region_titv,w1000_11,1,41547,42546,1000,39,3,0.01953416783362627,OK,True,
qlever,r03_region_titv,w1000_12,2,112670,113669,1000,39,1,0.01882210001349449,OK,True,
qlever,r03_region_titv,w1000_12,2,112670,113669,1000,39,2,0.016179575584828854,OK,True,
qlever,r03_region_titv,w1000_12,2,112670,113669,1000,39,3,0.01621468923985958,OK,True,
qlever,r03_region_titv,w1000_13,2,121328,122327,1000,39,1,0.018516405951231718,OK,True,
qlever,r03_region_titv,w1000_13,2,121328,122327,1000,39,2,0.01913437293842435,OK,True,
qlever,r03_region_titv,w1000_13,2,121328,122327,1000,39,3,0.016506897751241922,OK,True,
qlever,r03_region_titv,w1000_14,2,128114,129113,1000,39,1,0.019623673986643553,OK,True,
qlever,r03_region_titv,w1000_14,2,128114,129113,1000,39,2,0.016696100123226643,OK,True,
qlever,r03_region_titv,w1000_14,2,128114,129113,1000,39,3,0.016472685616463423,OK,True,
qlever,r03_region_titv,w1000_15,1,56237,57236,1000,39,1,0.01968442788347602,OK,True,
qlever,r03_region_titv,w1000_15,1,56237,57236,1000,39,2,0.019286819733679295,OK,True,
qlever,r03_region_titv,w1000_15,1,56237,57236,1000,39,3,0.016287453006953,OK,True,
qlever,r03_region_titv,w1000_16,1,65883,66882,1000,39,1,0.01988037209957838,OK,True,
qlever,r03_region_titv,w1000_16,1,65883,66882,1000,39,2,0.019120357930660248,OK,True,
qlever,r03_region_titv,w1000_16,1,65883,66882,1000,39,3,0.015948862303048372,OK,True,
qlever,r03_region_titv,w1000_17,2,13298,14297,1000,39,1,0.0194033021107316,OK,True,
qlever,r03_region_titv,w1000_17,2,13298,14297,1000,39,2,0.01959584839642048,OK,True,
qlever,r03_region_titv,w1000_17,2,13298,14297,1000,39,3,0.01658357074484229,OK,True,
qlever,r03_region_titv,w1000_18,2,32252,33251,1000,39,1,0.01914025889709592,OK,True,
qlever,r03_region_titv,w1000_18,2,32252,33251,1000,39,2,0.016483194194734097,OK,True,
qlever,r03_region_titv,w1000_18,2,32252,33251,1000,39,3,0.015811757184565067,OK,True,
qlever,r03_region_titv,w1000_19,1,96953,97952,1000,39,1,0.019399072974920273,OK,True,
qlever,r03_region_titv,w1000_19,1,96953,97952,1000,39,2,0.019789704121649265,OK,True,
qlever,r03_region_titv,w1000_19,1,96953,97952,1000,39,3,0.01649045618250966,OK,True,
qlever,r03_region_titv,w100000_00,2,120002,220001,100000,417,1,0.020713338628411293,OK,True,
qlever,r03_region_titv,w100000_00,2,120002,220001,100000,417,2,0.015752985142171383,OK,True,
qlever,r03_region_titv,w100000_00,2,120002,220001,100000,417,3,0.020484270062297583,OK,True,
qlever,r03_region_titv,w100000_01,1,88763,188762,100000,1618,1,0.02478316891938448,OK,True,
qlever,r03_region_titv,w100000_01,1,88763,188762,100000,1618,2,0.02501653879880905,OK,True,
qlever,r03_region_titv,w100000_01,1,88763,188762,100000,1618,3,0.017779747024178505,OK,True,
qlever,r03_region_titv,w100000_02,1,52857,152856,100000,2999,1,0.031819301191717386,OK,True,
qlever,r03_region_titv,w100000_02,1,52857,152856,100000,2999,2,0.03071994800120592,OK,True,
qlever,r03_region_titv,w100000_02,1,52857,152856,100000,2999,3,0.01650053123012185,OK,True,
qlever,r03_region_titv,w100000_03,2,52324,152323,100000,3020,1,0.030829385854303837,OK,True,
qlever,r03_region_titv,w100000_03,2,52324,152323,100000,3020,2,0.016832829918712378,OK,True,
qlever,r03_region_titv,w100000_03,2,52324,152323,100000,3020,3,0.030475153122097254,OK,True,
qlever,r03_region_titv,w100000_04,2,34592,134591,100000,3702,1,0.03400989295914769,OK,True,
qlever,r03_region_titv,w100000_04,2,34592,134591,100000,3702,2,0.03270197473466396,OK,True,
qlever,r03_region_titv,w100000_04,2,34592,134591,100000,3702,3,0.01666782656684518,OK,True,
qlever,r03_region_titv,w100000_05,1,53975,153974,100000,2956,1,0.0318809081800282,OK,True,
qlever,r03_region_titv,w100000_05,1,53975,153974,100000,2956,2,0.016281085088849068,OK,True,
qlever,r03_region_titv,w100000_05,1,53975,153974,100000,2956,3,0.029911640100181103,OK,True,
qlever,r03_region_titv,w100000_06,1,116323,216322,100000,558,1,0.021097742952406406,OK,True,
qlever,r03_region_titv,w100000_06,1,116323,216322,100000,558,2,0.022602236829698086,OK,True,
qlever,r03_region_titv,w100000_06,1,116323,216322,100000,558,3,0.01626269705593586,OK,True,
qlever,r03_region_titv,w100000_07,2,54378,154377,100000,2941,1,0.029986772686243057,OK,True,
qlever,r03_region_titv,w100000_07,2,54378,154377,100000,2941,2,0.03064797166734934,OK,True,
qlever,r03_region_titv,w100000_07,2,54378,154377,100000,2941,3,0.017025725916028023,OK,True,
qlever,r03_region_titv,w100000_08,2,7188,107187,100000,3847,1,0.03433297295123339,OK,True,
qlever,r03_region_titv,w100000_08,2,7188,107187,100000,3847,2,0.03453604504466057,OK,True,
qlever,r03_region_titv,w100000_08,2,7188,107187,100000,3847,3,0.01639945525676012,OK,True,
qlever,r03_region_titv,w100000_09,2,111448,211447,100000,746,1,0.021843984257429838,OK,True,
qlever,r03_region_titv,w100000_09,2,111448,211447,100000,746,2,0.022657764609903097,OK,True,
qlever,r03_region_titv,w100000_09,2,111448,211447,100000,746,3,0.016534792259335518,OK,True,
qlever,r03_region_titv,w100000_10,2,122134,222133,100000,335,1,0.020487196277827024,OK,True,
qlever,r03_region_titv,w100000_10,2,122134,222133,100000,335,2,0.01653167000040412,OK,True,
qlever,r03_region_titv,w100000_10,2,122134,222133,100000,335,3,0.016002068296074867,OK,True,
qlever,r03_region_titv,w100000_11,1,4159,104158,100000,3847,1,0.03366667591035366,OK,True,
qlever,r03_region_titv,w100000_11,1,4159,104158,100000,3847,2,0.01673951791599393,OK,True,
qlever,r03_region_titv,w100000_11,1,4159,104158,100000,3847,3,0.016685121692717075,OK,True,
qlever,r03_region_titv,w100000_12,2,13740,113739,100000,3847,1,0.03489347733557224,OK,True,
qlever,r03_region_titv,w100000_12,2,13740,113739,100000,3847,2,0.034091453067958355,OK,True,
qlever,r03_region_titv,w100000_12,2,13740,113739,100000,3847,3,0.01686588767915964,OK,True,
qlever,r03_region_titv,w100000_13,2,91324,191323,100000,1520,1,0.02496280986815691,OK,True,
qlever,r03_region_titv,w100000_13,2,91324,191323,100000,1520,2,0.016819928772747517,OK,True,
qlever,r03_region_titv,w100000_13,2,91324,191323,100000,1520,3,0.02576183620840311,OK,True,
qlever,r03_region_titv,w100000_14,2,21254,121253,100000,3847,1,0.03446618793532252,OK,True,
qlever,r03_region_titv,w100000_14,2,21254,121253,100000,3847,2,0.0394300720654428,OK,True,
qlever,r03_region_titv,w100000_14,2,21254,121253,100000,3847,3,0.01742685679346323,OK,True,
qlever,r03_region_titv,w100000_15,1,111279,211278,100000,752,1,0.023670246358960867,OK,True,
qlever,r03_region_titv,w100000_15,1,111279,211278,100000,752,2,0.023055790923535824,OK,True,
qlever,r03_region_titv,w100000_15,1,111279,211278,100000,752,3,0.0165103767067194,OK,True,
qlever,r03_region_titv,w100000_16,1,113957,213956,100000,649,1,0.027815737761557102,OK,True,
qlever,r03_region_titv,w100000_16,1,113957,213956,100000,649,2,0.01708806585520506,OK,True,
qlever,r03_region_titv,w100000_16,1,113957,213956,100000,649,3,0.021729223895817995,OK,True,
qlever,r03_region_titv,w100000_17,1,26389,126388,100000,3847,1,0.038580422289669514,OK,True,
qlever,r03_region_titv,w100000_17,1,26389,126388,100000,3847,2,0.016994963865727186,OK,True,
qlever,r03_region_titv,w100000_17,1,26389,126388,100000,3847,3,0.035389797762036324,OK,True,
qlever,r03_region_titv,w100000_18,2,62074,162073,100000,2645,1,0.02989840181544423,OK,True,
qlever,r03_region_titv,w100000_18,2,62074,162073,100000,2645,2,0.03003177186474204,OK,True,
qlever,r03_region_titv,w100000_18,2,62074,162073,100000,2645,3,0.01636387500911951,OK,True,
qlever,r03_region_titv,w100000_19,1,99683,199682,100000,1198,1,0.023836757987737656,OK,True,
qlever,r03_region_titv,w100000_19,1,99683,199682,100000,1198,2,0.016662910114973783,OK,True,
qlever,r03_region_titv,w100000_19,1,99683,199682,100000,1198,3,0.02293655090034008,OK,True,
qlever,r03_region_titv,w1000000_00,2,77700,1077699,1000000,2044,1,0.028340783901512623,OK,True,
qlever,r03_region_titv,w1000000_00,2,77700,1077699,1000000,2044,2,0.028866513166576624,OK,True,
qlever,r03_region_titv,w1000000_00,2,77700,1077699,1000000,2044,3,0.01826775213703513,OK,True,
qlever,r03_region_titv,w1000000_01,2,14260,1014259,1000000,4484,1,0.03665870474651456,OK,True,
qlever,r03_region_titv,w1000000_01,2,14260,1014259,1000000,4484,2,0.03725225431844592,OK,True,
qlever,r03_region_titv,w1000000_01,2,14260,1014259,1000000,4484,3,0.017093108966946602,OK,True,
qlever,r03_region_titv,w1000000_02,2,39428,1039427,1000000,3516,1,0.032531952019780874,OK,True,
qlever,r03_region_titv,w1000000_02,2,39428,1039427,1000000,3516,2,0.01646123779937625,OK,True,
qlever,r03_region_titv,w1000000_02,2,39428,1039427,1000000,3516,3,0.019566943868994713,OK,True,
qlever,r03_region_titv,w1000000_03,2,121614,1121613,1000000,355,1,0.02231668494641781,OK,True,
qlever,r03_region_titv,w1000000_03,2,121614,1121613,1000000,355,2,0.02172910002991557,OK,True,
qlever,r03_region_titv,w1000000_03,2,121614,1121613,1000000,355,3,0.017028118949383497,OK,True,
qlever,r03_region_titv,w1000000_04,2,45980,1045979,1000000,3264,1,0.0328806908801198,OK,True,
qlever,r03_region_titv,w1000000_04,2,45980,1045979,1000000,3264,2,0.032242005690932274,OK,True,
qlever,r03_region_titv,w1000000_04,2,45980,1045979,1000000,3264,3,0.01790570095181465,OK,True,
qlever,r03_region_titv,w1000000_05,2,74320,1074319,1000000,2174,1,0.03067649994045496,OK,True,
qlever,r03_region_titv,w1000000_05,2,74320,1074319,1000000,2174,2,0.028540107887238264,OK,True,
qlever,r03_region_titv,w1000000_05,2,74320,1074319,1000000,2174,3,0.01752076903358102,OK,True,
qlever,r03_region_titv,w1000000_06,1,75477,1075476,1000000,2129,1,0.027623969595879316,OK,True,
qlever,r03_region_titv,w1000000_06,1,75477,1075476,1000000,2129,2,0.027914867270737886,OK,True,
qlever,r03_region_titv,w1000000_06,1,75477,1075476,1000000,2129,3,0.016641272231936455,OK,True,
qlever,r03_region_titv,w1000000_07,1,15729,1015728,1000000,4427,1,0.03565545054152608,OK,True,
qlever,r03_region_titv,w1000000_07,1,15729,1015728,1000000,4427,2,0.03687091125175357,OK,True,
qlever,r03_region_titv,w1000000_07,1,15729,1015728,1000000,4427,3,0.017718533985316753,OK,True,
qlever,r03_region_titv,w1000000_08,2,74268,1074267,1000000,2176,1,0.027681651059538126,OK,True,
qlever,r03_region_titv,w1000000_08,2,74268,1074267,1000000,2176,2,0.027343657333403826,OK,True,
qlever,r03_region_titv,w1000000_08,2,74268,1074267,1000000,2176,3,0.016855468973517418,OK,True,
qlever,r03_region_titv,w1000000_09,1,33643,1033642,1000000,3738,1,0.03317490592598915,OK,True,
qlever,r03_region_titv,w1000000_09,1,33643,1033642,1000000,3738,2,0.016733095981180668,OK,True,
qlever,r03_region_titv,w1000000_09,1,33643,1033642,1000000,3738,3,0.034885365050286055,OK,True,
qlever,r03_region_titv,w1000000_10,1,92507,1092506,1000000,1474,1,0.02464039996266365,OK,True,
qlever,r03_region_titv,w1000000_10,1,92507,1092506,1000000,1474,2,0.02413676306605339,OK,True,
qlever,r03_region_titv,w1000000_10,1,92507,1092506,1000000,1474,3,0.016315952874720097,OK,True,
qlever,r03_region_titv,w1000000_11,1,121211,1121210,1000000,370,1,0.02087306696921587,OK,True,
qlever,r03_region_titv,w1000000_11,1,121211,1121210,1000000,370,2,0.01593336882069707,OK,True,
qlever,r03_region_titv,w1000000_11,1,121211,1121210,1000000,370,3,0.016066054813563824,OK,True,
qlever,r03_region_titv,w1000000_12,1,77765,1077764,1000000,2041,1,0.02737678401172161,OK,True,
qlever,r03_region_titv,w1000000_12,1,77765,1077764,1000000,2041,2,0.015932833775877953,OK,True,
qlever,r03_region_titv,w1000000_12,1,77765,1077764,1000000,2041,3,0.02698284015059471,OK,True,
qlever,r03_region_titv,w1000000_13,2,118494,1118493,1000000,475,1,0.02139311796054244,OK,True,
qlever,r03_region_titv,w1000000_13,2,118494,1118493,1000000,475,2,0.016875460278242826,OK,True,
qlever,r03_region_titv,w1000000_13,2,118494,1118493,1000000,475,3,0.017041798681020737,OK,True,
qlever,r03_region_titv,w1000000_14,1,92143,1092142,1000000,1488,1,0.024698069784790277,OK,True,
qlever,r03_region_titv,w1000000_14,1,92143,1092142,1000000,1488,2,0.016598989721387625,OK,True,
qlever,r03_region_titv,w1000000_14,1,92143,1092142,1000000,1488,3,0.024565016385167837,OK,True,
qlever,r03_region_titv,w1000000_15,1,125423,1125422,1000000,208,1,0.02097993716597557,OK,True,
qlever,r03_region_titv,w1000000_15,1,125423,1125422,1000000,208,2,0.01622079499065876,OK,True,
qlever,r03_region_titv,w1000000_15,1,125423,1125422,1000000,208,3,0.01927957683801651,OK,True,
qlever,r03_region_titv,w1000000_16,2,99852,1099851,1000000,1192,1,0.022935272194445133,OK,True,
qlever,r03_region_titv,w1000000_16,2,99852,1099851,1000000,1192,2,0.01610930310562253,OK,True,
qlever,r03_region_titv,w1000000_16,2,99852,1099851,1000000,1192,3,0.016394144855439663,OK,True,
qlever,r03_region_titv,w1000000_17,2,49334,1049333,1000000,3135,1,0.02053478080779314,OK,True,
qlever,r03_region_titv,w1000000_17,2,49334,1049333,1000000,3135,2,0.01625087996944785,OK,True,
qlever,r03_region_titv,w1000000_17,2,49334,1049333,1000000,3135,3,0.020020534750074148,OK,True,
qlever,r03_region_titv,w1000000_18,1,74801,1074800,1000000,2155,1,0.019444992300122976,OK,True,
qlever,r03_region_titv,w1000000_18,1,74801,1074800,1000000,2155,2,0.01924565201625228,OK,True,
qlever,r03_region_titv,w1000000_18,1,74801,1074800,1000000,2155,3,0.016390668228268623,OK,True,
qlever,r03_region_titv,w1000000_19,1,121003,1121002,1000000,378,1,0.017664785962551832,OK,True,
qlever,r03_region_titv,w1000000_19,1,121003,1121002,1000000,378,2,0.02143687615171075,OK,True,
qlever,r03_region_titv,w1000000_19,1,121003,1121002,1000000,378,3,0.01640515960752964,OK,True,
qlever,r03_region_titv,w10000000_00,1,105481,10105480,10000000,975,1,0.019512804225087166,OK,True,
qlever,r03_region_titv,w10000000_00,1,105481,10105480,10000000,975,2,0.016566638834774494,OK,True,
qlever,r03_region_titv,w10000000_00,1,105481,10105480,10000000,975,3,0.022505751345306635,OK,True,
qlever,r03_region_titv,w10000000_01,1,37257,10037256,10000000,3599,1,0.020586519967764616,OK,True,
qlever,r03_region_titv,w10000000_01,1,37257,10037256,10000000,3599,2,0.016793546732515097,OK,True,
qlever,r03_region_titv,w10000000_01,1,37257,10037256,10000000,3599,3,0.016197048127651215,OK,True,
qlever,r03_region_titv,w10000000_02,2,92130,10092129,10000000,1489,1,0.018331918865442276,OK,True,
qlever,r03_region_titv,w10000000_02,2,92130,10092129,10000000,1489,2,0.01858495594933629,OK,True,
qlever,r03_region_titv,w10000000_02,2,92130,10092129,10000000,1489,3,0.016125404741615057,OK,True,
qlever,r03_region_titv,w10000000_03,1,25557,10025556,10000000,4049,1,0.020977353677153587,OK,True,
qlever,r03_region_titv,w10000000_03,1,25557,10025556,10000000,4049,2,0.015708789229393005,OK,True,
qlever,r03_region_titv,w10000000_03,1,25557,10025556,10000000,4049,3,0.015637224074453115,OK,True,
qlever,r03_region_titv,w10000000_04,2,46604,10046603,10000000,3240,1,0.019894256722182035,OK,True,
qlever,r03_region_titv,w10000000_04,2,46604,10046603,10000000,3240,2,0.03175144596025348,OK,True,
qlever,r03_region_titv,w10000000_04,2,46604,10046603,10000000,3240,3,0.01707441918551922,OK,True,
qlever,r03_region_titv,w10000000_05,1,49477,10049476,10000000,3129,1,0.02068887185305357,OK,True,
qlever,r03_region_titv,w10000000_05,1,49477,10049476,10000000,3129,2,0.02050574403256178,OK,True,
qlever,r03_region_titv,w10000000_05,1,49477,10049476,10000000,3129,3,0.016364427283406258,OK,True,
qlever,r03_region_titv,w10000000_06,1,6499,10006498,10000000,4782,1,0.021286911331117153,OK,True,
qlever,r03_region_titv,w10000000_06,1,6499,10006498,10000000,4782,2,0.01711194310337305,OK,True,
qlever,r03_region_titv,w10000000_06,1,6499,10006498,10000000,4782,3,0.021611723117530346,OK,True,
qlever,r03_region_titv,w10000000_07,2,47280,10047279,10000000,3214,1,0.0206524059176445,OK,True,
qlever,r03_region_titv,w10000000_07,2,47280,10047279,10000000,3214,2,0.016025707125663757,OK,True,
qlever,r03_region_titv,w10000000_07,2,47280,10047279,10000000,3214,3,0.016421047039330006,OK,True,
qlever,r03_region_titv,w10000000_08,2,88724,10088723,10000000,1620,1,0.01831278530880809,OK,True,
qlever,r03_region_titv,w10000000_08,2,88724,10088723,10000000,1620,2,0.01601180201396346,OK,True,
qlever,r03_region_titv,w10000000_08,2,88724,10088723,10000000,1620,3,0.018661004956811666,OK,True,
qlever,r03_region_titv,w10000000_09,2,69692,10069691,10000000,2352,1,0.019327674061059952,OK,True,
qlever,r03_region_titv,w10000000_09,2,69692,10069691,10000000,2352,2,0.02042052522301674,OK,True,
qlever,r03_region_titv,w10000000_09,2,69692,10069691,10000000,2352,3,0.016320199705660343,OK,True,
qlever,r03_region_titv,w10000000_10,1,51271,10051270,10000000,3060,1,0.020253282971680164,OK,True,
qlever,r03_region_titv,w10000000_10,1,51271,10051270,10000000,3060,2,0.020001536700874567,OK,True,
qlever,r03_region_titv,w10000000_10,1,51271,10051270,10000000,3060,3,0.01643926091492176,OK,True,
qlever,r03_region_titv,w10000000_11,1,116349,10116348,10000000,557,1,0.01831210870295763,OK,True,
qlever,r03_region_titv,w10000000_11,1,116349,10116348,10000000,557,2,0.01604789774864912,OK,True,
qlever,r03_region_titv,w10000000_11,1,116349,10116348,10000000,557,3,0.01593041978776455,OK,True,
qlever,r03_region_titv,w10000000_12,1,121471,10121470,10000000,360,1,0.02015570504590869,OK,True,
qlever,r03_region_titv,w10000000_12,1,121471,10121470,10000000,360,2,0.017772127874195576,OK,True,
qlever,r03_region_titv,w10000000_12,1,121471,10121470,10000000,360,3,0.015650011133402586,OK,True,
qlever,r03_region_titv,w10000000_13,2,115582,10115581,10000000,587,1,0.020796350203454494,OK,True,
qlever,r03_region_titv,w10000000_13,2,115582,10115581,10000000,587,2,0.016487110871821642,OK,True,
qlever,r03_region_titv,w10000000_13,2,115582,10115581,10000000,587,3,0.017439728137105703,OK,True,
qlever,r03_region_titv,w10000000_14,2,74138,10074137,10000000,2181,1,0.02669373806566,OK,True,
qlever,r03_region_titv,w10000000_14,2,74138,10074137,10000000,2181,2,0.016581187024712563,OK,True,
qlever,r03_region_titv,w10000000_14,2,74138,10074137,10000000,2181,3,0.019647215958684683,OK,True,
qlever,r03_region_titv,w10000000_15,1,50231,10050230,10000000,3100,1,0.030218194238841534,OK,True,
qlever,r03_region_titv,w10000000_15,1,50231,10050230,10000000,3100,2,0.0210799528285861,OK,True,
qlever,r03_region_titv,w10000000_15,1,50231,10050230,10000000,3100,3,0.01637082500383258,OK,True,
qlever,r03_region_titv,w10000000_16,1,20669,10020668,10000000,4237,1,0.02147346781566739,OK,True,
qlever,r03_region_titv,w10000000_16,1,20669,10020668,10000000,4237,2,0.017306637950241566,OK,True,
qlever,r03_region_titv,w10000000_16,1,20669,10020668,10000000,4237,3,0.02166964439675212,OK,True,
qlever,r03_region_titv,w10000000_17,1,66273,10066272,10000000,2483,1,0.020111489109694958,OK,True,
qlever,r03_region_titv,w10000000_17,1,66273,10066272,10000000,2483,2,0.01649973215535283,OK,True,
qlever,r03_region_titv,w10000000_17,1,66273,10066272,10000000,2483,3,0.02382329385727644,OK,True,
qlever,r03_region_titv,w10000000_18,1,57745,10057744,10000000,2811,1,0.01999995158985257,OK,True,
qlever,r03_region_titv,w10000000_18,1,57745,10057744,10000000,2811,2,0.016257683280855417,OK,True,
qlever,r03_region_titv,w10000000_18,1,57745,10057744,10000000,2811,3,0.01625024015083909,OK,True,
qlever,r03_region_titv,w10000000_19,1,102907,10102906,10000000,1074,1,0.022737538907676935,OK,True,
qlever,r03_region_titv,w10000000_19,1,102907,10102906,10000000,1074,2,0.018289787229150534,OK,True,
qlever,r03_region_titv,w10000000_19,1,102907,10102906,10000000,1074,3,0.016511030960828066,OK,True,
qlever,r04_region_filter_distribution,w1000_00,2,53546,54545,1000,39,1,0.02426963998004794,OK,True,
qlever,r04_region_filter_distribution,w1000_00,2,53546,54545,1000,39,2,0.014863243792206049,OK,True,
qlever,r04_region_filter_distribution,w1000_00,2,53546,54545,1000,39,3,0.014193895272910595,OK,True,
qlever,r04_region_filter_distribution,w1000_01,2,79858,80857,1000,39,1,0.018192389979958534,OK,True,
qlever,r04_region_filter_distribution,w1000_01,2,79858,80857,1000,39,2,0.014247260987758636,OK,True,
qlever,r04_region_filter_distribution,w1000_01,2,79858,80857,1000,39,3,0.013965235091745853,OK,True,
qlever,r04_region_filter_distribution,w1000_02,1,90739,91738,1000,39,1,0.020594555884599686,OK,True,
qlever,r04_region_filter_distribution,w1000_02,1,90739,91738,1000,39,2,0.014377932995557785,OK,True,
qlever,r04_region_filter_distribution,w1000_02,1,90739,91738,1000,39,3,0.013967636041343212,OK,True,
qlever,r04_region_filter_distribution,w1000_03,2,44394,45393,1000,39,1,0.017033030278980732,OK,True,
qlever,r04_region_filter_distribution,w1000_03,2,44394,45393,1000,39,2,0.018035165034234524,OK,True,
qlever,r04_region_filter_distribution,w1000_03,2,44394,45393,1000,39,3,0.014711541123688221,OK,True,
qlever,r04_region_filter_distribution,w1000_04,1,7981,8980,1000,39,1,0.018010353669524193,OK,True,
qlever,r04_region_filter_distribution,w1000_04,1,7981,8980,1000,39,2,0.01447594864293933,OK,True,
qlever,r04_region_filter_distribution,w1000_04,1,7981,8980,1000,39,3,0.018957749009132385,OK,True,
qlever,r04_region_filter_distribution,w1000_05,1,110863,111862,1000,39,1,0.01826867274940014,OK,True,
qlever,r04_region_filter_distribution,w1000_05,1,110863,111862,1000,39,2,0.015439392067492008,OK,True,
qlever,r04_region_filter_distribution,w1000_05,1,110863,111862,1000,39,3,0.017717118840664625,OK,True,
qlever,r04_region_filter_distribution,w1000_06,1,104311,105310,1000,39,1,0.019737354014068842,OK,True,
qlever,r04_region_filter_distribution,w1000_06,1,104311,105310,1000,39,2,0.01543914619833231,OK,True,
qlever,r04_region_filter_distribution,w1000_06,1,104311,105310,1000,39,3,0.017596924677491188,OK,True,
qlever,r04_region_filter_distribution,w1000_07,1,14091,15090,1000,39,1,0.01834485912695527,OK,True,
qlever,r04_region_filter_distribution,w1000_07,1,14091,15090,1000,39,2,0.017999182920902967,OK,True,
qlever,r04_region_filter_distribution,w1000_07,1,14091,15090,1000,39,3,0.014591507147997618,OK,True,
qlever,r04_region_filter_distribution,w1000_08,2,48996,49995,1000,39,1,0.01804380491375923,OK,True,
qlever,r04_region_filter_distribution,w1000_08,2,48996,49995,1000,39,2,0.017409649211913347,OK,True,
qlever,r04_region_filter_distribution,w1000_08,2,48996,49995,1000,39,3,0.014493102207779884,OK,True,
qlever,r04_region_filter_distribution,w1000_09,1,120145,121144,1000,39,1,0.018367843702435493,OK,True,
qlever,r04_region_filter_distribution,w1000_09,1,120145,121144,1000,39,2,0.017863715067505836,OK,True,
qlever,r04_region_filter_distribution,w1000_09,1,120145,121144,1000,39,3,0.014412601012736559,OK,True,
qlever,r04_region_filter_distribution,w1000_10,2,73436,74435,1000,39,1,0.017858375795185566,OK,True,
qlever,r04_region_filter_distribution,w1000_10,2,73436,74435,1000,39,2,0.014669277239590883,OK,True,
qlever,r04_region_filter_distribution,w1000_10,2,73436,74435,1000,39,3,0.019937586039304733,OK,True,
qlever,r04_region_filter_distribution,w1000_11,1,41547,42546,1000,39,1,0.017209643963724375,OK,True,
qlever,r04_region_filter_distribution,w1000_11,1,41547,42546,1000,39,2,0.017574321012943983,OK,True,
qlever,r04_region_filter_distribution,w1000_11,1,41547,42546,1000,39,3,0.014170358888804913,OK,True,
qlever,r04_region_filter_distribution,w1000_12,2,112670,113669,1000,39,1,0.01721819583326578,OK,True,
qlever,r04_region_filter_distribution,w1000_12,2,112670,113669,1000,39,2,0.014453617855906487,OK,True,
qlever,r04_region_filter_distribution,w1000_12,2,112670,113669,1000,39,3,0.014096163213253021,OK,True,
qlever,r04_region_filter_distribution,w1000_13,2,121328,122327,1000,39,1,0.01783371390774846,OK,True,
qlever,r04_region_filter_distribution,w1000_13,2,121328,122327,1000,39,2,0.014646370895206928,OK,True,
qlever,r04_region_filter_distribution,w1000_13,2,121328,122327,1000,39,3,0.014341498259454966,OK,True,
qlever,r04_region_filter_distribution,w1000_14,2,128114,129113,1000,39,1,0.019839543849229813,OK,True,
qlever,r04_region_filter_distribution,w1000_14,2,128114,129113,1000,39,2,0.017561614979058504,OK,True,
qlever,r04_region_filter_distribution,w1000_14,2,128114,129113,1000,39,3,0.014471457805484533,OK,True,
qlever,r04_region_filter_distribution,w1000_15,1,56237,57236,1000,39,1,0.017048965208232403,OK,True,
qlever,r04_region_filter_distribution,w1000_15,1,56237,57236,1000,39,2,0.01789021212607622,OK,True,
qlever,r04_region_filter_distribution,w1000_15,1,56237,57236,1000,39,3,0.014660913962870836,OK,True,
qlever,r04_region_filter_distribution,w1000_16,1,65883,66882,1000,39,1,0.01797686517238617,OK,True,
qlever,r04_region_filter_distribution,w1000_16,1,65883,66882,1000,39,2,0.01713241171091795,OK,True,
qlever,r04_region_filter_distribution,w1000_16,1,65883,66882,1000,39,3,0.014241130091249943,OK,True,
qlever,r04_region_filter_distribution,w1000_17,2,13298,14297,1000,39,1,0.018224654253572226,OK,True,
qlever,r04_region_filter_distribution,w1000_17,2,13298,14297,1000,39,2,0.020073371939361095,OK,True,
qlever,r04_region_filter_distribution,w1000_17,2,13298,14297,1000,39,3,0.014311803039163351,OK,True,
qlever,r04_region_filter_distribution,w1000_18,2,32252,33251,1000,39,1,0.01709245005622506,OK,True,
qlever,r04_region_filter_distribution,w1000_18,2,32252,33251,1000,39,2,0.014627314172685146,OK,True,
qlever,r04_region_filter_distribution,w1000_18,2,32252,33251,1000,39,3,0.014219903852790594,OK,True,
qlever,r04_region_filter_distribution,w1000_19,1,96953,97952,1000,39,1,0.019098280929028988,OK,True,
qlever,r04_region_filter_distribution,w1000_19,1,96953,97952,1000,39,2,0.01517062308266759,OK,True,
qlever,r04_region_filter_distribution,w1000_19,1,96953,97952,1000,39,3,0.014405676629394293,OK,True,
qlever,r04_region_filter_distribution,w100000_00,2,120002,220001,100000,417,1,0.018816232681274414,OK,True,
qlever,r04_region_filter_distribution,w100000_00,2,120002,220001,100000,417,2,0.01913266908377409,OK,True,
qlever,r04_region_filter_distribution,w100000_00,2,120002,220001,100000,417,3,0.015165182761847973,OK,True,
qlever,r04_region_filter_distribution,w100000_01,1,88763,188762,100000,1618,1,0.020538252778351307,OK,True,
qlever,r04_region_filter_distribution,w100000_01,1,88763,188762,100000,1618,2,0.02380462782457471,OK,True,
qlever,r04_region_filter_distribution,w100000_01,1,88763,188762,100000,1618,3,0.014603471849113703,OK,True,
qlever,r04_region_filter_distribution,w100000_02,1,52857,152856,100000,2999,1,0.02722714515402913,OK,True,
qlever,r04_region_filter_distribution,w100000_02,1,52857,152856,100000,2999,2,0.024201888125389814,OK,True,
qlever,r04_region_filter_distribution,w100000_02,1,52857,152856,100000,2999,3,0.015286862384527922,OK,True,
qlever,r04_region_filter_distribution,w100000_03,2,52324,152323,100000,3020,1,0.023794093634933233,OK,True,
qlever,r04_region_filter_distribution,w100000_03,2,52324,152323,100000,3020,2,0.014592999126762152,OK,True,
qlever,r04_region_filter_distribution,w100000_03,2,52324,152323,100000,3020,3,0.028427557088434696,OK,True,
qlever,r04_region_filter_distribution,w100000_04,2,34592,134591,100000,3702,1,0.02575245825573802,OK,True,
qlever,r04_region_filter_distribution,w100000_04,2,34592,134591,100000,3702,2,0.025405729189515114,OK,True,
qlever,r04_region_filter_distribution,w100000_04,2,34592,134591,100000,3702,3,0.014914086554199457,OK,True,
qlever,r04_region_filter_distribution,w100000_05,1,53975,153974,100000,2956,1,0.02315933210775256,OK,True,
qlever,r04_region_filter_distribution,w100000_05,1,53975,153974,100000,2956,2,0.026247539091855288,OK,True,
qlever,r04_region_filter_distribution,w100000_05,1,53975,153974,100000,2956,3,0.014609307050704956,OK,True,
qlever,r04_region_filter_distribution,w100000_06,1,116323,216322,100000,558,1,0.01961197331547737,OK,True,
qlever,r04_region_filter_distribution,w100000_06,1,116323,216322,100000,558,2,0.015091974753886461,OK,True,
qlever,r04_region_filter_distribution,w100000_06,1,116323,216322,100000,558,3,0.01862279325723648,OK,True,
qlever,r04_region_filter_distribution,w100000_07,2,54378,154377,100000,2941,1,0.023766493424773216,OK,True,
qlever,r04_region_filter_distribution,w100000_07,2,54378,154377,100000,2941,2,0.014641647692769766,OK,True,
qlever,r04_region_filter_distribution,w100000_07,2,54378,154377,100000,2941,3,0.03310524392873049,OK,True,
qlever,r04_region_filter_distribution,w100000_08,2,7188,107187,100000,3847,1,0.026675306260585785,OK,True,
qlever,r04_region_filter_distribution,w100000_08,2,7188,107187,100000,3847,2,0.01452711597084999,OK,True,
qlever,r04_region_filter_distribution,w100000_08,2,7188,107187,100000,3847,3,0.02446503471583128,OK,True,
qlever,r04_region_filter_distribution,w100000_09,2,111448,211447,100000,746,1,0.019866439048200846,OK,True,
qlever,r04_region_filter_distribution,w100000_09,2,111448,211447,100000,746,2,0.019224368035793304,OK,True,
qlever,r04_region_filter_distribution,w100000_09,2,111448,211447,100000,746,3,0.014318899251520634,OK,True,
qlever,r04_region_filter_distribution,w100000_10,2,122134,222133,100000,335,1,0.017650717869400978,OK,True,
qlever,r04_region_filter_distribution,w100000_10,2,122134,222133,100000,335,2,0.014304987620562315,OK,True,
qlever,r04_region_filter_distribution,w100000_10,2,122134,222133,100000,335,3,0.022452563047409058,OK,True,
qlever,r04_region_filter_distribution,w100000_11,1,4159,104158,100000,3847,1,0.02693950431421399,OK,True,
qlever,r04_region_filter_distribution,w100000_11,1,4159,104158,100000,3847,2,0.014583950862288475,OK,True,
qlever,r04_region_filter_distribution,w100000_11,1,4159,104158,100000,3847,3,0.023981460835784674,OK,True,
qlever,r04_region_filter_distribution,w100000_12,2,13740,113739,100000,3847,1,0.025944258086383343,OK,True,
qlever,r04_region_filter_distribution,w100000_12,2,13740,113739,100000,3847,2,0.01512837503105402,OK,True,
qlever,r04_region_filter_distribution,w100000_12,2,13740,113739,100000,3847,3,0.024248387664556503,OK,True,
qlever,r04_region_filter_distribution,w100000_13,2,91324,191323,100000,1520,1,0.02136187208816409,OK,True,
qlever,r04_region_filter_distribution,w100000_13,2,91324,191323,100000,1520,2,0.022793225944042206,OK,True,
qlever,r04_region_filter_distribution,w100000_13,2,91324,191323,100000,1520,3,0.01472469000145793,OK,True,
qlever,r04_region_filter_distribution,w100000_14,2,21254,121253,100000,3847,1,0.02402106299996376,OK,True,
qlever,r04_region_filter_distribution,w100000_14,2,21254,121253,100000,3847,2,0.017919365782290697,OK,True,
qlever,r04_region_filter_distribution,w100000_14,2,21254,121253,100000,3847,3,0.025762966834008694,OK,True,
qlever,r04_region_filter_distribution,w100000_15,1,111279,211278,100000,752,1,0.019802956376224756,OK,True,
qlever,r04_region_filter_distribution,w100000_15,1,111279,211278,100000,752,2,0.020821266807615757,OK,True,
qlever,r04_region_filter_distribution,w100000_15,1,111279,211278,100000,752,3,0.014950678683817387,OK,True,
qlever,r04_region_filter_distribution,w100000_16,1,113957,213956,100000,649,1,0.020395551342517138,OK,True,
qlever,r04_region_filter_distribution,w100000_16,1,113957,213956,100000,649,2,0.023136441130191088,OK,True,
qlever,r04_region_filter_distribution,w100000_16,1,113957,213956,100000,649,3,0.015812870115041733,OK,True,
qlever,r04_region_filter_distribution,w100000_17,1,26389,126388,100000,3847,1,0.025313904974609613,OK,True,
qlever,r04_region_filter_distribution,w100000_17,1,26389,126388,100000,3847,2,0.026287577114999294,OK,True,
qlever,r04_region_filter_distribution,w100000_17,1,26389,126388,100000,3847,3,0.015748661011457443,OK,True,
qlever,r04_region_filter_distribution,w100000_18,2,62074,162073,100000,2645,1,0.024208551738411188,OK,True,
qlever,r04_region_filter_distribution,w100000_18,2,62074,162073,100000,2645,2,0.01549196895211935,OK,True,
qlever,r04_region_filter_distribution,w100000_18,2,62074,162073,100000,2645,3,0.022506187204271555,OK,True,
qlever,r04_region_filter_distribution,w100000_19,1,99683,199682,100000,1198,1,0.020236487966030836,OK,True,
qlever,r04_region_filter_distribution,w100000_19,1,99683,199682,100000,1198,2,0.021452169865369797,OK,True,
qlever,r04_region_filter_distribution,w100000_19,1,99683,199682,100000,1198,3,0.01444106362760067,OK,True,
qlever,r04_region_filter_distribution,w1000000_00,2,77700,1077699,1000000,2044,1,0.021790341939777136,OK,True,
qlever,r04_region_filter_distribution,w1000000_00,2,77700,1077699,1000000,2044,2,0.015549251809716225,OK,True,
qlever,r04_region_filter_distribution,w1000000_00,2,77700,1077699,1000000,2044,3,0.023136823903769255,OK,True,
qlever,r04_region_filter_distribution,w1000000_01,2,14260,1014259,1000000,4484,1,0.028183525893837214,OK,True,
qlever,r04_region_filter_distribution,w1000000_01,2,14260,1014259,1000000,4484,2,0.016610119957476854,OK,True,
qlever,r04_region_filter_distribution,w1000000_01,2,14260,1014259,1000000,4484,3,0.01575608365237713,OK,True,
qlever,r04_region_filter_distribution,w1000000_02,2,39428,1039427,1000000,3516,1,0.024944680742919445,OK,True,
qlever,r04_region_filter_distribution,w1000000_02,2,39428,1039427,1000000,3516,2,0.02737002493813634,OK,True,
qlever,r04_region_filter_distribution,w1000000_02,2,39428,1039427,1000000,3516,3,0.016069667879492044,OK,True,
qlever,r04_region_filter_distribution,w1000000_03,2,121614,1121613,1000000,355,1,0.020750620868057013,OK,True,
qlever,r04_region_filter_distribution,w1000000_03,2,121614,1121613,1000000,355,2,0.026282723993062973,OK,True,
qlever,r04_region_filter_distribution,w1000000_03,2,121614,1121613,1000000,355,3,0.015350009314715862,OK,True,
qlever,r04_region_filter_distribution,w1000000_04,2,45980,1045979,1000000,3264,1,0.02551037073135376,OK,True,
qlever,r04_region_filter_distribution,w1000000_04,2,45980,1045979,1000000,3264,2,0.02580450102686882,OK,True,
qlever,r04_region_filter_distribution,w1000000_04,2,45980,1045979,1000000,3264,3,0.01631727209314704,OK,True,
qlever,r04_region_filter_distribution,w1000000_05,2,74320,1074319,1000000,2174,1,0.023654780816286802,OK,True,
qlever,r04_region_filter_distribution,w1000000_05,2,74320,1074319,1000000,2174,2,0.015418946277350187,OK,True,
qlever,r04_region_filter_distribution,w1000000_05,2,74320,1074319,1000000,2174,3,0.021769918967038393,OK,True,
qlever,r04_region_filter_distribution,w1000000_06,1,75477,1075476,1000000,2129,1,0.023723102174699306,OK,True,
qlever,r04_region_filter_distribution,w1000000_06,1,75477,1075476,1000000,2129,2,0.0219842791557312,OK,True,
qlever,r04_region_filter_distribution,w1000000_06,1,75477,1075476,1000000,2129,3,0.01516854902729392,OK,True,
qlever,r04_region_filter_distribution,w1000000_07,1,15729,1015728,1000000,4427,1,0.02783768903464079,OK,True,
qlever,r04_region_filter_distribution,w1000000_07,1,15729,1015728,1000000,4427,2,0.027374645695090294,OK,True,
qlever,r04_region_filter_distribution,w1000000_07,1,15729,1015728,1000000,4427,3,0.016427732072770596,OK,True,
qlever,r04_region_filter_distribution,w1000000_08,2,74268,1074267,1000000,2176,1,0.02255387231707573,OK,True,
qlever,r04_region_filter_distribution,w1000000_08,2,74268,1074267,1000000,2176,2,0.014773436821997166,OK,True,
qlever,r04_region_filter_distribution,w1000000_08,2,74268,1074267,1000000,2176,3,0.015091073233634233,OK,True,
qlever,r04_region_filter_distribution,w1000000_09,1,33643,1033642,1000000,3738,1,0.026262213941663504,OK,True,
qlever,r04_region_filter_distribution,w1000000_09,1,33643,1033642,1000000,3738,2,0.01489875977858901,OK,True,
qlever,r04_region_filter_distribution,w1000000_09,1,33643,1033642,1000000,3738,3,0.0244882688857615,OK,True,
qlever,r04_region_filter_distribution,w1000000_10,1,92507,1092506,1000000,1474,1,0.020212069153785706,OK,True,
qlever,r04_region_filter_distribution,w1000000_10,1,92507,1092506,1000000,1474,2,0.014801023062318563,OK,True,
qlever,r04_region_filter_distribution,w1000000_10,1,92507,1092506,1000000,1474,3,0.014946372248232365,OK,True,
qlever,r04_region_filter_distribution,w1000000_11,1,121211,1121210,1000000,370,1,0.018031340092420578,OK,True,
qlever,r04_region_filter_distribution,w1000000_11,1,121211,1121210,1000000,370,2,0.01945870090276003,OK,True,
qlever,r04_region_filter_distribution,w1000000_11,1,121211,1121210,1000000,370,3,0.01670236187055707,OK,True,
qlever,r04_region_filter_distribution,w1000000_12,1,77765,1077764,1000000,2041,1,0.02282770909368992,OK,True,
qlever,r04_region_filter_distribution,w1000000_12,1,77765,1077764,1000000,2041,2,0.02082410827279091,OK,True,
qlever,r04_region_filter_distribution,w1000000_12,1,77765,1077764,1000000,2041,3,0.014723150059580803,OK,True,
qlever,r04_region_filter_distribution,w1000000_13,2,118494,1118493,1000000,475,1,0.018670782912522554,OK,True,
qlever,r04_region_filter_distribution,w1000000_13,2,118494,1118493,1000000,475,2,0.01829220913350582,OK,True,
qlever,r04_region_filter_distribution,w1000000_13,2,118494,1118493,1000000,475,3,0.01431961776688695,OK,True,
qlever,r04_region_filter_distribution,w1000000_14,1,92143,1092142,1000000,1488,1,0.022002819925546646,OK,True,
qlever,r04_region_filter_distribution,w1000000_14,1,92143,1092142,1000000,1488,2,0.02074998104944825,OK,True,
qlever,r04_region_filter_distribution,w1000000_14,1,92143,1092142,1000000,1488,3,0.014976763632148504,OK,True,
qlever,r04_region_filter_distribution,w1000000_15,1,125423,1125422,1000000,208,1,0.018089198041707277,OK,True,
qlever,r04_region_filter_distribution,w1000000_15,1,125423,1125422,1000000,208,2,0.0188616793602705,OK,True,
qlever,r04_region_filter_distribution,w1000000_15,1,125423,1125422,1000000,208,3,0.014570539817214012,OK,True,
qlever,r04_region_filter_distribution,w1000000_16,2,99852,1099851,1000000,1192,1,0.020011053886264563,OK,True,
qlever,r04_region_filter_distribution,w1000000_16,2,99852,1099851,1000000,1192,2,0.015429000370204449,OK,True,
qlever,r04_region_filter_distribution,w1000000_16,2,99852,1099851,1000000,1192,3,0.014878103975206614,OK,True,
qlever,r04_region_filter_distribution,w1000000_17,2,49334,1049333,1000000,3135,1,0.024411742109805346,OK,True,
qlever,r04_region_filter_distribution,w1000000_17,2,49334,1049333,1000000,3135,2,0.024614054709672928,OK,True,
qlever,r04_region_filter_distribution,w1000000_17,2,49334,1049333,1000000,3135,3,0.0147938821464777,OK,True,
qlever,r04_region_filter_distribution,w1000000_18,1,74801,1074800,1000000,2155,1,0.023062098305672407,OK,True,
qlever,r04_region_filter_distribution,w1000000_18,1,74801,1074800,1000000,2155,2,0.015496190171688795,OK,True,
qlever,r04_region_filter_distribution,w1000000_18,1,74801,1074800,1000000,2155,3,0.02192780189216137,OK,True,
qlever,r04_region_filter_distribution,w1000000_19,1,121003,1121002,1000000,378,1,0.01975359581410885,OK,True,
qlever,r04_region_filter_distribution,w1000000_19,1,121003,1121002,1000000,378,2,0.015103830024600029,OK,True,
qlever,r04_region_filter_distribution,w1000000_19,1,121003,1121002,1000000,378,3,0.019123862963169813,OK,True,
qlever,r04_region_filter_distribution,w10000000_00,1,105481,10105480,10000000,975,1,0.019635943230241537,OK,True,
qlever,r04_region_filter_distribution,w10000000_00,1,105481,10105480,10000000,975,2,0.015565745998173952,OK,True,
qlever,r04_region_filter_distribution,w10000000_00,1,105481,10105480,10000000,975,3,0.02247108705341816,OK,True,
qlever,r04_region_filter_distribution,w10000000_01,1,37257,10037256,10000000,3599,1,0.024879652075469494,OK,True,
qlever,r04_region_filter_distribution,w10000000_01,1,37257,10037256,10000000,3599,2,0.02446735929697752,OK,True,
qlever,r04_region_filter_distribution,w10000000_01,1,37257,10037256,10000000,3599,3,0.015221335925161839,OK,True,
qlever,r04_region_filter_distribution,w10000000_02,2,92130,10092129,10000000,1489,1,0.020871789194643497,OK,True,
qlever,r04_region_filter_distribution,w10000000_02,2,92130,10092129,10000000,1489,2,0.01526283985003829,OK,True,
qlever,r04_region_filter_distribution,w10000000_02,2,92130,10092129,10000000,1489,3,0.015056525357067585,OK,True,
qlever,r04_region_filter_distribution,w10000000_03,1,25557,10025556,10000000,4049,1,0.026019593700766563,OK,True,
qlever,r04_region_filter_distribution,w10000000_03,1,25557,10025556,10000000,4049,2,0.027208704967051744,OK,True,
qlever,r04_region_filter_distribution,w10000000_03,1,25557,10025556,10000000,4049,3,0.015322134830057621,OK,True,
qlever,r04_region_filter_distribution,w10000000_04,2,46604,10046603,10000000,3240,1,0.026091097854077816,OK,True,
qlever,r04_region_filter_distribution,w10000000_04,2,46604,10046603,10000000,3240,2,0.01545949000865221,OK,True,
qlever,r04_region_filter_distribution,w10000000_04,2,46604,10046603,10000000,3240,3,0.026228885632008314,OK,True,
qlever,r04_region_filter_distribution,w10000000_05,1,49477,10049476,10000000,3129,1,0.023905116133391857,OK,True,
qlever,r04_region_filter_distribution,w10000000_05,1,49477,10049476,10000000,3129,2,0.0148713868111372,OK,True,
qlever,r04_region_filter_distribution,w10000000_05,1,49477,10049476,10000000,3129,3,0.026762649416923523,OK,True,
qlever,r04_region_filter_distribution,w10000000_06,1,6499,10006498,10000000,4782,1,0.029308427590876818,OK,True,
qlever,r04_region_filter_distribution,w10000000_06,1,6499,10006498,10000000,4782,2,0.03373126592487097,OK,True,
qlever,r04_region_filter_distribution,w10000000_06,1,6499,10006498,10000000,4782,3,0.014959372114390135,OK,True,
qlever,r04_region_filter_distribution,w10000000_07,2,47280,10047279,10000000,3214,1,0.02478876756504178,OK,True,
qlever,r04_region_filter_distribution,w10000000_07,2,47280,10047279,10000000,3214,2,0.014687360730022192,OK,True,
qlever,r04_region_filter_distribution,w10000000_07,2,47280,10047279,10000000,3214,3,0.014311865903437138,OK,True,
qlever,r04_region_filter_distribution,w10000000_08,2,88724,10088723,10000000,1620,1,0.02170972991734743,OK,True,
qlever,r04_region_filter_distribution,w10000000_08,2,88724,10088723,10000000,1620,2,0.02123981900513172,OK,True,
qlever,r04_region_filter_distribution,w10000000_08,2,88724,10088723,10000000,1620,3,0.014507881365716457,OK,True,
qlever,r04_region_filter_distribution,w10000000_09,2,69692,10069691,10000000,2352,1,0.022430572658777237,OK,True,
qlever,r04_region_filter_distribution,w10000000_09,2,69692,10069691,10000000,2352,2,0.024053073953837156,OK,True,
qlever,r04_region_filter_distribution,w10000000_09,2,69692,10069691,10000000,2352,3,0.014842744916677475,OK,True,
qlever,r04_region_filter_distribution,w10000000_10,1,51271,10051270,10000000,3060,1,0.024168376810848713,OK,True,
qlever,r04_region_filter_distribution,w10000000_10,1,51271,10051270,10000000,3060,2,0.015771187841892242,OK,True,
qlever,r04_region_filter_distribution,w10000000_10,1,51271,10051270,10000000,3060,3,0.01612194301560521,OK,True,
qlever,r04_region_filter_distribution,w10000000_11,1,116349,10116348,10000000,557,1,0.01863818010315299,OK,True,
qlever,r04_region_filter_distribution,w10000000_11,1,116349,10116348,10000000,557,2,0.019913201220333576,OK,True,
qlever,r04_region_filter_distribution,w10000000_11,1,116349,10116348,10000000,557,3,0.016211588867008686,OK,True,
qlever,r04_region_filter_distribution,w10000000_12,1,121471,10121470,10000000,360,1,0.01881786109879613,OK,True,
qlever,r04_region_filter_distribution,w10000000_12,1,121471,10121470,10000000,360,2,0.019758830312639475,OK,True,
qlever,r04_region_filter_distribution,w10000000_12,1,121471,10121470,10000000,360,3,0.01461917906999588,OK,True,
qlever,r04_region_filter_distribution,w10000000_13,2,115582,10115581,10000000,587,1,0.01954860519617796,OK,True,
qlever,r04_region_filter_distribution,w10000000_13,2,115582,10115581,10000000,587,2,0.014760409016162157,OK,True,
qlever,r04_region_filter_distribution,w10000000_13,2,115582,10115581,10000000,587,3,0.015021809842437506,OK,True,
qlever,r04_region_filter_distribution,w10000000_14,2,74138,10074137,10000000,2181,1,0.024725265335291624,OK,True,
qlever,r04_region_filter_distribution,w10000000_14,2,74138,10074137,10000000,2181,2,0.02376458514481783,OK,True,
qlever,r04_region_filter_distribution,w10000000_14,2,74138,10074137,10000000,2181,3,0.014929129742085934,OK,True,
qlever,r04_region_filter_distribution,w10000000_15,1,50231,10050230,10000000,3100,1,0.023837141692638397,OK,True,
qlever,r04_region_filter_distribution,w10000000_15,1,50231,10050230,10000000,3100,2,0.025062205269932747,OK,True,
qlever,r04_region_filter_distribution,w10000000_15,1,50231,10050230,10000000,3100,3,0.01527303084731102,OK,True,
qlever,r04_region_filter_distribution,w10000000_16,1,20669,10020668,10000000,4237,1,0.025595282670110464,OK,True,
qlever,r04_region_filter_distribution,w10000000_16,1,20669,10020668,10000000,4237,2,0.014805360231548548,OK,True,
qlever,r04_region_filter_distribution,w10000000_16,1,20669,10020668,10000000,4237,3,0.027055782731622458,OK,True,
qlever,r04_region_filter_distribution,w10000000_17,1,66273,10066272,10000000,2483,1,0.023776757065206766,OK,True,
qlever,r04_region_filter_distribution,w10000000_17,1,66273,10066272,10000000,2483,2,0.014801541343331337,OK,True,
qlever,r04_region_filter_distribution,w10000000_17,1,66273,10066272,10000000,2483,3,0.02193043241277337,OK,True,
qlever,r04_region_filter_distribution,w10000000_18,1,57745,10057744,10000000,2811,1,0.02420455915853381,OK,True,
qlever,r04_region_filter_distribution,w10000000_18,1,57745,10057744,10000000,2811,2,0.014461810234934092,OK,True,
qlever,r04_region_filter_distribution,w10000000_18,1,57745,10057744,10000000,2811,3,0.014003934804350138,OK,True,
qlever,r04_region_filter_distribution,w10000000_19,1,102907,10102906,10000000,1074,1,0.020601042080670595,OK,True,
qlever,r04_region_filter_distribution,w10000000_19,1,102907,10102906,10000000,1074,2,0.014898838009685278,OK,True,
qlever,r04_region_filter_distribution,w10000000_19,1,102907,10102906,10000000,1074,3,0.014607301913201809,OK,True,
qlever,r05_region_sample_genotype_counts,w1000_00,2,53546,54545,1000,39,1,0.06979121500626206,OK,True,
qlever,r05_region_sample_genotype_counts,w1000_00,2,53546,54545,1000,39,2,0.027105800807476044,OK,True,
qlever,r05_region_sample_genotype_counts,w1000_00,2,53546,54545,1000,39,3,0.02645443193614483,OK,True,
qlever,r05_region_sample_genotype_counts,w1000_01,2,79858,80857,1000,39,1,0.03305260604247451,OK,True,
qlever,r05_region_sample_genotype_counts,w1000_01,2,79858,80857,1000,39,2,0.03536990378051996,OK,True,
qlever,r05_region_sample_genotype_counts,w1000_01,2,79858,80857,1000,39,3,0.026773944031447172,OK,True,
qlever,r05_region_sample_genotype_counts,w1000_02,1,90739,91738,1000,39,1,0.03447561105713248,OK,True,
qlever,r05_region_sample_genotype_counts,w1000_02,1,90739,91738,1000,39,2,0.03272198513150215,OK,True,
qlever,r05_region_sample_genotype_counts,w1000_02,1,90739,91738,1000,39,3,0.028941256925463676,OK,True,
qlever,r05_region_sample_genotype_counts,w1000_03,2,44394,45393,1000,39,1,0.033877596724778414,OK,True,
qlever,r05_region_sample_genotype_counts,w1000_03,2,44394,45393,1000,39,2,0.02699809893965721,OK,True,
qlever,r05_region_sample_genotype_counts,w1000_03,2,44394,45393,1000,39,3,0.026605782564729452,OK,True,
qlever,r05_region_sample_genotype_counts,w1000_04,1,7981,8980,1000,39,1,0.03262272709980607,OK,True,
qlever,r05_region_sample_genotype_counts,w1000_04,1,7981,8980,1000,39,2,0.026325721759349108,OK,True,
qlever,r05_region_sample_genotype_counts,w1000_04,1,7981,8980,1000,39,3,0.030436919070780277,OK,True,
qlever,r05_region_sample_genotype_counts,w1000_05,1,110863,111862,1000,39,1,0.030449268873780966,OK,True,
qlever,r05_region_sample_genotype_counts,w1000_05,1,110863,111862,1000,39,2,0.02685793535783887,OK,True,
qlever,r05_region_sample_genotype_counts,w1000_05,1,110863,111862,1000,39,3,0.026354331988841295,OK,True,
qlever,r05_region_sample_genotype_counts,w1000_06,1,104311,105310,1000,39,1,0.03449457185342908,OK,True,
qlever,r05_region_sample_genotype_counts,w1000_06,1,104311,105310,1000,39,2,0.03279542597010732,OK,True,
qlever,r05_region_sample_genotype_counts,w1000_06,1,104311,105310,1000,39,3,0.02689260710030794,OK,True,
qlever,r05_region_sample_genotype_counts,w1000_07,1,14091,15090,1000,39,1,0.03501208499073982,OK,True,
qlever,r05_region_sample_genotype_counts,w1000_07,1,14091,15090,1000,39,2,0.026680381037294865,OK,True,
qlever,r05_region_sample_genotype_counts,w1000_07,1,14091,15090,1000,39,3,0.0266819610260427,OK,True,
qlever,r05_region_sample_genotype_counts,w1000_08,2,48996,49995,1000,39,1,0.03488392708823085,OK,True,
qlever,r05_region_sample_genotype_counts,w1000_08,2,48996,49995,1000,39,2,0.028865662869066,OK,True,
qlever,r05_region_sample_genotype_counts,w1000_08,2,48996,49995,1000,39,3,0.029964842833578587,OK,True,
qlever,r05_region_sample_genotype_counts,w1000_09,1,120145,121144,1000,39,1,0.034687221981585026,OK,True,
qlever,r05_region_sample_genotype_counts,w1000_09,1,120145,121144,1000,39,2,0.028002007864415646,OK,True,
qlever,r05_region_sample_genotype_counts,w1000_09,1,120145,121144,1000,39,3,0.033745499793440104,OK,True,
qlever,r05_region_sample_genotype_counts,w1000_10,2,73436,74435,1000,39,1,0.03628526907414198,OK,True,
qlever,r05_region_sample_genotype_counts,w1000_10,2,73436,74435,1000,39,2,0.029751821886748075,OK,True,
qlever,r05_region_sample_genotype_counts,w1000_10,2,73436,74435,1000,39,3,0.031907298136502504,OK,True,
qlever,r05_region_sample_genotype_counts,w1000_11,1,41547,42546,1000,39,1,0.03255599923431873,OK,True,
qlever,r05_region_sample_genotype_counts,w1000_11,1,41547,42546,1000,39,2,0.030831847339868546,OK,True,
qlever,r05_region_sample_genotype_counts,w1000_11,1,41547,42546,1000,39,3,0.035196973010897636,OK,True,
qlever,r05_region_sample_genotype_counts,w1000_12,2,112670,113669,1000,39,1,0.03388724708929658,OK,True,
qlever,r05_region_sample_genotype_counts,w1000_12,2,112670,113669,1000,39,2,0.027167320251464844,OK,True,
qlever,r05_region_sample_genotype_counts,w1000_12,2,112670,113669,1000,39,3,0.02641130704432726,OK,True,
qlever,r05_region_sample_genotype_counts,w1000_13,2,121328,122327,1000,39,1,0.03739119181409478,OK,True,
qlever,r05_region_sample_genotype_counts,w1000_13,2,121328,122327,1000,39,2,0.0262581673450768,OK,True,
qlever,r05_region_sample_genotype_counts,w1000_13,2,121328,122327,1000,39,3,0.029839966911822557,OK,True,
qlever,r05_region_sample_genotype_counts,w1000_14,2,128114,129113,1000,39,1,0.040574643295258284,OK,True,
qlever,r05_region_sample_genotype_counts,w1000_14,2,128114,129113,1000,39,2,0.03309497097507119,OK,True,
qlever,r05_region_sample_genotype_counts,w1000_14,2,128114,129113,1000,39,3,0.028040063567459583,OK,True,
qlever,r05_region_sample_genotype_counts,w1000_15,1,56237,57236,1000,39,1,0.03784188022837043,OK,True,
qlever,r05_region_sample_genotype_counts,w1000_15,1,56237,57236,1000,39,2,0.03079161886125803,OK,True,
qlever,r05_region_sample_genotype_counts,w1000_15,1,56237,57236,1000,39,3,0.02617501886561513,OK,True,
qlever,r05_region_sample_genotype_counts,w1000_16,1,65883,66882,1000,39,1,0.029971929267048836,OK,True,
qlever,r05_region_sample_genotype_counts,w1000_16,1,65883,66882,1000,39,2,0.02507873624563217,OK,True,
qlever,r05_region_sample_genotype_counts,w1000_16,1,65883,66882,1000,39,3,0.03281843801960349,OK,True,
qlever,r05_region_sample_genotype_counts,w1000_17,2,13298,14297,1000,39,1,0.03037167899310589,OK,True,
qlever,r05_region_sample_genotype_counts,w1000_17,2,13298,14297,1000,39,2,0.02586977882310748,OK,True,
qlever,r05_region_sample_genotype_counts,w1000_17,2,13298,14297,1000,39,3,0.03297320194542408,OK,True,
qlever,r05_region_sample_genotype_counts,w1000_18,2,32252,33251,1000,39,1,0.032749809324741364,OK,True,
qlever,r05_region_sample_genotype_counts,w1000_18,2,32252,33251,1000,39,2,0.02547410409897566,OK,True,
qlever,r05_region_sample_genotype_counts,w1000_18,2,32252,33251,1000,39,3,0.030617501121014357,OK,True,
qlever,r05_region_sample_genotype_counts,w1000_19,1,96953,97952,1000,39,1,0.03268052404746413,OK,True,
qlever,r05_region_sample_genotype_counts,w1000_19,1,96953,97952,1000,39,2,0.026897174771875143,OK,True,
qlever,r05_region_sample_genotype_counts,w1000_19,1,96953,97952,1000,39,3,0.027061835397034883,OK,True,
qlever,r05_region_sample_genotype_counts,w100000_00,2,120002,220001,100000,417,1,0.03210848430171609,OK,True,
qlever,r05_region_sample_genotype_counts,w100000_00,2,120002,220001,100000,417,2,0.03440469969063997,OK,True,
qlever,r05_region_sample_genotype_counts,w100000_00,2,120002,220001,100000,417,3,0.026225796900689602,OK,True,
qlever,r05_region_sample_genotype_counts,w100000_01,1,88763,188762,100000,1618,1,0.037603307981044054,OK,True,
qlever,r05_region_sample_genotype_counts,w100000_01,1,88763,188762,100000,1618,2,0.025992125738412142,OK,True,
qlever,r05_region_sample_genotype_counts,w100000_01,1,88763,188762,100000,1618,3,0.026185133960098028,OK,True,
qlever,r05_region_sample_genotype_counts,w100000_02,1,52857,152856,100000,2999,1,0.03953163791447878,OK,True,
qlever,r05_region_sample_genotype_counts,w100000_02,1,52857,152856,100000,2999,2,0.026475150138139725,OK,True,
qlever,r05_region_sample_genotype_counts,w100000_02,1,52857,152856,100000,2999,3,0.04184097237884998,OK,True,
qlever,r05_region_sample_genotype_counts,w100000_03,2,52324,152323,100000,3020,1,0.03888677526265383,OK,True,
qlever,r05_region_sample_genotype_counts,w100000_03,2,52324,152323,100000,3020,2,0.026203947141766548,OK,True,
qlever,r05_region_sample_genotype_counts,w100000_03,2,52324,152323,100000,3020,3,0.04174411064013839,OK,True,
qlever,r05_region_sample_genotype_counts,w100000_04,2,34592,134591,100000,3702,1,0.042904602363705635,OK,True,
qlever,r05_region_sample_genotype_counts,w100000_04,2,34592,134591,100000,3702,2,0.04511480871587992,OK,True,
qlever,r05_region_sample_genotype_counts,w100000_04,2,34592,134591,100000,3702,3,0.027140749618411064,OK,True,
qlever,r05_region_sample_genotype_counts,w100000_05,1,53975,153974,100000,2956,1,0.04174388013780117,OK,True,
qlever,r05_region_sample_genotype_counts,w100000_05,1,53975,153974,100000,2956,2,0.039088426157832146,OK,True,
qlever,r05_region_sample_genotype_counts,w100000_05,1,53975,153974,100000,2956,3,0.026253085117787123,OK,True,
qlever,r05_region_sample_genotype_counts,w100000_06,1,116323,216322,100000,558,1,0.03580205701291561,OK,True,
qlever,r05_region_sample_genotype_counts,w100000_06,1,116323,216322,100000,558,2,0.02726723626255989,OK,True,
qlever,r05_region_sample_genotype_counts,w100000_06,1,116323,216322,100000,558,3,0.03562359092757106,OK,True,
qlever,r05_region_sample_genotype_counts,w100000_07,2,54378,154377,100000,2941,1,0.03924389788880944,OK,True,
qlever,r05_region_sample_genotype_counts,w100000_07,2,54378,154377,100000,2941,2,0.04212032305076718,OK,True,
qlever,r05_region_sample_genotype_counts,w100000_07,2,54378,154377,100000,2941,3,0.026713829021900892,OK,True,
qlever,r05_region_sample_genotype_counts,w100000_08,2,7188,107187,100000,3847,1,0.0425175903365016,OK,True,
qlever,r05_region_sample_genotype_counts,w100000_08,2,7188,107187,100000,3847,2,0.045188207644969225,OK,True,
qlever,r05_region_sample_genotype_counts,w100000_08,2,7188,107187,100000,3847,3,0.026534846052527428,OK,True,
qlever,r05_region_sample_genotype_counts,w100000_09,2,111448,211447,100000,746,1,0.036511016078293324,OK,True,
qlever,r05_region_sample_genotype_counts,w100000_09,2,111448,211447,100000,746,2,0.03309658309444785,OK,True,
qlever,r05_region_sample_genotype_counts,w100000_09,2,111448,211447,100000,746,3,0.026455054059624672,OK,True,
qlever,r05_region_sample_genotype_counts,w100000_10,2,122134,222133,100000,335,1,0.034290989860892296,OK,True,
qlever,r05_region_sample_genotype_counts,w100000_10,2,122134,222133,100000,335,2,0.031506950967013836,OK,True,
qlever,r05_region_sample_genotype_counts,w100000_10,2,122134,222133,100000,335,3,0.026554015930742025,OK,True,
qlever,r05_region_sample_genotype_counts,w100000_11,1,4159,104158,100000,3847,1,0.041842692997306585,OK,True,
qlever,r05_region_sample_genotype_counts,w100000_11,1,4159,104158,100000,3847,2,0.02662814036011696,OK,True,
qlever,r05_region_sample_genotype_counts,w100000_11,1,4159,104158,100000,3847,3,0.045179484877735376,OK,True,
qlever,r05_region_sample_genotype_counts,w100000_12,2,13740,113739,100000,3847,1,0.0453550317324698,OK,True,
qlever,r05_region_sample_genotype_counts,w100000_12,2,13740,113739,100000,3847,2,0.02680983766913414,OK,True,
qlever,r05_region_sample_genotype_counts,w100000_12,2,13740,113739,100000,3847,3,0.04203055426478386,OK,True,
qlever,r05_region_sample_genotype_counts,w100000_13,2,91324,191323,100000,1520,1,0.03521081758663058,OK,True,
qlever,r05_region_sample_genotype_counts,w100000_13,2,91324,191323,100000,1520,2,0.03799474611878395,OK,True,
qlever,r05_region_sample_genotype_counts,w100000_13,2,91324,191323,100000,1520,3,0.026545371860265732,OK,True,
qlever,r05_region_sample_genotype_counts,w100000_14,2,21254,121253,100000,3847,1,0.046064458321779966,OK,True,
qlever,r05_region_sample_genotype_counts,w100000_14,2,21254,121253,100000,3847,2,0.04554067086428404,OK,True,
qlever,r05_region_sample_genotype_counts,w100000_14,2,21254,121253,100000,3847,3,0.02645910019055009,OK,True,
qlever,r05_region_sample_genotype_counts,w100000_15,1,111279,211278,100000,752,1,0.03517798986285925,OK,True,
qlever,r05_region_sample_genotype_counts,w100000_15,1,111279,211278,100000,752,2,0.029595057014375925,OK,True,
qlever,r05_region_sample_genotype_counts,w100000_15,1,111279,211278,100000,752,3,0.02641300205141306,OK,True,
qlever,r05_region_sample_genotype_counts,w100000_16,1,113957,213956,100000,649,1,0.03336252924054861,OK,True,
qlever,r05_region_sample_genotype_counts,w100000_16,1,113957,213956,100000,649,2,0.02633564407005906,OK,True,
qlever,r05_region_sample_genotype_counts,w100000_16,1,113957,213956,100000,649,3,0.035783205181360245,OK,True,
qlever,r05_region_sample_genotype_counts,w100000_17,1,26389,126388,100000,3847,1,0.04334030766040087,OK,True,
qlever,r05_region_sample_genotype_counts,w100000_17,1,26389,126388,100000,3847,2,0.050425952300429344,OK,True,
qlever,r05_region_sample_genotype_counts,w100000_17,1,26389,126388,100000,3847,3,0.026992519851773977,OK,True,
qlever,r05_region_sample_genotype_counts,w100000_18,2,62074,162073,100000,2645,1,0.04280707985162735,OK,True,
qlever,r05_region_sample_genotype_counts,w100000_18,2,62074,162073,100000,2645,2,0.0273495651781559,OK,True,
qlever,r05_region_sample_genotype_counts,w100000_18,2,62074,162073,100000,2645,3,0.04320551874116063,OK,True,
qlever,r05_region_sample_genotype_counts,w100000_19,1,99683,199682,100000,1198,1,0.03777292603626847,OK,True,
qlever,r05_region_sample_genotype_counts,w100000_19,1,99683,199682,100000,1198,2,0.03531281929463148,OK,True,
qlever,r05_region_sample_genotype_counts,w100000_19,1,99683,199682,100000,1198,3,0.027276436798274517,OK,True,
qlever,r05_region_sample_genotype_counts,w1000000_00,2,77700,1077699,1000000,2044,1,0.03997211717069149,OK,True,
qlever,r05_region_sample_genotype_counts,w1000000_00,2,77700,1077699,1000000,2044,2,0.02703772997483611,OK,True,
qlever,r05_region_sample_genotype_counts,w1000000_00,2,77700,1077699,1000000,2044,3,0.026624941267073154,OK,True,
qlever,r05_region_sample_genotype_counts,w1000000_01,2,14260,1014259,1000000,4484,1,0.0487053501419723,OK,True,
qlever,r05_region_sample_genotype_counts,w1000000_01,2,14260,1014259,1000000,4484,2,0.04582279920578003,OK,True,
qlever,r05_region_sample_genotype_counts,w1000000_01,2,14260,1014259,1000000,4484,3,0.027897584717720747,OK,True,
qlever,r05_region_sample_genotype_counts,w1000000_02,2,39428,1039427,1000000,3516,1,0.044013405218720436,OK,True,
qlever,r05_region_sample_genotype_counts,w1000000_02,2,39428,1039427,1000000,3516,2,0.028556826058775187,OK,True,
qlever,r05_region_sample_genotype_counts,w1000000_02,2,39428,1039427,1000000,3516,3,0.027471045963466167,OK,True,
qlever,r05_region_sample_genotype_counts,w1000000_03,2,121614,1121613,1000000,355,1,0.0357266622595489,OK,True,
qlever,r05_region_sample_genotype_counts,w1000000_03,2,121614,1121613,1000000,355,2,0.027004940900951624,OK,True,
qlever,r05_region_sample_genotype_counts,w1000000_03,2,121614,1121613,1000000,355,3,0.03231024835258722,OK,True,
qlever,r05_region_sample_genotype_counts,w1000000_04,2,45980,1045979,1000000,3264,1,0.043039854150265455,OK,True,
qlever,r05_region_sample_genotype_counts,w1000000_04,2,45980,1045979,1000000,3264,2,0.04045702004805207,OK,True,
qlever,r05_region_sample_genotype_counts,w1000000_04,2,45980,1045979,1000000,3264,3,0.025821746792644262,OK,True,
qlever,r05_region_sample_genotype_counts,w1000000_05,2,74320,1074319,1000000,2174,1,0.037646436132490635,OK,True,
qlever,r05_region_sample_genotype_counts,w1000000_05,2,74320,1074319,1000000,2174,2,0.03996352991089225,OK,True,
qlever,r05_region_sample_genotype_counts,w1000000_05,2,74320,1074319,1000000,2174,3,0.0261453022249043,OK,True,
qlever,r05_region_sample_genotype_counts,w1000000_06,1,75477,1075476,1000000,2129,1,0.03966011991724372,OK,True,
qlever,r05_region_sample_genotype_counts,w1000000_06,1,75477,1075476,1000000,2129,2,0.026259342208504677,OK,True,
qlever,r05_region_sample_genotype_counts,w1000000_06,1,75477,1075476,1000000,2129,3,0.02650732221081853,OK,True,
qlever,r05_region_sample_genotype_counts,w1000000_07,1,15729,1015728,1000000,4427,1,0.04721022304147482,OK,True,
qlever,r05_region_sample_genotype_counts,w1000000_07,1,15729,1015728,1000000,4427,2,0.045323628932237625,OK,True,
qlever,r05_region_sample_genotype_counts,w1000000_07,1,15729,1015728,1000000,4427,3,0.025328924879431725,OK,True,
qlever,r05_region_sample_genotype_counts,w1000000_08,2,74268,1074267,1000000,2176,1,0.038213230203837156,OK,True,
qlever,r05_region_sample_genotype_counts,w1000000_08,2,74268,1074267,1000000,2176,2,0.02841202588751912,OK,True,
qlever,r05_region_sample_genotype_counts,w1000000_08,2,74268,1074267,1000000,2176,3,0.04206749610602856,OK,True,
qlever,r05_region_sample_genotype_counts,w1000000_09,1,33643,1033642,1000000,3738,1,0.04442585213109851,OK,True,
qlever,r05_region_sample_genotype_counts,w1000000_09,1,33643,1033642,1000000,3738,2,0.04457709472626448,OK,True,
qlever,r05_region_sample_genotype_counts,w1000000_09,1,33643,1033642,1000000,3738,3,0.025699377991259098,OK,True,
qlever,r05_region_sample_genotype_counts,w1000000_10,1,92507,1092506,1000000,1474,1,0.049455015920102596,OK,True,
qlever,r05_region_sample_genotype_counts,w1000000_10,1,92507,1092506,1000000,1474,2,0.04460473218932748,OK,True,
qlever,r05_region_sample_genotype_counts,w1000000_10,1,92507,1092506,1000000,1474,3,0.026045409962534904,OK,True,
qlever,r05_region_sample_genotype_counts,w1000000_11,1,121211,1121210,1000000,370,1,0.03232788294553757,OK,True,
qlever,r05_region_sample_genotype_counts,w1000000_11,1,121211,1121210,1000000,370,2,0.02504670387133956,OK,True,
qlever,r05_region_sample_genotype_counts,w1000000_11,1,121211,1121210,1000000,370,3,0.033844973891973495,OK,True,
qlever,r05_region_sample_genotype_counts,w1000000_12,1,77765,1077764,1000000,2041,1,0.03917431412264705,OK,True,
qlever,r05_region_sample_genotype_counts,w1000000_12,1,77765,1077764,1000000,2041,2,0.026946986559778452,OK,True,
qlever,r05_region_sample_genotype_counts,w1000000_12,1,77765,1077764,1000000,2041,3,0.03615227621048689,OK,True,
qlever,r05_region_sample_genotype_counts,w1000000_13,2,118494,1118493,1000000,475,1,0.03466834221035242,OK,True,
qlever,r05_region_sample_genotype_counts,w1000000_13,2,118494,1118493,1000000,475,2,0.025676831137388945,OK,True,
qlever,r05_region_sample_genotype_counts,w1000000_13,2,118494,1118493,1000000,475,3,0.02647943701595068,OK,True,
qlever,r05_region_sample_genotype_counts,w1000000_14,1,92143,1092142,1000000,1488,1,0.03698154864832759,OK,True,
qlever,r05_region_sample_genotype_counts,w1000000_14,1,92143,1092142,1000000,1488,2,0.025534475222229958,OK,True,
qlever,r05_region_sample_genotype_counts,w1000000_14,1,92143,1092142,1000000,1488,3,0.02701679617166519,OK,True,
qlever,r05_region_sample_genotype_counts,w1000000_15,1,125423,1125422,1000000,208,1,0.0306088263168931,OK,True,
qlever,r05_region_sample_genotype_counts,w1000000_15,1,125423,1125422,1000000,208,2,0.025567733217030764,OK,True,
qlever,r05_region_sample_genotype_counts,w1000000_15,1,125423,1125422,1000000,208,3,0.034124372992664576,OK,True,
qlever,r05_region_sample_genotype_counts,w1000000_16,2,99852,1099851,1000000,1192,1,0.036269063130021095,OK,True,
qlever,r05_region_sample_genotype_counts,w1000000_16,2,99852,1099851,1000000,1192,2,0.026534216944128275,OK,True,
qlever,r05_region_sample_genotype_counts,w1000000_16,2,99852,1099851,1000000,1192,3,0.03488710382953286,OK,True,
qlever,r05_region_sample_genotype_counts,w1000000_17,2,49334,1049333,1000000,3135,1,0.03902972303330898,OK,True,
qlever,r05_region_sample_genotype_counts,w1000000_17,2,49334,1049333,1000000,3135,2,0.02539076702669263,OK,True,
qlever,r05_region_sample_genotype_counts,w1000000_17,2,49334,1049333,1000000,3135,3,0.026249697897583246,OK,True,
qlever,r05_region_sample_genotype_counts,w1000000_18,1,74801,1074800,1000000,2155,1,0.040540053974837065,OK,True,
qlever,r05_region_sample_genotype_counts,w1000000_18,1,74801,1074800,1000000,2155,2,0.02648249687626958,OK,True,
qlever,r05_region_sample_genotype_counts,w1000000_18,1,74801,1074800,1000000,2155,3,0.027368024922907352,OK,True,
qlever,r05_region_sample_genotype_counts,w1000000_19,1,121003,1121002,1000000,378,1,0.0344650000333786,OK,True,
qlever,r05_region_sample_genotype_counts,w1000000_19,1,121003,1121002,1000000,378,2,0.031440156046301126,OK,True,
qlever,r05_region_sample_genotype_counts,w1000000_19,1,121003,1121002,1000000,378,3,0.026736135128885508,OK,True,
qlever,r05_region_sample_genotype_counts,w10000000_00,1,105481,10105480,10000000,975,1,0.03356405487284064,OK,True,
qlever,r05_region_sample_genotype_counts,w10000000_00,1,105481,10105480,10000000,975,2,0.03670435817912221,OK,True,
qlever,r05_region_sample_genotype_counts,w10000000_00,1,105481,10105480,10000000,975,3,0.026238029822707176,OK,True,
qlever,r05_region_sample_genotype_counts,w10000000_01,1,37257,10037256,10000000,3599,1,0.04825128382071853,OK,True,
qlever,r05_region_sample_genotype_counts,w10000000_01,1,37257,10037256,10000000,3599,2,0.041664167772978544,OK,True,
qlever,r05_region_sample_genotype_counts,w10000000_01,1,37257,10037256,10000000,3599,3,0.026706362143158913,OK,True,
qlever,r05_region_sample_genotype_counts,w10000000_02,2,92130,10092129,10000000,1489,1,0.03828053502365947,OK,True,
qlever,r05_region_sample_genotype_counts,w10000000_02,2,92130,10092129,10000000,1489,2,0.03530982416123152,OK,True,
qlever,r05_region_sample_genotype_counts,w10000000_02,2,92130,10092129,10000000,1489,3,0.02658435609191656,OK,True,
qlever,r05_region_sample_genotype_counts,w10000000_03,1,25557,10025556,10000000,4049,1,0.047354505863040686,OK,True,
qlever,r05_region_sample_genotype_counts,w10000000_03,1,25557,10025556,10000000,4049,2,0.04643141757696867,OK,True,
qlever,r05_region_sample_genotype_counts,w10000000_03,1,25557,10025556,10000000,4049,3,0.027354956604540348,OK,True,
qlever,r05_region_sample_genotype_counts,w10000000_04,2,46604,10046603,10000000,3240,1,0.04457318317145109,OK,True,
qlever,r05_region_sample_genotype_counts,w10000000_04,2,46604,10046603,10000000,3240,2,0.026282598730176687,OK,True,
qlever,r05_region_sample_genotype_counts,w10000000_04,2,46604,10046603,10000000,3240,3,0.040824263356626034,OK,True,
qlever,r05_region_sample_genotype_counts,w10000000_05,1,49477,10049476,10000000,3129,1,0.044691041111946106,OK,True,
qlever,r05_region_sample_genotype_counts,w10000000_05,1,49477,10049476,10000000,3129,2,0.041612090077251196,OK,True,
qlever,r05_region_sample_genotype_counts,w10000000_05,1,49477,10049476,10000000,3129,3,0.025971069000661373,OK,True,
qlever,r05_region_sample_genotype_counts,w10000000_06,1,6499,10006498,10000000,4782,1,0.04794301372021437,OK,True,
qlever,r05_region_sample_genotype_counts,w10000000_06,1,6499,10006498,10000000,4782,2,0.02599501609802246,OK,True,
qlever,r05_region_sample_genotype_counts,w10000000_06,1,6499,10006498,10000000,4782,3,0.0440793470479548,OK,True,
qlever,r05_region_sample_genotype_counts,w10000000_07,2,47280,10047279,10000000,3214,1,0.04433883959427476,OK,True,
qlever,r05_region_sample_genotype_counts,w10000000_07,2,47280,10047279,10000000,3214,2,0.026360291987657547,OK,True,
qlever,r05_region_sample_genotype_counts,w10000000_07,2,47280,10047279,10000000,3214,3,0.025841682218015194,OK,True,
qlever,r05_region_sample_genotype_counts,w10000000_08,2,88724,10088723,10000000,1620,1,0.03974589332938194,OK,True,
qlever,r05_region_sample_genotype_counts,w10000000_08,2,88724,10088723,10000000,1620,2,0.035632526967674494,OK,True,
qlever,r05_region_sample_genotype_counts,w10000000_08,2,88724,10088723,10000000,1620,3,0.026059215888381004,OK,True,
qlever,r05_region_sample_genotype_counts,w10000000_09,2,69692,10069691,10000000,2352,1,0.040381095837801695,OK,True,
qlever,r05_region_sample_genotype_counts,w10000000_09,2,69692,10069691,10000000,2352,2,0.03759212093427777,OK,True,
qlever,r05_region_sample_genotype_counts,w10000000_09,2,69692,10069691,10000000,2352,3,0.026591741014271975,OK,True,
qlever,r05_region_sample_genotype_counts,w10000000_10,1,51271,10051270,10000000,3060,1,0.04079940775409341,OK,True,
qlever,r05_region_sample_genotype_counts,w10000000_10,1,51271,10051270,10000000,3060,2,0.02690044604241848,OK,True,
qlever,r05_region_sample_genotype_counts,w10000000_10,1,51271,10051270,10000000,3060,3,0.04317851085215807,OK,True,
qlever,r05_region_sample_genotype_counts,w10000000_11,1,116349,10116348,10000000,557,1,0.03243214497342706,OK,True,
qlever,r05_region_sample_genotype_counts,w10000000_11,1,116349,10116348,10000000,557,2,0.025568734854459763,OK,True,
qlever,r05_region_sample_genotype_counts,w10000000_11,1,116349,10116348,10000000,557,3,0.0427161562256515,OK,True,
qlever,r05_region_sample_genotype_counts,w10000000_12,1,121471,10121470,10000000,360,1,0.03576907701790333,OK,True,
qlever,r05_region_sample_genotype_counts,w10000000_12,1,121471,10121470,10000000,360,2,0.03519390523433685,OK,True,
qlever,r05_region_sample_genotype_counts,w10000000_12,1,121471,10121470,10000000,360,3,0.026180237997323275,OK,True,
qlever,r05_region_sample_genotype_counts,w10000000_13,2,115582,10115581,10000000,587,1,0.03248603316023946,OK,True,
qlever,r05_region_sample_genotype_counts,w10000000_13,2,115582,10115581,10000000,587,2,0.03531688917428255,OK,True,
qlever,r05_region_sample_genotype_counts,w10000000_13,2,115582,10115581,10000000,587,3,0.025599155109375715,OK,True,
qlever,r05_region_sample_genotype_counts,w10000000_14,2,74138,10074137,10000000,2181,1,0.03718732111155987,OK,True,
qlever,r05_region_sample_genotype_counts,w10000000_14,2,74138,10074137,10000000,2181,2,0.028830927331000566,OK,True,
qlever,r05_region_sample_genotype_counts,w10000000_14,2,74138,10074137,10000000,2181,3,0.04476187704131007,OK,True,
qlever,r05_region_sample_genotype_counts,w10000000_15,1,50231,10050230,10000000,3100,1,0.03987366799265146,OK,True,
qlever,r05_region_sample_genotype_counts,w10000000_15,1,50231,10050230,10000000,3100,2,0.043058996088802814,OK,True,
qlever,r05_region_sample_genotype_counts,w10000000_15,1,50231,10050230,10000000,3100,3,0.026739435270428658,OK,True,
qlever,r05_region_sample_genotype_counts,w10000000_16,1,20669,10020668,10000000,4237,1,0.05026398692280054,OK,True,
qlever,r05_region_sample_genotype_counts,w10000000_16,1,20669,10020668,10000000,4237,2,0.04315809719264507,OK,True,
qlever,r05_region_sample_genotype_counts,w10000000_16,1,20669,10020668,10000000,4237,3,0.029556342866271734,OK,True,
qlever,r05_region_sample_genotype_counts,w10000000_17,1,66273,10066272,10000000,2483,1,0.043295578099787235,OK,True,
qlever,r05_region_sample_genotype_counts,w10000000_17,1,66273,10066272,10000000,2483,2,0.026583800092339516,OK,True,
qlever,r05_region_sample_genotype_counts,w10000000_17,1,66273,10066272,10000000,2483,3,0.039273486007004976,OK,True,
qlever,r05_region_sample_genotype_counts,w10000000_18,1,57745,10057744,10000000,2811,1,0.041494477074593306,OK,True,
qlever,r05_region_sample_genotype_counts,w10000000_18,1,57745,10057744,10000000,2811,2,0.026939807925373316,OK,True,
qlever,r05_region_sample_genotype_counts,w10000000_18,1,57745,10057744,10000000,2811,3,0.0267611569724977,OK,True,
qlever,r05_region_sample_genotype_counts,w10000000_19,1,102907,10102906,10000000,1074,1,0.03782844403758645,OK,True,
qlever,r05_region_sample_genotype_counts,w10000000_19,1,102907,10102906,10000000,1074,2,0.026633854024112225,OK,True,
qlever,r05_region_sample_genotype_counts,w10000000_19,1,102907,10102906,10000000,1074,3,0.034447343088686466,OK,True,
