arm,query_id,window_id,chrom,start,end,window_size,records_in_window,replicate,wall_seconds,status,agrees_with_reference,error
cyvcf2-scan,r01_region_record_count,w1000_00,chr1,23894831,23895830,1000,10,1,0.6363486377522349,OK,True,
cyvcf2-scan,r01_region_record_count,w1000_00,chr1,23894831,23895830,1000,10,2,0.6343574030324817,OK,True,
cyvcf2-scan,r01_region_record_count,w1000_00,chr1,23894831,23895830,1000,10,3,0.6418756758794188,OK,True,
cyvcf2-scan,r01_region_record_count,w1000_01,chr1,37268328,37269327,1000,1,1,0.6440222389064729,OK,True,
cyvcf2-scan,r01_region_record_count,w1000_01,chr1,37268328,37269327,1000,1,2,0.6309811309911311,OK,True,
cyvcf2-scan,r01_region_record_count,w1000_01,chr1,37268328,37269327,1000,1,3,0.6555947600863874,OK,True,
cyvcf2-scan,r01_region_record_count,w1000_02,chr1,42471294,42472293,1000,2,1,0.63016641093418,OK,True,
cyvcf2-scan,r01_region_record_count,w1000_02,chr1,42471294,42472293,1000,2,2,0.6270988681353629,OK,True,
cyvcf2-scan,r01_region_record_count,w1000_02,chr1,42471294,42472293,1000,2,3,0.6415062197484076,OK,True,
cyvcf2-scan,r01_region_record_count,w100000_00,chr1,76042312,76142311,100000,132,1,0.6668856418691576,OK,True,
cyvcf2-scan,r01_region_record_count,w100000_00,chr1,76042312,76142311,100000,132,2,0.6264794110320508,OK,True,
cyvcf2-scan,r01_region_record_count,w100000_00,chr1,76042312,76142311,100000,132,3,0.624805398285389,OK,True,
cyvcf2-scan,r01_region_record_count,w100000_01,chr1,26177705,26277704,100000,141,1,0.6292865271680057,OK,True,
cyvcf2-scan,r01_region_record_count,w100000_01,chr1,26177705,26277704,100000,141,2,0.6334250760264695,OK,True,
cyvcf2-scan,r01_region_record_count,w100000_01,chr1,26177705,26277704,100000,141,3,0.6216991189867258,OK,True,
cyvcf2-scan,r01_region_record_count,w100000_02,chr1,76668322,76768321,100000,131,1,0.626196295954287,OK,True,
cyvcf2-scan,r01_region_record_count,w100000_02,chr1,76668322,76768321,100000,131,2,0.6292379950173199,OK,True,
cyvcf2-scan,r01_region_record_count,w100000_02,chr1,76668322,76768321,100000,131,3,0.6422525327652693,OK,True,
cyvcf2-scan,r01_region_record_count,w1000000_00,chr1,42846822,43846821,1000000,1112,1,0.6246490627527237,OK,True,
cyvcf2-scan,r01_region_record_count,w1000000_00,chr1,42846822,43846821,1000000,1112,2,0.6217185491696,OK,True,
cyvcf2-scan,r01_region_record_count,w1000000_00,chr1,42846822,43846821,1000000,1112,3,0.6270582070574164,OK,True,
cyvcf2-scan,r01_region_record_count,w1000000_01,chr1,9034070,10034069,1000000,1143,1,0.6297576278448105,OK,True,
cyvcf2-scan,r01_region_record_count,w1000000_01,chr1,9034070,10034069,1000000,1143,2,0.6359714912250638,OK,True,
cyvcf2-scan,r01_region_record_count,w1000000_01,chr1,9034070,10034069,1000000,1143,3,0.6311350120231509,OK,True,
cyvcf2-scan,r01_region_record_count,w1000000_02,chr1,54809885,55809884,1000000,1670,1,0.6318820570595562,OK,True,
cyvcf2-scan,r01_region_record_count,w1000000_02,chr1,54809885,55809884,1000000,1670,2,0.6181442667730153,OK,True,
cyvcf2-scan,r01_region_record_count,w1000000_02,chr1,54809885,55809884,1000000,1670,3,0.6265565380454063,OK,True,
cyvcf2-scan,r01_region_record_count,w10000000_00,chr1,36023355,46023354,10000000,11510,1,0.6327733448706567,OK,True,
cyvcf2-scan,r01_region_record_count,w10000000_00,chr1,36023355,46023354,10000000,11510,2,0.6671017240732908,OK,True,
cyvcf2-scan,r01_region_record_count,w10000000_00,chr1,36023355,46023354,10000000,11510,3,0.633510448038578,OK,True,
cyvcf2-scan,r01_region_record_count,w10000000_01,chr1,57527385,67527384,10000000,14820,1,0.6435735528357327,OK,True,
cyvcf2-scan,r01_region_record_count,w10000000_01,chr1,57527385,67527384,10000000,14820,2,0.6314042452722788,OK,True,
cyvcf2-scan,r01_region_record_count,w10000000_01,chr1,57527385,67527384,10000000,14820,3,0.6479648994281888,OK,True,
cyvcf2-scan,r01_region_record_count,w10000000_02,chr1,63680811,73680810,10000000,13676,1,0.6300465003587306,OK,True,
cyvcf2-scan,r01_region_record_count,w10000000_02,chr1,63680811,73680810,10000000,13676,2,0.6229280168190598,OK,True,
cyvcf2-scan,r01_region_record_count,w10000000_02,chr1,63680811,73680810,10000000,13676,3,0.6287555010057986,OK,True,
cyvcf2-scan,r02_region_variant_shape_counts,w1000_00,chr1,23894831,23895830,1000,10,1,0.6337005929090083,OK,True,
cyvcf2-scan,r02_region_variant_shape_counts,w1000_00,chr1,23894831,23895830,1000,10,2,0.633792778942734,OK,True,
cyvcf2-scan,r02_region_variant_shape_counts,w1000_00,chr1,23894831,23895830,1000,10,3,0.6322782738134265,OK,True,
cyvcf2-scan,r02_region_variant_shape_counts,w1000_01,chr1,37268328,37269327,1000,1,1,0.6299787010066211,OK,True,
cyvcf2-scan,r02_region_variant_shape_counts,w1000_01,chr1,37268328,37269327,1000,1,2,0.6372782969847322,OK,True,
cyvcf2-scan,r02_region_variant_shape_counts,w1000_01,chr1,37268328,37269327,1000,1,3,0.6325629260390997,OK,True,
cyvcf2-scan,r02_region_variant_shape_counts,w1000_02,chr1,42471294,42472293,1000,2,1,0.6277220472693443,OK,True,
cyvcf2-scan,r02_region_variant_shape_counts,w1000_02,chr1,42471294,42472293,1000,2,2,0.6283213570713997,OK,True,
cyvcf2-scan,r02_region_variant_shape_counts,w1000_02,chr1,42471294,42472293,1000,2,3,0.6265866570174694,OK,True,
cyvcf2-scan,r02_region_variant_shape_counts,w100000_00,chr1,76042312,76142311,100000,132,1,0.6271844948641956,OK,True,
cyvcf2-scan,r02_region_variant_shape_counts,w100000_00,chr1,76042312,76142311,100000,132,2,0.633893639780581,OK,True,
cyvcf2-scan,r02_region_variant_shape_counts,w100000_00,chr1,76042312,76142311,100000,132,3,0.6429923949763179,OK,True,
cyvcf2-scan,r02_region_variant_shape_counts,w100000_01,chr1,26177705,26277704,100000,141,1,0.6332442066632211,OK,True,
cyvcf2-scan,r02_region_variant_shape_counts,w100000_01,chr1,26177705,26277704,100000,141,2,0.6215775622986257,OK,True,
cyvcf2-scan,r02_region_variant_shape_counts,w100000_01,chr1,26177705,26277704,100000,141,3,0.6398137537762523,OK,True,
cyvcf2-scan,r02_region_variant_shape_counts,w100000_02,chr1,76668322,76768321,100000,131,1,0.628753290977329,OK,True,
cyvcf2-scan,r02_region_variant_shape_counts,w100000_02,chr1,76668322,76768321,100000,131,2,0.6237825541757047,OK,True,
cyvcf2-scan,r02_region_variant_shape_counts,w100000_02,chr1,76668322,76768321,100000,131,3,0.626275893766433,OK,True,
cyvcf2-scan,r02_region_variant_shape_counts,w1000000_00,chr1,42846822,43846821,1000000,1112,1,0.634926697704941,OK,True,
cyvcf2-scan,r02_region_variant_shape_counts,w1000000_00,chr1,42846822,43846821,1000000,1112,2,0.6316785430535674,OK,True,
cyvcf2-scan,r02_region_variant_shape_counts,w1000000_00,chr1,42846822,43846821,1000000,1112,3,0.6305619552731514,OK,True,
cyvcf2-scan,r02_region_variant_shape_counts,w1000000_01,chr1,9034070,10034069,1000000,1143,1,0.6324860947206616,OK,True,
cyvcf2-scan,r02_region_variant_shape_counts,w1000000_01,chr1,9034070,10034069,1000000,1143,2,0.639451433904469,OK,True,
cyvcf2-scan,r02_region_variant_shape_counts,w1000000_01,chr1,9034070,10034069,1000000,1143,3,0.6409518448635936,OK,True,
cyvcf2-scan,r02_region_variant_shape_counts,w1000000_02,chr1,54809885,55809884,1000000,1670,1,0.6447096457704902,OK,True,
cyvcf2-scan,r02_region_variant_shape_counts,w1000000_02,chr1,54809885,55809884,1000000,1670,2,0.6566468449309468,OK,True,
cyvcf2-scan,r02_region_variant_shape_counts,w1000000_02,chr1,54809885,55809884,1000000,1670,3,0.6562141911126673,OK,True,
cyvcf2-scan,r02_region_variant_shape_counts,w10000000_00,chr1,36023355,46023354,10000000,11510,1,0.6628493419848382,OK,True,
cyvcf2-scan,r02_region_variant_shape_counts,w10000000_00,chr1,36023355,46023354,10000000,11510,2,0.6599482069723308,OK,True,
cyvcf2-scan,r02_region_variant_shape_counts,w10000000_00,chr1,36023355,46023354,10000000,11510,3,0.6784551511518657,OK,True,
cyvcf2-scan,r02_region_variant_shape_counts,w10000000_01,chr1,57527385,67527384,10000000,14820,1,0.6758325989358127,OK,True,
cyvcf2-scan,r02_region_variant_shape_counts,w10000000_01,chr1,57527385,67527384,10000000,14820,2,0.6731742559932172,OK,True,
cyvcf2-scan,r02_region_variant_shape_counts,w10000000_01,chr1,57527385,67527384,10000000,14820,3,0.6687861359678209,OK,True,
cyvcf2-scan,r02_region_variant_shape_counts,w10000000_02,chr1,63680811,73680810,10000000,13676,1,0.6674472698941827,OK,True,
cyvcf2-scan,r02_region_variant_shape_counts,w10000000_02,chr1,63680811,73680810,10000000,13676,2,0.6720601841807365,OK,True,
cyvcf2-scan,r02_region_variant_shape_counts,w10000000_02,chr1,63680811,73680810,10000000,13676,3,0.6836165790446103,OK,True,
cyvcf2-scan,r03_region_titv,w1000_00,chr1,23894831,23895830,1000,10,1,0.6364145749248564,OK,True,
cyvcf2-scan,r03_region_titv,w1000_00,chr1,23894831,23895830,1000,10,2,0.6231245640665293,OK,True,
cyvcf2-scan,r03_region_titv,w1000_00,chr1,23894831,23895830,1000,10,3,0.6244308059103787,OK,True,
cyvcf2-scan,r03_region_titv,w1000_01,chr1,37268328,37269327,1000,1,1,0.616756328381598,OK,True,
cyvcf2-scan,r03_region_titv,w1000_01,chr1,37268328,37269327,1000,1,2,0.6189644150435925,OK,True,
cyvcf2-scan,r03_region_titv,w1000_01,chr1,37268328,37269327,1000,1,3,0.6214040229097009,OK,True,
cyvcf2-scan,r03_region_titv,w1000_02,chr1,42471294,42472293,1000,2,1,0.6311810556799173,OK,True,
cyvcf2-scan,r03_region_titv,w1000_02,chr1,42471294,42472293,1000,2,2,0.6320038638077676,OK,True,
cyvcf2-scan,r03_region_titv,w1000_02,chr1,42471294,42472293,1000,2,3,0.6476233853027225,OK,True,
cyvcf2-scan,r03_region_titv,w100000_00,chr1,76042312,76142311,100000,132,1,0.6267986143939197,OK,True,
cyvcf2-scan,r03_region_titv,w100000_00,chr1,76042312,76142311,100000,132,2,0.6198327052406967,OK,True,
cyvcf2-scan,r03_region_titv,w100000_00,chr1,76042312,76142311,100000,132,3,0.624677721876651,OK,True,
cyvcf2-scan,r03_region_titv,w100000_01,chr1,26177705,26277704,100000,141,1,0.6270852121524513,OK,True,
cyvcf2-scan,r03_region_titv,w100000_01,chr1,26177705,26277704,100000,141,2,0.6464494010433555,OK,True,
cyvcf2-scan,r03_region_titv,w100000_01,chr1,26177705,26277704,100000,141,3,0.6537044439464808,OK,True,
cyvcf2-scan,r03_region_titv,w100000_02,chr1,76668322,76768321,100000,131,1,0.6549177756533027,OK,True,
cyvcf2-scan,r03_region_titv,w100000_02,chr1,76668322,76768321,100000,131,2,0.6325614061206579,OK,True,
cyvcf2-scan,r03_region_titv,w100000_02,chr1,76668322,76768321,100000,131,3,0.6277746446430683,OK,True,
cyvcf2-scan,r03_region_titv,w1000000_00,chr1,42846822,43846821,1000000,1112,1,0.6355657707899809,OK,True,
cyvcf2-scan,r03_region_titv,w1000000_00,chr1,42846822,43846821,1000000,1112,2,0.640463300049305,OK,True,
cyvcf2-scan,r03_region_titv,w1000000_00,chr1,42846822,43846821,1000000,1112,3,0.6367179262451828,OK,True,
cyvcf2-scan,r03_region_titv,w1000000_01,chr1,9034070,10034069,1000000,1143,1,0.6357431099750102,OK,True,
cyvcf2-scan,r03_region_titv,w1000000_01,chr1,9034070,10034069,1000000,1143,2,0.6208397266454995,OK,True,
cyvcf2-scan,r03_region_titv,w1000000_01,chr1,9034070,10034069,1000000,1143,3,0.6371755739673972,OK,True,
cyvcf2-scan,r03_region_titv,w1000000_02,chr1,54809885,55809884,1000000,1670,1,0.636254332959652,OK,True,
cyvcf2-scan,r03_region_titv,w1000000_02,chr1,54809885,55809884,1000000,1670,2,0.6309774280525744,OK,True,
cyvcf2-scan,r03_region_titv,w1000000_02,chr1,54809885,55809884,1000000,1670,3,0.6358030741102993,OK,True,
cyvcf2-scan,r03_region_titv,w10000000_00,chr1,36023355,46023354,10000000,11510,1,0.6507141450420022,OK,True,
cyvcf2-scan,r03_region_titv,w10000000_00,chr1,36023355,46023354,10000000,11510,2,0.6511973077431321,OK,True,
cyvcf2-scan,r03_region_titv,w10000000_00,chr1,36023355,46023354,10000000,11510,3,0.6538845486938953,OK,True,
cyvcf2-scan,r03_region_titv,w10000000_01,chr1,57527385,67527384,10000000,14820,1,0.6606182488612831,OK,True,
cyvcf2-scan,r03_region_titv,w10000000_01,chr1,57527385,67527384,10000000,14820,2,0.6526950658299029,OK,True,
cyvcf2-scan,r03_region_titv,w10000000_01,chr1,57527385,67527384,10000000,14820,3,0.6536981388926506,OK,True,
cyvcf2-scan,r03_region_titv,w10000000_02,chr1,63680811,73680810,10000000,13676,1,0.6534398808144033,OK,True,
cyvcf2-scan,r03_region_titv,w10000000_02,chr1,63680811,73680810,10000000,13676,2,0.6480855559930205,OK,True,
cyvcf2-scan,r03_region_titv,w10000000_02,chr1,63680811,73680810,10000000,13676,3,0.6565459663979709,OK,True,
cyvcf2-scan,r04_region_filter_distribution,w1000_00,chr1,23894831,23895830,1000,10,1,0.6376676438376307,OK,True,
cyvcf2-scan,r04_region_filter_distribution,w1000_00,chr1,23894831,23895830,1000,10,2,0.6372788152657449,OK,True,
cyvcf2-scan,r04_region_filter_distribution,w1000_00,chr1,23894831,23895830,1000,10,3,0.6309210988692939,OK,True,
cyvcf2-scan,r04_region_filter_distribution,w1000_01,chr1,37268328,37269327,1000,1,1,0.6351896380074322,OK,True,
cyvcf2-scan,r04_region_filter_distribution,w1000_01,chr1,37268328,37269327,1000,1,2,0.6317539769224823,OK,True,
cyvcf2-scan,r04_region_filter_distribution,w1000_01,chr1,37268328,37269327,1000,1,3,0.64521514903754,OK,True,
cyvcf2-scan,r04_region_filter_distribution,w1000_02,chr1,42471294,42472293,1000,2,1,0.6333192801102996,OK,True,
cyvcf2-scan,r04_region_filter_distribution,w1000_02,chr1,42471294,42472293,1000,2,2,0.6284855720587075,OK,True,
cyvcf2-scan,r04_region_filter_distribution,w1000_02,chr1,42471294,42472293,1000,2,3,0.6326070199720562,OK,True,
cyvcf2-scan,r04_region_filter_distribution,w100000_00,chr1,76042312,76142311,100000,132,1,0.6466973363421857,OK,True,
cyvcf2-scan,r04_region_filter_distribution,w100000_00,chr1,76042312,76142311,100000,132,2,0.6370323630981147,OK,True,
cyvcf2-scan,r04_region_filter_distribution,w100000_00,chr1,76042312,76142311,100000,132,3,0.6383423837833107,OK,True,
cyvcf2-scan,r04_region_filter_distribution,w100000_01,chr1,26177705,26277704,100000,141,1,0.6621028762310743,OK,True,
cyvcf2-scan,r04_region_filter_distribution,w100000_01,chr1,26177705,26277704,100000,141,2,0.6417814921587706,OK,True,
cyvcf2-scan,r04_region_filter_distribution,w100000_01,chr1,26177705,26277704,100000,141,3,0.6339137968607247,OK,True,
cyvcf2-scan,r04_region_filter_distribution,w100000_02,chr1,76668322,76768321,100000,131,1,0.6442412999458611,OK,True,
cyvcf2-scan,r04_region_filter_distribution,w100000_02,chr1,76668322,76768321,100000,131,2,0.6438492750748992,OK,True,
cyvcf2-scan,r04_region_filter_distribution,w100000_02,chr1,76668322,76768321,100000,131,3,0.6289240224286914,OK,True,
cyvcf2-scan,r04_region_filter_distribution,w1000000_00,chr1,42846822,43846821,1000000,1112,1,0.6401318442076445,OK,True,
cyvcf2-scan,r04_region_filter_distribution,w1000000_00,chr1,42846822,43846821,1000000,1112,2,0.6357794059440494,OK,True,
cyvcf2-scan,r04_region_filter_distribution,w1000000_00,chr1,42846822,43846821,1000000,1112,3,0.6352016348391771,OK,True,
cyvcf2-scan,r04_region_filter_distribution,w1000000_01,chr1,9034070,10034069,1000000,1143,1,0.6335468012839556,OK,True,
cyvcf2-scan,r04_region_filter_distribution,w1000000_01,chr1,9034070,10034069,1000000,1143,2,0.637502227909863,OK,True,
cyvcf2-scan,r04_region_filter_distribution,w1000000_01,chr1,9034070,10034069,1000000,1143,3,0.6429431261494756,OK,True,
cyvcf2-scan,r04_region_filter_distribution,w1000000_02,chr1,54809885,55809884,1000000,1670,1,0.6294929818250239,OK,True,
cyvcf2-scan,r04_region_filter_distribution,w1000000_02,chr1,54809885,55809884,1000000,1670,2,0.6333822878077626,OK,True,
cyvcf2-scan,r04_region_filter_distribution,w1000000_02,chr1,54809885,55809884,1000000,1670,3,0.6523649110458791,OK,True,
cyvcf2-scan,r04_region_filter_distribution,w10000000_00,chr1,36023355,46023354,10000000,11510,1,0.6446697521023452,OK,True,
cyvcf2-scan,r04_region_filter_distribution,w10000000_00,chr1,36023355,46023354,10000000,11510,2,0.6412894381210208,OK,True,
cyvcf2-scan,r04_region_filter_distribution,w10000000_00,chr1,36023355,46023354,10000000,11510,3,0.6421150942333043,OK,True,
cyvcf2-scan,r04_region_filter_distribution,w10000000_01,chr1,57527385,67527384,10000000,14820,1,0.641695526894182,OK,True,
cyvcf2-scan,r04_region_filter_distribution,w10000000_01,chr1,57527385,67527384,10000000,14820,2,0.6525004589930177,OK,True,
cyvcf2-scan,r04_region_filter_distribution,w10000000_01,chr1,57527385,67527384,10000000,14820,3,0.6558792660944164,OK,True,
cyvcf2-scan,r04_region_filter_distribution,w10000000_02,chr1,63680811,73680810,10000000,13676,1,0.6455134409479797,OK,True,
cyvcf2-scan,r04_region_filter_distribution,w10000000_02,chr1,63680811,73680810,10000000,13676,2,0.6466422593221068,OK,True,
cyvcf2-scan,r04_region_filter_distribution,w10000000_02,chr1,63680811,73680810,10000000,13676,3,0.6452970188111067,OK,True,
cyvcf2-scan,r05_region_sample_genotype_counts,w1000_00,chr1,23894831,23895830,1000,10,1,0.6545299920253456,OK,True,
cyvcf2-scan,r05_region_sample_genotype_counts,w1000_00,chr1,23894831,23895830,1000,10,2,0.6409473158419132,OK,True,
cyvcf2-scan,r05_region_sample_genotype_counts,w1000_00,chr1,23894831,23895830,1000,10,3,0.6462000580504537,OK,True,
cyvcf2-scan,r05_region_sample_genotype_counts,w1000_01,chr1,37268328,37269327,1000,1,1,0.6400391696952283,OK,True,
cyvcf2-scan,r05_region_sample_genotype_counts,w1000_01,chr1,37268328,37269327,1000,1,2,0.6358235888183117,OK,True,
cyvcf2-scan,r05_region_sample_genotype_counts,w1000_01,chr1,37268328,37269327,1000,1,3,0.6365964007563889,OK,True,
cyvcf2-scan,r05_region_sample_genotype_counts,w1000_02,chr1,42471294,42472293,1000,2,1,0.6314012128859758,OK,True,
cyvcf2-scan,r05_region_sample_genotype_counts,w1000_02,chr1,42471294,42472293,1000,2,2,0.6241110390983522,OK,True,
cyvcf2-scan,r05_region_sample_genotype_counts,w1000_02,chr1,42471294,42472293,1000,2,3,0.6302716317586601,OK,True,
cyvcf2-scan,r05_region_sample_genotype_counts,w100000_00,chr1,76042312,76142311,100000,132,1,0.6296779359690845,OK,True,
cyvcf2-scan,r05_region_sample_genotype_counts,w100000_00,chr1,76042312,76142311,100000,132,2,0.631480940617621,OK,True,
cyvcf2-scan,r05_region_sample_genotype_counts,w100000_00,chr1,76042312,76142311,100000,132,3,0.6204588706605136,OK,True,
cyvcf2-scan,r05_region_sample_genotype_counts,w100000_01,chr1,26177705,26277704,100000,141,1,0.6326381461694837,OK,True,
cyvcf2-scan,r05_region_sample_genotype_counts,w100000_01,chr1,26177705,26277704,100000,141,2,0.6287545911036432,OK,True,
cyvcf2-scan,r05_region_sample_genotype_counts,w100000_01,chr1,26177705,26277704,100000,141,3,0.638913000933826,OK,True,
cyvcf2-scan,r05_region_sample_genotype_counts,w100000_02,chr1,76668322,76768321,100000,131,1,0.6316716349683702,OK,True,
cyvcf2-scan,r05_region_sample_genotype_counts,w100000_02,chr1,76668322,76768321,100000,131,2,0.6248316350392997,OK,True,
cyvcf2-scan,r05_region_sample_genotype_counts,w100000_02,chr1,76668322,76768321,100000,131,3,0.6372013580985367,OK,True,
cyvcf2-scan,r05_region_sample_genotype_counts,w1000000_00,chr1,42846822,43846821,1000000,1112,1,0.6291232188232243,OK,True,
cyvcf2-scan,r05_region_sample_genotype_counts,w1000000_00,chr1,42846822,43846821,1000000,1112,2,0.6369829410687089,OK,True,
cyvcf2-scan,r05_region_sample_genotype_counts,w1000000_00,chr1,42846822,43846821,1000000,1112,3,0.6392357796430588,OK,True,
cyvcf2-scan,r05_region_sample_genotype_counts,w1000000_01,chr1,9034070,10034069,1000000,1143,1,0.6381402118131518,OK,True,
cyvcf2-scan,r05_region_sample_genotype_counts,w1000000_01,chr1,9034070,10034069,1000000,1143,2,0.636747581884265,OK,True,
cyvcf2-scan,r05_region_sample_genotype_counts,w1000000_01,chr1,9034070,10034069,1000000,1143,3,0.6449163523502648,OK,True,
cyvcf2-scan,r05_region_sample_genotype_counts,w1000000_02,chr1,54809885,55809884,1000000,1670,1,0.643060137052089,OK,True,
cyvcf2-scan,r05_region_sample_genotype_counts,w1000000_02,chr1,54809885,55809884,1000000,1670,2,0.6426541754044592,OK,True,
cyvcf2-scan,r05_region_sample_genotype_counts,w1000000_02,chr1,54809885,55809884,1000000,1670,3,0.6484985970892012,OK,True,
cyvcf2-scan,r05_region_sample_genotype_counts,w10000000_00,chr1,36023355,46023354,10000000,11510,1,0.6836673789657652,OK,True,
cyvcf2-scan,r05_region_sample_genotype_counts,w10000000_00,chr1,36023355,46023354,10000000,11510,2,0.6812757002189755,OK,True,
cyvcf2-scan,r05_region_sample_genotype_counts,w10000000_00,chr1,36023355,46023354,10000000,11510,3,0.6751437750644982,OK,True,
cyvcf2-scan,r05_region_sample_genotype_counts,w10000000_01,chr1,57527385,67527384,10000000,14820,1,0.6856737332418561,OK,True,
cyvcf2-scan,r05_region_sample_genotype_counts,w10000000_01,chr1,57527385,67527384,10000000,14820,2,0.6860982971265912,OK,True,
cyvcf2-scan,r05_region_sample_genotype_counts,w10000000_01,chr1,57527385,67527384,10000000,14820,3,0.6990067972801626,OK,True,
cyvcf2-scan,r05_region_sample_genotype_counts,w10000000_02,chr1,63680811,73680810,10000000,13676,1,0.6971329068765044,OK,True,
cyvcf2-scan,r05_region_sample_genotype_counts,w10000000_02,chr1,63680811,73680810,10000000,13676,2,0.6901090168394148,OK,True,
cyvcf2-scan,r05_region_sample_genotype_counts,w10000000_02,chr1,63680811,73680810,10000000,13676,3,0.690276209730655,OK,True,
cyvcf2-indexed,r01_region_record_count,w1000_00,chr1,23894831,23895830,1000,10,1,0.004096999764442444,OK,True,
cyvcf2-indexed,r01_region_record_count,w1000_00,chr1,23894831,23895830,1000,10,2,0.0034975381568074226,OK,True,
cyvcf2-indexed,r01_region_record_count,w1000_00,chr1,23894831,23895830,1000,10,3,0.0033821668475866318,OK,True,
cyvcf2-indexed,r01_region_record_count,w1000_01,chr1,37268328,37269327,1000,1,1,0.0032244380563497543,OK,True,
cyvcf2-indexed,r01_region_record_count,w1000_01,chr1,37268328,37269327,1000,1,2,0.0033150827512145042,OK,True,
cyvcf2-indexed,r01_region_record_count,w1000_01,chr1,37268328,37269327,1000,1,3,0.003280199132859707,OK,True,
cyvcf2-indexed,r01_region_record_count,w1000_02,chr1,42471294,42472293,1000,2,1,0.0033244341611862183,OK,True,
cyvcf2-indexed,r01_region_record_count,w1000_02,chr1,42471294,42472293,1000,2,2,0.003244701772928238,OK,True,
cyvcf2-indexed,r01_region_record_count,w1000_02,chr1,42471294,42472293,1000,2,3,0.003114455845206976,OK,True,
cyvcf2-indexed,r01_region_record_count,w1000_03,chr1,19972624,19973623,1000,4,1,0.0031828260980546474,OK,True,
cyvcf2-indexed,r01_region_record_count,w1000_03,chr1,19972624,19973623,1000,4,2,0.003283053170889616,OK,True,
cyvcf2-indexed,r01_region_record_count,w1000_03,chr1,19972624,19973623,1000,4,3,0.0032159429974853992,OK,True,
cyvcf2-indexed,r01_region_record_count,w1000_04,chr1,65925426,65926425,1000,2,1,0.003206853289157152,OK,True,
cyvcf2-indexed,r01_region_record_count,w1000_04,chr1,65925426,65926425,1000,2,2,0.0031165308319032192,OK,True,
cyvcf2-indexed,r01_region_record_count,w1000_04,chr1,65925426,65926425,1000,2,3,0.003189682960510254,OK,True,
cyvcf2-indexed,r01_region_record_count,w1000_05,chr1,54878472,54879471,1000,2,1,0.0033290227875113487,OK,True,
cyvcf2-indexed,r01_region_record_count,w1000_05,chr1,54878472,54879471,1000,2,2,0.0035245614126324654,OK,True,
cyvcf2-indexed,r01_region_record_count,w1000_05,chr1,54878472,54879471,1000,2,3,0.0033289282582700253,OK,True,
cyvcf2-indexed,r01_region_record_count,w1000_06,chr1,54724268,54725267,1000,9,1,0.003242684993892908,OK,True,
cyvcf2-indexed,r01_region_record_count,w1000_06,chr1,54724268,54725267,1000,9,2,0.003543925005942583,OK,True,
cyvcf2-indexed,r01_region_record_count,w1000_06,chr1,54724268,54725267,1000,9,3,0.003227817825973034,OK,True,
cyvcf2-indexed,r01_region_record_count,w1000_07,chr1,50226603,50227602,1000,3,1,0.003180371131747961,OK,True,
cyvcf2-indexed,r01_region_record_count,w1000_07,chr1,50226603,50227602,1000,3,2,0.0035805590450763702,OK,True,
cyvcf2-indexed,r01_region_record_count,w1000_07,chr1,50226603,50227602,1000,3,3,0.0033618551678955555,OK,True,
cyvcf2-indexed,r01_region_record_count,w1000_08,chr1,5558122,5559121,1000,2,1,0.0032170191407203674,OK,True,
cyvcf2-indexed,r01_region_record_count,w1000_08,chr1,5558122,5559121,1000,2,2,0.003391165751963854,OK,True,
cyvcf2-indexed,r01_region_record_count,w1000_08,chr1,5558122,5559121,1000,2,3,0.003151119686663151,OK,True,
cyvcf2-indexed,r01_region_record_count,w1000_09,chr1,21979241,21980240,1000,15,1,0.003294637892395258,OK,True,
cyvcf2-indexed,r01_region_record_count,w1000_09,chr1,21979241,21980240,1000,15,2,0.003509195987135172,OK,True,
cyvcf2-indexed,r01_region_record_count,w1000_09,chr1,21979241,21980240,1000,15,3,0.0033336938358843327,OK,True,
cyvcf2-indexed,r01_region_record_count,w1000_10,chr1,58250107,58251106,1000,2,1,0.003223665989935398,OK,True,
cyvcf2-indexed,r01_region_record_count,w1000_10,chr1,58250107,58251106,1000,2,2,0.0032251314260065556,OK,True,
cyvcf2-indexed,r01_region_record_count,w1000_10,chr1,58250107,58251106,1000,2,3,0.003166268114000559,OK,True,
cyvcf2-indexed,r01_region_record_count,w1000_11,chr1,33820268,33821267,1000,1,1,0.0031378022395074368,OK,True,
cyvcf2-indexed,r01_region_record_count,w1000_11,chr1,33820268,33821267,1000,1,2,0.0031738202087581158,OK,True,
cyvcf2-indexed,r01_region_record_count,w1000_11,chr1,33820268,33821267,1000,1,3,0.0032084626145660877,OK,True,
cyvcf2-indexed,r01_region_record_count,w1000_12,chr1,74268898,74269897,1000,4,1,0.0032918271608650684,OK,True,
cyvcf2-indexed,r01_region_record_count,w1000_12,chr1,74268898,74269897,1000,4,2,0.003213317599147558,OK,True,
cyvcf2-indexed,r01_region_record_count,w1000_12,chr1,74268898,74269897,1000,4,3,0.0031222798861563206,OK,True,
cyvcf2-indexed,r01_region_record_count,w1000_13,chr1,58011340,58012339,1000,3,1,0.003220031037926674,OK,True,
cyvcf2-indexed,r01_region_record_count,w1000_13,chr1,58011340,58012339,1000,3,2,0.0031415121629834175,OK,True,
cyvcf2-indexed,r01_region_record_count,w1000_13,chr1,58011340,58012339,1000,3,3,0.0031885639764368534,OK,True,
cyvcf2-indexed,r01_region_record_count,w1000_14,chr1,55322618,55323617,1000,2,1,0.003128770273178816,OK,True,
cyvcf2-indexed,r01_region_record_count,w1000_14,chr1,55322618,55323617,1000,2,2,0.0031437939032912254,OK,True,
cyvcf2-indexed,r01_region_record_count,w1000_14,chr1,55322618,55323617,1000,2,3,0.003214940894395113,OK,True,
cyvcf2-indexed,r01_region_record_count,w1000_15,chr1,58597811,58598810,1000,2,1,0.0032017850317060947,OK,True,
cyvcf2-indexed,r01_region_record_count,w1000_15,chr1,58597811,58598810,1000,2,2,0.0031787720508873463,OK,True,
cyvcf2-indexed,r01_region_record_count,w1000_15,chr1,58597811,58598810,1000,2,3,0.0032160859555006027,OK,True,
cyvcf2-indexed,r01_region_record_count,w1000_16,chr1,61942877,61943876,1000,1,1,0.0031188777647912502,OK,True,
cyvcf2-indexed,r01_region_record_count,w1000_16,chr1,61942877,61943876,1000,1,2,0.003106821794062853,OK,True,
cyvcf2-indexed,r01_region_record_count,w1000_16,chr1,61942877,61943876,1000,1,3,0.0032088691368699074,OK,True,
cyvcf2-indexed,r01_region_record_count,w1000_17,chr1,74952903,74953902,1000,2,1,0.003317680209875107,OK,True,
cyvcf2-indexed,r01_region_record_count,w1000_17,chr1,74952903,74953902,1000,2,2,0.0032384037040174007,OK,True,
cyvcf2-indexed,r01_region_record_count,w1000_17,chr1,74952903,74953902,1000,2,3,0.003673403989523649,OK,True,
cyvcf2-indexed,r01_region_record_count,w1000_18,chr1,10920022,10921021,1000,7,1,0.003271101973950863,OK,True,
cyvcf2-indexed,r01_region_record_count,w1000_18,chr1,10920022,10921021,1000,7,2,0.003241277765482664,OK,True,
cyvcf2-indexed,r01_region_record_count,w1000_18,chr1,10920022,10921021,1000,7,3,0.003173168282955885,OK,True,
cyvcf2-indexed,r01_region_record_count,w1000_19,chr1,54064366,54065365,1000,1,1,0.0031539672054350376,OK,True,
cyvcf2-indexed,r01_region_record_count,w1000_19,chr1,54064366,54065365,1000,1,2,0.0031178686767816544,OK,True,
cyvcf2-indexed,r01_region_record_count,w1000_19,chr1,54064366,54065365,1000,1,3,0.0030996263958513737,OK,True,
cyvcf2-indexed,r01_region_record_count,w100000_00,chr1,76042312,76142311,100000,132,1,0.0043222177773714066,OK,True,
cyvcf2-indexed,r01_region_record_count,w100000_00,chr1,76042312,76142311,100000,132,2,0.004356857854872942,OK,True,
cyvcf2-indexed,r01_region_record_count,w100000_00,chr1,76042312,76142311,100000,132,3,0.0042353300377726555,OK,True,
cyvcf2-indexed,r01_region_record_count,w100000_01,chr1,26177705,26277704,100000,141,1,0.004346434026956558,OK,True,
cyvcf2-indexed,r01_region_record_count,w100000_01,chr1,26177705,26277704,100000,141,2,0.00435295794159174,OK,True,
cyvcf2-indexed,r01_region_record_count,w100000_01,chr1,26177705,26277704,100000,141,3,0.004352114629000425,OK,True,
cyvcf2-indexed,r01_region_record_count,w100000_02,chr1,76668322,76768321,100000,131,1,0.004450059030205011,OK,True,
cyvcf2-indexed,r01_region_record_count,w100000_02,chr1,76668322,76768321,100000,131,2,0.004275651182979345,OK,True,
cyvcf2-indexed,r01_region_record_count,w100000_02,chr1,76668322,76768321,100000,131,3,0.004226968623697758,OK,True,
cyvcf2-indexed,r01_region_record_count,w100000_03,chr1,64797067,64897066,100000,153,1,0.004411356057971716,OK,True,
cyvcf2-indexed,r01_region_record_count,w100000_03,chr1,64797067,64897066,100000,153,2,0.004290691111236811,OK,True,
cyvcf2-indexed,r01_region_record_count,w100000_03,chr1,64797067,64897066,100000,153,3,0.0045578498393297195,OK,True,
cyvcf2-indexed,r01_region_record_count,w100000_04,chr1,66848110,66948109,100000,83,1,0.004001051187515259,OK,True,
cyvcf2-indexed,r01_region_record_count,w100000_04,chr1,66848110,66948109,100000,83,2,0.003966204822063446,OK,True,
cyvcf2-indexed,r01_region_record_count,w100000_04,chr1,66848110,66948109,100000,83,3,0.00375739810988307,OK,True,
cyvcf2-indexed,r01_region_record_count,w100000_05,chr1,58175965,58275964,100000,181,1,0.004674089141190052,OK,True,
cyvcf2-indexed,r01_region_record_count,w100000_05,chr1,58175965,58275964,100000,181,2,0.004619595129042864,OK,True,
cyvcf2-indexed,r01_region_record_count,w100000_05,chr1,58175965,58275964,100000,181,3,0.004695517010986805,OK,True,
cyvcf2-indexed,r01_region_record_count,w100000_06,chr1,41567443,41667442,100000,142,1,0.004339281003922224,OK,True,
cyvcf2-indexed,r01_region_record_count,w100000_06,chr1,41567443,41667442,100000,142,2,0.004186237696558237,OK,True,
cyvcf2-indexed,r01_region_record_count,w100000_06,chr1,41567443,41667442,100000,142,3,0.004337843973189592,OK,True,
cyvcf2-indexed,r01_region_record_count,w100000_07,chr1,23625875,23725874,100000,143,1,0.004425604362040758,OK,True,
cyvcf2-indexed,r01_region_record_count,w100000_07,chr1,23625875,23725874,100000,143,2,0.004656035918742418,OK,True,
cyvcf2-indexed,r01_region_record_count,w100000_07,chr1,23625875,23725874,100000,143,3,0.004624046850949526,OK,True,
cyvcf2-indexed,r01_region_record_count,w100000_08,chr1,69897964,69997963,100000,77,1,0.003853952046483755,OK,True,
cyvcf2-indexed,r01_region_record_count,w100000_08,chr1,69897964,69997963,100000,77,2,0.004734443034976721,OK,True,
cyvcf2-indexed,r01_region_record_count,w100000_08,chr1,69897964,69997963,100000,77,3,0.004380390048027039,OK,True,
cyvcf2-indexed,r01_region_record_count,w100000_09,chr1,63664508,63764507,100000,287,1,0.007395238149911165,OK,True,
cyvcf2-indexed,r01_region_record_count,w100000_09,chr1,63664508,63764507,100000,287,2,0.006384295877069235,OK,True,
cyvcf2-indexed,r01_region_record_count,w100000_09,chr1,63664508,63764507,100000,287,3,0.005594762973487377,OK,True,
cyvcf2-indexed,r01_region_record_count,w100000_10,chr1,15518874,15618873,100000,146,1,0.005148504860699177,OK,True,
cyvcf2-indexed,r01_region_record_count,w100000_10,chr1,15518874,15618873,100000,146,2,0.0043559311889112,OK,True,
cyvcf2-indexed,r01_region_record_count,w100000_10,chr1,15518874,15618873,100000,146,3,0.004304415080696344,OK,True,
cyvcf2-indexed,r01_region_record_count,w100000_11,chr1,23996836,24096835,100000,343,1,0.006437844131141901,OK,True,
cyvcf2-indexed,r01_region_record_count,w100000_11,chr1,23996836,24096835,100000,343,2,0.005847396794706583,OK,True,
cyvcf2-indexed,r01_region_record_count,w100000_11,chr1,23996836,24096835,100000,343,3,0.0060040210373699665,OK,True,
cyvcf2-indexed,r01_region_record_count,w100000_12,chr1,56566795,56666794,100000,139,1,0.004418230149894953,OK,True,
cyvcf2-indexed,r01_region_record_count,w100000_12,chr1,56566795,56666794,100000,139,2,0.004267654847353697,OK,True,
cyvcf2-indexed,r01_region_record_count,w100000_12,chr1,56566795,56666794,100000,139,3,0.004971140995621681,OK,True,
cyvcf2-indexed,r01_region_record_count,w100000_13,chr1,24058646,24158645,100000,214,1,0.005703989416360855,OK,True,
cyvcf2-indexed,r01_region_record_count,w100000_13,chr1,24058646,24158645,100000,214,2,0.005057144910097122,OK,True,
cyvcf2-indexed,r01_region_record_count,w100000_13,chr1,24058646,24158645,100000,214,3,0.005001834128051996,OK,True,
cyvcf2-indexed,r01_region_record_count,w100000_14,chr1,3105927,3205926,100000,226,1,0.004976142197847366,OK,True,
cyvcf2-indexed,r01_region_record_count,w100000_14,chr1,3105927,3205926,100000,226,2,0.004909499082714319,OK,True,
cyvcf2-indexed,r01_region_record_count,w100000_14,chr1,3105927,3205926,100000,226,3,0.00500898901373148,OK,True,
cyvcf2-indexed,r01_region_record_count,w100000_15,chr1,54865968,54965967,100000,181,1,0.004665507934987545,OK,True,
cyvcf2-indexed,r01_region_record_count,w100000_15,chr1,54865968,54965967,100000,181,2,0.004585727117955685,OK,True,
cyvcf2-indexed,r01_region_record_count,w100000_15,chr1,54865968,54965967,100000,181,3,0.004591166973114014,OK,True,
cyvcf2-indexed,r01_region_record_count,w100000_16,chr1,58852100,58952099,100000,79,1,0.003768982831388712,OK,True,
cyvcf2-indexed,r01_region_record_count,w100000_16,chr1,58852100,58952099,100000,79,2,0.0038084080442786217,OK,True,
cyvcf2-indexed,r01_region_record_count,w100000_16,chr1,58852100,58952099,100000,79,3,0.003816195297986269,OK,True,
cyvcf2-indexed,r01_region_record_count,w100000_17,chr1,77570681,77670680,100000,81,1,0.0039036311209201813,OK,True,
cyvcf2-indexed,r01_region_record_count,w100000_17,chr1,77570681,77670680,100000,81,2,0.003766302950680256,OK,True,
cyvcf2-indexed,r01_region_record_count,w100000_17,chr1,77570681,77670680,100000,81,3,0.0037717288359999657,OK,True,
cyvcf2-indexed,r01_region_record_count,w100000_18,chr1,66388887,66488886,100000,196,1,0.004862859845161438,OK,True,
cyvcf2-indexed,r01_region_record_count,w100000_18,chr1,66388887,66488886,100000,196,2,0.004757496062666178,OK,True,
cyvcf2-indexed,r01_region_record_count,w100000_18,chr1,66388887,66488886,100000,196,3,0.00498159509152174,OK,True,
cyvcf2-indexed,r01_region_record_count,w100000_19,chr1,5319806,5419805,100000,87,1,0.0040740640833973885,OK,True,
cyvcf2-indexed,r01_region_record_count,w100000_19,chr1,5319806,5419805,100000,87,2,0.0038803759962320328,OK,True,
cyvcf2-indexed,r01_region_record_count,w100000_19,chr1,5319806,5419805,100000,87,3,0.003922273870557547,OK,True,
cyvcf2-indexed,r01_region_record_count,w1000000_00,chr1,42846822,43846821,1000000,1112,1,0.011791375000029802,OK,True,
cyvcf2-indexed,r01_region_record_count,w1000000_00,chr1,42846822,43846821,1000000,1112,2,0.011879968922585249,OK,True,
cyvcf2-indexed,r01_region_record_count,w1000000_00,chr1,42846822,43846821,1000000,1112,3,0.011728534009307623,OK,True,
cyvcf2-indexed,r01_region_record_count,w1000000_01,chr1,9034070,10034069,1000000,1143,1,0.012101181782782078,OK,True,
cyvcf2-indexed,r01_region_record_count,w1000000_01,chr1,9034070,10034069,1000000,1143,2,0.012263203039765358,OK,True,
cyvcf2-indexed,r01_region_record_count,w1000000_01,chr1,9034070,10034069,1000000,1143,3,0.012203533668071032,OK,True,
cyvcf2-indexed,r01_region_record_count,w1000000_02,chr1,54809885,55809884,1000000,1670,1,0.016195042058825493,OK,True,
cyvcf2-indexed,r01_region_record_count,w1000000_02,chr1,54809885,55809884,1000000,1670,2,0.016354814171791077,OK,True,
cyvcf2-indexed,r01_region_record_count,w1000000_02,chr1,54809885,55809884,1000000,1670,3,0.016075836028903723,OK,True,
cyvcf2-indexed,r01_region_record_count,w1000000_03,chr1,55795141,56795140,1000000,1824,1,0.017540297005325556,OK,True,
cyvcf2-indexed,r01_region_record_count,w1000000_03,chr1,55795141,56795140,1000000,1824,2,0.01742606470361352,OK,True,
cyvcf2-indexed,r01_region_record_count,w1000000_03,chr1,55795141,56795140,1000000,1824,3,0.017420135904103518,OK,True,
cyvcf2-indexed,r01_region_record_count,w1000000_04,chr1,11734309,12734308,1000000,950,1,0.010885457042604685,OK,True,
cyvcf2-indexed,r01_region_record_count,w1000000_04,chr1,11734309,12734308,1000000,950,2,0.010657212696969509,OK,True,
cyvcf2-indexed,r01_region_record_count,w1000000_04,chr1,11734309,12734308,1000000,950,3,0.01041853241622448,OK,True,
cyvcf2-indexed,r01_region_record_count,w1000000_05,chr1,28814643,29814642,1000000,1348,1,0.014119187835603952,OK,True,
cyvcf2-indexed,r01_region_record_count,w1000000_05,chr1,28814643,29814642,1000000,1348,2,0.013644370716065168,OK,True,
cyvcf2-indexed,r01_region_record_count,w1000000_05,chr1,28814643,29814642,1000000,1348,3,0.013499986845999956,OK,True,
cyvcf2-indexed,r01_region_record_count,w1000000_06,chr1,47354520,48354519,1000000,1253,1,0.012787786312401295,OK,True,
cyvcf2-indexed,r01_region_record_count,w1000000_06,chr1,47354520,48354519,1000000,1253,2,0.01290144119411707,OK,True,
cyvcf2-indexed,r01_region_record_count,w1000000_06,chr1,47354520,48354519,1000000,1253,3,0.012993473093956709,OK,True,
cyvcf2-indexed,r01_region_record_count,w1000000_07,chr1,35782931,36782930,1000000,868,1,0.011234370991587639,OK,True,
cyvcf2-indexed,r01_region_record_count,w1000000_07,chr1,35782931,36782930,1000000,868,2,0.010203326120972633,OK,True,
cyvcf2-indexed,r01_region_record_count,w1000000_07,chr1,35782931,36782930,1000000,868,3,0.009979419875890017,OK,True,
cyvcf2-indexed,r01_region_record_count,w1000000_08,chr1,5611726,6611725,1000000,1261,1,0.013196954969316721,OK,True,
cyvcf2-indexed,r01_region_record_count,w1000000_08,chr1,5611726,6611725,1000000,1261,2,0.013195577077567577,OK,True,
cyvcf2-indexed,r01_region_record_count,w1000000_08,chr1,5611726,6611725,1000000,1261,3,0.013059417717158794,OK,True,
cyvcf2-indexed,r01_region_record_count,w1000000_09,chr1,17930348,18930347,1000000,1491,1,0.014544923789799213,OK,True,
cyvcf2-indexed,r01_region_record_count,w1000000_09,chr1,17930348,18930347,1000000,1491,2,0.015759733971208334,OK,True,
cyvcf2-indexed,r01_region_record_count,w1000000_09,chr1,17930348,18930347,1000000,1491,3,0.014580728951841593,OK,True,
cyvcf2-indexed,r01_region_record_count,w1000000_10,chr1,58656617,59656616,1000000,1262,1,0.012800693046301603,OK,True,
cyvcf2-indexed,r01_region_record_count,w1000000_10,chr1,58656617,59656616,1000000,1262,2,0.01258825697004795,OK,True,
cyvcf2-indexed,r01_region_record_count,w1000000_10,chr1,58656617,59656616,1000000,1262,3,0.012629743665456772,OK,True,
cyvcf2-indexed,r01_region_record_count,w1000000_11,chr1,20579658,21579657,1000000,1246,1,0.012534797191619873,OK,True,
cyvcf2-indexed,r01_region_record_count,w1000000_11,chr1,20579658,21579657,1000000,1246,2,0.012545452453196049,OK,True,
cyvcf2-indexed,r01_region_record_count,w1000000_11,chr1,20579658,21579657,1000000,1246,3,0.01280900090932846,OK,True,
cyvcf2-indexed,r01_region_record_count,w1000000_12,chr1,66774094,67774093,1000000,1548,1,0.014924433082342148,OK,True,
cyvcf2-indexed,r01_region_record_count,w1000000_12,chr1,66774094,67774093,1000000,1548,2,0.014894079882651567,OK,True,
cyvcf2-indexed,r01_region_record_count,w1000000_12,chr1,66774094,67774093,1000000,1548,3,0.014688650146126747,OK,True,
cyvcf2-indexed,r01_region_record_count,w1000000_13,chr1,53330427,54330426,1000000,1337,1,0.013387360610067844,OK,True,
cyvcf2-indexed,r01_region_record_count,w1000000_13,chr1,53330427,54330426,1000000,1337,2,0.013223366811871529,OK,True,
cyvcf2-indexed,r01_region_record_count,w1000000_13,chr1,53330427,54330426,1000000,1337,3,0.013174376916140318,OK,True,
cyvcf2-indexed,r01_region_record_count,w1000000_14,chr1,34457222,35457221,1000000,1194,1,0.012491388712078333,OK,True,
cyvcf2-indexed,r01_region_record_count,w1000000_14,chr1,34457222,35457221,1000000,1194,2,0.012289883103221655,OK,True,
cyvcf2-indexed,r01_region_record_count,w1000000_14,chr1,34457222,35457221,1000000,1194,3,0.012338120024651289,OK,True,
cyvcf2-indexed,r01_region_record_count,w1000000_15,chr1,6173132,7173131,1000000,906,1,0.009936965070664883,OK,True,
cyvcf2-indexed,r01_region_record_count,w1000000_15,chr1,6173132,7173131,1000000,906,2,0.010077288839966059,OK,True,
cyvcf2-indexed,r01_region_record_count,w1000000_15,chr1,6173132,7173131,1000000,906,3,0.010024235118180513,OK,True,
cyvcf2-indexed,r01_region_record_count,w1000000_16,chr1,34054184,35054183,1000000,1668,1,0.01577771594747901,OK,True,
cyvcf2-indexed,r01_region_record_count,w1000000_16,chr1,34054184,35054183,1000000,1668,2,0.016120364889502525,OK,True,
cyvcf2-indexed,r01_region_record_count,w1000000_16,chr1,34054184,35054183,1000000,1668,3,0.016125435940921307,OK,True,
cyvcf2-indexed,r01_region_record_count,w1000000_17,chr1,15193776,16193775,1000000,1521,1,0.014995879027992487,OK,True,
cyvcf2-indexed,r01_region_record_count,w1000000_17,chr1,15193776,16193775,1000000,1521,2,0.014782240614295006,OK,True,
cyvcf2-indexed,r01_region_record_count,w1000000_17,chr1,15193776,16193775,1000000,1521,3,0.015133200213313103,OK,True,
cyvcf2-indexed,r01_region_record_count,w1000000_18,chr1,43583485,44583484,1000000,1108,1,0.011858948972076178,OK,True,
cyvcf2-indexed,r01_region_record_count,w1000000_18,chr1,43583485,44583484,1000000,1108,2,0.011720184236764908,OK,True,
cyvcf2-indexed,r01_region_record_count,w1000000_18,chr1,43583485,44583484,1000000,1108,3,0.011788974050432444,OK,True,
cyvcf2-indexed,r01_region_record_count,w1000000_19,chr1,58570714,59570713,1000000,1451,1,0.014583082869648933,OK,True,
cyvcf2-indexed,r01_region_record_count,w1000000_19,chr1,58570714,59570713,1000000,1451,2,0.014167706947773695,OK,True,
cyvcf2-indexed,r01_region_record_count,w1000000_19,chr1,58570714,59570713,1000000,1451,3,0.014563838951289654,OK,True,
cyvcf2-indexed,r01_region_record_count,w10000000_00,chr1,36023355,46023354,10000000,11510,1,0.090108553878963,OK,True,
cyvcf2-indexed,r01_region_record_count,w10000000_00,chr1,36023355,46023354,10000000,11510,2,0.09039023192599416,OK,True,
cyvcf2-indexed,r01_region_record_count,w10000000_00,chr1,36023355,46023354,10000000,11510,3,0.09285123506560922,OK,True,
cyvcf2-indexed,r01_region_record_count,w10000000_01,chr1,57527385,67527384,10000000,14820,1,0.11724946089088917,OK,True,
cyvcf2-indexed,r01_region_record_count,w10000000_01,chr1,57527385,67527384,10000000,14820,2,0.11494544567540288,OK,True,
cyvcf2-indexed,r01_region_record_count,w10000000_01,chr1,57527385,67527384,10000000,14820,3,0.11648815218359232,OK,True,
cyvcf2-indexed,r01_region_record_count,w10000000_02,chr1,63680811,73680810,10000000,13676,1,0.10965782916173339,OK,True,
cyvcf2-indexed,r01_region_record_count,w10000000_02,chr1,63680811,73680810,10000000,13676,2,0.10962115693837404,OK,True,
cyvcf2-indexed,r01_region_record_count,w10000000_02,chr1,63680811,73680810,10000000,13676,3,0.10877793608233333,OK,True,
cyvcf2-indexed,r01_region_record_count,w10000000_03,chr1,53679378,63679377,10000000,14787,1,0.11444605188444257,OK,True,
cyvcf2-indexed,r01_region_record_count,w10000000_03,chr1,53679378,63679377,10000000,14787,2,0.11416728794574738,OK,True,
cyvcf2-indexed,r01_region_record_count,w10000000_03,chr1,53679378,63679377,10000000,14787,3,0.1141199548728764,OK,True,
cyvcf2-indexed,r01_region_record_count,w10000000_04,chr1,60690498,70690497,10000000,14398,1,0.11109327618032694,OK,True,
cyvcf2-indexed,r01_region_record_count,w10000000_04,chr1,60690498,70690497,10000000,14398,2,0.1119814608246088,OK,True,
cyvcf2-indexed,r01_region_record_count,w10000000_04,chr1,60690498,70690497,10000000,14398,3,0.11251720180734992,OK,True,
cyvcf2-indexed,r01_region_record_count,w10000000_05,chr1,47428546,57428545,10000000,11289,1,0.0901688220910728,OK,True,
cyvcf2-indexed,r01_region_record_count,w10000000_05,chr1,47428546,57428545,10000000,11289,2,0.09919900493696332,OK,True,
cyvcf2-indexed,r01_region_record_count,w10000000_05,chr1,47428546,57428545,10000000,11289,3,0.0958568723872304,OK,True,
cyvcf2-indexed,r01_region_record_count,w10000000_06,chr1,22030736,32030735,10000000,12991,1,0.10249928804114461,OK,True,
cyvcf2-indexed,r01_region_record_count,w10000000_06,chr1,22030736,32030735,10000000,12991,2,0.10225475020706654,OK,True,
cyvcf2-indexed,r01_region_record_count,w10000000_06,chr1,22030736,32030735,10000000,12991,3,0.10213936772197485,OK,True,
cyvcf2-indexed,r01_region_record_count,w10000000_07,chr1,34252401,44252400,10000000,11717,1,0.09184395708143711,OK,True,
cyvcf2-indexed,r01_region_record_count,w10000000_07,chr1,34252401,44252400,10000000,11717,2,0.0930530522018671,OK,True,
cyvcf2-indexed,r01_region_record_count,w10000000_07,chr1,34252401,44252400,10000000,11717,3,0.09164081420749426,OK,True,
cyvcf2-indexed,r01_region_record_count,w10000000_08,chr1,58528508,68528507,10000000,14502,1,0.11283524008467793,OK,True,
cyvcf2-indexed,r01_region_record_count,w10000000_08,chr1,58528508,68528507,10000000,14502,2,0.11216200096532702,OK,True,
cyvcf2-indexed,r01_region_record_count,w10000000_08,chr1,58528508,68528507,10000000,14502,3,0.11309050163254142,OK,True,
cyvcf2-indexed,r01_region_record_count,w10000000_09,chr1,51917411,61917410,10000000,13900,1,0.12203356111422181,OK,True,
cyvcf2-indexed,r01_region_record_count,w10000000_09,chr1,51917411,61917410,10000000,13900,2,0.12254480039700866,OK,True,
cyvcf2-indexed,r01_region_record_count,w10000000_09,chr1,51917411,61917410,10000000,13900,3,0.10953404288738966,OK,True,
cyvcf2-indexed,r01_region_record_count,w10000000_10,chr1,17106918,27106917,10000000,14199,1,0.11643019784241915,OK,True,
cyvcf2-indexed,r01_region_record_count,w10000000_10,chr1,17106918,27106917,10000000,14199,2,0.12092494172975421,OK,True,
cyvcf2-indexed,r01_region_record_count,w10000000_10,chr1,17106918,27106917,10000000,14199,3,0.1265353844501078,OK,True,
cyvcf2-indexed,r01_region_record_count,w10000000_11,chr1,43275553,53275552,10000000,9415,1,0.07578374072909355,OK,True,
cyvcf2-indexed,r01_region_record_count,w10000000_11,chr1,43275553,53275552,10000000,9415,2,0.08863880997523665,OK,True,
cyvcf2-indexed,r01_region_record_count,w10000000_11,chr1,43275553,53275552,10000000,9415,3,0.08730474533513188,OK,True,
cyvcf2-indexed,r01_region_record_count,w10000000_12,chr1,75394691,85394690,10000000,3288,1,0.02817697823047638,OK,True,
cyvcf2-indexed,r01_region_record_count,w10000000_12,chr1,75394691,85394690,10000000,3288,2,0.029718066100031137,OK,True,
cyvcf2-indexed,r01_region_record_count,w10000000_12,chr1,75394691,85394690,10000000,3288,3,0.02880912134423852,OK,True,
cyvcf2-indexed,r01_region_record_count,w10000000_13,chr1,40866716,50866715,10000000,10786,1,0.08487168699502945,OK,True,
cyvcf2-indexed,r01_region_record_count,w10000000_13,chr1,40866716,50866715,10000000,10786,2,0.08594579668715596,OK,True,
cyvcf2-indexed,r01_region_record_count,w10000000_13,chr1,40866716,50866715,10000000,10786,3,0.0873047849163413,OK,True,
cyvcf2-indexed,r01_region_record_count,w10000000_14,chr1,54182280,64182279,10000000,14941,1,0.11850502295419574,OK,True,
cyvcf2-indexed,r01_region_record_count,w10000000_14,chr1,54182280,64182279,10000000,14941,2,0.11925053456798196,OK,True,
cyvcf2-indexed,r01_region_record_count,w10000000_14,chr1,54182280,64182279,10000000,14941,3,0.11879455391317606,OK,True,
cyvcf2-indexed,r01_region_record_count,w10000000_15,chr1,22053178,32053177,10000000,12910,1,0.10244274511933327,OK,True,
cyvcf2-indexed,r01_region_record_count,w10000000_15,chr1,22053178,32053177,10000000,12910,2,0.09997456101700664,OK,True,
cyvcf2-indexed,r01_region_record_count,w10000000_15,chr1,22053178,32053177,10000000,12910,3,0.10138852475211024,OK,True,
cyvcf2-indexed,r01_region_record_count,w10000000_16,chr1,65680356,75680355,10000000,13295,1,0.10444068117067218,OK,True,
cyvcf2-indexed,r01_region_record_count,w10000000_16,chr1,65680356,75680355,10000000,13295,2,0.1023780913092196,OK,True,
cyvcf2-indexed,r01_region_record_count,w10000000_16,chr1,65680356,75680355,10000000,13295,3,0.10361425299197435,OK,True,
cyvcf2-indexed,r01_region_record_count,w10000000_17,chr1,30270070,40270069,10000000,12583,1,0.10043686768040061,OK,True,
cyvcf2-indexed,r01_region_record_count,w10000000_17,chr1,30270070,40270069,10000000,12583,2,0.09749006992205977,OK,True,
cyvcf2-indexed,r01_region_record_count,w10000000_17,chr1,30270070,40270069,10000000,12583,3,0.09898497629910707,OK,True,
cyvcf2-indexed,r01_region_record_count,w10000000_18,chr1,42283662,52283661,10000000,9628,1,0.07533869473263621,OK,True,
cyvcf2-indexed,r01_region_record_count,w10000000_18,chr1,42283662,52283661,10000000,9628,2,0.07517869491130114,OK,True,
cyvcf2-indexed,r01_region_record_count,w10000000_18,chr1,42283662,52283661,10000000,9628,3,0.0763557436875999,OK,True,
cyvcf2-indexed,r01_region_record_count,w10000000_19,chr1,61622305,71622304,10000000,14407,1,0.11044865986332297,OK,True,
cyvcf2-indexed,r01_region_record_count,w10000000_19,chr1,61622305,71622304,10000000,14407,2,0.11022537807002664,OK,True,
cyvcf2-indexed,r01_region_record_count,w10000000_19,chr1,61622305,71622304,10000000,14407,3,0.11025350820273161,OK,True,
cyvcf2-indexed,r02_region_variant_shape_counts,w1000_00,chr1,23894831,23895830,1000,10,1,0.003742869943380356,OK,True,
cyvcf2-indexed,r02_region_variant_shape_counts,w1000_00,chr1,23894831,23895830,1000,10,2,0.0034481496550142765,OK,True,
cyvcf2-indexed,r02_region_variant_shape_counts,w1000_00,chr1,23894831,23895830,1000,10,3,0.0033862069249153137,OK,True,
cyvcf2-indexed,r02_region_variant_shape_counts,w1000_01,chr1,37268328,37269327,1000,1,1,0.00323765492066741,OK,True,
cyvcf2-indexed,r02_region_variant_shape_counts,w1000_01,chr1,37268328,37269327,1000,1,2,0.0032208790071308613,OK,True,
cyvcf2-indexed,r02_region_variant_shape_counts,w1000_01,chr1,37268328,37269327,1000,1,3,0.003230649046599865,OK,True,
cyvcf2-indexed,r02_region_variant_shape_counts,w1000_02,chr1,42471294,42472293,1000,2,1,0.0032875332981348038,OK,True,
cyvcf2-indexed,r02_region_variant_shape_counts,w1000_02,chr1,42471294,42472293,1000,2,2,0.003169887699186802,OK,True,
cyvcf2-indexed,r02_region_variant_shape_counts,w1000_02,chr1,42471294,42472293,1000,2,3,0.003139202017337084,OK,True,
cyvcf2-indexed,r02_region_variant_shape_counts,w1000_03,chr1,19972624,19973623,1000,4,1,0.0032095182687044144,OK,True,
cyvcf2-indexed,r02_region_variant_shape_counts,w1000_03,chr1,19972624,19973623,1000,4,2,0.0031692860648036003,OK,True,
cyvcf2-indexed,r02_region_variant_shape_counts,w1000_03,chr1,19972624,19973623,1000,4,3,0.0031633293256163597,OK,True,
cyvcf2-indexed,r02_region_variant_shape_counts,w1000_04,chr1,65925426,65926425,1000,2,1,0.0031515690498054028,OK,True,
cyvcf2-indexed,r02_region_variant_shape_counts,w1000_04,chr1,65925426,65926425,1000,2,2,0.003168343100696802,OK,True,
cyvcf2-indexed,r02_region_variant_shape_counts,w1000_04,chr1,65925426,65926425,1000,2,3,0.00314584793522954,OK,True,
cyvcf2-indexed,r02_region_variant_shape_counts,w1000_05,chr1,54878472,54879471,1000,2,1,0.0031871888786554337,OK,True,
cyvcf2-indexed,r02_region_variant_shape_counts,w1000_05,chr1,54878472,54879471,1000,2,2,0.003164348192512989,OK,True,
cyvcf2-indexed,r02_region_variant_shape_counts,w1000_05,chr1,54878472,54879471,1000,2,3,0.0032316851429641247,OK,True,
cyvcf2-indexed,r02_region_variant_shape_counts,w1000_06,chr1,54724268,54725267,1000,9,1,0.003289374988526106,OK,True,
cyvcf2-indexed,r02_region_variant_shape_counts,w1000_06,chr1,54724268,54725267,1000,9,2,0.0032566459849476814,OK,True,
cyvcf2-indexed,r02_region_variant_shape_counts,w1000_06,chr1,54724268,54725267,1000,9,3,0.003336173016577959,OK,True,
cyvcf2-indexed,r02_region_variant_shape_counts,w1000_07,chr1,50226603,50227602,1000,3,1,0.0032259561121463776,OK,True,
cyvcf2-indexed,r02_region_variant_shape_counts,w1000_07,chr1,50226603,50227602,1000,3,2,0.0032035037875175476,OK,True,
cyvcf2-indexed,r02_region_variant_shape_counts,w1000_07,chr1,50226603,50227602,1000,3,3,0.003266775980591774,OK,True,
cyvcf2-indexed,r02_region_variant_shape_counts,w1000_08,chr1,5558122,5559121,1000,2,1,0.0031758430413901806,OK,True,
cyvcf2-indexed,r02_region_variant_shape_counts,w1000_08,chr1,5558122,5559121,1000,2,2,0.0031781475991010666,OK,True,
cyvcf2-indexed,r02_region_variant_shape_counts,w1000_08,chr1,5558122,5559121,1000,2,3,0.003172776196151972,OK,True,
cyvcf2-indexed,r02_region_variant_shape_counts,w1000_09,chr1,21979241,21980240,1000,15,1,0.003333643078804016,OK,True,
cyvcf2-indexed,r02_region_variant_shape_counts,w1000_09,chr1,21979241,21980240,1000,15,2,0.0034319600090384483,OK,True,
cyvcf2-indexed,r02_region_variant_shape_counts,w1000_09,chr1,21979241,21980240,1000,15,3,0.0033416221849620342,OK,True,
cyvcf2-indexed,r02_region_variant_shape_counts,w1000_10,chr1,58250107,58251106,1000,2,1,0.0031485692597925663,OK,True,
cyvcf2-indexed,r02_region_variant_shape_counts,w1000_10,chr1,58250107,58251106,1000,2,2,0.003180061001330614,OK,True,
cyvcf2-indexed,r02_region_variant_shape_counts,w1000_10,chr1,58250107,58251106,1000,2,3,0.0031401440501213074,OK,True,
cyvcf2-indexed,r02_region_variant_shape_counts,w1000_11,chr1,33820268,33821267,1000,1,1,0.003148815128952265,OK,True,
cyvcf2-indexed,r02_region_variant_shape_counts,w1000_11,chr1,33820268,33821267,1000,1,2,0.0033877696841955185,OK,True,
cyvcf2-indexed,r02_region_variant_shape_counts,w1000_11,chr1,33820268,33821267,1000,1,3,0.003185180015861988,OK,True,
cyvcf2-indexed,r02_region_variant_shape_counts,w1000_12,chr1,74268898,74269897,1000,4,1,0.003184275235980749,OK,True,
cyvcf2-indexed,r02_region_variant_shape_counts,w1000_12,chr1,74268898,74269897,1000,4,2,0.0032822121866047382,OK,True,
cyvcf2-indexed,r02_region_variant_shape_counts,w1000_12,chr1,74268898,74269897,1000,4,3,0.0034787608310580254,OK,True,
cyvcf2-indexed,r02_region_variant_shape_counts,w1000_13,chr1,58011340,58012339,1000,3,1,0.0032864613458514214,OK,True,
cyvcf2-indexed,r02_region_variant_shape_counts,w1000_13,chr1,58011340,58012339,1000,3,2,0.0031983917579054832,OK,True,
cyvcf2-indexed,r02_region_variant_shape_counts,w1000_13,chr1,58011340,58012339,1000,3,3,0.003179193940013647,OK,True,
cyvcf2-indexed,r02_region_variant_shape_counts,w1000_14,chr1,55322618,55323617,1000,2,1,0.0031974618323147297,OK,True,
cyvcf2-indexed,r02_region_variant_shape_counts,w1000_14,chr1,55322618,55323617,1000,2,2,0.003182239830493927,OK,True,
cyvcf2-indexed,r02_region_variant_shape_counts,w1000_14,chr1,55322618,55323617,1000,2,3,0.003197501879185438,OK,True,
cyvcf2-indexed,r02_region_variant_shape_counts,w1000_15,chr1,58597811,58598810,1000,2,1,0.0032379180192947388,OK,True,
cyvcf2-indexed,r02_region_variant_shape_counts,w1000_15,chr1,58597811,58598810,1000,2,2,0.003341121133416891,OK,True,
cyvcf2-indexed,r02_region_variant_shape_counts,w1000_15,chr1,58597811,58598810,1000,2,3,0.0033181230537593365,OK,True,
cyvcf2-indexed,r02_region_variant_shape_counts,w1000_16,chr1,61942877,61943876,1000,1,1,0.0031716004014015198,OK,True,
cyvcf2-indexed,r02_region_variant_shape_counts,w1000_16,chr1,61942877,61943876,1000,1,2,0.003179056104272604,OK,True,
cyvcf2-indexed,r02_region_variant_shape_counts,w1000_16,chr1,61942877,61943876,1000,1,3,0.0032272241078317165,OK,True,
cyvcf2-indexed,r02_region_variant_shape_counts,w1000_17,chr1,74952903,74953902,1000,2,1,0.0032541239634156227,OK,True,
cyvcf2-indexed,r02_region_variant_shape_counts,w1000_17,chr1,74952903,74953902,1000,2,2,0.0032766051590442657,OK,True,
cyvcf2-indexed,r02_region_variant_shape_counts,w1000_17,chr1,74952903,74953902,1000,2,3,0.003407886251807213,OK,True,
cyvcf2-indexed,r02_region_variant_shape_counts,w1000_18,chr1,10920022,10921021,1000,7,1,0.0033630928955972195,OK,True,
cyvcf2-indexed,r02_region_variant_shape_counts,w1000_18,chr1,10920022,10921021,1000,7,2,0.003276585601270199,OK,True,
cyvcf2-indexed,r02_region_variant_shape_counts,w1000_18,chr1,10920022,10921021,1000,7,3,0.003371205646544695,OK,True,
cyvcf2-indexed,r02_region_variant_shape_counts,w1000_19,chr1,54064366,54065365,1000,1,1,0.0032957950606942177,OK,True,
cyvcf2-indexed,r02_region_variant_shape_counts,w1000_19,chr1,54064366,54065365,1000,1,2,0.003208545967936516,OK,True,
cyvcf2-indexed,r02_region_variant_shape_counts,w1000_19,chr1,54064366,54065365,1000,1,3,0.0032219840213656425,OK,True,
cyvcf2-indexed,r02_region_variant_shape_counts,w100000_00,chr1,76042312,76142311,100000,132,1,0.004709932021796703,OK,True,
cyvcf2-indexed,r02_region_variant_shape_counts,w100000_00,chr1,76042312,76142311,100000,132,2,0.0046511488035321236,OK,True,
cyvcf2-indexed,r02_region_variant_shape_counts,w100000_00,chr1,76042312,76142311,100000,132,3,0.0046878475695848465,OK,True,
cyvcf2-indexed,r02_region_variant_shape_counts,w100000_01,chr1,26177705,26277704,100000,141,1,0.004767702892422676,OK,True,
cyvcf2-indexed,r02_region_variant_shape_counts,w100000_01,chr1,26177705,26277704,100000,141,2,0.004888881929218769,OK,True,
cyvcf2-indexed,r02_region_variant_shape_counts,w100000_01,chr1,26177705,26277704,100000,141,3,0.005005076993256807,OK,True,
cyvcf2-indexed,r02_region_variant_shape_counts,w100000_02,chr1,76668322,76768321,100000,131,1,0.0046579111367464066,OK,True,
cyvcf2-indexed,r02_region_variant_shape_counts,w100000_02,chr1,76668322,76768321,100000,131,2,0.004611105192452669,OK,True,
cyvcf2-indexed,r02_region_variant_shape_counts,w100000_02,chr1,76668322,76768321,100000,131,3,0.004655719269067049,OK,True,
cyvcf2-indexed,r02_region_variant_shape_counts,w100000_03,chr1,64797067,64897066,100000,153,1,0.004846071824431419,OK,True,
cyvcf2-indexed,r02_region_variant_shape_counts,w100000_03,chr1,64797067,64897066,100000,153,2,0.004845213145017624,OK,True,
cyvcf2-indexed,r02_region_variant_shape_counts,w100000_03,chr1,64797067,64897066,100000,153,3,0.004766451194882393,OK,True,
cyvcf2-indexed,r02_region_variant_shape_counts,w100000_04,chr1,66848110,66948109,100000,83,1,0.004070802126079798,OK,True,
cyvcf2-indexed,r02_region_variant_shape_counts,w100000_04,chr1,66848110,66948109,100000,83,2,0.004019252024590969,OK,True,
cyvcf2-indexed,r02_region_variant_shape_counts,w100000_04,chr1,66848110,66948109,100000,83,3,0.003988546784967184,OK,True,
cyvcf2-indexed,r02_region_variant_shape_counts,w100000_05,chr1,58175965,58275964,100000,181,1,0.005017245188355446,OK,True,
cyvcf2-indexed,r02_region_variant_shape_counts,w100000_05,chr1,58175965,58275964,100000,181,2,0.005049806088209152,OK,True,
cyvcf2-indexed,r02_region_variant_shape_counts,w100000_05,chr1,58175965,58275964,100000,181,3,0.005000162869691849,OK,True,
cyvcf2-indexed,r02_region_variant_shape_counts,w100000_06,chr1,41567443,41667442,100000,142,1,0.004590285010635853,OK,True,
cyvcf2-indexed,r02_region_variant_shape_counts,w100000_06,chr1,41567443,41667442,100000,142,2,0.004591079428792,OK,True,
cyvcf2-indexed,r02_region_variant_shape_counts,w100000_06,chr1,41567443,41667442,100000,142,3,0.004588455893099308,OK,True,
cyvcf2-indexed,r02_region_variant_shape_counts,w100000_07,chr1,23625875,23725874,100000,143,1,0.004647969733923674,OK,True,
cyvcf2-indexed,r02_region_variant_shape_counts,w100000_07,chr1,23625875,23725874,100000,143,2,0.004690811038017273,OK,True,
cyvcf2-indexed,r02_region_variant_shape_counts,w100000_07,chr1,23625875,23725874,100000,143,3,0.00464695505797863,OK,True,
cyvcf2-indexed,r02_region_variant_shape_counts,w100000_08,chr1,69897964,69997963,100000,77,1,0.003948274999856949,OK,True,
cyvcf2-indexed,r02_region_variant_shape_counts,w100000_08,chr1,69897964,69997963,100000,77,2,0.003888986073434353,OK,True,
cyvcf2-indexed,r02_region_variant_shape_counts,w100000_08,chr1,69897964,69997963,100000,77,3,0.0039015943184494972,OK,True,
cyvcf2-indexed,r02_region_variant_shape_counts,w100000_09,chr1,63664508,63764507,100000,287,1,0.006043607834726572,OK,True,
cyvcf2-indexed,r02_region_variant_shape_counts,w100000_09,chr1,63664508,63764507,100000,287,2,0.0060434178449213505,OK,True,
cyvcf2-indexed,r02_region_variant_shape_counts,w100000_09,chr1,63664508,63764507,100000,287,3,0.006102451588958502,OK,True,
cyvcf2-indexed,r02_region_variant_shape_counts,w100000_10,chr1,15518874,15618873,100000,146,1,0.004706094972789288,OK,True,
cyvcf2-indexed,r02_region_variant_shape_counts,w100000_10,chr1,15518874,15618873,100000,146,2,0.004631948657333851,OK,True,
cyvcf2-indexed,r02_region_variant_shape_counts,w100000_10,chr1,15518874,15618873,100000,146,3,0.0047463770024478436,OK,True,
cyvcf2-indexed,r02_region_variant_shape_counts,w100000_11,chr1,23996836,24096835,100000,343,1,0.006644141860306263,OK,True,
cyvcf2-indexed,r02_region_variant_shape_counts,w100000_11,chr1,23996836,24096835,100000,343,2,0.006705810781568289,OK,True,
cyvcf2-indexed,r02_region_variant_shape_counts,w100000_11,chr1,23996836,24096835,100000,343,3,0.006750463042408228,OK,True,
cyvcf2-indexed,r02_region_variant_shape_counts,w100000_12,chr1,56566795,56666794,100000,139,1,0.004704434424638748,OK,True,
cyvcf2-indexed,r02_region_variant_shape_counts,w100000_12,chr1,56566795,56666794,100000,139,2,0.004643243737518787,OK,True,
cyvcf2-indexed,r02_region_variant_shape_counts,w100000_12,chr1,56566795,56666794,100000,139,3,0.00466879503801465,OK,True,
cyvcf2-indexed,r02_region_variant_shape_counts,w100000_13,chr1,24058646,24158645,100000,214,1,0.005658390931785107,OK,True,
cyvcf2-indexed,r02_region_variant_shape_counts,w100000_13,chr1,24058646,24158645,100000,214,2,0.005557993892580271,OK,True,
cyvcf2-indexed,r02_region_variant_shape_counts,w100000_13,chr1,24058646,24158645,100000,214,3,0.005412063095718622,OK,True,
cyvcf2-indexed,r02_region_variant_shape_counts,w100000_14,chr1,3105927,3205926,100000,226,1,0.0056494553573429585,OK,True,
cyvcf2-indexed,r02_region_variant_shape_counts,w100000_14,chr1,3105927,3205926,100000,226,2,0.0057377079501748085,OK,True,
cyvcf2-indexed,r02_region_variant_shape_counts,w100000_14,chr1,3105927,3205926,100000,226,3,0.005497063975781202,OK,True,
cyvcf2-indexed,r02_region_variant_shape_counts,w100000_15,chr1,54865968,54965967,100000,181,1,0.005077818874269724,OK,True,
cyvcf2-indexed,r02_region_variant_shape_counts,w100000_15,chr1,54865968,54965967,100000,181,2,0.004972146824002266,OK,True,
cyvcf2-indexed,r02_region_variant_shape_counts,w100000_15,chr1,54865968,54965967,100000,181,3,0.004983724094927311,OK,True,
cyvcf2-indexed,r02_region_variant_shape_counts,w100000_16,chr1,58852100,58952099,100000,79,1,0.004045328125357628,OK,True,
cyvcf2-indexed,r02_region_variant_shape_counts,w100000_16,chr1,58852100,58952099,100000,79,2,0.004479510709643364,OK,True,
cyvcf2-indexed,r02_region_variant_shape_counts,w100000_16,chr1,58852100,58952099,100000,79,3,0.004251745995134115,OK,True,
cyvcf2-indexed,r02_region_variant_shape_counts,w100000_17,chr1,77570681,77670680,100000,81,1,0.004052239004522562,OK,True,
cyvcf2-indexed,r02_region_variant_shape_counts,w100000_17,chr1,77570681,77670680,100000,81,2,0.004173671826720238,OK,True,
cyvcf2-indexed,r02_region_variant_shape_counts,w100000_17,chr1,77570681,77670680,100000,81,3,0.004055185243487358,OK,True,
cyvcf2-indexed,r02_region_variant_shape_counts,w100000_18,chr1,66388887,66488886,100000,196,1,0.005414364859461784,OK,True,
cyvcf2-indexed,r02_region_variant_shape_counts,w100000_18,chr1,66388887,66488886,100000,196,2,0.005224246997386217,OK,True,
cyvcf2-indexed,r02_region_variant_shape_counts,w100000_18,chr1,66388887,66488886,100000,196,3,0.005464494228363037,OK,True,
cyvcf2-indexed,r02_region_variant_shape_counts,w100000_19,chr1,5319806,5419805,100000,87,1,0.004199145827442408,OK,True,
cyvcf2-indexed,r02_region_variant_shape_counts,w100000_19,chr1,5319806,5419805,100000,87,2,0.004163799807429314,OK,True,
cyvcf2-indexed,r02_region_variant_shape_counts,w100000_19,chr1,5319806,5419805,100000,87,3,0.00421361206099391,OK,True,
cyvcf2-indexed,r02_region_variant_shape_counts,w1000000_00,chr1,42846822,43846821,1000000,1112,1,0.014383353758603334,OK,True,
cyvcf2-indexed,r02_region_variant_shape_counts,w1000000_00,chr1,42846822,43846821,1000000,1112,2,0.014577186200767756,OK,True,
cyvcf2-indexed,r02_region_variant_shape_counts,w1000000_00,chr1,42846822,43846821,1000000,1112,3,0.014426381327211857,OK,True,
cyvcf2-indexed,r02_region_variant_shape_counts,w1000000_01,chr1,9034070,10034069,1000000,1143,1,0.014692286029458046,OK,True,
cyvcf2-indexed,r02_region_variant_shape_counts,w1000000_01,chr1,9034070,10034069,1000000,1143,2,0.014856601133942604,OK,True,
cyvcf2-indexed,r02_region_variant_shape_counts,w1000000_01,chr1,9034070,10034069,1000000,1143,3,0.014784026425331831,OK,True,
cyvcf2-indexed,r02_region_variant_shape_counts,w1000000_02,chr1,54809885,55809884,1000000,1670,1,0.020679738838225603,OK,True,
cyvcf2-indexed,r02_region_variant_shape_counts,w1000000_02,chr1,54809885,55809884,1000000,1670,2,0.020396410953253508,OK,True,
cyvcf2-indexed,r02_region_variant_shape_counts,w1000000_02,chr1,54809885,55809884,1000000,1670,3,0.019971222151070833,OK,True,
cyvcf2-indexed,r02_region_variant_shape_counts,w1000000_03,chr1,55795141,56795140,1000000,1824,1,0.02173442207276821,OK,True,
cyvcf2-indexed,r02_region_variant_shape_counts,w1000000_03,chr1,55795141,56795140,1000000,1824,2,0.02153713908046484,OK,True,
cyvcf2-indexed,r02_region_variant_shape_counts,w1000000_03,chr1,55795141,56795140,1000000,1824,3,0.021437618881464005,OK,True,
cyvcf2-indexed,r02_region_variant_shape_counts,w1000000_04,chr1,11734309,12734308,1000000,950,1,0.01278821425512433,OK,True,
cyvcf2-indexed,r02_region_variant_shape_counts,w1000000_04,chr1,11734309,12734308,1000000,950,2,0.012649621348828077,OK,True,
cyvcf2-indexed,r02_region_variant_shape_counts,w1000000_04,chr1,11734309,12734308,1000000,950,3,0.012743649072945118,OK,True,
cyvcf2-indexed,r02_region_variant_shape_counts,w1000000_05,chr1,28814643,29814642,1000000,1348,1,0.017098335083574057,OK,True,
cyvcf2-indexed,r02_region_variant_shape_counts,w1000000_05,chr1,28814643,29814642,1000000,1348,2,0.0168756153434515,OK,True,
cyvcf2-indexed,r02_region_variant_shape_counts,w1000000_05,chr1,28814643,29814642,1000000,1348,3,0.016563772223889828,OK,True,
cyvcf2-indexed,r02_region_variant_shape_counts,w1000000_06,chr1,47354520,48354519,1000000,1253,1,0.015821986831724644,OK,True,
cyvcf2-indexed,r02_region_variant_shape_counts,w1000000_06,chr1,47354520,48354519,1000000,1253,2,0.01575838215649128,OK,True,
cyvcf2-indexed,r02_region_variant_shape_counts,w1000000_06,chr1,47354520,48354519,1000000,1253,3,0.015609026420861483,OK,True,
cyvcf2-indexed,r02_region_variant_shape_counts,w1000000_07,chr1,35782931,36782930,1000000,868,1,0.01215318962931633,OK,True,
cyvcf2-indexed,r02_region_variant_shape_counts,w1000000_07,chr1,35782931,36782930,1000000,868,2,0.01299773808568716,OK,True,
cyvcf2-indexed,r02_region_variant_shape_counts,w1000000_07,chr1,35782931,36782930,1000000,868,3,0.012546891812235117,OK,True,
cyvcf2-indexed,r02_region_variant_shape_counts,w1000000_08,chr1,5611726,6611725,1000000,1261,1,0.016065613832324743,OK,True,
cyvcf2-indexed,r02_region_variant_shape_counts,w1000000_08,chr1,5611726,6611725,1000000,1261,2,0.01595263695344329,OK,True,
cyvcf2-indexed,r02_region_variant_shape_counts,w1000000_08,chr1,5611726,6611725,1000000,1261,3,0.01565239578485489,OK,True,
cyvcf2-indexed,r02_region_variant_shape_counts,w1000000_09,chr1,17930348,18930347,1000000,1491,1,0.017861726228147745,OK,True,
cyvcf2-indexed,r02_region_variant_shape_counts,w1000000_09,chr1,17930348,18930347,1000000,1491,2,0.017949474044144154,OK,True,
cyvcf2-indexed,r02_region_variant_shape_counts,w1000000_09,chr1,17930348,18930347,1000000,1491,3,0.01826129900291562,OK,True,
cyvcf2-indexed,r02_region_variant_shape_counts,w1000000_10,chr1,58656617,59656616,1000000,1262,1,0.01577823283150792,OK,True,
cyvcf2-indexed,r02_region_variant_shape_counts,w1000000_10,chr1,58656617,59656616,1000000,1262,2,0.01609601778909564,OK,True,
cyvcf2-indexed,r02_region_variant_shape_counts,w1000000_10,chr1,58656617,59656616,1000000,1262,3,0.015991513151675463,OK,True,
cyvcf2-indexed,r02_region_variant_shape_counts,w1000000_11,chr1,20579658,21579657,1000000,1246,1,0.015742735005915165,OK,True,
cyvcf2-indexed,r02_region_variant_shape_counts,w1000000_11,chr1,20579658,21579657,1000000,1246,2,0.016418205108493567,OK,True,
cyvcf2-indexed,r02_region_variant_shape_counts,w1000000_11,chr1,20579658,21579657,1000000,1246,3,0.016154144890606403,OK,True,
cyvcf2-indexed,r02_region_variant_shape_counts,w1000000_12,chr1,66774094,67774093,1000000,1548,1,0.018789101857692003,OK,True,
cyvcf2-indexed,r02_region_variant_shape_counts,w1000000_12,chr1,66774094,67774093,1000000,1548,2,0.018714991863816977,OK,True,
cyvcf2-indexed,r02_region_variant_shape_counts,w1000000_12,chr1,66774094,67774093,1000000,1548,3,0.020200799219310284,OK,True,
cyvcf2-indexed,r02_region_variant_shape_counts,w1000000_13,chr1,53330427,54330426,1000000,1337,1,0.01687745889648795,OK,True,
cyvcf2-indexed,r02_region_variant_shape_counts,w1000000_13,chr1,53330427,54330426,1000000,1337,2,0.01677415519952774,OK,True,
cyvcf2-indexed,r02_region_variant_shape_counts,w1000000_13,chr1,53330427,54330426,1000000,1337,3,0.01713182171806693,OK,True,
cyvcf2-indexed,r02_region_variant_shape_counts,w1000000_14,chr1,34457222,35457221,1000000,1194,1,0.015294610988348722,OK,True,
cyvcf2-indexed,r02_region_variant_shape_counts,w1000000_14,chr1,34457222,35457221,1000000,1194,2,0.015763937961310148,OK,True,
cyvcf2-indexed,r02_region_variant_shape_counts,w1000000_14,chr1,34457222,35457221,1000000,1194,3,0.015389720909297466,OK,True,
cyvcf2-indexed,r02_region_variant_shape_counts,w1000000_15,chr1,6173132,7173131,1000000,906,1,0.012488403357565403,OK,True,
cyvcf2-indexed,r02_region_variant_shape_counts,w1000000_15,chr1,6173132,7173131,1000000,906,2,0.012489892076700926,OK,True,
cyvcf2-indexed,r02_region_variant_shape_counts,w1000000_15,chr1,6173132,7173131,1000000,906,3,0.01232780097052455,OK,True,
cyvcf2-indexed,r02_region_variant_shape_counts,w1000000_16,chr1,34054184,35054183,1000000,1668,1,0.020037209149450064,OK,True,
cyvcf2-indexed,r02_region_variant_shape_counts,w1000000_16,chr1,34054184,35054183,1000000,1668,2,0.01991215394809842,OK,True,
cyvcf2-indexed,r02_region_variant_shape_counts,w1000000_16,chr1,34054184,35054183,1000000,1668,3,0.019872716162353754,OK,True,
cyvcf2-indexed,r02_region_variant_shape_counts,w1000000_17,chr1,15193776,16193775,1000000,1521,1,0.0184329180046916,OK,True,
cyvcf2-indexed,r02_region_variant_shape_counts,w1000000_17,chr1,15193776,16193775,1000000,1521,2,0.018451800104230642,OK,True,
cyvcf2-indexed,r02_region_variant_shape_counts,w1000000_17,chr1,15193776,16193775,1000000,1521,3,0.018648874014616013,OK,True,
cyvcf2-indexed,r02_region_variant_shape_counts,w1000000_18,chr1,43583485,44583484,1000000,1108,1,0.014342844020575285,OK,True,
cyvcf2-indexed,r02_region_variant_shape_counts,w1000000_18,chr1,43583485,44583484,1000000,1108,2,0.01427468005567789,OK,True,
cyvcf2-indexed,r02_region_variant_shape_counts,w1000000_18,chr1,43583485,44583484,1000000,1108,3,0.014183852821588516,OK,True,
cyvcf2-indexed,r02_region_variant_shape_counts,w1000000_19,chr1,58570714,59570713,1000000,1451,1,0.01756678009405732,OK,True,
cyvcf2-indexed,r02_region_variant_shape_counts,w1000000_19,chr1,58570714,59570713,1000000,1451,2,0.017553326208144426,OK,True,
cyvcf2-indexed,r02_region_variant_shape_counts,w1000000_19,chr1,58570714,59570713,1000000,1451,3,0.01768084103241563,OK,True,
cyvcf2-indexed,r02_region_variant_shape_counts,w10000000_00,chr1,36023355,46023354,10000000,11510,1,0.11613752692937851,OK,True,
cyvcf2-indexed,r02_region_variant_shape_counts,w10000000_00,chr1,36023355,46023354,10000000,11510,2,0.11610731715336442,OK,True,
cyvcf2-indexed,r02_region_variant_shape_counts,w10000000_00,chr1,36023355,46023354,10000000,11510,3,0.1163869290612638,OK,True,
cyvcf2-indexed,r02_region_variant_shape_counts,w10000000_01,chr1,57527385,67527384,10000000,14820,1,0.1520339441485703,OK,True,
cyvcf2-indexed,r02_region_variant_shape_counts,w10000000_01,chr1,57527385,67527384,10000000,14820,2,0.1488484051078558,OK,True,
cyvcf2-indexed,r02_region_variant_shape_counts,w10000000_01,chr1,57527385,67527384,10000000,14820,3,0.14924420788884163,OK,True,
cyvcf2-indexed,r02_region_variant_shape_counts,w10000000_02,chr1,63680811,73680810,10000000,13676,1,0.14079789724200964,OK,True,
cyvcf2-indexed,r02_region_variant_shape_counts,w10000000_02,chr1,63680811,73680810,10000000,13676,2,0.13935667788609862,OK,True,
cyvcf2-indexed,r02_region_variant_shape_counts,w10000000_02,chr1,63680811,73680810,10000000,13676,3,0.1393133858218789,OK,True,
cyvcf2-indexed,r02_region_variant_shape_counts,w10000000_03,chr1,53679378,63679377,10000000,14787,1,0.15286376234143972,OK,True,
cyvcf2-indexed,r02_region_variant_shape_counts,w10000000_03,chr1,53679378,63679377,10000000,14787,2,0.148772981017828,OK,True,
cyvcf2-indexed,r02_region_variant_shape_counts,w10000000_03,chr1,53679378,63679377,10000000,14787,3,0.148004530929029,OK,True,
cyvcf2-indexed,r02_region_variant_shape_counts,w10000000_04,chr1,60690498,70690497,10000000,14398,1,0.1452042288146913,OK,True,
cyvcf2-indexed,r02_region_variant_shape_counts,w10000000_04,chr1,60690498,70690497,10000000,14398,2,0.14374946942552924,OK,True,
cyvcf2-indexed,r02_region_variant_shape_counts,w10000000_04,chr1,60690498,70690497,10000000,14398,3,0.1432096678763628,OK,True,
cyvcf2-indexed,r02_region_variant_shape_counts,w10000000_05,chr1,47428546,57428545,10000000,11289,1,0.11558963311836123,OK,True,
cyvcf2-indexed,r02_region_variant_shape_counts,w10000000_05,chr1,47428546,57428545,10000000,11289,2,0.116420844104141,OK,True,
cyvcf2-indexed,r02_region_variant_shape_counts,w10000000_05,chr1,47428546,57428545,10000000,11289,3,0.11609212402254343,OK,True,
cyvcf2-indexed,r02_region_variant_shape_counts,w10000000_06,chr1,22030736,32030735,10000000,12991,1,0.13275776710361242,OK,True,
cyvcf2-indexed,r02_region_variant_shape_counts,w10000000_06,chr1,22030736,32030735,10000000,12991,2,0.13172062207013369,OK,True,
cyvcf2-indexed,r02_region_variant_shape_counts,w10000000_06,chr1,22030736,32030735,10000000,12991,3,0.13087875815108418,OK,True,
cyvcf2-indexed,r02_region_variant_shape_counts,w10000000_07,chr1,34252401,44252400,10000000,11717,1,0.11838661087676883,OK,True,
cyvcf2-indexed,r02_region_variant_shape_counts,w10000000_07,chr1,34252401,44252400,10000000,11717,2,0.12136647524312139,OK,True,
cyvcf2-indexed,r02_region_variant_shape_counts,w10000000_07,chr1,34252401,44252400,10000000,11717,3,0.12061020405963063,OK,True,
cyvcf2-indexed,r02_region_variant_shape_counts,w10000000_08,chr1,58528508,68528507,10000000,14502,1,0.14773127529770136,OK,True,
cyvcf2-indexed,r02_region_variant_shape_counts,w10000000_08,chr1,58528508,68528507,10000000,14502,2,0.1469957227818668,OK,True,
cyvcf2-indexed,r02_region_variant_shape_counts,w10000000_08,chr1,58528508,68528507,10000000,14502,3,0.14758019568398595,OK,True,
cyvcf2-indexed,r02_region_variant_shape_counts,w10000000_09,chr1,51917411,61917410,10000000,13900,1,0.14580704690888524,OK,True,
cyvcf2-indexed,r02_region_variant_shape_counts,w10000000_09,chr1,51917411,61917410,10000000,13900,2,0.14121244242414832,OK,True,
cyvcf2-indexed,r02_region_variant_shape_counts,w10000000_09,chr1,51917411,61917410,10000000,13900,3,0.13994208676740527,OK,True,
cyvcf2-indexed,r02_region_variant_shape_counts,w10000000_10,chr1,17106918,27106917,10000000,14199,1,0.14892367320135236,OK,True,
cyvcf2-indexed,r02_region_variant_shape_counts,w10000000_10,chr1,17106918,27106917,10000000,14199,2,0.1470684353262186,OK,True,
cyvcf2-indexed,r02_region_variant_shape_counts,w10000000_10,chr1,17106918,27106917,10000000,14199,3,0.1453245268203318,OK,True,
cyvcf2-indexed,r02_region_variant_shape_counts,w10000000_11,chr1,43275553,53275552,10000000,9415,1,0.09683816321194172,OK,True,
cyvcf2-indexed,r02_region_variant_shape_counts,w10000000_11,chr1,43275553,53275552,10000000,9415,2,0.09679604414850473,OK,True,
cyvcf2-indexed,r02_region_variant_shape_counts,w10000000_11,chr1,43275553,53275552,10000000,9415,3,0.09818925708532333,OK,True,
cyvcf2-indexed,r02_region_variant_shape_counts,w10000000_12,chr1,75394691,85394690,10000000,3288,1,0.036113142035901546,OK,True,
cyvcf2-indexed,r02_region_variant_shape_counts,w10000000_12,chr1,75394691,85394690,10000000,3288,2,0.036249659955501556,OK,True,
cyvcf2-indexed,r02_region_variant_shape_counts,w10000000_12,chr1,75394691,85394690,10000000,3288,3,0.036144847981631756,OK,True,
cyvcf2-indexed,r02_region_variant_shape_counts,w10000000_13,chr1,40866716,50866715,10000000,10786,1,0.11196024715900421,OK,True,
cyvcf2-indexed,r02_region_variant_shape_counts,w10000000_13,chr1,40866716,50866715,10000000,10786,2,0.10905309487134218,OK,True,
cyvcf2-indexed,r02_region_variant_shape_counts,w10000000_13,chr1,40866716,50866715,10000000,10786,3,0.10855141002684832,OK,True,
cyvcf2-indexed,r02_region_variant_shape_counts,w10000000_14,chr1,54182280,64182279,10000000,14941,1,0.1561034801416099,OK,True,
cyvcf2-indexed,r02_region_variant_shape_counts,w10000000_14,chr1,54182280,64182279,10000000,14941,2,0.15439717518165708,OK,True,
cyvcf2-indexed,r02_region_variant_shape_counts,w10000000_14,chr1,54182280,64182279,10000000,14941,3,0.1554844407364726,OK,True,
cyvcf2-indexed,r02_region_variant_shape_counts,w10000000_15,chr1,22053178,32053177,10000000,12910,1,0.13375876192003489,OK,True,
cyvcf2-indexed,r02_region_variant_shape_counts,w10000000_15,chr1,22053178,32053177,10000000,12910,2,0.13535913499072194,OK,True,
cyvcf2-indexed,r02_region_variant_shape_counts,w10000000_15,chr1,22053178,32053177,10000000,12910,3,0.13364796992391348,OK,True,
cyvcf2-indexed,r02_region_variant_shape_counts,w10000000_16,chr1,65680356,75680355,10000000,13295,1,0.13742807880043983,OK,True,
cyvcf2-indexed,r02_region_variant_shape_counts,w10000000_16,chr1,65680356,75680355,10000000,13295,2,0.13727094093337655,OK,True,
cyvcf2-indexed,r02_region_variant_shape_counts,w10000000_16,chr1,65680356,75680355,10000000,13295,3,0.1344829872250557,OK,True,
cyvcf2-indexed,r02_region_variant_shape_counts,w10000000_17,chr1,30270070,40270069,10000000,12583,1,0.12757363263517618,OK,True,
cyvcf2-indexed,r02_region_variant_shape_counts,w10000000_17,chr1,30270070,40270069,10000000,12583,2,0.12889867974445224,OK,True,
cyvcf2-indexed,r02_region_variant_shape_counts,w10000000_17,chr1,30270070,40270069,10000000,12583,3,0.1271166717633605,OK,True,
cyvcf2-indexed,r02_region_variant_shape_counts,w10000000_18,chr1,42283662,52283661,10000000,9628,1,0.09960694191977382,OK,True,
cyvcf2-indexed,r02_region_variant_shape_counts,w10000000_18,chr1,42283662,52283661,10000000,9628,2,0.09931248379871249,OK,True,
cyvcf2-indexed,r02_region_variant_shape_counts,w10000000_18,chr1,42283662,52283661,10000000,9628,3,0.0997852310538292,OK,True,
cyvcf2-indexed,r02_region_variant_shape_counts,w10000000_19,chr1,61622305,71622304,10000000,14407,1,0.14528545597568154,OK,True,
cyvcf2-indexed,r02_region_variant_shape_counts,w10000000_19,chr1,61622305,71622304,10000000,14407,2,0.14669573307037354,OK,True,
cyvcf2-indexed,r02_region_variant_shape_counts,w10000000_19,chr1,61622305,71622304,10000000,14407,3,0.14537847694009542,OK,True,
cyvcf2-indexed,r03_region_titv,w1000_00,chr1,23894831,23895830,1000,10,1,0.003678722307085991,OK,True,
cyvcf2-indexed,r03_region_titv,w1000_00,chr1,23894831,23895830,1000,10,2,0.00354599766433239,OK,True,
cyvcf2-indexed,r03_region_titv,w1000_00,chr1,23894831,23895830,1000,10,3,0.0034642252139747143,OK,True,
cyvcf2-indexed,r03_region_titv,w1000_01,chr1,37268328,37269327,1000,1,1,0.0032246969640254974,OK,True,
cyvcf2-indexed,r03_region_titv,w1000_01,chr1,37268328,37269327,1000,1,2,0.003277005162090063,OK,True,
cyvcf2-indexed,r03_region_titv,w1000_01,chr1,37268328,37269327,1000,1,3,0.0032321643084287643,OK,True,
cyvcf2-indexed,r03_region_titv,w1000_02,chr1,42471294,42472293,1000,2,1,0.0032908637076616287,OK,True,
cyvcf2-indexed,r03_region_titv,w1000_02,chr1,42471294,42472293,1000,2,2,0.003193390090018511,OK,True,
cyvcf2-indexed,r03_region_titv,w1000_02,chr1,42471294,42472293,1000,2,3,0.003333678003400564,OK,True,
cyvcf2-indexed,r03_region_titv,w1000_03,chr1,19972624,19973623,1000,4,1,0.003243765328079462,OK,True,
cyvcf2-indexed,r03_region_titv,w1000_03,chr1,19972624,19973623,1000,4,2,0.0032047778367996216,OK,True,
cyvcf2-indexed,r03_region_titv,w1000_03,chr1,19972624,19973623,1000,4,3,0.0031939009204506874,OK,True,
cyvcf2-indexed,r03_region_titv,w1000_04,chr1,65925426,65926425,1000,2,1,0.003139099106192589,OK,True,
cyvcf2-indexed,r03_region_titv,w1000_04,chr1,65925426,65926425,1000,2,2,0.0031326781027019024,OK,True,
cyvcf2-indexed,r03_region_titv,w1000_04,chr1,65925426,65926425,1000,2,3,0.003161886241286993,OK,True,
cyvcf2-indexed,r03_region_titv,w1000_05,chr1,54878472,54879471,1000,2,1,0.003148213028907776,OK,True,
cyvcf2-indexed,r03_region_titv,w1000_05,chr1,54878472,54879471,1000,2,2,0.0031716530211269855,OK,True,
cyvcf2-indexed,r03_region_titv,w1000_05,chr1,54878472,54879471,1000,2,3,0.0031414516270160675,OK,True,
cyvcf2-indexed,r03_region_titv,w1000_06,chr1,54724268,54725267,1000,9,1,0.00322100892663002,OK,True,
cyvcf2-indexed,r03_region_titv,w1000_06,chr1,54724268,54725267,1000,9,2,0.0032441639341413975,OK,True,
cyvcf2-indexed,r03_region_titv,w1000_06,chr1,54724268,54725267,1000,9,3,0.0032512848265469074,OK,True,
cyvcf2-indexed,r03_region_titv,w1000_07,chr1,50226603,50227602,1000,3,1,0.0032816920429468155,OK,True,
cyvcf2-indexed,r03_region_titv,w1000_07,chr1,50226603,50227602,1000,3,2,0.003236551769077778,OK,True,
cyvcf2-indexed,r03_region_titv,w1000_07,chr1,50226603,50227602,1000,3,3,0.003801848739385605,OK,True,
cyvcf2-indexed,r03_region_titv,w1000_08,chr1,5558122,5559121,1000,2,1,0.003377392888069153,OK,True,
cyvcf2-indexed,r03_region_titv,w1000_08,chr1,5558122,5559121,1000,2,2,0.0033528893254697323,OK,True,
cyvcf2-indexed,r03_region_titv,w1000_08,chr1,5558122,5559121,1000,2,3,0.003301597200334072,OK,True,
cyvcf2-indexed,r03_region_titv,w1000_09,chr1,21979241,21980240,1000,15,1,0.0035236570984125137,OK,True,
cyvcf2-indexed,r03_region_titv,w1000_09,chr1,21979241,21980240,1000,15,2,0.0036147520877420902,OK,True,
cyvcf2-indexed,r03_region_titv,w1000_09,chr1,21979241,21980240,1000,15,3,0.0033701639622449875,OK,True,
cyvcf2-indexed,r03_region_titv,w1000_10,chr1,58250107,58251106,1000,2,1,0.0032400069758296013,OK,True,
cyvcf2-indexed,r03_region_titv,w1000_10,chr1,58250107,58251106,1000,2,2,0.003268849104642868,OK,True,
cyvcf2-indexed,r03_region_titv,w1000_10,chr1,58250107,58251106,1000,2,3,0.003257815260440111,OK,True,
cyvcf2-indexed,r03_region_titv,w1000_11,chr1,33820268,33821267,1000,1,1,0.003344356082379818,OK,True,
cyvcf2-indexed,r03_region_titv,w1000_11,chr1,33820268,33821267,1000,1,2,0.0032878820784389973,OK,True,
cyvcf2-indexed,r03_region_titv,w1000_11,chr1,33820268,33821267,1000,1,3,0.003172455355525017,OK,True,
cyvcf2-indexed,r03_region_titv,w1000_12,chr1,74268898,74269897,1000,4,1,0.003217714838683605,OK,True,
cyvcf2-indexed,r03_region_titv,w1000_12,chr1,74268898,74269897,1000,4,2,0.0034136618487536907,OK,True,
cyvcf2-indexed,r03_region_titv,w1000_12,chr1,74268898,74269897,1000,4,3,0.0032695187255740166,OK,True,
cyvcf2-indexed,r03_region_titv,w1000_13,chr1,58011340,58012339,1000,3,1,0.00327127892524004,OK,True,
cyvcf2-indexed,r03_region_titv,w1000_13,chr1,58011340,58012339,1000,3,2,0.0032491879537701607,OK,True,
cyvcf2-indexed,r03_region_titv,w1000_13,chr1,58011340,58012339,1000,3,3,0.003404818009585142,OK,True,
cyvcf2-indexed,r03_region_titv,w1000_14,chr1,55322618,55323617,1000,2,1,0.0032040621154010296,OK,True,
cyvcf2-indexed,r03_region_titv,w1000_14,chr1,55322618,55323617,1000,2,2,0.0032150731422007084,OK,True,
cyvcf2-indexed,r03_region_titv,w1000_14,chr1,55322618,55323617,1000,2,3,0.003151309210807085,OK,True,
cyvcf2-indexed,r03_region_titv,w1000_15,chr1,58597811,58598810,1000,2,1,0.0032618120312690735,OK,True,
cyvcf2-indexed,r03_region_titv,w1000_15,chr1,58597811,58598810,1000,2,2,0.0032249679788947105,OK,True,
cyvcf2-indexed,r03_region_titv,w1000_15,chr1,58597811,58598810,1000,2,3,0.0032130801118910313,OK,True,
cyvcf2-indexed,r03_region_titv,w1000_16,chr1,61942877,61943876,1000,1,1,0.0031445049680769444,OK,True,
cyvcf2-indexed,r03_region_titv,w1000_16,chr1,61942877,61943876,1000,1,2,0.003177498932927847,OK,True,
cyvcf2-indexed,r03_region_titv,w1000_16,chr1,61942877,61943876,1000,1,3,0.0031302333809435368,OK,True,
cyvcf2-indexed,r03_region_titv,w1000_17,chr1,74952903,74953902,1000,2,1,0.0033019129186868668,OK,True,
cyvcf2-indexed,r03_region_titv,w1000_17,chr1,74952903,74953902,1000,2,2,0.0032566688023507595,OK,True,
cyvcf2-indexed,r03_region_titv,w1000_17,chr1,74952903,74953902,1000,2,3,0.0032597752287983894,OK,True,
cyvcf2-indexed,r03_region_titv,w1000_18,chr1,10920022,10921021,1000,7,1,0.003289989195764065,OK,True,
cyvcf2-indexed,r03_region_titv,w1000_18,chr1,10920022,10921021,1000,7,2,0.0033172261901199818,OK,True,
cyvcf2-indexed,r03_region_titv,w1000_18,chr1,10920022,10921021,1000,7,3,0.0032364572398364544,OK,True,
cyvcf2-indexed,r03_region_titv,w1000_19,chr1,54064366,54065365,1000,1,1,0.0032059871591627598,OK,True,
cyvcf2-indexed,r03_region_titv,w1000_19,chr1,54064366,54065365,1000,1,2,0.003169798292219639,OK,True,
cyvcf2-indexed,r03_region_titv,w1000_19,chr1,54064366,54065365,1000,1,3,0.0031638778746128082,OK,True,
cyvcf2-indexed,r03_region_titv,w100000_00,chr1,76042312,76142311,100000,132,1,0.0044189211912453175,OK,True,
cyvcf2-indexed,r03_region_titv,w100000_00,chr1,76042312,76142311,100000,132,2,0.004493005108088255,OK,True,
cyvcf2-indexed,r03_region_titv,w100000_00,chr1,76042312,76142311,100000,132,3,0.0044291154481470585,OK,True,
cyvcf2-indexed,r03_region_titv,w100000_01,chr1,26177705,26277704,100000,141,1,0.004470387008041143,OK,True,
cyvcf2-indexed,r03_region_titv,w100000_01,chr1,26177705,26277704,100000,141,2,0.004406249150633812,OK,True,
cyvcf2-indexed,r03_region_titv,w100000_01,chr1,26177705,26277704,100000,141,3,0.004513090942054987,OK,True,
cyvcf2-indexed,r03_region_titv,w100000_02,chr1,76668322,76768321,100000,131,1,0.0043348949402570724,OK,True,
cyvcf2-indexed,r03_region_titv,w100000_02,chr1,76668322,76768321,100000,131,2,0.004331984091550112,OK,True,
cyvcf2-indexed,r03_region_titv,w100000_02,chr1,76668322,76768321,100000,131,3,0.004363236948847771,OK,True,
cyvcf2-indexed,r03_region_titv,w100000_03,chr1,64797067,64897066,100000,153,1,0.004936261102557182,OK,True,
cyvcf2-indexed,r03_region_titv,w100000_03,chr1,64797067,64897066,100000,153,2,0.004618549719452858,OK,True,
cyvcf2-indexed,r03_region_titv,w100000_03,chr1,64797067,64897066,100000,153,3,0.004561017267405987,OK,True,
cyvcf2-indexed,r03_region_titv,w100000_04,chr1,66848110,66948109,100000,83,1,0.004085305146872997,OK,True,
cyvcf2-indexed,r03_region_titv,w100000_04,chr1,66848110,66948109,100000,83,2,0.0046220808289945126,OK,True,
cyvcf2-indexed,r03_region_titv,w100000_04,chr1,66848110,66948109,100000,83,3,0.0039878650568425655,OK,True,
cyvcf2-indexed,r03_region_titv,w100000_05,chr1,58175965,58275964,100000,181,1,0.004792552907019854,OK,True,
cyvcf2-indexed,r03_region_titv,w100000_05,chr1,58175965,58275964,100000,181,2,0.004759468138217926,OK,True,
cyvcf2-indexed,r03_region_titv,w100000_05,chr1,58175965,58275964,100000,181,3,0.004894343204796314,OK,True,
cyvcf2-indexed,r03_region_titv,w100000_06,chr1,41567443,41667442,100000,142,1,0.004472198896110058,OK,True,
cyvcf2-indexed,r03_region_titv,w100000_06,chr1,41567443,41667442,100000,142,2,0.004392455331981182,OK,True,
cyvcf2-indexed,r03_region_titv,w100000_06,chr1,41567443,41667442,100000,142,3,0.004377645906060934,OK,True,
cyvcf2-indexed,r03_region_titv,w100000_07,chr1,23625875,23725874,100000,143,1,0.004384495317935944,OK,True,
cyvcf2-indexed,r03_region_titv,w100000_07,chr1,23625875,23725874,100000,143,2,0.004449169151484966,OK,True,
cyvcf2-indexed,r03_region_titv,w100000_07,chr1,23625875,23725874,100000,143,3,0.00461323419585824,OK,True,
cyvcf2-indexed,r03_region_titv,w100000_08,chr1,69897964,69997963,100000,77,1,0.0038888929411768913,OK,True,
cyvcf2-indexed,r03_region_titv,w100000_08,chr1,69897964,69997963,100000,77,2,0.003842115867882967,OK,True,
cyvcf2-indexed,r03_region_titv,w100000_08,chr1,69897964,69997963,100000,77,3,0.003813941963016987,OK,True,
cyvcf2-indexed,r03_region_titv,w100000_09,chr1,63664508,63764507,100000,287,1,0.005771719850599766,OK,True,
cyvcf2-indexed,r03_region_titv,w100000_09,chr1,63664508,63764507,100000,287,2,0.005936637055128813,OK,True,
cyvcf2-indexed,r03_region_titv,w100000_09,chr1,63664508,63764507,100000,287,3,0.005997928790748119,OK,True,
cyvcf2-indexed,r03_region_titv,w100000_10,chr1,15518874,15618873,100000,146,1,0.004707365296781063,OK,True,
cyvcf2-indexed,r03_region_titv,w100000_10,chr1,15518874,15618873,100000,146,2,0.004443316720426083,OK,True,
cyvcf2-indexed,r03_region_titv,w100000_10,chr1,15518874,15618873,100000,146,3,0.004387358669191599,OK,True,
cyvcf2-indexed,r03_region_titv,w100000_11,chr1,23996836,24096835,100000,343,1,0.006988627836108208,OK,True,
cyvcf2-indexed,r03_region_titv,w100000_11,chr1,23996836,24096835,100000,343,2,0.006622410845011473,OK,True,
cyvcf2-indexed,r03_region_titv,w100000_11,chr1,23996836,24096835,100000,343,3,0.006318970117717981,OK,True,
cyvcf2-indexed,r03_region_titv,w100000_12,chr1,56566795,56666794,100000,139,1,0.004437398165464401,OK,True,
cyvcf2-indexed,r03_region_titv,w100000_12,chr1,56566795,56666794,100000,139,2,0.004400056321173906,OK,True,
cyvcf2-indexed,r03_region_titv,w100000_12,chr1,56566795,56666794,100000,139,3,0.004439155105501413,OK,True,
cyvcf2-indexed,r03_region_titv,w100000_13,chr1,24058646,24158645,100000,214,1,0.005141802132129669,OK,True,
cyvcf2-indexed,r03_region_titv,w100000_13,chr1,24058646,24158645,100000,214,2,0.005149072967469692,OK,True,
cyvcf2-indexed,r03_region_titv,w100000_13,chr1,24058646,24158645,100000,214,3,0.005541205871850252,OK,True,
cyvcf2-indexed,r03_region_titv,w100000_14,chr1,3105927,3205926,100000,226,1,0.0054128640331327915,OK,True,
cyvcf2-indexed,r03_region_titv,w100000_14,chr1,3105927,3205926,100000,226,2,0.005302189849317074,OK,True,
cyvcf2-indexed,r03_region_titv,w100000_14,chr1,3105927,3205926,100000,226,3,0.005248674191534519,OK,True,
cyvcf2-indexed,r03_region_titv,w100000_15,chr1,54865968,54965967,100000,181,1,0.004907145164906979,OK,True,
cyvcf2-indexed,r03_region_titv,w100000_15,chr1,54865968,54965967,100000,181,2,0.004883770365267992,OK,True,
cyvcf2-indexed,r03_region_titv,w100000_15,chr1,54865968,54965967,100000,181,3,0.004787953104823828,OK,True,
cyvcf2-indexed,r03_region_titv,w100000_16,chr1,58852100,58952099,100000,79,1,0.003813637886196375,OK,True,
cyvcf2-indexed,r03_region_titv,w100000_16,chr1,58852100,58952099,100000,79,2,0.0038539348170161247,OK,True,
cyvcf2-indexed,r03_region_titv,w100000_16,chr1,58852100,58952099,100000,79,3,0.003977073822170496,OK,True,
cyvcf2-indexed,r03_region_titv,w100000_17,chr1,77570681,77670680,100000,81,1,0.0038819960318505764,OK,True,
cyvcf2-indexed,r03_region_titv,w100000_17,chr1,77570681,77670680,100000,81,2,0.003979410044848919,OK,True,
cyvcf2-indexed,r03_region_titv,w100000_17,chr1,77570681,77670680,100000,81,3,0.004040227737277746,OK,True,
cyvcf2-indexed,r03_region_titv,w100000_18,chr1,66388887,66488886,100000,196,1,0.004983612801879644,OK,True,
cyvcf2-indexed,r03_region_titv,w100000_18,chr1,66388887,66488886,100000,196,2,0.005055803805589676,OK,True,
cyvcf2-indexed,r03_region_titv,w100000_18,chr1,66388887,66488886,100000,196,3,0.005263855215162039,OK,True,
cyvcf2-indexed,r03_region_titv,w100000_19,chr1,5319806,5419805,100000,87,1,0.004826751071959734,OK,True,
cyvcf2-indexed,r03_region_titv,w100000_19,chr1,5319806,5419805,100000,87,2,0.004140697885304689,OK,True,
cyvcf2-indexed,r03_region_titv,w100000_19,chr1,5319806,5419805,100000,87,3,0.004057654179632664,OK,True,
cyvcf2-indexed,r03_region_titv,w1000000_00,chr1,42846822,43846821,1000000,1112,1,0.01291566202417016,OK,True,
cyvcf2-indexed,r03_region_titv,w1000000_00,chr1,42846822,43846821,1000000,1112,2,0.012942020781338215,OK,True,
cyvcf2-indexed,r03_region_titv,w1000000_00,chr1,42846822,43846821,1000000,1112,3,0.013310212641954422,OK,True,
cyvcf2-indexed,r03_region_titv,w1000000_01,chr1,9034070,10034069,1000000,1143,1,0.013382363598793745,OK,True,
cyvcf2-indexed,r03_region_titv,w1000000_01,chr1,9034070,10034069,1000000,1143,2,0.01324674766510725,OK,True,
cyvcf2-indexed,r03_region_titv,w1000000_01,chr1,9034070,10034069,1000000,1143,3,0.013201435096561909,OK,True,
cyvcf2-indexed,r03_region_titv,w1000000_02,chr1,54809885,55809884,1000000,1670,1,0.01773232501000166,OK,True,
cyvcf2-indexed,r03_region_titv,w1000000_02,chr1,54809885,55809884,1000000,1670,2,0.01775706373155117,OK,True,
cyvcf2-indexed,r03_region_titv,w1000000_02,chr1,54809885,55809884,1000000,1670,3,0.017743310891091824,OK,True,
cyvcf2-indexed,r03_region_titv,w1000000_03,chr1,55795141,56795140,1000000,1824,1,0.019360778387635946,OK,True,
cyvcf2-indexed,r03_region_titv,w1000000_03,chr1,55795141,56795140,1000000,1824,2,0.019200666807591915,OK,True,
cyvcf2-indexed,r03_region_titv,w1000000_03,chr1,55795141,56795140,1000000,1824,3,0.019069435074925423,OK,True,
cyvcf2-indexed,r03_region_titv,w1000000_04,chr1,11734309,12734308,1000000,950,1,0.011636532843112946,OK,True,
cyvcf2-indexed,r03_region_titv,w1000000_04,chr1,11734309,12734308,1000000,950,2,0.011476009618490934,OK,True,
cyvcf2-indexed,r03_region_titv,w1000000_04,chr1,11734309,12734308,1000000,950,3,0.011408764868974686,OK,True,
cyvcf2-indexed,r03_region_titv,w1000000_05,chr1,28814643,29814642,1000000,1348,1,0.014962189830839634,OK,True,
cyvcf2-indexed,r03_region_titv,w1000000_05,chr1,28814643,29814642,1000000,1348,2,0.015084051061421633,OK,True,
cyvcf2-indexed,r03_region_titv,w1000000_05,chr1,28814643,29814642,1000000,1348,3,0.014978227205574512,OK,True,
cyvcf2-indexed,r03_region_titv,w1000000_06,chr1,47354520,48354519,1000000,1253,1,0.014084003865718842,OK,True,
cyvcf2-indexed,r03_region_titv,w1000000_06,chr1,47354520,48354519,1000000,1253,2,0.014359199907630682,OK,True,
cyvcf2-indexed,r03_region_titv,w1000000_06,chr1,47354520,48354519,1000000,1253,3,0.01425769692286849,OK,True,
cyvcf2-indexed,r03_region_titv,w1000000_07,chr1,35782931,36782930,1000000,868,1,0.01088541466742754,OK,True,
cyvcf2-indexed,r03_region_titv,w1000000_07,chr1,35782931,36782930,1000000,868,2,0.010831210296601057,OK,True,
cyvcf2-indexed,r03_region_titv,w1000000_07,chr1,35782931,36782930,1000000,868,3,0.01075220899656415,OK,True,
cyvcf2-indexed,r03_region_titv,w1000000_08,chr1,5611726,6611725,1000000,1261,1,0.014227825682610273,OK,True,
cyvcf2-indexed,r03_region_titv,w1000000_08,chr1,5611726,6611725,1000000,1261,2,0.014288533944636583,OK,True,
cyvcf2-indexed,r03_region_titv,w1000000_08,chr1,5611726,6611725,1000000,1261,3,0.014507748652249575,OK,True,
cyvcf2-indexed,r03_region_titv,w1000000_09,chr1,17930348,18930347,1000000,1491,1,0.01610036799684167,OK,True,
cyvcf2-indexed,r03_region_titv,w1000000_09,chr1,17930348,18930347,1000000,1491,2,0.0160562158562243,OK,True,
cyvcf2-indexed,r03_region_titv,w1000000_09,chr1,17930348,18930347,1000000,1491,3,0.01611019391566515,OK,True,
cyvcf2-indexed,r03_region_titv,w1000000_10,chr1,58656617,59656616,1000000,1262,1,0.01424875296652317,OK,True,
cyvcf2-indexed,r03_region_titv,w1000000_10,chr1,58656617,59656616,1000000,1262,2,0.014214308001101017,OK,True,
cyvcf2-indexed,r03_region_titv,w1000000_10,chr1,58656617,59656616,1000000,1262,3,0.014093637000769377,OK,True,
cyvcf2-indexed,r03_region_titv,w1000000_11,chr1,20579658,21579657,1000000,1246,1,0.014158417005091906,OK,True,
cyvcf2-indexed,r03_region_titv,w1000000_11,chr1,20579658,21579657,1000000,1246,2,0.014193383976817131,OK,True,
cyvcf2-indexed,r03_region_titv,w1000000_11,chr1,20579658,21579657,1000000,1246,3,0.017660984303802252,OK,True,
cyvcf2-indexed,r03_region_titv,w1000000_12,chr1,66774094,67774093,1000000,1548,1,0.017643162980675697,OK,True,
cyvcf2-indexed,r03_region_titv,w1000000_12,chr1,66774094,67774093,1000000,1548,2,0.016967393923550844,OK,True,
cyvcf2-indexed,r03_region_titv,w1000000_12,chr1,66774094,67774093,1000000,1548,3,0.016795882023870945,OK,True,
cyvcf2-indexed,r03_region_titv,w1000000_13,chr1,53330427,54330426,1000000,1337,1,0.015091466717422009,OK,True,
cyvcf2-indexed,r03_region_titv,w1000000_13,chr1,53330427,54330426,1000000,1337,2,0.01512689795345068,OK,True,
cyvcf2-indexed,r03_region_titv,w1000000_13,chr1,53330427,54330426,1000000,1337,3,0.015531773213297129,OK,True,
cyvcf2-indexed,r03_region_titv,w1000000_14,chr1,34457222,35457221,1000000,1194,1,0.013970575761049986,OK,True,
cyvcf2-indexed,r03_region_titv,w1000000_14,chr1,34457222,35457221,1000000,1194,2,0.013867598958313465,OK,True,
cyvcf2-indexed,r03_region_titv,w1000000_14,chr1,34457222,35457221,1000000,1194,3,0.013610207941383123,OK,True,
cyvcf2-indexed,r03_region_titv,w1000000_15,chr1,6173132,7173131,1000000,906,1,0.011015571188181639,OK,True,
cyvcf2-indexed,r03_region_titv,w1000000_15,chr1,6173132,7173131,1000000,906,2,0.01095937704667449,OK,True,
cyvcf2-indexed,r03_region_titv,w1000000_15,chr1,6173132,7173131,1000000,906,3,0.011035354807972908,OK,True,
cyvcf2-indexed,r03_region_titv,w1000000_16,chr1,34054184,35054183,1000000,1668,1,0.0181704037822783,OK,True,
cyvcf2-indexed,r03_region_titv,w1000000_16,chr1,34054184,35054183,1000000,1668,2,0.017995505593717098,OK,True,
cyvcf2-indexed,r03_region_titv,w1000000_16,chr1,34054184,35054183,1000000,1668,3,0.017697825096547604,OK,True,
cyvcf2-indexed,r03_region_titv,w1000000_17,chr1,15193776,16193775,1000000,1521,1,0.016596173867583275,OK,True,
cyvcf2-indexed,r03_region_titv,w1000000_17,chr1,15193776,16193775,1000000,1521,2,0.016520868055522442,OK,True,
cyvcf2-indexed,r03_region_titv,w1000000_17,chr1,15193776,16193775,1000000,1521,3,0.016703534871339798,OK,True,
cyvcf2-indexed,r03_region_titv,w1000000_18,chr1,43583485,44583484,1000000,1108,1,0.012805064208805561,OK,True,
cyvcf2-indexed,r03_region_titv,w1000000_18,chr1,43583485,44583484,1000000,1108,2,0.012730376329272985,OK,True,
cyvcf2-indexed,r03_region_titv,w1000000_18,chr1,43583485,44583484,1000000,1108,3,0.012946516741067171,OK,True,
cyvcf2-indexed,r03_region_titv,w1000000_19,chr1,58570714,59570713,1000000,1451,1,0.015836333855986595,OK,True,
cyvcf2-indexed,r03_region_titv,w1000000_19,chr1,58570714,59570713,1000000,1451,2,0.015759481117129326,OK,True,
cyvcf2-indexed,r03_region_titv,w1000000_19,chr1,58570714,59570713,1000000,1451,3,0.01594415819272399,OK,True,
cyvcf2-indexed,r03_region_titv,w10000000_00,chr1,36023355,46023354,10000000,11510,1,0.10411096876487136,OK,True,
cyvcf2-indexed,r03_region_titv,w10000000_00,chr1,36023355,46023354,10000000,11510,2,0.10336104175075889,OK,True,
cyvcf2-indexed,r03_region_titv,w10000000_00,chr1,36023355,46023354,10000000,11510,3,0.10308482823893428,OK,True,
cyvcf2-indexed,r03_region_titv,w10000000_01,chr1,57527385,67527384,10000000,14820,1,0.13157916581258178,OK,True,
cyvcf2-indexed,r03_region_titv,w10000000_01,chr1,57527385,67527384,10000000,14820,2,0.13385529583320022,OK,True,
cyvcf2-indexed,r03_region_titv,w10000000_01,chr1,57527385,67527384,10000000,14820,3,0.13285986986011267,OK,True,
cyvcf2-indexed,r03_region_titv,w10000000_02,chr1,63680811,73680810,10000000,13676,1,0.12344052828848362,OK,True,
cyvcf2-indexed,r03_region_titv,w10000000_02,chr1,63680811,73680810,10000000,13676,2,0.12417038483545184,OK,True,
cyvcf2-indexed,r03_region_titv,w10000000_02,chr1,63680811,73680810,10000000,13676,3,0.12259747367352247,OK,True,
cyvcf2-indexed,r03_region_titv,w10000000_03,chr1,53679378,63679377,10000000,14787,1,0.13283101608976722,OK,True,
cyvcf2-indexed,r03_region_titv,w10000000_03,chr1,53679378,63679377,10000000,14787,2,0.13254190096631646,OK,True,
cyvcf2-indexed,r03_region_titv,w10000000_03,chr1,53679378,63679377,10000000,14787,3,0.1305715562775731,OK,True,
cyvcf2-indexed,r03_region_titv,w10000000_04,chr1,60690498,70690497,10000000,14398,1,0.1283810418099165,OK,True,
cyvcf2-indexed,r03_region_titv,w10000000_04,chr1,60690498,70690497,10000000,14398,2,0.12995694298297167,OK,True,
cyvcf2-indexed,r03_region_titv,w10000000_04,chr1,60690498,70690497,10000000,14398,3,0.12883039098232985,OK,True,
cyvcf2-indexed,r03_region_titv,w10000000_05,chr1,47428546,57428545,10000000,11289,1,0.10508422227576375,OK,True,
cyvcf2-indexed,r03_region_titv,w10000000_05,chr1,47428546,57428545,10000000,11289,2,0.10185147821903229,OK,True,
cyvcf2-indexed,r03_region_titv,w10000000_05,chr1,47428546,57428545,10000000,11289,3,0.10424465220421553,OK,True,
cyvcf2-indexed,r03_region_titv,w10000000_06,chr1,22030736,32030735,10000000,12991,1,0.11537448223680258,OK,True,
cyvcf2-indexed,r03_region_titv,w10000000_06,chr1,22030736,32030735,10000000,12991,2,0.11510146828368306,OK,True,
cyvcf2-indexed,r03_region_titv,w10000000_06,chr1,22030736,32030735,10000000,12991,3,0.1157730077393353,OK,True,
cyvcf2-indexed,r03_region_titv,w10000000_07,chr1,34252401,44252400,10000000,11717,1,0.10439374670386314,OK,True,
cyvcf2-indexed,r03_region_titv,w10000000_07,chr1,34252401,44252400,10000000,11717,2,0.10671701189130545,OK,True,
cyvcf2-indexed,r03_region_titv,w10000000_07,chr1,34252401,44252400,10000000,11717,3,0.10483971703797579,OK,True,
cyvcf2-indexed,r03_region_titv,w10000000_08,chr1,58528508,68528507,10000000,14502,1,0.12828271510079503,OK,True,
cyvcf2-indexed,r03_region_titv,w10000000_08,chr1,58528508,68528507,10000000,14502,2,0.12911734310910106,OK,True,
cyvcf2-indexed,r03_region_titv,w10000000_08,chr1,58528508,68528507,10000000,14502,3,0.1312643699347973,OK,True,
cyvcf2-indexed,r03_region_titv,w10000000_09,chr1,51917411,61917410,10000000,13900,1,0.12527186470106244,OK,True,
cyvcf2-indexed,r03_region_titv,w10000000_09,chr1,51917411,61917410,10000000,13900,2,0.12431947840377688,OK,True,
cyvcf2-indexed,r03_region_titv,w10000000_09,chr1,51917411,61917410,10000000,13900,3,0.12511005206033587,OK,True,
cyvcf2-indexed,r03_region_titv,w10000000_10,chr1,17106918,27106917,10000000,14199,1,0.1299623353406787,OK,True,
cyvcf2-indexed,r03_region_titv,w10000000_10,chr1,17106918,27106917,10000000,14199,2,0.12778603471815586,OK,True,
cyvcf2-indexed,r03_region_titv,w10000000_10,chr1,17106918,27106917,10000000,14199,3,0.1294369250535965,OK,True,
cyvcf2-indexed,r03_region_titv,w10000000_11,chr1,43275553,53275552,10000000,9415,1,0.08688437286764383,OK,True,
cyvcf2-indexed,r03_region_titv,w10000000_11,chr1,43275553,53275552,10000000,9415,2,0.08779587084427476,OK,True,
cyvcf2-indexed,r03_region_titv,w10000000_11,chr1,43275553,53275552,10000000,9415,3,0.08678645081818104,OK,True,
cyvcf2-indexed,r03_region_titv,w10000000_12,chr1,75394691,85394690,10000000,3288,1,0.032784983050078154,OK,True,
cyvcf2-indexed,r03_region_titv,w10000000_12,chr1,75394691,85394690,10000000,3288,2,0.0320301428437233,OK,True,
cyvcf2-indexed,r03_region_titv,w10000000_12,chr1,75394691,85394690,10000000,3288,3,0.031759003177285194,OK,True,
cyvcf2-indexed,r03_region_titv,w10000000_13,chr1,40866716,50866715,10000000,10786,1,0.0971732521429658,OK,True,
cyvcf2-indexed,r03_region_titv,w10000000_13,chr1,40866716,50866715,10000000,10786,2,0.09766015456989408,OK,True,
cyvcf2-indexed,r03_region_titv,w10000000_13,chr1,40866716,50866715,10000000,10786,3,0.09700182778760791,OK,True,
cyvcf2-indexed,r03_region_titv,w10000000_14,chr1,54182280,64182279,10000000,14941,1,0.1365412170998752,OK,True,
cyvcf2-indexed,r03_region_titv,w10000000_14,chr1,54182280,64182279,10000000,14941,2,0.1389341838657856,OK,True,
cyvcf2-indexed,r03_region_titv,w10000000_14,chr1,54182280,64182279,10000000,14941,3,0.13534320564940572,OK,True,
cyvcf2-indexed,r03_region_titv,w10000000_15,chr1,22053178,32053177,10000000,12910,1,0.11571162985637784,OK,True,
cyvcf2-indexed,r03_region_titv,w10000000_15,chr1,22053178,32053177,10000000,12910,2,0.11794962082058191,OK,True,
cyvcf2-indexed,r03_region_titv,w10000000_15,chr1,22053178,32053177,10000000,12910,3,0.11605311697348952,OK,True,
cyvcf2-indexed,r03_region_titv,w10000000_16,chr1,65680356,75680355,10000000,13295,1,0.11905081616714597,OK,True,
cyvcf2-indexed,r03_region_titv,w10000000_16,chr1,65680356,75680355,10000000,13295,2,0.11933848494663835,OK,True,
cyvcf2-indexed,r03_region_titv,w10000000_16,chr1,65680356,75680355,10000000,13295,3,0.11854895716533065,OK,True,
cyvcf2-indexed,r03_region_titv,w10000000_17,chr1,30270070,40270069,10000000,12583,1,0.11342033604159951,OK,True,
cyvcf2-indexed,r03_region_titv,w10000000_17,chr1,30270070,40270069,10000000,12583,2,0.11409335909411311,OK,True,
cyvcf2-indexed,r03_region_titv,w10000000_17,chr1,30270070,40270069,10000000,12583,3,0.11762603931128979,OK,True,
cyvcf2-indexed,r03_region_titv,w10000000_18,chr1,42283662,52283661,10000000,9628,1,0.09314261795952916,OK,True,
cyvcf2-indexed,r03_region_titv,w10000000_18,chr1,42283662,52283661,10000000,9628,2,0.08937796205282211,OK,True,
cyvcf2-indexed,r03_region_titv,w10000000_18,chr1,42283662,52283661,10000000,9628,3,0.08911981945857406,OK,True,
cyvcf2-indexed,r03_region_titv,w10000000_19,chr1,61622305,71622304,10000000,14407,1,0.1319707208313048,OK,True,
cyvcf2-indexed,r03_region_titv,w10000000_19,chr1,61622305,71622304,10000000,14407,2,0.12924671592190862,OK,True,
cyvcf2-indexed,r03_region_titv,w10000000_19,chr1,61622305,71622304,10000000,14407,3,0.13177061965689063,OK,True,
cyvcf2-indexed,r04_region_filter_distribution,w1000_00,chr1,23894831,23895830,1000,10,1,0.0038427109830081463,OK,True,
cyvcf2-indexed,r04_region_filter_distribution,w1000_00,chr1,23894831,23895830,1000,10,2,0.0036723557859659195,OK,True,
cyvcf2-indexed,r04_region_filter_distribution,w1000_00,chr1,23894831,23895830,1000,10,3,0.0035849660634994507,OK,True,
cyvcf2-indexed,r04_region_filter_distribution,w1000_01,chr1,37268328,37269327,1000,1,1,0.003347973804920912,OK,True,
cyvcf2-indexed,r04_region_filter_distribution,w1000_01,chr1,37268328,37269327,1000,1,2,0.0035149799659848213,OK,True,
cyvcf2-indexed,r04_region_filter_distribution,w1000_01,chr1,37268328,37269327,1000,1,3,0.0034548835828900337,OK,True,
cyvcf2-indexed,r04_region_filter_distribution,w1000_02,chr1,42471294,42472293,1000,2,1,0.0034062047488987446,OK,True,
cyvcf2-indexed,r04_region_filter_distribution,w1000_02,chr1,42471294,42472293,1000,2,2,0.003246250096708536,OK,True,
cyvcf2-indexed,r04_region_filter_distribution,w1000_02,chr1,42471294,42472293,1000,2,3,0.0034332210198044777,OK,True,
cyvcf2-indexed,r04_region_filter_distribution,w1000_03,chr1,19972624,19973623,1000,4,1,0.0036986530758440495,OK,True,
cyvcf2-indexed,r04_region_filter_distribution,w1000_03,chr1,19972624,19973623,1000,4,2,0.0033173998817801476,OK,True,
cyvcf2-indexed,r04_region_filter_distribution,w1000_03,chr1,19972624,19973623,1000,4,3,0.003270680084824562,OK,True,
cyvcf2-indexed,r04_region_filter_distribution,w1000_04,chr1,65925426,65926425,1000,2,1,0.003176598809659481,OK,True,
cyvcf2-indexed,r04_region_filter_distribution,w1000_04,chr1,65925426,65926425,1000,2,2,0.003232656978070736,OK,True,
cyvcf2-indexed,r04_region_filter_distribution,w1000_04,chr1,65925426,65926425,1000,2,3,0.0032496368512511253,OK,True,
cyvcf2-indexed,r04_region_filter_distribution,w1000_05,chr1,54878472,54879471,1000,2,1,0.0033149700611829758,OK,True,
cyvcf2-indexed,r04_region_filter_distribution,w1000_05,chr1,54878472,54879471,1000,2,2,0.0031798849813640118,OK,True,
cyvcf2-indexed,r04_region_filter_distribution,w1000_05,chr1,54878472,54879471,1000,2,3,0.003161677159368992,OK,True,
cyvcf2-indexed,r04_region_filter_distribution,w1000_06,chr1,54724268,54725267,1000,9,1,0.003349107224494219,OK,True,
cyvcf2-indexed,r04_region_filter_distribution,w1000_06,chr1,54724268,54725267,1000,9,2,0.003286715131253004,OK,True,
cyvcf2-indexed,r04_region_filter_distribution,w1000_06,chr1,54724268,54725267,1000,9,3,0.00354792270809412,OK,True,
cyvcf2-indexed,r04_region_filter_distribution,w1000_07,chr1,50226603,50227602,1000,3,1,0.003460966981947422,OK,True,
cyvcf2-indexed,r04_region_filter_distribution,w1000_07,chr1,50226603,50227602,1000,3,2,0.0034462870098650455,OK,True,
cyvcf2-indexed,r04_region_filter_distribution,w1000_07,chr1,50226603,50227602,1000,3,3,0.0035054748877882957,OK,True,
cyvcf2-indexed,r04_region_filter_distribution,w1000_08,chr1,5558122,5559121,1000,2,1,0.0032917470671236515,OK,True,
cyvcf2-indexed,r04_region_filter_distribution,w1000_08,chr1,5558122,5559121,1000,2,2,0.0032222517766058445,OK,True,
cyvcf2-indexed,r04_region_filter_distribution,w1000_08,chr1,5558122,5559121,1000,2,3,0.0032040653750300407,OK,True,
cyvcf2-indexed,r04_region_filter_distribution,w1000_09,chr1,21979241,21980240,1000,15,1,0.0035076849162578583,OK,True,
cyvcf2-indexed,r04_region_filter_distribution,w1000_09,chr1,21979241,21980240,1000,15,2,0.0034437449648976326,OK,True,
cyvcf2-indexed,r04_region_filter_distribution,w1000_09,chr1,21979241,21980240,1000,15,3,0.0035456670448184013,OK,True,
cyvcf2-indexed,r04_region_filter_distribution,w1000_10,chr1,58250107,58251106,1000,2,1,0.0033494271337985992,OK,True,
cyvcf2-indexed,r04_region_filter_distribution,w1000_10,chr1,58250107,58251106,1000,2,2,0.0033425139263272285,OK,True,
cyvcf2-indexed,r04_region_filter_distribution,w1000_10,chr1,58250107,58251106,1000,2,3,0.003343078773468733,OK,True,
cyvcf2-indexed,r04_region_filter_distribution,w1000_11,chr1,33820268,33821267,1000,1,1,0.0031830379739403725,OK,True,
cyvcf2-indexed,r04_region_filter_distribution,w1000_11,chr1,33820268,33821267,1000,1,2,0.0031798682175576687,OK,True,
cyvcf2-indexed,r04_region_filter_distribution,w1000_11,chr1,33820268,33821267,1000,1,3,0.003145754337310791,OK,True,
cyvcf2-indexed,r04_region_filter_distribution,w1000_12,chr1,74268898,74269897,1000,4,1,0.0031479019671678543,OK,True,
cyvcf2-indexed,r04_region_filter_distribution,w1000_12,chr1,74268898,74269897,1000,4,2,0.0032222000882029533,OK,True,
cyvcf2-indexed,r04_region_filter_distribution,w1000_12,chr1,74268898,74269897,1000,4,3,0.003315927926450968,OK,True,
cyvcf2-indexed,r04_region_filter_distribution,w1000_13,chr1,58011340,58012339,1000,3,1,0.003262522164732218,OK,True,
cyvcf2-indexed,r04_region_filter_distribution,w1000_13,chr1,58011340,58012339,1000,3,2,0.003394132014364004,OK,True,
cyvcf2-indexed,r04_region_filter_distribution,w1000_13,chr1,58011340,58012339,1000,3,3,0.003531167283654213,OK,True,
cyvcf2-indexed,r04_region_filter_distribution,w1000_14,chr1,55322618,55323617,1000,2,1,0.0033262823708355427,OK,True,
cyvcf2-indexed,r04_region_filter_distribution,w1000_14,chr1,55322618,55323617,1000,2,2,0.0033305203542113304,OK,True,
cyvcf2-indexed,r04_region_filter_distribution,w1000_14,chr1,55322618,55323617,1000,2,3,0.0034625432454049587,OK,True,
cyvcf2-indexed,r04_region_filter_distribution,w1000_15,chr1,58597811,58598810,1000,2,1,0.0033069830387830734,OK,True,
cyvcf2-indexed,r04_region_filter_distribution,w1000_15,chr1,58597811,58598810,1000,2,2,0.003265347797423601,OK,True,
cyvcf2-indexed,r04_region_filter_distribution,w1000_15,chr1,58597811,58598810,1000,2,3,0.0032181101851165295,OK,True,
cyvcf2-indexed,r04_region_filter_distribution,w1000_16,chr1,61942877,61943876,1000,1,1,0.0031306068412959576,OK,True,
cyvcf2-indexed,r04_region_filter_distribution,w1000_16,chr1,61942877,61943876,1000,1,2,0.0032032178714871407,OK,True,
cyvcf2-indexed,r04_region_filter_distribution,w1000_16,chr1,61942877,61943876,1000,1,3,0.0032580397091805935,OK,True,
cyvcf2-indexed,r04_region_filter_distribution,w1000_17,chr1,74952903,74953902,1000,2,1,0.003406262956559658,OK,True,
cyvcf2-indexed,r04_region_filter_distribution,w1000_17,chr1,74952903,74953902,1000,2,2,0.0033470108173787594,OK,True,
cyvcf2-indexed,r04_region_filter_distribution,w1000_17,chr1,74952903,74953902,1000,2,3,0.003324159886687994,OK,True,
cyvcf2-indexed,r04_region_filter_distribution,w1000_18,chr1,10920022,10921021,1000,7,1,0.0032893959432840347,OK,True,
cyvcf2-indexed,r04_region_filter_distribution,w1000_18,chr1,10920022,10921021,1000,7,2,0.0035481899976730347,OK,True,
cyvcf2-indexed,r04_region_filter_distribution,w1000_18,chr1,10920022,10921021,1000,7,3,0.004014685284346342,OK,True,
cyvcf2-indexed,r04_region_filter_distribution,w1000_19,chr1,54064366,54065365,1000,1,1,0.0038912631571292877,OK,True,
cyvcf2-indexed,r04_region_filter_distribution,w1000_19,chr1,54064366,54065365,1000,1,2,0.0033504869788885117,OK,True,
cyvcf2-indexed,r04_region_filter_distribution,w1000_19,chr1,54064366,54065365,1000,1,3,0.0032623009756207466,OK,True,
cyvcf2-indexed,r04_region_filter_distribution,w100000_00,chr1,76042312,76142311,100000,132,1,0.004392444156110287,OK,True,
cyvcf2-indexed,r04_region_filter_distribution,w100000_00,chr1,76042312,76142311,100000,132,2,0.004367335233837366,OK,True,
cyvcf2-indexed,r04_region_filter_distribution,w100000_00,chr1,76042312,76142311,100000,132,3,0.004482378717511892,OK,True,
cyvcf2-indexed,r04_region_filter_distribution,w100000_01,chr1,26177705,26277704,100000,141,1,0.004771620035171509,OK,True,
cyvcf2-indexed,r04_region_filter_distribution,w100000_01,chr1,26177705,26277704,100000,141,2,0.0045646787621080875,OK,True,
cyvcf2-indexed,r04_region_filter_distribution,w100000_01,chr1,26177705,26277704,100000,141,3,0.004697907250374556,OK,True,
cyvcf2-indexed,r04_region_filter_distribution,w100000_02,chr1,76668322,76768321,100000,131,1,0.004505899269133806,OK,True,
cyvcf2-indexed,r04_region_filter_distribution,w100000_02,chr1,76668322,76768321,100000,131,2,0.004575691651552916,OK,True,
cyvcf2-indexed,r04_region_filter_distribution,w100000_02,chr1,76668322,76768321,100000,131,3,0.0044031147845089436,OK,True,
cyvcf2-indexed,r04_region_filter_distribution,w100000_03,chr1,64797067,64897066,100000,153,1,0.0046952860429883,OK,True,
cyvcf2-indexed,r04_region_filter_distribution,w100000_03,chr1,64797067,64897066,100000,153,2,0.004786300007253885,OK,True,
cyvcf2-indexed,r04_region_filter_distribution,w100000_03,chr1,64797067,64897066,100000,153,3,0.004914635792374611,OK,True,
cyvcf2-indexed,r04_region_filter_distribution,w100000_04,chr1,66848110,66948109,100000,83,1,0.004461854696273804,OK,True,
cyvcf2-indexed,r04_region_filter_distribution,w100000_04,chr1,66848110,66948109,100000,83,2,0.004031594377011061,OK,True,
cyvcf2-indexed,r04_region_filter_distribution,w100000_04,chr1,66848110,66948109,100000,83,3,0.003994369879364967,OK,True,
cyvcf2-indexed,r04_region_filter_distribution,w100000_05,chr1,58175965,58275964,100000,181,1,0.004999204538762569,OK,True,
cyvcf2-indexed,r04_region_filter_distribution,w100000_05,chr1,58175965,58275964,100000,181,2,0.00485636480152607,OK,True,
cyvcf2-indexed,r04_region_filter_distribution,w100000_05,chr1,58175965,58275964,100000,181,3,0.004859562031924725,OK,True,
cyvcf2-indexed,r04_region_filter_distribution,w100000_06,chr1,41567443,41667442,100000,142,1,0.004671007860451937,OK,True,
cyvcf2-indexed,r04_region_filter_distribution,w100000_06,chr1,41567443,41667442,100000,142,2,0.004422215279191732,OK,True,
cyvcf2-indexed,r04_region_filter_distribution,w100000_06,chr1,41567443,41667442,100000,142,3,0.004464746918529272,OK,True,
cyvcf2-indexed,r04_region_filter_distribution,w100000_07,chr1,23625875,23725874,100000,143,1,0.0044883922673761845,OK,True,
cyvcf2-indexed,r04_region_filter_distribution,w100000_07,chr1,23625875,23725874,100000,143,2,0.0044592926278710365,OK,True,
cyvcf2-indexed,r04_region_filter_distribution,w100000_07,chr1,23625875,23725874,100000,143,3,0.004420646000653505,OK,True,
cyvcf2-indexed,r04_region_filter_distribution,w100000_08,chr1,69897964,69997963,100000,77,1,0.0040844399482011795,OK,True,
cyvcf2-indexed,r04_region_filter_distribution,w100000_08,chr1,69897964,69997963,100000,77,2,0.003877541981637478,OK,True,
cyvcf2-indexed,r04_region_filter_distribution,w100000_08,chr1,69897964,69997963,100000,77,3,0.00390821835026145,OK,True,
cyvcf2-indexed,r04_region_filter_distribution,w100000_09,chr1,63664508,63764507,100000,287,1,0.005848080385476351,OK,True,
cyvcf2-indexed,r04_region_filter_distribution,w100000_09,chr1,63664508,63764507,100000,287,2,0.0059911468997597694,OK,True,
cyvcf2-indexed,r04_region_filter_distribution,w100000_09,chr1,63664508,63764507,100000,287,3,0.0059417071752250195,OK,True,
cyvcf2-indexed,r04_region_filter_distribution,w100000_10,chr1,15518874,15618873,100000,146,1,0.004748083185404539,OK,True,
cyvcf2-indexed,r04_region_filter_distribution,w100000_10,chr1,15518874,15618873,100000,146,2,0.004516215063631535,OK,True,
cyvcf2-indexed,r04_region_filter_distribution,w100000_10,chr1,15518874,15618873,100000,146,3,0.00454367371276021,OK,True,
cyvcf2-indexed,r04_region_filter_distribution,w100000_11,chr1,23996836,24096835,100000,343,1,0.006271903868764639,OK,True,
cyvcf2-indexed,r04_region_filter_distribution,w100000_11,chr1,23996836,24096835,100000,343,2,0.006233603693544865,OK,True,
cyvcf2-indexed,r04_region_filter_distribution,w100000_11,chr1,23996836,24096835,100000,343,3,0.0063394419848918915,OK,True,
cyvcf2-indexed,r04_region_filter_distribution,w100000_12,chr1,56566795,56666794,100000,139,1,0.004512058105319738,OK,True,
cyvcf2-indexed,r04_region_filter_distribution,w100000_12,chr1,56566795,56666794,100000,139,2,0.004429399035871029,OK,True,
cyvcf2-indexed,r04_region_filter_distribution,w100000_12,chr1,56566795,56666794,100000,139,3,0.0044855582527816296,OK,True,
cyvcf2-indexed,r04_region_filter_distribution,w100000_13,chr1,24058646,24158645,100000,214,1,0.005807019770145416,OK,True,
cyvcf2-indexed,r04_region_filter_distribution,w100000_13,chr1,24058646,24158645,100000,214,2,0.00585709884762764,OK,True,
cyvcf2-indexed,r04_region_filter_distribution,w100000_13,chr1,24058646,24158645,100000,214,3,0.005428866017609835,OK,True,
cyvcf2-indexed,r04_region_filter_distribution,w100000_14,chr1,3105927,3205926,100000,226,1,0.005217905156314373,OK,True,
cyvcf2-indexed,r04_region_filter_distribution,w100000_14,chr1,3105927,3205926,100000,226,2,0.00513788778334856,OK,True,
cyvcf2-indexed,r04_region_filter_distribution,w100000_14,chr1,3105927,3205926,100000,226,3,0.005118799861520529,OK,True,
cyvcf2-indexed,r04_region_filter_distribution,w100000_15,chr1,54865968,54965967,100000,181,1,0.004782513249665499,OK,True,
cyvcf2-indexed,r04_region_filter_distribution,w100000_15,chr1,54865968,54965967,100000,181,2,0.004729889333248138,OK,True,
cyvcf2-indexed,r04_region_filter_distribution,w100000_15,chr1,54865968,54965967,100000,181,3,0.004736140836030245,OK,True,
cyvcf2-indexed,r04_region_filter_distribution,w100000_16,chr1,58852100,58952099,100000,79,1,0.0038815620355308056,OK,True,
cyvcf2-indexed,r04_region_filter_distribution,w100000_16,chr1,58852100,58952099,100000,79,2,0.0038244728930294514,OK,True,
cyvcf2-indexed,r04_region_filter_distribution,w100000_16,chr1,58852100,58952099,100000,79,3,0.0037999688647687435,OK,True,
cyvcf2-indexed,r04_region_filter_distribution,w100000_17,chr1,77570681,77670680,100000,81,1,0.00407060980796814,OK,True,
cyvcf2-indexed,r04_region_filter_distribution,w100000_17,chr1,77570681,77670680,100000,81,2,0.004523669835180044,OK,True,
cyvcf2-indexed,r04_region_filter_distribution,w100000_17,chr1,77570681,77670680,100000,81,3,0.003912860061973333,OK,True,
cyvcf2-indexed,r04_region_filter_distribution,w100000_18,chr1,66388887,66488886,100000,196,1,0.004984439816325903,OK,True,
cyvcf2-indexed,r04_region_filter_distribution,w100000_18,chr1,66388887,66488886,100000,196,2,0.004867857787758112,OK,True,
cyvcf2-indexed,r04_region_filter_distribution,w100000_18,chr1,66388887,66488886,100000,196,3,0.0049054729752242565,OK,True,
cyvcf2-indexed,r04_region_filter_distribution,w100000_19,chr1,5319806,5419805,100000,87,1,0.003980735316872597,OK,True,
cyvcf2-indexed,r04_region_filter_distribution,w100000_19,chr1,5319806,5419805,100000,87,2,0.003911411855369806,OK,True,
cyvcf2-indexed,r04_region_filter_distribution,w100000_19,chr1,5319806,5419805,100000,87,3,0.003993019927293062,OK,True,
cyvcf2-indexed,r04_region_filter_distribution,w1000000_00,chr1,42846822,43846821,1000000,1112,1,0.012859536800533533,OK,True,
cyvcf2-indexed,r04_region_filter_distribution,w1000000_00,chr1,42846822,43846821,1000000,1112,2,0.013136279303580523,OK,True,
cyvcf2-indexed,r04_region_filter_distribution,w1000000_00,chr1,42846822,43846821,1000000,1112,3,0.014081649016588926,OK,True,
cyvcf2-indexed,r04_region_filter_distribution,w1000000_01,chr1,9034070,10034069,1000000,1143,1,0.013400600757449865,OK,True,
cyvcf2-indexed,r04_region_filter_distribution,w1000000_01,chr1,9034070,10034069,1000000,1143,2,0.013264470268040895,OK,True,
cyvcf2-indexed,r04_region_filter_distribution,w1000000_01,chr1,9034070,10034069,1000000,1143,3,0.013396119698882103,OK,True,
cyvcf2-indexed,r04_region_filter_distribution,w1000000_02,chr1,54809885,55809884,1000000,1670,1,0.017870540264993906,OK,True,
cyvcf2-indexed,r04_region_filter_distribution,w1000000_02,chr1,54809885,55809884,1000000,1670,2,0.01794035779312253,OK,True,
cyvcf2-indexed,r04_region_filter_distribution,w1000000_02,chr1,54809885,55809884,1000000,1670,3,0.018058336805552244,OK,True,
cyvcf2-indexed,r04_region_filter_distribution,w1000000_03,chr1,55795141,56795140,1000000,1824,1,0.01967450510710478,OK,True,
cyvcf2-indexed,r04_region_filter_distribution,w1000000_03,chr1,55795141,56795140,1000000,1824,2,0.019855269230902195,OK,True,
cyvcf2-indexed,r04_region_filter_distribution,w1000000_03,chr1,55795141,56795140,1000000,1824,3,0.019290693569928408,OK,True,
cyvcf2-indexed,r04_region_filter_distribution,w1000000_04,chr1,11734309,12734308,1000000,950,1,0.011548010166734457,OK,True,
cyvcf2-indexed,r04_region_filter_distribution,w1000000_04,chr1,11734309,12734308,1000000,950,2,0.011502742301672697,OK,True,
cyvcf2-indexed,r04_region_filter_distribution,w1000000_04,chr1,11734309,12734308,1000000,950,3,0.01152424281463027,OK,True,
cyvcf2-indexed,r04_region_filter_distribution,w1000000_05,chr1,28814643,29814642,1000000,1348,1,0.015180750750005245,OK,True,
cyvcf2-indexed,r04_region_filter_distribution,w1000000_05,chr1,28814643,29814642,1000000,1348,2,0.01504526473581791,OK,True,
cyvcf2-indexed,r04_region_filter_distribution,w1000000_05,chr1,28814643,29814642,1000000,1348,3,0.014868262223899364,OK,True,
cyvcf2-indexed,r04_region_filter_distribution,w1000000_06,chr1,47354520,48354519,1000000,1253,1,0.014153145253658295,OK,True,
cyvcf2-indexed,r04_region_filter_distribution,w1000000_06,chr1,47354520,48354519,1000000,1253,2,0.014117954764515162,OK,True,
cyvcf2-indexed,r04_region_filter_distribution,w1000000_06,chr1,47354520,48354519,1000000,1253,3,0.014019455760717392,OK,True,
cyvcf2-indexed,r04_region_filter_distribution,w1000000_07,chr1,35782931,36782930,1000000,868,1,0.010720591992139816,OK,True,
cyvcf2-indexed,r04_region_filter_distribution,w1000000_07,chr1,35782931,36782930,1000000,868,2,0.010865249671041965,OK,True,
cyvcf2-indexed,r04_region_filter_distribution,w1000000_07,chr1,35782931,36782930,1000000,868,3,0.010941932909190655,OK,True,
cyvcf2-indexed,r04_region_filter_distribution,w1000000_08,chr1,5611726,6611725,1000000,1261,1,0.01452863123267889,OK,True,
cyvcf2-indexed,r04_region_filter_distribution,w1000000_08,chr1,5611726,6611725,1000000,1261,2,0.014298303984105587,OK,True,
cyvcf2-indexed,r04_region_filter_distribution,w1000000_08,chr1,5611726,6611725,1000000,1261,3,0.014359609689563513,OK,True,
cyvcf2-indexed,r04_region_filter_distribution,w1000000_09,chr1,17930348,18930347,1000000,1491,1,0.016205693129450083,OK,True,
cyvcf2-indexed,r04_region_filter_distribution,w1000000_09,chr1,17930348,18930347,1000000,1491,2,0.016350670717656612,OK,True,
cyvcf2-indexed,r04_region_filter_distribution,w1000000_09,chr1,17930348,18930347,1000000,1491,3,0.016758820973336697,OK,True,
cyvcf2-indexed,r04_region_filter_distribution,w1000000_10,chr1,58656617,59656616,1000000,1262,1,0.014323542825877666,OK,True,
cyvcf2-indexed,r04_region_filter_distribution,w1000000_10,chr1,58656617,59656616,1000000,1262,2,0.014441721141338348,OK,True,
cyvcf2-indexed,r04_region_filter_distribution,w1000000_10,chr1,58656617,59656616,1000000,1262,3,0.014989543706178665,OK,True,
cyvcf2-indexed,r04_region_filter_distribution,w1000000_11,chr1,20579658,21579657,1000000,1246,1,0.014787571970373392,OK,True,
cyvcf2-indexed,r04_region_filter_distribution,w1000000_11,chr1,20579658,21579657,1000000,1246,2,0.01429769117385149,OK,True,
cyvcf2-indexed,r04_region_filter_distribution,w1000000_11,chr1,20579658,21579657,1000000,1246,3,0.01428711274638772,OK,True,
cyvcf2-indexed,r04_region_filter_distribution,w1000000_12,chr1,66774094,67774093,1000000,1548,1,0.017092179972678423,OK,True,
cyvcf2-indexed,r04_region_filter_distribution,w1000000_12,chr1,66774094,67774093,1000000,1548,2,0.01695998292416334,OK,True,
cyvcf2-indexed,r04_region_filter_distribution,w1000000_12,chr1,66774094,67774093,1000000,1548,3,0.016847040969878435,OK,True,
cyvcf2-indexed,r04_region_filter_distribution,w1000000_13,chr1,53330427,54330426,1000000,1337,1,0.015397720970213413,OK,True,
cyvcf2-indexed,r04_region_filter_distribution,w1000000_13,chr1,53330427,54330426,1000000,1337,2,0.015084422193467617,OK,True,
cyvcf2-indexed,r04_region_filter_distribution,w1000000_13,chr1,53330427,54330426,1000000,1337,3,0.014976911712437868,OK,True,
cyvcf2-indexed,r04_region_filter_distribution,w1000000_14,chr1,34457222,35457221,1000000,1194,1,0.01390312472358346,OK,True,
cyvcf2-indexed,r04_region_filter_distribution,w1000000_14,chr1,34457222,35457221,1000000,1194,2,0.014229478780180216,OK,True,
cyvcf2-indexed,r04_region_filter_distribution,w1000000_14,chr1,34457222,35457221,1000000,1194,3,0.013986148871481419,OK,True,
cyvcf2-indexed,r04_region_filter_distribution,w1000000_15,chr1,6173132,7173131,1000000,906,1,0.011452800128608942,OK,True,
cyvcf2-indexed,r04_region_filter_distribution,w1000000_15,chr1,6173132,7173131,1000000,906,2,0.011233055964112282,OK,True,
cyvcf2-indexed,r04_region_filter_distribution,w1000000_15,chr1,6173132,7173131,1000000,906,3,0.011351972352713346,OK,True,
cyvcf2-indexed,r04_region_filter_distribution,w1000000_16,chr1,34054184,35054183,1000000,1668,1,0.017748722806572914,OK,True,
cyvcf2-indexed,r04_region_filter_distribution,w1000000_16,chr1,34054184,35054183,1000000,1668,2,0.01783646922558546,OK,True,
cyvcf2-indexed,r04_region_filter_distribution,w1000000_16,chr1,34054184,35054183,1000000,1668,3,0.01843243185430765,OK,True,
cyvcf2-indexed,r04_region_filter_distribution,w1000000_17,chr1,15193776,16193775,1000000,1521,1,0.01699356036260724,OK,True,
cyvcf2-indexed,r04_region_filter_distribution,w1000000_17,chr1,15193776,16193775,1000000,1521,2,0.017032233998179436,OK,True,
cyvcf2-indexed,r04_region_filter_distribution,w1000000_17,chr1,15193776,16193775,1000000,1521,3,0.01938434923067689,OK,True,
cyvcf2-indexed,r04_region_filter_distribution,w1000000_18,chr1,43583485,44583484,1000000,1108,1,0.013121049385517836,OK,True,
cyvcf2-indexed,r04_region_filter_distribution,w1000000_18,chr1,43583485,44583484,1000000,1108,2,0.013355759903788567,OK,True,
cyvcf2-indexed,r04_region_filter_distribution,w1000000_18,chr1,43583485,44583484,1000000,1108,3,0.013295176904648542,OK,True,
cyvcf2-indexed,r04_region_filter_distribution,w1000000_19,chr1,58570714,59570713,1000000,1451,1,0.016189565882086754,OK,True,
cyvcf2-indexed,r04_region_filter_distribution,w1000000_19,chr1,58570714,59570713,1000000,1451,2,0.016290795989334583,OK,True,
cyvcf2-indexed,r04_region_filter_distribution,w1000000_19,chr1,58570714,59570713,1000000,1451,3,0.016286071855574846,OK,True,
cyvcf2-indexed,r04_region_filter_distribution,w10000000_00,chr1,36023355,46023354,10000000,11510,1,0.10212552594020963,OK,True,
cyvcf2-indexed,r04_region_filter_distribution,w10000000_00,chr1,36023355,46023354,10000000,11510,2,0.10330316796898842,OK,True,
cyvcf2-indexed,r04_region_filter_distribution,w10000000_00,chr1,36023355,46023354,10000000,11510,3,0.10425137588754296,OK,True,
cyvcf2-indexed,r04_region_filter_distribution,w10000000_01,chr1,57527385,67527384,10000000,14820,1,0.13028164999559522,OK,True,
cyvcf2-indexed,r04_region_filter_distribution,w10000000_01,chr1,57527385,67527384,10000000,14820,2,0.13259041588753462,OK,True,
cyvcf2-indexed,r04_region_filter_distribution,w10000000_01,chr1,57527385,67527384,10000000,14820,3,0.13262813771143556,OK,True,
cyvcf2-indexed,r04_region_filter_distribution,w10000000_02,chr1,63680811,73680810,10000000,13676,1,0.12268343102186918,OK,True,
cyvcf2-indexed,r04_region_filter_distribution,w10000000_02,chr1,63680811,73680810,10000000,13676,2,0.12484885100275278,OK,True,
cyvcf2-indexed,r04_region_filter_distribution,w10000000_02,chr1,63680811,73680810,10000000,13676,3,0.1234006006270647,OK,True,
cyvcf2-indexed,r04_region_filter_distribution,w10000000_03,chr1,53679378,63679377,10000000,14787,1,0.13195435982197523,OK,True,
cyvcf2-indexed,r04_region_filter_distribution,w10000000_03,chr1,53679378,63679377,10000000,14787,2,0.1315263332799077,OK,True,
cyvcf2-indexed,r04_region_filter_distribution,w10000000_03,chr1,53679378,63679377,10000000,14787,3,0.13172885589301586,OK,True,
cyvcf2-indexed,r04_region_filter_distribution,w10000000_04,chr1,60690498,70690497,10000000,14398,1,0.12808192474767566,OK,True,
cyvcf2-indexed,r04_region_filter_distribution,w10000000_04,chr1,60690498,70690497,10000000,14398,2,0.12811647774651647,OK,True,
cyvcf2-indexed,r04_region_filter_distribution,w10000000_04,chr1,60690498,70690497,10000000,14398,3,0.12707720510661602,OK,True,
cyvcf2-indexed,r04_region_filter_distribution,w10000000_05,chr1,47428546,57428545,10000000,11289,1,0.10237456718459725,OK,True,
cyvcf2-indexed,r04_region_filter_distribution,w10000000_05,chr1,47428546,57428545,10000000,11289,2,0.1037111640907824,OK,True,
cyvcf2-indexed,r04_region_filter_distribution,w10000000_05,chr1,47428546,57428545,10000000,11289,3,0.10365745704621077,OK,True,
cyvcf2-indexed,r04_region_filter_distribution,w10000000_06,chr1,22030736,32030735,10000000,12991,1,0.11602547205984592,OK,True,
cyvcf2-indexed,r04_region_filter_distribution,w10000000_06,chr1,22030736,32030735,10000000,12991,2,0.1161609310656786,OK,True,
cyvcf2-indexed,r04_region_filter_distribution,w10000000_06,chr1,22030736,32030735,10000000,12991,3,0.11544382991269231,OK,True,
cyvcf2-indexed,r04_region_filter_distribution,w10000000_07,chr1,34252401,44252400,10000000,11717,1,0.10464817192405462,OK,True,
cyvcf2-indexed,r04_region_filter_distribution,w10000000_07,chr1,34252401,44252400,10000000,11717,2,0.10582461999729276,OK,True,
cyvcf2-indexed,r04_region_filter_distribution,w10000000_07,chr1,34252401,44252400,10000000,11717,3,0.10748678725212812,OK,True,
cyvcf2-indexed,r04_region_filter_distribution,w10000000_08,chr1,58528508,68528507,10000000,14502,1,0.12909184815362096,OK,True,
cyvcf2-indexed,r04_region_filter_distribution,w10000000_08,chr1,58528508,68528507,10000000,14502,2,0.12963232211768627,OK,True,
cyvcf2-indexed,r04_region_filter_distribution,w10000000_08,chr1,58528508,68528507,10000000,14502,3,0.1306728688068688,OK,True,
cyvcf2-indexed,r04_region_filter_distribution,w10000000_09,chr1,51917411,61917410,10000000,13900,1,0.12740175519138575,OK,True,
cyvcf2-indexed,r04_region_filter_distribution,w10000000_09,chr1,51917411,61917410,10000000,13900,2,0.12258119601756334,OK,True,
cyvcf2-indexed,r04_region_filter_distribution,w10000000_09,chr1,51917411,61917410,10000000,13900,3,0.12338147778064013,OK,True,
cyvcf2-indexed,r04_region_filter_distribution,w10000000_10,chr1,17106918,27106917,10000000,14199,1,0.12922531319782138,OK,True,
cyvcf2-indexed,r04_region_filter_distribution,w10000000_10,chr1,17106918,27106917,10000000,14199,2,0.12816365901380777,OK,True,
cyvcf2-indexed,r04_region_filter_distribution,w10000000_10,chr1,17106918,27106917,10000000,14199,3,0.12812507804483175,OK,True,
cyvcf2-indexed,r04_region_filter_distribution,w10000000_11,chr1,43275553,53275552,10000000,9415,1,0.08451245119795203,OK,True,
cyvcf2-indexed,r04_region_filter_distribution,w10000000_11,chr1,43275553,53275552,10000000,9415,2,0.0837768311612308,OK,True,
cyvcf2-indexed,r04_region_filter_distribution,w10000000_11,chr1,43275553,53275552,10000000,9415,3,0.08440285734832287,OK,True,
cyvcf2-indexed,r04_region_filter_distribution,w10000000_12,chr1,75394691,85394690,10000000,3288,1,0.031524200923740864,OK,True,
cyvcf2-indexed,r04_region_filter_distribution,w10000000_12,chr1,75394691,85394690,10000000,3288,2,0.03151017474010587,OK,True,
cyvcf2-indexed,r04_region_filter_distribution,w10000000_12,chr1,75394691,85394690,10000000,3288,3,0.03129306202754378,OK,True,
cyvcf2-indexed,r04_region_filter_distribution,w10000000_13,chr1,40866716,50866715,10000000,10786,1,0.09561313036829233,OK,True,
cyvcf2-indexed,r04_region_filter_distribution,w10000000_13,chr1,40866716,50866715,10000000,10786,2,0.09944889089092612,OK,True,
cyvcf2-indexed,r04_region_filter_distribution,w10000000_13,chr1,40866716,50866715,10000000,10786,3,0.10051925387233496,OK,True,
cyvcf2-indexed,r04_region_filter_distribution,w10000000_14,chr1,54182280,64182279,10000000,14941,1,0.13567202910780907,OK,True,
cyvcf2-indexed,r04_region_filter_distribution,w10000000_14,chr1,54182280,64182279,10000000,14941,2,0.13709572702646255,OK,True,
cyvcf2-indexed,r04_region_filter_distribution,w10000000_14,chr1,54182280,64182279,10000000,14941,3,0.13794097071513534,OK,True,
cyvcf2-indexed,r04_region_filter_distribution,w10000000_15,chr1,22053178,32053177,10000000,12910,1,0.11721511278301477,OK,True,
cyvcf2-indexed,r04_region_filter_distribution,w10000000_15,chr1,22053178,32053177,10000000,12910,2,0.1178099219687283,OK,True,
cyvcf2-indexed,r04_region_filter_distribution,w10000000_15,chr1,22053178,32053177,10000000,12910,3,0.11589170712977648,OK,True,
cyvcf2-indexed,r04_region_filter_distribution,w10000000_16,chr1,65680356,75680355,10000000,13295,1,0.11960159242153168,OK,True,
cyvcf2-indexed,r04_region_filter_distribution,w10000000_16,chr1,65680356,75680355,10000000,13295,2,0.1196556561626494,OK,True,
cyvcf2-indexed,r04_region_filter_distribution,w10000000_16,chr1,65680356,75680355,10000000,13295,3,0.11731520993635058,OK,True,
cyvcf2-indexed,r04_region_filter_distribution,w10000000_17,chr1,30270070,40270069,10000000,12583,1,0.11142568290233612,OK,True,
cyvcf2-indexed,r04_region_filter_distribution,w10000000_17,chr1,30270070,40270069,10000000,12583,2,0.11126522766426206,OK,True,
cyvcf2-indexed,r04_region_filter_distribution,w10000000_17,chr1,30270070,40270069,10000000,12583,3,0.11153672309592366,OK,True,
cyvcf2-indexed,r04_region_filter_distribution,w10000000_18,chr1,42283662,52283661,10000000,9628,1,0.08608513558283448,OK,True,
cyvcf2-indexed,r04_region_filter_distribution,w10000000_18,chr1,42283662,52283661,10000000,9628,2,0.08617024589329958,OK,True,
cyvcf2-indexed,r04_region_filter_distribution,w10000000_18,chr1,42283662,52283661,10000000,9628,3,0.08572896802797914,OK,True,
cyvcf2-indexed,r04_region_filter_distribution,w10000000_19,chr1,61622305,71622304,10000000,14407,1,0.12773062800988555,OK,True,
cyvcf2-indexed,r04_region_filter_distribution,w10000000_19,chr1,61622305,71622304,10000000,14407,2,0.13180379010736942,OK,True,
cyvcf2-indexed,r04_region_filter_distribution,w10000000_19,chr1,61622305,71622304,10000000,14407,3,0.1324564190581441,OK,True,
cyvcf2-indexed,r05_region_sample_genotype_counts,w1000_00,chr1,23894831,23895830,1000,10,1,0.0037952768616378307,OK,True,
cyvcf2-indexed,r05_region_sample_genotype_counts,w1000_00,chr1,23894831,23895830,1000,10,2,0.0035029598511755466,OK,True,
cyvcf2-indexed,r05_region_sample_genotype_counts,w1000_00,chr1,23894831,23895830,1000,10,3,0.003506634384393692,OK,True,
cyvcf2-indexed,r05_region_sample_genotype_counts,w1000_01,chr1,37268328,37269327,1000,1,1,0.003274384420365095,OK,True,
cyvcf2-indexed,r05_region_sample_genotype_counts,w1000_01,chr1,37268328,37269327,1000,1,2,0.0033412366174161434,OK,True,
cyvcf2-indexed,r05_region_sample_genotype_counts,w1000_01,chr1,37268328,37269327,1000,1,3,0.003289133310317993,OK,True,
cyvcf2-indexed,r05_region_sample_genotype_counts,w1000_02,chr1,42471294,42472293,1000,2,1,0.0031951512210071087,OK,True,
cyvcf2-indexed,r05_region_sample_genotype_counts,w1000_02,chr1,42471294,42472293,1000,2,2,0.003215937875211239,OK,True,
cyvcf2-indexed,r05_region_sample_genotype_counts,w1000_02,chr1,42471294,42472293,1000,2,3,0.003167731687426567,OK,True,
cyvcf2-indexed,r05_region_sample_genotype_counts,w1000_03,chr1,19972624,19973623,1000,4,1,0.0031678169034421444,OK,True,
cyvcf2-indexed,r05_region_sample_genotype_counts,w1000_03,chr1,19972624,19973623,1000,4,2,0.003166432026773691,OK,True,
cyvcf2-indexed,r05_region_sample_genotype_counts,w1000_03,chr1,19972624,19973623,1000,4,3,0.003496826160699129,OK,True,
cyvcf2-indexed,r05_region_sample_genotype_counts,w1000_04,chr1,65925426,65926425,1000,2,1,0.003292457200586796,OK,True,
cyvcf2-indexed,r05_region_sample_genotype_counts,w1000_04,chr1,65925426,65926425,1000,2,2,0.003434504382312298,OK,True,
cyvcf2-indexed,r05_region_sample_genotype_counts,w1000_04,chr1,65925426,65926425,1000,2,3,0.003285741899162531,OK,True,
cyvcf2-indexed,r05_region_sample_genotype_counts,w1000_05,chr1,54878472,54879471,1000,2,1,0.003232107963413,OK,True,
cyvcf2-indexed,r05_region_sample_genotype_counts,w1000_05,chr1,54878472,54879471,1000,2,2,0.00319468230009079,OK,True,
cyvcf2-indexed,r05_region_sample_genotype_counts,w1000_05,chr1,54878472,54879471,1000,2,3,0.003257916308939457,OK,True,
cyvcf2-indexed,r05_region_sample_genotype_counts,w1000_06,chr1,54724268,54725267,1000,9,1,0.003356494940817356,OK,True,
cyvcf2-indexed,r05_region_sample_genotype_counts,w1000_06,chr1,54724268,54725267,1000,9,2,0.0034324568696320057,OK,True,
cyvcf2-indexed,r05_region_sample_genotype_counts,w1000_06,chr1,54724268,54725267,1000,9,3,0.003365014214068651,OK,True,
cyvcf2-indexed,r05_region_sample_genotype_counts,w1000_07,chr1,50226603,50227602,1000,3,1,0.00486314482986927,OK,True,
cyvcf2-indexed,r05_region_sample_genotype_counts,w1000_07,chr1,50226603,50227602,1000,3,2,0.003597457893192768,OK,True,
cyvcf2-indexed,r05_region_sample_genotype_counts,w1000_07,chr1,50226603,50227602,1000,3,3,0.003411501180380583,OK,True,
cyvcf2-indexed,r05_region_sample_genotype_counts,w1000_08,chr1,5558122,5559121,1000,2,1,0.003250321839004755,OK,True,
cyvcf2-indexed,r05_region_sample_genotype_counts,w1000_08,chr1,5558122,5559121,1000,2,2,0.00324908085167408,OK,True,
cyvcf2-indexed,r05_region_sample_genotype_counts,w1000_08,chr1,5558122,5559121,1000,2,3,0.0034614307805895805,OK,True,
cyvcf2-indexed,r05_region_sample_genotype_counts,w1000_09,chr1,21979241,21980240,1000,15,1,0.003478504251688719,OK,True,
cyvcf2-indexed,r05_region_sample_genotype_counts,w1000_09,chr1,21979241,21980240,1000,15,2,0.003501590806990862,OK,True,
cyvcf2-indexed,r05_region_sample_genotype_counts,w1000_09,chr1,21979241,21980240,1000,15,3,0.003583267331123352,OK,True,
cyvcf2-indexed,r05_region_sample_genotype_counts,w1000_10,chr1,58250107,58251106,1000,2,1,0.0032728579826653004,OK,True,
cyvcf2-indexed,r05_region_sample_genotype_counts,w1000_10,chr1,58250107,58251106,1000,2,2,0.0033195889554917812,OK,True,
cyvcf2-indexed,r05_region_sample_genotype_counts,w1000_10,chr1,58250107,58251106,1000,2,3,0.0032133259810507298,OK,True,
cyvcf2-indexed,r05_region_sample_genotype_counts,w1000_11,chr1,33820268,33821267,1000,1,1,0.0031659589149057865,OK,True,
cyvcf2-indexed,r05_region_sample_genotype_counts,w1000_11,chr1,33820268,33821267,1000,1,2,0.0032814028672873974,OK,True,
cyvcf2-indexed,r05_region_sample_genotype_counts,w1000_11,chr1,33820268,33821267,1000,1,3,0.0032564769499003887,OK,True,
cyvcf2-indexed,r05_region_sample_genotype_counts,w1000_12,chr1,74268898,74269897,1000,4,1,0.003274288959801197,OK,True,
cyvcf2-indexed,r05_region_sample_genotype_counts,w1000_12,chr1,74268898,74269897,1000,4,2,0.003294487949460745,OK,True,
cyvcf2-indexed,r05_region_sample_genotype_counts,w1000_12,chr1,74268898,74269897,1000,4,3,0.0032450458966195583,OK,True,
cyvcf2-indexed,r05_region_sample_genotype_counts,w1000_13,chr1,58011340,58012339,1000,3,1,0.003306951839476824,OK,True,
cyvcf2-indexed,r05_region_sample_genotype_counts,w1000_13,chr1,58011340,58012339,1000,3,2,0.00328426668420434,OK,True,
cyvcf2-indexed,r05_region_sample_genotype_counts,w1000_13,chr1,58011340,58012339,1000,3,3,0.0032426309771835804,OK,True,
cyvcf2-indexed,r05_region_sample_genotype_counts,w1000_14,chr1,55322618,55323617,1000,2,1,0.003334944136440754,OK,True,
cyvcf2-indexed,r05_region_sample_genotype_counts,w1000_14,chr1,55322618,55323617,1000,2,2,0.0032942360267043114,OK,True,
cyvcf2-indexed,r05_region_sample_genotype_counts,w1000_14,chr1,55322618,55323617,1000,2,3,0.003266379702836275,OK,True,
cyvcf2-indexed,r05_region_sample_genotype_counts,w1000_15,chr1,58597811,58598810,1000,2,1,0.0033643580973148346,OK,True,
cyvcf2-indexed,r05_region_sample_genotype_counts,w1000_15,chr1,58597811,58598810,1000,2,2,0.003585220780223608,OK,True,
cyvcf2-indexed,r05_region_sample_genotype_counts,w1000_15,chr1,58597811,58598810,1000,2,3,0.003462635912001133,OK,True,
cyvcf2-indexed,r05_region_sample_genotype_counts,w1000_16,chr1,61942877,61943876,1000,1,1,0.003357847686856985,OK,True,
cyvcf2-indexed,r05_region_sample_genotype_counts,w1000_16,chr1,61942877,61943876,1000,1,2,0.003276464994996786,OK,True,
cyvcf2-indexed,r05_region_sample_genotype_counts,w1000_16,chr1,61942877,61943876,1000,1,3,0.0032856501638889313,OK,True,
cyvcf2-indexed,r05_region_sample_genotype_counts,w1000_17,chr1,74952903,74953902,1000,2,1,0.0033273929730057716,OK,True,
cyvcf2-indexed,r05_region_sample_genotype_counts,w1000_17,chr1,74952903,74953902,1000,2,2,0.0033688051626086235,OK,True,
cyvcf2-indexed,r05_region_sample_genotype_counts,w1000_17,chr1,74952903,74953902,1000,2,3,0.003385195042937994,OK,True,
cyvcf2-indexed,r05_region_sample_genotype_counts,w1000_18,chr1,10920022,10921021,1000,7,1,0.003335758578032255,OK,True,
cyvcf2-indexed,r05_region_sample_genotype_counts,w1000_18,chr1,10920022,10921021,1000,7,2,0.003379788249731064,OK,True,
cyvcf2-indexed,r05_region_sample_genotype_counts,w1000_18,chr1,10920022,10921021,1000,7,3,0.0033867880702018738,OK,True,
cyvcf2-indexed,r05_region_sample_genotype_counts,w1000_19,chr1,54064366,54065365,1000,1,1,0.0032972199842333794,OK,True,
cyvcf2-indexed,r05_region_sample_genotype_counts,w1000_19,chr1,54064366,54065365,1000,1,2,0.0032641058787703514,OK,True,
cyvcf2-indexed,r05_region_sample_genotype_counts,w1000_19,chr1,54064366,54065365,1000,1,3,0.003246953710913658,OK,True,
cyvcf2-indexed,r05_region_sample_genotype_counts,w100000_00,chr1,76042312,76142311,100000,132,1,0.004821468610316515,OK,True,
cyvcf2-indexed,r05_region_sample_genotype_counts,w100000_00,chr1,76042312,76142311,100000,132,2,0.004973642062395811,OK,True,
cyvcf2-indexed,r05_region_sample_genotype_counts,w100000_00,chr1,76042312,76142311,100000,132,3,0.004928677808493376,OK,True,
cyvcf2-indexed,r05_region_sample_genotype_counts,w100000_01,chr1,26177705,26277704,100000,141,1,0.005049318075180054,OK,True,
cyvcf2-indexed,r05_region_sample_genotype_counts,w100000_01,chr1,26177705,26277704,100000,141,2,0.005054728593677282,OK,True,
cyvcf2-indexed,r05_region_sample_genotype_counts,w100000_01,chr1,26177705,26277704,100000,141,3,0.004953271243721247,OK,True,
cyvcf2-indexed,r05_region_sample_genotype_counts,w100000_02,chr1,76668322,76768321,100000,131,1,0.004930521827191114,OK,True,
cyvcf2-indexed,r05_region_sample_genotype_counts,w100000_02,chr1,76668322,76768321,100000,131,2,0.006308320909738541,OK,True,
cyvcf2-indexed,r05_region_sample_genotype_counts,w100000_02,chr1,76668322,76768321,100000,131,3,0.004851314704865217,OK,True,
cyvcf2-indexed,r05_region_sample_genotype_counts,w100000_03,chr1,64797067,64897066,100000,153,1,0.005017770919948816,OK,True,
cyvcf2-indexed,r05_region_sample_genotype_counts,w100000_03,chr1,64797067,64897066,100000,153,2,0.005022644996643066,OK,True,
cyvcf2-indexed,r05_region_sample_genotype_counts,w100000_03,chr1,64797067,64897066,100000,153,3,0.004987722262740135,OK,True,
cyvcf2-indexed,r05_region_sample_genotype_counts,w100000_04,chr1,66848110,66948109,100000,83,1,0.004165878053754568,OK,True,
cyvcf2-indexed,r05_region_sample_genotype_counts,w100000_04,chr1,66848110,66948109,100000,83,2,0.00433045718818903,OK,True,
cyvcf2-indexed,r05_region_sample_genotype_counts,w100000_04,chr1,66848110,66948109,100000,83,3,0.004295600112527609,OK,True,
cyvcf2-indexed,r05_region_sample_genotype_counts,w100000_05,chr1,58175965,58275964,100000,181,1,0.00550818582996726,OK,True,
cyvcf2-indexed,r05_region_sample_genotype_counts,w100000_05,chr1,58175965,58275964,100000,181,2,0.005539546720683575,OK,True,
cyvcf2-indexed,r05_region_sample_genotype_counts,w100000_05,chr1,58175965,58275964,100000,181,3,0.005596452858299017,OK,True,
cyvcf2-indexed,r05_region_sample_genotype_counts,w100000_06,chr1,41567443,41667442,100000,142,1,0.005077322944998741,OK,True,
cyvcf2-indexed,r05_region_sample_genotype_counts,w100000_06,chr1,41567443,41667442,100000,142,2,0.0048821838572621346,OK,True,
cyvcf2-indexed,r05_region_sample_genotype_counts,w100000_06,chr1,41567443,41667442,100000,142,3,0.0050357370637357235,OK,True,
cyvcf2-indexed,r05_region_sample_genotype_counts,w100000_07,chr1,23625875,23725874,100000,143,1,0.005119241774082184,OK,True,
cyvcf2-indexed,r05_region_sample_genotype_counts,w100000_07,chr1,23625875,23725874,100000,143,2,0.004906103014945984,OK,True,
cyvcf2-indexed,r05_region_sample_genotype_counts,w100000_07,chr1,23625875,23725874,100000,143,3,0.004991450812667608,OK,True,
cyvcf2-indexed,r05_region_sample_genotype_counts,w100000_08,chr1,69897964,69997963,100000,77,1,0.004136828240007162,OK,True,
cyvcf2-indexed,r05_region_sample_genotype_counts,w100000_08,chr1,69897964,69997963,100000,77,2,0.004184771794825792,OK,True,
cyvcf2-indexed,r05_region_sample_genotype_counts,w100000_08,chr1,69897964,69997963,100000,77,3,0.004188744351267815,OK,True,
cyvcf2-indexed,r05_region_sample_genotype_counts,w100000_09,chr1,63664508,63764507,100000,287,1,0.006698372773826122,OK,True,
cyvcf2-indexed,r05_region_sample_genotype_counts,w100000_09,chr1,63664508,63764507,100000,287,2,0.006927791051566601,OK,True,
cyvcf2-indexed,r05_region_sample_genotype_counts,w100000_09,chr1,63664508,63764507,100000,287,3,0.006872513797134161,OK,True,
cyvcf2-indexed,r05_region_sample_genotype_counts,w100000_10,chr1,15518874,15618873,100000,146,1,0.005278470925986767,OK,True,
cyvcf2-indexed,r05_region_sample_genotype_counts,w100000_10,chr1,15518874,15618873,100000,146,2,0.0050659822300076485,OK,True,
cyvcf2-indexed,r05_region_sample_genotype_counts,w100000_10,chr1,15518874,15618873,100000,146,3,0.0051242331974208355,OK,True,
cyvcf2-indexed,r05_region_sample_genotype_counts,w100000_11,chr1,23996836,24096835,100000,343,1,0.0074719153344631195,OK,True,
cyvcf2-indexed,r05_region_sample_genotype_counts,w100000_11,chr1,23996836,24096835,100000,343,2,0.00750767020508647,OK,True,
cyvcf2-indexed,r05_region_sample_genotype_counts,w100000_11,chr1,23996836,24096835,100000,343,3,0.007568939123302698,OK,True,
cyvcf2-indexed,r05_region_sample_genotype_counts,w100000_12,chr1,56566795,56666794,100000,139,1,0.005080134142190218,OK,True,
cyvcf2-indexed,r05_region_sample_genotype_counts,w100000_12,chr1,56566795,56666794,100000,139,2,0.0050141653046011925,OK,True,
cyvcf2-indexed,r05_region_sample_genotype_counts,w100000_12,chr1,56566795,56666794,100000,139,3,0.00491049699485302,OK,True,
cyvcf2-indexed,r05_region_sample_genotype_counts,w100000_13,chr1,24058646,24158645,100000,214,1,0.0058122980408370495,OK,True,
cyvcf2-indexed,r05_region_sample_genotype_counts,w100000_13,chr1,24058646,24158645,100000,214,2,0.005843662656843662,OK,True,
cyvcf2-indexed,r05_region_sample_genotype_counts,w100000_13,chr1,24058646,24158645,100000,214,3,0.006069437600672245,OK,True,
cyvcf2-indexed,r05_region_sample_genotype_counts,w100000_14,chr1,3105927,3205926,100000,226,1,0.005983882118016481,OK,True,
cyvcf2-indexed,r05_region_sample_genotype_counts,w100000_14,chr1,3105927,3205926,100000,226,2,0.006063503213226795,OK,True,
cyvcf2-indexed,r05_region_sample_genotype_counts,w100000_14,chr1,3105927,3205926,100000,226,3,0.006060590036213398,OK,True,
cyvcf2-indexed,r05_region_sample_genotype_counts,w100000_15,chr1,54865968,54965967,100000,181,1,0.005694652907550335,OK,True,
cyvcf2-indexed,r05_region_sample_genotype_counts,w100000_15,chr1,54865968,54965967,100000,181,2,0.005385527852922678,OK,True,
cyvcf2-indexed,r05_region_sample_genotype_counts,w100000_15,chr1,54865968,54965967,100000,181,3,0.005615008994936943,OK,True,
cyvcf2-indexed,r05_region_sample_genotype_counts,w100000_16,chr1,58852100,58952099,100000,79,1,0.004143140744417906,OK,True,
cyvcf2-indexed,r05_region_sample_genotype_counts,w100000_16,chr1,58852100,58952099,100000,79,2,0.004191059153527021,OK,True,
cyvcf2-indexed,r05_region_sample_genotype_counts,w100000_16,chr1,58852100,58952099,100000,79,3,0.004149941261857748,OK,True,
cyvcf2-indexed,r05_region_sample_genotype_counts,w100000_17,chr1,77570681,77670680,100000,81,1,0.004248710349202156,OK,True,
cyvcf2-indexed,r05_region_sample_genotype_counts,w100000_17,chr1,77570681,77670680,100000,81,2,0.004263486247509718,OK,True,
cyvcf2-indexed,r05_region_sample_genotype_counts,w100000_17,chr1,77570681,77670680,100000,81,3,0.004232652951031923,OK,True,
cyvcf2-indexed,r05_region_sample_genotype_counts,w100000_18,chr1,66388887,66488886,100000,196,1,0.005625474266707897,OK,True,
cyvcf2-indexed,r05_region_sample_genotype_counts,w100000_18,chr1,66388887,66488886,100000,196,2,0.005664029158651829,OK,True,
cyvcf2-indexed,r05_region_sample_genotype_counts,w100000_18,chr1,66388887,66488886,100000,196,3,0.005889405030757189,OK,True,
cyvcf2-indexed,r05_region_sample_genotype_counts,w100000_19,chr1,5319806,5419805,100000,87,1,0.004405952990055084,OK,True,
cyvcf2-indexed,r05_region_sample_genotype_counts,w100000_19,chr1,5319806,5419805,100000,87,2,0.0043402467854321,OK,True,
cyvcf2-indexed,r05_region_sample_genotype_counts,w100000_19,chr1,5319806,5419805,100000,87,3,0.004382253158837557,OK,True,
cyvcf2-indexed,r05_region_sample_genotype_counts,w1000000_00,chr1,42846822,43846821,1000000,1112,1,0.016350348014384508,OK,True,
cyvcf2-indexed,r05_region_sample_genotype_counts,w1000000_00,chr1,42846822,43846821,1000000,1112,2,0.01672634296119213,OK,True,
cyvcf2-indexed,r05_region_sample_genotype_counts,w1000000_00,chr1,42846822,43846821,1000000,1112,3,0.01682864921167493,OK,True,
cyvcf2-indexed,r05_region_sample_genotype_counts,w1000000_01,chr1,9034070,10034069,1000000,1143,1,0.017117552924901247,OK,True,
cyvcf2-indexed,r05_region_sample_genotype_counts,w1000000_01,chr1,9034070,10034069,1000000,1143,2,0.01732664741575718,OK,True,
cyvcf2-indexed,r05_region_sample_genotype_counts,w1000000_01,chr1,9034070,10034069,1000000,1143,3,0.017043319065123796,OK,True,
cyvcf2-indexed,r05_region_sample_genotype_counts,w1000000_02,chr1,54809885,55809884,1000000,1670,1,0.026075942907482386,OK,True,
cyvcf2-indexed,r05_region_sample_genotype_counts,w1000000_02,chr1,54809885,55809884,1000000,1670,2,0.023621876258403063,OK,True,
cyvcf2-indexed,r05_region_sample_genotype_counts,w1000000_02,chr1,54809885,55809884,1000000,1670,3,0.023659263271838427,OK,True,
cyvcf2-indexed,r05_region_sample_genotype_counts,w1000000_03,chr1,55795141,56795140,1000000,1824,1,0.025313577614724636,OK,True,
cyvcf2-indexed,r05_region_sample_genotype_counts,w1000000_03,chr1,55795141,56795140,1000000,1824,2,0.025059984996914864,OK,True,
cyvcf2-indexed,r05_region_sample_genotype_counts,w1000000_03,chr1,55795141,56795140,1000000,1824,3,0.025283833034336567,OK,True,
cyvcf2-indexed,r05_region_sample_genotype_counts,w1000000_04,chr1,11734309,12734308,1000000,950,1,0.014806114137172699,OK,True,
cyvcf2-indexed,r05_region_sample_genotype_counts,w1000000_04,chr1,11734309,12734308,1000000,950,2,0.015185491181910038,OK,True,
cyvcf2-indexed,r05_region_sample_genotype_counts,w1000000_04,chr1,11734309,12734308,1000000,950,3,0.014821751974523067,OK,True,
cyvcf2-indexed,r05_region_sample_genotype_counts,w1000000_05,chr1,28814643,29814642,1000000,1348,1,0.01967047667130828,OK,True,
cyvcf2-indexed,r05_region_sample_genotype_counts,w1000000_05,chr1,28814643,29814642,1000000,1348,2,0.019384497310966253,OK,True,
cyvcf2-indexed,r05_region_sample_genotype_counts,w1000000_05,chr1,28814643,29814642,1000000,1348,3,0.019926085136830807,OK,True,
cyvcf2-indexed,r05_region_sample_genotype_counts,w1000000_06,chr1,47354520,48354519,1000000,1253,1,0.02177668595686555,OK,True,
cyvcf2-indexed,r05_region_sample_genotype_counts,w1000000_06,chr1,47354520,48354519,1000000,1253,2,0.01833788538351655,OK,True,
cyvcf2-indexed,r05_region_sample_genotype_counts,w1000000_06,chr1,47354520,48354519,1000000,1253,3,0.018364237621426582,OK,True,
cyvcf2-indexed,r05_region_sample_genotype_counts,w1000000_07,chr1,35782931,36782930,1000000,868,1,0.013609293848276138,OK,True,
cyvcf2-indexed,r05_region_sample_genotype_counts,w1000000_07,chr1,35782931,36782930,1000000,868,2,0.015058203134685755,OK,True,
cyvcf2-indexed,r05_region_sample_genotype_counts,w1000000_07,chr1,35782931,36782930,1000000,868,3,0.017394579015672207,OK,True,
cyvcf2-indexed,r05_region_sample_genotype_counts,w1000000_08,chr1,5611726,6611725,1000000,1261,1,0.01852935692295432,OK,True,
cyvcf2-indexed,r05_region_sample_genotype_counts,w1000000_08,chr1,5611726,6611725,1000000,1261,2,0.019247501622885466,OK,True,
cyvcf2-indexed,r05_region_sample_genotype_counts,w1000000_08,chr1,5611726,6611725,1000000,1261,3,0.018623537849634886,OK,True,
cyvcf2-indexed,r05_region_sample_genotype_counts,w1000000_09,chr1,17930348,18930347,1000000,1491,1,0.02111663669347763,OK,True,
cyvcf2-indexed,r05_region_sample_genotype_counts,w1000000_09,chr1,17930348,18930347,1000000,1491,2,0.021047743037343025,OK,True,
cyvcf2-indexed,r05_region_sample_genotype_counts,w1000000_09,chr1,17930348,18930347,1000000,1491,3,0.02130780601873994,OK,True,
cyvcf2-indexed,r05_region_sample_genotype_counts,w1000000_10,chr1,58656617,59656616,1000000,1262,1,0.01860824879258871,OK,True,
cyvcf2-indexed,r05_region_sample_genotype_counts,w1000000_10,chr1,58656617,59656616,1000000,1262,2,0.01962990127503872,OK,True,
cyvcf2-indexed,r05_region_sample_genotype_counts,w1000000_10,chr1,58656617,59656616,1000000,1262,3,0.01820199517533183,OK,True,
cyvcf2-indexed,r05_region_sample_genotype_counts,w1000000_11,chr1,20579658,21579657,1000000,1246,1,0.018656548112630844,OK,True,
cyvcf2-indexed,r05_region_sample_genotype_counts,w1000000_11,chr1,20579658,21579657,1000000,1246,2,0.018599203322082758,OK,True,
cyvcf2-indexed,r05_region_sample_genotype_counts,w1000000_11,chr1,20579658,21579657,1000000,1246,3,0.018401151057332754,OK,True,
cyvcf2-indexed,r05_region_sample_genotype_counts,w1000000_12,chr1,66774094,67774093,1000000,1548,1,0.02229075599461794,OK,True,
cyvcf2-indexed,r05_region_sample_genotype_counts,w1000000_12,chr1,66774094,67774093,1000000,1548,2,0.021886291913688183,OK,True,
cyvcf2-indexed,r05_region_sample_genotype_counts,w1000000_12,chr1,66774094,67774093,1000000,1548,3,0.02201508590951562,OK,True,
cyvcf2-indexed,r05_region_sample_genotype_counts,w1000000_13,chr1,53330427,54330426,1000000,1337,1,0.01940725790336728,OK,True,
cyvcf2-indexed,r05_region_sample_genotype_counts,w1000000_13,chr1,53330427,54330426,1000000,1337,2,0.019508645869791508,OK,True,
cyvcf2-indexed,r05_region_sample_genotype_counts,w1000000_13,chr1,53330427,54330426,1000000,1337,3,0.019395482260733843,OK,True,
cyvcf2-indexed,r05_region_sample_genotype_counts,w1000000_14,chr1,34457222,35457221,1000000,1194,1,0.01779314409941435,OK,True,
cyvcf2-indexed,r05_region_sample_genotype_counts,w1000000_14,chr1,34457222,35457221,1000000,1194,2,0.01752437511458993,OK,True,
cyvcf2-indexed,r05_region_sample_genotype_counts,w1000000_14,chr1,34457222,35457221,1000000,1194,3,0.01755194691941142,OK,True,
cyvcf2-indexed,r05_region_sample_genotype_counts,w1000000_15,chr1,6173132,7173131,1000000,906,1,0.014442098326981068,OK,True,
cyvcf2-indexed,r05_region_sample_genotype_counts,w1000000_15,chr1,6173132,7173131,1000000,906,2,0.014272586908191442,OK,True,
cyvcf2-indexed,r05_region_sample_genotype_counts,w1000000_15,chr1,6173132,7173131,1000000,906,3,0.014114912133663893,OK,True,
cyvcf2-indexed,r05_region_sample_genotype_counts,w1000000_16,chr1,34054184,35054183,1000000,1668,1,0.023731411900371313,OK,True,
cyvcf2-indexed,r05_region_sample_genotype_counts,w1000000_16,chr1,34054184,35054183,1000000,1668,2,0.02338550705462694,OK,True,
cyvcf2-indexed,r05_region_sample_genotype_counts,w1000000_16,chr1,34054184,35054183,1000000,1668,3,0.030440487898886204,OK,True,
cyvcf2-indexed,r05_region_sample_genotype_counts,w1000000_17,chr1,15193776,16193775,1000000,1521,1,0.02994950208812952,OK,True,
cyvcf2-indexed,r05_region_sample_genotype_counts,w1000000_17,chr1,15193776,16193775,1000000,1521,2,0.022199884057044983,OK,True,
cyvcf2-indexed,r05_region_sample_genotype_counts,w1000000_17,chr1,15193776,16193775,1000000,1521,3,0.021882819943130016,OK,True,
cyvcf2-indexed,r05_region_sample_genotype_counts,w1000000_18,chr1,43583485,44583484,1000000,1108,1,0.016728621907532215,OK,True,
cyvcf2-indexed,r05_region_sample_genotype_counts,w1000000_18,chr1,43583485,44583484,1000000,1108,2,0.01723078778013587,OK,True,
cyvcf2-indexed,r05_region_sample_genotype_counts,w1000000_18,chr1,43583485,44583484,1000000,1108,3,0.016781257931143045,OK,True,
cyvcf2-indexed,r05_region_sample_genotype_counts,w1000000_19,chr1,58570714,59570713,1000000,1451,1,0.020847427658736706,OK,True,
cyvcf2-indexed,r05_region_sample_genotype_counts,w1000000_19,chr1,58570714,59570713,1000000,1451,2,0.021428646985441446,OK,True,
cyvcf2-indexed,r05_region_sample_genotype_counts,w1000000_19,chr1,58570714,59570713,1000000,1451,3,0.02055576303973794,OK,True,
cyvcf2-indexed,r05_region_sample_genotype_counts,w10000000_00,chr1,36023355,46023354,10000000,11510,1,0.1427601082250476,OK,True,
cyvcf2-indexed,r05_region_sample_genotype_counts,w10000000_00,chr1,36023355,46023354,10000000,11510,2,0.14013551687821746,OK,True,
cyvcf2-indexed,r05_region_sample_genotype_counts,w10000000_00,chr1,36023355,46023354,10000000,11510,3,0.14132893085479736,OK,True,
cyvcf2-indexed,r05_region_sample_genotype_counts,w10000000_01,chr1,57527385,67527384,10000000,14820,1,0.18238395592197776,OK,True,
cyvcf2-indexed,r05_region_sample_genotype_counts,w10000000_01,chr1,57527385,67527384,10000000,14820,2,0.1807177672162652,OK,True,
cyvcf2-indexed,r05_region_sample_genotype_counts,w10000000_01,chr1,57527385,67527384,10000000,14820,3,0.18055518716573715,OK,True,
cyvcf2-indexed,r05_region_sample_genotype_counts,w10000000_02,chr1,63680811,73680810,10000000,13676,1,0.16451096488162875,OK,True,
cyvcf2-indexed,r05_region_sample_genotype_counts,w10000000_02,chr1,63680811,73680810,10000000,13676,2,0.16480351611971855,OK,True,
cyvcf2-indexed,r05_region_sample_genotype_counts,w10000000_02,chr1,63680811,73680810,10000000,13676,3,0.16482326202094555,OK,True,
cyvcf2-indexed,r05_region_sample_genotype_counts,w10000000_03,chr1,53679378,63679377,10000000,14787,1,0.17843847395852208,OK,True,
cyvcf2-indexed,r05_region_sample_genotype_counts,w10000000_03,chr1,53679378,63679377,10000000,14787,2,0.1776465750299394,OK,True,
cyvcf2-indexed,r05_region_sample_genotype_counts,w10000000_03,chr1,53679378,63679377,10000000,14787,3,0.17910463782027364,OK,True,
cyvcf2-indexed,r05_region_sample_genotype_counts,w10000000_04,chr1,60690498,70690497,10000000,14398,1,0.17522672237828374,OK,True,
cyvcf2-indexed,r05_region_sample_genotype_counts,w10000000_04,chr1,60690498,70690497,10000000,14398,2,0.1746917418204248,OK,True,
cyvcf2-indexed,r05_region_sample_genotype_counts,w10000000_04,chr1,60690498,70690497,10000000,14398,3,0.18268233397975564,OK,True,
cyvcf2-indexed,r05_region_sample_genotype_counts,w10000000_05,chr1,47428546,57428545,10000000,11289,1,0.14182563498616219,OK,True,
cyvcf2-indexed,r05_region_sample_genotype_counts,w10000000_05,chr1,47428546,57428545,10000000,11289,2,0.14157736394554377,OK,True,
cyvcf2-indexed,r05_region_sample_genotype_counts,w10000000_05,chr1,47428546,57428545,10000000,11289,3,0.13936540577560663,OK,True,
cyvcf2-indexed,r05_region_sample_genotype_counts,w10000000_06,chr1,22030736,32030735,10000000,12991,1,0.15862412238493562,OK,True,
cyvcf2-indexed,r05_region_sample_genotype_counts,w10000000_06,chr1,22030736,32030735,10000000,12991,2,0.1611484531313181,OK,True,
cyvcf2-indexed,r05_region_sample_genotype_counts,w10000000_06,chr1,22030736,32030735,10000000,12991,3,0.16044266615062952,OK,True,
cyvcf2-indexed,r05_region_sample_genotype_counts,w10000000_07,chr1,34252401,44252400,10000000,11717,1,0.14259022427722812,OK,True,
cyvcf2-indexed,r05_region_sample_genotype_counts,w10000000_07,chr1,34252401,44252400,10000000,11717,2,0.14649704797193408,OK,True,
cyvcf2-indexed,r05_region_sample_genotype_counts,w10000000_07,chr1,34252401,44252400,10000000,11717,3,0.14812940591946244,OK,True,
cyvcf2-indexed,r05_region_sample_genotype_counts,w10000000_08,chr1,58528508,68528507,10000000,14502,1,0.18051744299009442,OK,True,
cyvcf2-indexed,r05_region_sample_genotype_counts,w10000000_08,chr1,58528508,68528507,10000000,14502,2,0.17952475091442466,OK,True,
cyvcf2-indexed,r05_region_sample_genotype_counts,w10000000_08,chr1,58528508,68528507,10000000,14502,3,0.17937028780579567,OK,True,
cyvcf2-indexed,r05_region_sample_genotype_counts,w10000000_09,chr1,51917411,61917410,10000000,13900,1,0.1716502089984715,OK,True,
cyvcf2-indexed,r05_region_sample_genotype_counts,w10000000_09,chr1,51917411,61917410,10000000,13900,2,0.17114847293123603,OK,True,
cyvcf2-indexed,r05_region_sample_genotype_counts,w10000000_09,chr1,51917411,61917410,10000000,13900,3,0.16859840182587504,OK,True,
cyvcf2-indexed,r05_region_sample_genotype_counts,w10000000_10,chr1,17106918,27106917,10000000,14199,1,0.1751046092249453,OK,True,
cyvcf2-indexed,r05_region_sample_genotype_counts,w10000000_10,chr1,17106918,27106917,10000000,14199,2,0.17835224606096745,OK,True,
cyvcf2-indexed,r05_region_sample_genotype_counts,w10000000_10,chr1,17106918,27106917,10000000,14199,3,0.17635288601741195,OK,True,
cyvcf2-indexed,r05_region_sample_genotype_counts,w10000000_11,chr1,43275553,53275552,10000000,9415,1,0.11667243391275406,OK,True,
cyvcf2-indexed,r05_region_sample_genotype_counts,w10000000_11,chr1,43275553,53275552,10000000,9415,2,0.11874154396355152,OK,True,
cyvcf2-indexed,r05_region_sample_genotype_counts,w10000000_11,chr1,43275553,53275552,10000000,9415,3,0.1177000398747623,OK,True,
cyvcf2-indexed,r05_region_sample_genotype_counts,w10000000_12,chr1,75394691,85394690,10000000,3288,1,0.04256211267784238,OK,True,
cyvcf2-indexed,r05_region_sample_genotype_counts,w10000000_12,chr1,75394691,85394690,10000000,3288,2,0.04216346191242337,OK,True,
cyvcf2-indexed,r05_region_sample_genotype_counts,w10000000_12,chr1,75394691,85394690,10000000,3288,3,0.0425211563706398,OK,True,
cyvcf2-indexed,r05_region_sample_genotype_counts,w10000000_13,chr1,40866716,50866715,10000000,10786,1,0.131346529815346,OK,True,
cyvcf2-indexed,r05_region_sample_genotype_counts,w10000000_13,chr1,40866716,50866715,10000000,10786,2,0.13704062579199672,OK,True,
cyvcf2-indexed,r05_region_sample_genotype_counts,w10000000_13,chr1,40866716,50866715,10000000,10786,3,0.13145080907270312,OK,True,
cyvcf2-indexed,r05_region_sample_genotype_counts,w10000000_14,chr1,54182280,64182279,10000000,14941,1,0.1815479751676321,OK,True,
cyvcf2-indexed,r05_region_sample_genotype_counts,w10000000_14,chr1,54182280,64182279,10000000,14941,2,0.18297730665653944,OK,True,
cyvcf2-indexed,r05_region_sample_genotype_counts,w10000000_14,chr1,54182280,64182279,10000000,14941,3,0.1838007802143693,OK,True,
cyvcf2-indexed,r05_region_sample_genotype_counts,w10000000_15,chr1,22053178,32053177,10000000,12910,1,0.1618897020816803,OK,True,
cyvcf2-indexed,r05_region_sample_genotype_counts,w10000000_15,chr1,22053178,32053177,10000000,12910,2,0.1735914060845971,OK,True,
cyvcf2-indexed,r05_region_sample_genotype_counts,w10000000_15,chr1,22053178,32053177,10000000,12910,3,0.1807899628765881,OK,True,
cyvcf2-indexed,r05_region_sample_genotype_counts,w10000000_16,chr1,65680356,75680355,10000000,13295,1,0.1785485502332449,OK,True,
cyvcf2-indexed,r05_region_sample_genotype_counts,w10000000_16,chr1,65680356,75680355,10000000,13295,2,0.1660702722147107,OK,True,
cyvcf2-indexed,r05_region_sample_genotype_counts,w10000000_16,chr1,65680356,75680355,10000000,13295,3,0.1626223181374371,OK,True,
cyvcf2-indexed,r05_region_sample_genotype_counts,w10000000_17,chr1,30270070,40270069,10000000,12583,1,0.15219968324527144,OK,True,
cyvcf2-indexed,r05_region_sample_genotype_counts,w10000000_17,chr1,30270070,40270069,10000000,12583,2,0.1586464592255652,OK,True,
cyvcf2-indexed,r05_region_sample_genotype_counts,w10000000_17,chr1,30270070,40270069,10000000,12583,3,0.15487512527033687,OK,True,
cyvcf2-indexed,r05_region_sample_genotype_counts,w10000000_18,chr1,42283662,52283661,10000000,9628,1,0.12024861620739102,OK,True,
cyvcf2-indexed,r05_region_sample_genotype_counts,w10000000_18,chr1,42283662,52283661,10000000,9628,2,0.12005968997254968,OK,True,
cyvcf2-indexed,r05_region_sample_genotype_counts,w10000000_18,chr1,42283662,52283661,10000000,9628,3,0.12173141492530704,OK,True,
cyvcf2-indexed,r05_region_sample_genotype_counts,w10000000_19,chr1,61622305,71622304,10000000,14407,1,0.179003878030926,OK,True,
cyvcf2-indexed,r05_region_sample_genotype_counts,w10000000_19,chr1,61622305,71622304,10000000,14407,2,0.1773685202933848,OK,True,
cyvcf2-indexed,r05_region_sample_genotype_counts,w10000000_19,chr1,61622305,71622304,10000000,14407,3,0.17632804717868567,OK,True,
bcftools-indexed,r01_region_record_count,w1000_00,chr1,23894831,23895830,1000,10,1,0.01744214864447713,OK,True,
bcftools-indexed,r01_region_record_count,w1000_00,chr1,23894831,23895830,1000,10,2,0.009367745835334063,OK,True,
bcftools-indexed,r01_region_record_count,w1000_00,chr1,23894831,23895830,1000,10,3,0.004826749209314585,OK,True,
bcftools-indexed,r01_region_record_count,w1000_01,chr1,37268328,37269327,1000,1,1,0.00433667516335845,OK,True,
bcftools-indexed,r01_region_record_count,w1000_01,chr1,37268328,37269327,1000,1,2,0.00427327211946249,OK,True,
bcftools-indexed,r01_region_record_count,w1000_01,chr1,37268328,37269327,1000,1,3,0.005208414979279041,OK,True,
bcftools-indexed,r01_region_record_count,w1000_02,chr1,42471294,42472293,1000,2,1,0.004180179908871651,OK,True,
bcftools-indexed,r01_region_record_count,w1000_02,chr1,42471294,42472293,1000,2,2,0.004290294833481312,OK,True,
bcftools-indexed,r01_region_record_count,w1000_02,chr1,42471294,42472293,1000,2,3,0.004079669248312712,OK,True,
bcftools-indexed,r01_region_record_count,w1000_03,chr1,19972624,19973623,1000,4,1,0.006280672736465931,OK,True,
bcftools-indexed,r01_region_record_count,w1000_03,chr1,19972624,19973623,1000,4,2,0.004187744576483965,OK,True,
bcftools-indexed,r01_region_record_count,w1000_03,chr1,19972624,19973623,1000,4,3,0.00517710205167532,OK,True,
bcftools-indexed,r01_region_record_count,w1000_04,chr1,65925426,65926425,1000,2,1,0.006572707090526819,OK,True,
bcftools-indexed,r01_region_record_count,w1000_04,chr1,65925426,65926425,1000,2,2,0.00423131138086319,OK,True,
bcftools-indexed,r01_region_record_count,w1000_04,chr1,65925426,65926425,1000,2,3,0.004129759036004543,OK,True,
bcftools-indexed,r01_region_record_count,w1000_05,chr1,54878472,54879471,1000,2,1,0.005782725289463997,OK,True,
bcftools-indexed,r01_region_record_count,w1000_05,chr1,54878472,54879471,1000,2,2,0.004068021196871996,OK,True,
bcftools-indexed,r01_region_record_count,w1000_05,chr1,54878472,54879471,1000,2,3,0.004254625178873539,OK,True,
bcftools-indexed,r01_region_record_count,w1000_06,chr1,54724268,54725267,1000,9,1,0.004082670900970697,OK,True,
bcftools-indexed,r01_region_record_count,w1000_06,chr1,54724268,54725267,1000,9,2,0.003987308591604233,OK,True,
bcftools-indexed,r01_region_record_count,w1000_06,chr1,54724268,54725267,1000,9,3,0.004164110869169235,OK,True,
bcftools-indexed,r01_region_record_count,w1000_07,chr1,50226603,50227602,1000,3,1,0.004339088685810566,OK,True,
bcftools-indexed,r01_region_record_count,w1000_07,chr1,50226603,50227602,1000,3,2,0.003972503822296858,OK,True,
bcftools-indexed,r01_region_record_count,w1000_07,chr1,50226603,50227602,1000,3,3,0.003980826120823622,OK,True,
bcftools-indexed,r01_region_record_count,w1000_08,chr1,5558122,5559121,1000,2,1,0.0039665428921580315,OK,True,
bcftools-indexed,r01_region_record_count,w1000_08,chr1,5558122,5559121,1000,2,2,0.00400573993101716,OK,True,
bcftools-indexed,r01_region_record_count,w1000_08,chr1,5558122,5559121,1000,2,3,0.00489382678642869,OK,True,
bcftools-indexed,r01_region_record_count,w1000_09,chr1,21979241,21980240,1000,15,1,0.004171940963715315,OK,True,
bcftools-indexed,r01_region_record_count,w1000_09,chr1,21979241,21980240,1000,15,2,0.004183659795671701,OK,True,
bcftools-indexed,r01_region_record_count,w1000_09,chr1,21979241,21980240,1000,15,3,0.0041580721735954285,OK,True,
bcftools-indexed,r01_region_record_count,w1000_10,chr1,58250107,58251106,1000,2,1,0.004066028166562319,OK,True,
bcftools-indexed,r01_region_record_count,w1000_10,chr1,58250107,58251106,1000,2,2,0.004067586734890938,OK,True,
bcftools-indexed,r01_region_record_count,w1000_10,chr1,58250107,58251106,1000,2,3,0.0039884718134999275,OK,True,
bcftools-indexed,r01_region_record_count,w1000_11,chr1,33820268,33821267,1000,1,1,0.00402874406427145,OK,True,
bcftools-indexed,r01_region_record_count,w1000_11,chr1,33820268,33821267,1000,1,2,0.00402171490713954,OK,True,
bcftools-indexed,r01_region_record_count,w1000_11,chr1,33820268,33821267,1000,1,3,0.0039631458930671215,OK,True,
bcftools-indexed,r01_region_record_count,w1000_12,chr1,74268898,74269897,1000,4,1,0.003946695942431688,OK,True,
bcftools-indexed,r01_region_record_count,w1000_12,chr1,74268898,74269897,1000,4,2,0.004164189100265503,OK,True,
bcftools-indexed,r01_region_record_count,w1000_12,chr1,74268898,74269897,1000,4,3,0.003992396406829357,OK,True,
bcftools-indexed,r01_region_record_count,w1000_13,chr1,58011340,58012339,1000,3,1,0.004118149168789387,OK,True,
bcftools-indexed,r01_region_record_count,w1000_13,chr1,58011340,58012339,1000,3,2,0.005859591998159885,OK,True,
bcftools-indexed,r01_region_record_count,w1000_13,chr1,58011340,58012339,1000,3,3,0.004269684664905071,OK,True,
bcftools-indexed,r01_region_record_count,w1000_14,chr1,55322618,55323617,1000,2,1,0.00415414571762085,OK,True,
bcftools-indexed,r01_region_record_count,w1000_14,chr1,55322618,55323617,1000,2,2,0.004027078859508038,OK,True,
bcftools-indexed,r01_region_record_count,w1000_14,chr1,55322618,55323617,1000,2,3,0.004057573154568672,OK,True,
bcftools-indexed,r01_region_record_count,w1000_15,chr1,58597811,58598810,1000,2,1,0.004117564298212528,OK,True,
bcftools-indexed,r01_region_record_count,w1000_15,chr1,58597811,58598810,1000,2,2,0.00425844918936491,OK,True,
bcftools-indexed,r01_region_record_count,w1000_15,chr1,58597811,58598810,1000,2,3,0.0041431100107729435,OK,True,
bcftools-indexed,r01_region_record_count,w1000_16,chr1,61942877,61943876,1000,1,1,0.003983700182288885,OK,True,
bcftools-indexed,r01_region_record_count,w1000_16,chr1,61942877,61943876,1000,1,2,0.0038759009912610054,OK,True,
bcftools-indexed,r01_region_record_count,w1000_16,chr1,61942877,61943876,1000,1,3,0.004132719244807959,OK,True,
bcftools-indexed,r01_region_record_count,w1000_17,chr1,74952903,74953902,1000,2,1,0.00418326910585165,OK,True,
bcftools-indexed,r01_region_record_count,w1000_17,chr1,74952903,74953902,1000,2,2,0.004238330293446779,OK,True,
bcftools-indexed,r01_region_record_count,w1000_17,chr1,74952903,74953902,1000,2,3,0.00434446707367897,OK,True,
bcftools-indexed,r01_region_record_count,w1000_18,chr1,10920022,10921021,1000,7,1,0.004360029008239508,OK,True,
bcftools-indexed,r01_region_record_count,w1000_18,chr1,10920022,10921021,1000,7,2,0.00451347092166543,OK,True,
bcftools-indexed,r01_region_record_count,w1000_18,chr1,10920022,10921021,1000,7,3,0.004308204632252455,OK,True,
bcftools-indexed,r01_region_record_count,w1000_19,chr1,54064366,54065365,1000,1,1,0.004039385821670294,OK,True,
bcftools-indexed,r01_region_record_count,w1000_19,chr1,54064366,54065365,1000,1,2,0.004112339112907648,OK,True,
bcftools-indexed,r01_region_record_count,w1000_19,chr1,54064366,54065365,1000,1,3,0.003988770302385092,OK,True,
bcftools-indexed,r01_region_record_count,w100000_00,chr1,76042312,76142311,100000,132,1,0.004253920167684555,OK,True,
bcftools-indexed,r01_region_record_count,w100000_00,chr1,76042312,76142311,100000,132,2,0.004377028904855251,OK,True,
bcftools-indexed,r01_region_record_count,w100000_00,chr1,76042312,76142311,100000,132,3,0.004201047122478485,OK,True,
bcftools-indexed,r01_region_record_count,w100000_01,chr1,26177705,26277704,100000,141,1,0.004367122892290354,OK,True,
bcftools-indexed,r01_region_record_count,w100000_01,chr1,26177705,26277704,100000,141,2,0.004307246766984463,OK,True,
bcftools-indexed,r01_region_record_count,w100000_01,chr1,26177705,26277704,100000,141,3,0.0041836886666715145,OK,True,
bcftools-indexed,r01_region_record_count,w100000_02,chr1,76668322,76768321,100000,131,1,0.004280922934412956,OK,True,
bcftools-indexed,r01_region_record_count,w100000_02,chr1,76668322,76768321,100000,131,2,0.004208939615637064,OK,True,
bcftools-indexed,r01_region_record_count,w100000_02,chr1,76668322,76768321,100000,131,3,0.0043007731437683105,OK,True,
bcftools-indexed,r01_region_record_count,w100000_03,chr1,64797067,64897066,100000,153,1,0.004210561979562044,OK,True,
bcftools-indexed,r01_region_record_count,w100000_03,chr1,64797067,64897066,100000,153,2,0.004468254745006561,OK,True,
bcftools-indexed,r01_region_record_count,w100000_03,chr1,64797067,64897066,100000,153,3,0.004398248624056578,OK,True,
bcftools-indexed,r01_region_record_count,w100000_04,chr1,66848110,66948109,100000,83,1,0.004111055284738541,OK,True,
bcftools-indexed,r01_region_record_count,w100000_04,chr1,66848110,66948109,100000,83,2,0.004099132958799601,OK,True,
bcftools-indexed,r01_region_record_count,w100000_04,chr1,66848110,66948109,100000,83,3,0.004197465721517801,OK,True,
bcftools-indexed,r01_region_record_count,w100000_05,chr1,58175965,58275964,100000,181,1,0.0046309297904372215,OK,True,
bcftools-indexed,r01_region_record_count,w100000_05,chr1,58175965,58275964,100000,181,2,0.004335434641689062,OK,True,
bcftools-indexed,r01_region_record_count,w100000_05,chr1,58175965,58275964,100000,181,3,0.0043866271153092384,OK,True,
bcftools-indexed,r01_region_record_count,w100000_06,chr1,41567443,41667442,100000,142,1,0.004190967883914709,OK,True,
bcftools-indexed,r01_region_record_count,w100000_06,chr1,41567443,41667442,100000,142,2,0.00441658915951848,OK,True,
bcftools-indexed,r01_region_record_count,w100000_06,chr1,41567443,41667442,100000,142,3,0.004480318631976843,OK,True,
bcftools-indexed,r01_region_record_count,w100000_07,chr1,23625875,23725874,100000,143,1,0.004942991770803928,OK,True,
bcftools-indexed,r01_region_record_count,w100000_07,chr1,23625875,23725874,100000,143,2,0.004412265960127115,OK,True,
bcftools-indexed,r01_region_record_count,w100000_07,chr1,23625875,23725874,100000,143,3,0.00431422796100378,OK,True,
bcftools-indexed,r01_region_record_count,w100000_08,chr1,69897964,69997963,100000,77,1,0.00426636403426528,OK,True,
bcftools-indexed,r01_region_record_count,w100000_08,chr1,69897964,69997963,100000,77,2,0.004158841911703348,OK,True,
bcftools-indexed,r01_region_record_count,w100000_08,chr1,69897964,69997963,100000,77,3,0.004147571977227926,OK,True,
bcftools-indexed,r01_region_record_count,w100000_09,chr1,63664508,63764507,100000,287,1,0.004704069811850786,OK,True,
bcftools-indexed,r01_region_record_count,w100000_09,chr1,63664508,63764507,100000,287,2,0.004598802886903286,OK,True,
bcftools-indexed,r01_region_record_count,w100000_09,chr1,63664508,63764507,100000,287,3,0.004483832977712154,OK,True,
bcftools-indexed,r01_region_record_count,w100000_10,chr1,15518874,15618873,100000,146,1,0.004524250980466604,OK,True,
bcftools-indexed,r01_region_record_count,w100000_10,chr1,15518874,15618873,100000,146,2,0.004295084159821272,OK,True,
bcftools-indexed,r01_region_record_count,w100000_10,chr1,15518874,15618873,100000,146,3,0.004511632956564426,OK,True,
bcftools-indexed,r01_region_record_count,w100000_11,chr1,23996836,24096835,100000,343,1,0.004861099645495415,OK,True,
bcftools-indexed,r01_region_record_count,w100000_11,chr1,23996836,24096835,100000,343,2,0.004916333127766848,OK,True,
bcftools-indexed,r01_region_record_count,w100000_11,chr1,23996836,24096835,100000,343,3,0.0047957999631762505,OK,True,
bcftools-indexed,r01_region_record_count,w100000_12,chr1,56566795,56666794,100000,139,1,0.0045105889439582825,OK,True,
bcftools-indexed,r01_region_record_count,w100000_12,chr1,56566795,56666794,100000,139,2,0.004388477187603712,OK,True,
bcftools-indexed,r01_region_record_count,w100000_12,chr1,56566795,56666794,100000,139,3,0.0043899891898036,OK,True,
bcftools-indexed,r01_region_record_count,w100000_13,chr1,24058646,24158645,100000,214,1,0.004487467929720879,OK,True,
bcftools-indexed,r01_region_record_count,w100000_13,chr1,24058646,24158645,100000,214,2,0.004455454181879759,OK,True,
bcftools-indexed,r01_region_record_count,w100000_13,chr1,24058646,24158645,100000,214,3,0.0043247458525002,OK,True,
bcftools-indexed,r01_region_record_count,w100000_14,chr1,3105927,3205926,100000,226,1,0.004516134969890118,OK,True,
bcftools-indexed,r01_region_record_count,w100000_14,chr1,3105927,3205926,100000,226,2,0.004662824794650078,OK,True,
bcftools-indexed,r01_region_record_count,w100000_14,chr1,3105927,3205926,100000,226,3,0.004500716924667358,OK,True,
bcftools-indexed,r01_region_record_count,w100000_15,chr1,54865968,54965967,100000,181,1,0.004530879203230143,OK,True,
bcftools-indexed,r01_region_record_count,w100000_15,chr1,54865968,54965967,100000,181,2,0.004572419915348291,OK,True,
bcftools-indexed,r01_region_record_count,w100000_15,chr1,54865968,54965967,100000,181,3,0.004526483826339245,OK,True,
bcftools-indexed,r01_region_record_count,w100000_16,chr1,58852100,58952099,100000,79,1,0.004388790111988783,OK,True,
bcftools-indexed,r01_region_record_count,w100000_16,chr1,58852100,58952099,100000,79,2,0.004186050035059452,OK,True,
bcftools-indexed,r01_region_record_count,w100000_16,chr1,58852100,58952099,100000,79,3,0.004206163343042135,OK,True,
bcftools-indexed,r01_region_record_count,w100000_17,chr1,77570681,77670680,100000,81,1,0.004070342052727938,OK,True,
bcftools-indexed,r01_region_record_count,w100000_17,chr1,77570681,77670680,100000,81,2,0.004612253047525883,OK,True,
bcftools-indexed,r01_region_record_count,w100000_17,chr1,77570681,77670680,100000,81,3,0.00429579196497798,OK,True,
bcftools-indexed,r01_region_record_count,w100000_18,chr1,66388887,66488886,100000,196,1,0.004460695665329695,OK,True,
bcftools-indexed,r01_region_record_count,w100000_18,chr1,66388887,66488886,100000,196,2,0.004246389027684927,OK,True,
bcftools-indexed,r01_region_record_count,w100000_18,chr1,66388887,66488886,100000,196,3,0.004368647933006287,OK,True,
bcftools-indexed,r01_region_record_count,w100000_19,chr1,5319806,5419805,100000,87,1,0.004105470143258572,OK,True,
bcftools-indexed,r01_region_record_count,w100000_19,chr1,5319806,5419805,100000,87,2,0.004313203040510416,OK,True,
bcftools-indexed,r01_region_record_count,w100000_19,chr1,5319806,5419805,100000,87,3,0.004243575967848301,OK,True,
bcftools-indexed,r01_region_record_count,w1000000_00,chr1,42846822,43846821,1000000,1112,1,0.005928463768213987,OK,True,
bcftools-indexed,r01_region_record_count,w1000000_00,chr1,42846822,43846821,1000000,1112,2,0.0062845502980053425,OK,True,
bcftools-indexed,r01_region_record_count,w1000000_00,chr1,42846822,43846821,1000000,1112,3,0.00601741299033165,OK,True,
bcftools-indexed,r01_region_record_count,w1000000_01,chr1,9034070,10034069,1000000,1143,1,0.005628165788948536,OK,True,
bcftools-indexed,r01_region_record_count,w1000000_01,chr1,9034070,10034069,1000000,1143,2,0.00588521221652627,OK,True,
bcftools-indexed,r01_region_record_count,w1000000_01,chr1,9034070,10034069,1000000,1143,3,0.005962950177490711,OK,True,
bcftools-indexed,r01_region_record_count,w1000000_02,chr1,54809885,55809884,1000000,1670,1,0.0065187858417630196,OK,True,
bcftools-indexed,r01_region_record_count,w1000000_02,chr1,54809885,55809884,1000000,1670,2,0.006751270964741707,OK,True,
bcftools-indexed,r01_region_record_count,w1000000_02,chr1,54809885,55809884,1000000,1670,3,0.007486799731850624,OK,True,
bcftools-indexed,r01_region_record_count,w1000000_03,chr1,55795141,56795140,1000000,1824,1,0.006924985907971859,OK,True,
bcftools-indexed,r01_region_record_count,w1000000_03,chr1,55795141,56795140,1000000,1824,2,0.007064114324748516,OK,True,
bcftools-indexed,r01_region_record_count,w1000000_03,chr1,55795141,56795140,1000000,1824,3,0.006968692876398563,OK,True,
bcftools-indexed,r01_region_record_count,w1000000_04,chr1,11734309,12734308,1000000,950,1,0.005624993238598108,OK,True,
bcftools-indexed,r01_region_record_count,w1000000_04,chr1,11734309,12734308,1000000,950,2,0.0055214106105268,OK,True,
bcftools-indexed,r01_region_record_count,w1000000_04,chr1,11734309,12734308,1000000,950,3,0.005489958915859461,OK,True,
bcftools-indexed,r01_region_record_count,w1000000_05,chr1,28814643,29814642,1000000,1348,1,0.006306927185505629,OK,True,
bcftools-indexed,r01_region_record_count,w1000000_05,chr1,28814643,29814642,1000000,1348,2,0.006317042745649815,OK,True,
bcftools-indexed,r01_region_record_count,w1000000_05,chr1,28814643,29814642,1000000,1348,3,0.00607190141454339,OK,True,
bcftools-indexed,r01_region_record_count,w1000000_06,chr1,47354520,48354519,1000000,1253,1,0.005870243068784475,OK,True,
bcftools-indexed,r01_region_record_count,w1000000_06,chr1,47354520,48354519,1000000,1253,2,0.005911507178097963,OK,True,
bcftools-indexed,r01_region_record_count,w1000000_06,chr1,47354520,48354519,1000000,1253,3,0.005973735824227333,OK,True,
bcftools-indexed,r01_region_record_count,w1000000_07,chr1,35782931,36782930,1000000,868,1,0.005448761861771345,OK,True,
bcftools-indexed,r01_region_record_count,w1000000_07,chr1,35782931,36782930,1000000,868,2,0.005340990144759417,OK,True,
bcftools-indexed,r01_region_record_count,w1000000_07,chr1,35782931,36782930,1000000,868,3,0.005395451094955206,OK,True,
bcftools-indexed,r01_region_record_count,w1000000_08,chr1,5611726,6611725,1000000,1261,1,0.005801739636808634,OK,True,
bcftools-indexed,r01_region_record_count,w1000000_08,chr1,5611726,6611725,1000000,1261,2,0.006085385102778673,OK,True,
bcftools-indexed,r01_region_record_count,w1000000_08,chr1,5611726,6611725,1000000,1261,3,0.0060691749677062035,OK,True,
bcftools-indexed,r01_region_record_count,w1000000_09,chr1,17930348,18930347,1000000,1491,1,0.006260594818741083,OK,True,
bcftools-indexed,r01_region_record_count,w1000000_09,chr1,17930348,18930347,1000000,1491,2,0.006330818869173527,OK,True,
bcftools-indexed,r01_region_record_count,w1000000_09,chr1,17930348,18930347,1000000,1491,3,0.006221956107765436,OK,True,
bcftools-indexed,r01_region_record_count,w1000000_10,chr1,58656617,59656616,1000000,1262,1,0.006155921146273613,OK,True,
bcftools-indexed,r01_region_record_count,w1000000_10,chr1,58656617,59656616,1000000,1262,2,0.005958177149295807,OK,True,
bcftools-indexed,r01_region_record_count,w1000000_10,chr1,58656617,59656616,1000000,1262,3,0.006066455971449614,OK,True,
bcftools-indexed,r01_region_record_count,w1000000_11,chr1,20579658,21579657,1000000,1246,1,0.006071479991078377,OK,True,
bcftools-indexed,r01_region_record_count,w1000000_11,chr1,20579658,21579657,1000000,1246,2,0.005827005952596664,OK,True,
bcftools-indexed,r01_region_record_count,w1000000_11,chr1,20579658,21579657,1000000,1246,3,0.006026198156177998,OK,True,
bcftools-indexed,r01_region_record_count,w1000000_12,chr1,66774094,67774093,1000000,1548,1,0.006430616602301598,OK,True,
bcftools-indexed,r01_region_record_count,w1000000_12,chr1,66774094,67774093,1000000,1548,2,0.006254471838474274,OK,True,
bcftools-indexed,r01_region_record_count,w1000000_12,chr1,66774094,67774093,1000000,1548,3,0.0065503777004778385,OK,True,
bcftools-indexed,r01_region_record_count,w1000000_13,chr1,53330427,54330426,1000000,1337,1,0.006296306848526001,OK,True,
bcftools-indexed,r01_region_record_count,w1000000_13,chr1,53330427,54330426,1000000,1337,2,0.006176147609949112,OK,True,
bcftools-indexed,r01_region_record_count,w1000000_13,chr1,53330427,54330426,1000000,1337,3,0.006111307069659233,OK,True,
bcftools-indexed,r01_region_record_count,w1000000_14,chr1,34457222,35457221,1000000,1194,1,0.005792700219899416,OK,True,
bcftools-indexed,r01_region_record_count,w1000000_14,chr1,34457222,35457221,1000000,1194,2,0.006083856336772442,OK,True,
bcftools-indexed,r01_region_record_count,w1000000_14,chr1,34457222,35457221,1000000,1194,3,0.006036137696355581,OK,True,
bcftools-indexed,r01_region_record_count,w1000000_15,chr1,6173132,7173131,1000000,906,1,0.005596380215138197,OK,True,
bcftools-indexed,r01_region_record_count,w1000000_15,chr1,6173132,7173131,1000000,906,2,0.0054902974516153336,OK,True,
bcftools-indexed,r01_region_record_count,w1000000_15,chr1,6173132,7173131,1000000,906,3,0.005478952080011368,OK,True,
bcftools-indexed,r01_region_record_count,w1000000_16,chr1,34054184,35054183,1000000,1668,1,0.006502748932689428,OK,True,
bcftools-indexed,r01_region_record_count,w1000000_16,chr1,34054184,35054183,1000000,1668,2,0.006820427253842354,OK,True,
bcftools-indexed,r01_region_record_count,w1000000_16,chr1,34054184,35054183,1000000,1668,3,0.0070752850733697414,OK,True,
bcftools-indexed,r01_region_record_count,w1000000_17,chr1,15193776,16193775,1000000,1521,1,0.00673215277493,OK,True,
bcftools-indexed,r01_region_record_count,w1000000_17,chr1,15193776,16193775,1000000,1521,2,0.006634299177676439,OK,True,
bcftools-indexed,r01_region_record_count,w1000000_17,chr1,15193776,16193775,1000000,1521,3,0.006757237017154694,OK,True,
bcftools-indexed,r01_region_record_count,w1000000_18,chr1,43583485,44583484,1000000,1108,1,0.005970282945781946,OK,True,
bcftools-indexed,r01_region_record_count,w1000000_18,chr1,43583485,44583484,1000000,1108,2,0.00582394003868103,OK,True,
bcftools-indexed,r01_region_record_count,w1000000_18,chr1,43583485,44583484,1000000,1108,3,0.006012178957462311,OK,True,
bcftools-indexed,r01_region_record_count,w1000000_19,chr1,58570714,59570713,1000000,1451,1,0.006897218991070986,OK,True,
bcftools-indexed,r01_region_record_count,w1000000_19,chr1,58570714,59570713,1000000,1451,2,0.006168351974338293,OK,True,
bcftools-indexed,r01_region_record_count,w1000000_19,chr1,58570714,59570713,1000000,1451,3,0.006333418656140566,OK,True,
bcftools-indexed,r01_region_record_count,w10000000_00,chr1,36023355,46023354,10000000,11510,1,0.02310784999281168,OK,True,
bcftools-indexed,r01_region_record_count,w10000000_00,chr1,36023355,46023354,10000000,11510,2,0.021337459795176983,OK,True,
bcftools-indexed,r01_region_record_count,w10000000_00,chr1,36023355,46023354,10000000,11510,3,0.02170279622077942,OK,True,
bcftools-indexed,r01_region_record_count,w10000000_01,chr1,57527385,67527384,10000000,14820,1,0.027667871210724115,OK,True,
bcftools-indexed,r01_region_record_count,w10000000_01,chr1,57527385,67527384,10000000,14820,2,0.02690113289281726,OK,True,
bcftools-indexed,r01_region_record_count,w10000000_01,chr1,57527385,67527384,10000000,14820,3,0.026411511935293674,OK,True,
bcftools-indexed,r01_region_record_count,w10000000_02,chr1,63680811,73680810,10000000,13676,1,0.025791583117097616,OK,True,
bcftools-indexed,r01_region_record_count,w10000000_02,chr1,63680811,73680810,10000000,13676,2,0.02549629006534815,OK,True,
bcftools-indexed,r01_region_record_count,w10000000_02,chr1,63680811,73680810,10000000,13676,3,0.026172166224569082,OK,True,
bcftools-indexed,r01_region_record_count,w10000000_03,chr1,53679378,63679377,10000000,14787,1,0.02789532206952572,OK,True,
bcftools-indexed,r01_region_record_count,w10000000_03,chr1,53679378,63679377,10000000,14787,2,0.026471000164747238,OK,True,
bcftools-indexed,r01_region_record_count,w10000000_03,chr1,53679378,63679377,10000000,14787,3,0.025710992980748415,OK,True,
bcftools-indexed,r01_region_record_count,w10000000_04,chr1,60690498,70690497,10000000,14398,1,0.02577790804207325,OK,True,
bcftools-indexed,r01_region_record_count,w10000000_04,chr1,60690498,70690497,10000000,14398,2,0.026811107993125916,OK,True,
bcftools-indexed,r01_region_record_count,w10000000_04,chr1,60690498,70690497,10000000,14398,3,0.02654402796179056,OK,True,
bcftools-indexed,r01_region_record_count,w10000000_05,chr1,47428546,57428545,10000000,11289,1,0.021627326030284166,OK,True,
bcftools-indexed,r01_region_record_count,w10000000_05,chr1,47428546,57428545,10000000,11289,2,0.022359373979270458,OK,True,
bcftools-indexed,r01_region_record_count,w10000000_05,chr1,47428546,57428545,10000000,11289,3,0.021969590801745653,OK,True,
bcftools-indexed,r01_region_record_count,w10000000_06,chr1,22030736,32030735,10000000,12991,1,0.02431584056466818,OK,True,
bcftools-indexed,r01_region_record_count,w10000000_06,chr1,22030736,32030735,10000000,12991,2,0.023724287282675505,OK,True,
bcftools-indexed,r01_region_record_count,w10000000_06,chr1,22030736,32030735,10000000,12991,3,0.024981187656521797,OK,True,
bcftools-indexed,r01_region_record_count,w10000000_07,chr1,34252401,44252400,10000000,11717,1,0.02160275261849165,OK,True,
bcftools-indexed,r01_region_record_count,w10000000_07,chr1,34252401,44252400,10000000,11717,2,0.021910710725933313,OK,True,
bcftools-indexed,r01_region_record_count,w10000000_07,chr1,34252401,44252400,10000000,11717,3,0.02163371117785573,OK,True,
bcftools-indexed,r01_region_record_count,w10000000_08,chr1,58528508,68528507,10000000,14502,1,0.025461059994995594,OK,True,
bcftools-indexed,r01_region_record_count,w10000000_08,chr1,58528508,68528507,10000000,14502,2,0.027958644088357687,OK,True,
bcftools-indexed,r01_region_record_count,w10000000_08,chr1,58528508,68528507,10000000,14502,3,0.02682527108117938,OK,True,
bcftools-indexed,r01_region_record_count,w10000000_09,chr1,51917411,61917410,10000000,13900,1,0.024645977187901735,OK,True,
bcftools-indexed,r01_region_record_count,w10000000_09,chr1,51917411,61917410,10000000,13900,2,0.025847130920737982,OK,True,
bcftools-indexed,r01_region_record_count,w10000000_09,chr1,51917411,61917410,10000000,13900,3,0.02488641021773219,OK,True,
bcftools-indexed,r01_region_record_count,w10000000_10,chr1,17106918,27106917,10000000,14199,1,0.02552203508093953,OK,True,
bcftools-indexed,r01_region_record_count,w10000000_10,chr1,17106918,27106917,10000000,14199,2,0.02487941598519683,OK,True,
bcftools-indexed,r01_region_record_count,w10000000_10,chr1,17106918,27106917,10000000,14199,3,0.0257437857799232,OK,True,
bcftools-indexed,r01_region_record_count,w10000000_11,chr1,43275553,53275552,10000000,9415,1,0.0181633778847754,OK,True,
bcftools-indexed,r01_region_record_count,w10000000_11,chr1,43275553,53275552,10000000,9415,2,0.01870523765683174,OK,True,
bcftools-indexed,r01_region_record_count,w10000000_11,chr1,43275553,53275552,10000000,9415,3,0.018689995631575584,OK,True,
bcftools-indexed,r01_region_record_count,w10000000_12,chr1,75394691,85394690,10000000,3288,1,0.009690539911389351,OK,True,
bcftools-indexed,r01_region_record_count,w10000000_12,chr1,75394691,85394690,10000000,3288,2,0.009537162724882364,OK,True,
bcftools-indexed,r01_region_record_count,w10000000_12,chr1,75394691,85394690,10000000,3288,3,0.014172329101711512,OK,True,
bcftools-indexed,r01_region_record_count,w10000000_13,chr1,40866716,50866715,10000000,10786,1,0.021086810156702995,OK,True,
bcftools-indexed,r01_region_record_count,w10000000_13,chr1,40866716,50866715,10000000,10786,2,0.02058815397322178,OK,True,
bcftools-indexed,r01_region_record_count,w10000000_13,chr1,40866716,50866715,10000000,10786,3,0.020353151950985193,OK,True,
bcftools-indexed,r01_region_record_count,w10000000_14,chr1,54182280,64182279,10000000,14941,1,0.027356882579624653,OK,True,
bcftools-indexed,r01_region_record_count,w10000000_14,chr1,54182280,64182279,10000000,14941,2,0.027360725682228804,OK,True,
bcftools-indexed,r01_region_record_count,w10000000_14,chr1,54182280,64182279,10000000,14941,3,0.02626446494832635,OK,True,
bcftools-indexed,r01_region_record_count,w10000000_15,chr1,22053178,32053177,10000000,12910,1,0.02425227500498295,OK,True,
bcftools-indexed,r01_region_record_count,w10000000_15,chr1,22053178,32053177,10000000,12910,2,0.024267239030450583,OK,True,
bcftools-indexed,r01_region_record_count,w10000000_15,chr1,22053178,32053177,10000000,12910,3,0.023577069863677025,OK,True,
bcftools-indexed,r01_region_record_count,w10000000_16,chr1,65680356,75680355,10000000,13295,1,0.029772983863949776,OK,True,
bcftools-indexed,r01_region_record_count,w10000000_16,chr1,65680356,75680355,10000000,13295,2,0.02430597599595785,OK,True,
bcftools-indexed,r01_region_record_count,w10000000_16,chr1,65680356,75680355,10000000,13295,3,0.028916298877447844,OK,True,
bcftools-indexed,r01_region_record_count,w10000000_17,chr1,30270070,40270069,10000000,12583,1,0.024617930874228477,OK,True,
bcftools-indexed,r01_region_record_count,w10000000_17,chr1,30270070,40270069,10000000,12583,2,0.02347365114837885,OK,True,
bcftools-indexed,r01_region_record_count,w10000000_17,chr1,30270070,40270069,10000000,12583,3,0.023545327130705118,OK,True,
bcftools-indexed,r01_region_record_count,w10000000_18,chr1,42283662,52283661,10000000,9628,1,0.01906580524519086,OK,True,
bcftools-indexed,r01_region_record_count,w10000000_18,chr1,42283662,52283661,10000000,9628,2,0.020272511057555676,OK,True,
bcftools-indexed,r01_region_record_count,w10000000_18,chr1,42283662,52283661,10000000,9628,3,0.01985930511727929,OK,True,
bcftools-indexed,r01_region_record_count,w10000000_19,chr1,61622305,71622304,10000000,14407,1,0.026097862981259823,OK,True,
bcftools-indexed,r01_region_record_count,w10000000_19,chr1,61622305,71622304,10000000,14407,2,0.031484963838011026,OK,True,
bcftools-indexed,r01_region_record_count,w10000000_19,chr1,61622305,71622304,10000000,14407,3,0.025656291749328375,OK,True,
bcftools-indexed,r02_region_variant_shape_counts,w1000_00,chr1,23894831,23895830,1000,10,1,0.004628763068467379,OK,True,
bcftools-indexed,r02_region_variant_shape_counts,w1000_00,chr1,23894831,23895830,1000,10,2,0.004379273857921362,OK,True,
bcftools-indexed,r02_region_variant_shape_counts,w1000_00,chr1,23894831,23895830,1000,10,3,0.004216078668832779,OK,True,
bcftools-indexed,r02_region_variant_shape_counts,w1000_01,chr1,37268328,37269327,1000,1,1,0.0042477878741919994,OK,True,
bcftools-indexed,r02_region_variant_shape_counts,w1000_01,chr1,37268328,37269327,1000,1,2,0.004142613150179386,OK,True,
bcftools-indexed,r02_region_variant_shape_counts,w1000_01,chr1,37268328,37269327,1000,1,3,0.004109174013137817,OK,True,
bcftools-indexed,r02_region_variant_shape_counts,w1000_02,chr1,42471294,42472293,1000,2,1,0.004629509057849646,OK,True,
bcftools-indexed,r02_region_variant_shape_counts,w1000_02,chr1,42471294,42472293,1000,2,2,0.004451343324035406,OK,True,
bcftools-indexed,r02_region_variant_shape_counts,w1000_02,chr1,42471294,42472293,1000,2,3,0.0041189538314938545,OK,True,
bcftools-indexed,r02_region_variant_shape_counts,w1000_03,chr1,19972624,19973623,1000,4,1,0.003980575129389763,OK,True,
bcftools-indexed,r02_region_variant_shape_counts,w1000_03,chr1,19972624,19973623,1000,4,2,0.004531754646450281,OK,True,
bcftools-indexed,r02_region_variant_shape_counts,w1000_03,chr1,19972624,19973623,1000,4,3,0.004946093074977398,OK,True,
bcftools-indexed,r02_region_variant_shape_counts,w1000_04,chr1,65925426,65926425,1000,2,1,0.004204525146633387,OK,True,
bcftools-indexed,r02_region_variant_shape_counts,w1000_04,chr1,65925426,65926425,1000,2,2,0.004642719868570566,OK,True,
bcftools-indexed,r02_region_variant_shape_counts,w1000_04,chr1,65925426,65926425,1000,2,3,0.0041022817604243755,OK,True,
bcftools-indexed,r02_region_variant_shape_counts,w1000_05,chr1,54878472,54879471,1000,2,1,0.004453335888683796,OK,True,
bcftools-indexed,r02_region_variant_shape_counts,w1000_05,chr1,54878472,54879471,1000,2,2,0.004391045775264502,OK,True,
bcftools-indexed,r02_region_variant_shape_counts,w1000_05,chr1,54878472,54879471,1000,2,3,0.004706397652626038,OK,True,
bcftools-indexed,r02_region_variant_shape_counts,w1000_06,chr1,54724268,54725267,1000,9,1,0.004474679008126259,OK,True,
bcftools-indexed,r02_region_variant_shape_counts,w1000_06,chr1,54724268,54725267,1000,9,2,0.004214372951537371,OK,True,
bcftools-indexed,r02_region_variant_shape_counts,w1000_06,chr1,54724268,54725267,1000,9,3,0.0042508146725595,OK,True,
bcftools-indexed,r02_region_variant_shape_counts,w1000_07,chr1,50226603,50227602,1000,3,1,0.004367673769593239,OK,True,
bcftools-indexed,r02_region_variant_shape_counts,w1000_07,chr1,50226603,50227602,1000,3,2,0.004440801218152046,OK,True,
bcftools-indexed,r02_region_variant_shape_counts,w1000_07,chr1,50226603,50227602,1000,3,3,0.0043072886765003204,OK,True,
bcftools-indexed,r02_region_variant_shape_counts,w1000_08,chr1,5558122,5559121,1000,2,1,0.004087781999260187,OK,True,
bcftools-indexed,r02_region_variant_shape_counts,w1000_08,chr1,5558122,5559121,1000,2,2,0.0039846450090408325,OK,True,
bcftools-indexed,r02_region_variant_shape_counts,w1000_08,chr1,5558122,5559121,1000,2,3,0.00440513389185071,OK,True,
bcftools-indexed,r02_region_variant_shape_counts,w1000_09,chr1,21979241,21980240,1000,15,1,0.004297071602195501,OK,True,
bcftools-indexed,r02_region_variant_shape_counts,w1000_09,chr1,21979241,21980240,1000,15,2,0.0041804201900959015,OK,True,
bcftools-indexed,r02_region_variant_shape_counts,w1000_09,chr1,21979241,21980240,1000,15,3,0.004015572834759951,OK,True,
bcftools-indexed,r02_region_variant_shape_counts,w1000_10,chr1,58250107,58251106,1000,2,1,0.004071936942636967,OK,True,
bcftools-indexed,r02_region_variant_shape_counts,w1000_10,chr1,58250107,58251106,1000,2,2,0.004112031310796738,OK,True,
bcftools-indexed,r02_region_variant_shape_counts,w1000_10,chr1,58250107,58251106,1000,2,3,0.004022662062197924,OK,True,
bcftools-indexed,r02_region_variant_shape_counts,w1000_11,chr1,33820268,33821267,1000,1,1,0.003921908792108297,OK,True,
bcftools-indexed,r02_region_variant_shape_counts,w1000_11,chr1,33820268,33821267,1000,1,2,0.004648607689887285,OK,True,
bcftools-indexed,r02_region_variant_shape_counts,w1000_11,chr1,33820268,33821267,1000,1,3,0.004271840211004019,OK,True,
bcftools-indexed,r02_region_variant_shape_counts,w1000_12,chr1,74268898,74269897,1000,4,1,0.004209741018712521,OK,True,
bcftools-indexed,r02_region_variant_shape_counts,w1000_12,chr1,74268898,74269897,1000,4,2,0.004104530904442072,OK,True,
bcftools-indexed,r02_region_variant_shape_counts,w1000_12,chr1,74268898,74269897,1000,4,3,0.0043465979397296906,OK,True,
bcftools-indexed,r02_region_variant_shape_counts,w1000_13,chr1,58011340,58012339,1000,3,1,0.004136138129979372,OK,True,
bcftools-indexed,r02_region_variant_shape_counts,w1000_13,chr1,58011340,58012339,1000,3,2,0.004573842976242304,OK,True,
bcftools-indexed,r02_region_variant_shape_counts,w1000_13,chr1,58011340,58012339,1000,3,3,0.004951870068907738,OK,True,
bcftools-indexed,r02_region_variant_shape_counts,w1000_14,chr1,55322618,55323617,1000,2,1,0.004553026054054499,OK,True,
bcftools-indexed,r02_region_variant_shape_counts,w1000_14,chr1,55322618,55323617,1000,2,2,0.004490809049457312,OK,True,
bcftools-indexed,r02_region_variant_shape_counts,w1000_14,chr1,55322618,55323617,1000,2,3,0.004457775969058275,OK,True,
bcftools-indexed,r02_region_variant_shape_counts,w1000_15,chr1,58597811,58598810,1000,2,1,0.006880162283778191,OK,True,
bcftools-indexed,r02_region_variant_shape_counts,w1000_15,chr1,58597811,58598810,1000,2,2,0.004833306651562452,OK,True,
bcftools-indexed,r02_region_variant_shape_counts,w1000_15,chr1,58597811,58598810,1000,2,3,0.00550901098176837,OK,True,
bcftools-indexed,r02_region_variant_shape_counts,w1000_16,chr1,61942877,61943876,1000,1,1,0.004767473787069321,OK,True,
bcftools-indexed,r02_region_variant_shape_counts,w1000_16,chr1,61942877,61943876,1000,1,2,0.004218438174575567,OK,True,
bcftools-indexed,r02_region_variant_shape_counts,w1000_16,chr1,61942877,61943876,1000,1,3,0.004710801877081394,OK,True,
bcftools-indexed,r02_region_variant_shape_counts,w1000_17,chr1,74952903,74953902,1000,2,1,0.004484943114221096,OK,True,
bcftools-indexed,r02_region_variant_shape_counts,w1000_17,chr1,74952903,74953902,1000,2,2,0.0045877741649746895,OK,True,
bcftools-indexed,r02_region_variant_shape_counts,w1000_17,chr1,74952903,74953902,1000,2,3,0.0045567722991108894,OK,True,
bcftools-indexed,r02_region_variant_shape_counts,w1000_18,chr1,10920022,10921021,1000,7,1,0.006404911167919636,OK,True,
bcftools-indexed,r02_region_variant_shape_counts,w1000_18,chr1,10920022,10921021,1000,7,2,0.0045220148749649525,OK,True,
bcftools-indexed,r02_region_variant_shape_counts,w1000_18,chr1,10920022,10921021,1000,7,3,0.0069100381806492805,OK,True,
bcftools-indexed,r02_region_variant_shape_counts,w1000_19,chr1,54064366,54065365,1000,1,1,0.004488041158765554,OK,True,
bcftools-indexed,r02_region_variant_shape_counts,w1000_19,chr1,54064366,54065365,1000,1,2,0.004457082133740187,OK,True,
bcftools-indexed,r02_region_variant_shape_counts,w1000_19,chr1,54064366,54065365,1000,1,3,0.0045301890932023525,OK,True,
bcftools-indexed,r02_region_variant_shape_counts,w100000_00,chr1,76042312,76142311,100000,132,1,0.0049580358900129795,OK,True,
bcftools-indexed,r02_region_variant_shape_counts,w100000_00,chr1,76042312,76142311,100000,132,2,0.004637842997908592,OK,True,
bcftools-indexed,r02_region_variant_shape_counts,w100000_00,chr1,76042312,76142311,100000,132,3,0.004532511346042156,OK,True,
bcftools-indexed,r02_region_variant_shape_counts,w100000_01,chr1,26177705,26277704,100000,141,1,0.0048226648941636086,OK,True,
bcftools-indexed,r02_region_variant_shape_counts,w100000_01,chr1,26177705,26277704,100000,141,2,0.004676192998886108,OK,True,
bcftools-indexed,r02_region_variant_shape_counts,w100000_01,chr1,26177705,26277704,100000,141,3,0.005187132395803928,OK,True,
bcftools-indexed,r02_region_variant_shape_counts,w100000_02,chr1,76668322,76768321,100000,131,1,0.004738676827400923,OK,True,
bcftools-indexed,r02_region_variant_shape_counts,w100000_02,chr1,76668322,76768321,100000,131,2,0.004531957674771547,OK,True,
bcftools-indexed,r02_region_variant_shape_counts,w100000_02,chr1,76668322,76768321,100000,131,3,0.004765985067933798,OK,True,
bcftools-indexed,r02_region_variant_shape_counts,w100000_03,chr1,64797067,64897066,100000,153,1,0.00502322893589735,OK,True,
bcftools-indexed,r02_region_variant_shape_counts,w100000_03,chr1,64797067,64897066,100000,153,2,0.004843518137931824,OK,True,
bcftools-indexed,r02_region_variant_shape_counts,w100000_03,chr1,64797067,64897066,100000,153,3,0.004679232835769653,OK,True,
bcftools-indexed,r02_region_variant_shape_counts,w100000_04,chr1,66848110,66948109,100000,83,1,0.0046676951460540295,OK,True,
bcftools-indexed,r02_region_variant_shape_counts,w100000_04,chr1,66848110,66948109,100000,83,2,0.004452864173799753,OK,True,
bcftools-indexed,r02_region_variant_shape_counts,w100000_04,chr1,66848110,66948109,100000,83,3,0.005180581007152796,OK,True,
bcftools-indexed,r02_region_variant_shape_counts,w100000_05,chr1,58175965,58275964,100000,181,1,0.005369530059397221,OK,True,
bcftools-indexed,r02_region_variant_shape_counts,w100000_05,chr1,58175965,58275964,100000,181,2,0.004955277778208256,OK,True,
bcftools-indexed,r02_region_variant_shape_counts,w100000_05,chr1,58175965,58275964,100000,181,3,0.00514195067808032,OK,True,
bcftools-indexed,r02_region_variant_shape_counts,w100000_06,chr1,41567443,41667442,100000,142,1,0.005031628999859095,OK,True,
bcftools-indexed,r02_region_variant_shape_counts,w100000_06,chr1,41567443,41667442,100000,142,2,0.004772480111569166,OK,True,
bcftools-indexed,r02_region_variant_shape_counts,w100000_06,chr1,41567443,41667442,100000,142,3,0.00464717298746109,OK,True,
bcftools-indexed,r02_region_variant_shape_counts,w100000_07,chr1,23625875,23725874,100000,143,1,0.005542777944356203,OK,True,
bcftools-indexed,r02_region_variant_shape_counts,w100000_07,chr1,23625875,23725874,100000,143,2,0.004949353169649839,OK,True,
bcftools-indexed,r02_region_variant_shape_counts,w100000_07,chr1,23625875,23725874,100000,143,3,0.004544727969914675,OK,True,
bcftools-indexed,r02_region_variant_shape_counts,w100000_08,chr1,69897964,69997963,100000,77,1,0.0048982808366417885,OK,True,
bcftools-indexed,r02_region_variant_shape_counts,w100000_08,chr1,69897964,69997963,100000,77,2,0.004521035123616457,OK,True,
bcftools-indexed,r02_region_variant_shape_counts,w100000_08,chr1,69897964,69997963,100000,77,3,0.004568128846585751,OK,True,
bcftools-indexed,r02_region_variant_shape_counts,w100000_09,chr1,63664508,63764507,100000,287,1,0.005353163927793503,OK,True,
bcftools-indexed,r02_region_variant_shape_counts,w100000_09,chr1,63664508,63764507,100000,287,2,0.005201383959501982,OK,True,
bcftools-indexed,r02_region_variant_shape_counts,w100000_09,chr1,63664508,63764507,100000,287,3,0.00521954195573926,OK,True,
bcftools-indexed,r02_region_variant_shape_counts,w100000_10,chr1,15518874,15618873,100000,146,1,0.004507148638367653,OK,True,
bcftools-indexed,r02_region_variant_shape_counts,w100000_10,chr1,15518874,15618873,100000,146,2,0.004891665186733007,OK,True,
bcftools-indexed,r02_region_variant_shape_counts,w100000_10,chr1,15518874,15618873,100000,146,3,0.004807380959391594,OK,True,
bcftools-indexed,r02_region_variant_shape_counts,w100000_11,chr1,23996836,24096835,100000,343,1,0.0052822548896074295,OK,True,
bcftools-indexed,r02_region_variant_shape_counts,w100000_11,chr1,23996836,24096835,100000,343,2,0.008567665237933397,OK,True,
bcftools-indexed,r02_region_variant_shape_counts,w100000_11,chr1,23996836,24096835,100000,343,3,0.005571993067860603,OK,True,
bcftools-indexed,r02_region_variant_shape_counts,w100000_12,chr1,56566795,56666794,100000,139,1,0.0050467210821807384,OK,True,
bcftools-indexed,r02_region_variant_shape_counts,w100000_12,chr1,56566795,56666794,100000,139,2,0.004600013140588999,OK,True,
bcftools-indexed,r02_region_variant_shape_counts,w100000_12,chr1,56566795,56666794,100000,139,3,0.0045021893456578255,OK,True,
bcftools-indexed,r02_region_variant_shape_counts,w100000_13,chr1,24058646,24158645,100000,214,1,0.005156544037163258,OK,True,
bcftools-indexed,r02_region_variant_shape_counts,w100000_13,chr1,24058646,24158645,100000,214,2,0.005030350759625435,OK,True,
bcftools-indexed,r02_region_variant_shape_counts,w100000_13,chr1,24058646,24158645,100000,214,3,0.004778809379786253,OK,True,
bcftools-indexed,r02_region_variant_shape_counts,w100000_14,chr1,3105927,3205926,100000,226,1,0.00483677675947547,OK,True,
bcftools-indexed,r02_region_variant_shape_counts,w100000_14,chr1,3105927,3205926,100000,226,2,0.004958051256835461,OK,True,
bcftools-indexed,r02_region_variant_shape_counts,w100000_14,chr1,3105927,3205926,100000,226,3,0.005022193305194378,OK,True,
bcftools-indexed,r02_region_variant_shape_counts,w100000_15,chr1,54865968,54965967,100000,181,1,0.005008289124816656,OK,True,
bcftools-indexed,r02_region_variant_shape_counts,w100000_15,chr1,54865968,54965967,100000,181,2,0.005239235702902079,OK,True,
bcftools-indexed,r02_region_variant_shape_counts,w100000_15,chr1,54865968,54965967,100000,181,3,0.0051776268519461155,OK,True,
bcftools-indexed,r02_region_variant_shape_counts,w100000_16,chr1,58852100,58952099,100000,79,1,0.0046381838619709015,OK,True,
bcftools-indexed,r02_region_variant_shape_counts,w100000_16,chr1,58852100,58952099,100000,79,2,0.00520764896646142,OK,True,
bcftools-indexed,r02_region_variant_shape_counts,w100000_16,chr1,58852100,58952099,100000,79,3,0.004559996072202921,OK,True,
bcftools-indexed,r02_region_variant_shape_counts,w100000_17,chr1,77570681,77670680,100000,81,1,0.0043948860839009285,OK,True,
bcftools-indexed,r02_region_variant_shape_counts,w100000_17,chr1,77570681,77670680,100000,81,2,0.004354102071374655,OK,True,
bcftools-indexed,r02_region_variant_shape_counts,w100000_17,chr1,77570681,77670680,100000,81,3,0.00504994485527277,OK,True,
bcftools-indexed,r02_region_variant_shape_counts,w100000_18,chr1,66388887,66488886,100000,196,1,0.005223576910793781,OK,True,
bcftools-indexed,r02_region_variant_shape_counts,w100000_18,chr1,66388887,66488886,100000,196,2,0.005413393024355173,OK,True,
bcftools-indexed,r02_region_variant_shape_counts,w100000_18,chr1,66388887,66488886,100000,196,3,0.0047962600365281105,OK,True,
bcftools-indexed,r02_region_variant_shape_counts,w100000_19,chr1,5319806,5419805,100000,87,1,0.005218097940087318,OK,True,
bcftools-indexed,r02_region_variant_shape_counts,w100000_19,chr1,5319806,5419805,100000,87,2,0.005089323967695236,OK,True,
bcftools-indexed,r02_region_variant_shape_counts,w100000_19,chr1,5319806,5419805,100000,87,3,0.004630645737051964,OK,True,
bcftools-indexed,r02_region_variant_shape_counts,w1000000_00,chr1,42846822,43846821,1000000,1112,1,0.007606623228639364,OK,True,
bcftools-indexed,r02_region_variant_shape_counts,w1000000_00,chr1,42846822,43846821,1000000,1112,2,0.007605898194015026,OK,True,
bcftools-indexed,r02_region_variant_shape_counts,w1000000_00,chr1,42846822,43846821,1000000,1112,3,0.008075647056102753,OK,True,
bcftools-indexed,r02_region_variant_shape_counts,w1000000_01,chr1,9034070,10034069,1000000,1143,1,0.008382515981793404,OK,True,
bcftools-indexed,r02_region_variant_shape_counts,w1000000_01,chr1,9034070,10034069,1000000,1143,2,0.008470168337225914,OK,True,
bcftools-indexed,r02_region_variant_shape_counts,w1000000_01,chr1,9034070,10034069,1000000,1143,3,0.008044986054301262,OK,True,
bcftools-indexed,r02_region_variant_shape_counts,w1000000_02,chr1,54809885,55809884,1000000,1670,1,0.009398322086781263,OK,True,
bcftools-indexed,r02_region_variant_shape_counts,w1000000_02,chr1,54809885,55809884,1000000,1670,2,0.009274572134017944,OK,True,
bcftools-indexed,r02_region_variant_shape_counts,w1000000_02,chr1,54809885,55809884,1000000,1670,3,0.009277431759983301,OK,True,
bcftools-indexed,r02_region_variant_shape_counts,w1000000_03,chr1,55795141,56795140,1000000,1824,1,0.00971018336713314,OK,True,
bcftools-indexed,r02_region_variant_shape_counts,w1000000_03,chr1,55795141,56795140,1000000,1824,2,0.00955961411818862,OK,True,
bcftools-indexed,r02_region_variant_shape_counts,w1000000_03,chr1,55795141,56795140,1000000,1824,3,0.01000685291364789,OK,True,
bcftools-indexed,r02_region_variant_shape_counts,w1000000_04,chr1,11734309,12734308,1000000,950,1,0.007246656809002161,OK,True,
bcftools-indexed,r02_region_variant_shape_counts,w1000000_04,chr1,11734309,12734308,1000000,950,2,0.008385038003325462,OK,True,
bcftools-indexed,r02_region_variant_shape_counts,w1000000_04,chr1,11734309,12734308,1000000,950,3,0.007436779793351889,OK,True,
bcftools-indexed,r02_region_variant_shape_counts,w1000000_05,chr1,28814643,29814642,1000000,1348,1,0.008878950960934162,OK,True,
bcftools-indexed,r02_region_variant_shape_counts,w1000000_05,chr1,28814643,29814642,1000000,1348,2,0.00833147531375289,OK,True,
bcftools-indexed,r02_region_variant_shape_counts,w1000000_05,chr1,28814643,29814642,1000000,1348,3,0.008662533015012741,OK,True,
bcftools-indexed,r02_region_variant_shape_counts,w1000000_06,chr1,47354520,48354519,1000000,1253,1,0.008280799258500338,OK,True,
bcftools-indexed,r02_region_variant_shape_counts,w1000000_06,chr1,47354520,48354519,1000000,1253,2,0.007921461947262287,OK,True,
bcftools-indexed,r02_region_variant_shape_counts,w1000000_06,chr1,47354520,48354519,1000000,1253,3,0.00797493476420641,OK,True,
bcftools-indexed,r02_region_variant_shape_counts,w1000000_07,chr1,35782931,36782930,1000000,868,1,0.007020948920398951,OK,True,
bcftools-indexed,r02_region_variant_shape_counts,w1000000_07,chr1,35782931,36782930,1000000,868,2,0.00753115676343441,OK,True,
bcftools-indexed,r02_region_variant_shape_counts,w1000000_07,chr1,35782931,36782930,1000000,868,3,0.0070930724032223225,OK,True,
bcftools-indexed,r02_region_variant_shape_counts,w1000000_08,chr1,5611726,6611725,1000000,1261,1,0.007996984291821718,OK,True,
bcftools-indexed,r02_region_variant_shape_counts,w1000000_08,chr1,5611726,6611725,1000000,1261,2,0.008133850991725922,OK,True,
bcftools-indexed,r02_region_variant_shape_counts,w1000000_08,chr1,5611726,6611725,1000000,1261,3,0.008414080366492271,OK,True,
bcftools-indexed,r02_region_variant_shape_counts,w1000000_09,chr1,17930348,18930347,1000000,1491,1,0.008935409132391214,OK,True,
bcftools-indexed,r02_region_variant_shape_counts,w1000000_09,chr1,17930348,18930347,1000000,1491,2,0.008765272796154022,OK,True,
bcftools-indexed,r02_region_variant_shape_counts,w1000000_09,chr1,17930348,18930347,1000000,1491,3,0.008805172052234411,OK,True,
bcftools-indexed,r02_region_variant_shape_counts,w1000000_10,chr1,58656617,59656616,1000000,1262,1,0.008075090125203133,OK,True,
bcftools-indexed,r02_region_variant_shape_counts,w1000000_10,chr1,58656617,59656616,1000000,1262,2,0.00814132485538721,OK,True,
bcftools-indexed,r02_region_variant_shape_counts,w1000000_10,chr1,58656617,59656616,1000000,1262,3,0.009070465806871653,OK,True,
bcftools-indexed,r02_region_variant_shape_counts,w1000000_11,chr1,20579658,21579657,1000000,1246,1,0.00835620379075408,OK,True,
bcftools-indexed,r02_region_variant_shape_counts,w1000000_11,chr1,20579658,21579657,1000000,1246,2,0.008554786909371614,OK,True,
bcftools-indexed,r02_region_variant_shape_counts,w1000000_11,chr1,20579658,21579657,1000000,1246,3,0.008601045701652765,OK,True,
bcftools-indexed,r02_region_variant_shape_counts,w1000000_12,chr1,66774094,67774093,1000000,1548,1,0.009363689925521612,OK,True,
bcftools-indexed,r02_region_variant_shape_counts,w1000000_12,chr1,66774094,67774093,1000000,1548,2,0.009206713177263737,OK,True,
bcftools-indexed,r02_region_variant_shape_counts,w1000000_12,chr1,66774094,67774093,1000000,1548,3,0.0090781319886446,OK,True,
bcftools-indexed,r02_region_variant_shape_counts,w1000000_13,chr1,53330427,54330426,1000000,1337,1,0.008352886885404587,OK,True,
bcftools-indexed,r02_region_variant_shape_counts,w1000000_13,chr1,53330427,54330426,1000000,1337,2,0.010517122689634562,OK,True,
bcftools-indexed,r02_region_variant_shape_counts,w1000000_13,chr1,53330427,54330426,1000000,1337,3,0.011035400908440351,OK,True,
bcftools-indexed,r02_region_variant_shape_counts,w1000000_14,chr1,34457222,35457221,1000000,1194,1,0.00806756503880024,OK,True,
bcftools-indexed,r02_region_variant_shape_counts,w1000000_14,chr1,34457222,35457221,1000000,1194,2,0.007974046282470226,OK,True,
bcftools-indexed,r02_region_variant_shape_counts,w1000000_14,chr1,34457222,35457221,1000000,1194,3,0.00777368014678359,OK,True,
bcftools-indexed,r02_region_variant_shape_counts,w1000000_15,chr1,6173132,7173131,1000000,906,1,0.006820914801210165,OK,True,
bcftools-indexed,r02_region_variant_shape_counts,w1000000_15,chr1,6173132,7173131,1000000,906,2,0.0083041712641716,OK,True,
bcftools-indexed,r02_region_variant_shape_counts,w1000000_15,chr1,6173132,7173131,1000000,906,3,0.00702969403937459,OK,True,
bcftools-indexed,r02_region_variant_shape_counts,w1000000_16,chr1,34054184,35054183,1000000,1668,1,0.009882282931357622,OK,True,
bcftools-indexed,r02_region_variant_shape_counts,w1000000_16,chr1,34054184,35054183,1000000,1668,2,0.009499470237642527,OK,True,
bcftools-indexed,r02_region_variant_shape_counts,w1000000_16,chr1,34054184,35054183,1000000,1668,3,0.009888316038995981,OK,True,
bcftools-indexed,r02_region_variant_shape_counts,w1000000_17,chr1,15193776,16193775,1000000,1521,1,0.009541133884340525,OK,True,
bcftools-indexed,r02_region_variant_shape_counts,w1000000_17,chr1,15193776,16193775,1000000,1521,2,0.00912452070042491,OK,True,
bcftools-indexed,r02_region_variant_shape_counts,w1000000_17,chr1,15193776,16193775,1000000,1521,3,0.008872519247233868,OK,True,
bcftools-indexed,r02_region_variant_shape_counts,w1000000_18,chr1,43583485,44583484,1000000,1108,1,0.007874881848692894,OK,True,
bcftools-indexed,r02_region_variant_shape_counts,w1000000_18,chr1,43583485,44583484,1000000,1108,2,0.007757419254630804,OK,True,
bcftools-indexed,r02_region_variant_shape_counts,w1000000_18,chr1,43583485,44583484,1000000,1108,3,0.007878063712269068,OK,True,
bcftools-indexed,r02_region_variant_shape_counts,w1000000_19,chr1,58570714,59570713,1000000,1451,1,0.00850869482383132,OK,True,
bcftools-indexed,r02_region_variant_shape_counts,w1000000_19,chr1,58570714,59570713,1000000,1451,2,0.009238479658961296,OK,True,
bcftools-indexed,r02_region_variant_shape_counts,w1000000_19,chr1,58570714,59570713,1000000,1451,3,0.008955834899097681,OK,True,
bcftools-indexed,r02_region_variant_shape_counts,w10000000_00,chr1,36023355,46023354,10000000,11510,1,0.05331286322325468,OK,True,
bcftools-indexed,r02_region_variant_shape_counts,w10000000_00,chr1,36023355,46023354,10000000,11510,2,0.038939309772104025,OK,True,
bcftools-indexed,r02_region_variant_shape_counts,w10000000_00,chr1,36023355,46023354,10000000,11510,3,0.03866873914375901,OK,True,
bcftools-indexed,r02_region_variant_shape_counts,w10000000_01,chr1,57527385,67527384,10000000,14820,1,0.04802104597911239,OK,True,
bcftools-indexed,r02_region_variant_shape_counts,w10000000_01,chr1,57527385,67527384,10000000,14820,2,0.048000480979681015,OK,True,
bcftools-indexed,r02_region_variant_shape_counts,w10000000_01,chr1,57527385,67527384,10000000,14820,3,0.04987932089716196,OK,True,
bcftools-indexed,r02_region_variant_shape_counts,w10000000_02,chr1,63680811,73680810,10000000,13676,1,0.04524038825184107,OK,True,
bcftools-indexed,r02_region_variant_shape_counts,w10000000_02,chr1,63680811,73680810,10000000,13676,2,0.045425842981785536,OK,True,
bcftools-indexed,r02_region_variant_shape_counts,w10000000_02,chr1,63680811,73680810,10000000,13676,3,0.044740411918610334,OK,True,
bcftools-indexed,r02_region_variant_shape_counts,w10000000_03,chr1,53679378,63679377,10000000,14787,1,0.04875902784988284,OK,True,
bcftools-indexed,r02_region_variant_shape_counts,w10000000_03,chr1,53679378,63679377,10000000,14787,2,0.04886914603412151,OK,True,
bcftools-indexed,r02_region_variant_shape_counts,w10000000_03,chr1,53679378,63679377,10000000,14787,3,0.048325609881430864,OK,True,
bcftools-indexed,r02_region_variant_shape_counts,w10000000_04,chr1,60690498,70690497,10000000,14398,1,0.04665533592924476,OK,True,
bcftools-indexed,r02_region_variant_shape_counts,w10000000_04,chr1,60690498,70690497,10000000,14398,2,0.04890067270025611,OK,True,
bcftools-indexed,r02_region_variant_shape_counts,w10000000_04,chr1,60690498,70690497,10000000,14398,3,0.04697864409536123,OK,True,
bcftools-indexed,r02_region_variant_shape_counts,w10000000_05,chr1,47428546,57428545,10000000,11289,1,0.038492216262966394,OK,True,
bcftools-indexed,r02_region_variant_shape_counts,w10000000_05,chr1,47428546,57428545,10000000,11289,2,0.03797578299418092,OK,True,
bcftools-indexed,r02_region_variant_shape_counts,w10000000_05,chr1,47428546,57428545,10000000,11289,3,0.04297855123877525,OK,True,
bcftools-indexed,r02_region_variant_shape_counts,w10000000_06,chr1,22030736,32030735,10000000,12991,1,0.05591394705697894,OK,True,
bcftools-indexed,r02_region_variant_shape_counts,w10000000_06,chr1,22030736,32030735,10000000,12991,2,0.052126067224889994,OK,True,
bcftools-indexed,r02_region_variant_shape_counts,w10000000_06,chr1,22030736,32030735,10000000,12991,3,0.0438595050945878,OK,True,
bcftools-indexed,r02_region_variant_shape_counts,w10000000_07,chr1,34252401,44252400,10000000,11717,1,0.039205919951200485,OK,True,
bcftools-indexed,r02_region_variant_shape_counts,w10000000_07,chr1,34252401,44252400,10000000,11717,2,0.05223950790241361,OK,True,
bcftools-indexed,r02_region_variant_shape_counts,w10000000_07,chr1,34252401,44252400,10000000,11717,3,0.04043683409690857,OK,True,
bcftools-indexed,r02_region_variant_shape_counts,w10000000_08,chr1,58528508,68528507,10000000,14502,1,0.05725438520312309,OK,True,
bcftools-indexed,r02_region_variant_shape_counts,w10000000_08,chr1,58528508,68528507,10000000,14502,2,0.05332952691242099,OK,True,
bcftools-indexed,r02_region_variant_shape_counts,w10000000_08,chr1,58528508,68528507,10000000,14502,3,0.048115357756614685,OK,True,
bcftools-indexed,r02_region_variant_shape_counts,w10000000_09,chr1,51917411,61917410,10000000,13900,1,0.04767184890806675,OK,True,
bcftools-indexed,r02_region_variant_shape_counts,w10000000_09,chr1,51917411,61917410,10000000,13900,2,0.045966328121721745,OK,True,
bcftools-indexed,r02_region_variant_shape_counts,w10000000_09,chr1,51917411,61917410,10000000,13900,3,0.04566986672580242,OK,True,
bcftools-indexed,r02_region_variant_shape_counts,w10000000_10,chr1,17106918,27106917,10000000,14199,1,0.054841795936226845,OK,True,
bcftools-indexed,r02_region_variant_shape_counts,w10000000_10,chr1,17106918,27106917,10000000,14199,2,0.046830952167510986,OK,True,
bcftools-indexed,r02_region_variant_shape_counts,w10000000_10,chr1,17106918,27106917,10000000,14199,3,0.04689313285052776,OK,True,
bcftools-indexed,r02_region_variant_shape_counts,w10000000_11,chr1,43275553,53275552,10000000,9415,1,0.033493037801235914,OK,True,
bcftools-indexed,r02_region_variant_shape_counts,w10000000_11,chr1,43275553,53275552,10000000,9415,2,0.03318620519712567,OK,True,
bcftools-indexed,r02_region_variant_shape_counts,w10000000_11,chr1,43275553,53275552,10000000,9415,3,0.03310632286593318,OK,True,
bcftools-indexed,r02_region_variant_shape_counts,w10000000_12,chr1,75394691,85394690,10000000,3288,1,0.014690345153212547,OK,True,
bcftools-indexed,r02_region_variant_shape_counts,w10000000_12,chr1,75394691,85394690,10000000,3288,2,0.014433387201279402,OK,True,
bcftools-indexed,r02_region_variant_shape_counts,w10000000_12,chr1,75394691,85394690,10000000,3288,3,0.015916755888611078,OK,True,
bcftools-indexed,r02_region_variant_shape_counts,w10000000_13,chr1,40866716,50866715,10000000,10786,1,0.042107691057026386,OK,True,
bcftools-indexed,r02_region_variant_shape_counts,w10000000_13,chr1,40866716,50866715,10000000,10786,2,0.04114667000249028,OK,True,
bcftools-indexed,r02_region_variant_shape_counts,w10000000_13,chr1,40866716,50866715,10000000,10786,3,0.03912305226549506,OK,True,
bcftools-indexed,r02_region_variant_shape_counts,w10000000_14,chr1,54182280,64182279,10000000,14941,1,0.052831134758889675,OK,True,
bcftools-indexed,r02_region_variant_shape_counts,w10000000_14,chr1,54182280,64182279,10000000,14941,2,0.05198332900181413,OK,True,
bcftools-indexed,r02_region_variant_shape_counts,w10000000_14,chr1,54182280,64182279,10000000,14941,3,0.049034415278583765,OK,True,
bcftools-indexed,r02_region_variant_shape_counts,w10000000_15,chr1,22053178,32053177,10000000,12910,1,0.04501154785975814,OK,True,
bcftools-indexed,r02_region_variant_shape_counts,w10000000_15,chr1,22053178,32053177,10000000,12910,2,0.04241009196266532,OK,True,
bcftools-indexed,r02_region_variant_shape_counts,w10000000_15,chr1,22053178,32053177,10000000,12910,3,0.04244138905778527,OK,True,
bcftools-indexed,r02_region_variant_shape_counts,w10000000_16,chr1,65680356,75680355,10000000,13295,1,0.04435739712789655,OK,True,
bcftools-indexed,r02_region_variant_shape_counts,w10000000_16,chr1,65680356,75680355,10000000,13295,2,0.04553122725337744,OK,True,
bcftools-indexed,r02_region_variant_shape_counts,w10000000_16,chr1,65680356,75680355,10000000,13295,3,0.04407194210216403,OK,True,
bcftools-indexed,r02_region_variant_shape_counts,w10000000_17,chr1,30270070,40270069,10000000,12583,1,0.04110194696113467,OK,True,
bcftools-indexed,r02_region_variant_shape_counts,w10000000_17,chr1,30270070,40270069,10000000,12583,2,0.04150736704468727,OK,True,
bcftools-indexed,r02_region_variant_shape_counts,w10000000_17,chr1,30270070,40270069,10000000,12583,3,0.04236744903028011,OK,True,
bcftools-indexed,r02_region_variant_shape_counts,w10000000_18,chr1,42283662,52283661,10000000,9628,1,0.033919546753168106,OK,True,
bcftools-indexed,r02_region_variant_shape_counts,w10000000_18,chr1,42283662,52283661,10000000,9628,2,0.034840547014027834,OK,True,
bcftools-indexed,r02_region_variant_shape_counts,w10000000_18,chr1,42283662,52283661,10000000,9628,3,0.033335087820887566,OK,True,
bcftools-indexed,r02_region_variant_shape_counts,w10000000_19,chr1,61622305,71622304,10000000,14407,1,0.048364213202148676,OK,True,
bcftools-indexed,r02_region_variant_shape_counts,w10000000_19,chr1,61622305,71622304,10000000,14407,2,0.049141902942210436,OK,True,
bcftools-indexed,r02_region_variant_shape_counts,w10000000_19,chr1,61622305,71622304,10000000,14407,3,0.04821947868913412,OK,True,
bcftools-indexed,r03_region_titv,w1000_00,chr1,23894831,23895830,1000,10,1,0.004820283968001604,OK,True,
bcftools-indexed,r03_region_titv,w1000_00,chr1,23894831,23895830,1000,10,2,0.0047754510305821896,OK,True,
bcftools-indexed,r03_region_titv,w1000_00,chr1,23894831,23895830,1000,10,3,0.0045165070332586765,OK,True,
bcftools-indexed,r03_region_titv,w1000_01,chr1,37268328,37269327,1000,1,1,0.004171598702669144,OK,True,
bcftools-indexed,r03_region_titv,w1000_01,chr1,37268328,37269327,1000,1,2,0.004255387000739574,OK,True,
bcftools-indexed,r03_region_titv,w1000_01,chr1,37268328,37269327,1000,1,3,0.004471334628760815,OK,True,
bcftools-indexed,r03_region_titv,w1000_02,chr1,42471294,42472293,1000,2,1,0.004380039870738983,OK,True,
bcftools-indexed,r03_region_titv,w1000_02,chr1,42471294,42472293,1000,2,2,0.0051587289199233055,OK,True,
bcftools-indexed,r03_region_titv,w1000_02,chr1,42471294,42472293,1000,2,3,0.005074481014162302,OK,True,
bcftools-indexed,r03_region_titv,w1000_03,chr1,19972624,19973623,1000,4,1,0.005406070966273546,OK,True,
bcftools-indexed,r03_region_titv,w1000_03,chr1,19972624,19973623,1000,4,2,0.0056142923422157764,OK,True,
bcftools-indexed,r03_region_titv,w1000_03,chr1,19972624,19973623,1000,4,3,0.004778542090207338,OK,True,
bcftools-indexed,r03_region_titv,w1000_04,chr1,65925426,65926425,1000,2,1,0.004338609986007214,OK,True,
bcftools-indexed,r03_region_titv,w1000_04,chr1,65925426,65926425,1000,2,2,0.0048867492005229,OK,True,
bcftools-indexed,r03_region_titv,w1000_04,chr1,65925426,65926425,1000,2,3,0.004386157263070345,OK,True,
bcftools-indexed,r03_region_titv,w1000_05,chr1,54878472,54879471,1000,2,1,0.004450508859008551,OK,True,
bcftools-indexed,r03_region_titv,w1000_05,chr1,54878472,54879471,1000,2,2,0.004570376127958298,OK,True,
bcftools-indexed,r03_region_titv,w1000_05,chr1,54878472,54879471,1000,2,3,0.004902934189885855,OK,True,
bcftools-indexed,r03_region_titv,w1000_06,chr1,54724268,54725267,1000,9,1,0.004863453097641468,OK,True,
bcftools-indexed,r03_region_titv,w1000_06,chr1,54724268,54725267,1000,9,2,0.004850665107369423,OK,True,
bcftools-indexed,r03_region_titv,w1000_06,chr1,54724268,54725267,1000,9,3,0.004285563714802265,OK,True,
bcftools-indexed,r03_region_titv,w1000_07,chr1,50226603,50227602,1000,3,1,0.004529047757387161,OK,True,
bcftools-indexed,r03_region_titv,w1000_07,chr1,50226603,50227602,1000,3,2,0.004327781032770872,OK,True,
bcftools-indexed,r03_region_titv,w1000_07,chr1,50226603,50227602,1000,3,3,0.0046745892614126205,OK,True,
bcftools-indexed,r03_region_titv,w1000_08,chr1,5558122,5559121,1000,2,1,0.00433354964479804,OK,True,
bcftools-indexed,r03_region_titv,w1000_08,chr1,5558122,5559121,1000,2,2,0.004212213214486837,OK,True,
bcftools-indexed,r03_region_titv,w1000_08,chr1,5558122,5559121,1000,2,3,0.006079003680497408,OK,True,
bcftools-indexed,r03_region_titv,w1000_09,chr1,21979241,21980240,1000,15,1,0.004948548041284084,OK,True,
bcftools-indexed,r03_region_titv,w1000_09,chr1,21979241,21980240,1000,15,2,0.004582458175718784,OK,True,
bcftools-indexed,r03_region_titv,w1000_09,chr1,21979241,21980240,1000,15,3,0.004749910905957222,OK,True,
bcftools-indexed,r03_region_titv,w1000_10,chr1,58250107,58251106,1000,2,1,0.0043761348351836205,OK,True,
bcftools-indexed,r03_region_titv,w1000_10,chr1,58250107,58251106,1000,2,2,0.00415609497576952,OK,True,
bcftools-indexed,r03_region_titv,w1000_10,chr1,58250107,58251106,1000,2,3,0.0040406957268714905,OK,True,
bcftools-indexed,r03_region_titv,w1000_11,chr1,33820268,33821267,1000,1,1,0.004071834031492472,OK,True,
bcftools-indexed,r03_region_titv,w1000_11,chr1,33820268,33821267,1000,1,2,0.004562907852232456,OK,True,
bcftools-indexed,r03_region_titv,w1000_11,chr1,33820268,33821267,1000,1,3,0.00435295095667243,OK,True,
bcftools-indexed,r03_region_titv,w1000_12,chr1,74268898,74269897,1000,4,1,0.004160547163337469,OK,True,
bcftools-indexed,r03_region_titv,w1000_12,chr1,74268898,74269897,1000,4,2,0.003964344039559364,OK,True,
bcftools-indexed,r03_region_titv,w1000_12,chr1,74268898,74269897,1000,4,3,0.004607362672686577,OK,True,
bcftools-indexed,r03_region_titv,w1000_13,chr1,58011340,58012339,1000,3,1,0.004316933453083038,OK,True,
bcftools-indexed,r03_region_titv,w1000_13,chr1,58011340,58012339,1000,3,2,0.004038129933178425,OK,True,
bcftools-indexed,r03_region_titv,w1000_13,chr1,58011340,58012339,1000,3,3,0.004231452941894531,OK,True,
bcftools-indexed,r03_region_titv,w1000_14,chr1,55322618,55323617,1000,2,1,0.004757049027830362,OK,True,
bcftools-indexed,r03_region_titv,w1000_14,chr1,55322618,55323617,1000,2,2,0.004510669969022274,OK,True,
bcftools-indexed,r03_region_titv,w1000_14,chr1,55322618,55323617,1000,2,3,0.004042468033730984,OK,True,
bcftools-indexed,r03_region_titv,w1000_15,chr1,58597811,58598810,1000,2,1,0.004046243149787188,OK,True,
bcftools-indexed,r03_region_titv,w1000_15,chr1,58597811,58598810,1000,2,2,0.004959865007549524,OK,True,
bcftools-indexed,r03_region_titv,w1000_15,chr1,58597811,58598810,1000,2,3,0.004266803152859211,OK,True,
bcftools-indexed,r03_region_titv,w1000_16,chr1,61942877,61943876,1000,1,1,0.0042139021679759026,OK,True,
bcftools-indexed,r03_region_titv,w1000_16,chr1,61942877,61943876,1000,1,2,0.004780401010066271,OK,True,
bcftools-indexed,r03_region_titv,w1000_16,chr1,61942877,61943876,1000,1,3,0.004398046061396599,OK,True,
bcftools-indexed,r03_region_titv,w1000_17,chr1,74952903,74953902,1000,2,1,0.004248735960572958,OK,True,
bcftools-indexed,r03_region_titv,w1000_17,chr1,74952903,74953902,1000,2,2,0.004233096726238728,OK,True,
bcftools-indexed,r03_region_titv,w1000_17,chr1,74952903,74953902,1000,2,3,0.0042009190656244755,OK,True,
bcftools-indexed,r03_region_titv,w1000_18,chr1,10920022,10921021,1000,7,1,0.004519094247370958,OK,True,
bcftools-indexed,r03_region_titv,w1000_18,chr1,10920022,10921021,1000,7,2,0.004121785052120686,OK,True,
bcftools-indexed,r03_region_titv,w1000_18,chr1,10920022,10921021,1000,7,3,0.004241497255861759,OK,True,
bcftools-indexed,r03_region_titv,w1000_19,chr1,54064366,54065365,1000,1,1,0.004575413651764393,OK,True,
bcftools-indexed,r03_region_titv,w1000_19,chr1,54064366,54065365,1000,1,2,0.004269343800842762,OK,True,
bcftools-indexed,r03_region_titv,w1000_19,chr1,54064366,54065365,1000,1,3,0.004251532256603241,OK,True,
bcftools-indexed,r03_region_titv,w100000_00,chr1,76042312,76142311,100000,132,1,0.004577984102070332,OK,True,
bcftools-indexed,r03_region_titv,w100000_00,chr1,76042312,76142311,100000,132,2,0.004601966589689255,OK,True,
bcftools-indexed,r03_region_titv,w100000_00,chr1,76042312,76142311,100000,132,3,0.004681060090661049,OK,True,
bcftools-indexed,r03_region_titv,w100000_01,chr1,26177705,26277704,100000,141,1,0.005300485994666815,OK,True,
bcftools-indexed,r03_region_titv,w100000_01,chr1,26177705,26277704,100000,141,2,0.004635677672922611,OK,True,
bcftools-indexed,r03_region_titv,w100000_01,chr1,26177705,26277704,100000,141,3,0.004620562773197889,OK,True,
bcftools-indexed,r03_region_titv,w100000_02,chr1,76668322,76768321,100000,131,1,0.004436785820871592,OK,True,
bcftools-indexed,r03_region_titv,w100000_02,chr1,76668322,76768321,100000,131,2,0.004964351654052734,OK,True,
bcftools-indexed,r03_region_titv,w100000_02,chr1,76668322,76768321,100000,131,3,0.0044796341098845005,OK,True,
bcftools-indexed,r03_region_titv,w100000_03,chr1,64797067,64897066,100000,153,1,0.006033753976225853,OK,True,
bcftools-indexed,r03_region_titv,w100000_03,chr1,64797067,64897066,100000,153,2,0.005396600347012281,OK,True,
bcftools-indexed,r03_region_titv,w100000_03,chr1,64797067,64897066,100000,153,3,0.004775721114128828,OK,True,
bcftools-indexed,r03_region_titv,w100000_04,chr1,66848110,66948109,100000,83,1,0.00453477306291461,OK,True,
bcftools-indexed,r03_region_titv,w100000_04,chr1,66848110,66948109,100000,83,2,0.004526568576693535,OK,True,
bcftools-indexed,r03_region_titv,w100000_04,chr1,66848110,66948109,100000,83,3,0.004230370745062828,OK,True,
bcftools-indexed,r03_region_titv,w100000_05,chr1,58175965,58275964,100000,181,1,0.0073337010107934475,OK,True,
bcftools-indexed,r03_region_titv,w100000_05,chr1,58175965,58275964,100000,181,2,0.004595466889441013,OK,True,
bcftools-indexed,r03_region_titv,w100000_05,chr1,58175965,58275964,100000,181,3,0.0044104778207838535,OK,True,
bcftools-indexed,r03_region_titv,w100000_06,chr1,41567443,41667442,100000,142,1,0.004362829029560089,OK,True,
bcftools-indexed,r03_region_titv,w100000_06,chr1,41567443,41667442,100000,142,2,0.007216588128358126,OK,True,
bcftools-indexed,r03_region_titv,w100000_06,chr1,41567443,41667442,100000,142,3,0.004350659903138876,OK,True,
bcftools-indexed,r03_region_titv,w100000_07,chr1,23625875,23725874,100000,143,1,0.0043011917732656,OK,True,
bcftools-indexed,r03_region_titv,w100000_07,chr1,23625875,23725874,100000,143,2,0.004213922657072544,OK,True,
bcftools-indexed,r03_region_titv,w100000_07,chr1,23625875,23725874,100000,143,3,0.004184807650744915,OK,True,
bcftools-indexed,r03_region_titv,w100000_08,chr1,69897964,69997963,100000,77,1,0.006940998136997223,OK,True,
bcftools-indexed,r03_region_titv,w100000_08,chr1,69897964,69997963,100000,77,2,0.004172480199486017,OK,True,
bcftools-indexed,r03_region_titv,w100000_08,chr1,69897964,69997963,100000,77,3,0.004005272872745991,OK,True,
bcftools-indexed,r03_region_titv,w100000_09,chr1,63664508,63764507,100000,287,1,0.004604504909366369,OK,True,
bcftools-indexed,r03_region_titv,w100000_09,chr1,63664508,63764507,100000,287,2,0.004719818010926247,OK,True,
bcftools-indexed,r03_region_titv,w100000_09,chr1,63664508,63764507,100000,287,3,0.004868783988058567,OK,True,
bcftools-indexed,r03_region_titv,w100000_10,chr1,15518874,15618873,100000,146,1,0.004368390887975693,OK,True,
bcftools-indexed,r03_region_titv,w100000_10,chr1,15518874,15618873,100000,146,2,0.00420441385358572,OK,True,
bcftools-indexed,r03_region_titv,w100000_10,chr1,15518874,15618873,100000,146,3,0.004935105796903372,OK,True,
bcftools-indexed,r03_region_titv,w100000_11,chr1,23996836,24096835,100000,343,1,0.005005906336009502,OK,True,
bcftools-indexed,r03_region_titv,w100000_11,chr1,23996836,24096835,100000,343,2,0.004817037843167782,OK,True,
bcftools-indexed,r03_region_titv,w100000_11,chr1,23996836,24096835,100000,343,3,0.004671690985560417,OK,True,
bcftools-indexed,r03_region_titv,w100000_12,chr1,56566795,56666794,100000,139,1,0.005111665930598974,OK,True,
bcftools-indexed,r03_region_titv,w100000_12,chr1,56566795,56666794,100000,139,2,0.004798951093107462,OK,True,
bcftools-indexed,r03_region_titv,w100000_12,chr1,56566795,56666794,100000,139,3,0.004732260014861822,OK,True,
bcftools-indexed,r03_region_titv,w100000_13,chr1,24058646,24158645,100000,214,1,0.005003550089895725,OK,True,
bcftools-indexed,r03_region_titv,w100000_13,chr1,24058646,24158645,100000,214,2,0.005115563981235027,OK,True,
bcftools-indexed,r03_region_titv,w100000_13,chr1,24058646,24158645,100000,214,3,0.004917409736663103,OK,True,
bcftools-indexed,r03_region_titv,w100000_14,chr1,3105927,3205926,100000,226,1,0.004616815596818924,OK,True,
bcftools-indexed,r03_region_titv,w100000_14,chr1,3105927,3205926,100000,226,2,0.005091486964374781,OK,True,
bcftools-indexed,r03_region_titv,w100000_14,chr1,3105927,3205926,100000,226,3,0.004655483178794384,OK,True,
bcftools-indexed,r03_region_titv,w100000_15,chr1,54865968,54965967,100000,181,1,0.005452296230942011,OK,True,
bcftools-indexed,r03_region_titv,w100000_15,chr1,54865968,54965967,100000,181,2,0.005194748751819134,OK,True,
bcftools-indexed,r03_region_titv,w100000_15,chr1,54865968,54965967,100000,181,3,0.004828823264688253,OK,True,
bcftools-indexed,r03_region_titv,w100000_16,chr1,58852100,58952099,100000,79,1,0.00459237489849329,OK,True,
bcftools-indexed,r03_region_titv,w100000_16,chr1,58852100,58952099,100000,79,2,0.0042741489596664906,OK,True,
bcftools-indexed,r03_region_titv,w100000_16,chr1,58852100,58952099,100000,79,3,0.004227447789162397,OK,True,
bcftools-indexed,r03_region_titv,w100000_17,chr1,77570681,77670680,100000,81,1,0.00432587368413806,OK,True,
bcftools-indexed,r03_region_titv,w100000_17,chr1,77570681,77670680,100000,81,2,0.0042343661189079285,OK,True,
bcftools-indexed,r03_region_titv,w100000_17,chr1,77570681,77670680,100000,81,3,0.004279338289052248,OK,True,
bcftools-indexed,r03_region_titv,w100000_18,chr1,66388887,66488886,100000,196,1,0.004624549299478531,OK,True,
bcftools-indexed,r03_region_titv,w100000_18,chr1,66388887,66488886,100000,196,2,0.00519989337772131,OK,True,
bcftools-indexed,r03_region_titv,w100000_18,chr1,66388887,66488886,100000,196,3,0.004457269329577684,OK,True,
bcftools-indexed,r03_region_titv,w100000_19,chr1,5319806,5419805,100000,87,1,0.004316540900617838,OK,True,
bcftools-indexed,r03_region_titv,w100000_19,chr1,5319806,5419805,100000,87,2,0.004323753993958235,OK,True,
bcftools-indexed,r03_region_titv,w100000_19,chr1,5319806,5419805,100000,87,3,0.004681738093495369,OK,True,
bcftools-indexed,r03_region_titv,w1000000_00,chr1,42846822,43846821,1000000,1112,1,0.006714267656207085,OK,True,
bcftools-indexed,r03_region_titv,w1000000_00,chr1,42846822,43846821,1000000,1112,2,0.006958372890949249,OK,True,
bcftools-indexed,r03_region_titv,w1000000_00,chr1,42846822,43846821,1000000,1112,3,0.006627511233091354,OK,True,
bcftools-indexed,r03_region_titv,w1000000_01,chr1,9034070,10034069,1000000,1143,1,0.006489800754934549,OK,True,
bcftools-indexed,r03_region_titv,w1000000_01,chr1,9034070,10034069,1000000,1143,2,0.006379421800374985,OK,True,
bcftools-indexed,r03_region_titv,w1000000_01,chr1,9034070,10034069,1000000,1143,3,0.0066618360579013824,OK,True,
bcftools-indexed,r03_region_titv,w1000000_02,chr1,54809885,55809884,1000000,1670,1,0.008230598643422127,OK,True,
bcftools-indexed,r03_region_titv,w1000000_02,chr1,54809885,55809884,1000000,1670,2,0.007829058915376663,OK,True,
bcftools-indexed,r03_region_titv,w1000000_02,chr1,54809885,55809884,1000000,1670,3,0.00785056734457612,OK,True,
bcftools-indexed,r03_region_titv,w1000000_03,chr1,55795141,56795140,1000000,1824,1,0.007703599985688925,OK,True,
bcftools-indexed,r03_region_titv,w1000000_03,chr1,55795141,56795140,1000000,1824,2,0.008182667661458254,OK,True,
bcftools-indexed,r03_region_titv,w1000000_03,chr1,55795141,56795140,1000000,1824,3,0.007860809564590454,OK,True,
bcftools-indexed,r03_region_titv,w1000000_04,chr1,11734309,12734308,1000000,950,1,0.006095035932958126,OK,True,
bcftools-indexed,r03_region_titv,w1000000_04,chr1,11734309,12734308,1000000,950,2,0.006063180044293404,OK,True,
bcftools-indexed,r03_region_titv,w1000000_04,chr1,11734309,12734308,1000000,950,3,0.006068745162338018,OK,True,
bcftools-indexed,r03_region_titv,w1000000_05,chr1,28814643,29814642,1000000,1348,1,0.0067245131358504295,OK,True,
bcftools-indexed,r03_region_titv,w1000000_05,chr1,28814643,29814642,1000000,1348,2,0.007345447316765785,OK,True,
bcftools-indexed,r03_region_titv,w1000000_05,chr1,28814643,29814642,1000000,1348,3,0.00698792515322566,OK,True,
bcftools-indexed,r03_region_titv,w1000000_06,chr1,47354520,48354519,1000000,1253,1,0.0066657657735049725,OK,True,
bcftools-indexed,r03_region_titv,w1000000_06,chr1,47354520,48354519,1000000,1253,2,0.006972101051360369,OK,True,
bcftools-indexed,r03_region_titv,w1000000_06,chr1,47354520,48354519,1000000,1253,3,0.009455299936234951,OK,True,
bcftools-indexed,r03_region_titv,w1000000_07,chr1,35782931,36782930,1000000,868,1,0.006983099039644003,OK,True,
bcftools-indexed,r03_region_titv,w1000000_07,chr1,35782931,36782930,1000000,868,2,0.006539985071867704,OK,True,
bcftools-indexed,r03_region_titv,w1000000_07,chr1,35782931,36782930,1000000,868,3,0.006288371980190277,OK,True,
bcftools-indexed,r03_region_titv,w1000000_08,chr1,5611726,6611725,1000000,1261,1,0.007152230013161898,OK,True,
bcftools-indexed,r03_region_titv,w1000000_08,chr1,5611726,6611725,1000000,1261,2,0.0073765842244029045,OK,True,
bcftools-indexed,r03_region_titv,w1000000_08,chr1,5611726,6611725,1000000,1261,3,0.007636685855686665,OK,True,
bcftools-indexed,r03_region_titv,w1000000_09,chr1,17930348,18930347,1000000,1491,1,0.007515126373618841,OK,True,
bcftools-indexed,r03_region_titv,w1000000_09,chr1,17930348,18930347,1000000,1491,2,0.007445718161761761,OK,True,
bcftools-indexed,r03_region_titv,w1000000_09,chr1,17930348,18930347,1000000,1491,3,0.007652936968952417,OK,True,
bcftools-indexed,r03_region_titv,w1000000_10,chr1,58656617,59656616,1000000,1262,1,0.006926239002496004,OK,True,
bcftools-indexed,r03_region_titv,w1000000_10,chr1,58656617,59656616,1000000,1262,2,0.0068359337747097015,OK,True,
bcftools-indexed,r03_region_titv,w1000000_10,chr1,58656617,59656616,1000000,1262,3,0.007148832082748413,OK,True,
bcftools-indexed,r03_region_titv,w1000000_11,chr1,20579658,21579657,1000000,1246,1,0.007071311119943857,OK,True,
bcftools-indexed,r03_region_titv,w1000000_11,chr1,20579658,21579657,1000000,1246,2,0.010221950244158506,OK,True,
bcftools-indexed,r03_region_titv,w1000000_11,chr1,20579658,21579657,1000000,1246,3,0.007790152914822102,OK,True,
bcftools-indexed,r03_region_titv,w1000000_12,chr1,66774094,67774093,1000000,1548,1,0.008060588967055082,OK,True,
bcftools-indexed,r03_region_titv,w1000000_12,chr1,66774094,67774093,1000000,1548,2,0.007818070240318775,OK,True,
bcftools-indexed,r03_region_titv,w1000000_12,chr1,66774094,67774093,1000000,1548,3,0.007859526667743921,OK,True,
bcftools-indexed,r03_region_titv,w1000000_13,chr1,53330427,54330426,1000000,1337,1,0.007330421824008226,OK,True,
bcftools-indexed,r03_region_titv,w1000000_13,chr1,53330427,54330426,1000000,1337,2,0.007507504895329475,OK,True,
bcftools-indexed,r03_region_titv,w1000000_13,chr1,53330427,54330426,1000000,1337,3,0.007613796275109053,OK,True,
bcftools-indexed,r03_region_titv,w1000000_14,chr1,34457222,35457221,1000000,1194,1,0.007230454124510288,OK,True,
bcftools-indexed,r03_region_titv,w1000000_14,chr1,34457222,35457221,1000000,1194,2,0.007297905161976814,OK,True,
bcftools-indexed,r03_region_titv,w1000000_14,chr1,34457222,35457221,1000000,1194,3,0.007311077788472176,OK,True,
bcftools-indexed,r03_region_titv,w1000000_15,chr1,6173132,7173131,1000000,906,1,0.006367688998579979,OK,True,
bcftools-indexed,r03_region_titv,w1000000_15,chr1,6173132,7173131,1000000,906,2,0.006438638083636761,OK,True,
bcftools-indexed,r03_region_titv,w1000000_15,chr1,6173132,7173131,1000000,906,3,0.006514203269034624,OK,True,
bcftools-indexed,r03_region_titv,w1000000_16,chr1,34054184,35054183,1000000,1668,1,0.007768329698592424,OK,True,
bcftools-indexed,r03_region_titv,w1000000_16,chr1,34054184,35054183,1000000,1668,2,0.00812007999047637,OK,True,
bcftools-indexed,r03_region_titv,w1000000_16,chr1,34054184,35054183,1000000,1668,3,0.008122608065605164,OK,True,
bcftools-indexed,r03_region_titv,w1000000_17,chr1,15193776,16193775,1000000,1521,1,0.007777922321110964,OK,True,
bcftools-indexed,r03_region_titv,w1000000_17,chr1,15193776,16193775,1000000,1521,2,0.011765845119953156,OK,True,
bcftools-indexed,r03_region_titv,w1000000_17,chr1,15193776,16193775,1000000,1521,3,0.0078156478703022,OK,True,
bcftools-indexed,r03_region_titv,w1000000_18,chr1,43583485,44583484,1000000,1108,1,0.0065535749308764935,OK,True,
bcftools-indexed,r03_region_titv,w1000000_18,chr1,43583485,44583484,1000000,1108,2,0.00687493197619915,OK,True,
bcftools-indexed,r03_region_titv,w1000000_18,chr1,43583485,44583484,1000000,1108,3,0.006789547856897116,OK,True,
bcftools-indexed,r03_region_titv,w1000000_19,chr1,58570714,59570713,1000000,1451,1,0.007898884825408459,OK,True,
bcftools-indexed,r03_region_titv,w1000000_19,chr1,58570714,59570713,1000000,1451,2,0.0078061348758637905,OK,True,
bcftools-indexed,r03_region_titv,w1000000_19,chr1,58570714,59570713,1000000,1451,3,0.007658029906451702,OK,True,
bcftools-indexed,r03_region_titv,w10000000_00,chr1,36023355,46023354,10000000,11510,1,0.02819552831351757,OK,True,
bcftools-indexed,r03_region_titv,w10000000_00,chr1,36023355,46023354,10000000,11510,2,0.028436935041099787,OK,True,
bcftools-indexed,r03_region_titv,w10000000_00,chr1,36023355,46023354,10000000,11510,3,0.02962541487067938,OK,True,
bcftools-indexed,r03_region_titv,w10000000_01,chr1,57527385,67527384,10000000,14820,1,0.03545247716829181,OK,True,
bcftools-indexed,r03_region_titv,w10000000_01,chr1,57527385,67527384,10000000,14820,2,0.034906283020973206,OK,True,
bcftools-indexed,r03_region_titv,w10000000_01,chr1,57527385,67527384,10000000,14820,3,0.035822427831590176,OK,True,
bcftools-indexed,r03_region_titv,w10000000_02,chr1,63680811,73680810,10000000,13676,1,0.03319383505731821,OK,True,
bcftools-indexed,r03_region_titv,w10000000_02,chr1,63680811,73680810,10000000,13676,2,0.03440177207812667,OK,True,
bcftools-indexed,r03_region_titv,w10000000_02,chr1,63680811,73680810,10000000,13676,3,0.03319087624549866,OK,True,
bcftools-indexed,r03_region_titv,w10000000_03,chr1,53679378,63679377,10000000,14787,1,0.034940121229738,OK,True,
bcftools-indexed,r03_region_titv,w10000000_03,chr1,53679378,63679377,10000000,14787,2,0.03525785729289055,OK,True,
bcftools-indexed,r03_region_titv,w10000000_03,chr1,53679378,63679377,10000000,14787,3,0.03547979472205043,OK,True,
bcftools-indexed,r03_region_titv,w10000000_04,chr1,60690498,70690497,10000000,14398,1,0.03484891774132848,OK,True,
bcftools-indexed,r03_region_titv,w10000000_04,chr1,60690498,70690497,10000000,14398,2,0.03400309197604656,OK,True,
bcftools-indexed,r03_region_titv,w10000000_04,chr1,60690498,70690497,10000000,14398,3,0.034144711680710316,OK,True,
bcftools-indexed,r03_region_titv,w10000000_05,chr1,47428546,57428545,10000000,11289,1,0.02870951220393181,OK,True,
bcftools-indexed,r03_region_titv,w10000000_05,chr1,47428546,57428545,10000000,11289,2,0.028414811939001083,OK,True,
bcftools-indexed,r03_region_titv,w10000000_05,chr1,47428546,57428545,10000000,11289,3,0.028188333846628666,OK,True,
bcftools-indexed,r03_region_titv,w10000000_06,chr1,22030736,32030735,10000000,12991,1,0.03143593901768327,OK,True,
bcftools-indexed,r03_region_titv,w10000000_06,chr1,22030736,32030735,10000000,12991,2,0.03130687400698662,OK,True,
bcftools-indexed,r03_region_titv,w10000000_06,chr1,22030736,32030735,10000000,12991,3,0.03158452268689871,OK,True,
bcftools-indexed,r03_region_titv,w10000000_07,chr1,34252401,44252400,10000000,11717,1,0.028476998209953308,OK,True,
bcftools-indexed,r03_region_titv,w10000000_07,chr1,34252401,44252400,10000000,11717,2,0.02922523207962513,OK,True,
bcftools-indexed,r03_region_titv,w10000000_07,chr1,34252401,44252400,10000000,11717,3,0.02841994073241949,OK,True,
bcftools-indexed,r03_region_titv,w10000000_08,chr1,58528508,68528507,10000000,14502,1,0.0335025261156261,OK,True,
bcftools-indexed,r03_region_titv,w10000000_08,chr1,58528508,68528507,10000000,14502,2,0.03316744603216648,OK,True,
bcftools-indexed,r03_region_titv,w10000000_08,chr1,58528508,68528507,10000000,14502,3,0.033196005038917065,OK,True,
bcftools-indexed,r03_region_titv,w10000000_09,chr1,51917411,61917410,10000000,13900,1,0.034633786883205175,OK,True,
bcftools-indexed,r03_region_titv,w10000000_09,chr1,51917411,61917410,10000000,13900,2,0.03364456398412585,OK,True,
bcftools-indexed,r03_region_titv,w10000000_09,chr1,51917411,61917410,10000000,13900,3,0.03262973017990589,OK,True,
bcftools-indexed,r03_region_titv,w10000000_10,chr1,17106918,27106917,10000000,14199,1,0.03346674703061581,OK,True,
bcftools-indexed,r03_region_titv,w10000000_10,chr1,17106918,27106917,10000000,14199,2,0.033674392849206924,OK,True,
bcftools-indexed,r03_region_titv,w10000000_10,chr1,17106918,27106917,10000000,14199,3,0.032825527247041464,OK,True,
bcftools-indexed,r03_region_titv,w10000000_11,chr1,43275553,53275552,10000000,9415,1,0.023578057996928692,OK,True,
bcftools-indexed,r03_region_titv,w10000000_11,chr1,43275553,53275552,10000000,9415,2,0.023290942888706923,OK,True,
bcftools-indexed,r03_region_titv,w10000000_11,chr1,43275553,53275552,10000000,9415,3,0.02588345017284155,OK,True,
bcftools-indexed,r03_region_titv,w10000000_12,chr1,75394691,85394690,10000000,3288,1,0.010977325029671192,OK,True,
bcftools-indexed,r03_region_titv,w10000000_12,chr1,75394691,85394690,10000000,3288,2,0.011603826191276312,OK,True,
bcftools-indexed,r03_region_titv,w10000000_12,chr1,75394691,85394690,10000000,3288,3,0.01174625288695097,OK,True,
bcftools-indexed,r03_region_titv,w10000000_13,chr1,40866716,50866715,10000000,10786,1,0.026761549059301615,OK,True,
bcftools-indexed,r03_region_titv,w10000000_13,chr1,40866716,50866715,10000000,10786,2,0.02700560912489891,OK,True,
bcftools-indexed,r03_region_titv,w10000000_13,chr1,40866716,50866715,10000000,10786,3,0.026591932866722345,OK,True,
bcftools-indexed,r03_region_titv,w10000000_14,chr1,54182280,64182279,10000000,14941,1,0.03422996308654547,OK,True,
bcftools-indexed,r03_region_titv,w10000000_14,chr1,54182280,64182279,10000000,14941,2,0.03478525998070836,OK,True,
bcftools-indexed,r03_region_titv,w10000000_14,chr1,54182280,64182279,10000000,14941,3,0.03522656997665763,OK,True,
bcftools-indexed,r03_region_titv,w10000000_15,chr1,22053178,32053177,10000000,12910,1,0.032070663291960955,OK,True,
bcftools-indexed,r03_region_titv,w10000000_15,chr1,22053178,32053177,10000000,12910,2,0.031125786248594522,OK,True,
bcftools-indexed,r03_region_titv,w10000000_15,chr1,22053178,32053177,10000000,12910,3,0.030763091053813696,OK,True,
bcftools-indexed,r03_region_titv,w10000000_16,chr1,65680356,75680355,10000000,13295,1,0.031678806990385056,OK,True,
bcftools-indexed,r03_region_titv,w10000000_16,chr1,65680356,75680355,10000000,13295,2,0.030986411031335592,OK,True,
bcftools-indexed,r03_region_titv,w10000000_16,chr1,65680356,75680355,10000000,13295,3,0.03093861322849989,OK,True,
bcftools-indexed,r03_region_titv,w10000000_17,chr1,30270070,40270069,10000000,12583,1,0.02991208340972662,OK,True,
bcftools-indexed,r03_region_titv,w10000000_17,chr1,30270070,40270069,10000000,12583,2,0.029624080285429955,OK,True,
bcftools-indexed,r03_region_titv,w10000000_17,chr1,30270070,40270069,10000000,12583,3,0.02973318798467517,OK,True,
bcftools-indexed,r03_region_titv,w10000000_18,chr1,42283662,52283661,10000000,9628,1,0.02356306416913867,OK,True,
bcftools-indexed,r03_region_titv,w10000000_18,chr1,42283662,52283661,10000000,9628,2,0.024769386742264032,OK,True,
bcftools-indexed,r03_region_titv,w10000000_18,chr1,42283662,52283661,10000000,9628,3,0.02401657495647669,OK,True,
bcftools-indexed,r03_region_titv,w10000000_19,chr1,61622305,71622304,10000000,14407,1,0.03472652565687895,OK,True,
bcftools-indexed,r03_region_titv,w10000000_19,chr1,61622305,71622304,10000000,14407,2,0.03410780988633633,OK,True,
bcftools-indexed,r03_region_titv,w10000000_19,chr1,61622305,71622304,10000000,14407,3,0.0332835940644145,OK,True,
bcftools-indexed,r04_region_filter_distribution,w1000_00,chr1,23894831,23895830,1000,10,1,0.0048543051816523075,OK,True,
bcftools-indexed,r04_region_filter_distribution,w1000_00,chr1,23894831,23895830,1000,10,2,0.0046708788722753525,OK,True,
bcftools-indexed,r04_region_filter_distribution,w1000_00,chr1,23894831,23895830,1000,10,3,0.004635488148778677,OK,True,
bcftools-indexed,r04_region_filter_distribution,w1000_01,chr1,37268328,37269327,1000,1,1,0.005076245870441198,OK,True,
bcftools-indexed,r04_region_filter_distribution,w1000_01,chr1,37268328,37269327,1000,1,2,0.004646437242627144,OK,True,
bcftools-indexed,r04_region_filter_distribution,w1000_01,chr1,37268328,37269327,1000,1,3,0.004241451155394316,OK,True,
bcftools-indexed,r04_region_filter_distribution,w1000_02,chr1,42471294,42472293,1000,2,1,0.004036080092191696,OK,True,
bcftools-indexed,r04_region_filter_distribution,w1000_02,chr1,42471294,42472293,1000,2,2,0.004193370696157217,OK,True,
bcftools-indexed,r04_region_filter_distribution,w1000_02,chr1,42471294,42472293,1000,2,3,0.004101353697478771,OK,True,
bcftools-indexed,r04_region_filter_distribution,w1000_03,chr1,19972624,19973623,1000,4,1,0.004225659649819136,OK,True,
bcftools-indexed,r04_region_filter_distribution,w1000_03,chr1,19972624,19973623,1000,4,2,0.004082807805389166,OK,True,
bcftools-indexed,r04_region_filter_distribution,w1000_03,chr1,19972624,19973623,1000,4,3,0.004131366964429617,OK,True,
bcftools-indexed,r04_region_filter_distribution,w1000_04,chr1,65925426,65926425,1000,2,1,0.004372312221676111,OK,True,
bcftools-indexed,r04_region_filter_distribution,w1000_04,chr1,65925426,65926425,1000,2,2,0.004029968753457069,OK,True,
bcftools-indexed,r04_region_filter_distribution,w1000_04,chr1,65925426,65926425,1000,2,3,0.00416652113199234,OK,True,
bcftools-indexed,r04_region_filter_distribution,w1000_05,chr1,54878472,54879471,1000,2,1,0.004092950839549303,OK,True,
bcftools-indexed,r04_region_filter_distribution,w1000_05,chr1,54878472,54879471,1000,2,2,0.003987261094152927,OK,True,
bcftools-indexed,r04_region_filter_distribution,w1000_05,chr1,54878472,54879471,1000,2,3,0.00416936632245779,OK,True,
bcftools-indexed,r04_region_filter_distribution,w1000_06,chr1,54724268,54725267,1000,9,1,0.004297368694096804,OK,True,
bcftools-indexed,r04_region_filter_distribution,w1000_06,chr1,54724268,54725267,1000,9,2,0.004291926976293325,OK,True,
bcftools-indexed,r04_region_filter_distribution,w1000_06,chr1,54724268,54725267,1000,9,3,0.0043686688877642155,OK,True,
bcftools-indexed,r04_region_filter_distribution,w1000_07,chr1,50226603,50227602,1000,3,1,0.004189964849501848,OK,True,
bcftools-indexed,r04_region_filter_distribution,w1000_07,chr1,50226603,50227602,1000,3,2,0.004068656358867884,OK,True,
bcftools-indexed,r04_region_filter_distribution,w1000_07,chr1,50226603,50227602,1000,3,3,0.004183383192867041,OK,True,
bcftools-indexed,r04_region_filter_distribution,w1000_08,chr1,5558122,5559121,1000,2,1,0.004261365160346031,OK,True,
bcftools-indexed,r04_region_filter_distribution,w1000_08,chr1,5558122,5559121,1000,2,2,0.0043672481551766396,OK,True,
bcftools-indexed,r04_region_filter_distribution,w1000_08,chr1,5558122,5559121,1000,2,3,0.004197733011096716,OK,True,
bcftools-indexed,r04_region_filter_distribution,w1000_09,chr1,21979241,21980240,1000,15,1,0.004108785185962915,OK,True,
bcftools-indexed,r04_region_filter_distribution,w1000_09,chr1,21979241,21980240,1000,15,2,0.004056473262608051,OK,True,
bcftools-indexed,r04_region_filter_distribution,w1000_09,chr1,21979241,21980240,1000,15,3,0.003934283275157213,OK,True,
bcftools-indexed,r04_region_filter_distribution,w1000_10,chr1,58250107,58251106,1000,2,1,0.004517064895480871,OK,True,
bcftools-indexed,r04_region_filter_distribution,w1000_10,chr1,58250107,58251106,1000,2,2,0.004661512095481157,OK,True,
bcftools-indexed,r04_region_filter_distribution,w1000_10,chr1,58250107,58251106,1000,2,3,0.004022429697215557,OK,True,
bcftools-indexed,r04_region_filter_distribution,w1000_11,chr1,33820268,33821267,1000,1,1,0.006678280886262655,OK,True,
bcftools-indexed,r04_region_filter_distribution,w1000_11,chr1,33820268,33821267,1000,1,2,0.004543011076748371,OK,True,
bcftools-indexed,r04_region_filter_distribution,w1000_11,chr1,33820268,33821267,1000,1,3,0.0041553243063390255,OK,True,
bcftools-indexed,r04_region_filter_distribution,w1000_12,chr1,74268898,74269897,1000,4,1,0.0041356561705470085,OK,True,
bcftools-indexed,r04_region_filter_distribution,w1000_12,chr1,74268898,74269897,1000,4,2,0.004125235602259636,OK,True,
bcftools-indexed,r04_region_filter_distribution,w1000_12,chr1,74268898,74269897,1000,4,3,0.00402567395940423,OK,True,
bcftools-indexed,r04_region_filter_distribution,w1000_13,chr1,58011340,58012339,1000,3,1,0.004105302970856428,OK,True,
bcftools-indexed,r04_region_filter_distribution,w1000_13,chr1,58011340,58012339,1000,3,2,0.00410071387887001,OK,True,
bcftools-indexed,r04_region_filter_distribution,w1000_13,chr1,58011340,58012339,1000,3,3,0.005482100881636143,OK,True,
bcftools-indexed,r04_region_filter_distribution,w1000_14,chr1,55322618,55323617,1000,2,1,0.0041771926917135715,OK,True,
bcftools-indexed,r04_region_filter_distribution,w1000_14,chr1,55322618,55323617,1000,2,2,0.004181982949376106,OK,True,
bcftools-indexed,r04_region_filter_distribution,w1000_14,chr1,55322618,55323617,1000,2,3,0.005815845914185047,OK,True,
bcftools-indexed,r04_region_filter_distribution,w1000_15,chr1,58597811,58598810,1000,2,1,0.004633980803191662,OK,True,
bcftools-indexed,r04_region_filter_distribution,w1000_15,chr1,58597811,58598810,1000,2,2,0.004145821090787649,OK,True,
bcftools-indexed,r04_region_filter_distribution,w1000_15,chr1,58597811,58598810,1000,2,3,0.004574087914079428,OK,True,
bcftools-indexed,r04_region_filter_distribution,w1000_16,chr1,61942877,61943876,1000,1,1,0.0044700391590595245,OK,True,
bcftools-indexed,r04_region_filter_distribution,w1000_16,chr1,61942877,61943876,1000,1,2,0.004386467859148979,OK,True,
bcftools-indexed,r04_region_filter_distribution,w1000_16,chr1,61942877,61943876,1000,1,3,0.004550575278699398,OK,True,
bcftools-indexed,r04_region_filter_distribution,w1000_17,chr1,74952903,74953902,1000,2,1,0.00462703499943018,OK,True,
bcftools-indexed,r04_region_filter_distribution,w1000_17,chr1,74952903,74953902,1000,2,2,0.004344434943050146,OK,True,
bcftools-indexed,r04_region_filter_distribution,w1000_17,chr1,74952903,74953902,1000,2,3,0.004028752911835909,OK,True,
bcftools-indexed,r04_region_filter_distribution,w1000_18,chr1,10920022,10921021,1000,7,1,0.004216594155877829,OK,True,
bcftools-indexed,r04_region_filter_distribution,w1000_18,chr1,10920022,10921021,1000,7,2,0.00386410066857934,OK,True,
bcftools-indexed,r04_region_filter_distribution,w1000_18,chr1,10920022,10921021,1000,7,3,0.004179116804152727,OK,True,
bcftools-indexed,r04_region_filter_distribution,w1000_19,chr1,54064366,54065365,1000,1,1,0.0039620427414774895,OK,True,
bcftools-indexed,r04_region_filter_distribution,w1000_19,chr1,54064366,54065365,1000,1,2,0.004331381060183048,OK,True,
bcftools-indexed,r04_region_filter_distribution,w1000_19,chr1,54064366,54065365,1000,1,3,0.004397038836032152,OK,True,
bcftools-indexed,r04_region_filter_distribution,w100000_00,chr1,76042312,76142311,100000,132,1,0.004555683117359877,OK,True,
bcftools-indexed,r04_region_filter_distribution,w100000_00,chr1,76042312,76142311,100000,132,2,0.004262834787368774,OK,True,
bcftools-indexed,r04_region_filter_distribution,w100000_00,chr1,76042312,76142311,100000,132,3,0.0050667510367929935,OK,True,
bcftools-indexed,r04_region_filter_distribution,w100000_01,chr1,26177705,26277704,100000,141,1,0.00472595077008009,OK,True,
bcftools-indexed,r04_region_filter_distribution,w100000_01,chr1,26177705,26277704,100000,141,2,0.004623329732567072,OK,True,
bcftools-indexed,r04_region_filter_distribution,w100000_01,chr1,26177705,26277704,100000,141,3,0.004399295896291733,OK,True,
bcftools-indexed,r04_region_filter_distribution,w100000_02,chr1,76668322,76768321,100000,131,1,0.0048581683076918125,OK,True,
bcftools-indexed,r04_region_filter_distribution,w100000_02,chr1,76668322,76768321,100000,131,2,0.004666581284254789,OK,True,
bcftools-indexed,r04_region_filter_distribution,w100000_02,chr1,76668322,76768321,100000,131,3,0.004697735887020826,OK,True,
bcftools-indexed,r04_region_filter_distribution,w100000_03,chr1,64797067,64897066,100000,153,1,0.004545790143311024,OK,True,
bcftools-indexed,r04_region_filter_distribution,w100000_03,chr1,64797067,64897066,100000,153,2,0.004352584946900606,OK,True,
bcftools-indexed,r04_region_filter_distribution,w100000_03,chr1,64797067,64897066,100000,153,3,0.00436513964086771,OK,True,
bcftools-indexed,r04_region_filter_distribution,w100000_04,chr1,66848110,66948109,100000,83,1,0.004538347013294697,OK,True,
bcftools-indexed,r04_region_filter_distribution,w100000_04,chr1,66848110,66948109,100000,83,2,0.004698462784290314,OK,True,
bcftools-indexed,r04_region_filter_distribution,w100000_04,chr1,66848110,66948109,100000,83,3,0.00428966898471117,OK,True,
bcftools-indexed,r04_region_filter_distribution,w100000_05,chr1,58175965,58275964,100000,181,1,0.004400505684316158,OK,True,
bcftools-indexed,r04_region_filter_distribution,w100000_05,chr1,58175965,58275964,100000,181,2,0.004476817790418863,OK,True,
bcftools-indexed,r04_region_filter_distribution,w100000_05,chr1,58175965,58275964,100000,181,3,0.004585228860378265,OK,True,
bcftools-indexed,r04_region_filter_distribution,w100000_06,chr1,41567443,41667442,100000,142,1,0.00428899796679616,OK,True,
bcftools-indexed,r04_region_filter_distribution,w100000_06,chr1,41567443,41667442,100000,142,2,0.004450493957847357,OK,True,
bcftools-indexed,r04_region_filter_distribution,w100000_06,chr1,41567443,41667442,100000,142,3,0.004492153879255056,OK,True,
bcftools-indexed,r04_region_filter_distribution,w100000_07,chr1,23625875,23725874,100000,143,1,0.004398938734084368,OK,True,
bcftools-indexed,r04_region_filter_distribution,w100000_07,chr1,23625875,23725874,100000,143,2,0.004349424038082361,OK,True,
bcftools-indexed,r04_region_filter_distribution,w100000_07,chr1,23625875,23725874,100000,143,3,0.004377551842480898,OK,True,
bcftools-indexed,r04_region_filter_distribution,w100000_08,chr1,69897964,69997963,100000,77,1,0.0040740324184298515,OK,True,
bcftools-indexed,r04_region_filter_distribution,w100000_08,chr1,69897964,69997963,100000,77,2,0.004111702088266611,OK,True,
bcftools-indexed,r04_region_filter_distribution,w100000_08,chr1,69897964,69997963,100000,77,3,0.004411510191857815,OK,True,
bcftools-indexed,r04_region_filter_distribution,w100000_09,chr1,63664508,63764507,100000,287,1,0.00492101488634944,OK,True,
bcftools-indexed,r04_region_filter_distribution,w100000_09,chr1,63664508,63764507,100000,287,2,0.005413278006017208,OK,True,
bcftools-indexed,r04_region_filter_distribution,w100000_09,chr1,63664508,63764507,100000,287,3,0.005011111032217741,OK,True,
bcftools-indexed,r04_region_filter_distribution,w100000_10,chr1,15518874,15618873,100000,146,1,0.004491833969950676,OK,True,
bcftools-indexed,r04_region_filter_distribution,w100000_10,chr1,15518874,15618873,100000,146,2,0.004857227206230164,OK,True,
bcftools-indexed,r04_region_filter_distribution,w100000_10,chr1,15518874,15618873,100000,146,3,0.004501341376453638,OK,True,
bcftools-indexed,r04_region_filter_distribution,w100000_11,chr1,23996836,24096835,100000,343,1,0.0048178029246628284,OK,True,
bcftools-indexed,r04_region_filter_distribution,w100000_11,chr1,23996836,24096835,100000,343,2,0.004824142903089523,OK,True,
bcftools-indexed,r04_region_filter_distribution,w100000_11,chr1,23996836,24096835,100000,343,3,0.004804258234798908,OK,True,
bcftools-indexed,r04_region_filter_distribution,w100000_12,chr1,56566795,56666794,100000,139,1,0.004227487836033106,OK,True,
bcftools-indexed,r04_region_filter_distribution,w100000_12,chr1,56566795,56666794,100000,139,2,0.004369133617728949,OK,True,
bcftools-indexed,r04_region_filter_distribution,w100000_12,chr1,56566795,56666794,100000,139,3,0.004483089316636324,OK,True,
bcftools-indexed,r04_region_filter_distribution,w100000_13,chr1,24058646,24158645,100000,214,1,0.004504662938416004,OK,True,
bcftools-indexed,r04_region_filter_distribution,w100000_13,chr1,24058646,24158645,100000,214,2,0.00435869162902236,OK,True,
bcftools-indexed,r04_region_filter_distribution,w100000_13,chr1,24058646,24158645,100000,214,3,0.004393538925796747,OK,True,
bcftools-indexed,r04_region_filter_distribution,w100000_14,chr1,3105927,3205926,100000,226,1,0.004425732418894768,OK,True,
bcftools-indexed,r04_region_filter_distribution,w100000_14,chr1,3105927,3205926,100000,226,2,0.004449417348951101,OK,True,
bcftools-indexed,r04_region_filter_distribution,w100000_14,chr1,3105927,3205926,100000,226,3,0.004508195910602808,OK,True,
bcftools-indexed,r04_region_filter_distribution,w100000_15,chr1,54865968,54965967,100000,181,1,0.004630507435649633,OK,True,
bcftools-indexed,r04_region_filter_distribution,w100000_15,chr1,54865968,54965967,100000,181,2,0.00434235529974103,OK,True,
bcftools-indexed,r04_region_filter_distribution,w100000_15,chr1,54865968,54965967,100000,181,3,0.004422679077833891,OK,True,
bcftools-indexed,r04_region_filter_distribution,w100000_16,chr1,58852100,58952099,100000,79,1,0.004128113389015198,OK,True,
bcftools-indexed,r04_region_filter_distribution,w100000_16,chr1,58852100,58952099,100000,79,2,0.004733697045594454,OK,True,
bcftools-indexed,r04_region_filter_distribution,w100000_16,chr1,58852100,58952099,100000,79,3,0.004242219030857086,OK,True,
bcftools-indexed,r04_region_filter_distribution,w100000_17,chr1,77570681,77670680,100000,81,1,0.004132140893489122,OK,True,
bcftools-indexed,r04_region_filter_distribution,w100000_17,chr1,77570681,77670680,100000,81,2,0.004687333945184946,OK,True,
bcftools-indexed,r04_region_filter_distribution,w100000_17,chr1,77570681,77670680,100000,81,3,0.004365453030914068,OK,True,
bcftools-indexed,r04_region_filter_distribution,w100000_18,chr1,66388887,66488886,100000,196,1,0.0048814560286700726,OK,True,
bcftools-indexed,r04_region_filter_distribution,w100000_18,chr1,66388887,66488886,100000,196,2,0.004727365914732218,OK,True,
bcftools-indexed,r04_region_filter_distribution,w100000_18,chr1,66388887,66488886,100000,196,3,0.004573531448841095,OK,True,
bcftools-indexed,r04_region_filter_distribution,w100000_19,chr1,5319806,5419805,100000,87,1,0.0051432326436042786,OK,True,
bcftools-indexed,r04_region_filter_distribution,w100000_19,chr1,5319806,5419805,100000,87,2,0.004543067887425423,OK,True,
bcftools-indexed,r04_region_filter_distribution,w100000_19,chr1,5319806,5419805,100000,87,3,0.004811115097254515,OK,True,
bcftools-indexed,r04_region_filter_distribution,w1000000_00,chr1,42846822,43846821,1000000,1112,1,0.006447879131883383,OK,True,
bcftools-indexed,r04_region_filter_distribution,w1000000_00,chr1,42846822,43846821,1000000,1112,2,0.006685438100248575,OK,True,
bcftools-indexed,r04_region_filter_distribution,w1000000_00,chr1,42846822,43846821,1000000,1112,3,0.0065939887426793575,OK,True,
bcftools-indexed,r04_region_filter_distribution,w1000000_01,chr1,9034070,10034069,1000000,1143,1,0.006230153143405914,OK,True,
bcftools-indexed,r04_region_filter_distribution,w1000000_01,chr1,9034070,10034069,1000000,1143,2,0.006655577104538679,OK,True,
bcftools-indexed,r04_region_filter_distribution,w1000000_01,chr1,9034070,10034069,1000000,1143,3,0.006616555154323578,OK,True,
bcftools-indexed,r04_region_filter_distribution,w1000000_02,chr1,54809885,55809884,1000000,1670,1,0.007688907906413078,OK,True,
bcftools-indexed,r04_region_filter_distribution,w1000000_02,chr1,54809885,55809884,1000000,1670,2,0.007496261969208717,OK,True,
bcftools-indexed,r04_region_filter_distribution,w1000000_02,chr1,54809885,55809884,1000000,1670,3,0.007341891992837191,OK,True,
bcftools-indexed,r04_region_filter_distribution,w1000000_03,chr1,55795141,56795140,1000000,1824,1,0.01104618702083826,OK,True,
bcftools-indexed,r04_region_filter_distribution,w1000000_03,chr1,55795141,56795140,1000000,1824,2,0.007952481042593718,OK,True,
bcftools-indexed,r04_region_filter_distribution,w1000000_03,chr1,55795141,56795140,1000000,1824,3,0.008214533794671297,OK,True,
bcftools-indexed,r04_region_filter_distribution,w1000000_04,chr1,11734309,12734308,1000000,950,1,0.006158591713756323,OK,True,
bcftools-indexed,r04_region_filter_distribution,w1000000_04,chr1,11734309,12734308,1000000,950,2,0.006195778027176857,OK,True,
bcftools-indexed,r04_region_filter_distribution,w1000000_04,chr1,11734309,12734308,1000000,950,3,0.006229802034795284,OK,True,
bcftools-indexed,r04_region_filter_distribution,w1000000_05,chr1,28814643,29814642,1000000,1348,1,0.0067204139195382595,OK,True,
bcftools-indexed,r04_region_filter_distribution,w1000000_05,chr1,28814643,29814642,1000000,1348,2,0.007056584116071463,OK,True,
bcftools-indexed,r04_region_filter_distribution,w1000000_05,chr1,28814643,29814642,1000000,1348,3,0.007510156836360693,OK,True,
bcftools-indexed,r04_region_filter_distribution,w1000000_06,chr1,47354520,48354519,1000000,1253,1,0.007319663185626268,OK,True,
bcftools-indexed,r04_region_filter_distribution,w1000000_06,chr1,47354520,48354519,1000000,1253,2,0.008201170712709427,OK,True,
bcftools-indexed,r04_region_filter_distribution,w1000000_06,chr1,47354520,48354519,1000000,1253,3,0.006994687952101231,OK,True,
bcftools-indexed,r04_region_filter_distribution,w1000000_07,chr1,35782931,36782930,1000000,868,1,0.0066779679618775845,OK,True,
bcftools-indexed,r04_region_filter_distribution,w1000000_07,chr1,35782931,36782930,1000000,868,2,0.006670838687568903,OK,True,
bcftools-indexed,r04_region_filter_distribution,w1000000_07,chr1,35782931,36782930,1000000,868,3,0.006503698416054249,OK,True,
bcftools-indexed,r04_region_filter_distribution,w1000000_08,chr1,5611726,6611725,1000000,1261,1,0.007481910288333893,OK,True,
bcftools-indexed,r04_region_filter_distribution,w1000000_08,chr1,5611726,6611725,1000000,1261,2,0.006550963036715984,OK,True,
bcftools-indexed,r04_region_filter_distribution,w1000000_08,chr1,5611726,6611725,1000000,1261,3,0.006915363948792219,OK,True,
bcftools-indexed,r04_region_filter_distribution,w1000000_09,chr1,17930348,18930347,1000000,1491,1,0.007171910256147385,OK,True,
bcftools-indexed,r04_region_filter_distribution,w1000000_09,chr1,17930348,18930347,1000000,1491,2,0.007292034104466438,OK,True,
bcftools-indexed,r04_region_filter_distribution,w1000000_09,chr1,17930348,18930347,1000000,1491,3,0.0068936459720134735,OK,True,
bcftools-indexed,r04_region_filter_distribution,w1000000_10,chr1,58656617,59656616,1000000,1262,1,0.006648581009358168,OK,True,
bcftools-indexed,r04_region_filter_distribution,w1000000_10,chr1,58656617,59656616,1000000,1262,2,0.00689214002341032,OK,True,
bcftools-indexed,r04_region_filter_distribution,w1000000_10,chr1,58656617,59656616,1000000,1262,3,0.006470575928688049,OK,True,
bcftools-indexed,r04_region_filter_distribution,w1000000_11,chr1,20579658,21579657,1000000,1246,1,0.007552050985395908,OK,True,
bcftools-indexed,r04_region_filter_distribution,w1000000_11,chr1,20579658,21579657,1000000,1246,2,0.008286739233881235,OK,True,
bcftools-indexed,r04_region_filter_distribution,w1000000_11,chr1,20579658,21579657,1000000,1246,3,0.006873101927340031,OK,True,
bcftools-indexed,r04_region_filter_distribution,w1000000_12,chr1,66774094,67774093,1000000,1548,1,0.007344578858464956,OK,True,
bcftools-indexed,r04_region_filter_distribution,w1000000_12,chr1,66774094,67774093,1000000,1548,2,0.007174287922680378,OK,True,
bcftools-indexed,r04_region_filter_distribution,w1000000_12,chr1,66774094,67774093,1000000,1548,3,0.0072500272653996944,OK,True,
bcftools-indexed,r04_region_filter_distribution,w1000000_13,chr1,53330427,54330426,1000000,1337,1,0.006851909216493368,OK,True,
bcftools-indexed,r04_region_filter_distribution,w1000000_13,chr1,53330427,54330426,1000000,1337,2,0.007044790778309107,OK,True,
bcftools-indexed,r04_region_filter_distribution,w1000000_13,chr1,53330427,54330426,1000000,1337,3,0.007134006358683109,OK,True,
bcftools-indexed,r04_region_filter_distribution,w1000000_14,chr1,34457222,35457221,1000000,1194,1,0.006540185771882534,OK,True,
bcftools-indexed,r04_region_filter_distribution,w1000000_14,chr1,34457222,35457221,1000000,1194,2,0.008402212057262659,OK,True,
bcftools-indexed,r04_region_filter_distribution,w1000000_14,chr1,34457222,35457221,1000000,1194,3,0.00670674117282033,OK,True,
bcftools-indexed,r04_region_filter_distribution,w1000000_15,chr1,6173132,7173131,1000000,906,1,0.006016099825501442,OK,True,
bcftools-indexed,r04_region_filter_distribution,w1000000_15,chr1,6173132,7173131,1000000,906,2,0.00581411924213171,OK,True,
bcftools-indexed,r04_region_filter_distribution,w1000000_15,chr1,6173132,7173131,1000000,906,3,0.006021728273481131,OK,True,
bcftools-indexed,r04_region_filter_distribution,w1000000_16,chr1,34054184,35054183,1000000,1668,1,0.007465103641152382,OK,True,
bcftools-indexed,r04_region_filter_distribution,w1000000_16,chr1,34054184,35054183,1000000,1668,2,0.007161649875342846,OK,True,
bcftools-indexed,r04_region_filter_distribution,w1000000_16,chr1,34054184,35054183,1000000,1668,3,0.007244200445711613,OK,True,
bcftools-indexed,r04_region_filter_distribution,w1000000_17,chr1,15193776,16193775,1000000,1521,1,0.00691632367670536,OK,True,
bcftools-indexed,r04_region_filter_distribution,w1000000_17,chr1,15193776,16193775,1000000,1521,2,0.006876438390463591,OK,True,
bcftools-indexed,r04_region_filter_distribution,w1000000_17,chr1,15193776,16193775,1000000,1521,3,0.007547285873442888,OK,True,
bcftools-indexed,r04_region_filter_distribution,w1000000_18,chr1,43583485,44583484,1000000,1108,1,0.006212776061147451,OK,True,
bcftools-indexed,r04_region_filter_distribution,w1000000_18,chr1,43583485,44583484,1000000,1108,2,0.006431326735764742,OK,True,
bcftools-indexed,r04_region_filter_distribution,w1000000_18,chr1,43583485,44583484,1000000,1108,3,0.006086337845772505,OK,True,
bcftools-indexed,r04_region_filter_distribution,w1000000_19,chr1,58570714,59570713,1000000,1451,1,0.006827256176620722,OK,True,
bcftools-indexed,r04_region_filter_distribution,w1000000_19,chr1,58570714,59570713,1000000,1451,2,0.0070420121774077415,OK,True,
bcftools-indexed,r04_region_filter_distribution,w1000000_19,chr1,58570714,59570713,1000000,1451,3,0.006924410816282034,OK,True,
bcftools-indexed,r04_region_filter_distribution,w10000000_00,chr1,36023355,46023354,10000000,11510,1,0.025452674832195044,OK,True,
bcftools-indexed,r04_region_filter_distribution,w10000000_00,chr1,36023355,46023354,10000000,11510,2,0.02614859165623784,OK,True,
bcftools-indexed,r04_region_filter_distribution,w10000000_00,chr1,36023355,46023354,10000000,11510,3,0.025858300738036633,OK,True,
bcftools-indexed,r04_region_filter_distribution,w10000000_01,chr1,57527385,67527384,10000000,14820,1,0.032828935887664557,OK,True,
bcftools-indexed,r04_region_filter_distribution,w10000000_01,chr1,57527385,67527384,10000000,14820,2,0.03231767239049077,OK,True,
bcftools-indexed,r04_region_filter_distribution,w10000000_01,chr1,57527385,67527384,10000000,14820,3,0.03406796744093299,OK,True,
bcftools-indexed,r04_region_filter_distribution,w10000000_02,chr1,63680811,73680810,10000000,13676,1,0.0298576089553535,OK,True,
bcftools-indexed,r04_region_filter_distribution,w10000000_02,chr1,63680811,73680810,10000000,13676,2,0.029587460216134787,OK,True,
bcftools-indexed,r04_region_filter_distribution,w10000000_02,chr1,63680811,73680810,10000000,13676,3,0.02970455214381218,OK,True,
bcftools-indexed,r04_region_filter_distribution,w10000000_03,chr1,53679378,63679377,10000000,14787,1,0.03206486301496625,OK,True,
bcftools-indexed,r04_region_filter_distribution,w10000000_03,chr1,53679378,63679377,10000000,14787,2,0.03286549774929881,OK,True,
bcftools-indexed,r04_region_filter_distribution,w10000000_03,chr1,53679378,63679377,10000000,14787,3,0.0319068543612957,OK,True,
bcftools-indexed,r04_region_filter_distribution,w10000000_04,chr1,60690498,70690497,10000000,14398,1,0.03104476723819971,OK,True,
bcftools-indexed,r04_region_filter_distribution,w10000000_04,chr1,60690498,70690497,10000000,14398,2,0.03143412107601762,OK,True,
bcftools-indexed,r04_region_filter_distribution,w10000000_04,chr1,60690498,70690497,10000000,14398,3,0.031148221343755722,OK,True,
bcftools-indexed,r04_region_filter_distribution,w10000000_05,chr1,47428546,57428545,10000000,11289,1,0.026638874784111977,OK,True,
bcftools-indexed,r04_region_filter_distribution,w10000000_05,chr1,47428546,57428545,10000000,11289,2,0.026602562051266432,OK,True,
bcftools-indexed,r04_region_filter_distribution,w10000000_05,chr1,47428546,57428545,10000000,11289,3,0.026822092942893505,OK,True,
bcftools-indexed,r04_region_filter_distribution,w10000000_06,chr1,22030736,32030735,10000000,12991,1,0.029037166852504015,OK,True,
bcftools-indexed,r04_region_filter_distribution,w10000000_06,chr1,22030736,32030735,10000000,12991,2,0.02960336022078991,OK,True,
bcftools-indexed,r04_region_filter_distribution,w10000000_06,chr1,22030736,32030735,10000000,12991,3,0.032259986735880375,OK,True,
bcftools-indexed,r04_region_filter_distribution,w10000000_07,chr1,34252401,44252400,10000000,11717,1,0.02739183697849512,OK,True,
bcftools-indexed,r04_region_filter_distribution,w10000000_07,chr1,34252401,44252400,10000000,11717,2,0.026832100935280323,OK,True,
bcftools-indexed,r04_region_filter_distribution,w10000000_07,chr1,34252401,44252400,10000000,11717,3,0.027411502320319414,OK,True,
bcftools-indexed,r04_region_filter_distribution,w10000000_08,chr1,58528508,68528507,10000000,14502,1,0.03263807622715831,OK,True,
bcftools-indexed,r04_region_filter_distribution,w10000000_08,chr1,58528508,68528507,10000000,14502,2,0.03187646996229887,OK,True,
bcftools-indexed,r04_region_filter_distribution,w10000000_08,chr1,58528508,68528507,10000000,14502,3,0.03329248400405049,OK,True,
bcftools-indexed,r04_region_filter_distribution,w10000000_09,chr1,51917411,61917410,10000000,13900,1,0.03506969194859266,OK,True,
bcftools-indexed,r04_region_filter_distribution,w10000000_09,chr1,51917411,61917410,10000000,13900,2,0.031356679275631905,OK,True,
bcftools-indexed,r04_region_filter_distribution,w10000000_09,chr1,51917411,61917410,10000000,13900,3,0.03135345038026571,OK,True,
bcftools-indexed,r04_region_filter_distribution,w10000000_10,chr1,17106918,27106917,10000000,14199,1,0.032607956789433956,OK,True,
bcftools-indexed,r04_region_filter_distribution,w10000000_10,chr1,17106918,27106917,10000000,14199,2,0.03228483907878399,OK,True,
bcftools-indexed,r04_region_filter_distribution,w10000000_10,chr1,17106918,27106917,10000000,14199,3,0.033107792027294636,OK,True,
bcftools-indexed,r04_region_filter_distribution,w10000000_11,chr1,43275553,53275552,10000000,9415,1,0.02351971808820963,OK,True,
bcftools-indexed,r04_region_filter_distribution,w10000000_11,chr1,43275553,53275552,10000000,9415,2,0.023094902746379375,OK,True,
bcftools-indexed,r04_region_filter_distribution,w10000000_11,chr1,43275553,53275552,10000000,9415,3,0.022753399796783924,OK,True,
bcftools-indexed,r04_region_filter_distribution,w10000000_12,chr1,75394691,85394690,10000000,3288,1,0.011020262725651264,OK,True,
bcftools-indexed,r04_region_filter_distribution,w10000000_12,chr1,75394691,85394690,10000000,3288,2,0.010914556682109833,OK,True,
bcftools-indexed,r04_region_filter_distribution,w10000000_12,chr1,75394691,85394690,10000000,3288,3,0.011117697227746248,OK,True,
bcftools-indexed,r04_region_filter_distribution,w10000000_13,chr1,40866716,50866715,10000000,10786,1,0.025140213780105114,OK,True,
bcftools-indexed,r04_region_filter_distribution,w10000000_13,chr1,40866716,50866715,10000000,10786,2,0.025399484671652317,OK,True,
bcftools-indexed,r04_region_filter_distribution,w10000000_13,chr1,40866716,50866715,10000000,10786,3,0.02532430412247777,OK,True,
bcftools-indexed,r04_region_filter_distribution,w10000000_14,chr1,54182280,64182279,10000000,14941,1,0.032506091985851526,OK,True,
bcftools-indexed,r04_region_filter_distribution,w10000000_14,chr1,54182280,64182279,10000000,14941,2,0.03280910803005099,OK,True,
bcftools-indexed,r04_region_filter_distribution,w10000000_14,chr1,54182280,64182279,10000000,14941,3,0.035358690191060305,OK,True,
bcftools-indexed,r04_region_filter_distribution,w10000000_15,chr1,22053178,32053177,10000000,12910,1,0.029860943090170622,OK,True,
bcftools-indexed,r04_region_filter_distribution,w10000000_15,chr1,22053178,32053177,10000000,12910,2,0.030138737987726927,OK,True,
bcftools-indexed,r04_region_filter_distribution,w10000000_15,chr1,22053178,32053177,10000000,12910,3,0.029357926920056343,OK,True,
bcftools-indexed,r04_region_filter_distribution,w10000000_16,chr1,65680356,75680355,10000000,13295,1,0.03033046657219529,OK,True,
bcftools-indexed,r04_region_filter_distribution,w10000000_16,chr1,65680356,75680355,10000000,13295,2,0.02969667175784707,OK,True,
bcftools-indexed,r04_region_filter_distribution,w10000000_16,chr1,65680356,75680355,10000000,13295,3,0.02992577664554119,OK,True,
bcftools-indexed,r04_region_filter_distribution,w10000000_17,chr1,30270070,40270069,10000000,12583,1,0.02786546340212226,OK,True,
bcftools-indexed,r04_region_filter_distribution,w10000000_17,chr1,30270070,40270069,10000000,12583,2,0.028449587058275938,OK,True,
bcftools-indexed,r04_region_filter_distribution,w10000000_17,chr1,30270070,40270069,10000000,12583,3,0.028708860743790865,OK,True,
bcftools-indexed,r04_region_filter_distribution,w10000000_18,chr1,42283662,52283661,10000000,9628,1,0.023053939919918776,OK,True,
bcftools-indexed,r04_region_filter_distribution,w10000000_18,chr1,42283662,52283661,10000000,9628,2,0.023326014168560505,OK,True,
bcftools-indexed,r04_region_filter_distribution,w10000000_18,chr1,42283662,52283661,10000000,9628,3,0.023494360968470573,OK,True,
bcftools-indexed,r04_region_filter_distribution,w10000000_19,chr1,61622305,71622304,10000000,14407,1,0.032813142985105515,OK,True,
bcftools-indexed,r04_region_filter_distribution,w10000000_19,chr1,61622305,71622304,10000000,14407,2,0.03326382488012314,OK,True,
bcftools-indexed,r04_region_filter_distribution,w10000000_19,chr1,61622305,71622304,10000000,14407,3,0.032302340026944876,OK,True,
bcftools-indexed,r05_region_sample_genotype_counts,w1000_00,chr1,23894831,23895830,1000,10,1,0.004933292046189308,OK,True,
bcftools-indexed,r05_region_sample_genotype_counts,w1000_00,chr1,23894831,23895830,1000,10,2,0.004778923932462931,OK,True,
bcftools-indexed,r05_region_sample_genotype_counts,w1000_00,chr1,23894831,23895830,1000,10,3,0.004549331963062286,OK,True,
bcftools-indexed,r05_region_sample_genotype_counts,w1000_01,chr1,37268328,37269327,1000,1,1,0.00416449923068285,OK,True,
bcftools-indexed,r05_region_sample_genotype_counts,w1000_01,chr1,37268328,37269327,1000,1,2,0.005026048049330711,OK,True,
bcftools-indexed,r05_region_sample_genotype_counts,w1000_01,chr1,37268328,37269327,1000,1,3,0.004226695280522108,OK,True,
bcftools-indexed,r05_region_sample_genotype_counts,w1000_02,chr1,42471294,42472293,1000,2,1,0.004488032311201096,OK,True,
bcftools-indexed,r05_region_sample_genotype_counts,w1000_02,chr1,42471294,42472293,1000,2,2,0.004370697773993015,OK,True,
bcftools-indexed,r05_region_sample_genotype_counts,w1000_02,chr1,42471294,42472293,1000,2,3,0.0041389307007193565,OK,True,
bcftools-indexed,r05_region_sample_genotype_counts,w1000_03,chr1,19972624,19973623,1000,4,1,0.004327261820435524,OK,True,
bcftools-indexed,r05_region_sample_genotype_counts,w1000_03,chr1,19972624,19973623,1000,4,2,0.004711274988949299,OK,True,
bcftools-indexed,r05_region_sample_genotype_counts,w1000_03,chr1,19972624,19973623,1000,4,3,0.003971992060542107,OK,True,
bcftools-indexed,r05_region_sample_genotype_counts,w1000_04,chr1,65925426,65926425,1000,2,1,0.004575103987008333,OK,True,
bcftools-indexed,r05_region_sample_genotype_counts,w1000_04,chr1,65925426,65926425,1000,2,2,0.004338603932410479,OK,True,
bcftools-indexed,r05_region_sample_genotype_counts,w1000_04,chr1,65925426,65926425,1000,2,3,0.0041350992396473885,OK,True,
bcftools-indexed,r05_region_sample_genotype_counts,w1000_05,chr1,54878472,54879471,1000,2,1,0.004221971146762371,OK,True,
bcftools-indexed,r05_region_sample_genotype_counts,w1000_05,chr1,54878472,54879471,1000,2,2,0.004160502925515175,OK,True,
bcftools-indexed,r05_region_sample_genotype_counts,w1000_05,chr1,54878472,54879471,1000,2,3,0.0040785470046103,OK,True,
bcftools-indexed,r05_region_sample_genotype_counts,w1000_06,chr1,54724268,54725267,1000,9,1,0.004092215094715357,OK,True,
bcftools-indexed,r05_region_sample_genotype_counts,w1000_06,chr1,54724268,54725267,1000,9,2,0.004127616994082928,OK,True,
bcftools-indexed,r05_region_sample_genotype_counts,w1000_06,chr1,54724268,54725267,1000,9,3,0.004110253881663084,OK,True,
bcftools-indexed,r05_region_sample_genotype_counts,w1000_07,chr1,50226603,50227602,1000,3,1,0.0042265309020876884,OK,True,
bcftools-indexed,r05_region_sample_genotype_counts,w1000_07,chr1,50226603,50227602,1000,3,2,0.004163634032011032,OK,True,
bcftools-indexed,r05_region_sample_genotype_counts,w1000_07,chr1,50226603,50227602,1000,3,3,0.004236074164509773,OK,True,
bcftools-indexed,r05_region_sample_genotype_counts,w1000_08,chr1,5558122,5559121,1000,2,1,0.0045382478274405,OK,True,
bcftools-indexed,r05_region_sample_genotype_counts,w1000_08,chr1,5558122,5559121,1000,2,2,0.0042269169352948666,OK,True,
bcftools-indexed,r05_region_sample_genotype_counts,w1000_08,chr1,5558122,5559121,1000,2,3,0.004141454119235277,OK,True,
bcftools-indexed,r05_region_sample_genotype_counts,w1000_09,chr1,21979241,21980240,1000,15,1,0.004145749844610691,OK,True,
bcftools-indexed,r05_region_sample_genotype_counts,w1000_09,chr1,21979241,21980240,1000,15,2,0.003988776821643114,OK,True,
bcftools-indexed,r05_region_sample_genotype_counts,w1000_09,chr1,21979241,21980240,1000,15,3,0.00433644512668252,OK,True,
bcftools-indexed,r05_region_sample_genotype_counts,w1000_10,chr1,58250107,58251106,1000,2,1,0.004172653891146183,OK,True,
bcftools-indexed,r05_region_sample_genotype_counts,w1000_10,chr1,58250107,58251106,1000,2,2,0.004410901106894016,OK,True,
bcftools-indexed,r05_region_sample_genotype_counts,w1000_10,chr1,58250107,58251106,1000,2,3,0.004104153253138065,OK,True,
bcftools-indexed,r05_region_sample_genotype_counts,w1000_11,chr1,33820268,33821267,1000,1,1,0.003973191138356924,OK,True,
bcftools-indexed,r05_region_sample_genotype_counts,w1000_11,chr1,33820268,33821267,1000,1,2,0.0039124940522015095,OK,True,
bcftools-indexed,r05_region_sample_genotype_counts,w1000_11,chr1,33820268,33821267,1000,1,3,0.003926360979676247,OK,True,
bcftools-indexed,r05_region_sample_genotype_counts,w1000_12,chr1,74268898,74269897,1000,4,1,0.00436781020835042,OK,True,
bcftools-indexed,r05_region_sample_genotype_counts,w1000_12,chr1,74268898,74269897,1000,4,2,0.004238911904394627,OK,True,
bcftools-indexed,r05_region_sample_genotype_counts,w1000_12,chr1,74268898,74269897,1000,4,3,0.004233437590301037,OK,True,
bcftools-indexed,r05_region_sample_genotype_counts,w1000_13,chr1,58011340,58012339,1000,3,1,0.00427106162533164,OK,True,
bcftools-indexed,r05_region_sample_genotype_counts,w1000_13,chr1,58011340,58012339,1000,3,2,0.004251748789101839,OK,True,
bcftools-indexed,r05_region_sample_genotype_counts,w1000_13,chr1,58011340,58012339,1000,3,3,0.004172941669821739,OK,True,
bcftools-indexed,r05_region_sample_genotype_counts,w1000_14,chr1,55322618,55323617,1000,2,1,0.004079171922057867,OK,True,
bcftools-indexed,r05_region_sample_genotype_counts,w1000_14,chr1,55322618,55323617,1000,2,2,0.004198048263788223,OK,True,
bcftools-indexed,r05_region_sample_genotype_counts,w1000_14,chr1,55322618,55323617,1000,2,3,0.004247584845870733,OK,True,
bcftools-indexed,r05_region_sample_genotype_counts,w1000_15,chr1,58597811,58598810,1000,2,1,0.004443183075636625,OK,True,
bcftools-indexed,r05_region_sample_genotype_counts,w1000_15,chr1,58597811,58598810,1000,2,2,0.004157749004662037,OK,True,
bcftools-indexed,r05_region_sample_genotype_counts,w1000_15,chr1,58597811,58598810,1000,2,3,0.003986189141869545,OK,True,
bcftools-indexed,r05_region_sample_genotype_counts,w1000_16,chr1,61942877,61943876,1000,1,1,0.0041862172074615955,OK,True,
bcftools-indexed,r05_region_sample_genotype_counts,w1000_16,chr1,61942877,61943876,1000,1,2,0.006043406669050455,OK,True,
bcftools-indexed,r05_region_sample_genotype_counts,w1000_16,chr1,61942877,61943876,1000,1,3,0.004288847092539072,OK,True,
bcftools-indexed,r05_region_sample_genotype_counts,w1000_17,chr1,74952903,74953902,1000,2,1,0.005663422867655754,OK,True,
bcftools-indexed,r05_region_sample_genotype_counts,w1000_17,chr1,74952903,74953902,1000,2,2,0.006416228599846363,OK,True,
bcftools-indexed,r05_region_sample_genotype_counts,w1000_17,chr1,74952903,74953902,1000,2,3,0.004481409210711718,OK,True,
bcftools-indexed,r05_region_sample_genotype_counts,w1000_18,chr1,10920022,10921021,1000,7,1,0.004351899027824402,OK,True,
bcftools-indexed,r05_region_sample_genotype_counts,w1000_18,chr1,10920022,10921021,1000,7,2,0.004425059072673321,OK,True,
bcftools-indexed,r05_region_sample_genotype_counts,w1000_18,chr1,10920022,10921021,1000,7,3,0.0042813122272491455,OK,True,
bcftools-indexed,r05_region_sample_genotype_counts,w1000_19,chr1,54064366,54065365,1000,1,1,0.004030327778309584,OK,True,
bcftools-indexed,r05_region_sample_genotype_counts,w1000_19,chr1,54064366,54065365,1000,1,2,0.004181855358183384,OK,True,
bcftools-indexed,r05_region_sample_genotype_counts,w1000_19,chr1,54064366,54065365,1000,1,3,0.004296050872653723,OK,True,
bcftools-indexed,r05_region_sample_genotype_counts,w100000_00,chr1,76042312,76142311,100000,132,1,0.004569795913994312,OK,True,
bcftools-indexed,r05_region_sample_genotype_counts,w100000_00,chr1,76042312,76142311,100000,132,2,0.0047744158655405045,OK,True,
bcftools-indexed,r05_region_sample_genotype_counts,w100000_00,chr1,76042312,76142311,100000,132,3,0.004810923244804144,OK,True,
bcftools-indexed,r05_region_sample_genotype_counts,w100000_01,chr1,26177705,26277704,100000,141,1,0.004563274793326855,OK,True,
bcftools-indexed,r05_region_sample_genotype_counts,w100000_01,chr1,26177705,26277704,100000,141,2,0.0045892829075455666,OK,True,
bcftools-indexed,r05_region_sample_genotype_counts,w100000_01,chr1,26177705,26277704,100000,141,3,0.00461560720577836,OK,True,
bcftools-indexed,r05_region_sample_genotype_counts,w100000_02,chr1,76668322,76768321,100000,131,1,0.0046149613335728645,OK,True,
bcftools-indexed,r05_region_sample_genotype_counts,w100000_02,chr1,76668322,76768321,100000,131,2,0.004797863774001598,OK,True,
bcftools-indexed,r05_region_sample_genotype_counts,w100000_02,chr1,76668322,76768321,100000,131,3,0.004587559960782528,OK,True,
bcftools-indexed,r05_region_sample_genotype_counts,w100000_03,chr1,64797067,64897066,100000,153,1,0.0045712669380009174,OK,True,
bcftools-indexed,r05_region_sample_genotype_counts,w100000_03,chr1,64797067,64897066,100000,153,2,0.004706195089966059,OK,True,
bcftools-indexed,r05_region_sample_genotype_counts,w100000_03,chr1,64797067,64897066,100000,153,3,0.0047637601383030415,OK,True,
bcftools-indexed,r05_region_sample_genotype_counts,w100000_04,chr1,66848110,66948109,100000,83,1,0.004668199922889471,OK,True,
bcftools-indexed,r05_region_sample_genotype_counts,w100000_04,chr1,66848110,66948109,100000,83,2,0.004693315364420414,OK,True,
bcftools-indexed,r05_region_sample_genotype_counts,w100000_04,chr1,66848110,66948109,100000,83,3,0.0044679599814116955,OK,True,
bcftools-indexed,r05_region_sample_genotype_counts,w100000_05,chr1,58175965,58275964,100000,181,1,0.004878557287156582,OK,True,
bcftools-indexed,r05_region_sample_genotype_counts,w100000_05,chr1,58175965,58275964,100000,181,2,0.005049276631325483,OK,True,
bcftools-indexed,r05_region_sample_genotype_counts,w100000_05,chr1,58175965,58275964,100000,181,3,0.004719976335763931,OK,True,
bcftools-indexed,r05_region_sample_genotype_counts,w100000_06,chr1,41567443,41667442,100000,142,1,0.004840352572500706,OK,True,
bcftools-indexed,r05_region_sample_genotype_counts,w100000_06,chr1,41567443,41667442,100000,142,2,0.004656600300222635,OK,True,
bcftools-indexed,r05_region_sample_genotype_counts,w100000_06,chr1,41567443,41667442,100000,142,3,0.004585800226777792,OK,True,
bcftools-indexed,r05_region_sample_genotype_counts,w100000_07,chr1,23625875,23725874,100000,143,1,0.004668481182307005,OK,True,
bcftools-indexed,r05_region_sample_genotype_counts,w100000_07,chr1,23625875,23725874,100000,143,2,0.00472374027594924,OK,True,
bcftools-indexed,r05_region_sample_genotype_counts,w100000_07,chr1,23625875,23725874,100000,143,3,0.004862671252340078,OK,True,
bcftools-indexed,r05_region_sample_genotype_counts,w100000_08,chr1,69897964,69997963,100000,77,1,0.004385451320558786,OK,True,
bcftools-indexed,r05_region_sample_genotype_counts,w100000_08,chr1,69897964,69997963,100000,77,2,0.0043873111717402935,OK,True,
bcftools-indexed,r05_region_sample_genotype_counts,w100000_08,chr1,69897964,69997963,100000,77,3,0.004509026184678078,OK,True,
bcftools-indexed,r05_region_sample_genotype_counts,w100000_09,chr1,63664508,63764507,100000,287,1,0.005662247072905302,OK,True,
bcftools-indexed,r05_region_sample_genotype_counts,w100000_09,chr1,63664508,63764507,100000,287,2,0.005411176942288876,OK,True,
bcftools-indexed,r05_region_sample_genotype_counts,w100000_09,chr1,63664508,63764507,100000,287,3,0.005428834818303585,OK,True,
bcftools-indexed,r05_region_sample_genotype_counts,w100000_10,chr1,15518874,15618873,100000,146,1,0.004976205062121153,OK,True,
bcftools-indexed,r05_region_sample_genotype_counts,w100000_10,chr1,15518874,15618873,100000,146,2,0.00484855193644762,OK,True,
bcftools-indexed,r05_region_sample_genotype_counts,w100000_10,chr1,15518874,15618873,100000,146,3,0.0047829970717430115,OK,True,
bcftools-indexed,r05_region_sample_genotype_counts,w100000_11,chr1,23996836,24096835,100000,343,1,0.00545514514669776,OK,True,
bcftools-indexed,r05_region_sample_genotype_counts,w100000_11,chr1,23996836,24096835,100000,343,2,0.005333797540515661,OK,True,
bcftools-indexed,r05_region_sample_genotype_counts,w100000_11,chr1,23996836,24096835,100000,343,3,0.005340867210179567,OK,True,
bcftools-indexed,r05_region_sample_genotype_counts,w100000_12,chr1,56566795,56666794,100000,139,1,0.004460116382688284,OK,True,
bcftools-indexed,r05_region_sample_genotype_counts,w100000_12,chr1,56566795,56666794,100000,139,2,0.004588128998875618,OK,True,
bcftools-indexed,r05_region_sample_genotype_counts,w100000_12,chr1,56566795,56666794,100000,139,3,0.004675345029681921,OK,True,
bcftools-indexed,r05_region_sample_genotype_counts,w100000_13,chr1,24058646,24158645,100000,214,1,0.004935564007610083,OK,True,
bcftools-indexed,r05_region_sample_genotype_counts,w100000_13,chr1,24058646,24158645,100000,214,2,0.0053149317391216755,OK,True,
bcftools-indexed,r05_region_sample_genotype_counts,w100000_13,chr1,24058646,24158645,100000,214,3,0.00507707241922617,OK,True,
bcftools-indexed,r05_region_sample_genotype_counts,w100000_14,chr1,3105927,3205926,100000,226,1,0.0049692061729729176,OK,True,
bcftools-indexed,r05_region_sample_genotype_counts,w100000_14,chr1,3105927,3205926,100000,226,2,0.004941156599670649,OK,True,
bcftools-indexed,r05_region_sample_genotype_counts,w100000_14,chr1,3105927,3205926,100000,226,3,0.0053499191999435425,OK,True,
bcftools-indexed,r05_region_sample_genotype_counts,w100000_15,chr1,54865968,54965967,100000,181,1,0.004936672281473875,OK,True,
bcftools-indexed,r05_region_sample_genotype_counts,w100000_15,chr1,54865968,54965967,100000,181,2,0.004876960068941116,OK,True,
bcftools-indexed,r05_region_sample_genotype_counts,w100000_15,chr1,54865968,54965967,100000,181,3,0.005148305092006922,OK,True,
bcftools-indexed,r05_region_sample_genotype_counts,w100000_16,chr1,58852100,58952099,100000,79,1,0.005498792976140976,OK,True,
bcftools-indexed,r05_region_sample_genotype_counts,w100000_16,chr1,58852100,58952099,100000,79,2,0.004464487079530954,OK,True,
bcftools-indexed,r05_region_sample_genotype_counts,w100000_16,chr1,58852100,58952099,100000,79,3,0.004543650895357132,OK,True,
bcftools-indexed,r05_region_sample_genotype_counts,w100000_17,chr1,77570681,77670680,100000,81,1,0.004502585157752037,OK,True,
bcftools-indexed,r05_region_sample_genotype_counts,w100000_17,chr1,77570681,77670680,100000,81,2,0.004242692608386278,OK,True,
bcftools-indexed,r05_region_sample_genotype_counts,w100000_17,chr1,77570681,77670680,100000,81,3,0.004316770005971193,OK,True,
bcftools-indexed,r05_region_sample_genotype_counts,w100000_18,chr1,66388887,66488886,100000,196,1,0.004834835417568684,OK,True,
bcftools-indexed,r05_region_sample_genotype_counts,w100000_18,chr1,66388887,66488886,100000,196,2,0.004802444018423557,OK,True,
bcftools-indexed,r05_region_sample_genotype_counts,w100000_18,chr1,66388887,66488886,100000,196,3,0.004797813948243856,OK,True,
bcftools-indexed,r05_region_sample_genotype_counts,w100000_19,chr1,5319806,5419805,100000,87,1,0.004508367273956537,OK,True,
bcftools-indexed,r05_region_sample_genotype_counts,w100000_19,chr1,5319806,5419805,100000,87,2,0.004370526876300573,OK,True,
bcftools-indexed,r05_region_sample_genotype_counts,w100000_19,chr1,5319806,5419805,100000,87,3,0.005247910041362047,OK,True,
bcftools-indexed,r05_region_sample_genotype_counts,w1000000_00,chr1,42846822,43846821,1000000,1112,1,0.007814210839569569,OK,True,
bcftools-indexed,r05_region_sample_genotype_counts,w1000000_00,chr1,42846822,43846821,1000000,1112,2,0.007993274834007025,OK,True,
bcftools-indexed,r05_region_sample_genotype_counts,w1000000_00,chr1,42846822,43846821,1000000,1112,3,0.007721264380961657,OK,True,
bcftools-indexed,r05_region_sample_genotype_counts,w1000000_01,chr1,9034070,10034069,1000000,1143,1,0.008168207947164774,OK,True,
bcftools-indexed,r05_region_sample_genotype_counts,w1000000_01,chr1,9034070,10034069,1000000,1143,2,0.00795548316091299,OK,True,
bcftools-indexed,r05_region_sample_genotype_counts,w1000000_01,chr1,9034070,10034069,1000000,1143,3,0.008257413282990456,OK,True,
bcftools-indexed,r05_region_sample_genotype_counts,w1000000_02,chr1,54809885,55809884,1000000,1670,1,0.009978062007576227,OK,True,
bcftools-indexed,r05_region_sample_genotype_counts,w1000000_02,chr1,54809885,55809884,1000000,1670,2,0.010148970875889063,OK,True,
bcftools-indexed,r05_region_sample_genotype_counts,w1000000_02,chr1,54809885,55809884,1000000,1670,3,0.010117842815816402,OK,True,
bcftools-indexed,r05_region_sample_genotype_counts,w1000000_03,chr1,55795141,56795140,1000000,1824,1,0.010439546778798103,OK,True,
bcftools-indexed,r05_region_sample_genotype_counts,w1000000_03,chr1,55795141,56795140,1000000,1824,2,0.010339992120862007,OK,True,
bcftools-indexed,r05_region_sample_genotype_counts,w1000000_03,chr1,55795141,56795140,1000000,1824,3,0.010550117120146751,OK,True,
bcftools-indexed,r05_region_sample_genotype_counts,w1000000_04,chr1,11734309,12734308,1000000,950,1,0.009393706917762756,OK,True,
bcftools-indexed,r05_region_sample_genotype_counts,w1000000_04,chr1,11734309,12734308,1000000,950,2,0.007705826312303543,OK,True,
bcftools-indexed,r05_region_sample_genotype_counts,w1000000_04,chr1,11734309,12734308,1000000,950,3,0.007680821232497692,OK,True,
bcftools-indexed,r05_region_sample_genotype_counts,w1000000_05,chr1,28814643,29814642,1000000,1348,1,0.008663333021104336,OK,True,
bcftools-indexed,r05_region_sample_genotype_counts,w1000000_05,chr1,28814643,29814642,1000000,1348,2,0.0088895158842206,OK,True,
bcftools-indexed,r05_region_sample_genotype_counts,w1000000_05,chr1,28814643,29814642,1000000,1348,3,0.0089705646969378,OK,True,
bcftools-indexed,r05_region_sample_genotype_counts,w1000000_06,chr1,47354520,48354519,1000000,1253,1,0.00870038103312254,OK,True,
bcftools-indexed,r05_region_sample_genotype_counts,w1000000_06,chr1,47354520,48354519,1000000,1253,2,0.008795090019702911,OK,True,
bcftools-indexed,r05_region_sample_genotype_counts,w1000000_06,chr1,47354520,48354519,1000000,1253,3,0.00863052112981677,OK,True,
bcftools-indexed,r05_region_sample_genotype_counts,w1000000_07,chr1,35782931,36782930,1000000,868,1,0.007153832819312811,OK,True,
bcftools-indexed,r05_region_sample_genotype_counts,w1000000_07,chr1,35782931,36782930,1000000,868,2,0.006980343721807003,OK,True,
bcftools-indexed,r05_region_sample_genotype_counts,w1000000_07,chr1,35782931,36782930,1000000,868,3,0.007494800724089146,OK,True,
bcftools-indexed,r05_region_sample_genotype_counts,w1000000_08,chr1,5611726,6611725,1000000,1261,1,0.008681394159793854,OK,True,
bcftools-indexed,r05_region_sample_genotype_counts,w1000000_08,chr1,5611726,6611725,1000000,1261,2,0.008803623262792826,OK,True,
bcftools-indexed,r05_region_sample_genotype_counts,w1000000_08,chr1,5611726,6611725,1000000,1261,3,0.008701491169631481,OK,True,
bcftools-indexed,r05_region_sample_genotype_counts,w1000000_09,chr1,17930348,18930347,1000000,1491,1,0.009508330840617418,OK,True,
bcftools-indexed,r05_region_sample_genotype_counts,w1000000_09,chr1,17930348,18930347,1000000,1491,2,0.009365236386656761,OK,True,
bcftools-indexed,r05_region_sample_genotype_counts,w1000000_09,chr1,17930348,18930347,1000000,1491,3,0.00949775893241167,OK,True,
bcftools-indexed,r05_region_sample_genotype_counts,w1000000_10,chr1,58656617,59656616,1000000,1262,1,0.008874651044607162,OK,True,
bcftools-indexed,r05_region_sample_genotype_counts,w1000000_10,chr1,58656617,59656616,1000000,1262,2,0.009029318112879992,OK,True,
bcftools-indexed,r05_region_sample_genotype_counts,w1000000_10,chr1,58656617,59656616,1000000,1262,3,0.0087311752140522,OK,True,
bcftools-indexed,r05_region_sample_genotype_counts,w1000000_11,chr1,20579658,21579657,1000000,1246,1,0.00881084706634283,OK,True,
bcftools-indexed,r05_region_sample_genotype_counts,w1000000_11,chr1,20579658,21579657,1000000,1246,2,0.009885900653898716,OK,True,
bcftools-indexed,r05_region_sample_genotype_counts,w1000000_11,chr1,20579658,21579657,1000000,1246,3,0.009103541728109121,OK,True,
bcftools-indexed,r05_region_sample_genotype_counts,w1000000_12,chr1,66774094,67774093,1000000,1548,1,0.010180290788412094,OK,True,
bcftools-indexed,r05_region_sample_genotype_counts,w1000000_12,chr1,66774094,67774093,1000000,1548,2,0.009841141756623983,OK,True,
bcftools-indexed,r05_region_sample_genotype_counts,w1000000_12,chr1,66774094,67774093,1000000,1548,3,0.009834975935518742,OK,True,
bcftools-indexed,r05_region_sample_genotype_counts,w1000000_13,chr1,53330427,54330426,1000000,1337,1,0.009209475945681334,OK,True,
bcftools-indexed,r05_region_sample_genotype_counts,w1000000_13,chr1,53330427,54330426,1000000,1337,2,0.00885095028206706,OK,True,
bcftools-indexed,r05_region_sample_genotype_counts,w1000000_13,chr1,53330427,54330426,1000000,1337,3,0.008826596196740866,OK,True,
bcftools-indexed,r05_region_sample_genotype_counts,w1000000_14,chr1,34457222,35457221,1000000,1194,1,0.008370786905288696,OK,True,
bcftools-indexed,r05_region_sample_genotype_counts,w1000000_14,chr1,34457222,35457221,1000000,1194,2,0.009044674225151539,OK,True,
bcftools-indexed,r05_region_sample_genotype_counts,w1000000_14,chr1,34457222,35457221,1000000,1194,3,0.008527148980647326,OK,True,
bcftools-indexed,r05_region_sample_genotype_counts,w1000000_15,chr1,6173132,7173131,1000000,906,1,0.0073201898485422134,OK,True,
bcftools-indexed,r05_region_sample_genotype_counts,w1000000_15,chr1,6173132,7173131,1000000,906,2,0.007462851703166962,OK,True,
bcftools-indexed,r05_region_sample_genotype_counts,w1000000_15,chr1,6173132,7173131,1000000,906,3,0.007427119184285402,OK,True,
bcftools-indexed,r05_region_sample_genotype_counts,w1000000_16,chr1,34054184,35054183,1000000,1668,1,0.010365064721554518,OK,True,
bcftools-indexed,r05_region_sample_genotype_counts,w1000000_16,chr1,34054184,35054183,1000000,1668,2,0.010498017072677612,OK,True,
bcftools-indexed,r05_region_sample_genotype_counts,w1000000_16,chr1,34054184,35054183,1000000,1668,3,0.01413802383467555,OK,True,
bcftools-indexed,r05_region_sample_genotype_counts,w1000000_17,chr1,15193776,16193775,1000000,1521,1,0.010506049264222383,OK,True,
bcftools-indexed,r05_region_sample_genotype_counts,w1000000_17,chr1,15193776,16193775,1000000,1521,2,0.00984044698998332,OK,True,
bcftools-indexed,r05_region_sample_genotype_counts,w1000000_17,chr1,15193776,16193775,1000000,1521,3,0.00972664775326848,OK,True,
bcftools-indexed,r05_region_sample_genotype_counts,w1000000_18,chr1,43583485,44583484,1000000,1108,1,0.008136358112096786,OK,True,
bcftools-indexed,r05_region_sample_genotype_counts,w1000000_18,chr1,43583485,44583484,1000000,1108,2,0.007894622627645731,OK,True,
bcftools-indexed,r05_region_sample_genotype_counts,w1000000_18,chr1,43583485,44583484,1000000,1108,3,0.008443483151495457,OK,True,
bcftools-indexed,r05_region_sample_genotype_counts,w1000000_19,chr1,58570714,59570713,1000000,1451,1,0.00941028306260705,OK,True,
bcftools-indexed,r05_region_sample_genotype_counts,w1000000_19,chr1,58570714,59570713,1000000,1451,2,0.009391514118760824,OK,True,
bcftools-indexed,r05_region_sample_genotype_counts,w1000000_19,chr1,58570714,59570713,1000000,1451,3,0.009442992974072695,OK,True,
bcftools-indexed,r05_region_sample_genotype_counts,w10000000_00,chr1,36023355,46023354,10000000,11510,1,0.044573341961950064,OK,True,
bcftools-indexed,r05_region_sample_genotype_counts,w10000000_00,chr1,36023355,46023354,10000000,11510,2,0.043825224973261356,OK,True,
bcftools-indexed,r05_region_sample_genotype_counts,w10000000_00,chr1,36023355,46023354,10000000,11510,3,0.0439990540035069,OK,True,
bcftools-indexed,r05_region_sample_genotype_counts,w10000000_01,chr1,57527385,67527384,10000000,14820,1,0.05664811795577407,OK,True,
bcftools-indexed,r05_region_sample_genotype_counts,w10000000_01,chr1,57527385,67527384,10000000,14820,2,0.05954418424516916,OK,True,
bcftools-indexed,r05_region_sample_genotype_counts,w10000000_01,chr1,57527385,67527384,10000000,14820,3,0.05412558512762189,OK,True,
bcftools-indexed,r05_region_sample_genotype_counts,w10000000_02,chr1,63680811,73680810,10000000,13676,1,0.051215020939707756,OK,True,
bcftools-indexed,r05_region_sample_genotype_counts,w10000000_02,chr1,63680811,73680810,10000000,13676,2,0.050924836192280054,OK,True,
bcftools-indexed,r05_region_sample_genotype_counts,w10000000_02,chr1,63680811,73680810,10000000,13676,3,0.05142067791894078,OK,True,
bcftools-indexed,r05_region_sample_genotype_counts,w10000000_03,chr1,53679378,63679377,10000000,14787,1,0.05514058796688914,OK,True,
bcftools-indexed,r05_region_sample_genotype_counts,w10000000_03,chr1,53679378,63679377,10000000,14787,2,0.05492880567908287,OK,True,
bcftools-indexed,r05_region_sample_genotype_counts,w10000000_03,chr1,53679378,63679377,10000000,14787,3,0.054711935110390186,OK,True,
bcftools-indexed,r05_region_sample_genotype_counts,w10000000_04,chr1,60690498,70690497,10000000,14398,1,0.05380219081416726,OK,True,
bcftools-indexed,r05_region_sample_genotype_counts,w10000000_04,chr1,60690498,70690497,10000000,14398,2,0.05351123679429293,OK,True,
bcftools-indexed,r05_region_sample_genotype_counts,w10000000_04,chr1,60690498,70690497,10000000,14398,3,0.05356474593281746,OK,True,
bcftools-indexed,r05_region_sample_genotype_counts,w10000000_05,chr1,47428546,57428545,10000000,11289,1,0.0447193318977952,OK,True,
bcftools-indexed,r05_region_sample_genotype_counts,w10000000_05,chr1,47428546,57428545,10000000,11289,2,0.042517985217273235,OK,True,
bcftools-indexed,r05_region_sample_genotype_counts,w10000000_05,chr1,47428546,57428545,10000000,11289,3,0.04322605486959219,OK,True,
bcftools-indexed,r05_region_sample_genotype_counts,w10000000_06,chr1,22030736,32030735,10000000,12991,1,0.05026296200230718,OK,True,
bcftools-indexed,r05_region_sample_genotype_counts,w10000000_06,chr1,22030736,32030735,10000000,12991,2,0.04871845291927457,OK,True,
bcftools-indexed,r05_region_sample_genotype_counts,w10000000_06,chr1,22030736,32030735,10000000,12991,3,0.04917422495782375,OK,True,
bcftools-indexed,r05_region_sample_genotype_counts,w10000000_07,chr1,34252401,44252400,10000000,11717,1,0.044279674999415874,OK,True,
bcftools-indexed,r05_region_sample_genotype_counts,w10000000_07,chr1,34252401,44252400,10000000,11717,2,0.044541541021317244,OK,True,
bcftools-indexed,r05_region_sample_genotype_counts,w10000000_07,chr1,34252401,44252400,10000000,11717,3,0.04356608912348747,OK,True,
bcftools-indexed,r05_region_sample_genotype_counts,w10000000_08,chr1,58528508,68528507,10000000,14502,1,0.05349806323647499,OK,True,
bcftools-indexed,r05_region_sample_genotype_counts,w10000000_08,chr1,58528508,68528507,10000000,14502,2,0.0536295878700912,OK,True,
bcftools-indexed,r05_region_sample_genotype_counts,w10000000_08,chr1,58528508,68528507,10000000,14502,3,0.05489192809909582,OK,True,
bcftools-indexed,r05_region_sample_genotype_counts,w10000000_09,chr1,51917411,61917410,10000000,13900,1,0.05137796001508832,OK,True,
bcftools-indexed,r05_region_sample_genotype_counts,w10000000_09,chr1,51917411,61917410,10000000,13900,2,0.05196399986743927,OK,True,
bcftools-indexed,r05_region_sample_genotype_counts,w10000000_09,chr1,51917411,61917410,10000000,13900,3,0.05095335701480508,OK,True,
bcftools-indexed,r05_region_sample_genotype_counts,w10000000_10,chr1,17106918,27106917,10000000,14199,1,0.052154159639030695,OK,True,
bcftools-indexed,r05_region_sample_genotype_counts,w10000000_10,chr1,17106918,27106917,10000000,14199,2,0.05249597504734993,OK,True,
bcftools-indexed,r05_region_sample_genotype_counts,w10000000_10,chr1,17106918,27106917,10000000,14199,3,0.052076033782213926,OK,True,
bcftools-indexed,r05_region_sample_genotype_counts,w10000000_11,chr1,43275553,53275552,10000000,9415,1,0.03626466169953346,OK,True,
bcftools-indexed,r05_region_sample_genotype_counts,w10000000_11,chr1,43275553,53275552,10000000,9415,2,0.0383131830021739,OK,True,
bcftools-indexed,r05_region_sample_genotype_counts,w10000000_11,chr1,43275553,53275552,10000000,9415,3,0.0368852112442255,OK,True,
bcftools-indexed,r05_region_sample_genotype_counts,w10000000_12,chr1,75394691,85394690,10000000,3288,1,0.01595589006319642,OK,True,
bcftools-indexed,r05_region_sample_genotype_counts,w10000000_12,chr1,75394691,85394690,10000000,3288,2,0.016055596061050892,OK,True,
bcftools-indexed,r05_region_sample_genotype_counts,w10000000_12,chr1,75394691,85394690,10000000,3288,3,0.015780082903802395,OK,True,
bcftools-indexed,r05_region_sample_genotype_counts,w10000000_13,chr1,40866716,50866715,10000000,10786,1,0.04158638324588537,OK,True,
bcftools-indexed,r05_region_sample_genotype_counts,w10000000_13,chr1,40866716,50866715,10000000,10786,2,0.041030460968613625,OK,True,
bcftools-indexed,r05_region_sample_genotype_counts,w10000000_13,chr1,40866716,50866715,10000000,10786,3,0.04114294610917568,OK,True,
bcftools-indexed,r05_region_sample_genotype_counts,w10000000_14,chr1,54182280,64182279,10000000,14941,1,0.05467123677954078,OK,True,
bcftools-indexed,r05_region_sample_genotype_counts,w10000000_14,chr1,54182280,64182279,10000000,14941,2,0.0548891918733716,OK,True,
bcftools-indexed,r05_region_sample_genotype_counts,w10000000_14,chr1,54182280,64182279,10000000,14941,3,0.05499550420790911,OK,True,
bcftools-indexed,r05_region_sample_genotype_counts,w10000000_15,chr1,22053178,32053177,10000000,12910,1,0.04806202743202448,OK,True,
bcftools-indexed,r05_region_sample_genotype_counts,w10000000_15,chr1,22053178,32053177,10000000,12910,2,0.04801126103848219,OK,True,
bcftools-indexed,r05_region_sample_genotype_counts,w10000000_15,chr1,22053178,32053177,10000000,12910,3,0.0479354471899569,OK,True,
bcftools-indexed,r05_region_sample_genotype_counts,w10000000_16,chr1,65680356,75680355,10000000,13295,1,0.04934697179123759,OK,True,
bcftools-indexed,r05_region_sample_genotype_counts,w10000000_16,chr1,65680356,75680355,10000000,13295,2,0.04984621610492468,OK,True,
bcftools-indexed,r05_region_sample_genotype_counts,w10000000_16,chr1,65680356,75680355,10000000,13295,3,0.04925866890698671,OK,True,
bcftools-indexed,r05_region_sample_genotype_counts,w10000000_17,chr1,30270070,40270069,10000000,12583,1,0.04733391897752881,OK,True,
bcftools-indexed,r05_region_sample_genotype_counts,w10000000_17,chr1,30270070,40270069,10000000,12583,2,0.04670523572713137,OK,True,
bcftools-indexed,r05_region_sample_genotype_counts,w10000000_17,chr1,30270070,40270069,10000000,12583,3,0.04719780292361975,OK,True,
bcftools-indexed,r05_region_sample_genotype_counts,w10000000_18,chr1,42283662,52283661,10000000,9628,1,0.03715348709374666,OK,True,
bcftools-indexed,r05_region_sample_genotype_counts,w10000000_18,chr1,42283662,52283661,10000000,9628,2,0.03741086320951581,OK,True,
bcftools-indexed,r05_region_sample_genotype_counts,w10000000_18,chr1,42283662,52283661,10000000,9628,3,0.03739655390381813,OK,True,
bcftools-indexed,r05_region_sample_genotype_counts,w10000000_19,chr1,61622305,71622304,10000000,14407,1,0.053179488983005285,OK,True,
bcftools-indexed,r05_region_sample_genotype_counts,w10000000_19,chr1,61622305,71622304,10000000,14407,2,0.05292672384530306,OK,True,
bcftools-indexed,r05_region_sample_genotype_counts,w10000000_19,chr1,61622305,71622304,10000000,14407,3,0.053596293088048697,OK,True,
qlever,r01_region_record_count,w1000_00,chr1,23894831,23895830,1000,10,1,1.6904205600731075,OK,True,
qlever,r01_region_record_count,w1000_00,chr1,23894831,23895830,1000,10,2,0.003002393990755081,OK,True,
qlever,r01_region_record_count,w1000_00,chr1,23894831,23895830,1000,10,3,0.002651370596140623,OK,True,
qlever,r01_region_record_count,w1000_01,chr1,37268328,37269327,1000,1,1,0.009288104716688395,OK,True,
qlever,r01_region_record_count,w1000_01,chr1,37268328,37269327,1000,1,2,0.002690155990421772,OK,True,
qlever,r01_region_record_count,w1000_01,chr1,37268328,37269327,1000,1,3,0.002432147040963173,OK,True,
qlever,r01_region_record_count,w1000_02,chr1,42471294,42472293,1000,2,1,0.010170548688620329,OK,True,
qlever,r01_region_record_count,w1000_02,chr1,42471294,42472293,1000,2,2,0.0028816466219723225,OK,True,
qlever,r01_region_record_count,w1000_02,chr1,42471294,42472293,1000,2,3,0.0024108877405524254,OK,True,
qlever,r01_region_record_count,w1000_03,chr1,19972624,19973623,1000,4,1,0.01024835230782628,OK,True,
qlever,r01_region_record_count,w1000_03,chr1,19972624,19973623,1000,4,2,0.002908130642026663,OK,True,
qlever,r01_region_record_count,w1000_03,chr1,19972624,19973623,1000,4,3,0.0024984763003885746,OK,True,
qlever,r01_region_record_count,w1000_04,chr1,65925426,65926425,1000,2,1,0.009710527025163174,OK,True,
qlever,r01_region_record_count,w1000_04,chr1,65925426,65926425,1000,2,2,0.0025416440330445766,OK,True,
qlever,r01_region_record_count,w1000_04,chr1,65925426,65926425,1000,2,3,0.0023431293666362762,OK,True,
qlever,r01_region_record_count,w1000_05,chr1,54878472,54879471,1000,2,1,0.008954482153058052,OK,True,
qlever,r01_region_record_count,w1000_05,chr1,54878472,54879471,1000,2,2,0.002501533832401037,OK,True,
qlever,r01_region_record_count,w1000_05,chr1,54878472,54879471,1000,2,3,0.0024604778736829758,OK,True,
qlever,r01_region_record_count,w1000_06,chr1,54724268,54725267,1000,9,1,0.009677278809249401,OK,True,
qlever,r01_region_record_count,w1000_06,chr1,54724268,54725267,1000,9,2,0.0027103289030492306,OK,True,
qlever,r01_region_record_count,w1000_06,chr1,54724268,54725267,1000,9,3,0.0023565120063722134,OK,True,
qlever,r01_region_record_count,w1000_07,chr1,50226603,50227602,1000,3,1,0.009146593045443296,OK,True,
qlever,r01_region_record_count,w1000_07,chr1,50226603,50227602,1000,3,2,0.002633635886013508,OK,True,
qlever,r01_region_record_count,w1000_07,chr1,50226603,50227602,1000,3,3,0.0023317881859838963,OK,True,
qlever,r01_region_record_count,w1000_08,chr1,5558122,5559121,1000,2,1,0.009396425914019346,OK,True,
qlever,r01_region_record_count,w1000_08,chr1,5558122,5559121,1000,2,2,0.0031836479902267456,OK,True,
qlever,r01_region_record_count,w1000_08,chr1,5558122,5559121,1000,2,3,0.0027690427377820015,OK,True,
qlever,r01_region_record_count,w1000_09,chr1,21979241,21980240,1000,15,1,0.009293459821492434,OK,True,
qlever,r01_region_record_count,w1000_09,chr1,21979241,21980240,1000,15,2,0.002563831862062216,OK,True,
qlever,r01_region_record_count,w1000_09,chr1,21979241,21980240,1000,15,3,0.0024080872535705566,OK,True,
qlever,r01_region_record_count,w1000_10,chr1,58250107,58251106,1000,2,1,0.008915876969695091,OK,True,
qlever,r01_region_record_count,w1000_10,chr1,58250107,58251106,1000,2,2,0.0025426018983125687,OK,True,
qlever,r01_region_record_count,w1000_10,chr1,58250107,58251106,1000,2,3,0.002386156003922224,OK,True,
qlever,r01_region_record_count,w1000_11,chr1,33820268,33821267,1000,1,1,0.009450406301766634,OK,True,
qlever,r01_region_record_count,w1000_11,chr1,33820268,33821267,1000,1,2,0.0028768707998096943,OK,True,
qlever,r01_region_record_count,w1000_11,chr1,33820268,33821267,1000,1,3,0.0024027214385569096,OK,True,
qlever,r01_region_record_count,w1000_12,chr1,74268898,74269897,1000,4,1,0.009861681144684553,OK,True,
qlever,r01_region_record_count,w1000_12,chr1,74268898,74269897,1000,4,2,0.002741959411650896,OK,True,
qlever,r01_region_record_count,w1000_12,chr1,74268898,74269897,1000,4,3,0.0025332430377602577,OK,True,
qlever,r01_region_record_count,w1000_13,chr1,58011340,58012339,1000,3,1,0.009499494917690754,OK,True,
qlever,r01_region_record_count,w1000_13,chr1,58011340,58012339,1000,3,2,0.002656328957527876,OK,True,
qlever,r01_region_record_count,w1000_13,chr1,58011340,58012339,1000,3,3,0.0022719940170645714,OK,True,
qlever,r01_region_record_count,w1000_14,chr1,55322618,55323617,1000,2,1,0.009187180083245039,OK,True,
qlever,r01_region_record_count,w1000_14,chr1,55322618,55323617,1000,2,2,0.002660835161805153,OK,True,
qlever,r01_region_record_count,w1000_14,chr1,55322618,55323617,1000,2,3,0.002427252009510994,OK,True,
qlever,r01_region_record_count,w1000_15,chr1,58597811,58598810,1000,2,1,0.009058244992047548,OK,True,
qlever,r01_region_record_count,w1000_15,chr1,58597811,58598810,1000,2,2,0.002795509062707424,OK,True,
qlever,r01_region_record_count,w1000_15,chr1,58597811,58598810,1000,2,3,0.002500982955098152,OK,True,
qlever,r01_region_record_count,w1000_16,chr1,61942877,61943876,1000,1,1,0.009036208037286997,OK,True,
qlever,r01_region_record_count,w1000_16,chr1,61942877,61943876,1000,1,2,0.0025764652527868748,OK,True,
qlever,r01_region_record_count,w1000_16,chr1,61942877,61943876,1000,1,3,0.0024699149653315544,OK,True,
qlever,r01_region_record_count,w1000_17,chr1,74952903,74953902,1000,2,1,0.010036102961748838,OK,True,
qlever,r01_region_record_count,w1000_17,chr1,74952903,74953902,1000,2,2,0.0025379247963428497,OK,True,
qlever,r01_region_record_count,w1000_17,chr1,74952903,74953902,1000,2,3,0.0023260503076016903,OK,True,
qlever,r01_region_record_count,w1000_18,chr1,10920022,10921021,1000,7,1,0.009275767020881176,OK,True,
qlever,r01_region_record_count,w1000_18,chr1,10920022,10921021,1000,7,2,0.0027353577315807343,OK,True,
qlever,r01_region_record_count,w1000_18,chr1,10920022,10921021,1000,7,3,0.00239653792232275,OK,True,
qlever,r01_region_record_count,w1000_19,chr1,54064366,54065365,1000,1,1,0.009164098184555769,OK,True,
qlever,r01_region_record_count,w1000_19,chr1,54064366,54065365,1000,1,2,0.002598145976662636,OK,True,
qlever,r01_region_record_count,w1000_19,chr1,54064366,54065365,1000,1,3,0.002518567256629467,OK,True,
qlever,r01_region_record_count,w100000_00,chr1,76042312,76142311,100000,132,1,0.009256319142878056,OK,True,
qlever,r01_region_record_count,w100000_00,chr1,76042312,76142311,100000,132,2,0.002504980191588402,OK,True,
qlever,r01_region_record_count,w100000_00,chr1,76042312,76142311,100000,132,3,0.002367801032960415,OK,True,
qlever,r01_region_record_count,w100000_01,chr1,26177705,26277704,100000,141,1,0.010221725795418024,OK,True,
qlever,r01_region_record_count,w100000_01,chr1,26177705,26277704,100000,141,2,0.002637815196067095,OK,True,
qlever,r01_region_record_count,w100000_01,chr1,26177705,26277704,100000,141,3,0.0024615521542727947,OK,True,
qlever,r01_region_record_count,w100000_02,chr1,76668322,76768321,100000,131,1,0.009180963970720768,OK,True,
qlever,r01_region_record_count,w100000_02,chr1,76668322,76768321,100000,131,2,0.0027275062166154385,OK,True,
qlever,r01_region_record_count,w100000_02,chr1,76668322,76768321,100000,131,3,0.0023991181515157223,OK,True,
qlever,r01_region_record_count,w100000_03,chr1,64797067,64897066,100000,153,1,0.009137753397226334,OK,True,
qlever,r01_region_record_count,w100000_03,chr1,64797067,64897066,100000,153,2,0.002592189237475395,OK,True,
qlever,r01_region_record_count,w100000_03,chr1,64797067,64897066,100000,153,3,0.002538653090596199,OK,True,
qlever,r01_region_record_count,w100000_04,chr1,66848110,66948109,100000,83,1,0.008957621175795794,OK,True,
qlever,r01_region_record_count,w100000_04,chr1,66848110,66948109,100000,83,2,0.0026140990667045116,OK,True,
qlever,r01_region_record_count,w100000_04,chr1,66848110,66948109,100000,83,3,0.002671447116881609,OK,True,
qlever,r01_region_record_count,w100000_05,chr1,58175965,58275964,100000,181,1,0.009500327985733747,OK,True,
qlever,r01_region_record_count,w100000_05,chr1,58175965,58275964,100000,181,2,0.002691966015845537,OK,True,
qlever,r01_region_record_count,w100000_05,chr1,58175965,58275964,100000,181,3,0.002311425283551216,OK,True,
qlever,r01_region_record_count,w100000_06,chr1,41567443,41667442,100000,142,1,0.008818148169666529,OK,True,
qlever,r01_region_record_count,w100000_06,chr1,41567443,41667442,100000,142,2,0.0024562817998230457,OK,True,
qlever,r01_region_record_count,w100000_06,chr1,41567443,41667442,100000,142,3,0.002337606158107519,OK,True,
qlever,r01_region_record_count,w100000_07,chr1,23625875,23725874,100000,143,1,0.009239899925887585,OK,True,
qlever,r01_region_record_count,w100000_07,chr1,23625875,23725874,100000,143,2,0.002855828031897545,OK,True,
qlever,r01_region_record_count,w100000_07,chr1,23625875,23725874,100000,143,3,0.002510892227292061,OK,True,
qlever,r01_region_record_count,w100000_08,chr1,69897964,69997963,100000,77,1,0.009362459182739258,OK,True,
qlever,r01_region_record_count,w100000_08,chr1,69897964,69997963,100000,77,2,0.003183090128004551,OK,True,
qlever,r01_region_record_count,w100000_08,chr1,69897964,69997963,100000,77,3,0.0026973378844559193,OK,True,
qlever,r01_region_record_count,w100000_09,chr1,63664508,63764507,100000,287,1,0.010175307281315327,OK,True,
qlever,r01_region_record_count,w100000_09,chr1,63664508,63764507,100000,287,2,0.0027777249924838543,OK,True,
qlever,r01_region_record_count,w100000_09,chr1,63664508,63764507,100000,287,3,0.002492518164217472,OK,True,
qlever,r01_region_record_count,w100000_10,chr1,15518874,15618873,100000,146,1,0.010140843689441681,OK,True,
qlever,r01_region_record_count,w100000_10,chr1,15518874,15618873,100000,146,2,0.0028892140835523605,OK,True,
qlever,r01_region_record_count,w100000_10,chr1,15518874,15618873,100000,146,3,0.002851505298167467,OK,True,
qlever,r01_region_record_count,w100000_11,chr1,23996836,24096835,100000,343,1,0.009572924580425024,OK,True,
qlever,r01_region_record_count,w100000_11,chr1,23996836,24096835,100000,343,2,0.002690665889531374,OK,True,
qlever,r01_region_record_count,w100000_11,chr1,23996836,24096835,100000,343,3,0.0023982501588761806,OK,True,
qlever,r01_region_record_count,w100000_12,chr1,56566795,56666794,100000,139,1,0.009015364106744528,OK,True,
qlever,r01_region_record_count,w100000_12,chr1,56566795,56666794,100000,139,2,0.0024114646948873997,OK,True,
qlever,r01_region_record_count,w100000_12,chr1,56566795,56666794,100000,139,3,0.0024302443489432335,OK,True,
qlever,r01_region_record_count,w100000_13,chr1,24058646,24158645,100000,214,1,0.009482171852141619,OK,True,
qlever,r01_region_record_count,w100000_13,chr1,24058646,24158645,100000,214,2,0.0026980279944837093,OK,True,
qlever,r01_region_record_count,w100000_13,chr1,24058646,24158645,100000,214,3,0.002367217093706131,OK,True,
qlever,r01_region_record_count,w100000_14,chr1,3105927,3205926,100000,226,1,0.009572424925863743,OK,True,
qlever,r01_region_record_count,w100000_14,chr1,3105927,3205926,100000,226,2,0.0026056841015815735,OK,True,
qlever,r01_region_record_count,w100000_14,chr1,3105927,3205926,100000,226,3,0.0025933929719030857,OK,True,
qlever,r01_region_record_count,w100000_15,chr1,54865968,54965967,100000,181,1,0.009086356963962317,OK,True,
qlever,r01_region_record_count,w100000_15,chr1,54865968,54965967,100000,181,2,0.0026362119242548943,OK,True,
qlever,r01_region_record_count,w100000_15,chr1,54865968,54965967,100000,181,3,0.0025622001849114895,OK,True,
qlever,r01_region_record_count,w100000_16,chr1,58852100,58952099,100000,79,1,0.009402485098689795,OK,True,
qlever,r01_region_record_count,w100000_16,chr1,58852100,58952099,100000,79,2,0.0026751658879220486,OK,True,
qlever,r01_region_record_count,w100000_16,chr1,58852100,58952099,100000,79,3,0.0024989908561110497,OK,True,
qlever,r01_region_record_count,w100000_17,chr1,77570681,77670680,100000,81,1,0.009425945580005646,OK,True,
qlever,r01_region_record_count,w100000_17,chr1,77570681,77670680,100000,81,2,0.0030909706838428974,OK,True,
qlever,r01_region_record_count,w100000_17,chr1,77570681,77670680,100000,81,3,0.002771036233752966,OK,True,
qlever,r01_region_record_count,w100000_18,chr1,66388887,66488886,100000,196,1,0.009986500721424818,OK,True,
qlever,r01_region_record_count,w100000_18,chr1,66388887,66488886,100000,196,2,0.002973305992782116,OK,True,
qlever,r01_region_record_count,w100000_18,chr1,66388887,66488886,100000,196,3,0.002688523381948471,OK,True,
qlever,r01_region_record_count,w100000_19,chr1,5319806,5419805,100000,87,1,0.009558260906487703,OK,True,
qlever,r01_region_record_count,w100000_19,chr1,5319806,5419805,100000,87,2,0.002904812805354595,OK,True,
qlever,r01_region_record_count,w100000_19,chr1,5319806,5419805,100000,87,3,0.003051924053579569,OK,True,
qlever,r01_region_record_count,w1000000_00,chr1,42846822,43846821,1000000,1112,1,0.009767680894583464,OK,True,
qlever,r01_region_record_count,w1000000_00,chr1,42846822,43846821,1000000,1112,2,0.0028852601535618305,OK,True,
qlever,r01_region_record_count,w1000000_00,chr1,42846822,43846821,1000000,1112,3,0.002658735029399395,OK,True,
qlever,r01_region_record_count,w1000000_01,chr1,9034070,10034069,1000000,1143,1,0.009988187346607447,OK,True,
qlever,r01_region_record_count,w1000000_01,chr1,9034070,10034069,1000000,1143,2,0.0029727211222052574,OK,True,
qlever,r01_region_record_count,w1000000_01,chr1,9034070,10034069,1000000,1143,3,0.0025864331983029842,OK,True,
qlever,r01_region_record_count,w1000000_02,chr1,54809885,55809884,1000000,1670,1,0.009924670215696096,OK,True,
qlever,r01_region_record_count,w1000000_02,chr1,54809885,55809884,1000000,1670,2,0.003104552160948515,OK,True,
qlever,r01_region_record_count,w1000000_02,chr1,54809885,55809884,1000000,1670,3,0.002612282056361437,OK,True,
qlever,r01_region_record_count,w1000000_03,chr1,55795141,56795140,1000000,1824,1,0.009643626864999533,OK,True,
qlever,r01_region_record_count,w1000000_03,chr1,55795141,56795140,1000000,1824,2,0.0026635550893843174,OK,True,
qlever,r01_region_record_count,w1000000_03,chr1,55795141,56795140,1000000,1824,3,0.002289536874741316,OK,True,
qlever,r01_region_record_count,w1000000_04,chr1,11734309,12734308,1000000,950,1,0.009909643791615963,OK,True,
qlever,r01_region_record_count,w1000000_04,chr1,11734309,12734308,1000000,950,2,0.0027724839746952057,OK,True,
qlever,r01_region_record_count,w1000000_04,chr1,11734309,12734308,1000000,950,3,0.002383996732532978,OK,True,
qlever,r01_region_record_count,w1000000_05,chr1,28814643,29814642,1000000,1348,1,0.00955209694802761,OK,True,
qlever,r01_region_record_count,w1000000_05,chr1,28814643,29814642,1000000,1348,2,0.0024254550226032734,OK,True,
qlever,r01_region_record_count,w1000000_05,chr1,28814643,29814642,1000000,1348,3,0.0023195366375148296,OK,True,
qlever,r01_region_record_count,w1000000_06,chr1,47354520,48354519,1000000,1253,1,0.009402712807059288,OK,True,
qlever,r01_region_record_count,w1000000_06,chr1,47354520,48354519,1000000,1253,2,0.0025896341539919376,OK,True,
qlever,r01_region_record_count,w1000000_06,chr1,47354520,48354519,1000000,1253,3,0.002461787313222885,OK,True,
qlever,r01_region_record_count,w1000000_07,chr1,35782931,36782930,1000000,868,1,0.009744692128151655,OK,True,
qlever,r01_region_record_count,w1000000_07,chr1,35782931,36782930,1000000,868,2,0.0027608610689640045,OK,True,
qlever,r01_region_record_count,w1000000_07,chr1,35782931,36782930,1000000,868,3,0.0025447350926697254,OK,True,
qlever,r01_region_record_count,w1000000_08,chr1,5611726,6611725,1000000,1261,1,0.009467401076108217,OK,True,
qlever,r01_region_record_count,w1000000_08,chr1,5611726,6611725,1000000,1261,2,0.0027935965918004513,OK,True,
qlever,r01_region_record_count,w1000000_08,chr1,5611726,6611725,1000000,1261,3,0.0025578667409718037,OK,True,
qlever,r01_region_record_count,w1000000_09,chr1,17930348,18930347,1000000,1491,1,0.010083814151585102,OK,True,
qlever,r01_region_record_count,w1000000_09,chr1,17930348,18930347,1000000,1491,2,0.0030071516521275043,OK,True,
qlever,r01_region_record_count,w1000000_09,chr1,17930348,18930347,1000000,1491,3,0.0027992739342153072,OK,True,
qlever,r01_region_record_count,w1000000_10,chr1,58656617,59656616,1000000,1262,1,0.009967908263206482,OK,True,
qlever,r01_region_record_count,w1000000_10,chr1,58656617,59656616,1000000,1262,2,0.0033221831545233727,OK,True,
qlever,r01_region_record_count,w1000000_10,chr1,58656617,59656616,1000000,1262,3,0.0029355548322200775,OK,True,
qlever,r01_region_record_count,w1000000_11,chr1,20579658,21579657,1000000,1246,1,0.010008333716541529,OK,True,
qlever,r01_region_record_count,w1000000_11,chr1,20579658,21579657,1000000,1246,2,0.0028470088727772236,OK,True,
qlever,r01_region_record_count,w1000000_11,chr1,20579658,21579657,1000000,1246,3,0.002534239087253809,OK,True,
qlever,r01_region_record_count,w1000000_12,chr1,66774094,67774093,1000000,1548,1,0.009622517973184586,OK,True,
qlever,r01_region_record_count,w1000000_12,chr1,66774094,67774093,1000000,1548,2,0.002669556997716427,OK,True,
qlever,r01_region_record_count,w1000000_12,chr1,66774094,67774093,1000000,1548,3,0.00248361611738801,OK,True,
qlever,r01_region_record_count,w1000000_13,chr1,53330427,54330426,1000000,1337,1,0.009336346760392189,OK,True,
qlever,r01_region_record_count,w1000000_13,chr1,53330427,54330426,1000000,1337,2,0.002732032909989357,OK,True,
qlever,r01_region_record_count,w1000000_13,chr1,53330427,54330426,1000000,1337,3,0.002431100234389305,OK,True,
qlever,r01_region_record_count,w1000000_14,chr1,34457222,35457221,1000000,1194,1,0.009946148842573166,OK,True,
qlever,r01_region_record_count,w1000000_14,chr1,34457222,35457221,1000000,1194,2,0.0027972841635346413,OK,True,
qlever,r01_region_record_count,w1000000_14,chr1,34457222,35457221,1000000,1194,3,0.002453379798680544,OK,True,
qlever,r01_region_record_count,w1000000_15,chr1,6173132,7173131,1000000,906,1,0.009733129758387804,OK,True,
qlever,r01_region_record_count,w1000000_15,chr1,6173132,7173131,1000000,906,2,0.002848341129720211,OK,True,
qlever,r01_region_record_count,w1000000_15,chr1,6173132,7173131,1000000,906,3,0.0026010586880147457,OK,True,
qlever,r01_region_record_count,w1000000_16,chr1,34054184,35054183,1000000,1668,1,0.009539996273815632,OK,True,
qlever,r01_region_record_count,w1000000_16,chr1,34054184,35054183,1000000,1668,2,0.0027571022510528564,OK,True,
qlever,r01_region_record_count,w1000000_16,chr1,34054184,35054183,1000000,1668,3,0.0023649800568819046,OK,True,
qlever,r01_region_record_count,w1000000_17,chr1,15193776,16193775,1000000,1521,1,0.009400915820151567,OK,True,
qlever,r01_region_record_count,w1000000_17,chr1,15193776,16193775,1000000,1521,2,0.0026882681995630264,OK,True,
qlever,r01_region_record_count,w1000000_17,chr1,15193776,16193775,1000000,1521,3,0.002394292037934065,OK,True,
qlever,r01_region_record_count,w1000000_18,chr1,43583485,44583484,1000000,1108,1,0.009269931819289923,OK,True,
qlever,r01_region_record_count,w1000000_18,chr1,43583485,44583484,1000000,1108,2,0.0026517589576542377,OK,True,
qlever,r01_region_record_count,w1000000_18,chr1,43583485,44583484,1000000,1108,3,0.0026182211004197598,OK,True,
qlever,r01_region_record_count,w1000000_19,chr1,58570714,59570713,1000000,1451,1,0.009668558835983276,OK,True,
qlever,r01_region_record_count,w1000000_19,chr1,58570714,59570713,1000000,1451,2,0.0026525170542299747,OK,True,
qlever,r01_region_record_count,w1000000_19,chr1,58570714,59570713,1000000,1451,3,0.0024898741394281387,OK,True,
qlever,r01_region_record_count,w10000000_00,chr1,36023355,46023354,10000000,11510,1,0.010571911931037903,OK,True,
qlever,r01_region_record_count,w10000000_00,chr1,36023355,46023354,10000000,11510,2,0.0026287981308996677,OK,True,
qlever,r01_region_record_count,w10000000_00,chr1,36023355,46023354,10000000,11510,3,0.002281521912664175,OK,True,
qlever,r01_region_record_count,w10000000_01,chr1,57527385,67527384,10000000,14820,1,0.011651029344648123,OK,True,
qlever,r01_region_record_count,w10000000_01,chr1,57527385,67527384,10000000,14820,2,0.0029874080792069435,OK,True,
qlever,r01_region_record_count,w10000000_01,chr1,57527385,67527384,10000000,14820,3,0.0027161529287695885,OK,True,
qlever,r01_region_record_count,w10000000_02,chr1,63680811,73680810,10000000,13676,1,0.010088593699038029,OK,True,
qlever,r01_region_record_count,w10000000_02,chr1,63680811,73680810,10000000,13676,2,0.002609612885862589,OK,True,
qlever,r01_region_record_count,w10000000_02,chr1,63680811,73680810,10000000,13676,3,0.002236883156001568,OK,True,
qlever,r01_region_record_count,w10000000_03,chr1,53679378,63679377,10000000,14787,1,0.010858659166842699,OK,True,
qlever,r01_region_record_count,w10000000_03,chr1,53679378,63679377,10000000,14787,2,0.00281132897362113,OK,True,
qlever,r01_region_record_count,w10000000_03,chr1,53679378,63679377,10000000,14787,3,0.0027687950059771538,OK,True,
qlever,r01_region_record_count,w10000000_04,chr1,60690498,70690497,10000000,14398,1,0.010379680432379246,OK,True,
qlever,r01_region_record_count,w10000000_04,chr1,60690498,70690497,10000000,14398,2,0.0026283343322575092,OK,True,
qlever,r01_region_record_count,w10000000_04,chr1,60690498,70690497,10000000,14398,3,0.002547875978052616,OK,True,
qlever,r01_region_record_count,w10000000_05,chr1,47428546,57428545,10000000,11289,1,0.010249207261949778,OK,True,
qlever,r01_region_record_count,w10000000_05,chr1,47428546,57428545,10000000,11289,2,0.0026358100585639477,OK,True,
qlever,r01_region_record_count,w10000000_05,chr1,47428546,57428545,10000000,11289,3,0.002413960173726082,OK,True,
qlever,r01_region_record_count,w10000000_06,chr1,22030736,32030735,10000000,12991,1,0.010703067760914564,OK,True,
qlever,r01_region_record_count,w10000000_06,chr1,22030736,32030735,10000000,12991,2,0.002696332987397909,OK,True,
qlever,r01_region_record_count,w10000000_06,chr1,22030736,32030735,10000000,12991,3,0.0023994590155780315,OK,True,
qlever,r01_region_record_count,w10000000_07,chr1,34252401,44252400,10000000,11717,1,0.010708428919315338,OK,True,
qlever,r01_region_record_count,w10000000_07,chr1,34252401,44252400,10000000,11717,2,0.0025305692106485367,OK,True,
qlever,r01_region_record_count,w10000000_07,chr1,34252401,44252400,10000000,11717,3,0.0022291182540357113,OK,True,
qlever,r01_region_record_count,w10000000_08,chr1,58528508,68528507,10000000,14502,1,0.010739694815129042,OK,True,
qlever,r01_region_record_count,w10000000_08,chr1,58528508,68528507,10000000,14502,2,0.002923702821135521,OK,True,
qlever,r01_region_record_count,w10000000_08,chr1,58528508,68528507,10000000,14502,3,0.0026706629432737827,OK,True,
qlever,r01_region_record_count,w10000000_09,chr1,51917411,61917410,10000000,13900,1,0.010612637735903263,OK,True,
qlever,r01_region_record_count,w10000000_09,chr1,51917411,61917410,10000000,13900,2,0.00270547391846776,OK,True,
qlever,r01_region_record_count,w10000000_09,chr1,51917411,61917410,10000000,13900,3,0.0023723100312054157,OK,True,
qlever,r01_region_record_count,w10000000_10,chr1,17106918,27106917,10000000,14199,1,0.011225054040551186,OK,True,
qlever,r01_region_record_count,w10000000_10,chr1,17106918,27106917,10000000,14199,2,0.0028589721769094467,OK,True,
qlever,r01_region_record_count,w10000000_10,chr1,17106918,27106917,10000000,14199,3,0.0025572082959115505,OK,True,
qlever,r01_region_record_count,w10000000_11,chr1,43275553,53275552,10000000,9415,1,0.011186320800334215,OK,True,
qlever,r01_region_record_count,w10000000_11,chr1,43275553,53275552,10000000,9415,2,0.0028835609555244446,OK,True,
qlever,r01_region_record_count,w10000000_11,chr1,43275553,53275552,10000000,9415,3,0.0024520386941730976,OK,True,
qlever,r01_region_record_count,w10000000_12,chr1,75394691,85394690,10000000,3288,1,0.009579887613654137,OK,True,
qlever,r01_region_record_count,w10000000_12,chr1,75394691,85394690,10000000,3288,2,0.002641428727656603,OK,True,
qlever,r01_region_record_count,w10000000_12,chr1,75394691,85394690,10000000,3288,3,0.0027189990505576134,OK,True,
qlever,r01_region_record_count,w10000000_13,chr1,40866716,50866715,10000000,10786,1,0.010462803300470114,OK,True,
qlever,r01_region_record_count,w10000000_13,chr1,40866716,50866715,10000000,10786,2,0.0026647388003766537,OK,True,
qlever,r01_region_record_count,w10000000_13,chr1,40866716,50866715,10000000,10786,3,0.0026078722439706326,OK,True,
qlever,r01_region_record_count,w10000000_14,chr1,54182280,64182279,10000000,14941,1,0.01188571285456419,OK,True,
qlever,r01_region_record_count,w10000000_14,chr1,54182280,64182279,10000000,14941,2,0.0027552968822419643,OK,True,
qlever,r01_region_record_count,w10000000_14,chr1,54182280,64182279,10000000,14941,3,0.0025352020747959614,OK,True,
qlever,r01_region_record_count,w10000000_15,chr1,22053178,32053177,10000000,12910,1,0.010789436288177967,OK,True,
qlever,r01_region_record_count,w10000000_15,chr1,22053178,32053177,10000000,12910,2,0.0024914578534662724,OK,True,
qlever,r01_region_record_count,w10000000_15,chr1,22053178,32053177,10000000,12910,3,0.0022669280879199505,OK,True,
qlever,r01_region_record_count,w10000000_16,chr1,65680356,75680355,10000000,13295,1,0.010442821774631739,OK,True,
qlever,r01_region_record_count,w10000000_16,chr1,65680356,75680355,10000000,13295,2,0.00260811485350132,OK,True,
qlever,r01_region_record_count,w10000000_16,chr1,65680356,75680355,10000000,13295,3,0.002401240635663271,OK,True,
qlever,r01_region_record_count,w10000000_17,chr1,30270070,40270069,10000000,12583,1,0.011021567974239588,OK,True,
qlever,r01_region_record_count,w10000000_17,chr1,30270070,40270069,10000000,12583,2,0.0027991696260869503,OK,True,
qlever,r01_region_record_count,w10000000_17,chr1,30270070,40270069,10000000,12583,3,0.0025157667696475983,OK,True,
qlever,r01_region_record_count,w10000000_18,chr1,42283662,52283661,10000000,9628,1,0.010034842416644096,OK,True,
qlever,r01_region_record_count,w10000000_18,chr1,42283662,52283661,10000000,9628,2,0.002553042955696583,OK,True,
qlever,r01_region_record_count,w10000000_18,chr1,42283662,52283661,10000000,9628,3,0.0024316580966115,OK,True,
qlever,r01_region_record_count,w10000000_19,chr1,61622305,71622304,10000000,14407,1,0.010661340784281492,OK,True,
qlever,r01_region_record_count,w10000000_19,chr1,61622305,71622304,10000000,14407,2,0.0027440679259598255,OK,True,
qlever,r01_region_record_count,w10000000_19,chr1,61622305,71622304,10000000,14407,3,0.002369946800172329,OK,True,
qlever,r02_region_variant_shape_counts,w1000_00,chr1,23894831,23895830,1000,10,1,0.05498106591403484,OK,True,
qlever,r02_region_variant_shape_counts,w1000_00,chr1,23894831,23895830,1000,10,2,0.011384299024939537,OK,True,
qlever,r02_region_variant_shape_counts,w1000_00,chr1,23894831,23895830,1000,10,3,0.011478978674858809,OK,True,
qlever,r02_region_variant_shape_counts,w1000_01,chr1,37268328,37269327,1000,1,1,0.020158214960247278,OK,True,
qlever,r02_region_variant_shape_counts,w1000_01,chr1,37268328,37269327,1000,1,2,0.010514423716813326,OK,True,
qlever,r02_region_variant_shape_counts,w1000_01,chr1,37268328,37269327,1000,1,3,0.010584522970020771,OK,True,
qlever,r02_region_variant_shape_counts,w1000_02,chr1,42471294,42472293,1000,2,1,0.01958064828068018,OK,True,
qlever,r02_region_variant_shape_counts,w1000_02,chr1,42471294,42472293,1000,2,2,0.01061543170362711,OK,True,
qlever,r02_region_variant_shape_counts,w1000_02,chr1,42471294,42472293,1000,2,3,0.010206026025116444,OK,True,
qlever,r02_region_variant_shape_counts,w1000_03,chr1,19972624,19973623,1000,4,1,0.021737182047218084,OK,True,
qlever,r02_region_variant_shape_counts,w1000_03,chr1,19972624,19973623,1000,4,2,0.011089790146797895,OK,True,
qlever,r02_region_variant_shape_counts,w1000_03,chr1,19972624,19973623,1000,4,3,0.010904089082032442,OK,True,
qlever,r02_region_variant_shape_counts,w1000_04,chr1,65925426,65926425,1000,2,1,0.02066612523049116,OK,True,
qlever,r02_region_variant_shape_counts,w1000_04,chr1,65925426,65926425,1000,2,2,0.010739173274487257,OK,True,
qlever,r02_region_variant_shape_counts,w1000_04,chr1,65925426,65926425,1000,2,3,0.01067762216553092,OK,True,
qlever,r02_region_variant_shape_counts,w1000_05,chr1,54878472,54879471,1000,2,1,0.019877946935594082,OK,True,
qlever,r02_region_variant_shape_counts,w1000_05,chr1,54878472,54879471,1000,2,2,0.010407315101474524,OK,True,
qlever,r02_region_variant_shape_counts,w1000_05,chr1,54878472,54879471,1000,2,3,0.01043556584045291,OK,True,
qlever,r02_region_variant_shape_counts,w1000_06,chr1,54724268,54725267,1000,9,1,0.01956140622496605,OK,True,
qlever,r02_region_variant_shape_counts,w1000_06,chr1,54724268,54725267,1000,9,2,0.010939236264675856,OK,True,
qlever,r02_region_variant_shape_counts,w1000_06,chr1,54724268,54725267,1000,9,3,0.010469922795891762,OK,True,
qlever,r02_region_variant_shape_counts,w1000_07,chr1,50226603,50227602,1000,3,1,0.020244081038981676,OK,True,
qlever,r02_region_variant_shape_counts,w1000_07,chr1,50226603,50227602,1000,3,2,0.010798705276101828,OK,True,
qlever,r02_region_variant_shape_counts,w1000_07,chr1,50226603,50227602,1000,3,3,0.011242646723985672,OK,True,
qlever,r02_region_variant_shape_counts,w1000_08,chr1,5558122,5559121,1000,2,1,0.01959315873682499,OK,True,
qlever,r02_region_variant_shape_counts,w1000_08,chr1,5558122,5559121,1000,2,2,0.011198224034160376,OK,True,
qlever,r02_region_variant_shape_counts,w1000_08,chr1,5558122,5559121,1000,2,3,0.010390966199338436,OK,True,
qlever,r02_region_variant_shape_counts,w1000_09,chr1,21979241,21980240,1000,15,1,0.019851441960781813,OK,True,
qlever,r02_region_variant_shape_counts,w1000_09,chr1,21979241,21980240,1000,15,2,0.010303708259016275,OK,True,
qlever,r02_region_variant_shape_counts,w1000_09,chr1,21979241,21980240,1000,15,3,0.011243185959756374,OK,True,
qlever,r02_region_variant_shape_counts,w1000_10,chr1,58250107,58251106,1000,2,1,0.021336599718779325,OK,True,
qlever,r02_region_variant_shape_counts,w1000_10,chr1,58250107,58251106,1000,2,2,0.011203899048268795,OK,True,
qlever,r02_region_variant_shape_counts,w1000_10,chr1,58250107,58251106,1000,2,3,0.010802585165947676,OK,True,
qlever,r02_region_variant_shape_counts,w1000_11,chr1,33820268,33821267,1000,1,1,0.019991368986666203,OK,True,
qlever,r02_region_variant_shape_counts,w1000_11,chr1,33820268,33821267,1000,1,2,0.010359409730881453,OK,True,
qlever,r02_region_variant_shape_counts,w1000_11,chr1,33820268,33821267,1000,1,3,0.009938968811184168,OK,True,
qlever,r02_region_variant_shape_counts,w1000_12,chr1,74268898,74269897,1000,4,1,0.02247211802750826,OK,True,
qlever,r02_region_variant_shape_counts,w1000_12,chr1,74268898,74269897,1000,4,2,0.011212964076548815,OK,True,
qlever,r02_region_variant_shape_counts,w1000_12,chr1,74268898,74269897,1000,4,3,0.011169467121362686,OK,True,
qlever,r02_region_variant_shape_counts,w1000_13,chr1,58011340,58012339,1000,3,1,0.020772633142769337,OK,True,
qlever,r02_region_variant_shape_counts,w1000_13,chr1,58011340,58012339,1000,3,2,0.010673901997506618,OK,True,
qlever,r02_region_variant_shape_counts,w1000_13,chr1,58011340,58012339,1000,3,3,0.011110221967101097,OK,True,
qlever,r02_region_variant_shape_counts,w1000_14,chr1,55322618,55323617,1000,2,1,0.020370955113321543,OK,True,
qlever,r02_region_variant_shape_counts,w1000_14,chr1,55322618,55323617,1000,2,2,0.01059781713411212,OK,True,
qlever,r02_region_variant_shape_counts,w1000_14,chr1,55322618,55323617,1000,2,3,0.010169142857193947,OK,True,
qlever,r02_region_variant_shape_counts,w1000_15,chr1,58597811,58598810,1000,2,1,0.02436648588627577,OK,True,
qlever,r02_region_variant_shape_counts,w1000_15,chr1,58597811,58598810,1000,2,2,0.01177276810631156,OK,True,
qlever,r02_region_variant_shape_counts,w1000_15,chr1,58597811,58598810,1000,2,3,0.010973435826599598,OK,True,
qlever,r02_region_variant_shape_counts,w1000_16,chr1,61942877,61943876,1000,1,1,0.020602372009307146,OK,True,
qlever,r02_region_variant_shape_counts,w1000_16,chr1,61942877,61943876,1000,1,2,0.010438923258334398,OK,True,
qlever,r02_region_variant_shape_counts,w1000_16,chr1,61942877,61943876,1000,1,3,0.01012900285422802,OK,True,
qlever,r02_region_variant_shape_counts,w1000_17,chr1,74952903,74953902,1000,2,1,0.02009240398183465,OK,True,
qlever,r02_region_variant_shape_counts,w1000_17,chr1,74952903,74953902,1000,2,2,0.010659073013812304,OK,True,
qlever,r02_region_variant_shape_counts,w1000_17,chr1,74952903,74953902,1000,2,3,0.011024878825992346,OK,True,
qlever,r02_region_variant_shape_counts,w1000_18,chr1,10920022,10921021,1000,7,1,0.020726207178086042,OK,True,
qlever,r02_region_variant_shape_counts,w1000_18,chr1,10920022,10921021,1000,7,2,0.011540199164301157,OK,True,
qlever,r02_region_variant_shape_counts,w1000_18,chr1,10920022,10921021,1000,7,3,0.010439252015203238,OK,True,
qlever,r02_region_variant_shape_counts,w1000_19,chr1,54064366,54065365,1000,1,1,0.02022087201476097,OK,True,
qlever,r02_region_variant_shape_counts,w1000_19,chr1,54064366,54065365,1000,1,2,0.010384903755038977,OK,True,
qlever,r02_region_variant_shape_counts,w1000_19,chr1,54064366,54065365,1000,1,3,0.01064468128606677,OK,True,
qlever,r02_region_variant_shape_counts,w100000_00,chr1,76042312,76142311,100000,132,1,0.021768889855593443,OK,True,
qlever,r02_region_variant_shape_counts,w100000_00,chr1,76042312,76142311,100000,132,2,0.010684326756745577,OK,True,
qlever,r02_region_variant_shape_counts,w100000_00,chr1,76042312,76142311,100000,132,3,0.01050040777772665,OK,True,
qlever,r02_region_variant_shape_counts,w100000_01,chr1,26177705,26277704,100000,141,1,0.022585842292755842,OK,True,
qlever,r02_region_variant_shape_counts,w100000_01,chr1,26177705,26277704,100000,141,2,0.010340719018131495,OK,True,
qlever,r02_region_variant_shape_counts,w100000_01,chr1,26177705,26277704,100000,141,3,0.010388047900050879,OK,True,
qlever,r02_region_variant_shape_counts,w100000_02,chr1,76668322,76768321,100000,131,1,0.022373938001692295,OK,True,
qlever,r02_region_variant_shape_counts,w100000_02,chr1,76668322,76768321,100000,131,2,0.010481747798621655,OK,True,
qlever,r02_region_variant_shape_counts,w100000_02,chr1,76668322,76768321,100000,131,3,0.011464796029031277,OK,True,
qlever,r02_region_variant_shape_counts,w100000_03,chr1,64797067,64897066,100000,153,1,0.021544064860790968,OK,True,
qlever,r02_region_variant_shape_counts,w100000_03,chr1,64797067,64897066,100000,153,2,0.010648223105818033,OK,True,
qlever,r02_region_variant_shape_counts,w100000_03,chr1,64797067,64897066,100000,153,3,0.010377108119428158,OK,True,
qlever,r02_region_variant_shape_counts,w100000_04,chr1,66848110,66948109,100000,83,1,0.02067733183503151,OK,True,
qlever,r02_region_variant_shape_counts,w100000_04,chr1,66848110,66948109,100000,83,2,0.010764830280095339,OK,True,
qlever,r02_region_variant_shape_counts,w100000_04,chr1,66848110,66948109,100000,83,3,0.010226653888821602,OK,True,
qlever,r02_region_variant_shape_counts,w100000_05,chr1,58175965,58275964,100000,181,1,0.020907359663397074,OK,True,
qlever,r02_region_variant_shape_counts,w100000_05,chr1,58175965,58275964,100000,181,2,0.01057529216632247,OK,True,
qlever,r02_region_variant_shape_counts,w100000_05,chr1,58175965,58275964,100000,181,3,0.01018687803298235,OK,True,
qlever,r02_region_variant_shape_counts,w100000_06,chr1,41567443,41667442,100000,142,1,0.020055445842444897,OK,True,
qlever,r02_region_variant_shape_counts,w100000_06,chr1,41567443,41667442,100000,142,2,0.010429696179926395,OK,True,
qlever,r02_region_variant_shape_counts,w100000_06,chr1,41567443,41667442,100000,142,3,0.010278829839080572,OK,True,
qlever,r02_region_variant_shape_counts,w100000_07,chr1,23625875,23725874,100000,143,1,0.02020595269277692,OK,True,
qlever,r02_region_variant_shape_counts,w100000_07,chr1,23625875,23725874,100000,143,2,0.010470826178789139,OK,True,
qlever,r02_region_variant_shape_counts,w100000_07,chr1,23625875,23725874,100000,143,3,0.010376537218689919,OK,True,
qlever,r02_region_variant_shape_counts,w100000_08,chr1,69897964,69997963,100000,77,1,0.019743166863918304,OK,True,
qlever,r02_region_variant_shape_counts,w100000_08,chr1,69897964,69997963,100000,77,2,0.01025176327675581,OK,True,
qlever,r02_region_variant_shape_counts,w100000_08,chr1,69897964,69997963,100000,77,3,0.010262439958751202,OK,True,
qlever,r02_region_variant_shape_counts,w100000_09,chr1,63664508,63764507,100000,287,1,0.021728142630308867,OK,True,
qlever,r02_region_variant_shape_counts,w100000_09,chr1,63664508,63764507,100000,287,2,0.010767405852675438,OK,True,
qlever,r02_region_variant_shape_counts,w100000_09,chr1,63664508,63764507,100000,287,3,0.010578633286058903,OK,True,
qlever,r02_region_variant_shape_counts,w100000_10,chr1,15518874,15618873,100000,146,1,0.02166482014581561,OK,True,
qlever,r02_region_variant_shape_counts,w100000_10,chr1,15518874,15618873,100000,146,2,0.010972580872476101,OK,True,
qlever,r02_region_variant_shape_counts,w100000_10,chr1,15518874,15618873,100000,146,3,0.010412184055894613,OK,True,
qlever,r02_region_variant_shape_counts,w100000_11,chr1,23996836,24096835,100000,343,1,0.021575458347797394,OK,True,
qlever,r02_region_variant_shape_counts,w100000_11,chr1,23996836,24096835,100000,343,2,0.010671817231923342,OK,True,
qlever,r02_region_variant_shape_counts,w100000_11,chr1,23996836,24096835,100000,343,3,0.010633868630975485,OK,True,
qlever,r02_region_variant_shape_counts,w100000_12,chr1,56566795,56666794,100000,139,1,0.020245390944182873,OK,True,
qlever,r02_region_variant_shape_counts,w100000_12,chr1,56566795,56666794,100000,139,2,0.01068344572558999,OK,True,
qlever,r02_region_variant_shape_counts,w100000_12,chr1,56566795,56666794,100000,139,3,0.010940608102828264,OK,True,
qlever,r02_region_variant_shape_counts,w100000_13,chr1,24058646,24158645,100000,214,1,0.021063776686787605,OK,True,
qlever,r02_region_variant_shape_counts,w100000_13,chr1,24058646,24158645,100000,214,2,0.010603588074445724,OK,True,
qlever,r02_region_variant_shape_counts,w100000_13,chr1,24058646,24158645,100000,214,3,0.011088503058999777,OK,True,
qlever,r02_region_variant_shape_counts,w100000_14,chr1,3105927,3205926,100000,226,1,0.021282036788761616,OK,True,
qlever,r02_region_variant_shape_counts,w100000_14,chr1,3105927,3205926,100000,226,2,0.01084342272952199,OK,True,
qlever,r02_region_variant_shape_counts,w100000_14,chr1,3105927,3205926,100000,226,3,0.01568985776975751,OK,True,
qlever,r02_region_variant_shape_counts,w100000_15,chr1,54865968,54965967,100000,181,1,0.02663211105391383,OK,True,
qlever,r02_region_variant_shape_counts,w100000_15,chr1,54865968,54965967,100000,181,2,0.010318802203983068,OK,True,
qlever,r02_region_variant_shape_counts,w100000_15,chr1,54865968,54965967,100000,181,3,0.010820659808814526,OK,True,
qlever,r02_region_variant_shape_counts,w100000_16,chr1,58852100,58952099,100000,79,1,0.02092383662238717,OK,True,
qlever,r02_region_variant_shape_counts,w100000_16,chr1,58852100,58952099,100000,79,2,0.010691259056329727,OK,True,
qlever,r02_region_variant_shape_counts,w100000_16,chr1,58852100,58952099,100000,79,3,0.010446717031300068,OK,True,
qlever,r02_region_variant_shape_counts,w100000_17,chr1,77570681,77670680,100000,81,1,0.019975976087152958,OK,True,
qlever,r02_region_variant_shape_counts,w100000_17,chr1,77570681,77670680,100000,81,2,0.012089883908629417,OK,True,
qlever,r02_region_variant_shape_counts,w100000_17,chr1,77570681,77670680,100000,81,3,0.011011316906660795,OK,True,
qlever,r02_region_variant_shape_counts,w100000_18,chr1,66388887,66488886,100000,196,1,0.021541323978453875,OK,True,
qlever,r02_region_variant_shape_counts,w100000_18,chr1,66388887,66488886,100000,196,2,0.011140875052660704,OK,True,
qlever,r02_region_variant_shape_counts,w100000_18,chr1,66388887,66488886,100000,196,3,0.010207066312432289,OK,True,
qlever,r02_region_variant_shape_counts,w100000_19,chr1,5319806,5419805,100000,87,1,0.020030861254781485,OK,True,
qlever,r02_region_variant_shape_counts,w100000_19,chr1,5319806,5419805,100000,87,2,0.010305937845259905,OK,True,
qlever,r02_region_variant_shape_counts,w100000_19,chr1,5319806,5419805,100000,87,3,0.009905819315463305,OK,True,
qlever,r02_region_variant_shape_counts,w1000000_00,chr1,42846822,43846821,1000000,1112,1,0.02586357807740569,OK,True,
qlever,r02_region_variant_shape_counts,w1000000_00,chr1,42846822,43846821,1000000,1112,2,0.01090513402596116,OK,True,
qlever,r02_region_variant_shape_counts,w1000000_00,chr1,42846822,43846821,1000000,1112,3,0.010324586182832718,OK,True,
qlever,r02_region_variant_shape_counts,w1000000_01,chr1,9034070,10034069,1000000,1143,1,0.027233965694904327,OK,True,
qlever,r02_region_variant_shape_counts,w1000000_01,chr1,9034070,10034069,1000000,1143,2,0.010714903939515352,OK,True,
qlever,r02_region_variant_shape_counts,w1000000_01,chr1,9034070,10034069,1000000,1143,3,0.010794281959533691,OK,True,
qlever,r02_region_variant_shape_counts,w1000000_02,chr1,54809885,55809884,1000000,1670,1,0.027813948690891266,OK,True,
qlever,r02_region_variant_shape_counts,w1000000_02,chr1,54809885,55809884,1000000,1670,2,0.010433675721287727,OK,True,
qlever,r02_region_variant_shape_counts,w1000000_02,chr1,54809885,55809884,1000000,1670,3,0.01030731201171875,OK,True,
qlever,r02_region_variant_shape_counts,w1000000_03,chr1,55795141,56795140,1000000,1824,1,0.02875645412132144,OK,True,
qlever,r02_region_variant_shape_counts,w1000000_03,chr1,55795141,56795140,1000000,1824,2,0.010537464171648026,OK,True,
qlever,r02_region_variant_shape_counts,w1000000_03,chr1,55795141,56795140,1000000,1824,3,0.010790835600346327,OK,True,
qlever,r02_region_variant_shape_counts,w1000000_04,chr1,11734309,12734308,1000000,950,1,0.026036633178591728,OK,True,
qlever,r02_region_variant_shape_counts,w1000000_04,chr1,11734309,12734308,1000000,950,2,0.01057103043422103,OK,True,
qlever,r02_region_variant_shape_counts,w1000000_04,chr1,11734309,12734308,1000000,950,3,0.010733705013990402,OK,True,
qlever,r02_region_variant_shape_counts,w1000000_05,chr1,28814643,29814642,1000000,1348,1,0.027193506248295307,OK,True,
qlever,r02_region_variant_shape_counts,w1000000_05,chr1,28814643,29814642,1000000,1348,2,0.01044284226372838,OK,True,
qlever,r02_region_variant_shape_counts,w1000000_05,chr1,28814643,29814642,1000000,1348,3,0.010461886879056692,OK,True,
qlever,r02_region_variant_shape_counts,w1000000_06,chr1,47354520,48354519,1000000,1253,1,0.026469638105481863,OK,True,
qlever,r02_region_variant_shape_counts,w1000000_06,chr1,47354520,48354519,1000000,1253,2,0.01059329230338335,OK,True,
qlever,r02_region_variant_shape_counts,w1000000_06,chr1,47354520,48354519,1000000,1253,3,0.010269262827932835,OK,True,
qlever,r02_region_variant_shape_counts,w1000000_07,chr1,35782931,36782930,1000000,868,1,0.024125386029481888,OK,True,
qlever,r02_region_variant_shape_counts,w1000000_07,chr1,35782931,36782930,1000000,868,2,0.010293754283338785,OK,True,
qlever,r02_region_variant_shape_counts,w1000000_07,chr1,35782931,36782930,1000000,868,3,0.010104434099048376,OK,True,
qlever,r02_region_variant_shape_counts,w1000000_08,chr1,5611726,6611725,1000000,1261,1,0.025559123139828444,OK,True,
qlever,r02_region_variant_shape_counts,w1000000_08,chr1,5611726,6611725,1000000,1261,2,0.010414158925414085,OK,True,
qlever,r02_region_variant_shape_counts,w1000000_08,chr1,5611726,6611725,1000000,1261,3,0.010475717019289732,OK,True,
qlever,r02_region_variant_shape_counts,w1000000_09,chr1,17930348,18930347,1000000,1491,1,0.027078710962086916,OK,True,
qlever,r02_region_variant_shape_counts,w1000000_09,chr1,17930348,18930347,1000000,1491,2,0.010710827074944973,OK,True,
qlever,r02_region_variant_shape_counts,w1000000_09,chr1,17930348,18930347,1000000,1491,3,0.010183128993958235,OK,True,
qlever,r02_region_variant_shape_counts,w1000000_10,chr1,58656617,59656616,1000000,1262,1,0.02679153112694621,OK,True,
qlever,r02_region_variant_shape_counts,w1000000_10,chr1,58656617,59656616,1000000,1262,2,0.010751241818070412,OK,True,
qlever,r02_region_variant_shape_counts,w1000000_10,chr1,58656617,59656616,1000000,1262,3,0.010487447027117014,OK,True,
qlever,r02_region_variant_shape_counts,w1000000_11,chr1,20579658,21579657,1000000,1246,1,0.027830534148961306,OK,True,
qlever,r02_region_variant_shape_counts,w1000000_11,chr1,20579658,21579657,1000000,1246,2,0.011729584075510502,OK,True,
qlever,r02_region_variant_shape_counts,w1000000_11,chr1,20579658,21579657,1000000,1246,3,0.010905828326940536,OK,True,
qlever,r02_region_variant_shape_counts,w1000000_12,chr1,66774094,67774093,1000000,1548,1,0.027902280911803246,OK,True,
qlever,r02_region_variant_shape_counts,w1000000_12,chr1,66774094,67774093,1000000,1548,2,0.010864330921322107,OK,True,
qlever,r02_region_variant_shape_counts,w1000000_12,chr1,66774094,67774093,1000000,1548,3,0.010770889930427074,OK,True,
qlever,r02_region_variant_shape_counts,w1000000_13,chr1,53330427,54330426,1000000,1337,1,0.0328204371035099,OK,True,
qlever,r02_region_variant_shape_counts,w1000000_13,chr1,53330427,54330426,1000000,1337,2,0.011997707188129425,OK,True,
qlever,r02_region_variant_shape_counts,w1000000_13,chr1,53330427,54330426,1000000,1337,3,0.010259915608912706,OK,True,
qlever,r02_region_variant_shape_counts,w1000000_14,chr1,34457222,35457221,1000000,1194,1,0.027202680706977844,OK,True,
qlever,r02_region_variant_shape_counts,w1000000_14,chr1,34457222,35457221,1000000,1194,2,0.010455507319420576,OK,True,
qlever,r02_region_variant_shape_counts,w1000000_14,chr1,34457222,35457221,1000000,1194,3,0.010366307105869055,OK,True,
qlever,r02_region_variant_shape_counts,w1000000_15,chr1,6173132,7173131,1000000,906,1,0.0253828470595181,OK,True,
qlever,r02_region_variant_shape_counts,w1000000_15,chr1,6173132,7173131,1000000,906,2,0.010338479187339544,OK,True,
qlever,r02_region_variant_shape_counts,w1000000_15,chr1,6173132,7173131,1000000,906,3,0.01012778002768755,OK,True,
qlever,r02_region_variant_shape_counts,w1000000_16,chr1,34054184,35054183,1000000,1668,1,0.027629889082163572,OK,True,
qlever,r02_region_variant_shape_counts,w1000000_16,chr1,34054184,35054183,1000000,1668,2,0.012159929610788822,OK,True,
qlever,r02_region_variant_shape_counts,w1000000_16,chr1,34054184,35054183,1000000,1668,3,0.011762029025703669,OK,True,
qlever,r02_region_variant_shape_counts,w1000000_17,chr1,15193776,16193775,1000000,1521,1,0.029277003835886717,OK,True,
qlever,r02_region_variant_shape_counts,w1000000_17,chr1,15193776,16193775,1000000,1521,2,0.010753973387181759,OK,True,
qlever,r02_region_variant_shape_counts,w1000000_17,chr1,15193776,16193775,1000000,1521,3,0.010139713995158672,OK,True,
qlever,r02_region_variant_shape_counts,w1000000_18,chr1,43583485,44583484,1000000,1108,1,0.026121361646801233,OK,True,
qlever,r02_region_variant_shape_counts,w1000000_18,chr1,43583485,44583484,1000000,1108,2,0.010462569072842598,OK,True,
qlever,r02_region_variant_shape_counts,w1000000_18,chr1,43583485,44583484,1000000,1108,3,0.010313766077160835,OK,True,
qlever,r02_region_variant_shape_counts,w1000000_19,chr1,58570714,59570713,1000000,1451,1,0.02799490885809064,OK,True,
qlever,r02_region_variant_shape_counts,w1000000_19,chr1,58570714,59570713,1000000,1451,2,0.01042462419718504,OK,True,
qlever,r02_region_variant_shape_counts,w1000000_19,chr1,58570714,59570713,1000000,1451,3,0.010021374095231295,OK,True,
qlever,r02_region_variant_shape_counts,w10000000_00,chr1,36023355,46023354,10000000,11510,1,0.07658406114205718,OK,True,
qlever,r02_region_variant_shape_counts,w10000000_00,chr1,36023355,46023354,10000000,11510,2,0.011036656331270933,OK,True,
qlever,r02_region_variant_shape_counts,w10000000_00,chr1,36023355,46023354,10000000,11510,3,0.010611389763653278,OK,True,
qlever,r02_region_variant_shape_counts,w10000000_01,chr1,57527385,67527384,10000000,14820,1,0.09322058409452438,OK,True,
qlever,r02_region_variant_shape_counts,w10000000_01,chr1,57527385,67527384,10000000,14820,2,0.010539012961089611,OK,True,
qlever,r02_region_variant_shape_counts,w10000000_01,chr1,57527385,67527384,10000000,14820,3,0.010796371847391129,OK,True,
qlever,r02_region_variant_shape_counts,w10000000_02,chr1,63680811,73680810,10000000,13676,1,0.09645802807062864,OK,True,
qlever,r02_region_variant_shape_counts,w10000000_02,chr1,63680811,73680810,10000000,13676,2,0.010761186946183443,OK,True,
qlever,r02_region_variant_shape_counts,w10000000_02,chr1,63680811,73680810,10000000,13676,3,0.010565032251179218,OK,True,
qlever,r02_region_variant_shape_counts,w10000000_03,chr1,53679378,63679377,10000000,14787,1,0.09107928676530719,OK,True,
qlever,r02_region_variant_shape_counts,w10000000_03,chr1,53679378,63679377,10000000,14787,2,0.010778897907584906,OK,True,
qlever,r02_region_variant_shape_counts,w10000000_03,chr1,53679378,63679377,10000000,14787,3,0.010531885083764791,OK,True,
qlever,r02_region_variant_shape_counts,w10000000_04,chr1,60690498,70690497,10000000,14398,1,0.09520813124254346,OK,True,
qlever,r02_region_variant_shape_counts,w10000000_04,chr1,60690498,70690497,10000000,14398,2,0.010854663792997599,OK,True,
qlever,r02_region_variant_shape_counts,w10000000_04,chr1,60690498,70690497,10000000,14398,3,0.010796980001032352,OK,True,
qlever,r02_region_variant_shape_counts,w10000000_05,chr1,47428546,57428545,10000000,11289,1,0.08083291118964553,OK,True,
qlever,r02_region_variant_shape_counts,w10000000_05,chr1,47428546,57428545,10000000,11289,2,0.010967632755637169,OK,True,
qlever,r02_region_variant_shape_counts,w10000000_05,chr1,47428546,57428545,10000000,11289,3,0.01062719989567995,OK,True,
qlever,r02_region_variant_shape_counts,w10000000_06,chr1,22030736,32030735,10000000,12991,1,0.08726307610049844,OK,True,
qlever,r02_region_variant_shape_counts,w10000000_06,chr1,22030736,32030735,10000000,12991,2,0.010966355912387371,OK,True,
qlever,r02_region_variant_shape_counts,w10000000_06,chr1,22030736,32030735,10000000,12991,3,0.010992132127285004,OK,True,
qlever,r02_region_variant_shape_counts,w10000000_07,chr1,34252401,44252400,10000000,11717,1,0.07987890532240272,OK,True,
qlever,r02_region_variant_shape_counts,w10000000_07,chr1,34252401,44252400,10000000,11717,2,0.011517133098095655,OK,True,
qlever,r02_region_variant_shape_counts,w10000000_07,chr1,34252401,44252400,10000000,11717,3,0.010696921031922102,OK,True,
qlever,r02_region_variant_shape_counts,w10000000_08,chr1,58528508,68528507,10000000,14502,1,0.0957765351049602,OK,True,
qlever,r02_region_variant_shape_counts,w10000000_08,chr1,58528508,68528507,10000000,14502,2,0.01096944697201252,OK,True,
qlever,r02_region_variant_shape_counts,w10000000_08,chr1,58528508,68528507,10000000,14502,3,0.01055306475609541,OK,True,
qlever,r02_region_variant_shape_counts,w10000000_09,chr1,51917411,61917410,10000000,13900,1,0.0916165579110384,OK,True,
qlever,r02_region_variant_shape_counts,w10000000_09,chr1,51917411,61917410,10000000,13900,2,0.010983963962644339,OK,True,
qlever,r02_region_variant_shape_counts,w10000000_09,chr1,51917411,61917410,10000000,13900,3,0.010885701049119234,OK,True,
qlever,r02_region_variant_shape_counts,w10000000_10,chr1,17106918,27106917,10000000,14199,1,0.08899499103426933,OK,True,
qlever,r02_region_variant_shape_counts,w10000000_10,chr1,17106918,27106917,10000000,14199,2,0.01080991281196475,OK,True,
qlever,r02_region_variant_shape_counts,w10000000_10,chr1,17106918,27106917,10000000,14199,3,0.010744278784841299,OK,True,
qlever,r02_region_variant_shape_counts,w10000000_11,chr1,43275553,53275552,10000000,9415,1,0.06888885470107198,OK,True,
qlever,r02_region_variant_shape_counts,w10000000_11,chr1,43275553,53275552,10000000,9415,2,0.012470769230276346,OK,True,
qlever,r02_region_variant_shape_counts,w10000000_11,chr1,43275553,53275552,10000000,9415,3,0.01109183905646205,OK,True,
qlever,r02_region_variant_shape_counts,w10000000_12,chr1,75394691,85394690,10000000,3288,1,0.04543730430305004,OK,True,
qlever,r02_region_variant_shape_counts,w10000000_12,chr1,75394691,85394690,10000000,3288,2,0.010542952921241522,OK,True,
qlever,r02_region_variant_shape_counts,w10000000_12,chr1,75394691,85394690,10000000,3288,3,0.010211329907178879,OK,True,
qlever,r02_region_variant_shape_counts,w10000000_13,chr1,40866716,50866715,10000000,10786,1,0.07647815393283963,OK,True,
qlever,r02_region_variant_shape_counts,w10000000_13,chr1,40866716,50866715,10000000,10786,2,0.011473397258669138,OK,True,
qlever,r02_region_variant_shape_counts,w10000000_13,chr1,40866716,50866715,10000000,10786,3,0.010619156062602997,OK,True,
qlever,r02_region_variant_shape_counts,w10000000_14,chr1,54182280,64182279,10000000,14941,1,0.09346128860488534,OK,True,
qlever,r02_region_variant_shape_counts,w10000000_14,chr1,54182280,64182279,10000000,14941,2,0.011064695660024881,OK,True,
qlever,r02_region_variant_shape_counts,w10000000_14,chr1,54182280,64182279,10000000,14941,3,0.010594143066555262,OK,True,
qlever,r02_region_variant_shape_counts,w10000000_15,chr1,22053178,32053177,10000000,12910,1,0.08701663790270686,OK,True,
qlever,r02_region_variant_shape_counts,w10000000_15,chr1,22053178,32053177,10000000,12910,2,0.010860729962587357,OK,True,
qlever,r02_region_variant_shape_counts,w10000000_15,chr1,22053178,32053177,10000000,12910,3,0.011119727976620197,OK,True,
qlever,r02_region_variant_shape_counts,w10000000_16,chr1,65680356,75680355,10000000,13295,1,0.08512080693617463,OK,True,
qlever,r02_region_variant_shape_counts,w10000000_16,chr1,65680356,75680355,10000000,13295,2,0.012228018138557673,OK,True,
qlever,r02_region_variant_shape_counts,w10000000_16,chr1,65680356,75680355,10000000,13295,3,0.011812007986009121,OK,True,
qlever,r02_region_variant_shape_counts,w10000000_17,chr1,30270070,40270069,10000000,12583,1,0.08535131113603711,OK,True,
qlever,r02_region_variant_shape_counts,w10000000_17,chr1,30270070,40270069,10000000,12583,2,0.011825194116681814,OK,True,
qlever,r02_region_variant_shape_counts,w10000000_17,chr1,30270070,40270069,10000000,12583,3,0.013734566979110241,OK,True,
qlever,r02_region_variant_shape_counts,w10000000_18,chr1,42283662,52283661,10000000,9628,1,0.09036431787535548,OK,True,
qlever,r02_region_variant_shape_counts,w10000000_18,chr1,42283662,52283661,10000000,9628,2,0.010708884801715612,OK,True,
qlever,r02_region_variant_shape_counts,w10000000_18,chr1,42283662,52283661,10000000,9628,3,0.010437071323394775,OK,True,
qlever,r02_region_variant_shape_counts,w10000000_19,chr1,61622305,71622304,10000000,14407,1,0.10079000610858202,OK,True,
qlever,r02_region_variant_shape_counts,w10000000_19,chr1,61622305,71622304,10000000,14407,2,0.014535491354763508,OK,True,
qlever,r02_region_variant_shape_counts,w10000000_19,chr1,61622305,71622304,10000000,14407,3,0.011388844810426235,OK,True,
qlever,r03_region_titv,w1000_00,chr1,23894831,23895830,1000,10,1,0.01221933914348483,OK,True,
qlever,r03_region_titv,w1000_00,chr1,23894831,23895830,1000,10,2,0.010438847355544567,OK,True,
qlever,r03_region_titv,w1000_00,chr1,23894831,23895830,1000,10,3,0.010298876091837883,OK,True,
qlever,r03_region_titv,w1000_01,chr1,37268328,37269327,1000,1,1,0.012787613086402416,OK,True,
qlever,r03_region_titv,w1000_01,chr1,37268328,37269327,1000,1,2,0.01105948118492961,OK,True,
qlever,r03_region_titv,w1000_01,chr1,37268328,37269327,1000,1,3,0.011480910237878561,OK,True,
qlever,r03_region_titv,w1000_02,chr1,42471294,42472293,1000,2,1,0.013296260964125395,OK,True,
qlever,r03_region_titv,w1000_02,chr1,42471294,42472293,1000,2,2,0.011264055967330933,OK,True,
qlever,r03_region_titv,w1000_02,chr1,42471294,42472293,1000,2,3,0.011906218249350786,OK,True,
qlever,r03_region_titv,w1000_03,chr1,19972624,19973623,1000,4,1,0.012129087001085281,OK,True,
qlever,r03_region_titv,w1000_03,chr1,19972624,19973623,1000,4,2,0.010515205096453428,OK,True,
qlever,r03_region_titv,w1000_03,chr1,19972624,19973623,1000,4,3,0.010546727105975151,OK,True,
qlever,r03_region_titv,w1000_04,chr1,65925426,65926425,1000,2,1,0.01236156141385436,OK,True,
qlever,r03_region_titv,w1000_04,chr1,65925426,65926425,1000,2,2,0.010427006054669619,OK,True,
qlever,r03_region_titv,w1000_04,chr1,65925426,65926425,1000,2,3,0.010442625731229782,OK,True,
qlever,r03_region_titv,w1000_05,chr1,54878472,54879471,1000,2,1,0.012972359079867601,OK,True,
qlever,r03_region_titv,w1000_05,chr1,54878472,54879471,1000,2,2,0.010176703799515963,OK,True,
qlever,r03_region_titv,w1000_05,chr1,54878472,54879471,1000,2,3,0.01021310780197382,OK,True,
qlever,r03_region_titv,w1000_06,chr1,54724268,54725267,1000,9,1,0.013734220992773771,OK,True,
qlever,r03_region_titv,w1000_06,chr1,54724268,54725267,1000,9,2,0.010476952884346247,OK,True,
qlever,r03_region_titv,w1000_06,chr1,54724268,54725267,1000,9,3,0.010342537891119719,OK,True,
qlever,r03_region_titv,w1000_07,chr1,50226603,50227602,1000,3,1,0.011175442952662706,OK,True,
qlever,r03_region_titv,w1000_07,chr1,50226603,50227602,1000,3,2,0.009370764251798391,OK,True,
qlever,r03_region_titv,w1000_07,chr1,50226603,50227602,1000,3,3,0.009906473103910685,OK,True,
qlever,r03_region_titv,w1000_08,chr1,5558122,5559121,1000,2,1,0.011450751218944788,OK,True,
qlever,r03_region_titv,w1000_08,chr1,5558122,5559121,1000,2,2,0.01094827800989151,OK,True,
qlever,r03_region_titv,w1000_08,chr1,5558122,5559121,1000,2,3,0.012770652305334806,OK,True,
qlever,r03_region_titv,w1000_09,chr1,21979241,21980240,1000,15,1,0.011968584731221199,OK,True,
qlever,r03_region_titv,w1000_09,chr1,21979241,21980240,1000,15,2,0.011277282144874334,OK,True,
qlever,r03_region_titv,w1000_09,chr1,21979241,21980240,1000,15,3,0.01031569205224514,OK,True,
qlever,r03_region_titv,w1000_10,chr1,58250107,58251106,1000,2,1,0.011823162902146578,OK,True,
qlever,r03_region_titv,w1000_10,chr1,58250107,58251106,1000,2,2,0.010325250215828419,OK,True,
qlever,r03_region_titv,w1000_10,chr1,58250107,58251106,1000,2,3,0.009874974843114614,OK,True,
qlever,r03_region_titv,w1000_11,chr1,33820268,33821267,1000,1,1,0.01129897078499198,OK,True,
qlever,r03_region_titv,w1000_11,chr1,33820268,33821267,1000,1,2,0.010843995958566666,OK,True,
qlever,r03_region_titv,w1000_11,chr1,33820268,33821267,1000,1,3,0.010710394009947777,OK,True,
qlever,r03_region_titv,w1000_12,chr1,74268898,74269897,1000,4,1,0.011408491060137749,OK,True,
qlever,r03_region_titv,w1000_12,chr1,74268898,74269897,1000,4,2,0.010196154937148094,OK,True,
qlever,r03_region_titv,w1000_12,chr1,74268898,74269897,1000,4,3,0.010868065990507603,OK,True,
qlever,r03_region_titv,w1000_13,chr1,58011340,58012339,1000,3,1,0.01264104200527072,OK,True,
qlever,r03_region_titv,w1000_13,chr1,58011340,58012339,1000,3,2,0.010248115286231041,OK,True,
qlever,r03_region_titv,w1000_13,chr1,58011340,58012339,1000,3,3,0.009915437083691359,OK,True,
qlever,r03_region_titv,w1000_14,chr1,55322618,55323617,1000,2,1,0.010883418377488852,OK,True,
qlever,r03_region_titv,w1000_14,chr1,55322618,55323617,1000,2,2,0.009933099616318941,OK,True,
qlever,r03_region_titv,w1000_14,chr1,55322618,55323617,1000,2,3,0.009683384094387293,OK,True,
qlever,r03_region_titv,w1000_15,chr1,58597811,58598810,1000,2,1,0.011398543138056993,OK,True,
qlever,r03_region_titv,w1000_15,chr1,58597811,58598810,1000,2,2,0.009587560314685106,OK,True,
qlever,r03_region_titv,w1000_15,chr1,58597811,58598810,1000,2,3,0.009306856896728277,OK,True,
qlever,r03_region_titv,w1000_16,chr1,61942877,61943876,1000,1,1,0.011039083357900381,OK,True,
qlever,r03_region_titv,w1000_16,chr1,61942877,61943876,1000,1,2,0.009704445023089647,OK,True,
qlever,r03_region_titv,w1000_16,chr1,61942877,61943876,1000,1,3,0.010171916801482439,OK,True,
qlever,r03_region_titv,w1000_17,chr1,74952903,74953902,1000,2,1,0.01168411085382104,OK,True,
qlever,r03_region_titv,w1000_17,chr1,74952903,74953902,1000,2,2,0.009977512992918491,OK,True,
qlever,r03_region_titv,w1000_17,chr1,74952903,74953902,1000,2,3,0.01000773860141635,OK,True,
qlever,r03_region_titv,w1000_18,chr1,10920022,10921021,1000,7,1,0.012156637385487556,OK,True,
qlever,r03_region_titv,w1000_18,chr1,10920022,10921021,1000,7,2,0.010214905254542828,OK,True,
qlever,r03_region_titv,w1000_18,chr1,10920022,10921021,1000,7,3,0.009609340690076351,OK,True,
qlever,r03_region_titv,w1000_19,chr1,54064366,54065365,1000,1,1,0.011504939757287502,OK,True,
qlever,r03_region_titv,w1000_19,chr1,54064366,54065365,1000,1,2,0.010565061122179031,OK,True,
qlever,r03_region_titv,w1000_19,chr1,54064366,54065365,1000,1,3,0.01035891193896532,OK,True,
qlever,r03_region_titv,w100000_00,chr1,76042312,76142311,100000,132,1,0.011349123902618885,OK,True,
qlever,r03_region_titv,w100000_00,chr1,76042312,76142311,100000,132,2,0.011640098877251148,OK,True,
qlever,r03_region_titv,w100000_00,chr1,76042312,76142311,100000,132,3,0.010030047036707401,OK,True,
qlever,r03_region_titv,w100000_01,chr1,26177705,26277704,100000,141,1,0.013625289779156446,OK,True,
qlever,r03_region_titv,w100000_01,chr1,26177705,26277704,100000,141,2,0.012156793847680092,OK,True,
qlever,r03_region_titv,w100000_01,chr1,26177705,26277704,100000,141,3,0.010391201823949814,OK,True,
qlever,r03_region_titv,w100000_02,chr1,76668322,76768321,100000,131,1,0.011967074126005173,OK,True,
qlever,r03_region_titv,w100000_02,chr1,76668322,76768321,100000,131,2,0.01069613080471754,OK,True,
qlever,r03_region_titv,w100000_02,chr1,76668322,76768321,100000,131,3,0.010390062816441059,OK,True,
qlever,r03_region_titv,w100000_03,chr1,64797067,64897066,100000,153,1,0.01702551357448101,OK,True,
qlever,r03_region_titv,w100000_03,chr1,64797067,64897066,100000,153,2,0.010314453858882189,OK,True,
qlever,r03_region_titv,w100000_03,chr1,64797067,64897066,100000,153,3,0.010753968730568886,OK,True,
qlever,r03_region_titv,w100000_04,chr1,66848110,66948109,100000,83,1,0.012068841140717268,OK,True,
qlever,r03_region_titv,w100000_04,chr1,66848110,66948109,100000,83,2,0.010946906171739101,OK,True,
qlever,r03_region_titv,w100000_04,chr1,66848110,66948109,100000,83,3,0.014776577241718769,OK,True,
qlever,r03_region_titv,w100000_05,chr1,58175965,58275964,100000,181,1,0.011966609861701727,OK,True,
qlever,r03_region_titv,w100000_05,chr1,58175965,58275964,100000,181,2,0.010211499873548746,OK,True,
qlever,r03_region_titv,w100000_05,chr1,58175965,58275964,100000,181,3,0.009896991774439812,OK,True,
qlever,r03_region_titv,w100000_06,chr1,41567443,41667442,100000,142,1,0.013055384159088135,OK,True,
qlever,r03_region_titv,w100000_06,chr1,41567443,41667442,100000,142,2,0.010636250954121351,OK,True,
qlever,r03_region_titv,w100000_06,chr1,41567443,41667442,100000,142,3,0.010358268860727549,OK,True,
qlever,r03_region_titv,w100000_07,chr1,23625875,23725874,100000,143,1,0.014105010777711868,OK,True,
qlever,r03_region_titv,w100000_07,chr1,23625875,23725874,100000,143,2,0.011585657019168139,OK,True,
qlever,r03_region_titv,w100000_07,chr1,23625875,23725874,100000,143,3,0.011580006219446659,OK,True,
qlever,r03_region_titv,w100000_08,chr1,69897964,69997963,100000,77,1,0.01227651722729206,OK,True,
qlever,r03_region_titv,w100000_08,chr1,69897964,69997963,100000,77,2,0.010091884061694145,OK,True,
qlever,r03_region_titv,w100000_08,chr1,69897964,69997963,100000,77,3,0.010819300077855587,OK,True,
qlever,r03_region_titv,w100000_09,chr1,63664508,63764507,100000,287,1,0.01297237491235137,OK,True,
qlever,r03_region_titv,w100000_09,chr1,63664508,63764507,100000,287,2,0.010861180257052183,OK,True,
qlever,r03_region_titv,w100000_09,chr1,63664508,63764507,100000,287,3,0.012717001140117645,OK,True,
qlever,r03_region_titv,w100000_10,chr1,15518874,15618873,100000,146,1,0.015347057953476906,OK,True,
qlever,r03_region_titv,w100000_10,chr1,15518874,15618873,100000,146,2,0.010497868061065674,OK,True,
qlever,r03_region_titv,w100000_10,chr1,15518874,15618873,100000,146,3,0.011950188782066107,OK,True,
qlever,r03_region_titv,w100000_11,chr1,23996836,24096835,100000,343,1,0.014895453583449125,OK,True,
qlever,r03_region_titv,w100000_11,chr1,23996836,24096835,100000,343,2,0.011232950259000063,OK,True,
qlever,r03_region_titv,w100000_11,chr1,23996836,24096835,100000,343,3,0.010672129690647125,OK,True,
qlever,r03_region_titv,w100000_12,chr1,56566795,56666794,100000,139,1,0.015029845759272575,OK,True,
qlever,r03_region_titv,w100000_12,chr1,56566795,56666794,100000,139,2,0.010944730136543512,OK,True,
qlever,r03_region_titv,w100000_12,chr1,56566795,56666794,100000,139,3,0.011180880945175886,OK,True,
qlever,r03_region_titv,w100000_13,chr1,24058646,24158645,100000,214,1,0.01218563923612237,OK,True,
qlever,r03_region_titv,w100000_13,chr1,24058646,24158645,100000,214,2,0.010231598746031523,OK,True,
qlever,r03_region_titv,w100000_13,chr1,24058646,24158645,100000,214,3,0.010043754242360592,OK,True,
qlever,r03_region_titv,w100000_14,chr1,3105927,3205926,100000,226,1,0.01174277625977993,OK,True,
qlever,r03_region_titv,w100000_14,chr1,3105927,3205926,100000,226,2,0.010303912218660116,OK,True,
qlever,r03_region_titv,w100000_14,chr1,3105927,3205926,100000,226,3,0.011040431912988424,OK,True,
qlever,r03_region_titv,w100000_15,chr1,54865968,54965967,100000,181,1,0.012334920931607485,OK,True,
qlever,r03_region_titv,w100000_15,chr1,54865968,54965967,100000,181,2,0.01050610188394785,OK,True,
qlever,r03_region_titv,w100000_15,chr1,54865968,54965967,100000,181,3,0.010298660025000572,OK,True,
qlever,r03_region_titv,w100000_16,chr1,58852100,58952099,100000,79,1,0.012012685649096966,OK,True,
qlever,r03_region_titv,w100000_16,chr1,58852100,58952099,100000,79,2,0.01041115028783679,OK,True,
qlever,r03_region_titv,w100000_16,chr1,58852100,58952099,100000,79,3,0.009817823767662048,OK,True,
qlever,r03_region_titv,w100000_17,chr1,77570681,77670680,100000,81,1,0.012681061867624521,OK,True,
qlever,r03_region_titv,w100000_17,chr1,77570681,77670680,100000,81,2,0.009832004085183144,OK,True,
qlever,r03_region_titv,w100000_17,chr1,77570681,77670680,100000,81,3,0.009888271801173687,OK,True,
qlever,r03_region_titv,w100000_18,chr1,66388887,66488886,100000,196,1,0.012039760127663612,OK,True,
qlever,r03_region_titv,w100000_18,chr1,66388887,66488886,100000,196,2,0.010466301813721657,OK,True,
qlever,r03_region_titv,w100000_18,chr1,66388887,66488886,100000,196,3,0.010312678758054972,OK,True,
qlever,r03_region_titv,w100000_19,chr1,5319806,5419805,100000,87,1,0.01191158127039671,OK,True,
qlever,r03_region_titv,w100000_19,chr1,5319806,5419805,100000,87,2,0.009859006386250257,OK,True,
qlever,r03_region_titv,w100000_19,chr1,5319806,5419805,100000,87,3,0.010228822007775307,OK,True,
qlever,r03_region_titv,w1000000_00,chr1,42846822,43846821,1000000,1112,1,0.013068435713648796,OK,True,
qlever,r03_region_titv,w1000000_00,chr1,42846822,43846821,1000000,1112,2,0.012619592249393463,OK,True,
qlever,r03_region_titv,w1000000_00,chr1,42846822,43846821,1000000,1112,3,0.011057587806135416,OK,True,
qlever,r03_region_titv,w1000000_01,chr1,9034070,10034069,1000000,1143,1,0.014480486046522856,OK,True,
qlever,r03_region_titv,w1000000_01,chr1,9034070,10034069,1000000,1143,2,0.011641568969935179,OK,True,
qlever,r03_region_titv,w1000000_01,chr1,9034070,10034069,1000000,1143,3,0.010638769250363111,OK,True,
qlever,r03_region_titv,w1000000_02,chr1,54809885,55809884,1000000,1670,1,0.012915147002786398,OK,True,
qlever,r03_region_titv,w1000000_02,chr1,54809885,55809884,1000000,1670,2,0.00963212177157402,OK,True,
qlever,r03_region_titv,w1000000_02,chr1,54809885,55809884,1000000,1670,3,0.009763631038367748,OK,True,
qlever,r03_region_titv,w1000000_03,chr1,55795141,56795140,1000000,1824,1,0.01357633201405406,OK,True,
qlever,r03_region_titv,w1000000_03,chr1,55795141,56795140,1000000,1824,2,0.011398476082831621,OK,True,
qlever,r03_region_titv,w1000000_03,chr1,55795141,56795140,1000000,1824,3,0.010573908220976591,OK,True,
qlever,r03_region_titv,w1000000_04,chr1,11734309,12734308,1000000,950,1,0.012411718256771564,OK,True,
qlever,r03_region_titv,w1000000_04,chr1,11734309,12734308,1000000,950,2,0.009928005281835794,OK,True,
qlever,r03_region_titv,w1000000_04,chr1,11734309,12734308,1000000,950,3,0.00969763658940792,OK,True,
qlever,r03_region_titv,w1000000_05,chr1,28814643,29814642,1000000,1348,1,0.014092512428760529,OK,True,
qlever,r03_region_titv,w1000000_05,chr1,28814643,29814642,1000000,1348,2,0.010369454976171255,OK,True,
qlever,r03_region_titv,w1000000_05,chr1,28814643,29814642,1000000,1348,3,0.011226044967770576,OK,True,
qlever,r03_region_titv,w1000000_06,chr1,47354520,48354519,1000000,1253,1,0.013950895052403212,OK,True,
qlever,r03_region_titv,w1000000_06,chr1,47354520,48354519,1000000,1253,2,0.010490353219211102,OK,True,
qlever,r03_region_titv,w1000000_06,chr1,47354520,48354519,1000000,1253,3,0.010440192185342312,OK,True,
qlever,r03_region_titv,w1000000_07,chr1,35782931,36782930,1000000,868,1,0.012263217940926552,OK,True,
qlever,r03_region_titv,w1000000_07,chr1,35782931,36782930,1000000,868,2,0.009676920715719461,OK,True,
qlever,r03_region_titv,w1000000_07,chr1,35782931,36782930,1000000,868,3,0.00943802297115326,OK,True,
qlever,r03_region_titv,w1000000_08,chr1,5611726,6611725,1000000,1261,1,0.012656547129154205,OK,True,
qlever,r03_region_titv,w1000000_08,chr1,5611726,6611725,1000000,1261,2,0.009744276758283377,OK,True,
qlever,r03_region_titv,w1000000_08,chr1,5611726,6611725,1000000,1261,3,0.011303483974188566,OK,True,
qlever,r03_region_titv,w1000000_09,chr1,17930348,18930347,1000000,1491,1,0.012924283742904663,OK,True,
qlever,r03_region_titv,w1000000_09,chr1,17930348,18930347,1000000,1491,2,0.009665208403021097,OK,True,
qlever,r03_region_titv,w1000000_09,chr1,17930348,18930347,1000000,1491,3,0.009162976872175932,OK,True,
qlever,r03_region_titv,w1000000_10,chr1,58656617,59656616,1000000,1262,1,0.012162772938609123,OK,True,
qlever,r03_region_titv,w1000000_10,chr1,58656617,59656616,1000000,1262,2,0.009303960017859936,OK,True,
qlever,r03_region_titv,w1000000_10,chr1,58656617,59656616,1000000,1262,3,0.009220640175044537,OK,True,
qlever,r03_region_titv,w1000000_11,chr1,20579658,21579657,1000000,1246,1,0.012269014026969671,OK,True,
qlever,r03_region_titv,w1000000_11,chr1,20579658,21579657,1000000,1246,2,0.009570619091391563,OK,True,
qlever,r03_region_titv,w1000000_11,chr1,20579658,21579657,1000000,1246,3,0.010186702944338322,OK,True,
qlever,r03_region_titv,w1000000_12,chr1,66774094,67774093,1000000,1548,1,0.01334811793640256,OK,True,
qlever,r03_region_titv,w1000000_12,chr1,66774094,67774093,1000000,1548,2,0.010382216889411211,OK,True,
qlever,r03_region_titv,w1000000_12,chr1,66774094,67774093,1000000,1548,3,0.009883369784802198,OK,True,
qlever,r03_region_titv,w1000000_13,chr1,53330427,54330426,1000000,1337,1,0.01295335404574871,OK,True,
qlever,r03_region_titv,w1000000_13,chr1,53330427,54330426,1000000,1337,2,0.009735818952322006,OK,True,
qlever,r03_region_titv,w1000000_13,chr1,53330427,54330426,1000000,1337,3,0.010034671984612942,OK,True,
qlever,r03_region_titv,w1000000_14,chr1,34457222,35457221,1000000,1194,1,0.012791291810572147,OK,True,
qlever,r03_region_titv,w1000000_14,chr1,34457222,35457221,1000000,1194,2,0.010012271348387003,OK,True,
qlever,r03_region_titv,w1000000_14,chr1,34457222,35457221,1000000,1194,3,0.009593003895133734,OK,True,
qlever,r03_region_titv,w1000000_15,chr1,6173132,7173131,1000000,906,1,0.012234741356223822,OK,True,
qlever,r03_region_titv,w1000000_15,chr1,6173132,7173131,1000000,906,2,0.009684264194220304,OK,True,
qlever,r03_region_titv,w1000000_15,chr1,6173132,7173131,1000000,906,3,0.009976022876799107,OK,True,
qlever,r03_region_titv,w1000000_16,chr1,34054184,35054183,1000000,1668,1,0.01381562789902091,OK,True,
qlever,r03_region_titv,w1000000_16,chr1,34054184,35054183,1000000,1668,2,0.010759408120065928,OK,True,
qlever,r03_region_titv,w1000000_16,chr1,34054184,35054183,1000000,1668,3,0.010437770746648312,OK,True,
qlever,r03_region_titv,w1000000_17,chr1,15193776,16193775,1000000,1521,1,0.012920591048896313,OK,True,
qlever,r03_region_titv,w1000000_17,chr1,15193776,16193775,1000000,1521,2,0.01055264612659812,OK,True,
qlever,r03_region_titv,w1000000_17,chr1,15193776,16193775,1000000,1521,3,0.00993722165003419,OK,True,
qlever,r03_region_titv,w1000000_18,chr1,43583485,44583484,1000000,1108,1,0.012359579093754292,OK,True,
qlever,r03_region_titv,w1000000_18,chr1,43583485,44583484,1000000,1108,2,0.00968641322106123,OK,True,
qlever,r03_region_titv,w1000000_18,chr1,43583485,44583484,1000000,1108,3,0.009307940024882555,OK,True,
qlever,r03_region_titv,w1000000_19,chr1,58570714,59570713,1000000,1451,1,0.01393508492037654,OK,True,
qlever,r03_region_titv,w1000000_19,chr1,58570714,59570713,1000000,1451,2,0.010287143290042877,OK,True,
qlever,r03_region_titv,w1000000_19,chr1,58570714,59570713,1000000,1451,3,0.01023157313466072,OK,True,
qlever,r03_region_titv,w10000000_00,chr1,36023355,46023354,10000000,11510,1,0.022687061224132776,OK,True,
qlever,r03_region_titv,w10000000_00,chr1,36023355,46023354,10000000,11510,2,0.010127545800060034,OK,True,
qlever,r03_region_titv,w10000000_00,chr1,36023355,46023354,10000000,11510,3,0.009855189360678196,OK,True,
qlever,r03_region_titv,w10000000_01,chr1,57527385,67527384,10000000,14820,1,0.025874176062643528,OK,True,
qlever,r03_region_titv,w10000000_01,chr1,57527385,67527384,10000000,14820,2,0.010039289016276598,OK,True,
qlever,r03_region_titv,w10000000_01,chr1,57527385,67527384,10000000,14820,3,0.0097328987903893,OK,True,
qlever,r03_region_titv,w10000000_02,chr1,63680811,73680810,10000000,13676,1,0.024501550011336803,OK,True,
qlever,r03_region_titv,w10000000_02,chr1,63680811,73680810,10000000,13676,2,0.010013462975621223,OK,True,
qlever,r03_region_titv,w10000000_02,chr1,63680811,73680810,10000000,13676,3,0.009643114171922207,OK,True,
qlever,r03_region_titv,w10000000_03,chr1,53679378,63679377,10000000,14787,1,0.025407548062503338,OK,True,
qlever,r03_region_titv,w10000000_03,chr1,53679378,63679377,10000000,14787,2,0.00989966792985797,OK,True,
qlever,r03_region_titv,w10000000_03,chr1,53679378,63679377,10000000,14787,3,0.009576383046805859,OK,True,
qlever,r03_region_titv,w10000000_04,chr1,60690498,70690497,10000000,14398,1,0.0253710332326591,OK,True,
qlever,r03_region_titv,w10000000_04,chr1,60690498,70690497,10000000,14398,2,0.00989963673055172,OK,True,
qlever,r03_region_titv,w10000000_04,chr1,60690498,70690497,10000000,14398,3,0.00992593914270401,OK,True,
qlever,r03_region_titv,w10000000_05,chr1,47428546,57428545,10000000,11289,1,0.02378558414056897,OK,True,
qlever,r03_region_titv,w10000000_05,chr1,47428546,57428545,10000000,11289,2,0.009891340043395758,OK,True,
qlever,r03_region_titv,w10000000_05,chr1,47428546,57428545,10000000,11289,3,0.009834309108555317,OK,True,
qlever,r03_region_titv,w10000000_06,chr1,22030736,32030735,10000000,12991,1,0.024909073021262884,OK,True,
qlever,r03_region_titv,w10000000_06,chr1,22030736,32030735,10000000,12991,2,0.010860165115445852,OK,True,
qlever,r03_region_titv,w10000000_06,chr1,22030736,32030735,10000000,12991,3,0.009924538899213076,OK,True,
qlever,r03_region_titv,w10000000_07,chr1,34252401,44252400,10000000,11717,1,0.02246732357889414,OK,True,
qlever,r03_region_titv,w10000000_07,chr1,34252401,44252400,10000000,11717,2,0.011780984234064817,OK,True,
qlever,r03_region_titv,w10000000_07,chr1,34252401,44252400,10000000,11717,3,0.009854759555310011,OK,True,
qlever,r03_region_titv,w10000000_08,chr1,58528508,68528507,10000000,14502,1,0.02575032226741314,OK,True,
qlever,r03_region_titv,w10000000_08,chr1,58528508,68528507,10000000,14502,2,0.010641657281666994,OK,True,
qlever,r03_region_titv,w10000000_08,chr1,58528508,68528507,10000000,14502,3,0.00997390691190958,OK,True,
qlever,r03_region_titv,w10000000_09,chr1,51917411,61917410,10000000,13900,1,0.02450474025681615,OK,True,
qlever,r03_region_titv,w10000000_09,chr1,51917411,61917410,10000000,13900,2,0.010553435888141394,OK,True,
qlever,r03_region_titv,w10000000_09,chr1,51917411,61917410,10000000,13900,3,0.012441506143659353,OK,True,
qlever,r03_region_titv,w10000000_10,chr1,17106918,27106917,10000000,14199,1,0.02492276905104518,OK,True,
qlever,r03_region_titv,w10000000_10,chr1,17106918,27106917,10000000,14199,2,0.010048212949186563,OK,True,
qlever,r03_region_titv,w10000000_10,chr1,17106918,27106917,10000000,14199,3,0.009295416064560413,OK,True,
qlever,r03_region_titv,w10000000_11,chr1,43275553,53275552,10000000,9415,1,0.019911198876798153,OK,True,
qlever,r03_region_titv,w10000000_11,chr1,43275553,53275552,10000000,9415,2,0.009816053323447704,OK,True,
qlever,r03_region_titv,w10000000_11,chr1,43275553,53275552,10000000,9415,3,0.009909145999699831,OK,True,
qlever,r03_region_titv,w10000000_12,chr1,75394691,85394690,10000000,3288,1,0.01476359087973833,OK,True,
qlever,r03_region_titv,w10000000_12,chr1,75394691,85394690,10000000,3288,2,0.010161129757761955,OK,True,
qlever,r03_region_titv,w10000000_12,chr1,75394691,85394690,10000000,3288,3,0.010689014103263617,OK,True,
qlever,r03_region_titv,w10000000_13,chr1,40866716,50866715,10000000,10786,1,0.021377841010689735,OK,True,
qlever,r03_region_titv,w10000000_13,chr1,40866716,50866715,10000000,10786,2,0.010033681988716125,OK,True,
qlever,r03_region_titv,w10000000_13,chr1,40866716,50866715,10000000,10786,3,0.009669722057878971,OK,True,
qlever,r03_region_titv,w10000000_14,chr1,54182280,64182279,10000000,14941,1,0.02540305396541953,OK,True,
qlever,r03_region_titv,w10000000_14,chr1,54182280,64182279,10000000,14941,2,0.01074263034388423,OK,True,
qlever,r03_region_titv,w10000000_14,chr1,54182280,64182279,10000000,14941,3,0.009795489721000195,OK,True,
qlever,r03_region_titv,w10000000_15,chr1,22053178,32053177,10000000,12910,1,0.02400434296578169,OK,True,
qlever,r03_region_titv,w10000000_15,chr1,22053178,32053177,10000000,12910,2,0.010644197929650545,OK,True,
qlever,r03_region_titv,w10000000_15,chr1,22053178,32053177,10000000,12910,3,0.010435712989419699,OK,True,
qlever,r03_region_titv,w10000000_16,chr1,65680356,75680355,10000000,13295,1,0.023186338134109974,OK,True,
qlever,r03_region_titv,w10000000_16,chr1,65680356,75680355,10000000,13295,2,0.01019446412101388,OK,True,
qlever,r03_region_titv,w10000000_16,chr1,65680356,75680355,10000000,13295,3,0.010171439964324236,OK,True,
qlever,r03_region_titv,w10000000_17,chr1,30270070,40270069,10000000,12583,1,0.0237088561989367,OK,True,
qlever,r03_region_titv,w10000000_17,chr1,30270070,40270069,10000000,12583,2,0.010282225906848907,OK,True,
qlever,r03_region_titv,w10000000_17,chr1,30270070,40270069,10000000,12583,3,0.010343918576836586,OK,True,
qlever,r03_region_titv,w10000000_18,chr1,42283662,52283661,10000000,9628,1,0.020453890785574913,OK,True,
qlever,r03_region_titv,w10000000_18,chr1,42283662,52283661,10000000,9628,2,0.0093438602052629,OK,True,
qlever,r03_region_titv,w10000000_18,chr1,42283662,52283661,10000000,9628,3,0.009286523796617985,OK,True,
qlever,r03_region_titv,w10000000_19,chr1,61622305,71622304,10000000,14407,1,0.024466921109706163,OK,True,
qlever,r03_region_titv,w10000000_19,chr1,61622305,71622304,10000000,14407,2,0.010234298650175333,OK,True,
qlever,r03_region_titv,w10000000_19,chr1,61622305,71622304,10000000,14407,3,0.009349749889224768,OK,True,
qlever,r04_region_filter_distribution,w1000_00,chr1,23894831,23895830,1000,10,1,0.058132119942456484,OK,True,
qlever,r04_region_filter_distribution,w1000_00,chr1,23894831,23895830,1000,10,2,0.007652588654309511,OK,True,
qlever,r04_region_filter_distribution,w1000_00,chr1,23894831,23895830,1000,10,3,0.007042276673018932,OK,True,
qlever,r04_region_filter_distribution,w1000_01,chr1,37268328,37269327,1000,1,1,0.016061448026448488,OK,True,
qlever,r04_region_filter_distribution,w1000_01,chr1,37268328,37269327,1000,1,2,0.007717160973697901,OK,True,
qlever,r04_region_filter_distribution,w1000_01,chr1,37268328,37269327,1000,1,3,0.007167749106884003,OK,True,
qlever,r04_region_filter_distribution,w1000_02,chr1,42471294,42472293,1000,2,1,0.016376613173633814,OK,True,
qlever,r04_region_filter_distribution,w1000_02,chr1,42471294,42472293,1000,2,2,0.0076624671928584576,OK,True,
qlever,r04_region_filter_distribution,w1000_02,chr1,42471294,42472293,1000,2,3,0.008338460233062506,OK,True,
qlever,r04_region_filter_distribution,w1000_03,chr1,19972624,19973623,1000,4,1,0.016854654997587204,OK,True,
qlever,r04_region_filter_distribution,w1000_03,chr1,19972624,19973623,1000,4,2,0.0077078938484191895,OK,True,
qlever,r04_region_filter_distribution,w1000_03,chr1,19972624,19973623,1000,4,3,0.007421809248626232,OK,True,
qlever,r04_region_filter_distribution,w1000_04,chr1,65925426,65926425,1000,2,1,0.01679664198309183,OK,True,
qlever,r04_region_filter_distribution,w1000_04,chr1,65925426,65926425,1000,2,2,0.007783952169120312,OK,True,
qlever,r04_region_filter_distribution,w1000_04,chr1,65925426,65926425,1000,2,3,0.006759049836546183,OK,True,
qlever,r04_region_filter_distribution,w1000_05,chr1,54878472,54879471,1000,2,1,0.016656670719385147,OK,True,
qlever,r04_region_filter_distribution,w1000_05,chr1,54878472,54879471,1000,2,2,0.007448634132742882,OK,True,
qlever,r04_region_filter_distribution,w1000_05,chr1,54878472,54879471,1000,2,3,0.006935684010386467,OK,True,
qlever,r04_region_filter_distribution,w1000_06,chr1,54724268,54725267,1000,9,1,0.016256412025541067,OK,True,
qlever,r04_region_filter_distribution,w1000_06,chr1,54724268,54725267,1000,9,2,0.007231476251035929,OK,True,
qlever,r04_region_filter_distribution,w1000_06,chr1,54724268,54725267,1000,9,3,0.007053266279399395,OK,True,
qlever,r04_region_filter_distribution,w1000_07,chr1,50226603,50227602,1000,3,1,0.01608535135164857,OK,True,
qlever,r04_region_filter_distribution,w1000_07,chr1,50226603,50227602,1000,3,2,0.007144267670810223,OK,True,
qlever,r04_region_filter_distribution,w1000_07,chr1,50226603,50227602,1000,3,3,0.006984437350183725,OK,True,
qlever,r04_region_filter_distribution,w1000_08,chr1,5558122,5559121,1000,2,1,0.016306899022310972,OK,True,
qlever,r04_region_filter_distribution,w1000_08,chr1,5558122,5559121,1000,2,2,0.0075949085876345634,OK,True,
qlever,r04_region_filter_distribution,w1000_08,chr1,5558122,5559121,1000,2,3,0.007504455279558897,OK,True,
qlever,r04_region_filter_distribution,w1000_09,chr1,21979241,21980240,1000,15,1,0.016321602743119,OK,True,
qlever,r04_region_filter_distribution,w1000_09,chr1,21979241,21980240,1000,15,2,0.01080164685845375,OK,True,
qlever,r04_region_filter_distribution,w1000_09,chr1,21979241,21980240,1000,15,3,0.007109158206731081,OK,True,
qlever,r04_region_filter_distribution,w1000_10,chr1,58250107,58251106,1000,2,1,0.016006906982511282,OK,True,
qlever,r04_region_filter_distribution,w1000_10,chr1,58250107,58251106,1000,2,2,0.007641302887350321,OK,True,
qlever,r04_region_filter_distribution,w1000_10,chr1,58250107,58251106,1000,2,3,0.00867263600230217,OK,True,
qlever,r04_region_filter_distribution,w1000_11,chr1,33820268,33821267,1000,1,1,0.016904940828680992,OK,True,
qlever,r04_region_filter_distribution,w1000_11,chr1,33820268,33821267,1000,1,2,0.008047901093959808,OK,True,
qlever,r04_region_filter_distribution,w1000_11,chr1,33820268,33821267,1000,1,3,0.007344782818108797,OK,True,
qlever,r04_region_filter_distribution,w1000_12,chr1,74268898,74269897,1000,4,1,0.016564601100981236,OK,True,
qlever,r04_region_filter_distribution,w1000_12,chr1,74268898,74269897,1000,4,2,0.007054364308714867,OK,True,
qlever,r04_region_filter_distribution,w1000_12,chr1,74268898,74269897,1000,4,3,0.006970599759370089,OK,True,
qlever,r04_region_filter_distribution,w1000_13,chr1,58011340,58012339,1000,3,1,0.016491536051034927,OK,True,
qlever,r04_region_filter_distribution,w1000_13,chr1,58011340,58012339,1000,3,2,0.007626709993928671,OK,True,
qlever,r04_region_filter_distribution,w1000_13,chr1,58011340,58012339,1000,3,3,0.00860973121598363,OK,True,
qlever,r04_region_filter_distribution,w1000_14,chr1,55322618,55323617,1000,2,1,0.016653578262776136,OK,True,
qlever,r04_region_filter_distribution,w1000_14,chr1,55322618,55323617,1000,2,2,0.008133712224662304,OK,True,
qlever,r04_region_filter_distribution,w1000_14,chr1,55322618,55323617,1000,2,3,0.00867852894589305,OK,True,
qlever,r04_region_filter_distribution,w1000_15,chr1,58597811,58598810,1000,2,1,0.01589370984584093,OK,True,
qlever,r04_region_filter_distribution,w1000_15,chr1,58597811,58598810,1000,2,2,0.0073933410458266735,OK,True,
qlever,r04_region_filter_distribution,w1000_15,chr1,58597811,58598810,1000,2,3,0.008960896171629429,OK,True,
qlever,r04_region_filter_distribution,w1000_16,chr1,61942877,61943876,1000,1,1,0.017687444109469652,OK,True,
qlever,r04_region_filter_distribution,w1000_16,chr1,61942877,61943876,1000,1,2,0.007410240825265646,OK,True,
qlever,r04_region_filter_distribution,w1000_16,chr1,61942877,61943876,1000,1,3,0.007470916956663132,OK,True,
qlever,r04_region_filter_distribution,w1000_17,chr1,74952903,74953902,1000,2,1,0.016854541841894388,OK,True,
qlever,r04_region_filter_distribution,w1000_17,chr1,74952903,74953902,1000,2,2,0.007592799142003059,OK,True,
qlever,r04_region_filter_distribution,w1000_17,chr1,74952903,74953902,1000,2,3,0.006956333760172129,OK,True,
qlever,r04_region_filter_distribution,w1000_18,chr1,10920022,10921021,1000,7,1,0.01663075014948845,OK,True,
qlever,r04_region_filter_distribution,w1000_18,chr1,10920022,10921021,1000,7,2,0.0073499600403010845,OK,True,
qlever,r04_region_filter_distribution,w1000_18,chr1,10920022,10921021,1000,7,3,0.007581482175737619,OK,True,
qlever,r04_region_filter_distribution,w1000_19,chr1,54064366,54065365,1000,1,1,0.01648621028289199,OK,True,
qlever,r04_region_filter_distribution,w1000_19,chr1,54064366,54065365,1000,1,2,0.007104384712874889,OK,True,
qlever,r04_region_filter_distribution,w1000_19,chr1,54064366,54065365,1000,1,3,0.007150947116315365,OK,True,
qlever,r04_region_filter_distribution,w100000_00,chr1,76042312,76142311,100000,132,1,0.016906656324863434,OK,True,
qlever,r04_region_filter_distribution,w100000_00,chr1,76042312,76142311,100000,132,2,0.007110005244612694,OK,True,
qlever,r04_region_filter_distribution,w100000_00,chr1,76042312,76142311,100000,132,3,0.0069077457301318645,OK,True,
qlever,r04_region_filter_distribution,w100000_01,chr1,26177705,26277704,100000,141,1,0.01692136563360691,OK,True,
qlever,r04_region_filter_distribution,w100000_01,chr1,26177705,26277704,100000,141,2,0.007247657049447298,OK,True,
qlever,r04_region_filter_distribution,w100000_01,chr1,26177705,26277704,100000,141,3,0.0074069001711905,OK,True,
qlever,r04_region_filter_distribution,w100000_02,chr1,76668322,76768321,100000,131,1,0.01678170310333371,OK,True,
qlever,r04_region_filter_distribution,w100000_02,chr1,76668322,76768321,100000,131,2,0.009245941881090403,OK,True,
qlever,r04_region_filter_distribution,w100000_02,chr1,76668322,76768321,100000,131,3,0.00833984138444066,OK,True,
qlever,r04_region_filter_distribution,w100000_03,chr1,64797067,64897066,100000,153,1,0.019436476286500692,OK,True,
qlever,r04_region_filter_distribution,w100000_03,chr1,64797067,64897066,100000,153,2,0.010908827185630798,OK,True,
qlever,r04_region_filter_distribution,w100000_03,chr1,64797067,64897066,100000,153,3,0.010851476341485977,OK,True,
qlever,r04_region_filter_distribution,w100000_04,chr1,66848110,66948109,100000,83,1,0.020195777993649244,OK,True,
qlever,r04_region_filter_distribution,w100000_04,chr1,66848110,66948109,100000,83,2,0.007903753779828548,OK,True,
qlever,r04_region_filter_distribution,w100000_04,chr1,66848110,66948109,100000,83,3,0.007794925943017006,OK,True,
qlever,r04_region_filter_distribution,w100000_05,chr1,58175965,58275964,100000,181,1,0.016825786791741848,OK,True,
qlever,r04_region_filter_distribution,w100000_05,chr1,58175965,58275964,100000,181,2,0.007504563312977552,OK,True,
qlever,r04_region_filter_distribution,w100000_05,chr1,58175965,58275964,100000,181,3,0.007167452946305275,OK,True,
qlever,r04_region_filter_distribution,w100000_06,chr1,41567443,41667442,100000,142,1,0.018919145222753286,OK,True,
qlever,r04_region_filter_distribution,w100000_06,chr1,41567443,41667442,100000,142,2,0.007512860000133514,OK,True,
qlever,r04_region_filter_distribution,w100000_06,chr1,41567443,41667442,100000,142,3,0.00722157908603549,OK,True,
qlever,r04_region_filter_distribution,w100000_07,chr1,23625875,23725874,100000,143,1,0.016651727724820375,OK,True,
qlever,r04_region_filter_distribution,w100000_07,chr1,23625875,23725874,100000,143,2,0.00705264275893569,OK,True,
qlever,r04_region_filter_distribution,w100000_07,chr1,23625875,23725874,100000,143,3,0.00728986319154501,OK,True,
qlever,r04_region_filter_distribution,w100000_08,chr1,69897964,69997963,100000,77,1,0.016099889297038317,OK,True,
qlever,r04_region_filter_distribution,w100000_08,chr1,69897964,69997963,100000,77,2,0.0076570152305066586,OK,True,
qlever,r04_region_filter_distribution,w100000_08,chr1,69897964,69997963,100000,77,3,0.007625177036970854,OK,True,
qlever,r04_region_filter_distribution,w100000_09,chr1,63664508,63764507,100000,287,1,0.017851921264082193,OK,True,
qlever,r04_region_filter_distribution,w100000_09,chr1,63664508,63764507,100000,287,2,0.00782462116330862,OK,True,
qlever,r04_region_filter_distribution,w100000_09,chr1,63664508,63764507,100000,287,3,0.007623112760484219,OK,True,
qlever,r04_region_filter_distribution,w100000_10,chr1,15518874,15618873,100000,146,1,0.01680361619219184,OK,True,
qlever,r04_region_filter_distribution,w100000_10,chr1,15518874,15618873,100000,146,2,0.009566594380885363,OK,True,
qlever,r04_region_filter_distribution,w100000_10,chr1,15518874,15618873,100000,146,3,0.0074377888813614845,OK,True,
qlever,r04_region_filter_distribution,w100000_11,chr1,23996836,24096835,100000,343,1,0.017208136152476072,OK,True,
qlever,r04_region_filter_distribution,w100000_11,chr1,23996836,24096835,100000,343,2,0.007293154019862413,OK,True,
qlever,r04_region_filter_distribution,w100000_11,chr1,23996836,24096835,100000,343,3,0.007086395286023617,OK,True,
qlever,r04_region_filter_distribution,w100000_12,chr1,56566795,56666794,100000,139,1,0.01654553273692727,OK,True,
qlever,r04_region_filter_distribution,w100000_12,chr1,56566795,56666794,100000,139,2,0.0076876613311469555,OK,True,
qlever,r04_region_filter_distribution,w100000_12,chr1,56566795,56666794,100000,139,3,0.007191134616732597,OK,True,
qlever,r04_region_filter_distribution,w100000_13,chr1,24058646,24158645,100000,214,1,0.018211007118225098,OK,True,
qlever,r04_region_filter_distribution,w100000_13,chr1,24058646,24158645,100000,214,2,0.007462752051651478,OK,True,
qlever,r04_region_filter_distribution,w100000_13,chr1,24058646,24158645,100000,214,3,0.006940180901437998,OK,True,
qlever,r04_region_filter_distribution,w100000_14,chr1,3105927,3205926,100000,226,1,0.017280366737395525,OK,True,
qlever,r04_region_filter_distribution,w100000_14,chr1,3105927,3205926,100000,226,2,0.007792552933096886,OK,True,
qlever,r04_region_filter_distribution,w100000_14,chr1,3105927,3205926,100000,226,3,0.007115759886801243,OK,True,
qlever,r04_region_filter_distribution,w100000_15,chr1,54865968,54965967,100000,181,1,0.016386913135647774,OK,True,
qlever,r04_region_filter_distribution,w100000_15,chr1,54865968,54965967,100000,181,2,0.007502623368054628,OK,True,
qlever,r04_region_filter_distribution,w100000_15,chr1,54865968,54965967,100000,181,3,0.007407460827380419,OK,True,
qlever,r04_region_filter_distribution,w100000_16,chr1,58852100,58952099,100000,79,1,0.01712643261998892,OK,True,
qlever,r04_region_filter_distribution,w100000_16,chr1,58852100,58952099,100000,79,2,0.0073104240000247955,OK,True,
qlever,r04_region_filter_distribution,w100000_16,chr1,58852100,58952099,100000,79,3,0.00704794330522418,OK,True,
qlever,r04_region_filter_distribution,w100000_17,chr1,77570681,77670680,100000,81,1,0.016248590778559446,OK,True,
qlever,r04_region_filter_distribution,w100000_17,chr1,77570681,77670680,100000,81,2,0.007807610090821981,OK,True,
qlever,r04_region_filter_distribution,w100000_17,chr1,77570681,77670680,100000,81,3,0.006908681243658066,OK,True,
qlever,r04_region_filter_distribution,w100000_18,chr1,66388887,66488886,100000,196,1,0.016824449878185987,OK,True,
qlever,r04_region_filter_distribution,w100000_18,chr1,66388887,66488886,100000,196,2,0.007538437843322754,OK,True,
qlever,r04_region_filter_distribution,w100000_18,chr1,66388887,66488886,100000,196,3,0.006910510826855898,OK,True,
qlever,r04_region_filter_distribution,w100000_19,chr1,5319806,5419805,100000,87,1,0.017094066832214594,OK,True,
qlever,r04_region_filter_distribution,w100000_19,chr1,5319806,5419805,100000,87,2,0.007626272272318602,OK,True,
qlever,r04_region_filter_distribution,w100000_19,chr1,5319806,5419805,100000,87,3,0.007485270965844393,OK,True,
qlever,r04_region_filter_distribution,w1000000_00,chr1,42846822,43846821,1000000,1112,1,0.018592056818306446,OK,True,
qlever,r04_region_filter_distribution,w1000000_00,chr1,42846822,43846821,1000000,1112,2,0.007143483031541109,OK,True,
qlever,r04_region_filter_distribution,w1000000_00,chr1,42846822,43846821,1000000,1112,3,0.007335998117923737,OK,True,
qlever,r04_region_filter_distribution,w1000000_01,chr1,9034070,10034069,1000000,1143,1,0.018899378832429647,OK,True,
qlever,r04_region_filter_distribution,w1000000_01,chr1,9034070,10034069,1000000,1143,2,0.007579278666526079,OK,True,
qlever,r04_region_filter_distribution,w1000000_01,chr1,9034070,10034069,1000000,1143,3,0.0070670610293745995,OK,True,
qlever,r04_region_filter_distribution,w1000000_02,chr1,54809885,55809884,1000000,1670,1,0.01978833507746458,OK,True,
qlever,r04_region_filter_distribution,w1000000_02,chr1,54809885,55809884,1000000,1670,2,0.0075119659304618835,OK,True,
qlever,r04_region_filter_distribution,w1000000_02,chr1,54809885,55809884,1000000,1670,3,0.006911625154316425,OK,True,
qlever,r04_region_filter_distribution,w1000000_03,chr1,55795141,56795140,1000000,1824,1,0.019782530143857002,OK,True,
qlever,r04_region_filter_distribution,w1000000_03,chr1,55795141,56795140,1000000,1824,2,0.007877903059124947,OK,True,
qlever,r04_region_filter_distribution,w1000000_03,chr1,55795141,56795140,1000000,1824,3,0.007346614729613066,OK,True,
qlever,r04_region_filter_distribution,w1000000_04,chr1,11734309,12734308,1000000,950,1,0.01871545286849141,OK,True,
qlever,r04_region_filter_distribution,w1000000_04,chr1,11734309,12734308,1000000,950,2,0.007807505317032337,OK,True,
qlever,r04_region_filter_distribution,w1000000_04,chr1,11734309,12734308,1000000,950,3,0.007533151190727949,OK,True,
qlever,r04_region_filter_distribution,w1000000_05,chr1,28814643,29814642,1000000,1348,1,0.020590340718626976,OK,True,
qlever,r04_region_filter_distribution,w1000000_05,chr1,28814643,29814642,1000000,1348,2,0.007686990778893232,OK,True,
qlever,r04_region_filter_distribution,w1000000_05,chr1,28814643,29814642,1000000,1348,3,0.009323137812316418,OK,True,
qlever,r04_region_filter_distribution,w1000000_06,chr1,47354520,48354519,1000000,1253,1,0.01863714400678873,OK,True,
qlever,r04_region_filter_distribution,w1000000_06,chr1,47354520,48354519,1000000,1253,2,0.007280771620571613,OK,True,
qlever,r04_region_filter_distribution,w1000000_06,chr1,47354520,48354519,1000000,1253,3,0.007186871021986008,OK,True,
qlever,r04_region_filter_distribution,w1000000_07,chr1,35782931,36782930,1000000,868,1,0.017383837141096592,OK,True,
qlever,r04_region_filter_distribution,w1000000_07,chr1,35782931,36782930,1000000,868,2,0.007431709207594395,OK,True,
qlever,r04_region_filter_distribution,w1000000_07,chr1,35782931,36782930,1000000,868,3,0.0073850941844284534,OK,True,
qlever,r04_region_filter_distribution,w1000000_08,chr1,5611726,6611725,1000000,1261,1,0.01945584872737527,OK,True,
qlever,r04_region_filter_distribution,w1000000_08,chr1,5611726,6611725,1000000,1261,2,0.008037605322897434,OK,True,
qlever,r04_region_filter_distribution,w1000000_08,chr1,5611726,6611725,1000000,1261,3,0.0073013268411159515,OK,True,
qlever,r04_region_filter_distribution,w1000000_09,chr1,17930348,18930347,1000000,1491,1,0.02005703980103135,OK,True,
qlever,r04_region_filter_distribution,w1000000_09,chr1,17930348,18930347,1000000,1491,2,0.007937157992273569,OK,True,
qlever,r04_region_filter_distribution,w1000000_09,chr1,17930348,18930347,1000000,1491,3,0.0074419742450118065,OK,True,
qlever,r04_region_filter_distribution,w1000000_10,chr1,58656617,59656616,1000000,1262,1,0.01919804560020566,OK,True,
qlever,r04_region_filter_distribution,w1000000_10,chr1,58656617,59656616,1000000,1262,2,0.007612398825585842,OK,True,
qlever,r04_region_filter_distribution,w1000000_10,chr1,58656617,59656616,1000000,1262,3,0.007459292188286781,OK,True,
qlever,r04_region_filter_distribution,w1000000_11,chr1,20579658,21579657,1000000,1246,1,0.01815009117126465,OK,True,
qlever,r04_region_filter_distribution,w1000000_11,chr1,20579658,21579657,1000000,1246,2,0.007390212267637253,OK,True,
qlever,r04_region_filter_distribution,w1000000_11,chr1,20579658,21579657,1000000,1246,3,0.006878703832626343,OK,True,
qlever,r04_region_filter_distribution,w1000000_12,chr1,66774094,67774093,1000000,1548,1,0.021059339866042137,OK,True,
qlever,r04_region_filter_distribution,w1000000_12,chr1,66774094,67774093,1000000,1548,2,0.008227203972637653,OK,True,
qlever,r04_region_filter_distribution,w1000000_12,chr1,66774094,67774093,1000000,1548,3,0.007646041922271252,OK,True,
qlever,r04_region_filter_distribution,w1000000_13,chr1,53330427,54330426,1000000,1337,1,0.019272517878562212,OK,True,
qlever,r04_region_filter_distribution,w1000000_13,chr1,53330427,54330426,1000000,1337,2,0.0076437098905444145,OK,True,
qlever,r04_region_filter_distribution,w1000000_13,chr1,53330427,54330426,1000000,1337,3,0.006920626852661371,OK,True,
qlever,r04_region_filter_distribution,w1000000_14,chr1,34457222,35457221,1000000,1194,1,0.019345713779330254,OK,True,
qlever,r04_region_filter_distribution,w1000000_14,chr1,34457222,35457221,1000000,1194,2,0.008037862833589315,OK,True,
qlever,r04_region_filter_distribution,w1000000_14,chr1,34457222,35457221,1000000,1194,3,0.00761066097766161,OK,True,
qlever,r04_region_filter_distribution,w1000000_15,chr1,6173132,7173131,1000000,906,1,0.0184763940051198,OK,True,
qlever,r04_region_filter_distribution,w1000000_15,chr1,6173132,7173131,1000000,906,2,0.007283356972038746,OK,True,
qlever,r04_region_filter_distribution,w1000000_15,chr1,6173132,7173131,1000000,906,3,0.007050571963191032,OK,True,
qlever,r04_region_filter_distribution,w1000000_16,chr1,34054184,35054183,1000000,1668,1,0.019523834343999624,OK,True,
qlever,r04_region_filter_distribution,w1000000_16,chr1,34054184,35054183,1000000,1668,2,0.0072046020068228245,OK,True,
qlever,r04_region_filter_distribution,w1000000_16,chr1,34054184,35054183,1000000,1668,3,0.006914640311151743,OK,True,
qlever,r04_region_filter_distribution,w1000000_17,chr1,15193776,16193775,1000000,1521,1,0.018975866958498955,OK,True,
qlever,r04_region_filter_distribution,w1000000_17,chr1,15193776,16193775,1000000,1521,2,0.007452634163200855,OK,True,
qlever,r04_region_filter_distribution,w1000000_17,chr1,15193776,16193775,1000000,1521,3,0.007599160075187683,OK,True,
qlever,r04_region_filter_distribution,w1000000_18,chr1,43583485,44583484,1000000,1108,1,0.019063312094658613,OK,True,
qlever,r04_region_filter_distribution,w1000000_18,chr1,43583485,44583484,1000000,1108,2,0.007442608010023832,OK,True,
qlever,r04_region_filter_distribution,w1000000_18,chr1,43583485,44583484,1000000,1108,3,0.007016364950686693,OK,True,
qlever,r04_region_filter_distribution,w1000000_19,chr1,58570714,59570713,1000000,1451,1,0.01936649391427636,OK,True,
qlever,r04_region_filter_distribution,w1000000_19,chr1,58570714,59570713,1000000,1451,2,0.007214182987809181,OK,True,
qlever,r04_region_filter_distribution,w1000000_19,chr1,58570714,59570713,1000000,1451,3,0.007123328745365143,OK,True,
qlever,r04_region_filter_distribution,w10000000_00,chr1,36023355,46023354,10000000,11510,1,0.037042426876723766,OK,True,
qlever,r04_region_filter_distribution,w10000000_00,chr1,36023355,46023354,10000000,11510,2,0.0075711579993367195,OK,True,
qlever,r04_region_filter_distribution,w10000000_00,chr1,36023355,46023354,10000000,11510,3,0.0071852561086416245,OK,True,
qlever,r04_region_filter_distribution,w10000000_01,chr1,57527385,67527384,10000000,14820,1,0.043768368661403656,OK,True,
qlever,r04_region_filter_distribution,w10000000_01,chr1,57527385,67527384,10000000,14820,2,0.007807675749063492,OK,True,
qlever,r04_region_filter_distribution,w10000000_01,chr1,57527385,67527384,10000000,14820,3,0.008072868920862675,OK,True,
qlever,r04_region_filter_distribution,w10000000_02,chr1,63680811,73680810,10000000,13676,1,0.042480634059756994,OK,True,
qlever,r04_region_filter_distribution,w10000000_02,chr1,63680811,73680810,10000000,13676,2,0.00792263401672244,OK,True,
qlever,r04_region_filter_distribution,w10000000_02,chr1,63680811,73680810,10000000,13676,3,0.007548612076789141,OK,True,
qlever,r04_region_filter_distribution,w10000000_03,chr1,53679378,63679377,10000000,14787,1,0.04461686173453927,OK,True,
qlever,r04_region_filter_distribution,w10000000_03,chr1,53679378,63679377,10000000,14787,2,0.007900603581219912,OK,True,
qlever,r04_region_filter_distribution,w10000000_03,chr1,53679378,63679377,10000000,14787,3,0.00708955992013216,OK,True,
qlever,r04_region_filter_distribution,w10000000_04,chr1,60690498,70690497,10000000,14398,1,0.04265199927613139,OK,True,
qlever,r04_region_filter_distribution,w10000000_04,chr1,60690498,70690497,10000000,14398,2,0.007953144609928131,OK,True,
qlever,r04_region_filter_distribution,w10000000_04,chr1,60690498,70690497,10000000,14398,3,0.00895970081910491,OK,True,
qlever,r04_region_filter_distribution,w10000000_05,chr1,47428546,57428545,10000000,11289,1,0.03833137499168515,OK,True,
qlever,r04_region_filter_distribution,w10000000_05,chr1,47428546,57428545,10000000,11289,2,0.007990960031747818,OK,True,
qlever,r04_region_filter_distribution,w10000000_05,chr1,47428546,57428545,10000000,11289,3,0.00787166878581047,OK,True,
qlever,r04_region_filter_distribution,w10000000_06,chr1,22030736,32030735,10000000,12991,1,0.04261629981920123,OK,True,
qlever,r04_region_filter_distribution,w10000000_06,chr1,22030736,32030735,10000000,12991,2,0.007613394875079393,OK,True,
qlever,r04_region_filter_distribution,w10000000_06,chr1,22030736,32030735,10000000,12991,3,0.0070548467338085175,OK,True,
qlever,r04_region_filter_distribution,w10000000_07,chr1,34252401,44252400,10000000,11717,1,0.04004168417304754,OK,True,
qlever,r04_region_filter_distribution,w10000000_07,chr1,34252401,44252400,10000000,11717,2,0.007652809843420982,OK,True,
qlever,r04_region_filter_distribution,w10000000_07,chr1,34252401,44252400,10000000,11717,3,0.007332893088459969,OK,True,
qlever,r04_region_filter_distribution,w10000000_08,chr1,58528508,68528507,10000000,14502,1,0.04630258493125439,OK,True,
qlever,r04_region_filter_distribution,w10000000_08,chr1,58528508,68528507,10000000,14502,2,0.0083770751953125,OK,True,
qlever,r04_region_filter_distribution,w10000000_08,chr1,58528508,68528507,10000000,14502,3,0.007936667185276747,OK,True,
qlever,r04_region_filter_distribution,w10000000_09,chr1,51917411,61917410,10000000,13900,1,0.0445620552636683,OK,True,
qlever,r04_region_filter_distribution,w10000000_09,chr1,51917411,61917410,10000000,13900,2,0.007919840980321169,OK,True,
qlever,r04_region_filter_distribution,w10000000_09,chr1,51917411,61917410,10000000,13900,3,0.007209429983049631,OK,True,
qlever,r04_region_filter_distribution,w10000000_10,chr1,17106918,27106917,10000000,14199,1,0.04444108530879021,OK,True,
qlever,r04_region_filter_distribution,w10000000_10,chr1,17106918,27106917,10000000,14199,2,0.00790510093793273,OK,True,
qlever,r04_region_filter_distribution,w10000000_10,chr1,17106918,27106917,10000000,14199,3,0.007491955999284983,OK,True,
qlever,r04_region_filter_distribution,w10000000_11,chr1,43275553,53275552,10000000,9415,1,0.0327508351765573,OK,True,
qlever,r04_region_filter_distribution,w10000000_11,chr1,43275553,53275552,10000000,9415,2,0.008263665717095137,OK,True,
qlever,r04_region_filter_distribution,w10000000_11,chr1,43275553,53275552,10000000,9415,3,0.0071127829141914845,OK,True,
qlever,r04_region_filter_distribution,w10000000_12,chr1,75394691,85394690,10000000,3288,1,0.025125589221715927,OK,True,
qlever,r04_region_filter_distribution,w10000000_12,chr1,75394691,85394690,10000000,3288,2,0.008007698226720095,OK,True,
qlever,r04_region_filter_distribution,w10000000_12,chr1,75394691,85394690,10000000,3288,3,0.008113200776278973,OK,True,
qlever,r04_region_filter_distribution,w10000000_13,chr1,40866716,50866715,10000000,10786,1,0.03940640203654766,OK,True,
qlever,r04_region_filter_distribution,w10000000_13,chr1,40866716,50866715,10000000,10786,2,0.00820873398333788,OK,True,
qlever,r04_region_filter_distribution,w10000000_13,chr1,40866716,50866715,10000000,10786,3,0.007991806138306856,OK,True,
qlever,r04_region_filter_distribution,w10000000_14,chr1,54182280,64182279,10000000,14941,1,0.04391661984845996,OK,True,
qlever,r04_region_filter_distribution,w10000000_14,chr1,54182280,64182279,10000000,14941,2,0.008001414127647877,OK,True,
qlever,r04_region_filter_distribution,w10000000_14,chr1,54182280,64182279,10000000,14941,3,0.007644000928848982,OK,True,
qlever,r04_region_filter_distribution,w10000000_15,chr1,22053178,32053177,10000000,12910,1,0.04283723095431924,OK,True,
qlever,r04_region_filter_distribution,w10000000_15,chr1,22053178,32053177,10000000,12910,2,0.007910714019089937,OK,True,
qlever,r04_region_filter_distribution,w10000000_15,chr1,22053178,32053177,10000000,12910,3,0.007669149897992611,OK,True,
qlever,r04_region_filter_distribution,w10000000_16,chr1,65680356,75680355,10000000,13295,1,0.043206075206398964,OK,True,
qlever,r04_region_filter_distribution,w10000000_16,chr1,65680356,75680355,10000000,13295,2,0.008138321805745363,OK,True,
qlever,r04_region_filter_distribution,w10000000_16,chr1,65680356,75680355,10000000,13295,3,0.008418519981205463,OK,True,
qlever,r04_region_filter_distribution,w10000000_17,chr1,30270070,40270069,10000000,12583,1,0.04032230610027909,OK,True,
qlever,r04_region_filter_distribution,w10000000_17,chr1,30270070,40270069,10000000,12583,2,0.007481413893401623,OK,True,
qlever,r04_region_filter_distribution,w10000000_17,chr1,30270070,40270069,10000000,12583,3,0.0074143363162875175,OK,True,
qlever,r04_region_filter_distribution,w10000000_18,chr1,42283662,52283661,10000000,9628,1,0.03692131908610463,OK,True,
qlever,r04_region_filter_distribution,w10000000_18,chr1,42283662,52283661,10000000,9628,2,0.007958800997585058,OK,True,
qlever,r04_region_filter_distribution,w10000000_18,chr1,42283662,52283661,10000000,9628,3,0.007410304620862007,OK,True,
qlever,r04_region_filter_distribution,w10000000_19,chr1,61622305,71622304,10000000,14407,1,0.04541396722197533,OK,True,
qlever,r04_region_filter_distribution,w10000000_19,chr1,61622305,71622304,10000000,14407,2,0.007826430723071098,OK,True,
qlever,r04_region_filter_distribution,w10000000_19,chr1,61622305,71622304,10000000,14407,3,0.008176208008080721,OK,True,
qlever,r05_region_sample_genotype_counts,w1000_00,chr1,23894831,23895830,1000,10,1,1.0133885461837053,OK,True,
qlever,r05_region_sample_genotype_counts,w1000_00,chr1,23894831,23895830,1000,10,2,0.015783987008035183,OK,True,
qlever,r05_region_sample_genotype_counts,w1000_00,chr1,23894831,23895830,1000,10,3,0.015233388170599937,OK,True,
qlever,r05_region_sample_genotype_counts,w1000_01,chr1,37268328,37269327,1000,1,1,0.02983108814805746,OK,True,
qlever,r05_region_sample_genotype_counts,w1000_01,chr1,37268328,37269327,1000,1,2,0.015787175856530666,OK,True,
qlever,r05_region_sample_genotype_counts,w1000_01,chr1,37268328,37269327,1000,1,3,0.014874977059662342,OK,True,
qlever,r05_region_sample_genotype_counts,w1000_02,chr1,42471294,42472293,1000,2,1,0.027921197935938835,OK,True,
qlever,r05_region_sample_genotype_counts,w1000_02,chr1,42471294,42472293,1000,2,2,0.015944551676511765,OK,True,
qlever,r05_region_sample_genotype_counts,w1000_02,chr1,42471294,42472293,1000,2,3,0.015287611167877913,OK,True,
qlever,r05_region_sample_genotype_counts,w1000_03,chr1,19972624,19973623,1000,4,1,0.02759507019072771,OK,True,
qlever,r05_region_sample_genotype_counts,w1000_03,chr1,19972624,19973623,1000,4,2,0.016048311721533537,OK,True,
qlever,r05_region_sample_genotype_counts,w1000_03,chr1,19972624,19973623,1000,4,3,0.016098644118756056,OK,True,
qlever,r05_region_sample_genotype_counts,w1000_04,chr1,65925426,65926425,1000,2,1,0.0343019631691277,OK,True,
qlever,r05_region_sample_genotype_counts,w1000_04,chr1,65925426,65926425,1000,2,2,0.01570594124495983,OK,True,
qlever,r05_region_sample_genotype_counts,w1000_04,chr1,65925426,65926425,1000,2,3,0.016921465285122395,OK,True,
qlever,r05_region_sample_genotype_counts,w1000_05,chr1,54878472,54879471,1000,2,1,0.027752654161304235,OK,True,
qlever,r05_region_sample_genotype_counts,w1000_05,chr1,54878472,54879471,1000,2,2,0.015897832810878754,OK,True,
qlever,r05_region_sample_genotype_counts,w1000_05,chr1,54878472,54879471,1000,2,3,0.0156328440643847,OK,True,
qlever,r05_region_sample_genotype_counts,w1000_06,chr1,54724268,54725267,1000,9,1,0.027003902941942215,OK,True,
qlever,r05_region_sample_genotype_counts,w1000_06,chr1,54724268,54725267,1000,9,2,0.01535862684249878,OK,True,
qlever,r05_region_sample_genotype_counts,w1000_06,chr1,54724268,54725267,1000,9,3,0.014817025046795607,OK,True,
qlever,r05_region_sample_genotype_counts,w1000_07,chr1,50226603,50227602,1000,3,1,0.02626527100801468,OK,True,
qlever,r05_region_sample_genotype_counts,w1000_07,chr1,50226603,50227602,1000,3,2,0.015827106777578592,OK,True,
qlever,r05_region_sample_genotype_counts,w1000_07,chr1,50226603,50227602,1000,3,3,0.015894114039838314,OK,True,
qlever,r05_region_sample_genotype_counts,w1000_08,chr1,5558122,5559121,1000,2,1,0.027410761918872595,OK,True,
qlever,r05_region_sample_genotype_counts,w1000_08,chr1,5558122,5559121,1000,2,2,0.015848855953663588,OK,True,
qlever,r05_region_sample_genotype_counts,w1000_08,chr1,5558122,5559121,1000,2,3,0.015593694057315588,OK,True,
qlever,r05_region_sample_genotype_counts,w1000_09,chr1,21979241,21980240,1000,15,1,0.027818243950605392,OK,True,
qlever,r05_region_sample_genotype_counts,w1000_09,chr1,21979241,21980240,1000,15,2,0.016014464665204287,OK,True,
qlever,r05_region_sample_genotype_counts,w1000_09,chr1,21979241,21980240,1000,15,3,0.01602828223258257,OK,True,
qlever,r05_region_sample_genotype_counts,w1000_10,chr1,58250107,58251106,1000,2,1,0.027603971771895885,OK,True,
qlever,r05_region_sample_genotype_counts,w1000_10,chr1,58250107,58251106,1000,2,2,0.020758946891874075,OK,True,
qlever,r05_region_sample_genotype_counts,w1000_10,chr1,58250107,58251106,1000,2,3,0.015929509419947863,OK,True,
qlever,r05_region_sample_genotype_counts,w1000_11,chr1,33820268,33821267,1000,1,1,0.03066763700917363,OK,True,
qlever,r05_region_sample_genotype_counts,w1000_11,chr1,33820268,33821267,1000,1,2,0.016446946188807487,OK,True,
qlever,r05_region_sample_genotype_counts,w1000_11,chr1,33820268,33821267,1000,1,3,0.015957252122461796,OK,True,
qlever,r05_region_sample_genotype_counts,w1000_12,chr1,74268898,74269897,1000,4,1,0.02820313675329089,OK,True,
qlever,r05_region_sample_genotype_counts,w1000_12,chr1,74268898,74269897,1000,4,2,0.016190411988645792,OK,True,
qlever,r05_region_sample_genotype_counts,w1000_12,chr1,74268898,74269897,1000,4,3,0.015842851251363754,OK,True,
qlever,r05_region_sample_genotype_counts,w1000_13,chr1,58011340,58012339,1000,3,1,0.027619135100394487,OK,True,
qlever,r05_region_sample_genotype_counts,w1000_13,chr1,58011340,58012339,1000,3,2,0.015957288909703493,OK,True,
qlever,r05_region_sample_genotype_counts,w1000_13,chr1,58011340,58012339,1000,3,3,0.015804799739271402,OK,True,
qlever,r05_region_sample_genotype_counts,w1000_14,chr1,55322618,55323617,1000,2,1,0.026986365672200918,OK,True,
qlever,r05_region_sample_genotype_counts,w1000_14,chr1,55322618,55323617,1000,2,2,0.016474635805934668,OK,True,
qlever,r05_region_sample_genotype_counts,w1000_14,chr1,55322618,55323617,1000,2,3,0.016081690788269043,OK,True,
qlever,r05_region_sample_genotype_counts,w1000_15,chr1,58597811,58598810,1000,2,1,0.027820183895528316,OK,True,
qlever,r05_region_sample_genotype_counts,w1000_15,chr1,58597811,58598810,1000,2,2,0.016702206805348396,OK,True,
qlever,r05_region_sample_genotype_counts,w1000_15,chr1,58597811,58598810,1000,2,3,0.01598477177321911,OK,True,
qlever,r05_region_sample_genotype_counts,w1000_16,chr1,61942877,61943876,1000,1,1,0.028265736997127533,OK,True,
qlever,r05_region_sample_genotype_counts,w1000_16,chr1,61942877,61943876,1000,1,2,0.01659971894696355,OK,True,
qlever,r05_region_sample_genotype_counts,w1000_16,chr1,61942877,61943876,1000,1,3,0.015191908925771713,OK,True,
qlever,r05_region_sample_genotype_counts,w1000_17,chr1,74952903,74953902,1000,2,1,0.027319196611642838,OK,True,
qlever,r05_region_sample_genotype_counts,w1000_17,chr1,74952903,74953902,1000,2,2,0.01757887937128544,OK,True,
qlever,r05_region_sample_genotype_counts,w1000_17,chr1,74952903,74953902,1000,2,3,0.016106400173157454,OK,True,
qlever,r05_region_sample_genotype_counts,w1000_18,chr1,10920022,10921021,1000,7,1,0.030168131459504366,OK,True,
qlever,r05_region_sample_genotype_counts,w1000_18,chr1,10920022,10921021,1000,7,2,0.016330118291079998,OK,True,
qlever,r05_region_sample_genotype_counts,w1000_18,chr1,10920022,10921021,1000,7,3,0.017508761025965214,OK,True,
qlever,r05_region_sample_genotype_counts,w1000_19,chr1,54064366,54065365,1000,1,1,0.02862239396199584,OK,True,
qlever,r05_region_sample_genotype_counts,w1000_19,chr1,54064366,54065365,1000,1,2,0.016333183273673058,OK,True,
qlever,r05_region_sample_genotype_counts,w1000_19,chr1,54064366,54065365,1000,1,3,0.015955571550875902,OK,True,
qlever,r05_region_sample_genotype_counts,w100000_00,chr1,76042312,76142311,100000,132,1,0.029705342836678028,OK,True,
qlever,r05_region_sample_genotype_counts,w100000_00,chr1,76042312,76142311,100000,132,2,0.015281275380402803,OK,True,
qlever,r05_region_sample_genotype_counts,w100000_00,chr1,76042312,76142311,100000,132,3,0.01507027680054307,OK,True,
qlever,r05_region_sample_genotype_counts,w100000_01,chr1,26177705,26277704,100000,141,1,0.02944493480026722,OK,True,
qlever,r05_region_sample_genotype_counts,w100000_01,chr1,26177705,26277704,100000,141,2,0.0160020818002522,OK,True,
qlever,r05_region_sample_genotype_counts,w100000_01,chr1,26177705,26277704,100000,141,3,0.01524156192317605,OK,True,
qlever,r05_region_sample_genotype_counts,w100000_02,chr1,76668322,76768321,100000,131,1,0.034017584286630154,OK,True,
qlever,r05_region_sample_genotype_counts,w100000_02,chr1,76668322,76768321,100000,131,2,0.01516189705580473,OK,True,
qlever,r05_region_sample_genotype_counts,w100000_02,chr1,76668322,76768321,100000,131,3,0.015509604942053556,OK,True,
qlever,r05_region_sample_genotype_counts,w100000_03,chr1,64797067,64897066,100000,153,1,0.03072227304801345,OK,True,
qlever,r05_region_sample_genotype_counts,w100000_03,chr1,64797067,64897066,100000,153,2,0.015730390790849924,OK,True,
qlever,r05_region_sample_genotype_counts,w100000_03,chr1,64797067,64897066,100000,153,3,0.015636507887393236,OK,True,
qlever,r05_region_sample_genotype_counts,w100000_04,chr1,66848110,66948109,100000,83,1,0.02813946083188057,OK,True,
qlever,r05_region_sample_genotype_counts,w100000_04,chr1,66848110,66948109,100000,83,2,0.015329712070524693,OK,True,
qlever,r05_region_sample_genotype_counts,w100000_04,chr1,66848110,66948109,100000,83,3,0.01543941767886281,OK,True,
qlever,r05_region_sample_genotype_counts,w100000_05,chr1,58175965,58275964,100000,181,1,0.030886131338775158,OK,True,
qlever,r05_region_sample_genotype_counts,w100000_05,chr1,58175965,58275964,100000,181,2,0.015962365083396435,OK,True,
qlever,r05_region_sample_genotype_counts,w100000_05,chr1,58175965,58275964,100000,181,3,0.015411692205816507,OK,True,
qlever,r05_region_sample_genotype_counts,w100000_06,chr1,41567443,41667442,100000,142,1,0.029383216053247452,OK,True,
qlever,r05_region_sample_genotype_counts,w100000_06,chr1,41567443,41667442,100000,142,2,0.015074522234499454,OK,True,
qlever,r05_region_sample_genotype_counts,w100000_06,chr1,41567443,41667442,100000,142,3,0.015166231896728277,OK,True,
qlever,r05_region_sample_genotype_counts,w100000_07,chr1,23625875,23725874,100000,143,1,0.03047372307628393,OK,True,
qlever,r05_region_sample_genotype_counts,w100000_07,chr1,23625875,23725874,100000,143,2,0.015260377898812294,OK,True,
qlever,r05_region_sample_genotype_counts,w100000_07,chr1,23625875,23725874,100000,143,3,0.015128875151276588,OK,True,
qlever,r05_region_sample_genotype_counts,w100000_08,chr1,69897964,69997963,100000,77,1,0.027510465122759342,OK,True,
qlever,r05_region_sample_genotype_counts,w100000_08,chr1,69897964,69997963,100000,77,2,0.01494096266105771,OK,True,
qlever,r05_region_sample_genotype_counts,w100000_08,chr1,69897964,69997963,100000,77,3,0.014461054001003504,OK,True,
qlever,r05_region_sample_genotype_counts,w100000_09,chr1,63664508,63764507,100000,287,1,0.03210240509361029,OK,True,
qlever,r05_region_sample_genotype_counts,w100000_09,chr1,63664508,63764507,100000,287,2,0.014841212891042233,OK,True,
qlever,r05_region_sample_genotype_counts,w100000_09,chr1,63664508,63764507,100000,287,3,0.01479228213429451,OK,True,
qlever,r05_region_sample_genotype_counts,w100000_10,chr1,15518874,15618873,100000,146,1,0.03192350175231695,OK,True,
qlever,r05_region_sample_genotype_counts,w100000_10,chr1,15518874,15618873,100000,146,2,0.014662440866231918,OK,True,
qlever,r05_region_sample_genotype_counts,w100000_10,chr1,15518874,15618873,100000,146,3,0.015089825261384249,OK,True,
qlever,r05_region_sample_genotype_counts,w100000_11,chr1,23996836,24096835,100000,343,1,0.03311748988926411,OK,True,
qlever,r05_region_sample_genotype_counts,w100000_11,chr1,23996836,24096835,100000,343,2,0.01593684172257781,OK,True,
qlever,r05_region_sample_genotype_counts,w100000_11,chr1,23996836,24096835,100000,343,3,0.014830206986516714,OK,True,
qlever,r05_region_sample_genotype_counts,w100000_12,chr1,56566795,56666794,100000,139,1,0.028972196858376265,OK,True,
qlever,r05_region_sample_genotype_counts,w100000_12,chr1,56566795,56666794,100000,139,2,0.014672400895506144,OK,True,
qlever,r05_region_sample_genotype_counts,w100000_12,chr1,56566795,56666794,100000,139,3,0.015564917121082544,OK,True,
qlever,r05_region_sample_genotype_counts,w100000_13,chr1,24058646,24158645,100000,214,1,0.030859494116157293,OK,True,
qlever,r05_region_sample_genotype_counts,w100000_13,chr1,24058646,24158645,100000,214,2,0.015831250697374344,OK,True,
qlever,r05_region_sample_genotype_counts,w100000_13,chr1,24058646,24158645,100000,214,3,0.015501677989959717,OK,True,
qlever,r05_region_sample_genotype_counts,w100000_14,chr1,3105927,3205926,100000,226,1,0.030421865172684193,OK,True,
qlever,r05_region_sample_genotype_counts,w100000_14,chr1,3105927,3205926,100000,226,2,0.014695027377456427,OK,True,
qlever,r05_region_sample_genotype_counts,w100000_14,chr1,3105927,3205926,100000,226,3,0.014830712229013443,OK,True,
qlever,r05_region_sample_genotype_counts,w100000_15,chr1,54865968,54965967,100000,181,1,0.030848541297018528,OK,True,
qlever,r05_region_sample_genotype_counts,w100000_15,chr1,54865968,54965967,100000,181,2,0.015241620130836964,OK,True,
qlever,r05_region_sample_genotype_counts,w100000_15,chr1,54865968,54965967,100000,181,3,0.015460560098290443,OK,True,
qlever,r05_region_sample_genotype_counts,w100000_16,chr1,58852100,58952099,100000,79,1,0.028432792983949184,OK,True,
qlever,r05_region_sample_genotype_counts,w100000_16,chr1,58852100,58952099,100000,79,2,0.015054668299853802,OK,True,
qlever,r05_region_sample_genotype_counts,w100000_16,chr1,58852100,58952099,100000,79,3,0.01543267723172903,OK,True,
qlever,r05_region_sample_genotype_counts,w100000_17,chr1,77570681,77670680,100000,81,1,0.02807812299579382,OK,True,
qlever,r05_region_sample_genotype_counts,w100000_17,chr1,77570681,77670680,100000,81,2,0.015773896127939224,OK,True,
qlever,r05_region_sample_genotype_counts,w100000_17,chr1,77570681,77670680,100000,81,3,0.014984759036451578,OK,True,
qlever,r05_region_sample_genotype_counts,w100000_18,chr1,66388887,66488886,100000,196,1,0.031418486032634974,OK,True,
qlever,r05_region_sample_genotype_counts,w100000_18,chr1,66388887,66488886,100000,196,2,0.01673273602500558,OK,True,
qlever,r05_region_sample_genotype_counts,w100000_18,chr1,66388887,66488886,100000,196,3,0.01579038007184863,OK,True,
qlever,r05_region_sample_genotype_counts,w100000_19,chr1,5319806,5419805,100000,87,1,0.028477638959884644,OK,True,
qlever,r05_region_sample_genotype_counts,w100000_19,chr1,5319806,5419805,100000,87,2,0.01547987014055252,OK,True,
qlever,r05_region_sample_genotype_counts,w100000_19,chr1,5319806,5419805,100000,87,3,0.01478049298748374,OK,True,
qlever,r05_region_sample_genotype_counts,w1000000_00,chr1,42846822,43846821,1000000,1112,1,0.05175981391221285,OK,True,
qlever,r05_region_sample_genotype_counts,w1000000_00,chr1,42846822,43846821,1000000,1112,2,0.01576229790225625,OK,True,
qlever,r05_region_sample_genotype_counts,w1000000_00,chr1,42846822,43846821,1000000,1112,3,0.014984183013439178,OK,True,
qlever,r05_region_sample_genotype_counts,w1000000_01,chr1,9034070,10034069,1000000,1143,1,0.051409714855253696,OK,True,
qlever,r05_region_sample_genotype_counts,w1000000_01,chr1,9034070,10034069,1000000,1143,2,0.015208787750452757,OK,True,
qlever,r05_region_sample_genotype_counts,w1000000_01,chr1,9034070,10034069,1000000,1143,3,0.014666634146124125,OK,True,
qlever,r05_region_sample_genotype_counts,w1000000_02,chr1,54809885,55809884,1000000,1670,1,0.0563719579949975,OK,True,
qlever,r05_region_sample_genotype_counts,w1000000_02,chr1,54809885,55809884,1000000,1670,2,0.01571665797382593,OK,True,
qlever,r05_region_sample_genotype_counts,w1000000_02,chr1,54809885,55809884,1000000,1670,3,0.015953623689711094,OK,True,
qlever,r05_region_sample_genotype_counts,w1000000_03,chr1,55795141,56795140,1000000,1824,1,0.06021320587024093,OK,True,
qlever,r05_region_sample_genotype_counts,w1000000_03,chr1,55795141,56795140,1000000,1824,2,0.015279511921107769,OK,True,
qlever,r05_region_sample_genotype_counts,w1000000_03,chr1,55795141,56795140,1000000,1824,3,0.015077614691108465,OK,True,
qlever,r05_region_sample_genotype_counts,w1000000_04,chr1,11734309,12734308,1000000,950,1,0.04461611108854413,OK,True,
qlever,r05_region_sample_genotype_counts,w1000000_04,chr1,11734309,12734308,1000000,950,2,0.015719335060566664,OK,True,
qlever,r05_region_sample_genotype_counts,w1000000_04,chr1,11734309,12734308,1000000,950,3,0.015157195273786783,OK,True,
qlever,r05_region_sample_genotype_counts,w1000000_05,chr1,28814643,29814642,1000000,1348,1,0.05075274454429746,OK,True,
qlever,r05_region_sample_genotype_counts,w1000000_05,chr1,28814643,29814642,1000000,1348,2,0.015393990091979504,OK,True,
qlever,r05_region_sample_genotype_counts,w1000000_05,chr1,28814643,29814642,1000000,1348,3,0.014788376167416573,OK,True,
qlever,r05_region_sample_genotype_counts,w1000000_06,chr1,47354520,48354519,1000000,1253,1,0.049253357108682394,OK,True,
qlever,r05_region_sample_genotype_counts,w1000000_06,chr1,47354520,48354519,1000000,1253,2,0.01580034988000989,OK,True,
qlever,r05_region_sample_genotype_counts,w1000000_06,chr1,47354520,48354519,1000000,1253,3,0.019098826684057713,OK,True,
qlever,r05_region_sample_genotype_counts,w1000000_07,chr1,35782931,36782930,1000000,868,1,0.04479020880535245,OK,True,
qlever,r05_region_sample_genotype_counts,w1000000_07,chr1,35782931,36782930,1000000,868,2,0.01612613257020712,OK,True,
qlever,r05_region_sample_genotype_counts,w1000000_07,chr1,35782931,36782930,1000000,868,3,0.01575225731357932,OK,True,
qlever,r05_region_sample_genotype_counts,w1000000_08,chr1,5611726,6611725,1000000,1261,1,0.049883134197443724,OK,True,
qlever,r05_region_sample_genotype_counts,w1000000_08,chr1,5611726,6611725,1000000,1261,2,0.016246840823441744,OK,True,
qlever,r05_region_sample_genotype_counts,w1000000_08,chr1,5611726,6611725,1000000,1261,3,0.015310757327824831,OK,True,
qlever,r05_region_sample_genotype_counts,w1000000_09,chr1,17930348,18930347,1000000,1491,1,0.05310989078134298,OK,True,
qlever,r05_region_sample_genotype_counts,w1000000_09,chr1,17930348,18930347,1000000,1491,2,0.015598805155605078,OK,True,
qlever,r05_region_sample_genotype_counts,w1000000_09,chr1,17930348,18930347,1000000,1491,3,0.016279505100101233,OK,True,
qlever,r05_region_sample_genotype_counts,w1000000_10,chr1,58656617,59656616,1000000,1262,1,0.05515796318650246,OK,True,
qlever,r05_region_sample_genotype_counts,w1000000_10,chr1,58656617,59656616,1000000,1262,2,0.01547690387815237,OK,True,
qlever,r05_region_sample_genotype_counts,w1000000_10,chr1,58656617,59656616,1000000,1262,3,0.015319360885769129,OK,True,
qlever,r05_region_sample_genotype_counts,w1000000_11,chr1,20579658,21579657,1000000,1246,1,0.05213598441332579,OK,True,
qlever,r05_region_sample_genotype_counts,w1000000_11,chr1,20579658,21579657,1000000,1246,2,0.015201933216303587,OK,True,
qlever,r05_region_sample_genotype_counts,w1000000_11,chr1,20579658,21579657,1000000,1246,3,0.014984786044806242,OK,True,
qlever,r05_region_sample_genotype_counts,w1000000_12,chr1,66774094,67774093,1000000,1548,1,0.05389203783124685,OK,True,
qlever,r05_region_sample_genotype_counts,w1000000_12,chr1,66774094,67774093,1000000,1548,2,0.014968488365411758,OK,True,
qlever,r05_region_sample_genotype_counts,w1000000_12,chr1,66774094,67774093,1000000,1548,3,0.014984650071710348,OK,True,
qlever,r05_region_sample_genotype_counts,w1000000_13,chr1,53330427,54330426,1000000,1337,1,0.05124642513692379,OK,True,
qlever,r05_region_sample_genotype_counts,w1000000_13,chr1,53330427,54330426,1000000,1337,2,0.015822123736143112,OK,True,
qlever,r05_region_sample_genotype_counts,w1000000_13,chr1,53330427,54330426,1000000,1337,3,0.015136029105633497,OK,True,
qlever,r05_region_sample_genotype_counts,w1000000_14,chr1,34457222,35457221,1000000,1194,1,0.05579649098217487,OK,True,
qlever,r05_region_sample_genotype_counts,w1000000_14,chr1,34457222,35457221,1000000,1194,2,0.016926773358136415,OK,True,
qlever,r05_region_sample_genotype_counts,w1000000_14,chr1,34457222,35457221,1000000,1194,3,0.015271712094545364,OK,True,
qlever,r05_region_sample_genotype_counts,w1000000_15,chr1,6173132,7173131,1000000,906,1,0.04485453478991985,OK,True,
qlever,r05_region_sample_genotype_counts,w1000000_15,chr1,6173132,7173131,1000000,906,2,0.016163561027497053,OK,True,
qlever,r05_region_sample_genotype_counts,w1000000_15,chr1,6173132,7173131,1000000,906,3,0.014390716794878244,OK,True,
qlever,r05_region_sample_genotype_counts,w1000000_16,chr1,34054184,35054183,1000000,1668,1,0.058565603103488684,OK,True,
qlever,r05_region_sample_genotype_counts,w1000000_16,chr1,34054184,35054183,1000000,1668,2,0.0156137989833951,OK,True,
qlever,r05_region_sample_genotype_counts,w1000000_16,chr1,34054184,35054183,1000000,1668,3,0.014717138838022947,OK,True,
qlever,r05_region_sample_genotype_counts,w1000000_17,chr1,15193776,16193775,1000000,1521,1,0.05605262937024236,OK,True,
qlever,r05_region_sample_genotype_counts,w1000000_17,chr1,15193776,16193775,1000000,1521,2,0.01705347467213869,OK,True,
qlever,r05_region_sample_genotype_counts,w1000000_17,chr1,15193776,16193775,1000000,1521,3,0.01613098895177245,OK,True,
qlever,r05_region_sample_genotype_counts,w1000000_18,chr1,43583485,44583484,1000000,1108,1,0.04754537716507912,OK,True,
qlever,r05_region_sample_genotype_counts,w1000000_18,chr1,43583485,44583484,1000000,1108,2,0.01502740615978837,OK,True,
qlever,r05_region_sample_genotype_counts,w1000000_18,chr1,43583485,44583484,1000000,1108,3,0.014977619983255863,OK,True,
qlever,r05_region_sample_genotype_counts,w1000000_19,chr1,58570714,59570713,1000000,1451,1,0.05423596082255244,OK,True,
qlever,r05_region_sample_genotype_counts,w1000000_19,chr1,58570714,59570713,1000000,1451,2,0.015618206933140755,OK,True,
qlever,r05_region_sample_genotype_counts,w1000000_19,chr1,58570714,59570713,1000000,1451,3,0.015112016815692186,OK,True,
qlever,r05_region_sample_genotype_counts,w10000000_00,chr1,36023355,46023354,10000000,11510,1,0.23310695681720972,OK,True,
qlever,r05_region_sample_genotype_counts,w10000000_00,chr1,36023355,46023354,10000000,11510,2,0.015658419113606215,OK,True,
qlever,r05_region_sample_genotype_counts,w10000000_00,chr1,36023355,46023354,10000000,11510,3,0.015284944325685501,OK,True,
qlever,r05_region_sample_genotype_counts,w10000000_01,chr1,57527385,67527384,10000000,14820,1,0.2911168886348605,OK,True,
qlever,r05_region_sample_genotype_counts,w10000000_01,chr1,57527385,67527384,10000000,14820,2,0.016297385096549988,OK,True,
qlever,r05_region_sample_genotype_counts,w10000000_01,chr1,57527385,67527384,10000000,14820,3,0.015071382746100426,OK,True,
qlever,r05_region_sample_genotype_counts,w10000000_02,chr1,63680811,73680810,10000000,13676,1,0.27444502525031567,OK,True,
qlever,r05_region_sample_genotype_counts,w10000000_02,chr1,63680811,73680810,10000000,13676,2,0.015916103031486273,OK,True,
qlever,r05_region_sample_genotype_counts,w10000000_02,chr1,63680811,73680810,10000000,13676,3,0.017309296876192093,OK,True,
qlever,r05_region_sample_genotype_counts,w10000000_03,chr1,53679378,63679377,10000000,14787,1,0.2967848051339388,OK,True,
qlever,r05_region_sample_genotype_counts,w10000000_03,chr1,53679378,63679377,10000000,14787,2,0.016445725690573454,OK,True,
qlever,r05_region_sample_genotype_counts,w10000000_03,chr1,53679378,63679377,10000000,14787,3,0.01620967173948884,OK,True,
qlever,r05_region_sample_genotype_counts,w10000000_04,chr1,60690498,70690497,10000000,14398,1,0.2883875430561602,OK,True,
qlever,r05_region_sample_genotype_counts,w10000000_04,chr1,60690498,70690497,10000000,14398,2,0.01598365791141987,OK,True,
qlever,r05_region_sample_genotype_counts,w10000000_04,chr1,60690498,70690497,10000000,14398,3,0.015444824006408453,OK,True,
qlever,r05_region_sample_genotype_counts,w10000000_05,chr1,47428546,57428545,10000000,11289,1,0.2282859319821,OK,True,
qlever,r05_region_sample_genotype_counts,w10000000_05,chr1,47428546,57428545,10000000,11289,2,0.016407072078436613,OK,True,
qlever,r05_region_sample_genotype_counts,w10000000_05,chr1,47428546,57428545,10000000,11289,3,0.0154093480668962,OK,True,
qlever,r05_region_sample_genotype_counts,w10000000_06,chr1,22030736,32030735,10000000,12991,1,0.30616586608812213,OK,True,
qlever,r05_region_sample_genotype_counts,w10000000_06,chr1,22030736,32030735,10000000,12991,2,0.015353799797594547,OK,True,
qlever,r05_region_sample_genotype_counts,w10000000_06,chr1,22030736,32030735,10000000,12991,3,0.016592978034168482,OK,True,
qlever,r05_region_sample_genotype_counts,w10000000_07,chr1,34252401,44252400,10000000,11717,1,0.2549524549394846,OK,True,
qlever,r05_region_sample_genotype_counts,w10000000_07,chr1,34252401,44252400,10000000,11717,2,0.016969912219792604,OK,True,
qlever,r05_region_sample_genotype_counts,w10000000_07,chr1,34252401,44252400,10000000,11717,3,0.015562763903290033,OK,True,
qlever,r05_region_sample_genotype_counts,w10000000_08,chr1,58528508,68528507,10000000,14502,1,0.29523940989747643,OK,True,
qlever,r05_region_sample_genotype_counts,w10000000_08,chr1,58528508,68528507,10000000,14502,2,0.015947899781167507,OK,True,
qlever,r05_region_sample_genotype_counts,w10000000_08,chr1,58528508,68528507,10000000,14502,3,0.016022336669266224,OK,True,
qlever,r05_region_sample_genotype_counts,w10000000_09,chr1,51917411,61917410,10000000,13900,1,0.2743144086562097,OK,True,
qlever,r05_region_sample_genotype_counts,w10000000_09,chr1,51917411,61917410,10000000,13900,2,0.017701628152281046,OK,True,
qlever,r05_region_sample_genotype_counts,w10000000_09,chr1,51917411,61917410,10000000,13900,3,0.01604139432311058,OK,True,
qlever,r05_region_sample_genotype_counts,w10000000_10,chr1,17106918,27106917,10000000,14199,1,0.28284670133143663,OK,True,
qlever,r05_region_sample_genotype_counts,w10000000_10,chr1,17106918,27106917,10000000,14199,2,0.016402903012931347,OK,True,
qlever,r05_region_sample_genotype_counts,w10000000_10,chr1,17106918,27106917,10000000,14199,3,0.016130154952406883,OK,True,
qlever,r05_region_sample_genotype_counts,w10000000_11,chr1,43275553,53275552,10000000,9415,1,0.20077199302613735,OK,True,
qlever,r05_region_sample_genotype_counts,w10000000_11,chr1,43275553,53275552,10000000,9415,2,0.015591743867844343,OK,True,
qlever,r05_region_sample_genotype_counts,w10000000_11,chr1,43275553,53275552,10000000,9415,3,0.01425240421667695,OK,True,
qlever,r05_region_sample_genotype_counts,w10000000_12,chr1,75394691,85394690,10000000,3288,1,0.08291230304166675,OK,True,
qlever,r05_region_sample_genotype_counts,w10000000_12,chr1,75394691,85394690,10000000,3288,2,0.015406809281557798,OK,True,
qlever,r05_region_sample_genotype_counts,w10000000_12,chr1,75394691,85394690,10000000,3288,3,0.014925932977348566,OK,True,
qlever,r05_region_sample_genotype_counts,w10000000_13,chr1,40866716,50866715,10000000,10786,1,0.21906439727172256,OK,True,
qlever,r05_region_sample_genotype_counts,w10000000_13,chr1,40866716,50866715,10000000,10786,2,0.015396047849208117,OK,True,
qlever,r05_region_sample_genotype_counts,w10000000_13,chr1,40866716,50866715,10000000,10786,3,0.01515046413987875,OK,True,
qlever,r05_region_sample_genotype_counts,w10000000_14,chr1,54182280,64182279,10000000,14941,1,0.29317591106519103,OK,True,
qlever,r05_region_sample_genotype_counts,w10000000_14,chr1,54182280,64182279,10000000,14941,2,0.014881092123687267,OK,True,
qlever,r05_region_sample_genotype_counts,w10000000_14,chr1,54182280,64182279,10000000,14941,3,0.014880461152642965,OK,True,
qlever,r05_region_sample_genotype_counts,w10000000_15,chr1,22053178,32053177,10000000,12910,1,0.2588354488834739,OK,True,
qlever,r05_region_sample_genotype_counts,w10000000_15,chr1,22053178,32053177,10000000,12910,2,0.015514614060521126,OK,True,
qlever,r05_region_sample_genotype_counts,w10000000_15,chr1,22053178,32053177,10000000,12910,3,0.014865060802549124,OK,True,
qlever,r05_region_sample_genotype_counts,w10000000_16,chr1,65680356,75680355,10000000,13295,1,0.2626699269749224,OK,True,
qlever,r05_region_sample_genotype_counts,w10000000_16,chr1,65680356,75680355,10000000,13295,2,0.015924353152513504,OK,True,
qlever,r05_region_sample_genotype_counts,w10000000_16,chr1,65680356,75680355,10000000,13295,3,0.01689954288303852,OK,True,
qlever,r05_region_sample_genotype_counts,w10000000_17,chr1,30270070,40270069,10000000,12583,1,0.255370847415179,OK,True,
qlever,r05_region_sample_genotype_counts,w10000000_17,chr1,30270070,40270069,10000000,12583,2,0.01580539485439658,OK,True,
qlever,r05_region_sample_genotype_counts,w10000000_17,chr1,30270070,40270069,10000000,12583,3,0.015229620970785618,OK,True,
qlever,r05_region_sample_genotype_counts,w10000000_18,chr1,42283662,52283661,10000000,9628,1,0.19996918877586722,OK,True,
qlever,r05_region_sample_genotype_counts,w10000000_18,chr1,42283662,52283661,10000000,9628,2,0.015189575962722301,OK,True,
qlever,r05_region_sample_genotype_counts,w10000000_18,chr1,42283662,52283661,10000000,9628,3,0.01464880770072341,OK,True,
qlever,r05_region_sample_genotype_counts,w10000000_19,chr1,61622305,71622304,10000000,14407,1,0.28499706415459514,OK,True,
qlever,r05_region_sample_genotype_counts,w10000000_19,chr1,61622305,71622304,10000000,14407,2,0.01669957023113966,OK,True,
qlever,r05_region_sample_genotype_counts,w10000000_19,chr1,61622305,71622304,10000000,14407,3,0.015860504936426878,OK,True,
