1789273973	4096
1789273978	104529920
1789273983	331493376
1789273988	551481344
1789273993	782901248
1789273998	1009291264
1789274003	1251590144
1789274008	1487630336
1789274013	1721446400
1789274018	1956667392
1789274023	2187554816
1789274028	2424520704
1789274033	2551488512
1789274038	2551513088
1789274043	2732478464
1789274048	2969296896
1789274053	3212197888
1789274058	3452895232
1789274063	3699240960
1789274068	3944456192
1789274073	4187623424
1789274078	4430282752
1789274083	4673454080
1789274088	4909940736
1789274093	5147394048
1789274098	5392424960
1789274103	5636542464
1789274108	5881425920
1789274113	6131609600
1789274118	6372175872
1789274123	6615379968
1789274128	6860627968
1789274133	7109357568
1789274138	7355039744
1789274143	7603957760
1789274148	7757393920
1789274153	7760932864
1789274158	7132262400
1789274163	6502936576
1789274168	5887705088
1789274173	4626755584
1789274178	3997798400
1789274183	3349037056
1789274188	2710581248
1789274193	2710581248
1789274198	2710581248
1789274203	2710573056
1789274208	2714497024
1789274213	2718597120
1789274218	2722525184
1789274223	2726653952
1789274228	2730582016
1789274233	2734682112
1789274238	2738614272
1789274243	2742714368
1789274248	2746818560
1789274253	2750689280
1789274258	2754764800
1789274263	2758868992
1789274268	2762743808
1789274273	2766819328
1789274278	2770919424
1789274283	2774818816
1789274288	2778890240
1789274293	2782994432
1789274298	2786893824
1789274303	2790969344
1789274308	2795069440
1789274313	2798968832
1789274318	2803068928
1789274323	2807144448
1789274328	2811039744
1789274333	2815139840
1789274338	2819215360
1789274343	2823110656
1789274348	2827210752
1789274353	2831110144
1789274358	2835210240
1789274363	2839281664
1789274368	2843385856
1789274373	2847256576
1789274378	2851356672
1789274383	2855428096
1789274388	2859327488
1789274393	2863427584
1789274398	2867531776
1789274403	2871427072
1789274408	2875527168
1789274413	2879631360
1789274418	2883502080
1789274423	2887602176
1789274428	2891497472
1789274433	2895597568
1789274438	2899492864
1789274443	2903592960
1789274448	2907693056
1789274453	2911563776
1789274458	2915667968
1789274463	2919768064
1789274468	2923663360
1789274473	2927767552
1789274478	2931867648
1789274483	2935939072
1789274488	2939842560
1789274493	2943942656
1789274498	2948018176
1789274503	2951913472
1789274508	2956017664
1789274513	2960117760
1789274519	2964013056
1789274524	2968113152
1789274529	2972188672
1789274534	2976083968
1789274539	2980155392
1789274544	2984255488
1789274549	2988335104
1789274554	2992259072
1789274559	2996330496
1789274564	3000430592
1789274569	3004325888
1789274574	3008430080
1789274579	3012542464
1789274584	3016687616
1789274589	3020800000
1789274594	3024936960
1789274599	3029073920
1789274604	3033153536
1789274609	3037290496
1789274614	3041435648
1789274619	3045543936
1789274624	3049684992
1789274629	3053826048
1789274634	3057934336
1789274639	3062075392
1789274644	3066212352
1789274649	3070144512
1789274654	3074256896
1789274659	3078397952
1789274664	3082739712
1789274669	3086848000
1789274674	3090984960
1789274679	3095126016
1789274684	3099238400
1789274689	3103375360
1789274694	3107512320
1789274699	3111649280
1789274704	3115786240
1789274709	3119923200
1789274714	3124035584
1789274719	3128168448
1789274724	3132305408
1789274729	3136442368
1789274734	3140554752
1789274739	3144695808
1789274744	3148832768
1789274749	3152941056
1789274754	3157082112
1789274759	3160670208
1789274764	3164405760
1789274769	3168538624
1789274774	3172651008
1789274779	3176792064
1789274784	3180904448
1789274789	3185074176
1789274794	3189182464
1789274799	3193323520
1789274804	3197460480
1789274809	3201601536
1789274814	3205709824
1789274819	3209641984
1789274824	3213774848
1789274829	3217911808
1789274834	3222048768
1789274839	3226161152
1789274844	3230302208
1789274849	3234439168
1789274854	3238580224
1789274859	3242717184
1789274864	3246825472
1789274869	3250966528
1789274874	3255111680
1789274879	3259224064
1789274884	3263361024
1789274889	3267502080
1789274894	3271643136
1789274899	3275751424
1789274904	3279888384
1789274909	3284029440
1789274914	3288141824
1789274919	3292282880
1789274924	3296423936
1789274929	3300569088
1789274934	3304706048
1789274939	3308847104
1789274944	3312959488
1789274949	3317071872
1789274954	3321204736
1789274959	3325337600
1789274964	3329474560
1789274969	3333586944
1789274974	3337723904
1789274979	3341860864
1789274984	3345997824
1789274989	3349897216
1789274994	3354013696
1789274999	3358126080
1789275004	3362267136
1789275009	3366408192
1789275014	3370516480
1789275019	3374637056
1789275024	3378778112
1789275029	3382919168
1789275034	3387052032
1789275039	3391164416
1789275044	3395092480
1789275049	3399229440
1789275054	3403370496
1789275059	3407511552
1789275064	3411619840
1789275069	3415785472
1789275074	3419926528
1789275079	3424034816
1789275084	3428155392
1789275089	3432267776
1789275094	3436404736
1789275099	3440545792
1789275104	3444654080
1789275109	3448586240
1789275114	3452723200
1789275119	3456860160
1789275124	3461001216
1789275129	3465113600
1789275134	3469254656
1789275139	3473391616
1789275144	3477504000
1789275149	3481616384
1789275154	3485757440
1789275159	3489878016
1789275164	3493990400
1789275169	3498131456
1789275174	3502211072
1789275179	3506356224
1789275184	3510464512
1789275189	3514400768
1789275194	3518533632
1789275199	3522646016
1789275204	3526787072
1789275210	3530924032
1789275215	3535036416
1789275220	3539177472
1789275225	3543314432
1789275230	3547455488
1789275235	3551592448
1789275240	3555700736
1789275245	3559837696
1789275250	3563974656
1789275255	3568107520
1789275260	3572244480
1789275265	3576385536
1789275270	3580530688
1789275275	3584638976
1789275280	3588780032
1789275285	3592921088
1789275290	3597029376
1789275295	3601170432
1789275300	3605282816
1789275305	3609448448
1789275310	3613560832
1789275315	3617697792
1789275320	3621601280
1789275325	3625746432
1789275330	3629883392
1789275335	3634020352
1789275340	3638132736
1789275345	3642273792
1789275350	3646410752
1789275355	3650547712
1789275360	3654684672
1789275365	3658821632
1789275370	3662938112
1789275375	3667050496
1789275380	3671187456
1789275385	3675328512
1789275390	3679436800
1789275395	3683577856
1789275400	3687718912
1789275405	3691646976
1789275410	3695783936
1789275415	3699924992
1789275420	3704061952
1789275425	3708379136
1789275430	3712524288
1789275435	3716657152
1789275440	3720794112
1789275445	3724931072
1789275450	3729068032
1789275455	3733209088
1789275460	3737346048
1789275465	3741483008
1789275470	3745390592
1789275475	3749531648
1789275480	3753639936
1789275485	3757776896
1789275490	3761889280
1789275495	3766026240
1789275500	3770167296
1789275505	3774304256
1789275510	3778441216
1789275515	3782582272
1789275520	3786690560
1789275525	3790831616
1789275530	3794968576
1789275535	3799080960
1789275540	3803213824
1789275545	3807330304
1789275550	3811467264
1789275555	3815608320
1789275560	3819749376
1789275565	3823857664
1789275570	3827994624
1789275575	3832135680
1789275580	3836243968
1789275585	3840380928
1789275590	3844517888
1789275595	3848630272
1789275600	3852775424
1789275605	3856887808
1789275610	3861028864
1789275615	3865141248
1789275620	3869282304
1789275625	3873419264
1789275630	3878379520
1789275635	3885187072
1789275640	3891589120
1789275645	3898167296
1789275650	3904716800
1789275655	3911270400
1789275660	3917758464
1789275665	3924066304
1789275670	3930624000
1789275675	3937177600
1789275680	3943702528
1789275685	3950227456
1789275690	3956527104
1789275695	3963019264
1789275700	3969576960
1789275705	3976065024
1789275710	3982622720
1789275715	3989147648
1789275720	3995676672
1789275725	4001939456
1789275730	4008464384
1789275735	4015017984
1789275740	4021583872
1789275745	4028137472
1789275750	4034445312
1789275755	4040900608
1789275760	4047392768
1789275765	4053958656
1789275770	4060262400
1789275775	4066967552
1789275780	4073271296
1789275785	4079792128
1789275790	4086099968
1789275795	4092624896
1789275800	4098998272
1789275805	4105490432
1789275810	4111941632
1789275815	4118458368
1789275820	4124983296
1789275825	4131454976
1789275830	4137934848
1789275835	4144451584
1789275840	4151181312
1789275845	4157661184
1789275850	4164173824
1789275855	4170682368
1789275860	4177162240
1789275865	4183605248
1789275870	4190085120
1789275875	4196601856
1789275880	4203151360
1789275885	4209664000
1789275890	4216332288
1789275895	4222664704
1789275900	4229177344
1789275906	4235694080
1789275911	4242399232
1789275916	4248707072
1789275921	4255387648
1789275926	4261863424
1789275931	4268376064
1789275936	4274888704
1789275941	4281180160
1789275946	4287692800
1789275951	4294205440
1789275956	4300689408
1789275961	4307128320
1789275966	4313612288
1789275971	4320092160
1789275976	4326576128
1789275981	4333117440
1789275986	4339441664
1789275991	4345987072
1789275996	4352688128
1789276001	4359065600
1789276006	4365471744
1789276011	4371771392
1789276016	4378288128
1789276021	4384833536
1789276026	4391383040
1789276031	4397895680
1789276036	4404342784
1789276041	4410601472
1789276046	4417269760
1789276051	4423716864
1789276056	4430233600
1789276061	4436746240
1789276066	4443295744
1789276071	4449591296
1789276076	4456321024
1789276081	4462800896
1789276086	4469280768
1789276091	4475797504
1789276096	4482310144
1789276101	4488826880
1789276106	4495085568
1789276111	4501725184
1789276116	4507983872
1789276121	4514496512
1789276126	4521021440
1789276131	4527501312
1789276136	4534018048
1789276141	4540534784
1789276146	4547018752
1789276151	4553502720
1789276156	4560011264
1789276161	4566564864
1789276166	4573081600
1789276171	4579627008
1789276176	4585992192
1789276181	4592660480
1789276186	4599144448
1789276191	4605657088
1789276196	4612136960
1789276201	4618649600
1789276206	4625162240
1789276211	4631642112
1789276216	4638150656
1789276221	4644667392
1789276226	4651216896
1789276231	4657700864
1789276236	4664369152
1789276241	4670697472
1789276246	4677218304
1789276251	4683702272
1789276256	4690403328
1789276261	4696883200
1789276266	4703432704
1789276271	4709982208
1789276276	4716425216
1789276281	4722978816
1789276286	4729569280
1789276291	4736151552
1789276296	4742483968
1789276301	4748931072
1789276306	4755443712
1789276311	4761960448
1789276316	4768436224
1789276321	4775063552
1789276326	4781539328
1789276331	4788092928
1789276336	4794605568
1789276341	4801122304
1789276346	4807454720
1789276351	4814155776
1789276356	4820480000
1789276361	4826963968
1789276366	4833521664
1789276371	4836126720
1789276376	4836126720
1789276381	4836126720
1789276386	4836126720
1789276391	4836126720
1789276396	4836126720
1789276401	4836126720
1789276406	4836126720
1789276411	4836126720
1789276416	4836126720
1789276421	4836126720
1789276426	4836126720
1789276431	4836126720
1789276436	4836126720
1789276441	4836126720
1789276446	4836126720
1789276451	4836126720
1789276456	4836126720
1789276461	4836126720
1789276466	4836126720
1789276471	4836126720
1789276476	4836126720
1789276481	4836126720
1789276486	4836126720
1789276491	4836126720
1789276496	4836126720
1789276501	4836126720
1789276506	4836126720
1789276511	4836126720
1789276516	4836126720
1789276521	4836126720
1789276526	4836126720
1789276531	4836126720
1789276536	4836126720
1789276541	4836126720
1789276546	4836126720
1789276551	4836126720
1789276556	4836126720
1789276562	4836126720
1789276567	4836126720
1789276572	4836126720
1789276577	4836126720
1789276582	4836126720
1789276587	4836126720
1789276592	4836126720
1789276597	4836126720
1789276602	4836126720
1789276607	4836126720
1789276612	4836126720
1789276617	4836126720
1789276622	4836126720
1789276627	4836126720
1789276632	4836126720
1789276637	4836126720
1789276642	4836126720
1789276647	4836126720
1789276652	4836126720
1789276657	4836126720
1789276662	4836126720
1789276667	4836126720
1789276672	4836126720
1789276677	4836126720
1789276682	4836126720
1789276687	4836126720
1789276692	4836126720
1789276697	4836126720
1789276702	4836126720
1789276707	4836126720
1789276712	4836126720
1789276717	4836126720
1789276722	4836126720
1789276727	4836126720
1789276732	4836126720
1789276737	4836126720
1789276742	4836126720
1789276747	4836126720
1789276752	4836126720
1789276757	4836126720
1789276762	4836126720
1789276767	4836126720
1789276772	4836126720
1789276777	4836126720
1789276782	4836126720
1789276787	4836126720
1789276792	4836126720
1789276797	4836126720
1789276802	4836126720
1789276807	4836126720
1789276812	4836126720
1789276817	4836126720
1789276822	4836126720
1789276827	4836126720
1789276832	4836126720
1789276837	4836126720
1789276842	4836126720
1789276847	4836126720
1789276852	4836126720
1789276857	4836126720
1789276862	4836126720
1789276867	4836126720
1789276872	4836126720
1789276877	4836126720
1789276882	4836126720
1789276887	4836126720
1789276892	4836126720
1789276897	4836126720
1789276902	4836126720
1789276907	4836126720
1789276912	4836126720
1789276917	4836126720
1789276922	4836126720
1789276927	4836126720
1789276932	4836126720
1789276937	4836126720
1789276942	4836126720
1789276947	4836126720
1789276952	4836126720
1789276957	4836126720
1789276962	4836126720
1789276967	4836126720
1789276972	4836126720
1789276977	4836126720
1789276982	4836126720
1789276987	4836126720
1789276992	4836126720
1789276997	4836126720
1789277002	4836126720
1789277007	4836126720
1789277012	4836126720
1789277017	4836126720
1789277022	4836126720
1789277027	4836126720
1789277032	4836126720
1789277037	4836126720
1789277042	4836126720
1789277047	4836126720
1789277052	4836126720
1789277057	4836126720
1789277062	4836126720
1789277067	4836126720
1789277072	4836126720
1789277077	4836126720
1789277082	4836126720
1789277087	4836126720
1789277092	4836126720
1789277097	4836126720
1789277102	4836126720
1789277107	4836126720
1789277112	4836126720
1789277117	4836126720
1789277122	4836126720
1789277127	4836126720
1789277132	4836126720
1789277137	4836126720
1789277142	4836126720
1789277147	4836126720
1789277152	4836126720
1789277157	4836126720
1789277162	4836126720
1789277167	4836126720
1789277172	4836126720
1789277178	4836126720
1789277183	4836126720
1789277188	4836126720
1789277193	4836126720
1789277198	4836126720
1789277203	4836126720
1789277208	4836126720
1789277213	4836126720
1789277218	4836126720
1789277223	4836126720
1789277228	4836126720
1789277233	4836126720
1789277238	4836126720
1789277243	4836126720
1789277248	4836126720
1789277253	4836126720
1789277258	4836126720
1789277263	4836126720
1789277268	4836126720
1789277273	4836126720
1789277278	4836126720
1789277283	4836126720
1789277288	4836126720
1789277293	4836126720
1789277298	4836126720
1789277303	4836126720
1789277308	4836126720
1789277313	4836126720
1789277318	4836126720
1789277323	4836126720
1789277328	4836126720
1789277333	4836126720
1789277338	4836126720
1789277343	4836126720
1789277348	4836126720
1789277353	4836126720
1789277358	4836126720
1789277363	4836126720
1789277368	4836126720
1789277373	4836126720
1789277378	4836126720
1789277383	4836126720
1789277388	4836126720
1789277393	4836126720
1789277398	4836126720
1789277403	4836126720
1789277408	4836126720
1789277413	4836126720
1789277418	4836126720
1789277423	4836126720
1789277428	4836126720
1789277433	4836126720
1789277438	4836126720
1789277443	4836126720
1789277448	4836126720
1789277453	4836126720
1789277458	4836126720
1789277463	4836126720
1789277468	4836126720
1789277473	4836126720
1789277478	4836126720
1789277483	4836126720
1789277488	4836130816
1789277493	4836130816
1789277498	4836130816
1789277503	4836130816
1789277508	4836130816
1789277513	4836130816
1789277518	4836130816
1789277523	4836130816
1789277528	4836130816
1789277533	4836130816
1789277538	4836130816
1789277543	4836130816
1789277548	4836130816
1789277553	4836130816
1789277558	4836130816
1789277563	4836130816
1789277568	4836130816
1789277573	4836130816
1789277578	4836130816
1789277583	4836130816
1789277588	4836130816
1789277593	4836130816
1789277598	4836130816
1789277603	4836130816
1789277608	4836130816
1789277613	4836130816
1789277618	4836130816
1789277623	4836130816
1789277628	4836130816
1789277633	4836130816
1789277638	4836130816
1789277643	4836130816
1789277648	4836130816
1789277653	4836130816
1789277658	4836130816
1789277663	4836130816
1789277668	4836130816
1789277673	4836130816
1789277678	4836130816
1789277683	4836130816
1789277688	4836130816
1789277693	4836130816
1789277698	4836130816
1789277703	4836130816
1789277708	4836130816
1789277713	4836130816
1789277718	4836130816
1789277723	4836130816
1789277728	4836130816
1789277733	4836130816
1789277738	4836130816
1789277743	4836130816
1789277748	4836130816
1789277753	4836130816
1789277758	4836130816
1789277763	4836130816
1789277768	4836130816
1789277773	4836130816
1789277778	4836130816
1789277783	4836130816
1789277788	4836130816
1789277793	4836130816
1789277798	4836130816
1789277803	4836130816
1789277808	4836130816
1789277813	4836130816
1789277818	4836130816
1789277824	4836130816
1789277829	4836130816
1789277834	4836130816
1789277839	4836130816
1789277844	4836130816
1789277849	4836130816
1789277854	4836130816
1789277859	4836130816
1789277864	4836130816
1789277869	4836130816
1789277874	4836130816
1789277879	4836130816
1789277884	4836130816
1789277889	4836130816
1789277894	4836130816
1789277899	4836130816
1789277904	4836130816
1789277909	4836130816
1789277914	4836130816
1789277919	4836130816
1789277924	4836130816
1789277929	4836130816
1789277934	4836130816
1789277939	4836130816
1789277944	4836130816
1789277949	4836130816
1789277954	4836130816
1789277959	4836130816
1789277964	4836130816
1789277969	4836130816
1789277974	4836130816
1789277979	4836130816
1789277984	4836130816
1789277989	4836130816
1789277994	4836130816
1789277999	4836130816
1789278004	4836130816
1789278009	4836130816
1789278014	4836130816
1789278019	4836130816
1789278024	4836130816
1789278029	4836130816
1789278034	4836130816
1789278039	4836130816
1789278044	4836130816
1789278049	4836130816
1789278054	4836130816
1789278059	4836130816
1789278064	4836130816
1789278069	4836130816
1789278074	4836130816
1789278079	4836130816
1789278084	4836130816
1789278089	4836130816
1789278094	4836130816
1789278099	4836130816
1789278104	4836130816
1789278109	4836130816
1789278114	4836130816
1789278119	4836130816
1789278124	4836130816
1789278129	4836130816
1789278134	4836130816
1789278139	4836130816
1789278144	4836130816
1789278149	4836130816
1789278154	4836130816
1789278159	4836130816
1789278164	4836130816
1789278169	4836130816
1789278174	4836130816
1789278179	4836130816
1789278184	4836130816
1789278189	4836130816
1789278194	4836130816
1789278199	4836130816
1789278204	4836130816
1789278209	4836130816
1789278214	4836130816
1789278219	4836130816
1789278224	4836130816
1789278229	4836130816
1789278234	4836130816
1789278239	4836130816
1789278244	4836130816
1789278249	4836130816
1789278254	4836130816
1789278259	4836130816
1789278264	4836130816
1789278269	4836130816
1789278274	4836130816
1789278279	4836130816
1789278284	4836130816
1789278289	4836130816
1789278294	4836130816
1789278299	4836130816
1789278304	4836130816
1789278309	4836130816
1789278314	4836130816
1789278319	4836130816
1789278324	4836130816
1789278329	4836130816
1789278334	4836130816
1789278339	4836130816
1789278344	4836130816
1789278349	4836130816
1789278354	4836130816
1789278359	4836130816
1789278364	4836130816
1789278369	4836130816
1789278374	4836130816
1789278379	4836130816
1789278384	4836130816
1789278389	4836130816
1789278394	4836130816
1789278399	4836130816
1789278404	4836130816
1789278409	4836130816
1789278414	4836130816
1789278419	4836130816
1789278424	4836130816
1789278429	4836130816
1789278434	4836130816
1789278439	4836130816
1789278444	4836130816
1789278449	4836130816
1789278454	4836130816
1789278459	4836130816
1789278464	4836130816
1789278469	4836130816
1789278474	4836130816
1789278479	4836130816
1789278484	4836130816
1789278489	4836130816
1789278495	4836130816
1789278500	4836130816
1789278505	4836130816
1789278510	4836130816
1789278515	4836130816
1789278520	4836130816
1789278525	4836130816
1789278530	4836130816
1789278535	4836130816
1789278540	4836130816
1789278545	4836130816
1789278550	4836130816
1789278555	4836130816
1789278560	4836130816
1789278565	4836130816
1789278570	4836130816
1789278575	4836130816
1789278580	4836130816
1789278585	4836130816
1789278590	4836130816
1789278595	4836130816
1789278600	4836130816
1789278605	4836130816
1789278610	4836130816
1789278615	4836130816
1789278620	4836130816
1789278625	4836130816
1789278630	4836130816
1789278635	4836130816
1789278640	4836130816
1789278645	4836130816
1789278650	4836130816
1789278655	4836130816
1789278660	4836130816
1789278665	4836130816
1789278670	4836130816
1789278675	4836130816
1789278680	4836130816
1789278685	4836130816
1789278690	4836130816
1789278695	4836130816
1789278700	4836130816
1789278705	4836130816
1789278710	4836130816
1789278715	4836130816
1789278720	4836130816
1789278725	4836130816
1789278730	4836130816
1789278735	4836130816
1789278740	4836130816
1789278745	4836130816
1789278750	4836130816
1789278755	4836130816
1789278760	4836130816
1789278765	4836130816
1789278770	4836130816
1789278775	4836130816
1789278780	4836130816
1789278785	4836130816
1789278790	4836130816
1789278795	4836130816
1789278800	4836130816
1789278805	4836130816
1789278810	4836130816
1789278815	4836130816
1789278820	4836130816
1789278825	4836130816
1789278830	4836130816
1789278835	4836130816
1789278840	4836130816
1789278845	4836130816
1789278850	4836130816
1789278855	4836130816
1789278860	4836130816
1789278865	4836130816
1789278870	4836130816
1789278875	4836130816
1789278880	4836130816
1789278885	4836130816
1789278890	4836130816
1789278895	4836130816
1789278900	4836130816
1789278905	4836130816
1789278910	4836130816
1789278915	4836130816
1789278920	4836130816
1789278925	4836130816
1789278930	4836130816
1789278935	4836130816
1789278940	4836130816
1789278945	4836130816
1789278950	4836130816
1789278955	4836130816
1789278960	4836130816
1789278965	4836130816
1789278970	4836130816
1789278975	4836130816
1789278980	4836130816
1789278985	4836130816
1789278990	4836130816
1789278995	4836130816
1789279000	4836130816
1789279005	4836130816
1789279010	4836130816
1789279015	4836130816
1789279020	4836130816
1789279025	4836130816
1789279030	4836130816
1789279035	4836130816
1789279040	4836130816
1789279045	4836130816
1789279050	4836130816
1789279055	4836130816
1789279060	4836130816
1789279065	4836130816
1789279070	4836130816
1789279075	4836130816
1789279080	4836130816
1789279085	4836130816
1789279090	4836130816
1789279095	4836130816
1789279100	4836130816
1789279105	4836130816
1789279110	4836130816
1789279115	4836130816
1789279120	4836130816
1789279125	4836130816
1789279130	4836130816
1789279136	4836130816
1789279141	4836130816
1789279146	4836130816
1789279151	4836130816
1789279156	4836130816
1789279161	4836130816
1789279166	4836134912
1789279171	4836134912
1789279176	4836134912
1789279181	4836134912
1789279186	4836134912
1789279191	4836134912
1789279196	4836134912
1789279201	4836134912
1789279206	4836134912
1789279211	4836134912
1789279216	4836134912
1789279221	4836134912
1789279226	4836134912
1789279231	4836134912
1789279236	4836134912
1789279241	4836134912
1789279246	4836134912
1789279251	4836134912
1789279256	4836134912
1789279261	4836134912
1789279266	4836134912
1789279271	4836134912
1789279276	4836134912
1789279281	4836134912
1789279286	4836134912
1789279291	4836134912
1789279296	4836134912
1789279301	4836134912
1789279306	4836134912
1789279311	4836134912
1789279316	4836134912
1789279321	4836134912
1789279326	4836134912
1789279331	4836134912
1789279336	4836134912
1789279341	4836134912
1789279346	4836134912
1789279351	4836134912
1789279356	4836134912
1789279361	4836134912
1789279366	4836134912
1789279371	4836134912
1789279376	4836134912
1789279381	4836134912
1789279386	4836134912
1789279391	4836134912
1789279396	4836134912
1789279401	4836134912
1789279406	4836134912
1789279411	4836134912
1789279416	4836134912
1789279421	4836134912
1789279426	4836134912
1789279431	4836134912
1789279436	4836134912
1789279441	4836134912
1789279446	4836134912
1789279451	4836134912
1789279456	4836134912
1789279461	4836134912
1789279466	4836134912
1789279471	4836134912
1789279476	4836134912
1789279481	4836134912
1789279486	4836134912
1789279491	4836134912
1789279496	4836134912
1789279501	4836134912
1789279506	4836134912
1789279511	4836134912
1789279516	4836134912
1789279521	4836134912
1789279526	4836134912
1789279531	4836134912
1789279536	4836134912
1789279541	4836134912
1789279546	4836134912
1789279551	4836134912
1789279556	4836134912
1789279561	4836134912
1789279566	4836134912
1789279571	4836134912
1789279576	4836134912
1789279581	4836134912
1789279586	4836134912
1789279591	4836134912
1789279596	4836134912
1789279601	4836134912
1789279606	4836134912
1789279611	4836134912
1789279616	4836134912
1789279621	4836134912
1789279626	4836134912
1789279631	4836134912
1789279636	4836134912
1789279641	4836134912
1789279646	4836134912
1789279651	4836134912
1789279656	4836134912
1789279661	4836134912
1789279666	4836134912
1789279671	4836134912
1789279676	4836134912
1789279681	4836134912
1789279686	4836134912
1789279691	4836134912
1789279696	4836134912
1789279701	4836134912
1789279706	4836134912
1789279711	4836134912
1789279716	4836134912
1789279721	4836134912
1789279726	4836134912
1789279731	4836134912
1789279736	4836134912
1789279741	4836134912
1789279746	4836134912
1789279751	4836134912
1789279756	4836134912
1789279761	4836134912
1789279766	4836134912
1789279771	4836134912
1789279776	4836134912
1789279782	4836134912
1789279787	4836134912
1789279792	4836134912
1789279797	4836134912
1789279802	4836134912
1789279807	4836134912
1789279812	4836134912
1789279817	4836134912
1789279822	4836134912
1789279827	4836134912
1789279832	4836134912
1789279837	4836134912
1789279842	4836134912
1789279847	4836134912
1789279852	4836134912
1789279857	4836134912
1789279862	4836134912
1789279867	4836134912
1789279872	4836134912
1789279877	4836134912
1789279882	4836134912
1789279887	4836134912
1789279892	4836134912
1789279897	4836134912
1789279902	4836134912
1789279907	4836134912
1789279912	4836134912
1789279917	4836134912
1789279922	4836134912
1789279927	4836134912
1789279932	4836134912
1789279937	4836134912
1789279942	4836134912
1789279947	4836134912
1789279952	4836134912
1789279957	4836134912
1789279962	4836134912
1789279967	4836134912
1789279972	4836134912
1789279977	4836134912
1789279982	4836134912
1789279987	4836134912
1789279992	4836134912
1789279997	4836134912
1789280002	4836134912
1789280007	4836134912
1789280012	4836134912
1789280017	4836134912
1789280022	4836134912
1789280027	4836134912
1789280032	4836134912
1789280037	4836134912
1789280042	4836134912
1789280047	4836134912
1789280052	4836134912
1789280057	4836134912
1789280062	4836134912
1789280067	4836134912
1789280072	4836134912
1789280077	4836134912
1789280082	4836134912
1789280087	4836134912
1789280092	4836134912
1789280097	4836134912
1789280102	4836134912
1789280107	4836134912
1789280112	4836134912
1789280117	4836134912
1789280122	4836134912
1789280127	4836134912
1789280132	4836134912
1789280137	4836134912
1789280142	4836134912
1789280147	4836134912
1789280152	4836134912
1789280157	4836134912
1789280162	4836134912
1789280167	4836134912
1789280172	4836134912
1789280177	4836134912
1789280182	4836134912
1789280187	4836134912
1789280192	4836134912
1789280197	4836134912
1789280202	4836134912
1789280207	4836134912
1789280212	4836134912
1789280217	4836134912
1789280222	4836134912
1789280227	4836134912
1789280232	4836134912
1789280237	4836134912
1789280242	4836134912
1789280247	4836134912
1789280252	4836134912
1789280257	4836134912
1789280262	4836134912
1789280267	4836134912
1789280272	4836134912
1789280277	4836139008
1789280282	4836139008
1789280287	4836139008
1789280292	4836139008
1789280297	4836139008
1789280302	4836139008
1789280307	4836139008
1789280312	4836139008
1789280317	4836139008
1789280322	4836139008
1789280327	4836139008
1789280332	4836139008
1789280337	4836139008
1789280342	4836139008
1789280347	4836139008
1789280352	4836139008
1789280357	4836139008
1789280362	4836139008
1789280367	4836139008
1789280372	4836139008
1789280377	4836139008
1789280382	4836139008
1789280387	4836139008
1789280392	4836139008
1789280397	4836139008
1789280402	4836139008
1789280407	4836139008
1789280413	4836139008
1789280418	4836139008
1789280423	4836139008
1789280428	4836139008
1789280433	4836139008
1789280438	4836139008
1789280443	4836139008
1789280448	4836139008
1789280453	4836139008
1789280458	4836139008
1789280463	4836139008
1789280468	4836139008
1789280473	4836139008
1789280478	4836139008
1789280483	4836139008
1789280488	4836139008
1789280493	4836139008
1789280498	4836139008
1789280503	4836139008
1789280508	4836139008
1789280513	4836139008
1789280518	4836139008
1789280523	4836139008
1789280528	4836139008
1789280533	4836139008
1789280538	4836139008
1789280543	4836139008
1789280548	4836139008
1789280553	4836139008
1789280558	4836139008
1789280563	4836139008
1789280568	4836139008
1789280573	4836139008
1789280578	4836139008
1789280583	4836139008
1789280588	4836139008
1789280593	4836139008
1789280598	4836139008
1789280603	4836139008
1789280608	4836139008
1789280613	4836139008
1789280618	4836139008
1789280623	4836139008
1789280628	4836139008
1789280633	4836139008
1789280638	4836139008
1789280643	4836139008
1789280648	4836139008
1789280653	4836139008
1789280658	4836139008
1789280663	4836139008
1789280668	4836139008
1789280673	4836139008
1789280678	4836139008
1789280683	4836139008
1789280688	4836139008
1789280693	4836139008
1789280698	4836139008
1789280703	4836139008
1789280708	4836139008
1789280713	4836139008
1789280718	4836139008
1789280723	4836139008
1789280728	4836139008
1789280733	4836139008
1789280738	4836139008
1789280743	4836139008
1789280748	4836139008
1789280753	4836139008
1789280758	4836139008
1789280763	4836139008
1789280768	4836139008
1789280773	4836139008
1789280778	4836139008
1789280783	4836139008
1789280788	4836139008
1789280793	4836139008
1789280798	4836139008
1789280803	4836139008
1789280808	4836139008
1789280813	4836139008
1789280818	4836139008
1789280823	4836139008
1789280828	4836139008
1789280833	4836139008
1789280838	4836139008
1789280843	4836139008
1789280848	4836139008
1789280853	4836139008
1789280858	4836139008
1789280863	4836139008
1789280868	4836139008
1789280873	4836139008
1789280878	4836139008
1789280883	4836139008
1789280888	4836139008
1789280893	4836139008
1789280898	4836139008
1789280903	4836139008
1789280908	4836139008
1789280913	4836139008
1789280918	4836139008
1789280923	4836139008
1789280928	4836139008
1789280933	4836139008
1789280938	4836139008
1789280943	4836139008
1789280948	4836139008
1789280953	4836139008
1789280958	4836139008
1789280963	4836139008
1789280968	4836139008
1789280973	4836139008
1789280978	4836139008
1789280983	4836139008
1789280988	4836139008
1789280993	4836139008
1789280998	4836139008
1789281003	4836139008
1789281008	4836139008
1789281013	4836139008
1789281018	4836139008
1789281023	4836139008
1789281028	4836139008
1789281033	4836139008
1789281038	4836139008
1789281043	4836139008
1789281048	4836139008
1789281053	4836139008
1789281059	4836139008
1789281064	4836139008
1789281069	4836139008
1789281074	4836139008
1789281079	4836139008
1789281084	4836139008
1789281089	4836139008
1789281094	4836139008
1789281099	4836139008
1789281104	4836139008
1789281109	4836139008
1789281114	4836139008
1789281119	4836139008
1789281124	4836139008
1789281129	4836139008
1789281134	4836139008
1789281139	4836139008
1789281144	4836139008
1789281149	4836139008
1789281154	4836139008
1789281159	4836139008
1789281164	4836139008
1789281169	4836139008
1789281174	4836139008
1789281179	4836139008
1789281184	4836139008
1789281189	4836139008
1789281194	4836139008
1789281199	4836139008
1789281204	4836139008
1789281209	4836139008
1789281214	4836139008
1789281219	4836139008
1789281224	4836139008
1789281229	4836139008
1789281234	4836139008
1789281239	4836139008
1789281244	4836139008
1789281249	4836139008
1789281254	4836139008
1789281259	4836139008
1789281264	4836139008
1789281269	4836139008
1789281274	4836139008
1789281279	4836139008
1789281284	4836139008
1789281289	4836139008
1789281294	4836139008
1789281299	4836139008
1789281304	4836139008
1789281309	4836139008
1789281314	4836139008
1789281319	4836139008
1789281324	4836139008
1789281329	4836139008
1789281334	4836139008
1789281339	4836139008
1789281344	4836139008
1789281349	4836139008
1789281354	4836139008
1789281359	4836139008
1789281364	4836139008
1789281369	4836139008
1789281374	4836139008
1789281379	4836139008
1789281384	4836139008
1789281389	4836139008
1789281394	4836139008
1789281399	4836139008
1789281404	4836139008
1789281409	4836139008
1789281414	4836139008
1789281419	4836139008
1789281424	4836139008
1789281429	4836139008
1789281434	4836139008
1789281439	4836139008
1789281444	4836139008
1789281449	4836139008
1789281454	4836139008
1789281459	4836139008
1789281464	4836139008
1789281469	4836139008
1789281474	4836139008
1789281479	4836139008
1789281484	4836139008
1789281489	4836139008
1789281494	4836139008
1789281499	4836139008
1789281504	4836139008
1789281509	4836139008
1789281514	4836139008
1789281519	4836139008
1789281524	4836139008
1789281529	4836139008
1789281534	4836139008
1789281539	4836139008
1789281544	4836139008
1789281549	4836139008
1789281554	4836139008
1789281559	4836139008
1789281564	4836139008
1789281569	4836139008
1789281574	4836139008
1789281579	4836139008
1789281584	4836139008
1789281589	4836139008
1789281594	4836139008
1789281599	4836139008
1789281604	4836139008
1789281609	4836139008
1789281614	4836139008
1789281619	4836139008
1789281624	4836139008
1789281629	4836139008
1789281634	4836139008
1789281639	4836139008
1789281644	4836139008
1789281649	4836139008
1789281654	4836139008
1789281659	4836139008
1789281664	4836139008
1789281670	4836143104
1789281675	4836143104
1789281680	4836143104
1789281685	4836143104
1789281690	4836143104
1789281695	4836147200
1789281700	4836147200
1789281705	4836147200
1789281710	4836147200
1789281715	4836147200
1789281720	4836147200
1789281725	4836147200
1789281730	4836147200
1789281735	4836147200
1789281740	4836147200
1789281745	4836147200
1789281750	4836147200
1789281755	4836147200
1789281760	4836147200
1789281765	4836147200
1789281770	4836147200
1789281775	4836147200
1789281780	4836147200
1789281785	4836147200
1789281790	4836147200
1789281795	4836147200
1789281800	4836147200
1789281805	4836147200
1789281810	4836147200
1789281815	4836147200
1789281820	4836147200
1789281825	4836147200
1789281830	4836147200
1789281835	4836147200
1789281840	4836147200
1789281845	4836147200
1789281850	4836147200
1789281855	4836147200
1789281860	4836147200
1789281865	4836147200
1789281870	4836147200
1789281875	4836147200
1789281880	4836147200
1789281885	4836147200
1789281890	4836147200
1789281895	4836147200
1789281900	4836147200
1789281905	4836147200
1789281910	4836147200
1789281915	4836147200
1789281920	4836147200
1789281925	4836147200
1789281930	4836147200
1789281935	4836147200
1789281940	4836147200
1789281945	4836147200
1789281950	4836147200
1789281955	4836147200
1789281960	4836147200
1789281965	4836147200
1789281970	4836147200
1789281975	4836147200
1789281980	4836147200
1789281985	4836147200
1789281990	4836151296
1789281995	4836151296
1789282000	4836151296
1789282005	4836151296
1789282010	4836151296
1789282015	4836151296
1789282020	4836151296
1789282025	4836151296
1789282030	4836151296
1789282035	4836151296
1789282040	4836151296
1789282045	4836151296
1789282050	4836151296
1789282055	4836151296
1789282060	4836151296
1789282065	4836151296
1789282070	4836151296
1789282075	4836151296
1789282080	4836151296
1789282085	4836151296
1789282090	4836151296
1789282095	4836151296
1789282100	4836151296
1789282105	4836151296
1789282110	4836151296
1789282116	4836151296
1789282121	4836151296
1789282126	4836151296
1789282131	4836151296
1789282136	4836151296
1789282141	4836151296
1789282146	4836151296
1789282151	4836151296
1789282156	4836151296
1789282161	4836151296
1789282166	4836151296
1789282171	4836151296
1789282176	4836151296
1789282181	4836151296
1789282186	4836151296
1789282191	4836151296
1789282196	4836151296
1789282201	4836151296
1789282206	4836151296
1789282211	4836151296
1789282216	4836151296
1789282221	4836151296
1789282226	4836151296
1789282231	4836151296
1789282236	4836151296
1789282241	4836151296
1789282246	4836151296
1789282251	4836151296
1789282256	4836151296
1789282261	4836151296
1789282266	4836151296
1789282271	4836151296
1789282276	4836151296
1789282281	4836151296
1789282286	4836151296
1789282291	4836151296
1789282296	4836151296
1789282301	4836151296
1789282306	4836151296
1789282311	4836151296
1789282316	4836151296
1789282321	4836151296
1789282326	4836151296
1789282331	4836151296
1789282336	4836151296
1789282341	4836151296
1789282346	4836151296
1789282351	4836151296
1789282356	4836151296
1789282361	4836151296
1789282366	4836151296
1789282371	4836151296
1789282376	4836151296
1789282381	4836151296
1789282386	4836151296
1789282391	4836151296
1789282396	4836151296
1789282401	4836151296
1789282406	4836151296
1789282411	4836151296
1789282416	4836151296
1789282421	4836151296
1789282426	4836151296
1789282431	4836155392
1789282436	4836155392
1789282441	4836155392
1789282446	4836155392
1789282451	4836155392
1789282456	4836155392
1789282461	4836155392
1789282466	4836155392
1789282471	4836155392
1789282476	4836155392
1789282481	4836155392
1789282486	4836155392
1789282491	4836155392
1789282496	4836155392
1789282501	4836155392
1789282506	4836155392
1789282511	4836155392
1789282516	4836155392
1789282521	4836155392
1789282526	4836155392
1789282531	4836155392
1789282536	4836155392
1789282541	4836155392
1789282546	4836155392
1789282551	4836155392
1789282556	4836155392
1789282561	4836155392
1789282566	4836155392
1789282571	4836155392
1789282576	4836155392
1789282581	4836155392
1789282586	4836155392
1789282591	4836155392
1789282596	4836155392
1789282601	4836155392
1789282606	4836155392
1789282611	4836155392
1789282616	4836155392
1789282621	4836155392
1789282626	4836155392
1789282631	4836155392
1789282636	4836155392
1789282641	4836155392
1789282646	4836155392
1789282652	4836155392
1789282657	4836155392
1789282662	4836155392
1789282667	4836155392
1789282672	4836155392
1789282677	4836155392
1789282682	4836155392
1789282687	4836155392
1789282692	4836155392
1789282697	4836155392
1789282702	4836155392
1789282707	4836155392
1789282712	4836155392
1789282717	4836155392
1789282722	4836155392
1789282727	4836155392
1789282732	4836155392
1789282737	4836155392
1789282742	4836155392
1789282747	4836159488
1789282752	4836159488
1789282757	4836159488
1789282762	4836159488
1789282767	4836159488
1789282772	4836159488
1789282777	4836159488
1789282782	4836159488
1789282787	4836159488
1789282792	4836159488
1789282797	4836159488
1789282802	4836159488
1789282807	4836159488
1789282812	4836159488
1789282817	4836159488
1789282822	4836159488
1789282827	4836159488
1789282832	4836159488
1789282837	4836159488
1789282842	4836159488
1789282847	4836159488
1789282852	4836159488
1789282857	4836159488
1789282862	4836159488
1789282867	4836159488
1789282872	4836159488
1789282877	4836159488
1789282882	4836159488
1789282887	4836159488
1789282892	4836159488
1789282897	4836159488
1789282902	4836159488
1789282907	4836159488
1789282912	4836159488
1789282917	4836159488
1789282922	4836159488
1789282927	4836159488
1789282932	4836159488
1789282937	4836159488
1789282942	4836159488
1789282947	4836159488
1789282952	4836159488
1789282957	4836159488
1789282962	4836159488
1789282967	4836159488
1789282972	4836159488
1789282977	4836159488
1789282982	4836159488
1789282987	4836159488
1789282992	4836159488
1789282997	4836159488
1789283002	4836159488
1789283007	4836159488
1789283012	4836159488
1789283017	4836159488
1789283022	4836159488
1789283027	4836159488
1789283032	4836159488
1789283037	4836159488
1789283042	4836159488
1789283047	4836159488
1789283052	4836159488
1789283057	4836159488
1789283062	4836159488
1789283067	4836159488
1789283072	4836159488
1789283077	4836159488
1789283082	4836159488
1789283087	4836159488
1789283092	4836159488
1789283097	4836159488
1789283102	4836159488
1789283107	4836159488
1789283112	4836159488
1789283117	4836159488
1789283122	4836159488
1789283128	4836159488
1789283133	4836159488
1789283138	4836159488
1789283143	4836159488
1789283148	4836159488
1789283153	4836159488
1789283158	4836159488
1789283163	4836159488
1789283168	4836159488
1789283173	4836159488
1789283178	4836159488
1789283183	4836159488
1789283188	4836159488
1789283193	4836159488
1789283198	4836159488
1789283203	4836159488
1789283208	4836159488
1789283213	4836159488
1789283218	4836163584
1789283223	4836163584
1789283228	4836163584
1789283233	4836163584
1789283238	4836163584
1789283243	4836163584
1789283248	4836163584
1789283253	4836163584
1789283258	4836163584
1789283263	4836163584
1789283268	4836163584
1789283273	4836163584
1789283278	4836163584
1789283283	4836163584
1789283288	4836163584
1789283293	4836163584
1789283298	4836163584
1789283303	4836163584
1789283308	4836163584
1789283313	4836163584
1789283318	4836163584
1789283323	4836163584
1789283328	4836163584
1789283333	4836163584
1789283338	4836163584
1789283343	4836163584
1789283348	4836163584
1789283353	4836163584
1789283358	4836163584
1789283363	4836163584
1789283368	4836163584
1789283373	4836163584
1789283378	4836163584
1789283383	4836163584
1789283388	4836163584
1789283393	4836163584
1789283398	4836163584
1789283403	4836163584
1789283408	4836163584
1789283413	4836163584
1789283418	4836163584
1789283423	4836163584
1789283428	4836163584
1789283433	4836163584
1789283438	4836163584
1789283443	4836163584
1789283448	4836163584
1789283453	4836163584
1789283458	4836163584
1789283463	4836163584
1789283468	4836163584
1789283473	4836163584
1789283478	4836163584
1789283483	4836163584
1789283488	4836163584
1789283493	4836163584
1789283498	4836163584
1789283503	4836163584
1789283508	4836163584
1789283513	4836163584
1789283518	4836163584
1789283523	4836163584
1789283528	4836163584
1789283533	4836163584
1789283538	4836163584
1789283543	4836163584
1789283548	4836163584
1789283553	4836163584
1789283558	4836163584
1789283563	4836167680
1789283568	4836167680
1789283573	4836167680
1789283578	4836167680
1789283583	4836167680
1789283588	4836167680
1789283593	4836167680
1789283599	4836167680
1789283604	4836167680
1789283609	4836167680
1789283614	4836167680
1789283619	4836167680
1789283624	4836167680
1789283629	4836167680
1789283634	4836167680
1789283639	4836167680
1789283644	4836167680
1789283649	4836167680
1789283654	4836167680
1789283659	4836167680
1789283664	4836167680
1789283669	4836167680
1789283674	4836167680
1789283679	4836167680
1789283684	4836167680
1789283689	4836167680
1789283694	4836167680
1789283699	4836167680
1789283704	4836167680
1789283709	4836167680
1789283714	4836167680
1789283719	4836167680
1789283724	4836167680
1789283729	4836167680
1789283734	4836167680
1789283739	4836167680
1789283744	4836167680
1789283749	4836167680
1789283754	4836167680
1789283759	4836167680
1789283764	4836167680
1789283769	4836167680
1789283774	4836167680
1789283779	4836167680
1789283784	4836167680
1789283789	4836167680
1789283794	4836167680
1789283799	4836167680
1789283804	4836167680
1789283809	4836167680
1789283814	4836167680
1789283819	4836167680
1789283824	4836167680
1789283829	4836167680
1789283834	4836167680
1789283839	4836167680
1789283844	4836167680
1789283849	4836167680
1789283854	4836167680
1789283859	4836167680
1789283864	4836167680
1789283869	4836167680
1789283874	4836167680
1789283879	4836167680
1789283884	4836167680
1789283889	4836167680
1789283894	4836167680
1789283899	4836167680
1789283904	4836167680
1789283909	4836167680
1789283914	4836167680
1789283919	4836167680
1789283924	4836167680
1789283929	4836167680
1789283934	4836167680
1789283939	4836167680
1789283944	4836167680
1789283949	4836167680
1789283954	4836167680
1789283959	4836167680
1789283964	4836167680
1789283969	4836171776
1789283974	4836171776
1789283979	4836171776
1789283984	4836171776
1789283989	4836171776
1789283994	4836171776
1789283999	4836171776
1789284004	4836171776
1789284009	4836171776
1789284014	4836171776
1789284019	4836171776
1789284024	4836171776
1789284029	4836171776
1789284034	4836171776
1789284039	4836171776
1789284044	4836171776
1789284049	4836171776
1789284054	4836171776
1789284059	4836171776
1789284064	4836171776
1789284069	4836171776
1789284074	4836171776
1789284079	4836171776
1789284084	4836171776
1789284089	4836171776
1789284094	4836171776
1789284099	4836171776
1789284105	4836171776
1789284110	4836171776
1789284115	4836171776
1789284120	4836171776
1789284125	4836171776
1789284130	4836171776
1789284135	4836171776
1789284140	4836171776
1789284145	4836171776
1789284150	4836171776
1789284155	4836171776
1789284160	4836171776
1789284165	4836171776
1789284170	4836171776
1789284175	4836171776
1789284180	4836171776
1789284185	4836171776
1789284190	4836171776
1789284195	4836171776
1789284200	4836171776
1789284205	4836171776
1789284210	4836171776
1789284215	4836171776
1789284220	4836171776
1789284225	4836171776
1789284230	4836171776
1789284235	4836171776
1789284240	4836171776
1789284245	4836171776
1789284250	4836171776
1789284255	4836171776
1789284260	4836171776
1789284265	4836171776
1789284270	4836171776
1789284275	4836171776
1789284280	4836171776
1789284285	4836171776
1789284290	4836171776
1789284295	4836171776
1789284300	4836171776
1789284305	4836171776
1789284310	4836171776
1789284315	4836175872
1789284320	4836175872
1789284325	4836175872
1789284330	4836175872
1789284335	4836175872
1789284340	4836175872
1789284345	4836175872
1789284350	4836175872
1789284355	4836175872
1789284360	4836175872
1789284365	4836175872
1789284370	4836175872
1789284375	4836175872
1789284380	4836175872
1789284385	4836175872
1789284390	4836175872
1789284395	4836175872
1789284400	4836175872
1789284405	4836175872
1789284410	4836175872
1789284415	4836175872
1789284420	4836175872
1789284425	4836175872
1789284430	4836175872
1789284435	4836175872
1789284440	4836175872
1789284445	4836175872
1789284450	4836175872
1789284455	4836175872
1789284460	4836175872
1789284465	4836175872
1789284470	4836175872
1789284475	4836175872
1789284480	4836175872
1789284485	4836175872
1789284490	4836175872
1789284495	4836175872
1789284500	4836175872
1789284505	4836175872
1789284510	4836175872
1789284515	4836175872
1789284520	4836175872
1789284525	4836175872
1789284530	4836175872
1789284535	4836175872
1789284540	4836175872
1789284545	4836175872
1789284550	4836175872
1789284555	4836175872
1789284560	4836175872
1789284565	4836175872
1789284571	4836175872
1789284576	4836175872
1789284581	4836175872
1789284586	4836175872
1789284591	4836175872
1789284596	4836175872
1789284601	4836175872
1789284606	4836175872
1789284611	4836175872
1789284616	4836175872
1789284621	4836175872
1789284626	4836175872
1789284631	4836175872
1789284636	4836175872
1789284641	4836175872
1789284646	4836175872
1789284651	4836175872
1789284656	4836175872
1789284661	4836175872
1789284666	4836175872
1789284671	4836175872
1789284676	4836175872
1789284681	4836175872
1789284686	4836175872
1789284691	4836175872
1789284696	4836175872
1789284701	4836175872
1789284706	4836179968
1789284711	4836179968
1789284716	4836179968
1789284721	4836179968
1789284726	4836179968
1789284731	4836179968
1789284736	4836179968
1789284741	4836179968
1789284746	4836179968
1789284751	4836179968
1789284756	4836179968
1789284761	4836179968
1789284766	4836179968
1789284771	4836179968
1789284776	4836179968
1789284781	4836179968
1789284786	4836179968
1789284791	4836179968
1789284796	4836179968
1789284801	4836179968
1789284806	4836179968
1789284811	4836179968
1789284816	4836179968
1789284821	4836179968
1789284826	4836179968
1789284831	4836179968
1789284836	4836179968
1789284841	4836179968
1789284846	4836179968
1789284851	4836179968
1789284856	4836179968
1789284861	4836179968
1789284866	4836179968
1789284871	4836179968
1789284876	4836179968
1789284881	4836179968
1789284886	4836179968
1789284891	4836179968
1789284896	4836179968
1789284901	4836179968
1789284906	4836179968
1789284911	4836179968
1789284916	4836179968
1789284921	4836179968
1789284926	4836179968
1789284931	4836179968
1789284936	4836179968
1789284941	4836179968
1789284946	4836179968
1789284951	4836179968
1789284956	4836179968
1789284961	4836179968
1789284966	4836179968
1789284971	4836179968
1789284976	4836179968
1789284981	4836179968
1789284986	4836179968
1789284991	4836179968
1789284996	4836179968
1789285001	4836179968
1789285006	4836179968
1789285011	4836179968
1789285016	4836179968
1789285021	4836179968
1789285026	4836179968
1789285031	4836179968
1789285036	4836179968
1789285041	4836179968
1789285046	4836179968
1789285051	4836179968
1789285056	4836179968
1789285061	4836179968
1789285066	4836184064
1789285071	4836184064
1789285076	4836184064
1789285081	4836184064
1789285086	4836184064
1789285092	4836184064
1789285097	4836184064
1789285102	4836184064
1789285107	4836184064
1789285112	4836184064
1789285117	4836184064
1789285122	4836184064
1789285127	4836184064
1789285132	4836184064
1789285137	4836184064
1789285142	4836184064
1789285147	4836184064
1789285152	4836184064
1789285157	4836184064
1789285162	4836184064
1789285167	4836184064
1789285172	4836184064
1789285177	4836184064
1789285182	4836184064
1789285187	4836184064
1789285192	4836184064
1789285197	4836184064
1789285202	4836184064
1789285207	4836184064
1789285212	4836184064
1789285217	4836184064
1789285222	4836184064
1789285227	4836184064
1789285232	4836184064
1789285237	4836184064
1789285242	4836184064
1789285247	4836184064
1789285252	4836184064
1789285257	4836184064
1789285262	4836184064
1789285267	4836184064
1789285272	4836184064
1789285277	4836184064
1789285282	4836184064
1789285287	4836184064
1789285292	4836184064
1789285297	4836184064
1789285302	4836184064
1789285307	4836184064
1789285312	4836184064
1789285317	4836184064
1789285322	4836184064
1789285327	4836184064
1789285332	4836184064
1789285337	4836184064
1789285342	4836184064
1789285347	4836184064
1789285352	4836184064
1789285357	4836184064
1789285362	4836184064
1789285367	4836184064
1789285372	4836184064
1789285377	4836184064
1789285382	4836184064
1789285387	4836184064
1789285392	4836184064
1789285397	4836184064
1789285402	4836184064
1789285407	4836184064
1789285412	4836184064
1789285417	4836184064
1789285422	4836184064
1789285427	4836184064
1789285432	4836184064
1789285437	4836184064
1789285442	4836184064
1789285447	4836184064
1789285452	4836184064
1789285457	4836184064
1789285462	4836184064
1789285467	4836184064
1789285472	4836188160
1789285477	4836188160
1789285482	4836188160
1789285487	4836188160
1789285492	4836188160
1789285497	4836188160
1789285502	4836188160
1789285507	4836188160
1789285512	4836188160
1789285517	4836188160
1789285522	4836188160
1789285527	4836188160
1789285532	4836188160
1789285537	4836188160
1789285542	4836188160
1789285547	4836188160
1789285552	4836188160
1789285557	4836188160
1789285562	4836188160
1789285567	4836188160
1789285572	4836188160
1789285577	4836188160
1789285583	4836188160
1789285588	4836188160
1789285593	4836188160
1789285598	4836188160
1789285603	4836188160
1789285608	4836188160
1789285613	4836188160
1789285618	4836188160
1789285623	4836188160
1789285628	4836188160
1789285633	4836188160
1789285638	4836188160
1789285643	4836188160
1789285648	4836188160
1789285653	4836188160
1789285658	4836188160
1789285663	4836188160
1789285668	4836188160
1789285673	4836188160
1789285678	4836188160
1789285683	4836188160
1789285688	4836188160
1789285693	4836188160
1789285698	4836188160
1789285703	4836188160
1789285708	4836188160
1789285713	4836188160
1789285718	4836188160
1789285723	4836188160
1789285728	4836188160
1789285733	4836188160
1789285738	4836188160
1789285743	4836188160
1789285748	4836188160
1789285753	4836188160
1789285758	4836188160
1789285763	4836188160
1789285768	4836188160
1789285773	4836188160
1789285778	4836188160
1789285783	4836188160
1789285788	4836188160
1789285793	4836188160
1789285798	4836188160
1789285803	4836188160
1789285808	4836188160
1789285813	4836188160
1789285818	4836188160
1789285823	4836188160
1789285828	4836192256
1789285833	4836192256
1789285838	4836192256
1789285843	4836192256
1789285848	4836192256
1789285853	4836192256
1789285858	4836192256
1789285863	4836192256
1789285868	4836192256
1789285873	4836192256
1789285878	4836192256
1789285883	4836192256
1789285888	4836192256
1789285893	4836192256
1789285898	4836192256
1789285903	4836192256
1789285908	4836192256
1789285913	4836192256
1789285918	4836192256
1789285923	4836192256
1789285928	4836192256
1789285933	4836192256
1789285938	4836192256
1789285943	4836192256
1789285948	4836192256
1789285953	4836192256
1789285958	4836192256
1789285963	4836192256
1789285968	4836192256
1789285973	4836192256
1789285978	4836192256
1789285983	4836192256
1789285988	4836192256
1789285993	4836192256
1789285998	4836192256
1789286003	4836192256
1789286008	4836192256
1789286013	4836192256
1789286018	4836192256
1789286023	4836192256
1789286028	4836192256
1789286033	4836192256
1789286038	4836192256
1789286043	4836192256
1789286048	4836192256
1789286053	4836192256
1789286058	4836192256
1789286063	4836192256
1789286068	4836192256
1789286073	4836192256
1789286078	4836192256
1789286083	4836192256
1789286088	4836192256
1789286094	4836192256
1789286099	4836192256
1789286104	4836192256
1789286109	4836192256
1789286114	4836192256
1789286119	4836192256
1789286124	4836192256
1789286129	4836192256
1789286134	4836192256
1789286139	4836192256
1789286144	4836192256
1789286149	4836192256
1789286154	4836192256
1789286159	4836192256
1789286164	4836192256
1789286169	4836192256
1789286174	4836192256
1789286179	4836192256
1789286184	4836192256
1789286189	4836192256
1789286194	4836192256
1789286199	4836192256
1789286204	4836192256
1789286209	4836192256
1789286214	4836192256
1789286219	4836192256
1789286224	4836192256
1789286229	4836192256
1789286234	4836196352
1789286239	4836196352
1789286244	4836196352
1789286249	4836196352
1789286254	4836196352
1789286259	4836196352
1789286264	4836196352
1789286269	4836196352
1789286274	4836196352
1789286279	4836196352
1789286284	4836196352
1789286289	4836196352
1789286294	4836196352
1789286299	4836196352
1789286304	4836196352
1789286309	4836196352
1789286314	4836196352
1789286319	4836196352
1789286324	4836196352
1789286329	4836196352
1789286334	4836196352
1789286339	4836196352
1789286344	4836196352
1789286349	4836196352
1789286354	4836196352
1789286359	4836196352
1789286364	4836196352
1789286369	4836196352
1789286374	4836196352
1789286379	4836196352
1789286384	4836196352
1789286389	4836196352
1789286394	4836196352
1789286399	4836196352
1789286404	4836196352
1789286409	4836196352
1789286414	4836196352
1789286419	4836196352
1789286424	4836196352
1789286429	4836196352
1789286434	4836196352
1789286439	4836196352
1789286444	4836196352
1789286449	4836196352
1789286454	4836196352
1789286459	4836196352
1789286464	4836196352
1789286469	4836196352
1789286474	4836196352
1789286479	4836196352
1789286484	4836196352
1789286489	4836196352
1789286494	4836196352
1789286499	4836196352
1789286504	4836196352
1789286509	4836196352
1789286514	4836196352
1789286519	4836196352
1789286524	4836196352
1789286529	4836196352
1789286534	4836196352
1789286539	4836196352
1789286544	4836196352
1789286549	4836196352
1789286554	4836196352
1789286559	4836200448
1789286564	4836200448
1789286569	4836200448
1789286574	4836200448
1789286579	4836200448
1789286585	4836200448
1789286590	4836200448
1789286595	4836200448
1789286600	4836200448
1789286605	4836200448
1789286610	4836200448
1789286615	4836200448
1789286620	4836200448
1789286625	4836200448
1789286630	4836200448
1789286635	4836200448
1789286640	4836200448
1789286645	4836200448
1789286650	4836200448
1789286655	4836200448
1789286660	4836200448
1789286665	4836200448
1789286670	4836200448
1789286675	4836200448
1789286680	4836200448
1789286685	4836200448
1789286690	4836200448
1789286695	4836200448
1789286700	4836200448
1789286705	4836200448
1789286710	4836200448
1789286715	4836200448
1789286720	4836200448
1789286725	4836200448
1789286730	4836200448
1789286735	4836200448
1789286740	4836200448
1789286745	4836200448
1789286750	4836200448
1789286755	4836200448
1789286760	4836200448
1789286765	4836200448
1789286770	4836200448
1789286775	4836200448
1789286780	4836200448
1789286785	4836200448
1789286790	4836200448
1789286795	4836200448
1789286800	4836200448
1789286805	4836200448
1789286810	4836200448
1789286815	4836200448
1789286820	4836200448
1789286825	4836200448
1789286830	4836200448
1789286835	4836200448
1789286840	4836200448
1789286845	4836200448
1789286850	4836200448
1789286855	4836200448
1789286860	4836200448
1789286865	4836200448
1789286870	4836200448
1789286875	4836200448
1789286880	4836200448
1789286885	4836200448
1789286890	4836200448
1789286895	4836200448
1789286900	4836200448
1789286905	4836200448
1789286910	4836200448
1789286915	4836200448
1789286920	4836200448
1789286925	4836200448
1789286930	4836200448
1789286935	4836200448
1789286940	4836200448
1789286945	4836200448
1789286950	4836200448
1789286955	4836200448
1789286960	4836200448
1789286965	4836200448
1789286970	4836200448
1789286975	4836200448
1789286980	4836200448
1789286985	4836200448
1789286990	4836200448
1789286995	4836200448
1789287000	4836200448
1789287005	4836200448
1789287010	4836200448
1789287015	4836204544
1789287020	4836204544
1789287025	4836204544
1789287030	4836204544
1789287035	4836204544
1789287040	4836204544
1789287045	4836204544
1789287050	4836204544
1789287055	4836204544
1789287060	4836204544
1789287065	4836204544
1789287070	4836204544
1789287075	4836204544
1789287080	4836204544
1789287085	4836204544
1789287090	4836204544
1789287095	4836204544
1789287100	4836204544
1789287106	4836204544
1789287111	4836204544
1789287116	4836204544
1789287121	4836204544
1789287126	4836204544
1789287131	4836204544
1789287136	4836204544
1789287141	4836204544
1789287146	4836204544
1789287151	4836204544
1789287156	4836204544
1789287161	4836204544
1789287166	4836204544
1789287171	4836204544
1789287176	4836204544
1789287181	4836204544
1789287186	4836204544
1789287191	4836204544
1789287196	4836204544
1789287201	4836204544
1789287206	4836204544
1789287211	4836204544
1789287216	4836204544
1789287221	4836204544
1789287226	4836204544
1789287231	4836204544
1789287236	4836204544
1789287241	4836204544
1789287246	4836204544
1789287251	4836204544
1789287256	4836204544
1789287261	4836204544
1789287266	4836204544
1789287271	4836204544
1789287276	4836204544
1789287281	4836204544
1789287286	4836204544
1789287291	4836204544
1789287296	4836204544
1789287301	4836204544
1789287306	4836204544
1789287311	4836204544
1789287316	4836204544
1789287321	4836204544
1789287326	4836204544
1789287331	4836204544
1789287336	4836204544
1789287341	4836204544
1789287346	4836204544
1789287351	4836204544
1789287356	4836208640
1789287361	4836208640
1789287366	4836208640
1789287371	4836208640
1789287376	4836208640
1789287381	4836208640
1789287386	4836208640
1789287391	4836208640
1789287396	4836208640
1789287401	4836208640
1789287406	4836208640
1789287411	4836208640
1789287416	4836208640
1789287421	4836208640
1789287426	4836208640
1789287431	4836208640
1789287436	4836208640
1789287441	4836208640
1789287446	4836208640
1789287451	4836208640
1789287456	4836208640
1789287461	4836208640
1789287466	4836208640
1789287471	4836208640
1789287476	4836208640
1789287481	4836208640
1789287486	4836208640
1789287491	4836208640
1789287496	4836208640
1789287501	4836208640
1789287506	4836208640
1789287511	4836208640
1789287516	4836208640
1789287521	4836208640
1789287526	4836208640
1789287531	4836208640
1789287536	4836208640
1789287541	4836208640
1789287546	4836208640
1789287551	4836208640
1789287556	4836208640
1789287561	4836208640
1789287566	4836208640
1789287571	4836208640
1789287576	4836208640
1789287581	4836208640
1789287586	4836208640
1789287591	4836208640
1789287596	4836208640
1789287601	4836208640
1789287606	4836208640
1789287611	4836208640
1789287616	4836208640
1789287621	4836208640
1789287626	4836208640
1789287632	4836208640
1789287637	4836208640
1789287642	4836208640
1789287647	4836208640
1789287652	4836208640
1789287657	4836208640
1789287662	4836208640
1789287667	4836208640
1789287672	4836208640
1789287677	4836208640
1789287682	4836208640
1789287687	4836208640
1789287692	4836208640
1789287697	4836208640
1789287702	4836208640
1789287707	4836208640
1789287712	4836208640
1789287717	4836208640
1789287722	4836208640
1789287727	4836208640
1789287732	4836208640
1789287737	4836208640
1789287742	4836208640
1789287747	4836208640
1789287752	4836208640
1789287757	4836212736
1789287762	4836212736
1789287767	4836212736
1789287772	4836212736
1789287777	4836212736
1789287782	4836212736
1789287787	4836212736
1789287792	4836212736
1789287797	4836212736
1789287802	4836212736
1789287807	4836212736
1789287812	4836212736
1789287817	4836212736
1789287822	4836212736
1789287827	4836212736
1789287832	4836212736
1789287837	4836212736
1789287842	4836212736
1789287847	4836212736
1789287852	4836212736
1789287857	4836212736
1789287862	4836212736
1789287867	4836212736
1789287872	4836212736
1789287877	4836212736
1789287882	4836212736
1789287887	4836212736
1789287892	4836212736
1789287897	4836212736
1789287902	4836212736
1789287907	4836212736
1789287912	4836212736
1789287917	4836212736
1789287922	4836212736
1789287927	4836212736
1789287932	4836212736
1789287937	4836212736
1789287942	4836212736
1789287947	4836212736
1789287952	4836212736
1789287957	4836212736
1789287962	4836212736
1789287967	4836212736
1789287972	4836212736
1789287977	4836212736
1789287982	4836212736
1789287987	4836212736
1789287992	4836212736
1789287997	4836212736
1789288002	4836212736
1789288007	4836212736
1789288012	4836212736
1789288017	4836212736
1789288022	4836212736
1789288027	4836212736
1789288032	4836212736
1789288037	4836212736
1789288042	4836212736
1789288047	4836212736
1789288052	4836212736
1789288057	4836212736
1789288062	4836212736
1789288067	4836212736
1789288072	4836212736
1789288077	4836212736
1789288082	4836212736
1789288087	4836212736
1789288092	4836212736
1789288097	4836212736
1789288102	4836212736
1789288107	4836212736
1789288112	4836212736
1789288117	4836216832
1789288122	4836216832
1789288127	4836216832
1789288132	4836216832
1789288137	4836216832
1789288142	4836216832
1789288147	4836216832
1789288153	4836216832
1789288158	4836216832
1789288163	4836216832
1789288168	4836216832
1789288173	4836216832
1789288178	4836216832
1789288183	4836216832
1789288188	4836216832
1789288193	4836216832
1789288198	4836216832
1789288203	4836216832
1789288208	4836216832
1789288213	4836216832
1789288218	4836216832
1789288223	4836216832
1789288228	4836216832
1789288233	4836216832
1789288238	4836216832
1789288243	4836216832
1789288248	4836216832
1789288253	4836216832
1789288258	4836216832
1789288263	4836216832
1789288268	4836216832
1789288273	4836216832
1789288278	4836216832
1789288283	4836216832
1789288288	4836216832
1789288293	4836216832
1789288298	4836216832
1789288303	4836216832
1789288308	4836216832
1789288313	4836216832
1789288318	4836216832
1789288323	4836216832
1789288328	4836216832
1789288333	4836216832
1789288338	4836216832
1789288343	4836216832
1789288348	4836216832
1789288353	4836216832
1789288358	4836216832
1789288363	4836216832
1789288368	4836216832
1789288373	4836216832
1789288378	4836216832
1789288383	4836216832
1789288388	4836216832
1789288393	4836216832
1789288398	4836216832
1789288403	4836216832
1789288408	4836216832
1789288413	4836216832
1789288418	4836216832
1789288423	4836216832
1789288428	4836216832
1789288433	4836216832
1789288438	4836216832
1789288443	4836216832
1789288448	4836216832
1789288453	4836216832
1789288458	4836216832
1789288463	4836216832
1789288468	4836216832
1789288473	4836216832
1789288478	4836216832
1789288483	4836216832
1789288488	4836216832
1789288493	4836216832
1789288498	4836216832
1789288503	4836216832
1789288508	4836216832
1789288513	4836216832
1789288518	4836220928
1789288523	4836220928
1789288528	4836220928
1789288533	4836220928
1789288538	4836220928
1789288543	4836220928
1789288548	4836220928
1789288553	4836220928
1789288558	4836220928
1789288563	4836220928
1789288568	4836220928
1789288573	4836220928
1789288578	4836220928
1789288583	4836220928
1789288588	4836220928
1789288593	4836220928
1789288598	4836220928
1789288603	4836220928
1789288608	4836220928
1789288613	4836220928
1789288618	4836220928
1789288623	4836220928
1789288629	4836220928
1789288634	4836220928
1789288639	4836220928
1789288644	4836220928
1789288649	4836220928
1789288654	4836220928
1789288659	4836220928
1789288664	4836220928
1789288669	4836220928
1789288674	4836220928
1789288679	4836220928
1789288684	4836220928
1789288689	4836220928
1789288694	4836220928
1789288699	4836220928
1789288704	4836220928
1789288709	4836220928
1789288714	4836220928
1789288719	4836220928
1789288724	4836220928
1789288729	4836220928
1789288734	4836220928
1789288739	4836220928
1789288744	4836220928
1789288749	4836220928
1789288754	4836220928
1789288759	4836220928
1789288764	4836220928
1789288769	4836220928
1789288774	4836220928
1789288779	4836220928
1789288784	4836220928
1789288789	4836220928
1789288794	4836220928
1789288799	4836220928
1789288804	4836220928
1789288809	4836220928
1789288814	4836220928
1789288819	4836220928
1789288824	4836220928
1789288829	4836220928
1789288834	4836220928
1789288839	4836220928
1789288844	4836220928
1789288849	4836220928
1789288854	4836220928
1789288859	4836220928
1789288864	4836225024
1789288869	4836225024
1789288874	4836225024
1789288879	4836225024
1789288884	4836225024
1789288889	4836225024
1789288894	4836225024
1789288899	4836225024
1789288904	4836225024
1789288909	4836225024
1789288914	4836225024
1789288919	4836225024
1789288924	4836225024
1789288929	4836225024
1789288934	4836225024
1789288939	4836225024
1789288944	4836225024
1789288949	4836225024
1789288954	4836225024
1789288959	4836225024
1789288964	4836225024
1789288969	4836225024
1789288974	4836225024
1789288979	4836225024
1789288984	4836225024
1789288989	4836225024
1789288994	4836225024
1789288999	4836225024
1789289004	4836225024
1789289009	4836225024
1789289014	4836225024
1789289019	4836225024
1789289024	4836225024
1789289029	4836225024
1789289034	4836225024
1789289039	4836225024
1789289044	4836225024
1789289049	4836225024
1789289054	4836225024
1789289059	4836225024
1789289064	4836225024
1789289069	4836225024
1789289074	4836225024
1789289079	4836225024
1789289084	4836225024
1789289089	4836225024
1789289094	4836225024
1789289099	4836225024
1789289104	4836225024
1789289109	4836225024
1789289114	4836225024
1789289119	4836225024
1789289124	4836225024
1789289129	4836225024
1789289134	4836225024
1789289139	4836225024
1789289144	4836225024
1789289149	4836225024
1789289154	4836225024
1789289160	4836225024
1789289165	4836225024
1789289170	4836225024
1789289175	4836225024
1789289180	4836225024
1789289185	4836225024
1789289190	4836225024
1789289195	4836225024
1789289200	4836225024
1789289205	4836225024
1789289210	4836225024
1789289215	4836225024
1789289220	4836225024
1789289225	4836225024
1789289230	4836225024
1789289235	4836225024
1789289240	4836225024
1789289245	4836225024
1789289250	4836225024
1789289255	4836225024
1789289260	4836225024
1789289265	4836225024
1789289270	4836229120
1789289275	4836229120
1789289280	4836229120
1789289285	4836229120
1789289290	4836229120
1789289295	4836229120
1789289300	4836229120
1789289305	4836229120
1789289310	4836229120
1789289315	4836229120
1789289320	4836229120
1789289325	4836229120
1789289330	4836229120
1789289335	4836229120
1789289340	4836229120
1789289345	4836229120
1789289350	4836229120
1789289355	4836229120
1789289360	4836229120
1789289365	4836229120
1789289370	4836229120
1789289375	4836229120
1789289380	4836229120
1789289385	4836229120
1789289390	4836229120
1789289395	4836229120
1789289400	4836229120
1789289405	4836229120
1789289410	4836229120
1789289415	4836229120
1789289420	4836229120
1789289425	4836229120
1789289430	4836229120
1789289435	4836229120
1789289440	4836229120
1789289445	4836229120
1789289450	4836229120
1789289455	4836229120
1789289460	4836229120
1789289465	4836229120
1789289470	4836229120
1789289475	4836229120
1789289480	4836229120
1789289485	4836229120
1789289490	4836229120
1789289495	4836229120
1789289500	4836229120
1789289505	4836229120
1789289510	4836229120
1789289515	4836229120
1789289520	4836229120
1789289525	4836229120
1789289530	4836229120
1789289535	4836229120
1789289540	4836229120
1789289545	4836229120
1789289550	4836229120
1789289555	4836229120
1789289560	4836229120
1789289565	4836229120
1789289570	4836229120
1789289575	4836229120
1789289580	4836229120
1789289585	4836229120
1789289590	4836229120
1789289595	4836229120
1789289601	4836229120
1789289606	4836229120
1789289611	4836229120
1789289616	4836233216
1789289621	4836233216
1789289626	4836233216
1789289631	4836233216
1789289636	4836233216
1789289641	4836233216
1789289646	4836233216
1789289651	4836233216
1789289656	4836233216
1789289661	4836233216
1789289666	4836233216
1789289671	4836233216
1789289676	4836233216
1789289681	4836233216
1789289686	4836233216
1789289691	4836233216
1789289696	4836233216
1789289701	4836233216
1789289706	4836233216
1789289711	4836233216
1789289716	4836233216
1789289721	4836233216
1789289726	4836233216
1789289731	4836233216
1789289736	4836233216
1789289741	4836233216
1789289746	4836233216
1789289751	4836233216
1789289756	4836233216
1789289761	4836233216
1789289766	4836233216
1789289771	4836233216
1789289776	4836233216
1789289781	4836233216
1789289786	4836233216
1789289791	4836233216
1789289796	4836233216
1789289801	4836233216
1789289806	4836233216
1789289811	4836233216
1789289816	4836233216
1789289821	4836233216
1789289826	4836233216
1789289831	4836233216
1789289836	4836233216
1789289841	4836233216
1789289846	4836233216
1789289851	4836233216
1789289856	4836233216
1789289861	4836233216
1789289866	4836233216
1789289871	4836233216
1789289876	4836233216
1789289881	4836233216
1789289886	4836233216
1789289891	4836233216
1789289896	4836233216
1789289901	4836233216
1789289906	4836233216
1789289911	4836233216
1789289916	4836233216
1789289921	4836233216
1789289926	4836233216
1789289931	4836233216
1789289936	4836233216
1789289941	4836233216
1789289946	4836233216
1789289951	4836233216
1789289956	4836233216
1789289961	4836233216
1789289966	4836233216
1789289971	4836233216
1789289976	4836233216
1789289981	4836233216
1789289986	4836233216
1789289991	4836233216
1789289996	4836233216
1789290001	4836233216
1789290006	4836233216
1789290011	4836233216
1789290016	4836233216
1789290021	4836233216
1789290026	4836233216
1789290031	4836237312
1789290036	4836237312
1789290041	4836237312
1789290046	4836237312
1789290051	4836237312
1789290056	4836237312
1789290061	4836237312
1789290066	4836237312
1789290071	4836237312
1789290076	4836237312
1789290081	4836237312
1789290086	4836237312
1789290091	4836237312
1789290096	4836237312
1789290101	4836237312
1789290106	4836237312
1789290111	4836237312
1789290117	4836237312
1789290122	4836237312
1789290127	4836237312
1789290132	4836237312
1789290137	4836237312
1789290142	4836237312
1789290147	4836237312
1789290152	4836237312
1789290157	4836237312
1789290162	4836237312
1789290167	4836237312
1789290172	4836237312
1789290177	4836237312
1789290182	4836237312
1789290187	4836237312
1789290192	4836237312
1789290197	4836237312
1789290202	4836237312
1789290207	4836237312
1789290212	4836237312
1789290217	4836237312
1789290222	4836237312
1789290227	4836237312
1789290232	4836237312
1789290237	4836237312
1789290242	4836237312
1789290247	4836237312
1789290252	4836237312
1789290257	4836237312
1789290262	4836237312
1789290267	4836237312
1789290272	4836237312
1789290277	4836237312
1789290282	4836237312
1789290287	4836237312
1789290292	4836237312
1789290297	4836237312
1789290302	4836237312
1789290307	4836237312
1789290312	4836237312
1789290317	4836237312
1789290322	4836237312
1789290327	4836237312
1789290332	4836237312
1789290337	4836237312
1789290342	4836237312
1789290347	4836237312
1789290352	4836237312
1789290357	4836237312
1789290362	4836237312
1789290367	4836237312
1789290372	4836237312
1789290377	4836241408
1789290382	4836241408
1789290387	4836241408
1789290392	4836241408
1789290397	4836241408
1789290402	4836241408
1789290407	4836241408
1789290412	4836241408
1789290417	4836241408
1789290422	4836241408
1789290427	4836241408
1789290432	4836241408
1789290437	4836241408
1789290442	4836241408
1789290447	4836241408
1789290452	4836241408
1789290457	4836241408
1789290462	4836241408
1789290467	4836241408
1789290472	4836241408
1789290477	4836241408
1789290482	4836241408
1789290487	4836241408
1789290492	4836241408
1789290497	4836241408
1789290502	4836241408
1789290507	4836241408
1789290512	4836241408
1789290517	4836241408
1789290522	4836241408
1789290527	4836241408
1789290532	4836241408
1789290537	4836241408
1789290542	4836241408
1789290547	4836241408
1789290552	4836241408
1789290557	4836241408
1789290562	4836241408
1789290567	4836241408
1789290573	4836241408
1789290578	4836241408
1789290583	4836241408
1789290588	4836241408
1789290593	4836241408
1789290598	4836241408
1789290603	4836241408
1789290608	4836241408
1789290613	4836241408
1789290618	4836241408
1789290623	4836241408
1789290628	4836241408
1789290633	4836241408
1789290638	4836241408
1789290643	4836241408
1789290648	4836241408
1789290653	4836241408
1789290658	4836241408
1789290663	4836241408
1789290668	4836241408
1789290673	4836241408
1789290678	4836241408
1789290683	4836241408
1789290688	4836241408
1789290693	4836241408
1789290698	4836241408
1789290703	4836241408
1789290708	4836241408
1789290713	4836241408
1789290718	4836241408
1789290723	4836241408
1789290728	4836241408
1789290733	4836241408
1789290738	4836241408
1789290743	4836241408
1789290748	4836241408
1789290753	4836241408
1789290758	4836241408
1789290763	4836245504
1789290768	4836245504
1789290773	4836245504
1789290778	4836245504
1789290783	4836245504
1789290788	4836245504
1789290793	4836245504
1789290798	4836245504
1789290803	4836245504
1789290808	4836245504
1789290813	4836245504
1789290818	4836245504
1789290823	4836245504
1789290828	4836245504
1789290833	4836245504
1789290838	4836245504
1789290843	4836245504
1789290848	4836245504
1789290853	4836245504
1789290858	4836245504
1789290863	4836245504
1789290868	4836245504
1789290873	4836245504
1789290878	4836245504
1789290883	4836245504
1789290888	4836245504
1789290893	4836245504
1789290898	4836245504
1789290903	4836245504
1789290908	4836245504
1789290913	4836245504
1789290918	4836245504
1789290923	4836245504
1789290928	4836245504
1789290933	4836245504
1789290938	4836245504
1789290943	4836245504
1789290948	4836245504
1789290953	4836245504
1789290958	4836245504
1789290963	4836245504
1789290968	4836245504
1789290973	4836245504
1789290978	4836245504
1789290983	4836245504
1789290988	4836245504
1789290993	4836245504
1789290998	4836245504
1789291003	4836245504
1789291008	4836245504
1789291013	4836245504
1789291018	4836245504
1789291023	4836245504
1789291028	4836245504
1789291033	4836245504
1789291038	4836245504
1789291043	4836245504
1789291048	4836245504
1789291053	4836245504
1789291058	4836245504
1789291063	4836245504
1789291068	4836245504
1789291073	4836245504
1789291078	4836245504
1789291083	4836245504
1789291088	4836245504
1789291093	4836245504
1789291098	4836245504
1789291103	4836245504
1789291108	4836245504
1789291113	4836249600
1789291118	4836249600
1789291123	4836249600
1789291128	4836249600
1789291133	4836249600
1789291138	4836249600
1789291143	4836249600
1789291149	4836249600
1789291154	4836249600
1789291159	4836249600
1789291164	4836249600
1789291169	4836249600
1789291174	4836249600
1789291179	4836249600
1789291184	4836249600
1789291189	4836249600
1789291194	4836249600
1789291199	4836249600
1789291204	4836249600
1789291209	4836249600
1789291214	4836249600
1789291219	4836249600
1789291224	4836249600
1789291229	4836249600
1789291234	4836249600
1789291239	4836249600
1789291244	4836249600
1789291249	4836249600
1789291254	4836249600
1789291259	4836249600
1789291264	4836249600
1789291269	4836249600
1789291274	4836249600
1789291279	4836249600
1789291284	4836249600
1789291289	4836249600
1789291294	4836249600
1789291299	4836249600
1789291304	4836249600
1789291309	4836249600
1789291314	4836249600
1789291319	4836249600
1789291324	4836249600
1789291329	4836249600
1789291334	4836249600
1789291339	4836249600
1789291344	4836249600
1789291349	4836249600
1789291354	4836249600
1789291359	4836249600
1789291364	4836249600
1789291369	4836249600
1789291374	4836249600
1789291379	4836249600
1789291384	4836249600
1789291389	4836249600
1789291394	4836249600
1789291399	4836249600
1789291404	4836249600
1789291409	4836249600
1789291414	4836249600
1789291419	4836249600
1789291424	4836249600
1789291429	4836249600
1789291434	4836249600
1789291439	4836249600
1789291444	4836249600
1789291449	4836249600
1789291454	4836249600
1789291459	4836249600
1789291464	4836249600
1789291469	4836249600
1789291474	4836249600
1789291479	4836249600
1789291484	4836249600
1789291489	4836249600
1789291494	4836249600
1789291499	4836249600
1789291504	4836249600
1789291509	4836249600
1789291514	4836253696
1789291519	4836253696
1789291524	4836253696
1789291529	4836253696
1789291534	4836253696
1789291539	4836253696
1789291544	4836253696
1789291549	4836253696
1789291554	4836253696
1789291559	4836253696
1789291564	4836253696
1789291569	4836253696
1789291574	4836253696
1789291579	4836253696
1789291584	4836253696
1789291589	4836253696
1789291595	4836253696
1789291600	4836253696
1789291605	4836253696
1789291610	4836253696
1789291615	4836253696
1789291620	4836253696
1789291625	4836253696
1789291630	4836253696
1789291635	4836253696
1789291640	4836253696
1789291645	4836253696
1789291650	4836253696
1789291655	4836253696
1789291660	4836253696
1789291665	4836253696
1789291670	4836253696
1789291675	4836253696
1789291680	4836253696
1789291685	4836253696
1789291690	4836253696
1789291695	4836253696
1789291700	4836253696
1789291705	4836253696
1789291710	4836253696
1789291715	4836253696
1789291720	4836253696
1789291725	4836253696
1789291730	4836253696
1789291735	4836253696
1789291740	4836253696
1789291745	4836253696
1789291750	4836253696
1789291755	4836253696
1789291760	4836253696
1789291765	4836253696
1789291770	4836253696
1789291775	4836253696
1789291780	4836253696
1789291785	4836253696
1789291790	4836253696
1789291795	4836253696
1789291800	4836253696
1789291805	4836253696
1789291810	4836253696
1789291815	4836253696
1789291820	4836253696
1789291825	4836253696
1789291830	4836253696
1789291835	4836253696
1789291840	4836253696
1789291845	4836253696
1789291850	4836253696
1789291855	4836253696
1789291860	4836253696
1789291865	4836253696
1789291870	4836257792
1789291875	4836257792
1789291880	4836257792
1789291885	4836257792
1789291890	4836257792
1789291895	4836257792
1789291900	4836257792
1789291905	4836257792
1789291910	4836257792
1789291915	4836257792
1789291920	4836257792
1789291925	4836257792
1789291930	4836257792
1789291935	4836257792
1789291940	4836257792
1789291945	4836257792
1789291950	4836257792
1789291955	4836257792
1789291960	4836257792
1789291965	4836257792
1789291970	4836257792
1789291975	4836257792
1789291980	4836257792
1789291985	4836257792
1789291990	4836257792
1789291995	4836257792
1789292000	4836257792
1789292005	4836257792
1789292010	4836257792
1789292015	4836257792
1789292020	4836257792
1789292025	4836257792
1789292030	4836257792
1789292035	4836257792
1789292040	4836257792
1789292045	4836257792
1789292050	4836257792
1789292055	4836257792
1789292060	4836257792
1789292065	4836257792
1789292070	4836257792
1789292075	4836257792
1789292080	4836257792
1789292085	4836257792
1789292090	4836257792
1789292096	4836257792
1789292101	4836257792
1789292106	4836257792
1789292111	4836257792
1789292116	4836257792
1789292121	4836257792
1789292126	4836257792
1789292131	4836257792
1789292136	4836257792
1789292141	4836257792
1789292146	4836257792
1789292151	4836257792
1789292156	4836257792
1789292161	4836257792
1789292166	4836257792
1789292171	4836257792
1789292176	4836257792
1789292181	4836257792
1789292186	4836257792
1789292191	4836257792
1789292196	4836257792
1789292201	4836257792
1789292206	4836257792
1789292211	4836257792
1789292216	4836257792
1789292221	4836257792
1789292226	4836257792
1789292231	4836257792
1789292236	4836257792
1789292241	4836257792
1789292246	4836257792
1789292251	4836257792
1789292256	4836257792
1789292261	4836257792
1789292266	4836257792
1789292271	4836257792
1789292276	4836257792
1789292281	4836257792
1789292286	4836257792
1789292291	4836257792
1789292296	4836261888
1789292301	4836261888
1789292306	4836261888
1789292311	4836261888
1789292316	4836261888
1789292321	4836261888
1789292326	4836261888
1789292331	4836261888
1789292336	4836261888
1789292341	4836261888
1789292346	4836261888
1789292351	4836261888
1789292356	4836261888
1789292361	4836261888
1789292366	4836261888
1789292371	4836261888
1789292376	4836261888
1789292381	4836261888
1789292386	4836261888
1789292391	4836261888
1789292396	4836261888
1789292401	4836261888
1789292406	4836261888
1789292411	4836261888
1789292416	4836261888
1789292421	4836261888
1789292426	4836261888
1789292431	4836261888
1789292436	4836261888
1789292441	4836261888
1789292446	4836261888
1789292451	4836261888
1789292456	4836261888
1789292461	4836261888
1789292466	4836261888
1789292471	4836261888
1789292476	4836261888
1789292481	4836261888
1789292486	4836261888
1789292491	4836261888
1789292496	4836261888
1789292501	4836261888
1789292506	4836261888
1789292511	4836261888
1789292516	4836261888
1789292521	4836261888
1789292526	4836261888
1789292531	4836261888
1789292536	4836261888
1789292541	4836261888
1789292546	4836261888
1789292551	4836261888
1789292556	4836261888
1789292561	4836261888
1789292566	4836261888
1789292572	4836261888
1789292577	4836261888
1789292582	4836261888
1789292587	4836261888
1789292592	4836261888
1789292597	4836261888
1789292602	4836261888
1789292607	4836261888
1789292612	4836261888
1789292617	4836261888
1789292622	4836261888
1789292627	4836261888
1789292632	4836261888
1789292637	4836261888
1789292642	4836261888
1789292647	4836265984
1789292652	4836265984
1789292657	4836265984
1789292662	4836265984
1789292667	4836265984
1789292672	4836265984
1789292677	4836265984
1789292682	4836265984
1789292687	4836265984
1789292692	4836265984
1789292697	4836265984
1789292702	4836265984
1789292707	4836265984
1789292712	4836265984
1789292717	4836265984
1789292722	4836265984
1789292727	4836265984
1789292732	4836265984
1789292737	4836265984
1789292742	4836265984
1789292747	4836265984
1789292752	4836265984
1789292757	4836265984
1789292762	4836265984
1789292767	4836265984
1789292772	4836265984
1789292777	4836265984
1789292782	4836265984
1789292787	4836265984
1789292792	4836265984
1789292797	4836265984
1789292802	4836265984
1789292807	4836265984
1789292812	4836265984
1789292817	4836265984
1789292822	4836265984
1789292827	4836265984
1789292832	4836265984
1789292837	4836265984
1789292842	4836265984
1789292847	4836265984
1789292852	4836265984
1789292857	4836265984
1789292862	4836265984
1789292867	4836265984
1789292872	4836265984
1789292877	4836265984
1789292882	4836265984
1789292887	4836265984
1789292892	4836265984
1789292897	4836265984
1789292902	4836265984
1789292907	4836265984
1789292912	4836265984
1789292917	4836265984
1789292922	4836265984
1789292927	4836265984
1789292932	4836265984
1789292937	4836265984
1789292942	4836265984
1789292947	4836265984
1789292952	4836265984
1789292957	4836265984
1789292962	4836265984
1789292967	4836265984
1789292972	4836265984
1789292977	4836265984
1789292982	4836265984
1789292987	4836265984
1789292992	4836265984
1789292997	4836265984
1789293002	4836265984
1789293007	4836265984
1789293012	4836265984
1789293017	4836265984
1789293022	4836265984
1789293027	4836265984
1789293032	4836265984
1789293037	4836265984
1789293042	4836265984
1789293047	4836270080
1789293052	4836270080
1789293057	4836270080
1789293062	4836270080
1789293067	4836270080
1789293073	4836270080
1789293078	4836270080
1789293083	4836270080
1789293088	4836270080
1789293093	4836270080
1789293098	4836270080
1789293103	4836270080
1789293108	4836270080
1789293113	4836270080
1789293118	4836270080
1789293123	4836270080
1789293128	4836270080
1789293133	4836270080
1789293138	4836270080
1789293143	4836270080
1789293148	4836270080
1789293153	4836270080
1789293158	4836270080
1789293163	4836270080
1789293168	4836270080
1789293173	4836270080
1789293178	4836270080
1789293183	4836270080
1789293188	4836270080
1789293193	4836270080
1789293198	4836270080
1789293203	4836270080
1789293208	4836270080
1789293213	4836270080
1789293218	4836270080
1789293223	4836270080
1789293228	4836270080
1789293233	4836270080
1789293238	4836270080
1789293243	4836270080
1789293248	4836270080
1789293253	4836270080
1789293258	4836270080
1789293263	4836270080
1789293268	4836270080
1789293273	4836270080
1789293278	4836270080
1789293283	4836270080
1789293288	4836270080
1789293293	4836270080
1789293298	4836270080
1789293303	4836270080
1789293308	4836270080
1789293313	4836270080
1789293318	4836270080
1789293323	4836270080
1789293328	4836270080
1789293333	4836270080
1789293338	4836270080
1789293343	4836270080
1789293348	4836270080
1789293353	4836270080
1789293358	4836270080
1789293363	4836270080
1789293368	4836270080
1789293373	4836270080
1789293378	4836270080
1789293383	4836270080
1789293388	4836270080
1789293393	4836270080
1789293398	4836270080
1789293403	4836274176
1789293408	4836274176
1789293413	4836274176
1789293418	4836274176
1789293423	4836274176
1789293428	4836274176
1789293433	4836274176
1789293438	4836274176
1789293443	4836274176
1789293448	4836274176
1789293453	4836274176
1789293458	4836274176
1789293463	4836274176
1789293468	4836274176
1789293473	4836274176
1789293478	4836274176
1789293483	4836274176
1789293488	4836274176
1789293493	4836274176
1789293498	4836274176
1789293503	4836274176
1789293508	4836274176
1789293513	4836274176
1789293518	4836274176
1789293523	4836274176
1789293528	4836274176
1789293533	4836274176
1789293538	4836274176
1789293543	4836274176
1789293548	4836274176
1789293553	4836274176
1789293558	4836274176
1789293563	4836274176
1789293568	4836274176
1789293573	4836274176
1789293578	4836274176
1789293584	4836274176
1789293589	4836274176
1789293594	4836274176
1789293599	4836274176
1789293604	4836274176
1789293609	4836274176
1789293614	4836274176
1789293619	4836274176
1789293624	4836274176
1789293629	4836274176
1789293634	4836274176
1789293639	4836274176
1789293644	4836274176
1789293649	4836274176
1789293654	4836274176
1789293659	4836274176
1789293664	4836274176
1789293669	4836274176
1789293674	4836274176
1789293679	4836274176
1789293684	4836274176
1789293689	4836274176
1789293694	4836274176
1789293699	4836274176
1789293704	4836274176
1789293709	4836274176
1789293714	4836274176
1789293719	4836274176
1789293724	4836274176
1789293729	4836274176
1789293734	4836274176
1789293739	4836274176
1789293744	4836274176
1789293749	4836274176
1789293754	4836274176
1789293759	4836274176
1789293764	4836274176
1789293769	4836274176
1789293774	4836274176
1789293779	4836274176
1789293784	4836274176
1789293789	4836274176
1789293794	4836274176
1789293799	4836274176
1789293804	4836274176
1789293809	4836274176
1789293814	4836274176
1789293819	4836274176
1789293824	4836278272
1789293829	4836278272
1789293834	4836278272
1789293839	4836278272
1789293844	4836278272
1789293849	4836278272
1789293854	4836278272
1789293859	4836278272
1789293864	4836278272
1789293869	4836278272
1789293874	4836278272
1789293879	4836278272
1789293884	4836278272
1789293889	4836278272
1789293894	4836278272
1789293899	4836278272
1789293904	4836278272
1789293909	4836278272
1789293914	4836278272
1789293919	4836278272
1789293924	4836278272
1789293929	4836278272
1789293934	4836278272
1789293939	4836278272
1789293944	4836278272
1789293949	4836278272
1789293954	4836278272
1789293959	4836278272
1789293964	4836278272
1789293969	4836278272
1789293974	4836278272
1789293979	4836278272
1789293984	4836278272
1789293989	4836278272
1789293994	4836278272
1789293999	4836278272
1789294004	4836278272
1789294009	4836278272
1789294014	4836278272
1789294019	4836278272
1789294024	4836278272
1789294029	4836278272
1789294034	4836278272
1789294039	4836278272
1789294045	4836278272
1789294050	4836278272
1789294055	4836278272
1789294060	4836278272
1789294065	4836278272
1789294070	4836278272
1789294075	4836278272
1789294080	4836278272
1789294085	4836278272
1789294090	4836278272
1789294095	4836278272
1789294100	4836278272
1789294105	4836278272
1789294110	4836278272
1789294115	4836278272
1789294120	4836278272
1789294125	4836278272
1789294130	4836278272
1789294135	4836278272
1789294140	4836278272
1789294145	4836278272
1789294150	4836278272
1789294155	4836278272
1789294160	4836278272
1789294165	4836278272
1789294170	4836278272
1789294175	4836278272
1789294180	4836282368
1789294185	4836282368
1789294190	4836282368
1789294195	4836282368
1789294200	4836282368
1789294205	4836282368
1789294210	4836282368
1789294215	4836282368
1789294220	4836282368
1789294225	4836282368
1789294230	4836282368
1789294235	4836282368
1789294240	4836282368
1789294245	4836282368
1789294250	4836282368
1789294255	4836282368
1789294260	4836282368
1789294265	4836282368
1789294270	4836282368
1789294275	4836282368
1789294280	4836282368
1789294285	4836282368
1789294290	4836282368
1789294295	4836282368
1789294300	4836282368
1789294305	4836282368
1789294310	4836282368
1789294315	4836282368
1789294320	4836282368
1789294325	4836282368
1789294330	4836282368
1789294335	4836282368
1789294340	4836282368
1789294345	4836282368
1789294350	4836282368
1789294355	4836282368
1789294360	4836282368
1789294365	4836282368
1789294370	4836282368
1789294375	4836282368
1789294380	4836282368
1789294385	4836282368
1789294390	4836282368
1789294395	4836282368
1789294400	4836282368
1789294405	4836282368
1789294410	4836282368
1789294415	4836282368
1789294420	4836282368
1789294425	4836282368
1789294430	4836282368
1789294435	4836282368
1789294440	4836282368
1789294445	4836282368
1789294450	4836282368
1789294455	4836282368
1789294460	4836282368
1789294465	4836282368
1789294470	4836282368
1789294475	4836282368
1789294480	4836282368
1789294485	4836282368
1789294490	4836282368
1789294495	4836282368
1789294500	4836282368
1789294505	4836282368
1789294510	4836282368
1789294515	4836282368
1789294520	4836282368
1789294525	4836282368
1789294530	4836282368
1789294536	4836282368
1789294541	4836282368
1789294546	4836282368
1789294551	4836282368
1789294556	4836282368
1789294561	4836282368
1789294566	4836282368
1789294571	4836282368
1789294576	4836282368
1789294581	4836282368
1789294586	4836282368
1789294591	4836282368
1789294596	4836282368
1789294601	4836286464
1789294606	4836286464
1789294611	4836286464
1789294616	4836286464
1789294621	4836286464
1789294626	4836286464
1789294631	4836286464
1789294636	4836286464
1789294641	4836286464
1789294646	4836286464
1789294651	4836286464
1789294656	4836286464
1789294661	4836286464
1789294666	4836286464
1789294671	4836286464
1789294676	4836286464
1789294681	4836286464
1789294686	4836286464
1789294691	4836286464
1789294696	4836286464
1789294701	4836286464
1789294706	4836286464
1789294711	4836286464
1789294716	4836286464
1789294721	4836286464
1789294726	4836286464
1789294731	4836286464
1789294736	4836286464
1789294741	4836286464
1789294746	4836286464
1789294751	4836286464
1789294756	4836286464
1789294761	4836286464
1789294766	4836286464
1789294771	4836286464
1789294776	4836286464
1789294781	4836286464
1789294786	4836286464
1789294791	4836286464
1789294796	4836286464
1789294801	4836286464
1789294806	4836286464
1789294811	4836286464
1789294816	4836286464
1789294821	4836286464
1789294826	4836286464
1789294831	4836286464
1789294836	4836286464
1789294841	4836286464
1789294846	4836286464
1789294851	4836286464
1789294856	4836286464
1789294861	4836286464
1789294866	4836286464
1789294871	4836286464
1789294876	4836286464
1789294881	4836286464
1789294886	4836286464
1789294891	4836286464
1789294896	4836286464
1789294901	4836286464
1789294906	4836286464
1789294911	4836286464
1789294916	4836286464
1789294921	4836286464
1789294926	4836286464
1789294931	4836286464
1789294936	4836286464
1789294941	4836286464
1789294946	4836286464
1789294951	4836286464
1789294956	4836290560
1789294961	4836290560
1789294966	4836290560
1789294971	4836290560
1789294976	4836290560
1789294981	4836290560
1789294987	4836290560
1789294992	4836290560
1789294997	4836290560
1789295002	4836290560
1789295007	4836290560
1789295012	4836290560
1789295017	4836290560
1789295022	4836290560
1789295027	4836290560
1789295032	4836290560
1789295037	4836290560
1789295042	4836290560
1789295047	4836290560
1789295052	4836290560
1789295057	4836290560
1789295062	4836290560
1789295067	4836290560
1789295072	4836290560
1789295077	4836290560
1789295082	4836290560
1789295087	4836290560
1789295092	4836290560
1789295097	4836290560
1789295102	4836290560
1789295107	4836290560
1789295112	4836290560
1789295117	4836290560
1789295122	4836290560
1789295127	4836290560
1789295132	4836290560
1789295137	4836290560
1789295142	4836290560
1789295147	4836290560
1789295152	4836290560
1789295157	4836290560
1789295162	4836290560
1789295167	4836290560
1789295172	4836290560
1789295177	4836290560
1789295182	4836290560
1789295187	4836290560
1789295192	4836290560
1789295197	4836290560
1789295202	4836290560
1789295207	4836290560
1789295212	4836290560
1789295217	4836290560
1789295222	4836290560
1789295227	4836290560
1789295232	4836290560
1789295237	4836290560
1789295242	4836290560
1789295247	4836290560
1789295252	4836290560
1789295257	4836290560
1789295262	4836290560
1789295267	4836290560
1789295272	4836290560
1789295277	4836294656
1789295282	4836294656
1789295287	4836294656
1789295292	4836294656
1789295297	4836294656
1789295302	4836294656
1789295307	4836294656
1789295312	4836294656
1789295317	4836294656
1789295322	4836294656
1789295327	4836294656
1789295332	4836294656
1789295337	4836294656
1789295342	4836294656
1789295347	4836294656
1789295352	4836294656
1789295357	4836294656
1789295362	4836294656
1789295367	4836294656
1789295372	4836294656
1789295377	4836294656
1789295382	4836294656
1789295387	4836294656
1789295392	4836294656
1789295397	4836294656
1789295402	4836294656
1789295407	4836294656
1789295412	4836294656
1789295417	4836294656
1789295422	4836294656
1789295427	4836294656
1789295432	4836294656
1789295437	4836294656
1789295442	4836294656
1789295447	4836294656
1789295452	4836294656
1789295457	4836294656
1789295462	4836294656
1789295467	4836294656
1789295472	4836294656
1789295477	4836294656
1789295483	4836294656
1789295488	4836294656
1789295493	4836294656
1789295498	4836294656
1789295503	4836294656
1789295508	4836294656
1789295513	4836294656
1789295518	4836298752
1789295523	4836298752
1789295528	4836298752
1789295533	4836298752
1789295538	4836298752
1789295543	4836298752
1789295548	4836298752
1789295553	4836298752
1789295558	4836298752
1789295563	4836298752
1789295568	4836298752
1789295573	4836298752
1789295578	4836298752
1789295583	4836298752
1789295588	4836298752
1789295593	4836298752
1789295598	4836298752
1789295603	4836298752
1789295608	4836298752
1789295613	4836298752
1789295618	4836298752
1789295623	4836298752
1789295628	4836298752
1789295633	4836298752
1789295638	4836298752
1789295643	4836298752
1789295648	4836298752
1789295653	4836298752
1789295658	4836298752
1789295663	4836298752
1789295668	4836298752
1789295673	4836298752
1789295678	4836298752
1789295683	4836298752
1789295688	4836298752
1789295693	4836298752
1789295698	4836298752
1789295703	4836298752
1789295708	4836298752
1789295713	4836298752
1789295718	4836298752
1789295723	4836298752
1789295728	4836298752
1789295733	4836298752
1789295738	4836298752
1789295743	4836298752
1789295748	4836298752
1789295753	4836298752
1789295758	4836298752
1789295763	4836298752
1789295768	4836298752
1789295773	4836298752
1789295778	4836298752
1789295783	4836302848
1789295788	4836302848
1789295793	4836302848
1789295798	4836302848
1789295803	4836302848
1789295808	4836302848
1789295813	4836302848
1789295818	4836302848
1789295823	4836302848
1789295828	4836302848
1789295833	4836302848
1789295838	4836302848
1789295843	4836302848
1789295848	4836302848
1789295853	4836302848
1789295858	4836302848
1789295863	4836302848
1789295868	4836302848
1789295873	4836302848
1789295878	4836302848
1789295883	4836302848
1789295888	4836302848
1789295893	4836302848
1789295898	4836302848
1789295903	4836302848
1789295908	4836302848
1789295913	4836302848
1789295918	4836302848
1789295923	4836302848
1789295928	4836302848
1789295933	4836302848
1789295938	4836302848
1789295943	4836302848
1789295948	4836302848
1789295953	4836302848
1789295958	4836302848
1789295963	4836302848
1789295968	4836302848
1789295973	4836302848
1789295978	4836302848
1789295983	4836302848
1789295988	4836302848
1789295993	4836302848
1789295998	4836302848
1789296003	4836302848
1789296008	4836302848
1789296013	4836302848
1789296018	4836302848
1789296023	4836302848
1789296029	4836306944
1789296034	4836306944
1789296039	4836306944
1789296044	4836306944
1789296049	4836306944
1789296054	4836306944
1789296059	4836306944
1789296064	4836306944
1789296069	4836306944
1789296074	4836306944
1789296079	4836306944
1789296084	4836306944
1789296089	4836306944
1789296094	4836306944
1789296099	4836306944
1789296104	4836306944
1789296109	4836306944
1789296114	4836306944
1789296119	4836306944
1789296124	4836306944
1789296129	4836306944
1789296134	4836306944
1789296139	4836306944
1789296144	4836306944
1789296149	4836306944
1789296154	4836306944
1789296159	4836306944
1789296164	4836306944
1789296169	4836306944
1789296174	4836306944
1789296179	4836306944
1789296184	4836306944
1789296189	4836306944
1789296194	4836306944
1789296199	4836306944
1789296204	4836306944
1789296209	4836306944
1789296214	4836306944
1789296219	4836306944
1789296224	4836306944
1789296229	4836306944
1789296234	4836306944
1789296239	4836306944
1789296244	4836306944
1789296249	4836306944
1789296254	4836306944
1789296259	4836306944
1789296264	4836306944
1789296269	4836306944
1789296274	4836306944
1789296279	4836311040
1789296284	4836311040
1789296289	4836311040
1789296294	4836311040
1789296299	4836311040
1789296304	4836311040
1789296309	4836311040
1789296314	4836311040
1789296319	4836311040
1789296324	4836311040
1789296329	4836311040
1789296334	4836311040
1789296339	4836311040
1789296344	4836311040
1789296349	4836311040
1789296354	4836311040
1789296359	4836311040
1789296364	4836311040
1789296369	4836311040
1789296374	4836311040
1789296379	4836311040
1789296384	4836311040
1789296389	4836311040
1789296394	4836311040
1789296399	4836311040
1789296404	4836311040
1789296409	4836311040
1789296414	4836311040
1789296419	4836311040
1789296424	4836311040
1789296429	4836311040
1789296434	4836311040
1789296439	4836311040
1789296444	4836311040
1789296449	4836311040
1789296454	4836311040
1789296459	4836311040
1789296464	4836311040
1789296469	4836311040
1789296474	4836311040
1789296479	4836311040
1789296484	4836311040
1789296489	4836311040
1789296494	4836311040
1789296499	4836311040
1789296504	4836311040
1789296509	4836311040
1789296514	4836311040
1789296519	4836315136
1789296524	4836315136
1789296529	4836315136
1789296534	4836315136
1789296539	4836315136
1789296544	4836315136
1789296549	4836315136
1789296554	4836315136
1789296559	4836315136
1789296564	4836315136
1789296569	4836315136
1789296574	4836315136
1789296579	4836315136
1789296584	4836315136
1789296589	4836315136
1789296594	4836315136
1789296599	4836315136
1789296604	4836315136
1789296609	4836315136
1789296614	4836315136
1789296619	4836315136
1789296625	4836315136
1789296630	4836315136
1789296635	4836315136
1789296640	4836315136
1789296645	4836315136
1789296650	4836315136
1789296655	4836315136
1789296660	4836315136
1789296665	4836315136
1789296670	4836315136
1789296675	4836315136
1789296680	4836315136
1789296685	4836315136
1789296690	4836315136
1789296695	4836315136
1789296700	4836315136
1789296705	4836315136
1789296710	4836315136
1789296715	4836315136
1789296720	4836315136
1789296725	4836315136
1789296730	4836315136
1789296735	4836315136
1789296740	4836315136
1789296745	4836315136
1789296750	4836315136
1789296755	4836315136
1789296760	4836315136
1789296765	4836315136
1789296770	4836319232
1789296775	4836319232
1789296780	4836319232
1789296785	4836319232
1789296790	4836319232
1789296795	4836319232
1789296800	4836319232
1789296805	4836319232
1789296810	4836319232
1789296815	4836319232
1789296820	4836319232
1789296825	4836319232
1789296830	4836319232
1789296835	4836319232
1789296840	4836319232
1789296845	4836319232
1789296850	4836319232
1789296855	4836319232
1789296860	4836319232
1789296865	4836319232
1789296870	4836319232
1789296875	4836319232
1789296880	4836319232
1789296885	4836319232
1789296890	4836319232
1789296895	4836319232
1789296900	4836319232
1789296905	4836319232
1789296910	4836319232
1789296915	4836319232
1789296920	4836319232
1789296925	4836319232
1789296930	4836319232
1789296935	4836319232
1789296940	4836319232
1789296945	4836319232
1789296950	4836319232
1789296955	4836319232
1789296960	4836319232
1789296965	4836319232
1789296970	4836319232
1789296975	4836319232
1789296980	4836319232
1789296985	4836319232
1789296990	4836319232
1789296995	4836319232
1789297000	4836319232
1789297005	4836323328
1789297010	4836323328
1789297015	4836323328
1789297020	4836323328
1789297025	4836323328
1789297030	4836323328
1789297035	4836323328
1789297040	4836323328
1789297045	4836323328
1789297050	4836323328
1789297055	4836323328
1789297060	4836323328
1789297065	4836323328
1789297070	4836323328
1789297075	4836323328
1789297080	4836323328
1789297085	4836323328
1789297090	4836323328
1789297095	4836323328
1789297100	4836323328
1789297105	4836323328
1789297110	4836323328
1789297115	4836323328
1789297120	4836323328
1789297125	4836323328
1789297130	4836323328
1789297135	4836323328
1789297140	4836323328
1789297145	4836323328
1789297150	4836323328
1789297155	4836323328
1789297160	4836323328
1789297165	4836323328
1789297170	4836323328
1789297175	4836323328
1789297180	4836323328
1789297185	4836323328
1789297190	4836323328
1789297195	4836323328
1789297200	4836323328
1789297206	4836323328
1789297211	4836323328
1789297216	4836323328
1789297221	4836323328
1789297226	4836323328
1789297231	4836323328
1789297236	4836323328
1789297241	4836323328
1789297246	4836323328
1789297251	4836323328
1789297256	4836323328
1789297261	4836327424
1789297266	4836327424
1789297271	4836327424
1789297276	4836327424
1789297281	4836327424
1789297286	4836327424
1789297291	4836327424
1789297296	4836327424
1789297301	4836327424
1789297306	4836327424
1789297311	4836327424
1789297316	4836327424
1789297321	4836327424
1789297326	4836327424
1789297331	4836327424
1789297336	4836327424
1789297341	4836327424
1789297346	4836327424
1789297351	4836327424
1789297356	4836327424
1789297361	4836327424
1789297366	4836327424
1789297371	4836327424
1789297376	4836327424
1789297381	4836327424
1789297386	4836327424
1789297391	4836327424
1789297396	4836327424
1789297401	4836327424
1789297406	4836327424
1789297411	4836327424
1789297416	4836327424
1789297421	4836327424
1789297426	4836327424
1789297431	4836327424
1789297436	4836327424
1789297441	4836327424
1789297446	4836327424
1789297451	4836327424
1789297456	4836327424
1789297461	4836327424
1789297466	4836327424
1789297471	4836327424
1789297476	4836327424
1789297481	4836327424
1789297486	4836327424
1789297491	4836327424
1789297496	4836327424
1789297501	4836331520
1789297506	4836331520
1789297511	4836331520
1789297516	4836331520
1789297521	4836331520
1789297526	4836331520
1789297531	4836331520
1789297536	4836331520
1789297541	4836331520
1789297546	4836331520
1789297551	4836331520
1789297556	4836331520
1789297561	4836331520
1789297566	4836331520
1789297571	4836331520
1789297576	4836331520
1789297581	4836331520
1789297586	4836331520
1789297591	4836331520
1789297596	4836331520
1789297601	4836331520
1789297606	4836331520
1789297611	4836331520
1789297616	4836331520
1789297621	4836331520
1789297626	4836331520
1789297631	4836331520
1789297636	4836331520
1789297641	4836331520
1789297646	4836331520
1789297651	4836331520
1789297656	4836331520
1789297661	4836331520
1789297666	4836331520
1789297671	4836331520
1789297676	4836331520
1789297681	4836331520
1789297686	4836331520
1789297691	4836331520
1789297696	4836331520
1789297701	4836331520
1789297706	4836331520
1789297711	4836331520
1789297716	4836331520
1789297721	4836331520
1789297726	4836331520
1789297731	4836331520
1789297736	4836331520
1789297741	4836331520
1789297746	4836331520
1789297751	4836331520
1789297756	4836331520
1789297761	4836335616
1789297766	4836335616
1789297771	4836335616
1789297776	4836335616
1789297781	4836335616
1789297786	4836335616
1789297792	4836335616
1789297797	4836335616
1789297802	4836335616
1789297807	4836335616
1789297812	4836335616
1789297817	4836335616
1789297822	4836335616
1789297827	4836335616
1789297832	4836335616
1789297837	4836335616
1789297842	4836335616
1789297847	4836335616
1789297852	4836335616
1789297857	4836335616
1789297862	4836335616
1789297867	4836335616
1789297872	4836335616
1789297877	4836335616
1789297882	4836335616
1789297887	4836335616
1789297892	4836335616
1789297897	4836335616
1789297902	4836335616
1789297907	4836335616
1789297912	4836335616
1789297917	4836335616
1789297922	4836335616
1789297927	4836335616
1789297932	4836335616
1789297937	4836335616
1789297942	4836335616
1789297947	4836335616
1789297952	4836335616
1789297957	4836335616
1789297962	4836335616
1789297967	4836335616
1789297972	4836335616
1789297977	4836335616
1789297982	4836335616
1789297987	4836335616
1789297992	4836335616
1789297997	4836339712
1789298002	4836339712
1789298007	4836339712
1789298012	4836339712
1789298017	4836339712
1789298022	4836339712
1789298027	4836339712
1789298032	4836339712
1789298037	4836339712
1789298042	4836339712
1789298047	4836339712
1789298052	4836339712
1789298057	4836339712
1789298062	4836339712
1789298067	4836339712
1789298072	4836339712
1789298077	4836339712
1789298082	4836339712
1789298087	4836339712
1789298092	4836339712
1789298097	4836339712
1789298102	4836339712
1789298107	4836339712
1789298112	4836339712
1789298117	4836339712
1789298122	4836339712
1789298127	4836339712
1789298132	4836339712
1789298137	4836339712
1789298142	4836339712
1789298147	4836339712
1789298152	4836339712
1789298157	4836339712
1789298162	4836339712
1789298167	4836339712
1789298172	4836339712
1789298177	4836339712
1789298182	4836339712
1789298187	4836339712
1789298192	4836339712
1789298197	4836339712
1789298202	4836339712
1789298207	4836339712
1789298212	4836339712
1789298217	4836339712
1789298222	4836339712
1789298227	4836339712
1789298232	4836339712
1789298237	4836339712
1789298242	4836339712
1789298247	4836343808
1789298252	4836343808
1789298257	4836343808
1789298262	4836343808
1789298267	4836343808
1789298272	4836343808
1789298277	4836343808
1789298282	4836343808
1789298287	4836343808
1789298292	4836343808
1789298297	4836343808
1789298302	4836343808
1789298307	4836343808
1789298312	4836343808
1789298317	4836343808
1789298322	4836343808
1789298327	4836343808
1789298332	4836343808
1789298337	4836343808
1789298342	4836343808
1789298348	4836343808
1789298353	4836343808
1789298358	4836343808
1789298363	4836343808
1789298368	4836343808
1789298373	4836343808
1789298378	4836343808
1789298383	4836343808
1789298388	4836343808
1789298393	4836343808
1789298398	4836343808
1789298403	4836343808
1789298408	4836343808
1789298413	4836343808
1789298418	4836343808
1789298423	4836343808
1789298428	4836343808
1789298433	4836343808
1789298438	4836343808
1789298443	4836347904
1789298448	4836347904
1789298453	4836347904
1789298458	4836347904
1789298463	4836347904
1789298468	4836347904
1789298473	4836347904
1789298478	4836347904
1789298483	4836347904
1789298488	4836347904
1789298493	4836347904
1789298498	4836347904
1789298503	4836347904
1789298508	4836347904
1789298513	4836347904
1789298518	4836347904
1789298523	4836347904
1789298528	4836347904
1789298533	4836347904
1789298538	4836347904
1789298543	4836347904
1789298548	4836347904
1789298553	4836347904
1789298558	4836347904
1789298563	4836347904
1789298568	4836347904
1789298573	4836347904
1789298578	4836347904
1789298583	4836347904
1789298588	4836347904
1789298593	4836347904
1789298598	4836347904
1789298603	4836347904
1789298608	4836347904
1789298613	4836347904
1789298618	4836347904
1789298623	4836347904
1789298628	4836347904
1789298633	4836347904
1789298638	4836347904
1789298643	4836347904
1789298648	4836347904
1789298653	4836347904
1789298658	4836347904
1789298663	4836347904
1789298668	4836347904
1789298673	4836347904
1789298678	4836347904
1789298683	4836347904
1789298688	4836347904
1789298693	4836347904
1789298698	4836347904
1789298703	4836347904
1789298708	4836347904
1789298713	4836347904
1789298718	4836347904
1789298723	4836347904
1789298728	4836347904
1789298733	4836352000
1789298738	4836352000
1789298743	4836352000
1789298748	4836352000
1789298753	4836352000
1789298758	4836352000
1789298763	4836352000
1789298768	4836352000
1789298773	4836352000
1789298778	4836352000
1789298783	4836352000
1789298788	4836352000
1789298793	4836352000
1789298798	4836352000
1789298803	4836352000
1789298808	4836352000
1789298813	4836352000
1789298818	4836352000
1789298823	4836352000
1789298828	4836352000
1789298833	4836352000
1789298838	4836352000
1789298843	4836352000
1789298848	4836352000
1789298853	4836352000
1789298858	4836352000
1789298863	4836352000
1789298868	4836352000
1789298873	4836352000
1789298878	4836352000
1789298883	4836352000
1789298888	4836352000
1789298893	4836352000
1789298898	4836352000
1789298903	4836352000
1789298908	4836352000
1789298913	4836352000
1789298919	4836352000
1789298924	4836352000
1789298929	4836352000
1789298934	4836356096
1789298939	4836356096
1789298944	4836356096
1789298949	4836356096
1789298954	4836356096
1789298959	4836356096
1789298964	4836356096
1789298969	4836356096
1789298974	4836356096
1789298979	4836356096
1789298984	4836356096
1789298989	4836356096
1789298994	4836356096
1789298999	4836356096
1789299004	4836356096
1789299009	4836356096
1789299014	4836356096
1789299019	4836356096
1789299024	4836356096
1789299029	4836356096
1789299034	4836356096
1789299039	4836356096
1789299044	4836356096
1789299049	4836356096
1789299054	4836356096
1789299059	4836356096
1789299064	4836356096
1789299069	4836356096
1789299074	4836356096
1789299079	4836356096
1789299084	4836356096
1789299089	4836356096
1789299094	4836356096
1789299099	4836356096
1789299104	4836356096
1789299109	4836356096
1789299114	4836356096
1789299119	4836356096
1789299124	4836356096
1789299129	4836356096
1789299134	4836356096
1789299139	4836356096
1789299144	4836356096
1789299149	4836356096
1789299154	4836356096
1789299159	4836356096
1789299164	4836356096
1789299169	4836356096
1789299174	4836356096
1789299179	4836356096
1789299184	4836356096
1789299189	4836356096
1789299194	4836356096
1789299199	4836356096
1789299204	4836356096
1789299209	4836356096
1789299214	4836356096
1789299219	4836356096
1789299224	4836356096
1789299229	4836360192
1789299234	4836360192
1789299239	4836360192
1789299244	4836360192
1789299249	4836360192
1789299254	4836360192
1789299259	4836360192
1789299264	4836360192
1789299269	4836360192
1789299274	4836360192
1789299279	4836360192
1789299284	4836360192
1789299289	4836360192
1789299294	4836360192
1789299299	4836360192
1789299304	4836360192
1789299309	4836360192
1789299314	4836360192
1789299319	4836360192
1789299324	4836360192
1789299329	4836360192
1789299334	4836360192
1789299339	4836360192
1789299344	4836360192
1789299349	4836360192
1789299354	4836360192
1789299359	4836360192
1789299364	4836360192
1789299369	4836360192
1789299374	4836360192
1789299379	4836360192
1789299384	4836360192
1789299389	4836360192
1789299394	4836360192
1789299399	4836360192
1789299404	4836360192
1789299409	4836360192
1789299414	4836360192
1789299419	4836360192
1789299424	4836364288
1789299429	4836364288
1789299434	4836364288
1789299439	4836364288
1789299444	4836364288
1789299449	4836364288
1789299454	4836364288
1789299459	4836364288
1789299464	4836364288
1789299469	4836364288
1789299474	4836364288
1789299479	4836364288
1789299484	4836364288
1789299489	4836364288
1789299494	4836364288
1789299499	4836364288
1789299505	4836364288
1789299510	4836364288
1789299515	4836364288
1789299520	4836364288
1789299525	4836364288
1789299530	4836364288
1789299535	4836364288
1789299540	4836364288
1789299545	4836364288
1789299550	4836364288
1789299555	4836364288
1789299560	4836364288
1789299565	4836364288
1789299570	4836364288
1789299575	4836364288
1789299580	4836364288
1789299585	4836364288
1789299590	4836364288
1789299595	4836364288
1789299600	4836364288
1789299605	4836364288
1789299610	4836364288
1789299615	4836364288
1789299620	4836364288
1789299625	4836364288
1789299630	4836364288
1789299635	4836364288
1789299640	4836364288
1789299645	4836364288
1789299650	4836364288
1789299655	4836364288
1789299660	4836364288
1789299665	4836364288
1789299670	4836364288
1789299675	4836364288
1789299680	4836364288
1789299685	4836364288
1789299690	4836364288
1789299695	4836364288
1789299700	4836364288
1789299705	4836364288
1789299710	4836364288
1789299715	4836364288
1789299720	4836364288
1789299725	4836368384
1789299730	4836368384
1789299735	4836368384
1789299740	4836368384
1789299745	4836368384
1789299750	4836368384
1789299755	4836368384
1789299760	4836368384
1789299765	4836368384
1789299770	4836368384
1789299775	4836368384
1789299780	4836368384
1789299785	4836368384
1789299790	4836368384
1789299795	4836368384
1789299800	4836368384
1789299805	4836368384
1789299810	4836368384
1789299815	4836368384
1789299820	4836368384
1789299825	4836368384
1789299830	4836368384
1789299835	4836368384
1789299840	4836368384
1789299845	4836368384
1789299850	4836368384
1789299855	4836368384
1789299860	4836368384
1789299865	4836368384
1789299870	4836368384
1789299875	4836368384
1789299880	4836368384
1789299885	4836368384
1789299890	4836368384
1789299895	4836368384
1789299900	4836368384
1789299905	4836368384
1789299910	4836368384
1789299915	4836368384
1789299920	4836368384
1789299925	4836372480
1789299930	4836372480
1789299935	4836372480
1789299940	4836372480
1789299945	4836372480
1789299950	4836372480
1789299955	4836372480
1789299960	4836372480
1789299965	4836372480
1789299970	4836372480
1789299975	4836372480
1789299980	4836372480
1789299985	4836372480
1789299990	4836372480
1789299995	4836372480
1789300000	4836372480
1789300005	4836372480
1789300010	4836372480
1789300015	4836372480
1789300020	4836372480
1789300025	4836372480
1789300030	4836372480
1789300035	4836372480
1789300040	4836372480
1789300045	4836372480
1789300050	4836372480
1789300055	4836372480
1789300060	4836372480
1789300066	4836372480
1789300071	4836372480
1789300076	4836372480
1789300081	4836372480
1789300086	4836372480
1789300091	4836372480
1789300096	4836372480
1789300101	4836372480
1789300106	4836372480
1789300111	4836372480
1789300116	4836372480
1789300121	4836372480
1789300126	4836372480
1789300131	4836372480
1789300136	4836372480
1789300141	4836372480
1789300146	4836372480
1789300151	4836372480
1789300156	4836372480
1789300161	4836372480
1789300166	4836372480
1789300171	4836372480
1789300176	4836372480
1789300181	4836372480
1789300186	4836372480
1789300191	4836372480
1789300196	4836372480
1789300201	4836372480
1789300206	4836372480
1789300211	4836372480
1789300216	4836372480
1789300221	4836372480
1789300226	4836376576
1789300231	4836376576
1789300236	4836376576
1789300241	4836376576
1789300246	4836376576
1789300251	4836376576
1789300256	4836376576
1789300261	4836376576
1789300266	4836376576
1789300271	4836376576
1789300276	4836376576
1789300281	4836376576
1789300286	4836376576
1789300291	4836376576
1789300296	4836376576
1789300301	4836376576
1789300306	4836376576
1789300311	4836376576
1789300316	4836376576
1789300321	4836376576
1789300326	4836376576
1789300331	4836376576
1789300336	4836376576
1789300341	4836376576
1789300346	4836376576
1789300351	4836376576
1789300356	4836376576
1789300361	4836376576
1789300366	4836376576
1789300371	4836376576
1789300376	4836376576
1789300381	4836376576
1789300386	4836376576
1789300391	4836376576
1789300396	4836376576
1789300401	4836376576
1789300406	4836376576
1789300411	4836376576
1789300416	4836376576
1789300421	4836380672
1789300426	4836380672
1789300431	4836380672
1789300436	4836380672
1789300441	4836380672
1789300446	4836380672
1789300451	4836380672
1789300456	4836380672
1789300461	4836380672
1789300466	4836380672
1789300471	4836380672
1789300476	4836380672
1789300481	4836380672
1789300486	4836380672
1789300491	4836380672
1789300496	4836380672
1789300501	4836380672
1789300506	4836380672
1789300511	4836380672
1789300516	4836380672
1789300521	4836380672
1789300526	4836380672
1789300531	4836380672
1789300536	4836380672
1789300541	4836380672
1789300546	4836380672
1789300551	4836380672
1789300556	4836380672
1789300561	4836380672
1789300566	4836380672
1789300571	4836380672
1789300576	4836380672
1789300581	4836380672
1789300586	4836380672
1789300591	4836380672
1789300596	4836380672
1789300601	4836380672
1789300606	4836380672
1789300611	4836380672
1789300616	4836380672
1789300621	4836380672
1789300627	4836380672
1789300632	4836380672
1789300637	4836380672
1789300642	4836380672
1789300647	4836380672
1789300652	4836380672
1789300657	4836380672
1789300662	4836380672
1789300667	4836380672
1789300672	4836380672
1789300677	4836380672
1789300682	4836380672
1789300687	4836380672
1789300692	4836380672
1789300697	4836380672
1789300702	4836380672
1789300707	4836380672
1789300712	4836380672
1789300717	4836380672
1789300722	4836384768
1789300727	4836384768
1789300732	4836384768
1789300737	4836384768
1789300742	4836384768
1789300747	4836384768
1789300752	4836384768
1789300757	4836384768
1789300762	4836384768
1789300767	4836384768
1789300772	4836384768
1789300777	4836384768
1789300782	4836384768
1789300787	4836384768
1789300792	4836384768
1789300797	4836384768
1789300802	4836384768
1789300807	4836384768
1789300812	4836384768
1789300817	4836384768
1789300822	4836384768
1789300827	4836384768
1789300832	4836384768
1789300837	4836384768
1789300842	4836384768
1789300847	4836384768
1789300852	4836384768
1789300857	4836384768
1789300862	4836384768
1789300867	4836384768
1789300872	4836384768
1789300877	4836384768
1789300882	4836384768
1789300887	4836384768
1789300892	4836384768
1789300897	4836384768
1789300902	4836384768
1789300907	4836384768
1789300912	4836384768
1789300917	4836384768
1789300922	4836388864
1789300927	4836388864
1789300932	4836388864
1789300937	4836388864
1789300942	4836388864
1789300947	4836388864
1789300952	4836388864
1789300957	4836388864
1789300962	4836388864
1789300967	4836388864
1789300972	4836388864
1789300977	4836388864
1789300982	4836388864
1789300987	4836388864
1789300992	4836388864
1789300997	4836388864
1789301002	4836388864
1789301007	4836388864
1789301012	4836388864
1789301017	4836388864
1789301022	4836388864
1789301027	4836388864
1789301032	4836388864
1789301037	4836388864
1789301042	4836388864
1789301047	4836388864
1789301052	4836388864
1789301057	4836388864
1789301062	4836388864
1789301067	4836388864
1789301072	4836388864
1789301077	4836388864
1789301082	4836388864
1789301087	4836388864
1789301092	4836388864
1789301097	4836388864
1789301102	4836388864
1789301107	4836388864
1789301112	4836388864
1789301117	4836388864
1789301122	4836388864
1789301127	4836388864
1789301132	4836388864
1789301137	4836388864
1789301142	4836388864
1789301147	4836388864
1789301152	4836388864
1789301158	4836388864
1789301163	4836388864
1789301168	4836388864
1789301173	4836388864
1789301178	4836388864
1789301183	4836388864
1789301188	4836388864
1789301193	4836388864
1789301198	4836388864
1789301203	4836388864
1789301208	4836388864
1789301213	4836388864
1789301218	4836388864
1789301223	4836392960
1789301228	4836392960
1789301233	4836392960
1789301238	4836392960
1789301243	4836392960
1789301248	4836392960
1789301253	4836392960
1789301258	4836392960
1789301263	4836392960
1789301268	4836392960
1789301273	4836392960
1789301278	4836392960
1789301283	4836392960
1789301288	4836392960
1789301293	4836392960
1789301298	4836392960
1789301303	4836392960
1789301308	4836392960
1789301313	4836392960
1789301318	4836392960
1789301323	4836392960
1789301328	4836392960
1789301333	4836392960
1789301338	4836392960
1789301343	4836392960
1789301348	4836392960
1789301353	4836392960
1789301358	4836392960
1789301363	4836392960
1789301368	4836392960
1789301373	4836392960
1789301378	4836392960
1789301383	4836392960
1789301388	4836392960
1789301393	4836392960
1789301398	4836392960
1789301403	4836392960
1789301408	4836392960
1789301413	4836392960
1789301418	4836392960
1789301423	4836397056
1789301428	4836397056
1789301433	4836397056
1789301438	4836397056
1789301443	4836397056
1789301448	4836397056
1789301453	4836397056
1789301458	4836397056
1789301463	4836397056
1789301468	4836397056
1789301473	4836397056
1789301478	4836397056
1789301483	4836397056
1789301488	4836397056
1789301493	4836397056
1789301498	4836397056
1789301503	4836397056
1789301508	4836397056
1789301513	4836397056
1789301518	4836397056
1789301523	4836397056
1789301528	4836397056
1789301533	4836397056
1789301538	4836397056
1789301543	4836397056
1789301548	4836397056
1789301553	4836397056
1789301558	4836397056
1789301563	4836397056
1789301568	4836397056
1789301573	4836397056
1789301578	4836397056
1789301583	4836397056
1789301588	4836397056
1789301593	4836397056
1789301598	4836397056
1789301603	4836397056
1789301608	4836397056
1789301613	4836397056
1789301618	4836397056
1789301623	4836397056
1789301628	4836397056
1789301633	4836397056
1789301638	4836397056
1789301643	4836397056
1789301648	4836397056
1789301653	4836397056
1789301658	4836397056
1789301663	4836397056
1789301668	4836397056
1789301673	4836397056
1789301678	4836397056
1789301683	4836397056
1789301688	4836397056
1789301693	4836397056
1789301698	4836397056
1789301703	4836397056
1789301708	4836397056
1789301713	4836397056
1789301718	4836401152
1789301724	4836401152
1789301729	4836401152
1789301734	4836401152
1789301739	4836401152
1789301744	4836401152
1789301749	4836401152
1789301754	4836401152
1789301759	4836401152
1789301764	4836401152
1789301769	4836401152
1789301774	4836401152
1789301779	4836401152
1789301784	4836401152
1789301789	4836401152
1789301794	4836401152
1789301799	4836401152
1789301804	4836401152
1789301809	4836401152
1789301814	4836401152
1789301819	4836401152
1789301824	4836401152
1789301829	4836401152
1789301834	4836401152
1789301839	4836401152
1789301844	4836401152
1789301849	4836401152
1789301854	4836401152
1789301859	4836401152
1789301864	4836401152
1789301869	4836401152
1789301874	4836401152
1789301879	4836401152
1789301884	4836401152
1789301889	4836401152
1789301894	4836401152
1789301899	4836401152
1789301904	4836401152
1789301909	4836401152
1789301914	4836401152
1789301919	4836405248
1789301924	4836405248
1789301929	4836405248
1789301934	4836405248
1789301939	4836405248
1789301944	4836405248
1789301949	4836405248
1789301954	4836405248
1789301959	4836405248
1789301964	4836405248
1789301969	4836405248
1789301974	4836405248
1789301979	4836405248
1789301984	4836405248
1789301989	4836405248
1789301994	4836405248
1789301999	4836405248
1789302004	4836405248
1789302009	4836405248
1789302014	4836405248
1789302019	4836405248
1789302024	4836405248
1789302029	4836405248
1789302034	4836405248
1789302039	4836405248
1789302044	4836405248
1789302049	4836405248
1789302054	4836405248
1789302059	4836405248
1789302064	4836405248
1789302069	4836405248
1789302074	4836405248
1789302079	4836405248
1789302084	4836405248
1789302089	4836405248
1789302094	4836405248
1789302099	4836405248
1789302104	4836405248
1789302109	4836405248
1789302114	4836405248
1789302119	4836405248
1789302124	4836405248
1789302129	4836405248
1789302134	4836405248
1789302139	4836405248
1789302144	4836405248
1789302149	4836405248
1789302154	4836405248
1789302159	4836405248
1789302164	4836405248
1789302169	4836405248
1789302174	4836409344
1789302179	4836409344
1789302184	4836409344
1789302189	4836409344
1789302194	4836409344
1789302199	4836409344
1789302204	4836409344
1789302209	4836409344
1789302214	4836409344
1789302219	4836409344
1789302224	4836409344
1789302229	4836409344
1789302234	4836409344
1789302239	4836409344
1789302244	4836409344
1789302249	4836409344
1789302254	4836413440
1789302259	4836413440
1789302264	4836413440
1789302269	4836413440
1789302274	4836413440
1789302279	4836413440
1789302284	4836413440
1789302289	4836413440
1789302294	4836413440
1789302300	4836413440
1789302305	4836413440
1789302310	4836413440
1789302315	4836413440
1789302320	4836417536
1789302325	4836417536
1789302330	4836417536
1789302335	4836417536
1789302340	4836417536
1789302345	4836417536
1789302350	4836417536
1789302355	4836417536
1789302360	4836417536
1789302365	4836417536
1789302370	4836417536
1789302375	4836417536
1789302380	4836417536
1789302385	4836417536
1789302390	4836421632
1789302395	4836421632
1789302400	4836421632
1789302405	4836421632
1789302410	4836421632
1789302415	4836421632
1789302420	4836421632
1789302425	4836421632
1789302430	4836421632
1789302435	4836421632
1789302440	4836421632
1789302445	4836421632
1789302450	4836421632
1789302455	4836421632
1789302460	4836421632
1789302465	4836421632
1789302470	4836421632
1789302475	4836421632
1789302480	4836421632
1789302485	4836421632
1789302490	4836421632
1789302495	4836421632
1789302500	4836421632
1789302505	4836421632
1789302510	4836425728
1789302515	4836425728
1789302520	4836425728
1789302525	4836425728
1789302530	4836425728
1789302535	4836425728
1789302540	4836425728
1789302545	4836425728
1789302550	4836425728
1789302555	4836425728
1789302560	4836425728
1789302565	4836425728
1789302570	4836425728
1789302575	4836425728
1789302580	4836425728
1789302585	4836425728
1789302590	4836425728
1789302595	4836425728
1789302600	4836425728
1789302605	4836425728
1789302610	4836425728
1789302615	4836425728
1789302620	4836425728
1789302625	4836425728
1789302630	4836425728
1789302635	4836425728
1789302640	4836425728
1789302645	4836425728
1789302650	4836429824
1789302655	4836429824
1789302660	4836429824
1789302665	4836429824
1789302670	4836429824
1789302675	4836429824
1789302680	4836429824
1789302685	4836429824
1789302690	4836429824
1789302695	4836429824
1789302700	4836429824
1789302705	4836429824
1789302710	4836429824
1789302715	4836429824
1789302720	4836429824
1789302725	4836429824
1789302730	4836429824
1789302735	4836429824
1789302740	4836429824
1789302745	4836429824
1789302750	4836429824
1789302755	4836429824
1789302760	4836429824
1789302765	4836429824
1789302770	4836429824
1789302775	4836429824
1789302780	4836429824
1789302785	4836429824
1789302790	4836429824
1789302795	4836429824
1789302800	4836429824
1789302805	4836429824
1789302810	4836429824
1789302815	4836429824
1789302820	4836429824
1789302825	4836429824
1789302830	4836429824
1789302835	4836429824
1789302840	4836429824
1789302845	4836429824
1789302850	4836429824
1789302855	4836429824
1789302860	4836429824
1789302865	4836429824
1789302870	4836429824
1789302875	4836429824
1789302880	4836429824
1789302885	4836429824
1789302890	4836429824
1789302895	4836429824
1789302900	4836433920
1789302905	4836433920
1789302910	4836433920
1789302915	4836433920
1789302920	4836433920
1789302925	4836433920
1789302930	4836433920
1789302935	4836433920
1789302940	4836433920
1789302945	4836433920
1789302950	4836433920
1789302955	4836433920
1789302960	4836433920
1789302965	4836433920
1789302970	4836433920
1789302975	4836433920
1789302980	4836433920
1789302985	4836433920
1789302990	4836433920
1789302995	4836433920
1789303000	4836433920
1789303005	4836433920
1789303011	4836433920
1789303016	4836433920
1789303021	4836433920
1789303026	4836433920
1789303031	4836433920
1789303036	4836433920
1789303041	4836433920
1789303046	4836433920
1789303051	4836433920
1789303056	4836433920
1789303061	4836433920
1789303066	4836433920
1789303071	4836433920
1789303076	4836433920
1789303081	4836433920
1789303086	4836433920
1789303091	4836433920
1789303096	4836433920
1789303101	4836433920
1789303106	4836433920
1789303111	4836433920
1789303116	4836433920
1789303121	4836433920
1789303126	4836433920
1789303131	4836433920
1789303136	4836433920
1789303141	4836433920
1789303146	4836433920
1789303151	4836433920
1789303156	4836433920
1789303161	4836433920
1789303166	4836433920
1789303171	4836433920
1789303176	4836433920
1789303181	4836433920
1789303186	4836433920
1789303191	4836433920
1789303196	4836433920
1789303201	4836433920
1789303206	4836433920
1789303211	4836433920
1789303216	4836433920
1789303221	4836433920
1789303226	4836433920
1789303231	4836433920
1789303236	4836433920
1789303241	4836433920
1789303246	4836433920
1789303251	4836433920
1789303256	4836433920
1789303261	4836433920
1789303266	4836433920
1789303271	4836433920
1789303276	4836433920
1789303281	4836433920
1789303286	4836433920
1789303291	4836433920
1789303296	4836433920
1789303301	4836433920
1789303306	4836433920
1789303311	4836433920
1789303316	4836433920
1789303321	4836433920
1789303326	4836433920
1789303331	4836433920
1789303336	4836433920
1789303341	4836433920
1789303346	4836433920
1789303351	4836433920
1789303356	4836433920
1789303361	4836433920
1789303366	4836433920
1789303371	4836433920
1789303376	4836433920
1789303381	4836433920
1789303386	4836433920
1789303391	4836433920
1789303396	4836433920
1789303401	4836433920
1789303406	4836433920
1789303411	4836433920
1789303416	4836433920
1789303421	4836433920
1789303426	4836433920
1789303431	4836433920
1789303436	4836433920
1789303441	4836433920
1789303446	4836433920
1789303451	4836433920
1789303456	4836433920
1789303461	4836433920
1789303466	4836433920
1789303471	4836433920
1789303476	4836433920
1789303481	4836433920
1789303486	4836433920
1789303491	4836433920
1789303496	4836433920
1789303501	4836433920
1789303506	4836433920
1789303511	4836433920
1789303516	4836433920
1789303521	4836433920
1789303526	4836433920
1789303531	4836433920
1789303536	4836433920
1789303541	4836433920
1789303546	4836433920
1789303551	4836433920
1789303556	4836433920
1789303561	4836433920
1789303566	4836433920
1789303571	4836433920
1789303576	4836433920
1789303581	4836433920
1789303586	4836433920
1789303591	4836433920
1789303596	4836433920
1789303601	4836433920
1789303606	4836433920
1789303611	4836433920
1789303616	4836433920
1789303621	4836433920
1789303626	4836433920
1789303631	4836433920
1789303636	4836433920
1789303641	4836433920
1789303646	4836433920
1789303651	4836433920
1789303656	4836433920
1789303661	4836433920
1789303666	4836433920
1789303671	4836433920
1789303676	4836433920
1789303681	4836433920
1789303686	4836433920
1789303691	4836433920
1789303696	4836433920
1789303701	4836433920
1789303706	4836433920
1789303712	4836433920
1789303717	4836433920
1789303722	4836433920
1789303727	4836433920
1789303732	4836433920
1789303737	4836433920
1789303742	4836433920
1789303747	4836433920
1789303752	4836433920
1789303757	4836433920
1789303762	4836433920
1789303767	4836433920
1789303772	4836433920
1789303777	4836433920
1789303782	4836433920
1789303787	4836433920
1789303792	4836433920
1789303797	4836433920
1789303802	4836433920
1789303807	4836433920
1789303812	4836433920
1789303817	4836433920
1789303822	4836433920
1789303827	4836433920
1789303832	4836433920
1789303837	4836433920
1789303842	4836433920
1789303847	4836433920
1789303852	4836433920
1789303857	4836433920
1789303862	4836433920
1789303867	4836433920
1789303872	4836433920
1789303877	4836433920
1789303882	4836433920
1789303887	4836433920
1789303892	4836433920
1789303897	4836433920
1789303902	4836433920
1789303907	4836433920
1789303912	4836433920
1789303917	4836433920
1789303922	4836433920
1789303927	4836433920
1789303932	4836433920
1789303937	4836433920
1789303942	4836433920
1789303947	4836433920
1789303952	4836433920
1789303957	4836433920
1789303962	4836433920
1789303967	4836433920
1789303972	4836433920
1789303977	4836433920
1789303982	4836433920
1789303987	4836433920
1789303992	4836433920
1789303997	4836433920
1789304002	4836433920
1789304007	4836433920
1789304012	4836433920
1789304017	4836438016
1789304022	4836438016
1789304027	4836438016
1789304032	4836438016
1789304037	4836438016
1789304042	4836438016
1789304047	4836438016
1789304052	4836438016
1789304057	4836438016
1789304062	4836438016
1789304067	4836438016
1789304072	4836438016
1789304077	4836438016
1789304082	4836438016
1789304087	4836438016
1789304092	4836438016
1789304097	4836438016
1789304102	4836438016
1789304107	4836438016
1789304112	4836438016
1789304117	4836438016
1789304122	4836438016
1789304127	4836438016
1789304132	4836438016
1789304137	4836438016
1789304142	4836438016
1789304147	4836438016
1789304152	4836438016
1789304157	4836438016
1789304162	4836438016
1789304167	4836438016
1789304172	4836438016
1789304177	4836438016
1789304182	4836438016
1789304187	4836438016
1789304192	4836438016
1789304197	4836438016
1789304202	4836438016
1789304207	4836438016
1789304212	4836438016
1789304217	4836438016
1789304222	4836438016
1789304227	4836438016
1789304232	4836438016
1789304237	4836438016
1789304242	4836438016
1789304247	4836438016
1789304252	4836438016
1789304257	4836438016
1789304262	4836438016
1789304267	4836438016
1789304272	4836438016
1789304277	4836438016
1789304282	4836438016
1789304287	4836438016
1789304292	4836438016
1789304297	4836438016
1789304302	4836438016
1789304307	4836438016
1789304312	4836438016
1789304317	4836438016
1789304322	4836438016
1789304327	4836438016
1789304332	4836438016
1789304337	4836438016
1789304342	4836438016
1789304347	4836438016
1789304352	4836438016
1789304357	4836438016
1789304362	4836438016
1789304368	4836438016
1789304373	4836438016
1789304378	4836438016
1789304383	4836438016
1789304388	4836438016
1789304393	4836438016
1789304398	4836438016
1789304403	4836438016
1789304408	4836438016
1789304413	4836438016
1789304418	4836438016
1789304423	4836438016
1789304428	4836438016
1789304433	4836438016
1789304438	4836438016
1789304443	8629051392
1789304448	8629051392
1789304453	8629051392
1789304458	8629051392
1789304463	8629051392
1789304468	8629051392
1789304473	8629051392
1789304478	8629051392
1789304483	8629051392
1789304488	8629051392
1789304493	8629051392
1789304498	8629051392
1789304503	8629051392
1789304508	8629051392
1789304513	8629051392
1789304518	8629051392
1789304523	8629051392
1789304528	8629051392
1789304533	8629051392
1789304538	8629051392
1789304543	8629051392
1789304548	8629051392
1789304553	8629051392
1789304558	8629051392
1789304563	8629051392
1789304568	8629051392
1789304573	8629051392
1789304578	8629051392
1789304583	8629051392
1789304588	8629051392
1789304593	8629051392
1789304598	8629051392
1789304603	8629051392
1789304608	8629051392
1789304613	8629051392
1789304618	8629051392
1789304623	8629051392
1789304628	8629051392
1789304633	8629051392
1789304638	8629051392
1789304643	8629051392
1789304648	8629051392
1789304653	8629051392
1789304658	8629051392
1789304663	8629051392
1789304668	8629051392
1789304673	8629051392
1789304678	8629051392
1789304683	8629051392
1789304688	8629051392
1789304693	8629051392
1789304698	8629051392
1789304703	8629051392
1789304708	8629051392
1789304713	8629051392
1789304718	8629051392
1789304723	8629051392
1789304728	8629051392
1789304733	8629051392
1789304738	8629051392
1789304743	8629051392
1789304748	8629051392
1789304753	8629051392
1789304758	8629051392
1789304763	8629051392
1789304768	8629051392
1789304773	8629051392
1789304778	8629051392
1789304783	8629051392
1789304788	8629051392
1789304793	8629051392
1789304798	8629051392
1789304803	8629051392
1789304808	8629051392
1789304813	8629051392
1789304818	8629051392
1789304823	8629051392
1789304828	8629051392
1789304833	8629051392
1789304838	8629051392
1789304843	8629051392
1789304848	8629051392
1789304853	8629051392
1789304858	8629051392
1789304863	8629051392
1789304868	8629051392
1789304873	8629051392
1789304878	8629051392
1789304883	8629051392
1789304888	8629051392
1789304893	8629051392
1789304898	8629051392
1789304903	8629051392
1789304908	8629051392
1789304913	8629051392
1789304918	8629051392
1789304923	8629051392
1789304928	8629051392
1789304933	8629051392
1789304938	8629051392
1789304943	8629051392
1789304948	8629051392
1789304953	8629051392
1789304958	8629051392
1789304963	8629051392
1789304968	8629051392
1789304973	8629051392
1789304978	8629051392
1789304983	8629051392
1789304988	8629051392
1789304993	9108393984
1789304998	10743545856
1789305003	12107964416
1789305008	12107964416
1789305013	12107964416
1789305018	12107964416
1789305023	12107964416
1789305028	12107964416
1789305033	12107964416
1789305038	12107964416
1789305044	12107964416
1789305049	12107964416
1789305054	12107964416
1789305059	12107964416
1789305064	12107964416
1789305069	12107964416
1789305074	12107964416
1789305079	12107964416
1789305084	12107964416
1789305089	12107964416
1789305094	12107964416
1789305099	12107964416
1789305104	12107964416
1789305109	12107964416
1789305114	12107964416
1789305119	12107964416
1789305124	12107964416
1789305129	12107964416
1789305134	12107964416
1789305139	12107964416
1789305144	12107964416
1789305149	12107964416
1789305154	12107964416
1789305159	12107964416
1789305164	12107964416
1789305169	12107964416
1789305174	12107964416
1789305179	12107964416
1789305184	12107964416
1789305189	12107964416
1789305194	12107964416
1789305199	12107964416
1789305204	12107964416
1789305209	12107964416
1789305214	12107964416
1789305219	12107964416
1789305224	12107964416
1789305229	12107964416
1789305234	12107964416
1789305239	12107964416
1789305244	12107964416
1789305249	12107964416
1789305254	12107964416
1789305259	12107964416
1789305264	12107964416
1789305269	12107964416
1789305274	12107964416
1789305279	12107964416
1789305284	12107964416
1789305289	12107964416
1789305294	12107964416
1789305299	12107964416
1789305304	12107964416
1789305309	12107964416
1789305314	12107964416
1789305319	12107964416
1789305324	12107964416
1789305329	12107964416
1789305334	12107964416
1789305339	12107964416
1789305344	12107964416
1789305349	12107964416
1789305354	12107964416
1789305359	12107964416
1789305364	12107964416
1789305369	12107964416
1789305374	12107964416
1789305379	12107964416
1789305384	12107964416
1789305389	12107964416
1789305394	12107964416
1789305399	12107964416
1789305404	12107964416
1789305409	12107964416
1789305414	12107964416
1789305419	12107964416
1789305424	12107964416
1789305429	12107964416
1789305434	12107964416
1789305439	12107964416
1789305444	12107964416
1789305449	12107964416
1789305454	12107964416
1789305459	12107964416
1789305464	12107964416
1789305469	12107964416
1789305474	12107964416
1789305479	12107964416
1789305484	12107964416
1789305489	12107964416
1789305494	12107964416
1789305499	12107964416
1789305504	12107964416
1789305509	12107964416
1789305514	12107964416
1789305519	12107964416
1789305524	12107964416
1789305529	12107964416
1789305534	12107964416
1789305539	12107964416
1789305544	12107964416
1789305549	12107964416
1789305554	12107964416
1789305559	12107964416
1789305564	12107964416
1789305569	12107964416
1789305574	12107964416
1789305579	12107964416
1789305584	12107964416
1789305589	12107964416
1789305594	12107964416
1789305599	12107964416
1789305604	12107964416
1789305609	12107964416
1789305614	12107964416
1789305619	12107964416
1789305624	12107964416
1789305629	12107964416
1789305634	12107964416
1789305639	12107964416
1789305644	12107964416
1789305649	12107964416
1789305654	12107964416
1789305659	12107964416
1789305664	12107964416
1789305669	12107964416
1789305674	12107964416
1789305679	12107964416
1789305684	12107964416
1789305689	12107964416
1789305694	12107964416
1789305699	12107964416
1789305704	12107964416
1789305709	12107964416
1789305714	12107964416
1789305719	12107964416
1789305724	12107964416
1789305729	12107964416
1789305734	12107964416
1789305739	12107964416
1789305744	12107964416
1789305749	12107964416
1789305754	12107964416
1789305759	12107964416
1789305764	12107964416
1789305769	12107964416
1789305774	12107964416
1789305779	12107964416
1789305784	12107964416
1789305789	12107964416
1789305795	12107964416
1789305800	12107964416
1789305805	12107964416
1789305810	12107964416
1789305815	12107964416
1789305820	12107964416
1789305825	12107964416
1789305830	12107964416
1789305835	12107964416
1789305840	12107964416
1789305845	12107964416
1789305850	12107964416
1789305855	12107964416
1789305860	12107964416
1789305865	12107964416
1789305870	12107964416
1789305875	12107964416
1789305880	12107964416
1789305885	12107964416
1789305890	12107964416
1789305895	12107964416
1789305900	12107964416
1789305905	12107964416
1789305910	12107964416
1789305915	12107964416
1789305920	12107964416
1789305925	12107964416
1789305930	12107964416
1789305935	12107968512
1789305940	12107968512
1789305945	12107968512
1789305950	12107968512
1789305955	12107968512
1789305960	12107968512
1789305965	12107968512
1789305970	12107968512
1789305975	12107968512
1789305980	12107968512
1789305985	12107968512
1789305990	12107968512
1789305995	12107968512
1789306000	12107968512
1789306005	12107968512
1789306010	12107968512
1789306015	12107968512
1789306020	12107968512
1789306025	12107968512
1789306030	12107968512
1789306035	12107968512
1789306040	12107968512
1789306045	12107968512
1789306050	12107968512
1789306055	12107968512
1789306060	12107968512
1789306065	12107968512
1789306070	12107968512
1789306075	12107968512
1789306080	12107968512
1789306085	12107968512
1789306090	12107968512
1789306095	12107968512
1789306100	12107968512
1789306105	12107968512
1789306110	12107968512
1789306115	12107968512
1789306120	12107968512
1789306125	12107972608
1789306130	12107972608
1789306135	12107972608
1789306140	12107972608
1789306145	12107972608
1789306150	12107972608
1789306155	12107972608
1789306160	12107972608
1789306165	12107972608
1789306170	12107972608
1789306175	12107972608
1789306180	12107972608
1789306185	12107972608
1789306190	12107972608
1789306195	12107972608
1789306200	12107972608
1789306205	12107972608
1789306210	12107972608
1789306215	12107972608
1789306220	12107972608
1789306225	12107972608
1789306230	12107972608
1789306235	12107972608
1789306240	12107972608
1789306245	12107972608
1789306250	12107972608
1789306255	12107972608
1789306260	12107972608
1789306265	12107972608
1789306270	12107972608
1789306275	12107972608
1789306280	12107972608
1789306285	12107972608
1789306290	12107972608
1789306295	12107972608
1789306300	12107972608
1789306305	12107972608
1789306310	12107972608
1789306315	12107972608
1789306320	12107976704
1789306325	12107976704
1789306330	12107976704
1789306335	12107976704
1789306340	12107976704
1789306345	12107976704
1789306350	12107976704
1789306355	12107976704
1789306360	12107976704
1789306365	12107976704
1789306370	12107976704
1789306375	12107976704
1789306380	12107976704
1789306385	12107976704
1789306390	12107976704
1789306395	12107976704
1789306400	12107976704
1789306405	12107976704
1789306410	12107976704
1789306415	12107976704
1789306420	12107976704
1789306425	12107976704
1789306430	12107976704
1789306435	12107976704
1789306440	12107976704
1789306445	12107976704
1789306450	12107976704
1789306455	12107976704
1789306460	12107976704
1789306465	12107976704
1789306470	12107976704
1789306475	12107976704
1789306480	12107976704
1789306485	12107976704
1789306490	12107976704
1789306495	12107976704
1789306500	12107976704
1789306505	12107976704
1789306510	12107980800
1789306516	12107980800
1789306521	12107980800
1789306526	12107980800
1789306531	12107980800
1789306536	12107980800
1789306541	12107980800
1789306546	12107980800
1789306551	12107980800
1789306556	12107980800
1789306561	12107980800
1789306566	12107980800
1789306571	12107980800
1789306576	12107980800
1789306581	12107980800
1789306586	12107980800
1789306591	12107980800
1789306596	12107980800
1789306601	12107980800
1789306606	12107980800
1789306611	12107980800
1789306616	12107980800
1789306621	12107980800
1789306626	12107980800
1789306631	12107980800
1789306636	12107980800
1789306641	12107980800
1789306646	12107980800
1789306651	12107980800
1789306656	12107980800
1789306661	12107980800
1789306666	12107980800
1789306671	12107980800
1789306676	12107980800
1789306681	12107980800
1789306686	12107980800
1789306691	12107980800
1789306696	12107980800
1789306701	12107980800
1789306706	12107984896
1789306711	12107984896
1789306716	12107984896
1789306721	12107984896
1789306726	12107984896
1789306731	12107984896
1789306736	12107984896
1789306741	12107984896
1789306746	12107984896
1789306751	12107984896
1789306756	12107984896
1789306761	12107984896
1789306766	12107984896
1789306771	12107984896
1789306776	12107984896
1789306781	12107984896
1789306786	12107984896
1789306791	12107984896
1789306796	12107984896
1789306801	12107984896
1789306806	12107984896
1789306811	12107984896
1789306816	12107984896
1789306821	12107984896
1789306826	12107984896
1789306831	12107984896
1789306836	12107984896
1789306841	12107984896
1789306846	12107984896
1789306851	12107984896
1789306856	12107984896
1789306861	12107984896
1789306866	12107984896
1789306871	12107984896
1789306876	12107984896
1789306881	12107984896
1789306886	12107984896
1789306891	12107984896
1789306896	12107984896
1789306901	12107988992
1789306906	12107988992
1789306911	12107988992
1789306916	12107988992
1789306921	12107988992
1789306926	12107988992
1789306931	12107988992
1789306936	12107988992
1789306941	12107988992
1789306946	12107988992
1789306951	12107988992
1789306956	12107988992
1789306961	12107988992
1789306966	12107988992
1789306971	12107988992
1789306976	12107988992
1789306981	12107988992
1789306986	12107988992
1789306991	12107988992
1789306996	12107988992
1789307001	12107988992
1789307006	12107988992
1789307011	12107988992
1789307016	12107988992
1789307021	12107988992
1789307026	12107988992
1789307031	12107988992
1789307036	12107988992
1789307041	12107988992
1789307046	12107988992
1789307051	12107988992
1789307056	12107988992
1789307061	12107988992
1789307066	12107988992
1789307071	12107988992
1789307076	12107988992
1789307081	12107988992
1789307086	12107988992
1789307091	12107993088
1789307096	12107993088
1789307101	12107993088
1789307106	12107993088
1789307111	12107993088
1789307116	12107993088
1789307121	12107993088
1789307126	12107993088
1789307131	12107993088
1789307136	12107993088
1789307141	12107993088
1789307146	12107993088
1789307151	12107993088
1789307156	12107993088
1789307161	12107993088
1789307166	12107993088
1789307171	12107993088
1789307176	12107993088
1789307181	12107993088
1789307186	12107993088
1789307191	12107993088
1789307196	12107993088
1789307201	12107993088
1789307206	12107993088
1789307211	12107993088
1789307216	12107993088
1789307221	12107993088
1789307226	12107993088
1789307231	12107993088
1789307236	12107993088
1789307241	12107993088
1789307247	12107993088
1789307252	12107993088
1789307257	12107993088
1789307262	12107993088
1789307267	12107993088
1789307272	12107993088
1789307277	12107993088
1789307282	12107993088
1789307287	12107997184
1789307292	12107997184
1789307297	12107997184
1789307302	12107997184
1789307307	12107997184
1789307312	12107997184
1789307317	12107997184
1789307322	12107997184
1789307327	12107997184
1789307332	12107997184
1789307337	12107997184
1789307342	12107997184
1789307347	12107997184
1789307352	12107997184
1789307357	12107997184
1789307362	12107997184
1789307367	12107997184
1789307372	12107997184
1789307377	12107997184
1789307382	12107997184
1789307387	12107997184
1789307392	12107997184
1789307397	12107997184
1789307402	12107997184
1789307407	12107997184
1789307412	12107997184
1789307417	12107997184
1789307422	12107997184
1789307427	12107997184
1789307432	12107997184
1789307437	12107997184
1789307442	12107997184
1789307447	12107997184
1789307452	12107997184
1789307457	12107997184
1789307462	12107997184
1789307467	12107997184
1789307472	12107997184
1789307477	12107997184
1789307482	12108001280
1789307487	12108001280
1789307492	12108001280
1789307497	12108001280
1789307502	12108001280
1789307507	12108001280
1789307512	12108001280
1789307517	12108001280
1789307522	12108001280
1789307527	12108001280
1789307532	12108001280
1789307537	12108001280
1789307542	12108001280
1789307547	12108001280
1789307552	12108001280
1789307557	12108001280
1789307562	12108001280
1789307567	12108001280
1789307572	12108001280
1789307577	12108001280
1789307582	12108001280
1789307587	12108001280
1789307592	12108001280
1789307597	12108001280
1789307602	12108001280
1789307607	12108001280
1789307612	12108001280
1789307617	12108001280
1789307622	12108001280
1789307627	12108001280
1789307632	12108001280
1789307637	12108001280
1789307642	12108001280
1789307647	12108001280
1789307652	12108001280
1789307657	12108001280
1789307662	12108001280
1789307667	12108001280
1789307672	12108005376
1789307677	12108005376
1789307682	12108005376
1789307687	12108005376
1789307692	12108005376
1789307697	12108005376
1789307702	12108005376
1789307707	12108005376
1789307712	12108005376
1789307717	12108005376
1789307722	12108005376
1789307727	12108005376
1789307732	12108005376
1789307737	12108005376
1789307742	12108005376
1789307747	12108005376
1789307752	12108005376
1789307757	12108005376
1789307762	12108005376
1789307767	12108005376
1789307772	12108005376
1789307777	12108005376
1789307782	12108005376
1789307787	12108005376
1789307792	12108005376
1789307797	12108005376
1789307802	12108005376
1789307807	12108005376
1789307812	12108005376
1789307817	12108005376
1789307822	12108005376
1789307827	12108005376
1789307832	12108005376
1789307837	12108005376
1789307842	12108005376
1789307847	12108005376
1789307852	12108005376
1789307857	12108005376
1789307862	12108005376
1789307867	12108009472
1789307872	12108009472
1789307877	12108009472
1789307882	12108009472
1789307887	12108009472
1789307892	12108009472
1789307897	12108009472
1789307902	12108009472
1789307907	12108009472
1789307912	12108009472
1789307917	12108009472
1789307922	12108009472
1789307927	12108009472
1789307932	12108009472
1789307937	12108009472
1789307942	12108009472
1789307947	12108009472
1789307952	12108009472
1789307957	12108009472
1789307962	12108009472
1789307967	12108009472
1789307973	12108009472
1789307978	12108009472
1789307983	12108009472
1789307988	12108009472
1789307993	12108009472
1789307998	12108009472
1789308003	12108009472
1789308008	12108009472
1789308013	12108009472
1789308018	12108009472
1789308023	12108009472
1789308028	12108009472
1789308033	12108009472
1789308038	12108009472
1789308043	12108009472
1789308048	12108009472
1789308053	12108009472
1789308058	12108009472
1789308063	12108013568
1789308068	12108013568
1789308073	12108013568
1789308078	12108013568
1789308083	12108013568
1789308088	12108013568
1789308093	12108013568
1789308098	12108013568
1789308103	12108013568
1789308108	12108013568
1789308113	12108013568
1789308118	12108013568
1789308123	12108013568
1789308128	12108013568
1789308133	12108013568
1789308138	12108013568
1789308143	12108013568
1789308148	12108013568
1789308153	12108013568
1789308158	12108013568
1789308163	12108013568
1789308168	12108013568
1789308173	12108013568
1789308178	12108013568
1789308183	12108013568
1789308188	12108013568
1789308193	12108013568
1789308198	12108013568
1789308203	12108013568
1789308208	12108013568
1789308213	12108013568
1789308218	12108013568
1789308223	12108013568
1789308228	12108013568
1789308233	12108013568
1789308238	12108013568
1789308243	12108013568
1789308248	12108013568
1789308253	12108013568
1789308258	12108017664
1789308263	12108017664
1789308268	12108017664
1789308273	12108017664
1789308278	12108017664
1789308283	12108017664
1789308288	12108017664
1789308293	12108017664
1789308298	12108017664
1789308303	12108017664
1789308308	12108017664
1789308313	12108017664
1789308318	12108017664
1789308323	12108017664
1789308328	12108017664
1789308333	12108017664
1789308338	12108017664
1789308343	12108017664
1789308348	12108017664
1789308353	12108017664
1789308358	12108017664
1789308363	12108017664
1789308368	12108017664
1789308373	12108017664
1789308378	12108017664
1789308383	12108017664
1789308388	12108017664
1789308393	12108017664
1789308398	12108017664
1789308403	12108017664
1789308408	12108017664
1789308413	12108017664
1789308418	12108017664
1789308423	12108017664
1789308428	12108017664
1789308433	12108017664
1789308438	12108017664
1789308443	12108017664
1789308448	12108021760
1789308453	12108021760
1789308458	12108021760
1789308463	12108021760
1789308468	12108021760
1789308473	12108021760
1789308478	12108021760
1789308483	12108021760
1789308488	12108021760
1789308493	12108021760
1789308498	12108021760
1789308503	12108021760
1789308508	12108021760
1789308513	12108021760
1789308518	12108021760
1789308523	12108021760
1789308528	12108021760
1789308533	12108021760
1789308538	12108021760
1789308543	12108021760
1789308548	12108021760
1789308553	12108021760
1789308558	12108021760
1789308563	12108021760
1789308568	12108021760
1789308573	12108021760
1789308578	12108021760
1789308583	12108021760
1789308588	12108021760
1789308593	12108021760
1789308598	12108021760
1789308603	12108021760
1789308608	12108021760
1789308613	12108021760
1789308618	12108021760
1789308623	12108021760
1789308628	12108021760
1789308633	12108021760
1789308638	12108021760
1789308643	12108025856
1789308648	12108025856
1789308653	12108025856
1789308658	12108025856
1789308663	12108025856
1789308668	12108025856
1789308673	12108025856
1789308679	12108025856
1789308684	12108025856
1789308689	12108025856
1789308694	12108025856
1789308699	12108025856
1789308704	12108025856
1789308709	12108025856
1789308714	12108025856
1789308719	12108025856
1789308724	12108025856
1789308729	12108025856
1789308734	12108025856
1789308739	12108025856
1789308744	12108025856
1789308749	12108025856
1789308754	12108025856
1789308759	12108025856
1789308764	12108025856
1789308769	12108025856
1789308774	12108025856
1789308779	12108025856
1789308784	12108025856
1789308789	12108025856
1789308794	12108025856
1789308799	12108025856
1789308804	12108025856
1789308809	12108025856
1789308814	12108025856
1789308819	12108025856
1789308824	12108025856
1789308829	12108025856
1789308834	12108025856
1789308839	12108029952
1789308844	12108029952
1789308849	12108029952
1789308854	12108029952
1789308859	12108029952
1789308864	12108029952
1789308869	12108029952
1789308874	12108029952
1789308879	12108029952
1789308884	12108029952
1789308889	12108029952
1789308894	12108029952
1789308899	12108029952
1789308904	12108029952
1789308909	12108029952
1789308914	12108029952
1789308919	12108029952
1789308924	12108029952
1789308929	12108029952
1789308934	12108029952
1789308939	12108029952
1789308944	12108029952
1789308949	12108029952
1789308954	12108029952
1789308959	12108029952
1789308964	12108029952
1789308969	12108029952
1789308974	12108029952
1789308979	12108029952
1789308984	12108029952
1789308989	12108029952
1789308994	12108029952
1789308999	12108029952
1789309004	12108029952
1789309009	12108029952
1789309014	12108029952
1789309019	12108029952
1789309024	12108029952
1789309029	12108029952
1789309034	12108034048
1789309039	12108034048
1789309044	12108034048
1789309049	12108034048
1789309054	12108034048
1789309059	12108034048
1789309064	12108034048
1789309069	12108034048
1789309074	12108034048
1789309079	12108034048
1789309084	12108034048
1789309089	12108034048
1789309094	12108034048
1789309099	12108034048
1789309104	12108034048
1789309109	12108034048
1789309114	12108034048
1789309119	12108034048
1789309124	12108034048
1789309129	12108034048
1789309134	12108034048
1789309139	12108034048
1789309144	12108034048
1789309149	12108034048
1789309154	12108034048
1789309159	12108034048
1789309164	12108034048
1789309169	12108034048
1789309174	12108034048
1789309179	12108034048
1789309184	12108034048
1789309189	12108034048
1789309194	12108034048
1789309199	12108034048
1789309204	12108034048
1789309209	12108034048
1789309214	12108034048
1789309219	12108034048
1789309224	12108038144
1789309229	12108038144
1789309234	12108038144
1789309239	12108038144
1789309244	12108038144
1789309249	12108038144
1789309254	12108038144
1789309259	12108038144
1789309264	12108038144
1789309269	12108038144
1789309274	12108038144
1789309279	12108038144
1789309284	12108038144
1789309289	12108038144
1789309294	12108038144
1789309299	12108038144
1789309304	12108038144
1789309309	12108038144
1789309314	12108038144
1789309319	12108038144
1789309324	12108038144
1789309329	12108038144
1789309334	12108038144
1789309339	12108038144
1789309344	12108038144
1789309349	12108038144
1789309354	12108038144
1789309359	12108038144
1789309364	12108038144
1789309369	12108038144
1789309374	12108038144
1789309379	12108038144
1789309384	12108038144
1789309390	12108038144
1789309395	12108038144
1789309400	12108038144
1789309405	12108038144
1789309410	12108038144
1789309415	12108038144
1789309420	12108042240
1789309425	12108042240
1789309430	12108042240
1789309435	12108042240
1789309440	12108042240
1789309445	12108042240
1789309450	12108042240
1789309455	12108042240
1789309460	12108042240
1789309465	12108042240
1789309470	12108042240
1789309475	12108042240
1789309480	12108042240
1789309485	12108042240
1789309490	12108042240
1789309495	12108042240
1789309500	12108042240
1789309505	12108042240
1789309510	12108042240
1789309515	12108042240
1789309520	12108042240
1789309525	12108042240
1789309530	12108042240
1789309535	12108042240
1789309540	12108042240
1789309545	12108042240
1789309550	12108042240
1789309555	12108042240
1789309560	12108042240
1789309565	12108042240
1789309570	12108042240
1789309575	12108042240
1789309580	12108042240
1789309585	12108042240
1789309590	12108042240
1789309595	12108042240
1789309600	12108042240
1789309605	12108042240
1789309610	12108042240
1789309615	12108046336
1789309620	12108046336
1789309625	12108046336
1789309630	12108046336
1789309635	12108046336
1789309640	12108046336
1789309645	12108046336
1789309650	12108046336
1789309655	12108046336
1789309660	12108046336
1789309665	12108046336
1789309670	12108046336
1789309675	12108046336
1789309680	12108046336
1789309685	12108046336
1789309690	12108046336
1789309695	12108046336
1789309700	12108046336
1789309705	12108046336
1789309710	12108046336
1789309715	12108046336
1789309720	12108046336
1789309725	12108046336
1789309730	12108046336
1789309735	12108046336
1789309740	12108046336
1789309745	12108046336
1789309750	12108046336
1789309755	12108046336
1789309760	12108046336
1789309765	12108046336
1789309770	12108046336
1789309775	12108046336
1789309780	12108046336
1789309785	12108046336
1789309790	12108046336
1789309795	12108046336
1789309800	12108050432
1789309805	12108050432
1789309810	12108050432
1789309815	12108050432
1789309820	12108050432
1789309825	12108050432
1789309830	12108050432
1789309835	12108050432
1789309840	12108050432
1789309845	12108050432
1789309850	12108050432
1789309855	12108050432
1789309860	12108050432
1789309865	12108050432
1789309870	12108050432
1789309875	12108050432
1789309880	12108050432
1789309885	12108050432
1789309890	12108050432
1789309895	12108050432
1789309900	12108050432
1789309905	12108050432
1789309910	12108050432
1789309915	12108050432
1789309920	12108050432
1789309925	12108050432
1789309930	12108050432
1789309935	12108050432
1789309940	12108050432
1789309945	12108050432
1789309950	12108050432
1789309955	12108050432
1789309960	12108050432
1789309965	12108050432
1789309970	12108050432
1789309975	12108050432
1789309980	12108050432
1789309985	12108050432
1789309990	12108054528
1789309995	12108054528
1789310000	12108054528
1789310005	12108054528
1789310010	12108054528
1789310015	12108054528
1789310020	12108054528
1789310025	12108054528
1789310030	12108054528
1789310035	12108054528
1789310040	12108054528
1789310045	12108054528
1789310050	12108054528
1789310055	12108054528
1789310060	12108054528
1789310065	12108054528
1789310070	12108054528
1789310075	12108054528
1789310080	12108054528
1789310085	12108054528
1789310090	12108054528
1789310096	12108054528
1789310101	12108054528
1789310106	12108054528
1789310111	12108054528
1789310116	12108054528
1789310121	12108054528
1789310126	12108054528
1789310131	12108054528
1789310136	12108054528
1789310141	12108054528
1789310146	12108054528
1789310151	12108054528
1789310156	12108054528
1789310161	12108054528
1789310166	12108054528
1789310171	12108054528
1789310176	12108054528
1789310181	12108054528
1789310186	12108058624
1789310191	12108058624
1789310196	12108058624
1789310201	12108058624
1789310206	12108058624
1789310211	12108058624
1789310216	12108058624
1789310221	12108058624
1789310226	12108058624
1789310231	12108058624
1789310236	12108058624
1789310241	12108058624
1789310246	12108058624
1789310251	12108058624
1789310256	12108058624
1789310261	12108058624
1789310266	12108058624
1789310271	12108058624
1789310276	12108058624
1789310281	12108058624
1789310286	12108058624
1789310291	12108058624
1789310296	12108058624
1789310301	12108058624
1789310306	12108058624
1789310311	12108058624
1789310316	12108058624
1789310321	12108058624
1789310326	12108058624
1789310331	12108058624
1789310336	12108058624
1789310341	12108058624
1789310346	12108058624
1789310351	12108058624
1789310356	12108058624
1789310361	12108058624
1789310366	12108062720
1789310371	12108062720
1789310376	12108062720
1789310381	12108062720
1789310386	12108062720
1789310391	12108062720
1789310396	12108062720
1789310401	12108062720
1789310406	12108062720
1789310411	12108062720
1789310416	12108062720
1789310421	12108062720
1789310426	12108062720
1789310431	12108062720
1789310436	12108062720
1789310441	12108062720
1789310446	12108062720
1789310451	12108062720
1789310456	12108062720
1789310461	12108062720
1789310466	12108062720
1789310471	12108062720
1789310476	12108062720
1789310481	12108062720
1789310486	12108062720
1789310491	12108062720
1789310496	12108062720
1789310501	12108066816
1789310506	12108066816
1789310511	12108066816
1789310516	12108066816
1789310521	12108066816
1789310526	12108066816
1789310531	12108066816
1789310536	12108066816
1789310541	12108066816
1789310546	12108066816
1789310551	12108066816
1789310556	12108066816
1789310561	12108066816
1789310566	12108066816
1789310571	12108066816
1789310576	12108066816
1789310581	12108066816
1789310586	12108066816
1789310591	12108066816
1789310596	12108066816
1789310601	12108066816
1789310606	12108066816
1789310611	12108066816
1789310616	12108066816
1789310621	12108066816
1789310626	12108066816
1789310631	12108066816
1789310636	12108070912
1789310641	12108070912
1789310646	12108070912
1789310651	12108070912
1789310656	12108070912
1789310661	12108070912
1789310666	12108070912
1789310671	12108070912
1789310676	12108070912
1789310681	12108070912
1789310686	12108070912
1789310691	12108070912
1789310696	12108070912
1789310701	12108070912
1789310706	12108070912
1789310711	12108070912
1789310716	12108070912
1789310721	12108070912
1789310726	12108070912
1789310731	12108070912
1789310736	12108070912
1789310741	12108070912
1789310746	12108070912
1789310751	12108070912
1789310756	12108070912
1789310761	12108070912
1789310766	12108075008
1789310771	12108075008
1789310776	12108075008
1789310781	12108075008
1789310786	12108075008
1789310791	12108075008
1789310796	12108075008
1789310801	12108075008
1789310806	12108075008
1789310811	12108075008
1789310816	12108075008
1789310821	12108075008
1789310826	12108075008
1789310832	12108075008
1789310837	12108075008
1789310842	12108075008
1789310847	12108075008
1789310852	12108075008
1789310857	12108075008
1789310862	12108075008
1789310867	12108075008
1789310872	12108075008
1789310877	12108075008
1789310882	12108075008
1789310887	12108075008
1789310892	12108075008
1789310897	12108075008
1789310902	12108079104
1789310907	12108079104
1789310912	12108079104
1789310917	12108079104
1789310922	12108079104
1789310927	12108079104
1789310932	12108079104
1789310937	12108079104
1789310942	12108079104
1789310947	12108079104
1789310952	12108079104
1789310957	12108079104
1789310962	12108079104
1789310967	12108079104
1789310972	12108079104
1789310977	12108079104
1789310982	12108079104
1789310987	12108079104
1789310992	12108079104
1789310997	12108079104
1789311002	12108079104
1789311007	12108079104
1789311012	12108079104
1789311017	12108079104
1789311022	12108079104
1789311027	12108079104
1789311032	12108079104
1789311037	12108079104
1789311042	12108083200
1789311047	12108083200
1789311052	12108083200
1789311057	12108083200
1789311062	12108083200
1789311067	12108083200
1789311072	12108083200
1789311077	12108083200
1789311082	12108083200
1789311087	12108083200
1789311092	12108083200
1789311097	12108083200
1789311102	12108083200
1789311107	12108083200
1789311112	12108083200
1789311117	12108083200
1789311122	12108083200
1789311127	12108083200
1789311132	12108083200
1789311137	12108083200
1789311142	12108083200
1789311147	12108083200
1789311152	12108083200
1789311157	12108083200
1789311162	12108083200
1789311167	12108083200
1789311172	12108087296
1789311177	12108087296
1789311182	12108087296
1789311187	12108087296
1789311192	12108087296
1789311197	12108087296
1789311202	12108087296
1789311207	12108087296
1789311212	12108087296
1789311217	12108087296
1789311222	12108087296
1789311227	12108087296
1789311232	12108087296
1789311237	12108087296
1789311242	12108087296
1789311247	12108087296
1789311252	12108087296
1789311257	12108087296
1789311262	12108087296
1789311267	12108087296
1789311272	12108087296
1789311277	12108087296
1789311282	12108087296
1789311287	12108087296
1789311292	12108087296
1789311297	12108087296
1789311302	12108087296
1789311307	12108091392
1789311312	12108091392
1789311317	12108091392
1789311322	12108091392
1789311327	12108091392
1789311332	12108091392
1789311337	12108091392
1789311342	12108091392
1789311347	12108091392
1789311352	12108091392
1789311357	12108091392
1789311362	12108091392
1789311367	12108091392
1789311372	12108091392
1789311377	12108091392
1789311382	12108091392
1789311387	12108091392
1789311392	12108091392
1789311397	12108091392
1789311402	12108091392
1789311407	12108091392
1789311412	12108091392
1789311417	12108091392
1789311422	12108091392
1789311427	12108091392
1789311432	12108091392
1789311437	12108091392
1789311442	12108095488
1789311447	12108095488
1789311452	12108095488
1789311457	12108095488
1789311462	12108095488
1789311467	12108095488
1789311472	12108095488
1789311477	12108095488
1789311482	12108095488
1789311487	12108095488
1789311492	12108095488
1789311497	12108095488
1789311502	12108095488
1789311507	12108095488
1789311512	12108095488
1789311517	12108095488
1789311522	12108095488
1789311527	12108095488
1789311532	12108095488
1789311537	12108095488
1789311542	12108095488
1789311547	12108095488
1789311552	12108095488
1789311557	12108095488
1789311562	12108095488
1789311568	12108099584
1789311573	12108099584
1789311578	12108099584
1789311583	12108099584
1789311588	12108099584
1789311593	12108099584
1789311598	12108099584
1789311603	12108099584
1789311608	12108099584
1789311613	12108099584
1789311618	12108099584
1789311623	12108099584
1789311628	12108099584
1789311633	12108099584
1789311638	12108099584
1789311643	12108099584
1789311648	12108099584
1789311653	12108099584
1789311658	12108099584
1789311663	12108099584
1789311668	12108099584
1789311673	12108099584
1789311678	12108099584
1789311683	12108099584
1789311688	12108099584
1789311693	12108099584
1789311698	12108099584
1789311703	12108103680
1789311708	12108103680
1789311713	12108103680
1789311718	12108103680
1789311723	12108103680
1789311728	12108103680
1789311733	12108103680
1789311738	12108103680
1789311743	12108103680
1789311748	12108103680
1789311753	12108103680
1789311758	12108103680
1789311763	12108103680
1789311768	12108103680
1789311773	12108103680
1789311778	12108103680
1789311783	12108103680
1789311788	12108103680
1789311793	12108103680
1789311798	12108103680
1789311803	12108103680
1789311808	12108103680
1789311813	12108103680
1789311818	12108103680
1789311823	12108103680
1789311828	12108103680
1789311833	12108103680
1789311838	12108103680
1789311843	12108103680
1789311848	12108103680
1789311853	12108103680
1789311858	12108103680
1789311863	12108103680
1789311868	12108107776
1789311873	12108107776
1789311878	12108107776
1789311883	12108107776
1789311888	12108107776
1789311893	12108107776
1789311898	12108107776
1789311903	12108107776
1789311908	12108107776
1789311913	12108107776
1789311918	12108107776
1789311923	12108107776
1789311928	12108107776
1789311933	12108107776
1789311938	12108107776
1789311943	12108107776
1789311948	12108107776
1789311953	12108107776
1789311958	12108107776
1789311963	12108107776
1789311968	12108107776
1789311973	12108107776
1789311978	12108107776
1789311983	12108107776
1789311988	12108107776
1789311993	12108107776
1789311998	12108107776
1789312003	12108107776
1789312008	12108107776
1789312013	12108107776
1789312018	12108107776
1789312023	12108107776
1789312028	12108107776
1789312033	12108107776
1789312038	12108107776
1789312043	12108107776
1789312048	12108107776
1789312053	12108107776
1789312058	12108107776
1789312063	12108107776
1789312068	12108111872
1789312073	12108111872
1789312078	12108111872
1789312083	12108111872
1789312088	12108111872
1789312093	12108111872
1789312098	12108111872
1789312103	12108111872
1789312108	12108111872
1789312113	12108111872
1789312118	12108111872
1789312123	12108111872
1789312128	12108111872
1789312133	12108111872
1789312138	12108111872
1789312143	12108111872
1789312148	12108111872
1789312153	12108111872
1789312158	12108111872
1789312163	12108111872
1789312168	12108111872
1789312173	12108111872
1789312178	12108111872
1789312183	12108111872
1789312188	12108111872
1789312193	12108111872
1789312198	12108111872
1789312203	12108111872
1789312208	12108111872
1789312213	12108111872
1789312218	12108111872
1789312223	12108111872
1789312228	12108111872
1789312233	12108111872
1789312238	12108111872
1789312243	12108111872
1789312248	12108111872
1789312253	12108111872
1789312258	12108111872
1789312263	12108111872
1789312268	12108111872
1789312273	12108115968
1789312278	12108115968
1789312283	12108115968
1789312288	12108115968
1789312293	12108115968
1789312298	12108115968
1789312304	12108115968
1789312309	12108115968
1789312314	12108115968
1789312319	12108115968
1789312324	12108115968
1789312329	12108115968
1789312334	12108115968
1789312339	12108115968
1789312344	12108115968
1789312349	12108115968
1789312354	12108115968
1789312359	12108115968
1789312364	12108115968
1789312369	12108115968
1789312374	12108115968
1789312379	12108115968
1789312384	12108115968
1789312389	12108115968
1789312394	12108115968
1789312399	12108115968
1789312404	12108115968
1789312409	12108115968
1789312414	12108115968
1789312419	12108115968
1789312424	12108115968
1789312429	12108115968
1789312434	12108115968
1789312439	12108115968
1789312444	12108115968
1789312449	12108115968
1789312454	12108115968
1789312459	12108115968
1789312464	12108115968
1789312469	12108115968
1789312474	12108115968
1789312479	12108120064
1789312484	12108120064
1789312489	12108120064
1789312494	12108120064
1789312499	12108120064
1789312504	12108120064
1789312509	12108120064
1789312514	12108120064
1789312519	12108120064
1789312524	12108120064
1789312529	12108120064
1789312534	12108120064
1789312539	12108120064
1789312544	12108120064
1789312549	12108120064
1789312554	12108120064
1789312559	12108120064
1789312564	12108120064
1789312569	12108120064
1789312574	12108120064
1789312579	12108120064
1789312584	12108120064
1789312589	12108120064
1789312594	12108120064
1789312599	12108120064
1789312604	12108120064
1789312609	12108120064
1789312614	12108120064
1789312619	12108120064
1789312624	12108120064
1789312629	12108120064
1789312634	12108120064
1789312639	12108120064
1789312644	12108120064
1789312649	12108120064
1789312654	12108120064
1789312659	12108120064
1789312664	12108120064
1789312669	12108120064
1789312674	12108120064
1789312679	12108120064
1789312684	12108124160
1789312689	12108124160
1789312694	12108124160
1789312699	12108124160
1789312704	12108124160
1789312709	12108124160
1789312714	12108124160
1789312719	12108124160
1789312724	12108124160
1789312729	12108124160
1789312734	12108124160
1789312739	12108124160
1789312744	12108124160
1789312749	12108124160
1789312754	12108124160
1789312759	12108124160
1789312764	12108124160
1789312769	12108124160
1789312774	12108124160
1789312779	12108124160
1789312784	12108124160
1789312789	12108124160
1789312794	12108124160
1789312799	12108124160
1789312804	12108124160
1789312809	12108124160
1789312814	12108124160
1789312819	12108124160
1789312824	12108124160
1789312829	12108124160
1789312834	12108124160
1789312839	12108124160
1789312844	12108124160
1789312849	12108124160
1789312854	12108124160
1789312859	12108124160
1789312864	12108124160
1789312869	12108124160
1789312874	12108124160
1789312879	12108124160
1789312884	12108128256
1789312889	12108128256
1789312894	12108128256
1789312899	12108128256
1789312904	12108128256
1789312909	12108128256
1789312914	12108128256
1789312919	12108128256
1789312924	12108128256
1789312929	12108128256
1789312934	12108128256
1789312939	12108128256
1789312944	12108128256
1789312949	12108128256
1789312954	12108128256
1789312959	12108128256
1789312964	12108128256
1789312969	12108128256
1789312974	12108128256
1789312979	12108128256
1789312984	12108128256
1789312989	12108128256
1789312994	12108128256
1789312999	12108128256
1789313004	12108128256
1789313009	12108128256
1789313014	12108128256
1789313019	12108128256
1789313024	12108128256
1789313029	12108128256
1789313034	12108128256
1789313039	12108128256
1789313045	12108128256
1789313050	12108128256
1789313055	12108128256
1789313060	12108128256
1789313065	12108128256
1789313070	12108128256
1789313075	12108128256
1789313080	12108128256
1789313085	12108128256
1789313090	12108132352
1789313095	12108132352
1789313100	12108132352
1789313105	12108132352
1789313110	12108132352
1789313115	12108132352
1789313120	12108132352
1789313125	12108132352
1789313130	12108132352
1789313135	12108132352
1789313140	12108132352
1789313145	12108132352
1789313150	12108132352
1789313155	12108132352
1789313160	12108132352
1789313165	12108132352
1789313170	12108132352
1789313175	12108132352
1789313180	12108132352
1789313185	12108132352
1789313190	12108132352
1789313195	12108132352
1789313200	12108132352
1789313205	12108132352
1789313210	12108132352
1789313215	12108132352
1789313220	12108132352
1789313225	12108132352
1789313230	12108132352
1789313235	12108132352
1789313240	12108132352
1789313245	12108132352
1789313250	12108132352
1789313255	12108132352
1789313260	12108132352
1789313265	12108132352
1789313270	12108132352
1789313275	12108132352
1789313280	12108132352
1789313285	12108132352
1789313290	12108132352
1789313295	12108136448
1789313300	12108136448
1789313305	12108136448
1789313310	12108136448
1789313315	12108136448
1789313320	12108136448
1789313325	12108136448
1789313330	12108136448
1789313335	12108136448
1789313340	12108136448
1789313345	12108136448
1789313350	12108136448
1789313355	12108136448
1789313360	12108136448
1789313365	12108136448
1789313370	12108136448
1789313375	12108136448
1789313380	12108136448
1789313385	12108136448
1789313390	12108136448
1789313395	12108136448
1789313400	12108136448
1789313405	12108136448
1789313410	12108136448
1789313415	12108136448
1789313420	12108136448
1789313425	12108136448
1789313430	12108136448
1789313435	12108136448
1789313440	12108136448
1789313445	12108136448
1789313450	12108136448
1789313455	12108136448
1789313460	12108136448
1789313465	12108136448
1789313470	12108136448
1789313475	12108136448
1789313480	12108136448
1789313485	12108136448
1789313490	12108140544
1789313495	12108140544
1789313500	12108140544
1789313505	12108140544
1789313510	12108140544
1789313515	12108140544
1789313520	12108140544
1789313525	12108140544
1789313530	12108140544
1789313535	12108140544
1789313540	12108140544
1789313545	12108140544
1789313550	12108140544
1789313555	12108140544
1789313560	12108140544
1789313565	12108140544
1789313570	12108140544
1789313575	12108140544
1789313580	12108140544
1789313585	12108140544
1789313590	12108140544
1789313595	12108140544
1789313600	12108140544
1789313605	12108140544
1789313610	12108140544
1789313615	12108140544
1789313620	12108140544
1789313625	12108140544
1789313630	12108140544
1789313635	12108140544
1789313640	12108140544
1789313645	12108140544
1789313650	12108140544
1789313655	12108140544
1789313660	12108140544
1789313665	12108140544
1789313670	12108140544
1789313675	12108140544
1789313680	12108140544
1789313685	12108140544
1789313690	12108140544
1789313695	12108144640
1789313700	12108144640
1789313705	12108144640
1789313710	12108144640
1789313715	12108144640
1789313720	12108144640
1789313725	12108144640
1789313730	12108144640
1789313735	12108144640
1789313740	12108144640
1789313745	12108144640
1789313750	12108144640
1789313755	12108144640
1789313760	12108144640
1789313765	12108144640
1789313770	12108144640
1789313775	12108144640
1789313780	12108144640
1789313785	12108144640
1789313791	12108144640
1789313796	12108144640
1789313801	12108144640
1789313806	12108144640
1789313811	12108144640
1789313816	12108144640
1789313821	12108144640
1789313826	12108144640
1789313831	12108144640
1789313836	12108144640
1789313841	12108144640
1789313846	12108144640
1789313851	12108144640
1789313856	12108144640
1789313861	12108144640
1789313866	12108144640
1789313871	12108144640
1789313876	12108144640
1789313881	12108144640
1789313886	12108144640
1789313891	12108144640
1789313896	12108144640
1789313901	12108148736
1789313906	12108148736
1789313911	12108148736
1789313916	12108148736
1789313921	12108148736
1789313926	12108148736
1789313931	12108148736
1789313936	12108148736
1789313941	12108148736
1789313946	12108148736
1789313951	12108148736
1789313956	12108148736
1789313961	12108148736
1789313966	12108148736
1789313971	12108148736
1789313976	12108148736
1789313981	12108148736
1789313986	12108148736
1789313991	12108148736
1789313996	12108148736
1789314001	12108148736
1789314006	12108148736
1789314011	12108148736
1789314016	12108148736
1789314021	12108148736
1789314026	12108148736
1789314031	12108148736
1789314036	12108148736
1789314041	12108148736
1789314046	12108148736
1789314051	12108148736
1789314056	12108148736
1789314061	12108148736
1789314066	12108148736
1789314071	12108148736
1789314076	12108148736
1789314081	12108148736
1789314086	12108148736
1789314091	12108148736
1789314096	12108152832
1789314101	12108152832
1789314106	12108152832
1789314111	12108152832
1789314116	12108152832
1789314121	12108152832
1789314126	12108152832
1789314131	12108152832
1789314136	12108152832
1789314141	12108152832
1789314146	12108152832
1789314151	12108152832
1789314156	12108152832
1789314161	12108152832
1789314166	12108152832
1789314171	12108152832
1789314176	12108152832
1789314181	12108152832
1789314186	12108152832
1789314191	12108152832
1789314196	12108152832
1789314201	12108152832
1789314206	12108152832
1789314211	12108152832
1789314216	12108152832
1789314221	12108152832
1789314226	12108152832
1789314231	12108152832
1789314236	12108152832
1789314241	12108152832
1789314246	12108152832
1789314251	12108152832
1789314256	12108152832
1789314261	12108152832
1789314266	12108152832
1789314271	12108152832
1789314276	12108152832
1789314281	12108152832
1789314286	12108152832
1789314291	12108152832
1789314296	12108152832
1789314301	12108156928
1789314306	12108156928
1789314311	12108156928
1789314316	12108156928
1789314321	12108156928
1789314326	12108156928
1789314331	12108156928
1789314336	12108156928
1789314341	12108156928
1789314346	12108156928
1789314351	12108156928
1789314356	12108156928
1789314361	12108156928
1789314366	12108156928
1789314371	12108156928
1789314376	12108156928
1789314381	12108156928
1789314386	12108156928
1789314391	12108156928
1789314396	12108156928
1789314401	12108156928
1789314406	12108156928
1789314411	12108156928
1789314416	12108156928
1789314421	12108156928
1789314426	12108156928
1789314431	12108156928
1789314436	12108156928
1789314441	12108156928
1789314446	12108156928
1789314451	12108156928
1789314456	12108156928
1789314461	12108156928
1789314466	12108156928
1789314471	12108156928
1789314476	12108156928
1789314481	12108156928
1789314486	12108156928
1789314491	12108156928
1789314496	12108156928
1789314501	12108156928
1789314506	12108161024
1789314511	12108161024
1789314517	12108161024
1789314522	12108161024
1789314527	12108161024
1789314532	12108161024
1789314537	12108161024
1789314542	12108161024
1789314547	12108161024
1789314552	12108161024
1789314557	12108161024
1789314562	12108161024
1789314567	12108161024
1789314572	12108161024
1789314577	12108161024
1789314582	12108161024
1789314587	12108161024
1789314592	12108161024
1789314597	12108161024
1789314602	12108161024
1789314607	12108161024
1789314612	12108161024
1789314617	12108161024
1789314622	12108161024
1789314627	12108161024
1789314632	12108161024
1789314637	12108161024
1789314642	12108161024
1789314647	12108161024
1789314652	12108161024
1789314657	12108161024
1789314662	12108161024
1789314667	12108161024
1789314672	12108161024
1789314677	12108161024
1789314682	12108161024
1789314687	12108161024
1789314692	12108161024
1789314697	12108161024
1789314702	12108161024
1789314707	12108165120
1789314712	12108165120
1789314717	12108165120
1789314722	12108165120
1789314727	12108165120
1789314732	12108165120
1789314737	12108165120
1789314742	12108165120
1789314747	12108165120
1789314752	12108165120
1789314757	12108165120
1789314762	12108165120
1789314767	12108165120
1789314772	12108165120
1789314777	12108165120
1789314782	12108165120
1789314787	12108165120
1789314792	12108165120
1789314797	12108165120
1789314802	12108165120
1789314807	12108165120
1789314812	12108165120
1789314817	12108165120
1789314822	12108165120
1789314827	12108165120
1789314832	12108165120
1789314837	12108165120
1789314842	12108165120
1789314847	12108165120
1789314852	12108165120
1789314857	12108165120
1789314862	12108165120
1789314867	12108165120
1789314872	12108165120
1789314877	12108165120
1789314882	12108165120
1789314887	12108165120
1789314892	12108165120
1789314897	12108165120
1789314902	12108165120
1789314907	12108165120
1789314912	12108169216
1789314917	12108169216
1789314922	12108169216
1789314927	12108169216
1789314932	12108169216
1789314937	12108169216
1789314942	12108169216
1789314947	12108169216
1789314952	12108169216
1789314957	12108169216
1789314962	12108169216
1789314967	12108169216
1789314972	12108169216
1789314977	12108169216
1789314982	12108169216
1789314987	12108169216
1789314992	12108169216
1789314997	12108169216
1789315002	12108169216
1789315007	12108169216
1789315012	12108169216
1789315017	12108169216
1789315022	12108169216
1789315027	12108169216
1789315032	12108169216
1789315037	12108169216
1789315042	12108169216
1789315047	12108169216
1789315052	12108169216
1789315057	12108169216
1789315062	12108169216
1789315067	12108169216
1789315072	12108169216
1789315077	12108169216
1789315082	12108169216
1789315087	12108169216
1789315092	12108169216
1789315097	12108169216
1789315102	12108169216
1789315107	12108169216
1789315112	12108169216
1789315117	12108173312
1789315122	12108173312
1789315127	12108173312
1789315132	12108173312
1789315137	12108173312
1789315142	12108173312
1789315147	12108173312
1789315152	12108173312
1789315157	12108173312
1789315162	12108173312
1789315167	12108173312
1789315172	12108173312
1789315177	12108173312
1789315182	12108173312
1789315187	12108173312
1789315192	12108173312
1789315197	12108173312
1789315202	12108173312
1789315207	12108173312
1789315212	12108173312
1789315217	12108173312
1789315222	12108173312
1789315227	12108173312
1789315232	12108173312
1789315237	12108173312
1789315242	12108173312
1789315247	12108173312
1789315252	12108173312
1789315257	12108173312
1789315263	12108173312
1789315268	12108173312
1789315273	12108173312
1789315278	12108173312
1789315283	12108173312
1789315288	12108173312
1789315293	12108173312
1789315298	12108173312
1789315303	12108173312
1789315308	12108173312
1789315313	12108177408
1789315318	12108177408
1789315323	12108177408
1789315328	12108177408
1789315333	12108177408
1789315338	12108177408
1789315343	12108177408
1789315348	12108177408
1789315353	12108177408
1789315358	12108177408
1789315363	12108177408
1789315368	12108177408
1789315373	12108177408
1789315378	12108177408
1789315383	12108177408
1789315388	12108177408
1789315393	12108177408
1789315398	12108177408
1789315403	12108177408
1789315408	12108177408
1789315413	12108177408
1789315418	12108177408
1789315423	12108177408
1789315428	12108177408
1789315433	12108177408
1789315438	12108177408
1789315443	12108177408
1789315448	12108177408
1789315453	12108177408
1789315458	12108177408
1789315463	12108177408
1789315468	12108177408
1789315473	12108177408
1789315478	12108177408
1789315483	12108177408
1789315488	12108177408
1789315493	12108177408
1789315498	12108177408
1789315503	12108177408
1789315508	12108177408
1789315513	12108177408
1789315518	12108181504
1789315523	12108181504
1789315528	12108181504
1789315533	12108181504
1789315538	12108181504
1789315543	12108181504
1789315548	12108181504
1789315553	12108181504
1789315558	12108181504
1789315563	12108181504
1789315568	12108181504
1789315573	12108181504
1789315578	12108181504
1789315583	12108181504
1789315588	12108181504
1789315593	12108181504
1789315598	12108181504
1789315603	12108181504
1789315608	12108181504
1789315613	12108181504
1789315618	12108181504
1789315623	12108181504
1789315628	12108181504
1789315633	12108181504
1789315638	12108181504
1789315643	12108181504
1789315648	12108181504
1789315653	12108181504
1789315658	12108181504
1789315663	12108181504
1789315668	12108181504
1789315673	12108181504
1789315678	12108181504
1789315683	12108181504
1789315688	12108181504
1789315693	12108181504
1789315698	12108181504
1789315703	12108181504
1789315708	12108181504
1789315713	12108181504
1789315718	12108181504
1789315723	12108185600
1789315728	12108185600
1789315733	12108185600
1789315738	12108185600
1789315743	12108185600
1789315748	12108185600
1789315753	12108185600
1789315758	12108185600
1789315763	12108185600
1789315768	12108185600
1789315773	12108185600
1789315778	12108185600
1789315783	12108185600
1789315788	12108185600
1789315793	12108185600
1789315798	12108185600
1789315803	12108185600
1789315808	12108185600
1789315813	12108185600
1789315818	12108185600
1789315823	12108185600
1789315828	12108185600
1789315833	12108185600
1789315838	12108185600
1789315843	12108185600
1789315848	12108185600
1789315853	12108185600
1789315858	12108185600
1789315863	12108185600
1789315868	12108185600
1789315873	12108185600
1789315878	12108185600
1789315883	12108185600
1789315888	12108185600
1789315893	12108185600
1789315898	12108185600
1789315903	12108185600
1789315908	12108185600
1789315913	12108185600
1789315918	12108185600
1789315923	12108189696
1789315928	12108189696
1789315933	12108189696
1789315938	12108189696
1789315943	12108189696
1789315948	12108189696
1789315953	12108189696
1789315958	12108189696
1789315963	12108189696
1789315968	12108189696
1789315973	12108189696
1789315978	12108189696
1789315983	12108189696
1789315989	12108189696
1789315994	12108189696
1789315999	12108189696
1789316004	12108189696
1789316009	12108189696
1789316014	12108189696
1789316019	12108189696
1789316024	12108189696
1789316029	12108189696
1789316034	12108189696
1789316039	12108189696
1789316044	12108189696
1789316049	12108189696
1789316054	12108189696
1789316059	12108189696
1789316064	12108189696
1789316069	12108189696
1789316074	12108189696
1789316079	12108189696
1789316084	12108189696
1789316089	12108189696
1789316094	12108189696
1789316099	12108189696
1789316104	12108189696
1789316109	12108189696
1789316114	12108189696
1789316119	12108189696
1789316124	12108189696
1789316129	12108193792
1789316134	12108193792
1789316139	12108193792
1789316144	12108193792
1789316149	12108193792
1789316154	12108193792
1789316159	12108193792
1789316164	12108193792
1789316169	12108193792
1789316174	12108193792
1789316179	12108193792
1789316184	12108193792
1789316189	12108193792
1789316194	12108193792
1789316199	12108193792
1789316204	12108193792
1789316209	12108193792
1789316214	12108193792
1789316219	12108193792
1789316224	12108193792
1789316229	12108193792
1789316234	12108193792
1789316239	12108193792
1789316244	12108193792
1789316249	12108193792
1789316254	12108193792
1789316259	12108193792
1789316264	12108193792
1789316269	12108193792
1789316274	12108193792
1789316279	12108193792
1789316284	12108193792
1789316289	12108193792
1789316294	12108193792
1789316299	12108193792
1789316304	12108193792
1789316309	12108193792
1789316314	12108193792
1789316319	12108193792
1789316324	12108193792
1789316329	12108197888
1789316334	12108197888
1789316339	12108197888
1789316344	12108197888
1789316349	12108197888
1789316354	12108197888
1789316359	12108197888
1789316364	12108197888
1789316369	12108197888
1789316374	12108197888
1789316379	12108197888
1789316384	12108197888
1789316389	12108197888
1789316394	12108197888
1789316399	12108197888
1789316404	12108197888
1789316409	12108197888
1789316414	12108197888
1789316419	12108197888
1789316424	12108197888
1789316429	12108197888
1789316434	12108197888
1789316439	12108197888
1789316444	12108197888
1789316449	12108197888
1789316454	12108197888
1789316459	12108197888
1789316464	12108197888
1789316469	12108197888
1789316474	12108197888
1789316479	12108197888
1789316484	12108197888
1789316489	12108197888
1789316494	12108197888
1789316499	12108197888
1789316504	12108197888
1789316509	12108197888
1789316514	12108197888
1789316519	12108197888
1789316524	12108197888
1789316529	12108201984
1789316534	12108201984
1789316539	12108201984
1789316544	12108201984
1789316549	12108201984
1789316554	12108201984
1789316559	12108201984
1789316564	12108201984
1789316569	12108201984
1789316574	12108201984
1789316579	12108201984
1789316584	12108201984
1789316589	12108201984
1789316594	12108201984
1789316599	12108201984
1789316604	12108201984
1789316609	12108201984
1789316614	12108201984
1789316619	12108201984
1789316624	12108201984
1789316629	12108201984
1789316634	12108201984
1789316639	12108201984
1789316644	12108201984
1789316649	12108201984
1789316654	12108201984
1789316659	12108201984
1789316664	12108201984
1789316669	12108201984
1789316674	12108201984
1789316679	12108201984
1789316684	12108201984
1789316689	12108201984
1789316694	12108201984
1789316699	12108201984
1789316704	12108201984
1789316710	12108201984
1789316715	12108201984
1789316720	12108201984
1789316725	12108201984
1789316730	12108201984
1789316735	12108206080
1789316740	12108206080
1789316745	12108206080
1789316750	12108206080
1789316755	12108206080
1789316760	12108206080
1789316765	12108206080
1789316770	12108206080
1789316775	12108206080
1789316780	12108206080
1789316785	12108206080
1789316790	12108206080
1789316795	12108206080
1789316800	12108206080
1789316805	12108206080
1789316810	12108206080
1789316815	12108206080
1789316820	12108206080
1789316825	12108206080
1789316830	12108206080
1789316835	12108206080
1789316840	12108206080
1789316845	12108206080
1789316850	12108206080
1789316855	12108206080
1789316860	12108206080
1789316865	12108206080
1789316870	12108206080
1789316875	12108206080
1789316880	12108206080
1789316885	12108206080
1789316890	12108206080
1789316895	12108206080
1789316900	12108206080
1789316905	12108206080
1789316910	12108206080
1789316915	12108206080
1789316920	12108206080
1789316925	12108206080
1789316930	12108206080
1789316935	12108210176
1789316940	12108210176
1789316945	12108210176
1789316950	12108210176
1789316955	12108210176
1789316960	12108210176
1789316965	12108210176
1789316970	12108210176
1789316975	12108210176
1789316980	12108210176
1789316985	12108210176
1789316990	12108210176
1789316995	12108210176
1789317000	12108210176
1789317005	12108210176
1789317010	12108210176
1789317015	12108210176
1789317020	12108210176
1789317025	12108210176
1789317030	12108210176
1789317035	12108210176
1789317040	12108210176
1789317045	12108210176
1789317050	12108210176
1789317055	12108210176
1789317060	12108210176
1789317065	12108210176
1789317070	12108210176
1789317075	12108210176
1789317080	12108210176
1789317085	12108210176
1789317090	12108210176
1789317095	12108210176
1789317100	12108210176
1789317105	12108210176
1789317110	12108210176
1789317115	12108210176
1789317120	12108210176
1789317125	12108210176
1789317130	12108210176
1789317135	12108214272
1789317140	12108214272
1789317145	12108214272
1789317150	12108214272
1789317155	12108214272
1789317160	12108214272
1789317165	12108214272
1789317170	12108214272
1789317175	12108214272
1789317180	12108214272
1789317185	12108214272
1789317190	12108214272
1789317195	12108214272
1789317200	12108214272
1789317205	12108214272
1789317210	12108214272
1789317215	12108214272
1789317220	12108214272
1789317225	12108214272
1789317230	12108214272
1789317235	12108214272
1789317240	12108214272
1789317245	12108214272
1789317250	12108214272
1789317255	12108214272
1789317260	12108214272
1789317265	12108214272
1789317270	12108214272
1789317275	12108214272
1789317280	12108214272
1789317285	12108214272
1789317290	12108214272
1789317295	12108214272
1789317300	12108214272
1789317305	12108214272
1789317310	12108214272
1789317315	12108214272
1789317320	12108214272
1789317325	12108214272
1789317330	12108214272
1789317335	12108214272
1789317340	12108218368
1789317345	12108218368
1789317350	12108218368
1789317355	12108218368
1789317360	12108218368
1789317365	12108218368
1789317370	12108218368
1789317375	12108218368
1789317380	12108218368
1789317385	12108218368
1789317390	12108218368
1789317395	12108218368
1789317400	12108218368
1789317405	12108218368
1789317410	12108218368
1789317415	12108218368
1789317420	12108218368
1789317425	12108218368
1789317430	12108218368
1789317436	12108218368
1789317441	12108218368
1789317446	12108218368
1789317451	12108218368
1789317456	12108218368
1789317461	12108218368
1789317466	12108218368
1789317471	12108218368
1789317476	12108218368
1789317481	12108218368
1789317486	12108218368
1789317491	12108218368
1789317496	12108218368
1789317501	12108218368
1789317506	12108218368
1789317511	12108218368
1789317516	12108218368
1789317521	12108218368
1789317526	12108218368
1789317531	12108218368
1789317536	12108218368
1789317541	12108218368
1789317546	12108222464
1789317551	12108222464
1789317556	12108222464
1789317561	12108222464
1789317566	12108222464
1789317571	12108222464
1789317576	12108222464
1789317581	12108222464
1789317586	12108222464
1789317591	12108222464
1789317596	12108222464
1789317601	12108222464
1789317606	12108222464
1789317611	12108222464
1789317616	12108222464
1789317621	12108222464
1789317626	12108222464
1789317631	12108222464
1789317636	12108222464
1789317641	12108222464
1789317646	12108222464
1789317651	12108222464
1789317656	12108222464
1789317661	12108222464
1789317666	12108222464
1789317671	12108222464
1789317676	12108222464
1789317681	12108222464
1789317686	12108222464
1789317691	12108222464
1789317696	12108222464
1789317701	12108222464
1789317706	12108222464
1789317711	12108222464
1789317716	12108222464
1789317721	12108222464
1789317726	12108222464
1789317731	12108222464
1789317736	12108222464
1789317741	12108226560
1789317746	12108226560
1789317751	12108226560
1789317756	12108226560
1789317761	12108226560
1789317766	12108226560
1789317771	12108226560
1789317776	12108226560
1789317781	12108226560
1789317786	12108226560
1789317791	12108226560
1789317796	12108226560
1789317801	12108226560
1789317806	12108226560
1789317811	12108226560
1789317816	12108226560
1789317821	12108226560
1789317826	12108226560
1789317831	12108226560
1789317836	12108226560
1789317841	12108226560
1789317846	12108226560
1789317851	12108226560
1789317856	12108226560
1789317861	12108226560
1789317866	12108226560
1789317871	12108226560
1789317876	12108226560
1789317881	12108226560
1789317886	12108226560
1789317891	12108226560
1789317896	12108226560
1789317901	12108226560
1789317906	12108226560
1789317911	12108226560
1789317916	12108226560
1789317921	12108226560
1789317926	12108226560
1789317931	12108226560
1789317936	12108226560
1789317941	12108226560
1789317946	12108230656
1789317951	12108230656
1789317956	12108230656
1789317961	12108230656
1789317966	12108230656
1789317971	12108230656
1789317976	12108230656
1789317981	12108230656
1789317986	12108230656
1789317991	12108230656
1789317996	12108230656
1789318001	12108230656
1789318006	12108230656
1789318011	12108230656
1789318016	12108230656
1789318021	12108230656
1789318026	12108230656
1789318031	12108230656
1789318036	12108230656
1789318041	12108230656
1789318046	12108230656
1789318051	12108230656
1789318056	12108230656
1789318061	12108230656
1789318066	12108230656
1789318071	12108230656
1789318076	12108230656
1789318081	12108230656
1789318086	12108230656
1789318091	12108230656
1789318096	12108230656
1789318101	12108230656
1789318106	12108230656
1789318111	12108230656
1789318116	12108230656
1789318121	12108230656
1789318126	12108230656
1789318131	12108230656
1789318136	12108230656
1789318141	12108230656
1789318146	12108234752
1789318151	12108234752
1789318156	12108234752
1789318161	12108234752
1789318166	12108234752
1789318172	12108234752
1789318177	12108234752
1789318182	12108234752
1789318187	12108234752
1789318192	12108234752
1789318197	12108234752
1789318202	12108234752
1789318207	12108234752
1789318212	12108234752
1789318217	12108234752
1789318222	12108234752
1789318227	12108234752
1789318232	12108234752
1789318237	12108234752
1789318242	12108234752
1789318247	12108234752
1789318252	12108234752
1789318257	12108234752
1789318262	12108234752
1789318267	12108234752
1789318272	12108234752
1789318277	12108234752
1789318282	12108234752
1789318287	12108234752
1789318292	12108234752
1789318297	12108234752
1789318302	12108234752
1789318307	12108234752
1789318312	12108234752
1789318317	12108234752
1789318322	12108234752
1789318327	12108234752
1789318332	12108234752
1789318337	12108234752
1789318342	12108238848
1789318347	12108238848
1789318352	12108238848
1789318357	12108238848
1789318362	12108238848
1789318367	12108238848
1789318372	12108238848
1789318377	12108238848
1789318382	12108238848
1789318387	12108238848
1789318392	12108238848
1789318397	12108238848
1789318402	12108238848
1789318407	12108238848
1789318412	12108238848
1789318417	12108238848
1789318422	12108238848
1789318427	12108238848
1789318432	12108238848
1789318437	12108238848
1789318442	12108238848
1789318447	12108238848
1789318452	12108238848
1789318457	12108238848
1789318462	12108238848
1789318467	12108238848
1789318472	12108238848
1789318477	12108238848
1789318482	12108238848
1789318487	12108238848
1789318492	12108238848
1789318497	12108238848
1789318502	12108238848
1789318507	12108238848
1789318512	12108238848
1789318517	12108238848
1789318522	12108238848
1789318527	12108238848
1789318532	12108238848
1789318537	12108238848
1789318542	12108238848
1789318547	12108242944
1789318552	12108242944
1789318557	12108242944
1789318562	12108242944
1789318567	12108242944
1789318572	12108242944
1789318577	12108242944
1789318582	12108242944
1789318587	12108242944
1789318592	12108242944
1789318597	12108242944
1789318602	12108242944
1789318607	12108242944
1789318612	12108242944
1789318617	12108242944
1789318622	12108242944
1789318627	12108242944
1789318632	12108242944
1789318637	12108242944
1789318642	12108242944
1789318647	12108242944
1789318652	12108242944
1789318657	12108242944
1789318662	12108242944
1789318667	12108242944
1789318672	12108242944
1789318677	12108242944
1789318682	12108242944
1789318687	12108242944
1789318692	12108242944
1789318697	12108242944
1789318702	12108242944
1789318707	12108242944
1789318712	12108242944
1789318717	12108242944
1789318722	12108242944
1789318727	12108242944
1789318732	12108242944
1789318737	12108242944
1789318742	12108242944
1789318747	12108247040
1789318752	12108247040
1789318757	12108247040
1789318762	12108247040
1789318767	12108247040
1789318772	12108247040
1789318777	12108247040
1789318782	12108247040
1789318787	12108247040
1789318792	12108247040
1789318797	12108247040
1789318802	12108247040
1789318807	12108247040
1789318812	12108247040
1789318817	12108247040
1789318822	12108247040
1789318827	12108247040
1789318832	12108247040
1789318837	12108247040
1789318842	12108247040
1789318847	12108247040
1789318852	12108247040
1789318857	12108247040
1789318862	12108247040
1789318867	12108247040
1789318872	12108247040
1789318877	12108247040
1789318882	12108247040
1789318887	12108247040
1789318893	12108247040
1789318898	12108247040
1789318903	12108247040
1789318908	12108247040
1789318913	12108247040
1789318918	12108247040
1789318923	12108247040
1789318928	12108247040
1789318933	12108247040
1789318938	12108247040
1789318943	12108251136
1789318948	12108251136
1789318953	12108251136
1789318958	12108251136
1789318963	12108251136
1789318968	12108251136
1789318973	12108251136
1789318978	12108251136
1789318983	12108251136
1789318988	12108251136
1789318993	12108251136
1789318998	12108251136
1789319003	12108251136
1789319008	12108251136
1789319013	12108251136
1789319018	12108251136
1789319023	12108251136
1789319028	12108251136
1789319033	12108251136
1789319038	12108251136
1789319043	12108251136
1789319048	12108251136
1789319053	12108251136
1789319058	12108251136
1789319063	12108251136
1789319068	12108251136
1789319073	12108251136
1789319078	12108251136
1789319083	12108251136
1789319088	12108251136
1789319093	12108251136
1789319098	12108251136
1789319103	12108251136
1789319108	12108251136
1789319113	12108251136
1789319118	12108251136
1789319123	12108251136
1789319128	12108251136
1789319133	12108251136
1789319138	12108251136
1789319143	12108255232
1789319148	12108255232
1789319153	12108255232
1789319158	12108255232
1789319163	12108255232
1789319168	12108255232
1789319173	12108255232
1789319178	12108255232
1789319183	12108255232
1789319188	12108255232
1789319193	12108255232
1789319198	12108255232
1789319203	12108255232
1789319208	12108255232
1789319213	12108255232
1789319218	12108255232
1789319223	12108255232
1789319228	12108255232
1789319233	12108255232
1789319238	12108255232
1789319243	12108255232
1789319248	12108255232
1789319253	12108255232
1789319258	12108255232
1789319263	12108255232
1789319268	12108255232
1789319273	12108255232
1789319278	12108255232
1789319283	13374894080
1789319288	13374898176
1789319293	13374898176
1789319298	13374898176
1789319303	13374898176
1789319308	13374898176
1789319313	13374898176
1789319318	13374898176
1789319323	13374898176
1789319328	13374898176
1789319333	13374898176
1789319338	13374898176
1789319343	13374898176
1789319348	13374898176
1789319353	13374898176
1789319358	13374898176
1789319363	13374898176
1789319368	13374898176
1789319373	13374898176
1789319378	13374898176
1789319383	13374898176
1789319388	13374898176
1789319393	13374898176
1789319398	13374898176
1789319403	13374898176
1789319408	13374898176
1789319413	13374898176
1789319418	13374898176
1789319423	13374898176
1789319428	13374898176
1789319433	13374898176
1789319438	13374898176
1789319443	13374898176
1789319448	13374898176
1789319453	13374898176
1789319458	13374898176
1789319463	13374898176
1789319468	13374898176
1789319473	13374898176
1789319478	13374898176
1789319483	13374898176
1789319488	13374898176
1789319493	13374898176
1789319498	13374898176
1789319503	13374898176
1789319508	13374898176
1789319513	13374898176
1789319518	13374898176
1789319523	13374898176
1789319528	13374898176
1789319533	13374898176
1789319538	13374898176
1789319543	13374898176
1789319548	13374898176
1789319553	13374898176
1789319558	13374898176
1789319563	13374898176
1789319568	13374898176
1789319573	13374898176
1789319578	13374898176
1789319583	13374898176
1789319588	13374898176
1789319593	13374898176
1789319598	13374898176
1789319603	13374898176
1789319608	13374898176
1789319613	13374898176
1789319618	13374898176
1789319623	13374898176
1789319628	13374898176
1789319634	13374898176
1789319639	13374898176
1789319644	13374898176
1789319649	13374898176
1789319654	13374898176
1789319659	13374898176
1789319664	13374898176
1789319669	13374898176
1789319674	13374898176
1789319679	13374898176
1789319684	13374898176
1789319689	13374898176
1789319694	13374898176
1789319699	13374898176
1789319704	13374898176
1789319709	13374898176
1789319714	13374898176
