1789520688	4096
1789520693	937984
1789520698	10698752
1789520703	10698752
1789520708	103403520
1789520713	103403520
1789520718	103403520
1789520723	103403520
1789520728	103403520
1789520733	103403520
1789520738	112545792
1789520743	113733632
1789520748	113754112
1789520753	113754112
1789520758	113754112
1789520763	113754112
1789520768	113754112
1789520773	113762304
1789520778	113762304
1789520783	113762304
1789520788	113762304
1789520793	113762304
1789520798	113774592
1789520803	113774592
1789520808	113778688
1789520813	113778688
1789520818	113778688
1789520823	113782784
1789520828	113782784
1789520833	113782784
1789520838	113782784
1789520843	113782784
1789520848	113782784
1789520853	113782784
1789520858	113782784
1789520863	113782784
1789520868	113786880
1789520873	113795072
1789520878	113795072
1789520883	113795072
1789520888	113807360
1789520893	113807360
1789520898	113807360
1789520903	113807360
1789520908	113807360
1789520913	113815552
1789520918	113815552
1789520923	113819648
1789520928	113819648
1789520933	113819648
1789520938	113819648
1789520943	113819648
1789520948	113819648
1789520953	113819648
1789520958	113819648
1789520963	113823744
1789520968	113831936
1789520973	113831936
1789520978	113836032
1789520983	113836032
1789520988	113840128
1789520993	113840128
1789520998	113848320
1789521003	113852416
1789521009	113852416
1789521014	113852416
1789521019	113852416
1789521024	113852416
1789521029	113856512
1789521034	113856512
1789521039	113856512
1789521044	113856512
1789521049	113856512
1789521054	113856512
1789521059	113856512
1789521064	113856512
1789521069	113856512
1789521074	113856512
1789521079	113856512
1789521084	113856512
1789521089	113856512
1789521094	113856512
1789521099	113856512
1789521104	113856512
1789521109	113856512
1789521114	113856512
1789521119	113856512
1789521124	113856512
1789521129	113856512
1789521134	113856512
1789521139	113856512
1789521144	113856512
1789521149	113856512
1789521154	113876992
1789521159	113893376
1789521164	113901568
1789521169	113901568
1789521174	113901568
1789521179	113901568
1789521184	113901568
1789521189	113901568
1789521194	113901568
1789521199	113901568
1789521204	113901568
1789521209	113901568
1789521214	113987584
1789521219	114167808
1789521224	114204672
1789521229	114495488
1789521234	114503680
1789521239	114503680
1789521244	114503680
1789521249	114503680
1789521254	114503680
1789521259	114515968
1789521264	114515968
1789521269	114515968
1789521274	114515968
1789521279	114528256
1789521284	114528256
1789521289	114536448
1789521294	114536448
1789521299	114540544
1789521304	114540544
1789521309	114540544
1789521314	114540544
1789521319	114540544
1789521324	114540544
1789521329	114540544
1789521334	114540544
1789521339	114540544
1789521344	114540544
1789521349	114544640
1789521354	114552832
1789521359	114552832
1789521364	114561024
1789521369	114561024
1789521374	114561024
1789521379	114561024
1789521384	114561024
1789521389	114573312
1789521394	114573312
1789521399	114573312
1789521404	114577408
1789521409	114577408
1789521414	114577408
1789521419	114577408
1789521424	114577408
1789521429	114577408
1789521434	114577408
1789521439	114585600
1789521444	114589696
1789521449	114593792
1789521454	114597888
1789521459	114606080
1789521464	114610176
1789521469	114610176
1789521474	114610176
1789521479	114610176
1789521484	114614272
1789521489	114614272
1789521494	114614272
1789521499	114614272
1789521504	114614272
1789521509	114614272
1789521514	114614272
1789521519	114614272
1789521524	114614272
1789521529	114614272
1789521534	114647040
1789521539	114647040
1789521544	114647040
1789521549	114655232
1789521554	114655232
1789521559	114655232
1789521564	114655232
1789521569	114655232
1789521574	114655232
1789521579	114655232
1789521584	114655232
1789521589	114745344
1789521594	114876416
1789521599	114876416
1789521604	114876416
1789521609	114876416
1789521614	114876416
1789521619	114876416
1789521624	114876416
1789521629	114876416
1789521634	114876416
1789521639	114876416
1789521644	114876416
1789521649	114876416
1789521654	114876416
1789521659	114876416
1789521664	114876416
1789521669	114876416
1789521674	114876416
1789521679	114876416
1789521685	114876416
1789521690	114876416
1789521695	114876416
1789521700	114876416
1789521705	114876416
1789521710	114876416
1789521715	114876416
1789521720	114876416
1789521725	114876416
1789521730	114876416
1789521735	114876416
1789521740	114876416
1789521745	114876416
1789521750	114876416
1789521755	114876416
1789521760	114876416
1789521765	114876416
1789521770	114876416
1789521775	114876416
1789521780	114876416
1789521785	114876416
1789521790	114876416
1789521795	114876416
1789521800	114876416
1789521805	114876416
1789521810	114876416
1789521815	114876416
1789521820	114876416
1789521825	114876416
1789521830	114880512
1789521835	114880512
1789521840	114880512
1789521845	114880512
1789521850	114880512
1789521855	114880512
1789521860	114880512
1789521865	114880512
1789521870	114884608
1789521875	114884608
1789521880	114884608
1789521885	114884608
1789521890	114884608
1789521895	114884608
1789521900	114884608
1789521905	114884608
1789521910	114884608
1789521915	114884608
1789521920	114884608
1789521925	114884608
1789521930	114884608
1789521935	114884608
1789521940	114884608
1789521945	114884608
1789521950	114884608
1789521955	114884608
1789521960	114892800
1789521965	114892800
1789521970	114892800
1789521975	114892800
1789521980	114892800
1789521985	114892800
1789521990	114892800
1789521995	114892800
1789522000	114892800
1789522005	114892800
1789522010	114892800
1789522015	114892800
1789522020	114892800
1789522025	114892800
1789522030	114892800
1789522035	114892800
1789522040	114892800
1789522045	114892800
1789522050	114892800
1789522055	114892800
1789522060	114892800
1789522065	114892800
1789522070	114892800
1789522075	114892800
1789522080	114892800
1789522085	114892800
1789522090	114892800
1789522095	114892800
1789522100	114892800
1789522105	114892800
1789522110	114892800
1789522115	114892800
1789522120	114892800
1789522125	114892800
1789522130	114892800
1789522135	114892800
1789522140	114892800
1789522145	114892800
1789522150	114892800
1789522155	114892800
1789522160	114892800
1789522165	114892800
1789522170	114892800
1789522175	114892800
1789522180	114892800
1789522185	114892800
1789522190	114892800
1789522195	114892800
1789522200	114892800
1789522205	114892800
1789522210	114896896
1789522215	114896896
1789522220	114896896
1789522225	114896896
1789522230	114896896
1789522235	114896896
1789522240	114896896
1789522245	114896896
1789522250	114896896
1789522255	114900992
1789522260	114900992
1789522265	114900992
1789522270	114900992
1789522275	114900992
1789522280	114900992
1789522285	114900992
1789522290	114900992
1789522295	114900992
1789522300	114900992
1789522305	114900992
1789522310	114900992
1789522315	114900992
1789522320	114900992
1789522325	114900992
1789522330	114900992
1789522335	114900992
1789522340	114900992
1789522345	114900992
1789522350	114900992
1789522355	114900992
1789522360	114900992
1789522365	114900992
1789522370	114900992
1789522376	114900992
1789522381	114900992
1789522386	114900992
1789522391	114905088
1789522396	114905088
1789522401	114909184
1789522406	114909184
1789522411	114909184
1789522416	114909184
1789522421	114909184
1789522426	114909184
1789522431	114909184
1789522436	114909184
1789522441	114909184
1789522446	114909184
1789522451	114909184
1789522456	114909184
1789522461	114909184
1789522466	114909184
1789522471	114909184
1789522476	114909184
1789522481	114909184
1789522486	114909184
1789522491	114909184
1789522496	114909184
1789522501	114909184
1789522506	114909184
1789522511	114909184
1789522516	114909184
1789522521	114909184
1789522526	114909184
1789522531	114909184
1789522536	114909184
1789522541	114909184
1789522546	114909184
1789522551	114909184
1789522556	114909184
1789522561	114909184
1789522566	114909184
1789522571	114909184
1789522576	114909184
1789522581	114909184
1789522586	114909184
1789522591	114909184
1789522596	114909184
1789522601	114909184
1789522606	114909184
1789522611	114917376
1789522616	114917376
1789522621	114917376
1789522626	114917376
1789522631	114917376
1789522636	114917376
1789522641	114917376
1789522646	114917376
1789522651	114921472
1789522656	114921472
1789522661	114921472
1789522666	114921472
1789522671	114921472
1789522676	114921472
1789522681	114921472
1789522686	114921472
1789522691	114921472
1789522696	114921472
1789522701	114921472
1789522706	114921472
1789522711	114921472
1789522716	114921472
1789522721	114921472
1789522726	114921472
1789522731	114921472
1789522736	114921472
1789522741	114929664
1789522746	114929664
1789522751	114929664
1789522756	114929664
1789522761	114929664
1789522766	114929664
1789522771	114929664
1789522776	114929664
1789522781	114929664
1789522786	114933760
1789522791	114933760
1789522796	114933760
1789522801	114933760
1789522806	114933760
1789522811	114933760
1789522816	114933760
1789522821	114933760
1789522826	114933760
1789522831	114933760
1789522836	114933760
1789522841	114933760
1789522846	114933760
1789522851	114933760
1789522856	114933760
1789522861	114933760
1789522866	114933760
1789522871	114933760
1789522876	114933760
1789522881	114933760
1789522886	114933760
1789522891	114933760
1789522896	114933760
1789522901	114933760
1789522906	114933760
1789522911	114933760
1789522916	114937856
1789522921	114937856
1789522926	114937856
1789522931	114937856
1789522936	114937856
1789522941	114937856
1789522946	114937856
1789522951	114937856
1789522956	114937856
1789522961	114937856
1789522966	114937856
1789522971	114937856
1789522976	114937856
1789522981	114937856
1789522986	114937856
1789522991	114937856
1789522996	114941952
1789523001	114941952
1789523006	114941952
1789523011	114941952
1789523016	114941952
1789523021	114941952
1789523026	114941952
1789523031	114941952
1789523036	114941952
1789523041	114941952
1789523046	114941952
1789523051	114941952
1789523056	114941952
1789523062	114941952
1789523067	114941952
1789523072	114941952
1789523077	114941952
1789523082	114946048
1789523087	114946048
1789523092	114946048
1789523097	114946048
1789523102	114946048
1789523107	114946048
1789523112	114946048
1789523117	114946048
1789523122	114946048
1789523127	114946048
1789523132	114946048
1789523137	114946048
1789523142	114946048
1789523147	114946048
1789523152	114946048
1789523157	114946048
1789523162	114946048
1789523167	114950144
1789523172	114950144
1789523177	114950144
1789523182	114950144
1789523187	114950144
1789523192	114950144
1789523197	114950144
1789523202	114950144
1789523207	114950144
1789523212	114950144
1789523217	114950144
1789523222	114950144
1789523227	114950144
1789523232	114950144
1789523237	114950144
1789523242	114950144
1789523247	114950144
1789523252	114950144
1789523257	114950144
1789523262	114954240
1789523267	114954240
1789523272	114954240
1789523277	114954240
1789523282	114954240
1789523287	114954240
1789523292	114954240
1789523297	114954240
1789523302	114954240
1789523307	114954240
1789523312	114954240
1789523317	114954240
1789523322	114954240
1789523327	114954240
1789523332	114954240
1789523337	114954240
1789523342	114954240
1789523347	114954240
1789523352	114954240
1789523357	114954240
1789523362	114954240
1789523367	114954240
1789523372	114954240
1789523377	114954240
1789523382	114954240
1789523387	114954240
1789523392	114954240
1789523397	114954240
1789523402	114954240
1789523407	114954240
1789523412	114954240
1789523417	114954240
1789523422	114954240
1789523427	114954240
1789523432	114954240
1789523437	114954240
1789523442	114954240
1789523447	114954240
1789523452	114954240
1789523457	114954240
1789523462	114954240
1789523467	114954240
1789523472	114954240
1789523477	114954240
1789523482	114954240
1789523487	114954240
1789523492	114954240
1789523497	114954240
1789523502	114954240
1789523507	114954240
1789523512	114954240
1789523517	114954240
1789523522	114954240
1789523527	114954240
1789523532	114954240
1789523537	114954240
1789523542	114954240
1789523547	114954240
1789523552	114954240
1789523557	114954240
1789523562	114954240
1789523567	114954240
1789523572	114954240
1789523577	114954240
1789523582	114954240
1789523587	114954240
1789523592	114954240
1789523597	114954240
1789523602	114954240
1789523607	114954240
1789523612	114954240
1789523617	114954240
1789523622	114954240
1789523627	114954240
1789523632	114954240
1789523637	114954240
1789523642	114954240
1789523647	114954240
1789523652	114954240
1789523657	114954240
1789523662	114954240
1789523667	114954240
1789523672	114954240
1789523677	114954240
1789523682	114954240
1789523687	114954240
1789523692	114954240
1789523697	114954240
1789523702	114954240
1789523707	114954240
1789523712	114954240
1789523717	114954240
1789523722	114954240
1789523727	114954240
1789523732	114954240
1789523737	114954240
1789523742	114954240
1789523747	114954240
1789523752	114954240
1789523757	114954240
1789523762	114954240
1789523767	114954240
1789523773	114954240
1789523778	114954240
1789523783	114954240
1789523788	114954240
1789523793	114954240
1789523798	114954240
1789523803	114954240
1789523808	114954240
1789523813	114954240
1789523818	114954240
1789523823	114954240
1789523828	114954240
1789523833	114954240
1789523838	114954240
1789523843	114954240
1789523848	114954240
1789523853	114954240
1789523858	114954240
1789523863	114954240
1789523868	114954240
1789523873	114954240
1789523878	114954240
1789523883	114954240
1789523888	114954240
1789523893	114954240
1789523898	114954240
1789523903	114954240
1789523908	114954240
1789523913	114954240
1789523918	114954240
1789523923	114954240
1789523928	114954240
1789523933	114954240
1789523938	114954240
1789523943	114954240
1789523948	114954240
1789523953	114954240
1789523958	114954240
1789523963	114954240
1789523968	114954240
1789523973	114954240
1789523978	114954240
1789523983	114954240
1789523988	114954240
1789523993	114954240
1789523998	114954240
1789524003	114954240
1789524008	114954240
1789524013	114954240
1789524018	114954240
1789524023	114954240
1789524028	114954240
1789524033	114954240
1789524038	114954240
1789524043	114954240
1789524048	114954240
1789524053	114954240
1789524058	114954240
1789524063	114954240
1789524068	114954240
1789524073	114954240
1789524078	114954240
1789524083	114954240
1789524088	114954240
1789524093	114954240
1789524098	114954240
1789524103	114954240
1789524108	114954240
1789524113	114954240
1789524118	114954240
1789524123	114954240
1789524128	114954240
1789524133	114954240
1789524138	114954240
1789524143	114954240
1789524148	114954240
1789524153	114954240
1789524158	114954240
1789524163	114954240
1789524168	114954240
1789524173	114954240
1789524178	114954240
1789524183	114954240
1789524188	114954240
1789524193	114954240
1789524198	114954240
1789524203	114954240
1789524208	114954240
1789524213	114954240
1789524218	114954240
1789524223	114954240
1789524228	114954240
1789524233	114954240
1789524238	114954240
1789524243	114954240
1789524248	114954240
1789524253	114954240
1789524258	114954240
1789524263	114954240
1789524268	114954240
1789524273	114954240
1789524278	114954240
1789524283	114954240
1789524288	114954240
1789524293	114954240
1789524298	114954240
1789524303	114954240
1789524308	114954240
1789524313	114954240
1789524318	114954240
1789524323	114954240
1789524328	114954240
1789524333	114954240
1789524338	114954240
1789524343	114954240
1789524348	114954240
1789524353	114954240
1789524358	114954240
1789524363	114954240
1789524368	114954240
1789524373	114954240
1789524378	114954240
1789524383	114954240
1789524388	114954240
1789524393	114954240
1789524398	114954240
1789524403	114954240
1789524408	114954240
1789524413	114954240
1789524418	114954240
1789524423	114954240
1789524428	114954240
1789524433	114954240
1789524438	114954240
1789524443	114954240
1789524448	114954240
1789524453	114954240
1789524458	114954240
1789524463	114954240
1789524468	114954240
1789524473	114954240
1789524478	114954240
1789524483	114954240
1789524488	114954240
1789524494	114954240
1789524499	114954240
1789524504	114954240
1789524509	114954240
1789524514	114954240
1789524519	114954240
1789524524	114954240
1789524529	114954240
1789524534	114954240
1789524539	114954240
1789524544	114954240
1789524549	114954240
1789524554	114954240
1789524559	114954240
1789524564	114954240
1789524569	114954240
1789524574	114954240
1789524579	114954240
1789524584	114954240
1789524589	114954240
1789524594	114954240
1789524599	114954240
1789524604	114954240
1789524609	114954240
1789524614	114954240
1789524619	114954240
1789524624	114954240
1789524629	114954240
1789524634	114954240
1789524639	114954240
1789524644	114954240
1789524649	114954240
1789524654	114954240
1789524659	114954240
1789524664	114954240
1789524669	114954240
1789524674	114954240
1789524679	114954240
1789524684	114954240
1789524689	114954240
1789524694	114954240
1789524699	114954240
1789524704	114954240
1789524709	114954240
1789524714	114954240
1789524719	114954240
1789524724	114954240
1789524729	114954240
1789524734	114954240
1789524739	114954240
1789524744	114954240
1789524749	114954240
1789524754	114954240
1789524759	114954240
1789524764	114954240
1789524769	114954240
1789524774	114954240
1789524779	114954240
1789524784	114954240
1789524789	114954240
1789524794	114954240
1789524799	114954240
1789524804	114954240
1789524809	114954240
1789524814	114954240
1789524819	114954240
1789524824	114954240
1789524829	114954240
1789524834	114954240
1789524839	114954240
1789524844	114954240
1789524849	114954240
1789524854	114954240
1789524859	114954240
1789524864	114954240
1789524869	114954240
1789524874	114954240
1789524879	114954240
1789524884	114954240
1789524889	114954240
1789524894	114954240
1789524899	114954240
1789524904	114954240
1789524909	114954240
1789524914	114954240
1789524919	114954240
1789524924	114954240
1789524929	114954240
1789524934	114954240
1789524939	114954240
1789524944	114954240
1789524949	114954240
1789524954	114954240
1789524959	114954240
1789524964	114954240
1789524969	114954240
1789524974	114954240
1789524979	114954240
1789524984	114954240
1789524989	114954240
1789524994	114954240
1789524999	114954240
1789525004	114954240
1789525009	114954240
1789525014	114954240
1789525019	114954240
1789525024	114954240
1789525029	114954240
1789525034	114954240
1789525039	114954240
1789525044	114954240
1789525049	114954240
1789525054	114954240
1789525059	114954240
1789525064	114954240
1789525069	114954240
1789525074	114954240
1789525079	114954240
1789525084	114954240
1789525089	114954240
1789525094	114954240
1789525099	114954240
1789525104	114954240
1789525109	114954240
1789525114	114954240
1789525119	114954240
1789525124	114954240
1789525129	114954240
1789525134	114954240
1789525139	114954240
1789525144	114954240
1789525149	114954240
1789525154	114954240
1789525159	114954240
1789525164	114954240
1789525169	114954240
1789525174	114954240
1789525179	114954240
1789525184	114954240
1789525189	114954240
1789525194	114954240
1789525199	114954240
1789525204	114954240
1789525209	114954240
1789525214	114954240
1789525220	114954240
1789525225	114954240
1789525230	114954240
1789525235	114954240
1789525240	114954240
1789525245	114954240
1789525250	114954240
1789525255	114954240
1789525260	114954240
1789525265	114954240
1789525270	114954240
1789525275	114954240
1789525280	114954240
1789525285	114954240
1789525290	114954240
1789525295	114954240
1789525300	114954240
1789525305	114954240
1789525310	114954240
1789525315	114954240
1789525320	114954240
1789525325	114954240
1789525330	114954240
1789525335	114954240
1789525340	114954240
1789525345	114954240
1789525350	114954240
1789525355	114954240
1789525360	114954240
1789525365	114954240
1789525370	114954240
1789525375	114954240
1789525380	114954240
1789525385	114954240
1789525390	114954240
1789525395	114954240
1789525400	114954240
1789525405	114954240
1789525410	114954240
1789525415	114954240
1789525420	114954240
1789525425	114954240
1789525430	114954240
1789525435	114954240
1789525440	114954240
1789525445	114954240
1789525450	114954240
1789525455	114954240
1789525460	114954240
1789525465	114954240
1789525470	114954240
1789525475	114954240
1789525480	114954240
1789525485	114954240
1789525490	114954240
1789525495	114954240
1789525500	114954240
1789525505	114954240
1789525510	114954240
1789525515	114954240
1789525520	114954240
1789525525	114954240
1789525530	114954240
1789525535	114954240
1789525540	114954240
1789525545	114954240
1789525550	114954240
1789525555	114954240
1789525560	114954240
1789525565	114954240
1789525570	114954240
1789525575	114954240
1789525580	114954240
1789525585	114954240
1789525590	114954240
1789525595	114954240
1789525600	114954240
1789525605	114954240
1789525610	114954240
1789525615	114954240
1789525620	114954240
1789525625	114954240
1789525630	114954240
1789525635	114954240
1789525640	114954240
1789525645	114954240
1789525650	114954240
1789525655	114954240
1789525660	114954240
1789525665	114954240
1789525670	114954240
1789525675	114954240
1789525680	114954240
1789525685	114954240
1789525690	114954240
1789525695	114954240
1789525700	114954240
1789525705	114954240
1789525710	114954240
1789525715	114954240
1789525720	114954240
1789525725	114954240
1789525730	114954240
1789525735	114954240
1789525740	114954240
1789525745	114954240
1789525750	114954240
1789525755	114954240
1789525760	114954240
1789525765	114954240
1789525770	114954240
1789525775	114954240
1789525780	114954240
1789525785	114954240
1789525790	114954240
1789525795	114954240
1789525800	114954240
1789525805	114954240
1789525810	114954240
1789525815	114954240
1789525820	114954240
1789525825	114954240
1789525830	114954240
1789525835	114954240
1789525840	114954240
1789525845	114954240
1789525850	114954240
1789525855	114954240
1789525860	114954240
1789525865	114954240
1789525870	114954240
1789525875	114954240
1789525880	114954240
1789525885	114954240
1789525890	114954240
1789525895	114954240
1789525900	114954240
1789525905	114954240
1789525910	114954240
1789525915	114954240
1789525920	114954240
1789525925	114954240
1789525930	114954240
1789525936	114954240
1789525941	114954240
1789525946	114954240
1789525951	114954240
1789525956	114954240
1789525961	114954240
1789525966	114954240
1789525971	114954240
1789525976	114954240
1789525981	114954240
1789525986	114954240
1789525991	114954240
1789525996	114954240
1789526001	114954240
1789526006	114954240
1789526011	114954240
1789526016	114954240
1789526021	114954240
1789526026	114954240
1789526031	114954240
1789526036	114954240
1789526041	114954240
1789526046	114954240
1789526051	114954240
1789526056	114954240
1789526061	114954240
1789526066	114954240
1789526071	114954240
1789526076	114954240
1789526081	114954240
1789526086	114954240
1789526091	114954240
1789526096	114954240
1789526101	114954240
1789526106	114954240
1789526111	114954240
1789526116	114954240
1789526121	114954240
1789526126	114954240
1789526131	114954240
1789526136	114954240
1789526141	114954240
1789526146	114954240
1789526151	114954240
1789526156	114954240
1789526161	114954240
1789526166	114954240
1789526171	114954240
1789526176	114954240
1789526181	114954240
1789526186	114954240
1789526191	114954240
1789526196	114954240
1789526201	114954240
1789526206	114954240
1789526211	114954240
1789526216	114954240
1789526221	114954240
1789526226	114954240
1789526231	114954240
1789526236	114954240
1789526241	114954240
1789526246	114954240
1789526251	114954240
1789526256	114954240
1789526261	114954240
1789526266	114954240
1789526271	114954240
1789526276	114954240
1789526281	114954240
1789526286	114954240
1789526291	114954240
1789526296	114954240
1789526301	114954240
1789526306	114954240
1789526311	114954240
1789526316	114954240
1789526321	114954240
1789526326	114954240
1789526331	114954240
1789526336	114954240
1789526341	114954240
1789526346	114954240
1789526351	114954240
1789526356	114954240
1789526361	114954240
1789526366	114954240
1789526371	114954240
1789526376	114954240
1789526381	114954240
1789526386	114954240
1789526391	114954240
1789526396	114954240
1789526401	114954240
1789526406	114954240
1789526411	114954240
1789526416	114954240
1789526421	114954240
1789526426	114954240
1789526431	114954240
1789526436	114954240
1789526441	114954240
1789526446	114954240
1789526451	114954240
1789526456	114954240
1789526461	114954240
1789526466	114954240
1789526471	114954240
1789526476	114954240
1789526481	114954240
1789526486	114954240
1789526491	114954240
1789526496	114954240
1789526501	114954240
1789526506	114954240
1789526511	114954240
1789526516	114954240
1789526521	114954240
1789526526	114954240
1789526531	114954240
1789526536	114954240
1789526541	114954240
1789526546	114954240
1789526551	114954240
1789526556	114954240
1789526561	114954240
1789526566	114954240
1789526571	114954240
1789526576	114954240
1789526581	114954240
1789526586	114954240
1789526591	114954240
1789526596	114954240
1789526601	114954240
1789526606	114954240
1789526611	114954240
1789526616	114954240
1789526621	114954240
1789526626	114954240
1789526631	114954240
1789526636	114954240
1789526641	114954240
1789526646	114954240
1789526652	114954240
1789526657	114954240
1789526662	114954240
1789526667	114954240
1789526672	114954240
1789526677	114954240
1789526682	114954240
1789526687	114954240
1789526692	114954240
1789526697	114954240
1789526702	114954240
1789526707	114954240
1789526712	114954240
1789526717	114954240
1789526722	114954240
1789526727	114954240
1789526732	114954240
1789526737	114954240
1789526742	114954240
1789526747	114954240
1789526752	114954240
1789526757	114954240
1789526762	114954240
1789526767	114954240
1789526772	114954240
1789526777	114954240
1789526782	114954240
1789526787	114954240
1789526792	114954240
1789526797	114954240
1789526802	114954240
1789526807	114954240
1789526812	114954240
1789526817	114954240
1789526822	114954240
1789526827	114954240
1789526832	114954240
1789526837	114954240
1789526842	114954240
1789526847	114954240
1789526852	114954240
1789526857	114954240
1789526862	114954240
1789526867	114954240
1789526872	114954240
1789526877	114954240
1789526882	114954240
1789526887	114954240
1789526892	114954240
1789526897	114954240
1789526902	114954240
1789526907	114954240
1789526912	114954240
1789526917	114954240
1789526922	114954240
1789526927	114954240
1789526932	114954240
1789526937	114954240
1789526942	114954240
1789526947	114954240
1789526952	114954240
1789526957	114954240
1789526962	114954240
1789526967	114954240
1789526972	114954240
1789526977	114954240
1789526982	114954240
1789526987	114954240
1789526992	114954240
1789526997	114954240
1789527002	114954240
1789527007	114954240
1789527012	114954240
1789527017	114954240
1789527022	114954240
1789527027	114954240
1789527032	114954240
1789527037	114954240
1789527042	114954240
1789527047	114954240
1789527052	114954240
1789527057	114954240
1789527062	114954240
1789527067	114954240
1789527072	114954240
1789527077	114954240
1789527082	114954240
1789527087	114954240
1789527092	114954240
1789527097	114954240
1789527102	114954240
1789527107	114954240
1789527112	114954240
1789527117	114954240
1789527122	114954240
1789527127	114954240
1789527132	114954240
1789527137	114954240
1789527142	114954240
1789527147	114954240
1789527152	114954240
1789527157	114954240
1789527162	114954240
1789527167	114954240
1789527172	114954240
1789527177	114954240
1789527182	114954240
1789527187	114954240
1789527192	114954240
1789527197	114954240
1789527202	114954240
1789527207	114954240
1789527212	114954240
1789527217	114954240
1789527222	114954240
1789527227	114954240
1789527232	114954240
1789527237	114954240
1789527242	114954240
1789527247	114954240
1789527252	114954240
1789527257	114954240
1789527262	114954240
1789527267	114954240
1789527272	114954240
1789527277	114954240
1789527282	114954240
1789527287	114954240
1789527292	114954240
1789527297	114954240
1789527302	114954240
1789527307	114954240
1789527312	114954240
1789527317	114954240
1789527322	114954240
1789527327	114954240
1789527332	114954240
1789527337	114954240
1789527342	114954240
1789527347	114954240
1789527352	114954240
1789527357	114954240
1789527363	114954240
1789527368	114954240
1789527373	114954240
1789527378	114954240
1789527383	114954240
1789527388	114954240
1789527393	114954240
1789527398	114954240
1789527403	114954240
1789527408	114954240
1789527413	114954240
1789527418	114954240
1789527423	114954240
1789527428	114954240
1789527433	114954240
1789527438	114954240
1789527443	114954240
1789527448	114954240
1789527453	114954240
1789527458	114954240
1789527463	114954240
1789527468	114954240
1789527473	114954240
1789527478	114954240
1789527483	114954240
1789527488	114954240
1789527493	114954240
1789527498	114954240
1789527503	114954240
1789527508	114954240
1789527513	114954240
1789527518	114954240
1789527523	114954240
1789527528	114954240
1789527533	114954240
1789527538	114954240
1789527543	114954240
1789527548	114954240
1789527553	114954240
1789527558	114954240
1789527563	114954240
1789527568	114954240
1789527573	114954240
1789527578	114954240
1789527583	114954240
1789527588	114954240
1789527593	114954240
1789527598	114954240
1789527603	114954240
1789527608	114954240
1789527613	114954240
1789527618	114954240
1789527623	114954240
1789527628	114954240
1789527633	114954240
1789527638	114954240
1789527643	114954240
1789527648	114954240
1789527653	114954240
1789527658	114954240
1789527663	114954240
1789527668	114954240
1789527673	114954240
1789527678	114954240
1789527683	114954240
1789527688	114954240
1789527693	114954240
1789527698	114954240
1789527703	114954240
1789527708	114954240
1789527713	114954240
1789527718	114954240
1789527723	114954240
1789527728	114954240
1789527733	114954240
1789527738	114954240
1789527743	114954240
1789527748	114954240
1789527753	114954240
1789527758	114954240
1789527763	114954240
1789527768	114954240
1789527773	114954240
1789527778	114954240
1789527783	114954240
1789527788	114954240
1789527793	114954240
1789527798	114954240
1789527803	114954240
1789527808	114954240
1789527813	114954240
1789527818	114954240
1789527823	114954240
1789527828	114954240
1789527833	114954240
1789527838	114954240
1789527843	114954240
1789527848	114954240
1789527853	114954240
1789527858	114954240
1789527863	114954240
1789527868	114954240
1789527873	114954240
1789527878	114954240
1789527883	114954240
1789527888	114954240
1789527893	114954240
1789527898	114954240
1789527903	114954240
1789527908	114954240
1789527913	114954240
1789527918	114954240
1789527923	114954240
1789527928	114954240
1789527933	114954240
1789527938	114954240
1789527943	114954240
1789527948	114954240
1789527953	114954240
1789527958	114954240
1789527963	114954240
1789527968	114954240
1789527973	114954240
1789527978	114954240
1789527983	114954240
1789527988	114954240
1789527993	114954240
1789527998	114954240
1789528003	114954240
1789528008	114954240
1789528013	114954240
1789528018	114954240
1789528023	114954240
1789528028	114954240
1789528033	114954240
1789528038	114954240
1789528043	114954240
1789528048	114954240
1789528053	114954240
1789528058	114954240
1789528063	114954240
1789528068	114954240
1789528074	114954240
1789528079	114954240
1789528084	114954240
1789528089	114954240
1789528094	114954240
1789528099	114954240
1789528104	114954240
1789528109	114954240
1789528114	114954240
1789528119	114954240
1789528124	114954240
1789528129	114954240
1789528134	114954240
1789528139	114954240
1789528144	114954240
1789528149	114954240
1789528154	114954240
1789528159	114954240
1789528164	114954240
1789528169	114954240
1789528174	114954240
1789528179	114954240
1789528184	114954240
1789528189	114954240
1789528194	114954240
1789528199	114954240
1789528204	114954240
1789528209	114954240
1789528214	114954240
1789528219	114954240
1789528224	114954240
1789528229	114954240
1789528234	114954240
1789528239	114954240
1789528244	114954240
1789528249	114954240
1789528254	114954240
1789528259	114954240
1789528264	114954240
1789528269	114954240
1789528274	114954240
1789528279	114954240
1789528284	114954240
1789528289	114954240
1789528294	114954240
1789528299	114954240
1789528304	114954240
1789528309	114954240
1789528314	114954240
1789528319	114954240
1789528324	114954240
1789528329	114954240
1789528334	114954240
1789528339	114954240
1789528344	114954240
1789528349	114954240
1789528354	114954240
1789528359	114954240
1789528364	114954240
1789528369	114954240
1789528374	114954240
1789528379	114954240
1789528384	114954240
1789528389	114954240
1789528394	114954240
1789528399	114954240
1789528404	114954240
1789528409	114954240
1789528414	114954240
1789528419	114954240
1789528424	114954240
1789528429	114954240
1789528434	114954240
1789528439	114954240
1789528444	114954240
1789528449	114954240
1789528454	114954240
1789528459	114954240
1789528464	114954240
1789528469	114954240
1789528474	114954240
1789528479	114954240
1789528484	114954240
1789528489	114954240
1789528494	114954240
1789528499	114954240
1789528504	114954240
1789528509	114954240
1789528514	114954240
1789528519	114954240
1789528524	114954240
1789528529	114954240
1789528534	114954240
1789528539	114954240
1789528544	114954240
1789528549	114954240
1789528554	114954240
1789528559	114954240
1789528564	114954240
1789528569	114954240
1789528574	114954240
1789528579	114954240
1789528584	114954240
1789528589	114954240
1789528594	114954240
1789528599	114954240
1789528604	114954240
1789528609	114954240
1789528614	114954240
1789528619	114954240
1789528624	114954240
1789528629	114954240
1789528634	114954240
1789528639	114954240
1789528644	114954240
1789528649	114954240
1789528654	114954240
1789528659	114954240
1789528664	114954240
1789528669	114954240
1789528674	114954240
1789528679	114954240
1789528684	114954240
1789528689	114954240
1789528694	114954240
1789528699	114954240
1789528704	114954240
1789528709	114954240
1789528714	114954240
1789528719	114954240
1789528724	114954240
1789528729	114954240
1789528734	114954240
1789528739	114954240
1789528744	114954240
1789528749	114954240
1789528754	114954240
1789528759	114954240
1789528764	114954240
1789528769	114954240
1789528774	114954240
1789528779	114954240
1789528785	114954240
1789528790	114954240
1789528795	114954240
1789528800	114954240
1789528805	114954240
1789528810	114954240
1789528815	114954240
1789528820	114954240
1789528825	114954240
1789528830	114954240
1789528835	114954240
1789528840	114954240
1789528845	114954240
1789528850	114954240
1789528855	114954240
1789528860	114954240
1789528865	114954240
1789528870	114954240
1789528875	114954240
1789528880	114954240
1789528885	114954240
1789528890	114954240
1789528895	114954240
1789528900	114954240
1789528905	114954240
1789528910	114954240
1789528915	114954240
1789528920	114954240
1789528925	114954240
1789528930	114954240
1789528935	114954240
1789528940	114954240
1789528945	114954240
1789528950	114954240
1789528955	114954240
1789528960	114954240
1789528965	114954240
1789528970	114954240
1789528975	114954240
1789528980	114954240
1789528985	114954240
1789528990	114954240
1789528995	114954240
1789529000	114954240
1789529005	114954240
1789529010	114954240
1789529015	114954240
1789529020	114954240
1789529025	114954240
1789529030	114954240
1789529035	114954240
1789529040	114954240
1789529045	114954240
1789529050	114954240
1789529055	114954240
1789529060	114954240
1789529065	114954240
1789529070	114954240
1789529075	114954240
1789529080	114954240
1789529085	114954240
1789529090	114954240
1789529095	114954240
1789529100	114954240
1789529105	114954240
1789529110	114954240
1789529115	114954240
1789529120	114954240
1789529125	114954240
1789529130	114954240
1789529135	114954240
1789529140	114954240
1789529145	114954240
1789529150	114954240
1789529155	114954240
1789529160	114954240
1789529165	114954240
1789529170	114954240
1789529175	114954240
1789529180	114954240
1789529185	114954240
1789529190	114954240
1789529195	114954240
1789529200	114954240
1789529205	114954240
1789529210	114954240
1789529215	114954240
1789529220	114954240
1789529225	114954240
1789529230	114954240
1789529235	114954240
1789529240	114954240
1789529245	114954240
1789529250	114954240
1789529255	114954240
1789529260	114954240
1789529265	114954240
1789529270	114954240
1789529275	114954240
1789529280	114954240
1789529285	114954240
1789529290	114954240
1789529295	114954240
1789529300	114954240
1789529305	114954240
1789529310	114954240
1789529315	114954240
1789529320	114954240
1789529325	114954240
1789529330	114954240
1789529335	114954240
1789529340	114954240
1789529345	114954240
1789529350	114954240
1789529355	114954240
1789529360	114954240
1789529365	114954240
1789529370	114954240
1789529375	114954240
1789529380	114954240
1789529385	114954240
1789529390	114954240
1789529395	114954240
1789529400	114954240
1789529405	114954240
1789529410	114954240
1789529415	114954240
1789529420	114954240
1789529425	114954240
1789529430	114954240
1789529435	114954240
1789529440	114954240
1789529445	114954240
1789529450	114954240
1789529455	114954240
1789529460	114954240
1789529465	114954240
1789529470	114954240
1789529475	114954240
1789529480	114954240
1789529485	114954240
1789529490	114954240
1789529495	114954240
1789529501	114954240
1789529506	114954240
1789529511	114954240
1789529516	114954240
1789529521	114954240
1789529526	114954240
1789529531	114954240
1789529536	114954240
1789529541	114954240
1789529546	114954240
1789529551	114954240
1789529556	114954240
1789529561	114954240
1789529566	114954240
1789529571	114954240
1789529576	114954240
1789529581	114954240
1789529586	114954240
1789529591	114954240
1789529596	114954240
1789529601	114954240
1789529606	114954240
1789529611	114954240
1789529616	114954240
1789529621	114954240
1789529626	114954240
1789529631	114954240
1789529636	114954240
1789529641	114954240
1789529646	114954240
1789529651	114954240
1789529656	114954240
1789529661	114954240
1789529666	114954240
1789529671	114954240
1789529676	114954240
1789529681	114954240
1789529686	114954240
1789529691	114954240
1789529696	114954240
1789529701	114954240
1789529706	114954240
1789529711	114954240
1789529716	114954240
1789529721	114954240
1789529726	114954240
1789529731	114954240
1789529736	114954240
1789529741	114954240
1789529746	114954240
1789529751	114954240
1789529756	114954240
1789529761	114954240
1789529766	114954240
1789529771	114954240
1789529776	114954240
1789529781	114954240
1789529786	114954240
1789529791	114954240
1789529796	114954240
1789529801	114954240
1789529806	114954240
1789529811	114954240
1789529816	114954240
1789529821	114954240
1789529826	114954240
1789529831	114954240
1789529836	114954240
1789529841	114954240
1789529846	114954240
1789529851	114954240
1789529856	114954240
1789529861	114954240
1789529866	114954240
1789529871	114954240
1789529876	114954240
1789529881	114954240
1789529886	114954240
1789529891	114954240
1789529896	114954240
1789529901	114954240
1789529906	114954240
1789529911	114954240
1789529916	114954240
1789529921	114954240
1789529926	114954240
1789529931	114954240
1789529936	114954240
1789529941	114954240
1789529946	114954240
1789529951	114954240
1789529956	114954240
1789529961	114954240
1789529966	114954240
1789529971	114954240
1789529976	114954240
1789529981	114954240
1789529986	114954240
1789529991	114954240
1789529996	114954240
1789530001	114954240
1789530006	114954240
1789530011	114954240
1789530016	114954240
1789530021	114954240
1789530026	114954240
1789530031	114954240
1789530036	114954240
1789530041	114954240
1789530046	114954240
1789530051	114954240
1789530056	114954240
1789530061	114954240
1789530066	114954240
1789530071	114954240
1789530076	114954240
1789530081	114954240
1789530086	114954240
1789530091	114954240
1789530096	114954240
1789530101	114954240
1789530106	114954240
1789530111	114954240
1789530116	114954240
1789530121	114954240
1789530126	114954240
1789530131	114954240
1789530136	114954240
1789530141	114954240
1789530146	114954240
1789530151	114954240
1789530156	114954240
1789530161	114954240
1789530166	114954240
1789530171	114954240
1789530176	114954240
1789530181	114954240
1789530186	114954240
1789530191	114954240
1789530196	114954240
1789530201	114954240
1789530206	114954240
1789530212	114954240
1789530217	114954240
1789530222	114954240
1789530227	114954240
1789530232	114954240
1789530237	114954240
1789530242	114954240
1789530247	114954240
1789530252	114954240
1789530257	114954240
1789530262	114954240
1789530267	114954240
1789530272	114954240
1789530277	114954240
1789530282	114954240
1789530287	114954240
1789530292	114954240
1789530297	114954240
1789530302	114954240
1789530307	114954240
1789530312	114954240
1789530317	114954240
1789530322	114954240
1789530327	114954240
1789530332	114954240
1789530337	114954240
1789530342	114954240
1789530347	114954240
1789530352	114954240
1789530357	114954240
1789530362	114954240
1789530367	114954240
1789530372	114954240
1789530377	114954240
1789530382	114954240
1789530387	114954240
1789530392	114954240
1789530397	114954240
1789530402	114954240
1789530407	114954240
1789530412	114954240
1789530417	114954240
1789530422	114954240
1789530427	114954240
1789530432	114954240
1789530437	114954240
1789530442	114954240
1789530447	114954240
1789530452	114954240
1789530457	114954240
1789530462	114954240
1789530467	114954240
1789530472	114954240
1789530477	114954240
1789530482	114954240
1789530487	114954240
1789530492	114954240
1789530497	114954240
1789530502	114954240
1789530507	114954240
1789530512	114954240
1789530517	114954240
1789530522	114954240
1789530527	114954240
1789530532	114954240
1789530537	114954240
1789530542	114954240
1789530547	114954240
1789530552	114954240
1789530557	114954240
1789530562	114954240
1789530567	114954240
1789530572	114954240
1789530577	114954240
1789530582	114954240
1789530587	114954240
1789530592	114954240
1789530597	114954240
1789530602	114954240
1789530607	114954240
1789530612	114954240
1789530617	114954240
1789530622	114954240
1789530627	114954240
1789530632	114954240
1789530637	114954240
1789530642	114954240
1789530647	114954240
1789530652	114954240
1789530657	114954240
1789530662	114954240
1789530667	114954240
1789530672	114954240
1789530677	114954240
1789530682	114954240
1789530687	114954240
1789530692	114954240
1789530697	114954240
1789530702	114954240
1789530707	114954240
1789530712	114954240
1789530717	114954240
1789530722	114954240
1789530727	114954240
1789530732	114954240
1789530737	114954240
1789530742	114954240
1789530747	114954240
1789530752	114954240
1789530757	114954240
1789530762	114954240
1789530767	114954240
1789530772	114954240
1789530777	114954240
1789530782	114954240
1789530787	114954240
1789530792	114954240
1789530797	114954240
1789530802	114954240
1789530807	114954240
1789530812	114954240
1789530817	114954240
1789530822	114954240
1789530827	114954240
1789530832	114954240
1789530837	114954240
1789530842	114954240
1789530847	114954240
1789530852	114954240
1789530857	114954240
1789530862	114954240
1789530867	114954240
1789530872	114954240
1789530877	114954240
1789530882	114954240
1789530887	114954240
1789530892	114954240
1789530897	114954240
1789530902	114954240
1789530907	114954240
1789530912	114954240
1789530917	114954240
1789530922	114954240
1789530927	114954240
1789530932	114954240
1789530938	114954240
1789530943	114954240
1789530948	114954240
1789530953	114954240
1789530958	114954240
1789530963	114954240
1789530968	114954240
1789530973	114954240
1789530978	114954240
1789530983	114954240
1789530988	114954240
1789530993	114954240
1789530998	114954240
1789531003	114954240
1789531008	114954240
1789531013	114954240
1789531018	114954240
1789531023	114954240
1789531028	114954240
1789531033	114954240
1789531038	114954240
1789531043	114954240
1789531048	114954240
1789531053	114954240
1789531058	114954240
1789531063	114954240
1789531068	114954240
1789531073	114954240
1789531078	114954240
1789531083	114954240
1789531088	114954240
1789531093	114954240
1789531098	114954240
1789531103	114954240
1789531108	114954240
1789531113	114954240
1789531118	114954240
1789531123	114954240
1789531128	114954240
1789531133	114954240
1789531138	114954240
1789531143	114954240
1789531148	114954240
1789531153	114954240
1789531158	114954240
1789531163	114954240
1789531168	114954240
1789531173	114954240
1789531178	114954240
1789531183	114954240
1789531188	114954240
1789531193	114954240
1789531198	114954240
1789531203	114954240
1789531208	114954240
1789531213	114954240
1789531218	114954240
1789531223	114954240
1789531228	114954240
1789531233	114954240
1789531238	114954240
1789531243	114954240
1789531248	114954240
1789531253	114954240
1789531258	114954240
1789531263	114954240
1789531268	114954240
1789531273	114954240
1789531278	114954240
1789531283	114954240
1789531288	114954240
1789531293	114954240
1789531298	114954240
1789531303	114954240
1789531308	114954240
1789531313	114954240
1789531318	114954240
1789531323	114954240
1789531328	114954240
1789531333	114954240
1789531338	114954240
1789531343	114954240
1789531348	114954240
1789531353	114954240
1789531358	114954240
1789531363	114954240
1789531368	114954240
1789531373	114954240
1789531378	114954240
1789531383	114954240
1789531388	114954240
1789531393	114954240
1789531398	114954240
1789531403	114954240
1789531408	114954240
1789531413	114954240
1789531418	114954240
1789531423	114954240
1789531428	114954240
1789531433	114954240
1789531438	114954240
1789531443	114954240
1789531448	114954240
1789531453	114954240
1789531458	114954240
1789531463	114954240
1789531468	114954240
1789531473	114954240
1789531478	114954240
1789531483	114954240
1789531488	114954240
1789531493	114954240
1789531498	114954240
1789531503	114954240
1789531508	114954240
1789531513	114954240
1789531518	114954240
1789531523	114954240
1789531528	114954240
1789531533	114954240
1789531538	114954240
1789531543	114954240
1789531548	114954240
1789531553	114954240
1789531558	114954240
1789531563	114954240
1789531568	114954240
1789531573	114954240
1789531578	114954240
1789531583	114954240
1789531588	114954240
1789531593	114954240
1789531598	114954240
1789531603	114954240
1789531608	114954240
1789531613	114954240
1789531618	114954240
1789531623	114954240
1789531628	114954240
1789531633	114954240
1789531638	114954240
1789531643	114954240
1789531649	114954240
1789531654	114954240
1789531659	114954240
1789531664	114954240
1789531669	114954240
1789531674	114954240
1789531679	114954240
1789531684	114954240
1789531689	114954240
1789531694	114954240
1789531699	114954240
1789531704	114954240
1789531709	114954240
1789531714	114954240
1789531719	114954240
1789531724	114954240
1789531729	114954240
1789531734	114954240
1789531739	114954240
1789531744	114954240
1789531749	114954240
1789531754	114954240
1789531759	114954240
1789531764	114954240
1789531769	114954240
1789531774	114954240
1789531779	114954240
1789531784	114954240
1789531789	114954240
1789531794	114954240
1789531799	114954240
1789531804	114954240
1789531809	114954240
1789531814	114954240
1789531819	114954240
1789531824	114954240
1789531829	114954240
1789531834	114954240
1789531839	114954240
1789531844	114954240
1789531849	114954240
1789531854	114954240
1789531859	114954240
1789531864	114954240
1789531869	114954240
1789531874	114954240
1789531879	114954240
1789531884	114954240
1789531889	114954240
1789531894	114954240
1789531899	114954240
1789531904	114954240
1789531909	114954240
1789531914	114954240
1789531919	114954240
1789531924	114954240
1789531929	114954240
1789531934	114954240
1789531939	114954240
1789531944	114954240
1789531949	114954240
1789531954	114954240
1789531959	114954240
1789531964	114954240
1789531969	114954240
1789531974	114954240
1789531979	114954240
1789531984	114954240
1789531989	114954240
1789531994	114954240
1789531999	114954240
1789532004	114954240
1789532009	114954240
1789532014	114954240
1789532019	114954240
1789532024	114954240
1789532029	114954240
1789532034	114954240
1789532039	114954240
1789532044	114954240
1789532049	114954240
1789532054	114954240
1789532059	114954240
1789532064	114954240
1789532069	114954240
1789532074	114954240
1789532079	114954240
1789532084	114954240
1789532089	114954240
1789532094	114954240
1789532099	114954240
1789532104	114954240
1789532109	114954240
1789532114	114954240
1789532119	114954240
1789532124	114954240
1789532129	114954240
1789532134	114954240
1789532139	114954240
1789532144	114954240
1789532149	114954240
1789532154	114954240
1789532159	114954240
1789532164	114954240
1789532169	114954240
1789532174	114954240
1789532179	114954240
1789532184	114954240
1789532189	114954240
1789532194	114954240
1789532199	114954240
1789532204	114954240
1789532209	114954240
1789532214	114954240
1789532219	114954240
1789532224	114954240
1789532229	114954240
1789532234	114954240
1789532239	114954240
1789532244	114954240
1789532249	114954240
1789532254	114954240
1789532259	114954240
1789532264	114954240
1789532269	114954240
1789532274	114954240
1789532279	114954240
1789532284	114954240
1789532289	114954240
1789532294	114954240
1789532299	114954240
1789532304	114954240
1789532309	114954240
1789532314	114954240
1789532319	114954240
1789532324	114954240
1789532329	114954240
1789532334	114954240
1789532340	114954240
1789532345	114954240
1789532350	114954240
1789532355	114954240
1789532360	114954240
1789532365	114954240
1789532370	114954240
1789532375	114954240
1789532380	114954240
1789532385	114954240
1789532390	114954240
1789532395	114954240
1789532400	114954240
1789532405	114954240
1789532410	114954240
1789532415	114954240
1789532420	114954240
1789532425	114954240
1789532430	114954240
1789532435	114954240
1789532440	114954240
1789532445	114954240
1789532450	114954240
1789532455	114954240
1789532460	114954240
1789532465	114954240
1789532470	114954240
1789532475	114954240
1789532480	114954240
1789532485	114954240
1789532490	114954240
1789532495	114954240
1789532500	114954240
1789532505	114954240
1789532510	114954240
1789532515	114954240
1789532520	114954240
1789532525	114954240
1789532530	114954240
1789532535	114954240
1789532540	114954240
1789532545	114954240
1789532550	114954240
1789532555	114954240
1789532560	114954240
1789532565	114954240
1789532570	114954240
1789532575	114954240
1789532580	114954240
1789532585	114954240
1789532590	114954240
1789532595	114954240
1789532600	114954240
1789532605	114954240
1789532610	114954240
1789532615	114954240
1789532620	114954240
1789532625	114954240
1789532630	114954240
1789532635	114954240
1789532640	114954240
1789532645	114954240
1789532650	114954240
1789532655	114954240
1789532660	114954240
1789532665	114954240
1789532670	114954240
1789532675	114954240
1789532680	114954240
1789532685	114954240
1789532690	114954240
1789532695	114954240
1789532700	114954240
1789532705	114954240
1789532710	114954240
1789532715	114954240
1789532720	114954240
1789532725	114954240
1789532730	114954240
1789532735	114954240
1789532740	114954240
1789532745	114954240
1789532750	114954240
1789532755	114954240
1789532760	114954240
1789532765	114954240
1789532770	114954240
1789532775	114954240
1789532780	114954240
1789532785	114954240
1789532790	114954240
1789532795	114954240
1789532800	114954240
1789532805	114954240
1789532810	114954240
1789532815	114954240
1789532820	114954240
1789532825	114954240
1789532830	114954240
1789532835	114954240
1789532840	114954240
1789532845	114954240
1789532850	114954240
1789532855	114954240
1789532860	114954240
1789532865	114954240
1789532870	114954240
1789532875	114954240
1789532880	114954240
1789532885	114954240
1789532890	114954240
1789532895	114954240
1789532900	114954240
1789532905	114954240
1789532910	114954240
1789532915	114954240
1789532920	114954240
1789532925	114954240
1789532930	114954240
1789532935	114954240
1789532940	114954240
1789532945	114954240
1789532950	114954240
1789532955	114954240
1789532960	114954240
1789532965	114954240
1789532970	114954240
1789532975	114954240
1789532980	114954240
1789532985	114954240
1789532990	114954240
1789532995	114954240
1789533000	114954240
1789533005	114954240
1789533010	114954240
1789533015	114954240
1789533020	114954240
1789533025	114954240
1789533030	114954240
1789533035	114954240
1789533040	114954240
1789533046	114954240
1789533051	114954240
1789533056	114954240
1789533061	114954240
1789533066	114954240
1789533071	114954240
1789533076	114954240
1789533081	114954240
1789533086	114954240
1789533091	114954240
1789533096	114954240
1789533101	114954240
1789533106	114954240
1789533111	114954240
1789533116	114954240
1789533121	114954240
1789533126	114954240
1789533131	114954240
1789533136	114954240
1789533141	114954240
1789533146	114954240
1789533151	114954240
1789533156	114954240
1789533161	114954240
1789533166	114954240
1789533171	114954240
1789533176	114954240
1789533181	114954240
1789533186	114954240
1789533191	114954240
1789533196	114954240
1789533201	114954240
1789533206	114954240
1789533211	114954240
1789533216	114954240
1789533221	114954240
1789533226	114954240
1789533231	114954240
1789533236	114954240
1789533241	114954240
1789533246	114954240
1789533251	114954240
1789533256	114954240
1789533261	114954240
1789533266	114954240
1789533271	114954240
1789533276	114954240
1789533281	114954240
1789533286	114954240
1789533291	114954240
1789533296	114954240
1789533301	114954240
1789533306	114954240
1789533311	114954240
1789533316	114954240
1789533321	114954240
1789533326	114954240
1789533331	114954240
1789533336	114954240
1789533341	114954240
1789533346	114954240
1789533351	114954240
1789533356	114954240
1789533361	114954240
1789533366	114954240
1789533371	114954240
1789533376	114954240
1789533381	114954240
1789533386	114954240
1789533391	114954240
1789533396	114954240
1789533401	114954240
1789533406	114954240
1789533411	114954240
1789533416	114954240
1789533421	114954240
1789533426	114954240
1789533431	114954240
1789533436	114954240
1789533441	114954240
1789533446	114954240
1789533451	114954240
1789533456	114954240
1789533461	114954240
1789533466	114954240
1789533471	114954240
1789533476	114954240
1789533481	114954240
1789533486	114954240
1789533491	114954240
1789533496	114954240
1789533501	114954240
1789533506	114954240
1789533511	114954240
1789533516	114954240
1789533521	114954240
1789533526	114954240
1789533531	114954240
1789533536	114954240
1789533541	114954240
1789533546	114954240
1789533551	114954240
1789533556	114954240
1789533561	114954240
1789533566	114954240
1789533571	114954240
1789533576	114954240
1789533581	114954240
1789533586	114954240
1789533591	114954240
1789533596	114954240
1789533601	114954240
1789533606	114954240
1789533611	114954240
1789533616	114954240
1789533621	114954240
1789533626	114954240
1789533631	114954240
1789533636	114954240
1789533641	114954240
1789533646	114954240
1789533651	114954240
1789533656	114954240
1789533661	114954240
1789533666	114954240
1789533671	114954240
1789533676	114954240
1789533681	114954240
1789533686	114954240
1789533691	114954240
1789533696	114954240
1789533701	114954240
1789533706	114954240
1789533711	114954240
1789533716	114954240
1789533721	114954240
1789533726	114954240
1789533731	114954240
1789533736	114954240
1789533741	114954240
1789533746	114954240
1789533751	114954240
1789533756	114954240
1789533761	114954240
1789533767	114954240
1789533772	114954240
1789533777	114954240
1789533782	114954240
1789533787	114954240
1789533792	114954240
1789533797	114954240
1789533802	114954240
1789533807	114954240
1789533812	114954240
1789533817	114954240
1789533822	114954240
1789533827	114954240
1789533832	114954240
1789533837	114954240
1789533842	114954240
1789533847	114954240
1789533852	114954240
1789533857	114954240
1789533862	114954240
1789533867	114954240
1789533872	114954240
1789533877	114954240
1789533882	114954240
1789533887	114954240
1789533892	114954240
1789533897	114954240
1789533902	114954240
1789533907	114954240
1789533912	114954240
1789533917	114954240
1789533922	114954240
1789533927	114954240
1789533932	114954240
1789533937	114954240
1789533942	114954240
1789533947	114954240
1789533952	114954240
1789533957	114954240
1789533962	114954240
1789533967	114954240
1789533972	114954240
1789533977	114954240
1789533982	114954240
1789533987	114954240
1789533992	114954240
1789533997	114954240
1789534002	114954240
1789534007	114954240
1789534012	114954240
1789534017	114954240
1789534022	114954240
1789534027	114954240
1789534032	114954240
1789534037	114954240
1789534042	114954240
1789534047	114954240
1789534052	114954240
1789534057	114954240
1789534062	114954240
1789534067	114954240
1789534072	114954240
1789534077	114954240
1789534082	114954240
1789534087	114954240
1789534092	114954240
1789534097	114954240
1789534102	114954240
1789534107	114954240
1789534112	114954240
1789534117	114954240
1789534122	114954240
1789534127	114954240
1789534132	114954240
1789534137	114954240
1789534142	114954240
1789534147	114954240
1789534152	114954240
1789534157	114954240
1789534162	114954240
1789534167	114954240
1789534172	114954240
1789534177	114954240
1789534182	114954240
1789534187	114954240
1789534192	114954240
1789534197	114954240
1789534202	114954240
1789534207	114954240
1789534212	114954240
1789534217	114954240
1789534222	114954240
1789534227	114954240
1789534232	114954240
1789534237	114954240
1789534242	114954240
1789534247	114954240
1789534252	114954240
1789534257	114954240
1789534262	114954240
1789534267	114954240
1789534272	114954240
1789534277	114954240
1789534282	114954240
1789534287	114954240
1789534292	114954240
1789534297	114954240
1789534302	114954240
1789534307	114954240
1789534312	114954240
1789534317	114954240
1789534322	114954240
1789534327	114954240
1789534332	114954240
1789534337	114954240
1789534342	114954240
1789534347	114954240
1789534352	114954240
1789534357	114954240
1789534362	114954240
1789534367	114954240
1789534372	114954240
1789534377	114954240
1789534382	114954240
1789534387	114954240
1789534392	114954240
1789534397	114954240
1789534402	114954240
1789534407	114954240
1789534412	114954240
1789534417	114954240
1789534422	114954240
1789534427	114954240
1789534432	114954240
1789534437	114954240
1789534443	114954240
1789534448	114954240
1789534453	114954240
1789534458	114954240
1789534463	114954240
1789534468	114954240
1789534473	114954240
1789534478	114954240
1789534483	114954240
1789534488	114954240
1789534493	114954240
1789534498	114954240
1789534503	114954240
1789534508	114954240
1789534513	114954240
1789534518	114954240
1789534523	114954240
1789534528	114954240
1789534533	114954240
1789534538	114954240
1789534543	114954240
1789534548	114954240
1789534553	114954240
1789534558	114954240
1789534563	114954240
1789534568	114954240
1789534573	114954240
1789534578	114954240
1789534583	114954240
1789534588	114954240
1789534593	114954240
1789534598	114954240
1789534603	114954240
1789534608	114954240
1789534613	114954240
1789534618	114954240
1789534623	114954240
1789534628	114954240
1789534633	114954240
1789534638	114954240
1789534643	114954240
1789534648	114954240
1789534653	114954240
1789534658	114954240
1789534663	114954240
1789534668	114954240
1789534673	114954240
1789534678	114954240
1789534683	114954240
1789534688	114954240
1789534693	114954240
1789534698	114954240
1789534703	114954240
1789534708	114954240
1789534713	114954240
1789534718	114954240
1789534723	114954240
1789534728	114954240
1789534733	114954240
1789534738	114954240
1789534743	114954240
1789534748	114954240
1789534753	114954240
1789534758	114954240
1789534763	114954240
1789534768	114954240
1789534773	114954240
1789534778	114954240
1789534783	114954240
1789534788	114954240
1789534793	114954240
1789534798	114954240
1789534803	114954240
1789534808	114954240
1789534813	114954240
1789534818	114954240
1789534823	114954240
1789534828	114954240
1789534833	114954240
1789534838	114954240
1789534843	114954240
1789534848	114954240
1789534853	114954240
1789534858	114954240
1789534863	114954240
1789534868	114954240
1789534873	114954240
1789534878	114954240
1789534883	114954240
1789534888	114954240
1789534893	114954240
1789534898	114954240
1789534903	114954240
1789534908	114954240
1789534913	114954240
1789534918	114954240
1789534923	114954240
1789534928	114954240
1789534933	114954240
1789534938	114954240
1789534943	114954240
1789534948	114954240
1789534953	114954240
1789534958	114954240
1789534963	114954240
1789534968	114954240
1789534973	114954240
1789534978	114954240
1789534983	114954240
1789534988	114954240
1789534993	114954240
1789534998	114954240
1789535003	114954240
1789535008	114954240
1789535013	114954240
1789535018	114954240
1789535023	114954240
1789535028	114954240
1789535033	114954240
1789535038	114954240
1789535043	114954240
1789535048	114954240
1789535053	114954240
1789535058	114954240
1789535063	114954240
1789535068	114954240
1789535073	114954240
1789535078	114954240
1789535083	114954240
1789535088	114954240
1789535093	114954240
1789535098	114954240
1789535103	114954240
1789535108	114954240
1789535113	114954240
1789535118	114954240
1789535123	114954240
1789535128	114954240
1789535133	114954240
1789535138	114954240
1789535143	114954240
1789535148	114954240
1789535153	114954240
1789535159	114954240
1789535164	114954240
1789535169	114954240
1789535174	114954240
1789535179	114954240
1789535184	114954240
1789535189	114954240
1789535194	114954240
1789535199	114954240
1789535204	114954240
1789535209	114954240
1789535214	114954240
1789535219	114954240
1789535224	114954240
1789535229	114954240
1789535234	114954240
1789535239	114954240
1789535244	114954240
1789535249	114954240
1789535254	114954240
1789535259	114954240
1789535264	114954240
1789535269	114954240
1789535274	114954240
1789535279	114954240
1789535284	114954240
1789535289	114954240
1789535294	114954240
1789535299	114954240
1789535304	114954240
1789535309	114954240
1789535314	114954240
1789535319	114954240
1789535324	114954240
1789535329	114954240
1789535334	114954240
1789535339	114954240
1789535344	114954240
1789535349	114954240
1789535354	114954240
1789535359	114954240
1789535364	114954240
1789535369	114954240
1789535374	114954240
1789535379	114954240
1789535384	114954240
1789535389	114954240
1789535394	114954240
1789535399	114954240
1789535404	114954240
1789535409	114954240
1789535414	114954240
1789535419	114954240
1789535424	114954240
1789535429	114954240
1789535434	114954240
1789535439	114954240
1789535444	114954240
1789535449	114954240
1789535454	114954240
1789535459	114954240
1789535464	114954240
1789535469	114954240
1789535474	114954240
1789535479	114954240
1789535484	114954240
1789535489	114954240
1789535494	114954240
1789535499	114954240
1789535504	114954240
1789535509	114954240
1789535514	114954240
1789535519	114954240
1789535524	114954240
1789535529	114954240
1789535534	114954240
1789535539	114954240
1789535544	114954240
1789535549	114954240
1789535554	114954240
1789535559	114954240
1789535564	114954240
1789535569	114954240
1789535574	114954240
1789535579	114954240
1789535584	114954240
1789535589	114954240
1789535594	114954240
1789535599	114954240
1789535604	114954240
1789535609	114954240
1789535614	114954240
1789535619	114954240
1789535624	114954240
1789535629	114954240
1789535634	114954240
1789535639	114954240
1789535644	114954240
1789535649	114954240
1789535654	114954240
1789535659	114954240
1789535664	114954240
1789535669	114954240
1789535674	114954240
1789535679	114954240
1789535684	114954240
1789535689	114954240
1789535694	114954240
1789535699	114954240
1789535704	114954240
1789535709	114954240
1789535714	114954240
1789535719	114954240
1789535724	114954240
1789535729	114954240
1789535734	114954240
1789535739	114954240
1789535744	114954240
1789535749	114954240
1789535754	114954240
1789535759	114954240
1789535764	114954240
1789535769	114954240
1789535774	114954240
1789535779	114954240
1789535784	114954240
1789535789	114954240
1789535794	114954240
1789535799	114954240
1789535804	114954240
1789535809	114954240
1789535814	114954240
1789535819	114954240
1789535824	114954240
1789535829	114954240
1789535834	114954240
1789535839	114954240
1789535844	114954240
1789535849	114954240
1789535854	114954240
1789535859	114954240
1789535864	114954240
1789535869	114954240
1789535874	114954240
1789535879	114954240
1789535885	114954240
1789535890	114954240
1789535895	114954240
1789535900	114954240
1789535905	114954240
1789535910	114954240
1789535915	114954240
1789535920	114954240
1789535925	114954240
1789535930	114954240
1789535935	114954240
1789535940	114954240
1789535945	114954240
1789535950	114954240
1789535955	114954240
1789535960	114954240
1789535965	114954240
1789535970	114954240
1789535975	114954240
1789535980	114954240
1789535985	114954240
1789535990	114954240
1789535995	114954240
1789536000	114954240
1789536005	114954240
1789536010	114954240
1789536015	114954240
1789536020	114954240
1789536025	114954240
1789536030	114954240
1789536035	114954240
1789536040	114954240
1789536045	114954240
1789536050	114954240
1789536055	114954240
1789536060	114954240
1789536065	114954240
1789536070	114954240
1789536075	114954240
1789536080	114954240
1789536085	114954240
1789536090	114954240
1789536095	114954240
1789536100	114954240
1789536105	114954240
1789536110	114954240
1789536115	114954240
1789536120	114954240
1789536125	114954240
1789536130	114954240
1789536135	114954240
1789536140	114954240
1789536145	114954240
1789536150	114954240
1789536155	114954240
1789536160	114954240
1789536165	114954240
1789536170	114954240
1789536175	114954240
1789536180	114954240
1789536185	114954240
1789536190	114954240
1789536195	114954240
1789536200	114954240
1789536205	114954240
1789536210	114954240
1789536215	114954240
1789536220	114954240
1789536225	114954240
1789536230	114954240
1789536235	114954240
1789536240	114954240
1789536245	114954240
1789536250	114954240
1789536255	114954240
1789536260	114954240
1789536265	114954240
1789536270	114954240
1789536275	114954240
1789536280	114954240
1789536285	114954240
1789536290	114954240
1789536295	114954240
1789536300	114954240
1789536305	114954240
1789536310	114954240
1789536315	114954240
1789536320	114954240
1789536325	114954240
1789536330	114954240
1789536335	114954240
1789536340	114954240
1789536345	114954240
1789536350	114954240
1789536355	114954240
1789536360	114954240
1789536365	114954240
1789536370	114954240
1789536375	114954240
1789536380	114954240
1789536385	114954240
1789536390	114954240
1789536395	114954240
1789536400	114954240
1789536405	114954240
1789536410	114954240
1789536415	114954240
1789536420	114954240
1789536425	114954240
1789536430	114954240
1789536435	114954240
1789536440	114954240
1789536445	114954240
1789536450	114954240
1789536455	114954240
1789536460	114954240
1789536465	114954240
1789536470	114954240
1789536475	114954240
1789536480	114954240
1789536485	114954240
1789536490	114954240
1789536495	114954240
1789536500	114954240
1789536505	114954240
1789536510	114954240
1789536515	114954240
1789536520	114954240
1789536525	114954240
1789536530	114954240
1789536535	114954240
1789536540	114954240
1789536545	114954240
1789536550	114954240
1789536555	114954240
1789536560	114954240
1789536565	114954240
1789536570	114954240
1789536575	114954240
1789536580	114954240
1789536585	114954240
1789536590	114954240
1789536595	114954240
1789536601	114954240
1789536606	114954240
1789536611	114954240
1789536616	114954240
1789536621	114954240
1789536626	114954240
1789536631	114954240
1789536636	114954240
1789536641	114954240
1789536646	114954240
1789536651	114954240
1789536656	114954240
1789536661	114954240
1789536666	114954240
1789536671	114954240
1789536676	114954240
1789536681	114954240
1789536686	114954240
1789536691	114954240
1789536696	114954240
1789536701	114954240
1789536706	114954240
1789536711	114954240
1789536716	114954240
1789536721	114954240
1789536726	114954240
1789536731	114954240
1789536736	114954240
1789536741	114954240
1789536746	114954240
1789536751	114954240
1789536756	114954240
1789536761	114954240
1789536766	114954240
1789536771	114954240
1789536776	114954240
1789536781	114954240
1789536786	114954240
1789536791	114954240
1789536796	114954240
1789536801	114954240
1789536806	114954240
1789536811	114954240
1789536816	114954240
1789536821	114954240
1789536826	114954240
1789536831	114954240
1789536836	114954240
1789536841	114954240
1789536846	114954240
1789536851	114954240
1789536856	114954240
1789536861	114954240
1789536866	114954240
1789536871	114954240
1789536876	114954240
1789536881	114954240
1789536886	114954240
1789536891	114954240
1789536896	114954240
1789536901	114954240
1789536906	114954240
1789536911	114954240
1789536916	114954240
1789536921	114954240
1789536926	114954240
1789536931	114954240
1789536936	114954240
1789536941	114954240
1789536946	114954240
1789536951	114954240
1789536956	114954240
1789536961	114954240
1789536966	114954240
1789536971	114954240
1789536976	114954240
1789536981	114954240
1789536986	114954240
1789536991	114954240
1789536996	114954240
1789537001	114954240
1789537006	114954240
1789537011	114954240
1789537016	114954240
1789537021	114954240
1789537026	114954240
1789537031	114954240
1789537036	114954240
1789537041	114954240
1789537046	114954240
1789537051	114954240
1789537056	114954240
1789537061	114954240
1789537066	114954240
1789537071	114954240
1789537076	114954240
1789537081	114954240
1789537086	114954240
1789537091	114954240
1789537096	114954240
1789537101	114954240
1789537106	114954240
1789537111	114954240
1789537116	114954240
1789537121	114954240
1789537126	114954240
1789537131	114954240
1789537136	114954240
1789537141	114954240
1789537146	114954240
1789537151	114954240
1789537156	114954240
1789537161	114954240
1789537166	114954240
1789537171	114954240
1789537176	114954240
1789537181	114954240
1789537186	114954240
1789537191	114954240
1789537196	114954240
1789537201	114954240
1789537206	114954240
1789537211	114954240
1789537216	114954240
1789537221	114954240
1789537226	114954240
1789537231	114954240
1789537236	114954240
1789537241	114954240
1789537246	114954240
1789537251	114954240
1789537256	114954240
1789537261	114954240
1789537266	114954240
1789537271	114954240
1789537276	114954240
1789537281	114954240
1789537286	114954240
1789537291	114954240
1789537296	114954240
1789537301	114954240
1789537306	114954240
1789537311	114954240
1789537317	114954240
1789537322	114954240
1789537327	114954240
1789537332	114954240
1789537337	114954240
1789537342	114954240
1789537347	114954240
1789537352	114954240
1789537357	114954240
1789537362	114954240
1789537367	114954240
1789537372	114954240
1789537377	114954240
1789537382	114954240
1789537387	114954240
1789537392	114954240
1789537397	114954240
1789537402	114954240
1789537407	114954240
1789537412	114954240
1789537417	114954240
1789537422	114954240
1789537427	114954240
1789537432	114954240
1789537437	114954240
1789537442	114954240
1789537447	114954240
1789537452	114954240
1789537457	114954240
1789537462	114954240
1789537467	114954240
1789537472	114954240
1789537477	114954240
1789537482	114954240
1789537487	114954240
1789537492	114954240
1789537497	114954240
1789537502	114954240
1789537507	114954240
1789537512	114954240
1789537517	114954240
1789537522	114954240
1789537527	114954240
1789537532	114954240
1789537537	114954240
1789537542	114954240
1789537547	114954240
1789537552	114954240
1789537557	114954240
1789537562	114954240
1789537567	114954240
1789537572	114954240
1789537577	114954240
1789537582	114954240
1789537587	114954240
1789537592	114954240
1789537597	114954240
1789537602	114954240
1789537607	114954240
1789537612	114954240
1789537617	114954240
1789537622	114954240
1789537627	114954240
1789537632	114954240
1789537637	114954240
1789537642	114954240
1789537647	114954240
1789537652	114954240
1789537657	114954240
1789537662	114954240
1789537667	114954240
1789537672	114954240
1789537677	114954240
1789537682	114954240
1789537687	114954240
1789537692	114954240
1789537697	114954240
1789537702	114954240
1789537707	114954240
1789537712	114954240
1789537717	114954240
1789537722	114954240
1789537727	114954240
1789537732	114954240
1789537737	114954240
1789537742	114954240
1789537747	114954240
1789537752	114954240
1789537757	114954240
1789537762	114954240
1789537767	114954240
1789537772	114954240
1789537777	114954240
1789537782	114954240
1789537787	114954240
1789537792	114954240
1789537797	114954240
1789537802	114954240
1789537807	114954240
1789537812	114954240
1789537817	114954240
1789537822	114954240
1789537827	114954240
1789537832	114954240
1789537837	114954240
1789537842	114954240
1789537847	114954240
1789537852	114954240
1789537857	114954240
1789537862	114954240
1789537867	114954240
1789537872	114954240
1789537877	114954240
1789537882	114954240
1789537887	114954240
1789537892	114954240
1789537897	114954240
1789537902	114954240
1789537907	114954240
1789537912	114954240
1789537917	114954240
1789537922	114954240
1789537927	114954240
1789537932	114954240
1789537937	114954240
1789537942	114954240
1789537947	114954240
1789537952	114954240
1789537957	114954240
1789537962	114954240
1789537967	114954240
1789537972	114954240
1789537977	114954240
1789537982	114954240
1789537987	114954240
1789537992	114954240
1789537997	114954240
1789538002	114954240
1789538007	114954240
1789538012	114954240
1789538017	114954240
1789538022	114954240
1789538027	114954240
1789538032	114954240
1789538038	114954240
1789538043	114954240
1789538048	114954240
1789538053	114954240
1789538058	114954240
1789538063	114954240
1789538068	114954240
1789538073	114954240
1789538078	114954240
1789538083	114954240
1789538088	114954240
1789538093	114954240
1789538098	114954240
1789538103	114954240
1789538108	114954240
1789538113	114954240
1789538118	114954240
1789538123	114954240
1789538128	114954240
1789538133	114954240
1789538138	114954240
1789538143	114954240
1789538148	114954240
1789538153	114954240
1789538158	114954240
1789538163	114954240
1789538168	114954240
1789538173	114954240
1789538178	114954240
1789538183	114954240
1789538188	114954240
1789538193	114954240
1789538198	114954240
1789538203	114954240
1789538208	114954240
1789538213	114954240
1789538218	114954240
1789538223	114954240
1789538228	114954240
1789538233	114954240
1789538238	114954240
1789538243	114954240
1789538248	114954240
1789538253	114954240
1789538258	114954240
1789538263	114954240
1789538268	114954240
1789538273	114954240
1789538278	114954240
1789538283	114954240
1789538288	114954240
1789538293	114954240
1789538298	114954240
1789538303	114954240
1789538308	114954240
1789538313	114954240
1789538318	114954240
1789538323	114954240
1789538328	114954240
1789538333	114954240
1789538338	114954240
1789538343	114954240
1789538348	114954240
1789538353	114954240
1789538358	114954240
1789538363	114954240
1789538368	114954240
1789538373	114954240
1789538378	114954240
1789538383	114954240
1789538388	114954240
1789538393	114954240
1789538398	114954240
1789538403	114954240
1789538408	114954240
1789538413	114954240
1789538418	114954240
1789538423	114954240
1789538428	114954240
1789538433	114954240
1789538438	114954240
1789538443	114954240
1789538448	114954240
1789538453	114954240
1789538458	114954240
1789538463	114954240
1789538468	114954240
1789538473	114954240
1789538478	114954240
1789538483	114954240
1789538488	114954240
1789538493	114954240
1789538498	114954240
1789538503	114954240
1789538508	114954240
1789538513	114954240
1789538518	114954240
1789538523	114954240
1789538528	114954240
1789538533	114954240
1789538538	114954240
1789538543	114954240
1789538548	114954240
1789538553	114954240
1789538558	114954240
1789538563	114954240
1789538568	114954240
1789538573	114954240
1789538578	114954240
1789538583	114954240
1789538588	114954240
1789538593	114954240
1789538598	114954240
1789538603	114954240
1789538608	114954240
1789538613	114954240
1789538618	114954240
1789538623	114954240
1789538628	114954240
1789538633	114954240
1789538638	114954240
1789538643	114954240
1789538648	114954240
1789538653	114954240
1789538658	114954240
1789538663	114954240
1789538668	114954240
1789538673	114954240
1789538678	114954240
1789538683	114954240
1789538688	114954240
1789538693	114954240
1789538698	114954240
1789538703	114954240
1789538708	114954240
1789538713	114954240
1789538718	114954240
1789538723	114954240
1789538728	114954240
1789538733	114954240
1789538738	114954240
1789538743	114954240
1789538749	114954240
1789538754	114954240
1789538759	114954240
1789538764	114954240
1789538769	114954240
1789538774	114954240
1789538779	114954240
1789538784	114954240
1789538789	114954240
1789538794	114954240
1789538799	114954240
1789538804	114954240
1789538809	114954240
1789538814	114954240
1789538819	114954240
1789538824	114954240
1789538829	114954240
1789538834	114954240
1789538839	114954240
1789538844	114954240
1789538849	114954240
1789538854	114954240
1789538859	114954240
1789538864	114954240
1789538869	114954240
1789538874	114954240
1789538879	114954240
1789538884	114954240
1789538889	114954240
1789538894	114954240
1789538899	114954240
1789538904	114954240
1789538909	114954240
1789538914	114954240
1789538919	114954240
1789538924	114954240
1789538929	114954240
1789538934	114954240
1789538939	114954240
1789538944	114954240
1789538949	114954240
1789538954	114954240
1789538959	114954240
1789538964	114954240
1789538969	114954240
1789538974	114954240
1789538979	114954240
1789538984	114954240
1789538989	114954240
1789538994	114954240
1789538999	114954240
1789539004	114954240
1789539009	114954240
1789539014	114954240
1789539019	114954240
1789539024	114954240
1789539029	114954240
1789539034	114954240
1789539039	114954240
1789539044	114954240
1789539049	114954240
1789539054	114954240
1789539059	114954240
1789539064	114954240
1789539069	114954240
1789539074	114954240
1789539079	114954240
1789539084	114954240
1789539089	114954240
1789539094	114954240
1789539099	114954240
1789539104	114954240
1789539109	114954240
1789539114	114954240
1789539119	114954240
1789539124	114954240
1789539129	114954240
1789539134	114954240
1789539139	114954240
1789539144	114954240
1789539149	114954240
1789539154	114954240
1789539159	114954240
1789539164	114954240
1789539169	114954240
1789539174	114954240
1789539179	114954240
1789539184	114954240
1789539189	114954240
1789539194	114954240
1789539199	114954240
1789539204	114954240
1789539209	114954240
1789539214	114954240
1789539219	114954240
1789539224	114954240
1789539229	114954240
1789539234	114954240
1789539239	114954240
1789539244	114954240
1789539249	114954240
1789539254	114954240
1789539259	114954240
1789539264	114954240
1789539269	114954240
1789539274	114954240
1789539279	114954240
1789539284	114954240
1789539289	114954240
1789539294	114954240
1789539299	114954240
1789539304	114954240
1789539309	114954240
1789539314	114954240
1789539319	114954240
1789539324	114954240
1789539329	114954240
1789539334	114954240
1789539339	114954240
1789539344	114954240
1789539349	114954240
1789539354	114954240
1789539359	114954240
1789539364	114954240
1789539369	114954240
1789539374	114954240
1789539379	114954240
1789539384	114954240
1789539389	114954240
1789539394	114954240
1789539399	114954240
1789539404	114954240
1789539409	114954240
1789539414	114954240
1789539419	114954240
1789539424	114954240
1789539429	114954240
1789539434	114954240
1789539439	114954240
1789539444	114954240
1789539449	114954240
1789539454	114954240
1789539459	114954240
1789539465	114954240
1789539470	114954240
1789539475	114954240
1789539480	114954240
1789539485	114954240
1789539490	114954240
1789539495	114954240
1789539500	114954240
1789539505	114954240
1789539510	114954240
1789539515	114954240
1789539520	114954240
1789539525	114954240
1789539530	114954240
1789539535	114954240
1789539540	114954240
1789539545	114954240
1789539550	114954240
1789539555	114954240
1789539560	114954240
1789539565	114954240
1789539570	114954240
1789539575	114954240
1789539580	114954240
1789539585	114954240
1789539590	114954240
1789539595	114954240
1789539600	114954240
1789539605	114954240
1789539610	114954240
1789539615	114954240
1789539620	114954240
1789539625	114954240
1789539630	114954240
1789539635	114954240
1789539640	114954240
1789539645	114954240
1789539650	114954240
1789539655	114954240
1789539660	114954240
1789539665	114954240
1789539670	114954240
1789539675	114954240
1789539680	114954240
1789539685	114954240
1789539690	114954240
1789539695	114954240
1789539700	114954240
1789539705	114954240
1789539710	114954240
1789539715	114954240
1789539720	114954240
1789539725	114954240
1789539730	114954240
1789539735	114954240
1789539740	114954240
1789539745	114954240
1789539750	114954240
1789539755	114954240
1789539760	114954240
1789539765	114954240
1789539770	114954240
1789539775	114954240
1789539780	114954240
1789539785	114954240
1789539790	114954240
1789539795	114954240
1789539800	114954240
1789539805	114954240
1789539810	114954240
1789539815	114954240
1789539820	114954240
1789539825	114954240
1789539830	114954240
1789539835	114954240
1789539840	114954240
1789539845	114954240
1789539850	114954240
1789539855	114954240
1789539860	114954240
1789539865	114954240
1789539870	114954240
1789539875	114954240
1789539880	114954240
1789539885	114954240
1789539890	114954240
1789539895	114954240
1789539900	114954240
1789539905	114954240
1789539910	114954240
1789539915	114954240
1789539920	114954240
1789539925	114954240
1789539930	114954240
1789539935	114954240
1789539940	114954240
1789539945	114954240
1789539950	114954240
1789539955	114954240
1789539960	114954240
1789539965	114954240
1789539970	114954240
1789539975	114954240
1789539980	114954240
1789539985	114954240
1789539990	114954240
1789539995	114954240
1789540000	114954240
1789540005	114954240
1789540010	114954240
1789540015	114954240
1789540020	114954240
1789540025	114954240
1789540030	114954240
1789540035	114954240
1789540040	114954240
1789540045	114954240
1789540050	114954240
1789540055	114954240
1789540060	114954240
1789540065	114954240
1789540070	114954240
1789540075	114954240
1789540080	114954240
1789540085	114954240
1789540090	114954240
1789540095	114954240
1789540100	114954240
1789540105	114954240
1789540110	114954240
1789540115	114954240
1789540120	114954240
1789540125	114954240
1789540130	114954240
1789540135	114954240
1789540140	114954240
1789540145	114954240
1789540150	114954240
1789540155	114954240
1789540160	114954240
1789540165	114954240
1789540170	114954240
1789540175	114954240
1789540180	114954240
1789540185	114954240
1789540191	114954240
1789540196	114954240
1789540201	114954240
1789540206	114954240
1789540211	114954240
1789540216	114954240
1789540221	114954240
1789540226	114954240
1789540231	114954240
1789540236	114954240
1789540241	114954240
1789540246	114954240
1789540251	114954240
1789540256	114954240
1789540261	114954240
1789540266	114954240
1789540271	114954240
1789540276	114954240
1789540281	114954240
1789540286	114954240
1789540291	114954240
1789540296	114954240
1789540301	114954240
1789540306	114954240
1789540311	114954240
1789540316	114954240
1789540321	114954240
1789540326	114954240
1789540331	114954240
1789540336	114954240
1789540341	114954240
1789540346	114954240
1789540351	114954240
1789540356	114954240
1789540361	114954240
1789540366	114954240
1789540371	114954240
1789540376	114954240
1789540381	114954240
1789540386	114954240
1789540391	114954240
1789540396	114954240
1789540401	114954240
1789540406	114954240
1789540411	114954240
1789540416	114954240
1789540421	114954240
1789540426	114954240
1789540431	114954240
1789540436	114954240
1789540441	114954240
1789540446	114954240
1789540451	114954240
1789540456	114954240
1789540461	114954240
1789540466	114954240
1789540471	114954240
1789540476	114954240
1789540481	114954240
1789540486	114954240
1789540491	114954240
1789540496	114954240
1789540501	114954240
1789540506	114954240
1789540511	114954240
1789540516	114954240
1789540521	114954240
1789540526	114954240
1789540531	114954240
1789540536	114954240
1789540541	114954240
1789540546	114954240
1789540551	114954240
1789540556	114954240
1789540561	114954240
1789540566	114954240
1789540571	114954240
1789540576	114954240
1789540581	114954240
1789540586	114954240
1789540591	114954240
1789540596	114954240
1789540601	114954240
1789540606	114954240
1789540611	114954240
1789540616	114954240
1789540621	114954240
1789540626	114954240
1789540631	114954240
1789540636	114954240
1789540641	114954240
1789540646	114954240
1789540651	114954240
1789540656	114954240
1789540661	114954240
1789540666	114954240
1789540671	114954240
1789540676	114954240
1789540681	114954240
1789540686	114954240
1789540691	114954240
1789540696	114954240
1789540701	114954240
1789540706	114954240
1789540711	114954240
1789540716	114954240
1789540721	114954240
1789540726	114954240
1789540731	114954240
1789540736	114954240
1789540741	114954240
1789540746	114954240
1789540751	114954240
1789540756	114954240
1789540761	114954240
1789540766	114954240
1789540771	114954240
1789540776	114954240
1789540781	114954240
1789540786	114954240
1789540791	114954240
1789540796	114954240
1789540801	114954240
1789540806	114954240
1789540811	114954240
1789540816	114954240
1789540821	114954240
1789540826	114954240
1789540831	114954240
1789540836	114954240
1789540841	114954240
1789540846	114954240
1789540851	114954240
1789540856	114954240
1789540861	114954240
1789540866	114954240
1789540871	114954240
1789540876	114954240
1789540881	114954240
1789540886	114954240
1789540891	114954240
1789540896	114954240
1789540901	114954240
1789540906	114954240
1789540911	114954240
1789540916	114954240
1789540922	114954240
1789540927	114954240
1789540932	114954240
1789540937	114954240
1789540942	114954240
1789540947	114954240
1789540952	114954240
1789540957	114954240
1789540962	114954240
1789540967	114954240
1789540972	114954240
1789540977	114954240
1789540982	114954240
1789540987	114954240
1789540992	114954240
1789540997	114954240
1789541002	114954240
1789541007	114954240
1789541012	114954240
1789541017	114954240
1789541022	114954240
1789541027	114954240
1789541032	114954240
1789541037	114954240
1789541042	114954240
1789541047	114954240
1789541052	114954240
1789541057	114954240
1789541062	114954240
1789541067	114954240
1789541072	114954240
1789541077	114954240
1789541082	114954240
1789541087	114954240
1789541092	114954240
1789541097	114954240
1789541102	114954240
1789541107	114954240
1789541112	114954240
1789541117	114954240
1789541122	114954240
1789541127	114954240
1789541132	114954240
1789541137	114954240
1789541142	114954240
1789541147	114954240
1789541152	114954240
1789541157	114954240
1789541162	114954240
1789541167	114954240
1789541172	114954240
1789541177	114954240
1789541182	114954240
1789541187	114954240
1789541192	114954240
1789541197	114954240
1789541202	114954240
1789541207	114954240
1789541212	114954240
1789541217	114954240
1789541222	114954240
1789541227	114954240
1789541232	114954240
1789541237	114954240
1789541242	114954240
1789541247	114954240
1789541252	114954240
1789541257	114954240
1789541262	114954240
1789541267	114954240
1789541272	114954240
1789541277	114954240
1789541282	114954240
1789541287	114954240
1789541292	114954240
1789541297	114954240
1789541302	114954240
1789541307	114954240
1789541312	114954240
1789541317	114954240
1789541322	114954240
1789541327	114954240
1789541332	114954240
1789541337	114954240
1789541342	114954240
1789541347	114954240
1789541352	114954240
1789541357	114954240
1789541362	114954240
1789541367	114954240
1789541372	114954240
1789541377	114954240
1789541382	114954240
1789541387	114954240
1789541392	114954240
1789541397	114954240
1789541402	114954240
1789541407	114954240
1789541412	114954240
1789541417	114954240
1789541422	114954240
1789541427	114954240
1789541432	114954240
1789541437	114954240
1789541442	114954240
1789541447	114954240
1789541452	114954240
1789541457	114954240
1789541462	114954240
1789541467	114954240
1789541472	114954240
1789541477	114954240
1789541482	114954240
1789541487	114954240
1789541492	114954240
1789541497	114954240
1789541502	114954240
1789541507	114954240
1789541512	114954240
1789541517	114954240
1789541522	114954240
1789541527	114954240
1789541532	114954240
1789541537	114954240
1789541542	114954240
1789541547	114954240
1789541552	114954240
1789541557	114954240
1789541562	114954240
1789541567	114954240
1789541572	114954240
1789541577	114954240
1789541582	114954240
1789541587	114954240
1789541592	114954240
1789541597	114954240
1789541602	114954240
1789541607	114954240
1789541612	114954240
1789541617	114954240
1789541622	114954240
1789541627	114954240
1789541632	114954240
1789541637	114954240
1789541642	114954240
1789541647	114954240
1789541652	114954240
1789541657	114954240
1789541663	114954240
1789541668	114954240
1789541673	114954240
1789541678	114954240
1789541683	114954240
1789541688	114954240
1789541693	114954240
1789541698	114954240
1789541703	114954240
1789541708	114954240
1789541713	114954240
1789541718	114954240
1789541723	114954240
1789541728	114954240
1789541733	114954240
1789541738	114954240
1789541743	114954240
1789541748	114954240
1789541753	114954240
1789541758	114954240
1789541763	114954240
1789541768	114954240
1789541773	114954240
1789541778	114954240
1789541783	114954240
1789541788	114954240
1789541793	114954240
1789541798	114954240
1789541803	114954240
1789541808	114954240
1789541813	114954240
1789541818	114954240
1789541823	114954240
1789541828	114954240
1789541833	114954240
1789541838	114954240
1789541843	114954240
1789541848	114954240
1789541853	114954240
1789541858	114954240
1789541863	114954240
1789541868	114954240
1789541873	114954240
1789541878	114954240
1789541883	114954240
1789541888	114954240
1789541893	114954240
1789541898	114954240
1789541903	114954240
1789541908	114954240
1789541913	114954240
1789541918	114954240
1789541923	114954240
1789541928	114954240
1789541933	114954240
1789541938	114954240
1789541943	114954240
1789541948	114954240
1789541953	114954240
1789541958	114954240
1789541963	114954240
1789541968	114954240
1789541973	114954240
1789541978	114954240
1789541983	114954240
1789541988	114954240
1789541993	114954240
1789541998	114954240
1789542003	114954240
1789542008	114954240
1789542013	114954240
1789542018	114954240
1789542023	114954240
1789542028	114954240
1789542033	114954240
1789542038	114954240
1789542043	114954240
1789542048	114954240
1789542053	114954240
1789542058	114954240
1789542063	114954240
1789542068	114954240
1789542073	114954240
1789542078	114954240
1789542083	114954240
1789542088	114954240
1789542093	114954240
1789542098	114954240
1789542103	114954240
1789542108	114954240
1789542113	114954240
1789542118	114954240
1789542123	114954240
1789542128	114954240
1789542133	114954240
1789542138	114954240
1789542143	114954240
1789542148	114954240
1789542153	114954240
1789542158	114954240
1789542163	114954240
1789542168	114954240
1789542173	114954240
1789542178	114954240
1789542183	114954240
1789542188	114954240
1789542193	114954240
1789542198	114954240
1789542203	114954240
1789542208	114954240
1789542213	114954240
1789542218	114954240
1789542223	114954240
1789542228	114954240
1789542233	114954240
1789542238	114954240
1789542243	114954240
1789542248	114954240
1789542253	114954240
1789542258	114954240
1789542263	114954240
1789542268	114954240
1789542273	114954240
1789542278	114954240
1789542283	114954240
1789542288	114954240
1789542293	114954240
1789542298	114954240
1789542303	114954240
1789542308	114954240
1789542313	114954240
1789542318	114954240
1789542323	114954240
1789542328	114954240
1789542333	114954240
1789542338	114954240
1789542343	114954240
1789542348	114954240
1789542353	114954240
1789542358	114954240
1789542363	114954240
1789542368	114954240
1789542373	114954240
1789542378	114954240
1789542383	114954240
1789542388	114954240
1789542393	114954240
1789542399	114954240
1789542404	114954240
1789542409	114954240
1789542414	114954240
1789542419	114954240
1789542424	114954240
1789542429	114954240
1789542434	114954240
1789542439	114954240
1789542444	114954240
1789542449	114954240
1789542454	114954240
1789542459	114954240
1789542464	114954240
1789542469	114954240
1789542474	114954240
1789542479	114954240
1789542484	114954240
1789542489	114954240
1789542494	114954240
1789542499	114954240
1789542504	114954240
1789542509	114954240
1789542514	114954240
1789542519	114954240
1789542524	114954240
1789542529	114954240
1789542534	114954240
1789542539	114954240
1789542544	114954240
1789542549	114954240
1789542554	114954240
1789542559	114954240
1789542564	114954240
1789542569	114954240
1789542574	114954240
1789542579	114954240
1789542584	114954240
1789542589	114954240
1789542594	114954240
1789542599	114954240
1789542604	114954240
1789542609	114954240
1789542614	114954240
1789542619	114954240
1789542624	114954240
1789542629	114954240
1789542634	114954240
1789542639	114954240
1789542644	114954240
1789542649	114954240
1789542654	114954240
1789542659	114954240
1789542664	114954240
1789542669	114954240
1789542674	114954240
1789542679	114954240
1789542684	114954240
1789542689	114954240
1789542694	114954240
1789542699	114954240
1789542704	114954240
1789542709	114954240
1789542714	114954240
1789542719	114954240
1789542724	114954240
1789542729	114954240
1789542734	114954240
1789542739	114954240
1789542744	114954240
1789542749	114954240
1789542754	114954240
1789542759	114954240
1789542764	114954240
1789542769	114954240
1789542774	114954240
1789542779	114954240
1789542784	114954240
1789542789	114954240
1789542794	114954240
1789542799	114954240
1789542804	114954240
1789542809	114954240
1789542814	114954240
1789542819	114954240
1789542824	114954240
1789542829	114954240
1789542834	114954240
1789542839	114954240
1789542844	114954240
1789542849	114954240
1789542854	114954240
1789542859	114954240
1789542864	114954240
1789542869	114954240
1789542874	114954240
1789542879	114954240
1789542884	114954240
1789542889	114954240
1789542894	114954240
1789542899	114954240
1789542904	114954240
1789542909	114954240
1789542914	114954240
1789542919	114954240
1789542924	114954240
1789542929	114954240
1789542934	114954240
1789542939	114954240
1789542944	114954240
1789542949	114954240
1789542954	114954240
1789542959	114954240
1789542964	114954240
1789542969	114954240
1789542974	114954240
1789542979	114954240
1789542984	114954240
1789542989	114954240
1789542994	114954240
1789542999	114954240
1789543004	114954240
1789543009	114954240
1789543014	114954240
1789543019	114954240
1789543024	114954240
1789543029	114954240
1789543034	114954240
1789543039	114954240
1789543044	114954240
1789543049	114954240
1789543054	114954240
1789543059	114954240
1789543064	114954240
1789543069	114954240
1789543074	114954240
1789543079	114954240
1789543084	114954240
1789543089	114954240
1789543094	114954240
1789543099	114954240
1789543104	114954240
1789543109	114954240
1789543114	114954240
1789543119	114954240
1789543124	114954240
1789543129	114954240
1789543135	114954240
1789543140	114954240
1789543145	114954240
1789543150	114954240
1789543155	114954240
1789543160	114954240
1789543165	114954240
1789543170	114954240
1789543175	114954240
1789543180	114954240
1789543185	114954240
1789543190	114954240
1789543195	114954240
1789543200	114954240
1789543205	114954240
1789543210	114954240
1789543215	114954240
1789543220	114954240
1789543225	114954240
1789543230	114954240
1789543235	114954240
1789543240	114954240
1789543245	114954240
1789543250	114954240
1789543255	114954240
1789543260	114954240
1789543265	114954240
1789543270	114954240
1789543275	114954240
1789543280	114954240
1789543285	114954240
1789543290	114954240
1789543295	114954240
1789543300	114954240
1789543305	114954240
1789543310	114954240
1789543315	114954240
1789543320	114954240
1789543325	114954240
1789543330	114954240
1789543335	114954240
1789543340	114954240
1789543345	114954240
1789543350	114954240
1789543355	114954240
1789543360	114954240
1789543365	114954240
1789543370	114954240
1789543375	114954240
1789543380	114954240
1789543385	114954240
1789543390	114954240
1789543395	114954240
1789543400	114954240
1789543405	114954240
1789543410	114954240
1789543415	114954240
1789543420	114954240
1789543425	114954240
1789543430	114954240
1789543435	114954240
1789543440	114954240
1789543445	114954240
1789543450	114954240
1789543455	114954240
1789543460	114954240
1789543465	114954240
1789543470	114954240
1789543475	114954240
1789543480	114954240
1789543485	114954240
1789543490	114954240
1789543495	114954240
1789543500	114954240
1789543505	114954240
1789543510	114954240
1789543515	114954240
1789543520	114954240
1789543525	114954240
1789543530	114954240
1789543535	114954240
1789543540	114954240
1789543545	114954240
1789543550	114954240
1789543555	114954240
1789543560	114954240
1789543565	114954240
1789543570	114954240
1789543575	114954240
1789543580	114954240
1789543585	114954240
1789543590	114954240
1789543595	114954240
1789543600	114954240
1789543605	114954240
1789543610	114954240
1789543615	114954240
1789543620	114954240
1789543625	114954240
1789543630	114954240
1789543635	114954240
1789543640	114954240
1789543645	114954240
1789543650	114954240
1789543655	114954240
1789543660	114954240
1789543665	114954240
1789543670	114954240
1789543675	114954240
1789543680	114954240
1789543685	114954240
1789543690	114954240
1789543695	114954240
1789543700	114954240
1789543705	114954240
1789543710	114954240
1789543715	114954240
1789543720	114954240
1789543725	114954240
1789543730	114954240
1789543735	114954240
1789543740	114954240
1789543745	114954240
1789543750	114954240
1789543755	114954240
1789543760	114954240
1789543765	114954240
1789543770	114954240
1789543775	114954240
1789543780	114954240
1789543785	114954240
1789543790	114954240
1789543795	114954240
1789543800	114954240
1789543805	114954240
1789543810	114954240
1789543815	114954240
1789543820	114954240
1789543825	114954240
1789543830	114954240
1789543835	114954240
1789543840	114954240
1789543845	114954240
1789543850	114954240
1789543856	114954240
1789543861	114954240
1789543866	114954240
1789543871	114954240
1789543876	114954240
1789543881	114954240
1789543886	114954240
1789543891	114954240
1789543896	114954240
1789543901	114954240
1789543906	114954240
1789543911	114954240
1789543916	114954240
1789543921	114954240
1789543926	114954240
1789543931	114954240
1789543936	114954240
1789543941	114954240
1789543946	114954240
1789543951	114954240
1789543956	114954240
1789543961	114954240
1789543966	114954240
1789543971	114954240
1789543976	114954240
1789543981	114954240
1789543986	114954240
1789543991	114954240
1789543996	114954240
1789544001	114954240
1789544006	114954240
1789544011	114954240
1789544016	114954240
1789544021	114954240
1789544026	114954240
1789544031	114954240
1789544036	114954240
1789544041	114954240
1789544046	114954240
1789544051	114954240
1789544056	114954240
1789544061	114954240
1789544066	114954240
1789544071	114954240
1789544076	114954240
1789544081	114954240
1789544086	114954240
1789544091	114954240
1789544096	114954240
1789544101	114954240
1789544106	114954240
1789544111	114954240
1789544116	114954240
1789544121	114954240
1789544126	114954240
1789544131	114954240
1789544136	114954240
1789544141	114954240
1789544146	114954240
1789544151	114954240
1789544156	114954240
1789544161	114954240
1789544166	114954240
1789544171	114954240
1789544176	114954240
1789544181	114954240
1789544186	114954240
1789544191	114954240
1789544196	114954240
1789544201	114954240
1789544206	114954240
1789544211	114954240
1789544216	114954240
1789544221	114954240
1789544226	114954240
1789544231	114954240
1789544236	114954240
1789544241	114954240
1789544246	114954240
1789544251	114954240
1789544256	114954240
1789544261	114954240
1789544266	114954240
1789544271	114954240
1789544276	114954240
1789544281	114954240
1789544286	114954240
1789544291	114954240
1789544296	114954240
1789544301	114954240
1789544306	114954240
1789544311	114954240
1789544316	114954240
1789544321	114954240
1789544326	114954240
1789544331	114954240
1789544336	114954240
1789544341	114954240
1789544346	114954240
1789544351	114954240
1789544356	114954240
1789544361	114954240
1789544366	114954240
1789544371	114954240
1789544376	114954240
1789544381	114954240
1789544386	114954240
1789544391	114954240
1789544396	114954240
1789544401	114954240
1789544406	114954240
1789544411	114954240
1789544416	114954240
1789544421	114954240
1789544426	114954240
1789544431	114954240
1789544436	114954240
1789544441	114954240
1789544446	114954240
1789544451	114954240
1789544456	114954240
1789544461	114954240
1789544466	114954240
1789544471	114954240
1789544476	114954240
1789544481	114954240
1789544486	114954240
1789544491	114954240
1789544496	114954240
1789544501	114954240
1789544506	114954240
1789544511	114954240
1789544516	114954240
1789544521	114954240
1789544526	114954240
1789544531	114954240
1789544536	114954240
1789544541	114954240
1789544546	114954240
1789544551	114954240
1789544556	114954240
1789544561	114954240
1789544566	114954240
1789544571	114954240
1789544576	114954240
1789544581	114954240
1789544586	114954240
1789544592	114954240
1789544597	114954240
1789544602	114954240
1789544607	114954240
1789544612	114954240
1789544617	114954240
1789544622	114954240
1789544627	114954240
1789544632	114954240
1789544637	114954240
1789544642	114954240
1789544647	114954240
1789544652	114954240
1789544657	114954240
1789544662	114954240
1789544667	114954240
1789544672	114954240
1789544677	114954240
1789544682	114954240
1789544687	114954240
1789544692	114954240
1789544697	114954240
1789544702	114954240
1789544707	114954240
1789544712	114954240
1789544717	114954240
1789544722	114954240
1789544727	114954240
1789544732	114954240
1789544737	114954240
1789544742	114954240
1789544747	114954240
1789544752	114954240
1789544757	114954240
1789544762	114954240
1789544767	114954240
1789544772	114954240
1789544777	114954240
1789544782	114954240
1789544787	114954240
1789544792	114954240
1789544797	114954240
1789544802	114954240
1789544807	114954240
1789544812	114954240
1789544817	114954240
1789544822	114954240
1789544827	114954240
1789544832	114954240
1789544837	114954240
1789544842	114954240
1789544847	114954240
1789544852	114954240
1789544857	114954240
1789544862	114954240
1789544867	114954240
1789544872	114954240
1789544877	114954240
1789544882	114954240
1789544887	114954240
1789544892	114954240
1789544897	114954240
1789544902	114954240
1789544907	114954240
1789544912	114954240
1789544917	114954240
1789544922	114954240
1789544927	114954240
1789544932	114954240
1789544937	114954240
1789544942	114954240
1789544947	114954240
1789544952	114954240
1789544957	114954240
1789544962	114954240
1789544967	114954240
1789544972	114954240
1789544977	114954240
1789544982	114954240
1789544987	114954240
1789544992	114954240
1789544997	114954240
1789545002	114954240
1789545007	114954240
1789545012	114954240
1789545017	114954240
1789545022	114954240
1789545027	114954240
1789545032	114954240
1789545037	114954240
1789545042	114954240
1789545047	114954240
1789545052	114954240
1789545057	114954240
1789545062	114954240
1789545067	114954240
1789545072	114954240
1789545077	114954240
1789545082	114954240
1789545087	114954240
1789545092	114954240
1789545097	114954240
1789545102	114954240
1789545107	114954240
1789545112	114954240
1789545117	114954240
1789545122	114954240
1789545127	114954240
1789545132	114954240
1789545137	114954240
1789545142	114954240
1789545147	114954240
1789545152	114954240
1789545157	114954240
1789545162	114954240
1789545167	114954240
1789545172	114954240
1789545177	114954240
1789545182	114954240
1789545187	114954240
1789545192	114954240
1789545197	114954240
1789545202	114954240
1789545207	114954240
1789545212	114954240
1789545217	114954240
1789545222	114954240
1789545227	114954240
1789545232	114954240
1789545237	114954240
1789545242	114954240
1789545247	114954240
1789545252	114954240
1789545257	114954240
1789545262	114954240
1789545267	114954240
1789545272	114954240
1789545277	114954240
1789545282	114954240
1789545287	114954240
1789545292	114954240
1789545297	114954240
1789545302	114954240
1789545307	114954240
1789545312	114954240
1789545317	114954240
1789545323	114954240
1789545328	114954240
1789545333	114954240
1789545338	114954240
1789545343	114954240
1789545348	114954240
1789545353	114954240
1789545358	114954240
1789545363	114954240
1789545368	114954240
1789545373	114954240
1789545378	114954240
1789545383	114954240
1789545388	114954240
1789545393	114954240
1789545398	114954240
1789545403	114954240
1789545408	114954240
1789545413	114954240
1789545418	114954240
1789545423	114954240
1789545428	114954240
1789545433	114954240
1789545438	114954240
1789545443	114954240
1789545448	114954240
1789545453	114954240
1789545458	114954240
1789545463	114954240
1789545468	114954240
1789545473	114954240
1789545478	114954240
1789545483	114954240
1789545488	114954240
1789545493	114954240
1789545498	114954240
1789545503	114954240
1789545508	114954240
1789545513	114954240
1789545518	114954240
1789545523	114954240
1789545528	114954240
1789545533	114954240
1789545538	114954240
1789545543	114954240
1789545548	114954240
1789545553	114954240
1789545558	114954240
1789545563	114954240
1789545568	114954240
1789545573	114954240
1789545578	114954240
1789545583	114954240
1789545588	114954240
1789545593	114954240
1789545598	114954240
1789545603	114954240
1789545608	114954240
1789545613	114954240
1789545618	114954240
1789545623	114954240
1789545628	114954240
1789545633	114954240
1789545638	114954240
1789545643	114954240
1789545648	114954240
1789545653	114954240
1789545658	114954240
1789545663	114954240
1789545668	114954240
1789545673	114954240
1789545678	114954240
1789545683	114954240
1789545688	114954240
1789545693	114954240
1789545698	114954240
1789545703	114954240
1789545708	114954240
1789545713	114954240
1789545718	114954240
1789545723	114954240
1789545728	114954240
1789545733	114954240
1789545738	114954240
1789545743	114954240
1789545748	114954240
1789545753	114954240
1789545758	114954240
1789545763	114954240
1789545768	114954240
1789545773	114954240
1789545778	114954240
1789545783	114954240
1789545788	114954240
1789545793	114954240
1789545798	114954240
1789545803	114954240
1789545808	114954240
1789545813	114954240
1789545818	114954240
1789545823	114954240
1789545828	114954240
1789545833	114954240
1789545838	114954240
1789545843	114954240
1789545848	114954240
1789545853	114954240
1789545858	114954240
1789545863	114954240
1789545868	114954240
1789545873	114954240
1789545878	114954240
1789545883	114954240
1789545888	114954240
1789545893	114954240
1789545898	114954240
1789545903	114954240
1789545908	114954240
1789545913	114954240
1789545918	114954240
1789545923	114954240
1789545928	114954240
1789545933	114954240
1789545938	114954240
1789545943	114954240
1789545948	114954240
1789545953	114954240
1789545958	114954240
1789545963	114954240
1789545968	114954240
1789545973	114954240
1789545978	114954240
1789545983	114954240
1789545988	114954240
1789545993	114954240
1789545998	114954240
1789546003	114954240
1789546008	114954240
1789546013	114954240
1789546018	114954240
1789546023	114954240
1789546028	114954240
1789546033	114954240
1789546038	114954240
1789546043	114954240
1789546048	114954240
1789546054	114954240
1789546059	114954240
1789546064	114954240
1789546069	114954240
1789546074	114954240
1789546079	114954240
1789546084	114954240
1789546089	114954240
1789546094	114954240
1789546099	114954240
1789546104	114954240
1789546109	114954240
1789546114	114954240
1789546119	114954240
1789546124	114954240
1789546129	114954240
1789546134	114954240
1789546139	114954240
1789546144	114954240
1789546149	114954240
1789546154	114954240
1789546159	114954240
1789546164	114954240
1789546169	114954240
1789546174	114954240
1789546179	114954240
1789546184	114954240
1789546189	114954240
1789546194	114954240
1789546199	114954240
1789546204	114954240
1789546209	114954240
1789546214	114954240
1789546219	114954240
1789546224	114954240
1789546229	114954240
1789546234	114954240
1789546239	114954240
1789546244	114954240
1789546249	114954240
1789546254	114954240
1789546259	114954240
1789546264	114954240
1789546269	114954240
1789546274	114954240
1789546279	114954240
1789546284	114954240
1789546289	114954240
1789546294	114954240
1789546299	114954240
1789546304	114954240
1789546309	114954240
1789546314	114954240
1789546319	114954240
1789546324	114954240
1789546329	114954240
1789546334	114954240
1789546339	114954240
1789546344	114954240
1789546349	114954240
1789546354	114954240
1789546359	114954240
1789546364	114954240
1789546369	114954240
1789546374	114954240
1789546379	114954240
1789546384	114954240
1789546389	114954240
1789546394	114954240
1789546399	114954240
1789546404	114954240
1789546409	114954240
1789546414	114954240
1789546419	114954240
1789546424	114954240
1789546429	114954240
1789546434	114954240
1789546439	114954240
1789546444	114954240
1789546449	114954240
1789546454	114954240
1789546459	114954240
1789546464	114954240
1789546469	114954240
1789546474	114954240
1789546479	114954240
1789546484	114954240
1789546489	114954240
1789546494	114954240
1789546499	114954240
1789546504	114954240
1789546509	114954240
1789546514	114954240
1789546519	114954240
1789546524	114954240
1789546529	114954240
1789546534	114954240
1789546539	114954240
1789546544	114954240
1789546549	114954240
1789546554	114954240
1789546559	114954240
1789546564	114954240
1789546569	114954240
1789546574	114954240
1789546579	114954240
1789546584	114954240
1789546589	114954240
1789546594	114954240
1789546599	114954240
1789546604	114954240
1789546609	114954240
1789546614	114954240
1789546619	114954240
1789546624	114954240
1789546629	114954240
1789546634	114954240
1789546639	114954240
1789546644	114954240
1789546649	114954240
1789546654	114954240
1789546659	114954240
1789546664	114954240
1789546669	114954240
1789546674	114954240
1789546679	114954240
1789546684	114954240
1789546689	114954240
1789546694	114954240
1789546699	114954240
1789546704	114954240
1789546709	114954240
1789546714	114954240
1789546719	114954240
1789546724	114954240
1789546729	114954240
1789546734	114954240
1789546739	114954240
1789546744	114954240
1789546749	114954240
1789546754	114954240
1789546759	114954240
1789546764	114954240
1789546769	114954240
1789546774	114954240
1789546779	114954240
1789546785	114954240
1789546790	114954240
1789546795	114954240
1789546800	114954240
1789546805	114954240
1789546810	114954240
1789546815	114954240
1789546820	114954240
1789546825	114954240
1789546830	114954240
1789546835	114954240
1789546840	114954240
1789546845	114954240
1789546850	114954240
1789546855	114954240
1789546860	114954240
1789546865	114954240
1789546870	114954240
1789546875	114954240
1789546880	114954240
1789546885	114954240
1789546890	114954240
1789546895	114954240
1789546900	114954240
1789546905	114954240
1789546910	114954240
1789546915	114954240
1789546920	114954240
1789546925	114954240
1789546930	114954240
1789546935	114954240
1789546940	114954240
1789546945	114954240
1789546950	114954240
1789546955	114954240
1789546960	114954240
1789546965	114954240
1789546970	114954240
1789546975	114954240
1789546980	114954240
1789546985	114954240
1789546990	114954240
1789546995	114954240
1789547000	114954240
1789547005	114954240
1789547010	114954240
1789547015	114954240
1789547020	114954240
1789547025	114954240
1789547030	114954240
1789547035	114954240
1789547040	114954240
1789547045	114954240
1789547050	114954240
1789547055	114954240
1789547060	114954240
1789547065	114954240
1789547070	114954240
1789547075	114954240
1789547080	114954240
1789547085	114954240
1789547090	114954240
1789547095	114954240
1789547100	114954240
1789547105	114954240
1789547110	114954240
1789547115	114954240
1789547120	114954240
1789547125	114954240
1789547130	114954240
1789547135	114954240
1789547140	114954240
1789547145	114954240
1789547150	114954240
1789547155	114954240
1789547160	114954240
1789547165	114954240
1789547170	114954240
1789547175	114954240
1789547180	114954240
1789547185	114954240
1789547190	114954240
1789547195	114954240
1789547200	114954240
1789547205	114954240
1789547210	114954240
1789547215	114954240
1789547220	114954240
1789547225	114954240
1789547230	114954240
1789547235	114954240
1789547240	114954240
1789547245	114954240
1789547250	114954240
1789547255	114954240
1789547260	114954240
1789547265	114954240
1789547270	114954240
1789547275	114954240
1789547280	114954240
1789547285	114954240
1789547290	114954240
1789547295	114954240
1789547300	114954240
1789547305	114954240
1789547310	114954240
1789547315	114954240
1789547320	114954240
1789547325	114954240
1789547330	114954240
1789547335	114954240
1789547340	114954240
1789547345	114954240
1789547350	114954240
1789547355	114954240
1789547360	114954240
1789547365	114954240
1789547370	114954240
1789547375	114954240
1789547380	114954240
1789547385	114954240
1789547390	114954240
1789547395	114954240
1789547400	114954240
1789547405	114954240
1789547410	114954240
1789547415	114954240
1789547420	114954240
1789547425	114954240
1789547430	114954240
1789547435	114954240
1789547440	114954240
1789547445	114954240
1789547450	114954240
1789547455	114954240
1789547460	114954240
1789547465	114954240
1789547470	114954240
1789547475	114954240
1789547480	114954240
1789547485	114954240
1789547490	114954240
1789547495	114954240
1789547500	114954240
1789547505	114954240
1789547510	114954240
1789547516	114954240
1789547521	114954240
1789547526	114954240
1789547531	114954240
1789547536	114954240
1789547541	114954240
1789547546	114954240
1789547551	114954240
1789547556	114954240
1789547561	114954240
1789547566	114954240
1789547571	114954240
1789547576	114954240
1789547581	114954240
1789547586	114954240
1789547591	114954240
1789547596	114954240
1789547601	114954240
1789547606	114954240
1789547611	114954240
1789547616	114954240
1789547621	114954240
1789547626	114954240
1789547631	114954240
1789547636	114954240
1789547641	114954240
1789547646	114954240
1789547651	114954240
1789547656	114954240
1789547661	114954240
1789547666	114954240
1789547671	114954240
1789547676	114954240
1789547681	114954240
1789547686	114954240
1789547691	114954240
1789547696	114954240
1789547701	114954240
1789547706	114954240
1789547711	114954240
1789547716	114954240
1789547721	114954240
1789547726	114954240
1789547731	114954240
1789547736	114954240
1789547741	114954240
1789547746	114954240
1789547751	114954240
1789547756	114954240
1789547761	114954240
1789547766	114954240
1789547771	114954240
1789547776	114954240
1789547781	114954240
1789547786	114954240
1789547791	114954240
1789547796	114954240
1789547801	114954240
1789547806	114954240
1789547811	114954240
1789547816	114954240
1789547821	114954240
1789547826	114954240
1789547831	114954240
1789547836	114954240
1789547841	114954240
1789547846	114954240
1789547851	114954240
1789547856	114954240
1789547861	114954240
1789547866	114954240
1789547871	114954240
1789547876	114954240
1789547881	114954240
1789547886	114954240
1789547891	114954240
1789547896	114954240
1789547901	114954240
1789547906	114954240
1789547911	114954240
1789547916	114954240
1789547921	114954240
1789547926	114954240
1789547931	114954240
1789547936	114954240
1789547941	114954240
1789547946	114954240
1789547951	114954240
1789547956	114954240
1789547961	114954240
1789547966	114954240
1789547971	114954240
1789547976	114954240
1789547981	114954240
1789547986	114954240
1789547991	114954240
1789547996	114954240
1789548001	114954240
1789548006	114954240
1789548011	114954240
1789548016	114954240
1789548021	114954240
1789548026	114954240
1789548031	114954240
1789548036	114954240
1789548041	114954240
1789548046	114954240
1789548051	114954240
1789548056	114954240
1789548061	114954240
1789548066	114954240
1789548071	114954240
1789548076	114954240
1789548081	114954240
1789548086	114954240
1789548091	114954240
1789548096	114954240
1789548101	114954240
1789548106	114954240
1789548111	114954240
1789548116	114954240
1789548121	114954240
1789548126	114954240
1789548131	114954240
1789548136	114954240
1789548141	114954240
1789548146	114954240
1789548151	114954240
1789548156	114954240
1789548161	114954240
1789548166	114954240
1789548171	114954240
1789548176	114954240
1789548181	114954240
1789548186	114954240
1789548191	114954240
1789548196	114954240
1789548201	114954240
1789548206	114954240
1789548211	114954240
1789548216	114954240
1789548221	114954240
1789548226	114954240
1789548231	114954240
1789548236	114954240
1789548241	114954240
1789548247	114954240
1789548252	114954240
1789548257	114954240
1789548262	114954240
1789548267	114954240
1789548272	114954240
1789548277	114954240
1789548282	114954240
1789548287	114954240
1789548292	114954240
1789548297	114954240
1789548302	114954240
1789548307	114954240
1789548312	114954240
1789548317	114954240
1789548322	114954240
1789548327	114954240
1789548332	114954240
1789548337	114954240
1789548342	114954240
1789548347	114954240
1789548352	114954240
1789548357	114954240
1789548362	114954240
1789548367	114954240
1789548372	114954240
1789548377	114954240
1789548382	114954240
1789548387	114954240
1789548392	114954240
1789548397	114954240
1789548402	114954240
1789548407	114954240
1789548412	114954240
1789548417	114954240
1789548422	114954240
1789548427	114954240
1789548432	114954240
1789548437	114954240
1789548442	114954240
1789548447	114954240
1789548452	114954240
1789548457	114954240
1789548462	114954240
1789548467	114954240
1789548472	114954240
1789548477	114954240
1789548482	114954240
1789548487	114954240
1789548492	114954240
1789548497	114954240
1789548502	114954240
1789548507	114954240
1789548512	114954240
1789548517	114954240
1789548522	114954240
1789548527	114954240
1789548532	114954240
1789548537	114954240
1789548542	114954240
1789548547	114954240
1789548552	114954240
1789548557	114954240
1789548562	114954240
1789548567	114954240
1789548572	114954240
1789548577	114954240
1789548582	114954240
1789548587	114954240
1789548592	114954240
1789548597	114954240
1789548602	114954240
1789548607	114954240
1789548612	114954240
1789548617	114954240
1789548622	114954240
1789548627	114954240
1789548632	114954240
1789548637	114954240
1789548642	114954240
1789548647	114954240
1789548652	114954240
1789548657	114954240
1789548662	114954240
1789548667	114954240
1789548672	114954240
1789548677	114954240
1789548682	114954240
1789548687	114954240
1789548692	114954240
1789548697	114954240
1789548702	114954240
1789548707	114954240
1789548712	114954240
1789548717	114954240
1789548722	114954240
1789548727	114954240
1789548732	114954240
1789548737	114954240
1789548742	114954240
1789548747	114954240
1789548752	114954240
1789548757	114954240
1789548762	114954240
1789548767	114954240
1789548772	114954240
1789548777	114954240
1789548782	114954240
1789548787	114954240
1789548792	114954240
1789548797	114954240
1789548802	114954240
1789548807	114954240
1789548812	114954240
1789548817	114954240
1789548822	114954240
1789548827	114954240
1789548832	114954240
1789548837	114954240
1789548842	114954240
1789548847	114954240
1789548852	114954240
1789548857	114954240
1789548862	114954240
1789548867	114954240
1789548872	114954240
1789548877	114954240
1789548882	114954240
1789548887	114954240
1789548892	114954240
1789548897	114954240
1789548902	114954240
1789548907	114954240
1789548912	114954240
1789548917	114954240
1789548922	114954240
1789548927	114954240
1789548932	114954240
1789548937	114954240
1789548942	114954240
1789548947	114954240
1789548952	114954240
1789548957	114954240
1789548962	114954240
1789548967	114954240
1789548972	114954240
1789548977	114954240
1789548983	114954240
1789548988	114954240
1789548993	114954240
1789548998	114954240
1789549003	114954240
1789549008	114954240
1789549013	114954240
1789549018	114954240
1789549023	114954240
1789549028	114954240
1789549033	114954240
1789549038	114954240
1789549043	114954240
1789549048	114954240
1789549053	114954240
1789549058	114954240
1789549063	114954240
1789549068	114954240
1789549073	114954240
1789549078	114954240
1789549083	114954240
1789549088	114954240
1789549093	114954240
1789549098	114954240
1789549103	114954240
1789549108	114954240
1789549113	114954240
1789549118	114954240
1789549123	114954240
1789549128	114954240
1789549133	114954240
1789549138	114954240
1789549143	114954240
1789549148	114954240
1789549153	114954240
1789549158	114954240
1789549163	114954240
1789549168	114954240
1789549173	114954240
1789549178	114954240
1789549183	114954240
1789549188	114954240
1789549193	114954240
1789549198	114954240
1789549203	114954240
1789549208	114954240
1789549213	114954240
1789549218	114954240
1789549223	114954240
1789549228	114954240
1789549233	114954240
1789549238	114954240
1789549243	114954240
1789549248	114954240
1789549253	114954240
1789549258	114954240
1789549263	114954240
1789549268	114954240
1789549273	114954240
1789549278	114954240
1789549283	114954240
1789549288	114954240
1789549293	114954240
1789549298	114954240
1789549303	114954240
1789549308	114954240
1789549313	114954240
1789549318	114954240
1789549323	114954240
1789549328	114954240
1789549333	114954240
1789549338	114954240
1789549343	114954240
1789549348	114954240
1789549353	114954240
1789549358	114954240
1789549363	114954240
1789549368	114954240
1789549373	114954240
1789549378	114954240
1789549383	114954240
1789549388	114954240
1789549393	114954240
1789549398	114954240
1789549403	114954240
1789549408	114954240
1789549413	114954240
1789549418	114954240
1789549423	114954240
1789549428	114954240
1789549433	114954240
1789549438	114954240
1789549443	114954240
1789549448	114954240
1789549453	114954240
1789549458	114954240
1789549463	114954240
1789549468	114954240
1789549473	114954240
1789549478	114954240
1789549483	114954240
1789549488	114954240
1789549493	114954240
1789549498	114954240
1789549503	114954240
1789549508	114954240
1789549513	114954240
1789549518	114954240
1789549523	114954240
1789549528	114954240
1789549533	114954240
1789549538	114954240
1789549543	114954240
1789549548	114954240
1789549553	114954240
1789549558	114954240
1789549563	114954240
1789549568	114954240
1789549573	114954240
1789549578	114954240
1789549583	114954240
1789549588	114954240
1789549593	114954240
1789549598	114954240
1789549603	114954240
1789549608	114954240
1789549613	114954240
1789549618	114954240
1789549623	114954240
1789549628	114954240
1789549633	114954240
1789549638	114954240
1789549643	114954240
1789549648	114954240
1789549653	114954240
1789549658	114954240
1789549663	114954240
1789549668	114954240
1789549673	114954240
1789549678	114954240
1789549683	114954240
1789549688	114954240
1789549693	114954240
1789549698	114954240
1789549703	114954240
1789549708	114954240
1789549713	114954240
1789549718	114954240
1789549723	114954240
1789549729	114954240
1789549734	114954240
1789549739	114954240
1789549744	114954240
1789549749	114954240
1789549754	114954240
1789549759	114954240
1789549764	114954240
1789549769	114954240
1789549774	114954240
1789549779	114954240
1789549784	114954240
1789549789	114954240
1789549794	114954240
1789549799	114954240
1789549804	114954240
1789549809	114954240
1789549814	114954240
1789549819	114954240
1789549824	114954240
1789549829	114954240
1789549834	114954240
1789549839	114954240
1789549844	114954240
1789549849	114954240
1789549854	114954240
1789549859	114954240
1789549864	114954240
1789549869	114954240
1789549874	114954240
1789549879	114954240
1789549884	114954240
1789549889	114954240
1789549894	114954240
1789549899	114954240
1789549904	114954240
1789549909	114954240
1789549914	114954240
1789549919	114954240
1789549924	114954240
1789549929	114954240
1789549934	114954240
1789549939	114954240
1789549944	114954240
1789549949	114954240
1789549954	114954240
1789549959	114954240
1789549964	114954240
1789549969	114954240
1789549974	114954240
1789549979	114954240
1789549984	114954240
1789549989	114954240
1789549994	114954240
1789549999	114954240
1789550004	114954240
1789550009	114954240
1789550014	114954240
1789550019	114954240
1789550024	114954240
1789550029	114954240
1789550034	114954240
1789550039	114954240
1789550044	114954240
1789550049	114954240
1789550054	114954240
1789550059	114954240
1789550064	114954240
1789550069	114954240
1789550074	114954240
1789550079	114954240
1789550084	114954240
1789550089	114954240
1789550094	114954240
1789550099	114954240
1789550104	114954240
1789550109	114954240
1789550114	114954240
1789550119	114954240
1789550124	114954240
1789550129	114954240
1789550134	114954240
1789550139	114954240
1789550144	114954240
1789550149	114954240
1789550154	114954240
1789550159	114954240
1789550164	114954240
1789550169	114954240
1789550174	114954240
1789550179	114954240
1789550184	114954240
1789550189	114954240
1789550194	114954240
1789550199	114954240
1789550204	114954240
1789550209	114954240
1789550214	114954240
1789550219	114954240
1789550224	114954240
1789550229	114954240
1789550234	114954240
1789550239	114954240
1789550244	114954240
1789550249	114954240
1789550254	114954240
1789550259	114954240
1789550264	114954240
1789550269	114954240
1789550274	114954240
1789550279	114954240
1789550284	114954240
1789550289	114954240
1789550294	114954240
1789550299	114954240
1789550304	114954240
1789550309	114954240
1789550314	114954240
1789550319	114954240
1789550324	114954240
1789550329	114954240
1789550334	114954240
1789550339	114954240
1789550344	114954240
1789550349	114954240
1789550354	114954240
1789550359	114954240
1789550364	114954240
1789550369	114954240
1789550374	114954240
1789550379	114954240
1789550384	114954240
1789550389	114954240
1789550394	114954240
1789550399	114954240
1789550404	114954240
1789550409	114954240
1789550414	114954240
1789550419	114954240
1789550424	114954240
1789550429	114954240
1789550434	114954240
1789550439	114954240
1789550444	114954240
1789550449	114954240
1789550454	114954240
1789550459	114954240
1789550464	114954240
1789550469	114954240
1789550475	114954240
1789550480	114954240
1789550485	114954240
1789550490	114954240
1789550495	114954240
1789550500	114954240
1789550505	114954240
1789550510	114954240
1789550515	114954240
1789550520	114954240
1789550525	114954240
1789550530	114954240
1789550535	114954240
1789550540	114954240
1789550545	114954240
1789550550	114954240
1789550555	114954240
1789550560	114954240
1789550565	114954240
1789550570	114954240
1789550575	114954240
1789550580	114954240
1789550585	114954240
1789550590	114954240
1789550595	114954240
1789550600	114954240
1789550605	114954240
1789550610	114954240
1789550615	114954240
1789550620	114954240
1789550625	114954240
1789550630	114954240
1789550635	114954240
1789550640	114954240
1789550645	114954240
1789550650	114954240
1789550655	114954240
1789550660	114954240
1789550665	114954240
1789550670	114954240
1789550675	114954240
1789550680	114954240
1789550685	114954240
1789550690	114954240
1789550695	114954240
1789550700	114954240
1789550705	114954240
1789550710	114954240
1789550715	114954240
1789550720	114954240
1789550725	114954240
1789550730	114954240
1789550735	114954240
1789550740	114954240
1789550745	114954240
1789550750	114954240
1789550755	114954240
1789550760	114954240
1789550765	114954240
1789550770	114954240
1789550775	114954240
1789550780	114954240
1789550785	114954240
1789550790	114954240
1789550795	114954240
1789550800	114954240
1789550805	114954240
1789550810	114954240
1789550815	114954240
1789550820	114954240
1789550825	114954240
1789550830	114954240
1789550835	114954240
1789550840	114954240
1789550845	114954240
1789550850	114954240
1789550855	114954240
1789550860	114954240
1789550865	114954240
1789550870	114954240
1789550875	114954240
1789550880	114954240
1789550885	114954240
1789550890	114954240
1789550895	114954240
1789550900	114954240
1789550905	114954240
1789550910	114954240
1789550915	114954240
1789550920	114954240
1789550925	114954240
1789550930	114954240
1789550935	114954240
1789550940	114954240
1789550945	114954240
1789550950	114954240
1789550955	114954240
1789550960	114954240
1789550965	114954240
1789550970	114954240
1789550975	114954240
1789550980	114954240
1789550985	114954240
1789550990	114954240
1789550995	114954240
1789551000	114954240
1789551005	114954240
1789551010	114954240
1789551015	114954240
1789551020	114954240
1789551025	114954240
1789551030	114954240
1789551035	114954240
1789551040	114954240
1789551045	114954240
1789551050	114954240
1789551055	114954240
1789551060	114954240
1789551065	114954240
1789551070	114954240
1789551075	114954240
1789551080	114954240
1789551085	114954240
1789551090	114954240
1789551095	114954240
1789551100	114954240
1789551105	114954240
1789551110	114954240
1789551115	114954240
1789551120	114954240
1789551125	114954240
1789551130	114954240
1789551135	114954240
1789551140	114954240
1789551145	114954240
1789551150	114954240
1789551155	114954240
1789551160	114954240
1789551165	114954240
1789551170	114954240
1789551175	114954240
1789551180	114954240
1789551185	114954240
1789551190	114954240
1789551195	114954240
1789551200	114954240
1789551205	114954240
1789551210	114954240
1789551215	114954240
1789551220	114954240
1789551225	114954240
1789551230	114954240
1789551236	114954240
1789551241	114954240
1789551246	114954240
1789551251	114954240
1789551256	114954240
1789551261	114954240
1789551266	114954240
1789551271	114954240
1789551276	114954240
1789551281	114954240
1789551286	114954240
1789551291	114954240
1789551296	114954240
1789551301	114954240
1789551306	114954240
1789551311	114954240
1789551316	114954240
1789551321	114954240
1789551326	114954240
1789551331	114954240
1789551336	114954240
1789551341	114954240
1789551346	114954240
1789551351	114954240
1789551356	114954240
1789551361	114954240
1789551366	114954240
1789551371	114954240
1789551376	114954240
1789551381	114954240
1789551386	114954240
1789551391	114954240
1789551396	114954240
1789551401	114954240
1789551406	114954240
1789551411	114954240
1789551416	114954240
1789551421	114954240
1789551426	114954240
1789551431	114954240
1789551436	114954240
1789551441	114954240
1789551446	114954240
1789551451	114954240
1789551456	114954240
1789551461	114954240
1789551466	114954240
1789551471	114954240
1789551476	114954240
1789551481	114954240
1789551486	114954240
1789551491	114954240
1789551496	114954240
1789551501	114954240
1789551506	114954240
1789551511	114954240
1789551516	114954240
1789551521	114954240
1789551526	114954240
1789551531	114954240
1789551536	114954240
1789551541	114954240
1789551546	114954240
1789551551	114954240
1789551556	114954240
1789551561	114954240
1789551566	114954240
1789551571	114954240
1789551576	114954240
1789551581	114954240
1789551586	114954240
1789551591	114954240
1789551596	114954240
1789551601	114954240
1789551606	114954240
1789551611	114954240
1789551616	114954240
1789551621	114954240
1789551626	114954240
1789551631	114954240
1789551636	114954240
1789551641	114954240
1789551646	114954240
1789551651	114954240
1789551656	114954240
1789551661	114954240
1789551666	114954240
1789551671	114954240
1789551676	114954240
1789551681	114954240
1789551686	114954240
1789551691	114954240
1789551696	114954240
1789551701	114954240
1789551706	114954240
1789551711	114954240
1789551716	114954240
1789551721	114954240
1789551726	114954240
1789551731	114954240
1789551736	114954240
1789551741	114954240
1789551746	114954240
1789551751	114954240
1789551756	114954240
1789551761	114954240
1789551766	114954240
1789551771	114954240
1789551776	114954240
1789551781	114954240
1789551786	114954240
1789551791	114954240
1789551796	114954240
1789551801	114954240
1789551806	114954240
1789551811	114954240
1789551816	114954240
1789551821	114954240
1789551826	114954240
1789551831	114954240
1789551836	114954240
1789551841	114954240
1789551846	114954240
1789551851	114954240
1789551856	114954240
1789551861	114954240
1789551866	114954240
1789551871	114954240
1789551876	114954240
1789551881	114954240
1789551886	114954240
1789551891	114954240
1789551896	114954240
1789551901	114954240
1789551906	114954240
1789551911	114954240
1789551916	114954240
1789551921	114954240
1789551926	114954240
1789551931	114954240
1789551936	114954240
1789551941	114954240
1789551946	114954240
1789551951	114954240
1789551956	114954240
1789551961	114954240
1789551966	114954240
1789551971	114954240
1789551976	114954240
1789551981	114954240
1789551986	114954240
1789551991	114954240
1789551997	114954240
1789552002	114954240
1789552007	114954240
1789552012	114954240
1789552017	114954240
1789552022	114954240
1789552027	114954240
1789552032	114954240
1789552037	114954240
1789552042	114954240
1789552047	114954240
1789552052	114954240
1789552057	114954240
1789552062	114954240
1789552067	114954240
1789552072	114954240
1789552077	114954240
1789552082	114954240
1789552087	114954240
1789552092	114954240
1789552097	114954240
1789552102	114954240
1789552107	114954240
1789552112	114954240
1789552117	114954240
1789552122	114954240
1789552127	114954240
1789552132	114954240
1789552137	114954240
1789552142	114954240
1789552147	114954240
1789552152	114954240
1789552157	114954240
1789552162	114954240
1789552167	114954240
1789552172	114954240
1789552177	114954240
1789552182	114954240
1789552187	114954240
1789552192	114954240
1789552197	114954240
1789552202	114954240
1789552207	114954240
1789552212	114954240
1789552217	114954240
1789552222	114954240
1789552227	114954240
1789552232	114954240
1789552237	114954240
1789552242	114954240
1789552247	114954240
1789552252	114954240
1789552257	114954240
1789552262	114954240
1789552267	114954240
1789552272	114954240
1789552277	114954240
1789552282	114954240
1789552287	114954240
1789552292	114954240
1789552297	114954240
1789552302	114954240
1789552307	114954240
1789552312	114954240
1789552317	114954240
1789552322	114954240
1789552327	114954240
1789552332	114954240
1789552337	114954240
1789552342	114954240
1789552347	114954240
1789552352	114954240
1789552357	114954240
1789552362	114954240
1789552367	114954240
1789552372	114954240
1789552377	114954240
1789552382	114954240
1789552387	114954240
1789552392	114954240
1789552397	114954240
1789552402	114954240
1789552407	114954240
1789552412	114954240
1789552417	114954240
1789552422	114954240
1789552427	114954240
1789552432	114954240
1789552437	114954240
1789552442	114954240
1789552447	114954240
1789552452	114954240
1789552457	114954240
1789552462	114954240
1789552467	114954240
1789552472	114954240
1789552477	114954240
1789552482	114954240
1789552487	114954240
1789552492	114954240
1789552497	114954240
1789552502	114954240
1789552507	114954240
1789552512	114954240
1789552517	114954240
1789552522	114954240
1789552527	114954240
1789552532	114954240
1789552537	114954240
1789552542	114954240
1789552547	114954240
1789552552	114954240
1789552557	114954240
1789552562	114954240
1789552567	114954240
1789552572	114954240
1789552577	114954240
1789552582	114954240
1789552587	114954240
1789552592	114954240
1789552597	114954240
1789552602	114954240
1789552607	114954240
1789552612	114954240
1789552617	114954240
1789552622	114954240
1789552627	114954240
1789552632	114954240
1789552637	114954240
1789552642	114954240
1789552647	114954240
1789552652	114954240
1789552657	114954240
1789552662	114954240
1789552667	114954240
1789552672	114954240
1789552677	114954240
1789552682	114954240
1789552687	114954240
1789552692	114954240
1789552697	114954240
1789552702	114954240
1789552707	114954240
1789552712	114954240
1789552717	114954240
1789552722	114954240
1789552727	114954240
1789552732	114954240
1789552737	114954240
1789552742	114954240
1789552747	114954240
1789552753	114954240
1789552758	114954240
1789552763	114954240
1789552768	114954240
1789552773	114954240
1789552778	114954240
1789552783	114954240
1789552788	114954240
1789552793	114954240
1789552798	114954240
1789552803	114954240
1789552808	114954240
1789552813	114954240
1789552818	114954240
1789552823	114954240
1789552828	114954240
1789552833	114954240
1789552838	114954240
1789552843	114954240
1789552848	114954240
1789552853	114954240
1789552858	114954240
1789552863	114954240
1789552868	114954240
1789552873	114954240
1789552878	114954240
1789552883	114954240
1789552888	114954240
1789552893	114954240
1789552898	114954240
1789552903	114954240
1789552908	114954240
1789552913	114954240
1789552918	114954240
1789552923	114954240
1789552928	114954240
1789552933	114954240
1789552938	114954240
1789552943	114954240
1789552948	114954240
1789552953	114954240
1789552958	114954240
1789552963	114954240
1789552968	114954240
1789552973	114954240
1789552978	114954240
1789552983	114954240
1789552988	114954240
1789552993	114954240
1789552998	114954240
1789553003	114954240
1789553008	114954240
1789553013	114954240
1789553018	114954240
1789553023	114954240
1789553028	114954240
1789553033	114954240
1789553038	114954240
1789553043	114954240
1789553048	114954240
1789553053	114954240
1789553058	114954240
1789553063	114954240
1789553068	114954240
1789553073	114954240
1789553078	114954240
1789553083	114954240
1789553088	114954240
1789553093	114954240
1789553098	114954240
1789553103	114954240
1789553108	114954240
1789553113	114954240
1789553118	114954240
1789553123	114954240
1789553128	114954240
1789553133	114954240
1789553138	114954240
1789553143	114954240
1789553148	114954240
1789553153	114954240
1789553158	114954240
1789553163	114954240
1789553168	114954240
1789553173	114954240
1789553178	114954240
1789553183	114954240
1789553188	114954240
1789553193	114954240
1789553198	114954240
1789553203	114954240
1789553208	114954240
1789553213	114954240
1789553218	114954240
1789553223	114954240
1789553228	114954240
1789553233	114954240
1789553238	114954240
1789553243	114954240
1789553248	114954240
1789553253	114954240
1789553258	114954240
1789553263	114954240
1789553268	114954240
1789553273	114954240
1789553278	114954240
1789553283	114954240
1789553288	114954240
1789553293	114954240
1789553298	114954240
1789553303	114954240
1789553308	114954240
1789553313	114954240
1789553318	114954240
1789553323	114954240
1789553328	114954240
1789553333	114954240
1789553338	114954240
1789553343	114954240
1789553348	114954240
1789553353	114954240
1789553358	114954240
1789553363	114954240
1789553368	114954240
1789553373	114954240
1789553378	114954240
1789553383	114954240
1789553388	114954240
1789553393	114954240
1789553398	114954240
1789553403	114954240
1789553408	114954240
1789553413	114954240
1789553418	114954240
1789553423	114954240
1789553428	114954240
1789553433	114954240
1789553438	114954240
1789553443	114954240
1789553448	114954240
1789553453	114954240
1789553458	114954240
1789553463	114954240
1789553468	114954240
1789553473	114954240
1789553478	114954240
1789553483	114954240
1789553488	114954240
1789553493	114954240
1789553498	114954240
1789553503	114954240
1789553508	114954240
1789553514	114954240
1789553519	114954240
1789553524	114954240
1789553529	114954240
1789553534	114954240
1789553539	114954240
1789553544	114954240
1789553549	114954240
1789553554	114954240
1789553559	114954240
1789553564	114954240
1789553569	114954240
1789553574	114954240
1789553579	114954240
1789553584	114954240
1789553589	114954240
1789553594	114954240
1789553599	114954240
1789553604	114954240
1789553609	114954240
1789553614	114954240
1789553619	114954240
1789553624	114954240
1789553629	114954240
1789553634	114954240
1789553639	114954240
1789553644	114954240
1789553649	114954240
1789553654	114954240
1789553659	114954240
1789553664	114954240
1789553669	114954240
1789553674	114954240
1789553679	114954240
1789553684	114954240
1789553689	114954240
1789553694	114954240
1789553699	114954240
1789553704	114954240
1789553709	114954240
1789553714	114954240
1789553719	114954240
1789553724	114954240
1789553729	114954240
1789553734	114954240
1789553739	114954240
1789553744	114954240
1789553749	114954240
1789553754	114954240
1789553759	114954240
1789553764	114954240
1789553769	114954240
1789553774	114954240
1789553779	114954240
1789553784	114954240
1789553789	114954240
1789553794	114954240
1789553799	114954240
1789553804	114954240
1789553809	114954240
1789553814	114954240
1789553819	114954240
1789553824	114954240
1789553829	114954240
1789553834	114954240
1789553839	114954240
1789553844	114954240
1789553849	114954240
1789553854	114954240
1789553859	114954240
1789553864	114954240
1789553869	114954240
1789553874	114954240
1789553879	114954240
1789553884	114954240
1789553889	114954240
1789553894	114954240
1789553899	114954240
1789553904	114954240
1789553909	114954240
1789553914	114954240
1789553919	114954240
1789553924	114954240
1789553929	114954240
1789553934	114954240
1789553939	114954240
1789553944	114954240
1789553949	114954240
1789553954	114954240
1789553959	114954240
1789553964	114954240
1789553969	114954240
1789553974	114954240
1789553979	114954240
1789553984	114954240
1789553989	114954240
1789553994	114954240
1789553999	114954240
1789554004	114954240
1789554009	114954240
1789554014	114954240
1789554019	114954240
1789554024	114954240
1789554029	114954240
1789554034	114954240
1789554039	114954240
1789554044	114954240
1789554049	114954240
1789554054	114954240
1789554059	114954240
1789554064	114954240
1789554069	114954240
1789554074	114954240
1789554079	114954240
1789554084	114954240
1789554089	114954240
1789554094	114954240
1789554099	114954240
1789554104	114954240
1789554109	114954240
1789554114	114954240
1789554119	114954240
1789554124	114954240
1789554129	114954240
1789554134	114954240
1789554139	114954240
1789554144	114954240
1789554149	114954240
1789554154	114954240
1789554159	114954240
1789554164	114954240
1789554169	114954240
1789554174	114954240
1789554179	114954240
1789554184	114954240
1789554189	114954240
1789554194	114954240
1789554199	114954240
1789554204	114954240
1789554209	114954240
1789554214	114954240
1789554219	114954240
1789554224	114954240
1789554229	114954240
1789554234	114954240
1789554239	114954240
1789554244	114954240
1789554249	114954240
1789554254	114954240
1789554259	114954240
1789554264	114954240
1789554269	114954240
1789554275	114954240
1789554280	114954240
1789554285	114954240
1789554290	114954240
1789554295	114954240
1789554300	114954240
1789554305	114954240
1789554310	114954240
1789554315	114954240
1789554320	114954240
1789554325	114954240
1789554330	114954240
1789554335	114954240
1789554340	114954240
1789554345	114954240
1789554350	114954240
1789554355	114954240
1789554360	114954240
1789554365	114954240
1789554370	114954240
1789554375	114954240
1789554380	114954240
1789554385	114954240
1789554390	114954240
1789554395	114954240
1789554400	114954240
1789554405	114954240
1789554410	114954240
1789554415	114954240
1789554420	114954240
1789554425	114954240
1789554430	114954240
1789554435	114954240
1789554440	114954240
1789554445	114954240
1789554450	114954240
1789554455	114954240
1789554460	114954240
1789554465	114954240
1789554470	114954240
1789554475	114954240
1789554480	114954240
1789554485	114954240
1789554490	114954240
1789554495	114954240
1789554500	114954240
1789554505	114954240
1789554510	114954240
1789554515	114954240
1789554520	114954240
1789554525	114954240
1789554530	114954240
1789554535	114954240
1789554540	114954240
1789554545	114954240
1789554550	114954240
1789554555	114954240
1789554560	114954240
1789554565	114954240
1789554570	114954240
1789554575	114954240
1789554580	114954240
1789554585	114954240
1789554590	114954240
1789554595	114954240
1789554600	114954240
1789554605	114954240
1789554610	114954240
1789554615	114954240
1789554620	114954240
1789554625	114954240
1789554630	114954240
1789554635	114954240
1789554640	114954240
1789554645	114954240
1789554650	114954240
1789554655	114954240
1789554660	114954240
1789554665	114954240
1789554670	114954240
1789554675	114954240
1789554680	114954240
1789554685	114954240
1789554690	114954240
1789554695	114954240
1789554700	114954240
1789554705	114954240
1789554710	114954240
1789554715	114954240
1789554720	114954240
1789554725	114954240
1789554730	114954240
1789554735	114954240
1789554740	114954240
1789554745	114954240
1789554750	114954240
1789554755	114954240
1789554760	114954240
1789554765	114954240
1789554770	114954240
1789554775	114954240
1789554780	114954240
1789554785	114954240
1789554790	114954240
1789554795	114954240
1789554800	114954240
1789554805	114954240
1789554810	114954240
1789554815	114954240
1789554820	114954240
1789554825	114954240
1789554830	114954240
1789554835	114954240
1789554840	114954240
1789554845	114954240
1789554850	114954240
1789554855	114954240
1789554860	114954240
1789554865	114954240
1789554870	114954240
1789554875	114954240
1789554880	114954240
1789554885	114954240
1789554890	114954240
1789554895	114954240
1789554900	114954240
1789554905	114954240
1789554910	114954240
1789554915	114954240
1789554920	114954240
1789554925	114954240
1789554930	114954240
1789554935	114954240
1789554940	114954240
1789554945	114954240
1789554950	114954240
1789554955	114954240
1789554960	114954240
1789554965	114954240
1789554970	114954240
1789554975	114954240
1789554980	114954240
1789554985	114954240
1789554990	114954240
1789554995	114954240
1789555000	114954240
1789555005	114954240
1789555010	114954240
1789555015	114954240
1789555021	114954240
1789555026	114954240
1789555031	114954240
1789555036	114954240
1789555041	114954240
1789555046	114954240
1789555051	114954240
1789555056	114954240
1789555061	114954240
1789555066	114954240
1789555071	114954240
1789555076	114954240
1789555081	114954240
1789555086	114954240
1789555091	114954240
1789555096	114954240
1789555101	114954240
1789555106	114954240
1789555111	114954240
1789555116	114954240
1789555121	114954240
1789555126	114954240
1789555131	114954240
1789555136	114954240
1789555141	114954240
1789555146	114954240
1789555151	114954240
1789555156	114954240
1789555161	114954240
1789555166	114954240
1789555171	114954240
1789555176	114954240
1789555181	114954240
1789555186	114954240
1789555191	114954240
1789555196	114954240
1789555201	114954240
1789555206	114954240
1789555211	114954240
1789555216	114954240
1789555221	114954240
1789555226	114954240
1789555231	114954240
1789555236	114954240
1789555241	114954240
1789555246	114954240
1789555251	114954240
1789555256	114954240
1789555261	114954240
1789555266	114954240
1789555271	114954240
1789555276	114954240
1789555281	114954240
1789555286	114954240
1789555291	114954240
1789555296	114954240
1789555301	114954240
1789555306	114954240
1789555311	114954240
1789555316	114954240
1789555321	114954240
1789555326	114954240
1789555331	114954240
1789555336	114954240
1789555341	114954240
1789555346	114954240
1789555351	114954240
1789555356	114954240
1789555361	114954240
1789555366	114954240
1789555371	114954240
1789555376	114954240
1789555381	114954240
1789555386	114954240
1789555391	114954240
1789555396	114954240
1789555401	114954240
1789555406	114954240
1789555411	114954240
1789555416	114954240
1789555421	114954240
1789555426	114954240
1789555431	114954240
1789555436	114954240
1789555441	114954240
1789555446	114954240
1789555451	114954240
1789555456	114954240
1789555461	114954240
1789555466	114954240
1789555471	114954240
1789555476	114954240
1789555481	114954240
1789555486	114954240
1789555491	114954240
1789555496	114954240
1789555501	114954240
1789555506	114954240
1789555511	114954240
1789555516	114954240
1789555521	114954240
1789555526	114954240
1789555531	114954240
1789555536	114954240
1789555541	114954240
1789555546	114954240
1789555551	114954240
1789555556	114954240
1789555561	114954240
1789555566	114954240
1789555571	114954240
1789555576	114954240
1789555581	114954240
1789555586	114954240
1789555591	114954240
1789555596	114954240
1789555601	114954240
1789555606	114954240
1789555611	114954240
1789555616	114954240
1789555621	114954240
1789555626	114954240
1789555631	114954240
1789555636	114954240
1789555641	114954240
1789555646	114954240
1789555651	114954240
1789555656	114954240
1789555661	114954240
1789555666	114954240
1789555671	114954240
1789555676	114954240
1789555681	114954240
1789555686	114954240
1789555691	114954240
1789555696	114954240
1789555701	114954240
1789555706	114954240
1789555711	114954240
1789555716	114954240
1789555721	114954240
1789555726	114954240
1789555731	114954240
1789555736	114954240
1789555741	114954240
1789555746	114954240
1789555751	114954240
1789555756	114954240
1789555761	114954240
1789555766	114954240
1789555772	114954240
1789555777	114954240
1789555782	114954240
1789555787	114954240
1789555792	114954240
1789555797	114954240
1789555802	114954240
1789555807	114954240
1789555812	114954240
1789555817	114954240
1789555822	114954240
1789555827	114954240
1789555832	114954240
1789555837	114954240
1789555842	114954240
1789555847	114954240
1789555852	114954240
1789555857	114954240
1789555862	114954240
1789555867	114954240
1789555872	114954240
1789555877	114954240
1789555882	114954240
1789555887	114954240
1789555892	114954240
1789555897	114954240
1789555902	114954240
1789555907	114954240
1789555912	114954240
1789555917	114954240
1789555922	114954240
1789555927	114954240
1789555932	114954240
1789555937	114954240
1789555942	114954240
1789555947	114954240
1789555952	114954240
1789555957	114954240
1789555962	114954240
1789555967	114954240
1789555972	114954240
1789555977	114954240
1789555982	114954240
1789555987	114954240
1789555992	114954240
1789555997	114954240
1789556002	114954240
1789556007	114954240
1789556012	114954240
1789556017	114954240
1789556022	114954240
1789556027	114954240
1789556032	114954240
1789556037	114954240
1789556042	114954240
1789556047	114954240
1789556052	114954240
1789556057	114954240
1789556062	114954240
1789556067	114954240
1789556072	114954240
1789556077	114954240
1789556082	114954240
1789556087	114954240
1789556092	114954240
1789556097	114954240
1789556102	114954240
1789556107	114954240
1789556112	114954240
1789556117	114954240
1789556122	114954240
1789556127	114954240
1789556132	114954240
1789556137	114954240
1789556142	114954240
1789556147	114954240
1789556152	114954240
1789556157	114954240
1789556162	114954240
1789556167	114954240
1789556172	114954240
1789556177	114954240
1789556182	114954240
1789556187	114954240
1789556192	114954240
1789556197	114954240
1789556202	114954240
1789556207	114954240
1789556212	114954240
1789556217	114954240
1789556222	114954240
1789556227	114954240
1789556232	114954240
1789556237	114954240
1789556242	114954240
1789556247	114954240
1789556252	114954240
1789556257	114954240
1789556262	114954240
1789556267	114954240
1789556272	114954240
1789556277	114954240
1789556282	114954240
1789556287	114954240
1789556292	114954240
1789556297	114954240
1789556302	114954240
1789556307	114954240
1789556312	114954240
1789556317	114954240
1789556322	114954240
1789556327	114954240
1789556332	114954240
1789556337	114954240
1789556342	114954240
1789556347	114954240
1789556352	114954240
1789556357	114954240
1789556362	114954240
1789556367	114954240
1789556372	114954240
1789556377	114954240
1789556382	114954240
1789556387	114954240
1789556392	114954240
1789556397	114954240
1789556402	114954240
1789556407	114954240
1789556412	114954240
1789556417	114954240
1789556422	114954240
1789556427	114954240
1789556432	114954240
1789556437	114954240
1789556442	114954240
1789556447	114954240
1789556452	114954240
1789556457	114954240
1789556462	114954240
1789556467	114954240
1789556472	114954240
1789556477	114954240
1789556482	114954240
1789556487	114954240
1789556492	114954240
1789556497	114954240
1789556502	114954240
1789556507	114954240
1789556512	114954240
1789556517	114954240
1789556523	114954240
1789556528	114954240
1789556533	114954240
1789556538	114954240
1789556543	114954240
1789556548	114954240
1789556553	114954240
1789556558	114954240
1789556563	114954240
1789556568	114954240
1789556573	114954240
1789556578	114954240
1789556583	114954240
1789556588	114954240
1789556593	114954240
1789556598	114954240
1789556603	114954240
1789556608	114954240
1789556613	114954240
1789556618	114954240
1789556623	114954240
1789556628	114954240
1789556633	114954240
1789556638	114954240
1789556643	114954240
1789556648	114954240
1789556653	114954240
1789556658	114954240
1789556663	114954240
1789556668	114954240
1789556673	114954240
1789556678	114954240
1789556683	114954240
1789556688	114954240
1789556693	114954240
1789556698	114954240
1789556703	114954240
1789556708	114954240
1789556713	114954240
1789556718	114954240
1789556723	114954240
1789556728	114954240
1789556733	114954240
1789556738	114954240
1789556743	114954240
1789556748	114954240
1789556753	114954240
1789556758	114954240
1789556763	114954240
1789556768	114954240
1789556773	114954240
1789556778	114954240
1789556783	114954240
1789556788	114954240
1789556793	114954240
1789556798	114954240
1789556803	114954240
1789556808	114954240
1789556813	114954240
1789556818	114954240
1789556823	114954240
1789556828	114954240
1789556833	114954240
1789556838	114954240
1789556843	114954240
1789556848	114954240
1789556853	114954240
1789556858	114954240
1789556863	114954240
1789556868	114954240
1789556873	114954240
1789556878	114954240
1789556883	114954240
1789556888	114954240
1789556893	114954240
1789556898	114954240
1789556903	114954240
1789556908	114954240
1789556913	114954240
1789556918	114954240
1789556923	114954240
1789556928	114954240
1789556933	114954240
1789556938	114954240
1789556943	114954240
1789556948	114954240
1789556953	114954240
1789556958	114954240
1789556963	114954240
1789556968	114954240
1789556973	114954240
1789556978	114954240
1789556983	114954240
1789556988	114954240
1789556993	114954240
1789556998	114954240
1789557003	114954240
1789557008	114954240
1789557013	114954240
1789557018	114954240
1789557023	114954240
1789557028	114954240
1789557033	114954240
1789557038	114954240
1789557043	114954240
1789557048	114954240
1789557053	114954240
1789557058	114954240
1789557063	114954240
1789557068	114954240
1789557073	114954240
1789557078	114954240
1789557083	114954240
1789557088	114954240
1789557093	114954240
1789557098	114954240
1789557103	114954240
1789557108	114954240
1789557113	114954240
1789557118	114954240
1789557123	114954240
1789557128	114954240
1789557133	114954240
1789557138	114954240
1789557143	114954240
1789557148	114954240
1789557153	114954240
1789557158	114954240
1789557163	114954240
1789557168	114954240
1789557173	114954240
1789557178	114954240
1789557183	114954240
1789557188	114954240
1789557193	114954240
1789557198	114954240
1789557203	114954240
1789557208	114954240
1789557213	114954240
1789557218	114954240
1789557223	114954240
1789557228	114954240
1789557233	114954240
1789557239	114954240
1789557244	114954240
1789557249	114954240
1789557254	114954240
1789557259	114954240
1789557264	114954240
1789557269	114954240
1789557274	114954240
1789557279	114954240
1789557284	114954240
1789557289	114954240
1789557294	114954240
1789557299	114954240
1789557304	114954240
1789557309	114954240
1789557314	114954240
1789557319	114954240
1789557324	114954240
1789557329	114954240
1789557334	114954240
1789557339	114954240
1789557344	114954240
1789557349	114954240
1789557354	114954240
1789557359	114954240
1789557364	114954240
1789557369	114954240
1789557374	114954240
1789557379	114954240
1789557384	114954240
1789557389	114954240
1789557394	114954240
1789557399	114954240
1789557404	114954240
1789557409	114954240
1789557414	114954240
1789557419	114954240
1789557424	114954240
1789557429	114954240
1789557434	114954240
1789557439	114954240
1789557444	114954240
1789557449	114954240
1789557454	114954240
1789557459	114954240
1789557464	114954240
1789557469	114954240
1789557474	114954240
1789557479	114954240
1789557484	114954240
1789557489	114954240
1789557494	114954240
1789557499	114954240
1789557504	114954240
1789557509	114954240
1789557514	114954240
1789557519	114954240
1789557524	114954240
1789557529	114954240
1789557534	114954240
1789557539	114954240
1789557544	114954240
1789557549	114954240
1789557554	114954240
1789557559	114954240
1789557564	114954240
1789557569	114954240
1789557574	114954240
1789557579	114954240
1789557584	114954240
1789557589	114954240
1789557594	114954240
1789557599	114954240
1789557604	114954240
1789557609	114954240
1789557614	114954240
1789557619	114954240
1789557624	114954240
1789557629	114954240
1789557634	114954240
1789557639	114954240
1789557644	114954240
1789557649	114954240
1789557654	114954240
1789557659	114954240
1789557664	114954240
1789557669	114954240
1789557674	114954240
1789557679	114954240
1789557684	114954240
1789557689	114954240
1789557694	114954240
1789557699	114954240
1789557704	114954240
1789557709	114954240
1789557714	114954240
1789557719	114954240
1789557724	114954240
1789557729	114954240
1789557734	114954240
1789557739	114954240
1789557744	114954240
1789557749	114954240
1789557754	114954240
1789557759	114954240
1789557764	114954240
1789557769	114954240
1789557774	114954240
1789557779	114954240
1789557784	114954240
1789557789	114954240
1789557794	114954240
1789557799	114954240
1789557804	114954240
1789557809	114954240
1789557814	114954240
1789557819	114954240
1789557824	114954240
1789557829	114954240
1789557834	114954240
1789557839	114954240
1789557844	114954240
1789557849	114954240
1789557854	114954240
1789557859	114954240
1789557864	114954240
1789557869	114954240
1789557874	114954240
1789557879	114954240
1789557884	114954240
1789557889	114954240
1789557894	114954240
1789557899	114954240
1789557904	114954240
1789557909	114954240
1789557914	114954240
1789557919	114954240
1789557924	114954240
1789557929	114954240
1789557934	114954240
1789557939	114954240
1789557944	114954240
1789557949	114954240
1789557954	114954240
1789557959	114954240
1789557964	114954240
1789557969	114954240
1789557974	114954240
1789557980	114954240
1789557985	114954240
1789557990	114954240
1789557995	114954240
1789558000	114954240
1789558005	114954240
1789558010	114954240
1789558015	114954240
1789558020	114954240
1789558025	114954240
1789558030	114954240
1789558035	114954240
1789558040	114954240
1789558045	114954240
1789558050	114954240
1789558055	114954240
1789558060	114954240
1789558065	114954240
1789558070	114954240
1789558075	114954240
1789558080	114954240
1789558085	114954240
1789558090	114954240
1789558095	114954240
1789558100	114954240
1789558105	114954240
1789558110	114954240
1789558115	114954240
1789558120	114954240
1789558125	114954240
1789558130	114954240
1789558135	114954240
1789558140	114954240
1789558145	114954240
1789558150	114954240
1789558155	114954240
1789558160	114954240
1789558165	114954240
1789558170	114954240
1789558175	114954240
1789558180	114954240
1789558185	114954240
1789558190	114954240
1789558195	114954240
1789558200	114954240
1789558205	114954240
1789558210	114954240
1789558215	114954240
1789558220	114954240
1789558225	114954240
1789558230	114954240
1789558235	114954240
1789558240	114954240
1789558245	114954240
1789558250	114954240
1789558255	114954240
1789558260	114954240
1789558265	114954240
1789558270	114954240
1789558275	114954240
1789558280	114954240
1789558285	114954240
1789558290	114954240
1789558295	114954240
1789558300	114954240
1789558305	114954240
1789558310	114954240
1789558315	114954240
1789558320	114954240
1789558325	114954240
1789558330	114954240
1789558335	114954240
1789558340	114954240
1789558345	114954240
1789558350	114954240
1789558355	114954240
1789558360	114954240
1789558365	114954240
1789558370	114954240
1789558375	114954240
1789558380	114954240
1789558385	114954240
1789558390	114954240
1789558395	114954240
1789558400	114954240
1789558405	114954240
1789558410	114954240
1789558415	114954240
1789558420	114954240
1789558425	114954240
1789558430	114954240
1789558435	114954240
1789558440	114954240
1789558445	114954240
1789558450	114954240
1789558455	114954240
1789558460	114954240
1789558465	114954240
1789558470	114954240
1789558475	114954240
1789558480	114954240
1789558485	114954240
1789558490	114954240
1789558495	114954240
1789558500	114954240
1789558505	114954240
1789558510	114954240
1789558515	114954240
1789558520	114954240
1789558525	114954240
1789558530	114954240
1789558535	114954240
1789558540	114954240
1789558545	114954240
1789558550	114954240
1789558555	114954240
1789558560	114954240
1789558565	114954240
1789558570	114954240
1789558575	114954240
1789558580	114954240
1789558585	114954240
1789558590	114954240
1789558595	114954240
1789558600	114954240
1789558605	114954240
1789558610	114954240
1789558615	114954240
1789558620	114954240
1789558625	114954240
1789558630	114954240
1789558635	114954240
1789558640	114954240
1789558645	114954240
1789558650	114954240
1789558655	114954240
1789558660	114954240
1789558665	114954240
1789558670	114954240
1789558675	114954240
1789558680	114954240
1789558685	114954240
1789558690	114954240
1789558695	114954240
1789558701	114954240
1789558706	114954240
1789558711	114954240
1789558716	114954240
1789558721	114954240
1789558726	114954240
1789558731	114954240
1789558736	114954240
1789558741	114954240
1789558746	114954240
1789558751	114954240
1789558756	114954240
1789558761	114954240
1789558766	114954240
1789558771	114954240
1789558776	114954240
1789558781	114954240
1789558786	114954240
1789558791	114954240
1789558796	114954240
1789558801	114954240
1789558806	114954240
1789558811	114954240
1789558816	114954240
1789558821	114954240
1789558826	114954240
1789558831	114954240
1789558836	114954240
1789558841	114954240
1789558846	114954240
1789558851	114954240
1789558856	114954240
1789558861	114954240
1789558866	114954240
1789558871	114954240
1789558876	114954240
1789558881	114954240
1789558886	114954240
1789558891	114954240
1789558896	114954240
1789558901	114954240
1789558906	114954240
1789558911	114954240
1789558916	114954240
1789558921	114954240
1789558926	114954240
1789558931	114954240
1789558936	114954240
1789558941	114954240
1789558946	114954240
1789558951	114954240
1789558956	114954240
1789558961	114954240
1789558966	114954240
1789558971	114954240
1789558976	114954240
1789558981	114954240
1789558986	114954240
1789558991	114954240
1789558996	114954240
1789559001	114954240
1789559006	114954240
1789559011	114954240
1789559016	114954240
1789559021	114954240
1789559026	114954240
1789559031	114954240
1789559036	114954240
1789559041	114954240
1789559046	114954240
1789559051	114954240
1789559056	114954240
1789559061	114954240
1789559066	114954240
1789559071	114954240
1789559076	114954240
1789559081	114954240
1789559086	114954240
1789559091	114954240
1789559096	114954240
1789559101	114954240
1789559106	114954240
1789559111	114954240
1789559116	114954240
1789559121	114954240
1789559126	114954240
1789559131	114954240
1789559136	114954240
1789559141	114954240
1789559146	114954240
1789559151	114954240
1789559156	114954240
1789559161	114954240
1789559166	114954240
1789559171	114954240
1789559176	114954240
1789559181	114954240
1789559186	114954240
1789559191	114954240
1789559196	114954240
1789559201	114954240
1789559206	114954240
1789559211	114954240
1789559216	114954240
1789559221	114954240
1789559226	114954240
1789559231	114954240
1789559236	114954240
1789559241	114954240
1789559246	114954240
1789559251	114954240
1789559256	114954240
1789559261	114954240
1789559266	114954240
1789559271	114954240
1789559276	114954240
1789559281	114954240
1789559286	114954240
1789559291	114954240
1789559296	114954240
1789559301	114954240
1789559306	114954240
1789559311	114954240
1789559316	114954240
1789559321	114954240
1789559326	114954240
1789559331	114954240
1789559336	114954240
1789559341	114954240
1789559346	114954240
1789559351	114954240
1789559356	114954240
1789559361	114954240
1789559366	114954240
1789559371	114954240
1789559376	114954240
1789559381	114954240
1789559386	114954240
1789559391	114954240
1789559396	114954240
1789559401	114954240
1789559406	114954240
1789559411	114954240
1789559416	114954240
1789559421	114954240
1789559426	114954240
1789559432	114954240
1789559437	114954240
1789559442	114954240
1789559447	114954240
1789559452	114954240
1789559457	114954240
1789559462	114954240
1789559467	114954240
1789559472	114954240
1789559477	114954240
1789559482	114954240
1789559487	114954240
1789559492	114954240
1789559497	114954240
1789559502	114954240
1789559507	114954240
1789559512	114954240
1789559517	114954240
1789559522	114954240
1789559527	114954240
1789559532	114954240
1789559537	114954240
1789559542	114954240
1789559547	114954240
1789559552	114954240
1789559557	114954240
1789559562	114954240
1789559567	114954240
1789559572	114954240
1789559577	114954240
1789559582	114954240
1789559587	114954240
1789559592	114954240
1789559597	114954240
1789559602	114954240
1789559607	114954240
1789559612	114954240
1789559617	114954240
1789559622	114954240
1789559627	114954240
1789559632	114954240
1789559637	114954240
1789559642	114954240
1789559647	114954240
1789559652	114954240
1789559657	114954240
1789559662	114954240
1789559667	114954240
1789559672	114954240
1789559677	114954240
1789559682	114954240
1789559687	114954240
1789559692	114954240
1789559697	114954240
1789559702	114954240
1789559707	114954240
1789559712	114954240
1789559717	114954240
1789559722	114954240
1789559727	114954240
1789559732	114954240
1789559737	114954240
1789559742	114954240
1789559747	114954240
1789559752	114954240
1789559757	114954240
1789559762	114954240
1789559767	114954240
1789559772	114954240
1789559777	114954240
1789559782	114954240
1789559787	114954240
1789559792	114954240
1789559797	114954240
1789559802	114954240
1789559807	114954240
1789559812	114954240
1789559817	114954240
1789559822	114954240
1789559827	114954240
1789559832	114954240
1789559837	114954240
1789559842	114954240
1789559847	114954240
1789559852	114954240
1789559857	114954240
1789559862	114954240
1789559867	114954240
1789559872	114954240
1789559877	114954240
1789559882	114954240
1789559887	114954240
1789559892	114954240
1789559897	114954240
1789559902	114954240
1789559907	114954240
1789559912	114954240
1789559917	114954240
1789559922	114954240
1789559927	114954240
1789559932	114954240
1789559937	114954240
1789559942	114954240
1789559947	114954240
1789559952	114954240
1789559957	114954240
1789559962	114954240
1789559967	114954240
1789559972	114954240
1789559977	114954240
1789559982	114954240
1789559987	114954240
1789559992	114954240
1789559997	114954240
1789560002	114954240
1789560007	114954240
1789560012	114954240
1789560017	114954240
1789560022	114954240
1789560027	114954240
1789560032	114954240
1789560037	114954240
1789560042	114954240
1789560047	114954240
1789560052	114954240
1789560057	114954240
1789560062	114954240
1789560067	114954240
1789560072	114954240
1789560077	114954240
1789560082	114954240
1789560087	114954240
1789560092	114954240
1789560097	114954240
1789560102	114954240
1789560107	114954240
1789560112	114954240
1789560117	114954240
1789560122	114954240
1789560127	114954240
1789560132	114954240
1789560137	114954240
1789560142	114954240
1789560147	114954240
1789560152	114954240
1789560157	114954240
1789560163	114954240
1789560168	114954240
1789560173	114954240
1789560178	114954240
1789560183	114954240
1789560188	114954240
1789560193	114954240
1789560198	114954240
1789560203	114954240
1789560208	114954240
1789560213	114954240
1789560218	114954240
1789560223	114954240
1789560228	114954240
1789560233	114954240
1789560238	114954240
1789560243	114954240
1789560248	114954240
1789560253	114954240
1789560258	114954240
1789560263	114954240
1789560268	114954240
1789560273	114954240
1789560278	114954240
1789560283	114954240
1789560288	114954240
1789560293	114954240
1789560298	114954240
1789560303	114954240
1789560308	114954240
1789560313	114954240
1789560318	114954240
1789560323	114954240
1789560328	114954240
1789560333	114954240
1789560338	114954240
1789560343	114954240
1789560348	114954240
1789560353	114954240
1789560358	114954240
1789560363	114954240
1789560368	114954240
1789560373	114954240
1789560378	114954240
1789560383	114954240
1789560388	114954240
1789560393	114954240
1789560398	114954240
1789560403	114954240
1789560408	114954240
1789560413	114954240
1789560418	114954240
1789560423	114954240
1789560428	114954240
1789560433	114954240
1789560438	114954240
1789560443	114954240
1789560448	114954240
1789560453	114954240
1789560458	114954240
1789560463	114954240
1789560468	114954240
1789560473	114954240
1789560478	114954240
1789560483	114954240
1789560488	114954240
1789560493	114954240
1789560498	114954240
1789560503	114954240
1789560508	114954240
1789560513	114954240
1789560518	114954240
1789560523	114954240
1789560528	114954240
1789560533	114954240
1789560538	114954240
1789560543	114954240
1789560548	114954240
1789560553	114954240
1789560558	114954240
1789560563	114954240
1789560568	114954240
1789560573	114954240
1789560578	114954240
1789560583	114954240
1789560588	114954240
1789560593	114954240
1789560598	114954240
1789560603	114954240
1789560608	114954240
1789560613	114954240
1789560618	114954240
1789560623	114954240
1789560628	114954240
1789560633	114954240
1789560638	114954240
1789560643	114954240
1789560648	114954240
1789560653	114954240
1789560658	114954240
1789560663	114954240
1789560668	114954240
1789560673	114954240
1789560678	114954240
1789560683	114954240
1789560688	114954240
1789560693	114954240
1789560698	114954240
1789560703	114954240
1789560708	114954240
1789560713	114954240
1789560718	114954240
1789560723	114954240
1789560728	114954240
1789560733	114954240
1789560738	114954240
1789560743	114954240
1789560748	114954240
1789560753	114954240
1789560758	114954240
1789560763	114954240
1789560768	114954240
1789560773	114954240
1789560778	114954240
1789560783	114954240
1789560788	114954240
1789560793	114954240
1789560798	114954240
1789560803	114954240
1789560808	114954240
1789560813	114954240
1789560818	114954240
1789560823	114954240
1789560828	114954240
1789560833	114954240
1789560838	114954240
1789560843	114954240
1789560848	114954240
1789560853	114954240
1789560858	114954240
1789560863	114954240
1789560868	114954240
1789560873	114954240
1789560878	114954240
1789560883	114954240
1789560888	114954240
1789560893	114954240
1789560899	114954240
1789560904	114954240
1789560909	114954240
1789560914	114954240
1789560919	114954240
1789560924	114954240
1789560929	114954240
1789560934	114954240
1789560939	114954240
1789560944	114954240
1789560949	114954240
1789560954	114954240
1789560959	114954240
1789560964	114954240
1789560969	114954240
1789560974	114954240
1789560979	114954240
1789560984	114954240
1789560989	114954240
1789560994	114954240
1789560999	114954240
1789561004	114954240
1789561009	114954240
1789561014	114954240
1789561019	114954240
1789561024	114954240
1789561029	114954240
1789561034	114954240
1789561039	114954240
1789561044	114954240
1789561049	114954240
1789561054	114954240
1789561059	114954240
1789561064	114954240
1789561069	114954240
1789561074	114954240
1789561079	114954240
1789561084	114954240
1789561089	114954240
1789561094	114954240
1789561099	114954240
1789561104	114954240
1789561109	114954240
1789561114	114954240
1789561119	114954240
1789561124	114954240
1789561129	114954240
1789561134	114954240
1789561139	114954240
1789561144	114954240
1789561149	114954240
1789561154	114954240
1789561159	114954240
1789561164	114954240
1789561169	114954240
1789561174	114954240
1789561179	114954240
1789561184	114954240
1789561189	114954240
1789561194	114954240
1789561199	114954240
1789561204	114954240
1789561209	114954240
1789561214	114954240
1789561219	114954240
1789561224	114954240
1789561229	114954240
1789561234	114954240
1789561239	114954240
1789561244	114954240
1789561249	114954240
1789561254	114954240
1789561259	114954240
1789561264	114954240
1789561269	114954240
1789561274	114954240
1789561279	114954240
1789561284	114954240
1789561289	114954240
1789561294	114954240
1789561299	114954240
1789561304	114954240
1789561309	114954240
1789561314	114954240
1789561319	114954240
1789561324	114954240
1789561329	114954240
1789561334	114954240
1789561339	114954240
1789561344	114954240
1789561349	114954240
1789561354	114954240
1789561359	114954240
1789561364	114954240
1789561369	114954240
1789561374	114954240
1789561379	114954240
1789561384	114954240
1789561389	114954240
1789561394	114954240
1789561399	114954240
1789561404	114954240
1789561409	114954240
1789561414	114954240
1789561419	114954240
1789561424	114954240
1789561429	114954240
1789561434	114954240
1789561439	114954240
1789561444	114954240
1789561449	114954240
1789561454	114954240
1789561459	114954240
1789561464	114954240
1789561469	114954240
1789561474	114954240
1789561479	114954240
1789561484	114954240
1789561489	114954240
1789561494	114954240
1789561499	114954240
1789561504	114954240
1789561509	114954240
1789561514	114954240
1789561519	114954240
1789561524	114954240
1789561529	114954240
1789561534	114954240
1789561539	114954240
1789561544	114954240
1789561549	114954240
1789561554	114954240
1789561559	114954240
1789561564	114954240
1789561569	114954240
1789561574	114954240
1789561579	114954240
1789561584	114954240
1789561589	114954240
1789561594	114954240
1789561599	114954240
1789561604	114954240
1789561609	114954240
1789561614	114954240
1789561619	114954240
1789561624	114954240
1789561629	114954240
1789561635	114954240
1789561640	114954240
1789561645	114954240
1789561650	114954240
1789561655	114954240
1789561660	114954240
1789561665	114954240
1789561670	114954240
1789561675	114954240
1789561680	114954240
1789561685	114954240
1789561690	114954240
1789561695	114954240
1789561700	114954240
1789561705	114954240
1789561710	114954240
1789561715	114954240
1789561720	114954240
1789561725	114954240
1789561730	114954240
1789561735	114954240
1789561740	114954240
1789561745	114954240
1789561750	114954240
1789561755	114954240
1789561760	114954240
1789561765	114954240
1789561770	114954240
1789561775	114954240
1789561780	114954240
1789561785	114954240
1789561790	114954240
1789561795	114954240
1789561800	114954240
1789561805	114954240
1789561810	114954240
1789561815	114954240
1789561820	114954240
1789561825	114954240
1789561830	114954240
1789561835	114954240
1789561840	114954240
1789561845	114954240
1789561850	114954240
1789561855	114954240
1789561860	114954240
1789561865	114954240
1789561870	114954240
1789561875	114954240
1789561880	114954240
1789561885	114954240
1789561890	114954240
1789561895	114954240
1789561900	114954240
1789561905	114954240
1789561910	114954240
1789561915	114954240
1789561920	114954240
1789561925	114954240
1789561930	114954240
1789561935	114954240
1789561940	114954240
1789561945	114954240
1789561950	114954240
1789561955	114954240
1789561960	114954240
1789561965	114954240
1789561970	114954240
1789561975	114954240
1789561980	114954240
1789561985	114954240
1789561990	114954240
1789561995	114954240
1789562000	114954240
1789562005	114954240
1789562010	114954240
1789562015	114954240
1789562020	114954240
1789562025	114954240
1789562030	114954240
1789562035	114954240
1789562040	114954240
1789562045	114954240
1789562050	114954240
1789562055	114954240
1789562060	114954240
1789562065	114954240
1789562070	114954240
1789562075	114954240
1789562080	114954240
1789562085	114954240
1789562090	114954240
1789562095	114954240
1789562100	114954240
1789562105	114954240
1789562110	114954240
1789562115	114954240
1789562120	114954240
1789562125	114954240
1789562130	114954240
1789562135	114954240
1789562140	114954240
1789562145	114954240
1789562150	114954240
1789562155	114954240
1789562160	114954240
1789562165	114954240
1789562170	114954240
1789562175	114954240
1789562180	114954240
1789562185	114954240
1789562190	114954240
1789562195	114954240
1789562200	114954240
1789562205	114954240
1789562210	114954240
1789562215	114954240
1789562220	114954240
1789562225	114954240
1789562230	114954240
1789562235	114954240
1789562240	114954240
1789562245	114954240
1789562250	114954240
1789562255	114954240
1789562260	114954240
1789562265	114954240
1789562270	114954240
1789562275	114954240
1789562280	114954240
1789562285	114954240
1789562290	114954240
1789562295	114954240
1789562300	114954240
1789562305	114954240
1789562310	114954240
1789562315	114954240
1789562320	114954240
1789562325	114954240
1789562330	114954240
1789562335	114954240
1789562340	114954240
1789562345	114954240
1789562350	114954240
1789562356	114954240
1789562361	114954240
1789562366	114954240
1789562371	114954240
1789562376	114954240
1789562381	114954240
1789562386	114954240
1789562391	114954240
1789562396	114954240
1789562401	114954240
1789562406	114954240
1789562411	114954240
1789562416	114954240
1789562421	114954240
1789562426	114954240
1789562431	114954240
1789562436	114954240
1789562441	114954240
1789562446	114954240
1789562451	114954240
1789562456	114954240
1789562461	114954240
1789562466	114954240
1789562471	114954240
1789562476	114954240
1789562481	114954240
1789562486	114954240
1789562491	114954240
1789562496	114954240
1789562501	114954240
1789562506	114954240
1789562511	114954240
1789562516	114954240
1789562521	114954240
1789562526	114954240
1789562531	114954240
1789562536	114954240
1789562541	114954240
1789562546	114954240
1789562551	114954240
1789562556	114954240
1789562561	114954240
1789562566	114954240
1789562571	114954240
1789562576	114954240
1789562581	114954240
1789562586	114954240
1789562591	114954240
1789562596	114954240
1789562601	114954240
1789562606	114954240
1789562611	114954240
1789562616	114954240
1789562621	114954240
1789562626	114954240
1789562631	114954240
1789562636	114954240
1789562641	114954240
1789562646	114954240
1789562651	114954240
1789562656	114954240
1789562661	114954240
1789562666	114954240
1789562671	114954240
1789562676	114954240
1789562681	114954240
1789562686	114954240
1789562691	114954240
1789562696	114954240
1789562701	114954240
1789562706	114954240
1789562711	114954240
1789562716	114954240
1789562721	114954240
1789562726	114954240
1789562731	114954240
1789562736	114954240
1789562741	114954240
1789562746	114954240
1789562751	114954240
1789562756	114954240
1789562761	114954240
1789562766	114954240
1789562771	114954240
1789562776	114954240
1789562781	114954240
1789562786	114954240
1789562791	114954240
1789562796	114954240
1789562801	114954240
1789562806	114954240
1789562811	114954240
1789562816	114954240
1789562821	114954240
1789562826	114954240
1789562831	114954240
1789562836	114954240
1789562841	114954240
1789562846	114954240
1789562851	114954240
1789562856	114954240
1789562861	114954240
1789562866	114954240
1789562871	114954240
1789562876	114954240
1789562881	114954240
1789562886	114954240
1789562891	114954240
1789562896	114954240
1789562901	114954240
1789562906	114954240
1789562911	114954240
1789562916	114954240
1789562921	114954240
1789562926	114954240
1789562931	114954240
1789562936	114954240
1789562941	114954240
1789562946	114954240
1789562951	114954240
1789562956	114954240
1789562961	114954240
1789562966	114954240
1789562971	114954240
1789562976	114954240
1789562981	114954240
1789562986	114954240
1789562991	114954240
1789562996	114954240
1789563001	114954240
1789563006	114954240
1789563011	114954240
1789563016	114954240
1789563021	114954240
1789563026	114954240
1789563031	114954240
1789563036	114954240
1789563041	114954240
1789563046	114954240
1789563051	114954240
1789563056	114954240
1789563061	114954240
1789563066	114954240
1789563071	114954240
1789563076	114954240
1789563081	114954240
1789563087	114954240
1789563092	114954240
1789563097	114954240
1789563102	114954240
1789563107	114954240
1789563112	114954240
1789563117	114954240
1789563122	114954240
1789563127	114954240
1789563132	114954240
1789563137	114954240
1789563142	114954240
1789563147	114954240
1789563152	114954240
1789563157	114954240
1789563162	114954240
1789563167	114954240
1789563172	114954240
1789563177	114954240
1789563182	114954240
1789563187	114954240
1789563192	114954240
1789563197	114954240
1789563202	114954240
1789563207	114954240
1789563212	114954240
1789563217	114954240
1789563222	114954240
1789563227	114954240
1789563232	114954240
1789563237	114954240
1789563242	114954240
1789563247	114954240
1789563252	114954240
1789563257	114954240
1789563262	114954240
1789563267	114954240
1789563272	114954240
1789563277	114954240
1789563282	114954240
1789563287	114954240
1789563292	114954240
1789563297	114954240
1789563302	114954240
1789563307	114954240
1789563312	114954240
1789563317	114954240
1789563322	114954240
1789563327	114954240
1789563332	114954240
1789563337	114954240
1789563342	114954240
1789563347	114954240
1789563352	114954240
1789563357	114954240
1789563362	114954240
1789563367	114954240
1789563372	114954240
1789563377	114954240
1789563382	114954240
1789563387	114954240
1789563392	114954240
1789563397	114954240
1789563402	114954240
1789563407	114954240
1789563412	114954240
1789563417	114954240
1789563422	114954240
1789563427	114954240
1789563432	114954240
1789563437	114954240
1789563442	114954240
1789563447	114954240
1789563452	114954240
1789563457	114954240
1789563462	114954240
1789563467	114954240
1789563472	114954240
1789563477	114954240
1789563482	114954240
1789563487	114954240
1789563492	114954240
1789563497	114954240
1789563502	114954240
1789563507	114954240
1789563512	114954240
1789563517	114954240
1789563522	114954240
1789563527	114954240
1789563532	114954240
1789563537	114954240
1789563542	114954240
1789563547	114954240
1789563552	114954240
1789563557	114954240
1789563562	114954240
1789563567	114954240
1789563572	114954240
1789563577	114954240
1789563582	114954240
1789563587	114954240
1789563592	114954240
1789563597	114954240
1789563602	114954240
1789563607	114954240
1789563612	114954240
1789563617	114954240
1789563622	114954240
1789563627	114954240
1789563632	114954240
1789563637	114954240
1789563642	114954240
1789563647	114954240
1789563652	114954240
1789563657	114954240
1789563662	114954240
1789563667	114954240
1789563672	114954240
1789563677	114954240
1789563682	114954240
1789563687	114954240
1789563692	114954240
1789563697	114954240
1789563702	114954240
1789563707	114954240
1789563712	114954240
1789563717	114954240
1789563722	114954240
1789563727	114954240
1789563732	114954240
1789563737	114954240
1789563742	114954240
1789563747	114954240
1789563752	114954240
1789563757	114954240
1789563762	114954240
1789563767	114954240
1789563772	114954240
1789563777	114954240
1789563782	114954240
1789563787	114954240
1789563792	114954240
1789563797	114954240
1789563802	114954240
1789563807	114954240
1789563812	114954240
1789563817	114954240
1789563823	114954240
1789563828	114954240
1789563833	114954240
1789563838	114954240
1789563843	114954240
1789563848	114954240
1789563853	114954240
1789563858	114954240
1789563863	114954240
1789563868	114954240
1789563873	114954240
1789563878	114954240
1789563883	114954240
1789563888	114954240
1789563893	114954240
1789563898	114954240
1789563903	114954240
1789563908	114954240
1789563913	114954240
1789563918	114954240
1789563923	114954240
1789563928	114954240
1789563933	114954240
1789563938	114954240
1789563943	114954240
1789563948	114954240
1789563953	114954240
1789563958	114954240
1789563963	114954240
1789563968	114954240
1789563973	114954240
1789563978	114954240
1789563983	114954240
1789563988	114954240
1789563993	114954240
1789563998	114954240
1789564003	114954240
1789564008	114954240
1789564013	114954240
1789564018	114954240
1789564023	114954240
1789564028	114954240
1789564033	114954240
1789564038	114954240
1789564043	114954240
1789564048	114954240
1789564053	114954240
1789564058	114954240
1789564063	114954240
1789564068	114954240
1789564073	114954240
1789564078	114954240
1789564083	114954240
1789564088	114954240
1789564093	114954240
1789564098	114954240
1789564103	114954240
1789564108	114954240
1789564113	114954240
1789564118	114954240
1789564123	114954240
1789564128	114954240
1789564133	114954240
1789564138	114954240
1789564143	114954240
1789564148	114954240
1789564153	114954240
1789564158	114954240
1789564163	114954240
1789564168	114954240
1789564173	114954240
1789564178	114954240
1789564183	114954240
1789564188	114954240
1789564193	114954240
1789564198	114954240
1789564203	114954240
1789564208	114954240
1789564213	114954240
1789564218	114954240
1789564223	114954240
1789564228	114954240
1789564233	114954240
1789564238	114954240
1789564243	114954240
1789564248	114954240
1789564253	114954240
1789564258	114954240
1789564263	114954240
1789564268	114954240
1789564273	114954240
1789564278	114954240
1789564283	114954240
1789564288	114954240
1789564293	114954240
1789564298	114954240
1789564303	114954240
1789564308	114954240
1789564313	114954240
1789564318	114954240
1789564323	114954240
1789564328	114954240
1789564333	114954240
1789564338	114954240
1789564343	114954240
1789564348	114954240
1789564353	114954240
1789564358	114954240
1789564363	114954240
1789564368	114954240
1789564373	114954240
1789564378	114954240
1789564383	114954240
1789564388	114954240
1789564393	114954240
1789564398	114954240
1789564403	114954240
1789564408	114954240
1789564413	114954240
1789564418	114954240
1789564423	114954240
1789564428	114954240
1789564433	114954240
1789564438	114954240
1789564443	114954240
1789564448	114954240
1789564453	114954240
1789564458	114954240
1789564463	114954240
1789564468	114954240
1789564473	114954240
1789564478	114954240
1789564483	114954240
1789564488	114954240
1789564493	114954240
1789564498	114954240
1789564503	114954240
1789564508	114954240
1789564513	114954240
1789564518	114954240
1789564523	114954240
1789564528	114954240
1789564533	114954240
1789564538	114954240
1789564543	114954240
1789564549	114954240
1789564554	114954240
1789564559	114954240
1789564564	114954240
1789564569	114954240
1789564574	114954240
1789564579	114954240
1789564584	114954240
1789564589	114954240
1789564594	114954240
1789564599	114954240
1789564604	114954240
1789564609	114954240
1789564614	114954240
1789564619	114954240
1789564624	114954240
1789564629	114954240
1789564634	114954240
1789564639	114954240
1789564644	114954240
1789564649	114954240
1789564654	114954240
1789564659	114954240
1789564664	114954240
1789564669	114954240
1789564674	114954240
1789564679	114954240
1789564684	114954240
1789564689	114954240
1789564694	114954240
1789564699	114954240
1789564704	114954240
1789564709	114954240
1789564714	114954240
1789564719	114954240
1789564724	114954240
1789564729	114954240
1789564734	114954240
1789564739	114954240
1789564744	114954240
1789564749	114954240
1789564754	114954240
1789564759	114954240
1789564764	114954240
1789564769	114954240
1789564774	114954240
1789564779	114954240
1789564784	114954240
1789564789	114954240
1789564794	114954240
1789564799	114954240
1789564804	114954240
1789564809	114954240
1789564814	114954240
1789564819	114954240
1789564824	114954240
1789564829	114954240
1789564834	114954240
1789564839	114954240
1789564844	114954240
1789564849	114954240
1789564854	114954240
1789564859	114954240
1789564864	114954240
1789564869	114954240
1789564874	114954240
1789564879	114954240
1789564884	114954240
1789564889	114954240
1789564894	114954240
1789564899	114954240
1789564904	114954240
1789564909	114954240
1789564914	114954240
1789564919	114954240
1789564924	114954240
1789564929	114954240
1789564934	114954240
1789564939	114954240
1789564944	114954240
1789564949	114954240
1789564954	114954240
1789564959	114954240
1789564964	114954240
1789564969	114954240
1789564974	114954240
1789564979	114954240
1789564984	114954240
1789564989	114954240
1789564994	114954240
1789564999	114954240
1789565004	114954240
1789565009	114954240
1789565014	114954240
1789565019	114954240
1789565024	114954240
1789565029	114954240
1789565034	114954240
1789565039	114954240
1789565044	114954240
1789565049	114954240
1789565054	114954240
1789565059	114954240
1789565064	114954240
1789565069	114954240
1789565074	114954240
1789565079	114954240
1789565084	114954240
1789565089	114954240
1789565094	114954240
1789565099	114954240
1789565104	114954240
1789565109	114954240
1789565114	114954240
1789565119	114954240
1789565124	114954240
1789565129	114954240
1789565134	114954240
1789565139	114954240
1789565144	114954240
1789565149	114954240
1789565154	114954240
1789565159	114954240
1789565164	114954240
1789565169	114954240
1789565174	114954240
1789565179	114954240
1789565184	114954240
1789565189	114954240
1789565194	114954240
1789565199	114954240
1789565204	114954240
1789565209	114954240
1789565214	114954240
1789565219	114954240
1789565224	114954240
1789565229	114954240
1789565234	114954240
1789565239	114954240
1789565244	114954240
1789565249	114954240
1789565254	114954240
1789565259	114954240
1789565264	114954240
1789565269	114954240
1789565274	114954240
1789565279	114954240
1789565284	114954240
1789565289	114954240
1789565295	114954240
1789565300	114954240
1789565305	114954240
1789565310	114954240
1789565315	114954240
1789565320	114954240
1789565325	114954240
1789565330	114954240
1789565335	114954240
1789565340	114954240
1789565345	114954240
1789565350	114954240
1789565355	114954240
1789565360	114954240
1789565365	114954240
1789565370	114954240
1789565375	114954240
1789565380	114954240
1789565385	114954240
1789565390	114954240
1789565395	114954240
1789565400	114954240
1789565405	114954240
1789565410	114954240
1789565415	114954240
1789565420	114954240
1789565425	114954240
1789565430	114954240
1789565435	114954240
1789565440	114954240
1789565445	114954240
1789565450	114954240
1789565455	114954240
1789565460	114954240
1789565465	114954240
1789565470	114954240
1789565475	114954240
1789565480	114954240
1789565485	114954240
1789565490	114954240
1789565495	114954240
1789565500	114954240
1789565505	114954240
1789565510	114954240
1789565515	114954240
1789565520	114954240
1789565525	114954240
1789565530	114954240
1789565535	114954240
1789565540	114954240
1789565545	114954240
1789565550	114954240
1789565555	114954240
1789565560	114954240
1789565565	114954240
1789565570	114954240
1789565575	114954240
1789565580	114954240
1789565585	114954240
1789565590	114954240
1789565595	114954240
1789565600	114954240
1789565605	114954240
1789565610	114954240
1789565615	114954240
1789565620	114954240
1789565625	114954240
1789565630	114954240
1789565635	114954240
1789565640	114954240
1789565645	114954240
1789565650	114954240
1789565655	114954240
1789565660	114954240
1789565665	114954240
1789565670	114954240
1789565675	114954240
1789565680	114954240
1789565685	114954240
1789565690	114954240
1789565695	114954240
1789565700	114954240
1789565705	114954240
1789565710	114954240
1789565715	114954240
1789565720	114954240
1789565725	114954240
1789565730	114954240
1789565735	114954240
1789565740	114954240
1789565745	114954240
1789565750	114954240
1789565755	114954240
1789565760	114954240
1789565765	114954240
1789565770	114954240
1789565775	114954240
1789565780	114954240
1789565785	114954240
1789565790	114954240
1789565795	114954240
1789565800	114954240
1789565805	114954240
1789565810	114954240
1789565815	114954240
1789565820	114954240
1789565825	114954240
1789565830	114954240
1789565835	114954240
1789565840	114954240
1789565845	114954240
1789565850	114954240
1789565855	114954240
1789565860	114954240
1789565865	114954240
1789565870	114954240
1789565875	114954240
1789565880	114954240
1789565885	114954240
1789565890	114954240
1789565895	114954240
1789565900	114954240
1789565905	114954240
1789565910	114954240
1789565915	114954240
1789565920	114954240
1789565925	114954240
1789565930	114954240
1789565935	114954240
1789565940	114954240
1789565945	114954240
1789565950	114954240
1789565955	114954240
1789565960	114954240
1789565965	114954240
1789565970	114954240
1789565975	114954240
1789565980	114954240
1789565985	114954240
1789565990	114954240
1789565995	114954240
1789566000	114954240
1789566005	114954240
1789566010	114954240
1789566015	114954240
1789566020	114954240
1789566026	114954240
1789566031	114954240
1789566036	114954240
1789566041	114954240
1789566046	114954240
1789566051	114954240
1789566056	114954240
1789566061	114954240
1789566066	114954240
1789566071	114954240
1789566076	114954240
1789566081	114954240
1789566086	114954240
1789566091	114954240
1789566096	114954240
1789566101	114954240
1789566106	114954240
1789566111	114954240
1789566116	114954240
1789566121	114954240
1789566126	114954240
1789566131	114954240
1789566136	114954240
1789566141	114954240
1789566146	114954240
1789566151	114954240
1789566156	114954240
1789566161	114954240
1789566166	114954240
1789566171	114954240
1789566176	114954240
1789566181	114954240
1789566186	114954240
1789566191	114954240
1789566196	114954240
1789566201	114954240
1789566206	114954240
1789566211	114954240
1789566216	114954240
1789566221	114954240
1789566226	114954240
1789566231	114954240
1789566236	114954240
1789566241	114954240
1789566246	114954240
1789566251	114954240
1789566256	114954240
1789566261	114954240
1789566266	114954240
1789566271	114954240
1789566276	114954240
1789566281	114954240
1789566286	114954240
1789566291	114954240
1789566296	114954240
1789566301	114954240
1789566306	114954240
1789566311	114954240
1789566316	114954240
1789566321	114954240
1789566326	114954240
1789566331	114954240
1789566336	114954240
1789566341	114954240
1789566346	114954240
1789566351	114954240
1789566356	114954240
1789566361	114954240
1789566366	114954240
1789566371	114954240
1789566376	114954240
1789566381	114954240
1789566386	114954240
1789566391	114954240
1789566396	114954240
1789566401	114954240
1789566406	114954240
1789566411	114954240
1789566416	114954240
1789566421	114954240
1789566426	114954240
1789566431	114954240
1789566436	114954240
1789566441	114954240
1789566446	114954240
1789566451	114954240
1789566456	114954240
1789566461	114954240
1789566466	114954240
1789566471	114954240
1789566476	114954240
1789566481	114954240
1789566486	114954240
1789566491	114954240
1789566496	114954240
1789566501	114954240
1789566506	114954240
1789566511	114954240
1789566516	114954240
1789566521	114954240
1789566526	114954240
1789566531	114954240
1789566536	114954240
1789566541	114954240
1789566546	114954240
1789566551	114954240
1789566556	114954240
1789566561	114954240
1789566566	114954240
1789566571	114954240
1789566576	114954240
1789566581	114954240
1789566586	114954240
1789566591	114954240
1789566596	114954240
1789566601	114954240
1789566606	114954240
1789566611	114954240
1789566616	114954240
1789566621	114954240
1789566626	114954240
1789566631	114954240
1789566636	114954240
1789566641	114954240
1789566646	114954240
1789566651	114954240
1789566656	114954240
1789566661	114954240
1789566666	114954240
1789566671	114954240
1789566676	114954240
1789566681	114954240
1789566686	114954240
1789566691	114954240
1789566696	114954240
1789566701	114954240
1789566706	114954240
1789566711	114954240
1789566716	114954240
1789566721	114954240
1789566726	114954240
1789566731	114954240
1789566736	114954240
1789566741	114954240
1789566747	114954240
1789566752	114954240
1789566757	114954240
1789566762	114954240
1789566767	114954240
1789566772	114954240
1789566777	114954240
1789566782	114954240
1789566787	114954240
1789566792	114954240
1789566797	114954240
1789566802	114954240
1789566807	114954240
1789566812	114954240
1789566817	114954240
1789566822	114954240
1789566827	114954240
1789566832	114954240
1789566837	114954240
1789566842	114954240
1789566847	114954240
1789566852	114954240
1789566857	114954240
1789566862	114954240
1789566867	114954240
1789566872	114954240
1789566877	114954240
1789566882	114954240
1789566887	114954240
1789566892	114954240
1789566897	114954240
1789566902	114954240
1789566907	114954240
1789566912	114954240
1789566917	114954240
1789566922	114954240
1789566927	114954240
1789566932	114954240
1789566937	114954240
1789566942	114954240
1789566947	114954240
1789566952	114954240
1789566957	114954240
1789566962	114954240
1789566967	114954240
1789566972	114954240
1789566977	114954240
1789566982	114954240
1789566987	114954240
1789566992	114954240
1789566997	114954240
1789567002	114954240
1789567007	114954240
1789567012	114954240
1789567017	114954240
1789567022	114954240
1789567027	114954240
1789567032	114954240
1789567037	114954240
1789567042	114954240
1789567047	114954240
1789567052	114954240
1789567057	114954240
1789567062	114954240
1789567067	114954240
1789567072	114954240
1789567077	114954240
1789567082	114954240
1789567087	114954240
1789567092	114954240
1789567097	114954240
1789567102	114954240
1789567107	114954240
1789567112	114954240
1789567117	114954240
1789567122	114954240
1789567127	114954240
1789567132	114954240
1789567137	114954240
1789567142	114954240
1789567147	114954240
1789567152	114954240
1789567157	114954240
1789567162	114954240
1789567167	114954240
1789567172	114954240
1789567177	114954240
1789567182	114954240
1789567187	114954240
1789567192	114954240
1789567197	114954240
1789567202	114954240
1789567207	114954240
1789567212	114954240
1789567217	114954240
1789567222	114954240
1789567227	114954240
1789567232	114954240
1789567237	114954240
1789567242	114954240
1789567247	114954240
1789567252	114954240
1789567257	114954240
1789567262	114954240
1789567267	114954240
1789567272	114954240
1789567277	114954240
1789567282	114954240
1789567287	114954240
1789567292	114954240
1789567297	114954240
1789567302	114954240
1789567307	114954240
1789567312	114954240
1789567317	114954240
1789567322	114954240
1789567327	114954240
1789567332	114954240
1789567337	114954240
1789567342	114954240
1789567347	114954240
1789567352	114954240
1789567357	114954240
1789567362	114954240
1789567367	114954240
1789567372	114954240
1789567377	114954240
1789567382	114954240
1789567387	114954240
1789567392	114954240
1789567397	114954240
1789567402	114954240
1789567407	114954240
1789567412	114954240
1789567417	114954240
1789567422	114954240
1789567427	114954240
1789567432	114954240
1789567437	114954240
1789567442	114954240
1789567447	114954240
1789567452	114954240
1789567457	114954240
1789567463	114954240
1789567468	114954240
1789567473	114954240
1789567478	114954240
1789567483	114954240
1789567488	114954240
1789567493	114954240
1789567498	114954240
1789567503	114954240
1789567508	114954240
1789567513	114954240
1789567518	114954240
1789567523	114954240
1789567528	114954240
1789567533	114954240
1789567538	114954240
1789567543	114954240
1789567548	114954240
1789567553	114954240
1789567558	114954240
1789567563	114954240
1789567568	114954240
1789567573	114954240
1789567578	114954240
1789567583	114954240
1789567588	114954240
1789567593	114954240
1789567598	114954240
1789567603	114954240
1789567608	114954240
1789567613	114954240
1789567618	114954240
1789567623	114954240
1789567628	114954240
1789567633	114954240
1789567638	114954240
1789567643	114954240
1789567648	114954240
1789567653	114954240
1789567658	114954240
1789567663	114954240
1789567668	114954240
1789567673	114954240
1789567678	114954240
1789567683	114954240
1789567688	114954240
1789567693	114954240
1789567698	114954240
1789567703	114954240
1789567708	114954240
1789567713	114954240
1789567718	114954240
1789567723	114954240
1789567728	114954240
1789567733	114954240
1789567738	114954240
1789567743	114954240
1789567748	114954240
1789567753	114954240
1789567758	114954240
1789567763	114954240
1789567768	114954240
1789567773	114954240
1789567778	114954240
1789567783	114954240
1789567788	114954240
1789567793	114954240
1789567798	114954240
1789567803	114954240
1789567808	114954240
1789567813	114954240
1789567818	114954240
1789567823	114954240
1789567828	114954240
1789567833	114954240
1789567838	114954240
1789567843	114954240
1789567848	114954240
1789567853	114954240
1789567858	114954240
1789567863	114954240
1789567868	114954240
1789567873	114954240
1789567878	114954240
1789567883	114954240
1789567888	114954240
1789567893	114954240
1789567898	114954240
1789567903	114954240
1789567908	114954240
1789567913	114954240
1789567918	114954240
1789567923	114954240
1789567928	114954240
1789567933	114954240
1789567938	114954240
1789567943	114954240
1789567948	114954240
1789567953	114954240
1789567958	114954240
1789567963	114954240
1789567968	114954240
1789567973	114954240
1789567978	114954240
1789567983	114954240
1789567988	114954240
1789567993	114954240
1789567998	114954240
1789568003	114954240
1789568008	114954240
1789568013	114954240
1789568018	114954240
1789568023	114954240
1789568028	114954240
1789568033	114954240
1789568038	114954240
1789568043	114954240
1789568048	114954240
1789568053	114954240
1789568058	114954240
1789568063	114954240
1789568068	114954240
1789568073	114954240
1789568078	114954240
1789568083	114954240
1789568088	114954240
1789568093	114954240
1789568098	114954240
1789568103	114954240
1789568108	114954240
1789568113	114954240
1789568118	114954240
1789568123	114954240
1789568128	114954240
1789568133	114954240
1789568138	114954240
1789568143	114954240
1789568148	114954240
1789568153	114954240
1789568158	114954240
1789568163	114954240
1789568168	114954240
1789568173	114954240
1789568178	114954240
1789568183	114954240
1789568188	114954240
1789568193	114954240
1789568198	114954240
1789568204	114954240
1789568209	114954240
1789568214	114954240
1789568219	114954240
1789568224	114954240
1789568229	114954240
1789568234	114954240
1789568239	114954240
1789568244	114954240
1789568249	114954240
1789568254	114954240
1789568259	114954240
1789568264	114954240
1789568269	114954240
1789568274	114954240
1789568279	114954240
1789568284	114954240
1789568289	114954240
1789568294	114954240
1789568299	114954240
1789568304	114954240
1789568309	114954240
1789568314	114954240
1789568319	114954240
1789568324	114954240
1789568329	114954240
1789568334	114954240
1789568339	114954240
1789568344	114954240
1789568349	114954240
1789568354	114954240
1789568359	114954240
1789568364	114954240
1789568369	114954240
1789568374	114954240
1789568379	114954240
1789568384	114954240
1789568389	114954240
1789568394	114954240
1789568399	114954240
1789568404	114954240
1789568409	114954240
1789568414	114954240
1789568419	114954240
1789568424	114954240
1789568429	114954240
1789568434	114954240
1789568439	114954240
1789568444	114954240
1789568449	114954240
1789568454	114954240
1789568459	114954240
1789568464	114954240
1789568469	114954240
1789568474	114954240
1789568479	114954240
1789568484	114954240
1789568489	114954240
1789568494	114954240
1789568499	114954240
1789568504	114954240
1789568509	114954240
1789568514	114954240
1789568519	114954240
1789568524	114954240
1789568529	114954240
1789568534	114954240
1789568539	114954240
1789568544	114954240
1789568549	114954240
1789568554	114954240
1789568559	114954240
1789568564	114954240
1789568569	114954240
1789568574	114954240
1789568579	114954240
1789568584	114954240
1789568589	114954240
1789568594	114954240
1789568599	114954240
1789568604	114954240
1789568609	114954240
1789568614	114954240
1789568619	114954240
1789568624	114954240
1789568629	114954240
1789568634	114954240
1789568639	114954240
1789568644	114954240
1789568649	114954240
1789568654	114954240
1789568659	114954240
1789568664	114954240
1789568669	114954240
1789568674	114954240
1789568679	114954240
1789568684	114954240
1789568689	114954240
1789568694	114954240
1789568699	114954240
1789568704	114954240
1789568709	114954240
1789568714	114954240
1789568719	114954240
1789568724	114954240
1789568729	114954240
1789568734	114954240
1789568739	114954240
1789568744	114954240
1789568749	114954240
1789568754	114954240
1789568759	114954240
1789568764	114954240
1789568769	114954240
1789568774	114954240
1789568779	114954240
1789568784	114954240
1789568789	114954240
1789568794	114954240
1789568799	114954240
1789568804	114954240
1789568809	114954240
1789568814	114954240
1789568819	114954240
1789568824	114954240
1789568829	114954240
1789568834	114954240
1789568839	114954240
1789568844	114954240
1789568849	114954240
1789568854	114954240
1789568859	114954240
1789568864	114954240
1789568869	114954240
1789568874	114954240
1789568879	114954240
1789568884	114954240
1789568889	114954240
1789568894	114954240
1789568899	114954240
1789568904	114954240
1789568909	114954240
1789568914	114954240
1789568919	114954240
1789568924	114954240
1789568929	114954240
1789568934	114954240
1789568939	114954240
1789568945	114954240
1789568950	114954240
1789568955	114954240
1789568960	114954240
1789568965	114954240
1789568970	114954240
1789568975	114954240
1789568980	114954240
1789568985	114954240
1789568990	114954240
1789568995	114954240
1789569000	114954240
1789569005	114954240
1789569010	114954240
1789569015	114954240
1789569020	114954240
1789569025	114954240
1789569030	114954240
1789569035	114954240
1789569040	114954240
1789569045	114954240
1789569050	114954240
1789569055	114954240
1789569060	114954240
1789569065	114954240
1789569070	114954240
1789569075	114954240
1789569080	114954240
1789569085	114954240
1789569090	114954240
1789569095	114954240
1789569100	114954240
1789569105	114954240
1789569110	114954240
1789569115	114954240
1789569120	114954240
1789569125	114954240
1789569130	114954240
1789569135	114954240
1789569140	114954240
1789569145	114954240
1789569150	114954240
1789569155	114954240
1789569160	114954240
1789569165	114954240
1789569170	114954240
1789569175	114954240
1789569180	114954240
1789569185	114954240
1789569190	114954240
1789569195	114954240
1789569200	114954240
1789569205	114954240
1789569210	114954240
1789569215	114954240
1789569220	114954240
1789569225	114954240
1789569230	114954240
1789569235	114954240
1789569240	114954240
1789569245	114954240
1789569250	114954240
1789569255	114954240
1789569260	114954240
1789569265	114954240
1789569270	114954240
1789569275	114954240
1789569280	114954240
1789569285	114954240
1789569290	114954240
1789569295	114954240
1789569300	114954240
1789569305	114954240
1789569310	114954240
1789569315	114954240
1789569320	114954240
1789569325	114954240
1789569330	114954240
1789569335	114954240
1789569340	114954240
1789569345	114954240
1789569350	114954240
1789569355	114954240
1789569360	114954240
1789569365	114954240
1789569370	114954240
1789569375	114954240
1789569380	114954240
1789569385	114954240
1789569390	114954240
1789569395	114954240
1789569400	114954240
1789569405	114954240
1789569410	114954240
1789569415	114954240
1789569420	114954240
1789569425	114954240
1789569430	114954240
1789569435	114954240
1789569440	114954240
1789569445	114954240
1789569450	114954240
1789569455	114954240
1789569460	114954240
1789569465	114954240
1789569470	114954240
1789569475	114954240
1789569480	114954240
1789569485	114954240
1789569490	114954240
1789569495	114954240
1789569500	114954240
1789569505	114954240
1789569510	114954240
1789569515	114954240
1789569520	114954240
1789569525	114954240
1789569530	114954240
1789569535	114954240
1789569540	114954240
1789569545	114954240
1789569550	114954240
1789569555	114954240
1789569560	114954240
1789569565	114954240
1789569570	114954240
1789569575	114954240
1789569580	114954240
1789569585	114954240
1789569590	114954240
1789569595	114954240
1789569600	114954240
1789569605	114954240
1789569610	114954240
1789569615	114954240
1789569620	114954240
1789569625	114954240
1789569630	114954240
1789569635	114954240
1789569640	114954240
1789569645	114954240
1789569650	114954240
1789569655	114954240
1789569660	114954240
1789569665	114954240
1789569670	114954240
1789569675	114954240
1789569680	114954240
1789569685	114954240
1789569691	114954240
1789569696	114954240
1789569701	114954240
1789569706	114954240
1789569711	114954240
1789569716	114954240
1789569721	114954240
1789569726	114954240
1789569731	114954240
1789569736	114954240
1789569741	114954240
1789569746	114954240
1789569751	114954240
1789569756	114954240
1789569761	114954240
1789569766	114954240
1789569771	114954240
1789569776	114954240
1789569781	114954240
1789569786	114954240
1789569791	114954240
1789569796	114954240
1789569801	114954240
1789569806	114954240
1789569811	114954240
1789569816	114954240
1789569821	114954240
1789569826	114954240
1789569831	114954240
1789569836	114954240
1789569841	114954240
1789569846	114954240
1789569851	114954240
1789569856	114954240
1789569861	114954240
1789569866	114954240
1789569871	114954240
1789569876	114954240
1789569881	114954240
1789569886	114954240
1789569891	114954240
1789569896	114954240
1789569901	114954240
1789569906	114954240
1789569911	114954240
1789569916	114954240
1789569921	114954240
1789569926	114954240
1789569931	114954240
1789569936	114954240
1789569941	114954240
1789569946	114954240
1789569951	114954240
1789569956	114954240
1789569961	114954240
1789569966	114954240
1789569971	114954240
1789569976	114954240
1789569981	114954240
1789569986	114954240
1789569991	114954240
1789569996	114954240
1789570001	114954240
1789570006	114954240
1789570011	114954240
1789570016	114954240
1789570021	114954240
1789570026	114954240
1789570031	114954240
1789570036	114954240
1789570041	114954240
1789570046	114954240
1789570051	114954240
1789570056	114954240
1789570061	114954240
1789570066	114954240
1789570071	114954240
1789570076	114954240
1789570081	114954240
1789570086	114954240
1789570091	114954240
1789570096	114954240
1789570101	114954240
1789570106	114954240
1789570111	114954240
1789570116	114954240
1789570121	114954240
1789570126	114954240
1789570131	114954240
1789570136	114954240
1789570141	114954240
1789570146	114954240
1789570151	114954240
1789570156	114954240
1789570161	114954240
1789570166	114954240
1789570171	114954240
1789570176	114954240
1789570181	114954240
1789570186	114954240
1789570191	114954240
1789570196	114954240
1789570201	114954240
1789570206	114954240
1789570211	114954240
1789570216	114954240
1789570221	114954240
1789570226	114954240
1789570231	114954240
1789570236	114954240
1789570241	114954240
1789570246	114954240
1789570251	114954240
1789570256	114954240
1789570261	114954240
1789570266	114954240
1789570271	114954240
1789570276	114954240
1789570281	114954240
1789570286	114954240
1789570291	114954240
1789570296	114954240
1789570301	114954240
1789570306	114954240
1789570311	114954240
1789570316	114954240
1789570321	114954240
1789570326	114954240
1789570331	114954240
1789570336	114954240
1789570341	114954240
1789570346	114954240
1789570351	114954240
1789570356	114954240
1789570361	114954240
1789570366	114954240
1789570371	114954240
1789570376	114954240
1789570381	114954240
1789570386	114954240
1789570391	114954240
1789570396	114954240
1789570401	114954240
1789570406	114954240
1789570411	114954240
1789570416	114954240
1789570421	114954240
1789570427	114954240
1789570432	114954240
1789570437	114954240
1789570442	114954240
1789570447	114954240
1789570452	114954240
1789570457	114954240
1789570462	114954240
1789570467	114954240
1789570472	114954240
1789570477	114954240
1789570482	114954240
1789570487	114954240
1789570492	114954240
1789570497	114954240
1789570502	114954240
1789570507	114954240
1789570512	114954240
1789570517	114954240
1789570522	114954240
1789570527	114954240
1789570532	114954240
1789570537	114954240
1789570542	114954240
1789570547	114954240
1789570552	114954240
1789570557	114954240
1789570562	114954240
1789570567	114954240
1789570572	114954240
1789570577	114954240
1789570582	114954240
1789570587	114954240
1789570592	114954240
1789570597	114954240
1789570602	114954240
1789570607	114954240
1789570612	114954240
1789570617	114954240
1789570622	114954240
1789570627	114954240
1789570632	114954240
1789570637	114954240
1789570642	114954240
1789570647	114954240
1789570652	114954240
1789570657	114954240
1789570662	114954240
1789570667	114954240
1789570672	114954240
1789570677	114954240
1789570682	114954240
1789570687	114954240
1789570692	114954240
1789570697	114954240
1789570702	114954240
1789570707	114954240
1789570712	114954240
1789570717	114954240
1789570722	114954240
1789570727	114954240
1789570732	114954240
1789570737	114954240
1789570742	114954240
1789570747	114954240
1789570752	114954240
1789570757	114954240
1789570762	114954240
1789570767	114954240
1789570772	114954240
1789570777	114954240
1789570782	114954240
1789570787	114954240
1789570792	114954240
1789570797	114954240
1789570802	114954240
1789570807	114954240
1789570812	114954240
1789570817	114954240
1789570822	114954240
1789570827	114954240
1789570832	114954240
1789570837	114954240
1789570842	114954240
1789570847	114954240
1789570852	114954240
1789570857	114954240
1789570862	114954240
1789570867	114954240
1789570872	114954240
1789570877	114954240
1789570882	114954240
1789570887	114954240
1789570892	114954240
1789570897	114954240
1789570902	114954240
1789570907	114954240
1789570912	114954240
1789570917	114954240
1789570922	114954240
1789570927	114954240
1789570932	114954240
1789570937	114954240
1789570942	114954240
1789570947	114954240
1789570952	114954240
1789570957	114954240
1789570962	114954240
1789570967	114954240
1789570972	114954240
1789570977	114954240
1789570982	114954240
1789570987	114954240
1789570992	114954240
1789570997	114954240
1789571002	114954240
1789571007	114954240
1789571012	114954240
1789571017	114954240
1789571022	114954240
1789571027	114954240
1789571032	114954240
1789571037	114954240
1789571042	114954240
1789571047	114954240
1789571052	114954240
1789571057	114954240
1789571062	114954240
1789571067	114954240
1789571072	114954240
1789571077	114954240
1789571082	114954240
1789571087	114954240
1789571092	114954240
1789571097	114954240
1789571102	114954240
1789571107	114954240
1789571112	114954240
1789571117	114954240
1789571122	114954240
1789571127	114954240
1789571132	114954240
1789571137	114954240
1789571142	114954240
1789571147	114954240
1789571152	114954240
1789571158	114954240
1789571163	114954240
1789571168	114954240
1789571173	114954240
1789571178	114954240
1789571183	114954240
1789571188	114954240
1789571193	114954240
1789571198	114954240
1789571203	114954240
1789571208	114954240
1789571213	114954240
1789571218	114954240
1789571223	114954240
1789571228	114954240
1789571233	114954240
1789571238	114954240
1789571243	114954240
1789571248	114954240
1789571253	114954240
1789571258	114954240
1789571263	114954240
1789571268	114954240
1789571273	114954240
1789571278	114954240
1789571283	114954240
1789571288	114954240
1789571293	114954240
1789571298	114954240
1789571303	114954240
1789571308	114954240
1789571313	114954240
1789571318	114954240
1789571323	114954240
1789571328	114954240
1789571333	114954240
1789571338	114954240
1789571343	114954240
1789571348	114954240
1789571353	114954240
1789571358	114954240
1789571363	114954240
1789571368	114954240
1789571373	114954240
1789571378	114954240
1789571383	114954240
1789571388	114954240
1789571393	114954240
1789571398	114954240
1789571403	114954240
1789571408	114954240
1789571413	114954240
1789571418	114954240
1789571423	114954240
1789571428	114954240
1789571433	114954240
1789571438	114954240
1789571443	114954240
1789571448	114954240
1789571453	114954240
1789571458	114954240
1789571463	114954240
1789571468	114954240
1789571473	114954240
1789571478	114954240
1789571483	114954240
1789571488	114954240
1789571493	114954240
1789571498	114954240
1789571503	114954240
1789571508	114954240
1789571513	114954240
1789571518	114954240
1789571523	114954240
1789571528	114954240
1789571533	114954240
1789571538	114954240
1789571543	114954240
1789571548	114954240
1789571553	114954240
1789571558	114954240
1789571563	114954240
1789571568	114954240
1789571573	114954240
1789571578	114954240
1789571583	114954240
1789571588	114954240
1789571593	114954240
1789571598	114954240
1789571603	114954240
1789571608	114954240
1789571613	114954240
1789571618	114954240
1789571623	114954240
1789571628	114954240
1789571633	114954240
1789571638	114954240
1789571643	114954240
1789571648	114954240
1789571653	114954240
1789571658	114954240
1789571663	114954240
1789571668	114954240
1789571673	114954240
1789571678	114954240
1789571683	114954240
1789571688	114954240
1789571693	114954240
1789571698	114954240
1789571703	114954240
1789571708	114954240
1789571713	114954240
1789571718	114954240
1789571723	114954240
1789571728	114954240
1789571733	114954240
1789571738	114954240
1789571743	114954240
1789571748	114954240
1789571753	114954240
1789571758	114954240
1789571763	114954240
1789571768	114954240
1789571773	114954240
1789571778	114954240
1789571783	114954240
1789571788	114954240
1789571793	114954240
1789571798	114954240
1789571803	114954240
1789571808	114954240
1789571813	114954240
1789571818	114954240
1789571823	114954240
1789571828	114954240
1789571833	114954240
1789571838	114954240
1789571843	114954240
1789571848	114954240
1789571853	114954240
1789571858	114954240
1789571863	114954240
1789571868	114954240
1789571873	114954240
1789571878	114954240
1789571883	114954240
1789571888	114954240
1789571893	114954240
1789571899	114954240
1789571904	114954240
1789571909	114954240
1789571914	114954240
1789571919	114954240
1789571924	114954240
1789571929	114954240
1789571934	114954240
1789571939	114954240
1789571944	114954240
1789571949	114954240
1789571954	114954240
1789571959	114954240
1789571964	114954240
1789571969	114954240
1789571974	114954240
1789571979	114954240
1789571984	114954240
1789571989	114954240
1789571994	114954240
1789571999	114954240
1789572004	114954240
1789572009	114954240
1789572014	114954240
1789572019	114954240
1789572024	114954240
1789572029	114954240
1789572034	114954240
1789572039	114954240
1789572044	114954240
1789572049	114954240
1789572054	114954240
1789572059	114954240
1789572064	114954240
1789572069	114954240
1789572074	114954240
1789572079	114954240
1789572084	114954240
1789572089	114954240
1789572094	114954240
1789572099	114954240
1789572104	114954240
1789572109	114954240
1789572114	114954240
1789572119	114954240
1789572124	114954240
1789572129	114954240
1789572134	114954240
1789572139	114954240
1789572144	114954240
1789572149	114954240
1789572154	114954240
1789572159	114954240
1789572164	114954240
1789572169	114954240
1789572174	114954240
1789572179	114954240
1789572184	114954240
1789572189	114954240
1789572194	114954240
1789572199	114954240
1789572204	114954240
1789572209	114954240
1789572214	114954240
1789572219	114954240
1789572224	114954240
1789572229	114954240
1789572234	114954240
1789572239	114954240
1789572244	114954240
1789572249	114954240
1789572254	114954240
1789572259	114954240
1789572264	114954240
1789572269	114954240
1789572274	114954240
1789572279	114954240
1789572284	114954240
1789572289	114954240
1789572294	114954240
1789572299	114954240
1789572304	114954240
1789572309	114954240
1789572314	114954240
1789572319	114954240
1789572324	114954240
1789572329	114954240
1789572334	114954240
1789572339	114954240
1789572344	114954240
1789572349	114954240
1789572354	114954240
1789572359	114954240
1789572364	114954240
1789572369	114954240
1789572374	114954240
1789572379	114954240
1789572384	114954240
1789572389	114954240
1789572394	114954240
1789572399	114954240
1789572404	114954240
1789572409	114954240
1789572414	114954240
1789572419	114954240
1789572424	114954240
1789572429	114954240
1789572434	114954240
1789572439	114954240
1789572444	114954240
1789572449	114954240
1789572454	114954240
1789572459	114954240
1789572464	114954240
1789572469	114954240
1789572474	114954240
1789572479	114954240
1789572484	114954240
1789572489	114954240
1789572494	114954240
1789572499	114954240
1789572504	114954240
1789572509	114954240
1789572514	114954240
1789572519	114954240
1789572524	114954240
1789572529	114954240
1789572534	114954240
1789572539	114954240
1789572544	114954240
1789572549	114954240
1789572554	114954240
1789572559	114954240
1789572564	114954240
1789572569	114954240
1789572574	114954240
1789572579	114954240
1789572584	114954240
1789572589	114954240
1789572594	114954240
1789572599	114954240
1789572604	114954240
1789572609	114954240
1789572614	114954240
1789572619	114954240
1789572624	114954240
1789572629	114954240
1789572635	114954240
1789572640	114954240
1789572645	114954240
1789572650	114954240
1789572655	114954240
1789572660	114954240
1789572665	114954240
1789572670	114954240
1789572675	114954240
1789572680	114954240
1789572685	114954240
1789572690	114954240
1789572695	114954240
1789572700	114954240
1789572705	114954240
1789572710	114954240
1789572715	114954240
1789572720	114954240
1789572725	114954240
1789572730	114954240
1789572735	114954240
1789572740	114954240
1789572745	114954240
1789572750	114954240
1789572755	114954240
1789572760	114954240
1789572765	114954240
1789572770	114954240
1789572775	114954240
1789572780	114954240
1789572785	114954240
1789572790	114954240
1789572795	114954240
1789572800	114954240
1789572805	114954240
1789572810	114954240
1789572815	114954240
1789572820	114954240
1789572825	114954240
1789572830	114954240
1789572835	114954240
1789572840	114954240
1789572845	114954240
1789572850	114954240
1789572855	114954240
1789572860	114954240
1789572865	114954240
1789572870	114954240
1789572875	114954240
1789572880	114954240
1789572885	114954240
1789572890	114954240
1789572895	114954240
1789572900	114954240
1789572905	114954240
1789572910	114954240
1789572915	114954240
1789572920	114954240
1789572925	114954240
1789572930	114954240
1789572935	114954240
1789572940	114954240
1789572945	114954240
1789572950	114954240
1789572955	114954240
1789572960	114954240
1789572965	114954240
1789572970	114954240
1789572975	114954240
1789572980	114954240
1789572985	114954240
1789572990	114954240
1789572995	114954240
1789573000	114954240
1789573005	114954240
1789573010	114954240
1789573015	114954240
1789573020	114954240
1789573025	114954240
1789573030	114954240
1789573035	114954240
1789573040	114954240
1789573045	114954240
1789573050	114954240
1789573055	114954240
1789573060	114954240
1789573065	114954240
1789573070	114954240
1789573075	114954240
1789573080	114954240
1789573085	114954240
1789573090	114954240
1789573095	114954240
1789573100	114954240
1789573105	114954240
1789573110	114954240
1789573115	114954240
1789573120	114954240
1789573125	114954240
1789573130	114954240
1789573135	114954240
1789573140	114954240
1789573145	114954240
1789573150	114954240
1789573155	114954240
1789573160	114954240
1789573165	114954240
1789573170	114954240
1789573175	114954240
1789573180	114954240
1789573185	114954240
1789573190	114954240
1789573195	114954240
1789573200	114954240
1789573205	114954240
1789573210	114954240
1789573215	114954240
1789573220	114954240
1789573225	114954240
1789573230	114954240
1789573235	114954240
1789573240	114954240
1789573245	114954240
1789573250	114954240
1789573255	114954240
1789573260	114954240
1789573265	114954240
1789573270	114954240
1789573275	114954240
1789573280	114954240
1789573285	114954240
1789573290	114954240
1789573295	114954240
1789573300	114954240
1789573305	114954240
1789573310	114954240
1789573315	114954240
1789573320	114954240
1789573325	114954240
1789573330	114954240
1789573335	114954240
1789573340	114954240
1789573345	114954240
1789573350	114954240
1789573355	114954240
1789573361	114954240
1789573366	114954240
1789573371	114954240
1789573376	114954240
1789573381	114954240
1789573386	114954240
1789573391	114954240
1789573396	114954240
1789573401	114954240
1789573406	114954240
1789573411	114954240
1789573416	114954240
1789573421	114954240
1789573426	114954240
1789573431	114954240
1789573436	114954240
1789573441	114954240
1789573446	114954240
1789573451	114954240
1789573456	114954240
1789573461	114954240
1789573466	114954240
1789573471	114954240
1789573476	114954240
1789573481	114954240
1789573486	114954240
1789573491	114954240
1789573496	114954240
1789573501	114954240
1789573506	114954240
1789573511	114954240
1789573516	114954240
1789573521	114954240
1789573526	114954240
1789573531	114954240
1789573536	114954240
1789573541	114954240
1789573546	114954240
1789573551	114954240
1789573556	114954240
1789573561	114954240
1789573566	114954240
1789573571	114954240
1789573576	114954240
1789573581	114954240
1789573586	114954240
1789573591	114954240
1789573596	114954240
1789573601	114954240
1789573606	114954240
1789573611	114954240
1789573616	114954240
1789573621	114954240
1789573626	114954240
1789573631	114954240
1789573636	114954240
1789573641	114954240
1789573646	114954240
1789573651	114954240
1789573656	114954240
1789573661	114954240
1789573666	114954240
1789573671	114954240
1789573676	114954240
1789573681	114954240
1789573686	114954240
1789573691	114954240
1789573696	114954240
1789573701	114954240
1789573706	114954240
1789573711	114954240
1789573716	114954240
1789573721	114954240
1789573726	114954240
1789573731	114954240
1789573736	114954240
1789573741	114954240
1789573746	114954240
1789573751	114954240
1789573756	114954240
1789573761	114954240
1789573766	114954240
1789573771	114954240
1789573776	114954240
1789573781	114954240
1789573786	114954240
1789573791	114954240
1789573796	114954240
1789573801	114954240
1789573806	114954240
1789573811	114954240
1789573816	114954240
1789573821	114954240
1789573826	114954240
1789573831	114954240
1789573836	114954240
1789573841	114954240
1789573846	114954240
1789573851	114954240
1789573856	114954240
1789573861	114954240
1789573866	114954240
1789573871	114954240
1789573876	114954240
1789573881	114954240
1789573886	114954240
1789573891	114954240
1789573896	114954240
1789573901	114954240
1789573906	114954240
1789573911	114954240
1789573916	114954240
1789573921	114954240
1789573926	114954240
1789573931	114954240
1789573936	114954240
1789573941	114954240
1789573946	114954240
1789573951	114954240
1789573956	114954240
1789573961	114954240
1789573966	114954240
1789573971	114954240
1789573976	114954240
1789573981	114954240
1789573986	114954240
1789573991	114954240
1789573996	114954240
1789574001	114954240
1789574006	114954240
1789574011	114954240
1789574016	114954240
1789574021	114954240
1789574026	114954240
1789574031	114954240
1789574036	114954240
1789574041	114954240
1789574046	114954240
1789574051	114954240
1789574056	114954240
1789574061	114954240
1789574066	114954240
1789574071	114954240
1789574076	114954240
1789574081	114954240
1789574086	114954240
1789574091	114954240
1789574097	114954240
1789574102	114954240
1789574107	114954240
1789574112	114954240
1789574117	114954240
1789574122	114954240
1789574127	114954240
1789574132	114954240
1789574137	114954240
1789574142	114954240
1789574147	114954240
1789574152	114954240
1789574157	114954240
1789574162	114954240
1789574167	114954240
1789574172	114954240
1789574177	114954240
1789574182	114954240
1789574187	114954240
1789574192	114954240
1789574197	114954240
1789574202	114954240
1789574207	114954240
1789574212	114954240
1789574217	114954240
1789574222	114954240
1789574227	114954240
1789574232	114954240
1789574237	114954240
1789574242	114954240
1789574247	114954240
1789574252	114954240
1789574257	114954240
1789574262	114954240
1789574267	114954240
1789574272	114954240
1789574277	114954240
1789574282	114954240
1789574287	114954240
1789574292	114954240
1789574297	114954240
1789574302	114954240
1789574307	114954240
1789574312	114954240
1789574317	114954240
1789574322	114954240
1789574327	114954240
1789574332	114954240
1789574337	114954240
1789574342	114954240
1789574347	114954240
1789574352	114954240
1789574357	114954240
1789574362	114954240
1789574367	114954240
1789574372	114954240
1789574377	114954240
1789574382	114954240
1789574387	114954240
1789574392	114954240
1789574397	114954240
1789574402	114954240
1789574407	114954240
1789574412	114954240
1789574417	114954240
1789574422	114954240
1789574427	114954240
1789574432	114954240
1789574437	114954240
1789574442	114954240
1789574447	114954240
1789574452	114954240
1789574457	114954240
1789574462	114954240
1789574467	114954240
1789574472	114954240
1789574477	114954240
1789574482	114954240
1789574487	114954240
1789574492	114954240
1789574497	114954240
1789574502	114954240
1789574507	114954240
1789574512	114954240
1789574517	114954240
1789574522	114954240
1789574527	114954240
1789574532	114954240
1789574537	114954240
1789574542	114954240
1789574547	114954240
1789574552	114954240
1789574557	114954240
1789574562	114954240
1789574567	114954240
1789574572	114954240
1789574577	114954240
1789574582	114954240
1789574587	114954240
1789574592	114954240
1789574597	114954240
1789574602	114954240
1789574607	114954240
1789574612	114954240
1789574617	114954240
1789574622	114954240
1789574627	114954240
1789574632	114954240
1789574637	114954240
1789574642	114954240
1789574647	114954240
1789574652	114954240
1789574657	114954240
1789574662	114954240
1789574667	114954240
1789574672	114954240
1789574677	114954240
1789574682	114954240
1789574687	114954240
1789574692	114954240
1789574697	114954240
1789574702	114954240
1789574707	114954240
1789574712	114954240
1789574717	114954240
1789574722	114954240
1789574727	114954240
1789574732	114954240
1789574737	114954240
1789574742	114954240
1789574747	114954240
1789574752	114954240
1789574757	114954240
1789574762	114954240
1789574767	114954240
1789574772	114954240
1789574777	114954240
1789574782	114954240
1789574787	114954240
1789574792	114954240
1789574797	114954240
1789574802	114954240
1789574807	114954240
1789574812	114954240
1789574817	114954240
1789574822	114954240
1789574827	114954240
1789574833	114954240
1789574838	114954240
1789574843	114954240
1789574848	114954240
1789574853	114954240
1789574858	114954240
1789574863	114954240
1789574868	114954240
1789574873	114954240
1789574878	114954240
1789574883	114954240
1789574888	114954240
1789574893	114954240
1789574898	114954240
1789574903	114954240
1789574908	114954240
1789574913	114954240
1789574918	114954240
1789574923	114954240
1789574928	114954240
1789574933	114954240
1789574938	114954240
1789574943	114954240
1789574948	114954240
1789574953	114954240
1789574958	114954240
1789574963	114954240
1789574968	114954240
1789574973	114954240
1789574978	114954240
1789574983	114954240
1789574988	114954240
1789574993	114954240
1789574998	114954240
1789575003	114954240
1789575008	114954240
1789575013	114954240
1789575018	114954240
1789575023	114954240
1789575028	114954240
1789575033	114954240
1789575038	114954240
1789575043	114954240
1789575048	114954240
1789575053	114954240
1789575058	114954240
1789575063	114954240
1789575068	114954240
1789575073	114954240
1789575078	114954240
1789575083	114954240
1789575088	114954240
1789575093	114954240
1789575098	114954240
1789575103	114954240
1789575108	114954240
1789575113	114954240
1789575118	114954240
1789575123	114954240
1789575128	114954240
1789575133	114954240
1789575138	114954240
1789575143	114954240
1789575148	114954240
1789575153	114954240
1789575158	114954240
1789575163	114954240
1789575168	114954240
1789575173	114954240
1789575178	114954240
1789575183	114954240
1789575188	114954240
1789575193	114954240
1789575198	114954240
1789575203	114954240
1789575208	114954240
1789575213	114954240
1789575218	114954240
1789575223	114954240
1789575228	114954240
1789575233	114954240
1789575238	114954240
1789575243	114954240
1789575248	114954240
1789575253	114954240
1789575258	114954240
1789575263	114954240
1789575268	114954240
1789575273	114954240
1789575278	114954240
1789575283	114954240
1789575288	114954240
1789575293	114954240
1789575298	114954240
1789575303	114954240
1789575308	114954240
1789575313	114954240
1789575318	114954240
1789575323	114954240
1789575328	114954240
1789575333	114954240
1789575338	114954240
1789575343	114954240
1789575348	114954240
1789575353	114954240
1789575358	114954240
1789575363	114954240
1789575368	114954240
1789575373	114954240
1789575378	114954240
1789575383	114954240
1789575388	114954240
1789575393	114954240
1789575398	114954240
1789575403	114954240
1789575408	114954240
1789575413	114954240
1789575418	114954240
1789575423	114954240
1789575428	114954240
1789575433	114954240
1789575438	114954240
1789575443	114954240
1789575448	114954240
1789575453	114954240
1789575458	114954240
1789575463	114954240
1789575468	114954240
1789575473	114954240
1789575478	114954240
1789575483	114954240
1789575488	114954240
1789575493	114954240
1789575498	114954240
1789575503	114954240
1789575508	114954240
1789575513	114954240
1789575518	114954240
1789575523	114954240
1789575528	114954240
1789575533	114954240
1789575538	114954240
1789575543	114954240
1789575548	114954240
1789575553	114954240
1789575558	114954240
1789575563	114954240
1789575568	114954240
1789575574	114954240
1789575579	114954240
1789575584	114954240
1789575589	114954240
1789575594	114954240
1789575599	114954240
1789575604	114954240
1789575609	114954240
1789575614	114954240
1789575619	114954240
1789575624	114954240
1789575629	114954240
1789575634	114954240
1789575639	114954240
1789575644	114954240
1789575649	114954240
1789575654	114954240
1789575659	114954240
1789575664	114954240
1789575669	114954240
1789575674	114954240
1789575679	114954240
1789575684	114954240
1789575689	114954240
1789575694	114954240
1789575699	114954240
1789575704	114954240
1789575709	114954240
1789575714	114954240
1789575719	114954240
1789575724	114954240
1789575729	114954240
1789575734	114954240
1789575739	114954240
1789575744	114954240
1789575749	114954240
1789575754	114954240
1789575759	114954240
1789575764	114954240
1789575769	114954240
1789575774	114954240
1789575779	114954240
1789575784	114954240
1789575789	114954240
1789575794	114954240
1789575799	114954240
1789575804	114954240
1789575809	114954240
1789575814	114954240
1789575819	114954240
1789575824	114954240
1789575829	114954240
1789575834	114954240
1789575839	114954240
1789575844	114954240
1789575849	114954240
1789575854	114954240
1789575859	114954240
1789575864	114954240
1789575869	114954240
1789575874	114954240
1789575879	114954240
1789575884	114954240
1789575889	114954240
1789575894	114954240
1789575899	114954240
1789575904	114954240
1789575909	114954240
1789575914	114954240
1789575919	114954240
1789575924	114954240
1789575929	114954240
1789575934	114954240
1789575939	114954240
1789575944	114954240
1789575949	114954240
1789575954	114954240
1789575959	114954240
1789575964	114954240
1789575969	114954240
1789575974	114954240
1789575979	114954240
1789575984	114954240
1789575989	114954240
1789575994	114954240
1789575999	114954240
1789576004	114954240
1789576009	114954240
1789576014	114954240
1789576019	114954240
1789576024	114954240
1789576029	114954240
1789576034	114954240
1789576039	114954240
1789576044	114954240
1789576049	114954240
1789576054	114954240
1789576059	114954240
1789576064	114954240
1789576069	114954240
1789576074	114954240
1789576079	114954240
1789576084	114954240
1789576089	114954240
1789576094	114954240
1789576099	114954240
1789576104	114954240
1789576109	114954240
1789576114	114954240
1789576119	114954240
1789576124	114954240
1789576129	114954240
1789576134	114954240
1789576139	114954240
1789576144	114954240
1789576149	114954240
1789576154	114954240
1789576159	114954240
1789576164	114954240
1789576169	114954240
1789576174	114954240
1789576179	114954240
1789576184	114954240
1789576189	114954240
1789576194	114954240
1789576199	114954240
1789576204	114954240
1789576209	114954240
1789576214	114954240
1789576219	114954240
1789576224	114954240
1789576229	114954240
1789576234	114954240
1789576239	114954240
1789576244	114954240
1789576249	114954240
1789576254	114954240
1789576259	114954240
1789576264	114954240
1789576269	114954240
1789576274	114954240
1789576279	114954240
1789576284	114954240
1789576289	114954240
1789576294	114954240
1789576299	114954240
1789576305	114954240
1789576310	114954240
1789576315	114954240
1789576320	114954240
1789576325	114954240
1789576330	114954240
1789576335	114954240
1789576340	114954240
1789576345	114954240
1789576350	114954240
1789576355	114954240
1789576360	114954240
1789576365	114954240
1789576370	114954240
1789576375	114954240
1789576380	114954240
1789576385	114954240
1789576390	114954240
1789576395	114954240
1789576400	114954240
1789576405	114954240
1789576410	114954240
1789576415	114954240
1789576420	114954240
1789576425	114954240
1789576430	114954240
1789576435	114954240
1789576440	114954240
1789576445	114954240
1789576450	114954240
1789576455	114954240
1789576460	114954240
1789576465	114954240
1789576470	114954240
1789576475	114954240
1789576480	114954240
1789576485	114954240
1789576490	114954240
1789576495	114954240
1789576500	114954240
1789576505	114954240
1789576510	114954240
1789576515	114954240
1789576520	114954240
1789576525	114954240
1789576530	114954240
1789576535	114954240
1789576540	114954240
1789576545	114954240
1789576550	114954240
1789576555	114954240
1789576560	114954240
1789576565	114954240
1789576570	114954240
1789576575	114954240
1789576580	114954240
1789576585	114954240
1789576590	114954240
1789576595	114954240
1789576600	114954240
1789576605	114954240
1789576610	114954240
1789576615	114954240
1789576620	114954240
1789576625	114954240
1789576630	114954240
1789576635	114954240
1789576640	114954240
1789576645	114954240
1789576650	114954240
1789576655	114954240
1789576660	114954240
1789576665	114954240
1789576670	114954240
1789576675	114954240
1789576680	114954240
1789576685	114954240
1789576690	114954240
1789576695	114954240
1789576700	114954240
1789576705	114954240
1789576710	114954240
1789576715	114954240
1789576720	114954240
1789576725	114954240
1789576730	114954240
1789576735	114954240
1789576740	114954240
1789576745	114954240
1789576750	114954240
1789576755	114954240
1789576760	114954240
1789576765	114954240
1789576770	114954240
1789576775	114954240
1789576780	114954240
1789576785	114954240
1789576790	114954240
1789576795	114954240
1789576800	114954240
1789576805	114954240
1789576810	114954240
1789576815	114954240
1789576820	114954240
1789576825	114954240
1789576830	114954240
1789576835	114954240
1789576840	114954240
1789576845	114954240
1789576850	114954240
1789576855	114954240
1789576860	114954240
1789576865	114954240
1789576870	114954240
1789576875	114954240
1789576880	114954240
1789576885	114954240
1789576890	114954240
1789576895	114954240
1789576900	114954240
1789576905	114954240
1789576910	114954240
1789576915	114954240
1789576920	114954240
1789576925	114954240
1789576930	114954240
1789576935	114954240
1789576940	114954240
1789576945	114954240
1789576950	114954240
1789576955	114954240
1789576960	114954240
1789576965	114954240
1789576970	114954240
1789576975	114954240
1789576980	114954240
1789576985	114954240
1789576990	114954240
1789576995	114954240
1789577000	114954240
1789577005	114954240
1789577010	114954240
1789577015	114954240
1789577020	114954240
1789577025	114954240
1789577030	114954240
1789577035	114954240
1789577040	114954240
1789577046	114954240
1789577051	114954240
1789577056	114954240
1789577061	114954240
1789577066	114954240
1789577071	114954240
1789577076	114954240
1789577081	114954240
1789577086	114954240
1789577091	114954240
1789577096	114954240
1789577101	114954240
1789577106	114954240
1789577111	114954240
1789577116	114954240
1789577121	114954240
1789577126	114954240
1789577131	114954240
1789577136	114954240
1789577141	114954240
1789577146	114954240
1789577151	114954240
1789577156	114954240
1789577161	114954240
1789577166	114954240
1789577171	114954240
1789577176	114954240
1789577181	114954240
1789577186	114954240
1789577191	114954240
1789577196	114954240
1789577201	114954240
1789577206	114954240
1789577211	114954240
1789577216	114954240
1789577221	114954240
1789577226	114954240
1789577231	114954240
1789577236	114954240
1789577241	114954240
1789577246	114954240
1789577251	114954240
1789577256	114954240
1789577261	114954240
1789577266	114954240
1789577271	114954240
1789577276	114954240
1789577281	114954240
1789577286	114954240
1789577291	114954240
1789577296	114954240
1789577301	114954240
1789577306	114954240
1789577311	114954240
1789577316	114954240
1789577321	114954240
1789577326	114954240
1789577331	114954240
1789577336	114954240
1789577341	114954240
1789577346	114954240
1789577351	114954240
1789577356	114954240
1789577361	114954240
1789577366	114954240
1789577371	114954240
1789577376	114954240
1789577381	114954240
1789577386	114954240
1789577391	114954240
1789577396	114954240
1789577401	114954240
1789577406	114954240
1789577411	114954240
1789577416	114954240
1789577421	114954240
1789577426	114954240
1789577431	114954240
1789577436	114954240
1789577441	114954240
1789577446	114954240
1789577451	114954240
1789577456	114954240
1789577461	114954240
1789577466	114954240
1789577471	114954240
1789577476	114954240
1789577481	114954240
1789577486	114954240
1789577491	114954240
1789577496	114954240
1789577501	114954240
1789577506	114954240
1789577511	114954240
1789577516	114954240
1789577521	114954240
1789577526	114954240
1789577531	114954240
1789577536	114954240
1789577541	114954240
1789577546	114954240
1789577551	114954240
1789577556	114954240
1789577561	114954240
1789577566	114954240
1789577571	114954240
1789577576	114954240
1789577581	114954240
1789577586	114954240
1789577591	114954240
1789577596	114954240
1789577601	114954240
1789577606	114954240
1789577611	114954240
1789577616	114954240
1789577621	114954240
1789577626	114954240
1789577631	114954240
1789577636	114954240
1789577641	114954240
1789577646	114954240
1789577651	114954240
1789577656	114954240
1789577661	114954240
1789577666	114954240
1789577671	114954240
1789577676	114954240
1789577681	114954240
1789577686	114954240
1789577691	114954240
1789577696	114954240
1789577701	114954240
1789577706	114954240
1789577711	114954240
1789577716	114954240
1789577721	114954240
1789577726	114954240
1789577731	114954240
1789577736	114954240
1789577741	114954240
1789577746	114954240
1789577751	114954240
1789577756	114954240
1789577761	114954240
1789577766	114954240
1789577771	114954240
1789577776	114954240
1789577782	114954240
1789577787	114954240
1789577792	114954240
1789577797	114954240
1789577802	114954240
1789577807	114954240
1789577812	114954240
1789577817	114954240
1789577822	114954240
1789577827	114954240
1789577832	114954240
1789577837	114954240
1789577842	114954240
1789577847	114954240
1789577852	114954240
1789577857	114954240
1789577862	114954240
1789577867	114954240
1789577872	114954240
1789577877	114954240
1789577882	114954240
1789577887	114954240
1789577892	114954240
1789577897	114954240
1789577902	114954240
1789577907	114954240
1789577912	114954240
1789577917	114954240
1789577922	114954240
1789577927	114954240
1789577932	114954240
1789577937	114954240
1789577942	114954240
1789577947	114954240
1789577952	114954240
1789577957	114954240
1789577962	114954240
1789577967	114954240
1789577972	114954240
1789577977	114954240
1789577982	114954240
1789577987	114954240
1789577992	114954240
1789577997	114954240
1789578002	114954240
1789578007	114954240
1789578012	114954240
1789578017	114954240
1789578022	114954240
1789578027	114954240
1789578032	114954240
1789578037	114954240
1789578042	114954240
1789578047	114954240
1789578052	114954240
1789578057	114954240
1789578062	114954240
1789578067	114954240
1789578072	114954240
1789578077	114954240
1789578082	114954240
1789578087	114954240
1789578092	114954240
1789578097	114954240
1789578102	114954240
1789578107	114954240
1789578112	114954240
1789578117	114954240
1789578122	114954240
1789578127	114954240
1789578132	114954240
1789578137	114954240
1789578142	114954240
1789578147	114954240
1789578152	114954240
1789578157	114954240
1789578162	114954240
1789578167	114954240
1789578172	114954240
1789578177	114954240
1789578182	114954240
1789578187	114954240
1789578192	114954240
1789578197	114954240
1789578202	114954240
1789578207	114954240
1789578212	114954240
1789578217	114954240
1789578222	114954240
1789578227	114954240
1789578232	114954240
1789578237	114954240
1789578242	114954240
1789578247	114954240
1789578252	114954240
1789578257	114954240
1789578262	114954240
1789578267	114954240
1789578272	114954240
1789578277	114954240
1789578282	114954240
1789578287	114954240
1789578292	114954240
1789578297	114954240
1789578302	114954240
1789578307	114954240
1789578312	114954240
1789578317	114954240
1789578322	114954240
1789578327	114954240
1789578332	114954240
1789578337	114954240
1789578342	114954240
1789578347	114954240
1789578352	114954240
1789578357	114954240
1789578362	114954240
1789578367	114954240
1789578372	114954240
1789578377	114954240
1789578382	114954240
1789578387	114954240
1789578392	114954240
1789578397	114954240
1789578402	114954240
1789578407	114954240
1789578412	114954240
1789578417	114954240
1789578422	114954240
1789578427	114954240
1789578432	114954240
1789578437	114954240
1789578442	114954240
1789578447	114954240
1789578452	114954240
1789578457	114954240
1789578462	114954240
1789578467	114954240
1789578472	114954240
1789578477	114954240
1789578482	114954240
1789578487	114954240
1789578492	114954240
1789578497	114954240
1789578502	114954240
1789578507	114954240
1789578513	114954240
1789578518	114954240
1789578523	114954240
1789578528	114954240
1789578533	114954240
1789578538	114954240
1789578543	114954240
1789578548	114954240
1789578553	114954240
1789578558	114954240
1789578563	114954240
1789578568	114954240
1789578573	114954240
1789578578	114954240
1789578583	114954240
1789578588	114954240
1789578593	114954240
1789578598	114954240
1789578603	114954240
1789578608	114954240
1789578613	114954240
1789578618	114954240
1789578623	114954240
1789578628	114954240
1789578633	114954240
1789578638	114954240
1789578643	114954240
1789578648	114954240
1789578653	114954240
1789578658	114954240
1789578663	114954240
1789578668	114954240
1789578673	114954240
1789578678	114954240
1789578683	114954240
1789578688	114954240
1789578693	114954240
1789578698	114954240
1789578703	114954240
1789578708	114954240
1789578713	114954240
1789578718	114954240
1789578723	114954240
1789578728	114954240
1789578733	114954240
1789578738	114954240
1789578743	114954240
1789578748	114954240
1789578753	114954240
1789578758	114954240
1789578763	114954240
1789578768	114954240
1789578773	114954240
1789578778	114954240
1789578783	114954240
1789578788	114954240
1789578793	114954240
1789578798	114954240
1789578803	114954240
1789578808	114954240
1789578813	114954240
1789578818	114954240
1789578823	114954240
1789578828	114954240
1789578833	114954240
1789578838	114954240
1789578843	114954240
1789578848	114954240
1789578853	114954240
1789578858	114954240
1789578863	114954240
1789578868	114954240
1789578873	114954240
1789578878	114954240
1789578883	114954240
1789578888	114954240
1789578893	114954240
1789578898	114954240
1789578903	114954240
1789578908	114954240
1789578913	114954240
1789578918	114954240
1789578923	114954240
1789578928	114954240
1789578933	114954240
1789578938	114954240
1789578943	114954240
1789578948	114954240
1789578953	114954240
1789578958	114954240
1789578963	114954240
1789578968	114954240
1789578973	114954240
1789578978	114954240
1789578983	114954240
1789578988	114954240
1789578993	114954240
1789578998	114954240
1789579003	114954240
1789579008	114954240
1789579013	114954240
1789579018	114954240
1789579023	114954240
1789579028	114954240
1789579033	114954240
1789579038	114954240
1789579043	114954240
1789579048	114954240
1789579053	114954240
1789579058	114954240
1789579063	114954240
1789579068	114954240
1789579073	114954240
1789579078	114954240
1789579083	114954240
1789579088	114954240
1789579093	114954240
1789579098	114954240
1789579103	114954240
1789579108	114954240
1789579113	114954240
1789579118	114954240
1789579123	114954240
1789579128	114954240
1789579133	114954240
1789579138	114954240
1789579143	114954240
1789579148	114954240
1789579153	114954240
1789579158	114954240
1789579163	114954240
1789579168	114954240
1789579173	114954240
1789579178	114954240
1789579183	114954240
1789579188	114954240
1789579193	114954240
1789579198	114954240
1789579203	114954240
1789579208	114954240
1789579213	114954240
1789579218	114954240
1789579223	114954240
1789579228	114954240
1789579234	114954240
1789579239	114954240
1789579244	114954240
1789579249	114954240
1789579254	114954240
1789579259	114954240
1789579264	114954240
1789579269	114954240
1789579274	114954240
1789579279	114954240
1789579284	114954240
1789579289	114954240
1789579294	114954240
1789579299	114954240
1789579304	114954240
1789579309	114954240
1789579314	114954240
1789579319	114954240
1789579324	114954240
1789579329	114954240
1789579334	114954240
1789579339	114954240
1789579344	114954240
1789579349	114954240
1789579354	114954240
1789579359	114954240
1789579364	114954240
1789579369	114954240
1789579374	114954240
1789579379	114954240
1789579384	114954240
1789579389	114954240
1789579394	114954240
1789579399	114954240
1789579404	114954240
1789579409	114954240
1789579414	114954240
1789579419	114954240
1789579424	114954240
1789579429	114954240
1789579434	114954240
1789579439	114954240
1789579444	114954240
1789579449	114954240
1789579454	114954240
1789579459	114954240
1789579464	114954240
1789579469	114954240
1789579474	114954240
1789579479	114954240
1789579484	114954240
1789579489	114954240
1789579494	114954240
1789579499	114954240
1789579504	114954240
1789579509	114954240
1789579514	114954240
1789579519	114954240
1789579524	114954240
1789579529	114954240
1789579534	114954240
1789579539	114954240
1789579544	114954240
1789579549	114954240
1789579554	114954240
1789579559	114954240
1789579564	114954240
1789579569	114954240
1789579574	114954240
1789579579	114954240
1789579584	114954240
1789579589	114954240
1789579594	114954240
1789579599	114954240
1789579604	114954240
1789579609	114954240
1789579614	114954240
1789579619	114954240
1789579624	114954240
1789579629	114954240
1789579634	114954240
1789579639	114954240
1789579644	114954240
1789579649	114954240
1789579654	114954240
1789579659	114954240
1789579664	114954240
1789579669	114954240
1789579674	114954240
1789579679	114954240
1789579684	114954240
1789579689	114954240
1789579694	114954240
1789579699	114954240
1789579704	114954240
1789579709	114954240
1789579714	114954240
1789579719	114954240
1789579724	114954240
1789579729	114954240
1789579734	114954240
1789579739	114954240
1789579744	114954240
1789579749	114954240
1789579754	114954240
1789579759	114954240
1789579764	114954240
1789579769	114954240
1789579774	114954240
1789579779	114954240
1789579784	114954240
1789579789	114954240
1789579794	114954240
1789579799	114954240
1789579804	114954240
1789579809	114954240
1789579814	114954240
1789579819	114954240
1789579824	114954240
1789579829	114954240
1789579834	114954240
1789579839	114954240
1789579844	114954240
1789579849	114954240
1789579854	114954240
1789579859	114954240
1789579864	114954240
1789579869	114954240
1789579874	114954240
1789579879	114954240
1789579884	114954240
1789579889	114954240
1789579894	114954240
1789579899	114954240
1789579904	114954240
1789579909	114954240
1789579914	114954240
1789579919	114954240
1789579924	114954240
1789579929	114954240
1789579934	114954240
1789579939	114954240
1789579944	114954240
1789579949	114954240
1789579954	114954240
1789579959	114954240
1789579964	114954240
1789579969	114954240
1789579975	114954240
1789579980	114954240
1789579985	114954240
1789579990	114954240
1789579995	114954240
1789580000	114954240
1789580005	114954240
1789580010	114954240
1789580015	114954240
1789580020	114954240
1789580025	114954240
1789580030	114954240
1789580035	114954240
1789580040	114954240
1789580045	114954240
1789580050	114954240
1789580055	114954240
1789580060	114954240
1789580065	114954240
1789580070	114954240
1789580075	114954240
1789580080	114954240
1789580085	114954240
1789580090	114954240
1789580095	114954240
1789580100	114954240
1789580105	114954240
1789580110	114954240
1789580115	114954240
1789580120	114954240
1789580125	114954240
1789580130	114954240
1789580135	114954240
1789580140	114954240
1789580145	114954240
1789580150	114954240
1789580155	114954240
1789580160	114954240
1789580165	114954240
1789580170	114954240
1789580175	114954240
1789580180	114954240
1789580185	114954240
1789580190	114954240
1789580195	114954240
1789580200	114954240
1789580205	114954240
1789580210	114954240
1789580215	114954240
1789580220	114954240
1789580225	114954240
1789580230	114954240
1789580235	114954240
1789580240	114954240
1789580245	114954240
1789580250	114954240
1789580255	114954240
1789580260	114954240
1789580265	114954240
1789580270	114954240
1789580275	114954240
1789580280	114954240
1789580285	114954240
1789580290	114954240
1789580295	114954240
1789580300	114954240
1789580305	114954240
1789580310	114954240
1789580315	114954240
1789580320	114954240
1789580325	114954240
1789580330	114954240
1789580335	114954240
1789580340	114954240
1789580345	114954240
1789580350	114954240
1789580355	114954240
1789580360	114954240
1789580365	114954240
1789580370	114954240
1789580375	114954240
1789580380	114954240
1789580385	114954240
1789580390	114954240
1789580395	114954240
1789580400	114954240
1789580405	114954240
1789580410	114954240
1789580415	114954240
1789580420	114954240
1789580425	114954240
1789580430	114954240
1789580435	114954240
1789580440	114954240
1789580445	114954240
1789580450	114954240
1789580455	114954240
1789580460	114954240
1789580465	114954240
1789580470	114954240
1789580475	114954240
1789580480	114954240
1789580485	114954240
1789580490	114954240
1789580495	114954240
1789580500	114954240
1789580505	114954240
1789580510	114954240
1789580515	114954240
1789580520	114954240
1789580525	114954240
1789580530	114954240
1789580535	114954240
1789580540	114954240
1789580545	114954240
1789580550	114954240
1789580555	114954240
1789580560	114954240
1789580565	114954240
1789580570	114954240
1789580575	114954240
1789580580	114954240
1789580585	114954240
1789580590	114954240
1789580595	114954240
1789580600	114954240
1789580605	114954240
1789580610	114954240
1789580615	114954240
1789580620	114954240
1789580625	114954240
1789580630	114954240
1789580635	114954240
1789580640	114954240
1789580645	114954240
1789580650	114954240
1789580655	114954240
1789580660	114954240
1789580665	114954240
1789580670	114954240
1789580675	114954240
1789580680	114954240
1789580685	114954240
1789580690	114954240
1789580695	114954240
1789580700	114954240
1789580705	114954240
1789580710	114954240
1789580716	114954240
1789580721	114954240
1789580726	114954240
1789580731	114954240
1789580736	114954240
1789580741	114954240
1789580746	114954240
1789580751	114954240
1789580756	114954240
1789580761	114954240
1789580766	114954240
1789580771	114954240
1789580776	114954240
1789580781	114954240
1789580786	114954240
1789580791	114954240
1789580796	114954240
1789580801	114954240
1789580806	114954240
1789580811	114954240
1789580816	114954240
1789580821	114954240
1789580826	114954240
1789580831	114954240
1789580836	114954240
1789580841	114954240
1789580846	114954240
1789580851	114954240
1789580856	114954240
1789580861	114954240
1789580866	114954240
1789580871	114954240
1789580876	114954240
1789580881	114954240
1789580886	114954240
1789580891	114954240
1789580896	114954240
1789580901	114954240
1789580906	114954240
1789580911	114954240
1789580916	114954240
1789580921	114954240
1789580926	114954240
1789580931	114954240
1789580936	114954240
1789580941	114954240
1789580946	114954240
1789580951	114954240
1789580956	114954240
1789580961	114954240
1789580966	114954240
1789580971	114954240
1789580976	114954240
1789580981	114954240
1789580986	114954240
1789580991	114954240
1789580996	114954240
1789581001	114954240
1789581006	114954240
1789581011	114954240
1789581016	114954240
1789581021	114954240
1789581026	114954240
1789581031	114954240
1789581036	114954240
1789581041	114954240
1789581046	114954240
1789581051	114954240
1789581056	114954240
1789581061	114954240
1789581066	114954240
1789581071	114954240
1789581076	114954240
1789581081	114954240
1789581086	114954240
1789581091	114954240
1789581096	114954240
1789581101	114954240
1789581106	114954240
1789581111	114954240
1789581116	114954240
1789581121	114954240
1789581126	114954240
1789581131	114954240
1789581136	114954240
1789581141	114954240
1789581146	114954240
1789581151	114954240
1789581156	114954240
1789581161	114954240
1789581166	114954240
1789581171	114954240
1789581176	114954240
1789581181	114954240
1789581186	114954240
1789581191	114954240
1789581196	114954240
1789581201	114954240
1789581206	114954240
1789581211	114954240
1789581216	114954240
1789581221	114954240
1789581226	114954240
1789581231	114954240
1789581236	114954240
1789581241	114954240
1789581246	114954240
1789581251	114954240
1789581256	114954240
1789581261	114954240
1789581266	114954240
1789581271	114954240
1789581276	114954240
1789581281	114954240
1789581286	114954240
1789581291	114954240
1789581296	114954240
1789581301	114954240
1789581306	114954240
1789581311	114954240
1789581316	114954240
1789581321	114954240
1789581326	114954240
1789581331	114954240
1789581336	114954240
1789581341	114954240
1789581346	114954240
1789581351	114954240
1789581356	114954240
1789581361	114954240
1789581366	114954240
1789581371	114954240
1789581376	114954240
1789581381	114954240
1789581386	114954240
1789581391	114954240
1789581396	114954240
1789581401	114954240
1789581406	114954240
1789581411	114954240
1789581416	114954240
1789581421	114954240
1789581426	114954240
1789581431	114954240
1789581436	114954240
1789581441	114954240
1789581446	114954240
1789581451	114954240
1789581457	114954240
1789581462	114954240
1789581467	114954240
1789581472	114954240
1789581477	114954240
1789581482	114954240
1789581487	114954240
1789581492	114954240
1789581497	114954240
1789581502	114954240
1789581507	114954240
1789581512	114954240
1789581517	114954240
1789581522	114954240
1789581527	114954240
1789581532	114954240
1789581537	114954240
1789581542	114954240
1789581547	114954240
1789581552	114954240
1789581557	114954240
1789581562	114954240
1789581567	114954240
1789581572	114954240
1789581577	114954240
1789581582	114954240
1789581587	114954240
1789581592	114954240
1789581597	114954240
1789581602	114954240
1789581607	114954240
1789581612	114954240
1789581617	114954240
1789581622	114954240
1789581627	114954240
1789581632	114954240
1789581637	114954240
1789581642	114954240
1789581647	114954240
1789581652	114954240
1789581657	114954240
1789581662	114954240
1789581667	114954240
1789581672	114954240
1789581677	114954240
1789581682	114954240
1789581687	114954240
1789581692	114954240
1789581697	114954240
1789581702	114954240
1789581707	114954240
1789581712	114954240
1789581717	114954240
1789581722	114954240
1789581727	114954240
1789581732	114954240
1789581737	114954240
1789581742	114954240
1789581747	114954240
1789581752	114954240
1789581757	114954240
1789581762	114954240
1789581767	114954240
1789581772	114954240
1789581777	114954240
1789581782	114954240
1789581787	114954240
1789581792	114954240
1789581797	114954240
1789581802	114954240
1789581807	114954240
1789581812	114954240
1789581817	114954240
1789581822	114954240
1789581827	114954240
1789581832	114954240
1789581837	114954240
1789581842	114954240
1789581847	114954240
1789581852	114954240
1789581857	114954240
1789581862	114954240
1789581867	114954240
1789581872	114954240
1789581877	114954240
1789581882	114954240
1789581887	114954240
1789581892	114954240
1789581897	114954240
1789581902	114954240
1789581907	114954240
1789581912	114954240
1789581917	114954240
1789581922	114954240
1789581927	114954240
1789581932	114954240
1789581937	114954240
1789581942	114954240
1789581947	114954240
1789581952	114954240
1789581957	114954240
1789581962	114954240
1789581967	114954240
1789581972	114954240
1789581977	114954240
1789581982	114954240
1789581987	114954240
1789581992	114954240
1789581997	114954240
1789582002	114954240
1789582007	114954240
1789582012	114954240
1789582017	114954240
1789582022	114954240
1789582027	114954240
1789582032	114954240
1789582037	114954240
1789582042	114954240
1789582047	114954240
1789582052	114954240
1789582057	114954240
1789582062	114954240
1789582067	114954240
1789582072	114954240
1789582077	114954240
1789582082	114954240
1789582087	114954240
1789582092	114954240
1789582097	114954240
1789582102	114954240
1789582107	114954240
1789582112	114954240
1789582117	114954240
1789582122	114954240
1789582127	114954240
1789582132	114954240
1789582137	114954240
1789582142	114954240
1789582147	114954240
1789582152	114954240
1789582157	114954240
1789582162	114954240
1789582167	114954240
1789582172	114954240
1789582177	114954240
1789582182	114954240
1789582188	114954240
1789582193	114954240
1789582198	114954240
1789582203	114954240
1789582208	114954240
1789582213	114954240
1789582218	114954240
1789582223	114954240
1789582228	114954240
1789582233	114954240
1789582238	114954240
1789582243	114954240
1789582248	114954240
1789582253	114954240
1789582258	114954240
1789582263	114954240
1789582268	114954240
1789582273	114954240
1789582278	114954240
1789582283	114954240
1789582288	114954240
1789582293	114954240
1789582298	114954240
1789582303	114954240
1789582308	114954240
1789582313	114954240
1789582318	114954240
1789582323	114954240
1789582328	114954240
1789582333	114954240
1789582338	114954240
1789582343	114954240
1789582348	114954240
1789582353	114954240
1789582358	114954240
1789582363	114954240
1789582368	114954240
1789582373	114954240
1789582378	114954240
1789582383	114954240
1789582388	114954240
1789582393	114954240
1789582398	114954240
1789582403	114954240
1789582408	114954240
1789582413	114954240
1789582418	114954240
1789582423	114954240
1789582428	114954240
1789582433	114954240
1789582438	114954240
1789582443	114954240
1789582448	114954240
1789582453	114954240
1789582458	114954240
1789582463	114954240
1789582468	114954240
1789582473	114954240
1789582478	114954240
1789582483	114954240
1789582488	114954240
1789582493	114954240
1789582498	114954240
1789582503	114954240
1789582508	114954240
1789582513	114954240
1789582518	114954240
1789582523	114954240
1789582528	114954240
1789582533	114954240
1789582538	114954240
1789582543	114954240
1789582548	114954240
1789582553	114954240
1789582558	114954240
1789582563	114954240
1789582568	114954240
1789582573	114954240
1789582578	114954240
1789582583	114954240
1789582588	114954240
1789582593	114954240
1789582598	114954240
1789582603	114954240
1789582608	114954240
1789582613	114954240
1789582618	114954240
1789582623	114954240
1789582628	114954240
1789582633	114954240
1789582638	114954240
1789582643	114954240
1789582648	114954240
1789582653	114954240
1789582658	114954240
1789582663	114954240
1789582668	114954240
1789582673	114954240
1789582678	114954240
1789582683	114954240
1789582688	114954240
1789582693	114954240
1789582698	114954240
1789582703	114954240
1789582708	114954240
1789582713	114954240
1789582718	114954240
1789582723	114954240
1789582728	114954240
1789582733	114954240
1789582738	114954240
1789582743	114954240
1789582748	114954240
1789582753	114954240
1789582758	114954240
1789582763	114954240
1789582768	114954240
1789582773	114954240
1789582778	114954240
1789582783	114954240
1789582788	114954240
1789582793	114954240
1789582798	114954240
1789582803	114954240
1789582808	114954240
1789582813	114954240
1789582818	114954240
1789582823	114954240
1789582828	114954240
1789582833	114954240
1789582838	114954240
1789582843	114954240
1789582848	114954240
1789582853	114954240
1789582858	114954240
1789582863	114954240
1789582868	114954240
1789582873	114954240
1789582878	114954240
1789582883	114954240
1789582888	114954240
1789582893	114954240
1789582898	114954240
1789582903	114954240
1789582908	114954240
1789582913	114954240
1789582919	114954240
1789582924	114954240
1789582929	114954240
1789582934	114954240
1789582939	114954240
1789582944	114954240
1789582949	114954240
1789582954	114954240
1789582959	114954240
1789582964	114954240
1789582969	114954240
1789582974	114954240
1789582979	114954240
1789582984	114954240
1789582989	114954240
1789582994	114954240
1789582999	114954240
1789583004	114954240
1789583009	114954240
1789583014	114954240
1789583019	114954240
1789583024	114954240
1789583029	114954240
1789583034	114954240
1789583039	114954240
1789583044	114954240
1789583049	114954240
1789583054	114954240
1789583059	114954240
1789583064	114954240
1789583069	114954240
1789583074	114954240
1789583079	114954240
1789583084	114954240
1789583089	114954240
1789583094	114954240
1789583099	114954240
1789583104	114954240
1789583109	114954240
1789583114	114954240
1789583119	114954240
1789583124	114954240
1789583129	114954240
1789583134	114954240
1789583139	114954240
1789583144	114954240
1789583149	114954240
1789583154	114954240
1789583159	114954240
1789583164	114954240
1789583169	114954240
1789583174	114954240
1789583179	114954240
1789583184	114954240
1789583189	114954240
1789583194	114954240
1789583199	114954240
1789583204	114954240
1789583209	114954240
1789583214	114954240
1789583219	114954240
1789583224	114954240
1789583229	114954240
1789583234	114954240
1789583239	114954240
1789583244	114954240
1789583249	114954240
1789583254	114954240
1789583259	114954240
1789583264	114954240
1789583269	114954240
1789583274	114954240
1789583279	114954240
1789583284	114954240
1789583289	114954240
1789583294	114954240
1789583299	114954240
1789583304	114954240
1789583309	114954240
1789583314	114954240
1789583319	114954240
1789583324	114954240
1789583329	114954240
1789583334	114954240
1789583339	114954240
1789583344	114954240
1789583349	114954240
1789583354	114954240
1789583359	114954240
1789583364	114954240
1789583369	114954240
1789583374	114954240
1789583379	114954240
1789583384	114954240
1789583389	114954240
1789583394	114954240
1789583399	114954240
1789583404	114954240
1789583409	114954240
1789583414	114954240
1789583419	114954240
1789583424	114954240
1789583429	114954240
1789583434	114954240
1789583439	114954240
1789583444	114954240
1789583449	114954240
1789583454	114954240
1789583459	114954240
1789583464	114954240
1789583469	114954240
1789583474	114954240
1789583479	114954240
1789583484	114954240
1789583489	114954240
1789583494	114954240
1789583499	114954240
1789583504	114954240
1789583509	114954240
1789583514	114954240
1789583519	114954240
1789583524	114954240
1789583529	114954240
1789583534	114954240
1789583539	114954240
1789583544	114954240
1789583549	114954240
1789583554	114954240
1789583559	114954240
1789583564	114954240
1789583569	114954240
1789583574	114954240
1789583579	114954240
1789583584	114954240
1789583589	114954240
1789583594	114954240
1789583599	114954240
1789583604	114954240
1789583609	114954240
1789583614	114954240
1789583619	114954240
1789583624	114954240
1789583629	114954240
1789583634	114954240
1789583639	114954240
1789583644	114954240
1789583649	114954240
1789583654	114954240
1789583660	114954240
1789583665	114954240
1789583670	114954240
1789583675	114954240
1789583680	114954240
1789583685	114954240
1789583690	114954240
1789583695	114954240
1789583700	114954240
1789583705	114954240
1789583710	114954240
1789583715	114954240
1789583720	114954240
1789583725	114954240
1789583730	114954240
1789583735	114954240
1789583740	114954240
1789583745	114954240
1789583750	114954240
1789583755	114954240
1789583760	114954240
1789583765	114954240
1789583770	114954240
1789583775	114954240
1789583780	114954240
1789583785	114954240
1789583790	114954240
1789583795	114954240
1789583800	114954240
1789583805	114954240
1789583810	114954240
1789583815	114954240
1789583820	114954240
1789583825	114954240
1789583830	114954240
1789583835	114954240
1789583840	114954240
1789583845	114954240
1789583850	114954240
1789583855	114954240
1789583860	114954240
1789583865	114954240
1789583870	114954240
1789583875	114954240
1789583880	114954240
1789583885	114954240
1789583890	114954240
1789583895	114954240
1789583900	114954240
1789583905	114954240
1789583910	114954240
1789583915	114954240
1789583920	114954240
1789583925	114954240
1789583930	114954240
1789583935	114954240
1789583940	114954240
1789583945	114954240
1789583950	114954240
1789583955	114954240
1789583960	114954240
1789583965	114954240
1789583970	114954240
1789583975	114954240
1789583980	114954240
1789583985	114954240
1789583990	114954240
1789583995	114954240
1789584000	114954240
1789584005	114954240
1789584010	114954240
1789584015	114954240
1789584020	114954240
1789584025	114954240
1789584030	114954240
1789584035	114954240
1789584040	114954240
1789584045	114954240
1789584050	114954240
1789584055	114954240
1789584060	114954240
1789584065	114954240
1789584070	114954240
1789584075	114954240
1789584080	114954240
1789584085	114954240
1789584090	114954240
1789584095	114954240
1789584100	114954240
1789584105	114954240
1789584110	114954240
1789584115	114954240
1789584120	114954240
1789584125	114954240
1789584130	114954240
1789584135	114954240
1789584140	114954240
1789584145	114954240
1789584150	114954240
1789584155	114954240
1789584160	114954240
1789584165	114954240
1789584170	114954240
1789584175	114954240
1789584180	114954240
1789584185	114954240
1789584190	114954240
1789584195	114954240
1789584200	114954240
1789584205	114954240
1789584210	114954240
1789584215	114954240
1789584220	114954240
1789584225	114954240
1789584230	114954240
1789584235	114954240
1789584240	114954240
1789584245	114954240
1789584250	114954240
1789584255	114954240
1789584260	114954240
1789584265	114954240
1789584270	114954240
1789584275	114954240
1789584280	114954240
1789584285	114954240
1789584290	114954240
1789584295	114954240
1789584300	114954240
1789584305	114954240
1789584310	114954240
1789584315	114954240
1789584320	114954240
1789584325	114954240
1789584330	114954240
1789584335	114954240
1789584340	114954240
1789584345	114954240
1789584350	114954240
1789584355	114954240
1789584360	114954240
1789584365	114954240
1789584370	114954240
1789584375	114954240
1789584380	114954240
1789584386	114954240
1789584391	114954240
1789584396	114954240
1789584401	114954240
1789584406	114954240
1789584411	114954240
1789584416	114954240
1789584421	114954240
1789584426	114954240
1789584431	114954240
1789584436	114954240
1789584441	114954240
1789584446	114954240
1789584451	114954240
1789584456	114954240
1789584461	114954240
1789584466	114954240
1789584471	114954240
1789584476	114954240
1789584481	114954240
1789584486	114954240
1789584491	114954240
1789584496	114954240
1789584501	114954240
1789584506	114954240
1789584511	114954240
1789584516	114954240
1789584521	114954240
1789584526	114954240
1789584531	114954240
1789584536	114954240
1789584541	114954240
1789584546	114954240
1789584551	114954240
1789584556	114954240
1789584561	114954240
1789584566	114954240
1789584571	114954240
1789584576	114954240
1789584581	114954240
1789584586	114954240
1789584591	114954240
1789584596	114954240
1789584601	114954240
1789584606	114954240
1789584611	114954240
1789584616	114954240
1789584621	114954240
1789584626	114954240
1789584631	114954240
1789584636	114954240
1789584641	114954240
1789584646	114954240
1789584651	114954240
1789584656	114954240
1789584661	114954240
1789584666	114954240
1789584671	114954240
1789584676	114954240
1789584681	114954240
1789584686	114954240
1789584691	114954240
1789584696	114954240
1789584701	114954240
1789584706	114954240
1789584711	114954240
1789584716	114954240
1789584721	114954240
1789584726	114954240
1789584731	114954240
1789584736	114954240
1789584741	114954240
1789584746	114954240
1789584751	114954240
1789584756	114954240
1789584761	114954240
1789584766	114954240
1789584771	114954240
1789584776	114954240
1789584781	114954240
1789584786	114954240
1789584791	114954240
1789584796	114954240
1789584801	114954240
1789584806	114954240
1789584811	114954240
1789584816	114954240
1789584821	114954240
1789584826	114954240
1789584831	114954240
1789584836	114954240
1789584841	114954240
1789584846	114954240
1789584851	114954240
1789584856	114954240
1789584861	114954240
1789584866	114954240
1789584871	114954240
1789584876	114954240
1789584881	114954240
1789584886	114954240
1789584891	114954240
1789584896	114954240
1789584901	114954240
1789584906	114954240
1789584911	114954240
1789584916	114954240
1789584921	114954240
1789584926	114954240
1789584931	114954240
1789584936	114954240
1789584941	114954240
1789584946	114954240
1789584951	114954240
1789584956	114954240
1789584961	114954240
1789584966	114954240
1789584971	114954240
1789584976	114954240
1789584981	114954240
1789584986	114954240
1789584991	114954240
1789584996	114954240
1789585001	114954240
1789585006	114954240
1789585011	114954240
1789585016	114954240
1789585021	114954240
1789585026	114954240
1789585031	114954240
1789585036	114954240
1789585041	114954240
1789585046	114954240
1789585051	114954240
1789585056	114954240
1789585061	114954240
1789585066	114954240
1789585071	114954240
1789585076	114954240
1789585081	114954240
1789585086	114954240
1789585091	114954240
1789585096	114954240
1789585101	114954240
1789585106	114954240
1789585111	114954240
1789585116	114954240
1789585121	114954240
1789585127	114954240
1789585132	114954240
1789585137	114954240
1789585142	114954240
1789585147	114954240
1789585152	114954240
1789585157	114954240
1789585162	114954240
1789585167	114954240
1789585172	114954240
1789585177	114954240
1789585182	114954240
1789585187	114954240
1789585192	114954240
1789585197	114954240
1789585202	114954240
1789585207	114954240
1789585212	114954240
1789585217	114954240
1789585222	114954240
1789585227	114954240
1789585232	114954240
1789585237	114954240
1789585242	114954240
1789585247	114954240
1789585252	114954240
1789585257	114954240
1789585262	114954240
1789585267	114954240
1789585272	114954240
1789585277	114954240
1789585282	114954240
1789585287	114954240
1789585292	114954240
1789585297	114954240
1789585302	114954240
1789585307	114954240
1789585312	114954240
1789585317	114954240
1789585322	114954240
1789585327	114954240
1789585332	114954240
1789585337	114954240
1789585342	114954240
1789585347	114954240
1789585352	114954240
1789585357	114954240
1789585362	114954240
1789585367	114954240
1789585372	114954240
1789585377	114954240
1789585382	114954240
1789585387	114954240
1789585392	114954240
1789585397	114954240
1789585402	114954240
1789585407	114954240
1789585412	114954240
1789585417	114954240
1789585422	114954240
1789585427	114954240
1789585432	114954240
1789585437	114954240
1789585442	114954240
1789585447	114954240
1789585452	114954240
1789585457	114954240
1789585462	114954240
1789585467	114954240
1789585472	114954240
1789585477	114954240
1789585482	114954240
1789585487	114954240
1789585492	114954240
1789585497	114954240
1789585502	114954240
1789585507	114954240
1789585512	114954240
1789585517	114954240
1789585522	114954240
1789585527	114954240
1789585532	114954240
1789585537	114954240
1789585542	114954240
1789585547	114954240
1789585552	114954240
1789585557	114954240
1789585562	114954240
1789585567	114954240
1789585572	114954240
1789585577	114954240
1789585582	114954240
1789585587	114954240
1789585592	114954240
1789585597	114954240
1789585602	114954240
1789585607	114954240
1789585612	114954240
1789585617	114954240
1789585622	114954240
1789585627	114954240
1789585632	114954240
1789585637	114954240
1789585642	114954240
1789585647	114954240
1789585652	114954240
1789585657	114954240
1789585662	114954240
1789585667	114954240
1789585672	114954240
1789585677	114954240
1789585682	114954240
1789585687	114954240
1789585692	114954240
1789585697	114954240
1789585702	114954240
1789585707	114954240
1789585712	114954240
1789585717	114954240
1789585722	114954240
1789585727	114954240
1789585732	114954240
1789585737	114954240
1789585742	114954240
1789585747	114954240
1789585752	114954240
1789585757	114954240
1789585762	114954240
1789585767	114954240
1789585772	114954240
1789585777	114954240
1789585782	114954240
1789585787	114954240
1789585792	114954240
1789585797	114954240
1789585802	114954240
1789585807	114954240
1789585812	114954240
1789585817	114954240
1789585822	114954240
1789585827	114954240
1789585832	114954240
1789585837	114954240
1789585842	114954240
1789585847	114954240
1789585852	114954240
1789585857	114954240
1789585862	114954240
1789585868	114954240
1789585873	114954240
1789585878	114954240
1789585883	114954240
1789585888	114954240
1789585893	114954240
1789585898	114954240
1789585903	114954240
1789585908	114954240
1789585913	114954240
1789585918	114954240
1789585923	114954240
1789585928	114954240
1789585933	114954240
1789585938	114954240
1789585943	114954240
1789585948	114954240
1789585953	114954240
1789585958	114954240
1789585963	114954240
1789585968	114954240
1789585973	114954240
1789585978	114954240
1789585983	114954240
1789585988	114954240
1789585993	114954240
1789585998	114954240
1789586003	114954240
1789586008	114954240
1789586013	114954240
1789586018	114954240
1789586023	114954240
1789586028	114954240
1789586033	114954240
1789586038	114954240
1789586043	114954240
1789586048	114954240
1789586053	114954240
1789586058	114954240
1789586063	114954240
1789586068	114954240
1789586073	114954240
1789586078	114954240
1789586083	114954240
1789586088	114954240
1789586093	114954240
1789586098	114954240
1789586103	114954240
1789586108	114954240
1789586113	114954240
1789586118	114954240
1789586123	114954240
1789586128	114954240
1789586133	114954240
1789586138	114954240
1789586143	114954240
1789586148	114954240
1789586153	114954240
1789586158	114954240
1789586163	114954240
1789586168	114954240
1789586173	114954240
1789586178	114954240
1789586183	114954240
1789586188	114954240
1789586193	114954240
1789586198	114954240
1789586203	114954240
1789586208	114954240
1789586213	114954240
1789586218	114954240
1789586223	114954240
1789586228	114954240
1789586233	114954240
1789586238	114954240
1789586243	114954240
1789586248	114954240
1789586253	114954240
1789586258	114954240
1789586263	114954240
1789586268	114954240
1789586273	114954240
1789586278	114954240
1789586283	114954240
1789586288	114954240
1789586293	114954240
1789586298	114954240
1789586303	114954240
1789586308	114954240
1789586313	114954240
1789586318	114954240
1789586323	114954240
1789586328	114954240
1789586333	114954240
1789586338	114954240
1789586343	114954240
1789586348	114954240
1789586353	114954240
1789586358	114954240
1789586363	114954240
1789586368	114954240
1789586373	114954240
1789586378	114954240
1789586383	114954240
1789586388	114954240
1789586393	114954240
1789586398	114954240
1789586403	114954240
1789586408	114954240
1789586413	114954240
1789586418	114954240
1789586423	114954240
1789586428	114954240
1789586433	114954240
1789586438	114954240
1789586443	114954240
1789586448	114954240
1789586453	114954240
1789586458	114954240
1789586463	114954240
1789586468	114954240
1789586473	114954240
1789586478	114954240
1789586483	114954240
1789586488	114954240
1789586493	114954240
1789586498	114954240
1789586503	114954240
1789586508	114954240
1789586513	114954240
1789586518	114954240
1789586523	114954240
1789586528	114954240
1789586533	114954240
1789586538	114954240
1789586543	114954240
1789586548	114954240
1789586553	114954240
1789586558	114954240
1789586563	114954240
1789586568	114954240
1789586573	114954240
1789586578	114954240
1789586583	114954240
1789586588	114954240
1789586593	114954240
1789586599	114954240
1789586604	114954240
1789586609	114954240
1789586614	114954240
1789586619	114954240
1789586624	114954240
1789586629	114954240
1789586634	114954240
1789586639	114954240
1789586644	114954240
1789586649	114954240
1789586654	114954240
1789586659	114954240
1789586664	114954240
1789586669	114954240
1789586674	114954240
1789586679	114954240
1789586684	114954240
1789586689	114954240
1789586694	114954240
1789586699	114954240
1789586704	114954240
1789586709	114954240
1789586714	114954240
1789586719	114954240
1789586724	114954240
1789586729	114954240
1789586734	114954240
1789586739	114954240
1789586744	114954240
1789586749	114954240
1789586754	114954240
1789586759	114954240
1789586764	114954240
1789586769	114954240
1789586774	114954240
1789586779	114954240
1789586784	114954240
1789586789	114954240
1789586794	114954240
1789586799	114954240
1789586804	114954240
1789586809	114954240
1789586814	114954240
1789586819	114954240
1789586824	114954240
1789586829	114954240
1789586834	114954240
1789586839	114954240
1789586844	114954240
1789586849	114954240
1789586854	114954240
1789586859	114954240
1789586864	114954240
1789586869	114954240
1789586874	114954240
1789586879	114954240
1789586884	114954240
1789586889	114954240
1789586894	114954240
1789586899	114954240
1789586904	114954240
1789586909	114954240
1789586914	114954240
1789586919	114954240
1789586924	114954240
1789586929	114954240
1789586934	114954240
1789586939	114954240
1789586944	114954240
1789586949	114954240
1789586954	114954240
1789586959	114954240
1789586964	114954240
1789586969	114954240
1789586974	114954240
1789586979	114954240
1789586984	114954240
1789586989	114954240
1789586994	114954240
1789586999	114954240
1789587004	114954240
1789587009	114954240
1789587014	114954240
1789587019	114954240
1789587024	114954240
1789587029	114954240
1789587034	114954240
1789587039	114954240
1789587044	114954240
1789587049	114954240
1789587054	114954240
1789587059	114954240
1789587064	114954240
1789587069	114954240
1789587074	114954240
1789587079	114954240
1789587084	114954240
1789587089	114954240
1789587094	114954240
1789587099	114954240
1789587104	114954240
1789587109	114954240
1789587114	114954240
1789587119	114954240
1789587124	114954240
1789587129	114954240
1789587134	114954240
1789587139	114954240
1789587144	114954240
1789587149	114954240
1789587154	114954240
1789587159	114954240
1789587164	114954240
1789587169	114954240
1789587174	114954240
1789587179	114954240
1789587184	114954240
1789587189	114954240
1789587194	114954240
1789587199	114954240
1789587204	114954240
1789587209	114954240
1789587214	114954240
1789587219	114954240
1789587224	114954240
1789587229	114954240
1789587234	114954240
1789587239	114954240
1789587244	114954240
1789587249	114954240
1789587254	114954240
1789587259	114954240
1789587264	114954240
1789587269	114954240
1789587274	114954240
1789587279	114954240
1789587284	114954240
1789587289	114954240
1789587294	114954240
1789587299	114954240
1789587304	114954240
1789587309	114954240
1789587314	114954240
1789587319	114954240
1789587324	114954240
1789587329	114954240
1789587334	114954240
1789587339	114954240
1789587345	114954240
1789587350	114954240
1789587355	114954240
1789587360	114954240
1789587365	114954240
1789587370	114954240
1789587375	114954240
1789587380	114954240
1789587385	114954240
1789587390	114954240
1789587395	114954240
1789587400	114954240
1789587405	114954240
1789587410	114954240
1789587415	114954240
1789587420	114954240
1789587425	114954240
1789587430	114954240
1789587435	114954240
1789587440	114954240
1789587445	114954240
1789587450	114954240
1789587455	114954240
1789587460	114954240
1789587465	114954240
1789587470	114954240
1789587475	114954240
1789587480	114954240
1789587485	114954240
1789587490	114954240
1789587495	114954240
1789587500	114954240
1789587505	114954240
1789587510	114954240
1789587515	114954240
1789587520	114954240
1789587525	114954240
1789587530	114954240
1789587535	114954240
1789587540	114954240
1789587545	114954240
1789587550	114954240
1789587555	114954240
1789587560	114954240
1789587565	114954240
1789587570	114954240
1789587575	114954240
1789587580	114954240
1789587585	114954240
1789587590	114954240
1789587595	114954240
1789587600	114954240
1789587605	114954240
1789587610	114954240
1789587615	114954240
1789587620	114954240
1789587625	114954240
1789587630	114954240
1789587635	114954240
1789587640	114954240
1789587645	114954240
1789587650	114954240
1789587655	114954240
1789587660	114954240
1789587665	114954240
1789587670	114954240
1789587675	114954240
1789587680	114954240
1789587685	114954240
1789587690	114954240
1789587695	114954240
1789587700	114954240
1789587705	114954240
1789587710	114954240
1789587715	114954240
1789587720	114954240
1789587725	114954240
1789587730	114954240
1789587735	114954240
1789587740	114954240
1789587745	114954240
1789587750	114954240
1789587755	114954240
1789587760	114954240
1789587765	114954240
1789587770	114954240
1789587775	114954240
1789587780	114954240
1789587785	114954240
1789587790	114954240
1789587795	114954240
1789587800	114954240
1789587805	114954240
1789587810	114954240
1789587815	114954240
1789587820	114954240
1789587825	114954240
1789587830	114954240
1789587835	114954240
1789587840	114954240
1789587845	114954240
1789587850	114954240
1789587855	114954240
1789587860	114954240
1789587865	114954240
1789587870	114954240
1789587875	114954240
1789587880	114954240
1789587885	114954240
1789587890	114954240
1789587895	114954240
1789587900	114954240
1789587905	114954240
1789587910	114954240
1789587915	114954240
1789587920	114954240
1789587925	114954240
1789587930	114954240
1789587935	114954240
1789587940	114954240
1789587945	114954240
1789587950	114954240
1789587955	114954240
1789587960	114954240
1789587965	114954240
1789587970	114954240
1789587975	114954240
1789587980	114954240
1789587985	114954240
1789587990	114954240
1789587995	114954240
1789588000	114954240
1789588005	114954240
1789588010	114954240
1789588015	114954240
1789588020	114954240
1789588025	114954240
1789588030	114954240
1789588035	114954240
1789588040	114954240
1789588045	114954240
1789588050	114954240
1789588055	114954240
1789588060	114954240
1789588065	114954240
1789588070	114954240
1789588075	114954240
1789588081	114954240
1789588086	114954240
1789588091	114954240
1789588096	114954240
1789588101	114954240
1789588106	114954240
1789588111	114954240
1789588116	114954240
1789588121	114954240
1789588126	114954240
1789588131	114954240
1789588136	114954240
1789588141	114954240
1789588146	114954240
1789588151	114954240
1789588156	114954240
1789588161	114954240
1789588166	114954240
1789588171	114954240
1789588176	114954240
1789588181	114954240
1789588186	114954240
1789588191	114954240
1789588196	114954240
1789588201	114954240
1789588206	114954240
1789588211	114954240
1789588216	114954240
1789588221	114954240
1789588226	114954240
1789588231	114954240
1789588236	114954240
1789588241	114954240
1789588246	114954240
1789588251	114954240
1789588256	114954240
1789588261	114954240
1789588266	114954240
1789588271	114954240
1789588276	114954240
1789588281	114954240
1789588286	114954240
1789588291	114954240
1789588296	114954240
1789588301	114954240
1789588306	114954240
1789588311	114954240
1789588316	114954240
1789588321	114954240
1789588326	114954240
1789588331	114954240
1789588336	114954240
1789588341	114954240
1789588346	114954240
1789588351	114954240
1789588356	114954240
1789588361	114954240
1789588366	114954240
1789588371	114954240
1789588376	114954240
1789588381	114954240
1789588386	114954240
1789588391	114954240
1789588396	114954240
1789588401	114954240
1789588406	114954240
1789588411	114954240
1789588416	114954240
1789588421	114954240
1789588426	114954240
1789588431	114954240
1789588436	114954240
1789588441	114954240
1789588446	114954240
1789588451	114954240
1789588456	114954240
1789588461	114954240
1789588466	114954240
1789588471	114954240
1789588476	114954240
1789588481	114954240
1789588486	114954240
1789588491	114954240
1789588496	114954240
1789588501	114954240
1789588506	114954240
1789588511	114954240
1789588516	114954240
1789588521	114954240
1789588526	114954240
1789588531	114954240
1789588536	114954240
1789588541	114954240
1789588546	114954240
1789588551	114954240
1789588556	114954240
1789588561	114954240
1789588566	114954240
1789588571	114954240
1789588576	114954240
1789588581	114954240
1789588586	114954240
1789588591	114954240
1789588596	114954240
1789588601	114954240
1789588606	114954240
1789588611	114954240
1789588616	114954240
1789588621	114954240
1789588626	114954240
1789588631	114954240
1789588636	114954240
1789588641	114954240
1789588646	114954240
1789588651	114954240
1789588656	114954240
1789588661	114954240
1789588666	114954240
1789588671	114954240
1789588676	114954240
1789588681	114954240
1789588686	114954240
1789588691	114954240
1789588696	114954240
1789588701	114954240
1789588706	114954240
1789588711	114954240
1789588716	114954240
1789588721	114954240
1789588726	114954240
1789588731	114954240
1789588736	114954240
1789588741	114954240
1789588746	114954240
1789588751	114954240
1789588756	114954240
1789588761	114954240
1789588766	114954240
1789588771	114954240
1789588776	114954240
1789588781	114954240
1789588786	114954240
1789588791	114954240
1789588796	114954240
1789588801	114954240
1789588806	114954240
1789588811	114954240
1789588817	114954240
1789588822	114954240
1789588827	114954240
1789588832	114954240
1789588837	114954240
1789588842	114954240
1789588847	114954240
1789588852	114954240
1789588857	114954240
1789588862	114954240
1789588867	114954240
1789588872	114954240
1789588877	114954240
1789588882	114954240
1789588887	114954240
1789588892	114954240
1789588897	114954240
1789588902	114954240
1789588907	114954240
1789588912	114954240
1789588917	114954240
1789588922	114954240
1789588927	114954240
1789588932	114954240
1789588937	114954240
1789588942	114954240
1789588947	114954240
1789588952	114954240
1789588957	114954240
1789588962	114954240
1789588967	114954240
1789588972	114954240
1789588977	114954240
1789588982	114954240
1789588987	114954240
1789588992	114954240
1789588997	114954240
1789589002	114954240
1789589007	114954240
1789589012	114954240
1789589017	114954240
1789589022	114954240
1789589027	114954240
1789589032	114954240
1789589037	114954240
1789589042	114954240
1789589047	114954240
1789589052	114954240
1789589057	114954240
1789589062	114954240
1789589067	114954240
1789589072	114954240
1789589077	114954240
1789589082	114954240
1789589087	114954240
1789589092	114954240
1789589097	114954240
1789589102	114954240
1789589107	114954240
1789589112	114954240
1789589117	114954240
1789589122	114954240
1789589127	114954240
1789589132	114954240
1789589137	114954240
1789589142	114954240
1789589147	114954240
1789589152	114954240
1789589157	114954240
1789589162	114954240
1789589167	114954240
1789589172	114954240
1789589177	114954240
1789589182	114954240
1789589187	114954240
1789589192	114954240
1789589197	114954240
1789589202	114954240
1789589207	114954240
1789589212	114954240
1789589217	114954240
1789589222	114954240
1789589227	114954240
1789589232	114954240
1789589237	114954240
1789589242	114954240
1789589247	114954240
1789589252	114954240
1789589257	114954240
1789589262	114954240
1789589267	114954240
1789589272	114954240
1789589277	114954240
1789589282	114954240
1789589287	114954240
1789589292	114954240
1789589297	114954240
1789589302	114954240
1789589307	114954240
1789589312	114954240
1789589317	114954240
1789589322	114954240
1789589327	114954240
1789589332	114954240
1789589337	114954240
1789589342	114954240
1789589347	114954240
1789589352	114954240
1789589357	114954240
1789589362	114954240
1789589367	114954240
1789589372	114954240
1789589377	114954240
1789589382	114954240
1789589387	114954240
1789589392	114954240
1789589397	114954240
1789589402	114954240
1789589407	114954240
1789589412	114954240
1789589417	114954240
1789589422	114954240
1789589427	114954240
1789589432	114954240
1789589437	114954240
1789589442	114954240
1789589447	114954240
1789589452	114954240
1789589457	114954240
1789589462	114954240
1789589467	114954240
1789589472	114954240
1789589477	114954240
1789589482	114954240
1789589487	114954240
1789589492	114954240
1789589497	114954240
1789589502	114954240
1789589507	114954240
1789589512	114954240
1789589517	114954240
1789589522	114954240
1789589527	114954240
1789589532	114954240
1789589537	114954240
1789589542	114954240
1789589547	114954240
1789589553	114954240
1789589558	114954240
1789589563	114954240
1789589568	114954240
1789589573	114954240
1789589578	114954240
1789589583	114954240
1789589588	114954240
1789589593	114954240
1789589598	114954240
1789589603	114954240
1789589608	114954240
1789589613	114954240
1789589618	114954240
1789589623	114954240
1789589628	114954240
1789589633	114954240
1789589638	114954240
1789589643	114954240
1789589648	114954240
1789589653	114954240
1789589658	114954240
1789589663	114954240
1789589668	114954240
1789589673	114954240
1789589678	114954240
1789589683	114954240
1789589688	114954240
1789589693	114954240
1789589698	114954240
1789589703	114954240
1789589708	114954240
1789589713	114954240
1789589718	114954240
1789589723	114954240
1789589728	114954240
1789589733	114954240
1789589738	114954240
1789589743	114954240
1789589748	114954240
1789589753	114954240
1789589758	114954240
1789589763	114954240
1789589768	114954240
1789589773	114954240
1789589778	114954240
1789589783	114954240
1789589788	114954240
1789589793	114954240
1789589798	114954240
1789589803	114954240
1789589808	114954240
1789589813	114954240
1789589818	114954240
1789589823	114954240
1789589828	114954240
1789589833	114954240
1789589838	114954240
1789589843	114954240
1789589848	114954240
1789589853	114954240
1789589858	114954240
1789589863	114954240
1789589868	114954240
1789589873	114954240
1789589878	114954240
1789589883	114954240
1789589888	114954240
1789589893	114954240
1789589898	114954240
1789589903	114954240
1789589908	114954240
1789589913	114954240
1789589918	114954240
1789589923	114954240
1789589928	114954240
1789589933	114954240
1789589938	114954240
1789589943	114954240
1789589948	114954240
1789589953	114954240
1789589958	114954240
1789589963	114954240
1789589968	114954240
1789589973	114954240
1789589978	114954240
1789589983	114954240
1789589988	114954240
1789589993	114954240
1789589998	114954240
1789590003	114954240
1789590008	114954240
1789590013	114954240
1789590018	114954240
1789590023	114954240
1789590028	114954240
1789590033	114954240
1789590038	114954240
1789590043	114954240
1789590048	114954240
1789590053	114954240
1789590058	114954240
1789590063	114954240
1789590068	114954240
1789590073	114954240
1789590078	114954240
1789590083	114954240
1789590088	114954240
1789590093	114954240
1789590098	114954240
1789590103	114954240
1789590108	114954240
1789590113	114954240
1789590118	114954240
1789590123	114954240
1789590128	114954240
1789590133	114954240
1789590138	114954240
1789590143	114954240
1789590148	114954240
1789590153	114954240
1789590158	114954240
1789590163	114954240
1789590168	114954240
1789590173	114954240
1789590178	114954240
1789590183	114954240
1789590188	114954240
1789590193	114954240
1789590198	114954240
1789590203	114954240
1789590208	114954240
1789590213	114954240
1789590218	114954240
1789590223	114954240
1789590228	114954240
1789590233	114954240
1789590238	114954240
1789590243	114954240
1789590248	114954240
1789590253	114954240
1789590258	114954240
1789590263	114954240
1789590268	114954240
1789590273	114954240
1789590278	114954240
1789590283	114954240
1789590289	114954240
1789590294	114954240
1789590299	114954240
1789590304	114954240
1789590309	114954240
1789590314	114954240
1789590319	114954240
1789590324	114954240
1789590329	114954240
1789590334	114954240
1789590339	114954240
1789590344	114954240
1789590349	114954240
1789590354	114954240
1789590359	114954240
1789590364	114954240
1789590369	114954240
1789590374	114954240
1789590379	114954240
1789590384	114954240
1789590389	114954240
1789590394	114954240
1789590399	114954240
1789590404	114954240
1789590409	114954240
1789590414	114954240
1789590419	114954240
1789590424	114954240
1789590429	114954240
1789590434	114954240
1789590439	114954240
1789590444	114954240
1789590449	114954240
1789590454	114954240
1789590459	114954240
1789590464	114954240
1789590469	114954240
1789590474	114954240
1789590479	114954240
1789590484	114954240
1789590489	114954240
1789590494	114954240
1789590499	114954240
1789590504	114954240
1789590509	114954240
1789590514	114954240
1789590519	114954240
1789590524	114954240
1789590529	114954240
1789590534	114954240
1789590539	114954240
1789590544	114954240
1789590549	114954240
1789590554	114954240
1789590559	114954240
1789590564	114954240
1789590569	114954240
1789590574	114954240
1789590579	114954240
1789590584	114954240
1789590589	114954240
1789590594	114954240
1789590599	114954240
1789590604	114954240
1789590609	114954240
1789590614	114954240
1789590619	114954240
1789590624	114954240
1789590629	114954240
1789590634	114954240
1789590639	114954240
1789590644	114954240
1789590649	114954240
1789590654	114954240
1789590659	114954240
1789590664	114954240
1789590669	114954240
1789590674	114954240
1789590679	114954240
1789590684	114954240
1789590689	114954240
1789590694	114954240
1789590699	114954240
1789590704	114954240
1789590709	114954240
1789590714	114954240
1789590719	114954240
1789590724	114954240
1789590729	114954240
1789590734	114954240
1789590739	114954240
1789590744	114954240
1789590749	114954240
1789590754	114954240
1789590759	114954240
1789590764	114954240
1789590769	114954240
1789590774	114954240
1789590779	114954240
1789590784	114954240
1789590789	114954240
1789590794	114954240
1789590799	114954240
1789590804	114954240
1789590809	114954240
1789590814	114954240
1789590819	114954240
1789590824	114954240
1789590829	114954240
1789590834	114954240
1789590839	114954240
1789590844	114954240
1789590849	114954240
1789590854	114954240
1789590859	114954240
1789590864	114954240
1789590869	114954240
1789590874	114954240
1789590879	114954240
1789590884	114954240
1789590889	114954240
1789590894	114954240
1789590899	114954240
1789590904	114954240
1789590909	114954240
1789590914	114954240
1789590919	114954240
1789590924	114954240
1789590929	114954240
1789590934	114954240
1789590939	114954240
1789590944	114954240
1789590949	114954240
1789590954	114954240
1789590959	114954240
1789590964	114954240
1789590969	114954240
1789590974	114954240
1789590979	114954240
1789590984	114954240
1789590989	114954240
1789590994	114954240
1789590999	114954240
1789591004	114954240
1789591009	114954240
1789591014	114954240
1789591019	114954240
1789591024	114954240
1789591030	114954240
1789591035	114954240
1789591040	114954240
1789591045	114954240
1789591050	114954240
1789591055	114954240
1789591060	114954240
1789591065	114954240
1789591070	114954240
1789591075	114954240
1789591080	114954240
1789591085	114954240
1789591090	114954240
1789591095	114954240
1789591100	114954240
1789591105	114954240
1789591110	114954240
1789591115	114954240
1789591120	114954240
1789591125	114954240
1789591130	114954240
1789591135	114954240
1789591140	114954240
1789591145	114954240
1789591150	114954240
1789591155	114954240
1789591160	114954240
1789591165	114954240
1789591170	114954240
1789591175	114954240
1789591180	114954240
1789591185	114954240
1789591190	114954240
1789591195	114954240
1789591200	114954240
1789591205	114954240
1789591210	114954240
1789591215	114954240
1789591220	114954240
1789591225	114954240
1789591230	114954240
1789591235	114954240
1789591240	114954240
1789591245	114954240
1789591250	114954240
1789591255	114954240
1789591260	114954240
1789591265	114954240
1789591270	114954240
1789591275	114954240
1789591280	114954240
1789591285	114954240
1789591290	114954240
1789591295	114954240
1789591300	114954240
1789591305	114954240
1789591310	114954240
1789591315	114954240
1789591320	114954240
1789591325	114954240
1789591330	114954240
1789591335	114954240
1789591340	114954240
1789591345	114954240
1789591350	114954240
1789591355	114954240
1789591360	114954240
1789591365	114954240
1789591370	114954240
1789591375	114954240
1789591380	114954240
1789591385	114954240
1789591390	114954240
1789591395	114954240
1789591400	114954240
1789591405	114954240
1789591410	114954240
1789591415	114954240
1789591420	114954240
1789591425	114954240
1789591430	114954240
1789591435	114954240
1789591440	114954240
1789591445	114954240
1789591450	114954240
1789591455	114954240
1789591460	114954240
1789591465	114954240
1789591470	114954240
1789591475	114954240
1789591480	114954240
1789591485	114954240
1789591490	114954240
1789591495	114954240
1789591500	114954240
1789591505	114954240
1789591510	114954240
1789591515	114954240
1789591520	114954240
1789591525	114954240
1789591530	114954240
1789591535	114954240
1789591540	114954240
1789591545	114954240
1789591550	114954240
1789591555	114954240
1789591560	114954240
1789591565	114954240
1789591570	114954240
1789591575	114954240
1789591580	114954240
1789591585	114954240
1789591590	114954240
1789591595	114954240
1789591600	114954240
1789591605	114954240
1789591610	114954240
1789591615	114954240
1789591620	114954240
1789591625	114954240
1789591630	114954240
1789591635	114954240
1789591640	114954240
1789591645	114954240
1789591650	114954240
1789591655	114954240
1789591660	114954240
1789591665	114954240
1789591670	114954240
1789591675	114954240
1789591680	114954240
1789591685	114954240
1789591690	114954240
1789591695	114954240
1789591700	114954240
1789591705	114954240
1789591710	114954240
1789591715	114954240
1789591720	114954240
1789591725	114954240
1789591730	114954240
1789591735	114954240
1789591740	114954240
1789591745	114954240
1789591750	114954240
1789591755	114954240
1789591761	114954240
1789591766	114954240
1789591771	114954240
1789591776	114954240
1789591781	114954240
1789591786	114954240
1789591791	114954240
1789591796	114954240
1789591801	114954240
1789591806	114954240
1789591811	114954240
1789591816	114954240
1789591821	114954240
1789591826	114954240
1789591831	114954240
1789591836	114954240
1789591841	114954240
1789591846	114954240
1789591851	114954240
1789591856	114954240
1789591861	114954240
1789591866	114954240
1789591871	114954240
1789591876	114954240
1789591881	114954240
1789591886	114954240
1789591891	114954240
1789591896	114954240
1789591901	114954240
1789591906	114954240
1789591911	114954240
1789591916	114954240
1789591921	114954240
1789591926	114954240
1789591931	114954240
1789591936	114954240
1789591941	114954240
1789591946	114954240
1789591951	114954240
1789591956	114954240
1789591961	114954240
1789591966	114954240
1789591971	114954240
1789591976	114954240
1789591981	114954240
1789591986	114954240
1789591991	114954240
1789591996	114954240
1789592001	114954240
1789592006	114954240
1789592011	114954240
1789592016	114954240
1789592021	114954240
1789592026	114954240
1789592031	114954240
1789592036	114954240
1789592041	114954240
1789592046	114954240
1789592051	114954240
1789592056	114954240
1789592061	114954240
1789592066	114954240
1789592071	114954240
1789592076	114954240
1789592081	114954240
1789592086	114954240
1789592091	114954240
1789592096	114954240
1789592101	114954240
1789592106	114954240
1789592111	114954240
1789592116	114954240
1789592121	114954240
1789592126	114954240
1789592131	114954240
1789592136	114954240
1789592141	114954240
1789592146	114954240
1789592151	114954240
1789592156	114954240
1789592161	114954240
1789592166	114954240
1789592171	114954240
1789592176	114954240
1789592181	114954240
1789592186	114954240
1789592191	114954240
1789592196	114954240
1789592201	114954240
1789592206	114954240
1789592211	114954240
1789592216	114954240
1789592221	114954240
1789592226	114954240
1789592231	114954240
1789592236	114954240
1789592241	114954240
1789592246	114954240
1789592251	114954240
1789592256	114954240
1789592261	114954240
1789592266	114954240
1789592271	114954240
1789592276	114954240
1789592281	114954240
1789592286	114954240
1789592291	114954240
1789592296	114954240
1789592301	114954240
1789592306	114954240
1789592311	114954240
1789592316	114954240
1789592321	114954240
1789592326	114954240
1789592331	114954240
1789592336	114954240
1789592341	114954240
1789592346	114954240
1789592351	114954240
1789592356	114954240
1789592361	114954240
1789592366	114954240
1789592371	114954240
1789592376	114954240
1789592381	114954240
1789592386	114954240
1789592391	114954240
1789592396	114954240
1789592401	114954240
1789592406	114954240
1789592411	114954240
1789592416	114954240
1789592421	114954240
1789592426	114954240
1789592431	114954240
1789592436	114954240
1789592441	114954240
1789592446	114954240
1789592451	114954240
1789592456	114954240
1789592461	114954240
1789592466	114954240
1789592471	114954240
1789592476	114954240
1789592481	114954240
1789592486	114954240
1789592491	114954240
1789592497	114954240
1789592502	114954240
1789592507	114954240
1789592512	114954240
1789592517	114954240
1789592522	114954240
1789592527	114954240
1789592532	114954240
1789592537	114954240
1789592542	114954240
1789592547	114954240
1789592552	114954240
1789592557	114954240
1789592562	114954240
1789592567	114954240
1789592572	114954240
1789592577	114954240
1789592582	114954240
1789592587	114954240
1789592592	114954240
1789592597	114954240
1789592602	114954240
1789592607	114954240
1789592612	114954240
1789592617	114954240
1789592622	114954240
1789592627	114954240
1789592632	114954240
1789592637	114954240
1789592642	114954240
1789592647	114954240
1789592652	114954240
1789592657	114954240
1789592662	114954240
1789592667	114954240
1789592672	114954240
1789592677	114954240
1789592682	114954240
1789592687	114954240
1789592692	114954240
1789592697	114954240
1789592702	114954240
1789592707	114954240
1789592712	114954240
1789592717	114954240
1789592722	114954240
1789592727	114954240
1789592732	114954240
1789592737	114954240
1789592742	114954240
1789592747	114954240
1789592752	114954240
1789592757	114954240
1789592762	114954240
1789592767	114954240
1789592772	114954240
1789592777	114954240
1789592782	114954240
1789592787	114954240
1789592792	114954240
1789592797	114954240
1789592802	114954240
1789592807	114954240
1789592812	114954240
1789592817	114954240
1789592822	114954240
1789592827	114954240
1789592832	114954240
1789592837	114954240
1789592842	114954240
1789592847	114954240
1789592852	114954240
1789592857	114954240
1789592862	114954240
1789592867	114954240
1789592872	114954240
1789592877	114954240
1789592882	114954240
1789592887	114954240
1789592892	114954240
1789592897	114954240
1789592902	114954240
1789592907	114954240
1789592912	114954240
1789592917	114954240
1789592922	114954240
1789592927	114954240
1789592932	114954240
1789592937	114954240
1789592942	114954240
1789592947	114954240
1789592952	114954240
1789592957	114954240
1789592962	114954240
1789592967	114954240
1789592972	114954240
1789592977	114954240
1789592982	114954240
1789592987	114954240
1789592992	114954240
1789592997	114954240
1789593002	114954240
1789593007	114954240
1789593012	114954240
1789593017	114954240
1789593022	114954240
1789593027	114954240
1789593032	114954240
1789593037	114954240
1789593042	114954240
1789593047	114954240
1789593052	114954240
1789593057	114954240
1789593062	114954240
1789593067	114954240
1789593072	114954240
1789593077	114954240
1789593082	114954240
1789593087	114954240
1789593092	114954240
1789593097	114954240
1789593102	114954240
1789593107	114954240
1789593112	114954240
1789593117	114954240
1789593122	114954240
1789593127	114954240
1789593132	114954240
1789593137	114954240
1789593142	114954240
1789593147	114954240
1789593152	114954240
1789593157	114954240
1789593162	114954240
1789593167	114954240
1789593172	114954240
1789593177	114954240
1789593182	114954240
1789593187	114954240
1789593192	114954240
1789593197	114954240
1789593202	114954240
1789593207	114954240
1789593212	114954240
1789593217	114954240
1789593222	114954240
1789593228	114954240
1789593233	114954240
1789593238	114954240
1789593243	114954240
1789593248	114954240
1789593253	114954240
1789593258	114954240
1789593263	114954240
1789593268	114954240
1789593273	114954240
1789593278	114954240
1789593283	114954240
1789593288	114954240
1789593293	114954240
1789593298	114954240
1789593303	114954240
1789593308	114954240
1789593313	114954240
1789593318	114954240
1789593323	114954240
1789593328	114954240
1789593333	114954240
1789593338	114954240
1789593343	114954240
1789593348	114954240
1789593353	114954240
1789593358	114954240
1789593363	114954240
1789593368	114954240
1789593373	114954240
1789593378	114954240
1789593383	114954240
1789593388	114954240
1789593393	114954240
1789593398	114954240
1789593403	114954240
1789593408	114954240
1789593413	114954240
1789593418	114954240
1789593423	114954240
1789593428	114954240
1789593433	114954240
1789593438	114954240
1789593443	114954240
1789593448	114954240
1789593453	114954240
1789593458	114954240
1789593463	114954240
1789593468	114954240
1789593473	114954240
1789593478	114954240
1789593483	114954240
1789593488	114954240
1789593493	114954240
1789593498	114954240
1789593503	114954240
1789593508	114954240
1789593513	114954240
1789593518	114954240
1789593523	114954240
1789593528	114954240
1789593533	114954240
1789593538	114954240
1789593543	114954240
1789593548	114954240
1789593553	114954240
1789593558	114954240
1789593563	114954240
1789593568	114954240
1789593573	114954240
1789593578	114954240
1789593583	114954240
1789593588	114954240
1789593593	114954240
1789593598	114954240
1789593603	114954240
1789593608	114954240
1789593613	114954240
1789593618	114954240
1789593623	114954240
1789593628	114954240
1789593633	114954240
1789593638	114954240
1789593643	114954240
1789593648	114954240
1789593653	114954240
1789593658	114954240
1789593663	114954240
1789593668	114954240
1789593673	114954240
1789593678	114954240
1789593683	114954240
1789593688	114954240
1789593693	114954240
1789593698	114954240
1789593703	114954240
1789593708	114954240
1789593713	114954240
1789593718	114954240
1789593723	114954240
1789593728	114954240
1789593733	114954240
1789593738	114954240
1789593743	114954240
1789593748	114954240
1789593753	114954240
1789593758	114954240
1789593763	114954240
1789593768	114954240
1789593773	114954240
1789593778	114954240
1789593783	114954240
1789593788	114954240
1789593793	114954240
1789593798	114954240
1789593803	114954240
1789593808	114954240
1789593813	114954240
1789593818	114954240
1789593823	114954240
1789593828	114954240
1789593833	114954240
1789593838	114954240
1789593843	114954240
1789593848	114954240
1789593853	114954240
1789593858	114954240
1789593863	114954240
1789593868	114954240
1789593873	114954240
1789593878	114954240
1789593883	114954240
1789593888	114954240
1789593893	114954240
1789593898	114954240
1789593903	114954240
1789593908	114954240
1789593913	114954240
1789593918	114954240
1789593923	114954240
1789593928	114954240
1789593933	114954240
1789593938	114954240
1789593943	114954240
1789593949	114954240
1789593954	114954240
1789593959	114954240
1789593964	114954240
1789593969	114954240
1789593974	114954240
1789593979	114954240
1789593984	114954240
1789593989	114954240
1789593994	114954240
1789593999	114954240
1789594004	114954240
1789594009	114954240
1789594014	114954240
1789594019	114954240
1789594024	114954240
1789594029	114954240
1789594034	114954240
1789594039	114954240
1789594044	114954240
1789594049	114954240
1789594054	114954240
1789594059	114954240
1789594064	114954240
1789594069	114954240
1789594074	114954240
1789594079	114954240
1789594084	114954240
1789594089	114954240
1789594094	114954240
1789594099	114954240
1789594104	114954240
1789594109	114954240
1789594114	114954240
1789594119	114954240
1789594124	114954240
1789594129	114954240
1789594134	114954240
1789594139	114954240
1789594144	114954240
1789594149	114954240
1789594154	114954240
1789594159	114954240
1789594164	114954240
1789594169	114954240
1789594174	114954240
1789594179	114954240
1789594184	114954240
1789594189	114954240
1789594194	114954240
1789594199	114954240
1789594204	114954240
1789594209	114954240
1789594214	114954240
1789594219	114954240
1789594224	114954240
1789594229	114954240
1789594234	114954240
1789594239	114954240
1789594244	114954240
1789594249	114954240
1789594254	114954240
1789594259	114954240
1789594264	114954240
1789594269	114954240
1789594274	114954240
1789594279	114954240
1789594284	114954240
1789594289	114954240
1789594294	114954240
1789594299	114954240
1789594304	114954240
1789594309	114954240
1789594314	114954240
1789594319	114954240
1789594324	114954240
1789594329	114954240
1789594334	114954240
1789594339	114954240
1789594344	114954240
1789594349	114954240
1789594354	114954240
1789594359	114954240
1789594364	114954240
1789594369	114954240
1789594374	114954240
1789594379	114954240
1789594384	114954240
1789594389	114954240
1789594394	114954240
1789594399	114954240
1789594404	114954240
1789594409	114954240
1789594414	114954240
1789594419	114954240
1789594424	114954240
1789594429	114954240
1789594434	114954240
1789594439	114954240
1789594444	114954240
1789594449	114954240
1789594454	114954240
1789594459	114954240
1789594464	114954240
1789594469	114954240
1789594474	114954240
1789594479	114954240
1789594484	114954240
1789594489	114954240
1789594494	114954240
1789594499	114954240
1789594504	114954240
1789594509	114954240
1789594514	114954240
1789594519	114954240
1789594524	114954240
1789594529	114954240
1789594534	114954240
1789594539	114954240
1789594544	114954240
1789594549	114954240
1789594554	114954240
1789594559	114954240
1789594564	114954240
1789594569	114954240
1789594574	114954240
1789594579	114954240
1789594584	114954240
1789594589	114954240
1789594594	114954240
1789594599	114954240
1789594604	114954240
1789594609	114954240
1789594614	114954240
1789594619	114954240
1789594624	114954240
1789594629	114954240
1789594634	114954240
1789594639	114954240
1789594644	114954240
1789594649	114954240
1789594654	114954240
1789594659	114954240
1789594664	114954240
1789594669	114954240
1789594674	114954240
1789594679	114954240
1789594685	114954240
1789594690	114954240
1789594695	114954240
1789594700	114954240
1789594705	114954240
1789594710	114954240
1789594715	114954240
1789594720	114954240
1789594725	114954240
1789594730	114954240
1789594735	114954240
1789594740	114954240
1789594745	114954240
1789594750	114954240
1789594755	114954240
1789594760	114954240
1789594765	114954240
1789594770	114954240
1789594775	114954240
1789594780	114954240
1789594785	114954240
1789594790	114954240
1789594795	114954240
1789594800	114954240
1789594805	114954240
1789594810	114954240
1789594815	114954240
1789594820	114954240
1789594825	114954240
1789594830	114954240
1789594835	114954240
1789594840	114954240
1789594845	114954240
1789594850	114954240
1789594855	114954240
1789594860	114954240
1789594865	114954240
1789594870	114954240
1789594875	114954240
1789594880	114954240
1789594885	114954240
1789594890	114954240
1789594895	114954240
1789594900	114954240
1789594905	114954240
1789594910	114954240
1789594915	114954240
1789594920	114954240
1789594925	114954240
1789594930	114954240
1789594935	114954240
1789594940	114954240
1789594945	114954240
1789594950	114954240
1789594955	114954240
1789594960	114954240
1789594965	114954240
1789594970	114954240
1789594975	114954240
1789594980	114954240
1789594985	114954240
1789594990	114954240
1789594995	114954240
1789595000	114954240
1789595005	114954240
1789595010	114954240
1789595015	114954240
1789595020	114954240
1789595025	114954240
1789595030	114954240
1789595035	114954240
1789595040	114954240
1789595045	114954240
1789595050	114954240
1789595055	114954240
1789595060	114954240
1789595065	114954240
1789595070	114954240
1789595075	114954240
1789595080	114954240
1789595085	114954240
1789595090	114954240
1789595095	114954240
1789595100	114954240
1789595105	114954240
1789595110	114954240
1789595115	114954240
1789595120	114954240
1789595125	114954240
1789595130	114954240
1789595135	114954240
1789595140	114954240
1789595145	114954240
1789595150	114954240
1789595155	114954240
1789595160	114954240
1789595165	114954240
1789595170	114954240
1789595175	114954240
1789595180	114954240
1789595185	114954240
1789595190	114954240
1789595195	114954240
1789595200	114954240
1789595205	114954240
1789595210	114954240
1789595215	114954240
1789595220	114954240
1789595225	114954240
1789595230	114954240
1789595235	114954240
1789595240	114954240
1789595245	114954240
1789595250	114954240
1789595255	114954240
1789595260	114954240
1789595265	114954240
1789595270	114954240
1789595275	114954240
1789595280	114954240
1789595285	114954240
1789595290	114954240
1789595295	114954240
1789595300	114954240
1789595305	114954240
1789595310	114954240
1789595315	114954240
1789595320	114954240
1789595325	114954240
1789595330	114954240
1789595335	114954240
1789595340	114954240
1789595345	114954240
1789595350	114954240
1789595355	114954240
1789595360	114954240
1789595365	114954240
1789595370	114954240
1789595375	114954240
1789595380	114954240
1789595385	114954240
1789595390	114954240
1789595395	114954240
1789595400	114954240
1789595405	114954240
1789595410	114954240
1789595416	114954240
1789595421	114954240
1789595426	114954240
1789595431	114954240
1789595436	114954240
1789595441	114954240
1789595446	114954240
1789595451	114954240
1789595456	114954240
1789595461	114954240
1789595466	114954240
1789595471	114954240
1789595476	114954240
1789595481	114954240
1789595486	114954240
1789595491	114954240
1789595496	114954240
1789595501	114954240
1789595506	114954240
1789595511	114954240
1789595516	114954240
1789595521	114954240
1789595526	114954240
1789595531	114954240
1789595536	114954240
1789595541	114954240
1789595546	114954240
1789595551	114954240
1789595556	114954240
1789595561	114954240
1789595566	114954240
1789595571	114954240
1789595576	114954240
1789595581	114954240
1789595586	114954240
1789595591	114954240
1789595596	114954240
1789595601	114954240
1789595606	114954240
1789595611	114954240
1789595616	114954240
1789595621	114954240
1789595626	114954240
1789595631	114954240
1789595636	114954240
1789595641	114954240
1789595646	114954240
1789595651	114954240
1789595656	114954240
1789595661	114954240
1789595666	114954240
1789595671	114954240
1789595676	114954240
1789595681	114954240
1789595686	114954240
1789595691	114954240
1789595696	114954240
1789595701	114954240
1789595706	114954240
1789595711	114954240
1789595716	114954240
1789595721	114954240
1789595726	114954240
1789595731	114954240
1789595736	114954240
1789595741	114954240
1789595746	114954240
1789595751	114954240
1789595756	114954240
1789595761	114954240
1789595766	114954240
1789595771	114954240
1789595776	114954240
1789595781	114954240
1789595786	114954240
1789595791	114954240
1789595796	114954240
1789595801	114954240
1789595806	114954240
1789595811	114954240
1789595816	114954240
1789595821	114954240
1789595826	114954240
1789595831	114954240
1789595836	114954240
1789595841	114954240
1789595846	114954240
1789595851	114954240
1789595856	114954240
1789595861	114954240
1789595866	114954240
1789595871	114954240
1789595876	114954240
1789595881	114954240
1789595886	114954240
1789595891	114954240
1789595896	114954240
1789595901	114954240
1789595906	114954240
1789595911	114954240
1789595916	114954240
1789595921	114954240
1789595926	114954240
1789595931	114954240
1789595936	114954240
1789595941	114954240
1789595946	114954240
1789595951	114954240
1789595956	114954240
1789595961	114954240
1789595966	114954240
1789595971	114954240
1789595976	114954240
1789595981	114954240
1789595986	114954240
1789595991	114954240
1789595996	114954240
1789596001	114954240
1789596006	114954240
1789596011	114954240
1789596016	114954240
1789596021	114954240
1789596026	114954240
1789596031	114954240
1789596036	114954240
1789596041	114954240
1789596046	114954240
1789596051	114954240
1789596056	114954240
1789596061	114954240
1789596066	114954240
1789596071	114954240
1789596076	114954240
1789596081	114954240
1789596086	114954240
1789596091	114954240
1789596096	114954240
1789596101	114954240
1789596106	114954240
1789596111	114954240
1789596116	114954240
1789596121	114954240
1789596126	114954240
1789596131	114954240
1789596136	114954240
1789596142	114954240
1789596147	114954240
1789596152	114954240
1789596157	114954240
1789596162	114954240
1789596167	114954240
1789596172	114954240
1789596177	114954240
1789596182	114954240
1789596187	114954240
1789596192	114954240
1789596197	114954240
1789596202	114954240
1789596207	114954240
1789596212	114954240
1789596217	114954240
1789596222	114954240
1789596227	114954240
1789596232	114954240
1789596237	114954240
1789596242	114954240
1789596247	114954240
1789596252	114954240
1789596257	114954240
1789596262	114954240
1789596267	114954240
1789596272	114954240
1789596277	114954240
1789596282	114954240
1789596287	114954240
1789596292	114954240
1789596297	114954240
1789596302	114954240
1789596307	114954240
1789596312	114954240
1789596317	114954240
1789596322	114954240
1789596327	114954240
1789596332	114954240
1789596337	114954240
1789596342	114954240
1789596347	114954240
1789596352	114954240
1789596357	114954240
1789596362	114954240
1789596367	114954240
1789596372	114954240
1789596377	114954240
1789596382	114954240
1789596387	114954240
1789596392	114954240
1789596397	114954240
1789596402	114954240
1789596407	114954240
1789596412	114954240
1789596417	114954240
1789596422	114954240
1789596427	114954240
1789596432	114954240
1789596437	114954240
1789596442	114954240
1789596447	114954240
1789596452	114954240
1789596457	114954240
1789596462	114954240
1789596467	114954240
1789596472	114954240
1789596477	114954240
1789596482	114954240
1789596487	114954240
1789596492	114954240
1789596497	114954240
1789596502	114954240
1789596507	114954240
1789596512	114954240
1789596517	114954240
1789596522	114954240
1789596527	114954240
1789596532	114954240
1789596537	114954240
1789596542	114954240
1789596547	114954240
1789596552	114954240
1789596557	114954240
1789596562	114954240
1789596567	114954240
1789596572	114954240
1789596577	114954240
1789596582	114954240
1789596587	114954240
1789596592	114954240
1789596597	114954240
1789596602	114954240
1789596607	114954240
1789596612	114954240
1789596617	114954240
1789596622	114954240
1789596627	114954240
1789596632	114954240
1789596637	114954240
1789596642	114954240
1789596647	114954240
1789596652	114954240
1789596657	114954240
1789596662	114954240
1789596667	114954240
1789596672	114954240
1789596677	114954240
1789596682	114954240
1789596687	114954240
1789596692	114954240
1789596697	114954240
1789596702	114954240
1789596707	114954240
1789596712	114954240
1789596717	114954240
1789596722	114954240
1789596727	114954240
1789596732	114954240
1789596737	114954240
1789596742	114954240
1789596747	114954240
1789596752	114954240
1789596757	114954240
1789596762	114954240
1789596767	114954240
1789596772	114954240
1789596777	114954240
1789596782	114954240
1789596787	114954240
1789596792	114954240
1789596797	114954240
1789596802	114954240
1789596807	114954240
1789596812	114954240
1789596817	114954240
1789596822	114954240
1789596827	114954240
1789596832	114954240
1789596837	114954240
1789596842	114954240
1789596847	114954240
1789596852	114954240
1789596857	114954240
1789596862	114954240
1789596868	114954240
1789596873	114954240
1789596878	114954240
1789596883	114954240
1789596888	114954240
1789596893	114954240
1789596898	114954240
1789596903	114954240
1789596908	114954240
1789596913	114954240
1789596918	114954240
1789596923	114954240
1789596928	114954240
1789596933	114954240
1789596938	114954240
1789596943	114954240
1789596948	114954240
1789596953	114954240
1789596958	114954240
1789596963	114954240
1789596968	114954240
1789596973	114954240
1789596978	114954240
1789596983	114954240
1789596988	114954240
1789596993	114954240
1789596998	114954240
1789597003	114954240
1789597008	114954240
1789597013	114954240
1789597018	114954240
1789597023	114954240
1789597028	114954240
1789597033	114954240
1789597038	114954240
1789597043	114954240
1789597048	114954240
1789597053	114954240
1789597058	114954240
1789597063	114954240
1789597068	114954240
1789597073	114954240
1789597078	114954240
1789597083	114954240
1789597088	114954240
1789597093	114954240
1789597098	114954240
1789597103	114954240
1789597108	114954240
1789597113	114954240
1789597118	114954240
1789597123	114954240
1789597128	114954240
1789597133	114954240
1789597138	114954240
1789597143	114954240
1789597148	114954240
1789597153	114954240
1789597158	114954240
1789597163	114954240
1789597168	114954240
1789597173	114954240
1789597178	114954240
1789597183	114954240
1789597188	114954240
1789597193	114954240
1789597198	114954240
1789597203	114954240
1789597208	114954240
1789597213	114954240
1789597218	114954240
1789597223	114954240
1789597228	114954240
1789597233	114954240
1789597238	114954240
1789597243	114954240
1789597248	114954240
1789597253	114954240
1789597258	114954240
1789597263	114954240
1789597268	114954240
1789597273	114954240
1789597278	114954240
1789597283	114954240
1789597288	114954240
1789597293	114954240
1789597298	114954240
1789597303	114954240
1789597308	114954240
1789597313	114954240
1789597318	114954240
1789597323	114954240
1789597328	114954240
1789597333	114954240
1789597338	114954240
1789597343	114954240
1789597348	114954240
1789597353	114954240
1789597358	114954240
1789597363	114954240
1789597368	114954240
1789597373	114954240
1789597378	114954240
1789597383	114954240
1789597388	114954240
1789597393	114954240
1789597398	114954240
1789597403	114954240
1789597408	114954240
1789597413	114954240
1789597418	114954240
1789597423	114954240
1789597428	114954240
1789597433	114954240
1789597438	114954240
1789597443	114954240
1789597448	114954240
1789597453	114954240
1789597458	114954240
1789597463	114954240
1789597468	114954240
1789597473	114954240
1789597478	114954240
1789597483	114954240
1789597488	114954240
1789597493	114954240
1789597498	114954240
1789597503	114954240
1789597508	114954240
1789597513	114954240
1789597518	114954240
1789597523	114954240
1789597528	114954240
1789597533	114954240
1789597538	114954240
1789597543	114954240
1789597548	114954240
1789597553	114954240
1789597558	114954240
1789597563	114954240
1789597568	114954240
1789597573	114954240
1789597578	114954240
1789597583	114954240
1789597588	114954240
1789597593	114954240
1789597599	114954240
1789597604	114954240
1789597609	114954240
1789597614	114954240
1789597619	114954240
1789597624	114954240
1789597629	114954240
1789597634	114954240
1789597639	114954240
1789597644	114954240
1789597649	114954240
1789597654	114954240
1789597659	114954240
1789597664	114954240
1789597669	114954240
1789597674	114954240
1789597679	114954240
1789597684	114954240
1789597689	114954240
1789597694	114954240
1789597699	114954240
1789597704	114954240
1789597709	114954240
1789597714	114954240
1789597719	114954240
1789597724	114954240
1789597729	114954240
1789597734	114954240
1789597739	114954240
1789597744	114954240
1789597749	114954240
1789597754	114954240
1789597759	114954240
1789597764	114954240
1789597769	114954240
1789597774	114954240
1789597779	114954240
1789597784	114954240
1789597789	114954240
1789597794	114954240
1789597799	114954240
1789597804	114954240
1789597809	114954240
1789597814	114954240
1789597819	114954240
1789597824	114954240
1789597829	114954240
1789597834	114954240
1789597839	114954240
1789597844	114954240
1789597849	114954240
1789597854	114954240
1789597859	114954240
1789597864	114954240
1789597869	114954240
1789597874	114954240
1789597879	114954240
1789597884	114954240
1789597889	114954240
1789597894	114954240
1789597899	114954240
1789597904	114954240
1789597909	114954240
1789597914	114954240
1789597919	114954240
1789597924	114954240
1789597929	114954240
1789597934	114954240
1789597939	114954240
1789597944	114954240
1789597949	114954240
1789597954	114954240
1789597959	114954240
1789597964	114954240
1789597969	114954240
1789597974	114954240
1789597979	114954240
1789597984	114954240
1789597989	114954240
1789597994	114954240
1789597999	114954240
1789598004	114954240
1789598009	114954240
1789598014	114954240
1789598019	114954240
1789598024	114954240
1789598029	114954240
1789598034	114954240
1789598039	114954240
1789598044	114954240
1789598049	114954240
1789598054	114954240
1789598059	114954240
1789598064	114954240
1789598069	114954240
1789598074	114954240
1789598079	114954240
1789598084	114954240
1789598089	114954240
1789598094	114954240
1789598099	114954240
1789598104	114954240
1789598109	114954240
1789598114	114954240
1789598119	114954240
1789598124	114954240
1789598129	114954240
1789598134	114954240
1789598139	114954240
1789598144	114954240
1789598149	114954240
1789598154	114954240
1789598159	114954240
1789598164	114954240
1789598169	114954240
1789598174	114954240
1789598179	114954240
1789598184	114954240
1789598189	114954240
1789598194	114954240
1789598199	114954240
1789598204	114954240
1789598209	114954240
1789598214	114954240
1789598219	114954240
1789598224	114954240
1789598229	114954240
1789598234	114954240
1789598239	114954240
1789598244	114954240
1789598249	114954240
1789598254	114954240
1789598259	114954240
1789598264	114954240
1789598269	114954240
1789598274	114954240
1789598279	114954240
1789598284	114954240
1789598289	114954240
1789598294	114954240
1789598299	114954240
1789598304	114954240
1789598309	114954240
1789598314	114954240
1789598319	114954240
1789598324	114954240
1789598329	114954240
1789598335	114954240
1789598340	114954240
1789598345	114954240
1789598350	114954240
1789598355	114954240
1789598360	114954240
1789598365	114954240
1789598370	114954240
1789598375	114954240
1789598380	114954240
1789598385	114954240
1789598390	114954240
1789598395	114954240
1789598400	114954240
1789598405	114954240
1789598410	114954240
1789598415	114954240
1789598420	114954240
1789598425	114954240
1789598430	114954240
1789598435	114954240
1789598440	114954240
1789598445	114954240
1789598450	114954240
1789598455	114954240
1789598460	114954240
1789598465	114954240
1789598470	114954240
1789598475	114954240
1789598480	114954240
1789598485	114954240
1789598490	114954240
1789598495	114954240
1789598500	114954240
1789598505	114954240
1789598510	114954240
1789598515	114954240
1789598520	114954240
1789598525	114954240
1789598530	114954240
1789598535	114954240
1789598540	114954240
1789598545	114954240
1789598550	114954240
1789598555	114954240
1789598560	114954240
1789598565	114954240
1789598570	114954240
1789598575	114954240
1789598580	114954240
1789598585	114954240
1789598590	114954240
1789598595	114954240
1789598600	114954240
1789598605	114954240
1789598610	114954240
1789598615	114954240
1789598620	114954240
1789598625	114954240
1789598630	114954240
1789598635	114954240
1789598640	114954240
1789598645	114954240
1789598650	114954240
1789598655	114954240
1789598660	114954240
1789598665	114954240
1789598670	114954240
1789598675	114954240
1789598680	114954240
1789598685	114954240
1789598690	114954240
1789598695	114954240
1789598700	114954240
1789598705	114954240
1789598710	114954240
1789598715	114954240
1789598720	114954240
1789598725	114954240
1789598730	114954240
1789598735	114954240
1789598740	114954240
1789598745	114954240
1789598750	114954240
1789598755	114954240
1789598760	114954240
1789598765	114954240
1789598770	114954240
1789598775	114954240
1789598780	114954240
1789598785	114954240
1789598790	114954240
1789598795	114954240
1789598800	114954240
1789598805	114954240
1789598810	114954240
1789598815	114954240
1789598820	114954240
1789598825	114954240
1789598830	114954240
1789598835	114954240
1789598840	114954240
1789598845	114954240
1789598850	114954240
1789598855	114954240
1789598860	114954240
1789598865	114954240
1789598870	114954240
1789598875	114954240
1789598880	114954240
1789598885	114954240
1789598890	114954240
1789598895	114954240
1789598900	114954240
1789598905	114954240
1789598910	114954240
1789598915	114954240
1789598920	114954240
1789598925	114954240
1789598930	114954240
1789598935	114954240
1789598940	114954240
1789598945	114954240
1789598950	114954240
1789598955	114954240
1789598960	114954240
1789598965	114954240
1789598970	114954240
1789598975	114954240
1789598980	114954240
1789598985	114954240
1789598990	114954240
1789598995	114954240
1789599000	114954240
1789599005	114954240
1789599010	114954240
1789599015	114954240
1789599020	114954240
1789599025	114954240
1789599030	114954240
1789599035	114954240
1789599040	114954240
1789599045	114954240
1789599050	114954240
1789599055	114954240
1789599060	114954240
1789599065	114954240
1789599071	114954240
1789599076	114954240
1789599081	114954240
1789599086	114954240
1789599091	114954240
1789599096	114954240
1789599101	114954240
1789599106	114954240
1789599111	114954240
1789599116	114954240
1789599121	114954240
1789599126	114954240
1789599131	114954240
1789599136	114954240
1789599141	114954240
1789599146	114954240
1789599151	114954240
1789599156	114954240
1789599161	114954240
1789599166	114954240
1789599171	114954240
1789599176	114954240
1789599181	114954240
1789599186	114954240
1789599191	114954240
1789599196	114954240
1789599201	114954240
1789599206	114954240
1789599211	114954240
1789599216	114954240
1789599221	114954240
1789599226	114954240
1789599231	114954240
1789599236	114954240
1789599241	114954240
1789599246	114954240
1789599251	114954240
1789599256	114954240
1789599261	114954240
1789599266	114954240
1789599271	114954240
1789599276	114954240
1789599281	114954240
1789599286	114954240
1789599291	114954240
1789599296	114954240
1789599301	114954240
1789599306	114954240
1789599311	114954240
1789599316	114954240
1789599321	114954240
1789599326	114954240
1789599331	114954240
1789599336	114954240
1789599341	114954240
1789599346	114954240
1789599351	114954240
1789599356	114954240
1789599361	114954240
1789599366	114954240
1789599371	114954240
1789599376	114954240
1789599381	114954240
1789599386	114954240
1789599391	114954240
1789599396	114954240
1789599401	114954240
1789599406	114954240
1789599411	114954240
1789599416	114954240
1789599421	114954240
1789599426	114954240
1789599431	114954240
1789599436	114954240
1789599441	114954240
1789599446	114954240
1789599451	114954240
1789599456	114954240
1789599461	114954240
1789599466	114954240
1789599471	114954240
1789599476	114954240
1789599481	114954240
1789599486	114954240
1789599491	114954240
1789599496	114954240
1789599501	114954240
1789599506	114954240
1789599511	114954240
1789599516	114954240
1789599521	114954240
1789599526	114954240
1789599531	114954240
1789599536	114954240
1789599541	114954240
1789599546	114954240
1789599551	114954240
1789599556	114954240
1789599561	114954240
1789599566	114954240
1789599571	114954240
1789599576	114954240
1789599581	114954240
1789599586	114954240
1789599591	114954240
1789599596	114954240
1789599601	114954240
1789599606	114954240
1789599611	114954240
1789599616	114954240
1789599621	114954240
1789599626	114954240
1789599631	114954240
1789599636	114954240
1789599641	114954240
1789599646	114954240
1789599651	114954240
1789599656	114954240
1789599661	114954240
1789599666	114954240
1789599671	114954240
1789599676	114954240
1789599681	114954240
1789599686	114954240
1789599691	114954240
1789599696	114954240
1789599701	114954240
1789599706	114954240
1789599711	114954240
1789599716	114954240
1789599721	114954240
1789599726	114954240
1789599731	114954240
1789599736	114954240
1789599741	114954240
1789599746	114954240
1789599751	114954240
1789599756	114954240
1789599761	114954240
1789599766	114954240
1789599771	114954240
1789599776	114954240
1789599781	114954240
1789599786	114954240
1789599791	114954240
1789599797	114954240
1789599802	114954240
1789599807	114954240
1789599812	114954240
1789599817	114954240
1789599822	114954240
1789599827	114954240
1789599832	114954240
1789599837	114954240
1789599842	114954240
1789599847	114954240
1789599852	114954240
1789599857	114954240
1789599862	114954240
1789599867	114954240
1789599872	114954240
1789599877	114954240
1789599882	114954240
1789599887	114954240
1789599892	114954240
1789599897	114954240
1789599902	114954240
1789599907	114954240
1789599912	114954240
1789599917	114954240
1789599922	114954240
1789599927	114954240
1789599932	114954240
1789599937	114954240
1789599942	114954240
1789599947	114954240
1789599952	114954240
1789599957	114954240
1789599962	114954240
1789599967	114954240
1789599972	114954240
1789599977	114954240
1789599982	114954240
1789599987	114954240
1789599992	114954240
1789599997	114954240
1789600002	114954240
1789600007	114954240
1789600012	114954240
1789600017	114954240
1789600022	114954240
1789600027	114954240
1789600032	114954240
1789600037	114954240
1789600042	114954240
1789600047	114954240
1789600052	114954240
1789600057	114954240
1789600062	114954240
1789600067	114954240
1789600072	114954240
1789600077	114954240
1789600082	114954240
1789600087	114954240
1789600092	114954240
1789600097	114954240
1789600102	114954240
1789600107	114954240
1789600112	114954240
1789600117	114954240
1789600122	114954240
1789600127	114954240
1789600132	114954240
1789600137	114954240
1789600142	114954240
1789600147	114954240
1789600152	114954240
1789600157	114954240
1789600162	114954240
1789600167	114954240
1789600172	114954240
1789600177	114954240
1789600182	114954240
1789600187	114954240
1789600192	114954240
1789600197	114954240
1789600202	114954240
1789600207	114954240
1789600212	114954240
1789600217	114954240
1789600222	114954240
1789600227	114954240
1789600232	114954240
1789600237	114954240
1789600242	114954240
1789600247	114954240
1789600252	114954240
1789600257	114954240
1789600262	114954240
1789600267	114954240
1789600272	114954240
1789600277	114954240
1789600282	114954240
1789600287	114954240
1789600292	114954240
1789600297	114954240
1789600302	114954240
1789600307	114954240
1789600312	114954240
1789600317	114954240
1789600322	114954240
1789600327	114954240
1789600332	114954240
1789600337	114954240
1789600342	114954240
1789600347	114954240
1789600352	114954240
1789600357	114954240
1789600362	114954240
1789600367	114954240
1789600372	114954240
1789600377	114954240
1789600382	114954240
1789600387	114954240
1789600392	114954240
1789600397	114954240
1789600402	114954240
1789600407	114954240
1789600412	114954240
1789600417	114954240
1789600422	114954240
1789600427	114954240
1789600432	114954240
1789600437	114954240
1789600442	114954240
1789600447	114954240
1789600452	114954240
1789600457	114954240
1789600462	114954240
1789600467	114954240
1789600472	114954240
1789600477	114954240
1789600482	114954240
1789600487	114954240
1789600492	114954240
1789600497	114954240
1789600502	114954240
1789600507	114954240
1789600512	114954240
1789600517	114954240
1789600523	114954240
1789600528	114954240
1789600533	114954240
1789600538	114954240
1789600543	114954240
1789600548	114954240
1789600553	114954240
1789600558	114954240
1789600563	114954240
1789600568	114954240
1789600573	114954240
1789600578	114954240
1789600583	114954240
1789600588	114954240
1789600593	114954240
1789600598	114954240
1789600603	114954240
1789600608	114954240
1789600613	114954240
1789600618	114954240
1789600623	114954240
1789600628	114954240
1789600633	114954240
1789600638	114954240
1789600643	114954240
1789600648	114954240
1789600653	114954240
1789600658	114954240
1789600663	114954240
1789600668	114954240
1789600673	114954240
1789600678	114954240
1789600683	114954240
1789600688	114954240
1789600693	114954240
1789600698	114954240
1789600703	114954240
1789600708	114954240
1789600713	114954240
1789600718	114954240
1789600723	114954240
1789600728	114954240
1789600733	114954240
1789600738	114954240
1789600743	114954240
1789600748	114954240
1789600753	114954240
1789600758	114954240
1789600763	114954240
1789600768	114954240
1789600773	114954240
1789600778	114954240
1789600783	114954240
1789600788	114954240
1789600793	114954240
1789600798	114954240
1789600803	114954240
1789600808	114954240
1789600813	114954240
1789600818	114954240
1789600823	114954240
1789600828	114954240
1789600833	114954240
1789600838	114954240
1789600843	114954240
1789600848	114954240
1789600853	114954240
1789600858	114954240
1789600863	114954240
1789600868	114954240
1789600873	114954240
1789600878	114954240
1789600883	114954240
1789600888	114954240
1789600893	114954240
1789600898	114954240
1789600903	114954240
1789600908	114954240
1789600913	114954240
1789600918	114954240
1789600923	114954240
1789600928	114954240
1789600933	114954240
1789600938	114954240
1789600943	114954240
1789600948	114954240
1789600953	114954240
1789600958	114954240
1789600963	114954240
1789600968	114954240
1789600973	114954240
1789600978	114954240
1789600983	114954240
1789600988	114954240
1789600993	114954240
1789600998	114954240
1789601003	114954240
1789601008	114954240
1789601013	114954240
1789601018	114954240
1789601023	114954240
1789601028	114954240
1789601033	114954240
1789601038	114954240
1789601043	114954240
1789601048	114954240
1789601053	114954240
1789601058	114954240
1789601063	114954240
1789601068	114954240
1789601073	114954240
1789601078	114954240
1789601083	114954240
1789601088	114954240
1789601093	114954240
1789601098	114954240
1789601103	114954240
1789601108	114954240
1789601113	114954240
1789601118	114954240
1789601123	114954240
1789601128	114954240
1789601133	114954240
1789601138	114954240
1789601143	114954240
1789601148	114954240
1789601153	114954240
1789601158	114954240
1789601163	114954240
1789601168	114954240
1789601173	114954240
1789601178	114954240
1789601183	114954240
1789601188	114954240
1789601193	114954240
1789601198	114954240
1789601203	114954240
1789601208	114954240
1789601213	114954240
1789601218	114954240
1789601223	114954240
1789601228	114954240
1789601233	114954240
1789601239	114954240
1789601244	114954240
1789601249	114954240
1789601254	114954240
1789601259	114954240
1789601264	114954240
1789601269	114954240
1789601274	114954240
1789601279	114954240
1789601284	114954240
1789601289	114954240
1789601294	114954240
1789601299	114954240
1789601304	114954240
1789601309	114954240
1789601314	114954240
1789601319	114954240
1789601324	114954240
1789601329	114954240
1789601334	114954240
1789601339	114954240
1789601344	114954240
1789601349	114954240
1789601354	114954240
1789601359	114954240
1789601364	114954240
1789601369	114954240
1789601374	114954240
1789601379	114954240
1789601384	114954240
1789601389	114954240
1789601394	114954240
1789601399	114954240
1789601404	114954240
1789601409	114954240
1789601414	114954240
1789601419	114954240
1789601424	114954240
1789601429	114954240
1789601434	114954240
1789601439	114954240
1789601444	114954240
1789601449	114954240
1789601454	114954240
1789601459	114954240
1789601464	114954240
1789601469	114954240
1789601474	114954240
1789601479	114954240
1789601484	114954240
1789601489	114954240
1789601494	114954240
1789601499	114954240
1789601504	114954240
1789601509	114954240
1789601514	114954240
1789601519	114954240
1789601524	114954240
1789601529	114954240
1789601534	114954240
1789601539	114954240
1789601544	114954240
1789601549	114954240
1789601554	114954240
1789601559	114954240
1789601564	114954240
1789601569	114954240
1789601574	114954240
1789601579	114954240
1789601584	114954240
1789601589	114954240
1789601594	114954240
1789601599	114954240
1789601604	114954240
1789601609	114954240
1789601614	114954240
1789601619	114954240
1789601624	114954240
1789601629	114954240
1789601634	114954240
1789601639	114954240
1789601644	114954240
1789601649	114954240
1789601654	114954240
1789601659	114954240
1789601664	114954240
1789601669	114954240
1789601674	114954240
1789601679	114954240
1789601684	114954240
1789601689	114954240
1789601694	114954240
1789601699	114954240
1789601704	114954240
1789601709	114954240
1789601714	114954240
1789601719	114954240
1789601724	114954240
1789601729	114954240
1789601734	114954240
1789601739	114954240
1789601744	114954240
1789601749	114954240
1789601754	114954240
1789601759	114954240
1789601764	114954240
1789601769	114954240
1789601774	114954240
1789601779	114954240
1789601784	114954240
1789601789	114954240
1789601794	114954240
1789601799	114954240
1789601804	114954240
1789601809	114954240
1789601814	114954240
1789601819	114954240
1789601824	114954240
1789601829	114954240
1789601834	114954240
1789601839	114954240
1789601844	114954240
1789601849	114954240
1789601854	114954240
1789601859	114954240
1789601864	114954240
1789601869	114954240
1789601874	114954240
1789601879	114954240
1789601884	114954240
1789601889	114954240
1789601894	114954240
1789601899	114954240
1789601904	114954240
1789601909	114954240
1789601914	114954240
1789601919	114954240
1789601924	114954240
1789601929	114954240
1789601934	114954240
1789601939	114954240
1789601944	114954240
1789601949	114954240
1789601954	114954240
1789601959	114954240
1789601965	114954240
1789601970	114954240
1789601975	114954240
1789601980	114954240
1789601985	114954240
1789601990	114954240
1789601995	114954240
1789602000	114954240
1789602005	114954240
1789602010	114954240
1789602015	114954240
1789602020	114954240
1789602025	114954240
1789602030	114954240
1789602035	114954240
1789602040	114954240
1789602045	114954240
1789602050	114954240
1789602055	114954240
1789602060	114954240
1789602065	114954240
1789602070	114954240
1789602075	114954240
1789602080	114954240
1789602085	114954240
1789602090	114954240
1789602095	114954240
1789602100	114954240
1789602105	114954240
1789602110	114954240
1789602115	114954240
1789602120	114954240
1789602125	114954240
1789602130	114954240
1789602135	114954240
1789602140	114954240
1789602145	114954240
1789602150	114954240
1789602155	114954240
1789602160	114954240
1789602165	114954240
1789602170	114954240
1789602175	114954240
1789602180	114954240
1789602185	114954240
1789602190	114954240
1789602195	114954240
1789602200	114954240
1789602205	114954240
1789602210	114954240
1789602215	114954240
1789602220	114954240
1789602225	114954240
1789602230	114954240
1789602235	114954240
1789602240	114954240
1789602245	114954240
1789602250	114954240
1789602255	114954240
1789602260	114954240
1789602265	114954240
1789602270	114954240
1789602275	114954240
1789602280	114954240
1789602285	114954240
1789602290	114954240
1789602295	114954240
1789602300	114954240
1789602305	114954240
1789602310	114954240
1789602315	114954240
1789602320	114954240
1789602325	114954240
1789602330	114954240
1789602335	114954240
1789602340	114954240
1789602345	114954240
1789602350	114954240
1789602355	114954240
1789602360	114954240
1789602365	114954240
1789602370	114954240
1789602375	114954240
1789602380	114954240
1789602385	114954240
1789602390	114954240
1789602395	114954240
1789602400	114954240
1789602405	114954240
1789602410	114954240
1789602415	114954240
1789602420	114954240
1789602425	114954240
1789602430	114954240
1789602435	114954240
1789602440	114954240
1789602445	114954240
1789602450	114954240
1789602455	114954240
1789602460	114954240
1789602465	114954240
1789602470	114954240
1789602475	114954240
1789602480	114954240
1789602485	114954240
1789602490	114954240
1789602495	114954240
1789602500	114954240
1789602505	114954240
1789602510	114954240
1789602515	114954240
1789602520	114954240
1789602525	114954240
1789602530	114954240
1789602535	114954240
1789602540	114954240
1789602545	114954240
1789602550	114954240
1789602555	114954240
1789602560	114954240
1789602565	114954240
1789602570	114954240
1789602575	114954240
1789602580	114954240
1789602585	114954240
1789602590	114954240
1789602595	114954240
1789602600	114954240
1789602605	114954240
1789602610	114954240
1789602615	114954240
1789602620	114954240
1789602625	114954240
1789602630	114954240
1789602635	114954240
1789602640	114954240
1789602645	114954240
1789602650	114954240
1789602655	114954240
1789602660	114954240
1789602665	114954240
1789602670	114954240
1789602675	114954240
1789602680	114954240
1789602685	114954240
1789602690	114954240
1789602695	114954240
1789602701	114954240
1789602706	114954240
1789602711	114954240
1789602716	114954240
1789602721	114954240
1789602726	114954240
1789602731	114954240
1789602736	114954240
1789602741	114954240
1789602746	114954240
1789602751	114954240
1789602756	114954240
1789602761	114954240
1789602766	114954240
1789602771	114954240
1789602776	114954240
1789602781	114954240
1789602786	114954240
1789602791	114954240
1789602796	114954240
1789602801	114954240
1789602806	114954240
1789602811	114954240
1789602816	114954240
1789602821	114954240
1789602826	114954240
1789602831	114954240
1789602836	114954240
1789602841	114954240
1789602846	114954240
1789602851	114954240
1789602856	114954240
1789602861	114954240
1789602866	114954240
1789602871	114954240
1789602876	114954240
1789602881	114954240
1789602886	114954240
1789602891	114954240
1789602896	114954240
1789602901	114954240
1789602906	114954240
1789602911	114954240
1789602916	114954240
1789602921	114954240
1789602926	114954240
1789602931	114954240
1789602936	114954240
1789602941	114954240
1789602946	114954240
1789602951	114954240
1789602956	114954240
1789602961	114954240
1789602966	114954240
1789602971	114954240
1789602976	114954240
1789602981	114954240
1789602986	114954240
1789602991	114954240
1789602996	114954240
1789603001	114954240
1789603006	114954240
1789603011	114954240
1789603016	114954240
1789603021	114954240
1789603026	114954240
1789603031	114954240
1789603036	114954240
1789603041	114954240
1789603046	114954240
1789603051	114954240
1789603056	114954240
1789603061	114954240
1789603066	114954240
1789603071	114954240
1789603076	114954240
1789603081	114954240
1789603086	114954240
1789603091	114954240
1789603096	114954240
1789603101	114954240
1789603106	114954240
1789603111	114954240
1789603116	114954240
1789603121	114954240
1789603126	114954240
1789603131	114954240
1789603136	114954240
1789603141	114954240
1789603146	114954240
1789603151	114954240
1789603156	114954240
1789603161	114954240
1789603166	114954240
1789603171	114954240
1789603176	114954240
1789603181	114954240
1789603186	114954240
1789603191	114954240
1789603196	114954240
1789603201	114954240
1789603206	114954240
1789603211	114954240
1789603216	114954240
1789603221	114954240
1789603226	114954240
1789603231	114954240
1789603236	114954240
1789603241	114954240
1789603246	114954240
1789603251	114954240
1789603256	114954240
1789603261	114954240
1789603266	114954240
1789603271	114954240
1789603276	114954240
1789603281	114954240
1789603286	114954240
1789603291	114954240
1789603296	114954240
1789603301	114954240
1789603306	114954240
1789603311	114954240
1789603316	114954240
1789603321	114954240
1789603326	114954240
1789603331	114954240
1789603336	114954240
1789603341	114954240
1789603346	114954240
1789603351	114954240
1789603356	114954240
1789603361	114954240
1789603366	114954240
1789603371	114954240
1789603376	114954240
1789603381	114954240
1789603386	114954240
1789603391	114954240
1789603396	114954240
1789603401	114954240
1789603406	114954240
1789603411	114954240
1789603416	114954240
1789603421	114954240
1789603426	114954240
1789603432	114954240
1789603437	114954240
1789603442	114954240
1789603447	114954240
1789603452	114954240
1789603457	114954240
1789603462	114954240
1789603467	114954240
1789603472	114954240
1789603477	114954240
1789603482	114954240
1789603487	114954240
1789603492	114954240
1789603497	114954240
1789603502	114954240
1789603507	114954240
1789603512	114954240
1789603517	114954240
1789603522	114954240
1789603527	114954240
1789603532	114954240
1789603537	114954240
1789603542	114954240
1789603547	114954240
1789603552	114954240
1789603557	114954240
1789603562	114954240
1789603567	114954240
1789603572	114954240
1789603577	114954240
1789603582	114954240
1789603587	114954240
1789603592	114954240
1789603597	114954240
1789603602	114954240
1789603607	114954240
1789603612	114954240
1789603617	114954240
1789603622	114954240
1789603627	114954240
1789603632	114954240
1789603637	114954240
1789603642	114954240
1789603647	114954240
1789603652	114954240
1789603657	114954240
1789603662	114954240
1789603667	114954240
1789603672	114954240
1789603677	114954240
1789603682	114954240
1789603687	114954240
1789603692	114954240
1789603697	114954240
1789603702	114954240
1789603707	114954240
1789603712	114954240
1789603717	114954240
1789603722	114954240
1789603727	114954240
1789603732	114954240
1789603737	114954240
1789603742	114954240
1789603747	114954240
1789603752	114954240
1789603757	114954240
1789603762	114954240
1789603767	114954240
1789603772	114954240
1789603777	114954240
1789603782	114954240
1789603787	114954240
1789603792	114954240
1789603797	114954240
1789603802	114954240
1789603807	114954240
1789603812	114954240
1789603817	114954240
1789603822	114954240
1789603827	114954240
1789603832	114954240
1789603837	114954240
1789603842	114954240
1789603847	114954240
1789603852	114954240
1789603857	114954240
1789603862	114954240
1789603867	114954240
1789603872	114954240
1789603877	114954240
1789603882	114954240
1789603887	114954240
1789603892	114954240
1789603897	114954240
1789603902	114954240
1789603907	114954240
1789603912	114954240
1789603917	114954240
1789603922	114954240
1789603927	114954240
1789603932	114954240
1789603937	114954240
1789603942	114954240
1789603947	114954240
1789603952	114954240
1789603957	114954240
1789603962	114954240
1789603967	114954240
1789603972	114954240
1789603977	114954240
1789603982	114954240
1789603987	114954240
1789603992	114954240
1789603997	114954240
1789604002	114954240
1789604007	114954240
1789604012	114954240
1789604017	114954240
1789604022	114954240
1789604027	114954240
1789604032	114954240
1789604037	114954240
1789604042	114954240
1789604047	114954240
1789604052	114954240
1789604057	114954240
1789604062	114954240
1789604067	114954240
1789604072	114954240
1789604077	114954240
1789604082	114954240
1789604087	114954240
1789604092	114954240
1789604097	114954240
1789604102	114954240
1789604107	114954240
1789604112	114954240
1789604117	114954240
1789604122	114954240
1789604127	114954240
1789604132	114954240
1789604137	114954240
1789604142	114954240
1789604147	114954240
1789604152	114954240
1789604157	114954240
1789604162	114954240
1789604167	114954240
1789604173	114954240
1789604178	114954240
1789604183	114954240
1789604188	114954240
1789604193	114954240
1789604198	114954240
1789604203	114954240
1789604208	114954240
1789604213	114954240
1789604218	114954240
1789604223	114954240
1789604228	114954240
1789604233	114954240
1789604238	114954240
1789604243	114954240
1789604248	114954240
1789604253	114954240
1789604258	114954240
1789604263	114954240
1789604268	114954240
1789604273	114954240
1789604278	114954240
1789604283	114954240
1789604288	114954240
1789604293	114954240
1789604298	114954240
1789604303	114954240
1789604308	114954240
1789604313	114954240
1789604318	114954240
1789604323	114954240
1789604328	114954240
1789604333	114954240
1789604338	114954240
1789604343	114954240
1789604348	114954240
1789604353	114954240
1789604358	114954240
1789604363	114954240
1789604368	114954240
1789604373	114954240
1789604378	114954240
1789604383	114954240
1789604388	114954240
1789604393	114954240
1789604398	114954240
1789604403	114954240
1789604408	114954240
1789604413	114954240
1789604418	114954240
1789604423	114954240
1789604428	114954240
1789604433	114954240
1789604438	114954240
1789604443	114954240
1789604448	114954240
1789604453	114954240
1789604458	114954240
1789604463	114954240
1789604468	114954240
1789604473	114954240
1789604478	114954240
1789604483	114954240
1789604488	114954240
1789604493	114954240
1789604498	114954240
1789604503	114954240
1789604508	114954240
1789604513	114954240
1789604518	114954240
1789604523	114954240
1789604528	114954240
1789604533	114954240
1789604538	114954240
1789604543	114954240
1789604548	114954240
1789604553	114954240
1789604558	114954240
1789604563	114954240
1789604568	114954240
1789604573	114954240
1789604578	114954240
1789604583	114954240
1789604588	114954240
1789604593	114954240
1789604598	114954240
1789604603	114954240
1789604608	114954240
1789604613	114954240
1789604618	114954240
1789604623	114954240
1789604628	114954240
1789604633	114954240
1789604638	114954240
1789604643	114954240
1789604648	114954240
1789604653	114954240
1789604658	114954240
1789604663	114954240
1789604668	114954240
1789604673	114954240
1789604678	114954240
1789604683	114954240
1789604688	114954240
1789604693	114954240
1789604698	114954240
1789604703	114954240
1789604708	114954240
1789604713	114954240
1789604718	114954240
1789604723	114954240
1789604728	114954240
1789604733	114954240
1789604738	114954240
1789604743	114954240
1789604748	114954240
1789604753	114954240
1789604758	114954240
1789604763	114954240
1789604768	114954240
1789604773	114954240
1789604778	114954240
1789604783	114954240
1789604788	114954240
1789604793	114954240
1789604798	114954240
1789604803	114954240
1789604808	114954240
1789604813	114954240
1789604818	114954240
1789604823	114954240
1789604828	114954240
1789604833	114954240
1789604838	114954240
1789604843	114954240
1789604848	114954240
1789604853	114954240
1789604858	114954240
1789604863	114954240
1789604868	114954240
1789604873	114954240
1789604878	114954240
1789604883	114954240
1789604888	114954240
1789604894	114954240
1789604899	114954240
1789604904	114954240
1789604909	114954240
1789604914	114954240
1789604919	114954240
1789604924	114954240
1789604929	114954240
1789604934	114954240
1789604939	114954240
1789604944	114954240
1789604949	114954240
1789604954	114954240
1789604959	114954240
1789604964	114954240
1789604969	114954240
1789604974	114954240
1789604979	114954240
1789604984	114954240
1789604989	114954240
1789604994	114954240
1789604999	114954240
1789605004	114954240
1789605009	114954240
1789605014	114954240
1789605019	114954240
1789605024	114954240
1789605029	114954240
1789605034	114954240
1789605039	114954240
1789605044	114954240
1789605049	114954240
1789605054	114954240
1789605059	114954240
1789605064	114954240
1789605069	114954240
1789605074	114954240
1789605079	114954240
1789605084	114954240
1789605089	114954240
1789605094	114954240
1789605099	114954240
1789605104	114954240
1789605109	114954240
1789605114	114954240
1789605119	114954240
1789605124	114954240
1789605129	114954240
1789605134	114954240
1789605139	114954240
1789605144	114954240
1789605149	114954240
1789605154	114954240
1789605159	114954240
1789605164	114954240
1789605169	114954240
1789605174	114954240
1789605179	114954240
1789605184	114954240
1789605189	114954240
1789605194	114954240
1789605199	114954240
1789605204	114954240
1789605209	114954240
1789605214	114954240
1789605219	114954240
1789605224	114954240
1789605229	114954240
1789605234	114954240
1789605239	114954240
1789605244	114954240
1789605249	114954240
1789605254	114954240
1789605259	114954240
1789605264	114954240
1789605269	114954240
1789605274	114954240
1789605279	114954240
1789605284	114954240
1789605289	114954240
1789605294	114954240
1789605299	114954240
1789605304	114954240
1789605309	114954240
1789605314	114954240
1789605319	114954240
1789605324	114954240
1789605329	114954240
1789605334	114954240
1789605339	114954240
1789605344	114954240
1789605349	114954240
1789605354	114954240
1789605359	114954240
1789605364	114954240
1789605369	114954240
1789605374	114954240
1789605379	114954240
1789605384	114954240
1789605389	114954240
1789605394	114954240
1789605399	114954240
1789605404	114954240
1789605409	114954240
1789605414	114954240
1789605419	114954240
1789605424	114954240
1789605429	114954240
1789605434	114954240
1789605439	114954240
1789605444	114954240
1789605449	114954240
1789605454	114954240
1789605459	114954240
1789605464	114954240
1789605469	114954240
1789605474	114954240
1789605479	114954240
1789605484	114954240
1789605489	114954240
1789605494	114954240
1789605499	114954240
1789605504	114954240
1789605509	114954240
1789605514	114954240
1789605519	114954240
1789605524	114954240
1789605529	114954240
1789605534	114954240
1789605539	114954240
1789605544	114954240
1789605549	114954240
1789605554	114954240
1789605559	114954240
1789605564	114954240
1789605569	114954240
1789605574	114954240
1789605579	114954240
1789605584	114954240
1789605589	114954240
1789605594	114954240
1789605599	114954240
1789605604	114954240
1789605609	114954240
1789605614	114954240
1789605619	114954240
1789605624	114954240
1789605629	114954240
1789605635	114954240
1789605640	114954240
1789605645	114954240
1789605650	114954240
1789605655	114954240
1789605660	114954240
1789605665	114954240
1789605670	114954240
1789605675	114954240
1789605680	114954240
1789605685	114954240
1789605690	114954240
1789605695	114954240
1789605700	114954240
1789605705	114954240
1789605710	114954240
1789605715	114954240
1789605720	114954240
1789605725	114954240
1789605730	114954240
1789605735	114954240
1789605740	114954240
1789605745	114954240
1789605750	114954240
1789605755	114954240
1789605760	114954240
1789605765	114954240
1789605770	114954240
1789605775	114954240
1789605780	114954240
1789605785	114954240
1789605790	114954240
1789605795	114954240
1789605800	114954240
1789605805	114954240
1789605810	114954240
1789605815	114954240
1789605820	114954240
1789605825	114954240
1789605830	114954240
1789605835	114954240
1789605840	114954240
1789605845	114954240
1789605850	114954240
1789605855	114954240
1789605860	114954240
1789605865	114954240
1789605870	114954240
1789605875	114954240
1789605880	114954240
1789605885	114954240
1789605890	114954240
1789605895	114954240
1789605900	114954240
1789605905	114954240
1789605910	114954240
1789605915	114954240
1789605920	114954240
1789605925	114954240
1789605930	114954240
1789605935	114954240
1789605940	114954240
1789605945	114954240
1789605950	114954240
1789605955	114954240
1789605960	114954240
1789605965	114954240
1789605970	114954240
1789605975	114954240
1789605980	114954240
1789605985	114954240
1789605990	114954240
1789605995	114954240
1789606000	114954240
1789606005	114954240
1789606010	114954240
1789606015	114954240
1789606020	114954240
1789606025	114954240
1789606030	114954240
1789606035	114954240
1789606040	114954240
1789606045	114954240
1789606050	114954240
1789606055	114954240
1789606060	114954240
1789606065	114954240
1789606070	114954240
1789606075	114954240
1789606080	114954240
1789606085	114954240
1789606090	114954240
1789606095	114954240
1789606100	114954240
1789606105	114954240
1789606110	114954240
1789606115	114954240
1789606120	114954240
1789606125	114954240
1789606130	114954240
1789606135	114954240
1789606140	114954240
1789606145	114954240
1789606150	114954240
1789606155	114954240
1789606160	114954240
1789606165	114954240
1789606170	114954240
1789606175	114954240
1789606180	114954240
1789606185	114954240
1789606190	114954240
1789606195	114954240
1789606200	114954240
1789606205	114954240
1789606210	114954240
1789606215	114954240
1789606220	114954240
1789606225	114954240
1789606230	114954240
1789606235	114954240
1789606240	114954240
1789606245	114954240
1789606250	114954240
1789606255	114954240
1789606260	114954240
1789606265	114954240
1789606270	114954240
1789606275	114954240
1789606280	114954240
1789606285	114954240
1789606290	114954240
1789606295	114954240
1789606300	114954240
1789606305	114954240
1789606310	114954240
1789606315	114954240
1789606320	114954240
1789606325	114954240
1789606330	114954240
1789606335	114954240
1789606340	114954240
1789606345	114954240
1789606350	114954240
1789606355	114954240
1789606360	114954240
1789606365	114954240
1789606370	114954240
1789606375	114954240
1789606381	114954240
1789606386	114954240
1789606391	114954240
1789606396	114954240
1789606401	114954240
1789606406	114954240
1789606411	114954240
1789606416	114954240
1789606421	114954240
1789606426	114954240
1789606431	114954240
1789606436	114954240
1789606441	114954240
1789606446	114954240
1789606451	114954240
1789606456	114954240
1789606461	114954240
1789606466	114954240
1789606471	114954240
1789606476	114954240
1789606481	114954240
1789606486	114954240
1789606491	114954240
1789606496	114954240
1789606501	114954240
1789606506	114954240
1789606511	114954240
1789606516	114954240
1789606521	114954240
1789606526	114954240
1789606531	114954240
1789606536	114954240
1789606541	114954240
1789606546	114954240
1789606551	114954240
1789606556	114954240
1789606561	114954240
1789606566	114954240
1789606571	114954240
1789606576	114954240
1789606581	114954240
1789606586	114954240
1789606591	114954240
1789606596	114954240
1789606601	114954240
1789606606	114954240
1789606611	114954240
1789606616	114954240
1789606621	114954240
1789606626	114954240
1789606631	114954240
1789606636	114954240
1789606641	114954240
1789606646	114954240
1789606651	114954240
1789606656	114954240
1789606661	114954240
1789606666	114954240
1789606671	114954240
1789606676	114954240
1789606681	114954240
1789606686	114954240
1789606691	114954240
1789606696	114954240
1789606701	114954240
1789606706	114954240
1789606711	114954240
1789606716	114954240
1789606721	114954240
1789606726	114954240
1789606731	114954240
1789606736	114954240
1789606741	114954240
1789606746	114954240
1789606751	114954240
1789606756	114954240
1789606761	114954240
1789606766	114954240
1789606771	114954240
1789606776	114954240
1789606781	114954240
1789606786	114954240
1789606791	114954240
1789606796	114954240
1789606801	114954240
1789606806	114954240
1789606811	114954240
1789606816	114954240
1789606821	114954240
1789606826	114954240
1789606831	114954240
1789606836	114954240
1789606841	114954240
1789606846	114954240
1789606851	114954240
1789606856	114954240
1789606861	114954240
1789606866	114954240
1789606871	114954240
1789606876	114954240
1789606881	114954240
1789606886	114954240
1789606891	114954240
1789606896	114954240
1789606901	114954240
1789606906	114954240
1789606911	114954240
1789606916	114954240
1789606921	114954240
1789606926	114954240
1789606931	114954240
1789606936	114954240
1789606941	114954240
1789606946	114954240
1789606951	114954240
1789606956	114954240
1789606961	114954240
1789606966	114954240
1789606971	114954240
1789606976	114954240
1789606981	114954240
1789606986	114954240
1789606991	114954240
1789606996	114954240
1789607001	114954240
1789607006	114954240
1789607011	114954240
1789607016	114954240
1789607021	114954240
1789607026	114954240
1789607031	114954240
1789607036	114954240
1789607041	114954240
1789607046	114954240
1789607051	114954240
1789607056	114954240
1789607061	114954240
1789607066	114954240
1789607071	114954240
1789607076	114954240
1789607081	114954240
1789607086	114954240
1789607091	114954240
1789607096	114954240
1789607101	114954240
1789607106	114954240
1789607111	114954240
1789607116	114954240
1789607121	114954240
1789607127	114954240
1789607132	114954240
1789607137	114954240
1789607142	114954240
1789607147	114954240
1789607152	114954240
1789607157	114954240
1789607162	114954240
1789607167	114954240
1789607172	114954240
1789607177	114954240
1789607182	114954240
1789607187	114954240
1789607192	114954240
1789607197	114954240
1789607202	114954240
1789607207	114954240
1789607212	114954240
1789607217	114954240
1789607222	114954240
1789607227	114954240
1789607232	114954240
1789607237	114954240
1789607242	114954240
1789607247	114954240
1789607252	114954240
1789607257	114954240
1789607262	114954240
1789607267	114954240
1789607272	114954240
1789607277	114954240
1789607282	114954240
1789607287	114954240
1789607292	114954240
1789607297	114954240
1789607302	114954240
1789607307	114954240
1789607312	114954240
1789607317	114954240
1789607322	114954240
1789607327	114954240
1789607332	114954240
1789607337	114954240
1789607342	114954240
1789607347	114954240
1789607352	114954240
1789607357	114954240
1789607362	114954240
1789607367	114954240
1789607372	114954240
1789607377	114954240
1789607382	114954240
1789607387	114954240
1789607392	114954240
1789607397	114954240
1789607402	114954240
1789607407	114954240
1789607412	114954240
1789607417	114954240
1789607422	114954240
1789607427	114954240
1789607432	114954240
1789607437	114954240
1789607442	114954240
1789607447	114954240
1789607452	114954240
1789607457	114954240
1789607462	114954240
1789607467	114954240
1789607472	114954240
1789607477	114954240
1789607482	114954240
1789607487	114954240
1789607492	114954240
1789607497	114954240
1789607502	114954240
1789607507	114954240
1789607512	114954240
1789607517	114954240
1789607522	114954240
1789607527	114954240
1789607532	114954240
1789607537	114954240
1789607542	114954240
1789607547	114954240
1789607552	114954240
1789607557	114954240
1789607562	114954240
1789607567	114954240
1789607572	114954240
1789607577	114954240
1789607582	114954240
1789607587	114954240
1789607592	114954240
1789607597	114954240
1789607602	114954240
1789607607	114954240
1789607612	114954240
1789607617	114954240
1789607622	114954240
1789607627	114954240
1789607632	114954240
1789607637	114954240
1789607642	114954240
1789607647	114954240
1789607652	114954240
1789607657	114954240
1789607662	114954240
1789607667	114954240
1789607672	114954240
1789607677	114954240
1789607682	114954240
1789607687	114954240
1789607692	114954240
1789607697	114954240
1789607702	114954240
1789607707	114954240
1789607712	114954240
1789607717	114954240
1789607722	114954240
1789607727	114954240
1789607732	114954240
1789607737	114954240
1789607742	114954240
1789607747	114954240
1789607752	114954240
1789607757	114954240
1789607762	114954240
1789607767	114954240
1789607772	114954240
1789607777	114954240
1789607782	114954240
1789607787	114954240
1789607792	114954240
1789607797	114954240
1789607802	114954240
1789607807	114954240
1789607812	114954240
1789607817	114954240
1789607822	114954240
1789607827	114954240
1789607832	114954240
1789607837	114954240
1789607842	114954240
1789607847	114954240
1789607853	114954240
1789607858	114954240
1789607863	114954240
1789607868	114954240
1789607873	114954240
1789607878	114954240
1789607883	114954240
1789607888	114954240
1789607893	114954240
1789607898	114954240
1789607903	114954240
1789607908	114954240
1789607913	114954240
1789607918	114954240
1789607923	114954240
1789607928	114954240
1789607933	114954240
1789607938	114954240
1789607943	114954240
1789607948	114954240
1789607953	114954240
1789607958	114954240
1789607963	114954240
1789607968	114954240
1789607973	114954240
1789607978	114954240
1789607983	114954240
1789607988	114954240
1789607993	114954240
1789607998	114954240
1789608003	114954240
1789608008	114954240
1789608013	114954240
1789608018	114954240
1789608023	114954240
1789608028	114954240
1789608033	114954240
1789608038	114954240
1789608043	114954240
1789608048	114954240
1789608053	114954240
1789608058	114954240
1789608063	114954240
1789608068	114954240
1789608073	114954240
1789608078	114954240
1789608083	114954240
1789608088	114954240
1789608093	114954240
1789608098	114954240
1789608103	114954240
1789608108	114954240
1789608113	114954240
1789608118	114954240
1789608123	114954240
1789608128	114954240
1789608133	114954240
1789608138	114954240
1789608143	114954240
1789608148	114954240
1789608153	114954240
1789608158	114954240
1789608163	114954240
1789608168	114954240
1789608173	114954240
1789608178	114954240
1789608183	114954240
1789608188	114954240
1789608193	114954240
1789608198	114954240
1789608203	114954240
1789608208	114954240
1789608213	114954240
1789608218	114954240
1789608223	114954240
1789608228	114954240
1789608233	114954240
1789608238	114954240
1789608243	114954240
1789608248	114954240
1789608253	114954240
1789608258	114954240
1789608263	114954240
1789608268	114954240
1789608273	114954240
1789608278	114954240
1789608283	114954240
1789608288	114954240
1789608293	114954240
1789608298	114954240
1789608303	114954240
1789608308	114954240
1789608313	114954240
1789608318	114954240
1789608323	114954240
1789608328	114954240
1789608333	114954240
1789608338	114954240
1789608343	114954240
1789608348	114954240
1789608353	114954240
1789608358	114954240
1789608363	114954240
1789608368	114954240
1789608373	114954240
1789608378	114954240
1789608383	114954240
1789608388	114954240
1789608393	114954240
1789608398	114954240
1789608403	114954240
1789608408	114954240
1789608413	114954240
1789608418	114954240
1789608423	114954240
1789608428	114954240
1789608433	114954240
1789608438	114954240
1789608443	114954240
1789608448	114954240
1789608453	114954240
1789608458	114954240
1789608463	114954240
1789608468	114954240
1789608473	114954240
1789608478	114954240
1789608483	114954240
1789608488	114954240
1789608493	114954240
1789608498	114954240
1789608503	114954240
1789608508	114954240
1789608513	114954240
1789608518	114954240
1789608523	114954240
1789608528	114954240
1789608533	114954240
1789608538	114954240
1789608543	114954240
1789608548	114954240
1789608553	114954240
1789608558	114954240
1789608563	114954240
1789608568	114954240
1789608573	114954240
1789608579	114954240
1789608584	114954240
1789608589	114954240
1789608594	114954240
1789608599	114954240
1789608604	114954240
1789608609	114954240
1789608614	114954240
1789608619	114954240
1789608624	114954240
1789608629	114954240
1789608634	114954240
1789608639	114954240
1789608644	114954240
1789608649	114954240
1789608654	114954240
1789608659	114954240
1789608664	114954240
1789608669	114954240
1789608674	114954240
1789608679	114954240
1789608684	114954240
1789608689	114954240
1789608694	114954240
1789608699	114954240
1789608704	114954240
1789608709	114954240
1789608714	114954240
1789608719	114954240
1789608724	114954240
1789608729	114954240
1789608734	114954240
1789608739	114954240
1789608744	114954240
1789608749	114954240
1789608754	114954240
1789608759	114954240
1789608764	114954240
1789608769	114954240
1789608774	114954240
1789608779	114954240
1789608784	114954240
1789608789	114954240
1789608794	114954240
1789608799	114954240
1789608804	114954240
1789608809	114954240
1789608814	114954240
1789608819	114954240
1789608824	114954240
1789608829	114954240
1789608834	114954240
1789608839	114954240
1789608844	114954240
1789608849	114954240
1789608854	114954240
1789608859	114954240
1789608864	114954240
1789608869	114954240
1789608874	114954240
1789608879	114954240
1789608884	114954240
1789608889	114954240
1789608894	114954240
1789608899	114954240
1789608904	114954240
1789608909	114954240
1789608914	114954240
1789608919	114954240
1789608924	114954240
1789608929	114954240
1789608934	114954240
1789608939	114954240
1789608944	114954240
1789608949	114954240
1789608954	114954240
1789608959	114954240
1789608964	114954240
1789608969	114954240
1789608974	114954240
1789608979	114954240
1789608984	114954240
1789608989	114954240
1789608994	114954240
1789608999	114954240
1789609004	114954240
1789609009	114954240
1789609014	114954240
1789609019	114954240
1789609024	114954240
1789609029	114954240
1789609034	114954240
1789609039	114954240
1789609044	114954240
1789609049	114954240
1789609054	114954240
1789609059	114954240
1789609064	114954240
1789609069	114954240
1789609074	114954240
1789609079	114954240
1789609084	114954240
1789609089	114954240
1789609094	114954240
1789609099	114954240
1789609104	114954240
1789609109	114954240
1789609114	114954240
1789609119	114954240
1789609124	114954240
1789609129	114954240
1789609134	114954240
1789609139	114954240
1789609144	114954240
1789609149	114954240
1789609154	114954240
1789609159	114954240
1789609164	114954240
1789609169	114954240
1789609174	114954240
1789609179	114954240
1789609184	114954240
1789609189	114954240
1789609194	114954240
1789609199	114954240
1789609204	114954240
1789609209	114954240
1789609214	114954240
1789609219	114954240
1789609224	114954240
1789609229	114954240
1789609234	114954240
1789609239	114954240
1789609244	114954240
1789609249	114954240
1789609254	114954240
1789609259	114954240
1789609264	114954240
1789609269	114954240
1789609274	114954240
1789609279	114954240
1789609284	114954240
1789609289	114954240
1789609294	114954240
1789609299	114954240
1789609304	114954240
1789609309	114954240
1789609314	114954240
1789609319	114954240
1789609325	114954240
1789609330	114954240
1789609335	114954240
1789609340	114954240
1789609345	114954240
1789609350	114954240
1789609355	114954240
1789609360	114954240
1789609365	114954240
1789609370	114954240
1789609375	114954240
1789609380	114954240
1789609385	114954240
1789609390	114954240
1789609395	114954240
1789609400	114954240
1789609405	114954240
1789609410	114954240
1789609415	114954240
1789609420	114954240
1789609425	114954240
1789609430	114954240
1789609435	114954240
1789609440	114954240
1789609445	114954240
1789609450	114954240
1789609455	114954240
1789609460	114954240
1789609465	114954240
1789609470	114954240
1789609475	114954240
1789609480	114954240
1789609485	114954240
1789609490	114954240
1789609495	114954240
1789609500	114954240
1789609505	114954240
1789609510	114954240
1789609515	114954240
1789609520	114954240
1789609525	114954240
1789609530	114954240
1789609535	114954240
1789609540	114954240
1789609545	114954240
1789609550	114954240
1789609555	114954240
1789609560	114954240
1789609565	114954240
1789609570	114954240
1789609575	114954240
1789609580	114954240
1789609585	114954240
1789609590	114954240
1789609595	114954240
1789609600	114954240
1789609605	114954240
1789609610	114954240
1789609615	114954240
1789609620	114954240
1789609625	114954240
1789609630	114954240
1789609635	114954240
1789609640	114954240
1789609645	114954240
1789609650	114954240
1789609655	114954240
1789609660	114954240
1789609665	114954240
1789609670	114954240
1789609675	114954240
1789609680	114954240
1789609685	114954240
1789609690	114954240
1789609695	114954240
1789609700	114954240
1789609705	114954240
1789609710	114954240
1789609715	114954240
1789609720	114954240
1789609725	114954240
1789609730	114954240
1789609735	114954240
1789609740	114954240
1789609745	114954240
1789609750	114954240
1789609755	114954240
1789609760	114954240
1789609765	114954240
1789609770	114954240
1789609775	114954240
1789609780	114954240
1789609785	114954240
1789609790	114954240
1789609795	114954240
1789609800	114954240
1789609805	114954240
1789609810	114954240
1789609815	114954240
1789609820	114954240
1789609825	114954240
1789609830	114954240
1789609835	114954240
1789609840	114954240
1789609845	114954240
1789609850	114954240
1789609855	114954240
1789609860	114954240
1789609865	114954240
1789609870	114954240
1789609875	114954240
1789609880	114954240
1789609885	114954240
1789609890	114954240
1789609895	114954240
1789609900	114954240
1789609905	114954240
1789609910	114954240
1789609915	114954240
1789609920	114954240
1789609925	114954240
1789609930	114954240
1789609935	114954240
1789609940	114954240
1789609945	114954240
1789609950	114954240
1789609955	114954240
1789609960	114954240
1789609965	114954240
1789609970	114954240
1789609975	114954240
1789609980	114954240
1789609985	114954240
1789609990	114954240
1789609995	114954240
1789610000	114954240
1789610005	114954240
1789610010	114954240
1789610015	114954240
1789610020	114954240
1789610025	114954240
1789610030	114954240
1789610035	114954240
1789610040	114954240
1789610045	114954240
1789610050	114954240
1789610055	114954240
1789610061	114954240
1789610066	114954240
1789610071	114954240
1789610076	114954240
1789610081	114954240
1789610086	114954240
1789610091	114954240
1789610096	114954240
1789610101	114954240
1789610106	114954240
1789610111	114954240
1789610116	114954240
1789610121	114954240
1789610126	114954240
1789610131	114954240
1789610136	114954240
1789610141	114954240
1789610146	114954240
1789610151	114954240
1789610156	114954240
1789610161	114954240
1789610166	114954240
1789610171	114954240
1789610176	114954240
1789610181	114954240
1789610186	114954240
1789610191	114954240
1789610196	114954240
1789610201	114954240
1789610206	114954240
1789610211	114954240
1789610216	114954240
1789610221	114954240
1789610226	114954240
1789610231	114954240
1789610236	114954240
1789610241	114954240
1789610246	114954240
1789610251	114954240
1789610256	114954240
1789610261	114954240
1789610266	114954240
1789610271	114954240
1789610276	114954240
1789610281	114954240
1789610286	114954240
1789610291	114954240
1789610296	114954240
1789610301	114954240
1789610306	114954240
1789610311	114954240
1789610316	114954240
1789610321	114954240
1789610326	114954240
1789610331	114954240
1789610336	114954240
1789610341	114954240
1789610346	114954240
1789610351	114954240
1789610356	114954240
1789610361	114954240
1789610366	114954240
1789610371	114954240
1789610376	114954240
1789610381	114954240
1789610386	114954240
1789610391	114954240
1789610396	114954240
1789610401	114954240
1789610406	114954240
1789610411	114954240
1789610416	114954240
1789610421	114954240
1789610426	114954240
1789610431	114954240
1789610436	114954240
1789610441	114954240
1789610446	114954240
1789610451	114954240
1789610456	114954240
1789610461	114954240
1789610466	114954240
1789610471	114954240
1789610476	114954240
1789610481	114954240
1789610486	114954240
1789610491	114954240
1789610496	114954240
1789610501	114954240
1789610506	114954240
1789610511	114954240
1789610516	114954240
1789610521	114954240
1789610526	114954240
1789610531	114954240
1789610536	114954240
1789610541	114954240
1789610546	114954240
1789610551	114954240
1789610556	114954240
1789610561	114954240
1789610566	114954240
1789610571	114954240
1789610576	114954240
1789610581	114954240
1789610586	114954240
1789610591	114954240
1789610596	114954240
1789610601	114954240
1789610606	114954240
1789610611	114954240
1789610616	114954240
1789610621	114954240
1789610626	114954240
1789610631	114954240
1789610636	114954240
1789610641	114954240
1789610646	114954240
1789610651	114954240
1789610656	114954240
1789610661	114954240
1789610666	114954240
1789610671	114954240
1789610676	114954240
1789610681	114954240
1789610686	114954240
1789610691	114954240
1789610696	114954240
1789610701	114954240
1789610706	114954240
1789610711	114954240
1789610716	114954240
1789610721	114954240
1789610726	114954240
1789610731	114954240
1789610736	114954240
1789610741	114954240
1789610746	114954240
1789610751	114954240
1789610756	114954240
1789610761	114954240
1789610766	114954240
1789610771	114954240
1789610776	114954240
1789610781	114954240
1789610786	114954240
1789610792	114954240
1789610797	114954240
1789610802	114954240
1789610807	114954240
1789610812	114954240
1789610817	114954240
1789610822	114954240
1789610827	114954240
1789610832	114954240
1789610837	114954240
1789610842	114954240
1789610847	114954240
1789610852	114954240
1789610857	114954240
1789610862	114954240
1789610867	114954240
1789610872	114954240
1789610877	114954240
1789610882	114954240
1789610887	114954240
1789610892	114954240
1789610897	114954240
1789610902	114954240
1789610907	114954240
1789610912	114954240
1789610917	114954240
1789610922	114954240
1789610927	114954240
1789610932	114954240
1789610937	114954240
1789610942	114954240
1789610947	114954240
1789610952	114954240
1789610957	114954240
1789610962	114954240
1789610967	114954240
1789610972	114954240
1789610977	114954240
1789610982	114954240
1789610987	114954240
1789610992	114954240
1789610997	114954240
1789611002	114954240
1789611007	114954240
1789611012	114954240
1789611017	114954240
1789611022	114954240
1789611027	114954240
1789611032	114954240
1789611037	114954240
1789611042	114954240
1789611047	114954240
1789611052	114954240
1789611057	114954240
1789611062	114954240
1789611067	114954240
1789611072	114954240
1789611077	114954240
1789611082	114954240
1789611087	114954240
1789611092	114954240
1789611097	114954240
1789611102	114954240
1789611107	114954240
1789611112	114954240
1789611117	114954240
1789611122	114954240
1789611127	114954240
1789611132	114954240
1789611137	114954240
1789611142	114954240
1789611147	114954240
1789611152	114954240
1789611157	114954240
1789611162	114954240
1789611167	114954240
1789611172	114954240
1789611177	114954240
1789611182	114954240
1789611187	114954240
1789611192	114954240
1789611197	114954240
1789611202	114954240
1789611207	114954240
1789611212	114954240
1789611217	114954240
1789611222	114954240
1789611227	114954240
1789611232	114954240
1789611237	114954240
1789611242	114954240
1789611247	114954240
1789611252	114954240
1789611257	114954240
1789611262	114954240
1789611267	114954240
1789611272	114954240
1789611277	114954240
1789611282	114954240
1789611287	114954240
1789611292	114954240
1789611297	114954240
1789611302	114954240
1789611307	114954240
1789611312	114954240
1789611317	114954240
1789611322	114954240
1789611327	114954240
1789611332	114954240
1789611337	114954240
1789611342	114954240
1789611347	114954240
1789611352	114954240
1789611357	114954240
1789611362	114954240
1789611367	114954240
1789611372	114954240
1789611377	114954240
1789611382	114954240
1789611387	114954240
1789611392	114954240
1789611397	114954240
1789611402	114954240
1789611407	114954240
1789611412	114954240
1789611417	114954240
1789611422	114954240
1789611427	114954240
1789611432	114954240
1789611437	114954240
1789611442	114954240
1789611447	114954240
1789611452	114954240
1789611457	114954240
1789611462	114954240
1789611467	114954240
1789611472	114954240
1789611477	114954240
1789611482	114954240
1789611487	114954240
1789611492	114954240
1789611497	114954240
1789611502	114954240
1789611507	114954240
1789611512	114954240
1789611517	114954240
1789611523	114954240
1789611528	114954240
1789611533	114954240
1789611538	114954240
1789611543	114954240
1789611548	114954240
1789611553	114954240
1789611558	114954240
1789611563	114954240
1789611568	114954240
1789611573	114954240
1789611578	114954240
1789611583	114954240
1789611588	114954240
1789611593	114954240
1789611598	114954240
1789611603	114954240
1789611608	114954240
1789611613	114954240
1789611618	114954240
1789611623	114954240
1789611628	114954240
1789611633	114954240
1789611638	114954240
1789611643	114954240
1789611648	114954240
1789611653	114954240
1789611658	114954240
1789611663	114954240
1789611668	114954240
1789611673	114954240
1789611678	114954240
1789611683	114954240
1789611688	114954240
1789611693	114954240
1789611698	114954240
1789611703	114954240
1789611708	114954240
1789611713	114954240
1789611718	114954240
1789611723	114954240
1789611728	114954240
1789611733	114954240
1789611738	114954240
1789611743	114954240
1789611748	114954240
1789611753	114954240
1789611758	114954240
1789611763	114954240
1789611768	114954240
1789611773	114954240
1789611778	114954240
1789611783	114954240
1789611788	114954240
1789611793	114954240
1789611798	114954240
1789611803	114954240
1789611808	114954240
1789611813	114954240
1789611818	114954240
1789611823	114954240
1789611828	114954240
1789611833	114954240
1789611838	114954240
1789611843	114954240
1789611848	114954240
1789611853	114954240
1789611858	114954240
1789611863	114954240
1789611868	114954240
1789611873	114954240
1789611878	114954240
1789611883	114954240
1789611888	114954240
1789611893	114954240
1789611898	114954240
1789611903	114954240
1789611908	114954240
1789611913	114954240
1789611918	114954240
1789611923	114954240
1789611928	114954240
1789611933	114954240
1789611938	114954240
1789611943	114954240
1789611948	114954240
1789611953	114954240
1789611958	114954240
1789611963	114954240
1789611968	114954240
1789611973	114954240
1789611978	114954240
1789611983	114954240
1789611988	114954240
1789611993	114954240
1789611998	114954240
1789612003	114954240
1789612008	114954240
1789612013	114954240
1789612018	114954240
1789612023	114954240
1789612028	114954240
1789612033	114954240
1789612038	114954240
1789612043	114954240
1789612048	114954240
1789612053	114954240
1789612058	114954240
1789612063	114954240
1789612068	114954240
1789612073	114954240
1789612078	114954240
1789612083	114954240
1789612088	114954240
1789612093	114954240
1789612098	114954240
1789612103	114954240
1789612108	114954240
1789612113	114954240
1789612118	114954240
1789612123	114954240
1789612128	114954240
1789612133	114954240
1789612138	114954240
1789612143	114954240
1789612148	114954240
1789612153	114954240
1789612158	114954240
1789612163	114954240
1789612168	114954240
1789612173	114954240
1789612178	114954240
1789612183	114954240
1789612188	114954240
1789612193	114954240
1789612198	114954240
1789612203	114954240
1789612208	114954240
1789612213	114954240
1789612218	114954240
1789612223	114954240
1789612228	114954240
1789612233	114954240
1789612238	114954240
1789612243	114954240
1789612248	114954240
1789612253	114954240
1789612259	114954240
1789612264	114954240
1789612269	114954240
1789612274	114954240
1789612279	114954240
1789612284	114954240
1789612289	114954240
1789612294	114954240
1789612299	114954240
1789612304	114954240
1789612309	114954240
1789612314	114954240
1789612319	114954240
1789612324	114954240
1789612329	114954240
1789612334	114954240
1789612339	114954240
1789612344	114954240
1789612349	114954240
1789612354	114954240
1789612359	114954240
1789612364	114954240
1789612369	114954240
1789612374	114954240
1789612379	114954240
1789612384	114954240
1789612389	114954240
1789612394	114954240
1789612399	114954240
1789612404	114954240
1789612409	114954240
1789612414	114954240
1789612419	114954240
1789612424	114954240
1789612429	114954240
1789612434	114954240
1789612439	114954240
1789612444	114954240
1789612449	114954240
1789612454	114954240
1789612459	114954240
1789612464	114954240
1789612469	114954240
1789612474	114954240
1789612479	114954240
1789612484	114954240
1789612489	114954240
1789612494	114954240
1789612499	114954240
1789612504	114954240
1789612509	114954240
1789612514	114954240
1789612519	114954240
1789612524	114954240
1789612529	114954240
1789612534	114954240
1789612539	114954240
1789612544	114954240
1789612549	114954240
1789612554	114954240
1789612559	114954240
1789612564	114954240
1789612569	114954240
1789612574	114954240
1789612579	114954240
1789612584	114954240
1789612589	114954240
1789612594	114954240
1789612599	114954240
1789612604	114954240
1789612609	114954240
1789612614	114954240
1789612619	114954240
1789612624	114954240
1789612629	114954240
1789612634	114954240
1789612639	114954240
1789612644	114954240
1789612649	114954240
1789612654	114954240
1789612659	114954240
1789612664	114954240
1789612669	114954240
1789612674	114954240
1789612679	114954240
1789612684	114954240
1789612689	114954240
1789612694	114954240
1789612699	114954240
1789612704	114954240
1789612709	114954240
1789612714	114954240
1789612719	114954240
1789612724	114954240
1789612729	114954240
1789612734	114954240
1789612739	114954240
1789612744	114954240
1789612749	114954240
1789612754	114954240
1789612759	114954240
1789612764	114954240
1789612769	114954240
1789612774	114954240
1789612779	114954240
1789612784	114954240
1789612789	114954240
1789612794	114954240
1789612799	114954240
1789612804	114954240
1789612809	114954240
1789612814	114954240
1789612819	114954240
1789612824	114954240
1789612829	114954240
1789612834	114954240
1789612839	114954240
1789612844	114954240
1789612849	114954240
1789612854	114954240
1789612859	114954240
1789612864	114954240
1789612869	114954240
1789612874	114954240
1789612879	114954240
1789612884	114954240
1789612889	114954240
1789612894	114954240
1789612899	114954240
1789612904	114954240
1789612909	114954240
1789612914	114954240
1789612919	114954240
1789612924	114954240
1789612929	114954240
1789612934	114954240
1789612939	114954240
1789612944	114954240
1789612949	114954240
1789612954	114954240
1789612959	114954240
1789612964	114954240
1789612969	114954240
1789612974	114954240
1789612979	114954240
1789612984	114954240
1789612989	114954240
1789612994	114954240
1789613000	114954240
1789613005	114954240
1789613010	114954240
1789613015	114954240
1789613020	114954240
1789613025	114954240
1789613030	114954240
1789613035	114954240
1789613040	114954240
1789613045	114954240
1789613050	114954240
1789613055	114954240
1789613060	114954240
1789613065	114954240
1789613070	114954240
1789613075	114954240
1789613080	114954240
1789613085	114954240
1789613090	114954240
1789613095	114954240
1789613100	114954240
1789613105	114954240
1789613110	114954240
1789613115	114954240
1789613120	114954240
1789613125	114954240
1789613130	114954240
1789613135	114954240
1789613140	114954240
1789613145	114954240
1789613150	114954240
1789613155	114954240
1789613160	114954240
1789613165	114954240
1789613170	114954240
1789613175	114954240
1789613180	114954240
1789613185	114954240
1789613190	114954240
1789613195	114954240
1789613200	114954240
1789613205	114954240
1789613210	114954240
1789613215	114954240
1789613220	114954240
1789613225	114954240
1789613230	114954240
1789613235	114954240
1789613240	114954240
1789613245	114954240
1789613250	114954240
1789613255	114954240
1789613260	114954240
1789613265	114954240
1789613270	114954240
1789613275	114954240
1789613280	114954240
1789613285	114954240
1789613290	114954240
1789613295	114954240
1789613300	114954240
1789613305	114954240
1789613310	114954240
1789613315	114954240
1789613320	114954240
1789613325	114954240
1789613330	114954240
1789613335	114954240
1789613340	114954240
1789613345	114954240
1789613350	114954240
1789613355	114954240
1789613360	114954240
1789613365	114954240
1789613370	114954240
1789613375	114954240
1789613380	114954240
1789613385	114954240
1789613390	114954240
1789613395	114954240
1789613400	114954240
1789613405	114954240
1789613410	114954240
1789613415	114954240
1789613420	114954240
1789613425	114954240
1789613430	114954240
1789613435	114954240
1789613440	114954240
1789613445	114954240
1789613450	114954240
1789613455	114954240
1789613460	114954240
1789613465	114954240
1789613470	114954240
1789613475	114954240
1789613480	114954240
1789613485	114954240
1789613490	114954240
1789613495	114954240
1789613500	114954240
1789613505	114954240
1789613510	114954240
1789613515	114954240
1789613520	114954240
1789613525	114954240
1789613530	114954240
1789613535	114954240
1789613540	114954240
1789613545	114954240
1789613550	114954240
1789613555	114954240
1789613560	114954240
1789613565	114954240
1789613570	114954240
1789613575	114954240
1789613580	114954240
1789613585	114954240
1789613590	114954240
1789613595	114954240
1789613600	114954240
1789613605	114954240
1789613610	114954240
1789613615	114954240
1789613620	114954240
1789613625	114954240
1789613630	114954240
1789613635	114954240
1789613640	114954240
1789613645	114954240
1789613650	114954240
1789613655	114954240
1789613660	114954240
1789613665	114954240
1789613670	114954240
1789613675	114954240
1789613680	114954240
1789613685	114954240
1789613690	114954240
1789613695	114954240
1789613700	114954240
1789613705	114954240
1789613710	114954240
1789613715	114954240
1789613720	114954240
1789613725	114954240
1789613731	114954240
1789613736	114954240
1789613741	114954240
1789613746	114954240
1789613751	114954240
1789613756	114954240
1789613761	114954240
1789613766	114954240
1789613771	114954240
1789613776	114954240
1789613781	114954240
1789613786	114954240
1789613791	114954240
1789613796	114954240
1789613801	114954240
1789613806	114954240
1789613811	114954240
1789613816	114954240
1789613821	114954240
1789613826	114954240
1789613831	114954240
1789613836	114954240
1789613841	114954240
1789613846	114954240
1789613851	114954240
1789613856	114954240
1789613861	114954240
1789613866	114954240
1789613871	114954240
1789613876	114954240
1789613881	114954240
1789613886	114954240
1789613891	114954240
1789613896	114954240
1789613901	114954240
1789613906	114954240
1789613911	114954240
1789613916	114954240
1789613921	114954240
1789613926	114954240
1789613931	114954240
1789613936	114954240
1789613941	114954240
1789613946	114954240
1789613951	114954240
1789613956	114954240
1789613961	114954240
1789613966	114954240
1789613971	114954240
1789613976	114954240
1789613981	114954240
1789613986	114954240
1789613991	114954240
1789613996	114954240
1789614001	114954240
1789614006	114954240
1789614011	114954240
1789614016	114954240
1789614021	114954240
1789614026	114954240
1789614031	114954240
1789614036	114954240
1789614041	114954240
1789614046	114954240
1789614051	114954240
1789614056	114954240
1789614061	114954240
1789614066	114954240
1789614071	114954240
1789614076	114954240
1789614081	114954240
1789614086	114954240
1789614091	114954240
1789614096	114954240
1789614101	114954240
1789614106	114954240
1789614111	114954240
1789614116	114954240
1789614121	114954240
1789614126	114954240
1789614131	114954240
1789614136	114954240
1789614141	114954240
1789614146	114954240
1789614151	114954240
1789614156	114954240
1789614161	114954240
1789614166	114954240
1789614171	114954240
1789614176	114954240
1789614181	114954240
1789614186	114954240
1789614191	114954240
1789614196	114954240
1789614201	114954240
1789614206	114954240
1789614211	114954240
1789614216	114954240
1789614221	114954240
1789614226	114954240
1789614231	114954240
1789614236	114954240
1789614241	114954240
1789614246	114954240
1789614251	114954240
1789614256	114954240
1789614261	114954240
1789614266	114954240
1789614271	114954240
1789614276	114954240
1789614281	114954240
1789614286	114954240
1789614291	114954240
1789614296	114954240
1789614301	114954240
1789614306	114954240
1789614311	114954240
1789614316	114954240
1789614321	114954240
1789614326	114954240
1789614331	114954240
1789614336	114954240
1789614341	114954240
1789614346	114954240
1789614351	114954240
1789614356	114954240
1789614361	114954240
1789614366	114954240
1789614371	114954240
1789614376	114954240
1789614381	114954240
1789614386	114954240
1789614391	114954240
1789614396	114954240
1789614401	114954240
1789614406	114954240
1789614411	114954240
1789614416	114954240
1789614421	114954240
1789614426	114954240
1789614431	114954240
1789614436	114954240
1789614441	114954240
1789614446	114954240
1789614451	114954240
1789614456	114954240
1789614462	114954240
1789614467	114954240
1789614472	114954240
1789614477	114954240
1789614482	114954240
1789614487	114954240
1789614492	114954240
1789614497	114954240
1789614502	114954240
1789614507	114954240
1789614512	114954240
1789614517	114954240
1789614522	114954240
1789614527	114954240
1789614532	114954240
1789614537	114954240
1789614542	114954240
1789614547	114954240
1789614552	114954240
1789614557	114954240
1789614562	114954240
1789614567	114954240
1789614572	114954240
1789614577	114954240
1789614582	114954240
1789614587	114954240
1789614592	114954240
1789614597	114954240
1789614602	114954240
1789614607	114954240
1789614612	114954240
1789614617	114954240
1789614622	114954240
1789614627	114954240
1789614632	114954240
1789614637	114954240
1789614642	114954240
1789614647	114954240
1789614652	114954240
1789614657	114954240
1789614662	114954240
1789614667	114954240
1789614672	114954240
1789614677	114954240
1789614682	114954240
1789614687	114954240
1789614692	114954240
1789614697	114954240
1789614702	114954240
1789614707	114954240
1789614712	114954240
1789614717	114954240
1789614722	114954240
1789614727	114954240
1789614732	114954240
1789614737	114954240
1789614742	114954240
1789614747	114954240
1789614752	114954240
1789614757	114954240
1789614762	114954240
1789614767	114954240
1789614772	114954240
1789614777	114954240
1789614782	114954240
1789614787	114954240
1789614792	114954240
1789614797	114954240
1789614802	114954240
1789614807	114954240
1789614812	114954240
1789614817	114954240
1789614822	114954240
1789614827	114954240
1789614832	114954240
1789614837	114954240
1789614842	114954240
1789614847	114954240
1789614852	114954240
1789614857	114954240
1789614862	114954240
1789614867	114954240
1789614872	114954240
1789614877	114954240
1789614882	114954240
1789614887	114954240
1789614892	114954240
1789614897	114954240
1789614902	114954240
1789614907	114954240
1789614912	114954240
1789614917	114954240
1789614922	114954240
1789614927	114954240
1789614932	114954240
1789614937	114954240
1789614942	114954240
1789614947	114954240
1789614952	114954240
1789614957	114954240
1789614962	114954240
1789614967	114954240
1789614972	114954240
1789614977	114954240
1789614982	114954240
1789614987	114954240
1789614992	114954240
1789614997	114954240
1789615002	114954240
1789615007	114954240
1789615012	114954240
1789615017	114954240
1789615022	114954240
1789615027	114954240
1789615032	114954240
1789615037	114954240
1789615042	114954240
1789615047	114954240
1789615052	114954240
1789615057	114954240
1789615062	114954240
1789615067	114954240
1789615072	114954240
1789615077	114954240
1789615082	114954240
1789615087	114954240
1789615092	114954240
1789615097	114954240
1789615102	114954240
1789615107	114954240
1789615112	114954240
1789615117	114954240
1789615122	114954240
1789615127	114954240
1789615132	114954240
1789615137	114954240
1789615142	114954240
1789615147	114954240
1789615152	114954240
1789615157	114954240
1789615162	114954240
1789615167	114954240
1789615172	114954240
1789615177	114954240
1789615182	114954240
1789615187	114954240
1789615193	114954240
1789615198	114954240
1789615203	114954240
1789615208	114954240
1789615213	114954240
1789615218	114954240
1789615223	114954240
1789615228	114954240
1789615233	114954240
1789615238	114954240
1789615243	114954240
1789615248	114954240
1789615253	114954240
1789615258	114954240
1789615263	114954240
1789615268	114954240
1789615273	114954240
1789615278	114954240
1789615283	114954240
1789615288	114954240
1789615293	114954240
1789615298	114954240
1789615303	114954240
1789615308	114954240
1789615313	114954240
1789615318	114954240
1789615323	114954240
1789615328	114954240
1789615333	114954240
1789615338	114954240
1789615343	114954240
1789615348	114954240
1789615353	114954240
1789615358	114954240
1789615363	114954240
1789615368	114954240
1789615373	114954240
1789615378	114954240
1789615383	114954240
1789615388	114954240
1789615393	114954240
1789615398	114954240
1789615403	114954240
1789615408	114954240
1789615413	114954240
1789615418	114954240
1789615423	114954240
1789615428	114954240
1789615433	114954240
1789615438	114954240
1789615443	114954240
1789615448	114954240
1789615453	114954240
1789615458	114954240
1789615463	114954240
1789615468	114954240
1789615473	114954240
1789615478	114954240
1789615483	114954240
1789615488	114954240
1789615493	114954240
1789615498	114954240
1789615503	114954240
1789615508	114954240
1789615513	114954240
1789615518	114954240
1789615523	114954240
1789615528	114954240
1789615533	114954240
1789615538	114954240
1789615543	114954240
1789615548	114954240
1789615553	114954240
1789615558	114954240
1789615563	114954240
1789615568	114954240
1789615573	114954240
1789615578	114954240
1789615583	114954240
1789615588	114954240
1789615593	114954240
1789615598	114954240
1789615603	114954240
1789615608	114954240
1789615613	114954240
1789615618	114954240
1789615623	114954240
1789615628	114954240
1789615633	114954240
1789615638	114954240
1789615643	114954240
1789615648	114954240
1789615653	114954240
1789615658	114954240
1789615663	114954240
1789615668	114954240
1789615673	114954240
1789615678	114954240
1789615683	114954240
1789615688	114954240
1789615693	114954240
1789615698	114954240
1789615703	114954240
1789615708	114954240
1789615713	114954240
1789615718	114954240
1789615723	114954240
1789615728	114954240
1789615733	114954240
1789615738	114954240
1789615743	114954240
1789615748	114954240
1789615753	114954240
1789615758	114954240
1789615763	114954240
1789615768	114954240
1789615773	114954240
1789615778	114954240
1789615783	114954240
1789615788	114954240
1789615793	114954240
1789615798	114954240
1789615803	114954240
1789615808	114954240
1789615813	114954240
1789615818	114954240
1789615823	114954240
1789615828	114954240
1789615833	114954240
1789615838	114954240
1789615843	114954240
1789615848	114954240
1789615853	114954240
1789615858	114954240
1789615863	114954240
1789615868	114954240
1789615873	114954240
1789615878	114954240
1789615883	114954240
1789615888	114954240
1789615893	114954240
1789615898	114954240
1789615903	114954240
1789615908	114954240
1789615913	114954240
1789615918	114954240
1789615924	114954240
1789615929	114954240
1789615934	114954240
1789615939	114954240
1789615944	114954240
1789615949	114954240
1789615954	114954240
1789615959	114954240
1789615964	114954240
1789615969	114954240
1789615974	114954240
1789615979	114954240
1789615984	114954240
1789615989	114954240
1789615994	114954240
1789615999	114954240
1789616004	114954240
1789616009	114954240
1789616014	114954240
1789616019	114954240
1789616024	114954240
1789616029	114954240
1789616034	114954240
1789616039	114954240
1789616044	114954240
1789616049	114954240
1789616054	114954240
1789616059	114954240
1789616064	114954240
1789616069	114954240
1789616074	114954240
1789616079	114954240
1789616084	114954240
1789616089	114954240
1789616094	114954240
1789616099	114954240
1789616104	114954240
1789616109	114954240
1789616114	114954240
1789616119	114954240
1789616124	114954240
1789616129	114954240
1789616134	114954240
1789616139	114954240
1789616144	114954240
1789616149	114954240
1789616154	114954240
1789616159	114954240
1789616164	114954240
1789616169	114954240
1789616174	114954240
1789616179	114954240
1789616184	114954240
1789616189	114954240
1789616194	114954240
1789616199	114954240
1789616204	114954240
1789616209	114954240
1789616214	114954240
1789616219	114954240
1789616224	114954240
1789616229	114954240
1789616234	114954240
1789616239	114954240
1789616244	114954240
1789616249	114954240
1789616254	114954240
1789616259	114954240
1789616264	114954240
1789616269	114954240
1789616274	114954240
1789616279	114954240
1789616284	114954240
1789616289	114954240
1789616294	114954240
1789616299	114954240
1789616304	114954240
1789616309	114954240
1789616314	114954240
1789616319	114954240
1789616324	114954240
1789616329	114954240
1789616334	114954240
1789616339	114954240
1789616344	114954240
1789616349	114954240
1789616354	114954240
1789616359	114954240
1789616364	114954240
1789616369	114954240
1789616374	114954240
1789616379	114954240
1789616384	114954240
1789616389	114954240
1789616394	114954240
1789616399	114954240
1789616404	114954240
1789616409	114954240
1789616414	114954240
1789616419	114954240
1789616424	114954240
1789616429	114954240
1789616434	114954240
1789616439	114954240
1789616444	114954240
1789616449	114954240
1789616454	114954240
1789616459	114954240
1789616464	114954240
1789616469	114954240
1789616474	114954240
1789616479	114954240
1789616484	114954240
1789616489	114954240
1789616494	114954240
1789616499	114954240
1789616504	114954240
1789616509	114954240
1789616514	114954240
1789616519	114954240
1789616524	114954240
1789616529	114954240
1789616534	114954240
1789616539	114954240
1789616544	114954240
1789616549	114954240
1789616554	114954240
1789616559	114954240
1789616564	114954240
1789616569	114954240
1789616574	114954240
1789616579	114954240
1789616584	114954240
1789616589	114954240
1789616594	114954240
1789616599	114954240
1789616604	114954240
1789616609	114954240
1789616614	114954240
1789616619	114954240
1789616624	114954240
1789616629	114954240
1789616634	114954240
1789616639	114954240
1789616644	114954240
1789616649	114954240
1789616654	114954240
1789616659	114954240
1789616664	114954240
1789616670	114954240
1789616675	114954240
1789616680	114954240
1789616685	114954240
1789616690	114954240
1789616695	114954240
1789616700	114954240
1789616705	114954240
1789616710	114954240
1789616715	114954240
1789616720	114954240
1789616725	114954240
1789616730	114954240
1789616735	114954240
1789616740	114954240
1789616745	114954240
1789616750	114954240
1789616755	114954240
1789616760	114954240
1789616765	114954240
1789616770	114954240
1789616775	114954240
1789616780	114954240
1789616785	114954240
1789616790	114954240
1789616795	114954240
1789616800	114954240
1789616805	114954240
1789616810	114954240
1789616815	114954240
1789616820	114954240
1789616825	114954240
1789616830	114954240
1789616835	114954240
1789616840	114954240
1789616845	114954240
1789616850	114954240
1789616855	114954240
1789616860	114954240
1789616865	114954240
1789616870	114954240
1789616875	114954240
1789616880	114954240
1789616885	114954240
1789616890	114954240
1789616895	114954240
1789616900	114954240
1789616905	114954240
1789616910	114954240
1789616915	114954240
1789616920	114954240
1789616925	114954240
1789616930	114954240
1789616935	114954240
1789616940	114954240
1789616945	114954240
1789616950	114954240
1789616955	114954240
1789616960	114954240
1789616965	114954240
1789616970	114954240
1789616975	114954240
1789616980	114954240
1789616985	114954240
1789616990	114954240
1789616995	114954240
1789617000	114954240
1789617005	114954240
1789617010	114954240
1789617015	114954240
1789617020	114954240
1789617025	114954240
1789617030	114954240
1789617035	114954240
1789617040	114954240
1789617045	114954240
1789617050	114954240
1789617055	114954240
1789617060	114954240
1789617065	114954240
1789617070	114954240
1789617075	114954240
1789617080	114954240
1789617085	114954240
1789617090	114954240
1789617095	114954240
1789617100	114954240
1789617105	114954240
1789617110	114954240
1789617115	114954240
1789617120	114954240
1789617125	114954240
1789617130	114954240
1789617135	114954240
1789617140	114954240
1789617145	114954240
1789617150	114954240
1789617155	114954240
1789617160	114954240
1789617165	114954240
1789617170	114954240
1789617175	114954240
1789617180	114954240
1789617185	114954240
1789617190	114954240
1789617195	114954240
1789617200	114954240
1789617205	114954240
1789617210	114954240
1789617215	114954240
1789617220	114954240
1789617225	114954240
1789617230	114954240
1789617235	114954240
1789617240	114954240
1789617245	114954240
1789617250	114954240
1789617255	114954240
1789617260	114954240
1789617265	114954240
1789617270	114954240
1789617275	114954240
1789617280	114954240
1789617285	114954240
1789617290	114954240
1789617295	114954240
1789617300	114954240
1789617305	114954240
1789617310	114954240
1789617315	114954240
1789617320	114954240
1789617325	114954240
1789617330	114954240
1789617335	114954240
1789617340	114954240
1789617345	114954240
1789617350	114954240
1789617355	114954240
1789617360	114954240
1789617365	114954240
1789617370	114954240
1789617375	114954240
1789617380	114954240
1789617385	114954240
1789617390	114954240
1789617395	114954240
1789617400	114954240
1789617406	114954240
1789617411	114954240
1789617416	114954240
1789617421	114954240
1789617426	114954240
1789617431	114954240
1789617436	114954240
1789617441	114954240
1789617446	114954240
1789617451	114954240
1789617456	114954240
1789617461	114954240
1789617466	114954240
1789617471	114954240
1789617476	114954240
1789617481	114954240
1789617486	114954240
1789617491	114954240
1789617496	114954240
1789617501	114954240
1789617506	114954240
1789617511	114954240
1789617516	114954240
1789617521	114954240
1789617526	114954240
1789617531	114954240
1789617536	114954240
1789617541	114954240
1789617546	114954240
1789617551	114954240
1789617556	114954240
1789617561	114954240
1789617566	114954240
1789617571	114954240
1789617576	114954240
1789617581	114954240
1789617586	114954240
1789617591	114954240
1789617596	114954240
1789617601	114954240
1789617606	114954240
1789617611	114954240
1789617616	114954240
1789617621	114954240
1789617626	114954240
1789617631	114954240
1789617636	114954240
1789617641	114954240
1789617646	114954240
1789617651	114954240
1789617656	114954240
1789617661	114954240
1789617666	114954240
1789617671	114954240
1789617676	114954240
1789617681	114954240
1789617686	114954240
1789617691	114954240
1789617696	114954240
1789617701	114954240
1789617706	114954240
1789617711	114954240
1789617716	114954240
1789617721	114954240
1789617726	114954240
1789617731	114954240
1789617736	114954240
1789617741	114954240
1789617746	114954240
1789617751	114954240
1789617756	114954240
1789617761	114954240
1789617766	114954240
1789617771	114954240
1789617776	114954240
1789617781	114954240
1789617786	114954240
1789617791	114954240
1789617796	114954240
1789617801	114954240
1789617806	114954240
1789617811	114954240
1789617816	114954240
1789617821	114954240
1789617826	114954240
1789617831	114954240
1789617836	114954240
1789617841	114954240
1789617846	114954240
1789617851	114954240
1789617856	114954240
1789617861	114954240
1789617866	114954240
1789617871	114954240
1789617876	114954240
1789617881	114954240
1789617886	114954240
1789617891	114954240
1789617896	114954240
1789617901	114954240
1789617906	114954240
1789617911	114954240
1789617916	114954240
1789617921	114954240
1789617926	114954240
1789617931	114954240
1789617936	114954240
1789617941	114954240
1789617946	114954240
1789617951	114954240
1789617956	114954240
1789617961	114954240
1789617966	114954240
1789617971	114954240
1789617976	114954240
1789617981	114954240
1789617986	114954240
1789617991	114954240
1789617996	114954240
1789618001	114954240
1789618006	114954240
1789618011	114954240
1789618016	114954240
1789618021	114954240
1789618026	114954240
1789618031	114954240
1789618036	114954240
1789618041	114954240
1789618046	114954240
1789618051	114954240
1789618056	114954240
1789618061	114954240
1789618066	114954240
1789618071	114954240
1789618076	114954240
1789618081	114954240
1789618086	114954240
1789618091	114954240
1789618096	114954240
1789618101	114954240
1789618106	114954240
1789618111	114954240
1789618116	114954240
1789618121	114954240
1789618126	114954240
1789618131	114954240
1789618136	114954240
1789618142	114954240
1789618147	114954240
1789618152	114954240
1789618157	114954240
1789618162	114954240
1789618167	114954240
1789618172	114954240
1789618177	114954240
1789618182	114954240
1789618187	114954240
1789618192	114954240
1789618197	114954240
1789618202	114954240
1789618207	114954240
1789618212	114954240
1789618217	114954240
1789618222	114954240
1789618227	114954240
1789618232	114954240
1789618237	114954240
1789618242	114954240
1789618247	114954240
1789618252	114954240
1789618257	114954240
1789618262	114954240
1789618267	114954240
1789618272	114954240
1789618277	114954240
1789618282	114954240
1789618287	114954240
1789618292	114954240
1789618297	114954240
1789618302	114954240
1789618307	114954240
1789618312	114954240
1789618317	114954240
1789618322	114954240
1789618327	114954240
1789618332	114954240
1789618337	114954240
1789618342	114954240
1789618347	114954240
1789618352	114954240
1789618357	114954240
1789618362	114954240
1789618367	114954240
1789618372	114954240
1789618377	114954240
1789618382	114954240
1789618387	114954240
1789618392	114954240
1789618397	114954240
1789618402	114954240
1789618407	114954240
1789618412	114954240
1789618417	114954240
1789618422	114954240
1789618427	114954240
1789618432	114954240
1789618437	114954240
1789618442	114954240
1789618447	114954240
1789618452	114954240
1789618457	114954240
1789618462	114954240
1789618467	114954240
1789618472	114954240
1789618477	114954240
1789618482	114954240
1789618487	114954240
1789618492	114954240
1789618497	114954240
1789618502	114954240
1789618507	114954240
1789618512	114954240
1789618517	114954240
1789618522	114954240
1789618527	114954240
1789618532	114954240
1789618537	114954240
1789618542	114954240
1789618547	114954240
1789618552	114954240
1789618557	114954240
1789618562	114954240
1789618567	114954240
1789618572	114954240
1789618577	114954240
1789618582	114954240
1789618587	114954240
1789618592	114954240
1789618597	114954240
1789618602	114954240
1789618607	114954240
1789618612	114954240
1789618617	114954240
1789618622	114954240
1789618627	114954240
1789618632	114954240
1789618637	114954240
1789618642	114954240
1789618647	114954240
1789618652	114954240
1789618657	114954240
1789618662	114954240
1789618667	114954240
1789618672	114954240
1789618677	114954240
1789618682	114954240
1789618687	114954240
1789618692	114954240
1789618697	114954240
1789618702	114954240
1789618707	114954240
1789618712	114954240
1789618717	114954240
1789618722	114954240
1789618727	114954240
1789618732	114954240
1789618737	114954240
1789618742	114954240
1789618747	114954240
1789618752	114954240
1789618757	114954240
1789618762	114954240
1789618767	114954240
1789618772	114954240
1789618777	114954240
1789618782	114954240
1789618787	114954240
1789618792	114954240
1789618797	114954240
1789618802	114954240
1789618807	114954240
1789618812	114954240
1789618817	114954240
1789618822	114954240
1789618827	114954240
1789618832	114954240
1789618837	114954240
1789618842	114954240
1789618847	114954240
1789618852	114954240
1789618857	114954240
1789618862	114954240
1789618868	114954240
1789618873	114954240
1789618878	114954240
1789618883	114954240
1789618888	114954240
1789618893	114954240
1789618898	114954240
1789618903	114954240
1789618908	114954240
1789618913	114954240
1789618918	114954240
1789618923	114954240
1789618928	114954240
1789618933	114954240
1789618938	114954240
1789618943	114954240
1789618948	114954240
1789618953	114954240
1789618958	114954240
1789618963	114954240
1789618968	114954240
1789618973	114954240
1789618978	114954240
1789618983	114954240
1789618988	114954240
1789618993	114954240
1789618998	114954240
1789619003	114954240
1789619008	114954240
1789619013	114954240
1789619018	114954240
1789619023	114954240
1789619028	114954240
1789619033	114954240
1789619038	114954240
1789619043	114954240
1789619048	114954240
1789619053	114954240
1789619058	114954240
1789619063	114954240
1789619068	114954240
1789619073	114954240
1789619078	114954240
1789619083	114954240
1789619088	114954240
1789619093	114954240
1789619098	114954240
1789619103	114954240
1789619108	114954240
1789619113	114954240
1789619118	114954240
1789619123	114954240
1789619128	114954240
1789619133	114954240
1789619138	114954240
1789619143	114954240
1789619148	114954240
1789619153	114954240
1789619158	114954240
1789619163	114954240
1789619168	114954240
1789619173	114954240
1789619178	114954240
1789619183	114954240
1789619188	114954240
1789619193	114954240
1789619198	114954240
1789619203	114954240
1789619208	114954240
1789619213	114954240
1789619218	114954240
1789619223	114954240
1789619228	114954240
1789619233	114954240
1789619238	114954240
1789619243	114954240
1789619248	114954240
1789619253	114954240
1789619258	114954240
1789619263	114954240
1789619268	114954240
1789619273	114954240
1789619278	114954240
1789619283	114954240
1789619288	114954240
1789619293	114954240
1789619298	114954240
1789619303	114954240
1789619308	114954240
1789619313	114954240
1789619318	114954240
1789619323	114954240
1789619328	114954240
1789619333	114954240
1789619338	114954240
1789619343	114954240
1789619348	114954240
1789619353	114954240
1789619358	114954240
1789619363	114954240
1789619368	114954240
1789619373	114954240
1789619378	114954240
1789619383	114954240
1789619388	114954240
1789619393	114954240
1789619398	114954240
1789619403	114954240
1789619408	114954240
1789619413	114954240
1789619418	114954240
1789619423	114954240
1789619428	114954240
1789619433	114954240
1789619438	114954240
1789619443	114954240
1789619448	114954240
1789619453	114954240
1789619458	114954240
1789619463	114954240
1789619468	114954240
1789619473	114954240
1789619478	114954240
1789619483	114954240
1789619488	114954240
1789619493	114954240
1789619498	114954240
1789619503	114954240
1789619508	114954240
1789619513	114954240
1789619518	114954240
1789619523	114954240
1789619528	114954240
1789619533	114954240
1789619538	114954240
1789619543	114954240
1789619548	114954240
1789619553	114954240
1789619558	114954240
1789619563	114954240
1789619568	114954240
1789619573	114954240
1789619578	114954240
1789619583	114954240
1789619588	114954240
1789619594	114954240
1789619599	114954240
1789619604	114954240
1789619609	114954240
1789619614	114954240
1789619619	114954240
1789619624	114954240
1789619629	114954240
1789619634	114954240
1789619639	114954240
1789619644	114954240
1789619649	114954240
1789619654	114954240
1789619659	114954240
1789619664	114954240
1789619669	114954240
1789619674	114954240
1789619679	114954240
1789619684	114954240
1789619689	114954240
1789619694	114954240
1789619699	114954240
1789619704	114954240
1789619709	114954240
1789619714	114954240
1789619719	114954240
1789619724	114954240
1789619729	114954240
1789619734	114954240
1789619739	114954240
1789619744	114954240
1789619749	114954240
1789619754	114954240
1789619759	114954240
1789619764	114954240
1789619769	114954240
1789619774	114954240
1789619779	114954240
1789619784	114954240
1789619789	114954240
1789619794	114954240
1789619799	114954240
1789619804	114954240
1789619809	114954240
1789619814	114954240
1789619819	114954240
1789619824	114954240
1789619829	114954240
1789619834	114954240
1789619839	114954240
1789619844	114954240
1789619849	114954240
1789619854	114954240
1789619859	114954240
1789619864	114954240
1789619869	114954240
1789619874	114954240
1789619879	114954240
1789619884	114954240
1789619889	114954240
1789619894	114954240
1789619899	114954240
1789619904	114954240
1789619909	114954240
1789619914	114954240
1789619919	114954240
1789619924	114954240
1789619929	114954240
1789619934	114954240
1789619939	114954240
1789619944	114954240
1789619949	114954240
1789619954	114954240
1789619959	114954240
1789619964	114954240
1789619969	114954240
1789619974	114954240
1789619979	114954240
1789619984	114954240
1789619989	114954240
1789619994	114954240
1789619999	114954240
1789620004	114954240
1789620009	114954240
1789620014	114954240
1789620019	114954240
1789620024	114954240
1789620029	114954240
1789620034	114954240
1789620039	114954240
1789620044	114954240
1789620049	114954240
1789620054	114954240
1789620059	114954240
1789620064	114954240
1789620069	114954240
1789620074	114954240
1789620079	114954240
1789620084	114954240
1789620089	114954240
1789620094	114954240
1789620099	114954240
1789620104	114954240
1789620109	114954240
1789620114	114954240
1789620119	114954240
1789620124	114954240
1789620129	114954240
1789620134	114954240
1789620139	114954240
1789620144	114954240
1789620149	114954240
1789620154	114954240
1789620159	114954240
1789620164	114954240
1789620169	114954240
1789620174	114954240
1789620179	114954240
1789620184	114954240
1789620189	114954240
1789620194	114954240
1789620199	114954240
1789620204	114954240
1789620209	114954240
1789620214	114954240
1789620219	114954240
1789620224	114954240
1789620229	114954240
1789620234	114954240
1789620239	114954240
1789620244	114954240
1789620249	114954240
1789620254	114954240
1789620259	114954240
1789620264	114954240
1789620269	114954240
1789620274	114954240
1789620279	114954240
1789620284	114954240
1789620289	114954240
1789620294	114954240
1789620299	114954240
1789620304	114954240
1789620309	114954240
1789620314	114954240
1789620319	114954240
1789620324	114954240
1789620329	114954240
1789620335	114954240
1789620340	114954240
1789620345	114954240
1789620350	114954240
1789620355	114954240
1789620360	114954240
1789620365	114954240
1789620370	114954240
1789620375	114954240
1789620380	114954240
1789620385	114954240
1789620390	114954240
1789620395	114954240
1789620400	114954240
1789620405	114954240
1789620410	114954240
1789620415	114954240
1789620420	114954240
1789620425	114954240
1789620430	114954240
1789620435	114954240
1789620440	114954240
1789620445	114954240
1789620450	114954240
1789620455	114954240
1789620460	114954240
1789620465	114954240
1789620470	114954240
1789620475	114954240
1789620480	114954240
1789620485	114954240
1789620490	114954240
1789620495	114954240
1789620500	114954240
1789620505	114954240
1789620510	114954240
1789620515	114954240
1789620520	114954240
1789620525	114954240
1789620530	114954240
1789620535	114954240
1789620540	114954240
1789620545	114954240
1789620550	114954240
1789620555	114954240
1789620560	114954240
1789620565	114954240
1789620570	114954240
1789620575	114954240
1789620580	114954240
1789620585	114954240
1789620590	114954240
1789620595	114954240
1789620600	114954240
1789620605	114954240
1789620610	114954240
1789620615	114954240
1789620620	114954240
1789620625	114954240
1789620630	114954240
1789620635	114954240
1789620640	114954240
1789620645	114954240
1789620650	114954240
1789620655	114954240
1789620660	114954240
1789620665	114954240
1789620670	114954240
1789620675	114954240
1789620680	114954240
1789620685	114954240
1789620690	114954240
1789620695	114954240
1789620700	114954240
1789620705	114954240
1789620710	114954240
1789620715	114954240
1789620720	114954240
1789620725	114954240
1789620730	114954240
1789620735	114954240
1789620740	114954240
1789620745	114954240
1789620750	114954240
1789620755	114954240
1789620760	114954240
1789620765	114954240
1789620770	114954240
1789620775	114954240
1789620780	114954240
1789620785	114954240
1789620790	114954240
1789620795	114954240
1789620800	114954240
1789620805	114954240
1789620810	114954240
1789620815	114954240
1789620820	114954240
1789620825	114954240
1789620830	114954240
1789620835	114954240
1789620840	114954240
1789620845	114954240
1789620850	114954240
1789620855	114954240
1789620860	114954240
1789620865	114954240
1789620870	114954240
1789620875	114954240
1789620880	114954240
1789620885	114954240
1789620890	114954240
1789620895	114954240
1789620900	114954240
1789620905	114954240
1789620910	114954240
1789620915	114954240
1789620920	114954240
1789620925	114954240
1789620930	114954240
1789620935	114954240
1789620940	114954240
1789620945	114954240
1789620950	114954240
1789620955	114954240
1789620960	114954240
1789620965	114954240
1789620970	114954240
1789620975	114954240
1789620980	114954240
1789620985	114954240
1789620990	114954240
1789620995	114954240
1789621000	114954240
1789621005	114954240
1789621010	114954240
1789621015	114954240
1789621020	114954240
1789621025	114954240
1789621030	114954240
1789621035	114954240
1789621040	114954240
1789621045	114954240
1789621050	114954240
1789621055	114954240
1789621060	114954240
1789621066	114954240
1789621071	114954240
1789621076	114954240
1789621081	114954240
1789621086	114954240
1789621091	114954240
1789621096	114954240
1789621101	114954240
1789621106	114954240
1789621111	114954240
1789621116	114954240
1789621121	114954240
1789621126	114954240
1789621131	114954240
1789621136	114954240
1789621141	114954240
1789621146	114954240
1789621151	114954240
1789621156	114954240
1789621161	114954240
1789621166	114954240
1789621171	114954240
1789621176	114954240
1789621181	114954240
1789621186	114954240
1789621191	114954240
1789621196	114954240
1789621201	114954240
1789621206	114954240
1789621211	114954240
1789621216	114954240
1789621221	114954240
1789621226	114954240
1789621231	114954240
1789621236	114954240
1789621241	114954240
1789621246	114954240
1789621251	114954240
1789621256	114954240
1789621261	114954240
1789621266	114954240
1789621271	114954240
1789621276	114954240
1789621281	114954240
1789621286	114954240
1789621291	114954240
1789621296	114954240
1789621301	114954240
1789621306	114954240
1789621311	114954240
1789621316	114954240
1789621321	114954240
1789621326	114954240
1789621331	114954240
1789621336	114954240
1789621341	114954240
1789621346	114954240
1789621351	114954240
1789621356	114954240
1789621361	114954240
1789621366	114954240
1789621371	114954240
1789621376	114954240
1789621381	114954240
1789621386	114954240
1789621391	114954240
1789621396	114954240
1789621401	114954240
1789621406	114954240
1789621411	114954240
1789621416	114954240
1789621421	114954240
1789621426	114954240
1789621431	114954240
1789621436	114954240
1789621441	114954240
1789621446	114954240
1789621451	114954240
1789621456	114954240
1789621461	114954240
1789621466	114954240
1789621471	114954240
1789621476	114954240
1789621481	114954240
1789621486	114954240
1789621491	114954240
1789621496	114954240
1789621501	114954240
1789621506	114954240
1789621511	114954240
1789621516	114954240
1789621521	114954240
1789621526	114954240
1789621531	114954240
1789621536	114954240
1789621541	114954240
1789621546	114954240
1789621551	114954240
1789621556	114954240
1789621561	114954240
1789621566	114954240
1789621571	114954240
1789621576	114954240
1789621581	114954240
1789621586	114954240
1789621591	114954240
1789621596	114954240
1789621601	114954240
1789621606	114954240
1789621611	114954240
1789621616	114954240
1789621621	114954240
1789621626	114954240
1789621631	114954240
1789621636	114954240
1789621641	114954240
1789621646	114954240
1789621651	114954240
1789621656	114954240
1789621661	114954240
1789621666	114954240
1789621671	114954240
1789621676	114954240
1789621681	114954240
1789621686	114954240
1789621691	114954240
1789621696	114954240
1789621701	114954240
1789621706	114954240
1789621711	114954240
1789621716	114954240
1789621721	114954240
1789621726	114954240
1789621731	114954240
1789621736	114954240
1789621741	114954240
1789621746	114954240
1789621751	114954240
1789621756	114954240
1789621761	114954240
1789621766	114954240
1789621771	114954240
1789621776	114954240
1789621781	114954240
1789621786	114954240
1789621791	114954240
1789621796	114954240
1789621802	114954240
1789621807	114954240
1789621812	114954240
1789621817	114954240
1789621822	114954240
1789621827	114954240
1789621832	114954240
1789621837	114954240
1789621842	114954240
1789621847	114954240
1789621852	114954240
1789621857	114954240
1789621862	114954240
1789621867	114954240
1789621872	114954240
1789621877	114954240
1789621882	114954240
1789621887	114954240
1789621892	114954240
1789621897	114954240
1789621902	114954240
1789621907	114954240
1789621912	114954240
1789621917	114954240
1789621922	114954240
1789621927	114954240
1789621932	114954240
1789621937	114954240
1789621942	114954240
1789621947	114954240
1789621952	114954240
1789621957	114954240
1789621962	114954240
1789621967	114954240
1789621972	114954240
1789621977	114954240
1789621982	114954240
1789621987	114954240
1789621992	114954240
1789621997	114954240
1789622002	114954240
1789622007	114954240
1789622012	114954240
1789622017	114954240
1789622022	114954240
1789622027	114954240
1789622032	114954240
1789622037	114954240
1789622042	114954240
1789622047	114954240
1789622052	114954240
1789622057	114954240
1789622062	114954240
1789622067	114954240
1789622072	114954240
1789622077	114954240
1789622082	114954240
1789622087	114954240
1789622092	114954240
1789622097	114954240
1789622102	114954240
1789622107	114954240
1789622112	114954240
1789622117	114954240
1789622122	114954240
1789622127	114954240
1789622132	114954240
1789622137	114954240
1789622142	114954240
1789622147	114954240
1789622152	114954240
1789622157	114954240
1789622162	114954240
1789622167	114954240
1789622172	114954240
1789622177	114954240
1789622182	114954240
1789622187	114954240
1789622192	114954240
1789622197	114954240
1789622202	114954240
1789622207	114954240
1789622212	114954240
1789622217	114954240
1789622222	114954240
1789622227	114954240
1789622232	114954240
1789622237	114954240
1789622242	114954240
1789622247	114954240
1789622252	114954240
1789622257	114954240
1789622262	114954240
1789622267	114954240
1789622272	114954240
1789622277	114954240
1789622282	114954240
1789622287	114954240
1789622292	114954240
1789622297	114954240
1789622302	114954240
1789622307	114954240
1789622312	114954240
1789622317	114954240
1789622322	114954240
1789622327	114954240
1789622332	114954240
1789622337	114954240
1789622342	114954240
1789622347	114954240
1789622352	114954240
1789622357	114954240
1789622362	114954240
1789622367	114954240
1789622372	114954240
1789622377	114954240
1789622382	114954240
1789622387	114954240
1789622392	114954240
1789622397	114954240
1789622402	114954240
1789622407	114954240
1789622412	114954240
1789622417	114954240
1789622422	114954240
1789622427	114954240
1789622432	114954240
1789622437	114954240
1789622442	114954240
1789622447	114954240
1789622452	114954240
1789622457	114954240
1789622462	114954240
1789622467	114954240
1789622472	114954240
1789622477	114954240
1789622482	114954240
1789622487	114954240
1789622492	114954240
1789622497	114954240
1789622502	114954240
1789622507	114954240
1789622512	114954240
1789622517	114954240
1789622522	114954240
1789622527	114954240
1789622533	114954240
1789622538	114954240
1789622543	114954240
1789622548	114954240
1789622553	114954240
1789622558	114954240
1789622563	114954240
1789622568	114954240
1789622573	114954240
1789622578	114954240
1789622583	114954240
1789622588	114954240
1789622593	114954240
1789622598	114954240
1789622603	114954240
1789622608	114954240
1789622613	114954240
1789622618	114954240
1789622623	114954240
1789622628	114954240
1789622633	114954240
1789622638	114954240
1789622643	114954240
1789622648	114954240
1789622653	114954240
1789622658	114954240
1789622663	114954240
1789622668	114954240
1789622673	114954240
1789622678	114954240
1789622683	114954240
1789622688	114954240
1789622693	114954240
1789622698	114954240
1789622703	114954240
1789622708	114954240
1789622713	114954240
1789622718	114954240
1789622723	114954240
1789622728	114954240
1789622733	114954240
1789622738	114954240
1789622743	114954240
1789622748	114954240
1789622753	114954240
1789622758	114954240
1789622763	114954240
1789622768	114954240
1789622773	114954240
1789622778	114954240
1789622783	114954240
1789622788	114954240
1789622793	114954240
1789622798	114954240
1789622803	114954240
1789622808	114954240
1789622813	114954240
1789622818	114954240
1789622823	114954240
1789622828	114954240
1789622833	114954240
1789622838	114954240
1789622843	114954240
1789622848	114954240
1789622853	114954240
1789622858	114954240
1789622863	114954240
1789622868	114954240
1789622873	114954240
1789622878	114954240
1789622883	114954240
1789622888	114954240
1789622893	114954240
1789622898	114954240
1789622903	114954240
1789622908	114954240
1789622913	114954240
1789622918	114954240
1789622923	114954240
1789622928	114954240
1789622933	114954240
1789622938	114954240
1789622943	114954240
1789622948	114954240
1789622953	114954240
1789622958	114954240
1789622963	114954240
1789622968	114954240
1789622973	114954240
1789622978	114954240
1789622983	114954240
1789622988	114954240
1789622993	114954240
1789622998	114954240
1789623003	114954240
1789623008	114954240
1789623013	114954240
1789623018	114954240
1789623023	114954240
1789623028	114954240
1789623033	114954240
1789623038	114954240
1789623043	114954240
1789623048	114954240
1789623053	114954240
1789623058	114954240
1789623063	114954240
1789623068	114954240
1789623073	114954240
1789623078	114954240
1789623083	114954240
1789623088	114954240
1789623093	114954240
1789623098	114954240
1789623103	114954240
1789623108	114954240
1789623113	114954240
1789623118	114954240
1789623123	114954240
1789623128	114954240
1789623133	114954240
1789623138	114954240
1789623143	114954240
1789623148	114954240
1789623153	114954240
1789623158	114954240
1789623163	114954240
1789623168	114954240
1789623173	114954240
1789623178	114954240
1789623183	114954240
1789623188	114954240
1789623193	114954240
1789623198	114954240
1789623203	114954240
1789623208	114954240
1789623213	114954240
1789623218	114954240
1789623223	114954240
1789623228	114954240
1789623233	114954240
1789623238	114954240
1789623243	114954240
1789623248	114954240
1789623253	114954240
1789623258	114954240
1789623263	114954240
1789623268	114954240
1789623274	114954240
1789623279	114954240
1789623284	114954240
1789623289	114954240
1789623294	114954240
1789623299	114954240
1789623304	114954240
1789623309	114954240
1789623314	114954240
1789623319	114954240
1789623324	114954240
1789623329	114954240
1789623334	114954240
1789623339	114954240
1789623344	114954240
1789623349	114954240
1789623354	114954240
1789623359	114954240
1789623364	114954240
1789623369	114954240
1789623374	114954240
1789623379	114954240
1789623384	114954240
1789623389	114954240
1789623394	114954240
1789623399	114954240
1789623404	114954240
1789623409	114954240
1789623414	114954240
1789623419	114954240
1789623424	114954240
1789623429	114954240
1789623434	114954240
1789623439	114954240
1789623444	114954240
1789623449	114954240
1789623454	114954240
1789623459	114954240
1789623464	114954240
1789623469	114954240
1789623474	114954240
1789623479	114954240
1789623484	114954240
1789623489	114954240
1789623494	114954240
1789623499	114954240
1789623504	114954240
1789623509	114954240
1789623514	114954240
1789623519	114954240
1789623524	114954240
1789623529	114954240
1789623534	114954240
1789623539	114954240
1789623544	114954240
1789623549	114954240
1789623554	114954240
1789623559	114954240
1789623564	114954240
1789623569	114954240
1789623574	114954240
1789623579	114954240
1789623584	114954240
1789623589	114954240
1789623594	114954240
1789623599	114954240
1789623604	114954240
1789623609	114954240
1789623614	114954240
1789623619	114954240
1789623624	114954240
1789623629	114954240
1789623634	114954240
1789623639	114954240
1789623644	114954240
1789623649	114954240
1789623654	114954240
1789623659	114954240
1789623664	114954240
1789623669	114954240
1789623674	114954240
1789623679	114954240
1789623684	114954240
1789623689	114954240
1789623694	114954240
1789623699	114954240
1789623704	114954240
1789623709	114954240
1789623714	114954240
1789623719	114954240
1789623724	114954240
1789623729	114954240
1789623734	114954240
1789623739	114954240
1789623744	114954240
1789623749	114954240
1789623754	114954240
1789623759	114954240
1789623764	114954240
1789623769	114954240
1789623774	114954240
1789623779	114954240
1789623784	114954240
1789623789	114954240
1789623794	114954240
1789623799	114954240
1789623804	114954240
1789623809	114954240
1789623814	114954240
1789623819	114954240
1789623824	114954240
1789623829	114954240
1789623834	114954240
1789623839	114954240
1789623844	114954240
1789623849	114954240
1789623854	114954240
1789623859	114954240
1789623864	114954240
1789623869	114954240
1789623874	114954240
1789623879	114954240
1789623884	114954240
1789623889	114954240
1789623894	114954240
1789623899	114954240
1789623904	114954240
1789623909	114954240
1789623914	114954240
1789623919	114954240
1789623924	114954240
1789623929	114954240
1789623934	114954240
1789623939	114954240
1789623944	114954240
1789623949	114954240
1789623954	114954240
1789623959	114954240
1789623964	114954240
1789623969	114954240
1789623974	114954240
1789623979	114954240
1789623984	114954240
1789623989	114954240
1789623994	114954240
1789623999	114954240
1789624005	114954240
1789624010	114954240
1789624015	114954240
1789624020	114954240
1789624025	114954240
1789624030	114954240
1789624035	114954240
1789624040	114954240
1789624045	114954240
1789624050	114954240
1789624055	114954240
1789624060	114954240
1789624065	114954240
1789624070	114954240
1789624075	114954240
1789624080	114954240
1789624085	114954240
1789624090	114954240
1789624095	114954240
1789624100	114954240
1789624105	114954240
1789624110	114954240
1789624115	114954240
1789624120	114954240
1789624125	114954240
1789624130	114954240
1789624135	114954240
1789624140	114954240
1789624145	114954240
1789624150	114954240
1789624155	114954240
1789624160	114954240
1789624165	114954240
1789624170	114954240
1789624175	114954240
1789624180	114954240
1789624185	114954240
1789624190	114954240
1789624195	114954240
1789624200	114954240
1789624205	114954240
1789624210	114954240
1789624215	114954240
1789624220	114954240
1789624225	114954240
1789624230	114954240
1789624235	114954240
1789624240	114954240
1789624245	114954240
1789624250	114954240
1789624255	114954240
1789624260	114954240
1789624265	114954240
1789624270	114954240
1789624275	114954240
1789624280	114954240
1789624285	114954240
1789624290	114954240
1789624295	114954240
1789624300	114954240
1789624305	114954240
1789624310	114954240
1789624315	114954240
1789624320	114954240
1789624325	114954240
1789624330	114954240
1789624335	114954240
1789624340	114954240
1789624345	114954240
1789624350	114954240
1789624355	114954240
1789624360	114954240
1789624365	114954240
1789624370	114954240
1789624375	114954240
1789624380	114954240
1789624385	114954240
1789624390	114954240
1789624395	114954240
1789624400	114954240
1789624405	114954240
1789624410	114954240
1789624415	114954240
1789624420	114954240
1789624425	114954240
1789624430	114954240
1789624435	114954240
1789624440	114954240
1789624445	114954240
1789624450	114954240
1789624455	114954240
1789624460	114954240
1789624465	114954240
1789624470	114954240
1789624475	114954240
1789624480	114954240
1789624485	114954240
1789624490	114954240
1789624495	114954240
1789624500	114954240
1789624505	114954240
1789624510	114954240
1789624515	114954240
1789624520	114954240
1789624525	114954240
1789624530	114954240
1789624535	114954240
1789624540	114954240
1789624545	114954240
1789624550	114954240
1789624555	114954240
1789624560	114954240
1789624565	114954240
1789624570	114954240
1789624575	114954240
1789624580	114954240
1789624585	114954240
1789624590	114954240
1789624595	114954240
1789624600	114954240
1789624605	114954240
1789624610	114954240
1789624615	114954240
1789624620	114954240
1789624625	114954240
1789624630	114954240
1789624635	114954240
1789624640	114954240
1789624645	114954240
1789624650	114954240
1789624655	114954240
1789624660	114954240
1789624665	114954240
1789624670	114954240
1789624675	114954240
1789624680	114954240
1789624685	114954240
1789624690	114954240
1789624695	114954240
1789624700	114954240
1789624705	114954240
1789624710	114954240
1789624715	114954240
1789624720	114954240
1789624725	114954240
1789624730	114954240
1789624735	114954240
1789624740	114954240
1789624745	114954240
1789624751	114954240
1789624756	114954240
1789624761	114954240
1789624766	114954240
1789624771	114954240
1789624776	114954240
1789624781	114954240
1789624786	114954240
1789624791	114954240
1789624796	114954240
1789624801	114954240
1789624806	114954240
1789624811	114954240
1789624816	114954240
1789624821	114954240
1789624826	114954240
1789624831	114954240
1789624836	114954240
1789624841	114954240
1789624846	114954240
1789624851	114954240
1789624856	114954240
1789624861	114954240
1789624866	114954240
1789624871	114954240
1789624876	114954240
1789624881	114954240
1789624886	114954240
1789624891	114954240
1789624896	114954240
1789624901	114954240
1789624906	114954240
1789624911	114954240
1789624916	114954240
1789624921	114954240
1789624926	114954240
1789624931	114954240
1789624936	114954240
1789624941	114954240
1789624946	114954240
1789624951	114954240
1789624956	114954240
1789624961	114954240
1789624966	114954240
1789624971	114954240
1789624976	114954240
1789624981	114954240
1789624986	114954240
1789624991	114954240
1789624996	114954240
1789625001	114954240
1789625006	114954240
1789625011	114954240
1789625016	114954240
1789625021	114954240
1789625026	114954240
1789625031	114954240
1789625036	114954240
1789625041	114954240
1789625046	114954240
1789625051	114954240
1789625056	114954240
1789625061	114954240
1789625066	114954240
1789625071	114954240
1789625076	114954240
1789625081	114954240
1789625086	114954240
1789625091	114954240
1789625096	114954240
1789625101	114954240
1789625106	114954240
1789625111	114954240
1789625116	114954240
1789625121	114954240
1789625126	114954240
1789625131	114954240
1789625136	114954240
1789625141	114954240
1789625146	114954240
1789625151	114954240
1789625156	114954240
1789625161	114954240
1789625166	114954240
1789625171	114954240
1789625176	114954240
1789625181	114954240
1789625186	114954240
1789625191	114954240
1789625196	114954240
1789625201	114954240
1789625206	114954240
1789625211	114954240
1789625216	114954240
1789625221	114954240
1789625226	114954240
1789625231	114954240
1789625236	114954240
1789625241	114954240
1789625246	114954240
1789625251	114954240
1789625256	114954240
1789625261	114954240
1789625266	114954240
1789625271	114954240
1789625276	114954240
1789625281	114954240
1789625286	114954240
1789625291	114954240
1789625296	114954240
1789625301	114954240
1789625306	114954240
1789625311	114954240
1789625316	114954240
1789625321	114954240
1789625326	114954240
1789625331	114954240
1789625336	114954240
1789625341	114954240
1789625346	114954240
1789625351	114954240
1789625356	114954240
1789625361	114954240
1789625366	114954240
1789625371	114954240
1789625376	114954240
1789625381	114954240
1789625386	114954240
1789625391	114954240
1789625396	114954240
1789625401	114954240
1789625406	114954240
1789625411	114954240
1789625416	114954240
1789625421	114954240
1789625426	114954240
1789625431	114954240
1789625436	114954240
1789625441	114954240
1789625446	114954240
1789625451	114954240
1789625456	114954240
1789625461	114954240
1789625466	114954240
1789625471	114954240
1789625476	114954240
1789625481	114954240
1789625486	114954240
1789625491	114954240
1789625497	114954240
1789625502	114954240
1789625507	114954240
1789625512	114954240
1789625517	114954240
1789625522	114954240
1789625527	114954240
1789625532	114954240
1789625537	114954240
1789625542	114954240
1789625547	114954240
1789625552	114954240
1789625557	114954240
1789625562	114954240
1789625567	114954240
1789625572	114954240
1789625577	114954240
1789625582	114954240
1789625587	114954240
1789625592	114954240
1789625597	114954240
1789625602	114954240
1789625607	114954240
1789625612	114954240
1789625617	114954240
1789625622	114954240
1789625627	114954240
1789625632	114954240
1789625637	114954240
1789625642	114954240
1789625647	114954240
1789625652	114954240
1789625657	114954240
1789625662	114954240
1789625667	114954240
1789625672	114954240
1789625677	114954240
1789625682	114954240
1789625687	114954240
1789625692	114954240
1789625697	114954240
1789625702	114954240
1789625707	114954240
1789625712	114954240
1789625717	114954240
1789625722	114954240
1789625727	114954240
1789625732	114954240
1789625737	114954240
1789625742	114954240
1789625747	114954240
1789625752	114954240
1789625757	114954240
1789625762	114954240
1789625767	114954240
1789625772	114954240
1789625777	114954240
1789625782	114954240
1789625787	114954240
1789625792	114954240
1789625797	114954240
1789625802	114954240
1789625807	114954240
1789625812	114954240
1789625817	114954240
1789625822	114954240
1789625827	114954240
1789625832	114954240
1789625837	114954240
1789625842	114954240
1789625847	114954240
1789625852	114954240
1789625857	114954240
1789625862	114954240
1789625867	114954240
1789625872	114954240
1789625877	114954240
1789625882	114954240
1789625887	114954240
1789625892	114954240
1789625897	114954240
1789625902	114954240
1789625907	114954240
1789625912	114954240
1789625917	114954240
1789625922	114954240
1789625927	114954240
1789625932	114954240
1789625937	114954240
1789625942	114954240
1789625947	114954240
1789625952	114954240
1789625957	114954240
1789625962	114954240
1789625967	114954240
1789625972	114954240
1789625977	114954240
1789625982	114954240
1789625987	114954240
1789625992	114954240
1789625997	114954240
1789626002	114954240
1789626007	114954240
1789626012	114954240
1789626017	114954240
1789626022	114954240
1789626027	114954240
1789626032	114954240
1789626037	114954240
1789626042	114954240
1789626047	114954240
1789626052	114954240
1789626057	114954240
1789626062	114954240
1789626067	114954240
1789626072	114954240
1789626077	114954240
1789626082	114954240
1789626087	114954240
1789626092	114954240
1789626097	114954240
1789626102	114954240
1789626107	114954240
1789626112	114954240
1789626117	114954240
1789626122	114954240
1789626127	114954240
1789626132	114954240
1789626137	114954240
1789626142	114954240
1789626147	114954240
1789626152	114954240
1789626157	114954240
1789626162	114954240
1789626167	114954240
1789626172	114954240
1789626177	114954240
1789626182	114954240
1789626187	114954240
1789626192	114954240
1789626197	114954240
1789626202	114954240
1789626208	114954240
1789626213	114954240
1789626218	114954240
1789626223	114954240
1789626228	114954240
1789626233	114954240
1789626238	114954240
1789626243	114954240
1789626248	114954240
1789626253	114954240
1789626258	114954240
1789626263	114954240
1789626268	114954240
1789626273	114954240
1789626278	114954240
1789626283	114954240
1789626288	114954240
1789626293	114954240
1789626298	114954240
1789626303	114954240
1789626308	114954240
1789626313	114954240
1789626318	114954240
1789626323	114954240
1789626328	114954240
1789626333	114954240
1789626338	114954240
1789626343	114954240
1789626348	114954240
1789626353	114954240
1789626358	114954240
1789626363	114954240
1789626368	114954240
1789626373	114954240
1789626378	114954240
1789626383	114954240
1789626388	114954240
1789626393	114954240
1789626398	114954240
1789626403	114954240
1789626408	114954240
1789626413	114954240
1789626418	114954240
1789626423	114954240
1789626428	114954240
1789626433	114954240
1789626438	114954240
1789626443	114954240
1789626448	114954240
1789626453	114954240
1789626458	114954240
1789626463	114954240
1789626468	114954240
1789626473	114954240
1789626478	114954240
1789626483	114954240
1789626488	114954240
1789626493	114954240
1789626498	114954240
1789626503	114954240
1789626508	114954240
1789626513	114954240
1789626518	114954240
1789626523	114954240
1789626528	114954240
1789626533	114954240
1789626538	114954240
1789626543	114954240
1789626548	114954240
1789626553	114954240
1789626558	114954240
1789626563	114954240
1789626568	114954240
1789626573	114954240
1789626578	114954240
1789626583	114954240
1789626588	114954240
1789626593	114954240
1789626598	114954240
1789626603	114954240
1789626608	114954240
1789626613	114954240
1789626618	114954240
1789626623	114954240
1789626628	114954240
1789626633	114954240
1789626638	114954240
1789626643	114954240
1789626648	114954240
1789626653	114954240
1789626658	114954240
1789626663	114954240
1789626668	114954240
1789626673	114954240
1789626678	114954240
1789626683	114954240
1789626688	114954240
1789626693	114954240
1789626698	114954240
1789626703	114954240
1789626708	114954240
1789626713	114954240
1789626718	114954240
1789626723	114954240
1789626728	114954240
1789626733	114954240
1789626738	114954240
1789626743	114954240
1789626748	114954240
1789626753	114954240
1789626758	114954240
1789626763	114954240
1789626768	114954240
1789626773	114954240
1789626778	114954240
1789626783	114954240
1789626788	114954240
1789626793	114954240
1789626798	114954240
1789626803	114954240
1789626808	114954240
1789626813	114954240
1789626818	114954240
1789626823	114954240
1789626828	114954240
1789626833	114954240
1789626838	114954240
1789626843	114954240
1789626848	114954240
1789626853	114954240
1789626858	114954240
1789626863	114954240
1789626868	114954240
1789626873	114954240
1789626878	114954240
1789626883	114954240
1789626888	114954240
1789626893	114954240
1789626898	114954240
1789626903	114954240
1789626908	114954240
1789626913	114954240
1789626918	114954240
1789626923	114954240
1789626928	114954240
1789626933	114954240
1789626939	114954240
1789626944	114954240
1789626949	114954240
1789626954	114954240
1789626959	114954240
1789626964	114954240
1789626969	114954240
1789626974	114954240
1789626979	114954240
1789626984	114954240
1789626989	114954240
1789626994	114954240
1789626999	114954240
1789627004	114954240
1789627009	114954240
1789627014	114954240
1789627019	114954240
1789627024	114954240
1789627029	114954240
1789627034	114954240
1789627039	114954240
1789627044	114954240
1789627049	114954240
1789627054	114954240
1789627059	114954240
1789627064	114954240
1789627069	114954240
1789627074	114954240
1789627079	114954240
1789627084	114954240
1789627089	114954240
1789627094	114954240
1789627099	114954240
1789627104	114954240
1789627109	114954240
1789627114	114954240
1789627119	114954240
1789627124	114954240
1789627129	114954240
1789627134	114954240
1789627139	114954240
1789627144	114954240
1789627149	114954240
1789627154	114954240
1789627159	114954240
1789627164	114954240
1789627169	114954240
1789627174	114954240
1789627179	114954240
1789627184	114954240
1789627189	114954240
1789627194	114954240
1789627199	114954240
1789627204	114954240
1789627209	114954240
1789627214	114954240
1789627219	114954240
1789627224	114954240
1789627229	114954240
1789627234	114954240
1789627239	114954240
1789627244	114954240
1789627249	114954240
1789627254	114954240
1789627259	114954240
1789627264	114954240
1789627269	114954240
1789627274	114954240
1789627279	114954240
1789627284	114954240
1789627289	114954240
1789627294	114954240
1789627299	114954240
1789627304	114954240
1789627309	114954240
1789627314	114954240
1789627319	114954240
1789627324	114954240
1789627329	114954240
1789627334	114954240
1789627339	114954240
1789627344	114954240
1789627349	114954240
1789627354	114954240
1789627359	114954240
1789627364	114954240
1789627369	114954240
1789627374	114954240
1789627379	114954240
1789627384	114954240
1789627389	114954240
1789627394	114954240
1789627399	114954240
1789627404	114954240
1789627409	114954240
1789627414	114954240
1789627419	114954240
1789627424	114954240
1789627429	114954240
1789627434	114954240
1789627439	114954240
1789627444	114954240
1789627449	114954240
1789627454	114954240
1789627459	114954240
1789627464	114954240
1789627469	114954240
1789627474	114954240
1789627479	114954240
1789627484	114954240
1789627489	114954240
1789627494	114954240
1789627499	114954240
1789627504	114954240
1789627509	114954240
1789627514	114954240
1789627519	114954240
1789627524	114954240
1789627529	114954240
1789627534	114954240
1789627539	114954240
1789627544	114954240
1789627549	114954240
1789627554	114954240
1789627559	114954240
1789627564	114954240
1789627569	114954240
1789627574	114954240
1789627579	114954240
1789627584	114954240
1789627589	114954240
1789627594	114954240
1789627599	114954240
1789627604	114954240
1789627609	114954240
1789627614	114954240
1789627619	114954240
1789627624	114954240
1789627629	114954240
1789627634	114954240
1789627639	114954240
1789627644	114954240
1789627649	114954240
1789627654	114954240
1789627659	114954240
1789627664	114954240
1789627669	114954240
1789627674	114954240
1789627680	114954240
1789627685	114954240
1789627690	114954240
1789627695	114954240
1789627700	114954240
1789627705	114954240
1789627710	114954240
1789627715	114954240
1789627720	114954240
1789627725	114954240
1789627730	114954240
1789627735	114954240
1789627740	114954240
1789627745	114954240
1789627750	114954240
1789627755	114954240
1789627760	114954240
1789627765	114954240
1789627770	114954240
1789627775	114954240
1789627780	114954240
1789627785	114954240
1789627790	114954240
1789627795	114954240
1789627800	114954240
1789627805	114954240
1789627810	114954240
1789627815	114954240
1789627820	114954240
1789627825	114954240
1789627830	114954240
1789627835	114954240
1789627840	114954240
1789627845	114954240
1789627850	114954240
1789627855	114954240
1789627860	114954240
1789627865	114954240
1789627870	114954240
1789627875	114954240
1789627880	114954240
1789627885	114954240
1789627890	114954240
1789627895	114954240
1789627900	114954240
1789627905	114954240
1789627910	114954240
1789627915	114954240
1789627920	114954240
1789627925	114954240
1789627930	114954240
1789627935	114954240
1789627940	114954240
1789627945	114954240
1789627950	114954240
1789627955	114954240
1789627960	114954240
1789627965	114954240
1789627970	114954240
1789627975	114954240
1789627980	114954240
1789627985	114954240
1789627990	114954240
1789627995	114954240
1789628000	114954240
1789628005	114954240
1789628010	114954240
1789628015	114954240
1789628020	114954240
1789628025	114954240
1789628030	114954240
1789628035	114954240
1789628040	114954240
1789628045	114954240
1789628050	114954240
1789628055	114954240
1789628060	114954240
1789628065	114954240
1789628070	114954240
1789628075	114954240
1789628080	114954240
1789628085	114954240
1789628090	114954240
1789628095	114954240
1789628100	114954240
1789628105	114954240
1789628110	114954240
1789628115	114954240
1789628120	114954240
1789628125	114954240
1789628130	114954240
1789628135	114954240
1789628140	114954240
1789628145	114954240
1789628150	114954240
1789628155	114954240
1789628160	114954240
1789628165	114954240
1789628170	114954240
1789628175	114954240
1789628180	114954240
1789628185	114954240
1789628190	114954240
1789628195	114954240
1789628200	114954240
1789628205	114954240
1789628210	114954240
1789628215	114954240
1789628220	114954240
1789628225	114954240
1789628230	114954240
1789628235	114954240
1789628240	114954240
1789628245	114954240
1789628250	114954240
1789628255	114954240
1789628260	114954240
1789628265	114954240
1789628270	114954240
1789628275	114954240
1789628280	114954240
1789628285	114954240
1789628290	114954240
1789628295	114954240
1789628300	114954240
1789628305	114954240
1789628310	114954240
1789628315	114954240
1789628320	114954240
1789628325	114954240
1789628330	114954240
1789628335	114954240
1789628340	114954240
1789628345	114954240
1789628350	114954240
1789628355	114954240
1789628360	114954240
1789628365	114954240
1789628370	114954240
1789628375	114954240
1789628380	114954240
1789628385	114954240
1789628390	114954240
1789628395	114954240
1789628400	114954240
1789628405	114954240
1789628410	114954240
1789628416	114954240
1789628421	114954240
1789628426	114954240
1789628431	114954240
1789628436	114954240
1789628441	114954240
1789628446	114954240
1789628451	114954240
1789628456	114954240
1789628461	114954240
1789628466	114954240
1789628471	114954240
1789628476	114954240
1789628481	114954240
1789628486	114954240
1789628491	114954240
1789628496	114954240
1789628501	114954240
1789628506	114954240
1789628511	114954240
1789628516	114954240
1789628521	114954240
1789628526	114954240
1789628531	114954240
1789628536	114954240
1789628541	114954240
1789628546	114954240
1789628551	114954240
1789628556	114954240
1789628561	114954240
1789628566	114954240
1789628571	114954240
1789628576	114954240
1789628581	114954240
1789628586	114954240
1789628591	114954240
1789628596	114954240
1789628601	114954240
1789628606	114954240
1789628611	114954240
1789628616	114954240
1789628621	114954240
1789628626	114954240
1789628631	114954240
1789628636	114954240
1789628641	114954240
1789628646	114954240
1789628651	114954240
1789628656	114954240
1789628661	114954240
1789628666	114954240
1789628671	114954240
1789628676	114954240
1789628681	114954240
1789628686	114954240
1789628691	114954240
1789628696	114954240
1789628701	114954240
1789628706	114954240
1789628711	114954240
1789628716	114954240
1789628721	114954240
1789628726	114954240
1789628731	114954240
1789628736	114954240
1789628741	114954240
1789628746	114954240
1789628751	114954240
1789628756	114954240
1789628761	114954240
1789628766	114954240
1789628771	114954240
1789628776	114954240
1789628781	114954240
1789628786	114954240
1789628791	114954240
1789628796	114954240
1789628801	114954240
1789628806	114954240
1789628811	114954240
1789628816	114954240
1789628821	114954240
1789628826	114954240
1789628831	114954240
1789628836	114954240
1789628841	114954240
1789628846	114954240
1789628851	114954240
1789628856	114954240
1789628861	114954240
1789628866	114954240
1789628871	114954240
1789628876	114954240
1789628881	114954240
1789628886	114954240
1789628891	114954240
1789628896	114954240
1789628901	114954240
1789628906	114954240
1789628911	114954240
1789628916	114954240
1789628921	114954240
1789628926	114954240
1789628931	114954240
1789628936	114954240
1789628941	114954240
1789628946	114954240
1789628951	114954240
1789628956	114954240
1789628961	114954240
1789628966	114954240
1789628971	114954240
1789628976	114954240
1789628981	114954240
1789628986	114954240
1789628991	114954240
1789628996	114954240
1789629001	114954240
1789629006	114954240
1789629011	114954240
1789629016	114954240
1789629021	114954240
1789629026	114954240
1789629031	114954240
1789629036	114954240
1789629041	114954240
1789629046	114954240
1789629051	114954240
1789629056	114954240
1789629061	114954240
1789629066	114954240
1789629071	114954240
1789629076	114954240
1789629081	114954240
1789629086	114954240
1789629091	114954240
1789629096	114954240
1789629101	114954240
1789629106	114954240
1789629111	114954240
1789629116	114954240
1789629121	114954240
1789629126	114954240
1789629131	114954240
1789629136	114954240
1789629141	114954240
1789629146	114954240
1789629151	114954240
1789629157	114954240
1789629162	114954240
1789629167	114954240
1789629172	114954240
1789629177	114954240
1789629182	114954240
1789629187	114954240
1789629192	114954240
1789629197	114954240
1789629202	114954240
1789629207	114954240
1789629212	114954240
1789629217	114954240
1789629222	114954240
1789629227	114954240
1789629232	114954240
1789629237	114954240
1789629242	114954240
1789629247	114954240
1789629252	114954240
1789629257	114954240
1789629262	114954240
1789629267	114954240
1789629272	114954240
1789629277	114954240
1789629282	114954240
1789629287	114954240
1789629292	114954240
1789629297	114954240
1789629302	114954240
1789629307	114954240
1789629312	114954240
1789629317	114954240
1789629322	114954240
1789629327	114954240
1789629332	114954240
1789629337	114954240
1789629342	114954240
1789629347	114954240
1789629352	114954240
1789629357	114954240
1789629362	114954240
1789629367	114954240
1789629372	114954240
1789629377	114954240
1789629382	114954240
1789629387	114954240
1789629392	114954240
1789629397	114954240
1789629402	114954240
1789629407	114954240
1789629412	114954240
1789629417	114954240
1789629422	114954240
1789629427	114954240
1789629432	114954240
1789629437	114954240
1789629442	114954240
1789629447	114954240
1789629452	114954240
1789629457	114954240
1789629462	114954240
1789629467	114954240
1789629472	114954240
1789629477	114954240
1789629482	114954240
1789629487	114954240
1789629492	114954240
1789629497	114954240
1789629502	114954240
1789629507	114954240
1789629512	114954240
1789629517	114954240
1789629522	114954240
1789629527	114954240
1789629532	114954240
1789629537	114954240
1789629542	114954240
1789629547	114954240
1789629552	114954240
1789629557	114954240
1789629562	114954240
1789629567	114954240
1789629572	114954240
1789629577	114954240
1789629582	114954240
1789629587	114954240
1789629592	114954240
1789629597	114954240
1789629602	114954240
1789629607	114954240
1789629612	114954240
1789629617	114954240
1789629622	114954240
1789629627	114954240
1789629632	114954240
1789629637	114954240
1789629642	114954240
1789629647	114954240
1789629652	114954240
1789629657	114954240
1789629662	114954240
1789629667	114954240
1789629672	114954240
1789629677	114954240
1789629682	114954240
1789629687	114954240
1789629692	114954240
1789629697	114954240
1789629702	114954240
1789629707	114954240
1789629712	114954240
1789629717	114954240
1789629722	114954240
1789629727	114954240
1789629732	114954240
1789629737	114954240
1789629742	114954240
1789629747	114954240
1789629752	114954240
1789629757	114954240
1789629762	114954240
1789629767	114954240
1789629772	114954240
1789629777	114954240
1789629782	114954240
1789629787	114954240
1789629792	114954240
1789629797	114954240
1789629802	114954240
1789629807	114954240
1789629812	114954240
1789629817	114954240
1789629822	114954240
1789629827	114954240
1789629832	114954240
1789629837	114954240
1789629842	114954240
1789629847	114954240
1789629852	114954240
1789629857	114954240
1789629862	114954240
1789629867	114954240
1789629872	114954240
1789629877	114954240
1789629882	114954240
1789629887	114954240
1789629892	114954240
1789629898	114954240
1789629903	114954240
1789629908	114954240
1789629913	114954240
1789629918	114954240
1789629923	114954240
1789629928	114954240
1789629933	114954240
1789629938	114954240
1789629943	114954240
1789629948	114954240
1789629953	114954240
1789629958	114954240
1789629963	114954240
1789629968	114954240
1789629973	114954240
1789629978	114954240
1789629983	114954240
1789629988	114954240
1789629993	114954240
1789629998	114954240
1789630003	114954240
1789630008	114954240
1789630013	114954240
1789630018	114954240
1789630023	114954240
1789630028	114954240
1789630033	114954240
1789630038	114954240
1789630043	114954240
1789630048	114954240
1789630053	114954240
1789630058	114954240
1789630063	114954240
1789630068	114954240
1789630073	114954240
1789630078	114954240
1789630083	114954240
1789630088	114954240
1789630093	114954240
1789630098	114954240
1789630103	114954240
1789630108	114954240
1789630113	114954240
1789630118	114954240
1789630123	114954240
1789630128	114954240
1789630133	114954240
1789630138	114954240
1789630143	114954240
1789630148	114954240
1789630153	114954240
1789630158	114954240
1789630163	114954240
1789630168	114954240
1789630173	114954240
1789630178	114954240
1789630183	114954240
1789630188	114954240
1789630193	114954240
1789630198	114954240
1789630203	114954240
1789630208	114954240
1789630213	114954240
1789630218	114954240
1789630223	114954240
1789630228	114954240
1789630233	114954240
1789630238	114954240
1789630243	114954240
1789630248	114954240
1789630253	114954240
1789630258	114954240
1789630263	114954240
1789630268	114954240
1789630273	114954240
1789630278	114954240
1789630283	114954240
1789630288	114954240
1789630293	114954240
1789630298	114954240
1789630303	114954240
1789630308	114954240
1789630313	114954240
1789630318	114954240
1789630323	114954240
1789630328	114954240
1789630333	114954240
1789630338	114954240
1789630343	114954240
1789630348	114954240
1789630353	114954240
1789630358	114954240
1789630363	114954240
1789630368	114954240
1789630373	114954240
1789630378	114954240
1789630383	114954240
1789630388	114954240
1789630393	114954240
1789630398	114954240
1789630403	114954240
1789630408	114954240
1789630413	114954240
1789630418	114954240
1789630423	114954240
1789630428	114954240
1789630433	114954240
1789630438	114954240
1789630443	114954240
1789630448	114954240
1789630453	114954240
1789630458	114954240
1789630463	114954240
1789630468	114954240
1789630473	114954240
1789630478	114954240
1789630483	114954240
1789630488	114954240
1789630493	114954240
1789630498	114954240
1789630503	114954240
1789630508	114954240
1789630513	114954240
1789630518	114954240
1789630523	114954240
1789630528	114954240
1789630533	114954240
1789630538	114954240
1789630543	114954240
1789630548	114954240
1789630553	114954240
1789630558	114954240
1789630563	114954240
1789630568	114954240
1789630573	114954240
1789630578	114954240
1789630583	114954240
1789630588	114954240
1789630593	114954240
1789630598	114954240
1789630603	114954240
1789630608	114954240
1789630613	114954240
1789630618	114954240
1789630623	114954240
1789630628	114954240
1789630633	114954240
1789630638	114954240
1789630644	114954240
1789630649	114954240
1789630654	114954240
1789630659	114954240
1789630664	114954240
1789630669	114954240
1789630674	114954240
1789630679	114954240
1789630684	114954240
1789630689	114954240
1789630694	114954240
1789630699	114954240
1789630704	114954240
1789630709	114954240
1789630714	114954240
1789630719	114954240
1789630724	114954240
1789630729	114954240
1789630734	114954240
1789630739	114954240
1789630744	114954240
1789630749	114954240
1789630754	114954240
1789630759	114954240
1789630764	114954240
1789630769	114954240
1789630774	114954240
1789630779	114954240
1789630784	114954240
1789630789	114954240
1789630794	114954240
1789630799	114954240
1789630804	114954240
1789630809	114954240
1789630814	114954240
1789630819	114954240
1789630824	114954240
1789630829	114954240
1789630834	114954240
1789630839	114954240
1789630844	114954240
1789630849	114954240
1789630854	114954240
1789630859	114954240
1789630864	114954240
1789630869	114954240
1789630874	114954240
1789630879	114954240
1789630884	114954240
1789630889	114954240
1789630894	114954240
1789630899	114954240
1789630904	114954240
1789630909	114954240
1789630914	114954240
1789630919	114954240
1789630924	114954240
1789630929	114954240
1789630934	114954240
1789630939	114954240
1789630944	114954240
1789630949	114954240
1789630954	114954240
1789630959	114954240
1789630964	114954240
1789630969	114954240
1789630974	114954240
1789630979	114954240
1789630984	114954240
1789630989	114954240
1789630994	114954240
1789630999	114954240
1789631004	114954240
1789631009	114954240
1789631014	114954240
1789631019	114954240
1789631024	114954240
1789631029	114954240
1789631034	114954240
1789631039	114954240
1789631044	114954240
1789631049	114954240
1789631054	114954240
1789631059	114954240
1789631064	114954240
1789631069	114954240
1789631074	114954240
1789631079	114954240
1789631084	114954240
1789631089	114954240
1789631094	114954240
1789631099	114954240
1789631104	114954240
1789631109	114954240
1789631114	114954240
1789631119	114954240
1789631124	114954240
1789631129	114954240
1789631134	114954240
1789631139	114954240
1789631144	114954240
1789631149	114954240
1789631154	114954240
1789631159	114954240
1789631164	114954240
1789631169	114954240
1789631174	114954240
1789631179	114954240
1789631184	114954240
1789631189	114954240
1789631194	114954240
1789631199	114954240
1789631204	114954240
1789631209	114954240
1789631214	114954240
1789631219	114954240
1789631224	114954240
1789631229	114954240
1789631234	114954240
1789631239	114954240
1789631244	114954240
1789631249	114954240
1789631254	114954240
1789631259	114954240
1789631264	114954240
1789631269	114954240
1789631274	114954240
1789631279	114954240
1789631284	114954240
1789631289	114954240
1789631294	114954240
1789631299	114954240
1789631304	114954240
1789631309	114954240
1789631314	114954240
1789631319	114954240
1789631324	114954240
1789631329	114954240
1789631334	114954240
1789631339	114954240
1789631344	114954240
1789631349	114954240
1789631354	114954240
1789631359	114954240
1789631364	114954240
1789631369	114954240
1789631374	114954240
1789631379	114954240
1789631384	114954240
1789631390	114954240
1789631395	114954240
1789631400	114954240
1789631405	114954240
1789631410	114954240
1789631415	114954240
1789631420	114954240
1789631425	114954240
1789631430	114954240
1789631435	114954240
1789631440	114954240
1789631445	114954240
1789631450	114954240
1789631455	114954240
1789631460	114954240
1789631465	114954240
1789631470	114954240
1789631475	114954240
1789631480	114954240
1789631485	114954240
1789631490	114954240
1789631495	114954240
1789631500	114954240
1789631505	114954240
1789631510	114954240
1789631515	114954240
1789631520	114954240
1789631525	114954240
1789631530	114954240
1789631535	114954240
1789631540	114954240
1789631545	114954240
1789631550	114954240
1789631555	114954240
1789631560	114954240
1789631565	114954240
1789631570	114954240
1789631575	114954240
1789631580	114954240
1789631585	114954240
1789631590	114954240
1789631595	114954240
1789631600	114954240
1789631605	114954240
1789631610	114954240
1789631615	114954240
1789631620	114954240
1789631625	114954240
1789631630	114954240
1789631635	114954240
1789631640	114954240
1789631645	114954240
1789631650	114954240
1789631655	114954240
1789631660	114954240
1789631665	114954240
1789631670	114954240
1789631675	114954240
1789631680	114954240
1789631685	114954240
1789631690	114954240
1789631695	114954240
1789631700	114954240
1789631705	114954240
1789631710	114954240
1789631715	114954240
1789631720	114954240
1789631725	114954240
1789631730	114954240
1789631735	114954240
1789631740	114954240
1789631745	114954240
1789631750	114954240
1789631755	114954240
1789631760	114954240
1789631765	114954240
1789631770	114954240
1789631775	114954240
1789631780	114954240
1789631785	114954240
1789631790	114954240
1789631795	114954240
1789631800	114954240
1789631805	114954240
1789631810	114954240
1789631815	114954240
1789631820	114954240
1789631825	114954240
1789631830	114954240
1789631835	114954240
1789631840	114954240
1789631845	114954240
1789631850	114954240
1789631855	114954240
1789631860	114954240
1789631865	114954240
1789631870	114954240
1789631875	114954240
1789631880	114954240
1789631885	114954240
1789631890	114954240
1789631895	114954240
1789631900	114954240
1789631905	114954240
1789631910	114954240
1789631915	114954240
1789631920	114954240
1789631925	114954240
1789631930	114954240
1789631935	114954240
1789631940	114954240
1789631945	114954240
1789631950	114954240
1789631955	114954240
1789631960	114954240
1789631965	114954240
1789631970	114954240
1789631975	114954240
1789631980	114954240
1789631985	114954240
1789631990	114954240
1789631995	114954240
1789632000	114954240
1789632005	114954240
1789632010	114954240
1789632015	114954240
1789632020	114954240
1789632025	114954240
1789632030	114954240
1789632035	114954240
1789632040	114954240
1789632045	114954240
1789632050	114954240
1789632055	114954240
1789632060	114954240
1789632065	114954240
1789632070	114954240
1789632075	114954240
1789632080	114954240
1789632085	114954240
1789632090	114954240
1789632095	114954240
1789632100	114954240
1789632105	114954240
1789632110	114954240
1789632115	114954240
1789632121	114954240
1789632126	114954240
1789632131	114954240
1789632136	114954240
1789632141	114954240
1789632146	114954240
1789632151	114954240
1789632156	114954240
1789632161	114954240
1789632166	114954240
1789632171	114954240
1789632176	114954240
1789632181	114954240
1789632186	114954240
1789632191	114954240
1789632196	114954240
1789632201	114954240
1789632206	114954240
1789632211	114954240
1789632216	114954240
1789632221	114954240
1789632226	114954240
1789632231	114954240
1789632236	114954240
1789632241	114954240
1789632246	114954240
1789632251	114954240
1789632256	114954240
1789632261	114954240
1789632266	114954240
1789632271	114954240
1789632276	114954240
1789632281	114954240
1789632286	114954240
1789632291	114954240
1789632296	114954240
1789632301	114954240
1789632306	114954240
1789632311	114954240
1789632316	114954240
1789632321	114954240
1789632326	114954240
1789632331	114954240
1789632336	114954240
1789632341	114954240
1789632346	114954240
1789632351	114954240
1789632356	114954240
1789632361	114954240
1789632366	114954240
1789632371	114954240
1789632376	114954240
1789632381	114954240
1789632386	114954240
1789632391	114954240
1789632396	114954240
1789632401	114954240
1789632406	114954240
1789632411	114954240
1789632416	114954240
1789632421	114954240
1789632426	114954240
1789632431	114954240
1789632436	114954240
1789632441	114954240
1789632446	114954240
1789632451	114954240
1789632456	114954240
1789632461	114954240
1789632466	114954240
1789632471	114954240
1789632476	114954240
1789632481	114954240
1789632486	114954240
1789632491	114954240
1789632496	114954240
1789632501	114954240
1789632506	114954240
1789632511	114954240
1789632516	114954240
1789632521	114954240
1789632526	114954240
1789632531	114954240
1789632536	114954240
1789632541	114954240
1789632546	114954240
1789632551	114954240
1789632556	114954240
1789632561	114954240
1789632566	114954240
1789632571	114954240
1789632576	114954240
1789632581	114954240
1789632586	114954240
1789632591	114954240
1789632596	114954240
1789632601	114954240
1789632606	114954240
1789632611	114954240
1789632616	114954240
1789632621	114954240
1789632626	114954240
1789632631	114954240
1789632636	114954240
1789632641	114954240
1789632646	114954240
1789632651	114954240
1789632656	114954240
1789632661	114954240
1789632666	114954240
1789632671	114954240
1789632676	114954240
1789632681	114954240
1789632686	114954240
1789632691	114954240
1789632696	114954240
1789632701	114954240
1789632706	114954240
1789632711	114954240
1789632716	114954240
1789632721	114954240
1789632726	114954240
1789632731	114954240
1789632736	114954240
1789632741	114954240
1789632746	114954240
1789632751	114954240
1789632756	114954240
1789632761	114954240
1789632766	114954240
1789632771	114954240
1789632776	114954240
1789632781	114954240
1789632786	114954240
1789632791	114954240
1789632796	114954240
1789632801	114954240
1789632806	114954240
1789632811	114954240
1789632816	114954240
1789632821	114954240
1789632826	114954240
1789632831	114954240
1789632836	114954240
1789632841	114954240
1789632846	114954240
1789632851	114954240
1789632857	114954240
1789632862	114954240
1789632867	114954240
1789632872	114954240
1789632877	114954240
1789632882	114954240
1789632887	114954240
1789632892	114954240
1789632897	114954240
1789632902	114954240
1789632907	114954240
1789632912	114954240
1789632917	114954240
1789632922	114954240
1789632927	114954240
1789632932	114954240
1789632937	114954240
1789632942	114954240
1789632947	114954240
1789632952	114954240
1789632957	114954240
1789632962	114954240
1789632967	114954240
1789632972	114954240
1789632977	114954240
1789632982	114954240
1789632987	114954240
1789632992	114954240
1789632997	114954240
1789633002	114954240
1789633007	114954240
1789633012	114954240
1789633017	114954240
1789633022	114954240
1789633027	114954240
1789633032	114954240
1789633037	114954240
1789633042	114954240
1789633047	114954240
1789633052	114954240
1789633057	114954240
1789633062	114954240
1789633067	114954240
1789633072	114954240
1789633077	114954240
1789633082	114954240
1789633087	114954240
1789633092	114954240
1789633097	114954240
1789633102	114954240
1789633107	114954240
1789633112	114954240
1789633117	114954240
1789633122	114954240
1789633127	114954240
1789633132	114954240
1789633137	114954240
1789633142	114954240
1789633147	114954240
1789633152	114954240
1789633157	114954240
1789633162	114954240
1789633167	114954240
1789633172	114954240
1789633177	114954240
1789633182	114954240
1789633187	114954240
1789633192	114954240
1789633197	114954240
1789633202	114954240
1789633207	114954240
1789633212	114954240
1789633217	114954240
1789633222	114954240
1789633227	114954240
1789633232	114954240
1789633237	114954240
1789633242	114954240
1789633247	114954240
1789633252	114954240
1789633257	114954240
1789633262	114954240
1789633267	114954240
1789633272	114954240
1789633277	114954240
1789633282	114954240
1789633287	114954240
1789633292	114954240
1789633297	114954240
1789633302	114954240
1789633307	114954240
1789633312	114954240
1789633317	114954240
1789633322	114954240
1789633327	114954240
1789633332	114954240
1789633337	114954240
1789633342	114954240
1789633347	114954240
1789633352	114954240
1789633357	114954240
1789633362	114954240
1789633367	114954240
1789633372	114954240
1789633377	114954240
1789633382	114954240
1789633387	114954240
1789633392	114954240
1789633397	114954240
1789633402	114954240
1789633407	114954240
1789633412	114954240
1789633417	114954240
1789633422	114954240
1789633427	114954240
1789633432	114954240
1789633437	114954240
1789633442	114954240
1789633447	114954240
1789633452	114954240
1789633457	114954240
1789633462	114954240
1789633467	114954240
1789633472	114954240
1789633477	114954240
1789633482	114954240
1789633487	114954240
1789633492	114954240
1789633497	114954240
1789633502	114954240
1789633507	114954240
1789633512	114954240
1789633517	114954240
1789633522	114954240
1789633527	114954240
1789633532	114954240
1789633537	114954240
1789633542	114954240
1789633547	114954240
1789633552	114954240
1789633557	114954240
1789633562	114954240
1789633567	114954240
1789633572	114954240
1789633577	114954240
1789633582	114954240
1789633587	114954240
1789633593	114954240
1789633598	114954240
1789633603	114954240
1789633608	114954240
1789633613	114954240
1789633618	114954240
1789633623	114954240
1789633628	114954240
1789633633	114954240
1789633638	114954240
1789633643	114954240
1789633648	114954240
1789633653	114954240
1789633658	114954240
1789633663	114954240
1789633668	114954240
1789633673	114954240
1789633678	114954240
1789633683	114954240
1789633688	114954240
1789633693	114954240
1789633698	114954240
1789633703	114954240
1789633708	114954240
1789633713	114954240
1789633718	114954240
1789633723	114954240
1789633728	114954240
1789633733	114954240
1789633738	114954240
1789633743	114954240
1789633748	114954240
1789633753	114954240
1789633758	114954240
1789633763	114954240
1789633768	114954240
1789633773	114954240
1789633778	114954240
1789633783	114954240
1789633788	114954240
1789633793	114954240
1789633798	114954240
1789633803	114954240
1789633808	114954240
1789633813	114954240
1789633818	114954240
1789633823	114954240
1789633828	114954240
1789633833	114954240
1789633838	114954240
1789633843	114954240
1789633848	114954240
1789633853	114954240
1789633858	114954240
1789633863	114954240
1789633868	114954240
1789633873	114954240
1789633878	114954240
1789633883	114954240
1789633888	114954240
1789633893	114954240
1789633898	114954240
1789633903	114954240
1789633908	114954240
1789633913	114954240
1789633918	114954240
1789633923	114954240
1789633928	114954240
1789633933	114954240
1789633938	114954240
1789633943	114954240
1789633948	114954240
1789633953	114954240
1789633958	114954240
1789633963	114954240
1789633968	114954240
1789633973	114954240
1789633978	114954240
1789633983	114954240
1789633988	114954240
1789633993	114954240
1789633998	114954240
1789634003	114954240
1789634008	114954240
1789634013	114954240
1789634018	114954240
1789634023	114954240
1789634028	114954240
1789634033	114954240
1789634038	114954240
1789634043	114954240
1789634048	114954240
1789634053	114954240
1789634058	114954240
1789634063	114954240
1789634068	114954240
1789634073	114954240
1789634078	114954240
1789634083	114954240
1789634088	114954240
1789634093	114954240
1789634098	114954240
1789634103	114954240
1789634108	114954240
1789634113	114954240
1789634118	114954240
1789634123	114954240
1789634128	114954240
1789634133	114954240
1789634138	114954240
1789634143	114954240
1789634148	114954240
1789634153	114954240
1789634158	114954240
1789634163	114954240
1789634168	114954240
1789634173	114954240
1789634178	114954240
1789634183	114954240
1789634188	114954240
1789634193	114954240
1789634198	114954240
1789634203	114954240
1789634208	114954240
1789634213	114954240
1789634218	114954240
1789634223	114954240
1789634228	114954240
1789634233	114954240
1789634238	114954240
1789634243	114954240
1789634248	114954240
1789634253	114954240
1789634258	114954240
1789634263	114954240
1789634268	114954240
1789634273	114954240
1789634278	114954240
1789634283	114954240
1789634288	114954240
1789634293	114954240
1789634298	114954240
1789634303	114954240
1789634308	114954240
1789634313	114954240
1789634318	114954240
1789634323	114954240
1789634328	114954240
1789634334	114954240
1789634339	114954240
1789634344	114954240
1789634349	114954240
1789634354	114954240
1789634359	114954240
1789634364	114954240
1789634369	114954240
1789634374	114954240
1789634379	114954240
1789634384	114954240
1789634389	114954240
1789634394	114954240
1789634399	114954240
1789634404	114954240
1789634409	114954240
1789634414	114954240
1789634419	114954240
1789634424	114954240
1789634429	114954240
1789634434	114954240
1789634439	114954240
1789634444	114954240
1789634449	114954240
1789634454	114954240
1789634459	114954240
1789634464	114954240
1789634469	114954240
1789634474	114954240
1789634479	114954240
1789634484	114954240
1789634489	114954240
1789634494	114954240
1789634499	114954240
1789634504	114954240
1789634509	114954240
1789634514	114954240
1789634519	114954240
1789634524	114954240
1789634529	114954240
1789634534	114954240
1789634539	114954240
1789634544	114954240
1789634549	114954240
1789634554	114954240
1789634559	114954240
1789634564	114954240
1789634569	114954240
1789634574	114954240
1789634579	114954240
1789634584	114954240
1789634589	114954240
1789634594	114954240
1789634599	114954240
1789634604	114954240
1789634609	114954240
1789634614	114954240
1789634619	114954240
1789634624	114954240
1789634629	114954240
1789634634	114954240
1789634639	114954240
1789634644	114954240
1789634649	114954240
1789634654	114954240
1789634659	114954240
1789634664	114954240
1789634669	114954240
1789634674	114954240
1789634679	114954240
1789634684	114954240
1789634689	114954240
1789634694	114954240
1789634699	114954240
1789634704	114954240
1789634709	114954240
1789634714	114954240
1789634719	114954240
1789634724	114954240
1789634729	114954240
1789634734	114954240
1789634739	114954240
1789634744	114954240
1789634749	114954240
1789634754	114954240
1789634759	114954240
1789634764	114954240
1789634769	114954240
1789634774	114954240
1789634779	114954240
1789634784	114954240
1789634789	114954240
1789634794	114954240
1789634799	114954240
1789634804	114954240
1789634809	114954240
1789634814	114954240
1789634819	114954240
1789634824	114954240
1789634829	114954240
1789634834	114954240
1789634839	114954240
1789634844	114954240
1789634849	114954240
1789634854	114954240
1789634859	114954240
1789634864	114954240
1789634869	114954240
1789634874	114954240
1789634879	114954240
1789634884	114954240
1789634889	114954240
1789634894	114954240
1789634899	114954240
1789634904	114954240
1789634909	114954240
1789634914	114954240
1789634919	114954240
1789634924	114954240
1789634929	114954240
1789634934	114954240
1789634939	114954240
1789634944	114954240
1789634949	114954240
1789634954	114954240
1789634959	114954240
1789634964	114954240
1789634969	114954240
1789634974	114954240
1789634979	114954240
1789634984	114954240
1789634989	114954240
1789634994	114954240
1789634999	114954240
1789635004	114954240
1789635009	114954240
1789635014	114954240
1789635019	114954240
1789635024	114954240
1789635029	114954240
1789635034	114954240
1789635039	114954240
1789635044	114954240
1789635049	114954240
1789635054	114954240
1789635059	114954240
1789635064	114954240
1789635069	114954240
1789635075	114954240
1789635080	114954240
1789635085	114954240
1789635090	114954240
1789635095	114954240
1789635100	114954240
1789635105	114954240
1789635110	114954240
1789635115	114954240
1789635120	114954240
1789635125	114954240
1789635130	114954240
1789635135	114954240
1789635140	114954240
1789635145	114954240
1789635150	114954240
1789635155	114954240
1789635160	114954240
1789635165	114954240
1789635170	114954240
1789635175	114954240
1789635180	114954240
1789635185	114954240
1789635190	114954240
1789635195	114954240
1789635200	114954240
1789635205	114954240
1789635210	114954240
1789635215	114954240
1789635220	114954240
1789635225	114954240
1789635230	114954240
1789635235	114954240
1789635240	114954240
1789635245	114954240
1789635250	114954240
1789635255	114954240
1789635260	114954240
1789635265	114954240
1789635270	114954240
1789635275	114954240
1789635280	114954240
1789635285	114954240
1789635290	114954240
1789635295	114954240
1789635300	114954240
1789635305	114954240
1789635310	114954240
1789635315	114954240
1789635320	114954240
1789635325	114954240
1789635330	114954240
1789635335	114954240
1789635340	114954240
1789635345	114954240
1789635350	114954240
1789635355	114954240
1789635360	114954240
1789635365	114954240
1789635370	114954240
1789635375	114954240
1789635380	114954240
1789635385	114954240
1789635390	114954240
1789635395	114954240
1789635400	114954240
1789635405	114954240
1789635410	114954240
1789635415	114954240
1789635420	114954240
1789635425	114954240
1789635430	114954240
1789635435	114954240
1789635440	114954240
1789635445	114954240
1789635450	114954240
1789635455	114954240
1789635460	114954240
1789635465	114954240
1789635470	114954240
1789635475	114954240
1789635480	114954240
1789635485	114954240
1789635490	114954240
1789635495	114954240
1789635500	114954240
1789635505	114954240
1789635510	114954240
1789635515	114954240
1789635520	114954240
1789635525	114954240
1789635530	114954240
1789635535	114954240
1789635540	114954240
1789635545	114954240
1789635550	114954240
1789635555	114954240
1789635560	114954240
1789635565	114954240
1789635570	114954240
1789635575	114954240
1789635580	114954240
1789635585	114954240
1789635590	114954240
1789635595	114954240
1789635600	114954240
1789635605	114954240
1789635610	114954240
1789635615	114954240
1789635620	114954240
1789635625	114954240
1789635630	114954240
1789635635	114954240
1789635640	114954240
1789635645	114954240
1789635650	114954240
1789635655	114954240
1789635660	114954240
1789635665	114954240
1789635670	114954240
1789635675	114954240
1789635680	114954240
1789635685	114954240
1789635690	114954240
1789635695	114954240
1789635700	114954240
1789635705	114954240
1789635710	114954240
1789635715	114954240
1789635720	114954240
1789635725	114954240
1789635730	114954240
1789635735	114954240
1789635740	114954240
1789635745	114954240
1789635750	114954240
1789635755	114954240
1789635760	114954240
1789635765	114954240
1789635770	114954240
1789635775	114954240
1789635780	114954240
1789635785	114954240
1789635790	114954240
1789635795	114954240
1789635801	114954240
1789635806	114954240
1789635811	114954240
1789635816	114954240
1789635821	114954240
1789635826	114954240
1789635831	114954240
1789635836	114954240
1789635841	114954240
1789635846	114954240
1789635851	114954240
1789635856	114954240
1789635861	114954240
1789635866	114954240
1789635871	114954240
1789635876	114954240
1789635881	114954240
1789635886	114954240
1789635891	114954240
1789635896	114954240
1789635901	114954240
1789635906	114954240
1789635911	114954240
1789635916	114954240
1789635921	114954240
1789635926	114954240
1789635931	114954240
1789635936	114954240
1789635941	114954240
1789635946	114954240
1789635951	114954240
1789635956	114954240
1789635961	114954240
1789635966	114954240
1789635971	114954240
1789635976	114954240
1789635981	114954240
1789635986	114954240
1789635991	114954240
1789635996	114954240
1789636001	114954240
1789636006	114954240
1789636011	114954240
1789636016	114954240
1789636021	114954240
1789636026	114954240
1789636031	114954240
1789636036	114954240
1789636041	114954240
1789636046	114954240
1789636051	114954240
1789636056	114954240
1789636061	114954240
1789636066	114954240
1789636071	114954240
1789636076	114954240
1789636081	114954240
1789636086	114954240
1789636091	114954240
1789636096	114954240
1789636101	114954240
1789636106	114954240
1789636111	114954240
1789636116	114954240
1789636121	114954240
1789636126	114954240
1789636131	114954240
1789636136	114954240
1789636141	114954240
1789636146	114954240
1789636151	114954240
1789636156	114954240
1789636161	114954240
1789636166	114954240
1789636171	114954240
1789636176	114954240
1789636181	114954240
1789636186	114954240
1789636191	114954240
1789636196	114954240
1789636201	114954240
1789636206	114954240
1789636211	114954240
1789636216	114954240
1789636221	114954240
1789636226	114954240
1789636231	114954240
1789636236	114954240
1789636241	114954240
1789636246	114954240
1789636251	114954240
1789636256	114954240
1789636261	114954240
1789636266	114954240
1789636271	114954240
1789636276	114954240
1789636281	114954240
1789636286	114954240
1789636291	114954240
1789636296	114954240
1789636301	114954240
1789636306	114954240
1789636311	114954240
1789636316	114954240
1789636321	114954240
1789636326	114954240
1789636331	114954240
1789636336	114954240
1789636341	114954240
1789636346	114954240
1789636351	114954240
1789636356	114954240
1789636361	114954240
1789636366	114954240
1789636371	114954240
1789636376	114954240
1789636381	114954240
1789636386	114954240
1789636391	114954240
1789636396	114954240
1789636401	114954240
1789636406	114954240
1789636411	114954240
1789636416	114954240
1789636421	114954240
1789636426	114954240
1789636431	114954240
1789636436	114954240
1789636441	114954240
1789636446	114954240
1789636451	114954240
1789636456	114954240
1789636461	114954240
1789636466	114954240
1789636471	114954240
1789636476	114954240
1789636481	114954240
1789636486	114954240
1789636491	114954240
1789636496	114954240
1789636501	114954240
1789636507	114954240
1789636512	114954240
1789636517	114954240
1789636522	114954240
1789636527	114954240
1789636532	114954240
1789636537	114954240
1789636542	114954240
1789636547	114954240
1789636552	114954240
1789636557	114954240
1789636562	114954240
1789636567	114954240
1789636572	114954240
1789636577	114954240
1789636582	114954240
1789636587	114954240
1789636592	114954240
1789636597	114954240
1789636602	114954240
1789636607	114954240
1789636612	114954240
1789636617	114954240
1789636622	114954240
1789636627	114954240
1789636632	114954240
1789636637	114954240
1789636642	114954240
1789636647	114954240
1789636652	114954240
1789636657	114954240
1789636662	114954240
1789636667	114954240
1789636672	114954240
1789636677	114954240
1789636682	114954240
1789636687	114954240
1789636692	114954240
1789636697	114954240
1789636702	114954240
1789636707	114954240
1789636712	114954240
1789636717	114954240
1789636722	114954240
1789636727	114954240
1789636732	114954240
1789636737	114954240
1789636742	114954240
1789636747	114954240
1789636752	114954240
1789636757	114954240
1789636762	114954240
1789636767	114954240
1789636772	114954240
1789636777	114954240
1789636782	114954240
1789636787	114954240
1789636792	114954240
1789636797	114954240
1789636802	114954240
1789636807	114954240
1789636812	114954240
1789636817	114954240
1789636822	114954240
1789636827	114954240
1789636832	114954240
1789636837	114954240
1789636842	114954240
1789636847	114954240
1789636852	114954240
1789636857	114954240
1789636862	114954240
1789636867	114954240
1789636872	114954240
1789636877	114954240
1789636882	114954240
1789636887	114954240
1789636892	114954240
1789636897	114954240
1789636902	114954240
1789636907	114954240
1789636912	114954240
1789636917	114954240
1789636922	114954240
1789636927	114954240
1789636932	114954240
1789636937	114954240
1789636942	114954240
1789636947	114954240
1789636952	114954240
1789636957	114954240
1789636962	114954240
1789636967	114954240
1789636972	114954240
1789636977	114954240
1789636982	114954240
1789636987	114954240
1789636992	114954240
1789636997	114954240
1789637002	114954240
1789637007	114954240
1789637012	114954240
1789637017	114954240
1789637022	114954240
1789637027	114954240
1789637032	114954240
1789637037	114954240
1789637042	114954240
1789637047	114954240
1789637052	114954240
1789637057	114954240
1789637062	114954240
1789637067	114954240
1789637072	114954240
1789637077	114954240
1789637082	114954240
1789637087	114954240
1789637092	114954240
1789637097	114954240
1789637102	114954240
1789637107	114954240
1789637112	114954240
1789637117	114954240
1789637122	114954240
1789637127	114954240
1789637132	114954240
1789637137	114954240
1789637142	114954240
1789637147	114954240
1789637152	114954240
1789637157	114954240
1789637162	114954240
1789637167	114954240
1789637172	114954240
1789637177	114954240
1789637182	114954240
1789637187	114954240
1789637192	114954240
1789637197	114954240
1789637202	114954240
1789637207	114954240
1789637212	114954240
1789637217	114954240
1789637222	114954240
1789637227	114954240
1789637232	114954240
1789637237	114954240
1789637242	114954240
1789637248	114954240
1789637253	114954240
1789637258	114954240
1789637263	114954240
1789637268	114954240
1789637273	114954240
1789637278	114954240
1789637283	114954240
1789637288	114954240
1789637293	114954240
1789637298	114954240
1789637303	114954240
1789637308	114954240
1789637313	114954240
1789637318	114954240
1789637323	114954240
1789637328	114954240
1789637333	114954240
1789637338	114954240
1789637343	114954240
1789637348	114954240
1789637353	114954240
1789637358	114954240
1789637363	114954240
1789637368	114954240
1789637373	114954240
1789637378	114954240
1789637383	114954240
1789637388	114954240
1789637393	114954240
1789637398	114954240
1789637403	114954240
1789637408	114954240
1789637413	114954240
1789637418	114954240
1789637423	114954240
1789637428	114954240
1789637433	114954240
1789637438	114954240
1789637443	114954240
1789637448	114954240
1789637453	114954240
1789637458	114954240
1789637463	114954240
1789637468	114954240
1789637473	114954240
1789637478	114954240
1789637483	114954240
1789637488	114954240
1789637493	114954240
1789637498	114954240
1789637503	114954240
1789637508	114954240
1789637513	114954240
1789637518	114954240
1789637523	114954240
1789637528	114954240
1789637533	114954240
1789637538	114954240
1789637543	114954240
1789637548	114954240
1789637553	114954240
1789637558	114954240
1789637563	114954240
1789637568	114954240
1789637573	114954240
1789637578	114954240
1789637583	114954240
1789637588	114954240
1789637593	114954240
1789637598	114954240
1789637603	114954240
1789637608	114954240
1789637613	114954240
1789637618	114954240
1789637623	114954240
1789637628	114954240
1789637633	114954240
1789637638	114954240
1789637643	114954240
1789637648	114954240
1789637653	114954240
1789637658	114954240
1789637663	114954240
1789637668	114954240
1789637673	114954240
1789637678	114954240
1789637683	114954240
1789637688	114954240
1789637693	114954240
1789637698	114954240
1789637703	114954240
1789637708	114954240
1789637713	114954240
1789637718	114954240
1789637723	114954240
1789637728	114954240
1789637733	114954240
1789637738	114954240
1789637743	114954240
1789637748	114954240
1789637753	114954240
1789637758	114954240
1789637763	114954240
1789637768	114954240
1789637773	114954240
1789637778	114954240
1789637783	114954240
1789637788	114954240
1789637793	114954240
1789637798	114954240
1789637803	114954240
1789637808	114954240
1789637813	114954240
1789637818	114954240
1789637823	114954240
1789637828	114954240
1789637833	114954240
1789637838	114954240
1789637843	114954240
1789637848	114954240
1789637853	114954240
1789637858	114954240
1789637863	114954240
1789637868	114954240
1789637873	114954240
1789637878	114954240
1789637883	114954240
1789637888	114954240
1789637893	114954240
1789637898	114954240
1789637903	114954240
1789637908	114954240
1789637913	114954240
1789637918	114954240
1789637923	114954240
1789637928	114954240
1789637933	114954240
1789637938	114954240
1789637943	114954240
1789637948	114954240
1789637953	114954240
1789637958	114954240
1789637963	114954240
1789637968	114954240
1789637973	114954240
1789637978	114954240
1789637984	114954240
1789637989	114954240
1789637994	114954240
1789637999	114954240
1789638004	114954240
1789638009	114954240
1789638014	114954240
1789638019	114954240
1789638024	114954240
1789638029	114954240
1789638034	114954240
1789638039	114954240
1789638044	114954240
1789638049	114954240
1789638054	114954240
1789638059	114954240
1789638064	114954240
1789638069	114954240
1789638074	114954240
1789638079	114954240
1789638084	114954240
1789638089	114954240
1789638094	114954240
1789638099	114954240
1789638104	114954240
1789638109	114954240
1789638114	114954240
1789638119	114954240
1789638124	114954240
1789638129	114954240
1789638134	114954240
1789638139	114954240
1789638144	114954240
1789638149	114954240
1789638154	114954240
1789638159	114954240
1789638164	114954240
1789638169	114954240
1789638174	114954240
1789638179	114954240
1789638184	114954240
1789638189	114954240
1789638194	114954240
1789638199	114954240
1789638204	114954240
1789638209	114954240
1789638214	114954240
1789638219	114954240
1789638224	114954240
1789638229	114954240
1789638234	114954240
1789638239	114954240
1789638244	114954240
1789638249	114954240
1789638254	114954240
1789638259	114954240
1789638264	114954240
1789638269	114954240
1789638274	114954240
1789638279	114954240
1789638284	114954240
1789638289	114954240
1789638294	114954240
1789638299	114954240
1789638304	114954240
1789638309	114954240
1789638314	114954240
1789638319	114954240
1789638324	114954240
1789638329	114954240
1789638334	114954240
1789638339	114954240
1789638344	114954240
1789638349	114954240
1789638354	114954240
1789638359	114954240
1789638364	114954240
1789638369	114954240
1789638374	114954240
1789638379	114954240
1789638384	114954240
1789638389	114954240
1789638394	114954240
1789638399	114954240
1789638404	114954240
1789638409	114954240
1789638414	114954240
1789638419	114954240
1789638424	114954240
1789638429	114954240
1789638434	114954240
1789638439	114954240
1789638444	114954240
1789638449	114954240
1789638454	114954240
1789638459	114954240
1789638464	114954240
1789638469	114954240
1789638474	114954240
1789638479	114954240
1789638484	114954240
1789638489	114954240
1789638494	114954240
1789638499	114954240
1789638504	114954240
1789638509	114954240
1789638514	114954240
1789638519	114954240
1789638524	114954240
1789638529	114954240
1789638534	114954240
1789638539	114954240
1789638544	114954240
1789638549	114954240
1789638554	114954240
1789638559	114954240
1789638564	114954240
1789638569	114954240
1789638574	114954240
1789638579	114954240
1789638584	114954240
1789638589	114954240
1789638594	114954240
1789638599	114954240
1789638604	114954240
1789638609	114954240
1789638614	114954240
1789638619	114954240
1789638624	114954240
1789638629	114954240
1789638634	114954240
1789638639	114954240
1789638644	114954240
1789638649	114954240
1789638654	114954240
1789638659	114954240
1789638664	114954240
1789638669	114954240
1789638674	114954240
1789638679	114954240
1789638684	114954240
1789638689	114954240
1789638694	114954240
1789638699	114954240
1789638704	114954240
1789638709	114954240
1789638715	114954240
1789638720	114954240
1789638725	114954240
1789638730	114954240
1789638735	114954240
1789638740	114954240
1789638745	114954240
1789638750	114954240
1789638755	114954240
1789638760	114954240
1789638765	114954240
1789638770	114954240
1789638775	114954240
1789638780	114954240
1789638785	114954240
1789638790	114954240
1789638795	114954240
1789638800	114954240
1789638805	114954240
1789638810	114954240
1789638815	114954240
1789638820	114954240
1789638825	114954240
1789638830	114954240
1789638835	114954240
1789638840	114954240
1789638845	114954240
1789638850	114954240
1789638855	114954240
1789638860	114954240
1789638865	114954240
1789638870	114954240
1789638875	114954240
1789638880	114954240
1789638885	114954240
1789638890	114954240
1789638895	114954240
1789638900	114954240
1789638905	114954240
1789638910	114954240
1789638915	114954240
1789638920	114954240
1789638925	114954240
1789638930	114954240
1789638935	114954240
1789638940	114954240
1789638945	114954240
1789638950	114954240
1789638955	114954240
1789638960	114954240
1789638965	114954240
1789638970	114954240
1789638975	114954240
1789638980	114954240
1789638985	114954240
1789638990	114954240
1789638995	114954240
1789639000	114954240
1789639005	114954240
1789639010	114954240
1789639015	114954240
1789639020	114954240
1789639025	114954240
1789639030	114954240
1789639035	114954240
1789639040	114954240
1789639045	114954240
1789639050	114954240
1789639055	114954240
1789639060	114954240
1789639065	114954240
1789639070	114954240
1789639075	114954240
1789639080	114954240
1789639085	114954240
1789639090	114954240
1789639095	114954240
1789639100	114954240
1789639105	114954240
1789639110	114954240
1789639115	114954240
1789639120	114954240
1789639125	114954240
1789639130	114954240
1789639135	114954240
1789639140	114954240
1789639145	114954240
1789639150	114954240
1789639155	114954240
1789639160	114954240
1789639165	114954240
1789639170	114954240
1789639175	114954240
1789639180	114954240
1789639185	114954240
1789639190	114954240
1789639195	114954240
1789639200	114954240
1789639205	114954240
1789639210	114954240
1789639215	114954240
1789639220	114954240
1789639225	114954240
1789639230	114954240
1789639235	114954240
1789639240	114954240
1789639245	114954240
1789639250	114954240
1789639255	114954240
1789639260	114954240
1789639265	114954240
1789639270	114954240
1789639275	114954240
1789639280	114954240
1789639285	114954240
1789639290	114954240
1789639295	114954240
1789639300	114954240
1789639305	114954240
1789639310	114954240
1789639315	114954240
1789639320	114954240
1789639325	114954240
1789639330	114954240
1789639335	114954240
1789639340	114954240
1789639345	114954240
1789639350	114954240
1789639355	114954240
1789639360	114954240
1789639365	114954240
1789639370	114954240
1789639375	114954240
1789639380	114954240
1789639385	114954240
1789639390	114954240
1789639395	114954240
1789639400	114954240
1789639405	114954240
1789639410	114954240
1789639415	114954240
1789639420	114954240
1789639425	114954240
1789639430	114954240
1789639435	114954240
1789639441	114954240
1789639446	114954240
1789639451	114954240
1789639456	114954240
1789639461	114954240
1789639466	114954240
1789639471	114954240
1789639476	114954240
1789639481	114954240
1789639486	114954240
1789639491	114954240
1789639496	114954240
1789639501	114954240
1789639506	114954240
1789639511	114954240
1789639516	114954240
1789639521	114954240
1789639526	114954240
1789639531	114954240
1789639536	114954240
1789639541	114954240
1789639546	114954240
1789639551	114954240
1789639556	114954240
1789639561	114954240
1789639566	114954240
1789639571	114954240
1789639576	114954240
1789639581	114954240
1789639586	114954240
1789639591	114954240
1789639596	114954240
1789639601	114954240
1789639606	114954240
1789639611	114954240
1789639616	114954240
1789639621	114954240
1789639626	114954240
1789639631	114954240
1789639636	114954240
1789639641	114954240
1789639646	114954240
1789639651	114954240
1789639656	114954240
1789639661	114954240
1789639666	114954240
1789639671	114954240
1789639676	114954240
1789639681	114954240
1789639686	114954240
1789639691	114954240
1789639696	114954240
1789639701	114954240
1789639706	114954240
1789639711	114954240
1789639716	114954240
1789639721	114954240
1789639726	114954240
1789639731	114954240
1789639736	114954240
1789639741	114954240
1789639746	114954240
1789639751	114954240
1789639756	114954240
1789639761	114954240
1789639766	114954240
1789639771	114954240
1789639776	114954240
1789639781	114954240
1789639786	114954240
1789639791	114954240
1789639796	114954240
1789639801	114954240
1789639806	114954240
1789639811	114954240
1789639816	114954240
1789639821	114954240
1789639826	114954240
1789639831	114954240
1789639836	114954240
1789639841	114954240
1789639846	114954240
1789639851	114954240
1789639856	114954240
1789639861	114954240
1789639866	114954240
1789639871	114954240
1789639876	114954240
1789639881	114954240
1789639886	114954240
1789639891	114954240
1789639896	114954240
1789639901	114954240
1789639906	114954240
1789639911	114954240
1789639916	114954240
1789639921	114954240
1789639926	114954240
1789639931	114954240
1789639936	114954240
1789639941	114954240
1789639946	114954240
1789639951	114954240
1789639956	114954240
1789639961	114954240
1789639966	114954240
1789639971	114954240
1789639976	114954240
1789639981	114954240
1789639986	114954240
1789639991	114954240
1789639996	114954240
1789640001	114954240
1789640006	114954240
1789640011	114954240
1789640016	114954240
1789640021	114954240
1789640026	114954240
1789640031	114954240
1789640036	114954240
1789640041	114954240
1789640046	114954240
1789640051	114954240
1789640056	114954240
1789640061	114954240
1789640066	114954240
1789640071	114954240
1789640076	114954240
1789640081	114954240
1789640086	114954240
1789640091	114954240
1789640096	114954240
1789640101	114954240
1789640106	114954240
1789640111	114954240
1789640116	114954240
1789640121	114954240
1789640126	114954240
1789640131	114954240
1789640136	114954240
1789640141	114954240
1789640146	114954240
1789640151	114954240
1789640156	114954240
1789640161	114954240
1789640167	114954240
1789640172	114954240
1789640177	114954240
1789640182	114954240
1789640187	114954240
1789640192	114954240
1789640197	114954240
1789640202	114954240
1789640207	114954240
1789640212	114954240
1789640217	114954240
1789640222	114954240
1789640227	114954240
1789640232	114954240
1789640237	114954240
1789640242	114954240
1789640247	114954240
1789640252	114954240
1789640257	114954240
1789640262	114954240
1789640267	114954240
1789640272	114954240
1789640277	114954240
1789640282	114954240
1789640287	114954240
1789640292	114954240
1789640297	114954240
1789640302	114954240
1789640307	114954240
1789640312	114954240
1789640317	114954240
1789640322	114954240
1789640327	114954240
1789640332	114954240
1789640337	114954240
1789640342	114954240
1789640347	114954240
1789640352	114954240
1789640357	114954240
1789640362	114954240
1789640367	114954240
1789640372	114954240
1789640377	114954240
1789640382	114954240
1789640387	114954240
1789640392	114954240
1789640397	114954240
1789640402	114954240
1789640407	114954240
1789640412	114954240
1789640417	114954240
1789640422	114954240
1789640427	114954240
1789640432	114954240
1789640437	114954240
1789640442	114954240
1789640447	114954240
1789640452	114954240
1789640457	114954240
1789640462	114954240
1789640467	114954240
1789640472	114954240
1789640477	114954240
1789640482	114954240
1789640487	114954240
1789640492	114954240
1789640497	114954240
1789640502	114954240
1789640507	114954240
1789640512	114954240
1789640517	114954240
1789640522	114954240
1789640527	114954240
1789640532	114954240
1789640537	114954240
1789640542	114954240
1789640547	114954240
1789640552	114954240
1789640557	114954240
1789640562	114954240
1789640567	114954240
1789640572	114954240
1789640577	114954240
1789640582	114954240
1789640587	114954240
1789640592	114954240
1789640597	114954240
1789640602	114954240
1789640607	114954240
1789640612	114954240
1789640617	114954240
1789640622	114954240
1789640627	114954240
1789640632	114954240
1789640637	114954240
1789640642	114954240
1789640647	114954240
1789640652	114954240
1789640657	114954240
1789640662	114954240
1789640667	114954240
1789640672	114954240
1789640677	114954240
1789640682	114954240
1789640687	114954240
1789640692	114954240
1789640697	114954240
1789640702	114954240
1789640707	114954240
1789640712	114954240
1789640717	114954240
1789640722	114954240
1789640727	114954240
1789640732	114954240
1789640737	114954240
1789640742	114954240
1789640747	114954240
1789640752	114954240
1789640757	114954240
1789640762	114954240
1789640767	114954240
1789640772	114954240
1789640777	114954240
1789640782	114954240
1789640787	114954240
1789640792	114954240
1789640797	114954240
1789640802	114954240
1789640807	114954240
1789640812	114954240
1789640817	114954240
1789640822	114954240
1789640827	114954240
1789640832	114954240
1789640837	114954240
1789640842	114954240
1789640847	114954240
1789640852	114954240
1789640857	114954240
1789640862	114954240
1789640867	114954240
1789640872	114954240
1789640877	114954240
1789640882	114954240
1789640887	114954240
1789640892	114954240
1789640897	114954240
1789640903	114954240
1789640908	114954240
1789640913	114954240
1789640918	114954240
1789640923	114954240
1789640928	114954240
1789640933	114954240
1789640938	114954240
1789640943	114954240
1789640948	114954240
1789640953	114954240
1789640958	114954240
1789640963	114954240
1789640968	114954240
1789640973	114954240
1789640978	114954240
1789640983	114954240
1789640988	114954240
1789640993	114954240
1789640998	114954240
1789641003	114954240
1789641008	114954240
1789641013	114954240
1789641018	114954240
1789641023	114954240
1789641028	114954240
1789641033	114954240
1789641038	114954240
1789641043	114954240
1789641048	114954240
1789641053	114954240
1789641058	114954240
1789641063	114954240
1789641068	114954240
1789641073	114954240
1789641078	114954240
1789641083	114954240
1789641088	114954240
1789641093	114954240
1789641098	114954240
1789641103	114954240
1789641108	114954240
1789641113	114954240
1789641118	114954240
1789641123	114954240
1789641128	114954240
1789641133	114954240
1789641138	114954240
1789641143	114954240
1789641148	114954240
1789641153	114954240
1789641158	114954240
1789641163	114954240
1789641168	114954240
1789641173	114954240
1789641178	114954240
1789641183	114954240
1789641188	114954240
1789641193	114954240
1789641198	114954240
1789641203	114954240
1789641208	114954240
1789641213	114954240
1789641218	114954240
1789641223	114954240
1789641228	114954240
1789641233	114954240
1789641238	114954240
1789641243	114954240
1789641248	114954240
1789641253	114954240
1789641258	114954240
1789641263	114954240
1789641268	114954240
1789641273	114954240
1789641278	114954240
1789641283	114954240
1789641288	114954240
1789641293	114954240
1789641298	114954240
1789641303	114954240
1789641308	114954240
1789641313	114954240
1789641318	114954240
1789641323	114954240
1789641328	114954240
1789641333	114954240
1789641338	114954240
1789641343	114954240
1789641348	114954240
1789641353	114954240
1789641358	114954240
1789641363	114954240
1789641368	114954240
1789641373	114954240
1789641378	114954240
1789641383	114954240
1789641388	114954240
1789641393	114954240
1789641398	114954240
1789641403	114954240
1789641408	114954240
1789641413	114954240
1789641418	114954240
1789641423	114954240
1789641428	114954240
1789641433	114954240
1789641438	114954240
1789641443	114954240
1789641448	114954240
1789641453	114954240
1789641458	114954240
1789641463	114954240
1789641468	114954240
1789641473	114954240
1789641478	114954240
1789641483	114954240
1789641488	114954240
1789641493	114954240
1789641498	114954240
1789641503	114954240
1789641508	114954240
1789641513	114954240
1789641518	114954240
1789641523	114954240
1789641528	114954240
1789641533	114954240
1789641538	114954240
1789641543	114954240
1789641548	114954240
1789641553	114954240
1789641558	114954240
1789641563	114954240
1789641568	114954240
1789641573	114954240
1789641578	114954240
1789641583	114954240
1789641588	114954240
1789641593	114954240
1789641598	114954240
1789641603	114954240
1789641608	114954240
1789641613	114954240
1789641618	114954240
1789641623	114954240
1789641628	114954240
1789641633	114954240
1789641638	114954240
1789641643	114954240
1789641649	114954240
1789641654	114954240
1789641659	114954240
1789641664	114954240
1789641669	114954240
1789641674	114954240
1789641679	114954240
1789641684	114954240
1789641689	114954240
1789641694	114954240
1789641699	114954240
1789641704	114954240
1789641709	114954240
1789641714	114954240
1789641719	114954240
1789641724	114954240
1789641729	114954240
1789641734	114954240
1789641739	114954240
1789641744	114954240
1789641749	114954240
1789641754	114954240
1789641759	114954240
1789641764	114954240
1789641769	114954240
1789641774	114954240
1789641779	114954240
1789641784	114954240
1789641789	114954240
1789641794	114954240
1789641799	114954240
1789641804	114954240
1789641809	114954240
1789641814	114954240
1789641819	114954240
1789641824	114954240
1789641829	114954240
1789641834	114954240
1789641839	114954240
1789641844	114954240
1789641849	114954240
1789641854	114954240
1789641859	114954240
1789641864	114954240
1789641869	114954240
1789641874	114954240
1789641879	114954240
1789641884	114954240
1789641889	114954240
1789641894	114954240
1789641899	114954240
1789641904	114954240
1789641909	114954240
1789641914	114954240
1789641919	114954240
1789641924	114954240
1789641929	114954240
1789641934	114954240
1789641939	114954240
1789641944	114954240
1789641949	114954240
1789641954	114954240
1789641959	114954240
1789641964	114954240
1789641969	114954240
1789641974	114954240
1789641979	114954240
1789641984	114954240
1789641989	114954240
1789641994	114954240
1789641999	114954240
1789642004	114954240
1789642009	114954240
1789642014	114954240
1789642019	114954240
1789642024	114954240
1789642029	114954240
1789642034	114954240
1789642039	114954240
1789642044	114954240
1789642049	114954240
1789642054	114954240
1789642059	114954240
1789642064	114954240
1789642069	114954240
1789642074	114954240
1789642079	114954240
1789642084	114954240
1789642089	114954240
1789642094	114954240
1789642099	114954240
1789642104	114954240
1789642109	114954240
1789642114	114954240
1789642119	114954240
1789642124	114954240
1789642129	114954240
1789642134	114954240
1789642139	114954240
1789642144	114954240
1789642149	114954240
1789642154	114954240
1789642159	114954240
1789642164	114954240
1789642169	114954240
1789642174	114954240
1789642179	114954240
1789642184	114954240
1789642189	114954240
1789642194	114954240
1789642199	114954240
1789642204	114954240
1789642209	114954240
1789642214	114954240
1789642219	114954240
1789642224	114954240
1789642229	114954240
1789642234	114954240
1789642239	114954240
1789642244	114954240
1789642249	114954240
1789642254	114954240
1789642259	114954240
1789642264	114954240
1789642269	114954240
1789642274	114954240
1789642279	114954240
1789642284	114954240
1789642289	114954240
1789642294	114954240
1789642299	114954240
1789642304	114954240
1789642309	114954240
1789642314	114954240
1789642319	114954240
1789642324	114954240
1789642329	114954240
1789642334	114954240
1789642339	114954240
1789642344	114954240
1789642349	114954240
1789642354	114954240
1789642359	114954240
1789642364	114954240
1789642369	114954240
1789642374	114954240
1789642380	114954240
1789642385	114954240
1789642390	114954240
1789642395	114954240
1789642400	114954240
1789642405	114954240
1789642410	114954240
1789642415	114954240
1789642420	114954240
1789642425	114954240
1789642430	114954240
1789642435	114954240
1789642440	114954240
1789642445	114954240
1789642450	114954240
1789642455	114954240
1789642460	114954240
1789642465	114954240
1789642470	114954240
1789642475	114954240
1789642480	114954240
1789642485	114954240
1789642490	114954240
1789642495	114954240
1789642500	114954240
1789642505	114954240
1789642510	114954240
1789642515	114954240
1789642520	114954240
1789642525	114954240
1789642530	114954240
1789642535	114954240
1789642540	114954240
1789642545	114954240
1789642550	114954240
1789642555	114954240
1789642560	114954240
1789642565	114954240
1789642570	114954240
1789642575	114954240
1789642580	114954240
1789642585	114954240
1789642590	114954240
1789642595	114954240
1789642600	114954240
1789642605	114954240
1789642610	114954240
1789642615	114954240
1789642620	114954240
1789642625	114954240
1789642630	114954240
1789642635	114954240
1789642640	114954240
1789642645	114954240
1789642650	114954240
1789642655	114954240
1789642660	114954240
1789642665	114954240
1789642670	114954240
1789642675	114954240
1789642680	114954240
1789642685	114954240
1789642690	114954240
1789642695	114954240
1789642700	114954240
1789642705	114954240
1789642710	114954240
1789642715	114954240
1789642720	114954240
1789642725	114954240
1789642730	114954240
1789642735	114954240
1789642740	114954240
1789642745	114954240
1789642750	114954240
1789642755	114954240
1789642760	114954240
1789642765	114954240
1789642770	114954240
1789642775	114954240
1789642780	114954240
1789642785	114954240
1789642790	114954240
1789642795	114954240
1789642800	114954240
1789642805	114954240
1789642810	114954240
1789642815	114954240
1789642820	114954240
1789642825	114954240
1789642830	114954240
1789642835	114954240
1789642840	114954240
1789642845	114954240
1789642850	114954240
1789642855	114954240
1789642860	114954240
1789642865	114954240
1789642870	114954240
1789642875	114954240
1789642880	114954240
1789642885	114954240
1789642890	114954240
1789642895	114954240
1789642900	114954240
1789642905	114954240
1789642910	114954240
1789642915	114954240
1789642920	114954240
1789642925	114954240
1789642930	114954240
1789642935	114954240
1789642940	114954240
1789642945	114954240
1789642950	114954240
1789642955	114954240
1789642960	114954240
1789642965	114954240
1789642970	114954240
1789642975	114954240
1789642980	114954240
1789642985	114954240
1789642990	114954240
1789642995	114954240
1789643000	114954240
1789643005	114954240
1789643010	114954240
1789643015	114954240
1789643020	114954240
1789643025	114954240
1789643030	114954240
1789643035	114954240
1789643040	114954240
1789643045	114954240
1789643050	114954240
1789643055	114954240
1789643060	114954240
1789643065	114954240
1789643070	114954240
1789643075	114954240
1789643080	114954240
1789643085	114954240
1789643090	114954240
1789643095	114954240
1789643100	114954240
1789643105	114954240
1789643110	114954240
1789643115	114954240
1789643121	114954240
1789643126	114954240
1789643131	114954240
1789643136	114954240
1789643141	114954240
1789643146	114954240
1789643151	114954240
1789643156	114954240
1789643161	114954240
1789643166	114954240
1789643171	114954240
1789643176	114954240
1789643181	114954240
1789643186	114954240
1789643191	114954240
1789643196	114954240
1789643201	114954240
1789643206	114954240
1789643211	114954240
1789643216	114954240
1789643221	114954240
1789643226	114954240
1789643231	114954240
1789643236	114954240
1789643241	114954240
1789643246	114954240
1789643251	114954240
1789643256	114954240
1789643261	114954240
1789643266	114954240
1789643271	114954240
1789643276	114954240
1789643281	114954240
1789643286	114954240
1789643291	114954240
1789643296	114954240
1789643301	114954240
1789643306	114954240
1789643311	114954240
1789643316	114954240
1789643321	114954240
1789643326	114954240
1789643331	114954240
1789643336	114954240
1789643341	114954240
1789643346	114954240
1789643351	114954240
1789643356	114954240
1789643361	114954240
1789643366	114954240
1789643371	114954240
1789643376	114954240
1789643381	114954240
1789643386	114954240
1789643391	114954240
1789643396	114954240
1789643401	114954240
1789643406	114954240
1789643411	114954240
1789643416	114954240
1789643421	114954240
1789643426	114954240
1789643431	114954240
1789643436	114954240
1789643441	114954240
1789643446	114954240
1789643451	114954240
1789643456	114954240
1789643461	114954240
1789643466	114954240
1789643471	114954240
1789643476	114954240
1789643481	114954240
1789643486	114954240
1789643491	114954240
1789643496	114954240
1789643501	114954240
1789643506	114954240
1789643511	114954240
1789643516	114954240
1789643521	114954240
1789643526	114954240
1789643531	114954240
1789643536	114954240
1789643541	114954240
1789643546	114954240
1789643551	114954240
1789643556	114954240
1789643561	114954240
1789643566	114954240
1789643571	114954240
1789643576	114954240
1789643581	114954240
1789643586	114954240
1789643591	114954240
1789643596	114954240
1789643601	114954240
1789643606	114954240
1789643611	114954240
1789643616	114954240
1789643621	114954240
1789643626	114954240
1789643631	114954240
1789643636	114954240
1789643641	114954240
1789643646	114954240
1789643651	114954240
1789643656	114954240
1789643661	114954240
1789643666	114954240
1789643671	114954240
1789643676	114954240
1789643681	114954240
1789643686	114954240
1789643691	114954240
1789643696	114954240
1789643701	114954240
1789643706	114954240
1789643711	114954240
1789643716	114954240
1789643721	114954240
1789643726	114954240
1789643731	114954240
1789643736	114954240
1789643741	114954240
1789643746	114954240
1789643751	114954240
1789643756	114954240
1789643761	114954240
1789643766	114954240
1789643771	114954240
1789643776	114954240
1789643781	114954240
1789643786	114954240
1789643791	114954240
1789643796	114954240
1789643801	114954240
1789643806	114954240
1789643811	114954240
1789643816	114954240
1789643821	114954240
1789643826	114954240
1789643831	114954240
1789643836	114954240
1789643841	114954240
1789643846	114954240
1789643851	114954240
1789643856	114954240
1789643862	114954240
1789643867	114954240
1789643872	114954240
1789643877	114954240
1789643882	114954240
1789643887	114954240
1789643892	114954240
1789643897	114954240
1789643902	114954240
1789643907	114954240
1789643912	114954240
1789643917	114954240
1789643922	114954240
1789643927	114954240
1789643932	114954240
1789643937	114954240
1789643942	114954240
1789643947	114954240
1789643952	114954240
1789643957	114954240
1789643962	114954240
1789643967	114954240
1789643972	114954240
1789643977	114954240
1789643982	114954240
1789643987	114954240
1789643992	114954240
1789643997	114954240
1789644002	114954240
1789644007	114954240
1789644012	114954240
1789644017	114954240
1789644022	114954240
1789644027	114954240
1789644032	114954240
1789644037	114954240
1789644042	114954240
1789644047	114954240
1789644052	114954240
1789644057	114954240
1789644062	114954240
1789644067	114954240
1789644072	114954240
1789644077	114954240
1789644082	114954240
1789644087	114954240
1789644092	114954240
1789644097	114954240
1789644102	114954240
1789644107	114954240
1789644112	114954240
1789644117	114954240
1789644122	114954240
1789644127	114954240
1789644132	114954240
1789644137	114954240
1789644142	114954240
1789644147	114954240
1789644152	114954240
1789644157	114954240
1789644162	114954240
1789644167	114954240
1789644172	114954240
1789644177	114954240
1789644182	114954240
1789644187	114954240
1789644192	114954240
1789644197	114954240
1789644202	114954240
1789644207	114954240
1789644212	114954240
1789644217	114954240
1789644222	114954240
1789644227	114954240
1789644232	114954240
1789644237	114954240
1789644242	114954240
1789644247	114954240
1789644252	114954240
1789644257	114954240
1789644262	114954240
1789644267	114954240
1789644272	114954240
1789644277	114954240
1789644282	114954240
1789644287	114954240
1789644292	114954240
1789644297	114954240
1789644302	114954240
1789644307	114954240
1789644312	114954240
1789644317	114954240
1789644322	114954240
1789644327	114954240
1789644332	114954240
1789644337	114954240
1789644342	114954240
1789644347	114954240
1789644352	114954240
1789644357	114954240
1789644362	114954240
1789644367	114954240
1789644372	114954240
1789644377	114954240
1789644382	114954240
1789644387	114954240
1789644392	114954240
1789644397	114954240
1789644402	114954240
1789644407	114954240
1789644412	114954240
1789644417	114954240
1789644422	114954240
1789644427	114954240
1789644432	114954240
1789644437	114954240
1789644442	114954240
1789644447	114954240
1789644452	114954240
1789644457	114954240
1789644462	114954240
1789644467	114954240
1789644472	114954240
1789644477	114954240
1789644482	114954240
1789644487	114954240
1789644492	114954240
1789644497	114954240
1789644502	114954240
1789644507	114954240
1789644512	114954240
1789644517	114954240
1789644522	114954240
1789644527	114954240
1789644532	114954240
1789644537	114954240
1789644542	114954240
1789644547	114954240
1789644552	114954240
1789644557	114954240
1789644562	114954240
1789644567	114954240
1789644572	114954240
1789644577	114954240
1789644582	114954240
1789644587	114954240
1789644593	114954240
1789644598	114954240
1789644603	114954240
1789644608	114954240
1789644613	114954240
1789644618	114954240
1789644623	114954240
1789644628	114954240
1789644633	114954240
1789644638	114954240
1789644643	114954240
1789644648	114954240
1789644653	114954240
1789644658	114954240
1789644663	114954240
1789644668	114954240
1789644673	114954240
1789644678	114954240
1789644683	114954240
1789644688	114954240
1789644693	114954240
1789644698	114954240
1789644703	114954240
1789644708	114954240
1789644713	114954240
1789644718	114954240
1789644723	114954240
1789644728	114954240
1789644733	114954240
1789644738	114954240
1789644743	114954240
1789644748	114954240
1789644753	114954240
1789644758	114954240
1789644763	114954240
1789644768	114954240
1789644773	114954240
1789644778	114954240
1789644783	114954240
1789644788	114954240
1789644793	114954240
1789644798	114954240
1789644803	114954240
1789644808	114954240
1789644813	114954240
1789644818	114954240
1789644823	114954240
1789644828	114954240
1789644833	114954240
1789644838	114954240
1789644843	114954240
1789644848	114954240
1789644853	114954240
1789644858	114954240
1789644863	114954240
1789644868	114954240
1789644873	114954240
1789644878	114954240
1789644883	114954240
1789644888	114954240
1789644893	114954240
1789644898	114954240
1789644903	114954240
1789644908	114954240
1789644913	114954240
1789644918	114954240
1789644923	114954240
1789644928	114954240
1789644933	114954240
1789644938	114954240
1789644943	114954240
1789644948	114954240
1789644953	114954240
1789644958	114954240
1789644963	114954240
1789644968	114954240
1789644973	114954240
1789644978	114954240
1789644983	114954240
1789644988	114954240
1789644993	114954240
1789644998	114954240
1789645003	114954240
1789645008	114954240
1789645013	114954240
1789645018	114954240
1789645023	114954240
1789645028	114954240
1789645033	114954240
1789645038	114954240
1789645043	114954240
1789645048	114954240
1789645053	114954240
1789645058	114954240
1789645063	114954240
1789645068	114954240
1789645073	114954240
1789645078	114954240
1789645083	114954240
1789645088	114954240
1789645093	114954240
1789645098	114954240
1789645103	114954240
1789645108	114954240
1789645113	114954240
1789645118	114954240
1789645123	114954240
1789645128	114954240
1789645133	114954240
1789645138	114954240
1789645143	114954240
1789645148	114954240
1789645153	114954240
1789645158	114954240
1789645163	114954240
1789645168	114954240
1789645173	114954240
1789645178	114954240
1789645183	114954240
1789645188	114954240
1789645193	114954240
1789645198	114954240
1789645203	114954240
1789645208	114954240
1789645213	114954240
1789645218	114954240
1789645223	114954240
1789645228	114954240
1789645233	114954240
1789645238	114954240
1789645243	114954240
1789645248	114954240
1789645253	114954240
1789645258	114954240
1789645263	114954240
1789645268	114954240
1789645273	114954240
1789645278	114954240
1789645283	114954240
1789645288	114954240
1789645293	114954240
1789645298	114954240
1789645303	114954240
1789645308	114954240
1789645313	114954240
1789645318	114954240
1789645324	114954240
1789645329	114954240
1789645334	114954240
1789645339	114954240
1789645344	114954240
1789645349	114954240
1789645354	114954240
1789645359	114954240
1789645364	114954240
1789645369	114954240
1789645374	114954240
1789645379	114954240
1789645384	114954240
1789645389	114954240
1789645394	114954240
1789645399	114954240
1789645404	114954240
1789645409	114954240
1789645414	114954240
1789645419	114954240
1789645424	114954240
1789645429	114954240
1789645434	114954240
1789645439	114954240
1789645444	114954240
1789645449	114954240
1789645454	114954240
1789645459	114954240
1789645464	114954240
1789645469	114954240
1789645474	114954240
1789645479	114954240
1789645484	114954240
1789645489	114954240
1789645494	114954240
1789645499	114954240
1789645504	114954240
1789645509	114954240
1789645514	114954240
1789645519	114954240
1789645524	114954240
1789645529	114954240
1789645534	114954240
1789645539	114954240
1789645544	114954240
1789645549	114954240
1789645554	114954240
1789645559	114954240
1789645564	114954240
1789645569	114954240
1789645574	114954240
1789645579	114954240
1789645584	114954240
1789645589	114954240
1789645594	114954240
1789645599	114954240
1789645604	114954240
1789645609	114954240
1789645614	114954240
1789645619	114954240
1789645624	114954240
1789645629	114954240
1789645634	114954240
1789645639	114954240
1789645644	114954240
1789645649	114954240
1789645654	114954240
1789645659	114954240
1789645664	114954240
1789645669	114954240
1789645674	114954240
1789645679	114954240
1789645684	114954240
1789645689	114954240
1789645694	114954240
1789645699	114954240
1789645704	114954240
1789645709	114954240
1789645714	114954240
1789645719	114954240
1789645724	114954240
1789645729	114954240
1789645734	114954240
1789645739	114954240
1789645744	114954240
1789645749	114954240
1789645754	114954240
1789645759	114954240
1789645764	114954240
1789645769	114954240
1789645774	114954240
1789645779	114954240
1789645784	114954240
1789645789	114954240
1789645794	114954240
1789645799	114954240
1789645804	114954240
1789645809	114954240
1789645814	114954240
1789645819	114954240
1789645824	114954240
1789645829	114954240
1789645834	114954240
1789645839	114954240
1789645844	114954240
1789645849	114954240
1789645854	114954240
1789645859	114954240
1789645864	114954240
1789645869	114954240
1789645874	114954240
1789645879	114954240
1789645884	114954240
1789645889	114954240
1789645894	114954240
1789645899	114954240
1789645904	114954240
1789645909	114954240
1789645914	114954240
1789645919	114954240
1789645924	114954240
1789645929	114954240
1789645934	114954240
1789645939	114954240
1789645944	114954240
1789645949	114954240
1789645954	114954240
1789645959	114954240
1789645964	114954240
1789645969	114954240
1789645974	114954240
1789645979	114954240
1789645984	114954240
1789645989	114954240
1789645994	114954240
1789645999	114954240
1789646004	114954240
1789646009	114954240
1789646014	114954240
1789646019	114954240
1789646024	114954240
1789646029	114954240
1789646034	114954240
1789646039	114954240
1789646044	114954240
1789646049	114954240
1789646054	114954240
1789646059	114954240
1789646064	114954240
1789646070	114954240
1789646075	114954240
1789646080	114954240
1789646085	114954240
1789646090	114954240
1789646095	114954240
1789646100	114954240
1789646105	114954240
1789646110	114954240
1789646115	114954240
1789646120	114954240
1789646125	114954240
1789646130	114954240
1789646135	114954240
1789646140	114954240
1789646145	114954240
1789646150	114954240
1789646155	114954240
1789646160	114954240
1789646165	114954240
1789646170	114954240
1789646175	114954240
1789646180	114954240
1789646185	114954240
1789646190	114954240
1789646195	114954240
1789646200	114954240
1789646205	114954240
1789646210	114954240
1789646215	114954240
1789646220	114954240
1789646225	114954240
1789646230	114954240
1789646235	114954240
1789646240	114954240
1789646245	114954240
1789646250	114954240
1789646255	114954240
1789646260	114954240
1789646265	114954240
1789646270	114954240
1789646275	114954240
1789646280	114954240
1789646285	114954240
1789646290	114954240
1789646295	114954240
1789646300	114954240
1789646305	114954240
1789646310	114954240
1789646315	114954240
1789646320	114954240
1789646325	114954240
1789646330	114954240
1789646335	114954240
1789646340	114954240
1789646345	114954240
1789646350	114954240
1789646355	114954240
1789646360	114954240
1789646365	114954240
1789646370	114954240
1789646375	114954240
1789646380	114954240
1789646385	114954240
1789646390	114954240
1789646395	114954240
1789646400	114954240
1789646405	114954240
1789646410	114954240
1789646415	114954240
1789646420	114954240
1789646425	114954240
1789646430	114954240
1789646435	114954240
1789646440	114954240
1789646445	114954240
1789646450	114954240
1789646455	114954240
1789646460	114954240
1789646465	114954240
1789646470	114954240
1789646475	114954240
1789646480	114954240
1789646485	114954240
1789646490	114954240
1789646495	114954240
1789646500	114954240
1789646505	114954240
1789646510	114954240
1789646515	114954240
1789646520	114954240
1789646525	114954240
1789646530	114954240
1789646535	114954240
1789646540	114954240
1789646545	114954240
1789646550	114954240
1789646555	114954240
1789646560	114954240
1789646565	114954240
1789646570	114954240
1789646575	114954240
1789646580	114954240
1789646585	114954240
1789646590	114954240
1789646595	114954240
1789646600	114954240
1789646605	114954240
1789646610	114954240
1789646615	114954240
1789646620	114954240
1789646625	114954240
1789646630	114954240
1789646635	114954240
1789646640	114954240
1789646645	114954240
1789646650	114954240
1789646655	114954240
1789646660	114954240
1789646665	114954240
1789646670	114954240
1789646675	114954240
1789646680	114954240
1789646685	114954240
1789646690	114954240
1789646695	114954240
1789646700	114954240
1789646705	114954240
1789646710	114954240
1789646715	114954240
1789646720	114954240
1789646725	114954240
1789646730	114954240
1789646735	114954240
1789646740	114954240
1789646745	114954240
1789646750	114954240
1789646755	114954240
1789646760	114954240
1789646765	114954240
1789646770	114954240
1789646775	114954240
1789646780	114954240
1789646785	114954240
1789646790	114954240
1789646795	114954240
1789646800	114954240
1789646806	114954240
1789646811	114954240
1789646816	114954240
1789646821	114954240
1789646826	114954240
1789646831	114954240
1789646836	114954240
1789646841	114954240
1789646846	114954240
1789646851	114954240
1789646856	114954240
1789646861	114954240
1789646866	114954240
1789646871	114954240
1789646876	114954240
1789646881	114954240
1789646886	114954240
1789646891	114954240
1789646896	114954240
1789646901	114954240
1789646906	114954240
1789646911	114954240
1789646916	114954240
1789646921	114954240
1789646926	114954240
1789646931	114954240
1789646936	114954240
1789646941	114954240
1789646946	114954240
1789646951	114954240
1789646956	114954240
1789646961	114954240
1789646966	114954240
1789646971	114954240
1789646976	114954240
1789646981	114954240
1789646986	114954240
1789646991	114954240
1789646996	114954240
1789647001	114954240
1789647006	114954240
1789647011	114954240
1789647016	114954240
1789647021	114954240
1789647026	114954240
1789647031	114954240
1789647036	114954240
1789647041	114954240
1789647046	114954240
1789647051	114954240
1789647056	114954240
1789647061	114954240
1789647066	114954240
1789647071	114954240
1789647076	114954240
1789647081	114954240
1789647086	114954240
1789647091	114954240
1789647096	114954240
1789647101	114954240
1789647106	114954240
1789647111	114954240
1789647116	114954240
1789647121	114954240
1789647126	114954240
1789647131	114954240
1789647136	114954240
1789647141	114954240
1789647146	114954240
1789647151	114954240
1789647156	114954240
1789647161	114954240
1789647166	114954240
1789647171	114954240
1789647176	114954240
1789647181	114954240
1789647186	114954240
1789647191	114954240
1789647196	114954240
1789647201	114954240
1789647206	114954240
1789647211	114954240
1789647216	114954240
1789647221	114954240
1789647226	114954240
1789647231	114954240
1789647236	114954240
1789647241	114954240
1789647246	114954240
1789647251	114954240
1789647256	114954240
1789647261	114954240
1789647266	114954240
1789647271	114954240
1789647276	114954240
1789647281	114954240
1789647286	114954240
1789647291	114954240
1789647296	114954240
1789647301	114954240
1789647306	114954240
1789647311	114954240
1789647316	114954240
1789647321	114954240
1789647326	114954240
1789647331	114954240
1789647336	114954240
1789647341	114954240
1789647346	114954240
1789647351	114954240
1789647356	114954240
1789647361	114954240
1789647366	114954240
1789647371	114954240
1789647376	114954240
1789647381	114954240
1789647386	114954240
1789647391	114954240
1789647396	114954240
1789647401	114954240
1789647406	114954240
1789647411	114954240
1789647416	114954240
1789647421	114954240
1789647426	114954240
1789647431	114954240
1789647436	114954240
1789647441	114954240
1789647446	114954240
1789647451	114954240
1789647456	114954240
1789647461	114954240
1789647466	114954240
1789647471	114954240
1789647476	114954240
1789647481	114954240
1789647486	114954240
1789647491	114954240
1789647496	114954240
1789647501	114954240
1789647506	114954240
1789647511	114954240
1789647516	114954240
1789647521	114954240
1789647526	114954240
1789647531	114954240
1789647536	114954240
1789647541	114954240
1789647547	114954240
1789647552	114954240
1789647557	114954240
1789647562	114954240
1789647567	114954240
1789647572	114954240
1789647577	114954240
1789647582	114954240
1789647587	114954240
1789647592	114954240
1789647597	114954240
1789647602	114954240
1789647607	114954240
1789647612	114954240
1789647617	114954240
1789647622	114954240
1789647627	114954240
1789647632	114954240
1789647637	114954240
1789647642	114954240
1789647647	114954240
1789647652	114954240
1789647657	114954240
1789647662	114954240
1789647667	114954240
1789647672	114954240
1789647677	114954240
1789647682	114954240
1789647687	114954240
1789647692	114954240
1789647697	114954240
1789647702	114954240
1789647707	114954240
1789647712	114954240
1789647717	114954240
1789647722	114954240
1789647727	114954240
1789647732	114954240
1789647737	114954240
1789647742	114954240
1789647747	114954240
1789647752	114954240
1789647757	114954240
1789647762	114954240
1789647767	114954240
1789647772	114954240
1789647777	114954240
1789647782	114954240
1789647787	114954240
1789647792	114954240
1789647797	114954240
1789647802	114954240
1789647807	114954240
1789647812	114954240
1789647817	114954240
1789647822	114954240
1789647827	114954240
1789647832	114954240
1789647837	114954240
1789647842	114954240
1789647847	114954240
1789647852	114954240
1789647857	114954240
1789647862	114954240
1789647867	114954240
1789647872	114954240
1789647877	114954240
1789647882	114954240
1789647887	114954240
1789647892	114954240
1789647897	114954240
1789647902	114954240
1789647907	114954240
1789647912	114954240
1789647917	114954240
1789647922	114954240
1789647927	114954240
1789647932	114954240
1789647937	114954240
1789647942	114954240
1789647947	114954240
1789647952	114954240
1789647957	114954240
1789647962	114954240
1789647967	114954240
1789647972	114954240
1789647977	114954240
1789647982	114954240
1789647987	114954240
1789647992	114954240
1789647997	114954240
1789648002	114954240
1789648007	114954240
1789648012	114954240
1789648017	114954240
1789648022	114954240
1789648027	114954240
1789648032	114954240
1789648037	114954240
1789648042	114954240
1789648047	114954240
1789648052	114954240
1789648057	114954240
1789648062	114954240
1789648067	114954240
1789648072	114954240
1789648077	114954240
1789648082	114954240
1789648087	114954240
1789648092	114954240
1789648097	114954240
1789648102	114954240
1789648107	114954240
1789648112	114954240
1789648117	114954240
1789648122	114954240
1789648127	114954240
1789648132	114954240
1789648137	114954240
1789648142	114954240
1789648147	114954240
1789648152	114954240
1789648157	114954240
1789648162	114954240
1789648167	114954240
1789648172	114954240
1789648177	114954240
1789648182	114954240
1789648187	114954240
1789648192	114954240
1789648197	114954240
1789648202	114954240
1789648207	114954240
1789648212	114954240
1789648217	114954240
1789648222	114954240
1789648227	114954240
1789648232	114954240
1789648237	114954240
1789648242	114954240
1789648247	114954240
1789648252	114954240
1789648257	114954240
1789648262	114954240
1789648267	114954240
1789648273	114954240
1789648278	114954240
1789648283	114954240
1789648288	114954240
1789648293	114954240
1789648298	114954240
1789648303	114954240
1789648308	114954240
1789648313	114954240
1789648318	114954240
1789648323	114954240
1789648328	114954240
1789648333	114954240
1789648338	114954240
1789648343	114954240
1789648348	114954240
1789648353	114954240
1789648358	114954240
1789648363	114954240
1789648368	114954240
1789648373	114954240
1789648378	114954240
1789648383	114954240
1789648388	114954240
1789648393	114954240
1789648398	114954240
1789648403	114954240
1789648408	114954240
1789648413	114954240
1789648418	114954240
1789648423	114954240
1789648428	114954240
1789648433	114954240
1789648438	114954240
1789648443	114954240
1789648448	114954240
1789648453	114954240
1789648458	114954240
1789648463	114954240
1789648468	114954240
1789648473	114954240
1789648478	114954240
1789648483	114954240
1789648488	114954240
1789648493	114954240
1789648498	114954240
1789648503	114954240
1789648508	114954240
1789648513	114954240
1789648518	114954240
1789648523	114954240
1789648528	114954240
1789648533	114954240
1789648538	114954240
1789648543	114954240
1789648548	114954240
1789648553	114954240
1789648558	114954240
1789648563	114954240
1789648568	114954240
1789648573	114954240
1789648578	114954240
1789648583	114954240
1789648588	114954240
1789648593	114954240
1789648598	114954240
1789648603	114954240
1789648608	114954240
1789648613	114954240
1789648618	114954240
1789648623	114954240
1789648628	114954240
1789648633	114954240
1789648638	114954240
1789648643	114954240
1789648648	114954240
1789648653	114954240
1789648658	114954240
1789648663	114954240
1789648668	114954240
1789648673	114954240
1789648678	114954240
1789648683	114954240
1789648688	114954240
1789648693	114954240
1789648698	114954240
1789648703	114954240
1789648708	114954240
1789648713	114954240
1789648718	114954240
1789648723	114954240
1789648728	114954240
1789648733	114954240
1789648738	114954240
1789648743	114954240
1789648748	114954240
1789648753	114954240
1789648758	114954240
1789648763	114954240
1789648768	114954240
1789648773	114954240
1789648778	114954240
1789648783	114954240
1789648788	114954240
1789648793	114954240
1789648798	114954240
1789648803	114954240
1789648808	114954240
1789648813	114954240
1789648818	114954240
1789648823	114954240
1789648828	114954240
1789648833	114954240
1789648838	114954240
1789648843	114954240
1789648848	114954240
1789648853	114954240
1789648858	114954240
1789648863	114954240
1789648868	114954240
1789648873	114954240
1789648878	114954240
1789648883	114954240
1789648888	114954240
1789648893	114954240
1789648898	114954240
1789648903	114954240
1789648908	114954240
1789648913	114954240
1789648918	114954240
1789648923	114954240
1789648928	114954240
1789648933	114954240
1789648938	114954240
1789648943	114954240
1789648948	114954240
1789648953	114954240
1789648958	114954240
1789648963	114954240
1789648968	114954240
1789648973	114954240
1789648978	114954240
1789648983	114954240
1789648988	114954240
1789648993	114954240
1789648998	114954240
1789649004	114954240
1789649009	114954240
1789649014	114954240
1789649019	114954240
1789649024	114954240
1789649029	114954240
1789649034	114954240
1789649039	114954240
1789649044	114954240
1789649049	114954240
1789649054	114954240
1789649059	114954240
1789649064	114954240
1789649069	114954240
1789649074	114954240
1789649079	114954240
1789649084	114954240
1789649089	114954240
1789649094	114954240
1789649099	114954240
1789649104	114954240
1789649109	114954240
1789649114	114954240
1789649119	114954240
1789649124	114954240
1789649129	114954240
1789649134	114954240
1789649139	114954240
1789649144	114954240
1789649149	114954240
1789649154	114954240
1789649159	114954240
1789649164	114954240
1789649169	114954240
1789649174	114954240
1789649179	114954240
1789649184	114954240
1789649189	114954240
1789649194	114954240
1789649199	114954240
1789649204	114954240
1789649209	114954240
1789649214	114954240
1789649219	114954240
1789649224	114954240
1789649229	114954240
1789649234	114954240
1789649239	114954240
1789649244	114954240
1789649249	114954240
1789649254	114954240
1789649259	114954240
1789649264	114954240
1789649269	114954240
1789649274	114954240
1789649279	114954240
1789649284	114954240
1789649289	114954240
1789649294	114954240
1789649299	114954240
1789649304	114954240
1789649309	114954240
1789649314	114954240
1789649319	114954240
1789649324	114954240
1789649329	114954240
1789649334	114954240
1789649339	114954240
1789649344	114954240
1789649349	114954240
1789649354	114954240
1789649359	114954240
1789649364	114954240
1789649369	114954240
1789649374	114954240
1789649379	114954240
1789649384	114954240
1789649389	114954240
1789649394	114954240
1789649399	114954240
1789649404	114954240
1789649409	114954240
1789649414	114954240
1789649419	114954240
1789649424	114954240
1789649429	114954240
1789649434	114954240
1789649439	114954240
1789649444	114954240
1789649449	114954240
1789649454	114954240
1789649459	114954240
1789649464	114954240
1789649469	114954240
1789649474	114954240
1789649479	114954240
1789649484	114954240
1789649489	114954240
1789649494	114954240
1789649499	114954240
1789649504	114954240
1789649509	114954240
1789649514	114954240
1789649519	114954240
1789649524	114954240
1789649529	114954240
1789649534	114954240
1789649539	114954240
1789649544	114954240
1789649549	114954240
1789649554	114954240
1789649559	114954240
1789649564	114954240
1789649569	114954240
1789649574	114954240
1789649579	114954240
1789649584	114954240
1789649589	114954240
1789649594	114954240
1789649599	114954240
1789649604	114954240
1789649609	114954240
1789649614	114954240
1789649619	114954240
1789649624	114954240
1789649629	114954240
1789649634	114954240
1789649639	114954240
1789649644	114954240
1789649649	114954240
1789649654	114954240
1789649659	114954240
1789649664	114954240
1789649669	114954240
1789649674	114954240
1789649679	114954240
1789649684	114954240
1789649689	114954240
1789649694	114954240
1789649699	114954240
1789649704	114954240
1789649709	114954240
1789649714	114954240
1789649719	114954240
1789649724	114954240
1789649729	114954240
1789649734	114954240
1789649740	114954240
1789649745	114954240
1789649750	114954240
1789649755	114954240
1789649760	114954240
1789649765	114954240
1789649770	114954240
1789649775	114954240
1789649780	114954240
1789649785	114954240
1789649790	114954240
1789649795	114954240
1789649800	114954240
1789649805	114954240
1789649810	114954240
1789649815	114954240
1789649820	114954240
1789649825	114954240
1789649830	114954240
1789649835	114954240
1789649840	114954240
1789649845	114954240
1789649850	114954240
1789649855	114954240
1789649860	114954240
1789649865	114954240
1789649870	114954240
1789649875	114954240
1789649880	114954240
1789649885	114954240
1789649890	114954240
1789649895	114954240
1789649900	114954240
1789649905	114954240
1789649910	114954240
1789649915	114954240
1789649920	114954240
1789649925	114954240
1789649930	114954240
1789649935	114954240
1789649940	114954240
1789649945	114954240
1789649950	114954240
1789649955	114954240
1789649960	114954240
1789649965	114954240
1789649970	114954240
1789649975	114954240
1789649980	114954240
1789649985	114954240
1789649990	114954240
1789649995	114954240
1789650000	114954240
1789650005	114954240
1789650010	114954240
1789650015	114954240
1789650020	114954240
1789650025	114954240
1789650030	114954240
1789650035	114954240
1789650040	114954240
1789650045	114954240
1789650050	114954240
1789650055	114954240
1789650060	114954240
1789650065	114954240
1789650070	114954240
1789650075	114954240
1789650080	114954240
1789650085	114954240
1789650090	114954240
1789650095	114954240
1789650100	114954240
1789650105	114954240
1789650110	114954240
1789650115	114954240
1789650120	114954240
1789650125	114954240
1789650130	114954240
1789650135	114954240
1789650140	114954240
1789650145	114954240
1789650150	114954240
1789650155	114954240
1789650160	114954240
1789650165	114954240
1789650170	114954240
1789650175	114954240
1789650180	114954240
1789650185	114954240
1789650190	114954240
1789650195	114954240
1789650200	114954240
1789650205	114954240
1789650210	114954240
1789650215	114954240
1789650220	114954240
1789650225	114954240
1789650230	114954240
1789650235	114954240
1789650240	114954240
1789650245	114954240
1789650250	114954240
1789650255	114954240
1789650260	114954240
1789650265	114954240
1789650270	114954240
1789650275	114954240
1789650280	114954240
1789650285	114954240
1789650290	114954240
1789650295	114954240
1789650300	114954240
1789650305	114954240
1789650310	114954240
1789650315	114954240
1789650320	114954240
1789650325	114954240
1789650330	114954240
1789650335	114954240
1789650340	114954240
1789650345	114954240
1789650350	114954240
1789650355	114954240
1789650360	114954240
1789650365	114954240
1789650370	114954240
1789650375	114954240
1789650380	114954240
1789650385	114954240
1789650390	114954240
1789650395	114954240
1789650400	114954240
1789650405	114954240
1789650410	114954240
1789650415	114954240
1789650420	114954240
1789650425	114954240
1789650430	114954240
1789650435	114954240
1789650440	114954240
1789650445	114954240
1789650450	114954240
1789650455	114954240
1789650460	114954240
1789650466	114954240
1789650471	114954240
1789650476	114954240
1789650481	114954240
1789650486	114954240
1789650491	114954240
1789650496	114954240
1789650501	114954240
1789650506	114954240
1789650511	114954240
1789650516	114954240
1789650521	114954240
1789650526	114954240
1789650531	114954240
1789650536	114954240
1789650541	114954240
1789650546	114954240
1789650551	114954240
1789650556	114954240
1789650561	114954240
1789650566	114954240
1789650571	114954240
1789650576	114954240
1789650581	114954240
1789650586	114954240
1789650591	114954240
1789650596	114954240
1789650601	114954240
1789650606	114954240
1789650611	114954240
1789650616	114954240
1789650621	114954240
1789650626	114954240
1789650631	114954240
1789650636	114954240
1789650641	114954240
1789650646	114954240
1789650651	114954240
1789650656	114954240
1789650661	114954240
1789650666	114954240
1789650671	114954240
1789650676	114954240
1789650681	114954240
1789650686	114954240
1789650691	114954240
1789650696	114954240
1789650701	114954240
1789650706	114954240
1789650711	114954240
1789650716	114954240
1789650721	114954240
1789650726	114954240
1789650731	114954240
1789650736	114954240
1789650741	114954240
1789650746	114954240
1789650751	114954240
1789650756	114954240
1789650761	114954240
1789650766	114954240
1789650771	114954240
1789650776	114954240
1789650781	114954240
1789650786	114954240
1789650791	114954240
1789650796	114954240
1789650801	114954240
1789650806	114954240
1789650811	114954240
1789650816	114954240
1789650821	114954240
1789650826	114954240
1789650831	114954240
1789650836	114954240
1789650841	114954240
1789650846	114954240
1789650851	114954240
1789650856	114954240
1789650861	114954240
1789650866	114954240
1789650871	114954240
1789650876	114954240
1789650881	114954240
1789650886	114954240
1789650891	114954240
1789650896	114954240
1789650901	114954240
1789650906	114954240
1789650911	114954240
1789650916	114954240
1789650921	114954240
1789650926	114954240
1789650931	114954240
1789650936	114954240
1789650941	114954240
1789650946	114954240
1789650951	114954240
1789650956	114954240
1789650961	114954240
1789650966	114954240
1789650971	114954240
1789650976	114954240
1789650981	114954240
1789650986	114954240
1789650991	114954240
1789650996	114954240
1789651001	114954240
1789651006	114954240
1789651011	114954240
1789651016	114954240
1789651021	114954240
1789651026	114954240
1789651031	114954240
1789651036	114954240
1789651041	114954240
1789651046	114954240
1789651051	114954240
1789651056	114954240
1789651061	114954240
1789651066	114954240
1789651071	114954240
1789651076	114954240
1789651081	114954240
1789651086	114954240
1789651091	114954240
1789651096	114954240
1789651101	114954240
1789651106	114954240
1789651111	114954240
1789651116	114954240
1789651121	114954240
1789651126	114954240
1789651131	114954240
1789651136	114954240
1789651141	114954240
1789651146	114954240
1789651151	114954240
1789651156	114954240
1789651161	114954240
1789651166	114954240
1789651171	114954240
1789651176	114954240
1789651181	114954240
1789651186	114954240
1789651191	114954240
1789651196	114954240
1789651202	114954240
1789651207	114954240
1789651212	114954240
1789651217	114954240
1789651222	114954240
1789651227	114954240
1789651232	114954240
1789651237	114954240
1789651242	114954240
1789651247	114954240
1789651252	114954240
1789651257	114954240
1789651262	114954240
1789651267	114954240
1789651272	114954240
1789651277	114954240
1789651282	114954240
1789651287	114954240
1789651292	114954240
1789651297	114954240
1789651302	114954240
1789651307	114954240
1789651312	114954240
1789651317	114954240
1789651322	114954240
1789651327	114954240
1789651332	114954240
1789651337	114954240
1789651342	114954240
1789651347	114954240
1789651352	114954240
1789651357	114954240
1789651362	114954240
1789651367	114954240
1789651372	114954240
1789651377	114954240
1789651382	114954240
1789651387	114954240
1789651392	114954240
1789651397	114954240
1789651402	114954240
1789651407	114954240
1789651412	114954240
1789651417	114954240
1789651422	114954240
1789651427	114954240
1789651432	114954240
1789651437	114954240
1789651442	114954240
1789651447	114954240
1789651452	114954240
1789651457	114954240
1789651462	114954240
1789651467	114954240
1789651472	114954240
1789651477	114954240
1789651482	114954240
1789651487	114954240
1789651492	114954240
1789651497	114954240
1789651502	114954240
1789651507	114954240
1789651512	114954240
1789651517	114954240
1789651522	114954240
1789651527	114954240
1789651532	114954240
1789651537	114954240
1789651542	114954240
1789651547	114954240
1789651552	114954240
1789651557	114954240
1789651562	114954240
1789651567	114954240
1789651572	114954240
1789651577	114954240
1789651582	114954240
1789651587	114954240
1789651592	114954240
1789651597	114954240
1789651602	114954240
1789651607	114954240
1789651612	114954240
1789651617	114954240
1789651622	114954240
1789651627	114954240
1789651632	114954240
1789651637	114954240
1789651642	114954240
1789651647	114954240
1789651652	114954240
1789651657	114954240
1789651662	114954240
1789651667	114954240
1789651672	114954240
1789651677	114954240
1789651682	114954240
1789651687	114954240
1789651692	114954240
1789651697	114954240
1789651702	114954240
1789651707	114954240
1789651712	114954240
1789651717	114954240
1789651722	114954240
1789651727	114954240
1789651732	114954240
1789651737	114954240
1789651742	114954240
1789651747	114954240
1789651752	114954240
1789651757	114954240
1789651762	114954240
1789651767	114954240
1789651772	114954240
1789651777	114954240
1789651782	114954240
1789651787	114954240
1789651792	114954240
1789651797	114954240
1789651802	114954240
1789651807	114954240
1789651812	114954240
1789651817	114954240
1789651822	114954240
1789651827	114954240
1789651832	114954240
1789651837	114954240
1789651842	114954240
1789651847	114954240
1789651852	114954240
1789651857	114954240
1789651862	114954240
1789651867	114954240
1789651872	114954240
1789651877	114954240
1789651882	114954240
1789651887	114954240
1789651892	114954240
1789651897	114954240
1789651902	114954240
1789651907	114954240
1789651912	114954240
1789651917	114954240
1789651922	114954240
1789651927	114954240
1789651932	114954240
1789651937	114954240
1789651943	114954240
1789651948	114954240
1789651953	114954240
1789651958	114954240
1789651963	114954240
1789651968	114954240
1789651973	114954240
1789651978	114954240
1789651983	114954240
1789651988	114954240
1789651993	114954240
1789651998	114954240
1789652003	114954240
1789652008	114954240
1789652013	114954240
1789652018	114954240
1789652023	114954240
1789652028	114954240
1789652033	114954240
1789652038	114954240
1789652043	114954240
1789652048	114954240
1789652053	114954240
1789652058	114954240
1789652063	114954240
1789652068	114954240
1789652073	114954240
1789652078	114954240
1789652083	114954240
1789652088	114954240
1789652093	114954240
1789652098	114954240
1789652103	114954240
1789652108	114954240
1789652113	114954240
1789652118	114954240
1789652123	114954240
1789652128	114954240
1789652133	114954240
1789652138	114954240
1789652143	114954240
1789652148	114954240
1789652153	114954240
1789652158	114954240
1789652163	114954240
1789652168	114954240
1789652173	114954240
1789652178	114954240
1789652183	114954240
1789652188	114954240
1789652193	114954240
1789652198	114954240
1789652203	114954240
1789652208	114954240
1789652213	114954240
1789652218	114954240
1789652223	114954240
1789652228	114954240
1789652233	114954240
1789652238	114954240
1789652243	114954240
1789652248	114954240
1789652253	114954240
1789652258	114954240
1789652263	114954240
1789652268	114954240
1789652273	114954240
1789652278	114954240
1789652283	114954240
1789652288	114954240
1789652293	114954240
1789652298	114954240
1789652303	114954240
1789652308	114954240
1789652313	114954240
1789652318	114954240
1789652323	114954240
1789652328	114954240
1789652333	114954240
1789652338	114954240
1789652343	114954240
1789652348	114954240
1789652353	114954240
1789652358	114954240
1789652363	114954240
1789652368	114954240
1789652373	114954240
1789652378	114954240
1789652383	114954240
1789652388	114954240
1789652393	114954240
1789652398	114954240
1789652403	114954240
1789652408	114954240
1789652413	114954240
1789652418	114954240
1789652423	114954240
1789652428	114954240
1789652433	114954240
1789652438	114954240
1789652443	114954240
1789652448	114954240
1789652453	114954240
1789652458	114954240
1789652463	114954240
1789652468	114954240
1789652473	114954240
1789652478	114954240
1789652483	114954240
1789652488	114954240
1789652493	114954240
1789652498	114954240
1789652503	114954240
1789652508	114954240
1789652513	114954240
1789652518	114954240
1789652523	114954240
1789652528	114954240
1789652533	114954240
1789652538	114954240
1789652543	114954240
1789652548	114954240
1789652553	114954240
1789652558	114954240
1789652563	114954240
1789652568	114954240
1789652573	114954240
1789652578	114954240
1789652583	114954240
1789652588	114954240
1789652593	114954240
1789652598	114954240
1789652603	114954240
1789652608	114954240
1789652613	114954240
1789652618	114954240
1789652623	114954240
1789652628	114954240
1789652633	114954240
1789652638	114954240
1789652643	114954240
1789652648	114954240
1789652653	114954240
1789652658	114954240
1789652663	114954240
1789652668	114954240
1789652673	114954240
1789652679	114954240
1789652684	114954240
1789652689	114954240
1789652694	114954240
1789652699	114954240
1789652704	114954240
1789652709	114954240
1789652714	114954240
1789652719	114954240
1789652724	114954240
1789652729	114954240
1789652734	114954240
1789652739	114954240
1789652744	114954240
1789652749	114954240
1789652754	114954240
1789652759	114954240
1789652764	114954240
1789652769	114954240
1789652774	114954240
1789652779	114954240
1789652784	114954240
1789652789	114954240
1789652794	114954240
1789652799	114954240
1789652804	114954240
1789652809	114954240
1789652814	114954240
1789652819	114954240
1789652824	114954240
1789652829	114954240
1789652834	114954240
1789652839	114954240
1789652844	114954240
1789652849	114954240
1789652854	114954240
1789652859	114954240
1789652864	114954240
1789652869	114954240
1789652874	114954240
1789652879	114954240
1789652884	114954240
1789652889	114954240
1789652894	114954240
1789652899	114954240
1789652904	114954240
1789652909	114954240
1789652914	114954240
1789652919	114954240
1789652924	114954240
1789652929	114954240
1789652934	114954240
1789652939	114954240
1789652944	114954240
1789652949	114954240
1789652954	114954240
1789652959	114954240
1789652964	114954240
1789652969	114954240
1789652974	114954240
1789652979	114954240
1789652984	114954240
1789652989	114954240
1789652994	114954240
1789652999	114954240
1789653004	114954240
1789653009	114954240
1789653014	114954240
1789653019	114954240
1789653024	114954240
1789653029	114954240
1789653034	114954240
1789653039	114954240
1789653044	114954240
1789653049	114954240
1789653054	114954240
1789653059	114954240
1789653064	114954240
1789653069	114954240
1789653074	114954240
1789653079	114954240
1789653084	114954240
1789653089	114954240
1789653094	114954240
1789653099	114954240
1789653104	114954240
1789653109	114954240
1789653114	114954240
1789653119	114954240
1789653124	114954240
1789653129	114954240
1789653134	114954240
1789653139	114954240
1789653144	114954240
1789653149	114954240
1789653154	114954240
1789653159	114954240
1789653164	114954240
1789653169	114954240
1789653174	114954240
1789653179	114954240
1789653184	114954240
1789653189	114954240
1789653194	114954240
1789653199	114954240
1789653204	114954240
1789653209	114954240
1789653214	114954240
1789653219	114954240
1789653224	114954240
1789653229	114954240
1789653234	114954240
1789653239	114954240
1789653244	114954240
1789653249	114954240
1789653254	114954240
1789653259	114954240
1789653264	114954240
1789653269	114954240
1789653274	114954240
1789653279	114954240
1789653284	114954240
1789653289	114954240
1789653294	114954240
1789653299	114954240
1789653304	114954240
1789653309	114954240
1789653314	114954240
1789653319	114954240
1789653324	114954240
1789653329	114954240
1789653334	114954240
1789653339	114954240
1789653344	114954240
1789653349	114954240
1789653354	114954240
1789653359	114954240
1789653364	114954240
1789653369	114954240
1789653374	114954240
1789653379	114954240
1789653384	114954240
1789653389	114954240
1789653394	114954240
1789653399	114954240
1789653404	114954240
1789653409	114954240
1789653414	114954240
1789653419	114954240
1789653425	114954240
1789653430	114954240
1789653435	114954240
1789653440	114954240
1789653445	114954240
1789653450	114954240
1789653455	114954240
1789653460	114954240
1789653465	114954240
1789653470	114954240
1789653475	114954240
1789653480	114954240
1789653485	114954240
1789653490	114954240
1789653495	114954240
1789653500	114954240
1789653505	114954240
1789653510	114954240
1789653515	114954240
1789653520	114954240
1789653525	114954240
1789653530	114954240
1789653535	114954240
1789653540	114954240
1789653545	114954240
1789653550	114954240
1789653555	114954240
1789653560	114954240
1789653565	114954240
1789653570	114954240
1789653575	114954240
1789653580	114954240
1789653585	114954240
1789653590	114954240
1789653595	114954240
1789653600	114954240
1789653605	114954240
1789653610	114954240
1789653615	114954240
1789653620	114954240
1789653625	114954240
1789653630	114954240
1789653635	114954240
1789653640	114954240
1789653645	114954240
1789653650	114954240
1789653655	114954240
1789653660	114954240
1789653665	114954240
1789653670	114954240
1789653675	114954240
1789653680	114954240
1789653685	114954240
1789653690	114954240
1789653695	114954240
1789653700	114954240
1789653705	114954240
1789653710	114954240
1789653715	114954240
1789653720	114954240
1789653725	114954240
1789653730	114954240
1789653735	114954240
1789653740	114954240
1789653745	114954240
1789653750	114954240
1789653755	114954240
1789653760	114954240
1789653765	114954240
1789653770	114954240
1789653775	114954240
1789653780	114954240
1789653785	114954240
1789653790	114954240
1789653795	114954240
1789653800	114954240
1789653805	114954240
1789653810	114954240
1789653815	114954240
1789653820	114954240
1789653825	114954240
1789653830	114954240
1789653835	114954240
1789653840	114954240
1789653845	114954240
1789653850	114954240
1789653855	114954240
1789653860	114954240
1789653865	114954240
1789653870	114954240
1789653875	114954240
1789653880	114954240
1789653885	114954240
1789653890	114954240
1789653895	114954240
1789653900	114954240
1789653905	114954240
1789653910	114954240
1789653915	114954240
1789653920	114954240
1789653925	114954240
1789653930	114954240
1789653935	114954240
1789653940	114954240
1789653945	114954240
1789653950	114954240
1789653955	114954240
1789653960	114954240
1789653965	114954240
1789653970	114954240
1789653975	114954240
1789653980	114954240
1789653985	114954240
1789653990	114954240
1789653995	114954240
1789654000	114954240
1789654005	114954240
1789654010	114954240
1789654015	114954240
1789654020	114954240
1789654025	114954240
1789654030	114954240
1789654035	114954240
1789654040	114954240
1789654045	114954240
1789654050	114954240
1789654055	114954240
1789654060	114954240
1789654065	114954240
1789654070	114954240
1789654075	114954240
1789654080	114954240
1789654085	114954240
1789654090	114954240
1789654095	114954240
1789654100	114954240
1789654105	114954240
1789654110	114954240
1789654115	114954240
1789654120	114954240
1789654125	114954240
1789654130	114954240
1789654135	114954240
1789654140	114954240
1789654145	114954240
1789654151	114954240
1789654156	114954240
1789654161	114954240
1789654166	114954240
1789654171	114954240
1789654176	114954240
1789654181	114954240
1789654186	114954240
1789654191	114954240
1789654196	114954240
1789654201	114954240
1789654206	114954240
1789654211	114954240
1789654216	114954240
1789654221	114954240
1789654226	114954240
1789654231	114954240
1789654236	114954240
1789654241	114954240
1789654246	114954240
1789654251	114954240
1789654256	114954240
1789654261	114954240
1789654266	114954240
1789654271	114954240
1789654276	114954240
1789654281	114954240
1789654286	114954240
1789654291	114954240
1789654296	114954240
1789654301	114954240
1789654306	114954240
1789654311	114954240
1789654316	114954240
1789654321	114954240
1789654326	114954240
1789654331	114954240
1789654336	114954240
1789654341	114954240
1789654346	114954240
1789654351	114954240
1789654356	114954240
1789654361	114954240
1789654366	114954240
1789654371	114954240
1789654376	114954240
1789654381	114954240
1789654386	114954240
1789654391	114954240
1789654396	114954240
1789654401	114954240
1789654406	114954240
1789654411	114954240
1789654416	114954240
1789654421	114954240
1789654426	114954240
1789654431	114954240
1789654436	114954240
1789654441	114954240
1789654446	114954240
1789654451	114954240
1789654456	114954240
1789654461	114954240
1789654466	114954240
1789654471	114954240
1789654476	114954240
1789654481	114954240
1789654486	114954240
1789654491	114954240
1789654496	114954240
1789654501	114954240
1789654506	114954240
1789654511	114954240
1789654516	114954240
1789654521	114954240
1789654526	114954240
1789654531	114954240
1789654536	114954240
1789654541	114954240
1789654546	114954240
1789654551	114954240
1789654556	114954240
1789654561	114954240
1789654566	114954240
1789654571	114954240
1789654576	114954240
1789654581	114954240
1789654586	114954240
1789654591	114954240
1789654596	114954240
1789654601	114954240
1789654606	114954240
1789654611	114954240
1789654616	114954240
1789654621	114954240
1789654626	114954240
1789654631	114954240
1789654636	114954240
1789654641	114954240
1789654646	114954240
1789654651	114954240
1789654656	114954240
1789654661	114954240
1789654666	114954240
1789654671	114954240
1789654676	114954240
1789654681	114954240
1789654686	114954240
1789654691	114954240
1789654696	114954240
1789654701	114954240
1789654706	114954240
1789654711	114954240
1789654716	114954240
1789654721	114954240
1789654726	114954240
1789654731	114954240
1789654736	114954240
1789654741	114954240
1789654746	114954240
1789654751	114954240
1789654756	114954240
1789654761	114954240
1789654766	114954240
1789654771	114954240
1789654776	114954240
1789654781	114954240
1789654786	114954240
1789654791	114954240
1789654796	114954240
1789654801	114954240
1789654806	114954240
1789654811	114954240
1789654816	114954240
1789654821	114954240
1789654826	114954240
1789654831	114954240
1789654836	114954240
1789654841	114954240
1789654846	114954240
1789654851	114954240
1789654856	114954240
1789654861	114954240
1789654866	114954240
1789654871	114954240
1789654876	114954240
1789654881	114954240
1789654887	114954240
1789654892	114954240
1789654897	114954240
1789654902	114954240
1789654907	114954240
1789654912	114954240
1789654917	114954240
1789654922	114954240
1789654927	114954240
1789654932	114954240
1789654937	114954240
1789654942	114954240
1789654947	114954240
1789654952	114954240
1789654957	114954240
1789654962	114954240
1789654967	114954240
1789654972	114954240
1789654977	114954240
1789654982	114954240
1789654987	114954240
1789654992	114954240
1789654997	114954240
1789655002	114954240
1789655007	114954240
1789655012	114954240
1789655017	114954240
1789655022	114954240
1789655027	114954240
1789655032	114954240
1789655037	114954240
1789655042	114954240
1789655047	114954240
1789655052	114954240
1789655057	114954240
1789655062	114954240
1789655067	114954240
1789655072	114954240
1789655077	114954240
1789655082	114954240
1789655087	114954240
1789655092	114954240
1789655097	114954240
1789655102	114954240
1789655107	114954240
1789655112	114954240
1789655117	114954240
1789655122	114954240
1789655127	114954240
1789655132	114954240
1789655137	114954240
1789655142	114954240
1789655147	114954240
1789655152	114954240
1789655157	114954240
1789655162	114954240
1789655167	114954240
1789655172	114954240
1789655177	114954240
1789655182	114954240
1789655187	114954240
1789655192	114954240
1789655197	114954240
1789655202	114954240
1789655207	114954240
1789655212	114954240
1789655217	114954240
1789655222	114954240
1789655227	114954240
1789655232	114954240
1789655237	114954240
1789655242	114954240
1789655247	114954240
1789655252	114954240
1789655257	114954240
1789655262	114954240
1789655267	114954240
1789655272	114954240
1789655277	114954240
1789655282	114954240
1789655287	114954240
1789655292	114954240
1789655297	114954240
1789655302	114954240
1789655307	114954240
1789655312	114954240
1789655317	114954240
1789655322	114954240
1789655327	114954240
1789655332	114954240
1789655337	114954240
1789655342	114954240
1789655347	114954240
1789655352	114954240
1789655357	114954240
1789655362	114954240
1789655367	114954240
1789655372	114954240
1789655377	114954240
1789655382	114954240
1789655387	114954240
1789655392	114954240
1789655397	114954240
1789655402	114954240
1789655407	114954240
1789655412	114954240
1789655417	114954240
1789655422	114954240
1789655427	114954240
1789655432	114954240
1789655437	114954240
1789655442	114954240
1789655447	114954240
1789655452	114954240
1789655457	114954240
1789655462	114954240
1789655467	114954240
1789655472	114954240
1789655477	114954240
1789655482	114954240
1789655487	114954240
1789655492	114954240
1789655497	114954240
1789655502	114954240
1789655507	114954240
1789655512	114954240
1789655517	114954240
1789655522	114954240
1789655527	114954240
1789655532	114954240
1789655537	114954240
1789655542	114954240
1789655547	114954240
1789655552	114954240
1789655557	114954240
1789655562	114954240
1789655567	114954240
1789655572	114954240
1789655577	114954240
1789655582	114954240
1789655587	114954240
1789655592	114954240
1789655597	114954240
1789655602	114954240
1789655607	114954240
1789655612	114954240
1789655618	114954240
1789655623	114954240
1789655628	114954240
1789655633	114954240
1789655638	114954240
1789655643	114954240
1789655648	114954240
1789655653	114954240
1789655658	114954240
1789655663	114954240
1789655668	114954240
1789655673	114954240
1789655678	114954240
1789655683	114954240
1789655688	114954240
1789655693	114954240
1789655698	114954240
1789655703	114954240
1789655708	114954240
1789655713	114954240
1789655718	114954240
1789655723	114954240
1789655728	114954240
1789655733	114954240
1789655738	114954240
1789655743	114954240
1789655748	114954240
1789655753	114954240
1789655758	114954240
1789655763	114954240
1789655768	114954240
1789655773	114954240
1789655778	114954240
1789655783	114954240
1789655788	114954240
1789655793	114954240
1789655798	114954240
1789655803	114954240
1789655808	114954240
1789655813	114954240
1789655818	114954240
1789655823	114954240
1789655828	114954240
1789655833	114954240
1789655838	114954240
1789655843	114954240
1789655848	114954240
1789655853	114954240
1789655858	114954240
1789655863	114954240
1789655868	114954240
1789655873	114954240
1789655878	114954240
1789655883	114954240
1789655888	114954240
1789655893	114954240
1789655898	114954240
1789655903	114954240
1789655908	114954240
1789655913	114954240
1789655918	114954240
1789655923	114954240
1789655928	114954240
1789655933	114954240
1789655938	114954240
1789655943	114954240
1789655948	114954240
1789655953	114954240
1789655958	114954240
1789655963	114954240
1789655968	114954240
1789655973	114954240
1789655978	114954240
1789655983	114954240
1789655988	114954240
1789655993	114954240
1789655998	114954240
1789656003	114954240
1789656008	114954240
1789656013	114954240
1789656018	114954240
1789656023	114954240
1789656028	114954240
1789656033	114954240
1789656038	114954240
1789656043	114954240
1789656048	114954240
1789656053	114954240
1789656058	114954240
1789656063	114954240
1789656068	114954240
1789656073	114954240
1789656078	114954240
1789656083	114954240
1789656088	114954240
1789656093	114954240
1789656098	114954240
1789656103	114954240
1789656108	114954240
1789656113	114954240
1789656118	114954240
1789656123	114954240
1789656128	114954240
1789656133	114954240
1789656138	114954240
1789656143	114954240
1789656148	114954240
1789656153	114954240
1789656158	114954240
1789656163	114954240
1789656168	114954240
1789656173	114954240
1789656178	114954240
1789656183	114954240
1789656188	114954240
1789656193	114954240
1789656198	114954240
1789656203	114954240
1789656208	114954240
1789656213	114954240
1789656218	114954240
1789656223	114954240
1789656228	114954240
1789656233	114954240
1789656238	114954240
1789656243	114954240
1789656248	114954240
1789656253	114954240
1789656258	114954240
1789656263	114954240
1789656268	114954240
1789656273	114954240
1789656278	114954240
1789656283	114954240
1789656288	114954240
1789656293	114954240
1789656298	114954240
1789656303	114954240
1789656308	114954240
1789656313	114954240
1789656318	114954240
1789656323	114954240
1789656328	114954240
1789656333	114954240
1789656338	114954240
1789656343	114954240
1789656348	114954240
1789656354	114954240
1789656359	114954240
1789656364	114954240
1789656369	114954240
1789656374	114954240
1789656379	114954240
1789656384	114954240
1789656389	114954240
1789656394	114954240
1789656399	114954240
1789656404	114954240
1789656409	114954240
1789656414	114954240
1789656419	114954240
1789656424	114954240
1789656429	114954240
1789656434	114954240
1789656439	114954240
1789656444	114954240
1789656449	114954240
1789656454	114954240
1789656459	114954240
1789656464	114954240
1789656469	114954240
1789656474	114954240
1789656479	114954240
1789656484	114954240
1789656489	114954240
1789656494	114954240
1789656499	114954240
1789656504	114954240
1789656509	114954240
1789656514	114954240
1789656519	114954240
1789656524	114954240
1789656529	114954240
1789656534	114954240
1789656539	114954240
1789656544	114954240
1789656549	114954240
1789656554	114954240
1789656559	114954240
1789656564	114954240
1789656569	114954240
1789656574	114954240
1789656579	114954240
1789656584	114954240
1789656589	114954240
1789656594	114954240
1789656599	114954240
1789656604	114954240
1789656609	114954240
1789656614	114954240
1789656619	114954240
1789656624	114954240
1789656629	114954240
1789656634	114954240
1789656639	114954240
1789656644	114954240
1789656649	114954240
1789656654	114954240
1789656659	114954240
1789656664	114954240
1789656669	114954240
1789656674	114954240
1789656679	114954240
1789656684	114954240
1789656689	114954240
1789656694	114954240
1789656699	114954240
1789656704	114954240
1789656709	114954240
1789656714	114954240
1789656719	114954240
1789656724	114954240
1789656729	114954240
1789656734	114954240
1789656739	114954240
1789656744	114954240
1789656749	114954240
1789656754	114954240
1789656759	114954240
1789656764	114954240
1789656769	114954240
1789656774	114954240
1789656779	114954240
1789656784	114954240
1789656789	114954240
1789656794	114954240
1789656799	114954240
1789656804	114954240
1789656809	114954240
1789656814	114954240
1789656819	114954240
1789656824	114954240
1789656829	114954240
1789656834	114954240
1789656839	114954240
1789656844	114954240
1789656849	114954240
1789656854	114954240
1789656859	114954240
1789656864	114954240
1789656869	114954240
1789656874	114954240
1789656879	114954240
1789656884	114954240
1789656889	114954240
1789656894	114954240
1789656899	114954240
1789656904	114954240
1789656909	114954240
1789656914	114954240
1789656919	114954240
1789656924	114954240
1789656929	114954240
1789656934	114954240
1789656939	114954240
1789656944	114954240
1789656949	114954240
1789656954	114954240
1789656959	114954240
1789656964	114954240
1789656969	114954240
1789656974	114954240
1789656979	114954240
1789656984	114954240
1789656989	114954240
1789656994	114954240
1789656999	114954240
1789657004	114954240
1789657009	114954240
1789657014	114954240
1789657019	114954240
1789657024	114954240
1789657029	114954240
1789657034	114954240
1789657039	114954240
1789657044	114954240
1789657049	114954240
1789657054	114954240
1789657059	114954240
1789657064	114954240
1789657069	114954240
1789657074	114954240
1789657080	114954240
1789657085	114954240
1789657090	114954240
1789657095	114954240
1789657100	114954240
1789657105	114954240
1789657110	114954240
1789657115	114954240
1789657120	114954240
1789657125	114954240
1789657130	114954240
1789657135	114954240
1789657140	114954240
1789657145	114954240
1789657150	114954240
1789657155	114954240
1789657160	114954240
1789657165	114954240
1789657170	114954240
1789657175	114954240
1789657180	114954240
1789657185	114954240
1789657190	114954240
1789657195	114954240
1789657200	114954240
1789657205	114954240
1789657210	114954240
1789657215	114954240
1789657220	114954240
1789657225	114954240
1789657230	114954240
1789657235	114954240
1789657240	114954240
1789657245	114954240
1789657250	114954240
1789657255	114954240
1789657260	114954240
1789657265	114954240
1789657270	114954240
1789657275	114954240
1789657280	114954240
1789657285	114954240
1789657290	114954240
1789657295	114954240
1789657300	114954240
1789657305	114954240
1789657310	114954240
1789657315	114954240
1789657320	114954240
1789657325	114954240
1789657330	114954240
1789657335	114954240
1789657340	114954240
1789657345	114954240
1789657350	114954240
1789657355	114954240
1789657360	114954240
1789657365	114954240
1789657370	114954240
1789657375	114954240
1789657380	114954240
1789657385	114954240
1789657390	114954240
1789657395	114954240
1789657400	114954240
1789657405	114954240
1789657410	114954240
1789657415	114954240
1789657420	114954240
1789657425	114954240
1789657430	114954240
1789657435	114954240
1789657440	114954240
1789657445	114954240
1789657450	114954240
1789657455	114954240
1789657460	114954240
1789657465	114954240
1789657470	114954240
1789657475	114954240
1789657480	114954240
1789657485	114954240
1789657490	114954240
1789657495	114954240
1789657500	114954240
1789657505	114954240
1789657510	114954240
1789657515	114954240
1789657520	114954240
1789657525	114954240
1789657530	114954240
1789657535	114954240
1789657540	114954240
1789657545	114954240
1789657550	114954240
1789657555	114954240
1789657560	114954240
1789657565	114954240
1789657570	114954240
1789657575	114954240
1789657580	114954240
1789657585	114954240
1789657590	114954240
1789657595	114954240
1789657600	114954240
1789657605	114954240
1789657610	114954240
1789657615	114954240
1789657620	114954240
1789657625	114954240
1789657630	114954240
1789657635	114954240
1789657640	114954240
1789657645	114954240
1789657650	114954240
1789657655	114954240
1789657660	114954240
1789657665	114954240
1789657670	114954240
1789657675	114954240
1789657680	114954240
1789657685	114954240
1789657690	114954240
1789657695	114954240
1789657700	114954240
1789657705	114954240
1789657710	114954240
1789657715	114954240
1789657720	114954240
1789657725	114954240
1789657730	114954240
1789657735	114954240
1789657740	114954240
1789657745	114954240
1789657750	114954240
1789657755	114954240
1789657760	114954240
1789657765	114954240
1789657770	114954240
1789657775	114954240
1789657780	114954240
1789657785	114954240
1789657790	114954240
1789657796	114954240
1789657801	114954240
1789657806	114954240
1789657811	114954240
1789657816	114954240
1789657821	114954240
1789657826	114954240
1789657831	114954240
1789657836	114954240
1789657841	114954240
1789657846	114954240
1789657851	114954240
1789657856	114954240
1789657861	114954240
1789657866	114954240
1789657871	114954240
1789657876	114954240
1789657881	114954240
1789657886	114954240
1789657891	114954240
1789657896	114954240
1789657901	114954240
1789657906	114954240
1789657911	114954240
1789657916	114954240
1789657921	114954240
1789657926	114954240
1789657931	114954240
1789657936	114954240
1789657941	114954240
1789657946	114954240
1789657951	114954240
1789657956	114954240
1789657961	114954240
1789657966	114954240
1789657971	114954240
1789657976	114954240
1789657981	114954240
1789657986	114954240
1789657991	114954240
1789657996	114954240
1789658001	114954240
1789658006	114954240
1789658011	114954240
1789658016	114954240
1789658021	114954240
1789658026	114954240
1789658031	114954240
1789658036	114954240
1789658041	114954240
1789658046	114954240
1789658051	114954240
1789658056	114954240
1789658061	114954240
1789658066	114954240
1789658071	114954240
1789658076	114954240
1789658081	114954240
1789658086	114954240
1789658091	114954240
1789658096	114954240
1789658101	114954240
1789658106	114954240
1789658111	114954240
1789658116	114954240
1789658121	114954240
1789658126	114954240
1789658131	114954240
1789658136	114954240
1789658141	114954240
1789658146	114954240
1789658151	114954240
1789658156	114954240
1789658161	114954240
1789658166	114954240
1789658171	114954240
1789658176	114954240
1789658181	114954240
1789658186	114954240
1789658191	114954240
1789658196	114954240
1789658201	114954240
1789658206	114954240
1789658211	114954240
1789658216	114954240
1789658221	114954240
1789658226	114954240
1789658231	114954240
1789658236	114954240
1789658241	114954240
1789658246	114954240
1789658251	114954240
1789658256	114954240
1789658261	114954240
1789658266	114954240
1789658271	114954240
1789658276	114954240
1789658281	114954240
1789658286	114954240
1789658291	114954240
1789658296	114954240
1789658301	114954240
1789658306	114954240
1789658311	114954240
1789658316	114954240
1789658321	114954240
1789658326	114954240
1789658331	114954240
1789658336	114954240
1789658341	114954240
1789658346	114954240
1789658351	114954240
1789658356	114954240
1789658361	114954240
1789658366	114954240
1789658371	114954240
1789658376	114954240
1789658381	114954240
1789658386	114954240
1789658391	114954240
1789658396	114954240
1789658401	114954240
1789658406	114954240
1789658411	114954240
1789658416	114954240
1789658421	114954240
1789658426	114954240
1789658431	114954240
1789658436	114954240
1789658441	114954240
1789658446	114954240
1789658451	114954240
1789658456	114954240
1789658461	114954240
1789658466	114954240
1789658471	114954240
1789658476	114954240
1789658481	114954240
1789658486	114954240
1789658491	114954240
1789658496	114954240
1789658501	114954240
1789658506	114954240
1789658511	114954240
1789658517	114954240
1789658522	114954240
1789658527	114954240
1789658532	114954240
1789658537	114954240
1789658542	114954240
1789658547	114954240
1789658552	114954240
1789658557	114954240
1789658562	114954240
1789658567	114954240
1789658572	114954240
1789658577	114954240
1789658582	114954240
1789658587	114954240
1789658592	114954240
1789658597	114954240
1789658602	114954240
1789658607	114954240
1789658612	114954240
1789658617	114954240
1789658622	114954240
1789658627	114954240
1789658632	114954240
1789658637	114954240
1789658642	114954240
1789658647	114954240
1789658652	114954240
1789658657	114954240
1789658662	114954240
1789658667	114954240
1789658672	114954240
1789658677	114954240
1789658682	114954240
1789658687	114954240
1789658692	114954240
1789658697	114954240
1789658702	114954240
1789658707	114954240
1789658712	114954240
1789658717	114954240
1789658722	114954240
1789658727	114954240
1789658732	114954240
1789658737	114954240
1789658742	114954240
1789658747	114954240
1789658752	114954240
1789658757	114954240
1789658762	114954240
1789658767	114954240
1789658772	114954240
1789658777	114954240
1789658782	114954240
1789658787	114954240
1789658792	114954240
1789658797	114954240
1789658802	114954240
1789658807	114954240
1789658812	114954240
1789658817	114954240
1789658822	114954240
1789658827	114954240
1789658832	114954240
1789658837	114954240
1789658842	114954240
1789658847	114954240
1789658852	114954240
1789658857	114954240
1789658862	114954240
1789658867	114954240
1789658872	114954240
1789658877	114954240
1789658882	114954240
1789658887	114954240
1789658892	114954240
1789658897	114954240
1789658902	114954240
1789658907	114954240
1789658912	114954240
1789658917	114954240
1789658922	114954240
1789658927	114954240
1789658932	114954240
1789658937	114954240
1789658942	114954240
1789658947	114954240
1789658952	114954240
1789658957	114954240
1789658962	114954240
1789658967	114954240
1789658972	114954240
1789658977	114954240
1789658982	114954240
1789658987	114954240
1789658992	114954240
1789658997	114954240
1789659002	114954240
1789659007	114954240
1789659012	114954240
1789659017	114954240
1789659022	114954240
1789659027	114954240
1789659032	114954240
1789659037	114954240
1789659042	114954240
1789659047	114954240
1789659052	114954240
1789659057	114954240
1789659062	114954240
1789659067	114954240
1789659072	114954240
1789659077	114954240
1789659082	114954240
1789659087	114954240
1789659092	114954240
1789659097	114954240
1789659102	114954240
1789659107	114954240
1789659112	114954240
1789659117	114954240
1789659122	114954240
1789659127	114954240
1789659132	114954240
1789659137	114954240
1789659142	114954240
1789659147	114954240
1789659152	114954240
1789659157	114954240
1789659162	114954240
1789659167	114954240
1789659172	114954240
1789659177	114954240
1789659182	114954240
1789659187	114954240
1789659192	114954240
1789659197	114954240
1789659202	114954240
1789659207	114954240
1789659212	114954240
1789659217	114954240
1789659222	114954240
1789659227	114954240
1789659232	114954240
1789659237	114954240
1789659242	114954240
1789659248	114954240
1789659253	114954240
1789659258	114954240
1789659263	114954240
1789659268	114954240
1789659273	114954240
1789659278	114954240
1789659283	114954240
1789659288	114954240
1789659293	114954240
1789659298	114954240
1789659303	114954240
1789659308	114954240
1789659313	114954240
1789659318	114954240
1789659323	114954240
1789659328	114954240
1789659333	114954240
1789659338	114954240
1789659343	114954240
1789659348	114954240
1789659353	114954240
1789659358	114954240
1789659363	114954240
1789659368	114954240
1789659373	114954240
1789659378	114954240
1789659383	114954240
1789659388	114954240
1789659393	114954240
1789659398	114954240
1789659403	114954240
1789659408	114954240
1789659413	114954240
1789659418	114954240
1789659423	114954240
1789659428	114954240
1789659433	114954240
1789659438	114954240
1789659443	114954240
1789659448	114954240
1789659453	114954240
1789659458	114954240
1789659463	114954240
1789659468	114954240
1789659473	114954240
1789659478	114954240
1789659483	114954240
1789659488	114954240
1789659493	114954240
1789659498	114954240
1789659503	114954240
1789659508	114954240
1789659513	114954240
1789659518	114954240
1789659523	114954240
1789659528	114954240
1789659533	114954240
1789659538	114954240
1789659543	114954240
1789659548	114954240
1789659553	114954240
1789659558	114954240
1789659563	114954240
1789659568	114954240
1789659573	114954240
1789659578	114954240
1789659583	114954240
1789659588	114954240
1789659593	114954240
1789659598	114954240
1789659603	114954240
1789659608	114954240
1789659613	114954240
1789659618	114954240
1789659623	114954240
1789659628	114954240
1789659633	114954240
1789659638	114954240
1789659643	114954240
1789659648	114954240
1789659653	114954240
1789659658	114954240
1789659663	114954240
1789659668	114954240
1789659673	114954240
1789659678	114954240
1789659683	114954240
1789659688	114954240
1789659693	114954240
1789659698	114954240
1789659703	114954240
1789659708	114954240
1789659713	114954240
1789659718	114954240
1789659723	114954240
1789659728	114954240
1789659733	114954240
1789659738	114954240
1789659743	114954240
1789659748	114954240
1789659753	114954240
1789659758	114954240
1789659763	114954240
1789659768	114954240
1789659773	114954240
1789659778	114954240
1789659783	114954240
1789659788	114954240
1789659793	114954240
1789659798	114954240
1789659803	114954240
1789659808	114954240
1789659813	114954240
1789659818	114954240
1789659823	114954240
1789659828	114954240
1789659833	114954240
1789659838	114954240
1789659843	114954240
1789659848	114954240
1789659853	114954240
1789659858	114954240
1789659863	114954240
1789659868	114954240
1789659873	114954240
1789659878	114954240
1789659883	114954240
1789659888	114954240
1789659893	114954240
1789659898	114954240
1789659903	114954240
1789659908	114954240
1789659913	114954240
1789659918	114954240
1789659923	114954240
1789659928	114954240
1789659933	114954240
1789659938	114954240
1789659943	114954240
1789659948	114954240
1789659953	114954240
1789659958	114954240
1789659963	114954240
1789659968	114954240
1789659973	114954240
1789659979	114954240
1789659984	114954240
1789659989	114954240
1789659994	114954240
1789659999	114954240
1789660004	114954240
1789660009	114954240
1789660014	114954240
1789660019	114954240
1789660024	114954240
1789660029	114954240
1789660034	114954240
1789660039	114954240
1789660044	114954240
1789660049	114954240
1789660054	114954240
1789660059	114954240
1789660064	114954240
1789660069	114954240
1789660074	114954240
1789660079	114954240
1789660084	114954240
1789660089	114954240
1789660094	114954240
1789660099	114954240
1789660104	114954240
1789660109	114954240
1789660114	114954240
1789660119	114954240
1789660124	114954240
1789660129	114954240
1789660134	114954240
1789660139	114954240
1789660144	114954240
1789660149	114954240
1789660154	114954240
1789660159	114954240
1789660164	114954240
1789660169	114954240
1789660174	114954240
1789660179	114954240
1789660184	114954240
1789660189	114954240
1789660194	114954240
1789660199	114954240
1789660204	114954240
1789660209	114954240
1789660214	114954240
1789660219	114954240
1789660224	114954240
1789660229	114954240
1789660234	114954240
1789660239	114954240
1789660244	114954240
1789660249	114954240
1789660254	114954240
1789660259	114954240
1789660264	114954240
1789660269	114954240
1789660274	114954240
1789660279	114954240
1789660284	114954240
1789660289	114954240
1789660294	114954240
1789660299	114954240
1789660304	114954240
1789660309	114954240
1789660314	114954240
1789660319	114954240
1789660324	114954240
1789660329	114954240
1789660334	114954240
1789660339	114954240
1789660344	114954240
1789660349	114954240
1789660354	114954240
1789660359	114954240
1789660364	114954240
1789660369	114954240
1789660374	114954240
1789660379	114954240
1789660384	114954240
1789660389	114954240
1789660394	114954240
1789660399	114954240
1789660404	114954240
1789660409	114954240
1789660414	114954240
1789660419	114954240
1789660424	114954240
1789660429	114954240
1789660434	114954240
1789660439	114954240
1789660444	114954240
1789660449	114954240
1789660454	114954240
1789660459	114954240
1789660464	114954240
1789660469	114954240
1789660474	114954240
1789660479	114954240
1789660484	114954240
1789660489	114954240
1789660494	114954240
1789660499	114954240
1789660504	114954240
1789660509	114954240
1789660514	114954240
1789660519	114954240
1789660524	114954240
1789660529	114954240
1789660534	114954240
1789660539	114954240
1789660544	114954240
1789660549	114954240
1789660554	114954240
1789660559	114954240
1789660564	114954240
1789660569	114954240
1789660574	114954240
1789660579	114954240
1789660584	114954240
1789660589	114954240
1789660594	114954240
1789660599	114954240
1789660604	114954240
1789660609	114954240
1789660614	114954240
1789660619	114954240
1789660624	114954240
1789660629	114954240
1789660634	114954240
1789660639	114954240
1789660644	114954240
1789660649	114954240
1789660654	114954240
1789660659	114954240
1789660664	114954240
1789660669	114954240
1789660674	114954240
1789660679	114954240
1789660684	114954240
1789660689	114954240
1789660694	114954240
1789660699	114954240
1789660704	114954240
1789660709	114954240
1789660715	114954240
1789660720	114954240
1789660725	114954240
1789660730	114954240
1789660735	114954240
1789660740	114954240
1789660745	114954240
1789660750	114954240
1789660755	114954240
1789660760	114954240
1789660765	114954240
1789660770	114954240
1789660775	114954240
1789660780	114954240
1789660785	114954240
1789660790	114954240
1789660795	114954240
1789660800	114954240
1789660805	114954240
1789660810	114954240
1789660815	114954240
1789660820	114954240
1789660825	114954240
1789660830	114954240
1789660835	114954240
1789660840	114954240
1789660845	114954240
1789660850	114954240
1789660855	114954240
1789660860	114954240
1789660865	114954240
1789660870	114954240
1789660875	114954240
1789660880	114954240
1789660885	114954240
1789660890	114954240
1789660895	114954240
1789660900	114954240
1789660905	114954240
1789660910	114954240
1789660915	114954240
1789660920	114954240
1789660925	114954240
1789660930	114954240
1789660935	114954240
1789660940	114954240
1789660945	114954240
1789660950	114954240
1789660955	114954240
1789660960	114954240
1789660965	114954240
1789660970	114954240
1789660975	114954240
1789660980	114954240
1789660985	114954240
1789660990	114954240
1789660995	114954240
1789661000	114954240
1789661005	114954240
1789661010	114954240
1789661015	114954240
1789661020	114954240
1789661025	114954240
1789661030	114954240
1789661035	114954240
1789661040	114954240
1789661045	114954240
1789661050	114954240
1789661055	114954240
1789661060	114954240
1789661065	114954240
1789661070	114954240
1789661075	114954240
1789661080	114954240
1789661085	114954240
1789661090	114954240
1789661095	114954240
1789661100	114954240
1789661105	114954240
1789661110	114954240
1789661115	114954240
1789661120	114954240
1789661125	114954240
1789661130	114954240
1789661135	114954240
1789661140	114954240
1789661145	114954240
1789661150	114954240
1789661155	114954240
1789661160	114954240
1789661165	114954240
1789661170	114954240
1789661175	114954240
1789661180	114954240
1789661185	114954240
1789661190	114954240
1789661195	114954240
1789661200	114954240
1789661205	114954240
1789661210	114954240
1789661215	114954240
1789661220	114954240
1789661225	114954240
1789661230	114954240
1789661235	114954240
1789661240	114954240
1789661245	114954240
1789661250	114954240
1789661255	114954240
1789661260	114954240
1789661265	114954240
1789661270	114954240
1789661275	114954240
1789661280	114954240
1789661285	114954240
1789661290	114954240
1789661295	114954240
1789661300	114954240
1789661305	114954240
1789661310	114954240
1789661315	114954240
1789661320	114954240
1789661325	114954240
1789661330	114954240
1789661335	114954240
1789661340	114954240
1789661345	114954240
1789661350	114954240
1789661355	114954240
1789661360	114954240
1789661365	114954240
1789661370	114954240
1789661375	114954240
1789661380	114954240
1789661385	114954240
1789661390	114954240
1789661395	114954240
1789661400	114954240
1789661405	114954240
1789661410	114954240
1789661415	114954240
1789661420	114954240
1789661425	114954240
1789661430	114954240
1789661435	114954240
1789661440	114954240
1789661446	114954240
1789661451	114954240
1789661456	114954240
1789661461	114954240
1789661466	114954240
1789661471	114954240
1789661476	114954240
1789661481	114954240
1789661486	114954240
1789661491	114954240
1789661496	114954240
1789661501	114954240
1789661506	114954240
1789661511	114954240
1789661516	114954240
1789661521	114954240
1789661526	114954240
1789661531	114954240
1789661536	114954240
1789661541	114954240
1789661546	114954240
1789661551	114954240
1789661556	114954240
1789661561	114954240
1789661566	114954240
1789661571	114954240
1789661576	114954240
1789661581	114954240
1789661586	114954240
1789661591	114954240
1789661596	114954240
1789661601	114954240
1789661606	114954240
1789661611	114954240
1789661616	114954240
1789661621	114954240
1789661626	114954240
1789661631	114954240
1789661636	114954240
1789661641	114954240
1789661646	114954240
1789661651	114954240
1789661656	114954240
1789661661	114954240
1789661666	114954240
1789661671	114954240
1789661676	114954240
1789661681	114954240
1789661686	114954240
1789661691	114954240
1789661696	114954240
1789661701	114954240
1789661706	114954240
1789661711	114954240
1789661716	114954240
1789661721	114954240
1789661726	114954240
1789661731	114954240
1789661736	114954240
1789661741	114954240
1789661746	114954240
1789661751	114954240
1789661756	114954240
1789661761	114954240
1789661766	114954240
1789661771	114954240
1789661776	114954240
1789661781	114954240
1789661786	114954240
1789661791	114954240
1789661796	114954240
1789661801	114954240
1789661806	114954240
1789661811	114954240
1789661816	114954240
1789661821	114954240
1789661826	114954240
1789661831	114954240
1789661836	114954240
1789661841	114954240
1789661846	114954240
1789661851	114954240
1789661856	114954240
1789661861	114954240
1789661866	114954240
1789661871	114954240
1789661876	114954240
1789661881	114954240
1789661886	114954240
1789661891	114954240
1789661896	114954240
1789661901	114954240
1789661906	114954240
1789661911	114954240
1789661916	114954240
1789661921	114954240
1789661926	114954240
1789661931	114954240
1789661936	114954240
1789661941	114954240
1789661946	114954240
1789661951	114954240
1789661956	114954240
1789661961	114954240
1789661966	114954240
1789661971	114954240
1789661976	114954240
1789661981	114954240
1789661986	114954240
1789661991	114954240
1789661996	114954240
1789662001	114954240
1789662006	114954240
1789662011	114954240
1789662016	114954240
1789662021	114954240
1789662026	114954240
1789662031	114954240
1789662036	114954240
1789662041	114954240
1789662046	114954240
1789662051	114954240
1789662056	114954240
1789662061	114954240
1789662066	114954240
1789662071	114954240
1789662076	114954240
1789662081	114954240
1789662086	114954240
1789662091	114954240
1789662096	114954240
1789662101	114954240
1789662106	114954240
1789662111	114954240
1789662116	114954240
1789662121	114954240
1789662126	114954240
1789662131	114954240
1789662136	114954240
1789662141	114954240
1789662146	114954240
1789662151	114954240
1789662156	114954240
1789662161	114954240
1789662166	114954240
1789662171	114954240
1789662176	114954240
1789662182	114954240
1789662187	114954240
1789662192	114954240
1789662197	114954240
1789662202	114954240
1789662207	114954240
1789662212	114954240
1789662217	114954240
1789662222	114954240
1789662227	114954240
1789662232	114954240
1789662237	114954240
1789662242	114954240
1789662247	114954240
1789662252	114954240
1789662257	114954240
1789662262	114954240
1789662267	114954240
1789662272	114954240
1789662277	114954240
1789662282	114954240
1789662287	114954240
1789662292	114954240
1789662297	114954240
1789662302	114954240
1789662307	114954240
1789662312	114954240
1789662317	114954240
1789662322	114954240
1789662327	114954240
1789662332	114954240
1789662337	114954240
1789662342	114954240
1789662347	114954240
1789662352	114954240
1789662357	114954240
1789662362	114954240
1789662367	114954240
1789662372	114954240
1789662377	114954240
1789662382	114954240
1789662387	114954240
1789662392	114954240
1789662397	114954240
1789662402	114954240
1789662407	114954240
1789662412	114954240
1789662417	114954240
1789662422	114954240
1789662427	114954240
1789662432	114954240
1789662437	114954240
1789662442	114954240
1789662447	114954240
1789662452	114954240
1789662457	114954240
1789662462	114954240
1789662467	114954240
1789662472	114954240
1789662477	114954240
1789662482	114954240
1789662487	114954240
1789662492	114954240
1789662497	114954240
1789662502	114954240
1789662507	114954240
1789662512	114954240
1789662517	114954240
1789662522	114954240
1789662527	114954240
1789662532	114954240
1789662537	114954240
1789662542	114954240
1789662547	114954240
1789662552	114954240
1789662557	114954240
1789662562	114954240
1789662567	114954240
1789662572	114954240
1789662577	114954240
1789662582	114954240
1789662587	114954240
1789662592	114954240
1789662597	114954240
1789662602	114954240
1789662607	114954240
1789662612	114954240
1789662617	114954240
1789662622	114954240
1789662627	114954240
1789662632	114954240
1789662637	114954240
1789662642	114954240
1789662647	114954240
1789662652	114954240
1789662657	114954240
1789662662	114954240
1789662667	114954240
1789662672	114954240
1789662677	114954240
1789662682	114954240
1789662687	114954240
1789662692	114954240
1789662697	114954240
1789662702	114954240
1789662707	114954240
1789662712	114954240
1789662717	114954240
1789662722	114954240
1789662727	114954240
1789662732	114954240
1789662737	114954240
1789662742	114954240
1789662747	114954240
1789662752	114954240
1789662757	114954240
1789662762	114954240
1789662767	114954240
1789662772	114954240
1789662777	114954240
1789662782	114954240
1789662787	114954240
1789662792	114954240
1789662797	114954240
1789662802	114954240
1789662807	114954240
1789662812	114954240
1789662817	114954240
1789662822	114954240
1789662827	114954240
1789662832	114954240
1789662837	114954240
1789662842	114954240
1789662847	114954240
1789662852	114954240
1789662857	114954240
1789662862	114954240
1789662867	114954240
1789662872	114954240
1789662877	114954240
1789662882	114954240
1789662887	114954240
1789662892	114954240
1789662897	114954240
1789662902	114954240
1789662907	114954240
1789662912	114954240
1789662917	114954240
1789662922	114954240
1789662928	114954240
1789662933	114954240
1789662938	114954240
1789662943	114954240
1789662948	114954240
1789662953	114954240
1789662958	114954240
1789662963	114954240
1789662968	114954240
1789662973	114954240
1789662978	114954240
1789662983	114954240
1789662988	114954240
1789662993	114954240
1789662998	114954240
1789663003	114954240
1789663008	114954240
1789663013	114954240
1789663018	114954240
1789663023	114954240
1789663028	114954240
1789663033	114954240
1789663038	114954240
1789663043	114954240
1789663048	114954240
1789663053	114954240
1789663058	114954240
1789663063	114954240
1789663068	114954240
1789663073	114954240
1789663078	114954240
1789663083	114954240
1789663088	114954240
1789663093	114954240
1789663098	114954240
1789663103	114954240
1789663108	114954240
1789663113	114954240
1789663118	114954240
1789663123	114954240
1789663128	114954240
1789663133	114954240
1789663138	114954240
1789663143	114954240
1789663148	114954240
1789663153	114954240
1789663158	114954240
1789663163	114954240
1789663168	114954240
1789663173	114954240
1789663178	114954240
1789663183	114954240
1789663188	114954240
1789663193	114954240
1789663198	114954240
1789663203	114954240
1789663208	114954240
1789663213	114954240
1789663218	114954240
1789663223	114954240
1789663228	114954240
1789663233	114954240
1789663238	114954240
1789663243	114954240
1789663248	114954240
1789663253	114954240
1789663258	114954240
1789663263	114954240
1789663268	114954240
1789663273	114954240
1789663278	114954240
1789663283	114954240
1789663288	114954240
1789663293	114954240
1789663298	114954240
1789663303	114954240
1789663308	114954240
1789663313	114954240
1789663318	114954240
1789663323	114954240
1789663328	114954240
1789663333	114954240
1789663338	114954240
1789663343	114954240
1789663348	114954240
1789663353	114954240
1789663358	114954240
1789663363	114954240
1789663368	114954240
1789663373	114954240
1789663378	114954240
1789663383	114954240
1789663388	114954240
1789663393	114954240
1789663398	114954240
1789663403	114954240
1789663408	114954240
1789663413	114954240
1789663418	114954240
1789663423	114954240
1789663428	114954240
1789663433	114954240
1789663438	114954240
1789663443	114954240
1789663448	114954240
1789663453	114954240
1789663458	114954240
1789663463	114954240
1789663468	114954240
1789663473	114954240
1789663478	114954240
1789663483	114954240
1789663488	114954240
1789663493	114954240
1789663498	114954240
1789663503	114954240
1789663508	114954240
1789663513	114954240
1789663518	114954240
1789663523	114954240
1789663528	114954240
1789663533	114954240
1789663538	114954240
1789663543	114954240
1789663548	114954240
1789663553	114954240
1789663558	114954240
1789663563	114954240
1789663568	114954240
1789663573	114954240
1789663578	114954240
1789663583	114954240
1789663588	114954240
1789663593	114954240
1789663598	114954240
1789663603	114954240
1789663608	114954240
1789663613	114954240
1789663618	114954240
1789663623	114954240
1789663628	114954240
1789663633	114954240
1789663638	114954240
1789663643	114954240
1789663648	114954240
1789663653	114954240
1789663659	114954240
1789663664	114954240
1789663669	114954240
1789663674	114954240
1789663679	114954240
1789663684	114954240
1789663689	114954240
1789663694	114954240
1789663699	114954240
1789663704	114954240
1789663709	114954240
1789663714	114954240
1789663719	114954240
1789663724	114954240
1789663729	114954240
1789663734	114954240
1789663739	114954240
1789663744	114954240
1789663749	114954240
1789663754	114954240
1789663759	114954240
1789663764	114954240
1789663769	114954240
1789663774	114954240
1789663779	114954240
1789663784	114954240
1789663789	114954240
1789663794	114954240
1789663799	114954240
1789663804	114954240
1789663809	114954240
1789663814	114954240
1789663819	114954240
1789663824	114954240
1789663829	114954240
1789663834	114954240
1789663839	114954240
1789663844	114954240
1789663849	114954240
1789663854	114954240
1789663859	114954240
1789663864	114954240
1789663869	114954240
1789663874	114954240
1789663879	114954240
1789663884	114954240
1789663889	114954240
1789663894	114954240
1789663899	114954240
1789663904	114954240
1789663909	114954240
1789663914	114954240
1789663919	114954240
1789663924	114954240
1789663929	114954240
1789663934	114954240
1789663939	114954240
1789663944	114954240
1789663949	114954240
1789663954	114954240
1789663959	114954240
1789663964	114954240
1789663969	114954240
1789663974	114954240
1789663979	114954240
1789663984	114954240
1789663989	114954240
1789663994	114954240
1789663999	114954240
1789664004	114954240
1789664009	114954240
1789664014	114954240
1789664019	114954240
1789664024	114954240
1789664029	114954240
1789664034	114954240
1789664039	114954240
1789664044	114954240
1789664049	114954240
1789664054	114954240
1789664059	114954240
1789664064	114954240
1789664069	114954240
1789664074	114954240
1789664079	114954240
1789664084	114954240
1789664089	114954240
1789664094	114954240
1789664099	114954240
1789664104	114954240
1789664109	114954240
1789664114	114954240
1789664119	114954240
1789664124	114954240
1789664129	114954240
1789664134	114954240
1789664139	114954240
1789664144	114954240
1789664149	114954240
1789664154	114954240
1789664159	114954240
1789664164	114954240
1789664169	114954240
1789664174	114954240
1789664179	114954240
1789664184	114954240
1789664189	114954240
1789664194	114954240
1789664199	114954240
1789664204	114954240
1789664209	114954240
1789664214	114954240
1789664219	114954240
1789664224	114954240
1789664229	114954240
1789664234	114954240
1789664239	114954240
1789664244	114954240
1789664249	114954240
1789664254	114954240
1789664259	114954240
1789664264	114954240
1789664269	114954240
1789664274	114954240
1789664279	114954240
1789664284	114954240
1789664289	114954240
1789664294	114954240
1789664299	114954240
1789664304	114954240
1789664309	114954240
1789664314	114954240
1789664319	114954240
1789664324	114954240
1789664329	114954240
1789664334	114954240
1789664339	114954240
1789664344	114954240
1789664349	114954240
1789664354	114954240
1789664359	114954240
1789664364	114954240
1789664369	114954240
1789664374	114954240
1789664380	114954240
1789664385	114954240
1789664390	114954240
1789664395	114954240
1789664400	114954240
1789664405	114954240
1789664410	114954240
1789664415	114954240
1789664420	114954240
1789664425	114954240
1789664430	114954240
1789664435	114954240
1789664440	114954240
1789664445	114954240
1789664450	114954240
1789664455	114954240
1789664460	114954240
1789664465	114954240
1789664470	114954240
1789664475	114954240
1789664480	114954240
1789664485	114954240
1789664490	114954240
1789664495	114954240
1789664500	114954240
1789664505	114954240
1789664510	114954240
1789664515	114954240
1789664520	114954240
1789664525	114954240
1789664530	114954240
1789664535	114954240
1789664540	114954240
1789664545	114954240
1789664550	114954240
1789664555	114954240
1789664560	114954240
1789664565	114954240
1789664570	114954240
1789664575	114954240
1789664580	114954240
1789664585	114954240
1789664590	114954240
1789664595	114954240
1789664600	114954240
1789664605	114954240
1789664610	114954240
1789664615	114954240
1789664620	114954240
1789664625	114954240
1789664630	114954240
1789664635	114954240
1789664640	114954240
1789664645	114954240
1789664650	114954240
1789664655	114954240
1789664660	114954240
1789664665	114954240
1789664670	114954240
1789664675	114954240
1789664680	114954240
1789664685	114954240
1789664690	114954240
1789664695	114954240
1789664700	114954240
1789664705	114954240
1789664710	114954240
1789664715	114954240
1789664720	114954240
1789664725	114954240
1789664730	114954240
1789664735	114954240
1789664740	114954240
1789664745	114954240
1789664750	114954240
1789664755	114954240
1789664760	114954240
1789664765	114954240
1789664770	114954240
1789664775	114954240
1789664780	114954240
1789664785	114954240
1789664790	114954240
1789664795	114954240
1789664800	114954240
1789664805	114954240
1789664810	114954240
1789664815	114954240
1789664820	114954240
1789664825	114954240
1789664830	114954240
1789664835	114954240
1789664840	114954240
1789664845	114954240
1789664850	114954240
1789664855	114954240
1789664860	114954240
1789664865	114954240
1789664870	114954240
1789664875	114954240
1789664880	114954240
1789664885	114954240
1789664890	114954240
1789664895	114954240
1789664900	114954240
1789664905	114954240
1789664910	114954240
1789664915	114954240
1789664920	114954240
1789664925	114954240
1789664930	114954240
1789664935	114954240
1789664940	114954240
1789664945	114954240
1789664950	114954240
1789664955	114954240
1789664960	114954240
1789664965	114954240
1789664970	114954240
1789664975	114954240
1789664980	114954240
1789664985	114954240
1789664990	114954240
1789664995	114954240
1789665000	114954240
1789665005	114954240
1789665010	114954240
1789665015	114954240
1789665020	114954240
1789665025	114954240
1789665030	114954240
1789665035	114954240
1789665040	114954240
1789665045	114954240
1789665050	114954240
1789665055	114954240
1789665060	114954240
1789665065	114954240
1789665070	114954240
1789665075	114954240
1789665080	114954240
1789665085	114954240
1789665090	114954240
1789665095	114954240
1789665100	114954240
1789665105	114954240
1789665110	114954240
1789665115	114954240
1789665121	114954240
1789665126	114954240
1789665131	114954240
1789665136	114954240
1789665141	114954240
1789665146	114954240
1789665151	114954240
1789665156	114954240
1789665161	114954240
1789665166	114954240
1789665171	114954240
1789665176	114954240
1789665181	114954240
1789665186	114954240
1789665191	114954240
1789665196	114954240
1789665201	114954240
1789665206	114954240
1789665211	114954240
1789665216	114954240
1789665221	114954240
1789665226	114954240
1789665231	114954240
1789665236	114954240
1789665241	114954240
1789665246	114954240
1789665251	114954240
1789665256	114954240
1789665261	114954240
1789665266	114954240
1789665271	114954240
1789665276	114954240
1789665281	114954240
1789665286	114954240
1789665291	114954240
1789665296	114954240
1789665301	114954240
1789665306	114954240
1789665311	114954240
1789665316	114954240
1789665321	114954240
1789665326	114954240
1789665331	114954240
1789665336	114954240
1789665341	114954240
1789665346	114954240
1789665351	114954240
1789665356	114954240
1789665361	114954240
1789665366	114954240
1789665371	114954240
1789665376	114954240
1789665381	114954240
1789665386	114954240
1789665391	114954240
1789665396	114954240
1789665401	114954240
1789665406	114954240
1789665411	114954240
1789665416	114954240
1789665421	114954240
1789665426	114954240
1789665431	114954240
1789665436	114954240
1789665441	114954240
1789665446	114954240
1789665451	114954240
1789665456	114954240
1789665461	114954240
1789665466	114954240
1789665471	114954240
1789665476	114954240
1789665481	114954240
1789665486	114954240
1789665491	114954240
1789665496	114954240
1789665501	114954240
1789665506	114954240
1789665511	114954240
1789665516	114954240
1789665521	114954240
1789665526	114954240
1789665531	114954240
1789665536	114954240
1789665541	114954240
1789665546	114954240
1789665551	114954240
1789665556	114954240
1789665561	114954240
1789665566	114954240
1789665571	114954240
1789665576	114954240
1789665581	114954240
1789665586	114954240
1789665591	114954240
1789665596	114954240
1789665601	114954240
1789665606	114954240
1789665611	114954240
1789665616	114954240
1789665621	114954240
1789665626	114954240
1789665631	114954240
1789665636	114954240
1789665641	114954240
1789665646	114954240
1789665651	114954240
1789665656	114954240
1789665661	114954240
1789665666	114954240
1789665671	114954240
1789665676	114954240
1789665681	114954240
1789665686	114954240
1789665691	114954240
1789665696	114954240
1789665701	114954240
1789665706	114954240
1789665711	114954240
1789665716	114954240
1789665721	114954240
1789665726	114954240
1789665731	114954240
1789665736	114954240
1789665741	114954240
1789665746	114954240
1789665751	114954240
1789665756	114954240
1789665761	114954240
1789665766	114954240
1789665771	114954240
1789665776	114954240
1789665781	114954240
1789665786	114954240
1789665791	114954240
1789665796	114954240
1789665801	114954240
1789665806	114954240
1789665811	114954240
1789665816	114954240
1789665821	114954240
1789665826	114954240
1789665831	114954240
1789665836	114954240
1789665841	114954240
1789665847	114954240
1789665852	114954240
1789665857	114954240
1789665862	114954240
1789665867	114954240
1789665872	114954240
1789665877	114954240
1789665882	114954240
1789665887	114954240
1789665892	114954240
1789665897	114954240
1789665902	114954240
1789665907	114954240
1789665912	114954240
1789665917	114954240
1789665922	114954240
1789665927	114954240
1789665932	114954240
1789665937	114954240
1789665942	114954240
1789665947	114954240
1789665952	114954240
1789665957	114954240
1789665962	114954240
1789665967	114954240
1789665972	114954240
1789665977	114954240
1789665982	114954240
1789665987	114954240
1789665992	114954240
1789665997	114954240
1789666002	114954240
1789666007	114954240
1789666012	114954240
1789666017	114954240
1789666022	114954240
1789666027	114954240
1789666032	114954240
1789666037	114954240
1789666042	114954240
1789666047	114954240
1789666052	114954240
1789666057	114954240
1789666062	114954240
1789666067	114954240
1789666072	114954240
1789666077	114954240
1789666082	114954240
1789666087	114954240
1789666092	114954240
1789666097	114954240
1789666102	114954240
1789666107	114954240
1789666112	114954240
1789666117	114954240
1789666122	114954240
1789666127	114954240
1789666132	114954240
1789666137	114954240
1789666142	114954240
1789666147	114954240
1789666152	114954240
1789666157	114954240
1789666162	114954240
1789666167	114954240
1789666172	114954240
1789666177	114954240
1789666182	114954240
1789666187	114954240
1789666192	114954240
1789666197	114954240
1789666202	114954240
1789666207	114954240
1789666212	114954240
1789666217	114954240
1789666222	114954240
1789666227	114954240
1789666232	114954240
1789666237	114954240
1789666242	114954240
1789666247	114954240
1789666252	114954240
1789666257	114954240
1789666262	114954240
1789666267	114954240
1789666272	114954240
1789666277	114954240
1789666282	114954240
1789666287	114954240
1789666292	114954240
1789666297	114954240
1789666302	114954240
1789666307	114954240
1789666312	114954240
1789666317	114954240
1789666322	114954240
1789666327	114954240
1789666332	114954240
1789666337	114954240
1789666342	114954240
1789666347	114954240
1789666352	114954240
1789666357	114954240
1789666362	114954240
1789666367	114954240
1789666372	114954240
1789666377	114954240
1789666382	114954240
1789666387	114954240
1789666392	114954240
1789666397	114954240
1789666402	114954240
1789666407	114954240
1789666412	114954240
1789666417	114954240
1789666422	114954240
1789666427	114954240
1789666432	114954240
1789666437	114954240
1789666442	114954240
1789666447	114954240
1789666452	114954240
1789666457	114954240
1789666462	114954240
1789666467	114954240
1789666472	114954240
1789666477	114954240
1789666482	114954240
1789666487	114954240
1789666492	114954240
1789666497	114954240
1789666502	114954240
1789666507	114954240
1789666512	114954240
1789666517	114954240
1789666522	114954240
1789666527	114954240
1789666532	114954240
1789666537	114954240
1789666542	114954240
1789666547	114954240
1789666552	114954240
1789666557	114954240
1789666562	114954240
1789666567	114954240
1789666572	114954240
1789666577	114954240
1789666583	114954240
1789666588	114954240
1789666593	114954240
1789666598	114954240
1789666603	114954240
1789666608	114954240
1789666613	114954240
1789666618	114954240
1789666623	114954240
1789666628	114954240
1789666633	114954240
1789666638	114954240
1789666643	114954240
1789666648	114954240
1789666653	114954240
1789666658	114954240
1789666663	114954240
1789666668	114954240
1789666673	114954240
1789666678	114954240
1789666683	114954240
1789666688	114954240
1789666693	114954240
1789666698	114954240
1789666703	114954240
1789666708	114954240
1789666713	114954240
1789666718	114954240
1789666723	114954240
1789666728	114954240
1789666733	114954240
1789666738	114954240
1789666743	114954240
1789666748	114954240
1789666753	114954240
1789666758	114954240
1789666763	114954240
1789666768	114954240
1789666773	114954240
1789666778	114954240
1789666783	114954240
1789666788	114954240
1789666793	114954240
1789666798	114954240
1789666803	114954240
1789666808	114954240
1789666813	114954240
1789666818	114954240
1789666823	114954240
1789666828	114954240
1789666833	114954240
1789666838	114954240
1789666843	114954240
1789666848	114954240
1789666853	114954240
1789666858	114954240
1789666863	114954240
1789666868	114954240
1789666873	114954240
1789666878	114954240
1789666883	114954240
1789666888	114954240
1789666893	114954240
1789666898	114954240
1789666903	114954240
1789666908	114954240
1789666913	114954240
1789666918	114954240
1789666923	114954240
1789666928	114954240
1789666933	114954240
1789666938	114954240
1789666943	114954240
1789666948	114954240
1789666953	114954240
1789666958	114954240
1789666963	114954240
1789666968	114954240
1789666973	114954240
1789666978	114954240
1789666983	114954240
1789666988	114954240
1789666993	114954240
1789666998	114954240
1789667003	114954240
1789667008	114954240
1789667013	114954240
1789667018	114954240
1789667023	114954240
1789667028	114954240
1789667033	114954240
1789667038	114954240
1789667043	114954240
1789667048	114954240
1789667053	114954240
1789667058	114954240
1789667063	114954240
1789667068	114954240
1789667073	114954240
1789667078	114954240
1789667083	114954240
1789667088	114954240
1789667093	114954240
1789667098	114954240
1789667103	114954240
1789667108	114954240
1789667113	114954240
1789667118	114954240
1789667123	114954240
1789667128	114954240
1789667133	114954240
1789667138	114954240
1789667143	114954240
1789667148	114954240
1789667153	114954240
1789667158	114954240
1789667163	114954240
1789667168	114954240
1789667173	114954240
1789667178	114954240
1789667183	114954240
1789667188	114954240
1789667193	114954240
1789667198	114954240
1789667203	114954240
1789667208	114954240
1789667213	114954240
1789667218	114954240
1789667223	114954240
1789667228	114954240
1789667233	114954240
1789667238	114954240
1789667243	114954240
1789667248	114954240
1789667253	114954240
1789667258	114954240
1789667263	114954240
1789667268	114954240
1789667273	114954240
1789667278	114954240
1789667283	114954240
1789667288	114954240
1789667293	114954240
1789667298	114954240
1789667303	114954240
1789667308	114954240
1789667313	114954240
1789667319	114954240
1789667324	114954240
1789667329	114954240
1789667334	114954240
1789667339	114954240
1789667344	114954240
1789667349	114954240
1789667354	114954240
1789667359	114954240
1789667364	114954240
1789667369	114954240
1789667374	114954240
1789667379	114954240
1789667384	114954240
1789667389	114954240
1789667394	114954240
1789667399	114954240
1789667404	114954240
1789667409	114954240
1789667414	114954240
1789667419	114954240
1789667424	114954240
1789667429	114954240
1789667434	114954240
1789667439	114954240
1789667444	114954240
1789667449	114954240
1789667454	114954240
1789667459	114954240
1789667464	114954240
1789667469	114954240
1789667474	114954240
1789667479	114954240
1789667484	114954240
1789667489	114954240
1789667494	114954240
1789667499	114954240
1789667504	114954240
1789667509	114954240
1789667514	114954240
1789667519	114954240
1789667524	114954240
1789667529	114954240
1789667534	114954240
1789667539	114954240
1789667544	114954240
1789667549	114954240
1789667554	114954240
1789667559	114954240
1789667564	114954240
1789667569	114954240
1789667574	114954240
1789667579	114954240
1789667584	114954240
1789667589	114954240
1789667594	114954240
1789667599	114954240
1789667604	114954240
1789667609	114954240
1789667614	114954240
1789667619	114954240
1789667624	114954240
1789667629	114954240
1789667634	114954240
1789667639	114954240
1789667644	114954240
1789667649	114954240
1789667654	114954240
1789667659	114954240
1789667664	114954240
1789667669	114954240
1789667674	114954240
1789667679	114954240
1789667684	114954240
1789667689	114954240
1789667694	114954240
1789667699	114954240
1789667704	114954240
1789667709	114954240
1789667714	114954240
1789667719	114954240
1789667724	114954240
1789667729	114954240
1789667734	114954240
1789667739	114954240
1789667744	114954240
1789667749	114954240
1789667754	114954240
1789667759	114954240
1789667764	114954240
1789667769	114954240
1789667774	114954240
1789667779	114954240
1789667784	114954240
1789667789	114954240
1789667794	114954240
1789667799	114954240
1789667804	114954240
1789667809	114954240
1789667814	114954240
1789667819	114954240
1789667824	114954240
1789667829	114954240
1789667834	114954240
1789667839	114954240
1789667844	114954240
1789667849	114954240
1789667854	114954240
1789667859	114954240
1789667864	114954240
1789667869	114954240
1789667874	114954240
1789667879	114954240
1789667884	114954240
1789667889	114954240
1789667894	114954240
1789667899	114954240
1789667904	114954240
1789667909	114954240
1789667914	114954240
1789667919	114954240
1789667924	114954240
1789667929	114954240
1789667934	114954240
1789667939	114954240
1789667944	114954240
1789667949	114954240
1789667954	114954240
1789667959	114954240
1789667964	114954240
1789667969	114954240
1789667974	114954240
1789667979	114954240
1789667984	114954240
1789667989	114954240
1789667994	114954240
1789667999	114954240
1789668004	114954240
1789668009	114954240
1789668014	114954240
1789668019	114954240
1789668024	114954240
1789668029	114954240
1789668034	114954240
1789668039	114954240
1789668044	114954240
1789668049	114954240
1789668054	114954240
1789668059	114954240
1789668065	114954240
1789668070	114954240
1789668075	114954240
1789668080	114954240
1789668085	114954240
1789668090	114954240
1789668095	114954240
1789668100	114954240
1789668105	114954240
1789668110	114954240
1789668115	114954240
1789668120	114954240
1789668125	114954240
1789668130	114954240
1789668135	114954240
1789668140	114954240
1789668145	114954240
1789668150	114954240
1789668155	114954240
1789668160	114954240
1789668165	114954240
1789668170	114954240
1789668175	114954240
1789668180	114954240
1789668185	114954240
1789668190	114954240
1789668195	114954240
1789668200	114954240
1789668205	114954240
1789668210	114954240
1789668215	114954240
1789668220	114954240
1789668225	114954240
1789668230	114954240
1789668235	114954240
1789668240	114954240
1789668245	114954240
1789668250	114954240
1789668255	114954240
1789668260	114954240
1789668265	114954240
1789668270	114954240
1789668275	114954240
1789668280	114954240
1789668285	114954240
1789668290	114954240
1789668295	114954240
1789668300	114954240
1789668305	114954240
1789668310	114954240
1789668315	114954240
1789668320	114954240
1789668325	114954240
1789668330	114954240
1789668335	114954240
1789668340	114954240
1789668345	114954240
1789668350	114954240
1789668355	114954240
1789668360	114954240
1789668365	114954240
1789668370	114954240
1789668375	114954240
1789668380	114954240
1789668385	114954240
1789668390	114954240
1789668395	114954240
1789668400	114954240
1789668405	114954240
1789668410	114954240
1789668415	114954240
1789668420	114954240
1789668425	114954240
1789668430	114954240
1789668435	114954240
1789668440	114954240
1789668445	114954240
1789668450	114954240
1789668455	114954240
1789668460	114954240
1789668465	114954240
1789668470	114954240
1789668475	114954240
1789668480	114954240
1789668485	114954240
1789668490	114954240
1789668495	114954240
1789668500	114954240
1789668505	114954240
1789668510	114954240
1789668515	114954240
1789668520	114954240
1789668525	114954240
1789668530	114954240
1789668535	114954240
1789668540	114954240
1789668545	114954240
1789668550	114954240
1789668555	114954240
1789668560	114954240
1789668565	114954240
1789668570	114954240
1789668575	114954240
1789668580	114954240
1789668585	114954240
1789668590	114954240
1789668595	114954240
1789668600	114954240
1789668605	114954240
1789668610	114954240
1789668615	114954240
1789668620	114954240
1789668625	114954240
1789668630	114954240
1789668635	114954240
1789668640	114954240
1789668645	114954240
1789668650	114954240
1789668655	114954240
1789668660	114954240
1789668665	114954240
1789668670	114954240
1789668675	114954240
1789668680	114954240
1789668685	114954240
1789668690	114954240
1789668695	114954240
1789668700	114954240
1789668705	114954240
1789668710	114954240
1789668715	114954240
1789668720	114954240
1789668725	114954240
1789668730	114954240
1789668735	114954240
1789668740	114954240
1789668745	114954240
1789668750	114954240
1789668755	114954240
1789668760	114954240
1789668765	114954240
1789668770	114954240
1789668775	114954240
1789668780	114954240
1789668785	114954240
1789668790	114954240
1789668795	114954240
1789668801	114954240
1789668806	114954240
1789668811	114954240
1789668816	114954240
1789668821	114954240
1789668826	114954240
1789668831	114954240
1789668836	114954240
1789668841	114954240
1789668846	114954240
1789668851	114954240
1789668856	114954240
1789668861	114954240
1789668866	114954240
1789668871	114954240
1789668876	114954240
1789668881	114954240
1789668886	114954240
1789668891	114954240
1789668896	114954240
1789668901	114954240
1789668906	114954240
1789668911	114954240
1789668916	114954240
1789668921	114954240
1789668926	114954240
1789668931	114954240
1789668936	114954240
1789668941	114954240
1789668946	114954240
1789668951	114954240
1789668956	114954240
1789668961	114954240
1789668966	114954240
1789668971	114954240
1789668976	114954240
1789668981	114954240
1789668986	114954240
1789668991	114954240
1789668996	114954240
1789669001	114954240
1789669006	114954240
1789669011	114954240
1789669016	114954240
1789669021	114954240
1789669026	114954240
1789669031	114954240
1789669036	114954240
1789669041	114954240
1789669046	114954240
1789669051	114954240
1789669056	114954240
1789669061	114954240
1789669066	114954240
1789669071	114954240
1789669076	114954240
1789669081	114954240
1789669086	114954240
1789669091	114954240
1789669096	114954240
1789669101	114954240
1789669106	114954240
1789669111	114954240
1789669116	114954240
1789669121	114954240
1789669126	114954240
1789669131	114954240
1789669136	114954240
1789669141	114954240
1789669146	114954240
1789669151	114954240
1789669156	114954240
1789669161	114954240
1789669166	114954240
1789669171	114954240
1789669176	114954240
1789669181	114954240
1789669186	114954240
1789669191	114954240
1789669196	114954240
1789669201	114954240
1789669206	114954240
1789669211	114954240
1789669216	114954240
1789669221	114954240
1789669226	114954240
1789669231	114954240
1789669236	114954240
1789669241	114954240
1789669246	114954240
1789669251	114954240
1789669256	114954240
1789669261	114954240
1789669266	114954240
1789669271	114954240
1789669276	114954240
1789669281	114954240
1789669286	114954240
1789669291	114954240
1789669296	114954240
1789669301	114954240
1789669306	114954240
1789669311	114954240
1789669316	114954240
1789669321	114954240
1789669326	114954240
1789669331	114954240
1789669336	114954240
1789669341	114954240
1789669346	114954240
1789669351	114954240
1789669356	114954240
1789669361	114954240
1789669366	114954240
1789669371	114954240
1789669376	114954240
1789669381	114954240
1789669386	114954240
1789669391	114954240
1789669396	114954240
1789669401	114954240
1789669406	114954240
1789669411	114954240
1789669416	114954240
1789669421	114954240
1789669426	114954240
1789669431	114954240
1789669436	114954240
1789669441	114954240
1789669446	114954240
1789669451	114954240
1789669456	114954240
1789669461	114954240
1789669466	114954240
1789669471	114954240
1789669476	114954240
1789669481	114954240
1789669486	114954240
1789669491	114954240
1789669496	114954240
1789669501	114954240
1789669506	114954240
1789669511	114954240
1789669516	114954240
1789669521	114954240
1789669527	114954240
1789669532	114954240
1789669537	114954240
1789669542	114954240
1789669547	114954240
1789669552	114954240
1789669557	114954240
1789669562	114954240
1789669567	114954240
1789669572	114954240
1789669577	114954240
1789669582	114954240
1789669587	114954240
1789669592	114954240
1789669597	114954240
1789669602	114954240
1789669607	114954240
1789669612	114954240
1789669617	114954240
1789669622	114954240
1789669627	114954240
1789669632	114954240
1789669637	114954240
1789669642	114954240
1789669647	114954240
1789669652	114954240
1789669657	114954240
1789669662	114954240
1789669667	114954240
1789669672	114954240
1789669677	114954240
1789669682	114954240
1789669687	114954240
1789669692	114954240
