1789429409	4096
1789429414	189984768
1789429419	402477056
1789429424	617181184
1789429429	835743744
1789429434	1051471872
1789429439	1267249152
1789429444	1486938112
1789429449	1704910848
1789429454	1931538432
1789429459	2157228032
1789429464	2381021184
1789429469	2466639872
1789429474	2468446208
1789429479	2621829120
1789429484	2817708032
1789429489	3023572992
1789429494	3219718144
1789429499	3414065152
1789429504	3597062144
1789429509	3784695808
1789429514	3980148736
1789429519	4170821632
1789429524	4368818176
1789429529	4561027072
1789429534	4750438400
1789429539	4935409664
1789429544	5128441856
1789429549	5335044096
1789429554	5539225600
1789429559	5747957760
1789429564	5932158976
1789429569	6136901632
1789429574	6343184384
1789429579	6549139456
1789429584	6662348800
1789429589	6737055744
1789429594	6742687744
1789429599	6762889216
1789429604	5716811776
1789429609	5192462336
1789429614	4163686400
1789429619	3651977216
1789429624	3158679552
1789429629	2633326592
1789429634	2633326592
1789429639	2633326592
1789429644	2635821056
1789429649	2639331328
1789429654	2642845696
1789429659	2646331392
1789429664	2650107904
1789429669	2653622272
1789429674	2657136640
1789429679	2660917248
1789429684	2664407040
1789429689	2667884544
1789429694	2671628288
1789429699	2675109888
1789429704	2678796288
1789429709	2682277888
1789429714	2686001152
1789429719	2689478656
1789429724	2693193728
1789429729	2696675328
1789429734	2700386304
1789429739	2703867904
1789429744	2707582976
1789429749	2711064576
1789429754	2714542080
1789429759	2718257152
1789429764	2721734656
1789429769	2725478400
1789429774	2728955904
1789429779	2732670976
1789429784	2736148480
1789429789	2739859456
1789429794	2743341056
1789429799	2747052032
1789429804	2750533632
1789429809	2754273280
1789429814	2757750784
1789429819	2761465856
1789429824	2764943360
1789429829	2768687104
1789429834	2772135936
1789429839	2775613440
1789429844	2779328512
1789429849	2782810112
1789429854	2786549760
1789429859	2790002688
1789429864	2793742336
1789429869	2797219840
1789429874	2800963584
1789429879	2804441088
1789429884	2807922688
1789429889	2811637760
1789429894	2815119360
1789429899	2818830336
1789429904	2822307840
1789429909	2826051584
1789429914	2829529088
1789429919	2833235968
1789429924	2836746240
1789429929	2840457216
1789429934	2843934720
1789429939	2847649792
1789429944	2851131392
1789429950	2854871040
1789429955	2858348544
1789429960	2862092288
1789429965	2865541120
1789429970	2869284864
1789429975	2872762368
1789429980	2876477440
1789429985	2879959040
1789429990	2883670016
1789429995	2887155712
1789430000	2890866688
1789430005	2894610432
1789430010	2898092032
1789430015	2901569536
1789430020	2905309184
1789430025	2909024256
1789430030	2912501760
1789430035	2916212736
1789430040	2919690240
1789430045	2923401216
1789430050	2926882816
1789430055	2930364416
1789430060	2934079488
1789430065	2937561088
1789430070	2941267968
1789430075	2944745472
1789430080	2948489216
1789430085	2952204288
1789430090	2955669504
1789430095	2959364096
1789430100	2962796544
1789430105	2966519808
1789430110	2969976832
1789430115	2973642752
1789430120	2977370112
1789430125	2980798464
1789430130	2984497152
1789430135	2988224512
1789430140	2991656960
1789430145	2995388416
1789430150	2999054336
1789430155	3002777600
1789430160	3006242816
1789430165	3009937408
1789430170	3013660672
1789430175	3017093120
1789430180	3020816384
1789430185	3024506880
1789430190	3027968000
1789430195	3031662592
1789430200	3035119616
1789430205	3038818304
1789430210	3042512896
1789430215	3045974016
1789430220	3049697280
1789430225	3053391872
1789430230	3056848896
1789430235	3060572160
1789430240	3064266752
1789430245	3067727872
1789430250	3071422464
1789430255	3075145728
1789430260	3078836224
1789430265	3082297344
1789430270	3085996032
1789430275	3089457152
1789430280	3093151744
1789430285	3096846336
1789430290	3100303360
1789430295	3104030720
1789430300	3107344384
1789430305	3110248448
1789430310	3113897984
1789430315	3117383680
1789430320	3121082368
1789430325	3124776960
1789430330	3128213504
1789430335	3131936768
1789430340	3135631360
1789430345	3139092480
1789430350	3142791168
1789430355	3146280960
1789430360	3149975552
1789430365	3153674240
1789430370	3157135360
1789430375	3160829952
1789430380	3164549120
1789430385	3168006144
1789430390	3171700736
1789430395	3175157760
1789430400	3178852352
1789430405	3182546944
1789430410	3186008064
1789430415	3189735424
1789430420	3193196544
1789430425	3196887040
1789430430	3200348160
1789430435	3204050944
1789430440	3207749632
1789430445	3211210752
1789430450	3214938112
1789430455	3218370560
1789430460	3222097920
1789430465	3225792512
1789430470	3229253632
1789430475	3232952320
1789430480	3236409344
1789430485	3240108032
1789430490	3243831296
1789430495	3247263744
1789430500	3250987008
1789430505	3254423552
1789430510	3258142720
1789430515	3261841408
1789430520	3265302528
1789430525	3268997120
1789430530	3272429568
1789430535	3276152832
1789430540	3279843328
1789430545	3283304448
1789430550	3286999040
1789430555	3290722304
1789430560	3294179328
1789430565	3297878016
1789430570	3301601280
1789430575	3305058304
1789430580	3308724224
1789430585	3312156672
1789430590	3315884032
1789430595	3319582720
1789430600	3323011072
1789430605	3326738432
1789430610	3330199552
1789430615	3333877760
1789430621	3337572352
1789430626	3341033472
1789430631	3344752640
1789430636	3348451328
1789430641	3352174592
1789430646	3355635712
1789430651	3359330304
1789430656	3362791424
1789430661	3366486016
1789430666	3370180608
1789430671	3373670400
1789430676	3377364992
1789430681	3381063680
1789430686	3384528896
1789430691	3388227584
1789430696	3391897600
1789430701	3395354624
1789430706	3399081984
1789430711	3402514432
1789430716	3406237696
1789430721	3409670144
1789430726	3413393408
1789430731	3417092096
1789430736	3420553216
1789430741	3424272384
1789430746	3427971072
1789430751	3431432192
1789430756	3435126784
1789430761	3438821376
1789430766	3442257920
1789430771	3445956608
1789430776	3449425920
1789430781	3453124608
1789430786	3456819200
1789430791	3460251648
1789430796	3463946240
1789430801	3467382784
1789430806	3471110144
1789430811	3474804736
1789430816	3478237184
1789430821	3481960448
1789430826	3485421568
1789430831	3489116160
1789430836	3492810752
1789430841	3496275968
1789430846	3499970560
1789430851	3503669248
1789430856	3507363840
1789430861	3510824960
1789430866	3514548224
1789430871	3518009344
1789430876	3521708032
1789430881	3525402624
1789430886	3529125888
1789430891	3532587008
1789430896	3536310272
1789430901	3539771392
1789430906	3543465984
1789430911	3547164672
1789430916	3550625792
1789430921	3554320384
1789430926	3558019072
1789430931	3561480192
1789430936	3565207552
1789430941	3568668672
1789430946	3572338688
1789430951	3576061952
1789430956	3579494400
1789430961	3583221760
1789430966	3586654208
1789430971	3590377472
1789430976	3594076160
1789430981	3597537280
1789430986	3601235968
1789430991	3604959232
1789430996	3608391680
1789431001	3612114944
1789431006	3615576064
1789431011	3619270656
1789431016	3622969344
1789431021	3626430464
1789431026	3630153728
1789431031	3633590272
1789431036	3637284864
1789431041	3640983552
1789431046	3644473344
1789431051	3648172032
1789431056	3651870720
1789431061	3655331840
1789431066	3659030528
1789431071	3662487552
1789431076	3666210816
1789431081	3669905408
1789431086	3673362432
1789431091	3677085696
1789431096	3680780288
1789431101	3684216832
1789431106	3687940096
1789431111	3691663360
1789431116	3695095808
1789431121	3698814976
1789431126	3702272000
1789431131	3705999360
1789431136	3709693952
1789431141	3713150976
1789431146	3716874240
1789431151	3720310784
1789431156	3724009472
1789431161	3727708160
1789431166	3731169280
1789431171	3734892544
1789431176	3738587136
1789431181	3742044160
1789431186	3745738752
1789431191	3749466112
1789431196	3752898560
1789431201	3756621824
1789431206	3760316416
1789431211	3763777536
1789431216	3767476224
1789431221	3771170816
1789431226	3774631936
1789431231	3778351104
1789431236	3781816320
1789431241	3785482240
1789431246	3789201408
1789431251	3792666624
1789431256	3796361216
1789431261	3800055808
1789431266	3803516928
1789431271	3807236096
1789431276	3810672640
1789431281	3814395904
1789431286	3818086400
1789431291	3821547520
1789431296	3825246208
1789431301	3828944896
1789431306	3832406016
1789431312	3836100608
1789431317	3839561728
1789431322	3843260416
1789431327	3846959104
1789431332	3850416128
1789431337	3854110720
1789431342	3859095552
1789431347	3865538560
1789431352	3872022528
1789431357	3878498304
1789431362	3884945408
1789431367	3891384320
1789431372	3897573376
1789431377	3903942656
1789431382	3910340608
1789431387	3916951552
1789431392	3923251200
1789431397	3929862144
1789431402	3936022528
1789431407	3942391808
1789431412	3949027328
1789431417	3955400704
1789431422	3961765888
1789431427	3968135168
1789431432	3974774784
1789431437	3981107200
1789431442	3987472384
1789431447	3993841664
1789431452	4000210944
1789431457	4006543360
1789431462	4012908544
1789431467	4019310592
1789431472	4025679872
1789431477	4032053248
1789431482	4038389760
1789431487	4044759040
1789431492	4051116032
1789431497	4057481216
1789431502	4063879168
1789431507	4070252544
1789431512	4076621824
1789431517	4083298304
1789431522	4089667584
1789431527	4096069632
1789431532	4102197248
1789431537	4108738560
1789431542	4115075072
1789431547	4121440256
1789431552	4127809536
1789431557	4134219776
1789431562	4140556288
1789431567	4146921472
1789431572	4153282560
1789431577	4159893504
1789431582	4166254592
1789431587	4172623872
1789431592	4178964480
1789431597	4185333760
1789431602	4191707136
1789431607	4198105088
1789431612	4204269568
1789431617	4210638848
1789431622	4216975360
1789431627	4223512576
1789431632	4229877760
1789431637	4236234752
1789431642	4242608128
1789431647	4248936448
1789431652	4255440896
1789431657	4261974016
1789431662	4268273664
1789431667	4274606080
1789431672	4281147392
1789431677	4287684608
1789431682	4293976064
1789431687	4300546048
1789431692	4306841600
1789431697	4313141248
1789431702	4319674368
1789431707	4326215680
1789431712	4332474368
1789431717	4338978816
1789431722	4345307136
1789431727	4351844352
1789431732	4358176768
1789431737	4364722176
1789431742	4371054592
1789431747	4377595904
1789431752	4384137216
1789431757	4390432768
1789431762	4397006848
1789431767	4403306496
1789431772	4409872384
1789431777	4416208896
1789431782	4422721536
1789431787	4429017088
1789431792	4435587072
1789431797	4441268224
1789431802	4447322112
1789431807	4453830656
1789431812	4460122112
1789431817	4466421760
1789431822	4472995840
1789431827	4479324160
1789431832	4485865472
1789431837	4492193792
1789431842	4498493440
1789431847	4504821760
1789431852	4511117312
1789431857	4517625856
1789431862	4523888640
1789431867	4530388992
1789431872	4536717312
1789431877	4543258624
1789431882	4549521408
1789431887	4555788288
1789431892	4562329600
1789431897	4568657920
1789431902	4575236096
1789431907	4581564416
1789431912	4587892736
1789431917	4594221056
1789431922	4600520704
1789431927	4606713856
1789431932	4613177344
1789431937	4619644928
1789431942	4625940480
1789431947	4632309760
1789431952	4638851072
1789431957	4645179392
1789431962	4651507712
1789431967	4658085888
1789431972	4664418304
1789431977	4670955520
1789431982	4677246976
1789431987	4683513856
1789431992	4690014208
1789431997	4696276992
1789432002	4702572544
1789432007	4709048320
1789432013	4715352064
1789432018	4721917952
1789432023	4728217600
1789432028	4734787584
1789432033	4741156864
1789432038	4747460608
1789432043	4753997824
1789432048	4760293376
1789432053	4766617600
1789432058	4773097472
1789432063	4779388928
1789432068	4785688576
1789432073	4792262656
1789432078	4798562304
1789432083	4804931584
1789432088	4811223040
1789432093	4817731584
1789432098	4823994368
1789432103	4830232576
1789432108	4836765696
1789432113	4843065344
1789432118	4849635328
1789432123	4855902208
1789432128	4862242816
1789432133	4868542464
1789432138	4874842112
1789432143	4881133568
1789432148	4887711744
1789432153	4894011392
1789432158	4900524032
1789432163	4906819584
1789432168	4913147904
1789432173	4919656448
1789432178	4925997056
1789432183	4932329472
1789432188	4938899456
1789432193	4945227776
1789432198	4951564288
1789432203	4957896704
1789432208	4964265984
1789432213	4970528768
1789432218	4977041408
1789432223	4983336960
1789432228	4989669376
1789432233	4996206592
1789432238	5002502144
1789432243	5009072128
1789432248	5015367680
1789432253	5021700096
1789432258	5028204544
1789432263	5034504192
1789432268	5040828416
1789432273	5047369728
1789432278	5053673472
1789432283	5060009984
1789432288	5066579968
1789432293	5072875520
1789432298	5079175168
1789432303	5085437952
1789432308	5092016128
1789432313	5098311680
1789432318	5104893952
1789432323	5110951936
1789432328	5117489152
1789432333	5123760128
1789432338	5130022912
1789432343	5136592896
1789432348	5142962176
1789432353	5149286400
1789432358	5155831808
1789432363	5162090496
1789432368	5168398336
1789432373	5174972416
1789432378	5181308928
1789432383	5187715072
1789432388	5194051584
1789432393	5200416768
1789432398	5206720512
1789432403	5213224960
1789432408	5219520512
1789432413	5226094592
1789432418	5232394240
1789432423	5238726656
1789432428	5245259776
1789432433	5251600384
1789432438	5258252288
1789432443	5264478208
1789432448	5270847488
1789432453	5277184000
1789432458	5283729408
1789432463	5290024960
1789432468	5296320512
1789432473	5302931456
1789432478	5309235200
1789432483	5315743744
1789432488	5322067968
1789432493	5328404480
1789432498	5334945792
1789432503	5341282304
1789432508	5347377152
1789432513	5351829504
1789432518	5351829504
1789432523	5351829504
1789432528	5351829504
1789432533	5351829504
1789432538	5351829504
1789432543	5351829504
1789432548	5351829504
1789432553	5351829504
1789432558	5351829504
1789432563	5351829504
1789432568	5351829504
1789432573	5351829504
1789432578	5351829504
1789432583	5351829504
1789432588	5351829504
1789432593	5351829504
1789432598	5351829504
1789432603	5351829504
1789432608	5351829504
1789432613	5351829504
1789432618	5351829504
1789432623	5351829504
1789432628	5351829504
1789432633	5351829504
1789432638	5351829504
1789432643	5351829504
1789432649	5351829504
1789432654	5351829504
1789432659	5351829504
1789432664	5351829504
1789432669	5351829504
1789432674	5351829504
1789432679	5351829504
1789432684	5351829504
1789432689	5351829504
1789432694	5351829504
1789432699	5351829504
1789432704	5351829504
1789432709	5351829504
1789432714	5351829504
1789432719	5351829504
1789432724	5351829504
1789432729	5351829504
1789432734	5351829504
1789432739	5351829504
1789432744	5351829504
1789432749	5351829504
1789432754	5351829504
1789432759	5351829504
1789432764	5351829504
1789432769	5351829504
1789432774	5351829504
1789432779	5351829504
1789432784	5351829504
1789432789	5351829504
1789432794	5351829504
1789432799	5351829504
1789432804	5351829504
1789432809	5351829504
1789432814	5351829504
1789432819	5351829504
1789432824	5351829504
1789432829	5351829504
1789432834	5351829504
1789432839	5351829504
1789432844	5351829504
1789432849	5351829504
1789432854	5351829504
1789432859	5351829504
1789432864	5351829504
1789432869	5351829504
1789432874	5351829504
1789432879	5351829504
1789432884	5351829504
1789432889	5351829504
1789432894	5351829504
1789432899	5351829504
1789432904	5351829504
1789432909	5351829504
1789432914	5351829504
1789432919	5351829504
1789432924	5351829504
1789432929	5351829504
1789432934	5351829504
1789432939	5351829504
1789432944	5351829504
1789432949	5351829504
1789432954	5351829504
1789432959	5351829504
1789432964	5351829504
1789432969	5351829504
1789432974	5351829504
1789432979	5351829504
1789432984	5351829504
1789432989	5351829504
1789432994	5351829504
1789432999	5351829504
1789433004	5351829504
1789433009	5351829504
1789433014	5351829504
1789433019	5351829504
1789433024	5351829504
1789433029	5351829504
1789433034	5351829504
1789433039	5351829504
1789433044	5351829504
1789433049	5351829504
1789433054	5351829504
1789433059	5351829504
1789433064	5351829504
1789433069	5351829504
1789433074	5351829504
1789433079	5351829504
1789433084	5351829504
1789433089	5351829504
1789433094	5351829504
1789433099	5351829504
1789433104	5351829504
1789433109	5351829504
1789433114	5351829504
1789433119	5351829504
1789433124	5351829504
1789433129	5351829504
1789433134	5351829504
1789433139	5351829504
1789433144	5351829504
1789433149	5351829504
1789433154	5351829504
1789433159	5351829504
1789433164	5351829504
1789433169	5351829504
1789433174	5351829504
1789433179	5351829504
1789433184	5351829504
1789433189	5351829504
1789433194	5351829504
1789433199	5351829504
1789433204	5351829504
1789433209	5351829504
1789433214	5351829504
1789433219	5351829504
1789433224	5351829504
1789433229	5351829504
1789433234	5351829504
1789433239	5351829504
1789433244	5351829504
1789433249	5351829504
1789433254	5351829504
1789433260	5351829504
1789433265	5351829504
1789433270	5351829504
1789433275	5351829504
1789433280	5351829504
1789433285	5351829504
1789433290	5351829504
1789433295	5351829504
1789433300	5351829504
1789433305	5351829504
1789433310	5351829504
1789433315	5351829504
1789433320	5351829504
1789433325	5351829504
1789433330	5351829504
1789433335	5351829504
1789433340	5351829504
1789433345	5351829504
1789433350	5351829504
1789433355	5351829504
1789433360	5351829504
1789433365	5351829504
1789433370	5351829504
1789433375	5351829504
1789433380	5351829504
1789433385	5351829504
1789433390	5351829504
1789433395	5351829504
1789433400	5351829504
1789433405	5351829504
1789433410	5351829504
1789433415	5351829504
1789433420	5351829504
1789433425	5351829504
1789433430	5351829504
1789433435	5351829504
1789433440	5351829504
1789433445	5351829504
1789433450	5351829504
1789433455	5351829504
1789433460	5351829504
1789433465	5351829504
1789433470	5351829504
1789433475	5351829504
1789433480	5351829504
1789433485	5351829504
1789433490	5351829504
1789433495	5351829504
1789433500	5351829504
1789433505	5351829504
1789433510	5351829504
1789433515	5351829504
1789433520	5351829504
1789433525	5351829504
1789433530	5351829504
1789433535	5351829504
1789433540	5351829504
1789433545	5351829504
1789433550	5351829504
1789433555	5351829504
1789433560	5351829504
1789433565	5351829504
1789433570	5351829504
1789433575	5351829504
1789433580	5351829504
1789433585	5351829504
1789433590	5351829504
1789433595	5351829504
1789433600	5351829504
1789433605	5351829504
1789433610	5351829504
1789433615	5351829504
1789433620	5351829504
1789433625	5351829504
1789433630	5351829504
1789433635	5351829504
1789433640	5351829504
1789433645	5351829504
1789433650	5351829504
1789433655	5351829504
1789433660	5351829504
1789433665	5351829504
1789433670	5351829504
1789433675	5351829504
1789433680	5351829504
1789433685	5351829504
1789433690	5351829504
1789433695	5351829504
1789433700	5351829504
1789433705	5351829504
1789433710	5351829504
1789433715	5351829504
1789433720	5351829504
1789433725	5351829504
1789433730	5351829504
1789433735	5351829504
1789433740	5351829504
1789433745	5351829504
1789433750	5351829504
1789433755	5351829504
1789433760	5351829504
1789433765	5351829504
1789433770	5351829504
1789433775	5351829504
1789433780	5351829504
1789433785	5351829504
1789433790	5351829504
1789433795	5351829504
1789433800	5351829504
1789433805	5351829504
1789433810	5351829504
1789433815	5351829504
1789433820	5351829504
1789433825	5351829504
1789433830	5351829504
1789433835	5351829504
1789433840	5351829504
1789433846	5351829504
1789433851	5351829504
1789433856	5351829504
1789433861	5351829504
1789433866	5351829504
1789433871	5351829504
1789433876	5351829504
1789433881	5351829504
1789433886	5351829504
1789433891	5351829504
1789433896	5351829504
1789433901	5351829504
1789433906	5351829504
1789433911	5351829504
1789433916	5351829504
1789433921	5351829504
1789433926	5351829504
1789433931	5351829504
1789433936	5351829504
1789433941	5351829504
1789433946	5351829504
1789433951	5351829504
1789433956	5351829504
1789433961	5351829504
1789433966	5351829504
1789433971	5351829504
1789433976	5351829504
1789433981	5351829504
1789433986	5351829504
1789433991	5351829504
1789433996	5351829504
1789434001	5351829504
1789434006	5351829504
1789434011	5351829504
1789434016	5351829504
1789434021	5351829504
1789434026	5351829504
1789434031	5351829504
1789434036	5351829504
1789434041	5351829504
1789434046	5351829504
1789434051	5351829504
1789434056	5351829504
1789434061	5351829504
1789434066	5351829504
1789434071	5351829504
1789434076	5351829504
1789434081	5351829504
1789434086	5351829504
1789434091	5351829504
1789434096	5351829504
1789434101	5351829504
1789434106	5351829504
1789434111	5351829504
1789434116	5351829504
1789434121	5351829504
1789434126	5351829504
1789434131	5351829504
1789434136	5351829504
1789434141	5351829504
1789434146	5351829504
1789434151	5351829504
1789434156	5351829504
1789434161	5351829504
1789434166	5351829504
1789434171	5351829504
1789434176	5351829504
1789434181	5351829504
1789434186	5351829504
1789434191	5351829504
1789434196	5351829504
1789434201	5351829504
1789434206	5351829504
1789434211	5351829504
1789434216	5351829504
1789434221	5351829504
1789434226	5351829504
1789434231	5351829504
1789434236	5351829504
1789434241	5351829504
1789434246	5351829504
1789434251	5351829504
1789434256	5351829504
1789434261	5351829504
1789434266	5351829504
1789434271	5351829504
1789434276	5351829504
1789434281	5351829504
1789434286	5351829504
1789434291	5351829504
1789434296	5351829504
1789434301	5351829504
1789434306	5351829504
1789434311	5351829504
1789434316	5351829504
1789434321	5351829504
1789434326	5351829504
1789434331	5351829504
1789434336	5351829504
1789434341	5351829504
1789434346	5351829504
1789434351	5351829504
1789434356	5351829504
1789434361	5351829504
1789434366	5351829504
1789434371	5351829504
1789434376	5351829504
1789434381	5351829504
1789434386	5351829504
1789434391	5351829504
1789434396	5351829504
1789434401	5351829504
1789434406	5351829504
1789434411	5351829504
1789434416	5351829504
1789434421	5351829504
1789434426	5351829504
1789434431	5351829504
1789434436	5351829504
1789434441	5351829504
1789434446	5351829504
1789434451	5351829504
1789434456	5351829504
1789434461	5351829504
1789434466	5351829504
1789434471	5351829504
1789434477	5351829504
1789434482	5351829504
1789434487	5351829504
1789434492	5351829504
1789434497	5351829504
1789434502	5351829504
1789434507	5351829504
1789434512	5351829504
1789434517	5351829504
1789434522	5351829504
1789434527	5351829504
1789434532	5351833600
1789434537	5351833600
1789434542	5351833600
1789434547	5351833600
1789434552	5351833600
1789434557	5351833600
1789434562	5351833600
1789434567	5351833600
1789434572	5351833600
1789434577	5351833600
1789434582	5351833600
1789434587	5351833600
1789434592	5351833600
1789434597	5351833600
1789434602	5351833600
1789434607	5351833600
1789434612	5351833600
1789434617	5351833600
1789434622	5351833600
1789434627	5351833600
1789434632	5351833600
1789434637	5351833600
1789434642	5351833600
1789434647	5351833600
1789434652	5351833600
1789434657	5351833600
1789434662	5351833600
1789434667	5351833600
1789434672	5351833600
1789434677	5351833600
1789434682	5351833600
1789434687	5351833600
1789434692	5351833600
1789434697	5351833600
1789434702	5351833600
1789434707	5351833600
1789434712	5351833600
1789434717	5351833600
1789434722	5351833600
1789434727	5351833600
1789434732	5351833600
1789434737	5351833600
1789434742	5351833600
1789434747	5351833600
1789434752	5351833600
1789434757	5351833600
1789434762	5351833600
1789434767	5351833600
1789434772	5351833600
1789434777	5351833600
1789434782	5351833600
1789434787	5351833600
1789434792	5351833600
1789434797	5351833600
1789434802	5351833600
1789434807	5351833600
1789434812	5351833600
1789434817	5351833600
1789434822	5351833600
1789434827	5351833600
1789434832	5351833600
1789434837	5351833600
1789434842	5351833600
1789434847	5351833600
1789434852	5351833600
1789434857	5351833600
1789434862	5351833600
1789434867	5351833600
1789434872	5351833600
1789434877	5351833600
1789434882	5351833600
1789434887	5351833600
1789434892	5351833600
1789434897	5351833600
1789434902	5351833600
1789434907	5351833600
1789434912	5351833600
1789434917	5351833600
1789434922	5351833600
1789434927	5351833600
1789434932	5351833600
1789434937	5351833600
1789434942	5351833600
1789434947	5351833600
1789434952	5351833600
1789434957	5351833600
1789434962	5351833600
1789434967	5351833600
1789434972	5351833600
1789434977	5351833600
1789434982	5351833600
1789434987	5351833600
1789434992	5351833600
1789434997	5351833600
1789435002	5351833600
1789435007	5351833600
1789435012	5351833600
1789435017	5351833600
1789435022	5351833600
1789435027	5351833600
1789435032	5351833600
1789435037	5351833600
1789435042	5351833600
1789435047	5351833600
1789435052	5351833600
1789435057	5351833600
1789435062	5351833600
1789435067	5351833600
1789435072	5351833600
1789435077	5351833600
1789435083	5351833600
1789435088	5351833600
1789435093	5351833600
1789435098	5351833600
1789435103	5351833600
1789435108	5351833600
1789435113	5351833600
1789435118	5351833600
1789435123	5351833600
1789435128	5351833600
1789435133	5351833600
1789435138	5351833600
1789435143	5351833600
1789435148	5351833600
1789435153	5351833600
1789435158	5351833600
1789435163	5351833600
1789435168	5351833600
1789435173	5351833600
1789435178	5351833600
1789435183	5351833600
1789435188	5351833600
1789435193	5351833600
1789435198	5351833600
1789435203	5351833600
1789435208	5351833600
1789435213	5351833600
1789435218	5351833600
1789435223	5351833600
1789435228	5351833600
1789435233	5351833600
1789435238	5351833600
1789435243	5351833600
1789435248	5351833600
1789435253	5351833600
1789435258	5351833600
1789435263	5351833600
1789435268	5351833600
1789435273	5351833600
1789435278	5351833600
1789435283	5351833600
1789435288	5351833600
1789435293	5351833600
1789435298	5351833600
1789435303	5351833600
1789435308	5351833600
1789435313	5351833600
1789435318	5351833600
1789435323	5351833600
1789435328	5351833600
1789435333	5351833600
1789435338	5351833600
1789435343	5351833600
1789435348	5351833600
1789435353	5351833600
1789435358	5351833600
1789435363	5351833600
1789435368	5351833600
1789435373	5351833600
1789435378	5351833600
1789435383	5351833600
1789435388	5351833600
1789435393	5351833600
1789435398	5351833600
1789435403	5351833600
1789435408	5351833600
1789435413	5351833600
1789435418	5351833600
1789435423	5351833600
1789435428	5351833600
1789435433	5351833600
1789435438	5351833600
1789435443	5351833600
1789435448	5351833600
1789435453	5351833600
1789435458	5351833600
1789435463	5351833600
1789435468	5351833600
1789435473	5351833600
1789435478	5351833600
1789435483	5351833600
1789435488	5351833600
1789435493	5351833600
1789435498	5351833600
1789435503	5351833600
1789435508	5351833600
1789435513	5351833600
1789435518	5351833600
1789435523	5351833600
1789435528	5351833600
1789435533	5351833600
1789435538	5351833600
1789435543	5351833600
1789435548	5351833600
1789435553	5351833600
1789435558	5351833600
1789435563	5351833600
1789435568	5351833600
1789435573	5351833600
1789435578	5351833600
1789435583	5351833600
1789435588	5351833600
1789435593	5351833600
1789435598	5351833600
1789435603	5351833600
1789435608	5351833600
1789435613	5351833600
1789435618	5351833600
1789435623	5351833600
1789435628	5351833600
1789435633	5351833600
1789435638	5351833600
1789435643	5351833600
1789435648	5351833600
1789435653	5351833600
1789435658	5351833600
1789435663	5351833600
1789435668	5351833600
1789435673	5351833600
1789435678	5351833600
1789435683	5351833600
1789435688	5351833600
1789435693	5351833600
1789435699	5351833600
1789435704	5351833600
1789435709	5351833600
1789435714	5351833600
1789435719	5351833600
1789435724	5351833600
1789435729	5351833600
1789435734	5351833600
1789435739	5351833600
1789435744	5351833600
1789435749	5351833600
1789435754	5351833600
1789435759	5351833600
1789435764	5351833600
1789435769	5351833600
1789435774	5351833600
1789435779	5351833600
1789435784	5351833600
1789435789	5351833600
1789435794	5351833600
1789435799	5351833600
1789435804	5351833600
1789435809	5351833600
1789435814	5351833600
1789435819	5351833600
1789435824	5351833600
1789435829	5351833600
1789435834	5351833600
1789435839	5351833600
1789435844	5351833600
1789435849	5351833600
1789435854	5351833600
1789435859	5351833600
1789435864	5351833600
1789435869	5351833600
1789435874	5351833600
1789435879	5351833600
1789435884	5351833600
1789435889	5351833600
1789435894	5351833600
1789435899	5351833600
1789435904	5351833600
1789435909	5351833600
1789435914	5351833600
1789435919	5351833600
1789435924	5351833600
1789435929	5351833600
1789435934	5351833600
1789435939	5351833600
1789435944	5351833600
1789435949	5351833600
1789435954	5351833600
1789435959	5351833600
1789435964	5351833600
1789435969	5351833600
1789435974	5351833600
1789435979	5351833600
1789435984	5351833600
1789435989	5351833600
1789435994	5351833600
1789435999	5351833600
1789436004	5351833600
1789436009	5351833600
1789436014	5351833600
1789436019	5351833600
1789436024	5351833600
1789436029	5351833600
1789436034	5351833600
1789436039	5351833600
1789436044	5351833600
1789436049	5351833600
1789436054	5351833600
1789436059	5351833600
1789436064	5351833600
1789436069	5351833600
1789436074	5351833600
1789436079	5351833600
1789436084	5351833600
1789436089	5351833600
1789436094	5351833600
1789436099	5351833600
1789436104	5351833600
1789436109	5351833600
1789436114	5351833600
1789436119	5351833600
1789436124	5351833600
1789436129	5351833600
1789436134	5351833600
1789436139	5351833600
1789436144	5351833600
1789436149	5351833600
1789436154	5351833600
1789436159	5351833600
1789436164	5351833600
1789436169	5351833600
1789436174	5351833600
1789436179	5351833600
1789436184	5351833600
1789436189	5351833600
1789436194	5351833600
1789436199	5351833600
1789436204	5351833600
1789436209	5351833600
1789436214	5351833600
1789436219	5351833600
1789436224	5351833600
1789436229	5351833600
1789436234	5351833600
1789436239	5351833600
1789436244	5351833600
1789436249	5351833600
1789436254	5351833600
1789436259	5351833600
1789436264	5351833600
1789436269	5351833600
1789436274	5351833600
1789436279	5351833600
1789436284	5351833600
1789436289	5351833600
1789436294	5351833600
1789436299	5351833600
1789436304	5351833600
1789436309	5351833600
1789436314	5351833600
1789436320	5351833600
1789436325	5351833600
1789436330	5351833600
1789436335	5351833600
1789436340	5351833600
1789436345	5351833600
1789436350	5351833600
1789436355	5351833600
1789436360	5351833600
1789436365	5351833600
1789436370	5351833600
1789436375	5351833600
1789436380	5351833600
1789436385	5351833600
1789436390	5351833600
1789436395	5351833600
1789436400	5351833600
1789436405	5351833600
1789436410	5351833600
1789436415	5351833600
1789436420	5351833600
1789436425	5351833600
1789436430	5351833600
1789436435	5351833600
1789436440	5351833600
1789436445	5351833600
1789436450	5351833600
1789436455	5351833600
1789436460	5351833600
1789436465	5351833600
1789436470	5351833600
1789436475	5351833600
1789436480	5351833600
1789436485	5351833600
1789436490	5351833600
1789436495	5351833600
1789436500	5351833600
1789436505	5351833600
1789436510	5351833600
1789436515	5351833600
1789436520	5351833600
1789436525	5351833600
1789436530	5351833600
1789436535	5351833600
1789436540	5351833600
1789436545	5351833600
1789436550	5351833600
1789436555	5351833600
1789436560	5351833600
1789436565	5351833600
1789436570	5351833600
1789436575	5351833600
1789436580	5351833600
1789436585	5351833600
1789436590	5351833600
1789436595	5351833600
1789436600	5351833600
1789436605	5351833600
1789436610	5351833600
1789436615	5351833600
1789436620	5351833600
1789436625	5351833600
1789436630	5351833600
1789436635	5351833600
1789436640	5351833600
1789436645	5351833600
1789436650	5351833600
1789436655	5351833600
1789436660	5351833600
1789436665	5351833600
1789436670	5351833600
1789436675	5351833600
1789436680	5351833600
1789436685	5351833600
1789436690	5351833600
1789436695	5351833600
1789436700	5351833600
1789436705	5351833600
1789436710	5351833600
1789436715	5351833600
1789436720	5351833600
1789436725	5351833600
1789436730	5351833600
1789436735	5351833600
1789436740	5351833600
1789436745	5351833600
1789436750	5351833600
1789436755	5351833600
1789436760	5351833600
1789436765	5351833600
1789436770	5351833600
1789436775	5351833600
1789436780	5351833600
1789436785	5351833600
1789436790	5351833600
1789436795	5351833600
1789436800	5351833600
1789436805	5351833600
1789436810	5351833600
1789436815	5351833600
1789436820	5351833600
1789436825	5351833600
1789436830	5351833600
1789436835	5351833600
1789436840	5351833600
1789436845	5351833600
1789436850	5351833600
1789436855	5351833600
1789436860	5351833600
1789436865	5351833600
1789436870	5351833600
1789436875	5351833600
1789436880	5351833600
1789436885	5351833600
1789436890	5351833600
1789436895	5351833600
1789436900	5351833600
1789436905	5351833600
1789436910	5351833600
1789436915	5351833600
1789436921	5351833600
1789436926	5351833600
1789436931	5351833600
1789436936	5351833600
1789436941	5351833600
1789436946	5351833600
1789436951	5351833600
1789436956	5351833600
1789436961	5351833600
1789436966	5351833600
1789436971	5351833600
1789436976	5351833600
1789436981	5351833600
1789436986	5351833600
1789436991	5351833600
1789436996	5351833600
1789437001	5351833600
1789437006	5351833600
1789437011	5351833600
1789437016	5351833600
1789437021	5351833600
1789437026	5351833600
1789437031	5351833600
1789437036	5351833600
1789437041	5351833600
1789437046	5351833600
1789437051	5351833600
1789437056	5351833600
1789437061	5351833600
1789437066	5351833600
1789437071	5351833600
1789437076	5351833600
1789437081	5351833600
1789437086	5351833600
1789437091	5351833600
1789437096	5351833600
1789437101	5351833600
1789437106	5351833600
1789437111	5351833600
1789437116	5351833600
1789437121	5351833600
1789437126	5351833600
1789437131	5351833600
1789437136	5351833600
1789437141	5351833600
1789437146	5351833600
1789437151	5351833600
1789437156	5351833600
1789437161	5351833600
1789437166	5351833600
1789437171	5351833600
1789437176	5351833600
1789437181	5351833600
1789437186	5351833600
1789437191	5351833600
1789437196	5351833600
1789437201	5351833600
1789437206	5351833600
1789437211	5351833600
1789437216	5351833600
1789437221	5351833600
1789437226	5351833600
1789437231	5351833600
1789437236	5351833600
1789437241	5351833600
1789437246	5351833600
1789437251	5351833600
1789437256	5351833600
1789437261	5351833600
1789437266	5351833600
1789437271	5351833600
1789437276	5351833600
1789437281	5351833600
1789437286	5351833600
1789437291	5351833600
1789437296	5351833600
1789437301	5351833600
1789437306	5351833600
1789437311	5351833600
1789437316	5351833600
1789437321	5351833600
1789437326	5351833600
1789437331	5351833600
1789437336	5351833600
1789437341	5351833600
1789437346	5351833600
1789437351	5351833600
1789437356	5351833600
1789437361	5351833600
1789437366	5351833600
1789437371	5351833600
1789437376	5351833600
1789437381	5351833600
1789437386	5351833600
1789437391	5351833600
1789437396	5351833600
1789437401	5351833600
1789437406	5351833600
1789437411	5351833600
1789437416	5351833600
1789437421	5351833600
1789437426	5351833600
1789437431	5351833600
1789437436	5351833600
1789437441	5351833600
1789437446	5351833600
1789437451	5351833600
1789437456	5351833600
1789437461	5351833600
1789437466	5351833600
1789437471	5351833600
1789437476	5351833600
1789437481	5351833600
1789437486	5351833600
1789437491	5351833600
1789437496	5351833600
1789437501	5351833600
1789437506	5351833600
1789437511	5351833600
1789437516	5351833600
1789437521	5351833600
1789437526	5351833600
1789437531	5351833600
1789437536	5351833600
1789437541	5351833600
1789437547	5351833600
1789437552	5351833600
1789437557	5351833600
1789437562	5351833600
1789437567	5351833600
1789437572	5351833600
1789437577	5351833600
1789437582	5351833600
1789437587	5351833600
1789437592	5351833600
1789437597	5351833600
1789437602	5351833600
1789437607	5351833600
1789437612	5351833600
1789437617	5351833600
1789437622	5351833600
1789437627	5351833600
1789437632	5351833600
1789437637	5351833600
1789437642	5351833600
1789437647	5351833600
1789437652	5351833600
1789437657	5351833600
1789437662	5351833600
1789437667	5351833600
1789437672	5351833600
1789437677	5351833600
1789437682	5351833600
1789437687	5351833600
1789437692	5351833600
1789437697	5351837696
1789437702	5351837696
1789437707	5351837696
1789437712	5351837696
1789437717	5351837696
1789437722	5351837696
1789437727	5351837696
1789437732	5351837696
1789437737	5351837696
1789437742	5351837696
1789437747	5351837696
1789437752	5351837696
1789437757	5351837696
1789437762	5351837696
1789437767	5351837696
1789437772	5351837696
1789437777	5351837696
1789437782	5351837696
1789437787	5351837696
1789437792	5351837696
1789437797	5351837696
1789437802	5351837696
1789437807	5351837696
1789437812	5351837696
1789437817	5351837696
1789437822	5351837696
1789437827	5351837696
1789437832	5351837696
1789437837	5351837696
1789437842	5351837696
1789437847	5351837696
1789437852	5351837696
1789437857	5351837696
1789437862	5351837696
1789437867	5351837696
1789437872	5351837696
1789437877	5351837696
1789437882	5351837696
1789437887	5351837696
1789437892	5351837696
1789437897	5351837696
1789437902	5351837696
1789437907	5351837696
1789437912	5351837696
1789437917	5351837696
1789437922	5351837696
1789437927	5351837696
1789437932	5351837696
1789437937	5351837696
1789437942	5351837696
1789437947	5351837696
1789437952	5351837696
1789437957	5351837696
1789437962	5351837696
1789437967	5351837696
1789437972	5351837696
1789437977	5351837696
1789437982	5351837696
1789437987	5351837696
1789437992	5351837696
1789437997	5351837696
1789438002	5351837696
1789438007	5351837696
1789438012	5351837696
1789438017	5351837696
1789438022	5351837696
1789438027	5351837696
1789438032	5351837696
1789438037	5351837696
1789438042	5351837696
1789438047	5351837696
1789438052	5351837696
1789438057	5351837696
1789438062	5351837696
1789438067	5351837696
1789438072	5351837696
1789438077	5351837696
1789438082	5351837696
1789438087	5351837696
1789438092	5351837696
1789438097	5351837696
1789438102	5351837696
1789438107	5351837696
1789438112	5351837696
1789438117	5351837696
1789438122	5351837696
1789438127	5351837696
1789438132	5351837696
1789438137	5351837696
1789438142	5351837696
1789438147	5351837696
1789438152	5351837696
1789438158	5351837696
1789438163	5351837696
1789438168	5351837696
1789438173	5351837696
1789438178	5351837696
1789438183	5351837696
1789438188	5351837696
1789438193	5351837696
1789438198	5351837696
1789438203	5351837696
1789438208	5351837696
1789438213	5351837696
1789438218	5351837696
1789438223	5351837696
1789438228	5351837696
1789438233	5351837696
1789438238	5351837696
1789438243	5351837696
1789438248	5351837696
1789438253	5351837696
1789438258	5351837696
1789438263	5351837696
1789438268	5351837696
1789438273	5351837696
1789438278	5351837696
1789438283	5351837696
1789438288	5351837696
1789438293	5351837696
1789438298	5351837696
1789438303	5351837696
1789438308	5351837696
1789438313	5351837696
1789438318	5351837696
1789438323	5351837696
1789438328	5351837696
1789438333	5351837696
1789438338	5351837696
1789438343	5351837696
1789438348	5351837696
1789438353	5351837696
1789438358	5351837696
1789438363	5351837696
1789438368	5351837696
1789438373	5351837696
1789438378	5351837696
1789438383	5351837696
1789438388	5351837696
1789438393	5351837696
1789438398	5351837696
1789438403	5351837696
1789438408	5351837696
1789438413	5351837696
1789438418	5351837696
1789438423	5351837696
1789438428	5351837696
1789438433	5351837696
1789438438	5351837696
1789438443	5351837696
1789438448	5351837696
1789438453	5351837696
1789438458	5351837696
1789438463	5351837696
1789438468	5351837696
1789438473	5351837696
1789438478	5351837696
1789438483	5351837696
1789438488	5351837696
1789438493	5351837696
1789438498	5351837696
1789438503	5351837696
1789438508	5351837696
1789438513	5351837696
1789438518	5351837696
1789438523	5351837696
1789438528	5351837696
1789438533	5351837696
1789438538	5351837696
1789438543	5351837696
1789438548	5351837696
1789438553	5351837696
1789438558	5351837696
1789438563	5351837696
1789438568	5351837696
1789438573	5351837696
1789438578	5351837696
1789438583	5351837696
1789438588	5351837696
1789438593	5351837696
1789438598	5351837696
1789438603	5351837696
1789438608	5351837696
1789438613	5351837696
1789438618	5351837696
1789438623	5351837696
1789438628	5351837696
1789438633	5351837696
1789438638	5351837696
1789438643	5351837696
1789438648	5351837696
1789438653	5351837696
1789438658	5351837696
1789438663	5351837696
1789438668	5351837696
1789438673	5351837696
1789438678	5351837696
1789438683	5351837696
1789438688	5351837696
1789438693	5351837696
1789438698	5351837696
1789438703	5351837696
1789438708	5351837696
1789438713	5351837696
1789438718	5351837696
1789438723	5351837696
1789438728	5351837696
1789438733	5351837696
1789438738	5351837696
1789438743	5351837696
1789438748	5351837696
1789438753	5351837696
1789438758	5351837696
1789438763	5351837696
1789438768	5351837696
1789438773	5351837696
1789438778	5351837696
1789438784	5351837696
1789438789	5351837696
1789438794	5351837696
1789438799	5351837696
1789438804	5351837696
1789438809	5351837696
1789438814	5351837696
1789438819	5351837696
1789438824	5351837696
1789438829	5351837696
1789438834	5351837696
1789438839	5351837696
1789438844	5351837696
1789438849	5351837696
1789438854	5351837696
1789438859	5351837696
1789438864	5351837696
1789438869	5351837696
1789438874	5351837696
1789438879	5351837696
1789438884	5351837696
1789438889	5351837696
1789438894	5351837696
1789438899	5351837696
1789438904	5351837696
1789438909	5351837696
1789438914	5351837696
1789438919	5351837696
1789438924	5351837696
1789438929	5351837696
1789438934	5351837696
1789438939	5351837696
1789438944	5351837696
1789438949	5351837696
1789438954	5351837696
1789438959	5351837696
1789438964	5351837696
1789438969	5351837696
1789438974	5351837696
1789438979	5351837696
1789438984	5351837696
1789438989	5351837696
1789438994	5351837696
1789438999	5351837696
1789439004	5351837696
1789439009	5351837696
1789439014	5351837696
1789439019	5351837696
1789439024	5351837696
1789439029	5351837696
1789439034	5351837696
1789439039	5351837696
1789439044	5351837696
1789439049	5351837696
1789439054	5351837696
1789439059	5351837696
1789439064	5351837696
1789439069	5351837696
1789439074	5351837696
1789439079	5351837696
1789439084	5351837696
1789439089	5351837696
1789439094	5351837696
1789439099	5351837696
1789439104	5351837696
1789439109	5351837696
1789439114	5351837696
1789439119	5351837696
1789439124	5351837696
1789439129	5351837696
1789439134	5351837696
1789439139	5351837696
1789439144	5351837696
1789439149	5351837696
1789439154	5351837696
1789439159	5351837696
1789439164	5351837696
1789439169	5351837696
1789439174	5351837696
1789439179	5351837696
1789439184	5351837696
1789439189	5351837696
1789439194	5351837696
1789439199	5351837696
1789439204	5351837696
1789439209	5351837696
1789439214	5351837696
1789439219	5351837696
1789439224	5351837696
1789439229	5351837696
1789439234	5351837696
1789439239	5351837696
1789439244	5351837696
1789439249	5351837696
1789439254	5351837696
1789439259	5351837696
1789439264	5351837696
1789439269	5351837696
1789439274	5351837696
1789439279	5351837696
1789439284	5351837696
1789439289	5351837696
1789439294	5351837696
1789439299	5351837696
1789439304	5351837696
1789439309	5351837696
1789439314	5351837696
1789439319	5351837696
1789439324	5351837696
1789439329	5351837696
1789439334	5351837696
1789439339	5351837696
1789439344	5351837696
1789439349	5351837696
1789439354	5351837696
1789439359	5351837696
1789439364	5351837696
1789439369	5351837696
1789439374	5351837696
1789439379	5351837696
1789439384	5351837696
1789439389	5351837696
1789439394	5351837696
1789439399	5351837696
1789439404	5351837696
1789439409	5351837696
1789439415	5351837696
1789439420	5351837696
1789439425	5351837696
1789439430	5351837696
1789439435	5351837696
1789439440	5351837696
1789439445	5351837696
1789439450	5351837696
1789439455	5351837696
1789439460	5351837696
1789439465	5351837696
1789439470	5351837696
1789439475	5351837696
1789439480	5351837696
1789439485	5351837696
1789439490	5351837696
1789439495	5351837696
1789439500	5351837696
1789439505	5351837696
1789439510	5351837696
1789439515	5351837696
1789439520	5351837696
1789439525	5351837696
1789439530	5351837696
1789439535	5351837696
1789439540	5351837696
1789439545	5351837696
1789439550	5351837696
1789439555	5351837696
1789439560	5351837696
1789439565	5351837696
1789439570	5351837696
1789439575	5351837696
1789439580	5351837696
1789439585	5351837696
1789439590	5351837696
1789439595	5351837696
1789439600	5351837696
1789439605	5351837696
1789439610	5351837696
1789439615	5351837696
1789439620	5351837696
1789439625	5351837696
1789439630	5351837696
1789439635	5351837696
1789439640	5351837696
1789439645	5351837696
1789439650	5351837696
1789439655	5351837696
1789439660	5351837696
1789439665	5351837696
1789439670	5351837696
1789439675	5351837696
1789439680	5351837696
1789439685	5351837696
1789439690	5351837696
1789439695	5351837696
1789439700	5351837696
1789439705	5351837696
1789439710	5351837696
1789439715	5351837696
1789439720	5351837696
1789439725	5351837696
1789439730	5351837696
1789439735	5351837696
1789439740	5351837696
1789439745	5351837696
1789439750	5351837696
1789439755	5351837696
1789439760	5351837696
1789439765	5351837696
1789439770	5351837696
1789439775	5351837696
1789439780	5351837696
1789439785	5351837696
1789439790	5351837696
1789439795	5351837696
1789439800	5351837696
1789439805	5351837696
1789439810	5351837696
1789439815	5351837696
1789439820	5351837696
1789439825	5351841792
1789439830	5351841792
1789439835	5351841792
1789439840	5351841792
1789439845	5351841792
1789439850	5351841792
1789439855	5351841792
1789439860	5351841792
1789439865	5351841792
1789439870	5351841792
1789439875	5351841792
1789439880	5351841792
1789439885	5351841792
1789439890	5351841792
1789439895	5351841792
1789439900	5351841792
1789439905	5351841792
1789439910	5351841792
1789439915	5351841792
1789439920	5351841792
1789439925	5351841792
1789439930	5351841792
1789439935	5351841792
1789439940	5351841792
1789439945	5351841792
1789439950	5351841792
1789439955	5351841792
1789439960	5351841792
1789439965	5351841792
1789439970	5351841792
1789439975	5351841792
1789439980	5351841792
1789439985	5351841792
1789439990	5351841792
1789439995	5351841792
1789440000	5351841792
1789440005	5351841792
1789440010	5351841792
1789440015	5351841792
1789440021	5351841792
1789440026	5351841792
1789440031	5351841792
1789440036	5351841792
1789440041	5351841792
1789440046	5351841792
1789440051	5351841792
1789440056	5351841792
1789440061	5351841792
1789440066	5351841792
1789440071	5351841792
1789440076	5351841792
1789440081	5351841792
1789440086	5351841792
1789440091	5351841792
1789440096	5351841792
1789440101	5351841792
1789440106	5351841792
1789440111	5351841792
1789440116	5351841792
1789440121	5351841792
1789440126	5351841792
1789440131	5351841792
1789440136	5351841792
1789440141	5351841792
1789440146	5351841792
1789440151	5351841792
1789440156	5351841792
1789440161	5351841792
1789440166	5351841792
1789440171	5351841792
1789440176	5351841792
1789440181	5351841792
1789440186	5351841792
1789440191	5351841792
1789440196	5351841792
1789440201	5351841792
1789440206	5351841792
1789440211	5351841792
1789440216	5351841792
1789440221	5351841792
1789440226	5351841792
1789440231	5351841792
1789440236	5351841792
1789440241	5351841792
1789440246	5351841792
1789440251	5351841792
1789440256	5351841792
1789440261	5351841792
1789440266	5351841792
1789440271	5351841792
1789440276	5351841792
1789440281	5351841792
1789440286	5351841792
1789440291	5351841792
1789440296	5351841792
1789440301	5351841792
1789440306	5351841792
1789440311	5351841792
1789440316	5351841792
1789440321	5351841792
1789440326	5351841792
1789440331	5351841792
1789440336	5351841792
1789440341	5351841792
1789440346	5351841792
1789440351	5351841792
1789440356	5351841792
1789440361	5351841792
1789440366	5351841792
1789440371	5351841792
1789440376	5351841792
1789440381	5351841792
1789440386	5351841792
1789440391	5351841792
1789440396	5351841792
1789440401	5351841792
1789440406	5351841792
1789440411	5351841792
1789440416	5351841792
1789440421	5351841792
1789440426	5351841792
1789440431	5351841792
1789440436	5351841792
1789440441	5351841792
1789440446	5351841792
1789440451	5351841792
1789440456	5351841792
1789440461	5351841792
1789440466	5351841792
1789440471	5351841792
1789440476	5351841792
1789440481	5351841792
1789440486	5351841792
1789440491	5351841792
1789440496	5351841792
1789440501	5351841792
1789440506	5351841792
1789440511	5351841792
1789440516	5351841792
1789440521	5351841792
1789440526	5351841792
1789440531	5351841792
1789440536	5351841792
1789440541	5351841792
1789440546	5351841792
1789440551	5351841792
1789440556	5351841792
1789440561	5351841792
1789440566	5351841792
1789440571	5351841792
1789440576	5351841792
1789440581	5351841792
1789440586	5351841792
1789440591	5351841792
1789440596	5351841792
1789440601	5351841792
1789440606	5351841792
1789440611	5351841792
1789440616	5351841792
1789440621	5351841792
1789440626	5351841792
1789440631	5351841792
1789440636	5351841792
1789440641	5351841792
1789440646	5351841792
1789440651	5351841792
1789440656	5351841792
1789440662	5351841792
1789440667	5351841792
1789440672	5351841792
1789440677	5351841792
1789440682	5351841792
1789440687	5351841792
1789440692	5351841792
1789440697	5351841792
1789440702	5351841792
1789440707	5351841792
1789440712	5351841792
1789440717	5351841792
1789440722	5351841792
1789440727	5351841792
1789440732	5351841792
1789440737	5351841792
1789440742	5351841792
1789440747	5351841792
1789440752	5351841792
1789440757	5351841792
1789440762	5351841792
1789440767	5351841792
1789440772	5351841792
1789440777	5351841792
1789440782	5351841792
1789440787	5351841792
1789440792	5351841792
1789440797	5351841792
1789440802	5351841792
1789440807	5351841792
1789440812	5351841792
1789440817	5351841792
1789440822	5351841792
1789440827	5351841792
1789440832	5351841792
1789440837	5351841792
1789440842	5351841792
1789440847	5351841792
1789440852	5351841792
1789440857	5351841792
1789440862	5351841792
1789440867	5351841792
1789440872	5351841792
1789440877	5351841792
1789440882	5351841792
1789440887	5351841792
1789440892	5351841792
1789440897	5351841792
1789440902	5351841792
1789440907	5351841792
1789440912	5351841792
1789440917	5351841792
1789440922	5351841792
1789440927	5351841792
1789440932	5351841792
1789440937	5351841792
1789440942	5351841792
1789440947	5351841792
1789440952	5351841792
1789440957	5351841792
1789440962	5351841792
1789440967	5351841792
1789440972	5351841792
1789440977	5351841792
1789440982	5351841792
1789440987	5351841792
1789440992	5351841792
1789440997	5351841792
1789441002	5351841792
1789441007	5351841792
1789441012	5351841792
1789441017	5351841792
1789441022	5351841792
1789441027	5351841792
1789441032	5351841792
1789441037	5351841792
1789441042	5351841792
1789441047	5351841792
1789441052	5351841792
1789441057	5351841792
1789441062	5351841792
1789441067	5351841792
1789441072	5351841792
1789441077	5351841792
1789441082	5351841792
1789441087	5351841792
1789441092	5351841792
1789441097	5351841792
1789441102	5351841792
1789441107	5351841792
1789441112	5351841792
1789441117	5351841792
1789441122	5351841792
1789441127	5351841792
1789441132	5351841792
1789441137	5351841792
1789441142	5351841792
1789441147	5351841792
1789441152	5351841792
1789441157	5351845888
1789441162	5351845888
1789441167	5351845888
1789441172	5351845888
1789441177	5351845888
1789441182	5351845888
1789441187	5351845888
1789441192	5351845888
1789441197	5351845888
1789441202	5351845888
1789441207	5351845888
1789441212	5351845888
1789441218	5351845888
1789441223	5351845888
1789441228	5351845888
1789441233	5351845888
1789441238	5351845888
1789441243	5351845888
1789441248	5351845888
1789441253	5351845888
1789441258	5351845888
1789441263	5351845888
1789441268	5351845888
1789441273	5351845888
1789441278	5351845888
1789441283	5351845888
1789441288	5351845888
1789441293	5351845888
1789441298	5351845888
1789441303	5351845888
1789441308	5351845888
1789441313	5351845888
1789441318	5351845888
1789441323	5351845888
1789441328	5351845888
1789441333	5351845888
1789441338	5351845888
1789441343	5351845888
1789441348	5351845888
1789441353	5351845888
1789441358	5351845888
1789441363	5351845888
1789441368	5351845888
1789441373	5351845888
1789441378	5351845888
1789441383	5351845888
1789441388	5351845888
1789441393	5351845888
1789441398	5351845888
1789441403	5351845888
1789441408	5351845888
1789441413	5351845888
1789441418	5351845888
1789441423	5351845888
1789441428	5351845888
1789441433	5351845888
1789441438	5351845888
1789441443	5351845888
1789441448	5351845888
1789441453	5351845888
1789441458	5351845888
1789441463	5351845888
1789441468	5351845888
1789441473	5351845888
1789441478	5351845888
1789441483	5351845888
1789441488	5351849984
1789441493	5351854080
1789441498	5351854080
1789441503	5351854080
1789441508	5351854080
1789441513	5351854080
1789441518	5351854080
1789441523	5351854080
1789441528	5351854080
1789441533	5351854080
1789441538	5351854080
1789441543	5351854080
1789441548	5351854080
1789441553	5351854080
1789441558	5351854080
1789441563	5351854080
1789441568	5351854080
1789441573	5351854080
1789441578	5351854080
1789441583	5351854080
1789441588	5351854080
1789441593	5351854080
1789441598	5351854080
1789441603	5351854080
1789441608	5351854080
1789441613	5351854080
1789441618	5351854080
1789441623	5351854080
1789441628	5351854080
1789441633	5351854080
1789441638	5351854080
1789441643	5351854080
1789441648	5351854080
1789441653	5351854080
1789441658	5351854080
1789441663	5351854080
1789441668	5351854080
1789441673	5351854080
1789441678	5351854080
1789441683	5351854080
1789441688	5351854080
1789441693	5351854080
1789441698	5351854080
1789441703	5351854080
1789441708	5351854080
1789441713	5351854080
1789441718	5351854080
1789441723	5351854080
1789441728	5351854080
1789441734	5351854080
1789441739	5351854080
1789441744	5351854080
1789441749	5351854080
1789441754	5351854080
1789441759	5351854080
1789441764	5351854080
1789441769	5351854080
1789441774	5351854080
1789441779	5351854080
1789441784	5351854080
1789441789	5351854080
1789441794	5351854080
1789441799	5351854080
1789441804	5351854080
1789441809	5351854080
1789441814	5351854080
1789441819	5351854080
1789441824	5351854080
1789441829	5351854080
1789441834	5351854080
1789441839	5351854080
1789441844	5351854080
1789441849	5351854080
1789441854	5351854080
1789441859	5351854080
1789441864	5351854080
1789441869	5351854080
1789441874	5351854080
1789441879	5351854080
1789441884	5351854080
1789441889	5351854080
1789441894	5351854080
1789441899	5351854080
1789441904	5351854080
1789441909	5351854080
1789441914	5351854080
1789441919	5351854080
1789441924	5351854080
1789441929	5351854080
1789441934	5351854080
1789441939	5351854080
1789441944	5351854080
1789441949	5351854080
1789441954	5351854080
1789441959	5351854080
1789441964	5351854080
1789441969	5351854080
1789441974	5351854080
1789441979	5351854080
1789441984	5351854080
1789441989	5351854080
1789441994	5351858176
1789441999	5351858176
1789442004	5351858176
1789442009	5351858176
1789442014	5351858176
1789442019	5351858176
1789442024	5351858176
1789442029	5351858176
1789442034	5351858176
1789442039	5351858176
1789442044	5351858176
1789442049	5351858176
1789442054	5351858176
1789442059	5351858176
1789442064	5351858176
1789442069	5351858176
1789442074	5351858176
1789442079	5351858176
1789442084	5351858176
1789442089	5351858176
1789442094	5351858176
1789442099	5351858176
1789442104	5351858176
1789442109	5351858176
1789442114	5351858176
1789442119	5351858176
1789442124	5351858176
1789442129	5351858176
1789442134	5351858176
1789442139	5351858176
1789442144	5351858176
1789442149	5351858176
1789442154	5351858176
1789442159	5351858176
1789442164	5351858176
1789442169	5351858176
1789442174	5351858176
1789442179	5351858176
1789442184	5351858176
1789442189	5351858176
1789442194	5351858176
1789442199	5351858176
1789442204	5351858176
1789442209	5351858176
1789442214	5351858176
1789442219	5351858176
1789442224	5351858176
1789442229	5351858176
1789442234	5351858176
1789442239	5351858176
1789442244	5351858176
1789442249	5351858176
1789442255	5351858176
1789442260	5351858176
1789442265	5351858176
1789442270	5351858176
1789442275	5351858176
1789442280	5351858176
1789442285	5351858176
1789442290	5351858176
1789442295	5351858176
1789442300	5351862272
1789442305	5351862272
1789442310	5351862272
1789442315	5351862272
1789442320	5351862272
1789442325	5351862272
1789442330	5351862272
1789442335	5351862272
1789442340	5351862272
1789442345	5351862272
1789442350	5351862272
1789442355	5351862272
1789442360	5351862272
1789442365	5351862272
1789442370	5351862272
1789442375	5351862272
1789442380	5351862272
1789442385	5351862272
1789442390	5351862272
1789442395	5351862272
1789442400	5351862272
1789442405	5351862272
1789442410	5351862272
1789442415	5351862272
1789442420	5351862272
1789442425	5351862272
1789442430	5351862272
1789442435	5351862272
1789442440	5351862272
1789442445	5351862272
1789442450	5351862272
1789442455	5351862272
1789442460	5351862272
1789442465	5351862272
1789442470	5351862272
1789442475	5351862272
1789442480	5351862272
1789442485	5351862272
1789442490	5351862272
1789442495	5351862272
1789442500	5351862272
1789442505	5351862272
1789442510	5351862272
1789442515	5351862272
1789442520	5351862272
1789442525	5351862272
1789442530	5351862272
1789442535	5351862272
1789442540	5351862272
1789442545	5351862272
1789442550	5351862272
1789442555	5351862272
1789442560	5351862272
1789442565	5351862272
1789442570	5351862272
1789442575	5351862272
1789442580	5351862272
1789442585	5351862272
1789442590	5351862272
1789442595	5351862272
1789442600	5351862272
1789442605	5351862272
1789442610	5351862272
1789442615	5351862272
1789442620	5351862272
1789442625	5351862272
1789442630	5351862272
1789442635	5351862272
1789442640	5351862272
1789442645	5351862272
1789442650	5351862272
1789442655	5351862272
1789442660	5351862272
1789442665	5351862272
1789442670	5351862272
1789442675	5351862272
1789442680	5351862272
1789442685	5351862272
1789442690	5351862272
1789442695	5351862272
1789442700	5351862272
1789442705	5351862272
1789442710	5351862272
1789442715	5351862272
1789442720	5351862272
1789442725	5351862272
1789442730	5351862272
1789442735	5351862272
1789442740	5351862272
1789442745	5351862272
1789442750	5351862272
1789442755	5351862272
1789442760	5351862272
1789442765	5351862272
1789442770	5351862272
1789442775	5351862272
1789442780	5351862272
1789442785	5351866368
1789442790	5351866368
1789442795	5351866368
1789442800	5351866368
1789442805	5351866368
1789442810	5351866368
1789442815	5351866368
1789442821	5351866368
1789442826	5351866368
1789442831	5351866368
1789442836	5351866368
1789442841	5351866368
1789442846	5351866368
1789442851	5351866368
1789442856	5351866368
1789442861	5351866368
1789442866	5351866368
1789442871	5351866368
1789442876	5351866368
1789442881	5351866368
1789442886	5351866368
1789442891	5351866368
1789442896	5351866368
1789442901	5351866368
1789442906	5351866368
1789442911	5351866368
1789442916	5351866368
1789442921	5351866368
1789442926	5351866368
1789442931	5351866368
1789442936	5351866368
1789442941	5351866368
1789442946	5351866368
1789442951	5351866368
1789442956	5351866368
1789442961	5351866368
1789442966	5351866368
1789442971	5351866368
1789442976	5351866368
1789442981	5351866368
1789442986	5351866368
1789442991	5351866368
1789442996	5351866368
1789443001	5351866368
1789443006	5351866368
1789443011	5351866368
1789443016	5351866368
1789443021	5351866368
1789443026	5351866368
1789443031	5351866368
1789443036	5351866368
1789443041	5351866368
1789443046	5351866368
1789443051	5351866368
1789443056	5351866368
1789443061	5351866368
1789443066	5351866368
1789443071	5351866368
1789443076	5351866368
1789443081	5351866368
1789443086	5351866368
1789443091	5351866368
1789443096	5351866368
1789443101	5351866368
1789443106	5351866368
1789443111	5351866368
1789443116	5351866368
1789443121	5351866368
1789443126	5351866368
1789443131	5351866368
1789443136	5351866368
1789443141	5351866368
1789443146	5351866368
1789443151	5351866368
1789443156	5351866368
1789443161	5351866368
1789443166	5351866368
1789443171	5351870464
1789443176	5351870464
1789443181	5351870464
1789443186	5351870464
1789443191	5351870464
1789443196	5351870464
1789443201	5351870464
1789443206	5351870464
1789443211	5351870464
1789443216	5351870464
1789443221	5351870464
1789443226	5351870464
1789443231	5351870464
1789443236	5351870464
1789443241	5351870464
1789443246	5351870464
1789443251	5351870464
1789443256	5351870464
1789443261	5351870464
1789443266	5351870464
1789443271	5351870464
1789443276	5351870464
1789443281	5351870464
1789443286	5351870464
1789443291	5351870464
1789443296	5351870464
1789443301	5351870464
1789443306	5351870464
1789443311	5351870464
1789443316	5351870464
1789443321	5351870464
1789443326	5351870464
1789443331	5351870464
1789443336	5351870464
1789443341	5351870464
1789443346	5351870464
1789443351	5351870464
1789443356	5351870464
1789443361	5351870464
1789443366	5351870464
1789443371	5351870464
1789443376	5351870464
1789443381	5351870464
1789443386	5351870464
1789443391	5351870464
1789443396	5351870464
1789443402	5351870464
1789443407	5351870464
1789443412	5351870464
1789443417	5351870464
1789443422	5351870464
1789443427	5351870464
1789443432	5351870464
1789443437	5351870464
1789443442	5351870464
1789443447	5351870464
1789443452	5351870464
1789443457	5351870464
1789443462	5351870464
1789443467	5351870464
1789443472	5351870464
1789443477	5351870464
1789443482	5351870464
1789443487	5351870464
1789443492	5351870464
1789443497	5351870464
1789443502	5351870464
1789443507	5351870464
1789443512	5351870464
1789443517	5351870464
1789443522	5351870464
1789443527	5351870464
1789443532	5351870464
1789443537	5351870464
1789443542	5351870464
1789443547	5351870464
1789443552	5351870464
1789443557	5351870464
1789443562	5351870464
1789443567	5351870464
1789443572	5351870464
1789443577	5351870464
1789443582	5351874560
1789443587	5351874560
1789443592	5351874560
1789443597	5351874560
1789443602	5351874560
1789443607	5351874560
1789443612	5351874560
1789443617	5351874560
1789443622	5351874560
1789443627	5351874560
1789443632	5351874560
1789443637	5351874560
1789443642	5351874560
1789443647	5351874560
1789443652	5351874560
1789443657	5351874560
1789443662	5351874560
1789443667	5351874560
1789443672	5351874560
1789443677	5351874560
1789443682	5351874560
1789443687	5351874560
1789443692	5351874560
1789443697	5351874560
1789443702	5351874560
1789443707	5351874560
1789443712	5351874560
1789443717	5351874560
1789443722	5351874560
1789443727	5351874560
1789443732	5351874560
1789443737	5351874560
1789443742	5351874560
1789443747	5351874560
1789443752	5351874560
1789443757	5351874560
1789443762	5351874560
1789443767	5351874560
1789443772	5351874560
1789443777	5351874560
1789443782	5351874560
1789443787	5351874560
1789443792	5351874560
1789443797	5351874560
1789443802	5351874560
1789443807	5351874560
1789443812	5351874560
1789443817	5351874560
1789443822	5351874560
1789443827	5351874560
1789443832	5351874560
1789443837	5351874560
1789443842	5351874560
1789443847	5351874560
1789443852	5351874560
1789443857	5351874560
1789443862	5351874560
1789443867	5351874560
1789443872	5351874560
1789443877	5351874560
1789443882	5351874560
1789443887	5351874560
1789443892	5351874560
1789443897	5351874560
1789443902	5351874560
1789443907	5351874560
1789443912	5351874560
1789443917	5351874560
1789443922	5351874560
1789443927	5351874560
1789443932	5351874560
1789443937	5351874560
1789443942	5351874560
1789443947	5351874560
1789443952	5351874560
1789443957	5351874560
1789443962	5351874560
1789443967	5351878656
1789443972	5351878656
1789443977	5351878656
1789443983	5351878656
1789443988	5351878656
1789443993	5351878656
1789443998	5351878656
1789444003	5351878656
1789444008	5351878656
1789444013	5351878656
1789444018	5351878656
1789444023	5351878656
1789444028	5351878656
1789444033	5351878656
1789444038	5351878656
1789444043	5351878656
1789444048	5351878656
1789444053	5351878656
1789444058	5351878656
1789444063	5351878656
1789444068	5351878656
1789444073	5351878656
1789444078	5351878656
1789444083	5351878656
1789444088	5351878656
1789444093	5351878656
1789444098	5351878656
1789444103	5351878656
1789444108	5351878656
1789444113	5351878656
1789444118	5351878656
1789444123	5351878656
1789444128	5351878656
1789444133	5351878656
1789444138	5351878656
1789444143	5351878656
1789444148	5351878656
1789444153	5351878656
1789444158	5351878656
1789444163	5351878656
1789444168	5351878656
1789444173	5351878656
1789444178	5351878656
1789444183	5351878656
1789444188	5351878656
1789444193	5351878656
1789444198	5351878656
1789444203	5351878656
1789444208	5351878656
1789444213	5351878656
1789444218	5351878656
1789444223	5351878656
1789444228	5351878656
1789444233	5351878656
1789444238	5351878656
1789444243	5351878656
1789444248	5351878656
1789444253	5351878656
1789444258	5351878656
1789444263	5351878656
1789444268	5351878656
1789444273	5351878656
1789444278	5351878656
1789444283	5351878656
1789444288	5351878656
1789444293	5351878656
1789444298	5351878656
1789444303	5351878656
1789444308	5351878656
1789444313	5351878656
1789444318	5351878656
1789444323	5351878656
1789444328	5351878656
1789444333	5351878656
1789444338	5351878656
1789444343	5351878656
1789444348	5351878656
1789444353	5351878656
1789444358	5351878656
1789444363	5351878656
1789444368	5351878656
1789444373	5351878656
1789444378	5351878656
1789444383	5351878656
1789444388	5351878656
1789444393	5351878656
1789444398	5351882752
1789444403	5351882752
1789444408	5351882752
1789444413	5351882752
1789444418	5351882752
1789444423	5351882752
1789444428	5351882752
1789444433	5351882752
1789444438	5351882752
1789444443	5351882752
1789444448	5351882752
1789444453	5351882752
1789444458	5351882752
1789444463	5351882752
1789444468	5351882752
1789444473	5351882752
1789444478	5351882752
1789444483	5351882752
1789444488	5351882752
1789444493	5351882752
1789444498	5351882752
1789444503	5351882752
1789444508	5351882752
1789444513	5351882752
1789444519	5351882752
1789444524	5351882752
1789444529	5351882752
1789444534	5351882752
1789444539	5351882752
1789444544	5351882752
1789444549	5351882752
1789444554	5351882752
1789444559	5351882752
1789444564	5351882752
1789444569	5351882752
1789444574	5351882752
1789444579	5351882752
1789444584	5351882752
1789444589	5351882752
1789444594	5351882752
1789444599	5351882752
1789444604	5351882752
1789444609	5351882752
1789444614	5351882752
1789444619	5351882752
1789444624	5351882752
1789444629	5351882752
1789444634	5351882752
1789444639	5351882752
1789444644	5351882752
1789444649	5351882752
1789444654	5351882752
1789444659	5351882752
1789444664	5351882752
1789444669	5351882752
1789444674	5351882752
1789444679	5351882752
1789444684	5351882752
1789444689	5351882752
1789444694	5351882752
1789444699	5351882752
1789444704	5351882752
1789444709	5351882752
1789444714	5351882752
1789444719	5351882752
1789444724	5351882752
1789444729	5351882752
1789444734	5351882752
1789444739	5351882752
1789444744	5351882752
1789444749	5351882752
1789444754	5351882752
1789444759	5351882752
1789444764	5351886848
1789444769	5351886848
1789444774	5351886848
1789444779	5351886848
1789444784	5351886848
1789444789	5351886848
1789444794	5351886848
1789444799	5351886848
1789444804	5351886848
1789444809	5351886848
1789444814	5351886848
1789444819	5351886848
1789444824	5351886848
1789444829	5351886848
1789444834	5351886848
1789444839	5351886848
1789444844	5351886848
1789444849	5351886848
1789444854	5351886848
1789444859	5351886848
1789444864	5351886848
1789444869	5351886848
1789444874	5351886848
1789444879	5351886848
1789444884	5351886848
1789444889	5351886848
1789444894	5351886848
1789444899	5351886848
1789444904	5351886848
1789444909	5351886848
1789444914	5351886848
1789444919	5351886848
1789444924	5351886848
1789444929	5351886848
1789444934	5351886848
1789444939	5351886848
1789444944	5351886848
1789444949	5351886848
1789444954	5351886848
1789444959	5351886848
1789444964	5351886848
1789444969	5351886848
1789444974	5351886848
1789444979	5351886848
1789444984	5351886848
1789444989	5351886848
1789444994	5351886848
1789444999	5351886848
1789445004	5351886848
1789445009	5351886848
1789445014	5351886848
1789445019	5351886848
1789445024	5351886848
1789445029	5351886848
1789445034	5351886848
1789445039	5351886848
1789445045	5351886848
1789445050	5351886848
1789445055	5351886848
1789445060	5351886848
1789445065	5351886848
1789445070	5351886848
1789445075	5351886848
1789445080	5351886848
1789445085	5351886848
1789445090	5351886848
1789445095	5351886848
1789445100	5351886848
1789445105	5351886848
1789445110	5351886848
1789445115	5351886848
1789445120	5351886848
1789445125	5351886848
1789445130	5351886848
1789445135	5351886848
1789445140	5351886848
1789445145	5351886848
1789445150	5351886848
1789445155	5351886848
1789445160	5351886848
1789445165	5351886848
1789445170	5351886848
1789445175	5351886848
1789445180	5351890944
1789445185	5351890944
1789445190	5351890944
1789445195	5351890944
1789445200	5351890944
1789445205	5351890944
1789445210	5351890944
1789445215	5351890944
1789445220	5351890944
1789445225	5351890944
1789445230	5351890944
1789445235	5351890944
1789445240	5351890944
1789445245	5351890944
1789445250	5351890944
1789445255	5351890944
1789445260	5351890944
1789445265	5351890944
1789445270	5351890944
1789445275	5351890944
1789445280	5351890944
1789445285	5351890944
1789445290	5351890944
1789445295	5351890944
1789445300	5351890944
1789445305	5351890944
1789445310	5351890944
1789445315	5351890944
1789445320	5351890944
1789445325	5351890944
1789445330	5351890944
1789445335	5351890944
1789445340	5351890944
1789445345	5351890944
1789445350	5351890944
1789445355	5351890944
1789445360	5351890944
1789445365	5351890944
1789445370	5351890944
1789445375	5351890944
1789445380	5351890944
1789445385	5351890944
1789445390	5351890944
1789445395	5351890944
1789445400	5351890944
1789445405	5351890944
1789445410	5351890944
1789445415	5351890944
1789445420	5351890944
1789445425	5351890944
1789445430	5351890944
1789445435	5351890944
1789445440	5351890944
1789445445	5351890944
1789445450	5351890944
1789445455	5351890944
1789445460	5351890944
1789445465	5351890944
1789445470	5351890944
1789445475	5351890944
1789445480	5351890944
1789445485	5351890944
1789445490	5351890944
1789445495	5351890944
1789445500	5351890944
1789445505	5351890944
1789445510	5351890944
1789445515	5351890944
1789445520	5351890944
1789445525	5351890944
1789445530	5351890944
1789445535	5351890944
1789445540	5351890944
1789445545	5351890944
1789445550	5351890944
1789445555	5351895040
1789445560	5351895040
1789445565	5351895040
1789445570	5351895040
1789445575	5351895040
1789445580	5351895040
1789445585	5351895040
1789445590	5351895040
1789445595	5351895040
1789445600	5351895040
1789445605	5351895040
1789445610	5351895040
1789445615	5351895040
1789445620	5351895040
1789445626	5351895040
1789445631	5351895040
1789445636	5351895040
1789445641	5351895040
1789445646	5351895040
1789445651	5351895040
1789445656	5351895040
1789445661	5351895040
1789445666	5351895040
1789445671	5351895040
1789445676	5351895040
1789445681	5351895040
1789445686	5351895040
1789445691	5351895040
1789445696	5351895040
1789445701	5351895040
1789445706	5351895040
1789445711	5351895040
1789445716	5351895040
1789445721	5351895040
1789445726	5351895040
1789445731	5351895040
1789445736	5351895040
1789445741	5351895040
1789445746	5351895040
1789445751	5351895040
1789445756	5351895040
1789445761	5351895040
1789445766	5351895040
1789445771	5351895040
1789445776	5351895040
1789445781	5351895040
1789445786	5351895040
1789445791	5351895040
1789445796	5351895040
1789445801	5351895040
1789445806	5351895040
1789445811	5351895040
1789445816	5351895040
1789445821	5351895040
1789445826	5351895040
1789445831	5351895040
1789445836	5351895040
1789445841	5351895040
1789445846	5351895040
1789445851	5351895040
1789445856	5351895040
1789445861	5351895040
1789445866	5351895040
1789445871	5351895040
1789445876	5351895040
1789445881	5351895040
1789445886	5351895040
1789445891	5351895040
1789445896	5351895040
1789445901	5351895040
1789445906	5351895040
1789445911	5351895040
1789445916	5351895040
1789445921	5351895040
1789445926	5351895040
1789445931	5351895040
1789445936	5351895040
1789445941	5351895040
1789445946	5351895040
1789445951	5351895040
1789445956	5351895040
1789445961	5351895040
1789445966	5351895040
1789445971	5351895040
1789445976	5351895040
1789445981	5351895040
1789445986	5351899136
1789445991	5351899136
1789445996	5351899136
1789446001	5351899136
1789446006	5351899136
1789446011	5351899136
1789446016	5351899136
1789446021	5351899136
1789446026	5351899136
1789446031	5351899136
1789446036	5351899136
1789446041	5351899136
1789446046	5351899136
1789446051	5351899136
1789446056	5351899136
1789446061	5351899136
1789446066	5351899136
1789446071	5351899136
1789446076	5351899136
1789446081	5351899136
1789446086	5351899136
1789446091	5351899136
1789446096	5351899136
1789446101	5351899136
1789446106	5351899136
1789446111	5351899136
1789446116	5351899136
1789446121	5351899136
1789446126	5351899136
1789446131	5351899136
1789446136	5351899136
1789446141	5351899136
1789446146	5351899136
1789446151	5351899136
1789446156	5351899136
1789446161	5351899136
1789446166	5351899136
1789446171	5351899136
1789446176	5351899136
1789446181	5351899136
1789446186	5351899136
1789446192	5351899136
1789446197	5351899136
1789446202	5351899136
1789446207	5351899136
1789446212	5351899136
1789446217	5351899136
1789446222	5351899136
1789446227	5351899136
1789446232	5351899136
1789446237	5351899136
1789446242	5351899136
1789446247	5351899136
1789446252	5351899136
1789446257	5351899136
1789446262	5351899136
1789446267	5351899136
1789446272	5351899136
1789446277	5351899136
1789446282	5351899136
1789446287	5351899136
1789446292	5351899136
1789446297	5351899136
1789446302	5351899136
1789446307	5351899136
1789446312	5351899136
1789446317	5351899136
1789446322	5351899136
1789446327	5351899136
1789446332	5351899136
1789446337	5351899136
1789446342	5351899136
1789446347	5351899136
1789446352	5351899136
1789446357	5351899136
1789446362	5351903232
1789446367	5351903232
1789446372	5351903232
1789446377	5351903232
1789446382	5351903232
1789446387	5351903232
1789446392	5351903232
1789446397	5351903232
1789446402	5351903232
1789446407	5351903232
1789446412	5351903232
1789446417	5351903232
1789446422	5351903232
1789446427	5351903232
1789446432	5351903232
1789446437	5351903232
1789446442	5351903232
1789446447	5351903232
1789446452	5351903232
1789446457	5351903232
1789446462	5351903232
1789446467	5351903232
1789446472	5351903232
1789446477	5351903232
1789446482	5351903232
1789446487	5351903232
1789446492	5351903232
1789446497	5351903232
1789446502	5351903232
1789446507	5351903232
1789446512	5351903232
1789446517	5351903232
1789446522	5351903232
1789446527	5351903232
1789446532	5351903232
1789446537	5351903232
1789446542	5351903232
1789446547	5351903232
1789446552	5351903232
1789446557	5351903232
1789446562	5351903232
1789446567	5351903232
1789446572	5351903232
1789446577	5351903232
1789446582	5351903232
1789446587	5351903232
1789446592	5351903232
1789446597	5351903232
1789446602	5351903232
1789446607	5351903232
1789446612	5351903232
1789446617	5351903232
1789446622	5351903232
1789446627	5351903232
1789446632	5351903232
1789446637	5351903232
1789446642	5351903232
1789446647	5351903232
1789446652	5351903232
1789446657	5351903232
1789446662	5351903232
1789446667	5351903232
1789446672	5351903232
1789446677	5351903232
1789446682	5351903232
1789446687	5351903232
1789446692	5351903232
1789446697	5351903232
1789446702	5351903232
1789446707	5351903232
1789446712	5351903232
1789446717	5351903232
1789446722	5351903232
1789446727	5351903232
1789446732	5351903232
1789446737	5351903232
1789446742	5351903232
1789446747	5351903232
1789446752	5351903232
1789446757	5351903232
1789446762	5351903232
1789446768	5351903232
1789446773	5351903232
1789446778	5351903232
1789446783	5351903232
1789446788	5351903232
1789446793	5351903232
1789446798	5351903232
1789446803	5351907328
1789446808	5351907328
1789446813	5351907328
1789446818	5351907328
1789446823	5351907328
1789446828	5351907328
1789446833	5351907328
1789446838	5351907328
1789446843	5351907328
1789446848	5351907328
1789446853	5351907328
1789446858	5351907328
1789446863	5351907328
1789446868	5351907328
1789446873	5351907328
1789446878	5351907328
1789446883	5351907328
1789446888	5351907328
1789446893	5351907328
1789446898	5351907328
1789446903	5351907328
1789446908	5351907328
1789446913	5351907328
1789446918	5351907328
1789446923	5351907328
1789446928	5351907328
1789446933	5351907328
1789446938	5351907328
1789446943	5351907328
1789446948	5351907328
1789446953	5351907328
1789446958	5351907328
1789446963	5351907328
1789446968	5351907328
1789446973	5351907328
1789446978	5351907328
1789446983	5351907328
1789446988	5351907328
1789446993	5351907328
1789446998	5351907328
1789447003	5351907328
1789447008	5351907328
1789447013	5351907328
1789447018	5351907328
1789447023	5351907328
1789447028	5351907328
1789447033	5351907328
1789447038	5351907328
1789447043	5351907328
1789447048	5351907328
1789447053	5351907328
1789447058	5351907328
1789447063	5351907328
1789447068	5351907328
1789447073	5351907328
1789447078	5351907328
1789447083	5351907328
1789447088	5351907328
1789447093	5351907328
1789447098	5351907328
1789447103	5351907328
1789447108	5351907328
1789447113	5351907328
1789447118	5351907328
1789447123	5351907328
1789447128	5351907328
1789447133	5351907328
1789447138	5351907328
1789447143	5351907328
1789447148	5351907328
1789447153	5351907328
1789447158	5351907328
1789447163	5351907328
1789447168	5351907328
1789447173	5351907328
1789447178	5351907328
1789447183	5351907328
1789447188	5351911424
1789447193	5351911424
1789447198	5351911424
1789447203	5351911424
1789447208	5351911424
1789447213	5351911424
1789447218	5351911424
1789447223	5351911424
1789447228	5351911424
1789447233	5351911424
1789447238	5351911424
1789447243	5351911424
1789447248	5351911424
1789447253	5351911424
1789447258	5351911424
1789447263	5351911424
1789447268	5351911424
1789447273	5351911424
1789447278	5351911424
1789447283	5351911424
1789447288	5351911424
1789447293	5351911424
1789447298	5351911424
1789447303	5351911424
1789447308	5351911424
1789447313	5351911424
1789447318	5351911424
1789447324	5351911424
1789447329	5351911424
1789447334	5351911424
1789447339	5351911424
1789447344	5351911424
1789447349	5351911424
1789447354	5351911424
1789447359	5351911424
1789447364	5351911424
1789447369	5351911424
1789447374	5351911424
1789447379	5351911424
1789447384	5351911424
1789447389	5351911424
1789447394	5351911424
1789447399	5351911424
1789447404	5351911424
1789447409	5351911424
1789447414	5351911424
1789447419	5351911424
1789447424	5351911424
1789447429	5351911424
1789447434	5351911424
1789447439	5351911424
1789447444	5351911424
1789447449	5351911424
1789447454	5351911424
1789447459	5351911424
1789447464	5351911424
1789447469	5351911424
1789447474	5351911424
1789447479	5351911424
1789447484	5351911424
1789447489	5351911424
1789447494	5351911424
1789447499	5351911424
1789447504	5351911424
1789447509	5351911424
1789447514	5351911424
1789447519	5351911424
1789447524	5351911424
1789447529	5351911424
1789447534	5351911424
1789447539	5351911424
1789447544	5351911424
1789447549	5351911424
1789447554	5351911424
1789447559	5351911424
1789447564	5351911424
1789447569	5351911424
1789447574	5351911424
1789447579	5351911424
1789447584	5351911424
1789447589	5351911424
1789447594	5351911424
1789447599	5351911424
1789447604	5351911424
1789447609	5351911424
1789447614	5351915520
1789447619	5351915520
1789447624	5351915520
1789447629	5351915520
1789447634	5351915520
1789447639	5351915520
1789447644	5351915520
1789447649	5351915520
1789447654	5351915520
1789447659	5351915520
1789447664	5351915520
1789447669	5351915520
1789447674	5351915520
1789447679	5351915520
1789447684	5351915520
1789447689	5351915520
1789447694	5351915520
1789447699	5351915520
1789447704	5351915520
1789447709	5351915520
1789447714	5351915520
1789447719	5351915520
1789447724	5351915520
1789447729	5351915520
1789447734	5351915520
1789447739	5351915520
1789447744	5351915520
1789447749	5351915520
1789447754	5351915520
1789447759	5351915520
1789447764	5351915520
1789447769	5351915520
1789447774	5351915520
1789447779	5351915520
1789447784	5351915520
1789447789	5351915520
1789447794	5351915520
1789447799	5351915520
1789447804	5351915520
1789447809	5351915520
1789447814	5351915520
1789447819	5351915520
1789447824	5351915520
1789447829	5351915520
1789447834	5351915520
1789447839	5351915520
1789447844	5351915520
1789447849	5351915520
1789447854	5351915520
1789447859	5351915520
1789447865	5351915520
1789447870	5351915520
1789447875	5351915520
1789447880	5351915520
1789447885	5351915520
1789447890	5351915520
1789447895	5351915520
1789447900	5351915520
1789447905	5351915520
1789447910	5351915520
1789447915	5351915520
1789447920	5351915520
1789447925	5351915520
1789447930	5351915520
1789447935	5351915520
1789447940	5351915520
1789447945	5351915520
1789447950	5351915520
1789447955	5351915520
1789447960	5351915520
1789447965	5351915520
1789447970	5351915520
1789447975	5351919616
1789447980	5351919616
1789447985	5351919616
1789447990	5351919616
1789447995	5351919616
1789448000	5351919616
1789448005	5351919616
1789448010	5351919616
1789448015	5351919616
1789448020	5351919616
1789448025	5351919616
1789448030	5351919616
1789448035	5351919616
1789448040	5351919616
1789448045	5351919616
1789448050	5351919616
1789448055	5351919616
1789448060	5351919616
1789448065	5351919616
1789448070	5351919616
1789448075	5351919616
1789448080	5351919616
1789448085	5351919616
1789448090	5351919616
1789448095	5351919616
1789448100	5351919616
1789448105	5351919616
1789448110	5351919616
1789448115	5351919616
1789448120	5351919616
1789448125	5351919616
1789448130	5351919616
1789448135	5351919616
1789448140	5351919616
1789448145	5351919616
1789448150	5351919616
1789448155	5351919616
1789448160	5351919616
1789448165	5351919616
1789448170	5351919616
1789448175	5351919616
1789448180	5351919616
1789448185	5351919616
1789448190	5351919616
1789448195	5351919616
1789448200	5351919616
1789448205	5351919616
1789448210	5351919616
1789448215	5351919616
1789448220	5351919616
1789448225	5351919616
1789448230	5351919616
1789448235	5351919616
1789448240	5351919616
1789448245	5351919616
1789448250	5351919616
1789448255	5351919616
1789448260	5351919616
1789448265	5351919616
1789448270	5351919616
1789448275	5351919616
1789448280	5351919616
1789448285	5351919616
1789448290	5351919616
1789448295	5351919616
1789448300	5351919616
1789448305	5351919616
1789448310	5351919616
1789448315	5351919616
1789448320	5351919616
1789448325	5351919616
1789448330	5351919616
1789448335	5351919616
1789448340	5351919616
1789448345	5351919616
1789448350	5351919616
1789448355	5351919616
1789448360	5351919616
1789448365	5351919616
1789448370	5351919616
1789448375	5351919616
1789448380	5351919616
1789448385	5351919616
1789448391	5351919616
1789448396	5351919616
1789448401	5351923712
1789448406	5351923712
1789448411	5351923712
1789448416	5351923712
1789448421	5351923712
1789448426	5351923712
1789448431	5351923712
1789448436	5351923712
1789448441	5351923712
1789448446	5351923712
1789448451	5351923712
1789448456	5351923712
1789448461	5351923712
1789448466	5351923712
1789448471	5351923712
1789448476	5351923712
1789448481	5351923712
1789448486	5351923712
1789448491	5351923712
1789448496	5351923712
1789448501	5351923712
1789448506	5351923712
1789448511	5351923712
1789448516	5351923712
1789448521	5351923712
1789448526	5351923712
1789448531	5351923712
1789448536	5351923712
1789448541	5351923712
1789448546	5351923712
1789448551	5351923712
1789448556	5351923712
1789448561	5351923712
1789448566	5351923712
1789448571	5351923712
1789448576	5351923712
1789448581	5351923712
1789448586	5351923712
1789448591	5351923712
1789448596	5351923712
1789448601	5351923712
1789448606	5351923712
1789448611	5351923712
1789448616	5351923712
1789448621	5351923712
1789448626	5351923712
1789448631	5351923712
1789448636	5351923712
1789448641	5351923712
1789448646	5351923712
1789448651	5351923712
1789448656	5351923712
1789448661	5351923712
1789448666	5351923712
1789448671	5351923712
1789448676	5351923712
1789448681	5351923712
1789448686	5351923712
1789448691	5351923712
1789448696	5351923712
1789448701	5351923712
1789448706	5351923712
1789448711	5351923712
1789448716	5351923712
1789448721	5351923712
1789448726	5351923712
1789448731	5351923712
1789448736	5351923712
1789448741	5351923712
1789448746	5351923712
1789448751	5351923712
1789448756	5351923712
1789448761	5351923712
1789448766	5351923712
1789448771	5351923712
1789448776	5351927808
1789448781	5351927808
1789448786	5351927808
1789448791	5351927808
1789448796	5351927808
1789448801	5351927808
1789448806	5351927808
1789448811	5351927808
1789448816	5351927808
1789448821	5351927808
1789448826	5351927808
1789448831	5351927808
1789448836	5351927808
1789448841	5351927808
1789448846	5351927808
1789448851	5351927808
1789448856	5351927808
1789448861	5351927808
1789448866	5351927808
1789448871	5351927808
1789448876	5351927808
1789448881	5351927808
1789448886	5351927808
1789448891	5351927808
1789448896	5351927808
1789448901	5351927808
1789448906	5351927808
1789448911	5351927808
1789448916	5351927808
1789448921	5351927808
1789448926	5351927808
1789448931	5351927808
1789448936	5351927808
1789448941	5351927808
1789448946	5351927808
1789448951	5351927808
1789448957	5351927808
1789448962	5351927808
1789448967	5351927808
1789448972	5351927808
1789448977	5351927808
1789448982	5351927808
1789448987	5351927808
1789448992	5351927808
1789448997	5351927808
1789449002	5351927808
1789449007	5351927808
1789449012	5351927808
1789449017	5351927808
1789449022	5351927808
1789449027	5351927808
1789449032	5351927808
1789449037	5351927808
1789449042	5351927808
1789449047	5351927808
1789449052	5351927808
1789449057	5351927808
1789449062	5351927808
1789449067	5351927808
1789449072	5351927808
1789449077	5351927808
1789449082	5351927808
1789449087	5351927808
1789449092	5351927808
1789449097	5351927808
1789449102	5351927808
1789449107	5351927808
1789449112	5351927808
1789449117	5351927808
1789449122	5351927808
1789449127	5351927808
1789449132	5351927808
1789449137	5351927808
1789449142	5351927808
1789449147	5351927808
1789449152	5351927808
1789449157	5351927808
1789449162	5351927808
1789449167	5351927808
1789449172	5351927808
1789449177	5351927808
1789449182	5351927808
1789449187	5351927808
1789449192	5351927808
1789449197	5351927808
1789449202	5351931904
1789449207	5351931904
1789449212	5351931904
1789449217	5351931904
1789449222	5351931904
1789449227	5351931904
1789449232	5351931904
1789449237	5351931904
1789449242	5351931904
1789449247	5351931904
1789449252	5351931904
1789449257	5351931904
1789449262	5351931904
1789449267	5351931904
1789449272	5351931904
1789449277	5351931904
1789449282	5351931904
1789449287	5351931904
1789449292	5351931904
1789449297	5351931904
1789449302	5351931904
1789449307	5351931904
1789449312	5351931904
1789449317	5351931904
1789449322	5351931904
1789449327	5351931904
1789449332	5351931904
1789449337	5351931904
1789449342	5351931904
1789449347	5351931904
1789449352	5351931904
1789449357	5351931904
1789449362	5351931904
1789449367	5351931904
1789449372	5351931904
1789449377	5351931904
1789449382	5351931904
1789449387	5351931904
1789449392	5351931904
1789449397	5351931904
1789449402	5351931904
1789449407	5351931904
1789449412	5351931904
1789449417	5351931904
1789449422	5351931904
1789449427	5351931904
1789449432	5351931904
1789449437	5351931904
1789449442	5351931904
1789449447	5351931904
1789449452	5351931904
1789449457	5351931904
1789449462	5351931904
1789449467	5351931904
1789449472	5351931904
1789449477	5351931904
1789449482	5351931904
1789449487	5351931904
1789449492	5351931904
1789449497	5351931904
1789449502	5351931904
1789449507	5351931904
1789449512	5351931904
1789449517	5351931904
1789449522	5351931904
1789449527	5351931904
1789449532	5351931904
1789449537	5351931904
1789449543	5351931904
1789449548	5351931904
1789449553	5351931904
1789449558	5351931904
1789449563	5351936000
1789449568	5351936000
1789449573	5351936000
1789449578	5351936000
1789449583	5351936000
1789449588	5351936000
1789449593	5351936000
1789449598	5351936000
1789449603	5351936000
1789449608	5351936000
1789449613	5351936000
1789449618	5351936000
1789449623	5351936000
1789449628	5351936000
1789449633	5351936000
1789449638	5351936000
1789449643	5351936000
1789449648	5351936000
1789449653	5351936000
1789449658	5351936000
1789449663	5351936000
1789449668	5351936000
1789449673	5351936000
1789449678	5351936000
1789449683	5351936000
1789449688	5351936000
1789449693	5351936000
1789449698	5351936000
1789449703	5351936000
1789449708	5351936000
1789449713	5351936000
1789449718	5351936000
1789449723	5351936000
1789449728	5351936000
1789449733	5351936000
1789449738	5351936000
1789449743	5351936000
1789449748	5351936000
1789449753	5351936000
1789449758	5351936000
1789449763	5351936000
1789449768	5351936000
1789449773	5351936000
1789449778	5351936000
1789449783	5351936000
1789449788	5351936000
1789449793	5351936000
1789449798	5351936000
1789449803	5351936000
1789449808	5351936000
1789449813	5351936000
1789449818	5351936000
1789449823	5351936000
1789449828	5351936000
1789449833	5351936000
1789449838	5351936000
1789449843	5351936000
1789449848	5351936000
1789449853	5351936000
1789449858	5351936000
1789449863	5351936000
1789449868	5351936000
1789449873	5351936000
1789449878	5351936000
1789449883	5351936000
1789449888	5351936000
1789449893	5351936000
1789449898	5351936000
1789449903	5351936000
1789449908	5351936000
1789449913	5351936000
1789449918	5351936000
1789449923	5351936000
1789449928	5351936000
1789449933	5351936000
1789449938	5351936000
1789449943	5351936000
1789449948	5351936000
1789449953	5351936000
1789449958	5351936000
1789449963	5351936000
1789449968	5351936000
1789449973	5351936000
1789449978	5351936000
1789449983	5351940096
1789449988	5351940096
1789449993	5351940096
1789449998	5351940096
1789450003	5351940096
1789450008	5351940096
1789450013	5351940096
1789450018	5351940096
1789450023	5351940096
1789450028	5351940096
1789450033	5351940096
1789450038	5351940096
1789450043	5351940096
1789450048	5351940096
1789450053	5351940096
1789450058	5351940096
1789450063	5351940096
1789450068	5351940096
1789450074	5351940096
1789450079	5351940096
1789450084	5351940096
1789450089	5351940096
1789450094	5351940096
1789450099	5351940096
1789450104	5351940096
1789450109	5351940096
1789450114	5351940096
1789450119	5351940096
1789450124	5351940096
1789450129	5351940096
1789450134	5351940096
1789450139	5351940096
1789450144	5351940096
1789450149	5351940096
1789450154	5351940096
1789450159	5351940096
1789450164	5351940096
1789450169	5351940096
1789450174	5351940096
1789450179	5351940096
1789450184	5351940096
1789450189	5351940096
1789450194	5351940096
1789450199	5351940096
1789450204	5351940096
1789450209	5351940096
1789450214	5351940096
1789450219	5351940096
1789450224	5351940096
1789450229	5351940096
1789450234	5351940096
1789450239	5351940096
1789450244	5351940096
1789450249	5351940096
1789450254	5351940096
1789450259	5351940096
1789450264	5351940096
1789450269	5351940096
1789450274	5351940096
1789450279	5351940096
1789450284	5351940096
1789450289	5351940096
1789450294	5351940096
1789450299	5351940096
1789450304	5351940096
1789450309	5351940096
1789450314	5351940096
1789450319	5351940096
1789450324	5351940096
1789450329	5351940096
1789450334	5351940096
1789450339	5351940096
1789450344	5351944192
1789450349	5351944192
1789450354	5351944192
1789450359	5351944192
1789450364	5351944192
1789450369	5351944192
1789450374	5351944192
1789450379	5351944192
1789450384	5351944192
1789450389	5351944192
1789450394	5351944192
1789450399	5351944192
1789450404	5351944192
1789450409	5351944192
1789450414	5351944192
1789450419	5351944192
1789450424	5351944192
1789450429	5351944192
1789450434	5351944192
1789450439	5351944192
1789450444	5351944192
1789450449	5351944192
1789450454	5351944192
1789450459	5351944192
1789450464	5351944192
1789450469	5351944192
1789450474	5351944192
1789450479	5351944192
1789450484	5351944192
1789450489	5351944192
1789450494	5351944192
1789450499	5351944192
1789450504	5351944192
1789450509	5351944192
1789450514	5351944192
1789450519	5351944192
1789450524	5351944192
1789450529	5351944192
1789450534	5351944192
1789450539	5351944192
1789450544	5351944192
1789450549	5351944192
1789450554	5351944192
1789450559	5351944192
1789450564	5351944192
1789450569	5351944192
1789450574	5351944192
1789450579	5351944192
1789450584	5351944192
1789450589	5351944192
1789450594	5351944192
1789450599	5351944192
1789450605	5351944192
1789450610	5351944192
1789450615	5351944192
1789450620	5351944192
1789450625	5351944192
1789450630	5351944192
1789450635	5351944192
1789450640	5351944192
1789450645	5351944192
1789450650	5351944192
1789450655	5351944192
1789450660	5351944192
1789450665	5351944192
1789450670	5351944192
1789450675	5351944192
1789450680	5351944192
1789450685	5351944192
1789450690	5351944192
1789450695	5351944192
1789450700	5351944192
1789450705	5351944192
1789450710	5351944192
1789450715	5351944192
1789450720	5351944192
1789450725	5351944192
1789450730	5351944192
1789450735	5351944192
1789450740	5351944192
1789450745	5351944192
1789450750	5351944192
1789450755	5351944192
1789450760	5351944192
1789450765	5351944192
1789450770	5351944192
1789450775	5351944192
1789450780	5351948288
1789450785	5351948288
1789450790	5351948288
1789450795	5351948288
1789450800	5351948288
1789450805	5351948288
1789450810	5351948288
1789450815	5351948288
1789450820	5351948288
1789450825	5351948288
1789450830	5351948288
1789450835	5351948288
1789450840	5351948288
1789450845	5351948288
1789450850	5351948288
1789450855	5351948288
1789450860	5351948288
1789450865	5351948288
1789450870	5351948288
1789450875	5351948288
1789450880	5351948288
1789450885	5351948288
1789450890	5351948288
1789450895	5351948288
1789450900	5351948288
1789450905	5351948288
1789450910	5351948288
1789450915	5351948288
1789450920	5351948288
1789450925	5351948288
1789450930	5351948288
1789450935	5351948288
1789450940	5351948288
1789450945	5351948288
1789450950	5351948288
1789450955	5351948288
1789450960	5351948288
1789450965	5351948288
1789450970	5351948288
1789450975	5351948288
1789450980	5351948288
1789450985	5351948288
1789450990	5351948288
1789450995	5351948288
1789451000	5351948288
1789451005	5351948288
1789451010	5351948288
1789451015	5351948288
1789451020	5351948288
1789451025	5351948288
1789451030	5351948288
1789451035	5351948288
1789451040	5351948288
1789451045	5351948288
1789451050	5351948288
1789451055	5351948288
1789451060	5351948288
1789451065	5351948288
1789451070	5351948288
1789451075	5351948288
1789451080	5351948288
1789451085	5351948288
1789451090	5351948288
1789451095	5351948288
1789451100	5351948288
1789451105	5351948288
1789451110	5351948288
1789451115	5351948288
1789451120	5351948288
1789451125	5351948288
1789451130	5351948288
1789451136	5351948288
1789451141	5351948288
1789451146	5351948288
1789451151	5351948288
1789451156	5351948288
1789451161	5351948288
1789451166	5351952384
1789451171	5351952384
1789451176	5351952384
1789451181	5351952384
1789451186	5351952384
1789451191	5351952384
1789451196	5351952384
1789451201	5351952384
1789451206	5351952384
1789451211	5351952384
1789451216	5351952384
1789451221	5351952384
1789451226	5351952384
1789451231	5351952384
1789451236	5351952384
1789451241	5351952384
1789451246	5351952384
1789451251	5351952384
1789451256	5351952384
1789451261	5351952384
1789451266	5351952384
1789451271	5351952384
1789451276	5351952384
1789451281	5351952384
1789451286	5351952384
1789451291	5351952384
1789451296	5351952384
1789451301	5351952384
1789451306	5351952384
1789451311	5351952384
1789451316	5351952384
1789451321	5351952384
1789451326	5351952384
1789451331	5351952384
1789451336	5351952384
1789451341	5351952384
1789451346	5351952384
1789451351	5351952384
1789451356	5351952384
1789451361	5351952384
1789451366	5351952384
1789451371	5351952384
1789451376	5351952384
1789451381	5351952384
1789451386	5351952384
1789451391	5351952384
1789451396	5351952384
1789451401	5351952384
1789451406	5351952384
1789451411	5351952384
1789451416	5351952384
1789451421	5351952384
1789451426	5351952384
1789451431	5351952384
1789451436	5351952384
1789451441	5351952384
1789451446	5351952384
1789451451	5351952384
1789451456	5351952384
1789451461	5351952384
1789451466	5351952384
1789451471	5351952384
1789451476	5351952384
1789451481	5351952384
1789451486	5351952384
1789451491	5351952384
1789451496	5351952384
1789451501	5351952384
1789451506	5351952384
1789451511	5351952384
1789451516	5351952384
1789451521	5351952384
1789451526	5351952384
1789451531	5351952384
1789451536	5351952384
1789451541	5351952384
1789451546	5351952384
1789451551	5351952384
1789451556	5351952384
1789451561	5351952384
1789451566	5351952384
1789451571	5351952384
1789451576	5351952384
1789451581	5351952384
1789451586	5351952384
1789451591	5351952384
1789451596	5351956480
1789451601	5351956480
1789451606	5351956480
1789451611	5351956480
1789451616	5351956480
1789451621	5351956480
1789451626	5351956480
1789451631	5351956480
1789451636	5351956480
1789451641	5351956480
1789451646	5351956480
1789451651	5351956480
1789451656	5351956480
1789451661	5351956480
1789451666	5351956480
1789451671	5351956480
1789451676	5351956480
1789451682	5351956480
1789451687	5351956480
1789451692	5351956480
1789451697	5351956480
1789451702	5351956480
1789451707	5351956480
1789451712	5351956480
1789451717	5351956480
1789451722	5351956480
1789451727	5351956480
1789451732	5351956480
1789451737	5351956480
1789451742	5351956480
1789451747	5351956480
1789451752	5351956480
1789451757	5351956480
1789451762	5351956480
1789451767	5351956480
1789451772	5351956480
1789451777	5351956480
1789451782	5351956480
1789451787	5351956480
1789451792	5351956480
1789451797	5351956480
1789451802	5351956480
1789451807	5351956480
1789451812	5351956480
1789451817	5351956480
1789451822	5351956480
1789451827	5351956480
1789451832	5351956480
1789451837	5351956480
1789451842	5351956480
1789451847	5351956480
1789451852	5351956480
1789451857	5351956480
1789451862	5351956480
1789451867	5351956480
1789451872	5351956480
1789451877	5351956480
1789451882	5351956480
1789451887	5351956480
1789451892	5351956480
1789451897	5351956480
1789451902	5351956480
1789451907	5351956480
1789451912	5351956480
1789451917	5351956480
1789451922	5351956480
1789451927	5351956480
1789451932	5351956480
1789451937	5351956480
1789451942	5351956480
1789451947	5351956480
1789451952	5351956480
1789451957	5351956480
1789451962	5351956480
1789451967	5351956480
1789451972	5351960576
1789451977	5351960576
1789451982	5351960576
1789451987	5351960576
1789451992	5351960576
1789451997	5351960576
1789452002	5351960576
1789452007	5351960576
1789452012	5351960576
1789452017	5351960576
1789452022	5351960576
1789452027	5351960576
1789452032	5351960576
1789452037	5351960576
1789452042	5351960576
1789452047	5351960576
1789452052	5351960576
1789452057	5351960576
1789452062	5351960576
1789452067	5351960576
1789452072	5351960576
1789452077	5351960576
1789452082	5351960576
1789452087	5351960576
1789452092	5351960576
1789452097	5351960576
1789452102	5351960576
1789452107	5351960576
1789452112	5351960576
1789452117	5351960576
1789452122	5351960576
1789452127	5351960576
1789452132	5351960576
1789452137	5351960576
1789452142	5351960576
1789452147	5351960576
1789452153	5351960576
1789452158	5351960576
1789452163	5351960576
1789452168	5351960576
1789452173	5351960576
1789452178	5351960576
1789452183	5351960576
1789452188	5351960576
1789452193	5351960576
1789452198	5351960576
1789452203	5351960576
1789452208	5351960576
1789452213	5351960576
1789452218	5351960576
1789452223	5351960576
1789452228	5351960576
1789452233	5351960576
1789452238	5351960576
1789452243	5351960576
1789452248	5351960576
1789452253	5351960576
1789452258	5351960576
1789452263	5351960576
1789452268	5351960576
1789452273	5351960576
1789452278	5351960576
1789452283	5351960576
1789452288	5351960576
1789452293	5351960576
1789452298	5351960576
1789452303	5351960576
1789452308	5351960576
1789452313	5351960576
1789452318	5351960576
1789452323	5351960576
1789452328	5351960576
1789452333	5351960576
1789452338	5351960576
1789452343	5351960576
1789452348	5351960576
1789452353	5351960576
1789452358	5351960576
1789452363	5351960576
1789452368	5351960576
1789452373	5351960576
1789452378	5351960576
1789452383	5351960576
1789452388	5351960576
1789452393	5351960576
1789452398	5351964672
1789452403	5351964672
1789452408	5351964672
1789452413	5351964672
1789452418	5351964672
1789452423	5351964672
1789452428	5351964672
1789452433	5351964672
1789452438	5351964672
1789452443	5351964672
1789452448	5351964672
1789452453	5351964672
1789452458	5351964672
1789452463	5351964672
1789452468	5351964672
1789452473	5351964672
1789452478	5351964672
1789452483	5351964672
1789452488	5351964672
1789452493	5351964672
1789452498	5351964672
1789452503	5351964672
1789452508	5351964672
1789452513	5351964672
1789452518	5351964672
1789452523	5351964672
1789452528	5351964672
1789452533	5351964672
1789452538	5351964672
1789452543	5351964672
1789452548	5351964672
1789452553	5351964672
1789452558	5351964672
1789452563	5351964672
1789452568	5351964672
1789452573	5351964672
1789452578	5351964672
1789452583	5351964672
1789452588	5351964672
1789452593	5351964672
1789452598	5351964672
1789452603	5351964672
1789452608	5351964672
1789452613	5351964672
1789452618	5351964672
1789452623	5351964672
1789452628	5351964672
1789452633	5351964672
1789452638	5351964672
1789452643	5351964672
1789452648	5351964672
1789452653	5351964672
1789452658	5351964672
1789452663	5351964672
1789452668	5351964672
1789452673	5351964672
1789452679	5351964672
1789452684	5351964672
1789452689	5351964672
1789452694	5351964672
1789452699	5351964672
1789452704	5351964672
1789452709	5351964672
1789452714	5351964672
1789452719	5351964672
1789452724	5351964672
1789452729	5351964672
1789452734	5351964672
1789452739	5351964672
1789452744	5351964672
1789452749	5351964672
1789452754	5351964672
1789452759	5351964672
1789452764	5351964672
1789452769	5351964672
1789452774	5351968768
1789452779	5351968768
1789452784	5351968768
1789452789	5351968768
1789452794	5351968768
1789452799	5351968768
1789452804	5351968768
1789452809	5351968768
1789452814	5351968768
1789452819	5351968768
1789452824	5351968768
1789452829	5351968768
1789452834	5351968768
1789452839	5351968768
1789452844	5351968768
1789452849	5351968768
1789452854	5351968768
1789452859	5351968768
1789452864	5351968768
1789452869	5351968768
1789452874	5351968768
1789452879	5351968768
1789452884	5351968768
1789452889	5351968768
1789452894	5351968768
1789452899	5351968768
1789452904	5351968768
1789452909	5351968768
1789452914	5351968768
1789452919	5351968768
1789452924	5351968768
1789452929	5351968768
1789452934	5351968768
1789452939	5351968768
1789452944	5351968768
1789452949	5351968768
1789452954	5351968768
1789452959	5351968768
1789452964	5351968768
1789452969	5351968768
1789452974	5351968768
1789452979	5351968768
1789452984	5351968768
1789452989	5351968768
1789452994	5351968768
1789452999	5351968768
1789453004	5351968768
1789453009	5351968768
1789453014	5351968768
1789453019	5351968768
1789453024	5351968768
1789453029	5351968768
1789453034	5351968768
1789453039	5351968768
1789453044	5351968768
1789453049	5351968768
1789453054	5351968768
1789453059	5351968768
1789453064	5351968768
1789453069	5351968768
1789453074	5351968768
1789453079	5351968768
1789453084	5351968768
1789453089	5351968768
1789453094	5351968768
1789453099	5351968768
1789453104	5351968768
1789453109	5351968768
1789453114	5351968768
1789453119	5351968768
1789453124	5351968768
1789453129	5351968768
1789453134	5351968768
1789453139	5351968768
1789453144	5351968768
1789453149	5351968768
1789453154	5351968768
1789453159	5351968768
1789453164	5351968768
1789453169	5351968768
1789453174	5351968768
1789453179	5351968768
1789453184	5351968768
1789453189	5351968768
1789453194	5351968768
1789453199	5351968768
1789453204	5351972864
1789453209	5351972864
1789453214	5351972864
1789453219	5351972864
1789453225	5351972864
1789453230	5351972864
1789453235	5351972864
1789453240	5351972864
1789453245	5351972864
1789453250	5351972864
1789453255	5351972864
1789453260	5351972864
1789453265	5351972864
1789453270	5351972864
1789453275	5351972864
1789453280	5351972864
1789453285	5351972864
1789453290	5351972864
1789453295	5351972864
1789453300	5351972864
1789453305	5351972864
1789453310	5351972864
1789453315	5351972864
1789453320	5351972864
1789453325	5351972864
1789453330	5351972864
1789453335	5351972864
1789453340	5351972864
1789453345	5351972864
1789453350	5351972864
1789453355	5351972864
1789453360	5351972864
1789453365	5351972864
1789453370	5351972864
1789453375	5351972864
1789453380	5351972864
1789453385	5351972864
1789453390	5351972864
1789453395	5351972864
1789453400	5351972864
1789453405	5351972864
1789453410	5351972864
1789453415	5351972864
1789453420	5351972864
1789453425	5351972864
1789453430	5351972864
1789453435	5351972864
1789453440	5351972864
1789453445	5351972864
1789453450	5351972864
1789453455	5351972864
1789453460	5351972864
1789453465	5351972864
1789453470	5351972864
1789453475	5351976960
1789453480	5351976960
1789453485	5351976960
1789453490	5351976960
1789453495	5351976960
1789453500	5351976960
1789453505	5351976960
1789453510	5351976960
1789453515	5351976960
1789453520	5351976960
1789453525	5351976960
1789453530	5351976960
1789453535	5351976960
1789453540	5351976960
1789453545	5351976960
1789453550	5351976960
1789453555	5351976960
1789453560	5351976960
1789453565	5351976960
1789453570	5351976960
1789453575	5351976960
1789453580	5351976960
1789453585	5351976960
1789453590	5351976960
1789453595	5351976960
1789453600	5351976960
1789453605	5351976960
1789453610	5351976960
1789453615	5351976960
1789453620	5351976960
1789453625	5351976960
1789453630	5351976960
1789453635	5351976960
1789453640	5351976960
1789453645	5351976960
1789453650	5351976960
1789453655	5351976960
1789453660	5351976960
1789453665	5351976960
1789453670	5351976960
1789453675	5351976960
1789453680	5351976960
1789453685	5351976960
1789453690	5351976960
1789453695	5351976960
1789453700	5351976960
1789453705	5351976960
1789453710	5351976960
1789453715	5351976960
1789453720	5351976960
1789453725	5351976960
1789453730	5351976960
1789453735	5351981056
1789453740	5351981056
1789453745	5351981056
1789453750	5351981056
1789453755	5351981056
1789453760	5351981056
1789453765	5351981056
1789453770	5351981056
1789453775	5351981056
1789453780	5351981056
1789453785	5351981056
1789453790	5351981056
1789453795	5351981056
1789453800	5351981056
1789453805	5351981056
1789453811	5351981056
1789453816	5351981056
1789453821	5351981056
1789453826	5351981056
1789453831	5351981056
1789453836	5351981056
1789453841	5351981056
1789453846	5351981056
1789453851	5351981056
1789453856	5351981056
1789453861	5351981056
1789453866	5351981056
1789453871	5351981056
1789453876	5351981056
1789453881	5351981056
1789453886	5351981056
1789453891	5351981056
1789453896	5351981056
1789453901	5351981056
1789453906	5351981056
1789453911	5351981056
1789453916	5351981056
1789453921	5351981056
1789453926	5351981056
1789453931	5351981056
1789453936	5351981056
1789453941	5351981056
1789453946	5351981056
1789453951	5351981056
1789453956	5351981056
1789453961	5351981056
1789453966	5351981056
1789453971	5351981056
1789453976	5351981056
1789453981	5351981056
1789453986	5351981056
1789453991	5351981056
1789453996	5351985152
1789454001	5351985152
1789454006	5351985152
1789454011	5351985152
1789454016	5351985152
1789454021	5351985152
1789454026	5351985152
1789454031	5351985152
1789454036	5351985152
1789454041	5351985152
1789454046	5351985152
1789454051	5351985152
1789454056	5351985152
1789454061	5351985152
1789454066	5351985152
1789454071	5351985152
1789454076	5351985152
1789454081	5351985152
1789454086	5351985152
1789454091	5351985152
1789454096	5351985152
1789454101	5351985152
1789454106	5351985152
1789454111	5351985152
1789454116	5351985152
1789454121	5351985152
1789454126	5351985152
1789454131	5351985152
1789454136	5351985152
1789454141	5351985152
1789454146	5351985152
1789454151	5351985152
1789454156	5351985152
1789454161	5351985152
1789454166	5351985152
1789454171	5351985152
1789454176	5351985152
1789454181	5351985152
1789454186	5351985152
1789454191	5351985152
1789454196	5351985152
1789454201	5351985152
1789454206	5351985152
1789454211	5351985152
1789454216	5351985152
1789454221	5351985152
1789454226	5351985152
1789454231	5351985152
1789454236	5351985152
1789454241	5351985152
1789454246	5351985152
1789454251	5351989248
1789454256	5351989248
1789454261	5351989248
1789454266	5351989248
1789454271	5351989248
1789454276	5351989248
1789454281	5351989248
1789454286	5351989248
1789454291	5351989248
1789454296	5351989248
1789454301	5351989248
1789454306	5351989248
1789454311	5351989248
1789454316	5351989248
1789454321	5351989248
1789454326	5351989248
1789454331	5351989248
1789454336	5351989248
1789454341	5351989248
1789454346	5351989248
1789454351	5351989248
1789454356	5351989248
1789454361	5351989248
1789454366	5351989248
1789454371	5351989248
1789454376	5351989248
1789454381	5351989248
1789454387	5351989248
1789454392	5351989248
1789454397	5351989248
1789454402	5351989248
1789454407	5351989248
1789454412	5351989248
1789454417	5351989248
1789454422	5351989248
1789454427	5351989248
1789454432	5351989248
1789454437	5351989248
1789454442	5351989248
1789454447	5351989248
1789454452	5351989248
1789454457	5351989248
1789454462	5351989248
1789454467	5351989248
1789454472	5351989248
1789454477	5351989248
1789454482	5351989248
1789454487	5351989248
1789454492	5351989248
1789454497	5351989248
1789454502	5351989248
1789454507	5351993344
1789454512	5351993344
1789454517	5351993344
1789454522	5351993344
1789454527	5351993344
1789454532	5351993344
1789454537	5351993344
1789454542	5351993344
1789454547	5351993344
1789454552	5351993344
1789454557	5351993344
1789454562	5351993344
1789454567	5351993344
1789454572	5351993344
1789454577	5351993344
1789454582	5351993344
1789454587	5351993344
1789454592	5351993344
1789454597	5351993344
1789454602	5351993344
1789454607	5351993344
1789454612	5351993344
1789454617	5351993344
1789454622	5351993344
1789454627	5351993344
1789454632	5351993344
1789454637	5351993344
1789454642	5351993344
1789454647	5351993344
1789454652	5351993344
1789454657	5351993344
1789454662	5351993344
1789454667	5351993344
1789454672	5351993344
1789454677	5351993344
1789454682	5351993344
1789454687	5351993344
1789454692	5351993344
1789454697	5351993344
1789454702	5351993344
1789454707	5351993344
1789454712	5351993344
1789454717	5351993344
1789454722	5351993344
1789454727	5351993344
1789454732	5351993344
1789454737	5351993344
1789454742	5351993344
1789454747	5351993344
1789454752	5351993344
1789454757	5351993344
1789454762	5351993344
1789454767	5351993344
1789454772	5351997440
1789454777	5351997440
1789454782	5351997440
1789454787	5351997440
1789454792	5351997440
1789454797	5351997440
1789454802	5351997440
1789454807	5351997440
1789454812	5351997440
1789454817	5351997440
1789454822	5351997440
1789454827	5351997440
1789454832	5351997440
1789454837	5351997440
1789454842	5351997440
1789454847	5351997440
1789454852	5351997440
1789454857	5351997440
1789454862	5351997440
1789454867	5351997440
1789454872	5351997440
1789454877	5351997440
1789454882	5351997440
1789454887	5351997440
1789454892	5351997440
1789454897	5351997440
1789454902	5351997440
1789454907	5351997440
1789454912	5351997440
1789454917	5351997440
1789454922	5351997440
1789454927	5351997440
1789454932	5351997440
1789454937	5351997440
1789454942	5351997440
1789454947	5351997440
1789454952	5351997440
1789454957	5351997440
1789454962	5351997440
1789454968	5351997440
1789454973	5351997440
1789454978	5351997440
1789454983	5351997440
1789454988	5351997440
1789454993	5351997440
1789454998	5351997440
1789455003	5351997440
1789455008	5351997440
1789455013	5351997440
1789455018	5351997440
1789455023	5351997440
1789455028	5352001536
1789455033	5352001536
1789455038	5352001536
1789455043	5352001536
1789455048	5352001536
1789455053	5352001536
1789455058	5352001536
1789455063	5352001536
1789455068	5352001536
1789455073	5352001536
1789455078	5352001536
1789455083	5352001536
1789455088	5352001536
1789455093	5352001536
1789455098	5352001536
1789455103	5352001536
1789455108	5352001536
1789455113	5352001536
1789455118	5352001536
1789455123	5352001536
1789455128	5352001536
1789455133	5352001536
1789455138	5352001536
1789455143	5352001536
1789455148	5352001536
1789455153	5352001536
1789455158	5352001536
1789455163	5352001536
1789455168	5352001536
1789455173	5352001536
1789455178	5352001536
1789455183	5352001536
1789455188	5352001536
1789455193	5352001536
1789455198	5352001536
1789455203	5352001536
1789455208	5352001536
1789455213	5352001536
1789455218	5352001536
1789455223	5352001536
1789455228	5352001536
1789455233	5352001536
1789455238	5352001536
1789455243	5352001536
1789455248	5352001536
1789455253	5352001536
1789455258	5352001536
1789455263	5352001536
1789455268	5352001536
1789455273	5352001536
1789455278	5352001536
1789455283	5352001536
1789455288	5352001536
1789455293	5352005632
1789455298	5352005632
1789455303	5352005632
1789455308	5352005632
1789455313	5352005632
1789455318	5352005632
1789455323	5352005632
1789455328	5352005632
1789455333	5352005632
1789455338	5352005632
1789455343	5352005632
1789455348	5352005632
1789455353	5352005632
1789455358	5352005632
1789455363	5352005632
1789455368	5352005632
1789455373	5352005632
1789455378	5352005632
1789455383	5352005632
1789455388	5352005632
1789455393	5352005632
1789455398	5352005632
1789455403	5352005632
1789455408	5352005632
1789455413	5352005632
1789455418	5352005632
1789455423	5352005632
1789455428	5352005632
1789455433	5352005632
1789455438	5352005632
1789455443	5352005632
1789455448	5352005632
1789455453	5352005632
1789455458	5352005632
1789455463	5352005632
1789455468	5352005632
1789455473	5352005632
1789455478	5352005632
1789455483	5352005632
1789455488	5352005632
1789455493	5352005632
1789455498	5352005632
1789455503	5352005632
1789455508	5352005632
1789455513	5352005632
1789455518	5352005632
1789455523	5352005632
1789455528	5352005632
1789455533	5352005632
1789455538	5352005632
1789455543	5352009728
1789455548	5352009728
1789455553	5352009728
1789455558	5352009728
1789455563	5352009728
1789455569	5352009728
1789455574	5352009728
1789455579	5352009728
1789455584	5352009728
1789455589	5352009728
1789455594	5352009728
1789455599	5352009728
1789455604	5352009728
1789455609	5352009728
1789455614	5352009728
1789455619	5352009728
1789455624	5352009728
1789455629	5352009728
1789455634	5352009728
1789455639	5352009728
1789455644	5352009728
1789455649	5352009728
1789455654	5352009728
1789455659	5352009728
1789455664	5352009728
1789455669	5352009728
1789455674	5352009728
1789455679	5352009728
1789455684	5352009728
1789455689	5352009728
1789455694	5352009728
1789455699	5352009728
1789455704	5352009728
1789455709	5352009728
1789455714	5352009728
1789455719	5352009728
1789455724	5352009728
1789455729	5352009728
1789455734	5352009728
1789455739	5352009728
1789455744	5352009728
1789455749	5352009728
1789455754	5352009728
1789455759	5352009728
1789455764	5352009728
1789455769	5352009728
1789455774	5352009728
1789455779	5352009728
1789455784	5352009728
1789455789	5352009728
1789455794	5352009728
1789455799	5352009728
1789455804	5352009728
1789455809	5352013824
1789455814	5352013824
1789455819	5352013824
1789455824	5352013824
1789455829	5352013824
1789455834	5352013824
1789455839	5352013824
1789455844	5352013824
1789455849	5352013824
1789455854	5352013824
1789455859	5352013824
1789455864	5352013824
1789455869	5352013824
1789455874	5352013824
1789455879	5352013824
1789455884	5352013824
1789455889	5352013824
1789455894	5352013824
1789455899	5352013824
1789455904	5352013824
1789455909	5352013824
1789455914	5352013824
1789455919	5352013824
1789455924	5352013824
1789455929	5352013824
1789455934	5352013824
1789455939	5352013824
1789455944	5352013824
1789455949	5352013824
1789455954	5352013824
1789455959	5352013824
1789455964	5352013824
1789455969	5352013824
1789455974	5352013824
1789455979	5352013824
1789455984	5352013824
1789455989	5352013824
1789455994	5352013824
1789455999	5352013824
1789456004	5352013824
1789456009	5352013824
1789456014	5352013824
1789456019	5352013824
1789456024	5352013824
1789456029	5352013824
1789456034	5352013824
1789456039	5352013824
1789456044	5352013824
1789456049	5352013824
1789456054	5352013824
1789456059	5352017920
1789456064	5352017920
1789456069	5352017920
1789456074	5352017920
1789456079	5352017920
1789456084	5352017920
1789456089	5352017920
1789456094	5352017920
1789456099	5352017920
1789456104	5352017920
1789456109	5352017920
1789456114	5352017920
1789456119	5352017920
1789456124	5352017920
1789456129	5352017920
1789456134	5352017920
1789456139	5352017920
1789456144	5352017920
1789456149	5352017920
1789456155	5352017920
1789456160	5352017920
1789456165	5352017920
1789456170	5352017920
1789456175	5352017920
1789456180	5352017920
1789456185	5352017920
1789456190	5352017920
1789456195	5352017920
1789456200	5352017920
1789456205	5352017920
1789456210	5352017920
1789456215	5352017920
1789456220	5352017920
1789456225	5352017920
1789456230	5352017920
1789456235	5352017920
1789456240	5352017920
1789456245	5352017920
1789456250	5352017920
1789456255	5352017920
1789456260	5352017920
1789456265	5352017920
1789456270	5352017920
1789456275	5352017920
1789456280	5352017920
1789456285	5352017920
1789456290	5352017920
1789456295	5352017920
1789456300	5352017920
1789456305	5352017920
1789456310	5352017920
1789456315	5352017920
1789456320	5352022016
1789456325	5352022016
1789456330	5352022016
1789456335	5352022016
1789456340	5352022016
1789456345	5352022016
1789456350	5352022016
1789456355	5352022016
1789456360	5352022016
1789456365	5352022016
1789456370	5352022016
1789456375	5352022016
1789456380	5352022016
1789456385	5352022016
1789456390	5352022016
1789456395	5352022016
1789456400	5352022016
1789456405	5352022016
1789456410	5352022016
1789456415	5352022016
1789456420	5352022016
1789456425	5352022016
1789456430	5352022016
1789456435	5352022016
1789456440	5352022016
1789456445	5352022016
1789456450	5352022016
1789456455	5352022016
1789456460	5352022016
1789456465	5352022016
1789456470	5352022016
1789456475	5352022016
1789456480	5352022016
1789456485	5352022016
1789456490	5352022016
1789456495	5352022016
1789456500	5352022016
1789456505	5352022016
1789456510	5352022016
1789456515	5352022016
1789456520	5352022016
1789456525	5352022016
1789456530	5352022016
1789456535	5352026112
1789456540	5352026112
1789456545	5352026112
1789456550	5352026112
1789456555	5352026112
1789456560	5352026112
1789456565	5352026112
1789456570	5352026112
1789456575	5352026112
1789456580	5352026112
1789456585	5352026112
1789456590	5352026112
1789456595	5352026112
1789456600	5352026112
1789456605	5352026112
1789456610	5352026112
1789456615	5352026112
1789456620	5352026112
1789456625	5352026112
1789456630	5352026112
1789456635	5352026112
1789456640	5352026112
1789456645	5352026112
1789456650	5352026112
1789456655	5352026112
1789456660	5352026112
1789456665	5352026112
1789456670	5352026112
1789456675	5352026112
1789456680	5352026112
1789456685	5352026112
1789456690	5352026112
1789456695	5352026112
1789456700	5352026112
1789456705	5352026112
1789456710	5352026112
1789456715	5352026112
1789456720	5352026112
1789456725	5352026112
1789456731	5352026112
1789456736	5352026112
1789456741	5352026112
1789456746	5352026112
1789456751	5352026112
1789456756	5352026112
1789456761	5352026112
1789456766	5352026112
1789456771	5352026112
1789456776	5352026112
1789456781	5352026112
1789456786	5352026112
1789456791	5352026112
1789456796	5352026112
1789456801	5352026112
1789456806	5352026112
1789456811	5352026112
1789456816	5352026112
1789456821	5352026112
1789456826	5352026112
1789456831	5352026112
1789456836	5352026112
1789456841	5352030208
1789456846	5352030208
1789456851	5352030208
1789456856	5352030208
1789456861	5352030208
1789456866	5352030208
1789456871	5352030208
1789456876	5352030208
1789456881	5352030208
1789456886	5352030208
1789456891	5352030208
1789456896	5352030208
1789456901	5352030208
1789456906	5352030208
1789456911	5352030208
1789456916	5352030208
1789456921	5352030208
1789456926	5352030208
1789456931	5352030208
1789456936	5352030208
1789456941	5352030208
1789456946	5352030208
1789456951	5352030208
1789456956	5352030208
1789456961	5352030208
1789456966	5352030208
1789456971	5352030208
1789456976	5352030208
1789456981	5352030208
1789456986	5352030208
1789456991	5352030208
1789456996	5352030208
1789457001	5352030208
1789457006	5352030208
1789457011	5352030208
1789457016	5352030208
1789457021	5352030208
1789457026	5352030208
1789457031	5352030208
1789457036	5352030208
1789457041	5352030208
1789457046	5352030208
1789457051	5352034304
1789457056	5352034304
1789457061	5352034304
1789457066	5352034304
1789457071	5352034304
1789457076	5352034304
1789457081	5352034304
1789457086	5352034304
1789457091	5352034304
1789457096	5352034304
1789457101	5352034304
1789457106	5352034304
1789457111	5352034304
1789457116	5352034304
1789457121	5352034304
1789457126	5352034304
1789457131	5352034304
1789457136	5352034304
1789457141	5352034304
1789457146	5352034304
1789457151	5352034304
1789457156	5352034304
1789457161	5352034304
1789457166	5352034304
1789457171	5352034304
1789457176	5352034304
1789457181	5352034304
1789457186	5352034304
1789457191	5352034304
1789457196	5352034304
1789457201	5352034304
1789457206	5352034304
1789457211	5352034304
1789457216	5352034304
1789457221	5352034304
1789457226	5352034304
1789457231	5352034304
1789457236	5352034304
1789457241	5352034304
1789457246	5352034304
1789457251	5352034304
1789457256	5352034304
1789457261	5352034304
1789457266	5352034304
1789457271	5352034304
1789457276	5352034304
1789457281	5352034304
1789457286	5352034304
1789457291	5352034304
1789457296	5352034304
1789457301	5352034304
1789457306	5352034304
1789457312	5352034304
1789457317	5352034304
1789457322	5352034304
1789457327	5352034304
1789457332	5352034304
1789457337	5352034304
1789457342	5352034304
1789457347	5352034304
1789457352	5352034304
1789457357	5352034304
1789457362	5352034304
1789457367	5352034304
1789457372	5352034304
1789457377	5352034304
1789457382	5352034304
1789457387	5352034304
1789457392	5352038400
1789457397	5352038400
1789457402	5352038400
1789457407	5352038400
1789457412	5352038400
1789457417	5352038400
1789457422	5352038400
1789457427	5352038400
1789457432	5352038400
1789457437	5352038400
1789457442	5352038400
1789457447	5352038400
1789457452	5352038400
1789457457	5352038400
1789457462	5352038400
1789457467	5352038400
1789457472	5352038400
1789457477	5352038400
1789457482	5352038400
1789457487	5352038400
1789457492	5352038400
1789457497	5352038400
1789457502	5352038400
1789457507	5352038400
1789457512	5352038400
1789457517	5352038400
1789457522	5352038400
1789457527	5352038400
1789457532	5352038400
1789457537	5352038400
1789457542	5352038400
1789457547	5352038400
1789457552	5352038400
1789457557	5352038400
1789457562	5352038400
1789457567	5352038400
1789457572	5352038400
1789457577	5352038400
1789457582	5352038400
1789457587	5352038400
1789457592	5352038400
1789457597	5352042496
1789457602	5352042496
1789457607	5352042496
1789457612	5352042496
1789457617	5352042496
1789457622	5352042496
1789457627	5352042496
1789457632	5352042496
1789457637	5352042496
1789457642	5352042496
1789457647	5352042496
1789457652	5352042496
1789457657	5352042496
1789457662	5352042496
1789457667	5352042496
1789457672	5352042496
1789457677	5352042496
1789457682	5352042496
1789457687	5352042496
1789457692	5352042496
1789457697	5352042496
1789457702	5352042496
1789457707	5352042496
1789457712	5352042496
1789457717	5352042496
1789457722	5352042496
1789457727	5352042496
1789457732	5352042496
1789457737	5352042496
1789457742	5352042496
1789457747	5352042496
1789457752	5352042496
1789457757	5352042496
1789457762	5352042496
1789457767	5352042496
1789457772	5352042496
1789457777	5352042496
1789457782	5352042496
1789457787	5352042496
1789457792	5352042496
1789457797	5352042496
1789457802	5352042496
1789457807	5352042496
1789457812	5352042496
1789457817	5352042496
1789457822	5352042496
1789457827	5352042496
1789457832	5352042496
1789457837	5352042496
1789457842	5352042496
1789457847	5352042496
1789457852	5352042496
1789457857	5352042496
1789457862	5352042496
1789457867	5352042496
1789457872	5352042496
1789457877	5352042496
1789457882	5352042496
1789457887	5352042496
1789457892	5352042496
1789457897	5352046592
1789457902	5352046592
1789457908	5352046592
1789457913	5352046592
1789457918	5352046592
1789457923	5352046592
1789457928	5352046592
1789457933	5352046592
1789457938	5352046592
1789457943	5352046592
1789457948	5352046592
1789457953	5352046592
1789457958	5352046592
1789457963	5352046592
1789457968	5352046592
1789457973	5352046592
1789457978	5352046592
1789457983	5352046592
1789457988	5352046592
1789457993	5352046592
1789457998	5352046592
1789458003	5352046592
1789458008	5352046592
1789458013	5352046592
1789458018	5352046592
1789458023	5352046592
1789458028	5352046592
1789458033	5352046592
1789458038	5352046592
1789458043	5352046592
1789458048	5352046592
1789458053	5352046592
1789458058	5352046592
1789458063	5352046592
1789458068	5352046592
1789458073	5352046592
1789458078	5352046592
1789458083	5352046592
1789458088	5352046592
1789458093	5352046592
1789458098	5352046592
1789458103	5352046592
1789458108	5352046592
1789458113	5352050688
1789458118	5352050688
1789458123	5352050688
1789458128	5352050688
1789458133	5352050688
1789458138	5352050688
1789458143	5352050688
1789458148	5352050688
1789458153	5352050688
1789458158	5352050688
1789458163	5352050688
1789458168	5352050688
1789458173	5352050688
1789458178	5352050688
1789458183	5352050688
1789458188	5352050688
1789458193	5352050688
1789458198	5352050688
1789458203	5352050688
1789458208	5352050688
1789458213	5352050688
1789458218	5352050688
1789458223	5352050688
1789458228	5352050688
1789458233	5352050688
1789458238	5352050688
1789458243	5352050688
1789458248	5352050688
1789458253	5352050688
1789458258	5352050688
1789458263	5352050688
1789458268	5352050688
1789458273	5352050688
1789458278	5352050688
1789458283	5352050688
1789458288	5352050688
1789458293	5352050688
1789458298	5352050688
1789458303	5352050688
1789458308	5352050688
1789458313	5352050688
1789458318	5352050688
1789458323	5352050688
1789458328	5352050688
1789458333	5352050688
1789458338	5352050688
1789458343	5352050688
1789458348	5352050688
1789458353	5352050688
1789458358	5352050688
1789458363	5352050688
1789458368	5352050688
1789458373	5352050688
1789458378	5352050688
1789458383	5352050688
1789458388	5352050688
1789458393	5352050688
1789458398	5352050688
1789458403	5352050688
1789458408	5352050688
1789458413	5352054784
1789458418	5352054784
1789458423	5352054784
1789458428	5352054784
1789458433	5352054784
1789458438	5352054784
1789458443	5352054784
1789458448	5352054784
1789458453	5352054784
1789458458	5352054784
1789458463	5352054784
1789458468	5352054784
1789458473	5352054784
1789458478	5352054784
1789458483	5352054784
1789458489	5352054784
1789458494	5352054784
1789458499	5352054784
1789458504	5352054784
1789458509	5352054784
1789458514	5352054784
1789458519	5352054784
1789458524	5352054784
1789458529	5352054784
1789458534	5352054784
1789458539	5352054784
1789458544	5352054784
1789458549	5352054784
1789458554	5352054784
1789458559	5352054784
1789458564	5352054784
1789458569	5352054784
1789458574	5352054784
1789458579	5352054784
1789458584	5352054784
1789458589	5352054784
1789458594	5352054784
1789458599	5352054784
1789458604	5352054784
1789458609	5352054784
1789458614	5352054784
1789458619	5352054784
1789458624	5352058880
1789458629	5352058880
1789458634	5352058880
1789458639	5352058880
1789458644	5352058880
1789458649	5352058880
1789458654	5352058880
1789458659	5352058880
1789458664	5352058880
1789458669	5352058880
1789458674	5352058880
1789458679	5352058880
1789458684	5352058880
1789458689	5352058880
1789458694	5352058880
1789458699	5352058880
1789458704	5352058880
1789458709	5352058880
1789458714	5352058880
1789458719	5352058880
1789458724	5352058880
1789458729	5352058880
1789458734	5352058880
1789458739	5352058880
1789458744	5352058880
1789458749	5352058880
1789458754	5352058880
1789458759	5352058880
1789458764	5352058880
1789458769	5352058880
1789458774	5352058880
1789458779	5352058880
1789458784	5352058880
1789458789	5352058880
1789458794	5352058880
1789458799	5352058880
1789458804	5352058880
1789458809	5352058880
1789458814	5352058880
1789458819	5352058880
1789458824	5352058880
1789458829	5352058880
1789458834	5352058880
1789458839	5352058880
1789458844	5352058880
1789458849	5352058880
1789458854	5352058880
1789458859	5352058880
1789458864	5352058880
1789458869	5352058880
1789458874	5352058880
1789458879	5352058880
1789458884	5352058880
1789458889	5352058880
1789458894	5352058880
1789458899	5352058880
1789458904	5352058880
1789458909	5352058880
1789458914	5352058880
1789458919	5352058880
1789458924	5352058880
1789458929	5352062976
1789458934	5352062976
1789458939	5352062976
1789458944	5352062976
1789458949	5352062976
1789458954	5352062976
1789458959	5352062976
1789458964	5352062976
1789458969	5352062976
1789458974	5352062976
1789458979	5352062976
1789458984	5352062976
1789458989	5352062976
1789458994	5352062976
1789458999	5352062976
1789459004	5352062976
1789459009	5352062976
1789459014	5352062976
1789459019	5352062976
1789459024	5352062976
1789459029	5352062976
1789459034	5352062976
1789459039	5352062976
1789459044	5352062976
1789459049	5352062976
1789459054	5352062976
1789459059	5352062976
1789459064	5352062976
1789459069	5352062976
1789459075	5352062976
1789459080	5352062976
1789459085	5352062976
1789459090	5352062976
1789459095	5352062976
1789459100	5352062976
1789459105	5352062976
1789459110	5352062976
1789459115	5352062976
1789459120	5352062976
1789459125	5352062976
1789459130	5352062976
1789459135	5352062976
1789459140	5352067072
1789459145	5352067072
1789459150	5352067072
1789459155	5352067072
1789459160	5352067072
1789459165	5352067072
1789459170	5352067072
1789459175	5352067072
1789459180	5352067072
1789459185	5352067072
1789459190	5352067072
1789459195	5352067072
1789459200	5352067072
1789459205	5352067072
1789459210	5352067072
1789459215	5352067072
1789459220	5352067072
1789459225	5352067072
1789459230	5352067072
1789459235	5352067072
1789459240	5352067072
1789459245	5352067072
1789459250	5352067072
1789459255	5352067072
1789459260	5352067072
1789459265	5352067072
1789459270	5352067072
1789459275	5352067072
1789459280	5352067072
1789459285	5352067072
1789459290	5352067072
1789459295	5352067072
1789459300	5352067072
1789459305	5352067072
1789459310	5352067072
1789459315	5352067072
1789459320	5352067072
1789459325	5352067072
1789459330	5352067072
1789459335	5352067072
1789459340	5352067072
1789459345	5352067072
1789459350	5352067072
1789459355	5352067072
1789459360	5352067072
1789459365	5352067072
1789459370	5352067072
1789459375	5352067072
1789459380	5352067072
1789459385	5352067072
1789459390	5352067072
1789459395	5352067072
1789459400	5352067072
1789459405	5352067072
1789459410	5352067072
1789459415	5352067072
1789459420	5352067072
1789459425	5352067072
1789459430	5352067072
1789459435	5352067072
1789459440	5352067072
1789459445	5352067072
1789459450	5352071168
1789459455	5352071168
1789459460	5352071168
1789459465	5352071168
1789459470	5352071168
1789459475	5352071168
1789459480	5352071168
1789459485	5352071168
1789459490	5352071168
1789459495	5352071168
1789459500	5352071168
1789459505	5352071168
1789459510	5352071168
1789459515	5352071168
1789459520	5352071168
1789459525	5352071168
1789459530	5352071168
1789459535	5352071168
1789459540	5352071168
1789459545	5352071168
1789459550	5352071168
1789459555	5352071168
1789459560	5352071168
1789459565	5352071168
1789459570	5352071168
1789459575	5352071168
1789459580	5352071168
1789459585	5352071168
1789459590	5352071168
1789459595	5352071168
1789459600	5352071168
1789459605	5352071168
1789459610	5352071168
1789459615	5352071168
1789459620	5352071168
1789459626	5352071168
1789459631	5352071168
1789459636	5352071168
1789459641	5352071168
1789459646	5352071168
1789459651	5352071168
1789459656	5352075264
1789459661	5352075264
1789459666	5352075264
1789459671	5352075264
1789459676	5352075264
1789459681	5352075264
1789459686	5352075264
1789459691	5352075264
1789459696	5352075264
1789459701	5352075264
1789459706	5352075264
1789459711	5352075264
1789459716	5352075264
1789459721	5352075264
1789459726	5352075264
1789459731	5352075264
1789459736	5352075264
1789459741	5352075264
1789459746	5352075264
1789459751	5352075264
1789459756	5352075264
1789459761	5352075264
1789459766	5352075264
1789459771	5352075264
1789459776	5352075264
1789459781	5352075264
1789459786	5352075264
1789459791	5352075264
1789459796	5352075264
1789459801	5352075264
1789459806	5352075264
1789459811	5352075264
1789459816	5352075264
1789459821	5352075264
1789459826	5352075264
1789459831	5352075264
1789459836	5352075264
1789459841	5352075264
1789459846	5352075264
1789459851	5352075264
1789459856	5352075264
1789459861	5352075264
1789459866	5352075264
1789459871	5352075264
1789459876	5352075264
1789459881	5352075264
1789459886	5352075264
1789459891	5352075264
1789459896	5352075264
1789459901	5352075264
1789459906	5352075264
1789459911	5352075264
1789459916	5352075264
1789459921	5352075264
1789459926	5352075264
1789459931	5352075264
1789459936	5352075264
1789459941	5352075264
1789459946	5352075264
1789459951	5352075264
1789459956	5352075264
1789459961	5352079360
1789459966	5352079360
1789459971	5352079360
1789459976	5352079360
1789459981	5352079360
1789459986	5352079360
1789459991	5352079360
1789459996	5352079360
1789460001	5352079360
1789460006	5352079360
1789460011	5352079360
1789460016	5352079360
1789460021	5352079360
1789460026	5352079360
1789460031	5352079360
1789460036	5352079360
1789460041	5352079360
1789460046	5352079360
1789460051	5352079360
1789460056	5352079360
1789460061	5352079360
1789460066	5352079360
1789460071	5352079360
1789460076	5352079360
1789460081	5352079360
1789460086	5352079360
1789460091	5352079360
1789460096	5352079360
1789460101	5352079360
1789460106	5352079360
1789460111	5352079360
1789460116	5352079360
1789460121	5352079360
1789460126	5352079360
1789460131	5352079360
1789460136	5352079360
1789460141	5352079360
1789460146	5352079360
1789460151	5352079360
1789460156	5352079360
1789460161	5352079360
1789460166	5352079360
1789460171	5352083456
1789460176	5352083456
1789460181	5352083456
1789460186	5352083456
1789460191	5352083456
1789460196	5352083456
1789460201	5352083456
1789460207	5352083456
1789460212	5352083456
1789460217	5352083456
1789460222	5352083456
1789460227	5352083456
1789460232	5352083456
1789460237	5352083456
1789460242	5352083456
1789460247	5352083456
1789460252	5352083456
1789460257	5352083456
1789460262	5352083456
1789460267	5352083456
1789460272	5352083456
1789460277	5352083456
1789460282	5352083456
1789460287	5352083456
1789460292	5352083456
1789460297	5352083456
1789460302	5352083456
1789460307	5352083456
1789460312	5352083456
1789460317	5352083456
1789460322	5352083456
1789460327	5352083456
1789460332	5352083456
1789460337	5352083456
1789460342	5352083456
1789460347	5352083456
1789460352	5352083456
1789460357	5352083456
1789460362	5352083456
1789460367	5352083456
1789460372	5352083456
1789460377	5352083456
1789460382	5352083456
1789460387	5352083456
1789460392	5352083456
1789460397	5352083456
1789460402	5352083456
1789460407	5352083456
1789460412	5352083456
1789460417	5352083456
1789460422	5352083456
1789460427	5352083456
1789460432	5352083456
1789460437	5352083456
1789460442	5352083456
1789460447	5352083456
1789460452	5352083456
1789460457	5352083456
1789460462	5352083456
1789460467	5352083456
1789460472	5352083456
1789460477	5352083456
1789460482	5352087552
1789460487	5352087552
1789460492	5352087552
1789460497	5352087552
1789460502	5352087552
1789460507	5352087552
1789460512	5352087552
1789460517	5352087552
1789460522	5352087552
1789460527	5352087552
1789460532	5352087552
1789460537	5352087552
1789460542	5352087552
1789460547	5352087552
1789460552	5352087552
1789460557	5352087552
1789460562	5352087552
1789460567	5352087552
1789460572	5352087552
1789460577	5352087552
1789460582	5352087552
1789460587	5352087552
1789460592	5352087552
1789460597	5352087552
1789460602	5352087552
1789460607	5352087552
1789460612	5352087552
1789460617	5352087552
1789460622	5352087552
1789460627	5352087552
1789460632	5352087552
1789460637	5352087552
1789460642	5352087552
1789460647	5352087552
1789460652	5352087552
1789460657	5352087552
1789460662	5352087552
1789460667	5352087552
1789460672	5352087552
1789460677	5352087552
1789460682	5352087552
1789460687	5352091648
1789460692	5352091648
1789460697	5352091648
1789460702	5352091648
1789460707	5352091648
1789460712	5352091648
1789460717	5352091648
1789460722	5352091648
1789460727	5352091648
1789460732	5352091648
1789460737	5352091648
1789460742	5352091648
1789460747	5352091648
1789460753	5352091648
1789460758	5352091648
1789460763	5352091648
1789460768	5352091648
1789460773	5352091648
1789460778	5352091648
1789460783	5352091648
1789460788	5352091648
1789460793	5352091648
1789460798	5352091648
1789460803	5352091648
1789460808	5352091648
1789460813	5352091648
1789460818	5352091648
1789460823	5352091648
1789460828	5352091648
1789460833	5352091648
1789460838	5352091648
1789460843	5352091648
1789460848	5352091648
1789460853	5352091648
1789460858	5352091648
1789460863	5352091648
1789460868	5352091648
1789460873	5352091648
1789460878	5352091648
1789460883	5352091648
1789460888	5352091648
1789460893	5352091648
1789460898	5352091648
1789460903	5352091648
1789460908	5352091648
1789460913	5352091648
1789460918	5352091648
1789460923	5352091648
1789460928	5352091648
1789460933	5352091648
1789460938	5352091648
1789460943	5352091648
1789460948	5352091648
1789460953	5352091648
1789460958	5352091648
1789460963	5352091648
1789460968	5352091648
1789460973	5352091648
1789460978	5352091648
1789460983	5352091648
1789460988	5352091648
1789460993	5352091648
1789460998	5352095744
1789461003	5352095744
1789461008	5352095744
1789461013	5352095744
1789461018	5352095744
1789461023	5352095744
1789461028	5352095744
1789461033	5352095744
1789461038	5352095744
1789461043	5352095744
1789461048	5352095744
1789461053	5352095744
1789461058	5352095744
1789461063	5352095744
1789461068	5352095744
1789461073	5352095744
1789461078	5352095744
1789461083	5352095744
1789461088	5352095744
1789461093	5352095744
1789461098	5352095744
1789461103	5352095744
1789461108	5352095744
1789461113	5352095744
1789461118	5352095744
1789461123	5352095744
1789461128	5352095744
1789461133	5352095744
1789461138	5352095744
1789461143	5352095744
1789461148	5352095744
1789461153	5352095744
1789461158	5352095744
1789461163	5352095744
1789461168	5352095744
1789461173	5352095744
1789461178	5352095744
1789461183	5352095744
1789461188	5352095744
1789461193	5352095744
1789461198	5352095744
1789461203	5352095744
1789461208	5352099840
1789461213	5352099840
1789461218	5352099840
1789461223	5352099840
1789461228	5352099840
1789461233	5352099840
1789461238	5352099840
1789461243	5352099840
1789461248	5352099840
1789461253	5352099840
1789461258	5352099840
1789461263	5352099840
1789461268	5352099840
1789461273	5352099840
1789461278	5352099840
1789461283	5352099840
1789461288	5352099840
1789461294	5352099840
1789461299	5352099840
1789461304	5352099840
1789461309	5352099840
1789461314	5352099840
1789461319	5352099840
1789461324	5352099840
1789461329	5352099840
1789461334	5352099840
1789461339	5352099840
1789461344	5352099840
1789461349	5352099840
1789461354	5352099840
1789461359	5352099840
1789461364	5352099840
1789461369	5352099840
1789461374	5352099840
1789461379	5352099840
1789461384	5352099840
1789461389	5352099840
1789461394	5352099840
1789461399	5352099840
1789461404	5352099840
1789461409	5352099840
1789461414	5352099840
1789461419	5352099840
1789461424	5352099840
1789461429	5352099840
1789461434	5352099840
1789461439	5352099840
1789461444	5352099840
1789461449	5352099840
1789461454	5352099840
1789461459	5352099840
1789461464	5352099840
1789461469	5352099840
1789461474	5352099840
1789461479	5352099840
1789461484	5352099840
1789461489	5352099840
1789461494	5352099840
1789461499	5352099840
1789461504	5352103936
1789461509	5352103936
1789461514	5352103936
1789461519	5352103936
1789461524	5352103936
1789461529	5352103936
1789461534	5352103936
1789461539	5352103936
1789461544	5352103936
1789461549	5352103936
1789461554	5352103936
1789461559	5352103936
1789461564	5352103936
1789461569	5352103936
1789461574	5352103936
1789461579	5352103936
1789461584	5352103936
1789461589	5352103936
1789461594	5352103936
1789461599	5352103936
1789461604	5352103936
1789461609	5352103936
1789461614	5352103936
1789461619	5352103936
1789461624	5352103936
1789461629	5352103936
1789461634	5352103936
1789461639	5352103936
1789461644	5352103936
1789461649	5352103936
1789461654	5352103936
1789461659	5352103936
1789461664	5352103936
1789461669	5352103936
1789461674	5352103936
1789461679	5352103936
1789461684	5352103936
1789461689	5352103936
1789461694	5352103936
1789461699	5352103936
1789461704	5352103936
1789461709	5352108032
1789461714	5352108032
1789461719	5352108032
1789461724	5352108032
1789461729	5352108032
1789461734	5352108032
1789461739	5352108032
1789461744	5352108032
1789461749	5352108032
1789461754	5352108032
1789461759	5352108032
1789461764	5352108032
1789461769	5352108032
1789461774	5352108032
1789461779	5352108032
1789461784	5352108032
1789461789	5352108032
1789461794	5352108032
1789461799	5352108032
1789461804	5352108032
1789461809	5352108032
1789461814	5352108032
1789461819	5352108032
1789461824	5352108032
1789461829	5352108032
1789461834	5352108032
1789461840	5352108032
1789461845	5352108032
1789461850	5352108032
1789461855	5352108032
1789461860	5352108032
1789461865	5352108032
1789461870	5352108032
1789461875	5352108032
1789461880	5352108032
1789461885	5352108032
1789461890	5352108032
1789461895	5352108032
1789461900	5352108032
1789461905	5352108032
1789461910	5352108032
1789461915	5352108032
1789461920	5352108032
1789461925	5352108032
1789461930	5352108032
1789461935	5352108032
1789461940	5352108032
1789461945	5352108032
1789461950	5352108032
1789461955	5352108032
1789461960	5352108032
1789461965	5352108032
1789461970	5352108032
1789461975	5352108032
1789461980	5352108032
1789461985	5352108032
1789461990	5352108032
1789461995	5352108032
1789462000	5352108032
1789462005	5352108032
1789462010	5352108032
1789462015	5352112128
1789462020	5352112128
1789462025	5352112128
1789462030	5352112128
1789462035	5352112128
1789462040	5352112128
1789462045	5352112128
1789462050	5352112128
1789462055	5352112128
1789462060	5352112128
1789462065	5352112128
1789462070	5352112128
1789462075	5352112128
1789462080	5352112128
1789462085	5352112128
1789462090	5352112128
1789462095	5352112128
1789462100	5352112128
1789462105	5352112128
1789462110	5352112128
1789462115	5352112128
1789462120	5352112128
1789462125	5352112128
1789462130	5352112128
1789462135	5352112128
1789462140	5352112128
1789462145	5352112128
1789462150	5352112128
1789462155	5352112128
1789462160	5352112128
1789462165	5352112128
1789462170	5352112128
1789462175	5352112128
1789462180	5352112128
1789462185	5352112128
1789462190	5352112128
1789462195	5352112128
1789462200	5352112128
1789462205	5352112128
1789462210	5352112128
1789462215	5352112128
1789462220	5352112128
1789462225	5352116224
1789462230	5352116224
1789462235	5352116224
1789462240	5352116224
1789462245	5352116224
1789462250	5352116224
1789462255	5352116224
1789462260	5352116224
1789462265	5352116224
1789462270	5352116224
1789462275	5352116224
1789462280	5352116224
1789462285	5352116224
1789462290	5352116224
1789462295	5352116224
1789462300	5352116224
1789462305	5352116224
1789462310	5352116224
1789462315	5352116224
1789462320	5352116224
1789462325	5352116224
1789462330	5352116224
1789462335	5352116224
1789462340	5352116224
1789462345	5352116224
1789462350	5352116224
1789462355	5352116224
1789462360	5352116224
1789462365	5352116224
1789462370	5352116224
1789462375	5352116224
1789462380	5352116224
1789462385	5352116224
1789462390	5352116224
1789462395	5352116224
1789462400	5352116224
1789462405	5352116224
1789462410	5352116224
1789462416	5352116224
1789462421	5352116224
1789462426	5352116224
1789462431	5352116224
1789462436	5352116224
1789462441	5352116224
1789462446	5352116224
1789462451	5352116224
1789462456	5352116224
1789462461	5352116224
1789462466	5352116224
1789462471	5352116224
1789462476	5352116224
1789462481	5352116224
1789462486	5352116224
1789462491	5352116224
1789462496	5352116224
1789462501	5352116224
1789462506	5352116224
1789462511	5352116224
1789462516	5352116224
1789462521	5352116224
1789462526	5352116224
1789462531	5352116224
1789462536	5352120320
1789462541	5352120320
1789462546	5352120320
1789462551	5352120320
1789462556	5352120320
1789462561	5352120320
1789462566	5352120320
1789462571	5352120320
1789462576	5352120320
1789462581	5352120320
1789462586	5352120320
1789462591	5352120320
1789462596	5352120320
1789462601	5352120320
1789462606	5352120320
1789462611	5352120320
1789462616	5352120320
1789462621	5352120320
1789462626	5352120320
1789462631	5352120320
1789462636	5352120320
1789462641	5352120320
1789462646	5352120320
1789462651	5352120320
1789462656	5352120320
1789462661	5352120320
1789462666	5352120320
1789462671	5352120320
1789462676	5352120320
1789462681	5352120320
1789462686	5352120320
1789462691	5352120320
1789462696	5352120320
1789462701	5352120320
1789462706	5352120320
1789462711	5352120320
1789462716	5352120320
1789462721	5352120320
1789462726	5352120320
1789462731	5352120320
1789462736	5352120320
1789462741	5352124416
1789462746	5352124416
1789462751	5352124416
1789462756	5352124416
1789462761	5352124416
1789462766	5352124416
1789462771	5352124416
1789462776	5352124416
1789462781	5352124416
1789462786	5352124416
1789462791	5352124416
1789462796	5352124416
1789462801	5352124416
1789462806	5352124416
1789462811	5352124416
1789462816	5352124416
1789462821	5352124416
1789462826	5352124416
1789462831	5352124416
1789462836	5352124416
1789462841	5352124416
1789462846	5352124416
1789462851	5352124416
1789462856	5352124416
1789462861	5352124416
1789462866	5352124416
1789462871	5352124416
1789462876	5352124416
1789462881	5352124416
1789462886	5352124416
1789462891	5352124416
1789462896	5352124416
1789462901	5352124416
1789462906	5352124416
1789462911	5352124416
1789462916	5352124416
1789462921	5352124416
1789462926	5352124416
1789462931	5352124416
1789462936	5352124416
1789462941	5352124416
1789462946	5352124416
1789462951	5352124416
1789462956	5352124416
1789462961	5352124416
1789462966	5352124416
1789462971	5352124416
1789462976	5352124416
1789462981	5352124416
1789462986	5352124416
1789462991	5352124416
1789462996	5352124416
1789463001	5352124416
1789463007	5352124416
1789463012	5352124416
1789463017	5352124416
1789463022	5352124416
1789463027	5352124416
1789463032	5352124416
1789463037	5352124416
1789463042	5352124416
1789463047	5352128512
1789463052	5352128512
1789463057	5352128512
1789463062	5352128512
1789463067	5352128512
1789463072	5352128512
1789463077	5352128512
1789463082	5352128512
1789463087	5352128512
1789463092	5352128512
1789463097	5352128512
1789463102	5352128512
1789463107	5352128512
1789463112	5352128512
1789463117	5352128512
1789463122	5352128512
1789463127	5352128512
1789463132	5352128512
1789463137	5352128512
1789463142	5352128512
1789463147	5352128512
1789463152	5352128512
1789463157	5352128512
1789463162	5352128512
1789463167	5352128512
1789463172	5352128512
1789463177	5352128512
1789463182	5352128512
1789463187	5352128512
1789463192	5352128512
1789463197	5352128512
1789463202	5352128512
1789463207	5352128512
1789463212	5352128512
1789463217	5352128512
1789463222	5352128512
1789463227	5352128512
1789463232	5352128512
1789463237	5352128512
1789463242	5352128512
1789463247	5352128512
1789463252	5352128512
1789463257	5352132608
1789463262	5352132608
1789463267	5352132608
1789463272	5352132608
1789463277	5352132608
1789463282	5352132608
1789463287	5352132608
1789463292	5352132608
1789463297	5352132608
1789463302	5352132608
1789463307	5352132608
1789463312	5352132608
1789463317	5352132608
1789463322	5352132608
1789463327	5352132608
1789463332	5352132608
1789463337	5352132608
1789463342	5352132608
1789463347	5352132608
1789463352	5352132608
1789463357	5352132608
1789463362	5352132608
1789463367	5352132608
1789463372	5352132608
1789463377	5352132608
1789463382	5352132608
1789463387	5352132608
1789463392	5352132608
1789463397	5352132608
1789463402	5352132608
1789463407	5352132608
1789463412	5352132608
1789463417	5352132608
1789463422	5352132608
1789463427	5352132608
1789463432	5352132608
1789463437	5352132608
1789463442	5352132608
1789463447	5352132608
1789463452	5352132608
1789463457	5352132608
1789463462	5352132608
1789463467	5352132608
1789463472	5352132608
1789463477	5352132608
1789463482	5352132608
1789463487	5352132608
1789463492	5352132608
1789463497	5352132608
1789463502	5352132608
1789463507	5352132608
1789463512	5352132608
1789463517	5352132608
1789463522	5352132608
1789463527	5352132608
1789463532	5352132608
1789463537	5352132608
1789463542	5352132608
1789463547	5352132608
1789463552	5352136704
1789463557	5352136704
1789463562	5352136704
1789463567	5352136704
1789463572	5352136704
1789463577	5352136704
1789463583	5352136704
1789463588	5352136704
1789463593	5352136704
1789463598	5352136704
1789463603	5352136704
1789463608	5352136704
1789463613	5352136704
1789463618	5352136704
1789463623	5352136704
1789463628	5352136704
1789463633	5352140800
1789463638	5352140800
1789463643	5352140800
1789463648	5352140800
1789463653	5352140800
1789463658	5352140800
1789463663	5352140800
1789463668	5352140800
1789463673	5352140800
1789463678	5352140800
1789463683	5352140800
1789463688	5352140800
1789463693	5352140800
1789463698	5352140800
1789463703	5352140800
1789463708	5352140800
1789463713	5352144896
1789463718	5352144896
1789463723	5352144896
1789463728	5352144896
1789463733	5352144896
1789463738	5352144896
1789463743	5352144896
1789463748	5352144896
1789463753	5352144896
1789463758	5352144896
1789463763	5352144896
1789463768	5352144896
1789463773	5352144896
1789463778	5352144896
1789463783	5352144896
1789463788	5352148992
1789463793	5352148992
1789463798	5352148992
1789463803	5352148992
1789463808	5352148992
1789463813	5352148992
1789463818	5352148992
1789463823	5352148992
1789463828	5352148992
1789463833	5352148992
1789463838	5352148992
1789463843	5352148992
1789463848	5352148992
1789463853	5352148992
1789463858	5352148992
1789463863	5352148992
1789463868	5352153088
1789463873	5352153088
1789463878	5352153088
1789463883	5352153088
1789463888	5352153088
1789463893	5352153088
1789463898	5352153088
1789463903	5352153088
1789463908	5352153088
1789463913	5352153088
1789463918	5352153088
1789463923	5352153088
1789463928	5352153088
1789463933	5352153088
1789463938	5352153088
1789463943	5352153088
1789463948	5352153088
1789463953	5352153088
1789463958	5352153088
1789463963	5352153088
1789463968	5352153088
1789463973	5352153088
1789463978	5352153088
1789463983	5352153088
1789463988	5352153088
1789463993	5352153088
1789463998	5352153088
1789464003	5352153088
1789464008	5352153088
1789464013	5352153088
1789464018	5352153088
1789464023	5352153088
1789464028	5352153088
1789464033	5352157184
1789464038	5352157184
1789464043	5352157184
1789464048	5352157184
1789464053	5352157184
1789464058	5352157184
1789464063	5352157184
1789464068	5352157184
1789464073	5352157184
1789464078	5352157184
1789464083	5352157184
1789464088	5352157184
1789464093	5352157184
1789464098	5352157184
1789464103	5352157184
1789464108	5352157184
1789464113	5352157184
1789464118	5352157184
1789464123	5352157184
1789464128	5352157184
1789464133	5352157184
1789464138	5352157184
1789464143	5352157184
1789464148	5352157184
1789464153	5352157184
1789464158	5352157184
1789464163	5352157184
1789464168	5352157184
1789464173	5352157184
1789464178	5352157184
1789464183	5352161280
1789464188	5352161280
1789464193	5352161280
1789464198	5352161280
1789464203	5352161280
1789464208	5352161280
1789464213	5352161280
1789464218	5352161280
1789464223	5352161280
1789464228	5352161280
1789464233	5352161280
1789464238	5352161280
1789464243	5352161280
1789464248	5352161280
1789464253	5352161280
1789464259	5352161280
1789464264	5352161280
1789464269	5352161280
1789464274	5352161280
1789464279	5352161280
1789464284	5352161280
1789464289	5352161280
1789464294	5352161280
1789464299	5352161280
1789464304	5352161280
1789464309	5352161280
1789464314	5352161280
1789464319	5352161280
1789464324	5352161280
1789464329	5352161280
1789464334	5352161280
1789464339	5352161280
1789464344	5352161280
1789464349	5352161280
1789464354	5352161280
1789464359	5352161280
1789464364	5352161280
1789464369	5352161280
1789464374	5352161280
1789464379	5352161280
1789464384	5352161280
1789464389	5352161280
1789464394	5352161280
1789464399	5352161280
1789464404	5352161280
1789464409	5352161280
1789464414	5352161280
1789464419	5352161280
1789464424	5352161280
1789464429	5352161280
1789464434	5352161280
1789464439	5352161280
1789464444	5352161280
1789464449	5352161280
1789464454	5352161280
1789464459	5352161280
1789464464	5352161280
1789464469	5352161280
1789464474	5352161280
1789464479	5352161280
1789464484	5352161280
1789464489	5352161280
1789464494	5352161280
1789464499	5352161280
1789464504	5352165376
1789464509	5352165376
1789464514	5352165376
1789464519	5352165376
1789464524	5352165376
1789464529	5352165376
1789464534	5352165376
1789464539	5352165376
1789464544	5352165376
1789464549	5352165376
1789464554	5352165376
1789464559	5352165376
1789464564	5352165376
1789464569	5352165376
1789464574	5352165376
1789464579	5352165376
1789464584	5352165376
1789464589	5352165376
1789464594	5352165376
1789464599	5352165376
1789464604	5352165376
1789464609	5352165376
1789464614	5352165376
1789464619	5352165376
1789464624	5352165376
1789464629	5352165376
1789464634	5352165376
1789464639	5352165376
1789464644	5352165376
1789464649	5352165376
1789464654	5352165376
1789464659	5352165376
1789464664	5352165376
1789464669	5352165376
1789464674	5352165376
1789464679	5352165376
1789464684	5352165376
1789464689	5352165376
1789464694	5352165376
1789464699	5352165376
1789464704	5352165376
1789464709	5352165376
1789464714	5352165376
1789464719	5352165376
1789464724	5352165376
1789464729	5352165376
1789464734	5352165376
1789464739	5352165376
1789464744	5352165376
1789464749	5352165376
1789464754	5352165376
1789464759	5352165376
1789464764	5352165376
1789464769	5352165376
1789464774	5352165376
1789464779	5352165376
1789464784	5352165376
1789464789	5352165376
1789464794	5352165376
1789464799	5352165376
1789464804	5352165376
1789464809	5352165376
1789464814	5352165376
1789464819	5352165376
1789464824	5352165376
1789464829	5352165376
1789464834	5352165376
1789464839	5352165376
1789464844	5352165376
1789464849	5352165376
1789464854	5352165376
1789464859	5352165376
1789464864	5352165376
1789464869	5352165376
1789464874	5352165376
1789464879	5352165376
1789464884	5352165376
1789464889	5352165376
1789464894	5352165376
1789464899	5352165376
1789464904	5352165376
1789464909	5352165376
1789464914	5352165376
1789464920	5352165376
1789464925	5352165376
1789464930	5352165376
1789464935	5352165376
1789464940	5352165376
1789464945	5352165376
1789464950	5352165376
1789464955	5352165376
1789464960	5352165376
1789464965	5352165376
1789464970	5352165376
1789464975	5352165376
1789464980	5352165376
1789464985	5352165376
1789464990	5352165376
1789464995	5352165376
1789465000	5352165376
1789465005	5352165376
1789465010	5352165376
1789465015	5352165376
1789465020	5352165376
1789465025	5352165376
1789465030	5352165376
1789465035	5352165376
1789465040	5352165376
1789465045	5352165376
1789465050	5352165376
1789465055	5352165376
1789465060	5352165376
1789465065	5352165376
1789465070	5352165376
1789465075	5352165376
1789465080	5352165376
1789465085	5352165376
1789465090	5352165376
1789465095	5352165376
1789465100	5352165376
1789465105	5352165376
1789465110	5352165376
1789465115	5352165376
1789465120	5352165376
1789465125	5352165376
1789465130	5352165376
1789465135	5352165376
1789465140	5352165376
1789465145	5352165376
1789465150	5352165376
1789465155	5352165376
1789465160	5352165376
1789465165	5352165376
1789465170	5352165376
1789465175	5352165376
1789465180	5352165376
1789465185	5352165376
1789465190	5352165376
1789465195	5352165376
1789465200	5352165376
1789465205	5352165376
1789465210	5352165376
1789465215	5352165376
1789465220	5352165376
1789465225	5352165376
1789465230	5352165376
1789465235	5352165376
1789465240	5352165376
1789465245	5352165376
1789465250	5352165376
1789465255	5352165376
1789465260	5352165376
1789465265	5352165376
1789465270	5352165376
1789465275	5352165376
1789465280	5352165376
1789465285	5352165376
1789465290	5352165376
1789465295	5352165376
1789465300	5352165376
1789465305	5352165376
1789465310	5352165376
1789465315	5352165376
1789465320	5352165376
1789465325	5352165376
1789465330	5352165376
1789465335	5352165376
1789465340	5352165376
1789465345	5352165376
1789465350	5352165376
1789465355	5352165376
1789465360	5352165376
1789465365	5352165376
1789465370	5352165376
1789465375	5352165376
1789465380	5352165376
1789465385	5352165376
1789465390	5352165376
1789465395	5352165376
1789465400	5352165376
1789465405	5352165376
1789465410	5352165376
1789465415	5352165376
1789465420	5352165376
1789465425	5352165376
1789465430	5352165376
1789465435	5352165376
1789465440	5352165376
1789465445	5352165376
1789465450	5352165376
1789465455	5352165376
1789465460	5352165376
1789465465	5352165376
1789465470	5352165376
1789465475	5352165376
1789465480	5352165376
1789465485	5352165376
1789465490	5352165376
1789465495	5352165376
1789465500	5352165376
1789465505	5352165376
1789465510	5352165376
1789465515	5352165376
1789465520	5352165376
1789465525	5352165376
1789465530	5352165376
1789465535	5352165376
1789465540	5352165376
1789465545	5352165376
1789465550	5352165376
1789465555	5352165376
1789465560	5352165376
1789465565	5352165376
1789465570	5352165376
1789465575	5352165376
1789465580	5352165376
1789465585	5352165376
1789465590	5352165376
1789465596	5352165376
1789465601	5352165376
1789465606	5352165376
1789465611	5352165376
1789465616	5352165376
1789465621	5352165376
1789465626	5352165376
1789465631	5352165376
1789465636	5352165376
1789465641	5352165376
1789465646	5352165376
1789465651	5352165376
1789465656	5352165376
1789465661	5352165376
1789465666	5352165376
1789465671	5352165376
1789465676	5352165376
1789465681	5352165376
1789465686	5352165376
1789465691	5352165376
1789465696	5352165376
1789465701	5352165376
1789465706	5352165376
1789465711	5352165376
1789465716	5352165376
1789465721	5352165376
1789465726	5352165376
1789465731	5352165376
1789465736	5352165376
1789465741	5352165376
1789465746	5352165376
1789465751	5352165376
1789465756	5352165376
1789465761	5352165376
1789465766	5352165376
1789465771	5352165376
1789465776	5352165376
1789465781	5352165376
1789465786	5352165376
1789465791	5352165376
1789465796	5352165376
1789465801	5352165376
1789465806	5352165376
1789465811	5352165376
1789465816	5352165376
1789465821	5352165376
1789465826	5352165376
1789465831	5352165376
1789465836	5352165376
1789465841	5352165376
1789465846	5352165376
1789465851	5352165376
1789465856	5352165376
1789465861	5352165376
1789465866	5352165376
1789465871	5352165376
1789465876	5352165376
1789465881	5352165376
1789465886	5352165376
1789465891	5352165376
1789465896	5352165376
1789465901	5352165376
1789465906	5352165376
1789465911	5352165376
1789465916	5352165376
1789465921	5352165376
1789465926	5352165376
1789465931	5352165376
1789465936	5352165376
1789465941	5352165376
1789465946	5352165376
1789465951	5352165376
1789465956	5352165376
1789465961	5352165376
1789465966	5352165376
1789465971	5352165376
1789465976	5352165376
1789465981	5352165376
1789465986	5352165376
1789465991	5352165376
1789465996	5352165376
1789466001	5352165376
1789466006	5352165376
1789466011	5352165376
1789466016	5352165376
1789466021	5352165376
1789466026	5352165376
1789466031	5352165376
1789466036	5352165376
1789466041	5352165376
1789466046	5352165376
1789466051	5352165376
1789466056	5352165376
1789466061	5352165376
1789466066	5352165376
1789466071	5352165376
1789466076	5352165376
1789466081	5352165376
1789466086	5352165376
1789466091	5352165376
1789466096	5352165376
1789466101	5352165376
1789466106	5352165376
1789466111	5352165376
1789466116	5352165376
1789466121	5352165376
1789466126	5352165376
1789466131	5352165376
1789466136	5352165376
1789466141	5352165376
1789466146	5352165376
1789466151	5352165376
1789466156	5352165376
1789466161	5352165376
1789466166	5352165376
1789466171	5352165376
1789466176	5352165376
1789466181	5352165376
1789466186	5352165376
1789466191	5352165376
1789466196	5352165376
1789466201	5352165376
1789466206	5352165376
1789466211	5352165376
1789466216	5352165376
1789466221	5352165376
1789466226	9982509056
1789466231	9982509056
1789466236	9982509056
1789466241	9982509056
1789466246	9982509056
1789466252	9982509056
1789466257	9982509056
1789466262	9982509056
1789466267	9982509056
1789466272	9982509056
1789466277	9982509056
1789466282	9982509056
1789466287	9982509056
1789466292	9982509056
1789466297	9982509056
1789466302	9982509056
1789466307	9982509056
1789466312	9982509056
1789466317	9982509056
1789466322	9982509056
1789466327	9982509056
1789466332	9982509056
1789466337	9982509056
1789466342	9982509056
1789466347	9982509056
1789466352	9982509056
1789466357	9982509056
1789466362	9982509056
1789466367	9982509056
1789466372	9982509056
1789466377	9982509056
1789466382	9982509056
1789466387	9982509056
1789466392	9982509056
1789466397	9982509056
1789466402	9982509056
1789466407	9982509056
1789466412	9982509056
1789466417	9982509056
1789466422	9982509056
1789466427	9982509056
1789466432	9982509056
1789466437	9982509056
1789466442	9982509056
1789466447	9982509056
1789466452	9982509056
1789466457	9982509056
1789466462	9982509056
1789466467	9982509056
1789466472	9982509056
1789466477	9982509056
1789466482	9982509056
1789466487	9982509056
1789466492	9982509056
1789466497	9982509056
1789466502	9982509056
1789466507	9982509056
1789466512	9982509056
1789466517	9982509056
1789466522	9982509056
1789466527	9982509056
1789466532	9982509056
1789466537	9982509056
1789466542	9982509056
1789466547	9982509056
1789466552	9982509056
1789466557	9982509056
1789466562	9982509056
1789466567	9982509056
1789466572	9982509056
1789466577	9982509056
1789466582	9982509056
1789466587	9982509056
1789466592	9982509056
1789466597	9982509056
1789466602	9982509056
1789466607	9982509056
1789466612	9982509056
1789466617	9982509056
1789466622	9982509056
1789466627	9982509056
1789466632	9982509056
1789466637	9982509056
1789466642	9982509056
1789466647	9982509056
1789466652	9982509056
1789466657	10866950144
1789466662	12460752896
1789466667	14063390720
1789466672	14726311936
1789466677	14726311936
1789466682	14726311936
1789466687	14726311936
1789466692	14726311936
1789466697	14726311936
1789466702	14726311936
1789466707	14726311936
1789466712	14726311936
1789466717	14726311936
1789466722	14726311936
1789466727	14726311936
1789466732	14726311936
1789466737	14726311936
1789466742	14726311936
1789466747	14726311936
1789466752	14726311936
1789466757	14726311936
1789466762	14726311936
1789466767	14726311936
1789466772	14726311936
1789466777	14726311936
1789466782	14726311936
1789466787	14726311936
1789466792	14726311936
1789466797	14726311936
1789466802	14726311936
1789466807	14726311936
1789466812	14726311936
1789466817	14726311936
1789466822	14726311936
1789466827	14726311936
1789466832	14726311936
1789466837	14726311936
1789466842	14726311936
1789466847	14726311936
1789466852	14726311936
1789466857	14726311936
1789466862	14726311936
1789466867	14726311936
1789466872	14726311936
1789466877	14726311936
1789466882	14726311936
1789466887	14726311936
1789466892	14726311936
1789466898	14726311936
1789466903	14726311936
1789466908	14726311936
1789466913	14726311936
1789466918	14726311936
1789466923	14726311936
1789466928	14726311936
1789466933	14726311936
1789466938	14726311936
1789466943	14726311936
1789466948	14726311936
1789466953	14726311936
1789466958	14726311936
1789466963	14726311936
1789466968	14726311936
1789466973	14726311936
1789466978	14726311936
1789466983	14726311936
1789466988	14726311936
1789466993	14726311936
1789466998	14726311936
1789467003	14726311936
1789467008	14726311936
1789467013	14726311936
1789467018	14726311936
1789467023	14726311936
1789467028	14726311936
1789467033	14726311936
1789467038	14726311936
1789467043	14726311936
1789467048	14726311936
1789467053	14726311936
1789467058	14726311936
1789467063	14726311936
1789467068	14726311936
1789467073	14726311936
1789467078	14726311936
1789467083	14726311936
1789467088	14726311936
1789467093	14726311936
1789467098	14726311936
1789467103	14726311936
1789467108	14726311936
1789467113	14726311936
1789467118	14726311936
1789467123	14726311936
1789467128	14726311936
1789467133	14726311936
1789467138	14726311936
1789467143	14726311936
1789467148	14726311936
1789467153	14726311936
1789467158	14726311936
1789467163	14726311936
1789467168	14726311936
1789467173	14726311936
1789467178	14726311936
1789467183	14726311936
1789467188	14726311936
1789467193	14726311936
1789467198	14726311936
1789467203	14726311936
1789467208	14726311936
1789467213	14726311936
1789467218	14726311936
1789467223	14726311936
1789467228	14726311936
1789467233	14726311936
1789467238	14726311936
1789467243	14726311936
1789467248	14726311936
1789467253	14726311936
1789467258	14726311936
1789467263	14726311936
1789467268	14726311936
1789467273	14726311936
1789467278	14726311936
1789467283	14726311936
1789467288	14726311936
1789467293	14726311936
1789467298	14726311936
1789467303	14726311936
1789467308	14726311936
1789467313	14726311936
1789467318	14726311936
1789467323	14726311936
1789467328	14726311936
1789467333	14726311936
1789467338	14726311936
1789467343	14726311936
1789467348	14726311936
1789467353	14726311936
1789467358	14726311936
1789467363	14726311936
1789467368	14726311936
1789467373	14726311936
1789467378	14726311936
1789467383	14726311936
1789467388	14726311936
1789467393	14726311936
1789467398	14726311936
1789467403	14726311936
1789467408	14726311936
1789467413	14726311936
1789467418	14726311936
1789467423	14726311936
1789467428	14726311936
1789467433	14726311936
1789467438	14726311936
1789467443	14726311936
1789467448	14726311936
1789467453	14726311936
1789467458	14726311936
1789467463	14726311936
1789467468	14726311936
1789467473	14726311936
1789467478	14726311936
1789467483	14726311936
1789467488	14726311936
1789467493	14726311936
1789467498	14726311936
1789467503	14726311936
1789467508	14726311936
1789467513	14726311936
1789467518	14726311936
1789467523	14726311936
1789467528	14726311936
1789467533	14726311936
1789467538	14726311936
1789467543	14726311936
1789467548	14726311936
1789467553	14726311936
1789467558	14726311936
1789467563	14726311936
1789467568	14726311936
1789467573	14726311936
1789467579	14726311936
1789467584	14726311936
1789467589	14726311936
1789467594	14726311936
1789467599	14726311936
1789467604	14726311936
1789467609	14726311936
1789467614	14726311936
1789467619	14726311936
1789467624	14726311936
1789467629	14726311936
1789467634	14726311936
1789467639	14726311936
1789467644	14726311936
1789467649	14726311936
1789467654	14726311936
1789467659	14726311936
1789467664	14726311936
1789467669	14726311936
1789467674	14726311936
1789467679	14726311936
1789467684	14726311936
1789467689	14726311936
1789467694	14726311936
1789467699	14726311936
1789467704	14726311936
1789467709	14726311936
1789467714	14726311936
1789467719	14726311936
1789467724	14726311936
1789467729	14726311936
1789467734	14726311936
1789467739	14726311936
1789467744	14726311936
1789467749	14726311936
1789467754	14726311936
1789467759	14726311936
1789467764	14726311936
1789467769	14726311936
1789467774	14726316032
1789467779	14726316032
1789467784	14726316032
1789467789	14726316032
1789467794	14726316032
1789467799	14726316032
1789467804	14726316032
1789467809	14726316032
1789467814	14726316032
1789467819	14726316032
1789467824	14726316032
1789467829	14726316032
1789467834	14726316032
1789467839	14726316032
1789467844	14726316032
1789467849	14726316032
1789467854	14726316032
1789467859	14726316032
1789467864	14726316032
1789467869	14726316032
1789467874	14726316032
1789467879	14726316032
1789467884	14726316032
1789467889	14726316032
1789467894	14726316032
1789467899	14726316032
1789467904	14726316032
1789467909	14726316032
1789467914	14726316032
1789467919	14726316032
1789467924	14726320128
1789467929	14726320128
1789467934	14726320128
1789467939	14726320128
1789467944	14726320128
1789467949	14726320128
1789467954	14726320128
1789467959	14726320128
1789467964	14726320128
1789467969	14726320128
1789467974	14726320128
1789467979	14726320128
1789467984	14726320128
1789467989	14726320128
1789467994	14726320128
1789467999	14726320128
1789468004	14726320128
1789468009	14726320128
1789468014	14726320128
1789468019	14726320128
1789468024	14726320128
1789468029	14726320128
1789468034	14726320128
1789468039	14726320128
1789468044	14726320128
1789468049	14726320128
1789468054	14726320128
1789468059	14726320128
1789468064	14726324224
1789468069	14726324224
1789468074	14726324224
1789468079	14726324224
1789468084	14726324224
1789468089	14726324224
1789468094	14726324224
1789468099	14726324224
1789468104	14726324224
1789468109	14726324224
1789468114	14726324224
1789468119	14726324224
1789468124	14726324224
1789468129	14726324224
1789468134	14726324224
1789468139	14726324224
1789468144	14726324224
1789468149	14726324224
1789468154	14726324224
1789468159	14726324224
1789468164	14726324224
1789468169	14726324224
1789468174	14726324224
1789468179	14726324224
1789468184	14726324224
1789468189	14726324224
1789468194	14726324224
1789468199	14726324224
1789468204	14726324224
1789468209	14726328320
1789468214	14726328320
1789468219	14726328320
1789468224	14726328320
1789468229	14726328320
1789468234	14726328320
1789468239	14726328320
1789468244	14726328320
1789468249	14726328320
1789468254	14726328320
1789468259	14726328320
1789468265	14726328320
1789468270	14726328320
1789468275	14726328320
1789468280	14726328320
1789468285	14726328320
1789468290	14726328320
1789468295	14726328320
1789468300	14726328320
1789468305	14726328320
1789468310	14726328320
1789468315	14726328320
1789468320	14726328320
1789468325	14726328320
1789468330	14726328320
1789468335	14726328320
1789468340	14726328320
1789468345	14726328320
1789468350	14726328320
1789468355	14726332416
1789468360	14726332416
1789468365	14726332416
1789468370	14726332416
1789468375	14726332416
1789468380	14726332416
1789468385	14726332416
1789468390	14726332416
1789468395	14726332416
1789468400	14726332416
1789468405	14726332416
1789468410	14726332416
1789468415	14726332416
1789468420	14726332416
1789468425	14726332416
1789468430	14726332416
1789468435	14726332416
1789468440	14726332416
1789468445	14726332416
1789468450	14726332416
1789468455	14726332416
1789468460	14726332416
1789468465	14726332416
1789468470	14726332416
1789468475	14726332416
1789468480	14726332416
1789468485	14726332416
1789468490	14726332416
1789468495	14726332416
1789468500	14726336512
1789468505	14726336512
1789468510	14726336512
1789468515	14726336512
1789468520	14726336512
1789468525	14726336512
1789468530	14726336512
1789468535	14726336512
1789468540	14726336512
1789468545	14726336512
1789468550	14726336512
1789468555	14726336512
1789468560	14726336512
1789468565	14726336512
1789468570	14726336512
1789468575	14726336512
1789468580	14726336512
1789468585	14726336512
1789468590	14726336512
1789468595	14726336512
1789468600	14726336512
1789468605	14726336512
1789468610	14726336512
1789468615	14726336512
1789468620	14726336512
1789468625	14726336512
1789468630	14726336512
1789468635	14726336512
1789468640	14726340608
1789468645	14726340608
1789468650	14726340608
1789468655	14726340608
1789468660	14726340608
1789468665	14726340608
1789468670	14726340608
1789468675	14726340608
1789468680	14726340608
1789468685	14726340608
1789468690	14726340608
1789468695	14726340608
1789468700	14726340608
1789468705	14726340608
1789468710	14726340608
1789468715	14726340608
1789468720	14726340608
1789468725	14726340608
1789468730	14726340608
1789468735	14726340608
1789468740	14726340608
1789468745	14726340608
1789468750	14726340608
1789468755	14726340608
1789468760	14726340608
1789468765	14726340608
1789468770	14726340608
1789468775	14726340608
1789468780	14726340608
1789468785	14726344704
1789468790	14726344704
1789468795	14726344704
1789468800	14726344704
1789468805	14726344704
1789468810	14726344704
1789468815	14726344704
1789468820	14726344704
1789468825	14726344704
1789468830	14726344704
1789468835	14726344704
1789468840	14726344704
1789468845	14726344704
1789468850	14726344704
1789468855	14726344704
1789468860	14726344704
1789468865	14726344704
1789468870	14726344704
1789468875	14726344704
1789468880	14726344704
1789468885	14726344704
1789468890	14726344704
1789468895	14726344704
1789468900	14726344704
1789468905	14726344704
1789468910	14726344704
1789468915	14726344704
1789468920	14726344704
1789468925	14726344704
1789468930	14726344704
1789468935	14726348800
1789468940	14726348800
1789468945	14726348800
1789468950	14726348800
1789468955	14726348800
1789468961	14726348800
1789468966	14726348800
1789468971	14726348800
1789468976	14726348800
1789468981	14726348800
1789468986	14726348800
1789468991	14726348800
1789468996	14726348800
1789469001	14726348800
1789469006	14726348800
1789469011	14726348800
1789469016	14726348800
1789469021	14726348800
1789469026	14726348800
1789469031	14726348800
1789469036	14726348800
1789469041	14726348800
1789469046	14726348800
1789469051	14726348800
1789469056	14726348800
1789469061	14726348800
1789469066	14726348800
1789469071	14726348800
1789469076	14726348800
1789469081	14726352896
1789469086	14726352896
1789469091	14726352896
1789469096	14726352896
1789469101	14726352896
1789469106	14726352896
1789469111	14726352896
1789469116	14726352896
1789469121	14726352896
1789469126	14726352896
1789469131	14726352896
1789469136	14726352896
1789469141	14726352896
1789469146	14726352896
1789469151	14726352896
1789469156	14726352896
1789469161	14726352896
1789469166	14726352896
1789469171	14726352896
1789469176	14726352896
1789469181	14726352896
1789469186	14726352896
1789469191	14726352896
1789469196	14726352896
1789469201	14726352896
1789469206	14726352896
1789469211	14726352896
1789469216	14726352896
1789469221	14726352896
1789469226	14726356992
1789469231	14726356992
1789469236	14726356992
1789469241	14726356992
1789469246	14726356992
1789469251	14726356992
1789469256	14726356992
1789469261	14726356992
1789469266	14726356992
1789469271	14726356992
1789469276	14726356992
1789469281	14726356992
1789469286	14726356992
1789469291	14726356992
1789469296	14726356992
1789469301	14726356992
1789469306	14726356992
1789469311	14726356992
1789469316	14726356992
1789469321	14726356992
1789469326	14726356992
1789469331	14726356992
1789469336	14726356992
1789469341	14726356992
1789469346	14726356992
1789469351	14726356992
1789469356	14726356992
1789469361	14726356992
1789469366	14726356992
1789469371	14726361088
1789469376	14726361088
1789469381	14726361088
1789469386	14726361088
1789469391	14726361088
1789469396	14726361088
1789469401	14726361088
1789469406	14726361088
1789469411	14726361088
1789469416	14726361088
1789469421	14726361088
1789469426	14726361088
1789469431	14726361088
1789469436	14726361088
1789469441	14726361088
1789469446	14726361088
1789469451	14726361088
1789469456	14726361088
1789469461	14726361088
1789469466	14726361088
1789469471	14726361088
1789469476	14726361088
1789469481	14726361088
1789469486	14726361088
1789469491	14726361088
1789469496	14726361088
1789469501	14726361088
1789469506	14726361088
1789469511	14726361088
1789469516	14726361088
1789469521	14726365184
1789469526	14726365184
1789469531	14726365184
1789469536	14726365184
1789469541	14726365184
1789469546	14726365184
1789469551	14726365184
1789469556	14726365184
1789469561	14726365184
1789469566	14726365184
1789469571	14726365184
1789469576	14726365184
1789469581	14726365184
1789469586	14726365184
1789469591	14726365184
1789469596	14726365184
1789469601	14726365184
1789469606	14726365184
1789469611	14726365184
1789469616	14726365184
1789469621	14726365184
1789469626	14726365184
1789469631	14726365184
1789469637	14726365184
1789469642	14726365184
1789469647	14726365184
1789469652	14726365184
1789469657	14726365184
1789469662	14726365184
1789469667	14726369280
1789469672	14726369280
1789469677	14726369280
1789469682	14726369280
1789469687	14726369280
1789469692	14726369280
1789469697	14726369280
1789469702	14726369280
1789469707	14726369280
1789469712	14726369280
1789469717	14726369280
1789469722	14726369280
1789469727	14726369280
1789469732	14726369280
1789469737	14726369280
1789469742	14726369280
1789469747	14726369280
1789469752	14726369280
1789469757	14726369280
1789469762	14726369280
1789469767	14726369280
1789469772	14726369280
1789469777	14726369280
1789469782	14726369280
1789469787	14726369280
1789469792	14726369280
1789469797	14726369280
1789469802	14726369280
1789469807	14726369280
1789469812	14726369280
1789469817	14726369280
1789469822	14726369280
1789469827	14726373376
1789469832	14726373376
1789469837	14726373376
1789469842	14726373376
1789469847	14726373376
1789469852	14726373376
1789469857	14726373376
1789469862	14726373376
1789469867	14726373376
1789469872	14726373376
1789469877	14726373376
1789469882	14726373376
1789469887	14726373376
1789469892	14726373376
1789469897	14726373376
1789469902	14726373376
1789469907	14726373376
1789469912	14726373376
1789469917	14726373376
1789469922	14726373376
1789469927	14726373376
1789469932	14726373376
1789469937	14726373376
1789469942	14726373376
1789469947	14726373376
1789469952	14726373376
1789469957	14726373376
1789469962	14726373376
1789469967	14726373376
1789469972	14726373376
1789469977	14726377472
1789469982	14726377472
1789469987	14726377472
1789469992	14726377472
1789469997	14726377472
1789470002	14726377472
1789470007	14726377472
1789470012	14726377472
1789470017	14726377472
1789470022	14726377472
1789470027	14726377472
1789470032	14726377472
1789470037	14726377472
1789470042	14726377472
1789470047	14726377472
1789470052	14726377472
1789470057	14726377472
1789470062	14726377472
1789470067	14726377472
1789470072	14726377472
1789470077	14726377472
1789470082	14726377472
1789470087	14726377472
1789470092	14726377472
1789470097	14726377472
1789470102	14726377472
1789470107	14726377472
1789470112	14726377472
1789470117	14726377472
1789470122	14726381568
1789470127	14726381568
1789470132	14726381568
1789470137	14726381568
1789470142	14726381568
1789470147	14726381568
1789470152	14726381568
1789470157	14726381568
1789470162	14726381568
1789470167	14726381568
1789470172	14726381568
1789470177	14726381568
1789470182	14726381568
1789470187	14726381568
1789470192	14726381568
1789470197	14726381568
1789470202	14726381568
1789470207	14726381568
1789470212	14726381568
1789470217	14726381568
1789470222	14726381568
1789470227	14726381568
1789470232	14726381568
1789470237	14726381568
1789470242	14726381568
1789470247	14726381568
1789470252	14726381568
1789470257	14726381568
1789470262	14726381568
1789470267	14726381568
1789470272	14726385664
1789470277	14726385664
1789470282	14726385664
1789470288	14726385664
1789470293	14726385664
1789470298	14726385664
1789470303	14726385664
1789470308	14726385664
1789470313	14726385664
1789470318	14726385664
1789470323	14726385664
1789470328	14726385664
1789470333	14726385664
1789470338	14726385664
1789470343	14726385664
1789470348	14726385664
1789470353	14726385664
1789470358	14726385664
1789470363	14726385664
1789470368	14726385664
1789470373	14726385664
1789470378	14726385664
1789470383	14726385664
1789470388	14726385664
1789470393	14726385664
1789470398	14726385664
1789470403	14726385664
1789470408	14726385664
1789470413	14726385664
1789470418	14726385664
1789470423	14726389760
1789470428	14726389760
1789470433	14726389760
1789470438	14726389760
1789470443	14726389760
1789470448	14726389760
1789470453	14726389760
1789470458	14726389760
1789470463	14726389760
1789470468	14726389760
1789470473	14726389760
1789470478	14726389760
1789470483	14726389760
1789470488	14726389760
1789470493	14726389760
1789470498	14726389760
1789470503	14726389760
1789470508	14726389760
1789470513	14726389760
1789470518	14726389760
1789470523	14726389760
1789470528	14726389760
1789470533	14726389760
1789470538	14726389760
1789470543	14726389760
1789470548	14726389760
1789470553	14726389760
1789470558	14726389760
1789470563	14726389760
1789470568	14726393856
1789470573	14726393856
1789470578	14726393856
1789470583	14726393856
1789470588	14726393856
1789470593	14726393856
1789470598	14726393856
1789470603	14726393856
1789470608	14726393856
1789470613	14726393856
1789470618	14726393856
1789470623	14726393856
1789470628	14726393856
1789470633	14726393856
1789470638	14726393856
1789470643	14726393856
1789470648	14726393856
1789470653	14726393856
1789470658	14726393856
1789470663	14726393856
1789470668	14726393856
1789470673	14726393856
1789470678	14726393856
1789470683	14726393856
1789470688	14726393856
1789470693	14726393856
1789470698	14726393856
1789470703	14726393856
1789470708	14726393856
1789470713	14726393856
1789470718	14726397952
1789470723	14726397952
1789470728	14726397952
1789470733	14726397952
1789470738	14726397952
1789470743	14726397952
1789470748	14726397952
1789470753	14726397952
1789470758	14726397952
1789470763	14726397952
1789470768	14726397952
1789470773	14726397952
1789470778	14726397952
1789470783	14726397952
1789470788	14726397952
1789470793	14726397952
1789470798	14726397952
1789470803	14726397952
1789470808	14726397952
1789470813	14726397952
1789470818	14726397952
1789470823	14726397952
1789470828	14726397952
1789470833	14726397952
1789470838	14726397952
1789470843	14726397952
1789470848	14726397952
1789470853	14726397952
1789470858	14726397952
1789470863	14726397952
1789470868	14726402048
1789470873	14726402048
1789470878	14726402048
1789470883	14726402048
1789470888	14726402048
1789470893	14726402048
1789470898	14726402048
1789470903	14726402048
1789470908	14726402048
1789470913	14726402048
1789470918	14726402048
1789470923	14726402048
1789470928	14726402048
1789470933	14726402048
1789470938	14726402048
1789470944	14726402048
1789470949	14726402048
1789470954	14726402048
1789470959	14726402048
1789470964	14726402048
1789470969	14726402048
1789470974	14726402048
1789470979	14726402048
1789470984	14726402048
1789470989	14726402048
1789470994	14726402048
1789470999	14726402048
1789471004	14726402048
1789471009	14726402048
1789471014	14726406144
1789471019	14726406144
1789471024	14726406144
1789471029	14726406144
1789471034	14726406144
1789471039	14726406144
1789471044	14726406144
1789471049	14726406144
1789471054	14726406144
1789471059	14726406144
1789471064	14726406144
1789471069	14726406144
1789471074	14726406144
1789471079	14726406144
1789471084	14726406144
1789471089	14726406144
1789471094	14726406144
1789471099	14726406144
1789471104	14726406144
1789471109	14726406144
1789471114	14726406144
1789471119	14726406144
1789471124	14726406144
1789471129	14726406144
1789471134	14726406144
1789471139	14726406144
1789471144	14726406144
1789471149	14726406144
1789471154	14726406144
1789471159	14726406144
1789471164	14726410240
1789471169	14726410240
1789471174	14726410240
1789471179	14726410240
1789471184	14726410240
1789471189	14726410240
1789471194	14726410240
1789471199	14726410240
1789471204	14726410240
1789471209	14726410240
1789471214	14726410240
1789471219	14726410240
1789471224	14726410240
1789471229	14726410240
1789471234	14726410240
1789471239	14726410240
1789471244	14726410240
1789471249	14726410240
1789471254	14726410240
1789471259	14726410240
1789471264	14726410240
1789471269	14726410240
1789471274	14726410240
1789471279	14726410240
1789471284	14726410240
1789471289	14726410240
1789471294	14726410240
1789471299	14726410240
1789471304	14726410240
1789471309	14726410240
1789471314	14726414336
1789471319	14726414336
1789471324	14726414336
1789471329	14726414336
1789471334	14726414336
1789471339	14726414336
1789471344	14726414336
1789471349	14726414336
1789471354	14726414336
1789471359	14726414336
1789471364	14726414336
1789471369	14726414336
1789471374	14726414336
1789471379	14726414336
1789471384	14726414336
1789471389	14726414336
1789471394	14726414336
1789471399	14726414336
1789471404	14726414336
1789471409	14726414336
1789471414	14726414336
1789471419	14726414336
1789471424	14726414336
1789471429	14726414336
1789471434	14726414336
1789471439	14726414336
1789471444	14726414336
1789471449	14726414336
1789471454	14726418432
1789471459	14726418432
1789471464	14726418432
1789471469	14726418432
1789471474	14726418432
1789471479	14726418432
1789471484	14726418432
1789471489	14726418432
1789471494	14726418432
1789471499	14726418432
1789471504	14726418432
1789471509	14726418432
1789471514	14726418432
1789471519	14726418432
1789471524	14726418432
1789471529	14726418432
1789471534	14726418432
1789471539	14726418432
1789471544	14726418432
1789471549	14726418432
1789471554	14726418432
1789471559	14726418432
1789471564	14726418432
1789471569	14726418432
1789471574	14726418432
1789471579	14726418432
1789471584	14726418432
1789471589	14726418432
1789471594	14726418432
1789471599	14726418432
1789471604	14726422528
1789471609	14726422528
1789471615	14726422528
1789471620	14726422528
1789471625	14726422528
1789471630	14726422528
1789471635	14726422528
1789471640	14726422528
1789471645	14726422528
1789471650	14726422528
1789471655	14726422528
1789471660	14726422528
1789471665	14726422528
1789471670	14726422528
1789471675	14726422528
1789471680	14726422528
1789471685	14726422528
1789471690	14726422528
1789471695	14726422528
1789471700	14726422528
1789471705	14726422528
1789471710	14726422528
1789471715	14726422528
1789471720	14726422528
1789471725	14726422528
1789471730	14726422528
1789471735	14726422528
1789471740	14726422528
1789471745	14726422528
1789471750	14726422528
1789471755	14726426624
1789471760	14726426624
1789471765	14726426624
1789471770	14726426624
1789471775	14726426624
1789471780	14726426624
1789471785	14726426624
1789471790	14726426624
1789471795	14726426624
1789471800	14726426624
1789471805	14726426624
1789471810	14726426624
1789471815	14726426624
1789471820	14726426624
1789471825	14726426624
1789471830	14726426624
1789471835	14726426624
1789471840	14726426624
1789471845	14726426624
1789471850	14726426624
1789471855	14726426624
1789471860	14726426624
1789471865	14726426624
1789471870	14726426624
1789471875	14726426624
1789471880	14726426624
1789471885	14726426624
1789471890	14726426624
1789471895	14726426624
1789471900	14726430720
1789471905	14726430720
1789471910	14726430720
1789471915	14726430720
1789471920	14726430720
1789471925	14726430720
1789471930	14726430720
1789471935	14726430720
1789471940	14726430720
1789471945	14726430720
1789471950	14726430720
1789471955	14726430720
1789471960	14726430720
1789471965	14726430720
1789471970	14726430720
1789471975	14726430720
1789471980	14726430720
1789471985	14726430720
1789471990	14726430720
1789471995	14726430720
1789472000	14726430720
1789472005	14726430720
1789472010	14726430720
1789472015	14726430720
1789472020	14726430720
1789472025	14726430720
1789472030	14726430720
1789472035	14726430720
1789472040	14726430720
1789472045	14726430720
1789472050	14726434816
1789472055	14726434816
1789472060	14726434816
1789472065	14726434816
1789472070	14726434816
1789472075	14726434816
1789472080	14726434816
1789472085	14726434816
1789472090	14726434816
1789472095	14726434816
1789472100	14726434816
1789472105	14726434816
1789472110	14726434816
1789472115	14726434816
1789472120	14726434816
1789472125	14726434816
1789472130	14726434816
1789472135	14726434816
1789472140	14726434816
1789472145	14726434816
1789472150	14726434816
1789472155	14726434816
1789472160	14726434816
1789472165	14726434816
1789472170	14726434816
1789472175	14726434816
1789472180	14726434816
1789472185	14726434816
1789472190	14726438912
1789472195	14726438912
1789472200	14726438912
1789472205	14726438912
1789472210	14726438912
1789472215	14726438912
1789472220	14726438912
1789472225	14726438912
1789472230	14726438912
1789472235	14726438912
1789472240	14726438912
1789472245	14726438912
1789472250	14726438912
1789472255	14726438912
1789472260	14726438912
1789472265	14726438912
1789472270	14726438912
1789472275	14726438912
1789472280	14726438912
1789472285	14726438912
1789472290	14726438912
1789472295	14726438912
1789472301	14726438912
1789472306	14726438912
1789472311	14726438912
1789472316	14726438912
1789472321	14726438912
1789472326	14726438912
1789472331	14726443008
1789472336	14726443008
1789472341	14726443008
1789472346	14726443008
1789472351	14726443008
1789472356	14726443008
1789472361	14726443008
1789472366	14726443008
1789472371	14726443008
1789472376	14726443008
1789472381	14726443008
1789472386	14726443008
1789472391	14726443008
1789472396	14726443008
1789472401	14726443008
1789472406	14726443008
1789472411	14726443008
1789472416	14726443008
1789472421	14726443008
1789472426	14726443008
1789472431	14726443008
1789472436	14726443008
1789472441	14726443008
1789472446	14726443008
1789472451	14726443008
1789472456	14726443008
1789472461	14726443008
1789472466	14726443008
1789472471	14726443008
1789472476	14726447104
1789472481	14726447104
1789472486	14726447104
1789472491	14726447104
1789472496	14726447104
1789472501	14726447104
1789472506	14726447104
1789472511	14726447104
1789472516	14726447104
1789472521	14726447104
1789472526	14726447104
1789472531	14726447104
1789472536	14726447104
1789472541	14726447104
1789472546	14726447104
1789472551	14726447104
1789472556	14726447104
1789472561	14726447104
1789472566	14726447104
1789472571	14726447104
1789472576	14726447104
1789472581	14726447104
1789472586	14726447104
1789472591	14726447104
1789472596	14726447104
1789472601	14726447104
1789472606	14726447104
1789472611	14726447104
1789472616	14726447104
1789472621	14726447104
1789472626	14726451200
1789472631	14726451200
1789472636	14726451200
1789472641	14726451200
1789472646	14726451200
1789472651	14726451200
1789472656	14726451200
1789472661	14726451200
1789472666	14726451200
1789472671	14726451200
1789472676	14726451200
1789472681	14726451200
1789472686	14726451200
1789472691	14726451200
1789472696	14726451200
1789472701	14726451200
1789472706	14726451200
1789472711	14726451200
1789472716	14726451200
1789472721	14726451200
1789472726	14726451200
1789472731	14726451200
1789472736	14726451200
1789472741	14726451200
1789472746	14726451200
1789472751	14726451200
1789472756	14726451200
1789472761	14726451200
1789472766	14726451200
1789472771	14726455296
1789472776	14726455296
1789472781	14726455296
1789472786	14726455296
1789472791	14726455296
1789472796	14726455296
1789472801	14726455296
1789472806	14726455296
1789472811	14726455296
1789472816	14726455296
1789472821	14726455296
1789472826	14726455296
1789472831	14726455296
1789472836	14726455296
1789472841	14726455296
1789472846	14726455296
1789472851	14726455296
1789472856	14726455296
1789472861	14726455296
1789472866	14726455296
1789472871	14726455296
1789472876	14726455296
1789472881	14726455296
1789472886	14726455296
1789472891	14726455296
1789472896	14726455296
1789472901	14726455296
1789472906	14726455296
1789472911	14726455296
1789472916	14726455296
1789472921	14726459392
1789472926	14726459392
1789472931	14726459392
1789472936	14726459392
1789472941	14726459392
1789472946	14726459392
1789472951	14726459392
1789472956	14726459392
1789472961	14726459392
1789472966	14726459392
1789472971	14726459392
1789472976	14726459392
1789472981	14726459392
1789472986	14726459392
1789472991	14726459392
1789472997	14726459392
1789473002	14726459392
1789473007	14726459392
1789473012	14726459392
1789473017	14726459392
1789473022	14726459392
1789473027	14726459392
1789473032	14726459392
1789473037	14726459392
1789473042	14726459392
1789473047	14726459392
1789473052	14726459392
1789473057	14726459392
1789473062	14726459392
1789473067	14726459392
1789473072	14726463488
1789473077	14726463488
1789473082	14726463488
1789473087	14726463488
1789473092	14726463488
1789473097	14726463488
1789473102	14726463488
1789473107	14726463488
1789473112	14726463488
1789473117	14726463488
1789473122	14726463488
1789473127	14726463488
1789473132	14726463488
1789473137	14726463488
1789473142	14726463488
1789473147	14726463488
1789473152	14726463488
1789473157	14726463488
1789473162	14726463488
1789473167	14726463488
1789473172	14726463488
1789473177	14726463488
1789473182	14726463488
1789473187	14726463488
1789473192	14726463488
1789473197	14726463488
1789473202	14726463488
1789473207	14726463488
1789473212	14726463488
1789473217	14726463488
1789473222	14726467584
1789473227	14726467584
1789473232	14726467584
1789473237	14726467584
1789473242	14726467584
1789473247	14726467584
1789473252	14726467584
1789473257	14726467584
1789473262	14726467584
1789473267	14726467584
1789473272	14726467584
1789473277	14726467584
1789473282	14726467584
1789473287	14726467584
1789473292	14726467584
1789473297	14726467584
1789473302	14726467584
1789473307	14726467584
1789473312	14726467584
1789473317	14726467584
1789473322	14726467584
1789473327	14726467584
1789473332	14726467584
1789473337	14726467584
1789473342	14726467584
1789473347	14726467584
1789473352	14726467584
1789473357	14726467584
1789473362	14726467584
1789473367	14726471680
1789473372	14726471680
1789473377	14726471680
1789473382	14726471680
1789473387	14726471680
1789473392	14726471680
1789473397	14726471680
1789473402	14726471680
1789473407	14726471680
1789473412	14726471680
1789473417	14726471680
1789473422	14726471680
1789473427	14726471680
1789473432	14726471680
1789473437	14726471680
1789473442	14726471680
1789473447	14726471680
1789473452	14726471680
1789473457	14726471680
1789473462	14726471680
1789473467	14726471680
1789473472	14726471680
1789473477	14726471680
1789473482	14726471680
1789473487	14726471680
1789473492	14726471680
1789473497	14726471680
1789473502	14726471680
1789473507	14726471680
1789473512	14726471680
1789473517	14726475776
1789473522	14726475776
1789473527	14726475776
1789473532	14726475776
1789473537	14726475776
1789473542	14726475776
1789473547	14726475776
1789473552	14726475776
1789473557	14726475776
1789473562	14726475776
1789473567	14726475776
1789473572	14726475776
1789473577	14726475776
1789473582	14726475776
1789473587	14726475776
1789473592	14726475776
1789473597	14726475776
1789473602	14726475776
1789473607	14726475776
1789473612	14726475776
1789473617	14726475776
1789473622	14726475776
1789473627	14726475776
1789473632	14726475776
1789473637	14726475776
1789473642	14726475776
1789473647	14726475776
1789473652	14726475776
1789473657	14726475776
1789473662	14726479872
1789473668	14726479872
1789473673	14726479872
1789473678	14726479872
1789473683	14726479872
1789473688	14726479872
1789473693	14726479872
1789473698	14726479872
1789473703	14726479872
1789473708	14726479872
1789473713	14726479872
1789473718	14726479872
1789473723	14726479872
1789473728	14726479872
1789473733	14726479872
1789473738	14726479872
1789473743	14726479872
1789473748	14726479872
1789473753	14726479872
1789473758	14726479872
1789473763	14726479872
1789473768	14726479872
1789473773	14726479872
1789473778	14726479872
1789473783	14726479872
1789473788	14726479872
1789473793	14726479872
1789473798	14726483968
1789473803	14726483968
1789473808	14726483968
1789473813	14726483968
1789473818	14726483968
1789473823	14726483968
1789473828	14726483968
1789473833	14726483968
1789473838	14726483968
1789473843	14726483968
1789473848	14726483968
1789473853	14726483968
1789473858	14726483968
1789473863	14726483968
1789473868	14726483968
1789473873	14726483968
1789473878	14726483968
1789473883	14726483968
1789473888	14726483968
1789473893	14726483968
1789473898	14726483968
1789473903	14726483968
1789473908	14726483968
1789473913	14726483968
1789473918	14726483968
1789473923	14726483968
1789473928	14726483968
1789473933	14726483968
1789473938	14726483968
1789473943	14726488064
1789473948	14726488064
1789473953	14726488064
1789473958	14726488064
1789473963	14726488064
1789473968	14726488064
1789473973	14726488064
1789473978	14726488064
1789473983	14726488064
1789473988	14726488064
1789473993	14726488064
1789473998	14726488064
1789474003	14726488064
1789474008	14726488064
1789474013	14726488064
1789474018	14726488064
1789474023	14726488064
1789474028	14726488064
1789474033	14726488064
1789474038	14726488064
1789474043	14726488064
1789474048	14726488064
1789474053	14726488064
1789474058	14726488064
1789474063	14726488064
1789474068	14726488064
1789474073	14726488064
1789474078	14726488064
1789474083	14726488064
1789474088	14726492160
1789474093	14726492160
1789474098	14726492160
1789474103	14726492160
1789474108	14726492160
1789474113	14726492160
1789474118	14726492160
1789474123	14726492160
1789474128	14726492160
1789474133	14726492160
1789474138	14726492160
1789474143	14726492160
1789474148	14726492160
1789474153	14726492160
1789474158	14726492160
1789474163	14726492160
1789474168	14726492160
1789474173	14726492160
1789474178	14726492160
1789474183	14726492160
1789474188	14726492160
1789474193	14726492160
1789474198	14726492160
1789474203	14726492160
1789474208	14726492160
1789474213	14726492160
1789474218	14726492160
1789474223	14726492160
1789474228	14726496256
1789474233	14726496256
1789474238	14726496256
1789474243	14726496256
1789474248	14726496256
1789474253	14726496256
1789474258	14726496256
1789474263	14726496256
1789474268	14726496256
1789474273	14726496256
1789474278	14726496256
1789474283	14726496256
1789474288	14726496256
1789474293	14726496256
1789474298	14726496256
1789474303	14726496256
1789474308	14726496256
1789474313	14726496256
1789474318	14726496256
1789474323	14726496256
1789474328	14726496256
1789474333	14726496256
1789474338	14726496256
1789474343	14726496256
1789474348	14726496256
1789474353	14726496256
1789474358	14726496256
1789474363	14726496256
1789474369	14726496256
1789474374	14726496256
1789474379	14726496256
1789474384	14726496256
1789474389	14726500352
1789474394	14726500352
1789474399	14726500352
1789474404	14726500352
1789474409	14726500352
1789474414	14726500352
1789474419	14726500352
1789474424	14726500352
1789474429	14726500352
1789474434	14726500352
1789474439	14726500352
1789474444	14726500352
1789474449	14726500352
1789474454	14726500352
1789474459	14726500352
1789474464	14726500352
1789474469	14726500352
1789474474	14726500352
1789474479	14726500352
1789474484	14726500352
1789474489	14726500352
1789474494	14726500352
1789474499	14726500352
1789474504	14726500352
1789474509	14726500352
1789474514	14726500352
1789474519	14726500352
1789474524	14726500352
1789474529	14726500352
1789474534	14726500352
1789474539	14726500352
1789474544	14726500352
1789474549	14726504448
1789474554	14726504448
1789474559	14726504448
1789474564	14726504448
1789474569	14726504448
1789474574	14726504448
1789474579	14726504448
1789474584	14726504448
1789474589	14726504448
1789474594	14726504448
1789474599	14726504448
1789474604	14726504448
1789474609	14726504448
1789474614	14726504448
1789474619	14726504448
1789474624	14726504448
1789474629	14726504448
1789474634	14726504448
1789474639	14726504448
1789474644	14726504448
1789474649	14726504448
1789474654	14726504448
1789474659	14726504448
1789474664	14726504448
1789474669	14726504448
1789474674	14726504448
1789474679	14726504448
1789474684	14726504448
1789474689	14726504448
1789474694	14726504448
1789474699	14726508544
1789474704	14726508544
1789474709	14726508544
1789474714	14726508544
1789474719	14726508544
1789474724	14726508544
1789474729	14726508544
1789474734	14726508544
1789474739	14726508544
1789474744	14726508544
1789474749	14726508544
1789474754	14726508544
1789474759	14726508544
1789474764	14726508544
1789474769	14726508544
1789474774	14726508544
1789474779	14726508544
1789474784	14726508544
1789474789	14726508544
1789474794	14726508544
1789474799	14726508544
1789474804	14726508544
1789474809	14726508544
1789474814	14726508544
1789474819	14726508544
1789474824	14726508544
1789474829	14726508544
1789474834	14726508544
1789474839	14726508544
1789474844	14726508544
1789474849	14726508544
1789474854	14726508544
1789474859	14726512640
1789474864	14726512640
1789474869	14726512640
1789474874	14726512640
1789474879	14726512640
1789474884	14726512640
1789474889	14726512640
1789474894	14726512640
1789474899	14726512640
1789474904	14726512640
1789474909	14726512640
1789474914	14726512640
1789474919	14726512640
1789474924	14726512640
1789474929	14726512640
1789474934	14726512640
1789474939	14726512640
1789474944	14726512640
1789474949	14726512640
1789474954	14726512640
1789474959	14726512640
1789474964	14726512640
1789474969	14726512640
1789474974	14726512640
1789474979	14726512640
1789474984	14726512640
1789474989	14726512640
1789474994	14726512640
1789474999	14726512640
1789475004	14726512640
1789475009	14726512640
1789475014	14726512640
1789475019	14726516736
1789475024	14726516736
1789475029	14726516736
1789475034	14726516736
1789475039	14726516736
1789475044	14726516736
1789475049	14726516736
1789475055	14726516736
1789475060	14726516736
1789475065	14726516736
1789475070	14726516736
1789475075	14726516736
1789475080	14726516736
1789475085	14726516736
1789475090	14726516736
1789475095	14726516736
1789475100	14726516736
1789475105	14726516736
1789475110	14726516736
1789475115	14726516736
1789475120	14726516736
1789475125	14726516736
1789475130	14726516736
1789475135	14726516736
1789475140	14726516736
1789475145	14726516736
1789475150	14726516736
1789475155	14726516736
1789475160	14726516736
1789475165	14726516736
1789475170	14726516736
1789475175	14726520832
1789475180	14726520832
1789475185	14726520832
1789475190	14726520832
1789475195	14726520832
1789475200	14726520832
1789475205	14726520832
1789475210	14726520832
1789475215	14726520832
1789475220	14726520832
1789475225	14726520832
1789475230	14726520832
1789475235	14726520832
1789475240	14726520832
1789475245	14726520832
1789475250	14726520832
1789475255	14726520832
1789475260	14726520832
1789475265	14726520832
1789475270	14726520832
1789475275	14726520832
1789475280	14726520832
1789475285	14726520832
1789475290	14726520832
1789475295	14726520832
1789475300	14726520832
1789475305	14726520832
1789475310	14726520832
1789475315	14726520832
1789475320	14726520832
1789475325	14726520832
1789475330	14726524928
1789475335	14726524928
1789475340	14726524928
1789475345	14726524928
1789475350	14726524928
1789475355	14726524928
1789475360	14726524928
1789475365	14726524928
1789475370	14726524928
1789475375	14726524928
1789475380	14726524928
1789475385	14726524928
1789475390	14726524928
1789475395	14726524928
1789475400	14726524928
1789475405	14726524928
1789475410	14726524928
1789475415	14726524928
1789475420	14726524928
1789475425	14726524928
1789475430	14726524928
1789475435	14726524928
1789475440	14726524928
1789475445	14726524928
1789475450	14726524928
1789475455	14726524928
1789475460	14726524928
1789475465	14726524928
1789475470	14726524928
1789475475	14726524928
1789475480	14726524928
1789475485	14726524928
1789475490	14726529024
1789475495	14726529024
1789475500	14726529024
1789475505	14726529024
1789475510	14726529024
1789475515	14726529024
1789475520	14726529024
1789475525	14726529024
1789475530	14726529024
1789475535	14726529024
1789475540	14726529024
1789475545	14726529024
1789475550	14726529024
1789475555	14726529024
1789475560	14726529024
1789475565	14726529024
1789475570	14726529024
1789475575	14726529024
1789475580	14726529024
1789475585	14726529024
1789475590	14726529024
1789475595	14726529024
1789475600	14726529024
1789475605	14726529024
1789475610	14726529024
1789475615	14726529024
1789475620	14726529024
1789475625	14726529024
1789475630	14726529024
1789475635	14726529024
1789475640	14726529024
1789475645	14726533120
1789475650	14726533120
1789475655	14726533120
1789475660	14726533120
1789475665	14726533120
1789475670	14726533120
1789475675	14726533120
1789475680	14726533120
1789475685	14726533120
1789475690	14726533120
1789475695	14726533120
1789475700	14726533120
1789475705	14726533120
1789475710	14726533120
1789475715	14726533120
1789475720	14726533120
1789475725	14726533120
1789475730	14726533120
1789475735	14726533120
1789475740	14726533120
1789475745	14726533120
1789475750	14726533120
1789475755	14726533120
1789475760	14726533120
1789475766	14726533120
1789475771	14726533120
1789475776	14726533120
1789475781	14726533120
1789475786	14726533120
1789475791	14726533120
1789475796	14726533120
1789475801	14726537216
1789475806	14726537216
1789475811	14726537216
1789475816	14726537216
1789475821	14726537216
1789475826	14726537216
1789475831	14726537216
1789475836	14726537216
1789475841	14726537216
1789475846	14726537216
1789475851	14726537216
1789475856	14726537216
1789475861	14726537216
1789475866	14726537216
1789475871	14726537216
1789475876	14726537216
1789475881	14726537216
1789475886	14726537216
1789475891	14726537216
1789475896	14726537216
1789475901	14726537216
1789475906	14726537216
1789475911	14726537216
1789475916	14726537216
1789475921	14726537216
1789475926	14726537216
1789475931	14726537216
1789475936	14726537216
1789475941	14726537216
1789475946	14726537216
1789475951	14726537216
1789475956	14726537216
1789475961	14726541312
1789475966	14726541312
1789475971	14726541312
1789475976	14726541312
1789475981	14726541312
1789475986	14726541312
1789475991	14726541312
1789475996	14726541312
1789476001	14726541312
1789476006	14726541312
1789476011	14726541312
1789476016	14726541312
1789476021	14726541312
1789476026	14726541312
1789476031	14726541312
1789476036	14726541312
1789476041	14726541312
1789476046	14726541312
1789476051	14726541312
1789476056	14726541312
1789476061	14726541312
1789476066	14726541312
1789476071	14726541312
1789476076	14726541312
1789476081	14726541312
1789476086	14726541312
1789476091	14726541312
1789476096	14726541312
1789476101	14726541312
1789476106	14726541312
1789476111	14726545408
1789476116	14726545408
1789476121	14726545408
1789476126	14726545408
1789476131	14726545408
1789476136	14726545408
1789476141	14726545408
1789476146	14726545408
1789476151	14726545408
1789476156	14726545408
1789476161	14726545408
1789476166	14726545408
1789476171	14726545408
1789476176	14726545408
1789476181	14726545408
1789476186	14726545408
1789476191	14726545408
1789476196	14726545408
1789476201	14726545408
1789476206	14726545408
1789476211	14726545408
1789476216	14726545408
1789476221	14726545408
1789476226	14726545408
1789476231	14726545408
1789476236	14726545408
1789476241	14726545408
1789476246	14726545408
1789476251	14726545408
1789476256	14726545408
1789476261	14726545408
1789476266	14726549504
1789476271	14726549504
1789476276	14726549504
1789476281	14726549504
1789476286	14726549504
1789476291	14726549504
1789476296	14726549504
1789476301	14726549504
1789476306	14726549504
1789476311	14726549504
1789476316	14726549504
1789476321	14726549504
1789476326	14726549504
1789476331	14726549504
1789476336	14726549504
1789476341	14726549504
1789476346	14726549504
1789476351	14726549504
1789476356	14726549504
1789476361	14726549504
1789476366	14726549504
1789476371	14726549504
1789476376	14726549504
1789476381	14726549504
1789476386	14726549504
1789476391	14726549504
1789476396	14726549504
1789476401	14726549504
1789476406	14726549504
1789476411	14726549504
1789476416	14726549504
1789476421	14726549504
1789476426	14726553600
1789476431	14726553600
1789476436	14726553600
1789476441	14726553600
1789476446	14726553600
1789476451	14726553600
1789476456	14726553600
1789476461	14726553600
1789476467	14726553600
1789476472	14726553600
1789476477	14726553600
1789476482	14726553600
1789476487	14726553600
1789476492	14726553600
1789476497	14726553600
1789476502	14726553600
1789476507	14726553600
1789476512	14726553600
1789476517	14726553600
1789476522	14726553600
1789476527	14726553600
1789476532	14726553600
1789476537	14726553600
1789476542	14726553600
1789476547	14726553600
1789476552	14726553600
1789476557	14726553600
1789476562	14726553600
1789476567	14726553600
1789476572	14726553600
1789476577	14726557696
1789476582	14726557696
1789476587	14726557696
1789476592	14726557696
1789476597	14726557696
1789476602	14726557696
1789476607	14726557696
1789476612	14726557696
1789476617	14726557696
1789476622	14726557696
1789476627	14726557696
1789476632	14726557696
1789476637	14726557696
1789476642	14726557696
1789476647	14726557696
1789476652	14726557696
1789476657	14726557696
1789476662	14726557696
1789476667	14726557696
1789476672	14726557696
1789476677	14726557696
1789476682	14726557696
1789476687	14726557696
1789476692	14726557696
1789476697	14726557696
1789476702	14726557696
1789476707	14726557696
1789476712	14726557696
1789476717	14726557696
1789476722	14726557696
1789476727	14726557696
1789476732	14726557696
1789476737	14726557696
1789476742	14726557696
1789476747	14726561792
1789476752	14726561792
1789476757	14726561792
1789476762	14726561792
1789476767	14726561792
1789476772	14726561792
1789476777	14726561792
1789476782	14726561792
1789476787	14726561792
1789476792	14726561792
1789476797	14726561792
1789476802	14726561792
1789476807	14726561792
1789476812	14726561792
1789476817	14726561792
1789476822	14726561792
1789476827	14726561792
1789476832	14726561792
1789476837	14726561792
1789476842	14726561792
1789476847	14726561792
1789476852	14726561792
1789476857	14726561792
1789476862	14726561792
1789476867	14726561792
1789476872	14726561792
1789476877	14726561792
1789476882	14726561792
1789476887	14726561792
1789476892	14726561792
1789476897	14726561792
1789476902	14726561792
1789476907	14726561792
1789476912	14726565888
1789476917	14726565888
1789476922	14726565888
1789476927	14726565888
1789476932	14726565888
1789476937	14726565888
1789476942	14726565888
1789476947	14726565888
1789476952	14726565888
1789476957	14726565888
1789476962	14726565888
1789476967	14726565888
1789476972	14726565888
1789476977	14726565888
1789476982	14726565888
1789476987	14726565888
1789476992	14726565888
1789476997	14726565888
1789477002	14726565888
1789477007	14726565888
1789477012	14726565888
1789477017	14726565888
1789477022	14726565888
1789477027	14726565888
1789477032	14726565888
1789477037	14726565888
1789477042	14726565888
1789477047	14726565888
1789477052	14726565888
1789477057	14726565888
1789477062	14726565888
1789477067	14726569984
1789477072	14726569984
1789477077	14726569984
1789477082	14726569984
1789477087	14726569984
1789477092	14726569984
1789477097	14726569984
1789477102	14726569984
1789477107	14726569984
1789477112	14726569984
1789477117	14726569984
1789477122	14726569984
1789477128	14726569984
1789477133	14726569984
1789477138	14726569984
1789477143	14726569984
1789477148	14726569984
1789477153	14726569984
1789477158	14726569984
1789477163	14726569984
1789477168	14726569984
1789477173	14726569984
1789477178	14726569984
1789477183	14726569984
1789477188	14726569984
1789477193	14726569984
1789477198	14726569984
1789477203	14726569984
1789477208	14726569984
1789477213	14726569984
1789477218	14726569984
1789477223	14726569984
1789477228	14726569984
1789477233	14726574080
1789477238	14726574080
1789477243	14726574080
1789477248	14726574080
1789477253	14726574080
1789477258	14726574080
1789477263	14726574080
1789477268	14726574080
1789477273	14726574080
1789477278	14726574080
1789477283	14726574080
1789477288	14726574080
1789477293	14726574080
1789477298	14726574080
1789477303	14726574080
1789477308	14726574080
1789477313	14726574080
1789477318	14726574080
1789477323	14726574080
1789477328	14726574080
1789477333	14726574080
1789477338	14726574080
1789477343	14726574080
1789477348	14726574080
1789477353	14726574080
1789477358	14726574080
1789477363	14726574080
1789477368	14726574080
1789477373	14726574080
1789477378	14726574080
1789477383	14726574080
1789477388	14726574080
1789477393	14726578176
1789477398	14726578176
1789477403	14726578176
1789477408	14726578176
1789477413	14726578176
1789477418	14726578176
1789477423	14726578176
1789477428	14726578176
1789477433	14726578176
1789477438	14726578176
1789477443	14726578176
1789477448	14726578176
1789477453	14726578176
1789477458	14726578176
1789477463	14726578176
1789477468	14726578176
1789477473	14726578176
1789477478	14726578176
1789477483	14726578176
1789477488	14726578176
1789477493	14726578176
1789477498	14726578176
1789477503	14726578176
1789477508	14726578176
1789477513	14726578176
1789477518	14726578176
1789477523	14726578176
1789477528	14726578176
1789477533	14726578176
1789477538	14726578176
1789477543	14726578176
1789477548	14726578176
1789477553	14726582272
1789477558	14726582272
1789477563	14726582272
1789477568	14726582272
1789477573	14726582272
1789477578	14726582272
1789477583	14726582272
1789477588	14726582272
1789477593	14726582272
1789477598	14726582272
1789477603	14726582272
1789477608	14726582272
1789477613	14726582272
1789477618	14726582272
1789477623	14726582272
1789477628	14726582272
1789477633	14726582272
1789477638	14726582272
1789477643	14726582272
1789477648	14726582272
1789477653	14726582272
1789477658	14726582272
1789477663	14726582272
1789477668	14726582272
1789477673	14726582272
1789477678	14726582272
1789477683	14726582272
1789477688	14726582272
1789477693	14726582272
1789477698	14726582272
1789477703	14726582272
1789477708	14726582272
1789477713	14726586368
1789477718	14726586368
1789477723	14726586368
1789477728	14726586368
1789477733	14726586368
1789477738	14726586368
1789477743	14726586368
1789477748	14726586368
1789477753	14726586368
1789477758	14726586368
1789477763	14726586368
1789477768	14726586368
1789477773	14726586368
1789477778	14726586368
1789477783	14726586368
1789477788	14726586368
1789477793	14726586368
1789477798	14726586368
1789477804	14726586368
1789477809	14726586368
1789477814	14726586368
1789477819	14726586368
1789477824	14726586368
1789477829	14726586368
1789477834	14726586368
1789477839	14726586368
1789477844	14726586368
1789477849	14726586368
1789477854	14726586368
1789477859	14726586368
1789477864	14726586368
1789477869	14726586368
1789477874	14726590464
1789477879	14726590464
1789477884	14726590464
1789477889	14726590464
1789477894	14726590464
1789477899	14726590464
1789477904	14726590464
1789477909	14726590464
1789477914	14726590464
1789477919	14726590464
1789477924	14726590464
1789477929	14726590464
1789477934	14726590464
1789477939	14726590464
1789477944	14726590464
1789477949	14726590464
1789477954	14726590464
1789477959	14726590464
1789477964	14726590464
1789477969	14726590464
1789477974	14726590464
1789477979	14726590464
1789477984	14726590464
1789477989	14726590464
1789477994	14726590464
1789477999	14726590464
1789478004	14726590464
1789478009	14726590464
1789478014	14726590464
1789478019	14726590464
1789478024	14726590464
1789478029	14726594560
1789478034	14726594560
1789478039	14726594560
1789478044	14726594560
1789478049	14726594560
1789478054	14726594560
1789478059	14726594560
1789478064	14726594560
1789478069	14726594560
1789478074	14726594560
1789478079	14726594560
1789478084	14726594560
1789478089	14726594560
1789478094	14726594560
1789478099	14726594560
1789478104	14726594560
1789478109	14726594560
1789478114	14726594560
1789478119	14726594560
1789478124	14726594560
1789478129	14726594560
1789478134	14726594560
1789478139	14726594560
1789478144	14726594560
1789478149	14726594560
1789478154	14726594560
1789478159	14726594560
1789478164	14726594560
1789478169	14726594560
1789478174	14726594560
1789478179	14726594560
1789478184	14726594560
1789478189	14726598656
1789478194	14726598656
1789478199	14726598656
1789478204	14726598656
1789478209	14726598656
1789478214	14726598656
1789478219	14726598656
1789478224	14726598656
1789478229	14726598656
1789478234	14726598656
1789478239	14726598656
1789478244	14726598656
1789478249	14726598656
1789478254	14726598656
1789478259	14726598656
1789478264	14726598656
1789478269	14726598656
1789478274	14726598656
1789478279	14726598656
1789478284	14726598656
1789478289	14726598656
1789478294	14726598656
1789478299	14726598656
1789478304	14726598656
1789478309	14726598656
1789478314	14726598656
1789478319	14726598656
1789478324	14726598656
1789478329	14726598656
1789478334	14726598656
1789478339	14726598656
1789478344	14726598656
1789478349	14726602752
1789478354	14726602752
1789478359	14726602752
1789478364	14726602752
1789478369	14726602752
1789478374	14726602752
1789478379	14726602752
1789478384	14726602752
1789478389	14726602752
1789478394	14726602752
1789478399	14726602752
1789478404	14726602752
1789478409	14726602752
1789478414	14726602752
1789478419	14726602752
1789478424	14726602752
1789478429	14726602752
1789478434	14726602752
1789478439	14726602752
1789478444	14726602752
1789478449	14726602752
1789478454	14726602752
1789478459	14726602752
1789478464	14726602752
1789478469	14726602752
1789478474	14726602752
1789478479	14726602752
1789478484	14726602752
1789478490	14726602752
1789478495	14726602752
1789478500	14726602752
1789478505	14726606848
1789478510	14726606848
1789478515	14726606848
1789478520	14726606848
1789478525	14726606848
1789478530	14726606848
1789478535	14726606848
1789478540	14726606848
1789478545	14726606848
1789478550	14726606848
1789478555	14726606848
1789478560	14726606848
1789478565	14726606848
1789478570	14726606848
1789478575	14726606848
1789478580	14726606848
1789478585	14726606848
1789478590	14726606848
1789478595	14726606848
1789478600	14726606848
1789478605	14726606848
1789478610	14726606848
1789478615	14726606848
1789478620	14726606848
1789478625	14726606848
1789478630	14726606848
1789478635	14726606848
1789478640	14726606848
1789478645	14726606848
1789478650	14726606848
1789478655	14726606848
1789478660	14726606848
1789478665	14726610944
1789478670	14726610944
1789478675	14726610944
1789478680	14726610944
1789478685	14726610944
1789478690	14726610944
1789478695	14726610944
1789478700	14726610944
1789478705	14726610944
1789478710	14726610944
1789478715	14726610944
1789478720	14726610944
1789478725	14726610944
1789478730	14726610944
1789478735	14726610944
1789478740	14726610944
1789478745	14726610944
1789478750	14726610944
1789478755	14726610944
1789478760	14726610944
1789478765	14726610944
1789478770	14726610944
1789478775	14726610944
1789478780	14726610944
1789478785	14726610944
1789478790	14726610944
1789478795	14726610944
1789478800	14726610944
1789478805	14726610944
1789478810	14726610944
1789478815	14726610944
1789478820	14726610944
1789478825	14726615040
1789478830	14726615040
1789478835	14726615040
1789478840	14726615040
1789478845	14726615040
1789478850	14726615040
1789478855	14726615040
1789478860	14726615040
1789478865	14726615040
1789478870	14726615040
1789478875	14726615040
1789478880	14726615040
1789478885	14726615040
1789478890	14726615040
1789478895	14726615040
1789478900	14726615040
1789478905	14726615040
1789478910	14726615040
1789478915	14726615040
1789478920	14726615040
1789478925	14726615040
1789478930	14726615040
1789478935	14726615040
1789478940	14726615040
1789478945	14726615040
1789478950	14726615040
1789478955	14726615040
1789478960	14726615040
1789478965	14726615040
1789478970	14726615040
1789478975	14726615040
1789478980	14726615040
1789478985	14726615040
1789478990	14726619136
1789478995	14726619136
1789479000	14726619136
1789479005	14726619136
1789479010	14726619136
1789479015	14726619136
1789479020	14726619136
1789479025	14726619136
1789479030	14726619136
1789479035	14726619136
1789479040	14726619136
1789479045	14726619136
1789479050	14726619136
1789479055	14726619136
1789479060	14726619136
1789479065	14726619136
1789479070	14726619136
1789479075	14726619136
1789479080	14726619136
1789479085	14726619136
1789479090	14726619136
1789479095	14726619136
1789479100	14726619136
1789479105	14726619136
1789479110	14726619136
1789479115	14726619136
1789479120	14726619136
1789479125	14726619136
1789479130	14726619136
1789479135	14726619136
1789479140	14726619136
1789479145	14726623232
1789479150	14726623232
1789479156	14726623232
1789479161	14726623232
1789479166	14726623232
1789479171	14726623232
1789479176	14726623232
1789479181	14726623232
1789479186	14726623232
1789479191	14726623232
1789479196	14726623232
1789479201	14726623232
1789479206	14726623232
1789479211	14726623232
1789479216	14726623232
1789479221	14726623232
1789479226	14726623232
1789479231	14726623232
1789479236	14726623232
1789479241	14726623232
1789479246	14726623232
1789479251	14726623232
1789479256	14726623232
1789479261	14726623232
1789479266	14726623232
1789479271	14726623232
1789479276	14726623232
1789479281	14726623232
1789479286	14726623232
1789479291	14726623232
1789479296	14726623232
1789479301	14726623232
1789479306	14726627328
1789479311	14726627328
1789479316	14726627328
1789479321	14726627328
1789479326	14726627328
1789479331	14726627328
1789479336	14726627328
1789479341	14726627328
1789479346	14726627328
1789479351	14726627328
1789479356	14726627328
1789479361	14726627328
1789479366	14726627328
1789479371	14726627328
1789479376	14726627328
1789479381	14726627328
1789479386	14726627328
1789479391	14726627328
1789479396	14726627328
1789479401	14726627328
1789479406	14726627328
1789479411	14726627328
1789479416	14726627328
1789479421	14726627328
1789479426	14726627328
1789479431	14726627328
1789479436	14726627328
1789479441	14726627328
1789479446	14726627328
1789479451	14726627328
1789479456	14726627328
1789479461	14726627328
1789479466	14726631424
1789479471	14726631424
1789479476	14726631424
1789479481	14726631424
1789479486	14726631424
1789479491	14726631424
1789479496	14726631424
1789479501	14726631424
1789479506	14726631424
1789479511	14726631424
1789479516	14726631424
1789479521	14726631424
1789479526	14726631424
1789479531	14726631424
1789479536	14726631424
1789479541	14726631424
1789479546	14726631424
1789479551	14726631424
1789479556	14726631424
1789479561	14726631424
1789479566	14726631424
1789479571	14726631424
1789479576	14726631424
1789479581	14726631424
1789479586	14726631424
1789479591	14726631424
1789479596	14726631424
1789479601	14726631424
1789479606	14726631424
1789479611	14726631424
1789479616	14726631424
1789479621	14726635520
1789479626	14726635520
1789479631	14726635520
1789479636	14726635520
1789479641	14726635520
1789479646	14726635520
1789479651	14726635520
1789479656	14726635520
1789479661	14726635520
1789479666	14726635520
1789479671	14726635520
1789479676	14726635520
1789479681	14726635520
1789479686	14726635520
1789479691	14726635520
1789479696	14726635520
1789479701	14726635520
1789479706	14726635520
1789479711	14726635520
1789479716	14726635520
1789479721	14726635520
1789479726	14726635520
1789479731	14726635520
1789479736	14726635520
1789479741	14726635520
1789479746	14726635520
1789479751	14726635520
1789479756	14726635520
1789479761	14726635520
1789479766	14726635520
1789479771	14726635520
1789479776	14726635520
1789479781	14726639616
1789479786	14726639616
1789479791	14726639616
1789479796	14726639616
1789479801	14726639616
1789479806	14726639616
1789479811	14726639616
1789479816	14726639616
1789479821	14726639616
1789479826	14726639616
1789479832	14726639616
1789479837	14726639616
1789479842	14726639616
1789479847	14726639616
1789479852	14726639616
1789479857	14726639616
1789479862	14726639616
1789479867	14726639616
1789479872	14726639616
1789479877	14726639616
1789479882	14726639616
1789479887	14726639616
1789479892	14726639616
1789479897	14726639616
1789479902	14726639616
1789479907	14726639616
1789479912	14726639616
1789479917	14726639616
1789479922	14726639616
1789479927	14726639616
1789479932	14726639616
1789479937	14726639616
1789479942	14726643712
1789479947	14726643712
1789479952	14726643712
1789479957	14726643712
1789479962	14726643712
1789479967	14726643712
1789479972	14726643712
1789479977	14726643712
1789479982	14726643712
1789479987	14726643712
1789479992	14726643712
1789479997	14726643712
1789480002	14726643712
1789480007	14726643712
1789480012	14726643712
1789480017	14726643712
1789480022	14726643712
1789480027	14726643712
1789480032	14726643712
1789480037	14726643712
1789480042	14726643712
1789480047	14726643712
1789480052	14726643712
1789480057	14726643712
1789480062	14726643712
1789480067	14726643712
1789480072	14726643712
1789480077	14726643712
1789480082	14726643712
1789480087	14726643712
1789480092	14726643712
1789480097	14726647808
1789480102	14726647808
1789480107	14726647808
1789480112	14726647808
1789480117	14726647808
1789480122	14726647808
1789480127	14726647808
1789480132	14726647808
1789480137	14726647808
1789480142	14726647808
1789480147	14726647808
1789480152	14726647808
1789480157	14726647808
1789480162	14726647808
1789480167	14726647808
1789480172	14726647808
1789480177	14726647808
1789480182	14726647808
1789480187	14726647808
1789480192	14726647808
1789480197	14726647808
1789480202	14726647808
1789480207	14726647808
1789480212	14726647808
1789480217	14726647808
1789480222	14726647808
1789480227	14726647808
1789480232	14726647808
1789480237	14726647808
1789480242	14726647808
1789480247	14726647808
1789480252	14726647808
1789480257	14726651904
1789480262	14726651904
1789480267	14726651904
1789480272	14726651904
1789480277	14726651904
1789480282	14726651904
1789480287	14726651904
1789480292	14726651904
1789480297	14726651904
1789480302	14726651904
1789480307	14726651904
1789480312	14726651904
1789480317	14726651904
1789480322	14726651904
1789480327	14726651904
1789480332	14726651904
1789480337	14726651904
1789480342	14726651904
1789480347	14726651904
1789480352	14726651904
1789480357	14726651904
1789480362	14726651904
1789480367	14726651904
1789480372	14726651904
1789480377	14726651904
1789480382	14726651904
1789480387	14726651904
1789480392	14726651904
1789480397	14726651904
1789480402	14726651904
1789480407	14726651904
1789480412	14726651904
1789480417	14726656000
1789480422	14726656000
1789480427	14726656000
1789480432	14726656000
1789480437	14726656000
1789480442	14726656000
1789480447	14726656000
1789480452	14726656000
1789480457	14726656000
1789480462	14726656000
1789480467	14726656000
1789480472	14726656000
1789480477	14726656000
1789480482	14726656000
1789480487	14726656000
1789480492	14726656000
1789480497	14726656000
1789480502	14726656000
1789480508	14726656000
1789480513	14726656000
1789480518	14726656000
1789480523	14726656000
1789480528	14726656000
1789480533	14726656000
1789480538	14726656000
1789480543	14726656000
1789480548	14726656000
1789480553	14726656000
1789480558	14726656000
1789480563	14726656000
1789480568	14726656000
1789480573	14726660096
1789480578	14726660096
1789480583	14726660096
1789480588	14726660096
1789480593	14726660096
1789480598	14726660096
1789480603	14726660096
1789480608	14726660096
1789480613	14726660096
1789480618	14726660096
1789480623	14726660096
1789480628	14726660096
1789480633	14726660096
1789480638	14726660096
1789480643	14726660096
1789480648	14726660096
1789480653	14726660096
1789480658	14726660096
1789480663	14726660096
1789480668	14726660096
1789480673	14726660096
1789480678	14726660096
1789480683	14726660096
1789480688	14726660096
1789480693	14726660096
1789480698	14726660096
1789480703	14726660096
1789480708	14726660096
1789480713	14726660096
1789480718	14726660096
1789480723	14726660096
1789480728	14726660096
1789480733	14726664192
1789480738	14726664192
1789480743	14726664192
1789480748	14726664192
1789480753	14726664192
1789480758	14726664192
1789480763	14726664192
1789480768	14726664192
1789480773	14726664192
1789480778	14726664192
1789480783	14726664192
1789480788	14726664192
1789480793	14726664192
1789480798	14726664192
1789480803	14726664192
1789480808	14726664192
1789480813	14726664192
1789480818	14726664192
1789480823	14726664192
1789480828	14726664192
1789480833	14726664192
1789480838	14726664192
1789480843	14726664192
1789480848	14726664192
1789480853	14726664192
1789480858	14726664192
1789480863	14726664192
1789480868	14726664192
1789480873	14726664192
1789480878	14726664192
1789480883	14726664192
1789480888	14726664192
1789480893	14726668288
1789480898	14726668288
1789480903	14726668288
1789480908	14726668288
1789480913	14726668288
1789480918	14726668288
1789480923	14726668288
1789480928	14726668288
1789480933	14726668288
1789480938	14726668288
1789480943	14726668288
1789480948	14726668288
1789480953	14726668288
1789480958	14726668288
1789480963	14726668288
1789480968	14726668288
1789480973	14726668288
1789480978	14726668288
1789480983	14726668288
1789480988	14726668288
1789480993	14726668288
1789480998	14726668288
1789481003	14726668288
1789481008	14726668288
1789481013	14726668288
1789481018	14726668288
1789481023	14726668288
1789481028	14726668288
1789481033	14726668288
1789481038	14726668288
1789481043	14726668288
1789481048	14726668288
1789481053	14726672384
1789481058	14726672384
1789481063	14726672384
1789481068	14726672384
1789481073	14726672384
1789481078	14726672384
1789481083	14726672384
1789481088	14726672384
1789481093	14726672384
1789481098	14726672384
1789481103	14726672384
1789481108	14726672384
1789481113	14726672384
1789481118	14726672384
1789481123	14726672384
1789481128	14726672384
1789481133	14726672384
1789481138	14726672384
1789481143	14726672384
1789481148	14726672384
1789481153	14726672384
1789481158	14726672384
1789481163	14726672384
1789481168	14726672384
1789481173	14726672384
1789481179	14726672384
1789481184	14726672384
1789481189	14726672384
1789481194	14726672384
1789481199	14726672384
1789481204	14726672384
1789481209	14726672384
1789481214	14726672384
1789481219	14726672384
1789481224	14726676480
1789481229	14726676480
1789481234	14726676480
1789481239	14726676480
1789481244	14726676480
1789481249	14726676480
1789481254	14726676480
1789481259	14726676480
1789481264	14726676480
1789481269	14726676480
1789481274	14726676480
1789481279	14726676480
1789481284	14726676480
1789481289	14726676480
1789481294	14726676480
1789481299	14726676480
1789481304	14726676480
1789481309	14726676480
1789481314	14726676480
1789481319	14726676480
1789481324	14726676480
1789481329	14726676480
1789481334	14726676480
1789481339	14726676480
1789481344	14726676480
1789481349	14726676480
1789481354	14726676480
1789481359	14726676480
1789481364	14726676480
1789481369	14726676480
1789481374	14726676480
1789481379	14726676480
1789481384	14726680576
1789481389	14726680576
1789481394	14726680576
1789481399	14726680576
1789481404	14726680576
1789481409	14726680576
1789481414	14726680576
1789481419	14726680576
1789481424	14726680576
1789481429	14726680576
1789481434	14726680576
1789481439	14726680576
1789481444	14726680576
1789481449	14726680576
1789481454	14726680576
1789481459	14726680576
1789481464	14726680576
1789481469	14726680576
1789481474	14726680576
1789481479	14726680576
1789481484	14726680576
1789481489	14726680576
1789481494	14726680576
1789481499	14726680576
1789481504	14726680576
1789481509	14726680576
1789481514	14726680576
1789481519	14726680576
1789481524	14726680576
1789481529	14726680576
1789481534	14726680576
1789481539	14726680576
1789481544	14726680576
1789481549	14726684672
1789481554	14726684672
1789481559	14726684672
1789481564	14726684672
1789481569	14726684672
1789481574	14726684672
1789481579	14726684672
1789481584	14726684672
1789481589	14726684672
1789481594	14726684672
1789481599	14726684672
1789481604	14726684672
1789481609	14726684672
1789481614	14726684672
1789481619	14726684672
1789481624	14726684672
1789481629	14726684672
1789481634	14726684672
1789481639	14726684672
1789481644	14726684672
1789481649	14726684672
1789481654	14726684672
1789481659	14726684672
1789481664	14726684672
1789481669	14726684672
1789481674	14726684672
1789481679	14726684672
1789481684	14726684672
1789481689	14726684672
1789481694	14726684672
1789481699	14726684672
1789481704	14726684672
1789481709	14726684672
1789481714	14726684672
1789481719	14726688768
1789481724	14726688768
1789481729	14726688768
1789481734	14726688768
1789481739	14726688768
1789481744	14726688768
1789481749	14726688768
1789481754	14726688768
1789481759	14726688768
1789481764	14726688768
1789481769	14726688768
1789481774	14726688768
1789481779	14726688768
1789481784	14726688768
1789481789	14726688768
1789481794	14726688768
1789481799	14726688768
1789481804	14726688768
1789481809	14726688768
1789481814	14726688768
1789481819	14726688768
1789481824	14726688768
1789481829	14726688768
1789481834	14726688768
1789481839	14726688768
1789481844	14726688768
1789481849	14726688768
1789481854	14726688768
1789481859	14726688768
1789481864	14726688768
1789481870	14726688768
1789481875	14726688768
1789481880	14726692864
1789481885	14726692864
1789481890	14726692864
1789481895	14726692864
1789481900	14726692864
1789481905	14726692864
1789481910	14726692864
1789481915	14726692864
1789481920	14726692864
1789481925	14726692864
1789481930	14726692864
1789481935	14726692864
1789481940	14726692864
1789481945	14726692864
1789481950	14726692864
1789481955	14726692864
1789481960	14726692864
1789481965	14726692864
1789481970	14726692864
1789481975	14726692864
1789481980	14726692864
1789481985	14726692864
1789481990	14726692864
1789481995	14726692864
1789482000	14726692864
1789482005	14726692864
1789482010	14726692864
1789482015	14726692864
1789482020	14726692864
1789482025	14726692864
1789482030	14726692864
1789482035	14726692864
1789482040	14726692864
1789482045	14726696960
1789482050	14726696960
1789482055	14726696960
1789482060	14726696960
1789482065	14726696960
1789482070	14726696960
1789482075	14726696960
1789482080	14726696960
1789482085	14726696960
1789482090	14726696960
1789482095	14726696960
1789482100	14726696960
1789482105	14726696960
1789482110	14726696960
1789482115	14726696960
1789482120	14726696960
1789482125	14726696960
1789482130	14726696960
1789482135	14726696960
1789482140	14726696960
1789482145	14726696960
1789482150	14726696960
1789482155	14726696960
1789482160	16230600704
1789482165	16230600704
1789482170	16230600704
1789482175	16230600704
1789482180	16230600704
1789482185	16230600704
1789482190	16230600704
1789482195	16230604800
1789482200	16230604800
1789482205	16230604800
1789482210	16230604800
1789482215	16230604800
1789482220	16230604800
1789482225	16230604800
1789482230	16230604800
1789482235	16230604800
1789482240	16230604800
1789482245	16230604800
1789482250	16230604800
1789482255	16230604800
1789482260	16230604800
1789482265	16230604800
1789482270	16230604800
1789482275	16230604800
1789482280	16230604800
1789482285	16230604800
1789482290	16230604800
1789482295	16230604800
1789482300	16230604800
1789482305	16230604800
1789482310	16230604800
1789482315	16230604800
1789482320	16230604800
1789482325	16230604800
1789482330	16230604800
1789482335	16230604800
1789482340	16230604800
1789482345	16230604800
1789482350	16230604800
1789482355	16230604800
1789482360	16230604800
1789482365	16230604800
1789482370	16230604800
1789482375	16230604800
1789482380	16230604800
1789482385	16230604800
1789482390	16230604800
1789482395	16230604800
1789482400	16230604800
1789482405	16230604800
1789482410	16230604800
1789482415	16230604800
1789482420	16230604800
1789482425	16230604800
1789482430	16230604800
1789482435	16230604800
1789482440	16230604800
1789482445	16230604800
1789482450	16230604800
1789482455	16230604800
1789482460	16230604800
1789482465	16230604800
1789482470	16230604800
1789482475	16230604800
1789482480	16230604800
1789482485	16230604800
1789482490	16230604800
1789482495	16230604800
1789482500	16230604800
1789482505	16230604800
1789482510	16230604800
1789482515	16230604800
1789482520	16230604800
1789482525	16230604800
1789482530	16230604800
1789482535	16230604800
1789482541	16230604800
1789482546	16230604800
1789482551	16230604800
1789482556	16230604800
1789482561	16230604800
1789482566	16230604800
1789482571	16230604800
1789482576	16230604800
1789482581	16230604800
1789482586	16230604800
1789482591	16230604800
1789482596	16230604800
1789482601	16230604800
1789482606	16230604800
1789482611	16230604800
1789482616	16230604800
1789482621	16230604800
1789482626	16230604800
1789482631	16230604800
1789482636	16230604800
1789482641	16230604800
1789482646	16230604800
1789482651	16230604800
1789482656	16230604800
1789482661	16230604800
1789482666	16230604800
1789482671	16230604800
1789482676	16230604800
1789482681	16230604800
1789482686	16230604800
1789482691	16230604800
1789482696	16230604800
1789482701	16230604800
1789482706	16230604800
1789482711	16230604800
1789482716	16230604800
1789482721	16230604800
1789482726	16230604800
1789482731	16230604800
1789482736	16230604800
1789482741	16230604800
1789482746	16230604800
1789482751	16230604800
1789482756	16230604800
1789482761	16230604800
1789482766	16230604800
1789482771	16230604800
1789482776	16230604800
1789482781	16230604800
1789482786	16230604800
1789482791	16230604800
