TSV conversion: HG005_GRCh38_1_22_v4.2.1_benchmark: started
TSV conversion: HG005_GRCh38_1_22_v4.2.1_benchmark: finished
RMLStreamer: HG005_GRCh38_1_22_v4.2.1_benchmark: started
  RMLStreamer: HG005_GRCh38_1_22_v4.2.1_benchmark: rmlstreamer started — 0 B · 0 parts
  RMLStreamer: HG005_GRCh38_1_22_v4.2.1_benchmark: rmlstreamer heartbeat — 0 B · 0 parts
  RMLStreamer: HG005_GRCh38_1_22_v4.2.1_benchmark: rmlstreamer heartbeat — 1.28 MB · 8 parts
  RMLStreamer: HG005_GRCh38_1_22_v4.2.1_benchmark: rmlstreamer heartbeat — 16.68 MB · 8 parts
  RMLStreamer: HG005_GRCh38_1_22_v4.2.1_benchmark: rmlstreamer heartbeat — 60.72 MB · 8 parts
  RMLStreamer: HG005_GRCh38_1_22_v4.2.1_benchmark: rmlstreamer heartbeat — 112.38 MB · 8 parts
  RMLStreamer: HG005_GRCh38_1_22_v4.2.1_benchmark: rmlstreamer heartbeat — 161.56 MB · 8 parts
  RMLStreamer: HG005_GRCh38_1_22_v4.2.1_benchmark: rmlstreamer heartbeat — 209.61 MB · 8 parts
  RMLStreamer: HG005_GRCh38_1_22_v4.2.1_benchmark: rmlstreamer heartbeat — 261.80 MB · 8 parts
  RMLStreamer: HG005_GRCh38_1_22_v4.2.1_benchmark: rmlstreamer heartbeat — 311.83 MB · 8 parts
  RMLStreamer: HG005_GRCh38_1_22_v4.2.1_benchmark: rmlstreamer heartbeat — 362.89 MB · 8 parts
  RMLStreamer: HG005_GRCh38_1_22_v4.2.1_benchmark: rmlstreamer heartbeat — 411.52 MB · 8 parts
  RMLStreamer: HG005_GRCh38_1_22_v4.2.1_benchmark: rmlstreamer heartbeat — 462.01 MB · 8 parts
  RMLStreamer: HG005_GRCh38_1_22_v4.2.1_benchmark: rmlstreamer heartbeat — 513.02 MB · 8 parts
  RMLStreamer: HG005_GRCh38_1_22_v4.2.1_benchmark: rmlstreamer heartbeat — 561.50 MB · 8 parts
  RMLStreamer: HG005_GRCh38_1_22_v4.2.1_benchmark: rmlstreamer heartbeat — 612.35 MB · 8 parts
  RMLStreamer: HG005_GRCh38_1_22_v4.2.1_benchmark: rmlstreamer heartbeat — 663.47 MB · 8 parts
  RMLStreamer: HG005_GRCh38_1_22_v4.2.1_benchmark: rmlstreamer heartbeat — 714.45 MB · 8 parts
  RMLStreamer: HG005_GRCh38_1_22_v4.2.1_benchmark: rmlstreamer heartbeat — 766.86 MB · 8 parts
  RMLStreamer: HG005_GRCh38_1_22_v4.2.1_benchmark: rmlstreamer heartbeat — 819.60 MB · 8 parts
  RMLStreamer: HG005_GRCh38_1_22_v4.2.1_benchmark: rmlstreamer heartbeat — 869.18 MB · 8 parts
  RMLStreamer: HG005_GRCh38_1_22_v4.2.1_benchmark: rmlstreamer heartbeat — 920.42 MB · 8 parts
  RMLStreamer: HG005_GRCh38_1_22_v4.2.1_benchmark: rmlstreamer heartbeat — 970.52 MB · 8 parts
  RMLStreamer: HG005_GRCh38_1_22_v4.2.1_benchmark: rmlstreamer heartbeat — 1021.06 MB · 8 parts
  RMLStreamer: HG005_GRCh38_1_22_v4.2.1_benchmark: rmlstreamer heartbeat — 1.05 GB · 8 parts
  RMLStreamer: HG005_GRCh38_1_22_v4.2.1_benchmark: rmlstreamer heartbeat — 1.10 GB · 8 parts
  RMLStreamer: HG005_GRCh38_1_22_v4.2.1_benchmark: rmlstreamer heartbeat — 1.15 GB · 8 parts
  RMLStreamer: HG005_GRCh38_1_22_v4.2.1_benchmark: rmlstreamer heartbeat — 1.20 GB · 8 parts
  RMLStreamer: HG005_GRCh38_1_22_v4.2.1_benchmark: rmlstreamer heartbeat — 1.25 GB · 8 parts
  RMLStreamer: HG005_GRCh38_1_22_v4.2.1_benchmark: rmlstreamer heartbeat — 1.30 GB · 8 parts
  RMLStreamer: HG005_GRCh38_1_22_v4.2.1_benchmark: rmlstreamer heartbeat — 1.35 GB · 8 parts
  RMLStreamer: HG005_GRCh38_1_22_v4.2.1_benchmark: rmlstreamer heartbeat — 1.40 GB · 8 parts
  RMLStreamer: HG005_GRCh38_1_22_v4.2.1_benchmark: rmlstreamer heartbeat — 1.45 GB · 8 parts
  RMLStreamer: HG005_GRCh38_1_22_v4.2.1_benchmark: rmlstreamer heartbeat — 1.50 GB · 8 parts
  RMLStreamer: HG005_GRCh38_1_22_v4.2.1_benchmark: rmlstreamer heartbeat — 1.55 GB · 8 parts
  RMLStreamer: HG005_GRCh38_1_22_v4.2.1_benchmark: rmlstreamer heartbeat — 1.60 GB · 8 parts
  RMLStreamer: HG005_GRCh38_1_22_v4.2.1_benchmark: rmlstreamer heartbeat — 1.65 GB · 8 parts
  RMLStreamer: HG005_GRCh38_1_22_v4.2.1_benchmark: rmlstreamer heartbeat — 1.70 GB · 8 parts
  RMLStreamer: HG005_GRCh38_1_22_v4.2.1_benchmark: rmlstreamer heartbeat — 1.75 GB · 8 parts
  RMLStreamer: HG005_GRCh38_1_22_v4.2.1_benchmark: rmlstreamer heartbeat — 1.80 GB · 8 parts
  RMLStreamer: HG005_GRCh38_1_22_v4.2.1_benchmark: rmlstreamer heartbeat — 1.85 GB · 8 parts
  RMLStreamer: HG005_GRCh38_1_22_v4.2.1_benchmark: rmlstreamer heartbeat — 1.90 GB · 8 parts
  RMLStreamer: HG005_GRCh38_1_22_v4.2.1_benchmark: rmlstreamer heartbeat — 1.95 GB · 8 parts
  RMLStreamer: HG005_GRCh38_1_22_v4.2.1_benchmark: rmlstreamer heartbeat — 2.00 GB · 8 parts
  RMLStreamer: HG005_GRCh38_1_22_v4.2.1_benchmark: rmlstreamer heartbeat — 2.05 GB · 8 parts
  RMLStreamer: HG005_GRCh38_1_22_v4.2.1_benchmark: rmlstreamer heartbeat — 2.10 GB · 8 parts
  RMLStreamer: HG005_GRCh38_1_22_v4.2.1_benchmark: rmlstreamer heartbeat — 2.14 GB · 8 parts
  RMLStreamer: HG005_GRCh38_1_22_v4.2.1_benchmark: rmlstreamer heartbeat — 2.19 GB · 8 parts
  RMLStreamer: HG005_GRCh38_1_22_v4.2.1_benchmark: rmlstreamer heartbeat — 2.25 GB · 8 parts
  RMLStreamer: HG005_GRCh38_1_22_v4.2.1_benchmark: rmlstreamer heartbeat — 2.29 GB · 8 parts
  RMLStreamer: HG005_GRCh38_1_22_v4.2.1_benchmark: rmlstreamer heartbeat — 2.34 GB · 8 parts
  RMLStreamer: HG005_GRCh38_1_22_v4.2.1_benchmark: rmlstreamer heartbeat — 2.39 GB · 8 parts
  RMLStreamer: HG005_GRCh38_1_22_v4.2.1_benchmark: rmlstreamer heartbeat — 2.44 GB · 8 parts
  RMLStreamer: HG005_GRCh38_1_22_v4.2.1_benchmark: rmlstreamer heartbeat — 2.49 GB · 8 parts
  RMLStreamer: HG005_GRCh38_1_22_v4.2.1_benchmark: rmlstreamer heartbeat — 2.54 GB · 8 parts
  RMLStreamer: HG005_GRCh38_1_22_v4.2.1_benchmark: rmlstreamer heartbeat — 2.59 GB · 8 parts
  RMLStreamer: HG005_GRCh38_1_22_v4.2.1_benchmark: rmlstreamer heartbeat — 2.64 GB · 8 parts
  RMLStreamer: HG005_GRCh38_1_22_v4.2.1_benchmark: rmlstreamer heartbeat — 2.69 GB · 8 parts
  RMLStreamer: HG005_GRCh38_1_22_v4.2.1_benchmark: rmlstreamer heartbeat — 2.74 GB · 8 parts
  RMLStreamer: HG005_GRCh38_1_22_v4.2.1_benchmark: rmlstreamer heartbeat — 2.79 GB · 8 parts
  RMLStreamer: HG005_GRCh38_1_22_v4.2.1_benchmark: rmlstreamer heartbeat — 2.84 GB · 8 parts
  RMLStreamer: HG005_GRCh38_1_22_v4.2.1_benchmark: rmlstreamer heartbeat — 2.90 GB · 8 parts
  RMLStreamer: HG005_GRCh38_1_22_v4.2.1_benchmark: rmlstreamer heartbeat — 2.95 GB · 8 parts
  RMLStreamer: HG005_GRCh38_1_22_v4.2.1_benchmark: rmlstreamer heartbeat — 3.00 GB · 8 parts
  RMLStreamer: HG005_GRCh38_1_22_v4.2.1_benchmark: rmlstreamer heartbeat — 3.05 GB · 8 parts
  RMLStreamer: HG005_GRCh38_1_22_v4.2.1_benchmark: rmlstreamer heartbeat — 3.10 GB · 8 parts
  RMLStreamer: HG005_GRCh38_1_22_v4.2.1_benchmark: rmlstreamer heartbeat — 3.15 GB · 8 parts
  RMLStreamer: HG005_GRCh38_1_22_v4.2.1_benchmark: rmlstreamer heartbeat — 3.20 GB · 8 parts
  RMLStreamer: HG005_GRCh38_1_22_v4.2.1_benchmark: rmlstreamer heartbeat — 3.26 GB · 8 parts
  RMLStreamer: HG005_GRCh38_1_22_v4.2.1_benchmark: rmlstreamer heartbeat — 3.31 GB · 8 parts
  RMLStreamer: HG005_GRCh38_1_22_v4.2.1_benchmark: rmlstreamer heartbeat — 3.36 GB · 8 parts
  RMLStreamer: HG005_GRCh38_1_22_v4.2.1_benchmark: rmlstreamer heartbeat — 3.41 GB · 8 parts
  RMLStreamer: HG005_GRCh38_1_22_v4.2.1_benchmark: rmlstreamer heartbeat — 3.46 GB · 8 parts
  RMLStreamer: HG005_GRCh38_1_22_v4.2.1_benchmark: rmlstreamer heartbeat — 3.51 GB · 8 parts
  RMLStreamer: HG005_GRCh38_1_22_v4.2.1_benchmark: rmlstreamer heartbeat — 3.56 GB · 8 parts
  RMLStreamer: HG005_GRCh38_1_22_v4.2.1_benchmark: rmlstreamer heartbeat — 3.60 GB · 8 parts
  RMLStreamer: HG005_GRCh38_1_22_v4.2.1_benchmark: rmlstreamer heartbeat — 3.66 GB · 8 parts
  RMLStreamer: HG005_GRCh38_1_22_v4.2.1_benchmark: rmlstreamer heartbeat — 3.71 GB · 8 parts
  RMLStreamer: HG005_GRCh38_1_22_v4.2.1_benchmark: rmlstreamer heartbeat — 3.76 GB · 8 parts
  RMLStreamer: HG005_GRCh38_1_22_v4.2.1_benchmark: rmlstreamer heartbeat — 3.81 GB · 8 parts
  RMLStreamer: HG005_GRCh38_1_22_v4.2.1_benchmark: rmlstreamer heartbeat — 3.86 GB · 8 parts
  RMLStreamer: HG005_GRCh38_1_22_v4.2.1_benchmark: rmlstreamer heartbeat — 3.91 GB · 8 parts
  RMLStreamer: HG005_GRCh38_1_22_v4.2.1_benchmark: rmlstreamer heartbeat — 3.96 GB · 8 parts
  RMLStreamer: HG005_GRCh38_1_22_v4.2.1_benchmark: rmlstreamer heartbeat — 4.01 GB · 8 parts
  RMLStreamer: HG005_GRCh38_1_22_v4.2.1_benchmark: rmlstreamer heartbeat — 4.06 GB · 8 parts
  RMLStreamer: HG005_GRCh38_1_22_v4.2.1_benchmark: rmlstreamer heartbeat — 4.11 GB · 8 parts
  RMLStreamer: HG005_GRCh38_1_22_v4.2.1_benchmark: rmlstreamer heartbeat — 4.16 GB · 8 parts
  RMLStreamer: HG005_GRCh38_1_22_v4.2.1_benchmark: rmlstreamer heartbeat — 4.22 GB · 8 parts
  RMLStreamer: HG005_GRCh38_1_22_v4.2.1_benchmark: rmlstreamer heartbeat — 4.27 GB · 8 parts
  RMLStreamer: HG005_GRCh38_1_22_v4.2.1_benchmark: rmlstreamer heartbeat — 4.32 GB · 8 parts
  RMLStreamer: HG005_GRCh38_1_22_v4.2.1_benchmark: rmlstreamer heartbeat — 4.37 GB · 8 parts
  RMLStreamer: HG005_GRCh38_1_22_v4.2.1_benchmark: rmlstreamer heartbeat — 4.42 GB · 8 parts
  RMLStreamer: HG005_GRCh38_1_22_v4.2.1_benchmark: rmlstreamer heartbeat — 4.47 GB · 8 parts
  RMLStreamer: HG005_GRCh38_1_22_v4.2.1_benchmark: rmlstreamer heartbeat — 4.52 GB · 8 parts
  RMLStreamer: HG005_GRCh38_1_22_v4.2.1_benchmark: rmlstreamer heartbeat — 4.58 GB · 8 parts
  RMLStreamer: HG005_GRCh38_1_22_v4.2.1_benchmark: rmlstreamer heartbeat — 4.63 GB · 8 parts
  RMLStreamer: HG005_GRCh38_1_22_v4.2.1_benchmark: rmlstreamer heartbeat — 4.68 GB · 8 parts
  RMLStreamer: HG005_GRCh38_1_22_v4.2.1_benchmark: rmlstreamer heartbeat — 4.73 GB · 8 parts
  RMLStreamer: HG005_GRCh38_1_22_v4.2.1_benchmark: rmlstreamer heartbeat — 4.78 GB · 8 parts
  RMLStreamer: HG005_GRCh38_1_22_v4.2.1_benchmark: rmlstreamer heartbeat — 4.82 GB · 8 parts
  RMLStreamer: HG005_GRCh38_1_22_v4.2.1_benchmark: rmlstreamer heartbeat — 4.84 GB · 8 parts
  RMLStreamer: HG005_GRCh38_1_22_v4.2.1_benchmark: rmlstreamer heartbeat — 4.85 GB · 8 parts
  RMLStreamer: HG005_GRCh38_1_22_v4.2.1_benchmark: rmlstreamer heartbeat — 4.85 GB · 8 parts
  RMLStreamer: HG005_GRCh38_1_22_v4.2.1_benchmark: rmlstreamer complete — 4.85 GB · 8 parts
  RMLStreamer: HG005_GRCh38_1_22_v4.2.1_benchmark: rdf-aggregate started — 0 parts
  RMLStreamer: HG005_GRCh38_1_22_v4.2.1_benchmark: rdf-aggregate part — 1 parts
  RMLStreamer: HG005_GRCh38_1_22_v4.2.1_benchmark: rdf-aggregate part — 2 parts
  RMLStreamer: HG005_GRCh38_1_22_v4.2.1_benchmark: rdf-aggregate part — 3 parts
  RMLStreamer: HG005_GRCh38_1_22_v4.2.1_benchmark: rdf-aggregate part — 4 parts
  RMLStreamer: HG005_GRCh38_1_22_v4.2.1_benchmark: rdf-aggregate part — 5 parts
  RMLStreamer: HG005_GRCh38_1_22_v4.2.1_benchmark: rdf-aggregate part — 6 parts
  RMLStreamer: HG005_GRCh38_1_22_v4.2.1_benchmark: rdf-aggregate part — 7 parts
  RMLStreamer: HG005_GRCh38_1_22_v4.2.1_benchmark: rdf-aggregate part — 8 parts
  RMLStreamer: HG005_GRCh38_1_22_v4.2.1_benchmark: rdf-aggregate complete — 8 parts
RMLStreamer: HG005_GRCh38_1_22_v4.2.1_benchmark: finished
Partitioned compression: HG005_GRCh38_1_22_v4.2.1_benchmark: started
  Partitioned compression: HG005_GRCh38_1_22_v4.2.1_benchmark: rdf-scan started — 0 triples
  Partitioned compression: HG005_GRCh38_1_22_v4.2.1_benchmark: rdf-scan heartbeat — 445,981 triples · 67,108,945 bytes read
  Partitioned compression: HG005_GRCh38_1_22_v4.2.1_benchmark: rdf-scan heartbeat — 891,976 triples · 134,217,946 bytes read
  Partitioned compression: HG005_GRCh38_1_22_v4.2.1_benchmark: rdf-scan heartbeat — 1,337,820 triples · 201,326,969 bytes read
  Partitioned compression: HG005_GRCh38_1_22_v4.2.1_benchmark: rdf-scan heartbeat — 1,783,817 triples · 268,435,942 bytes read
  Partitioned compression: HG005_GRCh38_1_22_v4.2.1_benchmark: rdf-scan heartbeat — 2,229,795 triples · 335,544,863 bytes read
  Partitioned compression: HG005_GRCh38_1_22_v4.2.1_benchmark: rdf-scan heartbeat — 2,675,766 triples · 402,653,834 bytes read
  Partitioned compression: HG005_GRCh38_1_22_v4.2.1_benchmark: rdf-scan heartbeat — 3,121,764 triples · 469,762,709 bytes read
  Partitioned compression: HG005_GRCh38_1_22_v4.2.1_benchmark: rdf-scan chunk — 3,567,888 triples · 1 chunks · 536,870,942 bytes read
  Partitioned compression: HG005_GRCh38_1_22_v4.2.1_benchmark: hdt-chunks started — 0 chunks · hdt-build-00000
  Partitioned compression: HG005_GRCh38_1_22_v4.2.1_benchmark: hdt-chunks complete — 1 chunks · hdt-build-00000
  Partitioned compression: HG005_GRCh38_1_22_v4.2.1_benchmark: cottas-chunks started — 0 chunks · cottas-build-00000
  Partitioned compression: HG005_GRCh38_1_22_v4.2.1_benchmark: cottas-chunks complete — 1 chunks · cottas-build-00000
  Partitioned compression: HG005_GRCh38_1_22_v4.2.1_benchmark: rdf-scan heartbeat — 3,567,892 triples · 536,871,609 bytes read
  Partitioned compression: HG005_GRCh38_1_22_v4.2.1_benchmark: rdf-scan heartbeat — 4,013,882 triples · 603,980,503 bytes read
  Partitioned compression: HG005_GRCh38_1_22_v4.2.1_benchmark: rdf-scan heartbeat — 4,460,111 triples · 671,089,501 bytes read
  Partitioned compression: HG005_GRCh38_1_22_v4.2.1_benchmark: rdf-scan heartbeat — 4,906,457 triples · 738,198,399 bytes read
  Partitioned compression: HG005_GRCh38_1_22_v4.2.1_benchmark: rdf-scan heartbeat — 5,352,787 triples · 805,307,424 bytes read
  Partitioned compression: HG005_GRCh38_1_22_v4.2.1_benchmark: rdf-scan heartbeat — 5,798,919 triples · 872,416,312 bytes read
  Partitioned compression: HG005_GRCh38_1_22_v4.2.1_benchmark: rdf-scan heartbeat — 6,245,157 triples · 939,525,308 bytes read
  Partitioned compression: HG005_GRCh38_1_22_v4.2.1_benchmark: rdf-scan heartbeat — 6,691,515 triples · 1,006,634,187 bytes read
  Partitioned compression: HG005_GRCh38_1_22_v4.2.1_benchmark: rdf-scan chunk — 7,137,815 triples · 2 chunks · 1,073,741,946 bytes read
  Partitioned compression: HG005_GRCh38_1_22_v4.2.1_benchmark: hdt-chunks started — 1 chunks · hdt-build-00001
  Partitioned compression: HG005_GRCh38_1_22_v4.2.1_benchmark: hdt-chunks complete — 2 chunks · hdt-build-00001
  Partitioned compression: HG005_GRCh38_1_22_v4.2.1_benchmark: cottas-chunks started — 1 chunks · cottas-build-00001
  Partitioned compression: HG005_GRCh38_1_22_v4.2.1_benchmark: cottas-chunks complete — 2 chunks · cottas-build-00001
  Partitioned compression: HG005_GRCh38_1_22_v4.2.1_benchmark: rdf-scan heartbeat — 7,137,823 triples · 1,073,743,190 bytes read
  Partitioned compression: HG005_GRCh38_1_22_v4.2.1_benchmark: rdf-scan heartbeat — 7,583,838 triples · 1,140,852,071 bytes read
  Partitioned compression: HG005_GRCh38_1_22_v4.2.1_benchmark: rdf-scan heartbeat — 8,029,954 triples · 1,207,960,972 bytes read
  Partitioned compression: HG005_GRCh38_1_22_v4.2.1_benchmark: rdf-scan heartbeat — 8,475,956 triples · 1,275,069,873 bytes read
  Partitioned compression: HG005_GRCh38_1_22_v4.2.1_benchmark: rdf-scan heartbeat — 8,924,362 triples · 1,342,178,802 bytes read
  Partitioned compression: HG005_GRCh38_1_22_v4.2.1_benchmark: rdf-scan heartbeat — 9,374,012 triples · 1,409,287,680 bytes read
  Partitioned compression: HG005_GRCh38_1_22_v4.2.1_benchmark: rdf-scan heartbeat — 9,823,654 triples · 1,476,396,608 bytes read
  Partitioned compression: HG005_GRCh38_1_22_v4.2.1_benchmark: rdf-scan heartbeat — 10,273,638 triples · 1,543,505,619 bytes read
  Partitioned compression: HG005_GRCh38_1_22_v4.2.1_benchmark: rdf-scan chunk — 10,723,613 triples · 3 chunks · 1,610,612,947 bytes read
  Partitioned compression: HG005_GRCh38_1_22_v4.2.1_benchmark: hdt-chunks started — 2 chunks · hdt-build-00002
  Partitioned compression: HG005_GRCh38_1_22_v4.2.1_benchmark: hdt-chunks complete — 3 chunks · hdt-build-00002
  Partitioned compression: HG005_GRCh38_1_22_v4.2.1_benchmark: cottas-chunks started — 2 chunks · cottas-build-00002
  Partitioned compression: HG005_GRCh38_1_22_v4.2.1_benchmark: cottas-chunks complete — 3 chunks · cottas-build-00002
  Partitioned compression: HG005_GRCh38_1_22_v4.2.1_benchmark: rdf-scan heartbeat — 10,723,624 triples · 1,610,614,563 bytes read
  Partitioned compression: HG005_GRCh38_1_22_v4.2.1_benchmark: rdf-scan heartbeat — 11,173,611 triples · 1,677,723,582 bytes read
  Partitioned compression: HG005_GRCh38_1_22_v4.2.1_benchmark: rdf-scan heartbeat — 11,623,344 triples · 1,744,832,476 bytes read
  Partitioned compression: HG005_GRCh38_1_22_v4.2.1_benchmark: rdf-scan heartbeat — 12,072,994 triples · 1,811,941,417 bytes read
  Partitioned compression: HG005_GRCh38_1_22_v4.2.1_benchmark: rdf-scan heartbeat — 12,522,687 triples · 1,879,050,422 bytes read
  Partitioned compression: HG005_GRCh38_1_22_v4.2.1_benchmark: rdf-scan heartbeat — 12,973,435 triples · 1,946,159,373 bytes read
  Partitioned compression: HG005_GRCh38_1_22_v4.2.1_benchmark: rdf-scan heartbeat — 13,427,666 triples · 2,013,268,297 bytes read
  Partitioned compression: HG005_GRCh38_1_22_v4.2.1_benchmark: rdf-scan heartbeat — 13,881,028 triples · 2,080,377,289 bytes read
  Partitioned compression: HG005_GRCh38_1_22_v4.2.1_benchmark: rdf-scan chunk — 14,330,846 triples · 4 chunks · 2,147,483,952 bytes read
  Partitioned compression: HG005_GRCh38_1_22_v4.2.1_benchmark: hdt-chunks started — 3 chunks · hdt-build-00003
  Partitioned compression: HG005_GRCh38_1_22_v4.2.1_benchmark: hdt-chunks complete — 4 chunks · hdt-build-00003
  Partitioned compression: HG005_GRCh38_1_22_v4.2.1_benchmark: cottas-chunks started — 3 chunks · cottas-build-00003
  Partitioned compression: HG005_GRCh38_1_22_v4.2.1_benchmark: cottas-chunks complete — 4 chunks · cottas-build-00003
  Partitioned compression: HG005_GRCh38_1_22_v4.2.1_benchmark: rdf-scan heartbeat — 14,330,861 triples · 2,147,486,178 bytes read
  Partitioned compression: HG005_GRCh38_1_22_v4.2.1_benchmark: rdf-scan heartbeat — 14,780,515 triples · 2,214,595,186 bytes read
  Partitioned compression: HG005_GRCh38_1_22_v4.2.1_benchmark: rdf-scan heartbeat — 15,230,164 triples · 2,281,704,199 bytes read
  Partitioned compression: HG005_GRCh38_1_22_v4.2.1_benchmark: rdf-scan heartbeat — 15,679,815 triples · 2,348,813,095 bytes read
  Partitioned compression: HG005_GRCh38_1_22_v4.2.1_benchmark: rdf-scan heartbeat — 16,129,873 triples · 2,415,922,050 bytes read
  Partitioned compression: HG005_GRCh38_1_22_v4.2.1_benchmark: rdf-scan heartbeat — 16,579,864 triples · 2,483,031,001 bytes read
  Partitioned compression: HG005_GRCh38_1_22_v4.2.1_benchmark: rdf-scan heartbeat — 17,029,755 triples · 2,550,139,941 bytes read
  Partitioned compression: HG005_GRCh38_1_22_v4.2.1_benchmark: rdf-scan heartbeat — 17,479,553 triples · 2,617,248,963 bytes read
  Partitioned compression: HG005_GRCh38_1_22_v4.2.1_benchmark: rdf-scan chunk — 17,927,043 triples · 5 chunks · 2,684,354,954 bytes read
  Partitioned compression: HG005_GRCh38_1_22_v4.2.1_benchmark: hdt-chunks started — 4 chunks · hdt-build-00004
  Partitioned compression: HG005_GRCh38_1_22_v4.2.1_benchmark: hdt-chunks complete — 5 chunks · hdt-build-00004
  Partitioned compression: HG005_GRCh38_1_22_v4.2.1_benchmark: cottas-chunks started — 4 chunks · cottas-build-00004
  Partitioned compression: HG005_GRCh38_1_22_v4.2.1_benchmark: cottas-chunks complete — 5 chunks · cottas-build-00004
  Partitioned compression: HG005_GRCh38_1_22_v4.2.1_benchmark: rdf-scan heartbeat — 17,927,063 triples · 2,684,357,985 bytes read
  Partitioned compression: HG005_GRCh38_1_22_v4.2.1_benchmark: rdf-scan heartbeat — 18,373,273 triples · 2,751,466,941 bytes read
  Partitioned compression: HG005_GRCh38_1_22_v4.2.1_benchmark: rdf-scan heartbeat — 18,819,273 triples · 2,818,575,955 bytes read
  Partitioned compression: HG005_GRCh38_1_22_v4.2.1_benchmark: rdf-scan heartbeat — 19,265,272 triples · 2,885,684,932 bytes read
  Partitioned compression: HG005_GRCh38_1_22_v4.2.1_benchmark: rdf-scan heartbeat — 19,711,557 triples · 2,952,793,887 bytes read
  Partitioned compression: HG005_GRCh38_1_22_v4.2.1_benchmark: rdf-scan heartbeat — 20,157,889 triples · 3,019,902,865 bytes read
  Partitioned compression: HG005_GRCh38_1_22_v4.2.1_benchmark: rdf-scan heartbeat — 20,604,215 triples · 3,087,011,731 bytes read
  Partitioned compression: HG005_GRCh38_1_22_v4.2.1_benchmark: rdf-scan heartbeat — 21,050,251 triples · 3,154,120,736 bytes read
  Partitioned compression: HG005_GRCh38_1_22_v4.2.1_benchmark: rdf-scan chunk — 21,496,221 triples · 6 chunks · 3,221,225,958 bytes read
  Partitioned compression: HG005_GRCh38_1_22_v4.2.1_benchmark: hdt-chunks started — 5 chunks · hdt-build-00005
  Partitioned compression: HG005_GRCh38_1_22_v4.2.1_benchmark: hdt-chunks complete — 6 chunks · hdt-build-00005
  Partitioned compression: HG005_GRCh38_1_22_v4.2.1_benchmark: cottas-chunks started — 5 chunks · cottas-build-00005
  Partitioned compression: HG005_GRCh38_1_22_v4.2.1_benchmark: cottas-chunks complete — 6 chunks · cottas-build-00005
  Partitioned compression: HG005_GRCh38_1_22_v4.2.1_benchmark: rdf-scan heartbeat — 21,496,246 triples · 3,221,229,683 bytes read
  Partitioned compression: HG005_GRCh38_1_22_v4.2.1_benchmark: rdf-scan heartbeat — 21,942,152 triples · 3,288,338,642 bytes read
  Partitioned compression: HG005_GRCh38_1_22_v4.2.1_benchmark: rdf-scan heartbeat — 22,388,001 triples · 3,355,447,541 bytes read
  Partitioned compression: HG005_GRCh38_1_22_v4.2.1_benchmark: rdf-scan heartbeat — 22,834,034 triples · 3,422,556,520 bytes read
  Partitioned compression: HG005_GRCh38_1_22_v4.2.1_benchmark: rdf-scan heartbeat — 23,280,036 triples · 3,489,665,518 bytes read
  Partitioned compression: HG005_GRCh38_1_22_v4.2.1_benchmark: rdf-scan heartbeat — 23,725,899 triples · 3,556,774,540 bytes read
  Partitioned compression: HG005_GRCh38_1_22_v4.2.1_benchmark: rdf-scan heartbeat — 24,171,814 triples · 3,623,883,560 bytes read
  Partitioned compression: HG005_GRCh38_1_22_v4.2.1_benchmark: rdf-scan heartbeat — 24,617,815 triples · 3,690,992,444 bytes read
  Partitioned compression: HG005_GRCh38_1_22_v4.2.1_benchmark: rdf-scan chunk — 25,063,784 triples · 7 chunks · 3,758,097,009 bytes read
  Partitioned compression: HG005_GRCh38_1_22_v4.2.1_benchmark: hdt-chunks started — 6 chunks · hdt-build-00006
  Partitioned compression: HG005_GRCh38_1_22_v4.2.1_benchmark: hdt-chunks complete — 7 chunks · hdt-build-00006
  Partitioned compression: HG005_GRCh38_1_22_v4.2.1_benchmark: cottas-chunks started — 6 chunks · cottas-build-00006
  Partitioned compression: HG005_GRCh38_1_22_v4.2.1_benchmark: cottas-chunks complete — 7 chunks · cottas-build-00006
  Partitioned compression: HG005_GRCh38_1_22_v4.2.1_benchmark: rdf-scan heartbeat — 25,063,813 triples · 3,758,101,413 bytes read
  Partitioned compression: HG005_GRCh38_1_22_v4.2.1_benchmark: rdf-scan heartbeat — 25,509,606 triples · 3,825,210,341 bytes read
  Partitioned compression: HG005_GRCh38_1_22_v4.2.1_benchmark: rdf-scan heartbeat — 25,955,502 triples · 3,892,319,293 bytes read
  Partitioned compression: HG005_GRCh38_1_22_v4.2.1_benchmark: rdf-scan heartbeat — 26,402,449 triples · 3,959,428,241 bytes read
  Partitioned compression: HG005_GRCh38_1_22_v4.2.1_benchmark: rdf-scan heartbeat — 26,849,893 triples · 4,026,537,221 bytes read
  Partitioned compression: HG005_GRCh38_1_22_v4.2.1_benchmark: rdf-scan heartbeat — 27,296,226 triples · 4,093,646,088 bytes read
  Partitioned compression: HG005_GRCh38_1_22_v4.2.1_benchmark: rdf-scan heartbeat — 27,742,313 triples · 4,160,755,032 bytes read
  Partitioned compression: HG005_GRCh38_1_22_v4.2.1_benchmark: rdf-scan heartbeat — 28,188,309 triples · 4,227,863,978 bytes read
  Partitioned compression: HG005_GRCh38_1_22_v4.2.1_benchmark: rdf-scan chunk — 28,634,648 triples · 8 chunks · 4,294,968,004 bytes read
  Partitioned compression: HG005_GRCh38_1_22_v4.2.1_benchmark: hdt-chunks started — 7 chunks · hdt-build-00007
  Partitioned compression: HG005_GRCh38_1_22_v4.2.1_benchmark: hdt-chunks complete — 8 chunks · hdt-build-00007
  Partitioned compression: HG005_GRCh38_1_22_v4.2.1_benchmark: cottas-chunks started — 7 chunks · cottas-build-00007
  Partitioned compression: HG005_GRCh38_1_22_v4.2.1_benchmark: cottas-chunks complete — 8 chunks · cottas-build-00007
  Partitioned compression: HG005_GRCh38_1_22_v4.2.1_benchmark: rdf-scan heartbeat — 28,634,681 triples · 4,294,972,953 bytes read
  Partitioned compression: HG005_GRCh38_1_22_v4.2.1_benchmark: rdf-scan heartbeat — 29,081,013 triples · 4,362,081,838 bytes read
  Partitioned compression: HG005_GRCh38_1_22_v4.2.1_benchmark: rdf-scan heartbeat — 29,527,340 triples · 4,429,190,751 bytes read
  Partitioned compression: HG005_GRCh38_1_22_v4.2.1_benchmark: rdf-scan heartbeat — 29,973,379 triples · 4,496,299,707 bytes read
  Partitioned compression: HG005_GRCh38_1_22_v4.2.1_benchmark: rdf-scan heartbeat — 30,419,490 triples · 4,563,408,634 bytes read
  Partitioned compression: HG005_GRCh38_1_22_v4.2.1_benchmark: rdf-scan heartbeat — 30,865,591 triples · 4,630,517,628 bytes read
  Partitioned compression: HG005_GRCh38_1_22_v4.2.1_benchmark: rdf-scan heartbeat — 31,311,594 triples · 4,697,626,520 bytes read
  Partitioned compression: HG005_GRCh38_1_22_v4.2.1_benchmark: rdf-scan heartbeat — 31,757,710 triples · 4,764,735,435 bytes read
  Partitioned compression: HG005_GRCh38_1_22_v4.2.1_benchmark: rdf-scan chunk — 32,203,671 triples · 9 chunks · 4,831,838,938 bytes read
  Partitioned compression: HG005_GRCh38_1_22_v4.2.1_benchmark: hdt-chunks started — 8 chunks · hdt-build-00008
  Partitioned compression: HG005_GRCh38_1_22_v4.2.1_benchmark: hdt-chunks complete — 9 chunks · hdt-build-00008
  Partitioned compression: HG005_GRCh38_1_22_v4.2.1_benchmark: cottas-chunks started — 8 chunks · cottas-build-00008
  Partitioned compression: HG005_GRCh38_1_22_v4.2.1_benchmark: cottas-chunks complete — 9 chunks · cottas-build-00008
  Partitioned compression: HG005_GRCh38_1_22_v4.2.1_benchmark: rdf-scan heartbeat — 32,203,707 triples · 4,831,844,354 bytes read
  Partitioned compression: HG005_GRCh38_1_22_v4.2.1_benchmark: rdf-scan heartbeat — 32,649,811 triples · 4,898,953,229 bytes read
  Partitioned compression: HG005_GRCh38_1_22_v4.2.1_benchmark: rdf-scan heartbeat — 33,095,823 triples · 4,966,062,208 bytes read
  Partitioned compression: HG005_GRCh38_1_22_v4.2.1_benchmark: rdf-scan heartbeat — 33,541,917 triples · 5,033,171,152 bytes read
  Partitioned compression: HG005_GRCh38_1_22_v4.2.1_benchmark: rdf-scan heartbeat — 33,987,913 triples · 5,100,280,108 bytes read
  Partitioned compression: HG005_GRCh38_1_22_v4.2.1_benchmark: rdf-scan heartbeat — 34,433,906 triples · 5,167,388,984 bytes read
  Partitioned compression: HG005_GRCh38_1_22_v4.2.1_benchmark: rdf-scan heartbeat — 34,852,868 triples · 5,234,497,897 bytes read
  Partitioned compression: HG005_GRCh38_1_22_v4.2.1_benchmark: rdf-scan heartbeat — 35,225,155 triples · 5,301,606,876 bytes read
  Partitioned compression: HG005_GRCh38_1_22_v4.2.1_benchmark: rdf-scan chunk — 35,595,881 triples · 10 chunks · 5,368,709,890 bytes read
  Partitioned compression: HG005_GRCh38_1_22_v4.2.1_benchmark: hdt-chunks started — 9 chunks · hdt-build-00009
  Partitioned compression: HG005_GRCh38_1_22_v4.2.1_benchmark: hdt-chunks complete — 10 chunks · hdt-build-00009
  Partitioned compression: HG005_GRCh38_1_22_v4.2.1_benchmark: cottas-chunks started — 9 chunks · cottas-build-00009
  Partitioned compression: HG005_GRCh38_1_22_v4.2.1_benchmark: cottas-chunks complete — 10 chunks · cottas-build-00009
  Partitioned compression: HG005_GRCh38_1_22_v4.2.1_benchmark: rdf-scan heartbeat — 35,595,914 triples · 5,368,715,761 bytes read
  Partitioned compression: HG005_GRCh38_1_22_v4.2.1_benchmark: rdf-scan heartbeat — 35,965,505 triples · 5,435,824,757 bytes read
  Partitioned compression: HG005_GRCh38_1_22_v4.2.1_benchmark: rdf-scan heartbeat — 36,335,129 triples · 5,502,933,818 bytes read
  Partitioned compression: HG005_GRCh38_1_22_v4.2.1_benchmark: rdf-scan heartbeat — 36,704,718 triples · 5,570,042,692 bytes read
  Partitioned compression: HG005_GRCh38_1_22_v4.2.1_benchmark: rdf-scan heartbeat — 37,074,316 triples · 5,637,151,746 bytes read
  Partitioned compression: HG005_GRCh38_1_22_v4.2.1_benchmark: rdf-scan heartbeat — 37,443,894 triples · 5,704,260,629 bytes read
  Partitioned compression: HG005_GRCh38_1_22_v4.2.1_benchmark: rdf-scan heartbeat — 37,813,475 triples · 5,771,369,519 bytes read
  Partitioned compression: HG005_GRCh38_1_22_v4.2.1_benchmark: rdf-scan heartbeat — 38,183,019 triples · 5,838,478,478 bytes read
  Partitioned compression: HG005_GRCh38_1_22_v4.2.1_benchmark: rdf-scan chunk — 38,552,560 triples · 11 chunks · 5,905,580,914 bytes read
  Partitioned compression: HG005_GRCh38_1_22_v4.2.1_benchmark: hdt-chunks started — 10 chunks · hdt-build-00010
  Partitioned compression: HG005_GRCh38_1_22_v4.2.1_benchmark: hdt-chunks complete — 11 chunks · hdt-build-00010
  Partitioned compression: HG005_GRCh38_1_22_v4.2.1_benchmark: cottas-chunks started — 10 chunks · cottas-build-00010
  Partitioned compression: HG005_GRCh38_1_22_v4.2.1_benchmark: cottas-chunks complete — 11 chunks · cottas-build-00010
  Partitioned compression: HG005_GRCh38_1_22_v4.2.1_benchmark: rdf-scan heartbeat — 38,552,596 triples · 5,905,587,390 bytes read
  Partitioned compression: HG005_GRCh38_1_22_v4.2.1_benchmark: rdf-scan heartbeat — 38,922,160 triples · 5,972,696,413 bytes read
  Partitioned compression: HG005_GRCh38_1_22_v4.2.1_benchmark: rdf-scan heartbeat — 39,291,718 triples · 6,039,805,440 bytes read
  Partitioned compression: HG005_GRCh38_1_22_v4.2.1_benchmark: rdf-scan heartbeat — 39,661,288 triples · 6,106,914,391 bytes read
  Partitioned compression: HG005_GRCh38_1_22_v4.2.1_benchmark: rdf-scan heartbeat — 40,030,857 triples · 6,174,023,287 bytes read
  Partitioned compression: HG005_GRCh38_1_22_v4.2.1_benchmark: rdf-scan heartbeat — 40,400,448 triples · 6,241,132,219 bytes read
  Partitioned compression: HG005_GRCh38_1_22_v4.2.1_benchmark: rdf-scan heartbeat — 40,770,027 triples · 6,308,241,169 bytes read
  Partitioned compression: HG005_GRCh38_1_22_v4.2.1_benchmark: rdf-scan heartbeat — 41,139,613 triples · 6,375,350,154 bytes read
  Partitioned compression: HG005_GRCh38_1_22_v4.2.1_benchmark: rdf-scan chunk — 41,508,533 triples · 12 chunks · 6,442,451,856 bytes read
  Partitioned compression: HG005_GRCh38_1_22_v4.2.1_benchmark: hdt-chunks started — 11 chunks · hdt-build-00011
  Partitioned compression: HG005_GRCh38_1_22_v4.2.1_benchmark: hdt-chunks complete — 12 chunks · hdt-build-00011
  Partitioned compression: HG005_GRCh38_1_22_v4.2.1_benchmark: cottas-chunks started — 11 chunks · cottas-build-00011
  Partitioned compression: HG005_GRCh38_1_22_v4.2.1_benchmark: cottas-chunks complete — 12 chunks · cottas-build-00011
  Partitioned compression: HG005_GRCh38_1_22_v4.2.1_benchmark: rdf-scan heartbeat — 41,508,572 triples · 6,442,459,045 bytes read
  Partitioned compression: HG005_GRCh38_1_22_v4.2.1_benchmark: rdf-scan heartbeat — 41,875,481 triples · 6,509,568,024 bytes read
  Partitioned compression: HG005_GRCh38_1_22_v4.2.1_benchmark: rdf-scan heartbeat — 42,242,411 triples · 6,576,676,939 bytes read
  Partitioned compression: HG005_GRCh38_1_22_v4.2.1_benchmark: rdf-scan heartbeat — 42,609,327 triples · 6,643,785,878 bytes read
  Partitioned compression: HG005_GRCh38_1_22_v4.2.1_benchmark: rdf-scan heartbeat — 42,976,272 triples · 6,710,894,840 bytes read
  Partitioned compression: HG005_GRCh38_1_22_v4.2.1_benchmark: rdf-scan heartbeat — 43,343,195 triples · 6,778,003,848 bytes read
  Partitioned compression: HG005_GRCh38_1_22_v4.2.1_benchmark: rdf-scan heartbeat — 43,710,102 triples · 6,845,112,783 bytes read
  Partitioned compression: HG005_GRCh38_1_22_v4.2.1_benchmark: rdf-scan heartbeat — 44,077,064 triples · 6,912,221,704 bytes read
  Partitioned compression: HG005_GRCh38_1_22_v4.2.1_benchmark: rdf-scan chunk — 44,443,961 triples · 13 chunks · 6,979,322,787 bytes read
  Partitioned compression: HG005_GRCh38_1_22_v4.2.1_benchmark: hdt-chunks started — 12 chunks · hdt-build-00012
  Partitioned compression: HG005_GRCh38_1_22_v4.2.1_benchmark: hdt-chunks complete — 13 chunks · hdt-build-00012
  Partitioned compression: HG005_GRCh38_1_22_v4.2.1_benchmark: cottas-chunks started — 12 chunks · cottas-build-00012
  Partitioned compression: HG005_GRCh38_1_22_v4.2.1_benchmark: cottas-chunks complete — 13 chunks · cottas-build-00012
  Partitioned compression: HG005_GRCh38_1_22_v4.2.1_benchmark: rdf-scan heartbeat — 44,444,004 triples · 6,979,330,585 bytes read
  Partitioned compression: HG005_GRCh38_1_22_v4.2.1_benchmark: rdf-scan heartbeat — 44,810,935 triples · 7,046,439,545 bytes read
  Partitioned compression: HG005_GRCh38_1_22_v4.2.1_benchmark: rdf-scan heartbeat — 45,177,820 triples · 7,113,548,420 bytes read
  Partitioned compression: HG005_GRCh38_1_22_v4.2.1_benchmark: rdf-scan heartbeat — 45,544,792 triples · 7,180,657,388 bytes read
  Partitioned compression: HG005_GRCh38_1_22_v4.2.1_benchmark: rdf-scan heartbeat — 45,911,771 triples · 7,247,766,453 bytes read
  Partitioned compression: HG005_GRCh38_1_22_v4.2.1_benchmark: rdf-scan heartbeat — 46,278,706 triples · 7,314,875,436 bytes read
  Partitioned compression: HG005_GRCh38_1_22_v4.2.1_benchmark: rdf-scan heartbeat — 46,645,671 triples · 7,381,984,367 bytes read
  Partitioned compression: HG005_GRCh38_1_22_v4.2.1_benchmark: rdf-scan heartbeat — 47,012,598 triples · 7,449,093,419 bytes read
  Partitioned compression: HG005_GRCh38_1_22_v4.2.1_benchmark: rdf-scan chunk — 47,379,495 triples · 14 chunks · 7,516,193,774 bytes read
  Partitioned compression: HG005_GRCh38_1_22_v4.2.1_benchmark: hdt-chunks started — 13 chunks · hdt-build-00013
  Partitioned compression: HG005_GRCh38_1_22_v4.2.1_benchmark: hdt-chunks complete — 14 chunks · hdt-build-00013
  Partitioned compression: HG005_GRCh38_1_22_v4.2.1_benchmark: cottas-chunks started — 13 chunks · cottas-build-00013
  Partitioned compression: HG005_GRCh38_1_22_v4.2.1_benchmark: cottas-chunks complete — 14 chunks · cottas-build-00013
  Partitioned compression: HG005_GRCh38_1_22_v4.2.1_benchmark: rdf-scan heartbeat — 47,379,541 triples · 7,516,202,305 bytes read
  Partitioned compression: HG005_GRCh38_1_22_v4.2.1_benchmark: rdf-scan heartbeat — 47,746,459 triples · 7,583,311,248 bytes read
  Partitioned compression: HG005_GRCh38_1_22_v4.2.1_benchmark: rdf-scan heartbeat — 48,113,351 triples · 7,650,420,260 bytes read
  Partitioned compression: HG005_GRCh38_1_22_v4.2.1_benchmark: rdf-scan heartbeat — 48,480,260 triples · 7,717,529,294 bytes read
  Partitioned compression: HG005_GRCh38_1_22_v4.2.1_benchmark: rdf-scan heartbeat — 48,847,172 triples · 7,784,638,272 bytes read
  Partitioned compression: HG005_GRCh38_1_22_v4.2.1_benchmark: rdf-scan heartbeat — 49,214,077 triples · 7,851,747,241 bytes read
  Partitioned compression: HG005_GRCh38_1_22_v4.2.1_benchmark: rdf-scan heartbeat — 49,581,049 triples · 7,918,856,228 bytes read
  Partitioned compression: HG005_GRCh38_1_22_v4.2.1_benchmark: rdf-scan heartbeat — 49,947,957 triples · 7,985,965,122 bytes read
  Partitioned compression: HG005_GRCh38_1_22_v4.2.1_benchmark: rdf-scan chunk — 50,314,842 triples · 15 chunks · 8,053,064,739 bytes read
  Partitioned compression: HG005_GRCh38_1_22_v4.2.1_benchmark: hdt-chunks started — 14 chunks · hdt-build-00014
  Partitioned compression: HG005_GRCh38_1_22_v4.2.1_benchmark: hdt-chunks complete — 15 chunks · hdt-build-00014
  Partitioned compression: HG005_GRCh38_1_22_v4.2.1_benchmark: cottas-chunks started — 14 chunks · cottas-build-00014
  Partitioned compression: HG005_GRCh38_1_22_v4.2.1_benchmark: cottas-chunks complete — 15 chunks · cottas-build-00014
  Partitioned compression: HG005_GRCh38_1_22_v4.2.1_benchmark: rdf-scan heartbeat — 50,314,893 triples · 8,053,073,999 bytes read
  Partitioned compression: HG005_GRCh38_1_22_v4.2.1_benchmark: rdf-scan heartbeat — 50,681,781 triples · 8,120,183,008 bytes read
  Partitioned compression: HG005_GRCh38_1_22_v4.2.1_benchmark: rdf-scan heartbeat — 51,048,697 triples · 8,187,291,982 bytes read
  Partitioned compression: HG005_GRCh38_1_22_v4.2.1_benchmark: rdf-scan heartbeat — 51,415,601 triples · 8,254,401,002 bytes read
  Partitioned compression: HG005_GRCh38_1_22_v4.2.1_benchmark: rdf-scan heartbeat — 51,782,515 triples · 8,321,509,935 bytes read
  Partitioned compression: HG005_GRCh38_1_22_v4.2.1_benchmark: rdf-scan heartbeat — 52,149,439 triples · 8,388,618,929 bytes read
  Partitioned compression: HG005_GRCh38_1_22_v4.2.1_benchmark: rdf-scan heartbeat — 52,516,360 triples · 8,455,727,843 bytes read
  Partitioned compression: HG005_GRCh38_1_22_v4.2.1_benchmark: rdf-scan heartbeat — 52,883,271 triples · 8,522,836,824 bytes read
  Partitioned compression: HG005_GRCh38_1_22_v4.2.1_benchmark: rdf-scan chunk — 53,250,133 triples · 16 chunks · 8,589,935,833 bytes read
  Partitioned compression: HG005_GRCh38_1_22_v4.2.1_benchmark: hdt-chunks started — 15 chunks · hdt-build-00015
  Partitioned compression: HG005_GRCh38_1_22_v4.2.1_benchmark: hdt-chunks complete — 16 chunks · hdt-build-00015
  Partitioned compression: HG005_GRCh38_1_22_v4.2.1_benchmark: cottas-chunks started — 15 chunks · cottas-build-00015
  Partitioned compression: HG005_GRCh38_1_22_v4.2.1_benchmark: cottas-chunks complete — 16 chunks · cottas-build-00015
  Partitioned compression: HG005_GRCh38_1_22_v4.2.1_benchmark: rdf-scan heartbeat — 53,250,188 triples · 8,589,945,853 bytes read
  Partitioned compression: HG005_GRCh38_1_22_v4.2.1_benchmark: rdf-scan heartbeat — 53,617,086 triples · 8,657,054,818 bytes read
  Partitioned compression: HG005_GRCh38_1_22_v4.2.1_benchmark: rdf-scan heartbeat — 53,984,008 triples · 8,724,163,862 bytes read
  Partitioned compression: HG005_GRCh38_1_22_v4.2.1_benchmark: rdf-scan heartbeat — 54,350,991 triples · 8,791,272,904 bytes read
  Partitioned compression: HG005_GRCh38_1_22_v4.2.1_benchmark: rdf-scan heartbeat — 54,717,924 triples · 8,858,381,898 bytes read
  Partitioned compression: HG005_GRCh38_1_22_v4.2.1_benchmark: rdf-scan heartbeat — 55,084,874 triples · 8,925,490,802 bytes read
  Partitioned compression: HG005_GRCh38_1_22_v4.2.1_benchmark: rdf-scan heartbeat — 55,451,832 triples · 8,992,599,762 bytes read
  Partitioned compression: HG005_GRCh38_1_22_v4.2.1_benchmark: rdf-scan heartbeat — 55,818,886 triples · 9,059,708,715 bytes read
  Partitioned compression: HG005_GRCh38_1_22_v4.2.1_benchmark: rdf-scan chunk — 56,185,783 triples · 17 chunks · 9,126,806,768 bytes read
  Partitioned compression: HG005_GRCh38_1_22_v4.2.1_benchmark: hdt-chunks started — 16 chunks · hdt-build-00016
  Partitioned compression: HG005_GRCh38_1_22_v4.2.1_benchmark: hdt-chunks complete — 17 chunks · hdt-build-00016
  Partitioned compression: HG005_GRCh38_1_22_v4.2.1_benchmark: cottas-chunks started — 16 chunks · cottas-build-00016
  Partitioned compression: HG005_GRCh38_1_22_v4.2.1_benchmark: cottas-chunks complete — 17 chunks · cottas-build-00016
  Partitioned compression: HG005_GRCh38_1_22_v4.2.1_benchmark: rdf-scan heartbeat — 56,185,843 triples · 9,126,817,759 bytes read
  Partitioned compression: HG005_GRCh38_1_22_v4.2.1_benchmark: rdf-scan heartbeat — 56,552,774 triples · 9,193,926,688 bytes read
  Partitioned compression: HG005_GRCh38_1_22_v4.2.1_benchmark: rdf-scan heartbeat — 56,919,711 triples · 9,261,035,698 bytes read
  Partitioned compression: HG005_GRCh38_1_22_v4.2.1_benchmark: rdf-scan heartbeat — 57,286,632 triples · 9,328,144,606 bytes read
  Partitioned compression: HG005_GRCh38_1_22_v4.2.1_benchmark: rdf-scan heartbeat — 57,653,550 triples · 9,395,253,543 bytes read
  Partitioned compression: HG005_GRCh38_1_22_v4.2.1_benchmark: rdf-scan heartbeat — 58,020,470 triples · 9,462,362,521 bytes read
  Partitioned compression: HG005_GRCh38_1_22_v4.2.1_benchmark: rdf-scan heartbeat — 58,387,396 triples · 9,529,471,516 bytes read
  Partitioned compression: HG005_GRCh38_1_22_v4.2.1_benchmark: rdf-scan heartbeat — 58,754,315 triples · 9,596,580,389 bytes read
  Partitioned compression: HG005_GRCh38_1_22_v4.2.1_benchmark: rdf-scan chunk — 59,121,209 triples · 18 chunks · 9,663,677,764 bytes read
  Partitioned compression: HG005_GRCh38_1_22_v4.2.1_benchmark: hdt-chunks started — 17 chunks · hdt-build-00017
  Partitioned compression: HG005_GRCh38_1_22_v4.2.1_benchmark: hdt-chunks complete — 18 chunks · hdt-build-00017
  Partitioned compression: HG005_GRCh38_1_22_v4.2.1_benchmark: cottas-chunks started — 17 chunks · cottas-build-00017
  Partitioned compression: HG005_GRCh38_1_22_v4.2.1_benchmark: cottas-chunks complete — 18 chunks · cottas-build-00017
  Partitioned compression: HG005_GRCh38_1_22_v4.2.1_benchmark: rdf-scan heartbeat — 59,121,272 triples · 9,663,689,270 bytes read
  Partitioned compression: HG005_GRCh38_1_22_v4.2.1_benchmark: rdf-scan heartbeat — 59,488,224 triples · 9,730,798,208 bytes read
  Partitioned compression: HG005_GRCh38_1_22_v4.2.1_benchmark: rdf-scan heartbeat — 59,855,144 triples · 9,797,907,207 bytes read
  Partitioned compression: HG005_GRCh38_1_22_v4.2.1_benchmark: rdf-scan heartbeat — 60,222,057 triples · 9,865,016,174 bytes read
  Partitioned compression: HG005_GRCh38_1_22_v4.2.1_benchmark: rdf-scan heartbeat — 60,588,966 triples · 9,932,125,135 bytes read
  Partitioned compression: HG005_GRCh38_1_22_v4.2.1_benchmark: rdf-scan heartbeat — 60,955,875 triples · 9,999,234,010 bytes read
  Partitioned compression: HG005_GRCh38_1_22_v4.2.1_benchmark: rdf-scan heartbeat — 61,322,778 triples · 10,066,343,075 bytes read
  Partitioned compression: HG005_GRCh38_1_22_v4.2.1_benchmark: rdf-scan heartbeat — 61,689,671 triples · 10,133,452,020 bytes read
  Partitioned compression: HG005_GRCh38_1_22_v4.2.1_benchmark: rdf-scan chunk — 62,056,498 triples · 19 chunks · 10,200,548,730 bytes read
  Partitioned compression: HG005_GRCh38_1_22_v4.2.1_benchmark: hdt-chunks started — 18 chunks · hdt-build-00018
  Partitioned compression: HG005_GRCh38_1_22_v4.2.1_benchmark: hdt-chunks complete — 19 chunks · hdt-build-00018
  Partitioned compression: HG005_GRCh38_1_22_v4.2.1_benchmark: cottas-chunks started — 18 chunks · cottas-build-00018
  Partitioned compression: HG005_GRCh38_1_22_v4.2.1_benchmark: cottas-chunks complete — 19 chunks · cottas-build-00018
  Partitioned compression: HG005_GRCh38_1_22_v4.2.1_benchmark: rdf-scan heartbeat — 62,056,565 triples · 10,200,560,989 bytes read
  Partitioned compression: HG005_GRCh38_1_22_v4.2.1_benchmark: rdf-scan heartbeat — 62,423,472 triples · 10,267,670,036 bytes read
  Partitioned compression: HG005_GRCh38_1_22_v4.2.1_benchmark: rdf-scan heartbeat — 62,790,402 triples · 10,334,779,004 bytes read
  Partitioned compression: HG005_GRCh38_1_22_v4.2.1_benchmark: rdf-scan heartbeat — 63,157,325 triples · 10,401,888,031 bytes read
  Partitioned compression: HG005_GRCh38_1_22_v4.2.1_benchmark: rdf-scan heartbeat — 63,524,264 triples · 10,468,997,015 bytes read
  Partitioned compression: HG005_GRCh38_1_22_v4.2.1_benchmark: rdf-scan heartbeat — 63,891,165 triples · 10,536,105,899 bytes read
  Partitioned compression: HG005_GRCh38_1_22_v4.2.1_benchmark: rdf-scan heartbeat — 64,258,124 triples · 10,603,214,884 bytes read
  Partitioned compression: HG005_GRCh38_1_22_v4.2.1_benchmark: rdf-scan heartbeat — 64,625,042 triples · 10,670,323,829 bytes read
  Partitioned compression: HG005_GRCh38_1_22_v4.2.1_benchmark: rdf-scan chunk — 64,991,901 triples · 20 chunks · 10,737,419,838 bytes read
  Partitioned compression: HG005_GRCh38_1_22_v4.2.1_benchmark: hdt-chunks started — 19 chunks · hdt-build-00019
  Partitioned compression: HG005_GRCh38_1_22_v4.2.1_benchmark: hdt-chunks complete — 20 chunks · hdt-build-00019
  Partitioned compression: HG005_GRCh38_1_22_v4.2.1_benchmark: cottas-chunks started — 19 chunks · cottas-build-00019
  Partitioned compression: HG005_GRCh38_1_22_v4.2.1_benchmark: cottas-chunks complete — 20 chunks · cottas-build-00019
  Partitioned compression: HG005_GRCh38_1_22_v4.2.1_benchmark: rdf-scan heartbeat — 64,991,972 triples · 10,737,432,799 bytes read
  Partitioned compression: HG005_GRCh38_1_22_v4.2.1_benchmark: rdf-scan heartbeat — 65,358,927 triples · 10,804,541,680 bytes read
  Partitioned compression: HG005_GRCh38_1_22_v4.2.1_benchmark: rdf-scan heartbeat — 65,725,851 triples · 10,871,650,760 bytes read
  Partitioned compression: HG005_GRCh38_1_22_v4.2.1_benchmark: rdf-scan heartbeat — 66,092,766 triples · 10,938,759,634 bytes read
  Partitioned compression: HG005_GRCh38_1_22_v4.2.1_benchmark: rdf-scan heartbeat — 66,459,709 triples · 11,005,868,504 bytes read
  Partitioned compression: HG005_GRCh38_1_22_v4.2.1_benchmark: rdf-scan heartbeat — 66,826,617 triples · 11,072,977,433 bytes read
  Partitioned compression: HG005_GRCh38_1_22_v4.2.1_benchmark: rdf-scan heartbeat — 67,193,548 triples · 11,140,086,305 bytes read
  Partitioned compression: HG005_GRCh38_1_22_v4.2.1_benchmark: rdf-scan heartbeat — 67,560,556 triples · 11,207,195,317 bytes read
  Partitioned compression: HG005_GRCh38_1_22_v4.2.1_benchmark: rdf-scan chunk — 67,927,381 triples · 21 chunks · 11,274,290,884 bytes read
  Partitioned compression: HG005_GRCh38_1_22_v4.2.1_benchmark: hdt-chunks started — 20 chunks · hdt-build-00020
  Partitioned compression: HG005_GRCh38_1_22_v4.2.1_benchmark: hdt-chunks complete — 21 chunks · hdt-build-00020
  Partitioned compression: HG005_GRCh38_1_22_v4.2.1_benchmark: cottas-chunks started — 20 chunks · cottas-build-00020
  Partitioned compression: HG005_GRCh38_1_22_v4.2.1_benchmark: cottas-chunks complete — 21 chunks · cottas-build-00020
  Partitioned compression: HG005_GRCh38_1_22_v4.2.1_benchmark: rdf-scan heartbeat — 67,927,454 triples · 11,274,304,294 bytes read
  Partitioned compression: HG005_GRCh38_1_22_v4.2.1_benchmark: rdf-scan heartbeat — 68,294,355 triples · 11,341,413,244 bytes read
  Partitioned compression: HG005_GRCh38_1_22_v4.2.1_benchmark: rdf-scan heartbeat — 68,661,261 triples · 11,408,522,297 bytes read
  Partitioned compression: HG005_GRCh38_1_22_v4.2.1_benchmark: rdf-scan heartbeat — 69,028,150 triples · 11,475,631,217 bytes read
  Partitioned compression: HG005_GRCh38_1_22_v4.2.1_benchmark: rdf-scan heartbeat — 69,395,034 triples · 11,542,740,110 bytes read
  Partitioned compression: HG005_GRCh38_1_22_v4.2.1_benchmark: rdf-scan heartbeat — 69,761,943 triples · 11,609,849,037 bytes read
  Partitioned compression: HG005_GRCh38_1_22_v4.2.1_benchmark: rdf-scan heartbeat — 70,128,842 triples · 11,676,957,930 bytes read
  Partitioned compression: HG005_GRCh38_1_22_v4.2.1_benchmark: rdf-scan heartbeat — 70,495,747 triples · 11,744,066,837 bytes read
  Partitioned compression: HG005_GRCh38_1_22_v4.2.1_benchmark: rdf-scan chunk — 70,862,569 triples · 22 chunks · 11,811,161,868 bytes read
  Partitioned compression: HG005_GRCh38_1_22_v4.2.1_benchmark: hdt-chunks started — 21 chunks · hdt-build-00021
  Partitioned compression: HG005_GRCh38_1_22_v4.2.1_benchmark: hdt-chunks complete — 22 chunks · hdt-build-00021
  Partitioned compression: HG005_GRCh38_1_22_v4.2.1_benchmark: cottas-chunks started — 21 chunks · cottas-build-00021
  Partitioned compression: HG005_GRCh38_1_22_v4.2.1_benchmark: cottas-chunks complete — 22 chunks · cottas-build-00021
  Partitioned compression: HG005_GRCh38_1_22_v4.2.1_benchmark: rdf-scan heartbeat — 70,862,645 triples · 11,811,175,733 bytes read
  Partitioned compression: HG005_GRCh38_1_22_v4.2.1_benchmark: rdf-scan heartbeat — 71,229,561 triples · 11,878,284,769 bytes read
  Partitioned compression: HG005_GRCh38_1_22_v4.2.1_benchmark: rdf-scan heartbeat — 71,596,492 triples · 11,945,393,794 bytes read
  Partitioned compression: HG005_GRCh38_1_22_v4.2.1_benchmark: rdf-scan heartbeat — 71,963,393 triples · 12,012,502,679 bytes read
  Partitioned compression: HG005_GRCh38_1_22_v4.2.1_benchmark: rdf-scan heartbeat — 72,330,303 triples · 12,079,611,592 bytes read
  Partitioned compression: HG005_GRCh38_1_22_v4.2.1_benchmark: rdf-scan heartbeat — 72,697,221 triples · 12,146,720,530 bytes read
  Partitioned compression: HG005_GRCh38_1_22_v4.2.1_benchmark: rdf-scan heartbeat — 73,064,139 triples · 12,213,829,567 bytes read
  Partitioned compression: HG005_GRCh38_1_22_v4.2.1_benchmark: rdf-scan heartbeat — 73,431,044 triples · 12,280,938,454 bytes read
  Partitioned compression: HG005_GRCh38_1_22_v4.2.1_benchmark: rdf-scan chunk — 73,797,848 triples · 23 chunks · 12,348,032,895 bytes read
  Partitioned compression: HG005_GRCh38_1_22_v4.2.1_benchmark: hdt-chunks started — 22 chunks · hdt-build-00022
  Partitioned compression: HG005_GRCh38_1_22_v4.2.1_benchmark: hdt-chunks complete — 23 chunks · hdt-build-00022
  Partitioned compression: HG005_GRCh38_1_22_v4.2.1_benchmark: cottas-chunks started — 22 chunks · cottas-build-00022
  Partitioned compression: HG005_GRCh38_1_22_v4.2.1_benchmark: cottas-chunks complete — 23 chunks · cottas-build-00022
  Partitioned compression: HG005_GRCh38_1_22_v4.2.1_benchmark: rdf-scan heartbeat — 73,797,928 triples · 12,348,047,425 bytes read
  Partitioned compression: HG005_GRCh38_1_22_v4.2.1_benchmark: rdf-scan heartbeat — 74,164,835 triples · 12,415,156,392 bytes read
  Partitioned compression: HG005_GRCh38_1_22_v4.2.1_benchmark: rdf-scan heartbeat — 74,531,752 triples · 12,482,265,410 bytes read
  Partitioned compression: HG005_GRCh38_1_22_v4.2.1_benchmark: rdf-scan heartbeat — 74,898,684 triples · 12,549,374,391 bytes read
  Partitioned compression: HG005_GRCh38_1_22_v4.2.1_benchmark: rdf-scan heartbeat — 75,265,601 triples · 12,616,483,399 bytes read
  Partitioned compression: HG005_GRCh38_1_22_v4.2.1_benchmark: rdf-scan heartbeat — 75,632,521 triples · 12,683,592,306 bytes read
  Partitioned compression: HG005_GRCh38_1_22_v4.2.1_benchmark: rdf-scan heartbeat — 75,999,423 triples · 12,750,701,185 bytes read
  Partitioned compression: HG005_GRCh38_1_22_v4.2.1_benchmark: rdf-scan heartbeat — 76,366,357 triples · 12,817,810,230 bytes read
  Partitioned compression: HG005_GRCh38_1_22_v4.2.1_benchmark: rdf-scan chunk — 76,733,177 triples · 24 chunks · 12,884,903,994 bytes read
  Partitioned compression: HG005_GRCh38_1_22_v4.2.1_benchmark: hdt-chunks started — 23 chunks · hdt-build-00023
  Partitioned compression: HG005_GRCh38_1_22_v4.2.1_benchmark: hdt-chunks complete — 24 chunks · hdt-build-00023
  Partitioned compression: HG005_GRCh38_1_22_v4.2.1_benchmark: cottas-chunks started — 23 chunks · cottas-build-00023
  Partitioned compression: HG005_GRCh38_1_22_v4.2.1_benchmark: cottas-chunks complete — 24 chunks · cottas-build-00023
  Partitioned compression: HG005_GRCh38_1_22_v4.2.1_benchmark: rdf-scan heartbeat — 76,733,260 triples · 12,884,919,221 bytes read
  Partitioned compression: HG005_GRCh38_1_22_v4.2.1_benchmark: rdf-scan heartbeat — 77,100,190 triples · 12,952,028,228 bytes read
  Partitioned compression: HG005_GRCh38_1_22_v4.2.1_benchmark: rdf-scan heartbeat — 77,467,112 triples · 13,019,137,212 bytes read
  Partitioned compression: HG005_GRCh38_1_22_v4.2.1_benchmark: rdf-scan heartbeat — 77,834,084 triples · 13,086,246,092 bytes read
  Partitioned compression: HG005_GRCh38_1_22_v4.2.1_benchmark: rdf-scan heartbeat — 78,201,058 triples · 13,153,354,994 bytes read
  Partitioned compression: HG005_GRCh38_1_22_v4.2.1_benchmark: rdf-scan heartbeat — 78,568,009 triples · 13,220,464,004 bytes read
  Partitioned compression: HG005_GRCh38_1_22_v4.2.1_benchmark: rdf-scan heartbeat — 78,934,957 triples · 13,287,572,942 bytes read
  Partitioned compression: HG005_GRCh38_1_22_v4.2.1_benchmark: rdf-scan heartbeat — 79,301,898 triples · 13,354,681,894 bytes read
  Partitioned compression: HG005_GRCh38_1_22_v4.2.1_benchmark: rdf-scan chunk — 79,668,724 triples · 25 chunks · 13,421,774,919 bytes read
  Partitioned compression: HG005_GRCh38_1_22_v4.2.1_benchmark: hdt-chunks started — 24 chunks · hdt-build-00024
  Partitioned compression: HG005_GRCh38_1_22_v4.2.1_benchmark: hdt-chunks complete — 25 chunks · hdt-build-00024
  Partitioned compression: HG005_GRCh38_1_22_v4.2.1_benchmark: cottas-chunks started — 24 chunks · cottas-build-00024
  Partitioned compression: HG005_GRCh38_1_22_v4.2.1_benchmark: cottas-chunks complete — 25 chunks · cottas-build-00024
  Partitioned compression: HG005_GRCh38_1_22_v4.2.1_benchmark: rdf-scan heartbeat — 79,668,811 triples · 13,421,790,938 bytes read
  Partitioned compression: HG005_GRCh38_1_22_v4.2.1_benchmark: rdf-scan heartbeat — 80,035,739 triples · 13,488,899,822 bytes read
  Partitioned compression: HG005_GRCh38_1_22_v4.2.1_benchmark: rdf-scan heartbeat — 80,402,670 triples · 13,556,008,705 bytes read
  Partitioned compression: HG005_GRCh38_1_22_v4.2.1_benchmark: rdf-scan heartbeat — 80,769,608 triples · 13,623,117,605 bytes read
  Partitioned compression: HG005_GRCh38_1_22_v4.2.1_benchmark: rdf-scan heartbeat — 81,136,526 triples · 13,690,226,638 bytes read
  Partitioned compression: HG005_GRCh38_1_22_v4.2.1_benchmark: rdf-scan heartbeat — 81,503,433 triples · 13,757,335,567 bytes read
  Partitioned compression: HG005_GRCh38_1_22_v4.2.1_benchmark: rdf-scan heartbeat — 81,870,370 triples · 13,824,444,504 bytes read
  Partitioned compression: HG005_GRCh38_1_22_v4.2.1_benchmark: rdf-scan heartbeat — 82,237,289 triples · 13,891,553,378 bytes read
  Partitioned compression: HG005_GRCh38_1_22_v4.2.1_benchmark: rdf-scan chunk — 82,604,084 triples · 26 chunks · 13,958,645,908 bytes read
  Partitioned compression: HG005_GRCh38_1_22_v4.2.1_benchmark: hdt-chunks started — 25 chunks · hdt-build-00025
  Partitioned compression: HG005_GRCh38_1_22_v4.2.1_benchmark: hdt-chunks complete — 26 chunks · hdt-build-00025
  Partitioned compression: HG005_GRCh38_1_22_v4.2.1_benchmark: cottas-chunks started — 25 chunks · cottas-build-00025
  Partitioned compression: HG005_GRCh38_1_22_v4.2.1_benchmark: cottas-chunks complete — 26 chunks · cottas-build-00025
  Partitioned compression: HG005_GRCh38_1_22_v4.2.1_benchmark: rdf-scan heartbeat — 82,604,173 triples · 13,958,662,306 bytes read
  Partitioned compression: HG005_GRCh38_1_22_v4.2.1_benchmark: rdf-scan heartbeat — 82,971,053 triples · 14,025,771,178 bytes read
  Partitioned compression: HG005_GRCh38_1_22_v4.2.1_benchmark: rdf-scan heartbeat — 83,337,979 triples · 14,092,880,118 bytes read
  Partitioned compression: HG005_GRCh38_1_22_v4.2.1_benchmark: rdf-scan heartbeat — 83,704,927 triples · 14,159,989,077 bytes read
  Partitioned compression: HG005_GRCh38_1_22_v4.2.1_benchmark: rdf-scan heartbeat — 84,071,851 triples · 14,227,098,117 bytes read
  Partitioned compression: HG005_GRCh38_1_22_v4.2.1_benchmark: rdf-scan heartbeat — 84,438,758 triples · 14,294,207,096 bytes read
  Partitioned compression: HG005_GRCh38_1_22_v4.2.1_benchmark: rdf-scan heartbeat — 84,805,676 triples · 14,361,315,968 bytes read
  Partitioned compression: HG005_GRCh38_1_22_v4.2.1_benchmark: rdf-scan heartbeat — 85,172,604 triples · 14,428,425,013 bytes read
  Partitioned compression: HG005_GRCh38_1_22_v4.2.1_benchmark: rdf-scan chunk — 85,539,410 triples · 27 chunks · 14,495,516,963 bytes read
  Partitioned compression: HG005_GRCh38_1_22_v4.2.1_benchmark: hdt-chunks started — 26 chunks · hdt-build-00026
  Partitioned compression: HG005_GRCh38_1_22_v4.2.1_benchmark: hdt-chunks complete — 27 chunks · hdt-build-00026
  Partitioned compression: HG005_GRCh38_1_22_v4.2.1_benchmark: cottas-chunks started — 26 chunks · cottas-build-00026
  Partitioned compression: HG005_GRCh38_1_22_v4.2.1_benchmark: cottas-chunks complete — 27 chunks · cottas-build-00026
  Partitioned compression: HG005_GRCh38_1_22_v4.2.1_benchmark: rdf-scan heartbeat — 85,539,503 triples · 14,495,533,989 bytes read
  Partitioned compression: HG005_GRCh38_1_22_v4.2.1_benchmark: rdf-scan heartbeat — 85,906,405 triples · 14,562,642,864 bytes read
  Partitioned compression: HG005_GRCh38_1_22_v4.2.1_benchmark: rdf-scan heartbeat — 86,273,321 triples · 14,629,751,896 bytes read
  Partitioned compression: HG005_GRCh38_1_22_v4.2.1_benchmark: rdf-scan heartbeat — 86,640,303 triples · 14,696,860,777 bytes read
  Partitioned compression: HG005_GRCh38_1_22_v4.2.1_benchmark: rdf-scan heartbeat — 87,007,238 triples · 14,763,969,664 bytes read
  Partitioned compression: HG005_GRCh38_1_22_v4.2.1_benchmark: rdf-scan heartbeat — 87,374,195 triples · 14,831,078,653 bytes read
  Partitioned compression: HG005_GRCh38_1_22_v4.2.1_benchmark: rdf-scan heartbeat — 87,741,117 triples · 14,898,187,633 bytes read
  Partitioned compression: HG005_GRCh38_1_22_v4.2.1_benchmark: rdf-scan heartbeat — 88,108,056 triples · 14,965,296,575 bytes read
  Partitioned compression: HG005_GRCh38_1_22_v4.2.1_benchmark: rdf-scan chunk — 88,474,875 triples · 28 chunks · 15,032,387,893 bytes read
  Partitioned compression: HG005_GRCh38_1_22_v4.2.1_benchmark: hdt-chunks started — 27 chunks · hdt-build-00027
  Partitioned compression: HG005_GRCh38_1_22_v4.2.1_benchmark: hdt-chunks complete — 28 chunks · hdt-build-00027
  Partitioned compression: HG005_GRCh38_1_22_v4.2.1_benchmark: cottas-chunks started — 27 chunks · cottas-build-00027
  Partitioned compression: HG005_GRCh38_1_22_v4.2.1_benchmark: cottas-chunks complete — 28 chunks · cottas-build-00027
  Partitioned compression: HG005_GRCh38_1_22_v4.2.1_benchmark: rdf-scan heartbeat — 88,474,971 triples · 15,032,405,481 bytes read
  Partitioned compression: HG005_GRCh38_1_22_v4.2.1_benchmark: rdf-scan heartbeat — 88,841,861 triples · 15,099,514,409 bytes read
  Partitioned compression: HG005_GRCh38_1_22_v4.2.1_benchmark: rdf-scan heartbeat — 89,208,777 triples · 15,166,623,437 bytes read
  Partitioned compression: HG005_GRCh38_1_22_v4.2.1_benchmark: rdf-scan heartbeat — 89,575,706 triples · 15,233,732,404 bytes read
  Partitioned compression: HG005_GRCh38_1_22_v4.2.1_benchmark: rdf-scan heartbeat — 89,942,615 triples · 15,300,841,318 bytes read
  Partitioned compression: HG005_GRCh38_1_22_v4.2.1_benchmark: rdf-scan heartbeat — 90,309,531 triples · 15,367,950,257 bytes read
  Partitioned compression: HG005_GRCh38_1_22_v4.2.1_benchmark: rdf-scan heartbeat — 90,676,471 triples · 15,435,059,296 bytes read
  Partitioned compression: HG005_GRCh38_1_22_v4.2.1_benchmark: rdf-scan heartbeat — 91,043,389 triples · 15,502,168,222 bytes read
  Partitioned compression: HG005_GRCh38_1_22_v4.2.1_benchmark: rdf-scan chunk — 91,410,179 triples · 29 chunks · 15,569,258,840 bytes read
  Partitioned compression: HG005_GRCh38_1_22_v4.2.1_benchmark: hdt-chunks started — 28 chunks · hdt-build-00028
  Partitioned compression: HG005_GRCh38_1_22_v4.2.1_benchmark: hdt-chunks complete — 29 chunks · hdt-build-00028
  Partitioned compression: HG005_GRCh38_1_22_v4.2.1_benchmark: cottas-chunks started — 28 chunks · cottas-build-00028
  Partitioned compression: HG005_GRCh38_1_22_v4.2.1_benchmark: cottas-chunks complete — 29 chunks · cottas-build-00028
  Partitioned compression: HG005_GRCh38_1_22_v4.2.1_benchmark: rdf-scan heartbeat — 91,410,278 triples · 15,569,277,090 bytes read
  Partitioned compression: HG005_GRCh38_1_22_v4.2.1_benchmark: rdf-scan heartbeat — 91,777,175 triples · 15,636,386,021 bytes read
  Partitioned compression: HG005_GRCh38_1_22_v4.2.1_benchmark: rdf-scan heartbeat — 92,144,064 triples · 15,703,494,968 bytes read
  Partitioned compression: HG005_GRCh38_1_22_v4.2.1_benchmark: rdf-scan heartbeat — 92,510,942 triples · 15,770,603,917 bytes read
  Partitioned compression: HG005_GRCh38_1_22_v4.2.1_benchmark: rdf-scan heartbeat — 92,877,901 triples · 15,837,712,850 bytes read
  Partitioned compression: HG005_GRCh38_1_22_v4.2.1_benchmark: rdf-scan heartbeat — 93,244,789 triples · 15,904,821,917 bytes read
  Partitioned compression: HG005_GRCh38_1_22_v4.2.1_benchmark: rdf-scan heartbeat — 93,611,719 triples · 15,971,930,960 bytes read
  Partitioned compression: HG005_GRCh38_1_22_v4.2.1_benchmark: rdf-scan heartbeat — 93,978,641 triples · 16,039,039,900 bytes read
  Partitioned compression: HG005_GRCh38_1_22_v4.2.1_benchmark: rdf-scan chunk — 94,345,454 triples · 30 chunks · 16,106,129,772 bytes read
  Partitioned compression: HG005_GRCh38_1_22_v4.2.1_benchmark: hdt-chunks started — 29 chunks · hdt-build-00029
  Partitioned compression: HG005_GRCh38_1_22_v4.2.1_benchmark: hdt-chunks complete — 30 chunks · hdt-build-00029
  Partitioned compression: HG005_GRCh38_1_22_v4.2.1_benchmark: cottas-chunks started — 29 chunks · cottas-build-00029
  Partitioned compression: HG005_GRCh38_1_22_v4.2.1_benchmark: cottas-chunks complete — 30 chunks · cottas-build-00029
  Partitioned compression: HG005_GRCh38_1_22_v4.2.1_benchmark: rdf-scan heartbeat — 94,345,559 triples · 16,106,148,923 bytes read
  Partitioned compression: HG005_GRCh38_1_22_v4.2.1_benchmark: rdf-scan heartbeat — 94,712,499 triples · 16,173,257,963 bytes read
  Partitioned compression: HG005_GRCh38_1_22_v4.2.1_benchmark: rdf-scan heartbeat — 95,079,448 triples · 16,240,366,838 bytes read
  Partitioned compression: HG005_GRCh38_1_22_v4.2.1_benchmark: rdf-scan heartbeat — 95,446,394 triples · 16,307,475,838 bytes read
  Partitioned compression: HG005_GRCh38_1_22_v4.2.1_benchmark: rdf-scan heartbeat — 95,813,341 triples · 16,374,584,766 bytes read
  Partitioned compression: HG005_GRCh38_1_22_v4.2.1_benchmark: rdf-scan heartbeat — 96,180,315 triples · 16,441,693,694 bytes read
  Partitioned compression: HG005_GRCh38_1_22_v4.2.1_benchmark: rdf-scan heartbeat — 96,547,300 triples · 16,508,802,650 bytes read
  Partitioned compression: HG005_GRCh38_1_22_v4.2.1_benchmark: rdf-scan heartbeat — 96,914,303 triples · 16,575,911,589 bytes read
  Partitioned compression: HG005_GRCh38_1_22_v4.2.1_benchmark: rdf-scan chunk — 97,281,150 triples · 31 chunks · 16,643,000,726 bytes read
  Partitioned compression: HG005_GRCh38_1_22_v4.2.1_benchmark: hdt-chunks started — 30 chunks · hdt-build-00030
  Partitioned compression: HG005_GRCh38_1_22_v4.2.1_benchmark: hdt-chunks complete — 31 chunks · hdt-build-00030
  Partitioned compression: HG005_GRCh38_1_22_v4.2.1_benchmark: cottas-chunks started — 30 chunks · cottas-build-00030
  Partitioned compression: HG005_GRCh38_1_22_v4.2.1_benchmark: cottas-chunks complete — 31 chunks · cottas-build-00030
  Partitioned compression: HG005_GRCh38_1_22_v4.2.1_benchmark: rdf-scan heartbeat — 97,281,259 triples · 16,643,020,627 bytes read
  Partitioned compression: HG005_GRCh38_1_22_v4.2.1_benchmark: rdf-scan heartbeat — 97,648,198 triples · 16,710,129,639 bytes read
  Partitioned compression: HG005_GRCh38_1_22_v4.2.1_benchmark: rdf-scan heartbeat — 98,015,100 triples · 16,777,238,555 bytes read
  Partitioned compression: HG005_GRCh38_1_22_v4.2.1_benchmark: rdf-scan heartbeat — 98,382,042 triples · 16,844,347,426 bytes read
  Partitioned compression: HG005_GRCh38_1_22_v4.2.1_benchmark: rdf-scan heartbeat — 98,748,969 triples · 16,911,456,328 bytes read
  Partitioned compression: HG005_GRCh38_1_22_v4.2.1_benchmark: rdf-scan heartbeat — 99,115,909 triples · 16,978,565,358 bytes read
  Partitioned compression: HG005_GRCh38_1_22_v4.2.1_benchmark: rdf-scan heartbeat — 99,482,831 triples · 17,045,674,377 bytes read
  Partitioned compression: HG005_GRCh38_1_22_v4.2.1_benchmark: rdf-scan heartbeat — 99,849,754 triples · 17,112,783,314 bytes read
  Partitioned compression: HG005_GRCh38_1_22_v4.2.1_benchmark: rdf-scan chunk — 100,216,577 triples · 32 chunks · 17,179,871,736 bytes read
  Partitioned compression: HG005_GRCh38_1_22_v4.2.1_benchmark: hdt-chunks started — 31 chunks · hdt-build-00031
  Partitioned compression: HG005_GRCh38_1_22_v4.2.1_benchmark: hdt-chunks complete — 32 chunks · hdt-build-00031
  Partitioned compression: HG005_GRCh38_1_22_v4.2.1_benchmark: cottas-chunks started — 31 chunks · cottas-build-00031
  Partitioned compression: HG005_GRCh38_1_22_v4.2.1_benchmark: cottas-chunks complete — 32 chunks · cottas-build-00031
  Partitioned compression: HG005_GRCh38_1_22_v4.2.1_benchmark: rdf-scan heartbeat — 100,216,689 triples · 17,179,892,221 bytes read
  Partitioned compression: HG005_GRCh38_1_22_v4.2.1_benchmark: rdf-scan heartbeat — 100,583,594 triples · 17,247,001,107 bytes read
  Partitioned compression: HG005_GRCh38_1_22_v4.2.1_benchmark: rdf-scan heartbeat — 100,950,535 triples · 17,314,110,075 bytes read
  Partitioned compression: HG005_GRCh38_1_22_v4.2.1_benchmark: rdf-scan heartbeat — 101,317,431 triples · 17,381,218,989 bytes read
  Partitioned compression: HG005_GRCh38_1_22_v4.2.1_benchmark: rdf-scan heartbeat — 101,684,363 triples · 17,448,327,959 bytes read
  Partitioned compression: HG005_GRCh38_1_22_v4.2.1_benchmark: rdf-scan heartbeat — 102,049,480 triples · 17,515,436,929 bytes read
  Partitioned compression: HG005_GRCh38_1_22_v4.2.1_benchmark: rdf-scan heartbeat — 102,413,798 triples · 17,582,545,877 bytes read
  Partitioned compression: HG005_GRCh38_1_22_v4.2.1_benchmark: rdf-scan heartbeat — 102,778,147 triples · 17,649,654,803 bytes read
  Partitioned compression: HG005_GRCh38_1_22_v4.2.1_benchmark: rdf-scan chunk — 103,142,363 triples · 33 chunks · 17,716,742,687 bytes read
  Partitioned compression: HG005_GRCh38_1_22_v4.2.1_benchmark: hdt-chunks started — 32 chunks · hdt-build-00032
  Partitioned compression: HG005_GRCh38_1_22_v4.2.1_benchmark: hdt-chunks complete — 33 chunks · hdt-build-00032
  Partitioned compression: HG005_GRCh38_1_22_v4.2.1_benchmark: cottas-chunks started — 32 chunks · cottas-build-00032
  Partitioned compression: HG005_GRCh38_1_22_v4.2.1_benchmark: cottas-chunks complete — 33 chunks · cottas-build-00032
  Partitioned compression: HG005_GRCh38_1_22_v4.2.1_benchmark: rdf-scan heartbeat — 103,142,477 triples · 17,716,763,747 bytes read
  Partitioned compression: HG005_GRCh38_1_22_v4.2.1_benchmark: rdf-scan heartbeat — 103,506,840 triples · 17,783,872,772 bytes read
  Partitioned compression: HG005_GRCh38_1_22_v4.2.1_benchmark: rdf-scan heartbeat — 103,871,146 triples · 17,850,981,710 bytes read
  Partitioned compression: HG005_GRCh38_1_22_v4.2.1_benchmark: rdf-scan heartbeat — 104,235,486 triples · 17,918,090,689 bytes read
  Partitioned compression: HG005_GRCh38_1_22_v4.2.1_benchmark: rdf-scan heartbeat — 104,599,803 triples · 17,985,199,688 bytes read
  Partitioned compression: HG005_GRCh38_1_22_v4.2.1_benchmark: rdf-scan heartbeat — 104,964,107 triples · 18,052,308,631 bytes read
  Partitioned compression: HG005_GRCh38_1_22_v4.2.1_benchmark: rdf-scan heartbeat — 105,328,428 triples · 18,119,417,555 bytes read
  Partitioned compression: HG005_GRCh38_1_22_v4.2.1_benchmark: rdf-scan heartbeat — 105,692,724 triples · 18,186,526,491 bytes read
  Partitioned compression: HG005_GRCh38_1_22_v4.2.1_benchmark: rdf-scan chunk — 106,056,920 triples · 34 chunks · 18,253,613,704 bytes read
  Partitioned compression: HG005_GRCh38_1_22_v4.2.1_benchmark: hdt-chunks started — 33 chunks · hdt-build-00033
  Partitioned compression: HG005_GRCh38_1_22_v4.2.1_benchmark: hdt-chunks complete — 34 chunks · hdt-build-00033
  Partitioned compression: HG005_GRCh38_1_22_v4.2.1_benchmark: cottas-chunks started — 33 chunks · cottas-build-00033
  Partitioned compression: HG005_GRCh38_1_22_v4.2.1_benchmark: cottas-chunks complete — 34 chunks · cottas-build-00033
  Partitioned compression: HG005_GRCh38_1_22_v4.2.1_benchmark: rdf-scan heartbeat — 106,057,038 triples · 18,253,635,551 bytes read
  Partitioned compression: HG005_GRCh38_1_22_v4.2.1_benchmark: rdf-scan heartbeat — 106,421,376 triples · 18,320,744,513 bytes read
  Partitioned compression: HG005_GRCh38_1_22_v4.2.1_benchmark: rdf-scan heartbeat — 106,785,677 triples · 18,387,853,489 bytes read
  Partitioned compression: HG005_GRCh38_1_22_v4.2.1_benchmark: rdf-scan heartbeat — 107,149,990 triples · 18,454,962,404 bytes read
  Partitioned compression: HG005_GRCh38_1_22_v4.2.1_benchmark: rdf-scan heartbeat — 107,514,285 triples · 18,522,071,454 bytes read
  Partitioned compression: HG005_GRCh38_1_22_v4.2.1_benchmark: rdf-scan heartbeat — 107,878,560 triples · 18,589,180,449 bytes read
  Partitioned compression: HG005_GRCh38_1_22_v4.2.1_benchmark: rdf-scan heartbeat — 108,242,923 triples · 18,656,289,461 bytes read
  Partitioned compression: HG005_GRCh38_1_22_v4.2.1_benchmark: rdf-scan heartbeat — 108,607,223 triples · 18,723,398,356 bytes read
  Partitioned compression: HG005_GRCh38_1_22_v4.2.1_benchmark: rdf-scan chunk — 108,971,404 triples · 35 chunks · 18,790,484,703 bytes read
  Partitioned compression: HG005_GRCh38_1_22_v4.2.1_benchmark: hdt-chunks started — 34 chunks · hdt-build-00034
  Partitioned compression: HG005_GRCh38_1_22_v4.2.1_benchmark: hdt-chunks complete — 35 chunks · hdt-build-00034
  Partitioned compression: HG005_GRCh38_1_22_v4.2.1_benchmark: cottas-chunks started — 34 chunks · cottas-build-00034
  Partitioned compression: HG005_GRCh38_1_22_v4.2.1_benchmark: cottas-chunks complete — 35 chunks · cottas-build-00034
  Partitioned compression: HG005_GRCh38_1_22_v4.2.1_benchmark: rdf-scan heartbeat — 108,971,527 triples · 18,790,507,377 bytes read
  Partitioned compression: HG005_GRCh38_1_22_v4.2.1_benchmark: rdf-scan heartbeat — 109,335,818 triples · 18,857,616,368 bytes read
  Partitioned compression: HG005_GRCh38_1_22_v4.2.1_benchmark: rdf-scan heartbeat — 109,700,148 triples · 18,924,725,274 bytes read
  Partitioned compression: HG005_GRCh38_1_22_v4.2.1_benchmark: rdf-scan heartbeat — 110,064,469 triples · 18,991,834,194 bytes read
  Partitioned compression: HG005_GRCh38_1_22_v4.2.1_benchmark: rdf-scan heartbeat — 110,428,779 triples · 19,058,943,101 bytes read
  Partitioned compression: HG005_GRCh38_1_22_v4.2.1_benchmark: rdf-scan heartbeat — 110,793,117 triples · 19,126,052,124 bytes read
  Partitioned compression: HG005_GRCh38_1_22_v4.2.1_benchmark: rdf-scan heartbeat — 111,157,367 triples · 19,193,161,132 bytes read
  Partitioned compression: HG005_GRCh38_1_22_v4.2.1_benchmark: rdf-scan heartbeat — 111,521,671 triples · 19,260,270,163 bytes read
  Partitioned compression: HG005_GRCh38_1_22_v4.2.1_benchmark: rdf-scan chunk — 111,885,913 triples · 36 chunks · 19,327,355,734 bytes read
  Partitioned compression: HG005_GRCh38_1_22_v4.2.1_benchmark: hdt-chunks started — 35 chunks · hdt-build-00035
  Partitioned compression: HG005_GRCh38_1_22_v4.2.1_benchmark: hdt-chunks complete — 36 chunks · hdt-build-00035
  Partitioned compression: HG005_GRCh38_1_22_v4.2.1_benchmark: cottas-chunks started — 35 chunks · cottas-build-00035
  Partitioned compression: HG005_GRCh38_1_22_v4.2.1_benchmark: cottas-chunks complete — 36 chunks · cottas-build-00035
  Partitioned compression: HG005_GRCh38_1_22_v4.2.1_benchmark: rdf-scan heartbeat — 111,886,040 triples · 19,327,379,171 bytes read
  Partitioned compression: HG005_GRCh38_1_22_v4.2.1_benchmark: rdf-scan heartbeat — 112,250,324 triples · 19,394,488,178 bytes read
  Partitioned compression: HG005_GRCh38_1_22_v4.2.1_benchmark: rdf-scan heartbeat — 112,614,628 triples · 19,461,597,234 bytes read
  Partitioned compression: HG005_GRCh38_1_22_v4.2.1_benchmark: rdf-scan heartbeat — 112,978,933 triples · 19,528,706,261 bytes read
  Partitioned compression: HG005_GRCh38_1_22_v4.2.1_benchmark: rdf-scan heartbeat — 113,343,268 triples · 19,595,815,291 bytes read
  Partitioned compression: HG005_GRCh38_1_22_v4.2.1_benchmark: rdf-scan heartbeat — 113,707,585 triples · 19,662,924,291 bytes read
  Partitioned compression: HG005_GRCh38_1_22_v4.2.1_benchmark: rdf-scan heartbeat — 114,071,909 triples · 19,730,033,313 bytes read
  Partitioned compression: HG005_GRCh38_1_22_v4.2.1_benchmark: rdf-scan heartbeat — 114,436,214 triples · 19,797,142,289 bytes read
  Partitioned compression: HG005_GRCh38_1_22_v4.2.1_benchmark: rdf-scan chunk — 114,800,410 triples · 37 chunks · 19,864,226,801 bytes read
  Partitioned compression: HG005_GRCh38_1_22_v4.2.1_benchmark: hdt-chunks started — 36 chunks · hdt-build-00036
  Partitioned compression: HG005_GRCh38_1_22_v4.2.1_benchmark: hdt-chunks complete — 37 chunks · hdt-build-00036
  Partitioned compression: HG005_GRCh38_1_22_v4.2.1_benchmark: cottas-chunks started — 36 chunks · cottas-build-00036
  Partitioned compression: HG005_GRCh38_1_22_v4.2.1_benchmark: cottas-chunks complete — 37 chunks · cottas-build-00036
  Partitioned compression: HG005_GRCh38_1_22_v4.2.1_benchmark: rdf-scan heartbeat — 114,800,543 triples · 19,864,251,231 bytes read
  Partitioned compression: HG005_GRCh38_1_22_v4.2.1_benchmark: rdf-scan heartbeat — 115,164,907 triples · 19,931,360,149 bytes read
  Partitioned compression: HG005_GRCh38_1_22_v4.2.1_benchmark: rdf-scan heartbeat — 115,529,277 triples · 19,998,469,055 bytes read
  Partitioned compression: HG005_GRCh38_1_22_v4.2.1_benchmark: rdf-scan heartbeat — 115,893,667 triples · 20,065,578,045 bytes read
  Partitioned compression: HG005_GRCh38_1_22_v4.2.1_benchmark: rdf-scan heartbeat — 116,258,012 triples · 20,132,687,034 bytes read
  Partitioned compression: HG005_GRCh38_1_22_v4.2.1_benchmark: rdf-scan heartbeat — 116,622,348 triples · 20,199,795,943 bytes read
  Partitioned compression: HG005_GRCh38_1_22_v4.2.1_benchmark: rdf-scan heartbeat — 116,986,652 triples · 20,266,904,854 bytes read
  Partitioned compression: HG005_GRCh38_1_22_v4.2.1_benchmark: rdf-scan heartbeat — 117,350,952 triples · 20,334,013,807 bytes read
  Partitioned compression: HG005_GRCh38_1_22_v4.2.1_benchmark: rdf-scan chunk — 117,715,143 triples · 38 chunks · 20,401,097,830 bytes read
  Partitioned compression: HG005_GRCh38_1_22_v4.2.1_benchmark: hdt-chunks started — 37 chunks · hdt-build-00037
  Partitioned compression: HG005_GRCh38_1_22_v4.2.1_benchmark: hdt-chunks complete — 38 chunks · hdt-build-00037
  Partitioned compression: HG005_GRCh38_1_22_v4.2.1_benchmark: cottas-chunks started — 37 chunks · cottas-build-00037
  Partitioned compression: HG005_GRCh38_1_22_v4.2.1_benchmark: cottas-chunks complete — 38 chunks · cottas-build-00037
  Partitioned compression: HG005_GRCh38_1_22_v4.2.1_benchmark: rdf-scan heartbeat — 117,715,279 triples · 20,401,122,835 bytes read
  Partitioned compression: HG005_GRCh38_1_22_v4.2.1_benchmark: rdf-scan heartbeat — 118,079,606 triples · 20,468,231,699 bytes read
  Partitioned compression: HG005_GRCh38_1_22_v4.2.1_benchmark: rdf-scan heartbeat — 118,443,916 triples · 20,535,340,617 bytes read
  Partitioned compression: HG005_GRCh38_1_22_v4.2.1_benchmark: rdf-scan heartbeat — 118,808,229 triples · 20,602,449,610 bytes read
  Partitioned compression: HG005_GRCh38_1_22_v4.2.1_benchmark: rdf-scan heartbeat — 119,172,569 triples · 20,669,558,662 bytes read
  Partitioned compression: HG005_GRCh38_1_22_v4.2.1_benchmark: rdf-scan heartbeat — 119,536,890 triples · 20,736,667,635 bytes read
  Partitioned compression: HG005_GRCh38_1_22_v4.2.1_benchmark: rdf-scan heartbeat — 119,901,180 triples · 20,803,776,526 bytes read
  Partitioned compression: HG005_GRCh38_1_22_v4.2.1_benchmark: rdf-scan heartbeat — 120,265,470 triples · 20,870,885,571 bytes read
  Partitioned compression: HG005_GRCh38_1_22_v4.2.1_benchmark: rdf-scan chunk — 120,629,648 triples · 39 chunks · 20,937,968,872 bytes read
  Partitioned compression: HG005_GRCh38_1_22_v4.2.1_benchmark: hdt-chunks started — 38 chunks · hdt-build-00038
  Partitioned compression: HG005_GRCh38_1_22_v4.2.1_benchmark: hdt-chunks complete — 39 chunks · hdt-build-00038
  Partitioned compression: HG005_GRCh38_1_22_v4.2.1_benchmark: cottas-chunks started — 38 chunks · cottas-build-00038
  Partitioned compression: HG005_GRCh38_1_22_v4.2.1_benchmark: cottas-chunks complete — 39 chunks · cottas-build-00038
  Partitioned compression: HG005_GRCh38_1_22_v4.2.1_benchmark: rdf-scan heartbeat — 120,629,787 triples · 20,937,994,492 bytes read
  Partitioned compression: HG005_GRCh38_1_22_v4.2.1_benchmark: rdf-scan heartbeat — 120,994,104 triples · 21,005,103,425 bytes read
  Partitioned compression: HG005_GRCh38_1_22_v4.2.1_benchmark: rdf-scan heartbeat — 121,358,386 triples · 21,072,212,359 bytes read
  Partitioned compression: HG005_GRCh38_1_22_v4.2.1_benchmark: rdf-scan heartbeat — 121,722,679 triples · 21,139,321,323 bytes read
  Partitioned compression: HG005_GRCh38_1_22_v4.2.1_benchmark: rdf-scan heartbeat — 122,086,964 triples · 21,206,430,191 bytes read
  Partitioned compression: HG005_GRCh38_1_22_v4.2.1_benchmark: rdf-scan heartbeat — 122,451,265 triples · 21,273,539,122 bytes read
  Partitioned compression: HG005_GRCh38_1_22_v4.2.1_benchmark: rdf-scan heartbeat — 122,815,564 triples · 21,340,648,113 bytes read
  Partitioned compression: HG005_GRCh38_1_22_v4.2.1_benchmark: rdf-scan heartbeat — 123,179,865 triples · 21,407,756,991 bytes read
  Partitioned compression: HG005_GRCh38_1_22_v4.2.1_benchmark: rdf-scan chunk — 123,544,024 triples · 40 chunks · 21,474,839,889 bytes read
  Partitioned compression: HG005_GRCh38_1_22_v4.2.1_benchmark: hdt-chunks started — 39 chunks · hdt-build-00039
  Partitioned compression: HG005_GRCh38_1_22_v4.2.1_benchmark: hdt-chunks complete — 40 chunks · hdt-build-00039
  Partitioned compression: HG005_GRCh38_1_22_v4.2.1_benchmark: cottas-chunks started — 39 chunks · cottas-build-00039
  Partitioned compression: HG005_GRCh38_1_22_v4.2.1_benchmark: cottas-chunks complete — 40 chunks · cottas-build-00039
  Partitioned compression: HG005_GRCh38_1_22_v4.2.1_benchmark: rdf-scan heartbeat — 123,544,165 triples · 21,474,865,917 bytes read
  Partitioned compression: HG005_GRCh38_1_22_v4.2.1_benchmark: rdf-scan heartbeat — 123,908,411 triples · 21,541,974,803 bytes read
  Partitioned compression: HG005_GRCh38_1_22_v4.2.1_benchmark: rdf-scan heartbeat — 124,272,710 triples · 21,609,083,679 bytes read
  Partitioned compression: HG005_GRCh38_1_22_v4.2.1_benchmark: rdf-scan heartbeat — 124,637,016 triples · 21,676,192,750 bytes read
  Partitioned compression: HG005_GRCh38_1_22_v4.2.1_benchmark: rdf-scan heartbeat — 125,001,277 triples · 21,743,301,780 bytes read
  Partitioned compression: HG005_GRCh38_1_22_v4.2.1_benchmark: rdf-scan heartbeat — 125,365,574 triples · 21,810,410,701 bytes read
  Partitioned compression: HG005_GRCh38_1_22_v4.2.1_benchmark: rdf-scan heartbeat — 125,729,870 triples · 21,877,519,570 bytes read
  Partitioned compression: HG005_GRCh38_1_22_v4.2.1_benchmark: rdf-scan heartbeat — 126,094,183 triples · 21,944,628,528 bytes read
  Partitioned compression: HG005_GRCh38_1_22_v4.2.1_benchmark: rdf-scan chunk — 126,458,344 triples · 41 chunks · 22,011,710,895 bytes read
  Partitioned compression: HG005_GRCh38_1_22_v4.2.1_benchmark: hdt-chunks started — 40 chunks · hdt-build-00040
  Partitioned compression: HG005_GRCh38_1_22_v4.2.1_benchmark: hdt-chunks complete — 41 chunks · hdt-build-00040
  Partitioned compression: HG005_GRCh38_1_22_v4.2.1_benchmark: cottas-chunks started — 40 chunks · cottas-build-00040
  Partitioned compression: HG005_GRCh38_1_22_v4.2.1_benchmark: cottas-chunks complete — 41 chunks · cottas-build-00040
  Partitioned compression: HG005_GRCh38_1_22_v4.2.1_benchmark: rdf-scan heartbeat — 126,458,489 triples · 22,011,737,560 bytes read
  Partitioned compression: HG005_GRCh38_1_22_v4.2.1_benchmark: rdf-scan heartbeat — 126,822,804 triples · 22,078,846,529 bytes read
  Partitioned compression: HG005_GRCh38_1_22_v4.2.1_benchmark: rdf-scan heartbeat — 127,187,064 triples · 22,145,955,530 bytes read
  Partitioned compression: HG005_GRCh38_1_22_v4.2.1_benchmark: rdf-scan heartbeat — 127,551,346 triples · 22,213,064,604 bytes read
  Partitioned compression: HG005_GRCh38_1_22_v4.2.1_benchmark: rdf-scan heartbeat — 127,915,635 triples · 22,280,173,526 bytes read
  Partitioned compression: HG005_GRCh38_1_22_v4.2.1_benchmark: rdf-scan heartbeat — 128,279,903 triples · 22,347,282,445 bytes read
  Partitioned compression: HG005_GRCh38_1_22_v4.2.1_benchmark: rdf-scan heartbeat — 128,644,211 triples · 22,414,391,366 bytes read
  Partitioned compression: HG005_GRCh38_1_22_v4.2.1_benchmark: rdf-scan heartbeat — 129,008,500 triples · 22,481,500,251 bytes read
  Partitioned compression: HG005_GRCh38_1_22_v4.2.1_benchmark: rdf-scan chunk — 129,372,639 triples · 42 chunks · 22,548,581,861 bytes read
  Partitioned compression: HG005_GRCh38_1_22_v4.2.1_benchmark: hdt-chunks started — 41 chunks · hdt-build-00041
  Partitioned compression: HG005_GRCh38_1_22_v4.2.1_benchmark: hdt-chunks complete — 42 chunks · hdt-build-00041
  Partitioned compression: HG005_GRCh38_1_22_v4.2.1_benchmark: cottas-chunks started — 41 chunks · cottas-build-00041
  Partitioned compression: HG005_GRCh38_1_22_v4.2.1_benchmark: cottas-chunks complete — 42 chunks · cottas-build-00041
  Partitioned compression: HG005_GRCh38_1_22_v4.2.1_benchmark: rdf-scan heartbeat — 129,372,788 triples · 22,548,609,270 bytes read
  Partitioned compression: HG005_GRCh38_1_22_v4.2.1_benchmark: rdf-scan heartbeat — 129,737,079 triples · 22,615,718,311 bytes read
  Partitioned compression: HG005_GRCh38_1_22_v4.2.1_benchmark: rdf-scan heartbeat — 130,101,423 triples · 22,682,827,305 bytes read
  Partitioned compression: HG005_GRCh38_1_22_v4.2.1_benchmark: rdf-scan heartbeat — 130,465,720 triples · 22,749,936,348 bytes read
  Partitioned compression: HG005_GRCh38_1_22_v4.2.1_benchmark: rdf-scan heartbeat — 130,830,014 triples · 22,817,045,227 bytes read
  Partitioned compression: HG005_GRCh38_1_22_v4.2.1_benchmark: rdf-scan heartbeat — 131,194,355 triples · 22,884,154,284 bytes read
  Partitioned compression: HG005_GRCh38_1_22_v4.2.1_benchmark: rdf-scan heartbeat — 131,558,698 triples · 22,951,263,259 bytes read
  Partitioned compression: HG005_GRCh38_1_22_v4.2.1_benchmark: rdf-scan heartbeat — 131,923,035 triples · 23,018,372,192 bytes read
  Partitioned compression: HG005_GRCh38_1_22_v4.2.1_benchmark: rdf-scan chunk — 132,287,211 triples · 43 chunks · 23,085,452,775 bytes read
  Partitioned compression: HG005_GRCh38_1_22_v4.2.1_benchmark: hdt-chunks started — 42 chunks · hdt-build-00042
  Partitioned compression: HG005_GRCh38_1_22_v4.2.1_benchmark: hdt-chunks complete — 43 chunks · hdt-build-00042
  Partitioned compression: HG005_GRCh38_1_22_v4.2.1_benchmark: cottas-chunks started — 42 chunks · cottas-build-00042
  Partitioned compression: HG005_GRCh38_1_22_v4.2.1_benchmark: cottas-chunks complete — 43 chunks · cottas-build-00042
  Partitioned compression: HG005_GRCh38_1_22_v4.2.1_benchmark: rdf-scan heartbeat — 132,287,365 triples · 23,085,481,091 bytes read
  Partitioned compression: HG005_GRCh38_1_22_v4.2.1_benchmark: rdf-scan heartbeat — 132,651,705 triples · 23,152,590,141 bytes read
  Partitioned compression: HG005_GRCh38_1_22_v4.2.1_benchmark: rdf-scan heartbeat — 133,016,007 triples · 23,219,699,044 bytes read
  Partitioned compression: HG005_GRCh38_1_22_v4.2.1_benchmark: rdf-scan heartbeat — 133,380,317 triples · 23,286,807,918 bytes read
  Partitioned compression: HG005_GRCh38_1_22_v4.2.1_benchmark: rdf-scan heartbeat — 133,744,611 triples · 23,353,916,783 bytes read
  Partitioned compression: HG005_GRCh38_1_22_v4.2.1_benchmark: rdf-scan heartbeat — 134,108,930 triples · 23,421,025,782 bytes read
  Partitioned compression: HG005_GRCh38_1_22_v4.2.1_benchmark: rdf-scan heartbeat — 134,473,259 triples · 23,488,134,738 bytes read
  Partitioned compression: HG005_GRCh38_1_22_v4.2.1_benchmark: rdf-scan heartbeat — 134,837,372 triples · 23,555,243,617 bytes read
  Partitioned compression: HG005_GRCh38_1_22_v4.2.1_benchmark: rdf-scan chunk — 135,201,199 triples · 44 chunks · 23,622,323,848 bytes read
  Partitioned compression: HG005_GRCh38_1_22_v4.2.1_benchmark: hdt-chunks started — 43 chunks · hdt-build-00043
  Partitioned compression: HG005_GRCh38_1_22_v4.2.1_benchmark: hdt-chunks complete — 44 chunks · hdt-build-00043
  Partitioned compression: HG005_GRCh38_1_22_v4.2.1_benchmark: cottas-chunks started — 43 chunks · cottas-build-00043
  Partitioned compression: HG005_GRCh38_1_22_v4.2.1_benchmark: cottas-chunks complete — 44 chunks · cottas-build-00043
  Partitioned compression: HG005_GRCh38_1_22_v4.2.1_benchmark: rdf-scan heartbeat — 135,201,355 triples · 23,622,352,507 bytes read
  Partitioned compression: HG005_GRCh38_1_22_v4.2.1_benchmark: rdf-scan heartbeat — 135,565,339 triples · 23,689,461,538 bytes read
  Partitioned compression: HG005_GRCh38_1_22_v4.2.1_benchmark: rdf-scan heartbeat — 135,929,546 triples · 23,756,570,556 bytes read
  Partitioned compression: HG005_GRCh38_1_22_v4.2.1_benchmark: rdf-scan heartbeat — 136,293,823 triples · 23,823,679,497 bytes read
  Partitioned compression: HG005_GRCh38_1_22_v4.2.1_benchmark: rdf-scan heartbeat — 136,658,117 triples · 23,890,788,521 bytes read
  Partitioned compression: HG005_GRCh38_1_22_v4.2.1_benchmark: rdf-scan heartbeat — 137,022,398 triples · 23,957,897,555 bytes read
  Partitioned compression: HG005_GRCh38_1_22_v4.2.1_benchmark: rdf-scan heartbeat — 137,386,705 triples · 24,025,006,526 bytes read
  Partitioned compression: HG005_GRCh38_1_22_v4.2.1_benchmark: rdf-scan heartbeat — 137,751,025 triples · 24,092,115,537 bytes read
  Partitioned compression: HG005_GRCh38_1_22_v4.2.1_benchmark: rdf-scan chunk — 138,115,182 triples · 45 chunks · 24,159,194,915 bytes read
  Partitioned compression: HG005_GRCh38_1_22_v4.2.1_benchmark: hdt-chunks started — 44 chunks · hdt-build-00044
  Partitioned compression: HG005_GRCh38_1_22_v4.2.1_benchmark: hdt-chunks complete — 45 chunks · hdt-build-00044
  Partitioned compression: HG005_GRCh38_1_22_v4.2.1_benchmark: cottas-chunks started — 44 chunks · cottas-build-00044
  Partitioned compression: HG005_GRCh38_1_22_v4.2.1_benchmark: cottas-chunks complete — 45 chunks · cottas-build-00044
  Partitioned compression: HG005_GRCh38_1_22_v4.2.1_benchmark: rdf-scan heartbeat — 138,115,343 triples · 24,159,224,601 bytes read
  Partitioned compression: HG005_GRCh38_1_22_v4.2.1_benchmark: rdf-scan heartbeat — 138,479,653 triples · 24,226,333,526 bytes read
  Partitioned compression: HG005_GRCh38_1_22_v4.2.1_benchmark: rdf-scan heartbeat — 138,843,982 triples · 24,293,442,488 bytes read
  Partitioned compression: HG005_GRCh38_1_22_v4.2.1_benchmark: rdf-scan heartbeat — 139,208,308 triples · 24,360,551,516 bytes read
  Partitioned compression: HG005_GRCh38_1_22_v4.2.1_benchmark: rdf-scan heartbeat — 139,572,629 triples · 24,427,660,520 bytes read
  Partitioned compression: HG005_GRCh38_1_22_v4.2.1_benchmark: rdf-scan heartbeat — 139,936,922 triples · 24,494,769,503 bytes read
  Partitioned compression: HG005_GRCh38_1_22_v4.2.1_benchmark: rdf-scan heartbeat — 140,301,226 triples · 24,561,878,441 bytes read
  Partitioned compression: HG005_GRCh38_1_22_v4.2.1_benchmark: rdf-scan heartbeat — 140,665,516 triples · 24,628,987,426 bytes read
  Partitioned compression: HG005_GRCh38_1_22_v4.2.1_benchmark: rdf-scan chunk — 141,029,641 triples · 46 chunks · 24,696,065,907 bytes read
  Partitioned compression: HG005_GRCh38_1_22_v4.2.1_benchmark: hdt-chunks started — 45 chunks · hdt-build-00045
  Partitioned compression: HG005_GRCh38_1_22_v4.2.1_benchmark: hdt-chunks complete — 46 chunks · hdt-build-00045
  Partitioned compression: HG005_GRCh38_1_22_v4.2.1_benchmark: cottas-chunks started — 45 chunks · cottas-build-00045
  Partitioned compression: HG005_GRCh38_1_22_v4.2.1_benchmark: cottas-chunks complete — 46 chunks · cottas-build-00045
  Partitioned compression: HG005_GRCh38_1_22_v4.2.1_benchmark: rdf-scan heartbeat — 141,029,806 triples · 24,696,096,356 bytes read
  Partitioned compression: HG005_GRCh38_1_22_v4.2.1_benchmark: rdf-scan heartbeat — 141,394,089 triples · 24,763,205,274 bytes read
  Partitioned compression: HG005_GRCh38_1_22_v4.2.1_benchmark: rdf-scan heartbeat — 141,758,398 triples · 24,830,314,322 bytes read
  Partitioned compression: HG005_GRCh38_1_22_v4.2.1_benchmark: rdf-scan heartbeat — 142,122,693 triples · 24,897,423,368 bytes read
  Partitioned compression: HG005_GRCh38_1_22_v4.2.1_benchmark: rdf-scan heartbeat — 142,486,991 triples · 24,964,532,341 bytes read
  Partitioned compression: HG005_GRCh38_1_22_v4.2.1_benchmark: rdf-scan heartbeat — 142,851,285 triples · 25,031,641,387 bytes read
  Partitioned compression: HG005_GRCh38_1_22_v4.2.1_benchmark: rdf-scan heartbeat — 143,215,574 triples · 25,098,750,407 bytes read
  Partitioned compression: HG005_GRCh38_1_22_v4.2.1_benchmark: rdf-scan heartbeat — 143,579,874 triples · 25,165,859,324 bytes read
  Partitioned compression: HG005_GRCh38_1_22_v4.2.1_benchmark: rdf-scan chunk — 143,943,976 triples · 47 chunks · 25,232,936,898 bytes read
  Partitioned compression: HG005_GRCh38_1_22_v4.2.1_benchmark: hdt-chunks started — 46 chunks · hdt-build-00046
  Partitioned compression: HG005_GRCh38_1_22_v4.2.1_benchmark: hdt-chunks complete — 47 chunks · hdt-build-00046
  Partitioned compression: HG005_GRCh38_1_22_v4.2.1_benchmark: cottas-chunks started — 46 chunks · cottas-build-00046
  Partitioned compression: HG005_GRCh38_1_22_v4.2.1_benchmark: cottas-chunks complete — 47 chunks · cottas-build-00046
  Partitioned compression: HG005_GRCh38_1_22_v4.2.1_benchmark: rdf-scan heartbeat — 143,944,147 triples · 25,232,968,252 bytes read
  Partitioned compression: HG005_GRCh38_1_22_v4.2.1_benchmark: rdf-scan heartbeat — 144,308,485 triples · 25,300,077,279 bytes read
  Partitioned compression: HG005_GRCh38_1_22_v4.2.1_benchmark: rdf-scan heartbeat — 144,672,809 triples · 25,367,186,275 bytes read
  Partitioned compression: HG005_GRCh38_1_22_v4.2.1_benchmark: rdf-scan heartbeat — 145,037,119 triples · 25,434,295,344 bytes read
  Partitioned compression: HG005_GRCh38_1_22_v4.2.1_benchmark: rdf-scan heartbeat — 145,401,404 triples · 25,501,404,251 bytes read
  Partitioned compression: HG005_GRCh38_1_22_v4.2.1_benchmark: rdf-scan heartbeat — 145,765,668 triples · 25,568,513,229 bytes read
  Partitioned compression: HG005_GRCh38_1_22_v4.2.1_benchmark: rdf-scan heartbeat — 146,129,949 triples · 25,635,622,161 bytes read
  Partitioned compression: HG005_GRCh38_1_22_v4.2.1_benchmark: rdf-scan heartbeat — 146,494,249 triples · 25,702,731,183 bytes read
  Partitioned compression: HG005_GRCh38_1_22_v4.2.1_benchmark: rdf-scan chunk — 146,858,367 triples · 48 chunks · 25,769,807,860 bytes read
  Partitioned compression: HG005_GRCh38_1_22_v4.2.1_benchmark: hdt-chunks started — 47 chunks · hdt-build-00047
  Partitioned compression: HG005_GRCh38_1_22_v4.2.1_benchmark: hdt-chunks complete — 48 chunks · hdt-build-00047
  Partitioned compression: HG005_GRCh38_1_22_v4.2.1_benchmark: cottas-chunks started — 47 chunks · cottas-build-00047
  Partitioned compression: HG005_GRCh38_1_22_v4.2.1_benchmark: cottas-chunks complete — 48 chunks · cottas-build-00047
  Partitioned compression: HG005_GRCh38_1_22_v4.2.1_benchmark: rdf-scan heartbeat — 146,858,541 triples · 25,769,840,055 bytes read
  Partitioned compression: HG005_GRCh38_1_22_v4.2.1_benchmark: rdf-scan heartbeat — 147,222,830 triples · 25,836,949,046 bytes read
  Partitioned compression: HG005_GRCh38_1_22_v4.2.1_benchmark: rdf-scan heartbeat — 147,587,159 triples · 25,904,058,020 bytes read
  Partitioned compression: HG005_GRCh38_1_22_v4.2.1_benchmark: rdf-scan heartbeat — 147,951,496 triples · 25,971,166,972 bytes read
  Partitioned compression: HG005_GRCh38_1_22_v4.2.1_benchmark: rdf-scan heartbeat — 148,315,831 triples · 26,038,275,957 bytes read
  Partitioned compression: HG005_GRCh38_1_22_v4.2.1_benchmark: rdf-scan heartbeat — 148,680,182 triples · 26,105,384,846 bytes read
  Partitioned compression: HG005_GRCh38_1_22_v4.2.1_benchmark: rdf-scan heartbeat — 149,044,519 triples · 26,172,493,807 bytes read
  Partitioned compression: HG005_GRCh38_1_22_v4.2.1_benchmark: rdf-scan heartbeat — 149,408,864 triples · 26,239,602,673 bytes read
  Partitioned compression: HG005_GRCh38_1_22_v4.2.1_benchmark: rdf-scan chunk — 149,773,057 triples · 49 chunks · 26,306,678,785 bytes read
  Partitioned compression: HG005_GRCh38_1_22_v4.2.1_benchmark: hdt-chunks started — 48 chunks · hdt-build-00048
  Partitioned compression: HG005_GRCh38_1_22_v4.2.1_benchmark: hdt-chunks complete — 49 chunks · hdt-build-00048
  Partitioned compression: HG005_GRCh38_1_22_v4.2.1_benchmark: cottas-chunks started — 48 chunks · cottas-build-00048
  Partitioned compression: HG005_GRCh38_1_22_v4.2.1_benchmark: cottas-chunks complete — 49 chunks · cottas-build-00048
  Partitioned compression: HG005_GRCh38_1_22_v4.2.1_benchmark: rdf-scan heartbeat — 149,773,235 triples · 26,306,711,579 bytes read
  Partitioned compression: HG005_GRCh38_1_22_v4.2.1_benchmark: rdf-scan heartbeat — 150,137,566 triples · 26,373,820,613 bytes read
  Partitioned compression: HG005_GRCh38_1_22_v4.2.1_benchmark: rdf-scan heartbeat — 150,501,885 triples · 26,440,929,497 bytes read
  Partitioned compression: HG005_GRCh38_1_22_v4.2.1_benchmark: rdf-scan heartbeat — 150,866,177 triples · 26,508,038,462 bytes read
  Partitioned compression: HG005_GRCh38_1_22_v4.2.1_benchmark: rdf-scan heartbeat — 151,230,491 triples · 26,575,147,413 bytes read
  Partitioned compression: HG005_GRCh38_1_22_v4.2.1_benchmark: rdf-scan heartbeat — 151,594,800 triples · 26,642,256,360 bytes read
  Partitioned compression: HG005_GRCh38_1_22_v4.2.1_benchmark: rdf-scan heartbeat — 151,959,113 triples · 26,709,365,375 bytes read
  Partitioned compression: HG005_GRCh38_1_22_v4.2.1_benchmark: rdf-scan heartbeat — 152,323,418 triples · 26,776,474,244 bytes read
  Partitioned compression: HG005_GRCh38_1_22_v4.2.1_benchmark: rdf-scan chunk — 152,687,553 triples · 50 chunks · 26,843,549,754 bytes read
  Partitioned compression: HG005_GRCh38_1_22_v4.2.1_benchmark: hdt-chunks started — 49 chunks · hdt-build-00049
  Partitioned compression: HG005_GRCh38_1_22_v4.2.1_benchmark: hdt-chunks complete — 50 chunks · hdt-build-00049
  Partitioned compression: HG005_GRCh38_1_22_v4.2.1_benchmark: cottas-chunks started — 49 chunks · cottas-build-00049
  Partitioned compression: HG005_GRCh38_1_22_v4.2.1_benchmark: cottas-chunks complete — 50 chunks · cottas-build-00049
  Partitioned compression: HG005_GRCh38_1_22_v4.2.1_benchmark: rdf-scan heartbeat — 152,687,734 triples · 26,843,583,109 bytes read
  Partitioned compression: HG005_GRCh38_1_22_v4.2.1_benchmark: rdf-scan heartbeat — 153,052,036 triples · 26,910,692,059 bytes read
  Partitioned compression: HG005_GRCh38_1_22_v4.2.1_benchmark: rdf-scan heartbeat — 153,416,335 triples · 26,977,801,049 bytes read
  Partitioned compression: HG005_GRCh38_1_22_v4.2.1_benchmark: rdf-scan heartbeat — 153,780,625 triples · 27,044,909,945 bytes read
  Partitioned compression: HG005_GRCh38_1_22_v4.2.1_benchmark: rdf-scan heartbeat — 154,144,944 triples · 27,112,018,989 bytes read
  Partitioned compression: HG005_GRCh38_1_22_v4.2.1_benchmark: rdf-scan heartbeat — 154,509,271 triples · 27,179,128,025 bytes read
  Partitioned compression: HG005_GRCh38_1_22_v4.2.1_benchmark: rdf-scan heartbeat — 154,873,603 triples · 27,246,236,935 bytes read
  Partitioned compression: HG005_GRCh38_1_22_v4.2.1_benchmark: rdf-scan heartbeat — 155,237,977 triples · 27,313,345,932 bytes read
  Partitioned compression: HG005_GRCh38_1_22_v4.2.1_benchmark: rdf-scan chunk — 155,602,141 triples · 51 chunks · 27,380,420,760 bytes read
  Partitioned compression: HG005_GRCh38_1_22_v4.2.1_benchmark: hdt-chunks started — 50 chunks · hdt-build-00050
  Partitioned compression: HG005_GRCh38_1_22_v4.2.1_benchmark: hdt-chunks complete — 51 chunks · hdt-build-00050
  Partitioned compression: HG005_GRCh38_1_22_v4.2.1_benchmark: cottas-chunks started — 50 chunks · cottas-build-00050
  Partitioned compression: HG005_GRCh38_1_22_v4.2.1_benchmark: cottas-chunks complete — 51 chunks · cottas-build-00050
  Partitioned compression: HG005_GRCh38_1_22_v4.2.1_benchmark: rdf-scan heartbeat — 155,602,327 triples · 27,380,454,899 bytes read
  Partitioned compression: HG005_GRCh38_1_22_v4.2.1_benchmark: rdf-scan heartbeat — 155,966,657 triples · 27,447,563,832 bytes read
  Partitioned compression: HG005_GRCh38_1_22_v4.2.1_benchmark: rdf-scan heartbeat — 156,331,011 triples · 27,514,672,793 bytes read
  Partitioned compression: HG005_GRCh38_1_22_v4.2.1_benchmark: rdf-scan heartbeat — 156,695,311 triples · 27,581,781,760 bytes read
  Partitioned compression: HG005_GRCh38_1_22_v4.2.1_benchmark: rdf-scan heartbeat — 157,059,594 triples · 27,648,890,759 bytes read
  Partitioned compression: HG005_GRCh38_1_22_v4.2.1_benchmark: rdf-scan heartbeat — 157,423,894 triples · 27,715,999,656 bytes read
  Partitioned compression: HG005_GRCh38_1_22_v4.2.1_benchmark: rdf-scan heartbeat — 157,788,175 triples · 27,783,108,621 bytes read
  Partitioned compression: HG005_GRCh38_1_22_v4.2.1_benchmark: rdf-scan heartbeat — 158,152,478 triples · 27,850,217,560 bytes read
  Partitioned compression: HG005_GRCh38_1_22_v4.2.1_benchmark: rdf-scan chunk — 158,516,615 triples · 52 chunks · 27,917,291,734 bytes read
  Partitioned compression: HG005_GRCh38_1_22_v4.2.1_benchmark: hdt-chunks started — 51 chunks · hdt-build-00051
  Partitioned compression: HG005_GRCh38_1_22_v4.2.1_benchmark: hdt-chunks complete — 52 chunks · hdt-build-00051
  Partitioned compression: HG005_GRCh38_1_22_v4.2.1_benchmark: cottas-chunks started — 51 chunks · cottas-build-00051
  Partitioned compression: HG005_GRCh38_1_22_v4.2.1_benchmark: cottas-chunks complete — 52 chunks · cottas-build-00051
  Partitioned compression: HG005_GRCh38_1_22_v4.2.1_benchmark: rdf-scan heartbeat — 158,516,804 triples · 27,917,326,529 bytes read
  Partitioned compression: HG005_GRCh38_1_22_v4.2.1_benchmark: rdf-scan heartbeat — 158,881,121 triples · 27,984,435,581 bytes read
  Partitioned compression: HG005_GRCh38_1_22_v4.2.1_benchmark: rdf-scan heartbeat — 159,245,414 triples · 28,051,544,554 bytes read
  Partitioned compression: HG005_GRCh38_1_22_v4.2.1_benchmark: rdf-scan heartbeat — 159,609,704 triples · 28,118,653,477 bytes read
  Partitioned compression: HG005_GRCh38_1_22_v4.2.1_benchmark: rdf-scan heartbeat — 159,973,996 triples · 28,185,762,468 bytes read
  Partitioned compression: HG005_GRCh38_1_22_v4.2.1_benchmark: rdf-scan heartbeat — 160,338,286 triples · 28,252,871,463 bytes read
  Partitioned compression: HG005_GRCh38_1_22_v4.2.1_benchmark: rdf-scan heartbeat — 160,702,596 triples · 28,319,980,421 bytes read
  Partitioned compression: HG005_GRCh38_1_22_v4.2.1_benchmark: rdf-scan heartbeat — 161,066,897 triples · 28,387,089,444 bytes read
  Partitioned compression: HG005_GRCh38_1_22_v4.2.1_benchmark: rdf-scan chunk — 161,431,026 triples · 53 chunks · 28,454,162,808 bytes read
  Partitioned compression: HG005_GRCh38_1_22_v4.2.1_benchmark: hdt-chunks started — 52 chunks · hdt-build-00052
  Partitioned compression: HG005_GRCh38_1_22_v4.2.1_benchmark: hdt-chunks complete — 53 chunks · hdt-build-00052
  Partitioned compression: HG005_GRCh38_1_22_v4.2.1_benchmark: cottas-chunks started — 52 chunks · cottas-build-00052
  Partitioned compression: HG005_GRCh38_1_22_v4.2.1_benchmark: cottas-chunks complete — 53 chunks · cottas-build-00052
  Partitioned compression: HG005_GRCh38_1_22_v4.2.1_benchmark: rdf-scan heartbeat — 161,431,219 triples · 28,454,198,323 bytes read
  Partitioned compression: HG005_GRCh38_1_22_v4.2.1_benchmark: rdf-scan heartbeat — 161,795,520 triples · 28,521,307,385 bytes read
  Partitioned compression: HG005_GRCh38_1_22_v4.2.1_benchmark: rdf-scan heartbeat — 162,159,846 triples · 28,588,416,438 bytes read
  Partitioned compression: HG005_GRCh38_1_22_v4.2.1_benchmark: rdf-scan heartbeat — 162,524,193 triples · 28,655,525,371 bytes read
  Partitioned compression: HG005_GRCh38_1_22_v4.2.1_benchmark: rdf-scan heartbeat — 162,888,535 triples · 28,722,634,258 bytes read
  Partitioned compression: HG005_GRCh38_1_22_v4.2.1_benchmark: rdf-scan heartbeat — 163,252,890 triples · 28,789,743,153 bytes read
  Partitioned compression: HG005_GRCh38_1_22_v4.2.1_benchmark: rdf-scan heartbeat — 163,617,211 triples · 28,856,852,225 bytes read
  Partitioned compression: HG005_GRCh38_1_22_v4.2.1_benchmark: rdf-scan heartbeat — 163,981,583 triples · 28,923,961,227 bytes read
  Partitioned compression: HG005_GRCh38_1_22_v4.2.1_benchmark: rdf-scan chunk — 164,345,778 triples · 54 chunks · 28,991,033,893 bytes read
  Partitioned compression: HG005_GRCh38_1_22_v4.2.1_benchmark: hdt-chunks started — 53 chunks · hdt-build-00053
  Partitioned compression: HG005_GRCh38_1_22_v4.2.1_benchmark: hdt-chunks complete — 54 chunks · hdt-build-00053
  Partitioned compression: HG005_GRCh38_1_22_v4.2.1_benchmark: cottas-chunks started — 53 chunks · cottas-build-00053
  Partitioned compression: HG005_GRCh38_1_22_v4.2.1_benchmark: cottas-chunks complete — 54 chunks · cottas-build-00053
  Partitioned compression: HG005_GRCh38_1_22_v4.2.1_benchmark: rdf-scan heartbeat — 164,345,975 triples · 28,991,070,140 bytes read
  Partitioned compression: HG005_GRCh38_1_22_v4.2.1_benchmark: rdf-scan heartbeat — 164,710,366 triples · 29,058,179,214 bytes read
  Partitioned compression: HG005_GRCh38_1_22_v4.2.1_benchmark: rdf-scan heartbeat — 165,074,766 triples · 29,125,288,227 bytes read
  Partitioned compression: HG005_GRCh38_1_22_v4.2.1_benchmark: rdf-scan heartbeat — 165,439,119 triples · 29,192,397,255 bytes read
  Partitioned compression: HG005_GRCh38_1_22_v4.2.1_benchmark: rdf-scan heartbeat — 165,803,496 triples · 29,259,506,200 bytes read
  Partitioned compression: HG005_GRCh38_1_22_v4.2.1_benchmark: rdf-scan heartbeat — 166,167,868 triples · 29,326,615,148 bytes read
  Partitioned compression: HG005_GRCh38_1_22_v4.2.1_benchmark: rdf-scan heartbeat — 166,532,177 triples · 29,393,724,130 bytes read
  Partitioned compression: HG005_GRCh38_1_22_v4.2.1_benchmark: rdf-scan heartbeat — 166,896,520 triples · 29,460,833,074 bytes read
  Partitioned compression: HG005_GRCh38_1_22_v4.2.1_benchmark: rdf-scan chunk — 167,260,649 triples · 55 chunks · 29,527,904,875 bytes read
  Partitioned compression: HG005_GRCh38_1_22_v4.2.1_benchmark: hdt-chunks started — 54 chunks · hdt-build-00054
  Partitioned compression: HG005_GRCh38_1_22_v4.2.1_benchmark: hdt-chunks complete — 55 chunks · hdt-build-00054
  Partitioned compression: HG005_GRCh38_1_22_v4.2.1_benchmark: cottas-chunks started — 54 chunks · cottas-build-00054
  Partitioned compression: HG005_GRCh38_1_22_v4.2.1_benchmark: cottas-chunks complete — 55 chunks · cottas-build-00054
  Partitioned compression: HG005_GRCh38_1_22_v4.2.1_benchmark: rdf-scan heartbeat — 167,260,851 triples · 29,527,942,084 bytes read
  Partitioned compression: HG005_GRCh38_1_22_v4.2.1_benchmark: rdf-scan heartbeat — 167,625,194 triples · 29,595,050,968 bytes read
  Partitioned compression: HG005_GRCh38_1_22_v4.2.1_benchmark: rdf-scan heartbeat — 167,989,506 triples · 29,662,159,955 bytes read
  Partitioned compression: HG005_GRCh38_1_22_v4.2.1_benchmark: rdf-scan heartbeat — 168,353,833 triples · 29,729,268,956 bytes read
  Partitioned compression: HG005_GRCh38_1_22_v4.2.1_benchmark: rdf-scan heartbeat — 168,718,139 triples · 29,796,377,878 bytes read
  Partitioned compression: HG005_GRCh38_1_22_v4.2.1_benchmark: rdf-scan heartbeat — 169,082,460 triples · 29,863,486,839 bytes read
  Partitioned compression: HG005_GRCh38_1_22_v4.2.1_benchmark: rdf-scan heartbeat — 169,446,782 triples · 29,930,595,772 bytes read
  Partitioned compression: HG005_GRCh38_1_22_v4.2.1_benchmark: rdf-scan heartbeat — 169,811,089 triples · 29,997,704,806 bytes read
  Partitioned compression: HG005_GRCh38_1_22_v4.2.1_benchmark: rdf-scan chunk — 170,175,169 triples · 56 chunks · 30,064,775,808 bytes read
  Partitioned compression: HG005_GRCh38_1_22_v4.2.1_benchmark: hdt-chunks started — 55 chunks · hdt-build-00055
  Partitioned compression: HG005_GRCh38_1_22_v4.2.1_benchmark: hdt-chunks complete — 56 chunks · hdt-build-00055
  Partitioned compression: HG005_GRCh38_1_22_v4.2.1_benchmark: cottas-chunks started — 55 chunks · cottas-build-00055
  Partitioned compression: HG005_GRCh38_1_22_v4.2.1_benchmark: cottas-chunks complete — 56 chunks · cottas-build-00055
  Partitioned compression: HG005_GRCh38_1_22_v4.2.1_benchmark: rdf-scan heartbeat — 170,175,375 triples · 30,064,813,786 bytes read
  Partitioned compression: HG005_GRCh38_1_22_v4.2.1_benchmark: rdf-scan heartbeat — 170,539,669 triples · 30,131,922,783 bytes read
  Partitioned compression: HG005_GRCh38_1_22_v4.2.1_benchmark: rdf-scan heartbeat — 170,903,946 triples · 30,199,031,693 bytes read
  Partitioned compression: HG005_GRCh38_1_22_v4.2.1_benchmark: rdf-scan heartbeat — 171,268,214 triples · 30,266,140,624 bytes read
  Partitioned compression: HG005_GRCh38_1_22_v4.2.1_benchmark: rdf-scan heartbeat — 171,632,483 triples · 30,333,249,546 bytes read
  Partitioned compression: HG005_GRCh38_1_22_v4.2.1_benchmark: rdf-scan heartbeat — 171,996,799 triples · 30,400,358,435 bytes read
  Partitioned compression: HG005_GRCh38_1_22_v4.2.1_benchmark: rdf-scan heartbeat — 172,361,066 triples · 30,467,467,323 bytes read
  Partitioned compression: HG005_GRCh38_1_22_v4.2.1_benchmark: rdf-scan heartbeat — 172,725,386 triples · 30,534,576,222 bytes read
  Partitioned compression: HG005_GRCh38_1_22_v4.2.1_benchmark: rdf-scan chunk — 173,089,487 triples · 57 chunks · 30,601,646,860 bytes read
  Partitioned compression: HG005_GRCh38_1_22_v4.2.1_benchmark: hdt-chunks started — 56 chunks · hdt-build-00056
  Partitioned compression: HG005_GRCh38_1_22_v4.2.1_benchmark: hdt-chunks complete — 57 chunks · hdt-build-00056
  Partitioned compression: HG005_GRCh38_1_22_v4.2.1_benchmark: cottas-chunks started — 56 chunks · cottas-build-00056
  Partitioned compression: HG005_GRCh38_1_22_v4.2.1_benchmark: cottas-chunks complete — 57 chunks · cottas-build-00056
  Partitioned compression: HG005_GRCh38_1_22_v4.2.1_benchmark: rdf-scan heartbeat — 173,089,695 triples · 30,601,685,146 bytes read
  Partitioned compression: HG005_GRCh38_1_22_v4.2.1_benchmark: rdf-scan heartbeat — 173,453,971 triples · 30,668,794,205 bytes read
  Partitioned compression: HG005_GRCh38_1_22_v4.2.1_benchmark: rdf-scan heartbeat — 173,818,254 triples · 30,735,903,109 bytes read
  Partitioned compression: HG005_GRCh38_1_22_v4.2.1_benchmark: rdf-scan heartbeat — 174,182,547 triples · 30,803,012,044 bytes read
  Partitioned compression: HG005_GRCh38_1_22_v4.2.1_benchmark: rdf-scan heartbeat — 174,546,812 triples · 30,870,120,988 bytes read
  Partitioned compression: HG005_GRCh38_1_22_v4.2.1_benchmark: rdf-scan heartbeat — 174,911,108 triples · 30,937,230,013 bytes read
  Partitioned compression: HG005_GRCh38_1_22_v4.2.1_benchmark: rdf-scan heartbeat — 175,275,411 triples · 31,004,338,932 bytes read
  Partitioned compression: HG005_GRCh38_1_22_v4.2.1_benchmark: rdf-scan heartbeat — 175,639,712 triples · 31,071,447,971 bytes read
  Partitioned compression: HG005_GRCh38_1_22_v4.2.1_benchmark: rdf-scan chunk — 176,003,790 triples · 58 chunks · 31,138,517,934 bytes read
  Partitioned compression: HG005_GRCh38_1_22_v4.2.1_benchmark: hdt-chunks started — 57 chunks · hdt-build-00057
  Partitioned compression: HG005_GRCh38_1_22_v4.2.1_benchmark: hdt-chunks complete — 58 chunks · hdt-build-00057
  Partitioned compression: HG005_GRCh38_1_22_v4.2.1_benchmark: cottas-chunks started — 57 chunks · cottas-build-00057
  Partitioned compression: HG005_GRCh38_1_22_v4.2.1_benchmark: cottas-chunks complete — 58 chunks · cottas-build-00057
  Partitioned compression: HG005_GRCh38_1_22_v4.2.1_benchmark: rdf-scan heartbeat — 176,004,002 triples · 31,138,556,980 bytes read
  Partitioned compression: HG005_GRCh38_1_22_v4.2.1_benchmark: rdf-scan heartbeat — 176,368,314 triples · 31,205,665,997 bytes read
  Partitioned compression: HG005_GRCh38_1_22_v4.2.1_benchmark: rdf-scan heartbeat — 176,732,619 triples · 31,272,775,005 bytes read
  Partitioned compression: HG005_GRCh38_1_22_v4.2.1_benchmark: rdf-scan heartbeat — 177,096,959 triples · 31,339,883,911 bytes read
  Partitioned compression: HG005_GRCh38_1_22_v4.2.1_benchmark: rdf-scan heartbeat — 177,461,313 triples · 31,406,992,816 bytes read
  Partitioned compression: HG005_GRCh38_1_22_v4.2.1_benchmark: rdf-scan heartbeat — 177,825,691 triples · 31,474,101,856 bytes read
  Partitioned compression: HG005_GRCh38_1_22_v4.2.1_benchmark: rdf-scan heartbeat — 178,190,046 triples · 31,541,210,861 bytes read
  Partitioned compression: HG005_GRCh38_1_22_v4.2.1_benchmark: rdf-scan heartbeat — 178,554,386 triples · 31,608,319,842 bytes read
  Partitioned compression: HG005_GRCh38_1_22_v4.2.1_benchmark: rdf-scan chunk — 178,918,493 triples · 59 chunks · 31,675,388,846 bytes read
  Partitioned compression: HG005_GRCh38_1_22_v4.2.1_benchmark: hdt-chunks started — 58 chunks · hdt-build-00058
  Partitioned compression: HG005_GRCh38_1_22_v4.2.1_benchmark: hdt-chunks complete — 59 chunks · hdt-build-00058
  Partitioned compression: HG005_GRCh38_1_22_v4.2.1_benchmark: cottas-chunks started — 58 chunks · cottas-build-00058
  Partitioned compression: HG005_GRCh38_1_22_v4.2.1_benchmark: cottas-chunks complete — 59 chunks · cottas-build-00058
  Partitioned compression: HG005_GRCh38_1_22_v4.2.1_benchmark: rdf-scan heartbeat — 178,918,710 triples · 31,675,428,816 bytes read
  Partitioned compression: HG005_GRCh38_1_22_v4.2.1_benchmark: rdf-scan heartbeat — 179,283,049 triples · 31,742,537,835 bytes read
  Partitioned compression: HG005_GRCh38_1_22_v4.2.1_benchmark: rdf-scan heartbeat — 179,647,398 triples · 31,809,646,892 bytes read
  Partitioned compression: HG005_GRCh38_1_22_v4.2.1_benchmark: rdf-scan heartbeat — 180,011,730 triples · 31,876,755,959 bytes read
  Partitioned compression: HG005_GRCh38_1_22_v4.2.1_benchmark: rdf-scan heartbeat — 180,376,024 triples · 31,943,864,862 bytes read
  Partitioned compression: HG005_GRCh38_1_22_v4.2.1_benchmark: rdf-scan heartbeat — 180,740,344 triples · 32,010,973,831 bytes read
  Partitioned compression: HG005_GRCh38_1_22_v4.2.1_benchmark: rdf-scan heartbeat — 181,104,647 triples · 32,078,082,763 bytes read
  Partitioned compression: HG005_GRCh38_1_22_v4.2.1_benchmark: rdf-scan heartbeat — 181,468,950 triples · 32,145,191,749 bytes read
  Partitioned compression: HG005_GRCh38_1_22_v4.2.1_benchmark: rdf-scan chunk — 181,833,048 triples · 60 chunks · 32,212,259,863 bytes read
  Partitioned compression: HG005_GRCh38_1_22_v4.2.1_benchmark: hdt-chunks started — 59 chunks · hdt-build-00059
  Partitioned compression: HG005_GRCh38_1_22_v4.2.1_benchmark: hdt-chunks complete — 60 chunks · hdt-build-00059
  Partitioned compression: HG005_GRCh38_1_22_v4.2.1_benchmark: cottas-chunks started — 59 chunks · cottas-build-00059
  Partitioned compression: HG005_GRCh38_1_22_v4.2.1_benchmark: cottas-chunks complete — 60 chunks · cottas-build-00059
  Partitioned compression: HG005_GRCh38_1_22_v4.2.1_benchmark: rdf-scan heartbeat — 181,833,270 triples · 32,212,300,770 bytes read
  Partitioned compression: HG005_GRCh38_1_22_v4.2.1_benchmark: rdf-scan heartbeat — 182,197,612 triples · 32,279,409,770 bytes read
  Partitioned compression: HG005_GRCh38_1_22_v4.2.1_benchmark: rdf-scan heartbeat — 182,561,998 triples · 32,346,518,771 bytes read
  Partitioned compression: HG005_GRCh38_1_22_v4.2.1_benchmark: rdf-scan heartbeat — 182,926,283 triples · 32,413,627,772 bytes read
  Partitioned compression: HG005_GRCh38_1_22_v4.2.1_benchmark: rdf-scan heartbeat — 183,290,597 triples · 32,480,736,636 bytes read
  Partitioned compression: HG005_GRCh38_1_22_v4.2.1_benchmark: rdf-scan heartbeat — 183,654,910 triples · 32,547,845,629 bytes read
  Partitioned compression: HG005_GRCh38_1_22_v4.2.1_benchmark: rdf-scan heartbeat — 184,019,210 triples · 32,614,954,659 bytes read
  Partitioned compression: HG005_GRCh38_1_22_v4.2.1_benchmark: rdf-scan heartbeat — 184,383,537 triples · 32,682,063,617 bytes read
  Partitioned compression: HG005_GRCh38_1_22_v4.2.1_benchmark: rdf-scan chunk — 184,747,599 triples · 61 chunks · 32,749,130,966 bytes read
  Partitioned compression: HG005_GRCh38_1_22_v4.2.1_benchmark: hdt-chunks started — 60 chunks · hdt-build-00060
  Partitioned compression: HG005_GRCh38_1_22_v4.2.1_benchmark: hdt-chunks complete — 61 chunks · hdt-build-00060
  Partitioned compression: HG005_GRCh38_1_22_v4.2.1_benchmark: cottas-chunks started — 60 chunks · cottas-build-00060
  Partitioned compression: HG005_GRCh38_1_22_v4.2.1_benchmark: cottas-chunks complete — 61 chunks · cottas-build-00060
  Partitioned compression: HG005_GRCh38_1_22_v4.2.1_benchmark: rdf-scan heartbeat — 184,747,825 triples · 32,749,172,570 bytes read
  Partitioned compression: HG005_GRCh38_1_22_v4.2.1_benchmark: rdf-scan heartbeat — 185,112,118 triples · 32,816,281,466 bytes read
  Partitioned compression: HG005_GRCh38_1_22_v4.2.1_benchmark: rdf-scan heartbeat — 185,476,416 triples · 32,883,390,478 bytes read
  Partitioned compression: HG005_GRCh38_1_22_v4.2.1_benchmark: rdf-scan heartbeat — 185,840,734 triples · 32,950,499,435 bytes read
  Partitioned compression: HG005_GRCh38_1_22_v4.2.1_benchmark: rdf-scan heartbeat — 186,205,030 triples · 33,017,608,429 bytes read
  Partitioned compression: HG005_GRCh38_1_22_v4.2.1_benchmark: rdf-scan heartbeat — 186,569,319 triples · 33,084,717,295 bytes read
  Partitioned compression: HG005_GRCh38_1_22_v4.2.1_benchmark: rdf-scan heartbeat — 186,933,602 triples · 33,151,826,193 bytes read
  Partitioned compression: HG005_GRCh38_1_22_v4.2.1_benchmark: rdf-scan heartbeat — 187,297,893 triples · 33,218,935,200 bytes read
  Partitioned compression: HG005_GRCh38_1_22_v4.2.1_benchmark: rdf-scan chunk — 187,661,960 triples · 62 chunks · 33,286,002,016 bytes read
  Partitioned compression: HG005_GRCh38_1_22_v4.2.1_benchmark: hdt-chunks started — 61 chunks · hdt-build-00061
  Partitioned compression: HG005_GRCh38_1_22_v4.2.1_benchmark: hdt-chunks complete — 62 chunks · hdt-build-00061
  Partitioned compression: HG005_GRCh38_1_22_v4.2.1_benchmark: cottas-chunks started — 61 chunks · cottas-build-00061
  Partitioned compression: HG005_GRCh38_1_22_v4.2.1_benchmark: cottas-chunks complete — 62 chunks · cottas-build-00061
  Partitioned compression: HG005_GRCh38_1_22_v4.2.1_benchmark: rdf-scan heartbeat — 187,662,188 triples · 33,286,044,110 bytes read
  Partitioned compression: HG005_GRCh38_1_22_v4.2.1_benchmark: rdf-scan heartbeat — 188,026,509 triples · 33,353,153,062 bytes read
  Partitioned compression: HG005_GRCh38_1_22_v4.2.1_benchmark: rdf-scan heartbeat — 188,390,840 triples · 33,420,261,934 bytes read
  Partitioned compression: HG005_GRCh38_1_22_v4.2.1_benchmark: rdf-scan heartbeat — 188,755,172 triples · 33,487,370,917 bytes read
  Partitioned compression: HG005_GRCh38_1_22_v4.2.1_benchmark: rdf-scan heartbeat — 189,119,516 triples · 33,554,479,795 bytes read
  Partitioned compression: HG005_GRCh38_1_22_v4.2.1_benchmark: rdf-scan heartbeat — 189,483,873 triples · 33,621,588,662 bytes read
  Partitioned compression: HG005_GRCh38_1_22_v4.2.1_benchmark: rdf-scan heartbeat — 189,848,192 triples · 33,688,697,551 bytes read
  Partitioned compression: HG005_GRCh38_1_22_v4.2.1_benchmark: rdf-scan heartbeat — 190,212,516 triples · 33,755,806,441 bytes read
  Partitioned compression: HG005_GRCh38_1_22_v4.2.1_benchmark: rdf-scan chunk — 190,576,631 triples · 63 chunks · 33,822,873,088 bytes read
  Partitioned compression: HG005_GRCh38_1_22_v4.2.1_benchmark: hdt-chunks started — 62 chunks · hdt-build-00062
  Partitioned compression: HG005_GRCh38_1_22_v4.2.1_benchmark: hdt-chunks complete — 63 chunks · hdt-build-00062
  Partitioned compression: HG005_GRCh38_1_22_v4.2.1_benchmark: cottas-chunks started — 62 chunks · cottas-build-00062
  Partitioned compression: HG005_GRCh38_1_22_v4.2.1_benchmark: cottas-chunks complete — 63 chunks · cottas-build-00062
  Partitioned compression: HG005_GRCh38_1_22_v4.2.1_benchmark: rdf-scan heartbeat — 190,576,860 triples · 33,822,915,427 bytes read
  Partitioned compression: HG005_GRCh38_1_22_v4.2.1_benchmark: rdf-scan heartbeat — 190,941,162 triples · 33,890,024,454 bytes read
  Partitioned compression: HG005_GRCh38_1_22_v4.2.1_benchmark: rdf-scan heartbeat — 191,305,445 triples · 33,957,133,338 bytes read
  Partitioned compression: HG005_GRCh38_1_22_v4.2.1_benchmark: rdf-scan heartbeat — 191,669,766 triples · 34,024,242,280 bytes read
  Partitioned compression: HG005_GRCh38_1_22_v4.2.1_benchmark: rdf-scan heartbeat — 192,034,080 triples · 34,091,351,272 bytes read
  Partitioned compression: HG005_GRCh38_1_22_v4.2.1_benchmark: rdf-scan heartbeat — 192,398,388 triples · 34,158,460,281 bytes read
  Partitioned compression: HG005_GRCh38_1_22_v4.2.1_benchmark: rdf-scan heartbeat — 192,762,719 triples · 34,225,569,290 bytes read
  Partitioned compression: HG005_GRCh38_1_22_v4.2.1_benchmark: rdf-scan heartbeat — 193,127,042 triples · 34,292,678,246 bytes read
  Partitioned compression: HG005_GRCh38_1_22_v4.2.1_benchmark: rdf-scan chunk — 193,491,193 triples · 64 chunks · 34,359,744,207 bytes read
  Partitioned compression: HG005_GRCh38_1_22_v4.2.1_benchmark: hdt-chunks started — 63 chunks · hdt-build-00063
  Partitioned compression: HG005_GRCh38_1_22_v4.2.1_benchmark: hdt-chunks complete — 64 chunks · hdt-build-00063
  Partitioned compression: HG005_GRCh38_1_22_v4.2.1_benchmark: cottas-chunks started — 63 chunks · cottas-build-00063
  Partitioned compression: HG005_GRCh38_1_22_v4.2.1_benchmark: cottas-chunks complete — 64 chunks · cottas-build-00063
  Partitioned compression: HG005_GRCh38_1_22_v4.2.1_benchmark: rdf-scan heartbeat — 193,491,427 triples · 34,359,787,160 bytes read
  Partitioned compression: HG005_GRCh38_1_22_v4.2.1_benchmark: rdf-scan heartbeat — 193,855,781 triples · 34,426,896,114 bytes read
  Partitioned compression: HG005_GRCh38_1_22_v4.2.1_benchmark: rdf-scan heartbeat — 194,220,161 triples · 34,494,004,982 bytes read
  Partitioned compression: HG005_GRCh38_1_22_v4.2.1_benchmark: rdf-scan heartbeat — 194,584,535 triples · 34,561,113,927 bytes read
  Partitioned compression: HG005_GRCh38_1_22_v4.2.1_benchmark: rdf-scan heartbeat — 194,948,857 triples · 34,628,222,864 bytes read
  Partitioned compression: HG005_GRCh38_1_22_v4.2.1_benchmark: rdf-scan heartbeat — 195,313,172 triples · 34,695,331,808 bytes read
  Partitioned compression: HG005_GRCh38_1_22_v4.2.1_benchmark: rdf-scan heartbeat — 195,677,471 triples · 34,762,440,738 bytes read
  Partitioned compression: HG005_GRCh38_1_22_v4.2.1_benchmark: rdf-scan heartbeat — 196,041,752 triples · 34,829,549,780 bytes read
  Partitioned compression: HG005_GRCh38_1_22_v4.2.1_benchmark: rdf-scan chunk — 196,405,838 triples · 65 chunks · 34,896,615,263 bytes read
  Partitioned compression: HG005_GRCh38_1_22_v4.2.1_benchmark: hdt-chunks started — 64 chunks · hdt-build-00064
  Partitioned compression: HG005_GRCh38_1_22_v4.2.1_benchmark: hdt-chunks complete — 65 chunks · hdt-build-00064
  Partitioned compression: HG005_GRCh38_1_22_v4.2.1_benchmark: cottas-chunks started — 64 chunks · cottas-build-00064
  Partitioned compression: HG005_GRCh38_1_22_v4.2.1_benchmark: cottas-chunks complete — 65 chunks · cottas-build-00064
  Partitioned compression: HG005_GRCh38_1_22_v4.2.1_benchmark: rdf-scan heartbeat — 196,406,073 triples · 34,896,658,687 bytes read
  Partitioned compression: HG005_GRCh38_1_22_v4.2.1_benchmark: rdf-scan heartbeat — 196,770,406 triples · 34,963,767,561 bytes read
  Partitioned compression: HG005_GRCh38_1_22_v4.2.1_benchmark: rdf-scan heartbeat — 197,134,713 triples · 35,030,876,530 bytes read
  Partitioned compression: HG005_GRCh38_1_22_v4.2.1_benchmark: rdf-scan heartbeat — 197,498,981 triples · 35,097,985,594 bytes read
  Partitioned compression: HG005_GRCh38_1_22_v4.2.1_benchmark: rdf-scan heartbeat — 197,863,294 triples · 35,165,094,478 bytes read
  Partitioned compression: HG005_GRCh38_1_22_v4.2.1_benchmark: rdf-scan heartbeat — 198,227,622 triples · 35,232,203,402 bytes read
  Partitioned compression: HG005_GRCh38_1_22_v4.2.1_benchmark: rdf-scan heartbeat — 198,591,908 triples · 35,299,312,421 bytes read
  Partitioned compression: HG005_GRCh38_1_22_v4.2.1_benchmark: rdf-scan heartbeat — 198,956,201 triples · 35,366,421,399 bytes read
  Partitioned compression: HG005_GRCh38_1_22_v4.2.1_benchmark: rdf-scan chunk — 199,320,250 triples · 66 chunks · 35,433,486,324 bytes read
  Partitioned compression: HG005_GRCh38_1_22_v4.2.1_benchmark: hdt-chunks started — 65 chunks · hdt-build-00065
  Partitioned compression: HG005_GRCh38_1_22_v4.2.1_benchmark: hdt-chunks complete — 66 chunks · hdt-build-00065
  Partitioned compression: HG005_GRCh38_1_22_v4.2.1_benchmark: cottas-chunks started — 65 chunks · cottas-build-00065
  Partitioned compression: HG005_GRCh38_1_22_v4.2.1_benchmark: cottas-chunks complete — 66 chunks · cottas-build-00065
  Partitioned compression: HG005_GRCh38_1_22_v4.2.1_benchmark: rdf-scan heartbeat — 199,320,490 triples · 35,433,530,406 bytes read
  Partitioned compression: HG005_GRCh38_1_22_v4.2.1_benchmark: rdf-scan heartbeat — 199,684,795 triples · 35,500,639,347 bytes read
  Partitioned compression: HG005_GRCh38_1_22_v4.2.1_benchmark: rdf-scan heartbeat — 200,049,105 triples · 35,567,748,261 bytes read
  Partitioned compression: HG005_GRCh38_1_22_v4.2.1_benchmark: rdf-scan heartbeat — 200,413,447 triples · 35,634,857,302 bytes read
  Partitioned compression: HG005_GRCh38_1_22_v4.2.1_benchmark: rdf-scan heartbeat — 200,777,767 triples · 35,701,966,246 bytes read
  Partitioned compression: HG005_GRCh38_1_22_v4.2.1_benchmark: rdf-scan heartbeat — 201,142,102 triples · 35,769,075,190 bytes read
  Partitioned compression: HG005_GRCh38_1_22_v4.2.1_benchmark: rdf-scan heartbeat — 201,506,440 triples · 35,836,184,151 bytes read
  Partitioned compression: HG005_GRCh38_1_22_v4.2.1_benchmark: rdf-scan heartbeat — 201,870,798 triples · 35,903,293,018 bytes read
  Partitioned compression: HG005_GRCh38_1_22_v4.2.1_benchmark: rdf-scan chunk — 202,234,948 triples · 67 chunks · 35,970,357,358 bytes read
  Partitioned compression: HG005_GRCh38_1_22_v4.2.1_benchmark: hdt-chunks started — 66 chunks · hdt-build-00066
  Partitioned compression: HG005_GRCh38_1_22_v4.2.1_benchmark: hdt-chunks complete — 67 chunks · hdt-build-00066
  Partitioned compression: HG005_GRCh38_1_22_v4.2.1_benchmark: cottas-chunks started — 66 chunks · cottas-build-00066
  Partitioned compression: HG005_GRCh38_1_22_v4.2.1_benchmark: cottas-chunks complete — 67 chunks · cottas-build-00066
  Partitioned compression: HG005_GRCh38_1_22_v4.2.1_benchmark: rdf-scan heartbeat — 202,235,191 triples · 35,970,401,981 bytes read
  Partitioned compression: HG005_GRCh38_1_22_v4.2.1_benchmark: rdf-scan heartbeat — 202,599,561 triples · 36,037,510,885 bytes read
  Partitioned compression: HG005_GRCh38_1_22_v4.2.1_benchmark: rdf-scan heartbeat — 202,963,886 triples · 36,104,619,782 bytes read
  Partitioned compression: HG005_GRCh38_1_22_v4.2.1_benchmark: rdf-scan heartbeat — 203,328,194 triples · 36,171,728,673 bytes read
  Partitioned compression: HG005_GRCh38_1_22_v4.2.1_benchmark: rdf-scan heartbeat — 203,692,489 triples · 36,238,837,702 bytes read
  Partitioned compression: HG005_GRCh38_1_22_v4.2.1_benchmark: rdf-scan heartbeat — 204,056,811 triples · 36,305,946,657 bytes read
  Partitioned compression: HG005_GRCh38_1_22_v4.2.1_benchmark: rdf-scan heartbeat — 204,421,124 triples · 36,373,055,674 bytes read
  Partitioned compression: HG005_GRCh38_1_22_v4.2.1_benchmark: rdf-scan heartbeat — 204,785,510 triples · 36,440,164,573 bytes read
  Partitioned compression: HG005_GRCh38_1_22_v4.2.1_benchmark: rdf-scan chunk — 205,149,625 triples · 68 chunks · 36,507,228,454 bytes read
  Partitioned compression: HG005_GRCh38_1_22_v4.2.1_benchmark: hdt-chunks started — 67 chunks · hdt-build-00067
  Partitioned compression: HG005_GRCh38_1_22_v4.2.1_benchmark: hdt-chunks complete — 68 chunks · hdt-build-00067
  Partitioned compression: HG005_GRCh38_1_22_v4.2.1_benchmark: cottas-chunks started — 67 chunks · cottas-build-00067
  Partitioned compression: HG005_GRCh38_1_22_v4.2.1_benchmark: cottas-chunks complete — 68 chunks · cottas-build-00067
  Partitioned compression: HG005_GRCh38_1_22_v4.2.1_benchmark: rdf-scan heartbeat — 205,149,869 triples · 36,507,273,457 bytes read
  Partitioned compression: HG005_GRCh38_1_22_v4.2.1_benchmark: rdf-scan heartbeat — 205,514,157 triples · 36,574,382,421 bytes read
  Partitioned compression: HG005_GRCh38_1_22_v4.2.1_benchmark: rdf-scan heartbeat — 205,878,488 triples · 36,641,491,301 bytes read
  Partitioned compression: HG005_GRCh38_1_22_v4.2.1_benchmark: rdf-scan heartbeat — 206,242,827 triples · 36,708,600,277 bytes read
  Partitioned compression: HG005_GRCh38_1_22_v4.2.1_benchmark: rdf-scan heartbeat — 206,607,121 triples · 36,775,709,299 bytes read
  Partitioned compression: HG005_GRCh38_1_22_v4.2.1_benchmark: rdf-scan heartbeat — 206,971,488 triples · 36,842,818,192 bytes read
  Partitioned compression: HG005_GRCh38_1_22_v4.2.1_benchmark: rdf-scan heartbeat — 207,335,825 triples · 36,909,927,085 bytes read
  Partitioned compression: HG005_GRCh38_1_22_v4.2.1_benchmark: rdf-scan heartbeat — 207,700,141 triples · 36,977,036,049 bytes read
  Partitioned compression: HG005_GRCh38_1_22_v4.2.1_benchmark: rdf-scan chunk — 208,064,218 triples · 69 chunks · 37,044,099,376 bytes read
  Partitioned compression: HG005_GRCh38_1_22_v4.2.1_benchmark: hdt-chunks started — 68 chunks · hdt-build-00068
  Partitioned compression: HG005_GRCh38_1_22_v4.2.1_benchmark: hdt-chunks complete — 69 chunks · hdt-build-00068
  Partitioned compression: HG005_GRCh38_1_22_v4.2.1_benchmark: cottas-chunks started — 68 chunks · cottas-build-00068
  Partitioned compression: HG005_GRCh38_1_22_v4.2.1_benchmark: cottas-chunks complete — 69 chunks · cottas-build-00068
  Partitioned compression: HG005_GRCh38_1_22_v4.2.1_benchmark: rdf-scan heartbeat — 208,064,465 triples · 37,044,144,952 bytes read
  Partitioned compression: HG005_GRCh38_1_22_v4.2.1_benchmark: rdf-scan heartbeat — 208,428,812 triples · 37,111,253,952 bytes read
  Partitioned compression: HG005_GRCh38_1_22_v4.2.1_benchmark: rdf-scan heartbeat — 208,793,114 triples · 37,178,362,970 bytes read
  Partitioned compression: HG005_GRCh38_1_22_v4.2.1_benchmark: rdf-scan heartbeat — 209,157,414 triples · 37,245,471,907 bytes read
  Partitioned compression: HG005_GRCh38_1_22_v4.2.1_benchmark: rdf-scan heartbeat — 209,521,731 triples · 37,312,580,819 bytes read
  Partitioned compression: HG005_GRCh38_1_22_v4.2.1_benchmark: rdf-scan heartbeat — 209,886,060 triples · 37,379,689,687 bytes read
  Partitioned compression: HG005_GRCh38_1_22_v4.2.1_benchmark: rdf-scan heartbeat — 210,250,407 triples · 37,446,798,571 bytes read
  Partitioned compression: HG005_GRCh38_1_22_v4.2.1_benchmark: rdf-scan heartbeat — 210,614,726 triples · 37,513,907,443 bytes read
  Partitioned compression: HG005_GRCh38_1_22_v4.2.1_benchmark: rdf-scan chunk — 210,978,826 triples · 70 chunks · 37,580,970,465 bytes read
  Partitioned compression: HG005_GRCh38_1_22_v4.2.1_benchmark: hdt-chunks started — 69 chunks · hdt-build-00069
  Partitioned compression: HG005_GRCh38_1_22_v4.2.1_benchmark: hdt-chunks complete — 70 chunks · hdt-build-00069
  Partitioned compression: HG005_GRCh38_1_22_v4.2.1_benchmark: cottas-chunks started — 69 chunks · cottas-build-00069
  Partitioned compression: HG005_GRCh38_1_22_v4.2.1_benchmark: cottas-chunks complete — 70 chunks · cottas-build-00069
  Partitioned compression: HG005_GRCh38_1_22_v4.2.1_benchmark: rdf-scan heartbeat — 210,979,077 triples · 37,581,016,490 bytes read
  Partitioned compression: HG005_GRCh38_1_22_v4.2.1_benchmark: rdf-scan heartbeat — 211,343,392 triples · 37,648,125,498 bytes read
  Partitioned compression: HG005_GRCh38_1_22_v4.2.1_benchmark: rdf-scan heartbeat — 211,707,741 triples · 37,715,234,400 bytes read
  Partitioned compression: HG005_GRCh38_1_22_v4.2.1_benchmark: rdf-scan heartbeat — 212,072,042 triples · 37,782,343,412 bytes read
  Partitioned compression: HG005_GRCh38_1_22_v4.2.1_benchmark: rdf-scan heartbeat — 212,436,351 triples · 37,849,452,351 bytes read
  Partitioned compression: HG005_GRCh38_1_22_v4.2.1_benchmark: rdf-scan heartbeat — 212,800,669 triples · 37,916,561,264 bytes read
  Partitioned compression: HG005_GRCh38_1_22_v4.2.1_benchmark: rdf-scan heartbeat — 213,165,008 triples · 37,983,670,159 bytes read
  Partitioned compression: HG005_GRCh38_1_22_v4.2.1_benchmark: rdf-scan heartbeat — 213,529,316 triples · 38,050,779,108 bytes read
  Partitioned compression: HG005_GRCh38_1_22_v4.2.1_benchmark: rdf-scan chunk — 213,893,377 triples · 71 chunks · 38,117,841,556 bytes read
  Partitioned compression: HG005_GRCh38_1_22_v4.2.1_benchmark: hdt-chunks started — 70 chunks · hdt-build-00070
  Partitioned compression: HG005_GRCh38_1_22_v4.2.1_benchmark: hdt-chunks complete — 71 chunks · hdt-build-00070
  Partitioned compression: HG005_GRCh38_1_22_v4.2.1_benchmark: cottas-chunks started — 70 chunks · cottas-build-00070
  Partitioned compression: HG005_GRCh38_1_22_v4.2.1_benchmark: cottas-chunks complete — 71 chunks · cottas-build-00070
  Partitioned compression: HG005_GRCh38_1_22_v4.2.1_benchmark: rdf-scan heartbeat — 213,893,629 triples · 38,117,888,105 bytes read
  Partitioned compression: HG005_GRCh38_1_22_v4.2.1_benchmark: rdf-scan heartbeat — 214,257,954 triples · 38,184,997,082 bytes read
  Partitioned compression: HG005_GRCh38_1_22_v4.2.1_benchmark: rdf-scan heartbeat — 214,622,262 triples · 38,252,106,060 bytes read
  Partitioned compression: HG005_GRCh38_1_22_v4.2.1_benchmark: rdf-scan heartbeat — 214,986,608 triples · 38,319,214,940 bytes read
  Partitioned compression: HG005_GRCh38_1_22_v4.2.1_benchmark: rdf-scan heartbeat — 215,350,935 triples · 38,386,323,881 bytes read
  Partitioned compression: HG005_GRCh38_1_22_v4.2.1_benchmark: rdf-scan heartbeat — 215,715,327 triples · 38,453,432,875 bytes read
  Partitioned compression: HG005_GRCh38_1_22_v4.2.1_benchmark: rdf-scan heartbeat — 216,079,644 triples · 38,520,541,816 bytes read
  Partitioned compression: HG005_GRCh38_1_22_v4.2.1_benchmark: rdf-scan heartbeat — 216,443,969 triples · 38,587,650,756 bytes read
  Partitioned compression: HG005_GRCh38_1_22_v4.2.1_benchmark: rdf-scan chunk — 216,808,042 triples · 72 chunks · 38,654,712,558 bytes read
  Partitioned compression: HG005_GRCh38_1_22_v4.2.1_benchmark: hdt-chunks started — 71 chunks · hdt-build-00071
  Partitioned compression: HG005_GRCh38_1_22_v4.2.1_benchmark: hdt-chunks complete — 72 chunks · hdt-build-00071
  Partitioned compression: HG005_GRCh38_1_22_v4.2.1_benchmark: cottas-chunks started — 71 chunks · cottas-build-00071
  Partitioned compression: HG005_GRCh38_1_22_v4.2.1_benchmark: cottas-chunks complete — 72 chunks · cottas-build-00071
  Partitioned compression: HG005_GRCh38_1_22_v4.2.1_benchmark: rdf-scan heartbeat — 216,808,297 triples · 38,654,759,645 bytes read
  Partitioned compression: HG005_GRCh38_1_22_v4.2.1_benchmark: rdf-scan heartbeat — 217,172,620 triples · 38,721,868,595 bytes read
  Partitioned compression: HG005_GRCh38_1_22_v4.2.1_benchmark: rdf-scan heartbeat — 217,536,909 triples · 38,788,977,550 bytes read
  Partitioned compression: HG005_GRCh38_1_22_v4.2.1_benchmark: rdf-scan heartbeat — 217,901,264 triples · 38,856,086,560 bytes read
  Partitioned compression: HG005_GRCh38_1_22_v4.2.1_benchmark: rdf-scan heartbeat — 218,265,635 triples · 38,923,195,540 bytes read
  Partitioned compression: HG005_GRCh38_1_22_v4.2.1_benchmark: rdf-scan heartbeat — 218,629,923 triples · 38,990,304,585 bytes read
  Partitioned compression: HG005_GRCh38_1_22_v4.2.1_benchmark: rdf-scan heartbeat — 218,994,230 triples · 39,057,413,526 bytes read
  Partitioned compression: HG005_GRCh38_1_22_v4.2.1_benchmark: rdf-scan heartbeat — 219,358,514 triples · 39,124,522,468 bytes read
  Partitioned compression: HG005_GRCh38_1_22_v4.2.1_benchmark: rdf-scan chunk — 219,722,583 triples · 73 chunks · 39,191,583,587 bytes read
  Partitioned compression: HG005_GRCh38_1_22_v4.2.1_benchmark: hdt-chunks started — 72 chunks · hdt-build-00072
  Partitioned compression: HG005_GRCh38_1_22_v4.2.1_benchmark: hdt-chunks complete — 73 chunks · hdt-build-00072
  Partitioned compression: HG005_GRCh38_1_22_v4.2.1_benchmark: cottas-chunks started — 72 chunks · cottas-build-00072
  Partitioned compression: HG005_GRCh38_1_22_v4.2.1_benchmark: cottas-chunks complete — 73 chunks · cottas-build-00072
  Partitioned compression: HG005_GRCh38_1_22_v4.2.1_benchmark: rdf-scan heartbeat — 219,722,843 triples · 39,191,631,480 bytes read
  Partitioned compression: HG005_GRCh38_1_22_v4.2.1_benchmark: rdf-scan heartbeat — 220,087,167 triples · 39,258,740,496 bytes read
  Partitioned compression: HG005_GRCh38_1_22_v4.2.1_benchmark: rdf-scan heartbeat — 220,451,463 triples · 39,325,849,528 bytes read
  Partitioned compression: HG005_GRCh38_1_22_v4.2.1_benchmark: rdf-scan heartbeat — 220,815,770 triples · 39,392,958,429 bytes read
  Partitioned compression: HG005_GRCh38_1_22_v4.2.1_benchmark: rdf-scan heartbeat — 221,180,055 triples · 39,460,067,421 bytes read
  Partitioned compression: HG005_GRCh38_1_22_v4.2.1_benchmark: rdf-scan heartbeat — 221,544,376 triples · 39,527,176,417 bytes read
  Partitioned compression: HG005_GRCh38_1_22_v4.2.1_benchmark: rdf-scan heartbeat — 221,908,671 triples · 39,594,285,282 bytes read
  Partitioned compression: HG005_GRCh38_1_22_v4.2.1_benchmark: rdf-scan heartbeat — 222,272,971 triples · 39,661,394,328 bytes read
  Partitioned compression: HG005_GRCh38_1_22_v4.2.1_benchmark: rdf-scan chunk — 222,636,984 triples · 74 chunks · 39,728,454,610 bytes read
  Partitioned compression: HG005_GRCh38_1_22_v4.2.1_benchmark: hdt-chunks started — 73 chunks · hdt-build-00073
  Partitioned compression: HG005_GRCh38_1_22_v4.2.1_benchmark: hdt-chunks complete — 74 chunks · hdt-build-00073
  Partitioned compression: HG005_GRCh38_1_22_v4.2.1_benchmark: cottas-chunks started — 73 chunks · cottas-build-00073
  Partitioned compression: HG005_GRCh38_1_22_v4.2.1_benchmark: cottas-chunks complete — 74 chunks · cottas-build-00073
  Partitioned compression: HG005_GRCh38_1_22_v4.2.1_benchmark: rdf-scan heartbeat — 222,637,248 triples · 39,728,503,280 bytes read
  Partitioned compression: HG005_GRCh38_1_22_v4.2.1_benchmark: rdf-scan heartbeat — 223,001,542 triples · 39,795,612,254 bytes read
  Partitioned compression: HG005_GRCh38_1_22_v4.2.1_benchmark: rdf-scan heartbeat — 223,365,836 triples · 39,862,721,119 bytes read
  Partitioned compression: HG005_GRCh38_1_22_v4.2.1_benchmark: rdf-scan heartbeat — 223,730,126 triples · 39,929,829,990 bytes read
  Partitioned compression: HG005_GRCh38_1_22_v4.2.1_benchmark: rdf-scan heartbeat — 224,094,403 triples · 39,996,938,901 bytes read
  Partitioned compression: HG005_GRCh38_1_22_v4.2.1_benchmark: rdf-scan heartbeat — 224,458,682 triples · 40,064,047,773 bytes read
  Partitioned compression: HG005_GRCh38_1_22_v4.2.1_benchmark: rdf-scan heartbeat — 224,822,952 triples · 40,131,156,654 bytes read
  Partitioned compression: HG005_GRCh38_1_22_v4.2.1_benchmark: rdf-scan heartbeat — 225,187,243 triples · 40,198,265,646 bytes read
  Partitioned compression: HG005_GRCh38_1_22_v4.2.1_benchmark: rdf-scan chunk — 225,551,251 triples · 75 chunks · 40,265,325,682 bytes read
  Partitioned compression: HG005_GRCh38_1_22_v4.2.1_benchmark: hdt-chunks started — 74 chunks · hdt-build-00074
  Partitioned compression: HG005_GRCh38_1_22_v4.2.1_benchmark: hdt-chunks complete — 75 chunks · hdt-build-00074
  Partitioned compression: HG005_GRCh38_1_22_v4.2.1_benchmark: cottas-chunks started — 74 chunks · cottas-build-00074
  Partitioned compression: HG005_GRCh38_1_22_v4.2.1_benchmark: cottas-chunks complete — 75 chunks · cottas-build-00074
  Partitioned compression: HG005_GRCh38_1_22_v4.2.1_benchmark: rdf-scan heartbeat — 225,551,516 triples · 40,265,374,520 bytes read
  Partitioned compression: HG005_GRCh38_1_22_v4.2.1_benchmark: rdf-scan heartbeat — 225,915,855 triples · 40,332,483,404 bytes read
  Partitioned compression: HG005_GRCh38_1_22_v4.2.1_benchmark: rdf-scan heartbeat — 226,280,200 triples · 40,399,592,272 bytes read
  Partitioned compression: HG005_GRCh38_1_22_v4.2.1_benchmark: rdf-scan heartbeat — 226,644,548 triples · 40,466,701,306 bytes read
  Partitioned compression: HG005_GRCh38_1_22_v4.2.1_benchmark: rdf-scan heartbeat — 227,008,934 triples · 40,533,810,175 bytes read
  Partitioned compression: HG005_GRCh38_1_22_v4.2.1_benchmark: rdf-scan heartbeat — 227,373,373 triples · 40,600,919,094 bytes read
  Partitioned compression: HG005_GRCh38_1_22_v4.2.1_benchmark: rdf-scan heartbeat — 227,737,740 triples · 40,668,028,084 bytes read
  Partitioned compression: HG005_GRCh38_1_22_v4.2.1_benchmark: rdf-scan heartbeat — 228,102,110 triples · 40,735,137,123 bytes read
  Partitioned compression: HG005_GRCh38_1_22_v4.2.1_benchmark: rdf-scan chunk — 228,466,162 triples · 76 chunks · 40,802,196,684 bytes read
  Partitioned compression: HG005_GRCh38_1_22_v4.2.1_benchmark: hdt-chunks started — 75 chunks · hdt-build-00075
  Partitioned compression: HG005_GRCh38_1_22_v4.2.1_benchmark: hdt-chunks complete — 76 chunks · hdt-build-00075
  Partitioned compression: HG005_GRCh38_1_22_v4.2.1_benchmark: cottas-chunks started — 75 chunks · cottas-build-00075
  Partitioned compression: HG005_GRCh38_1_22_v4.2.1_benchmark: cottas-chunks complete — 76 chunks · cottas-build-00075
  Partitioned compression: HG005_GRCh38_1_22_v4.2.1_benchmark: rdf-scan heartbeat — 228,466,431 triples · 40,802,246,160 bytes read
  Partitioned compression: HG005_GRCh38_1_22_v4.2.1_benchmark: rdf-scan heartbeat — 228,830,743 triples · 40,869,355,218 bytes read
  Partitioned compression: HG005_GRCh38_1_22_v4.2.1_benchmark: rdf-scan heartbeat — 229,195,061 triples · 40,936,464,236 bytes read
  Partitioned compression: HG005_GRCh38_1_22_v4.2.1_benchmark: rdf-scan heartbeat — 229,559,413 triples · 41,003,573,174 bytes read
  Partitioned compression: HG005_GRCh38_1_22_v4.2.1_benchmark: rdf-scan heartbeat — 229,923,707 triples · 41,070,682,154 bytes read
  Partitioned compression: HG005_GRCh38_1_22_v4.2.1_benchmark: rdf-scan heartbeat — 230,288,011 triples · 41,137,791,154 bytes read
  Partitioned compression: HG005_GRCh38_1_22_v4.2.1_benchmark: rdf-scan heartbeat — 230,652,313 triples · 41,204,900,170 bytes read
  Partitioned compression: HG005_GRCh38_1_22_v4.2.1_benchmark: rdf-scan heartbeat — 231,016,583 triples · 41,272,009,082 bytes read
  Partitioned compression: HG005_GRCh38_1_22_v4.2.1_benchmark: rdf-scan chunk — 231,380,637 triples · 77 chunks · 41,339,067,750 bytes read
  Partitioned compression: HG005_GRCh38_1_22_v4.2.1_benchmark: hdt-chunks started — 76 chunks · hdt-build-00076
  Partitioned compression: HG005_GRCh38_1_22_v4.2.1_benchmark: hdt-chunks complete — 77 chunks · hdt-build-00076
  Partitioned compression: HG005_GRCh38_1_22_v4.2.1_benchmark: cottas-chunks started — 76 chunks · cottas-build-00076
  Partitioned compression: HG005_GRCh38_1_22_v4.2.1_benchmark: cottas-chunks complete — 77 chunks · cottas-build-00076
  Partitioned compression: HG005_GRCh38_1_22_v4.2.1_benchmark: rdf-scan heartbeat — 231,380,910 triples · 41,339,118,032 bytes read
  Partitioned compression: HG005_GRCh38_1_22_v4.2.1_benchmark: rdf-scan heartbeat — 231,745,207 triples · 41,406,226,982 bytes read
  Partitioned compression: HG005_GRCh38_1_22_v4.2.1_benchmark: rdf-scan heartbeat — 232,109,509 triples · 41,473,335,961 bytes read
  Partitioned compression: HG005_GRCh38_1_22_v4.2.1_benchmark: rdf-scan heartbeat — 232,473,835 triples · 41,540,444,971 bytes read
  Partitioned compression: HG005_GRCh38_1_22_v4.2.1_benchmark: rdf-scan heartbeat — 232,838,147 triples · 41,607,553,844 bytes read
  Partitioned compression: HG005_GRCh38_1_22_v4.2.1_benchmark: rdf-scan heartbeat — 233,202,478 triples · 41,674,662,749 bytes read
  Partitioned compression: HG005_GRCh38_1_22_v4.2.1_benchmark: rdf-scan heartbeat — 233,566,779 triples · 41,741,771,662 bytes read
  Partitioned compression: HG005_GRCh38_1_22_v4.2.1_benchmark: rdf-scan heartbeat — 233,931,056 triples · 41,808,880,569 bytes read
  Partitioned compression: HG005_GRCh38_1_22_v4.2.1_benchmark: rdf-scan chunk — 234,295,079 triples · 78 chunks · 41,875,938,675 bytes read
  Partitioned compression: HG005_GRCh38_1_22_v4.2.1_benchmark: hdt-chunks started — 77 chunks · hdt-build-00077
  Partitioned compression: HG005_GRCh38_1_22_v4.2.1_benchmark: hdt-chunks complete — 78 chunks · hdt-build-00077
  Partitioned compression: HG005_GRCh38_1_22_v4.2.1_benchmark: cottas-chunks started — 77 chunks · cottas-build-00077
  Partitioned compression: HG005_GRCh38_1_22_v4.2.1_benchmark: cottas-chunks complete — 78 chunks · cottas-build-00077
  Partitioned compression: HG005_GRCh38_1_22_v4.2.1_benchmark: rdf-scan heartbeat — 234,295,355 triples · 41,875,989,464 bytes read
  Partitioned compression: HG005_GRCh38_1_22_v4.2.1_benchmark: rdf-scan heartbeat — 234,659,703 triples · 41,943,098,473 bytes read
  Partitioned compression: HG005_GRCh38_1_22_v4.2.1_benchmark: rdf-scan heartbeat — 235,024,023 triples · 42,010,207,503 bytes read
  Partitioned compression: HG005_GRCh38_1_22_v4.2.1_benchmark: rdf-scan heartbeat — 235,388,315 triples · 42,077,316,471 bytes read
  Partitioned compression: HG005_GRCh38_1_22_v4.2.1_benchmark: rdf-scan heartbeat — 235,752,628 triples · 42,144,425,508 bytes read
  Partitioned compression: HG005_GRCh38_1_22_v4.2.1_benchmark: rdf-scan heartbeat — 236,116,988 triples · 42,211,534,482 bytes read
  Partitioned compression: HG005_GRCh38_1_22_v4.2.1_benchmark: rdf-scan heartbeat — 236,481,306 triples · 42,278,643,426 bytes read
  Partitioned compression: HG005_GRCh38_1_22_v4.2.1_benchmark: rdf-scan heartbeat — 236,845,648 triples · 42,345,752,301 bytes read
  Partitioned compression: HG005_GRCh38_1_22_v4.2.1_benchmark: rdf-scan chunk — 237,209,717 triples · 79 chunks · 42,412,809,773 bytes read
  Partitioned compression: HG005_GRCh38_1_22_v4.2.1_benchmark: hdt-chunks started — 78 chunks · hdt-build-00078
  Partitioned compression: HG005_GRCh38_1_22_v4.2.1_benchmark: hdt-chunks complete — 79 chunks · hdt-build-00078
  Partitioned compression: HG005_GRCh38_1_22_v4.2.1_benchmark: cottas-chunks started — 78 chunks · cottas-build-00078
  Partitioned compression: HG005_GRCh38_1_22_v4.2.1_benchmark: cottas-chunks complete — 79 chunks · cottas-build-00078
  Partitioned compression: HG005_GRCh38_1_22_v4.2.1_benchmark: rdf-scan heartbeat — 237,209,997 triples · 42,412,861,278 bytes read
  Partitioned compression: HG005_GRCh38_1_22_v4.2.1_benchmark: rdf-scan heartbeat — 237,574,349 triples · 42,479,970,287 bytes read
  Partitioned compression: HG005_GRCh38_1_22_v4.2.1_benchmark: rdf-scan heartbeat — 237,938,689 triples · 42,547,079,247 bytes read
  Partitioned compression: HG005_GRCh38_1_22_v4.2.1_benchmark: rdf-scan heartbeat — 238,302,966 triples · 42,614,188,122 bytes read
  Partitioned compression: HG005_GRCh38_1_22_v4.2.1_benchmark: rdf-scan heartbeat — 238,667,291 triples · 42,681,297,042 bytes read
  Partitioned compression: HG005_GRCh38_1_22_v4.2.1_benchmark: rdf-scan heartbeat — 239,031,578 triples · 42,748,405,921 bytes read
  Partitioned compression: HG005_GRCh38_1_22_v4.2.1_benchmark: rdf-scan heartbeat — 239,395,893 triples · 42,815,514,818 bytes read
  Partitioned compression: HG005_GRCh38_1_22_v4.2.1_benchmark: rdf-scan heartbeat — 239,760,177 triples · 42,882,623,725 bytes read
  Partitioned compression: HG005_GRCh38_1_22_v4.2.1_benchmark: rdf-scan chunk — 240,124,201 triples · 80 chunks · 42,949,680,820 bytes read
  Partitioned compression: HG005_GRCh38_1_22_v4.2.1_benchmark: hdt-chunks started — 79 chunks · hdt-build-00079
  Partitioned compression: HG005_GRCh38_1_22_v4.2.1_benchmark: hdt-chunks complete — 80 chunks · hdt-build-00079
  Partitioned compression: HG005_GRCh38_1_22_v4.2.1_benchmark: cottas-chunks started — 79 chunks · cottas-build-00079
  Partitioned compression: HG005_GRCh38_1_22_v4.2.1_benchmark: cottas-chunks complete — 80 chunks · cottas-build-00079
  Partitioned compression: HG005_GRCh38_1_22_v4.2.1_benchmark: rdf-scan heartbeat — 240,124,482 triples · 42,949,732,600 bytes read
  Partitioned compression: HG005_GRCh38_1_22_v4.2.1_benchmark: rdf-scan heartbeat — 240,488,799 triples · 43,016,841,482 bytes read
  Partitioned compression: HG005_GRCh38_1_22_v4.2.1_benchmark: rdf-scan heartbeat — 240,853,104 triples · 43,083,950,435 bytes read
  Partitioned compression: HG005_GRCh38_1_22_v4.2.1_benchmark: rdf-scan heartbeat — 241,217,410 triples · 43,151,059,331 bytes read
  Partitioned compression: HG005_GRCh38_1_22_v4.2.1_benchmark: rdf-scan heartbeat — 241,581,753 triples · 43,218,168,237 bytes read
  Partitioned compression: HG005_GRCh38_1_22_v4.2.1_benchmark: rdf-scan heartbeat — 241,946,031 triples · 43,285,277,183 bytes read
  Partitioned compression: HG005_GRCh38_1_22_v4.2.1_benchmark: rdf-scan heartbeat — 242,310,340 triples · 43,352,386,151 bytes read
  Partitioned compression: HG005_GRCh38_1_22_v4.2.1_benchmark: rdf-scan heartbeat — 242,674,627 triples · 43,419,495,069 bytes read
  Partitioned compression: HG005_GRCh38_1_22_v4.2.1_benchmark: rdf-scan chunk — 243,038,634 triples · 81 chunks · 43,486,551,851 bytes read
  Partitioned compression: HG005_GRCh38_1_22_v4.2.1_benchmark: hdt-chunks started — 80 chunks · hdt-build-00080
  Partitioned compression: HG005_GRCh38_1_22_v4.2.1_benchmark: hdt-chunks complete — 81 chunks · hdt-build-00080
  Partitioned compression: HG005_GRCh38_1_22_v4.2.1_benchmark: cottas-chunks started — 80 chunks · cottas-build-00080
  Partitioned compression: HG005_GRCh38_1_22_v4.2.1_benchmark: cottas-chunks complete — 81 chunks · cottas-build-00080
  Partitioned compression: HG005_GRCh38_1_22_v4.2.1_benchmark: rdf-scan heartbeat — 243,038,917 triples · 43,486,604,063 bytes read
  Partitioned compression: HG005_GRCh38_1_22_v4.2.1_benchmark: rdf-scan heartbeat — 243,403,192 triples · 43,553,712,974 bytes read
  Partitioned compression: HG005_GRCh38_1_22_v4.2.1_benchmark: rdf-scan heartbeat — 243,767,507 triples · 43,620,822,049 bytes read
  Partitioned compression: HG005_GRCh38_1_22_v4.2.1_benchmark: rdf-scan heartbeat — 244,131,801 triples · 43,687,931,041 bytes read
  Partitioned compression: HG005_GRCh38_1_22_v4.2.1_benchmark: rdf-scan heartbeat — 244,496,121 triples · 43,755,040,022 bytes read
  Partitioned compression: HG005_GRCh38_1_22_v4.2.1_benchmark: rdf-scan heartbeat — 244,860,422 triples · 43,822,149,048 bytes read
  Partitioned compression: HG005_GRCh38_1_22_v4.2.1_benchmark: rdf-scan heartbeat — 245,224,727 triples · 43,889,258,052 bytes read
  Partitioned compression: HG005_GRCh38_1_22_v4.2.1_benchmark: rdf-scan heartbeat — 245,589,062 triples · 43,956,366,972 bytes read
  Partitioned compression: HG005_GRCh38_1_22_v4.2.1_benchmark: rdf-scan chunk — 245,953,180 triples · 82 chunks · 44,023,422,814 bytes read
  Partitioned compression: HG005_GRCh38_1_22_v4.2.1_benchmark: hdt-chunks started — 81 chunks · hdt-build-00081
  Partitioned compression: HG005_GRCh38_1_22_v4.2.1_benchmark: hdt-chunks complete — 82 chunks · hdt-build-00081
  Partitioned compression: HG005_GRCh38_1_22_v4.2.1_benchmark: cottas-chunks started — 81 chunks · cottas-build-00081
  Partitioned compression: HG005_GRCh38_1_22_v4.2.1_benchmark: cottas-chunks complete — 82 chunks · cottas-build-00081
  Partitioned compression: HG005_GRCh38_1_22_v4.2.1_benchmark: rdf-scan heartbeat — 245,953,468 triples · 44,023,475,864 bytes read
  Partitioned compression: HG005_GRCh38_1_22_v4.2.1_benchmark: rdf-scan heartbeat — 246,317,821 triples · 44,090,584,784 bytes read
  Partitioned compression: HG005_GRCh38_1_22_v4.2.1_benchmark: rdf-scan heartbeat — 246,682,169 triples · 44,157,693,804 bytes read
  Partitioned compression: HG005_GRCh38_1_22_v4.2.1_benchmark: rdf-scan heartbeat — 247,046,506 triples · 44,224,802,790 bytes read
  Partitioned compression: HG005_GRCh38_1_22_v4.2.1_benchmark: rdf-scan heartbeat — 247,410,828 triples · 44,291,911,673 bytes read
  Partitioned compression: HG005_GRCh38_1_22_v4.2.1_benchmark: rdf-scan heartbeat — 247,775,145 triples · 44,359,020,679 bytes read
  Partitioned compression: HG005_GRCh38_1_22_v4.2.1_benchmark: rdf-scan heartbeat — 248,139,397 triples · 44,426,129,665 bytes read
  Partitioned compression: HG005_GRCh38_1_22_v4.2.1_benchmark: rdf-scan heartbeat — 248,503,707 triples · 44,493,238,667 bytes read
  Partitioned compression: HG005_GRCh38_1_22_v4.2.1_benchmark: rdf-scan chunk — 248,867,748 triples · 83 chunks · 44,560,293,892 bytes read
  Partitioned compression: HG005_GRCh38_1_22_v4.2.1_benchmark: hdt-chunks started — 82 chunks · hdt-build-00082
  Partitioned compression: HG005_GRCh38_1_22_v4.2.1_benchmark: hdt-chunks complete — 83 chunks · hdt-build-00082
  Partitioned compression: HG005_GRCh38_1_22_v4.2.1_benchmark: cottas-chunks started — 82 chunks · cottas-build-00082
  Partitioned compression: HG005_GRCh38_1_22_v4.2.1_benchmark: cottas-chunks complete — 83 chunks · cottas-build-00082
  Partitioned compression: HG005_GRCh38_1_22_v4.2.1_benchmark: rdf-scan heartbeat — 248,868,040 triples · 44,560,347,677 bytes read
  Partitioned compression: HG005_GRCh38_1_22_v4.2.1_benchmark: rdf-scan heartbeat — 249,232,348 triples · 44,627,456,623 bytes read
  Partitioned compression: HG005_GRCh38_1_22_v4.2.1_benchmark: rdf-scan heartbeat — 249,596,673 triples · 44,694,565,571 bytes read
  Partitioned compression: HG005_GRCh38_1_22_v4.2.1_benchmark: rdf-scan heartbeat — 249,960,983 triples · 44,761,674,542 bytes read
  Partitioned compression: HG005_GRCh38_1_22_v4.2.1_benchmark: rdf-scan heartbeat — 250,325,284 triples · 44,828,783,513 bytes read
  Partitioned compression: HG005_GRCh38_1_22_v4.2.1_benchmark: rdf-scan heartbeat — 250,689,637 triples · 44,895,892,452 bytes read
  Partitioned compression: HG005_GRCh38_1_22_v4.2.1_benchmark: rdf-scan heartbeat — 251,053,938 triples · 44,963,001,427 bytes read
  Partitioned compression: HG005_GRCh38_1_22_v4.2.1_benchmark: rdf-scan heartbeat — 251,418,231 triples · 45,030,110,320 bytes read
  Partitioned compression: HG005_GRCh38_1_22_v4.2.1_benchmark: rdf-scan chunk — 251,782,254 triples · 84 chunks · 45,097,164,979 bytes read
  Partitioned compression: HG005_GRCh38_1_22_v4.2.1_benchmark: hdt-chunks started — 83 chunks · hdt-build-00083
  Partitioned compression: HG005_GRCh38_1_22_v4.2.1_benchmark: hdt-chunks complete — 84 chunks · hdt-build-00083
  Partitioned compression: HG005_GRCh38_1_22_v4.2.1_benchmark: cottas-chunks started — 83 chunks · cottas-build-00083
  Partitioned compression: HG005_GRCh38_1_22_v4.2.1_benchmark: cottas-chunks complete — 84 chunks · cottas-build-00083
  Partitioned compression: HG005_GRCh38_1_22_v4.2.1_benchmark: rdf-scan heartbeat — 251,782,549 triples · 45,097,219,291 bytes read
  Partitioned compression: HG005_GRCh38_1_22_v4.2.1_benchmark: rdf-scan heartbeat — 252,146,882 triples · 45,164,328,176 bytes read
  Partitioned compression: HG005_GRCh38_1_22_v4.2.1_benchmark: rdf-scan heartbeat — 252,511,178 triples · 45,231,437,148 bytes read
  Partitioned compression: HG005_GRCh38_1_22_v4.2.1_benchmark: rdf-scan heartbeat — 252,875,493 triples · 45,298,546,151 bytes read
  Partitioned compression: HG005_GRCh38_1_22_v4.2.1_benchmark: rdf-scan heartbeat — 253,239,840 triples · 45,365,655,041 bytes read
  Partitioned compression: HG005_GRCh38_1_22_v4.2.1_benchmark: rdf-scan heartbeat — 253,604,193 triples · 45,432,763,963 bytes read
  Partitioned compression: HG005_GRCh38_1_22_v4.2.1_benchmark: rdf-scan heartbeat — 253,968,564 triples · 45,499,873,012 bytes read
  Partitioned compression: HG005_GRCh38_1_22_v4.2.1_benchmark: rdf-scan heartbeat — 254,332,949 triples · 45,566,981,925 bytes read
  Partitioned compression: HG005_GRCh38_1_22_v4.2.1_benchmark: rdf-scan chunk — 254,696,989 triples · 85 chunks · 45,634,035,936 bytes read
  Partitioned compression: HG005_GRCh38_1_22_v4.2.1_benchmark: hdt-chunks started — 84 chunks · hdt-build-00084
  Partitioned compression: HG005_GRCh38_1_22_v4.2.1_benchmark: hdt-chunks complete — 85 chunks · hdt-build-00084
  Partitioned compression: HG005_GRCh38_1_22_v4.2.1_benchmark: cottas-chunks started — 84 chunks · cottas-build-00084
  Partitioned compression: HG005_GRCh38_1_22_v4.2.1_benchmark: cottas-chunks complete — 85 chunks · cottas-build-00084
  Partitioned compression: HG005_GRCh38_1_22_v4.2.1_benchmark: rdf-scan heartbeat — 254,697,288 triples · 45,634,090,853 bytes read
  Partitioned compression: HG005_GRCh38_1_22_v4.2.1_benchmark: rdf-scan heartbeat — 255,061,611 triples · 45,701,199,798 bytes read
  Partitioned compression: HG005_GRCh38_1_22_v4.2.1_benchmark: rdf-scan heartbeat — 255,425,974 triples · 45,768,308,865 bytes read
  Partitioned compression: HG005_GRCh38_1_22_v4.2.1_benchmark: rdf-scan heartbeat — 255,790,291 triples · 45,835,417,790 bytes read
  Partitioned compression: HG005_GRCh38_1_22_v4.2.1_benchmark: rdf-scan heartbeat — 256,154,600 triples · 45,902,526,773 bytes read
  Partitioned compression: HG005_GRCh38_1_22_v4.2.1_benchmark: rdf-scan heartbeat — 256,518,935 triples · 45,969,635,672 bytes read
  Partitioned compression: HG005_GRCh38_1_22_v4.2.1_benchmark: rdf-scan heartbeat — 256,883,224 triples · 46,036,744,553 bytes read
  Partitioned compression: HG005_GRCh38_1_22_v4.2.1_benchmark: rdf-scan heartbeat — 257,247,534 triples · 46,103,853,604 bytes read
  Partitioned compression: HG005_GRCh38_1_22_v4.2.1_benchmark: rdf-scan chunk — 257,611,523 triples · 86 chunks · 46,170,906,968 bytes read
  Partitioned compression: HG005_GRCh38_1_22_v4.2.1_benchmark: hdt-chunks started — 85 chunks · hdt-build-00085
  Partitioned compression: HG005_GRCh38_1_22_v4.2.1_benchmark: hdt-chunks complete — 86 chunks · hdt-build-00085
  Partitioned compression: HG005_GRCh38_1_22_v4.2.1_benchmark: cottas-chunks started — 85 chunks · cottas-build-00085
  Partitioned compression: HG005_GRCh38_1_22_v4.2.1_benchmark: cottas-chunks complete — 86 chunks · cottas-build-00085
  Partitioned compression: HG005_GRCh38_1_22_v4.2.1_benchmark: rdf-scan heartbeat — 257,611,825 triples · 46,170,962,530 bytes read
  Partitioned compression: HG005_GRCh38_1_22_v4.2.1_benchmark: rdf-scan heartbeat — 257,976,093 triples · 46,238,071,543 bytes read
  Partitioned compression: HG005_GRCh38_1_22_v4.2.1_benchmark: rdf-scan heartbeat — 258,340,405 triples · 46,305,180,489 bytes read
  Partitioned compression: HG005_GRCh38_1_22_v4.2.1_benchmark: rdf-scan heartbeat — 258,704,695 triples · 46,372,289,471 bytes read
  Partitioned compression: HG005_GRCh38_1_22_v4.2.1_benchmark: rdf-scan heartbeat — 259,069,039 triples · 46,439,398,387 bytes read
  Partitioned compression: HG005_GRCh38_1_22_v4.2.1_benchmark: rdf-scan heartbeat — 259,433,371 triples · 46,506,507,414 bytes read
  Partitioned compression: HG005_GRCh38_1_22_v4.2.1_benchmark: rdf-scan heartbeat — 259,797,717 triples · 46,573,616,469 bytes read
  Partitioned compression: HG005_GRCh38_1_22_v4.2.1_benchmark: rdf-scan heartbeat — 260,162,069 triples · 46,640,725,352 bytes read
  Partitioned compression: HG005_GRCh38_1_22_v4.2.1_benchmark: rdf-scan chunk — 260,526,112 triples · 87 chunks · 46,707,778,041 bytes read
  Partitioned compression: HG005_GRCh38_1_22_v4.2.1_benchmark: hdt-chunks started — 86 chunks · hdt-build-00086
  Partitioned compression: HG005_GRCh38_1_22_v4.2.1_benchmark: hdt-chunks complete — 87 chunks · hdt-build-00086
  Partitioned compression: HG005_GRCh38_1_22_v4.2.1_benchmark: cottas-chunks started — 86 chunks · cottas-build-00086
  Partitioned compression: HG005_GRCh38_1_22_v4.2.1_benchmark: cottas-chunks complete — 87 chunks · cottas-build-00086
  Partitioned compression: HG005_GRCh38_1_22_v4.2.1_benchmark: rdf-scan heartbeat — 260,526,417 triples · 46,707,834,322 bytes read
  Partitioned compression: HG005_GRCh38_1_22_v4.2.1_benchmark: rdf-scan heartbeat — 260,890,752 triples · 46,774,943,247 bytes read
  Partitioned compression: HG005_GRCh38_1_22_v4.2.1_benchmark: rdf-scan heartbeat — 261,255,106 triples · 46,842,052,228 bytes read
  Partitioned compression: HG005_GRCh38_1_22_v4.2.1_benchmark: rdf-scan heartbeat — 261,619,444 triples · 46,909,161,278 bytes read
  Partitioned compression: HG005_GRCh38_1_22_v4.2.1_benchmark: rdf-scan heartbeat — 261,983,775 triples · 46,976,270,182 bytes read
  Partitioned compression: HG005_GRCh38_1_22_v4.2.1_benchmark: rdf-scan heartbeat — 262,348,081 triples · 47,043,379,188 bytes read
  Partitioned compression: HG005_GRCh38_1_22_v4.2.1_benchmark: rdf-scan heartbeat — 262,712,414 triples · 47,110,488,262 bytes read
  Partitioned compression: HG005_GRCh38_1_22_v4.2.1_benchmark: rdf-scan heartbeat — 263,076,737 triples · 47,177,597,220 bytes read
  Partitioned compression: HG005_GRCh38_1_22_v4.2.1_benchmark: rdf-scan chunk — 263,440,722 triples · 88 chunks · 47,244,649,079 bytes read
  Partitioned compression: HG005_GRCh38_1_22_v4.2.1_benchmark: hdt-chunks started — 87 chunks · hdt-build-00087
  Partitioned compression: HG005_GRCh38_1_22_v4.2.1_benchmark: hdt-chunks complete — 88 chunks · hdt-build-00087
  Partitioned compression: HG005_GRCh38_1_22_v4.2.1_benchmark: cottas-chunks started — 87 chunks · cottas-build-00087
  Partitioned compression: HG005_GRCh38_1_22_v4.2.1_benchmark: cottas-chunks complete — 88 chunks · cottas-build-00087
  Partitioned compression: HG005_GRCh38_1_22_v4.2.1_benchmark: rdf-scan heartbeat — 263,441,032 triples · 47,244,706,180 bytes read
  Partitioned compression: HG005_GRCh38_1_22_v4.2.1_benchmark: rdf-scan heartbeat — 263,805,349 triples · 47,311,815,215 bytes read
  Partitioned compression: HG005_GRCh38_1_22_v4.2.1_benchmark: rdf-scan heartbeat — 264,169,686 triples · 47,378,924,195 bytes read
  Partitioned compression: HG005_GRCh38_1_22_v4.2.1_benchmark: rdf-scan heartbeat — 264,533,997 triples · 47,446,033,128 bytes read
  Partitioned compression: HG005_GRCh38_1_22_v4.2.1_benchmark: rdf-scan heartbeat — 264,898,293 triples · 47,513,142,100 bytes read
  Partitioned compression: HG005_GRCh38_1_22_v4.2.1_benchmark: rdf-scan heartbeat — 265,262,583 triples · 47,580,251,031 bytes read
  Partitioned compression: HG005_GRCh38_1_22_v4.2.1_benchmark: rdf-scan heartbeat — 265,626,921 triples · 47,647,360,055 bytes read
  Partitioned compression: HG005_GRCh38_1_22_v4.2.1_benchmark: rdf-scan heartbeat — 265,991,268 triples · 47,714,469,035 bytes read
  Partitioned compression: HG005_GRCh38_1_22_v4.2.1_benchmark: rdf-scan chunk — 266,355,254 triples · 89 chunks · 47,781,520,135 bytes read
  Partitioned compression: HG005_GRCh38_1_22_v4.2.1_benchmark: hdt-chunks started — 88 chunks · hdt-build-00088
  Partitioned compression: HG005_GRCh38_1_22_v4.2.1_benchmark: hdt-chunks complete — 89 chunks · hdt-build-00088
  Partitioned compression: HG005_GRCh38_1_22_v4.2.1_benchmark: cottas-chunks started — 88 chunks · cottas-build-00088
  Partitioned compression: HG005_GRCh38_1_22_v4.2.1_benchmark: cottas-chunks complete — 89 chunks · cottas-build-00088
  Partitioned compression: HG005_GRCh38_1_22_v4.2.1_benchmark: rdf-scan heartbeat — 266,355,569 triples · 47,781,577,973 bytes read
  Partitioned compression: HG005_GRCh38_1_22_v4.2.1_benchmark: rdf-scan heartbeat — 266,719,875 triples · 47,848,686,852 bytes read
  Partitioned compression: HG005_GRCh38_1_22_v4.2.1_benchmark: rdf-scan heartbeat — 267,084,215 triples · 47,915,795,765 bytes read
  Partitioned compression: HG005_GRCh38_1_22_v4.2.1_benchmark: rdf-scan heartbeat — 267,448,555 triples · 47,982,904,764 bytes read
  Partitioned compression: HG005_GRCh38_1_22_v4.2.1_benchmark: rdf-scan heartbeat — 267,812,919 triples · 48,050,013,764 bytes read
  Partitioned compression: HG005_GRCh38_1_22_v4.2.1_benchmark: rdf-scan heartbeat — 268,177,257 triples · 48,117,122,787 bytes read
  Partitioned compression: HG005_GRCh38_1_22_v4.2.1_benchmark: rdf-scan heartbeat — 268,541,585 triples · 48,184,231,693 bytes read
  Partitioned compression: HG005_GRCh38_1_22_v4.2.1_benchmark: rdf-scan heartbeat — 268,905,929 triples · 48,251,340,683 bytes read
  Partitioned compression: HG005_GRCh38_1_22_v4.2.1_benchmark: rdf-scan chunk — 269,269,956 triples · 90 chunks · 48,318,391,217 bytes read
  Partitioned compression: HG005_GRCh38_1_22_v4.2.1_benchmark: hdt-chunks started — 89 chunks · hdt-build-00089
  Partitioned compression: HG005_GRCh38_1_22_v4.2.1_benchmark: hdt-chunks complete — 90 chunks · hdt-build-00089
  Partitioned compression: HG005_GRCh38_1_22_v4.2.1_benchmark: cottas-chunks started — 89 chunks · cottas-build-00089
  Partitioned compression: HG005_GRCh38_1_22_v4.2.1_benchmark: cottas-chunks complete — 90 chunks · cottas-build-00089
  Partitioned compression: HG005_GRCh38_1_22_v4.2.1_benchmark: rdf-scan heartbeat — 269,270,273 triples · 48,318,449,623 bytes read
  Partitioned compression: HG005_GRCh38_1_22_v4.2.1_benchmark: rdf-scan heartbeat — 269,634,559 triples · 48,385,558,576 bytes read
  Partitioned compression: HG005_GRCh38_1_22_v4.2.1_benchmark: rdf-scan heartbeat — 269,998,845 triples · 48,452,667,598 bytes read
  Partitioned compression: HG005_GRCh38_1_22_v4.2.1_benchmark: rdf-scan heartbeat — 270,363,127 triples · 48,519,776,479 bytes read
  Partitioned compression: HG005_GRCh38_1_22_v4.2.1_benchmark: rdf-scan heartbeat — 270,727,419 triples · 48,586,885,427 bytes read
  Partitioned compression: HG005_GRCh38_1_22_v4.2.1_benchmark: rdf-scan heartbeat — 271,091,725 triples · 48,653,994,412 bytes read
  Partitioned compression: HG005_GRCh38_1_22_v4.2.1_benchmark: rdf-scan heartbeat — 271,456,017 triples · 48,721,103,445 bytes read
  Partitioned compression: HG005_GRCh38_1_22_v4.2.1_benchmark: rdf-scan heartbeat — 271,820,326 triples · 48,788,212,309 bytes read
  Partitioned compression: HG005_GRCh38_1_22_v4.2.1_benchmark: rdf-scan chunk — 272,184,277 triples · 91 chunks · 48,855,262,163 bytes read
  Partitioned compression: HG005_GRCh38_1_22_v4.2.1_benchmark: hdt-chunks started — 90 chunks · hdt-build-00090
  Partitioned compression: HG005_GRCh38_1_22_v4.2.1_benchmark: hdt-chunks complete — 91 chunks · hdt-build-00090
  Partitioned compression: HG005_GRCh38_1_22_v4.2.1_benchmark: cottas-chunks started — 90 chunks · cottas-build-00090
  Partitioned compression: HG005_GRCh38_1_22_v4.2.1_benchmark: cottas-chunks complete — 91 chunks · cottas-build-00090
  Partitioned compression: HG005_GRCh38_1_22_v4.2.1_benchmark: rdf-scan heartbeat — 272,184,598 triples · 48,855,321,334 bytes read
  Partitioned compression: HG005_GRCh38_1_22_v4.2.1_benchmark: rdf-scan heartbeat — 272,548,886 triples · 48,922,430,261 bytes read
  Partitioned compression: HG005_GRCh38_1_22_v4.2.1_benchmark: rdf-scan heartbeat — 272,913,225 triples · 48,989,539,226 bytes read
  Partitioned compression: HG005_GRCh38_1_22_v4.2.1_benchmark: rdf-scan heartbeat — 273,277,533 triples · 49,056,648,161 bytes read
  Partitioned compression: HG005_GRCh38_1_22_v4.2.1_benchmark: rdf-scan heartbeat — 273,641,853 triples · 49,123,757,085 bytes read
  Partitioned compression: HG005_GRCh38_1_22_v4.2.1_benchmark: rdf-scan heartbeat — 274,006,195 triples · 49,190,866,027 bytes read
  Partitioned compression: HG005_GRCh38_1_22_v4.2.1_benchmark: rdf-scan heartbeat — 274,370,540 triples · 49,257,975,103 bytes read
  Partitioned compression: HG005_GRCh38_1_22_v4.2.1_benchmark: rdf-scan heartbeat — 274,734,856 triples · 49,325,084,024 bytes read
  Partitioned compression: HG005_GRCh38_1_22_v4.2.1_benchmark: rdf-scan chunk — 275,098,864 triples · 92 chunks · 49,392,133,204 bytes read
  Partitioned compression: HG005_GRCh38_1_22_v4.2.1_benchmark: hdt-chunks started — 91 chunks · hdt-build-00091
  Partitioned compression: HG005_GRCh38_1_22_v4.2.1_benchmark: hdt-chunks complete — 92 chunks · hdt-build-00091
  Partitioned compression: HG005_GRCh38_1_22_v4.2.1_benchmark: cottas-chunks started — 91 chunks · cottas-build-00091
  Partitioned compression: HG005_GRCh38_1_22_v4.2.1_benchmark: cottas-chunks complete — 92 chunks · cottas-build-00091
  Partitioned compression: HG005_GRCh38_1_22_v4.2.1_benchmark: rdf-scan heartbeat — 275,099,188 triples · 49,392,192,890 bytes read
  Partitioned compression: HG005_GRCh38_1_22_v4.2.1_benchmark: rdf-scan heartbeat — 275,463,538 triples · 49,459,301,806 bytes read
  Partitioned compression: HG005_GRCh38_1_22_v4.2.1_benchmark: rdf-scan heartbeat — 275,827,885 triples · 49,526,410,709 bytes read
  Partitioned compression: HG005_GRCh38_1_22_v4.2.1_benchmark: rdf-scan heartbeat — 276,192,223 triples · 49,593,519,663 bytes read
  Partitioned compression: HG005_GRCh38_1_22_v4.2.1_benchmark: rdf-scan heartbeat — 276,556,559 triples · 49,660,628,720 bytes read
  Partitioned compression: HG005_GRCh38_1_22_v4.2.1_benchmark: rdf-scan heartbeat — 276,920,905 triples · 49,727,737,758 bytes read
  Partitioned compression: HG005_GRCh38_1_22_v4.2.1_benchmark: rdf-scan heartbeat — 277,285,354 triples · 49,794,846,701 bytes read
  Partitioned compression: HG005_GRCh38_1_22_v4.2.1_benchmark: rdf-scan heartbeat — 277,649,777 triples · 49,861,955,635 bytes read
  Partitioned compression: HG005_GRCh38_1_22_v4.2.1_benchmark: rdf-scan chunk — 278,013,768 triples · 93 chunks · 49,929,004,227 bytes read
  Partitioned compression: HG005_GRCh38_1_22_v4.2.1_benchmark: hdt-chunks started — 92 chunks · hdt-build-00092
  Partitioned compression: HG005_GRCh38_1_22_v4.2.1_benchmark: hdt-chunks complete — 93 chunks · hdt-build-00092
  Partitioned compression: HG005_GRCh38_1_22_v4.2.1_benchmark: cottas-chunks started — 92 chunks · cottas-build-00092
  Partitioned compression: HG005_GRCh38_1_22_v4.2.1_benchmark: cottas-chunks complete — 93 chunks · cottas-build-00092
  Partitioned compression: HG005_GRCh38_1_22_v4.2.1_benchmark: rdf-scan heartbeat — 278,014,096 triples · 49,929,064,670 bytes read
  Partitioned compression: HG005_GRCh38_1_22_v4.2.1_benchmark: rdf-scan heartbeat — 278,378,406 triples · 49,996,173,537 bytes read
  Partitioned compression: HG005_GRCh38_1_22_v4.2.1_benchmark: rdf-scan heartbeat — 278,742,723 triples · 50,063,282,493 bytes read
  Partitioned compression: HG005_GRCh38_1_22_v4.2.1_benchmark: rdf-scan heartbeat — 279,107,103 triples · 50,130,391,490 bytes read
  Partitioned compression: HG005_GRCh38_1_22_v4.2.1_benchmark: rdf-scan heartbeat — 279,471,422 triples · 50,197,500,403 bytes read
  Partitioned compression: HG005_GRCh38_1_22_v4.2.1_benchmark: rdf-scan heartbeat — 279,835,775 triples · 50,264,609,413 bytes read
  Partitioned compression: HG005_GRCh38_1_22_v4.2.1_benchmark: rdf-scan heartbeat — 280,200,208 triples · 50,331,718,318 bytes read
  Partitioned compression: HG005_GRCh38_1_22_v4.2.1_benchmark: rdf-scan heartbeat — 280,564,589 triples · 50,398,827,321 bytes read
  Partitioned compression: HG005_GRCh38_1_22_v4.2.1_benchmark: rdf-scan chunk — 280,928,625 triples · 94 chunks · 50,465,875,210 bytes read
  Partitioned compression: HG005_GRCh38_1_22_v4.2.1_benchmark: hdt-chunks started — 93 chunks · hdt-build-00093
  Partitioned compression: HG005_GRCh38_1_22_v4.2.1_benchmark: hdt-chunks complete — 94 chunks · hdt-build-00093
  Partitioned compression: HG005_GRCh38_1_22_v4.2.1_benchmark: cottas-chunks started — 93 chunks · cottas-build-00093
  Partitioned compression: HG005_GRCh38_1_22_v4.2.1_benchmark: cottas-chunks complete — 94 chunks · cottas-build-00093
  Partitioned compression: HG005_GRCh38_1_22_v4.2.1_benchmark: rdf-scan heartbeat — 280,928,957 triples · 50,465,936,203 bytes read
  Partitioned compression: HG005_GRCh38_1_22_v4.2.1_benchmark: rdf-scan heartbeat — 281,293,314 triples · 50,533,045,078 bytes read
  Partitioned compression: HG005_GRCh38_1_22_v4.2.1_benchmark: rdf-scan heartbeat — 281,657,626 triples · 50,600,154,099 bytes read
  Partitioned compression: HG005_GRCh38_1_22_v4.2.1_benchmark: rdf-scan heartbeat — 282,021,909 triples · 50,667,263,117 bytes read
  Partitioned compression: HG005_GRCh38_1_22_v4.2.1_benchmark: rdf-scan heartbeat — 282,386,214 triples · 50,734,372,068 bytes read
  Partitioned compression: HG005_GRCh38_1_22_v4.2.1_benchmark: rdf-scan heartbeat — 282,750,511 triples · 50,801,481,037 bytes read
  Partitioned compression: HG005_GRCh38_1_22_v4.2.1_benchmark: rdf-scan heartbeat — 283,114,836 triples · 50,868,589,993 bytes read
  Partitioned compression: HG005_GRCh38_1_22_v4.2.1_benchmark: rdf-scan heartbeat — 283,479,175 triples · 50,935,699,042 bytes read
  Partitioned compression: HG005_GRCh38_1_22_v4.2.1_benchmark: rdf-scan chunk — 283,843,137 triples · 95 chunks · 51,002,746,236 bytes read
  Partitioned compression: HG005_GRCh38_1_22_v4.2.1_benchmark: hdt-chunks started — 94 chunks · hdt-build-00094
  Partitioned compression: HG005_GRCh38_1_22_v4.2.1_benchmark: hdt-chunks complete — 95 chunks · hdt-build-00094
  Partitioned compression: HG005_GRCh38_1_22_v4.2.1_benchmark: cottas-chunks started — 94 chunks · cottas-build-00094
  Partitioned compression: HG005_GRCh38_1_22_v4.2.1_benchmark: cottas-chunks complete — 95 chunks · cottas-build-00094
  Partitioned compression: HG005_GRCh38_1_22_v4.2.1_benchmark: rdf-scan heartbeat — 283,843,472 triples · 51,002,807,963 bytes read
  Partitioned compression: HG005_GRCh38_1_22_v4.2.1_benchmark: rdf-scan heartbeat — 284,207,748 triples · 51,069,916,840 bytes read
  Partitioned compression: HG005_GRCh38_1_22_v4.2.1_benchmark: rdf-scan heartbeat — 284,572,053 triples · 51,137,025,869 bytes read
  Partitioned compression: HG005_GRCh38_1_22_v4.2.1_benchmark: rdf-scan heartbeat — 284,936,349 triples · 51,204,134,765 bytes read
  Partitioned compression: HG005_GRCh38_1_22_v4.2.1_benchmark: rdf-scan heartbeat — 285,300,674 triples · 51,271,243,701 bytes read
  Partitioned compression: HG005_GRCh38_1_22_v4.2.1_benchmark: rdf-scan heartbeat — 285,664,982 triples · 51,338,352,631 bytes read
  Partitioned compression: HG005_GRCh38_1_22_v4.2.1_benchmark: rdf-scan heartbeat — 286,029,319 triples · 51,405,461,546 bytes read
  Partitioned compression: HG005_GRCh38_1_22_v4.2.1_benchmark: rdf-scan heartbeat — 286,393,702 triples · 51,472,570,481 bytes read
  Partitioned compression: HG005_GRCh38_1_22_v4.2.1_benchmark: rdf-scan chunk — 286,757,722 triples · 96 chunks · 51,539,617,289 bytes read
  Partitioned compression: HG005_GRCh38_1_22_v4.2.1_benchmark: hdt-chunks started — 95 chunks · hdt-build-00095
  Partitioned compression: HG005_GRCh38_1_22_v4.2.1_benchmark: hdt-chunks complete — 96 chunks · hdt-build-00095
  Partitioned compression: HG005_GRCh38_1_22_v4.2.1_benchmark: cottas-chunks started — 95 chunks · cottas-build-00095
  Partitioned compression: HG005_GRCh38_1_22_v4.2.1_benchmark: cottas-chunks complete — 96 chunks · cottas-build-00095
  Partitioned compression: HG005_GRCh38_1_22_v4.2.1_benchmark: rdf-scan heartbeat — 286,758,060 triples · 51,539,679,536 bytes read
  Partitioned compression: HG005_GRCh38_1_22_v4.2.1_benchmark: rdf-scan heartbeat — 287,122,425 triples · 51,606,788,515 bytes read
  Partitioned compression: HG005_GRCh38_1_22_v4.2.1_benchmark: rdf-scan heartbeat — 287,486,760 triples · 51,673,897,469 bytes read
  Partitioned compression: HG005_GRCh38_1_22_v4.2.1_benchmark: rdf-scan heartbeat — 287,851,085 triples · 51,741,006,394 bytes read
  Partitioned compression: HG005_GRCh38_1_22_v4.2.1_benchmark: rdf-scan heartbeat — 288,215,403 triples · 51,808,115,270 bytes read
  Partitioned compression: HG005_GRCh38_1_22_v4.2.1_benchmark: rdf-scan heartbeat — 288,579,730 triples · 51,875,224,311 bytes read
  Partitioned compression: HG005_GRCh38_1_22_v4.2.1_benchmark: rdf-scan heartbeat — 288,944,078 triples · 51,942,333,181 bytes read
  Partitioned compression: HG005_GRCh38_1_22_v4.2.1_benchmark: rdf-scan heartbeat — 289,308,407 triples · 52,009,442,225 bytes read
  Partitioned compression: HG005_GRCh38_1_22_v4.2.1_benchmark: rdf-scan chunk — 289,672,407 triples · 97 chunks · 52,076,488,279 bytes read
  Partitioned compression: HG005_GRCh38_1_22_v4.2.1_benchmark: hdt-chunks started — 96 chunks · hdt-build-00096
  Partitioned compression: HG005_GRCh38_1_22_v4.2.1_benchmark: hdt-chunks complete — 97 chunks · hdt-build-00096
  Partitioned compression: HG005_GRCh38_1_22_v4.2.1_benchmark: cottas-chunks started — 96 chunks · cottas-build-00096
  Partitioned compression: HG005_GRCh38_1_22_v4.2.1_benchmark: cottas-chunks complete — 97 chunks · cottas-build-00096
  Partitioned compression: HG005_GRCh38_1_22_v4.2.1_benchmark: rdf-scan heartbeat — 289,672,749 triples · 52,076,551,220 bytes read
  Partitioned compression: HG005_GRCh38_1_22_v4.2.1_benchmark: rdf-scan heartbeat — 290,037,092 triples · 52,143,660,166 bytes read
  Partitioned compression: HG005_GRCh38_1_22_v4.2.1_benchmark: rdf-scan heartbeat — 290,401,448 triples · 52,210,769,036 bytes read
  Partitioned compression: HG005_GRCh38_1_22_v4.2.1_benchmark: rdf-scan heartbeat — 290,765,780 triples · 52,277,878,098 bytes read
  Partitioned compression: HG005_GRCh38_1_22_v4.2.1_benchmark: rdf-scan heartbeat — 291,130,097 triples · 52,344,987,170 bytes read
  Partitioned compression: HG005_GRCh38_1_22_v4.2.1_benchmark: rdf-scan heartbeat — 291,494,419 triples · 52,412,096,093 bytes read
  Partitioned compression: HG005_GRCh38_1_22_v4.2.1_benchmark: rdf-scan heartbeat — 291,858,734 triples · 52,479,205,086 bytes read
  Partitioned compression: HG005_GRCh38_1_22_v4.2.1_benchmark: rdf-scan heartbeat — 292,223,075 triples · 52,546,314,045 bytes read
  Partitioned compression: HG005_GRCh38_1_22_v4.2.1_benchmark: rdf-scan chunk — 292,587,075 triples · 98 chunks · 52,613,359,245 bytes read
  Partitioned compression: HG005_GRCh38_1_22_v4.2.1_benchmark: hdt-chunks started — 97 chunks · hdt-build-00097
  Partitioned compression: HG005_GRCh38_1_22_v4.2.1_benchmark: hdt-chunks complete — 98 chunks · hdt-build-00097
  Partitioned compression: HG005_GRCh38_1_22_v4.2.1_benchmark: cottas-chunks started — 97 chunks · cottas-build-00097
  Partitioned compression: HG005_GRCh38_1_22_v4.2.1_benchmark: cottas-chunks complete — 98 chunks · cottas-build-00097
  Partitioned compression: HG005_GRCh38_1_22_v4.2.1_benchmark: rdf-scan heartbeat — 292,587,421 triples · 52,613,423,016 bytes read
  Partitioned compression: HG005_GRCh38_1_22_v4.2.1_benchmark: rdf-scan heartbeat — 292,952,646 triples · 52,680,532,020 bytes read
  Partitioned compression: HG005_GRCh38_1_22_v4.2.1_benchmark: rdf-scan heartbeat — 293,317,936 triples · 52,747,640,955 bytes read
  Partitioned compression: HG005_GRCh38_1_22_v4.2.1_benchmark: rdf-scan heartbeat — 293,681,227 triples · 52,814,749,923 bytes read
  Partitioned compression: HG005_GRCh38_1_22_v4.2.1_benchmark: rdf-scan heartbeat — 294,043,948 triples · 52,881,858,889 bytes read
  Partitioned compression: HG005_GRCh38_1_22_v4.2.1_benchmark: rdf-scan heartbeat — 294,406,174 triples · 52,948,967,793 bytes read
  Partitioned compression: HG005_GRCh38_1_22_v4.2.1_benchmark: rdf-scan heartbeat — 294,768,934 triples · 53,016,076,761 bytes read
  Partitioned compression: HG005_GRCh38_1_22_v4.2.1_benchmark: rdf-scan heartbeat — 295,131,310 triples · 53,083,185,661 bytes read
  Partitioned compression: HG005_GRCh38_1_22_v4.2.1_benchmark: rdf-scan chunk — 295,493,324 triples · 99 chunks · 53,150,230,161 bytes read
  Partitioned compression: HG005_GRCh38_1_22_v4.2.1_benchmark: hdt-chunks started — 98 chunks · hdt-build-00098
  Partitioned compression: HG005_GRCh38_1_22_v4.2.1_benchmark: hdt-chunks complete — 99 chunks · hdt-build-00098
  Partitioned compression: HG005_GRCh38_1_22_v4.2.1_benchmark: cottas-chunks started — 98 chunks · cottas-build-00098
  Partitioned compression: HG005_GRCh38_1_22_v4.2.1_benchmark: cottas-chunks complete — 99 chunks · cottas-build-00098
  Partitioned compression: HG005_GRCh38_1_22_v4.2.1_benchmark: rdf-scan heartbeat — 295,493,669 triples · 53,150,294,626 bytes read
  Partitioned compression: HG005_GRCh38_1_22_v4.2.1_benchmark: rdf-scan heartbeat — 295,856,030 triples · 53,217,403,581 bytes read
  Partitioned compression: HG005_GRCh38_1_22_v4.2.1_benchmark: rdf-scan heartbeat — 296,218,562 triples · 53,284,512,570 bytes read
  Partitioned compression: HG005_GRCh38_1_22_v4.2.1_benchmark: rdf-scan heartbeat — 296,580,839 triples · 53,351,621,570 bytes read
  Partitioned compression: HG005_GRCh38_1_22_v4.2.1_benchmark: rdf-scan heartbeat — 296,942,706 triples · 53,418,730,536 bytes read
  Partitioned compression: HG005_GRCh38_1_22_v4.2.1_benchmark: rdf-scan heartbeat — 297,304,860 triples · 53,485,839,571 bytes read
  Partitioned compression: HG005_GRCh38_1_22_v4.2.1_benchmark: rdf-scan heartbeat — 297,667,039 triples · 53,552,948,453 bytes read
  Partitioned compression: HG005_GRCh38_1_22_v4.2.1_benchmark: rdf-scan heartbeat — 298,029,218 triples · 53,620,057,370 bytes read
  Partitioned compression: HG005_GRCh38_1_22_v4.2.1_benchmark: rdf-scan chunk — 298,390,073 triples · 100 chunks · 53,687,101,220 bytes read
  Partitioned compression: HG005_GRCh38_1_22_v4.2.1_benchmark: hdt-chunks started — 99 chunks · hdt-build-00099
  Partitioned compression: HG005_GRCh38_1_22_v4.2.1_benchmark: hdt-chunks complete — 100 chunks · hdt-build-00099
  Partitioned compression: HG005_GRCh38_1_22_v4.2.1_benchmark: cottas-chunks started — 99 chunks · cottas-build-00099
  Partitioned compression: HG005_GRCh38_1_22_v4.2.1_benchmark: cottas-chunks complete — 100 chunks · cottas-build-00099
  Partitioned compression: HG005_GRCh38_1_22_v4.2.1_benchmark: rdf-scan heartbeat — 298,390,428 triples · 53,687,166,262 bytes read
  Partitioned compression: HG005_GRCh38_1_22_v4.2.1_benchmark: rdf-scan heartbeat — 298,750,330 triples · 53,754,275,152 bytes read
  Partitioned compression: HG005_GRCh38_1_22_v4.2.1_benchmark: rdf-scan heartbeat — 299,110,121 triples · 53,821,384,142 bytes read
  Partitioned compression: HG005_GRCh38_1_22_v4.2.1_benchmark: rdf-scan heartbeat — 299,470,127 triples · 53,888,493,109 bytes read
  Partitioned compression: HG005_GRCh38_1_22_v4.2.1_benchmark: rdf-scan heartbeat — 299,829,984 triples · 53,955,602,068 bytes read
  Partitioned compression: HG005_GRCh38_1_22_v4.2.1_benchmark: rdf-scan heartbeat — 300,189,787 triples · 54,022,710,966 bytes read
  Partitioned compression: HG005_GRCh38_1_22_v4.2.1_benchmark: rdf-scan heartbeat — 300,549,739 triples · 54,089,819,955 bytes read
  Partitioned compression: HG005_GRCh38_1_22_v4.2.1_benchmark: rdf-scan heartbeat — 300,909,388 triples · 54,156,928,989 bytes read
  Partitioned compression: HG005_GRCh38_1_22_v4.2.1_benchmark: rdf-scan chunk — 301,268,979 triples · 101 chunks · 54,223,972,143 bytes read
  Partitioned compression: HG005_GRCh38_1_22_v4.2.1_benchmark: hdt-chunks started — 100 chunks · hdt-build-00100
  Partitioned compression: HG005_GRCh38_1_22_v4.2.1_benchmark: hdt-chunks complete — 101 chunks · hdt-build-00100
  Partitioned compression: HG005_GRCh38_1_22_v4.2.1_benchmark: cottas-chunks started — 100 chunks · cottas-build-00100
  Partitioned compression: HG005_GRCh38_1_22_v4.2.1_benchmark: cottas-chunks complete — 101 chunks · cottas-build-00100
  Partitioned compression: HG005_GRCh38_1_22_v4.2.1_benchmark: rdf-scan heartbeat — 301,269,336 triples · 54,224,038,012 bytes read
  Partitioned compression: HG005_GRCh38_1_22_v4.2.1_benchmark: rdf-scan heartbeat — 301,630,349 triples · 54,291,146,980 bytes read
  Partitioned compression: HG005_GRCh38_1_22_v4.2.1_benchmark: rdf-scan heartbeat — 301,991,552 triples · 54,358,255,993 bytes read
  Partitioned compression: HG005_GRCh38_1_22_v4.2.1_benchmark: rdf-scan heartbeat — 302,351,774 triples · 54,425,365,028 bytes read
  Partitioned compression: HG005_GRCh38_1_22_v4.2.1_benchmark: rdf-scan heartbeat — 302,711,732 triples · 54,492,474,060 bytes read
  Partitioned compression: HG005_GRCh38_1_22_v4.2.1_benchmark: rdf-scan heartbeat — 303,071,525 triples · 54,559,582,983 bytes read
  Partitioned compression: HG005_GRCh38_1_22_v4.2.1_benchmark: rdf-scan heartbeat — 303,431,398 triples · 54,626,691,958 bytes read
  Partitioned compression: HG005_GRCh38_1_22_v4.2.1_benchmark: rdf-scan heartbeat — 303,791,403 triples · 54,693,800,961 bytes read
  Partitioned compression: HG005_GRCh38_1_22_v4.2.1_benchmark: rdf-scan chunk — 304,150,899 triples · 102 chunks · 54,760,843,165 bytes read
  Partitioned compression: HG005_GRCh38_1_22_v4.2.1_benchmark: hdt-chunks started — 101 chunks · hdt-build-00101
  Partitioned compression: HG005_GRCh38_1_22_v4.2.1_benchmark: hdt-chunks complete — 102 chunks · hdt-build-00101
  Partitioned compression: HG005_GRCh38_1_22_v4.2.1_benchmark: cottas-chunks started — 101 chunks · cottas-build-00101
  Partitioned compression: HG005_GRCh38_1_22_v4.2.1_benchmark: cottas-chunks complete — 102 chunks · cottas-build-00101
  Partitioned compression: HG005_GRCh38_1_22_v4.2.1_benchmark: rdf-scan heartbeat — 304,151,256 triples · 54,760,909,908 bytes read
  Partitioned compression: HG005_GRCh38_1_22_v4.2.1_benchmark: rdf-scan heartbeat — 304,511,032 triples · 54,828,018,780 bytes read
  Partitioned compression: HG005_GRCh38_1_22_v4.2.1_benchmark: rdf-scan heartbeat — 304,870,936 triples · 54,895,127,736 bytes read
  Partitioned compression: HG005_GRCh38_1_22_v4.2.1_benchmark: rdf-scan heartbeat — 305,230,902 triples · 54,962,236,631 bytes read
  Partitioned compression: HG005_GRCh38_1_22_v4.2.1_benchmark: rdf-scan heartbeat — 305,590,864 triples · 55,029,345,500 bytes read
  Partitioned compression: HG005_GRCh38_1_22_v4.2.1_benchmark: rdf-scan heartbeat — 305,950,770 triples · 55,096,454,546 bytes read
  Partitioned compression: HG005_GRCh38_1_22_v4.2.1_benchmark: rdf-scan heartbeat — 306,310,710 triples · 55,163,563,469 bytes read
  Partitioned compression: HG005_GRCh38_1_22_v4.2.1_benchmark: rdf-scan heartbeat — 306,670,474 triples · 55,230,672,445 bytes read
  Partitioned compression: HG005_GRCh38_1_22_v4.2.1_benchmark: rdf-scan chunk — 307,029,846 triples · 103 chunks · 55,297,714,149 bytes read
  Partitioned compression: HG005_GRCh38_1_22_v4.2.1_benchmark: hdt-chunks started — 102 chunks · hdt-build-00102
  Partitioned compression: HG005_GRCh38_1_22_v4.2.1_benchmark: hdt-chunks complete — 103 chunks · hdt-build-00102
  Partitioned compression: HG005_GRCh38_1_22_v4.2.1_benchmark: cottas-chunks started — 102 chunks · cottas-build-00102
  Partitioned compression: HG005_GRCh38_1_22_v4.2.1_benchmark: cottas-chunks complete — 103 chunks · cottas-build-00102
  Partitioned compression: HG005_GRCh38_1_22_v4.2.1_benchmark: rdf-scan heartbeat — 307,030,207 triples · 55,297,781,520 bytes read
  Partitioned compression: HG005_GRCh38_1_22_v4.2.1_benchmark: rdf-scan heartbeat — 307,390,127 triples · 55,364,890,447 bytes read
  Partitioned compression: HG005_GRCh38_1_22_v4.2.1_benchmark: rdf-scan heartbeat — 307,750,017 triples · 55,431,999,499 bytes read
  Partitioned compression: HG005_GRCh38_1_22_v4.2.1_benchmark: rdf-scan heartbeat — 308,109,776 triples · 55,499,108,555 bytes read
  Partitioned compression: HG005_GRCh38_1_22_v4.2.1_benchmark: rdf-scan heartbeat — 308,469,577 triples · 55,566,217,577 bytes read
  Partitioned compression: HG005_GRCh38_1_22_v4.2.1_benchmark: rdf-scan heartbeat — 308,829,397 triples · 55,633,326,444 bytes read
  Partitioned compression: HG005_GRCh38_1_22_v4.2.1_benchmark: rdf-scan heartbeat — 309,189,591 triples · 55,700,435,309 bytes read
  Partitioned compression: HG005_GRCh38_1_22_v4.2.1_benchmark: rdf-scan heartbeat — 309,550,080 triples · 55,767,544,296 bytes read
  Partitioned compression: HG005_GRCh38_1_22_v4.2.1_benchmark: rdf-scan chunk — 309,909,695 triples · 104 chunks · 55,834,585,079 bytes read
  Partitioned compression: HG005_GRCh38_1_22_v4.2.1_benchmark: hdt-chunks started — 103 chunks · hdt-build-00103
  Partitioned compression: HG005_GRCh38_1_22_v4.2.1_benchmark: hdt-chunks complete — 104 chunks · hdt-build-00103
  Partitioned compression: HG005_GRCh38_1_22_v4.2.1_benchmark: cottas-chunks started — 103 chunks · cottas-build-00103
  Partitioned compression: HG005_GRCh38_1_22_v4.2.1_benchmark: cottas-chunks complete — 104 chunks · cottas-build-00103
  Partitioned compression: HG005_GRCh38_1_22_v4.2.1_benchmark: rdf-scan heartbeat — 309,910,060 triples · 55,834,653,240 bytes read
  Partitioned compression: HG005_GRCh38_1_22_v4.2.1_benchmark: rdf-scan heartbeat — 310,269,623 triples · 55,901,762,110 bytes read
  Partitioned compression: HG005_GRCh38_1_22_v4.2.1_benchmark: rdf-scan heartbeat — 310,629,368 triples · 55,968,871,025 bytes read
  Partitioned compression: HG005_GRCh38_1_22_v4.2.1_benchmark: rdf-scan heartbeat — 310,989,069 triples · 56,035,979,943 bytes read
  Partitioned compression: HG005_GRCh38_1_22_v4.2.1_benchmark: rdf-scan heartbeat — 311,348,655 triples · 56,103,088,887 bytes read
  Partitioned compression: HG005_GRCh38_1_22_v4.2.1_benchmark: rdf-scan heartbeat — 311,708,608 triples · 56,170,197,863 bytes read
  Partitioned compression: HG005_GRCh38_1_22_v4.2.1_benchmark: rdf-scan heartbeat — 312,068,361 triples · 56,237,306,809 bytes read
  Partitioned compression: HG005_GRCh38_1_22_v4.2.1_benchmark: rdf-scan heartbeat — 312,428,014 triples · 56,304,415,681 bytes read
  Partitioned compression: HG005_GRCh38_1_22_v4.2.1_benchmark: rdf-scan chunk — 312,787,340 triples · 105 chunks · 56,371,456,113 bytes read
  Partitioned compression: HG005_GRCh38_1_22_v4.2.1_benchmark: hdt-chunks started — 104 chunks · hdt-build-00104
  Partitioned compression: HG005_GRCh38_1_22_v4.2.1_benchmark: hdt-chunks complete — 105 chunks · hdt-build-00104
  Partitioned compression: HG005_GRCh38_1_22_v4.2.1_benchmark: cottas-chunks started — 104 chunks · cottas-build-00104
  Partitioned compression: HG005_GRCh38_1_22_v4.2.1_benchmark: cottas-chunks complete — 105 chunks · cottas-build-00104
  Partitioned compression: HG005_GRCh38_1_22_v4.2.1_benchmark: rdf-scan heartbeat — 312,787,706 triples · 56,371,524,643 bytes read
  Partitioned compression: HG005_GRCh38_1_22_v4.2.1_benchmark: rdf-scan heartbeat — 313,147,370 triples · 56,438,633,651 bytes read
  Partitioned compression: HG005_GRCh38_1_22_v4.2.1_benchmark: rdf-scan heartbeat — 313,507,011 triples · 56,505,742,555 bytes read
  Partitioned compression: HG005_GRCh38_1_22_v4.2.1_benchmark: rdf-scan heartbeat — 313,866,609 triples · 56,572,851,593 bytes read
  Partitioned compression: HG005_GRCh38_1_22_v4.2.1_benchmark: rdf-scan heartbeat — 314,226,391 triples · 56,639,960,626 bytes read
  Partitioned compression: HG005_GRCh38_1_22_v4.2.1_benchmark: rdf-scan heartbeat — 314,586,259 triples · 56,707,069,636 bytes read
  Partitioned compression: HG005_GRCh38_1_22_v4.2.1_benchmark: rdf-scan heartbeat — 314,946,001 triples · 56,774,178,576 bytes read
  Partitioned compression: HG005_GRCh38_1_22_v4.2.1_benchmark: rdf-scan heartbeat — 315,306,069 triples · 56,841,287,572 bytes read
  Partitioned compression: HG005_GRCh38_1_22_v4.2.1_benchmark: rdf-scan chunk — 315,665,626 triples · 106 chunks · 56,908,327,042 bytes read
  Partitioned compression: HG005_GRCh38_1_22_v4.2.1_benchmark: hdt-chunks started — 105 chunks · hdt-build-00105
  Partitioned compression: HG005_GRCh38_1_22_v4.2.1_benchmark: hdt-chunks complete — 106 chunks · hdt-build-00105
  Partitioned compression: HG005_GRCh38_1_22_v4.2.1_benchmark: cottas-chunks started — 105 chunks · cottas-build-00105
  Partitioned compression: HG005_GRCh38_1_22_v4.2.1_benchmark: cottas-chunks complete — 106 chunks · cottas-build-00105
  Partitioned compression: HG005_GRCh38_1_22_v4.2.1_benchmark: rdf-scan heartbeat — 315,665,997 triples · 56,908,396,535 bytes read
  Partitioned compression: HG005_GRCh38_1_22_v4.2.1_benchmark: rdf-scan heartbeat — 316,025,825 triples · 56,975,505,418 bytes read
  Partitioned compression: HG005_GRCh38_1_22_v4.2.1_benchmark: rdf-scan heartbeat — 316,385,972 triples · 57,042,614,430 bytes read
  Partitioned compression: HG005_GRCh38_1_22_v4.2.1_benchmark: rdf-scan heartbeat — 316,745,673 triples · 57,109,723,434 bytes read
  Partitioned compression: HG005_GRCh38_1_22_v4.2.1_benchmark: rdf-scan heartbeat — 317,105,466 triples · 57,176,832,497 bytes read
  Partitioned compression: HG005_GRCh38_1_22_v4.2.1_benchmark: rdf-scan heartbeat — 317,465,540 triples · 57,243,941,473 bytes read
  Partitioned compression: HG005_GRCh38_1_22_v4.2.1_benchmark: rdf-scan heartbeat — 317,825,438 triples · 57,311,050,389 bytes read
  Partitioned compression: HG005_GRCh38_1_22_v4.2.1_benchmark: rdf-scan heartbeat — 318,185,206 triples · 57,378,159,380 bytes read
  Partitioned compression: HG005_GRCh38_1_22_v4.2.1_benchmark: rdf-scan chunk — 318,544,716 triples · 107 chunks · 57,445,198,043 bytes read
  Partitioned compression: HG005_GRCh38_1_22_v4.2.1_benchmark: hdt-chunks started — 106 chunks · hdt-build-00106
  Partitioned compression: HG005_GRCh38_1_22_v4.2.1_benchmark: hdt-chunks complete — 107 chunks · hdt-build-00106
  Partitioned compression: HG005_GRCh38_1_22_v4.2.1_benchmark: cottas-chunks started — 106 chunks · cottas-build-00106
  Partitioned compression: HG005_GRCh38_1_22_v4.2.1_benchmark: cottas-chunks complete — 107 chunks · cottas-build-00106
  Partitioned compression: HG005_GRCh38_1_22_v4.2.1_benchmark: rdf-scan heartbeat — 318,545,098 triples · 57,445,268,252 bytes read
  Partitioned compression: HG005_GRCh38_1_22_v4.2.1_benchmark: rdf-scan heartbeat — 318,906,321 triples · 57,512,377,207 bytes read
  Partitioned compression: HG005_GRCh38_1_22_v4.2.1_benchmark: rdf-scan heartbeat — 319,266,065 triples · 57,579,486,170 bytes read
  Partitioned compression: HG005_GRCh38_1_22_v4.2.1_benchmark: rdf-scan heartbeat — 319,625,873 triples · 57,646,595,515 bytes read
  Partitioned compression: HG005_GRCh38_1_22_v4.2.1_benchmark: rdf-scan heartbeat — 319,985,660 triples · 57,713,704,555 bytes read
  Partitioned compression: HG005_GRCh38_1_22_v4.2.1_benchmark: rdf-scan heartbeat — 320,345,429 triples · 57,780,813,485 bytes read
  Partitioned compression: HG005_GRCh38_1_22_v4.2.1_benchmark: rdf-scan heartbeat — 320,705,325 triples · 57,847,922,571 bytes read
  Partitioned compression: HG005_GRCh38_1_22_v4.2.1_benchmark: rdf-scan heartbeat — 321,065,212 triples · 57,915,031,539 bytes read
  Partitioned compression: HG005_GRCh38_1_22_v4.2.1_benchmark: rdf-scan chunk — 321,424,710 triples · 108 chunks · 57,982,069,014 bytes read
  Partitioned compression: HG005_GRCh38_1_22_v4.2.1_benchmark: hdt-chunks started — 107 chunks · hdt-build-00107
  Partitioned compression: HG005_GRCh38_1_22_v4.2.1_benchmark: hdt-chunks complete — 108 chunks · hdt-build-00107
  Partitioned compression: HG005_GRCh38_1_22_v4.2.1_benchmark: cottas-chunks started — 107 chunks · cottas-build-00107
  Partitioned compression: HG005_GRCh38_1_22_v4.2.1_benchmark: cottas-chunks complete — 108 chunks · cottas-build-00107
  Partitioned compression: HG005_GRCh38_1_22_v4.2.1_benchmark: rdf-scan heartbeat — 321,425,091 triples · 57,982,140,486 bytes read
  Partitioned compression: HG005_GRCh38_1_22_v4.2.1_benchmark: rdf-scan heartbeat — 321,784,787 triples · 58,049,249,364 bytes read
  Partitioned compression: HG005_GRCh38_1_22_v4.2.1_benchmark: rdf-scan heartbeat — 322,144,455 triples · 58,116,358,323 bytes read
  Partitioned compression: HG005_GRCh38_1_22_v4.2.1_benchmark: rdf-scan heartbeat — 322,504,107 triples · 58,183,467,353 bytes read
  Partitioned compression: HG005_GRCh38_1_22_v4.2.1_benchmark: rdf-scan heartbeat — 322,864,006 triples · 58,250,576,286 bytes read
  Partitioned compression: HG005_GRCh38_1_22_v4.2.1_benchmark: rdf-scan heartbeat — 323,223,802 triples · 58,317,685,150 bytes read
  Partitioned compression: HG005_GRCh38_1_22_v4.2.1_benchmark: rdf-scan heartbeat — 323,583,859 triples · 58,384,794,036 bytes read
  Partitioned compression: HG005_GRCh38_1_22_v4.2.1_benchmark: rdf-scan heartbeat — 323,943,788 triples · 58,451,903,040 bytes read
  Partitioned compression: HG005_GRCh38_1_22_v4.2.1_benchmark: rdf-scan chunk — 324,303,195 triples · 109 chunks · 58,518,940,078 bytes read
  Partitioned compression: HG005_GRCh38_1_22_v4.2.1_benchmark: hdt-chunks started — 108 chunks · hdt-build-00108
  Partitioned compression: HG005_GRCh38_1_22_v4.2.1_benchmark: hdt-chunks complete — 109 chunks · hdt-build-00108
  Partitioned compression: HG005_GRCh38_1_22_v4.2.1_benchmark: cottas-chunks started — 108 chunks · cottas-build-00108
  Partitioned compression: HG005_GRCh38_1_22_v4.2.1_benchmark: cottas-chunks complete — 109 chunks · cottas-build-00108
  Partitioned compression: HG005_GRCh38_1_22_v4.2.1_benchmark: rdf-scan heartbeat — 324,303,580 triples · 58,519,011,960 bytes read
  Partitioned compression: HG005_GRCh38_1_22_v4.2.1_benchmark: rdf-scan heartbeat — 324,663,302 triples · 58,586,120,906 bytes read
  Partitioned compression: HG005_GRCh38_1_22_v4.2.1_benchmark: rdf-scan heartbeat — 325,023,146 triples · 58,653,229,836 bytes read
  Partitioned compression: HG005_GRCh38_1_22_v4.2.1_benchmark: rdf-scan heartbeat — 325,382,859 triples · 58,720,338,782 bytes read
  Partitioned compression: HG005_GRCh38_1_22_v4.2.1_benchmark: rdf-scan heartbeat — 325,742,581 triples · 58,787,447,686 bytes read
  Partitioned compression: HG005_GRCh38_1_22_v4.2.1_benchmark: rdf-scan heartbeat — 326,102,533 triples · 58,854,557,150 bytes read
  Partitioned compression: HG005_GRCh38_1_22_v4.2.1_benchmark: rdf-scan heartbeat — 326,462,220 triples · 58,921,666,098 bytes read
  Partitioned compression: HG005_GRCh38_1_22_v4.2.1_benchmark: rdf-scan heartbeat — 326,822,121 triples · 58,988,774,971 bytes read
  Partitioned compression: HG005_GRCh38_1_22_v4.2.1_benchmark: rdf-scan chunk — 327,181,578 triples · 110 chunks · 59,055,811,046 bytes read
  Partitioned compression: HG005_GRCh38_1_22_v4.2.1_benchmark: hdt-chunks started — 109 chunks · hdt-build-00109
  Partitioned compression: HG005_GRCh38_1_22_v4.2.1_benchmark: hdt-chunks complete — 110 chunks · hdt-build-00109
  Partitioned compression: HG005_GRCh38_1_22_v4.2.1_benchmark: cottas-chunks started — 109 chunks · cottas-build-00109
  Partitioned compression: HG005_GRCh38_1_22_v4.2.1_benchmark: cottas-chunks complete — 110 chunks · cottas-build-00109
  Partitioned compression: HG005_GRCh38_1_22_v4.2.1_benchmark: rdf-scan heartbeat — 327,181,966 triples · 59,055,883,867 bytes read
  Partitioned compression: HG005_GRCh38_1_22_v4.2.1_benchmark: rdf-scan heartbeat — 327,541,699 triples · 59,122,992,827 bytes read
  Partitioned compression: HG005_GRCh38_1_22_v4.2.1_benchmark: rdf-scan heartbeat — 327,901,537 triples · 59,190,101,779 bytes read
  Partitioned compression: HG005_GRCh38_1_22_v4.2.1_benchmark: rdf-scan heartbeat — 328,261,555 triples · 59,257,210,800 bytes read
  Partitioned compression: HG005_GRCh38_1_22_v4.2.1_benchmark: rdf-scan heartbeat — 328,621,452 triples · 59,324,319,701 bytes read
  Partitioned compression: HG005_GRCh38_1_22_v4.2.1_benchmark: rdf-scan heartbeat — 328,981,112 triples · 59,391,428,733 bytes read
  Partitioned compression: HG005_GRCh38_1_22_v4.2.1_benchmark: rdf-scan heartbeat — 329,340,795 triples · 59,458,537,670 bytes read
  Partitioned compression: HG005_GRCh38_1_22_v4.2.1_benchmark: rdf-scan heartbeat — 329,700,429 triples · 59,525,646,587 bytes read
  Partitioned compression: HG005_GRCh38_1_22_v4.2.1_benchmark: rdf-scan chunk — 330,060,002 triples · 111 chunks · 59,592,682,211 bytes read
  Partitioned compression: HG005_GRCh38_1_22_v4.2.1_benchmark: hdt-chunks started — 110 chunks · hdt-build-00110
  Partitioned compression: HG005_GRCh38_1_22_v4.2.1_benchmark: hdt-chunks complete — 111 chunks · hdt-build-00110
  Partitioned compression: HG005_GRCh38_1_22_v4.2.1_benchmark: cottas-chunks started — 110 chunks · cottas-build-00110
  Partitioned compression: HG005_GRCh38_1_22_v4.2.1_benchmark: cottas-chunks complete — 111 chunks · cottas-build-00110
  Partitioned compression: HG005_GRCh38_1_22_v4.2.1_benchmark: rdf-scan heartbeat — 330,060,395 triples · 59,592,755,573 bytes read
  Partitioned compression: HG005_GRCh38_1_22_v4.2.1_benchmark: rdf-scan heartbeat — 330,420,387 triples · 59,659,864,452 bytes read
  Partitioned compression: HG005_GRCh38_1_22_v4.2.1_benchmark: rdf-scan heartbeat — 330,780,193 triples · 59,726,973,419 bytes read
  Partitioned compression: HG005_GRCh38_1_22_v4.2.1_benchmark: rdf-scan heartbeat — 331,140,072 triples · 59,794,082,587 bytes read
  Partitioned compression: HG005_GRCh38_1_22_v4.2.1_benchmark: rdf-scan heartbeat — 331,499,871 triples · 59,861,191,528 bytes read
  Partitioned compression: HG005_GRCh38_1_22_v4.2.1_benchmark: rdf-scan heartbeat — 331,859,623 triples · 59,928,300,473 bytes read
  Partitioned compression: HG005_GRCh38_1_22_v4.2.1_benchmark: rdf-scan heartbeat — 332,219,354 triples · 59,995,409,514 bytes read
  Partitioned compression: HG005_GRCh38_1_22_v4.2.1_benchmark: rdf-scan heartbeat — 332,578,954 triples · 60,062,518,524 bytes read
  Partitioned compression: HG005_GRCh38_1_22_v4.2.1_benchmark: rdf-scan chunk — 332,938,684 triples · 112 chunks · 60,129,553,158 bytes read
  Partitioned compression: HG005_GRCh38_1_22_v4.2.1_benchmark: hdt-chunks started — 111 chunks · hdt-build-00111
  Partitioned compression: HG005_GRCh38_1_22_v4.2.1_benchmark: hdt-chunks complete — 112 chunks · hdt-build-00111
  Partitioned compression: HG005_GRCh38_1_22_v4.2.1_benchmark: cottas-chunks started — 111 chunks · cottas-build-00111
  Partitioned compression: HG005_GRCh38_1_22_v4.2.1_benchmark: cottas-chunks complete — 112 chunks · cottas-build-00111
  Partitioned compression: HG005_GRCh38_1_22_v4.2.1_benchmark: rdf-scan heartbeat — 332,939,084 triples · 60,129,627,397 bytes read
  Partitioned compression: HG005_GRCh38_1_22_v4.2.1_benchmark: rdf-scan heartbeat — 333,298,853 triples · 60,196,736,443 bytes read
  Partitioned compression: HG005_GRCh38_1_22_v4.2.1_benchmark: rdf-scan heartbeat — 333,658,616 triples · 60,263,845,324 bytes read
  Partitioned compression: HG005_GRCh38_1_22_v4.2.1_benchmark: rdf-scan heartbeat — 334,019,108 triples · 60,330,954,213 bytes read
  Partitioned compression: HG005_GRCh38_1_22_v4.2.1_benchmark: rdf-scan heartbeat — 334,379,060 triples · 60,398,063,213 bytes read
  Partitioned compression: HG005_GRCh38_1_22_v4.2.1_benchmark: rdf-scan heartbeat — 334,738,717 triples · 60,465,172,109 bytes read
  Partitioned compression: HG005_GRCh38_1_22_v4.2.1_benchmark: rdf-scan heartbeat — 335,098,547 triples · 60,532,281,130 bytes read
  Partitioned compression: HG005_GRCh38_1_22_v4.2.1_benchmark: rdf-scan heartbeat — 335,458,239 triples · 60,599,390,120 bytes read
  Partitioned compression: HG005_GRCh38_1_22_v4.2.1_benchmark: rdf-scan chunk — 335,817,644 triples · 113 chunks · 60,666,424,110 bytes read
  Partitioned compression: HG005_GRCh38_1_22_v4.2.1_benchmark: hdt-chunks started — 112 chunks · hdt-build-00112
  Partitioned compression: HG005_GRCh38_1_22_v4.2.1_benchmark: hdt-chunks complete — 113 chunks · hdt-build-00112
  Partitioned compression: HG005_GRCh38_1_22_v4.2.1_benchmark: cottas-chunks started — 112 chunks · cottas-build-00112
  Partitioned compression: HG005_GRCh38_1_22_v4.2.1_benchmark: cottas-chunks complete — 113 chunks · cottas-build-00112
  Partitioned compression: HG005_GRCh38_1_22_v4.2.1_benchmark: rdf-scan heartbeat — 335,818,046 triples · 60,666,499,200 bytes read
  Partitioned compression: HG005_GRCh38_1_22_v4.2.1_benchmark: rdf-scan heartbeat — 336,177,952 triples · 60,733,608,120 bytes read
  Partitioned compression: HG005_GRCh38_1_22_v4.2.1_benchmark: rdf-scan heartbeat — 336,538,181 triples · 60,800,717,109 bytes read
  Partitioned compression: HG005_GRCh38_1_22_v4.2.1_benchmark: rdf-scan heartbeat — 336,897,896 triples · 60,867,826,082 bytes read
  Partitioned compression: HG005_GRCh38_1_22_v4.2.1_benchmark: rdf-scan heartbeat — 337,257,941 triples · 60,934,935,072 bytes read
  Partitioned compression: HG005_GRCh38_1_22_v4.2.1_benchmark: rdf-scan heartbeat — 337,617,616 triples · 61,002,044,062 bytes read
  Partitioned compression: HG005_GRCh38_1_22_v4.2.1_benchmark: rdf-scan heartbeat — 337,977,297 triples · 61,069,152,975 bytes read
  Partitioned compression: HG005_GRCh38_1_22_v4.2.1_benchmark: rdf-scan heartbeat — 338,337,163 triples · 61,136,261,917 bytes read
  Partitioned compression: HG005_GRCh38_1_22_v4.2.1_benchmark: rdf-scan chunk — 338,696,601 triples · 114 chunks · 61,203,295,056 bytes read
  Partitioned compression: HG005_GRCh38_1_22_v4.2.1_benchmark: hdt-chunks started — 113 chunks · hdt-build-00113
  Partitioned compression: HG005_GRCh38_1_22_v4.2.1_benchmark: hdt-chunks complete — 114 chunks · hdt-build-00113
  Partitioned compression: HG005_GRCh38_1_22_v4.2.1_benchmark: cottas-chunks started — 113 chunks · cottas-build-00113
  Partitioned compression: HG005_GRCh38_1_22_v4.2.1_benchmark: cottas-chunks complete — 114 chunks · cottas-build-00113
  Partitioned compression: HG005_GRCh38_1_22_v4.2.1_benchmark: rdf-scan heartbeat — 338,697,010 triples · 61,203,371,405 bytes read
  Partitioned compression: HG005_GRCh38_1_22_v4.2.1_benchmark: rdf-scan heartbeat — 339,056,878 triples · 61,270,480,390 bytes read
  Partitioned compression: HG005_GRCh38_1_22_v4.2.1_benchmark: rdf-scan heartbeat — 339,416,814 triples · 61,337,589,341 bytes read
  Partitioned compression: HG005_GRCh38_1_22_v4.2.1_benchmark: rdf-scan heartbeat — 339,776,566 triples · 61,404,698,328 bytes read
  Partitioned compression: HG005_GRCh38_1_22_v4.2.1_benchmark: rdf-scan heartbeat — 340,136,415 triples · 61,471,807,347 bytes read
  Partitioned compression: HG005_GRCh38_1_22_v4.2.1_benchmark: rdf-scan heartbeat — 340,496,376 triples · 61,538,916,233 bytes read
  Partitioned compression: HG005_GRCh38_1_22_v4.2.1_benchmark: rdf-scan heartbeat — 340,856,068 triples · 61,606,025,104 bytes read
  Partitioned compression: HG005_GRCh38_1_22_v4.2.1_benchmark: rdf-scan heartbeat — 341,215,715 triples · 61,673,133,972 bytes read
  Partitioned compression: HG005_GRCh38_1_22_v4.2.1_benchmark: rdf-scan chunk — 341,575,580 triples · 115 chunks · 61,740,165,982 bytes read
  Partitioned compression: HG005_GRCh38_1_22_v4.2.1_benchmark: hdt-chunks started — 114 chunks · hdt-build-00114
  Partitioned compression: HG005_GRCh38_1_22_v4.2.1_benchmark: hdt-chunks complete — 115 chunks · hdt-build-00114
  Partitioned compression: HG005_GRCh38_1_22_v4.2.1_benchmark: cottas-chunks started — 114 chunks · cottas-build-00114
  Partitioned compression: HG005_GRCh38_1_22_v4.2.1_benchmark: cottas-chunks complete — 115 chunks · cottas-build-00114
  Partitioned compression: HG005_GRCh38_1_22_v4.2.1_benchmark: rdf-scan heartbeat — 341,575,995 triples · 61,740,243,007 bytes read
  Partitioned compression: HG005_GRCh38_1_22_v4.2.1_benchmark: rdf-scan heartbeat — 341,935,933 triples · 61,807,352,059 bytes read
  Partitioned compression: HG005_GRCh38_1_22_v4.2.1_benchmark: rdf-scan heartbeat — 342,296,124 triples · 61,874,461,009 bytes read
  Partitioned compression: HG005_GRCh38_1_22_v4.2.1_benchmark: rdf-scan heartbeat — 342,656,413 triples · 61,941,570,012 bytes read
  Partitioned compression: HG005_GRCh38_1_22_v4.2.1_benchmark: rdf-scan heartbeat — 343,016,215 triples · 62,008,678,944 bytes read
  Partitioned compression: HG005_GRCh38_1_22_v4.2.1_benchmark: rdf-scan heartbeat — 343,375,901 triples · 62,075,787,856 bytes read
  Partitioned compression: HG005_GRCh38_1_22_v4.2.1_benchmark: rdf-scan heartbeat — 343,735,698 triples · 62,142,896,898 bytes read
  Partitioned compression: HG005_GRCh38_1_22_v4.2.1_benchmark: rdf-scan heartbeat — 344,095,423 triples · 62,210,005,782 bytes read
  Partitioned compression: HG005_GRCh38_1_22_v4.2.1_benchmark: rdf-scan chunk — 344,454,674 triples · 116 chunks · 62,277,037,046 bytes read
  Partitioned compression: HG005_GRCh38_1_22_v4.2.1_benchmark: hdt-chunks started — 115 chunks · hdt-build-00115
  Partitioned compression: HG005_GRCh38_1_22_v4.2.1_benchmark: hdt-chunks complete — 116 chunks · hdt-build-00115
  Partitioned compression: HG005_GRCh38_1_22_v4.2.1_benchmark: cottas-chunks started — 115 chunks · cottas-build-00115
  Partitioned compression: HG005_GRCh38_1_22_v4.2.1_benchmark: cottas-chunks complete — 116 chunks · cottas-build-00115
  Partitioned compression: HG005_GRCh38_1_22_v4.2.1_benchmark: rdf-scan heartbeat — 344,455,088 triples · 62,277,114,713 bytes read
  Partitioned compression: HG005_GRCh38_1_22_v4.2.1_benchmark: rdf-scan heartbeat — 344,814,612 triples · 62,344,223,646 bytes read
  Partitioned compression: HG005_GRCh38_1_22_v4.2.1_benchmark: rdf-scan heartbeat — 345,174,402 triples · 62,411,332,679 bytes read
  Partitioned compression: HG005_GRCh38_1_22_v4.2.1_benchmark: rdf-scan heartbeat — 345,534,235 triples · 62,478,441,656 bytes read
  Partitioned compression: HG005_GRCh38_1_22_v4.2.1_benchmark: rdf-scan heartbeat — 345,894,291 triples · 62,545,550,537 bytes read
  Partitioned compression: HG005_GRCh38_1_22_v4.2.1_benchmark: rdf-scan heartbeat — 346,253,609 triples · 62,612,659,500 bytes read
  Partitioned compression: HG005_GRCh38_1_22_v4.2.1_benchmark: rdf-scan heartbeat — 346,611,195 triples · 62,679,768,486 bytes read
  Partitioned compression: HG005_GRCh38_1_22_v4.2.1_benchmark: rdf-scan heartbeat — 346,969,048 triples · 62,746,877,466 bytes read
  Partitioned compression: HG005_GRCh38_1_22_v4.2.1_benchmark: rdf-scan chunk — 347,326,271 triples · 117 chunks · 62,813,908,086 bytes read
  Partitioned compression: HG005_GRCh38_1_22_v4.2.1_benchmark: hdt-chunks started — 116 chunks · hdt-build-00116
  Partitioned compression: HG005_GRCh38_1_22_v4.2.1_benchmark: hdt-chunks complete — 117 chunks · hdt-build-00116
  Partitioned compression: HG005_GRCh38_1_22_v4.2.1_benchmark: cottas-chunks started — 116 chunks · cottas-build-00116
  Partitioned compression: HG005_GRCh38_1_22_v4.2.1_benchmark: cottas-chunks complete — 117 chunks · cottas-build-00116
  Partitioned compression: HG005_GRCh38_1_22_v4.2.1_benchmark: rdf-scan heartbeat — 347,326,686 triples · 62,813,986,569 bytes read
  Partitioned compression: HG005_GRCh38_1_22_v4.2.1_benchmark: rdf-scan heartbeat — 347,684,571 triples · 62,881,095,613 bytes read
  Partitioned compression: HG005_GRCh38_1_22_v4.2.1_benchmark: rdf-scan heartbeat — 348,042,320 triples · 62,948,204,576 bytes read
  Partitioned compression: HG005_GRCh38_1_22_v4.2.1_benchmark: rdf-scan heartbeat — 348,399,748 triples · 63,015,313,530 bytes read
  Partitioned compression: HG005_GRCh38_1_22_v4.2.1_benchmark: rdf-scan heartbeat — 348,757,255 triples · 63,082,422,410 bytes read
  Partitioned compression: HG005_GRCh38_1_22_v4.2.1_benchmark: rdf-scan heartbeat — 349,114,710 triples · 63,149,531,317 bytes read
  Partitioned compression: HG005_GRCh38_1_22_v4.2.1_benchmark: rdf-scan heartbeat — 349,472,453 triples · 63,216,640,189 bytes read
  Partitioned compression: HG005_GRCh38_1_22_v4.2.1_benchmark: rdf-scan heartbeat — 349,830,145 triples · 63,283,749,117 bytes read
  Partitioned compression: HG005_GRCh38_1_22_v4.2.1_benchmark: rdf-scan chunk — 350,187,419 triples · 118 chunks · 63,350,779,056 bytes read
  Partitioned compression: HG005_GRCh38_1_22_v4.2.1_benchmark: hdt-chunks started — 117 chunks · hdt-build-00117
  Partitioned compression: HG005_GRCh38_1_22_v4.2.1_benchmark: hdt-chunks complete — 118 chunks · hdt-build-00117
  Partitioned compression: HG005_GRCh38_1_22_v4.2.1_benchmark: cottas-chunks started — 117 chunks · cottas-build-00117
  Partitioned compression: HG005_GRCh38_1_22_v4.2.1_benchmark: cottas-chunks complete — 118 chunks · cottas-build-00117
  Partitioned compression: HG005_GRCh38_1_22_v4.2.1_benchmark: rdf-scan heartbeat — 350,187,845 triples · 63,350,858,016 bytes read
  Partitioned compression: HG005_GRCh38_1_22_v4.2.1_benchmark: rdf-scan heartbeat — 350,545,704 triples · 63,417,966,896 bytes read
  Partitioned compression: HG005_GRCh38_1_22_v4.2.1_benchmark: rdf-scan heartbeat — 350,903,121 triples · 63,485,075,928 bytes read
  Partitioned compression: HG005_GRCh38_1_22_v4.2.1_benchmark: rdf-scan heartbeat — 351,261,156 triples · 63,552,184,869 bytes read
  Partitioned compression: HG005_GRCh38_1_22_v4.2.1_benchmark: rdf-scan heartbeat — 351,618,506 triples · 63,619,293,817 bytes read
  Partitioned compression: HG005_GRCh38_1_22_v4.2.1_benchmark: rdf-scan heartbeat — 351,976,056 triples · 63,686,402,846 bytes read
  Partitioned compression: HG005_GRCh38_1_22_v4.2.1_benchmark: rdf-scan heartbeat — 352,333,595 triples · 63,753,511,719 bytes read
  Partitioned compression: HG005_GRCh38_1_22_v4.2.1_benchmark: rdf-scan heartbeat — 352,691,133 triples · 63,820,620,590 bytes read
  Partitioned compression: HG005_GRCh38_1_22_v4.2.1_benchmark: rdf-scan chunk — 353,048,284 triples · 119 chunks · 63,887,650,080 bytes read
  Partitioned compression: HG005_GRCh38_1_22_v4.2.1_benchmark: hdt-chunks started — 118 chunks · hdt-build-00118
  Partitioned compression: HG005_GRCh38_1_22_v4.2.1_benchmark: hdt-chunks complete — 119 chunks · hdt-build-00118
  Partitioned compression: HG005_GRCh38_1_22_v4.2.1_benchmark: cottas-chunks started — 118 chunks · cottas-build-00118
  Partitioned compression: HG005_GRCh38_1_22_v4.2.1_benchmark: cottas-chunks complete — 119 chunks · cottas-build-00118
  Partitioned compression: HG005_GRCh38_1_22_v4.2.1_benchmark: rdf-scan heartbeat — 353,048,713 triples · 63,887,729,786 bytes read
  Partitioned compression: HG005_GRCh38_1_22_v4.2.1_benchmark: rdf-scan heartbeat — 353,406,553 triples · 63,954,838,825 bytes read
  Partitioned compression: HG005_GRCh38_1_22_v4.2.1_benchmark: rdf-scan heartbeat — 353,763,879 triples · 64,021,947,807 bytes read
  Partitioned compression: HG005_GRCh38_1_22_v4.2.1_benchmark: rdf-scan heartbeat — 354,121,510 triples · 64,089,056,825 bytes read
  Partitioned compression: HG005_GRCh38_1_22_v4.2.1_benchmark: rdf-scan heartbeat — 354,478,977 triples · 64,156,165,825 bytes read
  Partitioned compression: HG005_GRCh38_1_22_v4.2.1_benchmark: rdf-scan heartbeat — 354,836,612 triples · 64,223,274,800 bytes read
  Partitioned compression: HG005_GRCh38_1_22_v4.2.1_benchmark: rdf-scan heartbeat — 355,194,297 triples · 64,290,383,824 bytes read
  Partitioned compression: HG005_GRCh38_1_22_v4.2.1_benchmark: rdf-scan heartbeat — 355,551,822 triples · 64,357,492,714 bytes read
  Partitioned compression: HG005_GRCh38_1_22_v4.2.1_benchmark: rdf-scan chunk — 355,908,872 triples · 120 chunks · 64,424,521,066 bytes read
  Partitioned compression: HG005_GRCh38_1_22_v4.2.1_benchmark: hdt-chunks started — 119 chunks · hdt-build-00119
  Partitioned compression: HG005_GRCh38_1_22_v4.2.1_benchmark: hdt-chunks complete — 120 chunks · hdt-build-00119
  Partitioned compression: HG005_GRCh38_1_22_v4.2.1_benchmark: cottas-chunks started — 119 chunks · cottas-build-00119
  Partitioned compression: HG005_GRCh38_1_22_v4.2.1_benchmark: cottas-chunks complete — 120 chunks · cottas-build-00119
  Partitioned compression: HG005_GRCh38_1_22_v4.2.1_benchmark: rdf-scan heartbeat — 355,909,298 triples · 64,424,601,652 bytes read
  Partitioned compression: HG005_GRCh38_1_22_v4.2.1_benchmark: rdf-scan heartbeat — 356,266,549 triples · 64,491,710,600 bytes read
  Partitioned compression: HG005_GRCh38_1_22_v4.2.1_benchmark: rdf-scan heartbeat — 356,623,907 triples · 64,558,819,505 bytes read
  Partitioned compression: HG005_GRCh38_1_22_v4.2.1_benchmark: rdf-scan heartbeat — 356,981,435 triples · 64,625,928,528 bytes read
  Partitioned compression: HG005_GRCh38_1_22_v4.2.1_benchmark: rdf-scan heartbeat — 357,339,161 triples · 64,693,037,435 bytes read
  Partitioned compression: HG005_GRCh38_1_22_v4.2.1_benchmark: rdf-scan heartbeat — 357,696,474 triples · 64,760,146,590 bytes read
  Partitioned compression: HG005_GRCh38_1_22_v4.2.1_benchmark: rdf-scan heartbeat — 358,053,891 triples · 64,827,255,498 bytes read
  Partitioned compression: HG005_GRCh38_1_22_v4.2.1_benchmark: rdf-scan heartbeat — 358,411,204 triples · 64,894,364,520 bytes read
  Partitioned compression: HG005_GRCh38_1_22_v4.2.1_benchmark: rdf-scan chunk — 358,768,173 triples · 121 chunks · 64,961,391,987 bytes read
  Partitioned compression: HG005_GRCh38_1_22_v4.2.1_benchmark: hdt-chunks started — 120 chunks · hdt-build-00120
  Partitioned compression: HG005_GRCh38_1_22_v4.2.1_benchmark: hdt-chunks complete — 121 chunks · hdt-build-00120
  Partitioned compression: HG005_GRCh38_1_22_v4.2.1_benchmark: cottas-chunks started — 120 chunks · cottas-build-00120
  Partitioned compression: HG005_GRCh38_1_22_v4.2.1_benchmark: cottas-chunks complete — 121 chunks · cottas-build-00120
  Partitioned compression: HG005_GRCh38_1_22_v4.2.1_benchmark: rdf-scan heartbeat — 358,768,606 triples · 64,961,473,975 bytes read
  Partitioned compression: HG005_GRCh38_1_22_v4.2.1_benchmark: rdf-scan heartbeat — 359,126,288 triples · 65,028,582,899 bytes read
  Partitioned compression: HG005_GRCh38_1_22_v4.2.1_benchmark: rdf-scan heartbeat — 359,483,809 triples · 65,095,691,777 bytes read
  Partitioned compression: HG005_GRCh38_1_22_v4.2.1_benchmark: rdf-scan heartbeat — 359,841,342 triples · 65,162,800,642 bytes read
  Partitioned compression: HG005_GRCh38_1_22_v4.2.1_benchmark: rdf-scan heartbeat — 360,198,796 triples · 65,229,909,655 bytes read
  Partitioned compression: HG005_GRCh38_1_22_v4.2.1_benchmark: rdf-scan heartbeat — 360,556,211 triples · 65,297,018,661 bytes read
  Partitioned compression: HG005_GRCh38_1_22_v4.2.1_benchmark: rdf-scan heartbeat — 360,913,992 triples · 65,364,127,696 bytes read
  Partitioned compression: HG005_GRCh38_1_22_v4.2.1_benchmark: rdf-scan heartbeat — 361,271,844 triples · 65,431,236,668 bytes read
  Partitioned compression: HG005_GRCh38_1_22_v4.2.1_benchmark: rdf-scan chunk — 361,628,919 triples · 122 chunks · 65,498,263,076 bytes read
  Partitioned compression: HG005_GRCh38_1_22_v4.2.1_benchmark: hdt-chunks started — 121 chunks · hdt-build-00121
  Partitioned compression: HG005_GRCh38_1_22_v4.2.1_benchmark: hdt-chunks complete — 122 chunks · hdt-build-00121
  Partitioned compression: HG005_GRCh38_1_22_v4.2.1_benchmark: cottas-chunks started — 121 chunks · cottas-build-00121
  Partitioned compression: HG005_GRCh38_1_22_v4.2.1_benchmark: cottas-chunks complete — 122 chunks · cottas-build-00121
  Partitioned compression: HG005_GRCh38_1_22_v4.2.1_benchmark: rdf-scan heartbeat — 361,629,365 triples · 65,498,345,638 bytes read
  Partitioned compression: HG005_GRCh38_1_22_v4.2.1_benchmark: rdf-scan heartbeat — 361,987,208 triples · 65,565,454,568 bytes read
  Partitioned compression: HG005_GRCh38_1_22_v4.2.1_benchmark: rdf-scan heartbeat — 362,344,911 triples · 65,632,563,583 bytes read
  Partitioned compression: HG005_GRCh38_1_22_v4.2.1_benchmark: rdf-scan heartbeat — 362,702,314 triples · 65,699,672,609 bytes read
  Partitioned compression: HG005_GRCh38_1_22_v4.2.1_benchmark: rdf-scan heartbeat — 363,059,941 triples · 65,766,781,523 bytes read
  Partitioned compression: HG005_GRCh38_1_22_v4.2.1_benchmark: rdf-scan heartbeat — 363,417,668 triples · 65,833,890,463 bytes read
  Partitioned compression: HG005_GRCh38_1_22_v4.2.1_benchmark: rdf-scan heartbeat — 363,775,281 triples · 65,900,999,489 bytes read
  Partitioned compression: HG005_GRCh38_1_22_v4.2.1_benchmark: rdf-scan heartbeat — 364,133,030 triples · 65,968,108,432 bytes read
  Partitioned compression: HG005_GRCh38_1_22_v4.2.1_benchmark: rdf-scan chunk — 364,490,290 triples · 123 chunks · 66,035,134,063 bytes read
  Partitioned compression: HG005_GRCh38_1_22_v4.2.1_benchmark: hdt-chunks started — 122 chunks · hdt-build-00122
  Partitioned compression: HG005_GRCh38_1_22_v4.2.1_benchmark: hdt-chunks complete — 123 chunks · hdt-build-00122
  Partitioned compression: HG005_GRCh38_1_22_v4.2.1_benchmark: cottas-chunks started — 122 chunks · cottas-build-00122
  Partitioned compression: HG005_GRCh38_1_22_v4.2.1_benchmark: cottas-chunks complete — 123 chunks · cottas-build-00122
  Partitioned compression: HG005_GRCh38_1_22_v4.2.1_benchmark: rdf-scan heartbeat — 364,490,733 triples · 66,035,217,457 bytes read
  Partitioned compression: HG005_GRCh38_1_22_v4.2.1_benchmark: rdf-scan heartbeat — 364,848,238 triples · 66,102,326,494 bytes read
  Partitioned compression: HG005_GRCh38_1_22_v4.2.1_benchmark: rdf-scan heartbeat — 365,205,653 triples · 66,169,435,377 bytes read
  Partitioned compression: HG005_GRCh38_1_22_v4.2.1_benchmark: rdf-scan heartbeat — 365,563,122 triples · 66,236,544,289 bytes read
  Partitioned compression: HG005_GRCh38_1_22_v4.2.1_benchmark: rdf-scan heartbeat — 365,920,632 triples · 66,303,653,242 bytes read
  Partitioned compression: HG005_GRCh38_1_22_v4.2.1_benchmark: rdf-scan heartbeat — 366,278,118 triples · 66,370,762,183 bytes read
  Partitioned compression: HG005_GRCh38_1_22_v4.2.1_benchmark: rdf-scan heartbeat — 366,635,793 triples · 66,437,871,089 bytes read
  Partitioned compression: HG005_GRCh38_1_22_v4.2.1_benchmark: rdf-scan heartbeat — 366,993,481 triples · 66,504,980,025 bytes read
  Partitioned compression: HG005_GRCh38_1_22_v4.2.1_benchmark: rdf-scan chunk — 367,350,546 triples · 124 chunks · 66,572,005,048 bytes read
  Partitioned compression: HG005_GRCh38_1_22_v4.2.1_benchmark: hdt-chunks started — 123 chunks · hdt-build-00123
  Partitioned compression: HG005_GRCh38_1_22_v4.2.1_benchmark: hdt-chunks complete — 124 chunks · hdt-build-00123
  Partitioned compression: HG005_GRCh38_1_22_v4.2.1_benchmark: cottas-chunks started — 123 chunks · cottas-build-00123
  Partitioned compression: HG005_GRCh38_1_22_v4.2.1_benchmark: cottas-chunks complete — 124 chunks · cottas-build-00123
  Partitioned compression: HG005_GRCh38_1_22_v4.2.1_benchmark: rdf-scan heartbeat — 367,350,994 triples · 66,572,089,464 bytes read
  Partitioned compression: HG005_GRCh38_1_22_v4.2.1_benchmark: rdf-scan heartbeat — 367,708,440 triples · 66,639,198,444 bytes read
  Partitioned compression: HG005_GRCh38_1_22_v4.2.1_benchmark: rdf-scan heartbeat — 368,066,083 triples · 66,706,307,377 bytes read
  Partitioned compression: HG005_GRCh38_1_22_v4.2.1_benchmark: rdf-scan heartbeat — 368,423,632 triples · 66,773,416,493 bytes read
  Partitioned compression: HG005_GRCh38_1_22_v4.2.1_benchmark: rdf-scan heartbeat — 368,781,238 triples · 66,840,525,415 bytes read
  Partitioned compression: HG005_GRCh38_1_22_v4.2.1_benchmark: rdf-scan heartbeat — 369,138,662 triples · 66,907,634,388 bytes read
  Partitioned compression: HG005_GRCh38_1_22_v4.2.1_benchmark: rdf-scan heartbeat — 369,496,241 triples · 66,974,743,358 bytes read
  Partitioned compression: HG005_GRCh38_1_22_v4.2.1_benchmark: rdf-scan heartbeat — 369,854,218 triples · 67,041,852,246 bytes read
  Partitioned compression: HG005_GRCh38_1_22_v4.2.1_benchmark: rdf-scan chunk — 370,211,059 triples · 125 chunks · 67,108,875,990 bytes read
  Partitioned compression: HG005_GRCh38_1_22_v4.2.1_benchmark: hdt-chunks started — 124 chunks · hdt-build-00124
  Partitioned compression: HG005_GRCh38_1_22_v4.2.1_benchmark: hdt-chunks complete — 125 chunks · hdt-build-00124
  Partitioned compression: HG005_GRCh38_1_22_v4.2.1_benchmark: cottas-chunks started — 124 chunks · cottas-build-00124
  Partitioned compression: HG005_GRCh38_1_22_v4.2.1_benchmark: cottas-chunks complete — 125 chunks · cottas-build-00124
  Partitioned compression: HG005_GRCh38_1_22_v4.2.1_benchmark: rdf-scan heartbeat — 370,211,512 triples · 67,108,961,266 bytes read
  Partitioned compression: HG005_GRCh38_1_22_v4.2.1_benchmark: rdf-scan heartbeat — 370,569,004 triples · 67,176,070,163 bytes read
  Partitioned compression: HG005_GRCh38_1_22_v4.2.1_benchmark: rdf-scan heartbeat — 370,926,461 triples · 67,243,179,172 bytes read
  Partitioned compression: HG005_GRCh38_1_22_v4.2.1_benchmark: rdf-scan heartbeat — 371,283,811 triples · 67,310,288,161 bytes read
  Partitioned compression: HG005_GRCh38_1_22_v4.2.1_benchmark: rdf-scan heartbeat — 371,641,306 triples · 67,377,397,124 bytes read
  Partitioned compression: HG005_GRCh38_1_22_v4.2.1_benchmark: rdf-scan heartbeat — 371,998,850 triples · 67,444,506,089 bytes read
  Partitioned compression: HG005_GRCh38_1_22_v4.2.1_benchmark: rdf-scan heartbeat — 372,376,157 triples · 67,511,614,975 bytes read
  Partitioned compression: HG005_GRCh38_1_22_v4.2.1_benchmark: rdf-scan heartbeat — 372,768,139 triples · 67,578,723,932 bytes read
  Partitioned compression: HG005_GRCh38_1_22_v4.2.1_benchmark: rdf-scan chunk — 373,124,986 triples · 126 chunks · 67,645,746,954 bytes read
  Partitioned compression: HG005_GRCh38_1_22_v4.2.1_benchmark: hdt-chunks started — 125 chunks · hdt-build-00125
  Partitioned compression: HG005_GRCh38_1_22_v4.2.1_benchmark: hdt-chunks complete — 126 chunks · hdt-build-00125
  Partitioned compression: HG005_GRCh38_1_22_v4.2.1_benchmark: cottas-chunks started — 125 chunks · cottas-build-00125
  Partitioned compression: HG005_GRCh38_1_22_v4.2.1_benchmark: cottas-chunks complete — 126 chunks · cottas-build-00125
  Partitioned compression: HG005_GRCh38_1_22_v4.2.1_benchmark: rdf-scan heartbeat — 373,125,443 triples · 67,645,833,117 bytes read
  Partitioned compression: HG005_GRCh38_1_22_v4.2.1_benchmark: rdf-scan heartbeat — 373,482,996 triples · 67,712,942,104 bytes read
  Partitioned compression: HG005_GRCh38_1_22_v4.2.1_benchmark: rdf-scan heartbeat — 373,840,517 triples · 67,780,051,095 bytes read
  Partitioned compression: HG005_GRCh38_1_22_v4.2.1_benchmark: rdf-scan heartbeat — 374,198,058 triples · 67,847,160,125 bytes read
  Partitioned compression: HG005_GRCh38_1_22_v4.2.1_benchmark: rdf-scan heartbeat — 374,555,830 triples · 67,914,269,031 bytes read
  Partitioned compression: HG005_GRCh38_1_22_v4.2.1_benchmark: rdf-scan heartbeat — 374,913,559 triples · 67,981,378,049 bytes read
  Partitioned compression: HG005_GRCh38_1_22_v4.2.1_benchmark: rdf-scan heartbeat — 375,271,161 triples · 68,048,487,039 bytes read
  Partitioned compression: HG005_GRCh38_1_22_v4.2.1_benchmark: rdf-scan heartbeat — 375,628,900 triples · 68,115,596,016 bytes read
  Partitioned compression: HG005_GRCh38_1_22_v4.2.1_benchmark: rdf-scan chunk — 375,986,134 triples · 127 chunks · 68,182,617,919 bytes read
  Partitioned compression: HG005_GRCh38_1_22_v4.2.1_benchmark: hdt-chunks started — 126 chunks · hdt-build-00126
  Partitioned compression: HG005_GRCh38_1_22_v4.2.1_benchmark: hdt-chunks complete — 127 chunks · hdt-build-00126
  Partitioned compression: HG005_GRCh38_1_22_v4.2.1_benchmark: cottas-chunks started — 126 chunks · cottas-build-00126
  Partitioned compression: HG005_GRCh38_1_22_v4.2.1_benchmark: cottas-chunks complete — 127 chunks · cottas-build-00126
  Partitioned compression: HG005_GRCh38_1_22_v4.2.1_benchmark: rdf-scan heartbeat — 375,986,596 triples · 68,182,704,943 bytes read
  Partitioned compression: HG005_GRCh38_1_22_v4.2.1_benchmark: rdf-scan heartbeat — 376,344,269 triples · 68,249,813,882 bytes read
  Partitioned compression: HG005_GRCh38_1_22_v4.2.1_benchmark: rdf-scan heartbeat — 376,702,111 triples · 68,316,922,815 bytes read
  Partitioned compression: HG005_GRCh38_1_22_v4.2.1_benchmark: rdf-scan heartbeat — 377,059,676 triples · 68,384,031,691 bytes read
  Partitioned compression: HG005_GRCh38_1_22_v4.2.1_benchmark: rdf-scan heartbeat — 377,417,294 triples · 68,451,140,712 bytes read
  Partitioned compression: HG005_GRCh38_1_22_v4.2.1_benchmark: rdf-scan heartbeat — 377,774,842 triples · 68,518,249,748 bytes read
  Partitioned compression: HG005_GRCh38_1_22_v4.2.1_benchmark: rdf-scan heartbeat — 378,132,501 triples · 68,585,358,738 bytes read
  Partitioned compression: HG005_GRCh38_1_22_v4.2.1_benchmark: rdf-scan heartbeat — 378,490,067 triples · 68,652,467,626 bytes read
  Partitioned compression: HG005_GRCh38_1_22_v4.2.1_benchmark: rdf-scan chunk — 378,847,216 triples · 128 chunks · 68,719,488,992 bytes read
  Partitioned compression: HG005_GRCh38_1_22_v4.2.1_benchmark: hdt-chunks started — 127 chunks · hdt-build-00127
  Partitioned compression: HG005_GRCh38_1_22_v4.2.1_benchmark: hdt-chunks complete — 128 chunks · hdt-build-00127
  Partitioned compression: HG005_GRCh38_1_22_v4.2.1_benchmark: cottas-chunks started — 127 chunks · cottas-build-00127
  Partitioned compression: HG005_GRCh38_1_22_v4.2.1_benchmark: cottas-chunks complete — 128 chunks · cottas-build-00127
  Partitioned compression: HG005_GRCh38_1_22_v4.2.1_benchmark: rdf-scan heartbeat — 378,847,682 triples · 68,719,576,536 bytes read
  Partitioned compression: HG005_GRCh38_1_22_v4.2.1_benchmark: rdf-scan heartbeat — 379,205,317 triples · 68,786,685,491 bytes read
  Partitioned compression: HG005_GRCh38_1_22_v4.2.1_benchmark: rdf-scan heartbeat — 379,562,988 triples · 68,853,794,419 bytes read
  Partitioned compression: HG005_GRCh38_1_22_v4.2.1_benchmark: rdf-scan heartbeat — 379,920,449 triples · 68,920,903,627 bytes read
  Partitioned compression: HG005_GRCh38_1_22_v4.2.1_benchmark: rdf-scan heartbeat — 380,278,021 triples · 68,988,012,563 bytes read
  Partitioned compression: HG005_GRCh38_1_22_v4.2.1_benchmark: rdf-scan heartbeat — 380,635,359 triples · 69,055,121,579 bytes read
  Partitioned compression: HG005_GRCh38_1_22_v4.2.1_benchmark: rdf-scan heartbeat — 380,992,716 triples · 69,122,230,456 bytes read
  Partitioned compression: HG005_GRCh38_1_22_v4.2.1_benchmark: rdf-scan heartbeat — 381,350,145 triples · 69,189,339,493 bytes read
  Partitioned compression: HG005_GRCh38_1_22_v4.2.1_benchmark: rdf-scan chunk — 381,706,955 triples · 129 chunks · 69,256,359,930 bytes read
  Partitioned compression: HG005_GRCh38_1_22_v4.2.1_benchmark: hdt-chunks started — 128 chunks · hdt-build-00128
  Partitioned compression: HG005_GRCh38_1_22_v4.2.1_benchmark: hdt-chunks complete — 129 chunks · hdt-build-00128
  Partitioned compression: HG005_GRCh38_1_22_v4.2.1_benchmark: cottas-chunks started — 128 chunks · cottas-build-00128
  Partitioned compression: HG005_GRCh38_1_22_v4.2.1_benchmark: cottas-chunks complete — 129 chunks · cottas-build-00128
  Partitioned compression: HG005_GRCh38_1_22_v4.2.1_benchmark: rdf-scan heartbeat — 381,707,427 triples · 69,256,448,374 bytes read
  Partitioned compression: HG005_GRCh38_1_22_v4.2.1_benchmark: rdf-scan heartbeat — 382,064,852 triples · 69,323,557,259 bytes read
  Partitioned compression: HG005_GRCh38_1_22_v4.2.1_benchmark: rdf-scan heartbeat — 382,422,237 triples · 69,390,666,204 bytes read
  Partitioned compression: HG005_GRCh38_1_22_v4.2.1_benchmark: rdf-scan heartbeat — 382,779,777 triples · 69,457,775,152 bytes read
  Partitioned compression: HG005_GRCh38_1_22_v4.2.1_benchmark: rdf-scan heartbeat — 383,137,716 triples · 69,524,884,161 bytes read
  Partitioned compression: HG005_GRCh38_1_22_v4.2.1_benchmark: rdf-scan heartbeat — 383,495,620 triples · 69,591,993,119 bytes read
  Partitioned compression: HG005_GRCh38_1_22_v4.2.1_benchmark: rdf-scan heartbeat — 383,853,249 triples · 69,659,102,068 bytes read
  Partitioned compression: HG005_GRCh38_1_22_v4.2.1_benchmark: rdf-scan heartbeat — 384,210,628 triples · 69,726,211,010 bytes read
  Partitioned compression: HG005_GRCh38_1_22_v4.2.1_benchmark: rdf-scan chunk — 384,567,613 triples · 130 chunks · 69,793,230,911 bytes read
  Partitioned compression: HG005_GRCh38_1_22_v4.2.1_benchmark: hdt-chunks started — 129 chunks · hdt-build-00129
  Partitioned compression: HG005_GRCh38_1_22_v4.2.1_benchmark: hdt-chunks complete — 130 chunks · hdt-build-00129
  Partitioned compression: HG005_GRCh38_1_22_v4.2.1_benchmark: cottas-chunks started — 129 chunks · cottas-build-00129
  Partitioned compression: HG005_GRCh38_1_22_v4.2.1_benchmark: cottas-chunks complete — 130 chunks · cottas-build-00129
  Partitioned compression: HG005_GRCh38_1_22_v4.2.1_benchmark: rdf-scan heartbeat — 384,568,086 triples · 69,793,320,050 bytes read
  Partitioned compression: HG005_GRCh38_1_22_v4.2.1_benchmark: rdf-scan heartbeat — 384,925,401 triples · 69,860,429,196 bytes read
  Partitioned compression: HG005_GRCh38_1_22_v4.2.1_benchmark: rdf-scan heartbeat — 385,282,833 triples · 69,927,538,063 bytes read
  Partitioned compression: HG005_GRCh38_1_22_v4.2.1_benchmark: rdf-scan heartbeat — 385,640,172 triples · 69,994,646,957 bytes read
  Partitioned compression: HG005_GRCh38_1_22_v4.2.1_benchmark: rdf-scan heartbeat — 385,997,917 triples · 70,061,755,843 bytes read
  Partitioned compression: HG005_GRCh38_1_22_v4.2.1_benchmark: rdf-scan heartbeat — 386,355,662 triples · 70,128,864,712 bytes read
  Partitioned compression: HG005_GRCh38_1_22_v4.2.1_benchmark: rdf-scan heartbeat — 386,713,075 triples · 70,195,973,703 bytes read
  Partitioned compression: HG005_GRCh38_1_22_v4.2.1_benchmark: rdf-scan heartbeat — 387,070,409 triples · 70,263,082,695 bytes read
  Partitioned compression: HG005_GRCh38_1_22_v4.2.1_benchmark: rdf-scan chunk — 387,427,267 triples · 131 chunks · 70,330,102,015 bytes read
  Partitioned compression: HG005_GRCh38_1_22_v4.2.1_benchmark: hdt-chunks started — 130 chunks · hdt-build-00130
  Partitioned compression: HG005_GRCh38_1_22_v4.2.1_benchmark: hdt-chunks complete — 131 chunks · hdt-build-00130
  Partitioned compression: HG005_GRCh38_1_22_v4.2.1_benchmark: cottas-chunks started — 130 chunks · cottas-build-00130
  Partitioned compression: HG005_GRCh38_1_22_v4.2.1_benchmark: cottas-chunks complete — 131 chunks · cottas-build-00130
  Partitioned compression: HG005_GRCh38_1_22_v4.2.1_benchmark: rdf-scan heartbeat — 387,427,745 triples · 70,330,191,686 bytes read
  Partitioned compression: HG005_GRCh38_1_22_v4.2.1_benchmark: rdf-scan heartbeat — 387,785,311 triples · 70,397,300,660 bytes read
  Partitioned compression: HG005_GRCh38_1_22_v4.2.1_benchmark: rdf-scan heartbeat — 388,144,905 triples · 70,464,409,639 bytes read
  Partitioned compression: HG005_GRCh38_1_22_v4.2.1_benchmark: rdf-scan heartbeat — 388,503,343 triples · 70,531,518,574 bytes read
  Partitioned compression: HG005_GRCh38_1_22_v4.2.1_benchmark: rdf-scan heartbeat — 388,861,517 triples · 70,598,627,465 bytes read
  Partitioned compression: HG005_GRCh38_1_22_v4.2.1_benchmark: rdf-scan heartbeat — 389,219,118 triples · 70,665,736,641 bytes read
  Partitioned compression: HG005_GRCh38_1_22_v4.2.1_benchmark: rdf-scan heartbeat — 389,576,723 triples · 70,732,845,602 bytes read
  Partitioned compression: HG005_GRCh38_1_22_v4.2.1_benchmark: rdf-scan heartbeat — 389,934,444 triples · 70,799,954,503 bytes read
  Partitioned compression: HG005_GRCh38_1_22_v4.2.1_benchmark: rdf-scan chunk — 390,291,817 triples · 132 chunks · 70,866,973,102 bytes read
  Partitioned compression: HG005_GRCh38_1_22_v4.2.1_benchmark: hdt-chunks started — 131 chunks · hdt-build-00131
  Partitioned compression: HG005_GRCh38_1_22_v4.2.1_benchmark: hdt-chunks complete — 132 chunks · hdt-build-00131
  Partitioned compression: HG005_GRCh38_1_22_v4.2.1_benchmark: cottas-chunks started — 131 chunks · cottas-build-00131
  Partitioned compression: HG005_GRCh38_1_22_v4.2.1_benchmark: cottas-chunks complete — 132 chunks · cottas-build-00131
  Partitioned compression: HG005_GRCh38_1_22_v4.2.1_benchmark: rdf-scan heartbeat — 390,292,299 triples · 70,867,063,504 bytes read
  Partitioned compression: HG005_GRCh38_1_22_v4.2.1_benchmark: rdf-scan heartbeat — 390,650,434 triples · 70,934,172,445 bytes read
  Partitioned compression: HG005_GRCh38_1_22_v4.2.1_benchmark: rdf-scan heartbeat — 391,008,246 triples · 71,001,281,423 bytes read
  Partitioned compression: HG005_GRCh38_1_22_v4.2.1_benchmark: rdf-scan heartbeat — 391,365,718 triples · 71,068,390,378 bytes read
  Partitioned compression: HG005_GRCh38_1_22_v4.2.1_benchmark: rdf-scan heartbeat — 391,723,319 triples · 71,135,499,381 bytes read
  Partitioned compression: HG005_GRCh38_1_22_v4.2.1_benchmark: rdf-scan heartbeat — 392,080,856 triples · 71,202,608,339 bytes read
  Partitioned compression: HG005_GRCh38_1_22_v4.2.1_benchmark: rdf-scan heartbeat — 392,438,429 triples · 71,269,717,250 bytes read
  Partitioned compression: HG005_GRCh38_1_22_v4.2.1_benchmark: rdf-scan heartbeat — 392,796,243 triples · 71,336,826,191 bytes read
  Partitioned compression: HG005_GRCh38_1_22_v4.2.1_benchmark: rdf-scan chunk — 393,153,274 triples · 133 chunks · 71,403,844,039 bytes read
  Partitioned compression: HG005_GRCh38_1_22_v4.2.1_benchmark: hdt-chunks started — 132 chunks · hdt-build-00132
  Partitioned compression: HG005_GRCh38_1_22_v4.2.1_benchmark: hdt-chunks complete — 133 chunks · hdt-build-00132
  Partitioned compression: HG005_GRCh38_1_22_v4.2.1_benchmark: cottas-chunks started — 132 chunks · cottas-build-00132
  Partitioned compression: HG005_GRCh38_1_22_v4.2.1_benchmark: cottas-chunks complete — 133 chunks · cottas-build-00132
  Partitioned compression: HG005_GRCh38_1_22_v4.2.1_benchmark: rdf-scan heartbeat — 393,153,762 triples · 71,403,935,226 bytes read
  Partitioned compression: HG005_GRCh38_1_22_v4.2.1_benchmark: rdf-scan heartbeat — 393,511,757 triples · 71,471,044,175 bytes read
  Partitioned compression: HG005_GRCh38_1_22_v4.2.1_benchmark: rdf-scan heartbeat — 393,869,474 triples · 71,538,153,232 bytes read
  Partitioned compression: HG005_GRCh38_1_22_v4.2.1_benchmark: rdf-scan heartbeat — 394,227,370 triples · 71,605,262,220 bytes read
  Partitioned compression: HG005_GRCh38_1_22_v4.2.1_benchmark: rdf-scan heartbeat — 394,585,088 triples · 71,672,371,132 bytes read
  Partitioned compression: HG005_GRCh38_1_22_v4.2.1_benchmark: rdf-scan heartbeat — 394,942,967 triples · 71,739,480,502 bytes read
  Partitioned compression: HG005_GRCh38_1_22_v4.2.1_benchmark: rdf-scan heartbeat — 395,300,722 triples · 71,806,589,544 bytes read
  Partitioned compression: HG005_GRCh38_1_22_v4.2.1_benchmark: rdf-scan heartbeat — 395,657,698 triples · 71,873,698,498 bytes read
  Partitioned compression: HG005_GRCh38_1_22_v4.2.1_benchmark: rdf-scan chunk — 396,014,307 triples · 134 chunks · 71,940,715,054 bytes read
  Partitioned compression: HG005_GRCh38_1_22_v4.2.1_benchmark: hdt-chunks started — 133 chunks · hdt-build-00133
  Partitioned compression: HG005_GRCh38_1_22_v4.2.1_benchmark: hdt-chunks complete — 134 chunks · hdt-build-00133
  Partitioned compression: HG005_GRCh38_1_22_v4.2.1_benchmark: cottas-chunks started — 133 chunks · cottas-build-00133
  Partitioned compression: HG005_GRCh38_1_22_v4.2.1_benchmark: cottas-chunks complete — 134 chunks · cottas-build-00133
  Partitioned compression: HG005_GRCh38_1_22_v4.2.1_benchmark: rdf-scan heartbeat — 396,014,802 triples · 71,940,807,497 bytes read
  Partitioned compression: HG005_GRCh38_1_22_v4.2.1_benchmark: rdf-scan heartbeat — 396,372,716 triples · 72,007,916,451 bytes read
  Partitioned compression: HG005_GRCh38_1_22_v4.2.1_benchmark: rdf-scan heartbeat — 396,730,410 triples · 72,075,025,454 bytes read
  Partitioned compression: HG005_GRCh38_1_22_v4.2.1_benchmark: rdf-scan heartbeat — 397,087,588 triples · 72,142,134,339 bytes read
  Partitioned compression: HG005_GRCh38_1_22_v4.2.1_benchmark: rdf-scan heartbeat — 397,444,731 triples · 72,209,243,369 bytes read
  Partitioned compression: HG005_GRCh38_1_22_v4.2.1_benchmark: rdf-scan heartbeat — 397,802,035 triples · 72,276,352,432 bytes read
  Partitioned compression: HG005_GRCh38_1_22_v4.2.1_benchmark: rdf-scan heartbeat — 398,159,470 triples · 72,343,461,316 bytes read
  Partitioned compression: HG005_GRCh38_1_22_v4.2.1_benchmark: rdf-scan heartbeat — 398,516,982 triples · 72,410,570,321 bytes read
  Partitioned compression: HG005_GRCh38_1_22_v4.2.1_benchmark: rdf-scan chunk — 398,874,017 triples · 135 chunks · 72,477,586,168 bytes read
  Partitioned compression: HG005_GRCh38_1_22_v4.2.1_benchmark: hdt-chunks started — 134 chunks · hdt-build-00134
  Partitioned compression: HG005_GRCh38_1_22_v4.2.1_benchmark: hdt-chunks complete — 135 chunks · hdt-build-00134
  Partitioned compression: HG005_GRCh38_1_22_v4.2.1_benchmark: cottas-chunks started — 134 chunks · cottas-build-00134
  Partitioned compression: HG005_GRCh38_1_22_v4.2.1_benchmark: cottas-chunks complete — 135 chunks · cottas-build-00134
  Partitioned compression: HG005_GRCh38_1_22_v4.2.1_benchmark: rdf-scan heartbeat — 398,874,511 triples · 72,477,679,253 bytes read
  Partitioned compression: HG005_GRCh38_1_22_v4.2.1_benchmark: rdf-scan heartbeat — 399,232,438 triples · 72,544,788,293 bytes read
  Partitioned compression: HG005_GRCh38_1_22_v4.2.1_benchmark: rdf-scan heartbeat — 399,589,936 triples · 72,611,897,276 bytes read
  Partitioned compression: HG005_GRCh38_1_22_v4.2.1_benchmark: rdf-scan heartbeat — 399,947,369 triples · 72,679,006,297 bytes read
  Partitioned compression: HG005_GRCh38_1_22_v4.2.1_benchmark: rdf-scan heartbeat — 400,304,705 triples · 72,746,115,296 bytes read
  Partitioned compression: HG005_GRCh38_1_22_v4.2.1_benchmark: rdf-scan heartbeat — 400,662,256 triples · 72,813,224,249 bytes read
  Partitioned compression: HG005_GRCh38_1_22_v4.2.1_benchmark: rdf-scan heartbeat — 401,019,846 triples · 72,880,333,212 bytes read
  Partitioned compression: HG005_GRCh38_1_22_v4.2.1_benchmark: rdf-scan heartbeat — 401,377,527 triples · 72,947,442,239 bytes read
  Partitioned compression: HG005_GRCh38_1_22_v4.2.1_benchmark: rdf-scan chunk — 401,734,590 triples · 136 chunks · 73,014,457,144 bytes read
  Partitioned compression: HG005_GRCh38_1_22_v4.2.1_benchmark: hdt-chunks started — 135 chunks · hdt-build-00135
  Partitioned compression: HG005_GRCh38_1_22_v4.2.1_benchmark: hdt-chunks complete — 136 chunks · hdt-build-00135
  Partitioned compression: HG005_GRCh38_1_22_v4.2.1_benchmark: cottas-chunks started — 135 chunks · cottas-build-00135
  Partitioned compression: HG005_GRCh38_1_22_v4.2.1_benchmark: cottas-chunks complete — 136 chunks · cottas-build-00135
  Partitioned compression: HG005_GRCh38_1_22_v4.2.1_benchmark: rdf-scan heartbeat — 401,735,091 triples · 73,014,551,198 bytes read
  Partitioned compression: HG005_GRCh38_1_22_v4.2.1_benchmark: rdf-scan heartbeat — 402,092,684 triples · 73,081,660,219 bytes read
  Partitioned compression: HG005_GRCh38_1_22_v4.2.1_benchmark: rdf-scan heartbeat — 402,450,250 triples · 73,148,769,222 bytes read
  Partitioned compression: HG005_GRCh38_1_22_v4.2.1_benchmark: rdf-scan heartbeat — 402,807,879 triples · 73,215,878,127 bytes read
  Partitioned compression: HG005_GRCh38_1_22_v4.2.1_benchmark: rdf-scan heartbeat — 403,165,378 triples · 73,282,987,048 bytes read
  Partitioned compression: HG005_GRCh38_1_22_v4.2.1_benchmark: rdf-scan heartbeat — 403,522,923 triples · 73,350,095,961 bytes read
  Partitioned compression: HG005_GRCh38_1_22_v4.2.1_benchmark: rdf-scan heartbeat — 403,880,395 triples · 73,417,204,992 bytes read
  Partitioned compression: HG005_GRCh38_1_22_v4.2.1_benchmark: rdf-scan heartbeat — 404,237,889 triples · 73,484,313,893 bytes read
  Partitioned compression: HG005_GRCh38_1_22_v4.2.1_benchmark: rdf-scan chunk — 404,594,845 triples · 137 chunks · 73,551,328,233 bytes read
  Partitioned compression: HG005_GRCh38_1_22_v4.2.1_benchmark: hdt-chunks started — 136 chunks · hdt-build-00136
  Partitioned compression: HG005_GRCh38_1_22_v4.2.1_benchmark: hdt-chunks complete — 137 chunks · hdt-build-00136
  Partitioned compression: HG005_GRCh38_1_22_v4.2.1_benchmark: cottas-chunks started — 136 chunks · cottas-build-00136
  Partitioned compression: HG005_GRCh38_1_22_v4.2.1_benchmark: cottas-chunks complete — 137 chunks · cottas-build-00136
  Partitioned compression: HG005_GRCh38_1_22_v4.2.1_benchmark: rdf-scan heartbeat — 404,595,347 triples · 73,551,422,852 bytes read
  Partitioned compression: HG005_GRCh38_1_22_v4.2.1_benchmark: rdf-scan heartbeat — 404,952,687 triples · 73,618,531,784 bytes read
  Partitioned compression: HG005_GRCh38_1_22_v4.2.1_benchmark: rdf-scan heartbeat — 405,309,994 triples · 73,685,640,756 bytes read
  Partitioned compression: HG005_GRCh38_1_22_v4.2.1_benchmark: rdf-scan heartbeat — 405,667,577 triples · 73,752,749,810 bytes read
  Partitioned compression: HG005_GRCh38_1_22_v4.2.1_benchmark: rdf-scan heartbeat — 406,025,604 triples · 73,819,858,695 bytes read
  Partitioned compression: HG005_GRCh38_1_22_v4.2.1_benchmark: rdf-scan heartbeat — 406,382,805 triples · 73,886,967,642 bytes read
  Partitioned compression: HG005_GRCh38_1_22_v4.2.1_benchmark: rdf-scan heartbeat — 406,740,251 triples · 73,954,076,605 bytes read
  Partitioned compression: HG005_GRCh38_1_22_v4.2.1_benchmark: rdf-scan heartbeat — 407,097,487 triples · 74,021,185,578 bytes read
  Partitioned compression: HG005_GRCh38_1_22_v4.2.1_benchmark: rdf-scan chunk — 407,454,433 triples · 138 chunks · 74,088,199,151 bytes read
  Partitioned compression: HG005_GRCh38_1_22_v4.2.1_benchmark: hdt-chunks started — 137 chunks · hdt-build-00137
  Partitioned compression: HG005_GRCh38_1_22_v4.2.1_benchmark: hdt-chunks complete — 138 chunks · hdt-build-00137
  Partitioned compression: HG005_GRCh38_1_22_v4.2.1_benchmark: cottas-chunks started — 137 chunks · cottas-build-00137
  Partitioned compression: HG005_GRCh38_1_22_v4.2.1_benchmark: cottas-chunks complete — 138 chunks · cottas-build-00137
  Partitioned compression: HG005_GRCh38_1_22_v4.2.1_benchmark: rdf-scan heartbeat — 407,454,938 triples · 74,088,294,470 bytes read
  Partitioned compression: HG005_GRCh38_1_22_v4.2.1_benchmark: rdf-scan heartbeat — 407,812,459 triples · 74,155,403,454 bytes read
  Partitioned compression: HG005_GRCh38_1_22_v4.2.1_benchmark: rdf-scan heartbeat — 408,169,938 triples · 74,222,512,420 bytes read
  Partitioned compression: HG005_GRCh38_1_22_v4.2.1_benchmark: rdf-scan heartbeat — 408,527,349 triples · 74,289,621,422 bytes read
  Partitioned compression: HG005_GRCh38_1_22_v4.2.1_benchmark: rdf-scan heartbeat — 408,884,906 triples · 74,356,730,413 bytes read
  Partitioned compression: HG005_GRCh38_1_22_v4.2.1_benchmark: rdf-scan heartbeat — 409,242,722 triples · 74,423,839,381 bytes read
  Partitioned compression: HG005_GRCh38_1_22_v4.2.1_benchmark: rdf-scan heartbeat — 409,600,602 triples · 74,490,948,345 bytes read
  Partitioned compression: HG005_GRCh38_1_22_v4.2.1_benchmark: rdf-scan heartbeat — 409,958,853 triples · 74,558,057,233 bytes read
  Partitioned compression: HG005_GRCh38_1_22_v4.2.1_benchmark: rdf-scan chunk — 410,315,899 triples · 139 chunks · 74,625,070,081 bytes read
  Partitioned compression: HG005_GRCh38_1_22_v4.2.1_benchmark: hdt-chunks started — 138 chunks · hdt-build-00138
  Partitioned compression: HG005_GRCh38_1_22_v4.2.1_benchmark: hdt-chunks complete — 139 chunks · hdt-build-00138
  Partitioned compression: HG005_GRCh38_1_22_v4.2.1_benchmark: cottas-chunks started — 138 chunks · cottas-build-00138
  Partitioned compression: HG005_GRCh38_1_22_v4.2.1_benchmark: cottas-chunks complete — 139 chunks · cottas-build-00138
  Partitioned compression: HG005_GRCh38_1_22_v4.2.1_benchmark: rdf-scan heartbeat — 410,316,408 triples · 74,625,166,161 bytes read
  Partitioned compression: HG005_GRCh38_1_22_v4.2.1_benchmark: rdf-scan heartbeat — 410,674,104 triples · 74,692,275,075 bytes read
  Partitioned compression: HG005_GRCh38_1_22_v4.2.1_benchmark: rdf-scan heartbeat — 411,031,691 triples · 74,759,384,021 bytes read
  Partitioned compression: HG005_GRCh38_1_22_v4.2.1_benchmark: rdf-scan heartbeat — 411,389,278 triples · 74,826,492,961 bytes read
  Partitioned compression: HG005_GRCh38_1_22_v4.2.1_benchmark: rdf-scan heartbeat — 411,747,119 triples · 74,893,601,827 bytes read
  Partitioned compression: HG005_GRCh38_1_22_v4.2.1_benchmark: rdf-scan heartbeat — 412,104,606 triples · 74,960,710,735 bytes read
  Partitioned compression: HG005_GRCh38_1_22_v4.2.1_benchmark: rdf-scan heartbeat — 412,462,483 triples · 75,027,819,626 bytes read
  Partitioned compression: HG005_GRCh38_1_22_v4.2.1_benchmark: rdf-scan heartbeat — 412,819,865 triples · 75,094,928,579 bytes read
  Partitioned compression: HG005_GRCh38_1_22_v4.2.1_benchmark: rdf-scan chunk — 413,176,798 triples · 140 chunks · 75,161,941,097 bytes read
  Partitioned compression: HG005_GRCh38_1_22_v4.2.1_benchmark: hdt-chunks started — 139 chunks · hdt-build-00139
  Partitioned compression: HG005_GRCh38_1_22_v4.2.1_benchmark: hdt-chunks complete — 140 chunks · hdt-build-00139
  Partitioned compression: HG005_GRCh38_1_22_v4.2.1_benchmark: cottas-chunks started — 139 chunks · cottas-build-00139
  Partitioned compression: HG005_GRCh38_1_22_v4.2.1_benchmark: cottas-chunks complete — 140 chunks · cottas-build-00139
  Partitioned compression: HG005_GRCh38_1_22_v4.2.1_benchmark: rdf-scan heartbeat — 413,177,310 triples · 75,162,037,586 bytes read
  Partitioned compression: HG005_GRCh38_1_22_v4.2.1_benchmark: rdf-scan heartbeat — 413,534,645 triples · 75,229,146,578 bytes read
  Partitioned compression: HG005_GRCh38_1_22_v4.2.1_benchmark: rdf-scan heartbeat — 413,892,341 triples · 75,296,255,959 bytes read
  Partitioned compression: HG005_GRCh38_1_22_v4.2.1_benchmark: rdf-scan heartbeat — 414,250,371 triples · 75,363,364,943 bytes read
  Partitioned compression: HG005_GRCh38_1_22_v4.2.1_benchmark: rdf-scan heartbeat — 414,608,505 triples · 75,430,473,895 bytes read
  Partitioned compression: HG005_GRCh38_1_22_v4.2.1_benchmark: rdf-scan heartbeat — 414,966,205 triples · 75,497,582,946 bytes read
  Partitioned compression: HG005_GRCh38_1_22_v4.2.1_benchmark: rdf-scan heartbeat — 415,323,909 triples · 75,564,691,811 bytes read
  Partitioned compression: HG005_GRCh38_1_22_v4.2.1_benchmark: rdf-scan heartbeat — 415,681,410 triples · 75,631,800,847 bytes read
  Partitioned compression: HG005_GRCh38_1_22_v4.2.1_benchmark: rdf-scan chunk — 416,038,337 triples · 141 chunks · 75,698,812,162 bytes read
  Partitioned compression: HG005_GRCh38_1_22_v4.2.1_benchmark: hdt-chunks started — 140 chunks · hdt-build-00140
  Partitioned compression: HG005_GRCh38_1_22_v4.2.1_benchmark: hdt-chunks complete — 141 chunks · hdt-build-00140
  Partitioned compression: HG005_GRCh38_1_22_v4.2.1_benchmark: cottas-chunks started — 140 chunks · cottas-build-00140
  Partitioned compression: HG005_GRCh38_1_22_v4.2.1_benchmark: cottas-chunks complete — 141 chunks · cottas-build-00140
  Partitioned compression: HG005_GRCh38_1_22_v4.2.1_benchmark: rdf-scan heartbeat — 416,038,858 triples · 75,698,909,716 bytes read
  Partitioned compression: HG005_GRCh38_1_22_v4.2.1_benchmark: rdf-scan heartbeat — 416,396,374 triples · 75,766,018,615 bytes read
  Partitioned compression: HG005_GRCh38_1_22_v4.2.1_benchmark: rdf-scan heartbeat — 416,754,005 triples · 75,833,127,655 bytes read
  Partitioned compression: HG005_GRCh38_1_22_v4.2.1_benchmark: rdf-scan heartbeat — 417,111,872 triples · 75,900,236,655 bytes read
  Partitioned compression: HG005_GRCh38_1_22_v4.2.1_benchmark: rdf-scan heartbeat — 417,469,631 triples · 75,967,345,635 bytes read
  Partitioned compression: HG005_GRCh38_1_22_v4.2.1_benchmark: rdf-scan heartbeat — 417,827,558 triples · 76,034,454,616 bytes read
  Partitioned compression: HG005_GRCh38_1_22_v4.2.1_benchmark: rdf-scan heartbeat — 418,186,317 triples · 76,101,563,621 bytes read
  Partitioned compression: HG005_GRCh38_1_22_v4.2.1_benchmark: rdf-scan heartbeat — 418,544,336 triples · 76,168,672,582 bytes read
  Partitioned compression: HG005_GRCh38_1_22_v4.2.1_benchmark: rdf-scan chunk — 418,901,383 triples · 142 chunks · 76,235,683,151 bytes read
  Partitioned compression: HG005_GRCh38_1_22_v4.2.1_benchmark: hdt-chunks started — 141 chunks · hdt-build-00141
  Partitioned compression: HG005_GRCh38_1_22_v4.2.1_benchmark: hdt-chunks complete — 142 chunks · hdt-build-00141
  Partitioned compression: HG005_GRCh38_1_22_v4.2.1_benchmark: cottas-chunks started — 141 chunks · cottas-build-00141
  Partitioned compression: HG005_GRCh38_1_22_v4.2.1_benchmark: cottas-chunks complete — 142 chunks · cottas-build-00141
  Partitioned compression: HG005_GRCh38_1_22_v4.2.1_benchmark: rdf-scan heartbeat — 418,901,906 triples · 76,235,781,620 bytes read
  Partitioned compression: HG005_GRCh38_1_22_v4.2.1_benchmark: rdf-scan heartbeat — 419,259,829 triples · 76,302,890,647 bytes read
  Partitioned compression: HG005_GRCh38_1_22_v4.2.1_benchmark: rdf-scan heartbeat — 419,617,257 triples · 76,369,999,610 bytes read
  Partitioned compression: HG005_GRCh38_1_22_v4.2.1_benchmark: rdf-scan heartbeat — 419,974,772 triples · 76,437,108,604 bytes read
  Partitioned compression: HG005_GRCh38_1_22_v4.2.1_benchmark: rdf-scan heartbeat — 420,332,422 triples · 76,504,217,608 bytes read
  Partitioned compression: HG005_GRCh38_1_22_v4.2.1_benchmark: rdf-scan heartbeat — 420,689,996 triples · 76,571,326,553 bytes read
  Partitioned compression: HG005_GRCh38_1_22_v4.2.1_benchmark: rdf-scan heartbeat — 421,047,673 triples · 76,638,435,444 bytes read
  Partitioned compression: HG005_GRCh38_1_22_v4.2.1_benchmark: rdf-scan heartbeat — 421,405,092 triples · 76,705,544,881 bytes read
  Partitioned compression: HG005_GRCh38_1_22_v4.2.1_benchmark: rdf-scan chunk — 421,761,818 triples · 143 chunks · 76,772,554,159 bytes read
  Partitioned compression: HG005_GRCh38_1_22_v4.2.1_benchmark: hdt-chunks started — 142 chunks · hdt-build-00142
  Partitioned compression: HG005_GRCh38_1_22_v4.2.1_benchmark: hdt-chunks complete — 143 chunks · hdt-build-00142
  Partitioned compression: HG005_GRCh38_1_22_v4.2.1_benchmark: cottas-chunks started — 142 chunks · cottas-build-00142
  Partitioned compression: HG005_GRCh38_1_22_v4.2.1_benchmark: cottas-chunks complete — 143 chunks · cottas-build-00142
  Partitioned compression: HG005_GRCh38_1_22_v4.2.1_benchmark: rdf-scan heartbeat — 421,762,348 triples · 76,772,653,871 bytes read
  Partitioned compression: HG005_GRCh38_1_22_v4.2.1_benchmark: rdf-scan heartbeat — 422,119,975 triples · 76,839,762,900 bytes read
  Partitioned compression: HG005_GRCh38_1_22_v4.2.1_benchmark: rdf-scan heartbeat — 422,477,726 triples · 76,906,871,886 bytes read
  Partitioned compression: HG005_GRCh38_1_22_v4.2.1_benchmark: rdf-scan heartbeat — 422,835,231 triples · 76,973,980,831 bytes read
  Partitioned compression: HG005_GRCh38_1_22_v4.2.1_benchmark: rdf-scan heartbeat — 423,192,680 triples · 77,041,089,859 bytes read
  Partitioned compression: HG005_GRCh38_1_22_v4.2.1_benchmark: rdf-scan heartbeat — 423,550,183 triples · 77,108,198,849 bytes read
  Partitioned compression: HG005_GRCh38_1_22_v4.2.1_benchmark: rdf-scan heartbeat — 423,907,573 triples · 77,175,307,862 bytes read
  Partitioned compression: HG005_GRCh38_1_22_v4.2.1_benchmark: rdf-scan heartbeat — 424,264,906 triples · 77,242,416,744 bytes read
  Partitioned compression: HG005_GRCh38_1_22_v4.2.1_benchmark: rdf-scan chunk — 424,621,538 triples · 144 chunks · 77,309,425,071 bytes read
  Partitioned compression: HG005_GRCh38_1_22_v4.2.1_benchmark: hdt-chunks started — 143 chunks · hdt-build-00143
  Partitioned compression: HG005_GRCh38_1_22_v4.2.1_benchmark: hdt-chunks complete — 144 chunks · hdt-build-00143
  Partitioned compression: HG005_GRCh38_1_22_v4.2.1_benchmark: cottas-chunks started — 143 chunks · cottas-build-00143
  Partitioned compression: HG005_GRCh38_1_22_v4.2.1_benchmark: cottas-chunks complete — 144 chunks · cottas-build-00143
  Partitioned compression: HG005_GRCh38_1_22_v4.2.1_benchmark: rdf-scan heartbeat — 424,622,073 triples · 77,309,525,644 bytes read
  Partitioned compression: HG005_GRCh38_1_22_v4.2.1_benchmark: rdf-scan heartbeat — 424,979,637 triples · 77,376,634,594 bytes read
  Partitioned compression: HG005_GRCh38_1_22_v4.2.1_benchmark: rdf-scan heartbeat — 425,338,163 triples · 77,443,743,605 bytes read
  Partitioned compression: HG005_GRCh38_1_22_v4.2.1_benchmark: rdf-scan heartbeat — 425,695,852 triples · 77,510,852,531 bytes read
  Partitioned compression: HG005_GRCh38_1_22_v4.2.1_benchmark: rdf-scan heartbeat — 426,053,454 triples · 77,577,961,439 bytes read
  Partitioned compression: HG005_GRCh38_1_22_v4.2.1_benchmark: rdf-scan heartbeat — 426,410,736 triples · 77,645,070,411 bytes read
  Partitioned compression: HG005_GRCh38_1_22_v4.2.1_benchmark: rdf-scan heartbeat — 426,768,127 triples · 77,712,179,584 bytes read
  Partitioned compression: HG005_GRCh38_1_22_v4.2.1_benchmark: rdf-scan heartbeat — 427,125,375 triples · 77,779,288,546 bytes read
  Partitioned compression: HG005_GRCh38_1_22_v4.2.1_benchmark: rdf-scan chunk — 427,482,777 triples · 145 chunks · 77,846,296,020 bytes read
  Partitioned compression: HG005_GRCh38_1_22_v4.2.1_benchmark: hdt-chunks started — 144 chunks · hdt-build-00144
  Partitioned compression: HG005_GRCh38_1_22_v4.2.1_benchmark: hdt-chunks complete — 145 chunks · hdt-build-00144
  Partitioned compression: HG005_GRCh38_1_22_v4.2.1_benchmark: cottas-chunks started — 144 chunks · cottas-build-00144
  Partitioned compression: HG005_GRCh38_1_22_v4.2.1_benchmark: cottas-chunks complete — 145 chunks · cottas-build-00144
  Partitioned compression: HG005_GRCh38_1_22_v4.2.1_benchmark: rdf-scan heartbeat — 427,483,316 triples · 77,846,397,466 bytes read
  Partitioned compression: HG005_GRCh38_1_22_v4.2.1_benchmark: rdf-scan heartbeat — 427,840,977 triples · 77,913,506,436 bytes read
  Partitioned compression: HG005_GRCh38_1_22_v4.2.1_benchmark: rdf-scan heartbeat — 428,198,455 triples · 77,980,615,327 bytes read
  Partitioned compression: HG005_GRCh38_1_22_v4.2.1_benchmark: rdf-scan heartbeat — 428,556,070 triples · 78,047,724,282 bytes read
  Partitioned compression: HG005_GRCh38_1_22_v4.2.1_benchmark: rdf-scan heartbeat — 428,913,568 triples · 78,114,833,182 bytes read
  Partitioned compression: HG005_GRCh38_1_22_v4.2.1_benchmark: rdf-scan heartbeat — 429,271,683 triples · 78,181,942,083 bytes read
  Partitioned compression: HG005_GRCh38_1_22_v4.2.1_benchmark: rdf-scan heartbeat — 429,629,959 triples · 78,249,050,993 bytes read
  Partitioned compression: HG005_GRCh38_1_22_v4.2.1_benchmark: rdf-scan heartbeat — 429,987,778 triples · 78,316,159,939 bytes read
  Partitioned compression: HG005_GRCh38_1_22_v4.2.1_benchmark: rdf-scan chunk — 430,345,272 triples · 146 chunks · 78,383,166,967 bytes read
  Partitioned compression: HG005_GRCh38_1_22_v4.2.1_benchmark: hdt-chunks started — 145 chunks · hdt-build-00145
  Partitioned compression: HG005_GRCh38_1_22_v4.2.1_benchmark: hdt-chunks complete — 146 chunks · hdt-build-00145
  Partitioned compression: HG005_GRCh38_1_22_v4.2.1_benchmark: cottas-chunks started — 145 chunks · cottas-build-00145
  Partitioned compression: HG005_GRCh38_1_22_v4.2.1_benchmark: cottas-chunks complete — 146 chunks · cottas-build-00145
  Partitioned compression: HG005_GRCh38_1_22_v4.2.1_benchmark: rdf-scan heartbeat — 430,345,816 triples · 78,383,268,918 bytes read
  Partitioned compression: HG005_GRCh38_1_22_v4.2.1_benchmark: rdf-scan heartbeat — 430,703,970 triples · 78,450,377,808 bytes read
  Partitioned compression: HG005_GRCh38_1_22_v4.2.1_benchmark: rdf-scan heartbeat — 431,061,533 triples · 78,517,486,733 bytes read
  Partitioned compression: HG005_GRCh38_1_22_v4.2.1_benchmark: rdf-scan heartbeat — 431,418,877 triples · 78,584,595,706 bytes read
  Partitioned compression: HG005_GRCh38_1_22_v4.2.1_benchmark: rdf-scan heartbeat — 431,776,858 triples · 78,651,704,751 bytes read
  Partitioned compression: HG005_GRCh38_1_22_v4.2.1_benchmark: rdf-scan heartbeat — 432,134,384 triples · 78,718,813,662 bytes read
  Partitioned compression: HG005_GRCh38_1_22_v4.2.1_benchmark: rdf-scan heartbeat — 432,491,871 triples · 78,785,922,531 bytes read
  Partitioned compression: HG005_GRCh38_1_22_v4.2.1_benchmark: rdf-scan heartbeat — 432,849,456 triples · 78,853,031,533 bytes read
  Partitioned compression: HG005_GRCh38_1_22_v4.2.1_benchmark: rdf-scan chunk — 433,206,530 triples · 147 chunks · 78,920,037,889 bytes read
  Partitioned compression: HG005_GRCh38_1_22_v4.2.1_benchmark: hdt-chunks started — 146 chunks · hdt-build-00146
  Partitioned compression: HG005_GRCh38_1_22_v4.2.1_benchmark: hdt-chunks complete — 147 chunks · hdt-build-00146
  Partitioned compression: HG005_GRCh38_1_22_v4.2.1_benchmark: cottas-chunks started — 146 chunks · cottas-build-00146
  Partitioned compression: HG005_GRCh38_1_22_v4.2.1_benchmark: cottas-chunks complete — 147 chunks · cottas-build-00146
  Partitioned compression: HG005_GRCh38_1_22_v4.2.1_benchmark: rdf-scan heartbeat — 433,207,078 triples · 78,920,140,468 bytes read
  Partitioned compression: HG005_GRCh38_1_22_v4.2.1_benchmark: rdf-scan heartbeat — 433,564,656 triples · 78,987,249,433 bytes read
  Partitioned compression: HG005_GRCh38_1_22_v4.2.1_benchmark: rdf-scan heartbeat — 433,922,135 triples · 79,054,358,387 bytes read
  Partitioned compression: HG005_GRCh38_1_22_v4.2.1_benchmark: rdf-scan heartbeat — 434,279,758 triples · 79,121,467,381 bytes read
  Partitioned compression: HG005_GRCh38_1_22_v4.2.1_benchmark: rdf-scan heartbeat — 434,637,295 triples · 79,188,576,415 bytes read
  Partitioned compression: HG005_GRCh38_1_22_v4.2.1_benchmark: rdf-scan heartbeat — 434,994,838 triples · 79,255,685,431 bytes read
  Partitioned compression: HG005_GRCh38_1_22_v4.2.1_benchmark: rdf-scan heartbeat — 435,352,256 triples · 79,322,794,448 bytes read
  Partitioned compression: HG005_GRCh38_1_22_v4.2.1_benchmark: rdf-scan heartbeat — 435,709,688 triples · 79,389,903,351 bytes read
  Partitioned compression: HG005_GRCh38_1_22_v4.2.1_benchmark: rdf-scan chunk — 436,067,501 triples · 148 chunks · 79,456,908,965 bytes read
  Partitioned compression: HG005_GRCh38_1_22_v4.2.1_benchmark: hdt-chunks started — 147 chunks · hdt-build-00147
  Partitioned compression: HG005_GRCh38_1_22_v4.2.1_benchmark: hdt-chunks complete — 148 chunks · hdt-build-00147
  Partitioned compression: HG005_GRCh38_1_22_v4.2.1_benchmark: cottas-chunks started — 147 chunks · cottas-build-00147
  Partitioned compression: HG005_GRCh38_1_22_v4.2.1_benchmark: cottas-chunks complete — 148 chunks · cottas-build-00147
  Partitioned compression: HG005_GRCh38_1_22_v4.2.1_benchmark: rdf-scan heartbeat — 436,068,052 triples · 79,457,012,284 bytes read
  Partitioned compression: HG005_GRCh38_1_22_v4.2.1_benchmark: rdf-scan heartbeat — 436,425,847 triples · 79,524,121,284 bytes read
  Partitioned compression: HG005_GRCh38_1_22_v4.2.1_benchmark: rdf-scan heartbeat — 436,783,201 triples · 79,591,230,179 bytes read
  Partitioned compression: HG005_GRCh38_1_22_v4.2.1_benchmark: rdf-scan heartbeat — 437,140,828 triples · 79,658,339,189 bytes read
  Partitioned compression: HG005_GRCh38_1_22_v4.2.1_benchmark: rdf-scan heartbeat — 437,498,271 triples · 79,725,448,081 bytes read
  Partitioned compression: HG005_GRCh38_1_22_v4.2.1_benchmark: rdf-scan heartbeat — 437,855,680 triples · 79,792,557,003 bytes read
  Partitioned compression: HG005_GRCh38_1_22_v4.2.1_benchmark: rdf-scan heartbeat — 438,213,380 triples · 79,859,665,979 bytes read
  Partitioned compression: HG005_GRCh38_1_22_v4.2.1_benchmark: rdf-scan heartbeat — 438,571,442 triples · 79,926,774,980 bytes read
  Partitioned compression: HG005_GRCh38_1_22_v4.2.1_benchmark: rdf-scan chunk — 438,928,438 triples · 149 chunks · 79,993,780,030 bytes read
  Partitioned compression: HG005_GRCh38_1_22_v4.2.1_benchmark: hdt-chunks started — 148 chunks · hdt-build-00148
  Partitioned compression: HG005_GRCh38_1_22_v4.2.1_benchmark: hdt-chunks complete — 149 chunks · hdt-build-00148
  Partitioned compression: HG005_GRCh38_1_22_v4.2.1_benchmark: cottas-chunks started — 148 chunks · cottas-build-00148
  Partitioned compression: HG005_GRCh38_1_22_v4.2.1_benchmark: cottas-chunks complete — 149 chunks · cottas-build-00148
  Partitioned compression: HG005_GRCh38_1_22_v4.2.1_benchmark: rdf-scan heartbeat — 438,928,996 triples · 79,993,883,909 bytes read
  Partitioned compression: HG005_GRCh38_1_22_v4.2.1_benchmark: rdf-scan heartbeat — 439,286,700 triples · 80,060,992,813 bytes read
  Partitioned compression: HG005_GRCh38_1_22_v4.2.1_benchmark: rdf-scan heartbeat — 439,644,690 triples · 80,128,101,717 bytes read
  Partitioned compression: HG005_GRCh38_1_22_v4.2.1_benchmark: rdf-scan heartbeat — 440,002,249 triples · 80,195,210,706 bytes read
  Partitioned compression: HG005_GRCh38_1_22_v4.2.1_benchmark: rdf-scan heartbeat — 440,360,077 triples · 80,262,319,694 bytes read
  Partitioned compression: HG005_GRCh38_1_22_v4.2.1_benchmark: rdf-scan heartbeat — 440,717,707 triples · 80,329,428,672 bytes read
  Partitioned compression: HG005_GRCh38_1_22_v4.2.1_benchmark: rdf-scan heartbeat — 441,075,220 triples · 80,396,537,617 bytes read
  Partitioned compression: HG005_GRCh38_1_22_v4.2.1_benchmark: rdf-scan heartbeat — 441,432,822 triples · 80,463,646,638 bytes read
  Partitioned compression: HG005_GRCh38_1_22_v4.2.1_benchmark: rdf-scan chunk — 441,790,014 triples · 150 chunks · 80,530,651,110 bytes read
  Partitioned compression: HG005_GRCh38_1_22_v4.2.1_benchmark: hdt-chunks started — 149 chunks · hdt-build-00149
  Partitioned compression: HG005_GRCh38_1_22_v4.2.1_benchmark: hdt-chunks complete — 150 chunks · hdt-build-00149
  Partitioned compression: HG005_GRCh38_1_22_v4.2.1_benchmark: cottas-chunks started — 149 chunks · cottas-build-00149
  Partitioned compression: HG005_GRCh38_1_22_v4.2.1_benchmark: cottas-chunks complete — 150 chunks · cottas-build-00149
  Partitioned compression: HG005_GRCh38_1_22_v4.2.1_benchmark: rdf-scan heartbeat — 441,790,568 triples · 80,530,755,579 bytes read
  Partitioned compression: HG005_GRCh38_1_22_v4.2.1_benchmark: rdf-scan heartbeat — 442,147,910 triples · 80,597,864,518 bytes read
  Partitioned compression: HG005_GRCh38_1_22_v4.2.1_benchmark: rdf-scan heartbeat — 442,505,384 triples · 80,664,973,527 bytes read
  Partitioned compression: HG005_GRCh38_1_22_v4.2.1_benchmark: rdf-scan heartbeat — 442,862,808 triples · 80,732,082,462 bytes read
  Partitioned compression: HG005_GRCh38_1_22_v4.2.1_benchmark: rdf-scan heartbeat — 443,220,144 triples · 80,799,191,462 bytes read
  Partitioned compression: HG005_GRCh38_1_22_v4.2.1_benchmark: rdf-scan heartbeat — 443,577,670 triples · 80,866,300,431 bytes read
  Partitioned compression: HG005_GRCh38_1_22_v4.2.1_benchmark: rdf-scan heartbeat — 443,935,191 triples · 80,933,409,354 bytes read
  Partitioned compression: HG005_GRCh38_1_22_v4.2.1_benchmark: rdf-scan heartbeat — 444,293,063 triples · 81,000,518,278 bytes read
  Partitioned compression: HG005_GRCh38_1_22_v4.2.1_benchmark: rdf-scan chunk — 444,649,786 triples · 151 chunks · 81,067,522,150 bytes read
  Partitioned compression: HG005_GRCh38_1_22_v4.2.1_benchmark: hdt-chunks started — 150 chunks · hdt-build-00150
  Partitioned compression: HG005_GRCh38_1_22_v4.2.1_benchmark: hdt-chunks complete — 151 chunks · hdt-build-00150
  Partitioned compression: HG005_GRCh38_1_22_v4.2.1_benchmark: cottas-chunks started — 150 chunks · cottas-build-00150
  Partitioned compression: HG005_GRCh38_1_22_v4.2.1_benchmark: cottas-chunks complete — 151 chunks · cottas-build-00150
  Partitioned compression: HG005_GRCh38_1_22_v4.2.1_benchmark: rdf-scan heartbeat — 444,650,340 triples · 81,067,627,244 bytes read
  Partitioned compression: HG005_GRCh38_1_22_v4.2.1_benchmark: rdf-scan heartbeat — 445,007,971 triples · 81,134,736,176 bytes read
  Partitioned compression: HG005_GRCh38_1_22_v4.2.1_benchmark: rdf-scan heartbeat — 445,366,333 triples · 81,201,845,055 bytes read
  Partitioned compression: HG005_GRCh38_1_22_v4.2.1_benchmark: rdf-scan heartbeat — 445,724,189 triples · 81,268,954,082 bytes read
  Partitioned compression: HG005_GRCh38_1_22_v4.2.1_benchmark: rdf-scan heartbeat — 446,081,952 triples · 81,336,062,962 bytes read
  Partitioned compression: HG005_GRCh38_1_22_v4.2.1_benchmark: rdf-scan heartbeat — 446,439,315 triples · 81,403,171,942 bytes read
  Partitioned compression: HG005_GRCh38_1_22_v4.2.1_benchmark: rdf-scan heartbeat — 446,796,484 triples · 81,470,280,899 bytes read
  Partitioned compression: HG005_GRCh38_1_22_v4.2.1_benchmark: rdf-scan heartbeat — 447,153,997 triples · 81,537,389,954 bytes read
  Partitioned compression: HG005_GRCh38_1_22_v4.2.1_benchmark: rdf-scan chunk — 447,510,896 triples · 152 chunks · 81,604,393,202 bytes read
  Partitioned compression: HG005_GRCh38_1_22_v4.2.1_benchmark: hdt-chunks started — 151 chunks · hdt-build-00151
  Partitioned compression: HG005_GRCh38_1_22_v4.2.1_benchmark: hdt-chunks complete — 152 chunks · hdt-build-00151
  Partitioned compression: HG005_GRCh38_1_22_v4.2.1_benchmark: cottas-chunks started — 151 chunks · cottas-build-00151
  Partitioned compression: HG005_GRCh38_1_22_v4.2.1_benchmark: cottas-chunks complete — 152 chunks · cottas-build-00151
  Partitioned compression: HG005_GRCh38_1_22_v4.2.1_benchmark: rdf-scan heartbeat — 447,511,460 triples · 81,604,498,955 bytes read
  Partitioned compression: HG005_GRCh38_1_22_v4.2.1_benchmark: rdf-scan heartbeat — 447,868,931 triples · 81,671,608,051 bytes read
  Partitioned compression: HG005_GRCh38_1_22_v4.2.1_benchmark: rdf-scan heartbeat — 448,226,471 triples · 81,738,717,153 bytes read
  Partitioned compression: HG005_GRCh38_1_22_v4.2.1_benchmark: rdf-scan heartbeat — 448,584,021 triples · 81,805,826,059 bytes read
  Partitioned compression: HG005_GRCh38_1_22_v4.2.1_benchmark: rdf-scan heartbeat — 448,941,437 triples · 81,872,935,071 bytes read
  Partitioned compression: HG005_GRCh38_1_22_v4.2.1_benchmark: rdf-scan heartbeat — 449,298,954 triples · 81,940,044,041 bytes read
  Partitioned compression: HG005_GRCh38_1_22_v4.2.1_benchmark: rdf-scan heartbeat — 449,656,471 triples · 82,007,152,980 bytes read
  Partitioned compression: HG005_GRCh38_1_22_v4.2.1_benchmark: rdf-scan heartbeat — 450,013,788 triples · 82,074,262,019 bytes read
  Partitioned compression: HG005_GRCh38_1_22_v4.2.1_benchmark: rdf-scan chunk — 450,370,476 triples · 153 chunks · 82,141,264,241 bytes read
  Partitioned compression: HG005_GRCh38_1_22_v4.2.1_benchmark: hdt-chunks started — 152 chunks · hdt-build-00152
  Partitioned compression: HG005_GRCh38_1_22_v4.2.1_benchmark: hdt-chunks complete — 153 chunks · hdt-build-00152
  Partitioned compression: HG005_GRCh38_1_22_v4.2.1_benchmark: cottas-chunks started — 152 chunks · cottas-build-00152
  Partitioned compression: HG005_GRCh38_1_22_v4.2.1_benchmark: cottas-chunks complete — 153 chunks · cottas-build-00152
  Partitioned compression: HG005_GRCh38_1_22_v4.2.1_benchmark: rdf-scan heartbeat — 450,371,046 triples · 82,141,370,904 bytes read
  Partitioned compression: HG005_GRCh38_1_22_v4.2.1_benchmark: rdf-scan heartbeat — 450,728,494 triples · 82,208,479,770 bytes read
  Partitioned compression: HG005_GRCh38_1_22_v4.2.1_benchmark: rdf-scan heartbeat — 451,086,066 triples · 82,275,588,710 bytes read
  Partitioned compression: HG005_GRCh38_1_22_v4.2.1_benchmark: rdf-scan heartbeat — 451,443,756 triples · 82,342,697,705 bytes read
  Partitioned compression: HG005_GRCh38_1_22_v4.2.1_benchmark: rdf-scan heartbeat — 451,801,188 triples · 82,409,806,730 bytes read
  Partitioned compression: HG005_GRCh38_1_22_v4.2.1_benchmark: rdf-scan heartbeat — 452,158,597 triples · 82,476,915,630 bytes read
  Partitioned compression: HG005_GRCh38_1_22_v4.2.1_benchmark: rdf-scan heartbeat — 452,515,922 triples · 82,544,024,614 bytes read
  Partitioned compression: HG005_GRCh38_1_22_v4.2.1_benchmark: rdf-scan heartbeat — 452,873,172 triples · 82,611,133,596 bytes read
  Partitioned compression: HG005_GRCh38_1_22_v4.2.1_benchmark: rdf-scan chunk — 453,230,501 triples · 154 chunks · 82,678,135,204 bytes read
  Partitioned compression: HG005_GRCh38_1_22_v4.2.1_benchmark: hdt-chunks started — 153 chunks · hdt-build-00153
  Partitioned compression: HG005_GRCh38_1_22_v4.2.1_benchmark: hdt-chunks complete — 154 chunks · hdt-build-00153
  Partitioned compression: HG005_GRCh38_1_22_v4.2.1_benchmark: cottas-chunks started — 153 chunks · cottas-build-00153
  Partitioned compression: HG005_GRCh38_1_22_v4.2.1_benchmark: cottas-chunks complete — 154 chunks · cottas-build-00153
  Partitioned compression: HG005_GRCh38_1_22_v4.2.1_benchmark: rdf-scan heartbeat — 453,231,076 triples · 82,678,242,594 bytes read
  Partitioned compression: HG005_GRCh38_1_22_v4.2.1_benchmark: rdf-scan heartbeat — 453,589,305 triples · 82,745,351,619 bytes read
  Partitioned compression: HG005_GRCh38_1_22_v4.2.1_benchmark: rdf-scan heartbeat — 453,946,868 triples · 82,812,460,529 bytes read
  Partitioned compression: HG005_GRCh38_1_22_v4.2.1_benchmark: rdf-scan heartbeat — 454,304,454 triples · 82,879,569,505 bytes read
  Partitioned compression: HG005_GRCh38_1_22_v4.2.1_benchmark: rdf-scan heartbeat — 454,662,095 triples · 82,946,678,419 bytes read
  Partitioned compression: HG005_GRCh38_1_22_v4.2.1_benchmark: rdf-scan heartbeat — 455,019,712 triples · 83,013,787,288 bytes read
  Partitioned compression: HG005_GRCh38_1_22_v4.2.1_benchmark: rdf-scan heartbeat — 455,377,490 triples · 83,080,896,185 bytes read
  Partitioned compression: HG005_GRCh38_1_22_v4.2.1_benchmark: rdf-scan heartbeat — 455,735,084 triples · 83,148,005,077 bytes read
  Partitioned compression: HG005_GRCh38_1_22_v4.2.1_benchmark: rdf-scan chunk — 456,091,991 triples · 155 chunks · 83,215,006,241 bytes read
  Partitioned compression: HG005_GRCh38_1_22_v4.2.1_benchmark: hdt-chunks started — 154 chunks · hdt-build-00154
  Partitioned compression: HG005_GRCh38_1_22_v4.2.1_benchmark: hdt-chunks complete — 155 chunks · hdt-build-00154
  Partitioned compression: HG005_GRCh38_1_22_v4.2.1_benchmark: cottas-chunks started — 154 chunks · cottas-build-00154
  Partitioned compression: HG005_GRCh38_1_22_v4.2.1_benchmark: cottas-chunks complete — 155 chunks · cottas-build-00154
  Partitioned compression: HG005_GRCh38_1_22_v4.2.1_benchmark: rdf-scan heartbeat — 456,092,564 triples · 83,215,114,018 bytes read
  Partitioned compression: HG005_GRCh38_1_22_v4.2.1_benchmark: rdf-scan heartbeat — 456,449,989 triples · 83,282,222,923 bytes read
  Partitioned compression: HG005_GRCh38_1_22_v4.2.1_benchmark: rdf-scan heartbeat — 456,807,400 triples · 83,349,331,860 bytes read
  Partitioned compression: HG005_GRCh38_1_22_v4.2.1_benchmark: rdf-scan heartbeat — 457,164,855 triples · 83,416,440,859 bytes read
  Partitioned compression: HG005_GRCh38_1_22_v4.2.1_benchmark: rdf-scan heartbeat — 457,522,610 triples · 83,483,549,775 bytes read
  Partitioned compression: HG005_GRCh38_1_22_v4.2.1_benchmark: rdf-scan heartbeat — 457,880,060 triples · 83,550,658,698 bytes read
  Partitioned compression: HG005_GRCh38_1_22_v4.2.1_benchmark: rdf-scan heartbeat — 458,237,491 triples · 83,617,767,745 bytes read
  Partitioned compression: HG005_GRCh38_1_22_v4.2.1_benchmark: rdf-scan heartbeat — 458,595,019 triples · 83,684,876,757 bytes read
  Partitioned compression: HG005_GRCh38_1_22_v4.2.1_benchmark: rdf-scan chunk — 458,951,887 triples · 156 chunks · 83,751,877,177 bytes read
  Partitioned compression: HG005_GRCh38_1_22_v4.2.1_benchmark: hdt-chunks started — 155 chunks · hdt-build-00155
  Partitioned compression: HG005_GRCh38_1_22_v4.2.1_benchmark: hdt-chunks complete — 156 chunks · hdt-build-00155
  Partitioned compression: HG005_GRCh38_1_22_v4.2.1_benchmark: cottas-chunks started — 155 chunks · cottas-build-00155
  Partitioned compression: HG005_GRCh38_1_22_v4.2.1_benchmark: cottas-chunks complete — 156 chunks · cottas-build-00155
  Partitioned compression: HG005_GRCh38_1_22_v4.2.1_benchmark: rdf-scan heartbeat — 458,952,466 triples · 83,751,985,692 bytes read
  Partitioned compression: HG005_GRCh38_1_22_v4.2.1_benchmark: rdf-scan heartbeat — 459,309,707 triples · 83,819,094,588 bytes read
  Partitioned compression: HG005_GRCh38_1_22_v4.2.1_benchmark: rdf-scan heartbeat — 459,667,094 triples · 83,886,203,537 bytes read
  Partitioned compression: HG005_GRCh38_1_22_v4.2.1_benchmark: rdf-scan heartbeat — 460,025,145 triples · 83,953,312,997 bytes read
  Partitioned compression: HG005_GRCh38_1_22_v4.2.1_benchmark: rdf-scan heartbeat — 460,383,430 triples · 84,020,421,869 bytes read
  Partitioned compression: HG005_GRCh38_1_22_v4.2.1_benchmark: rdf-scan heartbeat — 460,741,378 triples · 84,087,530,816 bytes read
  Partitioned compression: HG005_GRCh38_1_22_v4.2.1_benchmark: rdf-scan heartbeat — 461,099,025 triples · 84,154,639,713 bytes read
  Partitioned compression: HG005_GRCh38_1_22_v4.2.1_benchmark: rdf-scan heartbeat — 461,456,641 triples · 84,221,748,686 bytes read
  Partitioned compression: HG005_GRCh38_1_22_v4.2.1_benchmark: rdf-scan chunk — 461,813,722 triples · 157 chunks · 84,288,748,193 bytes read
  Partitioned compression: HG005_GRCh38_1_22_v4.2.1_benchmark: hdt-chunks started — 156 chunks · hdt-build-00156
  Partitioned compression: HG005_GRCh38_1_22_v4.2.1_benchmark: hdt-chunks complete — 157 chunks · hdt-build-00156
  Partitioned compression: HG005_GRCh38_1_22_v4.2.1_benchmark: cottas-chunks started — 156 chunks · cottas-build-00156
  Partitioned compression: HG005_GRCh38_1_22_v4.2.1_benchmark: cottas-chunks complete — 157 chunks · cottas-build-00156
  Partitioned compression: HG005_GRCh38_1_22_v4.2.1_benchmark: rdf-scan heartbeat — 461,814,304 triples · 84,288,857,687 bytes read
  Partitioned compression: HG005_GRCh38_1_22_v4.2.1_benchmark: rdf-scan heartbeat — 462,171,850 triples · 84,355,966,643 bytes read
  Partitioned compression: HG005_GRCh38_1_22_v4.2.1_benchmark: rdf-scan heartbeat — 462,529,297 triples · 84,423,075,877 bytes read
  Partitioned compression: HG005_GRCh38_1_22_v4.2.1_benchmark: rdf-scan heartbeat — 462,886,423 triples · 84,490,184,779 bytes read
  Partitioned compression: HG005_GRCh38_1_22_v4.2.1_benchmark: rdf-scan heartbeat — 463,243,934 triples · 84,557,293,735 bytes read
  Partitioned compression: HG005_GRCh38_1_22_v4.2.1_benchmark: rdf-scan heartbeat — 463,601,178 triples · 84,624,402,782 bytes read
  Partitioned compression: HG005_GRCh38_1_22_v4.2.1_benchmark: rdf-scan heartbeat — 463,958,974 triples · 84,691,511,675 bytes read
  Partitioned compression: HG005_GRCh38_1_22_v4.2.1_benchmark: rdf-scan heartbeat — 464,316,821 triples · 84,758,620,570 bytes read
  Partitioned compression: HG005_GRCh38_1_22_v4.2.1_benchmark: rdf-scan chunk — 464,673,878 triples · 158 chunks · 84,825,619,260 bytes read
  Partitioned compression: HG005_GRCh38_1_22_v4.2.1_benchmark: hdt-chunks started — 157 chunks · hdt-build-00157
  Partitioned compression: HG005_GRCh38_1_22_v4.2.1_benchmark: hdt-chunks complete — 158 chunks · hdt-build-00157
  Partitioned compression: HG005_GRCh38_1_22_v4.2.1_benchmark: cottas-chunks started — 157 chunks · cottas-build-00157
  Partitioned compression: HG005_GRCh38_1_22_v4.2.1_benchmark: cottas-chunks complete — 158 chunks · cottas-build-00157
  Partitioned compression: HG005_GRCh38_1_22_v4.2.1_benchmark: rdf-scan heartbeat — 464,674,466 triples · 84,825,729,472 bytes read
  Partitioned compression: HG005_GRCh38_1_22_v4.2.1_benchmark: rdf-scan heartbeat — 465,031,977 triples · 84,892,838,403 bytes read
  Partitioned compression: HG005_GRCh38_1_22_v4.2.1_benchmark: rdf-scan heartbeat — 465,389,396 triples · 84,959,947,380 bytes read
  Partitioned compression: HG005_GRCh38_1_22_v4.2.1_benchmark: rdf-scan heartbeat — 465,746,972 triples · 85,027,056,307 bytes read
  Partitioned compression: HG005_GRCh38_1_22_v4.2.1_benchmark: rdf-scan heartbeat — 466,104,853 triples · 85,094,165,249 bytes read
  Partitioned compression: HG005_GRCh38_1_22_v4.2.1_benchmark: rdf-scan heartbeat — 466,462,569 triples · 85,161,274,251 bytes read
  Partitioned compression: HG005_GRCh38_1_22_v4.2.1_benchmark: rdf-scan heartbeat — 466,819,826 triples · 85,228,383,258 bytes read
  Partitioned compression: HG005_GRCh38_1_22_v4.2.1_benchmark: rdf-scan heartbeat — 467,177,325 triples · 85,295,492,167 bytes read
  Partitioned compression: HG005_GRCh38_1_22_v4.2.1_benchmark: rdf-scan chunk — 467,534,223 triples · 159 chunks · 85,362,490,310 bytes read
  Partitioned compression: HG005_GRCh38_1_22_v4.2.1_benchmark: hdt-chunks started — 158 chunks · hdt-build-00158
  Partitioned compression: HG005_GRCh38_1_22_v4.2.1_benchmark: hdt-chunks complete — 159 chunks · hdt-build-00158
  Partitioned compression: HG005_GRCh38_1_22_v4.2.1_benchmark: cottas-chunks started — 158 chunks · cottas-build-00158
  Partitioned compression: HG005_GRCh38_1_22_v4.2.1_benchmark: cottas-chunks complete — 159 chunks · cottas-build-00158
  Partitioned compression: HG005_GRCh38_1_22_v4.2.1_benchmark: rdf-scan heartbeat — 467,534,814 triples · 85,362,601,142 bytes read
  Partitioned compression: HG005_GRCh38_1_22_v4.2.1_benchmark: rdf-scan heartbeat — 467,892,992 triples · 85,429,710,075 bytes read
  Partitioned compression: HG005_GRCh38_1_22_v4.2.1_benchmark: rdf-scan heartbeat — 468,250,857 triples · 85,496,819,260 bytes read
  Partitioned compression: HG005_GRCh38_1_22_v4.2.1_benchmark: rdf-scan heartbeat — 468,609,215 triples · 85,563,928,155 bytes read
  Partitioned compression: HG005_GRCh38_1_22_v4.2.1_benchmark: rdf-scan heartbeat — 468,966,748 triples · 85,631,037,025 bytes read
  Partitioned compression: HG005_GRCh38_1_22_v4.2.1_benchmark: rdf-scan heartbeat — 469,324,228 triples · 85,698,145,927 bytes read
  Partitioned compression: HG005_GRCh38_1_22_v4.2.1_benchmark: rdf-scan heartbeat — 469,682,062 triples · 85,765,254,951 bytes read
  Partitioned compression: HG005_GRCh38_1_22_v4.2.1_benchmark: rdf-scan heartbeat — 470,039,665 triples · 85,832,363,963 bytes read
  Partitioned compression: HG005_GRCh38_1_22_v4.2.1_benchmark: rdf-scan chunk — 470,396,827 triples · 160 chunks · 85,899,361,241 bytes read
  Partitioned compression: HG005_GRCh38_1_22_v4.2.1_benchmark: hdt-chunks started — 159 chunks · hdt-build-00159
  Partitioned compression: HG005_GRCh38_1_22_v4.2.1_benchmark: hdt-chunks complete — 160 chunks · hdt-build-00159
  Partitioned compression: HG005_GRCh38_1_22_v4.2.1_benchmark: cottas-chunks started — 159 chunks · cottas-build-00159
  Partitioned compression: HG005_GRCh38_1_22_v4.2.1_benchmark: cottas-chunks complete — 160 chunks · cottas-build-00159
  Partitioned compression: HG005_GRCh38_1_22_v4.2.1_benchmark: rdf-scan heartbeat — 470,397,423 triples · 85,899,472,962 bytes read
  Partitioned compression: HG005_GRCh38_1_22_v4.2.1_benchmark: rdf-scan heartbeat — 470,754,806 triples · 85,966,581,906 bytes read
  Partitioned compression: HG005_GRCh38_1_22_v4.2.1_benchmark: rdf-scan heartbeat — 471,111,903 triples · 86,033,690,874 bytes read
  Partitioned compression: HG005_GRCh38_1_22_v4.2.1_benchmark: rdf-scan heartbeat — 471,468,840 triples · 86,100,799,997 bytes read
  Partitioned compression: HG005_GRCh38_1_22_v4.2.1_benchmark: rdf-scan heartbeat — 471,826,275 triples · 86,167,909,027 bytes read
  Partitioned compression: HG005_GRCh38_1_22_v4.2.1_benchmark: rdf-scan heartbeat — 472,184,709 triples · 86,235,017,955 bytes read
  Partitioned compression: HG005_GRCh38_1_22_v4.2.1_benchmark: rdf-scan heartbeat — 472,542,953 triples · 86,302,126,873 bytes read
  Partitioned compression: HG005_GRCh38_1_22_v4.2.1_benchmark: rdf-scan heartbeat — 472,900,583 triples · 86,369,235,763 bytes read
  Partitioned compression: HG005_GRCh38_1_22_v4.2.1_benchmark: rdf-scan chunk — 473,257,473 triples · 161 chunks · 86,436,232,225 bytes read
  Partitioned compression: HG005_GRCh38_1_22_v4.2.1_benchmark: hdt-chunks started — 160 chunks · hdt-build-00160
  Partitioned compression: HG005_GRCh38_1_22_v4.2.1_benchmark: hdt-chunks complete — 161 chunks · hdt-build-00160
  Partitioned compression: HG005_GRCh38_1_22_v4.2.1_benchmark: cottas-chunks started — 160 chunks · cottas-build-00160
  Partitioned compression: HG005_GRCh38_1_22_v4.2.1_benchmark: cottas-chunks complete — 161 chunks · cottas-build-00160
  Partitioned compression: HG005_GRCh38_1_22_v4.2.1_benchmark: rdf-scan heartbeat — 473,258,073 triples · 86,436,344,744 bytes read
  Partitioned compression: HG005_GRCh38_1_22_v4.2.1_benchmark: rdf-scan heartbeat — 473,615,744 triples · 86,503,453,744 bytes read
  Partitioned compression: HG005_GRCh38_1_22_v4.2.1_benchmark: rdf-scan heartbeat — 473,974,021 triples · 86,570,562,730 bytes read
  Partitioned compression: HG005_GRCh38_1_22_v4.2.1_benchmark: rdf-scan heartbeat — 474,331,707 triples · 86,637,671,718 bytes read
  Partitioned compression: HG005_GRCh38_1_22_v4.2.1_benchmark: rdf-scan heartbeat — 474,690,025 triples · 86,704,780,594 bytes read
  Partitioned compression: HG005_GRCh38_1_22_v4.2.1_benchmark: rdf-scan heartbeat — 475,048,262 triples · 86,771,889,529 bytes read
  Partitioned compression: HG005_GRCh38_1_22_v4.2.1_benchmark: rdf-scan heartbeat — 475,405,876 triples · 86,838,998,457 bytes read
  Partitioned compression: HG005_GRCh38_1_22_v4.2.1_benchmark: rdf-scan heartbeat — 475,763,629 triples · 86,906,107,430 bytes read
  Partitioned compression: HG005_GRCh38_1_22_v4.2.1_benchmark: rdf-scan chunk — 476,120,846 triples · 162 chunks · 86,973,103,219 bytes read
  Partitioned compression: HG005_GRCh38_1_22_v4.2.1_benchmark: hdt-chunks started — 161 chunks · hdt-build-00161
  Partitioned compression: HG005_GRCh38_1_22_v4.2.1_benchmark: hdt-chunks complete — 162 chunks · hdt-build-00161
  Partitioned compression: HG005_GRCh38_1_22_v4.2.1_benchmark: cottas-chunks started — 161 chunks · cottas-build-00161
  Partitioned compression: HG005_GRCh38_1_22_v4.2.1_benchmark: cottas-chunks complete — 162 chunks · cottas-build-00161
  Partitioned compression: HG005_GRCh38_1_22_v4.2.1_benchmark: rdf-scan heartbeat — 476,121,450 triples · 86,973,216,353 bytes read
  Partitioned compression: HG005_GRCh38_1_22_v4.2.1_benchmark: rdf-scan heartbeat — 476,479,340 triples · 87,040,325,323 bytes read
  Partitioned compression: HG005_GRCh38_1_22_v4.2.1_benchmark: rdf-scan heartbeat — 476,837,183 triples · 87,107,434,271 bytes read
  Partitioned compression: HG005_GRCh38_1_22_v4.2.1_benchmark: rdf-scan heartbeat — 477,195,091 triples · 87,174,543,174 bytes read
  Partitioned compression: HG005_GRCh38_1_22_v4.2.1_benchmark: rdf-scan heartbeat — 477,553,080 triples · 87,241,652,144 bytes read
  Partitioned compression: HG005_GRCh38_1_22_v4.2.1_benchmark: rdf-scan heartbeat — 477,910,335 triples · 87,308,761,132 bytes read
  Partitioned compression: HG005_GRCh38_1_22_v4.2.1_benchmark: rdf-scan heartbeat — 478,267,674 triples · 87,375,870,188 bytes read
  Partitioned compression: HG005_GRCh38_1_22_v4.2.1_benchmark: rdf-scan heartbeat — 478,625,175 triples · 87,442,979,225 bytes read
  Partitioned compression: HG005_GRCh38_1_22_v4.2.1_benchmark: rdf-scan chunk — 478,982,166 triples · 163 chunks · 87,509,974,303 bytes read
  Partitioned compression: HG005_GRCh38_1_22_v4.2.1_benchmark: hdt-chunks started — 162 chunks · hdt-build-00162
  Partitioned compression: HG005_GRCh38_1_22_v4.2.1_benchmark: hdt-chunks complete — 163 chunks · hdt-build-00162
  Partitioned compression: HG005_GRCh38_1_22_v4.2.1_benchmark: cottas-chunks started — 162 chunks · cottas-build-00162
  Partitioned compression: HG005_GRCh38_1_22_v4.2.1_benchmark: cottas-chunks complete — 163 chunks · cottas-build-00162
  Partitioned compression: HG005_GRCh38_1_22_v4.2.1_benchmark: rdf-scan heartbeat — 478,982,772 triples · 87,510,088,096 bytes read
  Partitioned compression: HG005_GRCh38_1_22_v4.2.1_benchmark: rdf-scan heartbeat — 479,340,124 triples · 87,577,197,046 bytes read
  Partitioned compression: HG005_GRCh38_1_22_v4.2.1_benchmark: rdf-scan heartbeat — 479,697,475 triples · 87,644,306,035 bytes read
  Partitioned compression: HG005_GRCh38_1_22_v4.2.1_benchmark: rdf-scan heartbeat — 480,054,923 triples · 87,711,415,042 bytes read
  Partitioned compression: HG005_GRCh38_1_22_v4.2.1_benchmark: rdf-scan heartbeat — 480,412,352 triples · 87,778,524,022 bytes read
  Partitioned compression: HG005_GRCh38_1_22_v4.2.1_benchmark: rdf-scan heartbeat — 480,769,808 triples · 87,845,633,005 bytes read
  Partitioned compression: HG005_GRCh38_1_22_v4.2.1_benchmark: rdf-scan heartbeat — 481,127,164 triples · 87,912,741,993 bytes read
  Partitioned compression: HG005_GRCh38_1_22_v4.2.1_benchmark: rdf-scan heartbeat — 481,484,511 triples · 87,979,851,043 bytes read
  Partitioned compression: HG005_GRCh38_1_22_v4.2.1_benchmark: rdf-scan chunk — 481,841,305 triples · 164 chunks · 88,046,845,431 bytes read
  Partitioned compression: HG005_GRCh38_1_22_v4.2.1_benchmark: hdt-chunks started — 163 chunks · hdt-build-00163
  Partitioned compression: HG005_GRCh38_1_22_v4.2.1_benchmark: hdt-chunks complete — 164 chunks · hdt-build-00163
  Partitioned compression: HG005_GRCh38_1_22_v4.2.1_benchmark: cottas-chunks started — 163 chunks · cottas-build-00163
  Partitioned compression: HG005_GRCh38_1_22_v4.2.1_benchmark: cottas-chunks complete — 164 chunks · cottas-build-00163
  Partitioned compression: HG005_GRCh38_1_22_v4.2.1_benchmark: rdf-scan heartbeat — 481,841,915 triples · 88,046,960,014 bytes read
  Partitioned compression: HG005_GRCh38_1_22_v4.2.1_benchmark: rdf-scan heartbeat — 482,199,273 triples · 88,114,068,921 bytes read
  Partitioned compression: HG005_GRCh38_1_22_v4.2.1_benchmark: rdf-scan heartbeat — 482,556,577 triples · 88,181,177,803 bytes read
  Partitioned compression: HG005_GRCh38_1_22_v4.2.1_benchmark: rdf-scan heartbeat — 482,913,880 triples · 88,248,286,737 bytes read
  Partitioned compression: HG005_GRCh38_1_22_v4.2.1_benchmark: rdf-scan heartbeat — 483,271,103 triples · 88,315,395,638 bytes read
  Partitioned compression: HG005_GRCh38_1_22_v4.2.1_benchmark: rdf-scan heartbeat — 483,629,113 triples · 88,382,504,549 bytes read
  Partitioned compression: HG005_GRCh38_1_22_v4.2.1_benchmark: rdf-scan heartbeat — 483,987,523 triples · 88,449,613,510 bytes read
  Partitioned compression: HG005_GRCh38_1_22_v4.2.1_benchmark: rdf-scan heartbeat — 484,345,798 triples · 88,516,722,559 bytes read
  Partitioned compression: HG005_GRCh38_1_22_v4.2.1_benchmark: rdf-scan chunk — 484,703,433 triples · 165 chunks · 88,583,716,491 bytes read
  Partitioned compression: HG005_GRCh38_1_22_v4.2.1_benchmark: hdt-chunks started — 164 chunks · hdt-build-00164
  Partitioned compression: HG005_GRCh38_1_22_v4.2.1_benchmark: hdt-chunks complete — 165 chunks · hdt-build-00164
  Partitioned compression: HG005_GRCh38_1_22_v4.2.1_benchmark: cottas-chunks started — 164 chunks · cottas-build-00164
  Partitioned compression: HG005_GRCh38_1_22_v4.2.1_benchmark: cottas-chunks complete — 165 chunks · cottas-build-00164
  Partitioned compression: HG005_GRCh38_1_22_v4.2.1_benchmark: rdf-scan heartbeat — 484,704,045 triples · 88,583,831,455 bytes read
  Partitioned compression: HG005_GRCh38_1_22_v4.2.1_benchmark: rdf-scan heartbeat — 485,062,957 triples · 88,650,940,405 bytes read
  Partitioned compression: HG005_GRCh38_1_22_v4.2.1_benchmark: rdf-scan heartbeat — 485,422,074 triples · 88,718,049,412 bytes read
  Partitioned compression: HG005_GRCh38_1_22_v4.2.1_benchmark: rdf-scan heartbeat — 485,779,843 triples · 88,785,158,369 bytes read
  Partitioned compression: HG005_GRCh38_1_22_v4.2.1_benchmark: rdf-scan heartbeat — 486,137,987 triples · 88,852,267,405 bytes read
  Partitioned compression: HG005_GRCh38_1_22_v4.2.1_benchmark: rdf-scan heartbeat — 486,496,343 triples · 88,919,376,346 bytes read
  Partitioned compression: HG005_GRCh38_1_22_v4.2.1_benchmark: rdf-scan heartbeat — 486,854,801 triples · 88,986,485,291 bytes read
  Partitioned compression: HG005_GRCh38_1_22_v4.2.1_benchmark: rdf-scan heartbeat — 487,213,052 triples · 89,053,594,368 bytes read
  Partitioned compression: HG005_GRCh38_1_22_v4.2.1_benchmark: rdf-scan chunk — 487,570,977 triples · 166 chunks · 89,120,587,444 bytes read
  Partitioned compression: HG005_GRCh38_1_22_v4.2.1_benchmark: hdt-chunks started — 165 chunks · hdt-build-00165
  Partitioned compression: HG005_GRCh38_1_22_v4.2.1_benchmark: hdt-chunks complete — 166 chunks · hdt-build-00165
  Partitioned compression: HG005_GRCh38_1_22_v4.2.1_benchmark: cottas-chunks started — 165 chunks · cottas-build-00165
  Partitioned compression: HG005_GRCh38_1_22_v4.2.1_benchmark: cottas-chunks complete — 166 chunks · cottas-build-00165
  Partitioned compression: HG005_GRCh38_1_22_v4.2.1_benchmark: rdf-scan heartbeat — 487,571,597 triples · 89,120,703,322 bytes read
  Partitioned compression: HG005_GRCh38_1_22_v4.2.1_benchmark: rdf-scan heartbeat — 487,930,027 triples · 89,187,812,240 bytes read
  Partitioned compression: HG005_GRCh38_1_22_v4.2.1_benchmark: rdf-scan heartbeat — 488,287,678 triples · 89,254,921,258 bytes read
  Partitioned compression: HG005_GRCh38_1_22_v4.2.1_benchmark: rdf-scan heartbeat — 488,645,163 triples · 89,322,030,129 bytes read
  Partitioned compression: HG005_GRCh38_1_22_v4.2.1_benchmark: rdf-scan heartbeat — 489,002,440 triples · 89,389,138,995 bytes read
  Partitioned compression: HG005_GRCh38_1_22_v4.2.1_benchmark: rdf-scan heartbeat — 489,359,814 triples · 89,456,248,005 bytes read
  Partitioned compression: HG005_GRCh38_1_22_v4.2.1_benchmark: rdf-scan heartbeat — 489,717,371 triples · 89,523,356,925 bytes read
  Partitioned compression: HG005_GRCh38_1_22_v4.2.1_benchmark: rdf-scan heartbeat — 490,075,247 triples · 89,590,465,799 bytes read
  Partitioned compression: HG005_GRCh38_1_22_v4.2.1_benchmark: rdf-scan chunk — 490,432,370 triples · 167 chunks · 89,657,458,442 bytes read
  Partitioned compression: HG005_GRCh38_1_22_v4.2.1_benchmark: hdt-chunks started — 166 chunks · hdt-build-00166
  Partitioned compression: HG005_GRCh38_1_22_v4.2.1_benchmark: hdt-chunks complete — 167 chunks · hdt-build-00166
  Partitioned compression: HG005_GRCh38_1_22_v4.2.1_benchmark: cottas-chunks started — 166 chunks · cottas-build-00166
  Partitioned compression: HG005_GRCh38_1_22_v4.2.1_benchmark: cottas-chunks complete — 167 chunks · cottas-build-00166
  Partitioned compression: HG005_GRCh38_1_22_v4.2.1_benchmark: rdf-scan heartbeat — 490,432,990 triples · 89,657,574,751 bytes read
  Partitioned compression: HG005_GRCh38_1_22_v4.2.1_benchmark: rdf-scan heartbeat — 490,790,460 triples · 89,724,683,777 bytes read
  Partitioned compression: HG005_GRCh38_1_22_v4.2.1_benchmark: rdf-scan heartbeat — 491,148,045 triples · 89,791,792,661 bytes read
  Partitioned compression: HG005_GRCh38_1_22_v4.2.1_benchmark: rdf-scan heartbeat — 491,505,696 triples · 89,858,901,569 bytes read
  Partitioned compression: HG005_GRCh38_1_22_v4.2.1_benchmark: rdf-scan heartbeat — 491,863,078 triples · 89,926,010,598 bytes read
  Partitioned compression: HG005_GRCh38_1_22_v4.2.1_benchmark: rdf-scan heartbeat — 492,220,768 triples · 89,993,119,536 bytes read
  Partitioned compression: HG005_GRCh38_1_22_v4.2.1_benchmark: rdf-scan heartbeat — 492,578,670 triples · 90,060,228,505 bytes read
  Partitioned compression: HG005_GRCh38_1_22_v4.2.1_benchmark: rdf-scan heartbeat — 492,936,432 triples · 90,127,337,444 bytes read
  Partitioned compression: HG005_GRCh38_1_22_v4.2.1_benchmark: rdf-scan chunk — 493,293,401 triples · 168 chunks · 90,194,329,387 bytes read
  Partitioned compression: HG005_GRCh38_1_22_v4.2.1_benchmark: hdt-chunks started — 167 chunks · hdt-build-00167
  Partitioned compression: HG005_GRCh38_1_22_v4.2.1_benchmark: hdt-chunks complete — 168 chunks · hdt-build-00167
  Partitioned compression: HG005_GRCh38_1_22_v4.2.1_benchmark: cottas-chunks started — 167 chunks · cottas-build-00167
  Partitioned compression: HG005_GRCh38_1_22_v4.2.1_benchmark: cottas-chunks complete — 168 chunks · cottas-build-00167
  Partitioned compression: HG005_GRCh38_1_22_v4.2.1_benchmark: rdf-scan heartbeat — 493,294,029 triples · 90,194,446,321 bytes read
  Partitioned compression: HG005_GRCh38_1_22_v4.2.1_benchmark: rdf-scan heartbeat — 493,651,502 triples · 90,261,555,365 bytes read
  Partitioned compression: HG005_GRCh38_1_22_v4.2.1_benchmark: rdf-scan heartbeat — 494,009,176 triples · 90,328,664,378 bytes read
  Partitioned compression: HG005_GRCh38_1_22_v4.2.1_benchmark: rdf-scan heartbeat — 494,366,960 triples · 90,395,773,341 bytes read
  Partitioned compression: HG005_GRCh38_1_22_v4.2.1_benchmark: rdf-scan heartbeat — 494,724,528 triples · 90,462,882,344 bytes read
  Partitioned compression: HG005_GRCh38_1_22_v4.2.1_benchmark: rdf-scan heartbeat — 495,082,660 triples · 90,529,991,254 bytes read
  Partitioned compression: HG005_GRCh38_1_22_v4.2.1_benchmark: rdf-scan heartbeat — 495,440,990 triples · 90,597,100,261 bytes read
  Partitioned compression: HG005_GRCh38_1_22_v4.2.1_benchmark: rdf-scan heartbeat — 495,799,531 triples · 90,664,209,168 bytes read
  Partitioned compression: HG005_GRCh38_1_22_v4.2.1_benchmark: rdf-scan chunk — 496,156,906 triples · 169 chunks · 90,731,200,422 bytes read
  Partitioned compression: HG005_GRCh38_1_22_v4.2.1_benchmark: hdt-chunks started — 168 chunks · hdt-build-00168
  Partitioned compression: HG005_GRCh38_1_22_v4.2.1_benchmark: hdt-chunks complete — 169 chunks · hdt-build-00168
  Partitioned compression: HG005_GRCh38_1_22_v4.2.1_benchmark: cottas-chunks started — 168 chunks · cottas-build-00168
  Partitioned compression: HG005_GRCh38_1_22_v4.2.1_benchmark: cottas-chunks complete — 169 chunks · cottas-build-00168
  Partitioned compression: HG005_GRCh38_1_22_v4.2.1_benchmark: rdf-scan heartbeat — 496,157,532 triples · 90,731,318,146 bytes read
  Partitioned compression: HG005_GRCh38_1_22_v4.2.1_benchmark: rdf-scan heartbeat — 496,515,292 triples · 90,798,427,144 bytes read
  Partitioned compression: HG005_GRCh38_1_22_v4.2.1_benchmark: rdf-scan heartbeat — 496,873,372 triples · 90,865,536,129 bytes read
  Partitioned compression: HG005_GRCh38_1_22_v4.2.1_benchmark: rdf-scan heartbeat — 497,231,310 triples · 90,932,644,994 bytes read
  Partitioned compression: HG005_GRCh38_1_22_v4.2.1_benchmark: rdf-scan heartbeat — 497,589,158 triples · 90,999,753,863 bytes read
  Partitioned compression: HG005_GRCh38_1_22_v4.2.1_benchmark: rdf-scan chunk — 497,642,517 triples · 170 chunks · 91,009,746,496 bytes read
  Partitioned compression: HG005_GRCh38_1_22_v4.2.1_benchmark: hdt-chunks started — 169 chunks · hdt-build-00169
  Partitioned compression: HG005_GRCh38_1_22_v4.2.1_benchmark: hdt-chunks complete — 170 chunks · hdt-build-00169
  Partitioned compression: HG005_GRCh38_1_22_v4.2.1_benchmark: cottas-chunks started — 169 chunks · cottas-build-00169
  Partitioned compression: HG005_GRCh38_1_22_v4.2.1_benchmark: cottas-chunks complete — 170 chunks · cottas-build-00169
  Partitioned compression: HG005_GRCh38_1_22_v4.2.1_benchmark: rdf-scan complete — 497,642,517 triples · 170 chunks
  Partitioned compression: HG005_GRCh38_1_22_v4.2.1_benchmark: hdt-chunks complete — 170 chunks
  Partitioned compression: HG005_GRCh38_1_22_v4.2.1_benchmark: cottas-chunks complete — 170 chunks
  Partitioned compression: HG005_GRCh38_1_22_v4.2.1_benchmark: hdt-merge started — hdt-merge-r01-00000
  Partitioned compression: HG005_GRCh38_1_22_v4.2.1_benchmark: hdt-merge complete — hdt-merge-r01-00000
  Partitioned compression: HG005_GRCh38_1_22_v4.2.1_benchmark: hdt-merge started — hdt-merge-r01-00001
  Partitioned compression: HG005_GRCh38_1_22_v4.2.1_benchmark: hdt-merge complete — hdt-merge-r01-00001
  Partitioned compression: HG005_GRCh38_1_22_v4.2.1_benchmark: hdt-merge started — hdt-merge-r01-00002
  Partitioned compression: HG005_GRCh38_1_22_v4.2.1_benchmark: hdt-merge complete — hdt-merge-r01-00002
  Partitioned compression: HG005_GRCh38_1_22_v4.2.1_benchmark: hdt-merge started — hdt-merge-r01-00003
  Partitioned compression: HG005_GRCh38_1_22_v4.2.1_benchmark: hdt-merge complete — hdt-merge-r01-00003
  Partitioned compression: HG005_GRCh38_1_22_v4.2.1_benchmark: hdt-merge started — hdt-merge-r01-00004
  Partitioned compression: HG005_GRCh38_1_22_v4.2.1_benchmark: hdt-merge complete — hdt-merge-r01-00004
  Partitioned compression: HG005_GRCh38_1_22_v4.2.1_benchmark: hdt-merge started — hdt-merge-r01-00005
  Partitioned compression: HG005_GRCh38_1_22_v4.2.1_benchmark: hdt-merge complete — hdt-merge-r01-00005
  Partitioned compression: HG005_GRCh38_1_22_v4.2.1_benchmark: hdt-merge started — hdt-merge-r01-00006
  Partitioned compression: HG005_GRCh38_1_22_v4.2.1_benchmark: hdt-merge complete — hdt-merge-r01-00006
  Partitioned compression: HG005_GRCh38_1_22_v4.2.1_benchmark: hdt-merge started — hdt-merge-r01-00007
  Partitioned compression: HG005_GRCh38_1_22_v4.2.1_benchmark: hdt-merge complete — hdt-merge-r01-00007
  Partitioned compression: HG005_GRCh38_1_22_v4.2.1_benchmark: hdt-merge started — hdt-merge-r01-00008
  Partitioned compression: HG005_GRCh38_1_22_v4.2.1_benchmark: hdt-merge complete — hdt-merge-r01-00008
  Partitioned compression: HG005_GRCh38_1_22_v4.2.1_benchmark: hdt-merge started — hdt-merge-r01-00009
  Partitioned compression: HG005_GRCh38_1_22_v4.2.1_benchmark: hdt-merge complete — hdt-merge-r01-00009
  Partitioned compression: HG005_GRCh38_1_22_v4.2.1_benchmark: hdt-merge started — hdt-merge-r01-00010
  Partitioned compression: HG005_GRCh38_1_22_v4.2.1_benchmark: hdt-merge complete — hdt-merge-r01-00010
  Partitioned compression: HG005_GRCh38_1_22_v4.2.1_benchmark: hdt-merge started — hdt-merge-r01-00011
  Partitioned compression: HG005_GRCh38_1_22_v4.2.1_benchmark: hdt-merge complete — hdt-merge-r01-00011
  Partitioned compression: HG005_GRCh38_1_22_v4.2.1_benchmark: hdt-merge started — hdt-merge-r01-00012
  Partitioned compression: HG005_GRCh38_1_22_v4.2.1_benchmark: hdt-merge complete — hdt-merge-r01-00012
  Partitioned compression: HG005_GRCh38_1_22_v4.2.1_benchmark: hdt-merge started — hdt-merge-r01-00013
  Partitioned compression: HG005_GRCh38_1_22_v4.2.1_benchmark: hdt-merge complete — hdt-merge-r01-00013
  Partitioned compression: HG005_GRCh38_1_22_v4.2.1_benchmark: hdt-merge started — hdt-merge-r01-00014
  Partitioned compression: HG005_GRCh38_1_22_v4.2.1_benchmark: hdt-merge complete — hdt-merge-r01-00014
  Partitioned compression: HG005_GRCh38_1_22_v4.2.1_benchmark: hdt-merge started — hdt-merge-r01-00015
  Partitioned compression: HG005_GRCh38_1_22_v4.2.1_benchmark: hdt-merge complete — hdt-merge-r01-00015
  Partitioned compression: HG005_GRCh38_1_22_v4.2.1_benchmark: hdt-merge started — hdt-merge-r01-00016
  Partitioned compression: HG005_GRCh38_1_22_v4.2.1_benchmark: hdt-merge complete — hdt-merge-r01-00016
  Partitioned compression: HG005_GRCh38_1_22_v4.2.1_benchmark: hdt-merge started — hdt-merge-r01-00017
  Partitioned compression: HG005_GRCh38_1_22_v4.2.1_benchmark: hdt-merge complete — hdt-merge-r01-00017
  Partitioned compression: HG005_GRCh38_1_22_v4.2.1_benchmark: hdt-merge started — hdt-merge-r01-00018
  Partitioned compression: HG005_GRCh38_1_22_v4.2.1_benchmark: hdt-merge complete — hdt-merge-r01-00018
  Partitioned compression: HG005_GRCh38_1_22_v4.2.1_benchmark: hdt-merge started — hdt-merge-r01-00019
  Partitioned compression: HG005_GRCh38_1_22_v4.2.1_benchmark: hdt-merge complete — hdt-merge-r01-00019
  Partitioned compression: HG005_GRCh38_1_22_v4.2.1_benchmark: hdt-merge started — hdt-merge-r01-00020
  Partitioned compression: HG005_GRCh38_1_22_v4.2.1_benchmark: hdt-merge complete — hdt-merge-r01-00020
  Partitioned compression: HG005_GRCh38_1_22_v4.2.1_benchmark: hdt-merge started — hdt-merge-r01-00021
  Partitioned compression: HG005_GRCh38_1_22_v4.2.1_benchmark: hdt-merge complete — hdt-merge-r01-00021
  Partitioned compression: HG005_GRCh38_1_22_v4.2.1_benchmark: hdt-merge started — hdt-merge-r01-00022
  Partitioned compression: HG005_GRCh38_1_22_v4.2.1_benchmark: hdt-merge complete — hdt-merge-r01-00022
  Partitioned compression: HG005_GRCh38_1_22_v4.2.1_benchmark: hdt-merge started — hdt-merge-r01-00023
  Partitioned compression: HG005_GRCh38_1_22_v4.2.1_benchmark: hdt-merge complete — hdt-merge-r01-00023
  Partitioned compression: HG005_GRCh38_1_22_v4.2.1_benchmark: hdt-merge started — hdt-merge-r01-00024
  Partitioned compression: HG005_GRCh38_1_22_v4.2.1_benchmark: hdt-merge complete — hdt-merge-r01-00024
  Partitioned compression: HG005_GRCh38_1_22_v4.2.1_benchmark: hdt-merge started — hdt-merge-r01-00025
  Partitioned compression: HG005_GRCh38_1_22_v4.2.1_benchmark: hdt-merge complete — hdt-merge-r01-00025
  Partitioned compression: HG005_GRCh38_1_22_v4.2.1_benchmark: hdt-merge started — hdt-merge-r01-00026
  Partitioned compression: HG005_GRCh38_1_22_v4.2.1_benchmark: hdt-merge complete — hdt-merge-r01-00026
  Partitioned compression: HG005_GRCh38_1_22_v4.2.1_benchmark: hdt-merge started — hdt-merge-r01-00027
  Partitioned compression: HG005_GRCh38_1_22_v4.2.1_benchmark: hdt-merge complete — hdt-merge-r01-00027
  Partitioned compression: HG005_GRCh38_1_22_v4.2.1_benchmark: hdt-merge started — hdt-merge-r01-00028
  Partitioned compression: HG005_GRCh38_1_22_v4.2.1_benchmark: hdt-merge complete — hdt-merge-r01-00028
  Partitioned compression: HG005_GRCh38_1_22_v4.2.1_benchmark: hdt-merge started — hdt-merge-r01-00029
  Partitioned compression: HG005_GRCh38_1_22_v4.2.1_benchmark: hdt-merge complete — hdt-merge-r01-00029
  Partitioned compression: HG005_GRCh38_1_22_v4.2.1_benchmark: hdt-merge started — hdt-merge-r01-00030
  Partitioned compression: HG005_GRCh38_1_22_v4.2.1_benchmark: hdt-merge complete — hdt-merge-r01-00030
  Partitioned compression: HG005_GRCh38_1_22_v4.2.1_benchmark: hdt-merge started — hdt-merge-r01-00031
  Partitioned compression: HG005_GRCh38_1_22_v4.2.1_benchmark: hdt-merge complete — hdt-merge-r01-00031
  Partitioned compression: HG005_GRCh38_1_22_v4.2.1_benchmark: hdt-merge started — hdt-merge-r01-00032
  Partitioned compression: HG005_GRCh38_1_22_v4.2.1_benchmark: hdt-merge complete — hdt-merge-r01-00032
  Partitioned compression: HG005_GRCh38_1_22_v4.2.1_benchmark: hdt-merge started — hdt-merge-r01-00033
  Partitioned compression: HG005_GRCh38_1_22_v4.2.1_benchmark: hdt-merge complete — hdt-merge-r01-00033
  Partitioned compression: HG005_GRCh38_1_22_v4.2.1_benchmark: hdt-merge started — hdt-merge-r01-00034
  Partitioned compression: HG005_GRCh38_1_22_v4.2.1_benchmark: hdt-merge complete — hdt-merge-r01-00034
  Partitioned compression: HG005_GRCh38_1_22_v4.2.1_benchmark: hdt-merge started — hdt-merge-r01-00035
  Partitioned compression: HG005_GRCh38_1_22_v4.2.1_benchmark: hdt-merge complete — hdt-merge-r01-00035
  Partitioned compression: HG005_GRCh38_1_22_v4.2.1_benchmark: hdt-merge started — hdt-merge-r01-00036
  Partitioned compression: HG005_GRCh38_1_22_v4.2.1_benchmark: hdt-merge complete — hdt-merge-r01-00036
  Partitioned compression: HG005_GRCh38_1_22_v4.2.1_benchmark: hdt-merge started — hdt-merge-r01-00037
  Partitioned compression: HG005_GRCh38_1_22_v4.2.1_benchmark: hdt-merge complete — hdt-merge-r01-00037
  Partitioned compression: HG005_GRCh38_1_22_v4.2.1_benchmark: hdt-merge started — hdt-merge-r01-00038
  Partitioned compression: HG005_GRCh38_1_22_v4.2.1_benchmark: hdt-merge complete — hdt-merge-r01-00038
  Partitioned compression: HG005_GRCh38_1_22_v4.2.1_benchmark: hdt-merge started — hdt-merge-r01-00039
  Partitioned compression: HG005_GRCh38_1_22_v4.2.1_benchmark: hdt-merge complete — hdt-merge-r01-00039
  Partitioned compression: HG005_GRCh38_1_22_v4.2.1_benchmark: hdt-merge started — hdt-merge-r01-00040
  Partitioned compression: HG005_GRCh38_1_22_v4.2.1_benchmark: hdt-merge complete — hdt-merge-r01-00040
  Partitioned compression: HG005_GRCh38_1_22_v4.2.1_benchmark: hdt-merge started — hdt-merge-r01-00041
  Partitioned compression: HG005_GRCh38_1_22_v4.2.1_benchmark: hdt-merge complete — hdt-merge-r01-00041
  Partitioned compression: HG005_GRCh38_1_22_v4.2.1_benchmark: hdt-merge started — hdt-merge-r01-00042
  Partitioned compression: HG005_GRCh38_1_22_v4.2.1_benchmark: hdt-merge complete — hdt-merge-r01-00042
  Partitioned compression: HG005_GRCh38_1_22_v4.2.1_benchmark: hdt-merge started — hdt-merge-r01-00043
  Partitioned compression: HG005_GRCh38_1_22_v4.2.1_benchmark: hdt-merge complete — hdt-merge-r01-00043
  Partitioned compression: HG005_GRCh38_1_22_v4.2.1_benchmark: hdt-merge started — hdt-merge-r01-00044
  Partitioned compression: HG005_GRCh38_1_22_v4.2.1_benchmark: hdt-merge complete — hdt-merge-r01-00044
  Partitioned compression: HG005_GRCh38_1_22_v4.2.1_benchmark: hdt-merge started — hdt-merge-r01-00045
  Partitioned compression: HG005_GRCh38_1_22_v4.2.1_benchmark: hdt-merge complete — hdt-merge-r01-00045
  Partitioned compression: HG005_GRCh38_1_22_v4.2.1_benchmark: hdt-merge started — hdt-merge-r01-00046
  Partitioned compression: HG005_GRCh38_1_22_v4.2.1_benchmark: hdt-merge complete — hdt-merge-r01-00046
  Partitioned compression: HG005_GRCh38_1_22_v4.2.1_benchmark: hdt-merge started — hdt-merge-r01-00047
  Partitioned compression: HG005_GRCh38_1_22_v4.2.1_benchmark: hdt-merge complete — hdt-merge-r01-00047
  Partitioned compression: HG005_GRCh38_1_22_v4.2.1_benchmark: hdt-merge started — hdt-merge-r01-00048
  Partitioned compression: HG005_GRCh38_1_22_v4.2.1_benchmark: hdt-merge complete — hdt-merge-r01-00048
  Partitioned compression: HG005_GRCh38_1_22_v4.2.1_benchmark: hdt-merge started — hdt-merge-r01-00049
  Partitioned compression: HG005_GRCh38_1_22_v4.2.1_benchmark: hdt-merge complete — hdt-merge-r01-00049
  Partitioned compression: HG005_GRCh38_1_22_v4.2.1_benchmark: hdt-merge started — hdt-merge-r01-00050
  Partitioned compression: HG005_GRCh38_1_22_v4.2.1_benchmark: hdt-merge complete — hdt-merge-r01-00050
  Partitioned compression: HG005_GRCh38_1_22_v4.2.1_benchmark: hdt-merge started — hdt-merge-r01-00051
  Partitioned compression: HG005_GRCh38_1_22_v4.2.1_benchmark: hdt-merge complete — hdt-merge-r01-00051
  Partitioned compression: HG005_GRCh38_1_22_v4.2.1_benchmark: hdt-merge started — hdt-merge-r01-00052
  Partitioned compression: HG005_GRCh38_1_22_v4.2.1_benchmark: hdt-merge complete — hdt-merge-r01-00052
  Partitioned compression: HG005_GRCh38_1_22_v4.2.1_benchmark: hdt-merge started — hdt-merge-r01-00053
  Partitioned compression: HG005_GRCh38_1_22_v4.2.1_benchmark: hdt-merge complete — hdt-merge-r01-00053
  Partitioned compression: HG005_GRCh38_1_22_v4.2.1_benchmark: hdt-merge started — hdt-merge-r01-00054
  Partitioned compression: HG005_GRCh38_1_22_v4.2.1_benchmark: hdt-merge complete — hdt-merge-r01-00054
  Partitioned compression: HG005_GRCh38_1_22_v4.2.1_benchmark: hdt-merge started — hdt-merge-r01-00055
  Partitioned compression: HG005_GRCh38_1_22_v4.2.1_benchmark: hdt-merge complete — hdt-merge-r01-00055
  Partitioned compression: HG005_GRCh38_1_22_v4.2.1_benchmark: hdt-merge started — hdt-merge-r01-00056
  Partitioned compression: HG005_GRCh38_1_22_v4.2.1_benchmark: hdt-merge complete — hdt-merge-r01-00056
  Partitioned compression: HG005_GRCh38_1_22_v4.2.1_benchmark: hdt-merge started — hdt-merge-r01-00057
  Partitioned compression: HG005_GRCh38_1_22_v4.2.1_benchmark: hdt-merge complete — hdt-merge-r01-00057
  Partitioned compression: HG005_GRCh38_1_22_v4.2.1_benchmark: hdt-merge started — hdt-merge-r01-00058
  Partitioned compression: HG005_GRCh38_1_22_v4.2.1_benchmark: hdt-merge complete — hdt-merge-r01-00058
  Partitioned compression: HG005_GRCh38_1_22_v4.2.1_benchmark: hdt-merge started — hdt-merge-r01-00059
  Partitioned compression: HG005_GRCh38_1_22_v4.2.1_benchmark: hdt-merge complete — hdt-merge-r01-00059
  Partitioned compression: HG005_GRCh38_1_22_v4.2.1_benchmark: hdt-merge started — hdt-merge-r01-00060
  Partitioned compression: HG005_GRCh38_1_22_v4.2.1_benchmark: hdt-merge complete — hdt-merge-r01-00060
  Partitioned compression: HG005_GRCh38_1_22_v4.2.1_benchmark: hdt-merge started — hdt-merge-r01-00061
  Partitioned compression: HG005_GRCh38_1_22_v4.2.1_benchmark: hdt-merge complete — hdt-merge-r01-00061
  Partitioned compression: HG005_GRCh38_1_22_v4.2.1_benchmark: hdt-merge started — hdt-merge-r01-00062
  Partitioned compression: HG005_GRCh38_1_22_v4.2.1_benchmark: hdt-merge complete — hdt-merge-r01-00062
  Partitioned compression: HG005_GRCh38_1_22_v4.2.1_benchmark: hdt-merge started — hdt-merge-r01-00063
  Partitioned compression: HG005_GRCh38_1_22_v4.2.1_benchmark: hdt-merge complete — hdt-merge-r01-00063
  Partitioned compression: HG005_GRCh38_1_22_v4.2.1_benchmark: hdt-merge started — hdt-merge-r01-00064
  Partitioned compression: HG005_GRCh38_1_22_v4.2.1_benchmark: hdt-merge complete — hdt-merge-r01-00064
  Partitioned compression: HG005_GRCh38_1_22_v4.2.1_benchmark: hdt-merge started — hdt-merge-r01-00065
  Partitioned compression: HG005_GRCh38_1_22_v4.2.1_benchmark: hdt-merge complete — hdt-merge-r01-00065
  Partitioned compression: HG005_GRCh38_1_22_v4.2.1_benchmark: hdt-merge started — hdt-merge-r01-00066
  Partitioned compression: HG005_GRCh38_1_22_v4.2.1_benchmark: hdt-merge complete — hdt-merge-r01-00066
  Partitioned compression: HG005_GRCh38_1_22_v4.2.1_benchmark: hdt-merge started — hdt-merge-r01-00067
  Partitioned compression: HG005_GRCh38_1_22_v4.2.1_benchmark: hdt-merge complete — hdt-merge-r01-00067
  Partitioned compression: HG005_GRCh38_1_22_v4.2.1_benchmark: hdt-merge started — hdt-merge-r01-00068
  Partitioned compression: HG005_GRCh38_1_22_v4.2.1_benchmark: hdt-merge complete — hdt-merge-r01-00068
  Partitioned compression: HG005_GRCh38_1_22_v4.2.1_benchmark: hdt-merge started — hdt-merge-r01-00069
  Partitioned compression: HG005_GRCh38_1_22_v4.2.1_benchmark: hdt-merge complete — hdt-merge-r01-00069
  Partitioned compression: HG005_GRCh38_1_22_v4.2.1_benchmark: hdt-merge started — hdt-merge-r01-00070
  Partitioned compression: HG005_GRCh38_1_22_v4.2.1_benchmark: hdt-merge complete — hdt-merge-r01-00070
  Partitioned compression: HG005_GRCh38_1_22_v4.2.1_benchmark: hdt-merge started — hdt-merge-r01-00071
  Partitioned compression: HG005_GRCh38_1_22_v4.2.1_benchmark: hdt-merge complete — hdt-merge-r01-00071
  Partitioned compression: HG005_GRCh38_1_22_v4.2.1_benchmark: hdt-merge started — hdt-merge-r01-00072
  Partitioned compression: HG005_GRCh38_1_22_v4.2.1_benchmark: hdt-merge complete — hdt-merge-r01-00072
  Partitioned compression: HG005_GRCh38_1_22_v4.2.1_benchmark: hdt-merge started — hdt-merge-r01-00073
  Partitioned compression: HG005_GRCh38_1_22_v4.2.1_benchmark: hdt-merge complete — hdt-merge-r01-00073
  Partitioned compression: HG005_GRCh38_1_22_v4.2.1_benchmark: hdt-merge started — hdt-merge-r01-00074
  Partitioned compression: HG005_GRCh38_1_22_v4.2.1_benchmark: hdt-merge complete — hdt-merge-r01-00074
  Partitioned compression: HG005_GRCh38_1_22_v4.2.1_benchmark: hdt-merge started — hdt-merge-r01-00075
  Partitioned compression: HG005_GRCh38_1_22_v4.2.1_benchmark: hdt-merge complete — hdt-merge-r01-00075
  Partitioned compression: HG005_GRCh38_1_22_v4.2.1_benchmark: hdt-merge started — hdt-merge-r01-00076
  Partitioned compression: HG005_GRCh38_1_22_v4.2.1_benchmark: hdt-merge complete — hdt-merge-r01-00076
  Partitioned compression: HG005_GRCh38_1_22_v4.2.1_benchmark: hdt-merge started — hdt-merge-r01-00077
  Partitioned compression: HG005_GRCh38_1_22_v4.2.1_benchmark: hdt-merge complete — hdt-merge-r01-00077
  Partitioned compression: HG005_GRCh38_1_22_v4.2.1_benchmark: hdt-merge started — hdt-merge-r01-00078
  Partitioned compression: HG005_GRCh38_1_22_v4.2.1_benchmark: hdt-merge complete — hdt-merge-r01-00078
  Partitioned compression: HG005_GRCh38_1_22_v4.2.1_benchmark: hdt-merge started — hdt-merge-r01-00079
  Partitioned compression: HG005_GRCh38_1_22_v4.2.1_benchmark: hdt-merge complete — hdt-merge-r01-00079
  Partitioned compression: HG005_GRCh38_1_22_v4.2.1_benchmark: hdt-merge started — hdt-merge-r01-00080
  Partitioned compression: HG005_GRCh38_1_22_v4.2.1_benchmark: hdt-merge complete — hdt-merge-r01-00080
  Partitioned compression: HG005_GRCh38_1_22_v4.2.1_benchmark: hdt-merge started — hdt-merge-r01-00081
  Partitioned compression: HG005_GRCh38_1_22_v4.2.1_benchmark: hdt-merge complete — hdt-merge-r01-00081
  Partitioned compression: HG005_GRCh38_1_22_v4.2.1_benchmark: hdt-merge started — hdt-merge-r01-00082
  Partitioned compression: HG005_GRCh38_1_22_v4.2.1_benchmark: hdt-merge complete — hdt-merge-r01-00082
  Partitioned compression: HG005_GRCh38_1_22_v4.2.1_benchmark: hdt-merge started — hdt-merge-r01-00083
  Partitioned compression: HG005_GRCh38_1_22_v4.2.1_benchmark: hdt-merge complete — hdt-merge-r01-00083
  Partitioned compression: HG005_GRCh38_1_22_v4.2.1_benchmark: hdt-merge started — hdt-merge-r01-00084
  Partitioned compression: HG005_GRCh38_1_22_v4.2.1_benchmark: hdt-merge complete — hdt-merge-r01-00084
  Partitioned compression: HG005_GRCh38_1_22_v4.2.1_benchmark: hdt-merge started — hdt-merge-r02-00000
  Partitioned compression: HG005_GRCh38_1_22_v4.2.1_benchmark: hdt-merge complete — hdt-merge-r02-00000
  Partitioned compression: HG005_GRCh38_1_22_v4.2.1_benchmark: hdt-merge started — hdt-merge-r02-00001
  Partitioned compression: HG005_GRCh38_1_22_v4.2.1_benchmark: hdt-merge complete — hdt-merge-r02-00001
  Partitioned compression: HG005_GRCh38_1_22_v4.2.1_benchmark: hdt-merge started — hdt-merge-r02-00002
  Partitioned compression: HG005_GRCh38_1_22_v4.2.1_benchmark: hdt-merge complete — hdt-merge-r02-00002
  Partitioned compression: HG005_GRCh38_1_22_v4.2.1_benchmark: hdt-merge started — hdt-merge-r02-00003
  Partitioned compression: HG005_GRCh38_1_22_v4.2.1_benchmark: hdt-merge complete — hdt-merge-r02-00003
  Partitioned compression: HG005_GRCh38_1_22_v4.2.1_benchmark: hdt-merge started — hdt-merge-r02-00004
  Partitioned compression: HG005_GRCh38_1_22_v4.2.1_benchmark: hdt-merge complete — hdt-merge-r02-00004
  Partitioned compression: HG005_GRCh38_1_22_v4.2.1_benchmark: hdt-merge started — hdt-merge-r02-00005
  Partitioned compression: HG005_GRCh38_1_22_v4.2.1_benchmark: hdt-merge complete — hdt-merge-r02-00005
  Partitioned compression: HG005_GRCh38_1_22_v4.2.1_benchmark: hdt-merge started — hdt-merge-r02-00006
  Partitioned compression: HG005_GRCh38_1_22_v4.2.1_benchmark: hdt-merge complete — hdt-merge-r02-00006
  Partitioned compression: HG005_GRCh38_1_22_v4.2.1_benchmark: hdt-merge started — hdt-merge-r02-00007
  Partitioned compression: HG005_GRCh38_1_22_v4.2.1_benchmark: hdt-merge complete — hdt-merge-r02-00007
  Partitioned compression: HG005_GRCh38_1_22_v4.2.1_benchmark: hdt-merge started — hdt-merge-r02-00008
  Partitioned compression: HG005_GRCh38_1_22_v4.2.1_benchmark: hdt-merge complete — hdt-merge-r02-00008
  Partitioned compression: HG005_GRCh38_1_22_v4.2.1_benchmark: hdt-merge started — hdt-merge-r02-00009
  Partitioned compression: HG005_GRCh38_1_22_v4.2.1_benchmark: hdt-merge complete — hdt-merge-r02-00009
  Partitioned compression: HG005_GRCh38_1_22_v4.2.1_benchmark: hdt-merge started — hdt-merge-r02-00010
  Partitioned compression: HG005_GRCh38_1_22_v4.2.1_benchmark: hdt-merge complete — hdt-merge-r02-00010
  Partitioned compression: HG005_GRCh38_1_22_v4.2.1_benchmark: hdt-merge started — hdt-merge-r02-00011
  Partitioned compression: HG005_GRCh38_1_22_v4.2.1_benchmark: hdt-merge complete — hdt-merge-r02-00011
  Partitioned compression: HG005_GRCh38_1_22_v4.2.1_benchmark: hdt-merge started — hdt-merge-r02-00012
  Partitioned compression: HG005_GRCh38_1_22_v4.2.1_benchmark: hdt-merge complete — hdt-merge-r02-00012
  Partitioned compression: HG005_GRCh38_1_22_v4.2.1_benchmark: hdt-merge started — hdt-merge-r02-00013
  Partitioned compression: HG005_GRCh38_1_22_v4.2.1_benchmark: hdt-merge complete — hdt-merge-r02-00013
  Partitioned compression: HG005_GRCh38_1_22_v4.2.1_benchmark: hdt-merge started — hdt-merge-r02-00014
  Partitioned compression: HG005_GRCh38_1_22_v4.2.1_benchmark: hdt-merge complete — hdt-merge-r02-00014
  Partitioned compression: HG005_GRCh38_1_22_v4.2.1_benchmark: hdt-merge started — hdt-merge-r02-00015
  Partitioned compression: HG005_GRCh38_1_22_v4.2.1_benchmark: hdt-merge complete — hdt-merge-r02-00015
  Partitioned compression: HG005_GRCh38_1_22_v4.2.1_benchmark: hdt-merge started — hdt-merge-r02-00016
  Partitioned compression: HG005_GRCh38_1_22_v4.2.1_benchmark: hdt-merge complete — hdt-merge-r02-00016
  Partitioned compression: HG005_GRCh38_1_22_v4.2.1_benchmark: hdt-merge started — hdt-merge-r02-00017
  Partitioned compression: HG005_GRCh38_1_22_v4.2.1_benchmark: hdt-merge complete — hdt-merge-r02-00017
  Partitioned compression: HG005_GRCh38_1_22_v4.2.1_benchmark: hdt-merge started — hdt-merge-r02-00018
  Partitioned compression: HG005_GRCh38_1_22_v4.2.1_benchmark: hdt-merge complete — hdt-merge-r02-00018
  Partitioned compression: HG005_GRCh38_1_22_v4.2.1_benchmark: hdt-merge started — hdt-merge-r02-00019
  Partitioned compression: HG005_GRCh38_1_22_v4.2.1_benchmark: hdt-merge complete — hdt-merge-r02-00019
  Partitioned compression: HG005_GRCh38_1_22_v4.2.1_benchmark: hdt-merge started — hdt-merge-r02-00020
  Partitioned compression: HG005_GRCh38_1_22_v4.2.1_benchmark: hdt-merge complete — hdt-merge-r02-00020
  Partitioned compression: HG005_GRCh38_1_22_v4.2.1_benchmark: hdt-merge started — hdt-merge-r02-00021
  Partitioned compression: HG005_GRCh38_1_22_v4.2.1_benchmark: hdt-merge complete — hdt-merge-r02-00021
  Partitioned compression: HG005_GRCh38_1_22_v4.2.1_benchmark: hdt-merge started — hdt-merge-r02-00022
  Partitioned compression: HG005_GRCh38_1_22_v4.2.1_benchmark: hdt-merge complete — hdt-merge-r02-00022
  Partitioned compression: HG005_GRCh38_1_22_v4.2.1_benchmark: hdt-merge started — hdt-merge-r02-00023
  Partitioned compression: HG005_GRCh38_1_22_v4.2.1_benchmark: hdt-merge complete — hdt-merge-r02-00023
  Partitioned compression: HG005_GRCh38_1_22_v4.2.1_benchmark: hdt-merge started — hdt-merge-r02-00024
  Partitioned compression: HG005_GRCh38_1_22_v4.2.1_benchmark: hdt-merge complete — hdt-merge-r02-00024
  Partitioned compression: HG005_GRCh38_1_22_v4.2.1_benchmark: hdt-merge started — hdt-merge-r02-00025
  Partitioned compression: HG005_GRCh38_1_22_v4.2.1_benchmark: hdt-merge complete — hdt-merge-r02-00025
  Partitioned compression: HG005_GRCh38_1_22_v4.2.1_benchmark: hdt-merge started — hdt-merge-r02-00026
  Partitioned compression: HG005_GRCh38_1_22_v4.2.1_benchmark: hdt-merge complete — hdt-merge-r02-00026
  Partitioned compression: HG005_GRCh38_1_22_v4.2.1_benchmark: hdt-merge started — hdt-merge-r02-00027
  Partitioned compression: HG005_GRCh38_1_22_v4.2.1_benchmark: hdt-merge complete — hdt-merge-r02-00027
  Partitioned compression: HG005_GRCh38_1_22_v4.2.1_benchmark: hdt-merge started — hdt-merge-r02-00028
  Partitioned compression: HG005_GRCh38_1_22_v4.2.1_benchmark: hdt-merge complete — hdt-merge-r02-00028
  Partitioned compression: HG005_GRCh38_1_22_v4.2.1_benchmark: hdt-merge started — hdt-merge-r02-00029
  Partitioned compression: HG005_GRCh38_1_22_v4.2.1_benchmark: hdt-merge complete — hdt-merge-r02-00029
  Partitioned compression: HG005_GRCh38_1_22_v4.2.1_benchmark: hdt-merge started — hdt-merge-r02-00030
  Partitioned compression: HG005_GRCh38_1_22_v4.2.1_benchmark: hdt-merge complete — hdt-merge-r02-00030
  Partitioned compression: HG005_GRCh38_1_22_v4.2.1_benchmark: hdt-merge started — hdt-merge-r02-00031
  Partitioned compression: HG005_GRCh38_1_22_v4.2.1_benchmark: hdt-merge complete — hdt-merge-r02-00031
  Partitioned compression: HG005_GRCh38_1_22_v4.2.1_benchmark: hdt-merge started — hdt-merge-r02-00032
  Partitioned compression: HG005_GRCh38_1_22_v4.2.1_benchmark: hdt-merge complete — hdt-merge-r02-00032
  Partitioned compression: HG005_GRCh38_1_22_v4.2.1_benchmark: hdt-merge started — hdt-merge-r02-00033
  Partitioned compression: HG005_GRCh38_1_22_v4.2.1_benchmark: hdt-merge complete — hdt-merge-r02-00033
  Partitioned compression: HG005_GRCh38_1_22_v4.2.1_benchmark: hdt-merge started — hdt-merge-r02-00034
  Partitioned compression: HG005_GRCh38_1_22_v4.2.1_benchmark: hdt-merge complete — hdt-merge-r02-00034
  Partitioned compression: HG005_GRCh38_1_22_v4.2.1_benchmark: hdt-merge started — hdt-merge-r02-00035
  Partitioned compression: HG005_GRCh38_1_22_v4.2.1_benchmark: hdt-merge complete — hdt-merge-r02-00035
  Partitioned compression: HG005_GRCh38_1_22_v4.2.1_benchmark: hdt-merge started — hdt-merge-r02-00036
  Partitioned compression: HG005_GRCh38_1_22_v4.2.1_benchmark: hdt-merge complete — hdt-merge-r02-00036
  Partitioned compression: HG005_GRCh38_1_22_v4.2.1_benchmark: hdt-merge started — hdt-merge-r02-00037
  Partitioned compression: HG005_GRCh38_1_22_v4.2.1_benchmark: hdt-merge complete — hdt-merge-r02-00037
  Partitioned compression: HG005_GRCh38_1_22_v4.2.1_benchmark: hdt-merge started — hdt-merge-r02-00038
  Partitioned compression: HG005_GRCh38_1_22_v4.2.1_benchmark: hdt-merge complete — hdt-merge-r02-00038
  Partitioned compression: HG005_GRCh38_1_22_v4.2.1_benchmark: hdt-merge started — hdt-merge-r02-00039
  Partitioned compression: HG005_GRCh38_1_22_v4.2.1_benchmark: hdt-merge complete — hdt-merge-r02-00039
  Partitioned compression: HG005_GRCh38_1_22_v4.2.1_benchmark: hdt-merge started — hdt-merge-r02-00040
  Partitioned compression: HG005_GRCh38_1_22_v4.2.1_benchmark: hdt-merge complete — hdt-merge-r02-00040
  Partitioned compression: HG005_GRCh38_1_22_v4.2.1_benchmark: hdt-merge started — hdt-merge-r02-00041
  Partitioned compression: HG005_GRCh38_1_22_v4.2.1_benchmark: hdt-merge complete — hdt-merge-r02-00041
  Partitioned compression: HG005_GRCh38_1_22_v4.2.1_benchmark: hdt-merge started — hdt-merge-r03-00000
  Partitioned compression: HG005_GRCh38_1_22_v4.2.1_benchmark: hdt-merge complete — hdt-merge-r03-00000
  Partitioned compression: HG005_GRCh38_1_22_v4.2.1_benchmark: hdt-merge started — hdt-merge-r03-00001
  Partitioned compression: HG005_GRCh38_1_22_v4.2.1_benchmark: hdt-merge complete — hdt-merge-r03-00001
  Partitioned compression: HG005_GRCh38_1_22_v4.2.1_benchmark: hdt-merge started — hdt-merge-r03-00002
  Partitioned compression: HG005_GRCh38_1_22_v4.2.1_benchmark: hdt-merge complete — hdt-merge-r03-00002
  Partitioned compression: HG005_GRCh38_1_22_v4.2.1_benchmark: hdt-merge started — hdt-merge-r03-00003
  Partitioned compression: HG005_GRCh38_1_22_v4.2.1_benchmark: hdt-merge complete — hdt-merge-r03-00003
  Partitioned compression: HG005_GRCh38_1_22_v4.2.1_benchmark: hdt-merge started — hdt-merge-r03-00004
  Partitioned compression: HG005_GRCh38_1_22_v4.2.1_benchmark: hdt-merge complete — hdt-merge-r03-00004
  Partitioned compression: HG005_GRCh38_1_22_v4.2.1_benchmark: hdt-merge started — hdt-merge-r03-00005
  Partitioned compression: HG005_GRCh38_1_22_v4.2.1_benchmark: hdt-merge complete — hdt-merge-r03-00005
  Partitioned compression: HG005_GRCh38_1_22_v4.2.1_benchmark: hdt-merge started — hdt-merge-r03-00006
  Partitioned compression: HG005_GRCh38_1_22_v4.2.1_benchmark: hdt-merge complete — hdt-merge-r03-00006
  Partitioned compression: HG005_GRCh38_1_22_v4.2.1_benchmark: hdt-merge started — hdt-merge-r03-00007
  Partitioned compression: HG005_GRCh38_1_22_v4.2.1_benchmark: hdt-merge complete — hdt-merge-r03-00007
  Partitioned compression: HG005_GRCh38_1_22_v4.2.1_benchmark: hdt-merge started — hdt-merge-r03-00008
  Partitioned compression: HG005_GRCh38_1_22_v4.2.1_benchmark: hdt-merge complete — hdt-merge-r03-00008
  Partitioned compression: HG005_GRCh38_1_22_v4.2.1_benchmark: hdt-merge started — hdt-merge-r03-00009
  Partitioned compression: HG005_GRCh38_1_22_v4.2.1_benchmark: hdt-merge complete — hdt-merge-r03-00009
  Partitioned compression: HG005_GRCh38_1_22_v4.2.1_benchmark: hdt-merge started — hdt-merge-r03-00010
  Partitioned compression: HG005_GRCh38_1_22_v4.2.1_benchmark: hdt-merge complete — hdt-merge-r03-00010
  Partitioned compression: HG005_GRCh38_1_22_v4.2.1_benchmark: hdt-merge started — hdt-merge-r03-00011
  Partitioned compression: HG005_GRCh38_1_22_v4.2.1_benchmark: hdt-merge complete — hdt-merge-r03-00011
  Partitioned compression: HG005_GRCh38_1_22_v4.2.1_benchmark: hdt-merge started — hdt-merge-r03-00012
  Partitioned compression: HG005_GRCh38_1_22_v4.2.1_benchmark: hdt-merge complete — hdt-merge-r03-00012
  Partitioned compression: HG005_GRCh38_1_22_v4.2.1_benchmark: hdt-merge started — hdt-merge-r03-00013
  Partitioned compression: HG005_GRCh38_1_22_v4.2.1_benchmark: hdt-merge complete — hdt-merge-r03-00013
  Partitioned compression: HG005_GRCh38_1_22_v4.2.1_benchmark: hdt-merge started — hdt-merge-r03-00014
  Partitioned compression: HG005_GRCh38_1_22_v4.2.1_benchmark: hdt-merge complete — hdt-merge-r03-00014
  Partitioned compression: HG005_GRCh38_1_22_v4.2.1_benchmark: hdt-merge started — hdt-merge-r03-00015
  Partitioned compression: HG005_GRCh38_1_22_v4.2.1_benchmark: hdt-merge complete — hdt-merge-r03-00015
  Partitioned compression: HG005_GRCh38_1_22_v4.2.1_benchmark: hdt-merge started — hdt-merge-r03-00016
  Partitioned compression: HG005_GRCh38_1_22_v4.2.1_benchmark: hdt-merge complete — hdt-merge-r03-00016
  Partitioned compression: HG005_GRCh38_1_22_v4.2.1_benchmark: hdt-merge started — hdt-merge-r03-00017
  Partitioned compression: HG005_GRCh38_1_22_v4.2.1_benchmark: hdt-merge complete — hdt-merge-r03-00017
  Partitioned compression: HG005_GRCh38_1_22_v4.2.1_benchmark: hdt-merge started — hdt-merge-r03-00018
  Partitioned compression: HG005_GRCh38_1_22_v4.2.1_benchmark: hdt-merge complete — hdt-merge-r03-00018
  Partitioned compression: HG005_GRCh38_1_22_v4.2.1_benchmark: hdt-merge started — hdt-merge-r03-00019
  Partitioned compression: HG005_GRCh38_1_22_v4.2.1_benchmark: hdt-merge complete — hdt-merge-r03-00019
  Partitioned compression: HG005_GRCh38_1_22_v4.2.1_benchmark: hdt-merge started — hdt-merge-r03-00020
  Partitioned compression: HG005_GRCh38_1_22_v4.2.1_benchmark: hdt-merge complete — hdt-merge-r03-00020
  Partitioned compression: HG005_GRCh38_1_22_v4.2.1_benchmark: hdt-merge started — hdt-merge-r04-00000
  Partitioned compression: HG005_GRCh38_1_22_v4.2.1_benchmark: hdt-merge complete — hdt-merge-r04-00000
  Partitioned compression: HG005_GRCh38_1_22_v4.2.1_benchmark: hdt-merge started — hdt-merge-r04-00001
  Partitioned compression: HG005_GRCh38_1_22_v4.2.1_benchmark: hdt-merge complete — hdt-merge-r04-00001
  Partitioned compression: HG005_GRCh38_1_22_v4.2.1_benchmark: hdt-merge started — hdt-merge-r04-00002
  Partitioned compression: HG005_GRCh38_1_22_v4.2.1_benchmark: hdt-merge complete — hdt-merge-r04-00002
  Partitioned compression: HG005_GRCh38_1_22_v4.2.1_benchmark: hdt-merge started — hdt-merge-r04-00003
  Partitioned compression: HG005_GRCh38_1_22_v4.2.1_benchmark: hdt-merge complete — hdt-merge-r04-00003
  Partitioned compression: HG005_GRCh38_1_22_v4.2.1_benchmark: hdt-merge started — hdt-merge-r04-00004
  Partitioned compression: HG005_GRCh38_1_22_v4.2.1_benchmark: hdt-merge complete — hdt-merge-r04-00004
  Partitioned compression: HG005_GRCh38_1_22_v4.2.1_benchmark: hdt-merge started — hdt-merge-r04-00005
  Partitioned compression: HG005_GRCh38_1_22_v4.2.1_benchmark: hdt-merge complete — hdt-merge-r04-00005
  Partitioned compression: HG005_GRCh38_1_22_v4.2.1_benchmark: hdt-merge started — hdt-merge-r04-00006
  Partitioned compression: HG005_GRCh38_1_22_v4.2.1_benchmark: hdt-merge complete — hdt-merge-r04-00006
  Partitioned compression: HG005_GRCh38_1_22_v4.2.1_benchmark: hdt-merge started — hdt-merge-r04-00007
  Partitioned compression: HG005_GRCh38_1_22_v4.2.1_benchmark: hdt-merge complete — hdt-merge-r04-00007
  Partitioned compression: HG005_GRCh38_1_22_v4.2.1_benchmark: hdt-merge started — hdt-merge-r04-00008
  Partitioned compression: HG005_GRCh38_1_22_v4.2.1_benchmark: hdt-merge complete — hdt-merge-r04-00008
  Partitioned compression: HG005_GRCh38_1_22_v4.2.1_benchmark: hdt-merge started — hdt-merge-r04-00009
  Partitioned compression: HG005_GRCh38_1_22_v4.2.1_benchmark: hdt-merge complete — hdt-merge-r04-00009
  Partitioned compression: HG005_GRCh38_1_22_v4.2.1_benchmark: hdt-merge started — hdt-merge-r04-00010
  Partitioned compression: HG005_GRCh38_1_22_v4.2.1_benchmark: hdt-merge complete — hdt-merge-r04-00010
  Partitioned compression: HG005_GRCh38_1_22_v4.2.1_benchmark: hdt-merge started — hdt-merge-r05-00000
  Partitioned compression: HG005_GRCh38_1_22_v4.2.1_benchmark: hdt-merge complete — hdt-merge-r05-00000
  Partitioned compression: HG005_GRCh38_1_22_v4.2.1_benchmark: hdt-merge started — hdt-merge-r05-00001
  Partitioned compression: HG005_GRCh38_1_22_v4.2.1_benchmark: hdt-merge complete — hdt-merge-r05-00001
  Partitioned compression: HG005_GRCh38_1_22_v4.2.1_benchmark: hdt-merge started — hdt-merge-r05-00002
  Partitioned compression: HG005_GRCh38_1_22_v4.2.1_benchmark: hdt-merge complete — hdt-merge-r05-00002
  Partitioned compression: HG005_GRCh38_1_22_v4.2.1_benchmark: hdt-merge started — hdt-merge-r05-00003
  Partitioned compression: HG005_GRCh38_1_22_v4.2.1_benchmark: hdt-merge complete — hdt-merge-r05-00003
  Partitioned compression: HG005_GRCh38_1_22_v4.2.1_benchmark: hdt-merge started — hdt-merge-r05-00004
  Partitioned compression: HG005_GRCh38_1_22_v4.2.1_benchmark: hdt-merge complete — hdt-merge-r05-00004
  Partitioned compression: HG005_GRCh38_1_22_v4.2.1_benchmark: hdt-merge started — hdt-merge-r06-00000
  Partitioned compression: HG005_GRCh38_1_22_v4.2.1_benchmark: hdt-merge complete — hdt-merge-r06-00000
  Partitioned compression: HG005_GRCh38_1_22_v4.2.1_benchmark: hdt-merge started — hdt-merge-r06-00001
  Partitioned compression: HG005_GRCh38_1_22_v4.2.1_benchmark: hdt-merge complete — hdt-merge-r06-00001
  Partitioned compression: HG005_GRCh38_1_22_v4.2.1_benchmark: hdt-merge started — hdt-merge-r06-00002
  Partitioned compression: HG005_GRCh38_1_22_v4.2.1_benchmark: hdt-merge complete — hdt-merge-r06-00002
  Partitioned compression: HG005_GRCh38_1_22_v4.2.1_benchmark: hdt-merge started — hdt-merge-r07-00000
  Partitioned compression: HG005_GRCh38_1_22_v4.2.1_benchmark: hdt-merge complete — hdt-merge-r07-00000
  Partitioned compression: HG005_GRCh38_1_22_v4.2.1_benchmark: hdt-merge started — hdt-merge-r08-00000
  Partitioned compression: HG005_GRCh38_1_22_v4.2.1_benchmark: hdt-merge complete — hdt-merge-r08-00000
  Partitioned compression: HG005_GRCh38_1_22_v4.2.1_benchmark: hdt started — hdt-index
  Partitioned compression: HG005_GRCh38_1_22_v4.2.1_benchmark: hdt complete — hdt-index
  Partitioned compression: HG005_GRCh38_1_22_v4.2.1_benchmark: hdt started — hdt-validate
  Partitioned compression: HG005_GRCh38_1_22_v4.2.1_benchmark: hdt complete — hdt-validate
  Partitioned compression: HG005_GRCh38_1_22_v4.2.1_benchmark: cottas-merge started — cottas-merge-stream
  Partitioned compression: HG005_GRCh38_1_22_v4.2.1_benchmark: cottas-merge started — 0 triples · 170 sorted COTTAS chunks
  Partitioned compression: HG005_GRCh38_1_22_v4.2.1_benchmark: cottas-merge merging — 250,000 triples · 250,000 distinct triples written
  Partitioned compression: HG005_GRCh38_1_22_v4.2.1_benchmark: cottas-merge merging — 500,000 triples · 500,000 distinct triples written
  Partitioned compression: HG005_GRCh38_1_22_v4.2.1_benchmark: cottas-merge merging — 750,000 triples · 750,000 distinct triples written
  Partitioned compression: HG005_GRCh38_1_22_v4.2.1_benchmark: cottas-merge merging — 1,000,000 triples · 1,000,000 distinct triples written
  Partitioned compression: HG005_GRCh38_1_22_v4.2.1_benchmark: cottas-merge merging — 1,250,000 triples · 1,250,000 distinct triples written
  Partitioned compression: HG005_GRCh38_1_22_v4.2.1_benchmark: cottas-merge merging — 1,500,000 triples · 1,500,000 distinct triples written
  Partitioned compression: HG005_GRCh38_1_22_v4.2.1_benchmark: cottas-merge merging — 1,750,000 triples · 1,750,000 distinct triples written
  Partitioned compression: HG005_GRCh38_1_22_v4.2.1_benchmark: cottas-merge merging — 2,000,000 triples · 2,000,000 distinct triples written
  Partitioned compression: HG005_GRCh38_1_22_v4.2.1_benchmark: cottas-merge merging — 2,250,000 triples · 2,250,000 distinct triples written
  Partitioned compression: HG005_GRCh38_1_22_v4.2.1_benchmark: cottas-merge merging — 2,500,000 triples · 2,500,000 distinct triples written
  Partitioned compression: HG005_GRCh38_1_22_v4.2.1_benchmark: cottas-merge merging — 2,750,000 triples · 2,750,000 distinct triples written
  Partitioned compression: HG005_GRCh38_1_22_v4.2.1_benchmark: cottas-merge merging — 3,000,000 triples · 3,000,000 distinct triples written
  Partitioned compression: HG005_GRCh38_1_22_v4.2.1_benchmark: cottas-merge merging — 3,250,000 triples · 3,250,000 distinct triples written
  Partitioned compression: HG005_GRCh38_1_22_v4.2.1_benchmark: cottas-merge merging — 3,500,000 triples · 3,500,000 distinct triples written
  Partitioned compression: HG005_GRCh38_1_22_v4.2.1_benchmark: cottas-merge merging — 3,750,000 triples · 3,750,000 distinct triples written
  Partitioned compression: HG005_GRCh38_1_22_v4.2.1_benchmark: cottas-merge merging — 4,000,000 triples · 4,000,000 distinct triples written
  Partitioned compression: HG005_GRCh38_1_22_v4.2.1_benchmark: cottas-merge merging — 4,250,000 triples · 4,250,000 distinct triples written
  Partitioned compression: HG005_GRCh38_1_22_v4.2.1_benchmark: cottas-merge merging — 4,500,000 triples · 4,500,000 distinct triples written
  Partitioned compression: HG005_GRCh38_1_22_v4.2.1_benchmark: cottas-merge merging — 4,750,000 triples · 4,750,000 distinct triples written
  Partitioned compression: HG005_GRCh38_1_22_v4.2.1_benchmark: cottas-merge merging — 5,000,000 triples · 5,000,000 distinct triples written
  Partitioned compression: HG005_GRCh38_1_22_v4.2.1_benchmark: cottas-merge merging — 5,250,000 triples · 5,250,000 distinct triples written
  Partitioned compression: HG005_GRCh38_1_22_v4.2.1_benchmark: cottas-merge merging — 5,500,000 triples · 5,500,000 distinct triples written
  Partitioned compression: HG005_GRCh38_1_22_v4.2.1_benchmark: cottas-merge merging — 5,750,000 triples · 5,750,000 distinct triples written
  Partitioned compression: HG005_GRCh38_1_22_v4.2.1_benchmark: cottas-merge merging — 6,000,000 triples · 6,000,000 distinct triples written
  Partitioned compression: HG005_GRCh38_1_22_v4.2.1_benchmark: cottas-merge merging — 6,250,000 triples · 6,250,000 distinct triples written
  Partitioned compression: HG005_GRCh38_1_22_v4.2.1_benchmark: cottas-merge merging — 6,500,000 triples · 6,500,000 distinct triples written
  Partitioned compression: HG005_GRCh38_1_22_v4.2.1_benchmark: cottas-merge merging — 6,750,000 triples · 6,750,000 distinct triples written
  Partitioned compression: HG005_GRCh38_1_22_v4.2.1_benchmark: cottas-merge merging — 7,000,000 triples · 7,000,000 distinct triples written
  Partitioned compression: HG005_GRCh38_1_22_v4.2.1_benchmark: cottas-merge merging — 7,250,000 triples · 7,250,000 distinct triples written
  Partitioned compression: HG005_GRCh38_1_22_v4.2.1_benchmark: cottas-merge merging — 7,500,000 triples · 7,500,000 distinct triples written
  Partitioned compression: HG005_GRCh38_1_22_v4.2.1_benchmark: cottas-merge merging — 7,750,000 triples · 7,750,000 distinct triples written
  Partitioned compression: HG005_GRCh38_1_22_v4.2.1_benchmark: cottas-merge merging — 8,000,000 triples · 8,000,000 distinct triples written
  Partitioned compression: HG005_GRCh38_1_22_v4.2.1_benchmark: cottas-merge merging — 8,250,000 triples · 8,250,000 distinct triples written
  Partitioned compression: HG005_GRCh38_1_22_v4.2.1_benchmark: cottas-merge merging — 8,500,000 triples · 8,500,000 distinct triples written
  Partitioned compression: HG005_GRCh38_1_22_v4.2.1_benchmark: cottas-merge merging — 8,750,000 triples · 8,750,000 distinct triples written
  Partitioned compression: HG005_GRCh38_1_22_v4.2.1_benchmark: cottas-merge merging — 9,000,000 triples · 9,000,000 distinct triples written
  Partitioned compression: HG005_GRCh38_1_22_v4.2.1_benchmark: cottas-merge merging — 9,250,000 triples · 9,250,000 distinct triples written
  Partitioned compression: HG005_GRCh38_1_22_v4.2.1_benchmark: cottas-merge merging — 9,500,000 triples · 9,500,000 distinct triples written
  Partitioned compression: HG005_GRCh38_1_22_v4.2.1_benchmark: cottas-merge merging — 9,750,000 triples · 9,750,000 distinct triples written
  Partitioned compression: HG005_GRCh38_1_22_v4.2.1_benchmark: cottas-merge merging — 10,000,000 triples · 10,000,000 distinct triples written
  Partitioned compression: HG005_GRCh38_1_22_v4.2.1_benchmark: cottas-merge merging — 10,250,000 triples · 10,250,000 distinct triples written
  Partitioned compression: HG005_GRCh38_1_22_v4.2.1_benchmark: cottas-merge merging — 10,500,000 triples · 10,500,000 distinct triples written
  Partitioned compression: HG005_GRCh38_1_22_v4.2.1_benchmark: cottas-merge merging — 10,750,000 triples · 10,750,000 distinct triples written
  Partitioned compression: HG005_GRCh38_1_22_v4.2.1_benchmark: cottas-merge merging — 11,000,000 triples · 11,000,000 distinct triples written
  Partitioned compression: HG005_GRCh38_1_22_v4.2.1_benchmark: cottas-merge merging — 11,250,000 triples · 11,250,000 distinct triples written
  Partitioned compression: HG005_GRCh38_1_22_v4.2.1_benchmark: cottas-merge merging — 11,500,000 triples · 11,500,000 distinct triples written
  Partitioned compression: HG005_GRCh38_1_22_v4.2.1_benchmark: cottas-merge merging — 11,750,000 triples · 11,750,000 distinct triples written
  Partitioned compression: HG005_GRCh38_1_22_v4.2.1_benchmark: cottas-merge merging — 12,000,000 triples · 12,000,000 distinct triples written
  Partitioned compression: HG005_GRCh38_1_22_v4.2.1_benchmark: cottas-merge merging — 12,250,000 triples · 12,250,000 distinct triples written
  Partitioned compression: HG005_GRCh38_1_22_v4.2.1_benchmark: cottas-merge merging — 12,500,000 triples · 12,500,000 distinct triples written
  Partitioned compression: HG005_GRCh38_1_22_v4.2.1_benchmark: cottas-merge merging — 12,750,000 triples · 12,750,000 distinct triples written
  Partitioned compression: HG005_GRCh38_1_22_v4.2.1_benchmark: cottas-merge merging — 13,000,000 triples · 13,000,000 distinct triples written
  Partitioned compression: HG005_GRCh38_1_22_v4.2.1_benchmark: cottas-merge merging — 13,250,000 triples · 13,250,000 distinct triples written
  Partitioned compression: HG005_GRCh38_1_22_v4.2.1_benchmark: cottas-merge merging — 13,500,000 triples · 13,500,000 distinct triples written
  Partitioned compression: HG005_GRCh38_1_22_v4.2.1_benchmark: cottas-merge merging — 13,750,000 triples · 13,750,000 distinct triples written
  Partitioned compression: HG005_GRCh38_1_22_v4.2.1_benchmark: cottas-merge merging — 14,000,000 triples · 14,000,000 distinct triples written
  Partitioned compression: HG005_GRCh38_1_22_v4.2.1_benchmark: cottas-merge merging — 14,250,000 triples · 14,250,000 distinct triples written
  Partitioned compression: HG005_GRCh38_1_22_v4.2.1_benchmark: cottas-merge merging — 14,500,000 triples · 14,500,000 distinct triples written
  Partitioned compression: HG005_GRCh38_1_22_v4.2.1_benchmark: cottas-merge merging — 14,750,000 triples · 14,750,000 distinct triples written
  Partitioned compression: HG005_GRCh38_1_22_v4.2.1_benchmark: cottas-merge merging — 15,000,000 triples · 15,000,000 distinct triples written
  Partitioned compression: HG005_GRCh38_1_22_v4.2.1_benchmark: cottas-merge merging — 15,250,000 triples · 15,250,000 distinct triples written
  Partitioned compression: HG005_GRCh38_1_22_v4.2.1_benchmark: cottas-merge merging — 15,500,000 triples · 15,500,000 distinct triples written
  Partitioned compression: HG005_GRCh38_1_22_v4.2.1_benchmark: cottas-merge merging — 15,750,000 triples · 15,750,000 distinct triples written
  Partitioned compression: HG005_GRCh38_1_22_v4.2.1_benchmark: cottas-merge merging — 16,000,000 triples · 16,000,000 distinct triples written
  Partitioned compression: HG005_GRCh38_1_22_v4.2.1_benchmark: cottas-merge merging — 16,250,000 triples · 16,250,000 distinct triples written
  Partitioned compression: HG005_GRCh38_1_22_v4.2.1_benchmark: cottas-merge merging — 16,500,000 triples · 16,500,000 distinct triples written
  Partitioned compression: HG005_GRCh38_1_22_v4.2.1_benchmark: cottas-merge merging — 16,750,000 triples · 16,750,000 distinct triples written
  Partitioned compression: HG005_GRCh38_1_22_v4.2.1_benchmark: cottas-merge merging — 17,000,000 triples · 17,000,000 distinct triples written
  Partitioned compression: HG005_GRCh38_1_22_v4.2.1_benchmark: cottas-merge merging — 17,250,000 triples · 17,250,000 distinct triples written
  Partitioned compression: HG005_GRCh38_1_22_v4.2.1_benchmark: cottas-merge merging — 17,500,000 triples · 17,500,000 distinct triples written
  Partitioned compression: HG005_GRCh38_1_22_v4.2.1_benchmark: cottas-merge merging — 17,750,000 triples · 17,750,000 distinct triples written
  Partitioned compression: HG005_GRCh38_1_22_v4.2.1_benchmark: cottas-merge merging — 18,000,000 triples · 18,000,000 distinct triples written
  Partitioned compression: HG005_GRCh38_1_22_v4.2.1_benchmark: cottas-merge merging — 18,250,000 triples · 18,250,000 distinct triples written
  Partitioned compression: HG005_GRCh38_1_22_v4.2.1_benchmark: cottas-merge merging — 18,500,000 triples · 18,500,000 distinct triples written
  Partitioned compression: HG005_GRCh38_1_22_v4.2.1_benchmark: cottas-merge merging — 18,750,000 triples · 18,750,000 distinct triples written
  Partitioned compression: HG005_GRCh38_1_22_v4.2.1_benchmark: cottas-merge merging — 19,000,000 triples · 19,000,000 distinct triples written
  Partitioned compression: HG005_GRCh38_1_22_v4.2.1_benchmark: cottas-merge merging — 19,250,000 triples · 19,250,000 distinct triples written
  Partitioned compression: HG005_GRCh38_1_22_v4.2.1_benchmark: cottas-merge merging — 19,500,000 triples · 19,500,000 distinct triples written
  Partitioned compression: HG005_GRCh38_1_22_v4.2.1_benchmark: cottas-merge merging — 19,750,000 triples · 19,750,000 distinct triples written
  Partitioned compression: HG005_GRCh38_1_22_v4.2.1_benchmark: cottas-merge merging — 20,000,000 triples · 20,000,000 distinct triples written
  Partitioned compression: HG005_GRCh38_1_22_v4.2.1_benchmark: cottas-merge merging — 20,250,000 triples · 20,250,000 distinct triples written
  Partitioned compression: HG005_GRCh38_1_22_v4.2.1_benchmark: cottas-merge merging — 20,500,000 triples · 20,500,000 distinct triples written
  Partitioned compression: HG005_GRCh38_1_22_v4.2.1_benchmark: cottas-merge merging — 20,750,000 triples · 20,750,000 distinct triples written
  Partitioned compression: HG005_GRCh38_1_22_v4.2.1_benchmark: cottas-merge merging — 21,000,000 triples · 21,000,000 distinct triples written
  Partitioned compression: HG005_GRCh38_1_22_v4.2.1_benchmark: cottas-merge merging — 21,250,000 triples · 21,250,000 distinct triples written
  Partitioned compression: HG005_GRCh38_1_22_v4.2.1_benchmark: cottas-merge merging — 21,500,000 triples · 21,500,000 distinct triples written
  Partitioned compression: HG005_GRCh38_1_22_v4.2.1_benchmark: cottas-merge merging — 21,750,000 triples · 21,750,000 distinct triples written
  Partitioned compression: HG005_GRCh38_1_22_v4.2.1_benchmark: cottas-merge merging — 22,000,000 triples · 22,000,000 distinct triples written
  Partitioned compression: HG005_GRCh38_1_22_v4.2.1_benchmark: cottas-merge merging — 22,250,000 triples · 22,250,000 distinct triples written
  Partitioned compression: HG005_GRCh38_1_22_v4.2.1_benchmark: cottas-merge merging — 22,500,000 triples · 22,500,000 distinct triples written
  Partitioned compression: HG005_GRCh38_1_22_v4.2.1_benchmark: cottas-merge merging — 22,750,000 triples · 22,750,000 distinct triples written
  Partitioned compression: HG005_GRCh38_1_22_v4.2.1_benchmark: cottas-merge merging — 23,000,000 triples · 23,000,000 distinct triples written
  Partitioned compression: HG005_GRCh38_1_22_v4.2.1_benchmark: cottas-merge merging — 23,250,000 triples · 23,250,000 distinct triples written
  Partitioned compression: HG005_GRCh38_1_22_v4.2.1_benchmark: cottas-merge merging — 23,500,000 triples · 23,500,000 distinct triples written
  Partitioned compression: HG005_GRCh38_1_22_v4.2.1_benchmark: cottas-merge merging — 23,750,000 triples · 23,750,000 distinct triples written
  Partitioned compression: HG005_GRCh38_1_22_v4.2.1_benchmark: cottas-merge merging — 24,000,000 triples · 24,000,000 distinct triples written
  Partitioned compression: HG005_GRCh38_1_22_v4.2.1_benchmark: cottas-merge merging — 24,250,000 triples · 24,250,000 distinct triples written
  Partitioned compression: HG005_GRCh38_1_22_v4.2.1_benchmark: cottas-merge merging — 24,500,000 triples · 24,500,000 distinct triples written
  Partitioned compression: HG005_GRCh38_1_22_v4.2.1_benchmark: cottas-merge merging — 24,750,000 triples · 24,750,000 distinct triples written
  Partitioned compression: HG005_GRCh38_1_22_v4.2.1_benchmark: cottas-merge merging — 25,000,000 triples · 25,000,000 distinct triples written
  Partitioned compression: HG005_GRCh38_1_22_v4.2.1_benchmark: cottas-merge merging — 25,250,000 triples · 25,250,000 distinct triples written
  Partitioned compression: HG005_GRCh38_1_22_v4.2.1_benchmark: cottas-merge merging — 25,500,000 triples · 25,500,000 distinct triples written
  Partitioned compression: HG005_GRCh38_1_22_v4.2.1_benchmark: cottas-merge merging — 25,750,000 triples · 25,750,000 distinct triples written
  Partitioned compression: HG005_GRCh38_1_22_v4.2.1_benchmark: cottas-merge merging — 26,000,000 triples · 26,000,000 distinct triples written
  Partitioned compression: HG005_GRCh38_1_22_v4.2.1_benchmark: cottas-merge merging — 26,250,000 triples · 26,250,000 distinct triples written
  Partitioned compression: HG005_GRCh38_1_22_v4.2.1_benchmark: cottas-merge merging — 26,500,000 triples · 26,500,000 distinct triples written
  Partitioned compression: HG005_GRCh38_1_22_v4.2.1_benchmark: cottas-merge merging — 26,750,000 triples · 26,750,000 distinct triples written
  Partitioned compression: HG005_GRCh38_1_22_v4.2.1_benchmark: cottas-merge merging — 27,000,000 triples · 27,000,000 distinct triples written
  Partitioned compression: HG005_GRCh38_1_22_v4.2.1_benchmark: cottas-merge merging — 27,250,000 triples · 27,250,000 distinct triples written
  Partitioned compression: HG005_GRCh38_1_22_v4.2.1_benchmark: cottas-merge merging — 27,500,000 triples · 27,500,000 distinct triples written
  Partitioned compression: HG005_GRCh38_1_22_v4.2.1_benchmark: cottas-merge merging — 27,750,000 triples · 27,750,000 distinct triples written
  Partitioned compression: HG005_GRCh38_1_22_v4.2.1_benchmark: cottas-merge merging — 28,000,000 triples · 28,000,000 distinct triples written
  Partitioned compression: HG005_GRCh38_1_22_v4.2.1_benchmark: cottas-merge merging — 28,250,000 triples · 28,250,000 distinct triples written
  Partitioned compression: HG005_GRCh38_1_22_v4.2.1_benchmark: cottas-merge merging — 28,500,000 triples · 28,500,000 distinct triples written
  Partitioned compression: HG005_GRCh38_1_22_v4.2.1_benchmark: cottas-merge merging — 28,750,000 triples · 28,750,000 distinct triples written
  Partitioned compression: HG005_GRCh38_1_22_v4.2.1_benchmark: cottas-merge merging — 29,000,000 triples · 29,000,000 distinct triples written
  Partitioned compression: HG005_GRCh38_1_22_v4.2.1_benchmark: cottas-merge merging — 29,250,000 triples · 29,250,000 distinct triples written
  Partitioned compression: HG005_GRCh38_1_22_v4.2.1_benchmark: cottas-merge merging — 29,500,000 triples · 29,500,000 distinct triples written
  Partitioned compression: HG005_GRCh38_1_22_v4.2.1_benchmark: cottas-merge merging — 29,750,000 triples · 29,750,000 distinct triples written
  Partitioned compression: HG005_GRCh38_1_22_v4.2.1_benchmark: cottas-merge merging — 30,000,000 triples · 30,000,000 distinct triples written
  Partitioned compression: HG005_GRCh38_1_22_v4.2.1_benchmark: cottas-merge merging — 30,250,000 triples · 30,250,000 distinct triples written
  Partitioned compression: HG005_GRCh38_1_22_v4.2.1_benchmark: cottas-merge merging — 30,500,000 triples · 30,500,000 distinct triples written
  Partitioned compression: HG005_GRCh38_1_22_v4.2.1_benchmark: cottas-merge merging — 30,750,000 triples · 30,750,000 distinct triples written
  Partitioned compression: HG005_GRCh38_1_22_v4.2.1_benchmark: cottas-merge merging — 31,000,000 triples · 31,000,000 distinct triples written
  Partitioned compression: HG005_GRCh38_1_22_v4.2.1_benchmark: cottas-merge merging — 31,250,000 triples · 31,250,000 distinct triples written
  Partitioned compression: HG005_GRCh38_1_22_v4.2.1_benchmark: cottas-merge merging — 31,500,000 triples · 31,500,000 distinct triples written
  Partitioned compression: HG005_GRCh38_1_22_v4.2.1_benchmark: cottas-merge merging — 31,750,000 triples · 31,750,000 distinct triples written
  Partitioned compression: HG005_GRCh38_1_22_v4.2.1_benchmark: cottas-merge merging — 32,000,000 triples · 32,000,000 distinct triples written
  Partitioned compression: HG005_GRCh38_1_22_v4.2.1_benchmark: cottas-merge merging — 32,250,000 triples · 32,250,000 distinct triples written
  Partitioned compression: HG005_GRCh38_1_22_v4.2.1_benchmark: cottas-merge merging — 32,500,000 triples · 32,500,000 distinct triples written
  Partitioned compression: HG005_GRCh38_1_22_v4.2.1_benchmark: cottas-merge merging — 32,750,000 triples · 32,750,000 distinct triples written
  Partitioned compression: HG005_GRCh38_1_22_v4.2.1_benchmark: cottas-merge merging — 33,000,000 triples · 33,000,000 distinct triples written
  Partitioned compression: HG005_GRCh38_1_22_v4.2.1_benchmark: cottas-merge merging — 33,250,000 triples · 33,250,000 distinct triples written
  Partitioned compression: HG005_GRCh38_1_22_v4.2.1_benchmark: cottas-merge merging — 33,500,000 triples · 33,500,000 distinct triples written
  Partitioned compression: HG005_GRCh38_1_22_v4.2.1_benchmark: cottas-merge merging — 33,750,000 triples · 33,750,000 distinct triples written
  Partitioned compression: HG005_GRCh38_1_22_v4.2.1_benchmark: cottas-merge merging — 34,000,000 triples · 34,000,000 distinct triples written
  Partitioned compression: HG005_GRCh38_1_22_v4.2.1_benchmark: cottas-merge merging — 34,250,000 triples · 34,250,000 distinct triples written
  Partitioned compression: HG005_GRCh38_1_22_v4.2.1_benchmark: cottas-merge merging — 34,500,000 triples · 34,500,000 distinct triples written
  Partitioned compression: HG005_GRCh38_1_22_v4.2.1_benchmark: cottas-merge merging — 34,750,000 triples · 34,750,000 distinct triples written
  Partitioned compression: HG005_GRCh38_1_22_v4.2.1_benchmark: cottas-merge merging — 35,000,000 triples · 35,000,000 distinct triples written
  Partitioned compression: HG005_GRCh38_1_22_v4.2.1_benchmark: cottas-merge merging — 35,250,000 triples · 35,250,000 distinct triples written
  Partitioned compression: HG005_GRCh38_1_22_v4.2.1_benchmark: cottas-merge merging — 35,500,000 triples · 35,500,000 distinct triples written
  Partitioned compression: HG005_GRCh38_1_22_v4.2.1_benchmark: cottas-merge merging — 35,750,000 triples · 35,750,000 distinct triples written
  Partitioned compression: HG005_GRCh38_1_22_v4.2.1_benchmark: cottas-merge merging — 36,000,000 triples · 36,000,000 distinct triples written
  Partitioned compression: HG005_GRCh38_1_22_v4.2.1_benchmark: cottas-merge merging — 36,250,000 triples · 36,250,000 distinct triples written
  Partitioned compression: HG005_GRCh38_1_22_v4.2.1_benchmark: cottas-merge merging — 36,500,000 triples · 36,500,000 distinct triples written
  Partitioned compression: HG005_GRCh38_1_22_v4.2.1_benchmark: cottas-merge merging — 36,750,000 triples · 36,750,000 distinct triples written
  Partitioned compression: HG005_GRCh38_1_22_v4.2.1_benchmark: cottas-merge merging — 37,000,000 triples · 37,000,000 distinct triples written
  Partitioned compression: HG005_GRCh38_1_22_v4.2.1_benchmark: cottas-merge merging — 37,250,000 triples · 37,250,000 distinct triples written
  Partitioned compression: HG005_GRCh38_1_22_v4.2.1_benchmark: cottas-merge merging — 37,500,000 triples · 37,500,000 distinct triples written
  Partitioned compression: HG005_GRCh38_1_22_v4.2.1_benchmark: cottas-merge merging — 37,750,000 triples · 37,750,000 distinct triples written
  Partitioned compression: HG005_GRCh38_1_22_v4.2.1_benchmark: cottas-merge merging — 38,000,000 triples · 38,000,000 distinct triples written
  Partitioned compression: HG005_GRCh38_1_22_v4.2.1_benchmark: cottas-merge merging — 38,250,000 triples · 38,250,000 distinct triples written
  Partitioned compression: HG005_GRCh38_1_22_v4.2.1_benchmark: cottas-merge merging — 38,500,000 triples · 38,500,000 distinct triples written
  Partitioned compression: HG005_GRCh38_1_22_v4.2.1_benchmark: cottas-merge merging — 38,750,000 triples · 38,750,000 distinct triples written
  Partitioned compression: HG005_GRCh38_1_22_v4.2.1_benchmark: cottas-merge merging — 39,000,000 triples · 39,000,000 distinct triples written
  Partitioned compression: HG005_GRCh38_1_22_v4.2.1_benchmark: cottas-merge merging — 39,250,000 triples · 39,250,000 distinct triples written
  Partitioned compression: HG005_GRCh38_1_22_v4.2.1_benchmark: cottas-merge merging — 39,500,000 triples · 39,500,000 distinct triples written
  Partitioned compression: HG005_GRCh38_1_22_v4.2.1_benchmark: cottas-merge merging — 39,750,000 triples · 39,750,000 distinct triples written
  Partitioned compression: HG005_GRCh38_1_22_v4.2.1_benchmark: cottas-merge merging — 40,000,000 triples · 40,000,000 distinct triples written
  Partitioned compression: HG005_GRCh38_1_22_v4.2.1_benchmark: cottas-merge merging — 40,250,000 triples · 40,250,000 distinct triples written
  Partitioned compression: HG005_GRCh38_1_22_v4.2.1_benchmark: cottas-merge merging — 40,500,000 triples · 40,500,000 distinct triples written
  Partitioned compression: HG005_GRCh38_1_22_v4.2.1_benchmark: cottas-merge merging — 40,750,000 triples · 40,750,000 distinct triples written
  Partitioned compression: HG005_GRCh38_1_22_v4.2.1_benchmark: cottas-merge merging — 41,000,000 triples · 41,000,000 distinct triples written
  Partitioned compression: HG005_GRCh38_1_22_v4.2.1_benchmark: cottas-merge merging — 41,250,000 triples · 41,250,000 distinct triples written
  Partitioned compression: HG005_GRCh38_1_22_v4.2.1_benchmark: cottas-merge merging — 41,500,000 triples · 41,500,000 distinct triples written
  Partitioned compression: HG005_GRCh38_1_22_v4.2.1_benchmark: cottas-merge merging — 41,750,000 triples · 41,750,000 distinct triples written
  Partitioned compression: HG005_GRCh38_1_22_v4.2.1_benchmark: cottas-merge merging — 42,000,000 triples · 42,000,000 distinct triples written
  Partitioned compression: HG005_GRCh38_1_22_v4.2.1_benchmark: cottas-merge merging — 42,250,000 triples · 42,250,000 distinct triples written
  Partitioned compression: HG005_GRCh38_1_22_v4.2.1_benchmark: cottas-merge merging — 42,500,000 triples · 42,500,000 distinct triples written
  Partitioned compression: HG005_GRCh38_1_22_v4.2.1_benchmark: cottas-merge merging — 42,750,000 triples · 42,750,000 distinct triples written
  Partitioned compression: HG005_GRCh38_1_22_v4.2.1_benchmark: cottas-merge merging — 43,000,000 triples · 43,000,000 distinct triples written
  Partitioned compression: HG005_GRCh38_1_22_v4.2.1_benchmark: cottas-merge merging — 43,250,000 triples · 43,250,000 distinct triples written
  Partitioned compression: HG005_GRCh38_1_22_v4.2.1_benchmark: cottas-merge merging — 43,500,000 triples · 43,500,000 distinct triples written
  Partitioned compression: HG005_GRCh38_1_22_v4.2.1_benchmark: cottas-merge merging — 43,750,000 triples · 43,750,000 distinct triples written
  Partitioned compression: HG005_GRCh38_1_22_v4.2.1_benchmark: cottas-merge merging — 44,000,000 triples · 44,000,000 distinct triples written
  Partitioned compression: HG005_GRCh38_1_22_v4.2.1_benchmark: cottas-merge merging — 44,250,000 triples · 44,250,000 distinct triples written
  Partitioned compression: HG005_GRCh38_1_22_v4.2.1_benchmark: cottas-merge merging — 44,500,000 triples · 44,500,000 distinct triples written
  Partitioned compression: HG005_GRCh38_1_22_v4.2.1_benchmark: cottas-merge merging — 44,750,000 triples · 44,750,000 distinct triples written
  Partitioned compression: HG005_GRCh38_1_22_v4.2.1_benchmark: cottas-merge merging — 45,000,000 triples · 45,000,000 distinct triples written
  Partitioned compression: HG005_GRCh38_1_22_v4.2.1_benchmark: cottas-merge merging — 45,250,000 triples · 45,250,000 distinct triples written
  Partitioned compression: HG005_GRCh38_1_22_v4.2.1_benchmark: cottas-merge merging — 45,500,000 triples · 45,500,000 distinct triples written
  Partitioned compression: HG005_GRCh38_1_22_v4.2.1_benchmark: cottas-merge merging — 45,750,000 triples · 45,750,000 distinct triples written
  Partitioned compression: HG005_GRCh38_1_22_v4.2.1_benchmark: cottas-merge merging — 46,000,000 triples · 46,000,000 distinct triples written
  Partitioned compression: HG005_GRCh38_1_22_v4.2.1_benchmark: cottas-merge merging — 46,250,000 triples · 46,250,000 distinct triples written
  Partitioned compression: HG005_GRCh38_1_22_v4.2.1_benchmark: cottas-merge merging — 46,500,000 triples · 46,500,000 distinct triples written
  Partitioned compression: HG005_GRCh38_1_22_v4.2.1_benchmark: cottas-merge merging — 46,750,000 triples · 46,750,000 distinct triples written
  Partitioned compression: HG005_GRCh38_1_22_v4.2.1_benchmark: cottas-merge merging — 47,000,000 triples · 47,000,000 distinct triples written
  Partitioned compression: HG005_GRCh38_1_22_v4.2.1_benchmark: cottas-merge merging — 47,250,000 triples · 47,250,000 distinct triples written
  Partitioned compression: HG005_GRCh38_1_22_v4.2.1_benchmark: cottas-merge merging — 47,500,000 triples · 47,500,000 distinct triples written
  Partitioned compression: HG005_GRCh38_1_22_v4.2.1_benchmark: cottas-merge merging — 47,750,000 triples · 47,750,000 distinct triples written
  Partitioned compression: HG005_GRCh38_1_22_v4.2.1_benchmark: cottas-merge merging — 48,000,000 triples · 48,000,000 distinct triples written
  Partitioned compression: HG005_GRCh38_1_22_v4.2.1_benchmark: cottas-merge merging — 48,250,000 triples · 48,250,000 distinct triples written
  Partitioned compression: HG005_GRCh38_1_22_v4.2.1_benchmark: cottas-merge merging — 48,500,000 triples · 48,500,000 distinct triples written
  Partitioned compression: HG005_GRCh38_1_22_v4.2.1_benchmark: cottas-merge merging — 48,750,000 triples · 48,750,000 distinct triples written
  Partitioned compression: HG005_GRCh38_1_22_v4.2.1_benchmark: cottas-merge merging — 49,000,000 triples · 49,000,000 distinct triples written
  Partitioned compression: HG005_GRCh38_1_22_v4.2.1_benchmark: cottas-merge merging — 49,250,000 triples · 49,250,000 distinct triples written
  Partitioned compression: HG005_GRCh38_1_22_v4.2.1_benchmark: cottas-merge merging — 49,500,000 triples · 49,500,000 distinct triples written
  Partitioned compression: HG005_GRCh38_1_22_v4.2.1_benchmark: cottas-merge merging — 49,750,000 triples · 49,750,000 distinct triples written
  Partitioned compression: HG005_GRCh38_1_22_v4.2.1_benchmark: cottas-merge merging — 50,000,000 triples · 50,000,000 distinct triples written
  Partitioned compression: HG005_GRCh38_1_22_v4.2.1_benchmark: cottas-merge merging — 50,250,000 triples · 50,250,000 distinct triples written
  Partitioned compression: HG005_GRCh38_1_22_v4.2.1_benchmark: cottas-merge merging — 50,500,000 triples · 50,500,000 distinct triples written
  Partitioned compression: HG005_GRCh38_1_22_v4.2.1_benchmark: cottas-merge merging — 50,750,000 triples · 50,750,000 distinct triples written
  Partitioned compression: HG005_GRCh38_1_22_v4.2.1_benchmark: cottas-merge merging — 51,000,000 triples · 51,000,000 distinct triples written
  Partitioned compression: HG005_GRCh38_1_22_v4.2.1_benchmark: cottas-merge merging — 51,250,000 triples · 51,250,000 distinct triples written
  Partitioned compression: HG005_GRCh38_1_22_v4.2.1_benchmark: cottas-merge merging — 51,500,000 triples · 51,500,000 distinct triples written
  Partitioned compression: HG005_GRCh38_1_22_v4.2.1_benchmark: cottas-merge merging — 51,750,000 triples · 51,750,000 distinct triples written
  Partitioned compression: HG005_GRCh38_1_22_v4.2.1_benchmark: cottas-merge merging — 52,000,000 triples · 52,000,000 distinct triples written
  Partitioned compression: HG005_GRCh38_1_22_v4.2.1_benchmark: cottas-merge merging — 52,250,000 triples · 52,250,000 distinct triples written
  Partitioned compression: HG005_GRCh38_1_22_v4.2.1_benchmark: cottas-merge merging — 52,500,000 triples · 52,500,000 distinct triples written
  Partitioned compression: HG005_GRCh38_1_22_v4.2.1_benchmark: cottas-merge merging — 52,750,000 triples · 52,750,000 distinct triples written
  Partitioned compression: HG005_GRCh38_1_22_v4.2.1_benchmark: cottas-merge merging — 53,000,000 triples · 53,000,000 distinct triples written
  Partitioned compression: HG005_GRCh38_1_22_v4.2.1_benchmark: cottas-merge merging — 53,250,000 triples · 53,250,000 distinct triples written
  Partitioned compression: HG005_GRCh38_1_22_v4.2.1_benchmark: cottas-merge merging — 53,500,000 triples · 53,500,000 distinct triples written
  Partitioned compression: HG005_GRCh38_1_22_v4.2.1_benchmark: cottas-merge merging — 53,750,000 triples · 53,750,000 distinct triples written
  Partitioned compression: HG005_GRCh38_1_22_v4.2.1_benchmark: cottas-merge merging — 54,000,000 triples · 54,000,000 distinct triples written
  Partitioned compression: HG005_GRCh38_1_22_v4.2.1_benchmark: cottas-merge merging — 54,250,000 triples · 54,250,000 distinct triples written
  Partitioned compression: HG005_GRCh38_1_22_v4.2.1_benchmark: cottas-merge merging — 54,500,000 triples · 54,500,000 distinct triples written
  Partitioned compression: HG005_GRCh38_1_22_v4.2.1_benchmark: cottas-merge merging — 54,750,000 triples · 54,750,000 distinct triples written
  Partitioned compression: HG005_GRCh38_1_22_v4.2.1_benchmark: cottas-merge merging — 55,000,000 triples · 55,000,000 distinct triples written
  Partitioned compression: HG005_GRCh38_1_22_v4.2.1_benchmark: cottas-merge merging — 55,250,000 triples · 55,250,000 distinct triples written
  Partitioned compression: HG005_GRCh38_1_22_v4.2.1_benchmark: cottas-merge merging — 55,500,000 triples · 55,500,000 distinct triples written
  Partitioned compression: HG005_GRCh38_1_22_v4.2.1_benchmark: cottas-merge merging — 55,750,000 triples · 55,750,000 distinct triples written
  Partitioned compression: HG005_GRCh38_1_22_v4.2.1_benchmark: cottas-merge merging — 56,000,000 triples · 56,000,000 distinct triples written
  Partitioned compression: HG005_GRCh38_1_22_v4.2.1_benchmark: cottas-merge merging — 56,250,000 triples · 56,250,000 distinct triples written
  Partitioned compression: HG005_GRCh38_1_22_v4.2.1_benchmark: cottas-merge merging — 56,500,000 triples · 56,500,000 distinct triples written
  Partitioned compression: HG005_GRCh38_1_22_v4.2.1_benchmark: cottas-merge merging — 56,750,000 triples · 56,750,000 distinct triples written
  Partitioned compression: HG005_GRCh38_1_22_v4.2.1_benchmark: cottas-merge merging — 57,000,000 triples · 57,000,000 distinct triples written
  Partitioned compression: HG005_GRCh38_1_22_v4.2.1_benchmark: cottas-merge merging — 57,250,000 triples · 57,250,000 distinct triples written
  Partitioned compression: HG005_GRCh38_1_22_v4.2.1_benchmark: cottas-merge merging — 57,500,000 triples · 57,500,000 distinct triples written
  Partitioned compression: HG005_GRCh38_1_22_v4.2.1_benchmark: cottas-merge merging — 57,750,000 triples · 57,750,000 distinct triples written
  Partitioned compression: HG005_GRCh38_1_22_v4.2.1_benchmark: cottas-merge merging — 58,000,000 triples · 58,000,000 distinct triples written
  Partitioned compression: HG005_GRCh38_1_22_v4.2.1_benchmark: cottas-merge merging — 58,250,000 triples · 58,250,000 distinct triples written
  Partitioned compression: HG005_GRCh38_1_22_v4.2.1_benchmark: cottas-merge merging — 58,500,000 triples · 58,500,000 distinct triples written
  Partitioned compression: HG005_GRCh38_1_22_v4.2.1_benchmark: cottas-merge merging — 58,750,000 triples · 58,750,000 distinct triples written
  Partitioned compression: HG005_GRCh38_1_22_v4.2.1_benchmark: cottas-merge merging — 59,000,000 triples · 59,000,000 distinct triples written
  Partitioned compression: HG005_GRCh38_1_22_v4.2.1_benchmark: cottas-merge merging — 59,250,000 triples · 59,250,000 distinct triples written
  Partitioned compression: HG005_GRCh38_1_22_v4.2.1_benchmark: cottas-merge merging — 59,500,000 triples · 59,500,000 distinct triples written
  Partitioned compression: HG005_GRCh38_1_22_v4.2.1_benchmark: cottas-merge merging — 59,750,000 triples · 59,750,000 distinct triples written
  Partitioned compression: HG005_GRCh38_1_22_v4.2.1_benchmark: cottas-merge merging — 60,000,000 triples · 60,000,000 distinct triples written
  Partitioned compression: HG005_GRCh38_1_22_v4.2.1_benchmark: cottas-merge merging — 60,250,000 triples · 60,250,000 distinct triples written
  Partitioned compression: HG005_GRCh38_1_22_v4.2.1_benchmark: cottas-merge merging — 60,500,000 triples · 60,500,000 distinct triples written
  Partitioned compression: HG005_GRCh38_1_22_v4.2.1_benchmark: cottas-merge merging — 60,750,000 triples · 60,750,000 distinct triples written
  Partitioned compression: HG005_GRCh38_1_22_v4.2.1_benchmark: cottas-merge merging — 61,000,000 triples · 61,000,000 distinct triples written
  Partitioned compression: HG005_GRCh38_1_22_v4.2.1_benchmark: cottas-merge merging — 61,250,000 triples · 61,250,000 distinct triples written
  Partitioned compression: HG005_GRCh38_1_22_v4.2.1_benchmark: cottas-merge merging — 61,500,000 triples · 61,500,000 distinct triples written
  Partitioned compression: HG005_GRCh38_1_22_v4.2.1_benchmark: cottas-merge merging — 61,750,000 triples · 61,750,000 distinct triples written
  Partitioned compression: HG005_GRCh38_1_22_v4.2.1_benchmark: cottas-merge merging — 62,000,000 triples · 62,000,000 distinct triples written
  Partitioned compression: HG005_GRCh38_1_22_v4.2.1_benchmark: cottas-merge merging — 62,250,000 triples · 62,250,000 distinct triples written
  Partitioned compression: HG005_GRCh38_1_22_v4.2.1_benchmark: cottas-merge merging — 62,500,000 triples · 62,500,000 distinct triples written
  Partitioned compression: HG005_GRCh38_1_22_v4.2.1_benchmark: cottas-merge merging — 62,750,000 triples · 62,750,000 distinct triples written
  Partitioned compression: HG005_GRCh38_1_22_v4.2.1_benchmark: cottas-merge merging — 63,000,000 triples · 63,000,000 distinct triples written
  Partitioned compression: HG005_GRCh38_1_22_v4.2.1_benchmark: cottas-merge merging — 63,250,000 triples · 63,250,000 distinct triples written
  Partitioned compression: HG005_GRCh38_1_22_v4.2.1_benchmark: cottas-merge merging — 63,500,000 triples · 63,500,000 distinct triples written
  Partitioned compression: HG005_GRCh38_1_22_v4.2.1_benchmark: cottas-merge merging — 63,750,000 triples · 63,750,000 distinct triples written
  Partitioned compression: HG005_GRCh38_1_22_v4.2.1_benchmark: cottas-merge merging — 64,000,000 triples · 64,000,000 distinct triples written
  Partitioned compression: HG005_GRCh38_1_22_v4.2.1_benchmark: cottas-merge merging — 64,250,000 triples · 64,250,000 distinct triples written
  Partitioned compression: HG005_GRCh38_1_22_v4.2.1_benchmark: cottas-merge merging — 64,500,000 triples · 64,500,000 distinct triples written
  Partitioned compression: HG005_GRCh38_1_22_v4.2.1_benchmark: cottas-merge merging — 64,750,000 triples · 64,750,000 distinct triples written
  Partitioned compression: HG005_GRCh38_1_22_v4.2.1_benchmark: cottas-merge merging — 65,000,000 triples · 65,000,000 distinct triples written
  Partitioned compression: HG005_GRCh38_1_22_v4.2.1_benchmark: cottas-merge merging — 65,250,000 triples · 65,250,000 distinct triples written
  Partitioned compression: HG005_GRCh38_1_22_v4.2.1_benchmark: cottas-merge merging — 65,500,000 triples · 65,500,000 distinct triples written
  Partitioned compression: HG005_GRCh38_1_22_v4.2.1_benchmark: cottas-merge merging — 65,750,000 triples · 65,750,000 distinct triples written
  Partitioned compression: HG005_GRCh38_1_22_v4.2.1_benchmark: cottas-merge merging — 66,000,000 triples · 66,000,000 distinct triples written
  Partitioned compression: HG005_GRCh38_1_22_v4.2.1_benchmark: cottas-merge merging — 66,250,000 triples · 66,250,000 distinct triples written
  Partitioned compression: HG005_GRCh38_1_22_v4.2.1_benchmark: cottas-merge merging — 66,500,000 triples · 66,500,000 distinct triples written
  Partitioned compression: HG005_GRCh38_1_22_v4.2.1_benchmark: cottas-merge merging — 66,750,000 triples · 66,750,000 distinct triples written
  Partitioned compression: HG005_GRCh38_1_22_v4.2.1_benchmark: cottas-merge merging — 67,000,000 triples · 67,000,000 distinct triples written
  Partitioned compression: HG005_GRCh38_1_22_v4.2.1_benchmark: cottas-merge merging — 67,250,000 triples · 67,250,000 distinct triples written
  Partitioned compression: HG005_GRCh38_1_22_v4.2.1_benchmark: cottas-merge merging — 67,500,000 triples · 67,500,000 distinct triples written
  Partitioned compression: HG005_GRCh38_1_22_v4.2.1_benchmark: cottas-merge merging — 67,750,000 triples · 67,750,000 distinct triples written
  Partitioned compression: HG005_GRCh38_1_22_v4.2.1_benchmark: cottas-merge merging — 68,000,000 triples · 68,000,000 distinct triples written
  Partitioned compression: HG005_GRCh38_1_22_v4.2.1_benchmark: cottas-merge merging — 68,250,000 triples · 68,250,000 distinct triples written
  Partitioned compression: HG005_GRCh38_1_22_v4.2.1_benchmark: cottas-merge merging — 68,500,000 triples · 68,500,000 distinct triples written
  Partitioned compression: HG005_GRCh38_1_22_v4.2.1_benchmark: cottas-merge merging — 68,750,000 triples · 68,750,000 distinct triples written
  Partitioned compression: HG005_GRCh38_1_22_v4.2.1_benchmark: cottas-merge merging — 69,000,000 triples · 69,000,000 distinct triples written
  Partitioned compression: HG005_GRCh38_1_22_v4.2.1_benchmark: cottas-merge merging — 69,250,000 triples · 69,250,000 distinct triples written
  Partitioned compression: HG005_GRCh38_1_22_v4.2.1_benchmark: cottas-merge merging — 69,500,000 triples · 69,500,000 distinct triples written
  Partitioned compression: HG005_GRCh38_1_22_v4.2.1_benchmark: cottas-merge merging — 69,750,000 triples · 69,750,000 distinct triples written
  Partitioned compression: HG005_GRCh38_1_22_v4.2.1_benchmark: cottas-merge merging — 70,000,000 triples · 70,000,000 distinct triples written
  Partitioned compression: HG005_GRCh38_1_22_v4.2.1_benchmark: cottas-merge merging — 70,250,000 triples · 70,250,000 distinct triples written
  Partitioned compression: HG005_GRCh38_1_22_v4.2.1_benchmark: cottas-merge merging — 70,500,000 triples · 70,500,000 distinct triples written
  Partitioned compression: HG005_GRCh38_1_22_v4.2.1_benchmark: cottas-merge merging — 70,750,000 triples · 70,750,000 distinct triples written
  Partitioned compression: HG005_GRCh38_1_22_v4.2.1_benchmark: cottas-merge merging — 71,000,000 triples · 71,000,000 distinct triples written
  Partitioned compression: HG005_GRCh38_1_22_v4.2.1_benchmark: cottas-merge merging — 71,250,000 triples · 71,250,000 distinct triples written
  Partitioned compression: HG005_GRCh38_1_22_v4.2.1_benchmark: cottas-merge merging — 71,500,000 triples · 71,500,000 distinct triples written
  Partitioned compression: HG005_GRCh38_1_22_v4.2.1_benchmark: cottas-merge merging — 71,750,000 triples · 71,750,000 distinct triples written
  Partitioned compression: HG005_GRCh38_1_22_v4.2.1_benchmark: cottas-merge merging — 72,000,000 triples · 72,000,000 distinct triples written
  Partitioned compression: HG005_GRCh38_1_22_v4.2.1_benchmark: cottas-merge merging — 72,250,000 triples · 72,250,000 distinct triples written
  Partitioned compression: HG005_GRCh38_1_22_v4.2.1_benchmark: cottas-merge merging — 72,500,000 triples · 72,500,000 distinct triples written
  Partitioned compression: HG005_GRCh38_1_22_v4.2.1_benchmark: cottas-merge merging — 72,750,000 triples · 72,750,000 distinct triples written
  Partitioned compression: HG005_GRCh38_1_22_v4.2.1_benchmark: cottas-merge merging — 73,000,000 triples · 73,000,000 distinct triples written
  Partitioned compression: HG005_GRCh38_1_22_v4.2.1_benchmark: cottas-merge merging — 73,250,000 triples · 73,250,000 distinct triples written
  Partitioned compression: HG005_GRCh38_1_22_v4.2.1_benchmark: cottas-merge merging — 73,500,000 triples · 73,500,000 distinct triples written
  Partitioned compression: HG005_GRCh38_1_22_v4.2.1_benchmark: cottas-merge merging — 73,750,000 triples · 73,750,000 distinct triples written
  Partitioned compression: HG005_GRCh38_1_22_v4.2.1_benchmark: cottas-merge merging — 74,000,000 triples · 74,000,000 distinct triples written
  Partitioned compression: HG005_GRCh38_1_22_v4.2.1_benchmark: cottas-merge merging — 74,250,000 triples · 74,250,000 distinct triples written
  Partitioned compression: HG005_GRCh38_1_22_v4.2.1_benchmark: cottas-merge merging — 74,500,000 triples · 74,500,000 distinct triples written
  Partitioned compression: HG005_GRCh38_1_22_v4.2.1_benchmark: cottas-merge merging — 74,750,000 triples · 74,750,000 distinct triples written
  Partitioned compression: HG005_GRCh38_1_22_v4.2.1_benchmark: cottas-merge merging — 75,000,000 triples · 75,000,000 distinct triples written
  Partitioned compression: HG005_GRCh38_1_22_v4.2.1_benchmark: cottas-merge merging — 75,250,000 triples · 75,250,000 distinct triples written
  Partitioned compression: HG005_GRCh38_1_22_v4.2.1_benchmark: cottas-merge merging — 75,500,000 triples · 75,500,000 distinct triples written
  Partitioned compression: HG005_GRCh38_1_22_v4.2.1_benchmark: cottas-merge merging — 75,750,000 triples · 75,750,000 distinct triples written
  Partitioned compression: HG005_GRCh38_1_22_v4.2.1_benchmark: cottas-merge merging — 76,000,000 triples · 76,000,000 distinct triples written
  Partitioned compression: HG005_GRCh38_1_22_v4.2.1_benchmark: cottas-merge merging — 76,250,000 triples · 76,250,000 distinct triples written
  Partitioned compression: HG005_GRCh38_1_22_v4.2.1_benchmark: cottas-merge merging — 76,500,000 triples · 76,500,000 distinct triples written
  Partitioned compression: HG005_GRCh38_1_22_v4.2.1_benchmark: cottas-merge merging — 76,750,000 triples · 76,750,000 distinct triples written
  Partitioned compression: HG005_GRCh38_1_22_v4.2.1_benchmark: cottas-merge merging — 77,000,000 triples · 77,000,000 distinct triples written
  Partitioned compression: HG005_GRCh38_1_22_v4.2.1_benchmark: cottas-merge merging — 77,250,000 triples · 77,250,000 distinct triples written
  Partitioned compression: HG005_GRCh38_1_22_v4.2.1_benchmark: cottas-merge merging — 77,500,000 triples · 77,500,000 distinct triples written
  Partitioned compression: HG005_GRCh38_1_22_v4.2.1_benchmark: cottas-merge merging — 77,750,000 triples · 77,750,000 distinct triples written
  Partitioned compression: HG005_GRCh38_1_22_v4.2.1_benchmark: cottas-merge merging — 78,000,000 triples · 78,000,000 distinct triples written
  Partitioned compression: HG005_GRCh38_1_22_v4.2.1_benchmark: cottas-merge merging — 78,250,000 triples · 78,250,000 distinct triples written
  Partitioned compression: HG005_GRCh38_1_22_v4.2.1_benchmark: cottas-merge merging — 78,500,000 triples · 78,500,000 distinct triples written
  Partitioned compression: HG005_GRCh38_1_22_v4.2.1_benchmark: cottas-merge merging — 78,750,000 triples · 78,750,000 distinct triples written
  Partitioned compression: HG005_GRCh38_1_22_v4.2.1_benchmark: cottas-merge merging — 79,000,000 triples · 79,000,000 distinct triples written
  Partitioned compression: HG005_GRCh38_1_22_v4.2.1_benchmark: cottas-merge merging — 79,250,000 triples · 79,250,000 distinct triples written
  Partitioned compression: HG005_GRCh38_1_22_v4.2.1_benchmark: cottas-merge merging — 79,500,000 triples · 79,500,000 distinct triples written
  Partitioned compression: HG005_GRCh38_1_22_v4.2.1_benchmark: cottas-merge merging — 79,750,000 triples · 79,750,000 distinct triples written
  Partitioned compression: HG005_GRCh38_1_22_v4.2.1_benchmark: cottas-merge merging — 80,000,000 triples · 80,000,000 distinct triples written
  Partitioned compression: HG005_GRCh38_1_22_v4.2.1_benchmark: cottas-merge merging — 80,250,000 triples · 80,250,000 distinct triples written
  Partitioned compression: HG005_GRCh38_1_22_v4.2.1_benchmark: cottas-merge merging — 80,500,000 triples · 80,500,000 distinct triples written
  Partitioned compression: HG005_GRCh38_1_22_v4.2.1_benchmark: cottas-merge merging — 80,750,000 triples · 80,750,000 distinct triples written
  Partitioned compression: HG005_GRCh38_1_22_v4.2.1_benchmark: cottas-merge merging — 81,000,000 triples · 81,000,000 distinct triples written
  Partitioned compression: HG005_GRCh38_1_22_v4.2.1_benchmark: cottas-merge merging — 81,250,000 triples · 81,250,000 distinct triples written
  Partitioned compression: HG005_GRCh38_1_22_v4.2.1_benchmark: cottas-merge merging — 81,500,000 triples · 81,500,000 distinct triples written
  Partitioned compression: HG005_GRCh38_1_22_v4.2.1_benchmark: cottas-merge merging — 81,750,000 triples · 81,750,000 distinct triples written
  Partitioned compression: HG005_GRCh38_1_22_v4.2.1_benchmark: cottas-merge merging — 82,000,000 triples · 82,000,000 distinct triples written
  Partitioned compression: HG005_GRCh38_1_22_v4.2.1_benchmark: cottas-merge merging — 82,250,000 triples · 82,250,000 distinct triples written
  Partitioned compression: HG005_GRCh38_1_22_v4.2.1_benchmark: cottas-merge merging — 82,500,000 triples · 82,500,000 distinct triples written
  Partitioned compression: HG005_GRCh38_1_22_v4.2.1_benchmark: cottas-merge merging — 82,750,000 triples · 82,750,000 distinct triples written
  Partitioned compression: HG005_GRCh38_1_22_v4.2.1_benchmark: cottas-merge merging — 83,000,000 triples · 83,000,000 distinct triples written
  Partitioned compression: HG005_GRCh38_1_22_v4.2.1_benchmark: cottas-merge merging — 83,250,000 triples · 83,250,000 distinct triples written
  Partitioned compression: HG005_GRCh38_1_22_v4.2.1_benchmark: cottas-merge merging — 83,500,000 triples · 83,500,000 distinct triples written
  Partitioned compression: HG005_GRCh38_1_22_v4.2.1_benchmark: cottas-merge merging — 83,750,000 triples · 83,750,000 distinct triples written
  Partitioned compression: HG005_GRCh38_1_22_v4.2.1_benchmark: cottas-merge merging — 84,000,000 triples · 84,000,000 distinct triples written
  Partitioned compression: HG005_GRCh38_1_22_v4.2.1_benchmark: cottas-merge merging — 84,250,000 triples · 84,250,000 distinct triples written
  Partitioned compression: HG005_GRCh38_1_22_v4.2.1_benchmark: cottas-merge merging — 84,500,000 triples · 84,500,000 distinct triples written
  Partitioned compression: HG005_GRCh38_1_22_v4.2.1_benchmark: cottas-merge merging — 84,750,000 triples · 84,750,000 distinct triples written
  Partitioned compression: HG005_GRCh38_1_22_v4.2.1_benchmark: cottas-merge merging — 85,000,000 triples · 85,000,000 distinct triples written
  Partitioned compression: HG005_GRCh38_1_22_v4.2.1_benchmark: cottas-merge merging — 85,250,000 triples · 85,250,000 distinct triples written
  Partitioned compression: HG005_GRCh38_1_22_v4.2.1_benchmark: cottas-merge merging — 85,500,000 triples · 85,500,000 distinct triples written
  Partitioned compression: HG005_GRCh38_1_22_v4.2.1_benchmark: cottas-merge merging — 85,750,000 triples · 85,750,000 distinct triples written
  Partitioned compression: HG005_GRCh38_1_22_v4.2.1_benchmark: cottas-merge merging — 86,000,000 triples · 86,000,000 distinct triples written
  Partitioned compression: HG005_GRCh38_1_22_v4.2.1_benchmark: cottas-merge merging — 86,250,000 triples · 86,250,000 distinct triples written
  Partitioned compression: HG005_GRCh38_1_22_v4.2.1_benchmark: cottas-merge merging — 86,500,000 triples · 86,500,000 distinct triples written
  Partitioned compression: HG005_GRCh38_1_22_v4.2.1_benchmark: cottas-merge merging — 86,750,000 triples · 86,750,000 distinct triples written
  Partitioned compression: HG005_GRCh38_1_22_v4.2.1_benchmark: cottas-merge merging — 87,000,000 triples · 87,000,000 distinct triples written
  Partitioned compression: HG005_GRCh38_1_22_v4.2.1_benchmark: cottas-merge merging — 87,250,000 triples · 87,250,000 distinct triples written
  Partitioned compression: HG005_GRCh38_1_22_v4.2.1_benchmark: cottas-merge merging — 87,500,000 triples · 87,500,000 distinct triples written
  Partitioned compression: HG005_GRCh38_1_22_v4.2.1_benchmark: cottas-merge merging — 87,750,000 triples · 87,750,000 distinct triples written
  Partitioned compression: HG005_GRCh38_1_22_v4.2.1_benchmark: cottas-merge merging — 88,000,000 triples · 88,000,000 distinct triples written
  Partitioned compression: HG005_GRCh38_1_22_v4.2.1_benchmark: cottas-merge merging — 88,250,000 triples · 88,250,000 distinct triples written
  Partitioned compression: HG005_GRCh38_1_22_v4.2.1_benchmark: cottas-merge merging — 88,500,000 triples · 88,500,000 distinct triples written
  Partitioned compression: HG005_GRCh38_1_22_v4.2.1_benchmark: cottas-merge merging — 88,750,000 triples · 88,750,000 distinct triples written
  Partitioned compression: HG005_GRCh38_1_22_v4.2.1_benchmark: cottas-merge merging — 89,000,000 triples · 89,000,000 distinct triples written
  Partitioned compression: HG005_GRCh38_1_22_v4.2.1_benchmark: cottas-merge merging — 89,250,000 triples · 89,250,000 distinct triples written
  Partitioned compression: HG005_GRCh38_1_22_v4.2.1_benchmark: cottas-merge merging — 89,500,000 triples · 89,500,000 distinct triples written
  Partitioned compression: HG005_GRCh38_1_22_v4.2.1_benchmark: cottas-merge merging — 89,750,000 triples · 89,750,000 distinct triples written
  Partitioned compression: HG005_GRCh38_1_22_v4.2.1_benchmark: cottas-merge merging — 90,000,000 triples · 90,000,000 distinct triples written
  Partitioned compression: HG005_GRCh38_1_22_v4.2.1_benchmark: cottas-merge merging — 90,250,000 triples · 90,250,000 distinct triples written
  Partitioned compression: HG005_GRCh38_1_22_v4.2.1_benchmark: cottas-merge merging — 90,500,000 triples · 90,500,000 distinct triples written
  Partitioned compression: HG005_GRCh38_1_22_v4.2.1_benchmark: cottas-merge merging — 90,750,000 triples · 90,750,000 distinct triples written
  Partitioned compression: HG005_GRCh38_1_22_v4.2.1_benchmark: cottas-merge merging — 91,000,000 triples · 91,000,000 distinct triples written
  Partitioned compression: HG005_GRCh38_1_22_v4.2.1_benchmark: cottas-merge merging — 91,250,000 triples · 91,250,000 distinct triples written
  Partitioned compression: HG005_GRCh38_1_22_v4.2.1_benchmark: cottas-merge merging — 91,500,000 triples · 91,500,000 distinct triples written
  Partitioned compression: HG005_GRCh38_1_22_v4.2.1_benchmark: cottas-merge merging — 91,750,000 triples · 91,750,000 distinct triples written
  Partitioned compression: HG005_GRCh38_1_22_v4.2.1_benchmark: cottas-merge merging — 92,000,000 triples · 92,000,000 distinct triples written
  Partitioned compression: HG005_GRCh38_1_22_v4.2.1_benchmark: cottas-merge merging — 92,250,000 triples · 92,250,000 distinct triples written
  Partitioned compression: HG005_GRCh38_1_22_v4.2.1_benchmark: cottas-merge merging — 92,500,000 triples · 92,500,000 distinct triples written
  Partitioned compression: HG005_GRCh38_1_22_v4.2.1_benchmark: cottas-merge merging — 92,750,000 triples · 92,750,000 distinct triples written
  Partitioned compression: HG005_GRCh38_1_22_v4.2.1_benchmark: cottas-merge merging — 93,000,000 triples · 93,000,000 distinct triples written
  Partitioned compression: HG005_GRCh38_1_22_v4.2.1_benchmark: cottas-merge merging — 93,250,000 triples · 93,250,000 distinct triples written
  Partitioned compression: HG005_GRCh38_1_22_v4.2.1_benchmark: cottas-merge merging — 93,500,000 triples · 93,500,000 distinct triples written
  Partitioned compression: HG005_GRCh38_1_22_v4.2.1_benchmark: cottas-merge merging — 93,750,000 triples · 93,750,000 distinct triples written
  Partitioned compression: HG005_GRCh38_1_22_v4.2.1_benchmark: cottas-merge merging — 94,000,000 triples · 94,000,000 distinct triples written
  Partitioned compression: HG005_GRCh38_1_22_v4.2.1_benchmark: cottas-merge merging — 94,250,000 triples · 94,250,000 distinct triples written
  Partitioned compression: HG005_GRCh38_1_22_v4.2.1_benchmark: cottas-merge merging — 94,500,000 triples · 94,500,000 distinct triples written
  Partitioned compression: HG005_GRCh38_1_22_v4.2.1_benchmark: cottas-merge merging — 94,750,000 triples · 94,750,000 distinct triples written
  Partitioned compression: HG005_GRCh38_1_22_v4.2.1_benchmark: cottas-merge merging — 95,000,000 triples · 95,000,000 distinct triples written
  Partitioned compression: HG005_GRCh38_1_22_v4.2.1_benchmark: cottas-merge merging — 95,250,000 triples · 95,250,000 distinct triples written
  Partitioned compression: HG005_GRCh38_1_22_v4.2.1_benchmark: cottas-merge merging — 95,500,000 triples · 95,500,000 distinct triples written
  Partitioned compression: HG005_GRCh38_1_22_v4.2.1_benchmark: cottas-merge merging — 95,750,000 triples · 95,750,000 distinct triples written
  Partitioned compression: HG005_GRCh38_1_22_v4.2.1_benchmark: cottas-merge merging — 96,000,000 triples · 96,000,000 distinct triples written
  Partitioned compression: HG005_GRCh38_1_22_v4.2.1_benchmark: cottas-merge merging — 96,250,000 triples · 96,250,000 distinct triples written
  Partitioned compression: HG005_GRCh38_1_22_v4.2.1_benchmark: cottas-merge merging — 96,500,000 triples · 96,500,000 distinct triples written
  Partitioned compression: HG005_GRCh38_1_22_v4.2.1_benchmark: cottas-merge merging — 96,750,000 triples · 96,750,000 distinct triples written
  Partitioned compression: HG005_GRCh38_1_22_v4.2.1_benchmark: cottas-merge merging — 97,000,000 triples · 97,000,000 distinct triples written
  Partitioned compression: HG005_GRCh38_1_22_v4.2.1_benchmark: cottas-merge merging — 97,250,000 triples · 97,250,000 distinct triples written
  Partitioned compression: HG005_GRCh38_1_22_v4.2.1_benchmark: cottas-merge merging — 97,500,000 triples · 97,500,000 distinct triples written
  Partitioned compression: HG005_GRCh38_1_22_v4.2.1_benchmark: cottas-merge merging — 97,750,000 triples · 97,750,000 distinct triples written
  Partitioned compression: HG005_GRCh38_1_22_v4.2.1_benchmark: cottas-merge merging — 98,000,000 triples · 98,000,000 distinct triples written
  Partitioned compression: HG005_GRCh38_1_22_v4.2.1_benchmark: cottas-merge merging — 98,250,000 triples · 98,250,000 distinct triples written
  Partitioned compression: HG005_GRCh38_1_22_v4.2.1_benchmark: cottas-merge merging — 98,500,000 triples · 98,500,000 distinct triples written
  Partitioned compression: HG005_GRCh38_1_22_v4.2.1_benchmark: cottas-merge merging — 98,750,000 triples · 98,750,000 distinct triples written
  Partitioned compression: HG005_GRCh38_1_22_v4.2.1_benchmark: cottas-merge merging — 99,000,000 triples · 99,000,000 distinct triples written
  Partitioned compression: HG005_GRCh38_1_22_v4.2.1_benchmark: cottas-merge merging — 99,250,000 triples · 99,250,000 distinct triples written
  Partitioned compression: HG005_GRCh38_1_22_v4.2.1_benchmark: cottas-merge merging — 99,500,000 triples · 99,500,000 distinct triples written
  Partitioned compression: HG005_GRCh38_1_22_v4.2.1_benchmark: cottas-merge merging — 99,750,000 triples · 99,750,000 distinct triples written
  Partitioned compression: HG005_GRCh38_1_22_v4.2.1_benchmark: cottas-merge merging — 100,000,000 triples · 100,000,000 distinct triples written
  Partitioned compression: HG005_GRCh38_1_22_v4.2.1_benchmark: cottas-merge merging — 100,250,000 triples · 100,250,000 distinct triples written
  Partitioned compression: HG005_GRCh38_1_22_v4.2.1_benchmark: cottas-merge merging — 100,500,000 triples · 100,500,000 distinct triples written
  Partitioned compression: HG005_GRCh38_1_22_v4.2.1_benchmark: cottas-merge merging — 100,750,000 triples · 100,750,000 distinct triples written
  Partitioned compression: HG005_GRCh38_1_22_v4.2.1_benchmark: cottas-merge merging — 101,000,000 triples · 101,000,000 distinct triples written
  Partitioned compression: HG005_GRCh38_1_22_v4.2.1_benchmark: cottas-merge merging — 101,250,000 triples · 101,250,000 distinct triples written
  Partitioned compression: HG005_GRCh38_1_22_v4.2.1_benchmark: cottas-merge merging — 101,500,000 triples · 101,500,000 distinct triples written
  Partitioned compression: HG005_GRCh38_1_22_v4.2.1_benchmark: cottas-merge merging — 101,750,000 triples · 101,750,000 distinct triples written
  Partitioned compression: HG005_GRCh38_1_22_v4.2.1_benchmark: cottas-merge merging — 102,000,000 triples · 102,000,000 distinct triples written
  Partitioned compression: HG005_GRCh38_1_22_v4.2.1_benchmark: cottas-merge merging — 102,250,000 triples · 102,250,000 distinct triples written
  Partitioned compression: HG005_GRCh38_1_22_v4.2.1_benchmark: cottas-merge merging — 102,500,000 triples · 102,500,000 distinct triples written
  Partitioned compression: HG005_GRCh38_1_22_v4.2.1_benchmark: cottas-merge merging — 102,750,000 triples · 102,750,000 distinct triples written
  Partitioned compression: HG005_GRCh38_1_22_v4.2.1_benchmark: cottas-merge merging — 103,000,000 triples · 103,000,000 distinct triples written
  Partitioned compression: HG005_GRCh38_1_22_v4.2.1_benchmark: cottas-merge merging — 103,250,000 triples · 103,250,000 distinct triples written
  Partitioned compression: HG005_GRCh38_1_22_v4.2.1_benchmark: cottas-merge merging — 103,500,000 triples · 103,500,000 distinct triples written
  Partitioned compression: HG005_GRCh38_1_22_v4.2.1_benchmark: cottas-merge merging — 103,750,000 triples · 103,750,000 distinct triples written
  Partitioned compression: HG005_GRCh38_1_22_v4.2.1_benchmark: cottas-merge merging — 104,000,000 triples · 104,000,000 distinct triples written
  Partitioned compression: HG005_GRCh38_1_22_v4.2.1_benchmark: cottas-merge merging — 104,250,000 triples · 104,250,000 distinct triples written
  Partitioned compression: HG005_GRCh38_1_22_v4.2.1_benchmark: cottas-merge merging — 104,500,000 triples · 104,500,000 distinct triples written
  Partitioned compression: HG005_GRCh38_1_22_v4.2.1_benchmark: cottas-merge merging — 104,750,000 triples · 104,750,000 distinct triples written
  Partitioned compression: HG005_GRCh38_1_22_v4.2.1_benchmark: cottas-merge merging — 105,000,000 triples · 105,000,000 distinct triples written
  Partitioned compression: HG005_GRCh38_1_22_v4.2.1_benchmark: cottas-merge merging — 105,250,000 triples · 105,250,000 distinct triples written
  Partitioned compression: HG005_GRCh38_1_22_v4.2.1_benchmark: cottas-merge merging — 105,500,000 triples · 105,500,000 distinct triples written
  Partitioned compression: HG005_GRCh38_1_22_v4.2.1_benchmark: cottas-merge merging — 105,750,000 triples · 105,750,000 distinct triples written
  Partitioned compression: HG005_GRCh38_1_22_v4.2.1_benchmark: cottas-merge merging — 106,000,000 triples · 106,000,000 distinct triples written
  Partitioned compression: HG005_GRCh38_1_22_v4.2.1_benchmark: cottas-merge merging — 106,250,000 triples · 106,250,000 distinct triples written
  Partitioned compression: HG005_GRCh38_1_22_v4.2.1_benchmark: cottas-merge merging — 106,500,000 triples · 106,500,000 distinct triples written
  Partitioned compression: HG005_GRCh38_1_22_v4.2.1_benchmark: cottas-merge merging — 106,750,000 triples · 106,750,000 distinct triples written
  Partitioned compression: HG005_GRCh38_1_22_v4.2.1_benchmark: cottas-merge merging — 107,000,000 triples · 107,000,000 distinct triples written
  Partitioned compression: HG005_GRCh38_1_22_v4.2.1_benchmark: cottas-merge merging — 107,250,000 triples · 107,250,000 distinct triples written
  Partitioned compression: HG005_GRCh38_1_22_v4.2.1_benchmark: cottas-merge merging — 107,500,000 triples · 107,500,000 distinct triples written
  Partitioned compression: HG005_GRCh38_1_22_v4.2.1_benchmark: cottas-merge merging — 107,750,000 triples · 107,750,000 distinct triples written
  Partitioned compression: HG005_GRCh38_1_22_v4.2.1_benchmark: cottas-merge merging — 108,000,000 triples · 108,000,000 distinct triples written
  Partitioned compression: HG005_GRCh38_1_22_v4.2.1_benchmark: cottas-merge merging — 108,250,000 triples · 108,250,000 distinct triples written
  Partitioned compression: HG005_GRCh38_1_22_v4.2.1_benchmark: cottas-merge merging — 108,500,000 triples · 108,500,000 distinct triples written
  Partitioned compression: HG005_GRCh38_1_22_v4.2.1_benchmark: cottas-merge merging — 108,750,000 triples · 108,750,000 distinct triples written
  Partitioned compression: HG005_GRCh38_1_22_v4.2.1_benchmark: cottas-merge merging — 109,000,000 triples · 109,000,000 distinct triples written
  Partitioned compression: HG005_GRCh38_1_22_v4.2.1_benchmark: cottas-merge merging — 109,250,000 triples · 109,250,000 distinct triples written
  Partitioned compression: HG005_GRCh38_1_22_v4.2.1_benchmark: cottas-merge merging — 109,500,000 triples · 109,500,000 distinct triples written
  Partitioned compression: HG005_GRCh38_1_22_v4.2.1_benchmark: cottas-merge merging — 109,750,000 triples · 109,750,000 distinct triples written
  Partitioned compression: HG005_GRCh38_1_22_v4.2.1_benchmark: cottas-merge merging — 110,000,000 triples · 110,000,000 distinct triples written
  Partitioned compression: HG005_GRCh38_1_22_v4.2.1_benchmark: cottas-merge merging — 110,250,000 triples · 110,250,000 distinct triples written
  Partitioned compression: HG005_GRCh38_1_22_v4.2.1_benchmark: cottas-merge merging — 110,500,000 triples · 110,500,000 distinct triples written
  Partitioned compression: HG005_GRCh38_1_22_v4.2.1_benchmark: cottas-merge merging — 110,750,000 triples · 110,750,000 distinct triples written
  Partitioned compression: HG005_GRCh38_1_22_v4.2.1_benchmark: cottas-merge merging — 111,000,000 triples · 111,000,000 distinct triples written
  Partitioned compression: HG005_GRCh38_1_22_v4.2.1_benchmark: cottas-merge merging — 111,250,000 triples · 111,250,000 distinct triples written
  Partitioned compression: HG005_GRCh38_1_22_v4.2.1_benchmark: cottas-merge merging — 111,500,000 triples · 111,500,000 distinct triples written
  Partitioned compression: HG005_GRCh38_1_22_v4.2.1_benchmark: cottas-merge merging — 111,750,000 triples · 111,750,000 distinct triples written
  Partitioned compression: HG005_GRCh38_1_22_v4.2.1_benchmark: cottas-merge merging — 112,000,000 triples · 112,000,000 distinct triples written
  Partitioned compression: HG005_GRCh38_1_22_v4.2.1_benchmark: cottas-merge merging — 112,250,000 triples · 112,250,000 distinct triples written
  Partitioned compression: HG005_GRCh38_1_22_v4.2.1_benchmark: cottas-merge merging — 112,500,000 triples · 112,500,000 distinct triples written
  Partitioned compression: HG005_GRCh38_1_22_v4.2.1_benchmark: cottas-merge merging — 112,750,000 triples · 112,750,000 distinct triples written
  Partitioned compression: HG005_GRCh38_1_22_v4.2.1_benchmark: cottas-merge merging — 113,000,000 triples · 113,000,000 distinct triples written
  Partitioned compression: HG005_GRCh38_1_22_v4.2.1_benchmark: cottas-merge merging — 113,250,000 triples · 113,250,000 distinct triples written
  Partitioned compression: HG005_GRCh38_1_22_v4.2.1_benchmark: cottas-merge merging — 113,500,000 triples · 113,500,000 distinct triples written
  Partitioned compression: HG005_GRCh38_1_22_v4.2.1_benchmark: cottas-merge merging — 113,750,000 triples · 113,750,000 distinct triples written
  Partitioned compression: HG005_GRCh38_1_22_v4.2.1_benchmark: cottas-merge merging — 114,000,000 triples · 114,000,000 distinct triples written
  Partitioned compression: HG005_GRCh38_1_22_v4.2.1_benchmark: cottas-merge merging — 114,250,000 triples · 114,250,000 distinct triples written
  Partitioned compression: HG005_GRCh38_1_22_v4.2.1_benchmark: cottas-merge merging — 114,500,000 triples · 114,500,000 distinct triples written
  Partitioned compression: HG005_GRCh38_1_22_v4.2.1_benchmark: cottas-merge merging — 114,750,000 triples · 114,750,000 distinct triples written
  Partitioned compression: HG005_GRCh38_1_22_v4.2.1_benchmark: cottas-merge merging — 115,000,000 triples · 115,000,000 distinct triples written
  Partitioned compression: HG005_GRCh38_1_22_v4.2.1_benchmark: cottas-merge merging — 115,250,000 triples · 115,250,000 distinct triples written
  Partitioned compression: HG005_GRCh38_1_22_v4.2.1_benchmark: cottas-merge merging — 115,500,000 triples · 115,500,000 distinct triples written
  Partitioned compression: HG005_GRCh38_1_22_v4.2.1_benchmark: cottas-merge merging — 115,750,000 triples · 115,750,000 distinct triples written
  Partitioned compression: HG005_GRCh38_1_22_v4.2.1_benchmark: cottas-merge merging — 116,000,000 triples · 116,000,000 distinct triples written
  Partitioned compression: HG005_GRCh38_1_22_v4.2.1_benchmark: cottas-merge merging — 116,250,000 triples · 116,250,000 distinct triples written
  Partitioned compression: HG005_GRCh38_1_22_v4.2.1_benchmark: cottas-merge merging — 116,500,000 triples · 116,500,000 distinct triples written
  Partitioned compression: HG005_GRCh38_1_22_v4.2.1_benchmark: cottas-merge merging — 116,750,000 triples · 116,750,000 distinct triples written
  Partitioned compression: HG005_GRCh38_1_22_v4.2.1_benchmark: cottas-merge merging — 117,000,000 triples · 117,000,000 distinct triples written
  Partitioned compression: HG005_GRCh38_1_22_v4.2.1_benchmark: cottas-merge merging — 117,250,000 triples · 117,250,000 distinct triples written
  Partitioned compression: HG005_GRCh38_1_22_v4.2.1_benchmark: cottas-merge merging — 117,500,000 triples · 117,500,000 distinct triples written
  Partitioned compression: HG005_GRCh38_1_22_v4.2.1_benchmark: cottas-merge merging — 117,750,000 triples · 117,750,000 distinct triples written
  Partitioned compression: HG005_GRCh38_1_22_v4.2.1_benchmark: cottas-merge merging — 118,000,000 triples · 118,000,000 distinct triples written
  Partitioned compression: HG005_GRCh38_1_22_v4.2.1_benchmark: cottas-merge merging — 118,250,000 triples · 118,250,000 distinct triples written
  Partitioned compression: HG005_GRCh38_1_22_v4.2.1_benchmark: cottas-merge merging — 118,500,000 triples · 118,500,000 distinct triples written
  Partitioned compression: HG005_GRCh38_1_22_v4.2.1_benchmark: cottas-merge merging — 118,750,000 triples · 118,750,000 distinct triples written
  Partitioned compression: HG005_GRCh38_1_22_v4.2.1_benchmark: cottas-merge merging — 119,000,000 triples · 119,000,000 distinct triples written
  Partitioned compression: HG005_GRCh38_1_22_v4.2.1_benchmark: cottas-merge merging — 119,250,000 triples · 119,250,000 distinct triples written
  Partitioned compression: HG005_GRCh38_1_22_v4.2.1_benchmark: cottas-merge merging — 119,500,000 triples · 119,500,000 distinct triples written
  Partitioned compression: HG005_GRCh38_1_22_v4.2.1_benchmark: cottas-merge merging — 119,750,000 triples · 119,750,000 distinct triples written
  Partitioned compression: HG005_GRCh38_1_22_v4.2.1_benchmark: cottas-merge merging — 120,000,000 triples · 120,000,000 distinct triples written
  Partitioned compression: HG005_GRCh38_1_22_v4.2.1_benchmark: cottas-merge merging — 120,250,000 triples · 120,250,000 distinct triples written
  Partitioned compression: HG005_GRCh38_1_22_v4.2.1_benchmark: cottas-merge merging — 120,500,000 triples · 120,500,000 distinct triples written
  Partitioned compression: HG005_GRCh38_1_22_v4.2.1_benchmark: cottas-merge merging — 120,750,000 triples · 120,750,000 distinct triples written
  Partitioned compression: HG005_GRCh38_1_22_v4.2.1_benchmark: cottas-merge merging — 121,000,000 triples · 121,000,000 distinct triples written
  Partitioned compression: HG005_GRCh38_1_22_v4.2.1_benchmark: cottas-merge merging — 121,250,000 triples · 121,250,000 distinct triples written
  Partitioned compression: HG005_GRCh38_1_22_v4.2.1_benchmark: cottas-merge merging — 121,500,000 triples · 121,500,000 distinct triples written
  Partitioned compression: HG005_GRCh38_1_22_v4.2.1_benchmark: cottas-merge merging — 121,750,000 triples · 121,750,000 distinct triples written
  Partitioned compression: HG005_GRCh38_1_22_v4.2.1_benchmark: cottas-merge merging — 122,000,000 triples · 122,000,000 distinct triples written
  Partitioned compression: HG005_GRCh38_1_22_v4.2.1_benchmark: cottas-merge merging — 122,250,000 triples · 122,250,000 distinct triples written
  Partitioned compression: HG005_GRCh38_1_22_v4.2.1_benchmark: cottas-merge merging — 122,500,000 triples · 122,500,000 distinct triples written
  Partitioned compression: HG005_GRCh38_1_22_v4.2.1_benchmark: cottas-merge merging — 122,750,000 triples · 122,750,000 distinct triples written
  Partitioned compression: HG005_GRCh38_1_22_v4.2.1_benchmark: cottas-merge merging — 123,000,000 triples · 123,000,000 distinct triples written
  Partitioned compression: HG005_GRCh38_1_22_v4.2.1_benchmark: cottas-merge merging — 123,250,000 triples · 123,250,000 distinct triples written
  Partitioned compression: HG005_GRCh38_1_22_v4.2.1_benchmark: cottas-merge merging — 123,500,000 triples · 123,500,000 distinct triples written
  Partitioned compression: HG005_GRCh38_1_22_v4.2.1_benchmark: cottas-merge merging — 123,750,000 triples · 123,750,000 distinct triples written
  Partitioned compression: HG005_GRCh38_1_22_v4.2.1_benchmark: cottas-merge merging — 124,000,000 triples · 124,000,000 distinct triples written
  Partitioned compression: HG005_GRCh38_1_22_v4.2.1_benchmark: cottas-merge merging — 124,250,000 triples · 124,250,000 distinct triples written
  Partitioned compression: HG005_GRCh38_1_22_v4.2.1_benchmark: cottas-merge merging — 124,500,000 triples · 124,500,000 distinct triples written
  Partitioned compression: HG005_GRCh38_1_22_v4.2.1_benchmark: cottas-merge merging — 124,750,000 triples · 124,750,000 distinct triples written
  Partitioned compression: HG005_GRCh38_1_22_v4.2.1_benchmark: cottas-merge merging — 125,000,000 triples · 125,000,000 distinct triples written
  Partitioned compression: HG005_GRCh38_1_22_v4.2.1_benchmark: cottas-merge merging — 125,250,000 triples · 125,250,000 distinct triples written
  Partitioned compression: HG005_GRCh38_1_22_v4.2.1_benchmark: cottas-merge merging — 125,500,000 triples · 125,500,000 distinct triples written
  Partitioned compression: HG005_GRCh38_1_22_v4.2.1_benchmark: cottas-merge merging — 125,750,000 triples · 125,750,000 distinct triples written
  Partitioned compression: HG005_GRCh38_1_22_v4.2.1_benchmark: cottas-merge merging — 126,000,000 triples · 126,000,000 distinct triples written
  Partitioned compression: HG005_GRCh38_1_22_v4.2.1_benchmark: cottas-merge merging — 126,250,000 triples · 126,250,000 distinct triples written
  Partitioned compression: HG005_GRCh38_1_22_v4.2.1_benchmark: cottas-merge merging — 126,500,000 triples · 126,500,000 distinct triples written
  Partitioned compression: HG005_GRCh38_1_22_v4.2.1_benchmark: cottas-merge merging — 126,750,000 triples · 126,750,000 distinct triples written
  Partitioned compression: HG005_GRCh38_1_22_v4.2.1_benchmark: cottas-merge merging — 127,000,000 triples · 127,000,000 distinct triples written
  Partitioned compression: HG005_GRCh38_1_22_v4.2.1_benchmark: cottas-merge merging — 127,250,000 triples · 127,250,000 distinct triples written
  Partitioned compression: HG005_GRCh38_1_22_v4.2.1_benchmark: cottas-merge merging — 127,500,000 triples · 127,500,000 distinct triples written
  Partitioned compression: HG005_GRCh38_1_22_v4.2.1_benchmark: cottas-merge merging — 127,750,000 triples · 127,750,000 distinct triples written
  Partitioned compression: HG005_GRCh38_1_22_v4.2.1_benchmark: cottas-merge merging — 128,000,000 triples · 128,000,000 distinct triples written
  Partitioned compression: HG005_GRCh38_1_22_v4.2.1_benchmark: cottas-merge merging — 128,250,000 triples · 128,250,000 distinct triples written
  Partitioned compression: HG005_GRCh38_1_22_v4.2.1_benchmark: cottas-merge merging — 128,500,000 triples · 128,500,000 distinct triples written
  Partitioned compression: HG005_GRCh38_1_22_v4.2.1_benchmark: cottas-merge merging — 128,750,000 triples · 128,750,000 distinct triples written
  Partitioned compression: HG005_GRCh38_1_22_v4.2.1_benchmark: cottas-merge merging — 129,000,000 triples · 129,000,000 distinct triples written
  Partitioned compression: HG005_GRCh38_1_22_v4.2.1_benchmark: cottas-merge merging — 129,250,000 triples · 129,250,000 distinct triples written
  Partitioned compression: HG005_GRCh38_1_22_v4.2.1_benchmark: cottas-merge merging — 129,500,000 triples · 129,500,000 distinct triples written
  Partitioned compression: HG005_GRCh38_1_22_v4.2.1_benchmark: cottas-merge merging — 129,750,000 triples · 129,750,000 distinct triples written
  Partitioned compression: HG005_GRCh38_1_22_v4.2.1_benchmark: cottas-merge merging — 130,000,000 triples · 130,000,000 distinct triples written
  Partitioned compression: HG005_GRCh38_1_22_v4.2.1_benchmark: cottas-merge merging — 130,250,000 triples · 130,250,000 distinct triples written
  Partitioned compression: HG005_GRCh38_1_22_v4.2.1_benchmark: cottas-merge merging — 130,500,000 triples · 130,500,000 distinct triples written
  Partitioned compression: HG005_GRCh38_1_22_v4.2.1_benchmark: cottas-merge merging — 130,750,000 triples · 130,750,000 distinct triples written
  Partitioned compression: HG005_GRCh38_1_22_v4.2.1_benchmark: cottas-merge merging — 131,000,000 triples · 131,000,000 distinct triples written
  Partitioned compression: HG005_GRCh38_1_22_v4.2.1_benchmark: cottas-merge merging — 131,250,000 triples · 131,250,000 distinct triples written
  Partitioned compression: HG005_GRCh38_1_22_v4.2.1_benchmark: cottas-merge merging — 131,500,000 triples · 131,500,000 distinct triples written
  Partitioned compression: HG005_GRCh38_1_22_v4.2.1_benchmark: cottas-merge merging — 131,750,000 triples · 131,750,000 distinct triples written
  Partitioned compression: HG005_GRCh38_1_22_v4.2.1_benchmark: cottas-merge merging — 132,000,000 triples · 132,000,000 distinct triples written
  Partitioned compression: HG005_GRCh38_1_22_v4.2.1_benchmark: cottas-merge merging — 132,250,000 triples · 132,250,000 distinct triples written
  Partitioned compression: HG005_GRCh38_1_22_v4.2.1_benchmark: cottas-merge merging — 132,500,000 triples · 132,500,000 distinct triples written
  Partitioned compression: HG005_GRCh38_1_22_v4.2.1_benchmark: cottas-merge merging — 132,750,000 triples · 132,750,000 distinct triples written
  Partitioned compression: HG005_GRCh38_1_22_v4.2.1_benchmark: cottas-merge merging — 133,000,000 triples · 133,000,000 distinct triples written
  Partitioned compression: HG005_GRCh38_1_22_v4.2.1_benchmark: cottas-merge merging — 133,250,000 triples · 133,250,000 distinct triples written
  Partitioned compression: HG005_GRCh38_1_22_v4.2.1_benchmark: cottas-merge merging — 133,500,000 triples · 133,500,000 distinct triples written
  Partitioned compression: HG005_GRCh38_1_22_v4.2.1_benchmark: cottas-merge merging — 133,750,000 triples · 133,750,000 distinct triples written
  Partitioned compression: HG005_GRCh38_1_22_v4.2.1_benchmark: cottas-merge merging — 134,000,000 triples · 134,000,000 distinct triples written
  Partitioned compression: HG005_GRCh38_1_22_v4.2.1_benchmark: cottas-merge merging — 134,250,000 triples · 134,250,000 distinct triples written
  Partitioned compression: HG005_GRCh38_1_22_v4.2.1_benchmark: cottas-merge merging — 134,500,000 triples · 134,500,000 distinct triples written
  Partitioned compression: HG005_GRCh38_1_22_v4.2.1_benchmark: cottas-merge merging — 134,750,000 triples · 134,750,000 distinct triples written
  Partitioned compression: HG005_GRCh38_1_22_v4.2.1_benchmark: cottas-merge merging — 135,000,000 triples · 135,000,000 distinct triples written
  Partitioned compression: HG005_GRCh38_1_22_v4.2.1_benchmark: cottas-merge merging — 135,250,000 triples · 135,250,000 distinct triples written
  Partitioned compression: HG005_GRCh38_1_22_v4.2.1_benchmark: cottas-merge merging — 135,500,000 triples · 135,500,000 distinct triples written
  Partitioned compression: HG005_GRCh38_1_22_v4.2.1_benchmark: cottas-merge merging — 135,750,000 triples · 135,750,000 distinct triples written
  Partitioned compression: HG005_GRCh38_1_22_v4.2.1_benchmark: cottas-merge merging — 136,000,000 triples · 136,000,000 distinct triples written
  Partitioned compression: HG005_GRCh38_1_22_v4.2.1_benchmark: cottas-merge merging — 136,250,000 triples · 136,250,000 distinct triples written
  Partitioned compression: HG005_GRCh38_1_22_v4.2.1_benchmark: cottas-merge merging — 136,500,000 triples · 136,500,000 distinct triples written
  Partitioned compression: HG005_GRCh38_1_22_v4.2.1_benchmark: cottas-merge merging — 136,750,000 triples · 136,750,000 distinct triples written
  Partitioned compression: HG005_GRCh38_1_22_v4.2.1_benchmark: cottas-merge merging — 137,000,000 triples · 137,000,000 distinct triples written
  Partitioned compression: HG005_GRCh38_1_22_v4.2.1_benchmark: cottas-merge merging — 137,250,000 triples · 137,250,000 distinct triples written
  Partitioned compression: HG005_GRCh38_1_22_v4.2.1_benchmark: cottas-merge merging — 137,500,000 triples · 137,500,000 distinct triples written
  Partitioned compression: HG005_GRCh38_1_22_v4.2.1_benchmark: cottas-merge merging — 137,750,000 triples · 137,750,000 distinct triples written
  Partitioned compression: HG005_GRCh38_1_22_v4.2.1_benchmark: cottas-merge merging — 138,000,000 triples · 138,000,000 distinct triples written
  Partitioned compression: HG005_GRCh38_1_22_v4.2.1_benchmark: cottas-merge merging — 138,250,000 triples · 138,250,000 distinct triples written
  Partitioned compression: HG005_GRCh38_1_22_v4.2.1_benchmark: cottas-merge merging — 138,500,000 triples · 138,500,000 distinct triples written
  Partitioned compression: HG005_GRCh38_1_22_v4.2.1_benchmark: cottas-merge merging — 138,750,000 triples · 138,750,000 distinct triples written
  Partitioned compression: HG005_GRCh38_1_22_v4.2.1_benchmark: cottas-merge merging — 139,000,000 triples · 139,000,000 distinct triples written
  Partitioned compression: HG005_GRCh38_1_22_v4.2.1_benchmark: cottas-merge merging — 139,250,000 triples · 139,250,000 distinct triples written
  Partitioned compression: HG005_GRCh38_1_22_v4.2.1_benchmark: cottas-merge merging — 139,500,000 triples · 139,500,000 distinct triples written
  Partitioned compression: HG005_GRCh38_1_22_v4.2.1_benchmark: cottas-merge merging — 139,750,000 triples · 139,750,000 distinct triples written
  Partitioned compression: HG005_GRCh38_1_22_v4.2.1_benchmark: cottas-merge merging — 140,000,000 triples · 140,000,000 distinct triples written
  Partitioned compression: HG005_GRCh38_1_22_v4.2.1_benchmark: cottas-merge merging — 140,250,000 triples · 140,250,000 distinct triples written
  Partitioned compression: HG005_GRCh38_1_22_v4.2.1_benchmark: cottas-merge merging — 140,500,000 triples · 140,500,000 distinct triples written
  Partitioned compression: HG005_GRCh38_1_22_v4.2.1_benchmark: cottas-merge merging — 140,750,000 triples · 140,750,000 distinct triples written
  Partitioned compression: HG005_GRCh38_1_22_v4.2.1_benchmark: cottas-merge merging — 141,000,000 triples · 141,000,000 distinct triples written
  Partitioned compression: HG005_GRCh38_1_22_v4.2.1_benchmark: cottas-merge merging — 141,250,000 triples · 141,250,000 distinct triples written
  Partitioned compression: HG005_GRCh38_1_22_v4.2.1_benchmark: cottas-merge merging — 141,500,000 triples · 141,500,000 distinct triples written
  Partitioned compression: HG005_GRCh38_1_22_v4.2.1_benchmark: cottas-merge merging — 141,750,000 triples · 141,750,000 distinct triples written
  Partitioned compression: HG005_GRCh38_1_22_v4.2.1_benchmark: cottas-merge merging — 142,000,000 triples · 142,000,000 distinct triples written
  Partitioned compression: HG005_GRCh38_1_22_v4.2.1_benchmark: cottas-merge merging — 142,250,000 triples · 142,250,000 distinct triples written
  Partitioned compression: HG005_GRCh38_1_22_v4.2.1_benchmark: cottas-merge merging — 142,500,000 triples · 142,500,000 distinct triples written
  Partitioned compression: HG005_GRCh38_1_22_v4.2.1_benchmark: cottas-merge merging — 142,750,000 triples · 142,750,000 distinct triples written
  Partitioned compression: HG005_GRCh38_1_22_v4.2.1_benchmark: cottas-merge merging — 143,000,000 triples · 143,000,000 distinct triples written
  Partitioned compression: HG005_GRCh38_1_22_v4.2.1_benchmark: cottas-merge merging — 143,250,000 triples · 143,250,000 distinct triples written
  Partitioned compression: HG005_GRCh38_1_22_v4.2.1_benchmark: cottas-merge merging — 143,500,000 triples · 143,500,000 distinct triples written
  Partitioned compression: HG005_GRCh38_1_22_v4.2.1_benchmark: cottas-merge merging — 143,750,000 triples · 143,750,000 distinct triples written
  Partitioned compression: HG005_GRCh38_1_22_v4.2.1_benchmark: cottas-merge merging — 144,000,000 triples · 144,000,000 distinct triples written
  Partitioned compression: HG005_GRCh38_1_22_v4.2.1_benchmark: cottas-merge merging — 144,250,000 triples · 144,250,000 distinct triples written
  Partitioned compression: HG005_GRCh38_1_22_v4.2.1_benchmark: cottas-merge merging — 144,500,000 triples · 144,500,000 distinct triples written
  Partitioned compression: HG005_GRCh38_1_22_v4.2.1_benchmark: cottas-merge merging — 144,750,000 triples · 144,750,000 distinct triples written
  Partitioned compression: HG005_GRCh38_1_22_v4.2.1_benchmark: cottas-merge merging — 145,000,000 triples · 145,000,000 distinct triples written
  Partitioned compression: HG005_GRCh38_1_22_v4.2.1_benchmark: cottas-merge merging — 145,250,000 triples · 145,250,000 distinct triples written
  Partitioned compression: HG005_GRCh38_1_22_v4.2.1_benchmark: cottas-merge merging — 145,500,000 triples · 145,500,000 distinct triples written
  Partitioned compression: HG005_GRCh38_1_22_v4.2.1_benchmark: cottas-merge merging — 145,750,000 triples · 145,750,000 distinct triples written
  Partitioned compression: HG005_GRCh38_1_22_v4.2.1_benchmark: cottas-merge merging — 146,000,000 triples · 146,000,000 distinct triples written
  Partitioned compression: HG005_GRCh38_1_22_v4.2.1_benchmark: cottas-merge merging — 146,250,000 triples · 146,250,000 distinct triples written
  Partitioned compression: HG005_GRCh38_1_22_v4.2.1_benchmark: cottas-merge merging — 146,500,000 triples · 146,500,000 distinct triples written
  Partitioned compression: HG005_GRCh38_1_22_v4.2.1_benchmark: cottas-merge merging — 146,750,000 triples · 146,750,000 distinct triples written
  Partitioned compression: HG005_GRCh38_1_22_v4.2.1_benchmark: cottas-merge merging — 147,000,000 triples · 147,000,000 distinct triples written
  Partitioned compression: HG005_GRCh38_1_22_v4.2.1_benchmark: cottas-merge merging — 147,250,000 triples · 147,250,000 distinct triples written
  Partitioned compression: HG005_GRCh38_1_22_v4.2.1_benchmark: cottas-merge merging — 147,500,000 triples · 147,500,000 distinct triples written
  Partitioned compression: HG005_GRCh38_1_22_v4.2.1_benchmark: cottas-merge merging — 147,750,000 triples · 147,750,000 distinct triples written
  Partitioned compression: HG005_GRCh38_1_22_v4.2.1_benchmark: cottas-merge merging — 148,000,000 triples · 148,000,000 distinct triples written
  Partitioned compression: HG005_GRCh38_1_22_v4.2.1_benchmark: cottas-merge merging — 148,250,000 triples · 148,250,000 distinct triples written
  Partitioned compression: HG005_GRCh38_1_22_v4.2.1_benchmark: cottas-merge merging — 148,500,000 triples · 148,500,000 distinct triples written
  Partitioned compression: HG005_GRCh38_1_22_v4.2.1_benchmark: cottas-merge merging — 148,750,000 triples · 148,750,000 distinct triples written
  Partitioned compression: HG005_GRCh38_1_22_v4.2.1_benchmark: cottas-merge merging — 149,000,000 triples · 149,000,000 distinct triples written
  Partitioned compression: HG005_GRCh38_1_22_v4.2.1_benchmark: cottas-merge merging — 149,250,000 triples · 149,250,000 distinct triples written
  Partitioned compression: HG005_GRCh38_1_22_v4.2.1_benchmark: cottas-merge merging — 149,500,000 triples · 149,500,000 distinct triples written
  Partitioned compression: HG005_GRCh38_1_22_v4.2.1_benchmark: cottas-merge merging — 149,750,000 triples · 149,750,000 distinct triples written
  Partitioned compression: HG005_GRCh38_1_22_v4.2.1_benchmark: cottas-merge merging — 150,000,000 triples · 150,000,000 distinct triples written
  Partitioned compression: HG005_GRCh38_1_22_v4.2.1_benchmark: cottas-merge merging — 150,250,000 triples · 150,250,000 distinct triples written
  Partitioned compression: HG005_GRCh38_1_22_v4.2.1_benchmark: cottas-merge merging — 150,500,000 triples · 150,500,000 distinct triples written
  Partitioned compression: HG005_GRCh38_1_22_v4.2.1_benchmark: cottas-merge merging — 150,750,000 triples · 150,750,000 distinct triples written
  Partitioned compression: HG005_GRCh38_1_22_v4.2.1_benchmark: cottas-merge merging — 151,000,000 triples · 151,000,000 distinct triples written
  Partitioned compression: HG005_GRCh38_1_22_v4.2.1_benchmark: cottas-merge merging — 151,250,000 triples · 151,250,000 distinct triples written
  Partitioned compression: HG005_GRCh38_1_22_v4.2.1_benchmark: cottas-merge merging — 151,500,000 triples · 151,500,000 distinct triples written
  Partitioned compression: HG005_GRCh38_1_22_v4.2.1_benchmark: cottas-merge merging — 151,750,000 triples · 151,750,000 distinct triples written
  Partitioned compression: HG005_GRCh38_1_22_v4.2.1_benchmark: cottas-merge merging — 152,000,000 triples · 152,000,000 distinct triples written
  Partitioned compression: HG005_GRCh38_1_22_v4.2.1_benchmark: cottas-merge merging — 152,250,000 triples · 152,250,000 distinct triples written
  Partitioned compression: HG005_GRCh38_1_22_v4.2.1_benchmark: cottas-merge merging — 152,500,000 triples · 152,500,000 distinct triples written
  Partitioned compression: HG005_GRCh38_1_22_v4.2.1_benchmark: cottas-merge merging — 152,750,000 triples · 152,750,000 distinct triples written
  Partitioned compression: HG005_GRCh38_1_22_v4.2.1_benchmark: cottas-merge merging — 153,000,000 triples · 153,000,000 distinct triples written
  Partitioned compression: HG005_GRCh38_1_22_v4.2.1_benchmark: cottas-merge merging — 153,250,000 triples · 153,250,000 distinct triples written
  Partitioned compression: HG005_GRCh38_1_22_v4.2.1_benchmark: cottas-merge merging — 153,500,000 triples · 153,500,000 distinct triples written
  Partitioned compression: HG005_GRCh38_1_22_v4.2.1_benchmark: cottas-merge merging — 153,750,000 triples · 153,750,000 distinct triples written
  Partitioned compression: HG005_GRCh38_1_22_v4.2.1_benchmark: cottas-merge merging — 154,000,000 triples · 154,000,000 distinct triples written
  Partitioned compression: HG005_GRCh38_1_22_v4.2.1_benchmark: cottas-merge merging — 154,250,000 triples · 154,250,000 distinct triples written
  Partitioned compression: HG005_GRCh38_1_22_v4.2.1_benchmark: cottas-merge merging — 154,500,000 triples · 154,500,000 distinct triples written
  Partitioned compression: HG005_GRCh38_1_22_v4.2.1_benchmark: cottas-merge merging — 154,750,000 triples · 154,750,000 distinct triples written
  Partitioned compression: HG005_GRCh38_1_22_v4.2.1_benchmark: cottas-merge merging — 155,000,000 triples · 155,000,000 distinct triples written
  Partitioned compression: HG005_GRCh38_1_22_v4.2.1_benchmark: cottas-merge merging — 155,250,000 triples · 155,250,000 distinct triples written
  Partitioned compression: HG005_GRCh38_1_22_v4.2.1_benchmark: cottas-merge merging — 155,500,000 triples · 155,500,000 distinct triples written
  Partitioned compression: HG005_GRCh38_1_22_v4.2.1_benchmark: cottas-merge merging — 155,750,000 triples · 155,750,000 distinct triples written
  Partitioned compression: HG005_GRCh38_1_22_v4.2.1_benchmark: cottas-merge merging — 156,000,000 triples · 156,000,000 distinct triples written
  Partitioned compression: HG005_GRCh38_1_22_v4.2.1_benchmark: cottas-merge merging — 156,250,000 triples · 156,250,000 distinct triples written
  Partitioned compression: HG005_GRCh38_1_22_v4.2.1_benchmark: cottas-merge merging — 156,500,000 triples · 156,500,000 distinct triples written
  Partitioned compression: HG005_GRCh38_1_22_v4.2.1_benchmark: cottas-merge merging — 156,750,000 triples · 156,750,000 distinct triples written
  Partitioned compression: HG005_GRCh38_1_22_v4.2.1_benchmark: cottas-merge merging — 157,000,000 triples · 157,000,000 distinct triples written
  Partitioned compression: HG005_GRCh38_1_22_v4.2.1_benchmark: cottas-merge merging — 157,250,000 triples · 157,250,000 distinct triples written
  Partitioned compression: HG005_GRCh38_1_22_v4.2.1_benchmark: cottas-merge merging — 157,500,000 triples · 157,500,000 distinct triples written
  Partitioned compression: HG005_GRCh38_1_22_v4.2.1_benchmark: cottas-merge merging — 157,750,000 triples · 157,750,000 distinct triples written
  Partitioned compression: HG005_GRCh38_1_22_v4.2.1_benchmark: cottas-merge merging — 158,000,000 triples · 158,000,000 distinct triples written
  Partitioned compression: HG005_GRCh38_1_22_v4.2.1_benchmark: cottas-merge merging — 158,250,000 triples · 158,250,000 distinct triples written
  Partitioned compression: HG005_GRCh38_1_22_v4.2.1_benchmark: cottas-merge merging — 158,500,000 triples · 158,500,000 distinct triples written
  Partitioned compression: HG005_GRCh38_1_22_v4.2.1_benchmark: cottas-merge merging — 158,750,000 triples · 158,750,000 distinct triples written
  Partitioned compression: HG005_GRCh38_1_22_v4.2.1_benchmark: cottas-merge merging — 159,000,000 triples · 159,000,000 distinct triples written
  Partitioned compression: HG005_GRCh38_1_22_v4.2.1_benchmark: cottas-merge merging — 159,250,000 triples · 159,250,000 distinct triples written
  Partitioned compression: HG005_GRCh38_1_22_v4.2.1_benchmark: cottas-merge merging — 159,500,000 triples · 159,500,000 distinct triples written
  Partitioned compression: HG005_GRCh38_1_22_v4.2.1_benchmark: cottas-merge merging — 159,750,000 triples · 159,750,000 distinct triples written
  Partitioned compression: HG005_GRCh38_1_22_v4.2.1_benchmark: cottas-merge merging — 160,000,000 triples · 160,000,000 distinct triples written
  Partitioned compression: HG005_GRCh38_1_22_v4.2.1_benchmark: cottas-merge merging — 160,250,000 triples · 160,250,000 distinct triples written
  Partitioned compression: HG005_GRCh38_1_22_v4.2.1_benchmark: cottas-merge merging — 160,500,000 triples · 160,500,000 distinct triples written
  Partitioned compression: HG005_GRCh38_1_22_v4.2.1_benchmark: cottas-merge merging — 160,750,000 triples · 160,750,000 distinct triples written
  Partitioned compression: HG005_GRCh38_1_22_v4.2.1_benchmark: cottas-merge merging — 161,000,000 triples · 161,000,000 distinct triples written
  Partitioned compression: HG005_GRCh38_1_22_v4.2.1_benchmark: cottas-merge merging — 161,250,000 triples · 161,250,000 distinct triples written
  Partitioned compression: HG005_GRCh38_1_22_v4.2.1_benchmark: cottas-merge merging — 161,500,000 triples · 161,500,000 distinct triples written
  Partitioned compression: HG005_GRCh38_1_22_v4.2.1_benchmark: cottas-merge merging — 161,750,000 triples · 161,750,000 distinct triples written
  Partitioned compression: HG005_GRCh38_1_22_v4.2.1_benchmark: cottas-merge merging — 162,000,000 triples · 162,000,000 distinct triples written
  Partitioned compression: HG005_GRCh38_1_22_v4.2.1_benchmark: cottas-merge merging — 162,250,000 triples · 162,250,000 distinct triples written
  Partitioned compression: HG005_GRCh38_1_22_v4.2.1_benchmark: cottas-merge merging — 162,500,000 triples · 162,500,000 distinct triples written
  Partitioned compression: HG005_GRCh38_1_22_v4.2.1_benchmark: cottas-merge merging — 162,750,000 triples · 162,750,000 distinct triples written
  Partitioned compression: HG005_GRCh38_1_22_v4.2.1_benchmark: cottas-merge merging — 163,000,000 triples · 163,000,000 distinct triples written
  Partitioned compression: HG005_GRCh38_1_22_v4.2.1_benchmark: cottas-merge merging — 163,250,000 triples · 163,250,000 distinct triples written
  Partitioned compression: HG005_GRCh38_1_22_v4.2.1_benchmark: cottas-merge merging — 163,500,000 triples · 163,500,000 distinct triples written
  Partitioned compression: HG005_GRCh38_1_22_v4.2.1_benchmark: cottas-merge merging — 163,750,000 triples · 163,750,000 distinct triples written
  Partitioned compression: HG005_GRCh38_1_22_v4.2.1_benchmark: cottas-merge merging — 164,000,000 triples · 164,000,000 distinct triples written
  Partitioned compression: HG005_GRCh38_1_22_v4.2.1_benchmark: cottas-merge merging — 164,250,000 triples · 164,250,000 distinct triples written
  Partitioned compression: HG005_GRCh38_1_22_v4.2.1_benchmark: cottas-merge merging — 164,500,000 triples · 164,500,000 distinct triples written
  Partitioned compression: HG005_GRCh38_1_22_v4.2.1_benchmark: cottas-merge merging — 164,750,000 triples · 164,750,000 distinct triples written
  Partitioned compression: HG005_GRCh38_1_22_v4.2.1_benchmark: cottas-merge merging — 165,000,000 triples · 165,000,000 distinct triples written
  Partitioned compression: HG005_GRCh38_1_22_v4.2.1_benchmark: cottas-merge merging — 165,250,000 triples · 165,250,000 distinct triples written
  Partitioned compression: HG005_GRCh38_1_22_v4.2.1_benchmark: cottas-merge merging — 165,500,000 triples · 165,500,000 distinct triples written
  Partitioned compression: HG005_GRCh38_1_22_v4.2.1_benchmark: cottas-merge merging — 165,750,000 triples · 165,750,000 distinct triples written
  Partitioned compression: HG005_GRCh38_1_22_v4.2.1_benchmark: cottas-merge merging — 166,000,000 triples · 166,000,000 distinct triples written
  Partitioned compression: HG005_GRCh38_1_22_v4.2.1_benchmark: cottas-merge merging — 166,250,000 triples · 166,250,000 distinct triples written
  Partitioned compression: HG005_GRCh38_1_22_v4.2.1_benchmark: cottas-merge merging — 166,500,000 triples · 166,500,000 distinct triples written
  Partitioned compression: HG005_GRCh38_1_22_v4.2.1_benchmark: cottas-merge merging — 166,750,000 triples · 166,750,000 distinct triples written
  Partitioned compression: HG005_GRCh38_1_22_v4.2.1_benchmark: cottas-merge merging — 167,000,000 triples · 167,000,000 distinct triples written
  Partitioned compression: HG005_GRCh38_1_22_v4.2.1_benchmark: cottas-merge merging — 167,250,000 triples · 167,250,000 distinct triples written
  Partitioned compression: HG005_GRCh38_1_22_v4.2.1_benchmark: cottas-merge merging — 167,500,000 triples · 167,500,000 distinct triples written
  Partitioned compression: HG005_GRCh38_1_22_v4.2.1_benchmark: cottas-merge merging — 167,750,000 triples · 167,750,000 distinct triples written
  Partitioned compression: HG005_GRCh38_1_22_v4.2.1_benchmark: cottas-merge merging — 168,000,000 triples · 168,000,000 distinct triples written
  Partitioned compression: HG005_GRCh38_1_22_v4.2.1_benchmark: cottas-merge merging — 168,250,000 triples · 168,250,000 distinct triples written
  Partitioned compression: HG005_GRCh38_1_22_v4.2.1_benchmark: cottas-merge merging — 168,500,000 triples · 168,500,000 distinct triples written
  Partitioned compression: HG005_GRCh38_1_22_v4.2.1_benchmark: cottas-merge merging — 168,750,000 triples · 168,750,000 distinct triples written
  Partitioned compression: HG005_GRCh38_1_22_v4.2.1_benchmark: cottas-merge merging — 169,000,000 triples · 169,000,000 distinct triples written
  Partitioned compression: HG005_GRCh38_1_22_v4.2.1_benchmark: cottas-merge merging — 169,250,000 triples · 169,250,000 distinct triples written
  Partitioned compression: HG005_GRCh38_1_22_v4.2.1_benchmark: cottas-merge merging — 169,500,000 triples · 169,500,000 distinct triples written
  Partitioned compression: HG005_GRCh38_1_22_v4.2.1_benchmark: cottas-merge merging — 169,750,000 triples · 169,750,000 distinct triples written
  Partitioned compression: HG005_GRCh38_1_22_v4.2.1_benchmark: cottas-merge merging — 170,000,000 triples · 170,000,000 distinct triples written
  Partitioned compression: HG005_GRCh38_1_22_v4.2.1_benchmark: cottas-merge merging — 170,250,000 triples · 170,250,000 distinct triples written
  Partitioned compression: HG005_GRCh38_1_22_v4.2.1_benchmark: cottas-merge merging — 170,500,000 triples · 170,500,000 distinct triples written
  Partitioned compression: HG005_GRCh38_1_22_v4.2.1_benchmark: cottas-merge merging — 170,750,000 triples · 170,750,000 distinct triples written
  Partitioned compression: HG005_GRCh38_1_22_v4.2.1_benchmark: cottas-merge merging — 171,000,000 triples · 171,000,000 distinct triples written
  Partitioned compression: HG005_GRCh38_1_22_v4.2.1_benchmark: cottas-merge merging — 171,250,000 triples · 171,250,000 distinct triples written
  Partitioned compression: HG005_GRCh38_1_22_v4.2.1_benchmark: cottas-merge merging — 171,500,000 triples · 171,500,000 distinct triples written
  Partitioned compression: HG005_GRCh38_1_22_v4.2.1_benchmark: cottas-merge merging — 171,750,000 triples · 171,750,000 distinct triples written
  Partitioned compression: HG005_GRCh38_1_22_v4.2.1_benchmark: cottas-merge merging — 172,000,000 triples · 172,000,000 distinct triples written
  Partitioned compression: HG005_GRCh38_1_22_v4.2.1_benchmark: cottas-merge merging — 172,250,000 triples · 172,250,000 distinct triples written
  Partitioned compression: HG005_GRCh38_1_22_v4.2.1_benchmark: cottas-merge merging — 172,500,000 triples · 172,500,000 distinct triples written
  Partitioned compression: HG005_GRCh38_1_22_v4.2.1_benchmark: cottas-merge merging — 172,750,000 triples · 172,750,000 distinct triples written
  Partitioned compression: HG005_GRCh38_1_22_v4.2.1_benchmark: cottas-merge merging — 173,000,000 triples · 173,000,000 distinct triples written
  Partitioned compression: HG005_GRCh38_1_22_v4.2.1_benchmark: cottas-merge merging — 173,250,000 triples · 173,250,000 distinct triples written
  Partitioned compression: HG005_GRCh38_1_22_v4.2.1_benchmark: cottas-merge merging — 173,500,000 triples · 173,500,000 distinct triples written
  Partitioned compression: HG005_GRCh38_1_22_v4.2.1_benchmark: cottas-merge merging — 173,750,000 triples · 173,750,000 distinct triples written
  Partitioned compression: HG005_GRCh38_1_22_v4.2.1_benchmark: cottas-merge merging — 174,000,000 triples · 174,000,000 distinct triples written
  Partitioned compression: HG005_GRCh38_1_22_v4.2.1_benchmark: cottas-merge merging — 174,250,000 triples · 174,250,000 distinct triples written
  Partitioned compression: HG005_GRCh38_1_22_v4.2.1_benchmark: cottas-merge merging — 174,500,000 triples · 174,500,000 distinct triples written
  Partitioned compression: HG005_GRCh38_1_22_v4.2.1_benchmark: cottas-merge merging — 174,750,000 triples · 174,750,000 distinct triples written
  Partitioned compression: HG005_GRCh38_1_22_v4.2.1_benchmark: cottas-merge merging — 175,000,000 triples · 175,000,000 distinct triples written
  Partitioned compression: HG005_GRCh38_1_22_v4.2.1_benchmark: cottas-merge merging — 175,250,000 triples · 175,250,000 distinct triples written
  Partitioned compression: HG005_GRCh38_1_22_v4.2.1_benchmark: cottas-merge merging — 175,500,000 triples · 175,500,000 distinct triples written
  Partitioned compression: HG005_GRCh38_1_22_v4.2.1_benchmark: cottas-merge merging — 175,750,000 triples · 175,750,000 distinct triples written
  Partitioned compression: HG005_GRCh38_1_22_v4.2.1_benchmark: cottas-merge merging — 176,000,000 triples · 176,000,000 distinct triples written
  Partitioned compression: HG005_GRCh38_1_22_v4.2.1_benchmark: cottas-merge merging — 176,250,000 triples · 176,250,000 distinct triples written
  Partitioned compression: HG005_GRCh38_1_22_v4.2.1_benchmark: cottas-merge merging — 176,500,000 triples · 176,500,000 distinct triples written
  Partitioned compression: HG005_GRCh38_1_22_v4.2.1_benchmark: cottas-merge merging — 176,750,000 triples · 176,750,000 distinct triples written
  Partitioned compression: HG005_GRCh38_1_22_v4.2.1_benchmark: cottas-merge merging — 177,000,000 triples · 177,000,000 distinct triples written
  Partitioned compression: HG005_GRCh38_1_22_v4.2.1_benchmark: cottas-merge merging — 177,250,000 triples · 177,250,000 distinct triples written
  Partitioned compression: HG005_GRCh38_1_22_v4.2.1_benchmark: cottas-merge merging — 177,500,000 triples · 177,500,000 distinct triples written
  Partitioned compression: HG005_GRCh38_1_22_v4.2.1_benchmark: cottas-merge merging — 177,750,000 triples · 177,750,000 distinct triples written
  Partitioned compression: HG005_GRCh38_1_22_v4.2.1_benchmark: cottas-merge merging — 178,000,000 triples · 178,000,000 distinct triples written
  Partitioned compression: HG005_GRCh38_1_22_v4.2.1_benchmark: cottas-merge merging — 178,250,000 triples · 178,250,000 distinct triples written
  Partitioned compression: HG005_GRCh38_1_22_v4.2.1_benchmark: cottas-merge merging — 178,500,000 triples · 178,500,000 distinct triples written
  Partitioned compression: HG005_GRCh38_1_22_v4.2.1_benchmark: cottas-merge merging — 178,750,000 triples · 178,750,000 distinct triples written
  Partitioned compression: HG005_GRCh38_1_22_v4.2.1_benchmark: cottas-merge merging — 179,000,000 triples · 179,000,000 distinct triples written
  Partitioned compression: HG005_GRCh38_1_22_v4.2.1_benchmark: cottas-merge merging — 179,250,000 triples · 179,250,000 distinct triples written
  Partitioned compression: HG005_GRCh38_1_22_v4.2.1_benchmark: cottas-merge merging — 179,500,000 triples · 179,500,000 distinct triples written
  Partitioned compression: HG005_GRCh38_1_22_v4.2.1_benchmark: cottas-merge merging — 179,750,000 triples · 179,750,000 distinct triples written
  Partitioned compression: HG005_GRCh38_1_22_v4.2.1_benchmark: cottas-merge merging — 180,000,000 triples · 180,000,000 distinct triples written
  Partitioned compression: HG005_GRCh38_1_22_v4.2.1_benchmark: cottas-merge merging — 180,250,000 triples · 180,250,000 distinct triples written
  Partitioned compression: HG005_GRCh38_1_22_v4.2.1_benchmark: cottas-merge merging — 180,500,000 triples · 180,500,000 distinct triples written
  Partitioned compression: HG005_GRCh38_1_22_v4.2.1_benchmark: cottas-merge merging — 180,750,000 triples · 180,750,000 distinct triples written
  Partitioned compression: HG005_GRCh38_1_22_v4.2.1_benchmark: cottas-merge merging — 181,000,000 triples · 181,000,000 distinct triples written
  Partitioned compression: HG005_GRCh38_1_22_v4.2.1_benchmark: cottas-merge merging — 181,250,000 triples · 181,250,000 distinct triples written
  Partitioned compression: HG005_GRCh38_1_22_v4.2.1_benchmark: cottas-merge merging — 181,500,000 triples · 181,500,000 distinct triples written
  Partitioned compression: HG005_GRCh38_1_22_v4.2.1_benchmark: cottas-merge merging — 181,750,000 triples · 181,750,000 distinct triples written
  Partitioned compression: HG005_GRCh38_1_22_v4.2.1_benchmark: cottas-merge merging — 182,000,000 triples · 182,000,000 distinct triples written
  Partitioned compression: HG005_GRCh38_1_22_v4.2.1_benchmark: cottas-merge merging — 182,250,000 triples · 182,250,000 distinct triples written
  Partitioned compression: HG005_GRCh38_1_22_v4.2.1_benchmark: cottas-merge merging — 182,500,000 triples · 182,500,000 distinct triples written
  Partitioned compression: HG005_GRCh38_1_22_v4.2.1_benchmark: cottas-merge merging — 182,750,000 triples · 182,750,000 distinct triples written
  Partitioned compression: HG005_GRCh38_1_22_v4.2.1_benchmark: cottas-merge merging — 183,000,000 triples · 183,000,000 distinct triples written
  Partitioned compression: HG005_GRCh38_1_22_v4.2.1_benchmark: cottas-merge merging — 183,250,000 triples · 183,250,000 distinct triples written
  Partitioned compression: HG005_GRCh38_1_22_v4.2.1_benchmark: cottas-merge merging — 183,500,000 triples · 183,500,000 distinct triples written
  Partitioned compression: HG005_GRCh38_1_22_v4.2.1_benchmark: cottas-merge merging — 183,750,000 triples · 183,750,000 distinct triples written
  Partitioned compression: HG005_GRCh38_1_22_v4.2.1_benchmark: cottas-merge merging — 184,000,000 triples · 184,000,000 distinct triples written
  Partitioned compression: HG005_GRCh38_1_22_v4.2.1_benchmark: cottas-merge merging — 184,250,000 triples · 184,250,000 distinct triples written
  Partitioned compression: HG005_GRCh38_1_22_v4.2.1_benchmark: cottas-merge merging — 184,500,000 triples · 184,500,000 distinct triples written
  Partitioned compression: HG005_GRCh38_1_22_v4.2.1_benchmark: cottas-merge merging — 184,750,000 triples · 184,750,000 distinct triples written
  Partitioned compression: HG005_GRCh38_1_22_v4.2.1_benchmark: cottas-merge merging — 185,000,000 triples · 185,000,000 distinct triples written
  Partitioned compression: HG005_GRCh38_1_22_v4.2.1_benchmark: cottas-merge merging — 185,250,000 triples · 185,250,000 distinct triples written
  Partitioned compression: HG005_GRCh38_1_22_v4.2.1_benchmark: cottas-merge merging — 185,500,000 triples · 185,500,000 distinct triples written
  Partitioned compression: HG005_GRCh38_1_22_v4.2.1_benchmark: cottas-merge merging — 185,750,000 triples · 185,750,000 distinct triples written
  Partitioned compression: HG005_GRCh38_1_22_v4.2.1_benchmark: cottas-merge merging — 186,000,000 triples · 186,000,000 distinct triples written
  Partitioned compression: HG005_GRCh38_1_22_v4.2.1_benchmark: cottas-merge merging — 186,250,000 triples · 186,250,000 distinct triples written
  Partitioned compression: HG005_GRCh38_1_22_v4.2.1_benchmark: cottas-merge merging — 186,500,000 triples · 186,500,000 distinct triples written
  Partitioned compression: HG005_GRCh38_1_22_v4.2.1_benchmark: cottas-merge merging — 186,750,000 triples · 186,750,000 distinct triples written
  Partitioned compression: HG005_GRCh38_1_22_v4.2.1_benchmark: cottas-merge merging — 187,000,000 triples · 187,000,000 distinct triples written
  Partitioned compression: HG005_GRCh38_1_22_v4.2.1_benchmark: cottas-merge merging — 187,250,000 triples · 187,250,000 distinct triples written
  Partitioned compression: HG005_GRCh38_1_22_v4.2.1_benchmark: cottas-merge merging — 187,500,000 triples · 187,500,000 distinct triples written
  Partitioned compression: HG005_GRCh38_1_22_v4.2.1_benchmark: cottas-merge merging — 187,750,000 triples · 187,750,000 distinct triples written
  Partitioned compression: HG005_GRCh38_1_22_v4.2.1_benchmark: cottas-merge merging — 188,000,000 triples · 188,000,000 distinct triples written
  Partitioned compression: HG005_GRCh38_1_22_v4.2.1_benchmark: cottas-merge merging — 188,250,000 triples · 188,250,000 distinct triples written
  Partitioned compression: HG005_GRCh38_1_22_v4.2.1_benchmark: cottas-merge merging — 188,500,000 triples · 188,500,000 distinct triples written
  Partitioned compression: HG005_GRCh38_1_22_v4.2.1_benchmark: cottas-merge merging — 188,750,000 triples · 188,750,000 distinct triples written
  Partitioned compression: HG005_GRCh38_1_22_v4.2.1_benchmark: cottas-merge merging — 189,000,000 triples · 189,000,000 distinct triples written
  Partitioned compression: HG005_GRCh38_1_22_v4.2.1_benchmark: cottas-merge merging — 189,250,000 triples · 189,250,000 distinct triples written
  Partitioned compression: HG005_GRCh38_1_22_v4.2.1_benchmark: cottas-merge merging — 189,500,000 triples · 189,500,000 distinct triples written
  Partitioned compression: HG005_GRCh38_1_22_v4.2.1_benchmark: cottas-merge merging — 189,750,000 triples · 189,750,000 distinct triples written
  Partitioned compression: HG005_GRCh38_1_22_v4.2.1_benchmark: cottas-merge merging — 190,000,000 triples · 190,000,000 distinct triples written
  Partitioned compression: HG005_GRCh38_1_22_v4.2.1_benchmark: cottas-merge merging — 190,250,000 triples · 190,250,000 distinct triples written
  Partitioned compression: HG005_GRCh38_1_22_v4.2.1_benchmark: cottas-merge merging — 190,500,000 triples · 190,500,000 distinct triples written
  Partitioned compression: HG005_GRCh38_1_22_v4.2.1_benchmark: cottas-merge merging — 190,750,000 triples · 190,750,000 distinct triples written
  Partitioned compression: HG005_GRCh38_1_22_v4.2.1_benchmark: cottas-merge merging — 191,000,000 triples · 191,000,000 distinct triples written
  Partitioned compression: HG005_GRCh38_1_22_v4.2.1_benchmark: cottas-merge merging — 191,250,000 triples · 191,250,000 distinct triples written
  Partitioned compression: HG005_GRCh38_1_22_v4.2.1_benchmark: cottas-merge merging — 191,500,000 triples · 191,500,000 distinct triples written
  Partitioned compression: HG005_GRCh38_1_22_v4.2.1_benchmark: cottas-merge merging — 191,750,000 triples · 191,750,000 distinct triples written
  Partitioned compression: HG005_GRCh38_1_22_v4.2.1_benchmark: cottas-merge merging — 192,000,000 triples · 192,000,000 distinct triples written
  Partitioned compression: HG005_GRCh38_1_22_v4.2.1_benchmark: cottas-merge merging — 192,250,000 triples · 192,250,000 distinct triples written
  Partitioned compression: HG005_GRCh38_1_22_v4.2.1_benchmark: cottas-merge merging — 192,500,000 triples · 192,500,000 distinct triples written
  Partitioned compression: HG005_GRCh38_1_22_v4.2.1_benchmark: cottas-merge merging — 192,750,000 triples · 192,750,000 distinct triples written
  Partitioned compression: HG005_GRCh38_1_22_v4.2.1_benchmark: cottas-merge merging — 193,000,000 triples · 193,000,000 distinct triples written
  Partitioned compression: HG005_GRCh38_1_22_v4.2.1_benchmark: cottas-merge merging — 193,250,000 triples · 193,250,000 distinct triples written
  Partitioned compression: HG005_GRCh38_1_22_v4.2.1_benchmark: cottas-merge merging — 193,500,000 triples · 193,500,000 distinct triples written
  Partitioned compression: HG005_GRCh38_1_22_v4.2.1_benchmark: cottas-merge merging — 193,750,000 triples · 193,750,000 distinct triples written
  Partitioned compression: HG005_GRCh38_1_22_v4.2.1_benchmark: cottas-merge merging — 194,000,000 triples · 194,000,000 distinct triples written
  Partitioned compression: HG005_GRCh38_1_22_v4.2.1_benchmark: cottas-merge merging — 194,250,000 triples · 194,250,000 distinct triples written
  Partitioned compression: HG005_GRCh38_1_22_v4.2.1_benchmark: cottas-merge merging — 194,500,000 triples · 194,500,000 distinct triples written
  Partitioned compression: HG005_GRCh38_1_22_v4.2.1_benchmark: cottas-merge merging — 194,750,000 triples · 194,750,000 distinct triples written
  Partitioned compression: HG005_GRCh38_1_22_v4.2.1_benchmark: cottas-merge merging — 195,000,000 triples · 195,000,000 distinct triples written
  Partitioned compression: HG005_GRCh38_1_22_v4.2.1_benchmark: cottas-merge merging — 195,250,000 triples · 195,250,000 distinct triples written
  Partitioned compression: HG005_GRCh38_1_22_v4.2.1_benchmark: cottas-merge merging — 195,500,000 triples · 195,500,000 distinct triples written
  Partitioned compression: HG005_GRCh38_1_22_v4.2.1_benchmark: cottas-merge merging — 195,750,000 triples · 195,750,000 distinct triples written
  Partitioned compression: HG005_GRCh38_1_22_v4.2.1_benchmark: cottas-merge merging — 196,000,000 triples · 196,000,000 distinct triples written
  Partitioned compression: HG005_GRCh38_1_22_v4.2.1_benchmark: cottas-merge merging — 196,250,000 triples · 196,250,000 distinct triples written
  Partitioned compression: HG005_GRCh38_1_22_v4.2.1_benchmark: cottas-merge merging — 196,500,000 triples · 196,500,000 distinct triples written
  Partitioned compression: HG005_GRCh38_1_22_v4.2.1_benchmark: cottas-merge merging — 196,750,000 triples · 196,750,000 distinct triples written
  Partitioned compression: HG005_GRCh38_1_22_v4.2.1_benchmark: cottas-merge merging — 197,000,000 triples · 197,000,000 distinct triples written
  Partitioned compression: HG005_GRCh38_1_22_v4.2.1_benchmark: cottas-merge merging — 197,250,000 triples · 197,250,000 distinct triples written
  Partitioned compression: HG005_GRCh38_1_22_v4.2.1_benchmark: cottas-merge merging — 197,500,000 triples · 197,500,000 distinct triples written
  Partitioned compression: HG005_GRCh38_1_22_v4.2.1_benchmark: cottas-merge merging — 197,750,000 triples · 197,750,000 distinct triples written
  Partitioned compression: HG005_GRCh38_1_22_v4.2.1_benchmark: cottas-merge merging — 198,000,000 triples · 198,000,000 distinct triples written
  Partitioned compression: HG005_GRCh38_1_22_v4.2.1_benchmark: cottas-merge merging — 198,250,000 triples · 198,250,000 distinct triples written
  Partitioned compression: HG005_GRCh38_1_22_v4.2.1_benchmark: cottas-merge merging — 198,500,000 triples · 198,500,000 distinct triples written
  Partitioned compression: HG005_GRCh38_1_22_v4.2.1_benchmark: cottas-merge merging — 198,750,000 triples · 198,750,000 distinct triples written
  Partitioned compression: HG005_GRCh38_1_22_v4.2.1_benchmark: cottas-merge merging — 199,000,000 triples · 199,000,000 distinct triples written
  Partitioned compression: HG005_GRCh38_1_22_v4.2.1_benchmark: cottas-merge merging — 199,250,000 triples · 199,250,000 distinct triples written
  Partitioned compression: HG005_GRCh38_1_22_v4.2.1_benchmark: cottas-merge merging — 199,500,000 triples · 199,500,000 distinct triples written
  Partitioned compression: HG005_GRCh38_1_22_v4.2.1_benchmark: cottas-merge merging — 199,750,000 triples · 199,750,000 distinct triples written
  Partitioned compression: HG005_GRCh38_1_22_v4.2.1_benchmark: cottas-merge merging — 200,000,000 triples · 200,000,000 distinct triples written
  Partitioned compression: HG005_GRCh38_1_22_v4.2.1_benchmark: cottas-merge merging — 200,250,000 triples · 200,250,000 distinct triples written
  Partitioned compression: HG005_GRCh38_1_22_v4.2.1_benchmark: cottas-merge merging — 200,500,000 triples · 200,500,000 distinct triples written
  Partitioned compression: HG005_GRCh38_1_22_v4.2.1_benchmark: cottas-merge merging — 200,750,000 triples · 200,750,000 distinct triples written
  Partitioned compression: HG005_GRCh38_1_22_v4.2.1_benchmark: cottas-merge merging — 201,000,000 triples · 201,000,000 distinct triples written
  Partitioned compression: HG005_GRCh38_1_22_v4.2.1_benchmark: cottas-merge merging — 201,250,000 triples · 201,250,000 distinct triples written
  Partitioned compression: HG005_GRCh38_1_22_v4.2.1_benchmark: cottas-merge merging — 201,500,000 triples · 201,500,000 distinct triples written
  Partitioned compression: HG005_GRCh38_1_22_v4.2.1_benchmark: cottas-merge merging — 201,750,000 triples · 201,750,000 distinct triples written
  Partitioned compression: HG005_GRCh38_1_22_v4.2.1_benchmark: cottas-merge merging — 202,000,000 triples · 202,000,000 distinct triples written
  Partitioned compression: HG005_GRCh38_1_22_v4.2.1_benchmark: cottas-merge merging — 202,250,000 triples · 202,250,000 distinct triples written
  Partitioned compression: HG005_GRCh38_1_22_v4.2.1_benchmark: cottas-merge merging — 202,500,000 triples · 202,500,000 distinct triples written
  Partitioned compression: HG005_GRCh38_1_22_v4.2.1_benchmark: cottas-merge merging — 202,750,000 triples · 202,750,000 distinct triples written
  Partitioned compression: HG005_GRCh38_1_22_v4.2.1_benchmark: cottas-merge merging — 203,000,000 triples · 203,000,000 distinct triples written
  Partitioned compression: HG005_GRCh38_1_22_v4.2.1_benchmark: cottas-merge merging — 203,250,000 triples · 203,250,000 distinct triples written
  Partitioned compression: HG005_GRCh38_1_22_v4.2.1_benchmark: cottas-merge merging — 203,500,000 triples · 203,500,000 distinct triples written
  Partitioned compression: HG005_GRCh38_1_22_v4.2.1_benchmark: cottas-merge merging — 203,750,000 triples · 203,750,000 distinct triples written
  Partitioned compression: HG005_GRCh38_1_22_v4.2.1_benchmark: cottas-merge merging — 204,000,000 triples · 204,000,000 distinct triples written
  Partitioned compression: HG005_GRCh38_1_22_v4.2.1_benchmark: cottas-merge merging — 204,250,000 triples · 204,250,000 distinct triples written
  Partitioned compression: HG005_GRCh38_1_22_v4.2.1_benchmark: cottas-merge merging — 204,500,000 triples · 204,500,000 distinct triples written
  Partitioned compression: HG005_GRCh38_1_22_v4.2.1_benchmark: cottas-merge merging — 204,750,000 triples · 204,750,000 distinct triples written
  Partitioned compression: HG005_GRCh38_1_22_v4.2.1_benchmark: cottas-merge merging — 205,000,000 triples · 205,000,000 distinct triples written
  Partitioned compression: HG005_GRCh38_1_22_v4.2.1_benchmark: cottas-merge merging — 205,250,000 triples · 205,250,000 distinct triples written
  Partitioned compression: HG005_GRCh38_1_22_v4.2.1_benchmark: cottas-merge merging — 205,500,000 triples · 205,500,000 distinct triples written
  Partitioned compression: HG005_GRCh38_1_22_v4.2.1_benchmark: cottas-merge merging — 205,750,000 triples · 205,750,000 distinct triples written
  Partitioned compression: HG005_GRCh38_1_22_v4.2.1_benchmark: cottas-merge merging — 206,000,000 triples · 206,000,000 distinct triples written
  Partitioned compression: HG005_GRCh38_1_22_v4.2.1_benchmark: cottas-merge merging — 206,250,000 triples · 206,250,000 distinct triples written
  Partitioned compression: HG005_GRCh38_1_22_v4.2.1_benchmark: cottas-merge merging — 206,500,000 triples · 206,500,000 distinct triples written
  Partitioned compression: HG005_GRCh38_1_22_v4.2.1_benchmark: cottas-merge merging — 206,750,000 triples · 206,750,000 distinct triples written
  Partitioned compression: HG005_GRCh38_1_22_v4.2.1_benchmark: cottas-merge merging — 207,000,000 triples · 207,000,000 distinct triples written
  Partitioned compression: HG005_GRCh38_1_22_v4.2.1_benchmark: cottas-merge merging — 207,250,000 triples · 207,250,000 distinct triples written
  Partitioned compression: HG005_GRCh38_1_22_v4.2.1_benchmark: cottas-merge merging — 207,500,000 triples · 207,500,000 distinct triples written
  Partitioned compression: HG005_GRCh38_1_22_v4.2.1_benchmark: cottas-merge merging — 207,750,000 triples · 207,750,000 distinct triples written
  Partitioned compression: HG005_GRCh38_1_22_v4.2.1_benchmark: cottas-merge merging — 208,000,000 triples · 208,000,000 distinct triples written
  Partitioned compression: HG005_GRCh38_1_22_v4.2.1_benchmark: cottas-merge merging — 208,250,000 triples · 208,250,000 distinct triples written
  Partitioned compression: HG005_GRCh38_1_22_v4.2.1_benchmark: cottas-merge merging — 208,500,000 triples · 208,500,000 distinct triples written
  Partitioned compression: HG005_GRCh38_1_22_v4.2.1_benchmark: cottas-merge merging — 208,750,000 triples · 208,750,000 distinct triples written
  Partitioned compression: HG005_GRCh38_1_22_v4.2.1_benchmark: cottas-merge merging — 209,000,000 triples · 209,000,000 distinct triples written
  Partitioned compression: HG005_GRCh38_1_22_v4.2.1_benchmark: cottas-merge merging — 209,250,000 triples · 209,250,000 distinct triples written
  Partitioned compression: HG005_GRCh38_1_22_v4.2.1_benchmark: cottas-merge merging — 209,500,000 triples · 209,500,000 distinct triples written
  Partitioned compression: HG005_GRCh38_1_22_v4.2.1_benchmark: cottas-merge merging — 209,750,000 triples · 209,750,000 distinct triples written
  Partitioned compression: HG005_GRCh38_1_22_v4.2.1_benchmark: cottas-merge merging — 210,000,000 triples · 210,000,000 distinct triples written
  Partitioned compression: HG005_GRCh38_1_22_v4.2.1_benchmark: cottas-merge merging — 210,250,000 triples · 210,250,000 distinct triples written
  Partitioned compression: HG005_GRCh38_1_22_v4.2.1_benchmark: cottas-merge merging — 210,500,000 triples · 210,500,000 distinct triples written
  Partitioned compression: HG005_GRCh38_1_22_v4.2.1_benchmark: cottas-merge merging — 210,750,000 triples · 210,750,000 distinct triples written
  Partitioned compression: HG005_GRCh38_1_22_v4.2.1_benchmark: cottas-merge merging — 211,000,000 triples · 211,000,000 distinct triples written
  Partitioned compression: HG005_GRCh38_1_22_v4.2.1_benchmark: cottas-merge merging — 211,250,000 triples · 211,250,000 distinct triples written
  Partitioned compression: HG005_GRCh38_1_22_v4.2.1_benchmark: cottas-merge merging — 211,500,000 triples · 211,500,000 distinct triples written
  Partitioned compression: HG005_GRCh38_1_22_v4.2.1_benchmark: cottas-merge merging — 211,750,000 triples · 211,750,000 distinct triples written
  Partitioned compression: HG005_GRCh38_1_22_v4.2.1_benchmark: cottas-merge merging — 212,000,000 triples · 212,000,000 distinct triples written
  Partitioned compression: HG005_GRCh38_1_22_v4.2.1_benchmark: cottas-merge merging — 212,250,000 triples · 212,250,000 distinct triples written
  Partitioned compression: HG005_GRCh38_1_22_v4.2.1_benchmark: cottas-merge merging — 212,500,000 triples · 212,500,000 distinct triples written
  Partitioned compression: HG005_GRCh38_1_22_v4.2.1_benchmark: cottas-merge merging — 212,750,000 triples · 212,750,000 distinct triples written
  Partitioned compression: HG005_GRCh38_1_22_v4.2.1_benchmark: cottas-merge merging — 213,000,000 triples · 213,000,000 distinct triples written
  Partitioned compression: HG005_GRCh38_1_22_v4.2.1_benchmark: cottas-merge merging — 213,250,000 triples · 213,250,000 distinct triples written
  Partitioned compression: HG005_GRCh38_1_22_v4.2.1_benchmark: cottas-merge merging — 213,500,000 triples · 213,500,000 distinct triples written
  Partitioned compression: HG005_GRCh38_1_22_v4.2.1_benchmark: cottas-merge merging — 213,750,000 triples · 213,750,000 distinct triples written
  Partitioned compression: HG005_GRCh38_1_22_v4.2.1_benchmark: cottas-merge merging — 214,000,000 triples · 214,000,000 distinct triples written
  Partitioned compression: HG005_GRCh38_1_22_v4.2.1_benchmark: cottas-merge merging — 214,250,000 triples · 214,250,000 distinct triples written
  Partitioned compression: HG005_GRCh38_1_22_v4.2.1_benchmark: cottas-merge merging — 214,500,000 triples · 214,500,000 distinct triples written
  Partitioned compression: HG005_GRCh38_1_22_v4.2.1_benchmark: cottas-merge merging — 214,750,000 triples · 214,750,000 distinct triples written
  Partitioned compression: HG005_GRCh38_1_22_v4.2.1_benchmark: cottas-merge merging — 215,000,000 triples · 215,000,000 distinct triples written
  Partitioned compression: HG005_GRCh38_1_22_v4.2.1_benchmark: cottas-merge merging — 215,250,000 triples · 215,250,000 distinct triples written
  Partitioned compression: HG005_GRCh38_1_22_v4.2.1_benchmark: cottas-merge merging — 215,500,000 triples · 215,500,000 distinct triples written
  Partitioned compression: HG005_GRCh38_1_22_v4.2.1_benchmark: cottas-merge merging — 215,750,000 triples · 215,750,000 distinct triples written
  Partitioned compression: HG005_GRCh38_1_22_v4.2.1_benchmark: cottas-merge merging — 216,000,000 triples · 216,000,000 distinct triples written
  Partitioned compression: HG005_GRCh38_1_22_v4.2.1_benchmark: cottas-merge merging — 216,250,000 triples · 216,250,000 distinct triples written
  Partitioned compression: HG005_GRCh38_1_22_v4.2.1_benchmark: cottas-merge merging — 216,500,000 triples · 216,500,000 distinct triples written
  Partitioned compression: HG005_GRCh38_1_22_v4.2.1_benchmark: cottas-merge merging — 216,750,000 triples · 216,750,000 distinct triples written
  Partitioned compression: HG005_GRCh38_1_22_v4.2.1_benchmark: cottas-merge merging — 217,000,000 triples · 217,000,000 distinct triples written
  Partitioned compression: HG005_GRCh38_1_22_v4.2.1_benchmark: cottas-merge merging — 217,250,000 triples · 217,250,000 distinct triples written
  Partitioned compression: HG005_GRCh38_1_22_v4.2.1_benchmark: cottas-merge merging — 217,500,000 triples · 217,500,000 distinct triples written
  Partitioned compression: HG005_GRCh38_1_22_v4.2.1_benchmark: cottas-merge merging — 217,750,000 triples · 217,750,000 distinct triples written
  Partitioned compression: HG005_GRCh38_1_22_v4.2.1_benchmark: cottas-merge merging — 218,000,000 triples · 218,000,000 distinct triples written
  Partitioned compression: HG005_GRCh38_1_22_v4.2.1_benchmark: cottas-merge merging — 218,250,000 triples · 218,250,000 distinct triples written
  Partitioned compression: HG005_GRCh38_1_22_v4.2.1_benchmark: cottas-merge merging — 218,500,000 triples · 218,500,000 distinct triples written
  Partitioned compression: HG005_GRCh38_1_22_v4.2.1_benchmark: cottas-merge merging — 218,750,000 triples · 218,750,000 distinct triples written
  Partitioned compression: HG005_GRCh38_1_22_v4.2.1_benchmark: cottas-merge merging — 219,000,000 triples · 219,000,000 distinct triples written
  Partitioned compression: HG005_GRCh38_1_22_v4.2.1_benchmark: cottas-merge merging — 219,250,000 triples · 219,250,000 distinct triples written
  Partitioned compression: HG005_GRCh38_1_22_v4.2.1_benchmark: cottas-merge merging — 219,500,000 triples · 219,500,000 distinct triples written
  Partitioned compression: HG005_GRCh38_1_22_v4.2.1_benchmark: cottas-merge merging — 219,750,000 triples · 219,750,000 distinct triples written
  Partitioned compression: HG005_GRCh38_1_22_v4.2.1_benchmark: cottas-merge merging — 220,000,000 triples · 220,000,000 distinct triples written
  Partitioned compression: HG005_GRCh38_1_22_v4.2.1_benchmark: cottas-merge merging — 220,250,000 triples · 220,250,000 distinct triples written
  Partitioned compression: HG005_GRCh38_1_22_v4.2.1_benchmark: cottas-merge merging — 220,500,000 triples · 220,500,000 distinct triples written
  Partitioned compression: HG005_GRCh38_1_22_v4.2.1_benchmark: cottas-merge merging — 220,750,000 triples · 220,750,000 distinct triples written
  Partitioned compression: HG005_GRCh38_1_22_v4.2.1_benchmark: cottas-merge merging — 221,000,000 triples · 221,000,000 distinct triples written
  Partitioned compression: HG005_GRCh38_1_22_v4.2.1_benchmark: cottas-merge merging — 221,250,000 triples · 221,250,000 distinct triples written
  Partitioned compression: HG005_GRCh38_1_22_v4.2.1_benchmark: cottas-merge merging — 221,500,000 triples · 221,500,000 distinct triples written
  Partitioned compression: HG005_GRCh38_1_22_v4.2.1_benchmark: cottas-merge merging — 221,750,000 triples · 221,750,000 distinct triples written
  Partitioned compression: HG005_GRCh38_1_22_v4.2.1_benchmark: cottas-merge merging — 222,000,000 triples · 222,000,000 distinct triples written
  Partitioned compression: HG005_GRCh38_1_22_v4.2.1_benchmark: cottas-merge merging — 222,250,000 triples · 222,250,000 distinct triples written
  Partitioned compression: HG005_GRCh38_1_22_v4.2.1_benchmark: cottas-merge merging — 222,500,000 triples · 222,500,000 distinct triples written
  Partitioned compression: HG005_GRCh38_1_22_v4.2.1_benchmark: cottas-merge merging — 222,750,000 triples · 222,750,000 distinct triples written
  Partitioned compression: HG005_GRCh38_1_22_v4.2.1_benchmark: cottas-merge merging — 223,000,000 triples · 223,000,000 distinct triples written
  Partitioned compression: HG005_GRCh38_1_22_v4.2.1_benchmark: cottas-merge merging — 223,250,000 triples · 223,250,000 distinct triples written
  Partitioned compression: HG005_GRCh38_1_22_v4.2.1_benchmark: cottas-merge merging — 223,500,000 triples · 223,500,000 distinct triples written
  Partitioned compression: HG005_GRCh38_1_22_v4.2.1_benchmark: cottas-merge merging — 223,750,000 triples · 223,750,000 distinct triples written
  Partitioned compression: HG005_GRCh38_1_22_v4.2.1_benchmark: cottas-merge merging — 224,000,000 triples · 224,000,000 distinct triples written
  Partitioned compression: HG005_GRCh38_1_22_v4.2.1_benchmark: cottas-merge merging — 224,250,000 triples · 224,250,000 distinct triples written
  Partitioned compression: HG005_GRCh38_1_22_v4.2.1_benchmark: cottas-merge merging — 224,500,000 triples · 224,500,000 distinct triples written
  Partitioned compression: HG005_GRCh38_1_22_v4.2.1_benchmark: cottas-merge merging — 224,750,000 triples · 224,750,000 distinct triples written
  Partitioned compression: HG005_GRCh38_1_22_v4.2.1_benchmark: cottas-merge merging — 225,000,000 triples · 225,000,000 distinct triples written
  Partitioned compression: HG005_GRCh38_1_22_v4.2.1_benchmark: cottas-merge merging — 225,250,000 triples · 225,250,000 distinct triples written
  Partitioned compression: HG005_GRCh38_1_22_v4.2.1_benchmark: cottas-merge merging — 225,500,000 triples · 225,500,000 distinct triples written
  Partitioned compression: HG005_GRCh38_1_22_v4.2.1_benchmark: cottas-merge merging — 225,750,000 triples · 225,750,000 distinct triples written
  Partitioned compression: HG005_GRCh38_1_22_v4.2.1_benchmark: cottas-merge merging — 226,000,000 triples · 226,000,000 distinct triples written
  Partitioned compression: HG005_GRCh38_1_22_v4.2.1_benchmark: cottas-merge merging — 226,250,000 triples · 226,250,000 distinct triples written
  Partitioned compression: HG005_GRCh38_1_22_v4.2.1_benchmark: cottas-merge merging — 226,500,000 triples · 226,500,000 distinct triples written
  Partitioned compression: HG005_GRCh38_1_22_v4.2.1_benchmark: cottas-merge merging — 226,750,000 triples · 226,750,000 distinct triples written
  Partitioned compression: HG005_GRCh38_1_22_v4.2.1_benchmark: cottas-merge merging — 227,000,000 triples · 227,000,000 distinct triples written
  Partitioned compression: HG005_GRCh38_1_22_v4.2.1_benchmark: cottas-merge merging — 227,250,000 triples · 227,250,000 distinct triples written
  Partitioned compression: HG005_GRCh38_1_22_v4.2.1_benchmark: cottas-merge merging — 227,500,000 triples · 227,500,000 distinct triples written
  Partitioned compression: HG005_GRCh38_1_22_v4.2.1_benchmark: cottas-merge merging — 227,750,000 triples · 227,750,000 distinct triples written
  Partitioned compression: HG005_GRCh38_1_22_v4.2.1_benchmark: cottas-merge merging — 228,000,000 triples · 228,000,000 distinct triples written
  Partitioned compression: HG005_GRCh38_1_22_v4.2.1_benchmark: cottas-merge merging — 228,250,000 triples · 228,250,000 distinct triples written
  Partitioned compression: HG005_GRCh38_1_22_v4.2.1_benchmark: cottas-merge merging — 228,500,000 triples · 228,500,000 distinct triples written
  Partitioned compression: HG005_GRCh38_1_22_v4.2.1_benchmark: cottas-merge merging — 228,750,000 triples · 228,750,000 distinct triples written
  Partitioned compression: HG005_GRCh38_1_22_v4.2.1_benchmark: cottas-merge merging — 229,000,000 triples · 229,000,000 distinct triples written
  Partitioned compression: HG005_GRCh38_1_22_v4.2.1_benchmark: cottas-merge merging — 229,250,000 triples · 229,250,000 distinct triples written
  Partitioned compression: HG005_GRCh38_1_22_v4.2.1_benchmark: cottas-merge merging — 229,500,000 triples · 229,500,000 distinct triples written
  Partitioned compression: HG005_GRCh38_1_22_v4.2.1_benchmark: cottas-merge merging — 229,750,000 triples · 229,750,000 distinct triples written
  Partitioned compression: HG005_GRCh38_1_22_v4.2.1_benchmark: cottas-merge merging — 230,000,000 triples · 230,000,000 distinct triples written
  Partitioned compression: HG005_GRCh38_1_22_v4.2.1_benchmark: cottas-merge merging — 230,250,000 triples · 230,250,000 distinct triples written
  Partitioned compression: HG005_GRCh38_1_22_v4.2.1_benchmark: cottas-merge merging — 230,500,000 triples · 230,500,000 distinct triples written
  Partitioned compression: HG005_GRCh38_1_22_v4.2.1_benchmark: cottas-merge merging — 230,750,000 triples · 230,750,000 distinct triples written
  Partitioned compression: HG005_GRCh38_1_22_v4.2.1_benchmark: cottas-merge merging — 231,000,000 triples · 231,000,000 distinct triples written
  Partitioned compression: HG005_GRCh38_1_22_v4.2.1_benchmark: cottas-merge merging — 231,250,000 triples · 231,250,000 distinct triples written
  Partitioned compression: HG005_GRCh38_1_22_v4.2.1_benchmark: cottas-merge merging — 231,500,000 triples · 231,500,000 distinct triples written
  Partitioned compression: HG005_GRCh38_1_22_v4.2.1_benchmark: cottas-merge merging — 231,750,000 triples · 231,750,000 distinct triples written
  Partitioned compression: HG005_GRCh38_1_22_v4.2.1_benchmark: cottas-merge merging — 232,000,000 triples · 232,000,000 distinct triples written
  Partitioned compression: HG005_GRCh38_1_22_v4.2.1_benchmark: cottas-merge merging — 232,250,000 triples · 232,250,000 distinct triples written
  Partitioned compression: HG005_GRCh38_1_22_v4.2.1_benchmark: cottas-merge merging — 232,500,000 triples · 232,500,000 distinct triples written
  Partitioned compression: HG005_GRCh38_1_22_v4.2.1_benchmark: cottas-merge merging — 232,750,000 triples · 232,750,000 distinct triples written
  Partitioned compression: HG005_GRCh38_1_22_v4.2.1_benchmark: cottas-merge merging — 233,000,000 triples · 233,000,000 distinct triples written
  Partitioned compression: HG005_GRCh38_1_22_v4.2.1_benchmark: cottas-merge merging — 233,250,000 triples · 233,250,000 distinct triples written
  Partitioned compression: HG005_GRCh38_1_22_v4.2.1_benchmark: cottas-merge merging — 233,500,000 triples · 233,500,000 distinct triples written
  Partitioned compression: HG005_GRCh38_1_22_v4.2.1_benchmark: cottas-merge merging — 233,750,000 triples · 233,750,000 distinct triples written
  Partitioned compression: HG005_GRCh38_1_22_v4.2.1_benchmark: cottas-merge merging — 234,000,000 triples · 234,000,000 distinct triples written
  Partitioned compression: HG005_GRCh38_1_22_v4.2.1_benchmark: cottas-merge merging — 234,250,000 triples · 234,250,000 distinct triples written
  Partitioned compression: HG005_GRCh38_1_22_v4.2.1_benchmark: cottas-merge merging — 234,500,000 triples · 234,500,000 distinct triples written
  Partitioned compression: HG005_GRCh38_1_22_v4.2.1_benchmark: cottas-merge merging — 234,750,000 triples · 234,750,000 distinct triples written
  Partitioned compression: HG005_GRCh38_1_22_v4.2.1_benchmark: cottas-merge merging — 235,000,000 triples · 235,000,000 distinct triples written
  Partitioned compression: HG005_GRCh38_1_22_v4.2.1_benchmark: cottas-merge merging — 235,250,000 triples · 235,250,000 distinct triples written
  Partitioned compression: HG005_GRCh38_1_22_v4.2.1_benchmark: cottas-merge merging — 235,500,000 triples · 235,500,000 distinct triples written
  Partitioned compression: HG005_GRCh38_1_22_v4.2.1_benchmark: cottas-merge merging — 235,750,000 triples · 235,750,000 distinct triples written
  Partitioned compression: HG005_GRCh38_1_22_v4.2.1_benchmark: cottas-merge merging — 236,000,000 triples · 236,000,000 distinct triples written
  Partitioned compression: HG005_GRCh38_1_22_v4.2.1_benchmark: cottas-merge merging — 236,250,000 triples · 236,250,000 distinct triples written
  Partitioned compression: HG005_GRCh38_1_22_v4.2.1_benchmark: cottas-merge merging — 236,500,000 triples · 236,500,000 distinct triples written
  Partitioned compression: HG005_GRCh38_1_22_v4.2.1_benchmark: cottas-merge merging — 236,750,000 triples · 236,750,000 distinct triples written
  Partitioned compression: HG005_GRCh38_1_22_v4.2.1_benchmark: cottas-merge merging — 237,000,000 triples · 237,000,000 distinct triples written
  Partitioned compression: HG005_GRCh38_1_22_v4.2.1_benchmark: cottas-merge merging — 237,250,000 triples · 237,250,000 distinct triples written
  Partitioned compression: HG005_GRCh38_1_22_v4.2.1_benchmark: cottas-merge merging — 237,500,000 triples · 237,500,000 distinct triples written
  Partitioned compression: HG005_GRCh38_1_22_v4.2.1_benchmark: cottas-merge merging — 237,750,000 triples · 237,750,000 distinct triples written
  Partitioned compression: HG005_GRCh38_1_22_v4.2.1_benchmark: cottas-merge merging — 238,000,000 triples · 238,000,000 distinct triples written
  Partitioned compression: HG005_GRCh38_1_22_v4.2.1_benchmark: cottas-merge merging — 238,250,000 triples · 238,250,000 distinct triples written
  Partitioned compression: HG005_GRCh38_1_22_v4.2.1_benchmark: cottas-merge merging — 238,500,000 triples · 238,500,000 distinct triples written
  Partitioned compression: HG005_GRCh38_1_22_v4.2.1_benchmark: cottas-merge merging — 238,750,000 triples · 238,750,000 distinct triples written
  Partitioned compression: HG005_GRCh38_1_22_v4.2.1_benchmark: cottas-merge merging — 239,000,000 triples · 239,000,000 distinct triples written
  Partitioned compression: HG005_GRCh38_1_22_v4.2.1_benchmark: cottas-merge merging — 239,250,000 triples · 239,250,000 distinct triples written
  Partitioned compression: HG005_GRCh38_1_22_v4.2.1_benchmark: cottas-merge merging — 239,500,000 triples · 239,500,000 distinct triples written
  Partitioned compression: HG005_GRCh38_1_22_v4.2.1_benchmark: cottas-merge merging — 239,750,000 triples · 239,750,000 distinct triples written
  Partitioned compression: HG005_GRCh38_1_22_v4.2.1_benchmark: cottas-merge merging — 240,000,000 triples · 240,000,000 distinct triples written
  Partitioned compression: HG005_GRCh38_1_22_v4.2.1_benchmark: cottas-merge merging — 240,250,000 triples · 240,250,000 distinct triples written
  Partitioned compression: HG005_GRCh38_1_22_v4.2.1_benchmark: cottas-merge merging — 240,500,000 triples · 240,500,000 distinct triples written
  Partitioned compression: HG005_GRCh38_1_22_v4.2.1_benchmark: cottas-merge merging — 240,750,000 triples · 240,750,000 distinct triples written
  Partitioned compression: HG005_GRCh38_1_22_v4.2.1_benchmark: cottas-merge merging — 241,000,000 triples · 241,000,000 distinct triples written
  Partitioned compression: HG005_GRCh38_1_22_v4.2.1_benchmark: cottas-merge merging — 241,250,000 triples · 241,250,000 distinct triples written
  Partitioned compression: HG005_GRCh38_1_22_v4.2.1_benchmark: cottas-merge merging — 241,500,000 triples · 241,500,000 distinct triples written
  Partitioned compression: HG005_GRCh38_1_22_v4.2.1_benchmark: cottas-merge merging — 241,750,000 triples · 241,750,000 distinct triples written
  Partitioned compression: HG005_GRCh38_1_22_v4.2.1_benchmark: cottas-merge merging — 242,000,000 triples · 242,000,000 distinct triples written
  Partitioned compression: HG005_GRCh38_1_22_v4.2.1_benchmark: cottas-merge merging — 242,250,000 triples · 242,250,000 distinct triples written
  Partitioned compression: HG005_GRCh38_1_22_v4.2.1_benchmark: cottas-merge merging — 242,500,000 triples · 242,500,000 distinct triples written
  Partitioned compression: HG005_GRCh38_1_22_v4.2.1_benchmark: cottas-merge merging — 242,750,000 triples · 242,750,000 distinct triples written
  Partitioned compression: HG005_GRCh38_1_22_v4.2.1_benchmark: cottas-merge merging — 243,000,000 triples · 243,000,000 distinct triples written
  Partitioned compression: HG005_GRCh38_1_22_v4.2.1_benchmark: cottas-merge merging — 243,250,000 triples · 243,250,000 distinct triples written
  Partitioned compression: HG005_GRCh38_1_22_v4.2.1_benchmark: cottas-merge merging — 243,500,000 triples · 243,500,000 distinct triples written
  Partitioned compression: HG005_GRCh38_1_22_v4.2.1_benchmark: cottas-merge merging — 243,750,000 triples · 243,750,000 distinct triples written
  Partitioned compression: HG005_GRCh38_1_22_v4.2.1_benchmark: cottas-merge merging — 244,000,000 triples · 244,000,000 distinct triples written
  Partitioned compression: HG005_GRCh38_1_22_v4.2.1_benchmark: cottas-merge merging — 244,250,000 triples · 244,250,000 distinct triples written
  Partitioned compression: HG005_GRCh38_1_22_v4.2.1_benchmark: cottas-merge merging — 244,500,000 triples · 244,500,000 distinct triples written
  Partitioned compression: HG005_GRCh38_1_22_v4.2.1_benchmark: cottas-merge merging — 244,750,000 triples · 244,750,000 distinct triples written
  Partitioned compression: HG005_GRCh38_1_22_v4.2.1_benchmark: cottas-merge merging — 245,000,000 triples · 245,000,000 distinct triples written
  Partitioned compression: HG005_GRCh38_1_22_v4.2.1_benchmark: cottas-merge merging — 245,250,000 triples · 245,250,000 distinct triples written
  Partitioned compression: HG005_GRCh38_1_22_v4.2.1_benchmark: cottas-merge merging — 245,500,000 triples · 245,500,000 distinct triples written
  Partitioned compression: HG005_GRCh38_1_22_v4.2.1_benchmark: cottas-merge merging — 245,750,000 triples · 245,750,000 distinct triples written
  Partitioned compression: HG005_GRCh38_1_22_v4.2.1_benchmark: cottas-merge merging — 246,000,000 triples · 246,000,000 distinct triples written
  Partitioned compression: HG005_GRCh38_1_22_v4.2.1_benchmark: cottas-merge merging — 246,250,000 triples · 246,250,000 distinct triples written
  Partitioned compression: HG005_GRCh38_1_22_v4.2.1_benchmark: cottas-merge merging — 246,500,000 triples · 246,500,000 distinct triples written
  Partitioned compression: HG005_GRCh38_1_22_v4.2.1_benchmark: cottas-merge merging — 246,750,000 triples · 246,750,000 distinct triples written
  Partitioned compression: HG005_GRCh38_1_22_v4.2.1_benchmark: cottas-merge merging — 247,000,000 triples · 247,000,000 distinct triples written
  Partitioned compression: HG005_GRCh38_1_22_v4.2.1_benchmark: cottas-merge merging — 247,250,000 triples · 247,250,000 distinct triples written
  Partitioned compression: HG005_GRCh38_1_22_v4.2.1_benchmark: cottas-merge merging — 247,500,000 triples · 247,500,000 distinct triples written
  Partitioned compression: HG005_GRCh38_1_22_v4.2.1_benchmark: cottas-merge merging — 247,750,000 triples · 247,750,000 distinct triples written
  Partitioned compression: HG005_GRCh38_1_22_v4.2.1_benchmark: cottas-merge merging — 248,000,000 triples · 248,000,000 distinct triples written
  Partitioned compression: HG005_GRCh38_1_22_v4.2.1_benchmark: cottas-merge merging — 248,250,000 triples · 248,250,000 distinct triples written
  Partitioned compression: HG005_GRCh38_1_22_v4.2.1_benchmark: cottas-merge merging — 248,500,000 triples · 248,500,000 distinct triples written
  Partitioned compression: HG005_GRCh38_1_22_v4.2.1_benchmark: cottas-merge merging — 248,750,000 triples · 248,750,000 distinct triples written
  Partitioned compression: HG005_GRCh38_1_22_v4.2.1_benchmark: cottas-merge merging — 249,000,000 triples · 249,000,000 distinct triples written
  Partitioned compression: HG005_GRCh38_1_22_v4.2.1_benchmark: cottas-merge merging — 249,250,000 triples · 249,250,000 distinct triples written
  Partitioned compression: HG005_GRCh38_1_22_v4.2.1_benchmark: cottas-merge merging — 249,500,000 triples · 249,500,000 distinct triples written
  Partitioned compression: HG005_GRCh38_1_22_v4.2.1_benchmark: cottas-merge merging — 249,750,000 triples · 249,750,000 distinct triples written
  Partitioned compression: HG005_GRCh38_1_22_v4.2.1_benchmark: cottas-merge merging — 250,000,000 triples · 250,000,000 distinct triples written
  Partitioned compression: HG005_GRCh38_1_22_v4.2.1_benchmark: cottas-merge merging — 250,250,000 triples · 250,250,000 distinct triples written
  Partitioned compression: HG005_GRCh38_1_22_v4.2.1_benchmark: cottas-merge merging — 250,500,000 triples · 250,500,000 distinct triples written
  Partitioned compression: HG005_GRCh38_1_22_v4.2.1_benchmark: cottas-merge merging — 250,750,000 triples · 250,750,000 distinct triples written
  Partitioned compression: HG005_GRCh38_1_22_v4.2.1_benchmark: cottas-merge merging — 251,000,000 triples · 251,000,000 distinct triples written
  Partitioned compression: HG005_GRCh38_1_22_v4.2.1_benchmark: cottas-merge merging — 251,250,000 triples · 251,250,000 distinct triples written
  Partitioned compression: HG005_GRCh38_1_22_v4.2.1_benchmark: cottas-merge merging — 251,500,000 triples · 251,500,000 distinct triples written
  Partitioned compression: HG005_GRCh38_1_22_v4.2.1_benchmark: cottas-merge merging — 251,750,000 triples · 251,750,000 distinct triples written
  Partitioned compression: HG005_GRCh38_1_22_v4.2.1_benchmark: cottas-merge merging — 252,000,000 triples · 252,000,000 distinct triples written
  Partitioned compression: HG005_GRCh38_1_22_v4.2.1_benchmark: cottas-merge merging — 252,250,000 triples · 252,250,000 distinct triples written
  Partitioned compression: HG005_GRCh38_1_22_v4.2.1_benchmark: cottas-merge merging — 252,500,000 triples · 252,500,000 distinct triples written
  Partitioned compression: HG005_GRCh38_1_22_v4.2.1_benchmark: cottas-merge merging — 252,750,000 triples · 252,750,000 distinct triples written
  Partitioned compression: HG005_GRCh38_1_22_v4.2.1_benchmark: cottas-merge merging — 253,000,000 triples · 253,000,000 distinct triples written
  Partitioned compression: HG005_GRCh38_1_22_v4.2.1_benchmark: cottas-merge merging — 253,250,000 triples · 253,250,000 distinct triples written
  Partitioned compression: HG005_GRCh38_1_22_v4.2.1_benchmark: cottas-merge merging — 253,500,000 triples · 253,500,000 distinct triples written
  Partitioned compression: HG005_GRCh38_1_22_v4.2.1_benchmark: cottas-merge merging — 253,750,000 triples · 253,750,000 distinct triples written
  Partitioned compression: HG005_GRCh38_1_22_v4.2.1_benchmark: cottas-merge merging — 254,000,000 triples · 254,000,000 distinct triples written
  Partitioned compression: HG005_GRCh38_1_22_v4.2.1_benchmark: cottas-merge merging — 254,250,000 triples · 254,250,000 distinct triples written
  Partitioned compression: HG005_GRCh38_1_22_v4.2.1_benchmark: cottas-merge merging — 254,500,000 triples · 254,500,000 distinct triples written
  Partitioned compression: HG005_GRCh38_1_22_v4.2.1_benchmark: cottas-merge merging — 254,750,000 triples · 254,750,000 distinct triples written
  Partitioned compression: HG005_GRCh38_1_22_v4.2.1_benchmark: cottas-merge merging — 255,000,000 triples · 255,000,000 distinct triples written
  Partitioned compression: HG005_GRCh38_1_22_v4.2.1_benchmark: cottas-merge merging — 255,250,000 triples · 255,250,000 distinct triples written
  Partitioned compression: HG005_GRCh38_1_22_v4.2.1_benchmark: cottas-merge merging — 255,500,000 triples · 255,500,000 distinct triples written
  Partitioned compression: HG005_GRCh38_1_22_v4.2.1_benchmark: cottas-merge merging — 255,750,000 triples · 255,750,000 distinct triples written
  Partitioned compression: HG005_GRCh38_1_22_v4.2.1_benchmark: cottas-merge merging — 256,000,000 triples · 256,000,000 distinct triples written
  Partitioned compression: HG005_GRCh38_1_22_v4.2.1_benchmark: cottas-merge merging — 256,250,000 triples · 256,250,000 distinct triples written
  Partitioned compression: HG005_GRCh38_1_22_v4.2.1_benchmark: cottas-merge merging — 256,500,000 triples · 256,500,000 distinct triples written
  Partitioned compression: HG005_GRCh38_1_22_v4.2.1_benchmark: cottas-merge merging — 256,750,000 triples · 256,750,000 distinct triples written
  Partitioned compression: HG005_GRCh38_1_22_v4.2.1_benchmark: cottas-merge merging — 257,000,000 triples · 257,000,000 distinct triples written
  Partitioned compression: HG005_GRCh38_1_22_v4.2.1_benchmark: cottas-merge merging — 257,250,000 triples · 257,250,000 distinct triples written
  Partitioned compression: HG005_GRCh38_1_22_v4.2.1_benchmark: cottas-merge merging — 257,500,000 triples · 257,500,000 distinct triples written
  Partitioned compression: HG005_GRCh38_1_22_v4.2.1_benchmark: cottas-merge merging — 257,750,000 triples · 257,750,000 distinct triples written
  Partitioned compression: HG005_GRCh38_1_22_v4.2.1_benchmark: cottas-merge merging — 258,000,000 triples · 258,000,000 distinct triples written
  Partitioned compression: HG005_GRCh38_1_22_v4.2.1_benchmark: cottas-merge merging — 258,250,000 triples · 258,250,000 distinct triples written
  Partitioned compression: HG005_GRCh38_1_22_v4.2.1_benchmark: cottas-merge merging — 258,500,000 triples · 258,500,000 distinct triples written
  Partitioned compression: HG005_GRCh38_1_22_v4.2.1_benchmark: cottas-merge merging — 258,750,000 triples · 258,750,000 distinct triples written
  Partitioned compression: HG005_GRCh38_1_22_v4.2.1_benchmark: cottas-merge merging — 259,000,000 triples · 259,000,000 distinct triples written
  Partitioned compression: HG005_GRCh38_1_22_v4.2.1_benchmark: cottas-merge merging — 259,250,000 triples · 259,250,000 distinct triples written
  Partitioned compression: HG005_GRCh38_1_22_v4.2.1_benchmark: cottas-merge merging — 259,500,000 triples · 259,500,000 distinct triples written
  Partitioned compression: HG005_GRCh38_1_22_v4.2.1_benchmark: cottas-merge merging — 259,750,000 triples · 259,750,000 distinct triples written
  Partitioned compression: HG005_GRCh38_1_22_v4.2.1_benchmark: cottas-merge merging — 260,000,000 triples · 260,000,000 distinct triples written
  Partitioned compression: HG005_GRCh38_1_22_v4.2.1_benchmark: cottas-merge merging — 260,250,000 triples · 260,250,000 distinct triples written
  Partitioned compression: HG005_GRCh38_1_22_v4.2.1_benchmark: cottas-merge merging — 260,500,000 triples · 260,500,000 distinct triples written
  Partitioned compression: HG005_GRCh38_1_22_v4.2.1_benchmark: cottas-merge merging — 260,750,000 triples · 260,750,000 distinct triples written
  Partitioned compression: HG005_GRCh38_1_22_v4.2.1_benchmark: cottas-merge merging — 261,000,000 triples · 261,000,000 distinct triples written
  Partitioned compression: HG005_GRCh38_1_22_v4.2.1_benchmark: cottas-merge merging — 261,250,000 triples · 261,250,000 distinct triples written
  Partitioned compression: HG005_GRCh38_1_22_v4.2.1_benchmark: cottas-merge merging — 261,500,000 triples · 261,500,000 distinct triples written
  Partitioned compression: HG005_GRCh38_1_22_v4.2.1_benchmark: cottas-merge merging — 261,750,000 triples · 261,750,000 distinct triples written
  Partitioned compression: HG005_GRCh38_1_22_v4.2.1_benchmark: cottas-merge merging — 262,000,000 triples · 262,000,000 distinct triples written
  Partitioned compression: HG005_GRCh38_1_22_v4.2.1_benchmark: cottas-merge merging — 262,250,000 triples · 262,250,000 distinct triples written
  Partitioned compression: HG005_GRCh38_1_22_v4.2.1_benchmark: cottas-merge merging — 262,500,000 triples · 262,500,000 distinct triples written
  Partitioned compression: HG005_GRCh38_1_22_v4.2.1_benchmark: cottas-merge merging — 262,750,000 triples · 262,750,000 distinct triples written
  Partitioned compression: HG005_GRCh38_1_22_v4.2.1_benchmark: cottas-merge merging — 263,000,000 triples · 263,000,000 distinct triples written
  Partitioned compression: HG005_GRCh38_1_22_v4.2.1_benchmark: cottas-merge merging — 263,250,000 triples · 263,250,000 distinct triples written
  Partitioned compression: HG005_GRCh38_1_22_v4.2.1_benchmark: cottas-merge merging — 263,500,000 triples · 263,500,000 distinct triples written
  Partitioned compression: HG005_GRCh38_1_22_v4.2.1_benchmark: cottas-merge merging — 263,750,000 triples · 263,750,000 distinct triples written
  Partitioned compression: HG005_GRCh38_1_22_v4.2.1_benchmark: cottas-merge merging — 264,000,000 triples · 264,000,000 distinct triples written
  Partitioned compression: HG005_GRCh38_1_22_v4.2.1_benchmark: cottas-merge merging — 264,250,000 triples · 264,250,000 distinct triples written
  Partitioned compression: HG005_GRCh38_1_22_v4.2.1_benchmark: cottas-merge merging — 264,500,000 triples · 264,500,000 distinct triples written
  Partitioned compression: HG005_GRCh38_1_22_v4.2.1_benchmark: cottas-merge merging — 264,750,000 triples · 264,750,000 distinct triples written
  Partitioned compression: HG005_GRCh38_1_22_v4.2.1_benchmark: cottas-merge merging — 265,000,000 triples · 265,000,000 distinct triples written
  Partitioned compression: HG005_GRCh38_1_22_v4.2.1_benchmark: cottas-merge merging — 265,250,000 triples · 265,250,000 distinct triples written
  Partitioned compression: HG005_GRCh38_1_22_v4.2.1_benchmark: cottas-merge merging — 265,500,000 triples · 265,500,000 distinct triples written
  Partitioned compression: HG005_GRCh38_1_22_v4.2.1_benchmark: cottas-merge merging — 265,750,000 triples · 265,750,000 distinct triples written
  Partitioned compression: HG005_GRCh38_1_22_v4.2.1_benchmark: cottas-merge merging — 266,000,000 triples · 266,000,000 distinct triples written
  Partitioned compression: HG005_GRCh38_1_22_v4.2.1_benchmark: cottas-merge merging — 266,250,000 triples · 266,250,000 distinct triples written
  Partitioned compression: HG005_GRCh38_1_22_v4.2.1_benchmark: cottas-merge merging — 266,500,000 triples · 266,500,000 distinct triples written
  Partitioned compression: HG005_GRCh38_1_22_v4.2.1_benchmark: cottas-merge merging — 266,750,000 triples · 266,750,000 distinct triples written
  Partitioned compression: HG005_GRCh38_1_22_v4.2.1_benchmark: cottas-merge merging — 267,000,000 triples · 267,000,000 distinct triples written
  Partitioned compression: HG005_GRCh38_1_22_v4.2.1_benchmark: cottas-merge merging — 267,250,000 triples · 267,250,000 distinct triples written
  Partitioned compression: HG005_GRCh38_1_22_v4.2.1_benchmark: cottas-merge merging — 267,500,000 triples · 267,500,000 distinct triples written
  Partitioned compression: HG005_GRCh38_1_22_v4.2.1_benchmark: cottas-merge merging — 267,750,000 triples · 267,750,000 distinct triples written
  Partitioned compression: HG005_GRCh38_1_22_v4.2.1_benchmark: cottas-merge merging — 268,000,000 triples · 268,000,000 distinct triples written
  Partitioned compression: HG005_GRCh38_1_22_v4.2.1_benchmark: cottas-merge merging — 268,250,000 triples · 268,250,000 distinct triples written
  Partitioned compression: HG005_GRCh38_1_22_v4.2.1_benchmark: cottas-merge merging — 268,500,000 triples · 268,500,000 distinct triples written
  Partitioned compression: HG005_GRCh38_1_22_v4.2.1_benchmark: cottas-merge merging — 268,750,000 triples · 268,750,000 distinct triples written
  Partitioned compression: HG005_GRCh38_1_22_v4.2.1_benchmark: cottas-merge merging — 269,000,000 triples · 269,000,000 distinct triples written
  Partitioned compression: HG005_GRCh38_1_22_v4.2.1_benchmark: cottas-merge merging — 269,250,000 triples · 269,250,000 distinct triples written
  Partitioned compression: HG005_GRCh38_1_22_v4.2.1_benchmark: cottas-merge merging — 269,500,000 triples · 269,500,000 distinct triples written
  Partitioned compression: HG005_GRCh38_1_22_v4.2.1_benchmark: cottas-merge merging — 269,750,000 triples · 269,750,000 distinct triples written
  Partitioned compression: HG005_GRCh38_1_22_v4.2.1_benchmark: cottas-merge merging — 270,000,000 triples · 270,000,000 distinct triples written
  Partitioned compression: HG005_GRCh38_1_22_v4.2.1_benchmark: cottas-merge merging — 270,250,000 triples · 270,250,000 distinct triples written
  Partitioned compression: HG005_GRCh38_1_22_v4.2.1_benchmark: cottas-merge merging — 270,500,000 triples · 270,500,000 distinct triples written
  Partitioned compression: HG005_GRCh38_1_22_v4.2.1_benchmark: cottas-merge merging — 270,750,000 triples · 270,750,000 distinct triples written
  Partitioned compression: HG005_GRCh38_1_22_v4.2.1_benchmark: cottas-merge merging — 271,000,000 triples · 271,000,000 distinct triples written
  Partitioned compression: HG005_GRCh38_1_22_v4.2.1_benchmark: cottas-merge merging — 271,250,000 triples · 271,250,000 distinct triples written
  Partitioned compression: HG005_GRCh38_1_22_v4.2.1_benchmark: cottas-merge merging — 271,500,000 triples · 271,500,000 distinct triples written
  Partitioned compression: HG005_GRCh38_1_22_v4.2.1_benchmark: cottas-merge merging — 271,750,000 triples · 271,750,000 distinct triples written
  Partitioned compression: HG005_GRCh38_1_22_v4.2.1_benchmark: cottas-merge merging — 272,000,000 triples · 272,000,000 distinct triples written
  Partitioned compression: HG005_GRCh38_1_22_v4.2.1_benchmark: cottas-merge merging — 272,250,000 triples · 272,250,000 distinct triples written
  Partitioned compression: HG005_GRCh38_1_22_v4.2.1_benchmark: cottas-merge merging — 272,500,000 triples · 272,500,000 distinct triples written
  Partitioned compression: HG005_GRCh38_1_22_v4.2.1_benchmark: cottas-merge merging — 272,750,000 triples · 272,750,000 distinct triples written
  Partitioned compression: HG005_GRCh38_1_22_v4.2.1_benchmark: cottas-merge merging — 273,000,000 triples · 273,000,000 distinct triples written
  Partitioned compression: HG005_GRCh38_1_22_v4.2.1_benchmark: cottas-merge merging — 273,250,000 triples · 273,250,000 distinct triples written
  Partitioned compression: HG005_GRCh38_1_22_v4.2.1_benchmark: cottas-merge merging — 273,500,000 triples · 273,500,000 distinct triples written
  Partitioned compression: HG005_GRCh38_1_22_v4.2.1_benchmark: cottas-merge merging — 273,750,000 triples · 273,750,000 distinct triples written
  Partitioned compression: HG005_GRCh38_1_22_v4.2.1_benchmark: cottas-merge merging — 274,000,000 triples · 274,000,000 distinct triples written
  Partitioned compression: HG005_GRCh38_1_22_v4.2.1_benchmark: cottas-merge merging — 274,250,000 triples · 274,250,000 distinct triples written
  Partitioned compression: HG005_GRCh38_1_22_v4.2.1_benchmark: cottas-merge merging — 274,500,000 triples · 274,500,000 distinct triples written
  Partitioned compression: HG005_GRCh38_1_22_v4.2.1_benchmark: cottas-merge merging — 274,750,000 triples · 274,750,000 distinct triples written
  Partitioned compression: HG005_GRCh38_1_22_v4.2.1_benchmark: cottas-merge merging — 275,000,000 triples · 275,000,000 distinct triples written
  Partitioned compression: HG005_GRCh38_1_22_v4.2.1_benchmark: cottas-merge merging — 275,250,000 triples · 275,250,000 distinct triples written
  Partitioned compression: HG005_GRCh38_1_22_v4.2.1_benchmark: cottas-merge merging — 275,500,000 triples · 275,500,000 distinct triples written
  Partitioned compression: HG005_GRCh38_1_22_v4.2.1_benchmark: cottas-merge merging — 275,750,000 triples · 275,750,000 distinct triples written
  Partitioned compression: HG005_GRCh38_1_22_v4.2.1_benchmark: cottas-merge merging — 276,000,000 triples · 276,000,000 distinct triples written
  Partitioned compression: HG005_GRCh38_1_22_v4.2.1_benchmark: cottas-merge merging — 276,250,000 triples · 276,250,000 distinct triples written
  Partitioned compression: HG005_GRCh38_1_22_v4.2.1_benchmark: cottas-merge merging — 276,500,000 triples · 276,500,000 distinct triples written
  Partitioned compression: HG005_GRCh38_1_22_v4.2.1_benchmark: cottas-merge merging — 276,750,000 triples · 276,750,000 distinct triples written
  Partitioned compression: HG005_GRCh38_1_22_v4.2.1_benchmark: cottas-merge merging — 277,000,000 triples · 277,000,000 distinct triples written
  Partitioned compression: HG005_GRCh38_1_22_v4.2.1_benchmark: cottas-merge merging — 277,250,000 triples · 277,250,000 distinct triples written
  Partitioned compression: HG005_GRCh38_1_22_v4.2.1_benchmark: cottas-merge merging — 277,500,000 triples · 277,500,000 distinct triples written
  Partitioned compression: HG005_GRCh38_1_22_v4.2.1_benchmark: cottas-merge merging — 277,750,000 triples · 277,750,000 distinct triples written
  Partitioned compression: HG005_GRCh38_1_22_v4.2.1_benchmark: cottas-merge merging — 278,000,000 triples · 278,000,000 distinct triples written
  Partitioned compression: HG005_GRCh38_1_22_v4.2.1_benchmark: cottas-merge merging — 278,250,000 triples · 278,250,000 distinct triples written
  Partitioned compression: HG005_GRCh38_1_22_v4.2.1_benchmark: cottas-merge merging — 278,500,000 triples · 278,500,000 distinct triples written
  Partitioned compression: HG005_GRCh38_1_22_v4.2.1_benchmark: cottas-merge merging — 278,750,000 triples · 278,750,000 distinct triples written
  Partitioned compression: HG005_GRCh38_1_22_v4.2.1_benchmark: cottas-merge merging — 279,000,000 triples · 279,000,000 distinct triples written
  Partitioned compression: HG005_GRCh38_1_22_v4.2.1_benchmark: cottas-merge merging — 279,250,000 triples · 279,250,000 distinct triples written
  Partitioned compression: HG005_GRCh38_1_22_v4.2.1_benchmark: cottas-merge merging — 279,500,000 triples · 279,500,000 distinct triples written
  Partitioned compression: HG005_GRCh38_1_22_v4.2.1_benchmark: cottas-merge merging — 279,750,000 triples · 279,750,000 distinct triples written
  Partitioned compression: HG005_GRCh38_1_22_v4.2.1_benchmark: cottas-merge merging — 280,000,000 triples · 280,000,000 distinct triples written
  Partitioned compression: HG005_GRCh38_1_22_v4.2.1_benchmark: cottas-merge merging — 280,250,000 triples · 280,250,000 distinct triples written
  Partitioned compression: HG005_GRCh38_1_22_v4.2.1_benchmark: cottas-merge merging — 280,500,000 triples · 280,500,000 distinct triples written
  Partitioned compression: HG005_GRCh38_1_22_v4.2.1_benchmark: cottas-merge merging — 280,750,000 triples · 280,750,000 distinct triples written
  Partitioned compression: HG005_GRCh38_1_22_v4.2.1_benchmark: cottas-merge merging — 281,000,000 triples · 281,000,000 distinct triples written
  Partitioned compression: HG005_GRCh38_1_22_v4.2.1_benchmark: cottas-merge merging — 281,250,000 triples · 281,250,000 distinct triples written
  Partitioned compression: HG005_GRCh38_1_22_v4.2.1_benchmark: cottas-merge merging — 281,500,000 triples · 281,500,000 distinct triples written
  Partitioned compression: HG005_GRCh38_1_22_v4.2.1_benchmark: cottas-merge merging — 281,750,000 triples · 281,750,000 distinct triples written
  Partitioned compression: HG005_GRCh38_1_22_v4.2.1_benchmark: cottas-merge merging — 282,000,000 triples · 282,000,000 distinct triples written
  Partitioned compression: HG005_GRCh38_1_22_v4.2.1_benchmark: cottas-merge merging — 282,250,000 triples · 282,250,000 distinct triples written
  Partitioned compression: HG005_GRCh38_1_22_v4.2.1_benchmark: cottas-merge merging — 282,500,000 triples · 282,500,000 distinct triples written
  Partitioned compression: HG005_GRCh38_1_22_v4.2.1_benchmark: cottas-merge merging — 282,750,000 triples · 282,750,000 distinct triples written
  Partitioned compression: HG005_GRCh38_1_22_v4.2.1_benchmark: cottas-merge merging — 283,000,000 triples · 283,000,000 distinct triples written
  Partitioned compression: HG005_GRCh38_1_22_v4.2.1_benchmark: cottas-merge merging — 283,250,000 triples · 283,250,000 distinct triples written
  Partitioned compression: HG005_GRCh38_1_22_v4.2.1_benchmark: cottas-merge merging — 283,500,000 triples · 283,500,000 distinct triples written
  Partitioned compression: HG005_GRCh38_1_22_v4.2.1_benchmark: cottas-merge merging — 283,750,000 triples · 283,750,000 distinct triples written
  Partitioned compression: HG005_GRCh38_1_22_v4.2.1_benchmark: cottas-merge merging — 284,000,000 triples · 284,000,000 distinct triples written
  Partitioned compression: HG005_GRCh38_1_22_v4.2.1_benchmark: cottas-merge merging — 284,250,000 triples · 284,250,000 distinct triples written
  Partitioned compression: HG005_GRCh38_1_22_v4.2.1_benchmark: cottas-merge merging — 284,500,000 triples · 284,500,000 distinct triples written
  Partitioned compression: HG005_GRCh38_1_22_v4.2.1_benchmark: cottas-merge merging — 284,750,000 triples · 284,750,000 distinct triples written
  Partitioned compression: HG005_GRCh38_1_22_v4.2.1_benchmark: cottas-merge merging — 285,000,000 triples · 285,000,000 distinct triples written
  Partitioned compression: HG005_GRCh38_1_22_v4.2.1_benchmark: cottas-merge merging — 285,250,000 triples · 285,250,000 distinct triples written
  Partitioned compression: HG005_GRCh38_1_22_v4.2.1_benchmark: cottas-merge merging — 285,500,000 triples · 285,500,000 distinct triples written
  Partitioned compression: HG005_GRCh38_1_22_v4.2.1_benchmark: cottas-merge merging — 285,750,000 triples · 285,750,000 distinct triples written
  Partitioned compression: HG005_GRCh38_1_22_v4.2.1_benchmark: cottas-merge merging — 286,000,000 triples · 286,000,000 distinct triples written
  Partitioned compression: HG005_GRCh38_1_22_v4.2.1_benchmark: cottas-merge merging — 286,250,000 triples · 286,250,000 distinct triples written
  Partitioned compression: HG005_GRCh38_1_22_v4.2.1_benchmark: cottas-merge merging — 286,500,000 triples · 286,500,000 distinct triples written
  Partitioned compression: HG005_GRCh38_1_22_v4.2.1_benchmark: cottas-merge merging — 286,750,000 triples · 286,750,000 distinct triples written
  Partitioned compression: HG005_GRCh38_1_22_v4.2.1_benchmark: cottas-merge merging — 287,000,000 triples · 287,000,000 distinct triples written
  Partitioned compression: HG005_GRCh38_1_22_v4.2.1_benchmark: cottas-merge merging — 287,250,000 triples · 287,250,000 distinct triples written
  Partitioned compression: HG005_GRCh38_1_22_v4.2.1_benchmark: cottas-merge merging — 287,500,000 triples · 287,500,000 distinct triples written
  Partitioned compression: HG005_GRCh38_1_22_v4.2.1_benchmark: cottas-merge merging — 287,750,000 triples · 287,750,000 distinct triples written
  Partitioned compression: HG005_GRCh38_1_22_v4.2.1_benchmark: cottas-merge merging — 288,000,000 triples · 288,000,000 distinct triples written
  Partitioned compression: HG005_GRCh38_1_22_v4.2.1_benchmark: cottas-merge merging — 288,250,000 triples · 288,250,000 distinct triples written
  Partitioned compression: HG005_GRCh38_1_22_v4.2.1_benchmark: cottas-merge merging — 288,500,000 triples · 288,500,000 distinct triples written
  Partitioned compression: HG005_GRCh38_1_22_v4.2.1_benchmark: cottas-merge merging — 288,750,000 triples · 288,750,000 distinct triples written
  Partitioned compression: HG005_GRCh38_1_22_v4.2.1_benchmark: cottas-merge merging — 289,000,000 triples · 289,000,000 distinct triples written
  Partitioned compression: HG005_GRCh38_1_22_v4.2.1_benchmark: cottas-merge merging — 289,250,000 triples · 289,250,000 distinct triples written
  Partitioned compression: HG005_GRCh38_1_22_v4.2.1_benchmark: cottas-merge merging — 289,500,000 triples · 289,500,000 distinct triples written
  Partitioned compression: HG005_GRCh38_1_22_v4.2.1_benchmark: cottas-merge merging — 289,750,000 triples · 289,750,000 distinct triples written
  Partitioned compression: HG005_GRCh38_1_22_v4.2.1_benchmark: cottas-merge merging — 290,000,000 triples · 290,000,000 distinct triples written
  Partitioned compression: HG005_GRCh38_1_22_v4.2.1_benchmark: cottas-merge merging — 290,250,000 triples · 290,250,000 distinct triples written
  Partitioned compression: HG005_GRCh38_1_22_v4.2.1_benchmark: cottas-merge merging — 290,500,000 triples · 290,500,000 distinct triples written
  Partitioned compression: HG005_GRCh38_1_22_v4.2.1_benchmark: cottas-merge merging — 290,750,000 triples · 290,750,000 distinct triples written
  Partitioned compression: HG005_GRCh38_1_22_v4.2.1_benchmark: cottas-merge merging — 291,000,000 triples · 291,000,000 distinct triples written
  Partitioned compression: HG005_GRCh38_1_22_v4.2.1_benchmark: cottas-merge merging — 291,250,000 triples · 291,250,000 distinct triples written
  Partitioned compression: HG005_GRCh38_1_22_v4.2.1_benchmark: cottas-merge merging — 291,500,000 triples · 291,500,000 distinct triples written
  Partitioned compression: HG005_GRCh38_1_22_v4.2.1_benchmark: cottas-merge merging — 291,750,000 triples · 291,750,000 distinct triples written
  Partitioned compression: HG005_GRCh38_1_22_v4.2.1_benchmark: cottas-merge merging — 292,000,000 triples · 292,000,000 distinct triples written
  Partitioned compression: HG005_GRCh38_1_22_v4.2.1_benchmark: cottas-merge merging — 292,250,000 triples · 292,250,000 distinct triples written
  Partitioned compression: HG005_GRCh38_1_22_v4.2.1_benchmark: cottas-merge merging — 292,500,000 triples · 292,500,000 distinct triples written
  Partitioned compression: HG005_GRCh38_1_22_v4.2.1_benchmark: cottas-merge merging — 292,750,000 triples · 292,750,000 distinct triples written
  Partitioned compression: HG005_GRCh38_1_22_v4.2.1_benchmark: cottas-merge merging — 293,000,000 triples · 293,000,000 distinct triples written
  Partitioned compression: HG005_GRCh38_1_22_v4.2.1_benchmark: cottas-merge merging — 293,250,000 triples · 293,250,000 distinct triples written
  Partitioned compression: HG005_GRCh38_1_22_v4.2.1_benchmark: cottas-merge merging — 293,500,000 triples · 293,500,000 distinct triples written
  Partitioned compression: HG005_GRCh38_1_22_v4.2.1_benchmark: cottas-merge merging — 293,750,000 triples · 293,750,000 distinct triples written
  Partitioned compression: HG005_GRCh38_1_22_v4.2.1_benchmark: cottas-merge merging — 294,000,000 triples · 294,000,000 distinct triples written
  Partitioned compression: HG005_GRCh38_1_22_v4.2.1_benchmark: cottas-merge merging — 294,250,000 triples · 294,250,000 distinct triples written
  Partitioned compression: HG005_GRCh38_1_22_v4.2.1_benchmark: cottas-merge merging — 294,500,000 triples · 294,500,000 distinct triples written
  Partitioned compression: HG005_GRCh38_1_22_v4.2.1_benchmark: cottas-merge merging — 294,750,000 triples · 294,750,000 distinct triples written
  Partitioned compression: HG005_GRCh38_1_22_v4.2.1_benchmark: cottas-merge merging — 295,000,000 triples · 295,000,000 distinct triples written
  Partitioned compression: HG005_GRCh38_1_22_v4.2.1_benchmark: cottas-merge merging — 295,250,000 triples · 295,250,000 distinct triples written
  Partitioned compression: HG005_GRCh38_1_22_v4.2.1_benchmark: cottas-merge merging — 295,500,000 triples · 295,500,000 distinct triples written
  Partitioned compression: HG005_GRCh38_1_22_v4.2.1_benchmark: cottas-merge merging — 295,750,000 triples · 295,750,000 distinct triples written
  Partitioned compression: HG005_GRCh38_1_22_v4.2.1_benchmark: cottas-merge merging — 296,000,000 triples · 296,000,000 distinct triples written
  Partitioned compression: HG005_GRCh38_1_22_v4.2.1_benchmark: cottas-merge merging — 296,250,000 triples · 296,250,000 distinct triples written
  Partitioned compression: HG005_GRCh38_1_22_v4.2.1_benchmark: cottas-merge merging — 296,500,000 triples · 296,500,000 distinct triples written
  Partitioned compression: HG005_GRCh38_1_22_v4.2.1_benchmark: cottas-merge merging — 296,750,000 triples · 296,750,000 distinct triples written
  Partitioned compression: HG005_GRCh38_1_22_v4.2.1_benchmark: cottas-merge merging — 297,000,000 triples · 297,000,000 distinct triples written
  Partitioned compression: HG005_GRCh38_1_22_v4.2.1_benchmark: cottas-merge merging — 297,250,000 triples · 297,250,000 distinct triples written
  Partitioned compression: HG005_GRCh38_1_22_v4.2.1_benchmark: cottas-merge merging — 297,500,000 triples · 297,500,000 distinct triples written
  Partitioned compression: HG005_GRCh38_1_22_v4.2.1_benchmark: cottas-merge merging — 297,750,000 triples · 297,750,000 distinct triples written
  Partitioned compression: HG005_GRCh38_1_22_v4.2.1_benchmark: cottas-merge merging — 298,000,000 triples · 298,000,000 distinct triples written
  Partitioned compression: HG005_GRCh38_1_22_v4.2.1_benchmark: cottas-merge merging — 298,250,000 triples · 298,250,000 distinct triples written
  Partitioned compression: HG005_GRCh38_1_22_v4.2.1_benchmark: cottas-merge merging — 298,500,000 triples · 298,500,000 distinct triples written
  Partitioned compression: HG005_GRCh38_1_22_v4.2.1_benchmark: cottas-merge merging — 298,750,000 triples · 298,750,000 distinct triples written
  Partitioned compression: HG005_GRCh38_1_22_v4.2.1_benchmark: cottas-merge merging — 299,000,000 triples · 299,000,000 distinct triples written
  Partitioned compression: HG005_GRCh38_1_22_v4.2.1_benchmark: cottas-merge merging — 299,250,000 triples · 299,250,000 distinct triples written
  Partitioned compression: HG005_GRCh38_1_22_v4.2.1_benchmark: cottas-merge merging — 299,500,000 triples · 299,500,000 distinct triples written
  Partitioned compression: HG005_GRCh38_1_22_v4.2.1_benchmark: cottas-merge merging — 299,750,000 triples · 299,750,000 distinct triples written
  Partitioned compression: HG005_GRCh38_1_22_v4.2.1_benchmark: cottas-merge merging — 300,000,000 triples · 300,000,000 distinct triples written
  Partitioned compression: HG005_GRCh38_1_22_v4.2.1_benchmark: cottas-merge merging — 300,250,000 triples · 300,250,000 distinct triples written
  Partitioned compression: HG005_GRCh38_1_22_v4.2.1_benchmark: cottas-merge merging — 300,500,000 triples · 300,500,000 distinct triples written
  Partitioned compression: HG005_GRCh38_1_22_v4.2.1_benchmark: cottas-merge merging — 300,750,000 triples · 300,750,000 distinct triples written
  Partitioned compression: HG005_GRCh38_1_22_v4.2.1_benchmark: cottas-merge merging — 301,000,000 triples · 301,000,000 distinct triples written
  Partitioned compression: HG005_GRCh38_1_22_v4.2.1_benchmark: cottas-merge merging — 301,250,000 triples · 301,250,000 distinct triples written
  Partitioned compression: HG005_GRCh38_1_22_v4.2.1_benchmark: cottas-merge merging — 301,500,000 triples · 301,500,000 distinct triples written
  Partitioned compression: HG005_GRCh38_1_22_v4.2.1_benchmark: cottas-merge merging — 301,750,000 triples · 301,750,000 distinct triples written
  Partitioned compression: HG005_GRCh38_1_22_v4.2.1_benchmark: cottas-merge merging — 302,000,000 triples · 302,000,000 distinct triples written
  Partitioned compression: HG005_GRCh38_1_22_v4.2.1_benchmark: cottas-merge merging — 302,250,000 triples · 302,250,000 distinct triples written
  Partitioned compression: HG005_GRCh38_1_22_v4.2.1_benchmark: cottas-merge merging — 302,500,000 triples · 302,500,000 distinct triples written
  Partitioned compression: HG005_GRCh38_1_22_v4.2.1_benchmark: cottas-merge merging — 302,750,000 triples · 302,750,000 distinct triples written
  Partitioned compression: HG005_GRCh38_1_22_v4.2.1_benchmark: cottas-merge merging — 303,000,000 triples · 303,000,000 distinct triples written
  Partitioned compression: HG005_GRCh38_1_22_v4.2.1_benchmark: cottas-merge merging — 303,250,000 triples · 303,250,000 distinct triples written
  Partitioned compression: HG005_GRCh38_1_22_v4.2.1_benchmark: cottas-merge merging — 303,500,000 triples · 303,500,000 distinct triples written
  Partitioned compression: HG005_GRCh38_1_22_v4.2.1_benchmark: cottas-merge merging — 303,750,000 triples · 303,750,000 distinct triples written
  Partitioned compression: HG005_GRCh38_1_22_v4.2.1_benchmark: cottas-merge merging — 304,000,000 triples · 304,000,000 distinct triples written
  Partitioned compression: HG005_GRCh38_1_22_v4.2.1_benchmark: cottas-merge merging — 304,250,000 triples · 304,250,000 distinct triples written
  Partitioned compression: HG005_GRCh38_1_22_v4.2.1_benchmark: cottas-merge merging — 304,500,000 triples · 304,500,000 distinct triples written
  Partitioned compression: HG005_GRCh38_1_22_v4.2.1_benchmark: cottas-merge merging — 304,750,000 triples · 304,750,000 distinct triples written
  Partitioned compression: HG005_GRCh38_1_22_v4.2.1_benchmark: cottas-merge merging — 305,000,000 triples · 305,000,000 distinct triples written
  Partitioned compression: HG005_GRCh38_1_22_v4.2.1_benchmark: cottas-merge merging — 305,250,000 triples · 305,250,000 distinct triples written
  Partitioned compression: HG005_GRCh38_1_22_v4.2.1_benchmark: cottas-merge merging — 305,500,000 triples · 305,500,000 distinct triples written
  Partitioned compression: HG005_GRCh38_1_22_v4.2.1_benchmark: cottas-merge merging — 305,750,000 triples · 305,750,000 distinct triples written
  Partitioned compression: HG005_GRCh38_1_22_v4.2.1_benchmark: cottas-merge merging — 306,000,000 triples · 306,000,000 distinct triples written
  Partitioned compression: HG005_GRCh38_1_22_v4.2.1_benchmark: cottas-merge merging — 306,250,000 triples · 306,250,000 distinct triples written
  Partitioned compression: HG005_GRCh38_1_22_v4.2.1_benchmark: cottas-merge merging — 306,500,000 triples · 306,500,000 distinct triples written
  Partitioned compression: HG005_GRCh38_1_22_v4.2.1_benchmark: cottas-merge merging — 306,750,000 triples · 306,750,000 distinct triples written
  Partitioned compression: HG005_GRCh38_1_22_v4.2.1_benchmark: cottas-merge merging — 307,000,000 triples · 307,000,000 distinct triples written
  Partitioned compression: HG005_GRCh38_1_22_v4.2.1_benchmark: cottas-merge merging — 307,250,000 triples · 307,250,000 distinct triples written
  Partitioned compression: HG005_GRCh38_1_22_v4.2.1_benchmark: cottas-merge merging — 307,500,000 triples · 307,500,000 distinct triples written
  Partitioned compression: HG005_GRCh38_1_22_v4.2.1_benchmark: cottas-merge merging — 307,750,000 triples · 307,750,000 distinct triples written
  Partitioned compression: HG005_GRCh38_1_22_v4.2.1_benchmark: cottas-merge merging — 308,000,000 triples · 308,000,000 distinct triples written
  Partitioned compression: HG005_GRCh38_1_22_v4.2.1_benchmark: cottas-merge merging — 308,250,000 triples · 308,250,000 distinct triples written
  Partitioned compression: HG005_GRCh38_1_22_v4.2.1_benchmark: cottas-merge merging — 308,500,000 triples · 308,500,000 distinct triples written
  Partitioned compression: HG005_GRCh38_1_22_v4.2.1_benchmark: cottas-merge merging — 308,750,000 triples · 308,750,000 distinct triples written
  Partitioned compression: HG005_GRCh38_1_22_v4.2.1_benchmark: cottas-merge merging — 309,000,000 triples · 309,000,000 distinct triples written
  Partitioned compression: HG005_GRCh38_1_22_v4.2.1_benchmark: cottas-merge merging — 309,250,000 triples · 309,250,000 distinct triples written
  Partitioned compression: HG005_GRCh38_1_22_v4.2.1_benchmark: cottas-merge merging — 309,500,000 triples · 309,500,000 distinct triples written
  Partitioned compression: HG005_GRCh38_1_22_v4.2.1_benchmark: cottas-merge merging — 309,750,000 triples · 309,750,000 distinct triples written
  Partitioned compression: HG005_GRCh38_1_22_v4.2.1_benchmark: cottas-merge merging — 310,000,000 triples · 310,000,000 distinct triples written
  Partitioned compression: HG005_GRCh38_1_22_v4.2.1_benchmark: cottas-merge merging — 310,250,000 triples · 310,250,000 distinct triples written
  Partitioned compression: HG005_GRCh38_1_22_v4.2.1_benchmark: cottas-merge merging — 310,500,000 triples · 310,500,000 distinct triples written
  Partitioned compression: HG005_GRCh38_1_22_v4.2.1_benchmark: cottas-merge merging — 310,750,000 triples · 310,750,000 distinct triples written
  Partitioned compression: HG005_GRCh38_1_22_v4.2.1_benchmark: cottas-merge merging — 311,000,000 triples · 311,000,000 distinct triples written
  Partitioned compression: HG005_GRCh38_1_22_v4.2.1_benchmark: cottas-merge merging — 311,250,000 triples · 311,250,000 distinct triples written
  Partitioned compression: HG005_GRCh38_1_22_v4.2.1_benchmark: cottas-merge merging — 311,500,000 triples · 311,500,000 distinct triples written
  Partitioned compression: HG005_GRCh38_1_22_v4.2.1_benchmark: cottas-merge merging — 311,750,000 triples · 311,750,000 distinct triples written
  Partitioned compression: HG005_GRCh38_1_22_v4.2.1_benchmark: cottas-merge merging — 312,000,000 triples · 312,000,000 distinct triples written
  Partitioned compression: HG005_GRCh38_1_22_v4.2.1_benchmark: cottas-merge merging — 312,250,000 triples · 312,250,000 distinct triples written
  Partitioned compression: HG005_GRCh38_1_22_v4.2.1_benchmark: cottas-merge merging — 312,500,000 triples · 312,500,000 distinct triples written
  Partitioned compression: HG005_GRCh38_1_22_v4.2.1_benchmark: cottas-merge merging — 312,750,000 triples · 312,750,000 distinct triples written
  Partitioned compression: HG005_GRCh38_1_22_v4.2.1_benchmark: cottas-merge merging — 313,000,000 triples · 313,000,000 distinct triples written
  Partitioned compression: HG005_GRCh38_1_22_v4.2.1_benchmark: cottas-merge merging — 313,250,000 triples · 313,250,000 distinct triples written
  Partitioned compression: HG005_GRCh38_1_22_v4.2.1_benchmark: cottas-merge merging — 313,500,000 triples · 313,500,000 distinct triples written
  Partitioned compression: HG005_GRCh38_1_22_v4.2.1_benchmark: cottas-merge merging — 313,750,000 triples · 313,750,000 distinct triples written
  Partitioned compression: HG005_GRCh38_1_22_v4.2.1_benchmark: cottas-merge merging — 314,000,000 triples · 314,000,000 distinct triples written
  Partitioned compression: HG005_GRCh38_1_22_v4.2.1_benchmark: cottas-merge merging — 314,250,000 triples · 314,250,000 distinct triples written
  Partitioned compression: HG005_GRCh38_1_22_v4.2.1_benchmark: cottas-merge merging — 314,500,000 triples · 314,500,000 distinct triples written
  Partitioned compression: HG005_GRCh38_1_22_v4.2.1_benchmark: cottas-merge merging — 314,750,000 triples · 314,750,000 distinct triples written
  Partitioned compression: HG005_GRCh38_1_22_v4.2.1_benchmark: cottas-merge merging — 315,000,000 triples · 315,000,000 distinct triples written
  Partitioned compression: HG005_GRCh38_1_22_v4.2.1_benchmark: cottas-merge merging — 315,250,000 triples · 315,250,000 distinct triples written
  Partitioned compression: HG005_GRCh38_1_22_v4.2.1_benchmark: cottas-merge merging — 315,500,000 triples · 315,500,000 distinct triples written
  Partitioned compression: HG005_GRCh38_1_22_v4.2.1_benchmark: cottas-merge merging — 315,750,000 triples · 315,750,000 distinct triples written
  Partitioned compression: HG005_GRCh38_1_22_v4.2.1_benchmark: cottas-merge merging — 316,000,000 triples · 316,000,000 distinct triples written
  Partitioned compression: HG005_GRCh38_1_22_v4.2.1_benchmark: cottas-merge merging — 316,250,000 triples · 316,250,000 distinct triples written
  Partitioned compression: HG005_GRCh38_1_22_v4.2.1_benchmark: cottas-merge merging — 316,500,000 triples · 316,500,000 distinct triples written
  Partitioned compression: HG005_GRCh38_1_22_v4.2.1_benchmark: cottas-merge merging — 316,750,000 triples · 316,750,000 distinct triples written
  Partitioned compression: HG005_GRCh38_1_22_v4.2.1_benchmark: cottas-merge merging — 317,000,000 triples · 317,000,000 distinct triples written
  Partitioned compression: HG005_GRCh38_1_22_v4.2.1_benchmark: cottas-merge merging — 317,250,000 triples · 317,250,000 distinct triples written
  Partitioned compression: HG005_GRCh38_1_22_v4.2.1_benchmark: cottas-merge merging — 317,500,000 triples · 317,500,000 distinct triples written
  Partitioned compression: HG005_GRCh38_1_22_v4.2.1_benchmark: cottas-merge merging — 317,750,000 triples · 317,750,000 distinct triples written
  Partitioned compression: HG005_GRCh38_1_22_v4.2.1_benchmark: cottas-merge merging — 318,000,000 triples · 318,000,000 distinct triples written
  Partitioned compression: HG005_GRCh38_1_22_v4.2.1_benchmark: cottas-merge merging — 318,250,000 triples · 318,250,000 distinct triples written
  Partitioned compression: HG005_GRCh38_1_22_v4.2.1_benchmark: cottas-merge merging — 318,500,000 triples · 318,500,000 distinct triples written
  Partitioned compression: HG005_GRCh38_1_22_v4.2.1_benchmark: cottas-merge merging — 318,750,000 triples · 318,750,000 distinct triples written
  Partitioned compression: HG005_GRCh38_1_22_v4.2.1_benchmark: cottas-merge merging — 319,000,000 triples · 319,000,000 distinct triples written
  Partitioned compression: HG005_GRCh38_1_22_v4.2.1_benchmark: cottas-merge merging — 319,250,000 triples · 319,250,000 distinct triples written
  Partitioned compression: HG005_GRCh38_1_22_v4.2.1_benchmark: cottas-merge merging — 319,500,000 triples · 319,500,000 distinct triples written
  Partitioned compression: HG005_GRCh38_1_22_v4.2.1_benchmark: cottas-merge merging — 319,750,000 triples · 319,750,000 distinct triples written
  Partitioned compression: HG005_GRCh38_1_22_v4.2.1_benchmark: cottas-merge merging — 320,000,000 triples · 320,000,000 distinct triples written
  Partitioned compression: HG005_GRCh38_1_22_v4.2.1_benchmark: cottas-merge merging — 320,250,000 triples · 320,250,000 distinct triples written
  Partitioned compression: HG005_GRCh38_1_22_v4.2.1_benchmark: cottas-merge merging — 320,500,000 triples · 320,500,000 distinct triples written
  Partitioned compression: HG005_GRCh38_1_22_v4.2.1_benchmark: cottas-merge merging — 320,750,000 triples · 320,750,000 distinct triples written
  Partitioned compression: HG005_GRCh38_1_22_v4.2.1_benchmark: cottas-merge merging — 321,000,000 triples · 321,000,000 distinct triples written
  Partitioned compression: HG005_GRCh38_1_22_v4.2.1_benchmark: cottas-merge merging — 321,250,000 triples · 321,250,000 distinct triples written
  Partitioned compression: HG005_GRCh38_1_22_v4.2.1_benchmark: cottas-merge merging — 321,500,000 triples · 321,500,000 distinct triples written
  Partitioned compression: HG005_GRCh38_1_22_v4.2.1_benchmark: cottas-merge merging — 321,750,000 triples · 321,750,000 distinct triples written
  Partitioned compression: HG005_GRCh38_1_22_v4.2.1_benchmark: cottas-merge merging — 322,000,000 triples · 322,000,000 distinct triples written
  Partitioned compression: HG005_GRCh38_1_22_v4.2.1_benchmark: cottas-merge merging — 322,250,000 triples · 322,250,000 distinct triples written
  Partitioned compression: HG005_GRCh38_1_22_v4.2.1_benchmark: cottas-merge merging — 322,500,000 triples · 322,500,000 distinct triples written
  Partitioned compression: HG005_GRCh38_1_22_v4.2.1_benchmark: cottas-merge merging — 322,750,000 triples · 322,750,000 distinct triples written
  Partitioned compression: HG005_GRCh38_1_22_v4.2.1_benchmark: cottas-merge merging — 323,000,000 triples · 323,000,000 distinct triples written
  Partitioned compression: HG005_GRCh38_1_22_v4.2.1_benchmark: cottas-merge merging — 323,250,000 triples · 323,250,000 distinct triples written
  Partitioned compression: HG005_GRCh38_1_22_v4.2.1_benchmark: cottas-merge merging — 323,500,000 triples · 323,500,000 distinct triples written
  Partitioned compression: HG005_GRCh38_1_22_v4.2.1_benchmark: cottas-merge merging — 323,750,000 triples · 323,750,000 distinct triples written
  Partitioned compression: HG005_GRCh38_1_22_v4.2.1_benchmark: cottas-merge merging — 324,000,000 triples · 324,000,000 distinct triples written
  Partitioned compression: HG005_GRCh38_1_22_v4.2.1_benchmark: cottas-merge merging — 324,250,000 triples · 324,250,000 distinct triples written
  Partitioned compression: HG005_GRCh38_1_22_v4.2.1_benchmark: cottas-merge merging — 324,500,000 triples · 324,500,000 distinct triples written
  Partitioned compression: HG005_GRCh38_1_22_v4.2.1_benchmark: cottas-merge merging — 324,750,000 triples · 324,750,000 distinct triples written
  Partitioned compression: HG005_GRCh38_1_22_v4.2.1_benchmark: cottas-merge merging — 325,000,000 triples · 325,000,000 distinct triples written
  Partitioned compression: HG005_GRCh38_1_22_v4.2.1_benchmark: cottas-merge merging — 325,250,000 triples · 325,250,000 distinct triples written
  Partitioned compression: HG005_GRCh38_1_22_v4.2.1_benchmark: cottas-merge merging — 325,500,000 triples · 325,500,000 distinct triples written
  Partitioned compression: HG005_GRCh38_1_22_v4.2.1_benchmark: cottas-merge merging — 325,750,000 triples · 325,750,000 distinct triples written
  Partitioned compression: HG005_GRCh38_1_22_v4.2.1_benchmark: cottas-merge merging — 326,000,000 triples · 326,000,000 distinct triples written
  Partitioned compression: HG005_GRCh38_1_22_v4.2.1_benchmark: cottas-merge merging — 326,250,000 triples · 326,250,000 distinct triples written
  Partitioned compression: HG005_GRCh38_1_22_v4.2.1_benchmark: cottas-merge merging — 326,500,000 triples · 326,500,000 distinct triples written
  Partitioned compression: HG005_GRCh38_1_22_v4.2.1_benchmark: cottas-merge merging — 326,750,000 triples · 326,750,000 distinct triples written
  Partitioned compression: HG005_GRCh38_1_22_v4.2.1_benchmark: cottas-merge merging — 327,000,000 triples · 327,000,000 distinct triples written
  Partitioned compression: HG005_GRCh38_1_22_v4.2.1_benchmark: cottas-merge merging — 327,250,000 triples · 327,250,000 distinct triples written
  Partitioned compression: HG005_GRCh38_1_22_v4.2.1_benchmark: cottas-merge merging — 327,500,000 triples · 327,500,000 distinct triples written
  Partitioned compression: HG005_GRCh38_1_22_v4.2.1_benchmark: cottas-merge merging — 327,750,000 triples · 327,750,000 distinct triples written
  Partitioned compression: HG005_GRCh38_1_22_v4.2.1_benchmark: cottas-merge merging — 328,000,000 triples · 328,000,000 distinct triples written
  Partitioned compression: HG005_GRCh38_1_22_v4.2.1_benchmark: cottas-merge merging — 328,250,000 triples · 328,250,000 distinct triples written
  Partitioned compression: HG005_GRCh38_1_22_v4.2.1_benchmark: cottas-merge merging — 328,500,000 triples · 328,500,000 distinct triples written
  Partitioned compression: HG005_GRCh38_1_22_v4.2.1_benchmark: cottas-merge merging — 328,750,000 triples · 328,750,000 distinct triples written
  Partitioned compression: HG005_GRCh38_1_22_v4.2.1_benchmark: cottas-merge merging — 329,000,000 triples · 329,000,000 distinct triples written
  Partitioned compression: HG005_GRCh38_1_22_v4.2.1_benchmark: cottas-merge merging — 329,250,000 triples · 329,250,000 distinct triples written
  Partitioned compression: HG005_GRCh38_1_22_v4.2.1_benchmark: cottas-merge merging — 329,500,000 triples · 329,500,000 distinct triples written
  Partitioned compression: HG005_GRCh38_1_22_v4.2.1_benchmark: cottas-merge merging — 329,750,000 triples · 329,750,000 distinct triples written
  Partitioned compression: HG005_GRCh38_1_22_v4.2.1_benchmark: cottas-merge merging — 330,000,000 triples · 330,000,000 distinct triples written
  Partitioned compression: HG005_GRCh38_1_22_v4.2.1_benchmark: cottas-merge merging — 330,250,000 triples · 330,250,000 distinct triples written
  Partitioned compression: HG005_GRCh38_1_22_v4.2.1_benchmark: cottas-merge merging — 330,500,000 triples · 330,500,000 distinct triples written
  Partitioned compression: HG005_GRCh38_1_22_v4.2.1_benchmark: cottas-merge merging — 330,750,000 triples · 330,750,000 distinct triples written
  Partitioned compression: HG005_GRCh38_1_22_v4.2.1_benchmark: cottas-merge merging — 331,000,000 triples · 331,000,000 distinct triples written
  Partitioned compression: HG005_GRCh38_1_22_v4.2.1_benchmark: cottas-merge merging — 331,250,000 triples · 331,250,000 distinct triples written
  Partitioned compression: HG005_GRCh38_1_22_v4.2.1_benchmark: cottas-merge merging — 331,500,000 triples · 331,500,000 distinct triples written
  Partitioned compression: HG005_GRCh38_1_22_v4.2.1_benchmark: cottas-merge merging — 331,750,000 triples · 331,750,000 distinct triples written
  Partitioned compression: HG005_GRCh38_1_22_v4.2.1_benchmark: cottas-merge merging — 332,000,000 triples · 332,000,000 distinct triples written
  Partitioned compression: HG005_GRCh38_1_22_v4.2.1_benchmark: cottas-merge merging — 332,250,000 triples · 332,250,000 distinct triples written
  Partitioned compression: HG005_GRCh38_1_22_v4.2.1_benchmark: cottas-merge merging — 332,500,000 triples · 332,500,000 distinct triples written
  Partitioned compression: HG005_GRCh38_1_22_v4.2.1_benchmark: cottas-merge merging — 332,750,000 triples · 332,750,000 distinct triples written
  Partitioned compression: HG005_GRCh38_1_22_v4.2.1_benchmark: cottas-merge merging — 333,000,000 triples · 333,000,000 distinct triples written
  Partitioned compression: HG005_GRCh38_1_22_v4.2.1_benchmark: cottas-merge merging — 333,250,000 triples · 333,250,000 distinct triples written
  Partitioned compression: HG005_GRCh38_1_22_v4.2.1_benchmark: cottas-merge merging — 333,500,000 triples · 333,500,000 distinct triples written
  Partitioned compression: HG005_GRCh38_1_22_v4.2.1_benchmark: cottas-merge merging — 333,750,000 triples · 333,750,000 distinct triples written
  Partitioned compression: HG005_GRCh38_1_22_v4.2.1_benchmark: cottas-merge merging — 334,000,000 triples · 334,000,000 distinct triples written
  Partitioned compression: HG005_GRCh38_1_22_v4.2.1_benchmark: cottas-merge merging — 334,250,000 triples · 334,250,000 distinct triples written
  Partitioned compression: HG005_GRCh38_1_22_v4.2.1_benchmark: cottas-merge merging — 334,500,000 triples · 334,500,000 distinct triples written
  Partitioned compression: HG005_GRCh38_1_22_v4.2.1_benchmark: cottas-merge merging — 334,750,000 triples · 334,750,000 distinct triples written
  Partitioned compression: HG005_GRCh38_1_22_v4.2.1_benchmark: cottas-merge merging — 335,000,000 triples · 335,000,000 distinct triples written
  Partitioned compression: HG005_GRCh38_1_22_v4.2.1_benchmark: cottas-merge merging — 335,250,000 triples · 335,250,000 distinct triples written
  Partitioned compression: HG005_GRCh38_1_22_v4.2.1_benchmark: cottas-merge merging — 335,500,000 triples · 335,500,000 distinct triples written
  Partitioned compression: HG005_GRCh38_1_22_v4.2.1_benchmark: cottas-merge merging — 335,750,000 triples · 335,750,000 distinct triples written
  Partitioned compression: HG005_GRCh38_1_22_v4.2.1_benchmark: cottas-merge merging — 336,000,000 triples · 336,000,000 distinct triples written
  Partitioned compression: HG005_GRCh38_1_22_v4.2.1_benchmark: cottas-merge merging — 336,250,000 triples · 336,250,000 distinct triples written
  Partitioned compression: HG005_GRCh38_1_22_v4.2.1_benchmark: cottas-merge merging — 336,500,000 triples · 336,500,000 distinct triples written
  Partitioned compression: HG005_GRCh38_1_22_v4.2.1_benchmark: cottas-merge merging — 336,750,000 triples · 336,750,000 distinct triples written
  Partitioned compression: HG005_GRCh38_1_22_v4.2.1_benchmark: cottas-merge merging — 337,000,000 triples · 337,000,000 distinct triples written
  Partitioned compression: HG005_GRCh38_1_22_v4.2.1_benchmark: cottas-merge merging — 337,250,000 triples · 337,250,000 distinct triples written
  Partitioned compression: HG005_GRCh38_1_22_v4.2.1_benchmark: cottas-merge merging — 337,500,000 triples · 337,500,000 distinct triples written
  Partitioned compression: HG005_GRCh38_1_22_v4.2.1_benchmark: cottas-merge merging — 337,750,000 triples · 337,750,000 distinct triples written
  Partitioned compression: HG005_GRCh38_1_22_v4.2.1_benchmark: cottas-merge merging — 338,000,000 triples · 338,000,000 distinct triples written
  Partitioned compression: HG005_GRCh38_1_22_v4.2.1_benchmark: cottas-merge merging — 338,250,000 triples · 338,250,000 distinct triples written
  Partitioned compression: HG005_GRCh38_1_22_v4.2.1_benchmark: cottas-merge merging — 338,500,000 triples · 338,500,000 distinct triples written
  Partitioned compression: HG005_GRCh38_1_22_v4.2.1_benchmark: cottas-merge merging — 338,750,000 triples · 338,750,000 distinct triples written
  Partitioned compression: HG005_GRCh38_1_22_v4.2.1_benchmark: cottas-merge merging — 339,000,000 triples · 339,000,000 distinct triples written
  Partitioned compression: HG005_GRCh38_1_22_v4.2.1_benchmark: cottas-merge merging — 339,250,000 triples · 339,250,000 distinct triples written
  Partitioned compression: HG005_GRCh38_1_22_v4.2.1_benchmark: cottas-merge merging — 339,500,000 triples · 339,500,000 distinct triples written
  Partitioned compression: HG005_GRCh38_1_22_v4.2.1_benchmark: cottas-merge merging — 339,750,000 triples · 339,750,000 distinct triples written
  Partitioned compression: HG005_GRCh38_1_22_v4.2.1_benchmark: cottas-merge merging — 340,000,000 triples · 340,000,000 distinct triples written
  Partitioned compression: HG005_GRCh38_1_22_v4.2.1_benchmark: cottas-merge merging — 340,250,000 triples · 340,250,000 distinct triples written
  Partitioned compression: HG005_GRCh38_1_22_v4.2.1_benchmark: cottas-merge merging — 340,500,000 triples · 340,500,000 distinct triples written
  Partitioned compression: HG005_GRCh38_1_22_v4.2.1_benchmark: cottas-merge merging — 340,750,000 triples · 340,750,000 distinct triples written
  Partitioned compression: HG005_GRCh38_1_22_v4.2.1_benchmark: cottas-merge merging — 341,000,000 triples · 341,000,000 distinct triples written
  Partitioned compression: HG005_GRCh38_1_22_v4.2.1_benchmark: cottas-merge merging — 341,250,000 triples · 341,250,000 distinct triples written
  Partitioned compression: HG005_GRCh38_1_22_v4.2.1_benchmark: cottas-merge merging — 341,500,000 triples · 341,500,000 distinct triples written
  Partitioned compression: HG005_GRCh38_1_22_v4.2.1_benchmark: cottas-merge merging — 341,750,000 triples · 341,750,000 distinct triples written
  Partitioned compression: HG005_GRCh38_1_22_v4.2.1_benchmark: cottas-merge merging — 342,000,000 triples · 342,000,000 distinct triples written
  Partitioned compression: HG005_GRCh38_1_22_v4.2.1_benchmark: cottas-merge merging — 342,250,000 triples · 342,250,000 distinct triples written
  Partitioned compression: HG005_GRCh38_1_22_v4.2.1_benchmark: cottas-merge merging — 342,500,000 triples · 342,500,000 distinct triples written
  Partitioned compression: HG005_GRCh38_1_22_v4.2.1_benchmark: cottas-merge merging — 342,750,000 triples · 342,750,000 distinct triples written
  Partitioned compression: HG005_GRCh38_1_22_v4.2.1_benchmark: cottas-merge merging — 343,000,000 triples · 343,000,000 distinct triples written
  Partitioned compression: HG005_GRCh38_1_22_v4.2.1_benchmark: cottas-merge merging — 343,250,000 triples · 343,250,000 distinct triples written
  Partitioned compression: HG005_GRCh38_1_22_v4.2.1_benchmark: cottas-merge merging — 343,500,000 triples · 343,500,000 distinct triples written
  Partitioned compression: HG005_GRCh38_1_22_v4.2.1_benchmark: cottas-merge merging — 343,750,000 triples · 343,750,000 distinct triples written
  Partitioned compression: HG005_GRCh38_1_22_v4.2.1_benchmark: cottas-merge merging — 344,000,000 triples · 344,000,000 distinct triples written
  Partitioned compression: HG005_GRCh38_1_22_v4.2.1_benchmark: cottas-merge merging — 344,250,000 triples · 344,250,000 distinct triples written
  Partitioned compression: HG005_GRCh38_1_22_v4.2.1_benchmark: cottas-merge merging — 344,500,000 triples · 344,500,000 distinct triples written
  Partitioned compression: HG005_GRCh38_1_22_v4.2.1_benchmark: cottas-merge merging — 344,750,000 triples · 344,750,000 distinct triples written
  Partitioned compression: HG005_GRCh38_1_22_v4.2.1_benchmark: cottas-merge merging — 345,000,000 triples · 345,000,000 distinct triples written
  Partitioned compression: HG005_GRCh38_1_22_v4.2.1_benchmark: cottas-merge merging — 345,250,000 triples · 345,250,000 distinct triples written
  Partitioned compression: HG005_GRCh38_1_22_v4.2.1_benchmark: cottas-merge merging — 345,500,000 triples · 345,500,000 distinct triples written
  Partitioned compression: HG005_GRCh38_1_22_v4.2.1_benchmark: cottas-merge merging — 345,750,000 triples · 345,750,000 distinct triples written
  Partitioned compression: HG005_GRCh38_1_22_v4.2.1_benchmark: cottas-merge merging — 346,000,000 triples · 346,000,000 distinct triples written
  Partitioned compression: HG005_GRCh38_1_22_v4.2.1_benchmark: cottas-merge merging — 346,250,000 triples · 346,250,000 distinct triples written
  Partitioned compression: HG005_GRCh38_1_22_v4.2.1_benchmark: cottas-merge merging — 346,500,000 triples · 346,500,000 distinct triples written
  Partitioned compression: HG005_GRCh38_1_22_v4.2.1_benchmark: cottas-merge merging — 346,750,000 triples · 346,750,000 distinct triples written
  Partitioned compression: HG005_GRCh38_1_22_v4.2.1_benchmark: cottas-merge merging — 347,000,000 triples · 347,000,000 distinct triples written
  Partitioned compression: HG005_GRCh38_1_22_v4.2.1_benchmark: cottas-merge merging — 347,250,000 triples · 347,250,000 distinct triples written
  Partitioned compression: HG005_GRCh38_1_22_v4.2.1_benchmark: cottas-merge merging — 347,500,000 triples · 347,500,000 distinct triples written
  Partitioned compression: HG005_GRCh38_1_22_v4.2.1_benchmark: cottas-merge merging — 347,750,000 triples · 347,750,000 distinct triples written
  Partitioned compression: HG005_GRCh38_1_22_v4.2.1_benchmark: cottas-merge merging — 348,000,000 triples · 348,000,000 distinct triples written
  Partitioned compression: HG005_GRCh38_1_22_v4.2.1_benchmark: cottas-merge merging — 348,250,000 triples · 348,250,000 distinct triples written
  Partitioned compression: HG005_GRCh38_1_22_v4.2.1_benchmark: cottas-merge merging — 348,500,000 triples · 348,500,000 distinct triples written
  Partitioned compression: HG005_GRCh38_1_22_v4.2.1_benchmark: cottas-merge merging — 348,750,000 triples · 348,750,000 distinct triples written
  Partitioned compression: HG005_GRCh38_1_22_v4.2.1_benchmark: cottas-merge merging — 349,000,000 triples · 349,000,000 distinct triples written
  Partitioned compression: HG005_GRCh38_1_22_v4.2.1_benchmark: cottas-merge merging — 349,250,000 triples · 349,250,000 distinct triples written
  Partitioned compression: HG005_GRCh38_1_22_v4.2.1_benchmark: cottas-merge merging — 349,500,000 triples · 349,500,000 distinct triples written
  Partitioned compression: HG005_GRCh38_1_22_v4.2.1_benchmark: cottas-merge merging — 349,750,000 triples · 349,750,000 distinct triples written
  Partitioned compression: HG005_GRCh38_1_22_v4.2.1_benchmark: cottas-merge merging — 350,000,000 triples · 350,000,000 distinct triples written
  Partitioned compression: HG005_GRCh38_1_22_v4.2.1_benchmark: cottas-merge merging — 350,250,000 triples · 350,250,000 distinct triples written
  Partitioned compression: HG005_GRCh38_1_22_v4.2.1_benchmark: cottas-merge merging — 350,500,000 triples · 350,500,000 distinct triples written
  Partitioned compression: HG005_GRCh38_1_22_v4.2.1_benchmark: cottas-merge merging — 350,750,000 triples · 350,750,000 distinct triples written
  Partitioned compression: HG005_GRCh38_1_22_v4.2.1_benchmark: cottas-merge merging — 351,000,000 triples · 351,000,000 distinct triples written
  Partitioned compression: HG005_GRCh38_1_22_v4.2.1_benchmark: cottas-merge merging — 351,250,000 triples · 351,250,000 distinct triples written
  Partitioned compression: HG005_GRCh38_1_22_v4.2.1_benchmark: cottas-merge merging — 351,500,000 triples · 351,500,000 distinct triples written
  Partitioned compression: HG005_GRCh38_1_22_v4.2.1_benchmark: cottas-merge merging — 351,750,000 triples · 351,750,000 distinct triples written
  Partitioned compression: HG005_GRCh38_1_22_v4.2.1_benchmark: cottas-merge merging — 352,000,000 triples · 352,000,000 distinct triples written
  Partitioned compression: HG005_GRCh38_1_22_v4.2.1_benchmark: cottas-merge merging — 352,250,000 triples · 352,250,000 distinct triples written
  Partitioned compression: HG005_GRCh38_1_22_v4.2.1_benchmark: cottas-merge merging — 352,500,000 triples · 352,500,000 distinct triples written
  Partitioned compression: HG005_GRCh38_1_22_v4.2.1_benchmark: cottas-merge merging — 352,750,000 triples · 352,750,000 distinct triples written
  Partitioned compression: HG005_GRCh38_1_22_v4.2.1_benchmark: cottas-merge merging — 353,000,000 triples · 353,000,000 distinct triples written
  Partitioned compression: HG005_GRCh38_1_22_v4.2.1_benchmark: cottas-merge merging — 353,250,000 triples · 353,250,000 distinct triples written
  Partitioned compression: HG005_GRCh38_1_22_v4.2.1_benchmark: cottas-merge merging — 353,500,000 triples · 353,500,000 distinct triples written
  Partitioned compression: HG005_GRCh38_1_22_v4.2.1_benchmark: cottas-merge merging — 353,750,000 triples · 353,750,000 distinct triples written
  Partitioned compression: HG005_GRCh38_1_22_v4.2.1_benchmark: cottas-merge merging — 354,000,000 triples · 354,000,000 distinct triples written
  Partitioned compression: HG005_GRCh38_1_22_v4.2.1_benchmark: cottas-merge merging — 354,250,000 triples · 354,250,000 distinct triples written
  Partitioned compression: HG005_GRCh38_1_22_v4.2.1_benchmark: cottas-merge merging — 354,500,000 triples · 354,500,000 distinct triples written
  Partitioned compression: HG005_GRCh38_1_22_v4.2.1_benchmark: cottas-merge merging — 354,750,000 triples · 354,750,000 distinct triples written
  Partitioned compression: HG005_GRCh38_1_22_v4.2.1_benchmark: cottas-merge merging — 355,000,000 triples · 355,000,000 distinct triples written
  Partitioned compression: HG005_GRCh38_1_22_v4.2.1_benchmark: cottas-merge merging — 355,250,000 triples · 355,250,000 distinct triples written
  Partitioned compression: HG005_GRCh38_1_22_v4.2.1_benchmark: cottas-merge merging — 355,500,000 triples · 355,500,000 distinct triples written
  Partitioned compression: HG005_GRCh38_1_22_v4.2.1_benchmark: cottas-merge merging — 355,750,000 triples · 355,750,000 distinct triples written
  Partitioned compression: HG005_GRCh38_1_22_v4.2.1_benchmark: cottas-merge merging — 356,000,000 triples · 356,000,000 distinct triples written
  Partitioned compression: HG005_GRCh38_1_22_v4.2.1_benchmark: cottas-merge merging — 356,250,000 triples · 356,250,000 distinct triples written
  Partitioned compression: HG005_GRCh38_1_22_v4.2.1_benchmark: cottas-merge merging — 356,500,000 triples · 356,500,000 distinct triples written
  Partitioned compression: HG005_GRCh38_1_22_v4.2.1_benchmark: cottas-merge merging — 356,750,000 triples · 356,750,000 distinct triples written
  Partitioned compression: HG005_GRCh38_1_22_v4.2.1_benchmark: cottas-merge merging — 357,000,000 triples · 357,000,000 distinct triples written
  Partitioned compression: HG005_GRCh38_1_22_v4.2.1_benchmark: cottas-merge merging — 357,250,000 triples · 357,250,000 distinct triples written
  Partitioned compression: HG005_GRCh38_1_22_v4.2.1_benchmark: cottas-merge merging — 357,500,000 triples · 357,500,000 distinct triples written
  Partitioned compression: HG005_GRCh38_1_22_v4.2.1_benchmark: cottas-merge merging — 357,750,000 triples · 357,750,000 distinct triples written
  Partitioned compression: HG005_GRCh38_1_22_v4.2.1_benchmark: cottas-merge merging — 358,000,000 triples · 358,000,000 distinct triples written
  Partitioned compression: HG005_GRCh38_1_22_v4.2.1_benchmark: cottas-merge merging — 358,250,000 triples · 358,250,000 distinct triples written
  Partitioned compression: HG005_GRCh38_1_22_v4.2.1_benchmark: cottas-merge merging — 358,500,000 triples · 358,500,000 distinct triples written
  Partitioned compression: HG005_GRCh38_1_22_v4.2.1_benchmark: cottas-merge merging — 358,750,000 triples · 358,750,000 distinct triples written
  Partitioned compression: HG005_GRCh38_1_22_v4.2.1_benchmark: cottas-merge merging — 359,000,000 triples · 359,000,000 distinct triples written
  Partitioned compression: HG005_GRCh38_1_22_v4.2.1_benchmark: cottas-merge merging — 359,250,000 triples · 359,250,000 distinct triples written
  Partitioned compression: HG005_GRCh38_1_22_v4.2.1_benchmark: cottas-merge merging — 359,500,000 triples · 359,500,000 distinct triples written
  Partitioned compression: HG005_GRCh38_1_22_v4.2.1_benchmark: cottas-merge merging — 359,750,000 triples · 359,750,000 distinct triples written
  Partitioned compression: HG005_GRCh38_1_22_v4.2.1_benchmark: cottas-merge merging — 360,000,000 triples · 360,000,000 distinct triples written
  Partitioned compression: HG005_GRCh38_1_22_v4.2.1_benchmark: cottas-merge merging — 360,250,000 triples · 360,250,000 distinct triples written
  Partitioned compression: HG005_GRCh38_1_22_v4.2.1_benchmark: cottas-merge merging — 360,500,000 triples · 360,500,000 distinct triples written
  Partitioned compression: HG005_GRCh38_1_22_v4.2.1_benchmark: cottas-merge merging — 360,750,000 triples · 360,750,000 distinct triples written
  Partitioned compression: HG005_GRCh38_1_22_v4.2.1_benchmark: cottas-merge merging — 361,000,000 triples · 361,000,000 distinct triples written
  Partitioned compression: HG005_GRCh38_1_22_v4.2.1_benchmark: cottas-merge merging — 361,250,000 triples · 361,250,000 distinct triples written
  Partitioned compression: HG005_GRCh38_1_22_v4.2.1_benchmark: cottas-merge merging — 361,500,000 triples · 361,500,000 distinct triples written
  Partitioned compression: HG005_GRCh38_1_22_v4.2.1_benchmark: cottas-merge merging — 361,750,000 triples · 361,750,000 distinct triples written
  Partitioned compression: HG005_GRCh38_1_22_v4.2.1_benchmark: cottas-merge merging — 362,000,000 triples · 362,000,000 distinct triples written
  Partitioned compression: HG005_GRCh38_1_22_v4.2.1_benchmark: cottas-merge merging — 362,250,000 triples · 362,250,000 distinct triples written
  Partitioned compression: HG005_GRCh38_1_22_v4.2.1_benchmark: cottas-merge merging — 362,500,000 triples · 362,500,000 distinct triples written
  Partitioned compression: HG005_GRCh38_1_22_v4.2.1_benchmark: cottas-merge merging — 362,750,000 triples · 362,750,000 distinct triples written
  Partitioned compression: HG005_GRCh38_1_22_v4.2.1_benchmark: cottas-merge merging — 363,000,000 triples · 363,000,000 distinct triples written
  Partitioned compression: HG005_GRCh38_1_22_v4.2.1_benchmark: cottas-merge merging — 363,250,000 triples · 363,250,000 distinct triples written
  Partitioned compression: HG005_GRCh38_1_22_v4.2.1_benchmark: cottas-merge merging — 363,500,000 triples · 363,500,000 distinct triples written
  Partitioned compression: HG005_GRCh38_1_22_v4.2.1_benchmark: cottas-merge merging — 363,750,000 triples · 363,750,000 distinct triples written
  Partitioned compression: HG005_GRCh38_1_22_v4.2.1_benchmark: cottas-merge merging — 364,000,000 triples · 364,000,000 distinct triples written
  Partitioned compression: HG005_GRCh38_1_22_v4.2.1_benchmark: cottas-merge merging — 364,250,000 triples · 364,250,000 distinct triples written
  Partitioned compression: HG005_GRCh38_1_22_v4.2.1_benchmark: cottas-merge merging — 364,500,000 triples · 364,500,000 distinct triples written
  Partitioned compression: HG005_GRCh38_1_22_v4.2.1_benchmark: cottas-merge merging — 364,750,000 triples · 364,750,000 distinct triples written
  Partitioned compression: HG005_GRCh38_1_22_v4.2.1_benchmark: cottas-merge merging — 365,000,000 triples · 365,000,000 distinct triples written
  Partitioned compression: HG005_GRCh38_1_22_v4.2.1_benchmark: cottas-merge merging — 365,250,000 triples · 365,250,000 distinct triples written
  Partitioned compression: HG005_GRCh38_1_22_v4.2.1_benchmark: cottas-merge merging — 365,500,000 triples · 365,500,000 distinct triples written
  Partitioned compression: HG005_GRCh38_1_22_v4.2.1_benchmark: cottas-merge merging — 365,750,000 triples · 365,750,000 distinct triples written
  Partitioned compression: HG005_GRCh38_1_22_v4.2.1_benchmark: cottas-merge merging — 366,000,000 triples · 366,000,000 distinct triples written
  Partitioned compression: HG005_GRCh38_1_22_v4.2.1_benchmark: cottas-merge merging — 366,250,000 triples · 366,250,000 distinct triples written
  Partitioned compression: HG005_GRCh38_1_22_v4.2.1_benchmark: cottas-merge merging — 366,500,000 triples · 366,500,000 distinct triples written
  Partitioned compression: HG005_GRCh38_1_22_v4.2.1_benchmark: cottas-merge merging — 366,750,000 triples · 366,750,000 distinct triples written
  Partitioned compression: HG005_GRCh38_1_22_v4.2.1_benchmark: cottas-merge merging — 367,000,000 triples · 367,000,000 distinct triples written
  Partitioned compression: HG005_GRCh38_1_22_v4.2.1_benchmark: cottas-merge merging — 367,250,000 triples · 367,250,000 distinct triples written
  Partitioned compression: HG005_GRCh38_1_22_v4.2.1_benchmark: cottas-merge merging — 367,500,000 triples · 367,500,000 distinct triples written
  Partitioned compression: HG005_GRCh38_1_22_v4.2.1_benchmark: cottas-merge merging — 367,750,000 triples · 367,750,000 distinct triples written
  Partitioned compression: HG005_GRCh38_1_22_v4.2.1_benchmark: cottas-merge merging — 368,000,000 triples · 368,000,000 distinct triples written
  Partitioned compression: HG005_GRCh38_1_22_v4.2.1_benchmark: cottas-merge merging — 368,250,000 triples · 368,250,000 distinct triples written
  Partitioned compression: HG005_GRCh38_1_22_v4.2.1_benchmark: cottas-merge merging — 368,500,000 triples · 368,500,000 distinct triples written
  Partitioned compression: HG005_GRCh38_1_22_v4.2.1_benchmark: cottas-merge merging — 368,750,000 triples · 368,750,000 distinct triples written
  Partitioned compression: HG005_GRCh38_1_22_v4.2.1_benchmark: cottas-merge merging — 369,000,000 triples · 369,000,000 distinct triples written
  Partitioned compression: HG005_GRCh38_1_22_v4.2.1_benchmark: cottas-merge merging — 369,250,000 triples · 369,250,000 distinct triples written
  Partitioned compression: HG005_GRCh38_1_22_v4.2.1_benchmark: cottas-merge merging — 369,500,000 triples · 369,500,000 distinct triples written
  Partitioned compression: HG005_GRCh38_1_22_v4.2.1_benchmark: cottas-merge merging — 369,750,000 triples · 369,750,000 distinct triples written
  Partitioned compression: HG005_GRCh38_1_22_v4.2.1_benchmark: cottas-merge merging — 370,000,000 triples · 370,000,000 distinct triples written
  Partitioned compression: HG005_GRCh38_1_22_v4.2.1_benchmark: cottas-merge merging — 370,250,000 triples · 370,250,000 distinct triples written
  Partitioned compression: HG005_GRCh38_1_22_v4.2.1_benchmark: cottas-merge merging — 370,500,000 triples · 370,500,000 distinct triples written
  Partitioned compression: HG005_GRCh38_1_22_v4.2.1_benchmark: cottas-merge merging — 370,750,000 triples · 370,750,000 distinct triples written
  Partitioned compression: HG005_GRCh38_1_22_v4.2.1_benchmark: cottas-merge merging — 371,000,000 triples · 371,000,000 distinct triples written
  Partitioned compression: HG005_GRCh38_1_22_v4.2.1_benchmark: cottas-merge merging — 371,250,000 triples · 371,250,000 distinct triples written
  Partitioned compression: HG005_GRCh38_1_22_v4.2.1_benchmark: cottas-merge merging — 371,500,000 triples · 371,500,000 distinct triples written
  Partitioned compression: HG005_GRCh38_1_22_v4.2.1_benchmark: cottas-merge merging — 371,750,000 triples · 371,750,000 distinct triples written
  Partitioned compression: HG005_GRCh38_1_22_v4.2.1_benchmark: cottas-merge merging — 372,000,000 triples · 372,000,000 distinct triples written
  Partitioned compression: HG005_GRCh38_1_22_v4.2.1_benchmark: cottas-merge merging — 372,250,000 triples · 372,250,000 distinct triples written
  Partitioned compression: HG005_GRCh38_1_22_v4.2.1_benchmark: cottas-merge merging — 372,500,000 triples · 372,500,000 distinct triples written
  Partitioned compression: HG005_GRCh38_1_22_v4.2.1_benchmark: cottas-merge merging — 372,750,000 triples · 372,750,000 distinct triples written
  Partitioned compression: HG005_GRCh38_1_22_v4.2.1_benchmark: cottas-merge merging — 373,000,000 triples · 373,000,000 distinct triples written
  Partitioned compression: HG005_GRCh38_1_22_v4.2.1_benchmark: cottas-merge merging — 373,250,000 triples · 373,250,000 distinct triples written
  Partitioned compression: HG005_GRCh38_1_22_v4.2.1_benchmark: cottas-merge merging — 373,500,000 triples · 373,500,000 distinct triples written
  Partitioned compression: HG005_GRCh38_1_22_v4.2.1_benchmark: cottas-merge merging — 373,750,000 triples · 373,750,000 distinct triples written
  Partitioned compression: HG005_GRCh38_1_22_v4.2.1_benchmark: cottas-merge merging — 374,000,000 triples · 374,000,000 distinct triples written
  Partitioned compression: HG005_GRCh38_1_22_v4.2.1_benchmark: cottas-merge merging — 374,250,000 triples · 374,250,000 distinct triples written
  Partitioned compression: HG005_GRCh38_1_22_v4.2.1_benchmark: cottas-merge merging — 374,500,000 triples · 374,500,000 distinct triples written
  Partitioned compression: HG005_GRCh38_1_22_v4.2.1_benchmark: cottas-merge merging — 374,750,000 triples · 374,750,000 distinct triples written
  Partitioned compression: HG005_GRCh38_1_22_v4.2.1_benchmark: cottas-merge merging — 375,000,000 triples · 375,000,000 distinct triples written
  Partitioned compression: HG005_GRCh38_1_22_v4.2.1_benchmark: cottas-merge merging — 375,250,000 triples · 375,250,000 distinct triples written
  Partitioned compression: HG005_GRCh38_1_22_v4.2.1_benchmark: cottas-merge merging — 375,500,000 triples · 375,500,000 distinct triples written
  Partitioned compression: HG005_GRCh38_1_22_v4.2.1_benchmark: cottas-merge merging — 375,750,000 triples · 375,750,000 distinct triples written
  Partitioned compression: HG005_GRCh38_1_22_v4.2.1_benchmark: cottas-merge merging — 376,000,000 triples · 376,000,000 distinct triples written
  Partitioned compression: HG005_GRCh38_1_22_v4.2.1_benchmark: cottas-merge merging — 376,250,000 triples · 376,250,000 distinct triples written
  Partitioned compression: HG005_GRCh38_1_22_v4.2.1_benchmark: cottas-merge merging — 376,500,000 triples · 376,500,000 distinct triples written
  Partitioned compression: HG005_GRCh38_1_22_v4.2.1_benchmark: cottas-merge merging — 376,750,000 triples · 376,750,000 distinct triples written
  Partitioned compression: HG005_GRCh38_1_22_v4.2.1_benchmark: cottas-merge merging — 377,000,000 triples · 377,000,000 distinct triples written
  Partitioned compression: HG005_GRCh38_1_22_v4.2.1_benchmark: cottas-merge merging — 377,250,000 triples · 377,250,000 distinct triples written
  Partitioned compression: HG005_GRCh38_1_22_v4.2.1_benchmark: cottas-merge merging — 377,500,000 triples · 377,500,000 distinct triples written
  Partitioned compression: HG005_GRCh38_1_22_v4.2.1_benchmark: cottas-merge merging — 377,750,000 triples · 377,750,000 distinct triples written
  Partitioned compression: HG005_GRCh38_1_22_v4.2.1_benchmark: cottas-merge merging — 378,000,000 triples · 378,000,000 distinct triples written
  Partitioned compression: HG005_GRCh38_1_22_v4.2.1_benchmark: cottas-merge merging — 378,250,000 triples · 378,250,000 distinct triples written
  Partitioned compression: HG005_GRCh38_1_22_v4.2.1_benchmark: cottas-merge merging — 378,500,000 triples · 378,500,000 distinct triples written
  Partitioned compression: HG005_GRCh38_1_22_v4.2.1_benchmark: cottas-merge merging — 378,750,000 triples · 378,750,000 distinct triples written
  Partitioned compression: HG005_GRCh38_1_22_v4.2.1_benchmark: cottas-merge merging — 379,000,000 triples · 379,000,000 distinct triples written
  Partitioned compression: HG005_GRCh38_1_22_v4.2.1_benchmark: cottas-merge merging — 379,250,000 triples · 379,250,000 distinct triples written
  Partitioned compression: HG005_GRCh38_1_22_v4.2.1_benchmark: cottas-merge merging — 379,500,000 triples · 379,500,000 distinct triples written
  Partitioned compression: HG005_GRCh38_1_22_v4.2.1_benchmark: cottas-merge merging — 379,750,000 triples · 379,750,000 distinct triples written
  Partitioned compression: HG005_GRCh38_1_22_v4.2.1_benchmark: cottas-merge merging — 380,000,000 triples · 380,000,000 distinct triples written
  Partitioned compression: HG005_GRCh38_1_22_v4.2.1_benchmark: cottas-merge merging — 380,250,000 triples · 380,250,000 distinct triples written
  Partitioned compression: HG005_GRCh38_1_22_v4.2.1_benchmark: cottas-merge merging — 380,500,000 triples · 380,500,000 distinct triples written
  Partitioned compression: HG005_GRCh38_1_22_v4.2.1_benchmark: cottas-merge merging — 380,750,000 triples · 380,750,000 distinct triples written
  Partitioned compression: HG005_GRCh38_1_22_v4.2.1_benchmark: cottas-merge merging — 381,000,000 triples · 381,000,000 distinct triples written
  Partitioned compression: HG005_GRCh38_1_22_v4.2.1_benchmark: cottas-merge merging — 381,250,000 triples · 381,250,000 distinct triples written
  Partitioned compression: HG005_GRCh38_1_22_v4.2.1_benchmark: cottas-merge merging — 381,500,000 triples · 381,500,000 distinct triples written
  Partitioned compression: HG005_GRCh38_1_22_v4.2.1_benchmark: cottas-merge merging — 381,750,000 triples · 381,750,000 distinct triples written
  Partitioned compression: HG005_GRCh38_1_22_v4.2.1_benchmark: cottas-merge merging — 382,000,000 triples · 382,000,000 distinct triples written
  Partitioned compression: HG005_GRCh38_1_22_v4.2.1_benchmark: cottas-merge merging — 382,250,000 triples · 382,250,000 distinct triples written
  Partitioned compression: HG005_GRCh38_1_22_v4.2.1_benchmark: cottas-merge merging — 382,500,000 triples · 382,500,000 distinct triples written
  Partitioned compression: HG005_GRCh38_1_22_v4.2.1_benchmark: cottas-merge merging — 382,750,000 triples · 382,750,000 distinct triples written
  Partitioned compression: HG005_GRCh38_1_22_v4.2.1_benchmark: cottas-merge merging — 383,000,000 triples · 383,000,000 distinct triples written
  Partitioned compression: HG005_GRCh38_1_22_v4.2.1_benchmark: cottas-merge merging — 383,250,000 triples · 383,250,000 distinct triples written
  Partitioned compression: HG005_GRCh38_1_22_v4.2.1_benchmark: cottas-merge merging — 383,500,000 triples · 383,500,000 distinct triples written
  Partitioned compression: HG005_GRCh38_1_22_v4.2.1_benchmark: cottas-merge merging — 383,750,000 triples · 383,750,000 distinct triples written
  Partitioned compression: HG005_GRCh38_1_22_v4.2.1_benchmark: cottas-merge merging — 384,000,000 triples · 384,000,000 distinct triples written
  Partitioned compression: HG005_GRCh38_1_22_v4.2.1_benchmark: cottas-merge merging — 384,250,000 triples · 384,250,000 distinct triples written
  Partitioned compression: HG005_GRCh38_1_22_v4.2.1_benchmark: cottas-merge merging — 384,500,000 triples · 384,500,000 distinct triples written
  Partitioned compression: HG005_GRCh38_1_22_v4.2.1_benchmark: cottas-merge merging — 384,750,000 triples · 384,750,000 distinct triples written
  Partitioned compression: HG005_GRCh38_1_22_v4.2.1_benchmark: cottas-merge merging — 385,000,000 triples · 385,000,000 distinct triples written
  Partitioned compression: HG005_GRCh38_1_22_v4.2.1_benchmark: cottas-merge merging — 385,250,000 triples · 385,250,000 distinct triples written
  Partitioned compression: HG005_GRCh38_1_22_v4.2.1_benchmark: cottas-merge merging — 385,500,000 triples · 385,500,000 distinct triples written
  Partitioned compression: HG005_GRCh38_1_22_v4.2.1_benchmark: cottas-merge merging — 385,750,000 triples · 385,750,000 distinct triples written
  Partitioned compression: HG005_GRCh38_1_22_v4.2.1_benchmark: cottas-merge merging — 386,000,000 triples · 386,000,000 distinct triples written
  Partitioned compression: HG005_GRCh38_1_22_v4.2.1_benchmark: cottas-merge merging — 386,250,000 triples · 386,250,000 distinct triples written
  Partitioned compression: HG005_GRCh38_1_22_v4.2.1_benchmark: cottas-merge merging — 386,500,000 triples · 386,500,000 distinct triples written
  Partitioned compression: HG005_GRCh38_1_22_v4.2.1_benchmark: cottas-merge merging — 386,750,000 triples · 386,750,000 distinct triples written
  Partitioned compression: HG005_GRCh38_1_22_v4.2.1_benchmark: cottas-merge merging — 387,000,000 triples · 387,000,000 distinct triples written
  Partitioned compression: HG005_GRCh38_1_22_v4.2.1_benchmark: cottas-merge merging — 387,250,000 triples · 387,250,000 distinct triples written
  Partitioned compression: HG005_GRCh38_1_22_v4.2.1_benchmark: cottas-merge merging — 387,500,000 triples · 387,500,000 distinct triples written
  Partitioned compression: HG005_GRCh38_1_22_v4.2.1_benchmark: cottas-merge merging — 387,750,000 triples · 387,750,000 distinct triples written
  Partitioned compression: HG005_GRCh38_1_22_v4.2.1_benchmark: cottas-merge merging — 388,000,000 triples · 388,000,000 distinct triples written
  Partitioned compression: HG005_GRCh38_1_22_v4.2.1_benchmark: cottas-merge merging — 388,250,000 triples · 388,250,000 distinct triples written
  Partitioned compression: HG005_GRCh38_1_22_v4.2.1_benchmark: cottas-merge merging — 388,500,000 triples · 388,500,000 distinct triples written
  Partitioned compression: HG005_GRCh38_1_22_v4.2.1_benchmark: cottas-merge merging — 388,750,000 triples · 388,750,000 distinct triples written
  Partitioned compression: HG005_GRCh38_1_22_v4.2.1_benchmark: cottas-merge merging — 389,000,000 triples · 389,000,000 distinct triples written
  Partitioned compression: HG005_GRCh38_1_22_v4.2.1_benchmark: cottas-merge merging — 389,250,000 triples · 389,250,000 distinct triples written
  Partitioned compression: HG005_GRCh38_1_22_v4.2.1_benchmark: cottas-merge merging — 389,500,000 triples · 389,500,000 distinct triples written
  Partitioned compression: HG005_GRCh38_1_22_v4.2.1_benchmark: cottas-merge merging — 389,750,000 triples · 389,750,000 distinct triples written
  Partitioned compression: HG005_GRCh38_1_22_v4.2.1_benchmark: cottas-merge merging — 390,000,000 triples · 390,000,000 distinct triples written
  Partitioned compression: HG005_GRCh38_1_22_v4.2.1_benchmark: cottas-merge merging — 390,250,000 triples · 390,250,000 distinct triples written
  Partitioned compression: HG005_GRCh38_1_22_v4.2.1_benchmark: cottas-merge merging — 390,500,000 triples · 390,500,000 distinct triples written
  Partitioned compression: HG005_GRCh38_1_22_v4.2.1_benchmark: cottas-merge merging — 390,750,000 triples · 390,750,000 distinct triples written
  Partitioned compression: HG005_GRCh38_1_22_v4.2.1_benchmark: cottas-merge merging — 391,000,000 triples · 391,000,000 distinct triples written
  Partitioned compression: HG005_GRCh38_1_22_v4.2.1_benchmark: cottas-merge merging — 391,250,000 triples · 391,250,000 distinct triples written
  Partitioned compression: HG005_GRCh38_1_22_v4.2.1_benchmark: cottas-merge merging — 391,500,000 triples · 391,500,000 distinct triples written
  Partitioned compression: HG005_GRCh38_1_22_v4.2.1_benchmark: cottas-merge merging — 391,750,000 triples · 391,750,000 distinct triples written
  Partitioned compression: HG005_GRCh38_1_22_v4.2.1_benchmark: cottas-merge merging — 392,000,000 triples · 392,000,000 distinct triples written
  Partitioned compression: HG005_GRCh38_1_22_v4.2.1_benchmark: cottas-merge merging — 392,250,000 triples · 392,250,000 distinct triples written
  Partitioned compression: HG005_GRCh38_1_22_v4.2.1_benchmark: cottas-merge merging — 392,500,000 triples · 392,500,000 distinct triples written
  Partitioned compression: HG005_GRCh38_1_22_v4.2.1_benchmark: cottas-merge merging — 392,750,000 triples · 392,750,000 distinct triples written
  Partitioned compression: HG005_GRCh38_1_22_v4.2.1_benchmark: cottas-merge merging — 393,000,000 triples · 393,000,000 distinct triples written
  Partitioned compression: HG005_GRCh38_1_22_v4.2.1_benchmark: cottas-merge merging — 393,250,000 triples · 393,250,000 distinct triples written
  Partitioned compression: HG005_GRCh38_1_22_v4.2.1_benchmark: cottas-merge merging — 393,500,000 triples · 393,500,000 distinct triples written
  Partitioned compression: HG005_GRCh38_1_22_v4.2.1_benchmark: cottas-merge merging — 393,750,000 triples · 393,750,000 distinct triples written
  Partitioned compression: HG005_GRCh38_1_22_v4.2.1_benchmark: cottas-merge merging — 394,000,000 triples · 394,000,000 distinct triples written
  Partitioned compression: HG005_GRCh38_1_22_v4.2.1_benchmark: cottas-merge merging — 394,250,000 triples · 394,250,000 distinct triples written
  Partitioned compression: HG005_GRCh38_1_22_v4.2.1_benchmark: cottas-merge merging — 394,500,000 triples · 394,500,000 distinct triples written
  Partitioned compression: HG005_GRCh38_1_22_v4.2.1_benchmark: cottas-merge merging — 394,750,000 triples · 394,750,000 distinct triples written
  Partitioned compression: HG005_GRCh38_1_22_v4.2.1_benchmark: cottas-merge merging — 395,000,000 triples · 395,000,000 distinct triples written
  Partitioned compression: HG005_GRCh38_1_22_v4.2.1_benchmark: cottas-merge merging — 395,250,000 triples · 395,250,000 distinct triples written
  Partitioned compression: HG005_GRCh38_1_22_v4.2.1_benchmark: cottas-merge merging — 395,500,000 triples · 395,500,000 distinct triples written
  Partitioned compression: HG005_GRCh38_1_22_v4.2.1_benchmark: cottas-merge merging — 395,750,000 triples · 395,750,000 distinct triples written
  Partitioned compression: HG005_GRCh38_1_22_v4.2.1_benchmark: cottas-merge merging — 396,000,000 triples · 396,000,000 distinct triples written
  Partitioned compression: HG005_GRCh38_1_22_v4.2.1_benchmark: cottas-merge merging — 396,250,000 triples · 396,250,000 distinct triples written
  Partitioned compression: HG005_GRCh38_1_22_v4.2.1_benchmark: cottas-merge merging — 396,500,000 triples · 396,500,000 distinct triples written
  Partitioned compression: HG005_GRCh38_1_22_v4.2.1_benchmark: cottas-merge merging — 396,750,000 triples · 396,750,000 distinct triples written
  Partitioned compression: HG005_GRCh38_1_22_v4.2.1_benchmark: cottas-merge merging — 397,000,000 triples · 397,000,000 distinct triples written
  Partitioned compression: HG005_GRCh38_1_22_v4.2.1_benchmark: cottas-merge merging — 397,250,000 triples · 397,250,000 distinct triples written
  Partitioned compression: HG005_GRCh38_1_22_v4.2.1_benchmark: cottas-merge merging — 397,500,000 triples · 397,500,000 distinct triples written
  Partitioned compression: HG005_GRCh38_1_22_v4.2.1_benchmark: cottas-merge merging — 397,750,000 triples · 397,750,000 distinct triples written
  Partitioned compression: HG005_GRCh38_1_22_v4.2.1_benchmark: cottas-merge merging — 398,000,000 triples · 398,000,000 distinct triples written
  Partitioned compression: HG005_GRCh38_1_22_v4.2.1_benchmark: cottas-merge merging — 398,250,000 triples · 398,250,000 distinct triples written
  Partitioned compression: HG005_GRCh38_1_22_v4.2.1_benchmark: cottas-merge merging — 398,500,000 triples · 398,500,000 distinct triples written
  Partitioned compression: HG005_GRCh38_1_22_v4.2.1_benchmark: cottas-merge merging — 398,750,000 triples · 398,750,000 distinct triples written
  Partitioned compression: HG005_GRCh38_1_22_v4.2.1_benchmark: cottas-merge merging — 399,000,000 triples · 399,000,000 distinct triples written
  Partitioned compression: HG005_GRCh38_1_22_v4.2.1_benchmark: cottas-merge merging — 399,250,000 triples · 399,250,000 distinct triples written
  Partitioned compression: HG005_GRCh38_1_22_v4.2.1_benchmark: cottas-merge merging — 399,500,000 triples · 399,500,000 distinct triples written
  Partitioned compression: HG005_GRCh38_1_22_v4.2.1_benchmark: cottas-merge merging — 399,750,000 triples · 399,750,000 distinct triples written
  Partitioned compression: HG005_GRCh38_1_22_v4.2.1_benchmark: cottas-merge merging — 400,000,000 triples · 400,000,000 distinct triples written
  Partitioned compression: HG005_GRCh38_1_22_v4.2.1_benchmark: cottas-merge merging — 400,250,000 triples · 400,250,000 distinct triples written
  Partitioned compression: HG005_GRCh38_1_22_v4.2.1_benchmark: cottas-merge merging — 400,500,000 triples · 400,500,000 distinct triples written
  Partitioned compression: HG005_GRCh38_1_22_v4.2.1_benchmark: cottas-merge merging — 400,750,000 triples · 400,750,000 distinct triples written
  Partitioned compression: HG005_GRCh38_1_22_v4.2.1_benchmark: cottas-merge merging — 401,000,000 triples · 401,000,000 distinct triples written
  Partitioned compression: HG005_GRCh38_1_22_v4.2.1_benchmark: cottas-merge merging — 401,250,000 triples · 401,250,000 distinct triples written
  Partitioned compression: HG005_GRCh38_1_22_v4.2.1_benchmark: cottas-merge merging — 401,500,000 triples · 401,500,000 distinct triples written
  Partitioned compression: HG005_GRCh38_1_22_v4.2.1_benchmark: cottas-merge merging — 401,750,000 triples · 401,750,000 distinct triples written
  Partitioned compression: HG005_GRCh38_1_22_v4.2.1_benchmark: cottas-merge merging — 402,000,000 triples · 402,000,000 distinct triples written
  Partitioned compression: HG005_GRCh38_1_22_v4.2.1_benchmark: cottas-merge merging — 402,250,000 triples · 402,250,000 distinct triples written
  Partitioned compression: HG005_GRCh38_1_22_v4.2.1_benchmark: cottas-merge merging — 402,500,000 triples · 402,500,000 distinct triples written
  Partitioned compression: HG005_GRCh38_1_22_v4.2.1_benchmark: cottas-merge merging — 402,750,000 triples · 402,750,000 distinct triples written
  Partitioned compression: HG005_GRCh38_1_22_v4.2.1_benchmark: cottas-merge merging — 403,000,000 triples · 403,000,000 distinct triples written
  Partitioned compression: HG005_GRCh38_1_22_v4.2.1_benchmark: cottas-merge merging — 403,250,000 triples · 403,250,000 distinct triples written
  Partitioned compression: HG005_GRCh38_1_22_v4.2.1_benchmark: cottas-merge merging — 403,500,000 triples · 403,500,000 distinct triples written
  Partitioned compression: HG005_GRCh38_1_22_v4.2.1_benchmark: cottas-merge merging — 403,750,000 triples · 403,750,000 distinct triples written
  Partitioned compression: HG005_GRCh38_1_22_v4.2.1_benchmark: cottas-merge merging — 404,000,000 triples · 404,000,000 distinct triples written
  Partitioned compression: HG005_GRCh38_1_22_v4.2.1_benchmark: cottas-merge merging — 404,250,000 triples · 404,250,000 distinct triples written
  Partitioned compression: HG005_GRCh38_1_22_v4.2.1_benchmark: cottas-merge merging — 404,500,000 triples · 404,500,000 distinct triples written
  Partitioned compression: HG005_GRCh38_1_22_v4.2.1_benchmark: cottas-merge merging — 404,750,000 triples · 404,750,000 distinct triples written
  Partitioned compression: HG005_GRCh38_1_22_v4.2.1_benchmark: cottas-merge merging — 405,000,000 triples · 405,000,000 distinct triples written
  Partitioned compression: HG005_GRCh38_1_22_v4.2.1_benchmark: cottas-merge merging — 405,250,000 triples · 405,250,000 distinct triples written
  Partitioned compression: HG005_GRCh38_1_22_v4.2.1_benchmark: cottas-merge merging — 405,500,000 triples · 405,500,000 distinct triples written
  Partitioned compression: HG005_GRCh38_1_22_v4.2.1_benchmark: cottas-merge merging — 405,750,000 triples · 405,750,000 distinct triples written
  Partitioned compression: HG005_GRCh38_1_22_v4.2.1_benchmark: cottas-merge merging — 406,000,000 triples · 406,000,000 distinct triples written
  Partitioned compression: HG005_GRCh38_1_22_v4.2.1_benchmark: cottas-merge merging — 406,250,000 triples · 406,250,000 distinct triples written
  Partitioned compression: HG005_GRCh38_1_22_v4.2.1_benchmark: cottas-merge merging — 406,500,000 triples · 406,500,000 distinct triples written
  Partitioned compression: HG005_GRCh38_1_22_v4.2.1_benchmark: cottas-merge merging — 406,750,000 triples · 406,750,000 distinct triples written
  Partitioned compression: HG005_GRCh38_1_22_v4.2.1_benchmark: cottas-merge merging — 407,000,000 triples · 407,000,000 distinct triples written
  Partitioned compression: HG005_GRCh38_1_22_v4.2.1_benchmark: cottas-merge merging — 407,250,000 triples · 407,250,000 distinct triples written
  Partitioned compression: HG005_GRCh38_1_22_v4.2.1_benchmark: cottas-merge merging — 407,500,000 triples · 407,500,000 distinct triples written
  Partitioned compression: HG005_GRCh38_1_22_v4.2.1_benchmark: cottas-merge merging — 407,750,000 triples · 407,750,000 distinct triples written
  Partitioned compression: HG005_GRCh38_1_22_v4.2.1_benchmark: cottas-merge merging — 408,000,000 triples · 408,000,000 distinct triples written
  Partitioned compression: HG005_GRCh38_1_22_v4.2.1_benchmark: cottas-merge merging — 408,250,000 triples · 408,250,000 distinct triples written
  Partitioned compression: HG005_GRCh38_1_22_v4.2.1_benchmark: cottas-merge merging — 408,500,000 triples · 408,500,000 distinct triples written
  Partitioned compression: HG005_GRCh38_1_22_v4.2.1_benchmark: cottas-merge merging — 408,750,000 triples · 408,750,000 distinct triples written
  Partitioned compression: HG005_GRCh38_1_22_v4.2.1_benchmark: cottas-merge merging — 409,000,000 triples · 409,000,000 distinct triples written
  Partitioned compression: HG005_GRCh38_1_22_v4.2.1_benchmark: cottas-merge merging — 409,250,000 triples · 409,250,000 distinct triples written
  Partitioned compression: HG005_GRCh38_1_22_v4.2.1_benchmark: cottas-merge merging — 409,500,000 triples · 409,500,000 distinct triples written
  Partitioned compression: HG005_GRCh38_1_22_v4.2.1_benchmark: cottas-merge merging — 409,750,000 triples · 409,750,000 distinct triples written
  Partitioned compression: HG005_GRCh38_1_22_v4.2.1_benchmark: cottas-merge merging — 410,000,000 triples · 410,000,000 distinct triples written
  Partitioned compression: HG005_GRCh38_1_22_v4.2.1_benchmark: cottas-merge merging — 410,250,000 triples · 410,250,000 distinct triples written
  Partitioned compression: HG005_GRCh38_1_22_v4.2.1_benchmark: cottas-merge merging — 410,500,000 triples · 410,500,000 distinct triples written
  Partitioned compression: HG005_GRCh38_1_22_v4.2.1_benchmark: cottas-merge merging — 410,750,000 triples · 410,750,000 distinct triples written
  Partitioned compression: HG005_GRCh38_1_22_v4.2.1_benchmark: cottas-merge merging — 411,000,000 triples · 411,000,000 distinct triples written
  Partitioned compression: HG005_GRCh38_1_22_v4.2.1_benchmark: cottas-merge merging — 411,250,000 triples · 411,250,000 distinct triples written
  Partitioned compression: HG005_GRCh38_1_22_v4.2.1_benchmark: cottas-merge merging — 411,500,000 triples · 411,500,000 distinct triples written
  Partitioned compression: HG005_GRCh38_1_22_v4.2.1_benchmark: cottas-merge merging — 411,750,000 triples · 411,750,000 distinct triples written
  Partitioned compression: HG005_GRCh38_1_22_v4.2.1_benchmark: cottas-merge merging — 412,000,000 triples · 412,000,000 distinct triples written
  Partitioned compression: HG005_GRCh38_1_22_v4.2.1_benchmark: cottas-merge merging — 412,250,000 triples · 412,250,000 distinct triples written
  Partitioned compression: HG005_GRCh38_1_22_v4.2.1_benchmark: cottas-merge merging — 412,500,000 triples · 412,500,000 distinct triples written
  Partitioned compression: HG005_GRCh38_1_22_v4.2.1_benchmark: cottas-merge merging — 412,750,000 triples · 412,750,000 distinct triples written
  Partitioned compression: HG005_GRCh38_1_22_v4.2.1_benchmark: cottas-merge merging — 413,000,000 triples · 413,000,000 distinct triples written
  Partitioned compression: HG005_GRCh38_1_22_v4.2.1_benchmark: cottas-merge merging — 413,250,000 triples · 413,250,000 distinct triples written
  Partitioned compression: HG005_GRCh38_1_22_v4.2.1_benchmark: cottas-merge merging — 413,500,000 triples · 413,500,000 distinct triples written
  Partitioned compression: HG005_GRCh38_1_22_v4.2.1_benchmark: cottas-merge merging — 413,750,000 triples · 413,750,000 distinct triples written
  Partitioned compression: HG005_GRCh38_1_22_v4.2.1_benchmark: cottas-merge merging — 414,000,000 triples · 414,000,000 distinct triples written
  Partitioned compression: HG005_GRCh38_1_22_v4.2.1_benchmark: cottas-merge merging — 414,250,000 triples · 414,250,000 distinct triples written
  Partitioned compression: HG005_GRCh38_1_22_v4.2.1_benchmark: cottas-merge merging — 414,500,000 triples · 414,500,000 distinct triples written
  Partitioned compression: HG005_GRCh38_1_22_v4.2.1_benchmark: cottas-merge merging — 414,750,000 triples · 414,750,000 distinct triples written
  Partitioned compression: HG005_GRCh38_1_22_v4.2.1_benchmark: cottas-merge merging — 415,000,000 triples · 415,000,000 distinct triples written
  Partitioned compression: HG005_GRCh38_1_22_v4.2.1_benchmark: cottas-merge merging — 415,250,000 triples · 415,250,000 distinct triples written
  Partitioned compression: HG005_GRCh38_1_22_v4.2.1_benchmark: cottas-merge merging — 415,500,000 triples · 415,500,000 distinct triples written
  Partitioned compression: HG005_GRCh38_1_22_v4.2.1_benchmark: cottas-merge merging — 415,750,000 triples · 415,750,000 distinct triples written
  Partitioned compression: HG005_GRCh38_1_22_v4.2.1_benchmark: cottas-merge merging — 416,000,000 triples · 416,000,000 distinct triples written
  Partitioned compression: HG005_GRCh38_1_22_v4.2.1_benchmark: cottas-merge merging — 416,250,000 triples · 416,250,000 distinct triples written
  Partitioned compression: HG005_GRCh38_1_22_v4.2.1_benchmark: cottas-merge merging — 416,500,000 triples · 416,500,000 distinct triples written
  Partitioned compression: HG005_GRCh38_1_22_v4.2.1_benchmark: cottas-merge merging — 416,750,000 triples · 416,750,000 distinct triples written
  Partitioned compression: HG005_GRCh38_1_22_v4.2.1_benchmark: cottas-merge merging — 417,000,000 triples · 417,000,000 distinct triples written
  Partitioned compression: HG005_GRCh38_1_22_v4.2.1_benchmark: cottas-merge merging — 417,250,000 triples · 417,250,000 distinct triples written
  Partitioned compression: HG005_GRCh38_1_22_v4.2.1_benchmark: cottas-merge merging — 417,500,000 triples · 417,500,000 distinct triples written
  Partitioned compression: HG005_GRCh38_1_22_v4.2.1_benchmark: cottas-merge merging — 417,750,000 triples · 417,750,000 distinct triples written
  Partitioned compression: HG005_GRCh38_1_22_v4.2.1_benchmark: cottas-merge merging — 418,000,000 triples · 418,000,000 distinct triples written
  Partitioned compression: HG005_GRCh38_1_22_v4.2.1_benchmark: cottas-merge merging — 418,250,000 triples · 418,250,000 distinct triples written
  Partitioned compression: HG005_GRCh38_1_22_v4.2.1_benchmark: cottas-merge merging — 418,500,000 triples · 418,500,000 distinct triples written
  Partitioned compression: HG005_GRCh38_1_22_v4.2.1_benchmark: cottas-merge merging — 418,750,000 triples · 418,750,000 distinct triples written
  Partitioned compression: HG005_GRCh38_1_22_v4.2.1_benchmark: cottas-merge merging — 419,000,000 triples · 419,000,000 distinct triples written
  Partitioned compression: HG005_GRCh38_1_22_v4.2.1_benchmark: cottas-merge merging — 419,250,000 triples · 419,250,000 distinct triples written
  Partitioned compression: HG005_GRCh38_1_22_v4.2.1_benchmark: cottas-merge merging — 419,500,000 triples · 419,500,000 distinct triples written
  Partitioned compression: HG005_GRCh38_1_22_v4.2.1_benchmark: cottas-merge merging — 419,750,000 triples · 419,750,000 distinct triples written
  Partitioned compression: HG005_GRCh38_1_22_v4.2.1_benchmark: cottas-merge merging — 420,000,000 triples · 420,000,000 distinct triples written
  Partitioned compression: HG005_GRCh38_1_22_v4.2.1_benchmark: cottas-merge merging — 420,250,000 triples · 420,250,000 distinct triples written
  Partitioned compression: HG005_GRCh38_1_22_v4.2.1_benchmark: cottas-merge merging — 420,500,000 triples · 420,500,000 distinct triples written
  Partitioned compression: HG005_GRCh38_1_22_v4.2.1_benchmark: cottas-merge merging — 420,750,000 triples · 420,750,000 distinct triples written
  Partitioned compression: HG005_GRCh38_1_22_v4.2.1_benchmark: cottas-merge merging — 421,000,000 triples · 421,000,000 distinct triples written
  Partitioned compression: HG005_GRCh38_1_22_v4.2.1_benchmark: cottas-merge merging — 421,250,000 triples · 421,250,000 distinct triples written
  Partitioned compression: HG005_GRCh38_1_22_v4.2.1_benchmark: cottas-merge merging — 421,500,000 triples · 421,500,000 distinct triples written
  Partitioned compression: HG005_GRCh38_1_22_v4.2.1_benchmark: cottas-merge merging — 421,750,000 triples · 421,750,000 distinct triples written
  Partitioned compression: HG005_GRCh38_1_22_v4.2.1_benchmark: cottas-merge merging — 422,000,000 triples · 422,000,000 distinct triples written
  Partitioned compression: HG005_GRCh38_1_22_v4.2.1_benchmark: cottas-merge merging — 422,250,000 triples · 422,250,000 distinct triples written
  Partitioned compression: HG005_GRCh38_1_22_v4.2.1_benchmark: cottas-merge merging — 422,500,000 triples · 422,500,000 distinct triples written
  Partitioned compression: HG005_GRCh38_1_22_v4.2.1_benchmark: cottas-merge merging — 422,750,000 triples · 422,750,000 distinct triples written
  Partitioned compression: HG005_GRCh38_1_22_v4.2.1_benchmark: cottas-merge merging — 423,000,000 triples · 423,000,000 distinct triples written
  Partitioned compression: HG005_GRCh38_1_22_v4.2.1_benchmark: cottas-merge merging — 423,250,000 triples · 423,250,000 distinct triples written
  Partitioned compression: HG005_GRCh38_1_22_v4.2.1_benchmark: cottas-merge merging — 423,500,000 triples · 423,500,000 distinct triples written
  Partitioned compression: HG005_GRCh38_1_22_v4.2.1_benchmark: cottas-merge merging — 423,750,000 triples · 423,750,000 distinct triples written
  Partitioned compression: HG005_GRCh38_1_22_v4.2.1_benchmark: cottas-merge merging — 424,000,000 triples · 424,000,000 distinct triples written
  Partitioned compression: HG005_GRCh38_1_22_v4.2.1_benchmark: cottas-merge merging — 424,250,000 triples · 424,250,000 distinct triples written
  Partitioned compression: HG005_GRCh38_1_22_v4.2.1_benchmark: cottas-merge merging — 424,500,000 triples · 424,500,000 distinct triples written
  Partitioned compression: HG005_GRCh38_1_22_v4.2.1_benchmark: cottas-merge merging — 424,750,000 triples · 424,750,000 distinct triples written
  Partitioned compression: HG005_GRCh38_1_22_v4.2.1_benchmark: cottas-merge merging — 425,000,000 triples · 425,000,000 distinct triples written
  Partitioned compression: HG005_GRCh38_1_22_v4.2.1_benchmark: cottas-merge merging — 425,250,000 triples · 425,250,000 distinct triples written
  Partitioned compression: HG005_GRCh38_1_22_v4.2.1_benchmark: cottas-merge merging — 425,500,000 triples · 425,500,000 distinct triples written
  Partitioned compression: HG005_GRCh38_1_22_v4.2.1_benchmark: cottas-merge merging — 425,750,000 triples · 425,750,000 distinct triples written
  Partitioned compression: HG005_GRCh38_1_22_v4.2.1_benchmark: cottas-merge merging — 426,000,000 triples · 426,000,000 distinct triples written
  Partitioned compression: HG005_GRCh38_1_22_v4.2.1_benchmark: cottas-merge merging — 426,250,000 triples · 426,250,000 distinct triples written
  Partitioned compression: HG005_GRCh38_1_22_v4.2.1_benchmark: cottas-merge merging — 426,500,000 triples · 426,500,000 distinct triples written
  Partitioned compression: HG005_GRCh38_1_22_v4.2.1_benchmark: cottas-merge merging — 426,750,000 triples · 426,750,000 distinct triples written
  Partitioned compression: HG005_GRCh38_1_22_v4.2.1_benchmark: cottas-merge merging — 427,000,000 triples · 427,000,000 distinct triples written
  Partitioned compression: HG005_GRCh38_1_22_v4.2.1_benchmark: cottas-merge merging — 427,250,000 triples · 427,250,000 distinct triples written
  Partitioned compression: HG005_GRCh38_1_22_v4.2.1_benchmark: cottas-merge merging — 427,500,000 triples · 427,500,000 distinct triples written
  Partitioned compression: HG005_GRCh38_1_22_v4.2.1_benchmark: cottas-merge merging — 427,750,000 triples · 427,750,000 distinct triples written
  Partitioned compression: HG005_GRCh38_1_22_v4.2.1_benchmark: cottas-merge merging — 428,000,000 triples · 428,000,000 distinct triples written
  Partitioned compression: HG005_GRCh38_1_22_v4.2.1_benchmark: cottas-merge merging — 428,250,000 triples · 428,250,000 distinct triples written
  Partitioned compression: HG005_GRCh38_1_22_v4.2.1_benchmark: cottas-merge merging — 428,500,000 triples · 428,500,000 distinct triples written
  Partitioned compression: HG005_GRCh38_1_22_v4.2.1_benchmark: cottas-merge merging — 428,750,000 triples · 428,750,000 distinct triples written
  Partitioned compression: HG005_GRCh38_1_22_v4.2.1_benchmark: cottas-merge merging — 429,000,000 triples · 429,000,000 distinct triples written
  Partitioned compression: HG005_GRCh38_1_22_v4.2.1_benchmark: cottas-merge merging — 429,250,000 triples · 429,250,000 distinct triples written
  Partitioned compression: HG005_GRCh38_1_22_v4.2.1_benchmark: cottas-merge merging — 429,500,000 triples · 429,500,000 distinct triples written
  Partitioned compression: HG005_GRCh38_1_22_v4.2.1_benchmark: cottas-merge merging — 429,750,000 triples · 429,750,000 distinct triples written
  Partitioned compression: HG005_GRCh38_1_22_v4.2.1_benchmark: cottas-merge merging — 430,000,000 triples · 430,000,000 distinct triples written
  Partitioned compression: HG005_GRCh38_1_22_v4.2.1_benchmark: cottas-merge merging — 430,250,000 triples · 430,250,000 distinct triples written
  Partitioned compression: HG005_GRCh38_1_22_v4.2.1_benchmark: cottas-merge merging — 430,500,000 triples · 430,500,000 distinct triples written
  Partitioned compression: HG005_GRCh38_1_22_v4.2.1_benchmark: cottas-merge merging — 430,750,000 triples · 430,750,000 distinct triples written
  Partitioned compression: HG005_GRCh38_1_22_v4.2.1_benchmark: cottas-merge merging — 431,000,000 triples · 431,000,000 distinct triples written
  Partitioned compression: HG005_GRCh38_1_22_v4.2.1_benchmark: cottas-merge merging — 431,250,000 triples · 431,250,000 distinct triples written
  Partitioned compression: HG005_GRCh38_1_22_v4.2.1_benchmark: cottas-merge merging — 431,500,000 triples · 431,500,000 distinct triples written
  Partitioned compression: HG005_GRCh38_1_22_v4.2.1_benchmark: cottas-merge merging — 431,750,000 triples · 431,750,000 distinct triples written
  Partitioned compression: HG005_GRCh38_1_22_v4.2.1_benchmark: cottas-merge merging — 432,000,000 triples · 432,000,000 distinct triples written
  Partitioned compression: HG005_GRCh38_1_22_v4.2.1_benchmark: cottas-merge merging — 432,250,000 triples · 432,250,000 distinct triples written
  Partitioned compression: HG005_GRCh38_1_22_v4.2.1_benchmark: cottas-merge merging — 432,500,000 triples · 432,500,000 distinct triples written
  Partitioned compression: HG005_GRCh38_1_22_v4.2.1_benchmark: cottas-merge merging — 432,750,000 triples · 432,750,000 distinct triples written
  Partitioned compression: HG005_GRCh38_1_22_v4.2.1_benchmark: cottas-merge merging — 433,000,000 triples · 433,000,000 distinct triples written
  Partitioned compression: HG005_GRCh38_1_22_v4.2.1_benchmark: cottas-merge merging — 433,250,000 triples · 433,250,000 distinct triples written
  Partitioned compression: HG005_GRCh38_1_22_v4.2.1_benchmark: cottas-merge merging — 433,500,000 triples · 433,500,000 distinct triples written
  Partitioned compression: HG005_GRCh38_1_22_v4.2.1_benchmark: cottas-merge merging — 433,750,000 triples · 433,750,000 distinct triples written
  Partitioned compression: HG005_GRCh38_1_22_v4.2.1_benchmark: cottas-merge merging — 434,000,000 triples · 434,000,000 distinct triples written
  Partitioned compression: HG005_GRCh38_1_22_v4.2.1_benchmark: cottas-merge merging — 434,250,000 triples · 434,250,000 distinct triples written
  Partitioned compression: HG005_GRCh38_1_22_v4.2.1_benchmark: cottas-merge merging — 434,500,000 triples · 434,500,000 distinct triples written
  Partitioned compression: HG005_GRCh38_1_22_v4.2.1_benchmark: cottas-merge merging — 434,750,000 triples · 434,750,000 distinct triples written
  Partitioned compression: HG005_GRCh38_1_22_v4.2.1_benchmark: cottas-merge merging — 435,000,000 triples · 435,000,000 distinct triples written
  Partitioned compression: HG005_GRCh38_1_22_v4.2.1_benchmark: cottas-merge merging — 435,250,000 triples · 435,250,000 distinct triples written
  Partitioned compression: HG005_GRCh38_1_22_v4.2.1_benchmark: cottas-merge merging — 435,500,000 triples · 435,500,000 distinct triples written
  Partitioned compression: HG005_GRCh38_1_22_v4.2.1_benchmark: cottas-merge merging — 435,750,000 triples · 435,750,000 distinct triples written
  Partitioned compression: HG005_GRCh38_1_22_v4.2.1_benchmark: cottas-merge merging — 436,000,000 triples · 436,000,000 distinct triples written
  Partitioned compression: HG005_GRCh38_1_22_v4.2.1_benchmark: cottas-merge merging — 436,250,000 triples · 436,250,000 distinct triples written
  Partitioned compression: HG005_GRCh38_1_22_v4.2.1_benchmark: cottas-merge merging — 436,500,000 triples · 436,500,000 distinct triples written
  Partitioned compression: HG005_GRCh38_1_22_v4.2.1_benchmark: cottas-merge merging — 436,750,000 triples · 436,750,000 distinct triples written
  Partitioned compression: HG005_GRCh38_1_22_v4.2.1_benchmark: cottas-merge merging — 437,000,000 triples · 437,000,000 distinct triples written
  Partitioned compression: HG005_GRCh38_1_22_v4.2.1_benchmark: cottas-merge merging — 437,250,000 triples · 437,250,000 distinct triples written
  Partitioned compression: HG005_GRCh38_1_22_v4.2.1_benchmark: cottas-merge merging — 437,500,000 triples · 437,500,000 distinct triples written
  Partitioned compression: HG005_GRCh38_1_22_v4.2.1_benchmark: cottas-merge merging — 437,750,000 triples · 437,750,000 distinct triples written
  Partitioned compression: HG005_GRCh38_1_22_v4.2.1_benchmark: cottas-merge merging — 438,000,000 triples · 438,000,000 distinct triples written
  Partitioned compression: HG005_GRCh38_1_22_v4.2.1_benchmark: cottas-merge merging — 438,250,000 triples · 438,250,000 distinct triples written
  Partitioned compression: HG005_GRCh38_1_22_v4.2.1_benchmark: cottas-merge merging — 438,500,000 triples · 438,500,000 distinct triples written
  Partitioned compression: HG005_GRCh38_1_22_v4.2.1_benchmark: cottas-merge merging — 438,750,000 triples · 438,750,000 distinct triples written
  Partitioned compression: HG005_GRCh38_1_22_v4.2.1_benchmark: cottas-merge merging — 439,000,000 triples · 439,000,000 distinct triples written
  Partitioned compression: HG005_GRCh38_1_22_v4.2.1_benchmark: cottas-merge merging — 439,250,000 triples · 439,250,000 distinct triples written
  Partitioned compression: HG005_GRCh38_1_22_v4.2.1_benchmark: cottas-merge merging — 439,500,000 triples · 439,500,000 distinct triples written
  Partitioned compression: HG005_GRCh38_1_22_v4.2.1_benchmark: cottas-merge merging — 439,750,000 triples · 439,750,000 distinct triples written
  Partitioned compression: HG005_GRCh38_1_22_v4.2.1_benchmark: cottas-merge merging — 440,000,000 triples · 440,000,000 distinct triples written
  Partitioned compression: HG005_GRCh38_1_22_v4.2.1_benchmark: cottas-merge merging — 440,250,000 triples · 440,250,000 distinct triples written
  Partitioned compression: HG005_GRCh38_1_22_v4.2.1_benchmark: cottas-merge merging — 440,500,000 triples · 440,500,000 distinct triples written
  Partitioned compression: HG005_GRCh38_1_22_v4.2.1_benchmark: cottas-merge merging — 440,750,000 triples · 440,750,000 distinct triples written
  Partitioned compression: HG005_GRCh38_1_22_v4.2.1_benchmark: cottas-merge merging — 441,000,000 triples · 441,000,000 distinct triples written
  Partitioned compression: HG005_GRCh38_1_22_v4.2.1_benchmark: cottas-merge merging — 441,250,000 triples · 441,250,000 distinct triples written
  Partitioned compression: HG005_GRCh38_1_22_v4.2.1_benchmark: cottas-merge merging — 441,500,000 triples · 441,500,000 distinct triples written
  Partitioned compression: HG005_GRCh38_1_22_v4.2.1_benchmark: cottas-merge merging — 441,750,000 triples · 441,750,000 distinct triples written
  Partitioned compression: HG005_GRCh38_1_22_v4.2.1_benchmark: cottas-merge merging — 442,000,000 triples · 442,000,000 distinct triples written
  Partitioned compression: HG005_GRCh38_1_22_v4.2.1_benchmark: cottas-merge merging — 442,250,000 triples · 442,250,000 distinct triples written
  Partitioned compression: HG005_GRCh38_1_22_v4.2.1_benchmark: cottas-merge merging — 442,500,000 triples · 442,500,000 distinct triples written
  Partitioned compression: HG005_GRCh38_1_22_v4.2.1_benchmark: cottas-merge merging — 442,750,000 triples · 442,750,000 distinct triples written
  Partitioned compression: HG005_GRCh38_1_22_v4.2.1_benchmark: cottas-merge merging — 443,000,000 triples · 443,000,000 distinct triples written
  Partitioned compression: HG005_GRCh38_1_22_v4.2.1_benchmark: cottas-merge merging — 443,250,000 triples · 443,250,000 distinct triples written
  Partitioned compression: HG005_GRCh38_1_22_v4.2.1_benchmark: cottas-merge merging — 443,500,000 triples · 443,500,000 distinct triples written
  Partitioned compression: HG005_GRCh38_1_22_v4.2.1_benchmark: cottas-merge merging — 443,750,000 triples · 443,750,000 distinct triples written
  Partitioned compression: HG005_GRCh38_1_22_v4.2.1_benchmark: cottas-merge merging — 444,000,000 triples · 444,000,000 distinct triples written
  Partitioned compression: HG005_GRCh38_1_22_v4.2.1_benchmark: cottas-merge merging — 444,250,000 triples · 444,250,000 distinct triples written
  Partitioned compression: HG005_GRCh38_1_22_v4.2.1_benchmark: cottas-merge merging — 444,500,000 triples · 444,500,000 distinct triples written
  Partitioned compression: HG005_GRCh38_1_22_v4.2.1_benchmark: cottas-merge merging — 444,750,000 triples · 444,750,000 distinct triples written
  Partitioned compression: HG005_GRCh38_1_22_v4.2.1_benchmark: cottas-merge merging — 445,000,000 triples · 445,000,000 distinct triples written
  Partitioned compression: HG005_GRCh38_1_22_v4.2.1_benchmark: cottas-merge merging — 445,250,000 triples · 445,250,000 distinct triples written
  Partitioned compression: HG005_GRCh38_1_22_v4.2.1_benchmark: cottas-merge merging — 445,500,000 triples · 445,500,000 distinct triples written
  Partitioned compression: HG005_GRCh38_1_22_v4.2.1_benchmark: cottas-merge merging — 445,750,000 triples · 445,750,000 distinct triples written
  Partitioned compression: HG005_GRCh38_1_22_v4.2.1_benchmark: cottas-merge merging — 446,000,000 triples · 446,000,000 distinct triples written
  Partitioned compression: HG005_GRCh38_1_22_v4.2.1_benchmark: cottas-merge merging — 446,250,000 triples · 446,250,000 distinct triples written
  Partitioned compression: HG005_GRCh38_1_22_v4.2.1_benchmark: cottas-merge merging — 446,500,000 triples · 446,500,000 distinct triples written
  Partitioned compression: HG005_GRCh38_1_22_v4.2.1_benchmark: cottas-merge merging — 446,750,000 triples · 446,750,000 distinct triples written
  Partitioned compression: HG005_GRCh38_1_22_v4.2.1_benchmark: cottas-merge merging — 447,000,000 triples · 447,000,000 distinct triples written
  Partitioned compression: HG005_GRCh38_1_22_v4.2.1_benchmark: cottas-merge merging — 447,250,000 triples · 447,250,000 distinct triples written
  Partitioned compression: HG005_GRCh38_1_22_v4.2.1_benchmark: cottas-merge merging — 447,500,000 triples · 447,500,000 distinct triples written
  Partitioned compression: HG005_GRCh38_1_22_v4.2.1_benchmark: cottas-merge merging — 447,750,000 triples · 447,750,000 distinct triples written
  Partitioned compression: HG005_GRCh38_1_22_v4.2.1_benchmark: cottas-merge merging — 448,000,000 triples · 448,000,000 distinct triples written
  Partitioned compression: HG005_GRCh38_1_22_v4.2.1_benchmark: cottas-merge merging — 448,250,000 triples · 448,250,000 distinct triples written
  Partitioned compression: HG005_GRCh38_1_22_v4.2.1_benchmark: cottas-merge merging — 448,500,000 triples · 448,500,000 distinct triples written
  Partitioned compression: HG005_GRCh38_1_22_v4.2.1_benchmark: cottas-merge merging — 448,750,000 triples · 448,750,000 distinct triples written
  Partitioned compression: HG005_GRCh38_1_22_v4.2.1_benchmark: cottas-merge merging — 449,000,000 triples · 449,000,000 distinct triples written
  Partitioned compression: HG005_GRCh38_1_22_v4.2.1_benchmark: cottas-merge merging — 449,250,000 triples · 449,250,000 distinct triples written
  Partitioned compression: HG005_GRCh38_1_22_v4.2.1_benchmark: cottas-merge merging — 449,500,000 triples · 449,500,000 distinct triples written
  Partitioned compression: HG005_GRCh38_1_22_v4.2.1_benchmark: cottas-merge merging — 449,750,000 triples · 449,750,000 distinct triples written
  Partitioned compression: HG005_GRCh38_1_22_v4.2.1_benchmark: cottas-merge merging — 450,000,000 triples · 450,000,000 distinct triples written
  Partitioned compression: HG005_GRCh38_1_22_v4.2.1_benchmark: cottas-merge merging — 450,250,000 triples · 450,250,000 distinct triples written
  Partitioned compression: HG005_GRCh38_1_22_v4.2.1_benchmark: cottas-merge merging — 450,500,000 triples · 450,500,000 distinct triples written
  Partitioned compression: HG005_GRCh38_1_22_v4.2.1_benchmark: cottas-merge merging — 450,750,000 triples · 450,750,000 distinct triples written
  Partitioned compression: HG005_GRCh38_1_22_v4.2.1_benchmark: cottas-merge merging — 451,000,000 triples · 451,000,000 distinct triples written
  Partitioned compression: HG005_GRCh38_1_22_v4.2.1_benchmark: cottas-merge merging — 451,250,000 triples · 451,250,000 distinct triples written
  Partitioned compression: HG005_GRCh38_1_22_v4.2.1_benchmark: cottas-merge merging — 451,500,000 triples · 451,500,000 distinct triples written
  Partitioned compression: HG005_GRCh38_1_22_v4.2.1_benchmark: cottas-merge merging — 451,750,000 triples · 451,750,000 distinct triples written
  Partitioned compression: HG005_GRCh38_1_22_v4.2.1_benchmark: cottas-merge merging — 452,000,000 triples · 452,000,000 distinct triples written
  Partitioned compression: HG005_GRCh38_1_22_v4.2.1_benchmark: cottas-merge merging — 452,250,000 triples · 452,250,000 distinct triples written
  Partitioned compression: HG005_GRCh38_1_22_v4.2.1_benchmark: cottas-merge merging — 452,500,000 triples · 452,500,000 distinct triples written
  Partitioned compression: HG005_GRCh38_1_22_v4.2.1_benchmark: cottas-merge merging — 452,750,000 triples · 452,750,000 distinct triples written
  Partitioned compression: HG005_GRCh38_1_22_v4.2.1_benchmark: cottas-merge merging — 453,000,000 triples · 453,000,000 distinct triples written
  Partitioned compression: HG005_GRCh38_1_22_v4.2.1_benchmark: cottas-merge merging — 453,250,000 triples · 453,250,000 distinct triples written
  Partitioned compression: HG005_GRCh38_1_22_v4.2.1_benchmark: cottas-merge merging — 453,500,000 triples · 453,500,000 distinct triples written
  Partitioned compression: HG005_GRCh38_1_22_v4.2.1_benchmark: cottas-merge merging — 453,750,000 triples · 453,750,000 distinct triples written
  Partitioned compression: HG005_GRCh38_1_22_v4.2.1_benchmark: cottas-merge merging — 454,000,000 triples · 454,000,000 distinct triples written
  Partitioned compression: HG005_GRCh38_1_22_v4.2.1_benchmark: cottas-merge merging — 454,250,000 triples · 454,250,000 distinct triples written
  Partitioned compression: HG005_GRCh38_1_22_v4.2.1_benchmark: cottas-merge merging — 454,500,000 triples · 454,500,000 distinct triples written
  Partitioned compression: HG005_GRCh38_1_22_v4.2.1_benchmark: cottas-merge merging — 454,750,000 triples · 454,750,000 distinct triples written
  Partitioned compression: HG005_GRCh38_1_22_v4.2.1_benchmark: cottas-merge merging — 455,000,000 triples · 455,000,000 distinct triples written
  Partitioned compression: HG005_GRCh38_1_22_v4.2.1_benchmark: cottas-merge merging — 455,250,000 triples · 455,250,000 distinct triples written
  Partitioned compression: HG005_GRCh38_1_22_v4.2.1_benchmark: cottas-merge merging — 455,500,000 triples · 455,500,000 distinct triples written
  Partitioned compression: HG005_GRCh38_1_22_v4.2.1_benchmark: cottas-merge merging — 455,750,000 triples · 455,750,000 distinct triples written
  Partitioned compression: HG005_GRCh38_1_22_v4.2.1_benchmark: cottas-merge merging — 456,000,000 triples · 456,000,000 distinct triples written
  Partitioned compression: HG005_GRCh38_1_22_v4.2.1_benchmark: cottas-merge merging — 456,250,000 triples · 456,250,000 distinct triples written
  Partitioned compression: HG005_GRCh38_1_22_v4.2.1_benchmark: cottas-merge merging — 456,500,000 triples · 456,500,000 distinct triples written
  Partitioned compression: HG005_GRCh38_1_22_v4.2.1_benchmark: cottas-merge merging — 456,750,000 triples · 456,750,000 distinct triples written
  Partitioned compression: HG005_GRCh38_1_22_v4.2.1_benchmark: cottas-merge merging — 457,000,000 triples · 457,000,000 distinct triples written
  Partitioned compression: HG005_GRCh38_1_22_v4.2.1_benchmark: cottas-merge merging — 457,250,000 triples · 457,250,000 distinct triples written
  Partitioned compression: HG005_GRCh38_1_22_v4.2.1_benchmark: cottas-merge merging — 457,500,000 triples · 457,500,000 distinct triples written
  Partitioned compression: HG005_GRCh38_1_22_v4.2.1_benchmark: cottas-merge merging — 457,750,000 triples · 457,750,000 distinct triples written
  Partitioned compression: HG005_GRCh38_1_22_v4.2.1_benchmark: cottas-merge merging — 458,000,000 triples · 458,000,000 distinct triples written
  Partitioned compression: HG005_GRCh38_1_22_v4.2.1_benchmark: cottas-merge merging — 458,250,000 triples · 458,250,000 distinct triples written
  Partitioned compression: HG005_GRCh38_1_22_v4.2.1_benchmark: cottas-merge merging — 458,500,000 triples · 458,500,000 distinct triples written
  Partitioned compression: HG005_GRCh38_1_22_v4.2.1_benchmark: cottas-merge merging — 458,750,000 triples · 458,750,000 distinct triples written
  Partitioned compression: HG005_GRCh38_1_22_v4.2.1_benchmark: cottas-merge merging — 459,000,000 triples · 459,000,000 distinct triples written
  Partitioned compression: HG005_GRCh38_1_22_v4.2.1_benchmark: cottas-merge merging — 459,250,000 triples · 459,250,000 distinct triples written
  Partitioned compression: HG005_GRCh38_1_22_v4.2.1_benchmark: cottas-merge merging — 459,500,000 triples · 459,500,000 distinct triples written
  Partitioned compression: HG005_GRCh38_1_22_v4.2.1_benchmark: cottas-merge merging — 459,750,000 triples · 459,750,000 distinct triples written
  Partitioned compression: HG005_GRCh38_1_22_v4.2.1_benchmark: cottas-merge merging — 460,000,000 triples · 460,000,000 distinct triples written
  Partitioned compression: HG005_GRCh38_1_22_v4.2.1_benchmark: cottas-merge merging — 460,250,000 triples · 460,250,000 distinct triples written
  Partitioned compression: HG005_GRCh38_1_22_v4.2.1_benchmark: cottas-merge merging — 460,500,000 triples · 460,500,000 distinct triples written
  Partitioned compression: HG005_GRCh38_1_22_v4.2.1_benchmark: cottas-merge merging — 460,750,000 triples · 460,750,000 distinct triples written
  Partitioned compression: HG005_GRCh38_1_22_v4.2.1_benchmark: cottas-merge merging — 461,000,000 triples · 461,000,000 distinct triples written
  Partitioned compression: HG005_GRCh38_1_22_v4.2.1_benchmark: cottas-merge merging — 461,250,000 triples · 461,250,000 distinct triples written
  Partitioned compression: HG005_GRCh38_1_22_v4.2.1_benchmark: cottas-merge merging — 461,500,000 triples · 461,500,000 distinct triples written
  Partitioned compression: HG005_GRCh38_1_22_v4.2.1_benchmark: cottas-merge merging — 461,750,000 triples · 461,750,000 distinct triples written
  Partitioned compression: HG005_GRCh38_1_22_v4.2.1_benchmark: cottas-merge merging — 462,000,000 triples · 462,000,000 distinct triples written
  Partitioned compression: HG005_GRCh38_1_22_v4.2.1_benchmark: cottas-merge merging — 462,250,000 triples · 462,250,000 distinct triples written
  Partitioned compression: HG005_GRCh38_1_22_v4.2.1_benchmark: cottas-merge merging — 462,500,000 triples · 462,500,000 distinct triples written
  Partitioned compression: HG005_GRCh38_1_22_v4.2.1_benchmark: cottas-merge merging — 462,750,000 triples · 462,750,000 distinct triples written
  Partitioned compression: HG005_GRCh38_1_22_v4.2.1_benchmark: cottas-merge merging — 463,000,000 triples · 463,000,000 distinct triples written
  Partitioned compression: HG005_GRCh38_1_22_v4.2.1_benchmark: cottas-merge merging — 463,250,000 triples · 463,250,000 distinct triples written
  Partitioned compression: HG005_GRCh38_1_22_v4.2.1_benchmark: cottas-merge merging — 463,500,000 triples · 463,500,000 distinct triples written
  Partitioned compression: HG005_GRCh38_1_22_v4.2.1_benchmark: cottas-merge merging — 463,750,000 triples · 463,750,000 distinct triples written
  Partitioned compression: HG005_GRCh38_1_22_v4.2.1_benchmark: cottas-merge merging — 464,000,000 triples · 464,000,000 distinct triples written
  Partitioned compression: HG005_GRCh38_1_22_v4.2.1_benchmark: cottas-merge merging — 464,250,000 triples · 464,250,000 distinct triples written
  Partitioned compression: HG005_GRCh38_1_22_v4.2.1_benchmark: cottas-merge merging — 464,500,000 triples · 464,500,000 distinct triples written
  Partitioned compression: HG005_GRCh38_1_22_v4.2.1_benchmark: cottas-merge merging — 464,750,000 triples · 464,750,000 distinct triples written
  Partitioned compression: HG005_GRCh38_1_22_v4.2.1_benchmark: cottas-merge merging — 465,000,000 triples · 465,000,000 distinct triples written
  Partitioned compression: HG005_GRCh38_1_22_v4.2.1_benchmark: cottas-merge merging — 465,250,000 triples · 465,250,000 distinct triples written
  Partitioned compression: HG005_GRCh38_1_22_v4.2.1_benchmark: cottas-merge merging — 465,500,000 triples · 465,500,000 distinct triples written
  Partitioned compression: HG005_GRCh38_1_22_v4.2.1_benchmark: cottas-merge merging — 465,750,000 triples · 465,750,000 distinct triples written
  Partitioned compression: HG005_GRCh38_1_22_v4.2.1_benchmark: cottas-merge merging — 466,000,000 triples · 466,000,000 distinct triples written
  Partitioned compression: HG005_GRCh38_1_22_v4.2.1_benchmark: cottas-merge merging — 466,250,000 triples · 466,250,000 distinct triples written
  Partitioned compression: HG005_GRCh38_1_22_v4.2.1_benchmark: cottas-merge merging — 466,500,000 triples · 466,500,000 distinct triples written
  Partitioned compression: HG005_GRCh38_1_22_v4.2.1_benchmark: cottas-merge merging — 466,750,000 triples · 466,750,000 distinct triples written
  Partitioned compression: HG005_GRCh38_1_22_v4.2.1_benchmark: cottas-merge merging — 467,000,000 triples · 467,000,000 distinct triples written
  Partitioned compression: HG005_GRCh38_1_22_v4.2.1_benchmark: cottas-merge merging — 467,250,000 triples · 467,250,000 distinct triples written
  Partitioned compression: HG005_GRCh38_1_22_v4.2.1_benchmark: cottas-merge merging — 467,500,000 triples · 467,500,000 distinct triples written
  Partitioned compression: HG005_GRCh38_1_22_v4.2.1_benchmark: cottas-merge merging — 467,750,000 triples · 467,750,000 distinct triples written
  Partitioned compression: HG005_GRCh38_1_22_v4.2.1_benchmark: cottas-merge merging — 468,000,000 triples · 468,000,000 distinct triples written
  Partitioned compression: HG005_GRCh38_1_22_v4.2.1_benchmark: cottas-merge merging — 468,250,000 triples · 468,250,000 distinct triples written
  Partitioned compression: HG005_GRCh38_1_22_v4.2.1_benchmark: cottas-merge merging — 468,500,000 triples · 468,500,000 distinct triples written
  Partitioned compression: HG005_GRCh38_1_22_v4.2.1_benchmark: cottas-merge merging — 468,750,000 triples · 468,750,000 distinct triples written
  Partitioned compression: HG005_GRCh38_1_22_v4.2.1_benchmark: cottas-merge merging — 469,000,000 triples · 469,000,000 distinct triples written
  Partitioned compression: HG005_GRCh38_1_22_v4.2.1_benchmark: cottas-merge merging — 469,250,000 triples · 469,250,000 distinct triples written
  Partitioned compression: HG005_GRCh38_1_22_v4.2.1_benchmark: cottas-merge merging — 469,500,000 triples · 469,500,000 distinct triples written
  Partitioned compression: HG005_GRCh38_1_22_v4.2.1_benchmark: cottas-merge merging — 469,750,000 triples · 469,750,000 distinct triples written
  Partitioned compression: HG005_GRCh38_1_22_v4.2.1_benchmark: cottas-merge merging — 470,000,000 triples · 470,000,000 distinct triples written
  Partitioned compression: HG005_GRCh38_1_22_v4.2.1_benchmark: cottas-merge merging — 470,250,000 triples · 470,250,000 distinct triples written
  Partitioned compression: HG005_GRCh38_1_22_v4.2.1_benchmark: cottas-merge merging — 470,500,000 triples · 470,500,000 distinct triples written
  Partitioned compression: HG005_GRCh38_1_22_v4.2.1_benchmark: cottas-merge merging — 470,750,000 triples · 470,750,000 distinct triples written
  Partitioned compression: HG005_GRCh38_1_22_v4.2.1_benchmark: cottas-merge merging — 471,000,000 triples · 471,000,000 distinct triples written
  Partitioned compression: HG005_GRCh38_1_22_v4.2.1_benchmark: cottas-merge merging — 471,250,000 triples · 471,250,000 distinct triples written
  Partitioned compression: HG005_GRCh38_1_22_v4.2.1_benchmark: cottas-merge merging — 471,500,000 triples · 471,500,000 distinct triples written
  Partitioned compression: HG005_GRCh38_1_22_v4.2.1_benchmark: cottas-merge merging — 471,750,000 triples · 471,750,000 distinct triples written
  Partitioned compression: HG005_GRCh38_1_22_v4.2.1_benchmark: cottas-merge merging — 472,000,000 triples · 472,000,000 distinct triples written
  Partitioned compression: HG005_GRCh38_1_22_v4.2.1_benchmark: cottas-merge merging — 472,250,000 triples · 472,250,000 distinct triples written
  Partitioned compression: HG005_GRCh38_1_22_v4.2.1_benchmark: cottas-merge merging — 472,500,000 triples · 472,500,000 distinct triples written
  Partitioned compression: HG005_GRCh38_1_22_v4.2.1_benchmark: cottas-merge merging — 472,750,000 triples · 472,750,000 distinct triples written
  Partitioned compression: HG005_GRCh38_1_22_v4.2.1_benchmark: cottas-merge merging — 473,000,000 triples · 473,000,000 distinct triples written
  Partitioned compression: HG005_GRCh38_1_22_v4.2.1_benchmark: cottas-merge merging — 473,250,000 triples · 473,250,000 distinct triples written
  Partitioned compression: HG005_GRCh38_1_22_v4.2.1_benchmark: cottas-merge merging — 473,500,000 triples · 473,500,000 distinct triples written
  Partitioned compression: HG005_GRCh38_1_22_v4.2.1_benchmark: cottas-merge merging — 473,750,000 triples · 473,750,000 distinct triples written
  Partitioned compression: HG005_GRCh38_1_22_v4.2.1_benchmark: cottas-merge merging — 474,000,000 triples · 474,000,000 distinct triples written
  Partitioned compression: HG005_GRCh38_1_22_v4.2.1_benchmark: cottas-merge merging — 474,250,000 triples · 474,250,000 distinct triples written
  Partitioned compression: HG005_GRCh38_1_22_v4.2.1_benchmark: cottas-merge merging — 474,500,000 triples · 474,500,000 distinct triples written
  Partitioned compression: HG005_GRCh38_1_22_v4.2.1_benchmark: cottas-merge merging — 474,750,000 triples · 474,750,000 distinct triples written
  Partitioned compression: HG005_GRCh38_1_22_v4.2.1_benchmark: cottas-merge merging — 475,000,000 triples · 475,000,000 distinct triples written
  Partitioned compression: HG005_GRCh38_1_22_v4.2.1_benchmark: cottas-merge merging — 475,250,000 triples · 475,250,000 distinct triples written
  Partitioned compression: HG005_GRCh38_1_22_v4.2.1_benchmark: cottas-merge merging — 475,500,000 triples · 475,500,000 distinct triples written
  Partitioned compression: HG005_GRCh38_1_22_v4.2.1_benchmark: cottas-merge merging — 475,750,000 triples · 475,750,000 distinct triples written
  Partitioned compression: HG005_GRCh38_1_22_v4.2.1_benchmark: cottas-merge merging — 476,000,000 triples · 476,000,000 distinct triples written
  Partitioned compression: HG005_GRCh38_1_22_v4.2.1_benchmark: cottas-merge merging — 476,250,000 triples · 476,250,000 distinct triples written
  Partitioned compression: HG005_GRCh38_1_22_v4.2.1_benchmark: cottas-merge merging — 476,500,000 triples · 476,500,000 distinct triples written
  Partitioned compression: HG005_GRCh38_1_22_v4.2.1_benchmark: cottas-merge merging — 476,750,000 triples · 476,750,000 distinct triples written
  Partitioned compression: HG005_GRCh38_1_22_v4.2.1_benchmark: cottas-merge merging — 477,000,000 triples · 477,000,000 distinct triples written
  Partitioned compression: HG005_GRCh38_1_22_v4.2.1_benchmark: cottas-merge merging — 477,250,000 triples · 477,250,000 distinct triples written
  Partitioned compression: HG005_GRCh38_1_22_v4.2.1_benchmark: cottas-merge merging — 477,500,000 triples · 477,500,000 distinct triples written
  Partitioned compression: HG005_GRCh38_1_22_v4.2.1_benchmark: cottas-merge merging — 477,750,000 triples · 477,750,000 distinct triples written
  Partitioned compression: HG005_GRCh38_1_22_v4.2.1_benchmark: cottas-merge merging — 478,000,000 triples · 478,000,000 distinct triples written
  Partitioned compression: HG005_GRCh38_1_22_v4.2.1_benchmark: cottas-merge merging — 478,250,000 triples · 478,250,000 distinct triples written
  Partitioned compression: HG005_GRCh38_1_22_v4.2.1_benchmark: cottas-merge merging — 478,500,000 triples · 478,500,000 distinct triples written
  Partitioned compression: HG005_GRCh38_1_22_v4.2.1_benchmark: cottas-merge merging — 478,750,000 triples · 478,750,000 distinct triples written
  Partitioned compression: HG005_GRCh38_1_22_v4.2.1_benchmark: cottas-merge merging — 479,000,000 triples · 479,000,000 distinct triples written
  Partitioned compression: HG005_GRCh38_1_22_v4.2.1_benchmark: cottas-merge merging — 479,250,000 triples · 479,250,000 distinct triples written
  Partitioned compression: HG005_GRCh38_1_22_v4.2.1_benchmark: cottas-merge merging — 479,500,000 triples · 479,500,000 distinct triples written
  Partitioned compression: HG005_GRCh38_1_22_v4.2.1_benchmark: cottas-merge merging — 479,750,000 triples · 479,750,000 distinct triples written
  Partitioned compression: HG005_GRCh38_1_22_v4.2.1_benchmark: cottas-merge merging — 480,000,000 triples · 480,000,000 distinct triples written
  Partitioned compression: HG005_GRCh38_1_22_v4.2.1_benchmark: cottas-merge merging — 480,250,000 triples · 480,250,000 distinct triples written
  Partitioned compression: HG005_GRCh38_1_22_v4.2.1_benchmark: cottas-merge merging — 480,500,000 triples · 480,500,000 distinct triples written
  Partitioned compression: HG005_GRCh38_1_22_v4.2.1_benchmark: cottas-merge merging — 480,750,000 triples · 480,750,000 distinct triples written
  Partitioned compression: HG005_GRCh38_1_22_v4.2.1_benchmark: cottas-merge merging — 481,000,000 triples · 481,000,000 distinct triples written
  Partitioned compression: HG005_GRCh38_1_22_v4.2.1_benchmark: cottas-merge merging — 481,250,000 triples · 481,250,000 distinct triples written
  Partitioned compression: HG005_GRCh38_1_22_v4.2.1_benchmark: cottas-merge merging — 481,500,000 triples · 481,500,000 distinct triples written
  Partitioned compression: HG005_GRCh38_1_22_v4.2.1_benchmark: cottas-merge merging — 481,750,000 triples · 481,750,000 distinct triples written
  Partitioned compression: HG005_GRCh38_1_22_v4.2.1_benchmark: cottas-merge merging — 482,000,000 triples · 482,000,000 distinct triples written
  Partitioned compression: HG005_GRCh38_1_22_v4.2.1_benchmark: cottas-merge merging — 482,250,000 triples · 482,250,000 distinct triples written
  Partitioned compression: HG005_GRCh38_1_22_v4.2.1_benchmark: cottas-merge merging — 482,500,000 triples · 482,500,000 distinct triples written
  Partitioned compression: HG005_GRCh38_1_22_v4.2.1_benchmark: cottas-merge merging — 482,750,000 triples · 482,750,000 distinct triples written
  Partitioned compression: HG005_GRCh38_1_22_v4.2.1_benchmark: cottas-merge merging — 483,000,000 triples · 483,000,000 distinct triples written
  Partitioned compression: HG005_GRCh38_1_22_v4.2.1_benchmark: cottas-merge merging — 483,250,000 triples · 483,250,000 distinct triples written
  Partitioned compression: HG005_GRCh38_1_22_v4.2.1_benchmark: cottas-merge merging — 483,500,000 triples · 483,500,000 distinct triples written
  Partitioned compression: HG005_GRCh38_1_22_v4.2.1_benchmark: cottas-merge merging — 483,750,000 triples · 483,750,000 distinct triples written
  Partitioned compression: HG005_GRCh38_1_22_v4.2.1_benchmark: cottas-merge merging — 484,000,000 triples · 484,000,000 distinct triples written
  Partitioned compression: HG005_GRCh38_1_22_v4.2.1_benchmark: cottas-merge merging — 484,250,000 triples · 484,250,000 distinct triples written
  Partitioned compression: HG005_GRCh38_1_22_v4.2.1_benchmark: cottas-merge merging — 484,500,000 triples · 484,500,000 distinct triples written
  Partitioned compression: HG005_GRCh38_1_22_v4.2.1_benchmark: cottas-merge merging — 484,750,000 triples · 484,750,000 distinct triples written
  Partitioned compression: HG005_GRCh38_1_22_v4.2.1_benchmark: cottas-merge merging — 485,000,000 triples · 485,000,000 distinct triples written
  Partitioned compression: HG005_GRCh38_1_22_v4.2.1_benchmark: cottas-merge merging — 485,250,000 triples · 485,250,000 distinct triples written
  Partitioned compression: HG005_GRCh38_1_22_v4.2.1_benchmark: cottas-merge merging — 485,500,000 triples · 485,500,000 distinct triples written
  Partitioned compression: HG005_GRCh38_1_22_v4.2.1_benchmark: cottas-merge merging — 485,750,000 triples · 485,750,000 distinct triples written
  Partitioned compression: HG005_GRCh38_1_22_v4.2.1_benchmark: cottas-merge merging — 486,000,000 triples · 486,000,000 distinct triples written
  Partitioned compression: HG005_GRCh38_1_22_v4.2.1_benchmark: cottas-merge merging — 486,250,000 triples · 486,250,000 distinct triples written
  Partitioned compression: HG005_GRCh38_1_22_v4.2.1_benchmark: cottas-merge merging — 486,500,000 triples · 486,500,000 distinct triples written
  Partitioned compression: HG005_GRCh38_1_22_v4.2.1_benchmark: cottas-merge merging — 486,750,000 triples · 486,750,000 distinct triples written
  Partitioned compression: HG005_GRCh38_1_22_v4.2.1_benchmark: cottas-merge merging — 487,000,000 triples · 487,000,000 distinct triples written
  Partitioned compression: HG005_GRCh38_1_22_v4.2.1_benchmark: cottas-merge merging — 487,250,000 triples · 487,250,000 distinct triples written
  Partitioned compression: HG005_GRCh38_1_22_v4.2.1_benchmark: cottas-merge merging — 487,500,000 triples · 487,500,000 distinct triples written
  Partitioned compression: HG005_GRCh38_1_22_v4.2.1_benchmark: cottas-merge merging — 487,750,000 triples · 487,750,000 distinct triples written
  Partitioned compression: HG005_GRCh38_1_22_v4.2.1_benchmark: cottas-merge merging — 488,000,000 triples · 488,000,000 distinct triples written
  Partitioned compression: HG005_GRCh38_1_22_v4.2.1_benchmark: cottas-merge merging — 488,250,000 triples · 488,250,000 distinct triples written
  Partitioned compression: HG005_GRCh38_1_22_v4.2.1_benchmark: cottas-merge merging — 488,500,000 triples · 488,500,000 distinct triples written
  Partitioned compression: HG005_GRCh38_1_22_v4.2.1_benchmark: cottas-merge merging — 488,750,000 triples · 488,750,000 distinct triples written
  Partitioned compression: HG005_GRCh38_1_22_v4.2.1_benchmark: cottas-merge merging — 489,000,000 triples · 489,000,000 distinct triples written
  Partitioned compression: HG005_GRCh38_1_22_v4.2.1_benchmark: cottas-merge merging — 489,250,000 triples · 489,250,000 distinct triples written
  Partitioned compression: HG005_GRCh38_1_22_v4.2.1_benchmark: cottas-merge merging — 489,500,000 triples · 489,500,000 distinct triples written
  Partitioned compression: HG005_GRCh38_1_22_v4.2.1_benchmark: cottas-merge merging — 489,750,000 triples · 489,750,000 distinct triples written
  Partitioned compression: HG005_GRCh38_1_22_v4.2.1_benchmark: cottas-merge merging — 490,000,000 triples · 490,000,000 distinct triples written
  Partitioned compression: HG005_GRCh38_1_22_v4.2.1_benchmark: cottas-merge merging — 490,250,000 triples · 490,250,000 distinct triples written
  Partitioned compression: HG005_GRCh38_1_22_v4.2.1_benchmark: cottas-merge merging — 490,500,000 triples · 490,500,000 distinct triples written
  Partitioned compression: HG005_GRCh38_1_22_v4.2.1_benchmark: cottas-merge merging — 490,750,000 triples · 490,750,000 distinct triples written
  Partitioned compression: HG005_GRCh38_1_22_v4.2.1_benchmark: cottas-merge merging — 491,000,000 triples · 491,000,000 distinct triples written
  Partitioned compression: HG005_GRCh38_1_22_v4.2.1_benchmark: cottas-merge merging — 491,250,000 triples · 491,250,000 distinct triples written
  Partitioned compression: HG005_GRCh38_1_22_v4.2.1_benchmark: cottas-merge merging — 491,500,000 triples · 491,500,000 distinct triples written
  Partitioned compression: HG005_GRCh38_1_22_v4.2.1_benchmark: cottas-merge merging — 491,750,000 triples · 491,750,000 distinct triples written
  Partitioned compression: HG005_GRCh38_1_22_v4.2.1_benchmark: cottas-merge merging — 492,000,000 triples · 492,000,000 distinct triples written
  Partitioned compression: HG005_GRCh38_1_22_v4.2.1_benchmark: cottas-merge merging — 492,250,000 triples · 492,250,000 distinct triples written
  Partitioned compression: HG005_GRCh38_1_22_v4.2.1_benchmark: cottas-merge merging — 492,500,000 triples · 492,500,000 distinct triples written
  Partitioned compression: HG005_GRCh38_1_22_v4.2.1_benchmark: cottas-merge merging — 492,750,000 triples · 492,750,000 distinct triples written
  Partitioned compression: HG005_GRCh38_1_22_v4.2.1_benchmark: cottas-merge merging — 493,000,000 triples · 493,000,000 distinct triples written
  Partitioned compression: HG005_GRCh38_1_22_v4.2.1_benchmark: cottas-merge merging — 493,250,000 triples · 493,250,000 distinct triples written
  Partitioned compression: HG005_GRCh38_1_22_v4.2.1_benchmark: cottas-merge merging — 493,500,000 triples · 493,500,000 distinct triples written
  Partitioned compression: HG005_GRCh38_1_22_v4.2.1_benchmark: cottas-merge merging — 493,750,000 triples · 493,750,000 distinct triples written
  Partitioned compression: HG005_GRCh38_1_22_v4.2.1_benchmark: cottas-merge merging — 494,000,000 triples · 494,000,000 distinct triples written
  Partitioned compression: HG005_GRCh38_1_22_v4.2.1_benchmark: cottas-merge merging — 494,250,000 triples · 494,250,000 distinct triples written
  Partitioned compression: HG005_GRCh38_1_22_v4.2.1_benchmark: cottas-merge merging — 494,500,000 triples · 494,500,000 distinct triples written
  Partitioned compression: HG005_GRCh38_1_22_v4.2.1_benchmark: cottas-merge merging — 494,750,000 triples · 494,750,000 distinct triples written
  Partitioned compression: HG005_GRCh38_1_22_v4.2.1_benchmark: cottas-merge merging — 495,000,000 triples · 495,000,000 distinct triples written
  Partitioned compression: HG005_GRCh38_1_22_v4.2.1_benchmark: cottas-merge merging — 495,250,000 triples · 495,250,000 distinct triples written
  Partitioned compression: HG005_GRCh38_1_22_v4.2.1_benchmark: cottas-merge merging — 495,500,000 triples · 495,500,000 distinct triples written
  Partitioned compression: HG005_GRCh38_1_22_v4.2.1_benchmark: cottas-merge merging — 495,750,000 triples · 495,750,000 distinct triples written
  Partitioned compression: HG005_GRCh38_1_22_v4.2.1_benchmark: cottas-merge merging — 496,000,000 triples · 496,000,000 distinct triples written
  Partitioned compression: HG005_GRCh38_1_22_v4.2.1_benchmark: cottas-merge merging — 496,250,000 triples · 496,250,000 distinct triples written
  Partitioned compression: HG005_GRCh38_1_22_v4.2.1_benchmark: cottas-merge merging — 496,500,000 triples · 496,500,000 distinct triples written
  Partitioned compression: HG005_GRCh38_1_22_v4.2.1_benchmark: cottas-merge merging — 496,750,000 triples · 496,750,000 distinct triples written
  Partitioned compression: HG005_GRCh38_1_22_v4.2.1_benchmark: cottas-merge merging — 497,000,000 triples · 497,000,000 distinct triples written
  Partitioned compression: HG005_GRCh38_1_22_v4.2.1_benchmark: cottas-merge merging — 497,250,000 triples · 497,250,000 distinct triples written
  Partitioned compression: HG005_GRCh38_1_22_v4.2.1_benchmark: cottas-merge merging — 497,500,000 triples · 497,500,000 distinct triples written
  Partitioned compression: HG005_GRCh38_1_22_v4.2.1_benchmark: cottas-merge complete — 497,642,517 triples · 497,642,517 distinct triples written
  Partitioned compression: HG005_GRCh38_1_22_v4.2.1_benchmark: cottas-merge complete — cottas-merge-stream
  Partitioned compression: HG005_GRCh38_1_22_v4.2.1_benchmark: cottas started — cottas-validate
  Partitioned compression: HG005_GRCh38_1_22_v4.2.1_benchmark: cottas complete — cottas-validate
Partitioned compression: HG005_GRCh38_1_22_v4.2.1_benchmark: finished
