TSV conversion: HG005_GRCh38_r1000000: started
TSV conversion: HG005_GRCh38_r1000000: finished
RMLStreamer: HG005_GRCh38_r1000000: started
  RMLStreamer: HG005_GRCh38_r1000000: rmlstreamer started — 0 B · 0 parts
  RMLStreamer: HG005_GRCh38_r1000000: rmlstreamer heartbeat — 0 B · 0 parts
  RMLStreamer: HG005_GRCh38_r1000000: rmlstreamer heartbeat — 51.32 KB · 8 parts
  RMLStreamer: HG005_GRCh38_r1000000: rmlstreamer heartbeat — 13.03 MB · 8 parts
  RMLStreamer: HG005_GRCh38_r1000000: rmlstreamer heartbeat — 34.01 MB · 8 parts
  RMLStreamer: HG005_GRCh38_r1000000: rmlstreamer heartbeat — 78.86 MB · 8 parts
  RMLStreamer: HG005_GRCh38_r1000000: rmlstreamer heartbeat — 128.01 MB · 8 parts
  RMLStreamer: HG005_GRCh38_r1000000: rmlstreamer heartbeat — 177.45 MB · 8 parts
  RMLStreamer: HG005_GRCh38_r1000000: rmlstreamer heartbeat — 224.13 MB · 8 parts
  RMLStreamer: HG005_GRCh38_r1000000: rmlstreamer heartbeat — 272.10 MB · 8 parts
  RMLStreamer: HG005_GRCh38_r1000000: rmlstreamer heartbeat — 321.34 MB · 8 parts
  RMLStreamer: HG005_GRCh38_r1000000: rmlstreamer heartbeat — 367.29 MB · 8 parts
  RMLStreamer: HG005_GRCh38_r1000000: rmlstreamer heartbeat — 415.09 MB · 8 parts
  RMLStreamer: HG005_GRCh38_r1000000: rmlstreamer heartbeat — 463.03 MB · 8 parts
  RMLStreamer: HG005_GRCh38_r1000000: rmlstreamer heartbeat — 513.15 MB · 8 parts
  RMLStreamer: HG005_GRCh38_r1000000: rmlstreamer heartbeat — 563.45 MB · 8 parts
  RMLStreamer: HG005_GRCh38_r1000000: rmlstreamer heartbeat — 612.17 MB · 8 parts
  RMLStreamer: HG005_GRCh38_r1000000: rmlstreamer heartbeat — 659.64 MB · 8 parts
  RMLStreamer: HG005_GRCh38_r1000000: rmlstreamer heartbeat — 709.72 MB · 8 parts
  RMLStreamer: HG005_GRCh38_r1000000: rmlstreamer heartbeat — 759.44 MB · 8 parts
  RMLStreamer: HG005_GRCh38_r1000000: rmlstreamer heartbeat — 808.62 MB · 8 parts
  RMLStreamer: HG005_GRCh38_r1000000: rmlstreamer heartbeat — 857.28 MB · 8 parts
  RMLStreamer: HG005_GRCh38_r1000000: rmlstreamer heartbeat — 904.98 MB · 8 parts
  RMLStreamer: HG005_GRCh38_r1000000: rmlstreamer heartbeat — 952.26 MB · 8 parts
  RMLStreamer: HG005_GRCh38_r1000000: rmlstreamer heartbeat — 999.97 MB · 8 parts
  RMLStreamer: HG005_GRCh38_r1000000: rmlstreamer heartbeat — 1.02 GB · 8 parts
  RMLStreamer: HG005_GRCh38_r1000000: rmlstreamer heartbeat — 1.07 GB · 8 parts
  RMLStreamer: HG005_GRCh38_r1000000: rmlstreamer heartbeat — 1.11 GB · 8 parts
  RMLStreamer: HG005_GRCh38_r1000000: rmlstreamer heartbeat — 1.12 GB · 8 parts
  RMLStreamer: HG005_GRCh38_r1000000: rmlstreamer complete — 1.12 GB · 8 parts
  RMLStreamer: HG005_GRCh38_r1000000: rdf-aggregate started — 0 parts
  RMLStreamer: HG005_GRCh38_r1000000: rdf-aggregate part — 1 parts
  RMLStreamer: HG005_GRCh38_r1000000: rdf-aggregate part — 2 parts
  RMLStreamer: HG005_GRCh38_r1000000: rdf-aggregate part — 3 parts
  RMLStreamer: HG005_GRCh38_r1000000: rdf-aggregate part — 4 parts
  RMLStreamer: HG005_GRCh38_r1000000: rdf-aggregate part — 5 parts
  RMLStreamer: HG005_GRCh38_r1000000: rdf-aggregate part — 6 parts
  RMLStreamer: HG005_GRCh38_r1000000: rdf-aggregate part — 7 parts
  RMLStreamer: HG005_GRCh38_r1000000: rdf-aggregate part — 8 parts
  RMLStreamer: HG005_GRCh38_r1000000: rdf-aggregate complete — 8 parts
RMLStreamer: HG005_GRCh38_r1000000: finished
Partitioned compression: HG005_GRCh38_r1000000: started
  Partitioned compression: HG005_GRCh38_r1000000: rdf-scan started — 0 triples
  Partitioned compression: HG005_GRCh38_r1000000: rdf-scan heartbeat — 503,207 triples · 67,108,961 bytes read
  Partitioned compression: HG005_GRCh38_r1000000: rdf-scan chunk — 1,006,947 triples · 1 chunks · 134,217,742 bytes read
  Partitioned compression: HG005_GRCh38_r1000000: hdt-chunks started — 0 chunks · hdt-build-00000
  Partitioned compression: HG005_GRCh38_r1000000: hdt-chunks complete — 1 chunks · hdt-build-00000
  Partitioned compression: HG005_GRCh38_r1000000: rdf-scan heartbeat — 1,006,948 triples · 134,217,888 bytes read
  Partitioned compression: HG005_GRCh38_r1000000: rdf-scan heartbeat — 1,510,301 triples · 201,326,864 bytes read
  Partitioned compression: HG005_GRCh38_r1000000: rdf-scan chunk — 2,013,524 triples · 2 chunks · 268,435,610 bytes read
  Partitioned compression: HG005_GRCh38_r1000000: hdt-chunks started — 1 chunks · hdt-build-00001
  Partitioned compression: HG005_GRCh38_r1000000: hdt-chunks complete — 2 chunks · hdt-build-00001
  Partitioned compression: HG005_GRCh38_r1000000: rdf-scan heartbeat — 2,013,525 triples · 268,435,734 bytes read
  Partitioned compression: HG005_GRCh38_r1000000: rdf-scan heartbeat — 2,516,728 triples · 335,544,640 bytes read
  Partitioned compression: HG005_GRCh38_r1000000: rdf-scan chunk — 3,019,945 triples · 3 chunks · 402,653,400 bytes read
  Partitioned compression: HG005_GRCh38_r1000000: hdt-chunks started — 2 chunks · hdt-build-00002
  Partitioned compression: HG005_GRCh38_r1000000: hdt-chunks complete — 3 chunks · hdt-build-00002
  Partitioned compression: HG005_GRCh38_r1000000: rdf-scan heartbeat — 3,019,946 triples · 402,653,548 bytes read
  Partitioned compression: HG005_GRCh38_r1000000: rdf-scan heartbeat — 3,523,236 triples · 469,762,422 bytes read
  Partitioned compression: HG005_GRCh38_r1000000: rdf-scan chunk — 4,026,999 triples · 4 chunks · 536,871,160 bytes read
  Partitioned compression: HG005_GRCh38_r1000000: hdt-chunks started — 3 chunks · hdt-build-00003
  Partitioned compression: HG005_GRCh38_r1000000: hdt-chunks complete — 4 chunks · hdt-build-00003
  Partitioned compression: HG005_GRCh38_r1000000: rdf-scan heartbeat — 4,027,001 triples · 536,871,403 bytes read
  Partitioned compression: HG005_GRCh38_r1000000: rdf-scan heartbeat — 4,531,337 triples · 603,980,298 bytes read
  Partitioned compression: HG005_GRCh38_r1000000: rdf-scan chunk — 5,040,246 triples · 5 chunks · 671,088,889 bytes read
  Partitioned compression: HG005_GRCh38_r1000000: hdt-chunks started — 4 chunks · hdt-build-00004
  Partitioned compression: HG005_GRCh38_r1000000: hdt-chunks complete — 5 chunks · hdt-build-00004
  Partitioned compression: HG005_GRCh38_r1000000: rdf-scan heartbeat — 5,040,248 triples · 671,089,184 bytes read
  Partitioned compression: HG005_GRCh38_r1000000: rdf-scan heartbeat — 5,547,182 triples · 738,198,075 bytes read
  Partitioned compression: HG005_GRCh38_r1000000: rdf-scan chunk — 6,050,810 triples · 6 chunks · 805,306,736 bytes read
  Partitioned compression: HG005_GRCh38_r1000000: hdt-chunks started — 5 chunks · hdt-build-00005
  Partitioned compression: HG005_GRCh38_r1000000: hdt-chunks complete — 6 chunks · hdt-build-00005
  Partitioned compression: HG005_GRCh38_r1000000: rdf-scan heartbeat — 6,050,812 triples · 805,307,008 bytes read
  Partitioned compression: HG005_GRCh38_r1000000: rdf-scan heartbeat — 6,554,171 triples · 872,415,918 bytes read
  Partitioned compression: HG005_GRCh38_r1000000: rdf-scan chunk — 7,057,373 triples · 7 chunks · 939,524,557 bytes read
  Partitioned compression: HG005_GRCh38_r1000000: hdt-chunks started — 6 chunks · hdt-build-00006
  Partitioned compression: HG005_GRCh38_r1000000: hdt-chunks complete — 7 chunks · hdt-build-00006
  Partitioned compression: HG005_GRCh38_r1000000: rdf-scan heartbeat — 7,057,375 triples · 939,524,801 bytes read
  Partitioned compression: HG005_GRCh38_r1000000: rdf-scan heartbeat — 7,561,148 triples · 1,006,633,761 bytes read
  Partitioned compression: HG005_GRCh38_r1000000: rdf-scan chunk — 8,064,769 triples · 8 chunks · 1,073,742,429 bytes read
  Partitioned compression: HG005_GRCh38_r1000000: hdt-chunks started — 7 chunks · hdt-build-00007
  Partitioned compression: HG005_GRCh38_r1000000: hdt-chunks complete — 8 chunks · hdt-build-00007
  Partitioned compression: HG005_GRCh38_r1000000: rdf-scan heartbeat — 8,064,771 triples · 1,073,742,711 bytes read
  Partitioned compression: HG005_GRCh38_r1000000: rdf-scan heartbeat — 8,568,032 triples · 1,140,851,585 bytes read
  Partitioned compression: HG005_GRCh38_r1000000: rdf-scan chunk — 9,061,047 triples · 9 chunks · 1,207,960,166 bytes read
  Partitioned compression: HG005_GRCh38_r1000000: hdt-chunks started — 8 chunks · hdt-build-00008
  Partitioned compression: HG005_GRCh38_r1000000: hdt-chunks complete — 9 chunks · hdt-build-00008
  Partitioned compression: HG005_GRCh38_r1000000: rdf-scan heartbeat — 9,061,049 triples · 1,207,960,489 bytes read
  Partitioned compression: HG005_GRCh38_r1000000: rdf-scan heartbeat — 9,487,783 triples · 1,275,069,390 bytes read
  Partitioned compression: HG005_GRCh38_r1000000: rdf-scan chunk — 9,912,069 triples · 10 chunks · 1,342,178,023 bytes read
  Partitioned compression: HG005_GRCh38_r1000000: hdt-chunks started — 9 chunks · hdt-build-00009
  Partitioned compression: HG005_GRCh38_r1000000: hdt-chunks complete — 10 chunks · hdt-build-00009
  Partitioned compression: HG005_GRCh38_r1000000: rdf-scan heartbeat — 9,912,071 triples · 1,342,178,321 bytes read
  Partitioned compression: HG005_GRCh38_r1000000: rdf-scan heartbeat — 10,336,366 triples · 1,409,287,284 bytes read
  Partitioned compression: HG005_GRCh38_r1000000: rdf-scan chunk — 10,760,644 triples · 11 chunks · 1,476,395,756 bytes read
  Partitioned compression: HG005_GRCh38_r1000000: hdt-chunks started — 10 chunks · hdt-build-00010
  Partitioned compression: HG005_GRCh38_r1000000: hdt-chunks complete — 11 chunks · hdt-build-00010
  Partitioned compression: HG005_GRCh38_r1000000: rdf-scan heartbeat — 10,760,647 triples · 1,476,396,248 bytes read
  Partitioned compression: HG005_GRCh38_r1000000: rdf-scan heartbeat — 11,184,948 triples · 1,543,505,184 bytes read
  Partitioned compression: HG005_GRCh38_r1000000: rdf-scan chunk — 11,609,237 triples · 12 chunks · 1,610,613,648 bytes read
  Partitioned compression: HG005_GRCh38_r1000000: hdt-chunks started — 11 chunks · hdt-build-00011
  Partitioned compression: HG005_GRCh38_r1000000: hdt-chunks complete — 12 chunks · hdt-build-00011
  Partitioned compression: HG005_GRCh38_r1000000: rdf-scan heartbeat — 11,609,240 triples · 1,610,614,143 bytes read
  Partitioned compression: HG005_GRCh38_r1000000: rdf-scan heartbeat — 12,033,527 triples · 1,677,723,110 bytes read
  Partitioned compression: HG005_GRCh38_r1000000: rdf-scan chunk — 12,457,805 triples · 13 chunks · 1,744,831,466 bytes read
  Partitioned compression: HG005_GRCh38_r1000000: hdt-chunks started — 12 chunks · hdt-build-00012
  Partitioned compression: HG005_GRCh38_r1000000: hdt-chunks complete — 13 chunks · hdt-build-00012
  Partitioned compression: HG005_GRCh38_r1000000: rdf-scan heartbeat — 12,457,809 triples · 1,744,832,077 bytes read
  Partitioned compression: HG005_GRCh38_r1000000: rdf-scan heartbeat — 12,881,515 triples · 1,811,941,030 bytes read
  Partitioned compression: HG005_GRCh38_r1000000: rdf-scan chunk — 13,302,546 triples · 14 chunks · 1,879,049,350 bytes read
  Partitioned compression: HG005_GRCh38_r1000000: hdt-chunks started — 13 chunks · hdt-build-00013
  Partitioned compression: HG005_GRCh38_r1000000: hdt-chunks complete — 14 chunks · hdt-build-00013
  Partitioned compression: HG005_GRCh38_r1000000: rdf-scan heartbeat — 13,302,550 triples · 1,879,049,976 bytes read
  Partitioned compression: HG005_GRCh38_r1000000: rdf-scan heartbeat — 13,723,625 triples · 1,946,158,905 bytes read
  Partitioned compression: HG005_GRCh38_r1000000: rdf-scan chunk — 14,144,681 triples · 15 chunks · 2,013,267,219 bytes read
  Partitioned compression: HG005_GRCh38_r1000000: hdt-chunks started — 14 chunks · hdt-build-00014
  Partitioned compression: HG005_GRCh38_r1000000: hdt-chunks complete — 15 chunks · hdt-build-00014
  Partitioned compression: HG005_GRCh38_r1000000: rdf-scan heartbeat — 14,144,685 triples · 2,013,267,834 bytes read
  Partitioned compression: HG005_GRCh38_r1000000: rdf-scan heartbeat — 14,565,751 triples · 2,080,376,809 bytes read
  Partitioned compression: HG005_GRCh38_r1000000: rdf-scan chunk — 14,986,790 triples · 16 chunks · 2,147,485,015 bytes read
  Partitioned compression: HG005_GRCh38_r1000000: hdt-chunks started — 15 chunks · hdt-build-00015
  Partitioned compression: HG005_GRCh38_r1000000: hdt-chunks complete — 16 chunks · hdt-build-00015
  Partitioned compression: HG005_GRCh38_r1000000: rdf-scan heartbeat — 14,986,794 triples · 2,147,485,692 bytes read
  Partitioned compression: HG005_GRCh38_r1000000: rdf-scan heartbeat — 15,407,931 triples · 2,214,594,595 bytes read
  Partitioned compression: HG005_GRCh38_r1000000: rdf-scan chunk — 15,828,970 triples · 17 chunks · 2,281,702,755 bytes read
  Partitioned compression: HG005_GRCh38_r1000000: hdt-chunks started — 16 chunks · hdt-build-00016
  Partitioned compression: HG005_GRCh38_r1000000: hdt-chunks complete — 17 chunks · hdt-build-00016
  Partitioned compression: HG005_GRCh38_r1000000: rdf-scan heartbeat — 15,828,975 triples · 2,281,703,552 bytes read
  Partitioned compression: HG005_GRCh38_r1000000: rdf-scan heartbeat — 16,250,040 triples · 2,348,812,523 bytes read
  Partitioned compression: HG005_GRCh38_r1000000: rdf-scan chunk — 16,671,086 triples · 18 chunks · 2,415,920,612 bytes read
  Partitioned compression: HG005_GRCh38_r1000000: hdt-chunks started — 17 chunks · hdt-build-00017
  Partitioned compression: HG005_GRCh38_r1000000: hdt-chunks complete — 18 chunks · hdt-build-00017
  Partitioned compression: HG005_GRCh38_r1000000: rdf-scan heartbeat — 16,671,091 triples · 2,415,921,412 bytes read
  Partitioned compression: HG005_GRCh38_r1000000: rdf-scan heartbeat — 17,092,151 triples · 2,483,030,341 bytes read
  Partitioned compression: HG005_GRCh38_r1000000: rdf-scan chunk — 17,513,209 triples · 19 chunks · 2,550,138,496 bytes read
  Partitioned compression: HG005_GRCh38_r1000000: hdt-chunks started — 18 chunks · hdt-build-00018
  Partitioned compression: HG005_GRCh38_r1000000: hdt-chunks complete — 19 chunks · hdt-build-00018
  Partitioned compression: HG005_GRCh38_r1000000: rdf-scan heartbeat — 17,513,214 triples · 2,550,139,292 bytes read
  Partitioned compression: HG005_GRCh38_r1000000: rdf-scan heartbeat — 17,934,268 triples · 2,617,248,163 bytes read
  Partitioned compression: HG005_GRCh38_r1000000: rdf-scan chunk — 18,355,326 triples · 20 chunks · 2,684,356,235 bytes read
  Partitioned compression: HG005_GRCh38_r1000000: hdt-chunks started — 19 chunks · hdt-build-00019
  Partitioned compression: HG005_GRCh38_r1000000: hdt-chunks complete — 20 chunks · hdt-build-00019
  Partitioned compression: HG005_GRCh38_r1000000: rdf-scan heartbeat — 18,355,331 triples · 2,684,357,032 bytes read
  Partitioned compression: HG005_GRCh38_r1000000: rdf-scan heartbeat — 18,776,386 triples · 2,751,465,915 bytes read
  Partitioned compression: HG005_GRCh38_r1000000: rdf-scan chunk — 19,197,431 triples · 21 chunks · 2,818,574,026 bytes read
  Partitioned compression: HG005_GRCh38_r1000000: hdt-chunks started — 20 chunks · hdt-build-00020
  Partitioned compression: HG005_GRCh38_r1000000: hdt-chunks complete — 21 chunks · hdt-build-00020
  Partitioned compression: HG005_GRCh38_r1000000: rdf-scan heartbeat — 19,197,436 triples · 2,818,574,819 bytes read
  Partitioned compression: HG005_GRCh38_r1000000: rdf-scan heartbeat — 19,618,484 triples · 2,885,683,787 bytes read
  Partitioned compression: HG005_GRCh38_r1000000: rdf-scan chunk — 20,039,518 triples · 22 chunks · 2,952,791,918 bytes read
  Partitioned compression: HG005_GRCh38_r1000000: hdt-chunks started — 21 chunks · hdt-build-00021
  Partitioned compression: HG005_GRCh38_r1000000: hdt-chunks complete — 22 chunks · hdt-build-00021
  Partitioned compression: HG005_GRCh38_r1000000: rdf-scan heartbeat — 20,039,523 triples · 2,952,792,724 bytes read
  Partitioned compression: HG005_GRCh38_r1000000: rdf-scan heartbeat — 20,460,567 triples · 3,019,901,626 bytes read
  Partitioned compression: HG005_GRCh38_r1000000: rdf-scan chunk — 20,881,600 triples · 23 chunks · 3,087,009,693 bytes read
  Partitioned compression: HG005_GRCh38_r1000000: hdt-chunks started — 22 chunks · hdt-build-00022
  Partitioned compression: HG005_GRCh38_r1000000: hdt-chunks complete — 23 chunks · hdt-build-00022
  Partitioned compression: HG005_GRCh38_r1000000: rdf-scan heartbeat — 20,881,605 triples · 3,087,010,491 bytes read
  Partitioned compression: HG005_GRCh38_r1000000: rdf-scan heartbeat — 21,302,660 triples · 3,154,119,445 bytes read
  Partitioned compression: HG005_GRCh38_r1000000: rdf-scan chunk — 21,723,704 triples · 24 chunks · 3,221,227,539 bytes read
  Partitioned compression: HG005_GRCh38_r1000000: hdt-chunks started — 23 chunks · hdt-build-00023
  Partitioned compression: HG005_GRCh38_r1000000: hdt-chunks complete — 24 chunks · hdt-build-00023
  Partitioned compression: HG005_GRCh38_r1000000: rdf-scan heartbeat — 21,723,709 triples · 3,221,228,332 bytes read
  Partitioned compression: HG005_GRCh38_r1000000: rdf-scan heartbeat — 22,144,766 triples · 3,288,337,291 bytes read
  Partitioned compression: HG005_GRCh38_r1000000: rdf-scan chunk — 22,565,835 triples · 25 chunks · 3,355,445,279 bytes read
  Partitioned compression: HG005_GRCh38_r1000000: hdt-chunks started — 24 chunks · hdt-build-00024
  Partitioned compression: HG005_GRCh38_r1000000: hdt-chunks complete — 25 chunks · hdt-build-00024
  Partitioned compression: HG005_GRCh38_r1000000: rdf-scan heartbeat — 22,565,841 triples · 3,355,446,242 bytes read
  Partitioned compression: HG005_GRCh38_r1000000: rdf-scan heartbeat — 22,986,891 triples · 3,422,555,215 bytes read
  Partitioned compression: HG005_GRCh38_r1000000: rdf-scan chunk — 23,407,934 triples · 26 chunks · 3,489,663,086 bytes read
  Partitioned compression: HG005_GRCh38_r1000000: hdt-chunks started — 25 chunks · hdt-build-00025
  Partitioned compression: HG005_GRCh38_r1000000: hdt-chunks complete — 26 chunks · hdt-build-00025
  Partitioned compression: HG005_GRCh38_r1000000: rdf-scan heartbeat — 23,407,941 triples · 3,489,664,187 bytes read
  Partitioned compression: HG005_GRCh38_r1000000: rdf-scan heartbeat — 23,828,990 triples · 3,556,773,093 bytes read
  Partitioned compression: HG005_GRCh38_r1000000: rdf-scan chunk — 24,250,028 triples · 27 chunks · 3,623,880,822 bytes read
  Partitioned compression: HG005_GRCh38_r1000000: hdt-chunks started — 26 chunks · hdt-build-00026
  Partitioned compression: HG005_GRCh38_r1000000: hdt-chunks complete — 27 chunks · hdt-build-00026
  Partitioned compression: HG005_GRCh38_r1000000: rdf-scan heartbeat — 24,250,036 triples · 3,623,882,092 bytes read
  Partitioned compression: HG005_GRCh38_r1000000: rdf-scan heartbeat — 24,671,080 triples · 3,690,991,012 bytes read
  Partitioned compression: HG005_GRCh38_r1000000: rdf-scan chunk — 25,092,120 triples · 28 chunks · 3,758,098,663 bytes read
  Partitioned compression: HG005_GRCh38_r1000000: hdt-chunks started — 27 chunks · hdt-build-00027
  Partitioned compression: HG005_GRCh38_r1000000: hdt-chunks complete — 28 chunks · hdt-build-00027
  Partitioned compression: HG005_GRCh38_r1000000: rdf-scan heartbeat — 25,092,128 triples · 3,758,099,970 bytes read
  Partitioned compression: HG005_GRCh38_r1000000: rdf-scan heartbeat — 25,513,184 triples · 3,825,208,948 bytes read
  Partitioned compression: HG005_GRCh38_r1000000: rdf-scan chunk — 25,934,265 triples · 29 chunks · 3,892,316,466 bytes read
  Partitioned compression: HG005_GRCh38_r1000000: hdt-chunks started — 28 chunks · hdt-build-00028
  Partitioned compression: HG005_GRCh38_r1000000: hdt-chunks complete — 29 chunks · hdt-build-00028
  Partitioned compression: HG005_GRCh38_r1000000: rdf-scan heartbeat — 25,934,274 triples · 3,892,317,909 bytes read
  Partitioned compression: HG005_GRCh38_r1000000: rdf-scan heartbeat — 26,355,354 triples · 3,959,426,809 bytes read
  Partitioned compression: HG005_GRCh38_r1000000: rdf-scan chunk — 26,776,396 triples · 30 chunks · 4,026,534,235 bytes read
  Partitioned compression: HG005_GRCh38_r1000000: hdt-chunks started — 29 chunks · hdt-build-00029
  Partitioned compression: HG005_GRCh38_r1000000: hdt-chunks complete — 30 chunks · hdt-build-00029
  Partitioned compression: HG005_GRCh38_r1000000: rdf-scan heartbeat — 26,776,406 triples · 4,026,535,828 bytes read
  Partitioned compression: HG005_GRCh38_r1000000: rdf-scan heartbeat — 27,197,470 triples · 4,093,644,739 bytes read
  Partitioned compression: HG005_GRCh38_r1000000: rdf-scan chunk — 27,618,516 triples · 31 chunks · 4,160,752,109 bytes read
  Partitioned compression: HG005_GRCh38_r1000000: hdt-chunks started — 30 chunks · hdt-build-00030
  Partitioned compression: HG005_GRCh38_r1000000: hdt-chunks complete — 31 chunks · hdt-build-00030
  Partitioned compression: HG005_GRCh38_r1000000: rdf-scan heartbeat — 27,618,526 triples · 4,160,753,704 bytes read
  Partitioned compression: HG005_GRCh38_r1000000: rdf-scan heartbeat — 28,039,574 triples · 4,227,862,654 bytes read
  Partitioned compression: HG005_GRCh38_r1000000: rdf-scan chunk — 28,460,621 triples · 32 chunks · 4,294,969,963 bytes read
  Partitioned compression: HG005_GRCh38_r1000000: hdt-chunks started — 31 chunks · hdt-build-00031
  Partitioned compression: HG005_GRCh38_r1000000: hdt-chunks complete — 32 chunks · hdt-build-00031
  Partitioned compression: HG005_GRCh38_r1000000: rdf-scan heartbeat — 28,460,631 triples · 4,294,971,569 bytes read
  Partitioned compression: HG005_GRCh38_r1000000: rdf-scan heartbeat — 28,881,686 triples · 4,362,080,460 bytes read
  Partitioned compression: HG005_GRCh38_r1000000: rdf-scan chunk — 29,302,722 triples · 33 chunks · 4,429,187,821 bytes read
  Partitioned compression: HG005_GRCh38_r1000000: hdt-chunks started — 32 chunks · hdt-build-00032
  Partitioned compression: HG005_GRCh38_r1000000: hdt-chunks complete — 33 chunks · hdt-build-00032
  Partitioned compression: HG005_GRCh38_r1000000: rdf-scan heartbeat — 29,302,732 triples · 4,429,189,417 bytes read
  Partitioned compression: HG005_GRCh38_r1000000: rdf-scan heartbeat — 29,723,771 triples · 4,496,298,292 bytes read
  Partitioned compression: HG005_GRCh38_r1000000: rdf-scan chunk — 30,144,828 triples · 34 chunks · 4,563,405,644 bytes read
  Partitioned compression: HG005_GRCh38_r1000000: hdt-chunks started — 33 chunks · hdt-build-00033
  Partitioned compression: HG005_GRCh38_r1000000: hdt-chunks complete — 34 chunks · hdt-build-00033
  Partitioned compression: HG005_GRCh38_r1000000: rdf-scan heartbeat — 30,144,838 triples · 4,563,407,235 bytes read
  Partitioned compression: HG005_GRCh38_r1000000: rdf-scan heartbeat — 30,565,912 triples · 4,630,516,102 bytes read
  Partitioned compression: HG005_GRCh38_r1000000: rdf-scan chunk — 30,986,983 triples · 35 chunks · 4,697,623,463 bytes read
  Partitioned compression: HG005_GRCh38_r1000000: hdt-chunks started — 34 chunks · hdt-build-00034
  Partitioned compression: HG005_GRCh38_r1000000: hdt-chunks complete — 35 chunks · hdt-build-00034
  Partitioned compression: HG005_GRCh38_r1000000: rdf-scan heartbeat — 30,986,993 triples · 4,697,625,055 bytes read
  Partitioned compression: HG005_GRCh38_r1000000: rdf-scan heartbeat — 31,408,042 triples · 4,764,734,032 bytes read
  Partitioned compression: HG005_GRCh38_r1000000: rdf-scan chunk — 31,829,072 triples · 36 chunks · 4,831,841,351 bytes read
  Partitioned compression: HG005_GRCh38_r1000000: hdt-chunks started — 35 chunks · hdt-build-00035
  Partitioned compression: HG005_GRCh38_r1000000: hdt-chunks complete — 36 chunks · hdt-build-00035
  Partitioned compression: HG005_GRCh38_r1000000: rdf-scan heartbeat — 31,829,082 triples · 4,831,842,906 bytes read
  Partitioned compression: HG005_GRCh38_r1000000: rdf-scan heartbeat — 32,250,136 triples · 4,898,951,907 bytes read
  Partitioned compression: HG005_GRCh38_r1000000: rdf-scan chunk — 32,671,161 triples · 37 chunks · 4,966,059,092 bytes read
  Partitioned compression: HG005_GRCh38_r1000000: hdt-chunks started — 36 chunks · hdt-build-00036
  Partitioned compression: HG005_GRCh38_r1000000: hdt-chunks complete — 37 chunks · hdt-build-00036
  Partitioned compression: HG005_GRCh38_r1000000: rdf-scan heartbeat — 32,671,172 triples · 4,966,060,836 bytes read
  Partitioned compression: HG005_GRCh38_r1000000: rdf-scan heartbeat — 33,092,204 triples · 5,033,169,789 bytes read
  Partitioned compression: HG005_GRCh38_r1000000: rdf-scan chunk — 33,513,213 triples · 38 chunks · 5,100,276,903 bytes read
  Partitioned compression: HG005_GRCh38_r1000000: hdt-chunks started — 37 chunks · hdt-build-00037
  Partitioned compression: HG005_GRCh38_r1000000: hdt-chunks complete — 38 chunks · hdt-build-00037
  Partitioned compression: HG005_GRCh38_r1000000: rdf-scan heartbeat — 33,513,225 triples · 5,100,278,810 bytes read
  Partitioned compression: HG005_GRCh38_r1000000: rdf-scan heartbeat — 33,934,251 triples · 5,167,387,684 bytes read
  Partitioned compression: HG005_GRCh38_r1000000: rdf-scan chunk — 34,355,295 triples · 39 chunks · 5,234,494,729 bytes read
  Partitioned compression: HG005_GRCh38_r1000000: hdt-chunks started — 38 chunks · hdt-build-00038
  Partitioned compression: HG005_GRCh38_r1000000: hdt-chunks complete — 39 chunks · hdt-build-00038
  Partitioned compression: HG005_GRCh38_r1000000: rdf-scan heartbeat — 34,355,307 triples · 5,234,496,666 bytes read
  Partitioned compression: HG005_GRCh38_r1000000: rdf-scan heartbeat — 34,776,355 triples · 5,301,605,630 bytes read
  Partitioned compression: HG005_GRCh38_r1000000: rdf-scan chunk — 35,197,405 triples · 40 chunks · 5,368,712,506 bytes read
  Partitioned compression: HG005_GRCh38_r1000000: hdt-chunks started — 39 chunks · hdt-build-00039
  Partitioned compression: HG005_GRCh38_r1000000: hdt-chunks complete — 40 chunks · hdt-build-00039
  Partitioned compression: HG005_GRCh38_r1000000: rdf-scan heartbeat — 35,197,418 triples · 5,368,714,569 bytes read
  Partitioned compression: HG005_GRCh38_r1000000: rdf-scan heartbeat — 35,618,462 triples · 5,435,823,525 bytes read
  Partitioned compression: HG005_GRCh38_r1000000: rdf-scan chunk — 36,039,510 triples · 41 chunks · 5,502,930,237 bytes read
  Partitioned compression: HG005_GRCh38_r1000000: hdt-chunks started — 40 chunks · hdt-build-00040
  Partitioned compression: HG005_GRCh38_r1000000: hdt-chunks complete — 41 chunks · hdt-build-00040
  Partitioned compression: HG005_GRCh38_r1000000: rdf-scan heartbeat — 36,039,524 triples · 5,502,932,465 bytes read
  Partitioned compression: HG005_GRCh38_r1000000: rdf-scan heartbeat — 36,460,590 triples · 5,570,041,434 bytes read
  Partitioned compression: HG005_GRCh38_r1000000: rdf-scan chunk — 36,881,639 triples · 42 chunks · 5,637,148,116 bytes read
  Partitioned compression: HG005_GRCh38_r1000000: hdt-chunks started — 41 chunks · hdt-build-00041
  Partitioned compression: HG005_GRCh38_r1000000: hdt-chunks complete — 42 chunks · hdt-build-00041
  Partitioned compression: HG005_GRCh38_r1000000: rdf-scan heartbeat — 36,881,653 triples · 5,637,150,338 bytes read
  Partitioned compression: HG005_GRCh38_r1000000: rdf-scan heartbeat — 37,302,718 triples · 5,704,259,277 bytes read
  Partitioned compression: HG005_GRCh38_r1000000: rdf-scan chunk — 37,723,767 triples · 43 chunks · 5,771,365,910 bytes read
  Partitioned compression: HG005_GRCh38_r1000000: hdt-chunks started — 42 chunks · hdt-build-00042
  Partitioned compression: HG005_GRCh38_r1000000: hdt-chunks complete — 43 chunks · hdt-build-00042
  Partitioned compression: HG005_GRCh38_r1000000: rdf-scan heartbeat — 37,723,782 triples · 5,771,368,310 bytes read
  Partitioned compression: HG005_GRCh38_r1000000: rdf-scan heartbeat — 38,144,842 triples · 5,838,477,338 bytes read
  Partitioned compression: HG005_GRCh38_r1000000: rdf-scan chunk — 38,565,863 triples · 44 chunks · 5,905,583,748 bytes read
  Partitioned compression: HG005_GRCh38_r1000000: hdt-chunks started — 43 chunks · hdt-build-00043
  Partitioned compression: HG005_GRCh38_r1000000: hdt-chunks complete — 44 chunks · hdt-build-00043
  Partitioned compression: HG005_GRCh38_r1000000: rdf-scan heartbeat — 38,565,879 triples · 5,905,586,262 bytes read
  Partitioned compression: HG005_GRCh38_r1000000: rdf-scan heartbeat — 38,986,927 triples · 5,972,695,186 bytes read
  Partitioned compression: HG005_GRCh38_r1000000: rdf-scan chunk — 39,407,980 triples · 45 chunks · 6,039,801,628 bytes read
  Partitioned compression: HG005_GRCh38_r1000000: hdt-chunks started — 44 chunks · hdt-build-00044
  Partitioned compression: HG005_GRCh38_r1000000: hdt-chunks complete — 45 chunks · hdt-build-00044
  Partitioned compression: HG005_GRCh38_r1000000: rdf-scan heartbeat — 39,407,996 triples · 6,039,804,191 bytes read
  Partitioned compression: HG005_GRCh38_r1000000: rdf-scan heartbeat — 39,829,044 triples · 6,106,913,132 bytes read
  Partitioned compression: HG005_GRCh38_r1000000: rdf-scan chunk — 40,250,067 triples · 46 chunks · 6,174,019,370 bytes read
  Partitioned compression: HG005_GRCh38_r1000000: hdt-chunks started — 45 chunks · hdt-build-00045
  Partitioned compression: HG005_GRCh38_r1000000: hdt-chunks complete — 46 chunks · hdt-build-00045
  Partitioned compression: HG005_GRCh38_r1000000: rdf-scan heartbeat — 40,250,084 triples · 6,174,022,066 bytes read
  Partitioned compression: HG005_GRCh38_r1000000: rdf-scan heartbeat — 40,671,146 triples · 6,241,131,089 bytes read
  Partitioned compression: HG005_GRCh38_r1000000: rdf-scan chunk — 41,092,163 triples · 47 chunks · 6,308,237,155 bytes read
  Partitioned compression: HG005_GRCh38_r1000000: hdt-chunks started — 46 chunks · hdt-build-00046
  Partitioned compression: HG005_GRCh38_r1000000: hdt-chunks complete — 47 chunks · hdt-build-00046
  Partitioned compression: HG005_GRCh38_r1000000: rdf-scan heartbeat — 41,092,181 triples · 6,308,240,050 bytes read
  Partitioned compression: HG005_GRCh38_r1000000: rdf-scan heartbeat — 41,513,211 triples · 6,375,349,011 bytes read
  Partitioned compression: HG005_GRCh38_r1000000: rdf-scan chunk — 41,934,257 triples · 48 chunks · 6,442,454,918 bytes read
  Partitioned compression: HG005_GRCh38_r1000000: hdt-chunks started — 47 chunks · hdt-build-00047
  Partitioned compression: HG005_GRCh38_r1000000: hdt-chunks complete — 48 chunks · hdt-build-00047
  Partitioned compression: HG005_GRCh38_r1000000: rdf-scan heartbeat — 41,934,276 triples · 6,442,457,958 bytes read
  Partitioned compression: HG005_GRCh38_r1000000: rdf-scan heartbeat — 42,355,324 triples · 6,509,566,882 bytes read
  Partitioned compression: HG005_GRCh38_r1000000: rdf-scan chunk — 42,776,333 triples · 49 chunks · 6,576,672,780 bytes read
  Partitioned compression: HG005_GRCh38_r1000000: hdt-chunks started — 48 chunks · hdt-build-00048
  Partitioned compression: HG005_GRCh38_r1000000: hdt-chunks complete — 49 chunks · hdt-build-00048
  Partitioned compression: HG005_GRCh38_r1000000: rdf-scan heartbeat — 42,776,352 triples · 6,576,675,810 bytes read
  Partitioned compression: HG005_GRCh38_r1000000: rdf-scan heartbeat — 43,197,407 triples · 6,643,784,812 bytes read
  Partitioned compression: HG005_GRCh38_r1000000: rdf-scan chunk — 43,618,425 triples · 50 chunks · 6,710,890,568 bytes read
  Partitioned compression: HG005_GRCh38_r1000000: hdt-chunks started — 49 chunks · hdt-build-00049
  Partitioned compression: HG005_GRCh38_r1000000: hdt-chunks complete — 50 chunks · hdt-build-00049
  Partitioned compression: HG005_GRCh38_r1000000: rdf-scan heartbeat — 43,618,445 triples · 6,710,893,723 bytes read
  Partitioned compression: HG005_GRCh38_r1000000: rdf-scan heartbeat — 44,039,501 triples · 6,778,002,624 bytes read
  Partitioned compression: HG005_GRCh38_r1000000: rdf-scan chunk — 44,460,518 triples · 51 chunks · 6,845,108,447 bytes read
  Partitioned compression: HG005_GRCh38_r1000000: hdt-chunks started — 50 chunks · hdt-build-00050
  Partitioned compression: HG005_GRCh38_r1000000: hdt-chunks complete — 51 chunks · hdt-build-00050
  Partitioned compression: HG005_GRCh38_r1000000: rdf-scan heartbeat — 44,460,538 triples · 6,845,111,649 bytes read
  Partitioned compression: HG005_GRCh38_r1000000: rdf-scan heartbeat — 44,881,595 triples · 6,912,220,612 bytes read
  Partitioned compression: HG005_GRCh38_r1000000: rdf-scan chunk — 45,302,639 triples · 52 chunks · 6,979,326,304 bytes read
  Partitioned compression: HG005_GRCh38_r1000000: hdt-chunks started — 51 chunks · hdt-build-00051
  Partitioned compression: HG005_GRCh38_r1000000: hdt-chunks complete — 52 chunks · hdt-build-00051
  Partitioned compression: HG005_GRCh38_r1000000: rdf-scan heartbeat — 45,302,659 triples · 6,979,329,499 bytes read
  Partitioned compression: HG005_GRCh38_r1000000: rdf-scan heartbeat — 45,723,711 triples · 7,046,438,400 bytes read
  Partitioned compression: HG005_GRCh38_r1000000: rdf-scan chunk — 46,144,714 triples · 53 chunks · 7,113,544,181 bytes read
  Partitioned compression: HG005_GRCh38_r1000000: hdt-chunks started — 52 chunks · hdt-build-00052
  Partitioned compression: HG005_GRCh38_r1000000: hdt-chunks complete — 53 chunks · hdt-build-00052
  Partitioned compression: HG005_GRCh38_r1000000: rdf-scan heartbeat — 46,144,734 triples · 7,113,547,377 bytes read
  Partitioned compression: HG005_GRCh38_r1000000: rdf-scan heartbeat — 46,565,796 triples · 7,180,656,255 bytes read
  Partitioned compression: HG005_GRCh38_r1000000: rdf-scan chunk — 46,986,821 triples · 54 chunks · 7,247,761,973 bytes read
  Partitioned compression: HG005_GRCh38_r1000000: hdt-chunks started — 53 chunks · hdt-build-00053
  Partitioned compression: HG005_GRCh38_r1000000: hdt-chunks complete — 54 chunks · hdt-build-00053
  Partitioned compression: HG005_GRCh38_r1000000: rdf-scan heartbeat — 46,986,841 triples · 7,247,765,140 bytes read
  Partitioned compression: HG005_GRCh38_r1000000: rdf-scan heartbeat — 47,401,667 triples · 7,314,874,082 bytes read
  Partitioned compression: HG005_GRCh38_r1000000: rdf-scan chunk — 47,814,477 triples · 55 chunks · 7,381,979,736 bytes read
  Partitioned compression: HG005_GRCh38_r1000000: hdt-chunks started — 54 chunks · hdt-build-00054
  Partitioned compression: HG005_GRCh38_r1000000: hdt-chunks complete — 55 chunks · hdt-build-00054
  Partitioned compression: HG005_GRCh38_r1000000: rdf-scan heartbeat — 47,814,498 triples · 7,381,983,039 bytes read
  Partitioned compression: HG005_GRCh38_r1000000: rdf-scan heartbeat — 48,225,226 triples · 7,449,092,049 bytes read
  Partitioned compression: HG005_GRCh38_r1000000: rdf-scan chunk — 48,635,440 triples · 56 chunks · 7,516,197,519 bytes read
  Partitioned compression: HG005_GRCh38_r1000000: hdt-chunks started — 55 chunks · hdt-build-00055
  Partitioned compression: HG005_GRCh38_r1000000: hdt-chunks complete — 56 chunks · hdt-build-00055
  Partitioned compression: HG005_GRCh38_r1000000: rdf-scan heartbeat — 48,635,462 triples · 7,516,201,001 bytes read
  Partitioned compression: HG005_GRCh38_r1000000: rdf-scan heartbeat — 49,045,473 triples · 7,583,309,982 bytes read
  Partitioned compression: HG005_GRCh38_r1000000: rdf-scan chunk — 49,455,146 triples · 57 chunks · 7,650,415,288 bytes read
  Partitioned compression: HG005_GRCh38_r1000000: hdt-chunks started — 56 chunks · hdt-build-00056
  Partitioned compression: HG005_GRCh38_r1000000: hdt-chunks complete — 57 chunks · hdt-build-00056
  Partitioned compression: HG005_GRCh38_r1000000: rdf-scan heartbeat — 49,455,166 triples · 7,650,418,871 bytes read
  Partitioned compression: HG005_GRCh38_r1000000: rdf-scan heartbeat — 49,865,227 triples · 7,717,527,779 bytes read
  Partitioned compression: HG005_GRCh38_r1000000: rdf-scan chunk — 50,275,165 triples · 58 chunks · 7,784,633,168 bytes read
  Partitioned compression: HG005_GRCh38_r1000000: hdt-chunks started — 57 chunks · hdt-build-00057
  Partitioned compression: HG005_GRCh38_r1000000: hdt-chunks complete — 58 chunks · hdt-build-00057
  Partitioned compression: HG005_GRCh38_r1000000: rdf-scan heartbeat — 50,275,187 triples · 7,784,636,792 bytes read
  Partitioned compression: HG005_GRCh38_r1000000: rdf-scan heartbeat — 50,685,063 triples · 7,851,745,721 bytes read
  Partitioned compression: HG005_GRCh38_r1000000: rdf-scan chunk — 51,094,952 triples · 59 chunks · 7,918,850,983 bytes read
  Partitioned compression: HG005_GRCh38_r1000000: hdt-chunks started — 58 chunks · hdt-build-00058
  Partitioned compression: HG005_GRCh38_r1000000: hdt-chunks complete — 59 chunks · hdt-build-00058
  Partitioned compression: HG005_GRCh38_r1000000: rdf-scan heartbeat — 51,094,975 triples · 7,918,854,723 bytes read
  Partitioned compression: HG005_GRCh38_r1000000: rdf-scan heartbeat — 51,504,765 triples · 7,985,963,712 bytes read
  Partitioned compression: HG005_GRCh38_r1000000: rdf-scan chunk — 51,914,624 triples · 60 chunks · 8,053,068,861 bytes read
  Partitioned compression: HG005_GRCh38_r1000000: hdt-chunks started — 59 chunks · hdt-build-00059
  Partitioned compression: HG005_GRCh38_r1000000: hdt-chunks complete — 60 chunks · hdt-build-00059
  Partitioned compression: HG005_GRCh38_r1000000: rdf-scan heartbeat — 51,914,646 triples · 8,053,072,651 bytes read
  Partitioned compression: HG005_GRCh38_r1000000: rdf-scan heartbeat — 52,324,489 triples · 8,120,181,623 bytes read
  Partitioned compression: HG005_GRCh38_r1000000: rdf-scan chunk — 52,734,363 triples · 61 chunks · 8,187,286,646 bytes read
  Partitioned compression: HG005_GRCh38_r1000000: hdt-chunks started — 60 chunks · hdt-build-00060
  Partitioned compression: HG005_GRCh38_r1000000: hdt-chunks complete — 61 chunks · hdt-build-00060
  Partitioned compression: HG005_GRCh38_r1000000: rdf-scan heartbeat — 52,734,385 triples · 8,187,290,552 bytes read
  Partitioned compression: HG005_GRCh38_r1000000: rdf-scan heartbeat — 53,144,292 triples · 8,254,399,566 bytes read
  Partitioned compression: HG005_GRCh38_r1000000: rdf-scan chunk — 53,553,706 triples · 62 chunks · 8,321,504,491 bytes read
  Partitioned compression: HG005_GRCh38_r1000000: hdt-chunks started — 61 chunks · hdt-build-00061
  Partitioned compression: HG005_GRCh38_r1000000: hdt-chunks complete — 62 chunks · hdt-build-00061
  Partitioned compression: HG005_GRCh38_r1000000: rdf-scan heartbeat — 53,553,731 triples · 8,321,508,432 bytes read
  Partitioned compression: HG005_GRCh38_r1000000: rdf-scan heartbeat — 53,963,340 triples · 8,388,617,331 bytes read
  Partitioned compression: HG005_GRCh38_r1000000: rdf-scan chunk — 54,373,024 triples · 63 chunks · 8,455,722,312 bytes read
  Partitioned compression: HG005_GRCh38_r1000000: hdt-chunks started — 62 chunks · hdt-build-00062
  Partitioned compression: HG005_GRCh38_r1000000: hdt-chunks complete — 63 chunks · hdt-build-00062
  Partitioned compression: HG005_GRCh38_r1000000: rdf-scan heartbeat — 54,373,049 triples · 8,455,726,263 bytes read
  Partitioned compression: HG005_GRCh38_r1000000: rdf-scan heartbeat — 54,782,699 triples · 8,522,835,274 bytes read
  Partitioned compression: HG005_GRCh38_r1000000: rdf-scan chunk — 55,192,416 triples · 64 chunks · 8,589,940,182 bytes read
  Partitioned compression: HG005_GRCh38_r1000000: hdt-chunks started — 63 chunks · hdt-build-00063
  Partitioned compression: HG005_GRCh38_r1000000: hdt-chunks complete — 64 chunks · hdt-build-00063
  Partitioned compression: HG005_GRCh38_r1000000: rdf-scan heartbeat — 55,192,442 triples · 8,589,944,268 bytes read
  Partitioned compression: HG005_GRCh38_r1000000: rdf-scan heartbeat — 55,602,163 triples · 8,657,053,216 bytes read
  Partitioned compression: HG005_GRCh38_r1000000: rdf-scan chunk — 56,011,939 triples · 65 chunks · 8,724,157,969 bytes read
  Partitioned compression: HG005_GRCh38_r1000000: hdt-chunks started — 64 chunks · hdt-build-00064
  Partitioned compression: HG005_GRCh38_r1000000: hdt-chunks complete — 65 chunks · hdt-build-00064
  Partitioned compression: HG005_GRCh38_r1000000: rdf-scan heartbeat — 56,011,964 triples · 8,724,162,092 bytes read
  Partitioned compression: HG005_GRCh38_r1000000: rdf-scan heartbeat — 56,419,206 triples · 8,791,271,011 bytes read
  Partitioned compression: HG005_GRCh38_r1000000: rdf-scan chunk — 56,826,039 triples · 66 chunks · 8,858,375,771 bytes read
  Partitioned compression: HG005_GRCh38_r1000000: hdt-chunks started — 65 chunks · hdt-build-00065
  Partitioned compression: HG005_GRCh38_r1000000: hdt-chunks complete — 66 chunks · hdt-build-00065
  Partitioned compression: HG005_GRCh38_r1000000: rdf-scan heartbeat — 56,826,064 triples · 8,858,379,885 bytes read
  Partitioned compression: HG005_GRCh38_r1000000: rdf-scan heartbeat — 57,232,615 triples · 8,925,488,891 bytes read
  Partitioned compression: HG005_GRCh38_r1000000: rdf-scan chunk — 57,639,365 triples · 67 chunks · 8,992,593,504 bytes read
  Partitioned compression: HG005_GRCh38_r1000000: hdt-chunks started — 66 chunks · hdt-build-00066
  Partitioned compression: HG005_GRCh38_r1000000: hdt-chunks complete — 67 chunks · hdt-build-00066
  Partitioned compression: HG005_GRCh38_r1000000: rdf-scan heartbeat — 57,639,391 triples · 8,992,597,835 bytes read
  Partitioned compression: HG005_GRCh38_r1000000: rdf-scan heartbeat — 58,046,204 triples · 9,059,707,179 bytes read
  Partitioned compression: HG005_GRCh38_r1000000: rdf-scan chunk — 58,452,964 triples · 68 chunks · 9,126,811,261 bytes read
  Partitioned compression: HG005_GRCh38_r1000000: hdt-chunks started — 67 chunks · hdt-build-00067
  Partitioned compression: HG005_GRCh38_r1000000: hdt-chunks complete — 68 chunks · hdt-build-00067
  Partitioned compression: HG005_GRCh38_r1000000: rdf-scan heartbeat — 58,452,993 triples · 9,126,816,341 bytes read
  Partitioned compression: HG005_GRCh38_r1000000: rdf-scan heartbeat — 58,859,814 triples · 9,193,925,276 bytes read
  Partitioned compression: HG005_GRCh38_r1000000: rdf-scan chunk — 59,266,372 triples · 69 chunks · 9,261,028,992 bytes read
  Partitioned compression: HG005_GRCh38_r1000000: hdt-chunks started — 68 chunks · hdt-build-00068
  Partitioned compression: HG005_GRCh38_r1000000: hdt-chunks complete — 69 chunks · hdt-build-00068
  Partitioned compression: HG005_GRCh38_r1000000: rdf-scan heartbeat — 59,266,402 triples · 9,261,034,217 bytes read
  Partitioned compression: HG005_GRCh38_r1000000: rdf-scan heartbeat — 59,673,288 triples · 9,328,143,117 bytes read
  Partitioned compression: HG005_GRCh38_r1000000: rdf-scan chunk — 60,080,047 triples · 70 chunks · 9,395,246,772 bytes read
  Partitioned compression: HG005_GRCh38_r1000000: hdt-chunks started — 69 chunks · hdt-build-00069
  Partitioned compression: HG005_GRCh38_r1000000: hdt-chunks complete — 70 chunks · hdt-build-00069
  Partitioned compression: HG005_GRCh38_r1000000: rdf-scan heartbeat — 60,080,078 triples · 9,395,252,117 bytes read
  Partitioned compression: HG005_GRCh38_r1000000: rdf-scan heartbeat — 60,486,708 triples · 9,462,361,099 bytes read
  Partitioned compression: HG005_GRCh38_r1000000: rdf-scan chunk — 60,893,449 triples · 71 chunks · 9,529,464,563 bytes read
  Partitioned compression: HG005_GRCh38_r1000000: hdt-chunks started — 70 chunks · hdt-build-00070
  Partitioned compression: HG005_GRCh38_r1000000: hdt-chunks complete — 71 chunks · hdt-build-00070
  Partitioned compression: HG005_GRCh38_r1000000: rdf-scan heartbeat — 60,893,481 triples · 9,529,469,993 bytes read
  Partitioned compression: HG005_GRCh38_r1000000: rdf-scan heartbeat — 61,300,174 triples · 9,596,578,946 bytes read
  Partitioned compression: HG005_GRCh38_r1000000: rdf-scan chunk — 61,707,640 triples · 72 chunks · 9,663,682,385 bytes read
  Partitioned compression: HG005_GRCh38_r1000000: hdt-chunks started — 71 chunks · hdt-build-00071
  Partitioned compression: HG005_GRCh38_r1000000: hdt-chunks complete — 72 chunks · hdt-build-00071
  Partitioned compression: HG005_GRCh38_r1000000: rdf-scan heartbeat — 61,707,673 triples · 9,663,687,855 bytes read
  Partitioned compression: HG005_GRCh38_r1000000: rdf-scan heartbeat — 62,116,092 triples · 9,730,796,812 bytes read
  Partitioned compression: HG005_GRCh38_r1000000: rdf-scan chunk — 62,523,021 triples · 73 chunks · 9,797,900,228 bytes read
  Partitioned compression: HG005_GRCh38_r1000000: hdt-chunks started — 72 chunks · hdt-build-00072
  Partitioned compression: HG005_GRCh38_r1000000: hdt-chunks complete — 73 chunks · hdt-build-00072
  Partitioned compression: HG005_GRCh38_r1000000: rdf-scan heartbeat — 62,523,053 triples · 9,797,905,746 bytes read
  Partitioned compression: HG005_GRCh38_r1000000: rdf-scan heartbeat — 62,930,153 triples · 9,865,014,666 bytes read
  Partitioned compression: HG005_GRCh38_r1000000: rdf-scan chunk — 63,337,008 triples · 74 chunks · 9,932,118,128 bytes read
  Partitioned compression: HG005_GRCh38_r1000000: hdt-chunks started — 73 chunks · hdt-build-00073
  Partitioned compression: HG005_GRCh38_r1000000: hdt-chunks complete — 74 chunks · hdt-build-00073
  Partitioned compression: HG005_GRCh38_r1000000: rdf-scan heartbeat — 63,337,041 triples · 9,932,123,537 bytes read
  Partitioned compression: HG005_GRCh38_r1000000: rdf-scan heartbeat — 63,743,755 triples · 9,999,232,413 bytes read
  Partitioned compression: HG005_GRCh38_r1000000: rdf-scan chunk — 64,150,459 triples · 75 chunks · 10,066,335,985 bytes read
  Partitioned compression: HG005_GRCh38_r1000000: hdt-chunks started — 74 chunks · hdt-build-00074
  Partitioned compression: HG005_GRCh38_r1000000: hdt-chunks complete — 75 chunks · hdt-build-00074
  Partitioned compression: HG005_GRCh38_r1000000: rdf-scan heartbeat — 64,150,490 triples · 10,066,341,295 bytes read
  Partitioned compression: HG005_GRCh38_r1000000: rdf-scan heartbeat — 64,557,161 triples · 10,133,450,162 bytes read
  Partitioned compression: HG005_GRCh38_r1000000: rdf-scan chunk — 64,963,901 triples · 76 chunks · 10,200,553,816 bytes read
  Partitioned compression: HG005_GRCh38_r1000000: hdt-chunks started — 75 chunks · hdt-build-00075
  Partitioned compression: HG005_GRCh38_r1000000: hdt-chunks complete — 76 chunks · hdt-build-00075
  Partitioned compression: HG005_GRCh38_r1000000: rdf-scan heartbeat — 64,963,932 triples · 10,200,559,156 bytes read
  Partitioned compression: HG005_GRCh38_r1000000: rdf-scan heartbeat — 65,370,797 triples · 10,267,668,127 bytes read
  Partitioned compression: HG005_GRCh38_r1000000: rdf-scan chunk — 65,777,707 triples · 77 chunks · 10,334,771,634 bytes read
  Partitioned compression: HG005_GRCh38_r1000000: hdt-chunks started — 76 chunks · hdt-build-00076
  Partitioned compression: HG005_GRCh38_r1000000: hdt-chunks complete — 77 chunks · hdt-build-00076
  Partitioned compression: HG005_GRCh38_r1000000: rdf-scan heartbeat — 65,777,740 triples · 10,334,777,012 bytes read
  Partitioned compression: HG005_GRCh38_r1000000: rdf-scan heartbeat — 66,184,331 triples · 10,401,886,008 bytes read
  Partitioned compression: HG005_GRCh38_r1000000: rdf-scan chunk — 66,590,967 triples · 78 chunks · 10,468,989,484 bytes read
  Partitioned compression: HG005_GRCh38_r1000000: hdt-chunks started — 77 chunks · hdt-build-00077
  Partitioned compression: HG005_GRCh38_r1000000: hdt-chunks complete — 78 chunks · hdt-build-00077
  Partitioned compression: HG005_GRCh38_r1000000: rdf-scan heartbeat — 66,591,000 triples · 10,468,995,017 bytes read
  Partitioned compression: HG005_GRCh38_r1000000: rdf-scan heartbeat — 66,997,776 triples · 10,536,103,936 bytes read
  Partitioned compression: HG005_GRCh38_r1000000: rdf-scan chunk — 67,404,510 triples · 79 chunks · 10,603,207,337 bytes read
  Partitioned compression: HG005_GRCh38_r1000000: hdt-chunks started — 78 chunks · hdt-build-00078
  Partitioned compression: HG005_GRCh38_r1000000: hdt-chunks complete — 79 chunks · hdt-build-00078
  Partitioned compression: HG005_GRCh38_r1000000: rdf-scan heartbeat — 67,404,545 triples · 10,603,212,900 bytes read
  Partitioned compression: HG005_GRCh38_r1000000: rdf-scan heartbeat — 67,811,364 triples · 10,670,321,908 bytes read
  Partitioned compression: HG005_GRCh38_r1000000: rdf-scan chunk — 68,218,137 triples · 80 chunks · 10,737,425,068 bytes read
  Partitioned compression: HG005_GRCh38_r1000000: hdt-chunks started — 79 chunks · hdt-build-00079
  Partitioned compression: HG005_GRCh38_r1000000: hdt-chunks complete — 80 chunks · hdt-build-00079
  Partitioned compression: HG005_GRCh38_r1000000: rdf-scan heartbeat — 68,218,172 triples · 10,737,430,807 bytes read
  Partitioned compression: HG005_GRCh38_r1000000: rdf-scan heartbeat — 68,624,995 triples · 10,804,539,950 bytes read
  Partitioned compression: HG005_GRCh38_r1000000: rdf-scan chunk — 69,031,886 triples · 81 chunks · 10,871,642,869 bytes read
  Partitioned compression: HG005_GRCh38_r1000000: hdt-chunks started — 80 chunks · hdt-build-00080
  Partitioned compression: HG005_GRCh38_r1000000: hdt-chunks complete — 81 chunks · hdt-build-00080
  Partitioned compression: HG005_GRCh38_r1000000: rdf-scan heartbeat — 69,031,923 triples · 10,871,648,940 bytes read
  Partitioned compression: HG005_GRCh38_r1000000: rdf-scan heartbeat — 69,438,605 triples · 10,938,757,812 bytes read
  Partitioned compression: HG005_GRCh38_r1000000: rdf-scan chunk — 69,845,356 triples · 82 chunks · 11,005,860,647 bytes read
  Partitioned compression: HG005_GRCh38_r1000000: hdt-chunks started — 81 chunks · hdt-build-00081
  Partitioned compression: HG005_GRCh38_r1000000: hdt-chunks complete — 82 chunks · hdt-build-00081
  Partitioned compression: HG005_GRCh38_r1000000: rdf-scan heartbeat — 69,845,392 triples · 11,005,866,735 bytes read
  Partitioned compression: HG005_GRCh38_r1000000: rdf-scan heartbeat — 70,252,130 triples · 11,072,975,621 bytes read
  Partitioned compression: HG005_GRCh38_r1000000: rdf-scan chunk — 70,658,722 triples · 83 chunks · 11,140,078,378 bytes read
  Partitioned compression: HG005_GRCh38_r1000000: hdt-chunks started — 82 chunks · hdt-build-00082
  Partitioned compression: HG005_GRCh38_r1000000: hdt-chunks complete — 83 chunks · hdt-build-00082
  Partitioned compression: HG005_GRCh38_r1000000: rdf-scan heartbeat — 70,658,759 triples · 11,140,084,647 bytes read
  Partitioned compression: HG005_GRCh38_r1000000: rdf-scan heartbeat — 71,065,369 triples · 11,207,193,644 bytes read
  Partitioned compression: HG005_GRCh38_r1000000: rdf-scan chunk — 71,471,890 triples · 84 chunks · 11,274,296,163 bytes read
  Partitioned compression: HG005_GRCh38_r1000000: hdt-chunks started — 83 chunks · hdt-build-00083
  Partitioned compression: HG005_GRCh38_r1000000: hdt-chunks complete — 84 chunks · hdt-build-00083
  Partitioned compression: HG005_GRCh38_r1000000: rdf-scan heartbeat — 71,471,927 triples · 11,274,302,524 bytes read
  Partitioned compression: HG005_GRCh38_r1000000: rdf-scan heartbeat — 71,878,889 triples · 11,341,411,540 bytes read
  Partitioned compression: HG005_GRCh38_r1000000: rdf-scan chunk — 72,285,681 triples · 85 chunks · 11,408,513,961 bytes read
  Partitioned compression: HG005_GRCh38_r1000000: hdt-chunks started — 84 chunks · hdt-build-00084
  Partitioned compression: HG005_GRCh38_r1000000: hdt-chunks complete — 85 chunks · hdt-build-00084
  Partitioned compression: HG005_GRCh38_r1000000: rdf-scan heartbeat — 72,285,721 triples · 11,408,520,531 bytes read
  Partitioned compression: HG005_GRCh38_r1000000: rdf-scan heartbeat — 72,692,441 triples · 11,475,629,480 bytes read
  Partitioned compression: HG005_GRCh38_r1000000: rdf-scan chunk — 73,099,001 triples · 86 chunks · 11,542,731,779 bytes read
  Partitioned compression: HG005_GRCh38_r1000000: hdt-chunks started — 85 chunks · hdt-build-00085
  Partitioned compression: HG005_GRCh38_r1000000: hdt-chunks complete — 86 chunks · hdt-build-00085
  Partitioned compression: HG005_GRCh38_r1000000: rdf-scan heartbeat — 73,099,040 triples · 11,542,738,380 bytes read
  Partitioned compression: HG005_GRCh38_r1000000: rdf-scan heartbeat — 73,505,809 triples · 11,609,847,329 bytes read
  Partitioned compression: HG005_GRCh38_r1000000: rdf-scan chunk — 73,912,476 triples · 87 chunks · 11,676,949,651 bytes read
  Partitioned compression: HG005_GRCh38_r1000000: hdt-chunks started — 86 chunks · hdt-build-00086
  Partitioned compression: HG005_GRCh38_r1000000: hdt-chunks complete — 87 chunks · hdt-build-00086
  Partitioned compression: HG005_GRCh38_r1000000: rdf-scan heartbeat — 73,912,516 triples · 11,676,956,211 bytes read
  Partitioned compression: HG005_GRCh38_r1000000: rdf-scan heartbeat — 74,319,429 triples · 11,744,065,141 bytes read
  Partitioned compression: HG005_GRCh38_r1000000: rdf-scan chunk — 74,726,327 triples · 88 chunks · 11,811,167,473 bytes read
  Partitioned compression: HG005_GRCh38_r1000000: hdt-chunks started — 87 chunks · hdt-build-00087
  Partitioned compression: HG005_GRCh38_r1000000: hdt-chunks complete — 88 chunks · hdt-build-00087
  Partitioned compression: HG005_GRCh38_r1000000: rdf-scan heartbeat — 74,726,368 triples · 11,811,174,148 bytes read
  Partitioned compression: HG005_GRCh38_r1000000: rdf-scan heartbeat — 75,133,185 triples · 11,878,283,059 bytes read
  Partitioned compression: HG005_GRCh38_r1000000: rdf-scan chunk — 75,540,500 triples · 89 chunks · 11,945,385,209 bytes read
  Partitioned compression: HG005_GRCh38_r1000000: hdt-chunks started — 88 chunks · hdt-build-00088
  Partitioned compression: HG005_GRCh38_r1000000: hdt-chunks complete — 89 chunks · hdt-build-00088
  Partitioned compression: HG005_GRCh38_r1000000: rdf-scan heartbeat — 75,540,542 triples · 11,945,392,072 bytes read
  Partitioned compression: HG005_GRCh38_r1000000: rdf-scan heartbeat — 75,947,400 triples · 12,012,500,993 bytes read
  Partitioned compression: HG005_GRCh38_r1000000: rdf-scan chunk — 76,353,908 triples · 90 chunks · 12,079,602,952 bytes read
  Partitioned compression: HG005_GRCh38_r1000000: hdt-chunks started — 89 chunks · hdt-build-00089
  Partitioned compression: HG005_GRCh38_r1000000: hdt-chunks complete — 90 chunks · hdt-build-00089
  Partitioned compression: HG005_GRCh38_r1000000: rdf-scan heartbeat — 76,353,951 triples · 12,079,609,894 bytes read
  Partitioned compression: HG005_GRCh38_r1000000: rdf-scan heartbeat — 76,760,513 triples · 12,146,718,830 bytes read
  Partitioned compression: HG005_GRCh38_r1000000: rdf-scan chunk — 77,167,182 triples · 91 chunks · 12,213,820,714 bytes read
  Partitioned compression: HG005_GRCh38_r1000000: hdt-chunks started — 90 chunks · hdt-build-00090
  Partitioned compression: HG005_GRCh38_r1000000: hdt-chunks complete — 91 chunks · hdt-build-00090
  Partitioned compression: HG005_GRCh38_r1000000: rdf-scan heartbeat — 77,167,225 triples · 12,213,827,713 bytes read
  Partitioned compression: HG005_GRCh38_r1000000: rdf-scan heartbeat — 77,573,915 triples · 12,280,936,658 bytes read
  Partitioned compression: HG005_GRCh38_r1000000: rdf-scan chunk — 77,980,338 triples · 92 chunks · 12,348,038,549 bytes read
  Partitioned compression: HG005_GRCh38_r1000000: hdt-chunks started — 91 chunks · hdt-build-00091
  Partitioned compression: HG005_GRCh38_r1000000: hdt-chunks complete — 92 chunks · hdt-build-00091
  Partitioned compression: HG005_GRCh38_r1000000: rdf-scan heartbeat — 77,980,380 triples · 12,348,045,571 bytes read
  Partitioned compression: HG005_GRCh38_r1000000: rdf-scan heartbeat — 78,386,991 triples · 12,415,154,498 bytes read
  Partitioned compression: HG005_GRCh38_r1000000: rdf-scan chunk — 78,793,737 triples · 93 chunks · 12,482,256,312 bytes read
  Partitioned compression: HG005_GRCh38_r1000000: hdt-chunks started — 92 chunks · hdt-build-00092
  Partitioned compression: HG005_GRCh38_r1000000: hdt-chunks complete — 93 chunks · hdt-build-00092
  Partitioned compression: HG005_GRCh38_r1000000: rdf-scan heartbeat — 78,793,782 triples · 12,482,263,411 bytes read
  Partitioned compression: HG005_GRCh38_r1000000: rdf-scan heartbeat — 79,200,449 triples · 12,549,372,378 bytes read
  Partitioned compression: HG005_GRCh38_r1000000: rdf-scan chunk — 79,607,162 triples · 94 chunks · 12,616,474,049 bytes read
  Partitioned compression: HG005_GRCh38_r1000000: hdt-chunks started — 93 chunks · hdt-build-00093
  Partitioned compression: HG005_GRCh38_r1000000: hdt-chunks complete — 94 chunks · hdt-build-00093
  Partitioned compression: HG005_GRCh38_r1000000: rdf-scan heartbeat — 79,607,205 triples · 12,616,481,273 bytes read
  Partitioned compression: HG005_GRCh38_r1000000: rdf-scan heartbeat — 80,013,873 triples · 12,683,590,185 bytes read
  Partitioned compression: HG005_GRCh38_r1000000: rdf-scan chunk — 80,420,354 triples · 95 chunks · 12,750,691,827 bytes read
  Partitioned compression: HG005_GRCh38_r1000000: hdt-chunks started — 94 chunks · hdt-build-00094
  Partitioned compression: HG005_GRCh38_r1000000: hdt-chunks complete — 95 chunks · hdt-build-00094
  Partitioned compression: HG005_GRCh38_r1000000: rdf-scan heartbeat — 80,420,399 triples · 12,750,699,117 bytes read
  Partitioned compression: HG005_GRCh38_r1000000: rdf-scan heartbeat — 80,827,089 triples · 12,817,808,037 bytes read
  Partitioned compression: HG005_GRCh38_r1000000: rdf-scan chunk — 81,233,757 triples · 96 chunks · 12,884,909,614 bytes read
  Partitioned compression: HG005_GRCh38_r1000000: hdt-chunks started — 95 chunks · hdt-build-00095
  Partitioned compression: HG005_GRCh38_r1000000: hdt-chunks complete — 96 chunks · hdt-build-00095
  Partitioned compression: HG005_GRCh38_r1000000: rdf-scan heartbeat — 81,233,800 triples · 12,884,916,949 bytes read
  Partitioned compression: HG005_GRCh38_r1000000: rdf-scan heartbeat — 81,640,260 triples · 12,952,025,915 bytes read
  Partitioned compression: HG005_GRCh38_r1000000: rdf-scan chunk — 82,046,874 triples · 97 chunks · 13,019,127,427 bytes read
  Partitioned compression: HG005_GRCh38_r1000000: hdt-chunks started — 96 chunks · hdt-build-00096
  Partitioned compression: HG005_GRCh38_r1000000: hdt-chunks complete — 97 chunks · hdt-build-00096
  Partitioned compression: HG005_GRCh38_r1000000: rdf-scan heartbeat — 82,046,919 triples · 13,019,134,883 bytes read
  Partitioned compression: HG005_GRCh38_r1000000: rdf-scan heartbeat — 82,453,498 triples · 13,086,243,832 bytes read
  Partitioned compression: HG005_GRCh38_r1000000: rdf-scan chunk — 82,859,950 triples · 98 chunks · 13,153,345,279 bytes read
  Partitioned compression: HG005_GRCh38_r1000000: hdt-chunks started — 97 chunks · hdt-build-00097
  Partitioned compression: HG005_GRCh38_r1000000: hdt-chunks complete — 98 chunks · hdt-build-00097
  Partitioned compression: HG005_GRCh38_r1000000: rdf-scan heartbeat — 82,859,996 triples · 13,153,352,782 bytes read
  Partitioned compression: HG005_GRCh38_r1000000: rdf-scan heartbeat — 83,266,776 triples · 13,220,461,753 bytes read
  Partitioned compression: HG005_GRCh38_r1000000: rdf-scan chunk — 83,673,390 triples · 99 chunks · 13,287,563,129 bytes read
  Partitioned compression: HG005_GRCh38_r1000000: hdt-chunks started — 98 chunks · hdt-build-00098
  Partitioned compression: HG005_GRCh38_r1000000: hdt-chunks complete — 99 chunks · hdt-build-00098
  Partitioned compression: HG005_GRCh38_r1000000: rdf-scan heartbeat — 83,673,436 triples · 13,287,570,773 bytes read
  Partitioned compression: HG005_GRCh38_r1000000: rdf-scan heartbeat — 84,080,212 triples · 13,354,680,127 bytes read
  Partitioned compression: HG005_GRCh38_r1000000: rdf-scan chunk — 84,486,863 triples · 100 chunks · 13,421,780,857 bytes read
  Partitioned compression: HG005_GRCh38_r1000000: hdt-chunks started — 99 chunks · hdt-build-00099
  Partitioned compression: HG005_GRCh38_r1000000: hdt-chunks complete — 100 chunks · hdt-build-00099
  Partitioned compression: HG005_GRCh38_r1000000: rdf-scan heartbeat — 84,486,914 triples · 13,421,789,060 bytes read
  Partitioned compression: HG005_GRCh38_r1000000: rdf-scan heartbeat — 84,893,707 triples · 13,488,898,047 bytes read
  Partitioned compression: HG005_GRCh38_r1000000: rdf-scan chunk — 85,300,470 triples · 101 chunks · 13,555,998,658 bytes read
  Partitioned compression: HG005_GRCh38_r1000000: hdt-chunks started — 100 chunks · hdt-build-00100
  Partitioned compression: HG005_GRCh38_r1000000: hdt-chunks complete — 101 chunks · hdt-build-00100
  Partitioned compression: HG005_GRCh38_r1000000: rdf-scan heartbeat — 85,300,521 triples · 13,556,006,918 bytes read
  Partitioned compression: HG005_GRCh38_r1000000: rdf-scan heartbeat — 85,707,400 triples · 13,623,115,880 bytes read
  Partitioned compression: HG005_GRCh38_r1000000: rdf-scan chunk — 86,113,992 triples · 102 chunks · 13,690,216,509 bytes read
  Partitioned compression: HG005_GRCh38_r1000000: hdt-chunks started — 101 chunks · hdt-build-00101
  Partitioned compression: HG005_GRCh38_r1000000: hdt-chunks complete — 102 chunks · hdt-build-00101
  Partitioned compression: HG005_GRCh38_r1000000: rdf-scan heartbeat — 86,114,043 triples · 13,690,224,772 bytes read
  Partitioned compression: HG005_GRCh38_r1000000: rdf-scan heartbeat — 86,520,814 triples · 13,757,333,791 bytes read
  Partitioned compression: HG005_GRCh38_r1000000: rdf-scan chunk — 86,927,821 triples · 103 chunks · 13,824,434,344 bytes read
  Partitioned compression: HG005_GRCh38_r1000000: hdt-chunks started — 102 chunks · hdt-build-00102
  Partitioned compression: HG005_GRCh38_r1000000: hdt-chunks complete — 103 chunks · hdt-build-00102
  Partitioned compression: HG005_GRCh38_r1000000: rdf-scan heartbeat — 86,927,871 triples · 13,824,442,763 bytes read
  Partitioned compression: HG005_GRCh38_r1000000: rdf-scan heartbeat — 87,334,473 triples · 13,891,551,756 bytes read
  Partitioned compression: HG005_GRCh38_r1000000: rdf-scan chunk — 87,741,054 triples · 104 chunks · 13,958,652,635 bytes read
  Partitioned compression: HG005_GRCh38_r1000000: hdt-chunks started — 103 chunks · hdt-build-00103
  Partitioned compression: HG005_GRCh38_r1000000: hdt-chunks complete — 104 chunks · hdt-build-00103
  Partitioned compression: HG005_GRCh38_r1000000: rdf-scan heartbeat — 87,741,104 triples · 13,958,660,647 bytes read
  Partitioned compression: HG005_GRCh38_r1000000: rdf-scan heartbeat — 88,147,764 triples · 14,025,769,577 bytes read
  Partitioned compression: HG005_GRCh38_r1000000: rdf-scan chunk — 88,554,694 triples · 105 chunks · 14,092,870,400 bytes read
  Partitioned compression: HG005_GRCh38_r1000000: hdt-chunks started — 104 chunks · hdt-build-00104
  Partitioned compression: HG005_GRCh38_r1000000: hdt-chunks complete — 105 chunks · hdt-build-00104
  Partitioned compression: HG005_GRCh38_r1000000: rdf-scan heartbeat — 88,554,744 triples · 14,092,878,568 bytes read
  Partitioned compression: HG005_GRCh38_r1000000: rdf-scan heartbeat — 88,961,522 triples · 14,159,987,536 bytes read
  Partitioned compression: HG005_GRCh38_r1000000: rdf-scan chunk — 89,368,322 triples · 106 chunks · 14,227,088,275 bytes read
  Partitioned compression: HG005_GRCh38_r1000000: hdt-chunks started — 105 chunks · hdt-build-00105
  Partitioned compression: HG005_GRCh38_r1000000: hdt-chunks complete — 106 chunks · hdt-build-00105
  Partitioned compression: HG005_GRCh38_r1000000: rdf-scan heartbeat — 89,368,372 triples · 14,227,096,417 bytes read
  Partitioned compression: HG005_GRCh38_r1000000: rdf-scan heartbeat — 89,775,042 triples · 14,294,205,365 bytes read
  Partitioned compression: HG005_GRCh38_r1000000: rdf-scan chunk — 90,181,642 triples · 107 chunks · 14,361,306,526 bytes read
  Partitioned compression: HG005_GRCh38_r1000000: hdt-chunks started — 106 chunks · hdt-build-00106
  Partitioned compression: HG005_GRCh38_r1000000: hdt-chunks complete — 107 chunks · hdt-build-00106
  Partitioned compression: HG005_GRCh38_r1000000: rdf-scan heartbeat — 90,181,690 triples · 14,361,314,246 bytes read
  Partitioned compression: HG005_GRCh38_r1000000: rdf-scan heartbeat — 90,588,449 triples · 14,428,423,164 bytes read
  Partitioned compression: HG005_GRCh38_r1000000: rdf-scan chunk — 90,995,265 triples · 108 chunks · 14,495,524,293 bytes read
  Partitioned compression: HG005_GRCh38_r1000000: hdt-chunks started — 107 chunks · hdt-build-00107
  Partitioned compression: HG005_GRCh38_r1000000: hdt-chunks complete — 108 chunks · hdt-build-00107
  Partitioned compression: HG005_GRCh38_r1000000: rdf-scan heartbeat — 90,995,311 triples · 14,495,532,126 bytes read
  Partitioned compression: HG005_GRCh38_r1000000: rdf-scan heartbeat — 91,403,310 triples · 14,562,641,034 bytes read
  Partitioned compression: HG005_GRCh38_r1000000: rdf-scan chunk — 91,810,011 triples · 109 chunks · 14,629,742,099 bytes read
  Partitioned compression: HG005_GRCh38_r1000000: hdt-chunks started — 108 chunks · hdt-build-00108
  Partitioned compression: HG005_GRCh38_r1000000: hdt-chunks complete — 109 chunks · hdt-build-00108
  Partitioned compression: HG005_GRCh38_r1000000: rdf-scan heartbeat — 91,810,059 triples · 14,629,749,961 bytes read
  Partitioned compression: HG005_GRCh38_r1000000: rdf-scan heartbeat — 92,216,668 triples · 14,696,858,829 bytes read
  Partitioned compression: HG005_GRCh38_r1000000: rdf-scan chunk — 92,623,333 triples · 110 chunks · 14,763,959,835 bytes read
  Partitioned compression: HG005_GRCh38_r1000000: hdt-chunks started — 109 chunks · hdt-build-00109
  Partitioned compression: HG005_GRCh38_r1000000: hdt-chunks complete — 110 chunks · hdt-build-00109
  Partitioned compression: HG005_GRCh38_r1000000: rdf-scan heartbeat — 92,623,382 triples · 14,763,967,814 bytes read
  Partitioned compression: HG005_GRCh38_r1000000: rdf-scan heartbeat — 93,030,130 triples · 14,831,076,720 bytes read
  Partitioned compression: HG005_GRCh38_r1000000: rdf-scan chunk — 93,436,798 triples · 111 chunks · 14,898,177,623 bytes read
  Partitioned compression: HG005_GRCh38_r1000000: hdt-chunks started — 110 chunks · hdt-build-00110
  Partitioned compression: HG005_GRCh38_r1000000: hdt-chunks complete — 111 chunks · hdt-build-00110
  Partitioned compression: HG005_GRCh38_r1000000: rdf-scan heartbeat — 93,436,847 triples · 14,898,185,604 bytes read
  Partitioned compression: HG005_GRCh38_r1000000: rdf-scan heartbeat — 93,843,471 triples · 14,965,294,538 bytes read
  Partitioned compression: HG005_GRCh38_r1000000: rdf-scan chunk — 94,250,159 triples · 112 chunks · 15,032,395,437 bytes read
  Partitioned compression: HG005_GRCh38_r1000000: hdt-chunks started — 111 chunks · hdt-build-00111
  Partitioned compression: HG005_GRCh38_r1000000: hdt-chunks complete — 112 chunks · hdt-build-00111
  Partitioned compression: HG005_GRCh38_r1000000: rdf-scan heartbeat — 94,250,209 triples · 15,032,403,620 bytes read
  Partitioned compression: HG005_GRCh38_r1000000: rdf-scan heartbeat — 94,656,951 triples · 15,099,512,582 bytes read
  Partitioned compression: HG005_GRCh38_r1000000: rdf-scan chunk — 95,063,701 triples · 113 chunks · 15,166,613,183 bytes read
  Partitioned compression: HG005_GRCh38_r1000000: hdt-chunks started — 112 chunks · hdt-build-00112
  Partitioned compression: HG005_GRCh38_r1000000: hdt-chunks complete — 113 chunks · hdt-build-00112
  Partitioned compression: HG005_GRCh38_r1000000: rdf-scan heartbeat — 95,063,752 triples · 15,166,621,528 bytes read
  Partitioned compression: HG005_GRCh38_r1000000: rdf-scan heartbeat — 95,470,470 triples · 15,233,730,392 bytes read
  Partitioned compression: HG005_GRCh38_r1000000: rdf-scan chunk — 95,877,150 triples · 114 chunks · 15,300,830,985 bytes read
  Partitioned compression: HG005_GRCh38_r1000000: hdt-chunks started — 113 chunks · hdt-build-00113
  Partitioned compression: HG005_GRCh38_r1000000: hdt-chunks complete — 114 chunks · hdt-build-00113
  Partitioned compression: HG005_GRCh38_r1000000: rdf-scan heartbeat — 95,877,200 triples · 15,300,839,348 bytes read
  Partitioned compression: HG005_GRCh38_r1000000: rdf-scan heartbeat — 96,283,880 triples · 15,367,948,650 bytes read
  Partitioned compression: HG005_GRCh38_r1000000: rdf-scan chunk — 96,690,486 triples · 115 chunks · 15,435,048,829 bytes read
  Partitioned compression: HG005_GRCh38_r1000000: hdt-chunks started — 114 chunks · hdt-build-00114
  Partitioned compression: HG005_GRCh38_r1000000: hdt-chunks complete — 115 chunks · hdt-build-00114
  Partitioned compression: HG005_GRCh38_r1000000: rdf-scan heartbeat — 96,690,538 triples · 15,435,057,561 bytes read
  Partitioned compression: HG005_GRCh38_r1000000: rdf-scan heartbeat — 97,097,074 triples · 15,502,166,466 bytes read
  Partitioned compression: HG005_GRCh38_r1000000: rdf-scan chunk — 97,503,615 triples · 116 chunks · 15,569,266,586 bytes read
  Partitioned compression: HG005_GRCh38_r1000000: hdt-chunks started — 115 chunks · hdt-build-00115
  Partitioned compression: HG005_GRCh38_r1000000: hdt-chunks complete — 116 chunks · hdt-build-00115
  Partitioned compression: HG005_GRCh38_r1000000: rdf-scan heartbeat — 97,503,669 triples · 15,569,275,354 bytes read
  Partitioned compression: HG005_GRCh38_r1000000: rdf-scan heartbeat — 97,910,344 triples · 15,636,384,308 bytes read
  Partitioned compression: HG005_GRCh38_r1000000: rdf-scan chunk — 98,317,199 triples · 117 chunks · 15,703,484,438 bytes read
  Partitioned compression: HG005_GRCh38_r1000000: hdt-chunks started — 116 chunks · hdt-build-00116
  Partitioned compression: HG005_GRCh38_r1000000: hdt-chunks complete — 117 chunks · hdt-build-00116
  Partitioned compression: HG005_GRCh38_r1000000: rdf-scan heartbeat — 98,317,252 triples · 15,703,493,271 bytes read
  Partitioned compression: HG005_GRCh38_r1000000: rdf-scan heartbeat — 98,723,908 triples · 15,770,602,239 bytes read
  Partitioned compression: HG005_GRCh38_r1000000: rdf-scan chunk — 99,130,759 triples · 118 chunks · 15,837,702,310 bytes read
  Partitioned compression: HG005_GRCh38_r1000000: hdt-chunks started — 117 chunks · hdt-build-00117
  Partitioned compression: HG005_GRCh38_r1000000: hdt-chunks complete — 118 chunks · hdt-build-00117
  Partitioned compression: HG005_GRCh38_r1000000: rdf-scan heartbeat — 99,130,813 triples · 15,837,711,234 bytes read
  Partitioned compression: HG005_GRCh38_r1000000: rdf-scan heartbeat — 99,537,649 triples · 15,904,820,196 bytes read
  Partitioned compression: HG005_GRCh38_r1000000: rdf-scan chunk — 99,944,330 triples · 119 chunks · 15,971,920,113 bytes read
  Partitioned compression: HG005_GRCh38_r1000000: hdt-chunks started — 118 chunks · hdt-build-00118
  Partitioned compression: HG005_GRCh38_r1000000: hdt-chunks complete — 119 chunks · hdt-build-00118
  Partitioned compression: HG005_GRCh38_r1000000: rdf-scan heartbeat — 99,944,385 triples · 15,971,929,219 bytes read
  Partitioned compression: HG005_GRCh38_r1000000: rdf-scan heartbeat — 100,351,007 triples · 16,039,038,165 bytes read
  Partitioned compression: HG005_GRCh38_r1000000: rdf-scan chunk — 100,757,853 triples · 120 chunks · 16,106,137,856 bytes read
  Partitioned compression: HG005_GRCh38_r1000000: hdt-chunks started — 119 chunks · hdt-build-00119
  Partitioned compression: HG005_GRCh38_r1000000: hdt-chunks complete — 120 chunks · hdt-build-00119
  Partitioned compression: HG005_GRCh38_r1000000: rdf-scan heartbeat — 100,757,908 triples · 16,106,147,132 bytes read
  Partitioned compression: HG005_GRCh38_r1000000: rdf-scan heartbeat — 101,164,433 triples · 16,173,256,039 bytes read
  Partitioned compression: HG005_GRCh38_r1000000: rdf-scan chunk — 101,571,142 triples · 121 chunks · 16,240,355,661 bytes read
  Partitioned compression: HG005_GRCh38_r1000000: hdt-chunks started — 120 chunks · hdt-build-00120
  Partitioned compression: HG005_GRCh38_r1000000: hdt-chunks complete — 121 chunks · hdt-build-00120
  Partitioned compression: HG005_GRCh38_r1000000: rdf-scan heartbeat — 101,571,198 triples · 16,240,364,947 bytes read
  Partitioned compression: HG005_GRCh38_r1000000: rdf-scan heartbeat — 101,977,917 triples · 16,307,473,860 bytes read
  Partitioned compression: HG005_GRCh38_r1000000: rdf-scan chunk — 102,384,435 triples · 122 chunks · 16,374,573,475 bytes read
  Partitioned compression: HG005_GRCh38_r1000000: hdt-chunks started — 121 chunks · hdt-build-00121
  Partitioned compression: HG005_GRCh38_r1000000: hdt-chunks complete — 122 chunks · hdt-build-00121
  Partitioned compression: HG005_GRCh38_r1000000: rdf-scan heartbeat — 102,384,490 triples · 16,374,582,848 bytes read
  Partitioned compression: HG005_GRCh38_r1000000: rdf-scan heartbeat — 102,791,152 triples · 16,441,691,714 bytes read
  Partitioned compression: HG005_GRCh38_r1000000: rdf-scan chunk — 103,197,781 triples · 123 chunks · 16,508,791,295 bytes read
  Partitioned compression: HG005_GRCh38_r1000000: hdt-chunks started — 122 chunks · hdt-build-00122
  Partitioned compression: HG005_GRCh38_r1000000: hdt-chunks complete — 123 chunks · hdt-build-00122
  Partitioned compression: HG005_GRCh38_r1000000: rdf-scan heartbeat — 103,197,838 triples · 16,508,800,680 bytes read
  Partitioned compression: HG005_GRCh38_r1000000: rdf-scan heartbeat — 103,604,695 triples · 16,575,909,565 bytes read
  Partitioned compression: HG005_GRCh38_r1000000: rdf-scan chunk — 104,011,333 triples · 124 chunks · 16,643,009,171 bytes read
  Partitioned compression: HG005_GRCh38_r1000000: hdt-chunks started — 123 chunks · hdt-build-00123
  Partitioned compression: HG005_GRCh38_r1000000: hdt-chunks complete — 124 chunks · hdt-build-00123
  Partitioned compression: HG005_GRCh38_r1000000: rdf-scan heartbeat — 104,011,390 triples · 16,643,018,459 bytes read
  Partitioned compression: HG005_GRCh38_r1000000: rdf-scan heartbeat — 104,418,036 triples · 16,710,127,449 bytes read
  Partitioned compression: HG005_GRCh38_r1000000: rdf-scan chunk — 104,824,735 triples · 125 chunks · 16,777,226,918 bytes read
  Partitioned compression: HG005_GRCh38_r1000000: hdt-chunks started — 124 chunks · hdt-build-00124
  Partitioned compression: HG005_GRCh38_r1000000: hdt-chunks complete — 125 chunks · hdt-build-00124
  Partitioned compression: HG005_GRCh38_r1000000: rdf-scan heartbeat — 104,824,792 triples · 16,777,236,451 bytes read
  Partitioned compression: HG005_GRCh38_r1000000: rdf-scan heartbeat — 105,231,662 triples · 16,844,345,452 bytes read
  Partitioned compression: HG005_GRCh38_r1000000: rdf-scan chunk — 105,638,181 triples · 126 chunks · 16,911,444,739 bytes read
  Partitioned compression: HG005_GRCh38_r1000000: hdt-chunks started — 125 chunks · hdt-build-00125
  Partitioned compression: HG005_GRCh38_r1000000: hdt-chunks complete — 126 chunks · hdt-build-00125
  Partitioned compression: HG005_GRCh38_r1000000: rdf-scan heartbeat — 105,638,239 triples · 16,911,454,393 bytes read
  Partitioned compression: HG005_GRCh38_r1000000: rdf-scan heartbeat — 106,044,923 triples · 16,978,563,367 bytes read
  Partitioned compression: HG005_GRCh38_r1000000: rdf-scan chunk — 106,451,572 triples · 127 chunks · 17,045,662,569 bytes read
  Partitioned compression: HG005_GRCh38_r1000000: hdt-chunks started — 126 chunks · hdt-build-00126
  Partitioned compression: HG005_GRCh38_r1000000: hdt-chunks complete — 127 chunks · hdt-build-00126
  Partitioned compression: HG005_GRCh38_r1000000: rdf-scan heartbeat — 106,451,630 triples · 17,045,672,323 bytes read
  Partitioned compression: HG005_GRCh38_r1000000: rdf-scan heartbeat — 106,858,451 triples · 17,112,781,238 bytes read
  Partitioned compression: HG005_GRCh38_r1000000: rdf-scan chunk — 107,265,233 triples · 128 chunks · 17,179,880,347 bytes read
  Partitioned compression: HG005_GRCh38_r1000000: hdt-chunks started — 127 chunks · hdt-build-00127
  Partitioned compression: HG005_GRCh38_r1000000: hdt-chunks complete — 128 chunks · hdt-build-00127
  Partitioned compression: HG005_GRCh38_r1000000: rdf-scan heartbeat — 107,265,293 triples · 17,179,890,209 bytes read
  Partitioned compression: HG005_GRCh38_r1000000: rdf-scan heartbeat — 107,672,064 triples · 17,246,999,133 bytes read
  Partitioned compression: HG005_GRCh38_r1000000: rdf-scan chunk — 108,078,795 triples · 129 chunks · 17,314,098,146 bytes read
  Partitioned compression: HG005_GRCh38_r1000000: hdt-chunks started — 128 chunks · hdt-build-00128
  Partitioned compression: HG005_GRCh38_r1000000: hdt-chunks complete — 129 chunks · hdt-build-00128
  Partitioned compression: HG005_GRCh38_r1000000: rdf-scan heartbeat — 108,078,856 triples · 17,314,108,069 bytes read
  Partitioned compression: HG005_GRCh38_r1000000: rdf-scan heartbeat — 108,485,397 triples · 17,381,216,944 bytes read
  Partitioned compression: HG005_GRCh38_r1000000: rdf-scan chunk — 108,891,941 triples · 130 chunks · 17,448,315,908 bytes read
  Partitioned compression: HG005_GRCh38_r1000000: hdt-chunks started — 129 chunks · hdt-build-00129
  Partitioned compression: HG005_GRCh38_r1000000: hdt-chunks complete — 130 chunks · hdt-build-00129
  Partitioned compression: HG005_GRCh38_r1000000: rdf-scan heartbeat — 108,892,002 triples · 17,448,325,818 bytes read
  Partitioned compression: HG005_GRCh38_r1000000: rdf-scan heartbeat — 109,298,586 triples · 17,515,434,748 bytes read
  Partitioned compression: HG005_GRCh38_r1000000: rdf-scan chunk — 109,705,156 triples · 131 chunks · 17,582,533,676 bytes read
  Partitioned compression: HG005_GRCh38_r1000000: hdt-chunks started — 130 chunks · hdt-build-00130
  Partitioned compression: HG005_GRCh38_r1000000: hdt-chunks complete — 131 chunks · hdt-build-00130
  Partitioned compression: HG005_GRCh38_r1000000: rdf-scan heartbeat — 109,705,215 triples · 17,582,543,737 bytes read
  Partitioned compression: HG005_GRCh38_r1000000: rdf-scan heartbeat — 110,112,095 triples · 17,649,652,604 bytes read
  Partitioned compression: HG005_GRCh38_r1000000: rdf-scan chunk — 110,518,774 triples · 132 chunks · 17,716,751,505 bytes read
  Partitioned compression: HG005_GRCh38_r1000000: hdt-chunks started — 131 chunks · hdt-build-00131
  Partitioned compression: HG005_GRCh38_r1000000: hdt-chunks complete — 132 chunks · hdt-build-00131
  Partitioned compression: HG005_GRCh38_r1000000: rdf-scan heartbeat — 110,518,835 triples · 17,716,761,589 bytes read
  Partitioned compression: HG005_GRCh38_r1000000: rdf-scan heartbeat — 110,925,703 triples · 17,783,870,610 bytes read
  Partitioned compression: HG005_GRCh38_r1000000: rdf-scan chunk — 111,332,144 triples · 133 chunks · 17,850,969,258 bytes read
  Partitioned compression: HG005_GRCh38_r1000000: hdt-chunks started — 132 chunks · hdt-build-00132
  Partitioned compression: HG005_GRCh38_r1000000: hdt-chunks complete — 133 chunks · hdt-build-00132
  Partitioned compression: HG005_GRCh38_r1000000: rdf-scan heartbeat — 111,332,207 triples · 17,850,979,595 bytes read
  Partitioned compression: HG005_GRCh38_r1000000: rdf-scan heartbeat — 111,739,220 triples · 17,918,088,546 bytes read
  Partitioned compression: HG005_GRCh38_r1000000: rdf-scan chunk — 112,145,871 triples · 134 chunks · 17,985,186,986 bytes read
  Partitioned compression: HG005_GRCh38_r1000000: hdt-chunks started — 133 chunks · hdt-build-00133
  Partitioned compression: HG005_GRCh38_r1000000: hdt-chunks complete — 134 chunks · hdt-build-00133
  Partitioned compression: HG005_GRCh38_r1000000: rdf-scan heartbeat — 112,145,936 triples · 17,985,197,543 bytes read
  Partitioned compression: HG005_GRCh38_r1000000: rdf-scan heartbeat — 112,552,679 triples · 18,052,306,529 bytes read
  Partitioned compression: HG005_GRCh38_r1000000: rdf-scan chunk — 112,959,393 triples · 135 chunks · 18,119,404,716 bytes read
  Partitioned compression: HG005_GRCh38_r1000000: hdt-chunks started — 134 chunks · hdt-build-00134
  Partitioned compression: HG005_GRCh38_r1000000: hdt-chunks complete — 135 chunks · hdt-build-00134
  Partitioned compression: HG005_GRCh38_r1000000: rdf-scan heartbeat — 112,959,457 triples · 18,119,415,531 bytes read
  Partitioned compression: HG005_GRCh38_r1000000: rdf-scan heartbeat — 113,366,005 triples · 18,186,524,449 bytes read
  Partitioned compression: HG005_GRCh38_r1000000: rdf-scan chunk — 113,772,602 triples · 136 chunks · 18,253,622,588 bytes read
  Partitioned compression: HG005_GRCh38_r1000000: hdt-chunks started — 135 chunks · hdt-build-00135
  Partitioned compression: HG005_GRCh38_r1000000: hdt-chunks complete — 136 chunks · hdt-build-00135
  Partitioned compression: HG005_GRCh38_r1000000: rdf-scan heartbeat — 113,772,667 triples · 18,253,633,454 bytes read
  Partitioned compression: HG005_GRCh38_r1000000: rdf-scan heartbeat — 114,179,271 triples · 18,320,742,392 bytes read
  Partitioned compression: HG005_GRCh38_r1000000: rdf-scan chunk — 114,585,797 triples · 137 chunks · 18,387,840,402 bytes read
  Partitioned compression: HG005_GRCh38_r1000000: hdt-chunks started — 136 chunks · hdt-build-00136
  Partitioned compression: HG005_GRCh38_r1000000: hdt-chunks complete — 137 chunks · hdt-build-00136
  Partitioned compression: HG005_GRCh38_r1000000: rdf-scan heartbeat — 114,585,864 triples · 18,387,851,259 bytes read
  Partitioned compression: HG005_GRCh38_r1000000: rdf-scan heartbeat — 114,992,870 triples · 18,454,960,286 bytes read
  Partitioned compression: HG005_GRCh38_r1000000: rdf-scan chunk — 115,399,514 triples · 138 chunks · 18,522,058,156 bytes read
  Partitioned compression: HG005_GRCh38_r1000000: hdt-chunks started — 137 chunks · hdt-build-00137
  Partitioned compression: HG005_GRCh38_r1000000: hdt-chunks complete — 138 chunks · hdt-build-00137
  Partitioned compression: HG005_GRCh38_r1000000: rdf-scan heartbeat — 115,399,580 triples · 18,522,069,203 bytes read
  Partitioned compression: HG005_GRCh38_r1000000: rdf-scan heartbeat — 115,806,231 triples · 18,589,178,111 bytes read
  Partitioned compression: HG005_GRCh38_r1000000: rdf-scan chunk — 116,212,862 triples · 139 chunks · 18,656,275,910 bytes read
  Partitioned compression: HG005_GRCh38_r1000000: hdt-chunks started — 138 chunks · hdt-build-00138
  Partitioned compression: HG005_GRCh38_r1000000: hdt-chunks complete — 139 chunks · hdt-build-00138
  Partitioned compression: HG005_GRCh38_r1000000: rdf-scan heartbeat — 116,212,929 triples · 18,656,287,116 bytes read
  Partitioned compression: HG005_GRCh38_r1000000: rdf-scan heartbeat — 116,619,583 triples · 18,723,396,025 bytes read
  Partitioned compression: HG005_GRCh38_r1000000: rdf-scan chunk — 117,026,921 triples · 140 chunks · 18,790,493,743 bytes read
  Partitioned compression: HG005_GRCh38_r1000000: hdt-chunks started — 139 chunks · hdt-build-00139
  Partitioned compression: HG005_GRCh38_r1000000: hdt-chunks complete — 140 chunks · hdt-build-00139
  Partitioned compression: HG005_GRCh38_r1000000: rdf-scan heartbeat — 117,026,989 triples · 18,790,504,936 bytes read
  Partitioned compression: HG005_GRCh38_r1000000: rdf-scan heartbeat — 117,433,884 triples · 18,857,613,844 bytes read
  Partitioned compression: HG005_GRCh38_r1000000: rdf-scan chunk — 117,840,522 triples · 141 chunks · 18,924,711,568 bytes read
  Partitioned compression: HG005_GRCh38_r1000000: hdt-chunks started — 140 chunks · hdt-build-00140
  Partitioned compression: HG005_GRCh38_r1000000: hdt-chunks complete — 141 chunks · hdt-build-00140
  Partitioned compression: HG005_GRCh38_r1000000: rdf-scan heartbeat — 117,840,590 triples · 18,924,722,862 bytes read
  Partitioned compression: HG005_GRCh38_r1000000: rdf-scan heartbeat — 118,247,231 triples · 18,991,831,764 bytes read
  Partitioned compression: HG005_GRCh38_r1000000: rdf-scan chunk — 118,653,715 triples · 142 chunks · 19,058,929,354 bytes read
  Partitioned compression: HG005_GRCh38_r1000000: hdt-chunks started — 141 chunks · hdt-build-00141
  Partitioned compression: HG005_GRCh38_r1000000: hdt-chunks complete — 142 chunks · hdt-build-00141
  Partitioned compression: HG005_GRCh38_r1000000: rdf-scan heartbeat — 118,653,786 triples · 19,058,940,760 bytes read
  Partitioned compression: HG005_GRCh38_r1000000: rdf-scan heartbeat — 119,060,544 triples · 19,126,049,770 bytes read
  Partitioned compression: HG005_GRCh38_r1000000: rdf-scan chunk — 119,467,166 triples · 143 chunks · 19,193,147,223 bytes read
  Partitioned compression: HG005_GRCh38_r1000000: hdt-chunks started — 142 chunks · hdt-build-00142
  Partitioned compression: HG005_GRCh38_r1000000: hdt-chunks complete — 143 chunks · hdt-build-00142
  Partitioned compression: HG005_GRCh38_r1000000: rdf-scan heartbeat — 119,467,237 triples · 19,193,158,682 bytes read
  Partitioned compression: HG005_GRCh38_r1000000: rdf-scan heartbeat — 119,873,843 triples · 19,260,267,604 bytes read
  Partitioned compression: HG005_GRCh38_r1000000: rdf-scan chunk — 120,280,609 triples · 144 chunks · 19,327,364,994 bytes read
  Partitioned compression: HG005_GRCh38_r1000000: hdt-chunks started — 143 chunks · hdt-build-00143
  Partitioned compression: HG005_GRCh38_r1000000: hdt-chunks complete — 144 chunks · hdt-build-00143
  Partitioned compression: HG005_GRCh38_r1000000: rdf-scan heartbeat — 120,280,681 triples · 19,327,376,551 bytes read
  Partitioned compression: HG005_GRCh38_r1000000: rdf-scan heartbeat — 120,687,325 triples · 19,394,485,545 bytes read
  Partitioned compression: HG005_GRCh38_r1000000: rdf-scan chunk — 121,094,030 triples · 145 chunks · 19,461,582,772 bytes read
  Partitioned compression: HG005_GRCh38_r1000000: hdt-chunks started — 144 chunks · hdt-build-00144
  Partitioned compression: HG005_GRCh38_r1000000: hdt-chunks complete — 145 chunks · hdt-build-00144
  Partitioned compression: HG005_GRCh38_r1000000: rdf-scan heartbeat — 121,094,102 triples · 19,461,594,569 bytes read
  Partitioned compression: HG005_GRCh38_r1000000: rdf-scan heartbeat — 121,501,234 triples · 19,528,703,493 bytes read
  Partitioned compression: HG005_GRCh38_r1000000: rdf-scan chunk — 121,907,853 triples · 146 chunks · 19,595,800,656 bytes read
  Partitioned compression: HG005_GRCh38_r1000000: hdt-chunks started — 145 chunks · hdt-build-00145
  Partitioned compression: HG005_GRCh38_r1000000: hdt-chunks complete — 146 chunks · hdt-build-00145
  Partitioned compression: HG005_GRCh38_r1000000: rdf-scan heartbeat — 121,907,926 triples · 19,595,812,803 bytes read
  Partitioned compression: HG005_GRCh38_r1000000: rdf-scan heartbeat — 122,314,742 triples · 19,662,921,845 bytes read
  Partitioned compression: HG005_GRCh38_r1000000: rdf-scan chunk — 122,721,417 triples · 147 chunks · 19,730,018,488 bytes read
  Partitioned compression: HG005_GRCh38_r1000000: hdt-chunks started — 146 chunks · hdt-build-00146
  Partitioned compression: HG005_GRCh38_r1000000: hdt-chunks complete — 147 chunks · hdt-build-00146
  Partitioned compression: HG005_GRCh38_r1000000: rdf-scan heartbeat — 122,721,493 triples · 19,730,031,208 bytes read
  Partitioned compression: HG005_GRCh38_r1000000: rdf-scan heartbeat — 123,128,152 triples · 19,797,140,362 bytes read
  Partitioned compression: HG005_GRCh38_r1000000: rdf-scan chunk — 123,534,713 triples · 148 chunks · 19,864,236,350 bytes read
  Partitioned compression: HG005_GRCh38_r1000000: hdt-chunks started — 147 chunks · hdt-build-00147
  Partitioned compression: HG005_GRCh38_r1000000: hdt-chunks complete — 148 chunks · hdt-build-00147
  Partitioned compression: HG005_GRCh38_r1000000: rdf-scan heartbeat — 123,534,791 triples · 19,864,249,288 bytes read
  Partitioned compression: HG005_GRCh38_r1000000: rdf-scan heartbeat — 123,941,433 triples · 19,931,358,274 bytes read
  Partitioned compression: HG005_GRCh38_r1000000: rdf-scan chunk — 124,348,140 triples · 149 chunks · 19,998,454,184 bytes read
  Partitioned compression: HG005_GRCh38_r1000000: hdt-chunks started — 148 chunks · hdt-build-00148
  Partitioned compression: HG005_GRCh38_r1000000: hdt-chunks complete — 149 chunks · hdt-build-00148
  Partitioned compression: HG005_GRCh38_r1000000: rdf-scan heartbeat — 124,348,221 triples · 19,998,467,298 bytes read
  Partitioned compression: HG005_GRCh38_r1000000: rdf-scan heartbeat — 124,754,831 triples · 20,065,576,238 bytes read
  Partitioned compression: HG005_GRCh38_r1000000: rdf-scan chunk — 125,161,590 triples · 150 chunks · 20,132,671,916 bytes read
  Partitioned compression: HG005_GRCh38_r1000000: hdt-chunks started — 149 chunks · hdt-build-00149
  Partitioned compression: HG005_GRCh38_r1000000: hdt-chunks complete — 150 chunks · hdt-build-00149
  Partitioned compression: HG005_GRCh38_r1000000: rdf-scan heartbeat — 125,161,673 triples · 20,132,685,709 bytes read
  Partitioned compression: HG005_GRCh38_r1000000: rdf-scan heartbeat — 125,568,439 triples · 20,199,794,597 bytes read
  Partitioned compression: HG005_GRCh38_r1000000: rdf-scan chunk — 125,975,165 triples · 151 chunks · 20,266,889,675 bytes read
  Partitioned compression: HG005_GRCh38_r1000000: hdt-chunks started — 150 chunks · hdt-build-00150
  Partitioned compression: HG005_GRCh38_r1000000: hdt-chunks complete — 151 chunks · hdt-build-00150
  Partitioned compression: HG005_GRCh38_r1000000: rdf-scan heartbeat — 125,975,252 triples · 20,266,903,622 bytes read
  Partitioned compression: HG005_GRCh38_r1000000: rdf-scan heartbeat — 126,381,979 triples · 20,334,012,510 bytes read
  Partitioned compression: HG005_GRCh38_r1000000: rdf-scan chunk — 126,788,584 triples · 152 chunks · 20,401,107,534 bytes read
  Partitioned compression: HG005_GRCh38_r1000000: hdt-chunks started — 151 chunks · hdt-build-00151
  Partitioned compression: HG005_GRCh38_r1000000: hdt-chunks complete — 152 chunks · hdt-build-00151
  Partitioned compression: HG005_GRCh38_r1000000: rdf-scan heartbeat — 126,788,668 triples · 20,401,121,486 bytes read
  Partitioned compression: HG005_GRCh38_r1000000: rdf-scan heartbeat — 127,195,373 triples · 20,468,230,410 bytes read
  Partitioned compression: HG005_GRCh38_r1000000: rdf-scan chunk — 127,602,083 triples · 153 chunks · 20,535,325,388 bytes read
  Partitioned compression: HG005_GRCh38_r1000000: hdt-chunks started — 152 chunks · hdt-build-00152
  Partitioned compression: HG005_GRCh38_r1000000: hdt-chunks complete — 153 chunks · hdt-build-00152
  Partitioned compression: HG005_GRCh38_r1000000: rdf-scan heartbeat — 127,602,168 triples · 20,535,339,354 bytes read
  Partitioned compression: HG005_GRCh38_r1000000: rdf-scan heartbeat — 128,008,999 triples · 20,602,448,370 bytes read
  Partitioned compression: HG005_GRCh38_r1000000: rdf-scan chunk — 128,415,621 triples · 154 chunks · 20,669,543,169 bytes read
  Partitioned compression: HG005_GRCh38_r1000000: hdt-chunks started — 153 chunks · hdt-build-00153
  Partitioned compression: HG005_GRCh38_r1000000: hdt-chunks complete — 154 chunks · hdt-build-00153
  Partitioned compression: HG005_GRCh38_r1000000: rdf-scan heartbeat — 128,415,707 triples · 20,669,557,382 bytes read
  Partitioned compression: HG005_GRCh38_r1000000: rdf-scan heartbeat — 128,822,263 triples · 20,736,666,320 bytes read
  Partitioned compression: HG005_GRCh38_r1000000: rdf-scan chunk — 129,228,778 triples · 155 chunks · 20,803,760,915 bytes read
  Partitioned compression: HG005_GRCh38_r1000000: hdt-chunks started — 154 chunks · hdt-build-00154
  Partitioned compression: HG005_GRCh38_r1000000: hdt-chunks complete — 155 chunks · hdt-build-00154
  Partitioned compression: HG005_GRCh38_r1000000: rdf-scan heartbeat — 129,228,865 triples · 20,803,775,291 bytes read
  Partitioned compression: HG005_GRCh38_r1000000: rdf-scan heartbeat — 129,635,783 triples · 20,870,884,239 bytes read
  Partitioned compression: HG005_GRCh38_r1000000: rdf-scan chunk — 130,042,714 triples · 156 chunks · 20,937,978,671 bytes read
  Partitioned compression: HG005_GRCh38_r1000000: hdt-chunks started — 155 chunks · hdt-build-00155
  Partitioned compression: HG005_GRCh38_r1000000: hdt-chunks complete — 156 chunks · hdt-build-00155
  Partitioned compression: HG005_GRCh38_r1000000: rdf-scan heartbeat — 130,042,803 triples · 20,937,993,239 bytes read
  Partitioned compression: HG005_GRCh38_r1000000: rdf-scan heartbeat — 130,449,604 triples · 21,005,102,116 bytes read
  Partitioned compression: HG005_GRCh38_r1000000: rdf-scan chunk — 130,856,324 triples · 157 chunks · 21,072,196,404 bytes read
  Partitioned compression: HG005_GRCh38_r1000000: hdt-chunks started — 156 chunks · hdt-build-00156
  Partitioned compression: HG005_GRCh38_r1000000: hdt-chunks complete — 157 chunks · hdt-build-00156
  Partitioned compression: HG005_GRCh38_r1000000: rdf-scan heartbeat — 130,856,412 triples · 21,072,210,985 bytes read
  Partitioned compression: HG005_GRCh38_r1000000: rdf-scan heartbeat — 131,263,853 triples · 21,139,319,970 bytes read
  Partitioned compression: HG005_GRCh38_r1000000: rdf-scan chunk — 131,670,606 triples · 158 chunks · 21,206,414,218 bytes read
  Partitioned compression: HG005_GRCh38_r1000000: hdt-chunks started — 157 chunks · hdt-build-00157
  Partitioned compression: HG005_GRCh38_r1000000: hdt-chunks complete — 158 chunks · hdt-build-00157
  Partitioned compression: HG005_GRCh38_r1000000: rdf-scan heartbeat — 131,670,695 triples · 21,206,428,969 bytes read
  Partitioned compression: HG005_GRCh38_r1000000: rdf-scan heartbeat — 132,077,362 triples · 21,273,537,965 bytes read
  Partitioned compression: HG005_GRCh38_r1000000: rdf-scan chunk — 132,483,980 triples · 159 chunks · 21,340,632,061 bytes read
  Partitioned compression: HG005_GRCh38_r1000000: hdt-chunks started — 158 chunks · hdt-build-00158
  Partitioned compression: HG005_GRCh38_r1000000: hdt-chunks complete — 159 chunks · hdt-build-00158
  Partitioned compression: HG005_GRCh38_r1000000: rdf-scan heartbeat — 132,484,069 triples · 21,340,646,848 bytes read
  Partitioned compression: HG005_GRCh38_r1000000: rdf-scan heartbeat — 132,890,713 triples · 21,407,755,858 bytes read
  Partitioned compression: HG005_GRCh38_r1000000: rdf-scan chunk — 133,297,286 triples · 160 chunks · 21,474,849,864 bytes read
  Partitioned compression: HG005_GRCh38_r1000000: hdt-chunks started — 159 chunks · hdt-build-00159
  Partitioned compression: HG005_GRCh38_r1000000: hdt-chunks complete — 160 chunks · hdt-build-00159
  Partitioned compression: HG005_GRCh38_r1000000: rdf-scan heartbeat — 133,297,377 triples · 21,474,864,867 bytes read
  Partitioned compression: HG005_GRCh38_r1000000: rdf-scan heartbeat — 133,704,082 triples · 21,541,973,784 bytes read
  Partitioned compression: HG005_GRCh38_r1000000: rdf-scan chunk — 134,110,678 triples · 161 chunks · 21,609,067,643 bytes read
  Partitioned compression: HG005_GRCh38_r1000000: hdt-chunks started — 160 chunks · hdt-build-00160
  Partitioned compression: HG005_GRCh38_r1000000: hdt-chunks complete — 161 chunks · hdt-build-00160
  Partitioned compression: HG005_GRCh38_r1000000: rdf-scan heartbeat — 134,110,769 triples · 21,609,082,655 bytes read
  Partitioned compression: HG005_GRCh38_r1000000: rdf-scan heartbeat — 134,517,346 triples · 21,676,192,067 bytes read
  Partitioned compression: HG005_GRCh38_r1000000: rdf-scan chunk — 134,923,888 triples · 162 chunks · 21,743,285,500 bytes read
  Partitioned compression: HG005_GRCh38_r1000000: hdt-chunks started — 161 chunks · hdt-build-00161
  Partitioned compression: HG005_GRCh38_r1000000: hdt-chunks complete — 162 chunks · hdt-build-00161
  Partitioned compression: HG005_GRCh38_r1000000: rdf-scan heartbeat — 134,923,982 triples · 21,743,300,969 bytes read
  Partitioned compression: HG005_GRCh38_r1000000: rdf-scan heartbeat — 135,330,537 triples · 21,810,409,947 bytes read
  Partitioned compression: HG005_GRCh38_r1000000: rdf-scan chunk — 135,736,978 triples · 163 chunks · 21,877,503,342 bytes read
  Partitioned compression: HG005_GRCh38_r1000000: hdt-chunks started — 162 chunks · hdt-build-00162
  Partitioned compression: HG005_GRCh38_r1000000: hdt-chunks complete — 163 chunks · hdt-build-00162
  Partitioned compression: HG005_GRCh38_r1000000: rdf-scan heartbeat — 135,737,072 triples · 21,877,518,962 bytes read
  Partitioned compression: HG005_GRCh38_r1000000: rdf-scan heartbeat — 136,143,786 triples · 21,944,627,979 bytes read
  Partitioned compression: HG005_GRCh38_r1000000: rdf-scan chunk — 136,550,405 triples · 164 chunks · 22,011,721,222 bytes read
  Partitioned compression: HG005_GRCh38_r1000000: hdt-chunks started — 163 chunks · hdt-build-00163
  Partitioned compression: HG005_GRCh38_r1000000: hdt-chunks complete — 164 chunks · hdt-build-00163
  Partitioned compression: HG005_GRCh38_r1000000: rdf-scan heartbeat — 136,550,500 triples · 22,011,736,943 bytes read
  Partitioned compression: HG005_GRCh38_r1000000: rdf-scan heartbeat — 136,957,179 triples · 22,078,845,888 bytes read
  Partitioned compression: HG005_GRCh38_r1000000: rdf-scan chunk — 137,364,112 triples · 165 chunks · 22,145,939,010 bytes read
  Partitioned compression: HG005_GRCh38_r1000000: hdt-chunks started — 164 chunks · hdt-build-00164
  Partitioned compression: HG005_GRCh38_r1000000: hdt-chunks complete — 165 chunks · hdt-build-00164
  Partitioned compression: HG005_GRCh38_r1000000: rdf-scan heartbeat — 137,364,208 triples · 22,145,954,848 bytes read
  Partitioned compression: HG005_GRCh38_r1000000: rdf-scan heartbeat — 137,770,971 triples · 22,213,063,844 bytes read
  Partitioned compression: HG005_GRCh38_r1000000: rdf-scan chunk — 137,852,841 triples · 166 chunks · 22,226,582,099 bytes read
  Partitioned compression: HG005_GRCh38_r1000000: hdt-chunks started — 165 chunks · hdt-build-00165
  Partitioned compression: HG005_GRCh38_r1000000: hdt-chunks complete — 166 chunks · hdt-build-00165
  Partitioned compression: HG005_GRCh38_r1000000: rdf-scan complete — 137,852,841 triples · 166 chunks
  Partitioned compression: HG005_GRCh38_r1000000: hdt-chunks complete — 166 chunks
  Partitioned compression: HG005_GRCh38_r1000000: hdt-merge started — hdt-merge-r01-00000
  Partitioned compression: HG005_GRCh38_r1000000: hdt-merge complete — hdt-merge-r01-00000
  Partitioned compression: HG005_GRCh38_r1000000: hdt-merge started — hdt-merge-r01-00001
  Partitioned compression: HG005_GRCh38_r1000000: hdt-merge complete — hdt-merge-r01-00001
  Partitioned compression: HG005_GRCh38_r1000000: hdt-merge started — hdt-merge-r01-00002
  Partitioned compression: HG005_GRCh38_r1000000: hdt-merge complete — hdt-merge-r01-00002
  Partitioned compression: HG005_GRCh38_r1000000: hdt-merge started — hdt-merge-r01-00003
  Partitioned compression: HG005_GRCh38_r1000000: hdt-merge complete — hdt-merge-r01-00003
  Partitioned compression: HG005_GRCh38_r1000000: hdt-merge started — hdt-merge-r01-00004
  Partitioned compression: HG005_GRCh38_r1000000: hdt-merge complete — hdt-merge-r01-00004
  Partitioned compression: HG005_GRCh38_r1000000: hdt-merge started — hdt-merge-r01-00005
  Partitioned compression: HG005_GRCh38_r1000000: hdt-merge complete — hdt-merge-r01-00005
  Partitioned compression: HG005_GRCh38_r1000000: hdt-merge started — hdt-merge-r01-00006
  Partitioned compression: HG005_GRCh38_r1000000: hdt-merge complete — hdt-merge-r01-00006
  Partitioned compression: HG005_GRCh38_r1000000: hdt-merge started — hdt-merge-r01-00007
  Partitioned compression: HG005_GRCh38_r1000000: hdt-merge complete — hdt-merge-r01-00007
  Partitioned compression: HG005_GRCh38_r1000000: hdt-merge started — hdt-merge-r01-00008
  Partitioned compression: HG005_GRCh38_r1000000: hdt-merge complete — hdt-merge-r01-00008
  Partitioned compression: HG005_GRCh38_r1000000: hdt-merge started — hdt-merge-r01-00009
  Partitioned compression: HG005_GRCh38_r1000000: hdt-merge complete — hdt-merge-r01-00009
  Partitioned compression: HG005_GRCh38_r1000000: hdt-merge started — hdt-merge-r01-00010
  Partitioned compression: HG005_GRCh38_r1000000: hdt-merge complete — hdt-merge-r01-00010
  Partitioned compression: HG005_GRCh38_r1000000: hdt-merge started — hdt-merge-r01-00011
  Partitioned compression: HG005_GRCh38_r1000000: hdt-merge complete — hdt-merge-r01-00011
  Partitioned compression: HG005_GRCh38_r1000000: hdt-merge started — hdt-merge-r01-00012
  Partitioned compression: HG005_GRCh38_r1000000: hdt-merge complete — hdt-merge-r01-00012
  Partitioned compression: HG005_GRCh38_r1000000: hdt-merge started — hdt-merge-r01-00013
  Partitioned compression: HG005_GRCh38_r1000000: hdt-merge complete — hdt-merge-r01-00013
  Partitioned compression: HG005_GRCh38_r1000000: hdt-merge started — hdt-merge-r01-00014
  Partitioned compression: HG005_GRCh38_r1000000: hdt-merge complete — hdt-merge-r01-00014
  Partitioned compression: HG005_GRCh38_r1000000: hdt-merge started — hdt-merge-r01-00015
  Partitioned compression: HG005_GRCh38_r1000000: hdt-merge complete — hdt-merge-r01-00015
  Partitioned compression: HG005_GRCh38_r1000000: hdt-merge started — hdt-merge-r01-00016
  Partitioned compression: HG005_GRCh38_r1000000: hdt-merge complete — hdt-merge-r01-00016
  Partitioned compression: HG005_GRCh38_r1000000: hdt-merge started — hdt-merge-r01-00017
  Partitioned compression: HG005_GRCh38_r1000000: hdt-merge complete — hdt-merge-r01-00017
  Partitioned compression: HG005_GRCh38_r1000000: hdt-merge started — hdt-merge-r01-00018
  Partitioned compression: HG005_GRCh38_r1000000: hdt-merge complete — hdt-merge-r01-00018
  Partitioned compression: HG005_GRCh38_r1000000: hdt-merge started — hdt-merge-r01-00019
  Partitioned compression: HG005_GRCh38_r1000000: hdt-merge complete — hdt-merge-r01-00019
  Partitioned compression: HG005_GRCh38_r1000000: hdt-merge started — hdt-merge-r01-00020
  Partitioned compression: HG005_GRCh38_r1000000: hdt-merge complete — hdt-merge-r01-00020
  Partitioned compression: HG005_GRCh38_r1000000: hdt-merge started — hdt-merge-r01-00021
  Partitioned compression: HG005_GRCh38_r1000000: hdt-merge complete — hdt-merge-r01-00021
  Partitioned compression: HG005_GRCh38_r1000000: hdt-merge started — hdt-merge-r01-00022
  Partitioned compression: HG005_GRCh38_r1000000: hdt-merge complete — hdt-merge-r01-00022
  Partitioned compression: HG005_GRCh38_r1000000: hdt-merge started — hdt-merge-r01-00023
  Partitioned compression: HG005_GRCh38_r1000000: hdt-merge complete — hdt-merge-r01-00023
  Partitioned compression: HG005_GRCh38_r1000000: hdt-merge started — hdt-merge-r01-00024
  Partitioned compression: HG005_GRCh38_r1000000: hdt-merge complete — hdt-merge-r01-00024
  Partitioned compression: HG005_GRCh38_r1000000: hdt-merge started — hdt-merge-r01-00025
  Partitioned compression: HG005_GRCh38_r1000000: hdt-merge complete — hdt-merge-r01-00025
  Partitioned compression: HG005_GRCh38_r1000000: hdt-merge started — hdt-merge-r01-00026
  Partitioned compression: HG005_GRCh38_r1000000: hdt-merge complete — hdt-merge-r01-00026
  Partitioned compression: HG005_GRCh38_r1000000: hdt-merge started — hdt-merge-r01-00027
  Partitioned compression: HG005_GRCh38_r1000000: hdt-merge complete — hdt-merge-r01-00027
  Partitioned compression: HG005_GRCh38_r1000000: hdt-merge started — hdt-merge-r01-00028
  Partitioned compression: HG005_GRCh38_r1000000: hdt-merge complete — hdt-merge-r01-00028
  Partitioned compression: HG005_GRCh38_r1000000: hdt-merge started — hdt-merge-r01-00029
  Partitioned compression: HG005_GRCh38_r1000000: hdt-merge complete — hdt-merge-r01-00029
  Partitioned compression: HG005_GRCh38_r1000000: hdt-merge started — hdt-merge-r01-00030
  Partitioned compression: HG005_GRCh38_r1000000: hdt-merge complete — hdt-merge-r01-00030
  Partitioned compression: HG005_GRCh38_r1000000: hdt-merge started — hdt-merge-r01-00031
  Partitioned compression: HG005_GRCh38_r1000000: hdt-merge complete — hdt-merge-r01-00031
  Partitioned compression: HG005_GRCh38_r1000000: hdt-merge started — hdt-merge-r01-00032
  Partitioned compression: HG005_GRCh38_r1000000: hdt-merge complete — hdt-merge-r01-00032
  Partitioned compression: HG005_GRCh38_r1000000: hdt-merge started — hdt-merge-r01-00033
  Partitioned compression: HG005_GRCh38_r1000000: hdt-merge complete — hdt-merge-r01-00033
  Partitioned compression: HG005_GRCh38_r1000000: hdt-merge started — hdt-merge-r01-00034
  Partitioned compression: HG005_GRCh38_r1000000: hdt-merge complete — hdt-merge-r01-00034
  Partitioned compression: HG005_GRCh38_r1000000: hdt-merge started — hdt-merge-r01-00035
  Partitioned compression: HG005_GRCh38_r1000000: hdt-merge complete — hdt-merge-r01-00035
  Partitioned compression: HG005_GRCh38_r1000000: hdt-merge started — hdt-merge-r01-00036
  Partitioned compression: HG005_GRCh38_r1000000: hdt-merge complete — hdt-merge-r01-00036
  Partitioned compression: HG005_GRCh38_r1000000: hdt-merge started — hdt-merge-r01-00037
  Partitioned compression: HG005_GRCh38_r1000000: hdt-merge complete — hdt-merge-r01-00037
  Partitioned compression: HG005_GRCh38_r1000000: hdt-merge started — hdt-merge-r01-00038
  Partitioned compression: HG005_GRCh38_r1000000: hdt-merge complete — hdt-merge-r01-00038
  Partitioned compression: HG005_GRCh38_r1000000: hdt-merge started — hdt-merge-r01-00039
  Partitioned compression: HG005_GRCh38_r1000000: hdt-merge complete — hdt-merge-r01-00039
  Partitioned compression: HG005_GRCh38_r1000000: hdt-merge started — hdt-merge-r01-00040
  Partitioned compression: HG005_GRCh38_r1000000: hdt-merge complete — hdt-merge-r01-00040
  Partitioned compression: HG005_GRCh38_r1000000: hdt-merge started — hdt-merge-r01-00041
  Partitioned compression: HG005_GRCh38_r1000000: hdt-merge complete — hdt-merge-r01-00041
  Partitioned compression: HG005_GRCh38_r1000000: hdt-merge started — hdt-merge-r01-00042
  Partitioned compression: HG005_GRCh38_r1000000: hdt-merge complete — hdt-merge-r01-00042
  Partitioned compression: HG005_GRCh38_r1000000: hdt-merge started — hdt-merge-r01-00043
  Partitioned compression: HG005_GRCh38_r1000000: hdt-merge complete — hdt-merge-r01-00043
  Partitioned compression: HG005_GRCh38_r1000000: hdt-merge started — hdt-merge-r01-00044
  Partitioned compression: HG005_GRCh38_r1000000: hdt-merge complete — hdt-merge-r01-00044
  Partitioned compression: HG005_GRCh38_r1000000: hdt-merge started — hdt-merge-r01-00045
  Partitioned compression: HG005_GRCh38_r1000000: hdt-merge complete — hdt-merge-r01-00045
  Partitioned compression: HG005_GRCh38_r1000000: hdt-merge started — hdt-merge-r01-00046
  Partitioned compression: HG005_GRCh38_r1000000: hdt-merge complete — hdt-merge-r01-00046
  Partitioned compression: HG005_GRCh38_r1000000: hdt-merge started — hdt-merge-r01-00047
  Partitioned compression: HG005_GRCh38_r1000000: hdt-merge complete — hdt-merge-r01-00047
  Partitioned compression: HG005_GRCh38_r1000000: hdt-merge started — hdt-merge-r01-00048
  Partitioned compression: HG005_GRCh38_r1000000: hdt-merge complete — hdt-merge-r01-00048
  Partitioned compression: HG005_GRCh38_r1000000: hdt-merge started — hdt-merge-r01-00049
  Partitioned compression: HG005_GRCh38_r1000000: hdt-merge complete — hdt-merge-r01-00049
  Partitioned compression: HG005_GRCh38_r1000000: hdt-merge started — hdt-merge-r01-00050
  Partitioned compression: HG005_GRCh38_r1000000: hdt-merge complete — hdt-merge-r01-00050
  Partitioned compression: HG005_GRCh38_r1000000: hdt-merge started — hdt-merge-r01-00051
  Partitioned compression: HG005_GRCh38_r1000000: hdt-merge complete — hdt-merge-r01-00051
  Partitioned compression: HG005_GRCh38_r1000000: hdt-merge started — hdt-merge-r01-00052
  Partitioned compression: HG005_GRCh38_r1000000: hdt-merge complete — hdt-merge-r01-00052
  Partitioned compression: HG005_GRCh38_r1000000: hdt-merge started — hdt-merge-r01-00053
  Partitioned compression: HG005_GRCh38_r1000000: hdt-merge complete — hdt-merge-r01-00053
  Partitioned compression: HG005_GRCh38_r1000000: hdt-merge started — hdt-merge-r01-00054
  Partitioned compression: HG005_GRCh38_r1000000: hdt-merge complete — hdt-merge-r01-00054
  Partitioned compression: HG005_GRCh38_r1000000: hdt-merge started — hdt-merge-r01-00055
  Partitioned compression: HG005_GRCh38_r1000000: hdt-merge complete — hdt-merge-r01-00055
  Partitioned compression: HG005_GRCh38_r1000000: hdt-merge started — hdt-merge-r01-00056
  Partitioned compression: HG005_GRCh38_r1000000: hdt-merge complete — hdt-merge-r01-00056
  Partitioned compression: HG005_GRCh38_r1000000: hdt-merge started — hdt-merge-r01-00057
  Partitioned compression: HG005_GRCh38_r1000000: hdt-merge complete — hdt-merge-r01-00057
  Partitioned compression: HG005_GRCh38_r1000000: hdt-merge started — hdt-merge-r01-00058
  Partitioned compression: HG005_GRCh38_r1000000: hdt-merge complete — hdt-merge-r01-00058
  Partitioned compression: HG005_GRCh38_r1000000: hdt-merge started — hdt-merge-r01-00059
  Partitioned compression: HG005_GRCh38_r1000000: hdt-merge complete — hdt-merge-r01-00059
  Partitioned compression: HG005_GRCh38_r1000000: hdt-merge started — hdt-merge-r01-00060
  Partitioned compression: HG005_GRCh38_r1000000: hdt-merge complete — hdt-merge-r01-00060
  Partitioned compression: HG005_GRCh38_r1000000: hdt-merge started — hdt-merge-r01-00061
  Partitioned compression: HG005_GRCh38_r1000000: hdt-merge complete — hdt-merge-r01-00061
  Partitioned compression: HG005_GRCh38_r1000000: hdt-merge started — hdt-merge-r01-00062
  Partitioned compression: HG005_GRCh38_r1000000: hdt-merge complete — hdt-merge-r01-00062
  Partitioned compression: HG005_GRCh38_r1000000: hdt-merge started — hdt-merge-r01-00063
  Partitioned compression: HG005_GRCh38_r1000000: hdt-merge complete — hdt-merge-r01-00063
  Partitioned compression: HG005_GRCh38_r1000000: hdt-merge started — hdt-merge-r01-00064
  Partitioned compression: HG005_GRCh38_r1000000: hdt-merge complete — hdt-merge-r01-00064
  Partitioned compression: HG005_GRCh38_r1000000: hdt-merge started — hdt-merge-r01-00065
  Partitioned compression: HG005_GRCh38_r1000000: hdt-merge complete — hdt-merge-r01-00065
  Partitioned compression: HG005_GRCh38_r1000000: hdt-merge started — hdt-merge-r01-00066
  Partitioned compression: HG005_GRCh38_r1000000: hdt-merge complete — hdt-merge-r01-00066
  Partitioned compression: HG005_GRCh38_r1000000: hdt-merge started — hdt-merge-r01-00067
  Partitioned compression: HG005_GRCh38_r1000000: hdt-merge complete — hdt-merge-r01-00067
  Partitioned compression: HG005_GRCh38_r1000000: hdt-merge started — hdt-merge-r01-00068
  Partitioned compression: HG005_GRCh38_r1000000: hdt-merge complete — hdt-merge-r01-00068
  Partitioned compression: HG005_GRCh38_r1000000: hdt-merge started — hdt-merge-r01-00069
  Partitioned compression: HG005_GRCh38_r1000000: hdt-merge complete — hdt-merge-r01-00069
  Partitioned compression: HG005_GRCh38_r1000000: hdt-merge started — hdt-merge-r01-00070
  Partitioned compression: HG005_GRCh38_r1000000: hdt-merge complete — hdt-merge-r01-00070
  Partitioned compression: HG005_GRCh38_r1000000: hdt-merge started — hdt-merge-r01-00071
  Partitioned compression: HG005_GRCh38_r1000000: hdt-merge complete — hdt-merge-r01-00071
  Partitioned compression: HG005_GRCh38_r1000000: hdt-merge started — hdt-merge-r01-00072
  Partitioned compression: HG005_GRCh38_r1000000: hdt-merge complete — hdt-merge-r01-00072
  Partitioned compression: HG005_GRCh38_r1000000: hdt-merge started — hdt-merge-r01-00073
  Partitioned compression: HG005_GRCh38_r1000000: hdt-merge complete — hdt-merge-r01-00073
  Partitioned compression: HG005_GRCh38_r1000000: hdt-merge started — hdt-merge-r01-00074
  Partitioned compression: HG005_GRCh38_r1000000: hdt-merge complete — hdt-merge-r01-00074
  Partitioned compression: HG005_GRCh38_r1000000: hdt-merge started — hdt-merge-r01-00075
  Partitioned compression: HG005_GRCh38_r1000000: hdt-merge complete — hdt-merge-r01-00075
  Partitioned compression: HG005_GRCh38_r1000000: hdt-merge started — hdt-merge-r01-00076
  Partitioned compression: HG005_GRCh38_r1000000: hdt-merge complete — hdt-merge-r01-00076
  Partitioned compression: HG005_GRCh38_r1000000: hdt-merge started — hdt-merge-r01-00077
  Partitioned compression: HG005_GRCh38_r1000000: hdt-merge complete — hdt-merge-r01-00077
  Partitioned compression: HG005_GRCh38_r1000000: hdt-merge started — hdt-merge-r01-00078
  Partitioned compression: HG005_GRCh38_r1000000: hdt-merge complete — hdt-merge-r01-00078
  Partitioned compression: HG005_GRCh38_r1000000: hdt-merge started — hdt-merge-r01-00079
  Partitioned compression: HG005_GRCh38_r1000000: hdt-merge complete — hdt-merge-r01-00079
  Partitioned compression: HG005_GRCh38_r1000000: hdt-merge started — hdt-merge-r01-00080
  Partitioned compression: HG005_GRCh38_r1000000: hdt-merge complete — hdt-merge-r01-00080
  Partitioned compression: HG005_GRCh38_r1000000: hdt-merge started — hdt-merge-r01-00081
  Partitioned compression: HG005_GRCh38_r1000000: hdt-merge complete — hdt-merge-r01-00081
  Partitioned compression: HG005_GRCh38_r1000000: hdt-merge started — hdt-merge-r01-00082
  Partitioned compression: HG005_GRCh38_r1000000: hdt-merge complete — hdt-merge-r01-00082
  Partitioned compression: HG005_GRCh38_r1000000: hdt-merge started — hdt-merge-r02-00000
  Partitioned compression: HG005_GRCh38_r1000000: hdt-merge complete — hdt-merge-r02-00000
  Partitioned compression: HG005_GRCh38_r1000000: hdt-merge started — hdt-merge-r02-00001
  Partitioned compression: HG005_GRCh38_r1000000: hdt-merge complete — hdt-merge-r02-00001
  Partitioned compression: HG005_GRCh38_r1000000: hdt-merge started — hdt-merge-r02-00002
  Partitioned compression: HG005_GRCh38_r1000000: hdt-merge complete — hdt-merge-r02-00002
  Partitioned compression: HG005_GRCh38_r1000000: hdt-merge started — hdt-merge-r02-00003
  Partitioned compression: HG005_GRCh38_r1000000: hdt-merge complete — hdt-merge-r02-00003
  Partitioned compression: HG005_GRCh38_r1000000: hdt-merge started — hdt-merge-r02-00004
  Partitioned compression: HG005_GRCh38_r1000000: hdt-merge complete — hdt-merge-r02-00004
  Partitioned compression: HG005_GRCh38_r1000000: hdt-merge started — hdt-merge-r02-00005
  Partitioned compression: HG005_GRCh38_r1000000: hdt-merge complete — hdt-merge-r02-00005
  Partitioned compression: HG005_GRCh38_r1000000: hdt-merge started — hdt-merge-r02-00006
  Partitioned compression: HG005_GRCh38_r1000000: hdt-merge complete — hdt-merge-r02-00006
  Partitioned compression: HG005_GRCh38_r1000000: hdt-merge started — hdt-merge-r02-00007
  Partitioned compression: HG005_GRCh38_r1000000: hdt-merge complete — hdt-merge-r02-00007
  Partitioned compression: HG005_GRCh38_r1000000: hdt-merge started — hdt-merge-r02-00008
  Partitioned compression: HG005_GRCh38_r1000000: hdt-merge complete — hdt-merge-r02-00008
  Partitioned compression: HG005_GRCh38_r1000000: hdt-merge started — hdt-merge-r02-00009
  Partitioned compression: HG005_GRCh38_r1000000: hdt-merge complete — hdt-merge-r02-00009
  Partitioned compression: HG005_GRCh38_r1000000: hdt-merge started — hdt-merge-r02-00010
  Partitioned compression: HG005_GRCh38_r1000000: hdt-merge complete — hdt-merge-r02-00010
  Partitioned compression: HG005_GRCh38_r1000000: hdt-merge started — hdt-merge-r02-00011
  Partitioned compression: HG005_GRCh38_r1000000: hdt-merge complete — hdt-merge-r02-00011
  Partitioned compression: HG005_GRCh38_r1000000: hdt-merge started — hdt-merge-r02-00012
  Partitioned compression: HG005_GRCh38_r1000000: hdt-merge complete — hdt-merge-r02-00012
  Partitioned compression: HG005_GRCh38_r1000000: hdt-merge started — hdt-merge-r02-00013
  Partitioned compression: HG005_GRCh38_r1000000: hdt-merge complete — hdt-merge-r02-00013
  Partitioned compression: HG005_GRCh38_r1000000: hdt-merge started — hdt-merge-r02-00014
  Partitioned compression: HG005_GRCh38_r1000000: hdt-merge complete — hdt-merge-r02-00014
  Partitioned compression: HG005_GRCh38_r1000000: hdt-merge started — hdt-merge-r02-00015
  Partitioned compression: HG005_GRCh38_r1000000: hdt-merge complete — hdt-merge-r02-00015
  Partitioned compression: HG005_GRCh38_r1000000: hdt-merge started — hdt-merge-r02-00016
  Partitioned compression: HG005_GRCh38_r1000000: hdt-merge complete — hdt-merge-r02-00016
  Partitioned compression: HG005_GRCh38_r1000000: hdt-merge started — hdt-merge-r02-00017
  Partitioned compression: HG005_GRCh38_r1000000: hdt-merge complete — hdt-merge-r02-00017
  Partitioned compression: HG005_GRCh38_r1000000: hdt-merge started — hdt-merge-r02-00018
  Partitioned compression: HG005_GRCh38_r1000000: hdt-merge complete — hdt-merge-r02-00018
  Partitioned compression: HG005_GRCh38_r1000000: hdt-merge started — hdt-merge-r02-00019
  Partitioned compression: HG005_GRCh38_r1000000: hdt-merge complete — hdt-merge-r02-00019
  Partitioned compression: HG005_GRCh38_r1000000: hdt-merge started — hdt-merge-r02-00020
  Partitioned compression: HG005_GRCh38_r1000000: hdt-merge complete — hdt-merge-r02-00020
  Partitioned compression: HG005_GRCh38_r1000000: hdt-merge started — hdt-merge-r02-00021
  Partitioned compression: HG005_GRCh38_r1000000: hdt-merge complete — hdt-merge-r02-00021
  Partitioned compression: HG005_GRCh38_r1000000: hdt-merge started — hdt-merge-r02-00022
  Partitioned compression: HG005_GRCh38_r1000000: hdt-merge complete — hdt-merge-r02-00022
  Partitioned compression: HG005_GRCh38_r1000000: hdt-merge started — hdt-merge-r02-00023
  Partitioned compression: HG005_GRCh38_r1000000: hdt-merge complete — hdt-merge-r02-00023
  Partitioned compression: HG005_GRCh38_r1000000: hdt-merge started — hdt-merge-r02-00024
  Partitioned compression: HG005_GRCh38_r1000000: hdt-merge complete — hdt-merge-r02-00024
  Partitioned compression: HG005_GRCh38_r1000000: hdt-merge started — hdt-merge-r02-00025
  Partitioned compression: HG005_GRCh38_r1000000: hdt-merge complete — hdt-merge-r02-00025
  Partitioned compression: HG005_GRCh38_r1000000: hdt-merge started — hdt-merge-r02-00026
  Partitioned compression: HG005_GRCh38_r1000000: hdt-merge complete — hdt-merge-r02-00026
  Partitioned compression: HG005_GRCh38_r1000000: hdt-merge started — hdt-merge-r02-00027
  Partitioned compression: HG005_GRCh38_r1000000: hdt-merge complete — hdt-merge-r02-00027
  Partitioned compression: HG005_GRCh38_r1000000: hdt-merge started — hdt-merge-r02-00028
  Partitioned compression: HG005_GRCh38_r1000000: hdt-merge complete — hdt-merge-r02-00028
  Partitioned compression: HG005_GRCh38_r1000000: hdt-merge started — hdt-merge-r02-00029
  Partitioned compression: HG005_GRCh38_r1000000: hdt-merge complete — hdt-merge-r02-00029
  Partitioned compression: HG005_GRCh38_r1000000: hdt-merge started — hdt-merge-r02-00030
  Partitioned compression: HG005_GRCh38_r1000000: hdt-merge complete — hdt-merge-r02-00030
  Partitioned compression: HG005_GRCh38_r1000000: hdt-merge started — hdt-merge-r02-00031
  Partitioned compression: HG005_GRCh38_r1000000: hdt-merge complete — hdt-merge-r02-00031
  Partitioned compression: HG005_GRCh38_r1000000: hdt-merge started — hdt-merge-r02-00032
  Partitioned compression: HG005_GRCh38_r1000000: hdt-merge complete — hdt-merge-r02-00032
  Partitioned compression: HG005_GRCh38_r1000000: hdt-merge started — hdt-merge-r02-00033
  Partitioned compression: HG005_GRCh38_r1000000: hdt-merge complete — hdt-merge-r02-00033
  Partitioned compression: HG005_GRCh38_r1000000: hdt-merge started — hdt-merge-r02-00034
  Partitioned compression: HG005_GRCh38_r1000000: hdt-merge complete — hdt-merge-r02-00034
  Partitioned compression: HG005_GRCh38_r1000000: hdt-merge started — hdt-merge-r02-00035
  Partitioned compression: HG005_GRCh38_r1000000: hdt-merge complete — hdt-merge-r02-00035
  Partitioned compression: HG005_GRCh38_r1000000: hdt-merge started — hdt-merge-r02-00036
  Partitioned compression: HG005_GRCh38_r1000000: hdt-merge complete — hdt-merge-r02-00036
  Partitioned compression: HG005_GRCh38_r1000000: hdt-merge started — hdt-merge-r02-00037
  Partitioned compression: HG005_GRCh38_r1000000: hdt-merge complete — hdt-merge-r02-00037
  Partitioned compression: HG005_GRCh38_r1000000: hdt-merge started — hdt-merge-r02-00038
  Partitioned compression: HG005_GRCh38_r1000000: hdt-merge complete — hdt-merge-r02-00038
  Partitioned compression: HG005_GRCh38_r1000000: hdt-merge started — hdt-merge-r02-00039
  Partitioned compression: HG005_GRCh38_r1000000: hdt-merge complete — hdt-merge-r02-00039
  Partitioned compression: HG005_GRCh38_r1000000: hdt-merge started — hdt-merge-r02-00040
  Partitioned compression: HG005_GRCh38_r1000000: hdt-merge complete — hdt-merge-r02-00040
  Partitioned compression: HG005_GRCh38_r1000000: hdt-merge started — hdt-merge-r03-00000
  Partitioned compression: HG005_GRCh38_r1000000: hdt-merge complete — hdt-merge-r03-00000
  Partitioned compression: HG005_GRCh38_r1000000: hdt-merge started — hdt-merge-r03-00001
  Partitioned compression: HG005_GRCh38_r1000000: hdt-merge complete — hdt-merge-r03-00001
  Partitioned compression: HG005_GRCh38_r1000000: hdt-merge started — hdt-merge-r03-00002
  Partitioned compression: HG005_GRCh38_r1000000: hdt-merge complete — hdt-merge-r03-00002
  Partitioned compression: HG005_GRCh38_r1000000: hdt-merge started — hdt-merge-r03-00003
  Partitioned compression: HG005_GRCh38_r1000000: hdt-merge complete — hdt-merge-r03-00003
  Partitioned compression: HG005_GRCh38_r1000000: hdt-merge started — hdt-merge-r03-00004
  Partitioned compression: HG005_GRCh38_r1000000: hdt-merge complete — hdt-merge-r03-00004
  Partitioned compression: HG005_GRCh38_r1000000: hdt-merge started — hdt-merge-r03-00005
  Partitioned compression: HG005_GRCh38_r1000000: hdt-merge complete — hdt-merge-r03-00005
  Partitioned compression: HG005_GRCh38_r1000000: hdt-merge started — hdt-merge-r03-00006
  Partitioned compression: HG005_GRCh38_r1000000: hdt-merge complete — hdt-merge-r03-00006
  Partitioned compression: HG005_GRCh38_r1000000: hdt-merge started — hdt-merge-r03-00007
  Partitioned compression: HG005_GRCh38_r1000000: hdt-merge complete — hdt-merge-r03-00007
  Partitioned compression: HG005_GRCh38_r1000000: hdt-merge started — hdt-merge-r03-00008
  Partitioned compression: HG005_GRCh38_r1000000: hdt-merge complete — hdt-merge-r03-00008
  Partitioned compression: HG005_GRCh38_r1000000: hdt-merge started — hdt-merge-r03-00009
  Partitioned compression: HG005_GRCh38_r1000000: hdt-merge complete — hdt-merge-r03-00009
  Partitioned compression: HG005_GRCh38_r1000000: hdt-merge started — hdt-merge-r03-00010
  Partitioned compression: HG005_GRCh38_r1000000: hdt-merge complete — hdt-merge-r03-00010
  Partitioned compression: HG005_GRCh38_r1000000: hdt-merge started — hdt-merge-r03-00011
  Partitioned compression: HG005_GRCh38_r1000000: hdt-merge complete — hdt-merge-r03-00011
  Partitioned compression: HG005_GRCh38_r1000000: hdt-merge started — hdt-merge-r03-00012
  Partitioned compression: HG005_GRCh38_r1000000: hdt-merge complete — hdt-merge-r03-00012
  Partitioned compression: HG005_GRCh38_r1000000: hdt-merge started — hdt-merge-r03-00013
  Partitioned compression: HG005_GRCh38_r1000000: hdt-merge complete — hdt-merge-r03-00013
  Partitioned compression: HG005_GRCh38_r1000000: hdt-merge started — hdt-merge-r03-00014
  Partitioned compression: HG005_GRCh38_r1000000: hdt-merge complete — hdt-merge-r03-00014
  Partitioned compression: HG005_GRCh38_r1000000: hdt-merge started — hdt-merge-r03-00015
  Partitioned compression: HG005_GRCh38_r1000000: hdt-merge complete — hdt-merge-r03-00015
  Partitioned compression: HG005_GRCh38_r1000000: hdt-merge started — hdt-merge-r03-00016
  Partitioned compression: HG005_GRCh38_r1000000: hdt-merge complete — hdt-merge-r03-00016
  Partitioned compression: HG005_GRCh38_r1000000: hdt-merge started — hdt-merge-r03-00017
  Partitioned compression: HG005_GRCh38_r1000000: hdt-merge complete — hdt-merge-r03-00017
  Partitioned compression: HG005_GRCh38_r1000000: hdt-merge started — hdt-merge-r03-00018
  Partitioned compression: HG005_GRCh38_r1000000: hdt-merge complete — hdt-merge-r03-00018
  Partitioned compression: HG005_GRCh38_r1000000: hdt-merge started — hdt-merge-r03-00019
  Partitioned compression: HG005_GRCh38_r1000000: hdt-merge complete — hdt-merge-r03-00019
  Partitioned compression: HG005_GRCh38_r1000000: hdt-merge started — hdt-merge-r03-00020
  Partitioned compression: HG005_GRCh38_r1000000: hdt-merge complete — hdt-merge-r03-00020
  Partitioned compression: HG005_GRCh38_r1000000: hdt-merge started — hdt-merge-r04-00000
  Partitioned compression: HG005_GRCh38_r1000000: hdt-merge complete — hdt-merge-r04-00000
  Partitioned compression: HG005_GRCh38_r1000000: hdt-merge started — hdt-merge-r04-00001
  Partitioned compression: HG005_GRCh38_r1000000: hdt-merge complete — hdt-merge-r04-00001
  Partitioned compression: HG005_GRCh38_r1000000: hdt-merge started — hdt-merge-r04-00002
  Partitioned compression: HG005_GRCh38_r1000000: hdt-merge complete — hdt-merge-r04-00002
  Partitioned compression: HG005_GRCh38_r1000000: hdt-merge started — hdt-merge-r04-00003
  Partitioned compression: HG005_GRCh38_r1000000: hdt-merge complete — hdt-merge-r04-00003
  Partitioned compression: HG005_GRCh38_r1000000: hdt-merge started — hdt-merge-r04-00004
  Partitioned compression: HG005_GRCh38_r1000000: hdt-merge complete — hdt-merge-r04-00004
  Partitioned compression: HG005_GRCh38_r1000000: hdt-merge started — hdt-merge-r04-00005
  Partitioned compression: HG005_GRCh38_r1000000: hdt-merge complete — hdt-merge-r04-00005
  Partitioned compression: HG005_GRCh38_r1000000: hdt-merge started — hdt-merge-r04-00006
  Partitioned compression: HG005_GRCh38_r1000000: hdt-merge complete — hdt-merge-r04-00006
  Partitioned compression: HG005_GRCh38_r1000000: hdt-merge started — hdt-merge-r04-00007
  Partitioned compression: HG005_GRCh38_r1000000: hdt-merge complete — hdt-merge-r04-00007
  Partitioned compression: HG005_GRCh38_r1000000: hdt-merge started — hdt-merge-r04-00008
  Partitioned compression: HG005_GRCh38_r1000000: hdt-merge complete — hdt-merge-r04-00008
  Partitioned compression: HG005_GRCh38_r1000000: hdt-merge started — hdt-merge-r04-00009
  Partitioned compression: HG005_GRCh38_r1000000: hdt-merge complete — hdt-merge-r04-00009
  Partitioned compression: HG005_GRCh38_r1000000: hdt-merge started — hdt-merge-r05-00000
  Partitioned compression: HG005_GRCh38_r1000000: hdt-merge complete — hdt-merge-r05-00000
  Partitioned compression: HG005_GRCh38_r1000000: hdt-merge started — hdt-merge-r05-00001
  Partitioned compression: HG005_GRCh38_r1000000: hdt-merge complete — hdt-merge-r05-00001
  Partitioned compression: HG005_GRCh38_r1000000: hdt-merge started — hdt-merge-r05-00002
  Partitioned compression: HG005_GRCh38_r1000000: hdt-merge complete — hdt-merge-r05-00002
  Partitioned compression: HG005_GRCh38_r1000000: hdt-merge started — hdt-merge-r05-00003
  Partitioned compression: HG005_GRCh38_r1000000: hdt-merge complete — hdt-merge-r05-00003
  Partitioned compression: HG005_GRCh38_r1000000: hdt-merge started — hdt-merge-r05-00004
  Partitioned compression: HG005_GRCh38_r1000000: hdt-merge complete — hdt-merge-r05-00004
  Partitioned compression: HG005_GRCh38_r1000000: hdt-merge started — hdt-merge-r06-00000
  Partitioned compression: HG005_GRCh38_r1000000: hdt-merge complete — hdt-merge-r06-00000
  Partitioned compression: HG005_GRCh38_r1000000: hdt-merge started — hdt-merge-r06-00001
  Partitioned compression: HG005_GRCh38_r1000000: hdt-merge complete — hdt-merge-r06-00001
  Partitioned compression: HG005_GRCh38_r1000000: hdt-merge started — hdt-merge-r06-00002
  Partitioned compression: HG005_GRCh38_r1000000: hdt-merge complete — hdt-merge-r06-00002
  Partitioned compression: HG005_GRCh38_r1000000: hdt-merge started — hdt-merge-r07-00000
  Partitioned compression: HG005_GRCh38_r1000000: hdt-merge complete — hdt-merge-r07-00000
  Partitioned compression: HG005_GRCh38_r1000000: hdt-merge started — hdt-merge-r08-00000
  Partitioned compression: HG005_GRCh38_r1000000: hdt-merge complete — hdt-merge-r08-00000
  Partitioned compression: HG005_GRCh38_r1000000: hdt started — hdt-index
  Partitioned compression: HG005_GRCh38_r1000000: hdt complete — hdt-index
  Partitioned compression: HG005_GRCh38_r1000000: hdt started — hdt-validate
  Partitioned compression: HG005_GRCh38_r1000000: hdt complete — hdt-validate
Partitioned compression: HG005_GRCh38_r1000000: finished
