1790353289	4096
1790353294	4096
1790353299	4096
1790353304	4096
1790353309	4096
1790353314	4096
1790353319	4096
1790353324	4096
1790353329	4096
1790353334	4096
1790353339	4096
1790353344	4096
1790353349	4096
1790353354	4096
1790353359	4096
1790353364	4096
1790353369	4096
1790353374	4096
1790353379	4096
1790353384	4096
1790353389	4096
1790353394	4096
1790353399	4096
1790353404	4096
1790353409	4096
1790353414	4096
1790353419	4096
1790353424	4096
1790353429	4096
1790353434	4096
1790353439	4096
1790353444	4096
1790353449	4096
1790353454	4096
1790353459	4096
1790353464	4096
1790353469	4096
1790353474	4096
1790353479	4096
1790353484	4096
1790353489	4096
1790353494	4096
1790353499	4096
1790353504	4096
1790353509	4096
1790353514	4096
1790353519	4096
1790353524	4096
1790353529	4096
1790353534	4096
1790353539	4096
1790353544	4096
1790353549	4096
1790353554	4096
1790353559	4096
1790353564	4096
1790353569	4096
1790353574	4096
1790353579	4096
1790353584	4096
1790353589	4096
1790353594	4096
1790353599	4096
1790353604	4096
1790353609	4096
1790353614	4096
1790353619	4096
1790353624	4096
1790353629	4096
1790353634	4096
1790353639	4096
1790353644	4096
1790353649	4096
1790353654	4096
1790353659	4096
1790353664	4096
1790353669	4096
1790353674	4096
1790353679	4096
1790353684	4096
1790353689	4096
1790353694	4096
1790353699	4096
1790353704	4096
1790353709	4096
1790353714	4096
1790353719	4096
1790353724	4096
1790353729	4096
1790353734	4096
1790353739	4096
1790353744	4096
1790353749	4096
1790353754	4096
1790353759	4096
1790353764	4096
1790353769	4096
1790353775	4096
1790353780	4096
1790353785	4096
1790353790	4096
1790353795	4096
1790353800	4096
1790353805	4096
1790353810	4096
1790353815	4096
1790353820	4096
1790353825	4096
1790353830	4096
1790353835	4096
1790353840	4096
1790353845	4096
1790353850	4096
1790353855	4096
1790353860	4096
1790353865	4096
1790353870	4096
1790353875	4096
1790353880	4096
1790353885	4096
1790353890	4096
1790353895	4096
1790353900	4096
1790353905	4096
1790353910	4096
1790353915	4096
1790353920	4096
1790353925	4096
1790353930	4096
1790353935	4096
1790353940	4096
1790353945	4096
1790353950	4096
1790353955	4096
1790353960	4096
1790353965	4096
1790353970	4096
1790353975	4096
1790353980	4096
1790353985	4096
1790353990	4096
1790353995	4096
1790354000	4096
1790354005	4096
1790354010	4096
1790354015	4096
1790354020	4096
1790354025	4096
1790354030	4096
1790354035	4096
1790354040	4096
1790354045	4096
1790354050	4096
1790354055	4096
1790354060	4096
1790354065	4096
1790354070	4096
1790354075	4096
1790354080	4096
1790354085	4096
1790354090	4096
1790354095	4096
1790354100	4096
1790354105	4096
1790354110	4096
1790354115	4096
1790354120	4096
1790354125	4096
1790354130	4096
1790354135	4096
1790354140	4096
1790354145	4096
1790354150	4096
1790354155	4096
1790354160	4096
1790354165	4096
1790354170	4096
1790354175	4096
1790354180	4096
1790354185	4096
1790354190	4096
1790354195	4096
1790354200	4096
1790354205	4096
1790354210	4096
1790354215	4096
1790354220	4096
1790354225	4096
1790354230	4096
1790354235	4096
1790354240	4096
1790354245	4096
1790354250	4096
1790354255	4096
1790354260	4096
1790354265	4096
1790354270	4096
1790354275	4096
1790354280	4096
1790354285	4096
1790354290	4096
1790354295	4096
1790354300	4096
1790354305	4096
1790354310	4096
1790354315	4096
1790354320	4096
1790354325	4096
1790354330	4096
1790354335	4096
1790354340	4096
1790354345	4096
1790354350	4096
1790354355	4096
1790354360	4096
1790354365	4096
1790354370	4096
1790354375	4096
1790354380	4096
1790354385	4096
1790354390	4096
1790354395	4096
1790354400	4096
1790354405	4096
1790354410	4096
1790354415	4096
1790354420	4096
1790354425	4096
1790354430	4096
1790354435	4096
1790354440	4096
1790354445	4096
1790354450	4096
1790354455	4096
1790354460	4096
1790354465	4096
1790354470	4096
1790354475	4096
1790354480	4096
1790354485	4096
1790354490	4096
1790354495	4096
1790354500	4096
1790354505	4096
1790354510	4096
1790354515	4096
1790354520	4096
1790354525	4096
1790354530	4096
1790354535	4096
1790354540	4096
1790354545	4096
1790354550	4096
1790354555	4096
1790354560	4096
1790354565	4096
1790354570	4096
1790354575	4096
1790354580	4096
1790354585	4096
1790354590	4096
1790354595	4096
1790354600	4096
1790354605	4096
1790354610	4096
1790354615	4096
1790354620	4096
1790354625	4096
1790354630	4096
1790354635	4096
1790354640	4096
1790354645	4096
1790354650	4096
1790354655	4096
1790354660	4096
1790354665	4096
1790354670	4096
1790354675	4096
1790354680	4096
1790354685	4096
1790354690	4096
1790354695	4096
1790354700	4096
1790354705	4096
1790354710	4096
1790354716	4096
1790354721	4096
1790354726	4096
1790354731	4096
1790354736	4096
1790354741	4096
1790354746	4096
1790354751	4096
1790354756	4096
1790354761	4096
1790354766	4096
1790354771	4096
1790354776	4096
1790354781	4096
1790354786	4096
1790354791	4096
1790354796	4096
1790354801	4096
1790354806	4096
1790354811	4096
1790354816	4096
1790354821	4096
1790354826	4096
1790354831	4096
1790354836	4096
1790354841	4096
1790354846	4096
1790354851	4096
1790354856	4096
1790354861	4096
1790354866	4096
1790354871	4096
1790354876	4096
1790354881	4096
1790354886	4096
1790354891	4096
1790354896	4096
1790354901	4096
1790354906	4096
1790354911	4096
1790354916	4096
1790354921	4096
1790354926	4096
1790354931	4096
1790354936	4096
1790354941	4096
1790354946	4096
1790354951	4096
1790354956	4096
1790354961	4096
1790354966	4096
1790354971	4096
1790354976	4096
1790354981	4096
1790354986	4096
1790354991	4096
1790354996	4096
1790355001	4096
1790355006	4096
1790355011	4096
1790355016	4096
1790355021	4096
1790355026	4096
1790355031	4096
1790355036	4096
1790355041	4096
1790355046	4096
1790355051	4096
1790355056	4096
1790355061	4096
1790355066	4096
1790355071	4096
1790355076	4096
1790355081	4096
1790355086	4096
1790355091	4096
1790355096	4096
1790355101	4096
1790355106	4096
1790355111	4096
1790355116	4096
1790355121	4096
1790355126	4096
1790355131	4096
1790355136	4096
1790355141	4096
1790355146	4096
1790355151	4096
1790355156	4096
1790355161	4096
1790355166	4096
1790355171	4096
1790355176	4096
1790355181	4096
1790355186	4096
1790355191	4096
1790355196	4096
1790355201	4096
1790355206	4096
1790355211	4096
1790355216	4096
1790355221	4096
1790355226	4096
1790355231	4096
1790355236	4096
1790355241	4096
1790355246	4096
1790355251	4096
1790355256	4096
1790355261	4096
1790355266	4096
1790355271	4096
1790355276	4096
1790355281	4096
1790355286	4096
1790355291	4096
1790355296	4096
1790355301	4096
1790355306	4096
1790355311	4096
1790355316	4096
1790355321	4096
1790355326	4096
1790355331	4096
1790355336	4096
1790355341	4096
1790355346	4096
1790355351	4096
1790355356	4096
1790355361	4096
1790355366	4096
1790355371	4096
1790355376	4096
1790355381	4096
1790355386	4096
1790355391	4096
1790355396	4096
1790355401	4096
1790355406	4096
1790355411	4096
1790355416	4096
1790355421	4096
1790355426	4096
1790355431	4096
1790355436	4096
1790355441	4096
1790355446	4096
1790355451	4096
1790355456	4096
1790355461	4096
1790355466	4096
1790355471	4096
1790355476	4096
1790355481	4096
1790355486	4096
1790355491	4096
1790355496	4096
1790355501	4096
1790355506	4096
1790355511	4096
1790355516	4096
1790355521	4096
1790355526	4096
1790355531	4096
1790355536	4096
1790355541	4096
1790355546	4096
1790355551	4096
1790355556	4096
1790355561	4096
1790355566	4096
1790355571	4096
1790355576	4096
1790355581	4096
1790355586	4096
1790355591	4096
1790355596	4096
1790355601	4096
1790355606	4096
1790355611	4096
1790355616	4096
1790355621	4096
1790355626	4096
1790355631	4096
1790355636	4096
1790355641	4096
1790355646	4096
1790355652	4096
1790355657	4096
1790355662	4096
1790355667	4096
1790355672	4096
1790355677	4096
1790355682	4096
1790355687	4096
1790355692	4096
1790355697	4096
1790355702	4096
1790355707	4096
1790355712	4096
1790355717	4096
1790355722	4096
1790355727	4096
1790355732	4096
1790355737	4096
1790355742	4096
1790355747	4096
1790355752	4096
1790355757	4096
1790355762	4096
1790355767	4096
1790355772	4096
1790355777	4096
1790355782	4096
1790355787	4096
1790355792	4096
1790355797	4096
1790355802	4096
1790355807	4096
1790355812	4096
1790355817	4096
1790355822	4096
1790355827	4096
1790355832	4096
1790355837	4096
1790355842	4096
1790355847	4096
1790355852	4096
1790355857	4096
1790355862	4096
1790355867	4096
1790355872	4096
1790355877	4096
1790355882	4096
1790355887	4096
1790355892	4096
1790355897	4096
1790355902	4096
1790355907	4096
1790355912	4096
1790355917	4096
1790355922	4096
1790355927	4096
1790355932	4096
1790355937	4096
1790355942	4096
1790355947	4096
1790355952	4096
1790355957	4096
1790355962	4096
1790355967	4096
1790355972	4096
1790355977	4096
1790355982	4096
1790355987	4096
1790355992	4096
1790355997	4096
1790356002	4096
1790356007	4096
1790356012	4096
1790356017	4096
1790356022	4096
1790356027	4096
1790356032	4096
1790356037	4096
1790356042	4096
1790356047	4096
1790356052	4096
1790356057	4096
1790356062	4096
1790356067	4096
1790356072	4096
1790356077	4096
1790356082	4096
1790356087	4096
1790356092	4096
1790356097	4096
1790356102	4096
1790356107	4096
1790356112	4096
1790356117	4096
1790356122	4096
1790356127	4096
1790356132	4096
1790356137	4096
1790356142	4096
1790356147	4096
1790356152	4096
1790356157	4096
1790356162	4096
1790356167	4096
1790356172	4096
1790356177	4096
1790356182	4096
1790356187	4096
1790356192	4096
1790356197	4096
1790356202	4096
1790356207	4096
1790356212	4096
1790356217	4096
1790356222	4096
1790356227	4096
1790356232	4096
1790356237	4096
1790356242	4096
1790356247	4096
1790356252	4096
1790356257	4096
1790356262	4096
1790356267	4096
1790356272	4096
1790356277	4096
1790356282	4096
1790356287	4096
1790356292	4096
1790356297	4096
1790356302	4096
1790356307	4096
1790356312	4096
1790356317	4096
1790356322	4096
1790356327	4096
1790356332	4096
1790356337	4096
1790356342	4096
1790356347	4096
1790356352	4096
1790356357	4096
1790356362	4096
1790356367	4096
1790356372	4096
1790356377	4096
1790356382	4096
1790356387	4096
1790356392	4096
1790356397	4096
1790356402	4096
1790356407	4096
1790356412	4096
1790356417	4096
1790356422	4096
1790356427	4096
1790356432	4096
1790356437	4096
1790356442	4096
1790356447	4096
1790356452	4096
1790356457	4096
1790356462	4096
1790356467	4096
1790356472	4096
1790356477	4096
1790356482	4096
1790356487	4096
1790356492	4096
1790356497	4096
1790356502	4096
1790356507	4096
1790356512	4096
1790356517	4096
1790356522	4096
1790356527	4096
1790356532	4096
1790356537	4096
1790356542	4096
1790356547	4096
1790356552	4096
1790356557	4096
1790356562	4096
1790356567	4096
1790356572	4096
1790356577	4096
1790356583	4096
1790356588	4096
1790356593	4096
1790356598	4096
1790356603	4096
1790356608	4096
1790356613	4096
1790356618	4096
1790356623	4096
1790356628	4096
1790356633	4096
1790356638	4096
1790356643	4096
1790356648	4096
1790356653	4096
1790356658	4096
1790356663	4096
1790356668	4096
1790356673	4096
1790356678	4096
1790356683	4096
1790356688	4096
1790356693	4096
1790356698	4096
1790356703	4096
1790356708	4096
1790356713	4096
1790356718	4096
1790356723	4096
1790356728	4096
1790356733	4096
1790356738	4096
1790356743	4096
1790356748	4096
1790356753	4096
1790356758	4096
1790356763	4096
1790356768	4096
1790356773	4096
1790356778	4096
1790356783	4096
1790356788	4096
1790356793	4096
1790356798	4096
1790356803	4096
1790356808	4096
1790356813	4096
1790356818	4096
1790356823	4096
1790356828	4096
1790356833	4096
1790356838	4096
1790356843	4096
1790356848	4096
1790356853	4096
1790356858	4096
1790356863	4096
1790356868	4096
1790356873	4096
1790356878	4096
1790356883	4096
1790356888	4096
1790356893	4096
1790356898	4096
1790356903	4096
1790356908	4096
1790356913	4096
1790356918	4096
1790356923	4096
1790356928	4096
1790356933	4096
1790356938	4096
1790356943	4096
1790356948	4096
1790356953	4096
1790356958	4096
1790356963	4096
1790356968	4096
1790356973	4096
1790356978	4096
1790356983	4096
1790356988	4096
1790356993	4096
1790356998	4096
1790357003	4096
1790357008	4096
1790357013	4096
1790357018	4096
1790357023	4096
1790357028	4096
1790357033	4096
1790357038	4096
1790357043	4096
1790357048	4096
1790357053	4096
1790357058	4096
1790357063	4096
1790357068	4096
1790357073	4096
1790357078	4096
1790357083	4096
1790357088	4096
1790357093	4096
1790357098	4096
1790357103	4096
1790357108	4096
1790357113	4096
1790357118	4096
1790357123	4096
1790357128	4096
1790357133	4096
1790357138	4096
1790357143	4096
1790357148	4096
1790357153	4096
1790357158	4096
1790357163	4096
1790357168	4096
1790357173	4096
1790357178	4096
1790357183	4096
1790357188	4096
1790357193	4096
1790357198	4096
1790357203	4096
1790357208	4096
1790357213	4096
1790357218	4096
1790357223	4096
1790357228	4096
1790357233	4096
1790357238	4096
1790357243	4096
1790357248	4096
1790357253	4096
1790357258	4096
1790357263	4096
1790357268	4096
1790357273	4096
1790357278	4096
1790357283	4096
1790357288	4096
1790357293	4096
1790357298	4096
1790357303	4096
1790357308	4096
1790357313	4096
1790357318	4096
1790357323	4096
1790357328	4096
1790357333	4096
1790357338	4096
1790357343	4096
1790357348	4096
1790357353	4096
1790357358	4096
1790357363	4096
1790357368	4096
1790357373	4096
1790357378	4096
1790357383	4096
1790357388	4096
1790357393	4096
1790357398	4096
1790357403	4096
1790357408	4096
1790357413	4096
1790357419	4096
1790357424	4096
1790357429	4096
1790357434	4096
1790357439	4096
1790357444	4096
1790357449	4096
1790357454	4096
1790357459	4096
1790357464	4096
1790357469	4096
1790357474	4096
1790357479	4096
1790357484	4096
1790357489	4096
1790357494	4096
1790357499	4096
1790357504	4096
1790357509	4096
1790357514	4096
1790357519	4096
1790357524	4096
1790357529	4096
1790357534	4096
1790357539	4096
1790357544	4096
1790357549	4096
1790357554	4096
1790357559	4096
1790357564	4096
1790357569	4096
1790357574	4096
1790357579	4096
1790357584	4096
1790357589	4096
1790357594	4096
1790357599	4096
1790357604	4096
1790357609	4096
1790357614	4096
1790357619	4096
1790357624	4096
1790357629	4096
1790357634	4096
1790357639	4096
1790357644	4096
1790357649	4096
1790357654	4096
1790357659	4096
1790357664	4096
1790357669	4096
1790357674	4096
1790357679	4096
1790357684	4096
1790357689	4096
1790357694	4096
1790357699	4096
1790357704	4096
1790357709	4096
1790357714	4096
1790357719	4096
1790357724	4096
1790357729	4096
1790357734	4096
1790357739	4096
1790357744	4096
1790357749	4096
1790357754	4096
1790357759	4096
1790357764	4096
1790357769	4096
1790357774	4096
1790357779	4096
1790357784	4096
1790357789	4096
1790357794	4096
1790357799	4096
1790357804	4096
1790357809	4096
1790357814	4096
1790357819	4096
1790357824	4096
1790357829	4096
1790357834	4096
1790357839	4096
1790357844	4096
1790357849	4096
1790357854	4096
1790357859	4096
1790357864	4096
1790357869	4096
1790357874	4096
1790357879	4096
1790357884	4096
1790357889	4096
1790357894	4096
1790357899	4096
1790357904	4096
1790357909	4096
1790357914	4096
1790357919	4096
1790357924	4096
1790357929	4096
1790357934	4096
1790357939	4096
1790357944	4096
1790357949	4096
1790357954	4096
1790357959	4096
1790357964	4096
1790357969	4096
1790357974	4096
1790357979	4096
1790357984	4096
1790357989	4096
1790357994	4096
1790357999	4096
1790358004	4096
1790358009	4096
1790358014	4096
1790358019	4096
1790358024	4096
1790358029	4096
1790358034	4096
1790358039	4096
1790358044	4096
1790358049	4096
1790358054	4096
1790358059	4096
1790358064	4096
1790358069	4096
1790358074	4096
1790358079	4096
1790358084	4096
1790358089	4096
1790358094	4096
1790358099	4096
1790358104	4096
1790358109	4096
1790358114	4096
1790358119	4096
1790358124	4096
1790358129	4096
1790358134	4096
1790358139	4096
1790358144	4096
1790358149	4096
1790358154	4096
1790358159	4096
1790358164	4096
1790358169	4096
1790358174	4096
1790358179	4096
1790358184	4096
1790358189	4096
1790358194	4096
1790358199	4096
1790358204	4096
1790358209	4096
1790358214	4096
1790358219	4096
1790358224	4096
1790358229	4096
1790358234	4096
1790358239	4096
1790358244	4096
1790358249	4096
1790358255	4096
1790358260	4096
1790358265	4096
1790358270	4096
1790358275	4096
1790358280	4096
1790358285	4096
1790358290	4096
1790358295	4096
1790358300	4096
1790358305	4096
1790358310	4096
1790358315	4096
1790358320	4096
1790358325	4096
1790358330	4096
1790358335	4096
1790358340	4096
1790358345	4096
1790358350	4096
1790358355	4096
1790358360	4096
1790358365	4096
1790358370	4096
1790358375	4096
1790358380	4096
1790358385	4096
1790358390	4096
1790358395	4096
1790358400	4096
1790358405	4096
1790358410	4096
1790358415	4096
1790358420	4096
1790358425	4096
1790358430	4096
1790358435	4096
1790358440	4096
1790358445	4096
1790358450	4096
1790358455	4096
1790358460	4096
1790358465	4096
1790358470	4096
1790358475	4096
1790358480	4096
1790358485	4096
1790358490	4096
1790358495	4096
1790358500	4096
1790358505	4096
1790358510	4096
1790358515	4096
1790358520	4096
1790358525	4096
1790358530	4096
1790358535	4096
1790358540	4096
1790358545	4096
1790358550	4096
1790358555	4096
1790358560	4096
1790358565	4096
1790358570	4096
1790358575	4096
1790358580	4096
1790358585	4096
1790358590	4096
1790358595	4096
1790358600	4096
1790358605	4096
1790358610	4096
1790358615	4096
1790358620	4096
1790358625	4096
1790358630	4096
1790358635	4096
1790358640	4096
1790358645	4096
1790358650	4096
1790358655	4096
1790358660	4096
1790358665	4096
1790358670	4096
1790358675	4096
1790358680	4096
1790358685	4096
1790358690	4096
1790358695	4096
1790358700	4096
1790358705	4096
1790358710	4096
1790358715	4096
1790358720	4096
1790358725	4096
1790358730	4096
1790358735	4096
1790358740	4096
1790358745	4096
1790358750	4096
1790358755	4096
1790358760	4096
1790358765	4096
1790358770	4096
1790358775	4096
1790358780	4096
1790358785	4096
1790358790	4096
1790358795	4096
1790358800	4096
1790358805	4096
1790358810	4096
1790358815	4096
1790358820	4096
1790358825	4096
1790358830	4096
1790358835	4096
1790358840	4096
1790358845	4096
1790358850	4096
1790358855	4096
1790358860	4096
1790358865	4096
1790358870	4096
1790358875	4096
1790358880	4096
1790358885	4096
1790358890	4096
1790358895	4096
1790358900	4096
1790358905	4096
1790358910	4096
1790358915	4096
1790358920	4096
1790358925	4096
1790358930	4096
1790358935	4096
1790358940	4096
1790358945	4096
1790358950	4096
1790358955	4096
1790358960	4096
1790358965	4096
1790358970	4096
1790358975	4096
1790358980	4096
1790358985	4096
1790358990	4096
1790358995	4096
1790359000	4096
1790359005	4096
1790359010	4096
1790359015	4096
1790359020	4096
1790359025	4096
1790359030	4096
1790359035	4096
1790359040	4096
1790359045	4096
1790359050	4096
1790359055	4096
1790359060	4096
1790359065	4096
1790359070	4096
1790359075	4096
1790359080	4096
1790359085	4096
1790359091	4096
1790359096	4096
1790359101	4096
1790359106	4096
1790359111	4096
1790359116	4096
1790359121	4096
1790359126	4096
1790359131	4096
1790359136	4096
1790359141	4096
1790359146	4096
1790359151	4096
1790359156	4096
1790359161	4096
1790359166	4096
1790359171	4096
1790359176	4096
1790359181	4096
1790359186	4096
1790359191	4096
1790359196	4096
1790359201	4096
1790359206	4096
1790359211	4096
1790359216	4096
1790359221	4096
1790359226	4096
1790359231	4096
1790359236	4096
1790359241	4096
1790359246	4096
1790359251	4096
1790359256	4096
1790359261	4096
1790359266	4096
1790359271	4096
1790359276	4096
1790359281	4096
1790359286	4096
1790359291	4096
1790359296	4096
1790359301	4096
1790359306	4096
1790359311	4096
1790359316	4096
1790359321	4096
1790359326	4096
1790359331	4096
1790359336	4096
1790359341	4096
1790359346	4096
1790359351	4096
1790359356	4096
1790359361	4096
1790359366	4096
1790359371	4096
1790359376	4096
1790359381	4096
1790359386	4096
1790359391	4096
1790359396	4096
1790359401	4096
1790359406	4096
1790359411	4096
1790359416	4096
1790359421	4096
1790359426	4096
1790359431	4096
1790359436	4096
1790359441	4096
1790359446	4096
1790359451	4096
1790359456	4096
1790359461	4096
1790359466	4096
1790359471	4096
1790359476	4096
1790359481	4096
1790359486	4096
1790359491	4096
1790359496	4096
1790359501	4096
1790359506	4096
1790359511	4096
1790359516	4096
1790359521	4096
1790359526	4096
1790359531	4096
1790359536	4096
1790359541	4096
1790359546	4096
1790359551	4096
1790359556	4096
1790359561	4096
1790359566	4096
1790359571	4096
1790359576	4096
1790359581	4096
1790359586	4096
1790359591	4096
1790359596	4096
1790359601	4096
1790359606	4096
1790359611	4096
1790359616	4096
1790359621	4096
1790359626	4096
1790359631	4096
1790359636	4096
1790359641	4096
1790359646	4096
1790359651	4096
1790359656	4096
1790359661	4096
1790359666	4096
1790359671	4096
1790359676	4096
1790359681	4096
1790359686	4096
1790359691	4096
1790359696	4096
1790359701	4096
1790359706	4096
1790359711	4096
1790359716	4096
1790359721	4096
1790359726	4096
1790359731	4096
1790359736	4096
1790359741	4096
1790359746	4096
1790359751	4096
1790359756	4096
1790359761	4096
1790359766	4096
1790359771	4096
1790359776	4096
1790359781	4096
1790359786	4096
1790359791	4096
1790359796	4096
1790359801	4096
1790359806	4096
1790359811	4096
1790359816	4096
1790359821	4096
1790359826	4096
1790359831	4096
1790359836	4096
1790359841	4096
1790359846	4096
1790359851	4096
1790359856	4096
1790359861	4096
1790359866	4096
1790359871	4096
1790359876	4096
1790359881	4096
1790359886	4096
1790359891	4096
1790359896	4096
1790359901	4096
1790359906	4096
1790359911	4096
1790359916	4096
1790359921	4096
1790359926	4096
1790359931	4096
1790359936	4096
1790359941	4096
1790359946	4096
1790359952	4096
1790359957	4096
1790359962	4096
1790359967	4096
1790359972	4096
1790359977	4096
1790359982	4096
1790359987	4096
1790359992	4096
1790359997	4096
1790360002	4096
1790360007	4096
1790360012	4096
1790360017	4096
1790360022	4096
1790360027	4096
1790360032	4096
1790360037	4096
1790360042	4096
1790360047	4096
1790360052	4096
1790360057	4096
1790360062	4096
1790360067	4096
1790360072	4096
1790360077	4096
1790360082	4096
1790360087	4096
1790360092	4096
1790360097	4096
1790360102	4096
1790360107	4096
1790360112	4096
1790360117	4096
1790360122	4096
1790360127	4096
1790360132	4096
1790360137	4096
1790360142	4096
1790360147	4096
1790360152	4096
1790360157	4096
1790360162	4096
1790360167	4096
1790360172	4096
1790360177	4096
1790360182	4096
1790360187	4096
1790360192	4096
1790360197	4096
1790360202	4096
1790360207	4096
1790360212	4096
1790360217	4096
1790360222	4096
1790360227	4096
1790360232	4096
1790360237	4096
1790360242	4096
1790360247	4096
1790360252	4096
1790360257	4096
1790360262	4096
1790360267	4096
1790360272	4096
1790360277	4096
1790360282	4096
1790360287	4096
1790360292	4096
1790360297	4096
1790360302	4096
1790360307	4096
1790360312	4096
1790360317	4096
1790360322	4096
1790360327	4096
1790360332	4096
1790360337	4096
1790360342	4096
1790360347	4096
1790360352	4096
1790360357	4096
1790360362	4096
1790360367	4096
1790360372	4096
1790360377	4096
1790360382	4096
1790360387	4096
1790360392	4096
1790360397	4096
1790360402	4096
1790360407	4096
1790360412	4096
1790360417	4096
1790360422	4096
1790360427	4096
1790360432	4096
1790360437	4096
1790360442	4096
1790360447	4096
1790360452	4096
1790360457	4096
1790360462	4096
1790360467	4096
1790360472	4096
1790360477	4096
1790360482	4096
1790360487	4096
1790360492	4096
1790360497	4096
1790360502	4096
1790360507	4096
1790360512	4096
1790360517	4096
1790360522	4096
1790360527	4096
1790360532	4096
1790360537	4096
1790360542	4096
1790360547	4096
1790360552	4096
1790360557	4096
1790360562	4096
1790360567	4096
1790360572	4096
1790360577	4096
1790360582	4096
1790360587	4096
1790360592	4096
1790360597	4096
1790360602	4096
1790360607	4096
1790360612	4096
1790360617	4096
1790360622	4096
1790360627	4096
1790360632	4096
1790360637	4096
1790360642	4096
1790360647	4096
1790360652	4096
1790360657	4096
1790360662	4096
1790360667	4096
1790360672	4096
1790360677	4096
1790360682	4096
1790360687	4096
1790360692	4096
1790360697	4096
1790360702	4096
1790360707	4096
1790360712	4096
1790360717	4096
1790360722	4096
1790360727	4096
1790360732	4096
1790360737	4096
1790360742	4096
1790360747	4096
1790360752	4096
1790360757	4096
1790360762	4096
1790360768	4096
1790360773	4096
1790360778	4096
1790360783	4096
1790360788	4096
1790360793	4096
1790360798	4096
1790360803	4096
1790360808	4096
1790360813	4096
1790360818	4096
1790360823	4096
1790360828	4096
1790360833	4096
1790360838	4096
1790360843	4096
1790360848	4096
1790360853	4096
1790360858	4096
1790360863	4096
1790360868	4096
1790360873	4096
1790360878	4096
1790360883	4096
1790360888	4096
1790360893	4096
1790360898	4096
1790360903	4096
1790360908	4096
1790360913	4096
1790360918	4096
1790360923	4096
1790360928	4096
1790360933	4096
1790360938	4096
1790360943	4096
1790360948	4096
1790360953	4096
1790360958	4096
1790360963	4096
1790360968	4096
1790360973	4096
1790360978	4096
1790360983	4096
1790360988	4096
1790360993	4096
1790360998	4096
1790361003	4096
1790361008	4096
1790361013	4096
1790361018	4096
1790361023	4096
1790361028	4096
1790361033	4096
1790361038	4096
1790361043	4096
1790361048	4096
1790361053	4096
1790361058	4096
1790361063	4096
1790361068	4096
1790361073	4096
1790361078	4096
1790361083	4096
1790361088	4096
1790361093	4096
1790361098	4096
1790361103	4096
1790361108	4096
1790361113	4096
1790361118	4096
1790361123	4096
1790361128	4096
1790361133	4096
1790361138	4096
1790361143	4096
1790361148	4096
1790361153	4096
1790361158	4096
1790361163	4096
1790361168	4096
1790361173	4096
1790361178	4096
1790361183	4096
1790361188	4096
1790361193	4096
1790361198	4096
1790361203	4096
1790361208	4096
1790361213	4096
1790361218	4096
1790361223	4096
1790361228	4096
1790361233	4096
1790361238	4096
1790361243	4096
1790361248	4096
1790361253	4096
1790361258	4096
1790361263	4096
1790361268	4096
1790361273	4096
1790361278	4096
1790361283	4096
1790361288	4096
1790361293	4096
1790361298	4096
1790361303	4096
1790361308	4096
1790361313	4096
1790361318	4096
1790361323	4096
1790361328	4096
1790361333	4096
1790361338	4096
1790361343	4096
1790361348	4096
1790361353	4096
1790361358	4096
1790361363	4096
1790361368	4096
1790361373	4096
1790361378	4096
1790361383	4096
1790361388	4096
1790361393	4096
1790361398	4096
1790361403	4096
1790361408	4096
1790361413	4096
1790361418	4096
1790361423	4096
1790361428	4096
1790361433	4096
1790361438	4096
1790361443	4096
1790361448	4096
1790361453	4096
1790361458	4096
1790361463	4096
1790361468	4096
1790361473	4096
1790361478	4096
1790361483	4096
1790361488	4096
1790361493	4096
1790361498	4096
1790361503	4096
1790361508	4096
1790361513	4096
1790361518	4096
1790361523	4096
1790361528	4096
1790361533	4096
1790361538	4096
1790361543	4096
1790361548	4096
1790361553	4096
1790361558	4096
1790361563	4096
1790361568	4096
1790361573	4096
1790361578	4096
1790361583	4096
1790361588	4096
1790361593	4096
1790361598	4096
1790361603	4096
1790361608	4096
1790361613	4096
1790361618	4096
1790361624	4096
1790361629	4096
1790361634	4096
1790361639	4096
1790361644	4096
1790361649	4096
1790361654	4096
1790361659	4096
1790361664	4096
1790361669	4096
1790361674	4096
1790361679	4096
1790361684	4096
1790361689	4096
1790361694	4096
1790361699	4096
1790361704	4096
1790361709	4096
1790361714	4096
1790361719	4096
1790361724	4096
1790361729	4096
1790361734	4096
1790361739	4096
1790361744	4096
1790361749	4096
1790361754	4096
1790361759	4096
1790361764	4096
1790361769	4096
1790361774	4096
1790361779	4096
1790361784	4096
1790361789	4096
1790361794	4096
1790361799	4096
1790361804	4096
1790361809	4096
1790361814	4096
1790361819	4096
1790361824	4096
1790361829	4096
1790361834	4096
1790361839	4096
1790361844	4096
1790361849	4096
1790361854	4096
1790361859	4096
1790361864	4096
1790361869	4096
1790361874	4096
1790361879	4096
1790361884	4096
1790361889	4096
1790361894	4096
1790361899	4096
1790361904	4096
1790361909	4096
1790361914	4096
1790361919	4096
1790361924	4096
1790361929	4096
1790361934	4096
1790361939	4096
1790361944	4096
1790361949	4096
1790361954	4096
1790361959	4096
1790361964	4096
1790361969	4096
1790361974	4096
1790361979	4096
1790361984	4096
1790361989	4096
1790361994	4096
1790361999	4096
1790362004	4096
1790362009	4096
1790362014	4096
1790362019	4096
1790362024	4096
1790362029	4096
1790362034	4096
1790362039	4096
1790362044	4096
1790362049	4096
1790362054	4096
1790362059	4096
1790362064	4096
1790362069	4096
1790362074	4096
1790362079	4096
1790362084	4096
1790362089	4096
1790362094	4096
1790362099	4096
1790362104	4096
1790362109	4096
1790362114	4096
1790362119	4096
1790362124	4096
1790362129	4096
1790362134	4096
1790362139	4096
1790362144	4096
1790362149	4096
1790362154	4096
1790362159	4096
1790362164	4096
1790362169	4096
1790362174	4096
1790362179	4096
1790362184	4096
1790362189	4096
1790362194	4096
1790362199	4096
1790362204	4096
1790362209	4096
1790362214	4096
1790362219	4096
1790362224	4096
1790362229	4096
1790362234	4096
1790362239	4096
1790362244	4096
1790362249	4096
1790362254	4096
1790362259	4096
1790362264	4096
1790362269	4096
1790362274	4096
1790362279	4096
1790362284	4096
1790362289	4096
1790362294	4096
1790362299	4096
1790362304	4096
1790362309	4096
1790362314	4096
1790362319	4096
1790362324	4096
1790362329	4096
1790362334	4096
1790362339	4096
1790362344	4096
1790362349	4096
1790362354	4096
1790362359	4096
1790362364	4096
1790362369	4096
1790362374	4096
1790362379	4096
1790362384	4096
1790362389	4096
1790362394	4096
1790362399	4096
1790362404	4096
1790362409	4096
1790362414	4096
1790362419	4096
1790362424	4096
1790362429	4096
1790362434	4096
1790362439	4096
1790362444	4096
1790362449	4096
1790362454	4096
1790362459	4096
1790362464	4096
1790362469	4096
1790362475	4096
1790362480	4096
1790362485	4096
1790362490	4096
1790362495	4096
1790362500	4096
1790362505	4096
1790362510	4096
1790362515	4096
1790362520	4096
1790362525	4096
1790362530	4096
1790362535	4096
1790362540	4096
1790362545	4096
1790362550	4096
1790362555	4096
1790362560	4096
1790362565	4096
1790362570	4096
1790362575	4096
1790362580	4096
1790362585	4096
1790362590	4096
1790362595	4096
1790362600	4096
1790362605	4096
1790362610	4096
1790362615	4096
1790362620	4096
1790362625	4096
1790362630	4096
1790362635	4096
1790362640	4096
1790362645	4096
1790362650	4096
1790362655	4096
1790362660	4096
1790362665	4096
1790362670	4096
1790362675	4096
1790362680	4096
1790362685	4096
1790362690	4096
1790362695	4096
1790362700	4096
1790362705	4096
1790362710	4096
1790362715	4096
1790362720	4096
1790362725	4096
1790362730	4096
1790362735	4096
1790362740	4096
1790362745	4096
1790362750	4096
1790362755	4096
1790362760	4096
1790362765	4096
1790362770	4096
1790362775	4096
1790362780	4096
1790362785	4096
1790362790	4096
1790362795	4096
1790362800	4096
1790362805	4096
1790362810	4096
1790362815	4096
1790362820	4096
1790362825	4096
1790362830	4096
1790362835	4096
1790362840	4096
1790362845	4096
1790362850	4096
1790362855	4096
1790362860	4096
1790362865	4096
1790362870	4096
1790362875	4096
1790362880	4096
1790362885	4096
1790362890	4096
1790362895	4096
1790362900	4096
1790362905	4096
1790362910	4096
1790362915	4096
1790362920	4096
1790362925	4096
1790362930	4096
1790362935	4096
1790362940	4096
1790362945	4096
1790362950	4096
1790362955	4096
1790362960	4096
1790362965	4096
1790362970	4096
1790362975	4096
1790362980	4096
1790362985	4096
1790362990	4096
1790362995	4096
1790363000	4096
1790363005	4096
1790363010	4096
1790363015	4096
1790363020	4096
1790363025	4096
1790363030	4096
1790363035	4096
1790363040	4096
1790363045	4096
1790363050	4096
1790363055	4096
1790363060	4096
1790363065	4096
1790363070	4096
1790363075	4096
1790363080	4096
1790363085	4096
1790363090	4096
1790363095	4096
1790363100	4096
1790363105	4096
1790363110	4096
1790363115	4096
1790363120	4096
1790363125	4096
1790363130	4096
1790363135	4096
1790363140	4096
1790363145	4096
1790363150	4096
1790363155	4096
1790363160	4096
1790363165	4096
1790363170	4096
1790363175	4096
1790363180	4096
1790363185	4096
1790363190	4096
1790363195	4096
1790363200	4096
1790363205	4096
1790363210	4096
1790363215	4096
1790363220	4096
1790363225	4096
1790363230	4096
1790363235	4096
1790363240	4096
1790363245	4096
1790363250	4096
1790363255	4096
1790363260	4096
1790363265	4096
1790363270	4096
1790363275	4096
1790363280	4096
1790363285	4096
1790363290	4096
1790363295	4096
1790363300	4096
1790363306	4096
1790363311	4096
1790363316	4096
1790363321	4096
1790363326	4096
1790363331	4096
1790363336	4096
1790363341	4096
1790363346	4096
1790363351	4096
1790363356	4096
1790363361	4096
1790363366	4096
1790363371	4096
1790363376	4096
1790363381	4096
1790363386	4096
1790363391	4096
1790363396	4096
1790363401	4096
1790363406	4096
1790363411	4096
1790363416	4096
1790363421	4096
1790363426	4096
1790363431	4096
1790363436	4096
1790363441	4096
1790363446	4096
1790363451	4096
1790363456	4096
1790363461	4096
1790363466	4096
1790363471	4096
1790363476	4096
1790363481	4096
1790363486	4096
1790363491	4096
1790363496	4096
1790363501	4096
1790363506	4096
1790363511	4096
1790363516	4096
1790363521	4096
1790363526	4096
1790363531	4096
1790363536	4096
1790363541	4096
1790363546	4096
1790363551	4096
1790363556	4096
1790363561	4096
1790363566	4096
1790363571	4096
1790363576	4096
1790363581	4096
1790363586	4096
1790363591	4096
1790363596	4096
1790363601	4096
1790363606	4096
1790363611	4096
1790363616	4096
1790363621	4096
1790363626	4096
1790363631	4096
1790363636	4096
1790363641	4096
1790363646	4096
1790363651	4096
1790363656	4096
1790363661	4096
1790363666	4096
1790363671	4096
1790363676	4096
1790363681	4096
1790363686	4096
1790363691	4096
1790363696	4096
1790363701	4096
1790363706	4096
1790363711	4096
1790363716	4096
1790363721	4096
1790363726	4096
1790363731	4096
1790363736	4096
1790363741	4096
1790363746	4096
1790363751	4096
1790363756	4096
1790363761	4096
1790363766	4096
1790363771	4096
1790363776	4096
1790363781	4096
1790363786	4096
1790363791	4096
1790363796	4096
1790363801	4096
1790363806	4096
1790363811	4096
1790363816	4096
1790363821	4096
1790363826	4096
1790363831	4096
1790363836	4096
1790363841	4096
1790363846	4096
1790363851	4096
1790363856	4096
1790363861	4096
1790363866	4096
1790363871	4096
1790363876	4096
1790363881	4096
1790363886	4096
1790363891	4096
1790363896	4096
1790363901	4096
1790363906	4096
1790363911	4096
1790363916	4096
1790363921	4096
1790363926	4096
1790363931	4096
1790363936	4096
1790363941	4096
1790363946	4096
1790363951	4096
1790363956	4096
1790363961	4096
1790363966	4096
1790363971	4096
1790363976	4096
1790363981	4096
1790363986	4096
1790363991	4096
1790363996	4096
1790364001	4096
1790364006	4096
1790364011	4096
1790364016	4096
1790364021	4096
1790364026	4096
1790364031	4096
1790364036	4096
1790364041	4096
1790364046	4096
1790364051	4096
1790364056	4096
1790364061	4096
1790364066	4096
1790364071	4096
1790364076	4096
1790364081	4096
1790364086	4096
1790364091	4096
1790364096	4096
1790364101	4096
1790364106	4096
1790364111	4096
1790364116	4096
1790364121	4096
1790364126	4096
1790364131	4096
1790364136	4096
1790364141	4096
1790364147	4096
1790364152	4096
1790364157	4096
1790364162	4096
1790364167	4096
1790364172	4096
1790364177	4096
1790364182	4096
1790364187	4096
1790364192	4096
1790364197	4096
1790364202	4096
1790364207	4096
1790364212	4096
1790364217	4096
1790364222	4096
1790364227	4096
1790364232	4096
1790364237	4096
1790364242	4096
1790364247	4096
1790364252	4096
1790364257	4096
1790364262	4096
1790364267	4096
1790364272	4096
1790364277	4096
1790364282	4096
1790364287	4096
1790364292	4096
1790364297	4096
1790364302	4096
1790364307	4096
1790364312	4096
1790364317	4096
1790364322	4096
1790364327	4096
1790364332	4096
1790364337	4096
1790364342	4096
1790364347	4096
1790364352	4096
1790364357	4096
1790364362	4096
1790364367	4096
1790364372	4096
1790364377	4096
1790364382	4096
1790364387	4096
1790364392	4096
1790364397	4096
1790364402	4096
1790364407	4096
1790364412	4096
1790364417	4096
1790364422	4096
1790364427	4096
1790364432	4096
1790364437	4096
1790364442	4096
1790364447	4096
1790364452	4096
1790364457	4096
1790364462	4096
1790364467	4096
1790364472	4096
1790364477	4096
1790364482	4096
1790364487	4096
1790364492	4096
1790364497	4096
1790364502	4096
1790364507	4096
1790364512	4096
1790364517	4096
1790364522	4096
1790364527	4096
1790364532	4096
1790364537	4096
1790364542	4096
1790364547	4096
1790364552	4096
1790364557	4096
1790364562	4096
1790364567	4096
1790364572	4096
1790364577	4096
1790364582	4096
1790364587	4096
1790364592	4096
1790364597	4096
1790364602	4096
1790364607	4096
1790364612	4096
1790364617	4096
1790364622	4096
1790364627	4096
1790364632	4096
1790364637	4096
1790364642	4096
1790364647	4096
1790364652	4096
1790364657	4096
1790364662	4096
1790364667	4096
1790364672	4096
1790364677	4096
1790364682	4096
1790364687	4096
1790364692	4096
1790364697	4096
1790364702	4096
1790364707	4096
1790364712	4096
1790364717	4096
1790364722	4096
1790364727	4096
1790364732	4096
1790364737	4096
1790364742	4096
1790364747	4096
1790364752	4096
1790364757	4096
1790364762	4096
1790364767	4096
1790364772	4096
1790364777	4096
1790364782	4096
1790364787	4096
1790364792	4096
1790364797	4096
1790364802	4096
1790364807	4096
1790364813	4096
1790364818	4096
1790364823	4096
1790364828	4096
1790364833	4096
1790364838	4096
1790364843	4096
1790364848	4096
1790364853	4096
1790364858	4096
1790364863	4096
1790364868	4096
1790364873	4096
1790364878	4096
1790364883	4096
1790364888	4096
1790364893	4096
1790364898	4096
1790364903	4096
1790364908	4096
1790364913	4096
1790364918	4096
1790364923	4096
1790364928	4096
1790364933	4096
1790364938	4096
1790364943	4096
1790364948	4096
1790364953	4096
1790364958	4096
1790364963	4096
1790364968	4096
1790364973	4096
1790364978	4096
1790364983	4096
1790364988	4096
1790364993	4096
1790364998	4096
1790365003	4096
1790365008	4096
1790365013	4096
1790365018	4096
1790365023	4096
1790365028	4096
1790365033	4096
1790365038	4096
1790365043	4096
1790365048	4096
1790365053	4096
1790365058	4096
1790365063	4096
1790365068	4096
1790365073	4096
1790365078	4096
1790365083	4096
1790365088	4096
1790365093	4096
1790365098	4096
1790365103	4096
1790365108	4096
1790365113	4096
1790365118	4096
1790365123	4096
1790365128	4096
1790365133	4096
1790365138	4096
1790365143	4096
1790365148	4096
1790365153	4096
1790365158	4096
1790365163	4096
1790365168	4096
1790365173	4096
1790365178	4096
1790365183	4096
1790365188	4096
1790365193	4096
1790365198	4096
1790365203	4096
1790365208	4096
1790365213	4096
1790365218	4096
1790365223	4096
1790365228	4096
1790365233	4096
1790365238	4096
1790365243	4096
1790365248	4096
1790365253	4096
1790365258	4096
1790365263	4096
1790365268	4096
1790365273	4096
1790365278	4096
1790365283	4096
1790365288	4096
1790365293	4096
1790365298	4096
1790365303	4096
1790365308	4096
1790365313	4096
1790365318	4096
1790365323	4096
1790365329	4096
1790365334	4096
1790365339	4096
1790365344	4096
1790365349	4096
1790365354	4096
1790365359	4096
1790365364	4096
1790365369	4096
1790365374	4096
1790365379	4096
1790365384	4096
1790365389	4096
1790365394	4096
1790365399	4096
1790365404	4096
1790365409	4096
1790365414	4096
1790365419	4096
1790365424	4096
1790365429	4096
1790365434	4096
1790365439	4096
1790365444	4096
1790365449	4096
1790365454	4096
1790365459	4096
1790365464	4096
1790365469	4096
1790365474	4096
1790365479	4096
1790365484	4096
1790365489	4096
1790365494	4096
1790365499	4096
1790365504	4096
1790365509	4096
1790365514	4096
1790365519	4096
1790365524	4096
1790365529	4096
1790365534	4096
1790365539	4096
1790365544	4096
1790365549	4096
1790365554	4096
1790365559	4096
1790365564	4096
1790365569	4096
1790365574	4096
1790365579	4096
1790365584	4096
1790365589	4096
1790365594	4096
1790365599	4096
1790365604	4096
1790365609	4096
1790365614	4096
1790365619	4096
1790365624	4096
1790365629	4096
1790365634	4096
1790365639	4096
1790365644	4096
1790365649	4096
1790365654	4096
1790365659	4096
1790365664	4096
1790365669	4096
1790365674	4096
1790365679	4096
1790365684	4096
1790365689	4096
1790365694	4096
1790365699	4096
1790365704	4096
1790365709	4096
1790365714	4096
1790365719	4096
1790365724	4096
1790365729	4096
1790365734	4096
1790365739	4096
1790365744	4096
1790365749	4096
1790365754	4096
1790365759	4096
1790365764	4096
1790365769	4096
1790365774	4096
1790365779	4096
1790365784	4096
1790365789	4096
1790365794	4096
1790365799	4096
1790365804	4096
1790365809	4096
1790365814	4096
1790365819	4096
1790365824	4096
1790365829	4096
1790365834	4096
1790365839	4096
1790365844	4096
1790365849	4096
1790365854	4096
1790365859	4096
1790365864	4096
1790365869	4096
1790365874	4096
1790365879	4096
1790365884	4096
1790365889	4096
1790365895	4096
1790365900	4096
1790365905	4096
1790365910	4096
1790365915	4096
1790365920	4096
1790365925	4096
1790365930	4096
1790365935	4096
1790365940	4096
1790365945	4096
1790365950	4096
1790365955	4096
1790365960	4096
1790365965	4096
1790365970	4096
1790365975	4096
1790365980	4096
1790365985	4096
1790365990	4096
1790365995	4096
1790366000	4096
1790366005	4096
1790366010	4096
1790366015	4096
1790366020	4096
1790366025	4096
1790366030	4096
1790366035	4096
1790366040	4096
1790366045	4096
1790366050	4096
1790366055	4096
1790366060	4096
1790366065	4096
1790366070	4096
1790366075	4096
1790366080	4096
1790366085	4096
1790366090	4096
1790366095	4096
1790366100	4096
1790366105	4096
1790366110	4096
1790366115	4096
1790366120	4096
1790366125	4096
1790366130	4096
1790366135	4096
1790366140	4096
1790366145	4096
1790366150	4096
1790366155	4096
1790366160	4096
1790366165	4096
1790366170	4096
1790366175	4096
1790366180	4096
1790366185	4096
1790366190	4096
1790366195	4096
1790366200	4096
1790366205	4096
1790366210	4096
1790366215	4096
1790366220	4096
1790366225	4096
1790366230	4096
1790366235	4096
1790366240	4096
1790366245	4096
1790366250	4096
1790366255	4096
1790366260	4096
1790366265	4096
1790366270	4096
1790366275	4096
1790366280	4096
1790366285	4096
1790366290	4096
1790366295	4096
1790366300	4096
1790366305	4096
1790366310	4096
1790366315	4096
1790366320	4096
1790366325	4096
1790366330	4096
1790366335	4096
1790366340	4096
1790366345	4096
1790366350	4096
1790366355	4096
1790366360	4096
1790366365	4096
1790366370	4096
1790366375	4096
1790366380	4096
1790366385	4096
1790366390	4096
1790366396	4096
1790366401	4096
1790366406	4096
1790366411	4096
1790366416	4096
1790366421	4096
1790366426	4096
1790366431	4096
1790366436	4096
1790366441	4096
1790366446	4096
1790366451	4096
1790366456	4096
1790366461	4096
1790366466	4096
1790366471	4096
1790366476	4096
1790366481	4096
1790366486	4096
1790366491	4096
1790366496	4096
1790366501	4096
1790366506	4096
1790366511	4096
1790366516	4096
1790366521	4096
1790366526	4096
1790366531	4096
1790366536	4096
1790366541	4096
1790366546	4096
1790366551	4096
1790366556	4096
1790366561	4096
1790366566	4096
1790366571	4096
1790366576	4096
1790366581	4096
1790366586	4096
1790366591	4096
1790366596	4096
1790366601	4096
1790366606	4096
1790366611	4096
1790366616	4096
1790366621	4096
1790366626	4096
1790366631	4096
1790366636	4096
1790366641	4096
1790366646	4096
1790366651	4096
1790366656	4096
1790366661	4096
1790366666	4096
1790366671	4096
1790366676	4096
1790366681	4096
1790366686	4096
1790366691	4096
1790366696	4096
1790366701	4096
1790366706	4096
1790366711	4096
1790366716	4096
1790366721	4096
1790366726	4096
1790366731	4096
1790366736	4096
1790366741	4096
1790366746	4096
1790366751	4096
1790366756	4096
1790366761	4096
1790366766	4096
1790366771	4096
1790366776	4096
1790366781	4096
1790366786	4096
1790366791	4096
1790366796	4096
1790366801	4096
1790366806	4096
1790366811	4096
1790366816	4096
1790366821	4096
1790366826	4096
1790366831	4096
1790366836	4096
1790366841	4096
1790366846	4096
1790366851	4096
1790366856	4096
1790366861	4096
1790366866	4096
1790366871	4096
1790366876	4096
1790366881	4096
1790366886	4096
1790366891	4096
1790366896	4096
1790366901	4096
1790366906	4096
1790366911	4096
1790366916	4096
1790366921	4096
1790366926	4096
1790366931	4096
1790366936	4096
1790366941	4096
1790366946	4096
1790366951	4096
1790366956	4096
1790366962	4096
1790366967	4096
1790366972	4096
1790366977	4096
1790366982	4096
1790366987	4096
1790366992	4096
1790366997	4096
1790367002	4096
1790367007	4096
1790367012	4096
1790367017	4096
1790367022	4096
1790367027	4096
1790367032	4096
1790367037	4096
1790367042	4096
1790367047	4096
1790367052	4096
1790367057	4096
1790367062	4096
1790367067	4096
1790367072	4096
1790367077	4096
1790367082	4096
1790367087	4096
1790367092	4096
1790367097	4096
1790367102	4096
1790367107	4096
1790367112	4096
1790367117	4096
1790367122	4096
1790367127	4096
1790367132	4096
1790367137	4096
1790367142	4096
1790367147	4096
1790367152	4096
1790367157	4096
1790367162	4096
1790367167	4096
1790367172	4096
1790367177	4096
1790367182	4096
1790367187	4096
1790367192	4096
1790367197	4096
1790367202	4096
1790367207	4096
1790367212	4096
1790367217	4096
1790367222	4096
1790367227	4096
1790367232	4096
1790367237	4096
1790367242	4096
1790367247	4096
1790367252	4096
1790367257	4096
1790367262	4096
1790367267	4096
1790367272	4096
1790367277	4096
1790367282	4096
1790367287	4096
1790367292	4096
1790367297	4096
1790367302	4096
1790367307	4096
1790367312	4096
1790367317	4096
1790367322	4096
1790367327	4096
1790367332	4096
1790367337	4096
1790367342	4096
1790367347	4096
1790367352	4096
1790367357	4096
1790367362	4096
1790367367	4096
1790367372	4096
1790367377	4096
1790367382	4096
1790367387	4096
1790367392	4096
1790367397	4096
1790367402	4096
1790367407	4096
1790367412	4096
1790367417	4096
1790367422	4096
1790367427	4096
1790367432	4096
1790367437	4096
1790367442	4096
1790367447	4096
1790367452	4096
1790367458	4096
1790367463	4096
1790367468	4096
1790367473	4096
1790367478	4096
1790367483	4096
1790367488	4096
1790367493	4096
1790367498	4096
1790367503	4096
1790367508	4096
1790367513	4096
1790367518	4096
1790367523	4096
1790367528	4096
1790367533	4096
1790367538	4096
1790367543	4096
1790367548	4096
1790367553	4096
1790367558	4096
1790367563	4096
1790367568	4096
1790367573	4096
1790367578	4096
1790367583	4096
1790367588	4096
1790367593	4096
1790367598	4096
1790367603	4096
1790367608	4096
1790367613	4096
1790367618	4096
1790367623	4096
1790367628	4096
1790367633	4096
1790367638	4096
1790367643	4096
1790367648	4096
1790367653	4096
1790367658	4096
1790367663	4096
1790367668	4096
1790367673	4096
1790367678	4096
1790367683	4096
1790367688	4096
1790367693	4096
1790367698	4096
1790367703	4096
1790367708	4096
1790367713	4096
1790367718	4096
1790367723	4096
1790367728	4096
1790367733	4096
1790367738	4096
1790367743	4096
1790367748	4096
1790367753	4096
1790367758	4096
1790367763	4096
1790367768	4096
1790367773	4096
1790367778	4096
1790367783	4096
1790367788	4096
1790367793	4096
1790367798	4096
1790367803	4096
1790367808	4096
1790367813	4096
1790367818	4096
1790367823	4096
1790367828	4096
1790367833	4096
1790367838	4096
1790367843	4096
1790367848	4096
1790367853	4096
1790367858	4096
1790367863	4096
1790367868	4096
1790367873	4096
1790367878	4096
1790367883	4096
1790367888	4096
1790367893	4096
1790367898	4096
1790367903	4096
1790367908	4096
1790367913	4096
1790367918	4096
1790367923	4096
1790367928	4096
1790367933	4096
1790367938	4096
1790367943	4096
1790367948	4096
1790367953	4096
1790367958	4096
1790367963	4096
1790367968	4096
1790367973	4096
1790367978	4096
1790367983	4096
1790367988	4096
1790367993	4096
1790367998	4096
1790368003	4096
1790368008	4096
1790368013	4096
1790368019	4096
1790368024	4096
1790368029	4096
1790368034	4096
1790368039	4096
1790368044	4096
1790368049	4096
1790368054	4096
1790368059	4096
1790368064	4096
1790368069	4096
1790368074	4096
1790368079	4096
1790368084	4096
1790368089	4096
1790368094	4096
1790368099	4096
1790368104	4096
1790368109	4096
1790368114	4096
1790368119	4096
1790368124	4096
1790368129	4096
1790368134	4096
1790368139	4096
1790368144	4096
1790368149	4096
1790368154	4096
1790368159	4096
1790368164	4096
1790368169	4096
1790368174	4096
1790368179	4096
1790368184	4096
1790368189	4096
1790368194	4096
1790368199	4096
1790368204	4096
1790368209	4096
1790368214	4096
1790368219	4096
1790368224	4096
1790368229	4096
1790368234	4096
1790368239	4096
1790368244	4096
1790368249	4096
1790368254	4096
1790368259	4096
1790368264	4096
1790368269	4096
1790368274	4096
1790368279	4096
1790368284	4096
1790368289	4096
1790368294	4096
1790368299	4096
1790368304	4096
1790368309	4096
1790368314	4096
1790368319	4096
1790368324	4096
1790368329	4096
1790368334	4096
1790368339	4096
1790368344	4096
1790368349	4096
1790368354	4096
1790368359	4096
1790368364	4096
1790368369	4096
1790368374	4096
1790368379	4096
1790368384	4096
1790368389	4096
1790368394	4096
1790368399	4096
1790368404	4096
1790368409	4096
1790368414	4096
1790368419	4096
1790368424	4096
1790368429	4096
1790368434	4096
1790368439	4096
1790368444	4096
1790368449	4096
1790368454	4096
1790368459	4096
1790368464	4096
1790368469	4096
1790368474	4096
1790368479	4096
1790368484	4096
1790368489	4096
1790368494	4096
1790368499	4096
1790368504	4096
1790368509	4096
1790368514	4096
1790368520	4096
1790368525	4096
1790368530	4096
1790368535	4096
1790368540	4096
1790368545	4096
1790368550	4096
1790368555	4096
1790368560	4096
1790368565	4096
1790368570	4096
1790368575	4096
1790368580	4096
1790368585	4096
1790368590	4096
1790368595	4096
1790368600	4096
1790368605	4096
1790368610	4096
1790368615	4096
1790368620	4096
1790368625	4096
1790368630	4096
1790368635	4096
1790368640	4096
1790368645	4096
1790368650	4096
1790368655	4096
1790368660	4096
1790368665	4096
1790368670	4096
1790368675	4096
1790368680	4096
1790368685	4096
1790368690	4096
1790368695	4096
1790368700	4096
1790368705	4096
1790368710	4096
1790368715	4096
1790368720	4096
1790368725	4096
1790368730	4096
1790368735	4096
1790368740	4096
1790368745	4096
1790368750	4096
1790368755	4096
1790368760	4096
1790368765	4096
1790368770	4096
1790368775	4096
1790368780	4096
1790368785	4096
1790368790	4096
1790368795	4096
1790368800	4096
1790368805	4096
1790368810	4096
1790368815	4096
1790368820	4096
1790368825	4096
1790368830	4096
1790368835	4096
1790368840	4096
1790368845	4096
1790368850	4096
1790368855	4096
1790368860	4096
1790368865	4096
1790368870	4096
1790368875	4096
1790368880	4096
1790368885	4096
1790368890	4096
1790368895	4096
1790368900	4096
1790368905	4096
1790368910	4096
1790368915	4096
1790368920	4096
1790368925	4096
1790368930	4096
1790368935	4096
1790368940	4096
1790368945	4096
1790368950	4096
1790368955	4096
1790368960	4096
1790368965	4096
1790368970	4096
1790368975	4096
1790368980	4096
1790368985	4096
1790368990	4096
1790368995	4096
1790369000	4096
1790369005	4096
1790369010	4096
1790369015	4096
1790369020	4096
1790369025	4096
1790369030	4096
1790369035	4096
1790369040	4096
1790369045	4096
1790369050	4096
1790369055	4096
1790369060	4096
1790369065	4096
1790369070	4096
1790369075	4096
1790369080	4096
1790369085	4096
1790369090	4096
1790369096	4096
1790369101	4096
1790369106	4096
1790369111	4096
1790369116	4096
1790369121	4096
1790369126	4096
1790369131	4096
1790369136	4096
1790369141	4096
1790369146	4096
1790369151	4096
1790369156	4096
1790369161	4096
1790369166	4096
1790369171	4096
1790369176	4096
1790369181	4096
1790369186	4096
1790369191	4096
1790369196	4096
1790369201	4096
1790369206	4096
1790369211	4096
1790369216	4096
1790369221	4096
1790369226	4096
1790369231	4096
1790369236	4096
1790369241	4096
1790369246	4096
1790369251	4096
1790369256	4096
1790369261	4096
1790369266	4096
1790369271	4096
1790369276	4096
1790369281	4096
1790369286	4096
1790369291	4096
1790369296	4096
1790369301	4096
1790369306	4096
1790369311	4096
1790369316	4096
1790369321	4096
1790369326	4096
1790369331	4096
1790369336	4096
1790369341	4096
1790369346	4096
1790369351	4096
1790369356	4096
1790369361	4096
1790369366	4096
1790369371	4096
1790369376	4096
1790369381	4096
1790369386	4096
1790369391	4096
1790369396	4096
1790369401	4096
1790369406	4096
1790369411	4096
1790369416	4096
1790369421	4096
1790369426	4096
1790369431	4096
1790369436	4096
1790369441	4096
1790369446	4096
1790369451	4096
1790369456	4096
1790369461	4096
1790369466	4096
1790369471	4096
1790369476	4096
1790369481	4096
1790369486	4096
1790369491	4096
1790369496	4096
1790369501	4096
1790369506	4096
1790369511	4096
1790369516	4096
1790369521	4096
1790369526	4096
1790369531	4096
1790369536	4096
1790369541	4096
1790369546	4096
1790369551	4096
1790369556	4096
1790369561	4096
1790369566	4096
1790369571	4096
1790369576	4096
1790369581	4096
1790369586	4096
1790369591	4096
1790369596	4096
1790369601	4096
1790369606	4096
1790369612	4096
1790369617	4096
1790369622	4096
1790369627	4096
1790369632	4096
1790369637	4096
1790369642	4096
1790369647	4096
1790369652	4096
1790369657	4096
1790369662	4096
1790369667	4096
1790369672	4096
1790369677	4096
1790369682	4096
1790369687	4096
1790369692	4096
1790369697	4096
1790369702	4096
1790369707	4096
1790369712	4096
1790369717	4096
1790369722	4096
1790369727	4096
1790369732	4096
1790369737	4096
1790369742	4096
1790369747	4096
1790369752	4096
1790369757	4096
1790369762	4096
1790369767	4096
1790369772	4096
1790369777	4096
1790369782	4096
1790369787	4096
1790369792	4096
1790369797	4096
1790369802	4096
1790369807	4096
1790369812	4096
1790369817	4096
1790369822	4096
1790369827	4096
1790369832	4096
1790369837	4096
1790369842	4096
1790369847	4096
1790369852	4096
1790369857	4096
1790369862	4096
1790369867	4096
1790369872	4096
1790369877	4096
1790369882	4096
1790369887	4096
1790369892	4096
1790369897	4096
1790369902	4096
1790369907	4096
1790369912	4096
1790369917	4096
1790369922	4096
1790369927	4096
1790369932	4096
1790369937	4096
1790369942	4096
1790369947	4096
1790369952	4096
1790369957	4096
1790369962	4096
1790369967	4096
1790369972	4096
1790369977	4096
1790369982	4096
1790369987	4096
1790369992	4096
1790369997	4096
1790370002	4096
1790370007	4096
1790370012	4096
1790370017	4096
1790370022	4096
1790370027	4096
1790370032	4096
1790370037	4096
1790370042	4096
1790370047	4096
1790370052	4096
1790370057	4096
1790370062	4096
1790370067	4096
1790370072	4096
1790370077	4096
1790370082	4096
1790370087	4096
1790370092	4096
1790370097	4096
1790370102	4096
1790370107	4096
1790370112	4096
1790370117	4096
1790370122	4096
1790370127	4096
1790370132	4096
1790370137	4096
1790370142	4096
1790370147	4096
1790370152	4096
1790370157	4096
1790370162	4096
1790370167	4096
1790370173	4096
1790370178	4096
1790370183	4096
1790370188	4096
1790370193	4096
1790370198	4096
1790370203	4096
1790370208	4096
1790370213	4096
1790370218	4096
1790370223	4096
1790370228	4096
1790370233	4096
1790370238	4096
1790370243	4096
1790370248	4096
1790370253	4096
1790370258	4096
1790370263	4096
1790370268	4096
1790370273	4096
1790370278	4096
1790370283	4096
1790370288	4096
1790370293	4096
1790370298	4096
1790370303	4096
1790370308	4096
1790370313	4096
1790370318	4096
1790370323	4096
1790370328	4096
1790370333	4096
1790370338	4096
1790370343	4096
1790370348	4096
1790370353	4096
1790370358	4096
1790370363	4096
1790370368	4096
1790370373	4096
1790370378	4096
1790370383	4096
1790370388	4096
1790370393	4096
1790370398	4096
1790370403	4096
1790370408	4096
1790370413	4096
1790370418	4096
1790370423	4096
1790370428	4096
1790370433	4096
1790370438	4096
1790370443	4096
1790370448	4096
1790370453	4096
1790370458	4096
1790370463	4096
1790370468	4096
1790370473	4096
1790370478	4096
1790370483	4096
1790370488	4096
1790370493	4096
1790370498	4096
1790370503	4096
1790370508	4096
1790370513	4096
1790370518	4096
1790370523	4096
1790370528	4096
1790370533	4096
1790370538	4096
1790370543	4096
1790370548	4096
1790370553	4096
1790370558	4096
1790370563	4096
1790370568	4096
1790370573	4096
1790370578	4096
1790370583	4096
1790370588	4096
1790370593	4096
1790370598	4096
1790370603	4096
1790370608	4096
1790370613	4096
1790370618	4096
1790370623	4096
1790370628	4096
1790370633	4096
1790370638	4096
1790370643	4096
1790370648	4096
1790370653	4096
1790370658	4096
1790370663	4096
1790370668	4096
1790370673	4096
1790370678	4096
1790370683	4096
1790370688	4096
1790370693	4096
1790370698	4096
1790370704	4096
1790370709	4096
1790370714	4096
1790370719	4096
1790370724	4096
1790370729	4096
1790370734	4096
1790370739	4096
1790370744	4096
1790370749	4096
1790370754	4096
1790370759	4096
1790370764	4096
1790370769	4096
1790370774	4096
1790370779	4096
1790370784	4096
1790370789	4096
1790370794	4096
1790370799	4096
1790370804	4096
1790370809	4096
1790370814	4096
1790370819	4096
1790370824	4096
1790370829	4096
1790370834	4096
1790370839	4096
1790370844	4096
1790370849	4096
1790370854	4096
1790370859	4096
1790370864	4096
1790370869	4096
1790370874	4096
1790370879	4096
1790370884	4096
1790370889	4096
1790370894	4096
1790370899	4096
1790370904	4096
1790370909	4096
1790370914	4096
1790370919	4096
1790370924	4096
1790370929	4096
1790370934	4096
1790370939	4096
1790370944	4096
1790370949	4096
1790370954	4096
1790370959	4096
1790370964	4096
1790370969	4096
1790370974	4096
1790370979	4096
1790370984	4096
1790370989	4096
1790370994	4096
1790370999	4096
1790371004	4096
1790371009	4096
1790371014	4096
1790371019	4096
1790371024	4096
1790371029	4096
1790371034	4096
1790371039	4096
1790371044	4096
1790371049	4096
1790371054	4096
1790371059	4096
1790371064	4096
1790371069	4096
1790371074	4096
1790371079	4096
1790371084	4096
1790371089	4096
1790371094	4096
1790371099	4096
1790371104	4096
1790371109	4096
1790371114	4096
1790371119	4096
1790371124	4096
1790371129	4096
1790371134	4096
1790371139	4096
1790371144	4096
1790371149	4096
1790371154	4096
1790371159	4096
1790371164	4096
1790371169	4096
1790371174	4096
1790371179	4096
1790371184	4096
1790371189	4096
1790371194	4096
1790371199	4096
1790371204	4096
1790371209	4096
1790371214	4096
1790371219	4096
1790371224	4096
1790371229	4096
1790371234	4096
1790371239	4096
1790371244	4096
1790371249	4096
1790371254	4096
1790371260	4096
1790371265	4096
1790371270	4096
1790371275	4096
1790371280	4096
1790371285	4096
1790371290	4096
1790371295	4096
1790371300	4096
1790371305	4096
1790371310	4096
1790371315	4096
1790371320	4096
1790371325	4096
1790371330	4096
1790371335	4096
1790371340	4096
1790371345	4096
1790371350	4096
1790371355	4096
1790371360	4096
1790371365	4096
1790371370	4096
1790371375	4096
1790371380	4096
1790371385	4096
1790371390	4096
1790371395	4096
1790371400	4096
1790371405	4096
1790371410	4096
1790371415	4096
1790371420	4096
1790371425	4096
1790371430	4096
1790371435	4096
1790371440	4096
1790371445	4096
1790371450	4096
1790371455	4096
1790371460	4096
1790371465	4096
1790371470	4096
1790371475	4096
1790371480	4096
1790371485	4096
1790371490	4096
1790371495	4096
1790371500	4096
1790371505	4096
1790371510	4096
1790371515	4096
1790371520	4096
1790371525	4096
1790371530	4096
1790371535	4096
1790371540	4096
1790371545	4096
1790371550	4096
1790371555	4096
1790371560	4096
1790371565	4096
1790371570	4096
1790371575	4096
1790371580	4096
1790371585	4096
1790371590	4096
1790371595	4096
1790371600	4096
1790371605	4096
1790371610	4096
1790371615	4096
1790371620	4096
1790371625	4096
1790371630	4096
1790371635	4096
1790371640	4096
1790371645	4096
1790371650	4096
1790371655	4096
1790371660	4096
1790371665	4096
1790371670	4096
1790371675	4096
1790371680	4096
1790371685	4096
1790371690	4096
1790371695	4096
1790371700	4096
1790371705	4096
1790371710	4096
1790371715	4096
1790371720	4096
1790371725	4096
1790371730	4096
1790371735	4096
1790371740	4096
1790371745	4096
1790371751	4096
1790371756	4096
1790371761	4096
1790371766	4096
1790371771	4096
1790371776	4096
1790371781	4096
1790371786	4096
1790371791	4096
1790371796	4096
1790371801	4096
1790371806	4096
1790371811	4096
1790371816	4096
1790371821	4096
1790371826	4096
1790371831	4096
1790371836	4096
1790371841	4096
1790371846	4096
1790371851	4096
1790371856	4096
1790371861	4096
1790371866	4096
1790371871	4096
1790371876	4096
1790371881	4096
1790371886	4096
1790371891	4096
1790371896	4096
1790371901	4096
1790371906	4096
1790371911	4096
1790371916	4096
1790371921	4096
1790371926	4096
1790371931	4096
1790371936	4096
1790371941	4096
1790371946	4096
1790371951	4096
1790371956	4096
1790371961	4096
1790371966	4096
1790371971	4096
1790371976	4096
1790371981	4096
1790371986	4096
1790371991	4096
1790371996	4096
1790372001	4096
1790372006	4096
1790372011	4096
1790372016	4096
1790372021	4096
1790372026	4096
1790372031	4096
1790372036	4096
1790372041	4096
1790372046	4096
1790372051	4096
1790372056	4096
1790372061	4096
1790372066	4096
1790372071	4096
1790372076	4096
1790372081	4096
1790372086	4096
1790372091	4096
1790372096	4096
1790372101	4096
1790372106	4096
1790372111	4096
1790372116	4096
1790372121	4096
1790372126	4096
1790372131	4096
1790372136	4096
1790372141	4096
1790372146	4096
1790372151	4096
1790372156	4096
1790372161	4096
1790372166	4096
1790372171	4096
1790372176	4096
1790372181	4096
1790372186	4096
1790372191	4096
1790372196	4096
1790372201	4096
1790372206	4096
1790372211	4096
1790372216	4096
1790372221	4096
1790372226	4096
1790372231	4096
1790372236	4096
1790372241	4096
1790372246	4096
1790372251	4096
1790372256	4096
1790372261	4096
1790372266	4096
1790372271	4096
1790372276	4096
1790372281	4096
1790372286	4096
1790372291	4096
1790372297	4096
1790372302	4096
1790372307	4096
1790372312	4096
1790372317	4096
1790372322	4096
1790372327	4096
1790372332	4096
1790372337	4096
1790372342	4096
1790372347	4096
1790372352	4096
1790372357	4096
1790372362	4096
1790372367	4096
1790372372	4096
1790372377	4096
1790372382	4096
1790372387	4096
1790372392	4096
1790372397	4096
1790372402	4096
1790372407	4096
1790372412	4096
1790372417	4096
1790372422	4096
1790372427	4096
1790372432	4096
1790372437	4096
1790372442	4096
1790372447	4096
1790372452	4096
1790372457	4096
1790372462	4096
1790372467	4096
1790372472	4096
1790372477	4096
1790372482	4096
1790372487	4096
1790372492	4096
1790372497	4096
1790372502	4096
1790372507	4096
1790372512	4096
1790372517	4096
1790372522	4096
1790372527	4096
1790372532	4096
1790372537	4096
1790372542	4096
1790372547	4096
1790372552	4096
1790372557	4096
1790372562	4096
1790372567	4096
1790372572	4096
1790372577	4096
1790372582	4096
1790372587	4096
1790372592	4096
1790372597	4096
1790372602	4096
1790372607	4096
1790372612	4096
1790372617	4096
1790372622	4096
1790372627	4096
1790372632	4096
1790372637	4096
1790372642	4096
1790372647	4096
1790372652	4096
1790372657	4096
1790372662	4096
1790372667	4096
1790372672	4096
1790372677	4096
1790372682	4096
1790372687	4096
1790372692	4096
1790372697	4096
1790372702	4096
1790372707	4096
1790372712	4096
1790372717	4096
1790372722	4096
1790372727	4096
1790372732	4096
1790372737	4096
1790372742	4096
1790372747	4096
1790372752	4096
1790372757	4096
1790372762	4096
1790372767	4096
1790372772	4096
1790372777	4096
1790372782	4096
1790372787	4096
1790372792	4096
1790372797	4096
1790372802	4096
1790372807	4096
1790372812	4096
1790372817	4096
1790372822	4096
1790372827	4096
1790372832	4096
1790372837	4096
1790372842	4096
1790372847	4096
1790372853	4096
1790372858	4096
1790372863	4096
1790372868	4096
1790372873	4096
1790372878	4096
1790372883	4096
1790372888	4096
1790372893	4096
1790372898	4096
1790372903	4096
1790372908	4096
1790372913	4096
1790372918	4096
1790372923	4096
1790372928	4096
1790372933	4096
1790372938	4096
1790372943	4096
1790372948	4096
1790372953	4096
1790372958	4096
1790372963	4096
1790372968	4096
1790372973	4096
1790372978	4096
1790372983	4096
1790372988	4096
1790372993	4096
1790372998	4096
1790373003	4096
1790373008	4096
1790373013	4096
1790373018	4096
1790373023	4096
1790373028	4096
1790373033	4096
1790373038	4096
1790373043	4096
1790373048	4096
1790373053	4096
1790373058	4096
1790373063	4096
1790373068	4096
1790373073	4096
1790373078	4096
1790373083	4096
1790373088	4096
1790373093	4096
1790373098	4096
1790373103	4096
1790373108	4096
1790373113	4096
1790373118	4096
1790373123	4096
1790373128	4096
1790373133	4096
1790373138	4096
1790373143	4096
1790373148	4096
1790373153	4096
1790373158	4096
1790373163	4096
1790373168	4096
1790373173	4096
1790373178	4096
1790373183	4096
1790373188	4096
1790373193	4096
1790373198	4096
1790373203	4096
1790373208	4096
1790373213	4096
1790373218	4096
1790373223	4096
1790373228	4096
1790373233	4096
1790373238	4096
1790373243	4096
1790373248	4096
1790373253	4096
1790373258	4096
1790373263	4096
1790373268	4096
1790373273	4096
1790373278	4096
1790373283	4096
1790373288	4096
1790373293	4096
1790373298	4096
1790373303	4096
1790373308	4096
1790373313	4096
1790373318	4096
1790373323	4096
1790373328	4096
1790373333	4096
1790373338	4096
1790373343	4096
1790373348	4096
1790373353	4096
1790373358	4096
1790373363	4096
1790373368	4096
1790373373	4096
1790373378	4096
1790373383	4096
1790373389	4096
1790373394	4096
1790373399	4096
1790373404	4096
1790373409	4096
1790373414	4096
1790373419	4096
1790373424	4096
1790373429	4096
1790373434	4096
1790373439	4096
1790373444	4096
1790373449	4096
1790373454	4096
1790373459	4096
1790373464	4096
1790373469	4096
1790373474	4096
1790373479	4096
1790373484	4096
1790373489	4096
1790373494	4096
1790373499	4096
1790373504	4096
1790373509	4096
1790373514	4096
1790373519	4096
1790373524	4096
1790373529	4096
1790373534	4096
1790373539	4096
1790373544	4096
1790373549	4096
1790373554	4096
1790373559	4096
1790373564	4096
1790373569	4096
1790373574	4096
1790373579	4096
1790373584	4096
1790373589	4096
1790373594	4096
1790373599	4096
1790373604	4096
1790373609	4096
1790373614	4096
1790373619	4096
1790373624	4096
1790373629	4096
1790373634	4096
1790373639	4096
1790373644	4096
1790373649	4096
1790373654	4096
1790373659	4096
1790373664	4096
1790373669	4096
1790373674	4096
1790373679	4096
1790373684	4096
1790373689	4096
1790373694	4096
1790373699	4096
1790373704	4096
1790373709	4096
1790373714	4096
1790373719	4096
1790373724	4096
1790373729	4096
1790373734	4096
1790373739	4096
1790373744	4096
1790373749	4096
1790373754	4096
1790373759	4096
1790373764	4096
1790373769	4096
1790373774	4096
1790373779	4096
1790373784	4096
1790373789	4096
1790373794	4096
1790373799	4096
1790373804	4096
1790373809	4096
1790373814	4096
1790373819	4096
1790373824	4096
1790373829	4096
1790373834	4096
1790373839	4096
1790373844	4096
1790373849	4096
1790373854	4096
1790373859	4096
1790373864	4096
1790373869	4096
1790373874	4096
1790373879	4096
1790373884	4096
1790373889	4096
1790373894	4096
1790373899	4096
1790373904	4096
1790373910	4096
1790373915	4096
1790373920	4096
1790373925	4096
1790373930	4096
1790373935	4096
1790373940	4096
1790373945	4096
1790373950	4096
1790373955	4096
1790373960	4096
1790373965	4096
1790373970	4096
1790373975	4096
1790373980	4096
1790373985	4096
1790373990	4096
1790373995	4096
1790374000	4096
1790374005	4096
1790374010	4096
1790374015	4096
1790374020	4096
1790374025	4096
1790374030	4096
1790374035	4096
1790374040	4096
1790374045	4096
1790374050	4096
1790374055	4096
1790374060	4096
1790374065	4096
1790374070	4096
1790374075	4096
1790374080	4096
1790374085	4096
1790374090	4096
1790374095	4096
1790374100	4096
1790374105	4096
1790374110	4096
1790374115	4096
1790374120	4096
1790374125	4096
1790374130	4096
1790374135	4096
1790374140	4096
1790374145	4096
1790374150	4096
1790374155	4096
1790374160	4096
1790374165	4096
1790374170	4096
1790374175	4096
1790374180	4096
1790374185	4096
1790374190	4096
1790374195	4096
1790374200	4096
1790374205	4096
1790374210	4096
1790374215	4096
1790374220	4096
1790374225	4096
1790374230	4096
1790374235	4096
1790374240	4096
1790374245	4096
1790374250	4096
1790374255	4096
1790374260	4096
1790374265	4096
1790374270	4096
1790374275	4096
1790374280	4096
1790374285	4096
1790374290	4096
1790374295	4096
1790374300	4096
1790374305	4096
1790374310	4096
1790374315	4096
1790374320	4096
1790374325	4096
1790374330	4096
1790374335	4096
1790374340	4096
1790374345	4096
1790374350	4096
1790374355	4096
1790374360	4096
1790374365	4096
1790374370	4096
1790374375	4096
1790374380	4096
1790374385	4096
1790374390	4096
1790374395	4096
1790374400	4096
1790374405	4096
1790374410	4096
1790374415	4096
1790374420	4096
1790374425	4096
1790374430	4096
1790374435	4096
1790374440	4096
1790374445	4096
1790374450	4096
1790374455	4096
1790374461	4096
1790374466	4096
1790374471	4096
1790374476	4096
1790374481	4096
1790374486	4096
1790374491	4096
1790374496	4096
1790374501	4096
1790374506	4096
1790374511	4096
1790374516	4096
1790374521	4096
1790374526	4096
1790374531	4096
1790374536	4096
1790374541	4096
1790374546	4096
1790374551	4096
1790374556	4096
1790374561	4096
1790374566	4096
1790374571	4096
1790374576	4096
1790374581	4096
1790374586	4096
1790374591	4096
1790374596	4096
1790374601	4096
1790374606	4096
1790374611	4096
1790374616	4096
1790374621	4096
1790374626	4096
1790374631	4096
1790374636	4096
1790374641	4096
1790374646	4096
1790374651	4096
1790374656	4096
1790374661	4096
1790374666	4096
1790374671	4096
1790374676	4096
1790374681	4096
1790374686	4096
1790374691	4096
1790374696	4096
1790374701	4096
1790374706	4096
1790374711	4096
1790374716	4096
1790374721	4096
1790374726	4096
1790374731	4096
1790374736	4096
1790374741	4096
1790374746	4096
1790374751	4096
1790374756	4096
1790374761	4096
1790374766	4096
1790374771	4096
1790374776	4096
1790374781	4096
1790374786	4096
1790374791	4096
1790374796	4096
1790374801	4096
1790374806	4096
1790374811	4096
1790374816	4096
1790374821	4096
1790374826	4096
1790374831	4096
1790374836	4096
1790374841	4096
1790374846	4096
1790374851	4096
1790374856	4096
1790374861	4096
1790374866	4096
1790374871	4096
1790374876	4096
1790374881	4096
1790374886	4096
1790374891	4096
1790374896	4096
1790374901	4096
1790374906	4096
1790374911	4096
1790374916	4096
1790374921	4096
1790374926	4096
1790374931	4096
1790374936	4096
1790374941	4096
1790374946	4096
1790374951	4096
1790374956	4096
1790374961	4096
1790374966	4096
1790374971	4096
1790374976	4096
1790374981	4096
1790374986	4096
1790374991	4096
1790374997	4096
1790375002	4096
1790375007	4096
1790375012	4096
1790375017	4096
1790375022	4096
1790375027	4096
1790375032	4096
1790375037	4096
1790375042	4096
1790375047	4096
1790375052	4096
1790375057	4096
1790375062	4096
1790375067	4096
1790375072	4096
1790375077	4096
1790375082	4096
1790375087	4096
1790375092	4096
1790375097	4096
1790375102	4096
1790375107	4096
1790375112	4096
1790375117	4096
1790375122	4096
1790375127	4096
1790375132	4096
1790375137	4096
1790375142	4096
1790375147	4096
1790375152	4096
1790375157	4096
1790375162	4096
1790375167	4096
1790375172	4096
1790375177	4096
1790375182	4096
1790375187	4096
1790375192	4096
1790375197	4096
1790375202	4096
1790375207	4096
1790375212	4096
1790375217	4096
1790375222	4096
1790375227	4096
1790375232	4096
1790375237	4096
1790375242	4096
1790375247	4096
1790375252	4096
1790375257	4096
1790375262	4096
1790375267	4096
1790375272	4096
1790375277	4096
1790375282	4096
1790375287	4096
1790375292	4096
1790375297	4096
1790375302	4096
1790375307	4096
1790375312	4096
1790375317	4096
1790375322	4096
1790375327	4096
1790375332	4096
1790375337	4096
1790375342	4096
1790375347	4096
1790375352	4096
1790375357	4096
1790375362	4096
1790375367	4096
1790375372	4096
1790375377	4096
1790375382	4096
1790375387	4096
1790375392	4096
1790375397	4096
1790375402	4096
1790375407	4096
1790375412	4096
1790375417	4096
1790375422	4096
1790375427	4096
1790375432	4096
1790375437	4096
1790375442	4096
1790375447	4096
1790375452	4096
1790375457	4096
1790375462	4096
1790375467	4096
1790375472	4096
1790375477	4096
1790375482	4096
1790375487	4096
1790375492	4096
1790375497	4096
1790375502	4096
1790375507	4096
1790375512	4096
1790375517	4096
1790375523	4096
1790375528	4096
1790375533	4096
1790375538	4096
1790375543	4096
1790375548	4096
1790375553	4096
1790375558	4096
1790375563	4096
1790375568	4096
1790375573	4096
1790375578	4096
1790375583	4096
1790375588	4096
1790375593	4096
1790375598	4096
1790375603	4096
1790375608	4096
1790375613	4096
1790375618	4096
1790375623	4096
1790375628	4096
1790375633	4096
1790375638	4096
1790375643	4096
1790375648	4096
1790375653	4096
1790375658	4096
1790375663	4096
1790375668	4096
1790375673	4096
1790375678	4096
1790375683	4096
1790375688	4096
1790375693	4096
1790375698	4096
1790375703	4096
1790375708	4096
1790375713	4096
1790375718	4096
1790375723	4096
1790375728	4096
1790375733	4096
1790375738	4096
1790375743	4096
1790375748	4096
1790375753	4096
1790375758	4096
1790375763	4096
1790375768	4096
1790375773	4096
1790375778	4096
1790375783	4096
1790375788	4096
1790375793	4096
1790375798	4096
1790375803	4096
1790375808	4096
1790375813	4096
1790375818	4096
1790375823	4096
1790375828	4096
1790375833	4096
1790375838	4096
1790375843	4096
1790375848	4096
1790375853	4096
1790375858	4096
1790375863	4096
1790375868	4096
1790375873	4096
1790375878	4096
1790375883	4096
1790375888	4096
1790375893	4096
1790375898	4096
1790375903	4096
1790375908	4096
1790375913	4096
1790375918	4096
1790375923	4096
1790375928	4096
1790375933	4096
1790375938	4096
1790375943	4096
1790375948	4096
1790375953	4096
1790375958	4096
1790375963	4096
1790375968	4096
1790375973	4096
1790375978	4096
1790375983	4096
1790375988	4096
1790375993	4096
1790375998	4096
1790376003	4096
1790376008	4096
1790376013	4096
1790376018	4096
1790376023	4096
1790376028	4096
1790376033	4096
1790376038	4096
1790376043	4096
1790376048	4096
1790376053	4096
1790376058	4096
1790376063	4096
1790376068	4096
1790376073	4096
1790376078	4096
1790376084	4096
1790376089	4096
1790376094	4096
1790376099	4096
1790376104	4096
1790376109	4096
1790376114	4096
1790376119	4096
1790376124	4096
1790376129	4096
1790376134	4096
1790376139	4096
1790376144	4096
1790376149	4096
1790376154	4096
1790376159	4096
1790376164	4096
1790376169	4096
1790376174	4096
1790376179	4096
1790376184	4096
1790376189	4096
1790376194	4096
1790376199	4096
1790376204	4096
1790376209	4096
1790376214	4096
1790376219	4096
1790376224	4096
1790376229	4096
1790376234	4096
1790376239	4096
1790376244	4096
1790376249	4096
1790376254	4096
1790376259	4096
1790376264	4096
1790376269	4096
1790376274	4096
1790376279	4096
1790376284	4096
1790376289	4096
1790376294	4096
1790376299	4096
1790376304	4096
1790376309	4096
1790376314	4096
1790376319	4096
1790376324	4096
1790376329	4096
1790376334	4096
1790376339	4096
1790376344	4096
1790376349	4096
1790376354	4096
1790376359	4096
1790376364	4096
1790376369	4096
1790376374	4096
1790376379	4096
1790376384	4096
1790376389	4096
1790376394	4096
1790376399	4096
1790376404	4096
1790376409	4096
1790376414	4096
1790376419	4096
1790376424	4096
1790376429	4096
1790376434	4096
1790376439	4096
1790376444	4096
1790376449	4096
1790376454	4096
1790376459	4096
1790376464	4096
1790376469	4096
1790376474	4096
1790376479	4096
1790376484	4096
1790376489	4096
1790376494	4096
1790376499	4096
1790376504	4096
1790376509	4096
1790376514	4096
1790376519	4096
1790376524	4096
1790376529	4096
1790376534	4096
1790376539	4096
1790376544	4096
1790376549	4096
1790376554	4096
1790376559	4096
1790376564	4096
1790376569	4096
1790376574	4096
1790376579	4096
1790376584	4096
1790376589	4096
1790376594	4096
1790376599	4096
1790376604	4096
1790376609	4096
1790376614	4096
1790376619	4096
1790376624	4096
1790376629	4096
1790376634	4096
1790376639	4096
1790376644	4096
1790376649	4096
1790376654	4096
1790376659	4096
1790376664	4096
1790376669	4096
1790376674	4096
1790376679	4096
1790376684	4096
1790376689	4096
1790376694	4096
1790376700	4096
1790376705	4096
1790376710	4096
1790376715	4096
1790376720	4096
1790376725	4096
1790376730	4096
1790376735	4096
1790376740	4096
1790376745	4096
1790376750	4096
1790376755	4096
1790376760	4096
1790376765	4096
1790376770	4096
1790376775	4096
1790376780	4096
1790376785	4096
1790376790	4096
1790376795	4096
1790376800	4096
1790376805	4096
1790376810	4096
1790376815	4096
1790376820	4096
1790376825	4096
1790376830	4096
1790376835	4096
1790376840	4096
1790376845	4096
1790376850	4096
1790376855	4096
1790376860	4096
1790376865	4096
1790376870	4096
1790376875	4096
1790376880	4096
1790376885	4096
1790376890	4096
1790376895	4096
1790376900	4096
1790376905	4096
1790376910	4096
1790376915	4096
1790376920	4096
1790376925	4096
1790376930	4096
1790376935	4096
1790376940	4096
1790376945	4096
1790376950	4096
1790376955	4096
1790376960	4096
1790376965	4096
1790376970	4096
1790376975	4096
1790376980	4096
1790376985	4096
1790376990	4096
1790376995	4096
1790377000	4096
1790377005	4096
1790377010	4096
1790377015	4096
1790377020	4096
1790377025	4096
1790377030	4096
1790377035	4096
1790377040	4096
1790377045	4096
1790377050	4096
1790377055	4096
1790377060	4096
1790377065	4096
1790377070	4096
1790377075	4096
1790377080	4096
1790377085	4096
1790377090	4096
1790377095	4096
1790377100	4096
1790377105	4096
1790377110	4096
1790377115	4096
1790377120	4096
1790377125	4096
1790377130	4096
1790377135	4096
1790377140	4096
1790377145	4096
1790377150	4096
1790377155	4096
1790377160	4096
1790377165	4096
1790377170	4096
1790377175	4096
1790377180	4096
1790377185	4096
1790377190	4096
1790377195	4096
1790377200	4096
1790377205	4096
1790377210	4096
1790377215	4096
1790377220	4096
1790377225	4096
1790377230	4096
1790377235	4096
1790377240	4096
1790377245	4096
1790377250	4096
1790377255	4096
1790377260	4096
1790377265	4096
1790377270	4096
1790377275	4096
1790377280	4096
1790377285	4096
1790377290	4096
1790377295	4096
1790377300	4096
1790377305	4096
1790377310	4096
1790377315	4096
1790377320	4096
1790377325	4096
1790377330	4096
1790377335	4096
1790377340	4096
1790377345	4096
1790377350	4096
1790377355	4096
1790377360	4096
1790377365	4096
1790377370	4096
1790377376	4096
1790377381	4096
1790377386	4096
1790377391	4096
1790377396	4096
1790377401	4096
1790377406	4096
1790377411	4096
1790377416	4096
1790377421	4096
1790377426	4096
1790377431	4096
1790377436	4096
1790377441	4096
1790377446	4096
1790377451	4096
1790377456	4096
1790377461	4096
1790377466	4096
1790377471	4096
1790377476	4096
1790377481	4096
1790377486	4096
1790377491	4096
1790377496	4096
1790377501	4096
1790377506	4096
1790377511	4096
1790377516	4096
1790377521	4096
1790377526	4096
1790377531	4096
1790377536	4096
1790377541	4096
1790377546	4096
1790377551	4096
1790377556	4096
1790377561	4096
1790377566	4096
1790377571	4096
1790377576	4096
1790377581	4096
1790377586	4096
1790377591	4096
1790377596	4096
1790377601	4096
1790377606	4096
1790377611	4096
1790377616	4096
1790377621	4096
1790377626	4096
1790377631	4096
1790377636	4096
1790377641	4096
1790377646	4096
1790377651	4096
1790377656	4096
1790377661	4096
1790377666	4096
1790377671	4096
1790377676	4096
1790377681	4096
1790377686	4096
1790377691	4096
1790377696	4096
1790377701	4096
1790377706	4096
1790377711	4096
1790377716	4096
1790377721	4096
1790377726	4096
1790377731	4096
1790377736	4096
1790377741	4096
1790377746	4096
1790377751	4096
1790377756	4096
1790377761	4096
1790377766	4096
1790377771	4096
1790377776	4096
1790377781	4096
1790377786	4096
1790377791	4096
1790377796	4096
1790377801	4096
1790377806	4096
1790377811	4096
1790377816	4096
1790377821	4096
1790377826	4096
1790377831	4096
1790377836	4096
1790377841	4096
1790377846	4096
1790377851	4096
1790377856	4096
1790377861	4096
1790377866	4096
1790377871	4096
1790377876	4096
1790377881	4096
1790377886	4096
1790377891	4096
1790377896	4096
1790377901	4096
1790377906	4096
1790377911	4096
1790377916	4096
1790377921	4096
1790377926	4096
1790377931	4096
1790377936	4096
1790377941	4096
1790377946	4096
1790377951	4096
1790377956	4096
1790377961	4096
1790377966	4096
1790377971	4096
1790377976	4096
1790377981	4096
1790377986	4096
1790377991	4096
1790377996	4096
1790378001	4096
1790378006	4096
1790378011	4096
1790378016	4096
1790378021	4096
1790378026	4096
1790378031	4096
1790378037	4096
1790378042	4096
1790378047	4096
1790378052	4096
1790378057	4096
1790378062	4096
1790378067	4096
1790378072	4096
1790378077	4096
1790378082	4096
1790378087	4096
1790378092	4096
1790378097	4096
1790378102	4096
1790378107	4096
1790378112	4096
1790378117	4096
1790378122	4096
1790378127	4096
1790378132	4096
1790378137	4096
1790378142	4096
1790378147	4096
1790378152	4096
1790378157	4096
1790378162	4096
1790378167	4096
1790378172	4096
1790378177	4096
1790378182	4096
1790378187	4096
1790378192	4096
1790378197	4096
1790378202	4096
1790378207	4096
1790378212	4096
1790378217	4096
1790378222	4096
1790378227	4096
1790378232	4096
1790378237	4096
1790378242	4096
1790378247	4096
1790378252	4096
1790378257	4096
1790378262	4096
1790378267	4096
1790378272	4096
1790378277	4096
1790378282	4096
1790378287	4096
1790378292	4096
1790378297	4096
1790378302	4096
1790378307	4096
1790378312	4096
1790378317	4096
1790378322	4096
1790378327	4096
1790378332	4096
1790378337	4096
1790378342	4096
1790378347	4096
1790378352	4096
1790378357	4096
1790378362	4096
1790378367	4096
1790378372	4096
1790378377	4096
1790378382	4096
1790378387	4096
1790378392	4096
1790378397	4096
1790378402	4096
1790378407	4096
1790378412	4096
1790378417	4096
1790378422	4096
1790378427	4096
1790378432	4096
1790378437	4096
1790378442	4096
1790378447	4096
1790378452	4096
1790378457	4096
1790378462	4096
1790378467	4096
1790378472	4096
1790378477	4096
1790378482	4096
1790378487	4096
1790378492	4096
1790378497	4096
1790378502	4096
1790378507	4096
1790378512	4096
1790378517	4096
1790378522	4096
1790378527	4096
1790378532	4096
1790378537	4096
1790378542	4096
1790378547	4096
1790378552	4096
1790378557	4096
1790378562	4096
1790378567	4096
1790378572	4096
1790378577	4096
1790378582	4096
1790378587	4096
1790378592	4096
1790378597	4096
1790378602	4096
1790378607	4096
1790378612	4096
1790378617	4096
1790378622	4096
1790378627	4096
1790378632	4096
1790378637	4096
1790378642	4096
1790378647	4096
1790378653	4096
1790378658	4096
1790378663	4096
1790378668	4096
1790378673	4096
1790378678	4096
1790378683	4096
1790378688	4096
1790378693	4096
1790378698	4096
1790378703	4096
1790378708	4096
1790378713	4096
1790378718	4096
1790378723	4096
1790378728	4096
1790378733	4096
1790378738	4096
1790378743	4096
1790378748	4096
1790378753	4096
1790378758	4096
1790378763	4096
1790378768	4096
1790378773	4096
1790378778	4096
1790378783	4096
1790378788	4096
1790378793	4096
1790378798	4096
1790378803	4096
1790378808	4096
1790378813	4096
1790378818	4096
1790378823	4096
1790378828	4096
1790378833	4096
1790378838	4096
1790378843	4096
1790378848	4096
1790378853	4096
1790378858	4096
1790378863	4096
1790378868	4096
1790378873	4096
1790378878	4096
1790378883	4096
1790378888	4096
1790378893	4096
1790378898	4096
1790378903	4096
1790378908	4096
1790378913	4096
1790378918	4096
1790378923	4096
1790378928	4096
1790378933	4096
1790378938	4096
1790378943	4096
1790378948	4096
1790378953	4096
1790378958	4096
1790378963	4096
1790378968	4096
1790378973	4096
1790378978	4096
1790378983	4096
1790378988	4096
1790378993	4096
1790378998	4096
1790379003	4096
1790379008	4096
1790379013	4096
1790379018	4096
1790379023	4096
1790379028	4096
1790379033	4096
1790379038	4096
1790379043	4096
1790379048	4096
1790379053	4096
1790379058	4096
1790379063	4096
1790379068	4096
1790379073	4096
1790379078	4096
1790379083	4096
1790379088	4096
1790379093	4096
1790379098	4096
1790379103	4096
1790379108	4096
1790379113	4096
1790379118	4096
1790379123	4096
1790379128	4096
1790379133	4096
1790379138	4096
1790379143	4096
1790379148	4096
1790379153	4096
1790379158	4096
1790379163	4096
1790379168	4096
1790379173	4096
1790379178	4096
1790379183	4096
1790379188	4096
1790379193	4096
1790379198	4096
1790379203	4096
1790379208	4096
1790379213	4096
1790379218	4096
1790379223	4096
1790379228	4096
1790379233	4096
1790379238	4096
1790379243	4096
1790379248	4096
1790379253	4096
1790379258	4096
1790379263	4096
1790379268	4096
1790379273	4096
1790379278	4096
1790379283	4096
1790379288	4096
1790379293	4096
1790379298	4096
1790379303	4096
1790379308	4096
1790379313	4096
1790379319	4096
1790379324	4096
1790379329	4096
1790379334	4096
1790379339	4096
1790379344	4096
1790379349	4096
1790379354	4096
1790379359	4096
1790379364	4096
1790379369	4096
1790379374	4096
1790379379	4096
1790379384	4096
1790379389	4096
1790379394	4096
1790379399	4096
1790379404	4096
1790379409	4096
1790379414	4096
1790379419	4096
1790379424	4096
1790379429	4096
1790379434	4096
1790379439	4096
1790379444	4096
1790379449	4096
1790379454	4096
1790379459	4096
1790379464	4096
1790379469	4096
1790379474	4096
1790379479	4096
1790379484	4096
1790379489	4096
1790379494	4096
1790379499	4096
1790379504	4096
1790379509	4096
1790379514	4096
1790379519	4096
1790379524	4096
1790379529	4096
1790379534	4096
1790379539	4096
1790379544	4096
1790379549	4096
1790379554	4096
1790379559	4096
1790379564	4096
1790379569	4096
1790379574	4096
1790379579	4096
1790379584	4096
1790379589	4096
1790379594	4096
1790379599	4096
1790379604	4096
1790379609	4096
1790379614	4096
1790379619	4096
1790379624	4096
1790379629	4096
1790379634	4096
1790379639	4096
1790379644	4096
1790379649	4096
1790379654	4096
1790379659	4096
1790379664	4096
1790379669	4096
1790379674	4096
1790379679	4096
1790379684	4096
1790379689	4096
1790379694	4096
1790379699	4096
1790379704	4096
1790379709	4096
1790379714	4096
1790379719	4096
1790379724	4096
1790379729	4096
1790379734	4096
1790379739	4096
1790379744	4096
1790379749	4096
1790379754	4096
1790379759	4096
1790379764	4096
1790379769	4096
1790379774	4096
1790379779	4096
1790379784	4096
1790379789	4096
1790379794	4096
1790379799	4096
1790379804	4096
1790379809	4096
1790379814	4096
1790379819	4096
1790379824	4096
1790379829	4096
1790379834	4096
1790379839	4096
1790379844	4096
1790379849	4096
1790379854	4096
1790379859	4096
1790379864	4096
1790379869	4096
1790379874	4096
1790379879	4096
1790379884	4096
1790379889	4096
1790379894	4096
1790379899	4096
1790379904	4096
1790379909	4096
1790379914	4096
1790379919	4096
1790379924	4096
1790379929	4096
1790379934	4096
1790379939	4096
1790379944	4096
1790379949	4096
1790379954	4096
1790379959	4096
1790379965	4096
1790379970	4096
1790379975	4096
1790379980	4096
1790379985	4096
1790379990	4096
1790379995	4096
1790380000	4096
1790380005	4096
1790380010	4096
1790380015	4096
1790380020	4096
1790380025	4096
1790380030	4096
1790380035	4096
1790380040	4096
1790380045	4096
1790380050	4096
1790380055	4096
1790380060	4096
1790380065	4096
1790380070	4096
1790380075	4096
1790380080	4096
1790380085	4096
1790380090	4096
1790380095	4096
1790380100	4096
1790380105	4096
1790380110	4096
1790380115	4096
1790380120	4096
1790380125	4096
1790380130	4096
1790380135	4096
1790380140	4096
1790380145	4096
1790380150	4096
1790380155	4096
1790380160	4096
1790380165	4096
1790380170	4096
1790380175	4096
1790380180	4096
1790380185	4096
1790380190	4096
1790380195	4096
1790380200	4096
1790380205	4096
1790380210	4096
1790380215	4096
1790380220	4096
1790380225	4096
1790380230	4096
1790380235	4096
1790380240	4096
1790380245	4096
1790380250	4096
1790380255	4096
1790380260	4096
1790380265	4096
1790380270	4096
1790380275	4096
1790380280	4096
1790380285	4096
1790380290	4096
1790380295	4096
1790380300	4096
1790380305	4096
1790380310	4096
1790380315	4096
1790380320	4096
1790380325	4096
1790380330	4096
1790380335	4096
1790380340	4096
1790380345	4096
1790380350	4096
1790380355	4096
1790380360	4096
1790380365	4096
1790380370	4096
1790380375	4096
1790380380	4096
1790380385	4096
1790380390	4096
1790380395	4096
1790380400	4096
1790380405	4096
1790380410	4096
1790380415	4096
1790380420	4096
1790380425	4096
1790380430	4096
1790380435	4096
1790380440	4096
1790380445	4096
1790380450	4096
1790380455	4096
1790380460	4096
1790380465	4096
1790380470	4096
1790380475	4096
1790380480	4096
1790380485	4096
1790380490	4096
1790380495	4096
1790380500	4096
1790380505	4096
1790380510	4096
1790380515	4096
1790380520	4096
1790380525	4096
1790380530	4096
1790380535	4096
1790380540	4096
1790380545	4096
1790380550	4096
1790380555	4096
1790380560	4096
1790380565	4096
1790380570	4096
1790380575	4096
1790380580	4096
1790380585	4096
1790380590	4096
1790380596	4096
1790380601	4096
1790380606	4096
1790380611	4096
1790380616	4096
1790380621	4096
1790380626	4096
1790380631	4096
1790380636	4096
1790380641	4096
1790380646	4096
1790380651	4096
1790380656	4096
1790380661	4096
1790380666	4096
1790380671	4096
1790380676	4096
1790380681	4096
1790380686	4096
1790380691	4096
1790380696	4096
1790380701	4096
1790380706	4096
1790380711	4096
1790380716	4096
1790380721	4096
1790380726	4096
1790380731	4096
1790380736	4096
1790380741	4096
1790380746	4096
1790380751	4096
1790380756	4096
1790380761	4096
1790380766	4096
1790380771	4096
1790380776	4096
1790380781	4096
1790380786	4096
1790380791	4096
1790380796	4096
1790380801	4096
1790380806	4096
1790380811	4096
1790380816	4096
1790380821	4096
1790380826	4096
1790380831	4096
1790380836	4096
1790380841	4096
1790380846	4096
1790380851	4096
1790380856	4096
1790380861	4096
1790380866	4096
1790380871	4096
1790380876	4096
1790380881	4096
1790380886	4096
1790380891	4096
1790380896	4096
1790380901	4096
1790380906	4096
1790380911	4096
1790380916	4096
1790380921	4096
1790380926	4096
1790380931	4096
1790380936	4096
1790380941	4096
1790380946	4096
1790380951	4096
1790380956	4096
1790380961	4096
1790380966	4096
1790380971	4096
1790380976	4096
1790380981	4096
1790380986	4096
1790380991	4096
1790380996	4096
1790381001	4096
1790381006	4096
1790381011	4096
1790381016	4096
1790381021	4096
1790381026	4096
1790381031	4096
1790381036	4096
1790381041	4096
1790381046	4096
1790381051	4096
1790381056	4096
1790381061	4096
1790381066	4096
1790381071	4096
1790381076	4096
1790381081	4096
1790381086	4096
1790381091	4096
1790381096	4096
1790381101	4096
1790381106	4096
1790381111	4096
1790381116	4096
1790381121	4096
1790381126	4096
1790381131	4096
1790381136	4096
1790381141	4096
1790381146	4096
1790381151	4096
1790381156	4096
1790381161	4096
1790381166	4096
1790381171	4096
1790381176	4096
1790381181	4096
1790381186	4096
1790381191	4096
1790381196	4096
1790381201	4096
1790381206	4096
1790381211	4096
1790381216	4096
1790381221	4096
1790381226	4096
1790381232	4096
1790381237	4096
1790381242	4096
1790381247	4096
1790381252	4096
1790381257	4096
1790381262	4096
1790381267	4096
1790381272	4096
1790381277	4096
1790381282	4096
1790381287	4096
1790381292	4096
1790381297	4096
1790381302	4096
1790381307	4096
1790381312	4096
1790381317	4096
1790381322	4096
1790381327	4096
1790381332	4096
1790381337	4096
1790381342	4096
1790381347	4096
1790381352	4096
1790381357	4096
1790381362	4096
1790381367	4096
1790381372	4096
1790381377	4096
1790381382	4096
1790381387	4096
1790381392	4096
1790381397	4096
1790381402	4096
1790381407	4096
1790381412	4096
1790381417	4096
1790381422	4096
1790381427	4096
1790381432	4096
1790381437	4096
1790381442	4096
1790381447	4096
1790381452	4096
1790381457	4096
1790381462	4096
1790381467	4096
1790381472	4096
1790381477	4096
1790381482	4096
1790381487	4096
1790381492	4096
1790381497	4096
1790381502	4096
1790381507	4096
1790381512	4096
1790381517	4096
1790381522	4096
1790381527	4096
1790381532	4096
1790381537	4096
1790381542	4096
1790381547	4096
1790381552	4096
1790381557	4096
1790381562	4096
1790381567	4096
1790381572	4096
1790381577	4096
1790381582	4096
1790381587	4096
1790381592	4096
1790381597	4096
1790381602	4096
1790381607	4096
1790381612	4096
1790381617	4096
1790381622	4096
1790381627	4096
1790381632	4096
1790381637	4096
1790381642	4096
1790381647	4096
1790381652	4096
1790381657	4096
1790381662	4096
1790381667	4096
1790381672	4096
1790381677	4096
1790381682	4096
1790381687	4096
1790381692	4096
1790381697	4096
1790381702	4096
1790381707	4096
1790381712	4096
1790381717	4096
1790381722	4096
1790381727	4096
1790381732	4096
1790381737	4096
1790381742	4096
1790381747	4096
1790381752	4096
1790381757	4096
1790381762	4096
1790381767	4096
1790381772	4096
1790381777	4096
1790381782	4096
1790381787	4096
1790381792	4096
1790381797	4096
1790381802	4096
1790381807	4096
1790381812	4096
1790381817	4096
1790381822	4096
1790381827	4096
1790381832	4096
1790381837	4096
1790381842	4096
1790381847	4096
1790381852	4096
1790381857	4096
1790381862	4096
1790381867	4096
1790381872	4096
1790381877	4096
1790381882	4096
1790381887	4096
1790381893	4096
1790381898	4096
1790381903	4096
1790381908	4096
1790381913	4096
1790381918	4096
1790381923	4096
1790381928	4096
1790381933	4096
1790381938	4096
1790381943	4096
1790381948	4096
1790381953	4096
1790381958	4096
1790381963	4096
1790381968	4096
1790381973	4096
1790381978	4096
1790381983	4096
1790381988	4096
1790381993	4096
1790381998	4096
1790382003	4096
1790382008	4096
1790382013	4096
1790382018	4096
1790382023	4096
1790382028	4096
1790382033	4096
1790382038	4096
1790382043	4096
1790382048	4096
1790382053	4096
1790382058	4096
1790382063	4096
1790382068	4096
1790382073	4096
1790382078	4096
1790382083	4096
1790382088	4096
1790382093	4096
1790382098	4096
1790382103	4096
1790382108	4096
1790382113	4096
1790382118	4096
1790382123	4096
1790382128	4096
1790382133	4096
1790382138	4096
1790382143	4096
1790382148	4096
1790382153	4096
1790382158	4096
1790382163	4096
1790382168	4096
1790382173	4096
1790382178	4096
1790382183	4096
1790382188	4096
1790382193	4096
1790382198	4096
1790382203	4096
1790382208	4096
1790382213	4096
1790382218	4096
1790382223	4096
1790382228	4096
1790382233	4096
1790382238	4096
1790382243	4096
1790382248	4096
1790382253	4096
1790382258	4096
1790382263	4096
1790382268	4096
1790382273	4096
1790382278	4096
1790382283	4096
1790382288	4096
1790382293	4096
1790382298	4096
1790382303	4096
1790382308	4096
1790382313	4096
1790382318	4096
1790382323	4096
1790382328	4096
1790382333	4096
1790382338	4096
1790382343	4096
1790382348	4096
1790382353	4096
1790382358	4096
1790382363	4096
1790382368	4096
1790382373	4096
1790382378	4096
1790382383	4096
1790382388	4096
1790382393	4096
1790382398	4096
1790382403	4096
1790382408	4096
1790382413	4096
1790382418	4096
1790382423	4096
1790382428	4096
1790382433	4096
1790382438	4096
1790382443	4096
1790382448	4096
1790382453	4096
1790382458	4096
1790382463	4096
1790382468	4096
1790382473	4096
1790382478	4096
1790382483	4096
1790382488	4096
1790382493	4096
1790382498	4096
1790382503	4096
1790382508	4096
1790382513	4096
1790382518	4096
1790382523	4096
1790382528	4096
1790382533	4096
1790382538	4096
1790382543	4096
1790382548	4096
1790382553	4096
1790382558	4096
1790382563	4096
1790382568	4096
1790382574	4096
1790382579	4096
1790382584	4096
1790382589	4096
1790382594	4096
1790382599	4096
1790382604	4096
1790382609	4096
1790382614	4096
1790382619	4096
1790382624	4096
1790382629	4096
1790382634	4096
1790382639	4096
1790382644	4096
1790382649	4096
1790382654	4096
1790382659	4096
1790382664	4096
1790382669	4096
1790382674	4096
1790382679	4096
1790382684	4096
1790382689	4096
1790382694	4096
1790382699	4096
1790382704	4096
1790382709	4096
1790382714	4096
1790382719	4096
1790382724	4096
1790382729	4096
1790382734	4096
1790382739	4096
1790382744	4096
1790382749	4096
1790382754	4096
1790382759	4096
1790382764	4096
1790382769	4096
1790382774	4096
1790382779	4096
1790382784	4096
1790382789	4096
1790382794	4096
1790382799	4096
1790382804	4096
1790382809	4096
1790382814	4096
1790382819	4096
1790382824	4096
1790382829	4096
1790382834	4096
1790382839	4096
1790382844	4096
1790382849	4096
1790382854	4096
1790382859	4096
1790382864	4096
1790382869	4096
1790382874	4096
1790382879	4096
1790382884	4096
1790382889	4096
1790382894	4096
1790382899	4096
1790382904	4096
1790382909	4096
1790382914	4096
1790382919	4096
1790382924	4096
1790382929	4096
1790382934	4096
1790382939	4096
1790382944	4096
1790382949	4096
1790382954	4096
1790382959	4096
1790382964	4096
1790382969	4096
1790382974	4096
1790382979	4096
1790382984	4096
1790382989	4096
1790382994	4096
1790382999	4096
1790383004	4096
1790383009	4096
1790383014	4096
1790383019	4096
1790383024	4096
1790383029	4096
1790383034	4096
1790383039	4096
1790383044	4096
1790383049	4096
1790383054	4096
1790383059	4096
1790383064	4096
1790383069	4096
1790383074	4096
1790383079	4096
1790383084	4096
1790383089	4096
1790383094	4096
1790383099	4096
1790383104	4096
1790383109	4096
1790383114	4096
1790383119	4096
1790383124	4096
1790383129	4096
1790383134	4096
1790383139	4096
1790383144	4096
1790383149	4096
1790383154	4096
1790383159	4096
1790383164	4096
1790383169	4096
1790383174	4096
1790383179	4096
1790383184	4096
1790383190	4096
1790383195	4096
1790383200	4096
1790383205	4096
1790383210	4096
1790383215	4096
1790383220	4096
1790383225	4096
1790383230	4096
1790383235	4096
1790383240	4096
1790383245	4096
1790383250	4096
1790383255	4096
1790383260	4096
1790383265	4096
1790383270	4096
1790383275	4096
1790383280	4096
1790383285	4096
1790383290	4096
1790383295	4096
1790383300	4096
1790383305	4096
1790383310	4096
1790383315	4096
1790383320	4096
1790383325	4096
1790383330	4096
1790383335	4096
1790383340	4096
1790383345	4096
1790383350	4096
1790383355	4096
1790383360	4096
1790383365	4096
1790383370	4096
1790383375	4096
1790383380	4096
1790383385	4096
1790383390	4096
1790383395	4096
1790383400	4096
1790383405	4096
1790383410	4096
1790383415	4096
1790383420	4096
1790383425	4096
1790383430	4096
1790383435	4096
1790383440	4096
1790383445	4096
1790383450	4096
1790383455	4096
1790383460	4096
1790383465	4096
1790383470	4096
1790383475	4096
1790383480	4096
1790383485	4096
1790383490	4096
1790383495	4096
1790383500	4096
1790383505	4096
1790383510	4096
1790383515	4096
1790383520	4096
1790383525	4096
1790383530	4096
1790383535	4096
1790383540	4096
1790383545	4096
1790383550	4096
1790383555	4096
1790383560	4096
1790383565	4096
1790383570	4096
1790383575	4096
1790383580	4096
1790383585	4096
1790383590	4096
1790383595	4096
1790383600	4096
1790383605	4096
1790383610	4096
1790383615	4096
1790383620	4096
1790383625	4096
1790383630	4096
1790383635	4096
1790383640	4096
1790383645	4096
1790383650	4096
1790383655	4096
1790383660	4096
1790383665	4096
1790383670	4096
1790383675	4096
1790383680	4096
1790383685	4096
1790383690	4096
1790383695	4096
1790383700	4096
1790383705	4096
1790383710	4096
1790383715	4096
1790383720	4096
1790383725	4096
1790383730	4096
1790383735	4096
1790383740	4096
1790383745	4096
1790383750	4096
1790383755	4096
1790383760	4096
1790383765	4096
1790383770	4096
1790383775	4096
1790383780	4096
1790383785	4096
1790383790	4096
1790383795	4096
1790383800	4096
1790383805	4096
1790383810	4096
1790383815	4096
1790383820	4096
1790383825	4096
1790383830	4096
1790383835	4096
1790383840	4096
1790383845	4096
1790383851	4096
1790383856	4096
1790383861	4096
1790383866	4096
1790383871	4096
1790383876	4096
1790383881	4096
1790383886	4096
1790383891	4096
1790383896	4096
1790383901	4096
1790383906	4096
1790383911	4096
1790383916	4096
1790383921	4096
1790383926	4096
1790383931	4096
1790383936	4096
1790383941	4096
1790383946	4096
1790383951	4096
1790383956	4096
1790383961	4096
1790383966	4096
1790383971	4096
1790383976	4096
1790383981	4096
1790383986	4096
1790383991	4096
1790383996	4096
1790384001	4096
1790384006	4096
1790384011	4096
1790384016	4096
1790384021	4096
1790384026	4096
1790384031	4096
1790384036	4096
1790384041	4096
1790384046	4096
1790384051	4096
1790384056	4096
1790384061	4096
1790384066	4096
1790384071	4096
1790384076	4096
1790384081	4096
1790384086	4096
1790384091	4096
1790384096	4096
1790384101	4096
1790384106	4096
1790384111	4096
1790384116	4096
1790384121	4096
1790384126	4096
1790384131	4096
1790384136	4096
1790384141	4096
1790384146	4096
1790384151	4096
1790384156	4096
1790384161	4096
1790384166	4096
1790384171	4096
1790384176	4096
1790384181	4096
1790384186	4096
1790384191	4096
1790384196	4096
1790384201	4096
1790384206	4096
1790384211	4096
1790384216	4096
1790384221	4096
1790384226	4096
1790384231	4096
1790384236	4096
1790384241	4096
1790384246	4096
1790384251	4096
1790384256	4096
1790384261	4096
1790384266	4096
1790384271	4096
1790384276	4096
1790384281	4096
1790384286	4096
1790384291	4096
1790384296	4096
1790384301	4096
1790384306	4096
1790384311	4096
1790384316	4096
1790384321	4096
1790384326	4096
1790384331	4096
1790384336	4096
1790384341	4096
1790384346	4096
1790384351	4096
1790384356	4096
1790384361	4096
1790384366	4096
1790384371	4096
1790384376	4096
1790384381	4096
1790384386	4096
1790384391	4096
1790384396	4096
1790384401	4096
1790384406	4096
1790384411	4096
1790384416	4096
1790384421	4096
1790384426	4096
1790384431	4096
1790384436	4096
1790384441	4096
1790384446	4096
1790384451	4096
1790384456	4096
1790384461	4096
1790384466	4096
1790384471	4096
1790384476	4096
1790384482	4096
1790384487	4096
1790384492	4096
1790384497	4096
1790384502	4096
1790384507	4096
1790384512	4096
1790384517	4096
1790384522	4096
1790384527	4096
1790384532	4096
1790384537	4096
1790384542	4096
1790384547	4096
1790384552	4096
1790384557	4096
1790384562	4096
1790384567	4096
1790384572	4096
1790384577	4096
1790384582	4096
1790384587	4096
1790384592	4096
1790384597	4096
1790384602	4096
1790384607	4096
1790384612	4096
1790384617	4096
1790384622	4096
1790384627	4096
1790384632	4096
1790384637	4096
1790384642	4096
1790384647	4096
1790384652	4096
1790384657	4096
1790384662	4096
1790384667	4096
1790384672	4096
1790384677	4096
1790384682	4096
1790384687	4096
1790384692	4096
1790384697	4096
1790384702	4096
1790384707	4096
1790384712	4096
1790384717	4096
1790384722	4096
1790384727	4096
1790384732	4096
1790384737	4096
1790384742	4096
1790384747	4096
1790384752	4096
1790384757	4096
1790384762	4096
1790384767	4096
1790384772	4096
1790384777	4096
1790384782	4096
1790384787	4096
1790384792	4096
1790384797	4096
1790384802	4096
1790384807	4096
1790384812	4096
1790384817	4096
1790384822	4096
1790384827	4096
1790384832	4096
1790384837	4096
1790384842	4096
1790384847	4096
1790384852	4096
1790384857	4096
1790384862	4096
1790384867	4096
1790384872	4096
1790384877	4096
1790384882	4096
1790384887	4096
1790384892	4096
1790384897	4096
1790384902	4096
1790384907	4096
1790384912	4096
1790384917	4096
1790384922	4096
1790384927	4096
1790384932	4096
1790384937	4096
1790384942	4096
1790384947	4096
1790384952	4096
1790384957	4096
1790384962	4096
1790384967	4096
1790384972	4096
1790384977	4096
1790384982	4096
1790384987	4096
1790384992	4096
1790384997	4096
1790385002	4096
1790385007	4096
1790385012	4096
1790385017	4096
1790385022	4096
1790385027	4096
1790385032	4096
1790385037	4096
1790385042	4096
1790385047	4096
1790385052	4096
1790385057	4096
1790385062	4096
1790385067	4096
1790385072	4096
1790385077	4096
1790385082	4096
1790385087	4096
1790385092	4096
1790385097	4096
1790385102	4096
1790385108	4096
1790385113	4096
1790385118	4096
1790385123	4096
1790385128	4096
1790385133	4096
1790385138	4096
1790385143	4096
1790385148	4096
1790385153	4096
1790385158	4096
1790385163	4096
1790385168	4096
1790385173	4096
1790385178	4096
1790385183	4096
1790385188	4096
1790385193	4096
1790385198	4096
1790385203	4096
1790385208	4096
1790385213	4096
1790385218	4096
1790385223	4096
1790385228	4096
1790385233	4096
1790385238	4096
1790385243	4096
1790385248	4096
1790385253	4096
1790385258	4096
1790385263	4096
1790385268	4096
1790385273	4096
1790385278	4096
1790385283	4096
1790385288	4096
1790385293	4096
1790385298	4096
1790385303	4096
1790385308	4096
1790385313	4096
1790385318	4096
1790385323	4096
1790385328	4096
1790385333	4096
1790385338	4096
1790385343	4096
1790385348	4096
1790385353	4096
1790385358	4096
1790385363	4096
1790385368	4096
1790385373	4096
1790385378	4096
1790385383	4096
1790385388	4096
1790385393	4096
1790385398	4096
1790385403	4096
1790385408	4096
1790385413	4096
1790385418	4096
1790385423	4096
1790385428	4096
1790385433	4096
1790385438	4096
1790385443	4096
1790385448	4096
1790385453	4096
1790385458	4096
1790385463	4096
1790385468	4096
1790385473	4096
1790385478	4096
1790385483	4096
1790385488	4096
1790385493	4096
1790385498	4096
1790385503	4096
1790385508	4096
1790385513	4096
1790385518	4096
1790385523	4096
1790385528	4096
1790385533	4096
1790385538	4096
1790385543	4096
1790385548	4096
1790385553	4096
1790385558	4096
1790385563	4096
1790385568	4096
1790385573	4096
1790385578	4096
1790385583	4096
1790385588	4096
1790385593	4096
1790385598	4096
1790385603	4096
1790385608	4096
1790385613	4096
1790385618	4096
1790385623	4096
1790385628	4096
1790385633	4096
1790385638	4096
1790385643	4096
1790385648	4096
1790385653	4096
1790385658	4096
1790385663	4096
1790385668	4096
1790385673	4096
1790385678	4096
1790385683	4096
1790385688	4096
1790385693	4096
1790385698	4096
1790385703	4096
1790385708	4096
1790385713	4096
1790385718	4096
1790385723	4096
1790385728	4096
1790385733	4096
1790385738	4096
1790385744	4096
1790385749	4096
1790385754	4096
1790385759	4096
1790385764	4096
1790385769	4096
1790385774	4096
1790385779	4096
1790385784	4096
1790385789	4096
1790385794	4096
1790385799	4096
1790385804	4096
1790385809	4096
1790385814	4096
1790385819	4096
1790385824	4096
1790385829	4096
1790385834	4096
1790385839	4096
1790385844	4096
1790385849	4096
1790385854	4096
1790385859	4096
1790385864	4096
1790385869	4096
1790385874	4096
1790385879	4096
1790385884	4096
1790385889	4096
1790385894	4096
1790385899	4096
1790385904	4096
1790385909	4096
1790385914	4096
1790385919	4096
1790385924	4096
1790385929	4096
1790385934	4096
1790385939	4096
1790385944	4096
1790385949	4096
1790385954	4096
1790385959	4096
1790385964	4096
1790385969	4096
1790385974	4096
1790385979	4096
1790385984	4096
1790385989	4096
1790385994	4096
1790385999	4096
1790386004	4096
1790386009	4096
1790386014	4096
1790386019	4096
1790386024	4096
1790386029	4096
1790386034	4096
1790386039	4096
1790386044	4096
1790386049	4096
1790386054	4096
1790386059	4096
1790386064	4096
1790386069	4096
1790386074	4096
1790386079	4096
1790386084	4096
1790386089	4096
1790386094	4096
1790386099	4096
1790386104	4096
1790386109	4096
1790386114	4096
1790386119	4096
1790386124	4096
1790386129	4096
1790386134	4096
1790386139	4096
1790386144	4096
1790386149	4096
1790386154	4096
1790386159	4096
1790386164	4096
1790386169	4096
1790386174	4096
1790386179	4096
1790386184	4096
1790386189	4096
1790386194	4096
1790386199	4096
1790386204	4096
1790386209	4096
1790386214	4096
1790386219	4096
1790386224	4096
1790386229	4096
1790386234	4096
1790386239	4096
1790386244	4096
1790386249	4096
1790386254	4096
1790386259	4096
1790386264	4096
1790386269	4096
1790386274	4096
1790386279	4096
1790386284	4096
1790386289	4096
1790386294	4096
1790386299	4096
1790386304	4096
1790386309	4096
1790386314	4096
1790386319	4096
1790386324	4096
1790386329	4096
1790386334	4096
1790386339	4096
1790386344	4096
1790386349	4096
1790386354	4096
1790386359	4096
1790386364	4096
1790386369	4096
1790386374	4096
1790386379	4096
1790386384	4096
1790386389	4096
1790386394	4096
1790386399	4096
1790386404	4096
1790386409	4096
1790386414	4096
1790386419	4096
1790386424	4096
1790386429	4096
1790386434	4096
1790386439	4096
1790386444	4096
1790386449	4096
1790386454	4096
1790386459	4096
1790386464	4096
1790386469	4096
1790386474	4096
1790386479	4096
1790386484	4096
1790386489	4096
1790386494	4096
1790386500	4096
1790386505	4096
1790386510	4096
1790386515	4096
1790386520	4096
1790386525	4096
1790386530	4096
1790386535	4096
1790386540	4096
1790386545	4096
1790386550	4096
1790386555	4096
1790386560	4096
1790386565	4096
1790386570	4096
1790386575	4096
1790386580	4096
1790386585	4096
1790386590	4096
1790386595	4096
1790386600	4096
1790386605	4096
1790386610	4096
1790386615	4096
1790386620	4096
1790386625	4096
1790386630	4096
1790386635	4096
1790386640	4096
1790386645	4096
1790386650	4096
1790386655	4096
1790386660	4096
1790386665	4096
1790386670	4096
1790386675	4096
1790386680	4096
1790386685	4096
1790386690	4096
1790386695	4096
1790386700	4096
1790386705	4096
1790386710	4096
1790386715	4096
1790386720	4096
1790386725	4096
1790386730	4096
1790386735	4096
1790386740	4096
1790386745	4096
1790386750	4096
1790386755	4096
1790386760	4096
1790386765	4096
1790386770	4096
1790386775	4096
1790386780	4096
1790386785	4096
1790386790	4096
1790386795	4096
1790386800	4096
1790386805	4096
1790386810	4096
1790386815	4096
1790386820	4096
1790386825	4096
1790386830	4096
1790386835	4096
1790386840	4096
1790386845	4096
1790386850	4096
1790386855	4096
1790386860	4096
1790386865	4096
1790386870	4096
1790386875	4096
1790386880	4096
1790386885	4096
1790386890	4096
1790386895	4096
1790386900	4096
1790386905	4096
1790386910	4096
1790386915	4096
1790386920	4096
1790386925	4096
1790386930	4096
1790386935	4096
1790386940	4096
1790386945	4096
1790386950	4096
1790386955	4096
1790386960	4096
1790386965	4096
1790386970	4096
1790386975	4096
1790386980	4096
1790386985	4096
1790386990	4096
1790386995	4096
1790387000	4096
1790387005	4096
1790387010	4096
1790387015	4096
1790387020	4096
1790387025	4096
1790387030	4096
1790387035	4096
1790387040	4096
1790387045	4096
1790387050	4096
1790387055	4096
1790387060	4096
1790387065	4096
1790387070	4096
1790387075	4096
1790387080	4096
1790387085	4096
1790387090	4096
1790387095	4096
1790387100	4096
1790387105	4096
1790387110	4096
1790387115	4096
1790387120	4096
1790387125	4096
1790387130	4096
1790387135	4096
1790387140	4096
1790387145	4096
1790387150	4096
1790387155	4096
1790387160	4096
1790387165	4096
1790387170	4096
1790387175	4096
1790387180	4096
1790387185	4096
1790387190	4096
1790387195	4096
1790387200	4096
1790387205	4096
1790387210	4096
1790387215	4096
1790387220	4096
1790387225	4096
1790387230	4096
1790387235	4096
1790387240	4096
1790387245	4096
1790387250	4096
1790387255	4096
1790387260	4096
1790387265	4096
1790387270	4096
1790387275	4096
1790387280	4096
1790387285	4096
1790387290	4096
1790387295	4096
1790387300	4096
1790387305	4096
1790387310	4096
1790387315	4096
1790387320	4096
1790387325	4096
1790387330	4096
1790387335	4096
1790387340	4096
1790387345	4096
1790387350	4096
1790387355	4096
1790387360	4096
1790387365	4096
1790387370	4096
1790387375	4096
1790387380	4096
1790387385	4096
1790387390	4096
1790387395	4096
1790387400	4096
1790387405	4096
1790387410	4096
1790387415	4096
1790387420	4096
1790387425	4096
1790387430	4096
1790387435	4096
1790387440	4096
1790387445	4096
1790387451	4096
1790387456	4096
1790387461	4096
1790387466	4096
1790387471	4096
1790387476	4096
1790387481	4096
1790387486	4096
1790387491	4096
1790387496	4096
1790387501	4096
1790387506	4096
1790387511	4096
1790387516	4096
1790387521	4096
1790387526	4096
1790387531	4096
1790387536	4096
1790387541	4096
1790387546	4096
1790387551	4096
1790387556	4096
1790387561	4096
1790387566	4096
1790387571	4096
1790387576	4096
1790387581	4096
1790387586	4096
1790387591	4096
1790387596	4096
1790387601	4096
1790387606	4096
1790387611	4096
1790387616	4096
1790387621	4096
1790387626	4096
1790387631	4096
1790387636	4096
1790387641	4096
1790387646	4096
1790387651	4096
1790387656	4096
1790387661	4096
1790387666	4096
1790387671	4096
1790387676	4096
1790387681	4096
1790387686	4096
1790387691	4096
1790387696	4096
1790387701	4096
1790387706	4096
1790387711	4096
1790387716	4096
1790387721	4096
1790387726	4096
1790387731	4096
1790387736	4096
1790387741	4096
1790387746	4096
1790387751	4096
1790387756	4096
1790387761	4096
1790387766	4096
1790387771	4096
1790387776	4096
1790387781	4096
1790387786	4096
1790387791	4096
1790387796	4096
1790387801	4096
1790387806	4096
1790387811	4096
1790387816	4096
1790387821	4096
1790387826	4096
1790387831	4096
1790387836	4096
1790387841	4096
1790387846	4096
1790387851	4096
1790387856	4096
1790387861	4096
1790387866	4096
1790387871	4096
1790387876	4096
1790387881	4096
1790387886	4096
1790387891	4096
1790387896	4096
1790387901	4096
1790387906	4096
1790387911	4096
1790387916	4096
1790387921	4096
1790387926	4096
1790387931	4096
1790387936	4096
1790387941	4096
1790387946	4096
1790387951	4096
1790387956	4096
1790387961	4096
1790387966	4096
1790387971	4096
1790387976	4096
1790387981	4096
1790387986	4096
1790387991	4096
1790387996	4096
1790388001	4096
1790388006	4096
1790388011	4096
1790388016	4096
1790388021	4096
1790388026	4096
1790388031	4096
1790388036	4096
1790388041	4096
1790388046	4096
1790388051	4096
1790388056	4096
1790388061	4096
1790388066	4096
1790388071	4096
1790388076	4096
1790388081	4096
1790388086	4096
1790388091	4096
1790388096	4096
1790388101	4096
1790388106	4096
1790388111	4096
1790388116	4096
1790388121	4096
1790388126	4096
1790388131	4096
1790388136	4096
1790388141	4096
1790388146	4096
1790388151	4096
1790388156	4096
1790388161	4096
1790388166	4096
1790388171	4096
1790388176	4096
1790388181	4096
1790388186	4096
1790388191	4096
1790388196	4096
1790388201	4096
1790388206	4096
1790388211	4096
1790388216	4096
1790388221	4096
1790388226	4096
1790388231	4096
1790388236	4096
1790388241	4096
1790388246	4096
1790388251	4096
1790388256	4096
1790388261	4096
1790388266	4096
1790388271	4096
1790388276	4096
1790388281	4096
1790388286	4096
1790388291	4096
1790388296	4096
1790388301	4096
1790388306	4096
1790388311	4096
1790388316	4096
1790388321	4096
1790388326	4096
1790388331	4096
1790388336	4096
1790388341	4096
1790388346	4096
1790388351	4096
1790388356	4096
1790388361	4096
1790388366	4096
1790388371	4096
1790388377	4096
1790388382	4096
1790388387	4096
1790388392	4096
1790388397	4096
1790388402	4096
1790388407	4096
1790388412	4096
1790388417	4096
1790388422	4096
1790388427	4096
1790388432	4096
1790388437	4096
1790388442	4096
1790388447	4096
1790388452	4096
1790388457	4096
1790388462	4096
1790388467	4096
1790388472	4096
1790388477	4096
1790388482	4096
1790388487	4096
1790388492	4096
1790388497	4096
1790388502	4096
1790388507	4096
1790388512	4096
1790388517	4096
1790388522	4096
1790388527	4096
1790388532	4096
1790388537	4096
1790388542	4096
1790388547	4096
1790388552	4096
1790388557	4096
1790388562	4096
1790388567	4096
1790388572	4096
1790388577	4096
1790388582	4096
1790388587	4096
1790388592	4096
1790388597	4096
1790388602	4096
1790388607	4096
1790388612	4096
1790388617	4096
1790388622	4096
1790388627	4096
1790388632	4096
1790388637	4096
1790388642	4096
1790388647	4096
1790388652	4096
1790388657	4096
1790388662	4096
1790388667	4096
1790388672	4096
1790388677	4096
1790388682	4096
1790388687	4096
1790388692	4096
1790388697	4096
1790388702	4096
1790388707	4096
1790388712	4096
1790388717	4096
1790388722	4096
1790388727	4096
1790388732	4096
1790388737	4096
1790388742	4096
1790388747	4096
1790388752	4096
1790388757	4096
1790388762	4096
1790388767	4096
1790388772	4096
1790388777	4096
1790388782	4096
1790388787	4096
1790388792	4096
1790388797	4096
1790388802	4096
1790388807	4096
1790388812	4096
1790388817	4096
1790388822	4096
1790388827	4096
1790388832	4096
1790388837	4096
1790388842	4096
1790388847	4096
1790388852	4096
1790388857	4096
1790388862	4096
1790388867	4096
1790388872	4096
1790388877	4096
1790388882	4096
1790388887	4096
1790388892	4096
1790388897	4096
1790388902	4096
1790388907	4096
1790388912	4096
1790388917	4096
1790388922	4096
1790388927	4096
1790388932	4096
1790388937	4096
1790388942	4096
1790388947	4096
1790388952	4096
1790388957	4096
1790388962	4096
1790388967	4096
1790388972	4096
1790388977	4096
1790388982	4096
1790388987	4096
1790388992	4096
1790388997	4096
1790389002	4096
1790389007	4096
1790389012	4096
1790389017	4096
1790389022	4096
1790389027	4096
1790389032	4096
1790389037	4096
1790389042	4096
1790389047	4096
1790389052	4096
1790389057	4096
1790389062	4096
1790389067	4096
1790389072	4096
1790389077	4096
1790389082	4096
1790389087	4096
1790389092	4096
1790389097	4096
1790389102	4096
1790389107	4096
1790389112	4096
1790389117	4096
1790389122	4096
1790389127	4096
1790389132	4096
1790389137	4096
1790389142	4096
1790389147	4096
1790389152	4096
1790389157	4096
1790389162	4096
1790389167	4096
1790389172	4096
1790389177	4096
1790389182	4096
1790389187	4096
1790389192	4096
1790389197	4096
1790389202	4096
1790389207	4096
1790389212	4096
1790389217	4096
1790389222	4096
1790389227	4096
1790389232	4096
1790389237	4096
1790389242	4096
1790389247	4096
1790389252	4096
1790389257	4096
1790389262	4096
1790389268	4096
1790389273	4096
1790389278	4096
1790389283	4096
1790389288	4096
1790389293	4096
1790389298	4096
1790389303	4096
1790389308	4096
1790389313	4096
1790389318	4096
1790389323	4096
1790389328	4096
1790389333	4096
1790389338	4096
1790389343	4096
1790389348	4096
1790389353	4096
1790389358	4096
1790389363	4096
1790389368	4096
1790389373	4096
1790389378	4096
1790389383	4096
1790389388	4096
1790389393	4096
1790389398	4096
1790389403	4096
1790389408	4096
1790389413	4096
1790389418	4096
1790389423	4096
1790389428	4096
1790389433	4096
1790389438	4096
1790389443	4096
1790389448	4096
1790389453	4096
1790389458	4096
1790389463	4096
1790389468	4096
1790389473	4096
1790389478	4096
1790389483	4096
1790389488	4096
1790389493	4096
1790389498	4096
1790389503	4096
1790389508	4096
1790389513	4096
1790389518	4096
1790389523	4096
1790389528	4096
1790389533	4096
1790389538	4096
1790389543	4096
1790389548	4096
1790389553	4096
1790389558	4096
1790389563	4096
1790389568	4096
1790389573	4096
1790389578	4096
1790389583	4096
1790389588	4096
1790389593	4096
1790389598	4096
1790389603	4096
1790389608	4096
1790389613	4096
1790389618	4096
1790389623	4096
1790389628	4096
1790389633	4096
1790389638	4096
1790389643	4096
1790389648	4096
1790389653	4096
1790389658	4096
1790389663	4096
1790389668	4096
1790389673	4096
1790389678	4096
1790389683	4096
1790389688	4096
1790389693	4096
1790389698	4096
1790389703	4096
1790389708	4096
1790389713	4096
1790389718	4096
1790389723	4096
1790389728	4096
1790389733	4096
1790389738	4096
1790389743	4096
1790389748	4096
1790389753	4096
1790389758	4096
1790389763	4096
1790389768	4096
1790389773	4096
1790389778	4096
1790389783	4096
1790389788	4096
1790389793	4096
1790389798	4096
1790389803	4096
1790389808	4096
1790389813	4096
1790389818	4096
1790389823	4096
1790389828	4096
1790389833	4096
1790389838	4096
1790389843	4096
1790389848	4096
1790389853	4096
1790389858	4096
1790389863	4096
1790389868	4096
1790389873	4096
1790389878	4096
1790389883	4096
1790389888	4096
1790389893	4096
1790389898	4096
1790389903	4096
1790389908	4096
1790389913	4096
1790389918	4096
1790389923	4096
1790389928	4096
1790389933	4096
1790389938	4096
1790389943	4096
1790389948	4096
1790389953	4096
1790389958	4096
1790389963	4096
1790389968	4096
1790389973	4096
1790389978	4096
1790389983	4096
1790389988	4096
1790389993	4096
1790389998	4096
1790390003	4096
1790390008	4096
1790390013	4096
1790390018	4096
1790390023	4096
1790390028	4096
1790390033	4096
1790390038	4096
1790390043	4096
1790390048	4096
1790390053	4096
1790390058	4096
1790390063	4096
1790390068	4096
1790390073	4096
1790390078	4096
1790390083	4096
1790390088	4096
1790390093	4096
1790390098	4096
1790390103	4096
1790390108	4096
1790390113	4096
1790390118	4096
1790390123	4096
1790390128	4096
1790390133	4096
1790390138	4096
1790390143	4096
1790390148	4096
1790390153	4096
1790390158	4096
1790390163	4096
1790390168	4096
1790390173	4096
1790390178	4096
1790390183	4096
1790390188	4096
1790390193	4096
1790390198	4096
1790390203	4096
1790390208	4096
1790390213	4096
1790390218	4096
1790390223	4096
1790390229	4096
1790390234	4096
1790390239	4096
1790390244	4096
1790390249	4096
1790390254	4096
1790390259	4096
1790390264	4096
1790390269	4096
1790390274	4096
1790390279	4096
1790390284	4096
1790390289	4096
1790390294	4096
1790390299	4096
1790390304	4096
1790390309	4096
1790390314	4096
1790390319	4096
1790390324	4096
1790390329	4096
1790390334	4096
1790390339	4096
1790390344	4096
1790390349	4096
1790390354	4096
1790390359	4096
1790390364	4096
1790390369	4096
1790390374	4096
1790390379	4096
1790390384	4096
1790390389	4096
1790390394	4096
1790390399	4096
1790390404	4096
1790390409	4096
1790390414	4096
1790390419	4096
1790390424	4096
1790390429	4096
1790390434	4096
1790390439	4096
1790390444	4096
1790390449	4096
1790390454	4096
1790390459	4096
1790390464	4096
1790390469	4096
1790390474	4096
1790390479	4096
1790390484	4096
1790390489	4096
1790390494	4096
1790390499	4096
1790390504	4096
1790390509	4096
1790390514	4096
1790390519	4096
1790390524	4096
1790390529	4096
1790390534	4096
1790390539	4096
1790390544	4096
1790390549	4096
1790390554	4096
1790390559	4096
1790390564	4096
1790390569	4096
1790390574	4096
1790390579	4096
1790390584	4096
1790390589	4096
1790390594	4096
1790390599	4096
1790390604	4096
1790390609	4096
1790390614	4096
1790390619	4096
1790390624	4096
1790390629	4096
1790390634	4096
1790390639	4096
1790390644	4096
1790390649	4096
1790390654	4096
1790390659	4096
1790390664	4096
1790390669	4096
1790390674	4096
1790390679	4096
1790390684	4096
1790390689	4096
1790390694	4096
1790390699	4096
1790390704	4096
1790390709	4096
1790390714	4096
1790390719	4096
1790390724	4096
1790390729	4096
1790390734	4096
1790390739	4096
1790390744	4096
1790390749	4096
1790390754	4096
1790390759	4096
1790390764	4096
1790390769	4096
1790390774	4096
1790390779	4096
1790390784	4096
1790390789	4096
1790390794	4096
1790390799	4096
1790390804	4096
1790390809	4096
1790390814	4096
1790390819	4096
1790390824	4096
1790390829	4096
1790390834	4096
1790390839	4096
1790390844	4096
1790390849	4096
1790390854	4096
1790390859	4096
1790390864	4096
1790390869	4096
1790390874	4096
1790390879	4096
1790390884	4096
1790390889	4096
1790390894	4096
1790390899	4096
1790390904	4096
1790390909	4096
1790390914	4096
1790390919	4096
1790390924	4096
1790390929	4096
1790390934	4096
1790390939	4096
1790390944	4096
1790390949	4096
1790390954	4096
1790390959	4096
1790390964	4096
1790390969	4096
1790390974	4096
1790390979	4096
1790390984	4096
1790390989	4096
1790390994	4096
1790390999	4096
1790391004	4096
1790391009	4096
1790391014	4096
1790391019	4096
1790391024	4096
1790391029	4096
1790391034	4096
1790391039	4096
1790391044	4096
1790391049	4096
1790391054	4096
1790391059	4096
1790391064	4096
1790391069	4096
1790391074	4096
1790391079	4096
1790391084	4096
1790391089	4096
1790391094	4096
1790391099	4096
1790391104	4096
1790391109	4096
1790391114	4096
1790391119	4096
1790391124	4096
1790391129	4096
1790391134	4096
1790391139	4096
1790391144	4096
1790391149	4096
1790391154	4096
1790391159	4096
1790391165	4096
1790391170	4096
1790391175	4096
1790391180	4096
1790391185	4096
1790391190	4096
1790391195	4096
1790391200	4096
1790391205	4096
1790391210	4096
1790391215	4096
1790391220	4096
1790391225	4096
1790391230	4096
1790391235	4096
1790391240	4096
1790391245	4096
1790391250	4096
1790391255	4096
1790391260	4096
1790391265	4096
1790391270	4096
1790391275	4096
1790391280	4096
1790391285	4096
1790391290	4096
1790391295	4096
1790391300	4096
1790391305	4096
1790391310	4096
1790391315	4096
1790391320	4096
1790391325	4096
1790391330	4096
1790391335	4096
1790391340	4096
1790391345	4096
1790391350	4096
1790391355	4096
1790391360	4096
1790391365	4096
1790391370	4096
1790391375	4096
1790391380	4096
1790391385	4096
1790391390	4096
1790391395	4096
1790391400	4096
1790391405	4096
1790391410	4096
1790391415	4096
1790391420	4096
1790391425	4096
1790391430	4096
1790391435	4096
1790391440	4096
1790391445	4096
1790391450	4096
1790391455	4096
1790391460	4096
1790391465	4096
1790391470	4096
1790391475	4096
1790391480	4096
1790391485	4096
1790391490	4096
1790391495	4096
1790391500	4096
1790391505	4096
1790391510	4096
1790391515	4096
1790391520	4096
1790391525	4096
1790391530	4096
1790391535	4096
1790391540	4096
1790391545	4096
1790391550	4096
1790391555	4096
1790391560	4096
1790391565	4096
1790391570	4096
1790391575	4096
1790391580	4096
1790391585	4096
1790391590	4096
1790391595	4096
1790391600	4096
1790391605	4096
1790391610	4096
1790391615	4096
1790391620	4096
1790391625	4096
1790391630	4096
1790391635	4096
1790391640	4096
1790391645	4096
1790391650	4096
1790391655	4096
1790391660	4096
1790391665	4096
1790391670	4096
1790391675	4096
1790391680	4096
1790391685	4096
1790391690	4096
1790391695	4096
1790391700	4096
1790391705	4096
1790391710	4096
1790391715	4096
1790391720	4096
1790391725	4096
1790391730	4096
1790391735	4096
1790391740	4096
1790391745	4096
1790391750	4096
1790391755	4096
1790391760	4096
1790391765	4096
1790391770	4096
1790391775	4096
1790391780	4096
1790391785	4096
1790391790	4096
1790391795	4096
1790391800	4096
1790391805	4096
1790391810	4096
1790391815	4096
1790391820	4096
1790391825	4096
1790391830	4096
1790391835	4096
1790391840	4096
1790391845	4096
1790391850	4096
1790391855	4096
1790391860	4096
1790391865	4096
1790391870	4096
1790391875	4096
1790391880	4096
1790391885	4096
1790391890	4096
1790391895	4096
1790391900	4096
1790391905	4096
1790391910	4096
1790391915	4096
1790391920	4096
1790391925	4096
1790391930	4096
1790391935	4096
1790391940	4096
1790391945	4096
1790391950	4096
1790391955	4096
1790391960	4096
1790391965	4096
1790391970	4096
1790391975	4096
1790391980	4096
1790391985	4096
1790391990	4096
1790391995	4096
1790392000	4096
1790392005	4096
1790392010	4096
1790392015	4096
1790392020	4096
1790392025	4096
1790392030	4096
1790392035	4096
1790392040	4096
1790392045	4096
1790392050	4096
1790392055	4096
1790392060	4096
1790392065	4096
1790392070	4096
1790392075	4096
1790392080	4096
1790392085	4096
1790392090	4096
1790392096	4096
1790392101	4096
1790392106	4096
1790392111	4096
1790392116	4096
1790392121	4096
1790392126	4096
1790392131	4096
1790392136	4096
1790392141	4096
1790392146	4096
1790392151	4096
1790392156	4096
1790392161	4096
1790392166	4096
1790392171	4096
1790392176	4096
1790392181	4096
1790392186	4096
1790392191	4096
1790392196	4096
1790392201	4096
1790392206	4096
1790392211	4096
1790392216	4096
1790392221	4096
1790392226	4096
1790392231	4096
1790392236	4096
1790392241	4096
1790392246	4096
1790392251	4096
1790392256	4096
1790392261	4096
1790392266	4096
1790392271	4096
1790392276	4096
1790392281	4096
1790392286	4096
1790392291	4096
1790392296	4096
1790392301	4096
1790392306	4096
1790392311	4096
1790392316	4096
1790392321	4096
1790392326	4096
1790392331	4096
1790392336	4096
1790392341	4096
1790392346	4096
1790392351	4096
1790392356	4096
1790392361	4096
1790392366	4096
1790392371	4096
1790392376	4096
1790392381	4096
1790392386	4096
1790392391	4096
1790392396	4096
1790392401	4096
1790392406	4096
1790392411	4096
1790392416	4096
1790392421	4096
1790392426	4096
1790392431	4096
1790392436	4096
1790392441	4096
1790392446	4096
1790392451	4096
1790392456	4096
1790392461	4096
1790392466	4096
1790392471	4096
1790392476	4096
1790392481	4096
1790392486	4096
1790392491	4096
1790392496	4096
1790392501	4096
1790392506	4096
1790392511	4096
1790392516	4096
1790392521	4096
1790392526	4096
1790392531	4096
1790392536	4096
1790392541	4096
1790392546	4096
1790392551	4096
1790392556	4096
1790392561	4096
1790392566	4096
1790392571	4096
1790392576	4096
1790392581	4096
1790392586	4096
1790392591	4096
1790392596	4096
1790392601	4096
1790392606	4096
1790392611	4096
1790392616	4096
1790392621	4096
1790392626	4096
1790392631	4096
1790392636	4096
1790392641	4096
1790392646	4096
1790392651	4096
1790392656	4096
1790392661	4096
1790392666	4096
1790392671	4096
1790392676	4096
1790392681	4096
1790392686	4096
1790392691	4096
1790392696	4096
1790392701	4096
1790392706	4096
1790392711	4096
1790392716	4096
1790392721	4096
1790392726	4096
1790392731	4096
1790392736	4096
1790392741	4096
1790392746	4096
1790392751	4096
1790392756	4096
1790392761	4096
1790392766	4096
1790392771	4096
1790392776	4096
1790392781	4096
1790392786	4096
1790392791	4096
1790392796	4096
1790392801	4096
1790392806	4096
1790392811	4096
1790392816	4096
1790392821	4096
1790392826	4096
1790392831	4096
1790392836	4096
1790392841	4096
1790392846	4096
1790392851	4096
1790392856	4096
1790392861	4096
1790392866	4096
1790392871	4096
1790392876	4096
1790392881	4096
1790392886	4096
1790392891	4096
1790392896	4096
1790392901	4096
1790392906	4096
1790392911	4096
1790392916	4096
1790392921	4096
1790392926	4096
1790392931	4096
1790392936	4096
1790392941	4096
1790392946	4096
1790392951	4096
1790392956	4096
1790392961	4096
1790392966	4096
1790392971	4096
1790392976	4096
1790392981	4096
1790392986	4096
1790392991	4096
1790392996	4096
1790393001	4096
1790393006	4096
1790393011	4096
1790393016	4096
1790393021	4096
1790393026	4096
1790393032	4096
1790393037	4096
1790393042	4096
1790393047	4096
1790393052	4096
1790393057	4096
1790393062	4096
1790393067	4096
1790393072	4096
1790393077	4096
1790393082	4096
1790393087	4096
1790393092	4096
1790393097	4096
1790393102	4096
1790393107	4096
1790393112	4096
1790393117	4096
1790393122	4096
1790393127	4096
1790393132	4096
1790393137	4096
1790393142	4096
1790393147	4096
1790393152	4096
1790393157	4096
1790393162	4096
1790393167	4096
1790393172	4096
1790393177	4096
1790393182	4096
1790393187	4096
1790393192	4096
1790393197	4096
1790393202	4096
1790393207	4096
1790393212	4096
1790393217	4096
1790393222	4096
1790393227	4096
1790393232	4096
1790393237	4096
1790393242	4096
1790393247	4096
1790393252	4096
1790393257	4096
1790393262	4096
1790393267	4096
1790393272	4096
1790393277	4096
1790393282	4096
1790393287	4096
1790393292	4096
1790393297	4096
1790393302	4096
1790393307	4096
1790393312	4096
1790393317	4096
1790393322	4096
1790393327	4096
1790393332	4096
1790393337	4096
1790393342	4096
1790393347	4096
1790393352	4096
1790393357	4096
1790393362	4096
1790393367	4096
1790393372	4096
1790393377	4096
1790393382	4096
1790393387	4096
1790393392	4096
1790393397	4096
1790393402	4096
1790393407	4096
1790393412	4096
1790393417	4096
1790393422	4096
1790393427	4096
1790393432	4096
1790393437	4096
1790393442	4096
1790393447	4096
1790393452	4096
1790393457	4096
1790393462	4096
1790393467	4096
1790393472	4096
1790393477	4096
1790393482	4096
1790393487	4096
1790393492	4096
1790393497	4096
1790393502	4096
1790393507	4096
1790393512	4096
1790393517	4096
1790393522	4096
1790393527	4096
1790393532	4096
1790393537	4096
1790393542	4096
1790393547	4096
1790393552	4096
1790393557	4096
1790393562	4096
1790393567	4096
1790393572	4096
1790393577	4096
1790393582	4096
1790393587	4096
1790393592	4096
1790393597	4096
1790393602	4096
1790393607	4096
1790393612	4096
1790393617	4096
1790393622	4096
1790393627	4096
1790393632	4096
1790393637	4096
1790393642	4096
1790393647	4096
1790393652	4096
1790393657	4096
1790393662	4096
1790393667	4096
1790393672	4096
1790393677	4096
1790393682	4096
1790393687	4096
1790393692	4096
1790393697	4096
1790393702	4096
1790393707	4096
1790393712	4096
1790393717	4096
1790393722	4096
1790393727	4096
1790393732	4096
1790393737	4096
1790393742	4096
1790393747	4096
1790393752	4096
1790393757	4096
1790393762	4096
1790393767	4096
1790393772	4096
1790393777	4096
1790393782	4096
1790393787	4096
1790393792	4096
1790393797	4096
1790393802	4096
1790393807	4096
1790393812	4096
1790393817	4096
1790393822	4096
1790393827	4096
1790393832	4096
1790393837	4096
1790393842	4096
1790393847	4096
1790393852	4096
1790393857	4096
1790393862	4096
1790393867	4096
1790393872	4096
1790393877	4096
1790393882	4096
1790393887	4096
1790393892	4096
1790393897	4096
1790393902	4096
1790393907	4096
1790393912	4096
1790393917	4096
1790393922	4096
1790393927	4096
1790393932	4096
1790393937	4096
1790393942	4096
1790393947	4096
1790393952	4096
1790393957	4096
1790393962	4096
1790393967	4096
1790393973	4096
1790393978	4096
1790393983	4096
1790393988	4096
1790393993	4096
1790393998	4096
1790394003	4096
1790394008	4096
1790394013	4096
1790394018	4096
1790394023	4096
1790394028	4096
1790394033	4096
1790394038	4096
1790394043	4096
1790394048	4096
1790394053	4096
1790394058	4096
1790394063	4096
1790394068	4096
1790394073	4096
1790394078	4096
1790394083	4096
1790394088	4096
1790394093	4096
1790394098	4096
1790394103	4096
1790394108	4096
1790394113	4096
1790394118	4096
1790394123	4096
1790394128	4096
1790394133	4096
1790394138	4096
1790394143	4096
1790394148	4096
1790394153	4096
1790394158	4096
1790394163	4096
1790394168	4096
1790394173	4096
1790394178	4096
1790394183	4096
1790394188	4096
1790394193	4096
1790394198	4096
1790394203	4096
1790394208	4096
1790394213	4096
1790394218	4096
1790394223	4096
1790394228	4096
1790394233	4096
1790394238	4096
1790394243	4096
1790394248	4096
1790394253	4096
1790394258	4096
1790394263	4096
1790394268	4096
1790394273	4096
1790394278	4096
1790394283	4096
1790394288	4096
1790394293	4096
1790394298	4096
1790394303	4096
1790394308	4096
1790394313	4096
1790394318	4096
1790394323	4096
1790394328	4096
1790394333	4096
1790394338	4096
1790394343	4096
1790394348	4096
1790394353	4096
1790394358	4096
1790394363	4096
1790394368	4096
1790394373	4096
1790394378	4096
1790394383	4096
1790394388	4096
1790394393	4096
1790394398	4096
1790394403	4096
1790394408	4096
1790394413	4096
1790394418	4096
1790394423	4096
1790394428	4096
1790394433	4096
1790394438	4096
1790394443	4096
1790394448	4096
1790394453	4096
1790394458	4096
1790394463	4096
1790394468	4096
1790394473	4096
1790394478	4096
1790394483	4096
1790394488	4096
1790394493	4096
1790394498	4096
1790394503	4096
1790394508	4096
1790394513	4096
1790394518	4096
1790394523	4096
1790394528	4096
1790394533	4096
1790394538	4096
1790394543	4096
1790394548	4096
1790394553	4096
1790394558	4096
1790394563	4096
1790394568	4096
1790394573	4096
1790394578	4096
1790394583	4096
1790394588	4096
1790394593	4096
1790394598	4096
1790394603	4096
1790394608	4096
1790394613	4096
1790394618	4096
1790394623	4096
1790394628	4096
1790394633	4096
1790394638	4096
1790394643	4096
1790394648	4096
1790394653	4096
1790394658	4096
1790394663	4096
1790394668	4096
1790394673	4096
1790394678	4096
1790394683	4096
1790394688	4096
1790394693	4096
1790394698	4096
1790394703	4096
1790394708	4096
1790394713	4096
1790394718	4096
1790394723	4096
1790394728	4096
1790394733	4096
1790394738	4096
1790394743	4096
1790394748	4096
1790394753	4096
1790394758	4096
1790394763	4096
1790394768	4096
1790394773	4096
1790394778	4096
1790394783	4096
1790394788	4096
1790394793	4096
1790394798	4096
1790394803	4096
1790394808	4096
1790394813	4096
1790394818	4096
1790394823	4096
1790394828	4096
1790394833	4096
1790394838	4096
1790394843	4096
1790394848	4096
1790394853	4096
1790394858	4096
1790394863	4096
1790394868	4096
1790394873	4096
1790394878	4096
1790394883	4096
1790394888	4096
1790394893	4096
1790394898	4096
1790394903	4096
1790394909	4096
1790394914	4096
1790394919	4096
1790394924	4096
1790394929	4096
1790394934	4096
1790394939	4096
1790394944	4096
1790394949	4096
1790394954	4096
1790394959	4096
1790394964	4096
1790394969	4096
1790394974	4096
1790394979	4096
1790394984	4096
1790394989	4096
1790394994	4096
1790394999	4096
1790395004	4096
1790395009	4096
1790395014	4096
1790395019	4096
1790395024	4096
1790395029	4096
1790395034	4096
1790395039	4096
1790395044	4096
1790395049	4096
1790395054	4096
1790395059	4096
1790395064	4096
1790395069	4096
1790395074	4096
1790395079	4096
1790395084	4096
1790395089	4096
1790395094	4096
1790395099	4096
1790395104	4096
1790395109	4096
1790395114	4096
1790395119	4096
1790395124	4096
1790395129	4096
1790395134	4096
1790395139	4096
1790395144	4096
1790395149	4096
1790395154	4096
1790395159	4096
1790395164	4096
1790395169	4096
1790395174	4096
1790395179	4096
1790395184	4096
1790395189	4096
1790395194	4096
1790395199	4096
1790395204	4096
1790395209	4096
1790395214	4096
1790395219	4096
1790395224	4096
1790395229	4096
1790395234	4096
1790395239	4096
1790395244	4096
1790395249	4096
1790395254	4096
1790395259	4096
1790395264	4096
1790395269	4096
1790395274	4096
1790395279	4096
1790395284	4096
1790395289	4096
1790395294	4096
1790395299	4096
1790395304	4096
1790395309	4096
1790395314	4096
1790395319	4096
1790395324	4096
1790395329	4096
1790395334	4096
1790395339	4096
1790395344	4096
1790395349	4096
1790395354	4096
1790395359	4096
1790395364	4096
1790395369	4096
1790395374	4096
1790395379	4096
1790395384	4096
1790395389	4096
1790395394	4096
1790395399	4096
1790395404	4096
1790395409	4096
1790395414	4096
1790395419	4096
1790395424	4096
1790395429	4096
1790395434	4096
1790395439	4096
1790395444	4096
1790395449	4096
1790395454	4096
1790395459	4096
1790395464	4096
1790395469	4096
1790395474	4096
1790395479	4096
1790395484	4096
1790395489	4096
1790395494	4096
1790395499	4096
1790395504	4096
1790395509	4096
1790395514	4096
1790395519	4096
1790395524	4096
1790395529	4096
1790395534	4096
1790395539	4096
1790395544	4096
1790395549	4096
1790395554	4096
1790395559	4096
1790395564	4096
1790395569	4096
1790395574	4096
1790395579	4096
1790395584	4096
1790395589	4096
1790395594	4096
1790395599	4096
1790395604	4096
1790395609	4096
1790395614	4096
1790395619	4096
1790395624	4096
1790395629	4096
1790395634	4096
1790395639	4096
1790395644	4096
1790395649	4096
1790395654	4096
1790395659	4096
1790395664	4096
1790395669	4096
1790395674	4096
1790395679	4096
1790395684	4096
1790395689	4096
1790395694	4096
1790395699	4096
1790395704	4096
1790395709	4096
1790395714	4096
1790395719	4096
1790395724	4096
1790395729	4096
1790395734	4096
1790395739	4096
1790395744	4096
1790395749	4096
1790395754	4096
1790395759	4096
1790395764	4096
1790395769	4096
1790395774	4096
1790395779	4096
1790395784	4096
1790395789	4096
1790395794	4096
1790395799	4096
1790395804	4096
1790395809	4096
1790395814	4096
1790395819	4096
1790395824	4096
1790395829	4096
1790395834	4096
1790395839	4096
1790395844	4096
1790395849	4096
1790395854	4096
1790395860	4096
1790395865	4096
1790395870	4096
1790395875	4096
1790395880	4096
1790395885	4096
1790395890	4096
1790395895	4096
1790395900	4096
1790395905	4096
1790395910	4096
1790395915	4096
1790395920	4096
1790395925	4096
1790395930	4096
1790395935	4096
1790395940	4096
1790395945	4096
1790395950	4096
1790395955	4096
1790395960	4096
1790395965	4096
1790395970	4096
1790395975	4096
1790395980	4096
1790395985	4096
1790395990	4096
1790395995	4096
1790396000	4096
1790396005	4096
1790396010	4096
1790396015	4096
1790396020	4096
1790396025	4096
1790396030	4096
1790396035	4096
1790396040	4096
1790396045	4096
1790396050	4096
1790396055	4096
1790396060	4096
1790396065	4096
1790396070	4096
1790396075	4096
1790396080	4096
1790396085	4096
1790396090	4096
1790396095	4096
1790396100	4096
1790396105	4096
1790396110	4096
1790396115	4096
1790396120	4096
1790396125	4096
1790396130	4096
1790396135	4096
1790396140	4096
1790396145	4096
1790396150	4096
1790396155	4096
1790396160	4096
1790396165	4096
1790396170	4096
1790396175	4096
1790396180	4096
1790396185	4096
1790396190	4096
1790396195	4096
1790396200	4096
1790396205	4096
1790396210	4096
1790396215	4096
1790396220	4096
1790396225	4096
1790396230	4096
1790396235	4096
1790396240	4096
1790396245	4096
1790396250	4096
1790396255	4096
1790396260	4096
1790396265	4096
1790396270	4096
1790396275	4096
1790396280	4096
1790396285	4096
1790396290	4096
1790396295	4096
1790396300	4096
1790396305	4096
1790396310	4096
1790396315	4096
1790396320	4096
1790396325	4096
1790396330	4096
1790396335	4096
1790396340	4096
1790396345	4096
1790396350	4096
1790396355	4096
1790396360	4096
1790396365	4096
1790396370	4096
1790396375	4096
1790396380	4096
1790396385	4096
1790396390	4096
1790396395	4096
1790396400	4096
1790396405	4096
1790396410	4096
1790396415	4096
1790396420	4096
1790396425	4096
1790396430	4096
1790396435	4096
1790396440	4096
1790396445	4096
1790396450	4096
1790396455	4096
1790396460	4096
1790396465	4096
1790396470	4096
1790396475	4096
1790396480	4096
1790396485	4096
1790396490	4096
1790396495	4096
1790396500	4096
1790396505	4096
1790396510	4096
1790396515	4096
1790396520	4096
1790396525	4096
1790396530	4096
1790396535	4096
1790396540	4096
1790396545	4096
1790396550	4096
1790396555	4096
1790396560	4096
1790396565	4096
1790396570	4096
1790396575	4096
1790396580	4096
1790396585	4096
1790396590	4096
1790396595	4096
1790396600	4096
1790396605	4096
1790396610	4096
1790396615	4096
1790396620	4096
1790396625	4096
1790396630	4096
1790396635	4096
1790396640	4096
1790396645	4096
1790396650	4096
1790396655	4096
1790396660	4096
1790396665	4096
1790396670	4096
1790396675	4096
1790396680	4096
1790396685	4096
1790396690	4096
1790396695	4096
1790396700	4096
1790396705	4096
1790396710	4096
1790396715	4096
1790396720	4096
1790396725	4096
1790396730	4096
1790396735	4096
1790396740	4096
1790396745	4096
1790396750	4096
1790396755	4096
1790396760	4096
1790396765	4096
1790396770	4096
1790396775	4096
1790396780	4096
1790396785	4096
1790396791	4096
1790396796	4096
1790396801	4096
1790396806	4096
1790396811	4096
1790396816	4096
1790396821	4096
1790396826	4096
1790396831	4096
1790396836	4096
1790396841	4096
1790396846	4096
1790396851	4096
1790396856	4096
1790396861	4096
1790396866	4096
1790396871	4096
1790396876	4096
1790396881	4096
1790396886	4096
1790396891	4096
1790396896	4096
1790396901	4096
1790396906	4096
1790396911	4096
1790396916	4096
1790396921	4096
1790396926	4096
1790396931	4096
1790396936	4096
1790396941	4096
1790396946	4096
1790396951	4096
1790396956	4096
1790396961	4096
1790396966	4096
1790396971	4096
1790396976	4096
1790396981	4096
1790396986	4096
1790396991	4096
1790396996	4096
1790397001	4096
1790397006	4096
1790397011	4096
1790397016	4096
1790397021	4096
1790397026	4096
1790397031	4096
1790397036	4096
1790397041	4096
1790397046	4096
1790397051	4096
1790397056	4096
1790397061	4096
1790397066	4096
1790397071	4096
1790397076	4096
1790397081	4096
1790397086	4096
1790397091	4096
1790397096	4096
1790397101	4096
1790397106	4096
1790397111	4096
1790397116	4096
1790397121	4096
1790397126	4096
1790397131	4096
1790397136	4096
1790397141	4096
1790397146	4096
1790397151	4096
1790397156	4096
1790397161	4096
1790397166	4096
1790397171	4096
1790397176	4096
1790397181	4096
1790397186	4096
1790397191	4096
1790397196	4096
1790397201	4096
1790397206	4096
1790397211	4096
1790397216	4096
1790397221	4096
1790397226	4096
1790397231	4096
1790397236	4096
1790397241	4096
1790397246	4096
1790397251	4096
1790397256	4096
1790397261	4096
1790397266	4096
1790397271	4096
1790397276	4096
1790397281	4096
1790397286	4096
1790397291	4096
1790397296	4096
1790397301	4096
1790397306	4096
1790397311	4096
1790397316	4096
1790397321	4096
1790397326	4096
1790397331	4096
1790397336	4096
1790397341	4096
1790397346	4096
1790397351	4096
1790397356	4096
1790397361	4096
1790397366	4096
1790397371	4096
1790397376	4096
1790397381	4096
1790397386	4096
1790397391	4096
1790397396	4096
1790397401	4096
1790397406	4096
1790397411	4096
1790397416	4096
1790397421	4096
1790397426	4096
1790397431	4096
1790397436	4096
1790397441	4096
1790397446	4096
1790397451	4096
1790397456	4096
1790397461	4096
1790397466	4096
1790397471	4096
1790397476	4096
1790397481	4096
1790397486	4096
1790397491	4096
1790397496	4096
1790397501	4096
1790397506	4096
1790397511	4096
1790397516	4096
1790397521	4096
1790397526	4096
1790397531	4096
1790397536	4096
1790397541	4096
1790397546	4096
1790397551	4096
1790397556	4096
1790397561	4096
1790397566	4096
1790397571	4096
1790397576	4096
1790397581	4096
1790397586	4096
1790397591	4096
1790397596	4096
1790397601	4096
1790397606	4096
1790397611	4096
1790397616	4096
1790397621	4096
1790397626	4096
1790397631	4096
1790397636	4096
1790397641	4096
1790397646	4096
1790397651	4096
1790397656	4096
1790397661	4096
1790397666	4096
1790397671	4096
1790397676	4096
1790397681	4096
1790397686	4096
1790397691	4096
1790397696	4096
1790397701	4096
1790397706	4096
1790397711	4096
1790397716	4096
1790397721	4096
1790397727	4096
1790397732	4096
1790397737	4096
1790397742	4096
1790397747	4096
1790397752	4096
1790397757	4096
1790397762	4096
1790397767	4096
1790397772	4096
1790397777	4096
1790397782	4096
1790397787	4096
1790397792	4096
1790397797	4096
1790397802	4096
1790397807	4096
1790397812	4096
1790397817	4096
1790397822	4096
1790397827	4096
1790397832	4096
1790397837	4096
1790397842	4096
1790397847	4096
1790397852	4096
1790397857	4096
1790397862	4096
1790397867	4096
1790397872	4096
1790397877	4096
1790397882	4096
1790397887	4096
1790397892	4096
1790397897	4096
1790397902	4096
1790397907	4096
1790397912	4096
1790397917	4096
1790397922	4096
1790397927	4096
1790397932	4096
1790397937	4096
1790397942	4096
1790397947	4096
1790397952	4096
1790397957	4096
1790397962	4096
1790397967	4096
1790397972	4096
1790397977	4096
1790397982	4096
1790397987	4096
1790397992	4096
1790397997	4096
1790398002	4096
1790398007	4096
1790398012	4096
1790398017	4096
1790398022	4096
1790398027	4096
1790398032	4096
1790398037	4096
1790398042	4096
1790398047	4096
1790398052	4096
1790398057	4096
1790398062	4096
1790398067	4096
1790398072	4096
1790398077	4096
1790398082	4096
1790398087	4096
1790398092	4096
1790398097	4096
1790398102	4096
1790398107	4096
1790398112	4096
1790398117	4096
1790398122	4096
1790398127	4096
1790398132	4096
1790398137	4096
1790398142	4096
1790398147	4096
1790398152	4096
1790398157	4096
1790398162	4096
1790398167	4096
1790398172	4096
1790398177	4096
1790398182	4096
1790398187	4096
1790398192	4096
1790398197	4096
1790398202	4096
1790398207	4096
1790398212	4096
1790398217	4096
1790398222	4096
1790398227	4096
1790398232	4096
1790398237	4096
1790398242	4096
1790398247	4096
1790398252	4096
1790398257	4096
1790398262	4096
1790398267	4096
1790398272	4096
1790398277	4096
1790398282	4096
1790398287	4096
1790398292	4096
1790398297	4096
1790398302	4096
1790398307	4096
1790398312	4096
1790398317	4096
1790398322	4096
1790398327	4096
1790398332	4096
1790398337	4096
1790398342	4096
1790398347	4096
1790398352	4096
1790398357	4096
1790398362	4096
1790398367	4096
1790398372	4096
1790398377	4096
1790398382	4096
1790398387	4096
1790398392	4096
1790398397	4096
1790398402	4096
1790398407	4096
1790398412	4096
1790398417	4096
1790398422	4096
1790398427	4096
1790398432	4096
1790398437	4096
1790398442	4096
1790398447	4096
1790398452	4096
1790398457	4096
1790398462	4096
1790398467	4096
1790398472	4096
1790398477	4096
1790398482	4096
1790398487	4096
1790398492	4096
1790398497	4096
1790398502	4096
1790398507	4096
1790398512	4096
1790398517	4096
1790398522	4096
1790398527	4096
1790398532	4096
1790398537	4096
1790398542	4096
1790398547	4096
1790398552	4096
1790398557	4096
1790398562	4096
1790398567	4096
1790398572	4096
1790398577	4096
1790398582	4096
1790398587	4096
1790398592	4096
1790398597	4096
1790398602	4096
1790398607	4096
1790398612	4096
1790398617	4096
1790398622	4096
1790398627	4096
1790398632	4096
1790398637	4096
1790398642	4096
1790398647	4096
1790398653	4096
1790398658	4096
1790398663	4096
1790398668	4096
1790398673	4096
1790398678	4096
1790398683	4096
1790398688	4096
1790398693	4096
1790398698	4096
1790398703	4096
1790398708	4096
1790398713	4096
1790398718	4096
1790398723	4096
1790398728	4096
1790398733	4096
1790398738	4096
1790398743	4096
1790398748	4096
1790398753	4096
1790398758	4096
1790398763	4096
1790398768	4096
1790398773	4096
1790398778	4096
1790398783	4096
1790398788	4096
1790398793	4096
1790398798	4096
1790398803	4096
1790398808	4096
1790398813	4096
1790398818	4096
1790398823	4096
1790398828	4096
1790398833	4096
1790398838	4096
1790398843	4096
1790398848	4096
1790398853	4096
1790398858	4096
1790398863	4096
1790398868	4096
1790398873	4096
1790398878	4096
1790398883	4096
1790398888	4096
1790398893	4096
1790398898	4096
1790398903	4096
1790398908	4096
1790398913	4096
1790398918	4096
1790398923	4096
1790398928	4096
1790398933	4096
1790398938	4096
1790398943	4096
1790398948	4096
1790398953	4096
1790398958	4096
1790398963	4096
1790398968	4096
1790398973	4096
1790398978	4096
1790398983	4096
1790398988	4096
1790398993	4096
1790398998	4096
1790399003	4096
1790399008	4096
1790399013	4096
1790399018	4096
1790399023	4096
1790399028	4096
1790399033	4096
1790399038	4096
1790399043	4096
1790399048	4096
1790399053	4096
1790399058	4096
1790399063	4096
1790399068	4096
1790399073	4096
1790399078	4096
1790399083	4096
1790399088	4096
1790399093	4096
1790399098	4096
1790399103	4096
1790399108	4096
1790399113	4096
1790399118	4096
1790399123	4096
1790399128	4096
1790399133	4096
1790399138	4096
1790399143	4096
1790399148	4096
1790399153	4096
1790399158	4096
1790399163	4096
1790399168	4096
1790399173	4096
1790399178	4096
1790399183	4096
1790399188	4096
1790399193	4096
1790399198	4096
1790399203	4096
1790399208	4096
1790399213	4096
1790399218	4096
1790399223	4096
1790399228	4096
1790399233	4096
1790399238	4096
1790399243	4096
1790399248	4096
1790399253	4096
1790399258	4096
1790399263	4096
1790399268	4096
1790399273	4096
1790399278	4096
1790399283	4096
1790399288	4096
1790399293	4096
1790399298	4096
1790399303	4096
1790399308	4096
1790399313	4096
1790399318	4096
1790399323	4096
1790399328	4096
1790399333	4096
1790399338	4096
1790399343	4096
1790399348	4096
1790399353	4096
1790399358	4096
1790399363	4096
1790399368	4096
1790399373	4096
1790399378	4096
1790399383	4096
1790399388	4096
1790399393	4096
1790399398	4096
1790399403	4096
1790399408	4096
1790399413	4096
1790399418	4096
1790399423	4096
1790399428	4096
1790399433	4096
1790399438	4096
1790399443	4096
1790399448	4096
1790399453	4096
1790399458	4096
1790399463	4096
1790399468	4096
1790399473	4096
1790399478	4096
1790399483	4096
1790399488	4096
1790399493	4096
1790399498	4096
1790399503	4096
1790399508	4096
1790399513	4096
1790399518	4096
1790399523	4096
1790399528	4096
1790399533	4096
1790399538	4096
1790399543	4096
1790399548	4096
1790399553	4096
1790399558	4096
1790399563	4096
1790399568	4096
1790399573	4096
1790399578	4096
1790399583	4096
1790399588	4096
1790399593	4096
1790399599	4096
1790399604	4096
1790399609	4096
1790399614	4096
1790399619	4096
1790399624	4096
1790399629	4096
1790399634	4096
1790399639	4096
1790399644	4096
1790399649	4096
1790399654	4096
1790399659	4096
1790399664	4096
1790399669	4096
1790399674	4096
1790399679	4096
1790399684	4096
1790399689	4096
1790399694	4096
1790399699	4096
1790399704	4096
1790399709	4096
1790399714	4096
1790399719	4096
1790399724	4096
1790399729	4096
1790399734	4096
1790399739	4096
1790399744	4096
1790399749	4096
1790399754	4096
1790399759	4096
1790399764	4096
1790399769	4096
1790399774	4096
1790399779	4096
1790399784	4096
1790399789	4096
1790399794	4096
1790399799	4096
1790399804	4096
1790399809	4096
1790399814	4096
1790399819	4096
1790399824	4096
1790399829	4096
1790399834	4096
1790399839	4096
1790399844	4096
1790399849	4096
1790399854	4096
1790399859	4096
1790399864	4096
1790399869	4096
1790399874	4096
1790399879	4096
1790399884	4096
1790399889	4096
1790399894	4096
1790399899	4096
1790399904	4096
1790399909	4096
1790399914	4096
1790399919	4096
1790399924	4096
1790399929	4096
1790399934	4096
1790399939	4096
1790399944	4096
1790399949	4096
1790399954	4096
1790399959	4096
1790399964	4096
1790399969	4096
1790399974	4096
1790399979	4096
1790399984	4096
1790399989	4096
1790399994	4096
1790399999	4096
1790400004	4096
1790400009	4096
1790400014	4096
1790400019	4096
1790400024	4096
1790400029	4096
1790400034	4096
1790400039	4096
1790400044	4096
1790400049	4096
1790400054	4096
1790400059	4096
1790400064	4096
1790400069	4096
1790400074	4096
1790400079	4096
1790400084	4096
1790400089	4096
1790400094	4096
1790400099	4096
1790400104	4096
1790400109	4096
1790400114	4096
1790400119	4096
1790400124	4096
1790400129	4096
1790400134	4096
1790400139	4096
1790400144	4096
1790400149	4096
1790400154	4096
1790400159	4096
1790400164	4096
1790400169	4096
1790400174	4096
1790400179	4096
1790400184	4096
1790400189	4096
1790400194	4096
1790400199	4096
1790400204	4096
1790400209	4096
1790400214	4096
1790400219	4096
1790400224	4096
1790400229	4096
1790400234	4096
1790400239	4096
1790400244	4096
1790400249	4096
1790400254	4096
1790400259	4096
1790400264	4096
1790400269	4096
1790400274	4096
1790400279	4096
1790400284	4096
1790400289	4096
1790400294	4096
1790400299	4096
1790400304	4096
1790400309	4096
1790400314	4096
1790400319	4096
1790400324	4096
1790400329	4096
1790400334	4096
1790400339	4096
1790400344	4096
1790400349	4096
1790400354	4096
1790400359	4096
1790400364	4096
1790400369	4096
1790400374	4096
1790400379	4096
1790400384	4096
1790400389	4096
1790400394	4096
1790400399	4096
1790400404	4096
1790400409	4096
1790400414	4096
1790400419	4096
1790400424	4096
1790400429	4096
1790400434	4096
1790400439	4096
1790400444	4096
1790400449	4096
1790400454	4096
1790400459	4096
1790400464	4096
1790400469	4096
1790400474	4096
1790400479	4096
1790400484	4096
1790400489	4096
1790400494	4096
1790400499	4096
1790400504	4096
1790400509	4096
1790400514	4096
1790400519	4096
1790400524	4096
1790400530	4096
1790400535	4096
1790400540	4096
1790400545	4096
1790400550	4096
1790400555	4096
1790400560	4096
1790400565	4096
1790400570	4096
1790400575	4096
1790400580	4096
1790400585	4096
1790400590	4096
1790400595	4096
1790400600	4096
1790400605	4096
1790400610	4096
1790400615	4096
1790400620	4096
1790400625	4096
1790400630	4096
1790400635	4096
1790400640	4096
1790400645	4096
1790400650	4096
1790400655	4096
1790400660	4096
1790400665	4096
1790400670	4096
1790400675	4096
1790400680	4096
1790400685	4096
1790400690	4096
1790400695	4096
1790400700	4096
1790400705	4096
1790400710	4096
1790400715	4096
1790400720	4096
1790400725	4096
1790400730	4096
1790400735	4096
1790400740	4096
1790400745	4096
1790400750	4096
1790400755	4096
1790400760	4096
1790400765	4096
1790400770	4096
1790400775	4096
1790400780	4096
1790400785	4096
1790400790	4096
1790400795	4096
1790400800	4096
1790400805	4096
1790400810	4096
1790400815	4096
1790400820	4096
1790400825	4096
1790400830	4096
1790400835	4096
1790400840	4096
1790400845	4096
1790400850	4096
1790400855	4096
1790400860	4096
1790400865	4096
1790400870	4096
1790400875	4096
1790400880	4096
1790400885	4096
1790400890	4096
1790400895	4096
1790400900	4096
1790400905	4096
1790400910	4096
1790400915	4096
1790400920	4096
1790400925	4096
1790400930	4096
1790400935	4096
1790400940	4096
1790400945	4096
1790400950	4096
1790400955	4096
1790400960	4096
1790400965	4096
1790400970	4096
1790400975	4096
1790400980	4096
1790400985	4096
1790400990	4096
1790400995	4096
1790401000	4096
1790401005	4096
1790401010	4096
1790401015	4096
1790401020	4096
1790401025	4096
1790401030	4096
1790401035	4096
1790401040	4096
1790401045	4096
1790401050	4096
1790401055	4096
1790401060	4096
1790401065	4096
1790401070	4096
1790401075	4096
1790401080	4096
1790401085	4096
1790401090	4096
1790401095	4096
1790401100	4096
1790401105	4096
1790401110	4096
1790401115	4096
1790401120	4096
1790401125	4096
1790401130	4096
1790401135	4096
1790401140	4096
1790401145	4096
1790401150	4096
1790401155	4096
1790401160	4096
1790401165	4096
1790401170	4096
1790401175	4096
1790401180	4096
1790401185	4096
1790401190	4096
1790401195	4096
1790401200	4096
1790401205	4096
1790401210	4096
1790401215	4096
1790401220	4096
1790401225	4096
1790401230	4096
1790401235	4096
1790401240	4096
1790401245	4096
1790401250	4096
1790401255	4096
1790401260	4096
1790401265	4096
1790401270	4096
1790401275	4096
1790401280	4096
1790401285	4096
1790401290	4096
1790401295	4096
1790401300	4096
1790401305	4096
1790401310	4096
1790401315	4096
1790401320	4096
1790401325	4096
1790401330	4096
1790401335	4096
1790401340	4096
1790401345	4096
1790401350	4096
1790401355	4096
1790401360	4096
1790401365	4096
1790401370	4096
1790401375	4096
1790401380	4096
1790401385	4096
1790401390	4096
1790401395	4096
1790401400	4096
1790401405	4096
1790401410	4096
1790401415	4096
1790401420	4096
1790401425	4096
1790401430	4096
1790401435	4096
1790401440	4096
1790401446	4096
1790401451	4096
1790401456	4096
1790401461	4096
1790401466	4096
1790401471	4096
1790401476	4096
1790401481	4096
1790401486	4096
1790401491	4096
1790401496	4096
1790401501	4096
1790401506	4096
1790401511	4096
1790401516	4096
1790401521	4096
1790401526	4096
1790401531	4096
1790401536	4096
1790401541	4096
1790401546	4096
1790401551	4096
1790401556	4096
1790401561	4096
1790401566	4096
1790401571	4096
1790401576	4096
1790401581	4096
1790401586	4096
1790401591	4096
1790401596	4096
1790401601	4096
1790401606	4096
1790401611	4096
1790401616	4096
1790401621	4096
1790401626	4096
1790401631	4096
1790401636	4096
1790401641	4096
1790401646	4096
1790401651	4096
1790401656	4096
1790401661	4096
1790401666	4096
1790401671	4096
1790401676	4096
1790401681	4096
1790401686	4096
1790401691	4096
1790401696	4096
1790401701	4096
1790401706	4096
1790401711	4096
1790401716	4096
1790401721	4096
1790401726	4096
1790401731	4096
1790401736	4096
1790401741	4096
1790401746	4096
1790401751	4096
1790401756	4096
1790401761	4096
1790401766	4096
1790401771	4096
1790401776	4096
1790401781	4096
1790401786	4096
1790401791	4096
1790401796	4096
1790401801	4096
1790401806	4096
1790401811	4096
1790401816	4096
1790401821	4096
1790401826	4096
1790401831	4096
1790401836	4096
1790401841	4096
1790401846	4096
1790401851	4096
1790401856	4096
1790401861	4096
1790401866	4096
1790401871	4096
1790401876	4096
1790401881	4096
1790401886	4096
1790401891	4096
1790401896	4096
1790401901	4096
1790401906	4096
1790401911	4096
1790401916	4096
1790401921	4096
1790401926	4096
1790401931	4096
1790401936	4096
1790401941	4096
1790401946	4096
1790401951	4096
1790401956	4096
1790401961	4096
1790401966	4096
1790401971	4096
1790401976	4096
1790401981	4096
1790401986	4096
1790401991	4096
1790401996	4096
1790402001	4096
1790402006	4096
1790402011	4096
1790402016	4096
1790402021	4096
1790402026	4096
1790402031	4096
1790402036	4096
1790402041	4096
1790402046	4096
1790402051	4096
1790402056	4096
1790402061	4096
1790402066	4096
1790402071	4096
1790402076	4096
1790402081	4096
1790402086	4096
1790402091	4096
1790402096	4096
1790402101	4096
1790402106	4096
1790402111	4096
1790402116	4096
1790402121	4096
1790402126	4096
1790402131	4096
1790402136	4096
1790402141	4096
1790402146	4096
1790402151	4096
1790402156	4096
1790402161	4096
1790402166	4096
1790402171	4096
1790402176	4096
1790402181	4096
1790402186	4096
1790402191	4096
1790402196	4096
1790402201	4096
1790402206	4096
1790402211	4096
1790402216	4096
1790402221	4096
1790402226	4096
1790402231	4096
1790402236	4096
1790402241	4096
1790402246	4096
1790402251	4096
1790402256	4096
1790402261	4096
1790402266	4096
1790402271	4096
1790402276	4096
1790402281	4096
1790402286	4096
1790402291	4096
1790402296	4096
1790402301	4096
1790402306	4096
1790402311	4096
1790402316	4096
1790402321	4096
1790402326	4096
1790402331	4096
1790402336	4096
1790402341	4096
1790402346	4096
1790402351	4096
1790402356	4096
1790402361	4096
1790402366	4096
1790402371	4096
1790402376	4096
1790402381	4096
1790402387	4096
1790402392	4096
1790402397	4096
1790402402	4096
1790402407	4096
1790402412	4096
1790402417	4096
1790402422	4096
1790402427	4096
1790402432	4096
1790402437	4096
1790402442	4096
1790402447	4096
1790402452	4096
1790402457	4096
1790402462	4096
1790402467	4096
1790402472	4096
1790402477	4096
1790402482	4096
1790402487	4096
1790402492	4096
1790402497	4096
1790402502	4096
1790402507	4096
1790402512	4096
1790402517	4096
1790402522	4096
1790402527	4096
1790402532	4096
1790402537	4096
1790402542	4096
1790402547	4096
1790402552	4096
1790402557	4096
1790402562	4096
1790402567	4096
1790402572	4096
1790402577	4096
1790402582	4096
1790402587	4096
1790402592	4096
1790402597	4096
1790402602	4096
1790402607	4096
1790402612	4096
1790402617	4096
1790402622	4096
1790402627	4096
1790402632	4096
1790402637	4096
1790402642	4096
1790402647	4096
1790402652	4096
1790402657	4096
1790402662	4096
1790402667	4096
1790402672	4096
1790402677	4096
1790402682	4096
1790402687	4096
1790402692	4096
1790402697	4096
1790402702	4096
1790402707	4096
1790402712	4096
1790402717	4096
1790402722	4096
1790402727	4096
1790402732	4096
1790402737	4096
1790402742	4096
1790402747	4096
1790402752	4096
1790402757	4096
1790402762	4096
1790402767	4096
1790402772	4096
1790402777	4096
1790402782	4096
1790402787	4096
1790402792	4096
1790402797	4096
1790402802	4096
1790402807	4096
1790402812	4096
1790402817	4096
1790402822	4096
1790402827	4096
1790402832	4096
1790402837	4096
1790402842	4096
1790402847	4096
1790402852	4096
1790402857	4096
1790402862	4096
1790402867	4096
1790402872	4096
1790402877	4096
1790402882	4096
1790402887	4096
1790402892	4096
1790402897	4096
1790402902	4096
1790402907	4096
1790402912	4096
1790402917	4096
1790402922	4096
1790402927	4096
1790402932	4096
1790402937	4096
1790402942	4096
1790402947	4096
1790402952	4096
1790402957	4096
1790402962	4096
1790402967	4096
1790402972	4096
1790402977	4096
1790402982	4096
1790402987	4096
1790402992	4096
1790402997	4096
1790403002	4096
1790403007	4096
1790403012	4096
1790403017	4096
1790403022	4096
1790403027	4096
1790403032	4096
1790403037	4096
1790403042	4096
1790403047	4096
1790403052	4096
1790403057	4096
1790403062	4096
1790403067	4096
1790403072	4096
1790403077	4096
1790403082	4096
1790403087	4096
1790403092	4096
1790403097	4096
1790403102	4096
1790403107	4096
1790403112	4096
1790403117	4096
1790403122	4096
1790403127	4096
1790403132	4096
1790403137	4096
1790403142	4096
1790403147	4096
1790403152	4096
1790403157	4096
1790403162	4096
1790403167	4096
1790403172	4096
1790403177	4096
1790403182	4096
1790403187	4096
1790403192	4096
1790403197	4096
1790403202	4096
1790403207	4096
1790403212	4096
1790403217	4096
1790403222	4096
1790403227	4096
1790403232	4096
1790403237	4096
1790403242	4096
1790403247	4096
1790403252	4096
1790403257	4096
1790403262	4096
1790403267	4096
1790403272	4096
1790403277	4096
1790403282	4096
1790403287	4096
1790403292	4096
1790403298	4096
1790403303	4096
1790403308	4096
1790403313	4096
1790403318	4096
1790403323	4096
1790403328	4096
1790403333	4096
1790403338	4096
1790403343	4096
1790403348	4096
1790403353	4096
1790403358	4096
1790403363	4096
1790403368	4096
1790403373	4096
1790403378	4096
1790403383	4096
1790403388	4096
1790403393	4096
1790403398	4096
1790403403	4096
1790403408	4096
1790403413	4096
1790403418	4096
1790403423	4096
1790403428	4096
1790403433	4096
1790403438	4096
1790403443	4096
1790403448	4096
1790403453	4096
1790403458	4096
1790403463	4096
1790403468	4096
1790403473	4096
1790403478	4096
1790403483	4096
1790403488	4096
1790403493	4096
1790403498	4096
1790403503	4096
1790403508	4096
1790403513	4096
1790403518	4096
1790403523	4096
1790403528	4096
1790403533	4096
1790403538	4096
1790403543	4096
1790403548	4096
1790403553	4096
1790403558	4096
1790403563	4096
1790403568	4096
1790403573	4096
1790403578	4096
1790403583	4096
1790403588	4096
1790403593	4096
1790403598	4096
1790403603	4096
1790403608	4096
1790403613	4096
1790403618	4096
1790403623	4096
1790403628	4096
1790403633	4096
1790403638	4096
1790403643	4096
1790403648	4096
1790403653	4096
1790403658	4096
1790403663	4096
1790403668	4096
1790403673	4096
1790403678	4096
1790403683	4096
1790403688	4096
1790403693	4096
1790403698	4096
1790403703	4096
1790403708	4096
1790403713	4096
1790403718	4096
1790403723	4096
1790403728	4096
1790403733	4096
1790403738	4096
1790403743	4096
1790403748	4096
1790403753	4096
1790403758	4096
1790403763	4096
1790403768	4096
1790403773	4096
1790403778	4096
1790403783	4096
1790403788	4096
1790403793	4096
1790403798	4096
1790403803	4096
1790403808	4096
1790403813	4096
1790403818	4096
1790403823	4096
1790403828	4096
1790403833	4096
1790403838	4096
1790403843	4096
1790403848	4096
1790403853	4096
1790403858	4096
1790403863	4096
1790403868	4096
1790403873	4096
1790403878	4096
1790403883	4096
1790403888	4096
1790403893	4096
1790403898	4096
1790403903	4096
1790403908	4096
1790403913	4096
1790403918	4096
1790403923	4096
1790403928	4096
1790403933	4096
1790403938	4096
1790403943	4096
1790403948	4096
1790403953	4096
1790403958	4096
1790403963	4096
1790403968	4096
1790403973	4096
1790403978	4096
1790403983	4096
1790403988	4096
1790403993	4096
1790403998	4096
1790404003	4096
1790404008	4096
1790404013	4096
1790404018	4096
1790404023	4096
1790404028	4096
1790404033	4096
1790404038	4096
1790404043	4096
1790404048	4096
1790404053	4096
1790404058	4096
1790404063	4096
1790404068	4096
1790404073	4096
1790404078	4096
1790404083	4096
1790404088	4096
1790404093	4096
1790404098	4096
1790404103	4096
1790404108	4096
1790404113	4096
1790404118	4096
1790404123	4096
1790404128	4096
1790404133	4096
1790404138	4096
1790404143	4096
1790404148	4096
1790404153	4096
1790404158	4096
1790404163	4096
1790404168	4096
1790404173	4096
1790404178	4096
1790404183	4096
1790404188	4096
1790404193	4096
1790404198	4096
1790404203	4096
1790404208	4096
1790404213	4096
1790404218	4096
1790404223	4096
1790404229	4096
1790404234	4096
1790404239	4096
1790404244	4096
1790404249	4096
1790404254	4096
1790404259	4096
1790404264	4096
1790404269	4096
1790404274	4096
1790404279	4096
1790404284	4096
1790404289	4096
1790404294	4096
1790404299	4096
1790404304	4096
1790404309	4096
1790404314	4096
1790404319	4096
1790404324	4096
1790404329	4096
1790404334	4096
1790404339	4096
1790404344	4096
1790404349	4096
1790404354	4096
1790404359	4096
1790404364	4096
1790404369	4096
1790404374	4096
1790404379	4096
1790404384	4096
1790404389	4096
1790404394	4096
1790404399	4096
1790404404	4096
1790404409	4096
1790404414	4096
1790404419	4096
1790404424	4096
1790404429	4096
1790404434	4096
1790404439	4096
1790404444	4096
1790404449	4096
1790404454	4096
1790404459	4096
1790404464	4096
1790404469	4096
1790404474	4096
1790404479	4096
1790404484	4096
1790404489	4096
1790404494	4096
1790404499	4096
1790404504	4096
1790404509	4096
1790404514	4096
1790404519	4096
1790404524	4096
1790404529	4096
1790404534	4096
1790404539	4096
1790404544	4096
1790404549	4096
1790404554	4096
1790404559	4096
1790404564	4096
1790404569	4096
1790404574	4096
