1789680944	4096
1789680949	937984
1789680954	10706944
1789680959	10698752
1789680964	103403520
1789680969	103403520
1789680974	103403520
1789680979	103403520
1789680984	103403520
1789680989	103403520
1789680994	103403520
1789680999	113631232
1789681004	113758208
1789681009	113770496
1789681014	113807360
1789681019	113848320
1789681024	114139136
1789681029	114143232
1789681034	114143232
1789681039	114143232
1789681044	114143232
1789681049	114151424
1789681054	114151424
1789681059	114151424
1789681064	114151424
1789681069	114151424
1789681074	114163712
1789681079	114163712
1789681084	114171904
1789681089	114171904
1789681094	114176000
1789681099	114176000
1789681104	114176000
1789681109	114176000
1789681114	114176000
1789681119	114176000
1789681124	114176000
1789681129	114176000
1789681134	114176000
1789681139	114180096
1789681144	114188288
1789681149	114188288
1789681154	114188288
1789681159	114196480
1789681164	114196480
1789681169	114196480
1789681174	114196480
1789681179	114196480
1789681184	114204672
1789681189	114204672
1789681194	114208768
1789681199	114208768
1789681204	114208768
1789681209	114208768
1789681214	114208768
1789681219	114208768
1789681224	114208768
1789681229	114216960
1789681234	114221056
1789681239	114225152
1789681244	114225152
1789681249	114233344
1789681254	114241536
1789681259	114245632
1789681264	114245632
1789681269	114245632
1789681274	114245632
1789681279	114249728
1789681284	114249728
1789681289	114249728
1789681294	114249728
1789681299	114249728
1789681304	114249728
1789681309	114249728
1789681314	114249728
1789681319	114249728
1789681324	114249728
1789681329	114266112
1789681334	114282496
1789681339	114282496
1789681344	114290688
1789681349	114290688
1789681354	114290688
1789681359	114290688
1789681364	114290688
1789681369	114290688
1789681374	114290688
1789681379	114290688
1789681384	114290688
1789681389	114290688
1789681395	114376704
1789681400	114511872
1789681405	114511872
1789681410	114511872
1789681415	114511872
1789681420	114511872
1789681425	114511872
1789681430	114511872
1789681435	114511872
1789681440	114511872
1789681445	114511872
1789681450	114511872
1789681455	114511872
1789681460	114511872
1789681465	114511872
1789681470	114511872
1789681475	114511872
1789681480	114511872
1789681485	114511872
1789681490	114511872
1789681495	114511872
1789681500	114511872
1789681505	114511872
1789681510	114511872
1789681515	114511872
1789681520	114511872
1789681525	114511872
1789681530	114511872
1789681535	114511872
1789681540	114511872
1789681545	114511872
1789681550	114511872
1789681555	114511872
1789681560	114511872
1789681565	114511872
1789681570	114511872
1789681575	114511872
1789681580	114511872
1789681585	114511872
1789681590	114511872
1789681595	114511872
1789681600	114511872
1789681605	114511872
1789681610	114511872
1789681615	114511872
1789681620	114511872
1789681625	114515968
1789681630	114515968
1789681635	114515968
1789681640	114515968
1789681645	114515968
1789681650	114515968
1789681655	114515968
1789681660	114515968
1789681665	114524160
1789681670	114524160
1789681675	114524160
1789681680	114524160
1789681685	114524160
1789681690	114524160
1789681695	114528256
1789681700	114528256
1789681705	114528256
1789681710	114528256
1789681715	114528256
1789681720	114528256
1789681725	114528256
1789681730	114528256
1789681735	114528256
1789681740	114528256
1789681745	114528256
1789681750	114536448
1789681755	114536448
1789681760	114536448
1789681765	114536448
1789681770	114536448
1789681775	114536448
1789681780	114536448
1789681785	114536448
1789681790	114536448
1789681795	114536448
1789681800	114536448
1789681805	114536448
1789681810	114536448
1789681815	114536448
1789681820	114536448
1789681825	114536448
1789681830	114536448
1789681835	114536448
1789681840	114536448
1789681845	114536448
1789681850	114536448
1789681855	114536448
1789681860	114536448
1789681865	114536448
1789681870	114536448
1789681875	114536448
1789681880	114536448
1789681885	114536448
1789681890	114536448
1789681895	114536448
1789681900	114536448
1789681905	114536448
1789681910	114536448
1789681915	114536448
1789681920	114536448
1789681925	114536448
1789681930	114536448
1789681935	114536448
1789681940	114536448
1789681945	114536448
1789681950	114536448
1789681955	114536448
1789681960	114536448
1789681965	114536448
1789681970	114536448
1789681975	114536448
1789681980	114536448
1789681985	114536448
1789681990	114540544
1789681995	114540544
1789682000	114540544
1789682005	114540544
1789682010	114540544
1789682015	114540544
1789682020	114540544
1789682025	114540544
1789682030	114540544
1789682035	114544640
1789682040	114544640
1789682045	114544640
1789682050	114544640
1789682055	114544640
1789682060	114544640
1789682065	114544640
1789682070	114544640
1789682075	114544640
1789682080	114544640
1789682085	114544640
1789682090	114544640
1789682095	114544640
1789682100	114544640
1789682105	114544640
1789682111	114544640
1789682116	114544640
1789682121	114544640
1789682126	114544640
1789682131	114544640
1789682136	114544640
1789682141	114544640
1789682146	114544640
1789682151	114544640
1789682156	114544640
1789682161	114544640
1789682166	114548736
1789682171	114548736
1789682176	114552832
1789682181	114552832
1789682186	114552832
1789682191	114552832
1789682196	114552832
1789682201	114552832
1789682206	114552832
1789682211	114552832
1789682216	114552832
1789682221	114552832
1789682226	114552832
1789682231	114552832
1789682236	114552832
1789682241	114552832
1789682246	114552832
1789682251	114552832
1789682256	114552832
1789682261	114552832
1789682266	114552832
1789682271	114552832
1789682276	114552832
1789682281	114552832
1789682286	114552832
1789682291	114552832
1789682296	114552832
1789682301	114552832
1789682306	114552832
1789682311	114552832
1789682316	114552832
1789682321	114552832
1789682326	114552832
1789682331	114552832
1789682336	114552832
1789682341	114552832
1789682346	114552832
1789682351	114552832
1789682356	114552832
1789682361	114552832
1789682366	114552832
1789682371	114552832
1789682376	114556928
1789682381	114556928
1789682386	114556928
1789682391	114556928
1789682396	114556928
1789682401	114556928
1789682406	114556928
1789682411	114556928
1789682416	114561024
1789682421	114561024
1789682426	114561024
1789682431	114561024
1789682436	114561024
1789682441	114561024
1789682446	114561024
1789682451	114561024
1789682456	114561024
1789682461	114561024
1789682466	114561024
1789682471	114561024
1789682476	114561024
1789682481	114561024
1789682486	114561024
1789682491	114561024
1789682496	114561024
1789682501	114561024
1789682506	114569216
1789682511	114569216
1789682516	114569216
1789682521	114569216
1789682526	114569216
1789682531	114569216
1789682536	114569216
1789682541	114569216
1789682546	114569216
1789682551	114577408
1789682556	114577408
1789682561	114577408
1789682566	114577408
1789682571	114577408
1789682576	114577408
1789682581	114577408
1789682586	114577408
1789682591	114577408
1789682596	114577408
1789682601	114577408
1789682606	114577408
1789682611	114577408
1789682616	114577408
1789682621	114577408
1789682626	114577408
1789682631	114577408
1789682636	114577408
1789682641	114577408
1789682646	114577408
1789682651	114577408
1789682656	114577408
1789682661	114577408
1789682666	114577408
1789682671	114577408
1789682676	114581504
1789682681	114581504
1789682686	114581504
1789682691	114581504
1789682696	114581504
1789682701	114581504
1789682706	114581504
1789682711	114581504
1789682716	114581504
1789682721	114581504
1789682726	114581504
1789682731	114581504
1789682736	114581504
1789682741	114581504
1789682746	114581504
1789682751	114581504
1789682756	114585600
1789682761	114585600
1789682766	114585600
1789682771	114585600
1789682776	114585600
1789682781	114585600
1789682786	114585600
1789682791	114585600
1789682796	114585600
1789682801	114585600
1789682806	114585600
1789682811	114585600
1789682816	114585600
1789682821	114585600
1789682826	114585600
1789682832	114585600
1789682837	114585600
1789682842	114589696
1789682847	114589696
1789682852	114589696
1789682857	114589696
1789682862	114589696
1789682867	114589696
1789682872	114589696
1789682877	114589696
1789682882	114589696
1789682887	114589696
1789682892	114589696
1789682897	114589696
1789682902	114589696
1789682907	114589696
1789682912	114589696
1789682917	114589696
1789682922	114589696
1789682927	114593792
1789682932	114593792
1789682937	114593792
1789682942	114593792
1789682947	114593792
1789682952	114593792
1789682957	114593792
1789682962	114593792
1789682967	114593792
1789682972	114593792
1789682977	114593792
1789682982	114593792
1789682987	114593792
1789682992	114593792
1789682997	114593792
1789683002	114593792
1789683007	114593792
1789683012	114593792
1789683017	114593792
1789683022	114597888
1789683027	114597888
1789683032	114597888
1789683037	114597888
1789683042	114597888
1789683047	114597888
1789683052	114597888
1789683057	114597888
1789683062	114597888
1789683067	114597888
1789683072	114597888
1789683077	114597888
1789683082	114597888
1789683087	114597888
1789683092	114597888
1789683097	114597888
1789683102	114597888
1789683107	114597888
1789683112	114597888
1789683117	114597888
1789683122	114597888
1789683127	114597888
1789683132	114597888
1789683137	114597888
1789683142	114597888
1789683147	114597888
1789683152	114597888
1789683157	114597888
1789683162	114597888
1789683167	114597888
1789683172	114597888
1789683177	114597888
1789683182	114597888
1789683187	114597888
1789683192	114597888
1789683197	114597888
1789683202	114597888
1789683207	114597888
1789683212	114597888
1789683217	114597888
1789683222	114597888
1789683227	114597888
1789683232	114597888
1789683237	114597888
1789683242	114597888
1789683247	114597888
1789683252	114597888
1789683257	114597888
1789683262	114597888
1789683267	114597888
1789683272	114597888
1789683277	114597888
1789683282	114597888
1789683287	114597888
1789683292	114597888
1789683297	114597888
1789683302	114597888
1789683307	114597888
1789683312	114597888
1789683317	114597888
1789683322	114597888
1789683327	114597888
1789683332	114597888
1789683337	114597888
1789683342	114597888
1789683347	114597888
1789683352	114597888
1789683357	114597888
1789683362	114597888
1789683367	114597888
1789683372	114597888
1789683377	114597888
1789683382	114597888
1789683387	114597888
1789683392	114597888
1789683397	114597888
1789683402	114597888
1789683407	114597888
1789683412	114597888
1789683417	114597888
1789683422	114597888
1789683427	114597888
1789683432	114597888
1789683437	114597888
1789683442	114597888
1789683447	114597888
1789683452	114597888
1789683457	114597888
1789683462	114597888
1789683467	114597888
1789683472	114597888
1789683477	114597888
1789683482	114597888
1789683487	114597888
1789683492	114597888
1789683497	114597888
1789683502	114597888
1789683507	114597888
1789683512	114597888
1789683517	114597888
1789683522	114597888
1789683527	114597888
1789683532	114597888
1789683537	114597888
1789683542	114597888
1789683547	114597888
1789683552	114597888
1789683557	114597888
1789683562	114597888
1789683568	114597888
1789683573	114597888
1789683578	114597888
1789683583	114597888
1789683588	114597888
1789683593	114597888
1789683598	114597888
1789683603	114597888
1789683608	114597888
1789683613	114597888
1789683618	114597888
1789683623	114597888
1789683628	114597888
1789683633	114597888
1789683638	114597888
1789683643	114597888
1789683648	114597888
1789683653	114597888
1789683658	114597888
1789683663	114597888
1789683668	114597888
1789683673	114597888
1789683678	114597888
1789683683	114597888
1789683688	114597888
1789683693	114597888
1789683698	114597888
1789683703	114597888
1789683708	114597888
1789683713	114597888
1789683718	114597888
1789683723	114597888
1789683728	114597888
1789683733	114597888
1789683738	114597888
1789683743	114597888
1789683748	114597888
1789683753	114597888
1789683758	114597888
1789683763	114597888
1789683768	114597888
1789683773	114597888
1789683778	114597888
1789683783	114597888
1789683788	114597888
1789683793	114597888
1789683798	114597888
1789683803	114597888
1789683808	114597888
1789683813	114597888
1789683818	114597888
1789683823	114597888
1789683828	114597888
1789683833	114597888
1789683838	114597888
1789683843	114597888
1789683848	114597888
1789683853	114597888
1789683858	114597888
1789683863	114597888
1789683868	114597888
1789683873	114597888
1789683878	114597888
1789683883	114597888
1789683888	114597888
1789683893	114597888
1789683898	114597888
1789683903	114597888
1789683908	114597888
1789683913	114597888
1789683918	114597888
1789683923	114597888
1789683928	114597888
1789683933	114597888
1789683938	114597888
1789683943	114597888
1789683948	114597888
1789683953	114597888
1789683958	114597888
1789683963	114597888
1789683968	114597888
1789683973	114597888
1789683978	114597888
1789683983	114597888
1789683988	114597888
1789683993	114597888
1789683998	114597888
1789684003	114597888
1789684008	114597888
1789684013	114597888
1789684018	114597888
1789684023	114597888
1789684028	114597888
1789684033	114597888
1789684038	114597888
1789684043	114597888
1789684048	114597888
1789684053	114597888
1789684058	114597888
1789684063	114597888
1789684068	114597888
1789684073	114597888
1789684078	114597888
1789684083	114597888
1789684088	114597888
1789684093	114597888
1789684098	114597888
1789684103	114597888
1789684108	114597888
1789684113	114597888
1789684118	114597888
1789684123	114597888
1789684128	114597888
1789684133	114597888
1789684138	114597888
1789684143	114597888
1789684148	114597888
1789684153	114597888
1789684158	114597888
1789684163	114597888
1789684168	114597888
1789684173	114597888
1789684178	114597888
1789684183	114597888
1789684188	114597888
1789684193	114597888
1789684198	114597888
1789684203	114597888
1789684208	114597888
1789684213	114597888
1789684218	114597888
1789684223	114597888
1789684228	114597888
1789684233	114597888
1789684238	114597888
1789684243	114597888
1789684248	114597888
1789684253	114597888
1789684258	114597888
1789684263	114597888
1789684268	114597888
1789684273	114597888
1789684278	114597888
1789684283	114597888
1789684288	114597888
1789684293	114597888
1789684298	114597888
1789684303	114597888
1789684308	114597888
1789684314	114597888
1789684319	114597888
1789684324	114597888
1789684329	114597888
1789684334	114597888
1789684339	114597888
1789684344	114597888
1789684349	114597888
1789684354	114597888
1789684359	114597888
1789684364	114597888
1789684369	114597888
1789684374	114597888
1789684379	114597888
1789684384	114597888
1789684389	114597888
1789684394	114597888
1789684399	114597888
1789684404	114597888
1789684409	114597888
1789684414	114597888
1789684419	114597888
1789684424	114597888
1789684429	114597888
1789684434	114597888
1789684439	114597888
1789684444	114597888
1789684449	114597888
1789684454	114597888
1789684459	114597888
1789684464	114597888
1789684469	114597888
1789684474	114597888
1789684479	114597888
1789684484	114597888
1789684489	114597888
1789684494	114597888
1789684499	114597888
1789684504	114597888
1789684509	114597888
1789684514	114597888
1789684519	114597888
1789684524	114597888
1789684529	114597888
1789684534	114597888
1789684539	114597888
1789684544	114597888
1789684549	114597888
1789684554	114597888
1789684559	114597888
1789684564	114597888
1789684569	114597888
1789684574	114597888
1789684579	114597888
1789684584	114597888
1789684589	114597888
1789684594	114597888
1789684599	114597888
1789684604	114597888
1789684609	114597888
1789684614	114597888
1789684619	114597888
1789684624	114597888
1789684629	114597888
1789684634	114597888
1789684639	114597888
1789684644	114597888
1789684649	114597888
1789684654	114597888
1789684659	114597888
1789684664	114597888
1789684669	114597888
1789684674	114597888
1789684679	114597888
1789684684	114597888
1789684689	114597888
1789684694	114597888
1789684699	114597888
1789684704	114597888
1789684709	114597888
1789684714	114597888
1789684719	114597888
1789684724	114597888
1789684729	114597888
1789684734	114597888
1789684739	114597888
1789684744	114597888
1789684749	114597888
1789684754	114597888
1789684759	114597888
1789684764	114597888
1789684769	114597888
1789684774	114597888
1789684779	114597888
1789684784	114597888
1789684789	114597888
1789684794	114597888
1789684799	114597888
1789684804	114597888
1789684809	114597888
1789684814	114597888
1789684819	114597888
1789684824	114597888
1789684829	114597888
1789684834	114597888
1789684839	114597888
1789684844	114597888
1789684849	114597888
1789684854	114597888
1789684859	114597888
1789684864	114597888
1789684869	114597888
1789684874	114597888
1789684879	114597888
1789684884	114597888
1789684889	114597888
1789684894	114597888
1789684899	114597888
1789684904	114597888
1789684909	114597888
1789684914	114597888
1789684919	114597888
1789684924	114597888
1789684929	114597888
1789684934	114597888
1789684939	114597888
1789684944	114597888
1789684949	114597888
1789684954	114597888
1789684959	114597888
1789684964	114597888
1789684969	114597888
1789684974	114597888
1789684979	114597888
1789684984	114597888
1789684989	114597888
1789684994	114597888
1789684999	114597888
1789685004	114597888
1789685009	114597888
1789685014	114597888
1789685019	114597888
1789685024	114597888
1789685029	114597888
1789685034	114597888
1789685039	114597888
1789685044	114597888
1789685049	114597888
1789685054	114597888
1789685059	114597888
1789685065	114597888
1789685070	114597888
1789685075	114597888
1789685080	114597888
1789685085	114597888
1789685090	114597888
1789685095	114597888
1789685100	114597888
1789685105	114597888
1789685110	114597888
1789685115	114597888
1789685120	114597888
1789685125	114597888
1789685130	114597888
1789685135	114597888
1789685140	114597888
1789685145	114597888
1789685150	114597888
1789685155	114597888
1789685160	114597888
1789685165	114597888
1789685170	114597888
1789685175	114597888
1789685180	114597888
1789685185	114597888
1789685190	114597888
1789685195	114597888
1789685200	114597888
1789685205	114597888
1789685210	114597888
1789685215	114597888
1789685220	114597888
1789685225	114597888
1789685230	114597888
1789685235	114597888
1789685240	114597888
1789685245	114597888
1789685250	114597888
1789685255	114597888
1789685260	114597888
1789685265	114597888
1789685270	114597888
1789685275	114597888
1789685280	114597888
1789685285	114597888
1789685290	114597888
1789685295	114597888
1789685300	114597888
1789685305	114597888
1789685310	114597888
1789685315	114597888
1789685320	114597888
1789685325	114597888
1789685330	114597888
1789685335	114597888
1789685340	114597888
1789685345	114597888
1789685350	114597888
1789685355	114597888
1789685360	114597888
1789685365	114597888
1789685370	114597888
1789685375	114597888
1789685380	114597888
1789685385	114597888
1789685390	114597888
1789685395	114597888
1789685400	114597888
1789685405	114597888
1789685410	114597888
1789685415	114597888
1789685420	114597888
1789685425	114597888
1789685430	114597888
1789685435	114597888
1789685440	114597888
1789685445	114597888
1789685450	114597888
1789685455	114597888
1789685460	114597888
1789685465	114597888
1789685470	114597888
1789685475	114597888
1789685480	114597888
1789685485	114597888
1789685490	114597888
1789685495	114597888
1789685500	114597888
1789685505	114597888
1789685510	114597888
1789685515	114597888
1789685520	114597888
1789685525	114597888
1789685530	114597888
1789685535	114597888
1789685540	114597888
1789685545	114597888
1789685550	114597888
1789685555	114597888
1789685560	114597888
1789685565	114597888
1789685570	114597888
1789685575	114597888
1789685580	114597888
1789685585	114597888
1789685590	114597888
1789685595	114597888
1789685600	114597888
1789685605	114597888
1789685610	114597888
1789685615	114597888
1789685620	114597888
1789685625	114597888
1789685630	114597888
1789685635	114597888
1789685640	114597888
1789685645	114597888
1789685650	114597888
1789685655	114597888
1789685660	114597888
1789685665	114597888
1789685670	114597888
1789685675	114597888
1789685680	114597888
1789685685	114597888
1789685690	114597888
1789685695	114597888
1789685700	114597888
1789685705	114597888
1789685710	114597888
1789685715	114597888
1789685720	114597888
1789685725	114597888
1789685730	114597888
1789685735	114597888
1789685740	114597888
1789685745	114597888
1789685750	114597888
1789685755	114597888
1789685760	114597888
1789685765	114597888
1789685770	114597888
1789685775	114597888
1789685780	114597888
1789685785	114597888
1789685790	114597888
1789685795	114597888
1789685800	114597888
1789685805	114597888
1789685811	114597888
1789685816	114597888
1789685821	114597888
1789685826	114597888
1789685831	114597888
1789685836	114597888
1789685841	114597888
1789685846	114597888
1789685851	114597888
1789685856	114597888
1789685861	114597888
1789685866	114597888
1789685871	114597888
1789685876	114597888
1789685881	114597888
1789685886	114597888
1789685891	114597888
1789685896	114597888
1789685901	114597888
1789685906	114597888
1789685911	114597888
1789685916	114597888
1789685921	114597888
1789685926	114597888
1789685931	114597888
1789685936	114597888
1789685941	114597888
1789685946	114597888
1789685951	114597888
1789685956	114597888
1789685961	114597888
1789685966	114597888
1789685971	114597888
1789685976	114597888
1789685981	114597888
1789685986	114597888
1789685991	114597888
1789685996	114597888
1789686001	114597888
1789686006	114597888
1789686011	114597888
1789686016	114597888
1789686021	114597888
1789686026	114597888
1789686031	114597888
1789686036	114597888
1789686041	114597888
1789686046	114597888
1789686051	114597888
1789686056	114597888
1789686061	114597888
1789686066	114597888
1789686071	114597888
1789686076	114597888
1789686081	114597888
1789686086	114597888
1789686091	114597888
1789686096	114597888
1789686101	114597888
1789686106	114597888
1789686111	114597888
1789686116	114597888
1789686121	114597888
1789686126	114597888
1789686131	114597888
1789686136	114597888
1789686141	114597888
1789686146	114597888
1789686151	114597888
1789686156	114597888
1789686161	114597888
1789686166	114597888
1789686171	114597888
1789686176	114597888
1789686181	114597888
1789686186	114597888
1789686191	114597888
1789686196	114597888
1789686201	114597888
1789686206	114597888
1789686211	114597888
1789686216	114597888
1789686221	114597888
1789686226	114597888
1789686231	114597888
1789686236	114597888
1789686241	114597888
1789686246	114597888
1789686251	114597888
1789686256	114597888
1789686261	114597888
1789686266	114597888
1789686271	114597888
1789686276	114597888
1789686281	114597888
1789686286	114597888
1789686291	114597888
1789686296	114597888
1789686301	114597888
1789686306	114597888
1789686311	114597888
1789686316	114597888
1789686321	114597888
1789686326	114597888
1789686331	114597888
1789686336	114597888
1789686341	114597888
1789686346	114597888
1789686351	114597888
1789686356	114597888
1789686361	114597888
1789686366	114597888
1789686371	114597888
1789686376	114597888
1789686381	114597888
1789686386	114597888
1789686391	114597888
1789686396	114597888
1789686401	114597888
1789686406	114597888
1789686411	114597888
1789686416	114597888
1789686421	114597888
1789686426	114597888
1789686431	114597888
1789686436	114597888
1789686441	114597888
1789686446	114597888
1789686451	114597888
1789686456	114597888
1789686461	114597888
1789686466	114597888
1789686471	114597888
1789686476	114597888
1789686481	114597888
1789686486	114597888
1789686491	114597888
1789686496	114597888
1789686501	114597888
1789686506	114597888
1789686511	114597888
1789686516	114597888
1789686521	114597888
1789686526	114597888
1789686531	114597888
1789686536	114597888
1789686541	114597888
1789686546	114597888
1789686552	114597888
1789686557	114597888
1789686562	114597888
1789686567	114597888
1789686572	114597888
1789686577	114597888
1789686582	114597888
1789686587	114597888
1789686592	114597888
1789686597	114597888
1789686602	114597888
1789686607	114597888
1789686612	114597888
1789686617	114597888
1789686622	114597888
1789686627	114597888
1789686632	114597888
1789686637	114597888
1789686642	114597888
1789686647	114597888
1789686652	114597888
1789686657	114597888
1789686662	114597888
1789686667	114597888
1789686672	114597888
1789686677	114597888
1789686682	114597888
1789686687	114597888
1789686692	114597888
1789686697	114597888
1789686702	114597888
1789686707	114597888
1789686712	114597888
1789686717	114597888
1789686722	114597888
1789686727	114597888
1789686732	114597888
1789686737	114597888
1789686742	114597888
1789686747	114597888
1789686752	114597888
1789686757	114597888
1789686762	114597888
1789686767	114597888
1789686772	114597888
1789686777	114597888
1789686782	114597888
1789686787	114597888
1789686792	114597888
1789686797	114597888
1789686802	114597888
1789686807	114597888
1789686812	114597888
1789686817	114597888
1789686822	114597888
1789686827	114597888
1789686832	114597888
1789686837	114597888
1789686842	114597888
1789686847	114597888
1789686852	114597888
1789686857	114597888
1789686862	114597888
1789686867	114597888
1789686872	114597888
1789686877	114597888
1789686882	114597888
1789686887	114597888
1789686892	114597888
1789686897	114597888
1789686902	114597888
1789686907	114597888
1789686912	114597888
1789686917	114597888
1789686922	114597888
1789686927	114597888
1789686932	114597888
1789686937	114597888
1789686942	114597888
1789686947	114597888
1789686952	114597888
1789686957	114597888
1789686962	114597888
1789686967	114597888
1789686972	114597888
1789686977	114597888
1789686982	114597888
1789686987	114597888
1789686992	114597888
1789686997	114597888
1789687002	114597888
1789687007	114597888
1789687012	114597888
1789687017	114597888
1789687022	114597888
1789687027	114597888
1789687032	114597888
1789687037	114597888
1789687042	114597888
1789687047	114597888
1789687052	114597888
1789687057	114597888
1789687062	114597888
1789687067	114597888
1789687072	114597888
1789687077	114597888
1789687082	114597888
1789687087	114597888
1789687092	114597888
1789687097	114597888
1789687102	114597888
1789687107	114597888
1789687112	114597888
1789687117	114597888
1789687122	114597888
1789687127	114597888
1789687132	114597888
1789687137	114597888
1789687142	114597888
1789687147	114597888
1789687152	114597888
1789687157	114597888
1789687162	114597888
1789687167	114597888
1789687172	114597888
1789687177	114597888
1789687182	114597888
1789687187	114597888
1789687192	114597888
1789687197	114597888
1789687202	114597888
1789687207	114597888
1789687212	114597888
1789687217	114597888
1789687222	114597888
1789687227	114597888
1789687232	114597888
1789687237	114597888
1789687242	114597888
1789687247	114597888
1789687252	114597888
1789687257	114597888
1789687262	114597888
1789687267	114597888
1789687272	114597888
1789687277	114597888
1789687282	114597888
1789687288	114597888
1789687293	114597888
1789687298	114597888
1789687303	114597888
1789687308	114597888
1789687313	114597888
1789687318	114597888
1789687323	114597888
1789687328	114597888
1789687333	114597888
1789687338	114597888
1789687343	114597888
1789687348	114597888
1789687353	114597888
1789687358	114597888
1789687363	114597888
1789687368	114597888
1789687373	114597888
1789687378	114597888
1789687383	114597888
1789687388	114597888
1789687393	114597888
1789687398	114597888
1789687403	114597888
1789687408	114597888
1789687413	114597888
1789687418	114597888
1789687423	114597888
1789687428	114597888
1789687433	114597888
1789687438	114597888
1789687443	114597888
1789687448	114597888
1789687453	114597888
1789687458	114597888
1789687463	114597888
1789687468	114597888
1789687473	114597888
1789687478	114597888
1789687483	114597888
1789687488	114597888
1789687493	114597888
1789687498	114597888
1789687503	114597888
1789687508	114597888
1789687513	114597888
1789687518	114597888
1789687523	114597888
1789687528	114597888
1789687533	114597888
1789687538	114597888
1789687543	114597888
1789687548	114597888
1789687553	114597888
1789687558	114597888
1789687563	114597888
1789687568	114597888
1789687573	114597888
1789687578	114597888
1789687583	114597888
1789687588	114597888
1789687593	114597888
1789687598	114597888
1789687603	114597888
1789687608	114597888
1789687613	114597888
1789687618	114597888
1789687623	114597888
1789687628	114597888
1789687633	114597888
1789687638	114597888
1789687643	114597888
1789687648	114597888
1789687653	114597888
1789687658	114597888
1789687663	114597888
1789687668	114597888
1789687673	114597888
1789687678	114597888
1789687683	114597888
1789687688	114597888
1789687693	114597888
1789687698	114597888
1789687703	114597888
1789687708	114597888
1789687713	114597888
1789687718	114597888
1789687723	114597888
1789687728	114597888
1789687733	114597888
1789687738	114597888
1789687743	114597888
1789687748	114597888
1789687753	114597888
1789687758	114597888
1789687763	114597888
1789687768	114597888
1789687773	114597888
1789687778	114597888
1789687783	114597888
1789687788	114597888
1789687793	114597888
1789687798	114597888
1789687803	114597888
1789687808	114597888
1789687813	114597888
1789687818	114597888
1789687823	114597888
1789687828	114597888
1789687833	114597888
1789687838	114597888
1789687843	114597888
1789687848	114597888
1789687853	114597888
1789687858	114597888
1789687863	114597888
1789687868	114597888
1789687873	114597888
1789687878	114597888
1789687883	114597888
1789687888	114597888
1789687893	114597888
1789687898	114597888
1789687903	114597888
1789687908	114597888
1789687913	114597888
1789687918	114597888
1789687923	114597888
1789687928	114597888
1789687933	114597888
1789687938	114597888
1789687943	114597888
1789687948	114597888
1789687953	114597888
1789687958	114597888
1789687963	114597888
1789687968	114597888
1789687973	114597888
1789687978	114597888
1789687983	114597888
1789687988	114597888
1789687993	114597888
1789687998	114597888
1789688003	114597888
1789688008	114597888
1789688013	114597888
1789688018	114597888
1789688023	114597888
1789688029	114597888
1789688034	114597888
1789688039	114597888
1789688044	114597888
1789688049	114597888
1789688054	114597888
1789688059	114597888
1789688064	114597888
1789688069	114597888
1789688074	114597888
1789688079	114597888
1789688084	114597888
1789688089	114597888
1789688094	114597888
1789688099	114597888
1789688104	114597888
1789688109	114597888
1789688114	114597888
1789688119	114597888
1789688124	114597888
1789688129	114597888
1789688134	114597888
1789688139	114597888
1789688144	114597888
1789688149	114597888
1789688154	114597888
1789688159	114597888
1789688164	114597888
1789688169	114597888
1789688174	114597888
1789688179	114597888
1789688184	114597888
1789688189	114597888
1789688194	114597888
1789688199	114597888
1789688204	114597888
1789688209	114597888
1789688214	114597888
1789688219	114597888
1789688224	114597888
1789688229	114597888
1789688234	114597888
1789688239	114597888
1789688244	114597888
1789688249	114597888
1789688254	114597888
1789688259	114597888
1789688264	114597888
1789688269	114597888
1789688274	114597888
1789688279	114597888
1789688284	114597888
1789688289	114597888
1789688294	114597888
1789688299	114597888
1789688304	114597888
1789688309	114597888
1789688314	114597888
1789688319	114597888
1789688324	114597888
1789688329	114597888
1789688334	114597888
1789688339	114597888
1789688344	114597888
1789688349	114597888
1789688354	114597888
1789688359	114597888
1789688364	114597888
1789688369	114597888
1789688374	114597888
1789688379	114597888
1789688384	114597888
1789688389	114597888
1789688394	114597888
1789688399	114597888
1789688404	114597888
1789688409	114597888
1789688414	114597888
1789688419	114597888
1789688424	114597888
1789688429	114597888
1789688434	114597888
1789688439	114597888
1789688444	114597888
1789688449	114597888
1789688454	114597888
1789688459	114597888
1789688464	114597888
1789688469	114597888
1789688474	114597888
1789688479	114597888
1789688484	114597888
1789688489	114597888
1789688494	114597888
1789688499	114597888
1789688504	114597888
1789688509	114597888
1789688514	114597888
1789688519	114597888
1789688524	114597888
1789688529	114597888
1789688534	114597888
1789688539	114597888
1789688544	114597888
1789688549	114597888
1789688554	114597888
1789688559	114597888
1789688564	114597888
1789688569	114597888
1789688574	114597888
1789688579	114597888
1789688584	114597888
1789688589	114597888
1789688594	114597888
1789688599	114597888
1789688604	114597888
1789688609	114597888
1789688614	114597888
1789688619	114597888
1789688624	114597888
1789688629	114597888
1789688634	114597888
1789688639	114597888
1789688644	114597888
1789688649	114597888
1789688654	114597888
1789688659	114597888
1789688664	114597888
1789688669	114597888
1789688674	114597888
1789688679	114597888
1789688684	114597888
1789688689	114597888
1789688694	114597888
1789688699	114597888
1789688704	114597888
1789688709	114597888
1789688714	114597888
1789688719	114597888
1789688724	114597888
1789688729	114597888
1789688734	114597888
1789688739	114597888
1789688744	114597888
1789688749	114597888
1789688754	114597888
1789688759	114597888
1789688764	114597888
1789688769	114597888
1789688774	114597888
1789688780	114597888
1789688785	114597888
1789688790	114597888
1789688795	114597888
1789688800	114597888
1789688805	114597888
1789688810	114597888
1789688815	114597888
1789688820	114597888
1789688825	114597888
1789688830	114597888
1789688835	114597888
1789688840	114597888
1789688845	114597888
1789688850	114597888
1789688855	114597888
1789688860	114597888
1789688865	114597888
1789688870	114597888
1789688875	114597888
1789688880	114597888
1789688885	114597888
1789688890	114597888
1789688895	114597888
1789688900	114597888
1789688905	114597888
1789688910	114597888
1789688915	114597888
1789688920	114597888
1789688925	114597888
1789688930	114597888
1789688935	114597888
1789688940	114597888
1789688945	114597888
1789688950	114597888
1789688955	114597888
1789688960	114597888
1789688965	114597888
1789688970	114597888
1789688975	114597888
1789688980	114597888
1789688985	114597888
1789688990	114597888
1789688995	114597888
1789689000	114597888
1789689005	114597888
1789689010	114597888
1789689015	114597888
1789689020	114597888
1789689025	114597888
1789689030	114597888
1789689035	114597888
1789689040	114597888
1789689045	114597888
1789689050	114597888
1789689055	114597888
1789689060	114597888
1789689065	114597888
1789689070	114597888
1789689075	114597888
1789689080	114597888
1789689085	114597888
1789689090	114597888
1789689095	114597888
1789689100	114597888
1789689105	114597888
1789689110	114597888
1789689115	114597888
1789689120	114597888
1789689125	114597888
1789689130	114597888
1789689135	114597888
1789689140	114597888
1789689145	114597888
1789689150	114597888
1789689155	114597888
1789689160	114597888
1789689165	114597888
1789689170	114597888
1789689175	114597888
1789689180	114597888
1789689185	114597888
1789689190	114597888
1789689195	114597888
1789689200	114597888
1789689205	114597888
1789689210	114597888
1789689215	114597888
1789689220	114597888
1789689225	114597888
1789689230	114597888
1789689235	114597888
1789689240	114597888
1789689245	114597888
1789689250	114597888
1789689255	114597888
1789689260	114597888
1789689265	114597888
1789689270	114597888
1789689275	114597888
1789689280	114597888
1789689285	114597888
1789689290	114597888
1789689295	114597888
1789689300	114597888
1789689305	114597888
1789689310	114597888
1789689315	114597888
1789689320	114597888
1789689325	114597888
1789689330	114597888
1789689335	114597888
1789689340	114597888
1789689345	114597888
1789689350	114597888
1789689355	114597888
1789689360	114597888
1789689365	114597888
1789689370	114597888
1789689375	114597888
1789689380	114597888
1789689385	114597888
1789689390	114597888
1789689395	114597888
1789689400	114597888
1789689405	114597888
1789689410	114597888
1789689415	114597888
1789689420	114597888
1789689425	114597888
1789689430	114597888
1789689435	114597888
1789689440	114597888
1789689445	114597888
1789689450	114597888
1789689455	114597888
1789689460	114597888
1789689465	114597888
1789689470	114597888
1789689475	114597888
1789689480	114597888
1789689485	114597888
1789689490	114597888
1789689495	114597888
1789689500	114597888
1789689505	114597888
1789689510	114597888
1789689515	114597888
1789689520	114597888
1789689525	114597888
1789689530	114597888
1789689536	114597888
1789689541	114597888
1789689546	114597888
1789689551	114597888
1789689556	114597888
1789689561	114597888
1789689566	114597888
1789689571	114597888
1789689576	114597888
1789689581	114597888
1789689586	114597888
1789689591	114597888
1789689596	114597888
1789689601	114597888
1789689606	114597888
1789689611	114597888
1789689616	114597888
1789689621	114597888
1789689626	114597888
1789689631	114597888
1789689636	114597888
1789689641	114597888
1789689646	114597888
1789689651	114597888
1789689656	114597888
1789689661	114597888
1789689666	114597888
1789689671	114597888
1789689676	114597888
1789689681	114597888
1789689686	114597888
1789689691	114597888
1789689696	114597888
1789689701	114597888
1789689706	114597888
1789689711	114597888
1789689716	114597888
1789689721	114597888
1789689726	114597888
1789689731	114597888
1789689736	114597888
1789689741	114597888
1789689746	114597888
1789689751	114597888
1789689756	114597888
1789689761	114597888
1789689766	114597888
1789689771	114597888
1789689776	114597888
1789689781	114597888
1789689786	114597888
1789689791	114597888
1789689796	114597888
1789689801	114597888
1789689806	114597888
1789689811	114597888
1789689816	114597888
1789689821	114597888
1789689826	114597888
1789689831	114597888
1789689836	114597888
1789689841	114597888
1789689846	114597888
1789689851	114597888
1789689856	114597888
1789689861	114597888
1789689866	114597888
1789689871	114597888
1789689876	114597888
1789689881	114597888
1789689886	114597888
1789689891	114597888
1789689896	114597888
1789689901	114597888
1789689906	114597888
1789689911	114597888
1789689916	114597888
1789689921	114597888
1789689926	114597888
1789689931	114597888
1789689936	114597888
1789689941	114597888
1789689946	114597888
1789689951	114597888
1789689956	114597888
1789689961	114597888
1789689966	114597888
1789689971	114597888
1789689976	114597888
1789689981	114597888
1789689986	114597888
1789689991	114597888
1789689996	114597888
1789690001	114597888
1789690006	114597888
1789690011	114597888
1789690016	114597888
1789690021	114597888
1789690026	114597888
1789690031	114597888
1789690036	114597888
1789690041	114597888
1789690046	114597888
1789690051	114597888
1789690056	114597888
1789690061	114597888
1789690066	114597888
1789690071	114597888
1789690076	114597888
1789690081	114597888
1789690086	114597888
1789690091	114597888
1789690096	114597888
1789690101	114597888
1789690106	114597888
1789690111	114597888
1789690116	114597888
1789690121	114597888
1789690126	114597888
1789690131	114597888
1789690136	114597888
1789690141	114597888
1789690146	114597888
1789690151	114597888
1789690156	114597888
1789690161	114597888
1789690166	114597888
1789690171	114597888
1789690176	114597888
1789690181	114597888
1789690186	114597888
1789690191	114597888
1789690196	114597888
1789690201	114597888
1789690206	114597888
1789690211	114597888
1789690216	114597888
1789690221	114597888
1789690226	114597888
1789690231	114597888
1789690236	114597888
1789690241	114597888
1789690246	114597888
1789690251	114597888
1789690256	114597888
1789690261	114597888
1789690266	114597888
1789690271	114597888
1789690276	114597888
1789690281	114597888
1789690287	114597888
1789690292	114597888
1789690297	114597888
1789690302	114597888
1789690307	114597888
1789690312	114597888
1789690317	114597888
1789690322	114597888
1789690327	114597888
1789690332	114597888
1789690337	114597888
1789690342	114597888
1789690347	114597888
1789690352	114597888
1789690357	114597888
1789690362	114597888
1789690367	114597888
1789690372	114597888
1789690377	114597888
1789690382	114597888
1789690387	114597888
1789690392	114597888
1789690397	114597888
1789690402	114597888
1789690407	114597888
1789690412	114597888
1789690417	114597888
1789690422	114597888
1789690427	114597888
1789690432	114597888
1789690437	114597888
1789690442	114597888
1789690447	114597888
1789690452	114597888
1789690457	114597888
1789690462	114597888
1789690467	114597888
1789690472	114597888
1789690477	114597888
1789690482	114597888
1789690487	114597888
1789690492	114597888
1789690497	114597888
1789690502	114597888
1789690507	114597888
1789690512	114597888
1789690517	114597888
1789690522	114597888
1789690527	114597888
1789690532	114597888
1789690537	114597888
1789690542	114597888
1789690547	114597888
1789690552	114597888
1789690557	114597888
1789690562	114597888
1789690567	114597888
1789690572	114597888
1789690577	114597888
1789690582	114597888
1789690587	114597888
1789690592	114597888
1789690597	114597888
1789690602	114597888
1789690607	114597888
1789690612	114597888
1789690617	114597888
1789690622	114597888
1789690627	114597888
1789690632	114597888
1789690637	114597888
1789690642	114597888
1789690647	114597888
1789690652	114597888
1789690657	114597888
1789690662	114597888
1789690667	114597888
1789690672	114597888
1789690677	114597888
1789690682	114597888
1789690687	114597888
1789690692	114597888
1789690697	114597888
1789690702	114597888
1789690707	114597888
1789690712	114597888
1789690717	114597888
1789690722	114597888
1789690727	114597888
1789690732	114597888
1789690737	114597888
1789690742	114597888
1789690747	114597888
1789690752	114597888
1789690757	114597888
1789690762	114597888
1789690767	114597888
1789690772	114597888
1789690777	114597888
1789690782	114597888
1789690787	114597888
1789690792	114597888
1789690797	114597888
1789690802	114597888
1789690807	114597888
1789690812	114597888
1789690817	114597888
1789690822	114597888
1789690827	114597888
1789690832	114597888
1789690837	114597888
1789690842	114597888
1789690847	114597888
1789690852	114597888
1789690857	114597888
1789690862	114597888
1789690867	114597888
1789690872	114597888
1789690877	114597888
1789690882	114597888
1789690887	114597888
1789690892	114597888
1789690897	114597888
1789690902	114597888
1789690907	114597888
1789690912	114597888
1789690917	114597888
1789690922	114597888
1789690927	114597888
1789690932	114597888
1789690937	114597888
1789690942	114597888
1789690947	114597888
1789690952	114597888
1789690957	114597888
1789690962	114597888
1789690967	114597888
1789690972	114597888
1789690977	114597888
1789690982	114597888
1789690987	114597888
1789690992	114597888
1789690997	114597888
1789691002	114597888
1789691007	114597888
1789691012	114597888
1789691017	114597888
1789691023	114597888
1789691028	114597888
1789691033	114597888
1789691038	114597888
1789691043	114597888
1789691048	114597888
1789691053	114597888
1789691058	114597888
1789691063	114597888
1789691068	114597888
1789691073	114597888
1789691078	114597888
1789691083	114597888
1789691088	114597888
1789691093	114597888
1789691098	114597888
1789691103	114597888
1789691108	114597888
1789691113	114597888
1789691118	114597888
1789691123	114597888
1789691128	114597888
1789691133	114597888
1789691138	114597888
1789691143	114597888
1789691148	114597888
1789691153	114597888
1789691158	114597888
1789691163	114597888
1789691168	114597888
1789691173	114597888
1789691178	114597888
1789691183	114597888
1789691188	114597888
1789691193	114597888
1789691198	114597888
1789691203	114597888
1789691208	114597888
1789691213	114597888
1789691218	114597888
1789691223	114597888
1789691228	114597888
1789691233	114597888
1789691238	114597888
1789691243	114597888
1789691248	114597888
1789691253	114597888
1789691258	114597888
1789691263	114597888
1789691268	114597888
1789691273	114597888
1789691278	114597888
1789691283	114597888
1789691288	114597888
1789691293	114597888
1789691298	114597888
1789691303	114597888
1789691308	114597888
1789691313	114597888
1789691318	114597888
1789691323	114597888
1789691328	114597888
1789691333	114597888
1789691338	114597888
1789691343	114597888
1789691348	114597888
1789691353	114597888
1789691358	114597888
1789691363	114597888
1789691368	114597888
1789691373	114597888
1789691378	114597888
1789691383	114597888
1789691388	114597888
1789691393	114597888
1789691398	114597888
1789691403	114597888
1789691408	114597888
1789691413	114597888
1789691418	114597888
1789691423	114597888
1789691428	114597888
1789691433	114597888
1789691438	114597888
1789691443	114597888
1789691448	114597888
1789691453	114597888
1789691458	114597888
1789691463	114597888
1789691468	114597888
1789691473	114597888
1789691478	114597888
1789691483	114597888
1789691488	114597888
1789691493	114597888
1789691498	114597888
1789691503	114597888
1789691508	114597888
1789691513	114597888
1789691518	114597888
1789691523	114597888
1789691528	114597888
1789691533	114597888
1789691538	114597888
1789691543	114597888
1789691548	114597888
1789691553	114597888
1789691558	114597888
1789691563	114597888
1789691568	114597888
1789691573	114597888
1789691578	114597888
1789691583	114597888
1789691588	114597888
1789691593	114597888
1789691598	114597888
1789691603	114597888
1789691608	114597888
1789691613	114597888
1789691618	114597888
1789691623	114597888
1789691628	114597888
1789691633	114597888
1789691638	114597888
1789691643	114597888
1789691648	114597888
1789691653	114597888
1789691658	114597888
1789691663	114597888
1789691668	114597888
1789691673	114597888
1789691678	114597888
1789691683	114597888
1789691688	114597888
1789691693	114597888
1789691698	114597888
1789691703	114597888
1789691708	114597888
1789691713	114597888
1789691718	114597888
1789691723	114597888
1789691728	114597888
1789691733	114597888
1789691738	114597888
1789691743	114597888
1789691748	114597888
1789691753	114597888
1789691758	114597888
1789691763	114597888
1789691769	114597888
1789691774	114597888
1789691779	114597888
1789691784	114597888
1789691789	114597888
1789691794	114597888
1789691799	114597888
1789691804	114597888
1789691809	114597888
1789691814	114597888
1789691819	114597888
1789691824	114597888
1789691829	114597888
1789691834	114597888
1789691839	114597888
1789691844	114597888
1789691849	114597888
1789691854	114597888
1789691859	114597888
1789691864	114597888
1789691869	114597888
1789691874	114597888
1789691879	114597888
1789691884	114597888
1789691889	114597888
1789691894	114597888
1789691899	114597888
1789691904	114597888
1789691909	114597888
1789691914	114597888
1789691919	114597888
1789691924	114597888
1789691929	114597888
1789691934	114597888
1789691939	114597888
1789691944	114597888
1789691949	114597888
1789691954	114597888
1789691959	114597888
1789691964	114597888
1789691969	114597888
1789691974	114597888
1789691979	114597888
1789691984	114597888
1789691989	114597888
1789691994	114597888
1789691999	114597888
1789692004	114597888
1789692009	114597888
1789692014	114597888
1789692019	114597888
1789692024	114597888
1789692029	114597888
1789692034	114597888
1789692039	114597888
1789692044	114597888
1789692049	114597888
1789692054	114597888
1789692059	114597888
1789692064	114597888
1789692069	114597888
1789692074	114597888
1789692079	114597888
1789692084	114597888
1789692089	114597888
1789692094	114597888
1789692099	114597888
1789692104	114597888
1789692109	114597888
1789692114	114597888
1789692119	114597888
1789692124	114597888
1789692129	114597888
1789692134	114597888
1789692139	114597888
1789692144	114597888
1789692149	114597888
1789692154	114597888
1789692159	114597888
1789692164	114597888
1789692169	114597888
1789692174	114597888
1789692179	114597888
1789692184	114597888
1789692189	114597888
1789692194	114597888
1789692199	114597888
1789692204	114597888
1789692209	114597888
1789692214	114597888
1789692219	114597888
1789692224	114597888
1789692229	114597888
1789692234	114597888
1789692239	114597888
1789692244	114597888
1789692249	114597888
1789692254	114597888
1789692259	114597888
1789692264	114597888
1789692269	114597888
1789692274	114597888
1789692279	114597888
1789692284	114597888
1789692289	114597888
1789692294	114597888
1789692299	114597888
1789692304	114597888
1789692309	114597888
1789692314	114597888
1789692319	114597888
1789692324	114597888
1789692329	114597888
1789692334	114597888
1789692339	114597888
1789692344	114597888
1789692349	114597888
1789692354	114597888
1789692359	114597888
1789692364	114597888
1789692369	114597888
1789692374	114597888
1789692379	114597888
1789692384	114597888
1789692389	114597888
1789692394	114597888
1789692399	114597888
1789692404	114597888
1789692409	114597888
1789692414	114597888
1789692419	114597888
1789692424	114597888
1789692429	114597888
1789692434	114597888
1789692439	114597888
1789692444	114597888
1789692449	114597888
1789692454	114597888
1789692459	114597888
1789692464	114597888
1789692469	114597888
1789692474	114597888
1789692479	114597888
1789692484	114597888
1789692489	114597888
1789692494	114597888
1789692499	114597888
1789692504	114597888
1789692509	114597888
1789692515	114597888
1789692520	114597888
1789692525	114597888
1789692530	114597888
1789692535	114597888
1789692540	114597888
1789692545	114597888
1789692550	114597888
1789692555	114597888
1789692560	114597888
1789692565	114597888
1789692570	114597888
1789692575	114597888
1789692580	114597888
1789692585	114597888
1789692590	114597888
1789692595	114597888
1789692600	114597888
1789692605	114597888
1789692610	114597888
1789692615	114597888
1789692620	114597888
1789692625	114597888
1789692630	114597888
1789692635	114597888
1789692640	114597888
1789692645	114597888
1789692650	114597888
1789692655	114597888
1789692660	114597888
1789692665	114597888
1789692670	114597888
1789692675	114597888
1789692680	114597888
1789692685	114597888
1789692690	114597888
1789692695	114597888
1789692700	114597888
1789692705	114597888
1789692710	114597888
1789692715	114597888
1789692720	114597888
1789692725	114597888
1789692730	114597888
1789692735	114597888
1789692740	114597888
1789692745	114597888
1789692750	114597888
1789692755	114597888
1789692760	114597888
1789692765	114597888
1789692770	114597888
1789692775	114597888
1789692780	114597888
1789692785	114597888
1789692790	114597888
1789692795	114597888
1789692800	114597888
1789692805	114597888
1789692810	114597888
1789692815	114597888
1789692820	114597888
1789692825	114597888
1789692830	114597888
1789692835	114597888
1789692840	114597888
1789692845	114597888
1789692850	114597888
1789692855	114597888
1789692860	114597888
1789692865	114597888
1789692870	114597888
1789692875	114597888
1789692880	114597888
1789692885	114597888
1789692890	114597888
1789692895	114597888
1789692900	114597888
1789692905	114597888
1789692910	114597888
1789692915	114597888
1789692920	114597888
1789692925	114597888
1789692930	114597888
1789692935	114597888
1789692940	114597888
1789692945	114597888
1789692950	114597888
1789692955	114597888
1789692960	114597888
1789692965	114597888
1789692970	114597888
1789692975	114597888
1789692980	114597888
1789692985	114597888
1789692990	114597888
1789692995	114597888
1789693000	114597888
1789693005	114597888
1789693010	114597888
1789693015	114597888
1789693020	114597888
1789693025	114597888
1789693030	114597888
1789693035	114597888
1789693040	114597888
1789693045	114597888
1789693050	114597888
1789693055	114597888
1789693060	114597888
1789693065	114597888
1789693070	114597888
1789693075	114597888
1789693080	114597888
1789693085	114597888
1789693090	114597888
1789693095	114597888
1789693100	114597888
1789693105	114597888
1789693110	114597888
1789693115	114597888
1789693120	114597888
1789693125	114597888
1789693130	114597888
1789693135	114597888
1789693140	114597888
1789693145	114597888
1789693150	114597888
1789693155	114597888
1789693160	114597888
1789693165	114597888
1789693170	114597888
1789693175	114597888
1789693180	114597888
1789693185	114597888
1789693190	114597888
1789693195	114597888
1789693200	114597888
1789693205	114597888
1789693210	114597888
1789693215	114597888
1789693220	114597888
1789693225	114597888
1789693230	114597888
1789693235	114597888
1789693240	114597888
1789693245	114597888
1789693250	114597888
1789693255	114597888
1789693261	114597888
1789693266	114597888
1789693271	114597888
1789693276	114597888
1789693281	114597888
1789693286	114597888
1789693291	114597888
1789693296	114597888
1789693301	114597888
1789693306	114597888
1789693311	114597888
1789693316	114597888
1789693321	114597888
1789693326	114597888
1789693331	114597888
1789693336	114597888
1789693341	114597888
1789693346	114597888
1789693351	114597888
1789693356	114597888
1789693361	114597888
1789693366	114597888
1789693371	114597888
1789693376	114597888
1789693381	114597888
1789693386	114597888
1789693391	114597888
1789693396	114597888
1789693401	114597888
1789693406	114597888
1789693411	114597888
1789693416	114597888
1789693421	114597888
1789693426	114597888
1789693431	114597888
1789693436	114597888
1789693441	114597888
1789693446	114597888
1789693451	114597888
1789693456	114597888
1789693461	114597888
1789693466	114597888
1789693471	114597888
1789693476	114597888
1789693481	114597888
1789693486	114597888
1789693491	114597888
1789693496	114597888
1789693501	114597888
1789693506	114597888
1789693511	114597888
1789693516	114597888
1789693521	114597888
1789693526	114597888
1789693531	114597888
1789693536	114597888
1789693541	114597888
1789693546	114597888
1789693551	114597888
1789693556	114597888
1789693561	114597888
1789693566	114597888
1789693571	114597888
1789693576	114597888
1789693581	114597888
1789693586	114597888
1789693591	114597888
1789693596	114597888
1789693601	114597888
1789693606	114597888
1789693611	114597888
1789693616	114597888
1789693621	114597888
1789693626	114597888
1789693631	114597888
1789693636	114597888
1789693641	114597888
1789693646	114597888
1789693651	114597888
1789693656	114597888
1789693661	114597888
1789693666	114597888
1789693671	114597888
1789693676	114597888
1789693681	114597888
1789693686	114597888
1789693691	114597888
1789693696	114597888
1789693701	114597888
1789693706	114597888
1789693711	114597888
1789693716	114597888
1789693721	114597888
1789693726	114597888
1789693731	114597888
1789693736	114597888
1789693741	114597888
1789693746	114597888
1789693751	114597888
1789693756	114597888
1789693761	114597888
1789693766	114597888
1789693771	114597888
1789693776	114597888
1789693781	114597888
1789693786	114597888
1789693791	114597888
1789693796	114597888
1789693801	114597888
1789693806	114597888
1789693811	114597888
1789693816	114597888
1789693821	114597888
1789693826	114597888
1789693831	114597888
1789693836	114597888
1789693841	114597888
1789693846	114597888
1789693851	114597888
1789693856	114597888
1789693861	114597888
1789693866	114597888
1789693871	114597888
1789693876	114597888
1789693881	114597888
1789693886	114597888
1789693891	114597888
1789693896	114597888
1789693901	114597888
1789693906	114597888
1789693911	114597888
1789693916	114597888
1789693921	114597888
1789693926	114597888
1789693931	114597888
1789693936	114597888
1789693941	114597888
1789693946	114597888
1789693951	114597888
1789693956	114597888
1789693961	114597888
1789693966	114597888
1789693971	114597888
1789693976	114597888
1789693981	114597888
1789693986	114597888
1789693991	114597888
1789693996	114597888
1789694001	114597888
1789694006	114597888
1789694011	114597888
1789694017	114597888
1789694022	114597888
1789694027	114597888
1789694032	114597888
1789694037	114597888
1789694042	114597888
1789694047	114597888
1789694052	114597888
1789694057	114597888
1789694062	114597888
1789694067	114597888
1789694072	114597888
1789694077	114597888
1789694082	114597888
1789694087	114597888
1789694092	114597888
1789694097	114597888
1789694102	114597888
1789694107	114597888
1789694112	114597888
1789694117	114597888
1789694122	114597888
1789694127	114597888
1789694132	114597888
1789694137	114597888
1789694142	114597888
1789694147	114597888
1789694152	114597888
1789694157	114597888
1789694162	114597888
1789694167	114597888
1789694172	114597888
1789694177	114597888
1789694182	114597888
1789694187	114597888
1789694192	114597888
1789694197	114597888
1789694202	114597888
1789694207	114597888
1789694212	114597888
1789694217	114597888
1789694222	114597888
1789694227	114597888
1789694232	114597888
1789694237	114597888
1789694242	114597888
1789694247	114597888
1789694252	114597888
1789694257	114597888
1789694262	114597888
1789694267	114597888
1789694272	114597888
1789694277	114597888
1789694282	114597888
1789694287	114597888
1789694292	114597888
1789694297	114597888
1789694302	114597888
1789694307	114597888
1789694312	114597888
1789694317	114597888
1789694322	114597888
1789694327	114597888
1789694332	114597888
1789694337	114597888
1789694342	114597888
1789694347	114597888
1789694352	114597888
1789694357	114597888
1789694362	114597888
1789694367	114597888
1789694372	114597888
1789694377	114597888
1789694382	114597888
1789694387	114597888
1789694392	114597888
1789694397	114597888
1789694402	114597888
1789694407	114597888
1789694412	114597888
1789694417	114597888
1789694422	114597888
1789694427	114597888
1789694432	114597888
1789694437	114597888
1789694442	114597888
1789694447	114597888
1789694452	114597888
1789694457	114597888
1789694462	114597888
1789694467	114597888
1789694472	114597888
1789694477	114597888
1789694482	114597888
1789694487	114597888
1789694492	114597888
1789694497	114597888
1789694502	114597888
1789694507	114597888
1789694512	114597888
1789694517	114597888
1789694522	114597888
1789694527	114597888
1789694532	114597888
1789694537	114597888
1789694542	114597888
1789694547	114597888
1789694552	114597888
1789694557	114597888
1789694562	114597888
1789694567	114597888
1789694572	114597888
1789694577	114597888
1789694582	114597888
1789694587	114597888
1789694592	114597888
1789694597	114597888
1789694602	114597888
1789694607	114597888
1789694612	114597888
1789694617	114597888
1789694622	114597888
1789694627	114597888
1789694632	114597888
1789694637	114597888
1789694642	114597888
1789694647	114597888
1789694652	114597888
1789694657	114597888
1789694662	114597888
1789694667	114597888
1789694672	114597888
1789694677	114597888
1789694682	114597888
1789694687	114597888
1789694692	114597888
1789694697	114597888
1789694702	114597888
1789694707	114597888
1789694712	114597888
1789694717	114597888
1789694722	114597888
1789694727	114597888
1789694732	114597888
1789694737	114597888
1789694742	114597888
1789694747	114597888
1789694752	114597888
1789694757	114597888
1789694762	114597888
1789694768	114597888
1789694773	114597888
1789694778	114597888
1789694783	114597888
1789694788	114597888
1789694793	114597888
1789694798	114597888
1789694803	114597888
1789694808	114597888
1789694813	114597888
1789694818	114597888
1789694823	114597888
1789694828	114597888
1789694833	114597888
1789694838	114597888
1789694843	114597888
1789694848	114597888
1789694853	114597888
1789694858	114597888
1789694863	114597888
1789694868	114597888
1789694873	114597888
1789694878	114597888
1789694883	114597888
1789694888	114597888
1789694893	114597888
1789694898	114597888
1789694903	114597888
1789694908	114597888
1789694913	114597888
1789694918	114597888
1789694923	114597888
1789694928	114597888
1789694933	114597888
1789694938	114597888
1789694943	114597888
1789694948	114597888
1789694953	114597888
1789694958	114597888
1789694963	114597888
1789694968	114597888
1789694973	114597888
1789694978	114597888
1789694983	114597888
1789694988	114597888
1789694993	114597888
1789694998	114597888
1789695003	114597888
1789695008	114597888
1789695013	114597888
1789695018	114597888
1789695023	114597888
1789695028	114597888
1789695033	114597888
1789695038	114597888
1789695043	114597888
1789695048	114597888
1789695053	114597888
1789695058	114597888
1789695063	114597888
1789695068	114597888
1789695073	114597888
1789695078	114597888
1789695083	114597888
1789695088	114597888
1789695093	114597888
1789695098	114597888
1789695103	114597888
1789695108	114597888
1789695113	114597888
1789695118	114597888
1789695123	114597888
1789695128	114597888
1789695133	114597888
1789695138	114597888
1789695143	114597888
1789695148	114597888
1789695153	114597888
1789695158	114597888
1789695163	114597888
1789695168	114597888
1789695173	114597888
1789695178	114597888
1789695183	114597888
1789695188	114597888
1789695193	114597888
1789695198	114597888
1789695203	114597888
1789695208	114597888
1789695213	114597888
1789695218	114597888
1789695223	114597888
1789695228	114597888
1789695233	114597888
1789695238	114597888
1789695243	114597888
1789695248	114597888
1789695253	114597888
1789695258	114597888
1789695263	114597888
1789695268	114597888
1789695273	114597888
1789695278	114597888
1789695283	114597888
1789695288	114597888
1789695293	114597888
1789695298	114597888
1789695303	114597888
1789695308	114597888
1789695313	114597888
1789695318	114597888
1789695323	114597888
1789695328	114597888
1789695333	114597888
1789695338	114597888
1789695343	114597888
1789695348	114597888
1789695353	114597888
1789695358	114597888
1789695363	114597888
1789695368	114597888
1789695373	114597888
1789695378	114597888
1789695383	114597888
1789695388	114597888
1789695393	114597888
1789695398	114597888
1789695403	114597888
1789695408	114597888
1789695413	114597888
1789695418	114597888
1789695423	114597888
1789695428	114597888
1789695433	114597888
1789695438	114597888
1789695443	114597888
1789695448	114597888
1789695453	114597888
1789695458	114597888
1789695463	114597888
1789695468	114597888
1789695473	114597888
1789695478	114597888
1789695483	114597888
1789695488	114597888
1789695493	114597888
1789695498	114597888
1789695503	114597888
1789695508	114597888
1789695513	114597888
1789695519	114597888
1789695524	114597888
1789695529	114597888
1789695534	114597888
1789695539	114597888
1789695544	114597888
1789695549	114597888
1789695554	114597888
1789695559	114597888
1789695564	114597888
1789695569	114597888
1789695574	114597888
1789695579	114597888
1789695584	114597888
1789695589	114597888
1789695594	114597888
1789695599	114597888
1789695604	114597888
1789695609	114597888
1789695614	114597888
1789695619	114597888
1789695624	114597888
1789695629	114597888
1789695634	114597888
1789695639	114597888
1789695644	114597888
1789695649	114597888
1789695654	114597888
1789695659	114597888
1789695664	114597888
1789695669	114597888
1789695674	114597888
1789695679	114597888
1789695684	114597888
1789695689	114597888
1789695694	114597888
1789695699	114597888
1789695704	114597888
1789695709	114597888
1789695714	114597888
1789695719	114597888
1789695724	114597888
1789695729	114597888
1789695734	114597888
1789695739	114597888
1789695744	114597888
1789695749	114597888
1789695754	114597888
1789695759	114597888
1789695764	114597888
1789695769	114597888
1789695774	114597888
1789695779	114597888
1789695784	114597888
1789695789	114597888
1789695794	114597888
1789695799	114597888
1789695804	114597888
1789695809	114597888
1789695814	114597888
1789695819	114597888
1789695824	114597888
1789695829	114597888
1789695834	114597888
1789695839	114597888
1789695844	114597888
1789695849	114597888
1789695854	114597888
1789695859	114597888
1789695864	114597888
1789695869	114597888
1789695874	114597888
1789695879	114597888
1789695884	114597888
1789695889	114597888
1789695894	114597888
1789695899	114597888
1789695904	114597888
1789695909	114597888
1789695914	114597888
1789695919	114597888
1789695924	114597888
1789695929	114597888
1789695934	114597888
1789695939	114597888
1789695944	114597888
1789695949	114597888
1789695954	114597888
1789695959	114597888
1789695964	114597888
1789695969	114597888
1789695974	114597888
1789695979	114597888
1789695984	114597888
1789695989	114597888
1789695994	114597888
1789695999	114597888
1789696004	114597888
1789696009	114597888
1789696014	114597888
1789696019	114597888
1789696024	114597888
1789696029	114597888
1789696034	114597888
1789696039	114597888
1789696044	114597888
1789696049	114597888
1789696054	114597888
1789696059	114597888
1789696064	114597888
1789696069	114597888
1789696074	114597888
1789696079	114597888
1789696084	114597888
1789696089	114597888
1789696094	114597888
1789696099	114597888
1789696104	114597888
1789696109	114597888
1789696114	114597888
1789696119	114597888
1789696124	114597888
1789696129	114597888
1789696134	114597888
1789696139	114597888
1789696144	114597888
1789696149	114597888
1789696154	114597888
1789696159	114597888
1789696164	114597888
1789696169	114597888
1789696174	114597888
1789696179	114597888
1789696184	114597888
1789696189	114597888
1789696194	114597888
1789696199	114597888
1789696204	114597888
1789696209	114597888
1789696214	114597888
1789696219	114597888
1789696224	114597888
1789696229	114597888
1789696234	114597888
1789696239	114597888
1789696244	114597888
1789696249	114597888
1789696254	114597888
1789696260	114597888
1789696265	114597888
1789696270	114597888
1789696275	114597888
1789696280	114597888
1789696285	114597888
1789696290	114597888
1789696295	114597888
1789696300	114597888
1789696305	114597888
1789696310	114597888
1789696315	114597888
1789696320	114597888
1789696325	114597888
1789696330	114597888
1789696335	114597888
1789696340	114597888
1789696345	114597888
1789696350	114597888
1789696355	114597888
1789696360	114597888
1789696365	114597888
1789696370	114597888
1789696375	114597888
1789696380	114597888
1789696385	114597888
1789696390	114597888
1789696395	114597888
1789696400	114597888
1789696405	114597888
1789696410	114597888
1789696415	114597888
1789696420	114597888
1789696425	114597888
1789696430	114597888
1789696435	114597888
1789696440	114597888
1789696445	114597888
1789696450	114597888
1789696455	114597888
1789696460	114597888
1789696465	114597888
1789696470	114597888
1789696475	114597888
1789696480	114597888
1789696485	114597888
1789696490	114597888
1789696495	114597888
1789696500	114597888
1789696505	114597888
1789696510	114597888
1789696515	114597888
1789696520	114597888
1789696525	114597888
1789696530	114597888
1789696535	114597888
1789696540	114597888
1789696545	114597888
1789696550	114597888
1789696555	114597888
1789696560	114597888
1789696565	114597888
1789696570	114597888
1789696575	114597888
1789696580	114597888
1789696585	114597888
1789696590	114597888
1789696595	114597888
1789696600	114597888
1789696605	114597888
1789696610	114597888
1789696615	114597888
1789696620	114597888
1789696625	114597888
1789696630	114597888
1789696635	114597888
1789696640	114597888
1789696645	114597888
1789696650	114597888
1789696655	114597888
1789696660	114597888
1789696665	114597888
1789696670	114597888
1789696675	114597888
1789696680	114597888
1789696685	114597888
1789696690	114597888
1789696695	114597888
1789696700	114597888
1789696705	114597888
1789696710	114597888
1789696715	114597888
1789696720	114597888
1789696725	114597888
1789696730	114597888
1789696735	114597888
1789696740	114597888
1789696745	114597888
1789696750	114597888
1789696755	114597888
1789696760	114597888
1789696765	114597888
1789696770	114597888
1789696775	114597888
1789696780	114597888
1789696785	114597888
1789696790	114597888
1789696795	114597888
1789696800	114597888
1789696805	114597888
1789696810	114597888
1789696815	114597888
1789696820	114597888
1789696825	114597888
1789696830	114597888
1789696835	114597888
1789696840	114597888
1789696845	114597888
1789696850	114597888
1789696855	114597888
1789696860	114597888
1789696865	114597888
1789696870	114597888
1789696875	114597888
1789696880	114597888
1789696885	114597888
1789696890	114597888
1789696895	114597888
1789696900	114597888
1789696905	114597888
1789696910	114597888
1789696915	114597888
1789696920	114597888
1789696925	114597888
1789696930	114597888
1789696935	114597888
1789696940	114597888
1789696945	114597888
1789696950	114597888
1789696955	114597888
1789696960	114597888
1789696965	114597888
1789696970	114597888
1789696975	114597888
1789696980	114597888
1789696985	114597888
1789696990	114597888
1789696995	114597888
1789697000	114597888
1789697005	114597888
1789697010	114597888
1789697016	114597888
1789697021	114597888
1789697026	114597888
1789697031	114597888
1789697036	114597888
1789697041	114597888
1789697046	114597888
1789697051	114597888
1789697056	114597888
1789697061	114597888
1789697066	114597888
1789697071	114597888
1789697076	114597888
1789697081	114597888
1789697086	114597888
1789697091	114597888
1789697096	114597888
1789697101	114597888
1789697106	114597888
1789697111	114597888
1789697116	114597888
1789697121	114597888
1789697126	114597888
1789697131	114597888
1789697136	114597888
1789697141	114597888
1789697146	114597888
1789697151	114597888
1789697156	114597888
1789697161	114597888
1789697166	114597888
1789697171	114597888
1789697176	114597888
1789697181	114597888
1789697186	114597888
1789697191	114597888
1789697196	114597888
1789697201	114597888
1789697206	114597888
1789697211	114597888
1789697216	114597888
1789697221	114597888
1789697226	114597888
1789697231	114597888
1789697236	114597888
1789697241	114597888
1789697246	114597888
1789697251	114597888
1789697256	114597888
1789697261	114597888
1789697266	114597888
1789697271	114597888
1789697276	114597888
1789697281	114597888
1789697286	114597888
1789697291	114597888
1789697296	114597888
1789697301	114597888
1789697306	114597888
1789697311	114597888
1789697316	114597888
1789697321	114597888
1789697326	114597888
1789697331	114597888
1789697336	114597888
1789697341	114597888
1789697346	114597888
1789697351	114597888
1789697356	114597888
1789697361	114597888
1789697366	114597888
1789697371	114597888
1789697376	114597888
1789697381	114597888
1789697386	114597888
1789697391	114597888
1789697396	114597888
1789697401	114597888
1789697406	114597888
1789697411	114597888
1789697416	114597888
1789697421	114597888
1789697426	114597888
1789697431	114597888
1789697436	114597888
1789697441	114597888
1789697446	114597888
1789697451	114597888
1789697456	114597888
1789697461	114597888
1789697466	114597888
1789697471	114597888
1789697476	114597888
1789697481	114597888
1789697486	114597888
1789697491	114597888
1789697496	114597888
1789697501	114597888
1789697506	114597888
1789697511	114597888
1789697516	114597888
1789697521	114597888
1789697526	114597888
1789697531	114597888
1789697536	114597888
1789697541	114597888
1789697546	114597888
1789697551	114597888
1789697556	114597888
1789697561	114597888
1789697566	114597888
1789697571	114597888
1789697576	114597888
1789697581	114597888
1789697586	114597888
1789697591	114597888
1789697596	114597888
1789697601	114597888
1789697606	114597888
1789697611	114597888
1789697616	114597888
1789697621	114597888
1789697626	114597888
1789697631	114597888
1789697636	114597888
1789697641	114597888
1789697646	114597888
1789697651	114597888
1789697656	114597888
1789697661	114597888
1789697666	114597888
1789697671	114597888
1789697676	114597888
1789697681	114597888
1789697686	114597888
1789697691	114597888
1789697696	114597888
1789697701	114597888
1789697706	114597888
1789697711	114597888
1789697716	114597888
1789697721	114597888
1789697726	114597888
1789697731	114597888
1789697736	114597888
1789697741	114597888
1789697746	114597888
1789697751	114597888
1789697756	114597888
1789697761	114597888
1789697767	114597888
1789697772	114597888
1789697777	114597888
1789697782	114597888
1789697787	114597888
1789697792	114597888
1789697797	114597888
1789697802	114597888
1789697807	114597888
1789697812	114597888
1789697817	114597888
1789697822	114597888
1789697827	114597888
1789697832	114597888
1789697837	114597888
1789697842	114597888
1789697847	114597888
1789697852	114597888
1789697857	114597888
1789697862	114597888
1789697867	114597888
1789697872	114597888
1789697877	114597888
1789697882	114597888
1789697887	114597888
1789697892	114597888
1789697897	114597888
1789697902	114597888
1789697907	114597888
1789697912	114597888
1789697917	114597888
1789697922	114597888
1789697927	114597888
1789697932	114597888
1789697937	114597888
1789697942	114597888
1789697947	114597888
1789697952	114597888
1789697957	114597888
1789697962	114597888
1789697967	114597888
1789697972	114597888
1789697977	114597888
1789697982	114597888
1789697987	114597888
1789697992	114597888
1789697997	114597888
1789698002	114597888
1789698007	114597888
1789698012	114597888
1789698017	114597888
1789698022	114597888
1789698027	114597888
1789698032	114597888
1789698037	114597888
1789698042	114597888
1789698047	114597888
1789698052	114597888
1789698057	114597888
1789698062	114597888
1789698067	114597888
1789698072	114597888
1789698077	114597888
1789698082	114597888
1789698087	114597888
1789698092	114597888
1789698097	114597888
1789698102	114597888
1789698107	114597888
1789698112	114597888
1789698117	114597888
1789698122	114597888
1789698127	114597888
1789698132	114597888
1789698137	114597888
1789698142	114597888
1789698147	114597888
1789698152	114597888
1789698157	114597888
1789698162	114597888
1789698167	114597888
1789698172	114597888
1789698177	114597888
1789698182	114597888
1789698187	114597888
1789698192	114597888
1789698197	114597888
1789698202	114597888
1789698207	114597888
1789698212	114597888
1789698217	114597888
1789698222	114597888
1789698227	114597888
1789698232	114597888
1789698237	114597888
1789698242	114597888
1789698247	114597888
1789698252	114597888
1789698257	114597888
1789698262	114597888
1789698267	114597888
1789698272	114597888
1789698277	114597888
1789698282	114597888
1789698287	114597888
1789698292	114597888
1789698297	114597888
1789698302	114597888
1789698307	114597888
1789698312	114597888
1789698317	114597888
1789698322	114597888
1789698327	114597888
1789698332	114597888
1789698337	114597888
1789698342	114597888
1789698347	114597888
1789698352	114597888
1789698357	114597888
1789698362	114597888
1789698367	114597888
1789698372	114597888
1789698377	114597888
1789698382	114597888
1789698387	114597888
1789698392	114597888
1789698397	114597888
1789698402	114597888
1789698407	114597888
1789698412	114597888
1789698417	114597888
1789698422	114597888
1789698427	114597888
1789698432	114597888
1789698437	114597888
1789698442	114597888
1789698447	114597888
1789698452	114597888
1789698457	114597888
1789698462	114597888
1789698467	114597888
1789698472	114597888
1789698477	114597888
1789698482	114597888
1789698487	114597888
1789698492	114597888
1789698497	114597888
1789698502	114597888
1789698507	114597888
1789698513	114597888
1789698518	114597888
1789698523	114597888
1789698528	114597888
1789698533	114597888
1789698538	114597888
1789698543	114597888
1789698548	114597888
1789698553	114597888
1789698558	114597888
1789698563	114597888
1789698568	114597888
1789698573	114597888
1789698578	114597888
1789698583	114597888
1789698588	114597888
1789698593	114597888
1789698598	114597888
1789698603	114597888
1789698608	114597888
1789698613	114597888
1789698618	114597888
1789698623	114597888
1789698628	114597888
1789698633	114597888
1789698638	114597888
1789698643	114597888
1789698648	114597888
1789698653	114597888
1789698658	114597888
1789698663	114597888
1789698668	114597888
1789698673	114597888
1789698678	114597888
1789698683	114597888
1789698688	114597888
1789698693	114597888
1789698698	114597888
1789698703	114597888
1789698708	114597888
1789698713	114597888
1789698718	114597888
1789698723	114597888
1789698728	114597888
1789698733	114597888
1789698738	114597888
1789698743	114597888
1789698748	114597888
1789698753	114597888
1789698758	114597888
1789698763	114597888
1789698768	114597888
1789698773	114597888
1789698778	114597888
1789698783	114597888
1789698788	114597888
1789698793	114597888
1789698798	114597888
1789698803	114597888
1789698808	114597888
1789698813	114597888
1789698818	114597888
1789698823	114597888
1789698828	114597888
1789698833	114597888
1789698838	114597888
1789698843	114597888
1789698848	114597888
1789698853	114597888
1789698858	114597888
1789698863	114597888
1789698868	114597888
1789698873	114597888
1789698878	114597888
1789698883	114597888
1789698888	114597888
1789698893	114597888
1789698898	114597888
1789698903	114597888
1789698908	114597888
1789698913	114597888
1789698918	114597888
1789698923	114597888
1789698928	114597888
1789698933	114597888
1789698938	114597888
1789698943	114597888
1789698948	114597888
1789698953	114597888
1789698958	114597888
1789698963	114597888
1789698968	114597888
1789698973	114597888
1789698978	114597888
1789698983	114597888
1789698988	114597888
1789698993	114597888
1789698998	114597888
1789699003	114597888
1789699008	114597888
1789699013	114597888
1789699018	114597888
1789699023	114597888
1789699028	114597888
1789699033	114597888
1789699038	114597888
1789699043	114597888
1789699048	114597888
1789699053	114597888
1789699058	114597888
1789699063	114597888
1789699068	114597888
1789699073	114597888
1789699078	114597888
1789699083	114597888
1789699088	114597888
1789699093	114597888
1789699098	114597888
1789699103	114597888
1789699108	114597888
1789699113	114597888
1789699118	114597888
1789699123	114597888
1789699128	114597888
1789699133	114597888
1789699138	114597888
1789699143	114597888
1789699148	114597888
1789699153	114597888
1789699158	114597888
1789699163	114597888
1789699168	114597888
1789699173	114597888
1789699178	114597888
1789699183	114597888
1789699188	114597888
1789699193	114597888
1789699198	114597888
1789699203	114597888
1789699208	114597888
1789699213	114597888
1789699218	114597888
1789699223	114597888
1789699228	114597888
1789699233	114597888
1789699238	114597888
1789699243	114597888
1789699248	114597888
1789699253	114597888
1789699258	114597888
1789699264	114597888
1789699269	114597888
1789699274	114597888
1789699279	114597888
1789699284	114597888
1789699289	114597888
1789699294	114597888
1789699299	114597888
1789699304	114597888
1789699309	114597888
1789699314	114597888
1789699319	114597888
1789699324	114597888
1789699329	114597888
1789699334	114597888
1789699339	114597888
1789699344	114597888
1789699349	114597888
1789699354	114597888
1789699359	114597888
1789699364	114597888
1789699369	114597888
1789699374	114597888
1789699379	114597888
1789699384	114597888
1789699389	114597888
1789699394	114597888
1789699399	114597888
1789699404	114597888
1789699409	114597888
1789699414	114597888
1789699419	114597888
1789699424	114597888
1789699429	114597888
1789699434	114597888
1789699439	114597888
1789699444	114597888
1789699449	114597888
1789699454	114597888
1789699459	114597888
1789699464	114597888
1789699469	114597888
1789699474	114597888
1789699479	114597888
1789699484	114597888
1789699489	114597888
1789699494	114597888
1789699499	114597888
1789699504	114597888
1789699509	114597888
1789699514	114597888
1789699519	114597888
1789699524	114597888
1789699529	114597888
1789699534	114597888
1789699539	114597888
1789699544	114597888
1789699549	114597888
1789699554	114597888
1789699559	114597888
1789699564	114597888
1789699569	114597888
1789699574	114597888
1789699579	114597888
1789699584	114597888
1789699589	114597888
1789699594	114597888
1789699599	114597888
1789699604	114597888
1789699609	114597888
1789699614	114597888
1789699619	114597888
1789699624	114597888
1789699629	114597888
1789699634	114597888
1789699639	114597888
1789699644	114597888
1789699649	114597888
1789699654	114597888
1789699659	114597888
1789699664	114597888
1789699669	114597888
1789699674	114597888
1789699679	114597888
1789699684	114597888
1789699689	114597888
1789699694	114597888
1789699699	114597888
1789699704	114597888
1789699709	114597888
1789699714	114597888
1789699719	114597888
1789699724	114597888
1789699729	114597888
1789699734	114597888
1789699739	114597888
1789699744	114597888
1789699749	114597888
1789699754	114597888
1789699759	114597888
1789699764	114597888
1789699769	114597888
1789699774	114597888
1789699779	114597888
1789699784	114597888
1789699789	114597888
1789699794	114597888
1789699799	114597888
1789699804	114597888
1789699809	114597888
1789699814	114597888
1789699819	114597888
1789699824	114597888
1789699829	114597888
1789699834	114597888
1789699839	114597888
1789699844	114597888
1789699849	114597888
1789699854	114597888
1789699859	114597888
1789699864	114597888
1789699869	114597888
1789699874	114597888
1789699879	114597888
1789699884	114597888
1789699889	114597888
1789699894	114597888
1789699899	114597888
1789699904	114597888
1789699909	114597888
1789699914	114597888
1789699919	114597888
1789699924	114597888
1789699929	114597888
1789699934	114597888
1789699939	114597888
1789699944	114597888
1789699949	114597888
1789699954	114597888
1789699959	114597888
1789699964	114597888
1789699969	114597888
1789699974	114597888
1789699979	114597888
1789699984	114597888
1789699989	114597888
1789699994	114597888
1789700000	114597888
1789700005	114597888
1789700010	114597888
1789700015	114597888
1789700020	114597888
1789700025	114597888
1789700030	114597888
1789700035	114597888
1789700040	114597888
1789700045	114597888
1789700050	114597888
1789700055	114597888
1789700060	114597888
1789700065	114597888
1789700070	114597888
1789700075	114597888
1789700080	114597888
1789700085	114597888
1789700090	114597888
1789700095	114597888
1789700100	114597888
1789700105	114597888
1789700110	114597888
1789700115	114597888
1789700120	114597888
1789700125	114597888
1789700130	114597888
1789700135	114597888
1789700140	114597888
1789700145	114597888
1789700150	114597888
1789700155	114597888
1789700160	114597888
1789700165	114597888
1789700170	114597888
1789700175	114597888
1789700180	114597888
1789700185	114597888
1789700190	114597888
1789700195	114597888
1789700200	114597888
1789700205	114597888
1789700210	114597888
1789700215	114597888
1789700220	114597888
1789700225	114597888
1789700230	114597888
1789700235	114597888
1789700240	114597888
1789700245	114597888
1789700250	114597888
1789700255	114597888
1789700260	114597888
1789700265	114597888
1789700270	114597888
1789700275	114597888
1789700280	114597888
1789700285	114597888
1789700290	114597888
1789700295	114597888
1789700300	114597888
1789700305	114597888
1789700310	114597888
1789700315	114597888
1789700320	114597888
1789700325	114597888
1789700330	114597888
1789700335	114597888
1789700340	114597888
1789700345	114597888
1789700350	114597888
1789700355	114597888
1789700360	114597888
1789700365	114597888
1789700370	114597888
1789700375	114597888
1789700380	114597888
1789700385	114597888
1789700390	114597888
1789700395	114597888
1789700400	114597888
1789700405	114597888
1789700410	114597888
1789700415	114597888
1789700420	114597888
1789700425	114597888
1789700430	114597888
1789700435	114597888
1789700440	114597888
1789700445	114597888
1789700450	114597888
1789700455	114597888
1789700460	114597888
1789700465	114597888
1789700470	114597888
1789700475	114597888
1789700480	114597888
1789700485	114597888
1789700490	114597888
1789700495	114597888
1789700500	114597888
1789700505	114597888
1789700510	114597888
1789700515	114597888
1789700520	114597888
1789700525	114597888
1789700530	114597888
1789700535	114597888
1789700540	114597888
1789700545	114597888
1789700550	114597888
1789700555	114597888
1789700560	114597888
1789700565	114597888
1789700570	114597888
1789700575	114597888
1789700580	114597888
1789700585	114597888
1789700590	114597888
1789700595	114597888
1789700600	114597888
1789700605	114597888
1789700610	114597888
1789700615	114597888
1789700620	114597888
1789700625	114597888
1789700630	114597888
1789700635	114597888
1789700640	114597888
1789700645	114597888
1789700650	114597888
1789700655	114597888
1789700660	114597888
1789700665	114597888
1789700670	114597888
1789700675	114597888
1789700680	114597888
1789700685	114597888
1789700690	114597888
1789700695	114597888
1789700700	114597888
1789700705	114597888
1789700710	114597888
1789700715	114597888
1789700720	114597888
1789700725	114597888
1789700730	114597888
1789700735	114597888
1789700740	114597888
1789700746	114597888
1789700751	114597888
1789700756	114597888
1789700761	114597888
1789700766	114597888
1789700771	114597888
1789700776	114597888
1789700781	114597888
1789700786	114597888
1789700791	114597888
1789700796	114597888
1789700801	114597888
1789700806	114597888
1789700811	114597888
1789700816	114597888
1789700821	114597888
1789700826	114597888
1789700831	114597888
1789700836	114597888
1789700841	114597888
1789700846	114597888
1789700851	114597888
1789700856	114597888
1789700861	114597888
1789700866	114597888
1789700871	114597888
1789700876	114597888
1789700881	114597888
1789700886	114597888
1789700891	114597888
1789700896	114597888
1789700901	114597888
1789700906	114597888
1789700911	114597888
1789700916	114597888
1789700921	114597888
1789700926	114597888
1789700931	114597888
1789700936	114597888
1789700941	114597888
1789700946	114597888
1789700951	114597888
1789700956	114597888
1789700961	114597888
1789700966	114597888
1789700971	114597888
1789700976	114597888
1789700981	114597888
1789700986	114597888
1789700991	114597888
1789700996	114597888
1789701001	114597888
1789701006	114597888
1789701011	114597888
1789701016	114597888
1789701021	114597888
1789701026	114597888
1789701031	114597888
1789701036	114597888
1789701041	114597888
1789701046	114597888
1789701051	114597888
1789701056	114597888
1789701061	114597888
1789701066	114597888
1789701071	114597888
1789701076	114597888
1789701081	114597888
1789701086	114597888
1789701091	114597888
1789701096	114597888
1789701101	114597888
1789701106	114597888
1789701111	114597888
1789701116	114597888
1789701121	114597888
1789701126	114597888
1789701131	114597888
1789701136	114597888
1789701141	114597888
1789701146	114597888
1789701151	114597888
1789701156	114597888
1789701161	114597888
1789701166	114597888
1789701171	114597888
1789701176	114597888
1789701181	114597888
1789701186	114597888
1789701191	114597888
1789701196	114597888
1789701201	114597888
1789701206	114597888
1789701211	114597888
1789701216	114597888
1789701221	114597888
1789701226	114597888
1789701231	114597888
1789701236	114597888
1789701241	114597888
1789701246	114597888
1789701251	114597888
1789701256	114597888
1789701261	114597888
1789701266	114597888
1789701271	114597888
1789701276	114597888
1789701281	114597888
1789701286	114597888
1789701291	114597888
1789701296	114597888
1789701301	114597888
1789701306	114597888
1789701311	114597888
1789701316	114597888
1789701321	114597888
1789701326	114597888
1789701331	114597888
1789701336	114597888
1789701341	114597888
1789701346	114597888
1789701351	114597888
1789701356	114597888
1789701361	114597888
1789701366	114597888
1789701371	114597888
1789701376	114597888
1789701381	114597888
1789701386	114597888
1789701391	114597888
1789701396	114597888
1789701401	114597888
1789701406	114597888
1789701411	114597888
1789701416	114597888
1789701421	114597888
1789701426	114597888
1789701431	114597888
1789701436	114597888
1789701441	114597888
1789701446	114597888
1789701451	114597888
1789701456	114597888
1789701461	114597888
1789701466	114597888
1789701471	114597888
1789701476	114597888
1789701481	114597888
1789701486	114597888
1789701492	114597888
1789701497	114597888
1789701502	114597888
1789701507	114597888
1789701512	114597888
1789701517	114597888
1789701522	114597888
1789701527	114597888
1789701532	114597888
1789701537	114597888
1789701542	114597888
1789701547	114597888
1789701552	114597888
1789701557	114597888
1789701562	114597888
1789701567	114597888
1789701572	114597888
1789701577	114597888
1789701582	114597888
1789701587	114597888
1789701592	114597888
1789701597	114597888
1789701602	114597888
1789701607	114597888
1789701612	114597888
1789701617	114597888
1789701622	114597888
1789701627	114597888
1789701632	114597888
1789701637	114597888
1789701642	114597888
1789701647	114597888
1789701652	114597888
1789701657	114597888
1789701662	114597888
1789701667	114597888
1789701672	114597888
1789701677	114597888
1789701682	114597888
1789701687	114597888
1789701692	114597888
1789701697	114597888
1789701702	114597888
1789701707	114597888
1789701712	114597888
1789701717	114597888
1789701722	114597888
1789701727	114597888
1789701732	114597888
1789701737	114597888
1789701742	114597888
1789701747	114597888
1789701752	114597888
1789701757	114597888
1789701762	114597888
1789701767	114597888
1789701772	114597888
1789701777	114597888
1789701782	114597888
1789701787	114597888
1789701792	114597888
1789701797	114597888
1789701802	114597888
1789701807	114597888
1789701812	114597888
1789701817	114597888
1789701822	114597888
1789701827	114597888
1789701832	114597888
1789701837	114597888
1789701842	114597888
1789701847	114597888
1789701852	114597888
1789701857	114597888
1789701862	114597888
1789701867	114597888
1789701872	114597888
1789701877	114597888
1789701882	114597888
1789701887	114597888
1789701892	114597888
1789701897	114597888
1789701902	114597888
1789701907	114597888
1789701912	114597888
1789701917	114597888
1789701922	114597888
1789701927	114597888
1789701932	114597888
1789701937	114597888
1789701942	114597888
1789701947	114597888
1789701952	114597888
1789701957	114597888
1789701962	114597888
1789701967	114597888
1789701972	114597888
1789701977	114597888
1789701982	114597888
1789701987	114597888
1789701992	114597888
1789701997	114597888
1789702002	114597888
1789702007	114597888
1789702012	114597888
1789702017	114597888
1789702022	114597888
1789702027	114597888
1789702032	114597888
1789702037	114597888
1789702042	114597888
1789702047	114597888
1789702052	114597888
1789702057	114597888
1789702062	114597888
1789702067	114597888
1789702072	114597888
1789702077	114597888
1789702082	114597888
1789702087	114597888
1789702092	114597888
1789702097	114597888
1789702102	114597888
1789702107	114597888
1789702112	114597888
1789702117	114597888
1789702122	114597888
1789702127	114597888
1789702132	114597888
1789702137	114597888
1789702142	114597888
1789702147	114597888
1789702152	114597888
1789702157	114597888
1789702162	114597888
1789702167	114597888
1789702172	114597888
1789702177	114597888
1789702182	114597888
1789702187	114597888
1789702192	114597888
1789702197	114597888
1789702202	114597888
1789702207	114597888
1789702212	114597888
1789702217	114597888
1789702222	114597888
1789702227	114597888
1789702232	114597888
1789702238	114597888
1789702243	114597888
1789702248	114597888
1789702253	114597888
1789702258	114597888
1789702263	114597888
1789702268	114597888
1789702273	114597888
1789702278	114597888
1789702283	114597888
1789702288	114597888
1789702293	114597888
1789702298	114597888
1789702303	114597888
1789702308	114597888
1789702313	114597888
1789702318	114597888
1789702323	114597888
1789702328	114597888
1789702333	114597888
1789702338	114597888
1789702343	114597888
1789702348	114597888
1789702353	114597888
1789702358	114597888
1789702363	114597888
1789702368	114597888
1789702373	114597888
1789702378	114597888
1789702383	114597888
1789702388	114597888
1789702393	114597888
1789702398	114597888
1789702403	114597888
1789702408	114597888
1789702413	114597888
1789702418	114597888
1789702423	114597888
1789702428	114597888
1789702433	114597888
1789702438	114597888
1789702443	114597888
1789702448	114597888
1789702453	114597888
1789702458	114597888
1789702463	114597888
1789702468	114597888
1789702473	114597888
1789702478	114597888
1789702483	114597888
1789702488	114597888
1789702493	114597888
1789702498	114597888
1789702503	114597888
1789702508	114597888
1789702513	114597888
1789702518	114597888
1789702523	114597888
1789702528	114597888
1789702533	114597888
1789702538	114597888
1789702543	114597888
1789702548	114597888
1789702553	114597888
1789702558	114597888
1789702563	114597888
1789702568	114597888
1789702573	114597888
1789702578	114597888
1789702583	114597888
1789702588	114597888
1789702593	114597888
1789702598	114597888
1789702603	114597888
1789702608	114597888
1789702613	114597888
1789702618	114597888
1789702623	114597888
1789702628	114597888
1789702633	114597888
1789702638	114597888
1789702643	114597888
1789702648	114597888
1789702653	114597888
1789702658	114597888
1789702663	114597888
1789702668	114597888
1789702673	114597888
1789702678	114597888
1789702683	114597888
1789702688	114597888
1789702693	114597888
1789702698	114597888
1789702703	114597888
1789702708	114597888
1789702713	114597888
1789702718	114597888
1789702723	114597888
1789702728	114597888
1789702733	114597888
1789702738	114597888
1789702743	114597888
1789702748	114597888
1789702753	114597888
1789702758	114597888
1789702763	114597888
1789702768	114597888
1789702773	114597888
1789702778	114597888
1789702783	114597888
1789702788	114597888
1789702793	114597888
1789702798	114597888
1789702803	114597888
1789702808	114597888
1789702813	114597888
1789702818	114597888
1789702823	114597888
1789702828	114597888
1789702833	114597888
1789702838	114597888
1789702843	114597888
1789702848	114597888
1789702853	114597888
1789702858	114597888
1789702863	114597888
1789702868	114597888
1789702873	114597888
1789702878	114597888
1789702883	114597888
1789702888	114597888
1789702893	114597888
1789702898	114597888
1789702903	114597888
1789702908	114597888
1789702913	114597888
1789702918	114597888
1789702923	114597888
1789702928	114597888
1789702933	114597888
1789702938	114597888
1789702943	114597888
1789702948	114597888
1789702953	114597888
1789702958	114597888
1789702963	114597888
1789702968	114597888
1789702973	114597888
1789702979	114597888
1789702984	114597888
1789702989	114597888
1789702994	114597888
1789702999	114597888
1789703004	114597888
1789703009	114597888
1789703014	114597888
1789703019	114597888
1789703024	114597888
1789703029	114597888
1789703034	114597888
1789703039	114597888
1789703044	114597888
1789703049	114597888
1789703054	114597888
1789703059	114597888
1789703064	114597888
1789703069	114597888
1789703074	114597888
1789703079	114597888
1789703084	114597888
1789703089	114597888
1789703094	114597888
1789703099	114597888
1789703104	114597888
1789703109	114597888
1789703114	114597888
1789703119	114597888
1789703124	114597888
1789703129	114597888
1789703134	114597888
1789703139	114597888
1789703144	114597888
1789703149	114597888
1789703154	114597888
1789703159	114597888
1789703164	114597888
1789703169	114597888
1789703174	114597888
1789703179	114597888
1789703184	114597888
1789703189	114597888
1789703194	114597888
1789703199	114597888
1789703204	114597888
1789703209	114597888
1789703214	114597888
1789703219	114597888
1789703224	114597888
1789703229	114597888
1789703234	114597888
1789703239	114597888
1789703244	114597888
1789703249	114597888
1789703254	114597888
1789703259	114597888
1789703264	114597888
1789703269	114597888
1789703274	114597888
1789703279	114597888
1789703284	114597888
1789703289	114597888
1789703294	114597888
1789703299	114597888
1789703304	114597888
1789703309	114597888
1789703314	114597888
1789703319	114597888
1789703324	114597888
1789703329	114597888
1789703334	114597888
1789703339	114597888
1789703344	114597888
1789703349	114597888
1789703354	114597888
1789703359	114597888
1789703364	114597888
1789703369	114597888
1789703374	114597888
1789703379	114597888
1789703384	114597888
1789703389	114597888
1789703394	114597888
1789703399	114597888
1789703404	114597888
1789703409	114597888
1789703414	114597888
1789703419	114597888
1789703424	114597888
1789703429	114597888
1789703434	114597888
1789703439	114597888
1789703444	114597888
1789703449	114597888
1789703454	114597888
1789703459	114597888
1789703464	114597888
1789703469	114597888
1789703474	114597888
1789703479	114597888
1789703484	114597888
1789703489	114597888
1789703494	114597888
1789703499	114597888
1789703504	114597888
1789703509	114597888
1789703514	114597888
1789703519	114597888
1789703524	114597888
1789703529	114597888
1789703534	114597888
1789703539	114597888
1789703544	114597888
1789703549	114597888
1789703554	114597888
1789703559	114597888
1789703564	114597888
1789703569	114597888
1789703574	114597888
1789703579	114597888
1789703584	114597888
1789703589	114597888
1789703594	114597888
1789703599	114597888
1789703604	114597888
1789703609	114597888
1789703614	114597888
1789703619	114597888
1789703624	114597888
1789703629	114597888
1789703634	114597888
1789703639	114597888
1789703644	114597888
1789703649	114597888
1789703654	114597888
1789703659	114597888
1789703664	114597888
1789703669	114597888
1789703674	114597888
1789703679	114597888
1789703684	114597888
1789703689	114597888
1789703694	114597888
1789703699	114597888
1789703704	114597888
1789703709	114597888
1789703714	114597888
1789703719	114597888
1789703725	114597888
1789703730	114597888
1789703735	114597888
1789703740	114597888
1789703745	114597888
1789703750	114597888
1789703755	114597888
1789703760	114597888
1789703765	114597888
1789703770	114597888
1789703775	114597888
1789703780	114597888
1789703785	114597888
1789703790	114597888
1789703795	114597888
1789703800	114597888
1789703805	114597888
1789703810	114597888
1789703815	114597888
1789703820	114597888
1789703825	114597888
1789703830	114597888
1789703835	114597888
1789703840	114597888
1789703845	114597888
1789703850	114597888
1789703855	114597888
1789703860	114597888
1789703865	114597888
1789703870	114597888
1789703875	114597888
1789703880	114597888
1789703885	114597888
1789703890	114597888
1789703895	114597888
1789703900	114597888
1789703905	114597888
1789703910	114597888
1789703915	114597888
1789703920	114597888
1789703925	114597888
1789703930	114597888
1789703935	114597888
1789703940	114597888
1789703945	114597888
1789703950	114597888
1789703955	114597888
1789703960	114597888
1789703965	114597888
1789703970	114597888
1789703975	114597888
1789703980	114597888
1789703985	114597888
1789703990	114597888
1789703995	114597888
1789704000	114597888
1789704005	114597888
1789704010	114597888
1789704015	114597888
1789704020	114597888
1789704025	114597888
1789704030	114597888
1789704035	114597888
1789704040	114597888
1789704045	114597888
1789704050	114597888
1789704055	114597888
1789704060	114597888
1789704065	114597888
1789704070	114597888
1789704075	114597888
1789704080	114597888
1789704085	114597888
1789704090	114597888
1789704095	114597888
1789704100	114597888
1789704105	114597888
1789704110	114597888
1789704115	114597888
1789704120	114597888
1789704125	114597888
1789704130	114597888
1789704135	114597888
1789704140	114597888
1789704145	114597888
1789704150	114597888
1789704155	114597888
1789704160	114597888
1789704165	114597888
1789704170	114597888
1789704175	114597888
1789704180	114597888
1789704185	114597888
1789704190	114597888
1789704195	114597888
1789704200	114597888
1789704205	114597888
1789704210	114597888
1789704215	114597888
1789704220	114597888
1789704225	114597888
1789704230	114597888
1789704235	114597888
1789704240	114597888
1789704245	114597888
1789704250	114597888
1789704255	114597888
1789704260	114597888
1789704265	114597888
1789704270	114597888
1789704275	114597888
1789704280	114597888
1789704285	114597888
1789704290	114597888
1789704295	114597888
1789704300	114597888
1789704305	114597888
1789704310	114597888
1789704315	114597888
1789704320	114597888
1789704325	114597888
1789704330	114597888
1789704335	114597888
1789704340	114597888
1789704345	114597888
1789704350	114597888
1789704355	114597888
1789704360	114597888
1789704365	114597888
1789704370	114597888
1789704375	114597888
1789704380	114597888
1789704385	114597888
1789704390	114597888
1789704395	114597888
1789704400	114597888
1789704405	114597888
1789704410	114597888
1789704415	114597888
1789704420	114597888
1789704425	114597888
1789704430	114597888
1789704435	114597888
1789704440	114597888
1789704445	114597888
1789704450	114597888
1789704455	114597888
1789704460	114597888
1789704466	114597888
1789704471	114597888
1789704476	114597888
1789704481	114597888
1789704486	114597888
1789704491	114597888
1789704496	114597888
1789704501	114597888
1789704506	114597888
1789704511	114597888
1789704516	114597888
1789704521	114597888
1789704526	114597888
1789704531	114597888
1789704536	114597888
1789704541	114597888
1789704546	114597888
1789704551	114597888
1789704556	114597888
1789704561	114597888
1789704566	114597888
1789704571	114597888
1789704576	114597888
1789704581	114597888
1789704586	114597888
1789704591	114597888
1789704596	114597888
1789704601	114597888
1789704606	114597888
1789704611	114597888
1789704616	114597888
1789704621	114597888
1789704626	114597888
1789704631	114597888
1789704636	114597888
1789704641	114597888
1789704646	114597888
1789704651	114597888
1789704656	114597888
1789704661	114597888
1789704666	114597888
1789704671	114597888
1789704676	114597888
1789704681	114597888
1789704686	114597888
1789704691	114597888
1789704696	114597888
1789704701	114597888
1789704706	114597888
1789704711	114597888
1789704716	114597888
1789704721	114597888
1789704726	114597888
1789704731	114597888
1789704736	114597888
1789704741	114597888
1789704746	114597888
1789704751	114597888
1789704756	114597888
1789704761	114597888
1789704766	114597888
1789704771	114597888
1789704776	114597888
1789704781	114597888
1789704786	114597888
1789704791	114597888
1789704796	114597888
1789704801	114597888
1789704806	114597888
1789704811	114597888
1789704816	114597888
1789704821	114597888
1789704826	114597888
1789704831	114597888
1789704836	114597888
1789704841	114597888
1789704846	114597888
1789704851	114597888
1789704856	114597888
1789704861	114597888
1789704866	114597888
1789704871	114597888
1789704876	114597888
1789704881	114597888
1789704886	114597888
1789704891	114597888
1789704896	114597888
1789704901	114597888
1789704906	114597888
1789704911	114597888
1789704916	114597888
1789704921	114597888
1789704926	114597888
1789704931	114597888
1789704936	114597888
1789704941	114597888
1789704946	114597888
1789704951	114597888
1789704956	114597888
1789704961	114597888
1789704966	114597888
1789704971	114597888
1789704976	114597888
1789704981	114597888
1789704986	114597888
1789704991	114597888
1789704996	114597888
1789705001	114597888
1789705006	114597888
1789705011	114597888
1789705016	114597888
1789705021	114597888
1789705026	114597888
1789705031	114597888
1789705036	114597888
1789705041	114597888
1789705046	114597888
1789705051	114597888
1789705056	114597888
1789705061	114597888
1789705066	114597888
1789705071	114597888
1789705076	114597888
1789705081	114597888
1789705086	114597888
1789705091	114597888
1789705096	114597888
1789705101	114597888
1789705106	114597888
1789705111	114597888
1789705116	114597888
1789705121	114597888
1789705126	114597888
1789705131	114597888
1789705136	114597888
1789705141	114597888
1789705146	114597888
1789705151	114597888
1789705156	114597888
1789705161	114597888
1789705166	114597888
1789705171	114597888
1789705176	114597888
1789705181	114597888
1789705186	114597888
1789705191	114597888
1789705196	114597888
1789705201	114597888
1789705207	114597888
1789705212	114597888
1789705217	114597888
1789705222	114597888
1789705227	114597888
1789705232	114597888
1789705237	114597888
1789705242	114597888
1789705247	114597888
1789705252	114597888
1789705257	114597888
1789705262	114597888
1789705267	114597888
1789705272	114597888
1789705277	114597888
1789705282	114597888
1789705287	114597888
1789705292	114597888
1789705297	114597888
1789705302	114597888
1789705307	114597888
1789705312	114597888
1789705317	114597888
1789705322	114597888
1789705327	114597888
1789705332	114597888
1789705337	114597888
1789705342	114597888
1789705347	114597888
1789705352	114597888
1789705357	114597888
1789705362	114597888
1789705367	114597888
1789705372	114597888
1789705377	114597888
1789705382	114597888
1789705387	114597888
1789705392	114597888
1789705397	114597888
1789705402	114597888
1789705407	114597888
1789705412	114597888
1789705417	114597888
1789705422	114597888
1789705427	114597888
1789705432	114597888
1789705437	114597888
1789705442	114597888
1789705447	114597888
1789705452	114597888
1789705457	114597888
1789705462	114597888
1789705467	114597888
1789705472	114597888
1789705477	114597888
1789705482	114597888
1789705487	114597888
1789705492	114597888
1789705497	114597888
1789705502	114597888
1789705507	114597888
1789705512	114597888
1789705517	114597888
1789705522	114597888
1789705527	114597888
1789705532	114597888
1789705537	114597888
1789705542	114597888
1789705547	114597888
1789705552	114597888
1789705557	114597888
1789705562	114597888
1789705567	114597888
1789705572	114597888
1789705577	114597888
1789705582	114597888
1789705587	114597888
1789705592	114597888
1789705597	114597888
1789705602	114597888
1789705607	114597888
1789705612	114597888
1789705617	114597888
1789705622	114597888
1789705627	114597888
1789705632	114597888
1789705637	114597888
1789705642	114597888
1789705647	114597888
1789705652	114597888
1789705657	114597888
1789705662	114597888
1789705667	114597888
1789705672	114597888
1789705677	114597888
1789705682	114597888
1789705687	114597888
1789705692	114597888
1789705697	114597888
1789705702	114597888
1789705707	114597888
1789705712	114597888
1789705717	114597888
1789705722	114597888
1789705727	114597888
1789705732	114597888
1789705737	114597888
1789705742	114597888
1789705747	114597888
1789705752	114597888
1789705757	114597888
1789705762	114597888
1789705767	114597888
1789705772	114597888
1789705777	114597888
1789705782	114597888
1789705787	114597888
1789705792	114597888
1789705797	114597888
1789705802	114597888
1789705807	114597888
1789705812	114597888
1789705817	114597888
1789705822	114597888
1789705827	114597888
1789705832	114597888
1789705837	114597888
1789705842	114597888
1789705847	114597888
1789705852	114597888
1789705857	114597888
1789705862	114597888
1789705867	114597888
1789705872	114597888
1789705877	114597888
1789705882	114597888
1789705887	114597888
1789705892	114597888
1789705897	114597888
1789705902	114597888
1789705907	114597888
1789705912	114597888
1789705917	114597888
1789705922	114597888
1789705927	114597888
1789705932	114597888
1789705937	114597888
1789705942	114597888
1789705947	114597888
1789705952	114597888
1789705958	114597888
1789705963	114597888
1789705968	114597888
1789705973	114597888
1789705978	114597888
1789705983	114597888
1789705988	114597888
1789705993	114597888
1789705998	114597888
1789706003	114597888
1789706008	114597888
1789706013	114597888
1789706018	114597888
1789706023	114597888
1789706028	114597888
1789706033	114597888
1789706038	114597888
1789706043	114597888
1789706048	114597888
1789706053	114597888
1789706058	114597888
1789706063	114597888
1789706068	114597888
1789706073	114597888
1789706078	114597888
1789706083	114597888
1789706088	114597888
1789706093	114597888
1789706098	114597888
1789706103	114597888
1789706108	114597888
1789706113	114597888
1789706118	114597888
1789706123	114597888
1789706128	114597888
1789706133	114597888
1789706138	114597888
1789706143	114597888
1789706148	114597888
1789706153	114597888
1789706158	114597888
1789706163	114597888
1789706168	114597888
1789706173	114597888
1789706178	114597888
1789706183	114597888
1789706188	114597888
1789706193	114597888
1789706198	114597888
1789706203	114597888
1789706208	114597888
1789706213	114597888
1789706218	114597888
1789706223	114597888
1789706228	114597888
1789706233	114597888
1789706238	114597888
1789706243	114597888
1789706248	114597888
1789706253	114597888
1789706258	114597888
1789706263	114597888
1789706268	114597888
1789706273	114597888
1789706278	114597888
1789706283	114597888
1789706288	114597888
1789706293	114597888
1789706298	114597888
1789706303	114597888
1789706308	114597888
1789706313	114597888
1789706318	114597888
1789706323	114597888
1789706328	114597888
1789706333	114597888
1789706338	114597888
1789706343	114597888
1789706348	114597888
1789706353	114597888
1789706358	114597888
1789706363	114597888
1789706368	114597888
1789706373	114597888
1789706378	114597888
1789706383	114597888
1789706388	114597888
1789706393	114597888
1789706398	114597888
1789706403	114597888
1789706408	114597888
1789706413	114597888
1789706418	114597888
1789706423	114597888
1789706428	114597888
1789706433	114597888
1789706438	114597888
1789706443	114597888
1789706448	114597888
1789706453	114597888
1789706458	114597888
1789706463	114597888
1789706468	114597888
1789706473	114597888
1789706478	114597888
1789706483	114597888
1789706488	114597888
1789706493	114597888
1789706498	114597888
1789706503	114597888
1789706508	114597888
1789706513	114597888
1789706518	114597888
1789706523	114597888
1789706528	114597888
1789706533	114597888
1789706538	114597888
1789706543	114597888
1789706548	114597888
1789706553	114597888
1789706558	114597888
1789706563	114597888
1789706568	114597888
1789706573	114597888
1789706578	114597888
1789706583	114597888
1789706588	114597888
1789706593	114597888
1789706598	114597888
1789706603	114597888
1789706608	114597888
1789706613	114597888
1789706618	114597888
1789706623	114597888
1789706628	114597888
1789706633	114597888
1789706638	114597888
1789706643	114597888
1789706648	114597888
1789706653	114597888
1789706658	114597888
1789706663	114597888
1789706668	114597888
1789706673	114597888
1789706678	114597888
1789706683	114597888
1789706688	114597888
1789706693	114597888
1789706698	114597888
1789706704	114597888
1789706709	114597888
1789706714	114597888
1789706719	114597888
1789706724	114597888
1789706729	114597888
1789706734	114597888
1789706739	114597888
1789706744	114597888
1789706749	114597888
1789706754	114597888
1789706759	114597888
1789706764	114597888
1789706769	114597888
1789706774	114597888
1789706779	114597888
1789706784	114597888
1789706789	114597888
1789706794	114597888
1789706799	114597888
1789706804	114597888
1789706809	114597888
1789706814	114597888
1789706819	114597888
1789706824	114597888
1789706829	114597888
1789706834	114597888
1789706839	114597888
1789706844	114597888
1789706849	114597888
1789706854	114597888
1789706859	114597888
1789706864	114597888
1789706869	114597888
1789706874	114597888
1789706879	114597888
1789706884	114597888
1789706889	114597888
1789706894	114597888
1789706899	114597888
1789706904	114597888
1789706909	114597888
1789706914	114597888
1789706919	114597888
1789706924	114597888
1789706929	114597888
1789706934	114597888
1789706939	114597888
1789706944	114597888
1789706949	114597888
1789706954	114597888
1789706959	114597888
1789706964	114597888
1789706969	114597888
1789706974	114597888
1789706979	114597888
1789706984	114597888
1789706989	114597888
1789706994	114597888
1789706999	114597888
1789707004	114597888
1789707009	114597888
1789707014	114597888
1789707019	114597888
1789707024	114597888
1789707029	114597888
1789707034	114597888
1789707039	114597888
1789707044	114597888
1789707049	114597888
1789707054	114597888
1789707059	114597888
1789707064	114597888
1789707069	114597888
1789707074	114597888
1789707079	114597888
1789707084	114597888
1789707089	114597888
1789707094	114597888
1789707099	114597888
1789707104	114597888
1789707109	114597888
1789707114	114597888
1789707119	114597888
1789707124	114597888
1789707129	114597888
1789707134	114597888
1789707139	114597888
1789707144	114597888
1789707149	114597888
1789707154	114597888
1789707159	114597888
1789707164	114597888
1789707169	114597888
1789707174	114597888
1789707179	114597888
1789707184	114597888
1789707189	114597888
1789707194	114597888
1789707199	114597888
1789707204	114597888
1789707209	114597888
1789707214	114597888
1789707219	114597888
1789707224	114597888
1789707229	114597888
1789707234	114597888
1789707239	114597888
1789707244	114597888
1789707249	114597888
1789707254	114597888
1789707259	114597888
1789707264	114597888
1789707269	114597888
1789707274	114597888
1789707279	114597888
1789707284	114597888
1789707289	114597888
1789707294	114597888
1789707299	114597888
1789707304	114597888
1789707309	114597888
1789707314	114597888
1789707319	114597888
1789707324	114597888
1789707329	114597888
1789707334	114597888
1789707339	114597888
1789707344	114597888
1789707349	114597888
1789707354	114597888
1789707359	114597888
1789707364	114597888
1789707369	114597888
1789707374	114597888
1789707379	114597888
1789707384	114597888
1789707389	114597888
1789707394	114597888
1789707399	114597888
1789707404	114597888
1789707409	114597888
1789707414	114597888
1789707419	114597888
1789707424	114597888
1789707429	114597888
1789707434	114597888
1789707440	114597888
1789707445	114597888
1789707450	114597888
1789707455	114597888
1789707460	114597888
1789707465	114597888
1789707470	114597888
1789707475	114597888
1789707480	114597888
1789707485	114597888
1789707490	114597888
1789707495	114597888
1789707500	114597888
1789707505	114597888
1789707510	114597888
1789707515	114597888
1789707520	114597888
1789707525	114597888
1789707530	114597888
1789707535	114597888
1789707540	114597888
1789707545	114597888
1789707550	114597888
1789707555	114597888
1789707560	114597888
1789707565	114597888
1789707570	114597888
1789707575	114597888
1789707580	114597888
1789707585	114597888
1789707590	114597888
1789707595	114597888
1789707600	114597888
1789707605	114597888
1789707610	114597888
1789707615	114597888
1789707620	114597888
1789707625	114597888
1789707630	114597888
1789707635	114597888
1789707640	114597888
1789707645	114597888
1789707650	114597888
1789707655	114597888
1789707660	114597888
1789707665	114597888
1789707670	114597888
1789707675	114597888
1789707680	114597888
1789707685	114597888
1789707690	114597888
1789707695	114597888
1789707700	114597888
1789707705	114597888
1789707710	114597888
1789707715	114597888
1789707720	114597888
1789707725	114597888
1789707730	114597888
1789707735	114597888
1789707740	114597888
1789707745	114597888
1789707750	114597888
1789707755	114597888
1789707760	114597888
1789707765	114597888
1789707770	114597888
1789707775	114597888
1789707780	114597888
1789707785	114597888
1789707790	114597888
1789707795	114597888
1789707800	114597888
1789707805	114597888
1789707810	114597888
1789707815	114597888
1789707820	114597888
1789707825	114597888
1789707830	114597888
1789707835	114597888
1789707840	114597888
1789707845	114597888
1789707850	114597888
1789707855	114597888
1789707860	114597888
1789707865	114597888
1789707870	114597888
1789707875	114597888
1789707880	114597888
1789707885	114597888
1789707890	114597888
1789707895	114597888
1789707900	114597888
1789707905	114597888
1789707910	114597888
1789707915	114597888
1789707920	114597888
1789707925	114597888
1789707930	114597888
1789707935	114597888
1789707940	114597888
1789707945	114597888
1789707950	114597888
1789707955	114597888
1789707960	114597888
1789707965	114597888
1789707970	114597888
1789707975	114597888
1789707980	114597888
1789707985	114597888
1789707990	114597888
1789707995	114597888
1789708000	114597888
1789708005	114597888
1789708010	114597888
1789708015	114597888
1789708020	114597888
1789708025	114597888
1789708030	114597888
1789708035	114597888
1789708040	114597888
1789708045	114597888
1789708050	114597888
1789708055	114597888
1789708060	114597888
1789708065	114597888
1789708070	114597888
1789708075	114597888
1789708080	114597888
1789708085	114597888
1789708090	114597888
1789708095	114597888
1789708100	114597888
1789708105	114597888
1789708110	114597888
1789708115	114597888
1789708120	114597888
1789708125	114597888
1789708130	114597888
1789708135	114597888
1789708140	114597888
1789708145	114597888
1789708150	114597888
1789708155	114597888
1789708160	114597888
1789708165	114597888
1789708170	114597888
1789708175	114597888
1789708181	114597888
1789708186	114597888
1789708191	114597888
1789708196	114597888
1789708201	114597888
1789708206	114597888
1789708211	114597888
1789708216	114597888
1789708221	114597888
1789708226	114597888
1789708231	114597888
1789708236	114597888
1789708241	114597888
1789708246	114597888
1789708251	114597888
1789708256	114597888
1789708261	114597888
1789708266	114597888
1789708271	114597888
1789708276	114597888
1789708281	114597888
1789708286	114597888
1789708291	114597888
1789708296	114597888
1789708301	114597888
1789708306	114597888
1789708311	114597888
1789708316	114597888
1789708321	114597888
1789708326	114597888
1789708331	114597888
1789708336	114597888
1789708341	114597888
1789708346	114597888
1789708351	114597888
1789708356	114597888
1789708361	114597888
1789708366	114597888
1789708371	114597888
1789708376	114597888
1789708381	114597888
1789708386	114597888
1789708391	114597888
1789708396	114597888
1789708401	114597888
1789708406	114597888
1789708411	114597888
1789708416	114597888
1789708421	114597888
1789708426	114597888
1789708431	114597888
1789708436	114597888
1789708441	114597888
1789708446	114597888
1789708451	114597888
1789708456	114597888
1789708461	114597888
1789708466	114597888
1789708471	114597888
1789708476	114597888
1789708481	114597888
1789708486	114597888
1789708491	114597888
1789708496	114597888
1789708501	114597888
1789708506	114597888
1789708511	114597888
1789708516	114597888
1789708521	114597888
1789708526	114597888
1789708531	114597888
1789708536	114597888
1789708541	114597888
1789708546	114597888
1789708551	114597888
1789708556	114597888
1789708561	114597888
1789708566	114597888
1789708571	114597888
1789708576	114597888
1789708581	114597888
1789708586	114597888
1789708591	114597888
1789708596	114597888
1789708601	114597888
1789708606	114597888
1789708611	114597888
1789708616	114597888
1789708621	114597888
1789708626	114597888
1789708631	114597888
1789708636	114597888
1789708641	114597888
1789708646	114597888
1789708651	114597888
1789708656	114597888
1789708661	114597888
1789708666	114597888
1789708671	114597888
1789708676	114597888
1789708681	114597888
1789708686	114597888
1789708691	114597888
1789708696	114597888
1789708701	114597888
1789708706	114597888
1789708711	114597888
1789708716	114597888
1789708721	114597888
1789708726	114597888
1789708731	114597888
1789708736	114597888
1789708741	114597888
1789708746	114597888
1789708751	114597888
1789708756	114597888
1789708761	114597888
1789708766	114597888
1789708771	114597888
1789708776	114597888
1789708781	114597888
1789708786	114597888
1789708791	114597888
1789708796	114597888
1789708801	114597888
1789708806	114597888
1789708811	114597888
1789708816	114597888
1789708821	114597888
1789708826	114597888
1789708831	114597888
1789708836	114597888
1789708841	114597888
1789708846	114597888
1789708851	114597888
1789708856	114597888
1789708861	114597888
1789708866	114597888
1789708871	114597888
1789708876	114597888
1789708881	114597888
1789708886	114597888
1789708891	114597888
1789708896	114597888
1789708901	114597888
1789708906	114597888
1789708911	114597888
1789708916	114597888
1789708921	114597888
1789708927	114597888
1789708932	114597888
1789708937	114597888
1789708942	114597888
1789708947	114597888
1789708952	114597888
1789708957	114597888
1789708962	114597888
1789708967	114597888
1789708972	114597888
1789708977	114597888
1789708982	114597888
1789708987	114597888
1789708992	114597888
1789708997	114597888
1789709002	114597888
1789709007	114597888
1789709012	114597888
1789709017	114597888
1789709022	114597888
1789709027	114597888
1789709032	114597888
1789709037	114597888
1789709042	114597888
1789709047	114597888
1789709052	114597888
1789709057	114597888
1789709062	114597888
1789709067	114597888
1789709072	114597888
1789709077	114597888
1789709082	114597888
1789709087	114597888
1789709092	114597888
1789709097	114597888
1789709102	114597888
1789709107	114597888
1789709112	114597888
1789709117	114597888
1789709122	114597888
1789709127	114597888
1789709132	114597888
1789709137	114597888
1789709142	114597888
1789709147	114597888
1789709152	114597888
1789709157	114597888
1789709162	114597888
1789709167	114597888
1789709172	114597888
1789709177	114597888
1789709182	114597888
1789709187	114597888
1789709192	114597888
1789709197	114597888
1789709202	114597888
1789709207	114597888
1789709212	114597888
1789709217	114597888
1789709222	114597888
1789709227	114597888
1789709232	114597888
1789709237	114597888
1789709242	114597888
1789709247	114597888
1789709252	114597888
1789709257	114597888
1789709262	114597888
1789709267	114597888
1789709272	114597888
1789709277	114597888
1789709282	114597888
1789709287	114597888
1789709292	114597888
1789709297	114597888
1789709302	114597888
1789709307	114597888
1789709312	114597888
1789709317	114597888
1789709322	114597888
1789709327	114597888
1789709332	114597888
1789709337	114597888
1789709342	114597888
1789709347	114597888
1789709352	114597888
1789709357	114597888
1789709362	114597888
1789709367	114597888
1789709372	114597888
1789709377	114597888
1789709382	114597888
1789709387	114597888
1789709392	114597888
1789709397	114597888
1789709402	114597888
1789709407	114597888
1789709412	114597888
1789709417	114597888
1789709422	114597888
1789709427	114597888
1789709432	114597888
1789709437	114597888
1789709442	114597888
1789709447	114597888
1789709452	114597888
1789709457	114597888
1789709462	114597888
1789709467	114597888
1789709472	114597888
1789709477	114597888
1789709482	114597888
1789709487	114597888
1789709492	114597888
1789709497	114597888
1789709502	114597888
1789709507	114597888
1789709512	114597888
1789709517	114597888
1789709522	114597888
1789709527	114597888
1789709532	114597888
1789709537	114597888
1789709542	114597888
1789709547	114597888
1789709552	114597888
1789709557	114597888
1789709562	114597888
1789709567	114597888
1789709572	114597888
1789709577	114597888
1789709582	114597888
1789709587	114597888
1789709592	114597888
1789709597	114597888
1789709602	114597888
1789709607	114597888
1789709612	114597888
1789709617	114597888
1789709622	114597888
1789709627	114597888
1789709632	114597888
1789709637	114597888
1789709642	114597888
1789709647	114597888
1789709652	114597888
1789709657	114597888
1789709662	114597888
1789709667	114597888
1789709672	114597888
1789709678	114597888
1789709683	114597888
1789709688	114597888
1789709693	114597888
1789709698	114597888
1789709703	114597888
1789709708	114597888
1789709713	114597888
1789709718	114597888
1789709723	114597888
1789709728	114597888
1789709733	114597888
1789709738	114597888
1789709743	114597888
1789709748	114597888
1789709753	114597888
1789709758	114597888
1789709763	114597888
1789709768	114597888
1789709773	114597888
1789709778	114597888
1789709783	114597888
1789709788	114597888
1789709793	114597888
1789709798	114597888
1789709803	114597888
1789709808	114597888
1789709813	114597888
1789709818	114597888
1789709823	114597888
1789709828	114597888
1789709833	114597888
1789709838	114597888
1789709843	114597888
1789709848	114597888
1789709853	114597888
1789709858	114597888
1789709863	114597888
1789709868	114597888
1789709873	114597888
1789709878	114597888
1789709883	114597888
1789709888	114597888
1789709893	114597888
1789709898	114597888
1789709903	114597888
1789709908	114597888
1789709913	114597888
1789709918	114597888
1789709923	114597888
1789709928	114597888
1789709933	114597888
1789709938	114597888
1789709943	114597888
1789709948	114597888
1789709953	114597888
1789709958	114597888
1789709963	114597888
1789709968	114597888
1789709973	114597888
1789709978	114597888
1789709983	114597888
1789709988	114597888
1789709993	114597888
1789709998	114597888
1789710003	114597888
1789710008	114597888
1789710013	114597888
1789710018	114597888
1789710023	114597888
1789710028	114597888
1789710033	114597888
1789710038	114597888
1789710043	114597888
1789710048	114597888
1789710053	114597888
1789710058	114597888
1789710063	114597888
1789710068	114597888
1789710073	114597888
1789710078	114597888
1789710083	114597888
1789710088	114597888
1789710093	114597888
1789710098	114597888
1789710103	114597888
1789710108	114597888
1789710113	114597888
1789710118	114597888
1789710123	114597888
1789710128	114597888
1789710133	114597888
1789710138	114597888
1789710143	114597888
1789710148	114597888
1789710153	114597888
1789710158	114597888
1789710163	114597888
1789710168	114597888
1789710173	114597888
1789710178	114597888
1789710183	114597888
1789710188	114597888
1789710193	114597888
1789710198	114597888
1789710203	114597888
1789710208	114597888
1789710213	114597888
1789710218	114597888
1789710223	114597888
1789710228	114597888
1789710233	114597888
1789710238	114597888
1789710243	114597888
1789710248	114597888
1789710253	114597888
1789710258	114597888
1789710263	114597888
1789710268	114597888
1789710273	114597888
1789710278	114597888
1789710283	114597888
1789710288	114597888
1789710293	114597888
1789710298	114597888
1789710303	114597888
1789710308	114597888
1789710313	114597888
1789710318	114597888
1789710323	114597888
1789710328	114597888
1789710333	114597888
1789710338	114597888
1789710343	114597888
1789710348	114597888
1789710353	114597888
1789710358	114597888
1789710363	114597888
1789710368	114597888
1789710373	114597888
1789710378	114597888
1789710383	114597888
1789710388	114597888
1789710393	114597888
1789710398	114597888
1789710403	114597888
1789710408	114597888
1789710413	114597888
1789710418	114597888
1789710424	114597888
1789710429	114597888
1789710434	114597888
1789710439	114597888
1789710444	114597888
1789710449	114597888
1789710454	114597888
1789710459	114597888
1789710464	114597888
1789710469	114597888
1789710474	114597888
1789710479	114597888
1789710484	114597888
1789710489	114597888
1789710494	114597888
1789710499	114597888
1789710504	114597888
1789710509	114597888
1789710514	114597888
1789710519	114597888
1789710524	114597888
1789710529	114597888
1789710534	114597888
1789710539	114597888
1789710544	114597888
1789710549	114597888
1789710554	114597888
1789710559	114597888
1789710564	114597888
1789710569	114597888
1789710574	114597888
1789710579	114597888
1789710584	114597888
1789710589	114597888
1789710594	114597888
1789710599	114597888
1789710604	114597888
1789710609	114597888
1789710614	114597888
1789710619	114597888
1789710624	114597888
1789710629	114597888
1789710634	114597888
1789710639	114597888
1789710644	114597888
1789710649	114597888
1789710654	114597888
1789710659	114597888
1789710664	114597888
1789710669	114597888
1789710674	114597888
1789710679	114597888
1789710684	114597888
1789710689	114597888
1789710694	114597888
1789710699	114597888
1789710704	114597888
1789710709	114597888
1789710714	114597888
1789710719	114597888
1789710724	114597888
1789710729	114597888
1789710734	114597888
1789710739	114597888
1789710744	114597888
1789710749	114597888
1789710754	114597888
1789710759	114597888
1789710764	114597888
1789710769	114597888
1789710774	114597888
1789710779	114597888
1789710784	114597888
1789710789	114597888
1789710794	114597888
1789710799	114597888
1789710804	114597888
1789710809	114597888
1789710814	114597888
1789710819	114597888
1789710824	114597888
1789710829	114597888
1789710834	114597888
1789710839	114597888
1789710844	114597888
1789710849	114597888
1789710854	114597888
1789710859	114597888
1789710864	114597888
1789710869	114597888
1789710874	114597888
1789710879	114597888
1789710884	114597888
1789710889	114597888
1789710894	114597888
1789710899	114597888
1789710904	114597888
1789710909	114597888
1789710914	114597888
1789710919	114597888
1789710924	114597888
1789710929	114597888
1789710934	114597888
1789710939	114597888
1789710944	114597888
1789710949	114597888
1789710954	114597888
1789710959	114597888
1789710964	114597888
1789710969	114597888
1789710974	114597888
1789710979	114597888
1789710984	114597888
1789710989	114597888
1789710994	114597888
1789710999	114597888
1789711004	114597888
1789711009	114597888
1789711014	114597888
1789711019	114597888
1789711024	114597888
1789711029	114597888
1789711034	114597888
1789711039	114597888
1789711044	114597888
1789711049	114597888
1789711054	114597888
1789711059	114597888
1789711064	114597888
1789711069	114597888
1789711074	114597888
1789711079	114597888
1789711084	114597888
1789711089	114597888
1789711094	114597888
1789711099	114597888
1789711104	114597888
1789711109	114597888
1789711114	114597888
1789711119	114597888
1789711124	114597888
1789711129	114597888
1789711134	114597888
1789711139	114597888
1789711144	114597888
1789711149	114597888
1789711154	114597888
1789711159	114597888
1789711164	114597888
1789711169	114597888
1789711175	114597888
1789711180	114597888
1789711185	114597888
1789711190	114597888
1789711195	114597888
1789711200	114597888
1789711205	114597888
1789711210	114597888
1789711215	114597888
1789711220	114597888
1789711225	114597888
1789711230	114597888
1789711235	114597888
1789711240	114597888
1789711245	114597888
1789711250	114597888
1789711255	114597888
1789711260	114597888
1789711265	114597888
1789711270	114597888
1789711275	114597888
1789711280	114597888
1789711285	114597888
1789711290	114597888
1789711295	114597888
1789711300	114597888
1789711305	114597888
1789711310	114597888
1789711315	114597888
1789711320	114597888
1789711325	114597888
1789711330	114597888
1789711335	114597888
1789711340	114597888
1789711345	114597888
1789711350	114597888
1789711355	114597888
1789711360	114597888
1789711365	114597888
1789711370	114597888
1789711375	114597888
1789711380	114597888
1789711385	114597888
1789711390	114597888
1789711395	114597888
1789711400	114597888
1789711405	114597888
1789711410	114597888
1789711415	114597888
1789711420	114597888
1789711425	114597888
1789711430	114597888
1789711435	114597888
1789711440	114597888
1789711445	114597888
1789711450	114597888
1789711455	114597888
1789711460	114597888
1789711465	114597888
1789711470	114597888
1789711475	114597888
1789711480	114597888
1789711485	114597888
1789711490	114597888
1789711495	114597888
1789711500	114597888
1789711505	114597888
1789711510	114597888
1789711515	114597888
1789711520	114597888
1789711525	114597888
1789711530	114597888
1789711535	114597888
1789711540	114597888
1789711545	114597888
1789711550	114597888
1789711555	114597888
1789711560	114597888
1789711565	114597888
1789711570	114597888
1789711575	114597888
1789711580	114597888
1789711585	114597888
1789711590	114597888
1789711595	114597888
1789711600	114597888
1789711605	114597888
1789711610	114597888
1789711615	114597888
1789711620	114597888
1789711625	114597888
1789711630	114597888
1789711635	114597888
1789711640	114597888
1789711645	114597888
1789711650	114597888
1789711655	114597888
1789711660	114597888
1789711665	114597888
1789711670	114597888
1789711675	114597888
1789711680	114597888
1789711685	114597888
1789711690	114597888
1789711695	114597888
1789711700	114597888
1789711705	114597888
1789711710	114597888
1789711715	114597888
1789711720	114597888
1789711725	114597888
1789711730	114597888
1789711735	114597888
1789711740	114597888
1789711745	114597888
1789711750	114597888
1789711755	114597888
1789711760	114597888
1789711765	114597888
1789711770	114597888
1789711775	114597888
1789711780	114597888
1789711785	114597888
1789711790	114597888
1789711795	114597888
1789711800	114597888
1789711805	114597888
1789711810	114597888
1789711815	114597888
1789711820	114597888
1789711825	114597888
1789711830	114597888
1789711835	114597888
1789711840	114597888
1789711845	114597888
1789711850	114597888
1789711855	114597888
1789711860	114597888
1789711865	114597888
1789711870	114597888
1789711875	114597888
1789711880	114597888
1789711885	114597888
1789711890	114597888
1789711895	114597888
1789711900	114597888
1789711905	114597888
1789711910	114597888
1789711915	114597888
1789711921	114597888
1789711926	114597888
1789711931	114597888
1789711936	114597888
1789711941	114597888
1789711946	114597888
1789711951	114597888
1789711956	114597888
1789711961	114597888
1789711966	114597888
1789711971	114597888
1789711976	114597888
1789711981	114597888
1789711986	114597888
1789711991	114597888
1789711996	114597888
1789712001	114597888
1789712006	114597888
1789712011	114597888
1789712016	114597888
1789712021	114597888
1789712026	114597888
1789712031	114597888
1789712036	114597888
1789712041	114597888
1789712046	114597888
1789712051	114597888
1789712056	114597888
1789712061	114597888
1789712066	114597888
1789712071	114597888
1789712076	114597888
1789712081	114597888
1789712086	114597888
1789712091	114597888
1789712096	114597888
1789712101	114597888
1789712106	114597888
1789712111	114597888
1789712116	114597888
1789712121	114597888
1789712126	114597888
1789712131	114597888
1789712136	114597888
1789712141	114597888
1789712146	114597888
1789712151	114597888
1789712156	114597888
1789712161	114597888
1789712166	114597888
1789712171	114597888
1789712176	114597888
1789712181	114597888
1789712186	114597888
1789712191	114597888
1789712196	114597888
1789712201	114597888
1789712206	114597888
1789712211	114597888
1789712216	114597888
1789712221	114597888
1789712226	114597888
1789712231	114597888
1789712236	114597888
1789712241	114597888
1789712246	114597888
1789712251	114597888
1789712256	114597888
1789712261	114597888
1789712266	114597888
1789712271	114597888
1789712276	114597888
1789712281	114597888
1789712286	114597888
1789712291	114597888
1789712296	114597888
1789712301	114597888
1789712306	114597888
1789712311	114597888
1789712316	114597888
1789712321	114597888
1789712326	114597888
1789712331	114597888
1789712336	114597888
1789712341	114597888
1789712346	114597888
1789712351	114597888
1789712356	114597888
1789712361	114597888
1789712366	114597888
1789712371	114597888
1789712376	114597888
1789712381	114597888
1789712386	114597888
1789712391	114597888
1789712396	114597888
1789712401	114597888
1789712406	114597888
1789712411	114597888
1789712416	114597888
1789712421	114597888
1789712426	114597888
1789712431	114597888
1789712436	114597888
1789712441	114597888
1789712446	114597888
1789712451	114597888
1789712456	114597888
1789712461	114597888
1789712466	114597888
1789712471	114597888
1789712476	114597888
1789712481	114597888
1789712486	114597888
1789712491	114597888
1789712496	114597888
1789712501	114597888
1789712506	114597888
1789712511	114597888
1789712516	114597888
1789712521	114597888
1789712526	114597888
1789712531	114597888
1789712536	114597888
1789712541	114597888
1789712546	114597888
1789712551	114597888
1789712556	114597888
1789712561	114597888
1789712566	114597888
1789712571	114597888
1789712576	114597888
1789712581	114597888
1789712586	114597888
1789712591	114597888
1789712596	114597888
1789712601	114597888
1789712606	114597888
1789712611	114597888
1789712616	114597888
1789712621	114597888
1789712626	114597888
1789712631	114597888
1789712636	114597888
1789712641	114597888
1789712646	114597888
1789712651	114597888
1789712656	114597888
1789712662	114597888
1789712667	114597888
1789712672	114597888
1789712677	114597888
1789712682	114597888
1789712687	114597888
1789712692	114597888
1789712697	114597888
1789712702	114597888
1789712707	114597888
1789712712	114597888
1789712717	114597888
1789712722	114597888
1789712727	114597888
1789712732	114597888
1789712737	114597888
1789712742	114597888
1789712747	114597888
1789712752	114597888
1789712757	114597888
1789712762	114597888
1789712767	114597888
1789712772	114597888
1789712777	114597888
1789712782	114597888
1789712787	114597888
1789712792	114597888
1789712797	114597888
1789712802	114597888
1789712807	114597888
1789712812	114597888
1789712817	114597888
1789712822	114597888
1789712827	114597888
1789712832	114597888
1789712837	114597888
1789712842	114597888
1789712847	114597888
1789712852	114597888
1789712857	114597888
1789712862	114597888
1789712867	114597888
1789712872	114597888
1789712877	114597888
1789712882	114597888
1789712887	114597888
1789712892	114597888
1789712897	114597888
1789712902	114597888
1789712907	114597888
1789712912	114597888
1789712917	114597888
1789712922	114597888
1789712927	114597888
1789712932	114597888
1789712937	114597888
1789712942	114597888
1789712947	114597888
1789712952	114597888
1789712957	114597888
1789712962	114597888
1789712967	114597888
1789712972	114597888
1789712977	114597888
1789712982	114597888
1789712987	114597888
1789712992	114597888
1789712997	114597888
1789713002	114597888
1789713007	114597888
1789713012	114597888
1789713017	114597888
1789713022	114597888
1789713027	114597888
1789713032	114597888
1789713037	114597888
1789713042	114597888
1789713047	114597888
1789713052	114597888
1789713057	114597888
1789713062	114597888
1789713067	114597888
1789713072	114597888
1789713077	114597888
1789713082	114597888
1789713087	114597888
1789713092	114597888
1789713097	114597888
1789713102	114597888
1789713107	114597888
1789713112	114597888
1789713117	114597888
1789713122	114597888
1789713127	114597888
1789713132	114597888
1789713137	114597888
1789713142	114597888
1789713147	114597888
1789713152	114597888
1789713157	114597888
1789713162	114597888
1789713167	114597888
1789713172	114597888
1789713177	114597888
1789713182	114597888
1789713187	114597888
1789713192	114597888
1789713197	114597888
1789713202	114597888
1789713207	114597888
1789713212	114597888
1789713217	114597888
1789713222	114597888
1789713227	114597888
1789713232	114597888
1789713237	114597888
1789713242	114597888
1789713247	114597888
1789713252	114597888
1789713257	114597888
1789713262	114597888
1789713267	114597888
1789713272	114597888
1789713277	114597888
1789713282	114597888
1789713287	114597888
1789713292	114597888
1789713297	114597888
1789713302	114597888
1789713307	114597888
1789713312	114597888
1789713317	114597888
1789713322	114597888
1789713327	114597888
1789713332	114597888
1789713337	114597888
1789713342	114597888
1789713347	114597888
1789713352	114597888
1789713357	114597888
1789713362	114597888
1789713367	114597888
1789713372	114597888
1789713377	114597888
1789713382	114597888
1789713387	114597888
1789713392	114597888
1789713397	114597888
1789713403	114597888
1789713408	114597888
1789713413	114597888
1789713418	114597888
1789713423	114597888
1789713428	114597888
1789713433	114597888
1789713438	114597888
1789713443	114597888
1789713448	114597888
1789713453	114597888
1789713458	114597888
1789713463	114597888
1789713468	114597888
1789713473	114597888
1789713478	114597888
1789713483	114597888
1789713488	114597888
1789713493	114597888
1789713498	114597888
1789713503	114597888
1789713508	114597888
1789713513	114597888
1789713518	114597888
1789713523	114597888
1789713528	114597888
1789713533	114597888
1789713538	114597888
1789713543	114597888
1789713548	114597888
1789713553	114597888
1789713558	114597888
1789713563	114597888
1789713568	114597888
1789713573	114597888
1789713578	114597888
1789713583	114597888
1789713588	114597888
1789713593	114597888
1789713598	114597888
1789713603	114597888
1789713608	114597888
1789713613	114597888
1789713618	114597888
1789713623	114597888
1789713628	114597888
1789713633	114597888
1789713638	114597888
1789713643	114597888
1789713648	114597888
1789713653	114597888
1789713658	114597888
1789713663	114597888
1789713668	114597888
1789713673	114597888
1789713678	114597888
1789713683	114597888
1789713688	114597888
1789713693	114597888
1789713698	114597888
1789713703	114597888
1789713708	114597888
1789713713	114597888
1789713718	114597888
1789713723	114597888
1789713728	114597888
1789713733	114597888
1789713738	114597888
1789713743	114597888
1789713748	114597888
1789713753	114597888
1789713758	114597888
1789713763	114597888
1789713768	114597888
1789713773	114597888
1789713778	114597888
1789713783	114597888
1789713788	114597888
1789713793	114597888
1789713798	114597888
1789713803	114597888
1789713808	114597888
1789713813	114597888
1789713818	114597888
1789713823	114597888
1789713828	114597888
1789713833	114597888
1789713838	114597888
1789713843	114597888
1789713848	114597888
1789713853	114597888
1789713858	114597888
1789713863	114597888
1789713868	114597888
1789713873	114597888
1789713878	114597888
1789713883	114597888
1789713888	114597888
1789713893	114597888
1789713898	114597888
1789713903	114597888
1789713908	114597888
1789713913	114597888
1789713918	114597888
1789713923	114597888
1789713928	114597888
1789713933	114597888
1789713938	114597888
1789713943	114597888
1789713948	114597888
1789713953	114597888
1789713958	114597888
1789713963	114597888
1789713968	114597888
1789713973	114597888
1789713978	114597888
1789713983	114597888
1789713988	114597888
1789713993	114597888
1789713998	114597888
1789714003	114597888
1789714008	114597888
1789714013	114597888
1789714018	114597888
1789714023	114597888
1789714028	114597888
1789714033	114597888
1789714038	114597888
1789714043	114597888
1789714048	114597888
1789714053	114597888
1789714058	114597888
1789714063	114597888
1789714068	114597888
1789714073	114597888
1789714078	114597888
1789714083	114597888
1789714088	114597888
1789714093	114597888
1789714098	114597888
1789714103	114597888
1789714108	114597888
1789714113	114597888
1789714118	114597888
1789714123	114597888
1789714128	114597888
1789714133	114597888
1789714138	114597888
1789714143	114597888
1789714148	114597888
1789714154	114597888
1789714159	114597888
1789714164	114597888
1789714169	114597888
1789714174	114597888
1789714179	114597888
1789714184	114597888
1789714189	114597888
1789714194	114597888
1789714199	114597888
1789714204	114597888
1789714209	114597888
1789714214	114597888
1789714219	114597888
1789714224	114597888
1789714229	114597888
1789714234	114597888
1789714239	114597888
1789714244	114597888
1789714249	114597888
1789714254	114597888
1789714259	114597888
1789714264	114597888
1789714269	114597888
1789714274	114597888
1789714279	114597888
1789714284	114597888
1789714289	114597888
1789714294	114597888
1789714299	114597888
1789714304	114597888
1789714309	114597888
1789714314	114597888
1789714319	114597888
1789714324	114597888
1789714329	114597888
1789714334	114597888
1789714339	114597888
1789714344	114597888
1789714349	114597888
1789714354	114597888
1789714359	114597888
1789714364	114597888
1789714369	114597888
1789714374	114597888
1789714379	114597888
1789714384	114597888
1789714389	114597888
1789714394	114597888
1789714399	114597888
1789714404	114597888
1789714409	114597888
1789714414	114597888
1789714419	114597888
1789714424	114597888
1789714429	114597888
1789714434	114597888
1789714439	114597888
1789714444	114597888
1789714449	114597888
1789714454	114597888
1789714459	114597888
1789714464	114597888
1789714469	114597888
1789714474	114597888
1789714479	114597888
1789714484	114597888
1789714489	114597888
1789714494	114597888
1789714499	114597888
1789714504	114597888
1789714509	114597888
1789714514	114597888
1789714519	114597888
1789714524	114597888
1789714529	114597888
1789714534	114597888
1789714539	114597888
1789714544	114597888
1789714549	114597888
1789714554	114597888
1789714559	114597888
1789714564	114597888
1789714569	114597888
1789714574	114597888
1789714579	114597888
1789714584	114597888
1789714589	114597888
1789714594	114597888
1789714599	114597888
1789714604	114597888
1789714609	114597888
1789714614	114597888
1789714619	114597888
1789714624	114597888
1789714629	114597888
1789714634	114597888
1789714639	114597888
1789714644	114597888
1789714649	114597888
1789714654	114597888
1789714659	114597888
1789714664	114597888
1789714669	114597888
1789714674	114597888
1789714679	114597888
1789714684	114597888
1789714689	114597888
1789714694	114597888
1789714699	114597888
1789714704	114597888
1789714709	114597888
1789714714	114597888
1789714719	114597888
1789714724	114597888
1789714729	114597888
1789714734	114597888
1789714739	114597888
1789714744	114597888
1789714749	114597888
1789714754	114597888
1789714759	114597888
1789714764	114597888
1789714769	114597888
1789714774	114597888
1789714779	114597888
1789714784	114597888
1789714789	114597888
1789714794	114597888
1789714799	114597888
1789714804	114597888
1789714809	114597888
1789714814	114597888
1789714819	114597888
1789714824	114597888
1789714829	114597888
1789714834	114597888
1789714839	114597888
1789714844	114597888
1789714849	114597888
1789714854	114597888
1789714859	114597888
1789714864	114597888
1789714869	114597888
1789714874	114597888
1789714879	114597888
1789714884	114597888
1789714890	114597888
1789714895	114597888
1789714900	114597888
1789714905	114597888
1789714910	114597888
1789714915	114597888
1789714920	114597888
1789714925	114597888
1789714930	114597888
1789714935	114597888
1789714940	114597888
1789714945	114597888
1789714950	114597888
1789714955	114597888
1789714960	114597888
1789714965	114597888
1789714970	114597888
1789714975	114597888
1789714980	114597888
1789714985	114597888
1789714990	114597888
1789714995	114597888
1789715000	114597888
1789715005	114597888
1789715010	114597888
1789715015	114597888
1789715020	114597888
1789715025	114597888
1789715030	114597888
1789715035	114597888
1789715040	114597888
1789715045	114597888
1789715050	114597888
1789715055	114597888
1789715060	114597888
1789715065	114597888
1789715070	114597888
1789715075	114597888
1789715080	114597888
1789715085	114597888
1789715090	114597888
1789715095	114597888
1789715100	114597888
1789715105	114597888
1789715110	114597888
1789715115	114597888
1789715120	114597888
1789715125	114597888
1789715130	114597888
1789715135	114597888
1789715140	114597888
1789715145	114597888
1789715150	114597888
1789715155	114597888
1789715160	114597888
1789715165	114597888
1789715170	114597888
1789715175	114597888
1789715180	114597888
1789715185	114597888
1789715190	114597888
1789715195	114597888
1789715200	114597888
1789715205	114597888
1789715210	114597888
1789715215	114597888
1789715220	114597888
1789715225	114597888
1789715230	114597888
1789715235	114597888
1789715240	114597888
1789715245	114597888
1789715250	114597888
1789715255	114597888
1789715260	114597888
1789715265	114597888
1789715270	114597888
1789715275	114597888
1789715280	114597888
1789715285	114597888
1789715290	114597888
1789715295	114597888
1789715300	114597888
1789715305	114597888
1789715310	114597888
1789715315	114597888
1789715320	114597888
1789715325	114597888
1789715330	114597888
1789715335	114597888
1789715340	114597888
1789715345	114597888
1789715350	114597888
1789715355	114597888
1789715360	114597888
1789715365	114597888
1789715370	114597888
1789715375	114597888
1789715380	114597888
1789715385	114597888
1789715390	114597888
1789715395	114597888
1789715400	114597888
1789715405	114597888
1789715410	114597888
1789715415	114597888
1789715420	114597888
1789715425	114597888
1789715430	114597888
1789715435	114597888
1789715440	114597888
1789715445	114597888
1789715450	114597888
1789715455	114597888
1789715460	114597888
1789715465	114597888
1789715470	114597888
1789715475	114597888
1789715480	114597888
1789715485	114597888
1789715490	114597888
1789715495	114597888
1789715500	114597888
1789715505	114597888
1789715510	114597888
1789715515	114597888
1789715520	114597888
1789715525	114597888
1789715530	114597888
1789715535	114597888
1789715540	114597888
1789715545	114597888
1789715550	114597888
1789715555	114597888
1789715560	114597888
1789715565	114597888
1789715570	114597888
1789715575	114597888
1789715580	114597888
1789715585	114597888
1789715590	114597888
1789715595	114597888
1789715600	114597888
1789715605	114597888
1789715610	114597888
1789715615	114597888
1789715620	114597888
1789715625	114597888
1789715630	114597888
1789715636	114597888
1789715641	114597888
1789715646	114597888
1789715651	114597888
1789715656	114597888
1789715661	114597888
1789715666	114597888
1789715671	114597888
1789715676	114597888
1789715681	114597888
1789715686	114597888
1789715691	114597888
1789715696	114597888
1789715701	114597888
1789715706	114597888
1789715711	114597888
1789715716	114597888
1789715721	114597888
1789715726	114597888
1789715731	114597888
1789715736	114597888
1789715741	114597888
1789715746	114597888
1789715751	114597888
1789715756	114597888
1789715761	114597888
1789715766	114597888
1789715771	114597888
1789715776	114597888
1789715781	114597888
1789715786	114597888
1789715791	114597888
1789715796	114597888
1789715801	114597888
1789715806	114597888
1789715811	114597888
1789715816	114597888
1789715821	114597888
1789715826	114597888
1789715831	114597888
1789715836	114597888
1789715841	114597888
1789715846	114597888
1789715851	114597888
1789715856	114597888
1789715861	114597888
1789715866	114597888
1789715871	114597888
1789715876	114597888
1789715881	114597888
1789715886	114597888
1789715891	114597888
1789715896	114597888
1789715901	114597888
1789715906	114597888
1789715911	114597888
1789715916	114597888
1789715921	114597888
1789715926	114597888
1789715931	114597888
1789715936	114597888
1789715941	114597888
1789715946	114597888
1789715951	114597888
1789715956	114597888
1789715961	114597888
1789715966	114597888
1789715971	114597888
1789715976	114597888
1789715981	114597888
1789715986	114597888
1789715991	114597888
1789715996	114597888
1789716001	114597888
1789716006	114597888
1789716011	114597888
1789716016	114597888
1789716021	114597888
1789716026	114597888
1789716031	114597888
1789716036	114597888
1789716041	114597888
1789716046	114597888
1789716051	114597888
1789716056	114597888
1789716061	114597888
1789716066	114597888
1789716071	114597888
1789716076	114597888
1789716081	114597888
1789716086	114597888
1789716091	114597888
1789716096	114597888
1789716101	114597888
1789716106	114597888
1789716111	114597888
1789716116	114597888
1789716121	114597888
1789716126	114597888
1789716131	114597888
1789716136	114597888
1789716141	114597888
1789716146	114597888
1789716151	114597888
1789716156	114597888
1789716161	114597888
1789716166	114597888
1789716171	114597888
1789716176	114597888
1789716181	114597888
1789716186	114597888
1789716191	114597888
1789716196	114597888
1789716201	114597888
1789716206	114597888
1789716211	114597888
1789716216	114597888
1789716221	114597888
1789716226	114597888
1789716231	114597888
1789716236	114597888
1789716241	114597888
1789716246	114597888
1789716251	114597888
1789716256	114597888
1789716261	114597888
1789716266	114597888
1789716271	114597888
1789716276	114597888
1789716281	114597888
1789716286	114597888
1789716291	114597888
1789716296	114597888
1789716301	114597888
1789716306	114597888
1789716311	114597888
1789716316	114597888
1789716321	114597888
1789716326	114597888
1789716331	114597888
1789716336	114597888
1789716341	114597888
1789716346	114597888
1789716351	114597888
1789716356	114597888
1789716361	114597888
1789716366	114597888
1789716372	114597888
1789716377	114597888
1789716382	114597888
1789716387	114597888
1789716392	114597888
1789716397	114597888
1789716402	114597888
1789716407	114597888
1789716412	114597888
1789716417	114597888
1789716422	114597888
1789716427	114597888
1789716432	114597888
1789716437	114597888
1789716442	114597888
1789716447	114597888
1789716452	114597888
1789716457	114597888
1789716462	114597888
1789716467	114597888
1789716472	114597888
1789716477	114597888
1789716482	114597888
1789716487	114597888
1789716492	114597888
1789716497	114597888
1789716502	114597888
1789716507	114597888
1789716512	114597888
1789716517	114597888
1789716522	114597888
1789716527	114597888
1789716532	114597888
1789716537	114597888
1789716542	114597888
1789716547	114597888
1789716552	114597888
1789716557	114597888
1789716562	114597888
1789716567	114597888
1789716572	114597888
1789716577	114597888
1789716582	114597888
1789716587	114597888
1789716592	114597888
1789716597	114597888
1789716602	114597888
1789716607	114597888
1789716612	114597888
1789716617	114597888
1789716622	114597888
1789716627	114597888
1789716632	114597888
1789716637	114597888
1789716642	114597888
1789716647	114597888
1789716652	114597888
1789716657	114597888
1789716662	114597888
1789716667	114597888
1789716672	114597888
1789716677	114597888
1789716682	114597888
1789716687	114597888
1789716692	114597888
1789716697	114597888
1789716702	114597888
1789716707	114597888
1789716712	114597888
1789716717	114597888
1789716722	114597888
1789716727	114597888
1789716732	114597888
1789716737	114597888
1789716742	114597888
1789716747	114597888
1789716752	114597888
1789716757	114597888
1789716762	114597888
1789716767	114597888
1789716772	114597888
1789716777	114597888
1789716782	114597888
1789716787	114597888
1789716792	114597888
1789716797	114597888
1789716802	114597888
1789716807	114597888
1789716812	114597888
1789716817	114597888
1789716822	114597888
1789716827	114597888
1789716832	114597888
1789716837	114597888
1789716842	114597888
1789716847	114597888
1789716852	114597888
1789716857	114597888
1789716862	114597888
1789716867	114597888
1789716872	114597888
1789716877	114597888
1789716882	114597888
1789716887	114597888
1789716892	114597888
1789716897	114597888
1789716902	114597888
1789716907	114597888
1789716912	114597888
1789716917	114597888
1789716922	114597888
1789716927	114597888
1789716932	114597888
1789716937	114597888
1789716942	114597888
1789716947	114597888
1789716952	114597888
1789716957	114597888
1789716962	114597888
1789716967	114597888
1789716972	114597888
1789716977	114597888
1789716982	114597888
1789716987	114597888
1789716992	114597888
1789716997	114597888
1789717002	114597888
1789717007	114597888
1789717012	114597888
1789717017	114597888
1789717022	114597888
1789717027	114597888
1789717032	114597888
1789717037	114597888
1789717042	114597888
1789717047	114597888
1789717052	114597888
1789717057	114597888
1789717062	114597888
1789717067	114597888
1789717072	114597888
1789717077	114597888
1789717082	114597888
1789717087	114597888
1789717092	114597888
1789717097	114597888
1789717102	114597888
1789717107	114597888
1789717112	114597888
1789717118	114597888
1789717123	114597888
1789717128	114597888
1789717133	114597888
1789717138	114597888
1789717143	114597888
1789717148	114597888
1789717153	114597888
1789717158	114597888
1789717163	114597888
1789717168	114597888
1789717173	114597888
1789717178	114597888
1789717183	114597888
1789717188	114597888
1789717193	114597888
1789717198	114597888
1789717203	114597888
