2026-09-29T09:25:41Z mem_used_mb=1889 mem_avail_mb=30185 disk_free_gb=81 tender_brown=741MiB31.32GiB 
2026-09-29T09:26:12Z mem_used_mb=1253 mem_avail_mb=30821 disk_free_gb=78 tender_brown=151.7MiB31.32GiB 
2026-09-29T09:26:43Z mem_used_mb=1396 mem_avail_mb=30679 disk_free_gb=80 adoring_mestorf=14.83MiB31.32GiB 
2026-09-29T09:27:14Z mem_used_mb=1260 mem_avail_mb=30815 disk_free_gb=79 adoring_mestorf=51.93MiB31.32GiB 
2026-09-29T09:27:45Z mem_used_mb=2738 mem_avail_mb=29337 disk_free_gb=78 elated_wescoff=1.446GiB 31.32GiB 
2026-09-29T09:28:16Z mem_used_mb=2724 mem_avail_mb=29348 disk_free_gb=77 elated_wescoff=1.485GiB 31.32GiB 
2026-09-29T09:28:47Z mem_used_mb=2756 mem_avail_mb=29319 disk_free_gb=76 elated_wescoff=1.519GiB 31.32GiB 
2026-09-29T09:29:18Z mem_used_mb=2744 mem_avail_mb=29331 disk_free_gb=74 elated_wescoff=1.554GiB 31.32GiB 
2026-09-29T09:29:49Z mem_used_mb=2113 mem_avail_mb=29962 disk_free_gb=74 elated_wescoff=119.6MiB31.32GiB 
2026-09-29T09:30:20Z mem_used_mb=1721 mem_avail_mb=30358 disk_free_gb=73 
2026-09-29T09:30:50Z mem_used_mb=1238 mem_avail_mb=30835 disk_free_gb=70 
2026-09-29T09:31:20Z mem_used_mb=1223 mem_avail_mb=30857 disk_free_gb=67 
2026-09-29T09:31:50Z mem_used_mb=1210 mem_avail_mb=30865 disk_free_gb=65 
2026-09-29T09:32:20Z mem_used_mb=1221 mem_avail_mb=30866 disk_free_gb=62 
2026-09-29T09:32:50Z mem_used_mb=1217 mem_avail_mb=30858 disk_free_gb=59 
2026-09-29T09:33:20Z mem_used_mb=1208 mem_avail_mb=30866 disk_free_gb=56 
2026-09-29T09:33:50Z mem_used_mb=1207 mem_avail_mb=30868 disk_free_gb=53 
2026-09-29T09:34:21Z mem_used_mb=1196 mem_avail_mb=30878 disk_free_gb=50 
2026-09-29T09:34:51Z mem_used_mb=1208 mem_avail_mb=30866 disk_free_gb=48 
2026-09-29T09:35:21Z mem_used_mb=1204 mem_avail_mb=30872 disk_free_gb=45 
2026-09-29T09:35:51Z mem_used_mb=1204 mem_avail_mb=30871 disk_free_gb=42 
2026-09-29T09:36:21Z mem_used_mb=1217 mem_avail_mb=30857 disk_free_gb=39 
2026-09-29T09:36:51Z mem_used_mb=1218 mem_avail_mb=30857 disk_free_gb=36 
2026-09-29T09:37:21Z mem_used_mb=1212 mem_avail_mb=30860 disk_free_gb=33 
2026-09-29T09:37:51Z mem_used_mb=1215 mem_avail_mb=30859 disk_free_gb=30 
2026-09-29T09:38:21Z mem_used_mb=1203 mem_avail_mb=30871 disk_free_gb=26 
2026-09-29T09:38:51Z mem_used_mb=1215 mem_avail_mb=30860 disk_free_gb=23 
2026-09-29T09:39:21Z mem_used_mb=1208 mem_avail_mb=30866 disk_free_gb=20 
2026-09-29T09:39:51Z mem_used_mb=1230 mem_avail_mb=30844 disk_free_gb=17 
2026-09-29T09:40:21Z mem_used_mb=1208 mem_avail_mb=30866 disk_free_gb=14 
2026-09-29T09:40:51Z mem_used_mb=1211 mem_avail_mb=30864 disk_free_gb=10 
2026-09-29T09:41:21Z mem_used_mb=1209 mem_avail_mb=30866 disk_free_gb=7 
2026-09-29T09:41:51Z mem_used_mb=1205 mem_avail_mb=30870 disk_free_gb=4 
2026-09-29T09:42:21Z mem_used_mb=1219 mem_avail_mb=30855 disk_free_gb=1 
2026-09-29T09:42:51Z mem_used_mb=2207 mem_avail_mb=29867 disk_free_gb=39 stoic_elbakyan=1.053GiB 31.32GiB 
2026-09-29T09:43:22Z mem_used_mb=1277 mem_avail_mb=30797 disk_free_gb=38 
2026-09-29T09:43:52Z mem_used_mb=1255 mem_avail_mb=30819 disk_free_gb=35 
2026-09-29T09:44:22Z mem_used_mb=1269 mem_avail_mb=30806 disk_free_gb=39 
2026-09-29T09:44:52Z mem_used_mb=1242 mem_avail_mb=30832 disk_free_gb=39 
2026-09-29T09:45:22Z mem_used_mb=1237 mem_avail_mb=30838 disk_free_gb=39 
2026-09-29T09:45:52Z mem_used_mb=1232 mem_avail_mb=30843 disk_free_gb=38 
2026-09-29T09:46:22Z mem_used_mb=1227 mem_avail_mb=30848 disk_free_gb=38 
2026-09-29T09:46:52Z mem_used_mb=1219 mem_avail_mb=30855 disk_free_gb=38 
2026-09-29T09:47:22Z mem_used_mb=1219 mem_avail_mb=30855 disk_free_gb=38 
2026-09-29T09:47:52Z mem_used_mb=1214 mem_avail_mb=30861 disk_free_gb=37 
2026-09-29T09:48:22Z mem_used_mb=1215 mem_avail_mb=30860 disk_free_gb=37 
2026-09-29T09:48:52Z mem_used_mb=1208 mem_avail_mb=30866 disk_free_gb=37 
2026-09-29T09:49:22Z mem_used_mb=1204 mem_avail_mb=30871 disk_free_gb=36 
2026-09-29T09:49:52Z mem_used_mb=1201 mem_avail_mb=30873 disk_free_gb=36 
2026-09-29T09:50:22Z mem_used_mb=1208 mem_avail_mb=30866 disk_free_gb=35 
2026-09-29T09:50:52Z mem_used_mb=1219 mem_avail_mb=30856 disk_free_gb=35 
2026-09-29T09:51:23Z mem_used_mb=1235 mem_avail_mb=30839 disk_free_gb=34 
2026-09-29T09:51:53Z mem_used_mb=1200 mem_avail_mb=30875 disk_free_gb=39 
2026-09-29T09:52:23Z mem_used_mb=1212 mem_avail_mb=30862 disk_free_gb=39 zealous_cori=9.75MiB31.32GiB 
2026-09-29T14:36:36Z mem_used_mb=1225 mem_avail_mb=30850 disk_free_gb=79 festive_volhard=39.68MiB31.32GiB 
2026-09-29T14:37:07Z mem_used_mb=1379 mem_avail_mb=30696 disk_free_gb=78 gallant_poincare=275.5MiB31.32GiB 
2026-09-29T14:37:38Z mem_used_mb=2607 mem_avail_mb=29468 disk_free_gb=77 gallant_poincare=1.399GiB 31.32GiB 
2026-09-29T14:38:09Z mem_used_mb=2649 mem_avail_mb=29425 disk_free_gb=76 gallant_poincare=1.432GiB 31.32GiB 
2026-09-29T14:38:40Z mem_used_mb=2658 mem_avail_mb=29417 disk_free_gb=75 gallant_poincare=1.468GiB 31.32GiB 
2026-09-29T14:39:11Z mem_used_mb=1268 mem_avail_mb=30807 disk_free_gb=74 gallant_poincare=105.8MiB31.32GiB 
2026-09-29T14:39:42Z mem_used_mb=1510 mem_avail_mb=30565 disk_free_gb=78 gallant_poincare=8.449MiB31.32GiB 
2026-09-29T14:40:13Z mem_used_mb=1289 mem_avail_mb=30785 disk_free_gb=78 
2026-09-29T14:40:43Z mem_used_mb=1255 mem_avail_mb=30820 disk_free_gb=78 
2026-09-29T14:41:13Z mem_used_mb=1242 mem_avail_mb=30833 disk_free_gb=78 
2026-09-29T14:41:43Z mem_used_mb=1221 mem_avail_mb=30854 disk_free_gb=78 
2026-09-29T14:42:13Z mem_used_mb=1234 mem_avail_mb=30841 disk_free_gb=78 
2026-09-29T14:42:43Z mem_used_mb=1232 mem_avail_mb=30842 disk_free_gb=78 
2026-09-29T14:43:13Z mem_used_mb=1223 mem_avail_mb=30852 disk_free_gb=78 
2026-09-29T14:43:43Z mem_used_mb=1228 mem_avail_mb=30847 disk_free_gb=78 
2026-09-29T14:44:13Z mem_used_mb=1230 mem_avail_mb=30845 disk_free_gb=78 
2026-09-29T14:44:43Z mem_used_mb=1215 mem_avail_mb=30860 disk_free_gb=78 
2026-09-29T14:45:13Z mem_used_mb=1222 mem_avail_mb=30853 disk_free_gb=77 
2026-09-29T14:45:43Z mem_used_mb=1222 mem_avail_mb=30852 disk_free_gb=77 
2026-09-29T14:46:13Z mem_used_mb=1224 mem_avail_mb=30851 disk_free_gb=77 
2026-09-29T14:46:43Z mem_used_mb=1229 mem_avail_mb=30845 disk_free_gb=77 
2026-09-29T14:47:13Z mem_used_mb=1233 mem_avail_mb=30841 disk_free_gb=77 
2026-09-29T14:47:43Z mem_used_mb=1229 mem_avail_mb=30846 disk_free_gb=77 
2026-09-29T14:48:14Z mem_used_mb=1234 mem_avail_mb=30841 disk_free_gb=77 
2026-09-29T14:48:44Z mem_used_mb=1230 mem_avail_mb=30844 disk_free_gb=77 
2026-09-29T14:49:14Z mem_used_mb=1232 mem_avail_mb=30842 disk_free_gb=77 
2026-09-29T14:49:44Z mem_used_mb=1217 mem_avail_mb=30857 disk_free_gb=77 
2026-09-29T14:50:14Z mem_used_mb=1215 mem_avail_mb=30859 disk_free_gb=77 
2026-09-29T14:50:44Z mem_used_mb=1217 mem_avail_mb=30858 disk_free_gb=77 
2026-09-29T14:51:14Z mem_used_mb=1206 mem_avail_mb=30868 disk_free_gb=77 
2026-09-29T14:51:44Z mem_used_mb=1213 mem_avail_mb=30860 disk_free_gb=77 
2026-09-29T14:52:14Z mem_used_mb=1201 mem_avail_mb=30873 disk_free_gb=77 
2026-09-29T14:52:44Z mem_used_mb=1211 mem_avail_mb=30864 disk_free_gb=77 
2026-09-29T14:53:14Z mem_used_mb=1207 mem_avail_mb=30867 disk_free_gb=77 
2026-09-29T14:53:44Z mem_used_mb=1208 mem_avail_mb=30867 disk_free_gb=77 
2026-09-29T14:54:14Z mem_used_mb=1207 mem_avail_mb=30868 disk_free_gb=77 
2026-09-29T14:54:44Z mem_used_mb=1206 mem_avail_mb=30868 disk_free_gb=77 
2026-09-29T14:55:14Z mem_used_mb=1216 mem_avail_mb=30858 disk_free_gb=77 
2026-09-29T14:55:44Z mem_used_mb=1230 mem_avail_mb=30845 disk_free_gb=77 
2026-09-29T14:56:14Z mem_used_mb=1224 mem_avail_mb=30851 disk_free_gb=77 
2026-09-29T14:56:44Z mem_used_mb=1222 mem_avail_mb=30853 disk_free_gb=77 
2026-09-29T14:57:14Z mem_used_mb=1219 mem_avail_mb=30855 disk_free_gb=77 
2026-09-29T14:57:44Z mem_used_mb=1235 mem_avail_mb=30840 disk_free_gb=77 
2026-09-29T14:58:14Z mem_used_mb=1227 mem_avail_mb=30847 disk_free_gb=77 
2026-09-29T14:58:44Z mem_used_mb=1240 mem_avail_mb=30835 disk_free_gb=77 
2026-09-29T14:59:14Z mem_used_mb=1238 mem_avail_mb=30837 disk_free_gb=77 
2026-09-29T14:59:44Z mem_used_mb=1238 mem_avail_mb=30836 disk_free_gb=77 
2026-09-29T15:00:14Z mem_used_mb=1224 mem_avail_mb=30851 disk_free_gb=77 
2026-09-29T15:00:44Z mem_used_mb=1224 mem_avail_mb=30851 disk_free_gb=77 
2026-09-29T15:01:14Z mem_used_mb=1219 mem_avail_mb=30856 disk_free_gb=77 
2026-09-29T15:01:44Z mem_used_mb=1226 mem_avail_mb=30849 disk_free_gb=77 
2026-09-29T15:02:14Z mem_used_mb=1211 mem_avail_mb=30864 disk_free_gb=77 
2026-09-29T15:02:44Z mem_used_mb=1213 mem_avail_mb=30862 disk_free_gb=77 
2026-09-29T15:03:14Z mem_used_mb=1214 mem_avail_mb=30861 disk_free_gb=77 
2026-09-29T15:03:44Z mem_used_mb=1216 mem_avail_mb=30859 disk_free_gb=77 
2026-09-29T15:04:15Z mem_used_mb=1226 mem_avail_mb=30849 disk_free_gb=77 
2026-09-29T15:04:45Z mem_used_mb=1229 mem_avail_mb=30846 disk_free_gb=77 
2026-09-29T15:05:15Z mem_used_mb=1224 mem_avail_mb=30850 disk_free_gb=77 
2026-09-29T15:05:45Z mem_used_mb=1223 mem_avail_mb=30852 disk_free_gb=77 
2026-09-29T15:06:15Z mem_used_mb=1225 mem_avail_mb=30850 disk_free_gb=77 
2026-09-29T15:06:45Z mem_used_mb=1237 mem_avail_mb=30837 disk_free_gb=77 
2026-09-29T15:07:15Z mem_used_mb=1229 mem_avail_mb=30846 disk_free_gb=77 
2026-09-29T15:07:45Z mem_used_mb=1224 mem_avail_mb=30851 disk_free_gb=77 
2026-09-29T15:08:15Z mem_used_mb=1228 mem_avail_mb=30847 disk_free_gb=77 
2026-09-29T15:08:45Z mem_used_mb=1238 mem_avail_mb=30836 disk_free_gb=77 
2026-09-29T15:09:15Z mem_used_mb=1229 mem_avail_mb=30846 disk_free_gb=77 
2026-09-29T15:09:45Z mem_used_mb=1219 mem_avail_mb=30856 disk_free_gb=77 
2026-09-29T15:10:15Z mem_used_mb=1225 mem_avail_mb=30850 disk_free_gb=76 
2026-09-29T15:10:45Z mem_used_mb=1231 mem_avail_mb=30843 disk_free_gb=76 
2026-09-29T15:11:15Z mem_used_mb=1227 mem_avail_mb=30847 disk_free_gb=76 
2026-09-29T15:11:45Z mem_used_mb=1233 mem_avail_mb=30841 disk_free_gb=76 
2026-09-29T15:12:15Z mem_used_mb=1239 mem_avail_mb=30836 disk_free_gb=76 
2026-09-29T15:12:45Z mem_used_mb=1236 mem_avail_mb=30839 disk_free_gb=76 
2026-09-29T15:13:15Z mem_used_mb=1237 mem_avail_mb=30838 disk_free_gb=76 
2026-09-29T15:13:45Z mem_used_mb=1237 mem_avail_mb=30838 disk_free_gb=76 
2026-09-29T15:14:15Z mem_used_mb=1228 mem_avail_mb=30847 disk_free_gb=76 
2026-09-29T15:14:45Z mem_used_mb=1231 mem_avail_mb=30844 disk_free_gb=76 
2026-09-29T15:15:15Z mem_used_mb=1235 mem_avail_mb=30840 disk_free_gb=76 
2026-09-29T15:15:45Z mem_used_mb=1228 mem_avail_mb=30846 disk_free_gb=76 
2026-09-29T15:16:15Z mem_used_mb=1225 mem_avail_mb=30850 disk_free_gb=76 
2026-09-29T15:16:45Z mem_used_mb=1237 mem_avail_mb=30838 disk_free_gb=76 
2026-09-29T15:17:15Z mem_used_mb=1241 mem_avail_mb=30833 disk_free_gb=76 
2026-09-29T15:17:45Z mem_used_mb=1240 mem_avail_mb=30835 disk_free_gb=76 
2026-09-29T15:18:15Z mem_used_mb=1235 mem_avail_mb=30840 disk_free_gb=76 
2026-09-29T15:18:45Z mem_used_mb=1243 mem_avail_mb=30831 disk_free_gb=76 
2026-09-29T15:19:15Z mem_used_mb=1233 mem_avail_mb=30842 disk_free_gb=76 
2026-09-29T15:19:45Z mem_used_mb=1234 mem_avail_mb=30840 disk_free_gb=76 
2026-09-29T15:20:16Z mem_used_mb=1243 mem_avail_mb=30832 disk_free_gb=76 
2026-09-29T15:20:46Z mem_used_mb=1239 mem_avail_mb=30836 disk_free_gb=76 
2026-09-29T15:21:16Z mem_used_mb=1237 mem_avail_mb=30837 disk_free_gb=76 
2026-09-29T15:21:46Z mem_used_mb=1240 mem_avail_mb=30834 disk_free_gb=76 
2026-09-29T15:22:16Z mem_used_mb=1245 mem_avail_mb=30829 disk_free_gb=76 
2026-09-29T15:22:46Z mem_used_mb=1241 mem_avail_mb=30833 disk_free_gb=76 
2026-09-29T15:23:16Z mem_used_mb=1228 mem_avail_mb=30847 disk_free_gb=76 
2026-09-29T15:23:46Z mem_used_mb=1239 mem_avail_mb=30836 disk_free_gb=76 
2026-09-29T15:24:16Z mem_used_mb=1229 mem_avail_mb=30845 disk_free_gb=75 
2026-09-29T15:24:46Z mem_used_mb=1224 mem_avail_mb=30851 disk_free_gb=75 
2026-09-29T15:25:16Z mem_used_mb=1235 mem_avail_mb=30839 disk_free_gb=75 
2026-09-29T15:25:46Z mem_used_mb=1222 mem_avail_mb=30852 disk_free_gb=75 
2026-09-29T15:26:16Z mem_used_mb=1234 mem_avail_mb=30840 disk_free_gb=75 
2026-09-29T15:26:46Z mem_used_mb=1243 mem_avail_mb=30832 disk_free_gb=75 
2026-09-29T15:27:16Z mem_used_mb=1233 mem_avail_mb=30842 disk_free_gb=75 
2026-09-29T15:27:46Z mem_used_mb=1232 mem_avail_mb=30843 disk_free_gb=75 
2026-09-29T15:28:16Z mem_used_mb=1225 mem_avail_mb=30850 disk_free_gb=75 
2026-09-29T15:28:46Z mem_used_mb=1224 mem_avail_mb=30850 disk_free_gb=75 
2026-09-29T15:29:16Z mem_used_mb=1204 mem_avail_mb=30870 disk_free_gb=77 
2026-09-29T15:29:46Z mem_used_mb=4745 mem_avail_mb=27338 disk_free_gb=77 acmg-source=3.7GiB 31.32GiB 
2026-09-29T15:30:17Z mem_used_mb=6751 mem_avail_mb=25323 disk_free_gb=77 acmg-source=4.294GiB 31.32GiB 
2026-09-29T15:30:48Z mem_used_mb=6719 mem_avail_mb=25356 disk_free_gb=76 acmg-source=4.338GiB 31.32GiB 
2026-09-29T15:31:19Z mem_used_mb=6489 mem_avail_mb=25586 disk_free_gb=76 acmg-source=4.33GiB 31.32GiB 
2026-09-29T15:31:50Z mem_used_mb=6636 mem_avail_mb=25438 disk_free_gb=76 acmg-source=4.391GiB 31.32GiB 
2026-09-29T15:32:21Z mem_used_mb=7024 mem_avail_mb=25050 disk_free_gb=76 acmg-source=4.841GiB 31.32GiB 
2026-09-29T15:32:52Z mem_used_mb=7017 mem_avail_mb=25058 disk_free_gb=76 acmg-source=4.644GiB 31.32GiB 
2026-09-29T15:33:23Z mem_used_mb=7055 mem_avail_mb=25020 disk_free_gb=76 acmg-source=4.675GiB 31.32GiB 
2026-09-29T15:33:54Z mem_used_mb=7052 mem_avail_mb=25015 disk_free_gb=76 acmg-source=4.621GiB 31.32GiB 
2026-09-29T15:34:25Z mem_used_mb=6929 mem_avail_mb=25145 disk_free_gb=75 acmg-source=4.624GiB 31.32GiB 
2026-09-29T15:34:56Z mem_used_mb=7112 mem_avail_mb=24963 disk_free_gb=75 acmg-source=4.609GiB 31.32GiB 
2026-09-29T15:35:28Z mem_used_mb=6780 mem_avail_mb=25294 disk_free_gb=75 acmg-source=4.554GiB 31.32GiB 
2026-09-29T15:35:59Z mem_used_mb=6768 mem_avail_mb=25299 disk_free_gb=75 acmg-source=4.573GiB 31.32GiB 
2026-09-29T15:36:30Z mem_used_mb=6857 mem_avail_mb=25218 disk_free_gb=75 acmg-source=4.546GiB 31.32GiB 
2026-09-29T15:37:01Z mem_used_mb=6693 mem_avail_mb=25382 disk_free_gb=75 acmg-source=4.511GiB 31.32GiB 
2026-09-29T15:37:32Z mem_used_mb=6803 mem_avail_mb=25272 disk_free_gb=74 acmg-source=4.511GiB 31.32GiB 
2026-09-29T15:38:03Z mem_used_mb=6746 mem_avail_mb=25328 disk_free_gb=74 acmg-source=4.478GiB 31.32GiB 
2026-09-29T15:38:34Z mem_used_mb=7316 mem_avail_mb=24750 disk_free_gb=74 acmg-source=4.453GiB 31.32GiB 
2026-09-29T15:39:05Z mem_used_mb=6851 mem_avail_mb=25224 disk_free_gb=74 acmg-source=4.723GiB 31.32GiB 
2026-09-29T15:39:36Z mem_used_mb=6710 mem_avail_mb=25364 disk_free_gb=74 acmg-source=4.711GiB 31.32GiB 
2026-09-29T15:40:07Z mem_used_mb=6720 mem_avail_mb=25355 disk_free_gb=74 acmg-source=4.694GiB 31.32GiB 
2026-09-29T15:40:38Z mem_used_mb=6535 mem_avail_mb=25548 disk_free_gb=73 acmg-source=4.648GiB 31.32GiB 
2026-09-29T15:41:09Z mem_used_mb=6776 mem_avail_mb=25299 disk_free_gb=73 acmg-source=4.676GiB 31.32GiB 
2026-09-29T15:41:40Z mem_used_mb=6723 mem_avail_mb=25352 disk_free_gb=73 acmg-source=4.634GiB 31.32GiB 
2026-09-29T15:42:11Z mem_used_mb=6829 mem_avail_mb=25238 disk_free_gb=73 acmg-source=4.593GiB 31.32GiB 
2026-09-29T15:42:42Z mem_used_mb=6755 mem_avail_mb=25319 disk_free_gb=73 acmg-source=4.585GiB 31.32GiB 
2026-09-29T15:43:13Z mem_used_mb=6854 mem_avail_mb=25220 disk_free_gb=72 acmg-source=4.569GiB 31.32GiB 
2026-09-29T15:43:44Z mem_used_mb=6634 mem_avail_mb=25440 disk_free_gb=72 acmg-source=4.534GiB 31.32GiB 
2026-09-29T15:44:15Z mem_used_mb=6467 mem_avail_mb=25608 disk_free_gb=72 acmg-source=4.557GiB 31.32GiB 
2026-09-29T15:44:46Z mem_used_mb=6987 mem_avail_mb=25088 disk_free_gb=72 acmg-source=4.948GiB 31.32GiB 
2026-09-29T15:45:17Z mem_used_mb=6806 mem_avail_mb=25268 disk_free_gb=72 acmg-source=4.775GiB 31.32GiB 
2026-09-29T15:45:48Z mem_used_mb=7030 mem_avail_mb=25045 disk_free_gb=72 acmg-source=4.758GiB 31.32GiB 
2026-09-29T15:46:19Z mem_used_mb=6821 mem_avail_mb=25254 disk_free_gb=72 acmg-source=4.72GiB 31.32GiB 
2026-09-29T15:46:51Z mem_used_mb=6935 mem_avail_mb=25140 disk_free_gb=71 acmg-source=4.702GiB 31.32GiB 
2026-09-29T15:47:22Z mem_used_mb=6921 mem_avail_mb=25146 disk_free_gb=71 acmg-source=4.674GiB 31.32GiB 
2026-09-29T15:47:53Z mem_used_mb=6898 mem_avail_mb=25176 disk_free_gb=71 acmg-source=4.673GiB 31.32GiB 
2026-09-29T15:48:24Z mem_used_mb=6663 mem_avail_mb=25412 disk_free_gb=71 acmg-source=4.643GiB 31.32GiB 
2026-09-29T15:48:55Z mem_used_mb=6657 mem_avail_mb=25417 disk_free_gb=71 acmg-source=4.607GiB 31.32GiB 
2026-09-29T15:49:26Z mem_used_mb=6649 mem_avail_mb=25425 disk_free_gb=71 acmg-source=4.611GiB 31.32GiB 
2026-09-29T15:49:57Z mem_used_mb=6828 mem_avail_mb=25247 disk_free_gb=70 acmg-source=4.596GiB 31.32GiB 
2026-09-29T15:50:28Z mem_used_mb=6655 mem_avail_mb=25420 disk_free_gb=70 acmg-source=4.547GiB 31.32GiB 
2026-09-29T15:50:59Z mem_used_mb=7106 mem_avail_mb=24969 disk_free_gb=70 acmg-source=4.568GiB 31.32GiB 
2026-09-29T15:51:30Z mem_used_mb=6946 mem_avail_mb=25129 disk_free_gb=70 acmg-source=4.807GiB 31.32GiB 
2026-09-29T15:52:01Z mem_used_mb=6861 mem_avail_mb=25213 disk_free_gb=70 acmg-source=4.792GiB 31.32GiB 
2026-09-29T15:52:32Z mem_used_mb=6835 mem_avail_mb=25240 disk_free_gb=70 acmg-source=4.763GiB 31.32GiB 
2026-09-29T15:53:03Z mem_used_mb=6673 mem_avail_mb=25402 disk_free_gb=70 acmg-source=4.77GiB 31.32GiB 
2026-09-29T15:53:34Z mem_used_mb=6779 mem_avail_mb=25295 disk_free_gb=70 acmg-source=4.723GiB 31.32GiB 
2026-09-29T15:54:05Z mem_used_mb=7038 mem_avail_mb=25036 disk_free_gb=69 acmg-source=4.706GiB 31.32GiB 
2026-09-29T15:54:36Z mem_used_mb=7267 mem_avail_mb=24808 disk_free_gb=69 acmg-source=4.686GiB 31.32GiB 
2026-09-29T15:55:07Z mem_used_mb=6751 mem_avail_mb=25324 disk_free_gb=69 acmg-source=4.64GiB 31.32GiB 
2026-09-29T15:55:38Z mem_used_mb=6850 mem_avail_mb=25224 disk_free_gb=69 acmg-source=4.65GiB 31.32GiB 
2026-09-29T15:56:09Z mem_used_mb=6759 mem_avail_mb=25316 disk_free_gb=69 acmg-source=4.653GiB 31.32GiB 
2026-09-29T15:56:40Z mem_used_mb=7100 mem_avail_mb=24975 disk_free_gb=69 acmg-source=4.626GiB 31.32GiB 
2026-09-29T15:57:11Z mem_used_mb=6583 mem_avail_mb=25491 disk_free_gb=68 acmg-source=4.607GiB 31.32GiB 
2026-09-29T15:57:42Z mem_used_mb=6867 mem_avail_mb=25208 disk_free_gb=68 acmg-source=4.622GiB 31.32GiB 
2026-09-29T15:58:14Z mem_used_mb=7019 mem_avail_mb=25055 disk_free_gb=68 acmg-source=4.922GiB 31.32GiB 
2026-09-29T15:58:45Z mem_used_mb=6615 mem_avail_mb=25460 disk_free_gb=68 acmg-source=4.857GiB 31.32GiB 
2026-09-29T15:59:16Z mem_used_mb=6897 mem_avail_mb=25178 disk_free_gb=68 acmg-source=4.842GiB 31.32GiB 
2026-09-29T15:59:47Z mem_used_mb=6606 mem_avail_mb=25469 disk_free_gb=68 acmg-source=4.823GiB 31.32GiB 
2026-09-29T16:00:18Z mem_used_mb=6931 mem_avail_mb=25143 disk_free_gb=68 acmg-source=4.803GiB 31.32GiB 
2026-09-29T16:00:49Z mem_used_mb=6439 mem_avail_mb=25635 disk_free_gb=68 acmg-source=4.765GiB 31.32GiB 
2026-09-29T16:01:20Z mem_used_mb=6505 mem_avail_mb=25569 disk_free_gb=67 acmg-source=4.769GiB 31.32GiB 
2026-09-29T16:01:51Z mem_used_mb=6505 mem_avail_mb=25569 disk_free_gb=67 acmg-source=4.73GiB 31.32GiB 
2026-09-29T16:02:22Z mem_used_mb=6374 mem_avail_mb=25701 disk_free_gb=67 acmg-source=4.696GiB 31.32GiB 
2026-09-29T16:02:53Z mem_used_mb=6409 mem_avail_mb=25665 disk_free_gb=67 acmg-source=4.714GiB 31.32GiB 
2026-09-29T16:03:24Z mem_used_mb=6370 mem_avail_mb=25704 disk_free_gb=67 acmg-source=4.746GiB 31.32GiB 
2026-09-29T16:03:55Z mem_used_mb=6595 mem_avail_mb=25480 disk_free_gb=67 acmg-source=4.665GiB 31.32GiB 
2026-09-29T16:04:26Z mem_used_mb=5967 mem_avail_mb=26107 disk_free_gb=67 acmg-source=4.681GiB 31.32GiB 
2026-09-29T16:04:57Z mem_used_mb=6774 mem_avail_mb=25300 disk_free_gb=67 acmg-source=4.993GiB 31.32GiB 
2026-09-29T16:05:28Z mem_used_mb=6494 mem_avail_mb=25581 disk_free_gb=66 acmg-source=4.917GiB 31.32GiB 
2026-09-29T16:05:59Z mem_used_mb=6529 mem_avail_mb=25546 disk_free_gb=66 acmg-source=4.878GiB 31.32GiB 
2026-09-29T16:06:30Z mem_used_mb=6517 mem_avail_mb=25558 disk_free_gb=66 acmg-source=4.848GiB 31.32GiB 
2026-09-29T16:07:01Z mem_used_mb=2771 mem_avail_mb=29303 disk_free_gb=64 acmg-source=1.066GiB 31.32GiB 
2026-09-29T16:07:32Z mem_used_mb=6890 mem_avail_mb=25182 disk_free_gb=73 acmg-source=6.074GiB 31.32GiB 
2026-09-29T16:08:03Z mem_used_mb=6202 mem_avail_mb=25869 disk_free_gb=74 acmg-source=3.365GiB 31.32GiB 
2026-09-29T16:08:34Z mem_used_mb=5982 mem_avail_mb=26090 disk_free_gb=74 acmg-source=3.431GiB 31.32GiB 
2026-09-29T16:09:06Z mem_used_mb=7917 mem_avail_mb=24144 disk_free_gb=73 acmg-source=4.345GiB 31.32GiB 
2026-09-29T16:09:37Z mem_used_mb=3313 mem_avail_mb=28760 disk_free_gb=73 acmg-source=1.775GiB 31.32GiB 
2026-09-29T16:10:08Z mem_used_mb=8490 mem_avail_mb=23585 disk_free_gb=72 acmg-source=6.739GiB 31.32GiB 
2026-09-29T16:10:39Z mem_used_mb=7794 mem_avail_mb=24281 disk_free_gb=71 acmg-source=6.151GiB 31.32GiB 
2026-09-29T16:11:10Z mem_used_mb=9339 mem_avail_mb=22730 disk_free_gb=70 acmg-source=6.881GiB 31.32GiB 
2026-09-29T16:11:41Z mem_used_mb=8634 mem_avail_mb=23441 disk_free_gb=71 acmg-source=6.944GiB 31.32GiB 
2026-09-29T16:12:12Z mem_used_mb=8663 mem_avail_mb=23411 disk_free_gb=70 acmg-source=7.884GiB 31.32GiB 
2026-09-29T16:12:43Z mem_used_mb=10022 mem_avail_mb=22050 disk_free_gb=70 acmg-source=8.92GiB 31.32GiB 
2026-09-29T16:13:14Z mem_used_mb=10019 mem_avail_mb=22072 disk_free_gb=69 acmg-source=8.489GiB 31.32GiB 
2026-09-29T16:13:45Z mem_used_mb=7604 mem_avail_mb=24471 disk_free_gb=69 acmg-source=6.215GiB 31.32GiB 
2026-09-29T16:14:16Z mem_used_mb=5819 mem_avail_mb=26255 disk_free_gb=70 acmg-oracle=4.641GiB 31.32GiB acmg-source=331.4MiB31.32GiB 
2026-09-29T16:14:48Z mem_used_mb=7016 mem_avail_mb=25059 disk_free_gb=69 acmg-oracle=4.332GiB 31.32GiB acmg-source=331.4MiB31.32GiB 
2026-09-29T16:15:20Z mem_used_mb=6712 mem_avail_mb=25362 disk_free_gb=69 acmg-oracle=4.377GiB 31.32GiB acmg-source=331.4MiB31.32GiB 
2026-09-29T16:15:53Z mem_used_mb=4019 mem_avail_mb=28055 disk_free_gb=69 acmg-oracle=1.26GiB 31.32GiB acmg-source=331.4MiB31.32GiB 
2026-09-29T16:16:25Z mem_used_mb=2430 mem_avail_mb=29644 disk_free_gb=69 acmg-oracle=47.12MiB31.32GiB acmg-source=851.3MiB31.32GiB 
2026-09-29T16:16:57Z mem_used_mb=4371 mem_avail_mb=27703 disk_free_gb=69 acmg-oracle=47.12MiB31.32GiB acmg-source=879.2MiB31.32GiB 
2026-09-29T16:17:29Z mem_used_mb=5288 mem_avail_mb=26787 disk_free_gb=69 acmg-oracle=47.12MiB31.32GiB acmg-source=879.2MiB31.32GiB 
2026-09-29T16:18:01Z mem_used_mb=4969 mem_avail_mb=27106 disk_free_gb=69 acmg-oracle=47.12MiB31.32GiB acmg-source=879.2MiB31.32GiB 
2026-09-29T16:18:33Z mem_used_mb=5008 mem_avail_mb=27066 disk_free_gb=69 acmg-oracle=47.37MiB31.32GiB acmg-source=879.2MiB31.32GiB 
2026-09-29T16:19:05Z mem_used_mb=5057 mem_avail_mb=27018 disk_free_gb=69 acmg-oracle=47.12MiB31.32GiB acmg-source=879.5MiB31.32GiB 
2026-09-29T16:19:37Z mem_used_mb=5061 mem_avail_mb=27013 disk_free_gb=69 acmg-oracle=47.12MiB31.32GiB acmg-source=879.2MiB31.32GiB 
2026-09-29T16:20:09Z mem_used_mb=5095 mem_avail_mb=26979 disk_free_gb=69 acmg-oracle=47.12MiB31.32GiB acmg-source=879.2MiB31.32GiB 
2026-09-29T16:20:41Z mem_used_mb=5070 mem_avail_mb=27005 disk_free_gb=69 acmg-oracle=47.12MiB31.32GiB acmg-source=879.2MiB31.32GiB 
2026-09-29T16:21:13Z mem_used_mb=5054 mem_avail_mb=27020 disk_free_gb=69 acmg-oracle=47.12MiB31.32GiB acmg-source=879.5MiB31.32GiB 
2026-09-29T16:21:45Z mem_used_mb=5117 mem_avail_mb=26958 disk_free_gb=68 acmg-oracle=47.12MiB31.32GiB acmg-source=879.2MiB31.32GiB 
2026-09-29T16:22:17Z mem_used_mb=5069 mem_avail_mb=27006 disk_free_gb=68 acmg-oracle=47.12MiB31.32GiB acmg-source=879.2MiB31.32GiB 
2026-09-29T16:22:50Z mem_used_mb=5051 mem_avail_mb=27024 disk_free_gb=68 acmg-oracle=47.12MiB31.32GiB acmg-source=879.2MiB31.32GiB 
2026-09-29T16:23:22Z mem_used_mb=5065 mem_avail_mb=27009 disk_free_gb=68 acmg-oracle=47.12MiB31.32GiB acmg-source=879.2MiB31.32GiB 
2026-09-29T16:23:54Z mem_used_mb=5083 mem_avail_mb=26992 disk_free_gb=68 acmg-oracle=47.12MiB31.32GiB acmg-source=879.2MiB31.32GiB 
2026-09-29T16:24:26Z mem_used_mb=5069 mem_avail_mb=27006 disk_free_gb=68 acmg-oracle=47.12MiB31.32GiB acmg-source=879.2MiB31.32GiB 
2026-09-29T16:24:58Z mem_used_mb=5068 mem_avail_mb=27007 disk_free_gb=68 acmg-oracle=47.12MiB31.32GiB acmg-source=879.2MiB31.32GiB 
2026-09-29T16:25:30Z mem_used_mb=5106 mem_avail_mb=26968 disk_free_gb=68 acmg-oracle=47.12MiB31.32GiB acmg-source=879.2MiB31.32GiB 
2026-09-29T16:26:02Z mem_used_mb=5077 mem_avail_mb=26998 disk_free_gb=68 acmg-oracle=47.37MiB31.32GiB acmg-source=879.2MiB31.32GiB 
2026-09-29T16:26:34Z mem_used_mb=5069 mem_avail_mb=27006 disk_free_gb=68 acmg-oracle=47.12MiB31.32GiB acmg-source=879.2MiB31.32GiB 
2026-09-29T16:27:06Z mem_used_mb=5101 mem_avail_mb=26973 disk_free_gb=68 acmg-oracle=47.12MiB31.32GiB acmg-source=879.2MiB31.32GiB 
2026-09-29T16:27:38Z mem_used_mb=5073 mem_avail_mb=27002 disk_free_gb=68 acmg-oracle=47.12MiB31.32GiB acmg-source=879.2MiB31.32GiB 
2026-09-29T16:28:10Z mem_used_mb=5063 mem_avail_mb=27012 disk_free_gb=68 acmg-oracle=47.12MiB31.32GiB acmg-source=879.2MiB31.32GiB 
2026-09-29T16:28:42Z mem_used_mb=5123 mem_avail_mb=26951 disk_free_gb=67 acmg-oracle=47.37MiB31.32GiB acmg-source=879.2MiB31.32GiB 
2026-09-29T16:29:14Z mem_used_mb=5076 mem_avail_mb=26999 disk_free_gb=67 acmg-oracle=47.12MiB31.32GiB acmg-source=879.2MiB31.32GiB 
2026-09-29T16:29:46Z mem_used_mb=5054 mem_avail_mb=27021 disk_free_gb=67 acmg-oracle=47.37MiB31.32GiB acmg-source=879.2MiB31.32GiB 
2026-09-29T16:30:18Z mem_used_mb=5063 mem_avail_mb=27011 disk_free_gb=67 acmg-oracle=47.37MiB31.32GiB acmg-source=879.2MiB31.32GiB 
2026-09-29T16:30:51Z mem_used_mb=5088 mem_avail_mb=26987 disk_free_gb=67 acmg-oracle=47.37MiB31.32GiB acmg-source=879.2MiB31.32GiB 
2026-09-29T16:31:23Z mem_used_mb=5060 mem_avail_mb=27015 disk_free_gb=67 acmg-oracle=47.37MiB31.32GiB acmg-source=879.2MiB31.32GiB 
2026-09-29T16:31:55Z mem_used_mb=5056 mem_avail_mb=27018 disk_free_gb=67 acmg-oracle=47.12MiB31.32GiB acmg-source=879.2MiB31.32GiB 
2026-09-29T16:32:27Z mem_used_mb=5106 mem_avail_mb=26969 disk_free_gb=67 acmg-oracle=47.12MiB31.32GiB acmg-source=879.2MiB31.32GiB 
2026-09-29T16:32:59Z mem_used_mb=5064 mem_avail_mb=27011 disk_free_gb=67 acmg-oracle=47.37MiB31.32GiB acmg-source=879.2MiB31.32GiB 
2026-09-29T16:33:31Z mem_used_mb=5044 mem_avail_mb=27031 disk_free_gb=67 acmg-oracle=47.12MiB31.32GiB acmg-source=879.2MiB31.32GiB 
2026-09-29T16:34:03Z mem_used_mb=5110 mem_avail_mb=26965 disk_free_gb=67 acmg-oracle=47.12MiB31.32GiB acmg-source=879.2MiB31.32GiB 
2026-09-29T16:34:35Z mem_used_mb=5070 mem_avail_mb=27005 disk_free_gb=67 acmg-oracle=47.12MiB31.32GiB acmg-source=879.2MiB31.32GiB 
2026-09-29T16:35:07Z mem_used_mb=5055 mem_avail_mb=27019 disk_free_gb=67 acmg-oracle=47.12MiB31.32GiB acmg-source=879.2MiB31.32GiB 
2026-09-29T16:35:39Z mem_used_mb=5049 mem_avail_mb=27025 disk_free_gb=66 acmg-oracle=47.12MiB31.32GiB acmg-source=879.2MiB31.32GiB 
2026-09-29T16:36:11Z mem_used_mb=5103 mem_avail_mb=26972 disk_free_gb=66 acmg-oracle=47.37MiB31.32GiB acmg-source=879.5MiB31.32GiB 
2026-09-29T16:36:42Z mem_used_mb=5073 mem_avail_mb=27002 disk_free_gb=66 acmg-oracle=47.12MiB31.32GiB acmg-source=879.2MiB31.32GiB 
2026-09-29T16:37:14Z mem_used_mb=5066 mem_avail_mb=27009 disk_free_gb=66 acmg-oracle=47.12MiB31.32GiB acmg-source=879.2MiB31.32GiB 
2026-09-29T16:37:46Z mem_used_mb=5076 mem_avail_mb=26999 disk_free_gb=66 acmg-oracle=47.12MiB31.32GiB acmg-source=879.2MiB31.32GiB 
2026-09-29T16:38:18Z mem_used_mb=5067 mem_avail_mb=27008 disk_free_gb=66 acmg-oracle=47.37MiB31.32GiB acmg-source=879.2MiB31.32GiB 
2026-09-29T16:38:50Z mem_used_mb=5076 mem_avail_mb=26999 disk_free_gb=66 acmg-oracle=47.12MiB31.32GiB acmg-source=879.2MiB31.32GiB 
2026-09-29T16:39:23Z mem_used_mb=5060 mem_avail_mb=27015 disk_free_gb=66 acmg-oracle=47.37MiB31.32GiB acmg-source=879.2MiB31.32GiB 
2026-09-29T16:39:55Z mem_used_mb=5064 mem_avail_mb=27011 disk_free_gb=66 acmg-oracle=47.12MiB31.32GiB acmg-source=879.2MiB31.32GiB 
2026-09-29T16:40:27Z mem_used_mb=5059 mem_avail_mb=27015 disk_free_gb=66 acmg-oracle=47.12MiB31.32GiB acmg-source=879.2MiB31.32GiB 
2026-09-29T16:40:59Z mem_used_mb=5082 mem_avail_mb=26992 disk_free_gb=66 acmg-oracle=47.37MiB31.32GiB acmg-source=879.2MiB31.32GiB 
2026-09-29T16:41:31Z mem_used_mb=5068 mem_avail_mb=27007 disk_free_gb=65 acmg-oracle=47.12MiB31.32GiB acmg-source=879.2MiB31.32GiB 
2026-09-29T16:42:03Z mem_used_mb=5061 mem_avail_mb=27014 disk_free_gb=65 acmg-oracle=47.12MiB31.32GiB acmg-source=879.2MiB31.32GiB 
2026-09-29T16:42:35Z mem_used_mb=5054 mem_avail_mb=27020 disk_free_gb=65 acmg-oracle=47.12MiB31.32GiB acmg-source=879.5MiB31.32GiB 
2026-09-29T16:43:07Z mem_used_mb=5064 mem_avail_mb=27011 disk_free_gb=65 acmg-oracle=47.12MiB31.32GiB acmg-source=879.2MiB31.32GiB 
2026-09-29T16:43:39Z mem_used_mb=5069 mem_avail_mb=27006 disk_free_gb=65 acmg-oracle=47.12MiB31.32GiB acmg-source=879.2MiB31.32GiB 
2026-09-29T16:44:11Z mem_used_mb=5049 mem_avail_mb=27026 disk_free_gb=65 acmg-oracle=47.12MiB31.32GiB acmg-source=879.2MiB31.32GiB 
2026-09-29T16:44:43Z mem_used_mb=5046 mem_avail_mb=27029 disk_free_gb=65 acmg-oracle=47.12MiB31.32GiB acmg-source=879.2MiB31.32GiB 
2026-09-29T16:45:15Z mem_used_mb=5046 mem_avail_mb=27029 disk_free_gb=65 acmg-oracle=47.12MiB31.32GiB acmg-source=879.2MiB31.32GiB 
2026-09-29T16:45:46Z mem_used_mb=5043 mem_avail_mb=27032 disk_free_gb=65 acmg-oracle=47.12MiB31.32GiB acmg-source=879.2MiB31.32GiB 
2026-09-29T16:46:18Z mem_used_mb=5062 mem_avail_mb=27012 disk_free_gb=65 acmg-oracle=47.12MiB31.32GiB acmg-source=879.2MiB31.32GiB 
2026-09-29T16:46:50Z mem_used_mb=5065 mem_avail_mb=27008 disk_free_gb=65 acmg-oracle=47.37MiB31.32GiB acmg-source=879.2MiB31.32GiB 
2026-09-29T16:47:22Z mem_used_mb=5057 mem_avail_mb=27018 disk_free_gb=64 acmg-oracle=47.12MiB31.32GiB acmg-source=879.2MiB31.32GiB 
2026-09-29T16:47:55Z mem_used_mb=4916 mem_avail_mb=27158 disk_free_gb=64 acmg-oracle=47.12MiB31.32GiB acmg-source=879.2MiB31.32GiB 
2026-09-29T16:48:27Z mem_used_mb=4938 mem_avail_mb=27137 disk_free_gb=64 acmg-oracle=47.12MiB31.32GiB acmg-source=879.2MiB31.32GiB 
2026-09-29T16:48:59Z mem_used_mb=4945 mem_avail_mb=27129 disk_free_gb=64 acmg-oracle=47.12MiB31.32GiB acmg-source=879.2MiB31.32GiB 
2026-09-29T16:49:31Z mem_used_mb=4940 mem_avail_mb=27135 disk_free_gb=64 acmg-oracle=47.37MiB31.32GiB acmg-source=879.2MiB31.32GiB 
2026-09-29T16:50:03Z mem_used_mb=4948 mem_avail_mb=27127 disk_free_gb=64 acmg-oracle=47.32MiB31.32GiB acmg-source=879.2MiB31.32GiB 
2026-09-29T16:50:35Z mem_used_mb=4940 mem_avail_mb=27135 disk_free_gb=64 acmg-oracle=47.07MiB31.32GiB acmg-source=879.2MiB31.32GiB 
2026-09-29T16:51:07Z mem_used_mb=4960 mem_avail_mb=27114 disk_free_gb=64 acmg-oracle=47.07MiB31.32GiB acmg-source=879.2MiB31.32GiB 
2026-09-29T16:51:39Z mem_used_mb=4951 mem_avail_mb=27124 disk_free_gb=64 acmg-oracle=47.07MiB31.32GiB acmg-source=879.2MiB31.32GiB 
2026-09-29T16:52:11Z mem_used_mb=4953 mem_avail_mb=27121 disk_free_gb=64 acmg-oracle=47.07MiB31.32GiB acmg-source=879.5MiB31.32GiB 
2026-09-29T16:52:43Z mem_used_mb=4965 mem_avail_mb=27109 disk_free_gb=64 acmg-oracle=47.07MiB31.32GiB acmg-source=879.2MiB31.32GiB 
2026-09-29T16:53:15Z mem_used_mb=4983 mem_avail_mb=27091 disk_free_gb=63 acmg-oracle=46.83MiB31.32GiB acmg-source=879.2MiB31.32GiB 
2026-09-29T16:53:47Z mem_used_mb=4967 mem_avail_mb=27107 disk_free_gb=63 acmg-oracle=46.83MiB31.32GiB acmg-source=879.2MiB31.32GiB 
2026-09-29T16:54:19Z mem_used_mb=4509 mem_avail_mb=27566 disk_free_gb=63 acmg-oracle=44.64MiB31.32GiB acmg-source=908.7MiB31.32GiB 
2026-09-29T16:54:51Z mem_used_mb=7449 mem_avail_mb=24625 disk_free_gb=62 acmg-view=5.284GiB 31.32GiB acmg-oracle=44.64MiB31.32GiB acmg-source=908.7MiB31.32GiB 
2026-09-29T16:55:23Z mem_used_mb=7351 mem_avail_mb=24708 disk_free_gb=62 acmg-view=5.299GiB 31.32GiB acmg-oracle=44.64MiB31.32GiB acmg-source=908.7MiB31.32GiB 
2026-09-29T16:55:55Z mem_used_mb=7352 mem_avail_mb=24723 disk_free_gb=61 acmg-view=5.308GiB 31.32GiB acmg-oracle=44.43MiB31.32GiB acmg-source=908.4MiB31.32GiB 
2026-09-29T16:56:28Z mem_used_mb=7492 mem_avail_mb=24608 disk_free_gb=60 acmg-view=5.364GiB 31.32GiB acmg-oracle=44.23MiB31.32GiB acmg-source=912.8MiB31.32GiB 
2026-09-29T16:57:00Z mem_used_mb=7475 mem_avail_mb=24599 disk_free_gb=59 acmg-view=5.108GiB 31.32GiB acmg-oracle=43.85MiB31.32GiB acmg-source=921.1MiB31.32GiB 
2026-09-29T16:57:32Z mem_used_mb=7570 mem_avail_mb=24517 disk_free_gb=58 acmg-view=5.548GiB 31.32GiB acmg-oracle=42.95MiB31.32GiB acmg-source=926MiB31.32GiB 
2026-09-29T16:58:04Z mem_used_mb=7744 mem_avail_mb=24334 disk_free_gb=57 acmg-view=5.114GiB 31.32GiB acmg-oracle=42.49MiB31.32GiB acmg-source=914.2MiB31.32GiB 
2026-09-29T16:58:36Z mem_used_mb=7348 mem_avail_mb=24722 disk_free_gb=56 acmg-view=5.109GiB 31.32GiB acmg-oracle=42.18MiB31.32GiB acmg-source=911.5MiB31.32GiB 
2026-09-29T16:59:08Z mem_used_mb=7491 mem_avail_mb=24588 disk_free_gb=56 acmg-view=5.074GiB 31.32GiB acmg-oracle=41.59MiB31.32GiB acmg-source=898.3MiB31.32GiB 
2026-09-29T16:59:40Z mem_used_mb=7521 mem_avail_mb=24552 disk_free_gb=55 acmg-view=5.196GiB 31.32GiB acmg-oracle=41.31MiB31.32GiB acmg-source=889.7MiB31.32GiB 
2026-09-29T17:00:12Z mem_used_mb=7174 mem_avail_mb=24900 disk_free_gb=54 acmg-view=5.21GiB 31.32GiB acmg-oracle=40.75MiB31.32GiB acmg-source=900.4MiB31.32GiB 
2026-09-29T17:00:44Z mem_used_mb=7130 mem_avail_mb=24944 disk_free_gb=53 acmg-view=5.207GiB 31.32GiB acmg-oracle=40.35MiB31.32GiB acmg-source=897.8MiB31.32GiB 
2026-09-29T17:01:16Z mem_used_mb=7414 mem_avail_mb=24660 disk_free_gb=52 acmg-view=5.35GiB 31.32GiB acmg-oracle=40.23MiB31.32GiB acmg-source=891.7MiB31.32GiB 
2026-09-29T17:01:49Z mem_used_mb=3290 mem_avail_mb=28784 disk_free_gb=51 acmg-view=1.038GiB 31.32GiB acmg-oracle=40.1MiB31.32GiB acmg-source=883.9MiB31.32GiB 
2026-09-29T17:02:21Z mem_used_mb=3101 mem_avail_mb=28973 disk_free_gb=49 acmg-view=1.147GiB 31.32GiB acmg-oracle=40.1MiB31.32GiB acmg-source=882MiB31.32GiB 
2026-09-29T17:02:53Z mem_used_mb=7721 mem_avail_mb=24346 disk_free_gb=59 acmg-view=5.642GiB 31.32GiB acmg-oracle=39.86MiB31.32GiB acmg-source=874.4MiB31.32GiB 
2026-09-29T17:03:25Z mem_used_mb=6554 mem_avail_mb=25521 disk_free_gb=60 acmg-view=2.6GiB 31.32GiB acmg-oracle=39.86MiB31.32GiB acmg-source=874.4MiB31.32GiB 
2026-09-29T17:03:57Z mem_used_mb=6612 mem_avail_mb=25463 disk_free_gb=59 acmg-view=2.684GiB 31.32GiB acmg-oracle=39.86MiB31.32GiB acmg-source=874.4MiB31.32GiB 
2026-09-29T17:04:29Z mem_used_mb=6446 mem_avail_mb=25630 disk_free_gb=58 acmg-view=5.167GiB 31.32GiB acmg-oracle=39.86MiB31.32GiB acmg-source=874.4MiB31.32GiB 
2026-09-29T17:05:01Z mem_used_mb=12885 mem_avail_mb=19177 disk_free_gb=58 acmg-view=9.073GiB 31.32GiB acmg-oracle=39.86MiB31.32GiB acmg-source=873.9MiB31.32GiB 
2026-09-29T17:05:33Z mem_used_mb=10730 mem_avail_mb=21344 disk_free_gb=57 acmg-view=8.204GiB 31.32GiB acmg-oracle=39.86MiB31.32GiB acmg-source=873.9MiB31.32GiB 
2026-09-29T17:06:04Z mem_used_mb=7946 mem_avail_mb=24090 disk_free_gb=56 acmg-view=6.845GiB 31.32GiB acmg-oracle=39.86MiB31.32GiB acmg-source=873.9MiB31.32GiB 
2026-09-29T17:06:37Z mem_used_mb=6071 mem_avail_mb=26002 disk_free_gb=56 acmg-view=4.612GiB 31.32GiB acmg-oracle=39.4MiB31.32GiB acmg-source=872.6MiB31.32GiB 
2026-09-29T17:07:09Z mem_used_mb=6054 mem_avail_mb=26021 disk_free_gb=56 acmg-view=7.822GiB 31.32GiB acmg-oracle=39.4MiB31.32GiB acmg-source=872.6MiB31.32GiB 
2026-09-29T17:07:41Z mem_used_mb=6800 mem_avail_mb=25273 disk_free_gb=56 acmg-view=4.803GiB 31.32GiB acmg-oracle=39.4MiB31.32GiB acmg-source=872.6MiB31.32GiB 
2026-09-29T17:08:13Z mem_used_mb=10727 mem_avail_mb=21346 disk_free_gb=55 acmg-view=6.361GiB 31.32GiB acmg-oracle=39.4MiB31.32GiB acmg-source=872.6MiB31.32GiB 
2026-09-29T17:08:45Z mem_used_mb=7146 mem_avail_mb=24927 disk_free_gb=55 acmg-view=6.629GiB 31.32GiB acmg-oracle=39.3MiB31.32GiB acmg-source=874.1MiB31.32GiB 
2026-09-29T17:09:17Z mem_used_mb=3112 mem_avail_mb=28974 disk_free_gb=55 acmg-view=313.3MiB31.32GiB acmg-oracle=39.3MiB31.32GiB acmg-source=876.9MiB31.32GiB 
2026-09-29T17:09:49Z mem_used_mb=4378 mem_avail_mb=27697 disk_free_gb=55 acmg-view=313.6MiB31.32GiB acmg-oracle=39.3MiB31.32GiB acmg-source=875.4MiB31.32GiB 
2026-09-29T17:10:21Z mem_used_mb=4372 mem_avail_mb=27703 disk_free_gb=55 acmg-view=313.3MiB31.32GiB acmg-oracle=39.3MiB31.32GiB acmg-source=875.1MiB31.32GiB 
2026-09-29T17:10:53Z mem_used_mb=4420 mem_avail_mb=27654 disk_free_gb=55 acmg-view=313.3MiB31.32GiB acmg-oracle=39.3MiB31.32GiB acmg-source=875.4MiB31.32GiB 
2026-09-29T17:11:25Z mem_used_mb=4465 mem_avail_mb=27610 disk_free_gb=55 acmg-view=313.3MiB31.32GiB acmg-oracle=39.3MiB31.32GiB acmg-source=875.1MiB31.32GiB 
2026-09-29T17:11:57Z mem_used_mb=4452 mem_avail_mb=27623 disk_free_gb=55 acmg-view=313.3MiB31.32GiB acmg-oracle=39.3MiB31.32GiB acmg-source=875.1MiB31.32GiB 
2026-09-29T17:12:29Z mem_used_mb=4447 mem_avail_mb=27627 disk_free_gb=55 acmg-view=313.3MiB31.32GiB acmg-oracle=39.3MiB31.32GiB acmg-source=875.4MiB31.32GiB 
2026-09-29T17:13:01Z mem_used_mb=4447 mem_avail_mb=27628 disk_free_gb=55 acmg-view=313.3MiB31.32GiB acmg-oracle=39.3MiB31.32GiB acmg-source=875.1MiB31.32GiB 
2026-09-29T17:13:34Z mem_used_mb=4426 mem_avail_mb=27649 disk_free_gb=55 acmg-view=313.3MiB31.32GiB acmg-oracle=39.3MiB31.32GiB acmg-source=875.4MiB31.32GiB 
2026-09-29T17:14:06Z mem_used_mb=4425 mem_avail_mb=27650 disk_free_gb=55 acmg-view=313.3MiB31.32GiB acmg-oracle=39.3MiB31.32GiB acmg-source=875.4MiB31.32GiB 
2026-09-29T17:14:38Z mem_used_mb=4443 mem_avail_mb=27631 disk_free_gb=55 acmg-view=313.3MiB31.32GiB acmg-oracle=39.3MiB31.32GiB acmg-source=875.4MiB31.32GiB 
2026-09-29T17:15:10Z mem_used_mb=4420 mem_avail_mb=27655 disk_free_gb=55 acmg-view=313.3MiB31.32GiB acmg-oracle=39.3MiB31.32GiB acmg-source=875.4MiB31.32GiB 
2026-09-29T17:15:42Z mem_used_mb=4405 mem_avail_mb=27670 disk_free_gb=55 acmg-view=313.3MiB31.32GiB acmg-oracle=39.55MiB31.32GiB acmg-source=875.1MiB31.32GiB 
2026-09-29T17:16:14Z mem_used_mb=4403 mem_avail_mb=27672 disk_free_gb=55 acmg-view=313.3MiB31.32GiB acmg-oracle=39.3MiB31.32GiB acmg-source=875.1MiB31.32GiB 
2026-09-29T17:16:46Z mem_used_mb=4406 mem_avail_mb=27668 disk_free_gb=55 acmg-view=313.3MiB31.32GiB acmg-oracle=39.3MiB31.32GiB acmg-source=875.1MiB31.32GiB 
2026-09-29T17:17:18Z mem_used_mb=4392 mem_avail_mb=27683 disk_free_gb=55 acmg-view=313.3MiB31.32GiB acmg-oracle=39.3MiB31.32GiB acmg-source=875.1MiB31.32GiB 
2026-09-29T17:17:50Z mem_used_mb=4450 mem_avail_mb=27625 disk_free_gb=55 acmg-view=313.3MiB31.32GiB acmg-oracle=39.3MiB31.32GiB acmg-source=875.1MiB31.32GiB 
2026-09-29T17:18:22Z mem_used_mb=4419 mem_avail_mb=27656 disk_free_gb=55 acmg-view=313.3MiB31.32GiB acmg-oracle=39.3MiB31.32GiB acmg-source=875.1MiB31.32GiB 
2026-09-29T17:18:54Z mem_used_mb=4406 mem_avail_mb=27668 disk_free_gb=55 acmg-view=313.3MiB31.32GiB acmg-oracle=39.3MiB31.32GiB acmg-source=875.4MiB31.32GiB 
2026-09-29T17:19:26Z mem_used_mb=4400 mem_avail_mb=27674 disk_free_gb=55 acmg-view=313.3MiB31.32GiB acmg-oracle=39.3MiB31.32GiB acmg-source=875.1MiB31.32GiB 
2026-09-29T17:19:58Z mem_used_mb=4393 mem_avail_mb=27681 disk_free_gb=55 acmg-view=313.3MiB31.32GiB acmg-oracle=39.3MiB31.32GiB acmg-source=875.4MiB31.32GiB 
2026-09-29T17:20:31Z mem_used_mb=4388 mem_avail_mb=27686 disk_free_gb=55 acmg-view=313.3MiB31.32GiB acmg-oracle=39.3MiB31.32GiB acmg-source=875.1MiB31.32GiB 
2026-09-29T17:21:03Z mem_used_mb=4449 mem_avail_mb=27625 disk_free_gb=55 acmg-view=313.3MiB31.32GiB acmg-oracle=39.3MiB31.32GiB acmg-source=875.1MiB31.32GiB 
2026-09-29T17:21:35Z mem_used_mb=4416 mem_avail_mb=27658 disk_free_gb=55 acmg-view=313.3MiB31.32GiB acmg-oracle=39.3MiB31.32GiB acmg-source=875.1MiB31.32GiB 
2026-09-29T17:22:07Z mem_used_mb=4412 mem_avail_mb=27663 disk_free_gb=55 acmg-view=313.3MiB31.32GiB acmg-oracle=39.3MiB31.32GiB acmg-source=875.1MiB31.32GiB 
2026-09-29T17:22:39Z mem_used_mb=4402 mem_avail_mb=27672 disk_free_gb=55 acmg-view=313.3MiB31.32GiB acmg-oracle=39.3MiB31.32GiB acmg-source=875.1MiB31.32GiB 
2026-09-29T17:23:11Z mem_used_mb=4415 mem_avail_mb=27660 disk_free_gb=55 acmg-view=313.3MiB31.32GiB acmg-oracle=39.3MiB31.32GiB acmg-source=875.1MiB31.32GiB 
2026-09-29T17:23:43Z mem_used_mb=4398 mem_avail_mb=27677 disk_free_gb=55 acmg-view=313.6MiB31.32GiB acmg-oracle=39.3MiB31.32GiB acmg-source=875.1MiB31.32GiB 
2026-09-29T17:24:15Z mem_used_mb=4453 mem_avail_mb=27621 disk_free_gb=55 acmg-view=313.3MiB31.32GiB acmg-oracle=39.3MiB31.32GiB acmg-source=875.1MiB31.32GiB 
2026-09-29T17:24:47Z mem_used_mb=4432 mem_avail_mb=27643 disk_free_gb=55 acmg-view=313.3MiB31.32GiB acmg-oracle=39.3MiB31.32GiB acmg-source=875.1MiB31.32GiB 
2026-09-29T17:25:19Z mem_used_mb=4418 mem_avail_mb=27657 disk_free_gb=55 acmg-view=313.3MiB31.32GiB acmg-oracle=39.3MiB31.32GiB acmg-source=875.1MiB31.32GiB 
2026-09-29T17:25:51Z mem_used_mb=4414 mem_avail_mb=27661 disk_free_gb=55 acmg-view=313.3MiB31.32GiB acmg-oracle=39.3MiB31.32GiB acmg-source=875.1MiB31.32GiB 
2026-09-29T17:26:23Z mem_used_mb=4468 mem_avail_mb=27607 disk_free_gb=55 acmg-view=313.3MiB31.32GiB acmg-oracle=39.3MiB31.32GiB acmg-source=875.1MiB31.32GiB 
2026-09-29T17:26:55Z mem_used_mb=4458 mem_avail_mb=27616 disk_free_gb=55 acmg-view=313.3MiB31.32GiB acmg-oracle=39.3MiB31.32GiB acmg-source=875.1MiB31.32GiB 
2026-09-29T17:27:28Z mem_used_mb=4464 mem_avail_mb=27610 disk_free_gb=55 acmg-view=313.3MiB31.32GiB acmg-oracle=39.3MiB31.32GiB acmg-source=875.1MiB31.32GiB 
2026-09-29T17:28:00Z mem_used_mb=4450 mem_avail_mb=27625 disk_free_gb=55 acmg-view=313.3MiB31.32GiB acmg-oracle=39.3MiB31.32GiB acmg-source=875.1MiB31.32GiB 
2026-09-29T17:28:32Z mem_used_mb=4435 mem_avail_mb=27640 disk_free_gb=55 acmg-view=313.3MiB31.32GiB acmg-oracle=39.3MiB31.32GiB acmg-source=875.1MiB31.32GiB 
2026-09-29T17:29:04Z mem_used_mb=4427 mem_avail_mb=27648 disk_free_gb=55 acmg-view=313.3MiB31.32GiB acmg-oracle=39.3MiB31.32GiB acmg-source=875.1MiB31.32GiB 
2026-09-29T17:29:36Z mem_used_mb=4424 mem_avail_mb=27651 disk_free_gb=55 acmg-view=313.3MiB31.32GiB acmg-oracle=39.3MiB31.32GiB acmg-source=875.1MiB31.32GiB 
2026-09-29T17:30:08Z mem_used_mb=4420 mem_avail_mb=27655 disk_free_gb=55 acmg-view=313.3MiB31.32GiB acmg-oracle=39.3MiB31.32GiB acmg-source=875.1MiB31.32GiB 
2026-09-29T17:30:40Z mem_used_mb=4403 mem_avail_mb=27672 disk_free_gb=55 acmg-view=313.3MiB31.32GiB acmg-oracle=39.3MiB31.32GiB acmg-source=875.1MiB31.32GiB 
2026-09-29T17:31:12Z mem_used_mb=4446 mem_avail_mb=27628 disk_free_gb=55 acmg-view=313.3MiB31.32GiB acmg-oracle=39.3MiB31.32GiB acmg-source=875.1MiB31.32GiB 
2026-09-29T17:31:44Z mem_used_mb=4423 mem_avail_mb=27652 disk_free_gb=55 acmg-view=313.3MiB31.32GiB acmg-oracle=39.3MiB31.32GiB acmg-source=875.1MiB31.32GiB 
2026-09-29T17:32:16Z mem_used_mb=4406 mem_avail_mb=27668 disk_free_gb=55 acmg-view=313.6MiB31.32GiB acmg-oracle=39.3MiB31.32GiB acmg-source=875.1MiB31.32GiB 
2026-09-29T17:32:48Z mem_used_mb=4432 mem_avail_mb=27643 disk_free_gb=55 acmg-view=313.3MiB31.32GiB acmg-oracle=39.3MiB31.32GiB acmg-source=875.1MiB31.32GiB 
2026-09-29T17:33:20Z mem_used_mb=4417 mem_avail_mb=27658 disk_free_gb=55 acmg-view=313.3MiB31.32GiB acmg-oracle=39.55MiB31.32GiB acmg-source=875.1MiB31.32GiB 
2026-09-29T17:33:52Z mem_used_mb=4412 mem_avail_mb=27663 disk_free_gb=55 acmg-view=313.6MiB31.32GiB acmg-oracle=39.3MiB31.32GiB acmg-source=875.1MiB31.32GiB 
2026-09-29T17:34:24Z mem_used_mb=4467 mem_avail_mb=27607 disk_free_gb=55 acmg-view=313.3MiB31.32GiB acmg-oracle=39.3MiB31.32GiB acmg-source=875.1MiB31.32GiB 
2026-09-29T17:34:57Z mem_used_mb=4437 mem_avail_mb=27637 disk_free_gb=55 acmg-view=313.3MiB31.32GiB acmg-oracle=39.3MiB31.32GiB acmg-source=875.1MiB31.32GiB 
2026-09-29T17:35:29Z mem_used_mb=4414 mem_avail_mb=27661 disk_free_gb=55 acmg-view=313.3MiB31.32GiB acmg-oracle=39.3MiB31.32GiB acmg-source=875.1MiB31.32GiB 
2026-09-29T17:36:01Z mem_used_mb=4453 mem_avail_mb=27622 disk_free_gb=55 acmg-view=313.3MiB31.32GiB acmg-oracle=39.3MiB31.32GiB acmg-source=875.1MiB31.32GiB 
2026-09-29T17:36:33Z mem_used_mb=4426 mem_avail_mb=27648 disk_free_gb=55 acmg-view=313.3MiB31.32GiB acmg-oracle=39.3MiB31.32GiB acmg-source=875.1MiB31.32GiB 
2026-09-29T17:37:05Z mem_used_mb=4414 mem_avail_mb=27661 disk_free_gb=55 acmg-view=313.3MiB31.32GiB acmg-oracle=39.3MiB31.32GiB acmg-source=875.4MiB31.32GiB 
2026-09-29T17:37:37Z mem_used_mb=4401 mem_avail_mb=27674 disk_free_gb=55 acmg-view=313.3MiB31.32GiB acmg-oracle=39.3MiB31.32GiB acmg-source=875.1MiB31.32GiB 
2026-09-29T17:38:09Z mem_used_mb=4449 mem_avail_mb=27625 disk_free_gb=55 acmg-view=313.3MiB31.32GiB acmg-oracle=39.3MiB31.32GiB acmg-source=875.1MiB31.32GiB 
2026-09-29T17:38:41Z mem_used_mb=4431 mem_avail_mb=27644 disk_free_gb=55 acmg-view=313.3MiB31.32GiB acmg-oracle=39.3MiB31.32GiB acmg-source=875.1MiB31.32GiB 
2026-09-29T17:39:13Z mem_used_mb=4414 mem_avail_mb=27661 disk_free_gb=55 acmg-view=313.3MiB31.32GiB acmg-oracle=39.3MiB31.32GiB acmg-source=875.1MiB31.32GiB 
2026-09-29T17:39:45Z mem_used_mb=4441 mem_avail_mb=27634 disk_free_gb=55 acmg-view=313.3MiB31.32GiB acmg-oracle=39.3MiB31.32GiB acmg-source=875.1MiB31.32GiB 
2026-09-29T17:40:17Z mem_used_mb=4422 mem_avail_mb=27652 disk_free_gb=55 acmg-view=313.3MiB31.32GiB acmg-oracle=39.3MiB31.32GiB acmg-source=875.1MiB31.32GiB 
2026-09-29T17:40:49Z mem_used_mb=4409 mem_avail_mb=27665 disk_free_gb=55 acmg-view=313.3MiB31.32GiB acmg-oracle=39.3MiB31.32GiB acmg-source=875.1MiB31.32GiB 
2026-09-29T17:41:21Z mem_used_mb=4405 mem_avail_mb=27670 disk_free_gb=55 acmg-view=313.3MiB31.32GiB acmg-oracle=39.3MiB31.32GiB acmg-source=875.1MiB31.32GiB 
2026-09-29T17:41:53Z mem_used_mb=4437 mem_avail_mb=27638 disk_free_gb=55 acmg-view=313.3MiB31.32GiB acmg-oracle=39.3MiB31.32GiB acmg-source=875.1MiB31.32GiB 
2026-09-29T17:42:26Z mem_used_mb=4416 mem_avail_mb=27659 disk_free_gb=55 acmg-view=313.3MiB31.32GiB acmg-oracle=39.3MiB31.32GiB acmg-source=875.4MiB31.32GiB 
2026-09-29T17:42:58Z mem_used_mb=4411 mem_avail_mb=27664 disk_free_gb=55 acmg-view=313.3MiB31.32GiB acmg-oracle=39.3MiB31.32GiB acmg-source=875.1MiB31.32GiB 
2026-09-29T17:43:30Z mem_used_mb=4434 mem_avail_mb=27641 disk_free_gb=55 acmg-view=313.3MiB31.32GiB acmg-oracle=39.3MiB31.32GiB acmg-source=875.1MiB31.32GiB 
2026-09-29T17:44:02Z mem_used_mb=4415 mem_avail_mb=27660 disk_free_gb=55 acmg-view=313.3MiB31.32GiB acmg-oracle=39.55MiB31.32GiB acmg-source=875.1MiB31.32GiB 
2026-09-29T17:44:34Z mem_used_mb=4413 mem_avail_mb=27662 disk_free_gb=55 acmg-view=313.3MiB31.32GiB acmg-oracle=39.3MiB31.32GiB acmg-source=875.1MiB31.32GiB 
2026-09-29T17:45:06Z mem_used_mb=4454 mem_avail_mb=27621 disk_free_gb=55 acmg-view=313.3MiB31.32GiB acmg-oracle=39.3MiB31.32GiB acmg-source=875.1MiB31.32GiB 
2026-09-29T17:45:38Z mem_used_mb=4424 mem_avail_mb=27651 disk_free_gb=55 acmg-view=313.3MiB31.32GiB acmg-oracle=39.3MiB31.32GiB acmg-source=875.4MiB31.32GiB 
2026-09-29T17:46:10Z mem_used_mb=4405 mem_avail_mb=27670 disk_free_gb=55 acmg-view=313.3MiB31.32GiB acmg-oracle=39.3MiB31.32GiB acmg-source=875.1MiB31.32GiB 
2026-09-29T17:46:42Z mem_used_mb=4440 mem_avail_mb=27634 disk_free_gb=55 acmg-view=313.3MiB31.32GiB acmg-oracle=39.3MiB31.32GiB acmg-source=875.1MiB31.32GiB 
2026-09-29T17:47:14Z mem_used_mb=4417 mem_avail_mb=27658 disk_free_gb=55 acmg-view=313.3MiB31.32GiB acmg-oracle=39.55MiB31.32GiB acmg-source=875.1MiB31.32GiB 
2026-09-29T17:47:46Z mem_used_mb=4409 mem_avail_mb=27666 disk_free_gb=55 acmg-view=313.3MiB31.32GiB acmg-oracle=39.3MiB31.32GiB acmg-source=875.1MiB31.32GiB 
2026-09-29T17:48:18Z mem_used_mb=4405 mem_avail_mb=27670 disk_free_gb=55 acmg-view=313.3MiB31.32GiB acmg-oracle=39.55MiB31.32GiB acmg-source=875.1MiB31.32GiB 
2026-09-29T17:48:50Z mem_used_mb=4446 mem_avail_mb=27628 disk_free_gb=55 acmg-view=313.3MiB31.32GiB acmg-oracle=39.3MiB31.32GiB acmg-source=875.1MiB31.32GiB 
2026-09-29T17:49:23Z mem_used_mb=4432 mem_avail_mb=27643 disk_free_gb=55 acmg-view=313.3MiB31.32GiB acmg-oracle=39.3MiB31.32GiB acmg-source=875.1MiB31.32GiB 
2026-09-29T17:49:55Z mem_used_mb=4474 mem_avail_mb=27601 disk_free_gb=55 acmg-view=313.3MiB31.32GiB acmg-oracle=39.3MiB31.32GiB acmg-source=875.1MiB31.32GiB 
2026-09-29T17:50:27Z mem_used_mb=4426 mem_avail_mb=27648 disk_free_gb=55 acmg-view=313.6MiB31.32GiB acmg-oracle=39.3MiB31.32GiB acmg-source=875.1MiB31.32GiB 
2026-09-29T17:50:59Z mem_used_mb=4468 mem_avail_mb=27607 disk_free_gb=55 acmg-view=377.7MiB31.32GiB acmg-oracle=39.3MiB31.32GiB acmg-source=875.1MiB31.32GiB 
2026-09-29T17:51:31Z mem_used_mb=4468 mem_avail_mb=27607 disk_free_gb=55 acmg-view=374.7MiB31.32GiB acmg-oracle=39.3MiB31.32GiB acmg-source=875.1MiB31.32GiB 
2026-09-29T17:52:03Z mem_used_mb=4458 mem_avail_mb=27616 disk_free_gb=55 acmg-view=374.8MiB31.32GiB acmg-oracle=39.3MiB31.32GiB acmg-source=875.1MiB31.32GiB 
2026-09-29T17:52:35Z mem_used_mb=4458 mem_avail_mb=27616 disk_free_gb=55 acmg-view=362.8MiB31.32GiB acmg-oracle=39.3MiB31.32GiB acmg-source=875.1MiB31.32GiB 
2026-09-29T17:53:07Z mem_used_mb=4458 mem_avail_mb=27616 disk_free_gb=55 acmg-view=361.1MiB31.32GiB acmg-oracle=39.3MiB31.32GiB acmg-source=875.1MiB31.32GiB 
2026-09-29T17:53:39Z mem_used_mb=4448 mem_avail_mb=27627 disk_free_gb=55 acmg-view=363.9MiB31.32GiB acmg-oracle=39.3MiB31.32GiB acmg-source=875.4MiB31.32GiB 
2026-09-29T17:54:11Z mem_used_mb=4444 mem_avail_mb=27631 disk_free_gb=55 acmg-view=362.6MiB31.32GiB acmg-oracle=39.3MiB31.32GiB acmg-source=875.1MiB31.32GiB 
2026-09-29T17:54:43Z mem_used_mb=4438 mem_avail_mb=27636 disk_free_gb=55 acmg-view=361.3MiB31.32GiB acmg-oracle=39.3MiB31.32GiB acmg-source=875.1MiB31.32GiB 
2026-09-29T17:55:15Z mem_used_mb=4459 mem_avail_mb=27616 disk_free_gb=55 acmg-view=375.3MiB31.32GiB acmg-oracle=39.3MiB31.32GiB acmg-source=875.1MiB31.32GiB 
2026-09-29T17:55:47Z mem_used_mb=4451 mem_avail_mb=27624 disk_free_gb=55 acmg-view=375MiB31.32GiB acmg-oracle=39.3MiB31.32GiB acmg-source=875.1MiB31.32GiB 
2026-09-29T17:56:19Z mem_used_mb=4458 mem_avail_mb=27616 disk_free_gb=55 acmg-view=374MiB31.32GiB acmg-oracle=39.3MiB31.32GiB acmg-source=875.1MiB31.32GiB 
2026-09-29T17:56:52Z mem_used_mb=4457 mem_avail_mb=27617 disk_free_gb=55 acmg-view=378.6MiB31.32GiB acmg-oracle=39.3MiB31.32GiB acmg-source=875.1MiB31.32GiB 
2026-09-29T17:57:24Z mem_used_mb=4457 mem_avail_mb=27618 disk_free_gb=55 acmg-view=372.5MiB31.32GiB acmg-oracle=39.3MiB31.32GiB acmg-source=875.4MiB31.32GiB 
2026-09-29T17:57:56Z mem_used_mb=4453 mem_avail_mb=27621 disk_free_gb=55 acmg-view=358.6MiB31.32GiB acmg-oracle=39.3MiB31.32GiB acmg-source=875.1MiB31.32GiB 
2026-09-29T17:58:28Z mem_used_mb=4446 mem_avail_mb=27628 disk_free_gb=55 acmg-view=359.3MiB31.32GiB acmg-oracle=39.3MiB31.32GiB acmg-source=875.1MiB31.32GiB 
2026-09-29T17:59:00Z mem_used_mb=4440 mem_avail_mb=27635 disk_free_gb=55 acmg-view=358.4MiB31.32GiB acmg-oracle=39.3MiB31.32GiB acmg-source=875.1MiB31.32GiB 
2026-09-29T17:59:32Z mem_used_mb=4457 mem_avail_mb=27618 disk_free_gb=55 acmg-view=358.3MiB31.32GiB acmg-oracle=39.55MiB31.32GiB acmg-source=875.1MiB31.32GiB 
2026-09-29T18:00:04Z mem_used_mb=4458 mem_avail_mb=27617 disk_free_gb=55 acmg-view=358.3MiB31.32GiB acmg-oracle=39.3MiB31.32GiB acmg-source=875.1MiB31.32GiB 
2026-09-29T18:00:36Z mem_used_mb=4458 mem_avail_mb=27617 disk_free_gb=55 acmg-view=358.5MiB31.32GiB acmg-oracle=39.3MiB31.32GiB acmg-source=875.1MiB31.32GiB 
2026-09-29T18:01:08Z mem_used_mb=4455 mem_avail_mb=27619 disk_free_gb=55 acmg-view=358.3MiB31.32GiB acmg-oracle=39.55MiB31.32GiB acmg-source=875.1MiB31.32GiB 
2026-09-29T18:01:40Z mem_used_mb=4451 mem_avail_mb=27623 disk_free_gb=55 acmg-view=358.7MiB31.32GiB acmg-oracle=39.3MiB31.32GiB acmg-source=875.1MiB31.32GiB 
2026-09-29T18:02:12Z mem_used_mb=5418 mem_avail_mb=26659 disk_free_gb=55 acmg-view=343.2MiB31.32GiB acmg-oracle=548.8MiB31.32GiB acmg-source=875.1MiB31.32GiB 
2026-09-29T18:02:44Z mem_used_mb=3362 mem_avail_mb=28711 disk_free_gb=63 acmg-oracle=546.8MiB31.32GiB acmg-source=876.5MiB31.32GiB 
2026-09-29T18:03:16Z mem_used_mb=4909 mem_avail_mb=27166 disk_free_gb=63 acmg-oracle=546.8MiB31.32GiB acmg-source=873.8MiB31.32GiB 
2026-09-29T18:03:48Z mem_used_mb=5085 mem_avail_mb=26990 disk_free_gb=63 acmg-oracle=546.8MiB31.32GiB acmg-source=873.8MiB31.32GiB 
2026-09-29T18:04:20Z mem_used_mb=5052 mem_avail_mb=27022 disk_free_gb=63 acmg-oracle=546.8MiB31.32GiB acmg-source=873.8MiB31.32GiB 
2026-09-29T18:04:53Z mem_used_mb=5195 mem_avail_mb=26879 disk_free_gb=63 acmg-oracle=546.8MiB31.32GiB acmg-source=873.8MiB31.32GiB 
2026-09-29T18:05:25Z mem_used_mb=5136 mem_avail_mb=26939 disk_free_gb=63 acmg-oracle=546.8MiB31.32GiB acmg-source=873.8MiB31.32GiB 
2026-09-29T18:05:57Z mem_used_mb=5146 mem_avail_mb=26929 disk_free_gb=63 acmg-oracle=547.1MiB31.32GiB acmg-source=873.8MiB31.32GiB 
2026-09-29T18:06:29Z mem_used_mb=5097 mem_avail_mb=26977 disk_free_gb=63 acmg-oracle=546.8MiB31.32GiB acmg-source=873.8MiB31.32GiB 
2026-09-29T18:07:01Z mem_used_mb=5113 mem_avail_mb=26961 disk_free_gb=63 acmg-oracle=546.8MiB31.32GiB acmg-source=873.8MiB31.32GiB 
2026-09-29T18:07:33Z mem_used_mb=5096 mem_avail_mb=26979 disk_free_gb=63 acmg-oracle=546.8MiB31.32GiB acmg-source=873.8MiB31.32GiB 
2026-09-29T18:08:05Z mem_used_mb=5120 mem_avail_mb=26955 disk_free_gb=63 acmg-oracle=547.1MiB31.32GiB acmg-source=873.8MiB31.32GiB 
2026-09-29T18:08:37Z mem_used_mb=5150 mem_avail_mb=26925 disk_free_gb=63 acmg-oracle=546.8MiB31.32GiB acmg-source=873.8MiB31.32GiB 
2026-09-29T18:09:09Z mem_used_mb=5110 mem_avail_mb=26965 disk_free_gb=63 acmg-oracle=546.8MiB31.32GiB acmg-source=873.8MiB31.32GiB 
2026-09-29T18:09:41Z mem_used_mb=5141 mem_avail_mb=26934 disk_free_gb=63 acmg-oracle=546.8MiB31.32GiB acmg-source=873.8MiB31.32GiB 
2026-09-29T18:10:13Z mem_used_mb=5113 mem_avail_mb=26962 disk_free_gb=63 acmg-oracle=546.8MiB31.32GiB acmg-source=873.8MiB31.32GiB 
2026-09-29T18:10:45Z mem_used_mb=5128 mem_avail_mb=26947 disk_free_gb=63 acmg-oracle=546.8MiB31.32GiB acmg-source=873.8MiB31.32GiB 
2026-09-29T18:11:17Z mem_used_mb=5156 mem_avail_mb=26918 disk_free_gb=63 acmg-oracle=546.8MiB31.32GiB acmg-source=874MiB31.32GiB 
2026-09-29T18:11:49Z mem_used_mb=5114 mem_avail_mb=26961 disk_free_gb=63 acmg-oracle=546.8MiB31.32GiB acmg-source=873.8MiB31.32GiB 
2026-09-29T18:12:21Z mem_used_mb=5139 mem_avail_mb=26936 disk_free_gb=63 acmg-oracle=546.8MiB31.32GiB acmg-source=874MiB31.32GiB 
2026-09-29T18:12:53Z mem_used_mb=5115 mem_avail_mb=26959 disk_free_gb=63 acmg-oracle=546.8MiB31.32GiB acmg-source=873.8MiB31.32GiB 
2026-09-29T18:13:25Z mem_used_mb=5119 mem_avail_mb=26955 disk_free_gb=63 acmg-oracle=546.8MiB31.32GiB acmg-source=873.8MiB31.32GiB 
2026-09-29T18:13:58Z mem_used_mb=5155 mem_avail_mb=26919 disk_free_gb=63 acmg-oracle=546.8MiB31.32GiB acmg-source=873.8MiB31.32GiB 
2026-09-29T18:14:30Z mem_used_mb=5128 mem_avail_mb=26946 disk_free_gb=63 acmg-oracle=546.8MiB31.32GiB acmg-source=873.8MiB31.32GiB 
2026-09-29T18:15:02Z mem_used_mb=5156 mem_avail_mb=26919 disk_free_gb=63 acmg-oracle=546.8MiB31.32GiB acmg-source=873.8MiB31.32GiB 
2026-09-29T18:15:34Z mem_used_mb=5097 mem_avail_mb=26978 disk_free_gb=63 acmg-oracle=547.1MiB31.32GiB acmg-source=873.8MiB31.32GiB 
2026-09-29T18:16:06Z mem_used_mb=5116 mem_avail_mb=26958 disk_free_gb=63 acmg-oracle=546.8MiB31.32GiB acmg-source=873.8MiB31.32GiB 
2026-09-29T18:16:38Z mem_used_mb=5099 mem_avail_mb=26976 disk_free_gb=63 acmg-oracle=547.1MiB31.32GiB acmg-source=873.8MiB31.32GiB 
2026-09-29T18:17:10Z mem_used_mb=5116 mem_avail_mb=26959 disk_free_gb=63 acmg-oracle=547.1MiB31.32GiB acmg-source=873.8MiB31.32GiB 
2026-09-29T18:17:42Z mem_used_mb=5130 mem_avail_mb=26944 disk_free_gb=63 acmg-oracle=547.1MiB31.32GiB acmg-source=873.8MiB31.32GiB 
2026-09-29T18:18:14Z mem_used_mb=5107 mem_avail_mb=26968 disk_free_gb=63 acmg-oracle=546.8MiB31.32GiB acmg-source=873.8MiB31.32GiB 
2026-09-29T18:18:46Z mem_used_mb=5108 mem_avail_mb=26966 disk_free_gb=63 acmg-oracle=546.8MiB31.32GiB acmg-source=873.8MiB31.32GiB 
2026-09-29T18:19:18Z mem_used_mb=5131 mem_avail_mb=26944 disk_free_gb=63 acmg-oracle=546.8MiB31.32GiB acmg-source=873.8MiB31.32GiB 
2026-09-29T18:19:50Z mem_used_mb=5108 mem_avail_mb=26966 disk_free_gb=63 acmg-oracle=546.8MiB31.32GiB acmg-source=873.8MiB31.32GiB 
2026-09-29T18:20:22Z mem_used_mb=5116 mem_avail_mb=26958 disk_free_gb=63 acmg-oracle=546.8MiB31.32GiB acmg-source=873.8MiB31.32GiB 
2026-09-29T18:20:54Z mem_used_mb=5128 mem_avail_mb=26947 disk_free_gb=63 acmg-oracle=546.8MiB31.32GiB acmg-source=873.8MiB31.32GiB 
2026-09-29T18:21:26Z mem_used_mb=5113 mem_avail_mb=26961 disk_free_gb=63 acmg-oracle=546.8MiB31.32GiB acmg-source=873.8MiB31.32GiB 
2026-09-29T18:21:58Z mem_used_mb=5120 mem_avail_mb=26953 disk_free_gb=63 acmg-oracle=546.8MiB31.32GiB acmg-source=873.8MiB31.32GiB 
2026-09-29T18:22:31Z mem_used_mb=5142 mem_avail_mb=26932 disk_free_gb=63 acmg-oracle=546.8MiB31.32GiB acmg-source=873.8MiB31.32GiB 
2026-09-29T18:23:03Z mem_used_mb=5114 mem_avail_mb=26960 disk_free_gb=63 acmg-oracle=546.8MiB31.32GiB acmg-source=873.8MiB31.32GiB 
2026-09-29T18:23:35Z mem_used_mb=5126 mem_avail_mb=26949 disk_free_gb=63 acmg-oracle=546.8MiB31.32GiB acmg-source=873.8MiB31.32GiB 
2026-09-29T18:24:07Z mem_used_mb=5153 mem_avail_mb=26921 disk_free_gb=63 acmg-oracle=546.8MiB31.32GiB acmg-source=874MiB31.32GiB 
2026-09-29T18:24:39Z mem_used_mb=5118 mem_avail_mb=26957 disk_free_gb=63 acmg-oracle=546.8MiB31.32GiB acmg-source=874MiB31.32GiB 
2026-09-29T18:25:11Z mem_used_mb=5120 mem_avail_mb=26954 disk_free_gb=63 acmg-oracle=546.8MiB31.32GiB acmg-source=873.8MiB31.32GiB 
2026-09-29T18:25:43Z mem_used_mb=5148 mem_avail_mb=26926 disk_free_gb=63 acmg-oracle=546.8MiB31.32GiB acmg-source=873.8MiB31.32GiB 
2026-09-29T18:26:15Z mem_used_mb=5112 mem_avail_mb=26963 disk_free_gb=63 acmg-oracle=546.8MiB31.32GiB acmg-source=874MiB31.32GiB 
2026-09-29T18:26:47Z mem_used_mb=5116 mem_avail_mb=26958 disk_free_gb=63 acmg-oracle=546.8MiB31.32GiB acmg-source=873.8MiB31.32GiB 
2026-09-29T18:27:19Z mem_used_mb=5145 mem_avail_mb=26929 disk_free_gb=63 acmg-oracle=546.8MiB31.32GiB acmg-source=873.8MiB31.32GiB 
2026-09-29T18:27:51Z mem_used_mb=5106 mem_avail_mb=26969 disk_free_gb=63 acmg-oracle=546.8MiB31.32GiB acmg-source=873.8MiB31.32GiB 
2026-09-29T18:28:23Z mem_used_mb=5119 mem_avail_mb=26955 disk_free_gb=63 acmg-oracle=546.8MiB31.32GiB acmg-source=873.8MiB31.32GiB 
2026-09-29T18:28:55Z mem_used_mb=5138 mem_avail_mb=26936 disk_free_gb=63 acmg-oracle=546.8MiB31.32GiB acmg-source=873.8MiB31.32GiB 
2026-09-29T18:29:27Z mem_used_mb=5096 mem_avail_mb=26979 disk_free_gb=63 acmg-oracle=546.8MiB31.32GiB acmg-source=873.8MiB31.32GiB 
2026-09-29T18:29:59Z mem_used_mb=5115 mem_avail_mb=26959 disk_free_gb=63 acmg-oracle=546.8MiB31.32GiB acmg-source=873.8MiB31.32GiB 
2026-09-29T18:30:32Z mem_used_mb=4680 mem_avail_mb=27395 disk_free_gb=62 acmg-oracle=546.8MiB31.32GiB acmg-source=873.8MiB31.32GiB 
2026-09-29T18:31:04Z mem_used_mb=4564 mem_avail_mb=27510 disk_free_gb=62 acmg-oracle=543.5MiB31.32GiB acmg-source=872.5MiB31.32GiB 
2026-09-29T18:31:36Z mem_used_mb=2593 mem_avail_mb=29482 disk_free_gb=62 acmg-oracle=542MiB31.32GiB acmg-source=874.4MiB31.32GiB 
2026-09-29T18:32:08Z mem_used_mb=4717 mem_avail_mb=27357 disk_free_gb=62 acmg-oracle=542MiB31.32GiB acmg-source=872.7MiB31.32GiB 
2026-09-29T18:32:40Z mem_used_mb=5066 mem_avail_mb=27008 disk_free_gb=62 acmg-oracle=542MiB31.32GiB acmg-source=872.7MiB31.32GiB 
2026-09-29T18:33:12Z mem_used_mb=5052 mem_avail_mb=27023 disk_free_gb=62 acmg-oracle=542MiB31.32GiB acmg-source=872.7MiB31.32GiB 
2026-09-29T18:33:44Z mem_used_mb=5135 mem_avail_mb=26938 disk_free_gb=62 acmg-oracle=542MiB31.32GiB acmg-source=872.7MiB31.32GiB 
2026-09-29T18:34:16Z mem_used_mb=5169 mem_avail_mb=26906 disk_free_gb=62 acmg-oracle=542MiB31.32GiB acmg-source=872.7MiB31.32GiB 
2026-09-29T18:34:48Z mem_used_mb=5144 mem_avail_mb=26931 disk_free_gb=62 acmg-oracle=542MiB31.32GiB acmg-source=872.7MiB31.32GiB 
2026-09-29T18:35:20Z mem_used_mb=5145 mem_avail_mb=26930 disk_free_gb=62 acmg-oracle=542MiB31.32GiB acmg-source=872.7MiB31.32GiB 
2026-09-29T18:35:52Z mem_used_mb=5195 mem_avail_mb=26880 disk_free_gb=62 acmg-oracle=542MiB31.32GiB acmg-source=872.7MiB31.32GiB 
2026-09-29T18:36:24Z mem_used_mb=5142 mem_avail_mb=26933 disk_free_gb=62 acmg-oracle=542.2MiB31.32GiB acmg-source=872.7MiB31.32GiB 
2026-09-29T18:36:56Z mem_used_mb=5174 mem_avail_mb=26900 disk_free_gb=62 acmg-oracle=542MiB31.32GiB acmg-source=872.7MiB31.32GiB 
2026-09-29T18:37:28Z mem_used_mb=5137 mem_avail_mb=26938 disk_free_gb=62 acmg-oracle=542.2MiB31.32GiB acmg-source=872.7MiB31.32GiB 
2026-09-29T18:38:00Z mem_used_mb=5151 mem_avail_mb=26924 disk_free_gb=62 acmg-oracle=542MiB31.32GiB acmg-source=872.7MiB31.32GiB 
2026-09-29T18:38:32Z mem_used_mb=5133 mem_avail_mb=26941 disk_free_gb=62 acmg-oracle=542MiB31.32GiB acmg-source=872.7MiB31.32GiB 
2026-09-29T18:39:04Z mem_used_mb=5145 mem_avail_mb=26930 disk_free_gb=62 acmg-oracle=542MiB31.32GiB acmg-source=872.7MiB31.32GiB 
2026-09-29T18:39:36Z mem_used_mb=5180 mem_avail_mb=26895 disk_free_gb=62 acmg-oracle=542MiB31.32GiB acmg-source=872.7MiB31.32GiB 
2026-09-29T18:40:08Z mem_used_mb=5137 mem_avail_mb=26937 disk_free_gb=62 acmg-oracle=542MiB31.32GiB acmg-source=872.7MiB31.32GiB 
2026-09-29T18:40:40Z mem_used_mb=5171 mem_avail_mb=26903 disk_free_gb=62 acmg-oracle=542MiB31.32GiB acmg-source=872.7MiB31.32GiB 
2026-09-29T18:41:12Z mem_used_mb=5153 mem_avail_mb=26922 disk_free_gb=62 acmg-oracle=542MiB31.32GiB acmg-source=872.7MiB31.32GiB 
2026-09-29T18:41:44Z mem_used_mb=5162 mem_avail_mb=26913 disk_free_gb=62 acmg-oracle=542.2MiB31.32GiB acmg-source=872.7MiB31.32GiB 
2026-09-29T18:42:16Z mem_used_mb=5184 mem_avail_mb=26890 disk_free_gb=62 acmg-oracle=542MiB31.32GiB acmg-source=872.7MiB31.32GiB 
2026-09-29T18:42:48Z mem_used_mb=5133 mem_avail_mb=26942 disk_free_gb=62 acmg-oracle=542MiB31.32GiB acmg-source=872.7MiB31.32GiB 
2026-09-29T18:43:20Z mem_used_mb=5165 mem_avail_mb=26910 disk_free_gb=62 acmg-oracle=542MiB31.32GiB acmg-source=872.7MiB31.32GiB 
2026-09-29T18:43:52Z mem_used_mb=5127 mem_avail_mb=26947 disk_free_gb=62 acmg-oracle=542MiB31.32GiB acmg-source=872.7MiB31.32GiB 
2026-09-29T18:44:24Z mem_used_mb=5156 mem_avail_mb=26918 disk_free_gb=62 acmg-oracle=542MiB31.32GiB acmg-source=872.7MiB31.32GiB 
2026-09-29T18:44:56Z mem_used_mb=5134 mem_avail_mb=26941 disk_free_gb=62 acmg-oracle=542.2MiB31.32GiB acmg-source=872.7MiB31.32GiB 
2026-09-29T18:45:28Z mem_used_mb=5159 mem_avail_mb=26916 disk_free_gb=62 acmg-oracle=542MiB31.32GiB acmg-source=872.7MiB31.32GiB 
2026-09-29T18:46:00Z mem_used_mb=5184 mem_avail_mb=26890 disk_free_gb=62 acmg-oracle=542MiB31.32GiB acmg-source=872.7MiB31.32GiB 
2026-09-29T18:46:32Z mem_used_mb=5147 mem_avail_mb=26927 disk_free_gb=62 acmg-oracle=542MiB31.32GiB acmg-source=872.7MiB31.32GiB 
2026-09-29T18:47:05Z mem_used_mb=5155 mem_avail_mb=26920 disk_free_gb=62 acmg-oracle=542.2MiB31.32GiB acmg-source=872.7MiB31.32GiB 
2026-09-29T18:47:37Z mem_used_mb=5180 mem_avail_mb=26895 disk_free_gb=62 acmg-oracle=542MiB31.32GiB acmg-source=872.9MiB31.32GiB 
2026-09-29T18:48:09Z mem_used_mb=5139 mem_avail_mb=26936 disk_free_gb=62 acmg-oracle=542MiB31.32GiB acmg-source=872.7MiB31.32GiB 
2026-09-29T18:48:41Z mem_used_mb=5147 mem_avail_mb=26927 disk_free_gb=62 acmg-oracle=542.2MiB31.32GiB acmg-source=872.7MiB31.32GiB 
2026-09-29T18:49:13Z mem_used_mb=5173 mem_avail_mb=26902 disk_free_gb=62 acmg-oracle=542MiB31.32GiB acmg-source=872.9MiB31.32GiB 
2026-09-29T18:49:45Z mem_used_mb=5140 mem_avail_mb=26934 disk_free_gb=62 acmg-oracle=542MiB31.32GiB acmg-source=872.7MiB31.32GiB 
2026-09-29T18:50:17Z mem_used_mb=5143 mem_avail_mb=26932 disk_free_gb=62 acmg-oracle=542MiB31.32GiB acmg-source=872.7MiB31.32GiB 
2026-09-29T18:50:49Z mem_used_mb=5173 mem_avail_mb=26902 disk_free_gb=62 acmg-oracle=542MiB31.32GiB acmg-source=872.7MiB31.32GiB 
2026-09-29T18:51:21Z mem_used_mb=5134 mem_avail_mb=26940 disk_free_gb=62 acmg-oracle=542MiB31.32GiB acmg-source=872.7MiB31.32GiB 
2026-09-29T18:51:53Z mem_used_mb=5140 mem_avail_mb=26934 disk_free_gb=62 acmg-oracle=542.2MiB31.32GiB acmg-source=872.7MiB31.32GiB 
2026-09-29T18:52:25Z mem_used_mb=5177 mem_avail_mb=26898 disk_free_gb=62 acmg-oracle=542MiB31.32GiB acmg-source=872.7MiB31.32GiB 
2026-09-29T18:52:57Z mem_used_mb=5128 mem_avail_mb=26947 disk_free_gb=62 acmg-oracle=542MiB31.32GiB acmg-source=872.7MiB31.32GiB 
2026-09-29T18:53:29Z mem_used_mb=5145 mem_avail_mb=26930 disk_free_gb=62 acmg-oracle=542MiB31.32GiB acmg-source=872.7MiB31.32GiB 
2026-09-29T18:54:01Z mem_used_mb=5182 mem_avail_mb=26892 disk_free_gb=62 acmg-oracle=542MiB31.32GiB acmg-source=872.7MiB31.32GiB 
2026-09-29T18:54:33Z mem_used_mb=5144 mem_avail_mb=26931 disk_free_gb=62 acmg-oracle=542MiB31.32GiB acmg-source=872.7MiB31.32GiB 
2026-09-29T18:55:05Z mem_used_mb=5142 mem_avail_mb=26932 disk_free_gb=62 acmg-oracle=542MiB31.32GiB acmg-source=872.7MiB31.32GiB 
2026-09-29T18:55:38Z mem_used_mb=5190 mem_avail_mb=26884 disk_free_gb=62 acmg-oracle=542MiB31.32GiB acmg-source=872.7MiB31.32GiB 
2026-09-29T18:56:10Z mem_used_mb=5137 mem_avail_mb=26938 disk_free_gb=62 acmg-oracle=542.2MiB31.32GiB acmg-source=872.7MiB31.32GiB 
2026-09-29T18:56:42Z mem_used_mb=5144 mem_avail_mb=26931 disk_free_gb=62 acmg-oracle=542MiB31.32GiB acmg-source=872.7MiB31.32GiB 
2026-09-29T18:57:14Z mem_used_mb=5166 mem_avail_mb=26909 disk_free_gb=62 acmg-oracle=542MiB31.32GiB acmg-source=872.7MiB31.32GiB 
2026-09-29T18:57:46Z mem_used_mb=5154 mem_avail_mb=26920 disk_free_gb=62 acmg-oracle=542MiB31.32GiB acmg-source=872.9MiB31.32GiB 
2026-09-29T18:58:18Z mem_used_mb=5163 mem_avail_mb=26911 disk_free_gb=62 acmg-oracle=542MiB31.32GiB acmg-source=872.7MiB31.32GiB 
2026-09-29T18:58:50Z mem_used_mb=5132 mem_avail_mb=26942 disk_free_gb=62 acmg-oracle=542MiB31.32GiB acmg-source=872.7MiB31.32GiB 
2026-09-29T18:59:22Z mem_used_mb=4704 mem_avail_mb=27371 disk_free_gb=62 acmg-oracle=542.2MiB31.32GiB acmg-source=872.7MiB31.32GiB 
2026-09-29T18:59:54Z mem_used_mb=4222 mem_avail_mb=27852 disk_free_gb=62 acmg-oracle=542MiB31.32GiB acmg-source=876MiB31.32GiB 
2026-09-29T19:00:26Z mem_used_mb=5154 mem_avail_mb=26919 disk_free_gb=62 acmg-oracle=541.4MiB31.32GiB acmg-source=873.3MiB31.32GiB 
2026-09-29T19:00:58Z mem_used_mb=6737 mem_avail_mb=25337 disk_free_gb=70 pensive_swartz=4.708GiB 31.32GiB 
2026-09-29T19:01:29Z mem_used_mb=6556 mem_avail_mb=25519 disk_free_gb=69 pensive_swartz=4.501GiB 31.32GiB 
2026-09-29T19:02:00Z mem_used_mb=6665 mem_avail_mb=25410 disk_free_gb=69 pensive_swartz=4.557GiB 31.32GiB 
2026-09-29T19:02:31Z mem_used_mb=6666 mem_avail_mb=25409 disk_free_gb=68 pensive_swartz=4.488GiB 31.32GiB 
2026-09-29T19:03:02Z mem_used_mb=6911 mem_avail_mb=25163 disk_free_gb=68 pensive_swartz=4.511GiB 31.32GiB 
2026-09-29T19:03:33Z mem_used_mb=7045 mem_avail_mb=25030 disk_free_gb=68 pensive_swartz=4.531GiB 31.32GiB 
2026-09-29T19:04:04Z mem_used_mb=7077 mem_avail_mb=24998 disk_free_gb=68 pensive_swartz=4.52GiB 31.32GiB 
2026-09-29T19:04:35Z mem_used_mb=7162 mem_avail_mb=24913 disk_free_gb=68 pensive_swartz=4.513GiB 31.32GiB 
2026-09-29T19:05:07Z mem_used_mb=7104 mem_avail_mb=24971 disk_free_gb=67 pensive_swartz=4.525GiB 31.32GiB 
2026-09-29T19:05:38Z mem_used_mb=6723 mem_avail_mb=25351 disk_free_gb=67 pensive_swartz=4.506GiB 31.32GiB 
2026-09-29T19:06:09Z mem_used_mb=7319 mem_avail_mb=24755 disk_free_gb=67 pensive_swartz=4.901GiB 31.32GiB 
2026-09-29T19:06:40Z mem_used_mb=7147 mem_avail_mb=24927 disk_free_gb=67 pensive_swartz=4.746GiB 31.32GiB 
2026-09-29T19:07:11Z mem_used_mb=6928 mem_avail_mb=25147 disk_free_gb=67 pensive_swartz=4.713GiB 31.32GiB 
2026-09-29T19:07:42Z mem_used_mb=6897 mem_avail_mb=25177 disk_free_gb=67 pensive_swartz=4.68GiB 31.32GiB 
2026-09-29T19:08:13Z mem_used_mb=7102 mem_avail_mb=24973 disk_free_gb=67 pensive_swartz=4.66GiB 31.32GiB 
2026-09-29T19:08:44Z mem_used_mb=6976 mem_avail_mb=25098 disk_free_gb=66 pensive_swartz=4.663GiB 31.32GiB 
2026-09-29T19:09:15Z mem_used_mb=6240 mem_avail_mb=25842 disk_free_gb=66 pensive_swartz=4.626GiB 31.32GiB 
2026-09-29T19:09:46Z mem_used_mb=6585 mem_avail_mb=25497 disk_free_gb=66 pensive_swartz=4.606GiB 31.32GiB 
2026-09-29T19:10:17Z mem_used_mb=6622 mem_avail_mb=25452 disk_free_gb=66 pensive_swartz=4.598GiB 31.32GiB 
2026-09-29T19:10:48Z mem_used_mb=6815 mem_avail_mb=25251 disk_free_gb=66 pensive_swartz=4.565GiB 31.32GiB 
2026-09-29T19:11:19Z mem_used_mb=6842 mem_avail_mb=25232 disk_free_gb=65 pensive_swartz=4.553GiB 31.32GiB 
2026-09-29T19:11:50Z mem_used_mb=6456 mem_avail_mb=25618 disk_free_gb=65 pensive_swartz=4.558GiB 31.32GiB 
2026-09-29T19:12:21Z mem_used_mb=6970 mem_avail_mb=25104 disk_free_gb=65 pensive_swartz=4.946GiB 31.32GiB 
2026-09-29T19:12:52Z mem_used_mb=7115 mem_avail_mb=24960 disk_free_gb=65 pensive_swartz=4.787GiB 31.32GiB 
2026-09-29T19:13:23Z mem_used_mb=7135 mem_avail_mb=24939 disk_free_gb=65 pensive_swartz=4.765GiB 31.32GiB 
2026-09-29T19:13:54Z mem_used_mb=6729 mem_avail_mb=25346 disk_free_gb=65 pensive_swartz=4.762GiB 31.32GiB 
2026-09-29T19:14:25Z mem_used_mb=7232 mem_avail_mb=24842 disk_free_gb=64 pensive_swartz=4.728GiB 31.32GiB 
2026-09-29T19:14:56Z mem_used_mb=7210 mem_avail_mb=24864 disk_free_gb=64 pensive_swartz=4.7GiB 31.32GiB 
2026-09-29T19:15:27Z mem_used_mb=7147 mem_avail_mb=24927 disk_free_gb=64 pensive_swartz=4.811GiB 31.32GiB 
2026-09-29T19:15:58Z mem_used_mb=6506 mem_avail_mb=25568 disk_free_gb=64 pensive_swartz=4.652GiB 31.32GiB 
2026-09-29T19:16:30Z mem_used_mb=7170 mem_avail_mb=24904 disk_free_gb=64 pensive_swartz=4.649GiB 31.32GiB 
2026-09-29T19:17:01Z mem_used_mb=7164 mem_avail_mb=24910 disk_free_gb=64 pensive_swartz=4.649GiB 31.32GiB 
2026-09-29T19:17:32Z mem_used_mb=7035 mem_avail_mb=25040 disk_free_gb=63 pensive_swartz=4.622GiB 31.32GiB 
2026-09-29T19:18:03Z mem_used_mb=6905 mem_avail_mb=25170 disk_free_gb=63 pensive_swartz=4.605GiB 31.32GiB 
2026-09-29T19:18:34Z mem_used_mb=6599 mem_avail_mb=25476 disk_free_gb=63 pensive_swartz=4.996GiB 31.32GiB 
2026-09-29T19:19:05Z mem_used_mb=6768 mem_avail_mb=25306 disk_free_gb=63 pensive_swartz=4.829GiB 31.32GiB 
2026-09-29T19:19:36Z mem_used_mb=6714 mem_avail_mb=25360 disk_free_gb=63 pensive_swartz=4.803GiB 31.32GiB 
2026-09-29T19:20:07Z mem_used_mb=7056 mem_avail_mb=25018 disk_free_gb=63 pensive_swartz=4.78GiB 31.32GiB 
2026-09-29T19:20:38Z mem_used_mb=6742 mem_avail_mb=25332 disk_free_gb=63 pensive_swartz=4.762GiB 31.32GiB 
2026-09-29T19:21:09Z mem_used_mb=6797 mem_avail_mb=25293 disk_free_gb=62 pensive_swartz=4.74GiB 31.32GiB 
2026-09-29T19:21:40Z mem_used_mb=5956 mem_avail_mb=26119 disk_free_gb=62 pensive_swartz=4.735GiB 31.32GiB 
2026-09-29T19:22:11Z mem_used_mb=6591 mem_avail_mb=25491 disk_free_gb=62 pensive_swartz=4.736GiB 31.32GiB 
2026-09-29T19:22:42Z mem_used_mb=6685 mem_avail_mb=25390 disk_free_gb=62 pensive_swartz=4.699GiB 31.32GiB 
2026-09-29T19:23:13Z mem_used_mb=6762 mem_avail_mb=25312 disk_free_gb=62 pensive_swartz=4.68GiB 31.32GiB 
2026-09-29T19:23:44Z mem_used_mb=6380 mem_avail_mb=25694 disk_free_gb=62 pensive_swartz=4.665GiB 31.32GiB 
2026-09-29T19:24:15Z mem_used_mb=6170 mem_avail_mb=25897 disk_free_gb=62 pensive_swartz=4.648GiB 31.32GiB 
2026-09-29T19:24:46Z mem_used_mb=6256 mem_avail_mb=25818 disk_free_gb=61 pensive_swartz=4.615GiB 31.32GiB 
2026-09-29T19:25:17Z mem_used_mb=5748 mem_avail_mb=26319 disk_free_gb=61 pensive_swartz=4.609GiB 31.32GiB 
2026-09-29T19:25:48Z mem_used_mb=6585 mem_avail_mb=25482 disk_free_gb=61 pensive_swartz=4.921GiB 31.32GiB 
2026-09-29T19:26:19Z mem_used_mb=7010 mem_avail_mb=25065 disk_free_gb=61 pensive_swartz=4.851GiB 31.32GiB 
2026-09-29T19:26:50Z mem_used_mb=6463 mem_avail_mb=25603 disk_free_gb=61 pensive_swartz=4.83GiB 31.32GiB 
2026-09-29T19:27:21Z mem_used_mb=6737 mem_avail_mb=25380 disk_free_gb=61 pensive_swartz=4.81GiB 31.32GiB 
2026-09-29T19:27:52Z mem_used_mb=7037 mem_avail_mb=25038 disk_free_gb=61 pensive_swartz=4.775GiB 31.32GiB 
2026-09-29T19:28:24Z mem_used_mb=6437 mem_avail_mb=25629 disk_free_gb=60 pensive_swartz=4.756GiB 31.32GiB 
2026-09-29T19:28:55Z mem_used_mb=6777 mem_avail_mb=25297 disk_free_gb=60 pensive_swartz=4.737GiB 31.32GiB 
2026-09-29T19:29:26Z mem_used_mb=6765 mem_avail_mb=25310 disk_free_gb=60 pensive_swartz=4.711GiB 31.32GiB 
2026-09-29T19:29:57Z mem_used_mb=6208 mem_avail_mb=25866 disk_free_gb=60 pensive_swartz=4.689GiB 31.32GiB 
2026-09-29T19:30:28Z mem_used_mb=6172 mem_avail_mb=25902 disk_free_gb=60 pensive_swartz=4.696GiB 31.32GiB 
2026-09-29T19:30:59Z mem_used_mb=6441 mem_avail_mb=25633 disk_free_gb=60 pensive_swartz=4.665GiB 31.32GiB 
2026-09-29T19:31:30Z mem_used_mb=6399 mem_avail_mb=25676 disk_free_gb=60 pensive_swartz=4.666GiB 31.32GiB 
2026-09-29T19:32:01Z mem_used_mb=6570 mem_avail_mb=25505 disk_free_gb=59 pensive_swartz=4.661GiB 31.32GiB 
2026-09-29T19:32:32Z mem_used_mb=6878 mem_avail_mb=25197 disk_free_gb=59 pensive_swartz=4.901GiB 31.32GiB 
2026-09-29T19:33:03Z mem_used_mb=6715 mem_avail_mb=25360 disk_free_gb=59 pensive_swartz=4.869GiB 31.32GiB 
2026-09-29T19:33:34Z mem_used_mb=6860 mem_avail_mb=25222 disk_free_gb=59 pensive_swartz=4.854GiB 31.32GiB 
2026-09-29T19:34:05Z mem_used_mb=6407 mem_avail_mb=25664 disk_free_gb=59 pensive_swartz=4.84GiB 31.32GiB 
2026-09-29T19:34:36Z mem_used_mb=6402 mem_avail_mb=25673 disk_free_gb=59 pensive_swartz=4.802GiB 31.32GiB 
2026-09-29T19:35:07Z mem_used_mb=5946 mem_avail_mb=26129 disk_free_gb=59 pensive_swartz=4.782GiB 31.32GiB 
2026-09-29T19:35:38Z mem_used_mb=6454 mem_avail_mb=25621 disk_free_gb=59 pensive_swartz=4.912GiB 31.32GiB 
2026-09-29T19:36:09Z mem_used_mb=6614 mem_avail_mb=25461 disk_free_gb=58 pensive_swartz=4.737GiB 31.32GiB 
2026-09-29T19:36:40Z mem_used_mb=6149 mem_avail_mb=25925 disk_free_gb=58 pensive_swartz=4.74GiB 31.32GiB 
2026-09-29T19:37:11Z mem_used_mb=6374 mem_avail_mb=25693 disk_free_gb=58 pensive_swartz=4.718GiB 31.32GiB 
2026-09-29T19:37:42Z mem_used_mb=1529 mem_avail_mb=30547 disk_free_gb=58 pensive_swartz=958.3MiB31.32GiB 
2026-09-29T19:38:13Z mem_used_mb=2392 mem_avail_mb=29683 disk_free_gb=55 pensive_swartz=1.013GiB 31.32GiB 
2026-09-29T19:38:44Z mem_used_mb=6813 mem_avail_mb=25262 disk_free_gb=65 pensive_swartz=5.83GiB 31.32GiB 
2026-09-29T19:39:16Z mem_used_mb=7232 mem_avail_mb=24842 disk_free_gb=66 pensive_swartz=4.526GiB 31.32GiB 
2026-09-29T19:39:47Z mem_used_mb=6596 mem_avail_mb=25479 disk_free_gb=67 pensive_swartz=3.097GiB 31.32GiB 
2026-09-29T19:40:18Z mem_used_mb=7302 mem_avail_mb=24771 disk_free_gb=66 pensive_swartz=5.528GiB 31.32GiB 
2026-09-29T19:40:49Z mem_used_mb=6260 mem_avail_mb=25815 disk_free_gb=65 pensive_swartz=6.544GiB 31.32GiB 
2026-09-29T19:41:20Z mem_used_mb=9488 mem_avail_mb=22586 disk_free_gb=65 pensive_swartz=9.366GiB 31.32GiB 
2026-09-29T19:41:51Z mem_used_mb=9718 mem_avail_mb=22354 disk_free_gb=64 pensive_swartz=6.068GiB 31.32GiB 
2026-09-29T19:42:22Z mem_used_mb=6810 mem_avail_mb=25265 disk_free_gb=62 pensive_swartz=7.236GiB 31.32GiB 
2026-09-29T19:42:53Z mem_used_mb=7182 mem_avail_mb=24891 disk_free_gb=63 pensive_swartz=5.493GiB 31.32GiB 
2026-09-29T19:43:24Z mem_used_mb=4810 mem_avail_mb=27255 disk_free_gb=63 pensive_swartz=3.081GiB 31.32GiB 
2026-09-29T19:43:55Z mem_used_mb=7133 mem_avail_mb=24941 disk_free_gb=62 pensive_swartz=4.713GiB 31.32GiB 
2026-09-29T19:44:26Z mem_used_mb=5861 mem_avail_mb=26213 disk_free_gb=62 pensive_swartz=5.07GiB 31.32GiB 
2026-09-29T19:44:57Z mem_used_mb=8273 mem_avail_mb=23802 disk_free_gb=62 pensive_swartz=4.629GiB 31.32GiB 
2026-09-29T19:45:28Z mem_used_mb=6441 mem_avail_mb=25633 disk_free_gb=61 pensive_swartz=3.588GiB 31.32GiB 
2026-09-29T19:45:59Z mem_used_mb=3810 mem_avail_mb=28264 disk_free_gb=70 focused_galois=2.2GiB 31.32GiB 
2026-09-29T19:46:30Z mem_used_mb=6874 mem_avail_mb=25201 disk_free_gb=70 focused_galois=4.398GiB 31.32GiB 
2026-09-29T19:47:01Z mem_used_mb=6994 mem_avail_mb=25081 disk_free_gb=69 focused_galois=4.405GiB 31.32GiB 
2026-09-29T19:47:32Z mem_used_mb=6918 mem_avail_mb=25149 disk_free_gb=69 focused_galois=4.43GiB 31.32GiB 
2026-09-29T19:48:03Z mem_used_mb=6931 mem_avail_mb=25143 disk_free_gb=69 focused_galois=4.464GiB 31.32GiB 
2026-09-29T19:48:35Z mem_used_mb=6827 mem_avail_mb=25247 disk_free_gb=69 focused_galois=4.466GiB 31.32GiB 
2026-09-29T19:49:06Z mem_used_mb=6756 mem_avail_mb=25318 disk_free_gb=68 focused_galois=4.487GiB 31.32GiB 
2026-09-29T19:49:37Z mem_used_mb=7141 mem_avail_mb=24934 disk_free_gb=68 focused_galois=4.474GiB 31.32GiB 
2026-09-29T19:50:08Z mem_used_mb=7022 mem_avail_mb=25052 disk_free_gb=68 focused_galois=4.461GiB 31.32GiB 
2026-09-29T19:50:39Z mem_used_mb=6855 mem_avail_mb=25220 disk_free_gb=68 focused_galois=4.468GiB 31.32GiB 
2026-09-29T20:18:23Z mem_used_mb=6465 mem_avail_mb=25609 disk_free_gb=70 acmg-source=4.411GiB 31.32GiB 
2026-09-29T20:25:44Z mem_used_mb=6466 mem_avail_mb=25608 disk_free_gb=69 focused_shirley=4.402GiB 31.32GiB 
2026-09-29T20:26:15Z mem_used_mb=6425 mem_avail_mb=25650 disk_free_gb=69 focused_shirley=4.41GiB 31.32GiB 
2026-09-29T20:26:46Z mem_used_mb=6417 mem_avail_mb=25658 disk_free_gb=69 focused_shirley=4.413GiB 31.32GiB 
2026-09-29T20:27:17Z mem_used_mb=6594 mem_avail_mb=25481 disk_free_gb=68 focused_shirley=4.565GiB 31.32GiB 
2026-09-29T20:27:48Z mem_used_mb=6533 mem_avail_mb=25549 disk_free_gb=68 focused_shirley=4.567GiB 31.32GiB 
2026-09-29T20:28:19Z mem_used_mb=6835 mem_avail_mb=25248 disk_free_gb=68 focused_shirley=4.567GiB 31.32GiB 
2026-09-29T20:28:50Z mem_used_mb=6894 mem_avail_mb=25181 disk_free_gb=68 focused_shirley=4.577GiB 31.32GiB 
2026-09-29T20:29:21Z mem_used_mb=6518 mem_avail_mb=25556 disk_free_gb=68 focused_shirley=4.576GiB 31.32GiB 
2026-09-29T20:29:52Z mem_used_mb=6766 mem_avail_mb=25309 disk_free_gb=67 focused_shirley=4.556GiB 31.32GiB 
2026-09-29T20:30:23Z mem_used_mb=6860 mem_avail_mb=25215 disk_free_gb=67 focused_shirley=4.537GiB 31.32GiB 
2026-09-29T20:30:54Z mem_used_mb=7033 mem_avail_mb=25042 disk_free_gb=67 focused_shirley=4.515GiB 31.32GiB 
2026-09-29T20:31:25Z mem_used_mb=6564 mem_avail_mb=25510 disk_free_gb=67 focused_shirley=4.505GiB 31.32GiB 
2026-09-29T20:31:56Z mem_used_mb=6490 mem_avail_mb=25585 disk_free_gb=67 focused_shirley=4.836GiB 31.32GiB 
2026-09-29T20:32:27Z mem_used_mb=6886 mem_avail_mb=25189 disk_free_gb=67 focused_shirley=4.747GiB 31.32GiB 
2026-09-29T20:32:58Z mem_used_mb=6789 mem_avail_mb=25285 disk_free_gb=67 focused_shirley=4.698GiB 31.32GiB 
2026-09-29T20:33:29Z mem_used_mb=6814 mem_avail_mb=25261 disk_free_gb=66 focused_shirley=4.676GiB 31.32GiB 
2026-09-29T20:34:00Z mem_used_mb=6598 mem_avail_mb=25474 disk_free_gb=66 focused_shirley=4.648GiB 31.32GiB 
2026-09-29T20:34:31Z mem_used_mb=6566 mem_avail_mb=25509 disk_free_gb=66 focused_shirley=4.625GiB 31.32GiB 
2026-09-29T20:35:03Z mem_used_mb=6516 mem_avail_mb=25559 disk_free_gb=66 focused_shirley=4.644GiB 31.32GiB 
2026-09-29T20:35:34Z mem_used_mb=6634 mem_avail_mb=25441 disk_free_gb=66 focused_shirley=4.609GiB 31.32GiB 
2026-09-29T20:36:05Z mem_used_mb=6682 mem_avail_mb=25393 disk_free_gb=65 focused_shirley=4.582GiB 31.32GiB 
2026-09-29T20:36:36Z mem_used_mb=6616 mem_avail_mb=25459 disk_free_gb=65 focused_shirley=4.57GiB 31.32GiB 
2026-09-29T20:37:07Z mem_used_mb=6842 mem_avail_mb=25232 disk_free_gb=65 focused_shirley=4.54GiB 31.32GiB 
2026-09-29T20:37:38Z mem_used_mb=6539 mem_avail_mb=25536 disk_free_gb=65 focused_shirley=4.803GiB 31.32GiB 
2026-09-29T20:38:09Z mem_used_mb=6667 mem_avail_mb=25408 disk_free_gb=65 focused_shirley=4.768GiB 31.32GiB 
2026-09-29T20:38:40Z mem_used_mb=6792 mem_avail_mb=25282 disk_free_gb=65 focused_shirley=4.764GiB 31.32GiB 
2026-09-29T20:39:11Z mem_used_mb=6681 mem_avail_mb=25393 disk_free_gb=64 focused_shirley=4.729GiB 31.32GiB 
2026-09-29T20:39:42Z mem_used_mb=6641 mem_avail_mb=25440 disk_free_gb=64 focused_shirley=4.712GiB 31.32GiB 
2026-09-29T20:40:13Z mem_used_mb=6403 mem_avail_mb=25672 disk_free_gb=64 focused_shirley=4.688GiB 31.32GiB 
2026-09-29T20:40:44Z mem_used_mb=6249 mem_avail_mb=25826 disk_free_gb=64 focused_shirley=4.679GiB 31.32GiB 
2026-09-29T20:41:15Z mem_used_mb=6667 mem_avail_mb=25407 disk_free_gb=64 focused_shirley=4.635GiB 31.32GiB 
2026-09-29T20:41:46Z mem_used_mb=6828 mem_avail_mb=25246 disk_free_gb=64 focused_shirley=4.641GiB 31.32GiB 
2026-09-29T20:42:17Z mem_used_mb=6808 mem_avail_mb=25267 disk_free_gb=63 focused_shirley=4.613GiB 31.32GiB 
2026-09-29T20:42:48Z mem_used_mb=7068 mem_avail_mb=25006 disk_free_gb=63 focused_shirley=5.009GiB 31.32GiB 
2026-09-29T20:43:19Z mem_used_mb=6518 mem_avail_mb=25556 disk_free_gb=63 focused_shirley=4.84GiB 31.32GiB 
2026-09-29T20:43:50Z mem_used_mb=6485 mem_avail_mb=25594 disk_free_gb=63 focused_shirley=4.805GiB 31.32GiB 
2026-09-29T20:44:21Z mem_used_mb=6694 mem_avail_mb=25380 disk_free_gb=63 focused_shirley=4.778GiB 31.32GiB 
2026-09-29T20:44:52Z mem_used_mb=6443 mem_avail_mb=25631 disk_free_gb=63 focused_shirley=4.774GiB 31.32GiB 
2026-09-29T20:45:23Z mem_used_mb=6565 mem_avail_mb=25509 disk_free_gb=63 focused_shirley=4.762GiB 31.32GiB 
2026-09-29T20:45:54Z mem_used_mb=6775 mem_avail_mb=25314 disk_free_gb=62 focused_shirley=4.735GiB 31.32GiB 
2026-09-29T20:46:26Z mem_used_mb=6783 mem_avail_mb=25292 disk_free_gb=62 focused_shirley=4.712GiB 31.32GiB 
2026-09-29T20:46:57Z mem_used_mb=6404 mem_avail_mb=25671 disk_free_gb=62 focused_shirley=4.704GiB 31.32GiB 
2026-09-29T20:47:28Z mem_used_mb=6360 mem_avail_mb=25715 disk_free_gb=62 focused_shirley=4.683GiB 31.32GiB 
2026-09-29T20:47:59Z mem_used_mb=6476 mem_avail_mb=25599 disk_free_gb=62 focused_shirley=4.661GiB 31.32GiB 
2026-09-29T20:48:30Z mem_used_mb=6463 mem_avail_mb=25611 disk_free_gb=62 focused_shirley=4.648GiB 31.32GiB 
2026-09-29T20:49:01Z mem_used_mb=6800 mem_avail_mb=25274 disk_free_gb=62 focused_shirley=4.62GiB 31.32GiB 
2026-09-29T20:49:32Z mem_used_mb=6664 mem_avail_mb=25411 disk_free_gb=62 focused_shirley=4.889GiB 31.32GiB 
2026-09-29T20:50:03Z mem_used_mb=6997 mem_avail_mb=25078 disk_free_gb=61 focused_shirley=4.868GiB 31.32GiB 
2026-09-29T20:50:34Z mem_used_mb=6662 mem_avail_mb=25420 disk_free_gb=61 focused_shirley=4.82GiB 31.32GiB 
2026-09-29T20:51:05Z mem_used_mb=6804 mem_avail_mb=25271 disk_free_gb=61 focused_shirley=4.797GiB 31.32GiB 
2026-09-29T20:51:36Z mem_used_mb=6604 mem_avail_mb=25470 disk_free_gb=61 focused_shirley=4.789GiB 31.32GiB 
2026-09-29T20:52:07Z mem_used_mb=6924 mem_avail_mb=25151 disk_free_gb=61 focused_shirley=4.78GiB 31.32GiB 
2026-09-29T20:52:38Z mem_used_mb=6609 mem_avail_mb=25466 disk_free_gb=61 focused_shirley=4.748GiB 31.32GiB 
2026-09-29T20:53:09Z mem_used_mb=6544 mem_avail_mb=25531 disk_free_gb=60 focused_shirley=4.727GiB 31.32GiB 
2026-09-29T20:53:40Z mem_used_mb=6386 mem_avail_mb=25689 disk_free_gb=60 focused_shirley=4.705GiB 31.32GiB 
2026-09-29T20:54:11Z mem_used_mb=6762 mem_avail_mb=25312 disk_free_gb=60 focused_shirley=4.699GiB 31.32GiB 
2026-09-29T20:54:42Z mem_used_mb=6525 mem_avail_mb=25549 disk_free_gb=60 focused_shirley=4.664GiB 31.32GiB 
2026-09-29T20:55:13Z mem_used_mb=6645 mem_avail_mb=25430 disk_free_gb=60 focused_shirley=4.971GiB 31.32GiB 
2026-09-29T20:55:44Z mem_used_mb=6855 mem_avail_mb=25220 disk_free_gb=60 focused_shirley=4.91GiB 31.32GiB 
2026-09-29T20:56:15Z mem_used_mb=6527 mem_avail_mb=25548 disk_free_gb=60 focused_shirley=4.88GiB 31.32GiB 
2026-09-29T20:56:46Z mem_used_mb=6704 mem_avail_mb=25371 disk_free_gb=60 focused_shirley=4.872GiB 31.32GiB 
2026-09-29T20:57:18Z mem_used_mb=6750 mem_avail_mb=25325 disk_free_gb=59 focused_shirley=4.874GiB 31.32GiB 
2026-09-29T20:57:49Z mem_used_mb=6715 mem_avail_mb=25359 disk_free_gb=59 focused_shirley=4.838GiB 31.32GiB 
2026-09-29T20:58:20Z mem_used_mb=6627 mem_avail_mb=25448 disk_free_gb=59 focused_shirley=4.816GiB 31.32GiB 
2026-09-29T20:58:51Z mem_used_mb=6548 mem_avail_mb=25527 disk_free_gb=59 focused_shirley=4.798GiB 31.32GiB 
2026-09-29T20:59:22Z mem_used_mb=6937 mem_avail_mb=25138 disk_free_gb=59 focused_shirley=4.79GiB 31.32GiB 
2026-09-29T20:59:53Z mem_used_mb=7055 mem_avail_mb=25020 disk_free_gb=59 focused_shirley=4.757GiB 31.32GiB 
2026-09-29T21:00:24Z mem_used_mb=7051 mem_avail_mb=25024 disk_free_gb=59 focused_shirley=4.742GiB 31.32GiB 
2026-09-29T21:00:55Z mem_used_mb=6875 mem_avail_mb=25200 disk_free_gb=58 focused_shirley=4.712GiB 31.32GiB 
2026-09-29T21:01:26Z mem_used_mb=6870 mem_avail_mb=25204 disk_free_gb=58 focused_shirley=5.102GiB 31.32GiB 
2026-09-29T21:01:57Z mem_used_mb=7146 mem_avail_mb=24929 disk_free_gb=58 focused_shirley=4.962GiB 31.32GiB 
2026-09-29T21:02:28Z mem_used_mb=6991 mem_avail_mb=25084 disk_free_gb=58 focused_shirley=4.947GiB 31.32GiB 
2026-09-29T21:02:59Z mem_used_mb=3038 mem_avail_mb=29036 disk_free_gb=56 focused_shirley=1.133GiB 31.32GiB 
2026-09-29T21:03:30Z mem_used_mb=2622 mem_avail_mb=29453 disk_free_gb=54 focused_shirley=1.673GiB 31.32GiB 
2026-09-29T21:04:01Z mem_used_mb=7473 mem_avail_mb=24601 disk_free_gb=66 focused_shirley=4.548GiB 31.32GiB 
2026-09-29T21:04:32Z mem_used_mb=5651 mem_avail_mb=26416 disk_free_gb=67 focused_shirley=5.526GiB 31.32GiB 
2026-09-29T21:05:03Z mem_used_mb=6218 mem_avail_mb=25857 disk_free_gb=66 focused_shirley=3.114GiB 31.32GiB 
2026-09-29T21:05:34Z mem_used_mb=7192 mem_avail_mb=24880 disk_free_gb=65 focused_shirley=3.21GiB 31.32GiB 
2026-09-29T21:06:05Z mem_used_mb=11295 mem_avail_mb=20779 disk_free_gb=65 focused_shirley=8.624GiB 31.32GiB 
2026-09-29T21:06:36Z mem_used_mb=10058 mem_avail_mb=22052 disk_free_gb=64 focused_shirley=6.412GiB 31.32GiB 
2026-09-29T21:07:08Z mem_used_mb=8459 mem_avail_mb=23611 disk_free_gb=63 focused_shirley=5.374GiB 31.32GiB 
2026-09-29T21:07:39Z mem_used_mb=9511 mem_avail_mb=22563 disk_free_gb=63 focused_shirley=7.043GiB 31.32GiB 
2026-09-29T21:08:10Z mem_used_mb=5440 mem_avail_mb=26634 disk_free_gb=63 focused_shirley=3.059GiB 31.32GiB 
2026-09-29T21:08:41Z mem_used_mb=8963 mem_avail_mb=23111 disk_free_gb=62 focused_shirley=5.341GiB 31.32GiB 
2026-09-29T21:09:12Z mem_used_mb=11423 mem_avail_mb=20652 disk_free_gb=62 focused_shirley=9.716GiB 31.32GiB 
2026-09-29T21:09:43Z mem_used_mb=8307 mem_avail_mb=23751 disk_free_gb=62 focused_shirley=9.544GiB 31.32GiB 
2026-09-29T21:10:14Z mem_used_mb=7639 mem_avail_mb=24432 disk_free_gb=61 focused_shirley=7.634GiB 31.32GiB 
2026-09-29T21:10:45Z mem_used_mb=2975 mem_avail_mb=29099 disk_free_gb=62 focused_shirley=1.05GiB 31.32GiB 
2026-09-29T21:11:16Z mem_used_mb=4423 mem_avail_mb=27652 disk_free_gb=62 focused_shirley=2.913GiB 31.32GiB 
2026-09-29T21:11:47Z mem_used_mb=4350 mem_avail_mb=27725 disk_free_gb=62 focused_shirley=2.932GiB 31.32GiB 
2026-09-29T21:12:18Z mem_used_mb=4371 mem_avail_mb=27704 disk_free_gb=62 focused_shirley=2.956GiB 31.32GiB 
2026-09-29T21:12:49Z mem_used_mb=4382 mem_avail_mb=27692 disk_free_gb=62 focused_shirley=2.978GiB 31.32GiB 
2026-09-29T21:13:20Z mem_used_mb=4398 mem_avail_mb=27677 disk_free_gb=62 focused_shirley=2.998GiB 31.32GiB 
2026-09-29T21:13:51Z mem_used_mb=4420 mem_avail_mb=27655 disk_free_gb=62 focused_shirley=3.02GiB 31.32GiB 
2026-09-29T21:14:22Z mem_used_mb=3470 mem_avail_mb=28604 disk_free_gb=62 focused_shirley=1.699GiB 31.32GiB 
2026-09-29T21:14:53Z mem_used_mb=4194 mem_avail_mb=27880 disk_free_gb=62 focused_shirley=2.65GiB 31.32GiB 
2026-09-29T21:15:24Z mem_used_mb=4067 mem_avail_mb=28007 disk_free_gb=62 focused_shirley=2.654GiB 31.32GiB 
2026-09-29T21:15:55Z mem_used_mb=4058 mem_avail_mb=28016 disk_free_gb=62 focused_shirley=2.652GiB 31.32GiB 
2026-09-29T21:16:27Z mem_used_mb=4050 mem_avail_mb=28025 disk_free_gb=62 focused_shirley=2.653GiB 31.32GiB 
2026-09-29T21:16:58Z mem_used_mb=4056 mem_avail_mb=28019 disk_free_gb=62 focused_shirley=2.655GiB 31.32GiB 
2026-09-29T21:17:29Z mem_used_mb=4057 mem_avail_mb=28018 disk_free_gb=62 focused_shirley=2.66GiB 31.32GiB 
2026-09-29T21:18:00Z mem_used_mb=5196 mem_avail_mb=26878 disk_free_gb=62 focused_shirley=3.512GiB 31.32GiB 
2026-09-29T21:18:31Z mem_used_mb=4983 mem_avail_mb=27091 disk_free_gb=62 focused_shirley=3.524GiB 31.32GiB 
2026-09-29T21:19:02Z mem_used_mb=4964 mem_avail_mb=27110 disk_free_gb=62 focused_shirley=3.553GiB 31.32GiB 
2026-09-29T21:19:33Z mem_used_mb=4998 mem_avail_mb=27077 disk_free_gb=62 focused_shirley=3.579GiB 31.32GiB 
2026-09-29T21:20:04Z mem_used_mb=5027 mem_avail_mb=27048 disk_free_gb=62 focused_shirley=3.613GiB 31.32GiB 
2026-09-29T21:20:35Z mem_used_mb=5051 mem_avail_mb=27023 disk_free_gb=62 focused_shirley=3.641GiB 31.32GiB 
2026-09-29T21:21:06Z mem_used_mb=2014 mem_avail_mb=30061 disk_free_gb=70 stoic_bardeen=1.671GiB 31.32GiB 
2026-09-29T21:21:37Z mem_used_mb=7210 mem_avail_mb=24865 disk_free_gb=70 stoic_bardeen=4.65GiB 31.32GiB 
2026-09-29T21:22:08Z mem_used_mb=6925 mem_avail_mb=25150 disk_free_gb=69 stoic_bardeen=4.581GiB 31.32GiB 
2026-09-29T21:22:39Z mem_used_mb=6974 mem_avail_mb=25101 disk_free_gb=69 stoic_bardeen=4.565GiB 31.32GiB 
2026-09-29T21:23:10Z mem_used_mb=6537 mem_avail_mb=25537 disk_free_gb=69 stoic_bardeen=4.378GiB 31.32GiB 
2026-09-29T21:23:41Z mem_used_mb=6585 mem_avail_mb=25489 disk_free_gb=69 stoic_bardeen=4.376GiB 31.32GiB 
2026-09-29T21:24:12Z mem_used_mb=6750 mem_avail_mb=25324 disk_free_gb=68 stoic_bardeen=4.424GiB 31.32GiB 
2026-09-29T21:24:43Z mem_used_mb=7337 mem_avail_mb=24738 disk_free_gb=68 stoic_bardeen=4.827GiB 31.32GiB 
2026-09-29T21:25:14Z mem_used_mb=7041 mem_avail_mb=25034 disk_free_gb=68 stoic_bardeen=4.668GiB 31.32GiB 
2026-09-29T21:25:45Z mem_used_mb=6956 mem_avail_mb=25126 disk_free_gb=68 stoic_bardeen=4.645GiB 31.32GiB 
2026-09-29T21:26:16Z mem_used_mb=6913 mem_avail_mb=25162 disk_free_gb=68 stoic_bardeen=4.62GiB 31.32GiB 
2026-09-29T21:26:48Z mem_used_mb=7044 mem_avail_mb=25031 disk_free_gb=68 stoic_bardeen=4.565GiB 31.32GiB 
2026-09-29T21:27:19Z mem_used_mb=7229 mem_avail_mb=24846 disk_free_gb=67 stoic_bardeen=4.546GiB 31.32GiB 
2026-09-29T21:27:50Z mem_used_mb=6825 mem_avail_mb=25250 disk_free_gb=67 stoic_bardeen=4.55GiB 31.32GiB 
2026-09-29T21:28:21Z mem_used_mb=7110 mem_avail_mb=24965 disk_free_gb=67 stoic_bardeen=4.547GiB 31.32GiB 
2026-09-29T21:28:52Z mem_used_mb=7007 mem_avail_mb=25067 disk_free_gb=67 stoic_bardeen=4.5GiB 31.32GiB 
2026-09-29T21:29:23Z mem_used_mb=6996 mem_avail_mb=25078 disk_free_gb=67 stoic_bardeen=4.503GiB 31.32GiB 
2026-09-29T21:29:54Z mem_used_mb=6675 mem_avail_mb=25396 disk_free_gb=67 stoic_bardeen=4.478GiB 31.32GiB 
2026-09-29T21:30:25Z mem_used_mb=6829 mem_avail_mb=25246 disk_free_gb=67 stoic_bardeen=4.83GiB 31.32GiB 
2026-09-29T21:30:56Z mem_used_mb=6851 mem_avail_mb=25220 disk_free_gb=66 stoic_bardeen=4.702GiB 31.32GiB 
2026-09-29T21:31:27Z mem_used_mb=6846 mem_avail_mb=25229 disk_free_gb=66 stoic_bardeen=4.702GiB 31.32GiB 
2026-09-29T21:31:58Z mem_used_mb=7040 mem_avail_mb=25034 disk_free_gb=66 stoic_bardeen=4.665GiB 31.32GiB 
2026-09-29T21:32:29Z mem_used_mb=7033 mem_avail_mb=25042 disk_free_gb=66 stoic_bardeen=4.615GiB 31.32GiB 
2026-09-29T21:33:00Z mem_used_mb=7108 mem_avail_mb=24967 disk_free_gb=66 stoic_bardeen=4.639GiB 31.32GiB 
2026-09-29T21:33:31Z mem_used_mb=6965 mem_avail_mb=25109 disk_free_gb=65 stoic_bardeen=4.594GiB 31.32GiB 
2026-09-29T21:34:02Z mem_used_mb=6791 mem_avail_mb=25283 disk_free_gb=65 stoic_bardeen=4.586GiB 31.32GiB 
2026-09-29T21:34:33Z mem_used_mb=6638 mem_avail_mb=25437 disk_free_gb=65 stoic_bardeen=4.604GiB 31.32GiB 
2026-09-29T21:35:04Z mem_used_mb=6692 mem_avail_mb=25378 disk_free_gb=65 stoic_bardeen=4.553GiB 31.32GiB 
2026-09-29T21:35:35Z mem_used_mb=6844 mem_avail_mb=25230 disk_free_gb=65 stoic_bardeen=4.516GiB 31.32GiB 
2026-09-29T21:36:06Z mem_used_mb=7063 mem_avail_mb=25011 disk_free_gb=65 stoic_bardeen=4.775GiB 31.32GiB 
2026-09-29T21:36:37Z mem_used_mb=6876 mem_avail_mb=25198 disk_free_gb=65 stoic_bardeen=4.762GiB 31.32GiB 
2026-09-29T21:37:08Z mem_used_mb=7022 mem_avail_mb=25053 disk_free_gb=64 stoic_bardeen=4.705GiB 31.32GiB 
2026-09-29T21:37:39Z mem_used_mb=6834 mem_avail_mb=25241 disk_free_gb=64 stoic_bardeen=4.687GiB 31.32GiB 
2026-09-29T21:38:11Z mem_used_mb=7052 mem_avail_mb=25023 disk_free_gb=64 stoic_bardeen=4.688GiB 31.32GiB 
2026-09-29T21:38:42Z mem_used_mb=7046 mem_avail_mb=25029 disk_free_gb=64 stoic_bardeen=4.671GiB 31.32GiB 
2026-09-29T21:39:13Z mem_used_mb=6933 mem_avail_mb=25142 disk_free_gb=64 stoic_bardeen=4.636GiB 31.32GiB 
2026-09-29T21:39:44Z mem_used_mb=6968 mem_avail_mb=25107 disk_free_gb=63 stoic_bardeen=4.616GiB 31.32GiB 
2026-09-29T21:40:15Z mem_used_mb=6973 mem_avail_mb=25102 disk_free_gb=63 stoic_bardeen=4.589GiB 31.32GiB 
2026-09-29T21:40:46Z mem_used_mb=7024 mem_avail_mb=25051 disk_free_gb=63 stoic_bardeen=4.579GiB 31.32GiB 
2026-09-29T21:41:17Z mem_used_mb=7020 mem_avail_mb=25055 disk_free_gb=63 stoic_bardeen=4.583GiB 31.32GiB 
2026-09-29T21:41:48Z mem_used_mb=7147 mem_avail_mb=24927 disk_free_gb=63 stoic_bardeen=4.556GiB 31.32GiB 
2026-09-29T21:42:19Z mem_used_mb=6865 mem_avail_mb=25210 disk_free_gb=63 stoic_bardeen=4.808GiB 31.32GiB 
2026-09-29T21:42:50Z mem_used_mb=6987 mem_avail_mb=25104 disk_free_gb=63 stoic_bardeen=4.772GiB 31.32GiB 
2026-09-29T21:43:21Z mem_used_mb=7171 mem_avail_mb=24904 disk_free_gb=63 stoic_bardeen=4.753GiB 31.32GiB 
2026-09-29T21:43:52Z mem_used_mb=6746 mem_avail_mb=25329 disk_free_gb=62 stoic_bardeen=4.727GiB 31.32GiB 
2026-09-29T21:44:23Z mem_used_mb=6667 mem_avail_mb=25408 disk_free_gb=62 stoic_bardeen=4.712GiB 31.32GiB 
2026-09-29T21:44:54Z mem_used_mb=6739 mem_avail_mb=25336 disk_free_gb=62 stoic_bardeen=4.698GiB 31.32GiB 
2026-09-29T21:45:25Z mem_used_mb=6589 mem_avail_mb=25485 disk_free_gb=62 stoic_bardeen=4.676GiB 31.32GiB 
2026-09-29T21:45:56Z mem_used_mb=7060 mem_avail_mb=25014 disk_free_gb=62 stoic_bardeen=4.636GiB 31.32GiB 
2026-09-29T21:46:27Z mem_used_mb=7013 mem_avail_mb=25062 disk_free_gb=62 stoic_bardeen=4.65GiB 31.32GiB 
2026-09-29T21:46:58Z mem_used_mb=7410 mem_avail_mb=24665 disk_free_gb=61 stoic_bardeen=4.619GiB 31.32GiB 
2026-09-29T21:47:29Z mem_used_mb=7116 mem_avail_mb=24959 disk_free_gb=61 stoic_bardeen=4.574GiB 31.32GiB 
2026-09-29T21:48:00Z mem_used_mb=7146 mem_avail_mb=24914 disk_free_gb=61 stoic_bardeen=5.008GiB 31.32GiB 
2026-09-29T21:48:31Z mem_used_mb=7157 mem_avail_mb=24918 disk_free_gb=61 stoic_bardeen=4.805GiB 31.32GiB 
2026-09-29T21:49:03Z mem_used_mb=7053 mem_avail_mb=25022 disk_free_gb=61 stoic_bardeen=4.794GiB 31.32GiB 
2026-09-29T21:49:34Z mem_used_mb=7136 mem_avail_mb=24939 disk_free_gb=61 stoic_bardeen=4.775GiB 31.32GiB 
2026-09-29T21:50:05Z mem_used_mb=7130 mem_avail_mb=24944 disk_free_gb=61 stoic_bardeen=4.765GiB 31.32GiB 
2026-09-29T21:50:36Z mem_used_mb=7083 mem_avail_mb=24985 disk_free_gb=61 stoic_bardeen=4.721GiB 31.32GiB 
2026-09-29T21:51:07Z mem_used_mb=6838 mem_avail_mb=25237 disk_free_gb=60 stoic_bardeen=4.701GiB 31.32GiB 
2026-09-29T21:51:38Z mem_used_mb=6294 mem_avail_mb=25781 disk_free_gb=60 stoic_bardeen=4.714GiB 31.32GiB 
2026-09-29T21:52:09Z mem_used_mb=6480 mem_avail_mb=25595 disk_free_gb=60 stoic_bardeen=4.67GiB 31.32GiB 
2026-09-29T21:52:40Z mem_used_mb=6545 mem_avail_mb=25530 disk_free_gb=60 stoic_bardeen=4.649GiB 31.32GiB 
2026-09-29T21:53:11Z mem_used_mb=5850 mem_avail_mb=26224 disk_free_gb=60 stoic_bardeen=4.647GiB 31.32GiB 
2026-09-29T21:53:42Z mem_used_mb=6577 mem_avail_mb=25498 disk_free_gb=60 stoic_bardeen=5.037GiB 31.32GiB 
2026-09-29T21:54:13Z mem_used_mb=6550 mem_avail_mb=25524 disk_free_gb=60 stoic_bardeen=4.882GiB 31.32GiB 
2026-09-29T21:54:44Z mem_used_mb=6457 mem_avail_mb=25618 disk_free_gb=60 stoic_bardeen=4.853GiB 31.32GiB 
2026-09-29T21:55:15Z mem_used_mb=6130 mem_avail_mb=25945 disk_free_gb=59 stoic_bardeen=4.816GiB 31.32GiB 
2026-09-29T21:55:46Z mem_used_mb=6391 mem_avail_mb=25684 disk_free_gb=59 stoic_bardeen=4.786GiB 31.32GiB 
2026-09-29T21:56:17Z mem_used_mb=6023 mem_avail_mb=26051 disk_free_gb=59 stoic_bardeen=4.76GiB 31.32GiB 
2026-09-29T21:56:48Z mem_used_mb=6600 mem_avail_mb=25474 disk_free_gb=59 stoic_bardeen=4.749GiB 31.32GiB 
2026-09-29T21:57:19Z mem_used_mb=6343 mem_avail_mb=25732 disk_free_gb=59 stoic_bardeen=4.708GiB 31.32GiB 
2026-09-29T21:57:50Z mem_used_mb=6593 mem_avail_mb=25478 disk_free_gb=59 stoic_bardeen=4.693GiB 31.32GiB 
2026-09-29T21:58:21Z mem_used_mb=6411 mem_avail_mb=25664 disk_free_gb=58 stoic_bardeen=4.706GiB 31.32GiB 
2026-09-29T21:58:52Z mem_used_mb=6685 mem_avail_mb=25374 disk_free_gb=58 stoic_bardeen=5.565GiB 31.32GiB 
2026-09-29T21:59:23Z mem_used_mb=2959 mem_avail_mb=29116 disk_free_gb=56 stoic_bardeen=1.663GiB 31.32GiB 
2026-09-29T21:59:55Z mem_used_mb=2268 mem_avail_mb=29817 disk_free_gb=53 stoic_bardeen=814.8MiB31.32GiB 
2026-09-29T22:00:26Z mem_used_mb=7303 mem_avail_mb=24772 disk_free_gb=66 stoic_bardeen=4.992GiB 31.32GiB 
2026-09-29T22:00:57Z mem_used_mb=7083 mem_avail_mb=24992 disk_free_gb=67 stoic_bardeen=3.644GiB 31.32GiB 
2026-09-29T22:01:28Z mem_used_mb=6308 mem_avail_mb=25767 disk_free_gb=66 stoic_bardeen=5.27GiB 31.32GiB 
2026-09-29T22:01:59Z mem_used_mb=5941 mem_avail_mb=26134 disk_free_gb=65 stoic_bardeen=4.062GiB 31.32GiB 
2026-09-29T22:02:30Z mem_used_mb=13063 mem_avail_mb=19012 disk_free_gb=65 stoic_bardeen=9.542GiB 31.32GiB 
2026-09-29T22:03:01Z mem_used_mb=9994 mem_avail_mb=22078 disk_free_gb=64 stoic_bardeen=6.63GiB 31.32GiB 
2026-09-29T22:03:32Z mem_used_mb=5751 mem_avail_mb=26350 disk_free_gb=63 stoic_bardeen=6.546GiB 31.32GiB 
2026-09-29T22:04:03Z mem_used_mb=8236 mem_avail_mb=23838 disk_free_gb=63 stoic_bardeen=5.191GiB 31.32GiB 
2026-09-29T22:04:34Z mem_used_mb=4658 mem_avail_mb=27417 disk_free_gb=63 stoic_bardeen=2.968GiB 31.32GiB 
2026-09-29T22:05:05Z mem_used_mb=7603 mem_avail_mb=24472 disk_free_gb=62 stoic_bardeen=5.244GiB 31.32GiB 
2026-09-29T22:05:36Z mem_used_mb=10951 mem_avail_mb=21124 disk_free_gb=62 stoic_bardeen=5.543GiB 31.32GiB 
2026-09-29T22:06:07Z mem_used_mb=10812 mem_avail_mb=21261 disk_free_gb=62 stoic_bardeen=9.372GiB 31.32GiB 
2026-09-29T22:06:38Z mem_used_mb=9303 mem_avail_mb=22772 disk_free_gb=61 stoic_bardeen=6.981GiB 31.32GiB 
2026-09-29T22:07:09Z mem_used_mb=3070 mem_avail_mb=28997 disk_free_gb=62 stoic_bardeen=2.081GiB 31.32GiB 
2026-09-29T22:07:40Z mem_used_mb=4336 mem_avail_mb=27738 disk_free_gb=62 stoic_bardeen=2.996GiB 31.32GiB 
2026-09-29T22:08:12Z mem_used_mb=4305 mem_avail_mb=27770 disk_free_gb=62 stoic_bardeen=3.019GiB 31.32GiB 
2026-09-29T22:08:43Z mem_used_mb=4320 mem_avail_mb=27754 disk_free_gb=62 stoic_bardeen=3.041GiB 31.32GiB 
2026-09-29T22:09:14Z mem_used_mb=4325 mem_avail_mb=27749 disk_free_gb=62 stoic_bardeen=3.064GiB 31.32GiB 
2026-09-29T22:09:45Z mem_used_mb=4354 mem_avail_mb=27721 disk_free_gb=62 stoic_bardeen=3.085GiB 31.32GiB 
2026-09-29T22:10:16Z mem_used_mb=4372 mem_avail_mb=27703 disk_free_gb=62 stoic_bardeen=3.11GiB 31.32GiB 
2026-09-29T22:10:47Z mem_used_mb=3620 mem_avail_mb=28455 disk_free_gb=62 stoic_bardeen=2.623GiB 31.32GiB 
2026-09-29T22:11:18Z mem_used_mb=4159 mem_avail_mb=27916 disk_free_gb=62 stoic_bardeen=2.847GiB 31.32GiB 
2026-09-29T22:11:49Z mem_used_mb=4116 mem_avail_mb=27958 disk_free_gb=62 stoic_bardeen=2.852GiB 31.32GiB 
2026-09-29T22:12:20Z mem_used_mb=4112 mem_avail_mb=27962 disk_free_gb=62 stoic_bardeen=2.851GiB 31.32GiB 
2026-09-29T22:12:51Z mem_used_mb=4107 mem_avail_mb=27968 disk_free_gb=62 stoic_bardeen=2.852GiB 31.32GiB 
2026-09-29T22:13:22Z mem_used_mb=4104 mem_avail_mb=27971 disk_free_gb=62 stoic_bardeen=2.855GiB 31.32GiB 
2026-09-29T22:13:53Z mem_used_mb=4614 mem_avail_mb=27460 disk_free_gb=62 stoic_bardeen=3.378GiB 31.32GiB 
2026-09-29T22:14:24Z mem_used_mb=4983 mem_avail_mb=27091 disk_free_gb=62 stoic_bardeen=3.537GiB 31.32GiB 
2026-09-29T22:14:55Z mem_used_mb=4857 mem_avail_mb=27217 disk_free_gb=62 stoic_bardeen=3.567GiB 31.32GiB 
2026-09-29T22:15:26Z mem_used_mb=4879 mem_avail_mb=27196 disk_free_gb=62 stoic_bardeen=3.597GiB 31.32GiB 
2026-09-29T22:15:57Z mem_used_mb=4906 mem_avail_mb=27168 disk_free_gb=62 stoic_bardeen=3.624GiB 31.32GiB 
2026-09-29T22:16:28Z mem_used_mb=4930 mem_avail_mb=27144 disk_free_gb=62 stoic_bardeen=3.657GiB 31.32GiB 
2026-09-29T22:16:59Z mem_used_mb=4962 mem_avail_mb=27112 disk_free_gb=62 stoic_bardeen=3.681GiB 31.32GiB 
2026-09-29T22:17:30Z mem_used_mb=3698 mem_avail_mb=28377 disk_free_gb=70 recursing_gates=1.962GiB 31.32GiB 
2026-09-29T22:18:01Z mem_used_mb=5519 mem_avail_mb=26555 disk_free_gb=70 recursing_gates=3.425GiB 31.32GiB 
2026-09-29T22:18:33Z mem_used_mb=7121 mem_avail_mb=24954 disk_free_gb=70 recursing_gates=4.253GiB 31.32GiB 
2026-09-29T22:19:04Z mem_used_mb=6946 mem_avail_mb=25129 disk_free_gb=70 recursing_gates=4.681GiB 31.32GiB 
2026-09-29T22:19:35Z mem_used_mb=5398 mem_avail_mb=26676 disk_free_gb=70 recursing_gates=2.263GiB 31.32GiB 
2026-09-29T22:20:06Z mem_used_mb=4839 mem_avail_mb=27235 disk_free_gb=70 flamboyant_poincare=2.454GiB 31.32GiB 
2026-09-29T22:20:37Z mem_used_mb=6974 mem_avail_mb=25100 disk_free_gb=70 flamboyant_poincare=4.367GiB 31.32GiB 
2026-09-29T22:21:08Z mem_used_mb=6720 mem_avail_mb=25354 disk_free_gb=70 flamboyant_poincare=4.456GiB 31.32GiB 
2026-09-29T22:21:39Z mem_used_mb=4516 mem_avail_mb=27557 disk_free_gb=70 flamboyant_poincare=3.381GiB 31.32GiB 
