TSV conversion: HG005_GRCh38_1_22_v4.2.1_benchmark: started
TSV conversion: HG005_GRCh38_1_22_v4.2.1_benchmark: finished
RMLStreamer: HG005_GRCh38_1_22_v4.2.1_benchmark: started
  RMLStreamer: HG005_GRCh38_1_22_v4.2.1_benchmark: rmlstreamer started — 0 B · 0 parts
  RMLStreamer: HG005_GRCh38_1_22_v4.2.1_benchmark: rmlstreamer heartbeat — 0 B · 0 parts
  RMLStreamer: HG005_GRCh38_1_22_v4.2.1_benchmark: rmlstreamer heartbeat — 561.24 KB · 8 parts
  RMLStreamer: HG005_GRCh38_1_22_v4.2.1_benchmark: rmlstreamer heartbeat — 14.57 MB · 8 parts
  RMLStreamer: HG005_GRCh38_1_22_v4.2.1_benchmark: rmlstreamer heartbeat — 44.83 MB · 8 parts
  RMLStreamer: HG005_GRCh38_1_22_v4.2.1_benchmark: rmlstreamer heartbeat — 93.36 MB · 8 parts
  RMLStreamer: HG005_GRCh38_1_22_v4.2.1_benchmark: rmlstreamer heartbeat — 142.85 MB · 8 parts
  RMLStreamer: HG005_GRCh38_1_22_v4.2.1_benchmark: rmlstreamer heartbeat — 190.09 MB · 8 parts
  RMLStreamer: HG005_GRCh38_1_22_v4.2.1_benchmark: rmlstreamer heartbeat — 237.71 MB · 8 parts
  RMLStreamer: HG005_GRCh38_1_22_v4.2.1_benchmark: rmlstreamer heartbeat — 286.05 MB · 8 parts
  RMLStreamer: HG005_GRCh38_1_22_v4.2.1_benchmark: rmlstreamer heartbeat — 334.73 MB · 8 parts
  RMLStreamer: HG005_GRCh38_1_22_v4.2.1_benchmark: rmlstreamer heartbeat — 381.67 MB · 8 parts
  RMLStreamer: HG005_GRCh38_1_22_v4.2.1_benchmark: rmlstreamer heartbeat — 432.04 MB · 8 parts
  RMLStreamer: HG005_GRCh38_1_22_v4.2.1_benchmark: rmlstreamer heartbeat — 480.87 MB · 8 parts
  RMLStreamer: HG005_GRCh38_1_22_v4.2.1_benchmark: rmlstreamer heartbeat — 529.54 MB · 8 parts
  RMLStreamer: HG005_GRCh38_1_22_v4.2.1_benchmark: rmlstreamer heartbeat — 578.12 MB · 8 parts
  RMLStreamer: HG005_GRCh38_1_22_v4.2.1_benchmark: rmlstreamer heartbeat — 628.01 MB · 8 parts
  RMLStreamer: HG005_GRCh38_1_22_v4.2.1_benchmark: rmlstreamer heartbeat — 680.11 MB · 8 parts
  RMLStreamer: HG005_GRCh38_1_22_v4.2.1_benchmark: rmlstreamer heartbeat — 730.76 MB · 8 parts
  RMLStreamer: HG005_GRCh38_1_22_v4.2.1_benchmark: rmlstreamer heartbeat — 781.04 MB · 8 parts
  RMLStreamer: HG005_GRCh38_1_22_v4.2.1_benchmark: rmlstreamer heartbeat — 828.84 MB · 8 parts
  RMLStreamer: HG005_GRCh38_1_22_v4.2.1_benchmark: rmlstreamer heartbeat — 877.32 MB · 8 parts
  RMLStreamer: HG005_GRCh38_1_22_v4.2.1_benchmark: rmlstreamer heartbeat — 928.85 MB · 8 parts
  RMLStreamer: HG005_GRCh38_1_22_v4.2.1_benchmark: rmlstreamer heartbeat — 978.33 MB · 8 parts
  RMLStreamer: HG005_GRCh38_1_22_v4.2.1_benchmark: rmlstreamer heartbeat — 1.00 GB · 8 parts
  RMLStreamer: HG005_GRCh38_1_22_v4.2.1_benchmark: rmlstreamer heartbeat — 1.05 GB · 8 parts
  RMLStreamer: HG005_GRCh38_1_22_v4.2.1_benchmark: rmlstreamer heartbeat — 1.10 GB · 8 parts
  RMLStreamer: HG005_GRCh38_1_22_v4.2.1_benchmark: rmlstreamer heartbeat — 1.15 GB · 8 parts
  RMLStreamer: HG005_GRCh38_1_22_v4.2.1_benchmark: rmlstreamer heartbeat — 1.20 GB · 8 parts
  RMLStreamer: HG005_GRCh38_1_22_v4.2.1_benchmark: rmlstreamer heartbeat — 1.25 GB · 8 parts
  RMLStreamer: HG005_GRCh38_1_22_v4.2.1_benchmark: rmlstreamer heartbeat — 1.30 GB · 8 parts
  RMLStreamer: HG005_GRCh38_1_22_v4.2.1_benchmark: rmlstreamer heartbeat — 1.35 GB · 8 parts
  RMLStreamer: HG005_GRCh38_1_22_v4.2.1_benchmark: rmlstreamer heartbeat — 1.40 GB · 8 parts
  RMLStreamer: HG005_GRCh38_1_22_v4.2.1_benchmark: rmlstreamer heartbeat — 1.45 GB · 8 parts
  RMLStreamer: HG005_GRCh38_1_22_v4.2.1_benchmark: rmlstreamer heartbeat — 1.50 GB · 8 parts
  RMLStreamer: HG005_GRCh38_1_22_v4.2.1_benchmark: rmlstreamer heartbeat — 1.55 GB · 8 parts
  RMLStreamer: HG005_GRCh38_1_22_v4.2.1_benchmark: rmlstreamer heartbeat — 1.60 GB · 8 parts
  RMLStreamer: HG005_GRCh38_1_22_v4.2.1_benchmark: rmlstreamer heartbeat — 1.65 GB · 8 parts
  RMLStreamer: HG005_GRCh38_1_22_v4.2.1_benchmark: rmlstreamer heartbeat — 1.70 GB · 8 parts
  RMLStreamer: HG005_GRCh38_1_22_v4.2.1_benchmark: rmlstreamer heartbeat — 1.75 GB · 8 parts
  RMLStreamer: HG005_GRCh38_1_22_v4.2.1_benchmark: rmlstreamer heartbeat — 1.80 GB · 8 parts
  RMLStreamer: HG005_GRCh38_1_22_v4.2.1_benchmark: rmlstreamer heartbeat — 1.85 GB · 8 parts
  RMLStreamer: HG005_GRCh38_1_22_v4.2.1_benchmark: rmlstreamer heartbeat — 1.90 GB · 8 parts
  RMLStreamer: HG005_GRCh38_1_22_v4.2.1_benchmark: rmlstreamer heartbeat — 1.95 GB · 8 parts
  RMLStreamer: HG005_GRCh38_1_22_v4.2.1_benchmark: rmlstreamer heartbeat — 1.99 GB · 8 parts
  RMLStreamer: HG005_GRCh38_1_22_v4.2.1_benchmark: rmlstreamer heartbeat — 2.04 GB · 8 parts
  RMLStreamer: HG005_GRCh38_1_22_v4.2.1_benchmark: rmlstreamer heartbeat — 2.09 GB · 8 parts
  RMLStreamer: HG005_GRCh38_1_22_v4.2.1_benchmark: rmlstreamer heartbeat — 2.14 GB · 8 parts
  RMLStreamer: HG005_GRCh38_1_22_v4.2.1_benchmark: rmlstreamer heartbeat — 2.19 GB · 8 parts
  RMLStreamer: HG005_GRCh38_1_22_v4.2.1_benchmark: rmlstreamer heartbeat — 2.24 GB · 8 parts
  RMLStreamer: HG005_GRCh38_1_22_v4.2.1_benchmark: rmlstreamer heartbeat — 2.28 GB · 8 parts
  RMLStreamer: HG005_GRCh38_1_22_v4.2.1_benchmark: rmlstreamer heartbeat — 2.33 GB · 8 parts
  RMLStreamer: HG005_GRCh38_1_22_v4.2.1_benchmark: rmlstreamer heartbeat — 2.38 GB · 8 parts
  RMLStreamer: HG005_GRCh38_1_22_v4.2.1_benchmark: rmlstreamer heartbeat — 2.43 GB · 8 parts
  RMLStreamer: HG005_GRCh38_1_22_v4.2.1_benchmark: rmlstreamer heartbeat — 2.48 GB · 8 parts
  RMLStreamer: HG005_GRCh38_1_22_v4.2.1_benchmark: rmlstreamer heartbeat — 2.53 GB · 8 parts
  RMLStreamer: HG005_GRCh38_1_22_v4.2.1_benchmark: rmlstreamer heartbeat — 2.57 GB · 8 parts
  RMLStreamer: HG005_GRCh38_1_22_v4.2.1_benchmark: rmlstreamer heartbeat — 2.62 GB · 8 parts
  RMLStreamer: HG005_GRCh38_1_22_v4.2.1_benchmark: rmlstreamer heartbeat — 2.67 GB · 8 parts
  RMLStreamer: HG005_GRCh38_1_22_v4.2.1_benchmark: rmlstreamer heartbeat — 2.72 GB · 8 parts
  RMLStreamer: HG005_GRCh38_1_22_v4.2.1_benchmark: rmlstreamer heartbeat — 2.77 GB · 8 parts
  RMLStreamer: HG005_GRCh38_1_22_v4.2.1_benchmark: rmlstreamer heartbeat — 2.82 GB · 8 parts
  RMLStreamer: HG005_GRCh38_1_22_v4.2.1_benchmark: rmlstreamer heartbeat — 2.86 GB · 8 parts
  RMLStreamer: HG005_GRCh38_1_22_v4.2.1_benchmark: rmlstreamer heartbeat — 2.91 GB · 8 parts
  RMLStreamer: HG005_GRCh38_1_22_v4.2.1_benchmark: rmlstreamer heartbeat — 2.96 GB · 8 parts
  RMLStreamer: HG005_GRCh38_1_22_v4.2.1_benchmark: rmlstreamer heartbeat — 3.00 GB · 8 parts
  RMLStreamer: HG005_GRCh38_1_22_v4.2.1_benchmark: rmlstreamer heartbeat — 3.05 GB · 8 parts
  RMLStreamer: HG005_GRCh38_1_22_v4.2.1_benchmark: rmlstreamer heartbeat — 3.10 GB · 8 parts
  RMLStreamer: HG005_GRCh38_1_22_v4.2.1_benchmark: rmlstreamer heartbeat — 3.15 GB · 8 parts
  RMLStreamer: HG005_GRCh38_1_22_v4.2.1_benchmark: rmlstreamer heartbeat — 3.20 GB · 8 parts
  RMLStreamer: HG005_GRCh38_1_22_v4.2.1_benchmark: rmlstreamer heartbeat — 3.24 GB · 8 parts
  RMLStreamer: HG005_GRCh38_1_22_v4.2.1_benchmark: rmlstreamer heartbeat — 3.29 GB · 8 parts
  RMLStreamer: HG005_GRCh38_1_22_v4.2.1_benchmark: rmlstreamer heartbeat — 3.34 GB · 8 parts
  RMLStreamer: HG005_GRCh38_1_22_v4.2.1_benchmark: rmlstreamer heartbeat — 3.39 GB · 8 parts
  RMLStreamer: HG005_GRCh38_1_22_v4.2.1_benchmark: rmlstreamer heartbeat — 3.44 GB · 8 parts
  RMLStreamer: HG005_GRCh38_1_22_v4.2.1_benchmark: rmlstreamer heartbeat — 3.49 GB · 8 parts
  RMLStreamer: HG005_GRCh38_1_22_v4.2.1_benchmark: rmlstreamer heartbeat — 3.54 GB · 8 parts
  RMLStreamer: HG005_GRCh38_1_22_v4.2.1_benchmark: rmlstreamer heartbeat — 3.59 GB · 8 parts
  RMLStreamer: HG005_GRCh38_1_22_v4.2.1_benchmark: rmlstreamer heartbeat — 3.63 GB · 8 parts
  RMLStreamer: HG005_GRCh38_1_22_v4.2.1_benchmark: rmlstreamer heartbeat — 3.68 GB · 8 parts
  RMLStreamer: HG005_GRCh38_1_22_v4.2.1_benchmark: rmlstreamer heartbeat — 3.73 GB · 8 parts
  RMLStreamer: HG005_GRCh38_1_22_v4.2.1_benchmark: rmlstreamer heartbeat — 3.78 GB · 8 parts
  RMLStreamer: HG005_GRCh38_1_22_v4.2.1_benchmark: rmlstreamer heartbeat — 3.83 GB · 8 parts
  RMLStreamer: HG005_GRCh38_1_22_v4.2.1_benchmark: rmlstreamer heartbeat — 3.88 GB · 8 parts
  RMLStreamer: HG005_GRCh38_1_22_v4.2.1_benchmark: rmlstreamer heartbeat — 3.93 GB · 8 parts
  RMLStreamer: HG005_GRCh38_1_22_v4.2.1_benchmark: rmlstreamer heartbeat — 3.98 GB · 8 parts
  RMLStreamer: HG005_GRCh38_1_22_v4.2.1_benchmark: rmlstreamer heartbeat — 4.02 GB · 8 parts
  RMLStreamer: HG005_GRCh38_1_22_v4.2.1_benchmark: rmlstreamer heartbeat — 4.07 GB · 8 parts
  RMLStreamer: HG005_GRCh38_1_22_v4.2.1_benchmark: rmlstreamer heartbeat — 4.12 GB · 8 parts
  RMLStreamer: HG005_GRCh38_1_22_v4.2.1_benchmark: rmlstreamer heartbeat — 4.17 GB · 8 parts
  RMLStreamer: HG005_GRCh38_1_22_v4.2.1_benchmark: rmlstreamer heartbeat — 4.22 GB · 8 parts
  RMLStreamer: HG005_GRCh38_1_22_v4.2.1_benchmark: rmlstreamer heartbeat — 4.26 GB · 8 parts
  RMLStreamer: HG005_GRCh38_1_22_v4.2.1_benchmark: rmlstreamer heartbeat — 4.31 GB · 8 parts
  RMLStreamer: HG005_GRCh38_1_22_v4.2.1_benchmark: rmlstreamer heartbeat — 4.36 GB · 8 parts
  RMLStreamer: HG005_GRCh38_1_22_v4.2.1_benchmark: rmlstreamer heartbeat — 4.41 GB · 8 parts
  RMLStreamer: HG005_GRCh38_1_22_v4.2.1_benchmark: rmlstreamer heartbeat — 4.46 GB · 8 parts
  RMLStreamer: HG005_GRCh38_1_22_v4.2.1_benchmark: rmlstreamer heartbeat — 4.51 GB · 8 parts
  RMLStreamer: HG005_GRCh38_1_22_v4.2.1_benchmark: rmlstreamer heartbeat — 4.56 GB · 8 parts
  RMLStreamer: HG005_GRCh38_1_22_v4.2.1_benchmark: rmlstreamer heartbeat — 4.61 GB · 8 parts
  RMLStreamer: HG005_GRCh38_1_22_v4.2.1_benchmark: rmlstreamer heartbeat — 4.65 GB · 8 parts
  RMLStreamer: HG005_GRCh38_1_22_v4.2.1_benchmark: rmlstreamer heartbeat — 4.70 GB · 8 parts
  RMLStreamer: HG005_GRCh38_1_22_v4.2.1_benchmark: rmlstreamer heartbeat — 4.75 GB · 8 parts
  RMLStreamer: HG005_GRCh38_1_22_v4.2.1_benchmark: rmlstreamer heartbeat — 4.80 GB · 8 parts
  RMLStreamer: HG005_GRCh38_1_22_v4.2.1_benchmark: rmlstreamer heartbeat — 4.82 GB · 8 parts
  RMLStreamer: HG005_GRCh38_1_22_v4.2.1_benchmark: rmlstreamer heartbeat — 4.84 GB · 8 parts
  RMLStreamer: HG005_GRCh38_1_22_v4.2.1_benchmark: rmlstreamer heartbeat — 4.85 GB · 8 parts
  RMLStreamer: HG005_GRCh38_1_22_v4.2.1_benchmark: rmlstreamer heartbeat — 4.85 GB · 8 parts
  RMLStreamer: HG005_GRCh38_1_22_v4.2.1_benchmark: rmlstreamer complete — 4.85 GB · 8 parts
  RMLStreamer: HG005_GRCh38_1_22_v4.2.1_benchmark: rdf-aggregate started — 0 parts
  RMLStreamer: HG005_GRCh38_1_22_v4.2.1_benchmark: rdf-aggregate part — 1 parts
  RMLStreamer: HG005_GRCh38_1_22_v4.2.1_benchmark: rdf-aggregate part — 2 parts
  RMLStreamer: HG005_GRCh38_1_22_v4.2.1_benchmark: rdf-aggregate part — 3 parts
  RMLStreamer: HG005_GRCh38_1_22_v4.2.1_benchmark: rdf-aggregate part — 4 parts
  RMLStreamer: HG005_GRCh38_1_22_v4.2.1_benchmark: rdf-aggregate part — 5 parts
  RMLStreamer: HG005_GRCh38_1_22_v4.2.1_benchmark: rdf-aggregate part — 6 parts
  RMLStreamer: HG005_GRCh38_1_22_v4.2.1_benchmark: rdf-aggregate part — 7 parts
  RMLStreamer: HG005_GRCh38_1_22_v4.2.1_benchmark: rdf-aggregate part — 8 parts
  RMLStreamer: HG005_GRCh38_1_22_v4.2.1_benchmark: rdf-aggregate complete — 8 parts
RMLStreamer: HG005_GRCh38_1_22_v4.2.1_benchmark: finished
Partitioned compression: HG005_GRCh38_1_22_v4.2.1_benchmark: started
  Partitioned compression: HG005_GRCh38_1_22_v4.2.1_benchmark: rdf-scan started — 0 triples
  Partitioned compression: HG005_GRCh38_1_22_v4.2.1_benchmark: rdf-scan heartbeat — 454,602 triples · 67,108,983 bytes read
  Partitioned compression: HG005_GRCh38_1_22_v4.2.1_benchmark: rdf-scan heartbeat — 908,236 triples · 134,217,934 bytes read
  Partitioned compression: HG005_GRCh38_1_22_v4.2.1_benchmark: rdf-scan heartbeat — 1,358,096 triples · 201,326,945 bytes read
  Partitioned compression: HG005_GRCh38_1_22_v4.2.1_benchmark: rdf-scan heartbeat — 1,807,749 triples · 268,435,827 bytes read
  Partitioned compression: HG005_GRCh38_1_22_v4.2.1_benchmark: rdf-scan heartbeat — 2,257,397 triples · 335,544,707 bytes read
  Partitioned compression: HG005_GRCh38_1_22_v4.2.1_benchmark: rdf-scan heartbeat — 2,707,047 triples · 402,653,665 bytes read
  Partitioned compression: HG005_GRCh38_1_22_v4.2.1_benchmark: rdf-scan heartbeat — 3,157,080 triples · 469,762,546 bytes read
  Partitioned compression: HG005_GRCh38_1_22_v4.2.1_benchmark: rdf-scan chunk — 3,607,069 triples · 1 chunks · 536,870,930 bytes read
  Partitioned compression: HG005_GRCh38_1_22_v4.2.1_benchmark: hdt-chunks started — 0 chunks · hdt-build-00000
  Partitioned compression: HG005_GRCh38_1_22_v4.2.1_benchmark: hdt-chunks complete — 1 chunks · hdt-build-00000
  Partitioned compression: HG005_GRCh38_1_22_v4.2.1_benchmark: cottas-chunks started — 0 chunks · cottas-build-00000
  Partitioned compression: HG005_GRCh38_1_22_v4.2.1_benchmark: cottas-chunks complete — 1 chunks · cottas-build-00000
  Partitioned compression: HG005_GRCh38_1_22_v4.2.1_benchmark: rdf-scan heartbeat — 3,607,072 triples · 536,871,430 bytes read
  Partitioned compression: HG005_GRCh38_1_22_v4.2.1_benchmark: rdf-scan heartbeat — 4,056,987 triples · 603,980,332 bytes read
  Partitioned compression: HG005_GRCh38_1_22_v4.2.1_benchmark: rdf-scan heartbeat — 4,506,624 triples · 671,089,274 bytes read
  Partitioned compression: HG005_GRCh38_1_22_v4.2.1_benchmark: rdf-scan heartbeat — 4,956,271 triples · 738,198,166 bytes read
  Partitioned compression: HG005_GRCh38_1_22_v4.2.1_benchmark: rdf-scan heartbeat — 5,405,916 triples · 805,307,058 bytes read
  Partitioned compression: HG005_GRCh38_1_22_v4.2.1_benchmark: rdf-scan heartbeat — 5,855,766 triples · 872,416,007 bytes read
  Partitioned compression: HG005_GRCh38_1_22_v4.2.1_benchmark: rdf-scan heartbeat — 6,305,799 triples · 939,524,984 bytes read
  Partitioned compression: HG005_GRCh38_1_22_v4.2.1_benchmark: rdf-scan heartbeat — 6,755,785 triples · 1,006,633,948 bytes read
  Partitioned compression: HG005_GRCh38_1_22_v4.2.1_benchmark: rdf-scan chunk — 7,205,597 triples · 2 chunks · 1,073,741,957 bytes read
  Partitioned compression: HG005_GRCh38_1_22_v4.2.1_benchmark: hdt-chunks started — 1 chunks · hdt-build-00001
  Partitioned compression: HG005_GRCh38_1_22_v4.2.1_benchmark: hdt-chunks complete — 2 chunks · hdt-build-00001
  Partitioned compression: HG005_GRCh38_1_22_v4.2.1_benchmark: cottas-chunks started — 1 chunks · cottas-build-00001
  Partitioned compression: HG005_GRCh38_1_22_v4.2.1_benchmark: cottas-chunks complete — 2 chunks · cottas-build-00001
  Partitioned compression: HG005_GRCh38_1_22_v4.2.1_benchmark: rdf-scan heartbeat — 7,205,603 triples · 1,073,742,864 bytes read
  Partitioned compression: HG005_GRCh38_1_22_v4.2.1_benchmark: rdf-scan heartbeat — 7,655,253 triples · 1,140,851,815 bytes read
  Partitioned compression: HG005_GRCh38_1_22_v4.2.1_benchmark: rdf-scan heartbeat — 8,104,902 triples · 1,207,960,776 bytes read
  Partitioned compression: HG005_GRCh38_1_22_v4.2.1_benchmark: rdf-scan heartbeat — 8,554,949 triples · 1,275,069,719 bytes read
  Partitioned compression: HG005_GRCh38_1_22_v4.2.1_benchmark: rdf-scan heartbeat — 9,002,051 triples · 1,342,178,612 bytes read
  Partitioned compression: HG005_GRCh38_1_22_v4.2.1_benchmark: rdf-scan heartbeat — 9,450,021 triples · 1,409,287,581 bytes read
  Partitioned compression: HG005_GRCh38_1_22_v4.2.1_benchmark: rdf-scan heartbeat — 9,896,355 triples · 1,476,396,445 bytes read
  Partitioned compression: HG005_GRCh38_1_22_v4.2.1_benchmark: rdf-scan heartbeat — 10,342,556 triples · 1,543,505,450 bytes read
  Partitioned compression: HG005_GRCh38_1_22_v4.2.1_benchmark: rdf-scan chunk — 10,788,544 triples · 3 chunks · 1,610,612,878 bytes read
  Partitioned compression: HG005_GRCh38_1_22_v4.2.1_benchmark: hdt-chunks started — 2 chunks · hdt-build-00002
  Partitioned compression: HG005_GRCh38_1_22_v4.2.1_benchmark: hdt-chunks complete — 3 chunks · hdt-build-00002
  Partitioned compression: HG005_GRCh38_1_22_v4.2.1_benchmark: cottas-chunks started — 2 chunks · cottas-build-00002
  Partitioned compression: HG005_GRCh38_1_22_v4.2.1_benchmark: cottas-chunks complete — 3 chunks · cottas-build-00002
  Partitioned compression: HG005_GRCh38_1_22_v4.2.1_benchmark: rdf-scan heartbeat — 10,788,554 triples · 1,610,614,397 bytes read
  Partitioned compression: HG005_GRCh38_1_22_v4.2.1_benchmark: rdf-scan heartbeat — 11,234,810 triples · 1,677,723,333 bytes read
  Partitioned compression: HG005_GRCh38_1_22_v4.2.1_benchmark: rdf-scan heartbeat — 11,681,140 triples · 1,744,832,207 bytes read
  Partitioned compression: HG005_GRCh38_1_22_v4.2.1_benchmark: rdf-scan heartbeat — 12,127,472 triples · 1,811,941,145 bytes read
  Partitioned compression: HG005_GRCh38_1_22_v4.2.1_benchmark: rdf-scan heartbeat — 12,573,625 triples · 1,879,050,170 bytes read
  Partitioned compression: HG005_GRCh38_1_22_v4.2.1_benchmark: rdf-scan heartbeat — 13,019,621 triples · 1,946,159,057 bytes read
  Partitioned compression: HG005_GRCh38_1_22_v4.2.1_benchmark: rdf-scan heartbeat — 13,465,669 triples · 2,013,267,922 bytes read
  Partitioned compression: HG005_GRCh38_1_22_v4.2.1_benchmark: rdf-scan heartbeat — 13,911,458 triples · 2,080,376,926 bytes read
  Partitioned compression: HG005_GRCh38_1_22_v4.2.1_benchmark: rdf-scan chunk — 14,357,508 triples · 4 chunks · 2,147,483,806 bytes read
  Partitioned compression: HG005_GRCh38_1_22_v4.2.1_benchmark: hdt-chunks started — 3 chunks · hdt-build-00003
  Partitioned compression: HG005_GRCh38_1_22_v4.2.1_benchmark: hdt-chunks complete — 4 chunks · hdt-build-00003
  Partitioned compression: HG005_GRCh38_1_22_v4.2.1_benchmark: cottas-chunks started — 3 chunks · cottas-build-00003
  Partitioned compression: HG005_GRCh38_1_22_v4.2.1_benchmark: cottas-chunks complete — 4 chunks · cottas-build-00003
  Partitioned compression: HG005_GRCh38_1_22_v4.2.1_benchmark: rdf-scan heartbeat — 14,357,522 triples · 2,147,485,847 bytes read
  Partitioned compression: HG005_GRCh38_1_22_v4.2.1_benchmark: rdf-scan heartbeat — 14,803,524 triples · 2,214,594,816 bytes read
  Partitioned compression: HG005_GRCh38_1_22_v4.2.1_benchmark: rdf-scan heartbeat — 15,249,418 triples · 2,281,703,759 bytes read
  Partitioned compression: HG005_GRCh38_1_22_v4.2.1_benchmark: rdf-scan heartbeat — 15,695,285 triples · 2,348,812,786 bytes read
  Partitioned compression: HG005_GRCh38_1_22_v4.2.1_benchmark: rdf-scan heartbeat — 16,141,302 triples · 2,415,921,689 bytes read
  Partitioned compression: HG005_GRCh38_1_22_v4.2.1_benchmark: rdf-scan heartbeat — 16,587,300 triples · 2,483,030,610 bytes read
  Partitioned compression: HG005_GRCh38_1_22_v4.2.1_benchmark: rdf-scan heartbeat — 17,033,124 triples · 2,550,139,568 bytes read
  Partitioned compression: HG005_GRCh38_1_22_v4.2.1_benchmark: rdf-scan heartbeat — 17,478,959 triples · 2,617,248,433 bytes read
  Partitioned compression: HG005_GRCh38_1_22_v4.2.1_benchmark: rdf-scan chunk — 17,925,042 triples · 5 chunks · 2,684,354,754 bytes read
  Partitioned compression: HG005_GRCh38_1_22_v4.2.1_benchmark: hdt-chunks started — 4 chunks · hdt-build-00004
  Partitioned compression: HG005_GRCh38_1_22_v4.2.1_benchmark: hdt-chunks complete — 5 chunks · hdt-build-00004
  Partitioned compression: HG005_GRCh38_1_22_v4.2.1_benchmark: cottas-chunks started — 4 chunks · cottas-build-00004
  Partitioned compression: HG005_GRCh38_1_22_v4.2.1_benchmark: cottas-chunks complete — 5 chunks · cottas-build-00004
  Partitioned compression: HG005_GRCh38_1_22_v4.2.1_benchmark: rdf-scan heartbeat — 17,925,060 triples · 2,684,357,462 bytes read
  Partitioned compression: HG005_GRCh38_1_22_v4.2.1_benchmark: rdf-scan heartbeat — 18,371,058 triples · 2,751,466,373 bytes read
  Partitioned compression: HG005_GRCh38_1_22_v4.2.1_benchmark: rdf-scan heartbeat — 18,817,180 triples · 2,818,575,354 bytes read
  Partitioned compression: HG005_GRCh38_1_22_v4.2.1_benchmark: rdf-scan heartbeat — 19,263,177 triples · 2,885,684,284 bytes read
  Partitioned compression: HG005_GRCh38_1_22_v4.2.1_benchmark: rdf-scan heartbeat — 19,709,281 triples · 2,952,793,191 bytes read
  Partitioned compression: HG005_GRCh38_1_22_v4.2.1_benchmark: rdf-scan heartbeat — 20,155,287 triples · 3,019,902,127 bytes read
  Partitioned compression: HG005_GRCh38_1_22_v4.2.1_benchmark: rdf-scan heartbeat — 20,601,387 triples · 3,087,011,080 bytes read
  Partitioned compression: HG005_GRCh38_1_22_v4.2.1_benchmark: rdf-scan heartbeat — 21,047,382 triples · 3,154,119,951 bytes read
  Partitioned compression: HG005_GRCh38_1_22_v4.2.1_benchmark: rdf-scan chunk — 21,493,355 triples · 6 chunks · 3,221,225,763 bytes read
  Partitioned compression: HG005_GRCh38_1_22_v4.2.1_benchmark: hdt-chunks started — 5 chunks · hdt-build-00005
  Partitioned compression: HG005_GRCh38_1_22_v4.2.1_benchmark: hdt-chunks complete — 6 chunks · hdt-build-00005
  Partitioned compression: HG005_GRCh38_1_22_v4.2.1_benchmark: cottas-chunks started — 5 chunks · cottas-build-00005
  Partitioned compression: HG005_GRCh38_1_22_v4.2.1_benchmark: cottas-chunks complete — 6 chunks · cottas-build-00005
  Partitioned compression: HG005_GRCh38_1_22_v4.2.1_benchmark: rdf-scan heartbeat — 21,493,376 triples · 3,221,228,887 bytes read
  Partitioned compression: HG005_GRCh38_1_22_v4.2.1_benchmark: rdf-scan heartbeat — 21,939,353 triples · 3,288,337,848 bytes read
  Partitioned compression: HG005_GRCh38_1_22_v4.2.1_benchmark: rdf-scan heartbeat — 22,385,348 triples · 3,355,446,776 bytes read
  Partitioned compression: HG005_GRCh38_1_22_v4.2.1_benchmark: rdf-scan heartbeat — 22,831,249 triples · 3,422,555,681 bytes read
  Partitioned compression: HG005_GRCh38_1_22_v4.2.1_benchmark: rdf-scan heartbeat — 23,277,183 triples · 3,489,664,579 bytes read
  Partitioned compression: HG005_GRCh38_1_22_v4.2.1_benchmark: rdf-scan heartbeat — 23,723,180 triples · 3,556,773,504 bytes read
  Partitioned compression: HG005_GRCh38_1_22_v4.2.1_benchmark: rdf-scan heartbeat — 24,169,133 triples · 3,623,882,476 bytes read
  Partitioned compression: HG005_GRCh38_1_22_v4.2.1_benchmark: rdf-scan heartbeat — 24,615,133 triples · 3,690,991,462 bytes read
  Partitioned compression: HG005_GRCh38_1_22_v4.2.1_benchmark: rdf-scan chunk — 25,061,089 triples · 7 chunks · 3,758,096,829 bytes read
  Partitioned compression: HG005_GRCh38_1_22_v4.2.1_benchmark: hdt-chunks started — 6 chunks · hdt-build-00006
  Partitioned compression: HG005_GRCh38_1_22_v4.2.1_benchmark: hdt-chunks complete — 7 chunks · hdt-build-00006
  Partitioned compression: HG005_GRCh38_1_22_v4.2.1_benchmark: cottas-chunks started — 6 chunks · cottas-build-00006
  Partitioned compression: HG005_GRCh38_1_22_v4.2.1_benchmark: cottas-chunks complete — 7 chunks · cottas-build-00006
  Partitioned compression: HG005_GRCh38_1_22_v4.2.1_benchmark: rdf-scan heartbeat — 25,061,113 triples · 3,758,100,432 bytes read
  Partitioned compression: HG005_GRCh38_1_22_v4.2.1_benchmark: rdf-scan heartbeat — 25,507,256 triples · 3,825,209,331 bytes read
  Partitioned compression: HG005_GRCh38_1_22_v4.2.1_benchmark: rdf-scan heartbeat — 25,953,253 triples · 3,892,318,210 bytes read
  Partitioned compression: HG005_GRCh38_1_22_v4.2.1_benchmark: rdf-scan heartbeat — 26,399,598 triples · 3,959,427,112 bytes read
  Partitioned compression: HG005_GRCh38_1_22_v4.2.1_benchmark: rdf-scan heartbeat — 26,845,929 triples · 4,026,536,127 bytes read
  Partitioned compression: HG005_GRCh38_1_22_v4.2.1_benchmark: rdf-scan heartbeat — 27,292,256 triples · 4,093,645,131 bytes read
  Partitioned compression: HG005_GRCh38_1_22_v4.2.1_benchmark: rdf-scan heartbeat — 27,738,270 triples · 4,160,754,129 bytes read
  Partitioned compression: HG005_GRCh38_1_22_v4.2.1_benchmark: rdf-scan heartbeat — 28,184,652 triples · 4,227,863,124 bytes read
  Partitioned compression: HG005_GRCh38_1_22_v4.2.1_benchmark: rdf-scan chunk — 28,630,961 triples · 8 chunks · 4,294,967,778 bytes read
  Partitioned compression: HG005_GRCh38_1_22_v4.2.1_benchmark: hdt-chunks started — 7 chunks · hdt-build-00007
  Partitioned compression: HG005_GRCh38_1_22_v4.2.1_benchmark: hdt-chunks complete — 8 chunks · hdt-build-00007
  Partitioned compression: HG005_GRCh38_1_22_v4.2.1_benchmark: cottas-chunks started — 7 chunks · cottas-build-00007
  Partitioned compression: HG005_GRCh38_1_22_v4.2.1_benchmark: cottas-chunks complete — 8 chunks · cottas-build-00007
  Partitioned compression: HG005_GRCh38_1_22_v4.2.1_benchmark: rdf-scan heartbeat — 28,630,989 triples · 4,294,972,000 bytes read
  Partitioned compression: HG005_GRCh38_1_22_v4.2.1_benchmark: rdf-scan heartbeat — 29,077,174 triples · 4,362,080,998 bytes read
  Partitioned compression: HG005_GRCh38_1_22_v4.2.1_benchmark: rdf-scan heartbeat — 29,523,305 triples · 4,429,189,961 bytes read
  Partitioned compression: HG005_GRCh38_1_22_v4.2.1_benchmark: rdf-scan heartbeat — 29,969,307 triples · 4,496,298,947 bytes read
  Partitioned compression: HG005_GRCh38_1_22_v4.2.1_benchmark: rdf-scan heartbeat — 30,415,428 triples · 4,563,407,892 bytes read
  Partitioned compression: HG005_GRCh38_1_22_v4.2.1_benchmark: rdf-scan heartbeat — 30,864,565 triples · 4,630,516,772 bytes read
  Partitioned compression: HG005_GRCh38_1_22_v4.2.1_benchmark: rdf-scan heartbeat — 31,310,896 triples · 4,697,625,657 bytes read
  Partitioned compression: HG005_GRCh38_1_22_v4.2.1_benchmark: rdf-scan heartbeat — 31,756,925 triples · 4,764,734,604 bytes read
  Partitioned compression: HG005_GRCh38_1_22_v4.2.1_benchmark: rdf-scan chunk — 32,202,892 triples · 9 chunks · 4,831,838,812 bytes read
  Partitioned compression: HG005_GRCh38_1_22_v4.2.1_benchmark: hdt-chunks started — 8 chunks · hdt-build-00008
  Partitioned compression: HG005_GRCh38_1_22_v4.2.1_benchmark: hdt-chunks complete — 9 chunks · hdt-build-00008
  Partitioned compression: HG005_GRCh38_1_22_v4.2.1_benchmark: cottas-chunks started — 8 chunks · cottas-build-00008
  Partitioned compression: HG005_GRCh38_1_22_v4.2.1_benchmark: cottas-chunks complete — 9 chunks · cottas-build-00008
  Partitioned compression: HG005_GRCh38_1_22_v4.2.1_benchmark: rdf-scan heartbeat — 32,202,923 triples · 4,831,843,489 bytes read
  Partitioned compression: HG005_GRCh38_1_22_v4.2.1_benchmark: rdf-scan heartbeat — 32,648,962 triples · 4,898,952,371 bytes read
  Partitioned compression: HG005_GRCh38_1_22_v4.2.1_benchmark: rdf-scan heartbeat — 33,095,390 triples · 4,966,061,343 bytes read
  Partitioned compression: HG005_GRCh38_1_22_v4.2.1_benchmark: rdf-scan heartbeat — 33,541,721 triples · 5,033,170,230 bytes read
  Partitioned compression: HG005_GRCh38_1_22_v4.2.1_benchmark: rdf-scan heartbeat — 33,987,902 triples · 5,100,279,178 bytes read
  Partitioned compression: HG005_GRCh38_1_22_v4.2.1_benchmark: rdf-scan heartbeat — 34,433,901 triples · 5,167,388,093 bytes read
  Partitioned compression: HG005_GRCh38_1_22_v4.2.1_benchmark: rdf-scan heartbeat — 34,852,864 triples · 5,234,497,109 bytes read
  Partitioned compression: HG005_GRCh38_1_22_v4.2.1_benchmark: rdf-scan heartbeat — 35,225,150 triples · 5,301,606,090 bytes read
  Partitioned compression: HG005_GRCh38_1_22_v4.2.1_benchmark: rdf-scan chunk — 35,595,881 triples · 10 chunks · 5,368,709,890 bytes read
  Partitioned compression: HG005_GRCh38_1_22_v4.2.1_benchmark: hdt-chunks started — 9 chunks · hdt-build-00009
  Partitioned compression: HG005_GRCh38_1_22_v4.2.1_benchmark: hdt-chunks complete — 10 chunks · hdt-build-00009
  Partitioned compression: HG005_GRCh38_1_22_v4.2.1_benchmark: cottas-chunks started — 9 chunks · cottas-build-00009
  Partitioned compression: HG005_GRCh38_1_22_v4.2.1_benchmark: cottas-chunks complete — 10 chunks · cottas-build-00009
  Partitioned compression: HG005_GRCh38_1_22_v4.2.1_benchmark: rdf-scan heartbeat — 35,595,910 triples · 5,368,715,120 bytes read
  Partitioned compression: HG005_GRCh38_1_22_v4.2.1_benchmark: rdf-scan heartbeat — 35,965,501 triples · 5,435,824,033 bytes read
  Partitioned compression: HG005_GRCh38_1_22_v4.2.1_benchmark: rdf-scan heartbeat — 36,335,124 triples · 5,502,932,967 bytes read
  Partitioned compression: HG005_GRCh38_1_22_v4.2.1_benchmark: rdf-scan heartbeat — 36,704,714 triples · 5,570,041,898 bytes read
  Partitioned compression: HG005_GRCh38_1_22_v4.2.1_benchmark: rdf-scan heartbeat — 37,074,311 triples · 5,637,150,786 bytes read
  Partitioned compression: HG005_GRCh38_1_22_v4.2.1_benchmark: rdf-scan heartbeat — 37,443,889 triples · 5,704,259,711 bytes read
  Partitioned compression: HG005_GRCh38_1_22_v4.2.1_benchmark: rdf-scan heartbeat — 37,813,470 triples · 5,771,368,662 bytes read
  Partitioned compression: HG005_GRCh38_1_22_v4.2.1_benchmark: rdf-scan heartbeat — 38,183,014 triples · 5,838,477,558 bytes read
  Partitioned compression: HG005_GRCh38_1_22_v4.2.1_benchmark: rdf-scan chunk — 38,552,560 triples · 11 chunks · 5,905,580,914 bytes read
  Partitioned compression: HG005_GRCh38_1_22_v4.2.1_benchmark: hdt-chunks started — 10 chunks · hdt-build-00010
  Partitioned compression: HG005_GRCh38_1_22_v4.2.1_benchmark: hdt-chunks complete — 11 chunks · hdt-build-00010
  Partitioned compression: HG005_GRCh38_1_22_v4.2.1_benchmark: cottas-chunks started — 10 chunks · cottas-build-00010
  Partitioned compression: HG005_GRCh38_1_22_v4.2.1_benchmark: cottas-chunks complete — 11 chunks · cottas-build-00010
  Partitioned compression: HG005_GRCh38_1_22_v4.2.1_benchmark: rdf-scan heartbeat — 38,552,592 triples · 5,905,586,596 bytes read
  Partitioned compression: HG005_GRCh38_1_22_v4.2.1_benchmark: rdf-scan heartbeat — 38,922,156 triples · 5,972,695,651 bytes read
  Partitioned compression: HG005_GRCh38_1_22_v4.2.1_benchmark: rdf-scan heartbeat — 39,291,713 triples · 6,039,804,522 bytes read
  Partitioned compression: HG005_GRCh38_1_22_v4.2.1_benchmark: rdf-scan heartbeat — 39,661,283 triples · 6,106,913,491 bytes read
  Partitioned compression: HG005_GRCh38_1_22_v4.2.1_benchmark: rdf-scan heartbeat — 40,030,852 triples · 6,174,022,369 bytes read
  Partitioned compression: HG005_GRCh38_1_22_v4.2.1_benchmark: rdf-scan heartbeat — 40,400,443 triples · 6,241,131,362 bytes read
  Partitioned compression: HG005_GRCh38_1_22_v4.2.1_benchmark: rdf-scan heartbeat — 40,770,022 triples · 6,308,240,252 bytes read
  Partitioned compression: HG005_GRCh38_1_22_v4.2.1_benchmark: rdf-scan heartbeat — 41,139,608 triples · 6,375,349,213 bytes read
  Partitioned compression: HG005_GRCh38_1_22_v4.2.1_benchmark: rdf-scan chunk — 41,508,533 triples · 12 chunks · 6,442,451,856 bytes read
  Partitioned compression: HG005_GRCh38_1_22_v4.2.1_benchmark: hdt-chunks started — 11 chunks · hdt-build-00011
  Partitioned compression: HG005_GRCh38_1_22_v4.2.1_benchmark: hdt-chunks complete — 12 chunks · hdt-build-00011
  Partitioned compression: HG005_GRCh38_1_22_v4.2.1_benchmark: cottas-chunks started — 11 chunks · cottas-build-00011
  Partitioned compression: HG005_GRCh38_1_22_v4.2.1_benchmark: cottas-chunks complete — 12 chunks · cottas-build-00011
  Partitioned compression: HG005_GRCh38_1_22_v4.2.1_benchmark: rdf-scan heartbeat — 41,508,567 triples · 6,442,458,104 bytes read
  Partitioned compression: HG005_GRCh38_1_22_v4.2.1_benchmark: rdf-scan heartbeat — 41,875,476 triples · 6,509,567,099 bytes read
  Partitioned compression: HG005_GRCh38_1_22_v4.2.1_benchmark: rdf-scan heartbeat — 42,242,406 triples · 6,576,676,036 bytes read
  Partitioned compression: HG005_GRCh38_1_22_v4.2.1_benchmark: rdf-scan heartbeat — 42,609,322 triples · 6,643,784,986 bytes read
  Partitioned compression: HG005_GRCh38_1_22_v4.2.1_benchmark: rdf-scan heartbeat — 42,976,267 triples · 6,710,893,895 bytes read
  Partitioned compression: HG005_GRCh38_1_22_v4.2.1_benchmark: rdf-scan heartbeat — 43,343,189 triples · 6,778,002,808 bytes read
  Partitioned compression: HG005_GRCh38_1_22_v4.2.1_benchmark: rdf-scan heartbeat — 43,710,096 triples · 6,845,111,685 bytes read
  Partitioned compression: HG005_GRCh38_1_22_v4.2.1_benchmark: rdf-scan heartbeat — 44,077,058 triples · 6,912,220,574 bytes read
  Partitioned compression: HG005_GRCh38_1_22_v4.2.1_benchmark: rdf-scan chunk — 44,443,961 triples · 13 chunks · 6,979,322,787 bytes read
  Partitioned compression: HG005_GRCh38_1_22_v4.2.1_benchmark: hdt-chunks started — 12 chunks · hdt-build-00012
  Partitioned compression: HG005_GRCh38_1_22_v4.2.1_benchmark: hdt-chunks complete — 13 chunks · hdt-build-00012
  Partitioned compression: HG005_GRCh38_1_22_v4.2.1_benchmark: cottas-chunks started — 12 chunks · cottas-build-00012
  Partitioned compression: HG005_GRCh38_1_22_v4.2.1_benchmark: cottas-chunks complete — 13 chunks · cottas-build-00012
  Partitioned compression: HG005_GRCh38_1_22_v4.2.1_benchmark: rdf-scan heartbeat — 44,443,998 triples · 6,979,329,494 bytes read
  Partitioned compression: HG005_GRCh38_1_22_v4.2.1_benchmark: rdf-scan heartbeat — 44,810,929 triples · 7,046,438,514 bytes read
  Partitioned compression: HG005_GRCh38_1_22_v4.2.1_benchmark: rdf-scan heartbeat — 45,177,815 triples · 7,113,547,464 bytes read
  Partitioned compression: HG005_GRCh38_1_22_v4.2.1_benchmark: rdf-scan heartbeat — 45,544,787 triples · 7,180,656,465 bytes read
  Partitioned compression: HG005_GRCh38_1_22_v4.2.1_benchmark: rdf-scan heartbeat — 45,911,766 triples · 7,247,765,469 bytes read
  Partitioned compression: HG005_GRCh38_1_22_v4.2.1_benchmark: rdf-scan heartbeat — 46,278,700 triples · 7,314,874,379 bytes read
  Partitioned compression: HG005_GRCh38_1_22_v4.2.1_benchmark: rdf-scan heartbeat — 46,645,665 triples · 7,381,983,280 bytes read
  Partitioned compression: HG005_GRCh38_1_22_v4.2.1_benchmark: rdf-scan heartbeat — 47,012,591 triples · 7,449,092,226 bytes read
  Partitioned compression: HG005_GRCh38_1_22_v4.2.1_benchmark: rdf-scan chunk — 47,379,495 triples · 14 chunks · 7,516,193,774 bytes read
  Partitioned compression: HG005_GRCh38_1_22_v4.2.1_benchmark: hdt-chunks started — 13 chunks · hdt-build-00013
  Partitioned compression: HG005_GRCh38_1_22_v4.2.1_benchmark: hdt-chunks complete — 14 chunks · hdt-build-00013
  Partitioned compression: HG005_GRCh38_1_22_v4.2.1_benchmark: cottas-chunks started — 13 chunks · cottas-build-00013
  Partitioned compression: HG005_GRCh38_1_22_v4.2.1_benchmark: cottas-chunks complete — 14 chunks · cottas-build-00013
  Partitioned compression: HG005_GRCh38_1_22_v4.2.1_benchmark: rdf-scan heartbeat — 47,379,535 triples · 7,516,201,167 bytes read
  Partitioned compression: HG005_GRCh38_1_22_v4.2.1_benchmark: rdf-scan heartbeat — 47,746,453 triples · 7,583,310,200 bytes read
  Partitioned compression: HG005_GRCh38_1_22_v4.2.1_benchmark: rdf-scan heartbeat — 48,113,345 triples · 7,650,419,169 bytes read
  Partitioned compression: HG005_GRCh38_1_22_v4.2.1_benchmark: rdf-scan heartbeat — 48,480,254 triples · 7,717,528,177 bytes read
  Partitioned compression: HG005_GRCh38_1_22_v4.2.1_benchmark: rdf-scan heartbeat — 48,847,165 triples · 7,784,637,041 bytes read
  Partitioned compression: HG005_GRCh38_1_22_v4.2.1_benchmark: rdf-scan heartbeat — 49,214,070 triples · 7,851,746,029 bytes read
  Partitioned compression: HG005_GRCh38_1_22_v4.2.1_benchmark: rdf-scan heartbeat — 49,581,042 triples · 7,918,854,925 bytes read
  Partitioned compression: HG005_GRCh38_1_22_v4.2.1_benchmark: rdf-scan heartbeat — 49,947,950 triples · 7,985,963,892 bytes read
  Partitioned compression: HG005_GRCh38_1_22_v4.2.1_benchmark: rdf-scan chunk — 50,314,842 triples · 15 chunks · 8,053,064,739 bytes read
  Partitioned compression: HG005_GRCh38_1_22_v4.2.1_benchmark: hdt-chunks started — 14 chunks · hdt-build-00014
  Partitioned compression: HG005_GRCh38_1_22_v4.2.1_benchmark: hdt-chunks complete — 15 chunks · hdt-build-00014
  Partitioned compression: HG005_GRCh38_1_22_v4.2.1_benchmark: cottas-chunks started — 14 chunks · cottas-build-00014
  Partitioned compression: HG005_GRCh38_1_22_v4.2.1_benchmark: cottas-chunks complete — 15 chunks · cottas-build-00014
  Partitioned compression: HG005_GRCh38_1_22_v4.2.1_benchmark: rdf-scan heartbeat — 50,314,887 triples · 8,053,072,932 bytes read
  Partitioned compression: HG005_GRCh38_1_22_v4.2.1_benchmark: rdf-scan heartbeat — 50,681,775 triples · 8,120,181,902 bytes read
  Partitioned compression: HG005_GRCh38_1_22_v4.2.1_benchmark: rdf-scan heartbeat — 51,048,691 triples · 8,187,290,935 bytes read
  Partitioned compression: HG005_GRCh38_1_22_v4.2.1_benchmark: rdf-scan heartbeat — 51,415,595 triples · 8,254,399,890 bytes read
  Partitioned compression: HG005_GRCh38_1_22_v4.2.1_benchmark: rdf-scan heartbeat — 51,782,509 triples · 8,321,508,875 bytes read
  Partitioned compression: HG005_GRCh38_1_22_v4.2.1_benchmark: rdf-scan heartbeat — 52,149,433 triples · 8,388,617,867 bytes read
  Partitioned compression: HG005_GRCh38_1_22_v4.2.1_benchmark: rdf-scan heartbeat — 52,516,355 triples · 8,455,726,931 bytes read
  Partitioned compression: HG005_GRCh38_1_22_v4.2.1_benchmark: rdf-scan heartbeat — 52,883,266 triples · 8,522,835,898 bytes read
  Partitioned compression: HG005_GRCh38_1_22_v4.2.1_benchmark: rdf-scan chunk — 53,250,133 triples · 16 chunks · 8,589,935,833 bytes read
  Partitioned compression: HG005_GRCh38_1_22_v4.2.1_benchmark: hdt-chunks started — 15 chunks · hdt-build-00015
  Partitioned compression: HG005_GRCh38_1_22_v4.2.1_benchmark: hdt-chunks complete — 16 chunks · hdt-build-00015
  Partitioned compression: HG005_GRCh38_1_22_v4.2.1_benchmark: cottas-chunks started — 15 chunks · cottas-build-00015
  Partitioned compression: HG005_GRCh38_1_22_v4.2.1_benchmark: cottas-chunks complete — 16 chunks · cottas-build-00015
  Partitioned compression: HG005_GRCh38_1_22_v4.2.1_benchmark: rdf-scan heartbeat — 53,250,182 triples · 8,589,944,806 bytes read
  Partitioned compression: HG005_GRCh38_1_22_v4.2.1_benchmark: rdf-scan heartbeat — 53,617,080 triples · 8,657,053,763 bytes read
  Partitioned compression: HG005_GRCh38_1_22_v4.2.1_benchmark: rdf-scan heartbeat — 53,984,002 triples · 8,724,162,746 bytes read
  Partitioned compression: HG005_GRCh38_1_22_v4.2.1_benchmark: rdf-scan heartbeat — 54,350,984 triples · 8,791,271,632 bytes read
  Partitioned compression: HG005_GRCh38_1_22_v4.2.1_benchmark: rdf-scan heartbeat — 54,717,917 triples · 8,858,380,520 bytes read
  Partitioned compression: HG005_GRCh38_1_22_v4.2.1_benchmark: rdf-scan heartbeat — 55,084,866 triples · 8,925,489,393 bytes read
  Partitioned compression: HG005_GRCh38_1_22_v4.2.1_benchmark: rdf-scan heartbeat — 55,451,824 triples · 8,992,598,299 bytes read
  Partitioned compression: HG005_GRCh38_1_22_v4.2.1_benchmark: rdf-scan heartbeat — 55,818,877 triples · 9,059,707,168 bytes read
  Partitioned compression: HG005_GRCh38_1_22_v4.2.1_benchmark: rdf-scan chunk — 56,185,783 triples · 17 chunks · 9,126,806,768 bytes read
  Partitioned compression: HG005_GRCh38_1_22_v4.2.1_benchmark: hdt-chunks started — 16 chunks · hdt-build-00016
  Partitioned compression: HG005_GRCh38_1_22_v4.2.1_benchmark: hdt-chunks complete — 17 chunks · hdt-build-00016
  Partitioned compression: HG005_GRCh38_1_22_v4.2.1_benchmark: cottas-chunks started — 16 chunks · cottas-build-00016
  Partitioned compression: HG005_GRCh38_1_22_v4.2.1_benchmark: cottas-chunks complete — 17 chunks · cottas-build-00016
  Partitioned compression: HG005_GRCh38_1_22_v4.2.1_benchmark: rdf-scan heartbeat — 56,185,834 triples · 9,126,816,126 bytes read
  Partitioned compression: HG005_GRCh38_1_22_v4.2.1_benchmark: rdf-scan heartbeat — 56,552,765 triples · 9,193,925,052 bytes read
  Partitioned compression: HG005_GRCh38_1_22_v4.2.1_benchmark: rdf-scan heartbeat — 56,919,702 triples · 9,261,034,086 bytes read
  Partitioned compression: HG005_GRCh38_1_22_v4.2.1_benchmark: rdf-scan heartbeat — 57,286,624 triples · 9,328,143,072 bytes read
  Partitioned compression: HG005_GRCh38_1_22_v4.2.1_benchmark: rdf-scan heartbeat — 57,653,542 triples · 9,395,252,068 bytes read
  Partitioned compression: HG005_GRCh38_1_22_v4.2.1_benchmark: rdf-scan heartbeat — 58,020,462 triples · 9,462,361,035 bytes read
  Partitioned compression: HG005_GRCh38_1_22_v4.2.1_benchmark: rdf-scan heartbeat — 58,387,387 triples · 9,529,469,980 bytes read
  Partitioned compression: HG005_GRCh38_1_22_v4.2.1_benchmark: rdf-scan heartbeat — 58,754,307 triples · 9,596,578,933 bytes read
  Partitioned compression: HG005_GRCh38_1_22_v4.2.1_benchmark: rdf-scan chunk — 59,121,209 triples · 18 chunks · 9,663,677,764 bytes read
  Partitioned compression: HG005_GRCh38_1_22_v4.2.1_benchmark: hdt-chunks started — 17 chunks · hdt-build-00017
  Partitioned compression: HG005_GRCh38_1_22_v4.2.1_benchmark: hdt-chunks complete — 18 chunks · hdt-build-00017
  Partitioned compression: HG005_GRCh38_1_22_v4.2.1_benchmark: cottas-chunks started — 17 chunks · cottas-build-00017
  Partitioned compression: HG005_GRCh38_1_22_v4.2.1_benchmark: cottas-chunks complete — 18 chunks · cottas-build-00017
  Partitioned compression: HG005_GRCh38_1_22_v4.2.1_benchmark: rdf-scan heartbeat — 59,121,264 triples · 9,663,687,818 bytes read
  Partitioned compression: HG005_GRCh38_1_22_v4.2.1_benchmark: rdf-scan heartbeat — 59,488,217 triples · 9,730,796,851 bytes read
  Partitioned compression: HG005_GRCh38_1_22_v4.2.1_benchmark: rdf-scan heartbeat — 59,855,136 triples · 9,797,905,770 bytes read
  Partitioned compression: HG005_GRCh38_1_22_v4.2.1_benchmark: rdf-scan heartbeat — 60,222,049 triples · 9,865,014,752 bytes read
  Partitioned compression: HG005_GRCh38_1_22_v4.2.1_benchmark: rdf-scan heartbeat — 60,588,958 triples · 9,932,123,664 bytes read
  Partitioned compression: HG005_GRCh38_1_22_v4.2.1_benchmark: rdf-scan heartbeat — 60,955,867 triples · 9,999,232,557 bytes read
  Partitioned compression: HG005_GRCh38_1_22_v4.2.1_benchmark: rdf-scan heartbeat — 61,322,769 triples · 10,066,341,431 bytes read
  Partitioned compression: HG005_GRCh38_1_22_v4.2.1_benchmark: rdf-scan heartbeat — 61,689,662 triples · 10,133,450,370 bytes read
  Partitioned compression: HG005_GRCh38_1_22_v4.2.1_benchmark: rdf-scan chunk — 62,056,498 triples · 19 chunks · 10,200,548,730 bytes read
  Partitioned compression: HG005_GRCh38_1_22_v4.2.1_benchmark: hdt-chunks started — 18 chunks · hdt-build-00018
  Partitioned compression: HG005_GRCh38_1_22_v4.2.1_benchmark: hdt-chunks complete — 19 chunks · hdt-build-00018
  Partitioned compression: HG005_GRCh38_1_22_v4.2.1_benchmark: cottas-chunks started — 18 chunks · cottas-build-00018
  Partitioned compression: HG005_GRCh38_1_22_v4.2.1_benchmark: cottas-chunks complete — 19 chunks · cottas-build-00018
  Partitioned compression: HG005_GRCh38_1_22_v4.2.1_benchmark: rdf-scan heartbeat — 62,056,556 triples · 10,200,559,264 bytes read
  Partitioned compression: HG005_GRCh38_1_22_v4.2.1_benchmark: rdf-scan heartbeat — 62,423,462 triples · 10,267,668,170 bytes read
  Partitioned compression: HG005_GRCh38_1_22_v4.2.1_benchmark: rdf-scan heartbeat — 62,790,392 triples · 10,334,777,086 bytes read
  Partitioned compression: HG005_GRCh38_1_22_v4.2.1_benchmark: rdf-scan heartbeat — 63,157,314 triples · 10,401,886,019 bytes read
  Partitioned compression: HG005_GRCh38_1_22_v4.2.1_benchmark: rdf-scan heartbeat — 63,524,252 triples · 10,468,994,905 bytes read
  Partitioned compression: HG005_GRCh38_1_22_v4.2.1_benchmark: rdf-scan heartbeat — 63,891,154 triples · 10,536,103,849 bytes read
  Partitioned compression: HG005_GRCh38_1_22_v4.2.1_benchmark: rdf-scan heartbeat — 64,258,113 triples · 10,603,212,780 bytes read
  Partitioned compression: HG005_GRCh38_1_22_v4.2.1_benchmark: rdf-scan heartbeat — 64,625,030 triples · 10,670,321,671 bytes read
  Partitioned compression: HG005_GRCh38_1_22_v4.2.1_benchmark: rdf-scan chunk — 64,991,901 triples · 20 chunks · 10,737,419,838 bytes read
  Partitioned compression: HG005_GRCh38_1_22_v4.2.1_benchmark: hdt-chunks started — 19 chunks · hdt-build-00019
  Partitioned compression: HG005_GRCh38_1_22_v4.2.1_benchmark: hdt-chunks complete — 20 chunks · hdt-build-00019
  Partitioned compression: HG005_GRCh38_1_22_v4.2.1_benchmark: cottas-chunks started — 19 chunks · cottas-build-00019
  Partitioned compression: HG005_GRCh38_1_22_v4.2.1_benchmark: cottas-chunks complete — 20 chunks · cottas-build-00019
  Partitioned compression: HG005_GRCh38_1_22_v4.2.1_benchmark: rdf-scan heartbeat — 64,991,960 triples · 10,737,430,661 bytes read
  Partitioned compression: HG005_GRCh38_1_22_v4.2.1_benchmark: rdf-scan heartbeat — 65,358,916 triples · 10,804,539,578 bytes read
  Partitioned compression: HG005_GRCh38_1_22_v4.2.1_benchmark: rdf-scan heartbeat — 65,725,839 triples · 10,871,648,525 bytes read
  Partitioned compression: HG005_GRCh38_1_22_v4.2.1_benchmark: rdf-scan heartbeat — 66,092,754 triples · 10,938,757,431 bytes read
  Partitioned compression: HG005_GRCh38_1_22_v4.2.1_benchmark: rdf-scan heartbeat — 66,459,698 triples · 11,005,866,407 bytes read
  Partitioned compression: HG005_GRCh38_1_22_v4.2.1_benchmark: rdf-scan heartbeat — 66,826,606 triples · 11,072,975,441 bytes read
  Partitioned compression: HG005_GRCh38_1_22_v4.2.1_benchmark: rdf-scan heartbeat — 67,193,538 triples · 11,140,084,436 bytes read
  Partitioned compression: HG005_GRCh38_1_22_v4.2.1_benchmark: rdf-scan heartbeat — 67,560,546 triples · 11,207,193,366 bytes read
  Partitioned compression: HG005_GRCh38_1_22_v4.2.1_benchmark: rdf-scan chunk — 67,927,381 triples · 21 chunks · 11,274,290,884 bytes read
  Partitioned compression: HG005_GRCh38_1_22_v4.2.1_benchmark: hdt-chunks started — 20 chunks · hdt-build-00020
  Partitioned compression: HG005_GRCh38_1_22_v4.2.1_benchmark: hdt-chunks complete — 21 chunks · hdt-build-00020
  Partitioned compression: HG005_GRCh38_1_22_v4.2.1_benchmark: cottas-chunks started — 20 chunks · cottas-build-00020
  Partitioned compression: HG005_GRCh38_1_22_v4.2.1_benchmark: cottas-chunks complete — 21 chunks · cottas-build-00020
  Partitioned compression: HG005_GRCh38_1_22_v4.2.1_benchmark: rdf-scan heartbeat — 67,927,443 triples · 11,274,302,274 bytes read
  Partitioned compression: HG005_GRCh38_1_22_v4.2.1_benchmark: rdf-scan heartbeat — 68,294,344 triples · 11,341,411,191 bytes read
  Partitioned compression: HG005_GRCh38_1_22_v4.2.1_benchmark: rdf-scan heartbeat — 68,661,250 triples · 11,408,520,244 bytes read
  Partitioned compression: HG005_GRCh38_1_22_v4.2.1_benchmark: rdf-scan heartbeat — 69,028,139 triples · 11,475,629,169 bytes read
  Partitioned compression: HG005_GRCh38_1_22_v4.2.1_benchmark: rdf-scan heartbeat — 69,395,023 triples · 11,542,738,090 bytes read
  Partitioned compression: HG005_GRCh38_1_22_v4.2.1_benchmark: rdf-scan heartbeat — 69,761,932 triples · 11,609,847,060 bytes read
  Partitioned compression: HG005_GRCh38_1_22_v4.2.1_benchmark: rdf-scan heartbeat — 70,128,831 triples · 11,676,955,947 bytes read
  Partitioned compression: HG005_GRCh38_1_22_v4.2.1_benchmark: rdf-scan heartbeat — 70,495,737 triples · 11,744,064,968 bytes read
  Partitioned compression: HG005_GRCh38_1_22_v4.2.1_benchmark: rdf-scan chunk — 70,862,569 triples · 22 chunks · 11,811,161,868 bytes read
  Partitioned compression: HG005_GRCh38_1_22_v4.2.1_benchmark: hdt-chunks started — 21 chunks · hdt-build-00021
  Partitioned compression: HG005_GRCh38_1_22_v4.2.1_benchmark: hdt-chunks complete — 22 chunks · hdt-build-00021
  Partitioned compression: HG005_GRCh38_1_22_v4.2.1_benchmark: cottas-chunks started — 21 chunks · cottas-build-00021
  Partitioned compression: HG005_GRCh38_1_22_v4.2.1_benchmark: cottas-chunks complete — 22 chunks · cottas-build-00021
  Partitioned compression: HG005_GRCh38_1_22_v4.2.1_benchmark: rdf-scan heartbeat — 70,862,635 triples · 11,811,173,934 bytes read
  Partitioned compression: HG005_GRCh38_1_22_v4.2.1_benchmark: rdf-scan heartbeat — 71,229,551 triples · 11,878,282,903 bytes read
  Partitioned compression: HG005_GRCh38_1_22_v4.2.1_benchmark: rdf-scan heartbeat — 71,596,481 triples · 11,945,391,793 bytes read
  Partitioned compression: HG005_GRCh38_1_22_v4.2.1_benchmark: rdf-scan heartbeat — 71,963,383 triples · 12,012,500,821 bytes read
  Partitioned compression: HG005_GRCh38_1_22_v4.2.1_benchmark: rdf-scan heartbeat — 72,330,293 triples · 12,079,609,807 bytes read
  Partitioned compression: HG005_GRCh38_1_22_v4.2.1_benchmark: rdf-scan heartbeat — 72,697,211 triples · 12,146,718,761 bytes read
  Partitioned compression: HG005_GRCh38_1_22_v4.2.1_benchmark: rdf-scan heartbeat — 73,064,129 triples · 12,213,827,777 bytes read
  Partitioned compression: HG005_GRCh38_1_22_v4.2.1_benchmark: rdf-scan heartbeat — 73,431,035 triples · 12,280,936,802 bytes read
  Partitioned compression: HG005_GRCh38_1_22_v4.2.1_benchmark: rdf-scan chunk — 73,797,848 triples · 23 chunks · 12,348,032,895 bytes read
  Partitioned compression: HG005_GRCh38_1_22_v4.2.1_benchmark: hdt-chunks started — 22 chunks · hdt-build-00022
  Partitioned compression: HG005_GRCh38_1_22_v4.2.1_benchmark: hdt-chunks complete — 23 chunks · hdt-build-00022
  Partitioned compression: HG005_GRCh38_1_22_v4.2.1_benchmark: cottas-chunks started — 22 chunks · cottas-build-00022
  Partitioned compression: HG005_GRCh38_1_22_v4.2.1_benchmark: cottas-chunks complete — 23 chunks · cottas-build-00022
  Partitioned compression: HG005_GRCh38_1_22_v4.2.1_benchmark: rdf-scan heartbeat — 73,797,918 triples · 12,348,045,689 bytes read
  Partitioned compression: HG005_GRCh38_1_22_v4.2.1_benchmark: rdf-scan heartbeat — 74,164,825 triples · 12,415,154,568 bytes read
  Partitioned compression: HG005_GRCh38_1_22_v4.2.1_benchmark: rdf-scan heartbeat — 74,531,741 triples · 12,482,263,487 bytes read
  Partitioned compression: HG005_GRCh38_1_22_v4.2.1_benchmark: rdf-scan heartbeat — 74,898,674 triples · 12,549,372,530 bytes read
  Partitioned compression: HG005_GRCh38_1_22_v4.2.1_benchmark: rdf-scan heartbeat — 75,265,591 triples · 12,616,481,533 bytes read
  Partitioned compression: HG005_GRCh38_1_22_v4.2.1_benchmark: rdf-scan heartbeat — 75,632,511 triples · 12,683,590,422 bytes read
  Partitioned compression: HG005_GRCh38_1_22_v4.2.1_benchmark: rdf-scan heartbeat — 75,999,413 triples · 12,750,699,449 bytes read
  Partitioned compression: HG005_GRCh38_1_22_v4.2.1_benchmark: rdf-scan heartbeat — 76,366,347 triples · 12,817,808,343 bytes read
  Partitioned compression: HG005_GRCh38_1_22_v4.2.1_benchmark: rdf-scan chunk — 76,733,177 triples · 24 chunks · 12,884,903,994 bytes read
  Partitioned compression: HG005_GRCh38_1_22_v4.2.1_benchmark: hdt-chunks started — 23 chunks · hdt-build-00023
  Partitioned compression: HG005_GRCh38_1_22_v4.2.1_benchmark: hdt-chunks complete — 24 chunks · hdt-build-00023
  Partitioned compression: HG005_GRCh38_1_22_v4.2.1_benchmark: cottas-chunks started — 23 chunks · cottas-build-00023
  Partitioned compression: HG005_GRCh38_1_22_v4.2.1_benchmark: cottas-chunks complete — 24 chunks · cottas-build-00023
  Partitioned compression: HG005_GRCh38_1_22_v4.2.1_benchmark: rdf-scan heartbeat — 76,733,250 triples · 12,884,917,390 bytes read
  Partitioned compression: HG005_GRCh38_1_22_v4.2.1_benchmark: rdf-scan heartbeat — 77,100,180 triples · 12,952,026,423 bytes read
  Partitioned compression: HG005_GRCh38_1_22_v4.2.1_benchmark: rdf-scan heartbeat — 77,467,102 triples · 13,019,135,396 bytes read
  Partitioned compression: HG005_GRCh38_1_22_v4.2.1_benchmark: rdf-scan heartbeat — 77,834,074 triples · 13,086,244,293 bytes read
  Partitioned compression: HG005_GRCh38_1_22_v4.2.1_benchmark: rdf-scan heartbeat — 78,201,049 triples · 13,153,353,235 bytes read
  Partitioned compression: HG005_GRCh38_1_22_v4.2.1_benchmark: rdf-scan heartbeat — 78,567,999 triples · 13,220,462,265 bytes read
  Partitioned compression: HG005_GRCh38_1_22_v4.2.1_benchmark: rdf-scan heartbeat — 78,934,947 triples · 13,287,571,235 bytes read
  Partitioned compression: HG005_GRCh38_1_22_v4.2.1_benchmark: rdf-scan heartbeat — 79,301,889 triples · 13,354,680,244 bytes read
  Partitioned compression: HG005_GRCh38_1_22_v4.2.1_benchmark: rdf-scan chunk — 79,668,724 triples · 25 chunks · 13,421,774,919 bytes read
  Partitioned compression: HG005_GRCh38_1_22_v4.2.1_benchmark: hdt-chunks started — 24 chunks · hdt-build-00024
  Partitioned compression: HG005_GRCh38_1_22_v4.2.1_benchmark: hdt-chunks complete — 25 chunks · hdt-build-00024
  Partitioned compression: HG005_GRCh38_1_22_v4.2.1_benchmark: cottas-chunks started — 24 chunks · cottas-build-00024
  Partitioned compression: HG005_GRCh38_1_22_v4.2.1_benchmark: cottas-chunks complete — 25 chunks · cottas-build-00024
  Partitioned compression: HG005_GRCh38_1_22_v4.2.1_benchmark: rdf-scan heartbeat — 79,668,802 triples · 13,421,789,271 bytes read
  Partitioned compression: HG005_GRCh38_1_22_v4.2.1_benchmark: rdf-scan heartbeat — 80,035,731 triples · 13,488,898,258 bytes read
  Partitioned compression: HG005_GRCh38_1_22_v4.2.1_benchmark: rdf-scan heartbeat — 80,402,662 triples · 13,556,007,292 bytes read
  Partitioned compression: HG005_GRCh38_1_22_v4.2.1_benchmark: rdf-scan heartbeat — 80,769,601 triples · 13,623,116,279 bytes read
  Partitioned compression: HG005_GRCh38_1_22_v4.2.1_benchmark: rdf-scan heartbeat — 81,136,519 triples · 13,690,225,351 bytes read
  Partitioned compression: HG005_GRCh38_1_22_v4.2.1_benchmark: rdf-scan heartbeat — 81,503,426 triples · 13,757,334,314 bytes read
  Partitioned compression: HG005_GRCh38_1_22_v4.2.1_benchmark: rdf-scan heartbeat — 81,870,363 triples · 13,824,443,201 bytes read
  Partitioned compression: HG005_GRCh38_1_22_v4.2.1_benchmark: rdf-scan heartbeat — 82,237,282 triples · 13,891,552,166 bytes read
  Partitioned compression: HG005_GRCh38_1_22_v4.2.1_benchmark: rdf-scan chunk — 82,604,084 triples · 26 chunks · 13,958,645,908 bytes read
  Partitioned compression: HG005_GRCh38_1_22_v4.2.1_benchmark: hdt-chunks started — 25 chunks · hdt-build-00025
  Partitioned compression: HG005_GRCh38_1_22_v4.2.1_benchmark: hdt-chunks complete — 26 chunks · hdt-build-00025
  Partitioned compression: HG005_GRCh38_1_22_v4.2.1_benchmark: cottas-chunks started — 25 chunks · cottas-build-00025
  Partitioned compression: HG005_GRCh38_1_22_v4.2.1_benchmark: cottas-chunks complete — 26 chunks · cottas-build-00025
  Partitioned compression: HG005_GRCh38_1_22_v4.2.1_benchmark: rdf-scan heartbeat — 82,604,167 triples · 13,958,661,158 bytes read
  Partitioned compression: HG005_GRCh38_1_22_v4.2.1_benchmark: rdf-scan heartbeat — 82,971,047 triples · 14,025,770,144 bytes read
  Partitioned compression: HG005_GRCh38_1_22_v4.2.1_benchmark: rdf-scan heartbeat — 83,337,974 triples · 14,092,879,134 bytes read
  Partitioned compression: HG005_GRCh38_1_22_v4.2.1_benchmark: rdf-scan heartbeat — 83,704,921 triples · 14,159,988,019 bytes read
  Partitioned compression: HG005_GRCh38_1_22_v4.2.1_benchmark: rdf-scan heartbeat — 84,071,845 triples · 14,227,096,955 bytes read
  Partitioned compression: HG005_GRCh38_1_22_v4.2.1_benchmark: rdf-scan heartbeat — 84,438,751 triples · 14,294,205,831 bytes read
  Partitioned compression: HG005_GRCh38_1_22_v4.2.1_benchmark: rdf-scan heartbeat — 84,805,670 triples · 14,361,314,820 bytes read
  Partitioned compression: HG005_GRCh38_1_22_v4.2.1_benchmark: rdf-scan heartbeat — 85,172,597 triples · 14,428,423,810 bytes read
  Partitioned compression: HG005_GRCh38_1_22_v4.2.1_benchmark: rdf-scan chunk — 85,539,410 triples · 27 chunks · 14,495,516,963 bytes read
  Partitioned compression: HG005_GRCh38_1_22_v4.2.1_benchmark: hdt-chunks started — 26 chunks · hdt-build-00026
  Partitioned compression: HG005_GRCh38_1_22_v4.2.1_benchmark: hdt-chunks complete — 27 chunks · hdt-build-00026
  Partitioned compression: HG005_GRCh38_1_22_v4.2.1_benchmark: cottas-chunks started — 26 chunks · cottas-build-00026
  Partitioned compression: HG005_GRCh38_1_22_v4.2.1_benchmark: cottas-chunks complete — 27 chunks · cottas-build-00026
  Partitioned compression: HG005_GRCh38_1_22_v4.2.1_benchmark: rdf-scan heartbeat — 85,539,497 triples · 14,495,532,805 bytes read
  Partitioned compression: HG005_GRCh38_1_22_v4.2.1_benchmark: rdf-scan heartbeat — 85,906,399 triples · 14,562,641,702 bytes read
  Partitioned compression: HG005_GRCh38_1_22_v4.2.1_benchmark: rdf-scan heartbeat — 86,273,314 triples · 14,629,750,643 bytes read
  Partitioned compression: HG005_GRCh38_1_22_v4.2.1_benchmark: rdf-scan heartbeat — 86,640,296 triples · 14,696,859,555 bytes read
  Partitioned compression: HG005_GRCh38_1_22_v4.2.1_benchmark: rdf-scan heartbeat — 87,007,231 triples · 14,763,968,442 bytes read
  Partitioned compression: HG005_GRCh38_1_22_v4.2.1_benchmark: rdf-scan heartbeat — 87,374,188 triples · 14,831,077,441 bytes read
  Partitioned compression: HG005_GRCh38_1_22_v4.2.1_benchmark: rdf-scan heartbeat — 87,741,110 triples · 14,898,186,403 bytes read
  Partitioned compression: HG005_GRCh38_1_22_v4.2.1_benchmark: rdf-scan heartbeat — 88,108,049 triples · 14,965,295,275 bytes read
  Partitioned compression: HG005_GRCh38_1_22_v4.2.1_benchmark: rdf-scan chunk — 88,474,875 triples · 28 chunks · 15,032,387,893 bytes read
  Partitioned compression: HG005_GRCh38_1_22_v4.2.1_benchmark: hdt-chunks started — 27 chunks · hdt-build-00027
  Partitioned compression: HG005_GRCh38_1_22_v4.2.1_benchmark: hdt-chunks complete — 28 chunks · hdt-build-00027
  Partitioned compression: HG005_GRCh38_1_22_v4.2.1_benchmark: cottas-chunks started — 27 chunks · cottas-build-00027
  Partitioned compression: HG005_GRCh38_1_22_v4.2.1_benchmark: cottas-chunks complete — 28 chunks · cottas-build-00027
  Partitioned compression: HG005_GRCh38_1_22_v4.2.1_benchmark: rdf-scan heartbeat — 88,474,964 triples · 15,032,404,180 bytes read
  Partitioned compression: HG005_GRCh38_1_22_v4.2.1_benchmark: rdf-scan heartbeat — 88,841,854 triples · 15,099,513,200 bytes read
  Partitioned compression: HG005_GRCh38_1_22_v4.2.1_benchmark: rdf-scan heartbeat — 89,208,770 triples · 15,166,622,072 bytes read
  Partitioned compression: HG005_GRCh38_1_22_v4.2.1_benchmark: rdf-scan heartbeat — 89,575,698 triples · 15,233,730,948 bytes read
  Partitioned compression: HG005_GRCh38_1_22_v4.2.1_benchmark: rdf-scan heartbeat — 89,942,607 triples · 15,300,839,812 bytes read
  Partitioned compression: HG005_GRCh38_1_22_v4.2.1_benchmark: rdf-scan heartbeat — 90,309,523 triples · 15,367,948,698 bytes read
  Partitioned compression: HG005_GRCh38_1_22_v4.2.1_benchmark: rdf-scan heartbeat — 90,676,462 triples · 15,435,057,626 bytes read
  Partitioned compression: HG005_GRCh38_1_22_v4.2.1_benchmark: rdf-scan heartbeat — 91,043,379 triples · 15,502,166,521 bytes read
  Partitioned compression: HG005_GRCh38_1_22_v4.2.1_benchmark: rdf-scan chunk — 91,410,179 triples · 29 chunks · 15,569,258,840 bytes read
  Partitioned compression: HG005_GRCh38_1_22_v4.2.1_benchmark: hdt-chunks started — 28 chunks · hdt-build-00028
  Partitioned compression: HG005_GRCh38_1_22_v4.2.1_benchmark: hdt-chunks complete — 29 chunks · hdt-build-00028
  Partitioned compression: HG005_GRCh38_1_22_v4.2.1_benchmark: cottas-chunks started — 28 chunks · cottas-build-00028
  Partitioned compression: HG005_GRCh38_1_22_v4.2.1_benchmark: cottas-chunks complete — 29 chunks · cottas-build-00028
  Partitioned compression: HG005_GRCh38_1_22_v4.2.1_benchmark: rdf-scan heartbeat — 91,410,269 triples · 15,569,275,418 bytes read
  Partitioned compression: HG005_GRCh38_1_22_v4.2.1_benchmark: rdf-scan heartbeat — 91,777,166 triples · 15,636,384,397 bytes read
  Partitioned compression: HG005_GRCh38_1_22_v4.2.1_benchmark: rdf-scan heartbeat — 92,144,055 triples · 15,703,493,325 bytes read
  Partitioned compression: HG005_GRCh38_1_22_v4.2.1_benchmark: rdf-scan heartbeat — 92,510,933 triples · 15,770,602,299 bytes read
  Partitioned compression: HG005_GRCh38_1_22_v4.2.1_benchmark: rdf-scan heartbeat — 92,877,892 triples · 15,837,711,226 bytes read
  Partitioned compression: HG005_GRCh38_1_22_v4.2.1_benchmark: rdf-scan heartbeat — 93,244,780 triples · 15,904,820,274 bytes read
  Partitioned compression: HG005_GRCh38_1_22_v4.2.1_benchmark: rdf-scan heartbeat — 93,611,710 triples · 15,971,929,202 bytes read
  Partitioned compression: HG005_GRCh38_1_22_v4.2.1_benchmark: rdf-scan heartbeat — 93,978,631 triples · 16,039,038,078 bytes read
  Partitioned compression: HG005_GRCh38_1_22_v4.2.1_benchmark: rdf-scan chunk — 94,345,454 triples · 30 chunks · 16,106,129,772 bytes read
  Partitioned compression: HG005_GRCh38_1_22_v4.2.1_benchmark: hdt-chunks started — 29 chunks · hdt-build-00029
  Partitioned compression: HG005_GRCh38_1_22_v4.2.1_benchmark: hdt-chunks complete — 30 chunks · hdt-build-00029
  Partitioned compression: HG005_GRCh38_1_22_v4.2.1_benchmark: cottas-chunks started — 29 chunks · cottas-build-00029
  Partitioned compression: HG005_GRCh38_1_22_v4.2.1_benchmark: cottas-chunks complete — 30 chunks · cottas-build-00029
  Partitioned compression: HG005_GRCh38_1_22_v4.2.1_benchmark: rdf-scan heartbeat — 94,345,549 triples · 16,106,147,018 bytes read
  Partitioned compression: HG005_GRCh38_1_22_v4.2.1_benchmark: rdf-scan heartbeat — 94,712,488 triples · 16,173,255,888 bytes read
  Partitioned compression: HG005_GRCh38_1_22_v4.2.1_benchmark: rdf-scan heartbeat — 95,079,437 triples · 16,240,364,909 bytes read
  Partitioned compression: HG005_GRCh38_1_22_v4.2.1_benchmark: rdf-scan heartbeat — 95,446,383 triples · 16,307,473,825 bytes read
  Partitioned compression: HG005_GRCh38_1_22_v4.2.1_benchmark: rdf-scan heartbeat — 95,813,330 triples · 16,374,582,755 bytes read
  Partitioned compression: HG005_GRCh38_1_22_v4.2.1_benchmark: rdf-scan heartbeat — 96,180,304 triples · 16,441,691,813 bytes read
  Partitioned compression: HG005_GRCh38_1_22_v4.2.1_benchmark: rdf-scan heartbeat — 96,547,290 triples · 16,508,800,785 bytes read
  Partitioned compression: HG005_GRCh38_1_22_v4.2.1_benchmark: rdf-scan heartbeat — 96,914,293 triples · 16,575,909,800 bytes read
  Partitioned compression: HG005_GRCh38_1_22_v4.2.1_benchmark: rdf-scan chunk — 97,281,150 triples · 31 chunks · 16,643,000,726 bytes read
  Partitioned compression: HG005_GRCh38_1_22_v4.2.1_benchmark: hdt-chunks started — 30 chunks · hdt-build-00030
  Partitioned compression: HG005_GRCh38_1_22_v4.2.1_benchmark: hdt-chunks complete — 31 chunks · hdt-build-00030
  Partitioned compression: HG005_GRCh38_1_22_v4.2.1_benchmark: cottas-chunks started — 30 chunks · cottas-build-00030
  Partitioned compression: HG005_GRCh38_1_22_v4.2.1_benchmark: cottas-chunks complete — 31 chunks · cottas-build-00030
  Partitioned compression: HG005_GRCh38_1_22_v4.2.1_benchmark: rdf-scan heartbeat — 97,281,249 triples · 16,643,018,736 bytes read
  Partitioned compression: HG005_GRCh38_1_22_v4.2.1_benchmark: rdf-scan heartbeat — 97,648,188 triples · 16,710,127,717 bytes read
  Partitioned compression: HG005_GRCh38_1_22_v4.2.1_benchmark: rdf-scan heartbeat — 98,015,090 triples · 16,777,236,722 bytes read
  Partitioned compression: HG005_GRCh38_1_22_v4.2.1_benchmark: rdf-scan heartbeat — 98,382,032 triples · 16,844,345,690 bytes read
  Partitioned compression: HG005_GRCh38_1_22_v4.2.1_benchmark: rdf-scan heartbeat — 98,748,960 triples · 16,911,454,684 bytes read
  Partitioned compression: HG005_GRCh38_1_22_v4.2.1_benchmark: rdf-scan heartbeat — 99,115,900 triples · 16,978,563,709 bytes read
  Partitioned compression: HG005_GRCh38_1_22_v4.2.1_benchmark: rdf-scan heartbeat — 99,482,822 triples · 17,045,672,742 bytes read
  Partitioned compression: HG005_GRCh38_1_22_v4.2.1_benchmark: rdf-scan heartbeat — 99,849,745 triples · 17,112,781,639 bytes read
  Partitioned compression: HG005_GRCh38_1_22_v4.2.1_benchmark: rdf-scan chunk — 100,216,577 triples · 32 chunks · 17,179,871,736 bytes read
  Partitioned compression: HG005_GRCh38_1_22_v4.2.1_benchmark: hdt-chunks started — 31 chunks · hdt-build-00031
  Partitioned compression: HG005_GRCh38_1_22_v4.2.1_benchmark: hdt-chunks complete — 32 chunks · hdt-build-00031
  Partitioned compression: HG005_GRCh38_1_22_v4.2.1_benchmark: cottas-chunks started — 31 chunks · cottas-build-00031
  Partitioned compression: HG005_GRCh38_1_22_v4.2.1_benchmark: cottas-chunks complete — 32 chunks · cottas-build-00031
  Partitioned compression: HG005_GRCh38_1_22_v4.2.1_benchmark: rdf-scan heartbeat — 100,216,680 triples · 17,179,890,587 bytes read
  Partitioned compression: HG005_GRCh38_1_22_v4.2.1_benchmark: rdf-scan heartbeat — 100,583,585 triples · 17,246,999,458 bytes read
  Partitioned compression: HG005_GRCh38_1_22_v4.2.1_benchmark: rdf-scan heartbeat — 100,950,526 triples · 17,314,108,458 bytes read
  Partitioned compression: HG005_GRCh38_1_22_v4.2.1_benchmark: rdf-scan heartbeat — 101,317,422 triples · 17,381,217,376 bytes read
  Partitioned compression: HG005_GRCh38_1_22_v4.2.1_benchmark: rdf-scan heartbeat — 101,684,354 triples · 17,448,326,317 bytes read
  Partitioned compression: HG005_GRCh38_1_22_v4.2.1_benchmark: rdf-scan heartbeat — 102,049,471 triples · 17,515,435,293 bytes read
  Partitioned compression: HG005_GRCh38_1_22_v4.2.1_benchmark: rdf-scan heartbeat — 102,413,789 triples · 17,582,544,221 bytes read
  Partitioned compression: HG005_GRCh38_1_22_v4.2.1_benchmark: rdf-scan heartbeat — 102,778,138 triples · 17,649,653,153 bytes read
  Partitioned compression: HG005_GRCh38_1_22_v4.2.1_benchmark: rdf-scan chunk — 103,142,363 triples · 33 chunks · 17,716,742,687 bytes read
  Partitioned compression: HG005_GRCh38_1_22_v4.2.1_benchmark: hdt-chunks started — 32 chunks · hdt-build-00032
  Partitioned compression: HG005_GRCh38_1_22_v4.2.1_benchmark: hdt-chunks complete — 33 chunks · hdt-build-00032
  Partitioned compression: HG005_GRCh38_1_22_v4.2.1_benchmark: cottas-chunks started — 32 chunks · cottas-build-00032
  Partitioned compression: HG005_GRCh38_1_22_v4.2.1_benchmark: cottas-chunks complete — 33 chunks · cottas-build-00032
  Partitioned compression: HG005_GRCh38_1_22_v4.2.1_benchmark: rdf-scan heartbeat — 103,142,468 triples · 17,716,762,093 bytes read
  Partitioned compression: HG005_GRCh38_1_22_v4.2.1_benchmark: rdf-scan heartbeat — 103,506,831 triples · 17,783,871,002 bytes read
  Partitioned compression: HG005_GRCh38_1_22_v4.2.1_benchmark: rdf-scan heartbeat — 103,871,137 triples · 17,850,980,024 bytes read
  Partitioned compression: HG005_GRCh38_1_22_v4.2.1_benchmark: rdf-scan heartbeat — 104,235,477 triples · 17,918,088,917 bytes read
  Partitioned compression: HG005_GRCh38_1_22_v4.2.1_benchmark: rdf-scan heartbeat — 104,599,793 triples · 17,985,197,844 bytes read
  Partitioned compression: HG005_GRCh38_1_22_v4.2.1_benchmark: rdf-scan heartbeat — 104,964,097 triples · 18,052,306,731 bytes read
  Partitioned compression: HG005_GRCh38_1_22_v4.2.1_benchmark: rdf-scan heartbeat — 105,328,419 triples · 18,119,415,783 bytes read
  Partitioned compression: HG005_GRCh38_1_22_v4.2.1_benchmark: rdf-scan heartbeat — 105,692,715 triples · 18,186,524,834 bytes read
  Partitioned compression: HG005_GRCh38_1_22_v4.2.1_benchmark: rdf-scan chunk — 106,056,920 triples · 34 chunks · 18,253,613,704 bytes read
  Partitioned compression: HG005_GRCh38_1_22_v4.2.1_benchmark: hdt-chunks started — 33 chunks · hdt-build-00033
  Partitioned compression: HG005_GRCh38_1_22_v4.2.1_benchmark: hdt-chunks complete — 34 chunks · hdt-build-00033
  Partitioned compression: HG005_GRCh38_1_22_v4.2.1_benchmark: cottas-chunks started — 33 chunks · cottas-build-00033
  Partitioned compression: HG005_GRCh38_1_22_v4.2.1_benchmark: cottas-chunks complete — 34 chunks · cottas-build-00033
  Partitioned compression: HG005_GRCh38_1_22_v4.2.1_benchmark: rdf-scan heartbeat — 106,057,028 triples · 18,253,633,701 bytes read
  Partitioned compression: HG005_GRCh38_1_22_v4.2.1_benchmark: rdf-scan heartbeat — 106,421,366 triples · 18,320,742,705 bytes read
  Partitioned compression: HG005_GRCh38_1_22_v4.2.1_benchmark: rdf-scan heartbeat — 106,785,667 triples · 18,387,851,665 bytes read
  Partitioned compression: HG005_GRCh38_1_22_v4.2.1_benchmark: rdf-scan heartbeat — 107,149,980 triples · 18,454,960,604 bytes read
  Partitioned compression: HG005_GRCh38_1_22_v4.2.1_benchmark: rdf-scan heartbeat — 107,514,275 triples · 18,522,069,576 bytes read
  Partitioned compression: HG005_GRCh38_1_22_v4.2.1_benchmark: rdf-scan heartbeat — 107,878,550 triples · 18,589,178,568 bytes read
  Partitioned compression: HG005_GRCh38_1_22_v4.2.1_benchmark: rdf-scan heartbeat — 108,242,912 triples · 18,656,287,470 bytes read
  Partitioned compression: HG005_GRCh38_1_22_v4.2.1_benchmark: rdf-scan heartbeat — 108,607,213 triples · 18,723,396,481 bytes read
  Partitioned compression: HG005_GRCh38_1_22_v4.2.1_benchmark: rdf-scan chunk — 108,971,404 triples · 35 chunks · 18,790,484,703 bytes read
  Partitioned compression: HG005_GRCh38_1_22_v4.2.1_benchmark: hdt-chunks started — 34 chunks · hdt-build-00034
  Partitioned compression: HG005_GRCh38_1_22_v4.2.1_benchmark: hdt-chunks complete — 35 chunks · hdt-build-00034
  Partitioned compression: HG005_GRCh38_1_22_v4.2.1_benchmark: cottas-chunks started — 34 chunks · cottas-build-00034
  Partitioned compression: HG005_GRCh38_1_22_v4.2.1_benchmark: cottas-chunks complete — 35 chunks · cottas-build-00034
  Partitioned compression: HG005_GRCh38_1_22_v4.2.1_benchmark: rdf-scan heartbeat — 108,971,516 triples · 18,790,505,346 bytes read
  Partitioned compression: HG005_GRCh38_1_22_v4.2.1_benchmark: rdf-scan heartbeat — 109,335,807 triples · 18,857,614,282 bytes read
  Partitioned compression: HG005_GRCh38_1_22_v4.2.1_benchmark: rdf-scan heartbeat — 109,700,136 triples · 18,924,723,147 bytes read
  Partitioned compression: HG005_GRCh38_1_22_v4.2.1_benchmark: rdf-scan heartbeat — 110,064,458 triples · 18,991,832,180 bytes read
  Partitioned compression: HG005_GRCh38_1_22_v4.2.1_benchmark: rdf-scan heartbeat — 110,428,768 triples · 19,058,941,164 bytes read
  Partitioned compression: HG005_GRCh38_1_22_v4.2.1_benchmark: rdf-scan heartbeat — 110,793,107 triples · 19,126,050,243 bytes read
  Partitioned compression: HG005_GRCh38_1_22_v4.2.1_benchmark: rdf-scan heartbeat — 111,157,356 triples · 19,193,159,181 bytes read
  Partitioned compression: HG005_GRCh38_1_22_v4.2.1_benchmark: rdf-scan heartbeat — 111,521,661 triples · 19,260,268,245 bytes read
  Partitioned compression: HG005_GRCh38_1_22_v4.2.1_benchmark: rdf-scan chunk — 111,885,913 triples · 36 chunks · 19,327,355,734 bytes read
  Partitioned compression: HG005_GRCh38_1_22_v4.2.1_benchmark: hdt-chunks started — 35 chunks · hdt-build-00035
  Partitioned compression: HG005_GRCh38_1_22_v4.2.1_benchmark: hdt-chunks complete — 36 chunks · hdt-build-00035
  Partitioned compression: HG005_GRCh38_1_22_v4.2.1_benchmark: cottas-chunks started — 35 chunks · cottas-build-00035
  Partitioned compression: HG005_GRCh38_1_22_v4.2.1_benchmark: cottas-chunks complete — 36 chunks · cottas-build-00035
  Partitioned compression: HG005_GRCh38_1_22_v4.2.1_benchmark: rdf-scan heartbeat — 111,886,030 triples · 19,327,377,326 bytes read
  Partitioned compression: HG005_GRCh38_1_22_v4.2.1_benchmark: rdf-scan heartbeat — 112,250,314 triples · 19,394,486,343 bytes read
  Partitioned compression: HG005_GRCh38_1_22_v4.2.1_benchmark: rdf-scan heartbeat — 112,614,618 triples · 19,461,595,329 bytes read
  Partitioned compression: HG005_GRCh38_1_22_v4.2.1_benchmark: rdf-scan heartbeat — 112,978,922 triples · 19,528,704,201 bytes read
  Partitioned compression: HG005_GRCh38_1_22_v4.2.1_benchmark: rdf-scan heartbeat — 113,343,256 triples · 19,595,813,137 bytes read
  Partitioned compression: HG005_GRCh38_1_22_v4.2.1_benchmark: rdf-scan heartbeat — 113,707,573 triples · 19,662,922,087 bytes read
  Partitioned compression: HG005_GRCh38_1_22_v4.2.1_benchmark: rdf-scan heartbeat — 114,071,896 triples · 19,730,030,954 bytes read
  Partitioned compression: HG005_GRCh38_1_22_v4.2.1_benchmark: rdf-scan heartbeat — 114,436,201 triples · 19,797,139,940 bytes read
  Partitioned compression: HG005_GRCh38_1_22_v4.2.1_benchmark: rdf-scan chunk — 114,800,410 triples · 37 chunks · 19,864,226,801 bytes read
  Partitioned compression: HG005_GRCh38_1_22_v4.2.1_benchmark: hdt-chunks started — 36 chunks · hdt-build-00036
  Partitioned compression: HG005_GRCh38_1_22_v4.2.1_benchmark: hdt-chunks complete — 37 chunks · hdt-build-00036
  Partitioned compression: HG005_GRCh38_1_22_v4.2.1_benchmark: cottas-chunks started — 36 chunks · cottas-build-00036
  Partitioned compression: HG005_GRCh38_1_22_v4.2.1_benchmark: cottas-chunks complete — 37 chunks · cottas-build-00036
  Partitioned compression: HG005_GRCh38_1_22_v4.2.1_benchmark: rdf-scan heartbeat — 114,800,530 triples · 19,864,248,894 bytes read
  Partitioned compression: HG005_GRCh38_1_22_v4.2.1_benchmark: rdf-scan heartbeat — 115,164,894 triples · 19,931,357,893 bytes read
  Partitioned compression: HG005_GRCh38_1_22_v4.2.1_benchmark: rdf-scan heartbeat — 115,529,265 triples · 19,998,466,931 bytes read
  Partitioned compression: HG005_GRCh38_1_22_v4.2.1_benchmark: rdf-scan heartbeat — 115,893,655 triples · 20,065,575,804 bytes read
  Partitioned compression: HG005_GRCh38_1_22_v4.2.1_benchmark: rdf-scan heartbeat — 116,257,999 triples · 20,132,684,685 bytes read
  Partitioned compression: HG005_GRCh38_1_22_v4.2.1_benchmark: rdf-scan heartbeat — 116,622,335 triples · 20,199,793,584 bytes read
  Partitioned compression: HG005_GRCh38_1_22_v4.2.1_benchmark: rdf-scan heartbeat — 116,986,640 triples · 20,266,902,634 bytes read
  Partitioned compression: HG005_GRCh38_1_22_v4.2.1_benchmark: rdf-scan heartbeat — 117,350,939 triples · 20,334,011,518 bytes read
  Partitioned compression: HG005_GRCh38_1_22_v4.2.1_benchmark: rdf-scan chunk — 117,715,143 triples · 38 chunks · 20,401,097,830 bytes read
  Partitioned compression: HG005_GRCh38_1_22_v4.2.1_benchmark: hdt-chunks started — 37 chunks · hdt-build-00037
  Partitioned compression: HG005_GRCh38_1_22_v4.2.1_benchmark: hdt-chunks complete — 38 chunks · hdt-build-00037
  Partitioned compression: HG005_GRCh38_1_22_v4.2.1_benchmark: cottas-chunks started — 37 chunks · cottas-build-00037
  Partitioned compression: HG005_GRCh38_1_22_v4.2.1_benchmark: cottas-chunks complete — 38 chunks · cottas-build-00037
  Partitioned compression: HG005_GRCh38_1_22_v4.2.1_benchmark: rdf-scan heartbeat — 117,715,265 triples · 20,401,120,383 bytes read
  Partitioned compression: HG005_GRCh38_1_22_v4.2.1_benchmark: rdf-scan heartbeat — 118,079,594 triples · 20,468,229,413 bytes read
  Partitioned compression: HG005_GRCh38_1_22_v4.2.1_benchmark: rdf-scan heartbeat — 118,443,904 triples · 20,535,338,333 bytes read
  Partitioned compression: HG005_GRCh38_1_22_v4.2.1_benchmark: rdf-scan heartbeat — 118,808,216 triples · 20,602,447,330 bytes read
  Partitioned compression: HG005_GRCh38_1_22_v4.2.1_benchmark: rdf-scan heartbeat — 119,172,556 triples · 20,669,556,269 bytes read
  Partitioned compression: HG005_GRCh38_1_22_v4.2.1_benchmark: rdf-scan heartbeat — 119,536,877 triples · 20,736,665,228 bytes read
  Partitioned compression: HG005_GRCh38_1_22_v4.2.1_benchmark: rdf-scan heartbeat — 119,901,168 triples · 20,803,774,300 bytes read
  Partitioned compression: HG005_GRCh38_1_22_v4.2.1_benchmark: rdf-scan heartbeat — 120,265,457 triples · 20,870,883,229 bytes read
  Partitioned compression: HG005_GRCh38_1_22_v4.2.1_benchmark: rdf-scan chunk — 120,629,648 triples · 39 chunks · 20,937,968,872 bytes read
  Partitioned compression: HG005_GRCh38_1_22_v4.2.1_benchmark: hdt-chunks started — 38 chunks · hdt-build-00038
  Partitioned compression: HG005_GRCh38_1_22_v4.2.1_benchmark: hdt-chunks complete — 39 chunks · hdt-build-00038
  Partitioned compression: HG005_GRCh38_1_22_v4.2.1_benchmark: cottas-chunks started — 38 chunks · cottas-build-00038
  Partitioned compression: HG005_GRCh38_1_22_v4.2.1_benchmark: cottas-chunks complete — 39 chunks · cottas-build-00038
  Partitioned compression: HG005_GRCh38_1_22_v4.2.1_benchmark: rdf-scan heartbeat — 120,629,775 triples · 20,937,992,213 bytes read
  Partitioned compression: HG005_GRCh38_1_22_v4.2.1_benchmark: rdf-scan heartbeat — 120,994,091 triples · 21,005,101,156 bytes read
  Partitioned compression: HG005_GRCh38_1_22_v4.2.1_benchmark: rdf-scan heartbeat — 121,358,374 triples · 21,072,210,139 bytes read
  Partitioned compression: HG005_GRCh38_1_22_v4.2.1_benchmark: rdf-scan heartbeat — 121,722,668 triples · 21,139,319,176 bytes read
  Partitioned compression: HG005_GRCh38_1_22_v4.2.1_benchmark: rdf-scan heartbeat — 122,086,953 triples · 21,206,428,124 bytes read
  Partitioned compression: HG005_GRCh38_1_22_v4.2.1_benchmark: rdf-scan heartbeat — 122,451,254 triples · 21,273,537,151 bytes read
  Partitioned compression: HG005_GRCh38_1_22_v4.2.1_benchmark: rdf-scan heartbeat — 122,815,553 triples · 21,340,646,083 bytes read
  Partitioned compression: HG005_GRCh38_1_22_v4.2.1_benchmark: rdf-scan heartbeat — 123,179,854 triples · 21,407,754,967 bytes read
  Partitioned compression: HG005_GRCh38_1_22_v4.2.1_benchmark: rdf-scan chunk — 123,544,024 triples · 40 chunks · 21,474,839,889 bytes read
  Partitioned compression: HG005_GRCh38_1_22_v4.2.1_benchmark: hdt-chunks started — 39 chunks · hdt-build-00039
  Partitioned compression: HG005_GRCh38_1_22_v4.2.1_benchmark: hdt-chunks complete — 40 chunks · hdt-build-00039
  Partitioned compression: HG005_GRCh38_1_22_v4.2.1_benchmark: cottas-chunks started — 39 chunks · cottas-build-00039
  Partitioned compression: HG005_GRCh38_1_22_v4.2.1_benchmark: cottas-chunks complete — 40 chunks · cottas-build-00039
  Partitioned compression: HG005_GRCh38_1_22_v4.2.1_benchmark: rdf-scan heartbeat — 123,544,154 triples · 21,474,863,854 bytes read
  Partitioned compression: HG005_GRCh38_1_22_v4.2.1_benchmark: rdf-scan heartbeat — 123,908,400 triples · 21,541,972,777 bytes read
  Partitioned compression: HG005_GRCh38_1_22_v4.2.1_benchmark: rdf-scan heartbeat — 124,272,699 triples · 21,609,081,653 bytes read
  Partitioned compression: HG005_GRCh38_1_22_v4.2.1_benchmark: rdf-scan heartbeat — 124,637,005 triples · 21,676,190,596 bytes read
  Partitioned compression: HG005_GRCh38_1_22_v4.2.1_benchmark: rdf-scan heartbeat — 125,001,265 triples · 21,743,299,555 bytes read
  Partitioned compression: HG005_GRCh38_1_22_v4.2.1_benchmark: rdf-scan heartbeat — 125,365,561 triples · 21,810,408,445 bytes read
  Partitioned compression: HG005_GRCh38_1_22_v4.2.1_benchmark: rdf-scan heartbeat — 125,729,858 triples · 21,877,517,324 bytes read
  Partitioned compression: HG005_GRCh38_1_22_v4.2.1_benchmark: rdf-scan heartbeat — 126,094,170 triples · 21,944,626,204 bytes read
  Partitioned compression: HG005_GRCh38_1_22_v4.2.1_benchmark: rdf-scan chunk — 126,458,344 triples · 41 chunks · 22,011,710,895 bytes read
  Partitioned compression: HG005_GRCh38_1_22_v4.2.1_benchmark: hdt-chunks started — 40 chunks · hdt-build-00040
  Partitioned compression: HG005_GRCh38_1_22_v4.2.1_benchmark: hdt-chunks complete — 41 chunks · hdt-build-00040
  Partitioned compression: HG005_GRCh38_1_22_v4.2.1_benchmark: cottas-chunks started — 40 chunks · cottas-build-00040
  Partitioned compression: HG005_GRCh38_1_22_v4.2.1_benchmark: cottas-chunks complete — 41 chunks · cottas-build-00040
  Partitioned compression: HG005_GRCh38_1_22_v4.2.1_benchmark: rdf-scan heartbeat — 126,458,476 triples · 22,011,735,186 bytes read
  Partitioned compression: HG005_GRCh38_1_22_v4.2.1_benchmark: rdf-scan heartbeat — 126,822,790 triples · 22,078,844,055 bytes read
  Partitioned compression: HG005_GRCh38_1_22_v4.2.1_benchmark: rdf-scan heartbeat — 127,187,050 triples · 22,145,953,002 bytes read
  Partitioned compression: HG005_GRCh38_1_22_v4.2.1_benchmark: rdf-scan heartbeat — 127,551,332 triples · 22,213,061,998 bytes read
  Partitioned compression: HG005_GRCh38_1_22_v4.2.1_benchmark: rdf-scan heartbeat — 127,915,620 triples · 22,280,170,869 bytes read
  Partitioned compression: HG005_GRCh38_1_22_v4.2.1_benchmark: rdf-scan heartbeat — 128,279,888 triples · 22,347,279,797 bytes read
  Partitioned compression: HG005_GRCh38_1_22_v4.2.1_benchmark: rdf-scan heartbeat — 128,644,197 triples · 22,414,388,789 bytes read
  Partitioned compression: HG005_GRCh38_1_22_v4.2.1_benchmark: rdf-scan heartbeat — 129,008,487 triples · 22,481,497,776 bytes read
  Partitioned compression: HG005_GRCh38_1_22_v4.2.1_benchmark: rdf-scan chunk — 129,372,639 triples · 42 chunks · 22,548,581,861 bytes read
  Partitioned compression: HG005_GRCh38_1_22_v4.2.1_benchmark: hdt-chunks started — 41 chunks · hdt-build-00041
  Partitioned compression: HG005_GRCh38_1_22_v4.2.1_benchmark: hdt-chunks complete — 42 chunks · hdt-build-00041
  Partitioned compression: HG005_GRCh38_1_22_v4.2.1_benchmark: cottas-chunks started — 41 chunks · cottas-build-00041
  Partitioned compression: HG005_GRCh38_1_22_v4.2.1_benchmark: cottas-chunks complete — 42 chunks · cottas-build-00041
  Partitioned compression: HG005_GRCh38_1_22_v4.2.1_benchmark: rdf-scan heartbeat — 129,372,774 triples · 22,548,606,740 bytes read
  Partitioned compression: HG005_GRCh38_1_22_v4.2.1_benchmark: rdf-scan heartbeat — 129,737,064 triples · 22,615,715,605 bytes read
  Partitioned compression: HG005_GRCh38_1_22_v4.2.1_benchmark: rdf-scan heartbeat — 130,101,408 triples · 22,682,824,486 bytes read
  Partitioned compression: HG005_GRCh38_1_22_v4.2.1_benchmark: rdf-scan heartbeat — 130,465,705 triples · 22,749,933,450 bytes read
  Partitioned compression: HG005_GRCh38_1_22_v4.2.1_benchmark: rdf-scan heartbeat — 130,829,998 triples · 22,817,042,352 bytes read
  Partitioned compression: HG005_GRCh38_1_22_v4.2.1_benchmark: rdf-scan heartbeat — 131,194,338 triples · 22,884,151,247 bytes read
  Partitioned compression: HG005_GRCh38_1_22_v4.2.1_benchmark: rdf-scan heartbeat — 131,558,682 triples · 22,951,260,266 bytes read
  Partitioned compression: HG005_GRCh38_1_22_v4.2.1_benchmark: rdf-scan heartbeat — 131,923,019 triples · 23,018,369,171 bytes read
  Partitioned compression: HG005_GRCh38_1_22_v4.2.1_benchmark: rdf-scan chunk — 132,287,211 triples · 43 chunks · 23,085,452,775 bytes read
  Partitioned compression: HG005_GRCh38_1_22_v4.2.1_benchmark: hdt-chunks started — 42 chunks · hdt-build-00042
  Partitioned compression: HG005_GRCh38_1_22_v4.2.1_benchmark: hdt-chunks complete — 43 chunks · hdt-build-00042
  Partitioned compression: HG005_GRCh38_1_22_v4.2.1_benchmark: cottas-chunks started — 42 chunks · cottas-build-00042
  Partitioned compression: HG005_GRCh38_1_22_v4.2.1_benchmark: cottas-chunks complete — 43 chunks · cottas-build-00042
  Partitioned compression: HG005_GRCh38_1_22_v4.2.1_benchmark: rdf-scan heartbeat — 132,287,349 triples · 23,085,478,157 bytes read
  Partitioned compression: HG005_GRCh38_1_22_v4.2.1_benchmark: rdf-scan heartbeat — 132,651,689 triples · 23,152,587,182 bytes read
  Partitioned compression: HG005_GRCh38_1_22_v4.2.1_benchmark: rdf-scan heartbeat — 133,015,991 triples · 23,219,696,156 bytes read
  Partitioned compression: HG005_GRCh38_1_22_v4.2.1_benchmark: rdf-scan heartbeat — 133,380,302 triples · 23,286,805,199 bytes read
  Partitioned compression: HG005_GRCh38_1_22_v4.2.1_benchmark: rdf-scan heartbeat — 133,744,597 triples · 23,353,914,191 bytes read
  Partitioned compression: HG005_GRCh38_1_22_v4.2.1_benchmark: rdf-scan heartbeat — 134,108,916 triples · 23,421,023,226 bytes read
  Partitioned compression: HG005_GRCh38_1_22_v4.2.1_benchmark: rdf-scan heartbeat — 134,473,245 triples · 23,488,132,264 bytes read
  Partitioned compression: HG005_GRCh38_1_22_v4.2.1_benchmark: rdf-scan heartbeat — 134,837,359 triples · 23,555,241,271 bytes read
  Partitioned compression: HG005_GRCh38_1_22_v4.2.1_benchmark: rdf-scan chunk — 135,201,199 triples · 44 chunks · 23,622,323,848 bytes read
  Partitioned compression: HG005_GRCh38_1_22_v4.2.1_benchmark: hdt-chunks started — 43 chunks · hdt-build-00043
  Partitioned compression: HG005_GRCh38_1_22_v4.2.1_benchmark: hdt-chunks complete — 44 chunks · hdt-build-00043
  Partitioned compression: HG005_GRCh38_1_22_v4.2.1_benchmark: cottas-chunks started — 43 chunks · cottas-build-00043
  Partitioned compression: HG005_GRCh38_1_22_v4.2.1_benchmark: cottas-chunks complete — 44 chunks · cottas-build-00043
  Partitioned compression: HG005_GRCh38_1_22_v4.2.1_benchmark: rdf-scan heartbeat — 135,201,342 triples · 23,622,350,169 bytes read
  Partitioned compression: HG005_GRCh38_1_22_v4.2.1_benchmark: rdf-scan heartbeat — 135,565,326 triples · 23,689,459,160 bytes read
  Partitioned compression: HG005_GRCh38_1_22_v4.2.1_benchmark: rdf-scan heartbeat — 135,929,532 triples · 23,756,568,026 bytes read
  Partitioned compression: HG005_GRCh38_1_22_v4.2.1_benchmark: rdf-scan heartbeat — 136,293,809 triples · 23,823,676,914 bytes read
  Partitioned compression: HG005_GRCh38_1_22_v4.2.1_benchmark: rdf-scan heartbeat — 136,658,102 triples · 23,890,785,888 bytes read
  Partitioned compression: HG005_GRCh38_1_22_v4.2.1_benchmark: rdf-scan heartbeat — 137,022,383 triples · 23,957,894,849 bytes read
  Partitioned compression: HG005_GRCh38_1_22_v4.2.1_benchmark: rdf-scan heartbeat — 137,386,691 triples · 24,025,003,816 bytes read
  Partitioned compression: HG005_GRCh38_1_22_v4.2.1_benchmark: rdf-scan heartbeat — 137,751,010 triples · 24,092,112,727 bytes read
  Partitioned compression: HG005_GRCh38_1_22_v4.2.1_benchmark: rdf-scan chunk — 138,115,182 triples · 45 chunks · 24,159,194,915 bytes read
  Partitioned compression: HG005_GRCh38_1_22_v4.2.1_benchmark: hdt-chunks started — 44 chunks · hdt-build-00044
  Partitioned compression: HG005_GRCh38_1_22_v4.2.1_benchmark: hdt-chunks complete — 45 chunks · hdt-build-00044
  Partitioned compression: HG005_GRCh38_1_22_v4.2.1_benchmark: cottas-chunks started — 44 chunks · cottas-build-00044
  Partitioned compression: HG005_GRCh38_1_22_v4.2.1_benchmark: cottas-chunks complete — 45 chunks · cottas-build-00044
  Partitioned compression: HG005_GRCh38_1_22_v4.2.1_benchmark: rdf-scan heartbeat — 138,115,328 triples · 24,159,221,704 bytes read
  Partitioned compression: HG005_GRCh38_1_22_v4.2.1_benchmark: rdf-scan heartbeat — 138,479,637 triples · 24,226,330,719 bytes read
  Partitioned compression: HG005_GRCh38_1_22_v4.2.1_benchmark: rdf-scan heartbeat — 138,843,967 triples · 24,293,439,590 bytes read
  Partitioned compression: HG005_GRCh38_1_22_v4.2.1_benchmark: rdf-scan heartbeat — 139,208,292 triples · 24,360,548,557 bytes read
  Partitioned compression: HG005_GRCh38_1_22_v4.2.1_benchmark: rdf-scan heartbeat — 139,572,612 triples · 24,427,657,491 bytes read
  Partitioned compression: HG005_GRCh38_1_22_v4.2.1_benchmark: rdf-scan heartbeat — 139,936,906 triples · 24,494,766,482 bytes read
  Partitioned compression: HG005_GRCh38_1_22_v4.2.1_benchmark: rdf-scan heartbeat — 140,301,210 triples · 24,561,875,531 bytes read
  Partitioned compression: HG005_GRCh38_1_22_v4.2.1_benchmark: rdf-scan heartbeat — 140,665,499 triples · 24,628,984,408 bytes read
  Partitioned compression: HG005_GRCh38_1_22_v4.2.1_benchmark: rdf-scan chunk — 141,029,641 triples · 46 chunks · 24,696,065,907 bytes read
  Partitioned compression: HG005_GRCh38_1_22_v4.2.1_benchmark: hdt-chunks started — 45 chunks · hdt-build-00045
  Partitioned compression: HG005_GRCh38_1_22_v4.2.1_benchmark: hdt-chunks complete — 46 chunks · hdt-build-00045
  Partitioned compression: HG005_GRCh38_1_22_v4.2.1_benchmark: cottas-chunks started — 45 chunks · cottas-build-00045
  Partitioned compression: HG005_GRCh38_1_22_v4.2.1_benchmark: cottas-chunks complete — 46 chunks · cottas-build-00045
  Partitioned compression: HG005_GRCh38_1_22_v4.2.1_benchmark: rdf-scan heartbeat — 141,029,790 triples · 24,696,093,436 bytes read
  Partitioned compression: HG005_GRCh38_1_22_v4.2.1_benchmark: rdf-scan heartbeat — 141,394,073 triples · 24,763,202,397 bytes read
  Partitioned compression: HG005_GRCh38_1_22_v4.2.1_benchmark: rdf-scan heartbeat — 141,758,382 triples · 24,830,311,324 bytes read
  Partitioned compression: HG005_GRCh38_1_22_v4.2.1_benchmark: rdf-scan heartbeat — 142,122,676 triples · 24,897,420,205 bytes read
  Partitioned compression: HG005_GRCh38_1_22_v4.2.1_benchmark: rdf-scan heartbeat — 142,486,974 triples · 24,964,529,148 bytes read
  Partitioned compression: HG005_GRCh38_1_22_v4.2.1_benchmark: rdf-scan heartbeat — 142,851,268 triples · 25,031,638,152 bytes read
  Partitioned compression: HG005_GRCh38_1_22_v4.2.1_benchmark: rdf-scan heartbeat — 143,215,556 triples · 25,098,747,166 bytes read
  Partitioned compression: HG005_GRCh38_1_22_v4.2.1_benchmark: rdf-scan heartbeat — 143,579,856 triples · 25,165,856,083 bytes read
  Partitioned compression: HG005_GRCh38_1_22_v4.2.1_benchmark: rdf-scan chunk — 143,943,976 triples · 47 chunks · 25,232,936,898 bytes read
  Partitioned compression: HG005_GRCh38_1_22_v4.2.1_benchmark: hdt-chunks started — 46 chunks · hdt-build-00046
  Partitioned compression: HG005_GRCh38_1_22_v4.2.1_benchmark: hdt-chunks complete — 47 chunks · hdt-build-00046
  Partitioned compression: HG005_GRCh38_1_22_v4.2.1_benchmark: cottas-chunks started — 46 chunks · cottas-build-00046
  Partitioned compression: HG005_GRCh38_1_22_v4.2.1_benchmark: cottas-chunks complete — 47 chunks · cottas-build-00046
  Partitioned compression: HG005_GRCh38_1_22_v4.2.1_benchmark: rdf-scan heartbeat — 143,944,129 triples · 25,232,965,091 bytes read
  Partitioned compression: HG005_GRCh38_1_22_v4.2.1_benchmark: rdf-scan heartbeat — 144,308,468 triples · 25,300,074,070 bytes read
  Partitioned compression: HG005_GRCh38_1_22_v4.2.1_benchmark: rdf-scan heartbeat — 144,672,792 triples · 25,367,183,000 bytes read
  Partitioned compression: HG005_GRCh38_1_22_v4.2.1_benchmark: rdf-scan heartbeat — 145,037,101 triples · 25,434,292,040 bytes read
  Partitioned compression: HG005_GRCh38_1_22_v4.2.1_benchmark: rdf-scan heartbeat — 145,401,386 triples · 25,501,400,915 bytes read
  Partitioned compression: HG005_GRCh38_1_22_v4.2.1_benchmark: rdf-scan heartbeat — 145,765,650 triples · 25,568,509,895 bytes read
  Partitioned compression: HG005_GRCh38_1_22_v4.2.1_benchmark: rdf-scan heartbeat — 146,129,932 triples · 25,635,618,886 bytes read
  Partitioned compression: HG005_GRCh38_1_22_v4.2.1_benchmark: rdf-scan heartbeat — 146,494,231 triples · 25,702,727,756 bytes read
  Partitioned compression: HG005_GRCh38_1_22_v4.2.1_benchmark: rdf-scan chunk — 146,858,367 triples · 48 chunks · 25,769,807,860 bytes read
  Partitioned compression: HG005_GRCh38_1_22_v4.2.1_benchmark: hdt-chunks started — 47 chunks · hdt-build-00047
  Partitioned compression: HG005_GRCh38_1_22_v4.2.1_benchmark: hdt-chunks complete — 48 chunks · hdt-build-00047
  Partitioned compression: HG005_GRCh38_1_22_v4.2.1_benchmark: cottas-chunks started — 47 chunks · cottas-build-00047
  Partitioned compression: HG005_GRCh38_1_22_v4.2.1_benchmark: cottas-chunks complete — 48 chunks · cottas-build-00047
  Partitioned compression: HG005_GRCh38_1_22_v4.2.1_benchmark: rdf-scan heartbeat — 146,858,523 triples · 25,769,836,741 bytes read
  Partitioned compression: HG005_GRCh38_1_22_v4.2.1_benchmark: rdf-scan heartbeat — 147,222,812 triples · 25,836,945,655 bytes read
  Partitioned compression: HG005_GRCh38_1_22_v4.2.1_benchmark: rdf-scan heartbeat — 147,587,140 triples · 25,904,054,636 bytes read
  Partitioned compression: HG005_GRCh38_1_22_v4.2.1_benchmark: rdf-scan heartbeat — 147,951,478 triples · 25,971,163,523 bytes read
  Partitioned compression: HG005_GRCh38_1_22_v4.2.1_benchmark: rdf-scan heartbeat — 148,315,811 triples · 26,038,272,447 bytes read
  Partitioned compression: HG005_GRCh38_1_22_v4.2.1_benchmark: rdf-scan heartbeat — 148,680,163 triples · 26,105,381,418 bytes read
  Partitioned compression: HG005_GRCh38_1_22_v4.2.1_benchmark: rdf-scan heartbeat — 149,044,501 triples · 26,172,490,379 bytes read
  Partitioned compression: HG005_GRCh38_1_22_v4.2.1_benchmark: rdf-scan heartbeat — 149,408,845 triples · 26,239,599,303 bytes read
  Partitioned compression: HG005_GRCh38_1_22_v4.2.1_benchmark: rdf-scan chunk — 149,773,057 triples · 49 chunks · 26,306,678,785 bytes read
  Partitioned compression: HG005_GRCh38_1_22_v4.2.1_benchmark: hdt-chunks started — 48 chunks · hdt-build-00048
  Partitioned compression: HG005_GRCh38_1_22_v4.2.1_benchmark: hdt-chunks complete — 49 chunks · hdt-build-00048
  Partitioned compression: HG005_GRCh38_1_22_v4.2.1_benchmark: cottas-chunks started — 48 chunks · cottas-build-00048
  Partitioned compression: HG005_GRCh38_1_22_v4.2.1_benchmark: cottas-chunks complete — 49 chunks · cottas-build-00048
  Partitioned compression: HG005_GRCh38_1_22_v4.2.1_benchmark: rdf-scan heartbeat — 149,773,217 triples · 26,306,708,172 bytes read
  Partitioned compression: HG005_GRCh38_1_22_v4.2.1_benchmark: rdf-scan heartbeat — 150,137,548 triples · 26,373,817,206 bytes read
  Partitioned compression: HG005_GRCh38_1_22_v4.2.1_benchmark: rdf-scan heartbeat — 150,501,866 triples · 26,440,926,075 bytes read
  Partitioned compression: HG005_GRCh38_1_22_v4.2.1_benchmark: rdf-scan heartbeat — 150,866,159 triples · 26,508,035,115 bytes read
  Partitioned compression: HG005_GRCh38_1_22_v4.2.1_benchmark: rdf-scan heartbeat — 151,230,473 triples · 26,575,144,037 bytes read
  Partitioned compression: HG005_GRCh38_1_22_v4.2.1_benchmark: rdf-scan heartbeat — 151,594,781 triples · 26,642,253,015 bytes read
  Partitioned compression: HG005_GRCh38_1_22_v4.2.1_benchmark: rdf-scan heartbeat — 151,959,094 triples · 26,709,361,884 bytes read
  Partitioned compression: HG005_GRCh38_1_22_v4.2.1_benchmark: rdf-scan heartbeat — 152,323,400 triples · 26,776,470,914 bytes read
  Partitioned compression: HG005_GRCh38_1_22_v4.2.1_benchmark: rdf-scan chunk — 152,687,553 triples · 50 chunks · 26,843,549,754 bytes read
  Partitioned compression: HG005_GRCh38_1_22_v4.2.1_benchmark: hdt-chunks started — 49 chunks · hdt-build-00049
  Partitioned compression: HG005_GRCh38_1_22_v4.2.1_benchmark: hdt-chunks complete — 50 chunks · hdt-build-00049
  Partitioned compression: HG005_GRCh38_1_22_v4.2.1_benchmark: cottas-chunks started — 49 chunks · cottas-build-00049
  Partitioned compression: HG005_GRCh38_1_22_v4.2.1_benchmark: cottas-chunks complete — 50 chunks · cottas-build-00049
  Partitioned compression: HG005_GRCh38_1_22_v4.2.1_benchmark: rdf-scan heartbeat — 152,687,717 triples · 26,843,579,997 bytes read
  Partitioned compression: HG005_GRCh38_1_22_v4.2.1_benchmark: rdf-scan heartbeat — 153,052,018 triples · 26,910,688,861 bytes read
  Partitioned compression: HG005_GRCh38_1_22_v4.2.1_benchmark: rdf-scan heartbeat — 153,416,317 triples · 26,977,797,763 bytes read
  Partitioned compression: HG005_GRCh38_1_22_v4.2.1_benchmark: rdf-scan heartbeat — 153,780,607 triples · 27,044,906,776 bytes read
  Partitioned compression: HG005_GRCh38_1_22_v4.2.1_benchmark: rdf-scan heartbeat — 154,144,926 triples · 27,112,015,645 bytes read
  Partitioned compression: HG005_GRCh38_1_22_v4.2.1_benchmark: rdf-scan heartbeat — 154,509,253 triples · 27,179,124,609 bytes read
  Partitioned compression: HG005_GRCh38_1_22_v4.2.1_benchmark: rdf-scan heartbeat — 154,873,585 triples · 27,246,233,586 bytes read
  Partitioned compression: HG005_GRCh38_1_22_v4.2.1_benchmark: rdf-scan heartbeat — 155,237,959 triples · 27,313,342,557 bytes read
  Partitioned compression: HG005_GRCh38_1_22_v4.2.1_benchmark: rdf-scan chunk — 155,602,141 triples · 51 chunks · 27,380,420,760 bytes read
  Partitioned compression: HG005_GRCh38_1_22_v4.2.1_benchmark: hdt-chunks started — 50 chunks · hdt-build-00050
  Partitioned compression: HG005_GRCh38_1_22_v4.2.1_benchmark: hdt-chunks complete — 51 chunks · hdt-build-00050
  Partitioned compression: HG005_GRCh38_1_22_v4.2.1_benchmark: cottas-chunks started — 50 chunks · cottas-build-00050
  Partitioned compression: HG005_GRCh38_1_22_v4.2.1_benchmark: cottas-chunks complete — 51 chunks · cottas-build-00050
  Partitioned compression: HG005_GRCh38_1_22_v4.2.1_benchmark: rdf-scan heartbeat — 155,602,308 triples · 27,380,451,537 bytes read
  Partitioned compression: HG005_GRCh38_1_22_v4.2.1_benchmark: rdf-scan heartbeat — 155,966,638 triples · 27,447,560,438 bytes read
  Partitioned compression: HG005_GRCh38_1_22_v4.2.1_benchmark: rdf-scan heartbeat — 156,330,993 triples · 27,514,669,325 bytes read
  Partitioned compression: HG005_GRCh38_1_22_v4.2.1_benchmark: rdf-scan heartbeat — 156,695,292 triples · 27,581,778,297 bytes read
  Partitioned compression: HG005_GRCh38_1_22_v4.2.1_benchmark: rdf-scan heartbeat — 157,059,575 triples · 27,648,887,229 bytes read
  Partitioned compression: HG005_GRCh38_1_22_v4.2.1_benchmark: rdf-scan heartbeat — 157,423,874 triples · 27,715,996,112 bytes read
  Partitioned compression: HG005_GRCh38_1_22_v4.2.1_benchmark: rdf-scan heartbeat — 157,788,156 triples · 27,783,105,098 bytes read
  Partitioned compression: HG005_GRCh38_1_22_v4.2.1_benchmark: rdf-scan heartbeat — 158,152,460 triples · 27,850,214,111 bytes read
  Partitioned compression: HG005_GRCh38_1_22_v4.2.1_benchmark: rdf-scan chunk — 158,516,615 triples · 52 chunks · 27,917,291,734 bytes read
  Partitioned compression: HG005_GRCh38_1_22_v4.2.1_benchmark: hdt-chunks started — 51 chunks · hdt-build-00051
  Partitioned compression: HG005_GRCh38_1_22_v4.2.1_benchmark: hdt-chunks complete — 52 chunks · hdt-build-00051
  Partitioned compression: HG005_GRCh38_1_22_v4.2.1_benchmark: cottas-chunks started — 51 chunks · cottas-build-00051
  Partitioned compression: HG005_GRCh38_1_22_v4.2.1_benchmark: cottas-chunks complete — 52 chunks · cottas-build-00051
  Partitioned compression: HG005_GRCh38_1_22_v4.2.1_benchmark: rdf-scan heartbeat — 158,516,786 triples · 27,917,323,103 bytes read
  Partitioned compression: HG005_GRCh38_1_22_v4.2.1_benchmark: rdf-scan heartbeat — 158,881,102 triples · 27,984,432,099 bytes read
  Partitioned compression: HG005_GRCh38_1_22_v4.2.1_benchmark: rdf-scan heartbeat — 159,245,395 triples · 28,051,541,084 bytes read
  Partitioned compression: HG005_GRCh38_1_22_v4.2.1_benchmark: rdf-scan heartbeat — 159,609,685 triples · 28,118,650,034 bytes read
  Partitioned compression: HG005_GRCh38_1_22_v4.2.1_benchmark: rdf-scan heartbeat — 159,973,978 triples · 28,185,759,094 bytes read
  Partitioned compression: HG005_GRCh38_1_22_v4.2.1_benchmark: rdf-scan heartbeat — 160,338,268 triples · 28,252,868,143 bytes read
  Partitioned compression: HG005_GRCh38_1_22_v4.2.1_benchmark: rdf-scan heartbeat — 160,702,578 triples · 28,319,977,190 bytes read
  Partitioned compression: HG005_GRCh38_1_22_v4.2.1_benchmark: rdf-scan heartbeat — 161,066,878 triples · 28,387,086,059 bytes read
  Partitioned compression: HG005_GRCh38_1_22_v4.2.1_benchmark: rdf-scan chunk — 161,431,026 triples · 53 chunks · 28,454,162,808 bytes read
  Partitioned compression: HG005_GRCh38_1_22_v4.2.1_benchmark: hdt-chunks started — 52 chunks · hdt-build-00052
  Partitioned compression: HG005_GRCh38_1_22_v4.2.1_benchmark: hdt-chunks complete — 53 chunks · hdt-build-00052
  Partitioned compression: HG005_GRCh38_1_22_v4.2.1_benchmark: cottas-chunks started — 52 chunks · cottas-build-00052
  Partitioned compression: HG005_GRCh38_1_22_v4.2.1_benchmark: cottas-chunks complete — 53 chunks · cottas-build-00052
  Partitioned compression: HG005_GRCh38_1_22_v4.2.1_benchmark: rdf-scan heartbeat — 161,431,201 triples · 28,454,194,992 bytes read
  Partitioned compression: HG005_GRCh38_1_22_v4.2.1_benchmark: rdf-scan heartbeat — 161,795,501 triples · 28,521,304,029 bytes read
  Partitioned compression: HG005_GRCh38_1_22_v4.2.1_benchmark: rdf-scan heartbeat — 162,159,828 triples · 28,588,413,063 bytes read
  Partitioned compression: HG005_GRCh38_1_22_v4.2.1_benchmark: rdf-scan heartbeat — 162,524,175 triples · 28,655,521,946 bytes read
  Partitioned compression: HG005_GRCh38_1_22_v4.2.1_benchmark: rdf-scan heartbeat — 162,888,517 triples · 28,722,630,923 bytes read
  Partitioned compression: HG005_GRCh38_1_22_v4.2.1_benchmark: rdf-scan heartbeat — 163,252,872 triples · 28,789,739,950 bytes read
  Partitioned compression: HG005_GRCh38_1_22_v4.2.1_benchmark: rdf-scan heartbeat — 163,617,193 triples · 28,856,848,877 bytes read
  Partitioned compression: HG005_GRCh38_1_22_v4.2.1_benchmark: rdf-scan heartbeat — 163,981,565 triples · 28,923,957,936 bytes read
  Partitioned compression: HG005_GRCh38_1_22_v4.2.1_benchmark: rdf-scan chunk — 164,345,778 triples · 54 chunks · 28,991,033,893 bytes read
  Partitioned compression: HG005_GRCh38_1_22_v4.2.1_benchmark: hdt-chunks started — 53 chunks · hdt-build-00053
  Partitioned compression: HG005_GRCh38_1_22_v4.2.1_benchmark: hdt-chunks complete — 54 chunks · hdt-build-00053
  Partitioned compression: HG005_GRCh38_1_22_v4.2.1_benchmark: cottas-chunks started — 53 chunks · cottas-build-00053
  Partitioned compression: HG005_GRCh38_1_22_v4.2.1_benchmark: cottas-chunks complete — 54 chunks · cottas-build-00053
  Partitioned compression: HG005_GRCh38_1_22_v4.2.1_benchmark: rdf-scan heartbeat — 164,345,957 triples · 28,991,066,897 bytes read
  Partitioned compression: HG005_GRCh38_1_22_v4.2.1_benchmark: rdf-scan heartbeat — 164,710,347 triples · 29,058,175,771 bytes read
  Partitioned compression: HG005_GRCh38_1_22_v4.2.1_benchmark: rdf-scan heartbeat — 165,074,747 triples · 29,125,284,701 bytes read
  Partitioned compression: HG005_GRCh38_1_22_v4.2.1_benchmark: rdf-scan heartbeat — 165,439,100 triples · 29,192,393,691 bytes read
  Partitioned compression: HG005_GRCh38_1_22_v4.2.1_benchmark: rdf-scan heartbeat — 165,803,476 triples · 29,259,502,592 bytes read
  Partitioned compression: HG005_GRCh38_1_22_v4.2.1_benchmark: rdf-scan heartbeat — 166,167,849 triples · 29,326,611,543 bytes read
  Partitioned compression: HG005_GRCh38_1_22_v4.2.1_benchmark: rdf-scan heartbeat — 166,532,157 triples · 29,393,720,464 bytes read
  Partitioned compression: HG005_GRCh38_1_22_v4.2.1_benchmark: rdf-scan heartbeat — 166,896,501 triples · 29,460,829,489 bytes read
  Partitioned compression: HG005_GRCh38_1_22_v4.2.1_benchmark: rdf-scan chunk — 167,260,649 triples · 55 chunks · 29,527,904,875 bytes read
  Partitioned compression: HG005_GRCh38_1_22_v4.2.1_benchmark: hdt-chunks started — 54 chunks · hdt-build-00054
  Partitioned compression: HG005_GRCh38_1_22_v4.2.1_benchmark: hdt-chunks complete — 55 chunks · hdt-build-00054
  Partitioned compression: HG005_GRCh38_1_22_v4.2.1_benchmark: cottas-chunks started — 54 chunks · cottas-build-00054
  Partitioned compression: HG005_GRCh38_1_22_v4.2.1_benchmark: cottas-chunks complete — 55 chunks · cottas-build-00054
  Partitioned compression: HG005_GRCh38_1_22_v4.2.1_benchmark: rdf-scan heartbeat — 167,260,832 triples · 29,527,938,471 bytes read
  Partitioned compression: HG005_GRCh38_1_22_v4.2.1_benchmark: rdf-scan heartbeat — 167,625,175 triples · 29,595,047,511 bytes read
  Partitioned compression: HG005_GRCh38_1_22_v4.2.1_benchmark: rdf-scan heartbeat — 167,989,487 triples · 29,662,156,457 bytes read
  Partitioned compression: HG005_GRCh38_1_22_v4.2.1_benchmark: rdf-scan heartbeat — 168,353,814 triples · 29,729,265,347 bytes read
  Partitioned compression: HG005_GRCh38_1_22_v4.2.1_benchmark: rdf-scan heartbeat — 168,718,119 triples · 29,796,374,227 bytes read
  Partitioned compression: HG005_GRCh38_1_22_v4.2.1_benchmark: rdf-scan heartbeat — 169,082,440 triples · 29,863,483,103 bytes read
  Partitioned compression: HG005_GRCh38_1_22_v4.2.1_benchmark: rdf-scan heartbeat — 169,446,762 triples · 29,930,592,109 bytes read
  Partitioned compression: HG005_GRCh38_1_22_v4.2.1_benchmark: rdf-scan heartbeat — 169,811,069 triples · 29,997,701,072 bytes read
  Partitioned compression: HG005_GRCh38_1_22_v4.2.1_benchmark: rdf-scan chunk — 170,175,169 triples · 56 chunks · 30,064,775,808 bytes read
  Partitioned compression: HG005_GRCh38_1_22_v4.2.1_benchmark: hdt-chunks started — 55 chunks · hdt-build-00055
  Partitioned compression: HG005_GRCh38_1_22_v4.2.1_benchmark: hdt-chunks complete — 56 chunks · hdt-build-00055
  Partitioned compression: HG005_GRCh38_1_22_v4.2.1_benchmark: cottas-chunks started — 55 chunks · cottas-build-00055
  Partitioned compression: HG005_GRCh38_1_22_v4.2.1_benchmark: cottas-chunks complete — 56 chunks · cottas-build-00055
  Partitioned compression: HG005_GRCh38_1_22_v4.2.1_benchmark: rdf-scan heartbeat — 170,175,355 triples · 30,064,810,002 bytes read
  Partitioned compression: HG005_GRCh38_1_22_v4.2.1_benchmark: rdf-scan heartbeat — 170,539,648 triples · 30,131,918,964 bytes read
  Partitioned compression: HG005_GRCh38_1_22_v4.2.1_benchmark: rdf-scan heartbeat — 170,903,925 triples · 30,199,027,871 bytes read
  Partitioned compression: HG005_GRCh38_1_22_v4.2.1_benchmark: rdf-scan heartbeat — 171,268,193 triples · 30,266,136,876 bytes read
  Partitioned compression: HG005_GRCh38_1_22_v4.2.1_benchmark: rdf-scan heartbeat — 171,632,463 triples · 30,333,245,850 bytes read
  Partitioned compression: HG005_GRCh38_1_22_v4.2.1_benchmark: rdf-scan heartbeat — 171,996,780 triples · 30,400,354,893 bytes read
  Partitioned compression: HG005_GRCh38_1_22_v4.2.1_benchmark: rdf-scan heartbeat — 172,361,047 triples · 30,467,463,868 bytes read
  Partitioned compression: HG005_GRCh38_1_22_v4.2.1_benchmark: rdf-scan heartbeat — 172,725,368 triples · 30,534,572,902 bytes read
  Partitioned compression: HG005_GRCh38_1_22_v4.2.1_benchmark: rdf-scan chunk — 173,089,487 triples · 57 chunks · 30,601,646,860 bytes read
  Partitioned compression: HG005_GRCh38_1_22_v4.2.1_benchmark: hdt-chunks started — 56 chunks · hdt-build-00056
  Partitioned compression: HG005_GRCh38_1_22_v4.2.1_benchmark: hdt-chunks complete — 57 chunks · hdt-build-00056
  Partitioned compression: HG005_GRCh38_1_22_v4.2.1_benchmark: cottas-chunks started — 56 chunks · cottas-build-00056
  Partitioned compression: HG005_GRCh38_1_22_v4.2.1_benchmark: cottas-chunks complete — 57 chunks · cottas-build-00056
  Partitioned compression: HG005_GRCh38_1_22_v4.2.1_benchmark: rdf-scan heartbeat — 173,089,677 triples · 30,601,681,773 bytes read
  Partitioned compression: HG005_GRCh38_1_22_v4.2.1_benchmark: rdf-scan heartbeat — 173,453,952 triples · 30,668,790,673 bytes read
  Partitioned compression: HG005_GRCh38_1_22_v4.2.1_benchmark: rdf-scan heartbeat — 173,818,234 triples · 30,735,899,576 bytes read
  Partitioned compression: HG005_GRCh38_1_22_v4.2.1_benchmark: rdf-scan heartbeat — 174,182,527 triples · 30,803,008,511 bytes read
  Partitioned compression: HG005_GRCh38_1_22_v4.2.1_benchmark: rdf-scan heartbeat — 174,546,794 triples · 30,870,117,537 bytes read
  Partitioned compression: HG005_GRCh38_1_22_v4.2.1_benchmark: rdf-scan heartbeat — 174,911,089 triples · 30,937,226,552 bytes read
  Partitioned compression: HG005_GRCh38_1_22_v4.2.1_benchmark: rdf-scan heartbeat — 175,275,393 triples · 31,004,335,544 bytes read
  Partitioned compression: HG005_GRCh38_1_22_v4.2.1_benchmark: rdf-scan heartbeat — 175,639,694 triples · 31,071,444,546 bytes read
  Partitioned compression: HG005_GRCh38_1_22_v4.2.1_benchmark: rdf-scan chunk — 176,003,790 triples · 58 chunks · 31,138,517,934 bytes read
  Partitioned compression: HG005_GRCh38_1_22_v4.2.1_benchmark: hdt-chunks started — 57 chunks · hdt-build-00057
  Partitioned compression: HG005_GRCh38_1_22_v4.2.1_benchmark: hdt-chunks complete — 58 chunks · hdt-build-00057
  Partitioned compression: HG005_GRCh38_1_22_v4.2.1_benchmark: cottas-chunks started — 57 chunks · cottas-build-00057
  Partitioned compression: HG005_GRCh38_1_22_v4.2.1_benchmark: cottas-chunks complete — 58 chunks · cottas-build-00057
  Partitioned compression: HG005_GRCh38_1_22_v4.2.1_benchmark: rdf-scan heartbeat — 176,003,983 triples · 31,138,553,517 bytes read
  Partitioned compression: HG005_GRCh38_1_22_v4.2.1_benchmark: rdf-scan heartbeat — 176,368,294 triples · 31,205,662,459 bytes read
  Partitioned compression: HG005_GRCh38_1_22_v4.2.1_benchmark: rdf-scan heartbeat — 176,732,599 triples · 31,272,771,472 bytes read
  Partitioned compression: HG005_GRCh38_1_22_v4.2.1_benchmark: rdf-scan heartbeat — 177,096,939 triples · 31,339,880,373 bytes read
  Partitioned compression: HG005_GRCh38_1_22_v4.2.1_benchmark: rdf-scan heartbeat — 177,461,294 triples · 31,406,989,353 bytes read
  Partitioned compression: HG005_GRCh38_1_22_v4.2.1_benchmark: rdf-scan heartbeat — 177,825,672 triples · 31,474,098,380 bytes read
  Partitioned compression: HG005_GRCh38_1_22_v4.2.1_benchmark: rdf-scan heartbeat — 178,190,026 triples · 31,541,207,288 bytes read
  Partitioned compression: HG005_GRCh38_1_22_v4.2.1_benchmark: rdf-scan heartbeat — 178,554,367 triples · 31,608,316,242 bytes read
  Partitioned compression: HG005_GRCh38_1_22_v4.2.1_benchmark: rdf-scan chunk — 178,918,493 triples · 59 chunks · 31,675,388,846 bytes read
  Partitioned compression: HG005_GRCh38_1_22_v4.2.1_benchmark: hdt-chunks started — 58 chunks · hdt-build-00058
  Partitioned compression: HG005_GRCh38_1_22_v4.2.1_benchmark: hdt-chunks complete — 59 chunks · hdt-build-00058
  Partitioned compression: HG005_GRCh38_1_22_v4.2.1_benchmark: cottas-chunks started — 58 chunks · cottas-build-00058
  Partitioned compression: HG005_GRCh38_1_22_v4.2.1_benchmark: cottas-chunks complete — 59 chunks · cottas-build-00058
  Partitioned compression: HG005_GRCh38_1_22_v4.2.1_benchmark: rdf-scan heartbeat — 178,918,691 triples · 31,675,425,259 bytes read
  Partitioned compression: HG005_GRCh38_1_22_v4.2.1_benchmark: rdf-scan heartbeat — 179,283,029 triples · 31,742,534,147 bytes read
  Partitioned compression: HG005_GRCh38_1_22_v4.2.1_benchmark: rdf-scan heartbeat — 179,647,377 triples · 31,809,643,138 bytes read
  Partitioned compression: HG005_GRCh38_1_22_v4.2.1_benchmark: rdf-scan heartbeat — 180,011,709 triples · 31,876,752,051 bytes read
  Partitioned compression: HG005_GRCh38_1_22_v4.2.1_benchmark: rdf-scan heartbeat — 180,376,003 triples · 31,943,861,041 bytes read
  Partitioned compression: HG005_GRCh38_1_22_v4.2.1_benchmark: rdf-scan heartbeat — 180,740,322 triples · 32,010,969,954 bytes read
  Partitioned compression: HG005_GRCh38_1_22_v4.2.1_benchmark: rdf-scan heartbeat — 181,104,626 triples · 32,078,078,957 bytes read
  Partitioned compression: HG005_GRCh38_1_22_v4.2.1_benchmark: rdf-scan heartbeat — 181,468,930 triples · 32,145,188,010 bytes read
  Partitioned compression: HG005_GRCh38_1_22_v4.2.1_benchmark: rdf-scan chunk — 181,833,048 triples · 60 chunks · 32,212,259,863 bytes read
  Partitioned compression: HG005_GRCh38_1_22_v4.2.1_benchmark: hdt-chunks started — 59 chunks · hdt-build-00059
  Partitioned compression: HG005_GRCh38_1_22_v4.2.1_benchmark: hdt-chunks complete — 60 chunks · hdt-build-00059
  Partitioned compression: HG005_GRCh38_1_22_v4.2.1_benchmark: cottas-chunks started — 59 chunks · cottas-build-00059
  Partitioned compression: HG005_GRCh38_1_22_v4.2.1_benchmark: cottas-chunks complete — 60 chunks · cottas-build-00059
  Partitioned compression: HG005_GRCh38_1_22_v4.2.1_benchmark: rdf-scan heartbeat — 181,833,249 triples · 32,212,296,904 bytes read
  Partitioned compression: HG005_GRCh38_1_22_v4.2.1_benchmark: rdf-scan heartbeat — 182,197,591 triples · 32,279,405,780 bytes read
  Partitioned compression: HG005_GRCh38_1_22_v4.2.1_benchmark: rdf-scan heartbeat — 182,561,976 triples · 32,346,514,735 bytes read
  Partitioned compression: HG005_GRCh38_1_22_v4.2.1_benchmark: rdf-scan heartbeat — 182,926,261 triples · 32,413,623,685 bytes read
  Partitioned compression: HG005_GRCh38_1_22_v4.2.1_benchmark: rdf-scan heartbeat — 183,290,575 triples · 32,480,732,638 bytes read
  Partitioned compression: HG005_GRCh38_1_22_v4.2.1_benchmark: rdf-scan heartbeat — 183,654,888 triples · 32,547,841,578 bytes read
  Partitioned compression: HG005_GRCh38_1_22_v4.2.1_benchmark: rdf-scan heartbeat — 184,019,187 triples · 32,614,950,466 bytes read
  Partitioned compression: HG005_GRCh38_1_22_v4.2.1_benchmark: rdf-scan heartbeat — 184,383,514 triples · 32,682,059,358 bytes read
  Partitioned compression: HG005_GRCh38_1_22_v4.2.1_benchmark: rdf-scan chunk — 184,747,599 triples · 61 chunks · 32,749,130,966 bytes read
  Partitioned compression: HG005_GRCh38_1_22_v4.2.1_benchmark: hdt-chunks started — 60 chunks · hdt-build-00060
  Partitioned compression: HG005_GRCh38_1_22_v4.2.1_benchmark: hdt-chunks complete — 61 chunks · hdt-build-00060
  Partitioned compression: HG005_GRCh38_1_22_v4.2.1_benchmark: cottas-chunks started — 60 chunks · cottas-build-00060
  Partitioned compression: HG005_GRCh38_1_22_v4.2.1_benchmark: cottas-chunks complete — 61 chunks · cottas-build-00060
  Partitioned compression: HG005_GRCh38_1_22_v4.2.1_benchmark: rdf-scan heartbeat — 184,747,802 triples · 32,749,168,377 bytes read
  Partitioned compression: HG005_GRCh38_1_22_v4.2.1_benchmark: rdf-scan heartbeat — 185,112,095 triples · 32,816,277,309 bytes read
  Partitioned compression: HG005_GRCh38_1_22_v4.2.1_benchmark: rdf-scan heartbeat — 185,476,393 triples · 32,883,386,236 bytes read
  Partitioned compression: HG005_GRCh38_1_22_v4.2.1_benchmark: rdf-scan heartbeat — 185,840,710 triples · 32,950,495,183 bytes read
  Partitioned compression: HG005_GRCh38_1_22_v4.2.1_benchmark: rdf-scan heartbeat — 186,205,006 triples · 33,017,604,065 bytes read
  Partitioned compression: HG005_GRCh38_1_22_v4.2.1_benchmark: rdf-scan heartbeat — 186,569,295 triples · 33,084,713,033 bytes read
  Partitioned compression: HG005_GRCh38_1_22_v4.2.1_benchmark: rdf-scan heartbeat — 186,933,579 triples · 33,151,821,971 bytes read
  Partitioned compression: HG005_GRCh38_1_22_v4.2.1_benchmark: rdf-scan heartbeat — 187,297,870 triples · 33,218,930,936 bytes read
  Partitioned compression: HG005_GRCh38_1_22_v4.2.1_benchmark: rdf-scan chunk — 187,661,960 triples · 62 chunks · 33,286,002,016 bytes read
  Partitioned compression: HG005_GRCh38_1_22_v4.2.1_benchmark: hdt-chunks started — 61 chunks · hdt-build-00061
  Partitioned compression: HG005_GRCh38_1_22_v4.2.1_benchmark: hdt-chunks complete — 62 chunks · hdt-build-00061
  Partitioned compression: HG005_GRCh38_1_22_v4.2.1_benchmark: cottas-chunks started — 61 chunks · cottas-build-00061
  Partitioned compression: HG005_GRCh38_1_22_v4.2.1_benchmark: cottas-chunks complete — 62 chunks · cottas-build-00061
  Partitioned compression: HG005_GRCh38_1_22_v4.2.1_benchmark: rdf-scan heartbeat — 187,662,165 triples · 33,286,039,828 bytes read
  Partitioned compression: HG005_GRCh38_1_22_v4.2.1_benchmark: rdf-scan heartbeat — 188,026,486 triples · 33,353,148,785 bytes read
  Partitioned compression: HG005_GRCh38_1_22_v4.2.1_benchmark: rdf-scan heartbeat — 188,390,817 triples · 33,420,257,756 bytes read
  Partitioned compression: HG005_GRCh38_1_22_v4.2.1_benchmark: rdf-scan heartbeat — 188,755,150 triples · 33,487,366,770 bytes read
  Partitioned compression: HG005_GRCh38_1_22_v4.2.1_benchmark: rdf-scan heartbeat — 189,119,494 triples · 33,554,475,717 bytes read
  Partitioned compression: HG005_GRCh38_1_22_v4.2.1_benchmark: rdf-scan heartbeat — 189,483,852 triples · 33,621,584,694 bytes read
  Partitioned compression: HG005_GRCh38_1_22_v4.2.1_benchmark: rdf-scan heartbeat — 189,848,171 triples · 33,688,693,731 bytes read
  Partitioned compression: HG005_GRCh38_1_22_v4.2.1_benchmark: rdf-scan heartbeat — 190,212,495 triples · 33,755,802,686 bytes read
  Partitioned compression: HG005_GRCh38_1_22_v4.2.1_benchmark: rdf-scan chunk — 190,576,631 triples · 63 chunks · 33,822,873,088 bytes read
  Partitioned compression: HG005_GRCh38_1_22_v4.2.1_benchmark: hdt-chunks started — 62 chunks · hdt-build-00062
  Partitioned compression: HG005_GRCh38_1_22_v4.2.1_benchmark: hdt-chunks complete — 63 chunks · hdt-build-00062
  Partitioned compression: HG005_GRCh38_1_22_v4.2.1_benchmark: cottas-chunks started — 62 chunks · cottas-build-00062
  Partitioned compression: HG005_GRCh38_1_22_v4.2.1_benchmark: cottas-chunks complete — 63 chunks · cottas-build-00062
  Partitioned compression: HG005_GRCh38_1_22_v4.2.1_benchmark: rdf-scan heartbeat — 190,576,840 triples · 33,822,911,679 bytes read
  Partitioned compression: HG005_GRCh38_1_22_v4.2.1_benchmark: rdf-scan heartbeat — 190,941,141 triples · 33,890,020,574 bytes read
  Partitioned compression: HG005_GRCh38_1_22_v4.2.1_benchmark: rdf-scan heartbeat — 191,305,424 triples · 33,957,129,445 bytes read
  Partitioned compression: HG005_GRCh38_1_22_v4.2.1_benchmark: rdf-scan heartbeat — 191,669,744 triples · 34,024,238,316 bytes read
  Partitioned compression: HG005_GRCh38_1_22_v4.2.1_benchmark: rdf-scan heartbeat — 192,034,058 triples · 34,091,347,347 bytes read
  Partitioned compression: HG005_GRCh38_1_22_v4.2.1_benchmark: rdf-scan heartbeat — 192,398,367 triples · 34,158,456,373 bytes read
  Partitioned compression: HG005_GRCh38_1_22_v4.2.1_benchmark: rdf-scan heartbeat — 192,762,698 triples · 34,225,565,299 bytes read
  Partitioned compression: HG005_GRCh38_1_22_v4.2.1_benchmark: rdf-scan heartbeat — 193,127,020 triples · 34,292,674,236 bytes read
  Partitioned compression: HG005_GRCh38_1_22_v4.2.1_benchmark: rdf-scan chunk — 193,491,193 triples · 64 chunks · 34,359,744,207 bytes read
  Partitioned compression: HG005_GRCh38_1_22_v4.2.1_benchmark: hdt-chunks started — 63 chunks · hdt-build-00063
  Partitioned compression: HG005_GRCh38_1_22_v4.2.1_benchmark: hdt-chunks complete — 64 chunks · hdt-build-00063
  Partitioned compression: HG005_GRCh38_1_22_v4.2.1_benchmark: cottas-chunks started — 63 chunks · cottas-build-00063
  Partitioned compression: HG005_GRCh38_1_22_v4.2.1_benchmark: cottas-chunks complete — 64 chunks · cottas-build-00063
  Partitioned compression: HG005_GRCh38_1_22_v4.2.1_benchmark: rdf-scan heartbeat — 193,491,405 triples · 34,359,783,262 bytes read
  Partitioned compression: HG005_GRCh38_1_22_v4.2.1_benchmark: rdf-scan heartbeat — 193,855,760 triples · 34,426,892,306 bytes read
  Partitioned compression: HG005_GRCh38_1_22_v4.2.1_benchmark: rdf-scan heartbeat — 194,220,140 triples · 34,494,001,170 bytes read
  Partitioned compression: HG005_GRCh38_1_22_v4.2.1_benchmark: rdf-scan heartbeat — 194,584,513 triples · 34,561,110,050 bytes read
  Partitioned compression: HG005_GRCh38_1_22_v4.2.1_benchmark: rdf-scan heartbeat — 194,948,836 triples · 34,628,218,983 bytes read
  Partitioned compression: HG005_GRCh38_1_22_v4.2.1_benchmark: rdf-scan heartbeat — 195,313,151 triples · 34,695,327,943 bytes read
  Partitioned compression: HG005_GRCh38_1_22_v4.2.1_benchmark: rdf-scan heartbeat — 195,677,449 triples · 34,762,436,846 bytes read
  Partitioned compression: HG005_GRCh38_1_22_v4.2.1_benchmark: rdf-scan heartbeat — 196,041,731 triples · 34,829,545,812 bytes read
  Partitioned compression: HG005_GRCh38_1_22_v4.2.1_benchmark: rdf-scan chunk — 196,405,838 triples · 65 chunks · 34,896,615,263 bytes read
  Partitioned compression: HG005_GRCh38_1_22_v4.2.1_benchmark: hdt-chunks started — 64 chunks · hdt-build-00064
  Partitioned compression: HG005_GRCh38_1_22_v4.2.1_benchmark: hdt-chunks complete — 65 chunks · hdt-build-00064
  Partitioned compression: HG005_GRCh38_1_22_v4.2.1_benchmark: cottas-chunks started — 64 chunks · cottas-build-00064
  Partitioned compression: HG005_GRCh38_1_22_v4.2.1_benchmark: cottas-chunks complete — 65 chunks · cottas-build-00064
  Partitioned compression: HG005_GRCh38_1_22_v4.2.1_benchmark: rdf-scan heartbeat — 196,406,052 triples · 34,896,654,756 bytes read
  Partitioned compression: HG005_GRCh38_1_22_v4.2.1_benchmark: rdf-scan heartbeat — 196,770,385 triples · 34,963,763,756 bytes read
  Partitioned compression: HG005_GRCh38_1_22_v4.2.1_benchmark: rdf-scan heartbeat — 197,134,692 triples · 35,030,872,775 bytes read
  Partitioned compression: HG005_GRCh38_1_22_v4.2.1_benchmark: rdf-scan heartbeat — 197,498,960 triples · 35,097,981,754 bytes read
  Partitioned compression: HG005_GRCh38_1_22_v4.2.1_benchmark: rdf-scan heartbeat — 197,863,274 triples · 35,165,090,688 bytes read
  Partitioned compression: HG005_GRCh38_1_22_v4.2.1_benchmark: rdf-scan heartbeat — 198,227,601 triples · 35,232,199,642 bytes read
  Partitioned compression: HG005_GRCh38_1_22_v4.2.1_benchmark: rdf-scan heartbeat — 198,591,888 triples · 35,299,308,703 bytes read
  Partitioned compression: HG005_GRCh38_1_22_v4.2.1_benchmark: rdf-scan heartbeat — 198,956,181 triples · 35,366,417,614 bytes read
  Partitioned compression: HG005_GRCh38_1_22_v4.2.1_benchmark: rdf-scan chunk — 199,320,250 triples · 66 chunks · 35,433,486,324 bytes read
  Partitioned compression: HG005_GRCh38_1_22_v4.2.1_benchmark: hdt-chunks started — 65 chunks · hdt-build-00065
  Partitioned compression: HG005_GRCh38_1_22_v4.2.1_benchmark: hdt-chunks complete — 66 chunks · hdt-build-00065
  Partitioned compression: HG005_GRCh38_1_22_v4.2.1_benchmark: cottas-chunks started — 65 chunks · cottas-build-00065
  Partitioned compression: HG005_GRCh38_1_22_v4.2.1_benchmark: cottas-chunks complete — 66 chunks · cottas-build-00065
  Partitioned compression: HG005_GRCh38_1_22_v4.2.1_benchmark: rdf-scan heartbeat — 199,320,469 triples · 35,433,526,635 bytes read
  Partitioned compression: HG005_GRCh38_1_22_v4.2.1_benchmark: rdf-scan heartbeat — 199,684,775 triples · 35,500,635,543 bytes read
  Partitioned compression: HG005_GRCh38_1_22_v4.2.1_benchmark: rdf-scan heartbeat — 200,049,084 triples · 35,567,744,508 bytes read
  Partitioned compression: HG005_GRCh38_1_22_v4.2.1_benchmark: rdf-scan heartbeat — 200,413,427 triples · 35,634,853,509 bytes read
  Partitioned compression: HG005_GRCh38_1_22_v4.2.1_benchmark: rdf-scan heartbeat — 200,777,747 triples · 35,701,962,519 bytes read
  Partitioned compression: HG005_GRCh38_1_22_v4.2.1_benchmark: rdf-scan heartbeat — 201,142,081 triples · 35,769,071,395 bytes read
  Partitioned compression: HG005_GRCh38_1_22_v4.2.1_benchmark: rdf-scan heartbeat — 201,506,419 triples · 35,836,180,358 bytes read
  Partitioned compression: HG005_GRCh38_1_22_v4.2.1_benchmark: rdf-scan heartbeat — 201,870,777 triples · 35,903,289,272 bytes read
  Partitioned compression: HG005_GRCh38_1_22_v4.2.1_benchmark: rdf-scan chunk — 202,234,948 triples · 67 chunks · 35,970,357,358 bytes read
  Partitioned compression: HG005_GRCh38_1_22_v4.2.1_benchmark: hdt-chunks started — 66 chunks · hdt-build-00066
  Partitioned compression: HG005_GRCh38_1_22_v4.2.1_benchmark: hdt-chunks complete — 67 chunks · hdt-build-00066
  Partitioned compression: HG005_GRCh38_1_22_v4.2.1_benchmark: cottas-chunks started — 66 chunks · cottas-build-00066
  Partitioned compression: HG005_GRCh38_1_22_v4.2.1_benchmark: cottas-chunks complete — 67 chunks · cottas-build-00066
  Partitioned compression: HG005_GRCh38_1_22_v4.2.1_benchmark: rdf-scan heartbeat — 202,235,170 triples · 35,970,398,170 bytes read
  Partitioned compression: HG005_GRCh38_1_22_v4.2.1_benchmark: rdf-scan heartbeat — 202,599,541 triples · 36,037,507,161 bytes read
  Partitioned compression: HG005_GRCh38_1_22_v4.2.1_benchmark: rdf-scan heartbeat — 202,963,867 triples · 36,104,616,182 bytes read
  Partitioned compression: HG005_GRCh38_1_22_v4.2.1_benchmark: rdf-scan heartbeat — 203,328,175 triples · 36,171,725,143 bytes read
  Partitioned compression: HG005_GRCh38_1_22_v4.2.1_benchmark: rdf-scan heartbeat — 203,692,470 triples · 36,238,834,177 bytes read
  Partitioned compression: HG005_GRCh38_1_22_v4.2.1_benchmark: rdf-scan heartbeat — 204,056,792 triples · 36,305,943,073 bytes read
  Partitioned compression: HG005_GRCh38_1_22_v4.2.1_benchmark: rdf-scan heartbeat — 204,421,105 triples · 36,373,052,138 bytes read
  Partitioned compression: HG005_GRCh38_1_22_v4.2.1_benchmark: rdf-scan heartbeat — 204,785,492 triples · 36,440,161,155 bytes read
  Partitioned compression: HG005_GRCh38_1_22_v4.2.1_benchmark: rdf-scan chunk — 205,149,625 triples · 68 chunks · 36,507,228,454 bytes read
  Partitioned compression: HG005_GRCh38_1_22_v4.2.1_benchmark: hdt-chunks started — 67 chunks · hdt-build-00067
  Partitioned compression: HG005_GRCh38_1_22_v4.2.1_benchmark: hdt-chunks complete — 68 chunks · hdt-build-00067
  Partitioned compression: HG005_GRCh38_1_22_v4.2.1_benchmark: cottas-chunks started — 67 chunks · cottas-build-00067
  Partitioned compression: HG005_GRCh38_1_22_v4.2.1_benchmark: cottas-chunks complete — 68 chunks · cottas-build-00067
  Partitioned compression: HG005_GRCh38_1_22_v4.2.1_benchmark: rdf-scan heartbeat — 205,149,851 triples · 36,507,270,172 bytes read
  Partitioned compression: HG005_GRCh38_1_22_v4.2.1_benchmark: rdf-scan heartbeat — 205,514,139 triples · 36,574,379,181 bytes read
  Partitioned compression: HG005_GRCh38_1_22_v4.2.1_benchmark: rdf-scan heartbeat — 205,878,472 triples · 36,641,488,242 bytes read
  Partitioned compression: HG005_GRCh38_1_22_v4.2.1_benchmark: rdf-scan heartbeat — 206,242,810 triples · 36,708,597,117 bytes read
  Partitioned compression: HG005_GRCh38_1_22_v4.2.1_benchmark: rdf-scan heartbeat — 206,607,104 triples · 36,775,706,113 bytes read
  Partitioned compression: HG005_GRCh38_1_22_v4.2.1_benchmark: rdf-scan heartbeat — 206,971,471 triples · 36,842,815,001 bytes read
  Partitioned compression: HG005_GRCh38_1_22_v4.2.1_benchmark: rdf-scan heartbeat — 207,335,807 triples · 36,909,923,903 bytes read
  Partitioned compression: HG005_GRCh38_1_22_v4.2.1_benchmark: rdf-scan heartbeat — 207,700,124 triples · 36,977,032,826 bytes read
  Partitioned compression: HG005_GRCh38_1_22_v4.2.1_benchmark: rdf-scan chunk — 208,064,218 triples · 69 chunks · 37,044,099,376 bytes read
  Partitioned compression: HG005_GRCh38_1_22_v4.2.1_benchmark: hdt-chunks started — 68 chunks · hdt-build-00068
  Partitioned compression: HG005_GRCh38_1_22_v4.2.1_benchmark: hdt-chunks complete — 69 chunks · hdt-build-00068
  Partitioned compression: HG005_GRCh38_1_22_v4.2.1_benchmark: cottas-chunks started — 68 chunks · cottas-build-00068
  Partitioned compression: HG005_GRCh38_1_22_v4.2.1_benchmark: cottas-chunks complete — 69 chunks · cottas-build-00068
  Partitioned compression: HG005_GRCh38_1_22_v4.2.1_benchmark: rdf-scan heartbeat — 208,064,448 triples · 37,044,141,797 bytes read
  Partitioned compression: HG005_GRCh38_1_22_v4.2.1_benchmark: rdf-scan heartbeat — 208,428,794 triples · 37,111,250,732 bytes read
  Partitioned compression: HG005_GRCh38_1_22_v4.2.1_benchmark: rdf-scan heartbeat — 208,793,095 triples · 37,178,359,634 bytes read
  Partitioned compression: HG005_GRCh38_1_22_v4.2.1_benchmark: rdf-scan heartbeat — 209,157,396 triples · 37,245,468,560 bytes read
  Partitioned compression: HG005_GRCh38_1_22_v4.2.1_benchmark: rdf-scan heartbeat — 209,521,712 triples · 37,312,577,460 bytes read
  Partitioned compression: HG005_GRCh38_1_22_v4.2.1_benchmark: rdf-scan heartbeat — 209,886,042 triples · 37,379,686,396 bytes read
  Partitioned compression: HG005_GRCh38_1_22_v4.2.1_benchmark: rdf-scan heartbeat — 210,250,389 triples · 37,446,795,360 bytes read
  Partitioned compression: HG005_GRCh38_1_22_v4.2.1_benchmark: rdf-scan heartbeat — 210,614,709 triples · 37,513,904,290 bytes read
  Partitioned compression: HG005_GRCh38_1_22_v4.2.1_benchmark: rdf-scan chunk — 210,978,826 triples · 70 chunks · 37,580,970,465 bytes read
  Partitioned compression: HG005_GRCh38_1_22_v4.2.1_benchmark: hdt-chunks started — 69 chunks · hdt-build-00069
  Partitioned compression: HG005_GRCh38_1_22_v4.2.1_benchmark: hdt-chunks complete — 70 chunks · hdt-build-00069
  Partitioned compression: HG005_GRCh38_1_22_v4.2.1_benchmark: cottas-chunks started — 69 chunks · cottas-build-00069
  Partitioned compression: HG005_GRCh38_1_22_v4.2.1_benchmark: cottas-chunks complete — 70 chunks · cottas-build-00069
  Partitioned compression: HG005_GRCh38_1_22_v4.2.1_benchmark: rdf-scan heartbeat — 210,979,059 triples · 37,581,013,278 bytes read
  Partitioned compression: HG005_GRCh38_1_22_v4.2.1_benchmark: rdf-scan heartbeat — 211,343,375 triples · 37,648,122,318 bytes read
  Partitioned compression: HG005_GRCh38_1_22_v4.2.1_benchmark: rdf-scan heartbeat — 211,707,724 triples · 37,715,231,324 bytes read
  Partitioned compression: HG005_GRCh38_1_22_v4.2.1_benchmark: rdf-scan heartbeat — 212,072,025 triples · 37,782,340,207 bytes read
  Partitioned compression: HG005_GRCh38_1_22_v4.2.1_benchmark: rdf-scan heartbeat — 212,436,334 triples · 37,849,449,076 bytes read
  Partitioned compression: HG005_GRCh38_1_22_v4.2.1_benchmark: rdf-scan heartbeat — 212,800,651 triples · 37,916,558,044 bytes read
  Partitioned compression: HG005_GRCh38_1_22_v4.2.1_benchmark: rdf-scan heartbeat — 213,164,991 triples · 37,983,667,072 bytes read
  Partitioned compression: HG005_GRCh38_1_22_v4.2.1_benchmark: rdf-scan heartbeat — 213,529,299 triples · 38,050,776,115 bytes read
  Partitioned compression: HG005_GRCh38_1_22_v4.2.1_benchmark: rdf-scan chunk — 213,893,377 triples · 71 chunks · 38,117,841,556 bytes read
  Partitioned compression: HG005_GRCh38_1_22_v4.2.1_benchmark: hdt-chunks started — 70 chunks · hdt-build-00070
  Partitioned compression: HG005_GRCh38_1_22_v4.2.1_benchmark: hdt-chunks complete — 71 chunks · hdt-build-00070
  Partitioned compression: HG005_GRCh38_1_22_v4.2.1_benchmark: cottas-chunks started — 70 chunks · cottas-build-00070
  Partitioned compression: HG005_GRCh38_1_22_v4.2.1_benchmark: cottas-chunks complete — 71 chunks · cottas-build-00070
  Partitioned compression: HG005_GRCh38_1_22_v4.2.1_benchmark: rdf-scan heartbeat — 213,893,612 triples · 38,117,884,990 bytes read
  Partitioned compression: HG005_GRCh38_1_22_v4.2.1_benchmark: rdf-scan heartbeat — 214,257,937 triples · 38,184,993,866 bytes read
  Partitioned compression: HG005_GRCh38_1_22_v4.2.1_benchmark: rdf-scan heartbeat — 214,622,245 triples · 38,252,102,865 bytes read
  Partitioned compression: HG005_GRCh38_1_22_v4.2.1_benchmark: rdf-scan heartbeat — 214,986,591 triples · 38,319,211,783 bytes read
  Partitioned compression: HG005_GRCh38_1_22_v4.2.1_benchmark: rdf-scan heartbeat — 215,350,918 triples · 38,386,320,751 bytes read
  Partitioned compression: HG005_GRCh38_1_22_v4.2.1_benchmark: rdf-scan heartbeat — 215,715,310 triples · 38,453,429,742 bytes read
  Partitioned compression: HG005_GRCh38_1_22_v4.2.1_benchmark: rdf-scan heartbeat — 216,079,628 triples · 38,520,538,769 bytes read
  Partitioned compression: HG005_GRCh38_1_22_v4.2.1_benchmark: rdf-scan heartbeat — 216,443,952 triples · 38,587,647,680 bytes read
  Partitioned compression: HG005_GRCh38_1_22_v4.2.1_benchmark: rdf-scan chunk — 216,808,042 triples · 72 chunks · 38,654,712,558 bytes read
  Partitioned compression: HG005_GRCh38_1_22_v4.2.1_benchmark: hdt-chunks started — 71 chunks · hdt-build-00071
  Partitioned compression: HG005_GRCh38_1_22_v4.2.1_benchmark: hdt-chunks complete — 72 chunks · hdt-build-00071
  Partitioned compression: HG005_GRCh38_1_22_v4.2.1_benchmark: cottas-chunks started — 71 chunks · cottas-build-00071
  Partitioned compression: HG005_GRCh38_1_22_v4.2.1_benchmark: cottas-chunks complete — 72 chunks · cottas-build-00071
  Partitioned compression: HG005_GRCh38_1_22_v4.2.1_benchmark: rdf-scan heartbeat — 216,808,281 triples · 38,654,756,707 bytes read
  Partitioned compression: HG005_GRCh38_1_22_v4.2.1_benchmark: rdf-scan heartbeat — 217,172,604 triples · 38,721,865,592 bytes read
  Partitioned compression: HG005_GRCh38_1_22_v4.2.1_benchmark: rdf-scan heartbeat — 217,536,893 triples · 38,788,974,628 bytes read
  Partitioned compression: HG005_GRCh38_1_22_v4.2.1_benchmark: rdf-scan heartbeat — 217,901,248 triples · 38,856,083,612 bytes read
  Partitioned compression: HG005_GRCh38_1_22_v4.2.1_benchmark: rdf-scan heartbeat — 218,265,619 triples · 38,923,192,599 bytes read
  Partitioned compression: HG005_GRCh38_1_22_v4.2.1_benchmark: rdf-scan heartbeat — 218,629,907 triples · 38,990,301,609 bytes read
  Partitioned compression: HG005_GRCh38_1_22_v4.2.1_benchmark: rdf-scan heartbeat — 218,994,214 triples · 39,057,410,578 bytes read
  Partitioned compression: HG005_GRCh38_1_22_v4.2.1_benchmark: rdf-scan heartbeat — 219,358,498 triples · 39,124,519,550 bytes read
  Partitioned compression: HG005_GRCh38_1_22_v4.2.1_benchmark: rdf-scan chunk — 219,722,583 triples · 73 chunks · 39,191,583,587 bytes read
  Partitioned compression: HG005_GRCh38_1_22_v4.2.1_benchmark: hdt-chunks started — 72 chunks · hdt-build-00072
  Partitioned compression: HG005_GRCh38_1_22_v4.2.1_benchmark: hdt-chunks complete — 73 chunks · hdt-build-00072
  Partitioned compression: HG005_GRCh38_1_22_v4.2.1_benchmark: cottas-chunks started — 72 chunks · cottas-build-00072
  Partitioned compression: HG005_GRCh38_1_22_v4.2.1_benchmark: cottas-chunks complete — 73 chunks · cottas-build-00072
  Partitioned compression: HG005_GRCh38_1_22_v4.2.1_benchmark: rdf-scan heartbeat — 219,722,827 triples · 39,191,628,577 bytes read
  Partitioned compression: HG005_GRCh38_1_22_v4.2.1_benchmark: rdf-scan heartbeat — 220,087,151 triples · 39,258,737,539 bytes read
  Partitioned compression: HG005_GRCh38_1_22_v4.2.1_benchmark: rdf-scan heartbeat — 220,451,447 triples · 39,325,846,507 bytes read
  Partitioned compression: HG005_GRCh38_1_22_v4.2.1_benchmark: rdf-scan heartbeat — 220,815,754 triples · 39,392,955,508 bytes read
  Partitioned compression: HG005_GRCh38_1_22_v4.2.1_benchmark: rdf-scan heartbeat — 221,180,039 triples · 39,460,064,447 bytes read
  Partitioned compression: HG005_GRCh38_1_22_v4.2.1_benchmark: rdf-scan heartbeat — 221,544,360 triples · 39,527,173,419 bytes read
  Partitioned compression: HG005_GRCh38_1_22_v4.2.1_benchmark: rdf-scan heartbeat — 221,908,656 triples · 39,594,282,487 bytes read
  Partitioned compression: HG005_GRCh38_1_22_v4.2.1_benchmark: rdf-scan heartbeat — 222,272,955 triples · 39,661,391,454 bytes read
  Partitioned compression: HG005_GRCh38_1_22_v4.2.1_benchmark: rdf-scan chunk — 222,636,984 triples · 74 chunks · 39,728,454,610 bytes read
  Partitioned compression: HG005_GRCh38_1_22_v4.2.1_benchmark: hdt-chunks started — 73 chunks · hdt-build-00073
  Partitioned compression: HG005_GRCh38_1_22_v4.2.1_benchmark: hdt-chunks complete — 74 chunks · hdt-build-00073
  Partitioned compression: HG005_GRCh38_1_22_v4.2.1_benchmark: cottas-chunks started — 73 chunks · cottas-build-00073
  Partitioned compression: HG005_GRCh38_1_22_v4.2.1_benchmark: cottas-chunks complete — 74 chunks · cottas-build-00073
  Partitioned compression: HG005_GRCh38_1_22_v4.2.1_benchmark: rdf-scan heartbeat — 222,637,233 triples · 39,728,500,382 bytes read
  Partitioned compression: HG005_GRCh38_1_22_v4.2.1_benchmark: rdf-scan heartbeat — 223,001,527 triples · 39,795,609,426 bytes read
  Partitioned compression: HG005_GRCh38_1_22_v4.2.1_benchmark: rdf-scan heartbeat — 223,365,820 triples · 39,862,718,312 bytes read
  Partitioned compression: HG005_GRCh38_1_22_v4.2.1_benchmark: rdf-scan heartbeat — 223,730,112 triples · 39,929,827,259 bytes read
  Partitioned compression: HG005_GRCh38_1_22_v4.2.1_benchmark: rdf-scan heartbeat — 224,094,388 triples · 39,996,936,138 bytes read
  Partitioned compression: HG005_GRCh38_1_22_v4.2.1_benchmark: rdf-scan heartbeat — 224,458,668 triples · 40,064,045,154 bytes read
  Partitioned compression: HG005_GRCh38_1_22_v4.2.1_benchmark: rdf-scan heartbeat — 224,822,938 triples · 40,131,154,052 bytes read
  Partitioned compression: HG005_GRCh38_1_22_v4.2.1_benchmark: rdf-scan heartbeat — 225,187,229 triples · 40,198,263,071 bytes read
  Partitioned compression: HG005_GRCh38_1_22_v4.2.1_benchmark: rdf-scan chunk — 225,551,251 triples · 75 chunks · 40,265,325,682 bytes read
  Partitioned compression: HG005_GRCh38_1_22_v4.2.1_benchmark: hdt-chunks started — 74 chunks · hdt-build-00074
  Partitioned compression: HG005_GRCh38_1_22_v4.2.1_benchmark: hdt-chunks complete — 75 chunks · hdt-build-00074
  Partitioned compression: HG005_GRCh38_1_22_v4.2.1_benchmark: cottas-chunks started — 74 chunks · cottas-build-00074
  Partitioned compression: HG005_GRCh38_1_22_v4.2.1_benchmark: cottas-chunks complete — 75 chunks · cottas-build-00074
  Partitioned compression: HG005_GRCh38_1_22_v4.2.1_benchmark: rdf-scan heartbeat — 225,551,503 triples · 40,265,372,097 bytes read
  Partitioned compression: HG005_GRCh38_1_22_v4.2.1_benchmark: rdf-scan heartbeat — 225,915,842 triples · 40,332,480,979 bytes read
  Partitioned compression: HG005_GRCh38_1_22_v4.2.1_benchmark: rdf-scan heartbeat — 226,280,187 triples · 40,399,589,877 bytes read
  Partitioned compression: HG005_GRCh38_1_22_v4.2.1_benchmark: rdf-scan heartbeat — 226,644,534 triples · 40,466,698,750 bytes read
  Partitioned compression: HG005_GRCh38_1_22_v4.2.1_benchmark: rdf-scan heartbeat — 227,008,920 triples · 40,533,807,725 bytes read
  Partitioned compression: HG005_GRCh38_1_22_v4.2.1_benchmark: rdf-scan heartbeat — 227,373,360 triples · 40,600,916,756 bytes read
  Partitioned compression: HG005_GRCh38_1_22_v4.2.1_benchmark: rdf-scan heartbeat — 227,737,727 triples · 40,668,025,782 bytes read
  Partitioned compression: HG005_GRCh38_1_22_v4.2.1_benchmark: rdf-scan heartbeat — 228,102,097 triples · 40,735,134,704 bytes read
  Partitioned compression: HG005_GRCh38_1_22_v4.2.1_benchmark: rdf-scan chunk — 228,466,162 triples · 76 chunks · 40,802,196,684 bytes read
  Partitioned compression: HG005_GRCh38_1_22_v4.2.1_benchmark: hdt-chunks started — 75 chunks · hdt-build-00075
  Partitioned compression: HG005_GRCh38_1_22_v4.2.1_benchmark: hdt-chunks complete — 76 chunks · hdt-build-00075
  Partitioned compression: HG005_GRCh38_1_22_v4.2.1_benchmark: cottas-chunks started — 75 chunks · cottas-build-00075
  Partitioned compression: HG005_GRCh38_1_22_v4.2.1_benchmark: cottas-chunks complete — 76 chunks · cottas-build-00075
  Partitioned compression: HG005_GRCh38_1_22_v4.2.1_benchmark: rdf-scan heartbeat — 228,466,418 triples · 40,802,243,714 bytes read
  Partitioned compression: HG005_GRCh38_1_22_v4.2.1_benchmark: rdf-scan heartbeat — 228,830,729 triples · 40,869,352,641 bytes read
  Partitioned compression: HG005_GRCh38_1_22_v4.2.1_benchmark: rdf-scan heartbeat — 229,195,047 triples · 40,936,461,567 bytes read
  Partitioned compression: HG005_GRCh38_1_22_v4.2.1_benchmark: rdf-scan heartbeat — 229,559,398 triples · 41,003,570,473 bytes read
  Partitioned compression: HG005_GRCh38_1_22_v4.2.1_benchmark: rdf-scan heartbeat — 229,923,693 triples · 41,070,679,438 bytes read
  Partitioned compression: HG005_GRCh38_1_22_v4.2.1_benchmark: rdf-scan heartbeat — 230,287,996 triples · 41,137,788,332 bytes read
  Partitioned compression: HG005_GRCh38_1_22_v4.2.1_benchmark: rdf-scan heartbeat — 230,652,298 triples · 41,204,897,279 bytes read
  Partitioned compression: HG005_GRCh38_1_22_v4.2.1_benchmark: rdf-scan heartbeat — 231,016,568 triples · 41,272,006,325 bytes read
  Partitioned compression: HG005_GRCh38_1_22_v4.2.1_benchmark: rdf-scan chunk — 231,380,637 triples · 77 chunks · 41,339,067,750 bytes read
  Partitioned compression: HG005_GRCh38_1_22_v4.2.1_benchmark: hdt-chunks started — 76 chunks · hdt-build-00076
  Partitioned compression: HG005_GRCh38_1_22_v4.2.1_benchmark: hdt-chunks complete — 77 chunks · hdt-build-00076
  Partitioned compression: HG005_GRCh38_1_22_v4.2.1_benchmark: cottas-chunks started — 76 chunks · cottas-build-00076
  Partitioned compression: HG005_GRCh38_1_22_v4.2.1_benchmark: cottas-chunks complete — 77 chunks · cottas-build-00076
  Partitioned compression: HG005_GRCh38_1_22_v4.2.1_benchmark: rdf-scan heartbeat — 231,380,895 triples · 41,339,115,239 bytes read
  Partitioned compression: HG005_GRCh38_1_22_v4.2.1_benchmark: rdf-scan heartbeat — 231,745,193 triples · 41,406,224,292 bytes read
  Partitioned compression: HG005_GRCh38_1_22_v4.2.1_benchmark: rdf-scan heartbeat — 232,109,495 triples · 41,473,333,251 bytes read
  Partitioned compression: HG005_GRCh38_1_22_v4.2.1_benchmark: rdf-scan heartbeat — 232,473,819 triples · 41,540,442,150 bytes read
  Partitioned compression: HG005_GRCh38_1_22_v4.2.1_benchmark: rdf-scan heartbeat — 232,838,133 triples · 41,607,551,161 bytes read
  Partitioned compression: HG005_GRCh38_1_22_v4.2.1_benchmark: rdf-scan heartbeat — 233,202,463 triples · 41,674,660,031 bytes read
  Partitioned compression: HG005_GRCh38_1_22_v4.2.1_benchmark: rdf-scan heartbeat — 233,566,764 triples · 41,741,768,956 bytes read
  Partitioned compression: HG005_GRCh38_1_22_v4.2.1_benchmark: rdf-scan heartbeat — 233,931,042 triples · 41,808,877,992 bytes read
  Partitioned compression: HG005_GRCh38_1_22_v4.2.1_benchmark: rdf-scan chunk — 234,295,079 triples · 78 chunks · 41,875,938,675 bytes read
  Partitioned compression: HG005_GRCh38_1_22_v4.2.1_benchmark: hdt-chunks started — 77 chunks · hdt-build-00077
  Partitioned compression: HG005_GRCh38_1_22_v4.2.1_benchmark: hdt-chunks complete — 78 chunks · hdt-build-00077
  Partitioned compression: HG005_GRCh38_1_22_v4.2.1_benchmark: cottas-chunks started — 77 chunks · cottas-build-00077
  Partitioned compression: HG005_GRCh38_1_22_v4.2.1_benchmark: cottas-chunks complete — 78 chunks · cottas-build-00077
  Partitioned compression: HG005_GRCh38_1_22_v4.2.1_benchmark: rdf-scan heartbeat — 234,295,341 triples · 41,875,986,907 bytes read
  Partitioned compression: HG005_GRCh38_1_22_v4.2.1_benchmark: rdf-scan heartbeat — 234,659,689 triples · 41,943,095,848 bytes read
  Partitioned compression: HG005_GRCh38_1_22_v4.2.1_benchmark: rdf-scan heartbeat — 235,024,008 triples · 42,010,204,869 bytes read
  Partitioned compression: HG005_GRCh38_1_22_v4.2.1_benchmark: rdf-scan heartbeat — 235,388,301 triples · 42,077,313,871 bytes read
  Partitioned compression: HG005_GRCh38_1_22_v4.2.1_benchmark: rdf-scan heartbeat — 235,752,614 triples · 42,144,422,818 bytes read
  Partitioned compression: HG005_GRCh38_1_22_v4.2.1_benchmark: rdf-scan heartbeat — 236,116,973 triples · 42,211,531,746 bytes read
  Partitioned compression: HG005_GRCh38_1_22_v4.2.1_benchmark: rdf-scan heartbeat — 236,481,292 triples · 42,278,640,789 bytes read
  Partitioned compression: HG005_GRCh38_1_22_v4.2.1_benchmark: rdf-scan heartbeat — 236,845,634 triples · 42,345,749,744 bytes read
  Partitioned compression: HG005_GRCh38_1_22_v4.2.1_benchmark: rdf-scan chunk — 237,209,717 triples · 79 chunks · 42,412,809,773 bytes read
  Partitioned compression: HG005_GRCh38_1_22_v4.2.1_benchmark: hdt-chunks started — 78 chunks · hdt-build-00078
  Partitioned compression: HG005_GRCh38_1_22_v4.2.1_benchmark: hdt-chunks complete — 79 chunks · hdt-build-00078
  Partitioned compression: HG005_GRCh38_1_22_v4.2.1_benchmark: cottas-chunks started — 78 chunks · cottas-build-00078
  Partitioned compression: HG005_GRCh38_1_22_v4.2.1_benchmark: cottas-chunks complete — 79 chunks · cottas-build-00078
  Partitioned compression: HG005_GRCh38_1_22_v4.2.1_benchmark: rdf-scan heartbeat — 237,209,983 triples · 42,412,858,708 bytes read
  Partitioned compression: HG005_GRCh38_1_22_v4.2.1_benchmark: rdf-scan heartbeat — 237,574,335 triples · 42,479,967,756 bytes read
  Partitioned compression: HG005_GRCh38_1_22_v4.2.1_benchmark: rdf-scan heartbeat — 237,938,675 triples · 42,547,076,637 bytes read
  Partitioned compression: HG005_GRCh38_1_22_v4.2.1_benchmark: rdf-scan heartbeat — 238,302,952 triples · 42,614,185,594 bytes read
  Partitioned compression: HG005_GRCh38_1_22_v4.2.1_benchmark: rdf-scan heartbeat — 238,667,278 triples · 42,681,294,543 bytes read
  Partitioned compression: HG005_GRCh38_1_22_v4.2.1_benchmark: rdf-scan heartbeat — 239,031,565 triples · 42,748,403,562 bytes read
  Partitioned compression: HG005_GRCh38_1_22_v4.2.1_benchmark: rdf-scan heartbeat — 239,395,881 triples · 42,815,512,546 bytes read
  Partitioned compression: HG005_GRCh38_1_22_v4.2.1_benchmark: rdf-scan heartbeat — 239,760,165 triples · 42,882,621,543 bytes read
  Partitioned compression: HG005_GRCh38_1_22_v4.2.1_benchmark: rdf-scan chunk — 240,124,201 triples · 80 chunks · 42,949,680,820 bytes read
  Partitioned compression: HG005_GRCh38_1_22_v4.2.1_benchmark: hdt-chunks started — 79 chunks · hdt-build-00079
  Partitioned compression: HG005_GRCh38_1_22_v4.2.1_benchmark: hdt-chunks complete — 80 chunks · hdt-build-00079
  Partitioned compression: HG005_GRCh38_1_22_v4.2.1_benchmark: cottas-chunks started — 79 chunks · cottas-build-00079
  Partitioned compression: HG005_GRCh38_1_22_v4.2.1_benchmark: cottas-chunks complete — 80 chunks · cottas-build-00079
  Partitioned compression: HG005_GRCh38_1_22_v4.2.1_benchmark: rdf-scan heartbeat — 240,124,471 triples · 42,949,730,529 bytes read
  Partitioned compression: HG005_GRCh38_1_22_v4.2.1_benchmark: rdf-scan heartbeat — 240,488,788 triples · 43,016,839,454 bytes read
  Partitioned compression: HG005_GRCh38_1_22_v4.2.1_benchmark: rdf-scan heartbeat — 240,853,092 triples · 43,083,948,326 bytes read
  Partitioned compression: HG005_GRCh38_1_22_v4.2.1_benchmark: rdf-scan heartbeat — 241,217,399 triples · 43,151,057,320 bytes read
  Partitioned compression: HG005_GRCh38_1_22_v4.2.1_benchmark: rdf-scan heartbeat — 241,581,742 triples · 43,218,166,213 bytes read
  Partitioned compression: HG005_GRCh38_1_22_v4.2.1_benchmark: rdf-scan heartbeat — 241,946,020 triples · 43,285,275,120 bytes read
  Partitioned compression: HG005_GRCh38_1_22_v4.2.1_benchmark: rdf-scan heartbeat — 242,310,329 triples · 43,352,384,086 bytes read
  Partitioned compression: HG005_GRCh38_1_22_v4.2.1_benchmark: rdf-scan heartbeat — 242,674,616 triples · 43,419,493,098 bytes read
  Partitioned compression: HG005_GRCh38_1_22_v4.2.1_benchmark: rdf-scan chunk — 243,038,634 triples · 81 chunks · 43,486,551,851 bytes read
  Partitioned compression: HG005_GRCh38_1_22_v4.2.1_benchmark: hdt-chunks started — 80 chunks · hdt-build-00080
  Partitioned compression: HG005_GRCh38_1_22_v4.2.1_benchmark: hdt-chunks complete — 81 chunks · hdt-build-00080
  Partitioned compression: HG005_GRCh38_1_22_v4.2.1_benchmark: cottas-chunks started — 80 chunks · cottas-build-00080
  Partitioned compression: HG005_GRCh38_1_22_v4.2.1_benchmark: cottas-chunks complete — 81 chunks · cottas-build-00080
  Partitioned compression: HG005_GRCh38_1_22_v4.2.1_benchmark: rdf-scan heartbeat — 243,038,907 triples · 43,486,602,126 bytes read
  Partitioned compression: HG005_GRCh38_1_22_v4.2.1_benchmark: rdf-scan heartbeat — 243,403,182 triples · 43,553,711,056 bytes read
  Partitioned compression: HG005_GRCh38_1_22_v4.2.1_benchmark: rdf-scan heartbeat — 243,767,496 triples · 43,620,820,029 bytes read
  Partitioned compression: HG005_GRCh38_1_22_v4.2.1_benchmark: rdf-scan heartbeat — 244,131,790 triples · 43,687,929,011 bytes read
  Partitioned compression: HG005_GRCh38_1_22_v4.2.1_benchmark: rdf-scan heartbeat — 244,496,110 triples · 43,755,038,006 bytes read
  Partitioned compression: HG005_GRCh38_1_22_v4.2.1_benchmark: rdf-scan heartbeat — 244,860,411 triples · 43,822,147,050 bytes read
  Partitioned compression: HG005_GRCh38_1_22_v4.2.1_benchmark: rdf-scan heartbeat — 245,224,717 triples · 43,889,256,087 bytes read
  Partitioned compression: HG005_GRCh38_1_22_v4.2.1_benchmark: rdf-scan heartbeat — 245,589,052 triples · 43,956,365,072 bytes read
  Partitioned compression: HG005_GRCh38_1_22_v4.2.1_benchmark: rdf-scan chunk — 245,953,180 triples · 82 chunks · 44,023,422,814 bytes read
  Partitioned compression: HG005_GRCh38_1_22_v4.2.1_benchmark: hdt-chunks started — 81 chunks · hdt-build-00081
  Partitioned compression: HG005_GRCh38_1_22_v4.2.1_benchmark: hdt-chunks complete — 82 chunks · hdt-build-00081
  Partitioned compression: HG005_GRCh38_1_22_v4.2.1_benchmark: cottas-chunks started — 81 chunks · cottas-build-00081
  Partitioned compression: HG005_GRCh38_1_22_v4.2.1_benchmark: cottas-chunks complete — 82 chunks · cottas-build-00081
  Partitioned compression: HG005_GRCh38_1_22_v4.2.1_benchmark: rdf-scan heartbeat — 245,953,458 triples · 44,023,474,076 bytes read
  Partitioned compression: HG005_GRCh38_1_22_v4.2.1_benchmark: rdf-scan heartbeat — 246,317,812 triples · 44,090,583,131 bytes read
  Partitioned compression: HG005_GRCh38_1_22_v4.2.1_benchmark: rdf-scan heartbeat — 246,682,160 triples · 44,157,692,107 bytes read
  Partitioned compression: HG005_GRCh38_1_22_v4.2.1_benchmark: rdf-scan heartbeat — 247,046,497 triples · 44,224,801,093 bytes read
  Partitioned compression: HG005_GRCh38_1_22_v4.2.1_benchmark: rdf-scan heartbeat — 247,410,819 triples · 44,291,910,031 bytes read
  Partitioned compression: HG005_GRCh38_1_22_v4.2.1_benchmark: rdf-scan heartbeat — 247,775,136 triples · 44,359,018,994 bytes read
  Partitioned compression: HG005_GRCh38_1_22_v4.2.1_benchmark: rdf-scan heartbeat — 248,139,388 triples · 44,426,128,025 bytes read
  Partitioned compression: HG005_GRCh38_1_22_v4.2.1_benchmark: rdf-scan heartbeat — 248,503,698 triples · 44,493,237,003 bytes read
  Partitioned compression: HG005_GRCh38_1_22_v4.2.1_benchmark: rdf-scan chunk — 248,867,748 triples · 83 chunks · 44,560,293,892 bytes read
  Partitioned compression: HG005_GRCh38_1_22_v4.2.1_benchmark: hdt-chunks started — 82 chunks · hdt-build-00082
  Partitioned compression: HG005_GRCh38_1_22_v4.2.1_benchmark: hdt-chunks complete — 83 chunks · hdt-build-00082
  Partitioned compression: HG005_GRCh38_1_22_v4.2.1_benchmark: cottas-chunks started — 82 chunks · cottas-build-00082
  Partitioned compression: HG005_GRCh38_1_22_v4.2.1_benchmark: cottas-chunks complete — 83 chunks · cottas-build-00082
  Partitioned compression: HG005_GRCh38_1_22_v4.2.1_benchmark: rdf-scan heartbeat — 248,868,031 triples · 44,560,346,053 bytes read
  Partitioned compression: HG005_GRCh38_1_22_v4.2.1_benchmark: rdf-scan heartbeat — 249,232,339 triples · 44,627,454,945 bytes read
  Partitioned compression: HG005_GRCh38_1_22_v4.2.1_benchmark: rdf-scan heartbeat — 249,596,664 triples · 44,694,563,917 bytes read
  Partitioned compression: HG005_GRCh38_1_22_v4.2.1_benchmark: rdf-scan heartbeat — 249,960,974 triples · 44,761,672,937 bytes read
  Partitioned compression: HG005_GRCh38_1_22_v4.2.1_benchmark: rdf-scan heartbeat — 250,325,275 triples · 44,828,781,851 bytes read
  Partitioned compression: HG005_GRCh38_1_22_v4.2.1_benchmark: rdf-scan heartbeat — 250,689,628 triples · 44,895,890,817 bytes read
  Partitioned compression: HG005_GRCh38_1_22_v4.2.1_benchmark: rdf-scan heartbeat — 251,053,929 triples · 44,962,999,773 bytes read
  Partitioned compression: HG005_GRCh38_1_22_v4.2.1_benchmark: rdf-scan heartbeat — 251,418,222 triples · 45,030,108,704 bytes read
  Partitioned compression: HG005_GRCh38_1_22_v4.2.1_benchmark: rdf-scan chunk — 251,782,254 triples · 84 chunks · 45,097,164,979 bytes read
  Partitioned compression: HG005_GRCh38_1_22_v4.2.1_benchmark: hdt-chunks started — 83 chunks · hdt-build-00083
  Partitioned compression: HG005_GRCh38_1_22_v4.2.1_benchmark: hdt-chunks complete — 84 chunks · hdt-build-00083
  Partitioned compression: HG005_GRCh38_1_22_v4.2.1_benchmark: cottas-chunks started — 83 chunks · cottas-build-00083
  Partitioned compression: HG005_GRCh38_1_22_v4.2.1_benchmark: cottas-chunks complete — 84 chunks · cottas-build-00083
  Partitioned compression: HG005_GRCh38_1_22_v4.2.1_benchmark: rdf-scan heartbeat — 251,782,540 triples · 45,097,217,673 bytes read
  Partitioned compression: HG005_GRCh38_1_22_v4.2.1_benchmark: rdf-scan heartbeat — 252,146,874 triples · 45,164,326,591 bytes read
  Partitioned compression: HG005_GRCh38_1_22_v4.2.1_benchmark: rdf-scan heartbeat — 252,511,170 triples · 45,231,435,622 bytes read
  Partitioned compression: HG005_GRCh38_1_22_v4.2.1_benchmark: rdf-scan heartbeat — 252,875,485 triples · 45,298,544,646 bytes read
  Partitioned compression: HG005_GRCh38_1_22_v4.2.1_benchmark: rdf-scan heartbeat — 253,239,833 triples · 45,365,653,636 bytes read
  Partitioned compression: HG005_GRCh38_1_22_v4.2.1_benchmark: rdf-scan heartbeat — 253,604,186 triples · 45,432,762,621 bytes read
  Partitioned compression: HG005_GRCh38_1_22_v4.2.1_benchmark: rdf-scan heartbeat — 253,968,557 triples · 45,499,871,663 bytes read
  Partitioned compression: HG005_GRCh38_1_22_v4.2.1_benchmark: rdf-scan heartbeat — 254,332,942 triples · 45,566,980,666 bytes read
  Partitioned compression: HG005_GRCh38_1_22_v4.2.1_benchmark: rdf-scan chunk — 254,696,989 triples · 85 chunks · 45,634,035,936 bytes read
  Partitioned compression: HG005_GRCh38_1_22_v4.2.1_benchmark: hdt-chunks started — 84 chunks · hdt-build-00084
  Partitioned compression: HG005_GRCh38_1_22_v4.2.1_benchmark: hdt-chunks complete — 85 chunks · hdt-build-00084
  Partitioned compression: HG005_GRCh38_1_22_v4.2.1_benchmark: cottas-chunks started — 84 chunks · cottas-build-00084
  Partitioned compression: HG005_GRCh38_1_22_v4.2.1_benchmark: cottas-chunks complete — 85 chunks · cottas-build-00084
  Partitioned compression: HG005_GRCh38_1_22_v4.2.1_benchmark: rdf-scan heartbeat — 254,697,281 triples · 45,634,089,593 bytes read
  Partitioned compression: HG005_GRCh38_1_22_v4.2.1_benchmark: rdf-scan heartbeat — 255,061,604 triples · 45,701,198,483 bytes read
  Partitioned compression: HG005_GRCh38_1_22_v4.2.1_benchmark: rdf-scan heartbeat — 255,425,966 triples · 45,768,307,412 bytes read
  Partitioned compression: HG005_GRCh38_1_22_v4.2.1_benchmark: rdf-scan heartbeat — 255,790,283 triples · 45,835,416,355 bytes read
  Partitioned compression: HG005_GRCh38_1_22_v4.2.1_benchmark: rdf-scan heartbeat — 256,154,592 triples · 45,902,525,320 bytes read
  Partitioned compression: HG005_GRCh38_1_22_v4.2.1_benchmark: rdf-scan heartbeat — 256,518,928 triples · 45,969,634,346 bytes read
  Partitioned compression: HG005_GRCh38_1_22_v4.2.1_benchmark: rdf-scan heartbeat — 256,883,217 triples · 46,036,743,323 bytes read
  Partitioned compression: HG005_GRCh38_1_22_v4.2.1_benchmark: rdf-scan heartbeat — 257,247,527 triples · 46,103,852,269 bytes read
  Partitioned compression: HG005_GRCh38_1_22_v4.2.1_benchmark: rdf-scan chunk — 257,611,523 triples · 86 chunks · 46,170,906,968 bytes read
  Partitioned compression: HG005_GRCh38_1_22_v4.2.1_benchmark: hdt-chunks started — 85 chunks · hdt-build-00085
  Partitioned compression: HG005_GRCh38_1_22_v4.2.1_benchmark: hdt-chunks complete — 86 chunks · hdt-build-00085
  Partitioned compression: HG005_GRCh38_1_22_v4.2.1_benchmark: cottas-chunks started — 85 chunks · cottas-build-00085
  Partitioned compression: HG005_GRCh38_1_22_v4.2.1_benchmark: cottas-chunks complete — 86 chunks · cottas-build-00085
  Partitioned compression: HG005_GRCh38_1_22_v4.2.1_benchmark: rdf-scan heartbeat — 257,611,818 triples · 46,170,961,269 bytes read
  Partitioned compression: HG005_GRCh38_1_22_v4.2.1_benchmark: rdf-scan heartbeat — 257,976,086 triples · 46,238,070,209 bytes read
  Partitioned compression: HG005_GRCh38_1_22_v4.2.1_benchmark: rdf-scan heartbeat — 258,340,398 triples · 46,305,179,200 bytes read
  Partitioned compression: HG005_GRCh38_1_22_v4.2.1_benchmark: rdf-scan heartbeat — 258,704,688 triples · 46,372,288,240 bytes read
  Partitioned compression: HG005_GRCh38_1_22_v4.2.1_benchmark: rdf-scan heartbeat — 259,069,033 triples · 46,439,397,272 bytes read
  Partitioned compression: HG005_GRCh38_1_22_v4.2.1_benchmark: rdf-scan heartbeat — 259,433,365 triples · 46,506,506,279 bytes read
  Partitioned compression: HG005_GRCh38_1_22_v4.2.1_benchmark: rdf-scan heartbeat — 259,797,711 triples · 46,573,615,276 bytes read
  Partitioned compression: HG005_GRCh38_1_22_v4.2.1_benchmark: rdf-scan heartbeat — 260,162,063 triples · 46,640,724,253 bytes read
  Partitioned compression: HG005_GRCh38_1_22_v4.2.1_benchmark: rdf-scan chunk — 260,526,112 triples · 87 chunks · 46,707,778,041 bytes read
  Partitioned compression: HG005_GRCh38_1_22_v4.2.1_benchmark: hdt-chunks started — 86 chunks · hdt-build-00086
  Partitioned compression: HG005_GRCh38_1_22_v4.2.1_benchmark: hdt-chunks complete — 87 chunks · hdt-build-00086
  Partitioned compression: HG005_GRCh38_1_22_v4.2.1_benchmark: cottas-chunks started — 86 chunks · cottas-build-00086
  Partitioned compression: HG005_GRCh38_1_22_v4.2.1_benchmark: cottas-chunks complete — 87 chunks · cottas-build-00086
  Partitioned compression: HG005_GRCh38_1_22_v4.2.1_benchmark: rdf-scan heartbeat — 260,526,411 triples · 46,707,833,182 bytes read
  Partitioned compression: HG005_GRCh38_1_22_v4.2.1_benchmark: rdf-scan heartbeat — 260,890,746 triples · 46,774,942,129 bytes read
  Partitioned compression: HG005_GRCh38_1_22_v4.2.1_benchmark: rdf-scan heartbeat — 261,255,100 triples · 46,842,051,089 bytes read
  Partitioned compression: HG005_GRCh38_1_22_v4.2.1_benchmark: rdf-scan heartbeat — 261,619,438 triples · 46,909,160,162 bytes read
  Partitioned compression: HG005_GRCh38_1_22_v4.2.1_benchmark: rdf-scan heartbeat — 261,983,769 triples · 46,976,269,059 bytes read
  Partitioned compression: HG005_GRCh38_1_22_v4.2.1_benchmark: rdf-scan heartbeat — 262,348,075 triples · 47,043,378,102 bytes read
  Partitioned compression: HG005_GRCh38_1_22_v4.2.1_benchmark: rdf-scan heartbeat — 262,712,407 triples · 47,110,486,979 bytes read
  Partitioned compression: HG005_GRCh38_1_22_v4.2.1_benchmark: rdf-scan heartbeat — 263,076,730 triples · 47,177,595,908 bytes read
  Partitioned compression: HG005_GRCh38_1_22_v4.2.1_benchmark: rdf-scan chunk — 263,440,722 triples · 88 chunks · 47,244,649,079 bytes read
  Partitioned compression: HG005_GRCh38_1_22_v4.2.1_benchmark: hdt-chunks started — 87 chunks · hdt-build-00087
  Partitioned compression: HG005_GRCh38_1_22_v4.2.1_benchmark: hdt-chunks complete — 88 chunks · hdt-build-00087
  Partitioned compression: HG005_GRCh38_1_22_v4.2.1_benchmark: cottas-chunks started — 87 chunks · cottas-build-00087
  Partitioned compression: HG005_GRCh38_1_22_v4.2.1_benchmark: cottas-chunks complete — 88 chunks · cottas-build-00087
  Partitioned compression: HG005_GRCh38_1_22_v4.2.1_benchmark: rdf-scan heartbeat — 263,441,025 triples · 47,244,704,792 bytes read
  Partitioned compression: HG005_GRCh38_1_22_v4.2.1_benchmark: rdf-scan heartbeat — 263,805,342 triples · 47,311,813,827 bytes read
  Partitioned compression: HG005_GRCh38_1_22_v4.2.1_benchmark: rdf-scan heartbeat — 264,169,678 triples · 47,378,922,770 bytes read
  Partitioned compression: HG005_GRCh38_1_22_v4.2.1_benchmark: rdf-scan heartbeat — 264,533,989 triples · 47,446,031,641 bytes read
  Partitioned compression: HG005_GRCh38_1_22_v4.2.1_benchmark: rdf-scan heartbeat — 264,898,285 triples · 47,513,140,510 bytes read
  Partitioned compression: HG005_GRCh38_1_22_v4.2.1_benchmark: rdf-scan heartbeat — 265,262,575 triples · 47,580,249,508 bytes read
  Partitioned compression: HG005_GRCh38_1_22_v4.2.1_benchmark: rdf-scan heartbeat — 265,626,913 triples · 47,647,358,550 bytes read
  Partitioned compression: HG005_GRCh38_1_22_v4.2.1_benchmark: rdf-scan heartbeat — 265,991,259 triples · 47,714,467,438 bytes read
  Partitioned compression: HG005_GRCh38_1_22_v4.2.1_benchmark: rdf-scan chunk — 266,355,254 triples · 89 chunks · 47,781,520,135 bytes read
  Partitioned compression: HG005_GRCh38_1_22_v4.2.1_benchmark: hdt-chunks started — 88 chunks · hdt-build-00088
  Partitioned compression: HG005_GRCh38_1_22_v4.2.1_benchmark: hdt-chunks complete — 89 chunks · hdt-build-00088
  Partitioned compression: HG005_GRCh38_1_22_v4.2.1_benchmark: cottas-chunks started — 88 chunks · cottas-build-00088
  Partitioned compression: HG005_GRCh38_1_22_v4.2.1_benchmark: cottas-chunks complete — 89 chunks · cottas-build-00088
  Partitioned compression: HG005_GRCh38_1_22_v4.2.1_benchmark: rdf-scan heartbeat — 266,355,560 triples · 47,781,576,410 bytes read
  Partitioned compression: HG005_GRCh38_1_22_v4.2.1_benchmark: rdf-scan heartbeat — 266,719,867 triples · 47,848,685,406 bytes read
  Partitioned compression: HG005_GRCh38_1_22_v4.2.1_benchmark: rdf-scan heartbeat — 267,084,207 triples · 47,915,794,393 bytes read
  Partitioned compression: HG005_GRCh38_1_22_v4.2.1_benchmark: rdf-scan heartbeat — 267,448,547 triples · 47,982,903,262 bytes read
  Partitioned compression: HG005_GRCh38_1_22_v4.2.1_benchmark: rdf-scan heartbeat — 267,812,911 triples · 48,050,012,187 bytes read
  Partitioned compression: HG005_GRCh38_1_22_v4.2.1_benchmark: rdf-scan heartbeat — 268,177,249 triples · 48,117,121,197 bytes read
  Partitioned compression: HG005_GRCh38_1_22_v4.2.1_benchmark: rdf-scan heartbeat — 268,541,577 triples · 48,184,230,232 bytes read
  Partitioned compression: HG005_GRCh38_1_22_v4.2.1_benchmark: rdf-scan heartbeat — 268,905,921 triples · 48,251,339,190 bytes read
  Partitioned compression: HG005_GRCh38_1_22_v4.2.1_benchmark: rdf-scan chunk — 269,269,956 triples · 90 chunks · 48,318,391,217 bytes read
  Partitioned compression: HG005_GRCh38_1_22_v4.2.1_benchmark: hdt-chunks started — 89 chunks · hdt-build-00089
  Partitioned compression: HG005_GRCh38_1_22_v4.2.1_benchmark: hdt-chunks complete — 90 chunks · hdt-build-00089
  Partitioned compression: HG005_GRCh38_1_22_v4.2.1_benchmark: cottas-chunks started — 89 chunks · cottas-build-00089
  Partitioned compression: HG005_GRCh38_1_22_v4.2.1_benchmark: cottas-chunks complete — 90 chunks · cottas-build-00089
  Partitioned compression: HG005_GRCh38_1_22_v4.2.1_benchmark: rdf-scan heartbeat — 269,270,265 triples · 48,318,448,116 bytes read
  Partitioned compression: HG005_GRCh38_1_22_v4.2.1_benchmark: rdf-scan heartbeat — 269,634,551 triples · 48,385,557,052 bytes read
  Partitioned compression: HG005_GRCh38_1_22_v4.2.1_benchmark: rdf-scan heartbeat — 269,998,836 triples · 48,452,665,963 bytes read
  Partitioned compression: HG005_GRCh38_1_22_v4.2.1_benchmark: rdf-scan heartbeat — 270,363,119 triples · 48,519,774,993 bytes read
  Partitioned compression: HG005_GRCh38_1_22_v4.2.1_benchmark: rdf-scan heartbeat — 270,727,411 triples · 48,586,884,015 bytes read
  Partitioned compression: HG005_GRCh38_1_22_v4.2.1_benchmark: rdf-scan heartbeat — 271,091,717 triples · 48,653,993,025 bytes read
  Partitioned compression: HG005_GRCh38_1_22_v4.2.1_benchmark: rdf-scan heartbeat — 271,456,009 triples · 48,721,101,952 bytes read
  Partitioned compression: HG005_GRCh38_1_22_v4.2.1_benchmark: rdf-scan heartbeat — 271,820,318 triples · 48,788,210,868 bytes read
  Partitioned compression: HG005_GRCh38_1_22_v4.2.1_benchmark: rdf-scan chunk — 272,184,277 triples · 91 chunks · 48,855,262,163 bytes read
  Partitioned compression: HG005_GRCh38_1_22_v4.2.1_benchmark: hdt-chunks started — 90 chunks · hdt-build-00090
  Partitioned compression: HG005_GRCh38_1_22_v4.2.1_benchmark: hdt-chunks complete — 91 chunks · hdt-build-00090
  Partitioned compression: HG005_GRCh38_1_22_v4.2.1_benchmark: cottas-chunks started — 90 chunks · cottas-build-00090
  Partitioned compression: HG005_GRCh38_1_22_v4.2.1_benchmark: cottas-chunks complete — 91 chunks · cottas-build-00090
  Partitioned compression: HG005_GRCh38_1_22_v4.2.1_benchmark: rdf-scan heartbeat — 272,184,590 triples · 48,855,319,868 bytes read
  Partitioned compression: HG005_GRCh38_1_22_v4.2.1_benchmark: rdf-scan heartbeat — 272,548,878 triples · 48,922,428,752 bytes read
  Partitioned compression: HG005_GRCh38_1_22_v4.2.1_benchmark: rdf-scan heartbeat — 272,913,217 triples · 48,989,537,711 bytes read
  Partitioned compression: HG005_GRCh38_1_22_v4.2.1_benchmark: rdf-scan heartbeat — 273,277,525 triples · 49,056,646,673 bytes read
  Partitioned compression: HG005_GRCh38_1_22_v4.2.1_benchmark: rdf-scan heartbeat — 273,641,846 triples · 49,123,755,680 bytes read
  Partitioned compression: HG005_GRCh38_1_22_v4.2.1_benchmark: rdf-scan heartbeat — 274,006,187 triples · 49,190,864,561 bytes read
  Partitioned compression: HG005_GRCh38_1_22_v4.2.1_benchmark: rdf-scan heartbeat — 274,370,532 triples · 49,257,973,597 bytes read
  Partitioned compression: HG005_GRCh38_1_22_v4.2.1_benchmark: rdf-scan heartbeat — 274,734,848 triples · 49,325,082,545 bytes read
  Partitioned compression: HG005_GRCh38_1_22_v4.2.1_benchmark: rdf-scan chunk — 275,098,864 triples · 92 chunks · 49,392,133,204 bytes read
  Partitioned compression: HG005_GRCh38_1_22_v4.2.1_benchmark: hdt-chunks started — 91 chunks · hdt-build-00091
  Partitioned compression: HG005_GRCh38_1_22_v4.2.1_benchmark: hdt-chunks complete — 92 chunks · hdt-build-00091
  Partitioned compression: HG005_GRCh38_1_22_v4.2.1_benchmark: cottas-chunks started — 91 chunks · cottas-build-00091
  Partitioned compression: HG005_GRCh38_1_22_v4.2.1_benchmark: cottas-chunks complete — 92 chunks · cottas-build-00091
  Partitioned compression: HG005_GRCh38_1_22_v4.2.1_benchmark: rdf-scan heartbeat — 275,099,180 triples · 49,392,191,419 bytes read
  Partitioned compression: HG005_GRCh38_1_22_v4.2.1_benchmark: rdf-scan heartbeat — 275,463,530 triples · 49,459,300,381 bytes read
  Partitioned compression: HG005_GRCh38_1_22_v4.2.1_benchmark: rdf-scan heartbeat — 275,827,878 triples · 49,526,409,346 bytes read
  Partitioned compression: HG005_GRCh38_1_22_v4.2.1_benchmark: rdf-scan heartbeat — 276,192,216 triples · 49,593,518,368 bytes read
  Partitioned compression: HG005_GRCh38_1_22_v4.2.1_benchmark: rdf-scan heartbeat — 276,556,551 triples · 49,660,627,295 bytes read
  Partitioned compression: HG005_GRCh38_1_22_v4.2.1_benchmark: rdf-scan heartbeat — 276,920,897 triples · 49,727,736,299 bytes read
  Partitioned compression: HG005_GRCh38_1_22_v4.2.1_benchmark: rdf-scan heartbeat — 277,285,346 triples · 49,794,845,178 bytes read
  Partitioned compression: HG005_GRCh38_1_22_v4.2.1_benchmark: rdf-scan heartbeat — 277,649,769 triples · 49,861,954,067 bytes read
  Partitioned compression: HG005_GRCh38_1_22_v4.2.1_benchmark: rdf-scan chunk — 278,013,768 triples · 93 chunks · 49,929,004,227 bytes read
  Partitioned compression: HG005_GRCh38_1_22_v4.2.1_benchmark: hdt-chunks started — 92 chunks · hdt-build-00092
  Partitioned compression: HG005_GRCh38_1_22_v4.2.1_benchmark: hdt-chunks complete — 93 chunks · hdt-build-00092
  Partitioned compression: HG005_GRCh38_1_22_v4.2.1_benchmark: cottas-chunks started — 92 chunks · cottas-build-00092
  Partitioned compression: HG005_GRCh38_1_22_v4.2.1_benchmark: cottas-chunks complete — 93 chunks · cottas-build-00092
  Partitioned compression: HG005_GRCh38_1_22_v4.2.1_benchmark: rdf-scan heartbeat — 278,014,087 triples · 49,929,063,046 bytes read
  Partitioned compression: HG005_GRCh38_1_22_v4.2.1_benchmark: rdf-scan heartbeat — 278,378,397 triples · 49,996,171,914 bytes read
  Partitioned compression: HG005_GRCh38_1_22_v4.2.1_benchmark: rdf-scan heartbeat — 278,742,714 triples · 50,063,280,814 bytes read
  Partitioned compression: HG005_GRCh38_1_22_v4.2.1_benchmark: rdf-scan heartbeat — 279,107,093 triples · 50,130,389,701 bytes read
  Partitioned compression: HG005_GRCh38_1_22_v4.2.1_benchmark: rdf-scan heartbeat — 279,471,413 triples · 50,197,498,623 bytes read
  Partitioned compression: HG005_GRCh38_1_22_v4.2.1_benchmark: rdf-scan heartbeat — 279,835,765 triples · 50,264,607,535 bytes read
  Partitioned compression: HG005_GRCh38_1_22_v4.2.1_benchmark: rdf-scan heartbeat — 280,200,198 triples · 50,331,716,469 bytes read
  Partitioned compression: HG005_GRCh38_1_22_v4.2.1_benchmark: rdf-scan heartbeat — 280,564,578 triples · 50,398,825,383 bytes read
  Partitioned compression: HG005_GRCh38_1_22_v4.2.1_benchmark: rdf-scan chunk — 280,928,625 triples · 94 chunks · 50,465,875,210 bytes read
  Partitioned compression: HG005_GRCh38_1_22_v4.2.1_benchmark: hdt-chunks started — 93 chunks · hdt-build-00093
  Partitioned compression: HG005_GRCh38_1_22_v4.2.1_benchmark: hdt-chunks complete — 94 chunks · hdt-build-00093
  Partitioned compression: HG005_GRCh38_1_22_v4.2.1_benchmark: cottas-chunks started — 93 chunks · cottas-build-00093
  Partitioned compression: HG005_GRCh38_1_22_v4.2.1_benchmark: cottas-chunks complete — 94 chunks · cottas-build-00093
  Partitioned compression: HG005_GRCh38_1_22_v4.2.1_benchmark: rdf-scan heartbeat — 280,928,947 triples · 50,465,934,375 bytes read
  Partitioned compression: HG005_GRCh38_1_22_v4.2.1_benchmark: rdf-scan heartbeat — 281,293,304 triples · 50,533,043,280 bytes read
  Partitioned compression: HG005_GRCh38_1_22_v4.2.1_benchmark: rdf-scan heartbeat — 281,657,616 triples · 50,600,152,269 bytes read
  Partitioned compression: HG005_GRCh38_1_22_v4.2.1_benchmark: rdf-scan heartbeat — 282,021,899 triples · 50,667,261,261 bytes read
  Partitioned compression: HG005_GRCh38_1_22_v4.2.1_benchmark: rdf-scan heartbeat — 282,386,203 triples · 50,734,370,137 bytes read
  Partitioned compression: HG005_GRCh38_1_22_v4.2.1_benchmark: rdf-scan heartbeat — 282,750,501 triples · 50,801,479,072 bytes read
  Partitioned compression: HG005_GRCh38_1_22_v4.2.1_benchmark: rdf-scan heartbeat — 283,114,826 triples · 50,868,588,113 bytes read
  Partitioned compression: HG005_GRCh38_1_22_v4.2.1_benchmark: rdf-scan heartbeat — 283,479,164 triples · 50,935,697,099 bytes read
  Partitioned compression: HG005_GRCh38_1_22_v4.2.1_benchmark: rdf-scan chunk — 283,843,137 triples · 95 chunks · 51,002,746,236 bytes read
  Partitioned compression: HG005_GRCh38_1_22_v4.2.1_benchmark: hdt-chunks started — 94 chunks · hdt-build-00094
  Partitioned compression: HG005_GRCh38_1_22_v4.2.1_benchmark: hdt-chunks complete — 95 chunks · hdt-build-00094
  Partitioned compression: HG005_GRCh38_1_22_v4.2.1_benchmark: cottas-chunks started — 94 chunks · cottas-build-00094
  Partitioned compression: HG005_GRCh38_1_22_v4.2.1_benchmark: cottas-chunks complete — 95 chunks · cottas-build-00094
  Partitioned compression: HG005_GRCh38_1_22_v4.2.1_benchmark: rdf-scan heartbeat — 283,843,462 triples · 51,002,806,081 bytes read
  Partitioned compression: HG005_GRCh38_1_22_v4.2.1_benchmark: rdf-scan heartbeat — 284,207,739 triples · 51,069,915,093 bytes read
  Partitioned compression: HG005_GRCh38_1_22_v4.2.1_benchmark: rdf-scan heartbeat — 284,572,043 triples · 51,137,023,969 bytes read
  Partitioned compression: HG005_GRCh38_1_22_v4.2.1_benchmark: rdf-scan heartbeat — 284,936,339 triples · 51,204,132,936 bytes read
  Partitioned compression: HG005_GRCh38_1_22_v4.2.1_benchmark: rdf-scan heartbeat — 285,300,664 triples · 51,271,241,823 bytes read
  Partitioned compression: HG005_GRCh38_1_22_v4.2.1_benchmark: rdf-scan heartbeat — 285,664,972 triples · 51,338,350,787 bytes read
  Partitioned compression: HG005_GRCh38_1_22_v4.2.1_benchmark: rdf-scan heartbeat — 286,029,310 triples · 51,405,459,802 bytes read
  Partitioned compression: HG005_GRCh38_1_22_v4.2.1_benchmark: rdf-scan heartbeat — 286,393,693 triples · 51,472,568,743 bytes read
  Partitioned compression: HG005_GRCh38_1_22_v4.2.1_benchmark: rdf-scan chunk — 286,757,722 triples · 96 chunks · 51,539,617,289 bytes read
  Partitioned compression: HG005_GRCh38_1_22_v4.2.1_benchmark: hdt-chunks started — 95 chunks · hdt-build-00095
  Partitioned compression: HG005_GRCh38_1_22_v4.2.1_benchmark: hdt-chunks complete — 96 chunks · hdt-build-00095
  Partitioned compression: HG005_GRCh38_1_22_v4.2.1_benchmark: cottas-chunks started — 95 chunks · cottas-build-00095
  Partitioned compression: HG005_GRCh38_1_22_v4.2.1_benchmark: cottas-chunks complete — 96 chunks · cottas-build-00095
  Partitioned compression: HG005_GRCh38_1_22_v4.2.1_benchmark: rdf-scan heartbeat — 286,758,050 triples · 51,539,677,673 bytes read
  Partitioned compression: HG005_GRCh38_1_22_v4.2.1_benchmark: rdf-scan heartbeat — 287,122,415 triples · 51,606,786,645 bytes read
  Partitioned compression: HG005_GRCh38_1_22_v4.2.1_benchmark: rdf-scan heartbeat — 287,486,749 triples · 51,673,895,545 bytes read
  Partitioned compression: HG005_GRCh38_1_22_v4.2.1_benchmark: rdf-scan heartbeat — 287,851,075 triples · 51,741,004,452 bytes read
  Partitioned compression: HG005_GRCh38_1_22_v4.2.1_benchmark: rdf-scan heartbeat — 288,215,393 triples · 51,808,113,396 bytes read
  Partitioned compression: HG005_GRCh38_1_22_v4.2.1_benchmark: rdf-scan heartbeat — 288,579,720 triples · 51,875,222,467 bytes read
  Partitioned compression: HG005_GRCh38_1_22_v4.2.1_benchmark: rdf-scan heartbeat — 288,944,069 triples · 51,942,331,536 bytes read
  Partitioned compression: HG005_GRCh38_1_22_v4.2.1_benchmark: rdf-scan heartbeat — 289,308,398 triples · 52,009,440,524 bytes read
  Partitioned compression: HG005_GRCh38_1_22_v4.2.1_benchmark: rdf-scan chunk — 289,672,407 triples · 97 chunks · 52,076,488,279 bytes read
  Partitioned compression: HG005_GRCh38_1_22_v4.2.1_benchmark: hdt-chunks started — 96 chunks · hdt-build-00096
  Partitioned compression: HG005_GRCh38_1_22_v4.2.1_benchmark: hdt-chunks complete — 97 chunks · hdt-build-00096
  Partitioned compression: HG005_GRCh38_1_22_v4.2.1_benchmark: cottas-chunks started — 96 chunks · cottas-build-00096
  Partitioned compression: HG005_GRCh38_1_22_v4.2.1_benchmark: cottas-chunks complete — 97 chunks · cottas-build-00096
  Partitioned compression: HG005_GRCh38_1_22_v4.2.1_benchmark: rdf-scan heartbeat — 289,672,740 triples · 52,076,549,561 bytes read
  Partitioned compression: HG005_GRCh38_1_22_v4.2.1_benchmark: rdf-scan heartbeat — 290,037,083 triples · 52,143,658,603 bytes read
  Partitioned compression: HG005_GRCh38_1_22_v4.2.1_benchmark: rdf-scan heartbeat — 290,401,440 triples · 52,210,767,528 bytes read
  Partitioned compression: HG005_GRCh38_1_22_v4.2.1_benchmark: rdf-scan heartbeat — 290,765,771 triples · 52,277,876,473 bytes read
  Partitioned compression: HG005_GRCh38_1_22_v4.2.1_benchmark: rdf-scan heartbeat — 291,130,088 triples · 52,344,985,483 bytes read
  Partitioned compression: HG005_GRCh38_1_22_v4.2.1_benchmark: rdf-scan heartbeat — 291,494,410 triples · 52,412,094,477 bytes read
  Partitioned compression: HG005_GRCh38_1_22_v4.2.1_benchmark: rdf-scan heartbeat — 291,858,725 triples · 52,479,203,523 bytes read
  Partitioned compression: HG005_GRCh38_1_22_v4.2.1_benchmark: rdf-scan heartbeat — 292,223,066 triples · 52,546,312,416 bytes read
  Partitioned compression: HG005_GRCh38_1_22_v4.2.1_benchmark: rdf-scan chunk — 292,587,075 triples · 98 chunks · 52,613,359,245 bytes read
  Partitioned compression: HG005_GRCh38_1_22_v4.2.1_benchmark: hdt-chunks started — 97 chunks · hdt-build-00097
  Partitioned compression: HG005_GRCh38_1_22_v4.2.1_benchmark: hdt-chunks complete — 98 chunks · hdt-build-00097
  Partitioned compression: HG005_GRCh38_1_22_v4.2.1_benchmark: cottas-chunks started — 97 chunks · cottas-build-00097
  Partitioned compression: HG005_GRCh38_1_22_v4.2.1_benchmark: cottas-chunks complete — 98 chunks · cottas-build-00097
  Partitioned compression: HG005_GRCh38_1_22_v4.2.1_benchmark: rdf-scan heartbeat — 292,587,412 triples · 52,613,421,299 bytes read
  Partitioned compression: HG005_GRCh38_1_22_v4.2.1_benchmark: rdf-scan heartbeat — 292,952,637 triples · 52,680,530,525 bytes read
  Partitioned compression: HG005_GRCh38_1_22_v4.2.1_benchmark: rdf-scan heartbeat — 293,317,927 triples · 52,747,639,483 bytes read
  Partitioned compression: HG005_GRCh38_1_22_v4.2.1_benchmark: rdf-scan heartbeat — 293,681,220 triples · 52,814,748,489 bytes read
  Partitioned compression: HG005_GRCh38_1_22_v4.2.1_benchmark: rdf-scan heartbeat — 294,043,940 triples · 52,881,857,541 bytes read
  Partitioned compression: HG005_GRCh38_1_22_v4.2.1_benchmark: rdf-scan heartbeat — 294,406,166 triples · 52,948,966,432 bytes read
  Partitioned compression: HG005_GRCh38_1_22_v4.2.1_benchmark: rdf-scan heartbeat — 294,768,928 triples · 53,016,075,772 bytes read
  Partitioned compression: HG005_GRCh38_1_22_v4.2.1_benchmark: rdf-scan heartbeat — 295,131,305 triples · 53,083,184,794 bytes read
  Partitioned compression: HG005_GRCh38_1_22_v4.2.1_benchmark: rdf-scan chunk — 295,493,324 triples · 99 chunks · 53,150,230,161 bytes read
  Partitioned compression: HG005_GRCh38_1_22_v4.2.1_benchmark: hdt-chunks started — 98 chunks · hdt-build-00098
  Partitioned compression: HG005_GRCh38_1_22_v4.2.1_benchmark: hdt-chunks complete — 99 chunks · hdt-build-00098
  Partitioned compression: HG005_GRCh38_1_22_v4.2.1_benchmark: cottas-chunks started — 98 chunks · cottas-build-00098
  Partitioned compression: HG005_GRCh38_1_22_v4.2.1_benchmark: cottas-chunks complete — 99 chunks · cottas-build-00098
  Partitioned compression: HG005_GRCh38_1_22_v4.2.1_benchmark: rdf-scan heartbeat — 295,493,664 triples · 53,150,293,789 bytes read
  Partitioned compression: HG005_GRCh38_1_22_v4.2.1_benchmark: rdf-scan heartbeat — 295,856,026 triples · 53,217,402,808 bytes read
  Partitioned compression: HG005_GRCh38_1_22_v4.2.1_benchmark: rdf-scan heartbeat — 296,218,558 triples · 53,284,511,719 bytes read
  Partitioned compression: HG005_GRCh38_1_22_v4.2.1_benchmark: rdf-scan heartbeat — 296,580,834 triples · 53,351,620,661 bytes read
  Partitioned compression: HG005_GRCh38_1_22_v4.2.1_benchmark: rdf-scan heartbeat — 296,942,701 triples · 53,418,729,668 bytes read
  Partitioned compression: HG005_GRCh38_1_22_v4.2.1_benchmark: rdf-scan heartbeat — 297,304,855 triples · 53,485,838,708 bytes read
  Partitioned compression: HG005_GRCh38_1_22_v4.2.1_benchmark: rdf-scan heartbeat — 297,667,034 triples · 53,552,947,585 bytes read
  Partitioned compression: HG005_GRCh38_1_22_v4.2.1_benchmark: rdf-scan heartbeat — 298,029,214 triples · 53,620,056,549 bytes read
  Partitioned compression: HG005_GRCh38_1_22_v4.2.1_benchmark: rdf-scan chunk — 298,390,073 triples · 100 chunks · 53,687,101,220 bytes read
  Partitioned compression: HG005_GRCh38_1_22_v4.2.1_benchmark: hdt-chunks started — 99 chunks · hdt-build-00099
  Partitioned compression: HG005_GRCh38_1_22_v4.2.1_benchmark: hdt-chunks complete — 100 chunks · hdt-build-00099
  Partitioned compression: HG005_GRCh38_1_22_v4.2.1_benchmark: cottas-chunks started — 99 chunks · cottas-build-00099
  Partitioned compression: HG005_GRCh38_1_22_v4.2.1_benchmark: cottas-chunks complete — 100 chunks · cottas-build-00099
  Partitioned compression: HG005_GRCh38_1_22_v4.2.1_benchmark: rdf-scan heartbeat — 298,390,424 triples · 53,687,165,543 bytes read
  Partitioned compression: HG005_GRCh38_1_22_v4.2.1_benchmark: rdf-scan heartbeat — 298,750,326 triples · 53,754,274,466 bytes read
  Partitioned compression: HG005_GRCh38_1_22_v4.2.1_benchmark: rdf-scan heartbeat — 299,110,117 triples · 53,821,383,405 bytes read
  Partitioned compression: HG005_GRCh38_1_22_v4.2.1_benchmark: rdf-scan heartbeat — 299,470,122 triples · 53,888,492,281 bytes read
  Partitioned compression: HG005_GRCh38_1_22_v4.2.1_benchmark: rdf-scan heartbeat — 299,829,979 triples · 53,955,601,240 bytes read
  Partitioned compression: HG005_GRCh38_1_22_v4.2.1_benchmark: rdf-scan heartbeat — 300,189,783 triples · 54,022,710,275 bytes read
  Partitioned compression: HG005_GRCh38_1_22_v4.2.1_benchmark: rdf-scan heartbeat — 300,549,736 triples · 54,089,819,313 bytes read
  Partitioned compression: HG005_GRCh38_1_22_v4.2.1_benchmark: rdf-scan heartbeat — 300,909,384 triples · 54,156,928,313 bytes read
  Partitioned compression: HG005_GRCh38_1_22_v4.2.1_benchmark: rdf-scan chunk — 301,268,979 triples · 101 chunks · 54,223,972,143 bytes read
  Partitioned compression: HG005_GRCh38_1_22_v4.2.1_benchmark: hdt-chunks started — 100 chunks · hdt-build-00100
  Partitioned compression: HG005_GRCh38_1_22_v4.2.1_benchmark: hdt-chunks complete — 101 chunks · hdt-build-00100
  Partitioned compression: HG005_GRCh38_1_22_v4.2.1_benchmark: cottas-chunks started — 100 chunks · cottas-build-00100
  Partitioned compression: HG005_GRCh38_1_22_v4.2.1_benchmark: cottas-chunks complete — 101 chunks · cottas-build-00100
  Partitioned compression: HG005_GRCh38_1_22_v4.2.1_benchmark: rdf-scan heartbeat — 301,269,332 triples · 54,224,037,330 bytes read
  Partitioned compression: HG005_GRCh38_1_22_v4.2.1_benchmark: rdf-scan heartbeat — 301,630,345 triples · 54,291,146,267 bytes read
  Partitioned compression: HG005_GRCh38_1_22_v4.2.1_benchmark: rdf-scan heartbeat — 301,991,548 triples · 54,358,255,240 bytes read
  Partitioned compression: HG005_GRCh38_1_22_v4.2.1_benchmark: rdf-scan heartbeat — 302,351,769 triples · 54,425,364,150 bytes read
  Partitioned compression: HG005_GRCh38_1_22_v4.2.1_benchmark: rdf-scan heartbeat — 302,711,727 triples · 54,492,473,051 bytes read
  Partitioned compression: HG005_GRCh38_1_22_v4.2.1_benchmark: rdf-scan heartbeat — 303,071,520 triples · 54,559,582,075 bytes read
  Partitioned compression: HG005_GRCh38_1_22_v4.2.1_benchmark: rdf-scan heartbeat — 303,431,393 triples · 54,626,691,121 bytes read
  Partitioned compression: HG005_GRCh38_1_22_v4.2.1_benchmark: rdf-scan heartbeat — 303,791,399 triples · 54,693,800,261 bytes read
  Partitioned compression: HG005_GRCh38_1_22_v4.2.1_benchmark: rdf-scan chunk — 304,150,899 triples · 102 chunks · 54,760,843,165 bytes read
  Partitioned compression: HG005_GRCh38_1_22_v4.2.1_benchmark: hdt-chunks started — 101 chunks · hdt-build-00101
  Partitioned compression: HG005_GRCh38_1_22_v4.2.1_benchmark: hdt-chunks complete — 102 chunks · hdt-build-00101
  Partitioned compression: HG005_GRCh38_1_22_v4.2.1_benchmark: cottas-chunks started — 101 chunks · cottas-build-00101
  Partitioned compression: HG005_GRCh38_1_22_v4.2.1_benchmark: cottas-chunks complete — 102 chunks · cottas-build-00101
  Partitioned compression: HG005_GRCh38_1_22_v4.2.1_benchmark: rdf-scan heartbeat — 304,151,252 triples · 54,760,909,206 bytes read
  Partitioned compression: HG005_GRCh38_1_22_v4.2.1_benchmark: rdf-scan heartbeat — 304,511,029 triples · 54,828,018,117 bytes read
  Partitioned compression: HG005_GRCh38_1_22_v4.2.1_benchmark: rdf-scan heartbeat — 304,870,932 triples · 54,895,127,056 bytes read
  Partitioned compression: HG005_GRCh38_1_22_v4.2.1_benchmark: rdf-scan heartbeat — 305,230,898 triples · 54,962,235,936 bytes read
  Partitioned compression: HG005_GRCh38_1_22_v4.2.1_benchmark: rdf-scan heartbeat — 305,590,860 triples · 55,029,344,946 bytes read
  Partitioned compression: HG005_GRCh38_1_22_v4.2.1_benchmark: rdf-scan heartbeat — 305,950,767 triples · 55,096,453,976 bytes read
  Partitioned compression: HG005_GRCh38_1_22_v4.2.1_benchmark: rdf-scan heartbeat — 306,310,707 triples · 55,163,562,880 bytes read
  Partitioned compression: HG005_GRCh38_1_22_v4.2.1_benchmark: rdf-scan heartbeat — 306,670,471 triples · 55,230,671,921 bytes read
  Partitioned compression: HG005_GRCh38_1_22_v4.2.1_benchmark: rdf-scan chunk — 307,029,846 triples · 103 chunks · 55,297,714,149 bytes read
  Partitioned compression: HG005_GRCh38_1_22_v4.2.1_benchmark: hdt-chunks started — 102 chunks · hdt-build-00102
  Partitioned compression: HG005_GRCh38_1_22_v4.2.1_benchmark: hdt-chunks complete — 103 chunks · hdt-build-00102
  Partitioned compression: HG005_GRCh38_1_22_v4.2.1_benchmark: cottas-chunks started — 102 chunks · cottas-build-00102
  Partitioned compression: HG005_GRCh38_1_22_v4.2.1_benchmark: cottas-chunks complete — 103 chunks · cottas-build-00102
  Partitioned compression: HG005_GRCh38_1_22_v4.2.1_benchmark: rdf-scan heartbeat — 307,030,204 triples · 55,297,780,858 bytes read
  Partitioned compression: HG005_GRCh38_1_22_v4.2.1_benchmark: rdf-scan heartbeat — 307,390,123 triples · 55,364,889,761 bytes read
  Partitioned compression: HG005_GRCh38_1_22_v4.2.1_benchmark: rdf-scan heartbeat — 307,750,013 triples · 55,431,998,777 bytes read
  Partitioned compression: HG005_GRCh38_1_22_v4.2.1_benchmark: rdf-scan heartbeat — 308,109,772 triples · 55,499,107,792 bytes read
  Partitioned compression: HG005_GRCh38_1_22_v4.2.1_benchmark: rdf-scan heartbeat — 308,469,572 triples · 55,566,216,712 bytes read
  Partitioned compression: HG005_GRCh38_1_22_v4.2.1_benchmark: rdf-scan heartbeat — 308,829,393 triples · 55,633,325,722 bytes read
  Partitioned compression: HG005_GRCh38_1_22_v4.2.1_benchmark: rdf-scan heartbeat — 309,189,588 triples · 55,700,434,647 bytes read
  Partitioned compression: HG005_GRCh38_1_22_v4.2.1_benchmark: rdf-scan heartbeat — 309,550,076 triples · 55,767,543,610 bytes read
  Partitioned compression: HG005_GRCh38_1_22_v4.2.1_benchmark: rdf-scan chunk — 309,909,695 triples · 104 chunks · 55,834,585,079 bytes read
  Partitioned compression: HG005_GRCh38_1_22_v4.2.1_benchmark: hdt-chunks started — 103 chunks · hdt-build-00103
  Partitioned compression: HG005_GRCh38_1_22_v4.2.1_benchmark: hdt-chunks complete — 104 chunks · hdt-build-00103
  Partitioned compression: HG005_GRCh38_1_22_v4.2.1_benchmark: cottas-chunks started — 103 chunks · cottas-build-00103
  Partitioned compression: HG005_GRCh38_1_22_v4.2.1_benchmark: cottas-chunks complete — 104 chunks · cottas-build-00103
  Partitioned compression: HG005_GRCh38_1_22_v4.2.1_benchmark: rdf-scan heartbeat — 309,910,056 triples · 55,834,652,564 bytes read
  Partitioned compression: HG005_GRCh38_1_22_v4.2.1_benchmark: rdf-scan heartbeat — 310,269,619 triples · 55,901,761,430 bytes read
  Partitioned compression: HG005_GRCh38_1_22_v4.2.1_benchmark: rdf-scan heartbeat — 310,629,364 triples · 55,968,870,313 bytes read
  Partitioned compression: HG005_GRCh38_1_22_v4.2.1_benchmark: rdf-scan heartbeat — 310,989,065 triples · 56,035,979,226 bytes read
  Partitioned compression: HG005_GRCh38_1_22_v4.2.1_benchmark: rdf-scan heartbeat — 311,348,651 triples · 56,103,088,132 bytes read
  Partitioned compression: HG005_GRCh38_1_22_v4.2.1_benchmark: rdf-scan heartbeat — 311,708,605 triples · 56,170,197,272 bytes read
  Partitioned compression: HG005_GRCh38_1_22_v4.2.1_benchmark: rdf-scan heartbeat — 312,068,358 triples · 56,237,306,309 bytes read
  Partitioned compression: HG005_GRCh38_1_22_v4.2.1_benchmark: rdf-scan heartbeat — 312,428,011 triples · 56,304,415,184 bytes read
  Partitioned compression: HG005_GRCh38_1_22_v4.2.1_benchmark: rdf-scan chunk — 312,787,340 triples · 105 chunks · 56,371,456,113 bytes read
  Partitioned compression: HG005_GRCh38_1_22_v4.2.1_benchmark: hdt-chunks started — 104 chunks · hdt-build-00104
  Partitioned compression: HG005_GRCh38_1_22_v4.2.1_benchmark: hdt-chunks complete — 105 chunks · hdt-build-00104
  Partitioned compression: HG005_GRCh38_1_22_v4.2.1_benchmark: cottas-chunks started — 104 chunks · cottas-build-00104
  Partitioned compression: HG005_GRCh38_1_22_v4.2.1_benchmark: cottas-chunks complete — 105 chunks · cottas-build-00104
  Partitioned compression: HG005_GRCh38_1_22_v4.2.1_benchmark: rdf-scan heartbeat — 312,787,703 triples · 56,371,524,052 bytes read
  Partitioned compression: HG005_GRCh38_1_22_v4.2.1_benchmark: rdf-scan heartbeat — 313,147,367 triples · 56,438,632,999 bytes read
  Partitioned compression: HG005_GRCh38_1_22_v4.2.1_benchmark: rdf-scan heartbeat — 313,507,007 triples · 56,505,741,869 bytes read
  Partitioned compression: HG005_GRCh38_1_22_v4.2.1_benchmark: rdf-scan heartbeat — 313,866,604 triples · 56,572,850,763 bytes read
  Partitioned compression: HG005_GRCh38_1_22_v4.2.1_benchmark: rdf-scan heartbeat — 314,226,386 triples · 56,639,959,756 bytes read
  Partitioned compression: HG005_GRCh38_1_22_v4.2.1_benchmark: rdf-scan heartbeat — 314,586,254 triples · 56,707,068,684 bytes read
  Partitioned compression: HG005_GRCh38_1_22_v4.2.1_benchmark: rdf-scan heartbeat — 314,945,995 triples · 56,774,177,548 bytes read
  Partitioned compression: HG005_GRCh38_1_22_v4.2.1_benchmark: rdf-scan heartbeat — 315,306,064 triples · 56,841,286,646 bytes read
  Partitioned compression: HG005_GRCh38_1_22_v4.2.1_benchmark: rdf-scan chunk — 315,665,626 triples · 106 chunks · 56,908,327,042 bytes read
  Partitioned compression: HG005_GRCh38_1_22_v4.2.1_benchmark: hdt-chunks started — 105 chunks · hdt-build-00105
  Partitioned compression: HG005_GRCh38_1_22_v4.2.1_benchmark: hdt-chunks complete — 106 chunks · hdt-build-00105
  Partitioned compression: HG005_GRCh38_1_22_v4.2.1_benchmark: cottas-chunks started — 105 chunks · cottas-build-00105
  Partitioned compression: HG005_GRCh38_1_22_v4.2.1_benchmark: cottas-chunks complete — 106 chunks · cottas-build-00105
  Partitioned compression: HG005_GRCh38_1_22_v4.2.1_benchmark: rdf-scan heartbeat — 315,665,992 triples · 56,908,395,701 bytes read
  Partitioned compression: HG005_GRCh38_1_22_v4.2.1_benchmark: rdf-scan heartbeat — 316,025,821 triples · 56,975,504,639 bytes read
  Partitioned compression: HG005_GRCh38_1_22_v4.2.1_benchmark: rdf-scan heartbeat — 316,385,967 triples · 57,042,613,526 bytes read
  Partitioned compression: HG005_GRCh38_1_22_v4.2.1_benchmark: rdf-scan heartbeat — 316,745,668 triples · 57,109,722,411 bytes read
  Partitioned compression: HG005_GRCh38_1_22_v4.2.1_benchmark: rdf-scan heartbeat — 317,105,460 triples · 57,176,831,278 bytes read
  Partitioned compression: HG005_GRCh38_1_22_v4.2.1_benchmark: rdf-scan heartbeat — 317,465,533 triples · 57,243,940,220 bytes read
  Partitioned compression: HG005_GRCh38_1_22_v4.2.1_benchmark: rdf-scan heartbeat — 317,825,431 triples · 57,311,049,149 bytes read
  Partitioned compression: HG005_GRCh38_1_22_v4.2.1_benchmark: rdf-scan heartbeat — 318,185,199 triples · 57,378,158,033 bytes read
  Partitioned compression: HG005_GRCh38_1_22_v4.2.1_benchmark: rdf-scan chunk — 318,544,716 triples · 107 chunks · 57,445,198,043 bytes read
  Partitioned compression: HG005_GRCh38_1_22_v4.2.1_benchmark: hdt-chunks started — 106 chunks · hdt-build-00106
  Partitioned compression: HG005_GRCh38_1_22_v4.2.1_benchmark: hdt-chunks complete — 107 chunks · hdt-build-00106
  Partitioned compression: HG005_GRCh38_1_22_v4.2.1_benchmark: cottas-chunks started — 106 chunks · cottas-build-00106
  Partitioned compression: HG005_GRCh38_1_22_v4.2.1_benchmark: cottas-chunks complete — 107 chunks · cottas-build-00106
  Partitioned compression: HG005_GRCh38_1_22_v4.2.1_benchmark: rdf-scan heartbeat — 318,545,091 triples · 57,445,266,996 bytes read
  Partitioned compression: HG005_GRCh38_1_22_v4.2.1_benchmark: rdf-scan heartbeat — 318,906,314 triples · 57,512,376,037 bytes read
  Partitioned compression: HG005_GRCh38_1_22_v4.2.1_benchmark: rdf-scan heartbeat — 319,266,060 triples · 57,579,485,300 bytes read
  Partitioned compression: HG005_GRCh38_1_22_v4.2.1_benchmark: rdf-scan heartbeat — 319,625,867 triples · 57,646,594,186 bytes read
  Partitioned compression: HG005_GRCh38_1_22_v4.2.1_benchmark: rdf-scan heartbeat — 319,985,652 triples · 57,713,703,191 bytes read
  Partitioned compression: HG005_GRCh38_1_22_v4.2.1_benchmark: rdf-scan heartbeat — 320,345,424 triples · 57,780,812,159 bytes read
  Partitioned compression: HG005_GRCh38_1_22_v4.2.1_benchmark: rdf-scan heartbeat — 320,705,317 triples · 57,847,921,055 bytes read
  Partitioned compression: HG005_GRCh38_1_22_v4.2.1_benchmark: rdf-scan heartbeat — 321,065,204 triples · 57,915,030,102 bytes read
  Partitioned compression: HG005_GRCh38_1_22_v4.2.1_benchmark: rdf-scan chunk — 321,424,710 triples · 108 chunks · 57,982,069,014 bytes read
  Partitioned compression: HG005_GRCh38_1_22_v4.2.1_benchmark: hdt-chunks started — 107 chunks · hdt-build-00107
  Partitioned compression: HG005_GRCh38_1_22_v4.2.1_benchmark: hdt-chunks complete — 108 chunks · hdt-build-00107
  Partitioned compression: HG005_GRCh38_1_22_v4.2.1_benchmark: cottas-chunks started — 107 chunks · cottas-build-00107
  Partitioned compression: HG005_GRCh38_1_22_v4.2.1_benchmark: cottas-chunks complete — 108 chunks · cottas-build-00107
  Partitioned compression: HG005_GRCh38_1_22_v4.2.1_benchmark: rdf-scan heartbeat — 321,425,085 triples · 57,982,139,490 bytes read
  Partitioned compression: HG005_GRCh38_1_22_v4.2.1_benchmark: rdf-scan heartbeat — 321,784,781 triples · 58,049,248,366 bytes read
  Partitioned compression: HG005_GRCh38_1_22_v4.2.1_benchmark: rdf-scan heartbeat — 322,144,449 triples · 58,116,357,281 bytes read
  Partitioned compression: HG005_GRCh38_1_22_v4.2.1_benchmark: rdf-scan heartbeat — 322,504,101 triples · 58,183,466,213 bytes read
  Partitioned compression: HG005_GRCh38_1_22_v4.2.1_benchmark: rdf-scan heartbeat — 322,864,000 triples · 58,250,575,171 bytes read
  Partitioned compression: HG005_GRCh38_1_22_v4.2.1_benchmark: rdf-scan heartbeat — 323,223,796 triples · 58,317,684,055 bytes read
  Partitioned compression: HG005_GRCh38_1_22_v4.2.1_benchmark: rdf-scan heartbeat — 323,583,853 triples · 58,384,792,968 bytes read
  Partitioned compression: HG005_GRCh38_1_22_v4.2.1_benchmark: rdf-scan heartbeat — 323,943,783 triples · 58,451,901,917 bytes read
  Partitioned compression: HG005_GRCh38_1_22_v4.2.1_benchmark: rdf-scan chunk — 324,303,195 triples · 109 chunks · 58,518,940,078 bytes read
  Partitioned compression: HG005_GRCh38_1_22_v4.2.1_benchmark: hdt-chunks started — 108 chunks · hdt-build-00108
  Partitioned compression: HG005_GRCh38_1_22_v4.2.1_benchmark: hdt-chunks complete — 109 chunks · hdt-build-00108
  Partitioned compression: HG005_GRCh38_1_22_v4.2.1_benchmark: cottas-chunks started — 108 chunks · cottas-build-00108
  Partitioned compression: HG005_GRCh38_1_22_v4.2.1_benchmark: cottas-chunks complete — 109 chunks · cottas-build-00108
  Partitioned compression: HG005_GRCh38_1_22_v4.2.1_benchmark: rdf-scan heartbeat — 324,303,574 triples · 58,519,010,856 bytes read
  Partitioned compression: HG005_GRCh38_1_22_v4.2.1_benchmark: rdf-scan heartbeat — 324,663,296 triples · 58,586,119,815 bytes read
  Partitioned compression: HG005_GRCh38_1_22_v4.2.1_benchmark: rdf-scan heartbeat — 325,023,140 triples · 58,653,228,729 bytes read
  Partitioned compression: HG005_GRCh38_1_22_v4.2.1_benchmark: rdf-scan heartbeat — 325,382,852 triples · 58,720,337,608 bytes read
  Partitioned compression: HG005_GRCh38_1_22_v4.2.1_benchmark: rdf-scan heartbeat — 325,742,575 triples · 58,787,446,635 bytes read
  Partitioned compression: HG005_GRCh38_1_22_v4.2.1_benchmark: rdf-scan heartbeat — 326,102,527 triples · 58,854,555,642 bytes read
  Partitioned compression: HG005_GRCh38_1_22_v4.2.1_benchmark: rdf-scan heartbeat — 326,462,211 triples · 58,921,664,535 bytes read
  Partitioned compression: HG005_GRCh38_1_22_v4.2.1_benchmark: rdf-scan heartbeat — 326,822,112 triples · 58,988,773,461 bytes read
  Partitioned compression: HG005_GRCh38_1_22_v4.2.1_benchmark: rdf-scan chunk — 327,181,578 triples · 110 chunks · 59,055,811,046 bytes read
  Partitioned compression: HG005_GRCh38_1_22_v4.2.1_benchmark: hdt-chunks started — 109 chunks · hdt-build-00109
  Partitioned compression: HG005_GRCh38_1_22_v4.2.1_benchmark: hdt-chunks complete — 110 chunks · hdt-build-00109
  Partitioned compression: HG005_GRCh38_1_22_v4.2.1_benchmark: cottas-chunks started — 109 chunks · cottas-build-00109
  Partitioned compression: HG005_GRCh38_1_22_v4.2.1_benchmark: cottas-chunks complete — 110 chunks · cottas-build-00109
  Partitioned compression: HG005_GRCh38_1_22_v4.2.1_benchmark: rdf-scan heartbeat — 327,181,958 triples · 59,055,882,325 bytes read
  Partitioned compression: HG005_GRCh38_1_22_v4.2.1_benchmark: rdf-scan heartbeat — 327,541,690 triples · 59,122,991,339 bytes read
  Partitioned compression: HG005_GRCh38_1_22_v4.2.1_benchmark: rdf-scan heartbeat — 327,901,530 triples · 59,190,100,283 bytes read
  Partitioned compression: HG005_GRCh38_1_22_v4.2.1_benchmark: rdf-scan heartbeat — 328,261,546 triples · 59,257,209,204 bytes read
  Partitioned compression: HG005_GRCh38_1_22_v4.2.1_benchmark: rdf-scan heartbeat — 328,621,443 triples · 59,324,318,073 bytes read
  Partitioned compression: HG005_GRCh38_1_22_v4.2.1_benchmark: rdf-scan heartbeat — 328,981,103 triples · 59,391,427,105 bytes read
  Partitioned compression: HG005_GRCh38_1_22_v4.2.1_benchmark: rdf-scan heartbeat — 329,340,786 triples · 59,458,536,065 bytes read
  Partitioned compression: HG005_GRCh38_1_22_v4.2.1_benchmark: rdf-scan heartbeat — 329,700,420 triples · 59,525,644,995 bytes read
  Partitioned compression: HG005_GRCh38_1_22_v4.2.1_benchmark: rdf-scan chunk — 330,060,002 triples · 111 chunks · 59,592,682,211 bytes read
  Partitioned compression: HG005_GRCh38_1_22_v4.2.1_benchmark: hdt-chunks started — 110 chunks · hdt-build-00110
  Partitioned compression: HG005_GRCh38_1_22_v4.2.1_benchmark: hdt-chunks complete — 111 chunks · hdt-build-00110
  Partitioned compression: HG005_GRCh38_1_22_v4.2.1_benchmark: cottas-chunks started — 110 chunks · cottas-build-00110
  Partitioned compression: HG005_GRCh38_1_22_v4.2.1_benchmark: cottas-chunks complete — 111 chunks · cottas-build-00110
  Partitioned compression: HG005_GRCh38_1_22_v4.2.1_benchmark: rdf-scan heartbeat — 330,060,386 triples · 59,592,753,945 bytes read
  Partitioned compression: HG005_GRCh38_1_22_v4.2.1_benchmark: rdf-scan heartbeat — 330,420,378 triples · 59,659,862,918 bytes read
  Partitioned compression: HG005_GRCh38_1_22_v4.2.1_benchmark: rdf-scan heartbeat — 330,780,186 triples · 59,726,972,249 bytes read
  Partitioned compression: HG005_GRCh38_1_22_v4.2.1_benchmark: rdf-scan heartbeat — 331,140,065 triples · 59,794,081,152 bytes read
  Partitioned compression: HG005_GRCh38_1_22_v4.2.1_benchmark: rdf-scan heartbeat — 331,499,863 triples · 59,861,190,076 bytes read
  Partitioned compression: HG005_GRCh38_1_22_v4.2.1_benchmark: rdf-scan heartbeat — 331,859,615 triples · 59,928,299,036 bytes read
  Partitioned compression: HG005_GRCh38_1_22_v4.2.1_benchmark: rdf-scan heartbeat — 332,219,346 triples · 59,995,408,071 bytes read
  Partitioned compression: HG005_GRCh38_1_22_v4.2.1_benchmark: rdf-scan heartbeat — 332,578,946 triples · 60,062,517,078 bytes read
  Partitioned compression: HG005_GRCh38_1_22_v4.2.1_benchmark: rdf-scan chunk — 332,938,684 triples · 112 chunks · 60,129,553,158 bytes read
  Partitioned compression: HG005_GRCh38_1_22_v4.2.1_benchmark: hdt-chunks started — 111 chunks · hdt-build-00111
  Partitioned compression: HG005_GRCh38_1_22_v4.2.1_benchmark: hdt-chunks complete — 112 chunks · hdt-build-00111
  Partitioned compression: HG005_GRCh38_1_22_v4.2.1_benchmark: cottas-chunks started — 111 chunks · cottas-build-00111
  Partitioned compression: HG005_GRCh38_1_22_v4.2.1_benchmark: cottas-chunks complete — 112 chunks · cottas-build-00111
  Partitioned compression: HG005_GRCh38_1_22_v4.2.1_benchmark: rdf-scan heartbeat — 332,939,077 triples · 60,129,626,076 bytes read
  Partitioned compression: HG005_GRCh38_1_22_v4.2.1_benchmark: rdf-scan heartbeat — 333,298,845 triples · 60,196,735,035 bytes read
  Partitioned compression: HG005_GRCh38_1_22_v4.2.1_benchmark: rdf-scan heartbeat — 333,658,609 triples · 60,263,844,084 bytes read
  Partitioned compression: HG005_GRCh38_1_22_v4.2.1_benchmark: rdf-scan heartbeat — 334,019,101 triples · 60,330,952,975 bytes read
  Partitioned compression: HG005_GRCh38_1_22_v4.2.1_benchmark: rdf-scan heartbeat — 334,379,053 triples · 60,398,061,859 bytes read
  Partitioned compression: HG005_GRCh38_1_22_v4.2.1_benchmark: rdf-scan heartbeat — 334,738,710 triples · 60,465,170,858 bytes read
  Partitioned compression: HG005_GRCh38_1_22_v4.2.1_benchmark: rdf-scan heartbeat — 335,098,540 triples · 60,532,279,809 bytes read
  Partitioned compression: HG005_GRCh38_1_22_v4.2.1_benchmark: rdf-scan heartbeat — 335,458,233 triples · 60,599,388,766 bytes read
  Partitioned compression: HG005_GRCh38_1_22_v4.2.1_benchmark: rdf-scan chunk — 335,817,644 triples · 113 chunks · 60,666,424,110 bytes read
  Partitioned compression: HG005_GRCh38_1_22_v4.2.1_benchmark: hdt-chunks started — 112 chunks · hdt-build-00112
  Partitioned compression: HG005_GRCh38_1_22_v4.2.1_benchmark: hdt-chunks complete — 113 chunks · hdt-build-00112
  Partitioned compression: HG005_GRCh38_1_22_v4.2.1_benchmark: cottas-chunks started — 112 chunks · cottas-build-00112
  Partitioned compression: HG005_GRCh38_1_22_v4.2.1_benchmark: cottas-chunks complete — 113 chunks · cottas-build-00112
  Partitioned compression: HG005_GRCh38_1_22_v4.2.1_benchmark: rdf-scan heartbeat — 335,818,040 triples · 60,666,497,746 bytes read
  Partitioned compression: HG005_GRCh38_1_22_v4.2.1_benchmark: rdf-scan heartbeat — 336,177,946 triples · 60,733,606,700 bytes read
  Partitioned compression: HG005_GRCh38_1_22_v4.2.1_benchmark: rdf-scan heartbeat — 336,538,176 triples · 60,800,716,239 bytes read
  Partitioned compression: HG005_GRCh38_1_22_v4.2.1_benchmark: rdf-scan heartbeat — 336,897,891 triples · 60,867,825,217 bytes read
  Partitioned compression: HG005_GRCh38_1_22_v4.2.1_benchmark: rdf-scan heartbeat — 337,257,938 triples · 60,934,934,548 bytes read
  Partitioned compression: HG005_GRCh38_1_22_v4.2.1_benchmark: rdf-scan heartbeat — 337,617,613 triples · 61,002,043,562 bytes read
  Partitioned compression: HG005_GRCh38_1_22_v4.2.1_benchmark: rdf-scan heartbeat — 337,977,294 triples · 61,069,152,505 bytes read
  Partitioned compression: HG005_GRCh38_1_22_v4.2.1_benchmark: rdf-scan heartbeat — 338,337,161 triples · 61,136,261,540 bytes read
  Partitioned compression: HG005_GRCh38_1_22_v4.2.1_benchmark: rdf-scan chunk — 338,696,601 triples · 114 chunks · 61,203,295,056 bytes read
  Partitioned compression: HG005_GRCh38_1_22_v4.2.1_benchmark: hdt-chunks started — 113 chunks · hdt-build-00113
  Partitioned compression: HG005_GRCh38_1_22_v4.2.1_benchmark: hdt-chunks complete — 114 chunks · hdt-build-00113
  Partitioned compression: HG005_GRCh38_1_22_v4.2.1_benchmark: cottas-chunks started — 113 chunks · cottas-build-00113
  Partitioned compression: HG005_GRCh38_1_22_v4.2.1_benchmark: cottas-chunks complete — 114 chunks · cottas-build-00113
  Partitioned compression: HG005_GRCh38_1_22_v4.2.1_benchmark: rdf-scan heartbeat — 338,697,007 triples · 61,203,370,557 bytes read
  Partitioned compression: HG005_GRCh38_1_22_v4.2.1_benchmark: rdf-scan heartbeat — 339,056,873 triples · 61,270,479,550 bytes read
  Partitioned compression: HG005_GRCh38_1_22_v4.2.1_benchmark: rdf-scan heartbeat — 339,416,810 triples · 61,337,588,490 bytes read
  Partitioned compression: HG005_GRCh38_1_22_v4.2.1_benchmark: rdf-scan heartbeat — 339,776,561 triples · 61,404,697,467 bytes read
  Partitioned compression: HG005_GRCh38_1_22_v4.2.1_benchmark: rdf-scan heartbeat — 340,136,410 triples · 61,471,806,424 bytes read
  Partitioned compression: HG005_GRCh38_1_22_v4.2.1_benchmark: rdf-scan heartbeat — 340,496,371 triples · 61,538,915,364 bytes read
  Partitioned compression: HG005_GRCh38_1_22_v4.2.1_benchmark: rdf-scan heartbeat — 340,856,064 triples · 61,606,024,280 bytes read
  Partitioned compression: HG005_GRCh38_1_22_v4.2.1_benchmark: rdf-scan heartbeat — 341,215,712 triples · 61,673,133,297 bytes read
  Partitioned compression: HG005_GRCh38_1_22_v4.2.1_benchmark: rdf-scan chunk — 341,575,580 triples · 115 chunks · 61,740,165,982 bytes read
  Partitioned compression: HG005_GRCh38_1_22_v4.2.1_benchmark: hdt-chunks started — 114 chunks · hdt-build-00114
  Partitioned compression: HG005_GRCh38_1_22_v4.2.1_benchmark: hdt-chunks complete — 115 chunks · hdt-build-00114
  Partitioned compression: HG005_GRCh38_1_22_v4.2.1_benchmark: cottas-chunks started — 114 chunks · cottas-build-00114
  Partitioned compression: HG005_GRCh38_1_22_v4.2.1_benchmark: cottas-chunks complete — 115 chunks · cottas-build-00114
  Partitioned compression: HG005_GRCh38_1_22_v4.2.1_benchmark: rdf-scan heartbeat — 341,575,991 triples · 61,740,242,325 bytes read
  Partitioned compression: HG005_GRCh38_1_22_v4.2.1_benchmark: rdf-scan heartbeat — 341,935,928 triples · 61,807,351,190 bytes read
  Partitioned compression: HG005_GRCh38_1_22_v4.2.1_benchmark: rdf-scan heartbeat — 342,296,121 triples · 61,874,460,485 bytes read
  Partitioned compression: HG005_GRCh38_1_22_v4.2.1_benchmark: rdf-scan heartbeat — 342,656,410 triples · 61,941,569,473 bytes read
  Partitioned compression: HG005_GRCh38_1_22_v4.2.1_benchmark: rdf-scan heartbeat — 343,016,212 triples · 62,008,678,474 bytes read
  Partitioned compression: HG005_GRCh38_1_22_v4.2.1_benchmark: rdf-scan heartbeat — 343,375,899 triples · 62,075,787,487 bytes read
  Partitioned compression: HG005_GRCh38_1_22_v4.2.1_benchmark: rdf-scan heartbeat — 343,735,696 triples · 62,142,896,414 bytes read
  Partitioned compression: HG005_GRCh38_1_22_v4.2.1_benchmark: rdf-scan heartbeat — 344,095,420 triples · 62,210,005,281 bytes read
  Partitioned compression: HG005_GRCh38_1_22_v4.2.1_benchmark: rdf-scan chunk — 344,454,674 triples · 116 chunks · 62,277,037,046 bytes read
  Partitioned compression: HG005_GRCh38_1_22_v4.2.1_benchmark: hdt-chunks started — 115 chunks · hdt-build-00115
  Partitioned compression: HG005_GRCh38_1_22_v4.2.1_benchmark: hdt-chunks complete — 116 chunks · hdt-build-00115
  Partitioned compression: HG005_GRCh38_1_22_v4.2.1_benchmark: cottas-chunks started — 115 chunks · cottas-build-00115
  Partitioned compression: HG005_GRCh38_1_22_v4.2.1_benchmark: cottas-chunks complete — 116 chunks · cottas-build-00115
  Partitioned compression: HG005_GRCh38_1_22_v4.2.1_benchmark: rdf-scan heartbeat — 344,455,085 triples · 62,277,114,174 bytes read
  Partitioned compression: HG005_GRCh38_1_22_v4.2.1_benchmark: rdf-scan heartbeat — 344,814,609 triples · 62,344,223,089 bytes read
  Partitioned compression: HG005_GRCh38_1_22_v4.2.1_benchmark: rdf-scan heartbeat — 345,174,398 triples · 62,411,332,034 bytes read
  Partitioned compression: HG005_GRCh38_1_22_v4.2.1_benchmark: rdf-scan heartbeat — 345,534,231 triples · 62,478,440,980 bytes read
  Partitioned compression: HG005_GRCh38_1_22_v4.2.1_benchmark: rdf-scan heartbeat — 345,894,288 triples · 62,545,550,013 bytes read
  Partitioned compression: HG005_GRCh38_1_22_v4.2.1_benchmark: rdf-scan heartbeat — 346,253,606 triples · 62,612,658,964 bytes read
  Partitioned compression: HG005_GRCh38_1_22_v4.2.1_benchmark: rdf-scan heartbeat — 346,611,192 triples · 62,679,767,986 bytes read
  Partitioned compression: HG005_GRCh38_1_22_v4.2.1_benchmark: rdf-scan heartbeat — 346,969,045 triples · 62,746,876,926 bytes read
  Partitioned compression: HG005_GRCh38_1_22_v4.2.1_benchmark: rdf-scan chunk — 347,326,271 triples · 117 chunks · 62,813,908,086 bytes read
  Partitioned compression: HG005_GRCh38_1_22_v4.2.1_benchmark: hdt-chunks started — 116 chunks · hdt-build-00116
  Partitioned compression: HG005_GRCh38_1_22_v4.2.1_benchmark: hdt-chunks complete — 117 chunks · hdt-build-00116
  Partitioned compression: HG005_GRCh38_1_22_v4.2.1_benchmark: cottas-chunks started — 116 chunks · cottas-build-00116
  Partitioned compression: HG005_GRCh38_1_22_v4.2.1_benchmark: cottas-chunks complete — 117 chunks · cottas-build-00116
  Partitioned compression: HG005_GRCh38_1_22_v4.2.1_benchmark: rdf-scan heartbeat — 347,326,685 triples · 62,813,985,869 bytes read
  Partitioned compression: HG005_GRCh38_1_22_v4.2.1_benchmark: rdf-scan heartbeat — 347,684,567 triples · 62,881,094,779 bytes read
  Partitioned compression: HG005_GRCh38_1_22_v4.2.1_benchmark: rdf-scan heartbeat — 348,042,315 triples · 62,948,203,693 bytes read
  Partitioned compression: HG005_GRCh38_1_22_v4.2.1_benchmark: rdf-scan heartbeat — 348,399,742 triples · 63,015,312,614 bytes read
  Partitioned compression: HG005_GRCh38_1_22_v4.2.1_benchmark: rdf-scan heartbeat — 348,757,250 triples · 63,082,421,531 bytes read
  Partitioned compression: HG005_GRCh38_1_22_v4.2.1_benchmark: rdf-scan heartbeat — 349,114,705 triples · 63,149,530,434 bytes read
  Partitioned compression: HG005_GRCh38_1_22_v4.2.1_benchmark: rdf-scan heartbeat — 349,472,451 triples · 63,216,639,362 bytes read
  Partitioned compression: HG005_GRCh38_1_22_v4.2.1_benchmark: rdf-scan heartbeat — 349,830,142 triples · 63,283,748,231 bytes read
  Partitioned compression: HG005_GRCh38_1_22_v4.2.1_benchmark: rdf-scan chunk — 350,187,419 triples · 118 chunks · 63,350,779,056 bytes read
  Partitioned compression: HG005_GRCh38_1_22_v4.2.1_benchmark: hdt-chunks started — 117 chunks · hdt-build-00117
  Partitioned compression: HG005_GRCh38_1_22_v4.2.1_benchmark: hdt-chunks complete — 118 chunks · hdt-build-00117
  Partitioned compression: HG005_GRCh38_1_22_v4.2.1_benchmark: cottas-chunks started — 117 chunks · cottas-build-00117
  Partitioned compression: HG005_GRCh38_1_22_v4.2.1_benchmark: cottas-chunks complete — 118 chunks · cottas-build-00117
  Partitioned compression: HG005_GRCh38_1_22_v4.2.1_benchmark: rdf-scan heartbeat — 350,187,840 triples · 63,350,857,141 bytes read
  Partitioned compression: HG005_GRCh38_1_22_v4.2.1_benchmark: rdf-scan heartbeat — 350,545,699 triples · 63,417,966,008 bytes read
  Partitioned compression: HG005_GRCh38_1_22_v4.2.1_benchmark: rdf-scan heartbeat — 350,903,116 triples · 63,485,074,976 bytes read
  Partitioned compression: HG005_GRCh38_1_22_v4.2.1_benchmark: rdf-scan heartbeat — 351,261,151 triples · 63,552,183,990 bytes read
  Partitioned compression: HG005_GRCh38_1_22_v4.2.1_benchmark: rdf-scan heartbeat — 351,618,501 triples · 63,619,292,938 bytes read
  Partitioned compression: HG005_GRCh38_1_22_v4.2.1_benchmark: rdf-scan heartbeat — 351,976,050 triples · 63,686,401,837 bytes read
  Partitioned compression: HG005_GRCh38_1_22_v4.2.1_benchmark: rdf-scan heartbeat — 352,333,592 triples · 63,753,511,191 bytes read
  Partitioned compression: HG005_GRCh38_1_22_v4.2.1_benchmark: rdf-scan heartbeat — 352,691,130 triples · 63,820,620,090 bytes read
  Partitioned compression: HG005_GRCh38_1_22_v4.2.1_benchmark: rdf-scan chunk — 353,048,284 triples · 119 chunks · 63,887,650,080 bytes read
  Partitioned compression: HG005_GRCh38_1_22_v4.2.1_benchmark: hdt-chunks started — 118 chunks · hdt-build-00118
  Partitioned compression: HG005_GRCh38_1_22_v4.2.1_benchmark: hdt-chunks complete — 119 chunks · hdt-build-00118
  Partitioned compression: HG005_GRCh38_1_22_v4.2.1_benchmark: cottas-chunks started — 118 chunks · cottas-build-00118
  Partitioned compression: HG005_GRCh38_1_22_v4.2.1_benchmark: cottas-chunks complete — 119 chunks · cottas-build-00118
  Partitioned compression: HG005_GRCh38_1_22_v4.2.1_benchmark: rdf-scan heartbeat — 353,048,710 triples · 63,887,729,002 bytes read
  Partitioned compression: HG005_GRCh38_1_22_v4.2.1_benchmark: rdf-scan heartbeat — 353,406,548 triples · 63,954,837,902 bytes read
  Partitioned compression: HG005_GRCh38_1_22_v4.2.1_benchmark: rdf-scan heartbeat — 353,763,873 triples · 64,021,946,783 bytes read
  Partitioned compression: HG005_GRCh38_1_22_v4.2.1_benchmark: rdf-scan heartbeat — 354,121,504 triples · 64,089,055,799 bytes read
  Partitioned compression: HG005_GRCh38_1_22_v4.2.1_benchmark: rdf-scan heartbeat — 354,478,970 triples · 64,156,164,689 bytes read
  Partitioned compression: HG005_GRCh38_1_22_v4.2.1_benchmark: rdf-scan heartbeat — 354,836,606 triples · 64,223,273,742 bytes read
  Partitioned compression: HG005_GRCh38_1_22_v4.2.1_benchmark: rdf-scan heartbeat — 355,194,291 triples · 64,290,382,749 bytes read
  Partitioned compression: HG005_GRCh38_1_22_v4.2.1_benchmark: rdf-scan heartbeat — 355,551,816 triples · 64,357,491,671 bytes read
  Partitioned compression: HG005_GRCh38_1_22_v4.2.1_benchmark: rdf-scan chunk — 355,908,872 triples · 120 chunks · 64,424,521,066 bytes read
  Partitioned compression: HG005_GRCh38_1_22_v4.2.1_benchmark: hdt-chunks started — 119 chunks · hdt-build-00119
  Partitioned compression: HG005_GRCh38_1_22_v4.2.1_benchmark: hdt-chunks complete — 120 chunks · hdt-build-00119
  Partitioned compression: HG005_GRCh38_1_22_v4.2.1_benchmark: cottas-chunks started — 119 chunks · cottas-build-00119
  Partitioned compression: HG005_GRCh38_1_22_v4.2.1_benchmark: cottas-chunks complete — 120 chunks · cottas-build-00119
  Partitioned compression: HG005_GRCh38_1_22_v4.2.1_benchmark: rdf-scan heartbeat — 355,909,294 triples · 64,424,600,947 bytes read
  Partitioned compression: HG005_GRCh38_1_22_v4.2.1_benchmark: rdf-scan heartbeat — 356,266,545 triples · 64,491,709,849 bytes read
  Partitioned compression: HG005_GRCh38_1_22_v4.2.1_benchmark: rdf-scan heartbeat — 356,623,904 triples · 64,558,818,851 bytes read
  Partitioned compression: HG005_GRCh38_1_22_v4.2.1_benchmark: rdf-scan heartbeat — 356,981,431 triples · 64,625,927,801 bytes read
  Partitioned compression: HG005_GRCh38_1_22_v4.2.1_benchmark: rdf-scan heartbeat — 357,339,157 triples · 64,693,036,791 bytes read
  Partitioned compression: HG005_GRCh38_1_22_v4.2.1_benchmark: rdf-scan heartbeat — 357,696,470 triples · 64,760,145,699 bytes read
  Partitioned compression: HG005_GRCh38_1_22_v4.2.1_benchmark: rdf-scan heartbeat — 358,053,888 triples · 64,827,254,603 bytes read
  Partitioned compression: HG005_GRCh38_1_22_v4.2.1_benchmark: rdf-scan heartbeat — 358,411,199 triples · 64,894,363,587 bytes read
  Partitioned compression: HG005_GRCh38_1_22_v4.2.1_benchmark: rdf-scan chunk — 358,768,173 triples · 121 chunks · 64,961,391,987 bytes read
  Partitioned compression: HG005_GRCh38_1_22_v4.2.1_benchmark: hdt-chunks started — 120 chunks · hdt-build-00120
  Partitioned compression: HG005_GRCh38_1_22_v4.2.1_benchmark: hdt-chunks complete — 121 chunks · hdt-build-00120
  Partitioned compression: HG005_GRCh38_1_22_v4.2.1_benchmark: cottas-chunks started — 120 chunks · cottas-build-00120
  Partitioned compression: HG005_GRCh38_1_22_v4.2.1_benchmark: cottas-chunks complete — 121 chunks · cottas-build-00120
  Partitioned compression: HG005_GRCh38_1_22_v4.2.1_benchmark: rdf-scan heartbeat — 358,768,600 triples · 64,961,472,461 bytes read
  Partitioned compression: HG005_GRCh38_1_22_v4.2.1_benchmark: rdf-scan heartbeat — 359,126,280 triples · 65,028,581,486 bytes read
  Partitioned compression: HG005_GRCh38_1_22_v4.2.1_benchmark: rdf-scan heartbeat — 359,483,802 triples · 65,095,690,405 bytes read
  Partitioned compression: HG005_GRCh38_1_22_v4.2.1_benchmark: rdf-scan heartbeat — 359,841,335 triples · 65,162,799,269 bytes read
  Partitioned compression: HG005_GRCh38_1_22_v4.2.1_benchmark: rdf-scan heartbeat — 360,198,788 triples · 65,229,908,251 bytes read
  Partitioned compression: HG005_GRCh38_1_22_v4.2.1_benchmark: rdf-scan heartbeat — 360,556,204 triples · 65,297,017,249 bytes read
  Partitioned compression: HG005_GRCh38_1_22_v4.2.1_benchmark: rdf-scan heartbeat — 360,913,983 triples · 65,364,126,197 bytes read
  Partitioned compression: HG005_GRCh38_1_22_v4.2.1_benchmark: rdf-scan heartbeat — 361,271,835 triples · 65,431,235,066 bytes read
  Partitioned compression: HG005_GRCh38_1_22_v4.2.1_benchmark: rdf-scan chunk — 361,628,919 triples · 122 chunks · 65,498,263,076 bytes read
  Partitioned compression: HG005_GRCh38_1_22_v4.2.1_benchmark: hdt-chunks started — 121 chunks · hdt-build-00121
  Partitioned compression: HG005_GRCh38_1_22_v4.2.1_benchmark: hdt-chunks complete — 122 chunks · hdt-build-00121
  Partitioned compression: HG005_GRCh38_1_22_v4.2.1_benchmark: cottas-chunks started — 121 chunks · cottas-build-00121
  Partitioned compression: HG005_GRCh38_1_22_v4.2.1_benchmark: cottas-chunks complete — 122 chunks · cottas-build-00121
  Partitioned compression: HG005_GRCh38_1_22_v4.2.1_benchmark: rdf-scan heartbeat — 361,629,356 triples · 65,498,344,010 bytes read
  Partitioned compression: HG005_GRCh38_1_22_v4.2.1_benchmark: rdf-scan heartbeat — 361,987,199 triples · 65,565,452,929 bytes read
  Partitioned compression: HG005_GRCh38_1_22_v4.2.1_benchmark: rdf-scan heartbeat — 362,344,904 triples · 65,632,561,956 bytes read
  Partitioned compression: HG005_GRCh38_1_22_v4.2.1_benchmark: rdf-scan heartbeat — 362,702,305 triples · 65,699,671,002 bytes read
  Partitioned compression: HG005_GRCh38_1_22_v4.2.1_benchmark: rdf-scan heartbeat — 363,059,932 triples · 65,766,779,910 bytes read
  Partitioned compression: HG005_GRCh38_1_22_v4.2.1_benchmark: rdf-scan heartbeat — 363,417,661 triples · 65,833,888,892 bytes read
  Partitioned compression: HG005_GRCh38_1_22_v4.2.1_benchmark: rdf-scan heartbeat — 363,775,273 triples · 65,900,997,898 bytes read
  Partitioned compression: HG005_GRCh38_1_22_v4.2.1_benchmark: rdf-scan heartbeat — 364,133,021 triples · 65,968,106,858 bytes read
  Partitioned compression: HG005_GRCh38_1_22_v4.2.1_benchmark: rdf-scan chunk — 364,490,290 triples · 123 chunks · 66,035,134,063 bytes read
  Partitioned compression: HG005_GRCh38_1_22_v4.2.1_benchmark: hdt-chunks started — 122 chunks · hdt-build-00122
  Partitioned compression: HG005_GRCh38_1_22_v4.2.1_benchmark: hdt-chunks complete — 123 chunks · hdt-build-00122
  Partitioned compression: HG005_GRCh38_1_22_v4.2.1_benchmark: cottas-chunks started — 122 chunks · cottas-build-00122
  Partitioned compression: HG005_GRCh38_1_22_v4.2.1_benchmark: cottas-chunks complete — 123 chunks · cottas-build-00122
  Partitioned compression: HG005_GRCh38_1_22_v4.2.1_benchmark: rdf-scan heartbeat — 364,490,723 triples · 66,035,215,781 bytes read
  Partitioned compression: HG005_GRCh38_1_22_v4.2.1_benchmark: rdf-scan heartbeat — 364,848,229 triples · 66,102,324,713 bytes read
  Partitioned compression: HG005_GRCh38_1_22_v4.2.1_benchmark: rdf-scan heartbeat — 365,205,643 triples · 66,169,433,591 bytes read
  Partitioned compression: HG005_GRCh38_1_22_v4.2.1_benchmark: rdf-scan heartbeat — 365,563,112 triples · 66,236,542,608 bytes read
  Partitioned compression: HG005_GRCh38_1_22_v4.2.1_benchmark: rdf-scan heartbeat — 365,920,622 triples · 66,303,651,487 bytes read
  Partitioned compression: HG005_GRCh38_1_22_v4.2.1_benchmark: rdf-scan heartbeat — 366,278,110 triples · 66,370,760,814 bytes read
  Partitioned compression: HG005_GRCh38_1_22_v4.2.1_benchmark: rdf-scan heartbeat — 366,635,785 triples · 66,437,869,780 bytes read
  Partitioned compression: HG005_GRCh38_1_22_v4.2.1_benchmark: rdf-scan heartbeat — 366,993,473 triples · 66,504,978,651 bytes read
  Partitioned compression: HG005_GRCh38_1_22_v4.2.1_benchmark: rdf-scan chunk — 367,350,546 triples · 124 chunks · 66,572,005,048 bytes read
  Partitioned compression: HG005_GRCh38_1_22_v4.2.1_benchmark: hdt-chunks started — 123 chunks · hdt-build-00123
  Partitioned compression: HG005_GRCh38_1_22_v4.2.1_benchmark: hdt-chunks complete — 124 chunks · hdt-build-00123
  Partitioned compression: HG005_GRCh38_1_22_v4.2.1_benchmark: cottas-chunks started — 123 chunks · cottas-build-00123
  Partitioned compression: HG005_GRCh38_1_22_v4.2.1_benchmark: cottas-chunks complete — 124 chunks · cottas-build-00123
  Partitioned compression: HG005_GRCh38_1_22_v4.2.1_benchmark: rdf-scan heartbeat — 367,350,986 triples · 66,572,087,602 bytes read
  Partitioned compression: HG005_GRCh38_1_22_v4.2.1_benchmark: rdf-scan heartbeat — 367,708,430 triples · 66,639,196,626 bytes read
  Partitioned compression: HG005_GRCh38_1_22_v4.2.1_benchmark: rdf-scan heartbeat — 368,066,073 triples · 66,706,305,609 bytes read
  Partitioned compression: HG005_GRCh38_1_22_v4.2.1_benchmark: rdf-scan heartbeat — 368,423,623 triples · 66,773,414,616 bytes read
  Partitioned compression: HG005_GRCh38_1_22_v4.2.1_benchmark: rdf-scan heartbeat — 368,781,227 triples · 66,840,523,543 bytes read
  Partitioned compression: HG005_GRCh38_1_22_v4.2.1_benchmark: rdf-scan heartbeat — 369,138,652 triples · 66,907,632,461 bytes read
  Partitioned compression: HG005_GRCh38_1_22_v4.2.1_benchmark: rdf-scan heartbeat — 369,496,230 triples · 66,974,741,331 bytes read
  Partitioned compression: HG005_GRCh38_1_22_v4.2.1_benchmark: rdf-scan heartbeat — 369,854,209 triples · 67,041,850,706 bytes read
  Partitioned compression: HG005_GRCh38_1_22_v4.2.1_benchmark: rdf-scan chunk — 370,211,059 triples · 125 chunks · 67,108,875,990 bytes read
  Partitioned compression: HG005_GRCh38_1_22_v4.2.1_benchmark: hdt-chunks started — 124 chunks · hdt-build-00124
  Partitioned compression: HG005_GRCh38_1_22_v4.2.1_benchmark: hdt-chunks complete — 125 chunks · hdt-build-00124
  Partitioned compression: HG005_GRCh38_1_22_v4.2.1_benchmark: cottas-chunks started — 124 chunks · cottas-build-00124
  Partitioned compression: HG005_GRCh38_1_22_v4.2.1_benchmark: cottas-chunks complete — 125 chunks · cottas-build-00124
  Partitioned compression: HG005_GRCh38_1_22_v4.2.1_benchmark: rdf-scan heartbeat — 370,211,503 triples · 67,108,959,615 bytes read
  Partitioned compression: HG005_GRCh38_1_22_v4.2.1_benchmark: rdf-scan heartbeat — 370,568,997 triples · 67,176,068,497 bytes read
  Partitioned compression: HG005_GRCh38_1_22_v4.2.1_benchmark: rdf-scan heartbeat — 370,926,451 triples · 67,243,177,470 bytes read
  Partitioned compression: HG005_GRCh38_1_22_v4.2.1_benchmark: rdf-scan heartbeat — 371,283,802 triples · 67,310,286,510 bytes read
  Partitioned compression: HG005_GRCh38_1_22_v4.2.1_benchmark: rdf-scan heartbeat — 371,641,296 triples · 67,377,395,444 bytes read
  Partitioned compression: HG005_GRCh38_1_22_v4.2.1_benchmark: rdf-scan heartbeat — 371,998,842 triples · 67,444,504,720 bytes read
  Partitioned compression: HG005_GRCh38_1_22_v4.2.1_benchmark: rdf-scan heartbeat — 372,376,149 triples · 67,511,613,701 bytes read
  Partitioned compression: HG005_GRCh38_1_22_v4.2.1_benchmark: rdf-scan heartbeat — 372,768,132 triples · 67,578,722,586 bytes read
  Partitioned compression: HG005_GRCh38_1_22_v4.2.1_benchmark: rdf-scan chunk — 373,124,986 triples · 126 chunks · 67,645,746,954 bytes read
  Partitioned compression: HG005_GRCh38_1_22_v4.2.1_benchmark: hdt-chunks started — 125 chunks · hdt-build-00125
  Partitioned compression: HG005_GRCh38_1_22_v4.2.1_benchmark: hdt-chunks complete — 126 chunks · hdt-build-00125
  Partitioned compression: HG005_GRCh38_1_22_v4.2.1_benchmark: cottas-chunks started — 125 chunks · cottas-build-00125
  Partitioned compression: HG005_GRCh38_1_22_v4.2.1_benchmark: cottas-chunks complete — 126 chunks · cottas-build-00125
  Partitioned compression: HG005_GRCh38_1_22_v4.2.1_benchmark: rdf-scan heartbeat — 373,125,437 triples · 67,645,831,625 bytes read
  Partitioned compression: HG005_GRCh38_1_22_v4.2.1_benchmark: rdf-scan heartbeat — 373,482,988 triples · 67,712,940,656 bytes read
  Partitioned compression: HG005_GRCh38_1_22_v4.2.1_benchmark: rdf-scan heartbeat — 373,840,510 triples · 67,780,049,655 bytes read
  Partitioned compression: HG005_GRCh38_1_22_v4.2.1_benchmark: rdf-scan heartbeat — 374,198,051 triples · 67,847,158,946 bytes read
  Partitioned compression: HG005_GRCh38_1_22_v4.2.1_benchmark: rdf-scan heartbeat — 374,555,824 triples · 67,914,267,967 bytes read
  Partitioned compression: HG005_GRCh38_1_22_v4.2.1_benchmark: rdf-scan heartbeat — 374,913,553 triples · 67,981,376,985 bytes read
  Partitioned compression: HG005_GRCh38_1_22_v4.2.1_benchmark: rdf-scan heartbeat — 375,271,155 triples · 68,048,485,915 bytes read
  Partitioned compression: HG005_GRCh38_1_22_v4.2.1_benchmark: rdf-scan heartbeat — 375,628,893 triples · 68,115,594,848 bytes read
  Partitioned compression: HG005_GRCh38_1_22_v4.2.1_benchmark: rdf-scan chunk — 375,986,134 triples · 127 chunks · 68,182,617,919 bytes read
  Partitioned compression: HG005_GRCh38_1_22_v4.2.1_benchmark: hdt-chunks started — 126 chunks · hdt-build-00126
  Partitioned compression: HG005_GRCh38_1_22_v4.2.1_benchmark: hdt-chunks complete — 127 chunks · hdt-build-00126
  Partitioned compression: HG005_GRCh38_1_22_v4.2.1_benchmark: cottas-chunks started — 126 chunks · cottas-build-00126
  Partitioned compression: HG005_GRCh38_1_22_v4.2.1_benchmark: cottas-chunks complete — 127 chunks · cottas-build-00126
  Partitioned compression: HG005_GRCh38_1_22_v4.2.1_benchmark: rdf-scan heartbeat — 375,986,591 triples · 68,182,703,783 bytes read
  Partitioned compression: HG005_GRCh38_1_22_v4.2.1_benchmark: rdf-scan heartbeat — 376,344,263 triples · 68,249,812,824 bytes read
  Partitioned compression: HG005_GRCh38_1_22_v4.2.1_benchmark: rdf-scan heartbeat — 376,702,106 triples · 68,316,921,777 bytes read
  Partitioned compression: HG005_GRCh38_1_22_v4.2.1_benchmark: rdf-scan heartbeat — 377,059,671 triples · 68,384,030,808 bytes read
  Partitioned compression: HG005_GRCh38_1_22_v4.2.1_benchmark: rdf-scan heartbeat — 377,417,289 triples · 68,451,139,806 bytes read
  Partitioned compression: HG005_GRCh38_1_22_v4.2.1_benchmark: rdf-scan heartbeat — 377,774,837 triples · 68,518,248,842 bytes read
  Partitioned compression: HG005_GRCh38_1_22_v4.2.1_benchmark: rdf-scan heartbeat — 378,132,498 triples · 68,585,357,733 bytes read
  Partitioned compression: HG005_GRCh38_1_22_v4.2.1_benchmark: rdf-scan heartbeat — 378,490,061 triples · 68,652,466,615 bytes read
  Partitioned compression: HG005_GRCh38_1_22_v4.2.1_benchmark: rdf-scan chunk — 378,847,216 triples · 128 chunks · 68,719,488,992 bytes read
  Partitioned compression: HG005_GRCh38_1_22_v4.2.1_benchmark: hdt-chunks started — 127 chunks · hdt-build-00127
  Partitioned compression: HG005_GRCh38_1_22_v4.2.1_benchmark: hdt-chunks complete — 128 chunks · hdt-build-00127
  Partitioned compression: HG005_GRCh38_1_22_v4.2.1_benchmark: cottas-chunks started — 127 chunks · cottas-build-00127
  Partitioned compression: HG005_GRCh38_1_22_v4.2.1_benchmark: cottas-chunks complete — 128 chunks · cottas-build-00127
  Partitioned compression: HG005_GRCh38_1_22_v4.2.1_benchmark: rdf-scan heartbeat — 378,847,677 triples · 68,719,575,656 bytes read
  Partitioned compression: HG005_GRCh38_1_22_v4.2.1_benchmark: rdf-scan heartbeat — 379,205,312 triples · 68,786,684,615 bytes read
  Partitioned compression: HG005_GRCh38_1_22_v4.2.1_benchmark: rdf-scan heartbeat — 379,562,983 triples · 68,853,793,549 bytes read
  Partitioned compression: HG005_GRCh38_1_22_v4.2.1_benchmark: rdf-scan heartbeat — 379,920,445 triples · 68,920,902,648 bytes read
  Partitioned compression: HG005_GRCh38_1_22_v4.2.1_benchmark: rdf-scan heartbeat — 380,278,016 triples · 68,988,011,538 bytes read
  Partitioned compression: HG005_GRCh38_1_22_v4.2.1_benchmark: rdf-scan heartbeat — 380,635,354 triples · 69,055,120,521 bytes read
  Partitioned compression: HG005_GRCh38_1_22_v4.2.1_benchmark: rdf-scan heartbeat — 380,992,710 triples · 69,122,229,418 bytes read
  Partitioned compression: HG005_GRCh38_1_22_v4.2.1_benchmark: rdf-scan heartbeat — 381,350,139 triples · 69,189,338,435 bytes read
  Partitioned compression: HG005_GRCh38_1_22_v4.2.1_benchmark: rdf-scan chunk — 381,706,955 triples · 129 chunks · 69,256,359,930 bytes read
  Partitioned compression: HG005_GRCh38_1_22_v4.2.1_benchmark: hdt-chunks started — 128 chunks · hdt-build-00128
  Partitioned compression: HG005_GRCh38_1_22_v4.2.1_benchmark: hdt-chunks complete — 129 chunks · hdt-build-00128
  Partitioned compression: HG005_GRCh38_1_22_v4.2.1_benchmark: cottas-chunks started — 128 chunks · cottas-build-00128
  Partitioned compression: HG005_GRCh38_1_22_v4.2.1_benchmark: cottas-chunks complete — 129 chunks · cottas-build-00128
  Partitioned compression: HG005_GRCh38_1_22_v4.2.1_benchmark: rdf-scan heartbeat — 381,707,421 triples · 69,256,447,413 bytes read
  Partitioned compression: HG005_GRCh38_1_22_v4.2.1_benchmark: rdf-scan heartbeat — 382,064,849 triples · 69,323,556,322 bytes read
  Partitioned compression: HG005_GRCh38_1_22_v4.2.1_benchmark: rdf-scan heartbeat — 382,422,232 triples · 69,390,665,355 bytes read
  Partitioned compression: HG005_GRCh38_1_22_v4.2.1_benchmark: rdf-scan heartbeat — 382,779,772 triples · 69,457,774,275 bytes read
  Partitioned compression: HG005_GRCh38_1_22_v4.2.1_benchmark: rdf-scan heartbeat — 383,137,711 triples · 69,524,883,241 bytes read
  Partitioned compression: HG005_GRCh38_1_22_v4.2.1_benchmark: rdf-scan heartbeat — 383,495,615 triples · 69,591,992,273 bytes read
  Partitioned compression: HG005_GRCh38_1_22_v4.2.1_benchmark: rdf-scan heartbeat — 383,853,244 triples · 69,659,101,222 bytes read
  Partitioned compression: HG005_GRCh38_1_22_v4.2.1_benchmark: rdf-scan heartbeat — 384,210,623 triples · 69,726,210,127 bytes read
  Partitioned compression: HG005_GRCh38_1_22_v4.2.1_benchmark: rdf-scan chunk — 384,567,613 triples · 130 chunks · 69,793,230,911 bytes read
  Partitioned compression: HG005_GRCh38_1_22_v4.2.1_benchmark: hdt-chunks started — 129 chunks · hdt-build-00129
  Partitioned compression: HG005_GRCh38_1_22_v4.2.1_benchmark: hdt-chunks complete — 130 chunks · hdt-build-00129
  Partitioned compression: HG005_GRCh38_1_22_v4.2.1_benchmark: cottas-chunks started — 129 chunks · cottas-build-00129
  Partitioned compression: HG005_GRCh38_1_22_v4.2.1_benchmark: cottas-chunks complete — 130 chunks · cottas-build-00129
  Partitioned compression: HG005_GRCh38_1_22_v4.2.1_benchmark: rdf-scan heartbeat — 384,568,080 triples · 69,793,318,992 bytes read
  Partitioned compression: HG005_GRCh38_1_22_v4.2.1_benchmark: rdf-scan heartbeat — 384,925,396 triples · 69,860,427,923 bytes read
  Partitioned compression: HG005_GRCh38_1_22_v4.2.1_benchmark: rdf-scan heartbeat — 385,282,827 triples · 69,927,536,916 bytes read
  Partitioned compression: HG005_GRCh38_1_22_v4.2.1_benchmark: rdf-scan heartbeat — 385,640,166 triples · 69,994,645,819 bytes read
  Partitioned compression: HG005_GRCh38_1_22_v4.2.1_benchmark: rdf-scan heartbeat — 385,997,912 triples · 70,061,754,898 bytes read
  Partitioned compression: HG005_GRCh38_1_22_v4.2.1_benchmark: rdf-scan heartbeat — 386,355,657 triples · 70,128,863,847 bytes read
  Partitioned compression: HG005_GRCh38_1_22_v4.2.1_benchmark: rdf-scan heartbeat — 386,713,070 triples · 70,195,972,780 bytes read
  Partitioned compression: HG005_GRCh38_1_22_v4.2.1_benchmark: rdf-scan heartbeat — 387,070,406 triples · 70,263,082,166 bytes read
  Partitioned compression: HG005_GRCh38_1_22_v4.2.1_benchmark: rdf-scan chunk — 387,427,267 triples · 131 chunks · 70,330,102,015 bytes read
  Partitioned compression: HG005_GRCh38_1_22_v4.2.1_benchmark: hdt-chunks started — 130 chunks · hdt-build-00130
  Partitioned compression: HG005_GRCh38_1_22_v4.2.1_benchmark: hdt-chunks complete — 131 chunks · hdt-build-00130
  Partitioned compression: HG005_GRCh38_1_22_v4.2.1_benchmark: cottas-chunks started — 130 chunks · cottas-build-00130
  Partitioned compression: HG005_GRCh38_1_22_v4.2.1_benchmark: cottas-chunks complete — 131 chunks · cottas-build-00130
  Partitioned compression: HG005_GRCh38_1_22_v4.2.1_benchmark: rdf-scan heartbeat — 387,427,742 triples · 70,330,191,124 bytes read
  Partitioned compression: HG005_GRCh38_1_22_v4.2.1_benchmark: rdf-scan heartbeat — 387,785,307 triples · 70,397,300,007 bytes read
  Partitioned compression: HG005_GRCh38_1_22_v4.2.1_benchmark: rdf-scan heartbeat — 388,144,902 triples · 70,464,409,053 bytes read
  Partitioned compression: HG005_GRCh38_1_22_v4.2.1_benchmark: rdf-scan heartbeat — 388,503,339 triples · 70,531,517,924 bytes read
  Partitioned compression: HG005_GRCh38_1_22_v4.2.1_benchmark: rdf-scan heartbeat — 388,861,514 triples · 70,598,626,851 bytes read
  Partitioned compression: HG005_GRCh38_1_22_v4.2.1_benchmark: rdf-scan heartbeat — 389,219,116 triples · 70,665,735,823 bytes read
  Partitioned compression: HG005_GRCh38_1_22_v4.2.1_benchmark: rdf-scan heartbeat — 389,576,719 triples · 70,732,844,782 bytes read
  Partitioned compression: HG005_GRCh38_1_22_v4.2.1_benchmark: rdf-scan heartbeat — 389,934,439 triples · 70,799,953,669 bytes read
  Partitioned compression: HG005_GRCh38_1_22_v4.2.1_benchmark: rdf-scan chunk — 390,291,817 triples · 132 chunks · 70,866,973,102 bytes read
  Partitioned compression: HG005_GRCh38_1_22_v4.2.1_benchmark: hdt-chunks started — 131 chunks · hdt-build-00131
  Partitioned compression: HG005_GRCh38_1_22_v4.2.1_benchmark: hdt-chunks complete — 132 chunks · hdt-build-00131
  Partitioned compression: HG005_GRCh38_1_22_v4.2.1_benchmark: cottas-chunks started — 131 chunks · cottas-build-00131
  Partitioned compression: HG005_GRCh38_1_22_v4.2.1_benchmark: cottas-chunks complete — 132 chunks · cottas-build-00131
  Partitioned compression: HG005_GRCh38_1_22_v4.2.1_benchmark: rdf-scan heartbeat — 390,292,294 triples · 70,867,062,633 bytes read
  Partitioned compression: HG005_GRCh38_1_22_v4.2.1_benchmark: rdf-scan heartbeat — 390,650,429 triples · 70,934,171,574 bytes read
  Partitioned compression: HG005_GRCh38_1_22_v4.2.1_benchmark: rdf-scan heartbeat — 391,008,241 triples · 71,001,280,515 bytes read
  Partitioned compression: HG005_GRCh38_1_22_v4.2.1_benchmark: rdf-scan heartbeat — 391,365,713 triples · 71,068,389,526 bytes read
  Partitioned compression: HG005_GRCh38_1_22_v4.2.1_benchmark: rdf-scan heartbeat — 391,723,316 triples · 71,135,498,486 bytes read
  Partitioned compression: HG005_GRCh38_1_22_v4.2.1_benchmark: rdf-scan heartbeat — 392,080,851 triples · 71,202,607,391 bytes read
  Partitioned compression: HG005_GRCh38_1_22_v4.2.1_benchmark: rdf-scan heartbeat — 392,438,426 triples · 71,269,716,255 bytes read
  Partitioned compression: HG005_GRCh38_1_22_v4.2.1_benchmark: rdf-scan heartbeat — 392,796,239 triples · 71,336,825,205 bytes read
  Partitioned compression: HG005_GRCh38_1_22_v4.2.1_benchmark: rdf-scan chunk — 393,153,274 triples · 133 chunks · 71,403,844,039 bytes read
  Partitioned compression: HG005_GRCh38_1_22_v4.2.1_benchmark: hdt-chunks started — 132 chunks · hdt-build-00132
  Partitioned compression: HG005_GRCh38_1_22_v4.2.1_benchmark: hdt-chunks complete — 133 chunks · hdt-build-00132
  Partitioned compression: HG005_GRCh38_1_22_v4.2.1_benchmark: cottas-chunks started — 132 chunks · cottas-build-00132
  Partitioned compression: HG005_GRCh38_1_22_v4.2.1_benchmark: cottas-chunks complete — 133 chunks · cottas-build-00132
  Partitioned compression: HG005_GRCh38_1_22_v4.2.1_benchmark: rdf-scan heartbeat — 393,153,756 triples · 71,403,934,088 bytes read
  Partitioned compression: HG005_GRCh38_1_22_v4.2.1_benchmark: rdf-scan heartbeat — 393,511,750 triples · 71,471,042,996 bytes read
  Partitioned compression: HG005_GRCh38_1_22_v4.2.1_benchmark: rdf-scan heartbeat — 393,869,467 triples · 71,538,151,885 bytes read
  Partitioned compression: HG005_GRCh38_1_22_v4.2.1_benchmark: rdf-scan heartbeat — 394,227,363 triples · 71,605,260,926 bytes read
  Partitioned compression: HG005_GRCh38_1_22_v4.2.1_benchmark: rdf-scan heartbeat — 394,585,081 triples · 71,672,369,953 bytes read
  Partitioned compression: HG005_GRCh38_1_22_v4.2.1_benchmark: rdf-scan heartbeat — 394,942,960 triples · 71,739,478,895 bytes read
  Partitioned compression: HG005_GRCh38_1_22_v4.2.1_benchmark: rdf-scan heartbeat — 395,300,712 triples · 71,806,587,789 bytes read
  Partitioned compression: HG005_GRCh38_1_22_v4.2.1_benchmark: rdf-scan heartbeat — 395,657,688 triples · 71,873,696,693 bytes read
  Partitioned compression: HG005_GRCh38_1_22_v4.2.1_benchmark: rdf-scan chunk — 396,014,307 triples · 134 chunks · 71,940,715,054 bytes read
  Partitioned compression: HG005_GRCh38_1_22_v4.2.1_benchmark: hdt-chunks started — 133 chunks · hdt-build-00133
  Partitioned compression: HG005_GRCh38_1_22_v4.2.1_benchmark: hdt-chunks complete — 134 chunks · hdt-build-00133
  Partitioned compression: HG005_GRCh38_1_22_v4.2.1_benchmark: cottas-chunks started — 133 chunks · cottas-build-00133
  Partitioned compression: HG005_GRCh38_1_22_v4.2.1_benchmark: cottas-chunks complete — 134 chunks · cottas-build-00133
  Partitioned compression: HG005_GRCh38_1_22_v4.2.1_benchmark: rdf-scan heartbeat — 396,014,792 triples · 71,940,805,703 bytes read
  Partitioned compression: HG005_GRCh38_1_22_v4.2.1_benchmark: rdf-scan heartbeat — 396,372,706 triples · 72,007,914,620 bytes read
  Partitioned compression: HG005_GRCh38_1_22_v4.2.1_benchmark: rdf-scan heartbeat — 396,730,402 triples · 72,075,024,085 bytes read
  Partitioned compression: HG005_GRCh38_1_22_v4.2.1_benchmark: rdf-scan heartbeat — 397,087,581 triples · 72,142,133,087 bytes read
  Partitioned compression: HG005_GRCh38_1_22_v4.2.1_benchmark: rdf-scan heartbeat — 397,444,724 triples · 72,209,242,039 bytes read
  Partitioned compression: HG005_GRCh38_1_22_v4.2.1_benchmark: rdf-scan heartbeat — 397,802,028 triples · 72,276,350,976 bytes read
  Partitioned compression: HG005_GRCh38_1_22_v4.2.1_benchmark: rdf-scan heartbeat — 398,159,462 triples · 72,343,459,917 bytes read
  Partitioned compression: HG005_GRCh38_1_22_v4.2.1_benchmark: rdf-scan heartbeat — 398,516,975 triples · 72,410,568,966 bytes read
  Partitioned compression: HG005_GRCh38_1_22_v4.2.1_benchmark: rdf-scan chunk — 398,874,017 triples · 135 chunks · 72,477,586,168 bytes read
  Partitioned compression: HG005_GRCh38_1_22_v4.2.1_benchmark: hdt-chunks started — 134 chunks · hdt-build-00134
  Partitioned compression: HG005_GRCh38_1_22_v4.2.1_benchmark: hdt-chunks complete — 135 chunks · hdt-build-00134
  Partitioned compression: HG005_GRCh38_1_22_v4.2.1_benchmark: cottas-chunks started — 134 chunks · cottas-build-00134
  Partitioned compression: HG005_GRCh38_1_22_v4.2.1_benchmark: cottas-chunks complete — 135 chunks · cottas-build-00134
  Partitioned compression: HG005_GRCh38_1_22_v4.2.1_benchmark: rdf-scan heartbeat — 398,874,503 triples · 72,477,677,879 bytes read
  Partitioned compression: HG005_GRCh38_1_22_v4.2.1_benchmark: rdf-scan heartbeat — 399,232,430 triples · 72,544,786,768 bytes read
  Partitioned compression: HG005_GRCh38_1_22_v4.2.1_benchmark: rdf-scan heartbeat — 399,589,927 triples · 72,611,895,666 bytes read
  Partitioned compression: HG005_GRCh38_1_22_v4.2.1_benchmark: rdf-scan heartbeat — 399,947,360 triples · 72,679,004,658 bytes read
  Partitioned compression: HG005_GRCh38_1_22_v4.2.1_benchmark: rdf-scan heartbeat — 400,304,695 triples · 72,746,113,616 bytes read
  Partitioned compression: HG005_GRCh38_1_22_v4.2.1_benchmark: rdf-scan heartbeat — 400,662,247 triples · 72,813,222,482 bytes read
  Partitioned compression: HG005_GRCh38_1_22_v4.2.1_benchmark: rdf-scan heartbeat — 401,019,837 triples · 72,880,331,460 bytes read
  Partitioned compression: HG005_GRCh38_1_22_v4.2.1_benchmark: rdf-scan heartbeat — 401,377,516 triples · 72,947,440,354 bytes read
  Partitioned compression: HG005_GRCh38_1_22_v4.2.1_benchmark: rdf-scan chunk — 401,734,590 triples · 136 chunks · 73,014,457,144 bytes read
  Partitioned compression: HG005_GRCh38_1_22_v4.2.1_benchmark: hdt-chunks started — 135 chunks · hdt-build-00135
  Partitioned compression: HG005_GRCh38_1_22_v4.2.1_benchmark: hdt-chunks complete — 136 chunks · hdt-build-00135
  Partitioned compression: HG005_GRCh38_1_22_v4.2.1_benchmark: cottas-chunks started — 135 chunks · cottas-build-00135
  Partitioned compression: HG005_GRCh38_1_22_v4.2.1_benchmark: cottas-chunks complete — 136 chunks · cottas-build-00135
  Partitioned compression: HG005_GRCh38_1_22_v4.2.1_benchmark: rdf-scan heartbeat — 401,735,081 triples · 73,014,549,257 bytes read
  Partitioned compression: HG005_GRCh38_1_22_v4.2.1_benchmark: rdf-scan heartbeat — 402,092,675 triples · 73,081,658,285 bytes read
  Partitioned compression: HG005_GRCh38_1_22_v4.2.1_benchmark: rdf-scan heartbeat — 402,450,239 triples · 73,148,767,237 bytes read
  Partitioned compression: HG005_GRCh38_1_22_v4.2.1_benchmark: rdf-scan heartbeat — 402,807,868 triples · 73,215,876,122 bytes read
  Partitioned compression: HG005_GRCh38_1_22_v4.2.1_benchmark: rdf-scan heartbeat — 403,165,367 triples · 73,282,985,137 bytes read
  Partitioned compression: HG005_GRCh38_1_22_v4.2.1_benchmark: rdf-scan heartbeat — 403,522,913 triples · 73,350,094,179 bytes read
  Partitioned compression: HG005_GRCh38_1_22_v4.2.1_benchmark: rdf-scan heartbeat — 403,880,384 triples · 73,417,203,092 bytes read
  Partitioned compression: HG005_GRCh38_1_22_v4.2.1_benchmark: rdf-scan heartbeat — 404,237,879 triples · 73,484,311,985 bytes read
  Partitioned compression: HG005_GRCh38_1_22_v4.2.1_benchmark: rdf-scan chunk — 404,594,845 triples · 137 chunks · 73,551,328,233 bytes read
  Partitioned compression: HG005_GRCh38_1_22_v4.2.1_benchmark: hdt-chunks started — 136 chunks · hdt-build-00136
  Partitioned compression: HG005_GRCh38_1_22_v4.2.1_benchmark: hdt-chunks complete — 137 chunks · hdt-build-00136
  Partitioned compression: HG005_GRCh38_1_22_v4.2.1_benchmark: cottas-chunks started — 136 chunks · cottas-build-00136
  Partitioned compression: HG005_GRCh38_1_22_v4.2.1_benchmark: cottas-chunks complete — 137 chunks · cottas-build-00136
  Partitioned compression: HG005_GRCh38_1_22_v4.2.1_benchmark: rdf-scan heartbeat — 404,595,339 triples · 73,551,420,955 bytes read
  Partitioned compression: HG005_GRCh38_1_22_v4.2.1_benchmark: rdf-scan heartbeat — 404,952,676 triples · 73,618,529,858 bytes read
  Partitioned compression: HG005_GRCh38_1_22_v4.2.1_benchmark: rdf-scan heartbeat — 405,309,982 triples · 73,685,638,729 bytes read
  Partitioned compression: HG005_GRCh38_1_22_v4.2.1_benchmark: rdf-scan heartbeat — 405,667,565 triples · 73,752,747,695 bytes read
  Partitioned compression: HG005_GRCh38_1_22_v4.2.1_benchmark: rdf-scan heartbeat — 406,025,594 triples · 73,819,856,662 bytes read
  Partitioned compression: HG005_GRCh38_1_22_v4.2.1_benchmark: rdf-scan heartbeat — 406,382,794 triples · 73,886,965,804 bytes read
  Partitioned compression: HG005_GRCh38_1_22_v4.2.1_benchmark: rdf-scan heartbeat — 406,740,242 triples · 73,954,074,739 bytes read
  Partitioned compression: HG005_GRCh38_1_22_v4.2.1_benchmark: rdf-scan heartbeat — 407,097,477 triples · 74,021,183,731 bytes read
  Partitioned compression: HG005_GRCh38_1_22_v4.2.1_benchmark: rdf-scan chunk — 407,454,433 triples · 138 chunks · 74,088,199,151 bytes read
  Partitioned compression: HG005_GRCh38_1_22_v4.2.1_benchmark: hdt-chunks started — 137 chunks · hdt-build-00137
  Partitioned compression: HG005_GRCh38_1_22_v4.2.1_benchmark: hdt-chunks complete — 138 chunks · hdt-build-00137
  Partitioned compression: HG005_GRCh38_1_22_v4.2.1_benchmark: cottas-chunks started — 137 chunks · cottas-build-00137
  Partitioned compression: HG005_GRCh38_1_22_v4.2.1_benchmark: cottas-chunks complete — 138 chunks · cottas-build-00137
  Partitioned compression: HG005_GRCh38_1_22_v4.2.1_benchmark: rdf-scan heartbeat — 407,454,928 triples · 74,088,292,754 bytes read
  Partitioned compression: HG005_GRCh38_1_22_v4.2.1_benchmark: rdf-scan heartbeat — 407,812,450 triples · 74,155,401,717 bytes read
  Partitioned compression: HG005_GRCh38_1_22_v4.2.1_benchmark: rdf-scan heartbeat — 408,169,929 triples · 74,222,510,655 bytes read
  Partitioned compression: HG005_GRCh38_1_22_v4.2.1_benchmark: rdf-scan heartbeat — 408,527,341 triples · 74,289,619,627 bytes read
  Partitioned compression: HG005_GRCh38_1_22_v4.2.1_benchmark: rdf-scan heartbeat — 408,884,896 triples · 74,356,728,619 bytes read
  Partitioned compression: HG005_GRCh38_1_22_v4.2.1_benchmark: rdf-scan heartbeat — 409,242,713 triples · 74,423,837,521 bytes read
  Partitioned compression: HG005_GRCh38_1_22_v4.2.1_benchmark: rdf-scan heartbeat — 409,600,592 triples · 74,490,946,563 bytes read
  Partitioned compression: HG005_GRCh38_1_22_v4.2.1_benchmark: rdf-scan heartbeat — 409,958,844 triples · 74,558,055,433 bytes read
  Partitioned compression: HG005_GRCh38_1_22_v4.2.1_benchmark: rdf-scan chunk — 410,315,899 triples · 139 chunks · 74,625,070,081 bytes read
  Partitioned compression: HG005_GRCh38_1_22_v4.2.1_benchmark: hdt-chunks started — 138 chunks · hdt-build-00138
  Partitioned compression: HG005_GRCh38_1_22_v4.2.1_benchmark: hdt-chunks complete — 139 chunks · hdt-build-00138
  Partitioned compression: HG005_GRCh38_1_22_v4.2.1_benchmark: cottas-chunks started — 138 chunks · cottas-build-00138
  Partitioned compression: HG005_GRCh38_1_22_v4.2.1_benchmark: cottas-chunks complete — 139 chunks · cottas-build-00138
  Partitioned compression: HG005_GRCh38_1_22_v4.2.1_benchmark: rdf-scan heartbeat — 410,316,399 triples · 74,625,164,306 bytes read
  Partitioned compression: HG005_GRCh38_1_22_v4.2.1_benchmark: rdf-scan heartbeat — 410,674,094 triples · 74,692,273,283 bytes read
  Partitioned compression: HG005_GRCh38_1_22_v4.2.1_benchmark: rdf-scan heartbeat — 411,031,680 triples · 74,759,382,149 bytes read
  Partitioned compression: HG005_GRCh38_1_22_v4.2.1_benchmark: rdf-scan heartbeat — 411,389,270 triples · 74,826,491,065 bytes read
  Partitioned compression: HG005_GRCh38_1_22_v4.2.1_benchmark: rdf-scan heartbeat — 411,747,110 triples · 74,893,600,028 bytes read
  Partitioned compression: HG005_GRCh38_1_22_v4.2.1_benchmark: rdf-scan heartbeat — 412,104,596 triples · 74,960,708,937 bytes read
  Partitioned compression: HG005_GRCh38_1_22_v4.2.1_benchmark: rdf-scan heartbeat — 412,462,473 triples · 75,027,817,842 bytes read
  Partitioned compression: HG005_GRCh38_1_22_v4.2.1_benchmark: rdf-scan heartbeat — 412,819,855 triples · 75,094,926,845 bytes read
  Partitioned compression: HG005_GRCh38_1_22_v4.2.1_benchmark: rdf-scan chunk — 413,176,798 triples · 140 chunks · 75,161,941,097 bytes read
  Partitioned compression: HG005_GRCh38_1_22_v4.2.1_benchmark: hdt-chunks started — 139 chunks · hdt-build-00139
  Partitioned compression: HG005_GRCh38_1_22_v4.2.1_benchmark: hdt-chunks complete — 140 chunks · hdt-build-00139
  Partitioned compression: HG005_GRCh38_1_22_v4.2.1_benchmark: cottas-chunks started — 139 chunks · cottas-build-00139
  Partitioned compression: HG005_GRCh38_1_22_v4.2.1_benchmark: cottas-chunks complete — 140 chunks · cottas-build-00139
  Partitioned compression: HG005_GRCh38_1_22_v4.2.1_benchmark: rdf-scan heartbeat — 413,177,299 triples · 75,162,035,714 bytes read
  Partitioned compression: HG005_GRCh38_1_22_v4.2.1_benchmark: rdf-scan heartbeat — 413,534,635 triples · 75,229,144,660 bytes read
  Partitioned compression: HG005_GRCh38_1_22_v4.2.1_benchmark: rdf-scan heartbeat — 413,892,330 triples · 75,296,253,543 bytes read
  Partitioned compression: HG005_GRCh38_1_22_v4.2.1_benchmark: rdf-scan heartbeat — 414,250,357 triples · 75,363,362,495 bytes read
  Partitioned compression: HG005_GRCh38_1_22_v4.2.1_benchmark: rdf-scan heartbeat — 414,608,492 triples · 75,430,471,425 bytes read
  Partitioned compression: HG005_GRCh38_1_22_v4.2.1_benchmark: rdf-scan heartbeat — 414,966,191 triples · 75,497,580,458 bytes read
  Partitioned compression: HG005_GRCh38_1_22_v4.2.1_benchmark: rdf-scan heartbeat — 415,323,897 triples · 75,564,689,388 bytes read
  Partitioned compression: HG005_GRCh38_1_22_v4.2.1_benchmark: rdf-scan heartbeat — 415,681,398 triples · 75,631,798,317 bytes read
  Partitioned compression: HG005_GRCh38_1_22_v4.2.1_benchmark: rdf-scan chunk — 416,038,337 triples · 141 chunks · 75,698,812,162 bytes read
  Partitioned compression: HG005_GRCh38_1_22_v4.2.1_benchmark: hdt-chunks started — 140 chunks · hdt-build-00140
  Partitioned compression: HG005_GRCh38_1_22_v4.2.1_benchmark: hdt-chunks complete — 141 chunks · hdt-build-00140
  Partitioned compression: HG005_GRCh38_1_22_v4.2.1_benchmark: cottas-chunks started — 140 chunks · cottas-build-00140
  Partitioned compression: HG005_GRCh38_1_22_v4.2.1_benchmark: cottas-chunks complete — 141 chunks · cottas-build-00140
  Partitioned compression: HG005_GRCh38_1_22_v4.2.1_benchmark: rdf-scan heartbeat — 416,038,845 triples · 75,698,907,270 bytes read
  Partitioned compression: HG005_GRCh38_1_22_v4.2.1_benchmark: rdf-scan heartbeat — 416,396,362 triples · 75,766,016,319 bytes read
  Partitioned compression: HG005_GRCh38_1_22_v4.2.1_benchmark: rdf-scan heartbeat — 416,753,992 triples · 75,833,125,365 bytes read
  Partitioned compression: HG005_GRCh38_1_22_v4.2.1_benchmark: rdf-scan heartbeat — 417,111,859 triples · 75,900,234,262 bytes read
  Partitioned compression: HG005_GRCh38_1_22_v4.2.1_benchmark: rdf-scan heartbeat — 417,469,618 triples · 75,967,343,430 bytes read
  Partitioned compression: HG005_GRCh38_1_22_v4.2.1_benchmark: rdf-scan heartbeat — 417,827,546 triples · 76,034,452,434 bytes read
  Partitioned compression: HG005_GRCh38_1_22_v4.2.1_benchmark: rdf-scan heartbeat — 418,186,305 triples · 76,101,561,343 bytes read
  Partitioned compression: HG005_GRCh38_1_22_v4.2.1_benchmark: rdf-scan heartbeat — 418,544,325 triples · 76,168,670,271 bytes read
  Partitioned compression: HG005_GRCh38_1_22_v4.2.1_benchmark: rdf-scan chunk — 418,901,383 triples · 142 chunks · 76,235,683,151 bytes read
  Partitioned compression: HG005_GRCh38_1_22_v4.2.1_benchmark: hdt-chunks started — 141 chunks · hdt-build-00141
  Partitioned compression: HG005_GRCh38_1_22_v4.2.1_benchmark: hdt-chunks complete — 142 chunks · hdt-build-00141
  Partitioned compression: HG005_GRCh38_1_22_v4.2.1_benchmark: cottas-chunks started — 141 chunks · cottas-build-00141
  Partitioned compression: HG005_GRCh38_1_22_v4.2.1_benchmark: cottas-chunks complete — 142 chunks · cottas-build-00141
  Partitioned compression: HG005_GRCh38_1_22_v4.2.1_benchmark: rdf-scan heartbeat — 418,901,894 triples · 76,235,779,290 bytes read
  Partitioned compression: HG005_GRCh38_1_22_v4.2.1_benchmark: rdf-scan heartbeat — 419,259,815 triples · 76,302,888,287 bytes read
  Partitioned compression: HG005_GRCh38_1_22_v4.2.1_benchmark: rdf-scan heartbeat — 419,617,244 triples · 76,369,997,279 bytes read
  Partitioned compression: HG005_GRCh38_1_22_v4.2.1_benchmark: rdf-scan heartbeat — 419,974,761 triples · 76,437,106,301 bytes read
  Partitioned compression: HG005_GRCh38_1_22_v4.2.1_benchmark: rdf-scan heartbeat — 420,332,409 triples · 76,504,215,242 bytes read
  Partitioned compression: HG005_GRCh38_1_22_v4.2.1_benchmark: rdf-scan heartbeat — 420,689,984 triples · 76,571,324,120 bytes read
  Partitioned compression: HG005_GRCh38_1_22_v4.2.1_benchmark: rdf-scan heartbeat — 421,047,660 triples · 76,638,433,000 bytes read
  Partitioned compression: HG005_GRCh38_1_22_v4.2.1_benchmark: rdf-scan heartbeat — 421,405,079 triples · 76,705,541,902 bytes read
  Partitioned compression: HG005_GRCh38_1_22_v4.2.1_benchmark: rdf-scan chunk — 421,761,818 triples · 143 chunks · 76,772,554,159 bytes read
  Partitioned compression: HG005_GRCh38_1_22_v4.2.1_benchmark: hdt-chunks started — 142 chunks · hdt-build-00142
  Partitioned compression: HG005_GRCh38_1_22_v4.2.1_benchmark: hdt-chunks complete — 143 chunks · hdt-build-00142
  Partitioned compression: HG005_GRCh38_1_22_v4.2.1_benchmark: cottas-chunks started — 142 chunks · cottas-build-00142
  Partitioned compression: HG005_GRCh38_1_22_v4.2.1_benchmark: cottas-chunks complete — 143 chunks · cottas-build-00142
  Partitioned compression: HG005_GRCh38_1_22_v4.2.1_benchmark: rdf-scan heartbeat — 421,762,331 triples · 76,772,650,935 bytes read
  Partitioned compression: HG005_GRCh38_1_22_v4.2.1_benchmark: rdf-scan heartbeat — 422,119,960 triples · 76,839,759,864 bytes read
  Partitioned compression: HG005_GRCh38_1_22_v4.2.1_benchmark: rdf-scan heartbeat — 422,477,710 triples · 76,906,868,860 bytes read
  Partitioned compression: HG005_GRCh38_1_22_v4.2.1_benchmark: rdf-scan heartbeat — 422,835,216 triples · 76,973,977,871 bytes read
  Partitioned compression: HG005_GRCh38_1_22_v4.2.1_benchmark: rdf-scan heartbeat — 423,192,664 triples · 77,041,086,850 bytes read
  Partitioned compression: HG005_GRCh38_1_22_v4.2.1_benchmark: rdf-scan heartbeat — 423,550,166 triples · 77,108,195,790 bytes read
  Partitioned compression: HG005_GRCh38_1_22_v4.2.1_benchmark: rdf-scan heartbeat — 423,907,557 triples · 77,175,304,751 bytes read
  Partitioned compression: HG005_GRCh38_1_22_v4.2.1_benchmark: rdf-scan heartbeat — 424,264,891 triples · 77,242,413,703 bytes read
  Partitioned compression: HG005_GRCh38_1_22_v4.2.1_benchmark: rdf-scan chunk — 424,621,538 triples · 144 chunks · 77,309,425,071 bytes read
  Partitioned compression: HG005_GRCh38_1_22_v4.2.1_benchmark: hdt-chunks started — 143 chunks · hdt-build-00143
  Partitioned compression: HG005_GRCh38_1_22_v4.2.1_benchmark: hdt-chunks complete — 144 chunks · hdt-build-00143
  Partitioned compression: HG005_GRCh38_1_22_v4.2.1_benchmark: cottas-chunks started — 143 chunks · cottas-build-00143
  Partitioned compression: HG005_GRCh38_1_22_v4.2.1_benchmark: cottas-chunks complete — 144 chunks · cottas-build-00143
  Partitioned compression: HG005_GRCh38_1_22_v4.2.1_benchmark: rdf-scan heartbeat — 424,622,056 triples · 77,309,522,580 bytes read
  Partitioned compression: HG005_GRCh38_1_22_v4.2.1_benchmark: rdf-scan heartbeat — 424,979,621 triples · 77,376,631,535 bytes read
  Partitioned compression: HG005_GRCh38_1_22_v4.2.1_benchmark: rdf-scan heartbeat — 425,338,147 triples · 77,443,740,545 bytes read
  Partitioned compression: HG005_GRCh38_1_22_v4.2.1_benchmark: rdf-scan heartbeat — 425,695,836 triples · 77,510,849,412 bytes read
  Partitioned compression: HG005_GRCh38_1_22_v4.2.1_benchmark: rdf-scan heartbeat — 426,053,437 triples · 77,577,958,550 bytes read
  Partitioned compression: HG005_GRCh38_1_22_v4.2.1_benchmark: rdf-scan heartbeat — 426,410,722 triples · 77,645,067,498 bytes read
  Partitioned compression: HG005_GRCh38_1_22_v4.2.1_benchmark: rdf-scan heartbeat — 426,768,112 triples · 77,712,176,471 bytes read
  Partitioned compression: HG005_GRCh38_1_22_v4.2.1_benchmark: rdf-scan heartbeat — 427,125,359 triples · 77,779,285,526 bytes read
  Partitioned compression: HG005_GRCh38_1_22_v4.2.1_benchmark: rdf-scan chunk — 427,482,777 triples · 145 chunks · 77,846,296,020 bytes read
  Partitioned compression: HG005_GRCh38_1_22_v4.2.1_benchmark: hdt-chunks started — 144 chunks · hdt-build-00144
  Partitioned compression: HG005_GRCh38_1_22_v4.2.1_benchmark: hdt-chunks complete — 145 chunks · hdt-build-00144
  Partitioned compression: HG005_GRCh38_1_22_v4.2.1_benchmark: cottas-chunks started — 144 chunks · cottas-build-00144
  Partitioned compression: HG005_GRCh38_1_22_v4.2.1_benchmark: cottas-chunks complete — 145 chunks · cottas-build-00144
  Partitioned compression: HG005_GRCh38_1_22_v4.2.1_benchmark: rdf-scan heartbeat — 427,483,300 triples · 77,846,394,533 bytes read
  Partitioned compression: HG005_GRCh38_1_22_v4.2.1_benchmark: rdf-scan heartbeat — 427,840,961 triples · 77,913,503,404 bytes read
  Partitioned compression: HG005_GRCh38_1_22_v4.2.1_benchmark: rdf-scan heartbeat — 428,198,438 triples · 77,980,612,392 bytes read
  Partitioned compression: HG005_GRCh38_1_22_v4.2.1_benchmark: rdf-scan heartbeat — 428,556,056 triples · 78,047,721,526 bytes read
  Partitioned compression: HG005_GRCh38_1_22_v4.2.1_benchmark: rdf-scan heartbeat — 428,913,553 triples · 78,114,830,423 bytes read
  Partitioned compression: HG005_GRCh38_1_22_v4.2.1_benchmark: rdf-scan heartbeat — 429,271,668 triples · 78,181,939,352 bytes read
  Partitioned compression: HG005_GRCh38_1_22_v4.2.1_benchmark: rdf-scan heartbeat — 429,629,944 triples · 78,249,048,296 bytes read
  Partitioned compression: HG005_GRCh38_1_22_v4.2.1_benchmark: rdf-scan heartbeat — 429,987,763 triples · 78,316,157,222 bytes read
  Partitioned compression: HG005_GRCh38_1_22_v4.2.1_benchmark: rdf-scan chunk — 430,345,272 triples · 146 chunks · 78,383,166,967 bytes read
  Partitioned compression: HG005_GRCh38_1_22_v4.2.1_benchmark: hdt-chunks started — 145 chunks · hdt-build-00145
  Partitioned compression: HG005_GRCh38_1_22_v4.2.1_benchmark: hdt-chunks complete — 146 chunks · hdt-build-00145
  Partitioned compression: HG005_GRCh38_1_22_v4.2.1_benchmark: cottas-chunks started — 145 chunks · cottas-build-00145
  Partitioned compression: HG005_GRCh38_1_22_v4.2.1_benchmark: cottas-chunks complete — 146 chunks · cottas-build-00145
  Partitioned compression: HG005_GRCh38_1_22_v4.2.1_benchmark: rdf-scan heartbeat — 430,345,801 triples · 78,383,266,236 bytes read
  Partitioned compression: HG005_GRCh38_1_22_v4.2.1_benchmark: rdf-scan heartbeat — 430,703,955 triples · 78,450,375,201 bytes read
  Partitioned compression: HG005_GRCh38_1_22_v4.2.1_benchmark: rdf-scan heartbeat — 431,061,519 triples · 78,517,484,163 bytes read
  Partitioned compression: HG005_GRCh38_1_22_v4.2.1_benchmark: rdf-scan heartbeat — 431,418,864 triples · 78,584,593,066 bytes read
  Partitioned compression: HG005_GRCh38_1_22_v4.2.1_benchmark: rdf-scan heartbeat — 431,776,843 triples · 78,651,702,014 bytes read
  Partitioned compression: HG005_GRCh38_1_22_v4.2.1_benchmark: rdf-scan heartbeat — 432,134,370 triples · 78,718,810,933 bytes read
  Partitioned compression: HG005_GRCh38_1_22_v4.2.1_benchmark: rdf-scan heartbeat — 432,491,856 triples · 78,785,919,848 bytes read
  Partitioned compression: HG005_GRCh38_1_22_v4.2.1_benchmark: rdf-scan heartbeat — 432,849,443 triples · 78,853,028,742 bytes read
  Partitioned compression: HG005_GRCh38_1_22_v4.2.1_benchmark: rdf-scan chunk — 433,206,530 triples · 147 chunks · 78,920,037,889 bytes read
  Partitioned compression: HG005_GRCh38_1_22_v4.2.1_benchmark: hdt-chunks started — 146 chunks · hdt-build-00146
  Partitioned compression: HG005_GRCh38_1_22_v4.2.1_benchmark: hdt-chunks complete — 147 chunks · hdt-build-00146
  Partitioned compression: HG005_GRCh38_1_22_v4.2.1_benchmark: cottas-chunks started — 146 chunks · cottas-build-00146
  Partitioned compression: HG005_GRCh38_1_22_v4.2.1_benchmark: cottas-chunks complete — 147 chunks · cottas-build-00146
  Partitioned compression: HG005_GRCh38_1_22_v4.2.1_benchmark: rdf-scan heartbeat — 433,207,063 triples · 78,920,137,725 bytes read
  Partitioned compression: HG005_GRCh38_1_22_v4.2.1_benchmark: rdf-scan heartbeat — 433,564,642 triples · 78,987,246,611 bytes read
  Partitioned compression: HG005_GRCh38_1_22_v4.2.1_benchmark: rdf-scan heartbeat — 433,922,122 triples · 79,054,355,629 bytes read
  Partitioned compression: HG005_GRCh38_1_22_v4.2.1_benchmark: rdf-scan heartbeat — 434,279,744 triples · 79,121,464,515 bytes read
  Partitioned compression: HG005_GRCh38_1_22_v4.2.1_benchmark: rdf-scan heartbeat — 434,637,279 triples · 79,188,573,430 bytes read
  Partitioned compression: HG005_GRCh38_1_22_v4.2.1_benchmark: rdf-scan heartbeat — 434,994,822 triples · 79,255,682,436 bytes read
  Partitioned compression: HG005_GRCh38_1_22_v4.2.1_benchmark: rdf-scan heartbeat — 435,352,242 triples · 79,322,791,430 bytes read
  Partitioned compression: HG005_GRCh38_1_22_v4.2.1_benchmark: rdf-scan heartbeat — 435,709,673 triples · 79,389,900,396 bytes read
  Partitioned compression: HG005_GRCh38_1_22_v4.2.1_benchmark: rdf-scan chunk — 436,067,501 triples · 148 chunks · 79,456,908,965 bytes read
  Partitioned compression: HG005_GRCh38_1_22_v4.2.1_benchmark: hdt-chunks started — 147 chunks · hdt-build-00147
  Partitioned compression: HG005_GRCh38_1_22_v4.2.1_benchmark: hdt-chunks complete — 148 chunks · hdt-build-00147
  Partitioned compression: HG005_GRCh38_1_22_v4.2.1_benchmark: cottas-chunks started — 147 chunks · cottas-build-00147
  Partitioned compression: HG005_GRCh38_1_22_v4.2.1_benchmark: cottas-chunks complete — 148 chunks · cottas-build-00147
  Partitioned compression: HG005_GRCh38_1_22_v4.2.1_benchmark: rdf-scan heartbeat — 436,068,037 triples · 79,457,009,444 bytes read
  Partitioned compression: HG005_GRCh38_1_22_v4.2.1_benchmark: rdf-scan heartbeat — 436,425,833 triples · 79,524,118,407 bytes read
  Partitioned compression: HG005_GRCh38_1_22_v4.2.1_benchmark: rdf-scan heartbeat — 436,783,186 triples · 79,591,227,420 bytes read
  Partitioned compression: HG005_GRCh38_1_22_v4.2.1_benchmark: rdf-scan heartbeat — 437,140,812 triples · 79,658,336,341 bytes read
  Partitioned compression: HG005_GRCh38_1_22_v4.2.1_benchmark: rdf-scan heartbeat — 437,498,256 triples · 79,725,445,384 bytes read
  Partitioned compression: HG005_GRCh38_1_22_v4.2.1_benchmark: rdf-scan heartbeat — 437,855,665 triples · 79,792,554,248 bytes read
  Partitioned compression: HG005_GRCh38_1_22_v4.2.1_benchmark: rdf-scan heartbeat — 438,213,368 triples · 79,859,663,317 bytes read
  Partitioned compression: HG005_GRCh38_1_22_v4.2.1_benchmark: rdf-scan heartbeat — 438,571,428 triples · 79,926,772,595 bytes read
  Partitioned compression: HG005_GRCh38_1_22_v4.2.1_benchmark: rdf-scan chunk — 438,928,438 triples · 149 chunks · 79,993,780,030 bytes read
  Partitioned compression: HG005_GRCh38_1_22_v4.2.1_benchmark: hdt-chunks started — 148 chunks · hdt-build-00148
  Partitioned compression: HG005_GRCh38_1_22_v4.2.1_benchmark: hdt-chunks complete — 149 chunks · hdt-build-00148
  Partitioned compression: HG005_GRCh38_1_22_v4.2.1_benchmark: cottas-chunks started — 148 chunks · cottas-build-00148
  Partitioned compression: HG005_GRCh38_1_22_v4.2.1_benchmark: cottas-chunks complete — 149 chunks · cottas-build-00148
  Partitioned compression: HG005_GRCh38_1_22_v4.2.1_benchmark: rdf-scan heartbeat — 438,928,983 triples · 79,993,881,565 bytes read
  Partitioned compression: HG005_GRCh38_1_22_v4.2.1_benchmark: rdf-scan heartbeat — 439,286,689 triples · 80,060,990,519 bytes read
  Partitioned compression: HG005_GRCh38_1_22_v4.2.1_benchmark: rdf-scan heartbeat — 439,644,680 triples · 80,128,100,006 bytes read
  Partitioned compression: HG005_GRCh38_1_22_v4.2.1_benchmark: rdf-scan heartbeat — 440,002,239 triples · 80,195,208,921 bytes read
  Partitioned compression: HG005_GRCh38_1_22_v4.2.1_benchmark: rdf-scan heartbeat — 440,360,067 triples · 80,262,317,963 bytes read
  Partitioned compression: HG005_GRCh38_1_22_v4.2.1_benchmark: rdf-scan heartbeat — 440,717,697 triples · 80,329,426,971 bytes read
  Partitioned compression: HG005_GRCh38_1_22_v4.2.1_benchmark: rdf-scan heartbeat — 441,075,210 triples · 80,396,535,907 bytes read
  Partitioned compression: HG005_GRCh38_1_22_v4.2.1_benchmark: rdf-scan heartbeat — 441,432,814 triples · 80,463,644,876 bytes read
  Partitioned compression: HG005_GRCh38_1_22_v4.2.1_benchmark: rdf-scan chunk — 441,790,014 triples · 150 chunks · 80,530,651,110 bytes read
  Partitioned compression: HG005_GRCh38_1_22_v4.2.1_benchmark: hdt-chunks started — 149 chunks · hdt-build-00149
  Partitioned compression: HG005_GRCh38_1_22_v4.2.1_benchmark: hdt-chunks complete — 150 chunks · hdt-build-00149
  Partitioned compression: HG005_GRCh38_1_22_v4.2.1_benchmark: cottas-chunks started — 149 chunks · cottas-build-00149
  Partitioned compression: HG005_GRCh38_1_22_v4.2.1_benchmark: cottas-chunks complete — 150 chunks · cottas-build-00149
  Partitioned compression: HG005_GRCh38_1_22_v4.2.1_benchmark: rdf-scan heartbeat — 441,790,559 triples · 80,530,753,837 bytes read
  Partitioned compression: HG005_GRCh38_1_22_v4.2.1_benchmark: rdf-scan heartbeat — 442,147,900 triples · 80,597,862,834 bytes read
  Partitioned compression: HG005_GRCh38_1_22_v4.2.1_benchmark: rdf-scan heartbeat — 442,505,375 triples · 80,664,971,888 bytes read
  Partitioned compression: HG005_GRCh38_1_22_v4.2.1_benchmark: rdf-scan heartbeat — 442,862,799 triples · 80,732,080,917 bytes read
  Partitioned compression: HG005_GRCh38_1_22_v4.2.1_benchmark: rdf-scan heartbeat — 443,220,135 triples · 80,799,189,859 bytes read
  Partitioned compression: HG005_GRCh38_1_22_v4.2.1_benchmark: rdf-scan heartbeat — 443,577,663 triples · 80,866,298,778 bytes read
  Partitioned compression: HG005_GRCh38_1_22_v4.2.1_benchmark: rdf-scan heartbeat — 443,935,182 triples · 80,933,407,715 bytes read
  Partitioned compression: HG005_GRCh38_1_22_v4.2.1_benchmark: rdf-scan heartbeat — 444,293,056 triples · 81,000,516,652 bytes read
  Partitioned compression: HG005_GRCh38_1_22_v4.2.1_benchmark: rdf-scan chunk — 444,649,786 triples · 151 chunks · 81,067,522,150 bytes read
  Partitioned compression: HG005_GRCh38_1_22_v4.2.1_benchmark: hdt-chunks started — 150 chunks · hdt-build-00150
  Partitioned compression: HG005_GRCh38_1_22_v4.2.1_benchmark: hdt-chunks complete — 151 chunks · hdt-build-00150
  Partitioned compression: HG005_GRCh38_1_22_v4.2.1_benchmark: cottas-chunks started — 150 chunks · cottas-build-00150
  Partitioned compression: HG005_GRCh38_1_22_v4.2.1_benchmark: cottas-chunks complete — 151 chunks · cottas-build-00150
  Partitioned compression: HG005_GRCh38_1_22_v4.2.1_benchmark: rdf-scan heartbeat — 444,650,333 triples · 81,067,625,656 bytes read
  Partitioned compression: HG005_GRCh38_1_22_v4.2.1_benchmark: rdf-scan heartbeat — 445,007,963 triples · 81,134,734,585 bytes read
  Partitioned compression: HG005_GRCh38_1_22_v4.2.1_benchmark: rdf-scan heartbeat — 445,366,326 triples · 81,201,843,500 bytes read
  Partitioned compression: HG005_GRCh38_1_22_v4.2.1_benchmark: rdf-scan heartbeat — 445,724,180 triples · 81,268,952,469 bytes read
  Partitioned compression: HG005_GRCh38_1_22_v4.2.1_benchmark: rdf-scan heartbeat — 446,081,946 triples · 81,336,061,521 bytes read
  Partitioned compression: HG005_GRCh38_1_22_v4.2.1_benchmark: rdf-scan heartbeat — 446,439,307 triples · 81,403,170,482 bytes read
  Partitioned compression: HG005_GRCh38_1_22_v4.2.1_benchmark: rdf-scan heartbeat — 446,796,475 triples · 81,470,279,379 bytes read
  Partitioned compression: HG005_GRCh38_1_22_v4.2.1_benchmark: rdf-scan heartbeat — 447,153,989 triples · 81,537,388,244 bytes read
  Partitioned compression: HG005_GRCh38_1_22_v4.2.1_benchmark: rdf-scan chunk — 447,510,896 triples · 152 chunks · 81,604,393,202 bytes read
  Partitioned compression: HG005_GRCh38_1_22_v4.2.1_benchmark: hdt-chunks started — 151 chunks · hdt-build-00151
  Partitioned compression: HG005_GRCh38_1_22_v4.2.1_benchmark: hdt-chunks complete — 152 chunks · hdt-build-00151
  Partitioned compression: HG005_GRCh38_1_22_v4.2.1_benchmark: cottas-chunks started — 151 chunks · cottas-build-00151
  Partitioned compression: HG005_GRCh38_1_22_v4.2.1_benchmark: cottas-chunks complete — 152 chunks · cottas-build-00151
  Partitioned compression: HG005_GRCh38_1_22_v4.2.1_benchmark: rdf-scan heartbeat — 447,511,450 triples · 81,604,497,137 bytes read
  Partitioned compression: HG005_GRCh38_1_22_v4.2.1_benchmark: rdf-scan heartbeat — 447,868,922 triples · 81,671,606,057 bytes read
  Partitioned compression: HG005_GRCh38_1_22_v4.2.1_benchmark: rdf-scan heartbeat — 448,226,461 triples · 81,738,715,072 bytes read
  Partitioned compression: HG005_GRCh38_1_22_v4.2.1_benchmark: rdf-scan heartbeat — 448,584,011 triples · 81,805,824,348 bytes read
  Partitioned compression: HG005_GRCh38_1_22_v4.2.1_benchmark: rdf-scan heartbeat — 448,941,426 triples · 81,872,933,212 bytes read
  Partitioned compression: HG005_GRCh38_1_22_v4.2.1_benchmark: rdf-scan heartbeat — 449,298,944 triples · 81,940,042,178 bytes read
  Partitioned compression: HG005_GRCh38_1_22_v4.2.1_benchmark: rdf-scan heartbeat — 449,656,461 triples · 82,007,151,183 bytes read
  Partitioned compression: HG005_GRCh38_1_22_v4.2.1_benchmark: rdf-scan heartbeat — 450,013,778 triples · 82,074,260,078 bytes read
  Partitioned compression: HG005_GRCh38_1_22_v4.2.1_benchmark: rdf-scan chunk — 450,370,476 triples · 153 chunks · 82,141,264,241 bytes read
  Partitioned compression: HG005_GRCh38_1_22_v4.2.1_benchmark: hdt-chunks started — 152 chunks · hdt-build-00152
  Partitioned compression: HG005_GRCh38_1_22_v4.2.1_benchmark: hdt-chunks complete — 153 chunks · hdt-build-00152
  Partitioned compression: HG005_GRCh38_1_22_v4.2.1_benchmark: cottas-chunks started — 152 chunks · cottas-build-00152
  Partitioned compression: HG005_GRCh38_1_22_v4.2.1_benchmark: cottas-chunks complete — 153 chunks · cottas-build-00152
  Partitioned compression: HG005_GRCh38_1_22_v4.2.1_benchmark: rdf-scan heartbeat — 450,371,036 triples · 82,141,368,963 bytes read
  Partitioned compression: HG005_GRCh38_1_22_v4.2.1_benchmark: rdf-scan heartbeat — 450,728,485 triples · 82,208,477,927 bytes read
  Partitioned compression: HG005_GRCh38_1_22_v4.2.1_benchmark: rdf-scan heartbeat — 451,086,056 triples · 82,275,586,800 bytes read
  Partitioned compression: HG005_GRCh38_1_22_v4.2.1_benchmark: rdf-scan heartbeat — 451,443,747 triples · 82,342,695,702 bytes read
  Partitioned compression: HG005_GRCh38_1_22_v4.2.1_benchmark: rdf-scan heartbeat — 451,801,177 triples · 82,409,804,739 bytes read
  Partitioned compression: HG005_GRCh38_1_22_v4.2.1_benchmark: rdf-scan heartbeat — 452,158,587 triples · 82,476,913,660 bytes read
  Partitioned compression: HG005_GRCh38_1_22_v4.2.1_benchmark: rdf-scan heartbeat — 452,515,910 triples · 82,544,022,602 bytes read
  Partitioned compression: HG005_GRCh38_1_22_v4.2.1_benchmark: rdf-scan heartbeat — 452,873,160 triples · 82,611,131,481 bytes read
  Partitioned compression: HG005_GRCh38_1_22_v4.2.1_benchmark: rdf-scan chunk — 453,230,501 triples · 154 chunks · 82,678,135,204 bytes read
  Partitioned compression: HG005_GRCh38_1_22_v4.2.1_benchmark: hdt-chunks started — 153 chunks · hdt-build-00153
  Partitioned compression: HG005_GRCh38_1_22_v4.2.1_benchmark: hdt-chunks complete — 154 chunks · hdt-build-00153
  Partitioned compression: HG005_GRCh38_1_22_v4.2.1_benchmark: cottas-chunks started — 153 chunks · cottas-build-00153
  Partitioned compression: HG005_GRCh38_1_22_v4.2.1_benchmark: cottas-chunks complete — 154 chunks · cottas-build-00153
  Partitioned compression: HG005_GRCh38_1_22_v4.2.1_benchmark: rdf-scan heartbeat — 453,231,064 triples · 82,678,240,390 bytes read
  Partitioned compression: HG005_GRCh38_1_22_v4.2.1_benchmark: rdf-scan heartbeat — 453,589,293 triples · 82,745,349,437 bytes read
  Partitioned compression: HG005_GRCh38_1_22_v4.2.1_benchmark: rdf-scan heartbeat — 453,946,856 triples · 82,812,458,332 bytes read
  Partitioned compression: HG005_GRCh38_1_22_v4.2.1_benchmark: rdf-scan heartbeat — 454,304,444 triples · 82,879,567,330 bytes read
  Partitioned compression: HG005_GRCh38_1_22_v4.2.1_benchmark: rdf-scan heartbeat — 454,662,085 triples · 82,946,676,232 bytes read
  Partitioned compression: HG005_GRCh38_1_22_v4.2.1_benchmark: rdf-scan heartbeat — 455,019,700 triples · 83,013,785,238 bytes read
  Partitioned compression: HG005_GRCh38_1_22_v4.2.1_benchmark: rdf-scan heartbeat — 455,377,480 triples · 83,080,894,219 bytes read
  Partitioned compression: HG005_GRCh38_1_22_v4.2.1_benchmark: rdf-scan heartbeat — 455,735,073 triples · 83,148,003,102 bytes read
  Partitioned compression: HG005_GRCh38_1_22_v4.2.1_benchmark: rdf-scan chunk — 456,091,991 triples · 155 chunks · 83,215,006,241 bytes read
  Partitioned compression: HG005_GRCh38_1_22_v4.2.1_benchmark: hdt-chunks started — 154 chunks · hdt-build-00154
  Partitioned compression: HG005_GRCh38_1_22_v4.2.1_benchmark: hdt-chunks complete — 155 chunks · hdt-build-00154
  Partitioned compression: HG005_GRCh38_1_22_v4.2.1_benchmark: cottas-chunks started — 154 chunks · cottas-build-00154
  Partitioned compression: HG005_GRCh38_1_22_v4.2.1_benchmark: cottas-chunks complete — 155 chunks · cottas-build-00154
  Partitioned compression: HG005_GRCh38_1_22_v4.2.1_benchmark: rdf-scan heartbeat — 456,092,553 triples · 83,215,112,033 bytes read
  Partitioned compression: HG005_GRCh38_1_22_v4.2.1_benchmark: rdf-scan heartbeat — 456,449,978 triples · 83,282,221,082 bytes read
  Partitioned compression: HG005_GRCh38_1_22_v4.2.1_benchmark: rdf-scan heartbeat — 456,807,390 triples · 83,349,330,061 bytes read
  Partitioned compression: HG005_GRCh38_1_22_v4.2.1_benchmark: rdf-scan heartbeat — 457,164,845 triples · 83,416,439,068 bytes read
  Partitioned compression: HG005_GRCh38_1_22_v4.2.1_benchmark: rdf-scan heartbeat — 457,522,601 triples · 83,483,548,059 bytes read
  Partitioned compression: HG005_GRCh38_1_22_v4.2.1_benchmark: rdf-scan heartbeat — 457,880,053 triples · 83,550,657,519 bytes read
  Partitioned compression: HG005_GRCh38_1_22_v4.2.1_benchmark: rdf-scan heartbeat — 458,237,484 triples · 83,617,766,530 bytes read
  Partitioned compression: HG005_GRCh38_1_22_v4.2.1_benchmark: rdf-scan heartbeat — 458,595,012 triples · 83,684,875,477 bytes read
  Partitioned compression: HG005_GRCh38_1_22_v4.2.1_benchmark: rdf-scan chunk — 458,951,887 triples · 156 chunks · 83,751,877,177 bytes read
  Partitioned compression: HG005_GRCh38_1_22_v4.2.1_benchmark: hdt-chunks started — 155 chunks · hdt-build-00155
  Partitioned compression: HG005_GRCh38_1_22_v4.2.1_benchmark: hdt-chunks complete — 156 chunks · hdt-build-00155
  Partitioned compression: HG005_GRCh38_1_22_v4.2.1_benchmark: cottas-chunks started — 155 chunks · cottas-build-00155
  Partitioned compression: HG005_GRCh38_1_22_v4.2.1_benchmark: cottas-chunks complete — 156 chunks · cottas-build-00155
  Partitioned compression: HG005_GRCh38_1_22_v4.2.1_benchmark: rdf-scan heartbeat — 458,952,459 triples · 83,751,984,471 bytes read
  Partitioned compression: HG005_GRCh38_1_22_v4.2.1_benchmark: rdf-scan heartbeat — 459,309,701 triples · 83,819,093,386 bytes read
  Partitioned compression: HG005_GRCh38_1_22_v4.2.1_benchmark: rdf-scan heartbeat — 459,667,087 triples · 83,886,202,268 bytes read
  Partitioned compression: HG005_GRCh38_1_22_v4.2.1_benchmark: rdf-scan heartbeat — 460,025,138 triples · 83,953,311,234 bytes read
  Partitioned compression: HG005_GRCh38_1_22_v4.2.1_benchmark: rdf-scan heartbeat — 460,383,421 triples · 84,020,420,230 bytes read
  Partitioned compression: HG005_GRCh38_1_22_v4.2.1_benchmark: rdf-scan heartbeat — 460,741,368 triples · 84,087,529,139 bytes read
  Partitioned compression: HG005_GRCh38_1_22_v4.2.1_benchmark: rdf-scan heartbeat — 461,099,015 triples · 84,154,638,012 bytes read
  Partitioned compression: HG005_GRCh38_1_22_v4.2.1_benchmark: rdf-scan heartbeat — 461,456,631 triples · 84,221,746,971 bytes read
  Partitioned compression: HG005_GRCh38_1_22_v4.2.1_benchmark: rdf-scan chunk — 461,813,722 triples · 157 chunks · 84,288,748,193 bytes read
  Partitioned compression: HG005_GRCh38_1_22_v4.2.1_benchmark: hdt-chunks started — 156 chunks · hdt-build-00156
  Partitioned compression: HG005_GRCh38_1_22_v4.2.1_benchmark: hdt-chunks complete — 157 chunks · hdt-build-00156
  Partitioned compression: HG005_GRCh38_1_22_v4.2.1_benchmark: cottas-chunks started — 156 chunks · cottas-build-00156
  Partitioned compression: HG005_GRCh38_1_22_v4.2.1_benchmark: cottas-chunks complete — 157 chunks · cottas-build-00156
  Partitioned compression: HG005_GRCh38_1_22_v4.2.1_benchmark: rdf-scan heartbeat — 461,814,297 triples · 84,288,855,997 bytes read
  Partitioned compression: HG005_GRCh38_1_22_v4.2.1_benchmark: rdf-scan heartbeat — 462,171,841 triples · 84,355,964,864 bytes read
  Partitioned compression: HG005_GRCh38_1_22_v4.2.1_benchmark: rdf-scan heartbeat — 462,529,288 triples · 84,423,073,868 bytes read
  Partitioned compression: HG005_GRCh38_1_22_v4.2.1_benchmark: rdf-scan heartbeat — 462,886,413 triples · 84,490,182,809 bytes read
  Partitioned compression: HG005_GRCh38_1_22_v4.2.1_benchmark: rdf-scan heartbeat — 463,243,924 triples · 84,557,291,766 bytes read
  Partitioned compression: HG005_GRCh38_1_22_v4.2.1_benchmark: rdf-scan heartbeat — 463,601,166 triples · 84,624,400,701 bytes read
  Partitioned compression: HG005_GRCh38_1_22_v4.2.1_benchmark: rdf-scan heartbeat — 463,958,962 triples · 84,691,509,568 bytes read
  Partitioned compression: HG005_GRCh38_1_22_v4.2.1_benchmark: rdf-scan heartbeat — 464,316,809 triples · 84,758,618,568 bytes read
  Partitioned compression: HG005_GRCh38_1_22_v4.2.1_benchmark: rdf-scan chunk — 464,673,878 triples · 158 chunks · 84,825,619,260 bytes read
  Partitioned compression: HG005_GRCh38_1_22_v4.2.1_benchmark: hdt-chunks started — 157 chunks · hdt-build-00157
  Partitioned compression: HG005_GRCh38_1_22_v4.2.1_benchmark: hdt-chunks complete — 158 chunks · hdt-build-00157
  Partitioned compression: HG005_GRCh38_1_22_v4.2.1_benchmark: cottas-chunks started — 157 chunks · cottas-build-00157
  Partitioned compression: HG005_GRCh38_1_22_v4.2.1_benchmark: cottas-chunks complete — 158 chunks · cottas-build-00157
  Partitioned compression: HG005_GRCh38_1_22_v4.2.1_benchmark: rdf-scan heartbeat — 464,674,455 triples · 84,825,727,494 bytes read
  Partitioned compression: HG005_GRCh38_1_22_v4.2.1_benchmark: rdf-scan heartbeat — 465,031,967 triples · 84,892,836,393 bytes read
  Partitioned compression: HG005_GRCh38_1_22_v4.2.1_benchmark: rdf-scan heartbeat — 465,389,387 triples · 84,959,945,495 bytes read
  Partitioned compression: HG005_GRCh38_1_22_v4.2.1_benchmark: rdf-scan heartbeat — 465,746,963 triples · 85,027,054,529 bytes read
  Partitioned compression: HG005_GRCh38_1_22_v4.2.1_benchmark: rdf-scan heartbeat — 466,104,844 triples · 85,094,163,536 bytes read
  Partitioned compression: HG005_GRCh38_1_22_v4.2.1_benchmark: rdf-scan heartbeat — 466,462,559 triples · 85,161,272,432 bytes read
  Partitioned compression: HG005_GRCh38_1_22_v4.2.1_benchmark: rdf-scan heartbeat — 466,819,815 triples · 85,228,381,332 bytes read
  Partitioned compression: HG005_GRCh38_1_22_v4.2.1_benchmark: rdf-scan heartbeat — 467,177,316 triples · 85,295,490,414 bytes read
  Partitioned compression: HG005_GRCh38_1_22_v4.2.1_benchmark: rdf-scan chunk — 467,534,223 triples · 159 chunks · 85,362,490,310 bytes read
  Partitioned compression: HG005_GRCh38_1_22_v4.2.1_benchmark: hdt-chunks started — 158 chunks · hdt-build-00158
  Partitioned compression: HG005_GRCh38_1_22_v4.2.1_benchmark: hdt-chunks complete — 159 chunks · hdt-build-00158
  Partitioned compression: HG005_GRCh38_1_22_v4.2.1_benchmark: cottas-chunks started — 158 chunks · cottas-build-00158
  Partitioned compression: HG005_GRCh38_1_22_v4.2.1_benchmark: cottas-chunks complete — 159 chunks · cottas-build-00158
  Partitioned compression: HG005_GRCh38_1_22_v4.2.1_benchmark: rdf-scan heartbeat — 467,534,804 triples · 85,362,599,311 bytes read
  Partitioned compression: HG005_GRCh38_1_22_v4.2.1_benchmark: rdf-scan heartbeat — 467,892,983 triples · 85,429,708,347 bytes read
  Partitioned compression: HG005_GRCh38_1_22_v4.2.1_benchmark: rdf-scan heartbeat — 468,250,848 triples · 85,496,817,293 bytes read
  Partitioned compression: HG005_GRCh38_1_22_v4.2.1_benchmark: rdf-scan heartbeat — 468,609,206 triples · 85,563,926,167 bytes read
  Partitioned compression: HG005_GRCh38_1_22_v4.2.1_benchmark: rdf-scan heartbeat — 468,966,737 triples · 85,631,035,187 bytes read
  Partitioned compression: HG005_GRCh38_1_22_v4.2.1_benchmark: rdf-scan heartbeat — 469,324,218 triples · 85,698,144,073 bytes read
  Partitioned compression: HG005_GRCh38_1_22_v4.2.1_benchmark: rdf-scan heartbeat — 469,682,051 triples · 85,765,252,967 bytes read
  Partitioned compression: HG005_GRCh38_1_22_v4.2.1_benchmark: rdf-scan heartbeat — 470,039,654 triples · 85,832,361,837 bytes read
  Partitioned compression: HG005_GRCh38_1_22_v4.2.1_benchmark: rdf-scan chunk — 470,396,827 triples · 160 chunks · 85,899,361,241 bytes read
  Partitioned compression: HG005_GRCh38_1_22_v4.2.1_benchmark: hdt-chunks started — 159 chunks · hdt-build-00159
  Partitioned compression: HG005_GRCh38_1_22_v4.2.1_benchmark: hdt-chunks complete — 160 chunks · hdt-build-00159
  Partitioned compression: HG005_GRCh38_1_22_v4.2.1_benchmark: cottas-chunks started — 159 chunks · cottas-build-00159
  Partitioned compression: HG005_GRCh38_1_22_v4.2.1_benchmark: cottas-chunks complete — 160 chunks · cottas-build-00159
  Partitioned compression: HG005_GRCh38_1_22_v4.2.1_benchmark: rdf-scan heartbeat — 470,397,412 triples · 85,899,470,851 bytes read
  Partitioned compression: HG005_GRCh38_1_22_v4.2.1_benchmark: rdf-scan heartbeat — 470,754,794 triples · 85,966,579,805 bytes read
  Partitioned compression: HG005_GRCh38_1_22_v4.2.1_benchmark: rdf-scan heartbeat — 471,111,892 triples · 86,033,688,770 bytes read
  Partitioned compression: HG005_GRCh38_1_22_v4.2.1_benchmark: rdf-scan heartbeat — 471,468,829 triples · 86,100,797,733 bytes read
  Partitioned compression: HG005_GRCh38_1_22_v4.2.1_benchmark: rdf-scan heartbeat — 471,826,261 triples · 86,167,906,667 bytes read
  Partitioned compression: HG005_GRCh38_1_22_v4.2.1_benchmark: rdf-scan heartbeat — 472,184,696 triples · 86,235,015,634 bytes read
  Partitioned compression: HG005_GRCh38_1_22_v4.2.1_benchmark: rdf-scan heartbeat — 472,542,940 triples · 86,302,124,665 bytes read
  Partitioned compression: HG005_GRCh38_1_22_v4.2.1_benchmark: rdf-scan heartbeat — 472,900,572 triples · 86,369,233,658 bytes read
  Partitioned compression: HG005_GRCh38_1_22_v4.2.1_benchmark: rdf-scan chunk — 473,257,473 triples · 161 chunks · 86,436,232,225 bytes read
  Partitioned compression: HG005_GRCh38_1_22_v4.2.1_benchmark: hdt-chunks started — 160 chunks · hdt-build-00160
  Partitioned compression: HG005_GRCh38_1_22_v4.2.1_benchmark: hdt-chunks complete — 161 chunks · hdt-build-00160
  Partitioned compression: HG005_GRCh38_1_22_v4.2.1_benchmark: cottas-chunks started — 160 chunks · cottas-build-00160
  Partitioned compression: HG005_GRCh38_1_22_v4.2.1_benchmark: cottas-chunks complete — 161 chunks · cottas-build-00160
  Partitioned compression: HG005_GRCh38_1_22_v4.2.1_benchmark: rdf-scan heartbeat — 473,258,061 triples · 86,436,342,629 bytes read
  Partitioned compression: HG005_GRCh38_1_22_v4.2.1_benchmark: rdf-scan heartbeat — 473,615,733 triples · 86,503,451,578 bytes read
  Partitioned compression: HG005_GRCh38_1_22_v4.2.1_benchmark: rdf-scan heartbeat — 473,974,010 triples · 86,570,560,493 bytes read
  Partitioned compression: HG005_GRCh38_1_22_v4.2.1_benchmark: rdf-scan heartbeat — 474,331,695 triples · 86,637,669,446 bytes read
  Partitioned compression: HG005_GRCh38_1_22_v4.2.1_benchmark: rdf-scan heartbeat — 474,690,013 triples · 86,704,778,581 bytes read
  Partitioned compression: HG005_GRCh38_1_22_v4.2.1_benchmark: rdf-scan heartbeat — 475,048,251 triples · 86,771,887,550 bytes read
  Partitioned compression: HG005_GRCh38_1_22_v4.2.1_benchmark: rdf-scan heartbeat — 475,405,865 triples · 86,838,996,473 bytes read
  Partitioned compression: HG005_GRCh38_1_22_v4.2.1_benchmark: rdf-scan heartbeat — 475,763,618 triples · 86,906,105,451 bytes read
  Partitioned compression: HG005_GRCh38_1_22_v4.2.1_benchmark: rdf-scan chunk — 476,120,846 triples · 162 chunks · 86,973,103,219 bytes read
  Partitioned compression: HG005_GRCh38_1_22_v4.2.1_benchmark: hdt-chunks started — 161 chunks · hdt-build-00161
  Partitioned compression: HG005_GRCh38_1_22_v4.2.1_benchmark: hdt-chunks complete — 162 chunks · hdt-build-00161
  Partitioned compression: HG005_GRCh38_1_22_v4.2.1_benchmark: cottas-chunks started — 161 chunks · cottas-build-00161
  Partitioned compression: HG005_GRCh38_1_22_v4.2.1_benchmark: cottas-chunks complete — 162 chunks · cottas-build-00161
  Partitioned compression: HG005_GRCh38_1_22_v4.2.1_benchmark: rdf-scan heartbeat — 476,121,439 triples · 86,973,214,343 bytes read
  Partitioned compression: HG005_GRCh38_1_22_v4.2.1_benchmark: rdf-scan heartbeat — 476,479,329 triples · 87,040,323,363 bytes read
  Partitioned compression: HG005_GRCh38_1_22_v4.2.1_benchmark: rdf-scan heartbeat — 476,837,172 triples · 87,107,432,280 bytes read
  Partitioned compression: HG005_GRCh38_1_22_v4.2.1_benchmark: rdf-scan heartbeat — 477,195,080 triples · 87,174,541,193 bytes read
  Partitioned compression: HG005_GRCh38_1_22_v4.2.1_benchmark: rdf-scan heartbeat — 477,553,071 triples · 87,241,650,070 bytes read
  Partitioned compression: HG005_GRCh38_1_22_v4.2.1_benchmark: rdf-scan heartbeat — 477,910,322 triples · 87,308,758,953 bytes read
  Partitioned compression: HG005_GRCh38_1_22_v4.2.1_benchmark: rdf-scan heartbeat — 478,267,661 triples · 87,375,867,943 bytes read
  Partitioned compression: HG005_GRCh38_1_22_v4.2.1_benchmark: rdf-scan heartbeat — 478,625,163 triples · 87,442,976,823 bytes read
  Partitioned compression: HG005_GRCh38_1_22_v4.2.1_benchmark: rdf-scan chunk — 478,982,166 triples · 163 chunks · 87,509,974,303 bytes read
  Partitioned compression: HG005_GRCh38_1_22_v4.2.1_benchmark: hdt-chunks started — 162 chunks · hdt-build-00162
  Partitioned compression: HG005_GRCh38_1_22_v4.2.1_benchmark: hdt-chunks complete — 163 chunks · hdt-build-00162
  Partitioned compression: HG005_GRCh38_1_22_v4.2.1_benchmark: cottas-chunks started — 162 chunks · cottas-build-00162
  Partitioned compression: HG005_GRCh38_1_22_v4.2.1_benchmark: cottas-chunks complete — 163 chunks · cottas-build-00162
  Partitioned compression: HG005_GRCh38_1_22_v4.2.1_benchmark: rdf-scan heartbeat — 478,982,760 triples · 87,510,085,801 bytes read
  Partitioned compression: HG005_GRCh38_1_22_v4.2.1_benchmark: rdf-scan heartbeat — 479,340,113 triples · 87,577,194,765 bytes read
  Partitioned compression: HG005_GRCh38_1_22_v4.2.1_benchmark: rdf-scan heartbeat — 479,697,464 triples · 87,644,303,705 bytes read
  Partitioned compression: HG005_GRCh38_1_22_v4.2.1_benchmark: rdf-scan heartbeat — 480,054,910 triples · 87,711,412,755 bytes read
  Partitioned compression: HG005_GRCh38_1_22_v4.2.1_benchmark: rdf-scan heartbeat — 480,412,340 triples · 87,778,521,731 bytes read
  Partitioned compression: HG005_GRCh38_1_22_v4.2.1_benchmark: rdf-scan heartbeat — 480,769,794 triples · 87,845,630,626 bytes read
  Partitioned compression: HG005_GRCh38_1_22_v4.2.1_benchmark: rdf-scan heartbeat — 481,127,150 triples · 87,912,739,618 bytes read
  Partitioned compression: HG005_GRCh38_1_22_v4.2.1_benchmark: rdf-scan heartbeat — 481,484,497 triples · 87,979,848,571 bytes read
  Partitioned compression: HG005_GRCh38_1_22_v4.2.1_benchmark: rdf-scan chunk — 481,841,305 triples · 164 chunks · 88,046,845,431 bytes read
  Partitioned compression: HG005_GRCh38_1_22_v4.2.1_benchmark: hdt-chunks started — 163 chunks · hdt-build-00163
  Partitioned compression: HG005_GRCh38_1_22_v4.2.1_benchmark: hdt-chunks complete — 164 chunks · hdt-build-00163
  Partitioned compression: HG005_GRCh38_1_22_v4.2.1_benchmark: cottas-chunks started — 163 chunks · cottas-build-00163
  Partitioned compression: HG005_GRCh38_1_22_v4.2.1_benchmark: cottas-chunks complete — 164 chunks · cottas-build-00163
  Partitioned compression: HG005_GRCh38_1_22_v4.2.1_benchmark: rdf-scan heartbeat — 481,841,901 triples · 88,046,957,572 bytes read
  Partitioned compression: HG005_GRCh38_1_22_v4.2.1_benchmark: rdf-scan heartbeat — 482,199,260 triples · 88,114,066,602 bytes read
  Partitioned compression: HG005_GRCh38_1_22_v4.2.1_benchmark: rdf-scan heartbeat — 482,556,565 triples · 88,181,175,532 bytes read
  Partitioned compression: HG005_GRCh38_1_22_v4.2.1_benchmark: rdf-scan heartbeat — 482,913,869 triples · 88,248,284,399 bytes read
  Partitioned compression: HG005_GRCh38_1_22_v4.2.1_benchmark: rdf-scan heartbeat — 483,271,091 triples · 88,315,393,625 bytes read
  Partitioned compression: HG005_GRCh38_1_22_v4.2.1_benchmark: rdf-scan heartbeat — 483,629,103 triples · 88,382,502,608 bytes read
  Partitioned compression: HG005_GRCh38_1_22_v4.2.1_benchmark: rdf-scan heartbeat — 483,987,512 triples · 88,449,611,654 bytes read
  Partitioned compression: HG005_GRCh38_1_22_v4.2.1_benchmark: rdf-scan heartbeat — 484,345,788 triples · 88,516,720,593 bytes read
  Partitioned compression: HG005_GRCh38_1_22_v4.2.1_benchmark: rdf-scan chunk — 484,703,433 triples · 165 chunks · 88,583,716,491 bytes read
  Partitioned compression: HG005_GRCh38_1_22_v4.2.1_benchmark: hdt-chunks started — 164 chunks · hdt-build-00164
  Partitioned compression: HG005_GRCh38_1_22_v4.2.1_benchmark: hdt-chunks complete — 165 chunks · hdt-build-00164
  Partitioned compression: HG005_GRCh38_1_22_v4.2.1_benchmark: cottas-chunks started — 164 chunks · cottas-build-00164
  Partitioned compression: HG005_GRCh38_1_22_v4.2.1_benchmark: cottas-chunks complete — 165 chunks · cottas-build-00164
  Partitioned compression: HG005_GRCh38_1_22_v4.2.1_benchmark: rdf-scan heartbeat — 484,704,036 triples · 88,583,829,466 bytes read
  Partitioned compression: HG005_GRCh38_1_22_v4.2.1_benchmark: rdf-scan heartbeat — 485,062,946 triples · 88,650,938,420 bytes read
  Partitioned compression: HG005_GRCh38_1_22_v4.2.1_benchmark: rdf-scan heartbeat — 485,422,065 triples · 88,718,047,433 bytes read
  Partitioned compression: HG005_GRCh38_1_22_v4.2.1_benchmark: rdf-scan heartbeat — 485,779,833 triples · 88,785,156,452 bytes read
  Partitioned compression: HG005_GRCh38_1_22_v4.2.1_benchmark: rdf-scan heartbeat — 486,137,975 triples · 88,852,265,324 bytes read
  Partitioned compression: HG005_GRCh38_1_22_v4.2.1_benchmark: rdf-scan heartbeat — 486,496,332 triples · 88,919,374,324 bytes read
  Partitioned compression: HG005_GRCh38_1_22_v4.2.1_benchmark: rdf-scan heartbeat — 486,854,791 triples · 88,986,483,381 bytes read
  Partitioned compression: HG005_GRCh38_1_22_v4.2.1_benchmark: rdf-scan heartbeat — 487,213,042 triples · 89,053,592,318 bytes read
  Partitioned compression: HG005_GRCh38_1_22_v4.2.1_benchmark: rdf-scan chunk — 487,570,977 triples · 166 chunks · 89,120,587,444 bytes read
  Partitioned compression: HG005_GRCh38_1_22_v4.2.1_benchmark: hdt-chunks started — 165 chunks · hdt-build-00165
  Partitioned compression: HG005_GRCh38_1_22_v4.2.1_benchmark: hdt-chunks complete — 166 chunks · hdt-build-00165
  Partitioned compression: HG005_GRCh38_1_22_v4.2.1_benchmark: cottas-chunks started — 165 chunks · cottas-build-00165
  Partitioned compression: HG005_GRCh38_1_22_v4.2.1_benchmark: cottas-chunks complete — 166 chunks · cottas-build-00165
  Partitioned compression: HG005_GRCh38_1_22_v4.2.1_benchmark: rdf-scan heartbeat — 487,571,585 triples · 89,120,701,232 bytes read
  Partitioned compression: HG005_GRCh38_1_22_v4.2.1_benchmark: rdf-scan heartbeat — 487,930,015 triples · 89,187,810,159 bytes read
  Partitioned compression: HG005_GRCh38_1_22_v4.2.1_benchmark: rdf-scan heartbeat — 488,287,666 triples · 89,254,919,105 bytes read
  Partitioned compression: HG005_GRCh38_1_22_v4.2.1_benchmark: rdf-scan heartbeat — 488,645,153 triples · 89,322,028,119 bytes read
  Partitioned compression: HG005_GRCh38_1_22_v4.2.1_benchmark: rdf-scan heartbeat — 489,002,432 triples · 89,389,137,144 bytes read
  Partitioned compression: HG005_GRCh38_1_22_v4.2.1_benchmark: rdf-scan heartbeat — 489,359,805 triples · 89,456,246,022 bytes read
  Partitioned compression: HG005_GRCh38_1_22_v4.2.1_benchmark: rdf-scan heartbeat — 489,717,360 triples · 89,523,354,924 bytes read
  Partitioned compression: HG005_GRCh38_1_22_v4.2.1_benchmark: rdf-scan heartbeat — 490,075,238 triples · 89,590,463,874 bytes read
  Partitioned compression: HG005_GRCh38_1_22_v4.2.1_benchmark: rdf-scan chunk — 490,432,370 triples · 167 chunks · 89,657,458,442 bytes read
  Partitioned compression: HG005_GRCh38_1_22_v4.2.1_benchmark: hdt-chunks started — 166 chunks · hdt-build-00166
  Partitioned compression: HG005_GRCh38_1_22_v4.2.1_benchmark: hdt-chunks complete — 167 chunks · hdt-build-00166
  Partitioned compression: HG005_GRCh38_1_22_v4.2.1_benchmark: cottas-chunks started — 166 chunks · cottas-build-00166
  Partitioned compression: HG005_GRCh38_1_22_v4.2.1_benchmark: cottas-chunks complete — 167 chunks · cottas-build-00166
  Partitioned compression: HG005_GRCh38_1_22_v4.2.1_benchmark: rdf-scan heartbeat — 490,432,980 triples · 89,657,572,777 bytes read
  Partitioned compression: HG005_GRCh38_1_22_v4.2.1_benchmark: rdf-scan heartbeat — 490,790,450 triples · 89,724,681,745 bytes read
  Partitioned compression: HG005_GRCh38_1_22_v4.2.1_benchmark: rdf-scan heartbeat — 491,148,035 triples · 89,791,790,749 bytes read
  Partitioned compression: HG005_GRCh38_1_22_v4.2.1_benchmark: rdf-scan heartbeat — 491,505,686 triples · 89,858,899,777 bytes read
  Partitioned compression: HG005_GRCh38_1_22_v4.2.1_benchmark: rdf-scan heartbeat — 491,863,067 triples · 89,926,008,726 bytes read
  Partitioned compression: HG005_GRCh38_1_22_v4.2.1_benchmark: rdf-scan heartbeat — 492,220,758 triples · 89,993,117,618 bytes read
  Partitioned compression: HG005_GRCh38_1_22_v4.2.1_benchmark: rdf-scan heartbeat — 492,578,659 triples · 90,060,226,505 bytes read
  Partitioned compression: HG005_GRCh38_1_22_v4.2.1_benchmark: rdf-scan heartbeat — 492,936,422 triples · 90,127,335,414 bytes read
  Partitioned compression: HG005_GRCh38_1_22_v4.2.1_benchmark: rdf-scan chunk — 493,293,401 triples · 168 chunks · 90,194,329,387 bytes read
  Partitioned compression: HG005_GRCh38_1_22_v4.2.1_benchmark: hdt-chunks started — 167 chunks · hdt-build-00167
  Partitioned compression: HG005_GRCh38_1_22_v4.2.1_benchmark: hdt-chunks complete — 168 chunks · hdt-build-00167
  Partitioned compression: HG005_GRCh38_1_22_v4.2.1_benchmark: cottas-chunks started — 167 chunks · cottas-build-00167
  Partitioned compression: HG005_GRCh38_1_22_v4.2.1_benchmark: cottas-chunks complete — 168 chunks · cottas-build-00167
  Partitioned compression: HG005_GRCh38_1_22_v4.2.1_benchmark: rdf-scan heartbeat — 493,294,018 triples · 90,194,444,405 bytes read
  Partitioned compression: HG005_GRCh38_1_22_v4.2.1_benchmark: rdf-scan heartbeat — 493,651,491 triples · 90,261,553,351 bytes read
  Partitioned compression: HG005_GRCh38_1_22_v4.2.1_benchmark: rdf-scan heartbeat — 494,009,164 triples · 90,328,662,365 bytes read
  Partitioned compression: HG005_GRCh38_1_22_v4.2.1_benchmark: rdf-scan heartbeat — 494,366,951 triples · 90,395,771,275 bytes read
  Partitioned compression: HG005_GRCh38_1_22_v4.2.1_benchmark: rdf-scan heartbeat — 494,724,515 triples · 90,462,880,161 bytes read
  Partitioned compression: HG005_GRCh38_1_22_v4.2.1_benchmark: rdf-scan heartbeat — 495,082,648 triples · 90,529,989,145 bytes read
  Partitioned compression: HG005_GRCh38_1_22_v4.2.1_benchmark: rdf-scan heartbeat — 495,440,977 triples · 90,597,098,056 bytes read
  Partitioned compression: HG005_GRCh38_1_22_v4.2.1_benchmark: rdf-scan heartbeat — 495,799,519 triples · 90,664,207,061 bytes read
  Partitioned compression: HG005_GRCh38_1_22_v4.2.1_benchmark: rdf-scan chunk — 496,156,906 triples · 169 chunks · 90,731,200,422 bytes read
  Partitioned compression: HG005_GRCh38_1_22_v4.2.1_benchmark: hdt-chunks started — 168 chunks · hdt-build-00168
  Partitioned compression: HG005_GRCh38_1_22_v4.2.1_benchmark: hdt-chunks complete — 169 chunks · hdt-build-00168
  Partitioned compression: HG005_GRCh38_1_22_v4.2.1_benchmark: cottas-chunks started — 168 chunks · cottas-build-00168
  Partitioned compression: HG005_GRCh38_1_22_v4.2.1_benchmark: cottas-chunks complete — 169 chunks · cottas-build-00168
  Partitioned compression: HG005_GRCh38_1_22_v4.2.1_benchmark: rdf-scan heartbeat — 496,157,520 triples · 90,731,316,056 bytes read
  Partitioned compression: HG005_GRCh38_1_22_v4.2.1_benchmark: rdf-scan heartbeat — 496,515,282 triples · 90,798,424,999 bytes read
  Partitioned compression: HG005_GRCh38_1_22_v4.2.1_benchmark: rdf-scan heartbeat — 496,873,361 triples · 90,865,533,942 bytes read
  Partitioned compression: HG005_GRCh38_1_22_v4.2.1_benchmark: rdf-scan heartbeat — 497,231,299 triples · 90,932,642,918 bytes read
  Partitioned compression: HG005_GRCh38_1_22_v4.2.1_benchmark: rdf-scan heartbeat — 497,589,149 triples · 90,999,751,820 bytes read
  Partitioned compression: HG005_GRCh38_1_22_v4.2.1_benchmark: rdf-scan chunk — 497,642,517 triples · 170 chunks · 91,009,746,496 bytes read
  Partitioned compression: HG005_GRCh38_1_22_v4.2.1_benchmark: hdt-chunks started — 169 chunks · hdt-build-00169
  Partitioned compression: HG005_GRCh38_1_22_v4.2.1_benchmark: hdt-chunks complete — 170 chunks · hdt-build-00169
  Partitioned compression: HG005_GRCh38_1_22_v4.2.1_benchmark: cottas-chunks started — 169 chunks · cottas-build-00169
  Partitioned compression: HG005_GRCh38_1_22_v4.2.1_benchmark: cottas-chunks complete — 170 chunks · cottas-build-00169
  Partitioned compression: HG005_GRCh38_1_22_v4.2.1_benchmark: rdf-scan complete — 497,642,517 triples · 170 chunks
  Partitioned compression: HG005_GRCh38_1_22_v4.2.1_benchmark: hdt-chunks complete — 170 chunks
  Partitioned compression: HG005_GRCh38_1_22_v4.2.1_benchmark: cottas-chunks complete — 170 chunks
  Partitioned compression: HG005_GRCh38_1_22_v4.2.1_benchmark: hdt-merge started — hdt-merge-r01-00000
  Partitioned compression: HG005_GRCh38_1_22_v4.2.1_benchmark: hdt-merge complete — hdt-merge-r01-00000
  Partitioned compression: HG005_GRCh38_1_22_v4.2.1_benchmark: hdt-merge started — hdt-merge-r01-00001
  Partitioned compression: HG005_GRCh38_1_22_v4.2.1_benchmark: hdt-merge complete — hdt-merge-r01-00001
  Partitioned compression: HG005_GRCh38_1_22_v4.2.1_benchmark: hdt-merge started — hdt-merge-r01-00002
  Partitioned compression: HG005_GRCh38_1_22_v4.2.1_benchmark: hdt-merge complete — hdt-merge-r01-00002
  Partitioned compression: HG005_GRCh38_1_22_v4.2.1_benchmark: hdt-merge started — hdt-merge-r01-00003
  Partitioned compression: HG005_GRCh38_1_22_v4.2.1_benchmark: hdt-merge complete — hdt-merge-r01-00003
  Partitioned compression: HG005_GRCh38_1_22_v4.2.1_benchmark: hdt-merge started — hdt-merge-r01-00004
  Partitioned compression: HG005_GRCh38_1_22_v4.2.1_benchmark: hdt-merge complete — hdt-merge-r01-00004
  Partitioned compression: HG005_GRCh38_1_22_v4.2.1_benchmark: hdt-merge started — hdt-merge-r01-00005
  Partitioned compression: HG005_GRCh38_1_22_v4.2.1_benchmark: hdt-merge complete — hdt-merge-r01-00005
  Partitioned compression: HG005_GRCh38_1_22_v4.2.1_benchmark: hdt-merge started — hdt-merge-r01-00006
  Partitioned compression: HG005_GRCh38_1_22_v4.2.1_benchmark: hdt-merge complete — hdt-merge-r01-00006
  Partitioned compression: HG005_GRCh38_1_22_v4.2.1_benchmark: hdt-merge started — hdt-merge-r01-00007
  Partitioned compression: HG005_GRCh38_1_22_v4.2.1_benchmark: hdt-merge complete — hdt-merge-r01-00007
  Partitioned compression: HG005_GRCh38_1_22_v4.2.1_benchmark: hdt-merge started — hdt-merge-r01-00008
  Partitioned compression: HG005_GRCh38_1_22_v4.2.1_benchmark: hdt-merge complete — hdt-merge-r01-00008
  Partitioned compression: HG005_GRCh38_1_22_v4.2.1_benchmark: hdt-merge started — hdt-merge-r01-00009
  Partitioned compression: HG005_GRCh38_1_22_v4.2.1_benchmark: hdt-merge complete — hdt-merge-r01-00009
  Partitioned compression: HG005_GRCh38_1_22_v4.2.1_benchmark: hdt-merge started — hdt-merge-r01-00010
  Partitioned compression: HG005_GRCh38_1_22_v4.2.1_benchmark: hdt-merge complete — hdt-merge-r01-00010
  Partitioned compression: HG005_GRCh38_1_22_v4.2.1_benchmark: hdt-merge started — hdt-merge-r01-00011
  Partitioned compression: HG005_GRCh38_1_22_v4.2.1_benchmark: hdt-merge complete — hdt-merge-r01-00011
  Partitioned compression: HG005_GRCh38_1_22_v4.2.1_benchmark: hdt-merge started — hdt-merge-r01-00012
  Partitioned compression: HG005_GRCh38_1_22_v4.2.1_benchmark: hdt-merge complete — hdt-merge-r01-00012
  Partitioned compression: HG005_GRCh38_1_22_v4.2.1_benchmark: hdt-merge started — hdt-merge-r01-00013
  Partitioned compression: HG005_GRCh38_1_22_v4.2.1_benchmark: hdt-merge complete — hdt-merge-r01-00013
  Partitioned compression: HG005_GRCh38_1_22_v4.2.1_benchmark: hdt-merge started — hdt-merge-r01-00014
  Partitioned compression: HG005_GRCh38_1_22_v4.2.1_benchmark: hdt-merge complete — hdt-merge-r01-00014
  Partitioned compression: HG005_GRCh38_1_22_v4.2.1_benchmark: hdt-merge started — hdt-merge-r01-00015
  Partitioned compression: HG005_GRCh38_1_22_v4.2.1_benchmark: hdt-merge complete — hdt-merge-r01-00015
  Partitioned compression: HG005_GRCh38_1_22_v4.2.1_benchmark: hdt-merge started — hdt-merge-r01-00016
  Partitioned compression: HG005_GRCh38_1_22_v4.2.1_benchmark: hdt-merge complete — hdt-merge-r01-00016
  Partitioned compression: HG005_GRCh38_1_22_v4.2.1_benchmark: hdt-merge started — hdt-merge-r01-00017
  Partitioned compression: HG005_GRCh38_1_22_v4.2.1_benchmark: hdt-merge complete — hdt-merge-r01-00017
  Partitioned compression: HG005_GRCh38_1_22_v4.2.1_benchmark: hdt-merge started — hdt-merge-r01-00018
  Partitioned compression: HG005_GRCh38_1_22_v4.2.1_benchmark: hdt-merge complete — hdt-merge-r01-00018
  Partitioned compression: HG005_GRCh38_1_22_v4.2.1_benchmark: hdt-merge started — hdt-merge-r01-00019
  Partitioned compression: HG005_GRCh38_1_22_v4.2.1_benchmark: hdt-merge complete — hdt-merge-r01-00019
  Partitioned compression: HG005_GRCh38_1_22_v4.2.1_benchmark: hdt-merge started — hdt-merge-r01-00020
  Partitioned compression: HG005_GRCh38_1_22_v4.2.1_benchmark: hdt-merge complete — hdt-merge-r01-00020
  Partitioned compression: HG005_GRCh38_1_22_v4.2.1_benchmark: hdt-merge started — hdt-merge-r01-00021
  Partitioned compression: HG005_GRCh38_1_22_v4.2.1_benchmark: hdt-merge complete — hdt-merge-r01-00021
  Partitioned compression: HG005_GRCh38_1_22_v4.2.1_benchmark: hdt-merge started — hdt-merge-r01-00022
  Partitioned compression: HG005_GRCh38_1_22_v4.2.1_benchmark: hdt-merge complete — hdt-merge-r01-00022
  Partitioned compression: HG005_GRCh38_1_22_v4.2.1_benchmark: hdt-merge started — hdt-merge-r01-00023
  Partitioned compression: HG005_GRCh38_1_22_v4.2.1_benchmark: hdt-merge complete — hdt-merge-r01-00023
  Partitioned compression: HG005_GRCh38_1_22_v4.2.1_benchmark: hdt-merge started — hdt-merge-r01-00024
  Partitioned compression: HG005_GRCh38_1_22_v4.2.1_benchmark: hdt-merge complete — hdt-merge-r01-00024
  Partitioned compression: HG005_GRCh38_1_22_v4.2.1_benchmark: hdt-merge started — hdt-merge-r01-00025
  Partitioned compression: HG005_GRCh38_1_22_v4.2.1_benchmark: hdt-merge complete — hdt-merge-r01-00025
  Partitioned compression: HG005_GRCh38_1_22_v4.2.1_benchmark: hdt-merge started — hdt-merge-r01-00026
  Partitioned compression: HG005_GRCh38_1_22_v4.2.1_benchmark: hdt-merge complete — hdt-merge-r01-00026
  Partitioned compression: HG005_GRCh38_1_22_v4.2.1_benchmark: hdt-merge started — hdt-merge-r01-00027
  Partitioned compression: HG005_GRCh38_1_22_v4.2.1_benchmark: hdt-merge complete — hdt-merge-r01-00027
  Partitioned compression: HG005_GRCh38_1_22_v4.2.1_benchmark: hdt-merge started — hdt-merge-r01-00028
  Partitioned compression: HG005_GRCh38_1_22_v4.2.1_benchmark: hdt-merge complete — hdt-merge-r01-00028
  Partitioned compression: HG005_GRCh38_1_22_v4.2.1_benchmark: hdt-merge started — hdt-merge-r01-00029
  Partitioned compression: HG005_GRCh38_1_22_v4.2.1_benchmark: hdt-merge complete — hdt-merge-r01-00029
  Partitioned compression: HG005_GRCh38_1_22_v4.2.1_benchmark: hdt-merge started — hdt-merge-r01-00030
  Partitioned compression: HG005_GRCh38_1_22_v4.2.1_benchmark: hdt-merge complete — hdt-merge-r01-00030
  Partitioned compression: HG005_GRCh38_1_22_v4.2.1_benchmark: hdt-merge started — hdt-merge-r01-00031
  Partitioned compression: HG005_GRCh38_1_22_v4.2.1_benchmark: hdt-merge complete — hdt-merge-r01-00031
  Partitioned compression: HG005_GRCh38_1_22_v4.2.1_benchmark: hdt-merge started — hdt-merge-r01-00032
  Partitioned compression: HG005_GRCh38_1_22_v4.2.1_benchmark: hdt-merge complete — hdt-merge-r01-00032
  Partitioned compression: HG005_GRCh38_1_22_v4.2.1_benchmark: hdt-merge started — hdt-merge-r01-00033
  Partitioned compression: HG005_GRCh38_1_22_v4.2.1_benchmark: hdt-merge complete — hdt-merge-r01-00033
  Partitioned compression: HG005_GRCh38_1_22_v4.2.1_benchmark: hdt-merge started — hdt-merge-r01-00034
  Partitioned compression: HG005_GRCh38_1_22_v4.2.1_benchmark: hdt-merge complete — hdt-merge-r01-00034
  Partitioned compression: HG005_GRCh38_1_22_v4.2.1_benchmark: hdt-merge started — hdt-merge-r01-00035
  Partitioned compression: HG005_GRCh38_1_22_v4.2.1_benchmark: hdt-merge complete — hdt-merge-r01-00035
  Partitioned compression: HG005_GRCh38_1_22_v4.2.1_benchmark: hdt-merge started — hdt-merge-r01-00036
  Partitioned compression: HG005_GRCh38_1_22_v4.2.1_benchmark: hdt-merge complete — hdt-merge-r01-00036
  Partitioned compression: HG005_GRCh38_1_22_v4.2.1_benchmark: hdt-merge started — hdt-merge-r01-00037
  Partitioned compression: HG005_GRCh38_1_22_v4.2.1_benchmark: hdt-merge complete — hdt-merge-r01-00037
  Partitioned compression: HG005_GRCh38_1_22_v4.2.1_benchmark: hdt-merge started — hdt-merge-r01-00038
  Partitioned compression: HG005_GRCh38_1_22_v4.2.1_benchmark: hdt-merge complete — hdt-merge-r01-00038
  Partitioned compression: HG005_GRCh38_1_22_v4.2.1_benchmark: hdt-merge started — hdt-merge-r01-00039
  Partitioned compression: HG005_GRCh38_1_22_v4.2.1_benchmark: hdt-merge complete — hdt-merge-r01-00039
  Partitioned compression: HG005_GRCh38_1_22_v4.2.1_benchmark: hdt-merge started — hdt-merge-r01-00040
  Partitioned compression: HG005_GRCh38_1_22_v4.2.1_benchmark: hdt-merge complete — hdt-merge-r01-00040
  Partitioned compression: HG005_GRCh38_1_22_v4.2.1_benchmark: hdt-merge started — hdt-merge-r01-00041
  Partitioned compression: HG005_GRCh38_1_22_v4.2.1_benchmark: hdt-merge complete — hdt-merge-r01-00041
  Partitioned compression: HG005_GRCh38_1_22_v4.2.1_benchmark: hdt-merge started — hdt-merge-r01-00042
  Partitioned compression: HG005_GRCh38_1_22_v4.2.1_benchmark: hdt-merge complete — hdt-merge-r01-00042
  Partitioned compression: HG005_GRCh38_1_22_v4.2.1_benchmark: hdt-merge started — hdt-merge-r01-00043
  Partitioned compression: HG005_GRCh38_1_22_v4.2.1_benchmark: hdt-merge complete — hdt-merge-r01-00043
  Partitioned compression: HG005_GRCh38_1_22_v4.2.1_benchmark: hdt-merge started — hdt-merge-r01-00044
  Partitioned compression: HG005_GRCh38_1_22_v4.2.1_benchmark: hdt-merge complete — hdt-merge-r01-00044
  Partitioned compression: HG005_GRCh38_1_22_v4.2.1_benchmark: hdt-merge started — hdt-merge-r01-00045
  Partitioned compression: HG005_GRCh38_1_22_v4.2.1_benchmark: hdt-merge complete — hdt-merge-r01-00045
  Partitioned compression: HG005_GRCh38_1_22_v4.2.1_benchmark: hdt-merge started — hdt-merge-r01-00046
  Partitioned compression: HG005_GRCh38_1_22_v4.2.1_benchmark: hdt-merge complete — hdt-merge-r01-00046
  Partitioned compression: HG005_GRCh38_1_22_v4.2.1_benchmark: hdt-merge started — hdt-merge-r01-00047
  Partitioned compression: HG005_GRCh38_1_22_v4.2.1_benchmark: hdt-merge complete — hdt-merge-r01-00047
  Partitioned compression: HG005_GRCh38_1_22_v4.2.1_benchmark: hdt-merge started — hdt-merge-r01-00048
  Partitioned compression: HG005_GRCh38_1_22_v4.2.1_benchmark: hdt-merge complete — hdt-merge-r01-00048
  Partitioned compression: HG005_GRCh38_1_22_v4.2.1_benchmark: hdt-merge started — hdt-merge-r01-00049
  Partitioned compression: HG005_GRCh38_1_22_v4.2.1_benchmark: hdt-merge complete — hdt-merge-r01-00049
  Partitioned compression: HG005_GRCh38_1_22_v4.2.1_benchmark: hdt-merge started — hdt-merge-r01-00050
  Partitioned compression: HG005_GRCh38_1_22_v4.2.1_benchmark: hdt-merge complete — hdt-merge-r01-00050
  Partitioned compression: HG005_GRCh38_1_22_v4.2.1_benchmark: hdt-merge started — hdt-merge-r01-00051
  Partitioned compression: HG005_GRCh38_1_22_v4.2.1_benchmark: hdt-merge complete — hdt-merge-r01-00051
  Partitioned compression: HG005_GRCh38_1_22_v4.2.1_benchmark: hdt-merge started — hdt-merge-r01-00052
  Partitioned compression: HG005_GRCh38_1_22_v4.2.1_benchmark: hdt-merge complete — hdt-merge-r01-00052
  Partitioned compression: HG005_GRCh38_1_22_v4.2.1_benchmark: hdt-merge started — hdt-merge-r01-00053
  Partitioned compression: HG005_GRCh38_1_22_v4.2.1_benchmark: hdt-merge complete — hdt-merge-r01-00053
  Partitioned compression: HG005_GRCh38_1_22_v4.2.1_benchmark: hdt-merge started — hdt-merge-r01-00054
  Partitioned compression: HG005_GRCh38_1_22_v4.2.1_benchmark: hdt-merge complete — hdt-merge-r01-00054
  Partitioned compression: HG005_GRCh38_1_22_v4.2.1_benchmark: hdt-merge started — hdt-merge-r01-00055
  Partitioned compression: HG005_GRCh38_1_22_v4.2.1_benchmark: hdt-merge complete — hdt-merge-r01-00055
  Partitioned compression: HG005_GRCh38_1_22_v4.2.1_benchmark: hdt-merge started — hdt-merge-r01-00056
  Partitioned compression: HG005_GRCh38_1_22_v4.2.1_benchmark: hdt-merge complete — hdt-merge-r01-00056
  Partitioned compression: HG005_GRCh38_1_22_v4.2.1_benchmark: hdt-merge started — hdt-merge-r01-00057
  Partitioned compression: HG005_GRCh38_1_22_v4.2.1_benchmark: hdt-merge complete — hdt-merge-r01-00057
  Partitioned compression: HG005_GRCh38_1_22_v4.2.1_benchmark: hdt-merge started — hdt-merge-r01-00058
  Partitioned compression: HG005_GRCh38_1_22_v4.2.1_benchmark: hdt-merge complete — hdt-merge-r01-00058
  Partitioned compression: HG005_GRCh38_1_22_v4.2.1_benchmark: hdt-merge started — hdt-merge-r01-00059
  Partitioned compression: HG005_GRCh38_1_22_v4.2.1_benchmark: hdt-merge complete — hdt-merge-r01-00059
  Partitioned compression: HG005_GRCh38_1_22_v4.2.1_benchmark: hdt-merge started — hdt-merge-r01-00060
  Partitioned compression: HG005_GRCh38_1_22_v4.2.1_benchmark: hdt-merge complete — hdt-merge-r01-00060
  Partitioned compression: HG005_GRCh38_1_22_v4.2.1_benchmark: hdt-merge started — hdt-merge-r01-00061
  Partitioned compression: HG005_GRCh38_1_22_v4.2.1_benchmark: hdt-merge complete — hdt-merge-r01-00061
  Partitioned compression: HG005_GRCh38_1_22_v4.2.1_benchmark: hdt-merge started — hdt-merge-r01-00062
  Partitioned compression: HG005_GRCh38_1_22_v4.2.1_benchmark: hdt-merge complete — hdt-merge-r01-00062
  Partitioned compression: HG005_GRCh38_1_22_v4.2.1_benchmark: hdt-merge started — hdt-merge-r01-00063
  Partitioned compression: HG005_GRCh38_1_22_v4.2.1_benchmark: hdt-merge complete — hdt-merge-r01-00063
  Partitioned compression: HG005_GRCh38_1_22_v4.2.1_benchmark: hdt-merge started — hdt-merge-r01-00064
  Partitioned compression: HG005_GRCh38_1_22_v4.2.1_benchmark: hdt-merge complete — hdt-merge-r01-00064
  Partitioned compression: HG005_GRCh38_1_22_v4.2.1_benchmark: hdt-merge started — hdt-merge-r01-00065
  Partitioned compression: HG005_GRCh38_1_22_v4.2.1_benchmark: hdt-merge complete — hdt-merge-r01-00065
  Partitioned compression: HG005_GRCh38_1_22_v4.2.1_benchmark: hdt-merge started — hdt-merge-r01-00066
  Partitioned compression: HG005_GRCh38_1_22_v4.2.1_benchmark: hdt-merge complete — hdt-merge-r01-00066
  Partitioned compression: HG005_GRCh38_1_22_v4.2.1_benchmark: hdt-merge started — hdt-merge-r01-00067
  Partitioned compression: HG005_GRCh38_1_22_v4.2.1_benchmark: hdt-merge complete — hdt-merge-r01-00067
  Partitioned compression: HG005_GRCh38_1_22_v4.2.1_benchmark: hdt-merge started — hdt-merge-r01-00068
  Partitioned compression: HG005_GRCh38_1_22_v4.2.1_benchmark: hdt-merge complete — hdt-merge-r01-00068
  Partitioned compression: HG005_GRCh38_1_22_v4.2.1_benchmark: hdt-merge started — hdt-merge-r01-00069
  Partitioned compression: HG005_GRCh38_1_22_v4.2.1_benchmark: hdt-merge complete — hdt-merge-r01-00069
  Partitioned compression: HG005_GRCh38_1_22_v4.2.1_benchmark: hdt-merge started — hdt-merge-r01-00070
  Partitioned compression: HG005_GRCh38_1_22_v4.2.1_benchmark: hdt-merge complete — hdt-merge-r01-00070
  Partitioned compression: HG005_GRCh38_1_22_v4.2.1_benchmark: hdt-merge started — hdt-merge-r01-00071
  Partitioned compression: HG005_GRCh38_1_22_v4.2.1_benchmark: hdt-merge complete — hdt-merge-r01-00071
  Partitioned compression: HG005_GRCh38_1_22_v4.2.1_benchmark: hdt-merge started — hdt-merge-r01-00072
  Partitioned compression: HG005_GRCh38_1_22_v4.2.1_benchmark: hdt-merge complete — hdt-merge-r01-00072
  Partitioned compression: HG005_GRCh38_1_22_v4.2.1_benchmark: hdt-merge started — hdt-merge-r01-00073
  Partitioned compression: HG005_GRCh38_1_22_v4.2.1_benchmark: hdt-merge complete — hdt-merge-r01-00073
  Partitioned compression: HG005_GRCh38_1_22_v4.2.1_benchmark: hdt-merge started — hdt-merge-r01-00074
  Partitioned compression: HG005_GRCh38_1_22_v4.2.1_benchmark: hdt-merge complete — hdt-merge-r01-00074
  Partitioned compression: HG005_GRCh38_1_22_v4.2.1_benchmark: hdt-merge started — hdt-merge-r01-00075
  Partitioned compression: HG005_GRCh38_1_22_v4.2.1_benchmark: hdt-merge complete — hdt-merge-r01-00075
  Partitioned compression: HG005_GRCh38_1_22_v4.2.1_benchmark: hdt-merge started — hdt-merge-r01-00076
  Partitioned compression: HG005_GRCh38_1_22_v4.2.1_benchmark: hdt-merge complete — hdt-merge-r01-00076
  Partitioned compression: HG005_GRCh38_1_22_v4.2.1_benchmark: hdt-merge started — hdt-merge-r01-00077
  Partitioned compression: HG005_GRCh38_1_22_v4.2.1_benchmark: hdt-merge complete — hdt-merge-r01-00077
  Partitioned compression: HG005_GRCh38_1_22_v4.2.1_benchmark: hdt-merge started — hdt-merge-r01-00078
  Partitioned compression: HG005_GRCh38_1_22_v4.2.1_benchmark: hdt-merge complete — hdt-merge-r01-00078
  Partitioned compression: HG005_GRCh38_1_22_v4.2.1_benchmark: hdt-merge started — hdt-merge-r01-00079
  Partitioned compression: HG005_GRCh38_1_22_v4.2.1_benchmark: hdt-merge complete — hdt-merge-r01-00079
  Partitioned compression: HG005_GRCh38_1_22_v4.2.1_benchmark: hdt-merge started — hdt-merge-r01-00080
  Partitioned compression: HG005_GRCh38_1_22_v4.2.1_benchmark: hdt-merge complete — hdt-merge-r01-00080
  Partitioned compression: HG005_GRCh38_1_22_v4.2.1_benchmark: hdt-merge started — hdt-merge-r01-00081
  Partitioned compression: HG005_GRCh38_1_22_v4.2.1_benchmark: hdt-merge complete — hdt-merge-r01-00081
  Partitioned compression: HG005_GRCh38_1_22_v4.2.1_benchmark: hdt-merge started — hdt-merge-r01-00082
  Partitioned compression: HG005_GRCh38_1_22_v4.2.1_benchmark: hdt-merge complete — hdt-merge-r01-00082
  Partitioned compression: HG005_GRCh38_1_22_v4.2.1_benchmark: hdt-merge started — hdt-merge-r01-00083
  Partitioned compression: HG005_GRCh38_1_22_v4.2.1_benchmark: hdt-merge complete — hdt-merge-r01-00083
  Partitioned compression: HG005_GRCh38_1_22_v4.2.1_benchmark: hdt-merge started — hdt-merge-r01-00084
  Partitioned compression: HG005_GRCh38_1_22_v4.2.1_benchmark: hdt-merge complete — hdt-merge-r01-00084
  Partitioned compression: HG005_GRCh38_1_22_v4.2.1_benchmark: hdt-merge started — hdt-merge-r02-00000
  Partitioned compression: HG005_GRCh38_1_22_v4.2.1_benchmark: hdt-merge complete — hdt-merge-r02-00000
  Partitioned compression: HG005_GRCh38_1_22_v4.2.1_benchmark: hdt-merge started — hdt-merge-r02-00001
  Partitioned compression: HG005_GRCh38_1_22_v4.2.1_benchmark: hdt-merge complete — hdt-merge-r02-00001
  Partitioned compression: HG005_GRCh38_1_22_v4.2.1_benchmark: hdt-merge started — hdt-merge-r02-00002
  Partitioned compression: HG005_GRCh38_1_22_v4.2.1_benchmark: hdt-merge complete — hdt-merge-r02-00002
  Partitioned compression: HG005_GRCh38_1_22_v4.2.1_benchmark: hdt-merge started — hdt-merge-r02-00003
  Partitioned compression: HG005_GRCh38_1_22_v4.2.1_benchmark: hdt-merge complete — hdt-merge-r02-00003
  Partitioned compression: HG005_GRCh38_1_22_v4.2.1_benchmark: hdt-merge started — hdt-merge-r02-00004
  Partitioned compression: HG005_GRCh38_1_22_v4.2.1_benchmark: hdt-merge complete — hdt-merge-r02-00004
  Partitioned compression: HG005_GRCh38_1_22_v4.2.1_benchmark: hdt-merge started — hdt-merge-r02-00005
  Partitioned compression: HG005_GRCh38_1_22_v4.2.1_benchmark: hdt-merge complete — hdt-merge-r02-00005
  Partitioned compression: HG005_GRCh38_1_22_v4.2.1_benchmark: hdt-merge started — hdt-merge-r02-00006
  Partitioned compression: HG005_GRCh38_1_22_v4.2.1_benchmark: hdt-merge complete — hdt-merge-r02-00006
  Partitioned compression: HG005_GRCh38_1_22_v4.2.1_benchmark: hdt-merge started — hdt-merge-r02-00007
  Partitioned compression: HG005_GRCh38_1_22_v4.2.1_benchmark: hdt-merge complete — hdt-merge-r02-00007
  Partitioned compression: HG005_GRCh38_1_22_v4.2.1_benchmark: hdt-merge started — hdt-merge-r02-00008
  Partitioned compression: HG005_GRCh38_1_22_v4.2.1_benchmark: hdt-merge complete — hdt-merge-r02-00008
  Partitioned compression: HG005_GRCh38_1_22_v4.2.1_benchmark: hdt-merge started — hdt-merge-r02-00009
  Partitioned compression: HG005_GRCh38_1_22_v4.2.1_benchmark: hdt-merge complete — hdt-merge-r02-00009
  Partitioned compression: HG005_GRCh38_1_22_v4.2.1_benchmark: hdt-merge started — hdt-merge-r02-00010
  Partitioned compression: HG005_GRCh38_1_22_v4.2.1_benchmark: hdt-merge complete — hdt-merge-r02-00010
  Partitioned compression: HG005_GRCh38_1_22_v4.2.1_benchmark: hdt-merge started — hdt-merge-r02-00011
  Partitioned compression: HG005_GRCh38_1_22_v4.2.1_benchmark: hdt-merge complete — hdt-merge-r02-00011
  Partitioned compression: HG005_GRCh38_1_22_v4.2.1_benchmark: hdt-merge started — hdt-merge-r02-00012
  Partitioned compression: HG005_GRCh38_1_22_v4.2.1_benchmark: hdt-merge complete — hdt-merge-r02-00012
  Partitioned compression: HG005_GRCh38_1_22_v4.2.1_benchmark: hdt-merge started — hdt-merge-r02-00013
  Partitioned compression: HG005_GRCh38_1_22_v4.2.1_benchmark: hdt-merge complete — hdt-merge-r02-00013
  Partitioned compression: HG005_GRCh38_1_22_v4.2.1_benchmark: hdt-merge started — hdt-merge-r02-00014
  Partitioned compression: HG005_GRCh38_1_22_v4.2.1_benchmark: hdt-merge complete — hdt-merge-r02-00014
  Partitioned compression: HG005_GRCh38_1_22_v4.2.1_benchmark: hdt-merge started — hdt-merge-r02-00015
  Partitioned compression: HG005_GRCh38_1_22_v4.2.1_benchmark: hdt-merge complete — hdt-merge-r02-00015
  Partitioned compression: HG005_GRCh38_1_22_v4.2.1_benchmark: hdt-merge started — hdt-merge-r02-00016
  Partitioned compression: HG005_GRCh38_1_22_v4.2.1_benchmark: hdt-merge complete — hdt-merge-r02-00016
  Partitioned compression: HG005_GRCh38_1_22_v4.2.1_benchmark: hdt-merge started — hdt-merge-r02-00017
  Partitioned compression: HG005_GRCh38_1_22_v4.2.1_benchmark: hdt-merge complete — hdt-merge-r02-00017
  Partitioned compression: HG005_GRCh38_1_22_v4.2.1_benchmark: hdt-merge started — hdt-merge-r02-00018
  Partitioned compression: HG005_GRCh38_1_22_v4.2.1_benchmark: hdt-merge complete — hdt-merge-r02-00018
  Partitioned compression: HG005_GRCh38_1_22_v4.2.1_benchmark: hdt-merge started — hdt-merge-r02-00019
  Partitioned compression: HG005_GRCh38_1_22_v4.2.1_benchmark: hdt-merge complete — hdt-merge-r02-00019
  Partitioned compression: HG005_GRCh38_1_22_v4.2.1_benchmark: hdt-merge started — hdt-merge-r02-00020
  Partitioned compression: HG005_GRCh38_1_22_v4.2.1_benchmark: hdt-merge complete — hdt-merge-r02-00020
  Partitioned compression: HG005_GRCh38_1_22_v4.2.1_benchmark: hdt-merge started — hdt-merge-r02-00021
  Partitioned compression: HG005_GRCh38_1_22_v4.2.1_benchmark: hdt-merge complete — hdt-merge-r02-00021
  Partitioned compression: HG005_GRCh38_1_22_v4.2.1_benchmark: hdt-merge started — hdt-merge-r02-00022
  Partitioned compression: HG005_GRCh38_1_22_v4.2.1_benchmark: hdt-merge complete — hdt-merge-r02-00022
  Partitioned compression: HG005_GRCh38_1_22_v4.2.1_benchmark: hdt-merge started — hdt-merge-r02-00023
  Partitioned compression: HG005_GRCh38_1_22_v4.2.1_benchmark: hdt-merge complete — hdt-merge-r02-00023
  Partitioned compression: HG005_GRCh38_1_22_v4.2.1_benchmark: hdt-merge started — hdt-merge-r02-00024
  Partitioned compression: HG005_GRCh38_1_22_v4.2.1_benchmark: hdt-merge complete — hdt-merge-r02-00024
  Partitioned compression: HG005_GRCh38_1_22_v4.2.1_benchmark: hdt-merge started — hdt-merge-r02-00025
  Partitioned compression: HG005_GRCh38_1_22_v4.2.1_benchmark: hdt-merge complete — hdt-merge-r02-00025
  Partitioned compression: HG005_GRCh38_1_22_v4.2.1_benchmark: hdt-merge started — hdt-merge-r02-00026
  Partitioned compression: HG005_GRCh38_1_22_v4.2.1_benchmark: hdt-merge complete — hdt-merge-r02-00026
  Partitioned compression: HG005_GRCh38_1_22_v4.2.1_benchmark: hdt-merge started — hdt-merge-r02-00027
  Partitioned compression: HG005_GRCh38_1_22_v4.2.1_benchmark: hdt-merge complete — hdt-merge-r02-00027
  Partitioned compression: HG005_GRCh38_1_22_v4.2.1_benchmark: hdt-merge started — hdt-merge-r02-00028
  Partitioned compression: HG005_GRCh38_1_22_v4.2.1_benchmark: hdt-merge complete — hdt-merge-r02-00028
  Partitioned compression: HG005_GRCh38_1_22_v4.2.1_benchmark: hdt-merge started — hdt-merge-r02-00029
  Partitioned compression: HG005_GRCh38_1_22_v4.2.1_benchmark: hdt-merge complete — hdt-merge-r02-00029
  Partitioned compression: HG005_GRCh38_1_22_v4.2.1_benchmark: hdt-merge started — hdt-merge-r02-00030
  Partitioned compression: HG005_GRCh38_1_22_v4.2.1_benchmark: hdt-merge complete — hdt-merge-r02-00030
  Partitioned compression: HG005_GRCh38_1_22_v4.2.1_benchmark: hdt-merge started — hdt-merge-r02-00031
  Partitioned compression: HG005_GRCh38_1_22_v4.2.1_benchmark: hdt-merge complete — hdt-merge-r02-00031
  Partitioned compression: HG005_GRCh38_1_22_v4.2.1_benchmark: hdt-merge started — hdt-merge-r02-00032
  Partitioned compression: HG005_GRCh38_1_22_v4.2.1_benchmark: hdt-merge complete — hdt-merge-r02-00032
  Partitioned compression: HG005_GRCh38_1_22_v4.2.1_benchmark: hdt-merge started — hdt-merge-r02-00033
  Partitioned compression: HG005_GRCh38_1_22_v4.2.1_benchmark: hdt-merge complete — hdt-merge-r02-00033
  Partitioned compression: HG005_GRCh38_1_22_v4.2.1_benchmark: hdt-merge started — hdt-merge-r02-00034
  Partitioned compression: HG005_GRCh38_1_22_v4.2.1_benchmark: hdt-merge complete — hdt-merge-r02-00034
  Partitioned compression: HG005_GRCh38_1_22_v4.2.1_benchmark: hdt-merge started — hdt-merge-r02-00035
  Partitioned compression: HG005_GRCh38_1_22_v4.2.1_benchmark: hdt-merge complete — hdt-merge-r02-00035
  Partitioned compression: HG005_GRCh38_1_22_v4.2.1_benchmark: hdt-merge started — hdt-merge-r02-00036
  Partitioned compression: HG005_GRCh38_1_22_v4.2.1_benchmark: hdt-merge complete — hdt-merge-r02-00036
  Partitioned compression: HG005_GRCh38_1_22_v4.2.1_benchmark: hdt-merge started — hdt-merge-r02-00037
  Partitioned compression: HG005_GRCh38_1_22_v4.2.1_benchmark: hdt-merge complete — hdt-merge-r02-00037
  Partitioned compression: HG005_GRCh38_1_22_v4.2.1_benchmark: hdt-merge started — hdt-merge-r02-00038
  Partitioned compression: HG005_GRCh38_1_22_v4.2.1_benchmark: hdt-merge complete — hdt-merge-r02-00038
  Partitioned compression: HG005_GRCh38_1_22_v4.2.1_benchmark: hdt-merge started — hdt-merge-r02-00039
  Partitioned compression: HG005_GRCh38_1_22_v4.2.1_benchmark: hdt-merge complete — hdt-merge-r02-00039
  Partitioned compression: HG005_GRCh38_1_22_v4.2.1_benchmark: hdt-merge started — hdt-merge-r02-00040
  Partitioned compression: HG005_GRCh38_1_22_v4.2.1_benchmark: hdt-merge complete — hdt-merge-r02-00040
  Partitioned compression: HG005_GRCh38_1_22_v4.2.1_benchmark: hdt-merge started — hdt-merge-r02-00041
  Partitioned compression: HG005_GRCh38_1_22_v4.2.1_benchmark: hdt-merge complete — hdt-merge-r02-00041
  Partitioned compression: HG005_GRCh38_1_22_v4.2.1_benchmark: hdt-merge started — hdt-merge-r03-00000
  Partitioned compression: HG005_GRCh38_1_22_v4.2.1_benchmark: hdt-merge complete — hdt-merge-r03-00000
  Partitioned compression: HG005_GRCh38_1_22_v4.2.1_benchmark: hdt-merge started — hdt-merge-r03-00001
  Partitioned compression: HG005_GRCh38_1_22_v4.2.1_benchmark: hdt-merge complete — hdt-merge-r03-00001
  Partitioned compression: HG005_GRCh38_1_22_v4.2.1_benchmark: hdt-merge started — hdt-merge-r03-00002
  Partitioned compression: HG005_GRCh38_1_22_v4.2.1_benchmark: hdt-merge complete — hdt-merge-r03-00002
  Partitioned compression: HG005_GRCh38_1_22_v4.2.1_benchmark: hdt-merge started — hdt-merge-r03-00003
  Partitioned compression: HG005_GRCh38_1_22_v4.2.1_benchmark: hdt-merge complete — hdt-merge-r03-00003
  Partitioned compression: HG005_GRCh38_1_22_v4.2.1_benchmark: hdt-merge started — hdt-merge-r03-00004
  Partitioned compression: HG005_GRCh38_1_22_v4.2.1_benchmark: hdt-merge complete — hdt-merge-r03-00004
  Partitioned compression: HG005_GRCh38_1_22_v4.2.1_benchmark: hdt-merge started — hdt-merge-r03-00005
  Partitioned compression: HG005_GRCh38_1_22_v4.2.1_benchmark: hdt-merge complete — hdt-merge-r03-00005
  Partitioned compression: HG005_GRCh38_1_22_v4.2.1_benchmark: hdt-merge started — hdt-merge-r03-00006
  Partitioned compression: HG005_GRCh38_1_22_v4.2.1_benchmark: hdt-merge complete — hdt-merge-r03-00006
  Partitioned compression: HG005_GRCh38_1_22_v4.2.1_benchmark: hdt-merge started — hdt-merge-r03-00007
  Partitioned compression: HG005_GRCh38_1_22_v4.2.1_benchmark: hdt-merge complete — hdt-merge-r03-00007
  Partitioned compression: HG005_GRCh38_1_22_v4.2.1_benchmark: hdt-merge started — hdt-merge-r03-00008
  Partitioned compression: HG005_GRCh38_1_22_v4.2.1_benchmark: hdt-merge complete — hdt-merge-r03-00008
  Partitioned compression: HG005_GRCh38_1_22_v4.2.1_benchmark: hdt-merge started — hdt-merge-r03-00009
  Partitioned compression: HG005_GRCh38_1_22_v4.2.1_benchmark: hdt-merge complete — hdt-merge-r03-00009
  Partitioned compression: HG005_GRCh38_1_22_v4.2.1_benchmark: hdt-merge started — hdt-merge-r03-00010
  Partitioned compression: HG005_GRCh38_1_22_v4.2.1_benchmark: hdt-merge complete — hdt-merge-r03-00010
  Partitioned compression: HG005_GRCh38_1_22_v4.2.1_benchmark: hdt-merge started — hdt-merge-r03-00011
  Partitioned compression: HG005_GRCh38_1_22_v4.2.1_benchmark: hdt-merge complete — hdt-merge-r03-00011
  Partitioned compression: HG005_GRCh38_1_22_v4.2.1_benchmark: hdt-merge started — hdt-merge-r03-00012
  Partitioned compression: HG005_GRCh38_1_22_v4.2.1_benchmark: hdt-merge complete — hdt-merge-r03-00012
  Partitioned compression: HG005_GRCh38_1_22_v4.2.1_benchmark: hdt-merge started — hdt-merge-r03-00013
  Partitioned compression: HG005_GRCh38_1_22_v4.2.1_benchmark: hdt-merge complete — hdt-merge-r03-00013
  Partitioned compression: HG005_GRCh38_1_22_v4.2.1_benchmark: hdt-merge started — hdt-merge-r03-00014
  Partitioned compression: HG005_GRCh38_1_22_v4.2.1_benchmark: hdt-merge complete — hdt-merge-r03-00014
  Partitioned compression: HG005_GRCh38_1_22_v4.2.1_benchmark: hdt-merge started — hdt-merge-r03-00015
  Partitioned compression: HG005_GRCh38_1_22_v4.2.1_benchmark: hdt-merge complete — hdt-merge-r03-00015
  Partitioned compression: HG005_GRCh38_1_22_v4.2.1_benchmark: hdt-merge started — hdt-merge-r03-00016
  Partitioned compression: HG005_GRCh38_1_22_v4.2.1_benchmark: hdt-merge complete — hdt-merge-r03-00016
  Partitioned compression: HG005_GRCh38_1_22_v4.2.1_benchmark: hdt-merge started — hdt-merge-r03-00017
  Partitioned compression: HG005_GRCh38_1_22_v4.2.1_benchmark: hdt-merge complete — hdt-merge-r03-00017
  Partitioned compression: HG005_GRCh38_1_22_v4.2.1_benchmark: hdt-merge started — hdt-merge-r03-00018
  Partitioned compression: HG005_GRCh38_1_22_v4.2.1_benchmark: hdt-merge complete — hdt-merge-r03-00018
  Partitioned compression: HG005_GRCh38_1_22_v4.2.1_benchmark: hdt-merge started — hdt-merge-r03-00019
  Partitioned compression: HG005_GRCh38_1_22_v4.2.1_benchmark: hdt-merge complete — hdt-merge-r03-00019
  Partitioned compression: HG005_GRCh38_1_22_v4.2.1_benchmark: hdt-merge started — hdt-merge-r03-00020
  Partitioned compression: HG005_GRCh38_1_22_v4.2.1_benchmark: hdt-merge complete — hdt-merge-r03-00020
  Partitioned compression: HG005_GRCh38_1_22_v4.2.1_benchmark: hdt-merge started — hdt-merge-r04-00000
  Partitioned compression: HG005_GRCh38_1_22_v4.2.1_benchmark: hdt-merge complete — hdt-merge-r04-00000
  Partitioned compression: HG005_GRCh38_1_22_v4.2.1_benchmark: hdt-merge started — hdt-merge-r04-00001
  Partitioned compression: HG005_GRCh38_1_22_v4.2.1_benchmark: hdt-merge complete — hdt-merge-r04-00001
  Partitioned compression: HG005_GRCh38_1_22_v4.2.1_benchmark: hdt-merge started — hdt-merge-r04-00002
  Partitioned compression: HG005_GRCh38_1_22_v4.2.1_benchmark: hdt-merge complete — hdt-merge-r04-00002
  Partitioned compression: HG005_GRCh38_1_22_v4.2.1_benchmark: hdt-merge started — hdt-merge-r04-00003
  Partitioned compression: HG005_GRCh38_1_22_v4.2.1_benchmark: hdt-merge complete — hdt-merge-r04-00003
  Partitioned compression: HG005_GRCh38_1_22_v4.2.1_benchmark: hdt-merge started — hdt-merge-r04-00004
  Partitioned compression: HG005_GRCh38_1_22_v4.2.1_benchmark: hdt-merge complete — hdt-merge-r04-00004
  Partitioned compression: HG005_GRCh38_1_22_v4.2.1_benchmark: hdt-merge started — hdt-merge-r04-00005
  Partitioned compression: HG005_GRCh38_1_22_v4.2.1_benchmark: hdt-merge complete — hdt-merge-r04-00005
  Partitioned compression: HG005_GRCh38_1_22_v4.2.1_benchmark: hdt-merge started — hdt-merge-r04-00006
  Partitioned compression: HG005_GRCh38_1_22_v4.2.1_benchmark: hdt-merge complete — hdt-merge-r04-00006
  Partitioned compression: HG005_GRCh38_1_22_v4.2.1_benchmark: hdt-merge started — hdt-merge-r04-00007
  Partitioned compression: HG005_GRCh38_1_22_v4.2.1_benchmark: hdt-merge complete — hdt-merge-r04-00007
  Partitioned compression: HG005_GRCh38_1_22_v4.2.1_benchmark: hdt-merge started — hdt-merge-r04-00008
  Partitioned compression: HG005_GRCh38_1_22_v4.2.1_benchmark: hdt-merge complete — hdt-merge-r04-00008
  Partitioned compression: HG005_GRCh38_1_22_v4.2.1_benchmark: hdt-merge started — hdt-merge-r04-00009
  Partitioned compression: HG005_GRCh38_1_22_v4.2.1_benchmark: hdt-merge complete — hdt-merge-r04-00009
  Partitioned compression: HG005_GRCh38_1_22_v4.2.1_benchmark: hdt-merge started — hdt-merge-r04-00010
  Partitioned compression: HG005_GRCh38_1_22_v4.2.1_benchmark: hdt-merge complete — hdt-merge-r04-00010
  Partitioned compression: HG005_GRCh38_1_22_v4.2.1_benchmark: hdt-merge started — hdt-merge-r05-00000
  Partitioned compression: HG005_GRCh38_1_22_v4.2.1_benchmark: hdt-merge complete — hdt-merge-r05-00000
  Partitioned compression: HG005_GRCh38_1_22_v4.2.1_benchmark: hdt-merge started — hdt-merge-r05-00001
  Partitioned compression: HG005_GRCh38_1_22_v4.2.1_benchmark: hdt-merge complete — hdt-merge-r05-00001
  Partitioned compression: HG005_GRCh38_1_22_v4.2.1_benchmark: hdt-merge started — hdt-merge-r05-00002
  Partitioned compression: HG005_GRCh38_1_22_v4.2.1_benchmark: hdt-merge complete — hdt-merge-r05-00002
  Partitioned compression: HG005_GRCh38_1_22_v4.2.1_benchmark: hdt-merge started — hdt-merge-r05-00003
  Partitioned compression: HG005_GRCh38_1_22_v4.2.1_benchmark: hdt-merge complete — hdt-merge-r05-00003
  Partitioned compression: HG005_GRCh38_1_22_v4.2.1_benchmark: hdt-merge started — hdt-merge-r05-00004
  Partitioned compression: HG005_GRCh38_1_22_v4.2.1_benchmark: hdt-merge complete — hdt-merge-r05-00004
  Partitioned compression: HG005_GRCh38_1_22_v4.2.1_benchmark: hdt-merge started — hdt-merge-r06-00000
  Partitioned compression: HG005_GRCh38_1_22_v4.2.1_benchmark: hdt-merge complete — hdt-merge-r06-00000
  Partitioned compression: HG005_GRCh38_1_22_v4.2.1_benchmark: hdt-merge started — hdt-merge-r06-00001
  Partitioned compression: HG005_GRCh38_1_22_v4.2.1_benchmark: hdt-merge complete — hdt-merge-r06-00001
  Partitioned compression: HG005_GRCh38_1_22_v4.2.1_benchmark: hdt-merge started — hdt-merge-r06-00002
  Partitioned compression: HG005_GRCh38_1_22_v4.2.1_benchmark: hdt-merge complete — hdt-merge-r06-00002
  Partitioned compression: HG005_GRCh38_1_22_v4.2.1_benchmark: hdt-merge started — hdt-merge-r07-00000
  Partitioned compression: HG005_GRCh38_1_22_v4.2.1_benchmark: hdt-merge complete — hdt-merge-r07-00000
  Partitioned compression: HG005_GRCh38_1_22_v4.2.1_benchmark: hdt-merge started — hdt-merge-r08-00000
  Partitioned compression: HG005_GRCh38_1_22_v4.2.1_benchmark: hdt-merge complete — hdt-merge-r08-00000
  Partitioned compression: HG005_GRCh38_1_22_v4.2.1_benchmark: hdt started — hdt-index
  Partitioned compression: HG005_GRCh38_1_22_v4.2.1_benchmark: hdt complete — hdt-index
  Partitioned compression: HG005_GRCh38_1_22_v4.2.1_benchmark: hdt started — hdt-validate
  Partitioned compression: HG005_GRCh38_1_22_v4.2.1_benchmark: hdt complete — hdt-validate
  Partitioned compression: HG005_GRCh38_1_22_v4.2.1_benchmark: cottas-merge started — cottas-merge-stream
  Partitioned compression: HG005_GRCh38_1_22_v4.2.1_benchmark: cottas-merge started — 0 triples · 170 sorted COTTAS chunks
  Partitioned compression: HG005_GRCh38_1_22_v4.2.1_benchmark: cottas-merge merging — 250,000 triples · 250,000 distinct triples written
  Partitioned compression: HG005_GRCh38_1_22_v4.2.1_benchmark: cottas-merge merging — 500,000 triples · 500,000 distinct triples written
  Partitioned compression: HG005_GRCh38_1_22_v4.2.1_benchmark: cottas-merge merging — 750,000 triples · 750,000 distinct triples written
  Partitioned compression: HG005_GRCh38_1_22_v4.2.1_benchmark: cottas-merge merging — 1,000,000 triples · 1,000,000 distinct triples written
  Partitioned compression: HG005_GRCh38_1_22_v4.2.1_benchmark: cottas-merge merging — 1,250,000 triples · 1,250,000 distinct triples written
  Partitioned compression: HG005_GRCh38_1_22_v4.2.1_benchmark: cottas-merge merging — 1,500,000 triples · 1,500,000 distinct triples written
  Partitioned compression: HG005_GRCh38_1_22_v4.2.1_benchmark: cottas-merge merging — 1,750,000 triples · 1,750,000 distinct triples written
  Partitioned compression: HG005_GRCh38_1_22_v4.2.1_benchmark: cottas-merge merging — 2,000,000 triples · 2,000,000 distinct triples written
  Partitioned compression: HG005_GRCh38_1_22_v4.2.1_benchmark: cottas-merge merging — 2,250,000 triples · 2,250,000 distinct triples written
  Partitioned compression: HG005_GRCh38_1_22_v4.2.1_benchmark: cottas-merge merging — 2,500,000 triples · 2,500,000 distinct triples written
  Partitioned compression: HG005_GRCh38_1_22_v4.2.1_benchmark: cottas-merge merging — 2,750,000 triples · 2,750,000 distinct triples written
  Partitioned compression: HG005_GRCh38_1_22_v4.2.1_benchmark: cottas-merge merging — 3,000,000 triples · 3,000,000 distinct triples written
  Partitioned compression: HG005_GRCh38_1_22_v4.2.1_benchmark: cottas-merge merging — 3,250,000 triples · 3,250,000 distinct triples written
  Partitioned compression: HG005_GRCh38_1_22_v4.2.1_benchmark: cottas-merge merging — 3,500,000 triples · 3,500,000 distinct triples written
  Partitioned compression: HG005_GRCh38_1_22_v4.2.1_benchmark: cottas-merge merging — 3,750,000 triples · 3,750,000 distinct triples written
  Partitioned compression: HG005_GRCh38_1_22_v4.2.1_benchmark: cottas-merge merging — 4,000,000 triples · 4,000,000 distinct triples written
  Partitioned compression: HG005_GRCh38_1_22_v4.2.1_benchmark: cottas-merge merging — 4,250,000 triples · 4,250,000 distinct triples written
  Partitioned compression: HG005_GRCh38_1_22_v4.2.1_benchmark: cottas-merge merging — 4,500,000 triples · 4,500,000 distinct triples written
  Partitioned compression: HG005_GRCh38_1_22_v4.2.1_benchmark: cottas-merge merging — 4,750,000 triples · 4,750,000 distinct triples written
  Partitioned compression: HG005_GRCh38_1_22_v4.2.1_benchmark: cottas-merge merging — 5,000,000 triples · 5,000,000 distinct triples written
  Partitioned compression: HG005_GRCh38_1_22_v4.2.1_benchmark: cottas-merge merging — 5,250,000 triples · 5,250,000 distinct triples written
  Partitioned compression: HG005_GRCh38_1_22_v4.2.1_benchmark: cottas-merge merging — 5,500,000 triples · 5,500,000 distinct triples written
  Partitioned compression: HG005_GRCh38_1_22_v4.2.1_benchmark: cottas-merge merging — 5,750,000 triples · 5,750,000 distinct triples written
  Partitioned compression: HG005_GRCh38_1_22_v4.2.1_benchmark: cottas-merge merging — 6,000,000 triples · 6,000,000 distinct triples written
  Partitioned compression: HG005_GRCh38_1_22_v4.2.1_benchmark: cottas-merge merging — 6,250,000 triples · 6,250,000 distinct triples written
  Partitioned compression: HG005_GRCh38_1_22_v4.2.1_benchmark: cottas-merge merging — 6,500,000 triples · 6,500,000 distinct triples written
  Partitioned compression: HG005_GRCh38_1_22_v4.2.1_benchmark: cottas-merge merging — 6,750,000 triples · 6,750,000 distinct triples written
  Partitioned compression: HG005_GRCh38_1_22_v4.2.1_benchmark: cottas-merge merging — 7,000,000 triples · 7,000,000 distinct triples written
  Partitioned compression: HG005_GRCh38_1_22_v4.2.1_benchmark: cottas-merge merging — 7,250,000 triples · 7,250,000 distinct triples written
  Partitioned compression: HG005_GRCh38_1_22_v4.2.1_benchmark: cottas-merge merging — 7,500,000 triples · 7,500,000 distinct triples written
  Partitioned compression: HG005_GRCh38_1_22_v4.2.1_benchmark: cottas-merge merging — 7,750,000 triples · 7,750,000 distinct triples written
  Partitioned compression: HG005_GRCh38_1_22_v4.2.1_benchmark: cottas-merge merging — 8,000,000 triples · 8,000,000 distinct triples written
  Partitioned compression: HG005_GRCh38_1_22_v4.2.1_benchmark: cottas-merge merging — 8,250,000 triples · 8,250,000 distinct triples written
  Partitioned compression: HG005_GRCh38_1_22_v4.2.1_benchmark: cottas-merge merging — 8,500,000 triples · 8,500,000 distinct triples written
  Partitioned compression: HG005_GRCh38_1_22_v4.2.1_benchmark: cottas-merge merging — 8,750,000 triples · 8,750,000 distinct triples written
  Partitioned compression: HG005_GRCh38_1_22_v4.2.1_benchmark: cottas-merge merging — 9,000,000 triples · 9,000,000 distinct triples written
  Partitioned compression: HG005_GRCh38_1_22_v4.2.1_benchmark: cottas-merge merging — 9,250,000 triples · 9,250,000 distinct triples written
  Partitioned compression: HG005_GRCh38_1_22_v4.2.1_benchmark: cottas-merge merging — 9,500,000 triples · 9,500,000 distinct triples written
  Partitioned compression: HG005_GRCh38_1_22_v4.2.1_benchmark: cottas-merge merging — 9,750,000 triples · 9,750,000 distinct triples written
  Partitioned compression: HG005_GRCh38_1_22_v4.2.1_benchmark: cottas-merge merging — 10,000,000 triples · 10,000,000 distinct triples written
  Partitioned compression: HG005_GRCh38_1_22_v4.2.1_benchmark: cottas-merge merging — 10,250,000 triples · 10,250,000 distinct triples written
  Partitioned compression: HG005_GRCh38_1_22_v4.2.1_benchmark: cottas-merge merging — 10,500,000 triples · 10,500,000 distinct triples written
  Partitioned compression: HG005_GRCh38_1_22_v4.2.1_benchmark: cottas-merge merging — 10,750,000 triples · 10,750,000 distinct triples written
  Partitioned compression: HG005_GRCh38_1_22_v4.2.1_benchmark: cottas-merge merging — 11,000,000 triples · 11,000,000 distinct triples written
  Partitioned compression: HG005_GRCh38_1_22_v4.2.1_benchmark: cottas-merge merging — 11,250,000 triples · 11,250,000 distinct triples written
  Partitioned compression: HG005_GRCh38_1_22_v4.2.1_benchmark: cottas-merge merging — 11,500,000 triples · 11,500,000 distinct triples written
  Partitioned compression: HG005_GRCh38_1_22_v4.2.1_benchmark: cottas-merge merging — 11,750,000 triples · 11,750,000 distinct triples written
  Partitioned compression: HG005_GRCh38_1_22_v4.2.1_benchmark: cottas-merge merging — 12,000,000 triples · 12,000,000 distinct triples written
  Partitioned compression: HG005_GRCh38_1_22_v4.2.1_benchmark: cottas-merge merging — 12,250,000 triples · 12,250,000 distinct triples written
  Partitioned compression: HG005_GRCh38_1_22_v4.2.1_benchmark: cottas-merge merging — 12,500,000 triples · 12,500,000 distinct triples written
  Partitioned compression: HG005_GRCh38_1_22_v4.2.1_benchmark: cottas-merge merging — 12,750,000 triples · 12,750,000 distinct triples written
  Partitioned compression: HG005_GRCh38_1_22_v4.2.1_benchmark: cottas-merge merging — 13,000,000 triples · 13,000,000 distinct triples written
  Partitioned compression: HG005_GRCh38_1_22_v4.2.1_benchmark: cottas-merge merging — 13,250,000 triples · 13,250,000 distinct triples written
  Partitioned compression: HG005_GRCh38_1_22_v4.2.1_benchmark: cottas-merge merging — 13,500,000 triples · 13,500,000 distinct triples written
  Partitioned compression: HG005_GRCh38_1_22_v4.2.1_benchmark: cottas-merge merging — 13,750,000 triples · 13,750,000 distinct triples written
  Partitioned compression: HG005_GRCh38_1_22_v4.2.1_benchmark: cottas-merge merging — 14,000,000 triples · 14,000,000 distinct triples written
  Partitioned compression: HG005_GRCh38_1_22_v4.2.1_benchmark: cottas-merge merging — 14,250,000 triples · 14,250,000 distinct triples written
  Partitioned compression: HG005_GRCh38_1_22_v4.2.1_benchmark: cottas-merge merging — 14,500,000 triples · 14,500,000 distinct triples written
  Partitioned compression: HG005_GRCh38_1_22_v4.2.1_benchmark: cottas-merge merging — 14,750,000 triples · 14,750,000 distinct triples written
  Partitioned compression: HG005_GRCh38_1_22_v4.2.1_benchmark: cottas-merge merging — 15,000,000 triples · 15,000,000 distinct triples written
  Partitioned compression: HG005_GRCh38_1_22_v4.2.1_benchmark: cottas-merge merging — 15,250,000 triples · 15,250,000 distinct triples written
  Partitioned compression: HG005_GRCh38_1_22_v4.2.1_benchmark: cottas-merge merging — 15,500,000 triples · 15,500,000 distinct triples written
  Partitioned compression: HG005_GRCh38_1_22_v4.2.1_benchmark: cottas-merge merging — 15,750,000 triples · 15,750,000 distinct triples written
  Partitioned compression: HG005_GRCh38_1_22_v4.2.1_benchmark: cottas-merge merging — 16,000,000 triples · 16,000,000 distinct triples written
  Partitioned compression: HG005_GRCh38_1_22_v4.2.1_benchmark: cottas-merge merging — 16,250,000 triples · 16,250,000 distinct triples written
  Partitioned compression: HG005_GRCh38_1_22_v4.2.1_benchmark: cottas-merge merging — 16,500,000 triples · 16,500,000 distinct triples written
  Partitioned compression: HG005_GRCh38_1_22_v4.2.1_benchmark: cottas-merge merging — 16,750,000 triples · 16,750,000 distinct triples written
  Partitioned compression: HG005_GRCh38_1_22_v4.2.1_benchmark: cottas-merge merging — 17,000,000 triples · 17,000,000 distinct triples written
  Partitioned compression: HG005_GRCh38_1_22_v4.2.1_benchmark: cottas-merge merging — 17,250,000 triples · 17,250,000 distinct triples written
  Partitioned compression: HG005_GRCh38_1_22_v4.2.1_benchmark: cottas-merge merging — 17,500,000 triples · 17,500,000 distinct triples written
  Partitioned compression: HG005_GRCh38_1_22_v4.2.1_benchmark: cottas-merge merging — 17,750,000 triples · 17,750,000 distinct triples written
  Partitioned compression: HG005_GRCh38_1_22_v4.2.1_benchmark: cottas-merge merging — 18,000,000 triples · 18,000,000 distinct triples written
  Partitioned compression: HG005_GRCh38_1_22_v4.2.1_benchmark: cottas-merge merging — 18,250,000 triples · 18,250,000 distinct triples written
  Partitioned compression: HG005_GRCh38_1_22_v4.2.1_benchmark: cottas-merge merging — 18,500,000 triples · 18,500,000 distinct triples written
  Partitioned compression: HG005_GRCh38_1_22_v4.2.1_benchmark: cottas-merge merging — 18,750,000 triples · 18,750,000 distinct triples written
  Partitioned compression: HG005_GRCh38_1_22_v4.2.1_benchmark: cottas-merge merging — 19,000,000 triples · 19,000,000 distinct triples written
  Partitioned compression: HG005_GRCh38_1_22_v4.2.1_benchmark: cottas-merge merging — 19,250,000 triples · 19,250,000 distinct triples written
  Partitioned compression: HG005_GRCh38_1_22_v4.2.1_benchmark: cottas-merge merging — 19,500,000 triples · 19,500,000 distinct triples written
  Partitioned compression: HG005_GRCh38_1_22_v4.2.1_benchmark: cottas-merge merging — 19,750,000 triples · 19,750,000 distinct triples written
  Partitioned compression: HG005_GRCh38_1_22_v4.2.1_benchmark: cottas-merge merging — 20,000,000 triples · 20,000,000 distinct triples written
  Partitioned compression: HG005_GRCh38_1_22_v4.2.1_benchmark: cottas-merge merging — 20,250,000 triples · 20,250,000 distinct triples written
  Partitioned compression: HG005_GRCh38_1_22_v4.2.1_benchmark: cottas-merge merging — 20,500,000 triples · 20,500,000 distinct triples written
  Partitioned compression: HG005_GRCh38_1_22_v4.2.1_benchmark: cottas-merge merging — 20,750,000 triples · 20,750,000 distinct triples written
  Partitioned compression: HG005_GRCh38_1_22_v4.2.1_benchmark: cottas-merge merging — 21,000,000 triples · 21,000,000 distinct triples written
  Partitioned compression: HG005_GRCh38_1_22_v4.2.1_benchmark: cottas-merge merging — 21,250,000 triples · 21,250,000 distinct triples written
  Partitioned compression: HG005_GRCh38_1_22_v4.2.1_benchmark: cottas-merge merging — 21,500,000 triples · 21,500,000 distinct triples written
  Partitioned compression: HG005_GRCh38_1_22_v4.2.1_benchmark: cottas-merge merging — 21,750,000 triples · 21,750,000 distinct triples written
  Partitioned compression: HG005_GRCh38_1_22_v4.2.1_benchmark: cottas-merge merging — 22,000,000 triples · 22,000,000 distinct triples written
  Partitioned compression: HG005_GRCh38_1_22_v4.2.1_benchmark: cottas-merge merging — 22,250,000 triples · 22,250,000 distinct triples written
  Partitioned compression: HG005_GRCh38_1_22_v4.2.1_benchmark: cottas-merge merging — 22,500,000 triples · 22,500,000 distinct triples written
  Partitioned compression: HG005_GRCh38_1_22_v4.2.1_benchmark: cottas-merge merging — 22,750,000 triples · 22,750,000 distinct triples written
  Partitioned compression: HG005_GRCh38_1_22_v4.2.1_benchmark: cottas-merge merging — 23,000,000 triples · 23,000,000 distinct triples written
  Partitioned compression: HG005_GRCh38_1_22_v4.2.1_benchmark: cottas-merge merging — 23,250,000 triples · 23,250,000 distinct triples written
  Partitioned compression: HG005_GRCh38_1_22_v4.2.1_benchmark: cottas-merge merging — 23,500,000 triples · 23,500,000 distinct triples written
  Partitioned compression: HG005_GRCh38_1_22_v4.2.1_benchmark: cottas-merge merging — 23,750,000 triples · 23,750,000 distinct triples written
  Partitioned compression: HG005_GRCh38_1_22_v4.2.1_benchmark: cottas-merge merging — 24,000,000 triples · 24,000,000 distinct triples written
  Partitioned compression: HG005_GRCh38_1_22_v4.2.1_benchmark: cottas-merge merging — 24,250,000 triples · 24,250,000 distinct triples written
  Partitioned compression: HG005_GRCh38_1_22_v4.2.1_benchmark: cottas-merge merging — 24,500,000 triples · 24,500,000 distinct triples written
  Partitioned compression: HG005_GRCh38_1_22_v4.2.1_benchmark: cottas-merge merging — 24,750,000 triples · 24,750,000 distinct triples written
  Partitioned compression: HG005_GRCh38_1_22_v4.2.1_benchmark: cottas-merge merging — 25,000,000 triples · 25,000,000 distinct triples written
  Partitioned compression: HG005_GRCh38_1_22_v4.2.1_benchmark: cottas-merge merging — 25,250,000 triples · 25,250,000 distinct triples written
  Partitioned compression: HG005_GRCh38_1_22_v4.2.1_benchmark: cottas-merge merging — 25,500,000 triples · 25,500,000 distinct triples written
  Partitioned compression: HG005_GRCh38_1_22_v4.2.1_benchmark: cottas-merge merging — 25,750,000 triples · 25,750,000 distinct triples written
  Partitioned compression: HG005_GRCh38_1_22_v4.2.1_benchmark: cottas-merge merging — 26,000,000 triples · 26,000,000 distinct triples written
  Partitioned compression: HG005_GRCh38_1_22_v4.2.1_benchmark: cottas-merge merging — 26,250,000 triples · 26,250,000 distinct triples written
  Partitioned compression: HG005_GRCh38_1_22_v4.2.1_benchmark: cottas-merge merging — 26,500,000 triples · 26,500,000 distinct triples written
  Partitioned compression: HG005_GRCh38_1_22_v4.2.1_benchmark: cottas-merge merging — 26,750,000 triples · 26,750,000 distinct triples written
  Partitioned compression: HG005_GRCh38_1_22_v4.2.1_benchmark: cottas-merge merging — 27,000,000 triples · 27,000,000 distinct triples written
  Partitioned compression: HG005_GRCh38_1_22_v4.2.1_benchmark: cottas-merge merging — 27,250,000 triples · 27,250,000 distinct triples written
  Partitioned compression: HG005_GRCh38_1_22_v4.2.1_benchmark: cottas-merge merging — 27,500,000 triples · 27,500,000 distinct triples written
  Partitioned compression: HG005_GRCh38_1_22_v4.2.1_benchmark: cottas-merge merging — 27,750,000 triples · 27,750,000 distinct triples written
  Partitioned compression: HG005_GRCh38_1_22_v4.2.1_benchmark: cottas-merge merging — 28,000,000 triples · 28,000,000 distinct triples written
  Partitioned compression: HG005_GRCh38_1_22_v4.2.1_benchmark: cottas-merge merging — 28,250,000 triples · 28,250,000 distinct triples written
  Partitioned compression: HG005_GRCh38_1_22_v4.2.1_benchmark: cottas-merge merging — 28,500,000 triples · 28,500,000 distinct triples written
  Partitioned compression: HG005_GRCh38_1_22_v4.2.1_benchmark: cottas-merge merging — 28,750,000 triples · 28,750,000 distinct triples written
  Partitioned compression: HG005_GRCh38_1_22_v4.2.1_benchmark: cottas-merge merging — 29,000,000 triples · 29,000,000 distinct triples written
  Partitioned compression: HG005_GRCh38_1_22_v4.2.1_benchmark: cottas-merge merging — 29,250,000 triples · 29,250,000 distinct triples written
  Partitioned compression: HG005_GRCh38_1_22_v4.2.1_benchmark: cottas-merge merging — 29,500,000 triples · 29,500,000 distinct triples written
  Partitioned compression: HG005_GRCh38_1_22_v4.2.1_benchmark: cottas-merge merging — 29,750,000 triples · 29,750,000 distinct triples written
  Partitioned compression: HG005_GRCh38_1_22_v4.2.1_benchmark: cottas-merge merging — 30,000,000 triples · 30,000,000 distinct triples written
  Partitioned compression: HG005_GRCh38_1_22_v4.2.1_benchmark: cottas-merge merging — 30,250,000 triples · 30,250,000 distinct triples written
  Partitioned compression: HG005_GRCh38_1_22_v4.2.1_benchmark: cottas-merge merging — 30,500,000 triples · 30,500,000 distinct triples written
  Partitioned compression: HG005_GRCh38_1_22_v4.2.1_benchmark: cottas-merge merging — 30,750,000 triples · 30,750,000 distinct triples written
  Partitioned compression: HG005_GRCh38_1_22_v4.2.1_benchmark: cottas-merge merging — 31,000,000 triples · 31,000,000 distinct triples written
  Partitioned compression: HG005_GRCh38_1_22_v4.2.1_benchmark: cottas-merge merging — 31,250,000 triples · 31,250,000 distinct triples written
  Partitioned compression: HG005_GRCh38_1_22_v4.2.1_benchmark: cottas-merge merging — 31,500,000 triples · 31,500,000 distinct triples written
  Partitioned compression: HG005_GRCh38_1_22_v4.2.1_benchmark: cottas-merge merging — 31,750,000 triples · 31,750,000 distinct triples written
  Partitioned compression: HG005_GRCh38_1_22_v4.2.1_benchmark: cottas-merge merging — 32,000,000 triples · 32,000,000 distinct triples written
  Partitioned compression: HG005_GRCh38_1_22_v4.2.1_benchmark: cottas-merge merging — 32,250,000 triples · 32,250,000 distinct triples written
  Partitioned compression: HG005_GRCh38_1_22_v4.2.1_benchmark: cottas-merge merging — 32,500,000 triples · 32,500,000 distinct triples written
  Partitioned compression: HG005_GRCh38_1_22_v4.2.1_benchmark: cottas-merge merging — 32,750,000 triples · 32,750,000 distinct triples written
  Partitioned compression: HG005_GRCh38_1_22_v4.2.1_benchmark: cottas-merge merging — 33,000,000 triples · 33,000,000 distinct triples written
  Partitioned compression: HG005_GRCh38_1_22_v4.2.1_benchmark: cottas-merge merging — 33,250,000 triples · 33,250,000 distinct triples written
  Partitioned compression: HG005_GRCh38_1_22_v4.2.1_benchmark: cottas-merge merging — 33,500,000 triples · 33,500,000 distinct triples written
  Partitioned compression: HG005_GRCh38_1_22_v4.2.1_benchmark: cottas-merge merging — 33,750,000 triples · 33,750,000 distinct triples written
  Partitioned compression: HG005_GRCh38_1_22_v4.2.1_benchmark: cottas-merge merging — 34,000,000 triples · 34,000,000 distinct triples written
  Partitioned compression: HG005_GRCh38_1_22_v4.2.1_benchmark: cottas-merge merging — 34,250,000 triples · 34,250,000 distinct triples written
  Partitioned compression: HG005_GRCh38_1_22_v4.2.1_benchmark: cottas-merge merging — 34,500,000 triples · 34,500,000 distinct triples written
  Partitioned compression: HG005_GRCh38_1_22_v4.2.1_benchmark: cottas-merge merging — 34,750,000 triples · 34,750,000 distinct triples written
  Partitioned compression: HG005_GRCh38_1_22_v4.2.1_benchmark: cottas-merge merging — 35,000,000 triples · 35,000,000 distinct triples written
  Partitioned compression: HG005_GRCh38_1_22_v4.2.1_benchmark: cottas-merge merging — 35,250,000 triples · 35,250,000 distinct triples written
  Partitioned compression: HG005_GRCh38_1_22_v4.2.1_benchmark: cottas-merge merging — 35,500,000 triples · 35,500,000 distinct triples written
  Partitioned compression: HG005_GRCh38_1_22_v4.2.1_benchmark: cottas-merge merging — 35,750,000 triples · 35,750,000 distinct triples written
  Partitioned compression: HG005_GRCh38_1_22_v4.2.1_benchmark: cottas-merge merging — 36,000,000 triples · 36,000,000 distinct triples written
  Partitioned compression: HG005_GRCh38_1_22_v4.2.1_benchmark: cottas-merge merging — 36,250,000 triples · 36,250,000 distinct triples written
  Partitioned compression: HG005_GRCh38_1_22_v4.2.1_benchmark: cottas-merge merging — 36,500,000 triples · 36,500,000 distinct triples written
  Partitioned compression: HG005_GRCh38_1_22_v4.2.1_benchmark: cottas-merge merging — 36,750,000 triples · 36,750,000 distinct triples written
  Partitioned compression: HG005_GRCh38_1_22_v4.2.1_benchmark: cottas-merge merging — 37,000,000 triples · 37,000,000 distinct triples written
  Partitioned compression: HG005_GRCh38_1_22_v4.2.1_benchmark: cottas-merge merging — 37,250,000 triples · 37,250,000 distinct triples written
  Partitioned compression: HG005_GRCh38_1_22_v4.2.1_benchmark: cottas-merge merging — 37,500,000 triples · 37,500,000 distinct triples written
  Partitioned compression: HG005_GRCh38_1_22_v4.2.1_benchmark: cottas-merge merging — 37,750,000 triples · 37,750,000 distinct triples written
  Partitioned compression: HG005_GRCh38_1_22_v4.2.1_benchmark: cottas-merge merging — 38,000,000 triples · 38,000,000 distinct triples written
  Partitioned compression: HG005_GRCh38_1_22_v4.2.1_benchmark: cottas-merge merging — 38,250,000 triples · 38,250,000 distinct triples written
  Partitioned compression: HG005_GRCh38_1_22_v4.2.1_benchmark: cottas-merge merging — 38,500,000 triples · 38,500,000 distinct triples written
  Partitioned compression: HG005_GRCh38_1_22_v4.2.1_benchmark: cottas-merge merging — 38,750,000 triples · 38,750,000 distinct triples written
  Partitioned compression: HG005_GRCh38_1_22_v4.2.1_benchmark: cottas-merge merging — 39,000,000 triples · 39,000,000 distinct triples written
  Partitioned compression: HG005_GRCh38_1_22_v4.2.1_benchmark: cottas-merge merging — 39,250,000 triples · 39,250,000 distinct triples written
  Partitioned compression: HG005_GRCh38_1_22_v4.2.1_benchmark: cottas-merge merging — 39,500,000 triples · 39,500,000 distinct triples written
  Partitioned compression: HG005_GRCh38_1_22_v4.2.1_benchmark: cottas-merge merging — 39,750,000 triples · 39,750,000 distinct triples written
  Partitioned compression: HG005_GRCh38_1_22_v4.2.1_benchmark: cottas-merge merging — 40,000,000 triples · 40,000,000 distinct triples written
  Partitioned compression: HG005_GRCh38_1_22_v4.2.1_benchmark: cottas-merge merging — 40,250,000 triples · 40,250,000 distinct triples written
  Partitioned compression: HG005_GRCh38_1_22_v4.2.1_benchmark: cottas-merge merging — 40,500,000 triples · 40,500,000 distinct triples written
  Partitioned compression: HG005_GRCh38_1_22_v4.2.1_benchmark: cottas-merge merging — 40,750,000 triples · 40,750,000 distinct triples written
  Partitioned compression: HG005_GRCh38_1_22_v4.2.1_benchmark: cottas-merge merging — 41,000,000 triples · 41,000,000 distinct triples written
  Partitioned compression: HG005_GRCh38_1_22_v4.2.1_benchmark: cottas-merge merging — 41,250,000 triples · 41,250,000 distinct triples written
  Partitioned compression: HG005_GRCh38_1_22_v4.2.1_benchmark: cottas-merge merging — 41,500,000 triples · 41,500,000 distinct triples written
  Partitioned compression: HG005_GRCh38_1_22_v4.2.1_benchmark: cottas-merge merging — 41,750,000 triples · 41,750,000 distinct triples written
  Partitioned compression: HG005_GRCh38_1_22_v4.2.1_benchmark: cottas-merge merging — 42,000,000 triples · 42,000,000 distinct triples written
  Partitioned compression: HG005_GRCh38_1_22_v4.2.1_benchmark: cottas-merge merging — 42,250,000 triples · 42,250,000 distinct triples written
  Partitioned compression: HG005_GRCh38_1_22_v4.2.1_benchmark: cottas-merge merging — 42,500,000 triples · 42,500,000 distinct triples written
  Partitioned compression: HG005_GRCh38_1_22_v4.2.1_benchmark: cottas-merge merging — 42,750,000 triples · 42,750,000 distinct triples written
  Partitioned compression: HG005_GRCh38_1_22_v4.2.1_benchmark: cottas-merge merging — 43,000,000 triples · 43,000,000 distinct triples written
  Partitioned compression: HG005_GRCh38_1_22_v4.2.1_benchmark: cottas-merge merging — 43,250,000 triples · 43,250,000 distinct triples written
  Partitioned compression: HG005_GRCh38_1_22_v4.2.1_benchmark: cottas-merge merging — 43,500,000 triples · 43,500,000 distinct triples written
  Partitioned compression: HG005_GRCh38_1_22_v4.2.1_benchmark: cottas-merge merging — 43,750,000 triples · 43,750,000 distinct triples written
  Partitioned compression: HG005_GRCh38_1_22_v4.2.1_benchmark: cottas-merge merging — 44,000,000 triples · 44,000,000 distinct triples written
  Partitioned compression: HG005_GRCh38_1_22_v4.2.1_benchmark: cottas-merge merging — 44,250,000 triples · 44,250,000 distinct triples written
  Partitioned compression: HG005_GRCh38_1_22_v4.2.1_benchmark: cottas-merge merging — 44,500,000 triples · 44,500,000 distinct triples written
  Partitioned compression: HG005_GRCh38_1_22_v4.2.1_benchmark: cottas-merge merging — 44,750,000 triples · 44,750,000 distinct triples written
  Partitioned compression: HG005_GRCh38_1_22_v4.2.1_benchmark: cottas-merge merging — 45,000,000 triples · 45,000,000 distinct triples written
  Partitioned compression: HG005_GRCh38_1_22_v4.2.1_benchmark: cottas-merge merging — 45,250,000 triples · 45,250,000 distinct triples written
  Partitioned compression: HG005_GRCh38_1_22_v4.2.1_benchmark: cottas-merge merging — 45,500,000 triples · 45,500,000 distinct triples written
  Partitioned compression: HG005_GRCh38_1_22_v4.2.1_benchmark: cottas-merge merging — 45,750,000 triples · 45,750,000 distinct triples written
  Partitioned compression: HG005_GRCh38_1_22_v4.2.1_benchmark: cottas-merge merging — 46,000,000 triples · 46,000,000 distinct triples written
  Partitioned compression: HG005_GRCh38_1_22_v4.2.1_benchmark: cottas-merge merging — 46,250,000 triples · 46,250,000 distinct triples written
  Partitioned compression: HG005_GRCh38_1_22_v4.2.1_benchmark: cottas-merge merging — 46,500,000 triples · 46,500,000 distinct triples written
  Partitioned compression: HG005_GRCh38_1_22_v4.2.1_benchmark: cottas-merge merging — 46,750,000 triples · 46,750,000 distinct triples written
  Partitioned compression: HG005_GRCh38_1_22_v4.2.1_benchmark: cottas-merge merging — 47,000,000 triples · 47,000,000 distinct triples written
  Partitioned compression: HG005_GRCh38_1_22_v4.2.1_benchmark: cottas-merge merging — 47,250,000 triples · 47,250,000 distinct triples written
  Partitioned compression: HG005_GRCh38_1_22_v4.2.1_benchmark: cottas-merge merging — 47,500,000 triples · 47,500,000 distinct triples written
  Partitioned compression: HG005_GRCh38_1_22_v4.2.1_benchmark: cottas-merge merging — 47,750,000 triples · 47,750,000 distinct triples written
  Partitioned compression: HG005_GRCh38_1_22_v4.2.1_benchmark: cottas-merge merging — 48,000,000 triples · 48,000,000 distinct triples written
  Partitioned compression: HG005_GRCh38_1_22_v4.2.1_benchmark: cottas-merge merging — 48,250,000 triples · 48,250,000 distinct triples written
  Partitioned compression: HG005_GRCh38_1_22_v4.2.1_benchmark: cottas-merge merging — 48,500,000 triples · 48,500,000 distinct triples written
  Partitioned compression: HG005_GRCh38_1_22_v4.2.1_benchmark: cottas-merge merging — 48,750,000 triples · 48,750,000 distinct triples written
  Partitioned compression: HG005_GRCh38_1_22_v4.2.1_benchmark: cottas-merge merging — 49,000,000 triples · 49,000,000 distinct triples written
  Partitioned compression: HG005_GRCh38_1_22_v4.2.1_benchmark: cottas-merge merging — 49,250,000 triples · 49,250,000 distinct triples written
  Partitioned compression: HG005_GRCh38_1_22_v4.2.1_benchmark: cottas-merge merging — 49,500,000 triples · 49,500,000 distinct triples written
  Partitioned compression: HG005_GRCh38_1_22_v4.2.1_benchmark: cottas-merge merging — 49,750,000 triples · 49,750,000 distinct triples written
  Partitioned compression: HG005_GRCh38_1_22_v4.2.1_benchmark: cottas-merge merging — 50,000,000 triples · 50,000,000 distinct triples written
  Partitioned compression: HG005_GRCh38_1_22_v4.2.1_benchmark: cottas-merge merging — 50,250,000 triples · 50,250,000 distinct triples written
  Partitioned compression: HG005_GRCh38_1_22_v4.2.1_benchmark: cottas-merge merging — 50,500,000 triples · 50,500,000 distinct triples written
  Partitioned compression: HG005_GRCh38_1_22_v4.2.1_benchmark: cottas-merge merging — 50,750,000 triples · 50,750,000 distinct triples written
  Partitioned compression: HG005_GRCh38_1_22_v4.2.1_benchmark: cottas-merge merging — 51,000,000 triples · 51,000,000 distinct triples written
  Partitioned compression: HG005_GRCh38_1_22_v4.2.1_benchmark: cottas-merge merging — 51,250,000 triples · 51,250,000 distinct triples written
  Partitioned compression: HG005_GRCh38_1_22_v4.2.1_benchmark: cottas-merge merging — 51,500,000 triples · 51,500,000 distinct triples written
  Partitioned compression: HG005_GRCh38_1_22_v4.2.1_benchmark: cottas-merge merging — 51,750,000 triples · 51,750,000 distinct triples written
  Partitioned compression: HG005_GRCh38_1_22_v4.2.1_benchmark: cottas-merge merging — 52,000,000 triples · 52,000,000 distinct triples written
  Partitioned compression: HG005_GRCh38_1_22_v4.2.1_benchmark: cottas-merge merging — 52,250,000 triples · 52,250,000 distinct triples written
  Partitioned compression: HG005_GRCh38_1_22_v4.2.1_benchmark: cottas-merge merging — 52,500,000 triples · 52,500,000 distinct triples written
  Partitioned compression: HG005_GRCh38_1_22_v4.2.1_benchmark: cottas-merge merging — 52,750,000 triples · 52,750,000 distinct triples written
  Partitioned compression: HG005_GRCh38_1_22_v4.2.1_benchmark: cottas-merge merging — 53,000,000 triples · 53,000,000 distinct triples written
  Partitioned compression: HG005_GRCh38_1_22_v4.2.1_benchmark: cottas-merge merging — 53,250,000 triples · 53,250,000 distinct triples written
  Partitioned compression: HG005_GRCh38_1_22_v4.2.1_benchmark: cottas-merge merging — 53,500,000 triples · 53,500,000 distinct triples written
  Partitioned compression: HG005_GRCh38_1_22_v4.2.1_benchmark: cottas-merge merging — 53,750,000 triples · 53,750,000 distinct triples written
  Partitioned compression: HG005_GRCh38_1_22_v4.2.1_benchmark: cottas-merge merging — 54,000,000 triples · 54,000,000 distinct triples written
  Partitioned compression: HG005_GRCh38_1_22_v4.2.1_benchmark: cottas-merge merging — 54,250,000 triples · 54,250,000 distinct triples written
  Partitioned compression: HG005_GRCh38_1_22_v4.2.1_benchmark: cottas-merge merging — 54,500,000 triples · 54,500,000 distinct triples written
  Partitioned compression: HG005_GRCh38_1_22_v4.2.1_benchmark: cottas-merge merging — 54,750,000 triples · 54,750,000 distinct triples written
  Partitioned compression: HG005_GRCh38_1_22_v4.2.1_benchmark: cottas-merge merging — 55,000,000 triples · 55,000,000 distinct triples written
  Partitioned compression: HG005_GRCh38_1_22_v4.2.1_benchmark: cottas-merge merging — 55,250,000 triples · 55,250,000 distinct triples written
  Partitioned compression: HG005_GRCh38_1_22_v4.2.1_benchmark: cottas-merge merging — 55,500,000 triples · 55,500,000 distinct triples written
  Partitioned compression: HG005_GRCh38_1_22_v4.2.1_benchmark: cottas-merge merging — 55,750,000 triples · 55,750,000 distinct triples written
  Partitioned compression: HG005_GRCh38_1_22_v4.2.1_benchmark: cottas-merge merging — 56,000,000 triples · 56,000,000 distinct triples written
  Partitioned compression: HG005_GRCh38_1_22_v4.2.1_benchmark: cottas-merge merging — 56,250,000 triples · 56,250,000 distinct triples written
  Partitioned compression: HG005_GRCh38_1_22_v4.2.1_benchmark: cottas-merge merging — 56,500,000 triples · 56,500,000 distinct triples written
  Partitioned compression: HG005_GRCh38_1_22_v4.2.1_benchmark: cottas-merge merging — 56,750,000 triples · 56,750,000 distinct triples written
  Partitioned compression: HG005_GRCh38_1_22_v4.2.1_benchmark: cottas-merge merging — 57,000,000 triples · 57,000,000 distinct triples written
  Partitioned compression: HG005_GRCh38_1_22_v4.2.1_benchmark: cottas-merge merging — 57,250,000 triples · 57,250,000 distinct triples written
  Partitioned compression: HG005_GRCh38_1_22_v4.2.1_benchmark: cottas-merge merging — 57,500,000 triples · 57,500,000 distinct triples written
  Partitioned compression: HG005_GRCh38_1_22_v4.2.1_benchmark: cottas-merge merging — 57,750,000 triples · 57,750,000 distinct triples written
  Partitioned compression: HG005_GRCh38_1_22_v4.2.1_benchmark: cottas-merge merging — 58,000,000 triples · 58,000,000 distinct triples written
  Partitioned compression: HG005_GRCh38_1_22_v4.2.1_benchmark: cottas-merge merging — 58,250,000 triples · 58,250,000 distinct triples written
  Partitioned compression: HG005_GRCh38_1_22_v4.2.1_benchmark: cottas-merge merging — 58,500,000 triples · 58,500,000 distinct triples written
  Partitioned compression: HG005_GRCh38_1_22_v4.2.1_benchmark: cottas-merge merging — 58,750,000 triples · 58,750,000 distinct triples written
  Partitioned compression: HG005_GRCh38_1_22_v4.2.1_benchmark: cottas-merge merging — 59,000,000 triples · 59,000,000 distinct triples written
  Partitioned compression: HG005_GRCh38_1_22_v4.2.1_benchmark: cottas-merge merging — 59,250,000 triples · 59,250,000 distinct triples written
  Partitioned compression: HG005_GRCh38_1_22_v4.2.1_benchmark: cottas-merge merging — 59,500,000 triples · 59,500,000 distinct triples written
  Partitioned compression: HG005_GRCh38_1_22_v4.2.1_benchmark: cottas-merge merging — 59,750,000 triples · 59,750,000 distinct triples written
  Partitioned compression: HG005_GRCh38_1_22_v4.2.1_benchmark: cottas-merge merging — 60,000,000 triples · 60,000,000 distinct triples written
  Partitioned compression: HG005_GRCh38_1_22_v4.2.1_benchmark: cottas-merge merging — 60,250,000 triples · 60,250,000 distinct triples written
  Partitioned compression: HG005_GRCh38_1_22_v4.2.1_benchmark: cottas-merge merging — 60,500,000 triples · 60,500,000 distinct triples written
  Partitioned compression: HG005_GRCh38_1_22_v4.2.1_benchmark: cottas-merge merging — 60,750,000 triples · 60,750,000 distinct triples written
  Partitioned compression: HG005_GRCh38_1_22_v4.2.1_benchmark: cottas-merge merging — 61,000,000 triples · 61,000,000 distinct triples written
  Partitioned compression: HG005_GRCh38_1_22_v4.2.1_benchmark: cottas-merge merging — 61,250,000 triples · 61,250,000 distinct triples written
  Partitioned compression: HG005_GRCh38_1_22_v4.2.1_benchmark: cottas-merge merging — 61,500,000 triples · 61,500,000 distinct triples written
  Partitioned compression: HG005_GRCh38_1_22_v4.2.1_benchmark: cottas-merge merging — 61,750,000 triples · 61,750,000 distinct triples written
  Partitioned compression: HG005_GRCh38_1_22_v4.2.1_benchmark: cottas-merge merging — 62,000,000 triples · 62,000,000 distinct triples written
  Partitioned compression: HG005_GRCh38_1_22_v4.2.1_benchmark: cottas-merge merging — 62,250,000 triples · 62,250,000 distinct triples written
  Partitioned compression: HG005_GRCh38_1_22_v4.2.1_benchmark: cottas-merge merging — 62,500,000 triples · 62,500,000 distinct triples written
  Partitioned compression: HG005_GRCh38_1_22_v4.2.1_benchmark: cottas-merge merging — 62,750,000 triples · 62,750,000 distinct triples written
  Partitioned compression: HG005_GRCh38_1_22_v4.2.1_benchmark: cottas-merge merging — 63,000,000 triples · 63,000,000 distinct triples written
  Partitioned compression: HG005_GRCh38_1_22_v4.2.1_benchmark: cottas-merge merging — 63,250,000 triples · 63,250,000 distinct triples written
  Partitioned compression: HG005_GRCh38_1_22_v4.2.1_benchmark: cottas-merge merging — 63,500,000 triples · 63,500,000 distinct triples written
  Partitioned compression: HG005_GRCh38_1_22_v4.2.1_benchmark: cottas-merge merging — 63,750,000 triples · 63,750,000 distinct triples written
  Partitioned compression: HG005_GRCh38_1_22_v4.2.1_benchmark: cottas-merge merging — 64,000,000 triples · 64,000,000 distinct triples written
  Partitioned compression: HG005_GRCh38_1_22_v4.2.1_benchmark: cottas-merge merging — 64,250,000 triples · 64,250,000 distinct triples written
  Partitioned compression: HG005_GRCh38_1_22_v4.2.1_benchmark: cottas-merge merging — 64,500,000 triples · 64,500,000 distinct triples written
  Partitioned compression: HG005_GRCh38_1_22_v4.2.1_benchmark: cottas-merge merging — 64,750,000 triples · 64,750,000 distinct triples written
  Partitioned compression: HG005_GRCh38_1_22_v4.2.1_benchmark: cottas-merge merging — 65,000,000 triples · 65,000,000 distinct triples written
  Partitioned compression: HG005_GRCh38_1_22_v4.2.1_benchmark: cottas-merge merging — 65,250,000 triples · 65,250,000 distinct triples written
  Partitioned compression: HG005_GRCh38_1_22_v4.2.1_benchmark: cottas-merge merging — 65,500,000 triples · 65,500,000 distinct triples written
  Partitioned compression: HG005_GRCh38_1_22_v4.2.1_benchmark: cottas-merge merging — 65,750,000 triples · 65,750,000 distinct triples written
  Partitioned compression: HG005_GRCh38_1_22_v4.2.1_benchmark: cottas-merge merging — 66,000,000 triples · 66,000,000 distinct triples written
  Partitioned compression: HG005_GRCh38_1_22_v4.2.1_benchmark: cottas-merge merging — 66,250,000 triples · 66,250,000 distinct triples written
  Partitioned compression: HG005_GRCh38_1_22_v4.2.1_benchmark: cottas-merge merging — 66,500,000 triples · 66,500,000 distinct triples written
  Partitioned compression: HG005_GRCh38_1_22_v4.2.1_benchmark: cottas-merge merging — 66,750,000 triples · 66,750,000 distinct triples written
  Partitioned compression: HG005_GRCh38_1_22_v4.2.1_benchmark: cottas-merge merging — 67,000,000 triples · 67,000,000 distinct triples written
  Partitioned compression: HG005_GRCh38_1_22_v4.2.1_benchmark: cottas-merge merging — 67,250,000 triples · 67,250,000 distinct triples written
  Partitioned compression: HG005_GRCh38_1_22_v4.2.1_benchmark: cottas-merge merging — 67,500,000 triples · 67,500,000 distinct triples written
  Partitioned compression: HG005_GRCh38_1_22_v4.2.1_benchmark: cottas-merge merging — 67,750,000 triples · 67,750,000 distinct triples written
  Partitioned compression: HG005_GRCh38_1_22_v4.2.1_benchmark: cottas-merge merging — 68,000,000 triples · 68,000,000 distinct triples written
  Partitioned compression: HG005_GRCh38_1_22_v4.2.1_benchmark: cottas-merge merging — 68,250,000 triples · 68,250,000 distinct triples written
  Partitioned compression: HG005_GRCh38_1_22_v4.2.1_benchmark: cottas-merge merging — 68,500,000 triples · 68,500,000 distinct triples written
  Partitioned compression: HG005_GRCh38_1_22_v4.2.1_benchmark: cottas-merge merging — 68,750,000 triples · 68,750,000 distinct triples written
  Partitioned compression: HG005_GRCh38_1_22_v4.2.1_benchmark: cottas-merge merging — 69,000,000 triples · 69,000,000 distinct triples written
  Partitioned compression: HG005_GRCh38_1_22_v4.2.1_benchmark: cottas-merge merging — 69,250,000 triples · 69,250,000 distinct triples written
  Partitioned compression: HG005_GRCh38_1_22_v4.2.1_benchmark: cottas-merge merging — 69,500,000 triples · 69,500,000 distinct triples written
  Partitioned compression: HG005_GRCh38_1_22_v4.2.1_benchmark: cottas-merge merging — 69,750,000 triples · 69,750,000 distinct triples written
  Partitioned compression: HG005_GRCh38_1_22_v4.2.1_benchmark: cottas-merge merging — 70,000,000 triples · 70,000,000 distinct triples written
  Partitioned compression: HG005_GRCh38_1_22_v4.2.1_benchmark: cottas-merge merging — 70,250,000 triples · 70,250,000 distinct triples written
  Partitioned compression: HG005_GRCh38_1_22_v4.2.1_benchmark: cottas-merge merging — 70,500,000 triples · 70,500,000 distinct triples written
  Partitioned compression: HG005_GRCh38_1_22_v4.2.1_benchmark: cottas-merge merging — 70,750,000 triples · 70,750,000 distinct triples written
  Partitioned compression: HG005_GRCh38_1_22_v4.2.1_benchmark: cottas-merge merging — 71,000,000 triples · 71,000,000 distinct triples written
  Partitioned compression: HG005_GRCh38_1_22_v4.2.1_benchmark: cottas-merge merging — 71,250,000 triples · 71,250,000 distinct triples written
  Partitioned compression: HG005_GRCh38_1_22_v4.2.1_benchmark: cottas-merge merging — 71,500,000 triples · 71,500,000 distinct triples written
  Partitioned compression: HG005_GRCh38_1_22_v4.2.1_benchmark: cottas-merge merging — 71,750,000 triples · 71,750,000 distinct triples written
  Partitioned compression: HG005_GRCh38_1_22_v4.2.1_benchmark: cottas-merge merging — 72,000,000 triples · 72,000,000 distinct triples written
  Partitioned compression: HG005_GRCh38_1_22_v4.2.1_benchmark: cottas-merge merging — 72,250,000 triples · 72,250,000 distinct triples written
  Partitioned compression: HG005_GRCh38_1_22_v4.2.1_benchmark: cottas-merge merging — 72,500,000 triples · 72,500,000 distinct triples written
  Partitioned compression: HG005_GRCh38_1_22_v4.2.1_benchmark: cottas-merge merging — 72,750,000 triples · 72,750,000 distinct triples written
  Partitioned compression: HG005_GRCh38_1_22_v4.2.1_benchmark: cottas-merge merging — 73,000,000 triples · 73,000,000 distinct triples written
  Partitioned compression: HG005_GRCh38_1_22_v4.2.1_benchmark: cottas-merge merging — 73,250,000 triples · 73,250,000 distinct triples written
  Partitioned compression: HG005_GRCh38_1_22_v4.2.1_benchmark: cottas-merge merging — 73,500,000 triples · 73,500,000 distinct triples written
  Partitioned compression: HG005_GRCh38_1_22_v4.2.1_benchmark: cottas-merge merging — 73,750,000 triples · 73,750,000 distinct triples written
  Partitioned compression: HG005_GRCh38_1_22_v4.2.1_benchmark: cottas-merge merging — 74,000,000 triples · 74,000,000 distinct triples written
  Partitioned compression: HG005_GRCh38_1_22_v4.2.1_benchmark: cottas-merge merging — 74,250,000 triples · 74,250,000 distinct triples written
  Partitioned compression: HG005_GRCh38_1_22_v4.2.1_benchmark: cottas-merge merging — 74,500,000 triples · 74,500,000 distinct triples written
  Partitioned compression: HG005_GRCh38_1_22_v4.2.1_benchmark: cottas-merge merging — 74,750,000 triples · 74,750,000 distinct triples written
  Partitioned compression: HG005_GRCh38_1_22_v4.2.1_benchmark: cottas-merge merging — 75,000,000 triples · 75,000,000 distinct triples written
  Partitioned compression: HG005_GRCh38_1_22_v4.2.1_benchmark: cottas-merge merging — 75,250,000 triples · 75,250,000 distinct triples written
  Partitioned compression: HG005_GRCh38_1_22_v4.2.1_benchmark: cottas-merge merging — 75,500,000 triples · 75,500,000 distinct triples written
  Partitioned compression: HG005_GRCh38_1_22_v4.2.1_benchmark: cottas-merge merging — 75,750,000 triples · 75,750,000 distinct triples written
  Partitioned compression: HG005_GRCh38_1_22_v4.2.1_benchmark: cottas-merge merging — 76,000,000 triples · 76,000,000 distinct triples written
  Partitioned compression: HG005_GRCh38_1_22_v4.2.1_benchmark: cottas-merge merging — 76,250,000 triples · 76,250,000 distinct triples written
  Partitioned compression: HG005_GRCh38_1_22_v4.2.1_benchmark: cottas-merge merging — 76,500,000 triples · 76,500,000 distinct triples written
  Partitioned compression: HG005_GRCh38_1_22_v4.2.1_benchmark: cottas-merge merging — 76,750,000 triples · 76,750,000 distinct triples written
  Partitioned compression: HG005_GRCh38_1_22_v4.2.1_benchmark: cottas-merge merging — 77,000,000 triples · 77,000,000 distinct triples written
  Partitioned compression: HG005_GRCh38_1_22_v4.2.1_benchmark: cottas-merge merging — 77,250,000 triples · 77,250,000 distinct triples written
  Partitioned compression: HG005_GRCh38_1_22_v4.2.1_benchmark: cottas-merge merging — 77,500,000 triples · 77,500,000 distinct triples written
  Partitioned compression: HG005_GRCh38_1_22_v4.2.1_benchmark: cottas-merge merging — 77,750,000 triples · 77,750,000 distinct triples written
  Partitioned compression: HG005_GRCh38_1_22_v4.2.1_benchmark: cottas-merge merging — 78,000,000 triples · 78,000,000 distinct triples written
  Partitioned compression: HG005_GRCh38_1_22_v4.2.1_benchmark: cottas-merge merging — 78,250,000 triples · 78,250,000 distinct triples written
  Partitioned compression: HG005_GRCh38_1_22_v4.2.1_benchmark: cottas-merge merging — 78,500,000 triples · 78,500,000 distinct triples written
  Partitioned compression: HG005_GRCh38_1_22_v4.2.1_benchmark: cottas-merge merging — 78,750,000 triples · 78,750,000 distinct triples written
  Partitioned compression: HG005_GRCh38_1_22_v4.2.1_benchmark: cottas-merge merging — 79,000,000 triples · 79,000,000 distinct triples written
  Partitioned compression: HG005_GRCh38_1_22_v4.2.1_benchmark: cottas-merge merging — 79,250,000 triples · 79,250,000 distinct triples written
  Partitioned compression: HG005_GRCh38_1_22_v4.2.1_benchmark: cottas-merge merging — 79,500,000 triples · 79,500,000 distinct triples written
  Partitioned compression: HG005_GRCh38_1_22_v4.2.1_benchmark: cottas-merge merging — 79,750,000 triples · 79,750,000 distinct triples written
  Partitioned compression: HG005_GRCh38_1_22_v4.2.1_benchmark: cottas-merge merging — 80,000,000 triples · 80,000,000 distinct triples written
  Partitioned compression: HG005_GRCh38_1_22_v4.2.1_benchmark: cottas-merge merging — 80,250,000 triples · 80,250,000 distinct triples written
  Partitioned compression: HG005_GRCh38_1_22_v4.2.1_benchmark: cottas-merge merging — 80,500,000 triples · 80,500,000 distinct triples written
  Partitioned compression: HG005_GRCh38_1_22_v4.2.1_benchmark: cottas-merge merging — 80,750,000 triples · 80,750,000 distinct triples written
  Partitioned compression: HG005_GRCh38_1_22_v4.2.1_benchmark: cottas-merge merging — 81,000,000 triples · 81,000,000 distinct triples written
  Partitioned compression: HG005_GRCh38_1_22_v4.2.1_benchmark: cottas-merge merging — 81,250,000 triples · 81,250,000 distinct triples written
  Partitioned compression: HG005_GRCh38_1_22_v4.2.1_benchmark: cottas-merge merging — 81,500,000 triples · 81,500,000 distinct triples written
  Partitioned compression: HG005_GRCh38_1_22_v4.2.1_benchmark: cottas-merge merging — 81,750,000 triples · 81,750,000 distinct triples written
  Partitioned compression: HG005_GRCh38_1_22_v4.2.1_benchmark: cottas-merge merging — 82,000,000 triples · 82,000,000 distinct triples written
  Partitioned compression: HG005_GRCh38_1_22_v4.2.1_benchmark: cottas-merge merging — 82,250,000 triples · 82,250,000 distinct triples written
  Partitioned compression: HG005_GRCh38_1_22_v4.2.1_benchmark: cottas-merge merging — 82,500,000 triples · 82,500,000 distinct triples written
  Partitioned compression: HG005_GRCh38_1_22_v4.2.1_benchmark: cottas-merge merging — 82,750,000 triples · 82,750,000 distinct triples written
  Partitioned compression: HG005_GRCh38_1_22_v4.2.1_benchmark: cottas-merge merging — 83,000,000 triples · 83,000,000 distinct triples written
  Partitioned compression: HG005_GRCh38_1_22_v4.2.1_benchmark: cottas-merge merging — 83,250,000 triples · 83,250,000 distinct triples written
  Partitioned compression: HG005_GRCh38_1_22_v4.2.1_benchmark: cottas-merge merging — 83,500,000 triples · 83,500,000 distinct triples written
  Partitioned compression: HG005_GRCh38_1_22_v4.2.1_benchmark: cottas-merge merging — 83,750,000 triples · 83,750,000 distinct triples written
  Partitioned compression: HG005_GRCh38_1_22_v4.2.1_benchmark: cottas-merge merging — 84,000,000 triples · 84,000,000 distinct triples written
  Partitioned compression: HG005_GRCh38_1_22_v4.2.1_benchmark: cottas-merge merging — 84,250,000 triples · 84,250,000 distinct triples written
  Partitioned compression: HG005_GRCh38_1_22_v4.2.1_benchmark: cottas-merge merging — 84,500,000 triples · 84,500,000 distinct triples written
  Partitioned compression: HG005_GRCh38_1_22_v4.2.1_benchmark: cottas-merge merging — 84,750,000 triples · 84,750,000 distinct triples written
  Partitioned compression: HG005_GRCh38_1_22_v4.2.1_benchmark: cottas-merge merging — 85,000,000 triples · 85,000,000 distinct triples written
  Partitioned compression: HG005_GRCh38_1_22_v4.2.1_benchmark: cottas-merge merging — 85,250,000 triples · 85,250,000 distinct triples written
  Partitioned compression: HG005_GRCh38_1_22_v4.2.1_benchmark: cottas-merge merging — 85,500,000 triples · 85,500,000 distinct triples written
  Partitioned compression: HG005_GRCh38_1_22_v4.2.1_benchmark: cottas-merge merging — 85,750,000 triples · 85,750,000 distinct triples written
  Partitioned compression: HG005_GRCh38_1_22_v4.2.1_benchmark: cottas-merge merging — 86,000,000 triples · 86,000,000 distinct triples written
  Partitioned compression: HG005_GRCh38_1_22_v4.2.1_benchmark: cottas-merge merging — 86,250,000 triples · 86,250,000 distinct triples written
  Partitioned compression: HG005_GRCh38_1_22_v4.2.1_benchmark: cottas-merge merging — 86,500,000 triples · 86,500,000 distinct triples written
  Partitioned compression: HG005_GRCh38_1_22_v4.2.1_benchmark: cottas-merge merging — 86,750,000 triples · 86,750,000 distinct triples written
  Partitioned compression: HG005_GRCh38_1_22_v4.2.1_benchmark: cottas-merge merging — 87,000,000 triples · 87,000,000 distinct triples written
  Partitioned compression: HG005_GRCh38_1_22_v4.2.1_benchmark: cottas-merge merging — 87,250,000 triples · 87,250,000 distinct triples written
  Partitioned compression: HG005_GRCh38_1_22_v4.2.1_benchmark: cottas-merge merging — 87,500,000 triples · 87,500,000 distinct triples written
  Partitioned compression: HG005_GRCh38_1_22_v4.2.1_benchmark: cottas-merge merging — 87,750,000 triples · 87,750,000 distinct triples written
  Partitioned compression: HG005_GRCh38_1_22_v4.2.1_benchmark: cottas-merge merging — 88,000,000 triples · 88,000,000 distinct triples written
  Partitioned compression: HG005_GRCh38_1_22_v4.2.1_benchmark: cottas-merge merging — 88,250,000 triples · 88,250,000 distinct triples written
  Partitioned compression: HG005_GRCh38_1_22_v4.2.1_benchmark: cottas-merge merging — 88,500,000 triples · 88,500,000 distinct triples written
  Partitioned compression: HG005_GRCh38_1_22_v4.2.1_benchmark: cottas-merge merging — 88,750,000 triples · 88,750,000 distinct triples written
  Partitioned compression: HG005_GRCh38_1_22_v4.2.1_benchmark: cottas-merge merging — 89,000,000 triples · 89,000,000 distinct triples written
  Partitioned compression: HG005_GRCh38_1_22_v4.2.1_benchmark: cottas-merge merging — 89,250,000 triples · 89,250,000 distinct triples written
  Partitioned compression: HG005_GRCh38_1_22_v4.2.1_benchmark: cottas-merge merging — 89,500,000 triples · 89,500,000 distinct triples written
  Partitioned compression: HG005_GRCh38_1_22_v4.2.1_benchmark: cottas-merge merging — 89,750,000 triples · 89,750,000 distinct triples written
  Partitioned compression: HG005_GRCh38_1_22_v4.2.1_benchmark: cottas-merge merging — 90,000,000 triples · 90,000,000 distinct triples written
  Partitioned compression: HG005_GRCh38_1_22_v4.2.1_benchmark: cottas-merge merging — 90,250,000 triples · 90,250,000 distinct triples written
  Partitioned compression: HG005_GRCh38_1_22_v4.2.1_benchmark: cottas-merge merging — 90,500,000 triples · 90,500,000 distinct triples written
  Partitioned compression: HG005_GRCh38_1_22_v4.2.1_benchmark: cottas-merge merging — 90,750,000 triples · 90,750,000 distinct triples written
  Partitioned compression: HG005_GRCh38_1_22_v4.2.1_benchmark: cottas-merge merging — 91,000,000 triples · 91,000,000 distinct triples written
  Partitioned compression: HG005_GRCh38_1_22_v4.2.1_benchmark: cottas-merge merging — 91,250,000 triples · 91,250,000 distinct triples written
  Partitioned compression: HG005_GRCh38_1_22_v4.2.1_benchmark: cottas-merge merging — 91,500,000 triples · 91,500,000 distinct triples written
  Partitioned compression: HG005_GRCh38_1_22_v4.2.1_benchmark: cottas-merge merging — 91,750,000 triples · 91,750,000 distinct triples written
  Partitioned compression: HG005_GRCh38_1_22_v4.2.1_benchmark: cottas-merge merging — 92,000,000 triples · 92,000,000 distinct triples written
  Partitioned compression: HG005_GRCh38_1_22_v4.2.1_benchmark: cottas-merge merging — 92,250,000 triples · 92,250,000 distinct triples written
  Partitioned compression: HG005_GRCh38_1_22_v4.2.1_benchmark: cottas-merge merging — 92,500,000 triples · 92,500,000 distinct triples written
  Partitioned compression: HG005_GRCh38_1_22_v4.2.1_benchmark: cottas-merge merging — 92,750,000 triples · 92,750,000 distinct triples written
  Partitioned compression: HG005_GRCh38_1_22_v4.2.1_benchmark: cottas-merge merging — 93,000,000 triples · 93,000,000 distinct triples written
  Partitioned compression: HG005_GRCh38_1_22_v4.2.1_benchmark: cottas-merge merging — 93,250,000 triples · 93,250,000 distinct triples written
  Partitioned compression: HG005_GRCh38_1_22_v4.2.1_benchmark: cottas-merge merging — 93,500,000 triples · 93,500,000 distinct triples written
  Partitioned compression: HG005_GRCh38_1_22_v4.2.1_benchmark: cottas-merge merging — 93,750,000 triples · 93,750,000 distinct triples written
  Partitioned compression: HG005_GRCh38_1_22_v4.2.1_benchmark: cottas-merge merging — 94,000,000 triples · 94,000,000 distinct triples written
  Partitioned compression: HG005_GRCh38_1_22_v4.2.1_benchmark: cottas-merge merging — 94,250,000 triples · 94,250,000 distinct triples written
  Partitioned compression: HG005_GRCh38_1_22_v4.2.1_benchmark: cottas-merge merging — 94,500,000 triples · 94,500,000 distinct triples written
  Partitioned compression: HG005_GRCh38_1_22_v4.2.1_benchmark: cottas-merge merging — 94,750,000 triples · 94,750,000 distinct triples written
  Partitioned compression: HG005_GRCh38_1_22_v4.2.1_benchmark: cottas-merge merging — 95,000,000 triples · 95,000,000 distinct triples written
  Partitioned compression: HG005_GRCh38_1_22_v4.2.1_benchmark: cottas-merge merging — 95,250,000 triples · 95,250,000 distinct triples written
  Partitioned compression: HG005_GRCh38_1_22_v4.2.1_benchmark: cottas-merge merging — 95,500,000 triples · 95,500,000 distinct triples written
  Partitioned compression: HG005_GRCh38_1_22_v4.2.1_benchmark: cottas-merge merging — 95,750,000 triples · 95,750,000 distinct triples written
  Partitioned compression: HG005_GRCh38_1_22_v4.2.1_benchmark: cottas-merge merging — 96,000,000 triples · 96,000,000 distinct triples written
  Partitioned compression: HG005_GRCh38_1_22_v4.2.1_benchmark: cottas-merge merging — 96,250,000 triples · 96,250,000 distinct triples written
  Partitioned compression: HG005_GRCh38_1_22_v4.2.1_benchmark: cottas-merge merging — 96,500,000 triples · 96,500,000 distinct triples written
  Partitioned compression: HG005_GRCh38_1_22_v4.2.1_benchmark: cottas-merge merging — 96,750,000 triples · 96,750,000 distinct triples written
  Partitioned compression: HG005_GRCh38_1_22_v4.2.1_benchmark: cottas-merge merging — 97,000,000 triples · 97,000,000 distinct triples written
  Partitioned compression: HG005_GRCh38_1_22_v4.2.1_benchmark: cottas-merge merging — 97,250,000 triples · 97,250,000 distinct triples written
  Partitioned compression: HG005_GRCh38_1_22_v4.2.1_benchmark: cottas-merge merging — 97,500,000 triples · 97,500,000 distinct triples written
  Partitioned compression: HG005_GRCh38_1_22_v4.2.1_benchmark: cottas-merge merging — 97,750,000 triples · 97,750,000 distinct triples written
  Partitioned compression: HG005_GRCh38_1_22_v4.2.1_benchmark: cottas-merge merging — 98,000,000 triples · 98,000,000 distinct triples written
  Partitioned compression: HG005_GRCh38_1_22_v4.2.1_benchmark: cottas-merge merging — 98,250,000 triples · 98,250,000 distinct triples written
  Partitioned compression: HG005_GRCh38_1_22_v4.2.1_benchmark: cottas-merge merging — 98,500,000 triples · 98,500,000 distinct triples written
  Partitioned compression: HG005_GRCh38_1_22_v4.2.1_benchmark: cottas-merge merging — 98,750,000 triples · 98,750,000 distinct triples written
  Partitioned compression: HG005_GRCh38_1_22_v4.2.1_benchmark: cottas-merge merging — 99,000,000 triples · 99,000,000 distinct triples written
  Partitioned compression: HG005_GRCh38_1_22_v4.2.1_benchmark: cottas-merge merging — 99,250,000 triples · 99,250,000 distinct triples written
  Partitioned compression: HG005_GRCh38_1_22_v4.2.1_benchmark: cottas-merge merging — 99,500,000 triples · 99,500,000 distinct triples written
  Partitioned compression: HG005_GRCh38_1_22_v4.2.1_benchmark: cottas-merge merging — 99,750,000 triples · 99,750,000 distinct triples written
  Partitioned compression: HG005_GRCh38_1_22_v4.2.1_benchmark: cottas-merge merging — 100,000,000 triples · 100,000,000 distinct triples written
  Partitioned compression: HG005_GRCh38_1_22_v4.2.1_benchmark: cottas-merge merging — 100,250,000 triples · 100,250,000 distinct triples written
  Partitioned compression: HG005_GRCh38_1_22_v4.2.1_benchmark: cottas-merge merging — 100,500,000 triples · 100,500,000 distinct triples written
  Partitioned compression: HG005_GRCh38_1_22_v4.2.1_benchmark: cottas-merge merging — 100,750,000 triples · 100,750,000 distinct triples written
  Partitioned compression: HG005_GRCh38_1_22_v4.2.1_benchmark: cottas-merge merging — 101,000,000 triples · 101,000,000 distinct triples written
  Partitioned compression: HG005_GRCh38_1_22_v4.2.1_benchmark: cottas-merge merging — 101,250,000 triples · 101,250,000 distinct triples written
  Partitioned compression: HG005_GRCh38_1_22_v4.2.1_benchmark: cottas-merge merging — 101,500,000 triples · 101,500,000 distinct triples written
  Partitioned compression: HG005_GRCh38_1_22_v4.2.1_benchmark: cottas-merge merging — 101,750,000 triples · 101,750,000 distinct triples written
  Partitioned compression: HG005_GRCh38_1_22_v4.2.1_benchmark: cottas-merge merging — 102,000,000 triples · 102,000,000 distinct triples written
  Partitioned compression: HG005_GRCh38_1_22_v4.2.1_benchmark: cottas-merge merging — 102,250,000 triples · 102,250,000 distinct triples written
  Partitioned compression: HG005_GRCh38_1_22_v4.2.1_benchmark: cottas-merge merging — 102,500,000 triples · 102,500,000 distinct triples written
  Partitioned compression: HG005_GRCh38_1_22_v4.2.1_benchmark: cottas-merge merging — 102,750,000 triples · 102,750,000 distinct triples written
  Partitioned compression: HG005_GRCh38_1_22_v4.2.1_benchmark: cottas-merge merging — 103,000,000 triples · 103,000,000 distinct triples written
  Partitioned compression: HG005_GRCh38_1_22_v4.2.1_benchmark: cottas-merge merging — 103,250,000 triples · 103,250,000 distinct triples written
  Partitioned compression: HG005_GRCh38_1_22_v4.2.1_benchmark: cottas-merge merging — 103,500,000 triples · 103,500,000 distinct triples written
  Partitioned compression: HG005_GRCh38_1_22_v4.2.1_benchmark: cottas-merge merging — 103,750,000 triples · 103,750,000 distinct triples written
  Partitioned compression: HG005_GRCh38_1_22_v4.2.1_benchmark: cottas-merge merging — 104,000,000 triples · 104,000,000 distinct triples written
  Partitioned compression: HG005_GRCh38_1_22_v4.2.1_benchmark: cottas-merge merging — 104,250,000 triples · 104,250,000 distinct triples written
  Partitioned compression: HG005_GRCh38_1_22_v4.2.1_benchmark: cottas-merge merging — 104,500,000 triples · 104,500,000 distinct triples written
  Partitioned compression: HG005_GRCh38_1_22_v4.2.1_benchmark: cottas-merge merging — 104,750,000 triples · 104,750,000 distinct triples written
  Partitioned compression: HG005_GRCh38_1_22_v4.2.1_benchmark: cottas-merge merging — 105,000,000 triples · 105,000,000 distinct triples written
  Partitioned compression: HG005_GRCh38_1_22_v4.2.1_benchmark: cottas-merge merging — 105,250,000 triples · 105,250,000 distinct triples written
  Partitioned compression: HG005_GRCh38_1_22_v4.2.1_benchmark: cottas-merge merging — 105,500,000 triples · 105,500,000 distinct triples written
  Partitioned compression: HG005_GRCh38_1_22_v4.2.1_benchmark: cottas-merge merging — 105,750,000 triples · 105,750,000 distinct triples written
  Partitioned compression: HG005_GRCh38_1_22_v4.2.1_benchmark: cottas-merge merging — 106,000,000 triples · 106,000,000 distinct triples written
  Partitioned compression: HG005_GRCh38_1_22_v4.2.1_benchmark: cottas-merge merging — 106,250,000 triples · 106,250,000 distinct triples written
  Partitioned compression: HG005_GRCh38_1_22_v4.2.1_benchmark: cottas-merge merging — 106,500,000 triples · 106,500,000 distinct triples written
  Partitioned compression: HG005_GRCh38_1_22_v4.2.1_benchmark: cottas-merge merging — 106,750,000 triples · 106,750,000 distinct triples written
  Partitioned compression: HG005_GRCh38_1_22_v4.2.1_benchmark: cottas-merge merging — 107,000,000 triples · 107,000,000 distinct triples written
  Partitioned compression: HG005_GRCh38_1_22_v4.2.1_benchmark: cottas-merge merging — 107,250,000 triples · 107,250,000 distinct triples written
  Partitioned compression: HG005_GRCh38_1_22_v4.2.1_benchmark: cottas-merge merging — 107,500,000 triples · 107,500,000 distinct triples written
  Partitioned compression: HG005_GRCh38_1_22_v4.2.1_benchmark: cottas-merge merging — 107,750,000 triples · 107,750,000 distinct triples written
  Partitioned compression: HG005_GRCh38_1_22_v4.2.1_benchmark: cottas-merge merging — 108,000,000 triples · 108,000,000 distinct triples written
  Partitioned compression: HG005_GRCh38_1_22_v4.2.1_benchmark: cottas-merge merging — 108,250,000 triples · 108,250,000 distinct triples written
  Partitioned compression: HG005_GRCh38_1_22_v4.2.1_benchmark: cottas-merge merging — 108,500,000 triples · 108,500,000 distinct triples written
  Partitioned compression: HG005_GRCh38_1_22_v4.2.1_benchmark: cottas-merge merging — 108,750,000 triples · 108,750,000 distinct triples written
  Partitioned compression: HG005_GRCh38_1_22_v4.2.1_benchmark: cottas-merge merging — 109,000,000 triples · 109,000,000 distinct triples written
  Partitioned compression: HG005_GRCh38_1_22_v4.2.1_benchmark: cottas-merge merging — 109,250,000 triples · 109,250,000 distinct triples written
  Partitioned compression: HG005_GRCh38_1_22_v4.2.1_benchmark: cottas-merge merging — 109,500,000 triples · 109,500,000 distinct triples written
  Partitioned compression: HG005_GRCh38_1_22_v4.2.1_benchmark: cottas-merge merging — 109,750,000 triples · 109,750,000 distinct triples written
  Partitioned compression: HG005_GRCh38_1_22_v4.2.1_benchmark: cottas-merge merging — 110,000,000 triples · 110,000,000 distinct triples written
  Partitioned compression: HG005_GRCh38_1_22_v4.2.1_benchmark: cottas-merge merging — 110,250,000 triples · 110,250,000 distinct triples written
  Partitioned compression: HG005_GRCh38_1_22_v4.2.1_benchmark: cottas-merge merging — 110,500,000 triples · 110,500,000 distinct triples written
  Partitioned compression: HG005_GRCh38_1_22_v4.2.1_benchmark: cottas-merge merging — 110,750,000 triples · 110,750,000 distinct triples written
  Partitioned compression: HG005_GRCh38_1_22_v4.2.1_benchmark: cottas-merge merging — 111,000,000 triples · 111,000,000 distinct triples written
  Partitioned compression: HG005_GRCh38_1_22_v4.2.1_benchmark: cottas-merge merging — 111,250,000 triples · 111,250,000 distinct triples written
  Partitioned compression: HG005_GRCh38_1_22_v4.2.1_benchmark: cottas-merge merging — 111,500,000 triples · 111,500,000 distinct triples written
  Partitioned compression: HG005_GRCh38_1_22_v4.2.1_benchmark: cottas-merge merging — 111,750,000 triples · 111,750,000 distinct triples written
  Partitioned compression: HG005_GRCh38_1_22_v4.2.1_benchmark: cottas-merge merging — 112,000,000 triples · 112,000,000 distinct triples written
  Partitioned compression: HG005_GRCh38_1_22_v4.2.1_benchmark: cottas-merge merging — 112,250,000 triples · 112,250,000 distinct triples written
  Partitioned compression: HG005_GRCh38_1_22_v4.2.1_benchmark: cottas-merge merging — 112,500,000 triples · 112,500,000 distinct triples written
  Partitioned compression: HG005_GRCh38_1_22_v4.2.1_benchmark: cottas-merge merging — 112,750,000 triples · 112,750,000 distinct triples written
  Partitioned compression: HG005_GRCh38_1_22_v4.2.1_benchmark: cottas-merge merging — 113,000,000 triples · 113,000,000 distinct triples written
  Partitioned compression: HG005_GRCh38_1_22_v4.2.1_benchmark: cottas-merge merging — 113,250,000 triples · 113,250,000 distinct triples written
  Partitioned compression: HG005_GRCh38_1_22_v4.2.1_benchmark: cottas-merge merging — 113,500,000 triples · 113,500,000 distinct triples written
  Partitioned compression: HG005_GRCh38_1_22_v4.2.1_benchmark: cottas-merge merging — 113,750,000 triples · 113,750,000 distinct triples written
  Partitioned compression: HG005_GRCh38_1_22_v4.2.1_benchmark: cottas-merge merging — 114,000,000 triples · 114,000,000 distinct triples written
  Partitioned compression: HG005_GRCh38_1_22_v4.2.1_benchmark: cottas-merge merging — 114,250,000 triples · 114,250,000 distinct triples written
  Partitioned compression: HG005_GRCh38_1_22_v4.2.1_benchmark: cottas-merge merging — 114,500,000 triples · 114,500,000 distinct triples written
  Partitioned compression: HG005_GRCh38_1_22_v4.2.1_benchmark: cottas-merge merging — 114,750,000 triples · 114,750,000 distinct triples written
  Partitioned compression: HG005_GRCh38_1_22_v4.2.1_benchmark: cottas-merge merging — 115,000,000 triples · 115,000,000 distinct triples written
  Partitioned compression: HG005_GRCh38_1_22_v4.2.1_benchmark: cottas-merge merging — 115,250,000 triples · 115,250,000 distinct triples written
  Partitioned compression: HG005_GRCh38_1_22_v4.2.1_benchmark: cottas-merge merging — 115,500,000 triples · 115,500,000 distinct triples written
  Partitioned compression: HG005_GRCh38_1_22_v4.2.1_benchmark: cottas-merge merging — 115,750,000 triples · 115,750,000 distinct triples written
  Partitioned compression: HG005_GRCh38_1_22_v4.2.1_benchmark: cottas-merge merging — 116,000,000 triples · 116,000,000 distinct triples written
  Partitioned compression: HG005_GRCh38_1_22_v4.2.1_benchmark: cottas-merge merging — 116,250,000 triples · 116,250,000 distinct triples written
  Partitioned compression: HG005_GRCh38_1_22_v4.2.1_benchmark: cottas-merge merging — 116,500,000 triples · 116,500,000 distinct triples written
  Partitioned compression: HG005_GRCh38_1_22_v4.2.1_benchmark: cottas-merge merging — 116,750,000 triples · 116,750,000 distinct triples written
  Partitioned compression: HG005_GRCh38_1_22_v4.2.1_benchmark: cottas-merge merging — 117,000,000 triples · 117,000,000 distinct triples written
  Partitioned compression: HG005_GRCh38_1_22_v4.2.1_benchmark: cottas-merge merging — 117,250,000 triples · 117,250,000 distinct triples written
  Partitioned compression: HG005_GRCh38_1_22_v4.2.1_benchmark: cottas-merge merging — 117,500,000 triples · 117,500,000 distinct triples written
  Partitioned compression: HG005_GRCh38_1_22_v4.2.1_benchmark: cottas-merge merging — 117,750,000 triples · 117,750,000 distinct triples written
  Partitioned compression: HG005_GRCh38_1_22_v4.2.1_benchmark: cottas-merge merging — 118,000,000 triples · 118,000,000 distinct triples written
  Partitioned compression: HG005_GRCh38_1_22_v4.2.1_benchmark: cottas-merge merging — 118,250,000 triples · 118,250,000 distinct triples written
  Partitioned compression: HG005_GRCh38_1_22_v4.2.1_benchmark: cottas-merge merging — 118,500,000 triples · 118,500,000 distinct triples written
  Partitioned compression: HG005_GRCh38_1_22_v4.2.1_benchmark: cottas-merge merging — 118,750,000 triples · 118,750,000 distinct triples written
  Partitioned compression: HG005_GRCh38_1_22_v4.2.1_benchmark: cottas-merge merging — 119,000,000 triples · 119,000,000 distinct triples written
  Partitioned compression: HG005_GRCh38_1_22_v4.2.1_benchmark: cottas-merge merging — 119,250,000 triples · 119,250,000 distinct triples written
  Partitioned compression: HG005_GRCh38_1_22_v4.2.1_benchmark: cottas-merge merging — 119,500,000 triples · 119,500,000 distinct triples written
  Partitioned compression: HG005_GRCh38_1_22_v4.2.1_benchmark: cottas-merge merging — 119,750,000 triples · 119,750,000 distinct triples written
  Partitioned compression: HG005_GRCh38_1_22_v4.2.1_benchmark: cottas-merge merging — 120,000,000 triples · 120,000,000 distinct triples written
  Partitioned compression: HG005_GRCh38_1_22_v4.2.1_benchmark: cottas-merge merging — 120,250,000 triples · 120,250,000 distinct triples written
  Partitioned compression: HG005_GRCh38_1_22_v4.2.1_benchmark: cottas-merge merging — 120,500,000 triples · 120,500,000 distinct triples written
  Partitioned compression: HG005_GRCh38_1_22_v4.2.1_benchmark: cottas-merge merging — 120,750,000 triples · 120,750,000 distinct triples written
  Partitioned compression: HG005_GRCh38_1_22_v4.2.1_benchmark: cottas-merge merging — 121,000,000 triples · 121,000,000 distinct triples written
  Partitioned compression: HG005_GRCh38_1_22_v4.2.1_benchmark: cottas-merge merging — 121,250,000 triples · 121,250,000 distinct triples written
  Partitioned compression: HG005_GRCh38_1_22_v4.2.1_benchmark: cottas-merge merging — 121,500,000 triples · 121,500,000 distinct triples written
  Partitioned compression: HG005_GRCh38_1_22_v4.2.1_benchmark: cottas-merge merging — 121,750,000 triples · 121,750,000 distinct triples written
  Partitioned compression: HG005_GRCh38_1_22_v4.2.1_benchmark: cottas-merge merging — 122,000,000 triples · 122,000,000 distinct triples written
  Partitioned compression: HG005_GRCh38_1_22_v4.2.1_benchmark: cottas-merge merging — 122,250,000 triples · 122,250,000 distinct triples written
  Partitioned compression: HG005_GRCh38_1_22_v4.2.1_benchmark: cottas-merge merging — 122,500,000 triples · 122,500,000 distinct triples written
  Partitioned compression: HG005_GRCh38_1_22_v4.2.1_benchmark: cottas-merge merging — 122,750,000 triples · 122,750,000 distinct triples written
  Partitioned compression: HG005_GRCh38_1_22_v4.2.1_benchmark: cottas-merge merging — 123,000,000 triples · 123,000,000 distinct triples written
  Partitioned compression: HG005_GRCh38_1_22_v4.2.1_benchmark: cottas-merge merging — 123,250,000 triples · 123,250,000 distinct triples written
  Partitioned compression: HG005_GRCh38_1_22_v4.2.1_benchmark: cottas-merge merging — 123,500,000 triples · 123,500,000 distinct triples written
  Partitioned compression: HG005_GRCh38_1_22_v4.2.1_benchmark: cottas-merge merging — 123,750,000 triples · 123,750,000 distinct triples written
  Partitioned compression: HG005_GRCh38_1_22_v4.2.1_benchmark: cottas-merge merging — 124,000,000 triples · 124,000,000 distinct triples written
  Partitioned compression: HG005_GRCh38_1_22_v4.2.1_benchmark: cottas-merge merging — 124,250,000 triples · 124,250,000 distinct triples written
  Partitioned compression: HG005_GRCh38_1_22_v4.2.1_benchmark: cottas-merge merging — 124,500,000 triples · 124,500,000 distinct triples written
  Partitioned compression: HG005_GRCh38_1_22_v4.2.1_benchmark: cottas-merge merging — 124,750,000 triples · 124,750,000 distinct triples written
  Partitioned compression: HG005_GRCh38_1_22_v4.2.1_benchmark: cottas-merge merging — 125,000,000 triples · 125,000,000 distinct triples written
  Partitioned compression: HG005_GRCh38_1_22_v4.2.1_benchmark: cottas-merge merging — 125,250,000 triples · 125,250,000 distinct triples written
  Partitioned compression: HG005_GRCh38_1_22_v4.2.1_benchmark: cottas-merge merging — 125,500,000 triples · 125,500,000 distinct triples written
  Partitioned compression: HG005_GRCh38_1_22_v4.2.1_benchmark: cottas-merge merging — 125,750,000 triples · 125,750,000 distinct triples written
  Partitioned compression: HG005_GRCh38_1_22_v4.2.1_benchmark: cottas-merge merging — 126,000,000 triples · 126,000,000 distinct triples written
  Partitioned compression: HG005_GRCh38_1_22_v4.2.1_benchmark: cottas-merge merging — 126,250,000 triples · 126,250,000 distinct triples written
  Partitioned compression: HG005_GRCh38_1_22_v4.2.1_benchmark: cottas-merge merging — 126,500,000 triples · 126,500,000 distinct triples written
  Partitioned compression: HG005_GRCh38_1_22_v4.2.1_benchmark: cottas-merge merging — 126,750,000 triples · 126,750,000 distinct triples written
  Partitioned compression: HG005_GRCh38_1_22_v4.2.1_benchmark: cottas-merge merging — 127,000,000 triples · 127,000,000 distinct triples written
  Partitioned compression: HG005_GRCh38_1_22_v4.2.1_benchmark: cottas-merge merging — 127,250,000 triples · 127,250,000 distinct triples written
  Partitioned compression: HG005_GRCh38_1_22_v4.2.1_benchmark: cottas-merge merging — 127,500,000 triples · 127,500,000 distinct triples written
  Partitioned compression: HG005_GRCh38_1_22_v4.2.1_benchmark: cottas-merge merging — 127,750,000 triples · 127,750,000 distinct triples written
  Partitioned compression: HG005_GRCh38_1_22_v4.2.1_benchmark: cottas-merge merging — 128,000,000 triples · 128,000,000 distinct triples written
  Partitioned compression: HG005_GRCh38_1_22_v4.2.1_benchmark: cottas-merge merging — 128,250,000 triples · 128,250,000 distinct triples written
  Partitioned compression: HG005_GRCh38_1_22_v4.2.1_benchmark: cottas-merge merging — 128,500,000 triples · 128,500,000 distinct triples written
  Partitioned compression: HG005_GRCh38_1_22_v4.2.1_benchmark: cottas-merge merging — 128,750,000 triples · 128,750,000 distinct triples written
  Partitioned compression: HG005_GRCh38_1_22_v4.2.1_benchmark: cottas-merge merging — 129,000,000 triples · 129,000,000 distinct triples written
  Partitioned compression: HG005_GRCh38_1_22_v4.2.1_benchmark: cottas-merge merging — 129,250,000 triples · 129,250,000 distinct triples written
  Partitioned compression: HG005_GRCh38_1_22_v4.2.1_benchmark: cottas-merge merging — 129,500,000 triples · 129,500,000 distinct triples written
  Partitioned compression: HG005_GRCh38_1_22_v4.2.1_benchmark: cottas-merge merging — 129,750,000 triples · 129,750,000 distinct triples written
  Partitioned compression: HG005_GRCh38_1_22_v4.2.1_benchmark: cottas-merge merging — 130,000,000 triples · 130,000,000 distinct triples written
  Partitioned compression: HG005_GRCh38_1_22_v4.2.1_benchmark: cottas-merge merging — 130,250,000 triples · 130,250,000 distinct triples written
  Partitioned compression: HG005_GRCh38_1_22_v4.2.1_benchmark: cottas-merge merging — 130,500,000 triples · 130,500,000 distinct triples written
  Partitioned compression: HG005_GRCh38_1_22_v4.2.1_benchmark: cottas-merge merging — 130,750,000 triples · 130,750,000 distinct triples written
  Partitioned compression: HG005_GRCh38_1_22_v4.2.1_benchmark: cottas-merge merging — 131,000,000 triples · 131,000,000 distinct triples written
  Partitioned compression: HG005_GRCh38_1_22_v4.2.1_benchmark: cottas-merge merging — 131,250,000 triples · 131,250,000 distinct triples written
  Partitioned compression: HG005_GRCh38_1_22_v4.2.1_benchmark: cottas-merge merging — 131,500,000 triples · 131,500,000 distinct triples written
  Partitioned compression: HG005_GRCh38_1_22_v4.2.1_benchmark: cottas-merge merging — 131,750,000 triples · 131,750,000 distinct triples written
  Partitioned compression: HG005_GRCh38_1_22_v4.2.1_benchmark: cottas-merge merging — 132,000,000 triples · 132,000,000 distinct triples written
  Partitioned compression: HG005_GRCh38_1_22_v4.2.1_benchmark: cottas-merge merging — 132,250,000 triples · 132,250,000 distinct triples written
  Partitioned compression: HG005_GRCh38_1_22_v4.2.1_benchmark: cottas-merge merging — 132,500,000 triples · 132,500,000 distinct triples written
  Partitioned compression: HG005_GRCh38_1_22_v4.2.1_benchmark: cottas-merge merging — 132,750,000 triples · 132,750,000 distinct triples written
  Partitioned compression: HG005_GRCh38_1_22_v4.2.1_benchmark: cottas-merge merging — 133,000,000 triples · 133,000,000 distinct triples written
  Partitioned compression: HG005_GRCh38_1_22_v4.2.1_benchmark: cottas-merge merging — 133,250,000 triples · 133,250,000 distinct triples written
  Partitioned compression: HG005_GRCh38_1_22_v4.2.1_benchmark: cottas-merge merging — 133,500,000 triples · 133,500,000 distinct triples written
  Partitioned compression: HG005_GRCh38_1_22_v4.2.1_benchmark: cottas-merge merging — 133,750,000 triples · 133,750,000 distinct triples written
  Partitioned compression: HG005_GRCh38_1_22_v4.2.1_benchmark: cottas-merge merging — 134,000,000 triples · 134,000,000 distinct triples written
  Partitioned compression: HG005_GRCh38_1_22_v4.2.1_benchmark: cottas-merge merging — 134,250,000 triples · 134,250,000 distinct triples written
  Partitioned compression: HG005_GRCh38_1_22_v4.2.1_benchmark: cottas-merge merging — 134,500,000 triples · 134,500,000 distinct triples written
  Partitioned compression: HG005_GRCh38_1_22_v4.2.1_benchmark: cottas-merge merging — 134,750,000 triples · 134,750,000 distinct triples written
  Partitioned compression: HG005_GRCh38_1_22_v4.2.1_benchmark: cottas-merge merging — 135,000,000 triples · 135,000,000 distinct triples written
  Partitioned compression: HG005_GRCh38_1_22_v4.2.1_benchmark: cottas-merge merging — 135,250,000 triples · 135,250,000 distinct triples written
  Partitioned compression: HG005_GRCh38_1_22_v4.2.1_benchmark: cottas-merge merging — 135,500,000 triples · 135,500,000 distinct triples written
  Partitioned compression: HG005_GRCh38_1_22_v4.2.1_benchmark: cottas-merge merging — 135,750,000 triples · 135,750,000 distinct triples written
  Partitioned compression: HG005_GRCh38_1_22_v4.2.1_benchmark: cottas-merge merging — 136,000,000 triples · 136,000,000 distinct triples written
  Partitioned compression: HG005_GRCh38_1_22_v4.2.1_benchmark: cottas-merge merging — 136,250,000 triples · 136,250,000 distinct triples written
  Partitioned compression: HG005_GRCh38_1_22_v4.2.1_benchmark: cottas-merge merging — 136,500,000 triples · 136,500,000 distinct triples written
  Partitioned compression: HG005_GRCh38_1_22_v4.2.1_benchmark: cottas-merge merging — 136,750,000 triples · 136,750,000 distinct triples written
  Partitioned compression: HG005_GRCh38_1_22_v4.2.1_benchmark: cottas-merge merging — 137,000,000 triples · 137,000,000 distinct triples written
  Partitioned compression: HG005_GRCh38_1_22_v4.2.1_benchmark: cottas-merge merging — 137,250,000 triples · 137,250,000 distinct triples written
  Partitioned compression: HG005_GRCh38_1_22_v4.2.1_benchmark: cottas-merge merging — 137,500,000 triples · 137,500,000 distinct triples written
  Partitioned compression: HG005_GRCh38_1_22_v4.2.1_benchmark: cottas-merge merging — 137,750,000 triples · 137,750,000 distinct triples written
  Partitioned compression: HG005_GRCh38_1_22_v4.2.1_benchmark: cottas-merge merging — 138,000,000 triples · 138,000,000 distinct triples written
  Partitioned compression: HG005_GRCh38_1_22_v4.2.1_benchmark: cottas-merge merging — 138,250,000 triples · 138,250,000 distinct triples written
  Partitioned compression: HG005_GRCh38_1_22_v4.2.1_benchmark: cottas-merge merging — 138,500,000 triples · 138,500,000 distinct triples written
  Partitioned compression: HG005_GRCh38_1_22_v4.2.1_benchmark: cottas-merge merging — 138,750,000 triples · 138,750,000 distinct triples written
  Partitioned compression: HG005_GRCh38_1_22_v4.2.1_benchmark: cottas-merge merging — 139,000,000 triples · 139,000,000 distinct triples written
  Partitioned compression: HG005_GRCh38_1_22_v4.2.1_benchmark: cottas-merge merging — 139,250,000 triples · 139,250,000 distinct triples written
  Partitioned compression: HG005_GRCh38_1_22_v4.2.1_benchmark: cottas-merge merging — 139,500,000 triples · 139,500,000 distinct triples written
  Partitioned compression: HG005_GRCh38_1_22_v4.2.1_benchmark: cottas-merge merging — 139,750,000 triples · 139,750,000 distinct triples written
  Partitioned compression: HG005_GRCh38_1_22_v4.2.1_benchmark: cottas-merge merging — 140,000,000 triples · 140,000,000 distinct triples written
  Partitioned compression: HG005_GRCh38_1_22_v4.2.1_benchmark: cottas-merge merging — 140,250,000 triples · 140,250,000 distinct triples written
  Partitioned compression: HG005_GRCh38_1_22_v4.2.1_benchmark: cottas-merge merging — 140,500,000 triples · 140,500,000 distinct triples written
  Partitioned compression: HG005_GRCh38_1_22_v4.2.1_benchmark: cottas-merge merging — 140,750,000 triples · 140,750,000 distinct triples written
  Partitioned compression: HG005_GRCh38_1_22_v4.2.1_benchmark: cottas-merge merging — 141,000,000 triples · 141,000,000 distinct triples written
  Partitioned compression: HG005_GRCh38_1_22_v4.2.1_benchmark: cottas-merge merging — 141,250,000 triples · 141,250,000 distinct triples written
  Partitioned compression: HG005_GRCh38_1_22_v4.2.1_benchmark: cottas-merge merging — 141,500,000 triples · 141,500,000 distinct triples written
  Partitioned compression: HG005_GRCh38_1_22_v4.2.1_benchmark: cottas-merge merging — 141,750,000 triples · 141,750,000 distinct triples written
  Partitioned compression: HG005_GRCh38_1_22_v4.2.1_benchmark: cottas-merge merging — 142,000,000 triples · 142,000,000 distinct triples written
  Partitioned compression: HG005_GRCh38_1_22_v4.2.1_benchmark: cottas-merge merging — 142,250,000 triples · 142,250,000 distinct triples written
  Partitioned compression: HG005_GRCh38_1_22_v4.2.1_benchmark: cottas-merge merging — 142,500,000 triples · 142,500,000 distinct triples written
  Partitioned compression: HG005_GRCh38_1_22_v4.2.1_benchmark: cottas-merge merging — 142,750,000 triples · 142,750,000 distinct triples written
  Partitioned compression: HG005_GRCh38_1_22_v4.2.1_benchmark: cottas-merge merging — 143,000,000 triples · 143,000,000 distinct triples written
  Partitioned compression: HG005_GRCh38_1_22_v4.2.1_benchmark: cottas-merge merging — 143,250,000 triples · 143,250,000 distinct triples written
  Partitioned compression: HG005_GRCh38_1_22_v4.2.1_benchmark: cottas-merge merging — 143,500,000 triples · 143,500,000 distinct triples written
  Partitioned compression: HG005_GRCh38_1_22_v4.2.1_benchmark: cottas-merge merging — 143,750,000 triples · 143,750,000 distinct triples written
  Partitioned compression: HG005_GRCh38_1_22_v4.2.1_benchmark: cottas-merge merging — 144,000,000 triples · 144,000,000 distinct triples written
  Partitioned compression: HG005_GRCh38_1_22_v4.2.1_benchmark: cottas-merge merging — 144,250,000 triples · 144,250,000 distinct triples written
  Partitioned compression: HG005_GRCh38_1_22_v4.2.1_benchmark: cottas-merge merging — 144,500,000 triples · 144,500,000 distinct triples written
  Partitioned compression: HG005_GRCh38_1_22_v4.2.1_benchmark: cottas-merge merging — 144,750,000 triples · 144,750,000 distinct triples written
  Partitioned compression: HG005_GRCh38_1_22_v4.2.1_benchmark: cottas-merge merging — 145,000,000 triples · 145,000,000 distinct triples written
  Partitioned compression: HG005_GRCh38_1_22_v4.2.1_benchmark: cottas-merge merging — 145,250,000 triples · 145,250,000 distinct triples written
  Partitioned compression: HG005_GRCh38_1_22_v4.2.1_benchmark: cottas-merge merging — 145,500,000 triples · 145,500,000 distinct triples written
  Partitioned compression: HG005_GRCh38_1_22_v4.2.1_benchmark: cottas-merge merging — 145,750,000 triples · 145,750,000 distinct triples written
  Partitioned compression: HG005_GRCh38_1_22_v4.2.1_benchmark: cottas-merge merging — 146,000,000 triples · 146,000,000 distinct triples written
  Partitioned compression: HG005_GRCh38_1_22_v4.2.1_benchmark: cottas-merge merging — 146,250,000 triples · 146,250,000 distinct triples written
  Partitioned compression: HG005_GRCh38_1_22_v4.2.1_benchmark: cottas-merge merging — 146,500,000 triples · 146,500,000 distinct triples written
  Partitioned compression: HG005_GRCh38_1_22_v4.2.1_benchmark: cottas-merge merging — 146,750,000 triples · 146,750,000 distinct triples written
  Partitioned compression: HG005_GRCh38_1_22_v4.2.1_benchmark: cottas-merge merging — 147,000,000 triples · 147,000,000 distinct triples written
  Partitioned compression: HG005_GRCh38_1_22_v4.2.1_benchmark: cottas-merge merging — 147,250,000 triples · 147,250,000 distinct triples written
  Partitioned compression: HG005_GRCh38_1_22_v4.2.1_benchmark: cottas-merge merging — 147,500,000 triples · 147,500,000 distinct triples written
  Partitioned compression: HG005_GRCh38_1_22_v4.2.1_benchmark: cottas-merge merging — 147,750,000 triples · 147,750,000 distinct triples written
  Partitioned compression: HG005_GRCh38_1_22_v4.2.1_benchmark: cottas-merge merging — 148,000,000 triples · 148,000,000 distinct triples written
  Partitioned compression: HG005_GRCh38_1_22_v4.2.1_benchmark: cottas-merge merging — 148,250,000 triples · 148,250,000 distinct triples written
  Partitioned compression: HG005_GRCh38_1_22_v4.2.1_benchmark: cottas-merge merging — 148,500,000 triples · 148,500,000 distinct triples written
  Partitioned compression: HG005_GRCh38_1_22_v4.2.1_benchmark: cottas-merge merging — 148,750,000 triples · 148,750,000 distinct triples written
  Partitioned compression: HG005_GRCh38_1_22_v4.2.1_benchmark: cottas-merge merging — 149,000,000 triples · 149,000,000 distinct triples written
  Partitioned compression: HG005_GRCh38_1_22_v4.2.1_benchmark: cottas-merge merging — 149,250,000 triples · 149,250,000 distinct triples written
  Partitioned compression: HG005_GRCh38_1_22_v4.2.1_benchmark: cottas-merge merging — 149,500,000 triples · 149,500,000 distinct triples written
  Partitioned compression: HG005_GRCh38_1_22_v4.2.1_benchmark: cottas-merge merging — 149,750,000 triples · 149,750,000 distinct triples written
  Partitioned compression: HG005_GRCh38_1_22_v4.2.1_benchmark: cottas-merge merging — 150,000,000 triples · 150,000,000 distinct triples written
  Partitioned compression: HG005_GRCh38_1_22_v4.2.1_benchmark: cottas-merge merging — 150,250,000 triples · 150,250,000 distinct triples written
  Partitioned compression: HG005_GRCh38_1_22_v4.2.1_benchmark: cottas-merge merging — 150,500,000 triples · 150,500,000 distinct triples written
  Partitioned compression: HG005_GRCh38_1_22_v4.2.1_benchmark: cottas-merge merging — 150,750,000 triples · 150,750,000 distinct triples written
  Partitioned compression: HG005_GRCh38_1_22_v4.2.1_benchmark: cottas-merge merging — 151,000,000 triples · 151,000,000 distinct triples written
  Partitioned compression: HG005_GRCh38_1_22_v4.2.1_benchmark: cottas-merge merging — 151,250,000 triples · 151,250,000 distinct triples written
  Partitioned compression: HG005_GRCh38_1_22_v4.2.1_benchmark: cottas-merge merging — 151,500,000 triples · 151,500,000 distinct triples written
  Partitioned compression: HG005_GRCh38_1_22_v4.2.1_benchmark: cottas-merge merging — 151,750,000 triples · 151,750,000 distinct triples written
  Partitioned compression: HG005_GRCh38_1_22_v4.2.1_benchmark: cottas-merge merging — 152,000,000 triples · 152,000,000 distinct triples written
  Partitioned compression: HG005_GRCh38_1_22_v4.2.1_benchmark: cottas-merge merging — 152,250,000 triples · 152,250,000 distinct triples written
  Partitioned compression: HG005_GRCh38_1_22_v4.2.1_benchmark: cottas-merge merging — 152,500,000 triples · 152,500,000 distinct triples written
  Partitioned compression: HG005_GRCh38_1_22_v4.2.1_benchmark: cottas-merge merging — 152,750,000 triples · 152,750,000 distinct triples written
  Partitioned compression: HG005_GRCh38_1_22_v4.2.1_benchmark: cottas-merge merging — 153,000,000 triples · 153,000,000 distinct triples written
  Partitioned compression: HG005_GRCh38_1_22_v4.2.1_benchmark: cottas-merge merging — 153,250,000 triples · 153,250,000 distinct triples written
  Partitioned compression: HG005_GRCh38_1_22_v4.2.1_benchmark: cottas-merge merging — 153,500,000 triples · 153,500,000 distinct triples written
  Partitioned compression: HG005_GRCh38_1_22_v4.2.1_benchmark: cottas-merge merging — 153,750,000 triples · 153,750,000 distinct triples written
  Partitioned compression: HG005_GRCh38_1_22_v4.2.1_benchmark: cottas-merge merging — 154,000,000 triples · 154,000,000 distinct triples written
  Partitioned compression: HG005_GRCh38_1_22_v4.2.1_benchmark: cottas-merge merging — 154,250,000 triples · 154,250,000 distinct triples written
  Partitioned compression: HG005_GRCh38_1_22_v4.2.1_benchmark: cottas-merge merging — 154,500,000 triples · 154,500,000 distinct triples written
  Partitioned compression: HG005_GRCh38_1_22_v4.2.1_benchmark: cottas-merge merging — 154,750,000 triples · 154,750,000 distinct triples written
  Partitioned compression: HG005_GRCh38_1_22_v4.2.1_benchmark: cottas-merge merging — 155,000,000 triples · 155,000,000 distinct triples written
  Partitioned compression: HG005_GRCh38_1_22_v4.2.1_benchmark: cottas-merge merging — 155,250,000 triples · 155,250,000 distinct triples written
  Partitioned compression: HG005_GRCh38_1_22_v4.2.1_benchmark: cottas-merge merging — 155,500,000 triples · 155,500,000 distinct triples written
  Partitioned compression: HG005_GRCh38_1_22_v4.2.1_benchmark: cottas-merge merging — 155,750,000 triples · 155,750,000 distinct triples written
  Partitioned compression: HG005_GRCh38_1_22_v4.2.1_benchmark: cottas-merge merging — 156,000,000 triples · 156,000,000 distinct triples written
  Partitioned compression: HG005_GRCh38_1_22_v4.2.1_benchmark: cottas-merge merging — 156,250,000 triples · 156,250,000 distinct triples written
  Partitioned compression: HG005_GRCh38_1_22_v4.2.1_benchmark: cottas-merge merging — 156,500,000 triples · 156,500,000 distinct triples written
  Partitioned compression: HG005_GRCh38_1_22_v4.2.1_benchmark: cottas-merge merging — 156,750,000 triples · 156,750,000 distinct triples written
  Partitioned compression: HG005_GRCh38_1_22_v4.2.1_benchmark: cottas-merge merging — 157,000,000 triples · 157,000,000 distinct triples written
  Partitioned compression: HG005_GRCh38_1_22_v4.2.1_benchmark: cottas-merge merging — 157,250,000 triples · 157,250,000 distinct triples written
  Partitioned compression: HG005_GRCh38_1_22_v4.2.1_benchmark: cottas-merge merging — 157,500,000 triples · 157,500,000 distinct triples written
  Partitioned compression: HG005_GRCh38_1_22_v4.2.1_benchmark: cottas-merge merging — 157,750,000 triples · 157,750,000 distinct triples written
  Partitioned compression: HG005_GRCh38_1_22_v4.2.1_benchmark: cottas-merge merging — 158,000,000 triples · 158,000,000 distinct triples written
  Partitioned compression: HG005_GRCh38_1_22_v4.2.1_benchmark: cottas-merge merging — 158,250,000 triples · 158,250,000 distinct triples written
  Partitioned compression: HG005_GRCh38_1_22_v4.2.1_benchmark: cottas-merge merging — 158,500,000 triples · 158,500,000 distinct triples written
  Partitioned compression: HG005_GRCh38_1_22_v4.2.1_benchmark: cottas-merge merging — 158,750,000 triples · 158,750,000 distinct triples written
  Partitioned compression: HG005_GRCh38_1_22_v4.2.1_benchmark: cottas-merge merging — 159,000,000 triples · 159,000,000 distinct triples written
  Partitioned compression: HG005_GRCh38_1_22_v4.2.1_benchmark: cottas-merge merging — 159,250,000 triples · 159,250,000 distinct triples written
  Partitioned compression: HG005_GRCh38_1_22_v4.2.1_benchmark: cottas-merge merging — 159,500,000 triples · 159,500,000 distinct triples written
  Partitioned compression: HG005_GRCh38_1_22_v4.2.1_benchmark: cottas-merge merging — 159,750,000 triples · 159,750,000 distinct triples written
  Partitioned compression: HG005_GRCh38_1_22_v4.2.1_benchmark: cottas-merge merging — 160,000,000 triples · 160,000,000 distinct triples written
  Partitioned compression: HG005_GRCh38_1_22_v4.2.1_benchmark: cottas-merge merging — 160,250,000 triples · 160,250,000 distinct triples written
  Partitioned compression: HG005_GRCh38_1_22_v4.2.1_benchmark: cottas-merge merging — 160,500,000 triples · 160,500,000 distinct triples written
  Partitioned compression: HG005_GRCh38_1_22_v4.2.1_benchmark: cottas-merge merging — 160,750,000 triples · 160,750,000 distinct triples written
  Partitioned compression: HG005_GRCh38_1_22_v4.2.1_benchmark: cottas-merge merging — 161,000,000 triples · 161,000,000 distinct triples written
  Partitioned compression: HG005_GRCh38_1_22_v4.2.1_benchmark: cottas-merge merging — 161,250,000 triples · 161,250,000 distinct triples written
  Partitioned compression: HG005_GRCh38_1_22_v4.2.1_benchmark: cottas-merge merging — 161,500,000 triples · 161,500,000 distinct triples written
  Partitioned compression: HG005_GRCh38_1_22_v4.2.1_benchmark: cottas-merge merging — 161,750,000 triples · 161,750,000 distinct triples written
  Partitioned compression: HG005_GRCh38_1_22_v4.2.1_benchmark: cottas-merge merging — 162,000,000 triples · 162,000,000 distinct triples written
  Partitioned compression: HG005_GRCh38_1_22_v4.2.1_benchmark: cottas-merge merging — 162,250,000 triples · 162,250,000 distinct triples written
  Partitioned compression: HG005_GRCh38_1_22_v4.2.1_benchmark: cottas-merge merging — 162,500,000 triples · 162,500,000 distinct triples written
  Partitioned compression: HG005_GRCh38_1_22_v4.2.1_benchmark: cottas-merge merging — 162,750,000 triples · 162,750,000 distinct triples written
  Partitioned compression: HG005_GRCh38_1_22_v4.2.1_benchmark: cottas-merge merging — 163,000,000 triples · 163,000,000 distinct triples written
  Partitioned compression: HG005_GRCh38_1_22_v4.2.1_benchmark: cottas-merge merging — 163,250,000 triples · 163,250,000 distinct triples written
  Partitioned compression: HG005_GRCh38_1_22_v4.2.1_benchmark: cottas-merge merging — 163,500,000 triples · 163,500,000 distinct triples written
  Partitioned compression: HG005_GRCh38_1_22_v4.2.1_benchmark: cottas-merge merging — 163,750,000 triples · 163,750,000 distinct triples written
  Partitioned compression: HG005_GRCh38_1_22_v4.2.1_benchmark: cottas-merge merging — 164,000,000 triples · 164,000,000 distinct triples written
  Partitioned compression: HG005_GRCh38_1_22_v4.2.1_benchmark: cottas-merge merging — 164,250,000 triples · 164,250,000 distinct triples written
  Partitioned compression: HG005_GRCh38_1_22_v4.2.1_benchmark: cottas-merge merging — 164,500,000 triples · 164,500,000 distinct triples written
  Partitioned compression: HG005_GRCh38_1_22_v4.2.1_benchmark: cottas-merge merging — 164,750,000 triples · 164,750,000 distinct triples written
  Partitioned compression: HG005_GRCh38_1_22_v4.2.1_benchmark: cottas-merge merging — 165,000,000 triples · 165,000,000 distinct triples written
  Partitioned compression: HG005_GRCh38_1_22_v4.2.1_benchmark: cottas-merge merging — 165,250,000 triples · 165,250,000 distinct triples written
  Partitioned compression: HG005_GRCh38_1_22_v4.2.1_benchmark: cottas-merge merging — 165,500,000 triples · 165,500,000 distinct triples written
  Partitioned compression: HG005_GRCh38_1_22_v4.2.1_benchmark: cottas-merge merging — 165,750,000 triples · 165,750,000 distinct triples written
  Partitioned compression: HG005_GRCh38_1_22_v4.2.1_benchmark: cottas-merge merging — 166,000,000 triples · 166,000,000 distinct triples written
  Partitioned compression: HG005_GRCh38_1_22_v4.2.1_benchmark: cottas-merge merging — 166,250,000 triples · 166,250,000 distinct triples written
  Partitioned compression: HG005_GRCh38_1_22_v4.2.1_benchmark: cottas-merge merging — 166,500,000 triples · 166,500,000 distinct triples written
  Partitioned compression: HG005_GRCh38_1_22_v4.2.1_benchmark: cottas-merge merging — 166,750,000 triples · 166,750,000 distinct triples written
  Partitioned compression: HG005_GRCh38_1_22_v4.2.1_benchmark: cottas-merge merging — 167,000,000 triples · 167,000,000 distinct triples written
  Partitioned compression: HG005_GRCh38_1_22_v4.2.1_benchmark: cottas-merge merging — 167,250,000 triples · 167,250,000 distinct triples written
  Partitioned compression: HG005_GRCh38_1_22_v4.2.1_benchmark: cottas-merge merging — 167,500,000 triples · 167,500,000 distinct triples written
  Partitioned compression: HG005_GRCh38_1_22_v4.2.1_benchmark: cottas-merge merging — 167,750,000 triples · 167,750,000 distinct triples written
  Partitioned compression: HG005_GRCh38_1_22_v4.2.1_benchmark: cottas-merge merging — 168,000,000 triples · 168,000,000 distinct triples written
  Partitioned compression: HG005_GRCh38_1_22_v4.2.1_benchmark: cottas-merge merging — 168,250,000 triples · 168,250,000 distinct triples written
  Partitioned compression: HG005_GRCh38_1_22_v4.2.1_benchmark: cottas-merge merging — 168,500,000 triples · 168,500,000 distinct triples written
  Partitioned compression: HG005_GRCh38_1_22_v4.2.1_benchmark: cottas-merge merging — 168,750,000 triples · 168,750,000 distinct triples written
  Partitioned compression: HG005_GRCh38_1_22_v4.2.1_benchmark: cottas-merge merging — 169,000,000 triples · 169,000,000 distinct triples written
  Partitioned compression: HG005_GRCh38_1_22_v4.2.1_benchmark: cottas-merge merging — 169,250,000 triples · 169,250,000 distinct triples written
  Partitioned compression: HG005_GRCh38_1_22_v4.2.1_benchmark: cottas-merge merging — 169,500,000 triples · 169,500,000 distinct triples written
  Partitioned compression: HG005_GRCh38_1_22_v4.2.1_benchmark: cottas-merge merging — 169,750,000 triples · 169,750,000 distinct triples written
  Partitioned compression: HG005_GRCh38_1_22_v4.2.1_benchmark: cottas-merge merging — 170,000,000 triples · 170,000,000 distinct triples written
  Partitioned compression: HG005_GRCh38_1_22_v4.2.1_benchmark: cottas-merge merging — 170,250,000 triples · 170,250,000 distinct triples written
  Partitioned compression: HG005_GRCh38_1_22_v4.2.1_benchmark: cottas-merge merging — 170,500,000 triples · 170,500,000 distinct triples written
  Partitioned compression: HG005_GRCh38_1_22_v4.2.1_benchmark: cottas-merge merging — 170,750,000 triples · 170,750,000 distinct triples written
  Partitioned compression: HG005_GRCh38_1_22_v4.2.1_benchmark: cottas-merge merging — 171,000,000 triples · 171,000,000 distinct triples written
  Partitioned compression: HG005_GRCh38_1_22_v4.2.1_benchmark: cottas-merge merging — 171,250,000 triples · 171,250,000 distinct triples written
  Partitioned compression: HG005_GRCh38_1_22_v4.2.1_benchmark: cottas-merge merging — 171,500,000 triples · 171,500,000 distinct triples written
  Partitioned compression: HG005_GRCh38_1_22_v4.2.1_benchmark: cottas-merge merging — 171,750,000 triples · 171,750,000 distinct triples written
  Partitioned compression: HG005_GRCh38_1_22_v4.2.1_benchmark: cottas-merge merging — 172,000,000 triples · 172,000,000 distinct triples written
  Partitioned compression: HG005_GRCh38_1_22_v4.2.1_benchmark: cottas-merge merging — 172,250,000 triples · 172,250,000 distinct triples written
  Partitioned compression: HG005_GRCh38_1_22_v4.2.1_benchmark: cottas-merge merging — 172,500,000 triples · 172,500,000 distinct triples written
  Partitioned compression: HG005_GRCh38_1_22_v4.2.1_benchmark: cottas-merge merging — 172,750,000 triples · 172,750,000 distinct triples written
  Partitioned compression: HG005_GRCh38_1_22_v4.2.1_benchmark: cottas-merge merging — 173,000,000 triples · 173,000,000 distinct triples written
  Partitioned compression: HG005_GRCh38_1_22_v4.2.1_benchmark: cottas-merge merging — 173,250,000 triples · 173,250,000 distinct triples written
  Partitioned compression: HG005_GRCh38_1_22_v4.2.1_benchmark: cottas-merge merging — 173,500,000 triples · 173,500,000 distinct triples written
  Partitioned compression: HG005_GRCh38_1_22_v4.2.1_benchmark: cottas-merge merging — 173,750,000 triples · 173,750,000 distinct triples written
  Partitioned compression: HG005_GRCh38_1_22_v4.2.1_benchmark: cottas-merge merging — 174,000,000 triples · 174,000,000 distinct triples written
  Partitioned compression: HG005_GRCh38_1_22_v4.2.1_benchmark: cottas-merge merging — 174,250,000 triples · 174,250,000 distinct triples written
  Partitioned compression: HG005_GRCh38_1_22_v4.2.1_benchmark: cottas-merge merging — 174,500,000 triples · 174,500,000 distinct triples written
  Partitioned compression: HG005_GRCh38_1_22_v4.2.1_benchmark: cottas-merge merging — 174,750,000 triples · 174,750,000 distinct triples written
  Partitioned compression: HG005_GRCh38_1_22_v4.2.1_benchmark: cottas-merge merging — 175,000,000 triples · 175,000,000 distinct triples written
  Partitioned compression: HG005_GRCh38_1_22_v4.2.1_benchmark: cottas-merge merging — 175,250,000 triples · 175,250,000 distinct triples written
  Partitioned compression: HG005_GRCh38_1_22_v4.2.1_benchmark: cottas-merge merging — 175,500,000 triples · 175,500,000 distinct triples written
  Partitioned compression: HG005_GRCh38_1_22_v4.2.1_benchmark: cottas-merge merging — 175,750,000 triples · 175,750,000 distinct triples written
  Partitioned compression: HG005_GRCh38_1_22_v4.2.1_benchmark: cottas-merge merging — 176,000,000 triples · 176,000,000 distinct triples written
  Partitioned compression: HG005_GRCh38_1_22_v4.2.1_benchmark: cottas-merge merging — 176,250,000 triples · 176,250,000 distinct triples written
  Partitioned compression: HG005_GRCh38_1_22_v4.2.1_benchmark: cottas-merge merging — 176,500,000 triples · 176,500,000 distinct triples written
  Partitioned compression: HG005_GRCh38_1_22_v4.2.1_benchmark: cottas-merge merging — 176,750,000 triples · 176,750,000 distinct triples written
  Partitioned compression: HG005_GRCh38_1_22_v4.2.1_benchmark: cottas-merge merging — 177,000,000 triples · 177,000,000 distinct triples written
  Partitioned compression: HG005_GRCh38_1_22_v4.2.1_benchmark: cottas-merge merging — 177,250,000 triples · 177,250,000 distinct triples written
  Partitioned compression: HG005_GRCh38_1_22_v4.2.1_benchmark: cottas-merge merging — 177,500,000 triples · 177,500,000 distinct triples written
  Partitioned compression: HG005_GRCh38_1_22_v4.2.1_benchmark: cottas-merge merging — 177,750,000 triples · 177,750,000 distinct triples written
  Partitioned compression: HG005_GRCh38_1_22_v4.2.1_benchmark: cottas-merge merging — 178,000,000 triples · 178,000,000 distinct triples written
  Partitioned compression: HG005_GRCh38_1_22_v4.2.1_benchmark: cottas-merge merging — 178,250,000 triples · 178,250,000 distinct triples written
  Partitioned compression: HG005_GRCh38_1_22_v4.2.1_benchmark: cottas-merge merging — 178,500,000 triples · 178,500,000 distinct triples written
  Partitioned compression: HG005_GRCh38_1_22_v4.2.1_benchmark: cottas-merge merging — 178,750,000 triples · 178,750,000 distinct triples written
  Partitioned compression: HG005_GRCh38_1_22_v4.2.1_benchmark: cottas-merge merging — 179,000,000 triples · 179,000,000 distinct triples written
  Partitioned compression: HG005_GRCh38_1_22_v4.2.1_benchmark: cottas-merge merging — 179,250,000 triples · 179,250,000 distinct triples written
  Partitioned compression: HG005_GRCh38_1_22_v4.2.1_benchmark: cottas-merge merging — 179,500,000 triples · 179,500,000 distinct triples written
  Partitioned compression: HG005_GRCh38_1_22_v4.2.1_benchmark: cottas-merge merging — 179,750,000 triples · 179,750,000 distinct triples written
  Partitioned compression: HG005_GRCh38_1_22_v4.2.1_benchmark: cottas-merge merging — 180,000,000 triples · 180,000,000 distinct triples written
  Partitioned compression: HG005_GRCh38_1_22_v4.2.1_benchmark: cottas-merge merging — 180,250,000 triples · 180,250,000 distinct triples written
  Partitioned compression: HG005_GRCh38_1_22_v4.2.1_benchmark: cottas-merge merging — 180,500,000 triples · 180,500,000 distinct triples written
  Partitioned compression: HG005_GRCh38_1_22_v4.2.1_benchmark: cottas-merge merging — 180,750,000 triples · 180,750,000 distinct triples written
  Partitioned compression: HG005_GRCh38_1_22_v4.2.1_benchmark: cottas-merge merging — 181,000,000 triples · 181,000,000 distinct triples written
  Partitioned compression: HG005_GRCh38_1_22_v4.2.1_benchmark: cottas-merge merging — 181,250,000 triples · 181,250,000 distinct triples written
  Partitioned compression: HG005_GRCh38_1_22_v4.2.1_benchmark: cottas-merge merging — 181,500,000 triples · 181,500,000 distinct triples written
  Partitioned compression: HG005_GRCh38_1_22_v4.2.1_benchmark: cottas-merge merging — 181,750,000 triples · 181,750,000 distinct triples written
  Partitioned compression: HG005_GRCh38_1_22_v4.2.1_benchmark: cottas-merge merging — 182,000,000 triples · 182,000,000 distinct triples written
  Partitioned compression: HG005_GRCh38_1_22_v4.2.1_benchmark: cottas-merge merging — 182,250,000 triples · 182,250,000 distinct triples written
  Partitioned compression: HG005_GRCh38_1_22_v4.2.1_benchmark: cottas-merge merging — 182,500,000 triples · 182,500,000 distinct triples written
  Partitioned compression: HG005_GRCh38_1_22_v4.2.1_benchmark: cottas-merge merging — 182,750,000 triples · 182,750,000 distinct triples written
  Partitioned compression: HG005_GRCh38_1_22_v4.2.1_benchmark: cottas-merge merging — 183,000,000 triples · 183,000,000 distinct triples written
  Partitioned compression: HG005_GRCh38_1_22_v4.2.1_benchmark: cottas-merge merging — 183,250,000 triples · 183,250,000 distinct triples written
  Partitioned compression: HG005_GRCh38_1_22_v4.2.1_benchmark: cottas-merge merging — 183,500,000 triples · 183,500,000 distinct triples written
  Partitioned compression: HG005_GRCh38_1_22_v4.2.1_benchmark: cottas-merge merging — 183,750,000 triples · 183,750,000 distinct triples written
  Partitioned compression: HG005_GRCh38_1_22_v4.2.1_benchmark: cottas-merge merging — 184,000,000 triples · 184,000,000 distinct triples written
  Partitioned compression: HG005_GRCh38_1_22_v4.2.1_benchmark: cottas-merge merging — 184,250,000 triples · 184,250,000 distinct triples written
  Partitioned compression: HG005_GRCh38_1_22_v4.2.1_benchmark: cottas-merge merging — 184,500,000 triples · 184,500,000 distinct triples written
  Partitioned compression: HG005_GRCh38_1_22_v4.2.1_benchmark: cottas-merge merging — 184,750,000 triples · 184,750,000 distinct triples written
  Partitioned compression: HG005_GRCh38_1_22_v4.2.1_benchmark: cottas-merge merging — 185,000,000 triples · 185,000,000 distinct triples written
  Partitioned compression: HG005_GRCh38_1_22_v4.2.1_benchmark: cottas-merge merging — 185,250,000 triples · 185,250,000 distinct triples written
  Partitioned compression: HG005_GRCh38_1_22_v4.2.1_benchmark: cottas-merge merging — 185,500,000 triples · 185,500,000 distinct triples written
  Partitioned compression: HG005_GRCh38_1_22_v4.2.1_benchmark: cottas-merge merging — 185,750,000 triples · 185,750,000 distinct triples written
  Partitioned compression: HG005_GRCh38_1_22_v4.2.1_benchmark: cottas-merge merging — 186,000,000 triples · 186,000,000 distinct triples written
  Partitioned compression: HG005_GRCh38_1_22_v4.2.1_benchmark: cottas-merge merging — 186,250,000 triples · 186,250,000 distinct triples written
  Partitioned compression: HG005_GRCh38_1_22_v4.2.1_benchmark: cottas-merge merging — 186,500,000 triples · 186,500,000 distinct triples written
  Partitioned compression: HG005_GRCh38_1_22_v4.2.1_benchmark: cottas-merge merging — 186,750,000 triples · 186,750,000 distinct triples written
  Partitioned compression: HG005_GRCh38_1_22_v4.2.1_benchmark: cottas-merge merging — 187,000,000 triples · 187,000,000 distinct triples written
  Partitioned compression: HG005_GRCh38_1_22_v4.2.1_benchmark: cottas-merge merging — 187,250,000 triples · 187,250,000 distinct triples written
  Partitioned compression: HG005_GRCh38_1_22_v4.2.1_benchmark: cottas-merge merging — 187,500,000 triples · 187,500,000 distinct triples written
  Partitioned compression: HG005_GRCh38_1_22_v4.2.1_benchmark: cottas-merge merging — 187,750,000 triples · 187,750,000 distinct triples written
  Partitioned compression: HG005_GRCh38_1_22_v4.2.1_benchmark: cottas-merge merging — 188,000,000 triples · 188,000,000 distinct triples written
  Partitioned compression: HG005_GRCh38_1_22_v4.2.1_benchmark: cottas-merge merging — 188,250,000 triples · 188,250,000 distinct triples written
  Partitioned compression: HG005_GRCh38_1_22_v4.2.1_benchmark: cottas-merge merging — 188,500,000 triples · 188,500,000 distinct triples written
  Partitioned compression: HG005_GRCh38_1_22_v4.2.1_benchmark: cottas-merge merging — 188,750,000 triples · 188,750,000 distinct triples written
  Partitioned compression: HG005_GRCh38_1_22_v4.2.1_benchmark: cottas-merge merging — 189,000,000 triples · 189,000,000 distinct triples written
  Partitioned compression: HG005_GRCh38_1_22_v4.2.1_benchmark: cottas-merge merging — 189,250,000 triples · 189,250,000 distinct triples written
  Partitioned compression: HG005_GRCh38_1_22_v4.2.1_benchmark: cottas-merge merging — 189,500,000 triples · 189,500,000 distinct triples written
  Partitioned compression: HG005_GRCh38_1_22_v4.2.1_benchmark: cottas-merge merging — 189,750,000 triples · 189,750,000 distinct triples written
  Partitioned compression: HG005_GRCh38_1_22_v4.2.1_benchmark: cottas-merge merging — 190,000,000 triples · 190,000,000 distinct triples written
  Partitioned compression: HG005_GRCh38_1_22_v4.2.1_benchmark: cottas-merge merging — 190,250,000 triples · 190,250,000 distinct triples written
  Partitioned compression: HG005_GRCh38_1_22_v4.2.1_benchmark: cottas-merge merging — 190,500,000 triples · 190,500,000 distinct triples written
  Partitioned compression: HG005_GRCh38_1_22_v4.2.1_benchmark: cottas-merge merging — 190,750,000 triples · 190,750,000 distinct triples written
  Partitioned compression: HG005_GRCh38_1_22_v4.2.1_benchmark: cottas-merge merging — 191,000,000 triples · 191,000,000 distinct triples written
  Partitioned compression: HG005_GRCh38_1_22_v4.2.1_benchmark: cottas-merge merging — 191,250,000 triples · 191,250,000 distinct triples written
  Partitioned compression: HG005_GRCh38_1_22_v4.2.1_benchmark: cottas-merge merging — 191,500,000 triples · 191,500,000 distinct triples written
  Partitioned compression: HG005_GRCh38_1_22_v4.2.1_benchmark: cottas-merge merging — 191,750,000 triples · 191,750,000 distinct triples written
  Partitioned compression: HG005_GRCh38_1_22_v4.2.1_benchmark: cottas-merge merging — 192,000,000 triples · 192,000,000 distinct triples written
  Partitioned compression: HG005_GRCh38_1_22_v4.2.1_benchmark: cottas-merge merging — 192,250,000 triples · 192,250,000 distinct triples written
  Partitioned compression: HG005_GRCh38_1_22_v4.2.1_benchmark: cottas-merge merging — 192,500,000 triples · 192,500,000 distinct triples written
  Partitioned compression: HG005_GRCh38_1_22_v4.2.1_benchmark: cottas-merge merging — 192,750,000 triples · 192,750,000 distinct triples written
  Partitioned compression: HG005_GRCh38_1_22_v4.2.1_benchmark: cottas-merge merging — 193,000,000 triples · 193,000,000 distinct triples written
  Partitioned compression: HG005_GRCh38_1_22_v4.2.1_benchmark: cottas-merge merging — 193,250,000 triples · 193,250,000 distinct triples written
  Partitioned compression: HG005_GRCh38_1_22_v4.2.1_benchmark: cottas-merge merging — 193,500,000 triples · 193,500,000 distinct triples written
  Partitioned compression: HG005_GRCh38_1_22_v4.2.1_benchmark: cottas-merge merging — 193,750,000 triples · 193,750,000 distinct triples written
  Partitioned compression: HG005_GRCh38_1_22_v4.2.1_benchmark: cottas-merge merging — 194,000,000 triples · 194,000,000 distinct triples written
  Partitioned compression: HG005_GRCh38_1_22_v4.2.1_benchmark: cottas-merge merging — 194,250,000 triples · 194,250,000 distinct triples written
  Partitioned compression: HG005_GRCh38_1_22_v4.2.1_benchmark: cottas-merge merging — 194,500,000 triples · 194,500,000 distinct triples written
  Partitioned compression: HG005_GRCh38_1_22_v4.2.1_benchmark: cottas-merge merging — 194,750,000 triples · 194,750,000 distinct triples written
  Partitioned compression: HG005_GRCh38_1_22_v4.2.1_benchmark: cottas-merge merging — 195,000,000 triples · 195,000,000 distinct triples written
  Partitioned compression: HG005_GRCh38_1_22_v4.2.1_benchmark: cottas-merge merging — 195,250,000 triples · 195,250,000 distinct triples written
  Partitioned compression: HG005_GRCh38_1_22_v4.2.1_benchmark: cottas-merge merging — 195,500,000 triples · 195,500,000 distinct triples written
  Partitioned compression: HG005_GRCh38_1_22_v4.2.1_benchmark: cottas-merge merging — 195,750,000 triples · 195,750,000 distinct triples written
  Partitioned compression: HG005_GRCh38_1_22_v4.2.1_benchmark: cottas-merge merging — 196,000,000 triples · 196,000,000 distinct triples written
  Partitioned compression: HG005_GRCh38_1_22_v4.2.1_benchmark: cottas-merge merging — 196,250,000 triples · 196,250,000 distinct triples written
  Partitioned compression: HG005_GRCh38_1_22_v4.2.1_benchmark: cottas-merge merging — 196,500,000 triples · 196,500,000 distinct triples written
  Partitioned compression: HG005_GRCh38_1_22_v4.2.1_benchmark: cottas-merge merging — 196,750,000 triples · 196,750,000 distinct triples written
  Partitioned compression: HG005_GRCh38_1_22_v4.2.1_benchmark: cottas-merge merging — 197,000,000 triples · 197,000,000 distinct triples written
  Partitioned compression: HG005_GRCh38_1_22_v4.2.1_benchmark: cottas-merge merging — 197,250,000 triples · 197,250,000 distinct triples written
  Partitioned compression: HG005_GRCh38_1_22_v4.2.1_benchmark: cottas-merge merging — 197,500,000 triples · 197,500,000 distinct triples written
  Partitioned compression: HG005_GRCh38_1_22_v4.2.1_benchmark: cottas-merge merging — 197,750,000 triples · 197,750,000 distinct triples written
  Partitioned compression: HG005_GRCh38_1_22_v4.2.1_benchmark: cottas-merge merging — 198,000,000 triples · 198,000,000 distinct triples written
  Partitioned compression: HG005_GRCh38_1_22_v4.2.1_benchmark: cottas-merge merging — 198,250,000 triples · 198,250,000 distinct triples written
  Partitioned compression: HG005_GRCh38_1_22_v4.2.1_benchmark: cottas-merge merging — 198,500,000 triples · 198,500,000 distinct triples written
  Partitioned compression: HG005_GRCh38_1_22_v4.2.1_benchmark: cottas-merge merging — 198,750,000 triples · 198,750,000 distinct triples written
  Partitioned compression: HG005_GRCh38_1_22_v4.2.1_benchmark: cottas-merge merging — 199,000,000 triples · 199,000,000 distinct triples written
  Partitioned compression: HG005_GRCh38_1_22_v4.2.1_benchmark: cottas-merge merging — 199,250,000 triples · 199,250,000 distinct triples written
  Partitioned compression: HG005_GRCh38_1_22_v4.2.1_benchmark: cottas-merge merging — 199,500,000 triples · 199,500,000 distinct triples written
  Partitioned compression: HG005_GRCh38_1_22_v4.2.1_benchmark: cottas-merge merging — 199,750,000 triples · 199,750,000 distinct triples written
  Partitioned compression: HG005_GRCh38_1_22_v4.2.1_benchmark: cottas-merge merging — 200,000,000 triples · 200,000,000 distinct triples written
  Partitioned compression: HG005_GRCh38_1_22_v4.2.1_benchmark: cottas-merge merging — 200,250,000 triples · 200,250,000 distinct triples written
  Partitioned compression: HG005_GRCh38_1_22_v4.2.1_benchmark: cottas-merge merging — 200,500,000 triples · 200,500,000 distinct triples written
  Partitioned compression: HG005_GRCh38_1_22_v4.2.1_benchmark: cottas-merge merging — 200,750,000 triples · 200,750,000 distinct triples written
  Partitioned compression: HG005_GRCh38_1_22_v4.2.1_benchmark: cottas-merge merging — 201,000,000 triples · 201,000,000 distinct triples written
  Partitioned compression: HG005_GRCh38_1_22_v4.2.1_benchmark: cottas-merge merging — 201,250,000 triples · 201,250,000 distinct triples written
  Partitioned compression: HG005_GRCh38_1_22_v4.2.1_benchmark: cottas-merge merging — 201,500,000 triples · 201,500,000 distinct triples written
  Partitioned compression: HG005_GRCh38_1_22_v4.2.1_benchmark: cottas-merge merging — 201,750,000 triples · 201,750,000 distinct triples written
  Partitioned compression: HG005_GRCh38_1_22_v4.2.1_benchmark: cottas-merge merging — 202,000,000 triples · 202,000,000 distinct triples written
  Partitioned compression: HG005_GRCh38_1_22_v4.2.1_benchmark: cottas-merge merging — 202,250,000 triples · 202,250,000 distinct triples written
  Partitioned compression: HG005_GRCh38_1_22_v4.2.1_benchmark: cottas-merge merging — 202,500,000 triples · 202,500,000 distinct triples written
  Partitioned compression: HG005_GRCh38_1_22_v4.2.1_benchmark: cottas-merge merging — 202,750,000 triples · 202,750,000 distinct triples written
  Partitioned compression: HG005_GRCh38_1_22_v4.2.1_benchmark: cottas-merge merging — 203,000,000 triples · 203,000,000 distinct triples written
  Partitioned compression: HG005_GRCh38_1_22_v4.2.1_benchmark: cottas-merge merging — 203,250,000 triples · 203,250,000 distinct triples written
  Partitioned compression: HG005_GRCh38_1_22_v4.2.1_benchmark: cottas-merge merging — 203,500,000 triples · 203,500,000 distinct triples written
  Partitioned compression: HG005_GRCh38_1_22_v4.2.1_benchmark: cottas-merge merging — 203,750,000 triples · 203,750,000 distinct triples written
  Partitioned compression: HG005_GRCh38_1_22_v4.2.1_benchmark: cottas-merge merging — 204,000,000 triples · 204,000,000 distinct triples written
  Partitioned compression: HG005_GRCh38_1_22_v4.2.1_benchmark: cottas-merge merging — 204,250,000 triples · 204,250,000 distinct triples written
  Partitioned compression: HG005_GRCh38_1_22_v4.2.1_benchmark: cottas-merge merging — 204,500,000 triples · 204,500,000 distinct triples written
  Partitioned compression: HG005_GRCh38_1_22_v4.2.1_benchmark: cottas-merge merging — 204,750,000 triples · 204,750,000 distinct triples written
  Partitioned compression: HG005_GRCh38_1_22_v4.2.1_benchmark: cottas-merge merging — 205,000,000 triples · 205,000,000 distinct triples written
  Partitioned compression: HG005_GRCh38_1_22_v4.2.1_benchmark: cottas-merge merging — 205,250,000 triples · 205,250,000 distinct triples written
  Partitioned compression: HG005_GRCh38_1_22_v4.2.1_benchmark: cottas-merge merging — 205,500,000 triples · 205,500,000 distinct triples written
  Partitioned compression: HG005_GRCh38_1_22_v4.2.1_benchmark: cottas-merge merging — 205,750,000 triples · 205,750,000 distinct triples written
  Partitioned compression: HG005_GRCh38_1_22_v4.2.1_benchmark: cottas-merge merging — 206,000,000 triples · 206,000,000 distinct triples written
  Partitioned compression: HG005_GRCh38_1_22_v4.2.1_benchmark: cottas-merge merging — 206,250,000 triples · 206,250,000 distinct triples written
  Partitioned compression: HG005_GRCh38_1_22_v4.2.1_benchmark: cottas-merge merging — 206,500,000 triples · 206,500,000 distinct triples written
  Partitioned compression: HG005_GRCh38_1_22_v4.2.1_benchmark: cottas-merge merging — 206,750,000 triples · 206,750,000 distinct triples written
  Partitioned compression: HG005_GRCh38_1_22_v4.2.1_benchmark: cottas-merge merging — 207,000,000 triples · 207,000,000 distinct triples written
  Partitioned compression: HG005_GRCh38_1_22_v4.2.1_benchmark: cottas-merge merging — 207,250,000 triples · 207,250,000 distinct triples written
  Partitioned compression: HG005_GRCh38_1_22_v4.2.1_benchmark: cottas-merge merging — 207,500,000 triples · 207,500,000 distinct triples written
  Partitioned compression: HG005_GRCh38_1_22_v4.2.1_benchmark: cottas-merge merging — 207,750,000 triples · 207,750,000 distinct triples written
  Partitioned compression: HG005_GRCh38_1_22_v4.2.1_benchmark: cottas-merge merging — 208,000,000 triples · 208,000,000 distinct triples written
  Partitioned compression: HG005_GRCh38_1_22_v4.2.1_benchmark: cottas-merge merging — 208,250,000 triples · 208,250,000 distinct triples written
  Partitioned compression: HG005_GRCh38_1_22_v4.2.1_benchmark: cottas-merge merging — 208,500,000 triples · 208,500,000 distinct triples written
  Partitioned compression: HG005_GRCh38_1_22_v4.2.1_benchmark: cottas-merge merging — 208,750,000 triples · 208,750,000 distinct triples written
  Partitioned compression: HG005_GRCh38_1_22_v4.2.1_benchmark: cottas-merge merging — 209,000,000 triples · 209,000,000 distinct triples written
  Partitioned compression: HG005_GRCh38_1_22_v4.2.1_benchmark: cottas-merge merging — 209,250,000 triples · 209,250,000 distinct triples written
  Partitioned compression: HG005_GRCh38_1_22_v4.2.1_benchmark: cottas-merge merging — 209,500,000 triples · 209,500,000 distinct triples written
  Partitioned compression: HG005_GRCh38_1_22_v4.2.1_benchmark: cottas-merge merging — 209,750,000 triples · 209,750,000 distinct triples written
  Partitioned compression: HG005_GRCh38_1_22_v4.2.1_benchmark: cottas-merge merging — 210,000,000 triples · 210,000,000 distinct triples written
  Partitioned compression: HG005_GRCh38_1_22_v4.2.1_benchmark: cottas-merge merging — 210,250,000 triples · 210,250,000 distinct triples written
  Partitioned compression: HG005_GRCh38_1_22_v4.2.1_benchmark: cottas-merge merging — 210,500,000 triples · 210,500,000 distinct triples written
  Partitioned compression: HG005_GRCh38_1_22_v4.2.1_benchmark: cottas-merge merging — 210,750,000 triples · 210,750,000 distinct triples written
  Partitioned compression: HG005_GRCh38_1_22_v4.2.1_benchmark: cottas-merge merging — 211,000,000 triples · 211,000,000 distinct triples written
  Partitioned compression: HG005_GRCh38_1_22_v4.2.1_benchmark: cottas-merge merging — 211,250,000 triples · 211,250,000 distinct triples written
  Partitioned compression: HG005_GRCh38_1_22_v4.2.1_benchmark: cottas-merge merging — 211,500,000 triples · 211,500,000 distinct triples written
  Partitioned compression: HG005_GRCh38_1_22_v4.2.1_benchmark: cottas-merge merging — 211,750,000 triples · 211,750,000 distinct triples written
  Partitioned compression: HG005_GRCh38_1_22_v4.2.1_benchmark: cottas-merge merging — 212,000,000 triples · 212,000,000 distinct triples written
  Partitioned compression: HG005_GRCh38_1_22_v4.2.1_benchmark: cottas-merge merging — 212,250,000 triples · 212,250,000 distinct triples written
  Partitioned compression: HG005_GRCh38_1_22_v4.2.1_benchmark: cottas-merge merging — 212,500,000 triples · 212,500,000 distinct triples written
  Partitioned compression: HG005_GRCh38_1_22_v4.2.1_benchmark: cottas-merge merging — 212,750,000 triples · 212,750,000 distinct triples written
  Partitioned compression: HG005_GRCh38_1_22_v4.2.1_benchmark: cottas-merge merging — 213,000,000 triples · 213,000,000 distinct triples written
  Partitioned compression: HG005_GRCh38_1_22_v4.2.1_benchmark: cottas-merge merging — 213,250,000 triples · 213,250,000 distinct triples written
  Partitioned compression: HG005_GRCh38_1_22_v4.2.1_benchmark: cottas-merge merging — 213,500,000 triples · 213,500,000 distinct triples written
  Partitioned compression: HG005_GRCh38_1_22_v4.2.1_benchmark: cottas-merge merging — 213,750,000 triples · 213,750,000 distinct triples written
  Partitioned compression: HG005_GRCh38_1_22_v4.2.1_benchmark: cottas-merge merging — 214,000,000 triples · 214,000,000 distinct triples written
  Partitioned compression: HG005_GRCh38_1_22_v4.2.1_benchmark: cottas-merge merging — 214,250,000 triples · 214,250,000 distinct triples written
  Partitioned compression: HG005_GRCh38_1_22_v4.2.1_benchmark: cottas-merge merging — 214,500,000 triples · 214,500,000 distinct triples written
  Partitioned compression: HG005_GRCh38_1_22_v4.2.1_benchmark: cottas-merge merging — 214,750,000 triples · 214,750,000 distinct triples written
  Partitioned compression: HG005_GRCh38_1_22_v4.2.1_benchmark: cottas-merge merging — 215,000,000 triples · 215,000,000 distinct triples written
  Partitioned compression: HG005_GRCh38_1_22_v4.2.1_benchmark: cottas-merge merging — 215,250,000 triples · 215,250,000 distinct triples written
  Partitioned compression: HG005_GRCh38_1_22_v4.2.1_benchmark: cottas-merge merging — 215,500,000 triples · 215,500,000 distinct triples written
  Partitioned compression: HG005_GRCh38_1_22_v4.2.1_benchmark: cottas-merge merging — 215,750,000 triples · 215,750,000 distinct triples written
  Partitioned compression: HG005_GRCh38_1_22_v4.2.1_benchmark: cottas-merge merging — 216,000,000 triples · 216,000,000 distinct triples written
  Partitioned compression: HG005_GRCh38_1_22_v4.2.1_benchmark: cottas-merge merging — 216,250,000 triples · 216,250,000 distinct triples written
  Partitioned compression: HG005_GRCh38_1_22_v4.2.1_benchmark: cottas-merge merging — 216,500,000 triples · 216,500,000 distinct triples written
  Partitioned compression: HG005_GRCh38_1_22_v4.2.1_benchmark: cottas-merge merging — 216,750,000 triples · 216,750,000 distinct triples written
  Partitioned compression: HG005_GRCh38_1_22_v4.2.1_benchmark: cottas-merge merging — 217,000,000 triples · 217,000,000 distinct triples written
  Partitioned compression: HG005_GRCh38_1_22_v4.2.1_benchmark: cottas-merge merging — 217,250,000 triples · 217,250,000 distinct triples written
  Partitioned compression: HG005_GRCh38_1_22_v4.2.1_benchmark: cottas-merge merging — 217,500,000 triples · 217,500,000 distinct triples written
  Partitioned compression: HG005_GRCh38_1_22_v4.2.1_benchmark: cottas-merge merging — 217,750,000 triples · 217,750,000 distinct triples written
  Partitioned compression: HG005_GRCh38_1_22_v4.2.1_benchmark: cottas-merge merging — 218,000,000 triples · 218,000,000 distinct triples written
  Partitioned compression: HG005_GRCh38_1_22_v4.2.1_benchmark: cottas-merge merging — 218,250,000 triples · 218,250,000 distinct triples written
  Partitioned compression: HG005_GRCh38_1_22_v4.2.1_benchmark: cottas-merge merging — 218,500,000 triples · 218,500,000 distinct triples written
  Partitioned compression: HG005_GRCh38_1_22_v4.2.1_benchmark: cottas-merge merging — 218,750,000 triples · 218,750,000 distinct triples written
  Partitioned compression: HG005_GRCh38_1_22_v4.2.1_benchmark: cottas-merge merging — 219,000,000 triples · 219,000,000 distinct triples written
  Partitioned compression: HG005_GRCh38_1_22_v4.2.1_benchmark: cottas-merge merging — 219,250,000 triples · 219,250,000 distinct triples written
  Partitioned compression: HG005_GRCh38_1_22_v4.2.1_benchmark: cottas-merge merging — 219,500,000 triples · 219,500,000 distinct triples written
  Partitioned compression: HG005_GRCh38_1_22_v4.2.1_benchmark: cottas-merge merging — 219,750,000 triples · 219,750,000 distinct triples written
  Partitioned compression: HG005_GRCh38_1_22_v4.2.1_benchmark: cottas-merge merging — 220,000,000 triples · 220,000,000 distinct triples written
  Partitioned compression: HG005_GRCh38_1_22_v4.2.1_benchmark: cottas-merge merging — 220,250,000 triples · 220,250,000 distinct triples written
  Partitioned compression: HG005_GRCh38_1_22_v4.2.1_benchmark: cottas-merge merging — 220,500,000 triples · 220,500,000 distinct triples written
  Partitioned compression: HG005_GRCh38_1_22_v4.2.1_benchmark: cottas-merge merging — 220,750,000 triples · 220,750,000 distinct triples written
  Partitioned compression: HG005_GRCh38_1_22_v4.2.1_benchmark: cottas-merge merging — 221,000,000 triples · 221,000,000 distinct triples written
  Partitioned compression: HG005_GRCh38_1_22_v4.2.1_benchmark: cottas-merge merging — 221,250,000 triples · 221,250,000 distinct triples written
  Partitioned compression: HG005_GRCh38_1_22_v4.2.1_benchmark: cottas-merge merging — 221,500,000 triples · 221,500,000 distinct triples written
  Partitioned compression: HG005_GRCh38_1_22_v4.2.1_benchmark: cottas-merge merging — 221,750,000 triples · 221,750,000 distinct triples written
  Partitioned compression: HG005_GRCh38_1_22_v4.2.1_benchmark: cottas-merge merging — 222,000,000 triples · 222,000,000 distinct triples written
  Partitioned compression: HG005_GRCh38_1_22_v4.2.1_benchmark: cottas-merge merging — 222,250,000 triples · 222,250,000 distinct triples written
  Partitioned compression: HG005_GRCh38_1_22_v4.2.1_benchmark: cottas-merge merging — 222,500,000 triples · 222,500,000 distinct triples written
  Partitioned compression: HG005_GRCh38_1_22_v4.2.1_benchmark: cottas-merge merging — 222,750,000 triples · 222,750,000 distinct triples written
  Partitioned compression: HG005_GRCh38_1_22_v4.2.1_benchmark: cottas-merge merging — 223,000,000 triples · 223,000,000 distinct triples written
  Partitioned compression: HG005_GRCh38_1_22_v4.2.1_benchmark: cottas-merge merging — 223,250,000 triples · 223,250,000 distinct triples written
  Partitioned compression: HG005_GRCh38_1_22_v4.2.1_benchmark: cottas-merge merging — 223,500,000 triples · 223,500,000 distinct triples written
  Partitioned compression: HG005_GRCh38_1_22_v4.2.1_benchmark: cottas-merge merging — 223,750,000 triples · 223,750,000 distinct triples written
  Partitioned compression: HG005_GRCh38_1_22_v4.2.1_benchmark: cottas-merge merging — 224,000,000 triples · 224,000,000 distinct triples written
  Partitioned compression: HG005_GRCh38_1_22_v4.2.1_benchmark: cottas-merge merging — 224,250,000 triples · 224,250,000 distinct triples written
  Partitioned compression: HG005_GRCh38_1_22_v4.2.1_benchmark: cottas-merge merging — 224,500,000 triples · 224,500,000 distinct triples written
  Partitioned compression: HG005_GRCh38_1_22_v4.2.1_benchmark: cottas-merge merging — 224,750,000 triples · 224,750,000 distinct triples written
  Partitioned compression: HG005_GRCh38_1_22_v4.2.1_benchmark: cottas-merge merging — 225,000,000 triples · 225,000,000 distinct triples written
  Partitioned compression: HG005_GRCh38_1_22_v4.2.1_benchmark: cottas-merge merging — 225,250,000 triples · 225,250,000 distinct triples written
  Partitioned compression: HG005_GRCh38_1_22_v4.2.1_benchmark: cottas-merge merging — 225,500,000 triples · 225,500,000 distinct triples written
  Partitioned compression: HG005_GRCh38_1_22_v4.2.1_benchmark: cottas-merge merging — 225,750,000 triples · 225,750,000 distinct triples written
  Partitioned compression: HG005_GRCh38_1_22_v4.2.1_benchmark: cottas-merge merging — 226,000,000 triples · 226,000,000 distinct triples written
  Partitioned compression: HG005_GRCh38_1_22_v4.2.1_benchmark: cottas-merge merging — 226,250,000 triples · 226,250,000 distinct triples written
  Partitioned compression: HG005_GRCh38_1_22_v4.2.1_benchmark: cottas-merge merging — 226,500,000 triples · 226,500,000 distinct triples written
  Partitioned compression: HG005_GRCh38_1_22_v4.2.1_benchmark: cottas-merge merging — 226,750,000 triples · 226,750,000 distinct triples written
  Partitioned compression: HG005_GRCh38_1_22_v4.2.1_benchmark: cottas-merge merging — 227,000,000 triples · 227,000,000 distinct triples written
  Partitioned compression: HG005_GRCh38_1_22_v4.2.1_benchmark: cottas-merge merging — 227,250,000 triples · 227,250,000 distinct triples written
  Partitioned compression: HG005_GRCh38_1_22_v4.2.1_benchmark: cottas-merge merging — 227,500,000 triples · 227,500,000 distinct triples written
  Partitioned compression: HG005_GRCh38_1_22_v4.2.1_benchmark: cottas-merge merging — 227,750,000 triples · 227,750,000 distinct triples written
  Partitioned compression: HG005_GRCh38_1_22_v4.2.1_benchmark: cottas-merge merging — 228,000,000 triples · 228,000,000 distinct triples written
  Partitioned compression: HG005_GRCh38_1_22_v4.2.1_benchmark: cottas-merge merging — 228,250,000 triples · 228,250,000 distinct triples written
  Partitioned compression: HG005_GRCh38_1_22_v4.2.1_benchmark: cottas-merge merging — 228,500,000 triples · 228,500,000 distinct triples written
  Partitioned compression: HG005_GRCh38_1_22_v4.2.1_benchmark: cottas-merge merging — 228,750,000 triples · 228,750,000 distinct triples written
  Partitioned compression: HG005_GRCh38_1_22_v4.2.1_benchmark: cottas-merge merging — 229,000,000 triples · 229,000,000 distinct triples written
  Partitioned compression: HG005_GRCh38_1_22_v4.2.1_benchmark: cottas-merge merging — 229,250,000 triples · 229,250,000 distinct triples written
  Partitioned compression: HG005_GRCh38_1_22_v4.2.1_benchmark: cottas-merge merging — 229,500,000 triples · 229,500,000 distinct triples written
  Partitioned compression: HG005_GRCh38_1_22_v4.2.1_benchmark: cottas-merge merging — 229,750,000 triples · 229,750,000 distinct triples written
  Partitioned compression: HG005_GRCh38_1_22_v4.2.1_benchmark: cottas-merge merging — 230,000,000 triples · 230,000,000 distinct triples written
  Partitioned compression: HG005_GRCh38_1_22_v4.2.1_benchmark: cottas-merge merging — 230,250,000 triples · 230,250,000 distinct triples written
  Partitioned compression: HG005_GRCh38_1_22_v4.2.1_benchmark: cottas-merge merging — 230,500,000 triples · 230,500,000 distinct triples written
  Partitioned compression: HG005_GRCh38_1_22_v4.2.1_benchmark: cottas-merge merging — 230,750,000 triples · 230,750,000 distinct triples written
  Partitioned compression: HG005_GRCh38_1_22_v4.2.1_benchmark: cottas-merge merging — 231,000,000 triples · 231,000,000 distinct triples written
  Partitioned compression: HG005_GRCh38_1_22_v4.2.1_benchmark: cottas-merge merging — 231,250,000 triples · 231,250,000 distinct triples written
  Partitioned compression: HG005_GRCh38_1_22_v4.2.1_benchmark: cottas-merge merging — 231,500,000 triples · 231,500,000 distinct triples written
  Partitioned compression: HG005_GRCh38_1_22_v4.2.1_benchmark: cottas-merge merging — 231,750,000 triples · 231,750,000 distinct triples written
  Partitioned compression: HG005_GRCh38_1_22_v4.2.1_benchmark: cottas-merge merging — 232,000,000 triples · 232,000,000 distinct triples written
  Partitioned compression: HG005_GRCh38_1_22_v4.2.1_benchmark: cottas-merge merging — 232,250,000 triples · 232,250,000 distinct triples written
  Partitioned compression: HG005_GRCh38_1_22_v4.2.1_benchmark: cottas-merge merging — 232,500,000 triples · 232,500,000 distinct triples written
  Partitioned compression: HG005_GRCh38_1_22_v4.2.1_benchmark: cottas-merge merging — 232,750,000 triples · 232,750,000 distinct triples written
  Partitioned compression: HG005_GRCh38_1_22_v4.2.1_benchmark: cottas-merge merging — 233,000,000 triples · 233,000,000 distinct triples written
  Partitioned compression: HG005_GRCh38_1_22_v4.2.1_benchmark: cottas-merge merging — 233,250,000 triples · 233,250,000 distinct triples written
  Partitioned compression: HG005_GRCh38_1_22_v4.2.1_benchmark: cottas-merge merging — 233,500,000 triples · 233,500,000 distinct triples written
  Partitioned compression: HG005_GRCh38_1_22_v4.2.1_benchmark: cottas-merge merging — 233,750,000 triples · 233,750,000 distinct triples written
  Partitioned compression: HG005_GRCh38_1_22_v4.2.1_benchmark: cottas-merge merging — 234,000,000 triples · 234,000,000 distinct triples written
  Partitioned compression: HG005_GRCh38_1_22_v4.2.1_benchmark: cottas-merge merging — 234,250,000 triples · 234,250,000 distinct triples written
  Partitioned compression: HG005_GRCh38_1_22_v4.2.1_benchmark: cottas-merge merging — 234,500,000 triples · 234,500,000 distinct triples written
  Partitioned compression: HG005_GRCh38_1_22_v4.2.1_benchmark: cottas-merge merging — 234,750,000 triples · 234,750,000 distinct triples written
  Partitioned compression: HG005_GRCh38_1_22_v4.2.1_benchmark: cottas-merge merging — 235,000,000 triples · 235,000,000 distinct triples written
  Partitioned compression: HG005_GRCh38_1_22_v4.2.1_benchmark: cottas-merge merging — 235,250,000 triples · 235,250,000 distinct triples written
  Partitioned compression: HG005_GRCh38_1_22_v4.2.1_benchmark: cottas-merge merging — 235,500,000 triples · 235,500,000 distinct triples written
  Partitioned compression: HG005_GRCh38_1_22_v4.2.1_benchmark: cottas-merge merging — 235,750,000 triples · 235,750,000 distinct triples written
  Partitioned compression: HG005_GRCh38_1_22_v4.2.1_benchmark: cottas-merge merging — 236,000,000 triples · 236,000,000 distinct triples written
  Partitioned compression: HG005_GRCh38_1_22_v4.2.1_benchmark: cottas-merge merging — 236,250,000 triples · 236,250,000 distinct triples written
  Partitioned compression: HG005_GRCh38_1_22_v4.2.1_benchmark: cottas-merge merging — 236,500,000 triples · 236,500,000 distinct triples written
  Partitioned compression: HG005_GRCh38_1_22_v4.2.1_benchmark: cottas-merge merging — 236,750,000 triples · 236,750,000 distinct triples written
  Partitioned compression: HG005_GRCh38_1_22_v4.2.1_benchmark: cottas-merge merging — 237,000,000 triples · 237,000,000 distinct triples written
  Partitioned compression: HG005_GRCh38_1_22_v4.2.1_benchmark: cottas-merge merging — 237,250,000 triples · 237,250,000 distinct triples written
  Partitioned compression: HG005_GRCh38_1_22_v4.2.1_benchmark: cottas-merge merging — 237,500,000 triples · 237,500,000 distinct triples written
  Partitioned compression: HG005_GRCh38_1_22_v4.2.1_benchmark: cottas-merge merging — 237,750,000 triples · 237,750,000 distinct triples written
  Partitioned compression: HG005_GRCh38_1_22_v4.2.1_benchmark: cottas-merge merging — 238,000,000 triples · 238,000,000 distinct triples written
  Partitioned compression: HG005_GRCh38_1_22_v4.2.1_benchmark: cottas-merge merging — 238,250,000 triples · 238,250,000 distinct triples written
  Partitioned compression: HG005_GRCh38_1_22_v4.2.1_benchmark: cottas-merge merging — 238,500,000 triples · 238,500,000 distinct triples written
  Partitioned compression: HG005_GRCh38_1_22_v4.2.1_benchmark: cottas-merge merging — 238,750,000 triples · 238,750,000 distinct triples written
  Partitioned compression: HG005_GRCh38_1_22_v4.2.1_benchmark: cottas-merge merging — 239,000,000 triples · 239,000,000 distinct triples written
  Partitioned compression: HG005_GRCh38_1_22_v4.2.1_benchmark: cottas-merge merging — 239,250,000 triples · 239,250,000 distinct triples written
  Partitioned compression: HG005_GRCh38_1_22_v4.2.1_benchmark: cottas-merge merging — 239,500,000 triples · 239,500,000 distinct triples written
  Partitioned compression: HG005_GRCh38_1_22_v4.2.1_benchmark: cottas-merge merging — 239,750,000 triples · 239,750,000 distinct triples written
  Partitioned compression: HG005_GRCh38_1_22_v4.2.1_benchmark: cottas-merge merging — 240,000,000 triples · 240,000,000 distinct triples written
  Partitioned compression: HG005_GRCh38_1_22_v4.2.1_benchmark: cottas-merge merging — 240,250,000 triples · 240,250,000 distinct triples written
  Partitioned compression: HG005_GRCh38_1_22_v4.2.1_benchmark: cottas-merge merging — 240,500,000 triples · 240,500,000 distinct triples written
  Partitioned compression: HG005_GRCh38_1_22_v4.2.1_benchmark: cottas-merge merging — 240,750,000 triples · 240,750,000 distinct triples written
  Partitioned compression: HG005_GRCh38_1_22_v4.2.1_benchmark: cottas-merge merging — 241,000,000 triples · 241,000,000 distinct triples written
  Partitioned compression: HG005_GRCh38_1_22_v4.2.1_benchmark: cottas-merge merging — 241,250,000 triples · 241,250,000 distinct triples written
  Partitioned compression: HG005_GRCh38_1_22_v4.2.1_benchmark: cottas-merge merging — 241,500,000 triples · 241,500,000 distinct triples written
  Partitioned compression: HG005_GRCh38_1_22_v4.2.1_benchmark: cottas-merge merging — 241,750,000 triples · 241,750,000 distinct triples written
  Partitioned compression: HG005_GRCh38_1_22_v4.2.1_benchmark: cottas-merge merging — 242,000,000 triples · 242,000,000 distinct triples written
  Partitioned compression: HG005_GRCh38_1_22_v4.2.1_benchmark: cottas-merge merging — 242,250,000 triples · 242,250,000 distinct triples written
  Partitioned compression: HG005_GRCh38_1_22_v4.2.1_benchmark: cottas-merge merging — 242,500,000 triples · 242,500,000 distinct triples written
  Partitioned compression: HG005_GRCh38_1_22_v4.2.1_benchmark: cottas-merge merging — 242,750,000 triples · 242,750,000 distinct triples written
  Partitioned compression: HG005_GRCh38_1_22_v4.2.1_benchmark: cottas-merge merging — 243,000,000 triples · 243,000,000 distinct triples written
  Partitioned compression: HG005_GRCh38_1_22_v4.2.1_benchmark: cottas-merge merging — 243,250,000 triples · 243,250,000 distinct triples written
  Partitioned compression: HG005_GRCh38_1_22_v4.2.1_benchmark: cottas-merge merging — 243,500,000 triples · 243,500,000 distinct triples written
  Partitioned compression: HG005_GRCh38_1_22_v4.2.1_benchmark: cottas-merge merging — 243,750,000 triples · 243,750,000 distinct triples written
  Partitioned compression: HG005_GRCh38_1_22_v4.2.1_benchmark: cottas-merge merging — 244,000,000 triples · 244,000,000 distinct triples written
  Partitioned compression: HG005_GRCh38_1_22_v4.2.1_benchmark: cottas-merge merging — 244,250,000 triples · 244,250,000 distinct triples written
  Partitioned compression: HG005_GRCh38_1_22_v4.2.1_benchmark: cottas-merge merging — 244,500,000 triples · 244,500,000 distinct triples written
  Partitioned compression: HG005_GRCh38_1_22_v4.2.1_benchmark: cottas-merge merging — 244,750,000 triples · 244,750,000 distinct triples written
  Partitioned compression: HG005_GRCh38_1_22_v4.2.1_benchmark: cottas-merge merging — 245,000,000 triples · 245,000,000 distinct triples written
  Partitioned compression: HG005_GRCh38_1_22_v4.2.1_benchmark: cottas-merge merging — 245,250,000 triples · 245,250,000 distinct triples written
  Partitioned compression: HG005_GRCh38_1_22_v4.2.1_benchmark: cottas-merge merging — 245,500,000 triples · 245,500,000 distinct triples written
  Partitioned compression: HG005_GRCh38_1_22_v4.2.1_benchmark: cottas-merge merging — 245,750,000 triples · 245,750,000 distinct triples written
  Partitioned compression: HG005_GRCh38_1_22_v4.2.1_benchmark: cottas-merge merging — 246,000,000 triples · 246,000,000 distinct triples written
  Partitioned compression: HG005_GRCh38_1_22_v4.2.1_benchmark: cottas-merge merging — 246,250,000 triples · 246,250,000 distinct triples written
  Partitioned compression: HG005_GRCh38_1_22_v4.2.1_benchmark: cottas-merge merging — 246,500,000 triples · 246,500,000 distinct triples written
  Partitioned compression: HG005_GRCh38_1_22_v4.2.1_benchmark: cottas-merge merging — 246,750,000 triples · 246,750,000 distinct triples written
  Partitioned compression: HG005_GRCh38_1_22_v4.2.1_benchmark: cottas-merge merging — 247,000,000 triples · 247,000,000 distinct triples written
  Partitioned compression: HG005_GRCh38_1_22_v4.2.1_benchmark: cottas-merge merging — 247,250,000 triples · 247,250,000 distinct triples written
  Partitioned compression: HG005_GRCh38_1_22_v4.2.1_benchmark: cottas-merge merging — 247,500,000 triples · 247,500,000 distinct triples written
  Partitioned compression: HG005_GRCh38_1_22_v4.2.1_benchmark: cottas-merge merging — 247,750,000 triples · 247,750,000 distinct triples written
  Partitioned compression: HG005_GRCh38_1_22_v4.2.1_benchmark: cottas-merge merging — 248,000,000 triples · 248,000,000 distinct triples written
  Partitioned compression: HG005_GRCh38_1_22_v4.2.1_benchmark: cottas-merge merging — 248,250,000 triples · 248,250,000 distinct triples written
  Partitioned compression: HG005_GRCh38_1_22_v4.2.1_benchmark: cottas-merge merging — 248,500,000 triples · 248,500,000 distinct triples written
  Partitioned compression: HG005_GRCh38_1_22_v4.2.1_benchmark: cottas-merge merging — 248,750,000 triples · 248,750,000 distinct triples written
  Partitioned compression: HG005_GRCh38_1_22_v4.2.1_benchmark: cottas-merge merging — 249,000,000 triples · 249,000,000 distinct triples written
  Partitioned compression: HG005_GRCh38_1_22_v4.2.1_benchmark: cottas-merge merging — 249,250,000 triples · 249,250,000 distinct triples written
  Partitioned compression: HG005_GRCh38_1_22_v4.2.1_benchmark: cottas-merge merging — 249,500,000 triples · 249,500,000 distinct triples written
  Partitioned compression: HG005_GRCh38_1_22_v4.2.1_benchmark: cottas-merge merging — 249,750,000 triples · 249,750,000 distinct triples written
  Partitioned compression: HG005_GRCh38_1_22_v4.2.1_benchmark: cottas-merge merging — 250,000,000 triples · 250,000,000 distinct triples written
  Partitioned compression: HG005_GRCh38_1_22_v4.2.1_benchmark: cottas-merge merging — 250,250,000 triples · 250,250,000 distinct triples written
  Partitioned compression: HG005_GRCh38_1_22_v4.2.1_benchmark: cottas-merge merging — 250,500,000 triples · 250,500,000 distinct triples written
  Partitioned compression: HG005_GRCh38_1_22_v4.2.1_benchmark: cottas-merge merging — 250,750,000 triples · 250,750,000 distinct triples written
  Partitioned compression: HG005_GRCh38_1_22_v4.2.1_benchmark: cottas-merge merging — 251,000,000 triples · 251,000,000 distinct triples written
  Partitioned compression: HG005_GRCh38_1_22_v4.2.1_benchmark: cottas-merge merging — 251,250,000 triples · 251,250,000 distinct triples written
  Partitioned compression: HG005_GRCh38_1_22_v4.2.1_benchmark: cottas-merge merging — 251,500,000 triples · 251,500,000 distinct triples written
  Partitioned compression: HG005_GRCh38_1_22_v4.2.1_benchmark: cottas-merge merging — 251,750,000 triples · 251,750,000 distinct triples written
  Partitioned compression: HG005_GRCh38_1_22_v4.2.1_benchmark: cottas-merge merging — 252,000,000 triples · 252,000,000 distinct triples written
  Partitioned compression: HG005_GRCh38_1_22_v4.2.1_benchmark: cottas-merge merging — 252,250,000 triples · 252,250,000 distinct triples written
  Partitioned compression: HG005_GRCh38_1_22_v4.2.1_benchmark: cottas-merge merging — 252,500,000 triples · 252,500,000 distinct triples written
  Partitioned compression: HG005_GRCh38_1_22_v4.2.1_benchmark: cottas-merge merging — 252,750,000 triples · 252,750,000 distinct triples written
  Partitioned compression: HG005_GRCh38_1_22_v4.2.1_benchmark: cottas-merge merging — 253,000,000 triples · 253,000,000 distinct triples written
  Partitioned compression: HG005_GRCh38_1_22_v4.2.1_benchmark: cottas-merge merging — 253,250,000 triples · 253,250,000 distinct triples written
  Partitioned compression: HG005_GRCh38_1_22_v4.2.1_benchmark: cottas-merge merging — 253,500,000 triples · 253,500,000 distinct triples written
  Partitioned compression: HG005_GRCh38_1_22_v4.2.1_benchmark: cottas-merge merging — 253,750,000 triples · 253,750,000 distinct triples written
  Partitioned compression: HG005_GRCh38_1_22_v4.2.1_benchmark: cottas-merge merging — 254,000,000 triples · 254,000,000 distinct triples written
  Partitioned compression: HG005_GRCh38_1_22_v4.2.1_benchmark: cottas-merge merging — 254,250,000 triples · 254,250,000 distinct triples written
  Partitioned compression: HG005_GRCh38_1_22_v4.2.1_benchmark: cottas-merge merging — 254,500,000 triples · 254,500,000 distinct triples written
  Partitioned compression: HG005_GRCh38_1_22_v4.2.1_benchmark: cottas-merge merging — 254,750,000 triples · 254,750,000 distinct triples written
  Partitioned compression: HG005_GRCh38_1_22_v4.2.1_benchmark: cottas-merge merging — 255,000,000 triples · 255,000,000 distinct triples written
  Partitioned compression: HG005_GRCh38_1_22_v4.2.1_benchmark: cottas-merge merging — 255,250,000 triples · 255,250,000 distinct triples written
  Partitioned compression: HG005_GRCh38_1_22_v4.2.1_benchmark: cottas-merge merging — 255,500,000 triples · 255,500,000 distinct triples written
  Partitioned compression: HG005_GRCh38_1_22_v4.2.1_benchmark: cottas-merge merging — 255,750,000 triples · 255,750,000 distinct triples written
  Partitioned compression: HG005_GRCh38_1_22_v4.2.1_benchmark: cottas-merge merging — 256,000,000 triples · 256,000,000 distinct triples written
  Partitioned compression: HG005_GRCh38_1_22_v4.2.1_benchmark: cottas-merge merging — 256,250,000 triples · 256,250,000 distinct triples written
  Partitioned compression: HG005_GRCh38_1_22_v4.2.1_benchmark: cottas-merge merging — 256,500,000 triples · 256,500,000 distinct triples written
  Partitioned compression: HG005_GRCh38_1_22_v4.2.1_benchmark: cottas-merge merging — 256,750,000 triples · 256,750,000 distinct triples written
  Partitioned compression: HG005_GRCh38_1_22_v4.2.1_benchmark: cottas-merge merging — 257,000,000 triples · 257,000,000 distinct triples written
  Partitioned compression: HG005_GRCh38_1_22_v4.2.1_benchmark: cottas-merge merging — 257,250,000 triples · 257,250,000 distinct triples written
  Partitioned compression: HG005_GRCh38_1_22_v4.2.1_benchmark: cottas-merge merging — 257,500,000 triples · 257,500,000 distinct triples written
  Partitioned compression: HG005_GRCh38_1_22_v4.2.1_benchmark: cottas-merge merging — 257,750,000 triples · 257,750,000 distinct triples written
  Partitioned compression: HG005_GRCh38_1_22_v4.2.1_benchmark: cottas-merge merging — 258,000,000 triples · 258,000,000 distinct triples written
  Partitioned compression: HG005_GRCh38_1_22_v4.2.1_benchmark: cottas-merge merging — 258,250,000 triples · 258,250,000 distinct triples written
  Partitioned compression: HG005_GRCh38_1_22_v4.2.1_benchmark: cottas-merge merging — 258,500,000 triples · 258,500,000 distinct triples written
  Partitioned compression: HG005_GRCh38_1_22_v4.2.1_benchmark: cottas-merge merging — 258,750,000 triples · 258,750,000 distinct triples written
  Partitioned compression: HG005_GRCh38_1_22_v4.2.1_benchmark: cottas-merge merging — 259,000,000 triples · 259,000,000 distinct triples written
  Partitioned compression: HG005_GRCh38_1_22_v4.2.1_benchmark: cottas-merge merging — 259,250,000 triples · 259,250,000 distinct triples written
  Partitioned compression: HG005_GRCh38_1_22_v4.2.1_benchmark: cottas-merge merging — 259,500,000 triples · 259,500,000 distinct triples written
  Partitioned compression: HG005_GRCh38_1_22_v4.2.1_benchmark: cottas-merge merging — 259,750,000 triples · 259,750,000 distinct triples written
  Partitioned compression: HG005_GRCh38_1_22_v4.2.1_benchmark: cottas-merge merging — 260,000,000 triples · 260,000,000 distinct triples written
  Partitioned compression: HG005_GRCh38_1_22_v4.2.1_benchmark: cottas-merge merging — 260,250,000 triples · 260,250,000 distinct triples written
  Partitioned compression: HG005_GRCh38_1_22_v4.2.1_benchmark: cottas-merge merging — 260,500,000 triples · 260,500,000 distinct triples written
  Partitioned compression: HG005_GRCh38_1_22_v4.2.1_benchmark: cottas-merge merging — 260,750,000 triples · 260,750,000 distinct triples written
  Partitioned compression: HG005_GRCh38_1_22_v4.2.1_benchmark: cottas-merge merging — 261,000,000 triples · 261,000,000 distinct triples written
  Partitioned compression: HG005_GRCh38_1_22_v4.2.1_benchmark: cottas-merge merging — 261,250,000 triples · 261,250,000 distinct triples written
  Partitioned compression: HG005_GRCh38_1_22_v4.2.1_benchmark: cottas-merge merging — 261,500,000 triples · 261,500,000 distinct triples written
  Partitioned compression: HG005_GRCh38_1_22_v4.2.1_benchmark: cottas-merge merging — 261,750,000 triples · 261,750,000 distinct triples written
  Partitioned compression: HG005_GRCh38_1_22_v4.2.1_benchmark: cottas-merge merging — 262,000,000 triples · 262,000,000 distinct triples written
  Partitioned compression: HG005_GRCh38_1_22_v4.2.1_benchmark: cottas-merge merging — 262,250,000 triples · 262,250,000 distinct triples written
  Partitioned compression: HG005_GRCh38_1_22_v4.2.1_benchmark: cottas-merge merging — 262,500,000 triples · 262,500,000 distinct triples written
  Partitioned compression: HG005_GRCh38_1_22_v4.2.1_benchmark: cottas-merge merging — 262,750,000 triples · 262,750,000 distinct triples written
  Partitioned compression: HG005_GRCh38_1_22_v4.2.1_benchmark: cottas-merge merging — 263,000,000 triples · 263,000,000 distinct triples written
  Partitioned compression: HG005_GRCh38_1_22_v4.2.1_benchmark: cottas-merge merging — 263,250,000 triples · 263,250,000 distinct triples written
  Partitioned compression: HG005_GRCh38_1_22_v4.2.1_benchmark: cottas-merge merging — 263,500,000 triples · 263,500,000 distinct triples written
  Partitioned compression: HG005_GRCh38_1_22_v4.2.1_benchmark: cottas-merge merging — 263,750,000 triples · 263,750,000 distinct triples written
  Partitioned compression: HG005_GRCh38_1_22_v4.2.1_benchmark: cottas-merge merging — 264,000,000 triples · 264,000,000 distinct triples written
  Partitioned compression: HG005_GRCh38_1_22_v4.2.1_benchmark: cottas-merge merging — 264,250,000 triples · 264,250,000 distinct triples written
  Partitioned compression: HG005_GRCh38_1_22_v4.2.1_benchmark: cottas-merge merging — 264,500,000 triples · 264,500,000 distinct triples written
  Partitioned compression: HG005_GRCh38_1_22_v4.2.1_benchmark: cottas-merge merging — 264,750,000 triples · 264,750,000 distinct triples written
  Partitioned compression: HG005_GRCh38_1_22_v4.2.1_benchmark: cottas-merge merging — 265,000,000 triples · 265,000,000 distinct triples written
  Partitioned compression: HG005_GRCh38_1_22_v4.2.1_benchmark: cottas-merge merging — 265,250,000 triples · 265,250,000 distinct triples written
  Partitioned compression: HG005_GRCh38_1_22_v4.2.1_benchmark: cottas-merge merging — 265,500,000 triples · 265,500,000 distinct triples written
  Partitioned compression: HG005_GRCh38_1_22_v4.2.1_benchmark: cottas-merge merging — 265,750,000 triples · 265,750,000 distinct triples written
  Partitioned compression: HG005_GRCh38_1_22_v4.2.1_benchmark: cottas-merge merging — 266,000,000 triples · 266,000,000 distinct triples written
  Partitioned compression: HG005_GRCh38_1_22_v4.2.1_benchmark: cottas-merge merging — 266,250,000 triples · 266,250,000 distinct triples written
  Partitioned compression: HG005_GRCh38_1_22_v4.2.1_benchmark: cottas-merge merging — 266,500,000 triples · 266,500,000 distinct triples written
  Partitioned compression: HG005_GRCh38_1_22_v4.2.1_benchmark: cottas-merge merging — 266,750,000 triples · 266,750,000 distinct triples written
  Partitioned compression: HG005_GRCh38_1_22_v4.2.1_benchmark: cottas-merge merging — 267,000,000 triples · 267,000,000 distinct triples written
  Partitioned compression: HG005_GRCh38_1_22_v4.2.1_benchmark: cottas-merge merging — 267,250,000 triples · 267,250,000 distinct triples written
  Partitioned compression: HG005_GRCh38_1_22_v4.2.1_benchmark: cottas-merge merging — 267,500,000 triples · 267,500,000 distinct triples written
  Partitioned compression: HG005_GRCh38_1_22_v4.2.1_benchmark: cottas-merge merging — 267,750,000 triples · 267,750,000 distinct triples written
  Partitioned compression: HG005_GRCh38_1_22_v4.2.1_benchmark: cottas-merge merging — 268,000,000 triples · 268,000,000 distinct triples written
  Partitioned compression: HG005_GRCh38_1_22_v4.2.1_benchmark: cottas-merge merging — 268,250,000 triples · 268,250,000 distinct triples written
  Partitioned compression: HG005_GRCh38_1_22_v4.2.1_benchmark: cottas-merge merging — 268,500,000 triples · 268,500,000 distinct triples written
  Partitioned compression: HG005_GRCh38_1_22_v4.2.1_benchmark: cottas-merge merging — 268,750,000 triples · 268,750,000 distinct triples written
  Partitioned compression: HG005_GRCh38_1_22_v4.2.1_benchmark: cottas-merge merging — 269,000,000 triples · 269,000,000 distinct triples written
  Partitioned compression: HG005_GRCh38_1_22_v4.2.1_benchmark: cottas-merge merging — 269,250,000 triples · 269,250,000 distinct triples written
  Partitioned compression: HG005_GRCh38_1_22_v4.2.1_benchmark: cottas-merge merging — 269,500,000 triples · 269,500,000 distinct triples written
  Partitioned compression: HG005_GRCh38_1_22_v4.2.1_benchmark: cottas-merge merging — 269,750,000 triples · 269,750,000 distinct triples written
  Partitioned compression: HG005_GRCh38_1_22_v4.2.1_benchmark: cottas-merge merging — 270,000,000 triples · 270,000,000 distinct triples written
  Partitioned compression: HG005_GRCh38_1_22_v4.2.1_benchmark: cottas-merge merging — 270,250,000 triples · 270,250,000 distinct triples written
  Partitioned compression: HG005_GRCh38_1_22_v4.2.1_benchmark: cottas-merge merging — 270,500,000 triples · 270,500,000 distinct triples written
  Partitioned compression: HG005_GRCh38_1_22_v4.2.1_benchmark: cottas-merge merging — 270,750,000 triples · 270,750,000 distinct triples written
  Partitioned compression: HG005_GRCh38_1_22_v4.2.1_benchmark: cottas-merge merging — 271,000,000 triples · 271,000,000 distinct triples written
  Partitioned compression: HG005_GRCh38_1_22_v4.2.1_benchmark: cottas-merge merging — 271,250,000 triples · 271,250,000 distinct triples written
  Partitioned compression: HG005_GRCh38_1_22_v4.2.1_benchmark: cottas-merge merging — 271,500,000 triples · 271,500,000 distinct triples written
  Partitioned compression: HG005_GRCh38_1_22_v4.2.1_benchmark: cottas-merge merging — 271,750,000 triples · 271,750,000 distinct triples written
  Partitioned compression: HG005_GRCh38_1_22_v4.2.1_benchmark: cottas-merge merging — 272,000,000 triples · 272,000,000 distinct triples written
  Partitioned compression: HG005_GRCh38_1_22_v4.2.1_benchmark: cottas-merge merging — 272,250,000 triples · 272,250,000 distinct triples written
  Partitioned compression: HG005_GRCh38_1_22_v4.2.1_benchmark: cottas-merge merging — 272,500,000 triples · 272,500,000 distinct triples written
  Partitioned compression: HG005_GRCh38_1_22_v4.2.1_benchmark: cottas-merge merging — 272,750,000 triples · 272,750,000 distinct triples written
  Partitioned compression: HG005_GRCh38_1_22_v4.2.1_benchmark: cottas-merge merging — 273,000,000 triples · 273,000,000 distinct triples written
  Partitioned compression: HG005_GRCh38_1_22_v4.2.1_benchmark: cottas-merge merging — 273,250,000 triples · 273,250,000 distinct triples written
  Partitioned compression: HG005_GRCh38_1_22_v4.2.1_benchmark: cottas-merge merging — 273,500,000 triples · 273,500,000 distinct triples written
  Partitioned compression: HG005_GRCh38_1_22_v4.2.1_benchmark: cottas-merge merging — 273,750,000 triples · 273,750,000 distinct triples written
  Partitioned compression: HG005_GRCh38_1_22_v4.2.1_benchmark: cottas-merge merging — 274,000,000 triples · 274,000,000 distinct triples written
  Partitioned compression: HG005_GRCh38_1_22_v4.2.1_benchmark: cottas-merge merging — 274,250,000 triples · 274,250,000 distinct triples written
  Partitioned compression: HG005_GRCh38_1_22_v4.2.1_benchmark: cottas-merge merging — 274,500,000 triples · 274,500,000 distinct triples written
  Partitioned compression: HG005_GRCh38_1_22_v4.2.1_benchmark: cottas-merge merging — 274,750,000 triples · 274,750,000 distinct triples written
  Partitioned compression: HG005_GRCh38_1_22_v4.2.1_benchmark: cottas-merge merging — 275,000,000 triples · 275,000,000 distinct triples written
  Partitioned compression: HG005_GRCh38_1_22_v4.2.1_benchmark: cottas-merge merging — 275,250,000 triples · 275,250,000 distinct triples written
  Partitioned compression: HG005_GRCh38_1_22_v4.2.1_benchmark: cottas-merge merging — 275,500,000 triples · 275,500,000 distinct triples written
  Partitioned compression: HG005_GRCh38_1_22_v4.2.1_benchmark: cottas-merge merging — 275,750,000 triples · 275,750,000 distinct triples written
  Partitioned compression: HG005_GRCh38_1_22_v4.2.1_benchmark: cottas-merge merging — 276,000,000 triples · 276,000,000 distinct triples written
  Partitioned compression: HG005_GRCh38_1_22_v4.2.1_benchmark: cottas-merge merging — 276,250,000 triples · 276,250,000 distinct triples written
  Partitioned compression: HG005_GRCh38_1_22_v4.2.1_benchmark: cottas-merge merging — 276,500,000 triples · 276,500,000 distinct triples written
  Partitioned compression: HG005_GRCh38_1_22_v4.2.1_benchmark: cottas-merge merging — 276,750,000 triples · 276,750,000 distinct triples written
  Partitioned compression: HG005_GRCh38_1_22_v4.2.1_benchmark: cottas-merge merging — 277,000,000 triples · 277,000,000 distinct triples written
  Partitioned compression: HG005_GRCh38_1_22_v4.2.1_benchmark: cottas-merge merging — 277,250,000 triples · 277,250,000 distinct triples written
  Partitioned compression: HG005_GRCh38_1_22_v4.2.1_benchmark: cottas-merge merging — 277,500,000 triples · 277,500,000 distinct triples written
  Partitioned compression: HG005_GRCh38_1_22_v4.2.1_benchmark: cottas-merge merging — 277,750,000 triples · 277,750,000 distinct triples written
  Partitioned compression: HG005_GRCh38_1_22_v4.2.1_benchmark: cottas-merge merging — 278,000,000 triples · 278,000,000 distinct triples written
  Partitioned compression: HG005_GRCh38_1_22_v4.2.1_benchmark: cottas-merge merging — 278,250,000 triples · 278,250,000 distinct triples written
  Partitioned compression: HG005_GRCh38_1_22_v4.2.1_benchmark: cottas-merge merging — 278,500,000 triples · 278,500,000 distinct triples written
  Partitioned compression: HG005_GRCh38_1_22_v4.2.1_benchmark: cottas-merge merging — 278,750,000 triples · 278,750,000 distinct triples written
  Partitioned compression: HG005_GRCh38_1_22_v4.2.1_benchmark: cottas-merge merging — 279,000,000 triples · 279,000,000 distinct triples written
  Partitioned compression: HG005_GRCh38_1_22_v4.2.1_benchmark: cottas-merge merging — 279,250,000 triples · 279,250,000 distinct triples written
  Partitioned compression: HG005_GRCh38_1_22_v4.2.1_benchmark: cottas-merge merging — 279,500,000 triples · 279,500,000 distinct triples written
  Partitioned compression: HG005_GRCh38_1_22_v4.2.1_benchmark: cottas-merge merging — 279,750,000 triples · 279,750,000 distinct triples written
  Partitioned compression: HG005_GRCh38_1_22_v4.2.1_benchmark: cottas-merge merging — 280,000,000 triples · 280,000,000 distinct triples written
  Partitioned compression: HG005_GRCh38_1_22_v4.2.1_benchmark: cottas-merge merging — 280,250,000 triples · 280,250,000 distinct triples written
  Partitioned compression: HG005_GRCh38_1_22_v4.2.1_benchmark: cottas-merge merging — 280,500,000 triples · 280,500,000 distinct triples written
  Partitioned compression: HG005_GRCh38_1_22_v4.2.1_benchmark: cottas-merge merging — 280,750,000 triples · 280,750,000 distinct triples written
  Partitioned compression: HG005_GRCh38_1_22_v4.2.1_benchmark: cottas-merge merging — 281,000,000 triples · 281,000,000 distinct triples written
  Partitioned compression: HG005_GRCh38_1_22_v4.2.1_benchmark: cottas-merge merging — 281,250,000 triples · 281,250,000 distinct triples written
  Partitioned compression: HG005_GRCh38_1_22_v4.2.1_benchmark: cottas-merge merging — 281,500,000 triples · 281,500,000 distinct triples written
  Partitioned compression: HG005_GRCh38_1_22_v4.2.1_benchmark: cottas-merge merging — 281,750,000 triples · 281,750,000 distinct triples written
  Partitioned compression: HG005_GRCh38_1_22_v4.2.1_benchmark: cottas-merge merging — 282,000,000 triples · 282,000,000 distinct triples written
  Partitioned compression: HG005_GRCh38_1_22_v4.2.1_benchmark: cottas-merge merging — 282,250,000 triples · 282,250,000 distinct triples written
  Partitioned compression: HG005_GRCh38_1_22_v4.2.1_benchmark: cottas-merge merging — 282,500,000 triples · 282,500,000 distinct triples written
  Partitioned compression: HG005_GRCh38_1_22_v4.2.1_benchmark: cottas-merge merging — 282,750,000 triples · 282,750,000 distinct triples written
  Partitioned compression: HG005_GRCh38_1_22_v4.2.1_benchmark: cottas-merge merging — 283,000,000 triples · 283,000,000 distinct triples written
  Partitioned compression: HG005_GRCh38_1_22_v4.2.1_benchmark: cottas-merge merging — 283,250,000 triples · 283,250,000 distinct triples written
  Partitioned compression: HG005_GRCh38_1_22_v4.2.1_benchmark: cottas-merge merging — 283,500,000 triples · 283,500,000 distinct triples written
  Partitioned compression: HG005_GRCh38_1_22_v4.2.1_benchmark: cottas-merge merging — 283,750,000 triples · 283,750,000 distinct triples written
  Partitioned compression: HG005_GRCh38_1_22_v4.2.1_benchmark: cottas-merge merging — 284,000,000 triples · 284,000,000 distinct triples written
  Partitioned compression: HG005_GRCh38_1_22_v4.2.1_benchmark: cottas-merge merging — 284,250,000 triples · 284,250,000 distinct triples written
  Partitioned compression: HG005_GRCh38_1_22_v4.2.1_benchmark: cottas-merge merging — 284,500,000 triples · 284,500,000 distinct triples written
  Partitioned compression: HG005_GRCh38_1_22_v4.2.1_benchmark: cottas-merge merging — 284,750,000 triples · 284,750,000 distinct triples written
  Partitioned compression: HG005_GRCh38_1_22_v4.2.1_benchmark: cottas-merge merging — 285,000,000 triples · 285,000,000 distinct triples written
  Partitioned compression: HG005_GRCh38_1_22_v4.2.1_benchmark: cottas-merge merging — 285,250,000 triples · 285,250,000 distinct triples written
  Partitioned compression: HG005_GRCh38_1_22_v4.2.1_benchmark: cottas-merge merging — 285,500,000 triples · 285,500,000 distinct triples written
  Partitioned compression: HG005_GRCh38_1_22_v4.2.1_benchmark: cottas-merge merging — 285,750,000 triples · 285,750,000 distinct triples written
  Partitioned compression: HG005_GRCh38_1_22_v4.2.1_benchmark: cottas-merge merging — 286,000,000 triples · 286,000,000 distinct triples written
  Partitioned compression: HG005_GRCh38_1_22_v4.2.1_benchmark: cottas-merge merging — 286,250,000 triples · 286,250,000 distinct triples written
  Partitioned compression: HG005_GRCh38_1_22_v4.2.1_benchmark: cottas-merge merging — 286,500,000 triples · 286,500,000 distinct triples written
  Partitioned compression: HG005_GRCh38_1_22_v4.2.1_benchmark: cottas-merge merging — 286,750,000 triples · 286,750,000 distinct triples written
  Partitioned compression: HG005_GRCh38_1_22_v4.2.1_benchmark: cottas-merge merging — 287,000,000 triples · 287,000,000 distinct triples written
  Partitioned compression: HG005_GRCh38_1_22_v4.2.1_benchmark: cottas-merge merging — 287,250,000 triples · 287,250,000 distinct triples written
  Partitioned compression: HG005_GRCh38_1_22_v4.2.1_benchmark: cottas-merge merging — 287,500,000 triples · 287,500,000 distinct triples written
  Partitioned compression: HG005_GRCh38_1_22_v4.2.1_benchmark: cottas-merge merging — 287,750,000 triples · 287,750,000 distinct triples written
  Partitioned compression: HG005_GRCh38_1_22_v4.2.1_benchmark: cottas-merge merging — 288,000,000 triples · 288,000,000 distinct triples written
  Partitioned compression: HG005_GRCh38_1_22_v4.2.1_benchmark: cottas-merge merging — 288,250,000 triples · 288,250,000 distinct triples written
  Partitioned compression: HG005_GRCh38_1_22_v4.2.1_benchmark: cottas-merge merging — 288,500,000 triples · 288,500,000 distinct triples written
  Partitioned compression: HG005_GRCh38_1_22_v4.2.1_benchmark: cottas-merge merging — 288,750,000 triples · 288,750,000 distinct triples written
  Partitioned compression: HG005_GRCh38_1_22_v4.2.1_benchmark: cottas-merge merging — 289,000,000 triples · 289,000,000 distinct triples written
  Partitioned compression: HG005_GRCh38_1_22_v4.2.1_benchmark: cottas-merge merging — 289,250,000 triples · 289,250,000 distinct triples written
  Partitioned compression: HG005_GRCh38_1_22_v4.2.1_benchmark: cottas-merge merging — 289,500,000 triples · 289,500,000 distinct triples written
  Partitioned compression: HG005_GRCh38_1_22_v4.2.1_benchmark: cottas-merge merging — 289,750,000 triples · 289,750,000 distinct triples written
  Partitioned compression: HG005_GRCh38_1_22_v4.2.1_benchmark: cottas-merge merging — 290,000,000 triples · 290,000,000 distinct triples written
  Partitioned compression: HG005_GRCh38_1_22_v4.2.1_benchmark: cottas-merge merging — 290,250,000 triples · 290,250,000 distinct triples written
  Partitioned compression: HG005_GRCh38_1_22_v4.2.1_benchmark: cottas-merge merging — 290,500,000 triples · 290,500,000 distinct triples written
  Partitioned compression: HG005_GRCh38_1_22_v4.2.1_benchmark: cottas-merge merging — 290,750,000 triples · 290,750,000 distinct triples written
  Partitioned compression: HG005_GRCh38_1_22_v4.2.1_benchmark: cottas-merge merging — 291,000,000 triples · 291,000,000 distinct triples written
  Partitioned compression: HG005_GRCh38_1_22_v4.2.1_benchmark: cottas-merge merging — 291,250,000 triples · 291,250,000 distinct triples written
  Partitioned compression: HG005_GRCh38_1_22_v4.2.1_benchmark: cottas-merge merging — 291,500,000 triples · 291,500,000 distinct triples written
  Partitioned compression: HG005_GRCh38_1_22_v4.2.1_benchmark: cottas-merge merging — 291,750,000 triples · 291,750,000 distinct triples written
  Partitioned compression: HG005_GRCh38_1_22_v4.2.1_benchmark: cottas-merge merging — 292,000,000 triples · 292,000,000 distinct triples written
  Partitioned compression: HG005_GRCh38_1_22_v4.2.1_benchmark: cottas-merge merging — 292,250,000 triples · 292,250,000 distinct triples written
  Partitioned compression: HG005_GRCh38_1_22_v4.2.1_benchmark: cottas-merge merging — 292,500,000 triples · 292,500,000 distinct triples written
  Partitioned compression: HG005_GRCh38_1_22_v4.2.1_benchmark: cottas-merge merging — 292,750,000 triples · 292,750,000 distinct triples written
  Partitioned compression: HG005_GRCh38_1_22_v4.2.1_benchmark: cottas-merge merging — 293,000,000 triples · 293,000,000 distinct triples written
  Partitioned compression: HG005_GRCh38_1_22_v4.2.1_benchmark: cottas-merge merging — 293,250,000 triples · 293,250,000 distinct triples written
  Partitioned compression: HG005_GRCh38_1_22_v4.2.1_benchmark: cottas-merge merging — 293,500,000 triples · 293,500,000 distinct triples written
  Partitioned compression: HG005_GRCh38_1_22_v4.2.1_benchmark: cottas-merge merging — 293,750,000 triples · 293,750,000 distinct triples written
  Partitioned compression: HG005_GRCh38_1_22_v4.2.1_benchmark: cottas-merge merging — 294,000,000 triples · 294,000,000 distinct triples written
  Partitioned compression: HG005_GRCh38_1_22_v4.2.1_benchmark: cottas-merge merging — 294,250,000 triples · 294,250,000 distinct triples written
  Partitioned compression: HG005_GRCh38_1_22_v4.2.1_benchmark: cottas-merge merging — 294,500,000 triples · 294,500,000 distinct triples written
  Partitioned compression: HG005_GRCh38_1_22_v4.2.1_benchmark: cottas-merge merging — 294,750,000 triples · 294,750,000 distinct triples written
  Partitioned compression: HG005_GRCh38_1_22_v4.2.1_benchmark: cottas-merge merging — 295,000,000 triples · 295,000,000 distinct triples written
  Partitioned compression: HG005_GRCh38_1_22_v4.2.1_benchmark: cottas-merge merging — 295,250,000 triples · 295,250,000 distinct triples written
  Partitioned compression: HG005_GRCh38_1_22_v4.2.1_benchmark: cottas-merge merging — 295,500,000 triples · 295,500,000 distinct triples written
  Partitioned compression: HG005_GRCh38_1_22_v4.2.1_benchmark: cottas-merge merging — 295,750,000 triples · 295,750,000 distinct triples written
  Partitioned compression: HG005_GRCh38_1_22_v4.2.1_benchmark: cottas-merge merging — 296,000,000 triples · 296,000,000 distinct triples written
  Partitioned compression: HG005_GRCh38_1_22_v4.2.1_benchmark: cottas-merge merging — 296,250,000 triples · 296,250,000 distinct triples written
  Partitioned compression: HG005_GRCh38_1_22_v4.2.1_benchmark: cottas-merge merging — 296,500,000 triples · 296,500,000 distinct triples written
  Partitioned compression: HG005_GRCh38_1_22_v4.2.1_benchmark: cottas-merge merging — 296,750,000 triples · 296,750,000 distinct triples written
  Partitioned compression: HG005_GRCh38_1_22_v4.2.1_benchmark: cottas-merge merging — 297,000,000 triples · 297,000,000 distinct triples written
  Partitioned compression: HG005_GRCh38_1_22_v4.2.1_benchmark: cottas-merge merging — 297,250,000 triples · 297,250,000 distinct triples written
  Partitioned compression: HG005_GRCh38_1_22_v4.2.1_benchmark: cottas-merge merging — 297,500,000 triples · 297,500,000 distinct triples written
  Partitioned compression: HG005_GRCh38_1_22_v4.2.1_benchmark: cottas-merge merging — 297,750,000 triples · 297,750,000 distinct triples written
  Partitioned compression: HG005_GRCh38_1_22_v4.2.1_benchmark: cottas-merge merging — 298,000,000 triples · 298,000,000 distinct triples written
  Partitioned compression: HG005_GRCh38_1_22_v4.2.1_benchmark: cottas-merge merging — 298,250,000 triples · 298,250,000 distinct triples written
  Partitioned compression: HG005_GRCh38_1_22_v4.2.1_benchmark: cottas-merge merging — 298,500,000 triples · 298,500,000 distinct triples written
  Partitioned compression: HG005_GRCh38_1_22_v4.2.1_benchmark: cottas-merge merging — 298,750,000 triples · 298,750,000 distinct triples written
  Partitioned compression: HG005_GRCh38_1_22_v4.2.1_benchmark: cottas-merge merging — 299,000,000 triples · 299,000,000 distinct triples written
  Partitioned compression: HG005_GRCh38_1_22_v4.2.1_benchmark: cottas-merge merging — 299,250,000 triples · 299,250,000 distinct triples written
  Partitioned compression: HG005_GRCh38_1_22_v4.2.1_benchmark: cottas-merge merging — 299,500,000 triples · 299,500,000 distinct triples written
  Partitioned compression: HG005_GRCh38_1_22_v4.2.1_benchmark: cottas-merge merging — 299,750,000 triples · 299,750,000 distinct triples written
  Partitioned compression: HG005_GRCh38_1_22_v4.2.1_benchmark: cottas-merge merging — 300,000,000 triples · 300,000,000 distinct triples written
  Partitioned compression: HG005_GRCh38_1_22_v4.2.1_benchmark: cottas-merge merging — 300,250,000 triples · 300,250,000 distinct triples written
  Partitioned compression: HG005_GRCh38_1_22_v4.2.1_benchmark: cottas-merge merging — 300,500,000 triples · 300,500,000 distinct triples written
  Partitioned compression: HG005_GRCh38_1_22_v4.2.1_benchmark: cottas-merge merging — 300,750,000 triples · 300,750,000 distinct triples written
  Partitioned compression: HG005_GRCh38_1_22_v4.2.1_benchmark: cottas-merge merging — 301,000,000 triples · 301,000,000 distinct triples written
  Partitioned compression: HG005_GRCh38_1_22_v4.2.1_benchmark: cottas-merge merging — 301,250,000 triples · 301,250,000 distinct triples written
  Partitioned compression: HG005_GRCh38_1_22_v4.2.1_benchmark: cottas-merge merging — 301,500,000 triples · 301,500,000 distinct triples written
  Partitioned compression: HG005_GRCh38_1_22_v4.2.1_benchmark: cottas-merge merging — 301,750,000 triples · 301,750,000 distinct triples written
  Partitioned compression: HG005_GRCh38_1_22_v4.2.1_benchmark: cottas-merge merging — 302,000,000 triples · 302,000,000 distinct triples written
  Partitioned compression: HG005_GRCh38_1_22_v4.2.1_benchmark: cottas-merge merging — 302,250,000 triples · 302,250,000 distinct triples written
  Partitioned compression: HG005_GRCh38_1_22_v4.2.1_benchmark: cottas-merge merging — 302,500,000 triples · 302,500,000 distinct triples written
  Partitioned compression: HG005_GRCh38_1_22_v4.2.1_benchmark: cottas-merge merging — 302,750,000 triples · 302,750,000 distinct triples written
  Partitioned compression: HG005_GRCh38_1_22_v4.2.1_benchmark: cottas-merge merging — 303,000,000 triples · 303,000,000 distinct triples written
  Partitioned compression: HG005_GRCh38_1_22_v4.2.1_benchmark: cottas-merge merging — 303,250,000 triples · 303,250,000 distinct triples written
  Partitioned compression: HG005_GRCh38_1_22_v4.2.1_benchmark: cottas-merge merging — 303,500,000 triples · 303,500,000 distinct triples written
  Partitioned compression: HG005_GRCh38_1_22_v4.2.1_benchmark: cottas-merge merging — 303,750,000 triples · 303,750,000 distinct triples written
  Partitioned compression: HG005_GRCh38_1_22_v4.2.1_benchmark: cottas-merge merging — 304,000,000 triples · 304,000,000 distinct triples written
  Partitioned compression: HG005_GRCh38_1_22_v4.2.1_benchmark: cottas-merge merging — 304,250,000 triples · 304,250,000 distinct triples written
  Partitioned compression: HG005_GRCh38_1_22_v4.2.1_benchmark: cottas-merge merging — 304,500,000 triples · 304,500,000 distinct triples written
  Partitioned compression: HG005_GRCh38_1_22_v4.2.1_benchmark: cottas-merge merging — 304,750,000 triples · 304,750,000 distinct triples written
  Partitioned compression: HG005_GRCh38_1_22_v4.2.1_benchmark: cottas-merge merging — 305,000,000 triples · 305,000,000 distinct triples written
  Partitioned compression: HG005_GRCh38_1_22_v4.2.1_benchmark: cottas-merge merging — 305,250,000 triples · 305,250,000 distinct triples written
  Partitioned compression: HG005_GRCh38_1_22_v4.2.1_benchmark: cottas-merge merging — 305,500,000 triples · 305,500,000 distinct triples written
  Partitioned compression: HG005_GRCh38_1_22_v4.2.1_benchmark: cottas-merge merging — 305,750,000 triples · 305,750,000 distinct triples written
  Partitioned compression: HG005_GRCh38_1_22_v4.2.1_benchmark: cottas-merge merging — 306,000,000 triples · 306,000,000 distinct triples written
  Partitioned compression: HG005_GRCh38_1_22_v4.2.1_benchmark: cottas-merge merging — 306,250,000 triples · 306,250,000 distinct triples written
  Partitioned compression: HG005_GRCh38_1_22_v4.2.1_benchmark: cottas-merge merging — 306,500,000 triples · 306,500,000 distinct triples written
  Partitioned compression: HG005_GRCh38_1_22_v4.2.1_benchmark: cottas-merge merging — 306,750,000 triples · 306,750,000 distinct triples written
  Partitioned compression: HG005_GRCh38_1_22_v4.2.1_benchmark: cottas-merge merging — 307,000,000 triples · 307,000,000 distinct triples written
  Partitioned compression: HG005_GRCh38_1_22_v4.2.1_benchmark: cottas-merge merging — 307,250,000 triples · 307,250,000 distinct triples written
  Partitioned compression: HG005_GRCh38_1_22_v4.2.1_benchmark: cottas-merge merging — 307,500,000 triples · 307,500,000 distinct triples written
  Partitioned compression: HG005_GRCh38_1_22_v4.2.1_benchmark: cottas-merge merging — 307,750,000 triples · 307,750,000 distinct triples written
  Partitioned compression: HG005_GRCh38_1_22_v4.2.1_benchmark: cottas-merge merging — 308,000,000 triples · 308,000,000 distinct triples written
  Partitioned compression: HG005_GRCh38_1_22_v4.2.1_benchmark: cottas-merge merging — 308,250,000 triples · 308,250,000 distinct triples written
  Partitioned compression: HG005_GRCh38_1_22_v4.2.1_benchmark: cottas-merge merging — 308,500,000 triples · 308,500,000 distinct triples written
  Partitioned compression: HG005_GRCh38_1_22_v4.2.1_benchmark: cottas-merge merging — 308,750,000 triples · 308,750,000 distinct triples written
  Partitioned compression: HG005_GRCh38_1_22_v4.2.1_benchmark: cottas-merge merging — 309,000,000 triples · 309,000,000 distinct triples written
  Partitioned compression: HG005_GRCh38_1_22_v4.2.1_benchmark: cottas-merge merging — 309,250,000 triples · 309,250,000 distinct triples written
  Partitioned compression: HG005_GRCh38_1_22_v4.2.1_benchmark: cottas-merge merging — 309,500,000 triples · 309,500,000 distinct triples written
  Partitioned compression: HG005_GRCh38_1_22_v4.2.1_benchmark: cottas-merge merging — 309,750,000 triples · 309,750,000 distinct triples written
  Partitioned compression: HG005_GRCh38_1_22_v4.2.1_benchmark: cottas-merge merging — 310,000,000 triples · 310,000,000 distinct triples written
  Partitioned compression: HG005_GRCh38_1_22_v4.2.1_benchmark: cottas-merge merging — 310,250,000 triples · 310,250,000 distinct triples written
  Partitioned compression: HG005_GRCh38_1_22_v4.2.1_benchmark: cottas-merge merging — 310,500,000 triples · 310,500,000 distinct triples written
  Partitioned compression: HG005_GRCh38_1_22_v4.2.1_benchmark: cottas-merge merging — 310,750,000 triples · 310,750,000 distinct triples written
  Partitioned compression: HG005_GRCh38_1_22_v4.2.1_benchmark: cottas-merge merging — 311,000,000 triples · 311,000,000 distinct triples written
  Partitioned compression: HG005_GRCh38_1_22_v4.2.1_benchmark: cottas-merge merging — 311,250,000 triples · 311,250,000 distinct triples written
  Partitioned compression: HG005_GRCh38_1_22_v4.2.1_benchmark: cottas-merge merging — 311,500,000 triples · 311,500,000 distinct triples written
  Partitioned compression: HG005_GRCh38_1_22_v4.2.1_benchmark: cottas-merge merging — 311,750,000 triples · 311,750,000 distinct triples written
  Partitioned compression: HG005_GRCh38_1_22_v4.2.1_benchmark: cottas-merge merging — 312,000,000 triples · 312,000,000 distinct triples written
  Partitioned compression: HG005_GRCh38_1_22_v4.2.1_benchmark: cottas-merge merging — 312,250,000 triples · 312,250,000 distinct triples written
  Partitioned compression: HG005_GRCh38_1_22_v4.2.1_benchmark: cottas-merge merging — 312,500,000 triples · 312,500,000 distinct triples written
  Partitioned compression: HG005_GRCh38_1_22_v4.2.1_benchmark: cottas-merge merging — 312,750,000 triples · 312,750,000 distinct triples written
  Partitioned compression: HG005_GRCh38_1_22_v4.2.1_benchmark: cottas-merge merging — 313,000,000 triples · 313,000,000 distinct triples written
  Partitioned compression: HG005_GRCh38_1_22_v4.2.1_benchmark: cottas-merge merging — 313,250,000 triples · 313,250,000 distinct triples written
  Partitioned compression: HG005_GRCh38_1_22_v4.2.1_benchmark: cottas-merge merging — 313,500,000 triples · 313,500,000 distinct triples written
  Partitioned compression: HG005_GRCh38_1_22_v4.2.1_benchmark: cottas-merge merging — 313,750,000 triples · 313,750,000 distinct triples written
  Partitioned compression: HG005_GRCh38_1_22_v4.2.1_benchmark: cottas-merge merging — 314,000,000 triples · 314,000,000 distinct triples written
  Partitioned compression: HG005_GRCh38_1_22_v4.2.1_benchmark: cottas-merge merging — 314,250,000 triples · 314,250,000 distinct triples written
  Partitioned compression: HG005_GRCh38_1_22_v4.2.1_benchmark: cottas-merge merging — 314,500,000 triples · 314,500,000 distinct triples written
  Partitioned compression: HG005_GRCh38_1_22_v4.2.1_benchmark: cottas-merge merging — 314,750,000 triples · 314,750,000 distinct triples written
  Partitioned compression: HG005_GRCh38_1_22_v4.2.1_benchmark: cottas-merge merging — 315,000,000 triples · 315,000,000 distinct triples written
  Partitioned compression: HG005_GRCh38_1_22_v4.2.1_benchmark: cottas-merge merging — 315,250,000 triples · 315,250,000 distinct triples written
  Partitioned compression: HG005_GRCh38_1_22_v4.2.1_benchmark: cottas-merge merging — 315,500,000 triples · 315,500,000 distinct triples written
  Partitioned compression: HG005_GRCh38_1_22_v4.2.1_benchmark: cottas-merge merging — 315,750,000 triples · 315,750,000 distinct triples written
  Partitioned compression: HG005_GRCh38_1_22_v4.2.1_benchmark: cottas-merge merging — 316,000,000 triples · 316,000,000 distinct triples written
  Partitioned compression: HG005_GRCh38_1_22_v4.2.1_benchmark: cottas-merge merging — 316,250,000 triples · 316,250,000 distinct triples written
  Partitioned compression: HG005_GRCh38_1_22_v4.2.1_benchmark: cottas-merge merging — 316,500,000 triples · 316,500,000 distinct triples written
  Partitioned compression: HG005_GRCh38_1_22_v4.2.1_benchmark: cottas-merge merging — 316,750,000 triples · 316,750,000 distinct triples written
  Partitioned compression: HG005_GRCh38_1_22_v4.2.1_benchmark: cottas-merge merging — 317,000,000 triples · 317,000,000 distinct triples written
  Partitioned compression: HG005_GRCh38_1_22_v4.2.1_benchmark: cottas-merge merging — 317,250,000 triples · 317,250,000 distinct triples written
  Partitioned compression: HG005_GRCh38_1_22_v4.2.1_benchmark: cottas-merge merging — 317,500,000 triples · 317,500,000 distinct triples written
  Partitioned compression: HG005_GRCh38_1_22_v4.2.1_benchmark: cottas-merge merging — 317,750,000 triples · 317,750,000 distinct triples written
  Partitioned compression: HG005_GRCh38_1_22_v4.2.1_benchmark: cottas-merge merging — 318,000,000 triples · 318,000,000 distinct triples written
  Partitioned compression: HG005_GRCh38_1_22_v4.2.1_benchmark: cottas-merge merging — 318,250,000 triples · 318,250,000 distinct triples written
  Partitioned compression: HG005_GRCh38_1_22_v4.2.1_benchmark: cottas-merge merging — 318,500,000 triples · 318,500,000 distinct triples written
  Partitioned compression: HG005_GRCh38_1_22_v4.2.1_benchmark: cottas-merge merging — 318,750,000 triples · 318,750,000 distinct triples written
  Partitioned compression: HG005_GRCh38_1_22_v4.2.1_benchmark: cottas-merge merging — 319,000,000 triples · 319,000,000 distinct triples written
  Partitioned compression: HG005_GRCh38_1_22_v4.2.1_benchmark: cottas-merge merging — 319,250,000 triples · 319,250,000 distinct triples written
  Partitioned compression: HG005_GRCh38_1_22_v4.2.1_benchmark: cottas-merge merging — 319,500,000 triples · 319,500,000 distinct triples written
  Partitioned compression: HG005_GRCh38_1_22_v4.2.1_benchmark: cottas-merge merging — 319,750,000 triples · 319,750,000 distinct triples written
  Partitioned compression: HG005_GRCh38_1_22_v4.2.1_benchmark: cottas-merge merging — 320,000,000 triples · 320,000,000 distinct triples written
  Partitioned compression: HG005_GRCh38_1_22_v4.2.1_benchmark: cottas-merge merging — 320,250,000 triples · 320,250,000 distinct triples written
  Partitioned compression: HG005_GRCh38_1_22_v4.2.1_benchmark: cottas-merge merging — 320,500,000 triples · 320,500,000 distinct triples written
  Partitioned compression: HG005_GRCh38_1_22_v4.2.1_benchmark: cottas-merge merging — 320,750,000 triples · 320,750,000 distinct triples written
  Partitioned compression: HG005_GRCh38_1_22_v4.2.1_benchmark: cottas-merge merging — 321,000,000 triples · 321,000,000 distinct triples written
  Partitioned compression: HG005_GRCh38_1_22_v4.2.1_benchmark: cottas-merge merging — 321,250,000 triples · 321,250,000 distinct triples written
  Partitioned compression: HG005_GRCh38_1_22_v4.2.1_benchmark: cottas-merge merging — 321,500,000 triples · 321,500,000 distinct triples written
  Partitioned compression: HG005_GRCh38_1_22_v4.2.1_benchmark: cottas-merge merging — 321,750,000 triples · 321,750,000 distinct triples written
  Partitioned compression: HG005_GRCh38_1_22_v4.2.1_benchmark: cottas-merge merging — 322,000,000 triples · 322,000,000 distinct triples written
  Partitioned compression: HG005_GRCh38_1_22_v4.2.1_benchmark: cottas-merge merging — 322,250,000 triples · 322,250,000 distinct triples written
  Partitioned compression: HG005_GRCh38_1_22_v4.2.1_benchmark: cottas-merge merging — 322,500,000 triples · 322,500,000 distinct triples written
  Partitioned compression: HG005_GRCh38_1_22_v4.2.1_benchmark: cottas-merge merging — 322,750,000 triples · 322,750,000 distinct triples written
  Partitioned compression: HG005_GRCh38_1_22_v4.2.1_benchmark: cottas-merge merging — 323,000,000 triples · 323,000,000 distinct triples written
  Partitioned compression: HG005_GRCh38_1_22_v4.2.1_benchmark: cottas-merge merging — 323,250,000 triples · 323,250,000 distinct triples written
  Partitioned compression: HG005_GRCh38_1_22_v4.2.1_benchmark: cottas-merge merging — 323,500,000 triples · 323,500,000 distinct triples written
  Partitioned compression: HG005_GRCh38_1_22_v4.2.1_benchmark: cottas-merge merging — 323,750,000 triples · 323,750,000 distinct triples written
  Partitioned compression: HG005_GRCh38_1_22_v4.2.1_benchmark: cottas-merge merging — 324,000,000 triples · 324,000,000 distinct triples written
  Partitioned compression: HG005_GRCh38_1_22_v4.2.1_benchmark: cottas-merge merging — 324,250,000 triples · 324,250,000 distinct triples written
  Partitioned compression: HG005_GRCh38_1_22_v4.2.1_benchmark: cottas-merge merging — 324,500,000 triples · 324,500,000 distinct triples written
  Partitioned compression: HG005_GRCh38_1_22_v4.2.1_benchmark: cottas-merge merging — 324,750,000 triples · 324,750,000 distinct triples written
  Partitioned compression: HG005_GRCh38_1_22_v4.2.1_benchmark: cottas-merge merging — 325,000,000 triples · 325,000,000 distinct triples written
  Partitioned compression: HG005_GRCh38_1_22_v4.2.1_benchmark: cottas-merge merging — 325,250,000 triples · 325,250,000 distinct triples written
  Partitioned compression: HG005_GRCh38_1_22_v4.2.1_benchmark: cottas-merge merging — 325,500,000 triples · 325,500,000 distinct triples written
  Partitioned compression: HG005_GRCh38_1_22_v4.2.1_benchmark: cottas-merge merging — 325,750,000 triples · 325,750,000 distinct triples written
  Partitioned compression: HG005_GRCh38_1_22_v4.2.1_benchmark: cottas-merge merging — 326,000,000 triples · 326,000,000 distinct triples written
  Partitioned compression: HG005_GRCh38_1_22_v4.2.1_benchmark: cottas-merge merging — 326,250,000 triples · 326,250,000 distinct triples written
  Partitioned compression: HG005_GRCh38_1_22_v4.2.1_benchmark: cottas-merge merging — 326,500,000 triples · 326,500,000 distinct triples written
  Partitioned compression: HG005_GRCh38_1_22_v4.2.1_benchmark: cottas-merge merging — 326,750,000 triples · 326,750,000 distinct triples written
  Partitioned compression: HG005_GRCh38_1_22_v4.2.1_benchmark: cottas-merge merging — 327,000,000 triples · 327,000,000 distinct triples written
  Partitioned compression: HG005_GRCh38_1_22_v4.2.1_benchmark: cottas-merge merging — 327,250,000 triples · 327,250,000 distinct triples written
  Partitioned compression: HG005_GRCh38_1_22_v4.2.1_benchmark: cottas-merge merging — 327,500,000 triples · 327,500,000 distinct triples written
  Partitioned compression: HG005_GRCh38_1_22_v4.2.1_benchmark: cottas-merge merging — 327,750,000 triples · 327,750,000 distinct triples written
  Partitioned compression: HG005_GRCh38_1_22_v4.2.1_benchmark: cottas-merge merging — 328,000,000 triples · 328,000,000 distinct triples written
  Partitioned compression: HG005_GRCh38_1_22_v4.2.1_benchmark: cottas-merge merging — 328,250,000 triples · 328,250,000 distinct triples written
  Partitioned compression: HG005_GRCh38_1_22_v4.2.1_benchmark: cottas-merge merging — 328,500,000 triples · 328,500,000 distinct triples written
  Partitioned compression: HG005_GRCh38_1_22_v4.2.1_benchmark: cottas-merge merging — 328,750,000 triples · 328,750,000 distinct triples written
  Partitioned compression: HG005_GRCh38_1_22_v4.2.1_benchmark: cottas-merge merging — 329,000,000 triples · 329,000,000 distinct triples written
  Partitioned compression: HG005_GRCh38_1_22_v4.2.1_benchmark: cottas-merge merging — 329,250,000 triples · 329,250,000 distinct triples written
  Partitioned compression: HG005_GRCh38_1_22_v4.2.1_benchmark: cottas-merge merging — 329,500,000 triples · 329,500,000 distinct triples written
  Partitioned compression: HG005_GRCh38_1_22_v4.2.1_benchmark: cottas-merge merging — 329,750,000 triples · 329,750,000 distinct triples written
  Partitioned compression: HG005_GRCh38_1_22_v4.2.1_benchmark: cottas-merge merging — 330,000,000 triples · 330,000,000 distinct triples written
  Partitioned compression: HG005_GRCh38_1_22_v4.2.1_benchmark: cottas-merge merging — 330,250,000 triples · 330,250,000 distinct triples written
  Partitioned compression: HG005_GRCh38_1_22_v4.2.1_benchmark: cottas-merge merging — 330,500,000 triples · 330,500,000 distinct triples written
  Partitioned compression: HG005_GRCh38_1_22_v4.2.1_benchmark: cottas-merge merging — 330,750,000 triples · 330,750,000 distinct triples written
  Partitioned compression: HG005_GRCh38_1_22_v4.2.1_benchmark: cottas-merge merging — 331,000,000 triples · 331,000,000 distinct triples written
  Partitioned compression: HG005_GRCh38_1_22_v4.2.1_benchmark: cottas-merge merging — 331,250,000 triples · 331,250,000 distinct triples written
  Partitioned compression: HG005_GRCh38_1_22_v4.2.1_benchmark: cottas-merge merging — 331,500,000 triples · 331,500,000 distinct triples written
  Partitioned compression: HG005_GRCh38_1_22_v4.2.1_benchmark: cottas-merge merging — 331,750,000 triples · 331,750,000 distinct triples written
  Partitioned compression: HG005_GRCh38_1_22_v4.2.1_benchmark: cottas-merge merging — 332,000,000 triples · 332,000,000 distinct triples written
  Partitioned compression: HG005_GRCh38_1_22_v4.2.1_benchmark: cottas-merge merging — 332,250,000 triples · 332,250,000 distinct triples written
  Partitioned compression: HG005_GRCh38_1_22_v4.2.1_benchmark: cottas-merge merging — 332,500,000 triples · 332,500,000 distinct triples written
  Partitioned compression: HG005_GRCh38_1_22_v4.2.1_benchmark: cottas-merge merging — 332,750,000 triples · 332,750,000 distinct triples written
  Partitioned compression: HG005_GRCh38_1_22_v4.2.1_benchmark: cottas-merge merging — 333,000,000 triples · 333,000,000 distinct triples written
  Partitioned compression: HG005_GRCh38_1_22_v4.2.1_benchmark: cottas-merge merging — 333,250,000 triples · 333,250,000 distinct triples written
  Partitioned compression: HG005_GRCh38_1_22_v4.2.1_benchmark: cottas-merge merging — 333,500,000 triples · 333,500,000 distinct triples written
  Partitioned compression: HG005_GRCh38_1_22_v4.2.1_benchmark: cottas-merge merging — 333,750,000 triples · 333,750,000 distinct triples written
  Partitioned compression: HG005_GRCh38_1_22_v4.2.1_benchmark: cottas-merge merging — 334,000,000 triples · 334,000,000 distinct triples written
  Partitioned compression: HG005_GRCh38_1_22_v4.2.1_benchmark: cottas-merge merging — 334,250,000 triples · 334,250,000 distinct triples written
  Partitioned compression: HG005_GRCh38_1_22_v4.2.1_benchmark: cottas-merge merging — 334,500,000 triples · 334,500,000 distinct triples written
  Partitioned compression: HG005_GRCh38_1_22_v4.2.1_benchmark: cottas-merge merging — 334,750,000 triples · 334,750,000 distinct triples written
  Partitioned compression: HG005_GRCh38_1_22_v4.2.1_benchmark: cottas-merge merging — 335,000,000 triples · 335,000,000 distinct triples written
  Partitioned compression: HG005_GRCh38_1_22_v4.2.1_benchmark: cottas-merge merging — 335,250,000 triples · 335,250,000 distinct triples written
  Partitioned compression: HG005_GRCh38_1_22_v4.2.1_benchmark: cottas-merge merging — 335,500,000 triples · 335,500,000 distinct triples written
  Partitioned compression: HG005_GRCh38_1_22_v4.2.1_benchmark: cottas-merge merging — 335,750,000 triples · 335,750,000 distinct triples written
  Partitioned compression: HG005_GRCh38_1_22_v4.2.1_benchmark: cottas-merge merging — 336,000,000 triples · 336,000,000 distinct triples written
  Partitioned compression: HG005_GRCh38_1_22_v4.2.1_benchmark: cottas-merge merging — 336,250,000 triples · 336,250,000 distinct triples written
  Partitioned compression: HG005_GRCh38_1_22_v4.2.1_benchmark: cottas-merge merging — 336,500,000 triples · 336,500,000 distinct triples written
  Partitioned compression: HG005_GRCh38_1_22_v4.2.1_benchmark: cottas-merge merging — 336,750,000 triples · 336,750,000 distinct triples written
  Partitioned compression: HG005_GRCh38_1_22_v4.2.1_benchmark: cottas-merge merging — 337,000,000 triples · 337,000,000 distinct triples written
  Partitioned compression: HG005_GRCh38_1_22_v4.2.1_benchmark: cottas-merge merging — 337,250,000 triples · 337,250,000 distinct triples written
  Partitioned compression: HG005_GRCh38_1_22_v4.2.1_benchmark: cottas-merge merging — 337,500,000 triples · 337,500,000 distinct triples written
  Partitioned compression: HG005_GRCh38_1_22_v4.2.1_benchmark: cottas-merge merging — 337,750,000 triples · 337,750,000 distinct triples written
  Partitioned compression: HG005_GRCh38_1_22_v4.2.1_benchmark: cottas-merge merging — 338,000,000 triples · 338,000,000 distinct triples written
  Partitioned compression: HG005_GRCh38_1_22_v4.2.1_benchmark: cottas-merge merging — 338,250,000 triples · 338,250,000 distinct triples written
  Partitioned compression: HG005_GRCh38_1_22_v4.2.1_benchmark: cottas-merge merging — 338,500,000 triples · 338,500,000 distinct triples written
  Partitioned compression: HG005_GRCh38_1_22_v4.2.1_benchmark: cottas-merge merging — 338,750,000 triples · 338,750,000 distinct triples written
  Partitioned compression: HG005_GRCh38_1_22_v4.2.1_benchmark: cottas-merge merging — 339,000,000 triples · 339,000,000 distinct triples written
  Partitioned compression: HG005_GRCh38_1_22_v4.2.1_benchmark: cottas-merge merging — 339,250,000 triples · 339,250,000 distinct triples written
  Partitioned compression: HG005_GRCh38_1_22_v4.2.1_benchmark: cottas-merge merging — 339,500,000 triples · 339,500,000 distinct triples written
  Partitioned compression: HG005_GRCh38_1_22_v4.2.1_benchmark: cottas-merge merging — 339,750,000 triples · 339,750,000 distinct triples written
  Partitioned compression: HG005_GRCh38_1_22_v4.2.1_benchmark: cottas-merge merging — 340,000,000 triples · 340,000,000 distinct triples written
  Partitioned compression: HG005_GRCh38_1_22_v4.2.1_benchmark: cottas-merge merging — 340,250,000 triples · 340,250,000 distinct triples written
  Partitioned compression: HG005_GRCh38_1_22_v4.2.1_benchmark: cottas-merge merging — 340,500,000 triples · 340,500,000 distinct triples written
  Partitioned compression: HG005_GRCh38_1_22_v4.2.1_benchmark: cottas-merge merging — 340,750,000 triples · 340,750,000 distinct triples written
  Partitioned compression: HG005_GRCh38_1_22_v4.2.1_benchmark: cottas-merge merging — 341,000,000 triples · 341,000,000 distinct triples written
  Partitioned compression: HG005_GRCh38_1_22_v4.2.1_benchmark: cottas-merge merging — 341,250,000 triples · 341,250,000 distinct triples written
  Partitioned compression: HG005_GRCh38_1_22_v4.2.1_benchmark: cottas-merge merging — 341,500,000 triples · 341,500,000 distinct triples written
  Partitioned compression: HG005_GRCh38_1_22_v4.2.1_benchmark: cottas-merge merging — 341,750,000 triples · 341,750,000 distinct triples written
  Partitioned compression: HG005_GRCh38_1_22_v4.2.1_benchmark: cottas-merge merging — 342,000,000 triples · 342,000,000 distinct triples written
  Partitioned compression: HG005_GRCh38_1_22_v4.2.1_benchmark: cottas-merge merging — 342,250,000 triples · 342,250,000 distinct triples written
  Partitioned compression: HG005_GRCh38_1_22_v4.2.1_benchmark: cottas-merge merging — 342,500,000 triples · 342,500,000 distinct triples written
  Partitioned compression: HG005_GRCh38_1_22_v4.2.1_benchmark: cottas-merge merging — 342,750,000 triples · 342,750,000 distinct triples written
  Partitioned compression: HG005_GRCh38_1_22_v4.2.1_benchmark: cottas-merge merging — 343,000,000 triples · 343,000,000 distinct triples written
  Partitioned compression: HG005_GRCh38_1_22_v4.2.1_benchmark: cottas-merge merging — 343,250,000 triples · 343,250,000 distinct triples written
  Partitioned compression: HG005_GRCh38_1_22_v4.2.1_benchmark: cottas-merge merging — 343,500,000 triples · 343,500,000 distinct triples written
  Partitioned compression: HG005_GRCh38_1_22_v4.2.1_benchmark: cottas-merge merging — 343,750,000 triples · 343,750,000 distinct triples written
  Partitioned compression: HG005_GRCh38_1_22_v4.2.1_benchmark: cottas-merge merging — 344,000,000 triples · 344,000,000 distinct triples written
  Partitioned compression: HG005_GRCh38_1_22_v4.2.1_benchmark: cottas-merge merging — 344,250,000 triples · 344,250,000 distinct triples written
  Partitioned compression: HG005_GRCh38_1_22_v4.2.1_benchmark: cottas-merge merging — 344,500,000 triples · 344,500,000 distinct triples written
  Partitioned compression: HG005_GRCh38_1_22_v4.2.1_benchmark: cottas-merge merging — 344,750,000 triples · 344,750,000 distinct triples written
  Partitioned compression: HG005_GRCh38_1_22_v4.2.1_benchmark: cottas-merge merging — 345,000,000 triples · 345,000,000 distinct triples written
  Partitioned compression: HG005_GRCh38_1_22_v4.2.1_benchmark: cottas-merge merging — 345,250,000 triples · 345,250,000 distinct triples written
  Partitioned compression: HG005_GRCh38_1_22_v4.2.1_benchmark: cottas-merge merging — 345,500,000 triples · 345,500,000 distinct triples written
  Partitioned compression: HG005_GRCh38_1_22_v4.2.1_benchmark: cottas-merge merging — 345,750,000 triples · 345,750,000 distinct triples written
  Partitioned compression: HG005_GRCh38_1_22_v4.2.1_benchmark: cottas-merge merging — 346,000,000 triples · 346,000,000 distinct triples written
  Partitioned compression: HG005_GRCh38_1_22_v4.2.1_benchmark: cottas-merge merging — 346,250,000 triples · 346,250,000 distinct triples written
  Partitioned compression: HG005_GRCh38_1_22_v4.2.1_benchmark: cottas-merge merging — 346,500,000 triples · 346,500,000 distinct triples written
  Partitioned compression: HG005_GRCh38_1_22_v4.2.1_benchmark: cottas-merge merging — 346,750,000 triples · 346,750,000 distinct triples written
  Partitioned compression: HG005_GRCh38_1_22_v4.2.1_benchmark: cottas-merge merging — 347,000,000 triples · 347,000,000 distinct triples written
  Partitioned compression: HG005_GRCh38_1_22_v4.2.1_benchmark: cottas-merge merging — 347,250,000 triples · 347,250,000 distinct triples written
  Partitioned compression: HG005_GRCh38_1_22_v4.2.1_benchmark: cottas-merge merging — 347,500,000 triples · 347,500,000 distinct triples written
  Partitioned compression: HG005_GRCh38_1_22_v4.2.1_benchmark: cottas-merge merging — 347,750,000 triples · 347,750,000 distinct triples written
  Partitioned compression: HG005_GRCh38_1_22_v4.2.1_benchmark: cottas-merge merging — 348,000,000 triples · 348,000,000 distinct triples written
  Partitioned compression: HG005_GRCh38_1_22_v4.2.1_benchmark: cottas-merge merging — 348,250,000 triples · 348,250,000 distinct triples written
  Partitioned compression: HG005_GRCh38_1_22_v4.2.1_benchmark: cottas-merge merging — 348,500,000 triples · 348,500,000 distinct triples written
  Partitioned compression: HG005_GRCh38_1_22_v4.2.1_benchmark: cottas-merge merging — 348,750,000 triples · 348,750,000 distinct triples written
  Partitioned compression: HG005_GRCh38_1_22_v4.2.1_benchmark: cottas-merge merging — 349,000,000 triples · 349,000,000 distinct triples written
  Partitioned compression: HG005_GRCh38_1_22_v4.2.1_benchmark: cottas-merge merging — 349,250,000 triples · 349,250,000 distinct triples written
  Partitioned compression: HG005_GRCh38_1_22_v4.2.1_benchmark: cottas-merge merging — 349,500,000 triples · 349,500,000 distinct triples written
  Partitioned compression: HG005_GRCh38_1_22_v4.2.1_benchmark: cottas-merge merging — 349,750,000 triples · 349,750,000 distinct triples written
  Partitioned compression: HG005_GRCh38_1_22_v4.2.1_benchmark: cottas-merge merging — 350,000,000 triples · 350,000,000 distinct triples written
  Partitioned compression: HG005_GRCh38_1_22_v4.2.1_benchmark: cottas-merge merging — 350,250,000 triples · 350,250,000 distinct triples written
  Partitioned compression: HG005_GRCh38_1_22_v4.2.1_benchmark: cottas-merge merging — 350,500,000 triples · 350,500,000 distinct triples written
  Partitioned compression: HG005_GRCh38_1_22_v4.2.1_benchmark: cottas-merge merging — 350,750,000 triples · 350,750,000 distinct triples written
  Partitioned compression: HG005_GRCh38_1_22_v4.2.1_benchmark: cottas-merge merging — 351,000,000 triples · 351,000,000 distinct triples written
  Partitioned compression: HG005_GRCh38_1_22_v4.2.1_benchmark: cottas-merge merging — 351,250,000 triples · 351,250,000 distinct triples written
  Partitioned compression: HG005_GRCh38_1_22_v4.2.1_benchmark: cottas-merge merging — 351,500,000 triples · 351,500,000 distinct triples written
  Partitioned compression: HG005_GRCh38_1_22_v4.2.1_benchmark: cottas-merge merging — 351,750,000 triples · 351,750,000 distinct triples written
  Partitioned compression: HG005_GRCh38_1_22_v4.2.1_benchmark: cottas-merge merging — 352,000,000 triples · 352,000,000 distinct triples written
  Partitioned compression: HG005_GRCh38_1_22_v4.2.1_benchmark: cottas-merge merging — 352,250,000 triples · 352,250,000 distinct triples written
  Partitioned compression: HG005_GRCh38_1_22_v4.2.1_benchmark: cottas-merge merging — 352,500,000 triples · 352,500,000 distinct triples written
  Partitioned compression: HG005_GRCh38_1_22_v4.2.1_benchmark: cottas-merge merging — 352,750,000 triples · 352,750,000 distinct triples written
  Partitioned compression: HG005_GRCh38_1_22_v4.2.1_benchmark: cottas-merge merging — 353,000,000 triples · 353,000,000 distinct triples written
  Partitioned compression: HG005_GRCh38_1_22_v4.2.1_benchmark: cottas-merge merging — 353,250,000 triples · 353,250,000 distinct triples written
  Partitioned compression: HG005_GRCh38_1_22_v4.2.1_benchmark: cottas-merge merging — 353,500,000 triples · 353,500,000 distinct triples written
  Partitioned compression: HG005_GRCh38_1_22_v4.2.1_benchmark: cottas-merge merging — 353,750,000 triples · 353,750,000 distinct triples written
  Partitioned compression: HG005_GRCh38_1_22_v4.2.1_benchmark: cottas-merge merging — 354,000,000 triples · 354,000,000 distinct triples written
  Partitioned compression: HG005_GRCh38_1_22_v4.2.1_benchmark: cottas-merge merging — 354,250,000 triples · 354,250,000 distinct triples written
  Partitioned compression: HG005_GRCh38_1_22_v4.2.1_benchmark: cottas-merge merging — 354,500,000 triples · 354,500,000 distinct triples written
  Partitioned compression: HG005_GRCh38_1_22_v4.2.1_benchmark: cottas-merge merging — 354,750,000 triples · 354,750,000 distinct triples written
  Partitioned compression: HG005_GRCh38_1_22_v4.2.1_benchmark: cottas-merge merging — 355,000,000 triples · 355,000,000 distinct triples written
  Partitioned compression: HG005_GRCh38_1_22_v4.2.1_benchmark: cottas-merge merging — 355,250,000 triples · 355,250,000 distinct triples written
  Partitioned compression: HG005_GRCh38_1_22_v4.2.1_benchmark: cottas-merge merging — 355,500,000 triples · 355,500,000 distinct triples written
  Partitioned compression: HG005_GRCh38_1_22_v4.2.1_benchmark: cottas-merge merging — 355,750,000 triples · 355,750,000 distinct triples written
  Partitioned compression: HG005_GRCh38_1_22_v4.2.1_benchmark: cottas-merge merging — 356,000,000 triples · 356,000,000 distinct triples written
  Partitioned compression: HG005_GRCh38_1_22_v4.2.1_benchmark: cottas-merge merging — 356,250,000 triples · 356,250,000 distinct triples written
  Partitioned compression: HG005_GRCh38_1_22_v4.2.1_benchmark: cottas-merge merging — 356,500,000 triples · 356,500,000 distinct triples written
  Partitioned compression: HG005_GRCh38_1_22_v4.2.1_benchmark: cottas-merge merging — 356,750,000 triples · 356,750,000 distinct triples written
  Partitioned compression: HG005_GRCh38_1_22_v4.2.1_benchmark: cottas-merge merging — 357,000,000 triples · 357,000,000 distinct triples written
  Partitioned compression: HG005_GRCh38_1_22_v4.2.1_benchmark: cottas-merge merging — 357,250,000 triples · 357,250,000 distinct triples written
  Partitioned compression: HG005_GRCh38_1_22_v4.2.1_benchmark: cottas-merge merging — 357,500,000 triples · 357,500,000 distinct triples written
  Partitioned compression: HG005_GRCh38_1_22_v4.2.1_benchmark: cottas-merge merging — 357,750,000 triples · 357,750,000 distinct triples written
  Partitioned compression: HG005_GRCh38_1_22_v4.2.1_benchmark: cottas-merge merging — 358,000,000 triples · 358,000,000 distinct triples written
  Partitioned compression: HG005_GRCh38_1_22_v4.2.1_benchmark: cottas-merge merging — 358,250,000 triples · 358,250,000 distinct triples written
  Partitioned compression: HG005_GRCh38_1_22_v4.2.1_benchmark: cottas-merge merging — 358,500,000 triples · 358,500,000 distinct triples written
  Partitioned compression: HG005_GRCh38_1_22_v4.2.1_benchmark: cottas-merge merging — 358,750,000 triples · 358,750,000 distinct triples written
  Partitioned compression: HG005_GRCh38_1_22_v4.2.1_benchmark: cottas-merge merging — 359,000,000 triples · 359,000,000 distinct triples written
  Partitioned compression: HG005_GRCh38_1_22_v4.2.1_benchmark: cottas-merge merging — 359,250,000 triples · 359,250,000 distinct triples written
  Partitioned compression: HG005_GRCh38_1_22_v4.2.1_benchmark: cottas-merge merging — 359,500,000 triples · 359,500,000 distinct triples written
  Partitioned compression: HG005_GRCh38_1_22_v4.2.1_benchmark: cottas-merge merging — 359,750,000 triples · 359,750,000 distinct triples written
  Partitioned compression: HG005_GRCh38_1_22_v4.2.1_benchmark: cottas-merge merging — 360,000,000 triples · 360,000,000 distinct triples written
  Partitioned compression: HG005_GRCh38_1_22_v4.2.1_benchmark: cottas-merge merging — 360,250,000 triples · 360,250,000 distinct triples written
  Partitioned compression: HG005_GRCh38_1_22_v4.2.1_benchmark: cottas-merge merging — 360,500,000 triples · 360,500,000 distinct triples written
  Partitioned compression: HG005_GRCh38_1_22_v4.2.1_benchmark: cottas-merge merging — 360,750,000 triples · 360,750,000 distinct triples written
  Partitioned compression: HG005_GRCh38_1_22_v4.2.1_benchmark: cottas-merge merging — 361,000,000 triples · 361,000,000 distinct triples written
  Partitioned compression: HG005_GRCh38_1_22_v4.2.1_benchmark: cottas-merge merging — 361,250,000 triples · 361,250,000 distinct triples written
  Partitioned compression: HG005_GRCh38_1_22_v4.2.1_benchmark: cottas-merge merging — 361,500,000 triples · 361,500,000 distinct triples written
  Partitioned compression: HG005_GRCh38_1_22_v4.2.1_benchmark: cottas-merge merging — 361,750,000 triples · 361,750,000 distinct triples written
  Partitioned compression: HG005_GRCh38_1_22_v4.2.1_benchmark: cottas-merge merging — 362,000,000 triples · 362,000,000 distinct triples written
  Partitioned compression: HG005_GRCh38_1_22_v4.2.1_benchmark: cottas-merge merging — 362,250,000 triples · 362,250,000 distinct triples written
  Partitioned compression: HG005_GRCh38_1_22_v4.2.1_benchmark: cottas-merge merging — 362,500,000 triples · 362,500,000 distinct triples written
  Partitioned compression: HG005_GRCh38_1_22_v4.2.1_benchmark: cottas-merge merging — 362,750,000 triples · 362,750,000 distinct triples written
  Partitioned compression: HG005_GRCh38_1_22_v4.2.1_benchmark: cottas-merge merging — 363,000,000 triples · 363,000,000 distinct triples written
  Partitioned compression: HG005_GRCh38_1_22_v4.2.1_benchmark: cottas-merge merging — 363,250,000 triples · 363,250,000 distinct triples written
  Partitioned compression: HG005_GRCh38_1_22_v4.2.1_benchmark: cottas-merge merging — 363,500,000 triples · 363,500,000 distinct triples written
  Partitioned compression: HG005_GRCh38_1_22_v4.2.1_benchmark: cottas-merge merging — 363,750,000 triples · 363,750,000 distinct triples written
  Partitioned compression: HG005_GRCh38_1_22_v4.2.1_benchmark: cottas-merge merging — 364,000,000 triples · 364,000,000 distinct triples written
  Partitioned compression: HG005_GRCh38_1_22_v4.2.1_benchmark: cottas-merge merging — 364,250,000 triples · 364,250,000 distinct triples written
  Partitioned compression: HG005_GRCh38_1_22_v4.2.1_benchmark: cottas-merge merging — 364,500,000 triples · 364,500,000 distinct triples written
  Partitioned compression: HG005_GRCh38_1_22_v4.2.1_benchmark: cottas-merge merging — 364,750,000 triples · 364,750,000 distinct triples written
  Partitioned compression: HG005_GRCh38_1_22_v4.2.1_benchmark: cottas-merge merging — 365,000,000 triples · 365,000,000 distinct triples written
  Partitioned compression: HG005_GRCh38_1_22_v4.2.1_benchmark: cottas-merge merging — 365,250,000 triples · 365,250,000 distinct triples written
  Partitioned compression: HG005_GRCh38_1_22_v4.2.1_benchmark: cottas-merge merging — 365,500,000 triples · 365,500,000 distinct triples written
  Partitioned compression: HG005_GRCh38_1_22_v4.2.1_benchmark: cottas-merge merging — 365,750,000 triples · 365,750,000 distinct triples written
  Partitioned compression: HG005_GRCh38_1_22_v4.2.1_benchmark: cottas-merge merging — 366,000,000 triples · 366,000,000 distinct triples written
  Partitioned compression: HG005_GRCh38_1_22_v4.2.1_benchmark: cottas-merge merging — 366,250,000 triples · 366,250,000 distinct triples written
  Partitioned compression: HG005_GRCh38_1_22_v4.2.1_benchmark: cottas-merge merging — 366,500,000 triples · 366,500,000 distinct triples written
  Partitioned compression: HG005_GRCh38_1_22_v4.2.1_benchmark: cottas-merge merging — 366,750,000 triples · 366,750,000 distinct triples written
  Partitioned compression: HG005_GRCh38_1_22_v4.2.1_benchmark: cottas-merge merging — 367,000,000 triples · 367,000,000 distinct triples written
  Partitioned compression: HG005_GRCh38_1_22_v4.2.1_benchmark: cottas-merge merging — 367,250,000 triples · 367,250,000 distinct triples written
  Partitioned compression: HG005_GRCh38_1_22_v4.2.1_benchmark: cottas-merge merging — 367,500,000 triples · 367,500,000 distinct triples written
  Partitioned compression: HG005_GRCh38_1_22_v4.2.1_benchmark: cottas-merge merging — 367,750,000 triples · 367,750,000 distinct triples written
  Partitioned compression: HG005_GRCh38_1_22_v4.2.1_benchmark: cottas-merge merging — 368,000,000 triples · 368,000,000 distinct triples written
  Partitioned compression: HG005_GRCh38_1_22_v4.2.1_benchmark: cottas-merge merging — 368,250,000 triples · 368,250,000 distinct triples written
  Partitioned compression: HG005_GRCh38_1_22_v4.2.1_benchmark: cottas-merge merging — 368,500,000 triples · 368,500,000 distinct triples written
  Partitioned compression: HG005_GRCh38_1_22_v4.2.1_benchmark: cottas-merge merging — 368,750,000 triples · 368,750,000 distinct triples written
  Partitioned compression: HG005_GRCh38_1_22_v4.2.1_benchmark: cottas-merge merging — 369,000,000 triples · 369,000,000 distinct triples written
  Partitioned compression: HG005_GRCh38_1_22_v4.2.1_benchmark: cottas-merge merging — 369,250,000 triples · 369,250,000 distinct triples written
  Partitioned compression: HG005_GRCh38_1_22_v4.2.1_benchmark: cottas-merge merging — 369,500,000 triples · 369,500,000 distinct triples written
  Partitioned compression: HG005_GRCh38_1_22_v4.2.1_benchmark: cottas-merge merging — 369,750,000 triples · 369,750,000 distinct triples written
  Partitioned compression: HG005_GRCh38_1_22_v4.2.1_benchmark: cottas-merge merging — 370,000,000 triples · 370,000,000 distinct triples written
  Partitioned compression: HG005_GRCh38_1_22_v4.2.1_benchmark: cottas-merge merging — 370,250,000 triples · 370,250,000 distinct triples written
  Partitioned compression: HG005_GRCh38_1_22_v4.2.1_benchmark: cottas-merge merging — 370,500,000 triples · 370,500,000 distinct triples written
  Partitioned compression: HG005_GRCh38_1_22_v4.2.1_benchmark: cottas-merge merging — 370,750,000 triples · 370,750,000 distinct triples written
  Partitioned compression: HG005_GRCh38_1_22_v4.2.1_benchmark: cottas-merge merging — 371,000,000 triples · 371,000,000 distinct triples written
  Partitioned compression: HG005_GRCh38_1_22_v4.2.1_benchmark: cottas-merge merging — 371,250,000 triples · 371,250,000 distinct triples written
  Partitioned compression: HG005_GRCh38_1_22_v4.2.1_benchmark: cottas-merge merging — 371,500,000 triples · 371,500,000 distinct triples written
  Partitioned compression: HG005_GRCh38_1_22_v4.2.1_benchmark: cottas-merge merging — 371,750,000 triples · 371,750,000 distinct triples written
  Partitioned compression: HG005_GRCh38_1_22_v4.2.1_benchmark: cottas-merge merging — 372,000,000 triples · 372,000,000 distinct triples written
  Partitioned compression: HG005_GRCh38_1_22_v4.2.1_benchmark: cottas-merge merging — 372,250,000 triples · 372,250,000 distinct triples written
  Partitioned compression: HG005_GRCh38_1_22_v4.2.1_benchmark: cottas-merge merging — 372,500,000 triples · 372,500,000 distinct triples written
  Partitioned compression: HG005_GRCh38_1_22_v4.2.1_benchmark: cottas-merge merging — 372,750,000 triples · 372,750,000 distinct triples written
  Partitioned compression: HG005_GRCh38_1_22_v4.2.1_benchmark: cottas-merge merging — 373,000,000 triples · 373,000,000 distinct triples written
  Partitioned compression: HG005_GRCh38_1_22_v4.2.1_benchmark: cottas-merge merging — 373,250,000 triples · 373,250,000 distinct triples written
  Partitioned compression: HG005_GRCh38_1_22_v4.2.1_benchmark: cottas-merge merging — 373,500,000 triples · 373,500,000 distinct triples written
  Partitioned compression: HG005_GRCh38_1_22_v4.2.1_benchmark: cottas-merge merging — 373,750,000 triples · 373,750,000 distinct triples written
  Partitioned compression: HG005_GRCh38_1_22_v4.2.1_benchmark: cottas-merge merging — 374,000,000 triples · 374,000,000 distinct triples written
  Partitioned compression: HG005_GRCh38_1_22_v4.2.1_benchmark: cottas-merge merging — 374,250,000 triples · 374,250,000 distinct triples written
  Partitioned compression: HG005_GRCh38_1_22_v4.2.1_benchmark: cottas-merge merging — 374,500,000 triples · 374,500,000 distinct triples written
  Partitioned compression: HG005_GRCh38_1_22_v4.2.1_benchmark: cottas-merge merging — 374,750,000 triples · 374,750,000 distinct triples written
  Partitioned compression: HG005_GRCh38_1_22_v4.2.1_benchmark: cottas-merge merging — 375,000,000 triples · 375,000,000 distinct triples written
  Partitioned compression: HG005_GRCh38_1_22_v4.2.1_benchmark: cottas-merge merging — 375,250,000 triples · 375,250,000 distinct triples written
  Partitioned compression: HG005_GRCh38_1_22_v4.2.1_benchmark: cottas-merge merging — 375,500,000 triples · 375,500,000 distinct triples written
  Partitioned compression: HG005_GRCh38_1_22_v4.2.1_benchmark: cottas-merge merging — 375,750,000 triples · 375,750,000 distinct triples written
  Partitioned compression: HG005_GRCh38_1_22_v4.2.1_benchmark: cottas-merge merging — 376,000,000 triples · 376,000,000 distinct triples written
  Partitioned compression: HG005_GRCh38_1_22_v4.2.1_benchmark: cottas-merge merging — 376,250,000 triples · 376,250,000 distinct triples written
  Partitioned compression: HG005_GRCh38_1_22_v4.2.1_benchmark: cottas-merge merging — 376,500,000 triples · 376,500,000 distinct triples written
  Partitioned compression: HG005_GRCh38_1_22_v4.2.1_benchmark: cottas-merge merging — 376,750,000 triples · 376,750,000 distinct triples written
  Partitioned compression: HG005_GRCh38_1_22_v4.2.1_benchmark: cottas-merge merging — 377,000,000 triples · 377,000,000 distinct triples written
  Partitioned compression: HG005_GRCh38_1_22_v4.2.1_benchmark: cottas-merge merging — 377,250,000 triples · 377,250,000 distinct triples written
  Partitioned compression: HG005_GRCh38_1_22_v4.2.1_benchmark: cottas-merge merging — 377,500,000 triples · 377,500,000 distinct triples written
  Partitioned compression: HG005_GRCh38_1_22_v4.2.1_benchmark: cottas-merge merging — 377,750,000 triples · 377,750,000 distinct triples written
  Partitioned compression: HG005_GRCh38_1_22_v4.2.1_benchmark: cottas-merge merging — 378,000,000 triples · 378,000,000 distinct triples written
  Partitioned compression: HG005_GRCh38_1_22_v4.2.1_benchmark: cottas-merge merging — 378,250,000 triples · 378,250,000 distinct triples written
  Partitioned compression: HG005_GRCh38_1_22_v4.2.1_benchmark: cottas-merge merging — 378,500,000 triples · 378,500,000 distinct triples written
  Partitioned compression: HG005_GRCh38_1_22_v4.2.1_benchmark: cottas-merge merging — 378,750,000 triples · 378,750,000 distinct triples written
  Partitioned compression: HG005_GRCh38_1_22_v4.2.1_benchmark: cottas-merge merging — 379,000,000 triples · 379,000,000 distinct triples written
  Partitioned compression: HG005_GRCh38_1_22_v4.2.1_benchmark: cottas-merge merging — 379,250,000 triples · 379,250,000 distinct triples written
  Partitioned compression: HG005_GRCh38_1_22_v4.2.1_benchmark: cottas-merge merging — 379,500,000 triples · 379,500,000 distinct triples written
  Partitioned compression: HG005_GRCh38_1_22_v4.2.1_benchmark: cottas-merge merging — 379,750,000 triples · 379,750,000 distinct triples written
  Partitioned compression: HG005_GRCh38_1_22_v4.2.1_benchmark: cottas-merge merging — 380,000,000 triples · 380,000,000 distinct triples written
  Partitioned compression: HG005_GRCh38_1_22_v4.2.1_benchmark: cottas-merge merging — 380,250,000 triples · 380,250,000 distinct triples written
  Partitioned compression: HG005_GRCh38_1_22_v4.2.1_benchmark: cottas-merge merging — 380,500,000 triples · 380,500,000 distinct triples written
  Partitioned compression: HG005_GRCh38_1_22_v4.2.1_benchmark: cottas-merge merging — 380,750,000 triples · 380,750,000 distinct triples written
  Partitioned compression: HG005_GRCh38_1_22_v4.2.1_benchmark: cottas-merge merging — 381,000,000 triples · 381,000,000 distinct triples written
  Partitioned compression: HG005_GRCh38_1_22_v4.2.1_benchmark: cottas-merge merging — 381,250,000 triples · 381,250,000 distinct triples written
  Partitioned compression: HG005_GRCh38_1_22_v4.2.1_benchmark: cottas-merge merging — 381,500,000 triples · 381,500,000 distinct triples written
  Partitioned compression: HG005_GRCh38_1_22_v4.2.1_benchmark: cottas-merge merging — 381,750,000 triples · 381,750,000 distinct triples written
  Partitioned compression: HG005_GRCh38_1_22_v4.2.1_benchmark: cottas-merge merging — 382,000,000 triples · 382,000,000 distinct triples written
  Partitioned compression: HG005_GRCh38_1_22_v4.2.1_benchmark: cottas-merge merging — 382,250,000 triples · 382,250,000 distinct triples written
  Partitioned compression: HG005_GRCh38_1_22_v4.2.1_benchmark: cottas-merge merging — 382,500,000 triples · 382,500,000 distinct triples written
  Partitioned compression: HG005_GRCh38_1_22_v4.2.1_benchmark: cottas-merge merging — 382,750,000 triples · 382,750,000 distinct triples written
  Partitioned compression: HG005_GRCh38_1_22_v4.2.1_benchmark: cottas-merge merging — 383,000,000 triples · 383,000,000 distinct triples written
  Partitioned compression: HG005_GRCh38_1_22_v4.2.1_benchmark: cottas-merge merging — 383,250,000 triples · 383,250,000 distinct triples written
  Partitioned compression: HG005_GRCh38_1_22_v4.2.1_benchmark: cottas-merge merging — 383,500,000 triples · 383,500,000 distinct triples written
  Partitioned compression: HG005_GRCh38_1_22_v4.2.1_benchmark: cottas-merge merging — 383,750,000 triples · 383,750,000 distinct triples written
  Partitioned compression: HG005_GRCh38_1_22_v4.2.1_benchmark: cottas-merge merging — 384,000,000 triples · 384,000,000 distinct triples written
  Partitioned compression: HG005_GRCh38_1_22_v4.2.1_benchmark: cottas-merge merging — 384,250,000 triples · 384,250,000 distinct triples written
  Partitioned compression: HG005_GRCh38_1_22_v4.2.1_benchmark: cottas-merge merging — 384,500,000 triples · 384,500,000 distinct triples written
  Partitioned compression: HG005_GRCh38_1_22_v4.2.1_benchmark: cottas-merge merging — 384,750,000 triples · 384,750,000 distinct triples written
  Partitioned compression: HG005_GRCh38_1_22_v4.2.1_benchmark: cottas-merge merging — 385,000,000 triples · 385,000,000 distinct triples written
  Partitioned compression: HG005_GRCh38_1_22_v4.2.1_benchmark: cottas-merge merging — 385,250,000 triples · 385,250,000 distinct triples written
  Partitioned compression: HG005_GRCh38_1_22_v4.2.1_benchmark: cottas-merge merging — 385,500,000 triples · 385,500,000 distinct triples written
  Partitioned compression: HG005_GRCh38_1_22_v4.2.1_benchmark: cottas-merge merging — 385,750,000 triples · 385,750,000 distinct triples written
  Partitioned compression: HG005_GRCh38_1_22_v4.2.1_benchmark: cottas-merge merging — 386,000,000 triples · 386,000,000 distinct triples written
  Partitioned compression: HG005_GRCh38_1_22_v4.2.1_benchmark: cottas-merge merging — 386,250,000 triples · 386,250,000 distinct triples written
  Partitioned compression: HG005_GRCh38_1_22_v4.2.1_benchmark: cottas-merge merging — 386,500,000 triples · 386,500,000 distinct triples written
  Partitioned compression: HG005_GRCh38_1_22_v4.2.1_benchmark: cottas-merge merging — 386,750,000 triples · 386,750,000 distinct triples written
  Partitioned compression: HG005_GRCh38_1_22_v4.2.1_benchmark: cottas-merge merging — 387,000,000 triples · 387,000,000 distinct triples written
  Partitioned compression: HG005_GRCh38_1_22_v4.2.1_benchmark: cottas-merge merging — 387,250,000 triples · 387,250,000 distinct triples written
  Partitioned compression: HG005_GRCh38_1_22_v4.2.1_benchmark: cottas-merge merging — 387,500,000 triples · 387,500,000 distinct triples written
  Partitioned compression: HG005_GRCh38_1_22_v4.2.1_benchmark: cottas-merge merging — 387,750,000 triples · 387,750,000 distinct triples written
  Partitioned compression: HG005_GRCh38_1_22_v4.2.1_benchmark: cottas-merge merging — 388,000,000 triples · 388,000,000 distinct triples written
  Partitioned compression: HG005_GRCh38_1_22_v4.2.1_benchmark: cottas-merge merging — 388,250,000 triples · 388,250,000 distinct triples written
  Partitioned compression: HG005_GRCh38_1_22_v4.2.1_benchmark: cottas-merge merging — 388,500,000 triples · 388,500,000 distinct triples written
  Partitioned compression: HG005_GRCh38_1_22_v4.2.1_benchmark: cottas-merge merging — 388,750,000 triples · 388,750,000 distinct triples written
  Partitioned compression: HG005_GRCh38_1_22_v4.2.1_benchmark: cottas-merge merging — 389,000,000 triples · 389,000,000 distinct triples written
  Partitioned compression: HG005_GRCh38_1_22_v4.2.1_benchmark: cottas-merge merging — 389,250,000 triples · 389,250,000 distinct triples written
  Partitioned compression: HG005_GRCh38_1_22_v4.2.1_benchmark: cottas-merge merging — 389,500,000 triples · 389,500,000 distinct triples written
  Partitioned compression: HG005_GRCh38_1_22_v4.2.1_benchmark: cottas-merge merging — 389,750,000 triples · 389,750,000 distinct triples written
  Partitioned compression: HG005_GRCh38_1_22_v4.2.1_benchmark: cottas-merge merging — 390,000,000 triples · 390,000,000 distinct triples written
  Partitioned compression: HG005_GRCh38_1_22_v4.2.1_benchmark: cottas-merge merging — 390,250,000 triples · 390,250,000 distinct triples written
  Partitioned compression: HG005_GRCh38_1_22_v4.2.1_benchmark: cottas-merge merging — 390,500,000 triples · 390,500,000 distinct triples written
  Partitioned compression: HG005_GRCh38_1_22_v4.2.1_benchmark: cottas-merge merging — 390,750,000 triples · 390,750,000 distinct triples written
  Partitioned compression: HG005_GRCh38_1_22_v4.2.1_benchmark: cottas-merge merging — 391,000,000 triples · 391,000,000 distinct triples written
  Partitioned compression: HG005_GRCh38_1_22_v4.2.1_benchmark: cottas-merge merging — 391,250,000 triples · 391,250,000 distinct triples written
  Partitioned compression: HG005_GRCh38_1_22_v4.2.1_benchmark: cottas-merge merging — 391,500,000 triples · 391,500,000 distinct triples written
  Partitioned compression: HG005_GRCh38_1_22_v4.2.1_benchmark: cottas-merge merging — 391,750,000 triples · 391,750,000 distinct triples written
  Partitioned compression: HG005_GRCh38_1_22_v4.2.1_benchmark: cottas-merge merging — 392,000,000 triples · 392,000,000 distinct triples written
  Partitioned compression: HG005_GRCh38_1_22_v4.2.1_benchmark: cottas-merge merging — 392,250,000 triples · 392,250,000 distinct triples written
  Partitioned compression: HG005_GRCh38_1_22_v4.2.1_benchmark: cottas-merge merging — 392,500,000 triples · 392,500,000 distinct triples written
  Partitioned compression: HG005_GRCh38_1_22_v4.2.1_benchmark: cottas-merge merging — 392,750,000 triples · 392,750,000 distinct triples written
  Partitioned compression: HG005_GRCh38_1_22_v4.2.1_benchmark: cottas-merge merging — 393,000,000 triples · 393,000,000 distinct triples written
  Partitioned compression: HG005_GRCh38_1_22_v4.2.1_benchmark: cottas-merge merging — 393,250,000 triples · 393,250,000 distinct triples written
  Partitioned compression: HG005_GRCh38_1_22_v4.2.1_benchmark: cottas-merge merging — 393,500,000 triples · 393,500,000 distinct triples written
  Partitioned compression: HG005_GRCh38_1_22_v4.2.1_benchmark: cottas-merge merging — 393,750,000 triples · 393,750,000 distinct triples written
  Partitioned compression: HG005_GRCh38_1_22_v4.2.1_benchmark: cottas-merge merging — 394,000,000 triples · 394,000,000 distinct triples written
  Partitioned compression: HG005_GRCh38_1_22_v4.2.1_benchmark: cottas-merge merging — 394,250,000 triples · 394,250,000 distinct triples written
  Partitioned compression: HG005_GRCh38_1_22_v4.2.1_benchmark: cottas-merge merging — 394,500,000 triples · 394,500,000 distinct triples written
  Partitioned compression: HG005_GRCh38_1_22_v4.2.1_benchmark: cottas-merge merging — 394,750,000 triples · 394,750,000 distinct triples written
  Partitioned compression: HG005_GRCh38_1_22_v4.2.1_benchmark: cottas-merge merging — 395,000,000 triples · 395,000,000 distinct triples written
  Partitioned compression: HG005_GRCh38_1_22_v4.2.1_benchmark: cottas-merge merging — 395,250,000 triples · 395,250,000 distinct triples written
  Partitioned compression: HG005_GRCh38_1_22_v4.2.1_benchmark: cottas-merge merging — 395,500,000 triples · 395,500,000 distinct triples written
  Partitioned compression: HG005_GRCh38_1_22_v4.2.1_benchmark: cottas-merge merging — 395,750,000 triples · 395,750,000 distinct triples written
  Partitioned compression: HG005_GRCh38_1_22_v4.2.1_benchmark: cottas-merge merging — 396,000,000 triples · 396,000,000 distinct triples written
  Partitioned compression: HG005_GRCh38_1_22_v4.2.1_benchmark: cottas-merge merging — 396,250,000 triples · 396,250,000 distinct triples written
  Partitioned compression: HG005_GRCh38_1_22_v4.2.1_benchmark: cottas-merge merging — 396,500,000 triples · 396,500,000 distinct triples written
  Partitioned compression: HG005_GRCh38_1_22_v4.2.1_benchmark: cottas-merge merging — 396,750,000 triples · 396,750,000 distinct triples written
  Partitioned compression: HG005_GRCh38_1_22_v4.2.1_benchmark: cottas-merge merging — 397,000,000 triples · 397,000,000 distinct triples written
  Partitioned compression: HG005_GRCh38_1_22_v4.2.1_benchmark: cottas-merge merging — 397,250,000 triples · 397,250,000 distinct triples written
  Partitioned compression: HG005_GRCh38_1_22_v4.2.1_benchmark: cottas-merge merging — 397,500,000 triples · 397,500,000 distinct triples written
  Partitioned compression: HG005_GRCh38_1_22_v4.2.1_benchmark: cottas-merge merging — 397,750,000 triples · 397,750,000 distinct triples written
  Partitioned compression: HG005_GRCh38_1_22_v4.2.1_benchmark: cottas-merge merging — 398,000,000 triples · 398,000,000 distinct triples written
  Partitioned compression: HG005_GRCh38_1_22_v4.2.1_benchmark: cottas-merge merging — 398,250,000 triples · 398,250,000 distinct triples written
  Partitioned compression: HG005_GRCh38_1_22_v4.2.1_benchmark: cottas-merge merging — 398,500,000 triples · 398,500,000 distinct triples written
  Partitioned compression: HG005_GRCh38_1_22_v4.2.1_benchmark: cottas-merge merging — 398,750,000 triples · 398,750,000 distinct triples written
  Partitioned compression: HG005_GRCh38_1_22_v4.2.1_benchmark: cottas-merge merging — 399,000,000 triples · 399,000,000 distinct triples written
  Partitioned compression: HG005_GRCh38_1_22_v4.2.1_benchmark: cottas-merge merging — 399,250,000 triples · 399,250,000 distinct triples written
  Partitioned compression: HG005_GRCh38_1_22_v4.2.1_benchmark: cottas-merge merging — 399,500,000 triples · 399,500,000 distinct triples written
  Partitioned compression: HG005_GRCh38_1_22_v4.2.1_benchmark: cottas-merge merging — 399,750,000 triples · 399,750,000 distinct triples written
  Partitioned compression: HG005_GRCh38_1_22_v4.2.1_benchmark: cottas-merge merging — 400,000,000 triples · 400,000,000 distinct triples written
  Partitioned compression: HG005_GRCh38_1_22_v4.2.1_benchmark: cottas-merge merging — 400,250,000 triples · 400,250,000 distinct triples written
  Partitioned compression: HG005_GRCh38_1_22_v4.2.1_benchmark: cottas-merge merging — 400,500,000 triples · 400,500,000 distinct triples written
  Partitioned compression: HG005_GRCh38_1_22_v4.2.1_benchmark: cottas-merge merging — 400,750,000 triples · 400,750,000 distinct triples written
  Partitioned compression: HG005_GRCh38_1_22_v4.2.1_benchmark: cottas-merge merging — 401,000,000 triples · 401,000,000 distinct triples written
  Partitioned compression: HG005_GRCh38_1_22_v4.2.1_benchmark: cottas-merge merging — 401,250,000 triples · 401,250,000 distinct triples written
  Partitioned compression: HG005_GRCh38_1_22_v4.2.1_benchmark: cottas-merge merging — 401,500,000 triples · 401,500,000 distinct triples written
  Partitioned compression: HG005_GRCh38_1_22_v4.2.1_benchmark: cottas-merge merging — 401,750,000 triples · 401,750,000 distinct triples written
  Partitioned compression: HG005_GRCh38_1_22_v4.2.1_benchmark: cottas-merge merging — 402,000,000 triples · 402,000,000 distinct triples written
  Partitioned compression: HG005_GRCh38_1_22_v4.2.1_benchmark: cottas-merge merging — 402,250,000 triples · 402,250,000 distinct triples written
  Partitioned compression: HG005_GRCh38_1_22_v4.2.1_benchmark: cottas-merge merging — 402,500,000 triples · 402,500,000 distinct triples written
  Partitioned compression: HG005_GRCh38_1_22_v4.2.1_benchmark: cottas-merge merging — 402,750,000 triples · 402,750,000 distinct triples written
  Partitioned compression: HG005_GRCh38_1_22_v4.2.1_benchmark: cottas-merge merging — 403,000,000 triples · 403,000,000 distinct triples written
  Partitioned compression: HG005_GRCh38_1_22_v4.2.1_benchmark: cottas-merge merging — 403,250,000 triples · 403,250,000 distinct triples written
  Partitioned compression: HG005_GRCh38_1_22_v4.2.1_benchmark: cottas-merge merging — 403,500,000 triples · 403,500,000 distinct triples written
  Partitioned compression: HG005_GRCh38_1_22_v4.2.1_benchmark: cottas-merge merging — 403,750,000 triples · 403,750,000 distinct triples written
  Partitioned compression: HG005_GRCh38_1_22_v4.2.1_benchmark: cottas-merge merging — 404,000,000 triples · 404,000,000 distinct triples written
  Partitioned compression: HG005_GRCh38_1_22_v4.2.1_benchmark: cottas-merge merging — 404,250,000 triples · 404,250,000 distinct triples written
  Partitioned compression: HG005_GRCh38_1_22_v4.2.1_benchmark: cottas-merge merging — 404,500,000 triples · 404,500,000 distinct triples written
  Partitioned compression: HG005_GRCh38_1_22_v4.2.1_benchmark: cottas-merge merging — 404,750,000 triples · 404,750,000 distinct triples written
  Partitioned compression: HG005_GRCh38_1_22_v4.2.1_benchmark: cottas-merge merging — 405,000,000 triples · 405,000,000 distinct triples written
  Partitioned compression: HG005_GRCh38_1_22_v4.2.1_benchmark: cottas-merge merging — 405,250,000 triples · 405,250,000 distinct triples written
  Partitioned compression: HG005_GRCh38_1_22_v4.2.1_benchmark: cottas-merge merging — 405,500,000 triples · 405,500,000 distinct triples written
  Partitioned compression: HG005_GRCh38_1_22_v4.2.1_benchmark: cottas-merge merging — 405,750,000 triples · 405,750,000 distinct triples written
  Partitioned compression: HG005_GRCh38_1_22_v4.2.1_benchmark: cottas-merge merging — 406,000,000 triples · 406,000,000 distinct triples written
  Partitioned compression: HG005_GRCh38_1_22_v4.2.1_benchmark: cottas-merge merging — 406,250,000 triples · 406,250,000 distinct triples written
  Partitioned compression: HG005_GRCh38_1_22_v4.2.1_benchmark: cottas-merge merging — 406,500,000 triples · 406,500,000 distinct triples written
  Partitioned compression: HG005_GRCh38_1_22_v4.2.1_benchmark: cottas-merge merging — 406,750,000 triples · 406,750,000 distinct triples written
  Partitioned compression: HG005_GRCh38_1_22_v4.2.1_benchmark: cottas-merge merging — 407,000,000 triples · 407,000,000 distinct triples written
  Partitioned compression: HG005_GRCh38_1_22_v4.2.1_benchmark: cottas-merge merging — 407,250,000 triples · 407,250,000 distinct triples written
  Partitioned compression: HG005_GRCh38_1_22_v4.2.1_benchmark: cottas-merge merging — 407,500,000 triples · 407,500,000 distinct triples written
  Partitioned compression: HG005_GRCh38_1_22_v4.2.1_benchmark: cottas-merge merging — 407,750,000 triples · 407,750,000 distinct triples written
  Partitioned compression: HG005_GRCh38_1_22_v4.2.1_benchmark: cottas-merge merging — 408,000,000 triples · 408,000,000 distinct triples written
  Partitioned compression: HG005_GRCh38_1_22_v4.2.1_benchmark: cottas-merge merging — 408,250,000 triples · 408,250,000 distinct triples written
  Partitioned compression: HG005_GRCh38_1_22_v4.2.1_benchmark: cottas-merge merging — 408,500,000 triples · 408,500,000 distinct triples written
  Partitioned compression: HG005_GRCh38_1_22_v4.2.1_benchmark: cottas-merge merging — 408,750,000 triples · 408,750,000 distinct triples written
  Partitioned compression: HG005_GRCh38_1_22_v4.2.1_benchmark: cottas-merge merging — 409,000,000 triples · 409,000,000 distinct triples written
  Partitioned compression: HG005_GRCh38_1_22_v4.2.1_benchmark: cottas-merge merging — 409,250,000 triples · 409,250,000 distinct triples written
  Partitioned compression: HG005_GRCh38_1_22_v4.2.1_benchmark: cottas-merge merging — 409,500,000 triples · 409,500,000 distinct triples written
  Partitioned compression: HG005_GRCh38_1_22_v4.2.1_benchmark: cottas-merge merging — 409,750,000 triples · 409,750,000 distinct triples written
  Partitioned compression: HG005_GRCh38_1_22_v4.2.1_benchmark: cottas-merge merging — 410,000,000 triples · 410,000,000 distinct triples written
  Partitioned compression: HG005_GRCh38_1_22_v4.2.1_benchmark: cottas-merge merging — 410,250,000 triples · 410,250,000 distinct triples written
  Partitioned compression: HG005_GRCh38_1_22_v4.2.1_benchmark: cottas-merge merging — 410,500,000 triples · 410,500,000 distinct triples written
  Partitioned compression: HG005_GRCh38_1_22_v4.2.1_benchmark: cottas-merge merging — 410,750,000 triples · 410,750,000 distinct triples written
  Partitioned compression: HG005_GRCh38_1_22_v4.2.1_benchmark: cottas-merge merging — 411,000,000 triples · 411,000,000 distinct triples written
  Partitioned compression: HG005_GRCh38_1_22_v4.2.1_benchmark: cottas-merge merging — 411,250,000 triples · 411,250,000 distinct triples written
  Partitioned compression: HG005_GRCh38_1_22_v4.2.1_benchmark: cottas-merge merging — 411,500,000 triples · 411,500,000 distinct triples written
  Partitioned compression: HG005_GRCh38_1_22_v4.2.1_benchmark: cottas-merge merging — 411,750,000 triples · 411,750,000 distinct triples written
  Partitioned compression: HG005_GRCh38_1_22_v4.2.1_benchmark: cottas-merge merging — 412,000,000 triples · 412,000,000 distinct triples written
  Partitioned compression: HG005_GRCh38_1_22_v4.2.1_benchmark: cottas-merge merging — 412,250,000 triples · 412,250,000 distinct triples written
  Partitioned compression: HG005_GRCh38_1_22_v4.2.1_benchmark: cottas-merge merging — 412,500,000 triples · 412,500,000 distinct triples written
  Partitioned compression: HG005_GRCh38_1_22_v4.2.1_benchmark: cottas-merge merging — 412,750,000 triples · 412,750,000 distinct triples written
  Partitioned compression: HG005_GRCh38_1_22_v4.2.1_benchmark: cottas-merge merging — 413,000,000 triples · 413,000,000 distinct triples written
  Partitioned compression: HG005_GRCh38_1_22_v4.2.1_benchmark: cottas-merge merging — 413,250,000 triples · 413,250,000 distinct triples written
  Partitioned compression: HG005_GRCh38_1_22_v4.2.1_benchmark: cottas-merge merging — 413,500,000 triples · 413,500,000 distinct triples written
  Partitioned compression: HG005_GRCh38_1_22_v4.2.1_benchmark: cottas-merge merging — 413,750,000 triples · 413,750,000 distinct triples written
  Partitioned compression: HG005_GRCh38_1_22_v4.2.1_benchmark: cottas-merge merging — 414,000,000 triples · 414,000,000 distinct triples written
  Partitioned compression: HG005_GRCh38_1_22_v4.2.1_benchmark: cottas-merge merging — 414,250,000 triples · 414,250,000 distinct triples written
  Partitioned compression: HG005_GRCh38_1_22_v4.2.1_benchmark: cottas-merge merging — 414,500,000 triples · 414,500,000 distinct triples written
  Partitioned compression: HG005_GRCh38_1_22_v4.2.1_benchmark: cottas-merge merging — 414,750,000 triples · 414,750,000 distinct triples written
  Partitioned compression: HG005_GRCh38_1_22_v4.2.1_benchmark: cottas-merge merging — 415,000,000 triples · 415,000,000 distinct triples written
  Partitioned compression: HG005_GRCh38_1_22_v4.2.1_benchmark: cottas-merge merging — 415,250,000 triples · 415,250,000 distinct triples written
  Partitioned compression: HG005_GRCh38_1_22_v4.2.1_benchmark: cottas-merge merging — 415,500,000 triples · 415,500,000 distinct triples written
  Partitioned compression: HG005_GRCh38_1_22_v4.2.1_benchmark: cottas-merge merging — 415,750,000 triples · 415,750,000 distinct triples written
  Partitioned compression: HG005_GRCh38_1_22_v4.2.1_benchmark: cottas-merge merging — 416,000,000 triples · 416,000,000 distinct triples written
  Partitioned compression: HG005_GRCh38_1_22_v4.2.1_benchmark: cottas-merge merging — 416,250,000 triples · 416,250,000 distinct triples written
  Partitioned compression: HG005_GRCh38_1_22_v4.2.1_benchmark: cottas-merge merging — 416,500,000 triples · 416,500,000 distinct triples written
  Partitioned compression: HG005_GRCh38_1_22_v4.2.1_benchmark: cottas-merge merging — 416,750,000 triples · 416,750,000 distinct triples written
  Partitioned compression: HG005_GRCh38_1_22_v4.2.1_benchmark: cottas-merge merging — 417,000,000 triples · 417,000,000 distinct triples written
  Partitioned compression: HG005_GRCh38_1_22_v4.2.1_benchmark: cottas-merge merging — 417,250,000 triples · 417,250,000 distinct triples written
  Partitioned compression: HG005_GRCh38_1_22_v4.2.1_benchmark: cottas-merge merging — 417,500,000 triples · 417,500,000 distinct triples written
  Partitioned compression: HG005_GRCh38_1_22_v4.2.1_benchmark: cottas-merge merging — 417,750,000 triples · 417,750,000 distinct triples written
  Partitioned compression: HG005_GRCh38_1_22_v4.2.1_benchmark: cottas-merge merging — 418,000,000 triples · 418,000,000 distinct triples written
  Partitioned compression: HG005_GRCh38_1_22_v4.2.1_benchmark: cottas-merge merging — 418,250,000 triples · 418,250,000 distinct triples written
  Partitioned compression: HG005_GRCh38_1_22_v4.2.1_benchmark: cottas-merge merging — 418,500,000 triples · 418,500,000 distinct triples written
  Partitioned compression: HG005_GRCh38_1_22_v4.2.1_benchmark: cottas-merge merging — 418,750,000 triples · 418,750,000 distinct triples written
  Partitioned compression: HG005_GRCh38_1_22_v4.2.1_benchmark: cottas-merge merging — 419,000,000 triples · 419,000,000 distinct triples written
  Partitioned compression: HG005_GRCh38_1_22_v4.2.1_benchmark: cottas-merge merging — 419,250,000 triples · 419,250,000 distinct triples written
  Partitioned compression: HG005_GRCh38_1_22_v4.2.1_benchmark: cottas-merge merging — 419,500,000 triples · 419,500,000 distinct triples written
  Partitioned compression: HG005_GRCh38_1_22_v4.2.1_benchmark: cottas-merge merging — 419,750,000 triples · 419,750,000 distinct triples written
  Partitioned compression: HG005_GRCh38_1_22_v4.2.1_benchmark: cottas-merge merging — 420,000,000 triples · 420,000,000 distinct triples written
  Partitioned compression: HG005_GRCh38_1_22_v4.2.1_benchmark: cottas-merge merging — 420,250,000 triples · 420,250,000 distinct triples written
  Partitioned compression: HG005_GRCh38_1_22_v4.2.1_benchmark: cottas-merge merging — 420,500,000 triples · 420,500,000 distinct triples written
  Partitioned compression: HG005_GRCh38_1_22_v4.2.1_benchmark: cottas-merge merging — 420,750,000 triples · 420,750,000 distinct triples written
  Partitioned compression: HG005_GRCh38_1_22_v4.2.1_benchmark: cottas-merge merging — 421,000,000 triples · 421,000,000 distinct triples written
  Partitioned compression: HG005_GRCh38_1_22_v4.2.1_benchmark: cottas-merge merging — 421,250,000 triples · 421,250,000 distinct triples written
  Partitioned compression: HG005_GRCh38_1_22_v4.2.1_benchmark: cottas-merge merging — 421,500,000 triples · 421,500,000 distinct triples written
  Partitioned compression: HG005_GRCh38_1_22_v4.2.1_benchmark: cottas-merge merging — 421,750,000 triples · 421,750,000 distinct triples written
  Partitioned compression: HG005_GRCh38_1_22_v4.2.1_benchmark: cottas-merge merging — 422,000,000 triples · 422,000,000 distinct triples written
  Partitioned compression: HG005_GRCh38_1_22_v4.2.1_benchmark: cottas-merge merging — 422,250,000 triples · 422,250,000 distinct triples written
  Partitioned compression: HG005_GRCh38_1_22_v4.2.1_benchmark: cottas-merge merging — 422,500,000 triples · 422,500,000 distinct triples written
  Partitioned compression: HG005_GRCh38_1_22_v4.2.1_benchmark: cottas-merge merging — 422,750,000 triples · 422,750,000 distinct triples written
  Partitioned compression: HG005_GRCh38_1_22_v4.2.1_benchmark: cottas-merge merging — 423,000,000 triples · 423,000,000 distinct triples written
  Partitioned compression: HG005_GRCh38_1_22_v4.2.1_benchmark: cottas-merge merging — 423,250,000 triples · 423,250,000 distinct triples written
  Partitioned compression: HG005_GRCh38_1_22_v4.2.1_benchmark: cottas-merge merging — 423,500,000 triples · 423,500,000 distinct triples written
  Partitioned compression: HG005_GRCh38_1_22_v4.2.1_benchmark: cottas-merge merging — 423,750,000 triples · 423,750,000 distinct triples written
  Partitioned compression: HG005_GRCh38_1_22_v4.2.1_benchmark: cottas-merge merging — 424,000,000 triples · 424,000,000 distinct triples written
  Partitioned compression: HG005_GRCh38_1_22_v4.2.1_benchmark: cottas-merge merging — 424,250,000 triples · 424,250,000 distinct triples written
  Partitioned compression: HG005_GRCh38_1_22_v4.2.1_benchmark: cottas-merge merging — 424,500,000 triples · 424,500,000 distinct triples written
  Partitioned compression: HG005_GRCh38_1_22_v4.2.1_benchmark: cottas-merge merging — 424,750,000 triples · 424,750,000 distinct triples written
  Partitioned compression: HG005_GRCh38_1_22_v4.2.1_benchmark: cottas-merge merging — 425,000,000 triples · 425,000,000 distinct triples written
  Partitioned compression: HG005_GRCh38_1_22_v4.2.1_benchmark: cottas-merge merging — 425,250,000 triples · 425,250,000 distinct triples written
  Partitioned compression: HG005_GRCh38_1_22_v4.2.1_benchmark: cottas-merge merging — 425,500,000 triples · 425,500,000 distinct triples written
  Partitioned compression: HG005_GRCh38_1_22_v4.2.1_benchmark: cottas-merge merging — 425,750,000 triples · 425,750,000 distinct triples written
  Partitioned compression: HG005_GRCh38_1_22_v4.2.1_benchmark: cottas-merge merging — 426,000,000 triples · 426,000,000 distinct triples written
  Partitioned compression: HG005_GRCh38_1_22_v4.2.1_benchmark: cottas-merge merging — 426,250,000 triples · 426,250,000 distinct triples written
  Partitioned compression: HG005_GRCh38_1_22_v4.2.1_benchmark: cottas-merge merging — 426,500,000 triples · 426,500,000 distinct triples written
  Partitioned compression: HG005_GRCh38_1_22_v4.2.1_benchmark: cottas-merge merging — 426,750,000 triples · 426,750,000 distinct triples written
  Partitioned compression: HG005_GRCh38_1_22_v4.2.1_benchmark: cottas-merge merging — 427,000,000 triples · 427,000,000 distinct triples written
  Partitioned compression: HG005_GRCh38_1_22_v4.2.1_benchmark: cottas-merge merging — 427,250,000 triples · 427,250,000 distinct triples written
  Partitioned compression: HG005_GRCh38_1_22_v4.2.1_benchmark: cottas-merge merging — 427,500,000 triples · 427,500,000 distinct triples written
  Partitioned compression: HG005_GRCh38_1_22_v4.2.1_benchmark: cottas-merge merging — 427,750,000 triples · 427,750,000 distinct triples written
  Partitioned compression: HG005_GRCh38_1_22_v4.2.1_benchmark: cottas-merge merging — 428,000,000 triples · 428,000,000 distinct triples written
  Partitioned compression: HG005_GRCh38_1_22_v4.2.1_benchmark: cottas-merge merging — 428,250,000 triples · 428,250,000 distinct triples written
  Partitioned compression: HG005_GRCh38_1_22_v4.2.1_benchmark: cottas-merge merging — 428,500,000 triples · 428,500,000 distinct triples written
  Partitioned compression: HG005_GRCh38_1_22_v4.2.1_benchmark: cottas-merge merging — 428,750,000 triples · 428,750,000 distinct triples written
  Partitioned compression: HG005_GRCh38_1_22_v4.2.1_benchmark: cottas-merge merging — 429,000,000 triples · 429,000,000 distinct triples written
  Partitioned compression: HG005_GRCh38_1_22_v4.2.1_benchmark: cottas-merge merging — 429,250,000 triples · 429,250,000 distinct triples written
  Partitioned compression: HG005_GRCh38_1_22_v4.2.1_benchmark: cottas-merge merging — 429,500,000 triples · 429,500,000 distinct triples written
  Partitioned compression: HG005_GRCh38_1_22_v4.2.1_benchmark: cottas-merge merging — 429,750,000 triples · 429,750,000 distinct triples written
  Partitioned compression: HG005_GRCh38_1_22_v4.2.1_benchmark: cottas-merge merging — 430,000,000 triples · 430,000,000 distinct triples written
  Partitioned compression: HG005_GRCh38_1_22_v4.2.1_benchmark: cottas-merge merging — 430,250,000 triples · 430,250,000 distinct triples written
  Partitioned compression: HG005_GRCh38_1_22_v4.2.1_benchmark: cottas-merge merging — 430,500,000 triples · 430,500,000 distinct triples written
  Partitioned compression: HG005_GRCh38_1_22_v4.2.1_benchmark: cottas-merge merging — 430,750,000 triples · 430,750,000 distinct triples written
  Partitioned compression: HG005_GRCh38_1_22_v4.2.1_benchmark: cottas-merge merging — 431,000,000 triples · 431,000,000 distinct triples written
  Partitioned compression: HG005_GRCh38_1_22_v4.2.1_benchmark: cottas-merge merging — 431,250,000 triples · 431,250,000 distinct triples written
  Partitioned compression: HG005_GRCh38_1_22_v4.2.1_benchmark: cottas-merge merging — 431,500,000 triples · 431,500,000 distinct triples written
  Partitioned compression: HG005_GRCh38_1_22_v4.2.1_benchmark: cottas-merge merging — 431,750,000 triples · 431,750,000 distinct triples written
  Partitioned compression: HG005_GRCh38_1_22_v4.2.1_benchmark: cottas-merge merging — 432,000,000 triples · 432,000,000 distinct triples written
  Partitioned compression: HG005_GRCh38_1_22_v4.2.1_benchmark: cottas-merge merging — 432,250,000 triples · 432,250,000 distinct triples written
  Partitioned compression: HG005_GRCh38_1_22_v4.2.1_benchmark: cottas-merge merging — 432,500,000 triples · 432,500,000 distinct triples written
  Partitioned compression: HG005_GRCh38_1_22_v4.2.1_benchmark: cottas-merge merging — 432,750,000 triples · 432,750,000 distinct triples written
  Partitioned compression: HG005_GRCh38_1_22_v4.2.1_benchmark: cottas-merge merging — 433,000,000 triples · 433,000,000 distinct triples written
  Partitioned compression: HG005_GRCh38_1_22_v4.2.1_benchmark: cottas-merge merging — 433,250,000 triples · 433,250,000 distinct triples written
  Partitioned compression: HG005_GRCh38_1_22_v4.2.1_benchmark: cottas-merge merging — 433,500,000 triples · 433,500,000 distinct triples written
  Partitioned compression: HG005_GRCh38_1_22_v4.2.1_benchmark: cottas-merge merging — 433,750,000 triples · 433,750,000 distinct triples written
  Partitioned compression: HG005_GRCh38_1_22_v4.2.1_benchmark: cottas-merge merging — 434,000,000 triples · 434,000,000 distinct triples written
  Partitioned compression: HG005_GRCh38_1_22_v4.2.1_benchmark: cottas-merge merging — 434,250,000 triples · 434,250,000 distinct triples written
  Partitioned compression: HG005_GRCh38_1_22_v4.2.1_benchmark: cottas-merge merging — 434,500,000 triples · 434,500,000 distinct triples written
  Partitioned compression: HG005_GRCh38_1_22_v4.2.1_benchmark: cottas-merge merging — 434,750,000 triples · 434,750,000 distinct triples written
  Partitioned compression: HG005_GRCh38_1_22_v4.2.1_benchmark: cottas-merge merging — 435,000,000 triples · 435,000,000 distinct triples written
  Partitioned compression: HG005_GRCh38_1_22_v4.2.1_benchmark: cottas-merge merging — 435,250,000 triples · 435,250,000 distinct triples written
  Partitioned compression: HG005_GRCh38_1_22_v4.2.1_benchmark: cottas-merge merging — 435,500,000 triples · 435,500,000 distinct triples written
  Partitioned compression: HG005_GRCh38_1_22_v4.2.1_benchmark: cottas-merge merging — 435,750,000 triples · 435,750,000 distinct triples written
  Partitioned compression: HG005_GRCh38_1_22_v4.2.1_benchmark: cottas-merge merging — 436,000,000 triples · 436,000,000 distinct triples written
  Partitioned compression: HG005_GRCh38_1_22_v4.2.1_benchmark: cottas-merge merging — 436,250,000 triples · 436,250,000 distinct triples written
  Partitioned compression: HG005_GRCh38_1_22_v4.2.1_benchmark: cottas-merge merging — 436,500,000 triples · 436,500,000 distinct triples written
  Partitioned compression: HG005_GRCh38_1_22_v4.2.1_benchmark: cottas-merge merging — 436,750,000 triples · 436,750,000 distinct triples written
  Partitioned compression: HG005_GRCh38_1_22_v4.2.1_benchmark: cottas-merge merging — 437,000,000 triples · 437,000,000 distinct triples written
  Partitioned compression: HG005_GRCh38_1_22_v4.2.1_benchmark: cottas-merge merging — 437,250,000 triples · 437,250,000 distinct triples written
  Partitioned compression: HG005_GRCh38_1_22_v4.2.1_benchmark: cottas-merge merging — 437,500,000 triples · 437,500,000 distinct triples written
  Partitioned compression: HG005_GRCh38_1_22_v4.2.1_benchmark: cottas-merge merging — 437,750,000 triples · 437,750,000 distinct triples written
  Partitioned compression: HG005_GRCh38_1_22_v4.2.1_benchmark: cottas-merge merging — 438,000,000 triples · 438,000,000 distinct triples written
  Partitioned compression: HG005_GRCh38_1_22_v4.2.1_benchmark: cottas-merge merging — 438,250,000 triples · 438,250,000 distinct triples written
  Partitioned compression: HG005_GRCh38_1_22_v4.2.1_benchmark: cottas-merge merging — 438,500,000 triples · 438,500,000 distinct triples written
  Partitioned compression: HG005_GRCh38_1_22_v4.2.1_benchmark: cottas-merge merging — 438,750,000 triples · 438,750,000 distinct triples written
  Partitioned compression: HG005_GRCh38_1_22_v4.2.1_benchmark: cottas-merge merging — 439,000,000 triples · 439,000,000 distinct triples written
  Partitioned compression: HG005_GRCh38_1_22_v4.2.1_benchmark: cottas-merge merging — 439,250,000 triples · 439,250,000 distinct triples written
  Partitioned compression: HG005_GRCh38_1_22_v4.2.1_benchmark: cottas-merge merging — 439,500,000 triples · 439,500,000 distinct triples written
  Partitioned compression: HG005_GRCh38_1_22_v4.2.1_benchmark: cottas-merge merging — 439,750,000 triples · 439,750,000 distinct triples written
  Partitioned compression: HG005_GRCh38_1_22_v4.2.1_benchmark: cottas-merge merging — 440,000,000 triples · 440,000,000 distinct triples written
  Partitioned compression: HG005_GRCh38_1_22_v4.2.1_benchmark: cottas-merge merging — 440,250,000 triples · 440,250,000 distinct triples written
  Partitioned compression: HG005_GRCh38_1_22_v4.2.1_benchmark: cottas-merge merging — 440,500,000 triples · 440,500,000 distinct triples written
  Partitioned compression: HG005_GRCh38_1_22_v4.2.1_benchmark: cottas-merge merging — 440,750,000 triples · 440,750,000 distinct triples written
  Partitioned compression: HG005_GRCh38_1_22_v4.2.1_benchmark: cottas-merge merging — 441,000,000 triples · 441,000,000 distinct triples written
  Partitioned compression: HG005_GRCh38_1_22_v4.2.1_benchmark: cottas-merge merging — 441,250,000 triples · 441,250,000 distinct triples written
  Partitioned compression: HG005_GRCh38_1_22_v4.2.1_benchmark: cottas-merge merging — 441,500,000 triples · 441,500,000 distinct triples written
  Partitioned compression: HG005_GRCh38_1_22_v4.2.1_benchmark: cottas-merge merging — 441,750,000 triples · 441,750,000 distinct triples written
  Partitioned compression: HG005_GRCh38_1_22_v4.2.1_benchmark: cottas-merge merging — 442,000,000 triples · 442,000,000 distinct triples written
  Partitioned compression: HG005_GRCh38_1_22_v4.2.1_benchmark: cottas-merge merging — 442,250,000 triples · 442,250,000 distinct triples written
  Partitioned compression: HG005_GRCh38_1_22_v4.2.1_benchmark: cottas-merge merging — 442,500,000 triples · 442,500,000 distinct triples written
  Partitioned compression: HG005_GRCh38_1_22_v4.2.1_benchmark: cottas-merge merging — 442,750,000 triples · 442,750,000 distinct triples written
  Partitioned compression: HG005_GRCh38_1_22_v4.2.1_benchmark: cottas-merge merging — 443,000,000 triples · 443,000,000 distinct triples written
  Partitioned compression: HG005_GRCh38_1_22_v4.2.1_benchmark: cottas-merge merging — 443,250,000 triples · 443,250,000 distinct triples written
  Partitioned compression: HG005_GRCh38_1_22_v4.2.1_benchmark: cottas-merge merging — 443,500,000 triples · 443,500,000 distinct triples written
  Partitioned compression: HG005_GRCh38_1_22_v4.2.1_benchmark: cottas-merge merging — 443,750,000 triples · 443,750,000 distinct triples written
  Partitioned compression: HG005_GRCh38_1_22_v4.2.1_benchmark: cottas-merge merging — 444,000,000 triples · 444,000,000 distinct triples written
  Partitioned compression: HG005_GRCh38_1_22_v4.2.1_benchmark: cottas-merge merging — 444,250,000 triples · 444,250,000 distinct triples written
  Partitioned compression: HG005_GRCh38_1_22_v4.2.1_benchmark: cottas-merge merging — 444,500,000 triples · 444,500,000 distinct triples written
  Partitioned compression: HG005_GRCh38_1_22_v4.2.1_benchmark: cottas-merge merging — 444,750,000 triples · 444,750,000 distinct triples written
  Partitioned compression: HG005_GRCh38_1_22_v4.2.1_benchmark: cottas-merge merging — 445,000,000 triples · 445,000,000 distinct triples written
  Partitioned compression: HG005_GRCh38_1_22_v4.2.1_benchmark: cottas-merge merging — 445,250,000 triples · 445,250,000 distinct triples written
  Partitioned compression: HG005_GRCh38_1_22_v4.2.1_benchmark: cottas-merge merging — 445,500,000 triples · 445,500,000 distinct triples written
  Partitioned compression: HG005_GRCh38_1_22_v4.2.1_benchmark: cottas-merge merging — 445,750,000 triples · 445,750,000 distinct triples written
  Partitioned compression: HG005_GRCh38_1_22_v4.2.1_benchmark: cottas-merge merging — 446,000,000 triples · 446,000,000 distinct triples written
  Partitioned compression: HG005_GRCh38_1_22_v4.2.1_benchmark: cottas-merge merging — 446,250,000 triples · 446,250,000 distinct triples written
  Partitioned compression: HG005_GRCh38_1_22_v4.2.1_benchmark: cottas-merge merging — 446,500,000 triples · 446,500,000 distinct triples written
  Partitioned compression: HG005_GRCh38_1_22_v4.2.1_benchmark: cottas-merge merging — 446,750,000 triples · 446,750,000 distinct triples written
  Partitioned compression: HG005_GRCh38_1_22_v4.2.1_benchmark: cottas-merge merging — 447,000,000 triples · 447,000,000 distinct triples written
  Partitioned compression: HG005_GRCh38_1_22_v4.2.1_benchmark: cottas-merge merging — 447,250,000 triples · 447,250,000 distinct triples written
  Partitioned compression: HG005_GRCh38_1_22_v4.2.1_benchmark: cottas-merge merging — 447,500,000 triples · 447,500,000 distinct triples written
  Partitioned compression: HG005_GRCh38_1_22_v4.2.1_benchmark: cottas-merge merging — 447,750,000 triples · 447,750,000 distinct triples written
  Partitioned compression: HG005_GRCh38_1_22_v4.2.1_benchmark: cottas-merge merging — 448,000,000 triples · 448,000,000 distinct triples written
  Partitioned compression: HG005_GRCh38_1_22_v4.2.1_benchmark: cottas-merge merging — 448,250,000 triples · 448,250,000 distinct triples written
  Partitioned compression: HG005_GRCh38_1_22_v4.2.1_benchmark: cottas-merge merging — 448,500,000 triples · 448,500,000 distinct triples written
  Partitioned compression: HG005_GRCh38_1_22_v4.2.1_benchmark: cottas-merge merging — 448,750,000 triples · 448,750,000 distinct triples written
  Partitioned compression: HG005_GRCh38_1_22_v4.2.1_benchmark: cottas-merge merging — 449,000,000 triples · 449,000,000 distinct triples written
  Partitioned compression: HG005_GRCh38_1_22_v4.2.1_benchmark: cottas-merge merging — 449,250,000 triples · 449,250,000 distinct triples written
  Partitioned compression: HG005_GRCh38_1_22_v4.2.1_benchmark: cottas-merge merging — 449,500,000 triples · 449,500,000 distinct triples written
  Partitioned compression: HG005_GRCh38_1_22_v4.2.1_benchmark: cottas-merge merging — 449,750,000 triples · 449,750,000 distinct triples written
  Partitioned compression: HG005_GRCh38_1_22_v4.2.1_benchmark: cottas-merge merging — 450,000,000 triples · 450,000,000 distinct triples written
  Partitioned compression: HG005_GRCh38_1_22_v4.2.1_benchmark: cottas-merge merging — 450,250,000 triples · 450,250,000 distinct triples written
  Partitioned compression: HG005_GRCh38_1_22_v4.2.1_benchmark: cottas-merge merging — 450,500,000 triples · 450,500,000 distinct triples written
  Partitioned compression: HG005_GRCh38_1_22_v4.2.1_benchmark: cottas-merge merging — 450,750,000 triples · 450,750,000 distinct triples written
  Partitioned compression: HG005_GRCh38_1_22_v4.2.1_benchmark: cottas-merge merging — 451,000,000 triples · 451,000,000 distinct triples written
  Partitioned compression: HG005_GRCh38_1_22_v4.2.1_benchmark: cottas-merge merging — 451,250,000 triples · 451,250,000 distinct triples written
  Partitioned compression: HG005_GRCh38_1_22_v4.2.1_benchmark: cottas-merge merging — 451,500,000 triples · 451,500,000 distinct triples written
  Partitioned compression: HG005_GRCh38_1_22_v4.2.1_benchmark: cottas-merge merging — 451,750,000 triples · 451,750,000 distinct triples written
  Partitioned compression: HG005_GRCh38_1_22_v4.2.1_benchmark: cottas-merge merging — 452,000,000 triples · 452,000,000 distinct triples written
  Partitioned compression: HG005_GRCh38_1_22_v4.2.1_benchmark: cottas-merge merging — 452,250,000 triples · 452,250,000 distinct triples written
  Partitioned compression: HG005_GRCh38_1_22_v4.2.1_benchmark: cottas-merge merging — 452,500,000 triples · 452,500,000 distinct triples written
  Partitioned compression: HG005_GRCh38_1_22_v4.2.1_benchmark: cottas-merge merging — 452,750,000 triples · 452,750,000 distinct triples written
  Partitioned compression: HG005_GRCh38_1_22_v4.2.1_benchmark: cottas-merge merging — 453,000,000 triples · 453,000,000 distinct triples written
  Partitioned compression: HG005_GRCh38_1_22_v4.2.1_benchmark: cottas-merge merging — 453,250,000 triples · 453,250,000 distinct triples written
  Partitioned compression: HG005_GRCh38_1_22_v4.2.1_benchmark: cottas-merge merging — 453,500,000 triples · 453,500,000 distinct triples written
  Partitioned compression: HG005_GRCh38_1_22_v4.2.1_benchmark: cottas-merge merging — 453,750,000 triples · 453,750,000 distinct triples written
  Partitioned compression: HG005_GRCh38_1_22_v4.2.1_benchmark: cottas-merge merging — 454,000,000 triples · 454,000,000 distinct triples written
  Partitioned compression: HG005_GRCh38_1_22_v4.2.1_benchmark: cottas-merge merging — 454,250,000 triples · 454,250,000 distinct triples written
  Partitioned compression: HG005_GRCh38_1_22_v4.2.1_benchmark: cottas-merge merging — 454,500,000 triples · 454,500,000 distinct triples written
  Partitioned compression: HG005_GRCh38_1_22_v4.2.1_benchmark: cottas-merge merging — 454,750,000 triples · 454,750,000 distinct triples written
  Partitioned compression: HG005_GRCh38_1_22_v4.2.1_benchmark: cottas-merge merging — 455,000,000 triples · 455,000,000 distinct triples written
  Partitioned compression: HG005_GRCh38_1_22_v4.2.1_benchmark: cottas-merge merging — 455,250,000 triples · 455,250,000 distinct triples written
  Partitioned compression: HG005_GRCh38_1_22_v4.2.1_benchmark: cottas-merge merging — 455,500,000 triples · 455,500,000 distinct triples written
  Partitioned compression: HG005_GRCh38_1_22_v4.2.1_benchmark: cottas-merge merging — 455,750,000 triples · 455,750,000 distinct triples written
  Partitioned compression: HG005_GRCh38_1_22_v4.2.1_benchmark: cottas-merge merging — 456,000,000 triples · 456,000,000 distinct triples written
  Partitioned compression: HG005_GRCh38_1_22_v4.2.1_benchmark: cottas-merge merging — 456,250,000 triples · 456,250,000 distinct triples written
  Partitioned compression: HG005_GRCh38_1_22_v4.2.1_benchmark: cottas-merge merging — 456,500,000 triples · 456,500,000 distinct triples written
  Partitioned compression: HG005_GRCh38_1_22_v4.2.1_benchmark: cottas-merge merging — 456,750,000 triples · 456,750,000 distinct triples written
  Partitioned compression: HG005_GRCh38_1_22_v4.2.1_benchmark: cottas-merge merging — 457,000,000 triples · 457,000,000 distinct triples written
  Partitioned compression: HG005_GRCh38_1_22_v4.2.1_benchmark: cottas-merge merging — 457,250,000 triples · 457,250,000 distinct triples written
  Partitioned compression: HG005_GRCh38_1_22_v4.2.1_benchmark: cottas-merge merging — 457,500,000 triples · 457,500,000 distinct triples written
  Partitioned compression: HG005_GRCh38_1_22_v4.2.1_benchmark: cottas-merge merging — 457,750,000 triples · 457,750,000 distinct triples written
  Partitioned compression: HG005_GRCh38_1_22_v4.2.1_benchmark: cottas-merge merging — 458,000,000 triples · 458,000,000 distinct triples written
  Partitioned compression: HG005_GRCh38_1_22_v4.2.1_benchmark: cottas-merge merging — 458,250,000 triples · 458,250,000 distinct triples written
  Partitioned compression: HG005_GRCh38_1_22_v4.2.1_benchmark: cottas-merge merging — 458,500,000 triples · 458,500,000 distinct triples written
  Partitioned compression: HG005_GRCh38_1_22_v4.2.1_benchmark: cottas-merge merging — 458,750,000 triples · 458,750,000 distinct triples written
  Partitioned compression: HG005_GRCh38_1_22_v4.2.1_benchmark: cottas-merge merging — 459,000,000 triples · 459,000,000 distinct triples written
  Partitioned compression: HG005_GRCh38_1_22_v4.2.1_benchmark: cottas-merge merging — 459,250,000 triples · 459,250,000 distinct triples written
  Partitioned compression: HG005_GRCh38_1_22_v4.2.1_benchmark: cottas-merge merging — 459,500,000 triples · 459,500,000 distinct triples written
  Partitioned compression: HG005_GRCh38_1_22_v4.2.1_benchmark: cottas-merge merging — 459,750,000 triples · 459,750,000 distinct triples written
  Partitioned compression: HG005_GRCh38_1_22_v4.2.1_benchmark: cottas-merge merging — 460,000,000 triples · 460,000,000 distinct triples written
  Partitioned compression: HG005_GRCh38_1_22_v4.2.1_benchmark: cottas-merge merging — 460,250,000 triples · 460,250,000 distinct triples written
  Partitioned compression: HG005_GRCh38_1_22_v4.2.1_benchmark: cottas-merge merging — 460,500,000 triples · 460,500,000 distinct triples written
  Partitioned compression: HG005_GRCh38_1_22_v4.2.1_benchmark: cottas-merge merging — 460,750,000 triples · 460,750,000 distinct triples written
  Partitioned compression: HG005_GRCh38_1_22_v4.2.1_benchmark: cottas-merge merging — 461,000,000 triples · 461,000,000 distinct triples written
  Partitioned compression: HG005_GRCh38_1_22_v4.2.1_benchmark: cottas-merge merging — 461,250,000 triples · 461,250,000 distinct triples written
  Partitioned compression: HG005_GRCh38_1_22_v4.2.1_benchmark: cottas-merge merging — 461,500,000 triples · 461,500,000 distinct triples written
  Partitioned compression: HG005_GRCh38_1_22_v4.2.1_benchmark: cottas-merge merging — 461,750,000 triples · 461,750,000 distinct triples written
  Partitioned compression: HG005_GRCh38_1_22_v4.2.1_benchmark: cottas-merge merging — 462,000,000 triples · 462,000,000 distinct triples written
  Partitioned compression: HG005_GRCh38_1_22_v4.2.1_benchmark: cottas-merge merging — 462,250,000 triples · 462,250,000 distinct triples written
  Partitioned compression: HG005_GRCh38_1_22_v4.2.1_benchmark: cottas-merge merging — 462,500,000 triples · 462,500,000 distinct triples written
  Partitioned compression: HG005_GRCh38_1_22_v4.2.1_benchmark: cottas-merge merging — 462,750,000 triples · 462,750,000 distinct triples written
  Partitioned compression: HG005_GRCh38_1_22_v4.2.1_benchmark: cottas-merge merging — 463,000,000 triples · 463,000,000 distinct triples written
  Partitioned compression: HG005_GRCh38_1_22_v4.2.1_benchmark: cottas-merge merging — 463,250,000 triples · 463,250,000 distinct triples written
  Partitioned compression: HG005_GRCh38_1_22_v4.2.1_benchmark: cottas-merge merging — 463,500,000 triples · 463,500,000 distinct triples written
  Partitioned compression: HG005_GRCh38_1_22_v4.2.1_benchmark: cottas-merge merging — 463,750,000 triples · 463,750,000 distinct triples written
  Partitioned compression: HG005_GRCh38_1_22_v4.2.1_benchmark: cottas-merge merging — 464,000,000 triples · 464,000,000 distinct triples written
  Partitioned compression: HG005_GRCh38_1_22_v4.2.1_benchmark: cottas-merge merging — 464,250,000 triples · 464,250,000 distinct triples written
  Partitioned compression: HG005_GRCh38_1_22_v4.2.1_benchmark: cottas-merge merging — 464,500,000 triples · 464,500,000 distinct triples written
  Partitioned compression: HG005_GRCh38_1_22_v4.2.1_benchmark: cottas-merge merging — 464,750,000 triples · 464,750,000 distinct triples written
  Partitioned compression: HG005_GRCh38_1_22_v4.2.1_benchmark: cottas-merge merging — 465,000,000 triples · 465,000,000 distinct triples written
  Partitioned compression: HG005_GRCh38_1_22_v4.2.1_benchmark: cottas-merge merging — 465,250,000 triples · 465,250,000 distinct triples written
  Partitioned compression: HG005_GRCh38_1_22_v4.2.1_benchmark: cottas-merge merging — 465,500,000 triples · 465,500,000 distinct triples written
  Partitioned compression: HG005_GRCh38_1_22_v4.2.1_benchmark: cottas-merge merging — 465,750,000 triples · 465,750,000 distinct triples written
  Partitioned compression: HG005_GRCh38_1_22_v4.2.1_benchmark: cottas-merge merging — 466,000,000 triples · 466,000,000 distinct triples written
  Partitioned compression: HG005_GRCh38_1_22_v4.2.1_benchmark: cottas-merge merging — 466,250,000 triples · 466,250,000 distinct triples written
  Partitioned compression: HG005_GRCh38_1_22_v4.2.1_benchmark: cottas-merge merging — 466,500,000 triples · 466,500,000 distinct triples written
  Partitioned compression: HG005_GRCh38_1_22_v4.2.1_benchmark: cottas-merge merging — 466,750,000 triples · 466,750,000 distinct triples written
  Partitioned compression: HG005_GRCh38_1_22_v4.2.1_benchmark: cottas-merge merging — 467,000,000 triples · 467,000,000 distinct triples written
  Partitioned compression: HG005_GRCh38_1_22_v4.2.1_benchmark: cottas-merge merging — 467,250,000 triples · 467,250,000 distinct triples written
  Partitioned compression: HG005_GRCh38_1_22_v4.2.1_benchmark: cottas-merge merging — 467,500,000 triples · 467,500,000 distinct triples written
  Partitioned compression: HG005_GRCh38_1_22_v4.2.1_benchmark: cottas-merge merging — 467,750,000 triples · 467,750,000 distinct triples written
  Partitioned compression: HG005_GRCh38_1_22_v4.2.1_benchmark: cottas-merge merging — 468,000,000 triples · 468,000,000 distinct triples written
  Partitioned compression: HG005_GRCh38_1_22_v4.2.1_benchmark: cottas-merge merging — 468,250,000 triples · 468,250,000 distinct triples written
  Partitioned compression: HG005_GRCh38_1_22_v4.2.1_benchmark: cottas-merge merging — 468,500,000 triples · 468,500,000 distinct triples written
  Partitioned compression: HG005_GRCh38_1_22_v4.2.1_benchmark: cottas-merge merging — 468,750,000 triples · 468,750,000 distinct triples written
  Partitioned compression: HG005_GRCh38_1_22_v4.2.1_benchmark: cottas-merge merging — 469,000,000 triples · 469,000,000 distinct triples written
  Partitioned compression: HG005_GRCh38_1_22_v4.2.1_benchmark: cottas-merge merging — 469,250,000 triples · 469,250,000 distinct triples written
  Partitioned compression: HG005_GRCh38_1_22_v4.2.1_benchmark: cottas-merge merging — 469,500,000 triples · 469,500,000 distinct triples written
  Partitioned compression: HG005_GRCh38_1_22_v4.2.1_benchmark: cottas-merge merging — 469,750,000 triples · 469,750,000 distinct triples written
  Partitioned compression: HG005_GRCh38_1_22_v4.2.1_benchmark: cottas-merge merging — 470,000,000 triples · 470,000,000 distinct triples written
  Partitioned compression: HG005_GRCh38_1_22_v4.2.1_benchmark: cottas-merge merging — 470,250,000 triples · 470,250,000 distinct triples written
  Partitioned compression: HG005_GRCh38_1_22_v4.2.1_benchmark: cottas-merge merging — 470,500,000 triples · 470,500,000 distinct triples written
  Partitioned compression: HG005_GRCh38_1_22_v4.2.1_benchmark: cottas-merge merging — 470,750,000 triples · 470,750,000 distinct triples written
  Partitioned compression: HG005_GRCh38_1_22_v4.2.1_benchmark: cottas-merge merging — 471,000,000 triples · 471,000,000 distinct triples written
  Partitioned compression: HG005_GRCh38_1_22_v4.2.1_benchmark: cottas-merge merging — 471,250,000 triples · 471,250,000 distinct triples written
  Partitioned compression: HG005_GRCh38_1_22_v4.2.1_benchmark: cottas-merge merging — 471,500,000 triples · 471,500,000 distinct triples written
  Partitioned compression: HG005_GRCh38_1_22_v4.2.1_benchmark: cottas-merge merging — 471,750,000 triples · 471,750,000 distinct triples written
  Partitioned compression: HG005_GRCh38_1_22_v4.2.1_benchmark: cottas-merge merging — 472,000,000 triples · 472,000,000 distinct triples written
  Partitioned compression: HG005_GRCh38_1_22_v4.2.1_benchmark: cottas-merge merging — 472,250,000 triples · 472,250,000 distinct triples written
  Partitioned compression: HG005_GRCh38_1_22_v4.2.1_benchmark: cottas-merge merging — 472,500,000 triples · 472,500,000 distinct triples written
  Partitioned compression: HG005_GRCh38_1_22_v4.2.1_benchmark: cottas-merge merging — 472,750,000 triples · 472,750,000 distinct triples written
  Partitioned compression: HG005_GRCh38_1_22_v4.2.1_benchmark: cottas-merge merging — 473,000,000 triples · 473,000,000 distinct triples written
  Partitioned compression: HG005_GRCh38_1_22_v4.2.1_benchmark: cottas-merge merging — 473,250,000 triples · 473,250,000 distinct triples written
  Partitioned compression: HG005_GRCh38_1_22_v4.2.1_benchmark: cottas-merge merging — 473,500,000 triples · 473,500,000 distinct triples written
  Partitioned compression: HG005_GRCh38_1_22_v4.2.1_benchmark: cottas-merge merging — 473,750,000 triples · 473,750,000 distinct triples written
  Partitioned compression: HG005_GRCh38_1_22_v4.2.1_benchmark: cottas-merge merging — 474,000,000 triples · 474,000,000 distinct triples written
  Partitioned compression: HG005_GRCh38_1_22_v4.2.1_benchmark: cottas-merge merging — 474,250,000 triples · 474,250,000 distinct triples written
  Partitioned compression: HG005_GRCh38_1_22_v4.2.1_benchmark: cottas-merge merging — 474,500,000 triples · 474,500,000 distinct triples written
  Partitioned compression: HG005_GRCh38_1_22_v4.2.1_benchmark: cottas-merge merging — 474,750,000 triples · 474,750,000 distinct triples written
  Partitioned compression: HG005_GRCh38_1_22_v4.2.1_benchmark: cottas-merge merging — 475,000,000 triples · 475,000,000 distinct triples written
  Partitioned compression: HG005_GRCh38_1_22_v4.2.1_benchmark: cottas-merge merging — 475,250,000 triples · 475,250,000 distinct triples written
  Partitioned compression: HG005_GRCh38_1_22_v4.2.1_benchmark: cottas-merge merging — 475,500,000 triples · 475,500,000 distinct triples written
  Partitioned compression: HG005_GRCh38_1_22_v4.2.1_benchmark: cottas-merge merging — 475,750,000 triples · 475,750,000 distinct triples written
  Partitioned compression: HG005_GRCh38_1_22_v4.2.1_benchmark: cottas-merge merging — 476,000,000 triples · 476,000,000 distinct triples written
  Partitioned compression: HG005_GRCh38_1_22_v4.2.1_benchmark: cottas-merge merging — 476,250,000 triples · 476,250,000 distinct triples written
  Partitioned compression: HG005_GRCh38_1_22_v4.2.1_benchmark: cottas-merge merging — 476,500,000 triples · 476,500,000 distinct triples written
  Partitioned compression: HG005_GRCh38_1_22_v4.2.1_benchmark: cottas-merge merging — 476,750,000 triples · 476,750,000 distinct triples written
  Partitioned compression: HG005_GRCh38_1_22_v4.2.1_benchmark: cottas-merge merging — 477,000,000 triples · 477,000,000 distinct triples written
  Partitioned compression: HG005_GRCh38_1_22_v4.2.1_benchmark: cottas-merge merging — 477,250,000 triples · 477,250,000 distinct triples written
  Partitioned compression: HG005_GRCh38_1_22_v4.2.1_benchmark: cottas-merge merging — 477,500,000 triples · 477,500,000 distinct triples written
  Partitioned compression: HG005_GRCh38_1_22_v4.2.1_benchmark: cottas-merge merging — 477,750,000 triples · 477,750,000 distinct triples written
  Partitioned compression: HG005_GRCh38_1_22_v4.2.1_benchmark: cottas-merge merging — 478,000,000 triples · 478,000,000 distinct triples written
  Partitioned compression: HG005_GRCh38_1_22_v4.2.1_benchmark: cottas-merge merging — 478,250,000 triples · 478,250,000 distinct triples written
  Partitioned compression: HG005_GRCh38_1_22_v4.2.1_benchmark: cottas-merge merging — 478,500,000 triples · 478,500,000 distinct triples written
  Partitioned compression: HG005_GRCh38_1_22_v4.2.1_benchmark: cottas-merge merging — 478,750,000 triples · 478,750,000 distinct triples written
  Partitioned compression: HG005_GRCh38_1_22_v4.2.1_benchmark: cottas-merge merging — 479,000,000 triples · 479,000,000 distinct triples written
  Partitioned compression: HG005_GRCh38_1_22_v4.2.1_benchmark: cottas-merge merging — 479,250,000 triples · 479,250,000 distinct triples written
  Partitioned compression: HG005_GRCh38_1_22_v4.2.1_benchmark: cottas-merge merging — 479,500,000 triples · 479,500,000 distinct triples written
  Partitioned compression: HG005_GRCh38_1_22_v4.2.1_benchmark: cottas-merge merging — 479,750,000 triples · 479,750,000 distinct triples written
  Partitioned compression: HG005_GRCh38_1_22_v4.2.1_benchmark: cottas-merge merging — 480,000,000 triples · 480,000,000 distinct triples written
  Partitioned compression: HG005_GRCh38_1_22_v4.2.1_benchmark: cottas-merge merging — 480,250,000 triples · 480,250,000 distinct triples written
  Partitioned compression: HG005_GRCh38_1_22_v4.2.1_benchmark: cottas-merge merging — 480,500,000 triples · 480,500,000 distinct triples written
  Partitioned compression: HG005_GRCh38_1_22_v4.2.1_benchmark: cottas-merge merging — 480,750,000 triples · 480,750,000 distinct triples written
  Partitioned compression: HG005_GRCh38_1_22_v4.2.1_benchmark: cottas-merge merging — 481,000,000 triples · 481,000,000 distinct triples written
  Partitioned compression: HG005_GRCh38_1_22_v4.2.1_benchmark: cottas-merge merging — 481,250,000 triples · 481,250,000 distinct triples written
  Partitioned compression: HG005_GRCh38_1_22_v4.2.1_benchmark: cottas-merge merging — 481,500,000 triples · 481,500,000 distinct triples written
  Partitioned compression: HG005_GRCh38_1_22_v4.2.1_benchmark: cottas-merge merging — 481,750,000 triples · 481,750,000 distinct triples written
  Partitioned compression: HG005_GRCh38_1_22_v4.2.1_benchmark: cottas-merge merging — 482,000,000 triples · 482,000,000 distinct triples written
  Partitioned compression: HG005_GRCh38_1_22_v4.2.1_benchmark: cottas-merge merging — 482,250,000 triples · 482,250,000 distinct triples written
  Partitioned compression: HG005_GRCh38_1_22_v4.2.1_benchmark: cottas-merge merging — 482,500,000 triples · 482,500,000 distinct triples written
  Partitioned compression: HG005_GRCh38_1_22_v4.2.1_benchmark: cottas-merge merging — 482,750,000 triples · 482,750,000 distinct triples written
  Partitioned compression: HG005_GRCh38_1_22_v4.2.1_benchmark: cottas-merge merging — 483,000,000 triples · 483,000,000 distinct triples written
  Partitioned compression: HG005_GRCh38_1_22_v4.2.1_benchmark: cottas-merge merging — 483,250,000 triples · 483,250,000 distinct triples written
  Partitioned compression: HG005_GRCh38_1_22_v4.2.1_benchmark: cottas-merge merging — 483,500,000 triples · 483,500,000 distinct triples written
  Partitioned compression: HG005_GRCh38_1_22_v4.2.1_benchmark: cottas-merge merging — 483,750,000 triples · 483,750,000 distinct triples written
  Partitioned compression: HG005_GRCh38_1_22_v4.2.1_benchmark: cottas-merge merging — 484,000,000 triples · 484,000,000 distinct triples written
  Partitioned compression: HG005_GRCh38_1_22_v4.2.1_benchmark: cottas-merge merging — 484,250,000 triples · 484,250,000 distinct triples written
  Partitioned compression: HG005_GRCh38_1_22_v4.2.1_benchmark: cottas-merge merging — 484,500,000 triples · 484,500,000 distinct triples written
  Partitioned compression: HG005_GRCh38_1_22_v4.2.1_benchmark: cottas-merge merging — 484,750,000 triples · 484,750,000 distinct triples written
  Partitioned compression: HG005_GRCh38_1_22_v4.2.1_benchmark: cottas-merge merging — 485,000,000 triples · 485,000,000 distinct triples written
  Partitioned compression: HG005_GRCh38_1_22_v4.2.1_benchmark: cottas-merge merging — 485,250,000 triples · 485,250,000 distinct triples written
  Partitioned compression: HG005_GRCh38_1_22_v4.2.1_benchmark: cottas-merge merging — 485,500,000 triples · 485,500,000 distinct triples written
  Partitioned compression: HG005_GRCh38_1_22_v4.2.1_benchmark: cottas-merge merging — 485,750,000 triples · 485,750,000 distinct triples written
  Partitioned compression: HG005_GRCh38_1_22_v4.2.1_benchmark: cottas-merge merging — 486,000,000 triples · 486,000,000 distinct triples written
  Partitioned compression: HG005_GRCh38_1_22_v4.2.1_benchmark: cottas-merge merging — 486,250,000 triples · 486,250,000 distinct triples written
  Partitioned compression: HG005_GRCh38_1_22_v4.2.1_benchmark: cottas-merge merging — 486,500,000 triples · 486,500,000 distinct triples written
  Partitioned compression: HG005_GRCh38_1_22_v4.2.1_benchmark: cottas-merge merging — 486,750,000 triples · 486,750,000 distinct triples written
  Partitioned compression: HG005_GRCh38_1_22_v4.2.1_benchmark: cottas-merge merging — 487,000,000 triples · 487,000,000 distinct triples written
  Partitioned compression: HG005_GRCh38_1_22_v4.2.1_benchmark: cottas-merge merging — 487,250,000 triples · 487,250,000 distinct triples written
  Partitioned compression: HG005_GRCh38_1_22_v4.2.1_benchmark: cottas-merge merging — 487,500,000 triples · 487,500,000 distinct triples written
  Partitioned compression: HG005_GRCh38_1_22_v4.2.1_benchmark: cottas-merge merging — 487,750,000 triples · 487,750,000 distinct triples written
  Partitioned compression: HG005_GRCh38_1_22_v4.2.1_benchmark: cottas-merge merging — 488,000,000 triples · 488,000,000 distinct triples written
  Partitioned compression: HG005_GRCh38_1_22_v4.2.1_benchmark: cottas-merge merging — 488,250,000 triples · 488,250,000 distinct triples written
  Partitioned compression: HG005_GRCh38_1_22_v4.2.1_benchmark: cottas-merge merging — 488,500,000 triples · 488,500,000 distinct triples written
  Partitioned compression: HG005_GRCh38_1_22_v4.2.1_benchmark: cottas-merge merging — 488,750,000 triples · 488,750,000 distinct triples written
  Partitioned compression: HG005_GRCh38_1_22_v4.2.1_benchmark: cottas-merge merging — 489,000,000 triples · 489,000,000 distinct triples written
  Partitioned compression: HG005_GRCh38_1_22_v4.2.1_benchmark: cottas-merge merging — 489,250,000 triples · 489,250,000 distinct triples written
  Partitioned compression: HG005_GRCh38_1_22_v4.2.1_benchmark: cottas-merge merging — 489,500,000 triples · 489,500,000 distinct triples written
  Partitioned compression: HG005_GRCh38_1_22_v4.2.1_benchmark: cottas-merge merging — 489,750,000 triples · 489,750,000 distinct triples written
  Partitioned compression: HG005_GRCh38_1_22_v4.2.1_benchmark: cottas-merge merging — 490,000,000 triples · 490,000,000 distinct triples written
  Partitioned compression: HG005_GRCh38_1_22_v4.2.1_benchmark: cottas-merge merging — 490,250,000 triples · 490,250,000 distinct triples written
  Partitioned compression: HG005_GRCh38_1_22_v4.2.1_benchmark: cottas-merge merging — 490,500,000 triples · 490,500,000 distinct triples written
  Partitioned compression: HG005_GRCh38_1_22_v4.2.1_benchmark: cottas-merge merging — 490,750,000 triples · 490,750,000 distinct triples written
  Partitioned compression: HG005_GRCh38_1_22_v4.2.1_benchmark: cottas-merge merging — 491,000,000 triples · 491,000,000 distinct triples written
  Partitioned compression: HG005_GRCh38_1_22_v4.2.1_benchmark: cottas-merge merging — 491,250,000 triples · 491,250,000 distinct triples written
  Partitioned compression: HG005_GRCh38_1_22_v4.2.1_benchmark: cottas-merge merging — 491,500,000 triples · 491,500,000 distinct triples written
  Partitioned compression: HG005_GRCh38_1_22_v4.2.1_benchmark: cottas-merge merging — 491,750,000 triples · 491,750,000 distinct triples written
  Partitioned compression: HG005_GRCh38_1_22_v4.2.1_benchmark: cottas-merge merging — 492,000,000 triples · 492,000,000 distinct triples written
  Partitioned compression: HG005_GRCh38_1_22_v4.2.1_benchmark: cottas-merge merging — 492,250,000 triples · 492,250,000 distinct triples written
  Partitioned compression: HG005_GRCh38_1_22_v4.2.1_benchmark: cottas-merge merging — 492,500,000 triples · 492,500,000 distinct triples written
  Partitioned compression: HG005_GRCh38_1_22_v4.2.1_benchmark: cottas-merge merging — 492,750,000 triples · 492,750,000 distinct triples written
  Partitioned compression: HG005_GRCh38_1_22_v4.2.1_benchmark: cottas-merge merging — 493,000,000 triples · 493,000,000 distinct triples written
  Partitioned compression: HG005_GRCh38_1_22_v4.2.1_benchmark: cottas-merge merging — 493,250,000 triples · 493,250,000 distinct triples written
  Partitioned compression: HG005_GRCh38_1_22_v4.2.1_benchmark: cottas-merge merging — 493,500,000 triples · 493,500,000 distinct triples written
  Partitioned compression: HG005_GRCh38_1_22_v4.2.1_benchmark: cottas-merge merging — 493,750,000 triples · 493,750,000 distinct triples written
  Partitioned compression: HG005_GRCh38_1_22_v4.2.1_benchmark: cottas-merge merging — 494,000,000 triples · 494,000,000 distinct triples written
  Partitioned compression: HG005_GRCh38_1_22_v4.2.1_benchmark: cottas-merge merging — 494,250,000 triples · 494,250,000 distinct triples written
  Partitioned compression: HG005_GRCh38_1_22_v4.2.1_benchmark: cottas-merge merging — 494,500,000 triples · 494,500,000 distinct triples written
  Partitioned compression: HG005_GRCh38_1_22_v4.2.1_benchmark: cottas-merge merging — 494,750,000 triples · 494,750,000 distinct triples written
  Partitioned compression: HG005_GRCh38_1_22_v4.2.1_benchmark: cottas-merge merging — 495,000,000 triples · 495,000,000 distinct triples written
  Partitioned compression: HG005_GRCh38_1_22_v4.2.1_benchmark: cottas-merge merging — 495,250,000 triples · 495,250,000 distinct triples written
  Partitioned compression: HG005_GRCh38_1_22_v4.2.1_benchmark: cottas-merge merging — 495,500,000 triples · 495,500,000 distinct triples written
  Partitioned compression: HG005_GRCh38_1_22_v4.2.1_benchmark: cottas-merge merging — 495,750,000 triples · 495,750,000 distinct triples written
  Partitioned compression: HG005_GRCh38_1_22_v4.2.1_benchmark: cottas-merge merging — 496,000,000 triples · 496,000,000 distinct triples written
  Partitioned compression: HG005_GRCh38_1_22_v4.2.1_benchmark: cottas-merge merging — 496,250,000 triples · 496,250,000 distinct triples written
  Partitioned compression: HG005_GRCh38_1_22_v4.2.1_benchmark: cottas-merge merging — 496,500,000 triples · 496,500,000 distinct triples written
  Partitioned compression: HG005_GRCh38_1_22_v4.2.1_benchmark: cottas-merge merging — 496,750,000 triples · 496,750,000 distinct triples written
  Partitioned compression: HG005_GRCh38_1_22_v4.2.1_benchmark: cottas-merge merging — 497,000,000 triples · 497,000,000 distinct triples written
  Partitioned compression: HG005_GRCh38_1_22_v4.2.1_benchmark: cottas-merge merging — 497,250,000 triples · 497,250,000 distinct triples written
  Partitioned compression: HG005_GRCh38_1_22_v4.2.1_benchmark: cottas-merge merging — 497,500,000 triples · 497,500,000 distinct triples written
  Partitioned compression: HG005_GRCh38_1_22_v4.2.1_benchmark: cottas-merge complete — 497,642,517 triples · 497,642,517 distinct triples written
  Partitioned compression: HG005_GRCh38_1_22_v4.2.1_benchmark: cottas-merge complete — cottas-merge-stream
  Partitioned compression: HG005_GRCh38_1_22_v4.2.1_benchmark: cottas started — cottas-validate
  Partitioned compression: HG005_GRCh38_1_22_v4.2.1_benchmark: cottas complete — cottas-validate
Partitioned compression: HG005_GRCh38_1_22_v4.2.1_benchmark: finished
