1789229850	4096
1789229855	197402624
1789229860	427458560
1789229865	658378752
1789229870	887308288
1789229875	1112117248
1789229880	1350295552
1789229885	1583882240
1789229890	1821536256
1789229895	2057986048
1789229900	2298089472
1789229905	2533535744
1789229910	2551492608
1789229915	2583527424
1789229920	2808999936
1789229925	3041099776
1789229930	3276988416
1789229935	3514494976
1789229940	3754106880
1789229945	3993890816
1789229950	4235894784
1789229955	4476944384
1789229960	4715241472
1789229965	4948639744
1789229970	5181083648
1789229975	5413822464
1789229980	5647208448
1789229985	5880934400
1789229990	6118539264
1789229995	6356082688
1789230000	6589218816
1789230005	6828945408
1789230010	7065673728
1789230015	7300927488
1789230020	7538286592
1789230025	7741493248
1789230030	7760928768
1789230035	8004235264
1789230040	7760936960
1789230045	7760924672
1789230050	8192430080
1789230056	7768842240
1789230061	7760891904
1789230066	7760891904
1789230071	7760891904
1789230076	7811215360
1789230081	8490700800
1789230086	9186963456
1789230091	9866448896
1789230096	10562711552
1789230101	11258974208
1789230106	11946844160
1789230111	12626329600
1789230116	13322592256
1789230121	14018854912
1789230126	14715117568
1789230131	15411380224
1789230136	16099254272
1789230141	16787128320
1789230146	17466613760
1789230151	18154487808
1789230156	18825584640
1789230161	19513454592
1789230166	20209717248
1789230171	20880814080
1789230176	21573976064
1789230181	22264950784
1789230186	22969602048
1789230191	23665864704
1789230196	24370515968
1789230201	25058385920
1789230206	25746259968
1789230211	26442522624
1789230216	27130396672
1789230221	27818270720
1789230226	28514533376
1789230231	29202403328
1789230236	29881888768
1789230241	30586540032
1789230246	31282802688
1789230251	31995842560
1789230256	32692105216
1789230261	33379979264
1789230266	34051072000
1789230271	34730557440
1789230276	35426820096
1789230281	36123082752
1789230286	36819345408
1789230291	37507219456
1789230296	38178316288
1789230301	38857801728
1789230306	39554060288
1789230311	40250322944
1789230316	40946585600
1789230321	41634459648
1789230326	42330722304
1789230331	42993434624
1789230336	43695337472
1789230341	44385845248
1789230346	45073829888
1789230351	45761703936
1789230356	46449573888
1789230361	47112282112
1789230366	47791767552
1789230371	48488030208
1789230376	49184288768
1789230381	49888940032
1789230386	50576814080
1789230391	51264688128
1789230396	51929640960
1789230401	52623654912
1789230406	53311528960
1789230411	54007791616
1789230416	54687277056
1789230421	55356833792
1789230426	55918874624
1789230431	56506085376
1789230436	57101684736
1789230441	57680506880
1789230446	58267717632
1789230451	58846539776
1789230456	59425357824
1789230461	59995791360
1789230466	60582998016
1789230471	61178597376
1789230476	61765808128
1789230481	62361407488
1789230486	62948618240
1789230491	63535824896
1789230496	64106258432
1789230501	64685080576
1789230506	65272291328
1789230511	65876279296
1789230516	66463490048
1789230521	67050696704
1789230526	67637907456
1789230531	68216729600
1789230536	68795551744
1789230541	69389426688
1789230546	69978361856
1789230551	70557184000
1789230556	71144394752
1789230561	71734013952
1789230566	72310427648
1789230571	72880861184
1789230576	73476460544
1789230581	74072055808
1789230586	74650877952
1789230591	75246477312
1789230596	75833688064
1789230601	76412510208
1789230606	76982943744
1789230611	77561765888
1789230616	78148972544
1789230621	78736183296
1789230626	79331782656
1789230631	79918993408
1789230636	80491536384
1789230641	81076637696
1789230646	81647071232
1789230651	82242670592
1789230656	82829881344
1789230661	83417088000
1789230666	84004298752
1789230671	84591509504
1789230676	85170331648
1789230681	85740765184
1789230686	86327975936
1789230691	86915182592
1789230696	87502393344
1789230701	88089604096
1789230706	88676810752
1789230711	89261694976
1789230716	89842843648
1789230721	90421665792
1789230726	91008876544
1789230731	91604475904
1789230736	92191682560
1789230741	92778893312
1789230746	93366104064
1789230751	93561282560
1789230756	93561282560
1789230762	93561282560
1789230767	93561282560
1789230772	93561282560
1789230777	93561282560
1789230782	93561282560
1789230787	93561282560
1789230792	93561282560
1789230797	93561282560
1789230802	93561282560
1789230807	93561282560
1789230812	93561282560
1789230817	93561282560
1789230822	93561282560
1789230827	93561282560
1789230832	93561282560
1789230837	93561282560
1789230842	93561282560
1789230847	93561282560
1789230852	93561282560
1789230857	93561282560
1789230862	93561282560
1789230867	93561282560
1789230872	93561282560
1789230877	93561282560
1789230882	93561282560
1789230887	93561282560
1789230892	93561282560
1789230897	93561282560
1789230902	93561282560
1789230907	93561282560
1789230912	93561282560
1789230917	93561282560
1789230922	93561282560
1789230927	93561282560
1789230932	93561282560
1789230937	93561282560
1789230942	93561282560
1789230947	93561282560
1789230952	93561282560
1789230957	93561282560
1789230962	93561282560
1789230967	93561282560
1789230972	93561282560
1789230977	93561282560
1789230982	93561282560
1789230987	93561282560
1789230992	93561282560
1789230997	93561282560
1789231002	93561282560
1789231007	93561282560
1789231012	93561282560
1789231017	93561282560
1789231022	93561282560
1789231027	93561282560
1789231032	93561282560
1789231037	93561282560
1789231042	93561282560
1789231047	93561282560
1789231052	93561282560
1789231057	93561282560
1789231062	93561282560
1789231067	93561282560
1789231072	93561282560
1789231077	93561282560
1789231082	93561282560
1789231087	93561282560
1789231092	93561282560
1789231097	93561282560
1789231102	93561282560
1789231107	93561282560
1789231112	93561282560
1789231117	93561282560
1789231122	93561282560
1789231127	93561282560
1789231132	93561282560
1789231137	93561282560
1789231142	93561282560
1789231147	93561282560
1789231152	93561282560
1789231157	93561282560
1789231162	93561282560
1789231167	93561282560
1789231172	93561282560
1789231177	93561282560
1789231182	93561282560
1789231187	93561282560
1789231192	93561282560
1789231197	93561282560
1789231202	93561282560
1789231207	93561282560
1789231212	93561282560
1789231217	93561282560
1789231222	93561282560
1789231227	93561282560
1789231232	93561282560
1789231237	93561282560
1789231242	93561282560
1789231247	93561282560
1789231252	93561282560
1789231257	93561282560
1789231262	93561282560
1789231267	93561282560
1789231272	93561282560
1789231277	93561282560
1789231282	93561282560
1789231287	93561282560
1789231292	93561282560
1789231297	93561282560
1789231302	93561282560
1789231307	93561282560
1789231312	93561282560
1789231317	93561282560
1789231322	93561282560
1789231327	93561282560
1789231332	93561282560
1789231337	93561282560
1789231342	93561282560
1789231347	93561282560
1789231352	93561282560
1789231357	93561282560
1789231362	93561282560
1789231367	93561282560
1789231372	93561282560
1789231377	93561282560
1789231382	93561282560
1789231387	93561282560
1789231392	93561282560
1789231397	93561282560
1789231403	93561282560
1789231408	93561282560
1789231413	93561282560
1789231418	93561282560
1789231423	93561282560
1789231428	93561282560
1789231433	93561282560
1789231438	93561282560
1789231443	93561282560
1789231448	93561282560
1789231453	93561282560
1789231458	93561282560
1789231463	93561282560
1789231468	93561282560
1789231473	93561282560
1789231478	93561282560
1789231483	93561282560
1789231488	93561282560
1789231493	93561282560
1789231498	93561282560
1789231503	93561282560
1789231508	93561282560
1789231513	93561282560
1789231518	93561282560
1789231523	93561282560
1789231528	93561282560
1789231533	93561282560
1789231538	93561282560
1789231543	93561282560
1789231548	93561282560
1789231553	93561282560
1789231558	93561282560
1789231563	93561282560
1789231568	93561282560
1789231573	93561282560
1789231578	93561282560
1789231583	93561282560
1789231588	93561282560
1789231593	93561282560
1789231598	93561282560
1789231603	93561282560
1789231608	93561282560
1789231613	93561282560
1789231618	93561282560
1789231623	93561282560
1789231628	93561282560
1789231633	93561282560
1789231638	93561282560
1789231643	93561282560
1789231648	93561282560
1789231653	93561282560
1789231658	93561282560
1789231663	93561282560
1789231668	93561282560
1789231673	93561282560
1789231678	93561282560
1789231683	93561282560
1789231688	93561282560
1789231693	93561282560
1789231698	93561282560
1789231703	93561282560
1789231708	93561282560
1789231713	93561282560
1789231718	93561282560
1789231723	93561282560
1789231728	93561282560
1789231733	93561282560
1789231738	93561282560
1789231743	93561282560
1789231748	93561282560
1789231753	93561282560
1789231758	93561282560
1789231763	93561282560
1789231768	93561282560
1789231773	93561282560
1789231778	93561282560
1789231783	93561282560
1789231788	93561282560
1789231793	93561282560
1789231798	93561282560
1789231803	93561282560
1789231808	93561282560
1789231813	93561282560
1789231818	93561282560
1789231823	93561282560
1789231828	93561282560
1789231833	93561282560
1789231838	93561282560
1789231843	93561282560
1789231848	93561282560
1789231853	93561282560
1789231858	93561282560
1789231863	93561282560
1789231868	93561282560
1789231873	93561282560
1789231878	93561282560
1789231883	93561282560
1789231888	93561282560
1789231893	93561282560
1789231898	93561282560
1789231903	93561282560
1789231908	93561282560
1789231913	93561282560
1789231918	93561282560
1789231923	93561282560
1789231928	93561282560
1789231933	93561286656
1789231938	93561286656
1789231943	93561286656
1789231948	93561286656
1789231953	93561286656
1789231958	93561286656
1789231963	93561286656
1789231968	93561286656
1789231973	93561286656
1789231978	93561286656
1789231983	93561286656
1789231989	93561286656
1789231994	93561286656
1789231999	93561286656
1789232004	93561286656
1789232009	93561286656
1789232014	93561286656
1789232019	93561286656
1789232024	93561286656
1789232029	93561286656
1789232034	93561286656
1789232039	93561286656
1789232044	93561286656
1789232049	93561286656
1789232054	93561286656
1789232059	93561286656
1789232064	93561286656
1789232069	93561286656
1789232074	93561286656
1789232079	93561286656
1789232084	93561286656
1789232089	93561286656
1789232094	93561286656
1789232099	93561286656
1789232104	93561286656
1789232109	93561286656
1789232114	93561286656
1789232119	93561286656
1789232124	93561286656
1789232129	93561286656
1789232134	93561286656
1789232139	93561286656
1789232144	93561286656
1789232149	93561286656
1789232154	93561286656
1789232159	93561286656
1789232164	93561286656
1789232169	93561286656
1789232174	93561286656
1789232179	93561286656
1789232184	93561286656
1789232189	93561286656
1789232194	93561286656
1789232199	93561286656
1789232204	93561286656
1789232209	93561286656
1789232214	93561286656
1789232219	93561286656
1789232224	93561286656
1789232229	93561286656
1789232234	93561286656
1789232239	93561286656
1789232244	93561286656
1789232249	93561286656
1789232254	93561286656
1789232259	93561286656
1789232264	93561286656
1789232269	93561286656
1789232274	93561286656
1789232279	93561286656
1789232284	93561286656
1789232289	93561286656
1789232294	93561286656
1789232299	93561286656
1789232304	93561286656
1789232309	93561286656
1789232314	93561286656
1789232319	93561286656
1789232324	93561286656
1789232329	93561286656
1789232334	93561286656
1789232339	93561286656
1789232344	93561286656
1789232349	93561286656
1789232354	93561286656
1789232359	93561286656
1789232364	93561286656
1789232369	93561286656
1789232374	93561286656
1789232379	93561286656
1789232384	93561286656
1789232389	93561286656
1789232394	93561286656
1789232399	93561286656
1789232404	93561286656
1789232409	93561286656
1789232414	93561286656
1789232419	93561286656
1789232424	93561286656
1789232429	93561286656
1789232434	93561286656
1789232439	93561286656
1789232444	93561286656
1789232449	93561286656
1789232454	93561286656
1789232459	93561286656
1789232464	93561286656
1789232469	93561286656
1789232474	93561286656
1789232479	93561286656
1789232484	93561286656
1789232489	93561286656
1789232494	93561286656
1789232499	93561286656
1789232504	93561286656
1789232509	93561286656
1789232514	93561286656
1789232519	93561286656
1789232524	93561286656
1789232529	93561286656
1789232534	93561286656
1789232539	93561286656
1789232544	93561286656
1789232549	93561286656
1789232554	93561286656
1789232559	93561286656
1789232564	93561286656
1789232569	93561286656
1789232574	93561286656
1789232579	93561286656
1789232584	93561286656
1789232589	93561286656
1789232594	93561286656
1789232599	93561286656
1789232604	93561286656
1789232609	93561286656
1789232614	93561286656
1789232619	93561286656
1789232624	93561286656
1789232629	93561286656
1789232634	93561286656
1789232640	93561286656
1789232645	93561286656
1789232650	93561286656
1789232655	93561286656
1789232660	93561286656
1789232665	93561286656
1789232670	93561286656
1789232675	93561286656
1789232680	93561286656
1789232685	93561286656
1789232690	93561286656
1789232695	93561286656
1789232700	93561286656
1789232705	93561286656
1789232710	93561286656
1789232715	93561286656
1789232720	93561286656
1789232725	93561286656
1789232730	93561286656
1789232735	93561286656
1789232740	93561286656
1789232745	93561286656
1789232750	93561286656
1789232755	93561286656
1789232760	93561286656
1789232765	93561286656
1789232770	93561286656
1789232775	93561286656
1789232780	93561286656
1789232785	93561286656
1789232790	93561286656
1789232795	93561286656
1789232800	93561286656
1789232805	93561286656
1789232810	93561286656
1789232815	93561286656
1789232820	93561286656
1789232825	93561286656
1789232830	93561286656
1789232835	93561286656
1789232840	93561286656
1789232845	93561286656
1789232850	93561286656
1789232855	93561286656
1789232860	93561286656
1789232865	93561286656
1789232870	93561286656
1789232875	93561286656
1789232880	93561286656
1789232885	93561286656
1789232890	93561286656
1789232895	93561286656
1789232900	93561286656
1789232905	93561286656
1789232910	93561286656
1789232915	93561286656
1789232920	93561286656
1789232925	93561286656
1789232930	93561286656
1789232935	93561286656
1789232940	93561286656
1789232945	93561286656
1789232950	93561286656
1789232955	93561286656
1789232960	93561286656
1789232965	93561286656
1789232970	93561286656
1789232975	93561286656
1789232980	93561286656
1789232985	93561286656
1789232990	93561286656
1789232995	93561286656
1789233000	93561286656
1789233005	93561286656
1789233010	93561286656
1789233015	93561286656
1789233020	93561286656
1789233025	93561286656
1789233030	93561286656
1789233035	93561286656
1789233040	93561286656
1789233045	93561286656
1789233050	93561286656
1789233055	93561286656
1789233060	93561286656
1789233065	93561286656
1789233070	93561286656
1789233075	93561286656
1789233080	93561286656
1789233085	93561286656
1789233090	93561286656
1789233095	93561286656
1789233100	93561286656
1789233105	93561286656
1789233110	93561286656
1789233115	93561286656
1789233120	93561286656
1789233125	93561286656
1789233130	93561286656
1789233135	93561286656
1789233140	93561286656
1789233145	93561286656
1789233150	93561286656
1789233155	93561286656
1789233160	93561286656
1789233165	93561286656
1789233170	93561286656
1789233175	93561286656
1789233180	93561286656
1789233185	93561286656
1789233190	93561286656
1789233195	93561286656
1789233200	93561286656
1789233205	93561286656
1789233210	93561286656
1789233215	93561286656
1789233220	93561286656
1789233225	93561286656
1789233230	93561286656
1789233235	93561286656
1789233240	93561286656
1789233245	93561286656
1789233250	93561286656
1789233255	93561286656
1789233260	93561286656
1789233266	93561286656
1789233271	93561286656
1789233276	93561286656
1789233281	93561286656
1789233286	93561286656
1789233291	93561286656
1789233296	93561286656
1789233301	93561286656
1789233306	93561286656
1789233311	93561286656
1789233316	93561286656
1789233321	93561286656
1789233326	93561286656
1789233331	93561286656
1789233336	93561286656
1789233341	93561286656
1789233346	93561286656
1789233351	93561286656
1789233356	93561286656
1789233361	93561286656
1789233366	93561286656
1789233371	93561286656
1789233376	93561286656
1789233381	93561286656
1789233386	93561286656
1789233391	93561286656
1789233396	93561286656
1789233401	93561286656
1789233406	93561286656
1789233411	93561286656
1789233416	93561286656
1789233421	93561286656
1789233426	93561286656
1789233431	93561286656
1789233436	93561286656
1789233441	93561286656
1789233446	93561286656
1789233451	93561286656
1789233456	93561286656
1789233461	93561286656
1789233466	93561286656
1789233471	93561286656
1789233476	93561286656
1789233481	93561286656
1789233486	93561286656
1789233491	93561286656
1789233496	93561286656
1789233501	93561286656
1789233506	93561286656
1789233511	93561286656
1789233516	93561286656
1789233521	93561286656
1789233526	93561286656
1789233531	93561286656
1789233536	93561286656
1789233541	93561286656
1789233546	93561286656
1789233551	93561286656
1789233556	93561286656
1789233561	93561286656
1789233566	93561286656
1789233571	93561286656
1789233576	93561286656
1789233581	93561286656
1789233586	93561286656
1789233591	93561286656
1789233596	93561286656
1789233601	93561286656
1789233606	93561286656
1789233611	93561286656
1789233616	93561286656
1789233621	93561286656
1789233626	93561286656
1789233631	93561286656
1789233636	93561286656
1789233641	93561286656
1789233646	93561286656
1789233651	93561290752
1789233656	93561290752
1789233661	93561290752
1789233666	93561290752
1789233671	93561290752
1789233676	93561290752
1789233681	93561290752
1789233686	93561290752
1789233691	93561290752
1789233696	93561290752
1789233701	93561290752
1789233706	93561290752
1789233711	93561290752
1789233716	93561290752
1789233721	93561290752
1789233726	93561290752
1789233731	93561290752
1789233736	93561290752
1789233741	93561290752
1789233746	93561290752
1789233751	93561290752
1789233756	93561290752
1789233761	93561290752
1789233766	93561290752
1789233771	93561290752
1789233776	93561290752
1789233781	93561290752
1789233786	93561290752
1789233791	93561290752
1789233796	93561290752
1789233801	93561290752
1789233806	93561290752
1789233811	93561290752
1789233816	93561290752
1789233821	93561290752
1789233826	93561290752
1789233831	93561290752
1789233836	93561290752
1789233841	93561290752
1789233846	93561290752
1789233851	93561290752
1789233856	93561290752
1789233861	93561290752
1789233867	93561290752
1789233872	93561290752
1789233877	93561290752
1789233882	93561290752
1789233887	93561290752
1789233892	93561290752
1789233897	93561290752
1789233902	93561290752
1789233907	93561290752
1789233912	93561290752
1789233917	93561290752
1789233922	93561290752
1789233927	93561290752
1789233932	93561290752
1789233937	93561290752
1789233942	93561290752
1789233947	93561290752
1789233952	93561290752
1789233957	93561290752
1789233962	93561290752
1789233967	93561290752
1789233972	93561290752
1789233977	93561290752
1789233982	93561290752
1789233987	93561290752
1789233992	93561290752
1789233997	93561290752
1789234002	93561290752
1789234007	93561290752
1789234012	93561290752
1789234017	93561290752
1789234022	93561290752
1789234027	93561290752
1789234032	93561290752
1789234037	93561290752
1789234042	93561290752
1789234047	93561290752
1789234052	93561290752
1789234057	93561290752
1789234062	93561290752
1789234067	93561290752
1789234072	93561290752
1789234077	93561290752
1789234082	93561290752
1789234087	93561290752
1789234092	93561290752
1789234097	93561290752
1789234102	93561290752
1789234107	93561290752
1789234112	93561290752
1789234117	93561290752
1789234122	93561290752
1789234127	93561290752
1789234132	93561290752
1789234137	93561290752
1789234142	93561290752
1789234147	93561290752
1789234152	93561290752
1789234157	93561290752
1789234162	93561290752
1789234167	93561290752
1789234172	93561290752
1789234177	93561290752
1789234182	93561290752
1789234187	93561290752
1789234192	93561290752
1789234197	93561290752
1789234202	93561290752
1789234207	93561290752
1789234212	93561290752
1789234217	93561290752
1789234222	93561290752
1789234227	93561290752
1789234232	93561290752
1789234237	93561290752
1789234242	93561290752
1789234247	93561290752
1789234252	93561290752
1789234257	93561290752
1789234262	93561290752
1789234267	93561290752
1789234272	93561290752
1789234277	93561290752
1789234282	93561290752
1789234287	93561290752
1789234292	93561290752
1789234297	93561290752
1789234302	93561290752
1789234307	93561290752
1789234312	93561290752
1789234317	93561290752
1789234322	93561290752
1789234327	93561290752
1789234332	93561290752
1789234337	93561290752
1789234342	93561290752
1789234347	93561290752
1789234352	93561290752
1789234357	93561290752
1789234362	93561290752
1789234367	93561290752
1789234372	93561290752
1789234377	93561290752
1789234382	93561290752
1789234387	93561290752
1789234392	93561290752
1789234397	93561290752
1789234402	93561290752
1789234407	93561290752
1789234412	93561290752
1789234417	93561290752
1789234422	93561290752
1789234427	93561290752
1789234432	93561290752
1789234437	93561290752
1789234442	93561290752
1789234447	93561290752
1789234452	93561290752
1789234457	93561290752
1789234462	93561290752
1789234467	93561290752
1789234472	93561290752
1789234477	93561290752
1789234482	93561290752
1789234487	93561290752
1789234492	93561290752
1789234497	93561290752
1789234502	93561290752
1789234508	93561290752
1789234513	93561290752
1789234518	93561290752
1789234523	93561290752
1789234528	93561290752
1789234533	93561290752
1789234538	93561290752
1789234543	93561290752
1789234548	93561290752
1789234553	93561290752
1789234558	93561290752
1789234563	93561290752
1789234568	93561290752
1789234573	93561290752
1789234578	93561290752
1789234583	93561290752
1789234588	93561290752
1789234593	93561290752
1789234598	93561290752
1789234603	93561290752
1789234608	93561290752
1789234613	93561290752
1789234618	93561290752
1789234623	93561290752
1789234628	93561290752
1789234633	93561290752
1789234638	93561290752
1789234643	93561290752
1789234648	93561290752
1789234653	93561290752
1789234658	93561290752
1789234663	93561290752
1789234668	93561290752
1789234673	93561290752
1789234678	93561290752
1789234683	93561290752
1789234688	93561290752
1789234693	93561290752
1789234698	93561290752
1789234703	93561290752
1789234708	93561290752
1789234713	93561290752
1789234718	93561290752
1789234723	93561290752
1789234728	93561290752
1789234733	93561290752
1789234738	93561290752
1789234743	93561290752
1789234748	93561290752
1789234753	93561290752
1789234758	93561290752
1789234763	93561290752
1789234768	93561290752
1789234773	93561290752
1789234778	93561290752
1789234783	93561290752
1789234788	93561290752
1789234793	93561290752
1789234798	93561294848
1789234803	93561294848
1789234808	93561294848
1789234813	93561294848
1789234818	93561294848
1789234823	93561294848
1789234828	93561294848
1789234833	93561294848
1789234838	93561294848
1789234843	93561294848
1789234848	93561294848
1789234853	93561294848
1789234858	93561294848
1789234863	93561294848
1789234868	93561294848
1789234873	93561294848
1789234878	93561294848
1789234883	93561294848
1789234888	93561294848
1789234893	93561294848
1789234898	93561294848
1789234903	93561294848
1789234908	93561294848
1789234913	93561294848
1789234918	93561294848
1789234923	93561294848
1789234928	93561294848
1789234933	93561294848
1789234938	93561294848
1789234943	93561294848
1789234948	93561294848
1789234953	93561294848
1789234958	93561294848
1789234963	93561294848
1789234968	93561294848
1789234973	93561294848
1789234978	93561294848
1789234983	93561294848
1789234988	93561294848
1789234993	93561294848
1789234998	93561294848
1789235003	93561294848
1789235008	93561294848
1789235013	93561294848
1789235018	93561294848
1789235023	93561294848
1789235028	93561294848
1789235033	93561294848
1789235038	93561294848
1789235043	93561294848
1789235048	93561294848
1789235053	93561294848
1789235058	93561294848
1789235063	93561294848
1789235068	93561294848
1789235073	93561294848
1789235078	93561294848
1789235083	93561294848
1789235088	93561294848
1789235093	93561294848
1789235098	93561294848
1789235103	93561294848
1789235108	93561294848
1789235113	93561294848
1789235118	93561294848
1789235123	93561294848
1789235129	93561294848
1789235134	93561294848
1789235139	93561294848
1789235144	93561294848
1789235149	93561294848
1789235154	93561294848
1789235159	93561294848
1789235164	93561294848
1789235169	93561294848
1789235174	93561294848
1789235179	93561294848
1789235184	93561294848
1789235189	93561294848
1789235194	93561294848
1789235199	93561294848
1789235204	93561294848
1789235209	93561294848
1789235214	93561294848
1789235219	93561294848
1789235224	93561294848
1789235229	93561294848
1789235234	93561294848
1789235239	93561294848
1789235244	93561294848
1789235249	93561294848
1789235254	93561294848
1789235259	93561294848
1789235264	93561294848
1789235269	93561294848
1789235274	93561294848
1789235279	93561294848
1789235284	93561294848
1789235289	93561294848
1789235294	93561294848
1789235299	93561294848
1789235304	93561294848
1789235309	93561294848
1789235314	93561294848
1789235319	93561294848
1789235324	93561294848
1789235329	93561294848
1789235334	93561294848
1789235339	93561294848
1789235344	93561294848
1789235349	93561294848
1789235354	93561294848
1789235359	93561294848
1789235364	93561294848
1789235369	93561294848
1789235374	93561294848
1789235379	93561294848
1789235384	93561294848
1789235389	93561294848
1789235394	93561294848
1789235399	93561294848
1789235404	93561294848
1789235409	93561294848
1789235414	93561294848
1789235419	93561294848
1789235424	93561294848
1789235429	93561294848
1789235434	93561294848
1789235439	93561294848
1789235444	93561294848
1789235449	93561294848
1789235454	93561294848
1789235459	93561294848
1789235464	93561294848
1789235469	93561294848
1789235474	93561294848
1789235479	93561294848
1789235484	93561294848
1789235489	93561294848
1789235494	93561294848
1789235499	93561294848
1789235504	93561294848
1789235509	93561294848
1789235514	93561294848
1789235519	93561294848
1789235524	93561294848
1789235529	93561294848
1789235534	93561294848
1789235539	93561294848
1789235544	93561294848
1789235549	93561294848
1789235554	93561294848
1789235559	93561294848
1789235564	93561294848
1789235569	93561294848
1789235574	93561294848
1789235579	93561294848
1789235584	93561294848
1789235589	93561294848
1789235594	93561294848
1789235599	93561294848
1789235604	93561294848
1789235609	93561294848
1789235614	93561294848
1789235619	93561294848
1789235624	93561294848
1789235629	93561294848
1789235634	93561294848
1789235639	93561294848
1789235644	93561294848
1789235649	93561294848
1789235654	93561294848
1789235659	93561294848
1789235664	93561294848
1789235669	93561294848
1789235674	93561294848
1789235679	93561294848
1789235684	93561294848
1789235689	93561294848
1789235694	93561294848
1789235699	93561294848
1789235704	93561294848
1789235709	93561294848
1789235714	93561294848
1789235719	93561294848
1789235724	93561294848
1789235729	93561294848
1789235734	93561294848
1789235739	93561294848
1789235744	93561294848
1789235749	93561294848
1789235754	93561294848
1789235759	93561294848
1789235764	93561294848
1789235769	93561294848
1789235775	93561294848
1789235780	93561294848
1789235785	93561294848
1789235790	93561294848
1789235795	93561294848
1789235800	93561294848
1789235805	93561294848
1789235810	93561294848
1789235815	93561294848
1789235820	93561294848
1789235825	93561294848
1789235830	93561294848
1789235835	93561294848
1789235840	93561294848
1789235845	93561294848
1789235850	93561294848
1789235855	93561294848
1789235860	93561294848
1789235865	93561294848
1789235870	93561294848
1789235875	93561294848
1789235880	93561294848
1789235885	93561294848
1789235890	93561294848
1789235895	93561294848
1789235900	93561294848
1789235905	93561294848
1789235910	93561294848
1789235915	93561294848
1789235920	93561294848
1789235925	93561294848
1789235930	93561294848
1789235935	93561294848
1789235940	93561294848
1789235945	93561294848
1789235950	93561294848
1789235955	93561294848
1789235960	93561294848
1789235965	93561294848
1789235970	93561294848
1789235975	93561294848
1789235980	93561294848
1789235985	93561294848
1789235990	93561294848
1789235995	93561294848
1789236000	93561294848
1789236005	93561294848
1789236010	93561294848
1789236015	93561294848
1789236020	93561294848
1789236025	93561294848
1789236030	93561294848
1789236035	93561294848
1789236040	93561294848
1789236045	93561294848
1789236050	93561294848
1789236055	93561294848
1789236060	93561294848
1789236065	93561294848
1789236070	93561294848
1789236075	93561294848
1789236080	93561294848
1789236085	93561294848
1789236090	93561294848
1789236095	93561294848
1789236100	93561294848
1789236105	93561294848
1789236110	93561294848
1789236115	93561294848
1789236120	93561294848
1789236125	93561294848
1789236130	93561294848
1789236135	93561294848
1789236140	93561294848
1789236145	93561294848
1789236150	93561294848
1789236155	93561294848
1789236160	93561294848
1789236165	93561294848
1789236170	93561294848
1789236175	93561294848
1789236180	93561294848
1789236185	93561294848
1789236190	93561294848
1789236195	93561294848
1789236200	93561294848
1789236205	93561294848
1789236210	93561294848
1789236215	93561294848
1789236220	93561294848
1789236225	93561294848
1789236230	93561294848
1789236235	93561294848
1789236240	93561294848
1789236245	93561294848
1789236250	93561294848
1789236255	93561294848
1789236260	93561294848
1789236265	93561294848
1789236270	93561294848
1789236275	93561298944
1789236280	93561298944
1789236285	93561298944
1789236290	93561298944
1789236295	93561298944
1789236300	93561298944
1789236305	93561298944
1789236310	93561298944
1789236315	93561298944
1789236320	93561298944
1789236325	93561298944
1789236330	93561298944
1789236335	93561298944
1789236340	93561298944
1789236345	93561298944
1789236350	93561298944
1789236355	93561298944
1789236360	93561298944
1789236365	93561298944
1789236370	93561298944
1789236376	93561298944
1789236381	93561298944
1789236386	93561298944
1789236391	93561298944
1789236396	93561298944
1789236401	93561298944
1789236406	93561298944
1789236411	93561298944
1789236416	93561298944
1789236421	93561298944
1789236426	93561298944
1789236431	93561298944
1789236436	93561298944
1789236441	93561298944
1789236446	93561298944
1789236451	93561298944
1789236456	93561298944
1789236461	93561298944
1789236466	93561298944
1789236471	93561298944
1789236476	93561298944
1789236481	93561298944
1789236486	93561298944
1789236491	93561298944
1789236496	93561298944
1789236501	93561298944
1789236506	93561298944
1789236511	93561298944
1789236516	93561298944
1789236521	93561298944
1789236526	93561298944
1789236531	93561298944
1789236536	93561298944
1789236541	93561298944
1789236546	93561298944
1789236551	93561298944
1789236556	93561298944
1789236561	93561298944
1789236566	93561298944
1789236571	93561303040
1789236576	93561303040
1789236581	93561303040
1789236586	93561303040
1789236591	93561307136
1789236596	93561307136
1789236601	93561307136
1789236606	93561307136
1789236611	93561307136
1789236616	93561307136
1789236621	93561307136
1789236626	93561307136
1789236631	93561307136
1789236636	93561307136
1789236641	93561307136
1789236646	93561307136
1789236651	93561307136
1789236656	93561307136
1789236661	93561307136
1789236666	93561307136
1789236671	93561307136
1789236676	93561307136
1789236681	93561307136
1789236686	93561307136
1789236691	93561307136
1789236696	93561307136
1789236701	93561307136
1789236706	93561307136
1789236711	93561307136
1789236716	93561307136
1789236721	93561307136
1789236726	93561307136
1789236731	93561307136
1789236736	93561307136
1789236741	93561307136
1789236746	93561307136
1789236751	93561307136
1789236756	93561307136
1789236761	93561307136
1789236766	93561307136
1789236771	93561307136
1789236776	93561307136
1789236781	93561307136
1789236786	93561307136
1789236791	93561307136
1789236796	93561307136
1789236801	93561307136
1789236806	93561307136
1789236811	93561307136
1789236816	93561307136
1789236821	93561307136
1789236826	93561307136
1789236831	93561307136
1789236836	93561307136
1789236841	93561307136
1789236846	93561307136
1789236851	93561307136
1789236856	93561307136
1789236861	93561307136
1789236866	93561307136
1789236871	93561307136
1789236877	93561307136
1789236882	93561307136
1789236887	93561307136
1789236892	93561307136
1789236897	93561307136
1789236902	93561307136
1789236907	93561307136
1789236912	93561307136
1789236917	93561307136
1789236922	93561307136
1789236927	93561307136
1789236932	93561307136
1789236937	93561307136
1789236942	93561307136
1789236947	93561307136
1789236952	93561307136
1789236957	93561307136
1789236962	93561307136
1789236967	93561307136
1789236972	93561307136
1789236977	93561307136
1789236982	93561307136
1789236987	93561307136
1789236992	93561307136
1789236997	93561307136
1789237002	93561307136
1789237007	93561307136
1789237012	93561307136
1789237017	93561311232
1789237022	93561311232
1789237027	93561311232
1789237032	93561311232
1789237037	93561311232
1789237042	93561311232
1789237047	93561311232
1789237052	93561311232
1789237057	93561311232
1789237062	93561311232
1789237067	93561311232
1789237072	93561311232
1789237077	93561311232
1789237082	93561311232
1789237087	93561311232
1789237092	93561311232
1789237097	93561311232
1789237102	93561311232
1789237107	93561311232
1789237112	93561311232
1789237117	93561311232
1789237122	93561311232
1789237127	93561311232
1789237132	93561311232
1789237137	93561311232
1789237142	93561311232
1789237147	93561311232
1789237152	93561311232
1789237157	93561311232
1789237162	93561311232
1789237167	93561311232
1789237172	93561311232
1789237177	93561311232
1789237182	93561311232
1789237187	93561311232
1789237192	93561311232
1789237197	93561311232
1789237202	93561311232
1789237207	93561311232
1789237212	93561311232
1789237217	93561311232
1789237222	93561311232
1789237227	93561311232
1789237232	93561311232
1789237237	93561311232
1789237242	93561311232
1789237247	93561311232
1789237252	93561311232
1789237257	93561311232
1789237262	93561311232
1789237267	93561311232
1789237272	93561311232
1789237277	93561311232
1789237282	93561311232
1789237287	93561311232
1789237292	93561311232
1789237297	93561311232
1789237302	93561311232
1789237307	93561311232
1789237312	93561311232
1789237317	93561315328
1789237322	93561315328
1789237327	93561315328
1789237332	93561315328
1789237337	93561315328
1789237342	93561315328
1789237347	93561315328
1789237352	93561315328
1789237357	93561315328
1789237362	93561315328
1789237367	93561315328
1789237372	93561315328
1789237377	93561315328
1789237382	93561315328
1789237387	93561315328
1789237392	93561315328
1789237397	93561315328
1789237402	93561315328
1789237407	93561315328
1789237412	93561315328
1789237417	93561315328
1789237423	93561315328
1789237428	93561315328
1789237433	93561315328
1789237438	93561315328
1789237443	93561315328
1789237448	93561315328
1789237453	93561315328
1789237458	93561315328
1789237463	93561315328
1789237468	93561315328
1789237473	93561315328
1789237478	93561315328
1789237483	93561315328
1789237488	93561315328
1789237493	93561315328
1789237498	93561315328
1789237503	93561315328
1789237508	93561315328
1789237513	93561315328
1789237518	93561315328
1789237523	93561315328
1789237528	93561315328
1789237533	93561315328
1789237538	93561315328
1789237543	93561315328
1789237548	93561315328
1789237553	93561315328
1789237558	93561315328
1789237563	93561315328
1789237568	93561315328
1789237573	93561315328
1789237578	93561315328
1789237583	93561315328
1789237588	93561315328
1789237593	93561315328
1789237598	93561315328
1789237603	93561315328
1789237608	93561315328
1789237613	93561315328
1789237618	93561315328
1789237623	93561315328
1789237628	93561315328
1789237633	93561315328
1789237638	93561315328
1789237643	93561315328
1789237648	93561315328
1789237653	93561315328
1789237658	93561315328
1789237663	93561315328
1789237668	93561315328
1789237673	93561315328
1789237678	93561315328
1789237683	93561315328
1789237688	93561315328
1789237693	93561315328
1789237698	93561315328
1789237703	93561315328
1789237708	93561315328
1789237713	93561315328
1789237718	93561315328
1789237723	93561315328
1789237728	93561315328
1789237733	93561315328
1789237738	93561315328
1789237743	93561315328
1789237748	93561315328
1789237753	93561315328
1789237758	93561315328
1789237763	93561315328
1789237768	93561319424
1789237773	93561319424
1789237778	93561319424
1789237783	93561319424
1789237788	93561319424
1789237793	93561319424
1789237798	93561319424
1789237803	93561319424
1789237808	93561319424
1789237813	93561319424
1789237818	93561319424
1789237823	93561319424
1789237828	93561319424
1789237833	93561319424
1789237838	93561319424
1789237843	93561319424
1789237848	93561319424
1789237853	93561319424
1789237858	93561319424
1789237863	93561319424
1789237868	93561319424
1789237873	93561319424
1789237878	93561319424
1789237883	93561319424
1789237888	93561319424
1789237893	93561319424
1789237898	93561319424
1789237903	93561319424
1789237908	93561319424
1789237913	93561319424
1789237918	93561319424
1789237923	93561319424
1789237928	93561319424
1789237934	93561319424
1789237939	93561319424
1789237944	93561319424
1789237949	93561319424
1789237954	93561319424
1789237959	93561319424
1789237964	93561319424
1789237969	93561319424
1789237974	93561319424
1789237979	93561319424
1789237984	93561319424
1789237989	93561319424
1789237994	93561319424
1789237999	93561319424
1789238004	93561319424
1789238009	93561319424
1789238014	93561319424
1789238019	93561319424
1789238024	93561319424
1789238029	93561319424
1789238034	93561319424
1789238039	93561319424
1789238044	93561319424
1789238049	93561319424
1789238054	93561319424
1789238059	93561319424
1789238064	93561319424
1789238069	93561319424
1789238074	93561319424
1789238079	93561319424
1789238084	93561319424
1789238089	93561319424
1789238094	93561319424
1789238099	93561323520
1789238104	93561323520
1789238109	93561323520
1789238114	93561323520
1789238119	93561323520
1789238124	93561323520
1789238129	93561323520
1789238134	93561323520
1789238139	93561323520
1789238144	93561323520
1789238149	93561323520
1789238154	93561323520
1789238159	93561323520
1789238164	93561323520
1789238169	93561323520
1789238174	93561323520
1789238179	93561323520
1789238184	93561323520
1789238189	93561323520
1789238194	93561323520
1789238199	93561323520
1789238204	93561323520
1789238209	93561323520
1789238214	93561323520
1789238219	93561323520
1789238224	93561323520
1789238229	93561323520
1789238234	93561323520
1789238239	93561323520
1789238244	93561323520
1789238249	93561323520
1789238254	93561323520
1789238259	93561323520
1789238264	93561323520
1789238269	93561323520
1789238274	93561323520
1789238279	93561323520
1789238284	93561323520
1789238289	93561323520
1789238294	93561323520
1789238299	93561323520
1789238304	93561323520
1789238309	93561323520
1789238314	93561323520
1789238319	93561323520
1789238324	93561323520
1789238329	93561323520
1789238334	93561323520
1789238339	93561323520
1789238344	93561323520
1789238349	93561323520
1789238354	93561323520
1789238359	93561323520
1789238364	93561323520
1789238369	93561323520
1789238374	93561323520
1789238379	93561323520
1789238384	93561323520
1789238389	93561323520
1789238394	93561323520
1789238399	93561323520
1789238404	93561323520
1789238409	93561323520
1789238414	93561323520
1789238419	93561323520
1789238424	93561323520
1789238429	93561323520
1789238434	93561323520
1789238439	93561323520
1789238444	93561323520
1789238450	93561323520
1789238455	93561323520
1789238460	93561323520
1789238465	93561323520
1789238470	93561323520
1789238475	93561323520
1789238480	93561323520
1789238485	93561323520
1789238490	93561323520
1789238495	93561323520
1789238500	93561323520
1789238505	93561323520
1789238510	93561327616
1789238515	93561327616
1789238520	93561327616
1789238525	93561327616
1789238530	93561327616
1789238535	93561327616
1789238540	93561327616
1789238545	93561327616
1789238550	93561327616
1789238555	93561327616
1789238560	93561327616
1789238565	93561327616
1789238570	93561327616
1789238575	93561327616
1789238580	93561327616
1789238585	93561327616
1789238590	93561327616
1789238595	93561327616
1789238600	93561327616
1789238605	93561327616
1789238610	93561327616
1789238615	93561327616
1789238620	93561327616
1789238625	93561327616
1789238630	93561327616
1789238635	93561327616
1789238640	93561327616
1789238645	93561327616
1789238650	93561327616
1789238655	93561327616
1789238660	93561327616
1789238665	93561327616
1789238670	93561327616
1789238675	93561327616
1789238680	93561327616
1789238685	93561327616
1789238690	93561327616
1789238695	93561327616
1789238700	93561327616
1789238705	93561327616
1789238710	93561327616
1789238715	93561327616
1789238720	93561327616
1789238725	93561327616
1789238730	93561327616
1789238735	93561327616
1789238740	93561327616
1789238745	93561327616
1789238750	93561327616
1789238755	93561327616
1789238760	93561327616
1789238765	93561327616
1789238770	93561327616
1789238775	93561327616
1789238780	93561327616
1789238785	93561327616
1789238790	93561327616
1789238795	93561327616
1789238800	93561327616
1789238805	93561327616
1789238810	93561327616
1789238815	93561327616
1789238820	93561327616
1789238825	93561327616
1789238830	93561327616
1789238835	93561327616
1789238840	93561327616
1789238845	93561327616
1789238850	93561331712
1789238855	93561331712
1789238860	93561331712
1789238865	93561331712
1789238870	93561331712
1789238875	93561331712
1789238880	93561331712
1789238885	93561331712
1789238890	93561331712
1789238895	93561331712
1789238900	93561331712
1789238905	93561331712
1789238910	93561331712
1789238915	93561331712
1789238920	93561331712
1789238925	93561331712
1789238931	93561331712
1789238936	93561331712
1789238941	93561331712
1789238946	93561331712
1789238951	93561331712
1789238956	93561331712
1789238961	93561331712
1789238966	93561331712
1789238971	93561331712
1789238976	93561331712
1789238981	93561331712
1789238986	93561331712
1789238991	93561331712
1789238996	93561331712
1789239001	93561331712
1789239006	93561331712
1789239011	93561331712
1789239016	93561331712
1789239021	93561331712
1789239026	93561331712
1789239031	93561331712
1789239036	93561331712
1789239041	93561331712
1789239046	93561331712
1789239051	93561331712
1789239056	93561331712
1789239061	93561331712
1789239066	93561331712
1789239071	93561331712
1789239076	93561331712
1789239081	93561331712
1789239086	93561331712
1789239091	93561331712
1789239096	93561331712
1789239101	93561331712
1789239106	93561331712
1789239111	93561331712
1789239116	93561331712
1789239121	93561331712
1789239126	93561331712
1789239131	93561331712
1789239136	93561331712
1789239141	93561331712
1789239146	93561331712
1789239151	93561331712
1789239156	93561331712
1789239161	93561331712
1789239166	93561331712
1789239171	93561331712
1789239176	93561331712
1789239181	93561331712
1789239186	93561331712
1789239191	93561331712
1789239196	93561331712
1789239201	93561331712
1789239206	93561331712
1789239211	93561331712
1789239216	93561331712
1789239221	93561331712
1789239226	93561331712
1789239231	93561331712
1789239236	93561331712
1789239241	93561331712
1789239246	93561335808
1789239251	93561335808
1789239256	93561335808
1789239261	93561335808
1789239266	93561335808
1789239271	93561335808
1789239276	93561335808
1789239281	93561335808
1789239286	93561335808
1789239291	93561335808
1789239296	93561335808
1789239301	93561335808
1789239306	93561335808
1789239311	93561335808
1789239316	93561335808
1789239321	93561335808
1789239326	93561335808
1789239331	93561335808
1789239336	93561335808
1789239341	93561335808
1789239346	93561335808
1789239351	93561335808
1789239356	93561335808
1789239361	93561335808
1789239366	93561335808
1789239371	93561335808
1789239376	93561335808
1789239381	93561335808
1789239386	93561335808
1789239391	93561335808
1789239396	93561335808
1789239401	93561335808
1789239406	93561335808
1789239411	93561335808
1789239416	93561335808
1789239421	93561335808
1789239427	93561335808
1789239432	93561335808
1789239437	93561335808
1789239442	93561335808
1789239447	93561335808
1789239452	93561335808
1789239457	93561335808
1789239462	93561335808
1789239467	93561335808
1789239472	93561335808
1789239477	93561335808
1789239482	93561335808
1789239487	93561335808
1789239492	93561335808
1789239497	93561335808
1789239502	93561335808
1789239507	93561335808
1789239512	93561335808
1789239517	93561335808
1789239522	93561335808
1789239527	93561335808
1789239532	93561335808
1789239537	93561335808
1789239542	93561335808
1789239547	93561335808
1789239552	93561335808
1789239557	93561335808
1789239562	93561335808
1789239567	93561335808
1789239572	93561335808
1789239577	93561335808
1789239582	93561335808
1789239587	93561339904
1789239592	93561339904
1789239597	93561339904
1789239602	93561339904
1789239607	93561339904
1789239612	93561339904
1789239617	93561339904
1789239622	93561339904
1789239627	93561339904
1789239632	93561339904
1789239637	93561339904
1789239642	93561339904
1789239647	93561339904
1789239652	93561339904
1789239657	93561339904
1789239662	93561339904
1789239667	93561339904
1789239672	93561339904
1789239677	93561339904
1789239682	93561339904
1789239687	93561339904
1789239692	93561339904
1789239697	93561339904
1789239702	93561339904
1789239707	93561339904
1789239712	93561339904
1789239717	93561339904
1789239722	93561339904
1789239727	93561339904
1789239732	93561339904
1789239737	93561339904
1789239742	93561339904
1789239747	93561339904
1789239752	93561339904
1789239757	93561339904
1789239762	93561339904
1789239767	93561339904
1789239772	93561339904
1789239777	93561339904
1789239782	93561339904
1789239787	93561339904
1789239792	93561339904
1789239797	93561339904
1789239802	93561339904
1789239807	93561339904
1789239812	93561339904
1789239817	93561339904
1789239822	93561339904
1789239827	93561339904
1789239832	93561339904
1789239837	93561339904
1789239842	93561339904
1789239847	93561339904
1789239852	93561339904
1789239857	93561339904
1789239862	93561339904
1789239867	93561339904
1789239872	93561339904
1789239877	93561339904
1789239882	93561339904
1789239887	93561339904
1789239892	93561339904
1789239897	93561339904
1789239902	93561339904
1789239907	93561339904
1789239912	93561339904
1789239917	93561339904
1789239922	93561339904
1789239927	93561339904
1789239932	93561339904
1789239937	93561339904
1789239942	93561339904
1789239947	93561339904
1789239952	93561339904
1789239957	93561339904
1789239962	93561339904
1789239967	93561339904
1789239973	93561339904
1789239978	93561339904
1789239983	93561339904
1789239988	93561339904
1789239993	93561339904
1789239998	93561339904
1789240003	93561339904
1789240008	93561344000
1789240013	93561344000
1789240018	93561344000
1789240023	93561344000
1789240028	93561344000
1789240033	93561344000
1789240038	93561344000
1789240043	93561344000
1789240048	93561344000
1789240053	93561344000
1789240058	93561344000
1789240063	93561344000
1789240068	93561344000
1789240073	93561344000
1789240078	93561344000
1789240083	93561344000
1789240088	93561344000
1789240093	93561344000
1789240098	93561344000
1789240103	93561344000
1789240108	93561344000
1789240113	93561344000
1789240118	93561344000
1789240123	93561344000
1789240128	93561344000
1789240133	93561344000
1789240138	93561344000
1789240143	93561344000
1789240148	93561344000
1789240153	93561344000
1789240158	93561344000
1789240163	93561344000
1789240168	93561344000
1789240173	93561344000
1789240178	93561344000
1789240183	93561344000
1789240188	93561344000
1789240193	93561344000
1789240198	93561344000
1789240203	93561344000
1789240208	93561344000
1789240213	93561344000
1789240218	93561344000
1789240223	93561344000
1789240228	93561344000
1789240233	93561344000
1789240238	93561344000
1789240243	93561344000
1789240248	93561344000
1789240253	93561344000
1789240258	93561344000
1789240263	93561344000
1789240268	93561344000
1789240273	93561344000
1789240278	93561344000
1789240283	93561344000
1789240288	93561344000
1789240293	93561344000
1789240298	93561344000
1789240303	93561344000
1789240308	93561344000
1789240313	93561344000
1789240318	93561344000
1789240323	93561344000
1789240328	93561344000
1789240333	93561344000
1789240338	93561344000
1789240343	93561344000
1789240348	93561344000
1789240353	93561344000
1789240358	93561348096
1789240363	93561348096
1789240368	93561348096
1789240373	93561348096
1789240378	93561348096
1789240383	93561348096
1789240388	93561348096
1789240393	93561348096
1789240398	93561348096
1789240403	93561348096
1789240408	93561348096
1789240413	93561348096
1789240418	93561348096
1789240423	93561348096
1789240428	93561348096
1789240433	93561348096
1789240438	93561348096
1789240443	93561348096
1789240448	93561348096
1789240453	93561348096
1789240458	93561348096
1789240463	93561348096
1789240468	93561348096
1789240473	93561348096
1789240478	93561348096
1789240483	93561348096
1789240488	93561348096
1789240493	93561348096
1789240498	93561348096
1789240503	93561348096
1789240508	93561348096
1789240513	93561348096
1789240518	93561348096
1789240523	93561348096
1789240528	93561348096
1789240533	93561348096
1789240538	93561348096
1789240543	93561348096
1789240549	93561348096
1789240554	93561348096
1789240559	93561348096
1789240564	93561348096
1789240569	93561348096
1789240574	93561348096
1789240579	93561348096
1789240584	93561348096
1789240589	93561348096
1789240594	93561348096
1789240599	93561348096
1789240604	93561348096
1789240609	93561348096
1789240614	93561348096
1789240619	93561348096
1789240624	93561348096
1789240629	93561348096
1789240634	93561348096
1789240639	93561348096
1789240644	93561348096
1789240649	93561348096
1789240654	93561348096
1789240659	93561348096
1789240664	93561348096
1789240669	93561348096
1789240674	93561348096
1789240679	93561348096
1789240684	93561348096
1789240689	93561348096
1789240694	93561348096
1789240699	93561348096
1789240704	93561348096
1789240709	93561348096
1789240714	93561348096
1789240719	93561348096
1789240724	93561348096
1789240729	93561348096
1789240734	93561348096
1789240739	93561348096
1789240744	93561348096
1789240749	93561348096
1789240754	93561348096
1789240759	93561348096
1789240764	93561348096
1789240769	93561348096
1789240774	93561348096
1789240779	93561348096
1789240784	93561348096
1789240789	93561348096
1789240794	93561352192
1789240799	93561352192
1789240804	93561352192
1789240809	93561352192
1789240814	93561352192
1789240819	93561352192
1789240824	93561352192
1789240829	93561352192
1789240834	93561352192
1789240839	93561352192
1789240844	93561352192
1789240849	93561352192
1789240854	93561352192
1789240859	93561352192
1789240864	93561352192
1789240869	93561352192
1789240874	93561352192
1789240879	93561352192
1789240884	93561352192
1789240889	93561352192
1789240894	93561352192
1789240899	93561352192
1789240904	93561352192
1789240909	93561352192
1789240914	93561352192
1789240919	93561352192
1789240924	93561352192
1789240929	93561352192
1789240934	93561352192
1789240939	93561352192
1789240944	93561352192
1789240949	93561352192
1789240954	93561352192
1789240959	93561352192
1789240964	93561352192
1789240969	93561352192
1789240974	93561352192
1789240979	93561352192
1789240984	93561352192
1789240989	93561352192
1789240994	93561352192
1789240999	93561352192
1789241004	93561352192
1789241009	93561352192
1789241014	93561352192
1789241019	93561352192
1789241024	93561352192
1789241029	93561352192
1789241034	93561352192
1789241039	93561352192
1789241044	93561352192
1789241049	93561352192
1789241054	93561352192
1789241060	93561352192
1789241065	93561352192
1789241070	93561352192
1789241075	93561352192
1789241080	93561352192
1789241085	93561352192
1789241090	93561352192
1789241095	93561352192
1789241100	93561352192
1789241105	93561352192
1789241110	93561352192
1789241115	93561352192
1789241120	93561352192
1789241125	93561356288
1789241130	93561356288
1789241135	93561356288
1789241140	93561356288
1789241145	93561356288
1789241150	93561356288
1789241155	93561356288
1789241160	93561356288
1789241165	93561356288
1789241170	93561356288
1789241175	93561356288
1789241180	93561356288
1789241185	93561356288
1789241190	93561356288
1789241195	93561356288
1789241200	93561356288
1789241205	93561356288
1789241210	93561356288
1789241215	93561356288
1789241220	93561356288
1789241225	93561356288
1789241230	93561356288
1789241235	93561356288
1789241240	93561356288
1789241245	93561356288
1789241250	93561356288
1789241255	93561356288
1789241260	93561356288
1789241265	93561356288
1789241270	93561356288
1789241275	93561356288
1789241280	93561356288
1789241285	93561356288
1789241290	93561356288
1789241295	93561356288
1789241300	93561356288
1789241305	93561356288
1789241310	93561356288
1789241315	93561356288
1789241320	93561356288
1789241325	93561356288
1789241330	93561356288
1789241335	93561356288
1789241340	93561356288
1789241345	93561356288
1789241350	93561356288
1789241355	93561356288
1789241360	93561356288
1789241365	93561356288
1789241370	93561356288
1789241375	93561356288
1789241380	93561356288
1789241385	93561356288
1789241390	93561356288
1789241395	93561356288
1789241400	93561356288
1789241405	93561356288
1789241410	93561356288
1789241415	93561356288
1789241420	93561356288
1789241425	93561356288
1789241430	93561356288
1789241435	93561356288
1789241440	93561356288
1789241445	93561356288
1789241450	93561356288
1789241455	93561356288
1789241460	93561356288
1789241465	93561356288
1789241470	93561356288
1789241475	93561356288
1789241480	93561356288
1789241485	93561356288
1789241490	93561356288
1789241495	93561356288
1789241500	93561356288
1789241505	93561356288
1789241510	93561356288
1789241515	93561356288
1789241520	93561356288
1789241525	93561356288
1789241531	93561356288
1789241536	93561356288
1789241541	93561360384
1789241546	93561360384
1789241551	93561360384
1789241556	93561360384
1789241561	93561360384
1789241566	93561360384
1789241571	93561360384
1789241576	93561360384
1789241581	93561360384
1789241586	93561360384
1789241591	93561360384
1789241596	93561360384
1789241601	93561360384
1789241606	93561360384
1789241611	93561360384
1789241616	93561360384
1789241621	93561360384
1789241626	93561360384
1789241631	93561360384
1789241636	93561360384
1789241641	93561360384
1789241646	93561360384
1789241651	93561360384
1789241656	93561360384
1789241661	93561360384
1789241666	93561360384
1789241671	93561360384
1789241676	93561360384
1789241681	93561360384
1789241686	93561360384
1789241691	93561360384
1789241696	93561360384
1789241701	93561360384
1789241706	93561360384
1789241711	93561360384
1789241716	93561360384
1789241721	93561360384
1789241726	93561360384
1789241731	93561360384
1789241736	93561360384
1789241741	93561360384
1789241746	93561360384
1789241751	93561360384
1789241756	93561360384
1789241761	93561360384
1789241766	93561360384
1789241771	93561360384
1789241776	93561360384
1789241781	93561360384
1789241786	93561360384
1789241791	93561360384
1789241796	93561360384
1789241801	93561360384
1789241806	93561360384
1789241811	93561360384
1789241816	93561360384
1789241821	93561360384
1789241826	93561360384
1789241831	93561360384
1789241836	93561360384
1789241841	93561360384
1789241846	93561360384
1789241851	93561360384
1789241856	93561360384
1789241861	93561360384
1789241866	93561360384
1789241871	93561360384
1789241876	93561360384
1789241881	93561364480
1789241886	93561364480
1789241891	93561364480
1789241896	93561364480
1789241901	93561364480
1789241906	93561364480
1789241911	93561364480
1789241916	93561364480
1789241921	93561364480
1789241926	93561364480
1789241931	93561364480
1789241936	93561364480
1789241941	93561364480
1789241946	93561364480
1789241951	93561364480
1789241956	93561364480
1789241961	93561364480
1789241966	93561364480
1789241971	93561364480
1789241976	93561364480
1789241981	93561364480
1789241986	93561364480
1789241991	93561364480
1789241996	93561364480
1789242001	93561364480
1789242006	93561364480
1789242011	93561364480
1789242016	93561364480
1789242021	93561364480
1789242026	93561364480
1789242031	93561364480
1789242036	93561364480
1789242041	93561364480
1789242046	93561364480
1789242052	93561364480
1789242057	93561364480
1789242062	93561364480
1789242067	93561364480
1789242072	93561364480
1789242077	93561364480
1789242082	93561364480
1789242087	93561364480
1789242092	93561364480
1789242097	93561364480
1789242102	93561364480
1789242107	93561364480
1789242112	93561364480
1789242117	93561364480
1789242122	93561364480
1789242127	93561364480
1789242132	93561364480
1789242137	93561364480
1789242142	93561364480
1789242147	93561364480
1789242152	93561364480
1789242157	93561364480
1789242162	93561364480
1789242167	93561364480
1789242172	93561364480
1789242177	93561364480
1789242182	93561364480
1789242187	93561364480
1789242192	93561364480
1789242197	93561364480
1789242202	93561364480
1789242207	93561364480
1789242212	93561364480
1789242217	93561364480
1789242222	93561364480
1789242227	93561364480
1789242232	93561364480
1789242237	93561364480
1789242242	93561364480
1789242247	93561364480
1789242252	93561364480
1789242257	93561364480
1789242262	93561364480
1789242267	93561364480
1789242272	93561364480
1789242277	93561364480
1789242282	93561368576
1789242287	93561368576
1789242292	93561368576
1789242297	93561368576
1789242302	93561368576
1789242307	93561368576
1789242312	93561368576
1789242317	93561368576
1789242322	93561368576
1789242327	93561368576
1789242332	93561368576
1789242337	93561368576
1789242342	93561368576
1789242347	93561368576
1789242352	93561368576
1789242357	93561368576
1789242362	93561368576
1789242367	93561368576
1789242372	93561368576
1789242377	93561368576
1789242382	93561368576
1789242387	93561368576
1789242392	93561368576
1789242397	93561368576
1789242402	93561368576
1789242407	93561368576
1789242412	93561368576
1789242417	93561368576
1789242422	93561368576
1789242427	93561368576
1789242432	93561368576
1789242437	93561368576
1789242442	93561368576
1789242447	93561368576
1789242452	93561368576
1789242457	93561368576
1789242462	93561368576
1789242467	93561368576
1789242472	93561368576
1789242477	93561368576
1789242482	93561368576
1789242487	93561368576
1789242492	93561368576
1789242497	93561368576
1789242502	93561368576
1789242507	93561368576
1789242512	93561368576
1789242517	93561368576
1789242523	93561368576
1789242528	93561368576
1789242533	93561368576
1789242538	93561368576
1789242543	93561368576
1789242548	93561368576
1789242553	93561368576
1789242558	93561368576
1789242563	93561368576
1789242568	93561368576
1789242573	93561368576
1789242578	93561368576
1789242583	93561368576
1789242588	93561368576
1789242593	93561368576
1789242598	93561368576
1789242603	93561368576
1789242608	93561368576
1789242613	93561368576
1789242618	93561368576
1789242623	93561368576
1789242628	93561372672
1789242633	93561372672
1789242638	93561372672
1789242643	93561372672
1789242648	93561372672
1789242653	93561372672
1789242658	93561372672
1789242663	93561372672
1789242668	93561372672
1789242673	93561372672
1789242678	93561372672
1789242683	93561372672
1789242688	93561372672
1789242693	93561372672
1789242698	93561372672
1789242703	93561372672
1789242708	93561372672
1789242713	93561372672
1789242718	93561372672
1789242723	93561372672
1789242728	93561372672
1789242733	93561372672
1789242738	93561372672
1789242743	93561372672
1789242748	93561372672
1789242753	93561372672
1789242758	93561372672
1789242763	93561372672
1789242768	93561372672
1789242773	93561372672
1789242778	93561372672
1789242783	93561372672
1789242788	93561372672
1789242793	93561372672
1789242798	93561372672
1789242803	93561372672
1789242808	93561372672
1789242813	93561372672
1789242818	93561372672
1789242823	93561372672
1789242828	93561372672
1789242833	93561372672
1789242838	93561372672
1789242843	93561372672
1789242848	93561372672
1789242853	93561372672
1789242858	93561372672
1789242863	93561372672
1789242868	93561372672
1789242873	93561372672
1789242878	93561372672
1789242883	93561372672
1789242888	93561372672
1789242893	93561372672
1789242898	93561372672
1789242903	93561372672
1789242908	93561372672
1789242913	93561372672
1789242918	93561372672
1789242923	93561372672
1789242928	93561372672
1789242933	93561372672
1789242938	93561372672
1789242943	93561372672
1789242948	93561372672
1789242953	93561372672
1789242958	93561372672
1789242963	93561372672
1789242968	93561372672
1789242973	93561372672
1789242978	93561372672
1789242983	93561372672
1789242988	93561372672
1789242993	93561372672
1789242998	93561372672
1789243003	93561372672
1789243008	93561372672
1789243013	93561372672
1789243018	93561372672
1789243023	93561372672
1789243029	93561372672
1789243034	93561372672
1789243039	93561376768
1789243044	93561376768
1789243049	93561376768
1789243054	93561376768
1789243059	93561376768
1789243064	93561376768
1789243069	93561376768
1789243074	93561376768
1789243079	93561376768
1789243084	93561376768
1789243089	93561376768
1789243094	93561376768
1789243099	93561376768
1789243104	93561376768
1789243109	93561376768
1789243114	93561376768
1789243119	93561376768
1789243124	93561376768
1789243129	93561376768
1789243134	93561376768
1789243139	93561376768
1789243144	93561376768
1789243149	93561376768
1789243154	93561376768
1789243159	93561376768
1789243164	93561376768
1789243169	93561376768
1789243174	93561376768
1789243179	93561376768
1789243184	93561376768
1789243189	93561376768
1789243194	93561376768
1789243199	93561376768
1789243204	93561376768
1789243209	93561376768
1789243214	93561376768
1789243219	93561376768
1789243224	93561376768
1789243229	93561376768
1789243234	93561376768
1789243239	93561376768
1789243244	93561376768
1789243249	93561376768
1789243254	93561376768
1789243259	93561376768
1789243264	93561376768
1789243269	93561376768
1789243274	93561376768
1789243279	93561376768
1789243284	93561376768
1789243289	93561376768
1789243294	93561376768
1789243299	93561376768
1789243304	93561376768
1789243309	93561376768
1789243314	93561376768
1789243319	93561376768
1789243324	93561376768
1789243329	93561376768
1789243334	93561376768
1789243339	93561376768
1789243344	93561376768
1789243349	93561376768
1789243354	93561376768
1789243359	93561376768
1789243364	93561376768
1789243369	93561376768
1789243374	93561380864
1789243379	93561380864
1789243384	93561380864
1789243389	93561380864
1789243394	93561380864
1789243399	93561380864
1789243404	93561380864
1789243409	93561380864
1789243414	93561380864
1789243419	93561380864
1789243424	93561380864
1789243429	93561380864
1789243434	93561380864
1789243439	93561380864
1789243444	93561380864
1789243449	93561380864
1789243454	93561380864
1789243459	93561380864
1789243464	93561380864
1789243469	93561380864
1789243474	93561380864
1789243479	93561380864
1789243484	93561380864
1789243489	93561380864
1789243494	93561380864
1789243499	93561380864
1789243504	93561380864
1789243509	93561380864
1789243514	93561380864
1789243519	93561380864
1789243524	93561380864
1789243529	93561380864
1789243534	93561380864
1789243539	93561380864
1789243544	93561380864
1789243549	93561380864
1789243554	93561380864
1789243559	93561380864
1789243564	93561380864
1789243569	93561380864
1789243575	93561380864
1789243580	93561380864
1789243585	93561380864
1789243590	93561380864
1789243595	93561380864
1789243600	93561380864
1789243605	93561380864
1789243610	93561380864
1789243615	93561380864
1789243620	93561380864
1789243625	93561380864
1789243630	93561380864
1789243635	93561380864
1789243640	93561380864
1789243645	93561380864
1789243650	93561380864
1789243655	93561380864
1789243660	93561380864
1789243665	93561380864
1789243670	93561380864
1789243675	93561380864
1789243680	93561380864
1789243685	93561380864
1789243690	93561380864
1789243695	93561380864
1789243700	93561380864
1789243705	93561380864
1789243710	93561380864
1789243715	93561380864
1789243720	93561380864
1789243725	93561380864
1789243730	93561380864
1789243735	93561380864
1789243740	93561380864
1789243745	93561380864
1789243750	93561380864
1789243755	93561380864
1789243760	93561380864
1789243765	93561380864
1789243770	93561380864
1789243775	93561380864
1789243780	93561384960
1789243785	93561384960
1789243790	93561384960
1789243795	93561384960
1789243800	93561384960
1789243805	93561384960
1789243810	93561384960
1789243815	93561384960
1789243820	93561384960
1789243825	93561384960
1789243830	93561384960
1789243835	93561384960
1789243840	93561384960
1789243845	93561384960
1789243850	93561384960
1789243855	93561384960
1789243860	93561384960
1789243865	93561384960
1789243870	93561384960
1789243875	93561384960
1789243880	93561384960
1789243885	93561384960
1789243890	93561384960
1789243895	93561384960
1789243900	93561384960
1789243905	93561384960
1789243910	93561384960
1789243915	93561384960
1789243920	93561384960
1789243925	93561384960
1789243930	93561384960
1789243935	93561384960
1789243940	93561384960
1789243945	93561384960
1789243950	93561384960
1789243955	93561384960
1789243960	93561384960
1789243965	93561384960
1789243970	93561384960
1789243975	93561384960
1789243980	93561384960
1789243985	93561384960
1789243990	93561384960
1789243995	93561384960
1789244000	93561384960
1789244005	93561384960
1789244010	93561384960
1789244015	93561384960
1789244020	93561384960
1789244025	93561384960
1789244030	93561384960
1789244035	93561384960
1789244040	93561384960
1789244045	93561384960
1789244050	93561384960
1789244055	93561384960
1789244060	93561384960
1789244066	93561384960
1789244071	93561384960
1789244076	93561384960
1789244081	93561384960
1789244086	93561384960
1789244091	93561384960
1789244096	93561384960
1789244101	93561384960
1789244106	93561384960
1789244111	93561384960
1789244116	93561384960
1789244121	93561384960
1789244126	93561389056
1789244131	93561389056
1789244136	93561389056
1789244141	93561389056
1789244146	93561389056
1789244151	93561389056
1789244156	93561389056
1789244161	93561389056
1789244166	93561389056
1789244171	93561389056
1789244176	93561389056
1789244181	93561389056
1789244186	93561389056
1789244191	93561389056
1789244196	93561389056
1789244201	93561389056
1789244206	93561389056
1789244211	93561389056
1789244216	93561389056
1789244221	93561389056
1789244226	93561389056
1789244231	93561389056
1789244236	93561389056
1789244241	93561389056
1789244246	93561389056
1789244251	93561389056
1789244256	93561389056
1789244261	93561389056
1789244266	93561389056
1789244271	93561389056
1789244276	93561389056
1789244281	93561389056
1789244286	93561389056
1789244291	93561389056
1789244296	93561389056
1789244301	93561389056
1789244306	93561389056
1789244311	93561389056
1789244316	93561389056
1789244321	93561389056
1789244326	93561389056
1789244331	93561389056
1789244336	93561389056
1789244341	93561389056
1789244346	93561389056
1789244351	93561389056
1789244356	93561389056
1789244361	93561389056
1789244366	93561389056
1789244371	93561389056
1789244376	93561389056
1789244381	93561389056
1789244386	93561389056
1789244391	93561389056
1789244396	93561389056
1789244401	93561389056
1789244406	93561389056
1789244411	93561389056
1789244416	93561389056
1789244421	93561389056
1789244426	93561389056
1789244431	93561389056
1789244436	93561389056
1789244441	93561389056
1789244446	93561389056
1789244451	93561389056
1789244456	93561389056
1789244461	93561389056
1789244466	93561389056
1789244471	93561389056
1789244476	93561389056
1789244481	93561389056
1789244486	93561389056
1789244491	93561389056
1789244496	93561389056
1789244501	93561389056
1789244506	93561389056
1789244511	93561389056
1789244516	93561389056
1789244521	93561393152
1789244526	93561393152
1789244531	93561393152
1789244536	93561393152
1789244541	93561393152
1789244546	93561393152
1789244551	93561393152
1789244556	93561393152
1789244561	93561393152
1789244566	93561393152
1789244571	93561393152
1789244576	93561393152
1789244582	93561393152
1789244587	93561393152
1789244592	93561393152
1789244597	93561393152
1789244602	93561393152
1789244607	93561393152
1789244612	93561393152
1789244617	93561393152
1789244622	93561393152
1789244627	93561393152
1789244632	93561393152
1789244637	93561393152
1789244642	93561393152
1789244647	93561393152
1789244652	93561393152
1789244657	93561393152
1789244662	93561393152
1789244667	93561393152
1789244672	93561393152
1789244677	93561393152
1789244682	93561393152
1789244687	93561393152
1789244692	93561393152
1789244697	93561393152
1789244702	93561393152
1789244707	93561393152
1789244712	93561393152
1789244717	93561393152
1789244722	93561393152
1789244727	93561393152
1789244732	93561393152
1789244737	93561393152
1789244742	93561393152
1789244747	93561393152
1789244752	93561393152
1789244757	93561393152
1789244762	93561393152
1789244767	93561393152
1789244772	93561393152
1789244777	93561393152
1789244782	93561393152
1789244787	93561393152
1789244792	93561393152
1789244797	93561393152
1789244802	93561393152
1789244807	93561393152
1789244812	93561393152
1789244817	93561393152
1789244822	93561393152
1789244827	93561393152
1789244832	93561393152
1789244837	93561393152
1789244842	93561393152
1789244847	93561393152
1789244852	93561393152
1789244857	93561393152
1789244862	93561393152
1789244867	93561397248
1789244872	93561397248
1789244877	93561397248
1789244882	93561397248
1789244887	93561397248
1789244892	93561397248
1789244897	93561397248
1789244902	93561397248
1789244907	93561397248
1789244912	93561397248
1789244917	93561397248
1789244922	93561397248
1789244927	93561397248
1789244932	93561397248
1789244937	93561397248
1789244942	93561397248
1789244947	93561397248
1789244952	93561397248
1789244957	93561397248
1789244962	93561397248
1789244967	93561397248
1789244972	93561397248
1789244977	93561397248
1789244982	93561397248
1789244987	93561397248
1789244992	93561397248
1789244997	93561397248
1789245002	93561397248
1789245007	93561397248
1789245012	93561397248
1789245017	93561397248
1789245022	93561397248
1789245027	93561397248
1789245032	93561397248
1789245037	93561397248
1789245043	93561397248
1789245048	93561397248
1789245053	93561397248
1789245058	93561397248
1789245063	93561397248
1789245068	93561397248
1789245073	93561397248
1789245078	93561397248
1789245083	93561397248
1789245088	93561397248
1789245093	93561397248
1789245098	93561397248
1789245103	93561397248
1789245108	93561397248
1789245113	93561397248
1789245118	93561397248
1789245123	93561397248
1789245128	93561397248
1789245133	93561397248
1789245138	93561397248
1789245143	93561397248
1789245148	93561397248
1789245153	93561397248
1789245158	93561397248
1789245163	93561397248
1789245168	93561397248
1789245173	93561397248
1789245178	93561397248
1789245183	93561397248
1789245188	93561397248
1789245193	93561397248
1789245198	93561397248
1789245203	93561397248
1789245208	93561397248
1789245213	93561397248
1789245218	93561397248
1789245223	93561397248
1789245228	93561397248
1789245233	93561397248
1789245238	93561397248
1789245243	93561397248
1789245248	93561397248
1789245253	93561397248
1789245258	93561397248
1789245263	93561397248
1789245268	93561397248
1789245273	93561401344
1789245278	93561401344
1789245283	93561401344
1789245288	93561401344
1789245293	93561401344
1789245298	93561401344
1789245303	93561401344
1789245308	93561401344
1789245313	93561401344
1789245318	93561401344
1789245323	93561401344
1789245328	93561401344
1789245333	93561401344
1789245338	93561401344
1789245343	93561401344
1789245348	93561401344
1789245353	93561401344
1789245358	93561401344
1789245363	93561401344
1789245368	93561401344
1789245373	93561401344
1789245378	93561401344
1789245383	93561401344
1789245388	93561401344
1789245393	93561401344
1789245398	93561401344
1789245403	93561401344
1789245408	93561401344
1789245413	93561401344
1789245418	93561401344
1789245423	93561401344
1789245428	93561401344
1789245433	93561401344
1789245438	93561401344
1789245443	93561401344
1789245448	93561401344
1789245453	93561401344
1789245458	93561401344
1789245463	93561401344
1789245468	93561401344
1789245473	93561401344
1789245478	93561401344
1789245483	93561401344
1789245488	93561401344
1789245493	93561401344
1789245498	93561401344
1789245503	93561401344
1789245508	93561401344
1789245513	93561401344
1789245518	93561401344
1789245523	93561401344
1789245528	93561401344
1789245533	93561401344
1789245538	93561401344
1789245543	93561401344
1789245548	93561401344
1789245553	93561401344
1789245558	93561401344
1789245563	93561401344
1789245568	93561401344
1789245573	93561401344
1789245578	93561401344
1789245583	93561401344
1789245588	93561401344
1789245593	93561401344
1789245599	93561401344
1789245604	93561401344
1789245609	93561401344
1789245614	93561401344
1789245619	93561401344
1789245624	93561405440
1789245629	93561405440
1789245634	93561405440
1789245639	93561405440
1789245644	93561405440
1789245649	93561405440
1789245654	93561405440
1789245659	93561405440
1789245664	93561405440
1789245669	93561405440
1789245674	93561405440
1789245679	93561405440
1789245684	93561405440
1789245689	93561405440
1789245694	93561405440
1789245699	93561405440
1789245704	93561405440
1789245709	93561405440
1789245714	93561405440
1789245719	93561405440
1789245724	93561405440
1789245729	93561405440
1789245734	93561405440
1789245739	93561405440
1789245744	93561405440
1789245749	93561405440
1789245754	93561405440
1789245759	93561405440
1789245764	93561405440
1789245769	93561405440
1789245774	93561405440
1789245779	93561405440
1789245784	93561405440
1789245789	93561405440
1789245794	93561405440
1789245799	93561405440
1789245804	93561405440
1789245809	93561405440
1789245814	93561405440
1789245819	93561405440
1789245824	93561405440
1789245829	93561405440
1789245834	93561405440
1789245839	93561405440
1789245844	93561405440
1789245849	93561405440
1789245854	93561405440
1789245859	93561405440
1789245864	93561405440
1789245869	93561405440
1789245874	93561405440
1789245879	93561405440
1789245884	93561405440
1789245889	93561405440
1789245894	93561405440
1789245899	93561405440
1789245904	93561405440
1789245909	93561405440
1789245914	93561405440
1789245919	93561405440
1789245924	93561405440
1789245929	93561405440
1789245934	93561405440
1789245939	93561405440
1789245944	93561405440
1789245949	93561405440
1789245954	93561405440
1789245959	93561405440
1789245964	93561405440
1789245969	93561405440
1789245974	93561405440
1789245979	93561405440
1789245984	93561405440
1789245989	93561405440
1789245994	93561405440
1789245999	93561405440
1789246004	93561405440
1789246009	93561405440
1789246014	93561405440
1789246019	93561405440
1789246024	93561405440
1789246029	93561405440
1789246034	93561405440
1789246039	93561409536
1789246044	93561409536
1789246049	93561409536
1789246054	93561409536
1789246059	93561409536
1789246064	93561409536
1789246069	93561409536
1789246074	93561409536
1789246079	93561409536
1789246084	93561409536
1789246089	93561409536
1789246094	93561409536
1789246099	93561409536
1789246105	93561409536
1789246110	93561409536
1789246115	93561409536
1789246120	93561409536
1789246125	93561409536
1789246130	93561409536
1789246135	93561409536
1789246140	93561409536
1789246145	93561409536
1789246150	93561409536
1789246155	93561409536
1789246160	93561409536
1789246165	93561409536
1789246170	93561409536
1789246175	93561409536
1789246180	93561409536
1789246185	93561409536
1789246190	93561409536
1789246195	93561409536
1789246200	93561409536
1789246205	93561409536
1789246210	93561409536
1789246215	93561409536
1789246220	93561409536
1789246225	93561409536
1789246230	93561409536
1789246235	93561409536
1789246240	93561409536
1789246245	93561409536
1789246250	93561409536
1789246255	93561409536
1789246260	93561409536
1789246265	93561409536
1789246270	93561409536
1789246275	93561409536
1789246280	93561409536
1789246285	93561409536
1789246290	93561409536
1789246295	93561409536
1789246300	93561409536
1789246305	93561409536
1789246310	93561409536
1789246315	93561409536
1789246320	93561409536
1789246325	93561409536
1789246330	93561409536
1789246335	93561409536
1789246340	93561409536
1789246345	93561409536
1789246350	93561409536
1789246355	93561409536
1789246360	93561409536
1789246365	93561409536
1789246370	93561409536
1789246375	93561409536
1789246380	93561409536
1789246385	93561409536
1789246390	93561409536
1789246395	93561413632
1789246400	93561413632
1789246405	93561413632
1789246410	93561413632
1789246415	93561413632
1789246420	93561413632
1789246425	93561413632
1789246430	93561413632
1789246435	93561413632
1789246440	93561413632
1789246445	93561413632
1789246450	93561413632
1789246455	93561413632
1789246460	93561413632
1789246465	93561413632
1789246470	93561413632
1789246475	93561413632
1789246480	93561413632
1789246485	93561413632
1789246490	93561413632
1789246495	93561413632
1789246500	93561413632
1789246505	93561413632
1789246510	93561413632
1789246515	93561413632
1789246520	93561413632
1789246525	93561413632
1789246530	93561413632
1789246535	93561413632
1789246540	93561413632
1789246545	93561413632
1789246550	93561413632
1789246555	93561413632
1789246560	93561413632
1789246565	93561413632
1789246570	93561413632
1789246575	93561413632
1789246580	93561413632
1789246585	93561413632
1789246590	93561413632
1789246595	93561413632
1789246600	93561413632
1789246605	93561413632
1789246611	93561413632
1789246616	93561413632
1789246621	93561413632
1789246626	93561413632
1789246631	93561413632
1789246636	93561413632
1789246641	93561413632
1789246646	93561413632
1789246651	93561413632
1789246656	93561413632
1789246661	93561413632
1789246666	93561413632
1789246671	93561413632
1789246676	93561413632
1789246681	93561413632
1789246686	93561413632
1789246691	93561413632
1789246696	93561413632
1789246701	93561413632
1789246706	93561413632
1789246711	93561413632
1789246716	93561413632
1789246721	93561413632
1789246726	93561413632
1789246731	93561413632
1789246736	93561413632
1789246741	93561413632
1789246746	93561413632
1789246751	93561413632
1789246756	93561413632
1789246761	93561413632
1789246766	93561413632
1789246771	93561413632
1789246776	93561413632
1789246781	93561413632
1789246786	93561413632
1789246791	93561417728
1789246796	93561417728
1789246801	93561417728
1789246806	93561417728
1789246811	93561417728
1789246816	93561417728
1789246821	93561417728
1789246826	93561417728
1789246831	93561417728
1789246836	93561417728
1789246841	93561417728
1789246846	93561417728
1789246851	93561417728
1789246856	93561417728
1789246861	93561417728
1789246866	93561417728
1789246871	93561417728
1789246876	93561417728
1789246881	93561417728
1789246886	93561417728
1789246891	93561417728
1789246896	93561417728
1789246901	93561417728
1789246906	93561417728
1789246911	93561417728
1789246916	93561417728
1789246921	93561417728
1789246926	93561417728
1789246931	93561417728
1789246936	93561417728
1789246941	93561417728
1789246946	93561417728
1789246951	93561417728
1789246956	93561417728
1789246961	93561417728
1789246966	93561417728
1789246971	93561417728
1789246976	93561417728
1789246981	93561417728
1789246986	93561417728
1789246991	93561417728
1789246996	93561417728
1789247001	93561417728
1789247006	93561417728
1789247011	93561417728
1789247016	93561417728
1789247021	93561417728
1789247026	93561417728
1789247031	93561417728
1789247036	93561417728
1789247041	93561417728
1789247046	93561417728
1789247051	93561417728
1789247056	93561417728
1789247061	93561417728
1789247066	93561417728
1789247071	93561417728
1789247076	93561417728
1789247081	93561417728
1789247086	93561417728
1789247091	93561417728
1789247096	93561417728
1789247101	93561417728
1789247106	93561417728
1789247111	93561417728
1789247116	93561421824
1789247121	93561421824
1789247126	93561421824
1789247132	93561421824
1789247137	93561421824
1789247142	93561421824
1789247147	93561421824
1789247152	93561421824
1789247157	93561421824
1789247162	93561421824
1789247167	93561421824
1789247172	93561421824
1789247177	93561421824
1789247182	93561421824
1789247187	93561421824
1789247192	93561421824
1789247197	93561421824
1789247202	93561421824
1789247207	93561421824
1789247212	93561421824
1789247217	93561421824
1789247222	93561421824
1789247227	93561421824
1789247232	93561421824
1789247237	93561421824
1789247242	93561421824
1789247247	93561421824
1789247252	93561421824
1789247257	93561421824
1789247262	93561421824
1789247267	93561421824
1789247272	93561421824
1789247277	93561421824
1789247282	93561421824
1789247287	93561421824
1789247292	93561421824
1789247297	93561421824
1789247302	93561421824
1789247307	93561421824
1789247312	93561421824
1789247317	93561421824
1789247322	93561421824
1789247327	93561421824
1789247332	93561421824
1789247337	93561421824
1789247342	93561421824
1789247347	93561421824
1789247352	93561421824
1789247357	93561421824
1789247362	93561421824
1789247367	93561421824
1789247372	93561421824
1789247377	93561421824
1789247382	93561421824
1789247387	93561421824
1789247392	93561421824
1789247397	93561421824
1789247402	93561421824
1789247407	93561421824
1789247412	93561421824
1789247417	93561421824
1789247422	93561421824
1789247427	93561421824
1789247432	93561421824
1789247437	93561421824
1789247442	93561421824
1789247447	93561421824
1789247452	93561421824
1789247457	93561421824
1789247462	93561421824
1789247467	93561421824
1789247472	93561421824
1789247477	93561421824
1789247482	93561421824
1789247487	93561421824
1789247492	93561421824
1789247497	93561421824
1789247502	93561421824
1789247507	93561421824
1789247512	93561421824
1789247517	93561421824
1789247522	93561421824
1789247527	93561425920
1789247532	93561425920
1789247537	93561425920
1789247542	93561425920
1789247547	93561425920
1789247552	93561425920
1789247557	93561425920
1789247562	93561425920
1789247567	93561425920
1789247572	93561425920
1789247577	93561425920
1789247582	93561425920
1789247587	93561425920
1789247592	93561425920
1789247598	93561425920
1789247603	93561425920
1789247608	93561425920
1789247613	93561425920
1789247618	93561425920
1789247623	93561425920
1789247628	93561425920
1789247633	93561425920
1789247638	93561425920
1789247643	93561425920
1789247648	93561425920
1789247653	93561425920
1789247658	93561425920
1789247663	93561425920
1789247668	93561425920
1789247673	93561425920
1789247678	93561425920
1789247683	93561425920
1789247688	93561425920
1789247693	93561425920
1789247698	93561425920
1789247703	93561425920
1789247708	93561425920
1789247713	93561425920
1789247718	93561425920
1789247723	93561425920
1789247728	93561425920
1789247733	93561425920
1789247738	93561425920
1789247743	93561425920
1789247748	93561425920
1789247753	93561425920
1789247758	93561425920
1789247763	93561425920
1789247768	93561425920
1789247773	93561425920
1789247778	93561425920
1789247783	93561425920
1789247788	93561425920
1789247793	93561425920
1789247798	93561425920
1789247803	93561425920
1789247808	93561425920
1789247813	93561425920
1789247818	93561425920
1789247823	93561425920
1789247828	93561425920
1789247833	93561425920
1789247838	93561425920
1789247843	93561425920
1789247848	93561425920
1789247853	93561425920
1789247858	93561425920
1789247863	93561425920
1789247868	93561430016
1789247873	93561430016
1789247878	93561430016
1789247883	93561430016
1789247888	93561430016
1789247893	93561430016
1789247898	93561430016
1789247903	93561430016
1789247908	93561430016
1789247913	93561430016
1789247918	93561430016
1789247923	93561430016
1789247928	93561430016
1789247933	93561430016
1789247938	93561430016
1789247943	93561430016
1789247948	93561430016
1789247953	93561430016
1789247958	93561430016
1789247963	93561430016
1789247968	93561430016
1789247973	93561430016
1789247978	93561430016
1789247983	93561430016
1789247988	93561430016
1789247993	93561430016
1789247998	93561430016
1789248003	93561430016
1789248008	93561430016
1789248013	93561430016
1789248018	93561430016
1789248023	93561430016
1789248028	93561430016
1789248033	93561430016
1789248038	93561430016
1789248043	93561430016
1789248048	93561430016
1789248053	93561430016
1789248058	93561430016
1789248063	93561430016
1789248068	93561430016
1789248073	93561430016
1789248078	93561430016
1789248083	93561430016
1789248088	93561430016
1789248093	93561430016
1789248098	93561430016
1789248103	93561430016
1789248108	93561430016
1789248114	93561430016
1789248119	93561430016
1789248124	93561430016
1789248129	93561430016
1789248134	93561430016
1789248139	93561430016
1789248144	93561430016
1789248149	93561430016
1789248154	93561430016
1789248159	93561430016
1789248164	93561430016
1789248169	93561430016
1789248174	93561430016
1789248179	93561430016
1789248184	93561430016
1789248189	93561430016
1789248194	93561430016
1789248199	93561430016
1789248204	93561430016
1789248209	93561430016
1789248214	93561430016
1789248219	93561430016
1789248224	93561430016
1789248229	93561430016
1789248234	93561430016
1789248239	93561430016
1789248244	93561430016
1789248249	93561430016
1789248254	93561430016
1789248259	93561430016
1789248264	93561430016
1789248269	93561430016
1789248274	93561434112
1789248279	93561434112
1789248284	93561434112
1789248289	93561434112
1789248294	93561434112
1789248299	93561434112
1789248304	93561434112
1789248309	93561434112
1789248314	93561434112
1789248319	93561434112
1789248324	93561434112
1789248329	93561434112
1789248334	93561434112
1789248339	93561434112
1789248344	93561434112
1789248349	93561434112
1789248354	93561434112
1789248359	93561434112
1789248364	93561434112
1789248369	93561434112
1789248374	93561434112
1789248379	93561434112
1789248384	93561434112
1789248389	93561434112
1789248394	93561434112
1789248399	93561434112
1789248404	93561434112
1789248409	93561434112
1789248414	93561434112
1789248419	93561434112
1789248424	93561434112
1789248429	93561434112
1789248434	93561434112
1789248439	93561434112
1789248444	93561434112
1789248449	93561434112
1789248454	93561434112
1789248459	93561434112
1789248464	93561434112
1789248469	93561434112
1789248474	93561434112
1789248479	93561434112
1789248484	93561434112
1789248489	93561434112
1789248494	93561434112
1789248499	93561434112
1789248504	93561434112
1789248509	93561434112
1789248514	93561434112
1789248519	93561434112
1789248524	93561434112
1789248529	93561434112
1789248534	93561434112
1789248539	93561434112
1789248544	93561434112
1789248549	93561434112
1789248554	93561434112
1789248559	93561434112
1789248564	93561434112
1789248569	93561434112
1789248574	93561434112
1789248579	93561434112
1789248584	93561434112
1789248589	93561434112
1789248594	93561438208
1789248599	93561438208
1789248604	93561438208
1789248609	93561438208
1789248615	93561438208
1789248620	93561438208
1789248625	93561438208
1789248630	93561438208
1789248635	93561438208
1789248640	93561438208
1789248645	93561438208
1789248650	93561438208
1789248655	93561438208
1789248660	93561438208
1789248665	93561438208
1789248670	93561438208
1789248675	93561438208
1789248680	93561438208
1789248685	93561438208
1789248690	93561438208
1789248695	93561438208
1789248700	93561438208
1789248705	93561438208
1789248710	93561438208
1789248715	93561438208
1789248720	93561438208
1789248725	93561438208
1789248730	93561438208
1789248735	93561438208
1789248740	93561438208
1789248745	93561438208
1789248750	93561438208
1789248755	93561438208
1789248760	93561438208
1789248765	93561438208
1789248770	93561438208
1789248775	93561438208
1789248780	93561438208
1789248785	93561438208
1789248790	93561438208
1789248795	93561438208
1789248800	93561438208
1789248805	93561438208
1789248810	93561438208
1789248815	93561438208
1789248820	93561438208
1789248825	93561438208
1789248830	93561438208
1789248835	93561438208
1789248840	93561438208
1789248845	93561438208
1789248850	93561438208
1789248855	93561438208
1789248860	93561438208
1789248865	93561438208
1789248870	93561438208
1789248875	93561438208
1789248880	93561438208
1789248885	93561438208
1789248890	93561438208
1789248895	93561438208
1789248900	93561438208
1789248905	93561438208
1789248910	93561438208
1789248915	93561438208
1789248920	93561438208
1789248925	93561438208
1789248930	93561438208
1789248935	93561438208
1789248940	93561438208
1789248945	93561438208
1789248950	93561438208
1789248955	93561438208
1789248960	93561438208
1789248965	93561438208
1789248970	93561438208
1789248975	93561438208
1789248980	93561438208
1789248985	93561438208
1789248990	93561438208
1789248995	93561438208
1789249000	93561438208
1789249005	93561442304
1789249010	93561442304
1789249015	93561442304
1789249020	93561442304
1789249025	93561442304
1789249030	93561442304
1789249035	93561442304
1789249040	93561442304
1789249045	93561442304
1789249050	93561442304
1789249055	93561442304
1789249060	93561442304
1789249065	93561442304
1789249070	93561442304
1789249075	93561442304
1789249080	93561442304
1789249085	93561442304
1789249090	93561442304
1789249095	93561442304
1789249100	93561442304
1789249105	93561442304
1789249110	93561442304
1789249115	93561442304
1789249120	93561442304
1789249125	93561442304
1789249130	93561442304
1789249136	93561442304
1789249141	93561442304
1789249146	93561442304
1789249151	93561442304
1789249156	93561442304
1789249161	93561442304
1789249166	93561442304
1789249171	93561442304
1789249176	93561442304
1789249181	93561442304
1789249186	93561442304
1789249191	93561442304
1789249196	93561442304
1789249201	93561442304
1789249206	93561442304
1789249211	93561442304
1789249216	93561442304
1789249221	93561442304
1789249226	93561442304
1789249231	93561442304
1789249236	93561442304
1789249241	93561442304
1789249246	93561442304
1789249251	93561442304
1789249256	93561442304
1789249261	93561442304
1789249266	93561442304
1789249271	93561442304
1789249276	93561442304
1789249281	93561442304
1789249286	93561442304
1789249291	93561442304
1789249296	93561442304
1789249301	93561442304
1789249306	93561442304
1789249311	93561442304
1789249316	93561442304
1789249321	93561442304
1789249326	93561442304
1789249331	93561442304
1789249336	93561442304
1789249341	93561442304
1789249346	93561446400
1789249351	93561446400
1789249356	93561446400
1789249361	93561446400
1789249366	93561446400
1789249371	93561446400
1789249376	93561446400
1789249381	93561446400
1789249386	93561446400
1789249391	93561446400
1789249396	93561446400
1789249401	93561446400
1789249406	93561446400
1789249411	93561446400
1789249416	93561446400
1789249421	93561446400
1789249426	93561446400
1789249431	93561446400
1789249436	93561446400
1789249441	93561446400
1789249446	93561446400
1789249451	93561446400
1789249456	93561446400
1789249461	93561446400
1789249466	93561446400
1789249471	93561446400
1789249476	93561446400
1789249481	93561446400
1789249486	93561446400
1789249491	93561446400
1789249496	93561446400
1789249501	93561446400
1789249506	93561446400
1789249511	93561446400
1789249516	93561446400
1789249521	93561446400
1789249526	93561446400
1789249531	93561446400
1789249536	93561446400
1789249541	93561446400
1789249546	93561446400
1789249551	93561446400
1789249556	93561446400
1789249561	93561446400
1789249566	93561446400
1789249571	93561446400
1789249576	93561446400
1789249581	93561446400
1789249586	93561446400
1789249591	93561446400
1789249596	93561446400
1789249601	93561446400
1789249606	93561446400
1789249611	93561446400
1789249616	93561446400
1789249621	93561446400
1789249626	93561446400
1789249631	93561446400
1789249636	93561446400
1789249641	93561446400
1789249646	93561446400
1789249651	93561446400
1789249656	93561446400
1789249661	93561446400
1789249666	93561446400
1789249671	93561450496
1789249676	93561450496
1789249681	93561450496
1789249686	93561450496
1789249691	93561450496
1789249696	93561450496
1789249702	93561450496
1789249707	93561450496
1789249712	93561450496
1789249717	93561450496
1789249722	93561450496
1789249727	93561450496
1789249732	93561450496
1789249737	93561450496
1789249742	93561450496
1789249747	93561450496
1789249752	93561450496
1789249757	93561450496
1789249762	93561450496
1789249767	93561450496
1789249772	93561450496
1789249777	93561450496
1789249782	93561450496
1789249787	93561450496
1789249792	93561450496
1789249797	93561450496
1789249802	93561450496
1789249807	93561450496
1789249812	93561450496
1789249817	93561450496
1789249822	93561450496
1789249827	93561450496
1789249832	93561450496
1789249837	93561450496
1789249842	93561450496
1789249847	93561450496
1789249852	93561450496
1789249857	93561450496
1789249862	93561450496
1789249867	93561450496
1789249872	93561450496
1789249877	93561450496
1789249882	93561450496
1789249887	93561450496
1789249892	93561450496
1789249897	93561450496
1789249902	93561450496
1789249907	93561450496
1789249912	93561454592
1789249917	93561454592
1789249922	93561454592
1789249927	93561454592
1789249932	93561454592
1789249937	93561454592
1789249942	93561454592
1789249947	93561454592
1789249952	93561454592
1789249957	93561454592
1789249962	93561454592
1789249967	93561454592
1789249972	93561454592
1789249977	93561454592
1789249982	93561454592
1789249987	93561454592
1789249992	93561454592
1789249997	93561454592
1789250002	93561454592
1789250007	93561454592
1789250012	93561454592
1789250017	93561454592
1789250022	93561454592
1789250027	93561454592
1789250032	93561454592
1789250037	93561454592
1789250042	93561454592
1789250047	93561454592
1789250052	93561454592
1789250057	93561454592
1789250062	93561454592
1789250067	93561454592
1789250072	93561454592
1789250077	93561454592
1789250082	93561454592
1789250087	93561454592
1789250092	93561454592
1789250097	93561454592
1789250102	93561454592
1789250107	93561454592
1789250112	93561454592
1789250117	93561454592
1789250122	93561454592
1789250127	93561454592
1789250132	93561454592
1789250137	93561454592
1789250142	93561454592
1789250147	93561454592
1789250152	93561454592
1789250157	93561458688
1789250162	93561458688
1789250167	93561458688
1789250172	93561458688
1789250177	93561458688
1789250182	93561458688
1789250187	93561458688
1789250192	93561458688
1789250197	93561458688
1789250202	93561458688
1789250207	93561458688
1789250212	93561458688
1789250217	93561458688
1789250222	93561458688
1789250227	93561458688
1789250232	93561458688
1789250237	93561458688
1789250242	93561458688
1789250247	93561458688
1789250252	93561458688
1789250257	93561458688
1789250262	93561458688
1789250267	93561458688
1789250272	93561458688
1789250277	93561458688
1789250283	93561458688
1789250288	93561458688
1789250293	93561458688
1789250298	93561458688
1789250303	93561458688
1789250308	93561458688
1789250313	93561458688
1789250318	93561458688
1789250323	93561458688
1789250328	93561458688
1789250333	93561458688
1789250338	93561458688
1789250343	93561458688
1789250348	93561458688
1789250353	93561458688
1789250358	93561458688
1789250363	93561458688
1789250368	93561458688
1789250373	93561458688
1789250378	93561458688
1789250383	93561458688
1789250388	93561458688
1789250393	93561458688
1789250398	93561462784
1789250403	93561462784
1789250408	93561462784
1789250413	93561462784
1789250418	93561462784
1789250423	93561462784
1789250428	93561462784
1789250433	93561462784
1789250438	93561462784
1789250443	93561462784
1789250448	93561462784
1789250453	93561462784
1789250458	93561462784
1789250463	93561462784
1789250468	93561462784
1789250473	93561462784
1789250478	93561462784
1789250483	93561462784
1789250488	93561462784
1789250493	93561462784
1789250498	93561462784
1789250503	93561462784
1789250508	93561462784
1789250513	93561462784
1789250518	93561462784
1789250523	93561462784
1789250528	93561462784
1789250533	93561462784
1789250538	93561462784
1789250543	93561462784
1789250548	93561462784
1789250553	93561462784
1789250558	93561462784
1789250563	93561462784
1789250568	93561462784
1789250573	93561462784
1789250578	93561462784
1789250583	93561462784
1789250588	93561462784
1789250593	93561462784
1789250598	93561462784
1789250603	93561462784
1789250608	93561462784
1789250613	93561462784
1789250618	93561462784
1789250623	93561462784
1789250628	93561462784
1789250633	93561462784
1789250638	93561462784
1789250643	93561462784
1789250648	93561466880
1789250653	93561466880
1789250658	93561466880
1789250663	93561466880
1789250668	93561466880
1789250673	93561466880
1789250678	93561466880
1789250683	93561466880
1789250688	93561466880
1789250693	93561466880
1789250698	93561466880
1789250703	93561466880
1789250708	93561466880
1789250713	93561466880
1789250718	93561466880
1789250723	93561466880
1789250728	93561466880
1789250733	93561466880
1789250738	93561466880
1789250743	93561466880
1789250748	93561466880
1789250753	93561466880
1789250758	93561466880
1789250763	93561466880
1789250768	93561466880
1789250773	93561466880
1789250778	93561466880
1789250783	93561466880
1789250788	93561466880
1789250793	93561466880
1789250798	93561466880
1789250803	93561466880
1789250808	93561466880
1789250813	93561466880
1789250818	93561466880
1789250823	93561466880
1789250829	93561466880
1789250834	93561466880
1789250839	93561466880
1789250844	93561466880
1789250849	93561466880
1789250854	93561466880
1789250859	93561466880
1789250864	93561466880
1789250869	93561466880
1789250874	93561466880
1789250879	93561466880
1789250884	93561466880
1789250889	93561470976
1789250894	93561470976
1789250899	93561470976
1789250904	93561470976
1789250909	93561470976
1789250914	93561470976
1789250919	93561470976
1789250924	93561470976
1789250929	93561470976
1789250934	93561470976
1789250939	93561470976
1789250944	93561470976
1789250949	93561470976
1789250954	93561470976
1789250959	93561470976
1789250964	93561470976
1789250969	93561470976
1789250974	93561470976
1789250979	93561470976
1789250984	93561470976
1789250989	93561470976
1789250994	93561470976
1789250999	93561470976
1789251004	93561470976
1789251009	93561470976
1789251014	93561470976
1789251019	93561470976
1789251024	93561470976
1789251029	93561470976
1789251034	93561470976
1789251039	93561470976
1789251044	93561470976
1789251049	93561470976
1789251054	93561470976
1789251059	93561470976
1789251064	93561470976
1789251069	93561470976
1789251074	93561470976
1789251079	93561470976
1789251084	93561470976
1789251089	93561470976
1789251094	93561470976
1789251099	93561470976
1789251104	93561470976
1789251109	93561470976
1789251114	93561470976
1789251119	93561470976
1789251124	93561470976
1789251129	93561470976
1789251134	93561470976
1789251139	93561470976
1789251144	93561470976
1789251149	93561475072
1789251154	93561475072
1789251159	93561475072
1789251164	93561475072
1789251169	93561475072
1789251174	93561475072
1789251179	93561475072
1789251184	93561475072
1789251189	93561475072
1789251194	93561475072
1789251199	93561475072
1789251204	93561475072
1789251209	93561475072
1789251214	93561475072
1789251219	93561475072
1789251224	93561475072
1789251229	93561475072
1789251234	93561475072
1789251239	93561475072
1789251244	93561475072
1789251249	93561475072
1789251254	93561475072
1789251259	93561475072
1789251264	93561475072
1789251269	93561475072
1789251274	93561475072
1789251279	93561475072
1789251284	93561475072
1789251289	93561475072
1789251294	93561475072
1789251299	93561475072
1789251304	93561475072
1789251309	93561475072
1789251314	93561475072
1789251319	93561475072
1789251324	93561475072
1789251329	93561475072
1789251334	93561475072
1789251339	93561475072
1789251344	93561475072
1789251349	93561475072
1789251354	93561475072
1789251360	93561475072
1789251365	93561475072
1789251370	93561475072
1789251375	93561475072
1789251380	93561479168
1789251385	93561479168
1789251390	93561479168
1789251395	93561479168
1789251400	93561479168
1789251405	93561479168
1789251410	93561479168
1789251415	93561479168
1789251420	93561479168
1789251425	93561479168
1789251430	93561479168
1789251435	93561479168
1789251440	93561479168
1789251445	93561479168
1789251450	93561479168
1789251455	93561479168
1789251460	93561479168
1789251465	93561479168
1789251470	93561479168
1789251475	93561479168
1789251480	93561479168
1789251485	93561479168
1789251490	93561479168
1789251495	93561479168
1789251500	93561479168
1789251505	93561479168
1789251510	93561479168
1789251515	93561479168
1789251520	93561479168
1789251525	93561479168
1789251530	93561479168
1789251535	93561479168
1789251540	93561479168
1789251545	93561479168
1789251550	93561479168
1789251555	93561479168
1789251560	93561479168
1789251565	93561479168
1789251570	93561479168
1789251575	93561479168
1789251580	93561479168
1789251585	93561479168
1789251590	93561479168
1789251595	93561479168
1789251600	93561479168
1789251605	93561479168
1789251610	93561479168
1789251615	93561479168
1789251620	93561479168
1789251625	93561479168
1789251630	93561483264
1789251635	93561483264
1789251640	93561483264
1789251645	93561483264
1789251650	93561483264
1789251655	93561483264
1789251660	93561483264
1789251665	93561483264
1789251670	93561483264
1789251675	93561483264
1789251680	93561483264
1789251685	93561483264
1789251690	93561483264
1789251695	93561483264
1789251700	93561483264
1789251705	93561483264
1789251710	93561483264
1789251715	93561483264
1789251720	93561483264
1789251725	93561483264
1789251730	93561483264
1789251735	93561483264
1789251740	93561483264
1789251745	93561483264
1789251750	93561483264
1789251755	93561483264
1789251760	93561483264
1789251765	93561483264
1789251770	93561483264
1789251775	93561483264
1789251780	93561483264
1789251785	93561483264
1789251790	93561483264
1789251795	93561483264
1789251800	93561483264
1789251805	93561483264
1789251810	93561483264
1789251815	93561483264
1789251820	93561483264
1789251825	93561483264
1789251830	93561483264
1789251835	93561483264
1789251840	93561483264
1789251845	93561483264
1789251850	93561483264
1789251855	93561483264
1789251860	93561483264
1789251865	93561487360
1789251870	93561487360
1789251875	93561487360
1789251880	93561487360
1789251885	93561487360
1789251890	93561487360
1789251895	93561487360
1789251900	93561487360
1789251905	93561487360
1789251910	93561487360
1789251915	93561487360
1789251920	93561487360
1789251925	93561487360
1789251931	93561487360
1789251936	93561487360
1789251941	93561487360
1789251946	93561487360
1789251951	93561487360
1789251956	93561487360
1789251961	93561487360
1789251966	93561487360
1789251971	93561487360
1789251976	93561487360
1789251981	93561487360
1789251986	93561487360
1789251991	93561487360
1789251996	93561487360
1789252001	93561487360
1789252006	93561487360
1789252011	93561487360
1789252016	93561487360
1789252021	93561487360
1789252026	93561487360
1789252031	93561487360
1789252036	93561487360
1789252041	93561487360
1789252046	93561487360
1789252051	93561487360
1789252056	93561487360
1789252061	93561487360
1789252066	93561487360
1789252071	93561487360
1789252076	93561487360
1789252081	93561487360
1789252086	93561487360
1789252091	93561487360
1789252096	93561487360
1789252101	93561487360
1789252106	93561487360
1789252111	93561487360
1789252116	93561487360
1789252121	93561487360
1789252126	93561491456
1789252131	93561491456
1789252136	93561491456
1789252141	93561491456
1789252146	93561491456
1789252151	93561491456
1789252156	93561491456
1789252161	93561491456
1789252166	93561491456
1789252171	93561491456
1789252176	93561491456
1789252181	93561491456
1789252186	93561491456
1789252191	93561491456
1789252196	93561491456
1789252201	93561491456
1789252206	93561491456
1789252211	93561491456
1789252216	93561491456
1789252221	93561491456
1789252226	93561491456
1789252231	93561491456
1789252236	93561491456
1789252241	93561491456
1789252246	93561491456
1789252251	93561491456
1789252256	93561491456
1789252261	93561491456
1789252266	93561491456
1789252271	93561491456
1789252276	93561491456
1789252281	93561491456
1789252286	93561491456
1789252291	93561491456
1789252296	93561491456
1789252301	93561491456
1789252306	93561491456
1789252311	93561491456
1789252316	93561491456
1789252321	93561491456
1789252326	93561491456
1789252331	93561491456
1789252336	93561491456
1789252341	93561491456
1789252346	93561491456
1789252351	93561491456
1789252356	93561491456
1789252361	93561495552
1789252366	93561495552
1789252371	93561495552
1789252376	93561495552
1789252381	93561495552
1789252386	93561495552
1789252391	93561495552
1789252396	93561495552
1789252401	93561495552
1789252406	93561495552
1789252411	93561495552
1789252416	93561495552
1789252421	93561495552
1789252426	93561495552
1789252431	93561495552
1789252436	93561495552
1789252441	93561495552
1789252446	93561495552
1789252451	93561495552
1789252456	93561495552
1789252461	93561495552
1789252466	93561495552
1789252471	93561495552
1789252476	93561495552
1789252481	93561495552
1789252487	93561495552
1789252492	93561495552
1789252497	93561495552
1789252502	93561495552
1789252507	93561495552
1789252512	93561495552
1789252517	93561495552
1789252522	93561495552
1789252527	93561495552
1789252532	93561495552
1789252537	93561495552
1789252542	93561495552
1789252547	93561495552
1789252552	93561495552
1789252557	93561495552
1789252562	93561495552
1789252567	93561495552
1789252572	93561495552
1789252577	93561495552
1789252582	93561495552
1789252587	93561495552
1789252592	93561495552
1789252597	93561495552
1789252602	93561495552
1789252607	93561495552
1789252612	93561495552
1789252617	93561499648
1789252622	93561499648
1789252627	93561499648
1789252632	93561499648
1789252637	93561499648
1789252642	93561499648
1789252647	93561499648
1789252652	93561499648
1789252657	93561499648
1789252662	93561499648
1789252667	93561499648
1789252672	93561499648
1789252677	93561499648
1789252682	93561499648
1789252687	93561499648
1789252692	93561499648
1789252697	93561499648
1789252702	93561499648
1789252707	93561499648
1789252712	93561499648
1789252717	93561499648
1789252722	93561499648
1789252727	93561499648
1789252732	93561499648
1789252737	93561499648
1789252742	93561499648
1789252747	93561499648
1789252752	93561499648
1789252757	93561499648
1789252762	93561499648
1789252767	93561499648
1789252772	93561499648
1789252777	93561499648
1789252782	93561499648
1789252787	93561499648
1789252792	93561499648
1789252797	93561499648
1789252802	93561499648
1789252807	93561503744
1789252812	93561503744
1789252817	93561503744
1789252822	93561503744
1789252827	93561503744
1789252832	93561503744
1789252837	93561503744
1789252842	93561503744
1789252847	93561503744
1789252852	93561503744
1789252857	93561503744
1789252862	93561503744
1789252867	93561503744
1789252872	93561503744
1789252877	93561503744
1789252882	93561503744
1789252887	93561503744
1789252892	93561503744
1789252897	93561503744
1789252902	93561503744
1789252907	93561503744
1789252912	93561503744
1789252917	93561503744
1789252922	93561503744
1789252927	93561503744
1789252932	93561503744
1789252937	93561503744
1789252942	93561503744
1789252947	93561503744
1789252952	93561503744
1789252957	93561503744
1789252962	93561503744
1789252967	93561503744
1789252972	93561503744
1789252977	93561503744
1789252982	93561503744
1789252987	93561503744
1789252992	93561503744
1789252997	93561503744
1789253002	93561503744
1789253007	93561503744
1789253012	93561503744
1789253017	93561503744
1789253022	93561503744
1789253027	93561503744
1789253032	93561503744
1789253037	93561503744
1789253043	93561503744
1789253048	93561503744
1789253053	93561503744
1789253058	93561503744
1789253063	93561503744
1789253068	93561503744
1789253073	93561503744
1789253078	93561503744
1789253083	93561503744
1789253088	93561503744
1789253093	93561503744
1789253098	93561507840
1789253103	93561507840
1789253108	93561507840
1789253113	93561507840
1789253118	93561507840
1789253123	93561507840
1789253128	93561507840
1789253133	93561507840
1789253138	93561507840
1789253143	93561507840
1789253148	93561507840
1789253153	93561507840
1789253158	93561507840
1789253163	93561507840
1789253168	93561507840
1789253173	93561507840
1789253178	93561507840
1789253183	93561507840
1789253188	93561507840
1789253193	93561507840
1789253198	93561507840
1789253203	93561507840
1789253208	93561507840
1789253213	93561507840
1789253218	93561507840
1789253223	93561507840
1789253228	93561507840
1789253233	93561507840
1789253238	93561507840
1789253243	93561507840
1789253248	93561507840
1789253253	93561507840
1789253258	93561507840
1789253263	93561507840
1789253268	93561507840
1789253273	93561507840
1789253278	93561507840
1789253283	93561507840
1789253288	93561507840
1789253293	93561511936
1789253298	93561511936
1789253303	93561511936
1789253308	93561511936
1789253313	93561511936
1789253318	93561511936
1789253323	93561511936
1789253328	93561511936
1789253333	93561511936
1789253338	93561511936
1789253343	93561511936
1789253348	93561511936
1789253353	93561511936
1789253358	93561511936
1789253363	93561511936
1789253368	93561511936
1789253373	93561511936
1789253378	93561511936
1789253383	93561511936
1789253388	93561511936
1789253393	93561511936
1789253398	93561511936
1789253403	93561511936
1789253408	93561511936
1789253413	93561511936
1789253418	93561511936
1789253423	93561511936
1789253428	93561511936
1789253433	93561511936
1789253438	93561511936
1789253443	93561511936
1789253448	93561511936
1789253453	93561511936
1789253458	93561511936
1789253463	93561511936
1789253468	93561511936
1789253473	93561511936
1789253478	93561511936
1789253483	93561511936
1789253488	93561511936
1789253493	93561511936
1789253498	93561511936
1789253503	93561511936
1789253508	93561511936
1789253513	93561511936
1789253518	93561511936
1789253523	93561511936
1789253528	93561511936
1789253533	93561511936
1789253538	93561511936
1789253543	93561511936
1789253548	93561511936
1789253553	93561511936
1789253558	93561511936
1789253563	93561511936
1789253568	93561511936
1789253573	93561511936
1789253578	93561511936
1789253583	93561516032
1789253588	93561516032
1789253593	93561516032
1789253598	93561516032
1789253603	93561516032
1789253608	93561516032
1789253614	93561516032
1789253619	93561516032
1789253624	93561516032
1789253629	93561516032
1789253634	93561516032
1789253639	93561516032
1789253644	93561516032
1789253649	93561516032
1789253654	93561516032
1789253659	93561516032
1789253664	93561516032
1789253669	93561516032
1789253674	93561516032
1789253679	93561516032
1789253684	93561516032
1789253689	93561516032
1789253694	93561516032
1789253699	93561516032
1789253704	93561516032
1789253709	93561516032
1789253714	93561516032
1789253719	93561516032
1789253724	93561516032
1789253729	93561516032
1789253734	93561516032
1789253739	93561516032
1789253744	93561516032
1789253749	93561516032
1789253754	93561516032
1789253759	93561516032
1789253764	93561516032
1789253769	93561516032
1789253774	93561516032
1789253779	93561516032
1789253784	93561520128
1789253789	93561520128
1789253794	93561520128
1789253799	93561520128
1789253804	93561520128
1789253809	93561520128
1789253814	93561520128
1789253819	93561520128
1789253824	93561520128
1789253829	93561520128
1789253834	93561520128
1789253839	93561520128
1789253844	93561520128
1789253849	93561520128
1789253854	93561520128
1789253859	93561520128
1789253864	93561520128
1789253869	93561520128
1789253874	93561520128
1789253879	93561520128
1789253884	93561520128
1789253889	93561520128
1789253894	93561520128
1789253899	93561520128
1789253904	93561520128
1789253909	93561520128
1789253914	93561520128
1789253919	93561520128
1789253924	93561520128
1789253929	93561520128
1789253934	93561520128
1789253939	93561520128
1789253944	93561520128
1789253949	93561520128
1789253954	93561520128
1789253959	93561520128
1789253964	93561520128
1789253969	93561520128
1789253974	93561520128
1789253979	93561520128
1789253984	93561520128
1789253989	93561520128
1789253994	93561520128
1789253999	93561520128
1789254004	93561520128
1789254009	93561520128
1789254014	93561520128
1789254019	93561520128
1789254024	93561520128
1789254029	93561520128
1789254034	93561520128
1789254039	93561520128
1789254044	93561520128
1789254049	93561520128
1789254054	93561520128
1789254059	93561520128
1789254064	93561520128
1789254069	93561520128
1789254074	93561520128
1789254079	93561524224
1789254084	93561524224
1789254089	93561524224
1789254094	93561524224
1789254099	93561524224
1789254104	93561524224
1789254109	93561524224
1789254114	93561524224
1789254119	93561524224
1789254124	93561524224
1789254129	93561524224
1789254134	93561524224
1789254139	93561524224
1789254144	93561524224
1789254149	93561524224
1789254154	93561524224
1789254159	93561524224
1789254165	93561524224
1789254170	93561524224
1789254175	93561524224
1789254180	93561524224
1789254185	93561524224
1789254190	93561524224
1789254195	93561524224
1789254200	93561524224
1789254205	93561524224
1789254210	93561524224
1789254215	93561524224
1789254220	93561524224
1789254225	93561524224
1789254230	93561524224
1789254235	93561524224
1789254240	93561524224
1789254245	93561524224
1789254250	93561524224
1789254255	93561524224
1789254260	93561524224
1789254265	93561524224
1789254270	93561524224
1789254275	93561524224
1789254280	93561528320
1789254285	93561528320
1789254290	93561528320
1789254295	93561528320
1789254300	93561528320
1789254305	93561528320
1789254310	93561528320
1789254315	93561528320
1789254320	93561528320
1789254325	93561528320
1789254330	93561528320
1789254335	93561528320
1789254340	93561528320
1789254345	93561528320
1789254350	93561528320
1789254355	93561528320
1789254360	93561528320
1789254365	93561528320
1789254370	93561528320
1789254375	93561528320
1789254380	93561528320
1789254385	93561528320
1789254390	93561528320
1789254395	93561528320
1789254400	93561528320
1789254405	93561528320
1789254410	93561528320
1789254415	93561528320
1789254420	93561528320
1789254425	93561528320
1789254430	93561528320
1789254435	93561528320
1789254440	93561528320
1789254445	93561528320
1789254450	93561528320
1789254455	93561528320
1789254460	93561528320
1789254465	93561528320
1789254470	93561528320
1789254475	93561528320
1789254480	93561528320
1789254485	93561528320
1789254490	93561528320
1789254495	93561528320
1789254500	93561528320
1789254505	93561528320
1789254510	93561528320
1789254515	93561528320
1789254520	93561528320
1789254525	93561528320
1789254530	93561528320
1789254535	93561528320
1789254540	93561528320
1789254545	93561528320
1789254550	93561528320
1789254555	93561528320
1789254560	93561528320
1789254565	93561528320
1789254570	93561532416
1789254575	93561532416
1789254580	93561532416
1789254585	93561532416
1789254590	93561532416
1789254595	93561532416
1789254600	93561532416
1789254605	93561532416
1789254610	93561532416
1789254615	93561532416
1789254620	93561532416
1789254625	93561532416
1789254630	93561532416
1789254635	93561532416
1789254640	93561532416
1789254645	93561532416
1789254650	93561532416
1789254655	93561532416
1789254660	93561532416
1789254665	93561532416
1789254670	93561532416
1789254675	93561532416
1789254680	93561532416
1789254685	93561532416
1789254690	93561532416
1789254695	93561532416
1789254700	93561532416
1789254705	93561532416
1789254710	93561532416
1789254715	93561532416
1789254720	93561532416
1789254725	93561532416
1789254730	93561532416
1789254735	93561532416
1789254741	93561532416
1789254746	93561532416
1789254751	93561532416
1789254756	93561532416
1789254761	93561532416
1789254766	93561536512
1789254771	93561536512
1789254776	93561536512
1789254781	93561536512
1789254786	93561536512
1789254791	93561536512
1789254796	93561536512
1789254801	93561536512
1789254806	93561536512
1789254811	93561536512
1789254816	93561536512
1789254821	93561536512
1789254826	93561536512
1789254831	93561536512
1789254836	93561536512
1789254841	93561536512
1789254846	93561536512
1789254851	93561536512
1789254856	93561536512
1789254861	93561536512
1789254866	93561536512
1789254871	93561536512
1789254876	93561536512
1789254881	93561536512
1789254886	93561536512
1789254891	93561536512
1789254896	93561536512
1789254901	93561536512
1789254906	93561536512
1789254911	93561536512
1789254916	93561536512
1789254921	93561536512
1789254926	93561536512
1789254931	93561536512
1789254936	93561536512
1789254941	93561536512
1789254946	93561536512
1789254951	93561536512
1789254956	93561536512
1789254961	93561536512
1789254966	93561536512
1789254971	93561536512
1789254976	93561536512
1789254981	93561536512
1789254986	93561536512
1789254991	93561536512
1789254996	93561536512
1789255001	93561536512
1789255006	93561536512
1789255011	93561536512
1789255016	93561536512
1789255021	93561536512
1789255026	93561536512
1789255031	93561536512
1789255036	93561536512
1789255041	93561536512
1789255046	93561536512
1789255051	93561536512
1789255056	93561540608
1789255061	93561540608
1789255066	93561540608
1789255071	93561540608
1789255076	93561540608
1789255081	93561540608
1789255086	93561540608
1789255091	93561540608
1789255096	93561540608
1789255101	93561540608
1789255106	93561540608
1789255111	93561540608
1789255116	93561540608
1789255121	93561540608
1789255126	93561540608
1789255131	93561540608
1789255136	93561540608
1789255141	93561540608
1789255146	93561540608
1789255151	93561540608
1789255156	93561540608
1789255161	93561540608
1789255166	93561540608
1789255171	93561540608
1789255176	93561540608
1789255181	93561540608
1789255186	93561540608
1789255191	93561540608
1789255196	93561540608
1789255201	93561540608
1789255206	93561540608
1789255211	93561540608
1789255216	93561540608
1789255221	93561540608
1789255226	93561540608
1789255231	93561540608
1789255236	93561540608
1789255241	93561540608
1789255246	93561544704
1789255251	93561544704
1789255256	93561544704
1789255261	93561544704
1789255266	93561544704
1789255271	93561544704
1789255276	93561544704
1789255281	93561544704
1789255286	93561544704
1789255291	93561544704
1789255296	93561544704
1789255301	93561544704
1789255306	93561544704
1789255311	93561544704
1789255317	93561544704
1789255322	93561544704
1789255327	93561544704
1789255332	93561544704
1789255337	93561544704
1789255342	93561544704
1789255347	93561544704
1789255352	93561544704
1789255357	93561544704
1789255362	93561544704
1789255367	93561544704
1789255372	93561544704
1789255377	93561544704
1789255382	93561544704
1789255387	93561544704
1789255392	93561544704
1789255397	93561544704
1789255402	93561544704
1789255407	93561544704
1789255412	93561544704
1789255417	93561544704
1789255422	93561544704
1789255427	93561544704
1789255432	93561544704
1789255437	93561544704
1789255442	93561544704
1789255447	93561544704
1789255452	93561544704
1789255457	93561544704
1789255462	93561544704
1789255467	93561544704
1789255472	93561544704
1789255477	93561544704
1789255482	93561544704
1789255487	93561544704
1789255492	93561544704
1789255497	93561544704
1789255502	93561544704
1789255507	93561544704
1789255512	93561544704
1789255517	93561544704
1789255522	93561544704
1789255527	93561544704
1789255532	93561544704
1789255537	93561548800
1789255542	93561548800
1789255547	93561548800
1789255552	93561548800
1789255557	93561548800
1789255562	93561548800
1789255567	93561548800
1789255572	93561548800
1789255577	93561548800
1789255582	93561548800
1789255587	93561548800
1789255592	93561548800
1789255597	93561548800
1789255602	93561548800
1789255607	93561548800
1789255612	93561548800
1789255617	93561548800
1789255622	93561548800
1789255627	93561548800
1789255632	93561548800
1789255637	93561548800
1789255642	93561548800
1789255647	93561548800
1789255652	93561548800
1789255657	93561548800
1789255662	93561548800
1789255667	93561548800
1789255672	93561548800
1789255677	93561548800
1789255682	93561548800
1789255687	93561548800
1789255692	93561548800
1789255697	93561548800
1789255702	93561548800
1789255707	93561548800
1789255712	93561548800
1789255717	93561548800
1789255722	93561548800
1789255727	93561548800
1789255732	93561552896
1789255737	93561552896
1789255742	93561552896
1789255747	93561552896
1789255752	93561552896
1789255757	93561552896
1789255762	93561552896
1789255767	93561552896
1789255772	93561552896
1789255777	93561552896
1789255782	93561552896
1789255787	93561552896
1789255792	93561552896
1789255797	93561552896
1789255802	93561552896
1789255807	93561552896
1789255812	93561552896
1789255817	93561552896
1789255822	93561552896
1789255827	93561552896
1789255832	93561552896
1789255837	93561552896
1789255842	93561552896
1789255847	93561552896
1789255852	93561552896
1789255857	93561552896
1789255862	93561552896
1789255867	93561552896
1789255872	93561552896
1789255877	93561552896
1789255882	93561552896
1789255888	93561552896
1789255893	93561552896
1789255898	93561552896
1789255903	93561552896
1789255908	93561552896
1789255913	93561552896
1789255918	93561552896
1789255923	93561552896
1789255928	93561552896
1789255933	93561552896
1789255938	93561552896
1789255943	93561552896
1789255948	93561552896
1789255953	93561552896
1789255958	93561552896
1789255963	93561552896
1789255968	93561552896
1789255973	93561552896
1789255978	93561552896
1789255983	93561552896
1789255988	93561552896
1789255993	93561552896
1789255998	93561552896
1789256003	93561552896
1789256008	93561552896
1789256013	93561552896
1789256018	93561552896
1789256023	93561552896
1789256028	93561556992
1789256033	93561556992
1789256038	93561556992
1789256043	93561556992
1789256048	93561556992
1789256053	93561556992
1789256058	93561556992
1789256063	93561556992
1789256068	93561556992
1789256073	93561556992
1789256078	93561556992
1789256083	93561556992
1789256088	93561556992
1789256093	93561556992
1789256098	93561556992
1789256103	93561556992
1789256108	93561556992
1789256113	93561556992
1789256118	93561556992
1789256123	93561556992
1789256128	93561556992
1789256133	93561556992
1789256138	93561556992
1789256143	93561556992
1789256148	93561556992
1789256153	93561556992
1789256158	93561556992
1789256163	93561556992
1789256168	93561556992
1789256173	93561556992
1789256178	93561556992
1789256183	93561556992
1789256188	93561556992
1789256193	93561556992
1789256198	93561556992
1789256203	93561556992
1789256208	93561556992
1789256213	93561561088
1789256218	93561561088
1789256223	93561561088
1789256228	93561561088
1789256233	93561561088
1789256238	93561561088
1789256243	93561561088
1789256248	93561561088
1789256253	93561561088
1789256258	93561561088
1789256263	93561561088
1789256268	93561561088
1789256273	93561561088
1789256278	93561561088
1789256283	93561561088
1789256288	93561561088
1789256293	93561561088
1789256298	93561561088
1789256303	93561561088
1789256308	93561561088
1789256313	93561561088
1789256318	93561561088
1789256323	93561561088
1789256328	93561561088
1789256333	93561561088
1789256338	93561561088
1789256343	93561561088
1789256348	93561561088
1789256353	93561561088
1789256358	93561561088
1789256363	93561561088
1789256368	93561561088
1789256373	93561561088
1789256378	93561561088
1789256383	93561561088
1789256388	93561561088
1789256393	93561561088
1789256398	93561561088
1789256403	93561561088
1789256408	93561561088
1789256413	93561561088
1789256418	93561561088
1789256423	93561561088
1789256428	93561561088
1789256433	93561561088
1789256438	93561561088
1789256444	93561561088
1789256449	93561561088
1789256454	93561561088
1789256459	93561561088
1789256464	93561561088
1789256469	93561565184
1789256474	93561565184
1789256479	93561565184
1789256484	93561565184
1789256489	93561565184
1789256494	93561565184
1789256499	93561565184
1789256504	93561565184
1789256509	93561565184
1789256514	93561565184
1789256519	93561565184
1789256524	93561565184
1789256529	93561565184
1789256534	93561565184
1789256539	93561565184
1789256544	93561569280
1789256549	93561569280
1789256554	93561569280
1789256559	93561569280
1789256564	93561569280
1789256569	93561569280
1789256574	93561569280
1789256579	93561569280
1789256584	93561569280
1789256589	93561569280
1789256594	93561569280
1789256599	93561569280
1789256604	93561569280
1789256609	93561569280
1789256614	93561573376
1789256619	93561573376
1789256624	93561573376
1789256629	93561573376
1789256634	93561573376
1789256639	93561573376
1789256644	93561573376
1789256649	93561573376
1789256654	93561573376
1789256659	93561573376
1789256664	93561573376
1789256669	93561573376
1789256674	93561573376
1789256679	93561573376
1789256684	93561577472
1789256689	93561577472
1789256694	93561577472
1789256699	93561577472
1789256704	93561577472
1789256709	93561577472
1789256714	93561577472
1789256719	93561577472
1789256724	93561577472
1789256729	93561577472
1789256734	93561577472
1789256739	93561577472
1789256744	93561577472
1789256749	93561577472
1789256754	93561577472
1789256759	93561577472
1789256764	93561577472
1789256769	93561577472
1789256774	93561577472
1789256779	93561577472
1789256784	93561577472
1789256789	93561581568
1789256794	93561581568
1789256799	93561581568
1789256804	93561581568
1789256809	93561581568
1789256814	93561581568
1789256819	93561581568
1789256824	93561581568
1789256829	93561581568
1789256834	93561581568
1789256839	93561581568
1789256844	93561581568
1789256849	93561581568
1789256854	93561581568
1789256859	93561581568
1789256864	93561581568
1789256869	93561581568
1789256874	93561581568
1789256879	93561581568
1789256884	93561581568
1789256889	93561581568
1789256894	93561581568
1789256899	93561581568
1789256904	93561581568
1789256909	93561581568
1789256914	93561581568
1789256919	93561581568
1789256924	93561585664
1789256929	93561585664
1789256934	93561585664
1789256939	93561585664
1789256944	93561585664
1789256949	93561585664
1789256954	93561585664
1789256959	93561585664
1789256964	93561585664
1789256969	93561585664
1789256974	93561585664
1789256979	93561585664
1789256984	93561585664
1789256989	93561585664
1789256994	93561585664
1789256999	93561585664
1789257004	93561585664
1789257009	93561585664
1789257014	93561585664
1789257019	93561585664
1789257024	93561585664
1789257029	93561585664
1789257034	93561585664
1789257039	93561585664
1789257044	93561585664
1789257049	93561585664
1789257054	93561585664
1789257059	93561585664
1789257064	93561585664
1789257069	93561585664
1789257074	93561585664
1789257079	93561585664
1789257084	93561585664
1789257089	93561585664
1789257094	93561585664
1789257099	93561585664
1789257104	93561585664
1789257109	93561585664
1789257114	93561585664
1789257119	93561585664
1789257124	93561585664
1789257129	93561585664
1789257134	93561585664
1789257139	93561585664
1789257144	93561585664
1789257149	93561585664
1789257154	93561585664
1789257159	93561585664
1789257164	93561585664
1789257170	93561585664
1789257175	93561589760
1789257180	93561589760
1789257185	93561589760
1789257190	93561589760
1789257195	93561589760
1789257200	93561589760
1789257205	93561589760
1789257210	93561589760
1789257215	93561589760
1789257220	93561589760
1789257225	93561589760
1789257230	93561589760
1789257235	93561589760
1789257240	93561589760
1789257245	93561589760
1789257250	93561589760
1789257255	93561589760
1789257260	93561589760
1789257265	93561589760
1789257270	93561589760
1789257275	93561589760
1789257280	93561589760
1789257285	93561589760
1789257290	93561589760
1789257295	93561589760
1789257300	93561589760
1789257305	93561589760
1789257310	93561589760
1789257315	93561589760
1789257320	93561589760
1789257325	93561589760
1789257330	93561589760
1789257335	93561589760
1789257340	93561589760
1789257345	93561589760
1789257350	93561589760
1789257355	93561589760
1789257360	93561589760
1789257365	93561589760
1789257370	93561589760
1789257375	93561589760
1789257380	93561589760
1789257385	93561589760
1789257390	93561589760
1789257395	93561589760
1789257400	93561589760
1789257405	93561589760
1789257410	93561589760
1789257415	93561589760
1789257420	93561589760
1789257425	93561589760
1789257430	93561589760
1789257435	93561589760
1789257440	93561589760
1789257445	93561589760
1789257450	93561589760
1789257455	93561589760
1789257460	93561589760
1789257465	93561589760
1789257470	93561589760
1789257475	93561589760
1789257480	93561589760
1789257485	93561589760
1789257490	93561589760
1789257495	93561589760
1789257500	93561589760
1789257505	93561589760
1789257510	93561589760
1789257515	93561589760
1789257520	93561589760
1789257525	93561589760
1789257530	93561589760
1789257535	93561589760
1789257540	93561589760
1789257545	93561589760
1789257550	93561589760
1789257555	93561589760
1789257560	93561589760
1789257565	93561589760
1789257570	93561589760
1789257575	93561589760
1789257580	93561589760
1789257585	93561589760
1789257590	93561589760
1789257595	93561589760
1789257600	93561589760
1789257605	93561589760
1789257610	93561589760
1789257615	93561589760
1789257620	93561589760
1789257625	93561589760
1789257630	93561589760
1789257635	93561589760
1789257640	93561589760
1789257645	93561589760
1789257650	93561589760
1789257655	93561589760
1789257660	93561589760
1789257665	93561589760
1789257670	93561589760
1789257675	93561589760
1789257680	93561589760
1789257685	93561589760
1789257690	93561589760
1789257695	93561589760
1789257700	93561589760
1789257705	93561589760
1789257710	93561589760
1789257715	93561589760
1789257720	93561589760
1789257725	93561589760
1789257730	93561589760
1789257735	93561589760
1789257740	93561589760
1789257745	93561589760
1789257750	93561589760
1789257755	93561589760
1789257760	93561589760
1789257765	93561589760
1789257770	93561589760
1789257775	93561589760
1789257780	93561589760
1789257785	93561589760
1789257790	93561589760
1789257795	93561589760
1789257800	93561589760
1789257805	93561589760
1789257810	93561589760
1789257815	93561589760
1789257820	93561589760
1789257825	93561589760
1789257830	93561589760
1789257835	93561589760
1789257840	93561589760
1789257845	93561589760
1789257850	93561589760
1789257855	93561589760
1789257860	93561589760
1789257866	93561589760
1789257871	93561589760
1789257876	93561589760
1789257881	93561589760
1789257886	93561589760
1789257891	93561589760
1789257896	93561589760
1789257901	93561589760
1789257906	93561589760
1789257911	93561589760
1789257916	93561589760
1789257921	93561589760
1789257926	93561589760
1789257931	93561589760
1789257936	93561589760
1789257941	93561589760
1789257946	93561589760
1789257951	93561589760
1789257956	93561589760
1789257961	93561589760
1789257966	93561589760
1789257971	93561589760
1789257976	93561589760
1789257981	93561589760
1789257986	93561589760
1789257991	93561589760
1789257996	93561589760
1789258001	93561589760
1789258006	93561589760
1789258011	93561589760
1789258016	93561589760
1789258021	93561589760
1789258026	93561589760
1789258031	93561589760
1789258036	93561589760
1789258041	93561589760
1789258046	93561589760
1789258051	93561589760
1789258056	93561589760
1789258061	93561589760
1789258066	93561589760
1789258071	93561589760
1789258076	93561589760
1789258081	93561589760
1789258086	93561589760
1789258091	93561589760
1789258096	93561589760
1789258101	93561589760
1789258106	93561589760
1789258111	93561589760
1789258116	93561589760
1789258121	93561589760
1789258126	93561589760
1789258131	93561589760
1789258136	93561589760
1789258141	93561589760
1789258146	93561589760
1789258151	93561589760
1789258156	93561589760
1789258161	93561589760
1789258166	93561589760
1789258171	93561589760
1789258176	93561589760
1789258181	93561589760
1789258186	93561589760
1789258191	93561589760
1789258196	93561589760
1789258201	93561589760
1789258206	93561589760
1789258211	93561589760
1789258216	93561589760
1789258221	93561589760
1789258226	93561589760
1789258231	93561589760
1789258236	93561589760
1789258241	93561589760
1789258246	93561589760
1789258251	93561589760
1789258256	93561589760
1789258261	93561589760
1789258266	93561589760
1789258271	93561589760
1789258276	93561589760
1789258281	93561589760
1789258286	93561589760
1789258291	93561589760
1789258296	93561589760
1789258301	93561589760
1789258306	93561589760
1789258311	93561593856
1789258316	93561593856
1789258321	93561593856
1789258326	93561593856
1789258331	93561593856
1789258336	93561593856
1789258341	93561593856
1789258346	93561593856
1789258351	93561593856
1789258356	93561593856
1789258361	93561593856
1789258366	93561593856
1789258371	93561593856
1789258376	93561593856
1789258381	93561593856
1789258386	93561593856
1789258391	93561593856
1789258396	93561593856
1789258401	93561593856
1789258406	93561593856
1789258411	93561593856
1789258416	93561593856
1789258421	93561593856
1789258426	93561593856
1789258431	93561593856
1789258436	93561593856
1789258441	93561593856
1789258446	93561593856
1789258451	93561593856
1789258456	93561593856
1789258461	93561593856
1789258466	93561593856
1789258471	93561593856
1789258476	93561593856
1789258481	93561593856
1789258486	93561593856
1789258491	93561593856
1789258496	93561593856
1789258501	93561593856
1789258506	93561593856
1789258511	93561593856
1789258516	93561593856
1789258521	93561593856
1789258526	93561593856
1789258531	93561593856
1789258537	93561593856
1789258542	93561593856
1789258547	93561593856
1789258552	93561593856
1789258557	93561593856
1789258562	93561593856
1789258567	93561593856
1789258572	93561593856
1789258577	93561593856
1789258582	93561593856
1789258587	93561593856
1789258592	93561593856
1789258597	93561593856
1789258602	93561593856
1789258607	93561593856
1789258612	93561593856
1789258617	93561593856
1789258622	93561593856
1789258627	93561593856
1789258632	93561593856
1789258637	93561593856
1789258642	93561593856
1789258647	93561593856
1789258652	93561593856
1789258657	93561593856
1789258662	93561593856
1789258667	93561593856
1789258672	93561593856
1789258677	93561593856
1789258682	93561593856
1789258687	96720691200
1789258692	97354207232
1789258697	97354207232
1789258702	97354207232
1789258707	97354207232
1789258712	97354207232
1789258717	97354207232
1789258722	97354207232
1789258727	97354207232
1789258732	97354207232
1789258737	97354207232
1789258742	97354207232
1789258747	97354207232
1789258752	97354207232
1789258757	97354207232
1789258762	97354207232
1789258767	97354207232
1789258772	97354207232
1789258777	97354207232
1789258782	97354207232
1789258787	97354207232
1789258792	97354207232
1789258797	97354207232
1789258802	97354207232
1789258807	97354207232
1789258812	97354207232
1789258817	97354207232
1789258822	97354207232
1789258827	97354207232
1789258832	97354207232
1789258837	97354207232
1789258842	97354207232
1789258847	97354207232
1789258852	97354207232
1789258857	97354207232
1789258862	97354207232
1789258867	97354207232
1789258872	97354207232
1789258877	97354207232
1789258882	97354207232
1789258887	97354207232
1789258892	97354207232
1789258897	97354207232
1789258902	97354207232
1789258907	97354207232
1789258912	97354207232
1789258917	97354207232
1789258922	97354207232
1789258927	97354207232
1789258932	97354207232
1789258937	97354207232
1789258942	97354207232
1789258947	97354207232
1789258952	97354207232
1789258957	97354207232
1789258962	97354207232
1789258967	97354207232
1789258972	97354207232
1789258977	97354207232
1789258982	97354207232
1789258987	97354207232
1789258992	97354207232
1789258997	97354207232
1789259002	97354207232
1789259007	97354207232
1789259012	97354207232
1789259017	97354207232
1789259022	97354207232
1789259027	97354207232
1789259032	97354207232
1789259037	97354207232
1789259042	97354207232
1789259047	97354207232
1789259052	97354207232
1789259057	97354207232
1789259062	97354207232
1789259067	97354207232
1789259072	97354207232
1789259077	97354207232
1789259082	97354207232
1789259087	97354207232
1789259092	97354207232
1789259097	97354207232
1789259102	97354207232
1789259107	97354207232
1789259112	97354207232
1789259117	97354207232
1789259122	97354207232
1789259127	97354207232
1789259132	97354207232
1789259137	97354207232
1789259142	97354207232
1789259147	97354207232
1789259152	97354207232
1789259157	97354207232
1789259162	97354207232
1789259167	97354207232
1789259172	97354207232
1789259177	97354207232
1789259182	97354207232
1789259187	97354207232
1789259192	97354207232
1789259197	97354207232
1789259203	97354207232
1789259208	97354207232
1789259213	97354207232
1789259218	97354207232
1789259223	97354207232
1789259228	97354207232
1789259233	97354207232
1789259238	97354207232
1789259243	97354207232
1789259248	97354207232
1789259253	97476247552
1789259258	99137716224
1789259263	100761600000
1789259268	100833120256
1789259273	100833120256
1789259278	100833120256
1789259283	100833120256
1789259288	100833120256
1789259293	100833120256
1789259298	100833120256
1789259303	100833120256
1789259308	100833120256
1789259313	100833120256
1789259318	100833120256
1789259323	100833120256
1789259328	100833120256
1789259333	100833120256
1789259338	100833120256
1789259343	100833120256
1789259348	100833120256
1789259353	100833120256
1789259358	100833120256
1789259363	100833120256
1789259368	100833120256
1789259373	100833120256
1789259378	100833120256
1789259383	100833120256
1789259388	100833120256
1789259393	100833120256
1789259398	100833120256
1789259403	100833120256
1789259408	100833120256
1789259413	100833120256
1789259418	100833120256
1789259423	100833120256
1789259428	100833120256
1789259433	100833120256
1789259438	100833120256
1789259443	100833120256
1789259448	100833120256
1789259453	100833120256
1789259458	100833120256
1789259463	100833120256
1789259468	100833120256
1789259473	100833120256
1789259478	100833120256
1789259483	100833120256
1789259488	100833120256
1789259493	100833120256
1789259498	100833120256
1789259503	100833120256
1789259508	100833120256
1789259513	100833120256
1789259518	100833120256
1789259523	100833120256
1789259528	100833120256
1789259533	100833120256
1789259538	100833120256
1789259543	100833120256
1789259548	100833120256
1789259553	100833120256
1789259558	100833120256
1789259563	100833120256
1789259568	100833120256
1789259573	100833120256
1789259578	100833120256
1789259583	100833120256
1789259588	100833120256
1789259593	100833120256
1789259598	100833120256
1789259603	100833120256
1789259608	100833120256
1789259613	100833120256
1789259618	100833120256
1789259623	100833120256
1789259628	100833120256
1789259633	100833120256
1789259638	100833120256
1789259643	100833120256
1789259648	100833120256
1789259653	100833120256
1789259658	100833120256
1789259663	100833120256
1789259668	100833120256
1789259673	100833120256
1789259678	100833120256
1789259683	100833120256
1789259688	100833120256
1789259693	100833120256
1789259698	100833120256
1789259703	100833120256
1789259708	100833120256
1789259713	100833120256
1789259718	100833120256
1789259723	100833120256
1789259728	100833120256
1789259733	100833120256
1789259738	100833120256
1789259743	100833120256
1789259748	100833120256
1789259753	100833120256
1789259758	100833120256
1789259763	100833120256
1789259768	100833120256
1789259773	100833120256
1789259778	100833120256
1789259783	100833120256
1789259788	100833120256
1789259793	100833120256
1789259798	100833120256
1789259803	100833120256
1789259808	100833120256
1789259813	100833120256
1789259818	100833120256
1789259823	100833120256
1789259828	100833120256
1789259833	100833120256
1789259838	100833120256
1789259843	100833120256
1789259848	100833120256
1789259853	100833120256
1789259858	100833120256
1789259863	100833120256
1789259868	100833120256
1789259873	100833120256
1789259878	100833120256
1789259883	100833120256
1789259888	100833120256
1789259893	100833120256
1789259898	100833120256
1789259903	100833120256
1789259908	100833120256
1789259914	100833120256
1789259919	100833120256
1789259924	100833120256
1789259929	100833120256
1789259934	100833120256
1789259939	100833120256
1789259944	100833120256
1789259949	100833120256
1789259954	100833120256
1789259959	100833120256
1789259964	100833120256
1789259969	100833120256
1789259974	100833120256
1789259979	100833120256
1789259984	100833120256
1789259989	100833120256
1789259994	100833120256
1789259999	100833120256
1789260004	100833120256
1789260009	100833120256
1789260014	100833120256
1789260019	100833120256
1789260024	100833120256
1789260029	100833120256
1789260034	100833120256
1789260039	100833120256
1789260044	100833120256
1789260049	100833120256
1789260054	100833120256
1789260059	100833120256
1789260064	100833120256
1789260069	100833120256
1789260074	100833120256
1789260079	100833120256
1789260084	100833120256
1789260089	100833120256
1789260094	100833120256
1789260099	100833120256
1789260104	100833120256
1789260109	100833120256
1789260114	100833120256
1789260119	100833120256
1789260124	100833120256
1789260129	100833120256
1789260134	100833120256
1789260139	100833120256
1789260144	100833120256
1789260149	100833120256
1789260154	100833120256
1789260159	100833120256
1789260164	100833120256
1789260169	100833120256
1789260174	100833120256
1789260179	100833120256
1789260184	100833120256
1789260189	100833124352
1789260194	100833124352
1789260199	100833124352
1789260204	100833124352
1789260209	100833124352
1789260214	100833124352
1789260219	100833124352
1789260224	100833124352
1789260229	100833124352
1789260234	100833124352
1789260239	100833124352
1789260244	100833124352
1789260249	100833124352
1789260254	100833124352
1789260259	100833124352
1789260264	100833124352
1789260269	100833124352
1789260274	100833124352
1789260279	100833124352
1789260284	100833124352
1789260289	100833124352
1789260294	100833124352
1789260299	100833124352
1789260304	100833124352
1789260309	100833124352
1789260314	100833124352
1789260319	100833124352
1789260324	100833124352
1789260329	100833124352
1789260334	100833124352
1789260339	100833124352
1789260344	100833124352
1789260349	100833124352
1789260354	100833124352
1789260359	100833124352
1789260364	100833124352
1789260369	100833124352
1789260374	100833124352
1789260379	100833124352
1789260384	100833128448
1789260389	100833128448
1789260394	100833128448
1789260399	100833128448
1789260404	100833128448
1789260409	100833128448
1789260414	100833128448
1789260419	100833128448
1789260424	100833128448
1789260429	100833128448
1789260434	100833128448
1789260439	100833128448
1789260444	100833128448
1789260449	100833128448
1789260454	100833128448
1789260459	100833128448
1789260464	100833128448
1789260469	100833128448
1789260474	100833128448
1789260479	100833128448
1789260484	100833128448
1789260489	100833128448
1789260494	100833128448
1789260499	100833128448
1789260504	100833128448
1789260509	100833128448
1789260514	100833128448
1789260519	100833128448
1789260524	100833128448
1789260529	100833128448
1789260534	100833128448
1789260539	100833128448
1789260544	100833128448
1789260549	100833128448
1789260554	100833128448
1789260559	100833128448
1789260564	100833128448
1789260569	100833128448
1789260574	100833132544
1789260579	100833132544
1789260584	100833132544
1789260589	100833132544
1789260594	100833132544
1789260599	100833132544
1789260604	100833132544
1789260609	100833132544
1789260614	100833132544
1789260619	100833132544
1789260625	100833132544
1789260630	100833132544
1789260635	100833132544
1789260640	100833132544
1789260645	100833132544
1789260650	100833132544
1789260655	100833132544
1789260660	100833132544
1789260665	100833132544
1789260670	100833132544
1789260675	100833132544
1789260680	100833132544
1789260685	100833132544
1789260690	100833132544
1789260695	100833132544
1789260700	100833132544
1789260705	100833132544
1789260710	100833132544
1789260715	100833132544
1789260720	100833132544
1789260725	100833132544
1789260730	100833132544
1789260735	100833132544
1789260740	100833132544
1789260745	100833132544
1789260750	100833132544
1789260755	100833132544
1789260760	100833132544
1789260765	100833132544
1789260770	100833136640
1789260775	100833136640
1789260780	100833136640
1789260785	100833136640
1789260790	100833136640
1789260795	100833136640
1789260800	100833136640
1789260805	100833136640
1789260810	100833136640
1789260815	100833136640
1789260820	100833136640
1789260825	100833136640
1789260830	100833136640
1789260835	100833136640
1789260840	100833136640
1789260845	100833136640
1789260850	100833136640
1789260855	100833136640
1789260860	100833136640
1789260865	100833136640
1789260870	100833136640
1789260875	100833136640
1789260880	100833136640
1789260885	100833136640
1789260890	100833136640
1789260895	100833136640
1789260900	100833136640
1789260905	100833136640
1789260910	100833136640
1789260915	100833136640
1789260920	100833136640
1789260925	100833136640
1789260930	100833136640
1789260935	100833136640
1789260940	100833136640
1789260945	100833136640
1789260950	100833136640
1789260955	100833136640
1789260960	100833136640
1789260965	100833140736
1789260970	100833140736
1789260975	100833140736
1789260980	100833140736
1789260985	100833140736
1789260990	100833140736
1789260995	100833140736
1789261000	100833140736
1789261005	100833140736
1789261010	100833140736
1789261015	100833140736
1789261020	100833140736
1789261025	100833140736
1789261030	100833140736
1789261035	100833140736
1789261040	100833140736
1789261045	100833140736
1789261050	100833140736
1789261055	100833140736
1789261060	100833140736
1789261065	100833140736
1789261070	100833140736
1789261075	100833140736
1789261080	100833140736
1789261085	100833140736
1789261090	100833140736
1789261095	100833140736
1789261100	100833140736
1789261105	100833140736
1789261110	100833140736
1789261115	100833140736
1789261120	100833140736
1789261125	100833140736
1789261130	100833140736
1789261135	100833140736
1789261140	100833140736
1789261145	100833140736
1789261150	100833140736
1789261155	100833144832
1789261160	100833144832
1789261165	100833144832
1789261170	100833144832
1789261175	100833144832
1789261180	100833144832
1789261185	100833144832
1789261190	100833144832
1789261195	100833144832
1789261200	100833144832
1789261205	100833144832
1789261210	100833144832
1789261215	100833144832
1789261220	100833144832
1789261225	100833144832
1789261230	100833144832
1789261235	100833144832
1789261240	100833144832
1789261245	100833144832
1789261250	100833144832
1789261255	100833144832
1789261260	100833144832
1789261265	100833144832
1789261270	100833144832
1789261275	100833144832
1789261280	100833144832
1789261285	100833144832
1789261290	100833144832
1789261295	100833144832
1789261300	100833144832
1789261305	100833144832
1789261310	100833144832
1789261315	100833144832
1789261320	100833144832
1789261325	100833144832
1789261330	100833144832
1789261335	100833144832
1789261340	100833144832
1789261346	100833144832
1789261351	100833148928
1789261356	100833148928
1789261361	100833148928
1789261366	100833148928
1789261371	100833148928
1789261376	100833148928
1789261381	100833148928
1789261386	100833148928
1789261391	100833148928
1789261396	100833148928
1789261401	100833148928
1789261406	100833148928
1789261411	100833148928
1789261416	100833148928
1789261421	100833148928
1789261426	100833148928
1789261431	100833148928
1789261436	100833148928
1789261441	100833148928
1789261446	100833148928
1789261451	100833148928
1789261456	100833148928
1789261461	100833148928
1789261466	100833148928
1789261471	100833148928
1789261476	100833148928
1789261481	100833148928
1789261486	100833148928
1789261491	100833148928
1789261496	100833148928
1789261501	100833148928
1789261506	100833148928
1789261511	100833148928
1789261516	100833148928
1789261521	100833148928
1789261526	100833148928
1789261531	100833148928
1789261536	100833148928
1789261541	100833153024
1789261546	100833153024
1789261551	100833153024
1789261556	100833153024
1789261561	100833153024
1789261566	100833153024
1789261571	100833153024
1789261576	100833153024
1789261581	100833153024
1789261586	100833153024
1789261591	100833153024
1789261596	100833153024
1789261601	100833153024
1789261606	100833153024
1789261611	100833153024
1789261616	100833153024
1789261621	100833153024
1789261626	100833153024
1789261631	100833153024
1789261636	100833153024
1789261641	100833153024
1789261646	100833153024
1789261651	100833153024
1789261656	100833153024
1789261661	100833153024
1789261666	100833153024
1789261671	100833153024
1789261676	100833153024
1789261681	100833153024
1789261686	100833153024
1789261691	100833153024
1789261696	100833153024
1789261701	100833153024
1789261706	100833153024
1789261711	100833153024
1789261716	100833153024
1789261721	100833153024
1789261726	100833153024
1789261731	100833153024
1789261736	100833157120
1789261741	100833157120
1789261746	100833157120
1789261751	100833157120
1789261756	100833157120
1789261761	100833157120
1789261766	100833157120
1789261771	100833157120
1789261776	100833157120
1789261781	100833157120
1789261786	100833157120
1789261791	100833157120
1789261796	100833157120
1789261801	100833157120
1789261806	100833157120
1789261811	100833157120
1789261816	100833157120
1789261821	100833157120
1789261826	100833157120
1789261831	100833157120
1789261836	100833157120
1789261841	100833157120
1789261846	100833157120
1789261851	100833157120
1789261856	100833157120
1789261861	100833157120
1789261866	100833157120
1789261871	100833157120
1789261876	100833157120
1789261881	100833157120
1789261886	100833157120
1789261891	100833157120
1789261896	100833157120
1789261901	100833157120
1789261906	100833157120
1789261911	100833157120
1789261916	100833157120
1789261921	100833157120
1789261926	100833161216
1789261931	100833161216
1789261936	100833161216
1789261941	100833161216
1789261946	100833161216
1789261951	100833161216
1789261956	100833161216
1789261961	100833161216
1789261966	100833161216
1789261971	100833161216
1789261976	100833161216
1789261981	100833161216
1789261986	100833161216
1789261991	100833161216
1789261996	100833161216
1789262001	100833161216
1789262006	100833161216
1789262011	100833161216
1789262016	100833161216
1789262021	100833161216
1789262026	100833161216
1789262031	100833161216
1789262036	100833161216
1789262041	100833161216
1789262046	100833161216
1789262051	100833161216
1789262056	100833161216
1789262061	100833161216
1789262066	100833161216
1789262071	100833161216
1789262076	100833161216
1789262081	100833161216
1789262086	100833161216
1789262092	100833161216
1789262097	100833161216
1789262102	100833161216
1789262107	100833161216
1789262112	100833161216
1789262117	100833161216
1789262122	100833165312
1789262127	100833165312
1789262132	100833165312
1789262137	100833165312
1789262142	100833165312
1789262147	100833165312
1789262152	100833165312
1789262157	100833165312
1789262162	100833165312
1789262167	100833165312
1789262172	100833165312
1789262177	100833165312
1789262182	100833165312
1789262187	100833165312
1789262192	100833165312
1789262197	100833165312
1789262202	100833165312
1789262207	100833165312
1789262212	100833165312
1789262217	100833165312
1789262222	100833165312
1789262227	100833165312
1789262232	100833165312
1789262237	100833165312
1789262242	100833165312
1789262247	100833165312
1789262252	100833165312
1789262257	100833165312
1789262262	100833165312
1789262267	100833165312
1789262272	100833165312
1789262277	100833165312
1789262282	100833165312
1789262287	100833165312
1789262292	100833165312
1789262297	100833165312
1789262302	100833165312
1789262307	100833165312
1789262312	100833165312
1789262317	100833169408
1789262322	100833169408
1789262327	100833169408
1789262332	100833169408
1789262337	100833169408
1789262342	100833169408
1789262347	100833169408
1789262352	100833169408
1789262357	100833169408
1789262362	100833169408
1789262367	100833169408
1789262372	100833169408
1789262377	100833169408
1789262382	100833169408
1789262387	100833169408
1789262392	100833169408
1789262397	100833169408
1789262402	100833169408
1789262407	100833169408
1789262412	100833169408
1789262417	100833169408
1789262422	100833169408
1789262427	100833169408
1789262432	100833169408
1789262437	100833169408
1789262442	100833169408
1789262447	100833169408
1789262452	100833169408
1789262457	100833169408
1789262462	100833169408
1789262467	100833169408
1789262472	100833169408
1789262477	100833169408
1789262482	100833169408
1789262487	100833169408
1789262492	100833169408
1789262497	100833169408
1789262502	100833169408
1789262507	100833169408
1789262512	100833173504
1789262517	100833173504
1789262522	100833173504
1789262527	100833173504
1789262532	100833173504
1789262537	100833173504
1789262542	100833173504
1789262547	100833173504
1789262552	100833173504
1789262557	100833173504
1789262562	100833173504
1789262567	100833173504
1789262572	100833173504
1789262577	100833173504
1789262582	100833173504
1789262587	100833173504
1789262592	100833173504
1789262597	100833173504
1789262602	100833173504
1789262607	100833173504
1789262612	100833173504
1789262617	100833173504
1789262622	100833173504
1789262627	100833173504
1789262632	100833173504
1789262637	100833173504
1789262642	100833173504
1789262647	100833173504
1789262652	100833173504
1789262657	100833173504
1789262662	100833173504
1789262667	100833173504
1789262672	100833173504
1789262677	100833173504
1789262682	100833173504
1789262687	100833173504
1789262692	100833173504
1789262697	100833173504
1789262702	100833173504
1789262707	100833177600
1789262712	100833177600
1789262717	100833177600
1789262722	100833177600
1789262727	100833177600
1789262732	100833177600
1789262737	100833177600
1789262742	100833177600
1789262747	100833177600
1789262752	100833177600
1789262757	100833177600
1789262762	100833177600
1789262767	100833177600
1789262772	100833177600
1789262777	100833177600
1789262782	100833177600
1789262787	100833177600
1789262792	100833177600
1789262797	100833177600
1789262802	100833177600
1789262807	100833177600
1789262812	100833177600
1789262817	100833177600
1789262823	100833177600
1789262828	100833177600
1789262833	100833177600
1789262838	100833177600
1789262843	100833177600
1789262848	100833177600
1789262853	100833177600
1789262858	100833177600
1789262863	100833177600
1789262868	100833177600
1789262873	100833177600
1789262878	100833177600
1789262883	100833177600
1789262888	100833177600
1789262893	100833177600
1789262898	100833181696
1789262903	100833181696
1789262908	100833181696
1789262913	100833181696
1789262918	100833181696
1789262923	100833181696
1789262928	100833181696
1789262933	100833181696
1789262938	100833181696
1789262943	100833181696
1789262948	100833181696
1789262953	100833181696
1789262958	100833181696
1789262963	100833181696
1789262968	100833181696
1789262973	100833181696
1789262978	100833181696
1789262983	100833181696
1789262988	100833181696
1789262993	100833181696
1789262998	100833181696
1789263003	100833181696
1789263008	100833181696
1789263013	100833181696
1789263018	100833181696
1789263023	100833181696
1789263028	100833181696
1789263033	100833181696
1789263038	100833181696
1789263043	100833181696
1789263048	100833181696
1789263053	100833181696
1789263058	100833181696
1789263063	100833181696
1789263068	100833181696
1789263073	100833181696
1789263078	100833181696
1789263083	100833181696
1789263088	100833181696
1789263093	100833185792
1789263098	100833185792
1789263103	100833185792
1789263108	100833185792
1789263113	100833185792
1789263118	100833185792
1789263123	100833185792
1789263128	100833185792
1789263133	100833185792
1789263138	100833185792
1789263143	100833185792
1789263148	100833185792
1789263153	100833185792
1789263158	100833185792
1789263163	100833185792
1789263168	100833185792
1789263173	100833185792
1789263178	100833185792
1789263183	100833185792
1789263188	100833185792
1789263193	100833185792
1789263198	100833185792
1789263203	100833185792
1789263208	100833185792
1789263213	100833185792
1789263218	100833185792
1789263223	100833185792
1789263228	100833185792
1789263233	100833185792
1789263238	100833185792
1789263243	100833185792
1789263248	100833185792
1789263253	100833185792
1789263258	100833185792
1789263263	100833185792
1789263268	100833185792
1789263273	100833185792
1789263278	100833185792
1789263283	100833185792
1789263288	100833189888
1789263293	100833189888
1789263298	100833189888
1789263303	100833189888
1789263308	100833189888
1789263313	100833189888
1789263318	100833189888
1789263323	100833189888
1789263328	100833189888
1789263333	100833189888
1789263338	100833189888
1789263343	100833189888
1789263348	100833189888
1789263353	100833189888
1789263358	100833189888
1789263363	100833189888
1789263368	100833189888
1789263373	100833189888
1789263378	100833189888
1789263383	100833189888
1789263388	100833189888
1789263393	100833189888
1789263398	100833189888
1789263403	100833189888
1789263408	100833189888
1789263413	100833189888
1789263418	100833189888
1789263423	100833189888
1789263428	100833189888
1789263433	100833189888
1789263438	100833189888
1789263443	100833189888
1789263448	100833189888
1789263453	100833189888
1789263458	100833189888
1789263463	100833189888
1789263468	100833189888
1789263473	100833189888
1789263478	100833193984
1789263483	100833193984
1789263488	100833193984
1789263493	100833193984
1789263498	100833193984
1789263503	100833193984
1789263508	100833193984
1789263513	100833193984
1789263519	100833193984
1789263524	100833193984
1789263529	100833193984
1789263534	100833193984
1789263539	100833193984
1789263544	100833193984
1789263549	100833193984
1789263554	100833193984
1789263559	100833193984
1789263564	100833193984
1789263569	100833193984
1789263574	100833193984
1789263579	100833193984
1789263584	100833193984
1789263589	100833193984
1789263594	100833193984
1789263599	100833193984
1789263604	100833193984
1789263609	100833193984
1789263614	100833193984
1789263619	100833193984
1789263624	100833193984
1789263629	100833193984
1789263634	100833193984
1789263639	100833193984
1789263644	100833193984
1789263649	100833193984
1789263654	100833193984
1789263659	100833193984
1789263664	100833193984
1789263669	100833193984
1789263674	100833198080
1789263679	100833198080
1789263684	100833198080
1789263689	100833198080
1789263694	100833198080
1789263699	100833198080
1789263704	100833198080
1789263709	100833198080
1789263714	100833198080
1789263719	100833198080
1789263724	100833198080
1789263729	100833198080
1789263734	100833198080
1789263739	100833198080
1789263744	100833198080
1789263749	100833198080
1789263754	100833198080
1789263759	100833198080
1789263764	100833198080
1789263769	100833198080
1789263774	100833198080
1789263779	100833198080
1789263784	100833198080
1789263789	100833198080
1789263794	100833198080
1789263799	100833198080
1789263804	100833198080
1789263809	100833198080
1789263814	100833198080
1789263819	100833198080
1789263824	100833198080
1789263829	100833198080
1789263834	100833198080
1789263839	100833198080
1789263844	100833198080
1789263849	100833198080
1789263854	100833198080
1789263859	100833198080
1789263864	100833202176
1789263869	100833202176
1789263874	100833202176
1789263879	100833202176
1789263884	100833202176
1789263889	100833202176
1789263894	100833202176
1789263899	100833202176
1789263904	100833202176
1789263909	100833202176
1789263914	100833202176
1789263919	100833202176
1789263924	100833202176
1789263929	100833202176
1789263934	100833202176
1789263939	100833202176
1789263944	100833202176
1789263949	100833202176
1789263954	100833202176
1789263959	100833202176
1789263964	100833202176
1789263969	100833202176
1789263974	100833202176
1789263979	100833202176
1789263984	100833202176
1789263989	100833202176
1789263994	100833202176
1789263999	100833202176
1789264004	100833202176
1789264009	100833202176
1789264014	100833202176
1789264019	100833202176
1789264024	100833202176
1789264029	100833202176
1789264034	100833202176
1789264039	100833202176
1789264044	100833202176
1789264049	100833206272
1789264054	100833206272
1789264059	100833206272
1789264064	100833206272
1789264069	100833206272
1789264074	100833206272
1789264079	100833206272
1789264084	100833206272
1789264089	100833206272
1789264094	100833206272
1789264099	100833206272
1789264104	100833206272
1789264109	100833206272
1789264114	100833206272
1789264119	100833206272
1789264124	100833206272
1789264129	100833206272
1789264134	100833206272
1789264139	100833206272
1789264144	100833206272
1789264149	100833206272
1789264154	100833206272
1789264159	100833206272
1789264164	100833206272
1789264169	100833206272
1789264174	100833206272
1789264179	100833206272
1789264184	100833206272
1789264189	100833206272
1789264194	100833206272
1789264199	100833206272
1789264204	100833206272
1789264209	100833206272
1789264214	100833206272
1789264219	100833206272
1789264224	100833206272
1789264229	100833206272
1789264234	100833206272
1789264239	100833206272
1789264244	100833210368
1789264250	100833210368
1789264255	100833210368
1789264260	100833210368
1789264265	100833210368
1789264270	100833210368
1789264275	100833210368
1789264280	100833210368
1789264285	100833210368
1789264290	100833210368
1789264295	100833210368
1789264300	100833210368
1789264305	100833210368
1789264310	100833210368
1789264315	100833210368
1789264320	100833210368
1789264325	100833210368
1789264330	100833210368
1789264335	100833210368
1789264340	100833210368
1789264345	100833210368
1789264350	100833210368
1789264355	100833210368
1789264360	100833210368
1789264365	100833210368
1789264370	100833210368
1789264375	100833210368
1789264380	100833210368
1789264385	100833210368
1789264390	100833210368
1789264395	100833210368
1789264400	100833210368
1789264405	100833210368
1789264410	100833210368
1789264415	100833210368
1789264420	100833210368
1789264425	100833210368
1789264430	100833210368
1789264435	100833214464
1789264440	100833214464
1789264445	100833214464
1789264450	100833214464
1789264455	100833214464
1789264460	100833214464
1789264465	100833214464
1789264470	100833214464
1789264475	100833214464
1789264480	100833214464
1789264485	100833214464
1789264490	100833214464
1789264495	100833214464
1789264500	100833214464
1789264505	100833214464
1789264510	100833214464
1789264515	100833214464
1789264520	100833214464
1789264525	100833214464
1789264530	100833214464
1789264535	100833214464
1789264540	100833214464
1789264545	100833214464
1789264550	100833214464
1789264555	100833214464
1789264560	100833214464
1789264565	100833214464
1789264570	100833214464
1789264575	100833214464
1789264580	100833214464
1789264585	100833214464
1789264590	100833214464
1789264595	100833214464
1789264600	100833214464
1789264605	100833214464
1789264610	100833214464
1789264615	100833214464
1789264620	100833218560
1789264625	100833218560
1789264630	100833218560
1789264635	100833218560
1789264640	100833218560
1789264645	100833218560
1789264650	100833218560
1789264655	100833218560
1789264660	100833218560
1789264665	100833218560
1789264670	100833218560
1789264675	100833218560
1789264680	100833218560
1789264685	100833218560
1789264690	100833218560
1789264695	100833218560
1789264700	100833218560
1789264705	100833218560
1789264710	100833218560
1789264715	100833218560
1789264720	100833218560
1789264725	100833218560
1789264730	100833218560
1789264735	100833218560
1789264740	100833218560
1789264745	100833218560
1789264750	100833218560
1789264755	100833222656
1789264760	100833222656
1789264765	100833222656
1789264770	100833222656
1789264775	100833222656
1789264780	100833222656
1789264785	100833222656
1789264790	100833222656
1789264795	100833222656
1789264800	100833222656
1789264805	100833222656
1789264810	100833222656
1789264815	100833222656
1789264820	100833222656
1789264825	100833222656
1789264830	100833222656
1789264835	100833222656
1789264840	100833222656
1789264845	100833222656
1789264850	100833222656
1789264855	100833222656
1789264860	100833222656
1789264865	100833222656
1789264870	100833222656
1789264875	100833222656
1789264880	100833222656
1789264885	100833222656
1789264890	100833226752
1789264895	100833226752
1789264900	100833226752
1789264905	100833226752
1789264910	100833226752
1789264915	100833226752
1789264920	100833226752
1789264925	100833226752
1789264931	100833226752
1789264936	100833226752
1789264941	100833226752
1789264946	100833226752
1789264951	100833226752
1789264956	100833226752
1789264961	100833226752
1789264966	100833226752
1789264971	100833226752
1789264976	100833226752
1789264981	100833226752
1789264986	100833226752
1789264991	100833226752
1789264996	100833226752
1789265001	100833226752
1789265006	100833226752
1789265011	100833226752
1789265016	100833226752
1789265021	100833230848
1789265026	100833230848
1789265031	100833230848
1789265036	100833230848
1789265041	100833230848
1789265046	100833230848
1789265051	100833230848
1789265056	100833230848
1789265061	100833230848
1789265066	100833230848
1789265071	100833230848
1789265076	100833230848
1789265081	100833230848
1789265086	100833230848
1789265091	100833230848
1789265096	100833230848
1789265101	100833230848
1789265106	100833230848
1789265111	100833230848
1789265116	100833230848
1789265121	100833230848
1789265126	100833230848
1789265131	100833230848
1789265136	100833230848
1789265141	100833230848
1789265146	100833230848
1789265151	100833230848
1789265156	100833234944
1789265161	100833234944
1789265166	100833234944
1789265171	100833234944
1789265176	100833234944
1789265181	100833234944
1789265186	100833234944
1789265191	100833234944
1789265196	100833234944
1789265201	100833234944
1789265206	100833234944
1789265211	100833234944
1789265216	100833234944
1789265221	100833234944
1789265226	100833234944
1789265231	100833234944
1789265236	100833234944
1789265241	100833234944
1789265246	100833234944
1789265251	100833234944
1789265256	100833234944
1789265261	100833234944
1789265266	100833234944
1789265271	100833234944
1789265276	100833234944
1789265281	100833234944
1789265286	100833234944
1789265291	100833239040
1789265296	100833239040
1789265301	100833239040
1789265306	100833239040
1789265311	100833239040
1789265316	100833239040
1789265321	100833239040
1789265326	100833239040
1789265331	100833239040
1789265336	100833239040
1789265341	100833239040
1789265346	100833239040
1789265351	100833239040
1789265356	100833239040
1789265361	100833239040
1789265366	100833239040
1789265371	100833239040
1789265376	100833239040
1789265381	100833239040
1789265386	100833239040
1789265391	100833239040
1789265396	100833239040
1789265401	100833239040
1789265406	100833239040
1789265411	100833239040
1789265416	100833239040
1789265421	100833243136
1789265426	100833243136
1789265431	100833243136
1789265436	100833243136
1789265441	100833243136
1789265446	100833243136
1789265451	100833243136
1789265456	100833243136
1789265461	100833243136
1789265466	100833243136
1789265471	100833243136
1789265476	100833243136
1789265481	100833243136
1789265486	100833243136
1789265491	100833243136
1789265496	100833243136
1789265501	100833243136
1789265506	100833243136
1789265511	100833243136
1789265516	100833243136
1789265521	100833243136
1789265526	100833243136
1789265531	100833243136
1789265536	100833243136
1789265541	100833243136
1789265546	100833243136
1789265551	100833243136
1789265556	100833247232
1789265561	100833247232
1789265566	100833247232
1789265571	100833247232
1789265576	100833247232
1789265581	100833247232
1789265586	100833247232
1789265591	100833247232
1789265596	100833247232
1789265601	100833247232
1789265606	100833247232
1789265611	100833247232
1789265616	100833247232
1789265622	100833247232
1789265627	100833247232
1789265632	100833247232
1789265637	100833247232
1789265642	100833247232
1789265647	100833247232
1789265652	100833247232
1789265657	100833247232
1789265662	100833247232
1789265667	100833247232
1789265672	100833247232
1789265677	100833247232
1789265682	100833247232
1789265687	100833247232
1789265692	100833251328
1789265697	100833251328
1789265702	100833251328
1789265707	100833251328
1789265712	100833251328
1789265717	100833251328
1789265722	100833251328
1789265727	100833251328
1789265732	100833251328
1789265737	100833251328
1789265742	100833251328
1789265747	100833251328
1789265752	100833251328
1789265757	100833251328
1789265762	100833251328
1789265767	100833251328
1789265772	100833251328
1789265777	100833251328
1789265782	100833251328
1789265787	100833251328
1789265792	100833251328
1789265797	100833251328
1789265802	100833251328
1789265807	100833251328
1789265812	100833251328
1789265817	100833251328
1789265822	100833255424
1789265827	100833255424
1789265832	100833255424
1789265837	100833255424
1789265842	100833255424
1789265847	100833255424
1789265852	100833255424
1789265857	100833255424
1789265862	100833255424
1789265867	100833255424
1789265872	100833255424
1789265877	100833255424
1789265882	100833255424
1789265887	100833255424
1789265892	100833255424
1789265897	100833255424
1789265902	100833255424
1789265907	100833255424
1789265912	100833255424
1789265917	100833255424
1789265922	100833255424
1789265927	100833255424
1789265932	100833255424
1789265937	100833255424
1789265942	100833255424
1789265947	100833255424
1789265952	100833259520
1789265957	100833259520
1789265962	100833259520
1789265967	100833259520
1789265972	100833259520
1789265977	100833259520
1789265982	100833259520
1789265987	100833259520
1789265992	100833259520
1789265997	100833259520
1789266002	100833259520
1789266007	100833259520
1789266012	100833259520
1789266017	100833259520
1789266022	100833259520
1789266027	100833259520
1789266032	100833259520
1789266037	100833259520
1789266042	100833259520
1789266047	100833259520
1789266052	100833259520
1789266057	100833259520
1789266062	100833259520
1789266067	100833259520
1789266072	100833259520
1789266077	100833259520
1789266082	100833259520
1789266087	100833259520
1789266092	100833259520
1789266097	100833259520
1789266102	100833259520
1789266107	100833259520
1789266112	100833259520
1789266117	100833259520
1789266122	100833263616
1789266127	100833263616
1789266132	100833263616
1789266137	100833263616
1789266142	100833263616
1789266147	100833263616
1789266152	100833263616
1789266157	100833263616
1789266162	100833263616
1789266167	100833263616
1789266172	100833263616
1789266177	100833263616
1789266182	100833263616
1789266187	100833263616
1789266192	100833263616
1789266197	100833263616
1789266202	100833263616
1789266207	100833263616
1789266212	100833263616
1789266217	100833263616
1789266222	100833263616
1789266227	100833263616
1789266232	100833263616
1789266237	100833263616
1789266242	100833263616
1789266247	100833263616
1789266252	100833263616
1789266257	100833263616
1789266262	100833263616
1789266267	100833263616
1789266272	100833263616
1789266277	100833263616
1789266282	100833263616
1789266287	100833263616
1789266292	100833263616
1789266297	100833263616
1789266302	100833263616
1789266307	100833263616
1789266312	100833263616
1789266317	100833267712
1789266322	100833267712
1789266327	100833267712
1789266332	100833267712
1789266337	100833267712
1789266342	100833267712
1789266347	100833267712
1789266352	100833267712
1789266357	100833267712
1789266363	100833267712
1789266368	100833267712
1789266373	100833267712
1789266378	100833267712
1789266383	100833267712
1789266388	100833267712
1789266393	100833267712
1789266398	100833267712
1789266403	100833267712
1789266408	100833267712
1789266413	100833267712
1789266418	100833267712
1789266423	100833267712
1789266428	100833267712
1789266433	100833267712
1789266438	100833267712
1789266443	100833267712
1789266448	100833267712
1789266453	100833267712
1789266458	100833267712
1789266463	100833267712
1789266468	100833267712
1789266473	100833267712
1789266478	100833267712
1789266483	100833267712
1789266488	100833267712
1789266493	100833267712
1789266498	100833267712
1789266503	100833267712
1789266508	100833267712
1789266513	100833267712
1789266518	100833267712
1789266523	100833271808
1789266528	100833271808
1789266533	100833271808
1789266538	100833271808
1789266543	100833271808
1789266548	100833271808
1789266553	100833271808
1789266558	100833271808
1789266563	100833271808
1789266568	100833271808
1789266573	100833271808
1789266578	100833271808
1789266583	100833271808
1789266588	100833271808
1789266593	100833271808
1789266598	100833271808
1789266603	100833271808
1789266608	100833271808
1789266613	100833271808
1789266618	100833271808
1789266623	100833271808
1789266628	100833271808
1789266633	100833271808
1789266638	100833271808
1789266643	100833271808
1789266648	100833271808
1789266653	100833271808
1789266658	100833271808
1789266663	100833271808
1789266668	100833271808
1789266673	100833271808
1789266678	100833271808
1789266683	100833271808
1789266688	100833271808
1789266693	100833271808
1789266698	100833271808
1789266703	100833271808
1789266708	100833271808
1789266713	100833271808
1789266718	100833271808
1789266723	100833271808
1789266728	100833275904
1789266733	100833275904
1789266738	100833275904
1789266743	100833275904
1789266748	100833275904
1789266753	100833275904
1789266758	100833275904
1789266763	100833275904
1789266768	100833275904
1789266773	100833275904
1789266778	100833275904
1789266783	100833275904
1789266788	100833275904
1789266793	100833275904
1789266798	100833275904
1789266803	100833275904
1789266808	100833275904
1789266813	100833275904
1789266818	100833275904
1789266823	100833275904
1789266828	100833275904
1789266833	100833275904
1789266838	100833275904
1789266843	100833275904
1789266848	100833275904
1789266853	100833275904
1789266858	100833275904
1789266863	100833275904
1789266868	100833275904
1789266873	100833275904
1789266878	100833275904
1789266883	100833275904
1789266888	100833275904
1789266893	100833275904
1789266898	100833275904
1789266903	100833275904
1789266908	100833275904
1789266913	100833275904
1789266918	100833275904
1789266923	100833275904
1789266928	100833275904
1789266933	100833280000
1789266938	100833280000
1789266943	100833280000
1789266948	100833280000
1789266953	100833280000
1789266958	100833280000
1789266963	100833280000
1789266968	100833280000
1789266973	100833280000
1789266978	100833280000
1789266983	100833280000
1789266988	100833280000
1789266993	100833280000
1789266998	100833280000
1789267003	100833280000
1789267008	100833280000
1789267013	100833280000
1789267018	100833280000
1789267023	100833280000
1789267029	100833280000
1789267034	100833280000
1789267039	100833280000
1789267044	100833280000
1789267049	100833280000
1789267054	100833280000
1789267059	100833280000
1789267064	100833280000
1789267069	100833280000
1789267074	100833280000
1789267079	100833280000
1789267084	100833280000
1789267089	100833280000
1789267094	100833280000
1789267099	100833280000
1789267104	100833280000
1789267109	100833280000
1789267114	100833280000
1789267119	100833280000
1789267124	100833280000
1789267129	100833280000
1789267134	100833284096
1789267139	100833284096
1789267144	100833284096
1789267149	100833284096
1789267154	100833284096
1789267159	100833284096
1789267164	100833284096
1789267169	100833284096
1789267174	100833284096
1789267179	100833284096
1789267184	100833284096
1789267189	100833284096
1789267194	100833284096
1789267199	100833284096
1789267204	100833284096
1789267209	100833284096
1789267214	100833284096
1789267219	100833284096
1789267224	100833284096
1789267229	100833284096
1789267234	100833284096
1789267239	100833284096
1789267244	100833284096
1789267249	100833284096
1789267254	100833284096
1789267259	100833284096
1789267264	100833284096
1789267269	100833284096
1789267274	100833284096
1789267279	100833284096
1789267284	100833284096
1789267289	100833284096
1789267294	100833284096
1789267299	100833284096
1789267304	100833284096
1789267309	100833284096
1789267314	100833284096
1789267319	100833284096
1789267324	100833284096
1789267329	100833284096
1789267334	100833284096
1789267339	100833288192
1789267344	100833288192
1789267349	100833288192
1789267354	100833288192
1789267359	100833288192
1789267364	100833288192
1789267369	100833288192
1789267374	100833288192
1789267379	100833288192
1789267384	100833288192
1789267389	100833288192
1789267394	100833288192
1789267399	100833288192
1789267404	100833288192
1789267409	100833288192
1789267414	100833288192
1789267419	100833288192
1789267424	100833288192
1789267429	100833288192
1789267434	100833288192
1789267439	100833288192
1789267444	100833288192
1789267449	100833288192
1789267454	100833288192
1789267459	100833288192
1789267464	100833288192
1789267469	100833288192
1789267474	100833288192
1789267479	100833288192
1789267484	100833288192
1789267489	100833288192
1789267494	100833288192
1789267499	100833288192
1789267504	100833288192
1789267509	100833288192
1789267514	100833288192
1789267519	100833288192
1789267524	100833288192
1789267529	100833288192
1789267534	100833288192
1789267539	100833288192
1789267544	100833292288
1789267549	100833292288
1789267554	100833292288
1789267559	100833292288
1789267564	100833292288
1789267569	100833292288
1789267574	100833292288
1789267579	100833292288
1789267584	100833292288
1789267589	100833292288
1789267594	100833292288
1789267599	100833292288
1789267604	100833292288
1789267609	100833292288
1789267614	100833292288
1789267619	100833292288
1789267624	100833292288
1789267629	100833292288
1789267634	100833292288
1789267639	100833292288
1789267644	100833292288
1789267649	100833292288
1789267654	100833292288
1789267659	100833292288
1789267664	100833292288
1789267669	100833292288
1789267674	100833292288
1789267679	100833292288
1789267684	100833292288
1789267689	100833292288
1789267694	100833292288
1789267699	100833292288
1789267704	100833292288
1789267709	100833292288
1789267714	100833292288
1789267719	100833292288
1789267724	100833292288
1789267730	100833292288
1789267735	100833292288
1789267740	100833296384
1789267745	100833296384
1789267750	100833296384
1789267755	100833296384
1789267760	100833296384
1789267765	100833296384
1789267770	100833296384
1789267775	100833296384
1789267780	100833296384
1789267785	100833296384
1789267790	100833296384
1789267795	100833296384
1789267800	100833296384
1789267805	100833296384
1789267810	100833296384
1789267815	100833296384
1789267820	100833296384
1789267825	100833296384
1789267830	100833296384
1789267835	100833296384
1789267840	100833296384
1789267845	100833296384
1789267850	100833296384
1789267855	100833296384
1789267860	100833296384
1789267865	100833296384
1789267870	100833296384
1789267875	100833296384
1789267880	100833296384
1789267885	100833296384
1789267890	100833296384
1789267895	100833296384
1789267900	100833296384
1789267905	100833296384
1789267910	100833296384
1789267915	100833296384
1789267920	100833296384
1789267925	100833296384
1789267930	100833296384
1789267935	100833296384
1789267940	100833296384
1789267945	100833300480
1789267950	100833300480
1789267955	100833300480
1789267960	100833300480
1789267965	100833300480
1789267970	100833300480
1789267975	100833300480
1789267980	100833300480
1789267985	100833300480
1789267990	100833300480
1789267995	100833300480
1789268000	100833300480
1789268005	100833300480
1789268010	100833300480
1789268015	100833300480
1789268020	100833300480
1789268025	100833300480
1789268030	100833300480
1789268035	100833300480
1789268040	100833300480
1789268045	100833300480
1789268050	100833300480
1789268055	100833300480
1789268060	100833300480
1789268065	100833300480
1789268070	100833300480
1789268075	100833300480
1789268080	100833300480
1789268085	100833300480
1789268090	100833300480
1789268095	100833300480
1789268100	100833300480
1789268105	100833300480
1789268110	100833300480
1789268115	100833300480
1789268120	100833300480
1789268125	100833300480
1789268130	100833300480
1789268135	100833300480
1789268140	100833300480
1789268145	100833300480
1789268150	100833304576
1789268155	100833304576
1789268160	100833304576
1789268165	100833304576
1789268170	100833304576
1789268175	100833304576
1789268180	100833304576
1789268185	100833304576
1789268190	100833304576
1789268195	100833304576
1789268200	100833304576
1789268205	100833304576
1789268210	100833304576
1789268215	100833304576
1789268220	100833304576
1789268225	100833304576
1789268230	100833304576
1789268235	100833304576
1789268240	100833304576
1789268245	100833304576
1789268250	100833304576
1789268255	100833304576
1789268260	100833304576
1789268265	100833304576
1789268270	100833304576
1789268275	100833304576
1789268280	100833304576
1789268285	100833304576
1789268290	100833304576
1789268295	100833304576
1789268300	100833304576
1789268305	100833304576
1789268310	100833304576
1789268315	100833304576
1789268320	100833304576
1789268325	100833304576
1789268330	100833304576
1789268335	100833304576
1789268340	100833304576
1789268345	100833304576
1789268350	100833308672
1789268355	100833308672
1789268360	100833308672
1789268365	100833308672
1789268370	100833308672
1789268375	100833308672
1789268380	100833308672
1789268385	100833308672
1789268390	100833308672
1789268395	100833308672
1789268400	100833308672
1789268405	100833308672
1789268410	100833308672
1789268415	100833308672
1789268420	100833308672
1789268425	100833308672
1789268431	100833308672
1789268436	100833308672
1789268441	100833308672
1789268446	100833308672
1789268451	100833308672
1789268456	100833308672
1789268461	100833308672
1789268466	100833308672
1789268471	100833308672
1789268476	100833308672
1789268481	100833308672
1789268486	100833308672
1789268491	100833308672
1789268496	100833308672
1789268501	100833308672
1789268506	100833308672
1789268511	100833308672
1789268516	100833308672
1789268521	100833308672
1789268526	100833308672
1789268531	100833308672
1789268536	100833308672
1789268541	100833308672
1789268546	100833308672
1789268551	100833308672
1789268556	100833312768
1789268561	100833312768
1789268566	100833312768
1789268571	100833312768
1789268576	100833312768
1789268581	100833312768
1789268586	100833312768
1789268591	100833312768
1789268596	100833312768
1789268601	100833312768
1789268606	100833312768
1789268611	100833312768
1789268616	100833312768
1789268621	100833312768
1789268626	100833312768
1789268631	100833312768
1789268636	100833312768
1789268641	100833312768
1789268646	100833312768
1789268651	100833312768
1789268656	100833312768
1789268661	100833312768
1789268666	100833312768
1789268671	100833312768
1789268676	100833312768
1789268681	100833312768
1789268686	100833312768
1789268691	100833312768
1789268696	100833312768
1789268701	100833312768
1789268706	100833312768
1789268711	100833312768
1789268716	100833312768
1789268721	100833312768
1789268726	100833312768
1789268731	100833312768
1789268736	100833312768
1789268741	100833312768
1789268746	100833312768
1789268751	100833312768
1789268756	100833312768
1789268761	100833316864
1789268766	100833316864
1789268771	100833316864
1789268776	100833316864
1789268781	100833316864
1789268786	100833316864
1789268791	100833316864
1789268796	100833316864
1789268801	100833316864
1789268806	100833316864
1789268811	100833316864
1789268816	100833316864
1789268821	100833316864
1789268826	100833316864
1789268831	100833316864
1789268836	100833316864
1789268841	100833316864
1789268846	100833316864
1789268851	100833316864
1789268856	100833316864
1789268861	100833316864
1789268866	100833316864
1789268871	100833316864
1789268876	100833316864
1789268881	100833316864
1789268886	100833316864
1789268891	100833316864
1789268896	100833316864
1789268901	100833316864
1789268906	100833316864
1789268911	100833316864
1789268916	100833316864
1789268921	100833316864
1789268926	100833316864
1789268931	100833316864
1789268936	100833316864
1789268941	100833316864
1789268946	100833316864
1789268951	100833316864
1789268956	100833320960
1789268961	100833320960
1789268966	100833320960
1789268971	100833320960
1789268976	100833320960
1789268981	100833320960
1789268986	100833320960
1789268991	100833320960
1789268996	100833320960
1789269001	100833320960
1789269006	100833320960
1789269011	100833320960
1789269016	100833320960
1789269021	100833320960
1789269026	100833320960
1789269031	100833320960
1789269036	100833320960
1789269041	100833320960
1789269046	100833320960
1789269051	100833320960
1789269056	100833320960
1789269061	100833320960
1789269066	100833320960
1789269071	100833320960
1789269076	100833320960
1789269081	100833320960
1789269086	100833320960
1789269091	100833320960
1789269096	100833320960
1789269101	100833320960
1789269106	100833320960
1789269111	100833320960
1789269116	100833320960
1789269122	100833320960
1789269127	100833320960
1789269132	100833320960
1789269137	100833320960
1789269142	100833320960
1789269147	100833320960
1789269152	100833320960
1789269157	100833320960
1789269162	100833325056
1789269167	100833325056
1789269172	100833325056
1789269177	100833325056
1789269182	100833325056
1789269187	100833325056
1789269192	100833325056
1789269197	100833325056
1789269202	100833325056
1789269207	100833325056
1789269212	100833325056
1789269217	100833325056
1789269222	100833325056
1789269227	100833325056
1789269232	100833325056
1789269237	100833325056
1789269242	100833325056
1789269247	100833325056
1789269252	100833325056
1789269257	100833325056
1789269262	100833325056
1789269267	100833325056
1789269272	100833325056
1789269277	100833325056
1789269282	100833325056
1789269287	100833325056
1789269292	100833325056
1789269297	100833325056
1789269302	100833325056
1789269307	100833325056
1789269312	100833325056
1789269317	100833325056
1789269322	100833325056
1789269327	100833325056
1789269332	100833325056
1789269337	100833325056
1789269342	100833325056
1789269347	100833325056
1789269352	100833325056
1789269357	100833325056
1789269362	100833325056
1789269367	100833329152
1789269372	100833329152
1789269377	100833329152
1789269382	100833329152
1789269387	100833329152
1789269392	100833329152
1789269397	100833329152
1789269402	100833329152
1789269407	100833329152
1789269412	100833329152
1789269417	100833329152
1789269422	100833329152
1789269427	100833329152
1789269432	100833329152
1789269437	100833329152
1789269442	100833329152
1789269447	100833329152
1789269452	100833329152
1789269457	100833329152
1789269462	100833329152
1789269467	100833329152
1789269472	100833329152
1789269477	100833329152
1789269482	100833329152
1789269487	100833329152
1789269492	100833329152
1789269497	100833329152
1789269502	100833329152
1789269507	100833329152
1789269512	100833329152
1789269517	100833329152
1789269522	100833329152
1789269527	100833329152
1789269532	100833329152
1789269537	100833329152
1789269542	100833329152
1789269547	100833329152
1789269552	100833329152
1789269557	100833329152
1789269562	100833333248
1789269567	100833333248
1789269572	100833333248
1789269577	100833333248
1789269582	100833333248
1789269587	100833333248
1789269592	100833333248
1789269597	100833333248
1789269602	100833333248
1789269607	100833333248
1789269612	100833333248
1789269617	100833333248
1789269622	100833333248
1789269627	100833333248
1789269632	100833333248
1789269637	100833333248
1789269642	100833333248
1789269647	100833333248
1789269652	100833333248
1789269657	100833333248
1789269662	100833333248
1789269667	100833333248
1789269672	100833333248
1789269677	100833333248
1789269682	100833333248
1789269687	100833333248
1789269692	100833333248
1789269697	100833333248
1789269702	100833333248
1789269707	100833333248
1789269712	100833333248
1789269717	100833333248
1789269722	100833333248
1789269727	100833333248
1789269732	100833333248
1789269737	100833333248
1789269742	100833333248
1789269747	100833333248
1789269752	100833333248
1789269757	100833333248
1789269762	100833333248
1789269767	100833337344
1789269772	100833337344
1789269777	100833337344
1789269782	100833337344
1789269787	100833337344
1789269792	100833337344
1789269797	100833337344
1789269802	100833337344
1789269807	100833337344
1789269812	100833337344
1789269817	100833337344
1789269822	100833337344
1789269827	100833337344
1789269832	100833337344
1789269837	100833337344
1789269843	100833337344
1789269848	100833337344
1789269853	100833337344
1789269858	100833337344
1789269863	100833337344
1789269868	100833337344
1789269873	100833337344
1789269878	100833337344
1789269883	100833337344
1789269888	100833337344
1789269893	100833337344
1789269898	100833337344
1789269903	100833337344
1789269908	100833337344
1789269913	100833337344
1789269918	100833337344
1789269923	100833337344
1789269928	100833337344
1789269933	100833337344
1789269938	100833337344
1789269943	100833337344
1789269948	100833337344
1789269953	100833337344
1789269958	100833337344
1789269963	100833337344
1789269968	100833337344
1789269973	100833341440
1789269978	100833341440
1789269983	100833341440
1789269988	100833341440
1789269993	100833341440
1789269998	100833341440
1789270003	100833341440
1789270008	100833341440
1789270013	100833341440
1789270018	100833341440
1789270023	100833341440
1789270028	100833341440
1789270033	100833341440
1789270038	100833341440
1789270043	100833341440
1789270048	100833341440
1789270053	100833341440
1789270058	100833341440
1789270063	100833341440
1789270068	100833341440
1789270073	100833341440
1789270078	100833341440
1789270083	100833341440
1789270088	100833341440
1789270093	100833341440
1789270098	100833341440
1789270103	100833341440
1789270108	100833341440
1789270113	100833341440
1789270118	100833341440
1789270123	100833341440
1789270128	100833341440
1789270133	100833341440
1789270138	100833341440
1789270143	100833341440
1789270148	100833341440
1789270153	100833341440
1789270158	100833341440
1789270163	100833341440
1789270168	100833345536
1789270173	100833345536
1789270178	100833345536
1789270183	100833345536
1789270188	100833345536
1789270193	100833345536
1789270198	100833345536
1789270203	100833345536
1789270208	100833345536
1789270213	100833345536
1789270218	100833345536
1789270223	100833345536
1789270228	100833345536
1789270233	100833345536
1789270238	100833345536
1789270243	100833345536
1789270248	100833345536
1789270253	100833345536
1789270258	100833345536
1789270263	100833345536
1789270268	100833345536
1789270273	100833345536
1789270278	100833345536
1789270283	100833345536
1789270288	100833345536
1789270293	100833345536
1789270298	100833345536
1789270303	100833345536
1789270308	100833345536
1789270313	100833345536
1789270318	100833345536
1789270323	100833345536
1789270328	100833345536
1789270333	100833345536
1789270338	100833345536
1789270343	100833345536
1789270348	100833345536
1789270353	100833345536
1789270358	100833345536
1789270363	100833345536
1789270368	100833345536
1789270373	100833349632
1789270378	100833349632
1789270383	100833349632
1789270388	100833349632
1789270393	100833349632
1789270398	100833349632
1789270403	100833349632
1789270408	100833349632
1789270413	100833349632
1789270418	100833349632
1789270423	100833349632
1789270428	100833349632
1789270433	100833349632
1789270438	100833349632
1789270443	100833349632
1789270448	100833349632
1789270453	100833349632
1789270458	100833349632
1789270463	100833349632
1789270468	100833349632
1789270473	100833349632
1789270478	100833349632
1789270483	100833349632
1789270488	100833349632
1789270493	100833349632
1789270498	100833349632
1789270503	100833349632
1789270508	100833349632
1789270513	100833349632
1789270518	100833349632
1789270523	100833349632
1789270528	100833349632
1789270533	100833349632
1789270538	100833349632
1789270543	100833349632
1789270548	100833349632
1789270553	100833349632
1789270558	100833349632
1789270563	100833349632
1789270568	100833349632
1789270573	100833349632
1789270579	100833353728
1789270584	100833353728
1789270589	100833353728
1789270594	100833353728
1789270599	100833353728
1789270604	100833353728
1789270609	100833353728
1789270614	100833353728
1789270619	100833353728
1789270624	100833353728
1789270629	100833353728
1789270634	100833353728
1789270639	100833353728
1789270644	100833353728
1789270649	100833353728
1789270654	100833353728
1789270659	100833353728
1789270664	100833353728
1789270669	100833353728
1789270674	100833353728
1789270679	100833353728
1789270684	100833353728
1789270689	100833353728
1789270694	100833353728
1789270699	100833353728
1789270704	100833353728
1789270709	100833353728
1789270714	100833353728
1789270719	100833353728
1789270724	100833353728
1789270729	100833353728
1789270734	100833353728
1789270739	100833353728
1789270744	100833353728
1789270749	100833353728
1789270754	100833353728
1789270759	100833353728
1789270764	100833353728
1789270769	100833353728
1789270774	100833357824
1789270779	100833357824
1789270784	100833357824
1789270789	100833357824
1789270794	100833357824
1789270799	100833357824
1789270804	100833357824
1789270809	100833357824
1789270814	100833357824
1789270819	100833357824
1789270824	100833357824
1789270829	100833357824
1789270834	100833357824
1789270839	100833357824
1789270844	100833357824
1789270849	100833357824
1789270854	100833357824
1789270859	100833357824
1789270864	100833357824
1789270869	100833357824
1789270874	100833357824
1789270879	100833357824
1789270884	100833357824
1789270889	100833357824
1789270894	100833357824
1789270899	100833357824
1789270904	100833357824
1789270909	100833357824
1789270914	100833357824
1789270919	100833357824
1789270924	100833357824
1789270929	100833357824
1789270934	100833357824
1789270939	100833357824
1789270944	100833357824
1789270949	100833357824
1789270954	100833357824
1789270959	100833357824
1789270964	100833357824
1789270969	100833357824
1789270974	100833357824
1789270979	100833361920
1789270984	100833361920
1789270989	100833361920
1789270994	100833361920
1789270999	100833361920
1789271004	100833361920
1789271009	100833361920
1789271014	100833361920
1789271019	100833361920
1789271024	100833361920
1789271029	100833361920
1789271034	100833361920
1789271039	100833361920
1789271044	100833361920
1789271049	100833361920
1789271054	100833361920
1789271059	100833361920
1789271064	100833361920
1789271069	100833361920
1789271074	100833361920
1789271079	100833361920
1789271084	100833361920
1789271089	100833361920
1789271094	100833361920
1789271099	100833361920
1789271104	100833361920
1789271109	100833361920
1789271114	100833361920
1789271119	100833361920
1789271124	100833361920
1789271129	100833361920
1789271134	100833361920
1789271139	100833361920
1789271144	100833361920
1789271149	100833361920
1789271154	100833361920
1789271159	100833361920
1789271164	100833361920
1789271169	100833361920
1789271174	100833361920
1789271179	100833361920
1789271184	100833366016
1789271189	100833366016
1789271194	100833366016
1789271199	100833366016
1789271204	100833366016
1789271209	100833366016
1789271214	100833366016
1789271219	100833366016
1789271224	100833366016
1789271229	100833366016
1789271234	100833366016
1789271239	100833366016
1789271244	100833366016
1789271249	100833366016
1789271254	100833366016
1789271259	100833366016
1789271264	100833366016
1789271269	100833366016
1789271274	100833366016
1789271279	100833366016
1789271284	100833366016
1789271290	100833366016
1789271295	100833366016
1789271300	100833366016
1789271305	100833366016
1789271310	100833366016
1789271315	100833366016
1789271320	100833366016
1789271325	100833366016
1789271330	100833366016
1789271335	100833366016
1789271340	100833366016
1789271345	100833366016
1789271350	100833366016
1789271355	100833366016
1789271360	100833366016
1789271365	100833366016
1789271370	100833366016
1789271375	100833366016
1789271380	100833366016
1789271385	100833370112
1789271390	100833370112
1789271395	100833370112
1789271400	100833370112
1789271405	100833370112
1789271410	100833370112
1789271415	100833370112
1789271420	100833370112
1789271425	100833370112
1789271430	100833370112
1789271435	100833370112
1789271440	100833370112
1789271445	100833370112
1789271450	100833370112
1789271455	100833370112
1789271460	100833370112
1789271465	100833370112
1789271470	100833370112
1789271475	100833370112
1789271480	100833370112
1789271485	100833370112
1789271490	100833370112
1789271495	100833370112
1789271500	100833370112
1789271505	100833370112
1789271510	100833370112
1789271515	100833370112
1789271520	100833370112
1789271525	100833370112
1789271530	100833370112
1789271535	100833370112
1789271540	100833370112
1789271545	100833370112
1789271550	100833370112
1789271555	100833370112
1789271560	100833370112
1789271565	100833370112
1789271570	100833370112
1789271575	100833370112
1789271580	100833370112
1789271585	100833370112
1789271590	100833374208
1789271595	100833374208
1789271600	100833374208
1789271605	100833374208
1789271610	100833374208
1789271615	100833374208
1789271620	100833374208
1789271625	100833374208
1789271630	100833374208
1789271635	100833374208
1789271640	100833374208
1789271645	100833374208
1789271650	100833374208
1789271655	100833374208
1789271660	100833374208
1789271665	100833374208
1789271670	100833374208
1789271675	100833374208
1789271680	100833374208
1789271685	100833374208
1789271690	100833374208
1789271695	100833374208
1789271700	100833374208
1789271705	100833374208
1789271710	100833374208
1789271715	100833374208
1789271720	100833374208
1789271725	100833374208
1789271730	100833374208
1789271735	100833374208
1789271740	100833374208
1789271745	100833374208
1789271750	100833374208
1789271755	100833374208
1789271760	100833374208
1789271765	100833374208
1789271770	100833374208
1789271775	100833374208
1789271780	100833374208
1789271785	100833374208
1789271790	100833374208
1789271795	100833378304
1789271800	100833378304
1789271805	100833378304
1789271810	100833378304
1789271815	100833378304
1789271820	100833378304
1789271825	100833378304
1789271830	100833378304
1789271835	100833378304
1789271840	100833378304
1789271845	100833378304
1789271850	100833378304
1789271855	100833378304
1789271860	100833378304
1789271865	100833378304
1789271870	100833378304
1789271875	100833378304
1789271880	100833378304
1789271885	100833378304
1789271890	100833378304
1789271895	100833378304
1789271900	100833378304
1789271905	100833378304
1789271910	100833378304
1789271915	100833378304
1789271920	100833378304
1789271925	100833378304
1789271930	100833378304
1789271935	100833378304
1789271940	100833378304
1789271945	100833378304
1789271950	100833378304
1789271955	100833378304
1789271960	100833378304
1789271965	100833378304
1789271970	100833378304
1789271975	100833378304
1789271980	100833378304
1789271985	100833378304
1789271990	100833382400
1789271995	100833382400
1789272000	100833382400
1789272005	100833382400
1789272010	100833382400
1789272015	100833382400
1789272021	100833382400
1789272026	100833382400
1789272031	100833382400
1789272036	100833382400
1789272041	100833382400
1789272046	100833382400
1789272051	100833382400
1789272056	100833382400
1789272061	100833382400
1789272066	100833382400
1789272071	100833382400
1789272076	100833382400
1789272081	100833382400
1789272086	100833382400
1789272091	100833382400
1789272096	100833382400
1789272101	100833382400
1789272106	100833382400
1789272111	100833382400
1789272116	100833382400
1789272121	100833382400
1789272126	100833382400
1789272131	100833382400
1789272136	100833382400
1789272141	100833382400
1789272146	100833382400
1789272151	100833382400
1789272156	100833382400
1789272161	100833382400
1789272166	100833382400
1789272171	100833382400
1789272176	100833382400
1789272181	100833382400
1789272186	100833382400
1789272191	100833382400
1789272196	100833386496
1789272201	100833386496
1789272206	100833386496
1789272211	100833386496
1789272216	100833386496
1789272221	100833386496
1789272226	100833386496
1789272231	100833386496
1789272236	100833386496
1789272241	100833386496
1789272246	100833386496
1789272251	100833386496
1789272256	100833386496
1789272261	100833386496
1789272266	100833386496
1789272271	100833386496
1789272276	100833386496
1789272281	100833386496
1789272286	100833386496
1789272291	100833386496
1789272296	100833386496
1789272301	100833386496
1789272306	100833386496
1789272311	100833386496
1789272316	100833386496
1789272321	100833386496
1789272326	100833386496
1789272331	100833386496
1789272336	100833386496
1789272341	100833386496
1789272346	100833386496
1789272351	100833386496
1789272356	100833386496
1789272361	100833386496
1789272366	100833386496
1789272371	100833386496
1789272376	100833386496
1789272381	100833386496
1789272386	100833386496
1789272391	100833386496
1789272396	100833390592
1789272401	100833390592
1789272406	100833390592
1789272411	100833390592
1789272416	100833390592
1789272421	100833390592
1789272426	100833390592
1789272431	100833390592
1789272436	100833390592
1789272441	100833390592
1789272446	100833390592
1789272451	100833390592
1789272456	100833390592
1789272461	100833390592
1789272466	100833390592
1789272471	100833390592
1789272476	100833390592
1789272481	100833390592
1789272486	100833390592
1789272491	100833390592
1789272496	100833390592
1789272501	100833390592
1789272506	100833390592
1789272511	100833390592
1789272516	100833390592
1789272521	100833390592
1789272526	100833390592
1789272531	100833390592
1789272536	100833390592
1789272541	100833390592
1789272546	100833390592
1789272551	100833390592
1789272556	100833390592
1789272561	100833390592
1789272566	100833390592
1789272571	100833390592
1789272576	100833390592
1789272581	100833390592
1789272586	100833390592
1789272591	100833394688
1789272596	100833394688
1789272601	100833394688
1789272606	100833394688
1789272611	100833394688
1789272616	100833394688
1789272621	100833394688
1789272626	100833394688
1789272631	100833394688
1789272636	100833394688
1789272641	100833394688
1789272646	100833394688
1789272651	100833394688
1789272656	100833394688
1789272661	100833394688
1789272666	100833394688
1789272671	100833394688
1789272676	100833394688
1789272681	100833394688
1789272686	100833394688
1789272691	100833394688
1789272696	100833394688
1789272701	100833394688
1789272706	100833394688
1789272711	100833394688
1789272716	100833394688
1789272721	100833394688
1789272726	100833394688
1789272732	100833394688
1789272737	100833394688
1789272742	100833394688
1789272747	100833394688
1789272752	100833394688
1789272757	100833394688
1789272762	100833394688
1789272767	100833394688
1789272772	100833394688
1789272777	100833394688
1789272782	100833394688
1789272787	100833394688
1789272792	100833394688
1789272797	100833398784
1789272802	100833398784
1789272807	100833398784
1789272812	100833398784
1789272817	100833398784
1789272822	100833398784
1789272827	100833398784
1789272832	100833398784
1789272837	100833398784
1789272842	100833398784
1789272847	100833398784
1789272852	100833398784
1789272857	100833398784
1789272862	100833398784
1789272867	100833398784
1789272872	100833398784
1789272877	100833398784
1789272882	100833398784
1789272887	100833398784
1789272892	100833398784
1789272897	100833398784
1789272902	100833398784
1789272907	100833398784
1789272912	100833398784
1789272917	100833398784
1789272922	100833398784
1789272927	100833398784
1789272932	100833398784
1789272937	100833398784
1789272942	100833398784
1789272947	100833398784
1789272952	100833398784
1789272957	100833398784
1789272962	100833398784
1789272967	100833398784
1789272972	100833398784
1789272977	100833398784
1789272982	100833398784
1789272987	100833398784
1789272992	100833398784
1789272997	100833402880
1789273002	100833402880
1789273007	100833402880
1789273012	100833402880
1789273017	100833402880
1789273022	100833402880
1789273027	100833402880
1789273032	100833402880
1789273037	100833402880
1789273042	100833402880
1789273047	100833402880
1789273052	100833402880
1789273057	100833402880
1789273062	100833402880
1789273067	100833402880
1789273072	100833402880
1789273077	100833402880
1789273082	100833402880
1789273087	100833402880
1789273092	100833402880
1789273097	100833402880
1789273102	100833402880
1789273107	100833402880
1789273112	100833402880
1789273117	100833402880
1789273122	100833402880
1789273127	100833402880
1789273132	100833402880
1789273137	100833402880
1789273142	100833402880
1789273147	100833402880
1789273152	100833402880
1789273157	100833402880
1789273162	100833402880
1789273167	100833402880
1789273172	100833402880
1789273177	100833402880
1789273182	100833402880
1789273187	100833402880
1789273192	100833402880
1789273197	100833406976
1789273202	100833406976
1789273207	100833406976
1789273212	100833406976
1789273217	100833406976
1789273222	100833406976
1789273227	100833406976
1789273232	100833406976
1789273237	100833406976
1789273242	100833406976
1789273247	100833406976
1789273252	100833406976
1789273257	100833406976
1789273262	100833406976
1789273267	100833406976
1789273272	100833406976
1789273277	100833406976
1789273282	100833406976
1789273287	100833406976
1789273292	100833406976
1789273297	100833406976
1789273302	100833406976
1789273307	100833406976
1789273312	100833406976
1789273317	100833406976
1789273322	100833406976
1789273327	100833406976
1789273332	100833406976
1789273337	100833406976
1789273342	100833406976
1789273347	100833406976
1789273352	100833406976
1789273357	100833406976
1789273362	100833406976
1789273367	100833406976
1789273372	100833406976
1789273377	100833406976
1789273382	100833406976
1789273387	100833406976
1789273392	100833406976
1789273397	100833411072
1789273402	100833411072
1789273407	100833411072
1789273412	100833411072
1789273417	100833411072
1789273422	100833411072
1789273427	100833411072
1789273432	100833411072
1789273437	100833411072
1789273442	100833411072
1789273447	100833411072
1789273452	100833411072
1789273457	100833411072
1789273462	100833411072
1789273467	100833411072
1789273472	100833411072
1789273478	100833411072
1789273483	100833411072
1789273488	100833411072
1789273493	100833411072
1789273498	100833411072
1789273503	100833411072
1789273508	100833411072
1789273513	100833411072
1789273518	100833411072
1789273523	100833411072
1789273528	100833411072
1789273533	100833411072
1789273538	102100049920
1789273543	102100049920
1789273548	102100049920
1789273553	102100049920
1789273558	102100049920
1789273563	102100049920
1789273568	102100049920
1789273573	102100054016
1789273578	102100054016
1789273583	102100054016
1789273588	102100054016
1789273593	102100054016
1789273598	102100054016
1789273603	102100054016
1789273608	102100054016
1789273613	102100054016
1789273618	102100054016
1789273623	102100054016
1789273628	102100054016
1789273633	102100054016
1789273638	102100054016
1789273643	102100054016
1789273648	102100054016
1789273653	102100054016
1789273658	102100054016
1789273663	102100054016
1789273668	102100054016
1789273673	102100054016
1789273678	102100054016
1789273683	102100054016
1789273688	102100054016
1789273693	102100054016
1789273698	102100054016
1789273703	102100054016
1789273708	102100054016
1789273713	102100054016
1789273718	102100054016
1789273723	102100054016
1789273728	102100054016
1789273733	102100054016
1789273738	102100054016
1789273743	102100054016
1789273748	102100054016
1789273753	102100054016
1789273758	102100054016
1789273763	102100054016
1789273768	102100054016
1789273773	102100054016
1789273778	102100054016
1789273783	102100054016
1789273788	102100054016
1789273793	102100054016
1789273798	102100054016
1789273803	102100054016
1789273808	102100054016
1789273813	102100054016
1789273818	102100054016
1789273823	102100054016
1789273828	102100054016
1789273833	102100054016
1789273838	102100054016
1789273843	102100054016
1789273848	102100054016
1789273853	102100054016
1789273858	102100054016
1789273863	102100054016
1789273868	102100054016
1789273873	102100054016
1789273878	102100054016
1789273883	102100054016
1789273888	102100054016
1789273893	102100054016
1789273898	102100054016
1789273903	102100054016
1789273908	102100054016
1789273913	102100054016
1789273918	102100054016
1789273923	102100054016
1789273928	102100054016
1789273933	102100054016
1789273938	102100054016
1789273943	102100054016
1789273948	102100054016
1789273953	102100054016
1789273958	102100054016
1789273963	102100054016
1789273968	102100054016
