TSV conversion: 1000G_10000r_s1024: started
TSV conversion: 1000G_10000r_s1024: finished
RMLStreamer: 1000G_10000r_s1024: started
  RMLStreamer: 1000G_10000r_s1024: rmlstreamer started — 0 B · 0 parts
  RMLStreamer: 1000G_10000r_s1024: rmlstreamer heartbeat — 0 B · 0 parts
  RMLStreamer: 1000G_10000r_s1024: rmlstreamer heartbeat — 6.06 MB · 8 parts
  RMLStreamer: 1000G_10000r_s1024: rmlstreamer heartbeat — 10.81 MB · 8 parts
  RMLStreamer: 1000G_10000r_s1024: rmlstreamer complete — 10.81 MB · 8 parts
  RMLStreamer: 1000G_10000r_s1024: rdf-aggregate started — 0 parts
  RMLStreamer: 1000G_10000r_s1024: rdf-aggregate part — 1 parts
  RMLStreamer: 1000G_10000r_s1024: rdf-aggregate part — 2 parts
  RMLStreamer: 1000G_10000r_s1024: rdf-aggregate part — 3 parts
  RMLStreamer: 1000G_10000r_s1024: rdf-aggregate part — 4 parts
  RMLStreamer: 1000G_10000r_s1024: rdf-aggregate part — 5 parts
  RMLStreamer: 1000G_10000r_s1024: rdf-aggregate part — 6 parts
  RMLStreamer: 1000G_10000r_s1024: rdf-aggregate part — 7 parts
  RMLStreamer: 1000G_10000r_s1024: rdf-aggregate part — 8 parts
  RMLStreamer: 1000G_10000r_s1024: rdf-aggregate complete — 8 parts
RMLStreamer: 1000G_10000r_s1024: finished
Partitioned compression: 1000G_10000r_s1024: started
  Partitioned compression: 1000G_10000r_s1024: rdf-scan started — 0 triples
  Partitioned compression: 1000G_10000r_s1024: rdf-scan heartbeat — 450,578 triples · 67,108,928 bytes read
  Partitioned compression: 1000G_10000r_s1024: rdf-scan heartbeat — 879,992 triples · 134,217,823 bytes read
  Partitioned compression: 1000G_10000r_s1024: rdf-scan heartbeat — 1,309,407 triples · 201,326,755 bytes read
  Partitioned compression: 1000G_10000r_s1024: rdf-scan heartbeat — 1,738,822 triples · 268,435,720 bytes read
  Partitioned compression: 1000G_10000r_s1024: rdf-scan heartbeat — 2,168,237 triples · 335,544,725 bytes read
  Partitioned compression: 1000G_10000r_s1024: rdf-scan heartbeat — 2,597,652 triples · 402,653,652 bytes read
  Partitioned compression: 1000G_10000r_s1024: rdf-scan heartbeat — 3,023,847 triples · 469,762,536 bytes read
  Partitioned compression: 1000G_10000r_s1024: rdf-scan chunk — 3,449,770 triples · 1 chunks · 536,871,019 bytes read
  Partitioned compression: 1000G_10000r_s1024: hdt-chunks started — 0 chunks · hdt-build-00000
  Partitioned compression: 1000G_10000r_s1024: hdt-chunks complete — 1 chunks · hdt-build-00000
  Partitioned compression: 1000G_10000r_s1024: rdf-scan heartbeat — 3,449,773 triples · 536,871,445 bytes read
  Partitioned compression: 1000G_10000r_s1024: rdf-scan heartbeat — 3,875,699 triples · 603,980,352 bytes read
  Partitioned compression: 1000G_10000r_s1024: rdf-scan heartbeat — 4,301,625 triples · 671,089,254 bytes read
  Partitioned compression: 1000G_10000r_s1024: rdf-scan heartbeat — 4,727,552 triples · 738,198,276 bytes read
  Partitioned compression: 1000G_10000r_s1024: rdf-scan heartbeat — 5,153,478 triples · 805,307,177 bytes read
  Partitioned compression: 1000G_10000r_s1024: rdf-scan heartbeat — 5,579,404 triples · 872,416,090 bytes read
  Partitioned compression: 1000G_10000r_s1024: rdf-scan heartbeat — 6,005,330 triples · 939,524,987 bytes read
  Partitioned compression: 1000G_10000r_s1024: rdf-scan heartbeat — 6,431,256 triples · 1,006,633,884 bytes read
  Partitioned compression: 1000G_10000r_s1024: rdf-scan chunk — 6,857,177 triples · 2 chunks · 1,073,741,991 bytes read
  Partitioned compression: 1000G_10000r_s1024: hdt-chunks started — 1 chunks · hdt-build-00001
  Partitioned compression: 1000G_10000r_s1024: hdt-chunks complete — 2 chunks · hdt-build-00001
  Partitioned compression: 1000G_10000r_s1024: rdf-scan heartbeat — 6,857,182 triples · 1,073,742,810 bytes read
  Partitioned compression: 1000G_10000r_s1024: rdf-scan heartbeat — 7,283,108 triples · 1,140,851,728 bytes read
  Partitioned compression: 1000G_10000r_s1024: rdf-scan heartbeat — 7,709,034 triples · 1,207,960,635 bytes read
  Partitioned compression: 1000G_10000r_s1024: rdf-scan heartbeat — 8,134,960 triples · 1,275,069,545 bytes read
  Partitioned compression: 1000G_10000r_s1024: rdf-scan heartbeat — 8,560,886 triples · 1,342,178,413 bytes read
  Partitioned compression: 1000G_10000r_s1024: rdf-scan heartbeat — 8,986,812 triples · 1,409,287,330 bytes read
  Partitioned compression: 1000G_10000r_s1024: rdf-scan heartbeat — 9,412,738 triples · 1,476,396,256 bytes read
  Partitioned compression: 1000G_10000r_s1024: rdf-scan heartbeat — 9,838,664 triples · 1,543,505,174 bytes read
  Partitioned compression: 1000G_10000r_s1024: rdf-scan chunk — 10,264,583 triples · 3 chunks · 1,610,612,929 bytes read
  Partitioned compression: 1000G_10000r_s1024: hdt-chunks started — 2 chunks · hdt-build-00002
  Partitioned compression: 1000G_10000r_s1024: hdt-chunks complete — 3 chunks · hdt-build-00002
  Partitioned compression: 1000G_10000r_s1024: rdf-scan heartbeat — 10,264,590 triples · 1,610,614,081 bytes read
  Partitioned compression: 1000G_10000r_s1024: rdf-scan heartbeat — 10,690,516 triples · 1,677,722,991 bytes read
  Partitioned compression: 1000G_10000r_s1024: rdf-scan heartbeat — 11,116,442 triples · 1,744,831,859 bytes read
  Partitioned compression: 1000G_10000r_s1024: rdf-scan heartbeat — 11,542,368 triples · 1,811,940,776 bytes read
  Partitioned compression: 1000G_10000r_s1024: rdf-scan heartbeat — 11,968,294 triples · 1,879,049,667 bytes read
  Partitioned compression: 1000G_10000r_s1024: rdf-scan heartbeat — 12,394,220 triples · 1,946,158,561 bytes read
  Partitioned compression: 1000G_10000r_s1024: rdf-scan heartbeat — 12,820,147 triples · 2,013,267,564 bytes read
  Partitioned compression: 1000G_10000r_s1024: rdf-scan heartbeat — 13,246,073 triples · 2,080,376,473 bytes read
  Partitioned compression: 1000G_10000r_s1024: rdf-scan chunk — 13,671,989 triples · 4 chunks · 2,147,483,861 bytes read
  Partitioned compression: 1000G_10000r_s1024: hdt-chunks started — 3 chunks · hdt-build-00003
  Partitioned compression: 1000G_10000r_s1024: hdt-chunks complete — 4 chunks · hdt-build-00003
  Partitioned compression: 1000G_10000r_s1024: rdf-scan heartbeat — 13,671,999 triples · 2,147,485,380 bytes read
  Partitioned compression: 1000G_10000r_s1024: rdf-scan heartbeat — 14,097,925 triples · 2,214,594,282 bytes read
  Partitioned compression: 1000G_10000r_s1024: rdf-scan heartbeat — 14,523,852 triples · 2,281,703,304 bytes read
  Partitioned compression: 1000G_10000r_s1024: rdf-scan heartbeat — 14,949,778 triples · 2,348,812,205 bytes read
  Partitioned compression: 1000G_10000r_s1024: rdf-scan heartbeat — 15,375,704 triples · 2,415,921,118 bytes read
  Partitioned compression: 1000G_10000r_s1024: rdf-scan heartbeat — 15,801,630 triples · 2,483,030,015 bytes read
  Partitioned compression: 1000G_10000r_s1024: rdf-scan heartbeat — 16,227,556 triples · 2,550,138,912 bytes read
  Partitioned compression: 1000G_10000r_s1024: rdf-scan heartbeat — 16,653,482 triples · 2,617,247,838 bytes read
  Partitioned compression: 1000G_10000r_s1024: rdf-scan chunk — 17,079,396 triples · 5 chunks · 2,684,354,843 bytes read
  Partitioned compression: 1000G_10000r_s1024: hdt-chunks started — 4 chunks · hdt-build-00004
  Partitioned compression: 1000G_10000r_s1024: hdt-chunks complete — 5 chunks · hdt-build-00004
  Partitioned compression: 1000G_10000r_s1024: rdf-scan heartbeat — 17,079,408 triples · 2,684,356,756 bytes read
  Partitioned compression: 1000G_10000r_s1024: rdf-scan heartbeat — 17,505,334 triples · 2,751,465,663 bytes read
  Partitioned compression: 1000G_10000r_s1024: rdf-scan heartbeat — 17,931,260 triples · 2,818,574,573 bytes read
  Partitioned compression: 1000G_10000r_s1024: rdf-scan heartbeat — 18,357,186 triples · 2,885,683,441 bytes read
  Partitioned compression: 1000G_10000r_s1024: rdf-scan heartbeat — 18,783,112 triples · 2,952,792,358 bytes read
  Partitioned compression: 1000G_10000r_s1024: rdf-scan heartbeat — 19,209,038 triples · 3,019,901,284 bytes read
  Partitioned compression: 1000G_10000r_s1024: rdf-scan heartbeat — 19,634,964 triples · 3,087,010,202 bytes read
  Partitioned compression: 1000G_10000r_s1024: rdf-scan heartbeat — 20,060,890 triples · 3,154,119,109 bytes read
  Partitioned compression: 1000G_10000r_s1024: rdf-scan chunk — 20,486,803 triples · 6 chunks · 3,221,225,864 bytes read
  Partitioned compression: 1000G_10000r_s1024: hdt-chunks started — 5 chunks · hdt-build-00005
  Partitioned compression: 1000G_10000r_s1024: hdt-chunks complete — 6 chunks · hdt-build-00005
  Partitioned compression: 1000G_10000r_s1024: rdf-scan heartbeat — 20,486,816 triples · 3,221,228,019 bytes read
  Partitioned compression: 1000G_10000r_s1024: rdf-scan heartbeat — 20,912,742 triples · 3,288,336,887 bytes read
  Partitioned compression: 1000G_10000r_s1024: rdf-scan heartbeat — 21,338,668 triples · 3,355,445,804 bytes read
  Partitioned compression: 1000G_10000r_s1024: rdf-scan heartbeat — 21,764,594 triples · 3,422,554,695 bytes read
  Partitioned compression: 1000G_10000r_s1024: rdf-scan heartbeat — 22,190,520 triples · 3,489,663,589 bytes read
  Partitioned compression: 1000G_10000r_s1024: rdf-scan heartbeat — 22,616,447 triples · 3,556,772,592 bytes read
  Partitioned compression: 1000G_10000r_s1024: rdf-scan heartbeat — 23,042,373 triples · 3,623,881,501 bytes read
  Partitioned compression: 1000G_10000r_s1024: rdf-scan heartbeat — 23,468,299 triples · 3,690,990,408 bytes read
  Partitioned compression: 1000G_10000r_s1024: rdf-scan chunk — 23,894,209 triples · 7 chunks · 3,758,096,808 bytes read
  Partitioned compression: 1000G_10000r_s1024: hdt-chunks started — 6 chunks · hdt-build-00006
  Partitioned compression: 1000G_10000r_s1024: hdt-chunks complete — 7 chunks · hdt-build-00006
  Partitioned compression: 1000G_10000r_s1024: rdf-scan heartbeat — 23,894,225 triples · 3,758,099,310 bytes read
  Partitioned compression: 1000G_10000r_s1024: rdf-scan heartbeat — 24,320,152 triples · 3,825,208,332 bytes read
  Partitioned compression: 1000G_10000r_s1024: rdf-scan heartbeat — 24,746,078 triples · 3,892,317,233 bytes read
  Partitioned compression: 1000G_10000r_s1024: rdf-scan heartbeat — 25,172,004 triples · 3,959,426,146 bytes read
  Partitioned compression: 1000G_10000r_s1024: rdf-scan heartbeat — 25,597,930 triples · 4,026,535,043 bytes read
  Partitioned compression: 1000G_10000r_s1024: rdf-scan heartbeat — 26,021,011 triples · 4,093,643,986 bytes read
  Partitioned compression: 1000G_10000r_s1024: rdf-scan heartbeat — 26,443,505 triples · 4,160,752,911 bytes read
  Partitioned compression: 1000G_10000r_s1024: rdf-scan heartbeat — 26,865,999 triples · 4,227,861,884 bytes read
  Partitioned compression: 1000G_10000r_s1024: rdf-scan chunk — 27,288,474 triples · 8 chunks · 4,294,967,813 bytes read
  Partitioned compression: 1000G_10000r_s1024: hdt-chunks started — 7 chunks · hdt-build-00007
  Partitioned compression: 1000G_10000r_s1024: hdt-chunks complete — 8 chunks · hdt-build-00007
  Partitioned compression: 1000G_10000r_s1024: rdf-scan heartbeat — 27,288,493 triples · 4,294,970,887 bytes read
  Partitioned compression: 1000G_10000r_s1024: rdf-scan heartbeat — 27,710,987 triples · 4,362,079,791 bytes read
  Partitioned compression: 1000G_10000r_s1024: rdf-scan heartbeat — 28,133,481 triples · 4,429,188,695 bytes read
  Partitioned compression: 1000G_10000r_s1024: rdf-scan heartbeat — 28,555,975 triples · 4,496,297,673 bytes read
  Partitioned compression: 1000G_10000r_s1024: rdf-scan heartbeat — 28,978,469 triples · 4,563,406,666 bytes read
  Partitioned compression: 1000G_10000r_s1024: rdf-scan heartbeat — 29,400,963 triples · 4,630,515,605 bytes read
  Partitioned compression: 1000G_10000r_s1024: rdf-scan heartbeat — 29,823,457 triples · 4,697,624,509 bytes read
  Partitioned compression: 1000G_10000r_s1024: rdf-scan heartbeat — 30,245,951 triples · 4,764,733,417 bytes read
  Partitioned compression: 1000G_10000r_s1024: rdf-scan chunk — 30,668,422 triples · 9 chunks · 4,831,838,738 bytes read
  Partitioned compression: 1000G_10000r_s1024: hdt-chunks started — 8 chunks · hdt-build-00008
  Partitioned compression: 1000G_10000r_s1024: hdt-chunks complete — 9 chunks · hdt-build-00008
  Partitioned compression: 1000G_10000r_s1024: rdf-scan heartbeat — 30,668,444 triples · 4,831,842,295 bytes read
  Partitioned compression: 1000G_10000r_s1024: rdf-scan heartbeat — 31,090,938 triples · 4,898,951,234 bytes read
  Partitioned compression: 1000G_10000r_s1024: rdf-scan heartbeat — 31,513,432 triples · 4,966,060,138 bytes read
  Partitioned compression: 1000G_10000r_s1024: rdf-scan heartbeat — 31,935,926 triples · 5,033,169,046 bytes read
  Partitioned compression: 1000G_10000r_s1024: rdf-scan heartbeat — 32,358,419 triples · 5,100,277,924 bytes read
  Partitioned compression: 1000G_10000r_s1024: rdf-scan heartbeat — 32,780,913 triples · 5,167,386,863 bytes read
  Partitioned compression: 1000G_10000r_s1024: rdf-scan heartbeat — 33,203,407 triples · 5,234,495,767 bytes read
  Partitioned compression: 1000G_10000r_s1024: rdf-scan heartbeat — 33,625,901 triples · 5,301,604,675 bytes read
  Partitioned compression: 1000G_10000r_s1024: rdf-scan chunk — 34,048,370 triples · 10 chunks · 5,368,709,734 bytes read
  Partitioned compression: 1000G_10000r_s1024: hdt-chunks started — 9 chunks · hdt-build-00009
  Partitioned compression: 1000G_10000r_s1024: hdt-chunks complete — 10 chunks · hdt-build-00009
  Partitioned compression: 1000G_10000r_s1024: rdf-scan heartbeat — 34,048,394 triples · 5,368,713,553 bytes read
  Partitioned compression: 1000G_10000r_s1024: rdf-scan heartbeat — 34,470,888 triples · 5,435,822,492 bytes read
  Partitioned compression: 1000G_10000r_s1024: rdf-scan heartbeat — 34,893,382 triples · 5,502,931,396 bytes read
  Partitioned compression: 1000G_10000r_s1024: rdf-scan heartbeat — 35,315,876 triples · 5,570,040,304 bytes read
  Partitioned compression: 1000G_10000r_s1024: rdf-scan heartbeat — 35,738,369 triples · 5,637,149,182 bytes read
  Partitioned compression: 1000G_10000r_s1024: rdf-scan heartbeat — 36,160,863 triples · 5,704,258,121 bytes read
  Partitioned compression: 1000G_10000r_s1024: rdf-scan heartbeat — 36,583,357 triples · 5,771,367,025 bytes read
  Partitioned compression: 1000G_10000r_s1024: rdf-scan heartbeat — 37,005,851 triples · 5,838,475,933 bytes read
  Partitioned compression: 1000G_10000r_s1024: rdf-scan chunk — 37,428,318 triples · 11 chunks · 5,905,580,690 bytes read
  Partitioned compression: 1000G_10000r_s1024: hdt-chunks started — 10 chunks · hdt-build-00010
  Partitioned compression: 1000G_10000r_s1024: hdt-chunks complete — 11 chunks · hdt-build-00010
  Partitioned compression: 1000G_10000r_s1024: rdf-scan heartbeat — 37,428,344 triples · 5,905,584,811 bytes read
  Partitioned compression: 1000G_10000r_s1024: rdf-scan heartbeat — 37,850,838 triples · 5,972,693,750 bytes read
  Partitioned compression: 1000G_10000r_s1024: rdf-scan heartbeat — 38,273,332 triples · 6,039,802,654 bytes read
  Partitioned compression: 1000G_10000r_s1024: rdf-scan heartbeat — 38,695,826 triples · 6,106,911,562 bytes read
  Partitioned compression: 1000G_10000r_s1024: rdf-scan heartbeat — 39,118,319 triples · 6,174,020,440 bytes read
  Partitioned compression: 1000G_10000r_s1024: rdf-scan heartbeat — 39,540,813 triples · 6,241,129,379 bytes read
  Partitioned compression: 1000G_10000r_s1024: rdf-scan heartbeat — 39,963,307 triples · 6,308,238,283 bytes read
  Partitioned compression: 1000G_10000r_s1024: rdf-scan heartbeat — 40,385,801 triples · 6,375,347,191 bytes read
  Partitioned compression: 1000G_10000r_s1024: rdf-scan chunk — 40,808,266 triples · 12 chunks · 6,442,451,646 bytes read
  Partitioned compression: 1000G_10000r_s1024: hdt-chunks started — 11 chunks · hdt-build-00011
  Partitioned compression: 1000G_10000r_s1024: hdt-chunks complete — 12 chunks · hdt-build-00011
  Partitioned compression: 1000G_10000r_s1024: rdf-scan heartbeat — 40,808,294 triples · 6,442,456,069 bytes read
  Partitioned compression: 1000G_10000r_s1024: rdf-scan heartbeat — 41,230,788 triples · 6,509,565,008 bytes read
  Partitioned compression: 1000G_10000r_s1024: rdf-scan heartbeat — 41,653,282 triples · 6,576,673,912 bytes read
  Partitioned compression: 1000G_10000r_s1024: rdf-scan heartbeat — 42,075,776 triples · 6,643,782,820 bytes read
  Partitioned compression: 1000G_10000r_s1024: rdf-scan heartbeat — 42,498,269 triples · 6,710,891,698 bytes read
  Partitioned compression: 1000G_10000r_s1024: rdf-scan heartbeat — 42,920,763 triples · 6,778,000,637 bytes read
  Partitioned compression: 1000G_10000r_s1024: rdf-scan heartbeat — 43,343,257 triples · 6,845,109,541 bytes read
  Partitioned compression: 1000G_10000r_s1024: rdf-scan heartbeat — 43,765,751 triples · 6,912,218,449 bytes read
  Partitioned compression: 1000G_10000r_s1024: rdf-scan chunk — 44,188,214 triples · 13 chunks · 6,979,322,571 bytes read
  Partitioned compression: 1000G_10000r_s1024: hdt-chunks started — 12 chunks · hdt-build-00012
  Partitioned compression: 1000G_10000r_s1024: hdt-chunks complete — 13 chunks · hdt-build-00012
  Partitioned compression: 1000G_10000r_s1024: rdf-scan heartbeat — 44,188,244 triples · 6,979,327,327 bytes read
  Partitioned compression: 1000G_10000r_s1024: rdf-scan heartbeat — 44,610,738 triples · 7,046,436,266 bytes read
  Partitioned compression: 1000G_10000r_s1024: rdf-scan heartbeat — 45,033,232 triples · 7,113,545,170 bytes read
  Partitioned compression: 1000G_10000r_s1024: rdf-scan heartbeat — 45,455,726 triples · 7,180,654,078 bytes read
  Partitioned compression: 1000G_10000r_s1024: rdf-scan heartbeat — 45,878,219 triples · 7,247,762,956 bytes read
  Partitioned compression: 1000G_10000r_s1024: rdf-scan heartbeat — 46,300,713 triples · 7,314,871,895 bytes read
  Partitioned compression: 1000G_10000r_s1024: rdf-scan heartbeat — 46,723,207 triples · 7,381,980,799 bytes read
  Partitioned compression: 1000G_10000r_s1024: rdf-scan heartbeat — 47,145,701 triples · 7,449,089,707 bytes read
  Partitioned compression: 1000G_10000r_s1024: rdf-scan chunk — 47,568,163 triples · 14 chunks · 7,516,193,653 bytes read
  Partitioned compression: 1000G_10000r_s1024: hdt-chunks started — 13 chunks · hdt-build-00013
  Partitioned compression: 1000G_10000r_s1024: hdt-chunks complete — 14 chunks · hdt-build-00013
  Partitioned compression: 1000G_10000r_s1024: rdf-scan heartbeat — 47,568,194 triples · 7,516,198,585 bytes read
  Partitioned compression: 1000G_10000r_s1024: rdf-scan heartbeat — 47,990,688 triples · 7,583,307,524 bytes read
  Partitioned compression: 1000G_10000r_s1024: rdf-scan heartbeat — 48,413,182 triples · 7,650,416,428 bytes read
  Partitioned compression: 1000G_10000r_s1024: rdf-scan heartbeat — 48,835,676 triples · 7,717,525,336 bytes read
  Partitioned compression: 1000G_10000r_s1024: rdf-scan heartbeat — 49,258,169 triples · 7,784,634,214 bytes read
  Partitioned compression: 1000G_10000r_s1024: rdf-scan heartbeat — 49,680,663 triples · 7,851,743,153 bytes read
  Partitioned compression: 1000G_10000r_s1024: rdf-scan heartbeat — 50,103,157 triples · 7,918,852,057 bytes read
  Partitioned compression: 1000G_10000r_s1024: rdf-scan heartbeat — 50,525,651 triples · 7,985,960,965 bytes read
  Partitioned compression: 1000G_10000r_s1024: rdf-scan chunk — 50,948,112 triples · 15 chunks · 8,053,064,726 bytes read
  Partitioned compression: 1000G_10000r_s1024: hdt-chunks started — 14 chunks · hdt-build-00014
  Partitioned compression: 1000G_10000r_s1024: hdt-chunks complete — 15 chunks · hdt-build-00014
  Partitioned compression: 1000G_10000r_s1024: rdf-scan heartbeat — 50,948,144 triples · 8,053,069,843 bytes read
  Partitioned compression: 1000G_10000r_s1024: rdf-scan heartbeat — 51,370,638 triples · 8,120,178,782 bytes read
  Partitioned compression: 1000G_10000r_s1024: rdf-scan heartbeat — 51,793,132 triples · 8,187,287,686 bytes read
  Partitioned compression: 1000G_10000r_s1024: rdf-scan heartbeat — 52,215,626 triples · 8,254,396,594 bytes read
  Partitioned compression: 1000G_10000r_s1024: rdf-scan heartbeat — 52,638,119 triples · 8,321,505,472 bytes read
  Partitioned compression: 1000G_10000r_s1024: rdf-scan heartbeat — 53,060,613 triples · 8,388,614,411 bytes read
  Partitioned compression: 1000G_10000r_s1024: rdf-scan heartbeat — 53,483,107 triples · 8,455,723,315 bytes read
  Partitioned compression: 1000G_10000r_s1024: rdf-scan heartbeat — 53,905,601 triples · 8,522,832,223 bytes read
  Partitioned compression: 1000G_10000r_s1024: rdf-scan chunk — 54,328,060 triples · 16 chunks · 8,589,935,682 bytes read
  Partitioned compression: 1000G_10000r_s1024: hdt-chunks started — 15 chunks · hdt-build-00015
  Partitioned compression: 1000G_10000r_s1024: hdt-chunks complete — 16 chunks · hdt-build-00015
  Partitioned compression: 1000G_10000r_s1024: rdf-scan heartbeat — 54,328,094 triples · 8,589,941,101 bytes read
  Partitioned compression: 1000G_10000r_s1024: rdf-scan heartbeat — 54,750,588 triples · 8,657,050,040 bytes read
  Partitioned compression: 1000G_10000r_s1024: rdf-scan heartbeat — 55,173,082 triples · 8,724,158,944 bytes read
  Partitioned compression: 1000G_10000r_s1024: rdf-scan heartbeat — 55,595,576 triples · 8,791,267,852 bytes read
  Partitioned compression: 1000G_10000r_s1024: rdf-scan heartbeat — 56,018,069 triples · 8,858,376,730 bytes read
  Partitioned compression: 1000G_10000r_s1024: rdf-scan heartbeat — 56,440,563 triples · 8,925,485,669 bytes read
  Partitioned compression: 1000G_10000r_s1024: rdf-scan heartbeat — 56,863,057 triples · 8,992,594,573 bytes read
  Partitioned compression: 1000G_10000r_s1024: rdf-scan heartbeat — 57,285,551 triples · 9,059,703,481 bytes read
  Partitioned compression: 1000G_10000r_s1024: rdf-scan chunk — 57,708,008 triples · 17 chunks · 9,126,806,607 bytes read
  Partitioned compression: 1000G_10000r_s1024: hdt-chunks started — 16 chunks · hdt-build-00016
  Partitioned compression: 1000G_10000r_s1024: hdt-chunks complete — 17 chunks · hdt-build-00016
  Partitioned compression: 1000G_10000r_s1024: rdf-scan heartbeat — 57,708,044 triples · 9,126,812,359 bytes read
  Partitioned compression: 1000G_10000r_s1024: rdf-scan heartbeat — 58,130,538 triples · 9,193,921,298 bytes read
  Partitioned compression: 1000G_10000r_s1024: rdf-scan heartbeat — 58,553,032 triples · 9,261,030,202 bytes read
  Partitioned compression: 1000G_10000r_s1024: rdf-scan heartbeat — 58,975,526 triples · 9,328,139,110 bytes read
  Partitioned compression: 1000G_10000r_s1024: rdf-scan heartbeat — 59,398,019 triples · 9,395,247,988 bytes read
  Partitioned compression: 1000G_10000r_s1024: rdf-scan heartbeat — 59,820,513 triples · 9,462,356,927 bytes read
  Partitioned compression: 1000G_10000r_s1024: rdf-scan heartbeat — 60,243,007 triples · 9,529,465,831 bytes read
  Partitioned compression: 1000G_10000r_s1024: rdf-scan heartbeat — 60,665,501 triples · 9,596,574,739 bytes read
  Partitioned compression: 1000G_10000r_s1024: rdf-scan chunk — 61,087,957 triples · 18 chunks · 9,663,677,689 bytes read
  Partitioned compression: 1000G_10000r_s1024: hdt-chunks started — 17 chunks · hdt-build-00017
  Partitioned compression: 1000G_10000r_s1024: hdt-chunks complete — 18 chunks · hdt-build-00017
  Partitioned compression: 1000G_10000r_s1024: rdf-scan heartbeat — 61,087,994 triples · 9,663,683,617 bytes read
  Partitioned compression: 1000G_10000r_s1024: rdf-scan heartbeat — 61,510,488 triples · 9,730,792,556 bytes read
  Partitioned compression: 1000G_10000r_s1024: rdf-scan heartbeat — 61,932,982 triples · 9,797,901,460 bytes read
  Partitioned compression: 1000G_10000r_s1024: rdf-scan heartbeat — 62,355,476 triples · 9,865,010,368 bytes read
  Partitioned compression: 1000G_10000r_s1024: rdf-scan heartbeat — 62,777,969 triples · 9,932,119,246 bytes read
  Partitioned compression: 1000G_10000r_s1024: rdf-scan heartbeat — 63,200,463 triples · 9,999,228,185 bytes read
  Partitioned compression: 1000G_10000r_s1024: rdf-scan heartbeat — 63,622,957 triples · 10,066,337,089 bytes read
  Partitioned compression: 1000G_10000r_s1024: rdf-scan heartbeat — 64,045,451 triples · 10,133,445,997 bytes read
  Partitioned compression: 1000G_10000r_s1024: rdf-scan chunk — 64,467,905 triples · 19 chunks · 10,200,548,607 bytes read
  Partitioned compression: 1000G_10000r_s1024: hdt-chunks started — 18 chunks · hdt-build-00018
  Partitioned compression: 1000G_10000r_s1024: hdt-chunks complete — 19 chunks · hdt-build-00018
  Partitioned compression: 1000G_10000r_s1024: rdf-scan heartbeat — 64,467,944 triples · 10,200,554,875 bytes read
  Partitioned compression: 1000G_10000r_s1024: rdf-scan heartbeat — 64,890,438 triples · 10,267,663,814 bytes read
  Partitioned compression: 1000G_10000r_s1024: rdf-scan heartbeat — 65,312,932 triples · 10,334,772,718 bytes read
  Partitioned compression: 1000G_10000r_s1024: rdf-scan heartbeat — 65,735,426 triples · 10,401,881,626 bytes read
  Partitioned compression: 1000G_10000r_s1024: rdf-scan heartbeat — 66,157,919 triples · 10,468,990,504 bytes read
  Partitioned compression: 1000G_10000r_s1024: rdf-scan heartbeat — 66,580,413 triples · 10,536,099,443 bytes read
  Partitioned compression: 1000G_10000r_s1024: rdf-scan heartbeat — 67,002,907 triples · 10,603,208,347 bytes read
  Partitioned compression: 1000G_10000r_s1024: rdf-scan heartbeat — 67,425,401 triples · 10,670,317,255 bytes read
  Partitioned compression: 1000G_10000r_s1024: rdf-scan chunk — 67,847,853 triples · 20 chunks · 10,737,419,539 bytes read
  Partitioned compression: 1000G_10000r_s1024: hdt-chunks started — 19 chunks · hdt-build-00019
  Partitioned compression: 1000G_10000r_s1024: hdt-chunks complete — 20 chunks · hdt-build-00019
  Partitioned compression: 1000G_10000r_s1024: rdf-scan heartbeat — 67,847,894 triples · 10,737,426,133 bytes read
  Partitioned compression: 1000G_10000r_s1024: rdf-scan heartbeat — 68,270,388 triples · 10,804,535,072 bytes read
  Partitioned compression: 1000G_10000r_s1024: rdf-scan heartbeat — 68,692,882 triples · 10,871,643,976 bytes read
  Partitioned compression: 1000G_10000r_s1024: rdf-scan heartbeat — 69,115,376 triples · 10,938,752,884 bytes read
  Partitioned compression: 1000G_10000r_s1024: rdf-scan heartbeat — 69,537,869 triples · 11,005,861,762 bytes read
  Partitioned compression: 1000G_10000r_s1024: rdf-scan heartbeat — 69,960,363 triples · 11,072,970,701 bytes read
  Partitioned compression: 1000G_10000r_s1024: rdf-scan heartbeat — 70,382,857 triples · 11,140,079,605 bytes read
  Partitioned compression: 1000G_10000r_s1024: rdf-scan heartbeat — 70,805,351 triples · 11,207,188,513 bytes read
  Partitioned compression: 1000G_10000r_s1024: rdf-scan chunk — 71,227,801 triples · 21 chunks · 11,274,290,471 bytes read
  Partitioned compression: 1000G_10000r_s1024: hdt-chunks started — 20 chunks · hdt-build-00020
  Partitioned compression: 1000G_10000r_s1024: hdt-chunks complete — 21 chunks · hdt-build-00020
  Partitioned compression: 1000G_10000r_s1024: rdf-scan heartbeat — 71,227,844 triples · 11,274,297,391 bytes read
  Partitioned compression: 1000G_10000r_s1024: rdf-scan heartbeat — 71,650,338 triples · 11,341,406,330 bytes read
  Partitioned compression: 1000G_10000r_s1024: rdf-scan heartbeat — 72,072,832 triples · 11,408,515,234 bytes read
  Partitioned compression: 1000G_10000r_s1024: rdf-scan heartbeat — 72,495,326 triples · 11,475,624,142 bytes read
  Partitioned compression: 1000G_10000r_s1024: rdf-scan heartbeat — 72,917,819 triples · 11,542,733,020 bytes read
  Partitioned compression: 1000G_10000r_s1024: rdf-scan heartbeat — 73,340,313 triples · 11,609,841,959 bytes read
  Partitioned compression: 1000G_10000r_s1024: rdf-scan heartbeat — 73,762,807 triples · 11,676,950,863 bytes read
  Partitioned compression: 1000G_10000r_s1024: rdf-scan heartbeat — 74,185,301 triples · 11,744,059,771 bytes read
  Partitioned compression: 1000G_10000r_s1024: rdf-scan chunk — 74,607,749 triples · 22 chunks · 11,811,161,454 bytes read
  Partitioned compression: 1000G_10000r_s1024: hdt-chunks started — 21 chunks · hdt-build-00021
  Partitioned compression: 1000G_10000r_s1024: hdt-chunks complete — 22 chunks · hdt-build-00021
  Partitioned compression: 1000G_10000r_s1024: rdf-scan heartbeat — 74,607,794 triples · 11,811,168,649 bytes read
  Partitioned compression: 1000G_10000r_s1024: rdf-scan heartbeat — 75,030,288 triples · 11,878,277,588 bytes read
  Partitioned compression: 1000G_10000r_s1024: rdf-scan heartbeat — 75,452,782 triples · 11,945,386,492 bytes read
  Partitioned compression: 1000G_10000r_s1024: rdf-scan heartbeat — 75,875,276 triples · 12,012,495,400 bytes read
  Partitioned compression: 1000G_10000r_s1024: rdf-scan heartbeat — 76,297,769 triples · 12,079,604,278 bytes read
  Partitioned compression: 1000G_10000r_s1024: rdf-scan heartbeat — 76,720,263 triples · 12,146,713,217 bytes read
  Partitioned compression: 1000G_10000r_s1024: rdf-scan heartbeat — 77,142,757 triples · 12,213,822,121 bytes read
  Partitioned compression: 1000G_10000r_s1024: rdf-scan heartbeat — 77,565,251 triples · 12,280,931,029 bytes read
  Partitioned compression: 1000G_10000r_s1024: rdf-scan chunk — 77,987,697 triples · 23 chunks · 12,348,032,379 bytes read
  Partitioned compression: 1000G_10000r_s1024: hdt-chunks started — 22 chunks · hdt-build-00022
  Partitioned compression: 1000G_10000r_s1024: hdt-chunks complete — 23 chunks · hdt-build-00022
  Partitioned compression: 1000G_10000r_s1024: rdf-scan heartbeat — 77,987,744 triples · 12,348,039,907 bytes read
  Partitioned compression: 1000G_10000r_s1024: rdf-scan heartbeat — 78,410,238 triples · 12,415,148,846 bytes read
  Partitioned compression: 1000G_10000r_s1024: rdf-scan heartbeat — 78,832,732 triples · 12,482,257,750 bytes read
  Partitioned compression: 1000G_10000r_s1024: rdf-scan heartbeat — 79,255,226 triples · 12,549,366,658 bytes read
  Partitioned compression: 1000G_10000r_s1024: rdf-scan heartbeat — 79,677,719 triples · 12,616,475,536 bytes read
  Partitioned compression: 1000G_10000r_s1024: rdf-scan heartbeat — 80,100,213 triples · 12,683,584,475 bytes read
  Partitioned compression: 1000G_10000r_s1024: rdf-scan heartbeat — 80,522,707 triples · 12,750,693,379 bytes read
  Partitioned compression: 1000G_10000r_s1024: rdf-scan heartbeat — 80,945,201 triples · 12,817,802,287 bytes read
  Partitioned compression: 1000G_10000r_s1024: rdf-scan chunk — 81,367,645 triples · 24 chunks · 12,884,903,375 bytes read
  Partitioned compression: 1000G_10000r_s1024: hdt-chunks started — 23 chunks · hdt-build-00023
  Partitioned compression: 1000G_10000r_s1024: hdt-chunks complete — 24 chunks · hdt-build-00023
  Partitioned compression: 1000G_10000r_s1024: rdf-scan heartbeat — 81,367,694 triples · 12,884,911,165 bytes read
  Partitioned compression: 1000G_10000r_s1024: rdf-scan heartbeat — 81,790,188 triples · 12,952,020,104 bytes read
  Partitioned compression: 1000G_10000r_s1024: rdf-scan heartbeat — 82,212,682 triples · 13,019,129,008 bytes read
  Partitioned compression: 1000G_10000r_s1024: rdf-scan heartbeat — 82,635,176 triples · 13,086,237,916 bytes read
  Partitioned compression: 1000G_10000r_s1024: rdf-scan heartbeat — 83,057,669 triples · 13,153,346,794 bytes read
  Partitioned compression: 1000G_10000r_s1024: rdf-scan heartbeat — 83,480,163 triples · 13,220,455,733 bytes read
  Partitioned compression: 1000G_10000r_s1024: rdf-scan heartbeat — 83,902,657 triples · 13,287,564,637 bytes read
  Partitioned compression: 1000G_10000r_s1024: rdf-scan heartbeat — 84,325,151 triples · 13,354,673,545 bytes read
  Partitioned compression: 1000G_10000r_s1024: rdf-scan chunk — 84,747,593 triples · 25 chunks · 13,421,774,331 bytes read
  Partitioned compression: 1000G_10000r_s1024: hdt-chunks started — 24 chunks · hdt-build-00024
  Partitioned compression: 1000G_10000r_s1024: hdt-chunks complete — 25 chunks · hdt-build-00024
  Partitioned compression: 1000G_10000r_s1024: rdf-scan heartbeat — 84,747,644 triples · 13,421,782,423 bytes read
  Partitioned compression: 1000G_10000r_s1024: rdf-scan heartbeat — 85,170,138 triples · 13,488,891,362 bytes read
  Partitioned compression: 1000G_10000r_s1024: rdf-scan heartbeat — 85,592,632 triples · 13,556,000,266 bytes read
  Partitioned compression: 1000G_10000r_s1024: rdf-scan heartbeat — 86,015,126 triples · 13,623,109,174 bytes read
  Partitioned compression: 1000G_10000r_s1024: rdf-scan heartbeat — 86,437,619 triples · 13,690,218,052 bytes read
  Partitioned compression: 1000G_10000r_s1024: rdf-scan heartbeat — 86,860,113 triples · 13,757,326,991 bytes read
  Partitioned compression: 1000G_10000r_s1024: rdf-scan heartbeat — 87,282,607 triples · 13,824,435,895 bytes read
  Partitioned compression: 1000G_10000r_s1024: rdf-scan heartbeat — 87,705,101 triples · 13,891,544,803 bytes read
  Partitioned compression: 1000G_10000r_s1024: rdf-scan chunk — 88,127,541 triples · 26 chunks · 13,958,645,287 bytes read
  Partitioned compression: 1000G_10000r_s1024: hdt-chunks started — 25 chunks · hdt-build-00025
  Partitioned compression: 1000G_10000r_s1024: hdt-chunks complete — 26 chunks · hdt-build-00025
  Partitioned compression: 1000G_10000r_s1024: rdf-scan heartbeat — 88,127,594 triples · 13,958,653,681 bytes read
  Partitioned compression: 1000G_10000r_s1024: rdf-scan heartbeat — 88,550,088 triples · 14,025,762,620 bytes read
  Partitioned compression: 1000G_10000r_s1024: rdf-scan heartbeat — 88,972,582 triples · 14,092,871,524 bytes read
  Partitioned compression: 1000G_10000r_s1024: rdf-scan heartbeat — 89,395,076 triples · 14,159,980,432 bytes read
  Partitioned compression: 1000G_10000r_s1024: rdf-scan heartbeat — 89,817,569 triples · 14,227,089,310 bytes read
  Partitioned compression: 1000G_10000r_s1024: rdf-scan heartbeat — 90,240,063 triples · 14,294,198,249 bytes read
  Partitioned compression: 1000G_10000r_s1024: rdf-scan heartbeat — 90,662,557 triples · 14,361,307,153 bytes read
  Partitioned compression: 1000G_10000r_s1024: rdf-scan heartbeat — 91,085,051 triples · 14,428,416,061 bytes read
  Partitioned compression: 1000G_10000r_s1024: rdf-scan chunk — 91,507,489 triples · 27 chunks · 14,495,516,212 bytes read
  Partitioned compression: 1000G_10000r_s1024: hdt-chunks started — 26 chunks · hdt-build-00026
  Partitioned compression: 1000G_10000r_s1024: hdt-chunks complete — 27 chunks · hdt-build-00026
  Partitioned compression: 1000G_10000r_s1024: rdf-scan heartbeat — 91,507,544 triples · 14,495,524,939 bytes read
  Partitioned compression: 1000G_10000r_s1024: rdf-scan heartbeat — 91,930,038 triples · 14,562,633,878 bytes read
  Partitioned compression: 1000G_10000r_s1024: rdf-scan heartbeat — 92,352,532 triples · 14,629,742,782 bytes read
  Partitioned compression: 1000G_10000r_s1024: rdf-scan heartbeat — 92,775,026 triples · 14,696,851,690 bytes read
  Partitioned compression: 1000G_10000r_s1024: rdf-scan heartbeat — 93,197,519 triples · 14,763,960,568 bytes read
  Partitioned compression: 1000G_10000r_s1024: rdf-scan heartbeat — 93,620,013 triples · 14,831,069,507 bytes read
  Partitioned compression: 1000G_10000r_s1024: rdf-scan heartbeat — 94,042,507 triples · 14,898,178,411 bytes read
  Partitioned compression: 1000G_10000r_s1024: rdf-scan heartbeat — 94,465,001 triples · 14,965,287,319 bytes read
  Partitioned compression: 1000G_10000r_s1024: rdf-scan chunk — 94,887,438 triples · 28 chunks · 15,032,387,294 bytes read
  Partitioned compression: 1000G_10000r_s1024: hdt-chunks started — 27 chunks · hdt-build-00027
  Partitioned compression: 1000G_10000r_s1024: hdt-chunks complete — 28 chunks · hdt-build-00027
  Partitioned compression: 1000G_10000r_s1024: rdf-scan heartbeat — 94,887,494 triples · 15,032,396,197 bytes read
  Partitioned compression: 1000G_10000r_s1024: rdf-scan heartbeat — 95,309,988 triples · 15,099,505,136 bytes read
  Partitioned compression: 1000G_10000r_s1024: rdf-scan heartbeat — 95,732,482 triples · 15,166,614,040 bytes read
  Partitioned compression: 1000G_10000r_s1024: rdf-scan heartbeat — 96,154,976 triples · 15,233,722,948 bytes read
  Partitioned compression: 1000G_10000r_s1024: rdf-scan heartbeat — 96,577,469 triples · 15,300,831,826 bytes read
  Partitioned compression: 1000G_10000r_s1024: rdf-scan heartbeat — 96,999,963 triples · 15,367,940,765 bytes read
  Partitioned compression: 1000G_10000r_s1024: rdf-scan heartbeat — 97,422,457 triples · 15,435,049,669 bytes read
  Partitioned compression: 1000G_10000r_s1024: rdf-scan heartbeat — 97,844,951 triples · 15,502,158,577 bytes read
  Partitioned compression: 1000G_10000r_s1024: rdf-scan chunk — 98,267,387 triples · 29 chunks · 15,569,258,367 bytes read
  Partitioned compression: 1000G_10000r_s1024: hdt-chunks started — 28 chunks · hdt-build-00028
  Partitioned compression: 1000G_10000r_s1024: hdt-chunks complete — 29 chunks · hdt-build-00028
  Partitioned compression: 1000G_10000r_s1024: rdf-scan heartbeat — 98,267,444 triples · 15,569,267,455 bytes read
  Partitioned compression: 1000G_10000r_s1024: rdf-scan heartbeat — 98,689,938 triples · 15,636,376,394 bytes read
  Partitioned compression: 1000G_10000r_s1024: rdf-scan heartbeat — 99,112,432 triples · 15,703,485,298 bytes read
  Partitioned compression: 1000G_10000r_s1024: rdf-scan heartbeat — 99,534,926 triples · 15,770,594,206 bytes read
  Partitioned compression: 1000G_10000r_s1024: rdf-scan heartbeat — 99,957,419 triples · 15,837,703,084 bytes read
  Partitioned compression: 1000G_10000r_s1024: rdf-scan heartbeat — 100,379,913 triples · 15,904,812,023 bytes read
  Partitioned compression: 1000G_10000r_s1024: rdf-scan heartbeat — 100,802,407 triples · 15,971,920,927 bytes read
  Partitioned compression: 1000G_10000r_s1024: rdf-scan heartbeat — 101,224,901 triples · 16,039,029,835 bytes read
  Partitioned compression: 1000G_10000r_s1024: rdf-scan chunk — 101,647,335 triples · 30 chunks · 16,106,129,323 bytes read
  Partitioned compression: 1000G_10000r_s1024: hdt-chunks started — 29 chunks · hdt-build-00029
  Partitioned compression: 1000G_10000r_s1024: hdt-chunks complete — 30 chunks · hdt-build-00029
  Partitioned compression: 1000G_10000r_s1024: rdf-scan heartbeat — 101,647,394 triples · 16,106,138,713 bytes read
  Partitioned compression: 1000G_10000r_s1024: rdf-scan heartbeat — 102,069,888 triples · 16,173,247,652 bytes read
  Partitioned compression: 1000G_10000r_s1024: rdf-scan heartbeat — 102,492,382 triples · 16,240,356,556 bytes read
  Partitioned compression: 1000G_10000r_s1024: rdf-scan heartbeat — 102,914,876 triples · 16,307,465,464 bytes read
  Partitioned compression: 1000G_10000r_s1024: rdf-scan heartbeat — 103,337,369 triples · 16,374,574,342 bytes read
  Partitioned compression: 1000G_10000r_s1024: rdf-scan heartbeat — 103,759,863 triples · 16,441,683,281 bytes read
  Partitioned compression: 1000G_10000r_s1024: rdf-scan heartbeat — 104,182,357 triples · 16,508,792,185 bytes read
  Partitioned compression: 1000G_10000r_s1024: rdf-scan heartbeat — 104,604,851 triples · 16,575,901,093 bytes read
  Partitioned compression: 1000G_10000r_s1024: rdf-scan chunk — 105,027,283 triples · 31 chunks · 16,643,000,248 bytes read
  Partitioned compression: 1000G_10000r_s1024: hdt-chunks started — 30 chunks · hdt-build-00030
  Partitioned compression: 1000G_10000r_s1024: hdt-chunks complete — 31 chunks · hdt-build-00030
  Partitioned compression: 1000G_10000r_s1024: rdf-scan heartbeat — 105,027,344 triples · 16,643,009,971 bytes read
  Partitioned compression: 1000G_10000r_s1024: rdf-scan heartbeat — 105,449,838 triples · 16,710,118,910 bytes read
  Partitioned compression: 1000G_10000r_s1024: rdf-scan heartbeat — 105,872,332 triples · 16,777,227,814 bytes read
  Partitioned compression: 1000G_10000r_s1024: rdf-scan heartbeat — 106,294,826 triples · 16,844,336,722 bytes read
  Partitioned compression: 1000G_10000r_s1024: rdf-scan heartbeat — 106,717,319 triples · 16,911,445,600 bytes read
  Partitioned compression: 1000G_10000r_s1024: rdf-scan heartbeat — 107,139,813 triples · 16,978,554,539 bytes read
  Partitioned compression: 1000G_10000r_s1024: rdf-scan heartbeat — 107,562,307 triples · 17,045,663,443 bytes read
  Partitioned compression: 1000G_10000r_s1024: rdf-scan heartbeat — 107,984,801 triples · 17,112,772,351 bytes read
  Partitioned compression: 1000G_10000r_s1024: rdf-scan chunk — 108,407,232 triples · 32 chunks · 17,179,871,330 bytes read
  Partitioned compression: 1000G_10000r_s1024: hdt-chunks started — 31 chunks · hdt-build-00031
  Partitioned compression: 1000G_10000r_s1024: hdt-chunks complete — 32 chunks · hdt-build-00031
  Partitioned compression: 1000G_10000r_s1024: rdf-scan heartbeat — 108,407,294 triples · 17,179,881,229 bytes read
  Partitioned compression: 1000G_10000r_s1024: rdf-scan heartbeat — 108,829,788 triples · 17,246,990,168 bytes read
  Partitioned compression: 1000G_10000r_s1024: rdf-scan heartbeat — 109,252,282 triples · 17,314,099,072 bytes read
  Partitioned compression: 1000G_10000r_s1024: rdf-scan heartbeat — 109,674,776 triples · 17,381,207,980 bytes read
  Partitioned compression: 1000G_10000r_s1024: rdf-scan heartbeat — 110,097,269 triples · 17,448,316,858 bytes read
  Partitioned compression: 1000G_10000r_s1024: rdf-scan heartbeat — 110,519,763 triples · 17,515,425,797 bytes read
  Partitioned compression: 1000G_10000r_s1024: rdf-scan heartbeat — 110,942,257 triples · 17,582,534,701 bytes read
  Partitioned compression: 1000G_10000r_s1024: rdf-scan heartbeat — 111,364,751 triples · 17,649,643,609 bytes read
  Partitioned compression: 1000G_10000r_s1024: rdf-scan chunk — 111,787,180 triples · 33 chunks · 17,716,742,248 bytes read
  Partitioned compression: 1000G_10000r_s1024: hdt-chunks started — 32 chunks · hdt-build-00032
  Partitioned compression: 1000G_10000r_s1024: hdt-chunks complete — 33 chunks · hdt-build-00032
  Partitioned compression: 1000G_10000r_s1024: rdf-scan heartbeat — 111,787,244 triples · 17,716,752,487 bytes read
  Partitioned compression: 1000G_10000r_s1024: rdf-scan heartbeat — 112,209,738 triples · 17,783,861,426 bytes read
  Partitioned compression: 1000G_10000r_s1024: rdf-scan heartbeat — 112,632,232 triples · 17,850,970,330 bytes read
  Partitioned compression: 1000G_10000r_s1024: rdf-scan heartbeat — 113,054,726 triples · 17,918,079,238 bytes read
  Partitioned compression: 1000G_10000r_s1024: rdf-scan heartbeat — 113,477,219 triples · 17,985,188,116 bytes read
  Partitioned compression: 1000G_10000r_s1024: rdf-scan heartbeat — 113,899,713 triples · 18,052,297,055 bytes read
  Partitioned compression: 1000G_10000r_s1024: rdf-scan heartbeat — 114,322,207 triples · 18,119,405,959 bytes read
  Partitioned compression: 1000G_10000r_s1024: rdf-scan heartbeat — 114,744,701 triples · 18,186,514,867 bytes read
  Partitioned compression: 1000G_10000r_s1024: rdf-scan chunk — 115,167,128 triples · 34 chunks · 18,253,613,180 bytes read
  Partitioned compression: 1000G_10000r_s1024: hdt-chunks started — 33 chunks · hdt-build-00033
  Partitioned compression: 1000G_10000r_s1024: hdt-chunks complete — 34 chunks · hdt-build-00033
  Partitioned compression: 1000G_10000r_s1024: rdf-scan heartbeat — 115,167,194 triples · 18,253,623,745 bytes read
  Partitioned compression: 1000G_10000r_s1024: rdf-scan heartbeat — 115,589,688 triples · 18,320,732,684 bytes read
  Partitioned compression: 1000G_10000r_s1024: rdf-scan heartbeat — 116,012,182 triples · 18,387,841,588 bytes read
  Partitioned compression: 1000G_10000r_s1024: rdf-scan heartbeat — 116,434,676 triples · 18,454,950,496 bytes read
  Partitioned compression: 1000G_10000r_s1024: rdf-scan heartbeat — 116,857,169 triples · 18,522,059,374 bytes read
  Partitioned compression: 1000G_10000r_s1024: rdf-scan heartbeat — 117,279,663 triples · 18,589,168,313 bytes read
  Partitioned compression: 1000G_10000r_s1024: rdf-scan heartbeat — 117,702,157 triples · 18,656,277,217 bytes read
  Partitioned compression: 1000G_10000r_s1024: rdf-scan heartbeat — 118,124,651 triples · 18,723,386,125 bytes read
  Partitioned compression: 1000G_10000r_s1024: rdf-scan chunk — 118,547,076 triples · 35 chunks · 18,790,484,112 bytes read
  Partitioned compression: 1000G_10000r_s1024: hdt-chunks started — 34 chunks · hdt-build-00034
  Partitioned compression: 1000G_10000r_s1024: hdt-chunks complete — 35 chunks · hdt-build-00034
  Partitioned compression: 1000G_10000r_s1024: rdf-scan heartbeat — 118,547,144 triples · 18,790,495,003 bytes read
  Partitioned compression: 1000G_10000r_s1024: rdf-scan heartbeat — 118,969,638 triples · 18,857,603,942 bytes read
  Partitioned compression: 1000G_10000r_s1024: rdf-scan heartbeat — 119,392,132 triples · 18,924,712,846 bytes read
  Partitioned compression: 1000G_10000r_s1024: rdf-scan heartbeat — 119,814,626 triples · 18,991,821,754 bytes read
  Partitioned compression: 1000G_10000r_s1024: rdf-scan heartbeat — 120,237,119 triples · 19,058,930,632 bytes read
  Partitioned compression: 1000G_10000r_s1024: rdf-scan heartbeat — 120,659,613 triples · 19,126,039,571 bytes read
  Partitioned compression: 1000G_10000r_s1024: rdf-scan heartbeat — 121,082,107 triples · 19,193,148,475 bytes read
  Partitioned compression: 1000G_10000r_s1024: rdf-scan heartbeat — 121,504,601 triples · 19,260,257,383 bytes read
  Partitioned compression: 1000G_10000r_s1024: rdf-scan chunk — 121,927,024 triples · 36 chunks · 19,327,355,095 bytes read
  Partitioned compression: 1000G_10000r_s1024: hdt-chunks started — 35 chunks · hdt-build-00035
  Partitioned compression: 1000G_10000r_s1024: hdt-chunks complete — 36 chunks · hdt-build-00035
  Partitioned compression: 1000G_10000r_s1024: rdf-scan heartbeat — 121,927,094 triples · 19,327,366,261 bytes read
  Partitioned compression: 1000G_10000r_s1024: rdf-scan heartbeat — 122,349,588 triples · 19,394,475,200 bytes read
  Partitioned compression: 1000G_10000r_s1024: rdf-scan heartbeat — 122,772,082 triples · 19,461,584,104 bytes read
  Partitioned compression: 1000G_10000r_s1024: rdf-scan heartbeat — 123,194,576 triples · 19,528,693,012 bytes read
  Partitioned compression: 1000G_10000r_s1024: rdf-scan heartbeat — 123,617,069 triples · 19,595,801,890 bytes read
  Partitioned compression: 1000G_10000r_s1024: rdf-scan heartbeat — 124,039,563 triples · 19,662,910,829 bytes read
  Partitioned compression: 1000G_10000r_s1024: rdf-scan heartbeat — 124,462,057 triples · 19,730,019,733 bytes read
  Partitioned compression: 1000G_10000r_s1024: rdf-scan heartbeat — 124,884,551 triples · 19,797,128,641 bytes read
  Partitioned compression: 1000G_10000r_s1024: rdf-scan chunk — 125,306,972 triples · 37 chunks · 19,864,226,020 bytes read
  Partitioned compression: 1000G_10000r_s1024: hdt-chunks started — 36 chunks · hdt-build-00036
  Partitioned compression: 1000G_10000r_s1024: hdt-chunks complete — 37 chunks · hdt-build-00036
  Partitioned compression: 1000G_10000r_s1024: rdf-scan heartbeat — 125,307,044 triples · 19,864,237,519 bytes read
  Partitioned compression: 1000G_10000r_s1024: rdf-scan heartbeat — 125,729,538 triples · 19,931,346,458 bytes read
  Partitioned compression: 1000G_10000r_s1024: rdf-scan heartbeat — 126,152,032 triples · 19,998,455,362 bytes read
  Partitioned compression: 1000G_10000r_s1024: rdf-scan heartbeat — 126,574,526 triples · 20,065,564,270 bytes read
  Partitioned compression: 1000G_10000r_s1024: rdf-scan heartbeat — 126,997,019 triples · 20,132,673,148 bytes read
  Partitioned compression: 1000G_10000r_s1024: rdf-scan heartbeat — 127,419,513 triples · 20,199,782,087 bytes read
  Partitioned compression: 1000G_10000r_s1024: rdf-scan heartbeat — 127,842,007 triples · 20,266,890,991 bytes read
  Partitioned compression: 1000G_10000r_s1024: rdf-scan heartbeat — 128,264,501 triples · 20,333,999,899 bytes read
  Partitioned compression: 1000G_10000r_s1024: rdf-scan chunk — 128,686,920 triples · 38 chunks · 20,401,097,016 bytes read
  Partitioned compression: 1000G_10000r_s1024: hdt-chunks started — 37 chunks · hdt-build-00037
  Partitioned compression: 1000G_10000r_s1024: hdt-chunks complete — 38 chunks · hdt-build-00037
  Partitioned compression: 1000G_10000r_s1024: rdf-scan heartbeat — 128,686,994 triples · 20,401,108,777 bytes read
  Partitioned compression: 1000G_10000r_s1024: rdf-scan heartbeat — 129,109,488 triples · 20,468,217,716 bytes read
  Partitioned compression: 1000G_10000r_s1024: rdf-scan heartbeat — 129,531,982 triples · 20,535,326,620 bytes read
  Partitioned compression: 1000G_10000r_s1024: rdf-scan heartbeat — 129,954,476 triples · 20,602,435,528 bytes read
  Partitioned compression: 1000G_10000r_s1024: rdf-scan heartbeat — 130,376,969 triples · 20,669,544,406 bytes read
  Partitioned compression: 1000G_10000r_s1024: rdf-scan heartbeat — 130,799,463 triples · 20,736,653,345 bytes read
  Partitioned compression: 1000G_10000r_s1024: rdf-scan heartbeat — 131,221,957 triples · 20,803,762,249 bytes read
  Partitioned compression: 1000G_10000r_s1024: rdf-scan heartbeat — 131,644,451 triples · 20,870,871,157 bytes read
  Partitioned compression: 1000G_10000r_s1024: rdf-scan chunk — 132,066,868 triples · 39 chunks · 20,937,967,972 bytes read
  Partitioned compression: 1000G_10000r_s1024: hdt-chunks started — 38 chunks · hdt-build-00038
  Partitioned compression: 1000G_10000r_s1024: hdt-chunks complete — 39 chunks · hdt-build-00038
  Partitioned compression: 1000G_10000r_s1024: rdf-scan heartbeat — 132,066,944 triples · 20,937,980,035 bytes read
  Partitioned compression: 1000G_10000r_s1024: rdf-scan heartbeat — 132,489,438 triples · 21,005,088,974 bytes read
  Partitioned compression: 1000G_10000r_s1024: rdf-scan heartbeat — 132,911,932 triples · 21,072,197,878 bytes read
  Partitioned compression: 1000G_10000r_s1024: rdf-scan heartbeat — 133,334,426 triples · 21,139,306,786 bytes read
  Partitioned compression: 1000G_10000r_s1024: rdf-scan heartbeat — 133,756,919 triples · 21,206,415,664 bytes read
  Partitioned compression: 1000G_10000r_s1024: rdf-scan heartbeat — 134,179,413 triples · 21,273,524,603 bytes read
  Partitioned compression: 1000G_10000r_s1024: rdf-scan heartbeat — 134,601,907 triples · 21,340,633,507 bytes read
  Partitioned compression: 1000G_10000r_s1024: rdf-scan heartbeat — 135,024,401 triples · 21,407,742,415 bytes read
  Partitioned compression: 1000G_10000r_s1024: rdf-scan chunk — 135,446,816 triples · 40 chunks · 21,474,838,928 bytes read
  Partitioned compression: 1000G_10000r_s1024: hdt-chunks started — 39 chunks · hdt-build-00039
  Partitioned compression: 1000G_10000r_s1024: hdt-chunks complete — 40 chunks · hdt-build-00039
  Partitioned compression: 1000G_10000r_s1024: rdf-scan heartbeat — 135,446,894 triples · 21,474,851,293 bytes read
  Partitioned compression: 1000G_10000r_s1024: rdf-scan heartbeat — 135,869,388 triples · 21,541,960,232 bytes read
  Partitioned compression: 1000G_10000r_s1024: rdf-scan heartbeat — 136,291,882 triples · 21,609,069,136 bytes read
  Partitioned compression: 1000G_10000r_s1024: rdf-scan heartbeat — 136,714,376 triples · 21,676,178,044 bytes read
  Partitioned compression: 1000G_10000r_s1024: rdf-scan heartbeat — 137,136,869 triples · 21,743,286,922 bytes read
  Partitioned compression: 1000G_10000r_s1024: rdf-scan heartbeat — 137,559,363 triples · 21,810,395,861 bytes read
  Partitioned compression: 1000G_10000r_s1024: rdf-scan heartbeat — 137,981,857 triples · 21,877,504,765 bytes read
  Partitioned compression: 1000G_10000r_s1024: rdf-scan heartbeat — 138,404,351 triples · 21,944,613,673 bytes read
  Partitioned compression: 1000G_10000r_s1024: rdf-scan chunk — 138,826,764 triples · 41 chunks · 22,011,709,853 bytes read
  Partitioned compression: 1000G_10000r_s1024: hdt-chunks started — 40 chunks · hdt-build-00040
  Partitioned compression: 1000G_10000r_s1024: hdt-chunks complete — 41 chunks · hdt-build-00040
  Partitioned compression: 1000G_10000r_s1024: rdf-scan heartbeat — 138,826,844 triples · 22,011,722,551 bytes read
  Partitioned compression: 1000G_10000r_s1024: rdf-scan heartbeat — 139,249,338 triples · 22,078,831,490 bytes read
  Partitioned compression: 1000G_10000r_s1024: rdf-scan heartbeat — 139,671,832 triples · 22,145,940,394 bytes read
  Partitioned compression: 1000G_10000r_s1024: rdf-scan heartbeat — 140,094,326 triples · 22,213,049,302 bytes read
  Partitioned compression: 1000G_10000r_s1024: rdf-scan heartbeat — 140,516,819 triples · 22,280,158,180 bytes read
  Partitioned compression: 1000G_10000r_s1024: rdf-scan heartbeat — 140,939,313 triples · 22,347,267,119 bytes read
  Partitioned compression: 1000G_10000r_s1024: rdf-scan heartbeat — 141,361,807 triples · 22,414,376,023 bytes read
  Partitioned compression: 1000G_10000r_s1024: rdf-scan heartbeat — 141,784,301 triples · 22,481,484,931 bytes read
  Partitioned compression: 1000G_10000r_s1024: rdf-scan chunk — 142,206,713 triples · 42 chunks · 22,548,580,935 bytes read
  Partitioned compression: 1000G_10000r_s1024: hdt-chunks started — 41 chunks · hdt-build-00041
  Partitioned compression: 1000G_10000r_s1024: hdt-chunks complete — 42 chunks · hdt-build-00041
  Partitioned compression: 1000G_10000r_s1024: rdf-scan heartbeat — 142,206,794 triples · 22,548,593,809 bytes read
  Partitioned compression: 1000G_10000r_s1024: rdf-scan heartbeat — 142,629,288 triples · 22,615,702,748 bytes read
  Partitioned compression: 1000G_10000r_s1024: rdf-scan heartbeat — 143,051,782 triples · 22,682,811,652 bytes read
  Partitioned compression: 1000G_10000r_s1024: rdf-scan heartbeat — 143,474,276 triples · 22,749,920,560 bytes read
  Partitioned compression: 1000G_10000r_s1024: rdf-scan heartbeat — 143,896,769 triples · 22,817,029,438 bytes read
  Partitioned compression: 1000G_10000r_s1024: rdf-scan heartbeat — 144,319,263 triples · 22,884,138,377 bytes read
  Partitioned compression: 1000G_10000r_s1024: rdf-scan heartbeat — 144,741,757 triples · 22,951,247,281 bytes read
  Partitioned compression: 1000G_10000r_s1024: rdf-scan heartbeat — 145,164,251 triples · 23,018,356,189 bytes read
  Partitioned compression: 1000G_10000r_s1024: rdf-scan chunk — 145,586,662 triples · 43 chunks · 23,085,452,008 bytes read
  Partitioned compression: 1000G_10000r_s1024: hdt-chunks started — 42 chunks · hdt-build-00042
  Partitioned compression: 1000G_10000r_s1024: hdt-chunks complete — 43 chunks · hdt-build-00042
  Partitioned compression: 1000G_10000r_s1024: rdf-scan heartbeat — 145,586,744 triples · 23,085,465,067 bytes read
  Partitioned compression: 1000G_10000r_s1024: rdf-scan heartbeat — 146,009,238 triples · 23,152,574,006 bytes read
  Partitioned compression: 1000G_10000r_s1024: rdf-scan heartbeat — 146,431,732 triples · 23,219,682,910 bytes read
  Partitioned compression: 1000G_10000r_s1024: rdf-scan heartbeat — 146,854,226 triples · 23,286,791,818 bytes read
  Partitioned compression: 1000G_10000r_s1024: rdf-scan heartbeat — 147,276,719 triples · 23,353,900,696 bytes read
  Partitioned compression: 1000G_10000r_s1024: rdf-scan heartbeat — 147,699,213 triples · 23,421,009,635 bytes read
  Partitioned compression: 1000G_10000r_s1024: rdf-scan heartbeat — 148,121,707 triples · 23,488,118,539 bytes read
  Partitioned compression: 1000G_10000r_s1024: rdf-scan heartbeat — 148,544,201 triples · 23,555,227,447 bytes read
  Partitioned compression: 1000G_10000r_s1024: rdf-scan chunk — 148,966,610 triples · 44 chunks · 23,622,322,964 bytes read
  Partitioned compression: 1000G_10000r_s1024: hdt-chunks started — 43 chunks · hdt-build-00043
  Partitioned compression: 1000G_10000r_s1024: hdt-chunks complete — 44 chunks · hdt-build-00043
  Partitioned compression: 1000G_10000r_s1024: rdf-scan heartbeat — 148,966,694 triples · 23,622,336,325 bytes read
  Partitioned compression: 1000G_10000r_s1024: rdf-scan heartbeat — 149,389,188 triples · 23,689,445,264 bytes read
  Partitioned compression: 1000G_10000r_s1024: rdf-scan heartbeat — 149,811,682 triples · 23,756,554,168 bytes read
  Partitioned compression: 1000G_10000r_s1024: rdf-scan heartbeat — 150,234,176 triples · 23,823,663,076 bytes read
  Partitioned compression: 1000G_10000r_s1024: rdf-scan heartbeat — 150,656,669 triples · 23,890,771,954 bytes read
  Partitioned compression: 1000G_10000r_s1024: rdf-scan heartbeat — 151,079,163 triples · 23,957,880,893 bytes read
  Partitioned compression: 1000G_10000r_s1024: rdf-scan heartbeat — 151,501,657 triples · 24,024,989,797 bytes read
  Partitioned compression: 1000G_10000r_s1024: rdf-scan heartbeat — 151,924,151 triples · 24,092,098,705 bytes read
  Partitioned compression: 1000G_10000r_s1024: rdf-scan chunk — 152,346,558 triples · 45 chunks · 24,159,193,889 bytes read
  Partitioned compression: 1000G_10000r_s1024: hdt-chunks started — 44 chunks · hdt-build-00044
  Partitioned compression: 1000G_10000r_s1024: hdt-chunks complete — 45 chunks · hdt-build-00044
  Partitioned compression: 1000G_10000r_s1024: rdf-scan heartbeat — 152,346,644 triples · 24,159,207,583 bytes read
  Partitioned compression: 1000G_10000r_s1024: rdf-scan heartbeat — 152,769,138 triples · 24,226,316,522 bytes read
  Partitioned compression: 1000G_10000r_s1024: rdf-scan heartbeat — 153,191,632 triples · 24,293,425,426 bytes read
  Partitioned compression: 1000G_10000r_s1024: rdf-scan heartbeat — 153,614,126 triples · 24,360,534,334 bytes read
  Partitioned compression: 1000G_10000r_s1024: rdf-scan heartbeat — 154,036,619 triples · 24,427,643,212 bytes read
  Partitioned compression: 1000G_10000r_s1024: rdf-scan heartbeat — 154,459,113 triples · 24,494,752,151 bytes read
  Partitioned compression: 1000G_10000r_s1024: rdf-scan heartbeat — 154,881,607 triples · 24,561,861,055 bytes read
  Partitioned compression: 1000G_10000r_s1024: rdf-scan heartbeat — 155,304,101 triples · 24,628,969,963 bytes read
  Partitioned compression: 1000G_10000r_s1024: rdf-scan chunk — 155,726,507 triples · 46 chunks · 24,696,064,971 bytes read
  Partitioned compression: 1000G_10000r_s1024: hdt-chunks started — 45 chunks · hdt-build-00045
  Partitioned compression: 1000G_10000r_s1024: hdt-chunks complete — 46 chunks · hdt-build-00045
  Partitioned compression: 1000G_10000r_s1024: rdf-scan heartbeat — 155,726,594 triples · 24,696,078,841 bytes read
  Partitioned compression: 1000G_10000r_s1024: rdf-scan heartbeat — 156,149,088 triples · 24,763,187,780 bytes read
  Partitioned compression: 1000G_10000r_s1024: rdf-scan heartbeat — 156,571,582 triples · 24,830,296,684 bytes read
  Partitioned compression: 1000G_10000r_s1024: rdf-scan heartbeat — 156,994,076 triples · 24,897,405,592 bytes read
  Partitioned compression: 1000G_10000r_s1024: rdf-scan heartbeat — 157,416,569 triples · 24,964,514,470 bytes read
  Partitioned compression: 1000G_10000r_s1024: rdf-scan heartbeat — 157,839,063 triples · 25,031,623,409 bytes read
  Partitioned compression: 1000G_10000r_s1024: rdf-scan heartbeat — 158,261,557 triples · 25,098,732,313 bytes read
  Partitioned compression: 1000G_10000r_s1024: rdf-scan heartbeat — 158,684,051 triples · 25,165,841,221 bytes read
  Partitioned compression: 1000G_10000r_s1024: rdf-scan chunk — 159,106,455 triples · 47 chunks · 25,232,935,889 bytes read
  Partitioned compression: 1000G_10000r_s1024: hdt-chunks started — 46 chunks · hdt-build-00046
  Partitioned compression: 1000G_10000r_s1024: hdt-chunks complete — 47 chunks · hdt-build-00046
  Partitioned compression: 1000G_10000r_s1024: rdf-scan heartbeat — 159,106,544 triples · 25,232,950,099 bytes read
  Partitioned compression: 1000G_10000r_s1024: rdf-scan heartbeat — 159,529,038 triples · 25,300,059,038 bytes read
  Partitioned compression: 1000G_10000r_s1024: rdf-scan heartbeat — 159,951,532 triples · 25,367,167,942 bytes read
  Partitioned compression: 1000G_10000r_s1024: rdf-scan heartbeat — 160,374,026 triples · 25,434,276,850 bytes read
  Partitioned compression: 1000G_10000r_s1024: rdf-scan heartbeat — 160,796,519 triples · 25,501,385,728 bytes read
  Partitioned compression: 1000G_10000r_s1024: rdf-scan heartbeat — 161,219,013 triples · 25,568,494,667 bytes read
  Partitioned compression: 1000G_10000r_s1024: rdf-scan heartbeat — 161,641,507 triples · 25,635,603,571 bytes read
  Partitioned compression: 1000G_10000r_s1024: rdf-scan heartbeat — 162,064,001 triples · 25,702,712,479 bytes read
  Partitioned compression: 1000G_10000r_s1024: rdf-scan chunk — 162,486,403 triples · 48 chunks · 25,769,806,821 bytes read
  Partitioned compression: 1000G_10000r_s1024: hdt-chunks started — 47 chunks · hdt-build-00047
  Partitioned compression: 1000G_10000r_s1024: hdt-chunks complete — 48 chunks · hdt-build-00047
  Partitioned compression: 1000G_10000r_s1024: rdf-scan heartbeat — 162,486,494 triples · 25,769,821,357 bytes read
  Partitioned compression: 1000G_10000r_s1024: rdf-scan heartbeat — 162,908,988 triples · 25,836,930,296 bytes read
  Partitioned compression: 1000G_10000r_s1024: rdf-scan heartbeat — 163,331,482 triples · 25,904,039,200 bytes read
  Partitioned compression: 1000G_10000r_s1024: rdf-scan heartbeat — 163,753,976 triples · 25,971,148,108 bytes read
  Partitioned compression: 1000G_10000r_s1024: rdf-scan heartbeat — 164,176,469 triples · 26,038,256,986 bytes read
  Partitioned compression: 1000G_10000r_s1024: rdf-scan heartbeat — 164,598,963 triples · 26,105,365,925 bytes read
  Partitioned compression: 1000G_10000r_s1024: rdf-scan heartbeat — 165,021,457 triples · 26,172,474,829 bytes read
  Partitioned compression: 1000G_10000r_s1024: rdf-scan heartbeat — 165,443,951 triples · 26,239,583,737 bytes read
  Partitioned compression: 1000G_10000r_s1024: rdf-scan chunk — 165,866,351 triples · 49 chunks · 26,306,677,753 bytes read
  Partitioned compression: 1000G_10000r_s1024: hdt-chunks started — 48 chunks · hdt-build-00048
  Partitioned compression: 1000G_10000r_s1024: hdt-chunks complete — 49 chunks · hdt-build-00048
  Partitioned compression: 1000G_10000r_s1024: rdf-scan heartbeat — 165,866,444 triples · 26,306,692,615 bytes read
  Partitioned compression: 1000G_10000r_s1024: rdf-scan heartbeat — 166,288,938 triples · 26,373,801,554 bytes read
  Partitioned compression: 1000G_10000r_s1024: rdf-scan heartbeat — 166,711,432 triples · 26,440,910,458 bytes read
  Partitioned compression: 1000G_10000r_s1024: rdf-scan heartbeat — 167,133,926 triples · 26,508,019,366 bytes read
  Partitioned compression: 1000G_10000r_s1024: rdf-scan heartbeat — 167,556,419 triples · 26,575,128,244 bytes read
  Partitioned compression: 1000G_10000r_s1024: rdf-scan heartbeat — 167,978,913 triples · 26,642,237,183 bytes read
  Partitioned compression: 1000G_10000r_s1024: rdf-scan heartbeat — 168,401,407 triples · 26,709,346,087 bytes read
  Partitioned compression: 1000G_10000r_s1024: rdf-scan heartbeat — 168,823,901 triples · 26,776,454,995 bytes read
  Partitioned compression: 1000G_10000r_s1024: rdf-scan chunk — 169,246,299 triples · 50 chunks · 26,843,548,736 bytes read
  Partitioned compression: 1000G_10000r_s1024: hdt-chunks started — 49 chunks · hdt-build-00049
  Partitioned compression: 1000G_10000r_s1024: hdt-chunks complete — 50 chunks · hdt-build-00049
  Partitioned compression: 1000G_10000r_s1024: rdf-scan heartbeat — 169,246,394 triples · 26,843,563,873 bytes read
  Partitioned compression: 1000G_10000r_s1024: rdf-scan heartbeat — 169,668,888 triples · 26,910,672,812 bytes read
  Partitioned compression: 1000G_10000r_s1024: rdf-scan heartbeat — 170,091,382 triples · 26,977,781,716 bytes read
  Partitioned compression: 1000G_10000r_s1024: rdf-scan heartbeat — 170,513,876 triples · 27,044,890,624 bytes read
  Partitioned compression: 1000G_10000r_s1024: rdf-scan heartbeat — 170,936,369 triples · 27,111,999,502 bytes read
  Partitioned compression: 1000G_10000r_s1024: rdf-scan heartbeat — 171,358,863 triples · 27,179,108,441 bytes read
  Partitioned compression: 1000G_10000r_s1024: rdf-scan heartbeat — 171,781,357 triples · 27,246,217,345 bytes read
  Partitioned compression: 1000G_10000r_s1024: rdf-scan heartbeat — 172,203,851 triples · 27,313,326,253 bytes read
  Partitioned compression: 1000G_10000r_s1024: rdf-scan chunk — 172,626,247 triples · 51 chunks · 27,380,419,661 bytes read
  Partitioned compression: 1000G_10000r_s1024: hdt-chunks started — 50 chunks · hdt-build-00050
  Partitioned compression: 1000G_10000r_s1024: hdt-chunks complete — 51 chunks · hdt-build-00050
  Partitioned compression: 1000G_10000r_s1024: rdf-scan heartbeat — 172,626,344 triples · 27,380,435,131 bytes read
  Partitioned compression: 1000G_10000r_s1024: rdf-scan heartbeat — 173,048,838 triples · 27,447,544,070 bytes read
  Partitioned compression: 1000G_10000r_s1024: rdf-scan heartbeat — 173,471,332 triples · 27,514,652,974 bytes read
  Partitioned compression: 1000G_10000r_s1024: rdf-scan heartbeat — 173,893,826 triples · 27,581,761,882 bytes read
  Partitioned compression: 1000G_10000r_s1024: rdf-scan heartbeat — 174,316,319 triples · 27,648,870,760 bytes read
  Partitioned compression: 1000G_10000r_s1024: rdf-scan heartbeat — 174,738,813 triples · 27,715,979,699 bytes read
  Partitioned compression: 1000G_10000r_s1024: rdf-scan heartbeat — 175,161,307 triples · 27,783,088,603 bytes read
  Partitioned compression: 1000G_10000r_s1024: rdf-scan heartbeat — 175,583,801 triples · 27,850,197,511 bytes read
  Partitioned compression: 1000G_10000r_s1024: rdf-scan chunk — 176,006,195 triples · 52 chunks · 27,917,290,657 bytes read
  Partitioned compression: 1000G_10000r_s1024: hdt-chunks started — 51 chunks · hdt-build-00051
  Partitioned compression: 1000G_10000r_s1024: hdt-chunks complete — 52 chunks · hdt-build-00051
  Partitioned compression: 1000G_10000r_s1024: rdf-scan heartbeat — 176,006,294 triples · 27,917,306,389 bytes read
  Partitioned compression: 1000G_10000r_s1024: rdf-scan heartbeat — 176,428,788 triples · 27,984,415,328 bytes read
  Partitioned compression: 1000G_10000r_s1024: rdf-scan heartbeat — 176,851,282 triples · 28,051,524,232 bytes read
  Partitioned compression: 1000G_10000r_s1024: rdf-scan heartbeat — 177,273,776 triples · 28,118,633,140 bytes read
  Partitioned compression: 1000G_10000r_s1024: rdf-scan heartbeat — 177,696,269 triples · 28,185,742,018 bytes read
  Partitioned compression: 1000G_10000r_s1024: rdf-scan heartbeat — 178,118,763 triples · 28,252,850,957 bytes read
  Partitioned compression: 1000G_10000r_s1024: rdf-scan heartbeat — 178,541,257 triples · 28,319,959,861 bytes read
  Partitioned compression: 1000G_10000r_s1024: rdf-scan heartbeat — 178,963,751 triples · 28,387,068,769 bytes read
  Partitioned compression: 1000G_10000r_s1024: rdf-scan chunk — 179,386,143 triples · 53 chunks · 28,454,161,613 bytes read
  Partitioned compression: 1000G_10000r_s1024: hdt-chunks started — 52 chunks · hdt-build-00052
  Partitioned compression: 1000G_10000r_s1024: hdt-chunks complete — 53 chunks · hdt-build-00052
  Partitioned compression: 1000G_10000r_s1024: rdf-scan heartbeat — 179,386,244 triples · 28,454,177,647 bytes read
  Partitioned compression: 1000G_10000r_s1024: rdf-scan heartbeat — 179,808,738 triples · 28,521,286,586 bytes read
  Partitioned compression: 1000G_10000r_s1024: rdf-scan heartbeat — 180,231,232 triples · 28,588,395,490 bytes read
  Partitioned compression: 1000G_10000r_s1024: rdf-scan heartbeat — 180,653,726 triples · 28,655,504,398 bytes read
  Partitioned compression: 1000G_10000r_s1024: rdf-scan heartbeat — 181,076,219 triples · 28,722,613,276 bytes read
  Partitioned compression: 1000G_10000r_s1024: rdf-scan heartbeat — 181,498,713 triples · 28,789,722,215 bytes read
  Partitioned compression: 1000G_10000r_s1024: rdf-scan heartbeat — 181,921,207 triples · 28,856,831,119 bytes read
  Partitioned compression: 1000G_10000r_s1024: rdf-scan heartbeat — 182,343,701 triples · 28,923,940,027 bytes read
  Partitioned compression: 1000G_10000r_s1024: rdf-scan chunk — 182,766,091 triples · 54 chunks · 28,991,032,569 bytes read
  Partitioned compression: 1000G_10000r_s1024: hdt-chunks started — 53 chunks · hdt-build-00053
  Partitioned compression: 1000G_10000r_s1024: hdt-chunks complete — 54 chunks · hdt-build-00053
  Partitioned compression: 1000G_10000r_s1024: rdf-scan heartbeat — 182,766,194 triples · 28,991,048,905 bytes read
  Partitioned compression: 1000G_10000r_s1024: rdf-scan heartbeat — 183,188,688 triples · 29,058,157,844 bytes read
  Partitioned compression: 1000G_10000r_s1024: rdf-scan heartbeat — 183,611,182 triples · 29,125,266,748 bytes read
  Partitioned compression: 1000G_10000r_s1024: rdf-scan heartbeat — 184,033,676 triples · 29,192,375,656 bytes read
  Partitioned compression: 1000G_10000r_s1024: rdf-scan heartbeat — 184,456,169 triples · 29,259,484,534 bytes read
  Partitioned compression: 1000G_10000r_s1024: rdf-scan heartbeat — 184,878,663 triples · 29,326,593,473 bytes read
  Partitioned compression: 1000G_10000r_s1024: rdf-scan heartbeat — 185,301,157 triples · 29,393,702,377 bytes read
  Partitioned compression: 1000G_10000r_s1024: rdf-scan heartbeat — 185,723,651 triples · 29,460,811,285 bytes read
  Partitioned compression: 1000G_10000r_s1024: rdf-scan chunk — 186,146,039 triples · 55 chunks · 29,527,903,494 bytes read
  Partitioned compression: 1000G_10000r_s1024: hdt-chunks started — 54 chunks · hdt-build-00054
  Partitioned compression: 1000G_10000r_s1024: hdt-chunks complete — 55 chunks · hdt-build-00054
  Partitioned compression: 1000G_10000r_s1024: rdf-scan heartbeat — 186,146,144 triples · 29,527,920,163 bytes read
  Partitioned compression: 1000G_10000r_s1024: rdf-scan heartbeat — 186,568,638 triples · 29,595,029,102 bytes read
  Partitioned compression: 1000G_10000r_s1024: rdf-scan heartbeat — 186,991,132 triples · 29,662,138,006 bytes read
  Partitioned compression: 1000G_10000r_s1024: rdf-scan heartbeat — 187,413,626 triples · 29,729,246,914 bytes read
  Partitioned compression: 1000G_10000r_s1024: rdf-scan heartbeat — 187,836,119 triples · 29,796,355,792 bytes read
  Partitioned compression: 1000G_10000r_s1024: rdf-scan heartbeat — 188,258,613 triples · 29,863,464,731 bytes read
  Partitioned compression: 1000G_10000r_s1024: rdf-scan heartbeat — 188,681,107 triples · 29,930,573,635 bytes read
  Partitioned compression: 1000G_10000r_s1024: rdf-scan heartbeat — 189,103,601 triples · 29,997,682,543 bytes read
  Partitioned compression: 1000G_10000r_s1024: rdf-scan chunk — 189,525,988 triples · 56 chunks · 30,064,774,576 bytes read
  Partitioned compression: 1000G_10000r_s1024: hdt-chunks started — 55 chunks · hdt-build-00055
  Partitioned compression: 1000G_10000r_s1024: hdt-chunks complete — 56 chunks · hdt-build-00055
  Partitioned compression: 1000G_10000r_s1024: rdf-scan heartbeat — 189,526,094 triples · 30,064,791,421 bytes read
  Partitioned compression: 1000G_10000r_s1024: rdf-scan heartbeat — 189,948,588 triples · 30,131,900,360 bytes read
  Partitioned compression: 1000G_10000r_s1024: rdf-scan heartbeat — 190,371,082 triples · 30,199,009,264 bytes read
  Partitioned compression: 1000G_10000r_s1024: rdf-scan heartbeat — 190,793,576 triples · 30,266,118,172 bytes read
  Partitioned compression: 1000G_10000r_s1024: rdf-scan heartbeat — 191,216,069 triples · 30,333,227,050 bytes read
  Partitioned compression: 1000G_10000r_s1024: rdf-scan heartbeat — 191,638,563 triples · 30,400,335,989 bytes read
  Partitioned compression: 1000G_10000r_s1024: rdf-scan heartbeat — 192,061,057 triples · 30,467,444,893 bytes read
  Partitioned compression: 1000G_10000r_s1024: rdf-scan heartbeat — 192,483,551 triples · 30,534,553,801 bytes read
  Partitioned compression: 1000G_10000r_s1024: rdf-scan chunk — 192,905,937 triples · 57 chunks · 30,601,645,649 bytes read
  Partitioned compression: 1000G_10000r_s1024: hdt-chunks started — 56 chunks · hdt-build-00056
  Partitioned compression: 1000G_10000r_s1024: hdt-chunks complete — 57 chunks · hdt-build-00056
  Partitioned compression: 1000G_10000r_s1024: rdf-scan heartbeat — 192,906,044 triples · 30,601,662,679 bytes read
  Partitioned compression: 1000G_10000r_s1024: rdf-scan heartbeat — 193,328,538 triples · 30,668,771,618 bytes read
  Partitioned compression: 1000G_10000r_s1024: rdf-scan heartbeat — 193,751,032 triples · 30,735,880,522 bytes read
  Partitioned compression: 1000G_10000r_s1024: rdf-scan heartbeat — 194,173,526 triples · 30,802,989,430 bytes read
  Partitioned compression: 1000G_10000r_s1024: rdf-scan heartbeat — 194,596,019 triples · 30,870,098,308 bytes read
  Partitioned compression: 1000G_10000r_s1024: rdf-scan heartbeat — 195,018,513 triples · 30,937,207,247 bytes read
  Partitioned compression: 1000G_10000r_s1024: rdf-scan heartbeat — 195,441,007 triples · 31,004,316,151 bytes read
  Partitioned compression: 1000G_10000r_s1024: rdf-scan heartbeat — 195,863,501 triples · 31,071,425,059 bytes read
  Partitioned compression: 1000G_10000r_s1024: rdf-scan chunk — 196,285,885 triples · 58 chunks · 31,138,516,605 bytes read
  Partitioned compression: 1000G_10000r_s1024: hdt-chunks started — 57 chunks · hdt-build-00057
  Partitioned compression: 1000G_10000r_s1024: hdt-chunks complete — 58 chunks · hdt-build-00057
  Partitioned compression: 1000G_10000r_s1024: rdf-scan heartbeat — 196,285,994 triples · 31,138,533,937 bytes read
  Partitioned compression: 1000G_10000r_s1024: rdf-scan heartbeat — 196,708,488 triples · 31,205,642,876 bytes read
  Partitioned compression: 1000G_10000r_s1024: rdf-scan heartbeat — 197,130,982 triples · 31,272,751,780 bytes read
  Partitioned compression: 1000G_10000r_s1024: rdf-scan heartbeat — 197,553,476 triples · 31,339,860,688 bytes read
  Partitioned compression: 1000G_10000r_s1024: rdf-scan heartbeat — 197,975,969 triples · 31,406,969,566 bytes read
  Partitioned compression: 1000G_10000r_s1024: rdf-scan heartbeat — 198,398,463 triples · 31,474,078,505 bytes read
  Partitioned compression: 1000G_10000r_s1024: rdf-scan heartbeat — 198,820,957 triples · 31,541,187,409 bytes read
  Partitioned compression: 1000G_10000r_s1024: rdf-scan heartbeat — 199,243,451 triples · 31,608,296,317 bytes read
  Partitioned compression: 1000G_10000r_s1024: rdf-scan chunk — 199,665,833 triples · 59 chunks · 31,675,387,530 bytes read
  Partitioned compression: 1000G_10000r_s1024: hdt-chunks started — 58 chunks · hdt-build-00058
  Partitioned compression: 1000G_10000r_s1024: hdt-chunks complete — 59 chunks · hdt-build-00058
  Partitioned compression: 1000G_10000r_s1024: rdf-scan heartbeat — 199,665,944 triples · 31,675,405,195 bytes read
  Partitioned compression: 1000G_10000r_s1024: rdf-scan heartbeat — 200,088,438 triples · 31,742,514,134 bytes read
  Partitioned compression: 1000G_10000r_s1024: rdf-scan heartbeat — 200,510,932 triples · 31,809,623,038 bytes read
  Partitioned compression: 1000G_10000r_s1024: rdf-scan heartbeat — 200,933,426 triples · 31,876,731,946 bytes read
  Partitioned compression: 1000G_10000r_s1024: rdf-scan heartbeat — 201,355,919 triples · 31,943,840,824 bytes read
  Partitioned compression: 1000G_10000r_s1024: rdf-scan heartbeat — 201,778,413 triples · 32,010,949,763 bytes read
  Partitioned compression: 1000G_10000r_s1024: rdf-scan heartbeat — 202,200,907 triples · 32,078,058,667 bytes read
  Partitioned compression: 1000G_10000r_s1024: rdf-scan heartbeat — 202,623,401 triples · 32,145,167,575 bytes read
  Partitioned compression: 1000G_10000r_s1024: rdf-scan chunk — 203,045,782 triples · 60 chunks · 32,212,258,612 bytes read
  Partitioned compression: 1000G_10000r_s1024: hdt-chunks started — 59 chunks · hdt-build-00059
  Partitioned compression: 1000G_10000r_s1024: hdt-chunks complete — 60 chunks · hdt-build-00059
  Partitioned compression: 1000G_10000r_s1024: rdf-scan heartbeat — 203,045,894 triples · 32,212,276,453 bytes read
  Partitioned compression: 1000G_10000r_s1024: rdf-scan heartbeat — 203,468,388 triples · 32,279,385,392 bytes read
  Partitioned compression: 1000G_10000r_s1024: rdf-scan heartbeat — 203,890,882 triples · 32,346,494,296 bytes read
  Partitioned compression: 1000G_10000r_s1024: rdf-scan heartbeat — 204,313,376 triples · 32,413,603,204 bytes read
  Partitioned compression: 1000G_10000r_s1024: rdf-scan heartbeat — 204,735,869 triples · 32,480,712,082 bytes read
  Partitioned compression: 1000G_10000r_s1024: rdf-scan heartbeat — 205,158,363 triples · 32,547,821,021 bytes read
  Partitioned compression: 1000G_10000r_s1024: rdf-scan heartbeat — 205,580,857 triples · 32,614,929,925 bytes read
  Partitioned compression: 1000G_10000r_s1024: rdf-scan heartbeat — 206,003,351 triples · 32,682,038,833 bytes read
  Partitioned compression: 1000G_10000r_s1024: rdf-scan chunk — 206,425,730 triples · 61 chunks · 32,749,129,530 bytes read
  Partitioned compression: 1000G_10000r_s1024: hdt-chunks started — 60 chunks · hdt-build-00060
  Partitioned compression: 1000G_10000r_s1024: hdt-chunks complete — 61 chunks · hdt-build-00060
  Partitioned compression: 1000G_10000r_s1024: rdf-scan heartbeat — 206,425,844 triples · 32,749,147,711 bytes read
  Partitioned compression: 1000G_10000r_s1024: rdf-scan heartbeat — 206,848,338 triples · 32,816,256,650 bytes read
  Partitioned compression: 1000G_10000r_s1024: rdf-scan heartbeat — 207,270,832 triples · 32,883,365,554 bytes read
  Partitioned compression: 1000G_10000r_s1024: rdf-scan heartbeat — 207,693,326 triples · 32,950,474,462 bytes read
  Partitioned compression: 1000G_10000r_s1024: rdf-scan heartbeat — 208,115,819 triples · 33,017,583,340 bytes read
  Partitioned compression: 1000G_10000r_s1024: rdf-scan heartbeat — 208,538,313 triples · 33,084,692,279 bytes read
  Partitioned compression: 1000G_10000r_s1024: rdf-scan heartbeat — 208,960,807 triples · 33,151,801,183 bytes read
  Partitioned compression: 1000G_10000r_s1024: rdf-scan heartbeat — 209,383,301 triples · 33,218,910,091 bytes read
  Partitioned compression: 1000G_10000r_s1024: rdf-scan chunk — 209,805,678 triples · 62 chunks · 33,286,000,462 bytes read
  Partitioned compression: 1000G_10000r_s1024: hdt-chunks started — 61 chunks · hdt-build-00061
  Partitioned compression: 1000G_10000r_s1024: hdt-chunks complete — 62 chunks · hdt-build-00061
  Partitioned compression: 1000G_10000r_s1024: rdf-scan heartbeat — 209,805,794 triples · 33,286,018,969 bytes read
  Partitioned compression: 1000G_10000r_s1024: rdf-scan heartbeat — 210,228,288 triples · 33,353,127,908 bytes read
  Partitioned compression: 1000G_10000r_s1024: rdf-scan heartbeat — 210,650,782 triples · 33,420,236,812 bytes read
  Partitioned compression: 1000G_10000r_s1024: rdf-scan heartbeat — 211,073,276 triples · 33,487,345,720 bytes read
  Partitioned compression: 1000G_10000r_s1024: rdf-scan heartbeat — 211,495,769 triples · 33,554,454,598 bytes read
  Partitioned compression: 1000G_10000r_s1024: rdf-scan heartbeat — 211,918,263 triples · 33,621,563,537 bytes read
  Partitioned compression: 1000G_10000r_s1024: rdf-scan heartbeat — 212,340,757 triples · 33,688,672,441 bytes read
  Partitioned compression: 1000G_10000r_s1024: rdf-scan heartbeat — 212,763,251 triples · 33,755,781,349 bytes read
  Partitioned compression: 1000G_10000r_s1024: rdf-scan chunk — 213,185,626 triples · 63 chunks · 33,822,871,394 bytes read
  Partitioned compression: 1000G_10000r_s1024: hdt-chunks started — 62 chunks · hdt-build-00062
  Partitioned compression: 1000G_10000r_s1024: hdt-chunks complete — 63 chunks · hdt-build-00062
  Partitioned compression: 1000G_10000r_s1024: rdf-scan heartbeat — 213,185,744 triples · 33,822,890,227 bytes read
  Partitioned compression: 1000G_10000r_s1024: rdf-scan heartbeat — 213,608,238 triples · 33,889,999,166 bytes read
  Partitioned compression: 1000G_10000r_s1024: rdf-scan heartbeat — 214,030,732 triples · 33,957,108,070 bytes read
  Partitioned compression: 1000G_10000r_s1024: rdf-scan heartbeat — 214,453,226 triples · 34,024,216,978 bytes read
  Partitioned compression: 1000G_10000r_s1024: rdf-scan heartbeat — 214,875,719 triples · 34,091,325,856 bytes read
  Partitioned compression: 1000G_10000r_s1024: rdf-scan heartbeat — 215,298,213 triples · 34,158,434,795 bytes read
  Partitioned compression: 1000G_10000r_s1024: rdf-scan heartbeat — 215,720,707 triples · 34,225,543,699 bytes read
  Partitioned compression: 1000G_10000r_s1024: rdf-scan heartbeat — 216,143,201 triples · 34,292,652,607 bytes read
  Partitioned compression: 1000G_10000r_s1024: rdf-scan chunk — 216,565,574 triples · 64 chunks · 34,359,742,377 bytes read
  Partitioned compression: 1000G_10000r_s1024: hdt-chunks started — 63 chunks · hdt-build-00063
  Partitioned compression: 1000G_10000r_s1024: hdt-chunks complete — 64 chunks · hdt-build-00063
  Partitioned compression: 1000G_10000r_s1024: rdf-scan heartbeat — 216,565,694 triples · 34,359,761,485 bytes read
  Partitioned compression: 1000G_10000r_s1024: rdf-scan heartbeat — 216,988,188 triples · 34,426,870,424 bytes read
  Partitioned compression: 1000G_10000r_s1024: rdf-scan heartbeat — 217,410,682 triples · 34,493,979,328 bytes read
  Partitioned compression: 1000G_10000r_s1024: rdf-scan heartbeat — 217,833,176 triples · 34,561,088,236 bytes read
  Partitioned compression: 1000G_10000r_s1024: rdf-scan heartbeat — 218,255,669 triples · 34,628,197,114 bytes read
  Partitioned compression: 1000G_10000r_s1024: rdf-scan heartbeat — 218,678,163 triples · 34,695,306,053 bytes read
  Partitioned compression: 1000G_10000r_s1024: rdf-scan heartbeat — 219,100,657 triples · 34,762,414,957 bytes read
  Partitioned compression: 1000G_10000r_s1024: rdf-scan heartbeat — 219,523,151 triples · 34,829,523,865 bytes read
  Partitioned compression: 1000G_10000r_s1024: rdf-scan chunk — 219,945,522 triples · 65 chunks · 34,896,613,302 bytes read
  Partitioned compression: 1000G_10000r_s1024: hdt-chunks started — 64 chunks · hdt-build-00064
  Partitioned compression: 1000G_10000r_s1024: hdt-chunks complete — 65 chunks · hdt-build-00064
  Partitioned compression: 1000G_10000r_s1024: rdf-scan heartbeat — 219,945,644 triples · 34,896,632,743 bytes read
  Partitioned compression: 1000G_10000r_s1024: rdf-scan heartbeat — 220,368,138 triples · 34,963,741,682 bytes read
  Partitioned compression: 1000G_10000r_s1024: rdf-scan heartbeat — 220,790,632 triples · 35,030,850,586 bytes read
  Partitioned compression: 1000G_10000r_s1024: rdf-scan heartbeat — 221,213,126 triples · 35,097,959,494 bytes read
  Partitioned compression: 1000G_10000r_s1024: rdf-scan heartbeat — 221,635,619 triples · 35,165,068,372 bytes read
  Partitioned compression: 1000G_10000r_s1024: rdf-scan heartbeat — 222,058,113 triples · 35,232,177,311 bytes read
  Partitioned compression: 1000G_10000r_s1024: rdf-scan heartbeat — 222,480,607 triples · 35,299,286,215 bytes read
  Partitioned compression: 1000G_10000r_s1024: rdf-scan heartbeat — 222,903,101 triples · 35,366,395,123 bytes read
  Partitioned compression: 1000G_10000r_s1024: rdf-scan chunk — 223,325,470 triples · 66 chunks · 35,433,484,298 bytes read
  Partitioned compression: 1000G_10000r_s1024: hdt-chunks started — 65 chunks · hdt-build-00065
  Partitioned compression: 1000G_10000r_s1024: hdt-chunks complete — 66 chunks · hdt-build-00065
  Partitioned compression: 1000G_10000r_s1024: rdf-scan heartbeat — 223,325,594 triples · 35,433,504,001 bytes read
  Partitioned compression: 1000G_10000r_s1024: rdf-scan heartbeat — 223,748,088 triples · 35,500,612,940 bytes read
  Partitioned compression: 1000G_10000r_s1024: rdf-scan heartbeat — 224,170,582 triples · 35,567,721,844 bytes read
  Partitioned compression: 1000G_10000r_s1024: rdf-scan heartbeat — 224,593,076 triples · 35,634,830,752 bytes read
  Partitioned compression: 1000G_10000r_s1024: rdf-scan heartbeat — 225,015,569 triples · 35,701,939,630 bytes read
  Partitioned compression: 1000G_10000r_s1024: rdf-scan heartbeat — 225,438,063 triples · 35,769,048,569 bytes read
  Partitioned compression: 1000G_10000r_s1024: rdf-scan heartbeat — 225,860,557 triples · 35,836,157,473 bytes read
  Partitioned compression: 1000G_10000r_s1024: rdf-scan heartbeat — 226,283,051 triples · 35,903,266,381 bytes read
  Partitioned compression: 1000G_10000r_s1024: rdf-scan chunk — 226,705,418 triples · 67 chunks · 35,970,355,254 bytes read
  Partitioned compression: 1000G_10000r_s1024: hdt-chunks started — 66 chunks · hdt-build-00066
  Partitioned compression: 1000G_10000r_s1024: hdt-chunks complete — 67 chunks · hdt-build-00066
  Partitioned compression: 1000G_10000r_s1024: rdf-scan heartbeat — 226,705,544 triples · 35,970,375,259 bytes read
  Partitioned compression: 1000G_10000r_s1024: rdf-scan heartbeat — 227,128,038 triples · 36,037,484,198 bytes read
  Partitioned compression: 1000G_10000r_s1024: rdf-scan heartbeat — 227,550,532 triples · 36,104,593,102 bytes read
  Partitioned compression: 1000G_10000r_s1024: rdf-scan heartbeat — 227,973,026 triples · 36,171,702,010 bytes read
  Partitioned compression: 1000G_10000r_s1024: rdf-scan heartbeat — 228,395,519 triples · 36,238,810,888 bytes read
  Partitioned compression: 1000G_10000r_s1024: rdf-scan heartbeat — 228,818,013 triples · 36,305,919,827 bytes read
  Partitioned compression: 1000G_10000r_s1024: rdf-scan heartbeat — 229,240,507 triples · 36,373,028,731 bytes read
  Partitioned compression: 1000G_10000r_s1024: rdf-scan heartbeat — 229,663,001 triples · 36,440,137,639 bytes read
  Partitioned compression: 1000G_10000r_s1024: rdf-scan chunk — 230,085,366 triples · 68 chunks · 36,507,226,210 bytes read
  Partitioned compression: 1000G_10000r_s1024: hdt-chunks started — 67 chunks · hdt-build-00067
  Partitioned compression: 1000G_10000r_s1024: hdt-chunks complete — 68 chunks · hdt-build-00067
  Partitioned compression: 1000G_10000r_s1024: rdf-scan heartbeat — 230,085,494 triples · 36,507,246,517 bytes read
  Partitioned compression: 1000G_10000r_s1024: rdf-scan heartbeat — 230,507,988 triples · 36,574,355,456 bytes read
  Partitioned compression: 1000G_10000r_s1024: rdf-scan heartbeat — 230,930,482 triples · 36,641,464,360 bytes read
  Partitioned compression: 1000G_10000r_s1024: rdf-scan heartbeat — 231,352,976 triples · 36,708,573,268 bytes read
  Partitioned compression: 1000G_10000r_s1024: rdf-scan heartbeat — 231,775,469 triples · 36,775,682,146 bytes read
  Partitioned compression: 1000G_10000r_s1024: rdf-scan heartbeat — 232,197,963 triples · 36,842,791,085 bytes read
  Partitioned compression: 1000G_10000r_s1024: rdf-scan heartbeat — 232,620,457 triples · 36,909,899,989 bytes read
  Partitioned compression: 1000G_10000r_s1024: rdf-scan heartbeat — 233,042,951 triples · 36,977,008,897 bytes read
  Partitioned compression: 1000G_10000r_s1024: rdf-scan chunk — 233,465,314 triples · 69 chunks · 37,044,097,135 bytes read
  Partitioned compression: 1000G_10000r_s1024: hdt-chunks started — 68 chunks · hdt-build-00068
  Partitioned compression: 1000G_10000r_s1024: hdt-chunks complete — 69 chunks · hdt-build-00068
  Partitioned compression: 1000G_10000r_s1024: rdf-scan heartbeat — 233,465,444 triples · 37,044,117,775 bytes read
  Partitioned compression: 1000G_10000r_s1024: rdf-scan heartbeat — 233,887,938 triples · 37,111,226,714 bytes read
  Partitioned compression: 1000G_10000r_s1024: rdf-scan heartbeat — 234,310,432 triples · 37,178,335,618 bytes read
  Partitioned compression: 1000G_10000r_s1024: rdf-scan heartbeat — 234,732,926 triples · 37,245,444,526 bytes read
  Partitioned compression: 1000G_10000r_s1024: rdf-scan heartbeat — 235,155,419 triples · 37,312,553,404 bytes read
  Partitioned compression: 1000G_10000r_s1024: rdf-scan heartbeat — 235,577,913 triples · 37,379,662,343 bytes read
  Partitioned compression: 1000G_10000r_s1024: rdf-scan heartbeat — 236,000,407 triples · 37,446,771,247 bytes read
  Partitioned compression: 1000G_10000r_s1024: rdf-scan heartbeat — 236,422,901 triples · 37,513,880,155 bytes read
  Partitioned compression: 1000G_10000r_s1024: rdf-scan chunk — 236,845,263 triples · 70 chunks · 37,580,968,217 bytes read
  Partitioned compression: 1000G_10000r_s1024: hdt-chunks started — 69 chunks · hdt-build-00069
  Partitioned compression: 1000G_10000r_s1024: hdt-chunks complete — 70 chunks · hdt-build-00069
  Partitioned compression: 1000G_10000r_s1024: rdf-scan heartbeat — 236,845,394 triples · 37,580,989,033 bytes read
  Partitioned compression: 1000G_10000r_s1024: rdf-scan heartbeat — 237,267,888 triples · 37,648,097,972 bytes read
  Partitioned compression: 1000G_10000r_s1024: rdf-scan heartbeat — 237,690,382 triples · 37,715,206,876 bytes read
  Partitioned compression: 1000G_10000r_s1024: rdf-scan heartbeat — 238,112,876 triples · 37,782,315,784 bytes read
  Partitioned compression: 1000G_10000r_s1024: rdf-scan heartbeat — 238,535,369 triples · 37,849,424,662 bytes read
  Partitioned compression: 1000G_10000r_s1024: rdf-scan heartbeat — 238,957,863 triples · 37,916,533,601 bytes read
  Partitioned compression: 1000G_10000r_s1024: rdf-scan heartbeat — 239,380,357 triples · 37,983,642,505 bytes read
  Partitioned compression: 1000G_10000r_s1024: rdf-scan heartbeat — 239,802,851 triples · 38,050,751,413 bytes read
  Partitioned compression: 1000G_10000r_s1024: rdf-scan chunk — 240,225,212 triples · 71 chunks · 38,117,839,290 bytes read
  Partitioned compression: 1000G_10000r_s1024: hdt-chunks started — 70 chunks · hdt-build-00070
  Partitioned compression: 1000G_10000r_s1024: hdt-chunks complete — 71 chunks · hdt-build-00070
  Partitioned compression: 1000G_10000r_s1024: rdf-scan heartbeat — 240,225,344 triples · 38,117,860,291 bytes read
  Partitioned compression: 1000G_10000r_s1024: rdf-scan heartbeat — 240,647,838 triples · 38,184,969,230 bytes read
  Partitioned compression: 1000G_10000r_s1024: rdf-scan heartbeat — 241,070,332 triples · 38,252,078,134 bytes read
  Partitioned compression: 1000G_10000r_s1024: rdf-scan heartbeat — 241,492,826 triples · 38,319,187,042 bytes read
  Partitioned compression: 1000G_10000r_s1024: rdf-scan heartbeat — 241,915,319 triples · 38,386,295,920 bytes read
  Partitioned compression: 1000G_10000r_s1024: rdf-scan heartbeat — 242,337,813 triples · 38,453,404,859 bytes read
  Partitioned compression: 1000G_10000r_s1024: rdf-scan heartbeat — 242,760,307 triples · 38,520,513,763 bytes read
  Partitioned compression: 1000G_10000r_s1024: rdf-scan heartbeat — 243,182,801 triples · 38,587,622,671 bytes read
  Partitioned compression: 1000G_10000r_s1024: rdf-scan chunk — 243,605,160 triples · 72 chunks · 38,654,710,246 bytes read
  Partitioned compression: 1000G_10000r_s1024: hdt-chunks started — 71 chunks · hdt-build-00071
  Partitioned compression: 1000G_10000r_s1024: hdt-chunks complete — 72 chunks · hdt-build-00071
  Partitioned compression: 1000G_10000r_s1024: rdf-scan heartbeat — 243,605,294 triples · 38,654,731,549 bytes read
  Partitioned compression: 1000G_10000r_s1024: rdf-scan heartbeat — 244,027,788 triples · 38,721,840,488 bytes read
  Partitioned compression: 1000G_10000r_s1024: rdf-scan heartbeat — 244,450,282 triples · 38,788,949,392 bytes read
  Partitioned compression: 1000G_10000r_s1024: rdf-scan heartbeat — 244,872,776 triples · 38,856,058,300 bytes read
  Partitioned compression: 1000G_10000r_s1024: rdf-scan heartbeat — 245,295,269 triples · 38,923,167,178 bytes read
  Partitioned compression: 1000G_10000r_s1024: rdf-scan heartbeat — 245,717,763 triples · 38,990,276,117 bytes read
  Partitioned compression: 1000G_10000r_s1024: rdf-scan heartbeat — 246,140,257 triples · 39,057,385,021 bytes read
  Partitioned compression: 1000G_10000r_s1024: rdf-scan heartbeat — 246,562,751 triples · 39,124,493,929 bytes read
  Partitioned compression: 1000G_10000r_s1024: rdf-scan chunk — 246,985,108 triples · 73 chunks · 39,191,581,171 bytes read
  Partitioned compression: 1000G_10000r_s1024: hdt-chunks started — 72 chunks · hdt-build-00072
  Partitioned compression: 1000G_10000r_s1024: hdt-chunks complete — 73 chunks · hdt-build-00072
  Partitioned compression: 1000G_10000r_s1024: rdf-scan heartbeat — 246,985,244 triples · 39,191,602,807 bytes read
  Partitioned compression: 1000G_10000r_s1024: rdf-scan heartbeat — 247,407,738 triples · 39,258,711,746 bytes read
  Partitioned compression: 1000G_10000r_s1024: rdf-scan heartbeat — 247,830,232 triples · 39,325,820,650 bytes read
  Partitioned compression: 1000G_10000r_s1024: rdf-scan heartbeat — 248,252,726 triples · 39,392,929,558 bytes read
  Partitioned compression: 1000G_10000r_s1024: rdf-scan heartbeat — 248,675,219 triples · 39,460,038,436 bytes read
  Partitioned compression: 1000G_10000r_s1024: rdf-scan heartbeat — 249,097,713 triples · 39,527,147,375 bytes read
  Partitioned compression: 1000G_10000r_s1024: rdf-scan heartbeat — 249,520,207 triples · 39,594,256,279 bytes read
  Partitioned compression: 1000G_10000r_s1024: rdf-scan heartbeat — 249,942,701 triples · 39,661,365,187 bytes read
  Partitioned compression: 1000G_10000r_s1024: rdf-scan chunk — 250,365,057 triples · 74 chunks · 39,728,452,253 bytes read
  Partitioned compression: 1000G_10000r_s1024: hdt-chunks started — 73 chunks · hdt-build-00073
  Partitioned compression: 1000G_10000r_s1024: hdt-chunks complete — 74 chunks · hdt-build-00073
  Partitioned compression: 1000G_10000r_s1024: rdf-scan heartbeat — 250,365,194 triples · 39,728,474,065 bytes read
  Partitioned compression: 1000G_10000r_s1024: rdf-scan heartbeat — 250,787,688 triples · 39,795,583,004 bytes read
  Partitioned compression: 1000G_10000r_s1024: rdf-scan heartbeat — 251,210,182 triples · 39,862,691,908 bytes read
  Partitioned compression: 1000G_10000r_s1024: rdf-scan heartbeat — 251,632,676 triples · 39,929,800,816 bytes read
  Partitioned compression: 1000G_10000r_s1024: rdf-scan heartbeat — 252,055,169 triples · 39,996,909,694 bytes read
  Partitioned compression: 1000G_10000r_s1024: rdf-scan heartbeat — 252,477,663 triples · 40,064,018,633 bytes read
  Partitioned compression: 1000G_10000r_s1024: rdf-scan heartbeat — 252,900,157 triples · 40,131,127,537 bytes read
  Partitioned compression: 1000G_10000r_s1024: rdf-scan heartbeat — 253,322,651 triples · 40,198,236,445 bytes read
  Partitioned compression: 1000G_10000r_s1024: rdf-scan chunk — 253,745,005 triples · 75 chunks · 40,265,323,171 bytes read
  Partitioned compression: 1000G_10000r_s1024: hdt-chunks started — 74 chunks · hdt-build-00074
  Partitioned compression: 1000G_10000r_s1024: hdt-chunks complete — 75 chunks · hdt-build-00074
  Partitioned compression: 1000G_10000r_s1024: rdf-scan heartbeat — 253,745,144 triples · 40,265,345,323 bytes read
  Partitioned compression: 1000G_10000r_s1024: rdf-scan heartbeat — 254,167,638 triples · 40,332,454,262 bytes read
  Partitioned compression: 1000G_10000r_s1024: rdf-scan heartbeat — 254,590,132 triples · 40,399,563,166 bytes read
  Partitioned compression: 1000G_10000r_s1024: rdf-scan heartbeat — 255,012,626 triples · 40,466,672,074 bytes read
  Partitioned compression: 1000G_10000r_s1024: rdf-scan heartbeat — 255,435,119 triples · 40,533,780,952 bytes read
  Partitioned compression: 1000G_10000r_s1024: rdf-scan heartbeat — 255,857,613 triples · 40,600,889,891 bytes read
  Partitioned compression: 1000G_10000r_s1024: rdf-scan heartbeat — 256,294,876 triples · 40,667,998,799 bytes read
  Partitioned compression: 1000G_10000r_s1024: rdf-scan heartbeat — 256,748,873 triples · 40,735,107,769 bytes read
  Partitioned compression: 1000G_10000r_s1024: rdf-scan chunk — 257,202,646 triples · 76 chunks · 40,802,194,159 bytes read
  Partitioned compression: 1000G_10000r_s1024: hdt-chunks started — 75 chunks · hdt-build-00075
  Partitioned compression: 1000G_10000r_s1024: hdt-chunks complete — 76 chunks · hdt-build-00075
  Partitioned compression: 1000G_10000r_s1024: rdf-scan heartbeat — 257,202,799 triples · 40,802,216,727 bytes read
  Partitioned compression: 1000G_10000r_s1024: rdf-scan chunk — 257,364,618 triples · 77 chunks · 40,826,145,659 bytes read
  Partitioned compression: 1000G_10000r_s1024: hdt-chunks started — 76 chunks · hdt-build-00076
  Partitioned compression: 1000G_10000r_s1024: hdt-chunks complete — 77 chunks · hdt-build-00076
  Partitioned compression: 1000G_10000r_s1024: rdf-scan complete — 257,364,618 triples · 77 chunks
  Partitioned compression: 1000G_10000r_s1024: hdt-chunks complete — 77 chunks
  Partitioned compression: 1000G_10000r_s1024: hdt-merge started — hdt-merge-r01-00000
  Partitioned compression: 1000G_10000r_s1024: hdt-merge complete — hdt-merge-r01-00000
  Partitioned compression: 1000G_10000r_s1024: hdt-merge started — hdt-merge-r01-00001
  Partitioned compression: 1000G_10000r_s1024: hdt-merge complete — hdt-merge-r01-00001
  Partitioned compression: 1000G_10000r_s1024: hdt-merge started — hdt-merge-r01-00002
  Partitioned compression: 1000G_10000r_s1024: hdt-merge complete — hdt-merge-r01-00002
  Partitioned compression: 1000G_10000r_s1024: hdt-merge started — hdt-merge-r01-00003
  Partitioned compression: 1000G_10000r_s1024: hdt-merge complete — hdt-merge-r01-00003
  Partitioned compression: 1000G_10000r_s1024: hdt-merge started — hdt-merge-r01-00004
  Partitioned compression: 1000G_10000r_s1024: hdt-merge complete — hdt-merge-r01-00004
  Partitioned compression: 1000G_10000r_s1024: hdt-merge started — hdt-merge-r01-00005
  Partitioned compression: 1000G_10000r_s1024: hdt-merge complete — hdt-merge-r01-00005
  Partitioned compression: 1000G_10000r_s1024: hdt-merge started — hdt-merge-r01-00006
  Partitioned compression: 1000G_10000r_s1024: hdt-merge complete — hdt-merge-r01-00006
  Partitioned compression: 1000G_10000r_s1024: hdt-merge started — hdt-merge-r01-00007
  Partitioned compression: 1000G_10000r_s1024: hdt-merge complete — hdt-merge-r01-00007
  Partitioned compression: 1000G_10000r_s1024: hdt-merge started — hdt-merge-r01-00008
  Partitioned compression: 1000G_10000r_s1024: hdt-merge complete — hdt-merge-r01-00008
  Partitioned compression: 1000G_10000r_s1024: hdt-merge started — hdt-merge-r01-00009
  Partitioned compression: 1000G_10000r_s1024: hdt-merge complete — hdt-merge-r01-00009
  Partitioned compression: 1000G_10000r_s1024: hdt-merge started — hdt-merge-r01-00010
  Partitioned compression: 1000G_10000r_s1024: hdt-merge complete — hdt-merge-r01-00010
  Partitioned compression: 1000G_10000r_s1024: hdt-merge started — hdt-merge-r01-00011
  Partitioned compression: 1000G_10000r_s1024: hdt-merge complete — hdt-merge-r01-00011
  Partitioned compression: 1000G_10000r_s1024: hdt-merge started — hdt-merge-r01-00012
  Partitioned compression: 1000G_10000r_s1024: hdt-merge complete — hdt-merge-r01-00012
  Partitioned compression: 1000G_10000r_s1024: hdt-merge started — hdt-merge-r01-00013
  Partitioned compression: 1000G_10000r_s1024: hdt-merge complete — hdt-merge-r01-00013
  Partitioned compression: 1000G_10000r_s1024: hdt-merge started — hdt-merge-r01-00014
  Partitioned compression: 1000G_10000r_s1024: hdt-merge complete — hdt-merge-r01-00014
  Partitioned compression: 1000G_10000r_s1024: hdt-merge started — hdt-merge-r01-00015
  Partitioned compression: 1000G_10000r_s1024: hdt-merge complete — hdt-merge-r01-00015
  Partitioned compression: 1000G_10000r_s1024: hdt-merge started — hdt-merge-r01-00016
  Partitioned compression: 1000G_10000r_s1024: hdt-merge complete — hdt-merge-r01-00016
  Partitioned compression: 1000G_10000r_s1024: hdt-merge started — hdt-merge-r01-00017
  Partitioned compression: 1000G_10000r_s1024: hdt-merge complete — hdt-merge-r01-00017
  Partitioned compression: 1000G_10000r_s1024: hdt-merge started — hdt-merge-r01-00018
  Partitioned compression: 1000G_10000r_s1024: hdt-merge complete — hdt-merge-r01-00018
  Partitioned compression: 1000G_10000r_s1024: hdt-merge started — hdt-merge-r01-00019
  Partitioned compression: 1000G_10000r_s1024: hdt-merge complete — hdt-merge-r01-00019
  Partitioned compression: 1000G_10000r_s1024: hdt-merge started — hdt-merge-r01-00020
  Partitioned compression: 1000G_10000r_s1024: hdt-merge complete — hdt-merge-r01-00020
  Partitioned compression: 1000G_10000r_s1024: hdt-merge started — hdt-merge-r01-00021
  Partitioned compression: 1000G_10000r_s1024: hdt-merge complete — hdt-merge-r01-00021
  Partitioned compression: 1000G_10000r_s1024: hdt-merge started — hdt-merge-r01-00022
  Partitioned compression: 1000G_10000r_s1024: hdt-merge complete — hdt-merge-r01-00022
  Partitioned compression: 1000G_10000r_s1024: hdt-merge started — hdt-merge-r01-00023
  Partitioned compression: 1000G_10000r_s1024: hdt-merge complete — hdt-merge-r01-00023
  Partitioned compression: 1000G_10000r_s1024: hdt-merge started — hdt-merge-r01-00024
  Partitioned compression: 1000G_10000r_s1024: hdt-merge complete — hdt-merge-r01-00024
  Partitioned compression: 1000G_10000r_s1024: hdt-merge started — hdt-merge-r01-00025
  Partitioned compression: 1000G_10000r_s1024: hdt-merge complete — hdt-merge-r01-00025
  Partitioned compression: 1000G_10000r_s1024: hdt-merge started — hdt-merge-r01-00026
  Partitioned compression: 1000G_10000r_s1024: hdt-merge complete — hdt-merge-r01-00026
  Partitioned compression: 1000G_10000r_s1024: hdt-merge started — hdt-merge-r01-00027
  Partitioned compression: 1000G_10000r_s1024: hdt-merge complete — hdt-merge-r01-00027
  Partitioned compression: 1000G_10000r_s1024: hdt-merge started — hdt-merge-r01-00028
  Partitioned compression: 1000G_10000r_s1024: hdt-merge complete — hdt-merge-r01-00028
  Partitioned compression: 1000G_10000r_s1024: hdt-merge started — hdt-merge-r01-00029
  Partitioned compression: 1000G_10000r_s1024: hdt-merge complete — hdt-merge-r01-00029
  Partitioned compression: 1000G_10000r_s1024: hdt-merge started — hdt-merge-r01-00030
  Partitioned compression: 1000G_10000r_s1024: hdt-merge complete — hdt-merge-r01-00030
  Partitioned compression: 1000G_10000r_s1024: hdt-merge started — hdt-merge-r01-00031
  Partitioned compression: 1000G_10000r_s1024: hdt-merge complete — hdt-merge-r01-00031
  Partitioned compression: 1000G_10000r_s1024: hdt-merge started — hdt-merge-r01-00032
  Partitioned compression: 1000G_10000r_s1024: hdt-merge complete — hdt-merge-r01-00032
  Partitioned compression: 1000G_10000r_s1024: hdt-merge started — hdt-merge-r01-00033
  Partitioned compression: 1000G_10000r_s1024: hdt-merge complete — hdt-merge-r01-00033
  Partitioned compression: 1000G_10000r_s1024: hdt-merge started — hdt-merge-r01-00034
  Partitioned compression: 1000G_10000r_s1024: hdt-merge complete — hdt-merge-r01-00034
  Partitioned compression: 1000G_10000r_s1024: hdt-merge started — hdt-merge-r01-00035
  Partitioned compression: 1000G_10000r_s1024: hdt-merge complete — hdt-merge-r01-00035
  Partitioned compression: 1000G_10000r_s1024: hdt-merge started — hdt-merge-r01-00036
  Partitioned compression: 1000G_10000r_s1024: hdt-merge complete — hdt-merge-r01-00036
  Partitioned compression: 1000G_10000r_s1024: hdt-merge started — hdt-merge-r01-00037
  Partitioned compression: 1000G_10000r_s1024: hdt-merge complete — hdt-merge-r01-00037
  Partitioned compression: 1000G_10000r_s1024: hdt-merge started — hdt-merge-r02-00000
  Partitioned compression: 1000G_10000r_s1024: hdt-merge complete — hdt-merge-r02-00000
  Partitioned compression: 1000G_10000r_s1024: hdt-merge started — hdt-merge-r02-00001
  Partitioned compression: 1000G_10000r_s1024: hdt-merge complete — hdt-merge-r02-00001
  Partitioned compression: 1000G_10000r_s1024: hdt-merge started — hdt-merge-r02-00002
  Partitioned compression: 1000G_10000r_s1024: hdt-merge complete — hdt-merge-r02-00002
  Partitioned compression: 1000G_10000r_s1024: hdt-merge started — hdt-merge-r02-00003
  Partitioned compression: 1000G_10000r_s1024: hdt-merge complete — hdt-merge-r02-00003
  Partitioned compression: 1000G_10000r_s1024: hdt-merge started — hdt-merge-r02-00004
  Partitioned compression: 1000G_10000r_s1024: hdt-merge complete — hdt-merge-r02-00004
  Partitioned compression: 1000G_10000r_s1024: hdt-merge started — hdt-merge-r02-00005
  Partitioned compression: 1000G_10000r_s1024: hdt-merge complete — hdt-merge-r02-00005
  Partitioned compression: 1000G_10000r_s1024: hdt-merge started — hdt-merge-r02-00006
  Partitioned compression: 1000G_10000r_s1024: hdt-merge complete — hdt-merge-r02-00006
  Partitioned compression: 1000G_10000r_s1024: hdt-merge started — hdt-merge-r02-00007
  Partitioned compression: 1000G_10000r_s1024: hdt-merge complete — hdt-merge-r02-00007
  Partitioned compression: 1000G_10000r_s1024: hdt-merge started — hdt-merge-r02-00008
  Partitioned compression: 1000G_10000r_s1024: hdt-merge complete — hdt-merge-r02-00008
  Partitioned compression: 1000G_10000r_s1024: hdt-merge started — hdt-merge-r02-00009
  Partitioned compression: 1000G_10000r_s1024: hdt-merge complete — hdt-merge-r02-00009
  Partitioned compression: 1000G_10000r_s1024: hdt-merge started — hdt-merge-r02-00010
  Partitioned compression: 1000G_10000r_s1024: hdt-merge complete — hdt-merge-r02-00010
  Partitioned compression: 1000G_10000r_s1024: hdt-merge started — hdt-merge-r02-00011
  Partitioned compression: 1000G_10000r_s1024: hdt-merge complete — hdt-merge-r02-00011
  Partitioned compression: 1000G_10000r_s1024: hdt-merge started — hdt-merge-r02-00012
  Partitioned compression: 1000G_10000r_s1024: hdt-merge complete — hdt-merge-r02-00012
  Partitioned compression: 1000G_10000r_s1024: hdt-merge started — hdt-merge-r02-00013
  Partitioned compression: 1000G_10000r_s1024: hdt-merge complete — hdt-merge-r02-00013
  Partitioned compression: 1000G_10000r_s1024: hdt-merge started — hdt-merge-r02-00014
  Partitioned compression: 1000G_10000r_s1024: hdt-merge complete — hdt-merge-r02-00014
  Partitioned compression: 1000G_10000r_s1024: hdt-merge started — hdt-merge-r02-00015
  Partitioned compression: 1000G_10000r_s1024: hdt-merge complete — hdt-merge-r02-00015
  Partitioned compression: 1000G_10000r_s1024: hdt-merge started — hdt-merge-r02-00016
  Partitioned compression: 1000G_10000r_s1024: hdt-merge complete — hdt-merge-r02-00016
  Partitioned compression: 1000G_10000r_s1024: hdt-merge started — hdt-merge-r02-00017
  Partitioned compression: 1000G_10000r_s1024: hdt-merge complete — hdt-merge-r02-00017
  Partitioned compression: 1000G_10000r_s1024: hdt-merge started — hdt-merge-r02-00018
  Partitioned compression: 1000G_10000r_s1024: hdt-merge complete — hdt-merge-r02-00018
  Partitioned compression: 1000G_10000r_s1024: hdt-merge started — hdt-merge-r03-00000
  Partitioned compression: 1000G_10000r_s1024: hdt-merge complete — hdt-merge-r03-00000
  Partitioned compression: 1000G_10000r_s1024: hdt-merge started — hdt-merge-r03-00001
  Partitioned compression: 1000G_10000r_s1024: hdt-merge complete — hdt-merge-r03-00001
  Partitioned compression: 1000G_10000r_s1024: hdt-merge started — hdt-merge-r03-00002
  Partitioned compression: 1000G_10000r_s1024: hdt-merge complete — hdt-merge-r03-00002
  Partitioned compression: 1000G_10000r_s1024: hdt-merge started — hdt-merge-r03-00003
  Partitioned compression: 1000G_10000r_s1024: hdt-merge complete — hdt-merge-r03-00003
  Partitioned compression: 1000G_10000r_s1024: hdt-merge started — hdt-merge-r03-00004
  Partitioned compression: 1000G_10000r_s1024: hdt-merge complete — hdt-merge-r03-00004
  Partitioned compression: 1000G_10000r_s1024: hdt-merge started — hdt-merge-r03-00005
  Partitioned compression: 1000G_10000r_s1024: hdt-merge complete — hdt-merge-r03-00005
  Partitioned compression: 1000G_10000r_s1024: hdt-merge started — hdt-merge-r03-00006
  Partitioned compression: 1000G_10000r_s1024: hdt-merge complete — hdt-merge-r03-00006
  Partitioned compression: 1000G_10000r_s1024: hdt-merge started — hdt-merge-r03-00007
  Partitioned compression: 1000G_10000r_s1024: hdt-merge complete — hdt-merge-r03-00007
  Partitioned compression: 1000G_10000r_s1024: hdt-merge started — hdt-merge-r03-00008
  Partitioned compression: 1000G_10000r_s1024: hdt-merge complete — hdt-merge-r03-00008
  Partitioned compression: 1000G_10000r_s1024: hdt-merge started — hdt-merge-r03-00009
  Partitioned compression: 1000G_10000r_s1024: hdt-merge complete — hdt-merge-r03-00009
  Partitioned compression: 1000G_10000r_s1024: hdt-merge started — hdt-merge-r04-00000
  Partitioned compression: 1000G_10000r_s1024: hdt-merge complete — hdt-merge-r04-00000
  Partitioned compression: 1000G_10000r_s1024: hdt-merge started — hdt-merge-r04-00001
  Partitioned compression: 1000G_10000r_s1024: hdt-merge complete — hdt-merge-r04-00001
  Partitioned compression: 1000G_10000r_s1024: hdt-merge started — hdt-merge-r04-00002
  Partitioned compression: 1000G_10000r_s1024: hdt-merge complete — hdt-merge-r04-00002
  Partitioned compression: 1000G_10000r_s1024: hdt-merge started — hdt-merge-r04-00003
  Partitioned compression: 1000G_10000r_s1024: hdt-merge complete — hdt-merge-r04-00003
  Partitioned compression: 1000G_10000r_s1024: hdt-merge started — hdt-merge-r04-00004
  Partitioned compression: 1000G_10000r_s1024: hdt-merge complete — hdt-merge-r04-00004
  Partitioned compression: 1000G_10000r_s1024: hdt-merge started — hdt-merge-r05-00000
  Partitioned compression: 1000G_10000r_s1024: hdt-merge complete — hdt-merge-r05-00000
  Partitioned compression: 1000G_10000r_s1024: hdt-merge started — hdt-merge-r05-00001
  Partitioned compression: 1000G_10000r_s1024: hdt-merge complete — hdt-merge-r05-00001
  Partitioned compression: 1000G_10000r_s1024: hdt-merge started — hdt-merge-r06-00000
  Partitioned compression: 1000G_10000r_s1024: hdt-merge complete — hdt-merge-r06-00000
  Partitioned compression: 1000G_10000r_s1024: hdt-merge started — hdt-merge-r07-00000
  Partitioned compression: 1000G_10000r_s1024: hdt-merge complete — hdt-merge-r07-00000
  Partitioned compression: 1000G_10000r_s1024: hdt started — hdt-index
  Partitioned compression: 1000G_10000r_s1024: hdt complete — hdt-index
  Partitioned compression: 1000G_10000r_s1024: hdt started — hdt-validate
  Partitioned compression: 1000G_10000r_s1024: hdt complete — hdt-validate
Partitioned compression: 1000G_10000r_s1024: finished
