
[2026-08-17T19:10:12] $ docker version
Client: Docker Engine - Community
 Version:           29.7.2
 API version:       1.55
 Go version:        go1.26.5
 Git commit:        a7dcaa6
 Built:             Wed Aug  5 18:28:48 2026
 OS/Arch:           linux/amd64
 Context:           default

Server: Docker Engine - Community
 Engine:
  Version:          29.7.2
  API version:      1.55 (minimum version 1.40)
  Go version:       go1.26.5
  Git commit:       6a43e3d
  Built:            Wed Aug  5 18:28:48 2026
  OS/Arch:          linux/amd64
  Experimental:     false
 containerd:
  Version:          v2.3.3
  GitCommit:        aad11006b869517fcd3009450b6f82da282e1a9b
 runc:
  Version:          1.4.3
  GitCommit:        v1.4.3-0-gbb14dabe
 docker-init:
  Version:          0.19.0
  GitCommit:        de40ad0
[exit 0]

[2026-08-17T19:10:12] $ docker build -t ecrum19/vcf-rdfizer:latest .
cwd=/home/ubuntu/vcf-rdfizer-expts/VCF-RDFizer
#0 building with "default" instance using docker driver

#1 [internal] load build definition from Dockerfile
#1 transferring dockerfile: 3.09kB done
#1 DONE 0.0s

#2 [internal] load metadata for docker.io/library/eclipse-temurin:11-jre
#2 DONE 0.6s

#3 [internal] load .dockerignore
#3 transferring context: 227B done
#3 DONE 0.0s

#4 [build-hdt-cpp 1/7] FROM docker.io/library/eclipse-temurin:11-jre@sha256:49328316354e3d19046a08cc4a9b4aa50a07c6636f6bd5d1e7f7e11fc2731fa3
#4 resolve docker.io/library/eclipse-temurin:11-jre@sha256:49328316354e3d19046a08cc4a9b4aa50a07c6636f6bd5d1e7f7e11fc2731fa3 0.0s done
#4 DONE 0.0s

#5 [internal] load build context
#5 transferring context: 223B done
#5 DONE 0.0s

#6 [stage-1  6/13] COPY --from=build-hdt-cpp /usr/local/bin/hdt2rdf /usr/local/bin/hdt2rdf
#6 CACHED

#7 [build-hdt-cpp 2/7] RUN apt-get update   && apt-get install -y --no-install-recommends     autoconf     automake     build-essential     ca-certificates     git     libserd-dev     libtool     pkg-config     zlib1g-dev   && rm -rf /var/lib/apt/lists/*
#7 CACHED

#8 [build-hdt-cpp 3/7] WORKDIR /opt
#8 CACHED

#9 [stage-1  2/13] RUN apt-get update   && apt-get install -y --no-install-recommends     bash     brotli     ca-certificates     coreutils     curl     findutils     gawk     gzip     libserd-0-0     nodejs     time   && rm -rf /var/lib/apt/lists/*
#9 CACHED

#10 [stage-1  7/13] COPY --from=build-hdt-cpp /usr/local/lib/libcds* /usr/local/lib/
#10 CACHED

#11 [stage-1  8/13] COPY --from=build-hdt-cpp /usr/local/lib/libhdt* /usr/local/lib/
#11 CACHED

#12 [stage-1 10/13] COPY THIRD_PARTY_NOTICES.md /usr/share/licenses/vcf-rdfizer/THIRD_PARTY_NOTICES.md
#12 CACHED

#13 [stage-1  9/13] COPY --from=build-hdt-cpp /opt/third_party_licenses/ /usr/share/licenses/vcf-rdfizer/
#13 CACHED

#14 [stage-1  4/13] RUN mkdir -p /opt/hdt-java   && curl -fsSL     -o /tmp/hdt-java-package.tar.gz     https://repo1.maven.org/maven2/org/rdfhdt/hdt-java-package/3.0.10/hdt-java-package-3.0.10-distribution.tar.gz   && tar -xzf /tmp/hdt-java-package.tar.gz -C /opt/hdt-java --strip-components=1   && rm -f /tmp/hdt-java-package.tar.gz
#14 CACHED

#15 [stage-1  3/13] RUN mkdir -p /opt/rmlstreamer   && curl -fsSL     -o /opt/rmlstreamer/RMLStreamer-v2.5.0-standalone.jar     https://github.com/RMLio/RMLStreamer/releases/download/v2.5.0/RMLStreamer-v2.5.0-standalone.jar
#15 CACHED

#16 [stage-1 11/13] COPY src/*.sh /opt/vcf-rdfizer/
#16 CACHED

#17 [stage-1 12/13] RUN chmod +x /opt/vcf-rdfizer/*.sh   && find /opt/hdt-java/bin -type f -exec chmod +x {} ;   && chmod +x /usr/local/bin/rdf2hdt   && chmod +x /usr/local/bin/hdt2rdf
#17 CACHED

#18 [stage-1  5/13] COPY --from=build-hdt-cpp /usr/local/bin/rdf2hdt /usr/local/bin/rdf2hdt
#18 CACHED

#19 [build-hdt-cpp 4/7] RUN git clone --depth 1 https://github.com/rdfhdt/hdt-cpp.git   && (git clone --branch "v2.5.0" --depth 1 https://github.com/RMLio/RMLStreamer.git /opt/RMLStreamer       || git clone --branch "2.5.0" --depth 1 https://github.com/RMLio/RMLStreamer.git /opt/RMLStreamer       || git clone --depth 1 https://github.com/RMLio/RMLStreamer.git /opt/RMLStreamer)
#19 CACHED

#20 [build-hdt-cpp 7/7] RUN mkdir -p /opt/third_party_licenses   && cp /opt/hdt-cpp/libhdt/COPYRIGHT /opt/third_party_licenses/HDT-CPP.COPYRIGHT   && cp /opt/RMLStreamer/LICENSE /opt/third_party_licenses/RMLStreamer.LICENSE
#20 CACHED

#21 [build-hdt-cpp 6/7] RUN ./autogen.sh   && ./configure   && make -j"$(nproc)"   && make install
#21 CACHED

#22 [build-hdt-cpp 5/7] WORKDIR /opt/hdt-cpp
#22 CACHED

#23 [stage-1 13/13] WORKDIR /work
#23 CACHED

#24 exporting to image
#24 exporting layers done
#24 exporting manifest sha256:9c89a32010bedc5654d6041b38890300ce724cf39f7ee05e65f62bdecbb161af done
#24 exporting config sha256:c8517ad212d0902f0af91953735b80b78b46e100cc3534d7972dca14e2b6b3fb done
#24 exporting attestation manifest sha256:d4933b7cb15cf33cc4266427643ddcc4f080ddee376756702bf69ac6e82cf573 done
#24 exporting manifest list sha256:fe9aa7d1e937da895830bfb8dfcec9766406ebf3d0fafbc1ca32129ae5e504f8 done
#24 naming to docker.io/ecrum19/vcf-rdfizer:latest done
#24 unpacking to docker.io/ecrum19/vcf-rdfizer:latest done
#24 DONE 0.1s
[exit 0]

[2026-08-17T19:10:13] $ docker run --rm --user 1000:1000 -v /home/ubuntu/vcf-rdfizer-expts/vcf-rdfizer-testing/vcf_data:/data/in:ro -v /home/ubuntu/vcf-rdfizer-expts/vcf-rdfizer-testing/testing-results/.intermediate/tsv:/data/tsv -v /home/ubuntu/vcf-rdfizer-expts/vcf-rdfizer-testing/testing-results/run_metrics/20260817T191012:/data/metrics ecrum19/vcf-rdfizer:latest bash -lc 'set -euo pipefail; rm -f /data/metrics/raw_metrics/tsv_time/0GOOR_HG002/20260817T191012.txt; if [[ -x /usr/bin/time ]] && /usr/bin/time --version >/dev/null 2>&1; then /usr/bin/time -v -o /data/metrics/raw_metrics/tsv_time/0GOOR_HG002/20260817T191012.txt -- bash /opt/vcf-rdfizer/vcf_as_tsv.sh /data/in/0GOOR_HG002.vcf.gz /data/tsv; else { time -p bash /opt/vcf-rdfizer/vcf_as_tsv.sh /data/in/0GOOR_HG002.vcf.gz /data/tsv; } > /data/metrics/raw_metrics/tsv_time/0GOOR_HG002/20260817T191012.txt 2>&1; fi'
✅ Wrote: /data/tsv/0GOOR_HG002.records.tsv
✅ Wrote: /data/tsv/0GOOR_HG002.header_lines.tsv
✅ Wrote: /data/tsv/0GOOR_HG002.file_metadata.tsv
[exit 0]

[2026-08-17T19:12:20] $ docker run --rm --user 1000:1000 -v /home/ubuntu/vcf-rdfizer-expts/vcf-rdfizer-testing/vcf_data:/data/in:ro -v /home/ubuntu/vcf-rdfizer-expts/vcf-rdfizer-testing/testing-results/run_metrics/20260817T191012/_generated_rules:/data/rules:ro -v /home/ubuntu/vcf-rdfizer-expts/vcf-rdfizer-testing/testing-results/.intermediate/tsv:/data/tsv:ro -v /home/ubuntu/vcf-rdfizer-expts/vcf-rdfizer-testing/testing-results:/data/out -v /home/ubuntu/vcf-rdfizer-expts/vcf-rdfizer-testing/testing-results/run_metrics/20260817T191012:/data/metrics -w /data/rules -e JAR=/opt/rmlstreamer/RMLStreamer-v2.5.0-standalone.jar -e IN=/data/rules/0GOOR_HG002.rules.ttl -e OUT_DIR=/data/out -e OUT_NAME=0GOOR_HG002 -e AGGREGATE_RDF=0 -e SPARK_PARTITIONS= -e RUN_ID=20260817T191012 -e TIMESTAMP=2026-08-17T19:10:12 -e TSV_EXIT_CODE=0 -e TSV_WALL_SECONDS=41.821008 -e TSV_USER_SECONDS=41.800000 -e TSV_SYS_SECONDS=1.070000 -e TSV_MAX_RSS_KB=7684 -e TSV_OUTPUT_SIZE_BYTES=575708451 -e 'TSV_OUTPUT_PATH=/data/tsv/0GOOR_HG002.records.tsv|/data/tsv/0GOOR_HG002.header_lines.tsv|/data/tsv/0GOOR_HG002.file_metadata.tsv' -e IN_VCF=/data/in/0GOOR_HG002.vcf.gz -e LOGDIR=/data/metrics ecrum19/vcf-rdfizer:latest bash /opt/vcf-rdfizer/run_conversion.sh
17:12:22,181 INFO  io.rml.framework.Main$                                        - Mapping file: /data/rules/0GOOR_HG002.rules.ttl
Job name: RMLStreamer
Base IRI: /
Parallelise over local task slots: true
Maximum parallelism: None
Post processor: None
Checkpoint interval: /
Auto Watermark interval: 50
Output method: File
Output file: /data/out/0GOOR_HG002
Kafka broker list: /
Kafka topic: /
Kafka topic partition id: /
Output TCP socket: /
Function description locations: None
Discard output: false
17:12:22,817 WARN  io.rml.framework.core.model.csvw.CSVWDialect                  - Only csvw:delimiter is supported, other dialect options will be ignored!
17:12:22,824 WARN  io.rml.framework.core.model.csvw.CSVWDialect                  - Only csvw:delimiter is supported, other dialect options will be ignored!
17:12:22,825 WARN  io.rml.framework.core.model.csvw.CSVWDialect                  - Only csvw:delimiter is supported, other dialect options will be ignored!
17:12:22,826 WARN  io.rml.framework.core.model.csvw.CSVWDialect                  - Only csvw:delimiter is supported, other dialect options will be ignored!
17:12:22,828 WARN  io.rml.framework.core.model.csvw.CSVWDialect                  - Only csvw:delimiter is supported, other dialect options will be ignored!
17:12:22,829 WARN  io.rml.framework.core.model.csvw.CSVWDialect                  - Only csvw:delimiter is supported, other dialect options will be ignored!
17:12:22,830 WARN  io.rml.framework.core.model.csvw.CSVWDialect                  - Only csvw:delimiter is supported, other dialect options will be ignored!
17:12:22,831 WARN  io.rml.framework.core.model.csvw.CSVWDialect                  - Only csvw:delimiter is supported, other dialect options will be ignored!
17:12:22,833 WARN  io.rml.framework.core.model.csvw.CSVWDialect                  - Only csvw:delimiter is supported, other dialect options will be ignored!
17:12:22,834 WARN  io.rml.framework.core.model.csvw.CSVWDialect                  - Only csvw:delimiter is supported, other dialect options will be ignored!
17:12:22,835 WARN  io.rml.framework.core.model.csvw.CSVWDialect                  - Only csvw:delimiter is supported, other dialect options will be ignored!
Number of standard stream triple maps: 11
Total extracted std triple maps: 11
Number of standard stream triple maps: 0
Total extracted std triple maps: 0
17:12:22,928 INFO  io.rml.framework.Main$                                        - Dataset Job Found.
17:12:23,003 INFO  io.rml.framework.Main$                                        - 2 Triple Maps are found.
17:12:23,016 INFO  io.rml.framework.Main$                                        - 2 Triple Maps are found.
17:12:23,017 INFO  io.rml.framework.Main$                                        - 2 Triple Maps are found.
17:12:23,018 INFO  io.rml.framework.Main$                                        - 3 Triple Maps are found.
17:12:23,019 INFO  io.rml.framework.Main$                                        - 2 Triple Maps are found.
17:12:26,973 WARN  org.apache.flink.runtime.webmonitor.WebMonitorUtils           - Log file environment variable 'log.file' is not set.
17:12:26,973 WARN  org.apache.flink.runtime.webmonitor.WebMonitorUtils           - JobManager log files are unavailable in the web dashboard. Log file location not found in environment variable 'log.file' or configuration key 'web.log.path'.
17:12:27,751 WARN  org.apache.flink.metrics.MetricGroup                          - The operator name DataSource (at org.apache.flink.api.scala.ExecutionEnvironment.createInput(ExecutionEnvironment.scala:360) (io.rml.framework.flink.source.CSVInputFormat)) exceeded the 80 characters length limit and was truncated.
17:12:27,761 WARN  org.apache.flink.metrics.MetricGroup                          - The operator name DataSource (at org.apache.flink.api.scala.ExecutionEnvironment.createInput(ExecutionEnvironment.scala:360) (io.rml.framework.flink.source.CSVInputFormat)) exceeded the 80 characters length limit and was truncated.
17:12:27,753 WARN  org.apache.flink.metrics.MetricGroup                          - The operator name DataSource (at org.apache.flink.api.scala.ExecutionEnvironment.createInput(ExecutionEnvironment.scala:360) (io.rml.framework.flink.source.CSVInputFormat)) exceeded the 80 characters length limit and was truncated.
17:12:27,752 WARN  org.apache.flink.metrics.MetricGroup                          - The operator name DataSource (at org.apache.flink.api.scala.ExecutionEnvironment.createInput(ExecutionEnvironment.scala:360) (io.rml.framework.flink.source.CSVInputFormat)) exceeded the 80 characters length limit and was truncated.
17:12:27,755 WARN  org.apache.flink.metrics.MetricGroup                          - The operator name DataSource (at org.apache.flink.api.scala.ExecutionEnvironment.createInput(ExecutionEnvironment.scala:360) (io.rml.framework.flink.source.CSVInputFormat)) exceeded the 80 characters length limit and was truncated.
17:12:27,811 WARN  org.apache.flink.metrics.MetricGroup                          - The operator name DataSource (at org.apache.flink.api.scala.ExecutionEnvironment.createInput(ExecutionEnvironment.scala:360) (io.rml.framework.flink.source.CSVInputFormat)) exceeded the 80 characters length limit and was truncated.
17:12:27,880 WARN  org.apache.flink.metrics.MetricGroup                          - The operator name DataSource (at org.apache.flink.api.scala.ExecutionEnvironment.createInput(ExecutionEnvironment.scala:360) (io.rml.framework.flink.source.CSVInputFormat)) exceeded the 80 characters length limit and was truncated.
17:12:27,903 WARN  org.apache.flink.metrics.MetricGroup                          - The operator name DataSource (at org.apache.flink.api.scala.ExecutionEnvironment.createInput(ExecutionEnvironment.scala:360) (io.rml.framework.flink.source.CSVInputFormat)) exceeded the 80 characters length limit and was truncated.
17:12:27,924 WARN  org.apache.flink.metrics.MetricGroup                          - The operator name DataSource (at org.apache.flink.api.scala.ExecutionEnvironment.createInput(ExecutionEnvironment.scala:360) (io.rml.framework.flink.source.CSVInputFormat)) exceeded the 80 characters length limit and was truncated.
17:12:27,924 WARN  org.apache.flink.metrics.MetricGroup                          - The operator name DataSource (at org.apache.flink.api.scala.ExecutionEnvironment.createInput(ExecutionEnvironment.scala:360) (io.rml.framework.flink.source.CSVInputFormat)) exceeded the 80 characters length limit and was truncated.
17:12:27,962 WARN  org.apache.flink.metrics.MetricGroup                          - The operator name DataSource (at org.apache.flink.api.scala.ExecutionEnvironment.createInput(ExecutionEnvironment.scala:360) (io.rml.framework.flink.source.CSVInputFormat)) exceeded the 80 characters length limit and was truncated.
17:12:27,984 WARN  org.apache.flink.metrics.MetricGroup                          - The operator name DataSource (at org.apache.flink.api.scala.ExecutionEnvironment.createInput(ExecutionEnvironment.scala:360) (io.rml.framework.flink.source.CSVInputFormat)) exceeded the 80 characters length limit and was truncated.
17:12:27,983 WARN  org.apache.flink.metrics.MetricGroup                          - The operator name DataSource (at org.apache.flink.api.scala.ExecutionEnvironment.createInput(ExecutionEnvironment.scala:360) (io.rml.framework.flink.source.CSVInputFormat)) exceeded the 80 characters length limit and was truncated.
17:12:27,965 WARN  org.apache.flink.metrics.MetricGroup                          - The operator name DataSource (at org.apache.flink.api.scala.ExecutionEnvironment.createInput(ExecutionEnvironment.scala:360) (io.rml.framework.flink.source.CSVInputFormat)) exceeded the 80 characters length limit and was truncated.
17:12:27,991 WARN  org.apache.flink.metrics.MetricGroup                          - The operator name DataSource (at org.apache.flink.api.scala.ExecutionEnvironment.createInput(ExecutionEnvironment.scala:360) (io.rml.framework.flink.source.CSVInputFormat)) exceeded the 80 characters length limit and was truncated.
17:12:28,010 WARN  org.apache.flink.metrics.MetricGroup                          - The operator name DataSource (at org.apache.flink.api.scala.ExecutionEnvironment.createInput(ExecutionEnvironment.scala:360) (io.rml.framework.flink.source.CSVInputFormat)) exceeded the 80 characters length limit and was truncated.
17:12:28,011 WARN  org.apache.flink.metrics.MetricGroup                          - The operator name DataSource (at org.apache.flink.api.scala.ExecutionEnvironment.createInput(ExecutionEnvironment.scala:360) (io.rml.framework.flink.source.CSVInputFormat)) exceeded the 80 characters length limit and was truncated.
17:12:28,015 WARN  org.apache.flink.metrics.MetricGroup                          - The operator name DataSource (at org.apache.flink.api.scala.ExecutionEnvironment.createInput(ExecutionEnvironment.scala:360) (io.rml.framework.flink.source.CSVInputFormat)) exceeded the 80 characters length limit and was truncated.
17:12:28,016 WARN  org.apache.flink.metrics.MetricGroup                          - The operator name DataSource (at org.apache.flink.api.scala.ExecutionEnvironment.createInput(ExecutionEnvironment.scala:360) (io.rml.framework.flink.source.CSVInputFormat)) exceeded the 80 characters length limit and was truncated.
17:12:28,028 WARN  org.apache.flink.metrics.MetricGroup                          - The operator name DataSource (at org.apache.flink.api.scala.ExecutionEnvironment.createInput(ExecutionEnvironment.scala:360) (io.rml.framework.flink.source.CSVInputFormat)) exceeded the 80 characters length limit and was truncated.
WARNING: metrics header mismatch; backed up to /data/metrics/metrics_csv_bak_20260817T191012.csv and creating new metrics file.
Done.
JSON: /data/metrics/conversion_metrics/0GOOR_HG002/20260817T191012.json
CSV:  /data/metrics/metrics.csv
[exit 0]

[2026-08-17T19:58:37] $ docker run --rm --user 1000:1000 -v /home/ubuntu/vcf-rdfizer-expts/vcf-rdfizer-testing/testing-results/0GOOR_HG002/.hdt_partitioned:/data/work -v /home/ubuntu/vcf-rdfizer-expts/vcf-rdfizer-testing/testing-results/0GOOR_HG002:/data/out ecrum19/vcf-rdfizer:latest bash -lc 'set -euo pipefail; rm -f /data/work/.hdt-build-00000.time; if [[ -x /usr/bin/time ]] && /usr/bin/time --version >/dev/null 2>&1; then /usr/bin/time -v -o /data/work/.hdt-build-00000.time -- bash -lc '"'"'set -euo pipefail; rm -f /data/work/chunk-00000.hdt; HDT_BIN="${RDF2HDT_BIN:-$(command -v rdf2hdt || true)}"; if [[ -z "$HDT_BIN" ]]; then for candidate in /usr/local/bin/rdf2hdt /opt/hdt-cpp/bin/rdf2hdt; do [[ -x "$candidate" ]] && HDT_BIN="$candidate" && break; done; fi; if [[ -z "$HDT_BIN" || ! -x "$HDT_BIN" ]]; then echo "Missing rdf2hdt binary in container" >&2; exit 127; fi; "$HDT_BIN" /data/work/nt_chunks/chunk-00000.nt /data/work/chunk-00000.hdt'"'"'; else { time -p bash -lc '"'"'set -euo pipefail; rm -f /data/work/chunk-00000.hdt; HDT_BIN="${RDF2HDT_BIN:-$(command -v rdf2hdt || true)}"; if [[ -z "$HDT_BIN" ]]; then for candidate in /usr/local/bin/rdf2hdt /opt/hdt-cpp/bin/rdf2hdt; do [[ -x "$candidate" ]] && HDT_BIN="$candidate" && break; done; fi; if [[ -z "$HDT_BIN" || ! -x "$HDT_BIN" ]]; then echo "Missing rdf2hdt binary in container" >&2; exit 127; fi; "$HDT_BIN" /data/work/nt_chunks/chunk-00000.nt /data/work/chunk-00000.hdt'"'"'; } > /data/work/.hdt-build-00000.time 2>&1; fi'
[exit 0]

[2026-08-17T20:03:34] $ docker run --rm --user 1000:1000 -v /home/ubuntu/vcf-rdfizer-expts/vcf-rdfizer-testing/testing-results/0GOOR_HG002/.hdt_partitioned:/data/work -v /home/ubuntu/vcf-rdfizer-expts/vcf-rdfizer-testing/testing-results/0GOOR_HG002:/data/out ecrum19/vcf-rdfizer:latest bash -lc 'set -euo pipefail; rm -f /data/work/.hdt-build-00001.time; if [[ -x /usr/bin/time ]] && /usr/bin/time --version >/dev/null 2>&1; then /usr/bin/time -v -o /data/work/.hdt-build-00001.time -- bash -lc '"'"'set -euo pipefail; rm -f /data/work/chunk-00001.hdt; HDT_BIN="${RDF2HDT_BIN:-$(command -v rdf2hdt || true)}"; if [[ -z "$HDT_BIN" ]]; then for candidate in /usr/local/bin/rdf2hdt /opt/hdt-cpp/bin/rdf2hdt; do [[ -x "$candidate" ]] && HDT_BIN="$candidate" && break; done; fi; if [[ -z "$HDT_BIN" || ! -x "$HDT_BIN" ]]; then echo "Missing rdf2hdt binary in container" >&2; exit 127; fi; "$HDT_BIN" /data/work/nt_chunks/chunk-00001.nt /data/work/chunk-00001.hdt'"'"'; else { time -p bash -lc '"'"'set -euo pipefail; rm -f /data/work/chunk-00001.hdt; HDT_BIN="${RDF2HDT_BIN:-$(command -v rdf2hdt || true)}"; if [[ -z "$HDT_BIN" ]]; then for candidate in /usr/local/bin/rdf2hdt /opt/hdt-cpp/bin/rdf2hdt; do [[ -x "$candidate" ]] && HDT_BIN="$candidate" && break; done; fi; if [[ -z "$HDT_BIN" || ! -x "$HDT_BIN" ]]; then echo "Missing rdf2hdt binary in container" >&2; exit 127; fi; "$HDT_BIN" /data/work/nt_chunks/chunk-00001.nt /data/work/chunk-00001.hdt'"'"'; } > /data/work/.hdt-build-00001.time 2>&1; fi'
[exit 0]

[2026-08-17T20:08:06] $ docker run --rm --user 1000:1000 -v /home/ubuntu/vcf-rdfizer-expts/vcf-rdfizer-testing/testing-results/0GOOR_HG002/.hdt_partitioned:/data/work -v /home/ubuntu/vcf-rdfizer-expts/vcf-rdfizer-testing/testing-results/0GOOR_HG002:/data/out ecrum19/vcf-rdfizer:latest bash -lc 'set -euo pipefail; rm -f /data/work/.hdt-build-00002.time; if [[ -x /usr/bin/time ]] && /usr/bin/time --version >/dev/null 2>&1; then /usr/bin/time -v -o /data/work/.hdt-build-00002.time -- bash -lc '"'"'set -euo pipefail; rm -f /data/work/chunk-00002.hdt; HDT_BIN="${RDF2HDT_BIN:-$(command -v rdf2hdt || true)}"; if [[ -z "$HDT_BIN" ]]; then for candidate in /usr/local/bin/rdf2hdt /opt/hdt-cpp/bin/rdf2hdt; do [[ -x "$candidate" ]] && HDT_BIN="$candidate" && break; done; fi; if [[ -z "$HDT_BIN" || ! -x "$HDT_BIN" ]]; then echo "Missing rdf2hdt binary in container" >&2; exit 127; fi; "$HDT_BIN" /data/work/nt_chunks/chunk-00002.nt /data/work/chunk-00002.hdt'"'"'; else { time -p bash -lc '"'"'set -euo pipefail; rm -f /data/work/chunk-00002.hdt; HDT_BIN="${RDF2HDT_BIN:-$(command -v rdf2hdt || true)}"; if [[ -z "$HDT_BIN" ]]; then for candidate in /usr/local/bin/rdf2hdt /opt/hdt-cpp/bin/rdf2hdt; do [[ -x "$candidate" ]] && HDT_BIN="$candidate" && break; done; fi; if [[ -z "$HDT_BIN" || ! -x "$HDT_BIN" ]]; then echo "Missing rdf2hdt binary in container" >&2; exit 127; fi; "$HDT_BIN" /data/work/nt_chunks/chunk-00002.nt /data/work/chunk-00002.hdt'"'"'; } > /data/work/.hdt-build-00002.time 2>&1; fi'
[exit 0]

[2026-08-17T20:12:48] $ docker run --rm --user 1000:1000 -v /home/ubuntu/vcf-rdfizer-expts/vcf-rdfizer-testing/testing-results/0GOOR_HG002/.hdt_partitioned:/data/work -v /home/ubuntu/vcf-rdfizer-expts/vcf-rdfizer-testing/testing-results/0GOOR_HG002:/data/out ecrum19/vcf-rdfizer:latest bash -lc 'set -euo pipefail; rm -f /data/work/.hdt-build-00003.time; if [[ -x /usr/bin/time ]] && /usr/bin/time --version >/dev/null 2>&1; then /usr/bin/time -v -o /data/work/.hdt-build-00003.time -- bash -lc '"'"'set -euo pipefail; rm -f /data/work/chunk-00003.hdt; HDT_BIN="${RDF2HDT_BIN:-$(command -v rdf2hdt || true)}"; if [[ -z "$HDT_BIN" ]]; then for candidate in /usr/local/bin/rdf2hdt /opt/hdt-cpp/bin/rdf2hdt; do [[ -x "$candidate" ]] && HDT_BIN="$candidate" && break; done; fi; if [[ -z "$HDT_BIN" || ! -x "$HDT_BIN" ]]; then echo "Missing rdf2hdt binary in container" >&2; exit 127; fi; "$HDT_BIN" /data/work/nt_chunks/chunk-00003.nt /data/work/chunk-00003.hdt'"'"'; else { time -p bash -lc '"'"'set -euo pipefail; rm -f /data/work/chunk-00003.hdt; HDT_BIN="${RDF2HDT_BIN:-$(command -v rdf2hdt || true)}"; if [[ -z "$HDT_BIN" ]]; then for candidate in /usr/local/bin/rdf2hdt /opt/hdt-cpp/bin/rdf2hdt; do [[ -x "$candidate" ]] && HDT_BIN="$candidate" && break; done; fi; if [[ -z "$HDT_BIN" || ! -x "$HDT_BIN" ]]; then echo "Missing rdf2hdt binary in container" >&2; exit 127; fi; "$HDT_BIN" /data/work/nt_chunks/chunk-00003.nt /data/work/chunk-00003.hdt'"'"'; } > /data/work/.hdt-build-00003.time 2>&1; fi'
[exit 0]

[2026-08-17T20:19:08] $ docker run --rm --user 1000:1000 -v /home/ubuntu/vcf-rdfizer-expts/vcf-rdfizer-testing/testing-results/0GOOR_HG002/.hdt_partitioned:/data/work -v /home/ubuntu/vcf-rdfizer-expts/vcf-rdfizer-testing/testing-results/0GOOR_HG002:/data/out ecrum19/vcf-rdfizer:latest bash -lc 'set -euo pipefail; rm -f /data/work/.hdt-build-00004.time; if [[ -x /usr/bin/time ]] && /usr/bin/time --version >/dev/null 2>&1; then /usr/bin/time -v -o /data/work/.hdt-build-00004.time -- bash -lc '"'"'set -euo pipefail; rm -f /data/work/chunk-00004.hdt; HDT_BIN="${RDF2HDT_BIN:-$(command -v rdf2hdt || true)}"; if [[ -z "$HDT_BIN" ]]; then for candidate in /usr/local/bin/rdf2hdt /opt/hdt-cpp/bin/rdf2hdt; do [[ -x "$candidate" ]] && HDT_BIN="$candidate" && break; done; fi; if [[ -z "$HDT_BIN" || ! -x "$HDT_BIN" ]]; then echo "Missing rdf2hdt binary in container" >&2; exit 127; fi; "$HDT_BIN" /data/work/nt_chunks/chunk-00004.nt /data/work/chunk-00004.hdt'"'"'; else { time -p bash -lc '"'"'set -euo pipefail; rm -f /data/work/chunk-00004.hdt; HDT_BIN="${RDF2HDT_BIN:-$(command -v rdf2hdt || true)}"; if [[ -z "$HDT_BIN" ]]; then for candidate in /usr/local/bin/rdf2hdt /opt/hdt-cpp/bin/rdf2hdt; do [[ -x "$candidate" ]] && HDT_BIN="$candidate" && break; done; fi; if [[ -z "$HDT_BIN" || ! -x "$HDT_BIN" ]]; then echo "Missing rdf2hdt binary in container" >&2; exit 127; fi; "$HDT_BIN" /data/work/nt_chunks/chunk-00004.nt /data/work/chunk-00004.hdt'"'"'; } > /data/work/.hdt-build-00004.time 2>&1; fi'
[exit 0]

[2026-08-17T20:25:38] $ docker run --rm --user 1000:1000 -v /home/ubuntu/vcf-rdfizer-expts/vcf-rdfizer-testing/testing-results/0GOOR_HG002/.hdt_partitioned:/data/work -v /home/ubuntu/vcf-rdfizer-expts/vcf-rdfizer-testing/testing-results/0GOOR_HG002:/data/out ecrum19/vcf-rdfizer:latest bash -lc 'set -euo pipefail; rm -f /data/work/.hdt-build-00005.time; if [[ -x /usr/bin/time ]] && /usr/bin/time --version >/dev/null 2>&1; then /usr/bin/time -v -o /data/work/.hdt-build-00005.time -- bash -lc '"'"'set -euo pipefail; rm -f /data/work/chunk-00005.hdt; HDT_BIN="${RDF2HDT_BIN:-$(command -v rdf2hdt || true)}"; if [[ -z "$HDT_BIN" ]]; then for candidate in /usr/local/bin/rdf2hdt /opt/hdt-cpp/bin/rdf2hdt; do [[ -x "$candidate" ]] && HDT_BIN="$candidate" && break; done; fi; if [[ -z "$HDT_BIN" || ! -x "$HDT_BIN" ]]; then echo "Missing rdf2hdt binary in container" >&2; exit 127; fi; "$HDT_BIN" /data/work/nt_chunks/chunk-00005.nt /data/work/chunk-00005.hdt'"'"'; else { time -p bash -lc '"'"'set -euo pipefail; rm -f /data/work/chunk-00005.hdt; HDT_BIN="${RDF2HDT_BIN:-$(command -v rdf2hdt || true)}"; if [[ -z "$HDT_BIN" ]]; then for candidate in /usr/local/bin/rdf2hdt /opt/hdt-cpp/bin/rdf2hdt; do [[ -x "$candidate" ]] && HDT_BIN="$candidate" && break; done; fi; if [[ -z "$HDT_BIN" || ! -x "$HDT_BIN" ]]; then echo "Missing rdf2hdt binary in container" >&2; exit 127; fi; "$HDT_BIN" /data/work/nt_chunks/chunk-00005.nt /data/work/chunk-00005.hdt'"'"'; } > /data/work/.hdt-build-00005.time 2>&1; fi'
[exit 0]

[2026-08-17T20:27:17] $ docker run --rm --user 1000:1000 -v /home/ubuntu/vcf-rdfizer-expts/vcf-rdfizer-testing/testing-results/0GOOR_HG002/.hdt_partitioned:/data/work -v /home/ubuntu/vcf-rdfizer-expts/vcf-rdfizer-testing/testing-results/0GOOR_HG002:/data/out ecrum19/vcf-rdfizer:latest bash -lc 'set -euo pipefail; rm -f /data/work/.hdt-build-00006.time; if [[ -x /usr/bin/time ]] && /usr/bin/time --version >/dev/null 2>&1; then /usr/bin/time -v -o /data/work/.hdt-build-00006.time -- bash -lc '"'"'set -euo pipefail; rm -f /data/work/chunk-00006.hdt; HDT_BIN="${RDF2HDT_BIN:-$(command -v rdf2hdt || true)}"; if [[ -z "$HDT_BIN" ]]; then for candidate in /usr/local/bin/rdf2hdt /opt/hdt-cpp/bin/rdf2hdt; do [[ -x "$candidate" ]] && HDT_BIN="$candidate" && break; done; fi; if [[ -z "$HDT_BIN" || ! -x "$HDT_BIN" ]]; then echo "Missing rdf2hdt binary in container" >&2; exit 127; fi; "$HDT_BIN" /data/work/nt_chunks/chunk-00006.nt /data/work/chunk-00006.hdt'"'"'; else { time -p bash -lc '"'"'set -euo pipefail; rm -f /data/work/chunk-00006.hdt; HDT_BIN="${RDF2HDT_BIN:-$(command -v rdf2hdt || true)}"; if [[ -z "$HDT_BIN" ]]; then for candidate in /usr/local/bin/rdf2hdt /opt/hdt-cpp/bin/rdf2hdt; do [[ -x "$candidate" ]] && HDT_BIN="$candidate" && break; done; fi; if [[ -z "$HDT_BIN" || ! -x "$HDT_BIN" ]]; then echo "Missing rdf2hdt binary in container" >&2; exit 127; fi; "$HDT_BIN" /data/work/nt_chunks/chunk-00006.nt /data/work/chunk-00006.hdt'"'"'; } > /data/work/.hdt-build-00006.time 2>&1; fi'
[exit 0]

[2026-08-17T20:28:57] $ docker run --rm --user 1000:1000 -v /home/ubuntu/vcf-rdfizer-expts/vcf-rdfizer-testing/testing-results/0GOOR_HG002/.hdt_partitioned:/data/work -v /home/ubuntu/vcf-rdfizer-expts/vcf-rdfizer-testing/testing-results/0GOOR_HG002:/data/out ecrum19/vcf-rdfizer:latest bash -lc 'set -euo pipefail; rm -f /data/work/.hdt-build-00007.time; if [[ -x /usr/bin/time ]] && /usr/bin/time --version >/dev/null 2>&1; then /usr/bin/time -v -o /data/work/.hdt-build-00007.time -- bash -lc '"'"'set -euo pipefail; rm -f /data/work/chunk-00007.hdt; HDT_BIN="${RDF2HDT_BIN:-$(command -v rdf2hdt || true)}"; if [[ -z "$HDT_BIN" ]]; then for candidate in /usr/local/bin/rdf2hdt /opt/hdt-cpp/bin/rdf2hdt; do [[ -x "$candidate" ]] && HDT_BIN="$candidate" && break; done; fi; if [[ -z "$HDT_BIN" || ! -x "$HDT_BIN" ]]; then echo "Missing rdf2hdt binary in container" >&2; exit 127; fi; "$HDT_BIN" /data/work/nt_chunks/chunk-00007.nt /data/work/chunk-00007.hdt'"'"'; else { time -p bash -lc '"'"'set -euo pipefail; rm -f /data/work/chunk-00007.hdt; HDT_BIN="${RDF2HDT_BIN:-$(command -v rdf2hdt || true)}"; if [[ -z "$HDT_BIN" ]]; then for candidate in /usr/local/bin/rdf2hdt /opt/hdt-cpp/bin/rdf2hdt; do [[ -x "$candidate" ]] && HDT_BIN="$candidate" && break; done; fi; if [[ -z "$HDT_BIN" || ! -x "$HDT_BIN" ]]; then echo "Missing rdf2hdt binary in container" >&2; exit 127; fi; "$HDT_BIN" /data/work/nt_chunks/chunk-00007.nt /data/work/chunk-00007.hdt'"'"'; } > /data/work/.hdt-build-00007.time 2>&1; fi'
[exit 0]

[2026-08-17T20:30:42] $ docker run --rm --user 1000:1000 -v /home/ubuntu/vcf-rdfizer-expts/vcf-rdfizer-testing/testing-results/0GOOR_HG002/.hdt_partitioned:/data/work -v /home/ubuntu/vcf-rdfizer-expts/vcf-rdfizer-testing/testing-results/0GOOR_HG002:/data/out ecrum19/vcf-rdfizer:latest bash -lc 'set -euo pipefail; rm -f /data/work/.hdt-build-00008.time; if [[ -x /usr/bin/time ]] && /usr/bin/time --version >/dev/null 2>&1; then /usr/bin/time -v -o /data/work/.hdt-build-00008.time -- bash -lc '"'"'set -euo pipefail; rm -f /data/work/chunk-00008.hdt; HDT_BIN="${RDF2HDT_BIN:-$(command -v rdf2hdt || true)}"; if [[ -z "$HDT_BIN" ]]; then for candidate in /usr/local/bin/rdf2hdt /opt/hdt-cpp/bin/rdf2hdt; do [[ -x "$candidate" ]] && HDT_BIN="$candidate" && break; done; fi; if [[ -z "$HDT_BIN" || ! -x "$HDT_BIN" ]]; then echo "Missing rdf2hdt binary in container" >&2; exit 127; fi; "$HDT_BIN" /data/work/nt_chunks/chunk-00008.nt /data/work/chunk-00008.hdt'"'"'; else { time -p bash -lc '"'"'set -euo pipefail; rm -f /data/work/chunk-00008.hdt; HDT_BIN="${RDF2HDT_BIN:-$(command -v rdf2hdt || true)}"; if [[ -z "$HDT_BIN" ]]; then for candidate in /usr/local/bin/rdf2hdt /opt/hdt-cpp/bin/rdf2hdt; do [[ -x "$candidate" ]] && HDT_BIN="$candidate" && break; done; fi; if [[ -z "$HDT_BIN" || ! -x "$HDT_BIN" ]]; then echo "Missing rdf2hdt binary in container" >&2; exit 127; fi; "$HDT_BIN" /data/work/nt_chunks/chunk-00008.nt /data/work/chunk-00008.hdt'"'"'; } > /data/work/.hdt-build-00008.time 2>&1; fi'
[exit 0]

[2026-08-17T20:32:24] $ docker run --rm --user 1000:1000 -v /home/ubuntu/vcf-rdfizer-expts/vcf-rdfizer-testing/testing-results/0GOOR_HG002/.hdt_partitioned:/data/work -v /home/ubuntu/vcf-rdfizer-expts/vcf-rdfizer-testing/testing-results/0GOOR_HG002:/data/out ecrum19/vcf-rdfizer:latest bash -lc 'set -euo pipefail; rm -f /data/work/.hdt-build-00009.time; if [[ -x /usr/bin/time ]] && /usr/bin/time --version >/dev/null 2>&1; then /usr/bin/time -v -o /data/work/.hdt-build-00009.time -- bash -lc '"'"'set -euo pipefail; rm -f /data/work/chunk-00009.hdt; HDT_BIN="${RDF2HDT_BIN:-$(command -v rdf2hdt || true)}"; if [[ -z "$HDT_BIN" ]]; then for candidate in /usr/local/bin/rdf2hdt /opt/hdt-cpp/bin/rdf2hdt; do [[ -x "$candidate" ]] && HDT_BIN="$candidate" && break; done; fi; if [[ -z "$HDT_BIN" || ! -x "$HDT_BIN" ]]; then echo "Missing rdf2hdt binary in container" >&2; exit 127; fi; "$HDT_BIN" /data/work/nt_chunks/chunk-00009.nt /data/work/chunk-00009.hdt'"'"'; else { time -p bash -lc '"'"'set -euo pipefail; rm -f /data/work/chunk-00009.hdt; HDT_BIN="${RDF2HDT_BIN:-$(command -v rdf2hdt || true)}"; if [[ -z "$HDT_BIN" ]]; then for candidate in /usr/local/bin/rdf2hdt /opt/hdt-cpp/bin/rdf2hdt; do [[ -x "$candidate" ]] && HDT_BIN="$candidate" && break; done; fi; if [[ -z "$HDT_BIN" || ! -x "$HDT_BIN" ]]; then echo "Missing rdf2hdt binary in container" >&2; exit 127; fi; "$HDT_BIN" /data/work/nt_chunks/chunk-00009.nt /data/work/chunk-00009.hdt'"'"'; } > /data/work/.hdt-build-00009.time 2>&1; fi'
[exit 0]

[2026-08-17T20:34:10] $ docker run --rm --user 1000:1000 -v /home/ubuntu/vcf-rdfizer-expts/vcf-rdfizer-testing/testing-results/0GOOR_HG002/.hdt_partitioned:/data/work -v /home/ubuntu/vcf-rdfizer-expts/vcf-rdfizer-testing/testing-results/0GOOR_HG002:/data/out ecrum19/vcf-rdfizer:latest bash -lc 'set -euo pipefail; rm -f /data/work/.hdt-build-00010.time; if [[ -x /usr/bin/time ]] && /usr/bin/time --version >/dev/null 2>&1; then /usr/bin/time -v -o /data/work/.hdt-build-00010.time -- bash -lc '"'"'set -euo pipefail; rm -f /data/work/chunk-00010.hdt; HDT_BIN="${RDF2HDT_BIN:-$(command -v rdf2hdt || true)}"; if [[ -z "$HDT_BIN" ]]; then for candidate in /usr/local/bin/rdf2hdt /opt/hdt-cpp/bin/rdf2hdt; do [[ -x "$candidate" ]] && HDT_BIN="$candidate" && break; done; fi; if [[ -z "$HDT_BIN" || ! -x "$HDT_BIN" ]]; then echo "Missing rdf2hdt binary in container" >&2; exit 127; fi; "$HDT_BIN" /data/work/nt_chunks/chunk-00010.nt /data/work/chunk-00010.hdt'"'"'; else { time -p bash -lc '"'"'set -euo pipefail; rm -f /data/work/chunk-00010.hdt; HDT_BIN="${RDF2HDT_BIN:-$(command -v rdf2hdt || true)}"; if [[ -z "$HDT_BIN" ]]; then for candidate in /usr/local/bin/rdf2hdt /opt/hdt-cpp/bin/rdf2hdt; do [[ -x "$candidate" ]] && HDT_BIN="$candidate" && break; done; fi; if [[ -z "$HDT_BIN" || ! -x "$HDT_BIN" ]]; then echo "Missing rdf2hdt binary in container" >&2; exit 127; fi; "$HDT_BIN" /data/work/nt_chunks/chunk-00010.nt /data/work/chunk-00010.hdt'"'"'; } > /data/work/.hdt-build-00010.time 2>&1; fi'
[exit 0]

[2026-08-17T20:35:52] $ docker run --rm --user 1000:1000 -v /home/ubuntu/vcf-rdfizer-expts/vcf-rdfizer-testing/testing-results/0GOOR_HG002/.hdt_partitioned:/data/work -v /home/ubuntu/vcf-rdfizer-expts/vcf-rdfizer-testing/testing-results/0GOOR_HG002:/data/out ecrum19/vcf-rdfizer:latest bash -lc 'set -euo pipefail; rm -f /data/work/.hdt-build-00011.time; if [[ -x /usr/bin/time ]] && /usr/bin/time --version >/dev/null 2>&1; then /usr/bin/time -v -o /data/work/.hdt-build-00011.time -- bash -lc '"'"'set -euo pipefail; rm -f /data/work/chunk-00011.hdt; HDT_BIN="${RDF2HDT_BIN:-$(command -v rdf2hdt || true)}"; if [[ -z "$HDT_BIN" ]]; then for candidate in /usr/local/bin/rdf2hdt /opt/hdt-cpp/bin/rdf2hdt; do [[ -x "$candidate" ]] && HDT_BIN="$candidate" && break; done; fi; if [[ -z "$HDT_BIN" || ! -x "$HDT_BIN" ]]; then echo "Missing rdf2hdt binary in container" >&2; exit 127; fi; "$HDT_BIN" /data/work/nt_chunks/chunk-00011.nt /data/work/chunk-00011.hdt'"'"'; else { time -p bash -lc '"'"'set -euo pipefail; rm -f /data/work/chunk-00011.hdt; HDT_BIN="${RDF2HDT_BIN:-$(command -v rdf2hdt || true)}"; if [[ -z "$HDT_BIN" ]]; then for candidate in /usr/local/bin/rdf2hdt /opt/hdt-cpp/bin/rdf2hdt; do [[ -x "$candidate" ]] && HDT_BIN="$candidate" && break; done; fi; if [[ -z "$HDT_BIN" || ! -x "$HDT_BIN" ]]; then echo "Missing rdf2hdt binary in container" >&2; exit 127; fi; "$HDT_BIN" /data/work/nt_chunks/chunk-00011.nt /data/work/chunk-00011.hdt'"'"'; } > /data/work/.hdt-build-00011.time 2>&1; fi'
[exit 0]

[2026-08-17T20:42:42] $ docker run --rm --user 1000:1000 -v /home/ubuntu/vcf-rdfizer-expts/vcf-rdfizer-testing/testing-results/0GOOR_HG002/.hdt_partitioned:/data/work -v /home/ubuntu/vcf-rdfizer-expts/vcf-rdfizer-testing/testing-results/0GOOR_HG002:/data/out ecrum19/vcf-rdfizer:latest bash -lc 'set -euo pipefail; rm -f /data/work/.hdt-build-00012.time; if [[ -x /usr/bin/time ]] && /usr/bin/time --version >/dev/null 2>&1; then /usr/bin/time -v -o /data/work/.hdt-build-00012.time -- bash -lc '"'"'set -euo pipefail; rm -f /data/work/chunk-00012.hdt; HDT_BIN="${RDF2HDT_BIN:-$(command -v rdf2hdt || true)}"; if [[ -z "$HDT_BIN" ]]; then for candidate in /usr/local/bin/rdf2hdt /opt/hdt-cpp/bin/rdf2hdt; do [[ -x "$candidate" ]] && HDT_BIN="$candidate" && break; done; fi; if [[ -z "$HDT_BIN" || ! -x "$HDT_BIN" ]]; then echo "Missing rdf2hdt binary in container" >&2; exit 127; fi; "$HDT_BIN" /data/work/nt_chunks/chunk-00012.nt /data/work/chunk-00012.hdt'"'"'; else { time -p bash -lc '"'"'set -euo pipefail; rm -f /data/work/chunk-00012.hdt; HDT_BIN="${RDF2HDT_BIN:-$(command -v rdf2hdt || true)}"; if [[ -z "$HDT_BIN" ]]; then for candidate in /usr/local/bin/rdf2hdt /opt/hdt-cpp/bin/rdf2hdt; do [[ -x "$candidate" ]] && HDT_BIN="$candidate" && break; done; fi; if [[ -z "$HDT_BIN" || ! -x "$HDT_BIN" ]]; then echo "Missing rdf2hdt binary in container" >&2; exit 127; fi; "$HDT_BIN" /data/work/nt_chunks/chunk-00012.nt /data/work/chunk-00012.hdt'"'"'; } > /data/work/.hdt-build-00012.time 2>&1; fi'
[exit 0]

[2026-08-17T20:45:55] $ docker run --rm --user 1000:1000 -v /home/ubuntu/vcf-rdfizer-expts/vcf-rdfizer-testing/testing-results/0GOOR_HG002/.hdt_partitioned:/data/work -v /home/ubuntu/vcf-rdfizer-expts/vcf-rdfizer-testing/testing-results/0GOOR_HG002:/data/out ecrum19/vcf-rdfizer:latest bash -lc 'set -euo pipefail; rm -f /data/work/.hdt-build-00013.time; if [[ -x /usr/bin/time ]] && /usr/bin/time --version >/dev/null 2>&1; then /usr/bin/time -v -o /data/work/.hdt-build-00013.time -- bash -lc '"'"'set -euo pipefail; rm -f /data/work/chunk-00013.hdt; HDT_BIN="${RDF2HDT_BIN:-$(command -v rdf2hdt || true)}"; if [[ -z "$HDT_BIN" ]]; then for candidate in /usr/local/bin/rdf2hdt /opt/hdt-cpp/bin/rdf2hdt; do [[ -x "$candidate" ]] && HDT_BIN="$candidate" && break; done; fi; if [[ -z "$HDT_BIN" || ! -x "$HDT_BIN" ]]; then echo "Missing rdf2hdt binary in container" >&2; exit 127; fi; "$HDT_BIN" /data/work/nt_chunks/chunk-00013.nt /data/work/chunk-00013.hdt'"'"'; else { time -p bash -lc '"'"'set -euo pipefail; rm -f /data/work/chunk-00013.hdt; HDT_BIN="${RDF2HDT_BIN:-$(command -v rdf2hdt || true)}"; if [[ -z "$HDT_BIN" ]]; then for candidate in /usr/local/bin/rdf2hdt /opt/hdt-cpp/bin/rdf2hdt; do [[ -x "$candidate" ]] && HDT_BIN="$candidate" && break; done; fi; if [[ -z "$HDT_BIN" || ! -x "$HDT_BIN" ]]; then echo "Missing rdf2hdt binary in container" >&2; exit 127; fi; "$HDT_BIN" /data/work/nt_chunks/chunk-00013.nt /data/work/chunk-00013.hdt'"'"'; } > /data/work/.hdt-build-00013.time 2>&1; fi'
[exit 0]

[2026-08-17T20:50:23] $ docker run --rm --user 1000:1000 -v /home/ubuntu/vcf-rdfizer-expts/vcf-rdfizer-testing/testing-results/0GOOR_HG002/.hdt_partitioned:/data/work -v /home/ubuntu/vcf-rdfizer-expts/vcf-rdfizer-testing/testing-results/0GOOR_HG002:/data/out ecrum19/vcf-rdfizer:latest bash -lc 'set -euo pipefail; rm -f /data/work/.hdt-build-00014.time; if [[ -x /usr/bin/time ]] && /usr/bin/time --version >/dev/null 2>&1; then /usr/bin/time -v -o /data/work/.hdt-build-00014.time -- bash -lc '"'"'set -euo pipefail; rm -f /data/work/chunk-00014.hdt; HDT_BIN="${RDF2HDT_BIN:-$(command -v rdf2hdt || true)}"; if [[ -z "$HDT_BIN" ]]; then for candidate in /usr/local/bin/rdf2hdt /opt/hdt-cpp/bin/rdf2hdt; do [[ -x "$candidate" ]] && HDT_BIN="$candidate" && break; done; fi; if [[ -z "$HDT_BIN" || ! -x "$HDT_BIN" ]]; then echo "Missing rdf2hdt binary in container" >&2; exit 127; fi; "$HDT_BIN" /data/work/nt_chunks/chunk-00014.nt /data/work/chunk-00014.hdt'"'"'; else { time -p bash -lc '"'"'set -euo pipefail; rm -f /data/work/chunk-00014.hdt; HDT_BIN="${RDF2HDT_BIN:-$(command -v rdf2hdt || true)}"; if [[ -z "$HDT_BIN" ]]; then for candidate in /usr/local/bin/rdf2hdt /opt/hdt-cpp/bin/rdf2hdt; do [[ -x "$candidate" ]] && HDT_BIN="$candidate" && break; done; fi; if [[ -z "$HDT_BIN" || ! -x "$HDT_BIN" ]]; then echo "Missing rdf2hdt binary in container" >&2; exit 127; fi; "$HDT_BIN" /data/work/nt_chunks/chunk-00014.nt /data/work/chunk-00014.hdt'"'"'; } > /data/work/.hdt-build-00014.time 2>&1; fi'
[exit 0]

[2026-08-17T20:54:59] $ docker run --rm --user 1000:1000 -v /home/ubuntu/vcf-rdfizer-expts/vcf-rdfizer-testing/testing-results/0GOOR_HG002/.hdt_partitioned:/data/work -v /home/ubuntu/vcf-rdfizer-expts/vcf-rdfizer-testing/testing-results/0GOOR_HG002:/data/out ecrum19/vcf-rdfizer:latest bash -lc 'set -euo pipefail; rm -f /data/work/.hdt-build-00015.time; if [[ -x /usr/bin/time ]] && /usr/bin/time --version >/dev/null 2>&1; then /usr/bin/time -v -o /data/work/.hdt-build-00015.time -- bash -lc '"'"'set -euo pipefail; rm -f /data/work/chunk-00015.hdt; HDT_BIN="${RDF2HDT_BIN:-$(command -v rdf2hdt || true)}"; if [[ -z "$HDT_BIN" ]]; then for candidate in /usr/local/bin/rdf2hdt /opt/hdt-cpp/bin/rdf2hdt; do [[ -x "$candidate" ]] && HDT_BIN="$candidate" && break; done; fi; if [[ -z "$HDT_BIN" || ! -x "$HDT_BIN" ]]; then echo "Missing rdf2hdt binary in container" >&2; exit 127; fi; "$HDT_BIN" /data/work/nt_chunks/chunk-00015.nt /data/work/chunk-00015.hdt'"'"'; else { time -p bash -lc '"'"'set -euo pipefail; rm -f /data/work/chunk-00015.hdt; HDT_BIN="${RDF2HDT_BIN:-$(command -v rdf2hdt || true)}"; if [[ -z "$HDT_BIN" ]]; then for candidate in /usr/local/bin/rdf2hdt /opt/hdt-cpp/bin/rdf2hdt; do [[ -x "$candidate" ]] && HDT_BIN="$candidate" && break; done; fi; if [[ -z "$HDT_BIN" || ! -x "$HDT_BIN" ]]; then echo "Missing rdf2hdt binary in container" >&2; exit 127; fi; "$HDT_BIN" /data/work/nt_chunks/chunk-00015.nt /data/work/chunk-00015.hdt'"'"'; } > /data/work/.hdt-build-00015.time 2>&1; fi'
[exit 0]

[2026-08-17T20:59:23] $ docker run --rm --user 1000:1000 -v /home/ubuntu/vcf-rdfizer-expts/vcf-rdfizer-testing/testing-results/0GOOR_HG002/.hdt_partitioned:/data/work -v /home/ubuntu/vcf-rdfizer-expts/vcf-rdfizer-testing/testing-results/0GOOR_HG002:/data/out ecrum19/vcf-rdfizer:latest bash -lc 'set -euo pipefail; rm -f /data/work/.hdt-build-00016.time; if [[ -x /usr/bin/time ]] && /usr/bin/time --version >/dev/null 2>&1; then /usr/bin/time -v -o /data/work/.hdt-build-00016.time -- bash -lc '"'"'set -euo pipefail; rm -f /data/work/chunk-00016.hdt; HDT_BIN="${RDF2HDT_BIN:-$(command -v rdf2hdt || true)}"; if [[ -z "$HDT_BIN" ]]; then for candidate in /usr/local/bin/rdf2hdt /opt/hdt-cpp/bin/rdf2hdt; do [[ -x "$candidate" ]] && HDT_BIN="$candidate" && break; done; fi; if [[ -z "$HDT_BIN" || ! -x "$HDT_BIN" ]]; then echo "Missing rdf2hdt binary in container" >&2; exit 127; fi; "$HDT_BIN" /data/work/nt_chunks/chunk-00016.nt /data/work/chunk-00016.hdt'"'"'; else { time -p bash -lc '"'"'set -euo pipefail; rm -f /data/work/chunk-00016.hdt; HDT_BIN="${RDF2HDT_BIN:-$(command -v rdf2hdt || true)}"; if [[ -z "$HDT_BIN" ]]; then for candidate in /usr/local/bin/rdf2hdt /opt/hdt-cpp/bin/rdf2hdt; do [[ -x "$candidate" ]] && HDT_BIN="$candidate" && break; done; fi; if [[ -z "$HDT_BIN" || ! -x "$HDT_BIN" ]]; then echo "Missing rdf2hdt binary in container" >&2; exit 127; fi; "$HDT_BIN" /data/work/nt_chunks/chunk-00016.nt /data/work/chunk-00016.hdt'"'"'; } > /data/work/.hdt-build-00016.time 2>&1; fi'
[exit 0]

[2026-08-17T21:03:45] $ docker run --rm --user 1000:1000 -v /home/ubuntu/vcf-rdfizer-expts/vcf-rdfizer-testing/testing-results/0GOOR_HG002/.hdt_partitioned:/data/work -v /home/ubuntu/vcf-rdfizer-expts/vcf-rdfizer-testing/testing-results/0GOOR_HG002:/data/out ecrum19/vcf-rdfizer:latest bash -lc 'set -euo pipefail; rm -f /data/work/.hdt-build-00017.time; if [[ -x /usr/bin/time ]] && /usr/bin/time --version >/dev/null 2>&1; then /usr/bin/time -v -o /data/work/.hdt-build-00017.time -- bash -lc '"'"'set -euo pipefail; rm -f /data/work/chunk-00017.hdt; HDT_BIN="${RDF2HDT_BIN:-$(command -v rdf2hdt || true)}"; if [[ -z "$HDT_BIN" ]]; then for candidate in /usr/local/bin/rdf2hdt /opt/hdt-cpp/bin/rdf2hdt; do [[ -x "$candidate" ]] && HDT_BIN="$candidate" && break; done; fi; if [[ -z "$HDT_BIN" || ! -x "$HDT_BIN" ]]; then echo "Missing rdf2hdt binary in container" >&2; exit 127; fi; "$HDT_BIN" /data/work/nt_chunks/chunk-00017.nt /data/work/chunk-00017.hdt'"'"'; else { time -p bash -lc '"'"'set -euo pipefail; rm -f /data/work/chunk-00017.hdt; HDT_BIN="${RDF2HDT_BIN:-$(command -v rdf2hdt || true)}"; if [[ -z "$HDT_BIN" ]]; then for candidate in /usr/local/bin/rdf2hdt /opt/hdt-cpp/bin/rdf2hdt; do [[ -x "$candidate" ]] && HDT_BIN="$candidate" && break; done; fi; if [[ -z "$HDT_BIN" || ! -x "$HDT_BIN" ]]; then echo "Missing rdf2hdt binary in container" >&2; exit 127; fi; "$HDT_BIN" /data/work/nt_chunks/chunk-00017.nt /data/work/chunk-00017.hdt'"'"'; } > /data/work/.hdt-build-00017.time 2>&1; fi'
[exit 0]

[2026-08-17T21:05:33] $ docker run --rm --user 1000:1000 -v /home/ubuntu/vcf-rdfizer-expts/vcf-rdfizer-testing/testing-results/0GOOR_HG002/.hdt_partitioned:/data/work -v /home/ubuntu/vcf-rdfizer-expts/vcf-rdfizer-testing/testing-results/0GOOR_HG002:/data/out ecrum19/vcf-rdfizer:latest bash -lc 'set -euo pipefail; rm -f /data/work/.hdt-build-00018.time; if [[ -x /usr/bin/time ]] && /usr/bin/time --version >/dev/null 2>&1; then /usr/bin/time -v -o /data/work/.hdt-build-00018.time -- bash -lc '"'"'set -euo pipefail; rm -f /data/work/chunk-00018.hdt; HDT_BIN="${RDF2HDT_BIN:-$(command -v rdf2hdt || true)}"; if [[ -z "$HDT_BIN" ]]; then for candidate in /usr/local/bin/rdf2hdt /opt/hdt-cpp/bin/rdf2hdt; do [[ -x "$candidate" ]] && HDT_BIN="$candidate" && break; done; fi; if [[ -z "$HDT_BIN" || ! -x "$HDT_BIN" ]]; then echo "Missing rdf2hdt binary in container" >&2; exit 127; fi; "$HDT_BIN" /data/work/nt_chunks/chunk-00018.nt /data/work/chunk-00018.hdt'"'"'; else { time -p bash -lc '"'"'set -euo pipefail; rm -f /data/work/chunk-00018.hdt; HDT_BIN="${RDF2HDT_BIN:-$(command -v rdf2hdt || true)}"; if [[ -z "$HDT_BIN" ]]; then for candidate in /usr/local/bin/rdf2hdt /opt/hdt-cpp/bin/rdf2hdt; do [[ -x "$candidate" ]] && HDT_BIN="$candidate" && break; done; fi; if [[ -z "$HDT_BIN" || ! -x "$HDT_BIN" ]]; then echo "Missing rdf2hdt binary in container" >&2; exit 127; fi; "$HDT_BIN" /data/work/nt_chunks/chunk-00018.nt /data/work/chunk-00018.hdt'"'"'; } > /data/work/.hdt-build-00018.time 2>&1; fi'
[exit 0]

[2026-08-17T21:07:28] $ docker run --rm --user 1000:1000 -v /home/ubuntu/vcf-rdfizer-expts/vcf-rdfizer-testing/testing-results/0GOOR_HG002/.hdt_partitioned:/data/work -v /home/ubuntu/vcf-rdfizer-expts/vcf-rdfizer-testing/testing-results/0GOOR_HG002:/data/out ecrum19/vcf-rdfizer:latest bash -lc 'set -euo pipefail; rm -f /data/work/.hdt-build-00019.time; if [[ -x /usr/bin/time ]] && /usr/bin/time --version >/dev/null 2>&1; then /usr/bin/time -v -o /data/work/.hdt-build-00019.time -- bash -lc '"'"'set -euo pipefail; rm -f /data/work/chunk-00019.hdt; HDT_BIN="${RDF2HDT_BIN:-$(command -v rdf2hdt || true)}"; if [[ -z "$HDT_BIN" ]]; then for candidate in /usr/local/bin/rdf2hdt /opt/hdt-cpp/bin/rdf2hdt; do [[ -x "$candidate" ]] && HDT_BIN="$candidate" && break; done; fi; if [[ -z "$HDT_BIN" || ! -x "$HDT_BIN" ]]; then echo "Missing rdf2hdt binary in container" >&2; exit 127; fi; "$HDT_BIN" /data/work/nt_chunks/chunk-00019.nt /data/work/chunk-00019.hdt'"'"'; else { time -p bash -lc '"'"'set -euo pipefail; rm -f /data/work/chunk-00019.hdt; HDT_BIN="${RDF2HDT_BIN:-$(command -v rdf2hdt || true)}"; if [[ -z "$HDT_BIN" ]]; then for candidate in /usr/local/bin/rdf2hdt /opt/hdt-cpp/bin/rdf2hdt; do [[ -x "$candidate" ]] && HDT_BIN="$candidate" && break; done; fi; if [[ -z "$HDT_BIN" || ! -x "$HDT_BIN" ]]; then echo "Missing rdf2hdt binary in container" >&2; exit 127; fi; "$HDT_BIN" /data/work/nt_chunks/chunk-00019.nt /data/work/chunk-00019.hdt'"'"'; } > /data/work/.hdt-build-00019.time 2>&1; fi'
[exit 0]

[2026-08-17T21:09:19] $ docker run --rm --user 1000:1000 -v /home/ubuntu/vcf-rdfizer-expts/vcf-rdfizer-testing/testing-results/0GOOR_HG002/.hdt_partitioned:/data/work -v /home/ubuntu/vcf-rdfizer-expts/vcf-rdfizer-testing/testing-results/0GOOR_HG002:/data/out ecrum19/vcf-rdfizer:latest bash -lc 'set -euo pipefail; rm -f /data/work/.hdt-build-00020.time; if [[ -x /usr/bin/time ]] && /usr/bin/time --version >/dev/null 2>&1; then /usr/bin/time -v -o /data/work/.hdt-build-00020.time -- bash -lc '"'"'set -euo pipefail; rm -f /data/work/chunk-00020.hdt; HDT_BIN="${RDF2HDT_BIN:-$(command -v rdf2hdt || true)}"; if [[ -z "$HDT_BIN" ]]; then for candidate in /usr/local/bin/rdf2hdt /opt/hdt-cpp/bin/rdf2hdt; do [[ -x "$candidate" ]] && HDT_BIN="$candidate" && break; done; fi; if [[ -z "$HDT_BIN" || ! -x "$HDT_BIN" ]]; then echo "Missing rdf2hdt binary in container" >&2; exit 127; fi; "$HDT_BIN" /data/work/nt_chunks/chunk-00020.nt /data/work/chunk-00020.hdt'"'"'; else { time -p bash -lc '"'"'set -euo pipefail; rm -f /data/work/chunk-00020.hdt; HDT_BIN="${RDF2HDT_BIN:-$(command -v rdf2hdt || true)}"; if [[ -z "$HDT_BIN" ]]; then for candidate in /usr/local/bin/rdf2hdt /opt/hdt-cpp/bin/rdf2hdt; do [[ -x "$candidate" ]] && HDT_BIN="$candidate" && break; done; fi; if [[ -z "$HDT_BIN" || ! -x "$HDT_BIN" ]]; then echo "Missing rdf2hdt binary in container" >&2; exit 127; fi; "$HDT_BIN" /data/work/nt_chunks/chunk-00020.nt /data/work/chunk-00020.hdt'"'"'; } > /data/work/.hdt-build-00020.time 2>&1; fi'
[exit 0]

[2026-08-17T21:11:00] $ docker run --rm --user 1000:1000 -v /home/ubuntu/vcf-rdfizer-expts/vcf-rdfizer-testing/testing-results/0GOOR_HG002/.hdt_partitioned:/data/work -v /home/ubuntu/vcf-rdfizer-expts/vcf-rdfizer-testing/testing-results/0GOOR_HG002:/data/out ecrum19/vcf-rdfizer:latest bash -lc 'set -euo pipefail; rm -f /data/work/.hdt-build-00021.time; if [[ -x /usr/bin/time ]] && /usr/bin/time --version >/dev/null 2>&1; then /usr/bin/time -v -o /data/work/.hdt-build-00021.time -- bash -lc '"'"'set -euo pipefail; rm -f /data/work/chunk-00021.hdt; HDT_BIN="${RDF2HDT_BIN:-$(command -v rdf2hdt || true)}"; if [[ -z "$HDT_BIN" ]]; then for candidate in /usr/local/bin/rdf2hdt /opt/hdt-cpp/bin/rdf2hdt; do [[ -x "$candidate" ]] && HDT_BIN="$candidate" && break; done; fi; if [[ -z "$HDT_BIN" || ! -x "$HDT_BIN" ]]; then echo "Missing rdf2hdt binary in container" >&2; exit 127; fi; "$HDT_BIN" /data/work/nt_chunks/chunk-00021.nt /data/work/chunk-00021.hdt'"'"'; else { time -p bash -lc '"'"'set -euo pipefail; rm -f /data/work/chunk-00021.hdt; HDT_BIN="${RDF2HDT_BIN:-$(command -v rdf2hdt || true)}"; if [[ -z "$HDT_BIN" ]]; then for candidate in /usr/local/bin/rdf2hdt /opt/hdt-cpp/bin/rdf2hdt; do [[ -x "$candidate" ]] && HDT_BIN="$candidate" && break; done; fi; if [[ -z "$HDT_BIN" || ! -x "$HDT_BIN" ]]; then echo "Missing rdf2hdt binary in container" >&2; exit 127; fi; "$HDT_BIN" /data/work/nt_chunks/chunk-00021.nt /data/work/chunk-00021.hdt'"'"'; } > /data/work/.hdt-build-00021.time 2>&1; fi'
[exit 0]

[2026-08-17T21:12:43] $ docker run --rm --user 1000:1000 -v /home/ubuntu/vcf-rdfizer-expts/vcf-rdfizer-testing/testing-results/0GOOR_HG002/.hdt_partitioned:/data/work -v /home/ubuntu/vcf-rdfizer-expts/vcf-rdfizer-testing/testing-results/0GOOR_HG002:/data/out ecrum19/vcf-rdfizer:latest bash -lc 'set -euo pipefail; rm -f /data/work/.hdt-build-00022.time; if [[ -x /usr/bin/time ]] && /usr/bin/time --version >/dev/null 2>&1; then /usr/bin/time -v -o /data/work/.hdt-build-00022.time -- bash -lc '"'"'set -euo pipefail; rm -f /data/work/chunk-00022.hdt; HDT_BIN="${RDF2HDT_BIN:-$(command -v rdf2hdt || true)}"; if [[ -z "$HDT_BIN" ]]; then for candidate in /usr/local/bin/rdf2hdt /opt/hdt-cpp/bin/rdf2hdt; do [[ -x "$candidate" ]] && HDT_BIN="$candidate" && break; done; fi; if [[ -z "$HDT_BIN" || ! -x "$HDT_BIN" ]]; then echo "Missing rdf2hdt binary in container" >&2; exit 127; fi; "$HDT_BIN" /data/work/nt_chunks/chunk-00022.nt /data/work/chunk-00022.hdt'"'"'; else { time -p bash -lc '"'"'set -euo pipefail; rm -f /data/work/chunk-00022.hdt; HDT_BIN="${RDF2HDT_BIN:-$(command -v rdf2hdt || true)}"; if [[ -z "$HDT_BIN" ]]; then for candidate in /usr/local/bin/rdf2hdt /opt/hdt-cpp/bin/rdf2hdt; do [[ -x "$candidate" ]] && HDT_BIN="$candidate" && break; done; fi; if [[ -z "$HDT_BIN" || ! -x "$HDT_BIN" ]]; then echo "Missing rdf2hdt binary in container" >&2; exit 127; fi; "$HDT_BIN" /data/work/nt_chunks/chunk-00022.nt /data/work/chunk-00022.hdt'"'"'; } > /data/work/.hdt-build-00022.time 2>&1; fi'
[exit 0]

[2026-08-17T21:14:27] $ docker run --rm --user 1000:1000 -v /home/ubuntu/vcf-rdfizer-expts/vcf-rdfizer-testing/testing-results/0GOOR_HG002/.hdt_partitioned:/data/work -v /home/ubuntu/vcf-rdfizer-expts/vcf-rdfizer-testing/testing-results/0GOOR_HG002:/data/out ecrum19/vcf-rdfizer:latest bash -lc 'set -euo pipefail; rm -f /data/work/.hdt-build-00023.time; if [[ -x /usr/bin/time ]] && /usr/bin/time --version >/dev/null 2>&1; then /usr/bin/time -v -o /data/work/.hdt-build-00023.time -- bash -lc '"'"'set -euo pipefail; rm -f /data/work/chunk-00023.hdt; HDT_BIN="${RDF2HDT_BIN:-$(command -v rdf2hdt || true)}"; if [[ -z "$HDT_BIN" ]]; then for candidate in /usr/local/bin/rdf2hdt /opt/hdt-cpp/bin/rdf2hdt; do [[ -x "$candidate" ]] && HDT_BIN="$candidate" && break; done; fi; if [[ -z "$HDT_BIN" || ! -x "$HDT_BIN" ]]; then echo "Missing rdf2hdt binary in container" >&2; exit 127; fi; "$HDT_BIN" /data/work/nt_chunks/chunk-00023.nt /data/work/chunk-00023.hdt'"'"'; else { time -p bash -lc '"'"'set -euo pipefail; rm -f /data/work/chunk-00023.hdt; HDT_BIN="${RDF2HDT_BIN:-$(command -v rdf2hdt || true)}"; if [[ -z "$HDT_BIN" ]]; then for candidate in /usr/local/bin/rdf2hdt /opt/hdt-cpp/bin/rdf2hdt; do [[ -x "$candidate" ]] && HDT_BIN="$candidate" && break; done; fi; if [[ -z "$HDT_BIN" || ! -x "$HDT_BIN" ]]; then echo "Missing rdf2hdt binary in container" >&2; exit 127; fi; "$HDT_BIN" /data/work/nt_chunks/chunk-00023.nt /data/work/chunk-00023.hdt'"'"'; } > /data/work/.hdt-build-00023.time 2>&1; fi'
[exit 0]

[2026-08-17T21:21:30] $ docker run --rm --user 1000:1000 -v /home/ubuntu/vcf-rdfizer-expts/vcf-rdfizer-testing/testing-results/0GOOR_HG002/.hdt_partitioned:/data/work -v /home/ubuntu/vcf-rdfizer-expts/vcf-rdfizer-testing/testing-results/0GOOR_HG002:/data/out ecrum19/vcf-rdfizer:latest bash -lc 'set -euo pipefail; rm -f /data/work/.hdt-build-00024.time; if [[ -x /usr/bin/time ]] && /usr/bin/time --version >/dev/null 2>&1; then /usr/bin/time -v -o /data/work/.hdt-build-00024.time -- bash -lc '"'"'set -euo pipefail; rm -f /data/work/chunk-00024.hdt; HDT_BIN="${RDF2HDT_BIN:-$(command -v rdf2hdt || true)}"; if [[ -z "$HDT_BIN" ]]; then for candidate in /usr/local/bin/rdf2hdt /opt/hdt-cpp/bin/rdf2hdt; do [[ -x "$candidate" ]] && HDT_BIN="$candidate" && break; done; fi; if [[ -z "$HDT_BIN" || ! -x "$HDT_BIN" ]]; then echo "Missing rdf2hdt binary in container" >&2; exit 127; fi; "$HDT_BIN" /data/work/nt_chunks/chunk-00024.nt /data/work/chunk-00024.hdt'"'"'; else { time -p bash -lc '"'"'set -euo pipefail; rm -f /data/work/chunk-00024.hdt; HDT_BIN="${RDF2HDT_BIN:-$(command -v rdf2hdt || true)}"; if [[ -z "$HDT_BIN" ]]; then for candidate in /usr/local/bin/rdf2hdt /opt/hdt-cpp/bin/rdf2hdt; do [[ -x "$candidate" ]] && HDT_BIN="$candidate" && break; done; fi; if [[ -z "$HDT_BIN" || ! -x "$HDT_BIN" ]]; then echo "Missing rdf2hdt binary in container" >&2; exit 127; fi; "$HDT_BIN" /data/work/nt_chunks/chunk-00024.nt /data/work/chunk-00024.hdt'"'"'; } > /data/work/.hdt-build-00024.time 2>&1; fi'
[exit 0]

[2026-08-17T21:27:56] $ docker run --rm --user 1000:1000 -v /home/ubuntu/vcf-rdfizer-expts/vcf-rdfizer-testing/testing-results/0GOOR_HG002/.hdt_partitioned:/data/work -v /home/ubuntu/vcf-rdfizer-expts/vcf-rdfizer-testing/testing-results/0GOOR_HG002:/data/out ecrum19/vcf-rdfizer:latest bash -lc 'set -euo pipefail; rm -f /data/work/.hdt-build-00025.time; if [[ -x /usr/bin/time ]] && /usr/bin/time --version >/dev/null 2>&1; then /usr/bin/time -v -o /data/work/.hdt-build-00025.time -- bash -lc '"'"'set -euo pipefail; rm -f /data/work/chunk-00025.hdt; HDT_BIN="${RDF2HDT_BIN:-$(command -v rdf2hdt || true)}"; if [[ -z "$HDT_BIN" ]]; then for candidate in /usr/local/bin/rdf2hdt /opt/hdt-cpp/bin/rdf2hdt; do [[ -x "$candidate" ]] && HDT_BIN="$candidate" && break; done; fi; if [[ -z "$HDT_BIN" || ! -x "$HDT_BIN" ]]; then echo "Missing rdf2hdt binary in container" >&2; exit 127; fi; "$HDT_BIN" /data/work/nt_chunks/chunk-00025.nt /data/work/chunk-00025.hdt'"'"'; else { time -p bash -lc '"'"'set -euo pipefail; rm -f /data/work/chunk-00025.hdt; HDT_BIN="${RDF2HDT_BIN:-$(command -v rdf2hdt || true)}"; if [[ -z "$HDT_BIN" ]]; then for candidate in /usr/local/bin/rdf2hdt /opt/hdt-cpp/bin/rdf2hdt; do [[ -x "$candidate" ]] && HDT_BIN="$candidate" && break; done; fi; if [[ -z "$HDT_BIN" || ! -x "$HDT_BIN" ]]; then echo "Missing rdf2hdt binary in container" >&2; exit 127; fi; "$HDT_BIN" /data/work/nt_chunks/chunk-00025.nt /data/work/chunk-00025.hdt'"'"'; } > /data/work/.hdt-build-00025.time 2>&1; fi'
[exit 0]

[2026-08-17T21:32:08] $ docker run --rm --user 1000:1000 -v /home/ubuntu/vcf-rdfizer-expts/vcf-rdfizer-testing/testing-results/0GOOR_HG002/.hdt_partitioned:/data/work -v /home/ubuntu/vcf-rdfizer-expts/vcf-rdfizer-testing/testing-results/0GOOR_HG002:/data/out ecrum19/vcf-rdfizer:latest bash -lc 'set -euo pipefail; rm -f /data/work/.hdt-build-00026.time; if [[ -x /usr/bin/time ]] && /usr/bin/time --version >/dev/null 2>&1; then /usr/bin/time -v -o /data/work/.hdt-build-00026.time -- bash -lc '"'"'set -euo pipefail; rm -f /data/work/chunk-00026.hdt; HDT_BIN="${RDF2HDT_BIN:-$(command -v rdf2hdt || true)}"; if [[ -z "$HDT_BIN" ]]; then for candidate in /usr/local/bin/rdf2hdt /opt/hdt-cpp/bin/rdf2hdt; do [[ -x "$candidate" ]] && HDT_BIN="$candidate" && break; done; fi; if [[ -z "$HDT_BIN" || ! -x "$HDT_BIN" ]]; then echo "Missing rdf2hdt binary in container" >&2; exit 127; fi; "$HDT_BIN" /data/work/nt_chunks/chunk-00026.nt /data/work/chunk-00026.hdt'"'"'; else { time -p bash -lc '"'"'set -euo pipefail; rm -f /data/work/chunk-00026.hdt; HDT_BIN="${RDF2HDT_BIN:-$(command -v rdf2hdt || true)}"; if [[ -z "$HDT_BIN" ]]; then for candidate in /usr/local/bin/rdf2hdt /opt/hdt-cpp/bin/rdf2hdt; do [[ -x "$candidate" ]] && HDT_BIN="$candidate" && break; done; fi; if [[ -z "$HDT_BIN" || ! -x "$HDT_BIN" ]]; then echo "Missing rdf2hdt binary in container" >&2; exit 127; fi; "$HDT_BIN" /data/work/nt_chunks/chunk-00026.nt /data/work/chunk-00026.hdt'"'"'; } > /data/work/.hdt-build-00026.time 2>&1; fi'
[exit 0]

[2026-08-17T21:37:07] $ docker run --rm --user 1000:1000 -v /home/ubuntu/vcf-rdfizer-expts/vcf-rdfizer-testing/testing-results/0GOOR_HG002/.hdt_partitioned:/data/work -v /home/ubuntu/vcf-rdfizer-expts/vcf-rdfizer-testing/testing-results/0GOOR_HG002:/data/out ecrum19/vcf-rdfizer:latest bash -lc 'set -euo pipefail; rm -f /data/work/.hdt-build-00027.time; if [[ -x /usr/bin/time ]] && /usr/bin/time --version >/dev/null 2>&1; then /usr/bin/time -v -o /data/work/.hdt-build-00027.time -- bash -lc '"'"'set -euo pipefail; rm -f /data/work/chunk-00027.hdt; HDT_BIN="${RDF2HDT_BIN:-$(command -v rdf2hdt || true)}"; if [[ -z "$HDT_BIN" ]]; then for candidate in /usr/local/bin/rdf2hdt /opt/hdt-cpp/bin/rdf2hdt; do [[ -x "$candidate" ]] && HDT_BIN="$candidate" && break; done; fi; if [[ -z "$HDT_BIN" || ! -x "$HDT_BIN" ]]; then echo "Missing rdf2hdt binary in container" >&2; exit 127; fi; "$HDT_BIN" /data/work/nt_chunks/chunk-00027.nt /data/work/chunk-00027.hdt'"'"'; else { time -p bash -lc '"'"'set -euo pipefail; rm -f /data/work/chunk-00027.hdt; HDT_BIN="${RDF2HDT_BIN:-$(command -v rdf2hdt || true)}"; if [[ -z "$HDT_BIN" ]]; then for candidate in /usr/local/bin/rdf2hdt /opt/hdt-cpp/bin/rdf2hdt; do [[ -x "$candidate" ]] && HDT_BIN="$candidate" && break; done; fi; if [[ -z "$HDT_BIN" || ! -x "$HDT_BIN" ]]; then echo "Missing rdf2hdt binary in container" >&2; exit 127; fi; "$HDT_BIN" /data/work/nt_chunks/chunk-00027.nt /data/work/chunk-00027.hdt'"'"'; } > /data/work/.hdt-build-00027.time 2>&1; fi'
[exit 0]

[2026-08-17T21:43:46] $ docker run --rm --user 1000:1000 -v /home/ubuntu/vcf-rdfizer-expts/vcf-rdfizer-testing/testing-results/0GOOR_HG002/.hdt_partitioned:/data/work -v /home/ubuntu/vcf-rdfizer-expts/vcf-rdfizer-testing/testing-results/0GOOR_HG002:/data/out ecrum19/vcf-rdfizer:latest bash -lc 'set -euo pipefail; rm -f /data/work/.hdt-build-00028.time; if [[ -x /usr/bin/time ]] && /usr/bin/time --version >/dev/null 2>&1; then /usr/bin/time -v -o /data/work/.hdt-build-00028.time -- bash -lc '"'"'set -euo pipefail; rm -f /data/work/chunk-00028.hdt; HDT_BIN="${RDF2HDT_BIN:-$(command -v rdf2hdt || true)}"; if [[ -z "$HDT_BIN" ]]; then for candidate in /usr/local/bin/rdf2hdt /opt/hdt-cpp/bin/rdf2hdt; do [[ -x "$candidate" ]] && HDT_BIN="$candidate" && break; done; fi; if [[ -z "$HDT_BIN" || ! -x "$HDT_BIN" ]]; then echo "Missing rdf2hdt binary in container" >&2; exit 127; fi; "$HDT_BIN" /data/work/nt_chunks/chunk-00028.nt /data/work/chunk-00028.hdt'"'"'; else { time -p bash -lc '"'"'set -euo pipefail; rm -f /data/work/chunk-00028.hdt; HDT_BIN="${RDF2HDT_BIN:-$(command -v rdf2hdt || true)}"; if [[ -z "$HDT_BIN" ]]; then for candidate in /usr/local/bin/rdf2hdt /opt/hdt-cpp/bin/rdf2hdt; do [[ -x "$candidate" ]] && HDT_BIN="$candidate" && break; done; fi; if [[ -z "$HDT_BIN" || ! -x "$HDT_BIN" ]]; then echo "Missing rdf2hdt binary in container" >&2; exit 127; fi; "$HDT_BIN" /data/work/nt_chunks/chunk-00028.nt /data/work/chunk-00028.hdt'"'"'; } > /data/work/.hdt-build-00028.time 2>&1; fi'
[exit 0]

[2026-08-17T21:50:45] $ docker run --rm --user 1000:1000 -v /home/ubuntu/vcf-rdfizer-expts/vcf-rdfizer-testing/testing-results/0GOOR_HG002/.hdt_partitioned:/data/work -v /home/ubuntu/vcf-rdfizer-expts/vcf-rdfizer-testing/testing-results/0GOOR_HG002:/data/out ecrum19/vcf-rdfizer:latest bash -lc 'set -euo pipefail; rm -f /data/work/.hdt-build-00029.time; if [[ -x /usr/bin/time ]] && /usr/bin/time --version >/dev/null 2>&1; then /usr/bin/time -v -o /data/work/.hdt-build-00029.time -- bash -lc '"'"'set -euo pipefail; rm -f /data/work/chunk-00029.hdt; HDT_BIN="${RDF2HDT_BIN:-$(command -v rdf2hdt || true)}"; if [[ -z "$HDT_BIN" ]]; then for candidate in /usr/local/bin/rdf2hdt /opt/hdt-cpp/bin/rdf2hdt; do [[ -x "$candidate" ]] && HDT_BIN="$candidate" && break; done; fi; if [[ -z "$HDT_BIN" || ! -x "$HDT_BIN" ]]; then echo "Missing rdf2hdt binary in container" >&2; exit 127; fi; "$HDT_BIN" /data/work/nt_chunks/chunk-00029.nt /data/work/chunk-00029.hdt'"'"'; else { time -p bash -lc '"'"'set -euo pipefail; rm -f /data/work/chunk-00029.hdt; HDT_BIN="${RDF2HDT_BIN:-$(command -v rdf2hdt || true)}"; if [[ -z "$HDT_BIN" ]]; then for candidate in /usr/local/bin/rdf2hdt /opt/hdt-cpp/bin/rdf2hdt; do [[ -x "$candidate" ]] && HDT_BIN="$candidate" && break; done; fi; if [[ -z "$HDT_BIN" || ! -x "$HDT_BIN" ]]; then echo "Missing rdf2hdt binary in container" >&2; exit 127; fi; "$HDT_BIN" /data/work/nt_chunks/chunk-00029.nt /data/work/chunk-00029.hdt'"'"'; } > /data/work/.hdt-build-00029.time 2>&1; fi'
[exit 0]

[2026-08-17T21:52:37] $ docker run --rm --user 1000:1000 -v /home/ubuntu/vcf-rdfizer-expts/vcf-rdfizer-testing/testing-results/0GOOR_HG002/.hdt_partitioned:/data/work -v /home/ubuntu/vcf-rdfizer-expts/vcf-rdfizer-testing/testing-results/0GOOR_HG002:/data/out ecrum19/vcf-rdfizer:latest bash -lc 'set -euo pipefail; rm -f /data/work/.hdt-build-00030.time; if [[ -x /usr/bin/time ]] && /usr/bin/time --version >/dev/null 2>&1; then /usr/bin/time -v -o /data/work/.hdt-build-00030.time -- bash -lc '"'"'set -euo pipefail; rm -f /data/work/chunk-00030.hdt; HDT_BIN="${RDF2HDT_BIN:-$(command -v rdf2hdt || true)}"; if [[ -z "$HDT_BIN" ]]; then for candidate in /usr/local/bin/rdf2hdt /opt/hdt-cpp/bin/rdf2hdt; do [[ -x "$candidate" ]] && HDT_BIN="$candidate" && break; done; fi; if [[ -z "$HDT_BIN" || ! -x "$HDT_BIN" ]]; then echo "Missing rdf2hdt binary in container" >&2; exit 127; fi; "$HDT_BIN" /data/work/nt_chunks/chunk-00030.nt /data/work/chunk-00030.hdt'"'"'; else { time -p bash -lc '"'"'set -euo pipefail; rm -f /data/work/chunk-00030.hdt; HDT_BIN="${RDF2HDT_BIN:-$(command -v rdf2hdt || true)}"; if [[ -z "$HDT_BIN" ]]; then for candidate in /usr/local/bin/rdf2hdt /opt/hdt-cpp/bin/rdf2hdt; do [[ -x "$candidate" ]] && HDT_BIN="$candidate" && break; done; fi; if [[ -z "$HDT_BIN" || ! -x "$HDT_BIN" ]]; then echo "Missing rdf2hdt binary in container" >&2; exit 127; fi; "$HDT_BIN" /data/work/nt_chunks/chunk-00030.nt /data/work/chunk-00030.hdt'"'"'; } > /data/work/.hdt-build-00030.time 2>&1; fi'
[exit 0]

[2026-08-17T21:54:30] $ docker run --rm --user 1000:1000 -v /home/ubuntu/vcf-rdfizer-expts/vcf-rdfizer-testing/testing-results/0GOOR_HG002/.hdt_partitioned:/data/work -v /home/ubuntu/vcf-rdfizer-expts/vcf-rdfizer-testing/testing-results/0GOOR_HG002:/data/out ecrum19/vcf-rdfizer:latest bash -lc 'set -euo pipefail; rm -f /data/work/.hdt-build-00031.time; if [[ -x /usr/bin/time ]] && /usr/bin/time --version >/dev/null 2>&1; then /usr/bin/time -v -o /data/work/.hdt-build-00031.time -- bash -lc '"'"'set -euo pipefail; rm -f /data/work/chunk-00031.hdt; HDT_BIN="${RDF2HDT_BIN:-$(command -v rdf2hdt || true)}"; if [[ -z "$HDT_BIN" ]]; then for candidate in /usr/local/bin/rdf2hdt /opt/hdt-cpp/bin/rdf2hdt; do [[ -x "$candidate" ]] && HDT_BIN="$candidate" && break; done; fi; if [[ -z "$HDT_BIN" || ! -x "$HDT_BIN" ]]; then echo "Missing rdf2hdt binary in container" >&2; exit 127; fi; "$HDT_BIN" /data/work/nt_chunks/chunk-00031.nt /data/work/chunk-00031.hdt'"'"'; else { time -p bash -lc '"'"'set -euo pipefail; rm -f /data/work/chunk-00031.hdt; HDT_BIN="${RDF2HDT_BIN:-$(command -v rdf2hdt || true)}"; if [[ -z "$HDT_BIN" ]]; then for candidate in /usr/local/bin/rdf2hdt /opt/hdt-cpp/bin/rdf2hdt; do [[ -x "$candidate" ]] && HDT_BIN="$candidate" && break; done; fi; if [[ -z "$HDT_BIN" || ! -x "$HDT_BIN" ]]; then echo "Missing rdf2hdt binary in container" >&2; exit 127; fi; "$HDT_BIN" /data/work/nt_chunks/chunk-00031.nt /data/work/chunk-00031.hdt'"'"'; } > /data/work/.hdt-build-00031.time 2>&1; fi'
[exit 0]

[2026-08-17T21:56:29] $ docker run --rm --user 1000:1000 -v /home/ubuntu/vcf-rdfizer-expts/vcf-rdfizer-testing/testing-results/0GOOR_HG002/.hdt_partitioned:/data/work -v /home/ubuntu/vcf-rdfizer-expts/vcf-rdfizer-testing/testing-results/0GOOR_HG002:/data/out ecrum19/vcf-rdfizer:latest bash -lc 'set -euo pipefail; rm -f /data/work/.hdt-build-00032.time; if [[ -x /usr/bin/time ]] && /usr/bin/time --version >/dev/null 2>&1; then /usr/bin/time -v -o /data/work/.hdt-build-00032.time -- bash -lc '"'"'set -euo pipefail; rm -f /data/work/chunk-00032.hdt; HDT_BIN="${RDF2HDT_BIN:-$(command -v rdf2hdt || true)}"; if [[ -z "$HDT_BIN" ]]; then for candidate in /usr/local/bin/rdf2hdt /opt/hdt-cpp/bin/rdf2hdt; do [[ -x "$candidate" ]] && HDT_BIN="$candidate" && break; done; fi; if [[ -z "$HDT_BIN" || ! -x "$HDT_BIN" ]]; then echo "Missing rdf2hdt binary in container" >&2; exit 127; fi; "$HDT_BIN" /data/work/nt_chunks/chunk-00032.nt /data/work/chunk-00032.hdt'"'"'; else { time -p bash -lc '"'"'set -euo pipefail; rm -f /data/work/chunk-00032.hdt; HDT_BIN="${RDF2HDT_BIN:-$(command -v rdf2hdt || true)}"; if [[ -z "$HDT_BIN" ]]; then for candidate in /usr/local/bin/rdf2hdt /opt/hdt-cpp/bin/rdf2hdt; do [[ -x "$candidate" ]] && HDT_BIN="$candidate" && break; done; fi; if [[ -z "$HDT_BIN" || ! -x "$HDT_BIN" ]]; then echo "Missing rdf2hdt binary in container" >&2; exit 127; fi; "$HDT_BIN" /data/work/nt_chunks/chunk-00032.nt /data/work/chunk-00032.hdt'"'"'; } > /data/work/.hdt-build-00032.time 2>&1; fi'
[exit 0]

[2026-08-17T21:58:21] $ docker run --rm --user 1000:1000 -v /home/ubuntu/vcf-rdfizer-expts/vcf-rdfizer-testing/testing-results/0GOOR_HG002/.hdt_partitioned:/data/work -v /home/ubuntu/vcf-rdfizer-expts/vcf-rdfizer-testing/testing-results/0GOOR_HG002:/data/out ecrum19/vcf-rdfizer:latest bash -lc 'set -euo pipefail; rm -f /data/work/.hdt-build-00033.time; if [[ -x /usr/bin/time ]] && /usr/bin/time --version >/dev/null 2>&1; then /usr/bin/time -v -o /data/work/.hdt-build-00033.time -- bash -lc '"'"'set -euo pipefail; rm -f /data/work/chunk-00033.hdt; HDT_BIN="${RDF2HDT_BIN:-$(command -v rdf2hdt || true)}"; if [[ -z "$HDT_BIN" ]]; then for candidate in /usr/local/bin/rdf2hdt /opt/hdt-cpp/bin/rdf2hdt; do [[ -x "$candidate" ]] && HDT_BIN="$candidate" && break; done; fi; if [[ -z "$HDT_BIN" || ! -x "$HDT_BIN" ]]; then echo "Missing rdf2hdt binary in container" >&2; exit 127; fi; "$HDT_BIN" /data/work/nt_chunks/chunk-00033.nt /data/work/chunk-00033.hdt'"'"'; else { time -p bash -lc '"'"'set -euo pipefail; rm -f /data/work/chunk-00033.hdt; HDT_BIN="${RDF2HDT_BIN:-$(command -v rdf2hdt || true)}"; if [[ -z "$HDT_BIN" ]]; then for candidate in /usr/local/bin/rdf2hdt /opt/hdt-cpp/bin/rdf2hdt; do [[ -x "$candidate" ]] && HDT_BIN="$candidate" && break; done; fi; if [[ -z "$HDT_BIN" || ! -x "$HDT_BIN" ]]; then echo "Missing rdf2hdt binary in container" >&2; exit 127; fi; "$HDT_BIN" /data/work/nt_chunks/chunk-00033.nt /data/work/chunk-00033.hdt'"'"'; } > /data/work/.hdt-build-00033.time 2>&1; fi'
[exit 0]

[2026-08-17T22:00:10] $ docker run --rm --user 1000:1000 -v /home/ubuntu/vcf-rdfizer-expts/vcf-rdfizer-testing/testing-results/0GOOR_HG002/.hdt_partitioned:/data/work -v /home/ubuntu/vcf-rdfizer-expts/vcf-rdfizer-testing/testing-results/0GOOR_HG002:/data/out ecrum19/vcf-rdfizer:latest bash -lc 'set -euo pipefail; rm -f /data/work/.hdt-build-00034.time; if [[ -x /usr/bin/time ]] && /usr/bin/time --version >/dev/null 2>&1; then /usr/bin/time -v -o /data/work/.hdt-build-00034.time -- bash -lc '"'"'set -euo pipefail; rm -f /data/work/chunk-00034.hdt; HDT_BIN="${RDF2HDT_BIN:-$(command -v rdf2hdt || true)}"; if [[ -z "$HDT_BIN" ]]; then for candidate in /usr/local/bin/rdf2hdt /opt/hdt-cpp/bin/rdf2hdt; do [[ -x "$candidate" ]] && HDT_BIN="$candidate" && break; done; fi; if [[ -z "$HDT_BIN" || ! -x "$HDT_BIN" ]]; then echo "Missing rdf2hdt binary in container" >&2; exit 127; fi; "$HDT_BIN" /data/work/nt_chunks/chunk-00034.nt /data/work/chunk-00034.hdt'"'"'; else { time -p bash -lc '"'"'set -euo pipefail; rm -f /data/work/chunk-00034.hdt; HDT_BIN="${RDF2HDT_BIN:-$(command -v rdf2hdt || true)}"; if [[ -z "$HDT_BIN" ]]; then for candidate in /usr/local/bin/rdf2hdt /opt/hdt-cpp/bin/rdf2hdt; do [[ -x "$candidate" ]] && HDT_BIN="$candidate" && break; done; fi; if [[ -z "$HDT_BIN" || ! -x "$HDT_BIN" ]]; then echo "Missing rdf2hdt binary in container" >&2; exit 127; fi; "$HDT_BIN" /data/work/nt_chunks/chunk-00034.nt /data/work/chunk-00034.hdt'"'"'; } > /data/work/.hdt-build-00034.time 2>&1; fi'
[exit 0]

[2026-08-17T22:02:04] $ docker run --rm --user 1000:1000 -v /home/ubuntu/vcf-rdfizer-expts/vcf-rdfizer-testing/testing-results/0GOOR_HG002/.hdt_partitioned:/data/work -v /home/ubuntu/vcf-rdfizer-expts/vcf-rdfizer-testing/testing-results/0GOOR_HG002:/data/out ecrum19/vcf-rdfizer:latest bash -lc 'set -euo pipefail; rm -f /data/work/.hdt-build-00035.time; if [[ -x /usr/bin/time ]] && /usr/bin/time --version >/dev/null 2>&1; then /usr/bin/time -v -o /data/work/.hdt-build-00035.time -- bash -lc '"'"'set -euo pipefail; rm -f /data/work/chunk-00035.hdt; HDT_BIN="${RDF2HDT_BIN:-$(command -v rdf2hdt || true)}"; if [[ -z "$HDT_BIN" ]]; then for candidate in /usr/local/bin/rdf2hdt /opt/hdt-cpp/bin/rdf2hdt; do [[ -x "$candidate" ]] && HDT_BIN="$candidate" && break; done; fi; if [[ -z "$HDT_BIN" || ! -x "$HDT_BIN" ]]; then echo "Missing rdf2hdt binary in container" >&2; exit 127; fi; "$HDT_BIN" /data/work/nt_chunks/chunk-00035.nt /data/work/chunk-00035.hdt'"'"'; else { time -p bash -lc '"'"'set -euo pipefail; rm -f /data/work/chunk-00035.hdt; HDT_BIN="${RDF2HDT_BIN:-$(command -v rdf2hdt || true)}"; if [[ -z "$HDT_BIN" ]]; then for candidate in /usr/local/bin/rdf2hdt /opt/hdt-cpp/bin/rdf2hdt; do [[ -x "$candidate" ]] && HDT_BIN="$candidate" && break; done; fi; if [[ -z "$HDT_BIN" || ! -x "$HDT_BIN" ]]; then echo "Missing rdf2hdt binary in container" >&2; exit 127; fi; "$HDT_BIN" /data/work/nt_chunks/chunk-00035.nt /data/work/chunk-00035.hdt'"'"'; } > /data/work/.hdt-build-00035.time 2>&1; fi'
[exit 0]

[2026-08-17T22:08:56] $ docker run --rm --user 1000:1000 -v /home/ubuntu/vcf-rdfizer-expts/vcf-rdfizer-testing/testing-results/0GOOR_HG002/.hdt_partitioned:/data/work -v /home/ubuntu/vcf-rdfizer-expts/vcf-rdfizer-testing/testing-results/0GOOR_HG002:/data/out ecrum19/vcf-rdfizer:latest bash -lc 'set -euo pipefail; rm -f /data/work/.hdt-build-00036.time; if [[ -x /usr/bin/time ]] && /usr/bin/time --version >/dev/null 2>&1; then /usr/bin/time -v -o /data/work/.hdt-build-00036.time -- bash -lc '"'"'set -euo pipefail; rm -f /data/work/chunk-00036.hdt; HDT_BIN="${RDF2HDT_BIN:-$(command -v rdf2hdt || true)}"; if [[ -z "$HDT_BIN" ]]; then for candidate in /usr/local/bin/rdf2hdt /opt/hdt-cpp/bin/rdf2hdt; do [[ -x "$candidate" ]] && HDT_BIN="$candidate" && break; done; fi; if [[ -z "$HDT_BIN" || ! -x "$HDT_BIN" ]]; then echo "Missing rdf2hdt binary in container" >&2; exit 127; fi; "$HDT_BIN" /data/work/nt_chunks/chunk-00036.nt /data/work/chunk-00036.hdt'"'"'; else { time -p bash -lc '"'"'set -euo pipefail; rm -f /data/work/chunk-00036.hdt; HDT_BIN="${RDF2HDT_BIN:-$(command -v rdf2hdt || true)}"; if [[ -z "$HDT_BIN" ]]; then for candidate in /usr/local/bin/rdf2hdt /opt/hdt-cpp/bin/rdf2hdt; do [[ -x "$candidate" ]] && HDT_BIN="$candidate" && break; done; fi; if [[ -z "$HDT_BIN" || ! -x "$HDT_BIN" ]]; then echo "Missing rdf2hdt binary in container" >&2; exit 127; fi; "$HDT_BIN" /data/work/nt_chunks/chunk-00036.nt /data/work/chunk-00036.hdt'"'"'; } > /data/work/.hdt-build-00036.time 2>&1; fi'
[exit 0]

[2026-08-17T22:12:04] $ docker run --rm --user 1000:1000 -v /home/ubuntu/vcf-rdfizer-expts/vcf-rdfizer-testing/testing-results/0GOOR_HG002/.hdt_partitioned:/data/work -v /home/ubuntu/vcf-rdfizer-expts/vcf-rdfizer-testing/testing-results/0GOOR_HG002:/data/out ecrum19/vcf-rdfizer:latest bash -lc 'set -euo pipefail; rm -f /data/work/.hdt-build-00037.time; if [[ -x /usr/bin/time ]] && /usr/bin/time --version >/dev/null 2>&1; then /usr/bin/time -v -o /data/work/.hdt-build-00037.time -- bash -lc '"'"'set -euo pipefail; rm -f /data/work/chunk-00037.hdt; HDT_BIN="${RDF2HDT_BIN:-$(command -v rdf2hdt || true)}"; if [[ -z "$HDT_BIN" ]]; then for candidate in /usr/local/bin/rdf2hdt /opt/hdt-cpp/bin/rdf2hdt; do [[ -x "$candidate" ]] && HDT_BIN="$candidate" && break; done; fi; if [[ -z "$HDT_BIN" || ! -x "$HDT_BIN" ]]; then echo "Missing rdf2hdt binary in container" >&2; exit 127; fi; "$HDT_BIN" /data/work/nt_chunks/chunk-00037.nt /data/work/chunk-00037.hdt'"'"'; else { time -p bash -lc '"'"'set -euo pipefail; rm -f /data/work/chunk-00037.hdt; HDT_BIN="${RDF2HDT_BIN:-$(command -v rdf2hdt || true)}"; if [[ -z "$HDT_BIN" ]]; then for candidate in /usr/local/bin/rdf2hdt /opt/hdt-cpp/bin/rdf2hdt; do [[ -x "$candidate" ]] && HDT_BIN="$candidate" && break; done; fi; if [[ -z "$HDT_BIN" || ! -x "$HDT_BIN" ]]; then echo "Missing rdf2hdt binary in container" >&2; exit 127; fi; "$HDT_BIN" /data/work/nt_chunks/chunk-00037.nt /data/work/chunk-00037.hdt'"'"'; } > /data/work/.hdt-build-00037.time 2>&1; fi'
[exit 0]

[2026-08-17T22:16:16] $ docker run --rm --user 1000:1000 -v /home/ubuntu/vcf-rdfizer-expts/vcf-rdfizer-testing/testing-results/0GOOR_HG002/.hdt_partitioned:/data/work -v /home/ubuntu/vcf-rdfizer-expts/vcf-rdfizer-testing/testing-results/0GOOR_HG002:/data/out ecrum19/vcf-rdfizer:latest bash -lc 'set -euo pipefail; rm -f /data/work/.hdt-build-00038.time; if [[ -x /usr/bin/time ]] && /usr/bin/time --version >/dev/null 2>&1; then /usr/bin/time -v -o /data/work/.hdt-build-00038.time -- bash -lc '"'"'set -euo pipefail; rm -f /data/work/chunk-00038.hdt; HDT_BIN="${RDF2HDT_BIN:-$(command -v rdf2hdt || true)}"; if [[ -z "$HDT_BIN" ]]; then for candidate in /usr/local/bin/rdf2hdt /opt/hdt-cpp/bin/rdf2hdt; do [[ -x "$candidate" ]] && HDT_BIN="$candidate" && break; done; fi; if [[ -z "$HDT_BIN" || ! -x "$HDT_BIN" ]]; then echo "Missing rdf2hdt binary in container" >&2; exit 127; fi; "$HDT_BIN" /data/work/nt_chunks/chunk-00038.nt /data/work/chunk-00038.hdt'"'"'; else { time -p bash -lc '"'"'set -euo pipefail; rm -f /data/work/chunk-00038.hdt; HDT_BIN="${RDF2HDT_BIN:-$(command -v rdf2hdt || true)}"; if [[ -z "$HDT_BIN" ]]; then for candidate in /usr/local/bin/rdf2hdt /opt/hdt-cpp/bin/rdf2hdt; do [[ -x "$candidate" ]] && HDT_BIN="$candidate" && break; done; fi; if [[ -z "$HDT_BIN" || ! -x "$HDT_BIN" ]]; then echo "Missing rdf2hdt binary in container" >&2; exit 127; fi; "$HDT_BIN" /data/work/nt_chunks/chunk-00038.nt /data/work/chunk-00038.hdt'"'"'; } > /data/work/.hdt-build-00038.time 2>&1; fi'
[exit 0]

[2026-08-17T22:20:43] $ docker run --rm --user 1000:1000 -v /home/ubuntu/vcf-rdfizer-expts/vcf-rdfizer-testing/testing-results/0GOOR_HG002/.hdt_partitioned:/data/work -v /home/ubuntu/vcf-rdfizer-expts/vcf-rdfizer-testing/testing-results/0GOOR_HG002:/data/out ecrum19/vcf-rdfizer:latest bash -lc 'set -euo pipefail; rm -f /data/work/.hdt-build-00039.time; if [[ -x /usr/bin/time ]] && /usr/bin/time --version >/dev/null 2>&1; then /usr/bin/time -v -o /data/work/.hdt-build-00039.time -- bash -lc '"'"'set -euo pipefail; rm -f /data/work/chunk-00039.hdt; HDT_BIN="${RDF2HDT_BIN:-$(command -v rdf2hdt || true)}"; if [[ -z "$HDT_BIN" ]]; then for candidate in /usr/local/bin/rdf2hdt /opt/hdt-cpp/bin/rdf2hdt; do [[ -x "$candidate" ]] && HDT_BIN="$candidate" && break; done; fi; if [[ -z "$HDT_BIN" || ! -x "$HDT_BIN" ]]; then echo "Missing rdf2hdt binary in container" >&2; exit 127; fi; "$HDT_BIN" /data/work/nt_chunks/chunk-00039.nt /data/work/chunk-00039.hdt'"'"'; else { time -p bash -lc '"'"'set -euo pipefail; rm -f /data/work/chunk-00039.hdt; HDT_BIN="${RDF2HDT_BIN:-$(command -v rdf2hdt || true)}"; if [[ -z "$HDT_BIN" ]]; then for candidate in /usr/local/bin/rdf2hdt /opt/hdt-cpp/bin/rdf2hdt; do [[ -x "$candidate" ]] && HDT_BIN="$candidate" && break; done; fi; if [[ -z "$HDT_BIN" || ! -x "$HDT_BIN" ]]; then echo "Missing rdf2hdt binary in container" >&2; exit 127; fi; "$HDT_BIN" /data/work/nt_chunks/chunk-00039.nt /data/work/chunk-00039.hdt'"'"'; } > /data/work/.hdt-build-00039.time 2>&1; fi'
[exit 0]

[2026-08-17T22:25:02] $ docker run --rm --user 1000:1000 -v /home/ubuntu/vcf-rdfizer-expts/vcf-rdfizer-testing/testing-results/0GOOR_HG002/.hdt_partitioned:/data/work -v /home/ubuntu/vcf-rdfizer-expts/vcf-rdfizer-testing/testing-results/0GOOR_HG002:/data/out ecrum19/vcf-rdfizer:latest bash -lc 'set -euo pipefail; rm -f /data/work/.hdt-build-00040.time; if [[ -x /usr/bin/time ]] && /usr/bin/time --version >/dev/null 2>&1; then /usr/bin/time -v -o /data/work/.hdt-build-00040.time -- bash -lc '"'"'set -euo pipefail; rm -f /data/work/chunk-00040.hdt; HDT_BIN="${RDF2HDT_BIN:-$(command -v rdf2hdt || true)}"; if [[ -z "$HDT_BIN" ]]; then for candidate in /usr/local/bin/rdf2hdt /opt/hdt-cpp/bin/rdf2hdt; do [[ -x "$candidate" ]] && HDT_BIN="$candidate" && break; done; fi; if [[ -z "$HDT_BIN" || ! -x "$HDT_BIN" ]]; then echo "Missing rdf2hdt binary in container" >&2; exit 127; fi; "$HDT_BIN" /data/work/nt_chunks/chunk-00040.nt /data/work/chunk-00040.hdt'"'"'; else { time -p bash -lc '"'"'set -euo pipefail; rm -f /data/work/chunk-00040.hdt; HDT_BIN="${RDF2HDT_BIN:-$(command -v rdf2hdt || true)}"; if [[ -z "$HDT_BIN" ]]; then for candidate in /usr/local/bin/rdf2hdt /opt/hdt-cpp/bin/rdf2hdt; do [[ -x "$candidate" ]] && HDT_BIN="$candidate" && break; done; fi; if [[ -z "$HDT_BIN" || ! -x "$HDT_BIN" ]]; then echo "Missing rdf2hdt binary in container" >&2; exit 127; fi; "$HDT_BIN" /data/work/nt_chunks/chunk-00040.nt /data/work/chunk-00040.hdt'"'"'; } > /data/work/.hdt-build-00040.time 2>&1; fi'
[exit 0]

[2026-08-17T22:29:32] $ docker run --rm --user 1000:1000 -v /home/ubuntu/vcf-rdfizer-expts/vcf-rdfizer-testing/testing-results/0GOOR_HG002/.hdt_partitioned:/data/work -v /home/ubuntu/vcf-rdfizer-expts/vcf-rdfizer-testing/testing-results/0GOOR_HG002:/data/out ecrum19/vcf-rdfizer:latest bash -lc 'set -euo pipefail; rm -f /data/work/.hdt-build-00041.time; if [[ -x /usr/bin/time ]] && /usr/bin/time --version >/dev/null 2>&1; then /usr/bin/time -v -o /data/work/.hdt-build-00041.time -- bash -lc '"'"'set -euo pipefail; rm -f /data/work/chunk-00041.hdt; HDT_BIN="${RDF2HDT_BIN:-$(command -v rdf2hdt || true)}"; if [[ -z "$HDT_BIN" ]]; then for candidate in /usr/local/bin/rdf2hdt /opt/hdt-cpp/bin/rdf2hdt; do [[ -x "$candidate" ]] && HDT_BIN="$candidate" && break; done; fi; if [[ -z "$HDT_BIN" || ! -x "$HDT_BIN" ]]; then echo "Missing rdf2hdt binary in container" >&2; exit 127; fi; "$HDT_BIN" /data/work/nt_chunks/chunk-00041.nt /data/work/chunk-00041.hdt'"'"'; else { time -p bash -lc '"'"'set -euo pipefail; rm -f /data/work/chunk-00041.hdt; HDT_BIN="${RDF2HDT_BIN:-$(command -v rdf2hdt || true)}"; if [[ -z "$HDT_BIN" ]]; then for candidate in /usr/local/bin/rdf2hdt /opt/hdt-cpp/bin/rdf2hdt; do [[ -x "$candidate" ]] && HDT_BIN="$candidate" && break; done; fi; if [[ -z "$HDT_BIN" || ! -x "$HDT_BIN" ]]; then echo "Missing rdf2hdt binary in container" >&2; exit 127; fi; "$HDT_BIN" /data/work/nt_chunks/chunk-00041.nt /data/work/chunk-00041.hdt'"'"'; } > /data/work/.hdt-build-00041.time 2>&1; fi'
[exit 0]

[2026-08-17T22:31:09] $ docker run --rm --user 1000:1000 -v /home/ubuntu/vcf-rdfizer-expts/vcf-rdfizer-testing/testing-results/0GOOR_HG002/.hdt_partitioned:/data/work -v /home/ubuntu/vcf-rdfizer-expts/vcf-rdfizer-testing/testing-results/0GOOR_HG002:/data/out ecrum19/vcf-rdfizer:latest bash -lc 'set -euo pipefail; rm -f /data/work/.hdt-build-00042.time; if [[ -x /usr/bin/time ]] && /usr/bin/time --version >/dev/null 2>&1; then /usr/bin/time -v -o /data/work/.hdt-build-00042.time -- bash -lc '"'"'set -euo pipefail; rm -f /data/work/chunk-00042.hdt; HDT_BIN="${RDF2HDT_BIN:-$(command -v rdf2hdt || true)}"; if [[ -z "$HDT_BIN" ]]; then for candidate in /usr/local/bin/rdf2hdt /opt/hdt-cpp/bin/rdf2hdt; do [[ -x "$candidate" ]] && HDT_BIN="$candidate" && break; done; fi; if [[ -z "$HDT_BIN" || ! -x "$HDT_BIN" ]]; then echo "Missing rdf2hdt binary in container" >&2; exit 127; fi; "$HDT_BIN" /data/work/nt_chunks/chunk-00042.nt /data/work/chunk-00042.hdt'"'"'; else { time -p bash -lc '"'"'set -euo pipefail; rm -f /data/work/chunk-00042.hdt; HDT_BIN="${RDF2HDT_BIN:-$(command -v rdf2hdt || true)}"; if [[ -z "$HDT_BIN" ]]; then for candidate in /usr/local/bin/rdf2hdt /opt/hdt-cpp/bin/rdf2hdt; do [[ -x "$candidate" ]] && HDT_BIN="$candidate" && break; done; fi; if [[ -z "$HDT_BIN" || ! -x "$HDT_BIN" ]]; then echo "Missing rdf2hdt binary in container" >&2; exit 127; fi; "$HDT_BIN" /data/work/nt_chunks/chunk-00042.nt /data/work/chunk-00042.hdt'"'"'; } > /data/work/.hdt-build-00042.time 2>&1; fi'
[exit 0]

[2026-08-17T22:32:53] $ docker run --rm --user 1000:1000 -v /home/ubuntu/vcf-rdfizer-expts/vcf-rdfizer-testing/testing-results/0GOOR_HG002/.hdt_partitioned:/data/work -v /home/ubuntu/vcf-rdfizer-expts/vcf-rdfizer-testing/testing-results/0GOOR_HG002:/data/out ecrum19/vcf-rdfizer:latest bash -lc 'set -euo pipefail; rm -f /data/work/.hdt-build-00043.time; if [[ -x /usr/bin/time ]] && /usr/bin/time --version >/dev/null 2>&1; then /usr/bin/time -v -o /data/work/.hdt-build-00043.time -- bash -lc '"'"'set -euo pipefail; rm -f /data/work/chunk-00043.hdt; HDT_BIN="${RDF2HDT_BIN:-$(command -v rdf2hdt || true)}"; if [[ -z "$HDT_BIN" ]]; then for candidate in /usr/local/bin/rdf2hdt /opt/hdt-cpp/bin/rdf2hdt; do [[ -x "$candidate" ]] && HDT_BIN="$candidate" && break; done; fi; if [[ -z "$HDT_BIN" || ! -x "$HDT_BIN" ]]; then echo "Missing rdf2hdt binary in container" >&2; exit 127; fi; "$HDT_BIN" /data/work/nt_chunks/chunk-00043.nt /data/work/chunk-00043.hdt'"'"'; else { time -p bash -lc '"'"'set -euo pipefail; rm -f /data/work/chunk-00043.hdt; HDT_BIN="${RDF2HDT_BIN:-$(command -v rdf2hdt || true)}"; if [[ -z "$HDT_BIN" ]]; then for candidate in /usr/local/bin/rdf2hdt /opt/hdt-cpp/bin/rdf2hdt; do [[ -x "$candidate" ]] && HDT_BIN="$candidate" && break; done; fi; if [[ -z "$HDT_BIN" || ! -x "$HDT_BIN" ]]; then echo "Missing rdf2hdt binary in container" >&2; exit 127; fi; "$HDT_BIN" /data/work/nt_chunks/chunk-00043.nt /data/work/chunk-00043.hdt'"'"'; } > /data/work/.hdt-build-00043.time 2>&1; fi'
[exit 0]

[2026-08-17T22:34:35] $ docker run --rm --user 1000:1000 -v /home/ubuntu/vcf-rdfizer-expts/vcf-rdfizer-testing/testing-results/0GOOR_HG002/.hdt_partitioned:/data/work -v /home/ubuntu/vcf-rdfizer-expts/vcf-rdfizer-testing/testing-results/0GOOR_HG002:/data/out ecrum19/vcf-rdfizer:latest bash -lc 'set -euo pipefail; rm -f /data/work/.hdt-build-00044.time; if [[ -x /usr/bin/time ]] && /usr/bin/time --version >/dev/null 2>&1; then /usr/bin/time -v -o /data/work/.hdt-build-00044.time -- bash -lc '"'"'set -euo pipefail; rm -f /data/work/chunk-00044.hdt; HDT_BIN="${RDF2HDT_BIN:-$(command -v rdf2hdt || true)}"; if [[ -z "$HDT_BIN" ]]; then for candidate in /usr/local/bin/rdf2hdt /opt/hdt-cpp/bin/rdf2hdt; do [[ -x "$candidate" ]] && HDT_BIN="$candidate" && break; done; fi; if [[ -z "$HDT_BIN" || ! -x "$HDT_BIN" ]]; then echo "Missing rdf2hdt binary in container" >&2; exit 127; fi; "$HDT_BIN" /data/work/nt_chunks/chunk-00044.nt /data/work/chunk-00044.hdt'"'"'; else { time -p bash -lc '"'"'set -euo pipefail; rm -f /data/work/chunk-00044.hdt; HDT_BIN="${RDF2HDT_BIN:-$(command -v rdf2hdt || true)}"; if [[ -z "$HDT_BIN" ]]; then for candidate in /usr/local/bin/rdf2hdt /opt/hdt-cpp/bin/rdf2hdt; do [[ -x "$candidate" ]] && HDT_BIN="$candidate" && break; done; fi; if [[ -z "$HDT_BIN" || ! -x "$HDT_BIN" ]]; then echo "Missing rdf2hdt binary in container" >&2; exit 127; fi; "$HDT_BIN" /data/work/nt_chunks/chunk-00044.nt /data/work/chunk-00044.hdt'"'"'; } > /data/work/.hdt-build-00044.time 2>&1; fi'
[exit 0]

[2026-08-17T22:36:19] $ docker run --rm --user 1000:1000 -v /home/ubuntu/vcf-rdfizer-expts/vcf-rdfizer-testing/testing-results/0GOOR_HG002/.hdt_partitioned:/data/work -v /home/ubuntu/vcf-rdfizer-expts/vcf-rdfizer-testing/testing-results/0GOOR_HG002:/data/out ecrum19/vcf-rdfizer:latest bash -lc 'set -euo pipefail; rm -f /data/work/.hdt-build-00045.time; if [[ -x /usr/bin/time ]] && /usr/bin/time --version >/dev/null 2>&1; then /usr/bin/time -v -o /data/work/.hdt-build-00045.time -- bash -lc '"'"'set -euo pipefail; rm -f /data/work/chunk-00045.hdt; HDT_BIN="${RDF2HDT_BIN:-$(command -v rdf2hdt || true)}"; if [[ -z "$HDT_BIN" ]]; then for candidate in /usr/local/bin/rdf2hdt /opt/hdt-cpp/bin/rdf2hdt; do [[ -x "$candidate" ]] && HDT_BIN="$candidate" && break; done; fi; if [[ -z "$HDT_BIN" || ! -x "$HDT_BIN" ]]; then echo "Missing rdf2hdt binary in container" >&2; exit 127; fi; "$HDT_BIN" /data/work/nt_chunks/chunk-00045.nt /data/work/chunk-00045.hdt'"'"'; else { time -p bash -lc '"'"'set -euo pipefail; rm -f /data/work/chunk-00045.hdt; HDT_BIN="${RDF2HDT_BIN:-$(command -v rdf2hdt || true)}"; if [[ -z "$HDT_BIN" ]]; then for candidate in /usr/local/bin/rdf2hdt /opt/hdt-cpp/bin/rdf2hdt; do [[ -x "$candidate" ]] && HDT_BIN="$candidate" && break; done; fi; if [[ -z "$HDT_BIN" || ! -x "$HDT_BIN" ]]; then echo "Missing rdf2hdt binary in container" >&2; exit 127; fi; "$HDT_BIN" /data/work/nt_chunks/chunk-00045.nt /data/work/chunk-00045.hdt'"'"'; } > /data/work/.hdt-build-00045.time 2>&1; fi'
[exit 0]

[2026-08-17T22:38:06] $ docker run --rm --user 1000:1000 -v /home/ubuntu/vcf-rdfizer-expts/vcf-rdfizer-testing/testing-results/0GOOR_HG002/.hdt_partitioned:/data/work -v /home/ubuntu/vcf-rdfizer-expts/vcf-rdfizer-testing/testing-results/0GOOR_HG002:/data/out ecrum19/vcf-rdfizer:latest bash -lc 'set -euo pipefail; rm -f /data/work/.hdt-build-00046.time; if [[ -x /usr/bin/time ]] && /usr/bin/time --version >/dev/null 2>&1; then /usr/bin/time -v -o /data/work/.hdt-build-00046.time -- bash -lc '"'"'set -euo pipefail; rm -f /data/work/chunk-00046.hdt; HDT_BIN="${RDF2HDT_BIN:-$(command -v rdf2hdt || true)}"; if [[ -z "$HDT_BIN" ]]; then for candidate in /usr/local/bin/rdf2hdt /opt/hdt-cpp/bin/rdf2hdt; do [[ -x "$candidate" ]] && HDT_BIN="$candidate" && break; done; fi; if [[ -z "$HDT_BIN" || ! -x "$HDT_BIN" ]]; then echo "Missing rdf2hdt binary in container" >&2; exit 127; fi; "$HDT_BIN" /data/work/nt_chunks/chunk-00046.nt /data/work/chunk-00046.hdt'"'"'; else { time -p bash -lc '"'"'set -euo pipefail; rm -f /data/work/chunk-00046.hdt; HDT_BIN="${RDF2HDT_BIN:-$(command -v rdf2hdt || true)}"; if [[ -z "$HDT_BIN" ]]; then for candidate in /usr/local/bin/rdf2hdt /opt/hdt-cpp/bin/rdf2hdt; do [[ -x "$candidate" ]] && HDT_BIN="$candidate" && break; done; fi; if [[ -z "$HDT_BIN" || ! -x "$HDT_BIN" ]]; then echo "Missing rdf2hdt binary in container" >&2; exit 127; fi; "$HDT_BIN" /data/work/nt_chunks/chunk-00046.nt /data/work/chunk-00046.hdt'"'"'; } > /data/work/.hdt-build-00046.time 2>&1; fi'
[exit 0]

[2026-08-17T22:39:53] $ docker run --rm --user 1000:1000 -v /home/ubuntu/vcf-rdfizer-expts/vcf-rdfizer-testing/testing-results/0GOOR_HG002/.hdt_partitioned:/data/work -v /home/ubuntu/vcf-rdfizer-expts/vcf-rdfizer-testing/testing-results/0GOOR_HG002:/data/out ecrum19/vcf-rdfizer:latest bash -lc 'set -euo pipefail; rm -f /data/work/.hdt-build-00047.time; if [[ -x /usr/bin/time ]] && /usr/bin/time --version >/dev/null 2>&1; then /usr/bin/time -v -o /data/work/.hdt-build-00047.time -- bash -lc '"'"'set -euo pipefail; rm -f /data/work/chunk-00047.hdt; HDT_BIN="${RDF2HDT_BIN:-$(command -v rdf2hdt || true)}"; if [[ -z "$HDT_BIN" ]]; then for candidate in /usr/local/bin/rdf2hdt /opt/hdt-cpp/bin/rdf2hdt; do [[ -x "$candidate" ]] && HDT_BIN="$candidate" && break; done; fi; if [[ -z "$HDT_BIN" || ! -x "$HDT_BIN" ]]; then echo "Missing rdf2hdt binary in container" >&2; exit 127; fi; "$HDT_BIN" /data/work/nt_chunks/chunk-00047.nt /data/work/chunk-00047.hdt'"'"'; else { time -p bash -lc '"'"'set -euo pipefail; rm -f /data/work/chunk-00047.hdt; HDT_BIN="${RDF2HDT_BIN:-$(command -v rdf2hdt || true)}"; if [[ -z "$HDT_BIN" ]]; then for candidate in /usr/local/bin/rdf2hdt /opt/hdt-cpp/bin/rdf2hdt; do [[ -x "$candidate" ]] && HDT_BIN="$candidate" && break; done; fi; if [[ -z "$HDT_BIN" || ! -x "$HDT_BIN" ]]; then echo "Missing rdf2hdt binary in container" >&2; exit 127; fi; "$HDT_BIN" /data/work/nt_chunks/chunk-00047.nt /data/work/chunk-00047.hdt'"'"'; } > /data/work/.hdt-build-00047.time 2>&1; fi'
[exit 0]

[2026-08-17T22:46:58] $ docker run --rm --user 1000:1000 -v /home/ubuntu/vcf-rdfizer-expts/vcf-rdfizer-testing/testing-results/0GOOR_HG002/.hdt_partitioned:/data/work -v /home/ubuntu/vcf-rdfizer-expts/vcf-rdfizer-testing/testing-results/0GOOR_HG002:/data/out ecrum19/vcf-rdfizer:latest bash -lc 'set -euo pipefail; rm -f /data/work/.hdt-build-00048.time; if [[ -x /usr/bin/time ]] && /usr/bin/time --version >/dev/null 2>&1; then /usr/bin/time -v -o /data/work/.hdt-build-00048.time -- bash -lc '"'"'set -euo pipefail; rm -f /data/work/chunk-00048.hdt; HDT_BIN="${RDF2HDT_BIN:-$(command -v rdf2hdt || true)}"; if [[ -z "$HDT_BIN" ]]; then for candidate in /usr/local/bin/rdf2hdt /opt/hdt-cpp/bin/rdf2hdt; do [[ -x "$candidate" ]] && HDT_BIN="$candidate" && break; done; fi; if [[ -z "$HDT_BIN" || ! -x "$HDT_BIN" ]]; then echo "Missing rdf2hdt binary in container" >&2; exit 127; fi; "$HDT_BIN" /data/work/nt_chunks/chunk-00048.nt /data/work/chunk-00048.hdt'"'"'; else { time -p bash -lc '"'"'set -euo pipefail; rm -f /data/work/chunk-00048.hdt; HDT_BIN="${RDF2HDT_BIN:-$(command -v rdf2hdt || true)}"; if [[ -z "$HDT_BIN" ]]; then for candidate in /usr/local/bin/rdf2hdt /opt/hdt-cpp/bin/rdf2hdt; do [[ -x "$candidate" ]] && HDT_BIN="$candidate" && break; done; fi; if [[ -z "$HDT_BIN" || ! -x "$HDT_BIN" ]]; then echo "Missing rdf2hdt binary in container" >&2; exit 127; fi; "$HDT_BIN" /data/work/nt_chunks/chunk-00048.nt /data/work/chunk-00048.hdt'"'"'; } > /data/work/.hdt-build-00048.time 2>&1; fi'
[exit 0]

[2026-08-17T22:46:59] $ docker run --rm --user 1000:1000 -v /home/ubuntu/vcf-rdfizer-expts/vcf-rdfizer-testing/testing-results/0GOOR_HG002/.hdt_partitioned:/data/work -v /home/ubuntu/vcf-rdfizer-expts/vcf-rdfizer-testing/testing-results/0GOOR_HG002:/data/out ecrum19/vcf-rdfizer:latest bash -lc 'set -euo pipefail; rm -f /data/work/.hdt-merge-r01-00000.time; if [[ -x /usr/bin/time ]] && /usr/bin/time --version >/dev/null 2>&1; then /usr/bin/time -v -o /data/work/.hdt-merge-r01-00000.time -- bash -lc '"'"'set -euo pipefail; rm -f /data/work/merge-r01-00000.hdt; HDTCAT_BIN="${HDTCAT_BIN:-}"; if [[ -z "$HDTCAT_BIN" ]]; then for candidate in hdtCat hdtCat.sh HDTCat HDTCat.sh /opt/hdt-java/bin/hdtCat /opt/hdt-java/bin/hdtCat.sh /usr/local/bin/hdtCat /usr/local/bin/hdtCat.sh; do if [[ "$candidate" == */* ]]; then [[ -x "$candidate" ]] && HDTCAT_BIN="$candidate" && break; else resolved="$(command -v "$candidate" || true)"; [[ -n "$resolved" && -x "$resolved" ]] && HDTCAT_BIN="$resolved" && break; fi; done; fi; if [[ -z "$HDTCAT_BIN" || ! -x "$HDTCAT_BIN" ]]; then echo '"'"'"'"'"'"'"'"'Missing HDTCat binary in container'"'"'"'"'"'"'"'"' >&2; exit 127; fi; "$HDTCAT_BIN" /data/work/chunk-00000.hdt /data/work/chunk-00001.hdt /data/work/merge-r01-00000.hdt'"'"'; else { time -p bash -lc '"'"'set -euo pipefail; rm -f /data/work/merge-r01-00000.hdt; HDTCAT_BIN="${HDTCAT_BIN:-}"; if [[ -z "$HDTCAT_BIN" ]]; then for candidate in hdtCat hdtCat.sh HDTCat HDTCat.sh /opt/hdt-java/bin/hdtCat /opt/hdt-java/bin/hdtCat.sh /usr/local/bin/hdtCat /usr/local/bin/hdtCat.sh; do if [[ "$candidate" == */* ]]; then [[ -x "$candidate" ]] && HDTCAT_BIN="$candidate" && break; else resolved="$(command -v "$candidate" || true)"; [[ -n "$resolved" && -x "$resolved" ]] && HDTCAT_BIN="$resolved" && break; fi; done; fi; if [[ -z "$HDTCAT_BIN" || ! -x "$HDTCAT_BIN" ]]; then echo '"'"'"'"'"'"'"'"'Missing HDTCat binary in container'"'"'"'"'"'"'"'"' >&2; exit 127; fi; "$HDTCAT_BIN" /data/work/chunk-00000.hdt /data/work/chunk-00001.hdt /data/work/merge-r01-00000.hdt'"'"'; } > /data/work/.hdt-merge-r01-00000.time 2>&1; fi'
[INFO] Welcome to hdtCat!
[INFO] This tool was developed by Dennis Diefenbach and Jośe M. Giḿenez-Garćıa
[INFO] Cat /data/work/chunk-00000.hdt, /data/work/chunk-00001.hdt to /data/work/merge-r01-00000.hdt
Generating dictionary	0.0                            Generate predicates: start	0.0                            Generate predicates: Analyze section predicate 	0.0                            Generate subjects: start	0.0                            Generate subjects: Analyze section subject 	0.0                            Generate subjects: Analyze section subject 	11.360873                            Generate subjects: Analyze section subject 	22.721746                            Generate subjects: Analyze section subject 	34.082623                            Generate subjects: Analyze section subject 	45.443493                            Generate subjects: Analyze section subject 	56.804367                            Generate subjects: Analyze section subject 	68.165245                            Generate subjects: Analyze section subject 	79.526115                            Generate subjects: Analyze section subject 	90.886986                            Generate objects: start	0.0                            Generate objects: Analyze section object 	0.0                            Generate objects: Analyze section object 	39.02287                            Generate objects: Analyze section object 	78.04574                            Generate shared: start	0.0                            Generate shared: Analyze section  	0.0                            Generate shared: Analyze section  	5.5435905                            Generate shared: Analyze section  	11.087181                            Generate shared: Analyze section  	16.630772                            Generate shared: Analyze section  	22.174362                            Generate shared: Analyze section  	27.717953                            Generate shared: Analyze section  	33.261543                            Generate shared: Analyze section  	38.805134                            Generate shared: Analyze section  	44.348724                            Generate shared: Analyze section  	49.892315                            Generate shared: Analyze section  	55.435905                            Generate shared: Analyze section  	60.979496                            Generate shared: Analyze section  	66.52309                            Generate shared: Analyze section  	72.06668                            Generate shared: Analyze section  	77.61027                            Generate shared: Analyze section  	83.15386                            Generate shared: Analyze section  	88.69745                            Generate shared: Analyze section  	94.24104                            Generate shared: Analyze section  	99.78463                            Generating triples	0.0                            Converting to BitmapTriples	0.0                            Converting to BitmapTriples	1.4417478                            Converting to BitmapTriples	2.8834956                            Converting to BitmapTriples	4.3252435                            Converting to BitmapTriples	5.766991                            Converting to BitmapTriples	7.208739                            Converting to BitmapTriples	8.650487                            Converting to BitmapTriples	10.092235                            Converting to BitmapTriples	11.533982                            Converting to BitmapTriples	12.97573                            Converting to BitmapTriples	14.417478                            Converting to BitmapTriples	15.859225                            Converting to BitmapTriples	17.300974                            Converting to BitmapTriples	18.742722                            Converting to BitmapTriples	20.18447                            Converting to BitmapTriples	21.626217                            Converting to BitmapTriples	23.067965                            Converting to BitmapTriples	24.509712                            Converting to BitmapTriples	25.95146                            Converting to BitmapTriples	27.393208                            Converting to BitmapTriples	28.834955                            Converting to BitmapTriples	30.276703                            Converting to BitmapTriples	31.71845                            Converting to BitmapTriples	33.1602                            Converting to BitmapTriples	34.601948                            Converting to BitmapTriples	36.043694                            Converting to BitmapTriples	37.485443                            Converting to BitmapTriples	38.92719                            Converting to BitmapTriples	40.36894                            Converting to BitmapTriples	41.810684                            Converting to BitmapTriples	43.252434                            Converting to BitmapTriples	44.69418                            Converting to BitmapTriples	46.13593                            Converting to BitmapTriples	47.577675                            Converting to BitmapTriples	49.019424                            Converting to BitmapTriples	50.46117                            Converting to BitmapTriples	51.90292                            Converting to BitmapTriples	53.344666                            Converting to BitmapTriples	54.786415                            Converting to BitmapTriples	56.228165                            Converting to BitmapTriples	57.66991                            Converting to BitmapTriples	59.11166                            Converting to BitmapTriples	60.553406                            Converting to BitmapTriples	61.995155                            Converting to BitmapTriples	63.4369                            Converting to BitmapTriples	64.87865                            Converting to BitmapTriples	66.3204                            Converting to BitmapTriples	67.762146                            Converting to BitmapTriples	69.203896                            Converting to BitmapTriples	70.64564                            Converting to BitmapTriples	72.08739                            Converting to BitmapTriples	73.52914                            Converting to BitmapTriples	74.97089                            Converting to BitmapTriples	76.41263                            Converting to BitmapTriples	77.85438                            Converting to BitmapTriples	79.29613                            Converting to BitmapTriples	80.73788                            Converting to BitmapTriples	82.17963                            Converting to BitmapTriples	83.62137                            Converting to BitmapTriples	85.06312                            Converting to BitmapTriples	86.50487                            Converting to BitmapTriples	87.94662                            Converting to BitmapTriples	89.38836                            Converting to BitmapTriples	90.83011                            Converting to BitmapTriples	92.27186                            Converting to BitmapTriples	93.71361                            Converting to BitmapTriples	95.15535                            Converting to BitmapTriples	96.5971                            Converting to BitmapTriples	98.03885                            Converting to BitmapTriples	99.4806                            Generating header	0.0                            Files cat in .......... 22 sec 544 ms 897 us
Total Triples ......... 6936026
Different subjects .... 2684099
Different predicates .. 22
Different objects ..... 2060145
Common Subject/Object . 1803885
HDT saved to file in .. 222 ms 770 us
[exit 0]

[2026-08-17T22:47:22] $ docker run --rm --user 1000:1000 -v /home/ubuntu/vcf-rdfizer-expts/vcf-rdfizer-testing/testing-results/0GOOR_HG002/.hdt_partitioned:/data/work -v /home/ubuntu/vcf-rdfizer-expts/vcf-rdfizer-testing/testing-results/0GOOR_HG002:/data/out ecrum19/vcf-rdfizer:latest bash -lc 'set -euo pipefail; rm -f /data/work/.hdt-merge-r01-00001.time; if [[ -x /usr/bin/time ]] && /usr/bin/time --version >/dev/null 2>&1; then /usr/bin/time -v -o /data/work/.hdt-merge-r01-00001.time -- bash -lc '"'"'set -euo pipefail; rm -f /data/work/merge-r01-00001.hdt; HDTCAT_BIN="${HDTCAT_BIN:-}"; if [[ -z "$HDTCAT_BIN" ]]; then for candidate in hdtCat hdtCat.sh HDTCat HDTCat.sh /opt/hdt-java/bin/hdtCat /opt/hdt-java/bin/hdtCat.sh /usr/local/bin/hdtCat /usr/local/bin/hdtCat.sh; do if [[ "$candidate" == */* ]]; then [[ -x "$candidate" ]] && HDTCAT_BIN="$candidate" && break; else resolved="$(command -v "$candidate" || true)"; [[ -n "$resolved" && -x "$resolved" ]] && HDTCAT_BIN="$resolved" && break; fi; done; fi; if [[ -z "$HDTCAT_BIN" || ! -x "$HDTCAT_BIN" ]]; then echo '"'"'"'"'"'"'"'"'Missing HDTCat binary in container'"'"'"'"'"'"'"'"' >&2; exit 127; fi; "$HDTCAT_BIN" /data/work/chunk-00002.hdt /data/work/chunk-00003.hdt /data/work/merge-r01-00001.hdt'"'"'; else { time -p bash -lc '"'"'set -euo pipefail; rm -f /data/work/merge-r01-00001.hdt; HDTCAT_BIN="${HDTCAT_BIN:-}"; if [[ -z "$HDTCAT_BIN" ]]; then for candidate in hdtCat hdtCat.sh HDTCat HDTCat.sh /opt/hdt-java/bin/hdtCat /opt/hdt-java/bin/hdtCat.sh /usr/local/bin/hdtCat /usr/local/bin/hdtCat.sh; do if [[ "$candidate" == */* ]]; then [[ -x "$candidate" ]] && HDTCAT_BIN="$candidate" && break; else resolved="$(command -v "$candidate" || true)"; [[ -n "$resolved" && -x "$resolved" ]] && HDTCAT_BIN="$resolved" && break; fi; done; fi; if [[ -z "$HDTCAT_BIN" || ! -x "$HDTCAT_BIN" ]]; then echo '"'"'"'"'"'"'"'"'Missing HDTCat binary in container'"'"'"'"'"'"'"'"' >&2; exit 127; fi; "$HDTCAT_BIN" /data/work/chunk-00002.hdt /data/work/chunk-00003.hdt /data/work/merge-r01-00001.hdt'"'"'; } > /data/work/.hdt-merge-r01-00001.time 2>&1; fi'
[INFO] Welcome to hdtCat!
[INFO] This tool was developed by Dennis Diefenbach and Jośe M. Giḿenez-Garćıa
[INFO] Cat /data/work/chunk-00002.hdt, /data/work/chunk-00003.hdt to /data/work/merge-r01-00001.hdt
Generating dictionary	0.0                            Generate predicates: start	0.0                            Generate predicates: Analyze section predicate 	0.0                            Generate subjects: start	0.0                            Generate subjects: Analyze section subject 	0.0                            Generate subjects: Analyze section subject 	11.352245                            Generate subjects: Analyze section subject 	22.70449                            Generate subjects: Analyze section subject 	34.056736                            Generate subjects: Analyze section subject 	45.40898                            Generate subjects: Analyze section subject 	56.761227                            Generate subjects: Analyze section subject 	68.11347                            Generate subjects: Analyze section subject 	79.46572                            Generate subjects: Analyze section subject 	90.81796                            Generate objects: start	0.0                            Generate objects: Analyze section object 	0.0                            Generate objects: Analyze section object 	39.652172                            Generate objects: Analyze section object 	79.304344                            Generate shared: start	0.0                            Generate shared: Analyze section  	0.0                            Generate shared: Analyze section  	5.546253                            Generate shared: Analyze section  	11.092506                            Generate shared: Analyze section  	16.63876                            Generate shared: Analyze section  	22.185013                            Generate shared: Analyze section  	27.731266                            Generate shared: Analyze section  	33.27752                            Generate shared: Analyze section  	38.823772                            Generate shared: Analyze section  	44.370026                            Generate shared: Analyze section  	49.91628                            Generate shared: Analyze section  	55.462532                            Generate shared: Analyze section  	61.008785                            Generate shared: Analyze section  	66.55504                            Generate shared: Analyze section  	72.101295                            Generate shared: Analyze section  	77.647545                            Generate shared: Analyze section  	83.1938                            Generate shared: Analyze section  	88.74005                            Generate shared: Analyze section  	94.28631                            Generate shared: Analyze section  	99.83256                            Generating triples	0.0                            Converting to BitmapTriples	0.0                            Converting to BitmapTriples	1.4479489                            Converting to BitmapTriples	2.8958979                            Converting to BitmapTriples	4.343847                            Converting to BitmapTriples	5.7917957                            Converting to BitmapTriples	7.2397447                            Converting to BitmapTriples	8.687694                            Converting to BitmapTriples	10.135642                            Converting to BitmapTriples	11.583591                            Converting to BitmapTriples	13.03154                            Converting to BitmapTriples	14.479489                            Converting to BitmapTriples	15.927438                            Converting to BitmapTriples	17.375387                            Converting to BitmapTriples	18.823336                            Converting to BitmapTriples	20.271284                            Converting to BitmapTriples	21.719234                            Converting to BitmapTriples	23.167183                            Converting to BitmapTriples	24.615131                            Converting to BitmapTriples	26.06308                            Converting to BitmapTriples	27.51103                            Converting to BitmapTriples	28.958979                            Converting to BitmapTriples	30.406927                            Converting to BitmapTriples	31.854876                            Converting to BitmapTriples	33.302826                            Converting to BitmapTriples	34.750774                            Converting to BitmapTriples	36.198723                            Converting to BitmapTriples	37.64667                            Converting to BitmapTriples	39.09462                            Converting to BitmapTriples	40.54257                            Converting to BitmapTriples	41.990517                            Converting to BitmapTriples	43.43847                            Converting to BitmapTriples	44.886417                            Converting to BitmapTriples	46.334366                            Converting to BitmapTriples	47.782314                            Converting to BitmapTriples	49.230263                            Converting to BitmapTriples	50.67821                            Converting to BitmapTriples	52.12616                            Converting to BitmapTriples	53.57411                            Converting to BitmapTriples	55.02206                            Converting to BitmapTriples	56.47001                            Converting to BitmapTriples	57.917957                            Converting to BitmapTriples	59.365906                            Converting to BitmapTriples	60.813854                            Converting to BitmapTriples	62.261803                            Converting to BitmapTriples	63.70975                            Converting to BitmapTriples	65.1577                            Converting to BitmapTriples	66.60565                            Converting to BitmapTriples	68.0536                            Converting to BitmapTriples	69.50155                            Converting to BitmapTriples	70.94949                            Converting to BitmapTriples	72.397446                            Converting to BitmapTriples	73.8454                            Converting to BitmapTriples	75.29334                            Converting to BitmapTriples	76.741295                            Converting to BitmapTriples	78.18924                            Converting to BitmapTriples	79.63719                            Converting to BitmapTriples	81.08514                            Converting to BitmapTriples	82.53309                            Converting to BitmapTriples	83.98103                            Converting to BitmapTriples	85.428986                            Converting to BitmapTriples	86.87694                            Converting to BitmapTriples	88.32488                            Converting to BitmapTriples	89.772835                            Converting to BitmapTriples	91.22078                            Converting to BitmapTriples	92.66873                            Converting to BitmapTriples	94.11668                            Converting to BitmapTriples	95.56463                            Converting to BitmapTriples	97.01258                            Converting to BitmapTriples	98.460526                            Converting to BitmapTriples	99.90848                            Generating header	0.0                            Files cat in .......... 22 sec 544 ms 868 us
Total Triples ......... 6906321
Different subjects .... 2683902
Different predicates .. 15
Different objects ..... 2055212
Common Subject/Object . 1803019
HDT saved to file in .. 192 ms 888 us
[exit 0]

[2026-08-17T22:47:46] $ docker run --rm --user 1000:1000 -v /home/ubuntu/vcf-rdfizer-expts/vcf-rdfizer-testing/testing-results/0GOOR_HG002/.hdt_partitioned:/data/work -v /home/ubuntu/vcf-rdfizer-expts/vcf-rdfizer-testing/testing-results/0GOOR_HG002:/data/out ecrum19/vcf-rdfizer:latest bash -lc 'set -euo pipefail; rm -f /data/work/.hdt-merge-r01-00002.time; if [[ -x /usr/bin/time ]] && /usr/bin/time --version >/dev/null 2>&1; then /usr/bin/time -v -o /data/work/.hdt-merge-r01-00002.time -- bash -lc '"'"'set -euo pipefail; rm -f /data/work/merge-r01-00002.hdt; HDTCAT_BIN="${HDTCAT_BIN:-}"; if [[ -z "$HDTCAT_BIN" ]]; then for candidate in hdtCat hdtCat.sh HDTCat HDTCat.sh /opt/hdt-java/bin/hdtCat /opt/hdt-java/bin/hdtCat.sh /usr/local/bin/hdtCat /usr/local/bin/hdtCat.sh; do if [[ "$candidate" == */* ]]; then [[ -x "$candidate" ]] && HDTCAT_BIN="$candidate" && break; else resolved="$(command -v "$candidate" || true)"; [[ -n "$resolved" && -x "$resolved" ]] && HDTCAT_BIN="$resolved" && break; fi; done; fi; if [[ -z "$HDTCAT_BIN" || ! -x "$HDTCAT_BIN" ]]; then echo '"'"'"'"'"'"'"'"'Missing HDTCat binary in container'"'"'"'"'"'"'"'"' >&2; exit 127; fi; "$HDTCAT_BIN" /data/work/chunk-00004.hdt /data/work/chunk-00005.hdt /data/work/merge-r01-00002.hdt'"'"'; else { time -p bash -lc '"'"'set -euo pipefail; rm -f /data/work/merge-r01-00002.hdt; HDTCAT_BIN="${HDTCAT_BIN:-}"; if [[ -z "$HDTCAT_BIN" ]]; then for candidate in hdtCat hdtCat.sh HDTCat HDTCat.sh /opt/hdt-java/bin/hdtCat /opt/hdt-java/bin/hdtCat.sh /usr/local/bin/hdtCat /usr/local/bin/hdtCat.sh; do if [[ "$candidate" == */* ]]; then [[ -x "$candidate" ]] && HDTCAT_BIN="$candidate" && break; else resolved="$(command -v "$candidate" || true)"; [[ -n "$resolved" && -x "$resolved" ]] && HDTCAT_BIN="$resolved" && break; fi; done; fi; if [[ -z "$HDTCAT_BIN" || ! -x "$HDTCAT_BIN" ]]; then echo '"'"'"'"'"'"'"'"'Missing HDTCat binary in container'"'"'"'"'"'"'"'"' >&2; exit 127; fi; "$HDTCAT_BIN" /data/work/chunk-00004.hdt /data/work/chunk-00005.hdt /data/work/merge-r01-00002.hdt'"'"'; } > /data/work/.hdt-merge-r01-00002.time 2>&1; fi'
[INFO] Welcome to hdtCat!
[INFO] This tool was developed by Dennis Diefenbach and Jośe M. Giḿenez-Garćıa
[INFO] Cat /data/work/chunk-00004.hdt, /data/work/chunk-00005.hdt to /data/work/merge-r01-00002.hdt
Generating dictionary	0.0                            Generate predicates: start	0.0                            Generate predicates: Analyze section predicate 	0.0                            Generate subjects: start	0.0                            Generate subjects: Analyze section subject 	0.0                            Generate subjects: Analyze section subject 	15.171675                            Generate subjects: Analyze section subject 	30.34335                            Generate subjects: Analyze section subject 	45.515026                            Generate subjects: Analyze section subject 	60.6867                            Generate subjects: Analyze section subject 	75.858376                            Generate subjects: Analyze section subject 	91.03005                            Generate objects: start	0.0                            Generate objects: Analyze section object 	0.0                            Generate objects: Analyze section object 	32.8595                            Generate objects: Analyze section object 	65.719                            Generate objects: Analyze section object 	98.5785                            Generate shared: start	0.0                            Generate shared: Analyze section  	0.0                            Generate shared: Analyze section  	5.7055774                            Generate shared: Analyze section  	11.411155                            Generate shared: Analyze section  	17.116732                            Generate shared: Analyze section  	22.82231                            Generate shared: Analyze section  	28.527887                            Generate shared: Analyze section  	34.233463                            Generate shared: Analyze section  	39.93904                            Generate shared: Analyze section  	45.64462                            Generate shared: Analyze section  	51.350197                            Generate shared: Analyze section  	57.055775                            Generate shared: Analyze section  	62.761353                            Generate shared: Analyze section  	68.46693                            Generate shared: Analyze section  	74.17251                            Generate shared: Analyze section  	79.87808                            Generate shared: Analyze section  	85.583664                            Generate shared: Analyze section  	91.28924                            Generate shared: Analyze section  	96.99481                            Generating triples	0.0                            Converting to BitmapTriples	0.0                            Converting to BitmapTriples	1.4168037                            Converting to BitmapTriples	2.8336074                            Converting to BitmapTriples	4.250411                            Converting to BitmapTriples	5.667215                            Converting to BitmapTriples	7.084018                            Converting to BitmapTriples	8.500822                            Converting to BitmapTriples	9.917625                            Converting to BitmapTriples	11.33443                            Converting to BitmapTriples	12.751233                            Converting to BitmapTriples	14.168036                            Converting to BitmapTriples	15.58484                            Converting to BitmapTriples	17.001644                            Converting to BitmapTriples	18.418447                            Converting to BitmapTriples	19.83525                            Converting to BitmapTriples	21.252054                            Converting to BitmapTriples	22.66886                            Converting to BitmapTriples	24.085663                            Converting to BitmapTriples	25.502466                            Converting to BitmapTriples	26.91927                            Converting to BitmapTriples	28.336073                            Converting to BitmapTriples	29.752876                            Converting to BitmapTriples	31.16968                            Converting to BitmapTriples	32.586483                            Converting to BitmapTriples	34.00329                            Converting to BitmapTriples	35.42009                            Converting to BitmapTriples	36.836895                            Converting to BitmapTriples	38.2537                            Converting to BitmapTriples	39.6705                            Converting to BitmapTriples	41.087307                            Converting to BitmapTriples	42.50411                            Converting to BitmapTriples	43.920914                            Converting to BitmapTriples	45.33772                            Converting to BitmapTriples	46.75452                            Converting to BitmapTriples	48.171326                            Converting to BitmapTriples	49.588127                            Converting to BitmapTriples	51.004932                            Converting to BitmapTriples	52.421734                            Converting to BitmapTriples	53.83854                            Converting to BitmapTriples	55.255344                            Converting to BitmapTriples	56.672146                            Converting to BitmapTriples	58.08895                            Converting to BitmapTriples	59.505753                            Converting to BitmapTriples	60.922558                            Converting to BitmapTriples	62.33936                            Converting to BitmapTriples	63.756165                            Converting to BitmapTriples	65.172966                            Converting to BitmapTriples	66.589775                            Converting to BitmapTriples	68.00658                            Converting to BitmapTriples	69.42338                            Converting to BitmapTriples	70.84018                            Converting to BitmapTriples	72.25699                            Converting to BitmapTriples	73.67379                            Converting to BitmapTriples	75.09059                            Converting to BitmapTriples	76.5074                            Converting to BitmapTriples	77.9242                            Converting to BitmapTriples	79.341                            Converting to BitmapTriples	80.757805                            Converting to BitmapTriples	82.174614                            Converting to BitmapTriples	83.591415                            Converting to BitmapTriples	85.00822                            Converting to BitmapTriples	86.425026                            Converting to BitmapTriples	87.84183                            Converting to BitmapTriples	89.25863                            Converting to BitmapTriples	90.67544                            Converting to BitmapTriples	92.09224                            Converting to BitmapTriples	93.50904                            Converting to BitmapTriples	94.92584                            Converting to BitmapTriples	96.34265                            Converting to BitmapTriples	97.75945                            Converting to BitmapTriples	99.176254                            Generating header	0.0                            Files cat in .......... 22 sec 102 ms 132 us
Total Triples ......... 7058141
Different subjects .... 2411794
Different predicates .. 15
Different objects ..... 2056997
Common Subject/Object . 1752671
HDT saved to file in .. 189 ms 816 us
[exit 0]

[2026-08-17T22:48:09] $ docker run --rm --user 1000:1000 -v /home/ubuntu/vcf-rdfizer-expts/vcf-rdfizer-testing/testing-results/0GOOR_HG002/.hdt_partitioned:/data/work -v /home/ubuntu/vcf-rdfizer-expts/vcf-rdfizer-testing/testing-results/0GOOR_HG002:/data/out ecrum19/vcf-rdfizer:latest bash -lc 'set -euo pipefail; rm -f /data/work/.hdt-merge-r01-00003.time; if [[ -x /usr/bin/time ]] && /usr/bin/time --version >/dev/null 2>&1; then /usr/bin/time -v -o /data/work/.hdt-merge-r01-00003.time -- bash -lc '"'"'set -euo pipefail; rm -f /data/work/merge-r01-00003.hdt; HDTCAT_BIN="${HDTCAT_BIN:-}"; if [[ -z "$HDTCAT_BIN" ]]; then for candidate in hdtCat hdtCat.sh HDTCat HDTCat.sh /opt/hdt-java/bin/hdtCat /opt/hdt-java/bin/hdtCat.sh /usr/local/bin/hdtCat /usr/local/bin/hdtCat.sh; do if [[ "$candidate" == */* ]]; then [[ -x "$candidate" ]] && HDTCAT_BIN="$candidate" && break; else resolved="$(command -v "$candidate" || true)"; [[ -n "$resolved" && -x "$resolved" ]] && HDTCAT_BIN="$resolved" && break; fi; done; fi; if [[ -z "$HDTCAT_BIN" || ! -x "$HDTCAT_BIN" ]]; then echo '"'"'"'"'"'"'"'"'Missing HDTCat binary in container'"'"'"'"'"'"'"'"' >&2; exit 127; fi; "$HDTCAT_BIN" /data/work/chunk-00006.hdt /data/work/chunk-00007.hdt /data/work/merge-r01-00003.hdt'"'"'; else { time -p bash -lc '"'"'set -euo pipefail; rm -f /data/work/merge-r01-00003.hdt; HDTCAT_BIN="${HDTCAT_BIN:-}"; if [[ -z "$HDTCAT_BIN" ]]; then for candidate in hdtCat hdtCat.sh HDTCat HDTCat.sh /opt/hdt-java/bin/hdtCat /opt/hdt-java/bin/hdtCat.sh /usr/local/bin/hdtCat /usr/local/bin/hdtCat.sh; do if [[ "$candidate" == */* ]]; then [[ -x "$candidate" ]] && HDTCAT_BIN="$candidate" && break; else resolved="$(command -v "$candidate" || true)"; [[ -n "$resolved" && -x "$resolved" ]] && HDTCAT_BIN="$resolved" && break; fi; done; fi; if [[ -z "$HDTCAT_BIN" || ! -x "$HDTCAT_BIN" ]]; then echo '"'"'"'"'"'"'"'"'Missing HDTCat binary in container'"'"'"'"'"'"'"'"' >&2; exit 127; fi; "$HDTCAT_BIN" /data/work/chunk-00006.hdt /data/work/chunk-00007.hdt /data/work/merge-r01-00003.hdt'"'"'; } > /data/work/.hdt-merge-r01-00003.time 2>&1; fi'
[INFO] Welcome to hdtCat!
[INFO] This tool was developed by Dennis Diefenbach and Jośe M. Giḿenez-Garćıa
[INFO] Cat /data/work/chunk-00006.hdt, /data/work/chunk-00007.hdt to /data/work/merge-r01-00003.hdt
Generating dictionary	0.0                            Generate predicates: start	0.0                            Generate predicates: Analyze section predicate 	0.0                            Generate subjects: start	0.0                            Generate subjects: Analyze section subject 	0.0                            Generate subjects: Analyze section subject 	32.113552                            Generate subjects: Analyze section subject 	64.227104                            Generate subjects: Analyze section subject 	96.34066                            Generate objects: start	0.0                            Generate objects: Analyze section object 	0.0                            Generate objects: Analyze section object 	26.266436                            Generate objects: Analyze section object 	52.53287                            Generate objects: Analyze section object 	78.79931                            Generate shared: start	0.0                            Generate shared: Analyze section  	0.0                            Generate shared: Analyze section  	5.951623                            Generate shared: Analyze section  	11.903246                            Generate shared: Analyze section  	17.854868                            Generate shared: Analyze section  	23.806492                            Generate shared: Analyze section  	29.758114                            Generate shared: Analyze section  	35.709736                            Generate shared: Analyze section  	41.66136                            Generate shared: Analyze section  	47.612984                            Generate shared: Analyze section  	53.564606                            Generate shared: Analyze section  	59.516228                            Generate shared: Analyze section  	65.46785                            Generate shared: Analyze section  	71.41947                            Generate shared: Analyze section  	77.37109                            Generate shared: Analyze section  	83.32272                            Generate shared: Analyze section  	89.274345                            Generate shared: Analyze section  	95.22597                            Generating triples	0.0                            Converting to BitmapTriples	0.0                            Converting to BitmapTriples	1.3738568                            Converting to BitmapTriples	2.7477136                            Converting to BitmapTriples	4.1215706                            Converting to BitmapTriples	5.495427                            Converting to BitmapTriples	6.869284                            Converting to BitmapTriples	8.243141                            Converting to BitmapTriples	9.616998                            Converting to BitmapTriples	10.990854                            Converting to BitmapTriples	12.364711                            Converting to BitmapTriples	13.738568                            Converting to BitmapTriples	15.112425                            Converting to BitmapTriples	16.486282                            Converting to BitmapTriples	17.860138                            Converting to BitmapTriples	19.233995                            Converting to BitmapTriples	20.607851                            Converting to BitmapTriples	21.981709                            Converting to BitmapTriples	23.355566                            Converting to BitmapTriples	24.729422                            Converting to BitmapTriples	26.10328                            Converting to BitmapTriples	27.477137                            Converting to BitmapTriples	28.850992                            Converting to BitmapTriples	30.22485                            Converting to BitmapTriples	31.598707                            Converting to BitmapTriples	32.972565                            Converting to BitmapTriples	34.34642                            Converting to BitmapTriples	35.720276                            Converting to BitmapTriples	37.094135                            Converting to BitmapTriples	38.46799                            Converting to BitmapTriples	39.841846                            Converting to BitmapTriples	41.215702                            Converting to BitmapTriples	42.58956                            Converting to BitmapTriples	43.963417                            Converting to BitmapTriples	45.337273                            Converting to BitmapTriples	46.711132                            Converting to BitmapTriples	48.084988                            Converting to BitmapTriples	49.458843                            Converting to BitmapTriples	50.832703                            Converting to BitmapTriples	52.20656                            Converting to BitmapTriples	53.580414                            Converting to BitmapTriples	54.954273                            Converting to BitmapTriples	56.32813                            Converting to BitmapTriples	57.701984                            Converting to BitmapTriples	59.075844                            Converting to BitmapTriples	60.4497                            Converting to BitmapTriples	61.823555                            Converting to BitmapTriples	63.197414                            Converting to BitmapTriples	64.571266                            Converting to BitmapTriples	65.94513                            Converting to BitmapTriples	67.318985                            Converting to BitmapTriples	68.69284                            Converting to BitmapTriples	70.066696                            Converting to BitmapTriples	71.44055                            Converting to BitmapTriples	72.81441                            Converting to BitmapTriples	74.18827                            Converting to BitmapTriples	75.562126                            Converting to BitmapTriples	76.93598                            Converting to BitmapTriples	78.30984                            Converting to BitmapTriples	79.68369                            Converting to BitmapTriples	81.05755                            Converting to BitmapTriples	82.431404                            Converting to BitmapTriples	83.80527                            Converting to BitmapTriples	85.17912                            Converting to BitmapTriples	86.55298                            Converting to BitmapTriples	87.926834                            Converting to BitmapTriples	89.30069                            Converting to BitmapTriples	90.674545                            Converting to BitmapTriples	92.04841                            Converting to BitmapTriples	93.422264                            Converting to BitmapTriples	94.79612                            Converting to BitmapTriples	96.169975                            Converting to BitmapTriples	97.54383                            Converting to BitmapTriples	98.91769                            Generating header	0.0                            Files cat in .......... 19 sec 79 ms 487 us
Total Triples ......... 7278779
Different subjects .... 1991609
Different predicates .. 13
Different objects ..... 2060928
Common Subject/Object . 1680214
HDT saved to file in .. 231 ms 692 us
[exit 0]

[2026-08-17T22:48:29] $ docker run --rm --user 1000:1000 -v /home/ubuntu/vcf-rdfizer-expts/vcf-rdfizer-testing/testing-results/0GOOR_HG002/.hdt_partitioned:/data/work -v /home/ubuntu/vcf-rdfizer-expts/vcf-rdfizer-testing/testing-results/0GOOR_HG002:/data/out ecrum19/vcf-rdfizer:latest bash -lc 'set -euo pipefail; rm -f /data/work/.hdt-merge-r01-00004.time; if [[ -x /usr/bin/time ]] && /usr/bin/time --version >/dev/null 2>&1; then /usr/bin/time -v -o /data/work/.hdt-merge-r01-00004.time -- bash -lc '"'"'set -euo pipefail; rm -f /data/work/merge-r01-00004.hdt; HDTCAT_BIN="${HDTCAT_BIN:-}"; if [[ -z "$HDTCAT_BIN" ]]; then for candidate in hdtCat hdtCat.sh HDTCat HDTCat.sh /opt/hdt-java/bin/hdtCat /opt/hdt-java/bin/hdtCat.sh /usr/local/bin/hdtCat /usr/local/bin/hdtCat.sh; do if [[ "$candidate" == */* ]]; then [[ -x "$candidate" ]] && HDTCAT_BIN="$candidate" && break; else resolved="$(command -v "$candidate" || true)"; [[ -n "$resolved" && -x "$resolved" ]] && HDTCAT_BIN="$resolved" && break; fi; done; fi; if [[ -z "$HDTCAT_BIN" || ! -x "$HDTCAT_BIN" ]]; then echo '"'"'"'"'"'"'"'"'Missing HDTCat binary in container'"'"'"'"'"'"'"'"' >&2; exit 127; fi; "$HDTCAT_BIN" /data/work/chunk-00008.hdt /data/work/chunk-00009.hdt /data/work/merge-r01-00004.hdt'"'"'; else { time -p bash -lc '"'"'set -euo pipefail; rm -f /data/work/merge-r01-00004.hdt; HDTCAT_BIN="${HDTCAT_BIN:-}"; if [[ -z "$HDTCAT_BIN" ]]; then for candidate in hdtCat hdtCat.sh HDTCat HDTCat.sh /opt/hdt-java/bin/hdtCat /opt/hdt-java/bin/hdtCat.sh /usr/local/bin/hdtCat /usr/local/bin/hdtCat.sh; do if [[ "$candidate" == */* ]]; then [[ -x "$candidate" ]] && HDTCAT_BIN="$candidate" && break; else resolved="$(command -v "$candidate" || true)"; [[ -n "$resolved" && -x "$resolved" ]] && HDTCAT_BIN="$resolved" && break; fi; done; fi; if [[ -z "$HDTCAT_BIN" || ! -x "$HDTCAT_BIN" ]]; then echo '"'"'"'"'"'"'"'"'Missing HDTCat binary in container'"'"'"'"'"'"'"'"' >&2; exit 127; fi; "$HDTCAT_BIN" /data/work/chunk-00008.hdt /data/work/chunk-00009.hdt /data/work/merge-r01-00004.hdt'"'"'; } > /data/work/.hdt-merge-r01-00004.time 2>&1; fi'
[INFO] Welcome to hdtCat!
[INFO] This tool was developed by Dennis Diefenbach and Jośe M. Giḿenez-Garćıa
[INFO] Cat /data/work/chunk-00008.hdt, /data/work/chunk-00009.hdt to /data/work/merge-r01-00004.hdt
Generating dictionary	0.0                            Generate predicates: start	0.0                            Generate predicates: Analyze section predicate 	0.0                            Generate subjects: start	0.0                            Generate subjects: Analyze section subject 	0.0                            Generate subjects: Analyze section subject 	32.35649                            Generate subjects: Analyze section subject 	64.71298                            Generate subjects: Analyze section subject 	97.06947                            Generate objects: start	0.0                            Generate objects: Analyze section object 	0.0                            Generate objects: Analyze section object 	25.847273                            Generate objects: Analyze section object 	51.694546                            Generate objects: Analyze section object 	77.541824                            Generate shared: start	0.0                            Generate shared: Analyze section  	0.0                            Generate shared: Analyze section  	5.95682                            Generate shared: Analyze section  	11.91364                            Generate shared: Analyze section  	17.87046                            Generate shared: Analyze section  	23.82728                            Generate shared: Analyze section  	29.784101                            Generate shared: Analyze section  	35.74092                            Generate shared: Analyze section  	41.697742                            Generate shared: Analyze section  	47.65456                            Generate shared: Analyze section  	53.61138                            Generate shared: Analyze section  	59.568203                            Generate shared: Analyze section  	65.525024                            Generate shared: Analyze section  	71.48184                            Generate shared: Analyze section  	77.43866                            Generate shared: Analyze section  	83.395485                            Generate shared: Analyze section  	89.3523                            Generate shared: Analyze section  	95.30912                            Generating triples	0.0                            Converting to BitmapTriples	0.0                            Converting to BitmapTriples	1.3715534                            Converting to BitmapTriples	2.7431068                            Converting to BitmapTriples	4.1146603                            Converting to BitmapTriples	5.4862137                            Converting to BitmapTriples	6.857767                            Converting to BitmapTriples	8.229321                            Converting to BitmapTriples	9.600874                            Converting to BitmapTriples	10.972427                            Converting to BitmapTriples	12.343981                            Converting to BitmapTriples	13.715534                            Converting to BitmapTriples	15.087088                            Converting to BitmapTriples	16.458641                            Converting to BitmapTriples	17.830194                            Converting to BitmapTriples	19.201748                            Converting to BitmapTriples	20.573301                            Converting to BitmapTriples	21.944855                            Converting to BitmapTriples	23.316408                            Converting to BitmapTriples	24.687962                            Converting to BitmapTriples	26.059515                            Converting to BitmapTriples	27.431068                            Converting to BitmapTriples	28.802622                            Converting to BitmapTriples	30.174175                            Converting to BitmapTriples	31.545729                            Converting to BitmapTriples	32.917282                            Converting to BitmapTriples	34.288834                            Converting to BitmapTriples	35.66039                            Converting to BitmapTriples	37.03194                            Converting to BitmapTriples	38.403496                            Converting to BitmapTriples	39.775047                            Converting to BitmapTriples	41.146603                            Converting to BitmapTriples	42.518154                            Converting to BitmapTriples	43.88971                            Converting to BitmapTriples	45.26126                            Converting to BitmapTriples	46.632816                            Converting to BitmapTriples	48.004368                            Converting to BitmapTriples	49.375923                            Converting to BitmapTriples	50.747475                            Converting to BitmapTriples	52.11903                            Converting to BitmapTriples	53.49058                            Converting to BitmapTriples	54.862137                            Converting to BitmapTriples	56.23369                            Converting to BitmapTriples	57.605244                            Converting to BitmapTriples	58.976795                            Converting to BitmapTriples	60.34835                            Converting to BitmapTriples	61.719902                            Converting to BitmapTriples	63.091457                            Converting to BitmapTriples	64.46301                            Converting to BitmapTriples	65.834564                            Converting to BitmapTriples	67.206116                            Converting to BitmapTriples	68.57767                            Converting to BitmapTriples	69.94923                            Converting to BitmapTriples	71.32078                            Converting to BitmapTriples	72.69233                            Converting to BitmapTriples	74.06388                            Converting to BitmapTriples	75.43544                            Converting to BitmapTriples	76.80699                            Converting to BitmapTriples	78.17854                            Converting to BitmapTriples	79.550095                            Converting to BitmapTriples	80.92165                            Converting to BitmapTriples	82.293205                            Converting to BitmapTriples	83.66476                            Converting to BitmapTriples	85.03631                            Converting to BitmapTriples	86.40787                            Converting to BitmapTriples	87.77942                            Converting to BitmapTriples	89.15097                            Converting to BitmapTriples	90.52252                            Converting to BitmapTriples	91.89408                            Converting to BitmapTriples	93.26563                            Converting to BitmapTriples	94.637184                            Converting to BitmapTriples	96.008736                            Converting to BitmapTriples	97.380295                            Converting to BitmapTriples	98.75185                            Generating header	0.0                            Files cat in .......... 19 sec 397 ms 205 us
Total Triples ......... 7291003
Different subjects .... 1987805
Different predicates .. 13
Different objects ..... 2065636
Common Subject/Object . 1678748
HDT saved to file in .. 179 ms 865 us
[exit 0]

[2026-08-17T22:48:49] $ docker run --rm --user 1000:1000 -v /home/ubuntu/vcf-rdfizer-expts/vcf-rdfizer-testing/testing-results/0GOOR_HG002/.hdt_partitioned:/data/work -v /home/ubuntu/vcf-rdfizer-expts/vcf-rdfizer-testing/testing-results/0GOOR_HG002:/data/out ecrum19/vcf-rdfizer:latest bash -lc 'set -euo pipefail; rm -f /data/work/.hdt-merge-r01-00005.time; if [[ -x /usr/bin/time ]] && /usr/bin/time --version >/dev/null 2>&1; then /usr/bin/time -v -o /data/work/.hdt-merge-r01-00005.time -- bash -lc '"'"'set -euo pipefail; rm -f /data/work/merge-r01-00005.hdt; HDTCAT_BIN="${HDTCAT_BIN:-}"; if [[ -z "$HDTCAT_BIN" ]]; then for candidate in hdtCat hdtCat.sh HDTCat HDTCat.sh /opt/hdt-java/bin/hdtCat /opt/hdt-java/bin/hdtCat.sh /usr/local/bin/hdtCat /usr/local/bin/hdtCat.sh; do if [[ "$candidate" == */* ]]; then [[ -x "$candidate" ]] && HDTCAT_BIN="$candidate" && break; else resolved="$(command -v "$candidate" || true)"; [[ -n "$resolved" && -x "$resolved" ]] && HDTCAT_BIN="$resolved" && break; fi; done; fi; if [[ -z "$HDTCAT_BIN" || ! -x "$HDTCAT_BIN" ]]; then echo '"'"'"'"'"'"'"'"'Missing HDTCat binary in container'"'"'"'"'"'"'"'"' >&2; exit 127; fi; "$HDTCAT_BIN" /data/work/chunk-00010.hdt /data/work/chunk-00011.hdt /data/work/merge-r01-00005.hdt'"'"'; else { time -p bash -lc '"'"'set -euo pipefail; rm -f /data/work/merge-r01-00005.hdt; HDTCAT_BIN="${HDTCAT_BIN:-}"; if [[ -z "$HDTCAT_BIN" ]]; then for candidate in hdtCat hdtCat.sh HDTCat HDTCat.sh /opt/hdt-java/bin/hdtCat /opt/hdt-java/bin/hdtCat.sh /usr/local/bin/hdtCat /usr/local/bin/hdtCat.sh; do if [[ "$candidate" == */* ]]; then [[ -x "$candidate" ]] && HDTCAT_BIN="$candidate" && break; else resolved="$(command -v "$candidate" || true)"; [[ -n "$resolved" && -x "$resolved" ]] && HDTCAT_BIN="$resolved" && break; fi; done; fi; if [[ -z "$HDTCAT_BIN" || ! -x "$HDTCAT_BIN" ]]; then echo '"'"'"'"'"'"'"'"'Missing HDTCat binary in container'"'"'"'"'"'"'"'"' >&2; exit 127; fi; "$HDTCAT_BIN" /data/work/chunk-00010.hdt /data/work/chunk-00011.hdt /data/work/merge-r01-00005.hdt'"'"'; } > /data/work/.hdt-merge-r01-00005.time 2>&1; fi'
[INFO] Welcome to hdtCat!
[INFO] This tool was developed by Dennis Diefenbach and Jośe M. Giḿenez-Garćıa
[INFO] Cat /data/work/chunk-00010.hdt, /data/work/chunk-00011.hdt to /data/work/merge-r01-00005.hdt
Generating dictionary	0.0                            Generate predicates: start	0.0                            Generate predicates: Analyze section predicate 	0.0                            Generate subjects: start	0.0                            Generate subjects: Analyze section subject 	0.0                            Generate subjects: Analyze section subject 	21.724396                            Generate subjects: Analyze section subject 	43.44879                            Generate subjects: Analyze section subject 	65.17319                            Generate subjects: Analyze section subject 	86.89758                            Generate objects: start	0.0                            Generate objects: Analyze section object 	0.0                            Generate objects: Analyze section object 	50.075615                            Generate shared: start	0.0                            Generate shared: Analyze section  	0.0                            Generate shared: Analyze section  	5.638151                            Generate shared: Analyze section  	11.276302                            Generate shared: Analyze section  	16.914454                            Generate shared: Analyze section  	22.552605                            Generate shared: Analyze section  	28.190756                            Generate shared: Analyze section  	33.828907                            Generate shared: Analyze section  	39.46706                            Generate shared: Analyze section  	45.10521                            Generate shared: Analyze section  	50.743362                            Generate shared: Analyze section  	56.38151                            Generate shared: Analyze section  	62.019665                            Generate shared: Analyze section  	67.657814                            Generate shared: Analyze section  	73.29597                            Generate shared: Analyze section  	78.93412                            Generate shared: Analyze section  	84.57227                            Generate shared: Analyze section  	90.21042                            Generate shared: Analyze section  	95.84857                            Generating triples	0.0                            Converting to BitmapTriples	0.0                            Converting to BitmapTriples	1.5386969                            Converting to BitmapTriples	3.0773938                            Converting to BitmapTriples	4.6160903                            Converting to BitmapTriples	6.1547875                            Converting to BitmapTriples	7.6934843                            Converting to BitmapTriples	9.232181                            Converting to BitmapTriples	10.770878                            Converting to BitmapTriples	12.309575                            Converting to BitmapTriples	13.848271                            Converting to BitmapTriples	15.386969                            Converting to BitmapTriples	16.925665                            Converting to BitmapTriples	18.464361                            Converting to BitmapTriples	20.00306                            Converting to BitmapTriples	21.541756                            Converting to BitmapTriples	23.080452                            Converting to BitmapTriples	24.61915                            Converting to BitmapTriples	26.157846                            Converting to BitmapTriples	27.696543                            Converting to BitmapTriples	29.235239                            Converting to BitmapTriples	30.773937                            Converting to BitmapTriples	32.312634                            Converting to BitmapTriples	33.85133                            Converting to BitmapTriples	35.390026                            Converting to BitmapTriples	36.928722                            Converting to BitmapTriples	38.467422                            Converting to BitmapTriples	40.00612                            Converting to BitmapTriples	41.544815                            Converting to BitmapTriples	43.08351                            Converting to BitmapTriples	44.622208                            Converting to BitmapTriples	46.160904                            Converting to BitmapTriples	47.6996                            Converting to BitmapTriples	49.2383                            Converting to BitmapTriples	50.776997                            Converting to BitmapTriples	52.315693                            Converting to BitmapTriples	53.85439                            Converting to BitmapTriples	55.393085                            Converting to BitmapTriples	56.93178                            Converting to BitmapTriples	58.470478                            Converting to BitmapTriples	60.00918                            Converting to BitmapTriples	61.547874                            Converting to BitmapTriples	63.08657                            Converting to BitmapTriples	64.62527                            Converting to BitmapTriples	66.16396                            Converting to BitmapTriples	67.70266                            Converting to BitmapTriples	69.241356                            Converting to BitmapTriples	70.78005                            Converting to BitmapTriples	72.31875                            Converting to BitmapTriples	73.857445                            Converting to BitmapTriples	75.39615                            Converting to BitmapTriples	76.934845                            Converting to BitmapTriples	78.47354                            Converting to BitmapTriples	80.01224                            Converting to BitmapTriples	81.550934                            Converting to BitmapTriples	83.08963                            Converting to BitmapTriples	84.62833                            Converting to BitmapTriples	86.16702                            Converting to BitmapTriples	87.70572                            Converting to BitmapTriples	89.244415                            Converting to BitmapTriples	90.78311                            Converting to BitmapTriples	92.32181                            Converting to BitmapTriples	93.860504                            Converting to BitmapTriples	95.3992                            Converting to BitmapTriples	96.937904                            Converting to BitmapTriples	98.4766                            Generating header	0.0                            Files cat in .......... 18 sec 879 ms 34 us
Total Triples ......... 6499006
Different subjects .... 2233943
Different predicates .. 13
Different objects ..... 1973329
Common Subject/Object . 1773631
HDT saved to file in .. 175 ms 25 us
[exit 0]

[2026-08-17T22:49:09] $ docker run --rm --user 1000:1000 -v /home/ubuntu/vcf-rdfizer-expts/vcf-rdfizer-testing/testing-results/0GOOR_HG002/.hdt_partitioned:/data/work -v /home/ubuntu/vcf-rdfizer-expts/vcf-rdfizer-testing/testing-results/0GOOR_HG002:/data/out ecrum19/vcf-rdfizer:latest bash -lc 'set -euo pipefail; rm -f /data/work/.hdt-merge-r01-00006.time; if [[ -x /usr/bin/time ]] && /usr/bin/time --version >/dev/null 2>&1; then /usr/bin/time -v -o /data/work/.hdt-merge-r01-00006.time -- bash -lc '"'"'set -euo pipefail; rm -f /data/work/merge-r01-00006.hdt; HDTCAT_BIN="${HDTCAT_BIN:-}"; if [[ -z "$HDTCAT_BIN" ]]; then for candidate in hdtCat hdtCat.sh HDTCat HDTCat.sh /opt/hdt-java/bin/hdtCat /opt/hdt-java/bin/hdtCat.sh /usr/local/bin/hdtCat /usr/local/bin/hdtCat.sh; do if [[ "$candidate" == */* ]]; then [[ -x "$candidate" ]] && HDTCAT_BIN="$candidate" && break; else resolved="$(command -v "$candidate" || true)"; [[ -n "$resolved" && -x "$resolved" ]] && HDTCAT_BIN="$resolved" && break; fi; done; fi; if [[ -z "$HDTCAT_BIN" || ! -x "$HDTCAT_BIN" ]]; then echo '"'"'"'"'"'"'"'"'Missing HDTCat binary in container'"'"'"'"'"'"'"'"' >&2; exit 127; fi; "$HDTCAT_BIN" /data/work/chunk-00012.hdt /data/work/chunk-00013.hdt /data/work/merge-r01-00006.hdt'"'"'; else { time -p bash -lc '"'"'set -euo pipefail; rm -f /data/work/merge-r01-00006.hdt; HDTCAT_BIN="${HDTCAT_BIN:-}"; if [[ -z "$HDTCAT_BIN" ]]; then for candidate in hdtCat hdtCat.sh HDTCat HDTCat.sh /opt/hdt-java/bin/hdtCat /opt/hdt-java/bin/hdtCat.sh /usr/local/bin/hdtCat /usr/local/bin/hdtCat.sh; do if [[ "$candidate" == */* ]]; then [[ -x "$candidate" ]] && HDTCAT_BIN="$candidate" && break; else resolved="$(command -v "$candidate" || true)"; [[ -n "$resolved" && -x "$resolved" ]] && HDTCAT_BIN="$resolved" && break; fi; done; fi; if [[ -z "$HDTCAT_BIN" || ! -x "$HDTCAT_BIN" ]]; then echo '"'"'"'"'"'"'"'"'Missing HDTCat binary in container'"'"'"'"'"'"'"'"' >&2; exit 127; fi; "$HDTCAT_BIN" /data/work/chunk-00012.hdt /data/work/chunk-00013.hdt /data/work/merge-r01-00006.hdt'"'"'; } > /data/work/.hdt-merge-r01-00006.time 2>&1; fi'
[INFO] Welcome to hdtCat!
[INFO] This tool was developed by Dennis Diefenbach and Jośe M. Giḿenez-Garćıa
[INFO] Cat /data/work/chunk-00012.hdt, /data/work/chunk-00013.hdt to /data/work/merge-r01-00006.hdt
Generating dictionary	0.0                            Generate predicates: start	0.0                            Generate predicates: Analyze section predicate 	0.0                            Generate subjects: start	0.0                            Generate subjects: Analyze section subject 	0.0                            Generate subjects: Analyze section subject 	15.072817                            Generate subjects: Analyze section subject 	30.145634                            Generate subjects: Analyze section subject 	45.21845                            Generate subjects: Analyze section subject 	60.291267                            Generate subjects: Analyze section subject 	75.36408                            Generate subjects: Analyze section subject 	90.4369                            Generate objects: start	0.0                            Generate objects: Analyze section object 	0.0                            Generate objects: Analyze section object 	36.302254                            Generate objects: Analyze section object 	72.60451                            Generate shared: start	0.0                            Generate shared: Analyze section  	0.0                            Generate shared: Analyze section  	5.540412                            Generate shared: Analyze section  	11.080824                            Generate shared: Analyze section  	16.621235                            Generate shared: Analyze section  	22.161648                            Generate shared: Analyze section  	27.702059                            Generate shared: Analyze section  	33.24247                            Generate shared: Analyze section  	38.782883                            Generate shared: Analyze section  	44.323296                            Generate shared: Analyze section  	49.863705                            Generate shared: Analyze section  	55.404118                            Generate shared: Analyze section  	60.94453                            Generate shared: Analyze section  	66.48494                            Generate shared: Analyze section  	72.02535                            Generate shared: Analyze section  	77.565765                            Generate shared: Analyze section  	83.10618                            Generate shared: Analyze section  	88.64659                            Generate shared: Analyze section  	94.187                            Generate shared: Analyze section  	99.72741                            Generating triples	0.0                            Converting to BitmapTriples	0.0                            Converting to BitmapTriples	1.4384217                            Converting to BitmapTriples	2.8768435                            Converting to BitmapTriples	4.315265                            Converting to BitmapTriples	5.753687                            Converting to BitmapTriples	7.1921086                            Converting to BitmapTriples	8.63053                            Converting to BitmapTriples	10.068953                            Converting to BitmapTriples	11.507374                            Converting to BitmapTriples	12.945796                            Converting to BitmapTriples	14.384217                            Converting to BitmapTriples	15.822639                            Converting to BitmapTriples	17.26106                            Converting to BitmapTriples	18.699482                            Converting to BitmapTriples	20.137905                            Converting to BitmapTriples	21.576326                            Converting to BitmapTriples	23.014748                            Converting to BitmapTriples	24.453169                            Converting to BitmapTriples	25.891592                            Converting to BitmapTriples	27.330013                            Converting to BitmapTriples	28.768435                            Converting to BitmapTriples	30.206856                            Converting to BitmapTriples	31.645279                            Converting to BitmapTriples	33.0837                            Converting to BitmapTriples	34.52212                            Converting to BitmapTriples	35.960545                            Converting to BitmapTriples	37.398964                            Converting to BitmapTriples	38.837387                            Converting to BitmapTriples	40.27581                            Converting to BitmapTriples	41.71423                            Converting to BitmapTriples	43.152653                            Converting to BitmapTriples	44.591072                            Converting to BitmapTriples	46.029495                            Converting to BitmapTriples	47.46792                            Converting to BitmapTriples	48.906338                            Converting to BitmapTriples	50.34476                            Converting to BitmapTriples	51.783184                            Converting to BitmapTriples	53.221603                            Converting to BitmapTriples	54.660027                            Converting to BitmapTriples	56.09845                            Converting to BitmapTriples	57.53687                            Converting to BitmapTriples	58.975292                            Converting to BitmapTriples	60.41371                            Converting to BitmapTriples	61.852135                            Converting to BitmapTriples	63.290558                            Converting to BitmapTriples	64.72898                            Converting to BitmapTriples	66.1674                            Converting to BitmapTriples	67.60582                            Converting to BitmapTriples	69.04424                            Converting to BitmapTriples	70.482666                            Converting to BitmapTriples	71.92109                            Converting to BitmapTriples	73.35951                            Converting to BitmapTriples	74.79793                            Converting to BitmapTriples	76.23635                            Converting to BitmapTriples	77.674774                            Converting to BitmapTriples	79.1132                            Converting to BitmapTriples	80.55162                            Converting to BitmapTriples	81.990036                            Converting to BitmapTriples	83.42846                            Converting to BitmapTriples	84.86688                            Converting to BitmapTriples	86.305305                            Converting to BitmapTriples	87.74373                            Converting to BitmapTriples	89.182144                            Converting to BitmapTriples	90.62057                            Converting to BitmapTriples	92.05899                            Converting to BitmapTriples	93.49741                            Converting to BitmapTriples	94.93584                            Converting to BitmapTriples	96.37426                            Converting to BitmapTriples	97.812675                            Converting to BitmapTriples	99.2511                            Generating header	0.0                            Files cat in .......... 22 sec 138 ms 954 us
Total Triples ......... 6952064
Different subjects .... 2468366
Different predicates .. 18
Different objects ..... 2080385
Common Subject/Object . 1804920
HDT saved to file in .. 189 ms 866 us
[exit 0]

[2026-08-17T22:49:32] $ docker run --rm --user 1000:1000 -v /home/ubuntu/vcf-rdfizer-expts/vcf-rdfizer-testing/testing-results/0GOOR_HG002/.hdt_partitioned:/data/work -v /home/ubuntu/vcf-rdfizer-expts/vcf-rdfizer-testing/testing-results/0GOOR_HG002:/data/out ecrum19/vcf-rdfizer:latest bash -lc 'set -euo pipefail; rm -f /data/work/.hdt-merge-r01-00007.time; if [[ -x /usr/bin/time ]] && /usr/bin/time --version >/dev/null 2>&1; then /usr/bin/time -v -o /data/work/.hdt-merge-r01-00007.time -- bash -lc '"'"'set -euo pipefail; rm -f /data/work/merge-r01-00007.hdt; HDTCAT_BIN="${HDTCAT_BIN:-}"; if [[ -z "$HDTCAT_BIN" ]]; then for candidate in hdtCat hdtCat.sh HDTCat HDTCat.sh /opt/hdt-java/bin/hdtCat /opt/hdt-java/bin/hdtCat.sh /usr/local/bin/hdtCat /usr/local/bin/hdtCat.sh; do if [[ "$candidate" == */* ]]; then [[ -x "$candidate" ]] && HDTCAT_BIN="$candidate" && break; else resolved="$(command -v "$candidate" || true)"; [[ -n "$resolved" && -x "$resolved" ]] && HDTCAT_BIN="$resolved" && break; fi; done; fi; if [[ -z "$HDTCAT_BIN" || ! -x "$HDTCAT_BIN" ]]; then echo '"'"'"'"'"'"'"'"'Missing HDTCat binary in container'"'"'"'"'"'"'"'"' >&2; exit 127; fi; "$HDTCAT_BIN" /data/work/chunk-00014.hdt /data/work/chunk-00015.hdt /data/work/merge-r01-00007.hdt'"'"'; else { time -p bash -lc '"'"'set -euo pipefail; rm -f /data/work/merge-r01-00007.hdt; HDTCAT_BIN="${HDTCAT_BIN:-}"; if [[ -z "$HDTCAT_BIN" ]]; then for candidate in hdtCat hdtCat.sh HDTCat HDTCat.sh /opt/hdt-java/bin/hdtCat /opt/hdt-java/bin/hdtCat.sh /usr/local/bin/hdtCat /usr/local/bin/hdtCat.sh; do if [[ "$candidate" == */* ]]; then [[ -x "$candidate" ]] && HDTCAT_BIN="$candidate" && break; else resolved="$(command -v "$candidate" || true)"; [[ -n "$resolved" && -x "$resolved" ]] && HDTCAT_BIN="$resolved" && break; fi; done; fi; if [[ -z "$HDTCAT_BIN" || ! -x "$HDTCAT_BIN" ]]; then echo '"'"'"'"'"'"'"'"'Missing HDTCat binary in container'"'"'"'"'"'"'"'"' >&2; exit 127; fi; "$HDTCAT_BIN" /data/work/chunk-00014.hdt /data/work/chunk-00015.hdt /data/work/merge-r01-00007.hdt'"'"'; } > /data/work/.hdt-merge-r01-00007.time 2>&1; fi'
[INFO] Welcome to hdtCat!
[INFO] This tool was developed by Dennis Diefenbach and Jośe M. Giḿenez-Garćıa
[INFO] Cat /data/work/chunk-00014.hdt, /data/work/chunk-00015.hdt to /data/work/merge-r01-00007.hdt
Generating dictionary	0.0                            Generate predicates: start	0.0                            Generate predicates: Analyze section predicate 	0.0                            Generate subjects: start	0.0                            Generate subjects: Analyze section subject 	0.0                            Generate subjects: Analyze section subject 	11.316941                            Generate subjects: Analyze section subject 	22.633883                            Generate subjects: Analyze section subject 	33.950825                            Generate subjects: Analyze section subject 	45.267765                            Generate subjects: Analyze section subject 	56.584705                            Generate subjects: Analyze section subject 	67.90165                            Generate subjects: Analyze section subject 	79.21859                            Generate subjects: Analyze section subject 	90.53553                            Generate objects: start	0.0                            Generate objects: Analyze section object 	0.0                            Generate objects: Analyze section object 	37.727734                            Generate objects: Analyze section object 	75.45547                            Generate shared: start	0.0                            Generate shared: Analyze section  	0.0                            Generate shared: Analyze section  	5.5444913                            Generate shared: Analyze section  	11.088983                            Generate shared: Analyze section  	16.633474                            Generate shared: Analyze section  	22.177965                            Generate shared: Analyze section  	27.722456                            Generate shared: Analyze section  	33.26695                            Generate shared: Analyze section  	38.81144                            Generate shared: Analyze section  	44.35593                            Generate shared: Analyze section  	49.90042                            Generate shared: Analyze section  	55.444912                            Generate shared: Analyze section  	60.989403                            Generate shared: Analyze section  	66.5339                            Generate shared: Analyze section  	72.078384                            Generate shared: Analyze section  	77.62288                            Generate shared: Analyze section  	83.167366                            Generate shared: Analyze section  	88.71186                            Generate shared: Analyze section  	94.25635                            Generate shared: Analyze section  	99.80084                            Generating triples	0.0                            Converting to BitmapTriples	0.0                            Converting to BitmapTriples	1.4395466                            Converting to BitmapTriples	2.8790932                            Converting to BitmapTriples	4.3186398                            Converting to BitmapTriples	5.7581863                            Converting to BitmapTriples	7.1977324                            Converting to BitmapTriples	8.6372795                            Converting to BitmapTriples	10.076826                            Converting to BitmapTriples	11.516373                            Converting to BitmapTriples	12.955918                            Converting to BitmapTriples	14.395465                            Converting to BitmapTriples	15.8350115                            Converting to BitmapTriples	17.274559                            Converting to BitmapTriples	18.714106                            Converting to BitmapTriples	20.153652                            Converting to BitmapTriples	21.593199                            Converting to BitmapTriples	23.032745                            Converting to BitmapTriples	24.472292                            Converting to BitmapTriples	25.911837                            Converting to BitmapTriples	27.351383                            Converting to BitmapTriples	28.79093                            Converting to BitmapTriples	30.230476                            Converting to BitmapTriples	31.670023                            Converting to BitmapTriples	33.10957                            Converting to BitmapTriples	34.549118                            Converting to BitmapTriples	35.988663                            Converting to BitmapTriples	37.42821                            Converting to BitmapTriples	38.867756                            Converting to BitmapTriples	40.307304                            Converting to BitmapTriples	41.74685                            Converting to BitmapTriples	43.186398                            Converting to BitmapTriples	44.625942                            Converting to BitmapTriples	46.06549                            Converting to BitmapTriples	47.505035                            Converting to BitmapTriples	48.944584                            Converting to BitmapTriples	50.38413                            Converting to BitmapTriples	51.823673                            Converting to BitmapTriples	53.26322                            Converting to BitmapTriples	54.702766                            Converting to BitmapTriples	56.142315                            Converting to BitmapTriples	57.58186                            Converting to BitmapTriples	59.021408                            Converting to BitmapTriples	60.460953                            Converting to BitmapTriples	61.9005                            Converting to BitmapTriples	63.340046                            Converting to BitmapTriples	64.779594                            Converting to BitmapTriples	66.21914                            Converting to BitmapTriples	67.65868                            Converting to BitmapTriples	69.098236                            Converting to BitmapTriples	70.53778                            Converting to BitmapTriples	71.977325                            Converting to BitmapTriples	73.41687                            Converting to BitmapTriples	74.85642                            Converting to BitmapTriples	76.29597                            Converting to BitmapTriples	77.73551                            Converting to BitmapTriples	79.17506                            Converting to BitmapTriples	80.61461                            Converting to BitmapTriples	82.05415                            Converting to BitmapTriples	83.4937                            Converting to BitmapTriples	84.93324                            Converting to BitmapTriples	86.372795                            Converting to BitmapTriples	87.81234                            Converting to BitmapTriples	89.251884                            Converting to BitmapTriples	90.69143                            Converting to BitmapTriples	92.13098                            Converting to BitmapTriples	93.570526                            Converting to BitmapTriples	95.01007                            Converting to BitmapTriples	96.449615                            Converting to BitmapTriples	97.88917                            Converting to BitmapTriples	99.32871                            Generating header	0.0                            Files cat in .......... 22 sec 273 ms 712 us
Total Triples ......... 6946632
Different subjects .... 2687223
Different predicates .. 15
Different objects ..... 2068649
Common Subject/Object . 1803592
HDT saved to file in .. 191 ms 223 us
[exit 0]

[2026-08-17T22:49:55] $ docker run --rm --user 1000:1000 -v /home/ubuntu/vcf-rdfizer-expts/vcf-rdfizer-testing/testing-results/0GOOR_HG002/.hdt_partitioned:/data/work -v /home/ubuntu/vcf-rdfizer-expts/vcf-rdfizer-testing/testing-results/0GOOR_HG002:/data/out ecrum19/vcf-rdfizer:latest bash -lc 'set -euo pipefail; rm -f /data/work/.hdt-merge-r01-00008.time; if [[ -x /usr/bin/time ]] && /usr/bin/time --version >/dev/null 2>&1; then /usr/bin/time -v -o /data/work/.hdt-merge-r01-00008.time -- bash -lc '"'"'set -euo pipefail; rm -f /data/work/merge-r01-00008.hdt; HDTCAT_BIN="${HDTCAT_BIN:-}"; if [[ -z "$HDTCAT_BIN" ]]; then for candidate in hdtCat hdtCat.sh HDTCat HDTCat.sh /opt/hdt-java/bin/hdtCat /opt/hdt-java/bin/hdtCat.sh /usr/local/bin/hdtCat /usr/local/bin/hdtCat.sh; do if [[ "$candidate" == */* ]]; then [[ -x "$candidate" ]] && HDTCAT_BIN="$candidate" && break; else resolved="$(command -v "$candidate" || true)"; [[ -n "$resolved" && -x "$resolved" ]] && HDTCAT_BIN="$resolved" && break; fi; done; fi; if [[ -z "$HDTCAT_BIN" || ! -x "$HDTCAT_BIN" ]]; then echo '"'"'"'"'"'"'"'"'Missing HDTCat binary in container'"'"'"'"'"'"'"'"' >&2; exit 127; fi; "$HDTCAT_BIN" /data/work/chunk-00016.hdt /data/work/chunk-00017.hdt /data/work/merge-r01-00008.hdt'"'"'; else { time -p bash -lc '"'"'set -euo pipefail; rm -f /data/work/merge-r01-00008.hdt; HDTCAT_BIN="${HDTCAT_BIN:-}"; if [[ -z "$HDTCAT_BIN" ]]; then for candidate in hdtCat hdtCat.sh HDTCat HDTCat.sh /opt/hdt-java/bin/hdtCat /opt/hdt-java/bin/hdtCat.sh /usr/local/bin/hdtCat /usr/local/bin/hdtCat.sh; do if [[ "$candidate" == */* ]]; then [[ -x "$candidate" ]] && HDTCAT_BIN="$candidate" && break; else resolved="$(command -v "$candidate" || true)"; [[ -n "$resolved" && -x "$resolved" ]] && HDTCAT_BIN="$resolved" && break; fi; done; fi; if [[ -z "$HDTCAT_BIN" || ! -x "$HDTCAT_BIN" ]]; then echo '"'"'"'"'"'"'"'"'Missing HDTCat binary in container'"'"'"'"'"'"'"'"' >&2; exit 127; fi; "$HDTCAT_BIN" /data/work/chunk-00016.hdt /data/work/chunk-00017.hdt /data/work/merge-r01-00008.hdt'"'"'; } > /data/work/.hdt-merge-r01-00008.time 2>&1; fi'
[INFO] Welcome to hdtCat!
[INFO] This tool was developed by Dennis Diefenbach and Jośe M. Giḿenez-Garćıa
[INFO] Cat /data/work/chunk-00016.hdt, /data/work/chunk-00017.hdt to /data/work/merge-r01-00008.hdt
Generating dictionary	0.0                            Generate predicates: start	0.0                            Generate predicates: Analyze section predicate 	0.0                            Generate subjects: start	0.0                            Generate subjects: Analyze section subject 	0.0                            Generate subjects: Analyze section subject 	15.3487                            Generate subjects: Analyze section subject 	30.6974                            Generate subjects: Analyze section subject 	46.046097                            Generate subjects: Analyze section subject 	61.3948                            Generate subjects: Analyze section subject 	76.7435                            Generate subjects: Analyze section subject 	92.09219                            Generate objects: start	0.0                            Generate objects: Analyze section object 	0.0                            Generate objects: Analyze section object 	32.089645                            Generate objects: Analyze section object 	64.17929                            Generate objects: Analyze section object 	96.268936                            Generate shared: start	0.0                            Generate shared: Analyze section  	0.0                            Generate shared: Analyze section  	5.6941414                            Generate shared: Analyze section  	11.388283                            Generate shared: Analyze section  	17.082424                            Generate shared: Analyze section  	22.776566                            Generate shared: Analyze section  	28.470707                            Generate shared: Analyze section  	34.16485                            Generate shared: Analyze section  	39.85899                            Generate shared: Analyze section  	45.55313                            Generate shared: Analyze section  	51.247272                            Generate shared: Analyze section  	56.941414                            Generate shared: Analyze section  	62.635555                            Generate shared: Analyze section  	68.3297                            Generate shared: Analyze section  	74.02384                            Generate shared: Analyze section  	79.71798                            Generate shared: Analyze section  	85.412125                            Generate shared: Analyze section  	91.10626                            Generate shared: Analyze section  	96.80041                            Generating triples	0.0                            Converting to BitmapTriples	0.0                            Converting to BitmapTriples	1.4083016                            Converting to BitmapTriples	2.8166032                            Converting to BitmapTriples	4.2249045                            Converting to BitmapTriples	5.6332064                            Converting to BitmapTriples	7.0415077                            Converting to BitmapTriples	8.449809                            Converting to BitmapTriples	9.85811                            Converting to BitmapTriples	11.266413                            Converting to BitmapTriples	12.674714                            Converting to BitmapTriples	14.083015                            Converting to BitmapTriples	15.491317                            Converting to BitmapTriples	16.899618                            Converting to BitmapTriples	18.30792                            Converting to BitmapTriples	19.71622                            Converting to BitmapTriples	21.124523                            Converting to BitmapTriples	22.532825                            Converting to BitmapTriples	23.941126                            Converting to BitmapTriples	25.349428                            Converting to BitmapTriples	26.757729                            Converting to BitmapTriples	28.16603                            Converting to BitmapTriples	29.574333                            Converting to BitmapTriples	30.982634                            Converting to BitmapTriples	32.390934                            Converting to BitmapTriples	33.799236                            Converting to BitmapTriples	35.20754                            Converting to BitmapTriples	36.61584                            Converting to BitmapTriples	38.024143                            Converting to BitmapTriples	39.43244                            Converting to BitmapTriples	40.840744                            Converting to BitmapTriples	42.249046                            Converting to BitmapTriples	43.65735                            Converting to BitmapTriples	45.06565                            Converting to BitmapTriples	46.47395                            Converting to BitmapTriples	47.88225                            Converting to BitmapTriples	49.290554                            Converting to BitmapTriples	50.698856                            Converting to BitmapTriples	52.10716                            Converting to BitmapTriples	53.515457                            Converting to BitmapTriples	54.92376                            Converting to BitmapTriples	56.33206                            Converting to BitmapTriples	57.740364                            Converting to BitmapTriples	59.148666                            Converting to BitmapTriples	60.556965                            Converting to BitmapTriples	61.965267                            Converting to BitmapTriples	63.37357                            Converting to BitmapTriples	64.78187                            Converting to BitmapTriples	66.19017                            Converting to BitmapTriples	67.59847                            Converting to BitmapTriples	69.006775                            Converting to BitmapTriples	70.41508                            Converting to BitmapTriples	71.82338                            Converting to BitmapTriples	73.23168                            Converting to BitmapTriples	74.639984                            Converting to BitmapTriples	76.04829                            Converting to BitmapTriples	77.45658                            Converting to BitmapTriples	78.86488                            Converting to BitmapTriples	80.273186                            Converting to BitmapTriples	81.68149                            Converting to BitmapTriples	83.08979                            Converting to BitmapTriples	84.49809                            Converting to BitmapTriples	85.906395                            Converting to BitmapTriples	87.3147                            Converting to BitmapTriples	88.723                            Converting to BitmapTriples	90.1313                            Converting to BitmapTriples	91.5396                            Converting to BitmapTriples	92.9479                            Converting to BitmapTriples	94.3562                            Converting to BitmapTriples	95.7645                            Converting to BitmapTriples	97.172806                            Converting to BitmapTriples	98.58111                            Converting to BitmapTriples	99.98941                            Generating header	0.0                            Files cat in .......... 22 sec 252 ms 198 us
Total Triples ......... 7100752
Different subjects .... 2407712
Different predicates .. 15
Different objects ..... 2067818
Common Subject/Object . 1756191
HDT saved to file in .. 187 ms 391 us
[exit 0]

[2026-08-17T22:50:19] $ docker run --rm --user 1000:1000 -v /home/ubuntu/vcf-rdfizer-expts/vcf-rdfizer-testing/testing-results/0GOOR_HG002/.hdt_partitioned:/data/work -v /home/ubuntu/vcf-rdfizer-expts/vcf-rdfizer-testing/testing-results/0GOOR_HG002:/data/out ecrum19/vcf-rdfizer:latest bash -lc 'set -euo pipefail; rm -f /data/work/.hdt-merge-r01-00009.time; if [[ -x /usr/bin/time ]] && /usr/bin/time --version >/dev/null 2>&1; then /usr/bin/time -v -o /data/work/.hdt-merge-r01-00009.time -- bash -lc '"'"'set -euo pipefail; rm -f /data/work/merge-r01-00009.hdt; HDTCAT_BIN="${HDTCAT_BIN:-}"; if [[ -z "$HDTCAT_BIN" ]]; then for candidate in hdtCat hdtCat.sh HDTCat HDTCat.sh /opt/hdt-java/bin/hdtCat /opt/hdt-java/bin/hdtCat.sh /usr/local/bin/hdtCat /usr/local/bin/hdtCat.sh; do if [[ "$candidate" == */* ]]; then [[ -x "$candidate" ]] && HDTCAT_BIN="$candidate" && break; else resolved="$(command -v "$candidate" || true)"; [[ -n "$resolved" && -x "$resolved" ]] && HDTCAT_BIN="$resolved" && break; fi; done; fi; if [[ -z "$HDTCAT_BIN" || ! -x "$HDTCAT_BIN" ]]; then echo '"'"'"'"'"'"'"'"'Missing HDTCat binary in container'"'"'"'"'"'"'"'"' >&2; exit 127; fi; "$HDTCAT_BIN" /data/work/chunk-00018.hdt /data/work/chunk-00019.hdt /data/work/merge-r01-00009.hdt'"'"'; else { time -p bash -lc '"'"'set -euo pipefail; rm -f /data/work/merge-r01-00009.hdt; HDTCAT_BIN="${HDTCAT_BIN:-}"; if [[ -z "$HDTCAT_BIN" ]]; then for candidate in hdtCat hdtCat.sh HDTCat HDTCat.sh /opt/hdt-java/bin/hdtCat /opt/hdt-java/bin/hdtCat.sh /usr/local/bin/hdtCat /usr/local/bin/hdtCat.sh; do if [[ "$candidate" == */* ]]; then [[ -x "$candidate" ]] && HDTCAT_BIN="$candidate" && break; else resolved="$(command -v "$candidate" || true)"; [[ -n "$resolved" && -x "$resolved" ]] && HDTCAT_BIN="$resolved" && break; fi; done; fi; if [[ -z "$HDTCAT_BIN" || ! -x "$HDTCAT_BIN" ]]; then echo '"'"'"'"'"'"'"'"'Missing HDTCat binary in container'"'"'"'"'"'"'"'"' >&2; exit 127; fi; "$HDTCAT_BIN" /data/work/chunk-00018.hdt /data/work/chunk-00019.hdt /data/work/merge-r01-00009.hdt'"'"'; } > /data/work/.hdt-merge-r01-00009.time 2>&1; fi'
[INFO] Welcome to hdtCat!
[INFO] This tool was developed by Dennis Diefenbach and Jośe M. Giḿenez-Garćıa
[INFO] Cat /data/work/chunk-00018.hdt, /data/work/chunk-00019.hdt to /data/work/merge-r01-00009.hdt
Generating dictionary	0.0                            Generate predicates: start	0.0                            Generate predicates: Analyze section predicate 	0.0                            Generate subjects: start	0.0                            Generate subjects: Analyze section subject 	0.0                            Generate subjects: Analyze section subject 	32.374195                            Generate subjects: Analyze section subject 	64.74839                            Generate subjects: Analyze section subject 	97.12258                            Generate objects: start	0.0                            Generate objects: Analyze section object 	0.0                            Generate objects: Analyze section object 	25.63557                            Generate objects: Analyze section object 	51.27114                            Generate objects: Analyze section object 	76.90671                            Generate shared: start	0.0                            Generate shared: Analyze section  	0.0                            Generate shared: Analyze section  	5.943989                            Generate shared: Analyze section  	11.887978                            Generate shared: Analyze section  	17.831966                            Generate shared: Analyze section  	23.775955                            Generate shared: Analyze section  	29.719942                            Generate shared: Analyze section  	35.663933                            Generate shared: Analyze section  	41.60792                            Generate shared: Analyze section  	47.55191                            Generate shared: Analyze section  	53.4959                            Generate shared: Analyze section  	59.439884                            Generate shared: Analyze section  	65.38387                            Generate shared: Analyze section  	71.327866                            Generate shared: Analyze section  	77.27185                            Generate shared: Analyze section  	83.21584                            Generate shared: Analyze section  	89.15983                            Generate shared: Analyze section  	95.10382                            Generating triples	0.0                            Converting to BitmapTriples	0.0                            Converting to BitmapTriples	1.3671893                            Converting to BitmapTriples	2.7343786                            Converting to BitmapTriples	4.1015677                            Converting to BitmapTriples	5.468757                            Converting to BitmapTriples	6.8359466                            Converting to BitmapTriples	8.2031355                            Converting to BitmapTriples	9.570325                            Converting to BitmapTriples	10.937514                            Converting to BitmapTriples	12.304704                            Converting to BitmapTriples	13.671893                            Converting to BitmapTriples	15.039083                            Converting to BitmapTriples	16.406271                            Converting to BitmapTriples	17.77346                            Converting to BitmapTriples	19.14065                            Converting to BitmapTriples	20.50784                            Converting to BitmapTriples	21.875029                            Converting to BitmapTriples	23.242218                            Converting to BitmapTriples	24.609407                            Converting to BitmapTriples	25.976597                            Converting to BitmapTriples	27.343786                            Converting to BitmapTriples	28.710976                            Converting to BitmapTriples	30.078165                            Converting to BitmapTriples	31.445354                            Converting to BitmapTriples	32.812542                            Converting to BitmapTriples	34.179733                            Converting to BitmapTriples	35.54692                            Converting to BitmapTriples	36.914112                            Converting to BitmapTriples	38.2813                            Converting to BitmapTriples	39.64849                            Converting to BitmapTriples	41.01568                            Converting to BitmapTriples	42.38287                            Converting to BitmapTriples	43.750057                            Converting to BitmapTriples	45.11725                            Converting to BitmapTriples	46.484436                            Converting to BitmapTriples	47.851627                            Converting to BitmapTriples	49.218815                            Converting to BitmapTriples	50.586006                            Converting to BitmapTriples	51.953194                            Converting to BitmapTriples	53.320385                            Converting to BitmapTriples	54.687572                            Converting to BitmapTriples	56.054764                            Converting to BitmapTriples	57.42195                            Converting to BitmapTriples	58.78914                            Converting to BitmapTriples	60.15633                            Converting to BitmapTriples	61.523518                            Converting to BitmapTriples	62.89071                            Converting to BitmapTriples	64.2579                            Converting to BitmapTriples	65.625084                            Converting to BitmapTriples	66.99228                            Converting to BitmapTriples	68.35947                            Converting to BitmapTriples	69.726654                            Converting to BitmapTriples	71.09384                            Converting to BitmapTriples	72.46104                            Converting to BitmapTriples	73.828224                            Converting to BitmapTriples	75.19541                            Converting to BitmapTriples	76.5626                            Converting to BitmapTriples	77.929794                            Converting to BitmapTriples	79.29698                            Converting to BitmapTriples	80.66417                            Converting to BitmapTriples	82.03136                            Converting to BitmapTriples	83.39855                            Converting to BitmapTriples	84.76574                            Converting to BitmapTriples	86.13293                            Converting to BitmapTriples	87.500114                            Converting to BitmapTriples	88.8673                            Converting to BitmapTriples	90.2345                            Converting to BitmapTriples	91.601685                            Converting to BitmapTriples	92.96887                            Converting to BitmapTriples	94.33606                            Converting to BitmapTriples	95.703255                            Converting to BitmapTriples	97.07044                            Converting to BitmapTriples	98.43763                            Converting to BitmapTriples	99.80482                            Generating header	0.0                            Files cat in .......... 16 sec 815 ms 832 us
Total Triples ......... 7314276
Different subjects .... 1991260
Different predicates .. 13
Different objects ..... 2072455
Common Subject/Object . 1682372
HDT saved to file in .. 182 ms 157 us
[exit 0]

[2026-08-17T22:50:36] $ docker run --rm --user 1000:1000 -v /home/ubuntu/vcf-rdfizer-expts/vcf-rdfizer-testing/testing-results/0GOOR_HG002/.hdt_partitioned:/data/work -v /home/ubuntu/vcf-rdfizer-expts/vcf-rdfizer-testing/testing-results/0GOOR_HG002:/data/out ecrum19/vcf-rdfizer:latest bash -lc 'set -euo pipefail; rm -f /data/work/.hdt-merge-r01-00010.time; if [[ -x /usr/bin/time ]] && /usr/bin/time --version >/dev/null 2>&1; then /usr/bin/time -v -o /data/work/.hdt-merge-r01-00010.time -- bash -lc '"'"'set -euo pipefail; rm -f /data/work/merge-r01-00010.hdt; HDTCAT_BIN="${HDTCAT_BIN:-}"; if [[ -z "$HDTCAT_BIN" ]]; then for candidate in hdtCat hdtCat.sh HDTCat HDTCat.sh /opt/hdt-java/bin/hdtCat /opt/hdt-java/bin/hdtCat.sh /usr/local/bin/hdtCat /usr/local/bin/hdtCat.sh; do if [[ "$candidate" == */* ]]; then [[ -x "$candidate" ]] && HDTCAT_BIN="$candidate" && break; else resolved="$(command -v "$candidate" || true)"; [[ -n "$resolved" && -x "$resolved" ]] && HDTCAT_BIN="$resolved" && break; fi; done; fi; if [[ -z "$HDTCAT_BIN" || ! -x "$HDTCAT_BIN" ]]; then echo '"'"'"'"'"'"'"'"'Missing HDTCat binary in container'"'"'"'"'"'"'"'"' >&2; exit 127; fi; "$HDTCAT_BIN" /data/work/chunk-00020.hdt /data/work/chunk-00021.hdt /data/work/merge-r01-00010.hdt'"'"'; else { time -p bash -lc '"'"'set -euo pipefail; rm -f /data/work/merge-r01-00010.hdt; HDTCAT_BIN="${HDTCAT_BIN:-}"; if [[ -z "$HDTCAT_BIN" ]]; then for candidate in hdtCat hdtCat.sh HDTCat HDTCat.sh /opt/hdt-java/bin/hdtCat /opt/hdt-java/bin/hdtCat.sh /usr/local/bin/hdtCat /usr/local/bin/hdtCat.sh; do if [[ "$candidate" == */* ]]; then [[ -x "$candidate" ]] && HDTCAT_BIN="$candidate" && break; else resolved="$(command -v "$candidate" || true)"; [[ -n "$resolved" && -x "$resolved" ]] && HDTCAT_BIN="$resolved" && break; fi; done; fi; if [[ -z "$HDTCAT_BIN" || ! -x "$HDTCAT_BIN" ]]; then echo '"'"'"'"'"'"'"'"'Missing HDTCat binary in container'"'"'"'"'"'"'"'"' >&2; exit 127; fi; "$HDTCAT_BIN" /data/work/chunk-00020.hdt /data/work/chunk-00021.hdt /data/work/merge-r01-00010.hdt'"'"'; } > /data/work/.hdt-merge-r01-00010.time 2>&1; fi'
[INFO] Welcome to hdtCat!
[INFO] This tool was developed by Dennis Diefenbach and Jośe M. Giḿenez-Garćıa
[INFO] Cat /data/work/chunk-00020.hdt, /data/work/chunk-00021.hdt to /data/work/merge-r01-00010.hdt
Generating dictionary	0.0                            Generate predicates: start	0.0                            Generate predicates: Analyze section predicate 	0.0                            Generate subjects: start	0.0                            Generate subjects: Analyze section subject 	0.0                            Generate subjects: Analyze section subject 	32.643574                            Generate subjects: Analyze section subject 	65.28715                            Generate subjects: Analyze section subject 	97.930725                            Generate objects: start	0.0                            Generate objects: Analyze section object 	0.0                            Generate objects: Analyze section object 	25.417418                            Generate objects: Analyze section object 	50.834835                            Generate objects: Analyze section object 	76.25225                            Generate shared: start	0.0                            Generate shared: Analyze section  	0.0                            Generate shared: Analyze section  	5.9627414                            Generate shared: Analyze section  	11.925483                            Generate shared: Analyze section  	17.888224                            Generate shared: Analyze section  	23.850965                            Generate shared: Analyze section  	29.813705                            Generate shared: Analyze section  	35.776447                            Generate shared: Analyze section  	41.73919                            Generate shared: Analyze section  	47.70193                            Generate shared: Analyze section  	53.66467                            Generate shared: Analyze section  	59.62741                            Generate shared: Analyze section  	65.59016                            Generate shared: Analyze section  	71.552895                            Generate shared: Analyze section  	77.51563                            Generate shared: Analyze section  	83.47838                            Generate shared: Analyze section  	89.44112                            Generate shared: Analyze section  	95.40386                            Generating triples	0.0                            Converting to BitmapTriples	0.0                            Converting to BitmapTriples	1.3688339                            Converting to BitmapTriples	2.7376678                            Converting to BitmapTriples	4.106502                            Converting to BitmapTriples	5.4753356                            Converting to BitmapTriples	6.8441696                            Converting to BitmapTriples	8.213004                            Converting to BitmapTriples	9.581838                            Converting to BitmapTriples	10.950671                            Converting to BitmapTriples	12.319506                            Converting to BitmapTriples	13.688339                            Converting to BitmapTriples	15.057174                            Converting to BitmapTriples	16.426008                            Converting to BitmapTriples	17.794842                            Converting to BitmapTriples	19.163675                            Converting to BitmapTriples	20.532509                            Converting to BitmapTriples	21.901342                            Converting to BitmapTriples	23.270178                            Converting to BitmapTriples	24.639011                            Converting to BitmapTriples	26.007845                            Converting to BitmapTriples	27.376678                            Converting to BitmapTriples	28.745512                            Converting to BitmapTriples	30.114347                            Converting to BitmapTriples	31.483181                            Converting to BitmapTriples	32.852016                            Converting to BitmapTriples	34.220848                            Converting to BitmapTriples	35.589684                            Converting to BitmapTriples	36.958515                            Converting to BitmapTriples	38.32735                            Converting to BitmapTriples	39.696186                            Converting to BitmapTriples	41.065018                            Converting to BitmapTriples	42.433853                            Converting to BitmapTriples	43.802685                            Converting to BitmapTriples	45.17152                            Converting to BitmapTriples	46.540356                            Converting to BitmapTriples	47.909187                            Converting to BitmapTriples	49.278023                            Converting to BitmapTriples	50.646854                            Converting to BitmapTriples	52.01569                            Converting to BitmapTriples	53.384525                            Converting to BitmapTriples	54.753357                            Converting to BitmapTriples	56.122192                            Converting to BitmapTriples	57.491024                            Converting to BitmapTriples	58.85986                            Converting to BitmapTriples	60.228695                            Converting to BitmapTriples	61.597527                            Converting to BitmapTriples	62.966362                            Converting to BitmapTriples	64.3352                            Converting to BitmapTriples	65.70403                            Converting to BitmapTriples	67.07286                            Converting to BitmapTriples	68.441696                            Converting to BitmapTriples	69.81053                            Converting to BitmapTriples	71.17937                            Converting to BitmapTriples	72.5482                            Converting to BitmapTriples	73.91703                            Converting to BitmapTriples	75.285866                            Converting to BitmapTriples	76.6547                            Converting to BitmapTriples	78.02354                            Converting to BitmapTriples	79.39237                            Converting to BitmapTriples	80.7612                            Converting to BitmapTriples	82.130035                            Converting to BitmapTriples	83.49887                            Converting to BitmapTriples	84.86771                            Converting to BitmapTriples	86.23654                            Converting to BitmapTriples	87.60537                            Converting to BitmapTriples	88.974205                            Converting to BitmapTriples	90.34304                            Converting to BitmapTriples	91.711876                            Converting to BitmapTriples	93.08071                            Converting to BitmapTriples	94.44954                            Converting to BitmapTriples	95.818375                            Converting to BitmapTriples	97.18721                            Converting to BitmapTriples	98.556046                            Converting to BitmapTriples	99.92488                            Generating header	0.0                            Files cat in .......... 19 sec 335 ms 825 us
Total Triples ......... 7305488
Different subjects .... 1983420
Different predicates .. 13
Different objects ..... 2070512
Common Subject/Object . 1677081
HDT saved to file in .. 221 ms 632 us
[exit 0]

[2026-08-17T22:50:57] $ docker run --rm --user 1000:1000 -v /home/ubuntu/vcf-rdfizer-expts/vcf-rdfizer-testing/testing-results/0GOOR_HG002/.hdt_partitioned:/data/work -v /home/ubuntu/vcf-rdfizer-expts/vcf-rdfizer-testing/testing-results/0GOOR_HG002:/data/out ecrum19/vcf-rdfizer:latest bash -lc 'set -euo pipefail; rm -f /data/work/.hdt-merge-r01-00011.time; if [[ -x /usr/bin/time ]] && /usr/bin/time --version >/dev/null 2>&1; then /usr/bin/time -v -o /data/work/.hdt-merge-r01-00011.time -- bash -lc '"'"'set -euo pipefail; rm -f /data/work/merge-r01-00011.hdt; HDTCAT_BIN="${HDTCAT_BIN:-}"; if [[ -z "$HDTCAT_BIN" ]]; then for candidate in hdtCat hdtCat.sh HDTCat HDTCat.sh /opt/hdt-java/bin/hdtCat /opt/hdt-java/bin/hdtCat.sh /usr/local/bin/hdtCat /usr/local/bin/hdtCat.sh; do if [[ "$candidate" == */* ]]; then [[ -x "$candidate" ]] && HDTCAT_BIN="$candidate" && break; else resolved="$(command -v "$candidate" || true)"; [[ -n "$resolved" && -x "$resolved" ]] && HDTCAT_BIN="$resolved" && break; fi; done; fi; if [[ -z "$HDTCAT_BIN" || ! -x "$HDTCAT_BIN" ]]; then echo '"'"'"'"'"'"'"'"'Missing HDTCat binary in container'"'"'"'"'"'"'"'"' >&2; exit 127; fi; "$HDTCAT_BIN" /data/work/chunk-00022.hdt /data/work/chunk-00023.hdt /data/work/merge-r01-00011.hdt'"'"'; else { time -p bash -lc '"'"'set -euo pipefail; rm -f /data/work/merge-r01-00011.hdt; HDTCAT_BIN="${HDTCAT_BIN:-}"; if [[ -z "$HDTCAT_BIN" ]]; then for candidate in hdtCat hdtCat.sh HDTCat HDTCat.sh /opt/hdt-java/bin/hdtCat /opt/hdt-java/bin/hdtCat.sh /usr/local/bin/hdtCat /usr/local/bin/hdtCat.sh; do if [[ "$candidate" == */* ]]; then [[ -x "$candidate" ]] && HDTCAT_BIN="$candidate" && break; else resolved="$(command -v "$candidate" || true)"; [[ -n "$resolved" && -x "$resolved" ]] && HDTCAT_BIN="$resolved" && break; fi; done; fi; if [[ -z "$HDTCAT_BIN" || ! -x "$HDTCAT_BIN" ]]; then echo '"'"'"'"'"'"'"'"'Missing HDTCat binary in container'"'"'"'"'"'"'"'"' >&2; exit 127; fi; "$HDTCAT_BIN" /data/work/chunk-00022.hdt /data/work/chunk-00023.hdt /data/work/merge-r01-00011.hdt'"'"'; } > /data/work/.hdt-merge-r01-00011.time 2>&1; fi'
[INFO] Welcome to hdtCat!
[INFO] This tool was developed by Dennis Diefenbach and Jośe M. Giḿenez-Garćıa
[INFO] Cat /data/work/chunk-00022.hdt, /data/work/chunk-00023.hdt to /data/work/merge-r01-00011.hdt
Generating dictionary	0.0                            Generate predicates: start	0.0                            Generate predicates: Analyze section predicate 	0.0                            Generate subjects: start	0.0                            Generate subjects: Analyze section subject 	0.0                            Generate subjects: Analyze section subject 	21.211786                            Generate subjects: Analyze section subject 	42.423573                            Generate subjects: Analyze section subject 	63.63536                            Generate subjects: Analyze section subject 	84.847145                            Generate objects: start	0.0                            Generate objects: Analyze section object 	0.0                            Generate objects: Analyze section object 	49.99425                            Generate objects: Analyze section object 	99.9885                            Generate shared: start	0.0                            Generate shared: Analyze section  	0.0                            Generate shared: Analyze section  	5.613871                            Generate shared: Analyze section  	11.227742                            Generate shared: Analyze section  	16.841614                            Generate shared: Analyze section  	22.455484                            Generate shared: Analyze section  	28.069357                            Generate shared: Analyze section  	33.683228                            Generate shared: Analyze section  	39.2971                            Generate shared: Analyze section  	44.91097                            Generate shared: Analyze section  	50.52484                            Generate shared: Analyze section  	56.138714                            Generate shared: Analyze section  	61.752583                            Generate shared: Analyze section  	67.366455                            Generate shared: Analyze section  	72.98032                            Generate shared: Analyze section  	78.5942                            Generate shared: Analyze section  	84.20807                            Generate shared: Analyze section  	89.82194                            Generate shared: Analyze section  	95.435814                            Generating triples	0.0                            Converting to BitmapTriples	0.0                            Converting to BitmapTriples	1.5516087                            Converting to BitmapTriples	3.1032174                            Converting to BitmapTriples	4.654826                            Converting to BitmapTriples	6.2064347                            Converting to BitmapTriples	7.7580433                            Converting to BitmapTriples	9.309652                            Converting to BitmapTriples	10.86126                            Converting to BitmapTriples	12.412869                            Converting to BitmapTriples	13.9644785                            Converting to BitmapTriples	15.516087                            Converting to BitmapTriples	17.067696                            Converting to BitmapTriples	18.619305                            Converting to BitmapTriples	20.170914                            Converting to BitmapTriples	21.72252                            Converting to BitmapTriples	23.27413                            Converting to BitmapTriples	24.825739                            Converting to BitmapTriples	26.377348                            Converting to BitmapTriples	27.928957                            Converting to BitmapTriples	29.480564                            Converting to BitmapTriples	31.032173                            Converting to BitmapTriples	32.583782                            Converting to BitmapTriples	34.13539                            Converting to BitmapTriples	35.687                            Converting to BitmapTriples	37.23861                            Converting to BitmapTriples	38.79022                            Converting to BitmapTriples	40.341827                            Converting to BitmapTriples	41.893433                            Converting to BitmapTriples	43.44504                            Converting to BitmapTriples	44.99665                            Converting to BitmapTriples	46.54826                            Converting to BitmapTriples	48.09987                            Converting to BitmapTriples	49.651478                            Converting to BitmapTriples	51.203087                            Converting to BitmapTriples	52.754696                            Converting to BitmapTriples	54.306305                            Converting to BitmapTriples	55.857914                            Converting to BitmapTriples	57.40952                            Converting to BitmapTriples	58.96113                            Converting to BitmapTriples	60.512737                            Converting to BitmapTriples	62.064346                            Converting to BitmapTriples	63.615955                            Converting to BitmapTriples	65.167564                            Converting to BitmapTriples	66.71917                            Converting to BitmapTriples	68.27078                            Converting to BitmapTriples	69.82239                            Converting to BitmapTriples	71.374                            Converting to BitmapTriples	72.925606                            Converting to BitmapTriples	74.47722                            Converting to BitmapTriples	76.028824                            Converting to BitmapTriples	77.58044                            Converting to BitmapTriples	79.13204                            Converting to BitmapTriples	80.683655                            Converting to BitmapTriples	82.23526                            Converting to BitmapTriples	83.786865                            Converting to BitmapTriples	85.33848                            Converting to BitmapTriples	86.89008                            Converting to BitmapTriples	88.441696                            Converting to BitmapTriples	89.9933                            Converting to BitmapTriples	91.544914                            Converting to BitmapTriples	93.09652                            Converting to BitmapTriples	94.64813                            Converting to BitmapTriples	96.19974                            Converting to BitmapTriples	97.75135                            Converting to BitmapTriples	99.302956                            Generating header	0.0                            Files cat in .......... 19 sec 705 ms 369 us
Total Triples ......... 6444924
Different subjects .... 2252738
Different predicates .. 13
Different objects ..... 1981325
Common Subject/Object . 1781302
HDT saved to file in .. 193 ms 319 us
[exit 0]

[2026-08-17T22:51:17] $ docker run --rm --user 1000:1000 -v /home/ubuntu/vcf-rdfizer-expts/vcf-rdfizer-testing/testing-results/0GOOR_HG002/.hdt_partitioned:/data/work -v /home/ubuntu/vcf-rdfizer-expts/vcf-rdfizer-testing/testing-results/0GOOR_HG002:/data/out ecrum19/vcf-rdfizer:latest bash -lc 'set -euo pipefail; rm -f /data/work/.hdt-merge-r01-00012.time; if [[ -x /usr/bin/time ]] && /usr/bin/time --version >/dev/null 2>&1; then /usr/bin/time -v -o /data/work/.hdt-merge-r01-00012.time -- bash -lc '"'"'set -euo pipefail; rm -f /data/work/merge-r01-00012.hdt; HDTCAT_BIN="${HDTCAT_BIN:-}"; if [[ -z "$HDTCAT_BIN" ]]; then for candidate in hdtCat hdtCat.sh HDTCat HDTCat.sh /opt/hdt-java/bin/hdtCat /opt/hdt-java/bin/hdtCat.sh /usr/local/bin/hdtCat /usr/local/bin/hdtCat.sh; do if [[ "$candidate" == */* ]]; then [[ -x "$candidate" ]] && HDTCAT_BIN="$candidate" && break; else resolved="$(command -v "$candidate" || true)"; [[ -n "$resolved" && -x "$resolved" ]] && HDTCAT_BIN="$resolved" && break; fi; done; fi; if [[ -z "$HDTCAT_BIN" || ! -x "$HDTCAT_BIN" ]]; then echo '"'"'"'"'"'"'"'"'Missing HDTCat binary in container'"'"'"'"'"'"'"'"' >&2; exit 127; fi; "$HDTCAT_BIN" /data/work/chunk-00024.hdt /data/work/chunk-00025.hdt /data/work/merge-r01-00012.hdt'"'"'; else { time -p bash -lc '"'"'set -euo pipefail; rm -f /data/work/merge-r01-00012.hdt; HDTCAT_BIN="${HDTCAT_BIN:-}"; if [[ -z "$HDTCAT_BIN" ]]; then for candidate in hdtCat hdtCat.sh HDTCat HDTCat.sh /opt/hdt-java/bin/hdtCat /opt/hdt-java/bin/hdtCat.sh /usr/local/bin/hdtCat /usr/local/bin/hdtCat.sh; do if [[ "$candidate" == */* ]]; then [[ -x "$candidate" ]] && HDTCAT_BIN="$candidate" && break; else resolved="$(command -v "$candidate" || true)"; [[ -n "$resolved" && -x "$resolved" ]] && HDTCAT_BIN="$resolved" && break; fi; done; fi; if [[ -z "$HDTCAT_BIN" || ! -x "$HDTCAT_BIN" ]]; then echo '"'"'"'"'"'"'"'"'Missing HDTCat binary in container'"'"'"'"'"'"'"'"' >&2; exit 127; fi; "$HDTCAT_BIN" /data/work/chunk-00024.hdt /data/work/chunk-00025.hdt /data/work/merge-r01-00012.hdt'"'"'; } > /data/work/.hdt-merge-r01-00012.time 2>&1; fi'
[INFO] Welcome to hdtCat!
[INFO] This tool was developed by Dennis Diefenbach and Jośe M. Giḿenez-Garćıa
[INFO] Cat /data/work/chunk-00024.hdt, /data/work/chunk-00025.hdt to /data/work/merge-r01-00012.hdt
Generating dictionary	0.0                            Generate predicates: start	0.0                            Generate predicates: Analyze section predicate 	0.0                            Generate subjects: start	0.0                            Generate subjects: Analyze section subject 	0.0                            Generate subjects: Analyze section subject 	11.292226                            Generate subjects: Analyze section subject 	22.584452                            Generate subjects: Analyze section subject 	33.87668                            Generate subjects: Analyze section subject 	45.168903                            Generate subjects: Analyze section subject 	56.46113                            Generate subjects: Analyze section subject 	67.75336                            Generate subjects: Analyze section subject 	79.04558                            Generate subjects: Analyze section subject 	90.33781                            Generate objects: start	0.0                            Generate objects: Analyze section object 	0.0                            Generate objects: Analyze section object 	38.460503                            Generate objects: Analyze section object 	76.921005                            Generate shared: start	0.0                            Generate shared: Analyze section  	0.0                            Generate shared: Analyze section  	5.534503                            Generate shared: Analyze section  	11.069006                            Generate shared: Analyze section  	16.603508                            Generate shared: Analyze section  	22.138012                            Generate shared: Analyze section  	27.672514                            Generate shared: Analyze section  	33.207016                            Generate shared: Analyze section  	38.74152                            Generate shared: Analyze section  	44.276024                            Generate shared: Analyze section  	49.810528                            Generate shared: Analyze section  	55.345028                            Generate shared: Analyze section  	60.87953                            Generate shared: Analyze section  	66.41403                            Generate shared: Analyze section  	71.94854                            Generate shared: Analyze section  	77.48304                            Generate shared: Analyze section  	83.01755                            Generate shared: Analyze section  	88.55205                            Generate shared: Analyze section  	94.08655                            Generate shared: Analyze section  	99.621056                            Generating triples	0.0                            Converting to BitmapTriples	0.0                            Converting to BitmapTriples	1.4436395                            Converting to BitmapTriples	2.887279                            Converting to BitmapTriples	4.330919                            Converting to BitmapTriples	5.774558                            Converting to BitmapTriples	7.218198                            Converting to BitmapTriples	8.661838                            Converting to BitmapTriples	10.105476                            Converting to BitmapTriples	11.549116                            Converting to BitmapTriples	12.992756                            Converting to BitmapTriples	14.436396                            Converting to BitmapTriples	15.880034                            Converting to BitmapTriples	17.323675                            Converting to BitmapTriples	18.767313                            Converting to BitmapTriples	20.210953                            Converting to BitmapTriples	21.654593                            Converting to BitmapTriples	23.098232                            Converting to BitmapTriples	24.541872                            Converting to BitmapTriples	25.985512                            Converting to BitmapTriples	27.429152                            Converting to BitmapTriples	28.872791                            Converting to BitmapTriples	30.31643                            Converting to BitmapTriples	31.760069                            Converting to BitmapTriples	33.20371                            Converting to BitmapTriples	34.64735                            Converting to BitmapTriples	36.09099                            Converting to BitmapTriples	37.534626                            Converting to BitmapTriples	38.978268                            Converting to BitmapTriples	40.421906                            Converting to BitmapTriples	41.865547                            Converting to BitmapTriples	43.309185                            Converting to BitmapTriples	44.752827                            Converting to BitmapTriples	46.196465                            Converting to BitmapTriples	47.640102                            Converting to BitmapTriples	49.083744                            Converting to BitmapTriples	50.52738                            Converting to BitmapTriples	51.971024                            Converting to BitmapTriples	53.41466                            Converting to BitmapTriples	54.858303                            Converting to BitmapTriples	56.30194                            Converting to BitmapTriples	57.745583                            Converting to BitmapTriples	59.18922                            Converting to BitmapTriples	60.63286                            Converting to BitmapTriples	62.0765                            Converting to BitmapTriples	63.520138                            Converting to BitmapTriples	64.963776                            Converting to BitmapTriples	66.40742                            Converting to BitmapTriples	67.85106                            Converting to BitmapTriples	69.2947                            Converting to BitmapTriples	70.738335                            Converting to BitmapTriples	72.18198                            Converting to BitmapTriples	73.62562                            Converting to BitmapTriples	75.06925                            Converting to BitmapTriples	76.51289                            Converting to BitmapTriples	77.956535                            Converting to BitmapTriples	79.40018                            Converting to BitmapTriples	80.84381                            Converting to BitmapTriples	82.28745                            Converting to BitmapTriples	83.731094                            Converting to BitmapTriples	85.17473                            Converting to BitmapTriples	86.61837                            Converting to BitmapTriples	88.06201                            Converting to BitmapTriples	89.50565                            Converting to BitmapTriples	90.94929                            Converting to BitmapTriples	92.39293                            Converting to BitmapTriples	93.83657                            Converting to BitmapTriples	95.280205                            Converting to BitmapTriples	96.72385                            Converting to BitmapTriples	98.16749                            Converting to BitmapTriples	99.61113                            Generating header	0.0                            Files cat in .......... 25 sec 480 ms 784 us
Total Triples ......... 6926937
Different subjects .... 2692412
Different predicates .. 18
Different objects ..... 2066854
Common Subject/Object . 1806847
HDT saved to file in .. 216 ms 622 us
[exit 0]

[2026-08-17T22:51:44] $ docker run --rm --user 1000:1000 -v /home/ubuntu/vcf-rdfizer-expts/vcf-rdfizer-testing/testing-results/0GOOR_HG002/.hdt_partitioned:/data/work -v /home/ubuntu/vcf-rdfizer-expts/vcf-rdfizer-testing/testing-results/0GOOR_HG002:/data/out ecrum19/vcf-rdfizer:latest bash -lc 'set -euo pipefail; rm -f /data/work/.hdt-merge-r01-00013.time; if [[ -x /usr/bin/time ]] && /usr/bin/time --version >/dev/null 2>&1; then /usr/bin/time -v -o /data/work/.hdt-merge-r01-00013.time -- bash -lc '"'"'set -euo pipefail; rm -f /data/work/merge-r01-00013.hdt; HDTCAT_BIN="${HDTCAT_BIN:-}"; if [[ -z "$HDTCAT_BIN" ]]; then for candidate in hdtCat hdtCat.sh HDTCat HDTCat.sh /opt/hdt-java/bin/hdtCat /opt/hdt-java/bin/hdtCat.sh /usr/local/bin/hdtCat /usr/local/bin/hdtCat.sh; do if [[ "$candidate" == */* ]]; then [[ -x "$candidate" ]] && HDTCAT_BIN="$candidate" && break; else resolved="$(command -v "$candidate" || true)"; [[ -n "$resolved" && -x "$resolved" ]] && HDTCAT_BIN="$resolved" && break; fi; done; fi; if [[ -z "$HDTCAT_BIN" || ! -x "$HDTCAT_BIN" ]]; then echo '"'"'"'"'"'"'"'"'Missing HDTCat binary in container'"'"'"'"'"'"'"'"' >&2; exit 127; fi; "$HDTCAT_BIN" /data/work/chunk-00026.hdt /data/work/chunk-00027.hdt /data/work/merge-r01-00013.hdt'"'"'; else { time -p bash -lc '"'"'set -euo pipefail; rm -f /data/work/merge-r01-00013.hdt; HDTCAT_BIN="${HDTCAT_BIN:-}"; if [[ -z "$HDTCAT_BIN" ]]; then for candidate in hdtCat hdtCat.sh HDTCat HDTCat.sh /opt/hdt-java/bin/hdtCat /opt/hdt-java/bin/hdtCat.sh /usr/local/bin/hdtCat /usr/local/bin/hdtCat.sh; do if [[ "$candidate" == */* ]]; then [[ -x "$candidate" ]] && HDTCAT_BIN="$candidate" && break; else resolved="$(command -v "$candidate" || true)"; [[ -n "$resolved" && -x "$resolved" ]] && HDTCAT_BIN="$resolved" && break; fi; done; fi; if [[ -z "$HDTCAT_BIN" || ! -x "$HDTCAT_BIN" ]]; then echo '"'"'"'"'"'"'"'"'Missing HDTCat binary in container'"'"'"'"'"'"'"'"' >&2; exit 127; fi; "$HDTCAT_BIN" /data/work/chunk-00026.hdt /data/work/chunk-00027.hdt /data/work/merge-r01-00013.hdt'"'"'; } > /data/work/.hdt-merge-r01-00013.time 2>&1; fi'
[INFO] Welcome to hdtCat!
[INFO] This tool was developed by Dennis Diefenbach and Jośe M. Giḿenez-Garćıa
[INFO] Cat /data/work/chunk-00026.hdt, /data/work/chunk-00027.hdt to /data/work/merge-r01-00013.hdt
Generating dictionary	0.0                            Generate predicates: start	0.0                            Generate predicates: Analyze section predicate 	0.0                            Generate subjects: start	0.0                            Generate subjects: Analyze section subject 	0.0                            Generate subjects: Analyze section subject 	11.36989                            Generate subjects: Analyze section subject 	22.73978                            Generate subjects: Analyze section subject 	34.10967                            Generate subjects: Analyze section subject 	45.47956                            Generate subjects: Analyze section subject 	56.84945                            Generate subjects: Analyze section subject 	68.21934                            Generate subjects: Analyze section subject 	79.589226                            Generate subjects: Analyze section subject 	90.95912                            Generate objects: start	0.0                            Generate objects: Analyze section object 	0.0                            Generate objects: Analyze section object 	38.46849                            Generate objects: Analyze section object 	76.93698                            Generate shared: start	0.0                            Generate shared: Analyze section  	0.0                            Generate shared: Analyze section  	5.5475607                            Generate shared: Analyze section  	11.095121                            Generate shared: Analyze section  	16.642683                            Generate shared: Analyze section  	22.190243                            Generate shared: Analyze section  	27.737804                            Generate shared: Analyze section  	33.285366                            Generate shared: Analyze section  	38.832928                            Generate shared: Analyze section  	44.380486                            Generate shared: Analyze section  	49.928047                            Generate shared: Analyze section  	55.47561                            Generate shared: Analyze section  	61.02317                            Generate shared: Analyze section  	66.57073                            Generate shared: Analyze section  	72.11829                            Generate shared: Analyze section  	77.665855                            Generate shared: Analyze section  	83.21342                            Generate shared: Analyze section  	88.76097                            Generate shared: Analyze section  	94.30853                            Generate shared: Analyze section  	99.856094                            Generating triples	0.0                            Converting to BitmapTriples	0.0                            Converting to BitmapTriples	1.4422417                            Converting to BitmapTriples	2.8844833                            Converting to BitmapTriples	4.326725                            Converting to BitmapTriples	5.7689667                            Converting to BitmapTriples	7.211208                            Converting to BitmapTriples	8.65345                            Converting to BitmapTriples	10.095692                            Converting to BitmapTriples	11.537933                            Converting to BitmapTriples	12.980174                            Converting to BitmapTriples	14.422416                            Converting to BitmapTriples	15.864657                            Converting to BitmapTriples	17.3069                            Converting to BitmapTriples	18.749142                            Converting to BitmapTriples	20.191383                            Converting to BitmapTriples	21.633625                            Converting to BitmapTriples	23.075867                            Converting to BitmapTriples	24.518108                            Converting to BitmapTriples	25.960348                            Converting to BitmapTriples	27.40259                            Converting to BitmapTriples	28.844831                            Converting to BitmapTriples	30.287073                            Converting to BitmapTriples	31.729315                            Converting to BitmapTriples	33.17156                            Converting to BitmapTriples	34.6138                            Converting to BitmapTriples	36.05604                            Converting to BitmapTriples	37.498283                            Converting to BitmapTriples	38.940525                            Converting to BitmapTriples	40.382767                            Converting to BitmapTriples	41.82501                            Converting to BitmapTriples	43.26725                            Converting to BitmapTriples	44.70949                            Converting to BitmapTriples	46.151733                            Converting to BitmapTriples	47.593975                            Converting to BitmapTriples	49.036217                            Converting to BitmapTriples	50.478455                            Converting to BitmapTriples	51.920696                            Converting to BitmapTriples	53.362938                            Converting to BitmapTriples	54.80518                            Converting to BitmapTriples	56.24742                            Converting to BitmapTriples	57.689663                            Converting to BitmapTriples	59.131905                            Converting to BitmapTriples	60.574146                            Converting to BitmapTriples	62.016388                            Converting to BitmapTriples	63.45863                            Converting to BitmapTriples	64.90087                            Converting to BitmapTriples	66.34312                            Converting to BitmapTriples	67.785355                            Converting to BitmapTriples	69.2276                            Converting to BitmapTriples	70.66984                            Converting to BitmapTriples	72.11208                            Converting to BitmapTriples	73.55432                            Converting to BitmapTriples	74.99657                            Converting to BitmapTriples	76.438805                            Converting to BitmapTriples	77.88105                            Converting to BitmapTriples	79.32329                            Converting to BitmapTriples	80.76553                            Converting to BitmapTriples	82.20777                            Converting to BitmapTriples	83.65002                            Converting to BitmapTriples	85.092255                            Converting to BitmapTriples	86.5345                            Converting to BitmapTriples	87.97674                            Converting to BitmapTriples	89.41898                            Converting to BitmapTriples	90.86122                            Converting to BitmapTriples	92.30347                            Converting to BitmapTriples	93.745705                            Converting to BitmapTriples	95.18795                            Converting to BitmapTriples	96.63019                            Converting to BitmapTriples	98.07243                            Converting to BitmapTriples	99.51467                            Generating header	0.0                            Files cat in .......... 24 sec 280 ms 962 us
Total Triples ......... 6933651
Different subjects .... 2682110
Different predicates .. 15
Different objects ..... 2062547
Common Subject/Object . 1802594
HDT saved to file in .. 192 ms 132 us
[exit 0]

[2026-08-17T22:52:09] $ docker run --rm --user 1000:1000 -v /home/ubuntu/vcf-rdfizer-expts/vcf-rdfizer-testing/testing-results/0GOOR_HG002/.hdt_partitioned:/data/work -v /home/ubuntu/vcf-rdfizer-expts/vcf-rdfizer-testing/testing-results/0GOOR_HG002:/data/out ecrum19/vcf-rdfizer:latest bash -lc 'set -euo pipefail; rm -f /data/work/.hdt-merge-r01-00014.time; if [[ -x /usr/bin/time ]] && /usr/bin/time --version >/dev/null 2>&1; then /usr/bin/time -v -o /data/work/.hdt-merge-r01-00014.time -- bash -lc '"'"'set -euo pipefail; rm -f /data/work/merge-r01-00014.hdt; HDTCAT_BIN="${HDTCAT_BIN:-}"; if [[ -z "$HDTCAT_BIN" ]]; then for candidate in hdtCat hdtCat.sh HDTCat HDTCat.sh /opt/hdt-java/bin/hdtCat /opt/hdt-java/bin/hdtCat.sh /usr/local/bin/hdtCat /usr/local/bin/hdtCat.sh; do if [[ "$candidate" == */* ]]; then [[ -x "$candidate" ]] && HDTCAT_BIN="$candidate" && break; else resolved="$(command -v "$candidate" || true)"; [[ -n "$resolved" && -x "$resolved" ]] && HDTCAT_BIN="$resolved" && break; fi; done; fi; if [[ -z "$HDTCAT_BIN" || ! -x "$HDTCAT_BIN" ]]; then echo '"'"'"'"'"'"'"'"'Missing HDTCat binary in container'"'"'"'"'"'"'"'"' >&2; exit 127; fi; "$HDTCAT_BIN" /data/work/chunk-00028.hdt /data/work/chunk-00029.hdt /data/work/merge-r01-00014.hdt'"'"'; else { time -p bash -lc '"'"'set -euo pipefail; rm -f /data/work/merge-r01-00014.hdt; HDTCAT_BIN="${HDTCAT_BIN:-}"; if [[ -z "$HDTCAT_BIN" ]]; then for candidate in hdtCat hdtCat.sh HDTCat HDTCat.sh /opt/hdt-java/bin/hdtCat /opt/hdt-java/bin/hdtCat.sh /usr/local/bin/hdtCat /usr/local/bin/hdtCat.sh; do if [[ "$candidate" == */* ]]; then [[ -x "$candidate" ]] && HDTCAT_BIN="$candidate" && break; else resolved="$(command -v "$candidate" || true)"; [[ -n "$resolved" && -x "$resolved" ]] && HDTCAT_BIN="$resolved" && break; fi; done; fi; if [[ -z "$HDTCAT_BIN" || ! -x "$HDTCAT_BIN" ]]; then echo '"'"'"'"'"'"'"'"'Missing HDTCat binary in container'"'"'"'"'"'"'"'"' >&2; exit 127; fi; "$HDTCAT_BIN" /data/work/chunk-00028.hdt /data/work/chunk-00029.hdt /data/work/merge-r01-00014.hdt'"'"'; } > /data/work/.hdt-merge-r01-00014.time 2>&1; fi'
[INFO] Welcome to hdtCat!
[INFO] This tool was developed by Dennis Diefenbach and Jośe M. Giḿenez-Garćıa
[INFO] Cat /data/work/chunk-00028.hdt, /data/work/chunk-00029.hdt to /data/work/merge-r01-00014.hdt
Generating dictionary	0.0                            Generate predicates: start	0.0                            Generate predicates: Analyze section predicate 	0.0                            Generate subjects: start	0.0                            Generate subjects: Analyze section subject 	0.0                            Generate subjects: Analyze section subject 	15.434433                            Generate subjects: Analyze section subject 	30.868866                            Generate subjects: Analyze section subject 	46.3033                            Generate subjects: Analyze section subject 	61.737732                            Generate subjects: Analyze section subject 	77.172165                            Generate subjects: Analyze section subject 	92.6066                            Generate objects: start	0.0                            Generate objects: Analyze section object 	0.0                            Generate objects: Analyze section object 	31.455345                            Generate objects: Analyze section object 	62.91069                            Generate objects: Analyze section object 	94.366035                            Generate shared: start	0.0                            Generate shared: Analyze section  	0.0                            Generate shared: Analyze section  	5.698535                            Generate shared: Analyze section  	11.39707                            Generate shared: Analyze section  	17.095604                            Generate shared: Analyze section  	22.79414                            Generate shared: Analyze section  	28.492674                            Generate shared: Analyze section  	34.191208                            Generate shared: Analyze section  	39.889744                            Generate shared: Analyze section  	45.58828                            Generate shared: Analyze section  	51.286816                            Generate shared: Analyze section  	56.985348                            Generate shared: Analyze section  	62.683884                            Generate shared: Analyze section  	68.382416                            Generate shared: Analyze section  	74.080956                            Generate shared: Analyze section  	79.77949                            Generate shared: Analyze section  	85.47803                            Generate shared: Analyze section  	91.17656                            Generate shared: Analyze section  	96.87509                            Generating triples	0.0                            Converting to BitmapTriples	0.0                            Converting to BitmapTriples	1.4114712                            Converting to BitmapTriples	2.8229425                            Converting to BitmapTriples	4.2344136                            Converting to BitmapTriples	5.645885                            Converting to BitmapTriples	7.0573564                            Converting to BitmapTriples	8.468827                            Converting to BitmapTriples	9.880299                            Converting to BitmapTriples	11.29177                            Converting to BitmapTriples	12.703241                            Converting to BitmapTriples	14.114713                            Converting to BitmapTriples	15.526184                            Converting to BitmapTriples	16.937654                            Converting to BitmapTriples	18.349127                            Converting to BitmapTriples	19.760597                            Converting to BitmapTriples	21.17207                            Converting to BitmapTriples	22.58354                            Converting to BitmapTriples	23.99501                            Converting to BitmapTriples	25.406483                            Converting to BitmapTriples	26.817953                            Converting to BitmapTriples	28.229425                            Converting to BitmapTriples	29.640896                            Converting to BitmapTriples	31.052368                            Converting to BitmapTriples	32.46384                            Converting to BitmapTriples	33.87531                            Converting to BitmapTriples	35.28678                            Converting to BitmapTriples	36.698254                            Converting to BitmapTriples	38.109722                            Converting to BitmapTriples	39.521194                            Converting to BitmapTriples	40.932667                            Converting to BitmapTriples	42.34414                            Converting to BitmapTriples	43.755608                            Converting to BitmapTriples	45.16708                            Converting to BitmapTriples	46.578552                            Converting to BitmapTriples	47.99002                            Converting to BitmapTriples	49.401493                            Converting to BitmapTriples	50.812965                            Converting to BitmapTriples	52.224438                            Converting to BitmapTriples	53.635906                            Converting to BitmapTriples	55.04738                            Converting to BitmapTriples	56.45885                            Converting to BitmapTriples	57.870323                            Converting to BitmapTriples	59.28179                            Converting to BitmapTriples	60.693264                            Converting to BitmapTriples	62.104736                            Converting to BitmapTriples	63.516205                            Converting to BitmapTriples	64.92768                            Converting to BitmapTriples	66.33915                            Converting to BitmapTriples	67.75062                            Converting to BitmapTriples	69.162094                            Converting to BitmapTriples	70.57356                            Converting to BitmapTriples	71.98503                            Converting to BitmapTriples	73.39651                            Converting to BitmapTriples	74.807976                            Converting to BitmapTriples	76.219444                            Converting to BitmapTriples	77.63092                            Converting to BitmapTriples	79.04239                            Converting to BitmapTriples	80.453865                            Converting to BitmapTriples	81.86533                            Converting to BitmapTriples	83.2768                            Converting to BitmapTriples	84.68828                            Converting to BitmapTriples	86.09975                            Converting to BitmapTriples	87.511215                            Converting to BitmapTriples	88.92269                            Converting to BitmapTriples	90.33416                            Converting to BitmapTriples	91.74563                            Converting to BitmapTriples	93.157104                            Converting to BitmapTriples	94.56857                            Converting to BitmapTriples	95.98004                            Converting to BitmapTriples	97.39152                            Converting to BitmapTriples	98.802986                            Generating header	0.0                            Files cat in .......... 22 sec 509 ms 331 us
Total Triples ......... 7084806
Different subjects .... 2402739
Different predicates .. 15
Different objects ..... 2072748
Common Subject/Object . 1754837
HDT saved to file in .. 187 ms 64 us
[exit 0]

[2026-08-17T22:52:33] $ docker run --rm --user 1000:1000 -v /home/ubuntu/vcf-rdfizer-expts/vcf-rdfizer-testing/testing-results/0GOOR_HG002/.hdt_partitioned:/data/work -v /home/ubuntu/vcf-rdfizer-expts/vcf-rdfizer-testing/testing-results/0GOOR_HG002:/data/out ecrum19/vcf-rdfizer:latest bash -lc 'set -euo pipefail; rm -f /data/work/.hdt-merge-r01-00015.time; if [[ -x /usr/bin/time ]] && /usr/bin/time --version >/dev/null 2>&1; then /usr/bin/time -v -o /data/work/.hdt-merge-r01-00015.time -- bash -lc '"'"'set -euo pipefail; rm -f /data/work/merge-r01-00015.hdt; HDTCAT_BIN="${HDTCAT_BIN:-}"; if [[ -z "$HDTCAT_BIN" ]]; then for candidate in hdtCat hdtCat.sh HDTCat HDTCat.sh /opt/hdt-java/bin/hdtCat /opt/hdt-java/bin/hdtCat.sh /usr/local/bin/hdtCat /usr/local/bin/hdtCat.sh; do if [[ "$candidate" == */* ]]; then [[ -x "$candidate" ]] && HDTCAT_BIN="$candidate" && break; else resolved="$(command -v "$candidate" || true)"; [[ -n "$resolved" && -x "$resolved" ]] && HDTCAT_BIN="$resolved" && break; fi; done; fi; if [[ -z "$HDTCAT_BIN" || ! -x "$HDTCAT_BIN" ]]; then echo '"'"'"'"'"'"'"'"'Missing HDTCat binary in container'"'"'"'"'"'"'"'"' >&2; exit 127; fi; "$HDTCAT_BIN" /data/work/chunk-00030.hdt /data/work/chunk-00031.hdt /data/work/merge-r01-00015.hdt'"'"'; else { time -p bash -lc '"'"'set -euo pipefail; rm -f /data/work/merge-r01-00015.hdt; HDTCAT_BIN="${HDTCAT_BIN:-}"; if [[ -z "$HDTCAT_BIN" ]]; then for candidate in hdtCat hdtCat.sh HDTCat HDTCat.sh /opt/hdt-java/bin/hdtCat /opt/hdt-java/bin/hdtCat.sh /usr/local/bin/hdtCat /usr/local/bin/hdtCat.sh; do if [[ "$candidate" == */* ]]; then [[ -x "$candidate" ]] && HDTCAT_BIN="$candidate" && break; else resolved="$(command -v "$candidate" || true)"; [[ -n "$resolved" && -x "$resolved" ]] && HDTCAT_BIN="$resolved" && break; fi; done; fi; if [[ -z "$HDTCAT_BIN" || ! -x "$HDTCAT_BIN" ]]; then echo '"'"'"'"'"'"'"'"'Missing HDTCat binary in container'"'"'"'"'"'"'"'"' >&2; exit 127; fi; "$HDTCAT_BIN" /data/work/chunk-00030.hdt /data/work/chunk-00031.hdt /data/work/merge-r01-00015.hdt'"'"'; } > /data/work/.hdt-merge-r01-00015.time 2>&1; fi'
[INFO] Welcome to hdtCat!
[INFO] This tool was developed by Dennis Diefenbach and Jośe M. Giḿenez-Garćıa
[INFO] Cat /data/work/chunk-00030.hdt, /data/work/chunk-00031.hdt to /data/work/merge-r01-00015.hdt
Generating dictionary	0.0                            Generate predicates: start	0.0                            Generate predicates: Analyze section predicate 	0.0                            Generate subjects: start	0.0                            Generate subjects: Analyze section subject 	0.0                            Generate subjects: Analyze section subject 	32.489685                            Generate subjects: Analyze section subject 	64.97937                            Generate subjects: Analyze section subject 	97.469055                            Generate objects: start	0.0                            Generate objects: Analyze section object 	0.0                            Generate objects: Analyze section object 	25.955284                            Generate objects: Analyze section object 	51.91057                            Generate objects: Analyze section object 	77.86585                            Generate shared: start	0.0                            Generate shared: Analyze section  	0.0                            Generate shared: Analyze section  	5.942851                            Generate shared: Analyze section  	11.885702                            Generate shared: Analyze section  	17.828554                            Generate shared: Analyze section  	23.771404                            Generate shared: Analyze section  	29.714256                            Generate shared: Analyze section  	35.65711                            Generate shared: Analyze section  	41.599957                            Generate shared: Analyze section  	47.54281                            Generate shared: Analyze section  	53.48566                            Generate shared: Analyze section  	59.428513                            Generate shared: Analyze section  	65.37136                            Generate shared: Analyze section  	71.31422                            Generate shared: Analyze section  	77.257065                            Generate shared: Analyze section  	83.19991                            Generate shared: Analyze section  	89.14277                            Generate shared: Analyze section  	95.08562                            Generating triples	0.0                            Converting to BitmapTriples	0.0                            Converting to BitmapTriples	1.3649846                            Converting to BitmapTriples	2.7299693                            Converting to BitmapTriples	4.094954                            Converting to BitmapTriples	5.4599385                            Converting to BitmapTriples	6.824923                            Converting to BitmapTriples	8.189908                            Converting to BitmapTriples	9.554893                            Converting to BitmapTriples	10.919877                            Converting to BitmapTriples	12.284862                            Converting to BitmapTriples	13.649846                            Converting to BitmapTriples	15.014831                            Converting to BitmapTriples	16.379816                            Converting to BitmapTriples	17.7448                            Converting to BitmapTriples	19.109785                            Converting to BitmapTriples	20.47477                            Converting to BitmapTriples	21.839754                            Converting to BitmapTriples	23.204739                            Converting to BitmapTriples	24.569723                            Converting to BitmapTriples	25.934708                            Converting to BitmapTriples	27.299692                            Converting to BitmapTriples	28.664677                            Converting to BitmapTriples	30.029661                            Converting to BitmapTriples	31.394646                            Converting to BitmapTriples	32.759632                            Converting to BitmapTriples	34.124615                            Converting to BitmapTriples	35.4896                            Converting to BitmapTriples	36.854584                            Converting to BitmapTriples	38.21957                            Converting to BitmapTriples	39.584553                            Converting to BitmapTriples	40.94954                            Converting to BitmapTriples	42.31452                            Converting to BitmapTriples	43.67951                            Converting to BitmapTriples	45.04449                            Converting to BitmapTriples	46.409477                            Converting to BitmapTriples	47.77446                            Converting to BitmapTriples	49.139446                            Converting to BitmapTriples	50.50443                            Converting to BitmapTriples	51.869415                            Converting to BitmapTriples	53.234398                            Converting to BitmapTriples	54.599384                            Converting to BitmapTriples	55.964367                            Converting to BitmapTriples	57.329353                            Converting to BitmapTriples	58.694336                            Converting to BitmapTriples	60.059322                            Converting to BitmapTriples	61.424305                            Converting to BitmapTriples	62.78929                            Converting to BitmapTriples	64.154274                            Converting to BitmapTriples	65.519264                            Converting to BitmapTriples	66.88425                            Converting to BitmapTriples	68.24923                            Converting to BitmapTriples	69.61421                            Converting to BitmapTriples	70.9792                            Converting to BitmapTriples	72.344185                            Converting to BitmapTriples	73.70917                            Converting to BitmapTriples	75.07415                            Converting to BitmapTriples	76.43914                            Converting to BitmapTriples	77.80412                            Converting to BitmapTriples	79.169106                            Converting to BitmapTriples	80.53409                            Converting to BitmapTriples	81.89908                            Converting to BitmapTriples	83.26406                            Converting to BitmapTriples	84.62904                            Converting to BitmapTriples	85.994026                            Converting to BitmapTriples	87.35902                            Converting to BitmapTriples	88.724                            Converting to BitmapTriples	90.08898                            Converting to BitmapTriples	91.453964                            Converting to BitmapTriples	92.818954                            Converting to BitmapTriples	94.18394                            Converting to BitmapTriples	95.54892                            Converting to BitmapTriples	96.91391                            Converting to BitmapTriples	98.27889                            Converting to BitmapTriples	99.643875                            Generating header	0.0                            Files cat in .......... 19 sec 177 ms 167 us
Total Triples ......... 7326090
Different subjects .... 1990484
Different predicates .. 13
Different objects ..... 2067972
Common Subject/Object . 1682694
HDT saved to file in .. 206 ms 759 us
[exit 0]

[2026-08-17T22:52:53] $ docker run --rm --user 1000:1000 -v /home/ubuntu/vcf-rdfizer-expts/vcf-rdfizer-testing/testing-results/0GOOR_HG002/.hdt_partitioned:/data/work -v /home/ubuntu/vcf-rdfizer-expts/vcf-rdfizer-testing/testing-results/0GOOR_HG002:/data/out ecrum19/vcf-rdfizer:latest bash -lc 'set -euo pipefail; rm -f /data/work/.hdt-merge-r01-00016.time; if [[ -x /usr/bin/time ]] && /usr/bin/time --version >/dev/null 2>&1; then /usr/bin/time -v -o /data/work/.hdt-merge-r01-00016.time -- bash -lc '"'"'set -euo pipefail; rm -f /data/work/merge-r01-00016.hdt; HDTCAT_BIN="${HDTCAT_BIN:-}"; if [[ -z "$HDTCAT_BIN" ]]; then for candidate in hdtCat hdtCat.sh HDTCat HDTCat.sh /opt/hdt-java/bin/hdtCat /opt/hdt-java/bin/hdtCat.sh /usr/local/bin/hdtCat /usr/local/bin/hdtCat.sh; do if [[ "$candidate" == */* ]]; then [[ -x "$candidate" ]] && HDTCAT_BIN="$candidate" && break; else resolved="$(command -v "$candidate" || true)"; [[ -n "$resolved" && -x "$resolved" ]] && HDTCAT_BIN="$resolved" && break; fi; done; fi; if [[ -z "$HDTCAT_BIN" || ! -x "$HDTCAT_BIN" ]]; then echo '"'"'"'"'"'"'"'"'Missing HDTCat binary in container'"'"'"'"'"'"'"'"' >&2; exit 127; fi; "$HDTCAT_BIN" /data/work/chunk-00032.hdt /data/work/chunk-00033.hdt /data/work/merge-r01-00016.hdt'"'"'; else { time -p bash -lc '"'"'set -euo pipefail; rm -f /data/work/merge-r01-00016.hdt; HDTCAT_BIN="${HDTCAT_BIN:-}"; if [[ -z "$HDTCAT_BIN" ]]; then for candidate in hdtCat hdtCat.sh HDTCat HDTCat.sh /opt/hdt-java/bin/hdtCat /opt/hdt-java/bin/hdtCat.sh /usr/local/bin/hdtCat /usr/local/bin/hdtCat.sh; do if [[ "$candidate" == */* ]]; then [[ -x "$candidate" ]] && HDTCAT_BIN="$candidate" && break; else resolved="$(command -v "$candidate" || true)"; [[ -n "$resolved" && -x "$resolved" ]] && HDTCAT_BIN="$resolved" && break; fi; done; fi; if [[ -z "$HDTCAT_BIN" || ! -x "$HDTCAT_BIN" ]]; then echo '"'"'"'"'"'"'"'"'Missing HDTCat binary in container'"'"'"'"'"'"'"'"' >&2; exit 127; fi; "$HDTCAT_BIN" /data/work/chunk-00032.hdt /data/work/chunk-00033.hdt /data/work/merge-r01-00016.hdt'"'"'; } > /data/work/.hdt-merge-r01-00016.time 2>&1; fi'
[INFO] Welcome to hdtCat!
[INFO] This tool was developed by Dennis Diefenbach and Jośe M. Giḿenez-Garćıa
[INFO] Cat /data/work/chunk-00032.hdt, /data/work/chunk-00033.hdt to /data/work/merge-r01-00016.hdt
Generating dictionary	0.0                            Generate predicates: start	0.0                            Generate predicates: Analyze section predicate 	0.0                            Generate subjects: start	0.0                            Generate subjects: Analyze section subject 	0.0                            Generate subjects: Analyze section subject 	32.283684                            Generate subjects: Analyze section subject 	64.56737                            Generate subjects: Analyze section subject 	96.85105                            Generate objects: start	0.0                            Generate objects: Analyze section object 	0.0                            Generate objects: Analyze section object 	25.895397                            Generate objects: Analyze section object 	51.790794                            Generate objects: Analyze section object 	77.686195                            Generate shared: start	0.0                            Generate shared: Analyze section  	0.0                            Generate shared: Analyze section  	5.9537845                            Generate shared: Analyze section  	11.907569                            Generate shared: Analyze section  	17.861353                            Generate shared: Analyze section  	23.815138                            Generate shared: Analyze section  	29.76892                            Generate shared: Analyze section  	35.722706                            Generate shared: Analyze section  	41.67649                            Generate shared: Analyze section  	47.630276                            Generate shared: Analyze section  	53.58406                            Generate shared: Analyze section  	59.53784                            Generate shared: Analyze section  	65.49163                            Generate shared: Analyze section  	71.44541                            Generate shared: Analyze section  	77.39919                            Generate shared: Analyze section  	83.35298                            Generate shared: Analyze section  	89.30676                            Generate shared: Analyze section  	95.26055                            Generating triples	0.0                            Converting to BitmapTriples	0.0                            Converting to BitmapTriples	1.3717653                            Converting to BitmapTriples	2.7435305                            Converting to BitmapTriples	4.115296                            Converting to BitmapTriples	5.487061                            Converting to BitmapTriples	6.858826                            Converting to BitmapTriples	8.230592                            Converting to BitmapTriples	9.602357                            Converting to BitmapTriples	10.974122                            Converting to BitmapTriples	12.345887                            Converting to BitmapTriples	13.717652                            Converting to BitmapTriples	15.089417                            Converting to BitmapTriples	16.461184                            Converting to BitmapTriples	17.832949                            Converting to BitmapTriples	19.204714                            Converting to BitmapTriples	20.576479                            Converting to BitmapTriples	21.948244                            Converting to BitmapTriples	23.32001                            Converting to BitmapTriples	24.691774                            Converting to BitmapTriples	26.06354                            Converting to BitmapTriples	27.435305                            Converting to BitmapTriples	28.80707                            Converting to BitmapTriples	30.178835                            Converting to BitmapTriples	31.5506                            Converting to BitmapTriples	32.922367                            Converting to BitmapTriples	34.294132                            Converting to BitmapTriples	35.665897                            Converting to BitmapTriples	37.037663                            Converting to BitmapTriples	38.409428                            Converting to BitmapTriples	39.781193                            Converting to BitmapTriples	41.152958                            Converting to BitmapTriples	42.524723                            Converting to BitmapTriples	43.89649                            Converting to BitmapTriples	45.268253                            Converting to BitmapTriples	46.64002                            Converting to BitmapTriples	48.011784                            Converting to BitmapTriples	49.38355                            Converting to BitmapTriples	50.755314                            Converting to BitmapTriples	52.12708                            Converting to BitmapTriples	53.498844                            Converting to BitmapTriples	54.87061                            Converting to BitmapTriples	56.242374                            Converting to BitmapTriples	57.61414                            Converting to BitmapTriples	58.985905                            Converting to BitmapTriples	60.35767                            Converting to BitmapTriples	61.729435                            Converting to BitmapTriples	63.1012                            Converting to BitmapTriples	64.47297                            Converting to BitmapTriples	65.844734                            Converting to BitmapTriples	67.2165                            Converting to BitmapTriples	68.588264                            Converting to BitmapTriples	69.96003                            Converting to BitmapTriples	71.331795                            Converting to BitmapTriples	72.70356                            Converting to BitmapTriples	74.075325                            Converting to BitmapTriples	75.44709                            Converting to BitmapTriples	76.818855                            Converting to BitmapTriples	78.19062                            Converting to BitmapTriples	79.562386                            Converting to BitmapTriples	80.93415                            Converting to BitmapTriples	82.305916                            Converting to BitmapTriples	83.67768                            Converting to BitmapTriples	85.049446                            Converting to BitmapTriples	86.42121                            Converting to BitmapTriples	87.79298                            Converting to BitmapTriples	89.16474                            Converting to BitmapTriples	90.53651                            Converting to BitmapTriples	91.90827                            Converting to BitmapTriples	93.28004                            Converting to BitmapTriples	94.6518                            Converting to BitmapTriples	96.02357                            Converting to BitmapTriples	97.39533                            Converting to BitmapTriples	98.7671                            Generating header	0.0                            Files cat in .......... 21 sec 796 ms 292 us
Total Triples ......... 7289877
Different subjects .... 1989358
Different predicates .. 13
Different objects ..... 2065773
Common Subject/Object . 1679604
HDT saved to file in .. 261 ms 956 us
[exit 0]

[2026-08-17T22:53:16] $ docker run --rm --user 1000:1000 -v /home/ubuntu/vcf-rdfizer-expts/vcf-rdfizer-testing/testing-results/0GOOR_HG002/.hdt_partitioned:/data/work -v /home/ubuntu/vcf-rdfizer-expts/vcf-rdfizer-testing/testing-results/0GOOR_HG002:/data/out ecrum19/vcf-rdfizer:latest bash -lc 'set -euo pipefail; rm -f /data/work/.hdt-merge-r01-00017.time; if [[ -x /usr/bin/time ]] && /usr/bin/time --version >/dev/null 2>&1; then /usr/bin/time -v -o /data/work/.hdt-merge-r01-00017.time -- bash -lc '"'"'set -euo pipefail; rm -f /data/work/merge-r01-00017.hdt; HDTCAT_BIN="${HDTCAT_BIN:-}"; if [[ -z "$HDTCAT_BIN" ]]; then for candidate in hdtCat hdtCat.sh HDTCat HDTCat.sh /opt/hdt-java/bin/hdtCat /opt/hdt-java/bin/hdtCat.sh /usr/local/bin/hdtCat /usr/local/bin/hdtCat.sh; do if [[ "$candidate" == */* ]]; then [[ -x "$candidate" ]] && HDTCAT_BIN="$candidate" && break; else resolved="$(command -v "$candidate" || true)"; [[ -n "$resolved" && -x "$resolved" ]] && HDTCAT_BIN="$resolved" && break; fi; done; fi; if [[ -z "$HDTCAT_BIN" || ! -x "$HDTCAT_BIN" ]]; then echo '"'"'"'"'"'"'"'"'Missing HDTCat binary in container'"'"'"'"'"'"'"'"' >&2; exit 127; fi; "$HDTCAT_BIN" /data/work/chunk-00034.hdt /data/work/chunk-00035.hdt /data/work/merge-r01-00017.hdt'"'"'; else { time -p bash -lc '"'"'set -euo pipefail; rm -f /data/work/merge-r01-00017.hdt; HDTCAT_BIN="${HDTCAT_BIN:-}"; if [[ -z "$HDTCAT_BIN" ]]; then for candidate in hdtCat hdtCat.sh HDTCat HDTCat.sh /opt/hdt-java/bin/hdtCat /opt/hdt-java/bin/hdtCat.sh /usr/local/bin/hdtCat /usr/local/bin/hdtCat.sh; do if [[ "$candidate" == */* ]]; then [[ -x "$candidate" ]] && HDTCAT_BIN="$candidate" && break; else resolved="$(command -v "$candidate" || true)"; [[ -n "$resolved" && -x "$resolved" ]] && HDTCAT_BIN="$resolved" && break; fi; done; fi; if [[ -z "$HDTCAT_BIN" || ! -x "$HDTCAT_BIN" ]]; then echo '"'"'"'"'"'"'"'"'Missing HDTCat binary in container'"'"'"'"'"'"'"'"' >&2; exit 127; fi; "$HDTCAT_BIN" /data/work/chunk-00034.hdt /data/work/chunk-00035.hdt /data/work/merge-r01-00017.hdt'"'"'; } > /data/work/.hdt-merge-r01-00017.time 2>&1; fi'
[INFO] Welcome to hdtCat!
[INFO] This tool was developed by Dennis Diefenbach and Jośe M. Giḿenez-Garćıa
[INFO] Cat /data/work/chunk-00034.hdt, /data/work/chunk-00035.hdt to /data/work/merge-r01-00017.hdt
Generating dictionary	0.0                            Generate predicates: start	0.0                            Generate predicates: Analyze section predicate 	0.0                            Generate subjects: start	0.0                            Generate subjects: Analyze section subject 	0.0                            Generate subjects: Analyze section subject 	21.210077                            Generate subjects: Analyze section subject 	42.420155                            Generate subjects: Analyze section subject 	63.630234                            Generate subjects: Analyze section subject 	84.84031                            Generate objects: start	0.0                            Generate objects: Analyze section object 	0.0                            Generate objects: Analyze section object 	50.784622                            Generate shared: start	0.0                            Generate shared: Analyze section  	0.0                            Generate shared: Analyze section  	5.6514897                            Generate shared: Analyze section  	11.302979                            Generate shared: Analyze section  	16.95447                            Generate shared: Analyze section  	22.605959                            Generate shared: Analyze section  	28.257448                            Generate shared: Analyze section  	33.90894                            Generate shared: Analyze section  	39.56043                            Generate shared: Analyze section  	45.211918                            Generate shared: Analyze section  	50.863407                            Generate shared: Analyze section  	56.514896                            Generate shared: Analyze section  	62.166386                            Generate shared: Analyze section  	67.81788                            Generate shared: Analyze section  	73.46937                            Generate shared: Analyze section  	79.12086                            Generate shared: Analyze section  	84.77235                            Generate shared: Analyze section  	90.423836                            Generate shared: Analyze section  	96.075325                            Generating triples	0.0                            Converting to BitmapTriples	0.0                            Converting to BitmapTriples	1.5690143                            Converting to BitmapTriples	3.1380286                            Converting to BitmapTriples	4.707043                            Converting to BitmapTriples	6.2760572                            Converting to BitmapTriples	7.845072                            Converting to BitmapTriples	9.414086                            Converting to BitmapTriples	10.983101                            Converting to BitmapTriples	12.5521145                            Converting to BitmapTriples	14.121129                            Converting to BitmapTriples	15.690144                            Converting to BitmapTriples	17.259157                            Converting to BitmapTriples	18.828173                            Converting to BitmapTriples	20.397186                            Converting to BitmapTriples	21.966202                            Converting to BitmapTriples	23.535215                            Converting to BitmapTriples	25.104229                            Converting to BitmapTriples	26.673244                            Converting to BitmapTriples	28.242258                            Converting to BitmapTriples	29.811274                            Converting to BitmapTriples	31.380287                            Converting to BitmapTriples	32.949303                            Converting to BitmapTriples	34.518314                            Converting to BitmapTriples	36.08733                            Converting to BitmapTriples	37.656345                            Converting to BitmapTriples	39.225357                            Converting to BitmapTriples	40.794373                            Converting to BitmapTriples	42.363388                            Converting to BitmapTriples	43.932404                            Converting to BitmapTriples	45.501415                            Converting to BitmapTriples	47.07043                            Converting to BitmapTriples	48.639446                            Converting to BitmapTriples	50.208458                            Converting to BitmapTriples	51.777473                            Converting to BitmapTriples	53.34649                            Converting to BitmapTriples	54.9155                            Converting to BitmapTriples	56.484516                            Converting to BitmapTriples	58.05353                            Converting to BitmapTriples	59.622547                            Converting to BitmapTriples	61.19156                            Converting to BitmapTriples	62.760574                            Converting to BitmapTriples	64.32959                            Converting to BitmapTriples	65.898605                            Converting to BitmapTriples	67.46762                            Converting to BitmapTriples	69.03663                            Converting to BitmapTriples	70.605644                            Converting to BitmapTriples	72.17466                            Converting to BitmapTriples	73.743675                            Converting to BitmapTriples	75.31269                            Converting to BitmapTriples	76.88171                            Converting to BitmapTriples	78.450714                            Converting to BitmapTriples	80.01973                            Converting to BitmapTriples	81.588745                            Converting to BitmapTriples	83.15776                            Converting to BitmapTriples	84.726776                            Converting to BitmapTriples	86.29579                            Converting to BitmapTriples	87.86481                            Converting to BitmapTriples	89.433815                            Converting to BitmapTriples	91.00283                            Converting to BitmapTriples	92.571846                            Converting to BitmapTriples	94.14086                            Converting to BitmapTriples	95.70988                            Converting to BitmapTriples	97.27889                            Converting to BitmapTriples	98.8479                            Generating header	0.0                            Files cat in .......... 19 sec 35 ms 6 us
Total Triples ......... 6373428
Different subjects .... 2240919
Different predicates .. 13
Different objects ..... 1966355
Common Subject/Object . 1769445
HDT saved to file in .. 196 ms 193 us
[exit 0]

[2026-08-17T22:53:36] $ docker run --rm --user 1000:1000 -v /home/ubuntu/vcf-rdfizer-expts/vcf-rdfizer-testing/testing-results/0GOOR_HG002/.hdt_partitioned:/data/work -v /home/ubuntu/vcf-rdfizer-expts/vcf-rdfizer-testing/testing-results/0GOOR_HG002:/data/out ecrum19/vcf-rdfizer:latest bash -lc 'set -euo pipefail; rm -f /data/work/.hdt-merge-r01-00018.time; if [[ -x /usr/bin/time ]] && /usr/bin/time --version >/dev/null 2>&1; then /usr/bin/time -v -o /data/work/.hdt-merge-r01-00018.time -- bash -lc '"'"'set -euo pipefail; rm -f /data/work/merge-r01-00018.hdt; HDTCAT_BIN="${HDTCAT_BIN:-}"; if [[ -z "$HDTCAT_BIN" ]]; then for candidate in hdtCat hdtCat.sh HDTCat HDTCat.sh /opt/hdt-java/bin/hdtCat /opt/hdt-java/bin/hdtCat.sh /usr/local/bin/hdtCat /usr/local/bin/hdtCat.sh; do if [[ "$candidate" == */* ]]; then [[ -x "$candidate" ]] && HDTCAT_BIN="$candidate" && break; else resolved="$(command -v "$candidate" || true)"; [[ -n "$resolved" && -x "$resolved" ]] && HDTCAT_BIN="$resolved" && break; fi; done; fi; if [[ -z "$HDTCAT_BIN" || ! -x "$HDTCAT_BIN" ]]; then echo '"'"'"'"'"'"'"'"'Missing HDTCat binary in container'"'"'"'"'"'"'"'"' >&2; exit 127; fi; "$HDTCAT_BIN" /data/work/chunk-00036.hdt /data/work/chunk-00037.hdt /data/work/merge-r01-00018.hdt'"'"'; else { time -p bash -lc '"'"'set -euo pipefail; rm -f /data/work/merge-r01-00018.hdt; HDTCAT_BIN="${HDTCAT_BIN:-}"; if [[ -z "$HDTCAT_BIN" ]]; then for candidate in hdtCat hdtCat.sh HDTCat HDTCat.sh /opt/hdt-java/bin/hdtCat /opt/hdt-java/bin/hdtCat.sh /usr/local/bin/hdtCat /usr/local/bin/hdtCat.sh; do if [[ "$candidate" == */* ]]; then [[ -x "$candidate" ]] && HDTCAT_BIN="$candidate" && break; else resolved="$(command -v "$candidate" || true)"; [[ -n "$resolved" && -x "$resolved" ]] && HDTCAT_BIN="$resolved" && break; fi; done; fi; if [[ -z "$HDTCAT_BIN" || ! -x "$HDTCAT_BIN" ]]; then echo '"'"'"'"'"'"'"'"'Missing HDTCat binary in container'"'"'"'"'"'"'"'"' >&2; exit 127; fi; "$HDTCAT_BIN" /data/work/chunk-00036.hdt /data/work/chunk-00037.hdt /data/work/merge-r01-00018.hdt'"'"'; } > /data/work/.hdt-merge-r01-00018.time 2>&1; fi'
[INFO] Welcome to hdtCat!
[INFO] This tool was developed by Dennis Diefenbach and Jośe M. Giḿenez-Garćıa
[INFO] Cat /data/work/chunk-00036.hdt, /data/work/chunk-00037.hdt to /data/work/merge-r01-00018.hdt
Generating dictionary	0.0                            Generate predicates: start	0.0                            Generate predicates: Analyze section predicate 	0.0                            Generate subjects: start	0.0                            Generate subjects: Analyze section subject 	0.0                            Generate subjects: Analyze section subject 	14.988122                            Generate subjects: Analyze section subject 	29.976244                            Generate subjects: Analyze section subject 	44.964367                            Generate subjects: Analyze section subject 	59.952488                            Generate subjects: Analyze section subject 	74.94061                            Generate subjects: Analyze section subject 	89.928734                            Generate objects: start	0.0                            Generate objects: Analyze section object 	0.0                            Generate objects: Analyze section object 	37.688774                            Generate objects: Analyze section object 	75.37755                            Generate shared: start	0.0                            Generate shared: Analyze section  	0.0                            Generate shared: Analyze section  	5.558437                            Generate shared: Analyze section  	11.116874                            Generate shared: Analyze section  	16.67531                            Generate shared: Analyze section  	22.233747                            Generate shared: Analyze section  	27.792183                            Generate shared: Analyze section  	33.35062                            Generate shared: Analyze section  	38.909058                            Generate shared: Analyze section  	44.467495                            Generate shared: Analyze section  	50.02593                            Generate shared: Analyze section  	55.584366                            Generate shared: Analyze section  	61.142803                            Generate shared: Analyze section  	66.70124                            Generate shared: Analyze section  	72.259674                            Generate shared: Analyze section  	77.818115                            Generate shared: Analyze section  	83.37655                            Generate shared: Analyze section  	88.93499                            Generate shared: Analyze section  	94.49342                            Generating triples	0.0                            Converting to BitmapTriples	0.0                            Converting to BitmapTriples	1.4464104                            Converting to BitmapTriples	2.8928208                            Converting to BitmapTriples	4.3392315                            Converting to BitmapTriples	5.7856417                            Converting to BitmapTriples	7.2320523                            Converting to BitmapTriples	8.678463                            Converting to BitmapTriples	10.124873                            Converting to BitmapTriples	11.571283                            Converting to BitmapTriples	13.0176935                            Converting to BitmapTriples	14.464105                            Converting to BitmapTriples	15.910515                            Converting to BitmapTriples	17.356926                            Converting to BitmapTriples	18.803335                            Converting to BitmapTriples	20.249746                            Converting to BitmapTriples	21.696156                            Converting to BitmapTriples	23.142567                            Converting to BitmapTriples	24.588978                            Converting to BitmapTriples	26.035387                            Converting to BitmapTriples	27.481798                            Converting to BitmapTriples	28.92821                            Converting to BitmapTriples	30.374619                            Converting to BitmapTriples	31.82103                            Converting to BitmapTriples	33.26744                            Converting to BitmapTriples	34.713852                            Converting to BitmapTriples	36.16026                            Converting to BitmapTriples	37.60667                            Converting to BitmapTriples	39.05308                            Converting to BitmapTriples	40.499493                            Converting to BitmapTriples	41.945904                            Converting to BitmapTriples	43.39231                            Converting to BitmapTriples	44.838722                            Converting to BitmapTriples	46.285133                            Converting to BitmapTriples	47.731544                            Converting to BitmapTriples	49.177956                            Converting to BitmapTriples	50.624363                            Converting to BitmapTriples	52.070774                            Converting to BitmapTriples	53.517185                            Converting to BitmapTriples	54.963596                            Converting to BitmapTriples	56.410007                            Converting to BitmapTriples	57.85642                            Converting to BitmapTriples	59.302826                            Converting to BitmapTriples	60.749237                            Converting to BitmapTriples	62.19565                            Converting to BitmapTriples	63.64206                            Converting to BitmapTriples	65.08847                            Converting to BitmapTriples	66.53488                            Converting to BitmapTriples	67.98129                            Converting to BitmapTriples	69.427704                            Converting to BitmapTriples	70.87411                            Converting to BitmapTriples	72.32052                            Converting to BitmapTriples	73.76693                            Converting to BitmapTriples	75.21334                            Converting to BitmapTriples	76.65975                            Converting to BitmapTriples	78.10616                            Converting to BitmapTriples	79.552574                            Converting to BitmapTriples	80.998985                            Converting to BitmapTriples	82.4454                            Converting to BitmapTriples	83.89181                            Converting to BitmapTriples	85.33821                            Converting to BitmapTriples	86.78462                            Converting to BitmapTriples	88.23103                            Converting to BitmapTriples	89.677444                            Converting to BitmapTriples	91.123856                            Converting to BitmapTriples	92.57027                            Converting to BitmapTriples	94.01668                            Converting to BitmapTriples	95.46309                            Converting to BitmapTriples	96.9095                            Converting to BitmapTriples	98.35591                            Converting to BitmapTriples	99.80232                            Generating header	0.0                            Files cat in .......... 22 sec 562 ms 751 us
Total Triples ......... 6913667
Different subjects .... 2466262
Different predicates .. 18
Different objects ..... 2064398
Common Subject/Object . 1799067
HDT saved to file in .. 214 ms 405 us
[exit 0]

[2026-08-17T22:53:59] $ docker run --rm --user 1000:1000 -v /home/ubuntu/vcf-rdfizer-expts/vcf-rdfizer-testing/testing-results/0GOOR_HG002/.hdt_partitioned:/data/work -v /home/ubuntu/vcf-rdfizer-expts/vcf-rdfizer-testing/testing-results/0GOOR_HG002:/data/out ecrum19/vcf-rdfizer:latest bash -lc 'set -euo pipefail; rm -f /data/work/.hdt-merge-r01-00019.time; if [[ -x /usr/bin/time ]] && /usr/bin/time --version >/dev/null 2>&1; then /usr/bin/time -v -o /data/work/.hdt-merge-r01-00019.time -- bash -lc '"'"'set -euo pipefail; rm -f /data/work/merge-r01-00019.hdt; HDTCAT_BIN="${HDTCAT_BIN:-}"; if [[ -z "$HDTCAT_BIN" ]]; then for candidate in hdtCat hdtCat.sh HDTCat HDTCat.sh /opt/hdt-java/bin/hdtCat /opt/hdt-java/bin/hdtCat.sh /usr/local/bin/hdtCat /usr/local/bin/hdtCat.sh; do if [[ "$candidate" == */* ]]; then [[ -x "$candidate" ]] && HDTCAT_BIN="$candidate" && break; else resolved="$(command -v "$candidate" || true)"; [[ -n "$resolved" && -x "$resolved" ]] && HDTCAT_BIN="$resolved" && break; fi; done; fi; if [[ -z "$HDTCAT_BIN" || ! -x "$HDTCAT_BIN" ]]; then echo '"'"'"'"'"'"'"'"'Missing HDTCat binary in container'"'"'"'"'"'"'"'"' >&2; exit 127; fi; "$HDTCAT_BIN" /data/work/chunk-00038.hdt /data/work/chunk-00039.hdt /data/work/merge-r01-00019.hdt'"'"'; else { time -p bash -lc '"'"'set -euo pipefail; rm -f /data/work/merge-r01-00019.hdt; HDTCAT_BIN="${HDTCAT_BIN:-}"; if [[ -z "$HDTCAT_BIN" ]]; then for candidate in hdtCat hdtCat.sh HDTCat HDTCat.sh /opt/hdt-java/bin/hdtCat /opt/hdt-java/bin/hdtCat.sh /usr/local/bin/hdtCat /usr/local/bin/hdtCat.sh; do if [[ "$candidate" == */* ]]; then [[ -x "$candidate" ]] && HDTCAT_BIN="$candidate" && break; else resolved="$(command -v "$candidate" || true)"; [[ -n "$resolved" && -x "$resolved" ]] && HDTCAT_BIN="$resolved" && break; fi; done; fi; if [[ -z "$HDTCAT_BIN" || ! -x "$HDTCAT_BIN" ]]; then echo '"'"'"'"'"'"'"'"'Missing HDTCat binary in container'"'"'"'"'"'"'"'"' >&2; exit 127; fi; "$HDTCAT_BIN" /data/work/chunk-00038.hdt /data/work/chunk-00039.hdt /data/work/merge-r01-00019.hdt'"'"'; } > /data/work/.hdt-merge-r01-00019.time 2>&1; fi'
[INFO] Welcome to hdtCat!
[INFO] This tool was developed by Dennis Diefenbach and Jośe M. Giḿenez-Garćıa
[INFO] Cat /data/work/chunk-00038.hdt, /data/work/chunk-00039.hdt to /data/work/merge-r01-00019.hdt
Generating dictionary	0.0                            Generate predicates: start	0.0                            Generate predicates: Analyze section predicate 	0.0                            Generate subjects: start	0.0                            Generate subjects: Analyze section subject 	0.0                            Generate subjects: Analyze section subject 	11.403042                            Generate subjects: Analyze section subject 	22.806084                            Generate subjects: Analyze section subject 	34.209126                            Generate subjects: Analyze section subject 	45.612167                            Generate subjects: Analyze section subject 	57.01521                            Generate subjects: Analyze section subject 	68.41825                            Generate subjects: Analyze section subject 	79.82129                            Generate subjects: Analyze section subject 	91.224335                            Generate objects: start	0.0                            Generate objects: Analyze section object 	0.0                            Generate objects: Analyze section object 	37.80218                            Generate objects: Analyze section object 	75.60436                            Generate shared: start	0.0                            Generate shared: Analyze section  	0.0                            Generate shared: Analyze section  	5.559741                            Generate shared: Analyze section  	11.119482                            Generate shared: Analyze section  	16.679222                            Generate shared: Analyze section  	22.238964                            Generate shared: Analyze section  	27.798704                            Generate shared: Analyze section  	33.358444                            Generate shared: Analyze section  	38.918186                            Generate shared: Analyze section  	44.47793                            Generate shared: Analyze section  	50.037666                            Generate shared: Analyze section  	55.59741                            Generate shared: Analyze section  	61.15715                            Generate shared: Analyze section  	66.71689                            Generate shared: Analyze section  	72.276634                            Generate shared: Analyze section  	77.83637                            Generate shared: Analyze section  	83.39611                            Generate shared: Analyze section  	88.95586                            Generate shared: Analyze section  	94.515594                            Generating triples	0.0                            Converting to BitmapTriples	0.0                            Converting to BitmapTriples	1.4453977                            Converting to BitmapTriples	2.8907955                            Converting to BitmapTriples	4.336193                            Converting to BitmapTriples	5.781591                            Converting to BitmapTriples	7.226989                            Converting to BitmapTriples	8.672386                            Converting to BitmapTriples	10.117784                            Converting to BitmapTriples	11.563182                            Converting to BitmapTriples	13.008579                            Converting to BitmapTriples	14.453978                            Converting to BitmapTriples	15.899375                            Converting to BitmapTriples	17.344772                            Converting to BitmapTriples	18.79017                            Converting to BitmapTriples	20.235567                            Converting to BitmapTriples	21.680965                            Converting to BitmapTriples	23.126364                            Converting to BitmapTriples	24.571762                            Converting to BitmapTriples	26.017159                            Converting to BitmapTriples	27.462557                            Converting to BitmapTriples	28.907955                            Converting to BitmapTriples	30.353352                            Converting to BitmapTriples	31.79875                            Converting to BitmapTriples	33.24415                            Converting to BitmapTriples	34.689545                            Converting to BitmapTriples	36.13494                            Converting to BitmapTriples	37.58034                            Converting to BitmapTriples	39.025738                            Converting to BitmapTriples	40.471134                            Converting to BitmapTriples	41.916534                            Converting to BitmapTriples	43.36193                            Converting to BitmapTriples	44.80733                            Converting to BitmapTriples	46.252728                            Converting to BitmapTriples	47.698124                            Converting to BitmapTriples	49.143524                            Converting to BitmapTriples	50.58892                            Converting to BitmapTriples	52.034317                            Converting to BitmapTriples	53.479717                            Converting to BitmapTriples	54.925114                            Converting to BitmapTriples	56.37051                            Converting to BitmapTriples	57.81591                            Converting to BitmapTriples	59.261307                            Converting to BitmapTriples	60.706703                            Converting to BitmapTriples	62.152103                            Converting to BitmapTriples	63.5975                            Converting to BitmapTriples	65.0429                            Converting to BitmapTriples	66.4883                            Converting to BitmapTriples	67.93369                            Converting to BitmapTriples	69.37909                            Converting to BitmapTriples	70.824486                            Converting to BitmapTriples	72.26988                            Converting to BitmapTriples	73.71529                            Converting to BitmapTriples	75.16068                            Converting to BitmapTriples	76.60608                            Converting to BitmapTriples	78.051476                            Converting to BitmapTriples	79.49687                            Converting to BitmapTriples	80.94227                            Converting to BitmapTriples	82.38767                            Converting to BitmapTriples	83.83307                            Converting to BitmapTriples	85.278465                            Converting to BitmapTriples	86.72386                            Converting to BitmapTriples	88.16926                            Converting to BitmapTriples	89.61466                            Converting to BitmapTriples	91.06006                            Converting to BitmapTriples	92.505455                            Converting to BitmapTriples	93.95085                            Converting to BitmapTriples	95.39625                            Converting to BitmapTriples	96.841644                            Converting to BitmapTriples	98.28705                            Converting to BitmapTriples	99.732445                            Generating header	0.0                            Files cat in .......... 23 sec 961 ms 995 us
Total Triples ......... 6918511
Different subjects .... 2675604
Different predicates .. 15
Different objects ..... 2063180
Common Subject/Object . 1798645
HDT saved to file in .. 180 ms 116 us
[exit 0]

[2026-08-17T22:54:24] $ docker run --rm --user 1000:1000 -v /home/ubuntu/vcf-rdfizer-expts/vcf-rdfizer-testing/testing-results/0GOOR_HG002/.hdt_partitioned:/data/work -v /home/ubuntu/vcf-rdfizer-expts/vcf-rdfizer-testing/testing-results/0GOOR_HG002:/data/out ecrum19/vcf-rdfizer:latest bash -lc 'set -euo pipefail; rm -f /data/work/.hdt-merge-r01-00020.time; if [[ -x /usr/bin/time ]] && /usr/bin/time --version >/dev/null 2>&1; then /usr/bin/time -v -o /data/work/.hdt-merge-r01-00020.time -- bash -lc '"'"'set -euo pipefail; rm -f /data/work/merge-r01-00020.hdt; HDTCAT_BIN="${HDTCAT_BIN:-}"; if [[ -z "$HDTCAT_BIN" ]]; then for candidate in hdtCat hdtCat.sh HDTCat HDTCat.sh /opt/hdt-java/bin/hdtCat /opt/hdt-java/bin/hdtCat.sh /usr/local/bin/hdtCat /usr/local/bin/hdtCat.sh; do if [[ "$candidate" == */* ]]; then [[ -x "$candidate" ]] && HDTCAT_BIN="$candidate" && break; else resolved="$(command -v "$candidate" || true)"; [[ -n "$resolved" && -x "$resolved" ]] && HDTCAT_BIN="$resolved" && break; fi; done; fi; if [[ -z "$HDTCAT_BIN" || ! -x "$HDTCAT_BIN" ]]; then echo '"'"'"'"'"'"'"'"'Missing HDTCat binary in container'"'"'"'"'"'"'"'"' >&2; exit 127; fi; "$HDTCAT_BIN" /data/work/chunk-00040.hdt /data/work/chunk-00041.hdt /data/work/merge-r01-00020.hdt'"'"'; else { time -p bash -lc '"'"'set -euo pipefail; rm -f /data/work/merge-r01-00020.hdt; HDTCAT_BIN="${HDTCAT_BIN:-}"; if [[ -z "$HDTCAT_BIN" ]]; then for candidate in hdtCat hdtCat.sh HDTCat HDTCat.sh /opt/hdt-java/bin/hdtCat /opt/hdt-java/bin/hdtCat.sh /usr/local/bin/hdtCat /usr/local/bin/hdtCat.sh; do if [[ "$candidate" == */* ]]; then [[ -x "$candidate" ]] && HDTCAT_BIN="$candidate" && break; else resolved="$(command -v "$candidate" || true)"; [[ -n "$resolved" && -x "$resolved" ]] && HDTCAT_BIN="$resolved" && break; fi; done; fi; if [[ -z "$HDTCAT_BIN" || ! -x "$HDTCAT_BIN" ]]; then echo '"'"'"'"'"'"'"'"'Missing HDTCat binary in container'"'"'"'"'"'"'"'"' >&2; exit 127; fi; "$HDTCAT_BIN" /data/work/chunk-00040.hdt /data/work/chunk-00041.hdt /data/work/merge-r01-00020.hdt'"'"'; } > /data/work/.hdt-merge-r01-00020.time 2>&1; fi'
[INFO] Welcome to hdtCat!
[INFO] This tool was developed by Dennis Diefenbach and Jośe M. Giḿenez-Garćıa
[INFO] Cat /data/work/chunk-00040.hdt, /data/work/chunk-00041.hdt to /data/work/merge-r01-00020.hdt
Generating dictionary	0.0                            Generate predicates: start	0.0                            Generate predicates: Analyze section predicate 	0.0                            Generate subjects: start	0.0                            Generate subjects: Analyze section subject 	0.0                            Generate subjects: Analyze section subject 	15.14055                            Generate subjects: Analyze section subject 	30.2811                            Generate subjects: Analyze section subject 	45.42165                            Generate subjects: Analyze section subject 	60.5622                            Generate subjects: Analyze section subject 	75.70275                            Generate subjects: Analyze section subject 	90.8433                            Generate objects: start	0.0                            Generate objects: Analyze section object 	0.0                            Generate objects: Analyze section object 	32.245686                            Generate objects: Analyze section object 	64.49137                            Generate objects: Analyze section object 	96.73706                            Generate shared: start	0.0                            Generate shared: Analyze section  	0.0                            Generate shared: Analyze section  	5.7027497                            Generate shared: Analyze section  	11.405499                            Generate shared: Analyze section  	17.10825                            Generate shared: Analyze section  	22.810999                            Generate shared: Analyze section  	28.51375                            Generate shared: Analyze section  	34.2165                            Generate shared: Analyze section  	39.91925                            Generate shared: Analyze section  	45.621998                            Generate shared: Analyze section  	51.32475                            Generate shared: Analyze section  	57.0275                            Generate shared: Analyze section  	62.730247                            Generate shared: Analyze section  	68.433                            Generate shared: Analyze section  	74.13575                            Generate shared: Analyze section  	79.8385                            Generate shared: Analyze section  	85.541245                            Generate shared: Analyze section  	91.243996                            Generate shared: Analyze section  	96.94675                            Generating triples	0.0                            Converting to BitmapTriples	0.0                            Converting to BitmapTriples	1.4170732                            Converting to BitmapTriples	2.8341465                            Converting to BitmapTriples	4.2512197                            Converting to BitmapTriples	5.668293                            Converting to BitmapTriples	7.0853662                            Converting to BitmapTriples	8.5024395                            Converting to BitmapTriples	9.919513                            Converting to BitmapTriples	11.336586                            Converting to BitmapTriples	12.753659                            Converting to BitmapTriples	14.1707325                            Converting to BitmapTriples	15.587807                            Converting to BitmapTriples	17.004879                            Converting to BitmapTriples	18.421953                            Converting to BitmapTriples	19.839025                            Converting to BitmapTriples	21.2561                            Converting to BitmapTriples	22.673172                            Converting to BitmapTriples	24.090246                            Converting to BitmapTriples	25.507318                            Converting to BitmapTriples	26.924393                            Converting to BitmapTriples	28.341465                            Converting to BitmapTriples	29.75854                            Converting to BitmapTriples	31.175613                            Converting to BitmapTriples	32.592686                            Converting to BitmapTriples	34.009758                            Converting to BitmapTriples	35.426834                            Converting to BitmapTriples	36.843906                            Converting to BitmapTriples	38.26098                            Converting to BitmapTriples	39.67805                            Converting to BitmapTriples	41.095127                            Converting to BitmapTriples	42.5122                            Converting to BitmapTriples	43.92927                            Converting to BitmapTriples	45.346344                            Converting to BitmapTriples	46.76342                            Converting to BitmapTriples	48.180492                            Converting to BitmapTriples	49.597565                            Converting to BitmapTriples	51.014637                            Converting to BitmapTriples	52.431713                            Converting to BitmapTriples	53.848785                            Converting to BitmapTriples	55.265858                            Converting to BitmapTriples	56.68293                            Converting to BitmapTriples	58.100006                            Converting to BitmapTriples	59.51708                            Converting to BitmapTriples	60.93415                            Converting to BitmapTriples	62.351227                            Converting to BitmapTriples	63.7683                            Converting to BitmapTriples	65.18537                            Converting to BitmapTriples	66.60245                            Converting to BitmapTriples	68.019516                            Converting to BitmapTriples	69.43659                            Converting to BitmapTriples	70.85367                            Converting to BitmapTriples	72.27074                            Converting to BitmapTriples	73.68781                            Converting to BitmapTriples	75.10488                            Converting to BitmapTriples	76.52196                            Converting to BitmapTriples	77.93903                            Converting to BitmapTriples	79.3561                            Converting to BitmapTriples	80.77318                            Converting to BitmapTriples	82.190254                            Converting to BitmapTriples	83.60732                            Converting to BitmapTriples	85.0244                            Converting to BitmapTriples	86.44147                            Converting to BitmapTriples	87.85854                            Converting to BitmapTriples	89.27562                            Converting to BitmapTriples	90.69269                            Converting to BitmapTriples	92.109764                            Converting to BitmapTriples	93.52684                            Converting to BitmapTriples	94.94391                            Converting to BitmapTriples	96.360985                            Converting to BitmapTriples	97.77806                            Converting to BitmapTriples	99.19513                            Generating header	0.0                            Files cat in .......... 21 sec 138 ms 383 us
Total Triples ......... 7056798
Different subjects .... 2414018
Different predicates .. 15
Different objects ..... 2063659
Common Subject/Object . 1753540
HDT saved to file in .. 184 ms 291 us
[exit 0]

[2026-08-17T22:54:46] $ docker run --rm --user 1000:1000 -v /home/ubuntu/vcf-rdfizer-expts/vcf-rdfizer-testing/testing-results/0GOOR_HG002/.hdt_partitioned:/data/work -v /home/ubuntu/vcf-rdfizer-expts/vcf-rdfizer-testing/testing-results/0GOOR_HG002:/data/out ecrum19/vcf-rdfizer:latest bash -lc 'set -euo pipefail; rm -f /data/work/.hdt-merge-r01-00021.time; if [[ -x /usr/bin/time ]] && /usr/bin/time --version >/dev/null 2>&1; then /usr/bin/time -v -o /data/work/.hdt-merge-r01-00021.time -- bash -lc '"'"'set -euo pipefail; rm -f /data/work/merge-r01-00021.hdt; HDTCAT_BIN="${HDTCAT_BIN:-}"; if [[ -z "$HDTCAT_BIN" ]]; then for candidate in hdtCat hdtCat.sh HDTCat HDTCat.sh /opt/hdt-java/bin/hdtCat /opt/hdt-java/bin/hdtCat.sh /usr/local/bin/hdtCat /usr/local/bin/hdtCat.sh; do if [[ "$candidate" == */* ]]; then [[ -x "$candidate" ]] && HDTCAT_BIN="$candidate" && break; else resolved="$(command -v "$candidate" || true)"; [[ -n "$resolved" && -x "$resolved" ]] && HDTCAT_BIN="$resolved" && break; fi; done; fi; if [[ -z "$HDTCAT_BIN" || ! -x "$HDTCAT_BIN" ]]; then echo '"'"'"'"'"'"'"'"'Missing HDTCat binary in container'"'"'"'"'"'"'"'"' >&2; exit 127; fi; "$HDTCAT_BIN" /data/work/chunk-00042.hdt /data/work/chunk-00043.hdt /data/work/merge-r01-00021.hdt'"'"'; else { time -p bash -lc '"'"'set -euo pipefail; rm -f /data/work/merge-r01-00021.hdt; HDTCAT_BIN="${HDTCAT_BIN:-}"; if [[ -z "$HDTCAT_BIN" ]]; then for candidate in hdtCat hdtCat.sh HDTCat HDTCat.sh /opt/hdt-java/bin/hdtCat /opt/hdt-java/bin/hdtCat.sh /usr/local/bin/hdtCat /usr/local/bin/hdtCat.sh; do if [[ "$candidate" == */* ]]; then [[ -x "$candidate" ]] && HDTCAT_BIN="$candidate" && break; else resolved="$(command -v "$candidate" || true)"; [[ -n "$resolved" && -x "$resolved" ]] && HDTCAT_BIN="$resolved" && break; fi; done; fi; if [[ -z "$HDTCAT_BIN" || ! -x "$HDTCAT_BIN" ]]; then echo '"'"'"'"'"'"'"'"'Missing HDTCat binary in container'"'"'"'"'"'"'"'"' >&2; exit 127; fi; "$HDTCAT_BIN" /data/work/chunk-00042.hdt /data/work/chunk-00043.hdt /data/work/merge-r01-00021.hdt'"'"'; } > /data/work/.hdt-merge-r01-00021.time 2>&1; fi'
[INFO] Welcome to hdtCat!
[INFO] This tool was developed by Dennis Diefenbach and Jośe M. Giḿenez-Garćıa
[INFO] Cat /data/work/chunk-00042.hdt, /data/work/chunk-00043.hdt to /data/work/merge-r01-00021.hdt
Generating dictionary	0.0                            Generate predicates: start	0.0                            Generate predicates: Analyze section predicate 	0.0                            Generate subjects: start	0.0                            Generate subjects: Analyze section subject 	0.0                            Generate subjects: Analyze section subject 	32.385098                            Generate subjects: Analyze section subject 	64.770195                            Generate subjects: Analyze section subject 	97.1553                            Generate objects: start	0.0                            Generate objects: Analyze section object 	0.0                            Generate objects: Analyze section object 	25.989079                            Generate objects: Analyze section object 	51.978157                            Generate objects: Analyze section object 	77.96724                            Generate shared: start	0.0                            Generate shared: Analyze section  	0.0                            Generate shared: Analyze section  	5.9564404                            Generate shared: Analyze section  	11.912881                            Generate shared: Analyze section  	17.869322                            Generate shared: Analyze section  	23.825762                            Generate shared: Analyze section  	29.782204                            Generate shared: Analyze section  	35.738644                            Generate shared: Analyze section  	41.695084                            Generate shared: Analyze section  	47.651524                            Generate shared: Analyze section  	53.607964                            Generate shared: Analyze section  	59.564407                            Generate shared: Analyze section  	65.52084                            Generate shared: Analyze section  	71.47729                            Generate shared: Analyze section  	77.43372                            Generate shared: Analyze section  	83.39017                            Generate shared: Analyze section  	89.34661                            Generate shared: Analyze section  	95.30305                            Generating triples	0.0                            Converting to BitmapTriples	0.0                            Converting to BitmapTriples	1.3709685                            Converting to BitmapTriples	2.741937                            Converting to BitmapTriples	4.1129055                            Converting to BitmapTriples	5.483874                            Converting to BitmapTriples	6.854842                            Converting to BitmapTriples	8.225811                            Converting to BitmapTriples	9.596779                            Converting to BitmapTriples	10.967748                            Converting to BitmapTriples	12.338716                            Converting to BitmapTriples	13.709684                            Converting to BitmapTriples	15.080652                            Converting to BitmapTriples	16.451622                            Converting to BitmapTriples	17.82259                            Converting to BitmapTriples	19.193558                            Converting to BitmapTriples	20.564526                            Converting to BitmapTriples	21.935495                            Converting to BitmapTriples	23.306463                            Converting to BitmapTriples	24.677431                            Converting to BitmapTriples	26.0484                            Converting to BitmapTriples	27.419369                            Converting to BitmapTriples	28.790337                            Converting to BitmapTriples	30.161304                            Converting to BitmapTriples	31.532274                            Converting to BitmapTriples	32.903244                            Converting to BitmapTriples	34.27421                            Converting to BitmapTriples	35.64518                            Converting to BitmapTriples	37.016148                            Converting to BitmapTriples	38.387115                            Converting to BitmapTriples	39.758083                            Converting to BitmapTriples	41.12905                            Converting to BitmapTriples	42.500023                            Converting to BitmapTriples	43.87099                            Converting to BitmapTriples	45.24196                            Converting to BitmapTriples	46.612926                            Converting to BitmapTriples	47.983894                            Converting to BitmapTriples	49.354862                            Converting to BitmapTriples	50.72583                            Converting to BitmapTriples	52.0968                            Converting to BitmapTriples	53.46777                            Converting to BitmapTriples	54.838737                            Converting to BitmapTriples	56.209705                            Converting to BitmapTriples	57.580673                            Converting to BitmapTriples	58.95164                            Converting to BitmapTriples	60.32261                            Converting to BitmapTriples	61.69358                            Converting to BitmapTriples	63.06455                            Converting to BitmapTriples	64.43552                            Converting to BitmapTriples	65.80649                            Converting to BitmapTriples	67.17745                            Converting to BitmapTriples	68.54842                            Converting to BitmapTriples	69.91939                            Converting to BitmapTriples	71.29036                            Converting to BitmapTriples	72.66132                            Converting to BitmapTriples	74.032295                            Converting to BitmapTriples	75.40327                            Converting to BitmapTriples	76.77423                            Converting to BitmapTriples	78.1452                            Converting to BitmapTriples	79.51617                            Converting to BitmapTriples	80.88714                            Converting to BitmapTriples	82.2581                            Converting to BitmapTriples	83.629074                            Converting to BitmapTriples	85.000046                            Converting to BitmapTriples	86.37101                            Converting to BitmapTriples	87.74198                            Converting to BitmapTriples	89.112946                            Converting to BitmapTriples	90.48392                            Converting to BitmapTriples	91.85488                            Converting to BitmapTriples	93.22585                            Converting to BitmapTriples	94.596825                            Converting to BitmapTriples	95.96779                            Converting to BitmapTriples	97.33876                            Converting to BitmapTriples	98.709724                            Generating header	0.0                            Files cat in .......... 18 sec 794 ms 599 us
Total Triples ......... 7294114
Different subjects .... 1987639
Different predicates .. 13
Different objects ..... 2063632
Common Subject/Object . 1678855
HDT saved to file in .. 202 ms 804 us
[exit 0]

[2026-08-17T22:55:06] $ docker run --rm --user 1000:1000 -v /home/ubuntu/vcf-rdfizer-expts/vcf-rdfizer-testing/testing-results/0GOOR_HG002/.hdt_partitioned:/data/work -v /home/ubuntu/vcf-rdfizer-expts/vcf-rdfizer-testing/testing-results/0GOOR_HG002:/data/out ecrum19/vcf-rdfizer:latest bash -lc 'set -euo pipefail; rm -f /data/work/.hdt-merge-r01-00022.time; if [[ -x /usr/bin/time ]] && /usr/bin/time --version >/dev/null 2>&1; then /usr/bin/time -v -o /data/work/.hdt-merge-r01-00022.time -- bash -lc '"'"'set -euo pipefail; rm -f /data/work/merge-r01-00022.hdt; HDTCAT_BIN="${HDTCAT_BIN:-}"; if [[ -z "$HDTCAT_BIN" ]]; then for candidate in hdtCat hdtCat.sh HDTCat HDTCat.sh /opt/hdt-java/bin/hdtCat /opt/hdt-java/bin/hdtCat.sh /usr/local/bin/hdtCat /usr/local/bin/hdtCat.sh; do if [[ "$candidate" == */* ]]; then [[ -x "$candidate" ]] && HDTCAT_BIN="$candidate" && break; else resolved="$(command -v "$candidate" || true)"; [[ -n "$resolved" && -x "$resolved" ]] && HDTCAT_BIN="$resolved" && break; fi; done; fi; if [[ -z "$HDTCAT_BIN" || ! -x "$HDTCAT_BIN" ]]; then echo '"'"'"'"'"'"'"'"'Missing HDTCat binary in container'"'"'"'"'"'"'"'"' >&2; exit 127; fi; "$HDTCAT_BIN" /data/work/chunk-00044.hdt /data/work/chunk-00045.hdt /data/work/merge-r01-00022.hdt'"'"'; else { time -p bash -lc '"'"'set -euo pipefail; rm -f /data/work/merge-r01-00022.hdt; HDTCAT_BIN="${HDTCAT_BIN:-}"; if [[ -z "$HDTCAT_BIN" ]]; then for candidate in hdtCat hdtCat.sh HDTCat HDTCat.sh /opt/hdt-java/bin/hdtCat /opt/hdt-java/bin/hdtCat.sh /usr/local/bin/hdtCat /usr/local/bin/hdtCat.sh; do if [[ "$candidate" == */* ]]; then [[ -x "$candidate" ]] && HDTCAT_BIN="$candidate" && break; else resolved="$(command -v "$candidate" || true)"; [[ -n "$resolved" && -x "$resolved" ]] && HDTCAT_BIN="$resolved" && break; fi; done; fi; if [[ -z "$HDTCAT_BIN" || ! -x "$HDTCAT_BIN" ]]; then echo '"'"'"'"'"'"'"'"'Missing HDTCat binary in container'"'"'"'"'"'"'"'"' >&2; exit 127; fi; "$HDTCAT_BIN" /data/work/chunk-00044.hdt /data/work/chunk-00045.hdt /data/work/merge-r01-00022.hdt'"'"'; } > /data/work/.hdt-merge-r01-00022.time 2>&1; fi'
[INFO] Welcome to hdtCat!
[INFO] This tool was developed by Dennis Diefenbach and Jośe M. Giḿenez-Garćıa
[INFO] Cat /data/work/chunk-00044.hdt, /data/work/chunk-00045.hdt to /data/work/merge-r01-00022.hdt
Generating dictionary	0.0                            Generate predicates: start	0.0                            Generate predicates: Analyze section predicate 	0.0                            Generate subjects: start	0.0                            Generate subjects: Analyze section subject 	0.0                            Generate subjects: Analyze section subject 	32.068035                            Generate subjects: Analyze section subject 	64.13607                            Generate subjects: Analyze section subject 	96.20411                            Generate objects: start	0.0                            Generate objects: Analyze section object 	0.0                            Generate objects: Analyze section object 	25.08164                            Generate objects: Analyze section object 	50.16328                            Generate objects: Analyze section object 	75.24492                            Generate shared: start	0.0                            Generate shared: Analyze section  	0.0                            Generate shared: Analyze section  	5.949201                            Generate shared: Analyze section  	11.898402                            Generate shared: Analyze section  	17.847603                            Generate shared: Analyze section  	23.796804                            Generate shared: Analyze section  	29.746004                            Generate shared: Analyze section  	35.695206                            Generate shared: Analyze section  	41.644405                            Generate shared: Analyze section  	47.59361                            Generate shared: Analyze section  	53.54281                            Generate shared: Analyze section  	59.49201                            Generate shared: Analyze section  	65.44121                            Generate shared: Analyze section  	71.39041                            Generate shared: Analyze section  	77.339615                            Generate shared: Analyze section  	83.28881                            Generate shared: Analyze section  	89.238014                            Generate shared: Analyze section  	95.18722                            Generating triples	0.0                            Converting to BitmapTriples	0.0                            Converting to BitmapTriples	1.3738344                            Converting to BitmapTriples	2.7476687                            Converting to BitmapTriples	4.121503                            Converting to BitmapTriples	5.4953375                            Converting to BitmapTriples	6.8691716                            Converting to BitmapTriples	8.243006                            Converting to BitmapTriples	9.61684                            Converting to BitmapTriples	10.990675                            Converting to BitmapTriples	12.364509                            Converting to BitmapTriples	13.738343                            Converting to BitmapTriples	15.112178                            Converting to BitmapTriples	16.486012                            Converting to BitmapTriples	17.859846                            Converting to BitmapTriples	19.23368                            Converting to BitmapTriples	20.607515                            Converting to BitmapTriples	21.98135                            Converting to BitmapTriples	23.355185                            Converting to BitmapTriples	24.729017                            Converting to BitmapTriples	26.102852                            Converting to BitmapTriples	27.476686                            Converting to BitmapTriples	28.850521                            Converting to BitmapTriples	30.224356                            Converting to BitmapTriples	31.59819                            Converting to BitmapTriples	32.972023                            Converting to BitmapTriples	34.34586                            Converting to BitmapTriples	35.719692                            Converting to BitmapTriples	37.09353                            Converting to BitmapTriples	38.46736                            Converting to BitmapTriples	39.841194                            Converting to BitmapTriples	41.21503                            Converting to BitmapTriples	42.588863                            Converting to BitmapTriples	43.9627                            Converting to BitmapTriples	45.336533                            Converting to BitmapTriples	46.71037                            Converting to BitmapTriples	48.0842                            Converting to BitmapTriples	49.458035                            Converting to BitmapTriples	50.83187                            Converting to BitmapTriples	52.205704                            Converting to BitmapTriples	53.57954                            Converting to BitmapTriples	54.953373                            Converting to BitmapTriples	56.32721                            Converting to BitmapTriples	57.701042                            Converting to BitmapTriples	59.074875                            Converting to BitmapTriples	60.44871                            Converting to BitmapTriples	61.822544                            Converting to BitmapTriples	63.19638                            Converting to BitmapTriples	64.57021                            Converting to BitmapTriples	65.944046                            Converting to BitmapTriples	67.31788                            Converting to BitmapTriples	68.69172                            Converting to BitmapTriples	70.06555                            Converting to BitmapTriples	71.439384                            Converting to BitmapTriples	72.81322                            Converting to BitmapTriples	74.18706                            Converting to BitmapTriples	75.56089                            Converting to BitmapTriples	76.93472                            Converting to BitmapTriples	78.308556                            Converting to BitmapTriples	79.68239                            Converting to BitmapTriples	81.05623                            Converting to BitmapTriples	82.43006                            Converting to BitmapTriples	83.803894                            Converting to BitmapTriples	85.17773                            Converting to BitmapTriples	86.55156                            Converting to BitmapTriples	87.9254                            Converting to BitmapTriples	89.29923                            Converting to BitmapTriples	90.673065                            Converting to BitmapTriples	92.0469                            Converting to BitmapTriples	93.42074                            Converting to BitmapTriples	94.79457                            Converting to BitmapTriples	96.1684                            Converting to BitmapTriples	97.54224                            Converting to BitmapTriples	98.91607                            Generating header	0.0                            Files cat in .......... 20 sec 465 ms 990 us
Total Triples ......... 7278898
Different subjects .... 1992735
Different predicates .. 13
Different objects ..... 2079596
Common Subject/Object . 1680898
HDT saved to file in .. 186 ms 8 us
[exit 0]

[2026-08-17T22:55:28] $ docker run --rm --user 1000:1000 -v /home/ubuntu/vcf-rdfizer-expts/vcf-rdfizer-testing/testing-results/0GOOR_HG002/.hdt_partitioned:/data/work -v /home/ubuntu/vcf-rdfizer-expts/vcf-rdfizer-testing/testing-results/0GOOR_HG002:/data/out ecrum19/vcf-rdfizer:latest bash -lc 'set -euo pipefail; rm -f /data/work/.hdt-merge-r01-00023.time; if [[ -x /usr/bin/time ]] && /usr/bin/time --version >/dev/null 2>&1; then /usr/bin/time -v -o /data/work/.hdt-merge-r01-00023.time -- bash -lc '"'"'set -euo pipefail; rm -f /data/work/merge-r01-00023.hdt; HDTCAT_BIN="${HDTCAT_BIN:-}"; if [[ -z "$HDTCAT_BIN" ]]; then for candidate in hdtCat hdtCat.sh HDTCat HDTCat.sh /opt/hdt-java/bin/hdtCat /opt/hdt-java/bin/hdtCat.sh /usr/local/bin/hdtCat /usr/local/bin/hdtCat.sh; do if [[ "$candidate" == */* ]]; then [[ -x "$candidate" ]] && HDTCAT_BIN="$candidate" && break; else resolved="$(command -v "$candidate" || true)"; [[ -n "$resolved" && -x "$resolved" ]] && HDTCAT_BIN="$resolved" && break; fi; done; fi; if [[ -z "$HDTCAT_BIN" || ! -x "$HDTCAT_BIN" ]]; then echo '"'"'"'"'"'"'"'"'Missing HDTCat binary in container'"'"'"'"'"'"'"'"' >&2; exit 127; fi; "$HDTCAT_BIN" /data/work/chunk-00046.hdt /data/work/chunk-00047.hdt /data/work/merge-r01-00023.hdt'"'"'; else { time -p bash -lc '"'"'set -euo pipefail; rm -f /data/work/merge-r01-00023.hdt; HDTCAT_BIN="${HDTCAT_BIN:-}"; if [[ -z "$HDTCAT_BIN" ]]; then for candidate in hdtCat hdtCat.sh HDTCat HDTCat.sh /opt/hdt-java/bin/hdtCat /opt/hdt-java/bin/hdtCat.sh /usr/local/bin/hdtCat /usr/local/bin/hdtCat.sh; do if [[ "$candidate" == */* ]]; then [[ -x "$candidate" ]] && HDTCAT_BIN="$candidate" && break; else resolved="$(command -v "$candidate" || true)"; [[ -n "$resolved" && -x "$resolved" ]] && HDTCAT_BIN="$resolved" && break; fi; done; fi; if [[ -z "$HDTCAT_BIN" || ! -x "$HDTCAT_BIN" ]]; then echo '"'"'"'"'"'"'"'"'Missing HDTCat binary in container'"'"'"'"'"'"'"'"' >&2; exit 127; fi; "$HDTCAT_BIN" /data/work/chunk-00046.hdt /data/work/chunk-00047.hdt /data/work/merge-r01-00023.hdt'"'"'; } > /data/work/.hdt-merge-r01-00023.time 2>&1; fi'
[INFO] Welcome to hdtCat!
[INFO] This tool was developed by Dennis Diefenbach and Jośe M. Giḿenez-Garćıa
[INFO] Cat /data/work/chunk-00046.hdt, /data/work/chunk-00047.hdt to /data/work/merge-r01-00023.hdt
Generating dictionary	0.0                            Generate predicates: start	0.0                            Generate predicates: Analyze section predicate 	0.0                            Generate subjects: start	0.0                            Generate subjects: Analyze section subject 	0.0                            Generate subjects: Analyze section subject 	21.52885                            Generate subjects: Analyze section subject 	43.0577                            Generate subjects: Analyze section subject 	64.58655                            Generate subjects: Analyze section subject 	86.1154                            Generate objects: start	0.0                            Generate objects: Analyze section object 	0.0                            Generate objects: Analyze section object 	44.28443                            Generate objects: Analyze section object 	88.56886                            Generate shared: start	0.0                            Generate shared: Analyze section  	0.0                            Generate shared: Analyze section  	5.603478                            Generate shared: Analyze section  	11.206956                            Generate shared: Analyze section  	16.810432                            Generate shared: Analyze section  	22.413912                            Generate shared: Analyze section  	28.01739                            Generate shared: Analyze section  	33.620865                            Generate shared: Analyze section  	39.224342                            Generate shared: Analyze section  	44.827824                            Generate shared: Analyze section  	50.4313                            Generate shared: Analyze section  	56.03478                            Generate shared: Analyze section  	61.638256                            Generate shared: Analyze section  	67.24173                            Generate shared: Analyze section  	72.84521                            Generate shared: Analyze section  	78.448685                            Generate shared: Analyze section  	84.05217                            Generate shared: Analyze section  	89.65565                            Generate shared: Analyze section  	95.259125                            Generating triples	0.0                            Converting to BitmapTriples	0.0                            Converting to BitmapTriples	1.5320413                            Converting to BitmapTriples	3.0640826                            Converting to BitmapTriples	4.596124                            Converting to BitmapTriples	6.1281652                            Converting to BitmapTriples	7.660207                            Converting to BitmapTriples	9.192248                            Converting to BitmapTriples	10.724289                            Converting to BitmapTriples	12.2563305                            Converting to BitmapTriples	13.788372                            Converting to BitmapTriples	15.320414                            Converting to BitmapTriples	16.852455                            Converting to BitmapTriples	18.384497                            Converting to BitmapTriples	19.916538                            Converting to BitmapTriples	21.448578                            Converting to BitmapTriples	22.98062                            Converting to BitmapTriples	24.512661                            Converting to BitmapTriples	26.044703                            Converting to BitmapTriples	27.576744                            Converting to BitmapTriples	29.108786                            Converting to BitmapTriples	30.640827                            Converting to BitmapTriples	32.172867                            Converting to BitmapTriples	33.70491                            Converting to BitmapTriples	35.23695                            Converting to BitmapTriples	36.768993                            Converting to BitmapTriples	38.301033                            Converting to BitmapTriples	39.833076                            Converting to BitmapTriples	41.365116                            Converting to BitmapTriples	42.897156                            Converting to BitmapTriples	44.4292                            Converting to BitmapTriples	45.96124                            Converting to BitmapTriples	47.493282                            Converting to BitmapTriples	49.025322                            Converting to BitmapTriples	50.557365                            Converting to BitmapTriples	52.089405                            Converting to BitmapTriples	53.62145                            Converting to BitmapTriples	55.15349                            Converting to BitmapTriples	56.685528                            Converting to BitmapTriples	58.21757                            Converting to BitmapTriples	59.74961                            Converting to BitmapTriples	61.281654                            Converting to BitmapTriples	62.813694                            Converting to BitmapTriples	64.34573                            Converting to BitmapTriples	65.87778                            Converting to BitmapTriples	67.40982                            Converting to BitmapTriples	68.941864                            Converting to BitmapTriples	70.4739                            Converting to BitmapTriples	72.00594                            Converting to BitmapTriples	73.53799                            Converting to BitmapTriples	75.07002                            Converting to BitmapTriples	76.602066                            Converting to BitmapTriples	78.13411                            Converting to BitmapTriples	79.66615                            Converting to BitmapTriples	81.19819                            Converting to BitmapTriples	82.73023                            Converting to BitmapTriples	84.262276                            Converting to BitmapTriples	85.79431                            Converting to BitmapTriples	87.326355                            Converting to BitmapTriples	88.8584                            Converting to BitmapTriples	90.39044                            Converting to BitmapTriples	91.92248                            Converting to BitmapTriples	93.45452                            Converting to BitmapTriples	94.986565                            Converting to BitmapTriples	96.51861                            Converting to BitmapTriples	98.050644                            Converting to BitmapTriples	99.58269                            Generating header	0.0                            Files cat in .......... 19 sec 520 ms 3 us
Total Triples ......... 6527239
Different subjects .... 2249099
Different predicates .. 13
Different objects ..... 2010419
Common Subject/Object . 1784606
HDT saved to file in .. 180 ms 593 us
[exit 0]

[2026-08-17T22:55:48] $ docker run --rm --user 1000:1000 -v /home/ubuntu/vcf-rdfizer-expts/vcf-rdfizer-testing/testing-results/0GOOR_HG002/.hdt_partitioned:/data/work -v /home/ubuntu/vcf-rdfizer-expts/vcf-rdfizer-testing/testing-results/0GOOR_HG002:/data/out ecrum19/vcf-rdfizer:latest bash -lc 'set -euo pipefail; rm -f /data/work/.hdt-merge-r02-00000.time; if [[ -x /usr/bin/time ]] && /usr/bin/time --version >/dev/null 2>&1; then /usr/bin/time -v -o /data/work/.hdt-merge-r02-00000.time -- bash -lc '"'"'set -euo pipefail; rm -f /data/work/merge-r02-00000.hdt; HDTCAT_BIN="${HDTCAT_BIN:-}"; if [[ -z "$HDTCAT_BIN" ]]; then for candidate in hdtCat hdtCat.sh HDTCat HDTCat.sh /opt/hdt-java/bin/hdtCat /opt/hdt-java/bin/hdtCat.sh /usr/local/bin/hdtCat /usr/local/bin/hdtCat.sh; do if [[ "$candidate" == */* ]]; then [[ -x "$candidate" ]] && HDTCAT_BIN="$candidate" && break; else resolved="$(command -v "$candidate" || true)"; [[ -n "$resolved" && -x "$resolved" ]] && HDTCAT_BIN="$resolved" && break; fi; done; fi; if [[ -z "$HDTCAT_BIN" || ! -x "$HDTCAT_BIN" ]]; then echo '"'"'"'"'"'"'"'"'Missing HDTCat binary in container'"'"'"'"'"'"'"'"' >&2; exit 127; fi; "$HDTCAT_BIN" /data/work/merge-r01-00000.hdt /data/work/merge-r01-00001.hdt /data/work/merge-r02-00000.hdt'"'"'; else { time -p bash -lc '"'"'set -euo pipefail; rm -f /data/work/merge-r02-00000.hdt; HDTCAT_BIN="${HDTCAT_BIN:-}"; if [[ -z "$HDTCAT_BIN" ]]; then for candidate in hdtCat hdtCat.sh HDTCat HDTCat.sh /opt/hdt-java/bin/hdtCat /opt/hdt-java/bin/hdtCat.sh /usr/local/bin/hdtCat /usr/local/bin/hdtCat.sh; do if [[ "$candidate" == */* ]]; then [[ -x "$candidate" ]] && HDTCAT_BIN="$candidate" && break; else resolved="$(command -v "$candidate" || true)"; [[ -n "$resolved" && -x "$resolved" ]] && HDTCAT_BIN="$resolved" && break; fi; done; fi; if [[ -z "$HDTCAT_BIN" || ! -x "$HDTCAT_BIN" ]]; then echo '"'"'"'"'"'"'"'"'Missing HDTCat binary in container'"'"'"'"'"'"'"'"' >&2; exit 127; fi; "$HDTCAT_BIN" /data/work/merge-r01-00000.hdt /data/work/merge-r01-00001.hdt /data/work/merge-r02-00000.hdt'"'"'; } > /data/work/.hdt-merge-r02-00000.time 2>&1; fi'
[INFO] Welcome to hdtCat!
[INFO] This tool was developed by Dennis Diefenbach and Jośe M. Giḿenez-Garćıa
[INFO] Cat /data/work/merge-r01-00000.hdt, /data/work/merge-r01-00001.hdt to /data/work/merge-r02-00000.hdt
Generating dictionary	0.0                            Generate predicates: start	0.0                            Generate predicates: Analyze section predicate 	0.0                            Generate subjects: start	0.0                            Generate subjects: Analyze section subject 	0.0                            Generate subjects: Analyze section subject 	5.678292                            Generate subjects: Analyze section subject 	11.356584                            Generate subjects: Analyze section subject 	17.034876                            Generate subjects: Analyze section subject 	22.713167                            Generate subjects: Analyze section subject 	28.391459                            Generate subjects: Analyze section subject 	34.06975                            Generate subjects: Analyze section subject 	39.748043                            Generate subjects: Analyze section subject 	45.426334                            Generate subjects: Analyze section subject 	51.104626                            Generate subjects: Analyze section subject 	56.782917                            Generate subjects: Analyze section subject 	62.46121                            Generate subjects: Analyze section subject 	68.1395                            Generate subjects: Analyze section subject 	73.817795                            Generate subjects: Analyze section subject 	79.496086                            Generate subjects: Analyze section subject 	85.17438                            Generate subjects: Analyze section subject 	90.85267                            Generate subjects: Analyze section subject 	96.53096                            Generate objects: start	0.0                            Generate objects: Analyze section object 	0.0                            Generate objects: Analyze section object 	19.81124                            Generate objects: Analyze section object 	39.62248                            Generate objects: Analyze section object 	59.433716                            Generate objects: Analyze section object 	79.24496                            Generate objects: Analyze section object 	99.05619                            Generate shared: start	0.0                            Generate shared: Analyze section  	0.0                            Generate shared: Analyze section  	2.7724586                            Generate shared: Analyze section  	5.544917                            Generate shared: Analyze section  	8.317375                            Generate shared: Analyze section  	11.089834                            Generate shared: Analyze section  	13.862292                            Generate shared: Analyze section  	16.63475                            Generate shared: Analyze section  	19.40721                            Generate shared: Analyze section  	22.179668                            Generate shared: Analyze section  	24.952127                            Generate shared: Analyze section  	27.724585                            Generate shared: Analyze section  	30.497044                            Generate shared: Analyze section  	33.2695                            Generate shared: Analyze section  	36.04196                            Generate shared: Analyze section  	38.81442                            Generate shared: Analyze section  	41.586876                            Generate shared: Analyze section  	44.359337                            Generate shared: Analyze section  	47.131794                            Generate shared: Analyze section  	49.904255                            Generate shared: Analyze section  	52.676712                            Generate shared: Analyze section  	55.44917                            Generate shared: Analyze section  	58.22163                            Generate shared: Analyze section  	60.994087                            Generate shared: Analyze section  	63.766544                            Generate shared: Analyze section  	66.539                            Generate shared: Analyze section  	69.31146                            Generate shared: Analyze section  	72.08392                            Generate shared: Analyze section  	74.85638                            Generate shared: Analyze section  	77.62884                            Generate shared: Analyze section  	80.4013                            Generate shared: Analyze section  	83.17375                            Generate shared: Analyze section  	85.94621                            Generate shared: Analyze section  	88.71867                            Generate shared: Analyze section  	91.49113                            Generate shared: Analyze section  	94.26359                            Generate shared: Analyze section  	97.03605                            Generate shared: Analyze section  	99.80851                            Generating triples	0.0                            Converting to BitmapTriples	0.0                            Converting to BitmapTriples	0.7224209                            Converting to BitmapTriples	1.4448417                            Converting to BitmapTriples	2.1672626                            Converting to BitmapTriples	2.8896835                            Converting to BitmapTriples	3.6121042                            Converting to BitmapTriples	4.334525                            Converting to BitmapTriples	5.056946                            Converting to BitmapTriples	5.779367                            Converting to BitmapTriples	6.5017877                            Converting to BitmapTriples	7.2242084                            Converting to BitmapTriples	7.946629                            Converting to BitmapTriples	8.66905                            Converting to BitmapTriples	9.391471                            Converting to BitmapTriples	10.113892                            Converting to BitmapTriples	10.836312                            Converting to BitmapTriples	11.558734                            Converting to BitmapTriples	12.281155                            Converting to BitmapTriples	13.003575                            Converting to BitmapTriples	13.725996                            Converting to BitmapTriples	14.448417                            Converting to BitmapTriples	15.170837                            Converting to BitmapTriples	15.893258                            Converting to BitmapTriples	16.615679                            Converting to BitmapTriples	17.3381                            Converting to BitmapTriples	18.06052                            Converting to BitmapTriples	18.782942                            Converting to BitmapTriples	19.505363                            Converting to BitmapTriples	20.227783                            Converting to BitmapTriples	20.950205                            Converting to BitmapTriples	21.672625                            Converting to BitmapTriples	22.395046                            Converting to BitmapTriples	23.117468                            Converting to BitmapTriples	23.839888                            Converting to BitmapTriples	24.56231                            Converting to BitmapTriples	25.284729                            Converting to BitmapTriples	26.00715                            Converting to BitmapTriples	26.72957                            Converting to BitmapTriples	27.451992                            Converting to BitmapTriples	28.174414                            Converting to BitmapTriples	28.896833                            Converting to BitmapTriples	29.619255                            Converting to BitmapTriples	30.341675                            Converting to BitmapTriples	31.064096                            Converting to BitmapTriples	31.786516                            Converting to BitmapTriples	32.508938                            Converting to BitmapTriples	33.231358                            Converting to BitmapTriples	33.95378                            Converting to BitmapTriples	34.6762                            Converting to BitmapTriples	35.39862                            Converting to BitmapTriples	36.12104                            Converting to BitmapTriples	36.843464                            Converting to BitmapTriples	37.565884                            Converting to BitmapTriples	38.288303                            Converting to BitmapTriples	39.010727                            Converting to BitmapTriples	39.733147                            Converting to BitmapTriples	40.455566                            Converting to BitmapTriples	41.17799                            Converting to BitmapTriples	41.90041                            Converting to BitmapTriples	42.62283                            Converting to BitmapTriples	43.34525                            Converting to BitmapTriples	44.067673                            Converting to BitmapTriples	44.790092                            Converting to BitmapTriples	45.512512                            Converting to BitmapTriples	46.234936                            Converting to BitmapTriples	46.957355                            Converting to BitmapTriples	47.679775                            Converting to BitmapTriples	48.402195                            Converting to BitmapTriples	49.12462                            Converting to BitmapTriples	49.84704                            Converting to BitmapTriples	50.569458                            Converting to BitmapTriples	51.29188                            Converting to BitmapTriples	52.0143                            Converting to BitmapTriples	52.73672                            Converting to BitmapTriples	53.45914                            Converting to BitmapTriples	54.181564                            Converting to BitmapTriples	54.903984                            Converting to BitmapTriples	55.626404                            Converting to BitmapTriples	56.348827                            Converting to BitmapTriples	57.071247                            Converting to BitmapTriples	57.793667                            Converting to BitmapTriples	58.516087                            Converting to BitmapTriples	59.23851                            Converting to BitmapTriples	59.96093                            Converting to BitmapTriples	60.68335                            Converting to BitmapTriples	61.405773                            Converting to BitmapTriples	62.128193                            Converting to BitmapTriples	62.850613                            Converting to BitmapTriples	63.573032                            Converting to BitmapTriples	64.295456                            Converting to BitmapTriples	65.017876                            Converting to BitmapTriples	65.740295                            Converting to BitmapTriples	66.462715                            Converting to BitmapTriples	67.185135                            Converting to BitmapTriples	67.90756                            Converting to BitmapTriples	68.62998                            Converting to BitmapTriples	69.3524                            Converting to BitmapTriples	70.07482                            Converting to BitmapTriples	70.79724                            Converting to BitmapTriples	71.51966                            Converting to BitmapTriples	72.24208                            Converting to BitmapTriples	72.96451                            Converting to BitmapTriples	73.68693                            Converting to BitmapTriples	74.40935                            Converting to BitmapTriples	75.13177                            Converting to BitmapTriples	75.85419                            Converting to BitmapTriples	76.57661                            Converting to BitmapTriples	77.29903                            Converting to BitmapTriples	78.021454                            Converting to BitmapTriples	78.74387                            Converting to BitmapTriples	79.46629                            Converting to BitmapTriples	80.18871                            Converting to BitmapTriples	80.91113                            Converting to BitmapTriples	81.63355                            Converting to BitmapTriples	82.35598                            Converting to BitmapTriples	83.0784                            Converting to BitmapTriples	83.80082                            Converting to BitmapTriples	84.52324                            Converting to BitmapTriples	85.24566                            Converting to BitmapTriples	85.96808                            Converting to BitmapTriples	86.6905                            Converting to BitmapTriples	87.412926                            Converting to BitmapTriples	88.135345                            Converting to BitmapTriples	88.857765                            Converting to BitmapTriples	89.580185                            Converting to BitmapTriples	90.302605                            Converting to BitmapTriples	91.025024                            Converting to BitmapTriples	91.747444                            Converting to BitmapTriples	92.46987                            Converting to BitmapTriples	93.19229                            Converting to BitmapTriples	93.91471                            Converting to BitmapTriples	94.63713                            Converting to BitmapTriples	95.35955                            Converting to BitmapTriples	96.08197                            Converting to BitmapTriples	96.80439                            Converting to BitmapTriples	97.52682                            Converting to BitmapTriples	98.24924                            Converting to BitmapTriples	98.97166                            Converting to BitmapTriples	99.69408                            Generating header	0.0                            Files cat in .......... 48 sec 737 ms 477 us
Total Triples ......... 13842347
Different subjects .... 5368000
Different predicates .. 22
Different objects ..... 4111671
Common Subject/Object . 3606907
HDT saved to file in .. 350 ms 309 us
[exit 0]

[2026-08-17T22:56:38] $ docker run --rm --user 1000:1000 -v /home/ubuntu/vcf-rdfizer-expts/vcf-rdfizer-testing/testing-results/0GOOR_HG002/.hdt_partitioned:/data/work -v /home/ubuntu/vcf-rdfizer-expts/vcf-rdfizer-testing/testing-results/0GOOR_HG002:/data/out ecrum19/vcf-rdfizer:latest bash -lc 'set -euo pipefail; rm -f /data/work/.hdt-merge-r02-00001.time; if [[ -x /usr/bin/time ]] && /usr/bin/time --version >/dev/null 2>&1; then /usr/bin/time -v -o /data/work/.hdt-merge-r02-00001.time -- bash -lc '"'"'set -euo pipefail; rm -f /data/work/merge-r02-00001.hdt; HDTCAT_BIN="${HDTCAT_BIN:-}"; if [[ -z "$HDTCAT_BIN" ]]; then for candidate in hdtCat hdtCat.sh HDTCat HDTCat.sh /opt/hdt-java/bin/hdtCat /opt/hdt-java/bin/hdtCat.sh /usr/local/bin/hdtCat /usr/local/bin/hdtCat.sh; do if [[ "$candidate" == */* ]]; then [[ -x "$candidate" ]] && HDTCAT_BIN="$candidate" && break; else resolved="$(command -v "$candidate" || true)"; [[ -n "$resolved" && -x "$resolved" ]] && HDTCAT_BIN="$resolved" && break; fi; done; fi; if [[ -z "$HDTCAT_BIN" || ! -x "$HDTCAT_BIN" ]]; then echo '"'"'"'"'"'"'"'"'Missing HDTCat binary in container'"'"'"'"'"'"'"'"' >&2; exit 127; fi; "$HDTCAT_BIN" /data/work/merge-r01-00002.hdt /data/work/merge-r01-00003.hdt /data/work/merge-r02-00001.hdt'"'"'; else { time -p bash -lc '"'"'set -euo pipefail; rm -f /data/work/merge-r02-00001.hdt; HDTCAT_BIN="${HDTCAT_BIN:-}"; if [[ -z "$HDTCAT_BIN" ]]; then for candidate in hdtCat hdtCat.sh HDTCat HDTCat.sh /opt/hdt-java/bin/hdtCat /opt/hdt-java/bin/hdtCat.sh /usr/local/bin/hdtCat /usr/local/bin/hdtCat.sh; do if [[ "$candidate" == */* ]]; then [[ -x "$candidate" ]] && HDTCAT_BIN="$candidate" && break; else resolved="$(command -v "$candidate" || true)"; [[ -n "$resolved" && -x "$resolved" ]] && HDTCAT_BIN="$resolved" && break; fi; done; fi; if [[ -z "$HDTCAT_BIN" || ! -x "$HDTCAT_BIN" ]]; then echo '"'"'"'"'"'"'"'"'Missing HDTCat binary in container'"'"'"'"'"'"'"'"' >&2; exit 127; fi; "$HDTCAT_BIN" /data/work/merge-r01-00002.hdt /data/work/merge-r01-00003.hdt /data/work/merge-r02-00001.hdt'"'"'; } > /data/work/.hdt-merge-r02-00001.time 2>&1; fi'
[INFO] Welcome to hdtCat!
[INFO] This tool was developed by Dennis Diefenbach and Jośe M. Giḿenez-Garćıa
[INFO] Cat /data/work/merge-r01-00002.hdt, /data/work/merge-r01-00003.hdt to /data/work/merge-r02-00001.hdt
Generating dictionary	0.0                            Generate predicates: start	0.0                            Generate predicates: Analyze section predicate 	0.0                            Generate subjects: start	0.0                            Generate subjects: Analyze section subject 	0.0                            Generate subjects: Analyze section subject 	10.303819                            Generate subjects: Analyze section subject 	20.607637                            Generate subjects: Analyze section subject 	30.911455                            Generate subjects: Analyze section subject 	41.215275                            Generate subjects: Analyze section subject 	51.519093                            Generate subjects: Analyze section subject 	61.82291                            Generate subjects: Analyze section subject 	72.12673                            Generate subjects: Analyze section subject 	82.43055                            Generate subjects: Analyze section subject 	92.73437                            Generate objects: start	0.0                            Generate objects: Analyze section object 	0.0                            Generate objects: Analyze section object 	14.72908                            Generate objects: Analyze section object 	29.45816                            Generate objects: Analyze section object 	44.18724                            Generate objects: Analyze section object 	58.91632                            Generate objects: Analyze section object 	73.6454                            Generate objects: Analyze section object 	88.37448                            Generate shared: start	0.0                            Generate shared: Analyze section  	0.0                            Generate shared: Analyze section  	2.9130018                            Generate shared: Analyze section  	5.8260036                            Generate shared: Analyze section  	8.739005                            Generate shared: Analyze section  	11.652007                            Generate shared: Analyze section  	14.565009                            Generate shared: Analyze section  	17.47801                            Generate shared: Analyze section  	20.391012                            Generate shared: Analyze section  	23.304014                            Generate shared: Analyze section  	26.217016                            Generate shared: Analyze section  	29.130018                            Generate shared: Analyze section  	32.04302                            Generate shared: Analyze section  	34.95602                            Generate shared: Analyze section  	37.869022                            Generate shared: Analyze section  	40.782024                            Generate shared: Analyze section  	43.695026                            Generate shared: Analyze section  	46.60803                            Generate shared: Analyze section  	49.52103                            Generate shared: Analyze section  	52.434032                            Generate shared: Analyze section  	55.347034                            Generate shared: Analyze section  	58.260036                            Generate shared: Analyze section  	61.17304                            Generate shared: Analyze section  	64.08604                            Generate shared: Analyze section  	66.99904                            Generate shared: Analyze section  	69.91204                            Generate shared: Analyze section  	72.82504                            Generate shared: Analyze section  	75.738045                            Generate shared: Analyze section  	78.65105                            Generate shared: Analyze section  	81.56405                            Generate shared: Analyze section  	84.47705                            Generate shared: Analyze section  	87.39005                            Generate shared: Analyze section  	90.303055                            Generate shared: Analyze section  	93.21606                            Generate shared: Analyze section  	96.12906                            Generate shared: Analyze section  	99.04206                            Generating triples	0.0                            Converting to BitmapTriples	0.0                            Converting to BitmapTriples	0.6974999                            Converting to BitmapTriples	1.3949997                            Converting to BitmapTriples	2.0924997                            Converting to BitmapTriples	2.7899995                            Converting to BitmapTriples	3.4874995                            Converting to BitmapTriples	4.1849995                            Converting to BitmapTriples	4.882499                            Converting to BitmapTriples	5.579999                            Converting to BitmapTriples	6.2774987                            Converting to BitmapTriples	6.974999                            Converting to BitmapTriples	7.6724987                            Converting to BitmapTriples	8.369999                            Converting to BitmapTriples	9.067498                            Converting to BitmapTriples	9.764998                            Converting to BitmapTriples	10.462499                            Converting to BitmapTriples	11.159998                            Converting to BitmapTriples	11.857498                            Converting to BitmapTriples	12.554997                            Converting to BitmapTriples	13.252498                            Converting to BitmapTriples	13.949998                            Converting to BitmapTriples	14.647497                            Converting to BitmapTriples	15.344997                            Converting to BitmapTriples	16.042498                            Converting to BitmapTriples	16.739998                            Converting to BitmapTriples	17.437496                            Converting to BitmapTriples	18.134996                            Converting to BitmapTriples	18.832497                            Converting to BitmapTriples	19.529997                            Converting to BitmapTriples	20.227497                            Converting to BitmapTriples	20.924997                            Converting to BitmapTriples	21.622496                            Converting to BitmapTriples	22.319996                            Converting to BitmapTriples	23.017496                            Converting to BitmapTriples	23.714996                            Converting to BitmapTriples	24.412497                            Converting to BitmapTriples	25.109995                            Converting to BitmapTriples	25.807495                            Converting to BitmapTriples	26.504995                            Converting to BitmapTriples	27.202496                            Converting to BitmapTriples	27.899996                            Converting to BitmapTriples	28.597496                            Converting to BitmapTriples	29.294994                            Converting to BitmapTriples	29.992495                            Converting to BitmapTriples	30.689995                            Converting to BitmapTriples	31.387495                            Converting to BitmapTriples	32.084995                            Converting to BitmapTriples	32.782494                            Converting to BitmapTriples	33.479996                            Converting to BitmapTriples	34.177494                            Converting to BitmapTriples	34.874992                            Converting to BitmapTriples	35.572495                            Converting to BitmapTriples	36.269993                            Converting to BitmapTriples	36.967495                            Converting to BitmapTriples	37.664993                            Converting to BitmapTriples	38.36249                            Converting to BitmapTriples	39.059994                            Converting to BitmapTriples	39.757492                            Converting to BitmapTriples	40.454994                            Converting to BitmapTriples	41.152493                            Converting to BitmapTriples	41.849995                            Converting to BitmapTriples	42.547493                            Converting to BitmapTriples	43.24499                            Converting to BitmapTriples	43.942493                            Converting to BitmapTriples	44.63999                            Converting to BitmapTriples	45.337494                            Converting to BitmapTriples	46.034992                            Converting to BitmapTriples	46.73249                            Converting to BitmapTriples	47.429993                            Converting to BitmapTriples	48.12749                            Converting to BitmapTriples	48.824993                            Converting to BitmapTriples	49.52249                            Converting to BitmapTriples	50.21999                            Converting to BitmapTriples	50.917492                            Converting to BitmapTriples	51.61499                            Converting to BitmapTriples	52.312492                            Converting to BitmapTriples	53.00999                            Converting to BitmapTriples	53.70749                            Converting to BitmapTriples	54.40499                            Converting to BitmapTriples	55.10249                            Converting to BitmapTriples	55.79999                            Converting to BitmapTriples	56.49749                            Converting to BitmapTriples	57.194992                            Converting to BitmapTriples	57.89249                            Converting to BitmapTriples	58.58999                            Converting to BitmapTriples	59.28749                            Converting to BitmapTriples	59.98499                            Converting to BitmapTriples	60.68249                            Converting to BitmapTriples	61.37999                            Converting to BitmapTriples	62.077488                            Converting to BitmapTriples	62.77499                            Converting to BitmapTriples	63.47249                            Converting to BitmapTriples	64.16999                            Converting to BitmapTriples	64.86749                            Converting to BitmapTriples	65.56499                            Converting to BitmapTriples	66.26249                            Converting to BitmapTriples	66.95999                            Converting to BitmapTriples	67.657486                            Converting to BitmapTriples	68.35499                            Converting to BitmapTriples	69.05249                            Converting to BitmapTriples	69.749985                            Converting to BitmapTriples	70.44749                            Converting to BitmapTriples	71.14499                            Converting to BitmapTriples	71.84249                            Converting to BitmapTriples	72.539986                            Converting to BitmapTriples	73.23749                            Converting to BitmapTriples	73.93499                            Converting to BitmapTriples	74.632484                            Converting to BitmapTriples	75.32999                            Converting to BitmapTriples	76.02749                            Converting to BitmapTriples	76.72498                            Converting to BitmapTriples	77.422485                            Converting to BitmapTriples	78.11999                            Converting to BitmapTriples	78.81749                            Converting to BitmapTriples	79.514984                            Converting to BitmapTriples	80.21249                            Converting to BitmapTriples	80.90999                            Converting to BitmapTriples	81.60748                            Converting to BitmapTriples	82.304985                            Converting to BitmapTriples	83.00249                            Converting to BitmapTriples	83.69999                            Converting to BitmapTriples	84.397484                            Converting to BitmapTriples	85.094986                            Converting to BitmapTriples	85.79249                            Converting to BitmapTriples	86.48998                            Converting to BitmapTriples	87.187485                            Converting to BitmapTriples	87.88499                            Converting to BitmapTriples	88.58248                            Converting to BitmapTriples	89.27998                            Converting to BitmapTriples	89.977486                            Converting to BitmapTriples	90.67499                            Converting to BitmapTriples	91.37248                            Converting to BitmapTriples	92.069984                            Converting to BitmapTriples	92.76749                            Converting to BitmapTriples	93.46498                            Converting to BitmapTriples	94.16248                            Converting to BitmapTriples	94.859985                            Converting to BitmapTriples	95.55749                            Converting to BitmapTriples	96.25498                            Converting to BitmapTriples	96.952484                            Converting to BitmapTriples	97.64999                            Converting to BitmapTriples	98.34748                            Converting to BitmapTriples	99.04498                            Converting to BitmapTriples	99.742485                            Generating header	0.0                            Files cat in .......... 39 sec 820 ms 795 us
Total Triples ......... 14336920
Different subjects .... 4403399
Different predicates .. 15
Different objects ..... 4111814
Common Subject/Object . 3432885
HDT saved to file in .. 480 ms 345 us
[exit 0]

[2026-08-17T22:57:19] $ docker run --rm --user 1000:1000 -v /home/ubuntu/vcf-rdfizer-expts/vcf-rdfizer-testing/testing-results/0GOOR_HG002/.hdt_partitioned:/data/work -v /home/ubuntu/vcf-rdfizer-expts/vcf-rdfizer-testing/testing-results/0GOOR_HG002:/data/out ecrum19/vcf-rdfizer:latest bash -lc 'set -euo pipefail; rm -f /data/work/.hdt-merge-r02-00002.time; if [[ -x /usr/bin/time ]] && /usr/bin/time --version >/dev/null 2>&1; then /usr/bin/time -v -o /data/work/.hdt-merge-r02-00002.time -- bash -lc '"'"'set -euo pipefail; rm -f /data/work/merge-r02-00002.hdt; HDTCAT_BIN="${HDTCAT_BIN:-}"; if [[ -z "$HDTCAT_BIN" ]]; then for candidate in hdtCat hdtCat.sh HDTCat HDTCat.sh /opt/hdt-java/bin/hdtCat /opt/hdt-java/bin/hdtCat.sh /usr/local/bin/hdtCat /usr/local/bin/hdtCat.sh; do if [[ "$candidate" == */* ]]; then [[ -x "$candidate" ]] && HDTCAT_BIN="$candidate" && break; else resolved="$(command -v "$candidate" || true)"; [[ -n "$resolved" && -x "$resolved" ]] && HDTCAT_BIN="$resolved" && break; fi; done; fi; if [[ -z "$HDTCAT_BIN" || ! -x "$HDTCAT_BIN" ]]; then echo '"'"'"'"'"'"'"'"'Missing HDTCat binary in container'"'"'"'"'"'"'"'"' >&2; exit 127; fi; "$HDTCAT_BIN" /data/work/merge-r01-00004.hdt /data/work/merge-r01-00005.hdt /data/work/merge-r02-00002.hdt'"'"'; else { time -p bash -lc '"'"'set -euo pipefail; rm -f /data/work/merge-r02-00002.hdt; HDTCAT_BIN="${HDTCAT_BIN:-}"; if [[ -z "$HDTCAT_BIN" ]]; then for candidate in hdtCat hdtCat.sh HDTCat HDTCat.sh /opt/hdt-java/bin/hdtCat /opt/hdt-java/bin/hdtCat.sh /usr/local/bin/hdtCat /usr/local/bin/hdtCat.sh; do if [[ "$candidate" == */* ]]; then [[ -x "$candidate" ]] && HDTCAT_BIN="$candidate" && break; else resolved="$(command -v "$candidate" || true)"; [[ -n "$resolved" && -x "$resolved" ]] && HDTCAT_BIN="$resolved" && break; fi; done; fi; if [[ -z "$HDTCAT_BIN" || ! -x "$HDTCAT_BIN" ]]; then echo '"'"'"'"'"'"'"'"'Missing HDTCat binary in container'"'"'"'"'"'"'"'"' >&2; exit 127; fi; "$HDTCAT_BIN" /data/work/merge-r01-00004.hdt /data/work/merge-r01-00005.hdt /data/work/merge-r02-00002.hdt'"'"'; } > /data/work/.hdt-merge-r02-00002.time 2>&1; fi'
[INFO] Welcome to hdtCat!
[INFO] This tool was developed by Dennis Diefenbach and Jośe M. Giḿenez-Garćıa
[INFO] Cat /data/work/merge-r01-00004.hdt, /data/work/merge-r01-00005.hdt to /data/work/merge-r02-00002.hdt
Generating dictionary	0.0                            Generate predicates: start	0.0                            Generate predicates: Analyze section predicate 	0.0                            Generate subjects: start	0.0                            Generate subjects: Analyze section subject 	0.0                            Generate subjects: Analyze section subject 	12.997715                            Generate subjects: Analyze section subject 	25.99543                            Generate subjects: Analyze section subject 	38.993145                            Generate subjects: Analyze section subject 	51.99086                            Generate subjects: Analyze section subject 	64.98858                            Generate subjects: Analyze section subject 	77.98629                            Generate subjects: Analyze section subject 	90.98401                            Generate objects: start	0.0                            Generate objects: Analyze section object 	0.0                            Generate objects: Analyze section object 	17.283903                            Generate objects: Analyze section object 	34.567806                            Generate objects: Analyze section object 	51.85171                            Generate objects: Analyze section object 	69.13561                            Generate objects: Analyze section object 	86.41952                            Generate shared: start	0.0                            Generate shared: Analyze section  	0.0                            Generate shared: Analyze section  	2.8965533                            Generate shared: Analyze section  	5.7931066                            Generate shared: Analyze section  	8.68966                            Generate shared: Analyze section  	11.586213                            Generate shared: Analyze section  	14.482767                            Generate shared: Analyze section  	17.37932                            Generate shared: Analyze section  	20.275873                            Generate shared: Analyze section  	23.172426                            Generate shared: Analyze section  	26.068981                            Generate shared: Analyze section  	28.965534                            Generate shared: Analyze section  	31.862087                            Generate shared: Analyze section  	34.75864                            Generate shared: Analyze section  	37.655193                            Generate shared: Analyze section  	40.551746                            Generate shared: Analyze section  	43.4483                            Generate shared: Analyze section  	46.344852                            Generate shared: Analyze section  	49.241405                            Generate shared: Analyze section  	52.137962                            Generate shared: Analyze section  	55.034515                            Generate shared: Analyze section  	57.93107                            Generate shared: Analyze section  	60.82762                            Generate shared: Analyze section  	63.724174                            Generate shared: Analyze section  	66.62073                            Generate shared: Analyze section  	69.51728                            Generate shared: Analyze section  	72.41383                            Generate shared: Analyze section  	75.31039                            Generate shared: Analyze section  	78.20694                            Generate shared: Analyze section  	81.10349                            Generate shared: Analyze section  	84.000046                            Generate shared: Analyze section  	86.8966                            Generate shared: Analyze section  	89.79315                            Generate shared: Analyze section  	92.689705                            Generate shared: Analyze section  	95.58626                            Generate shared: Analyze section  	98.48281                            Generating triples	0.0                            Converting to BitmapTriples	0.0                            Converting to BitmapTriples	0.7251627                            Converting to BitmapTriples	1.4503254                            Converting to BitmapTriples	2.175488                            Converting to BitmapTriples	2.9006507                            Converting to BitmapTriples	3.6258135                            Converting to BitmapTriples	4.350976                            Converting to BitmapTriples	5.076139                            Converting to BitmapTriples	5.8013015                            Converting to BitmapTriples	6.526464                            Converting to BitmapTriples	7.251627                            Converting to BitmapTriples	7.9767895                            Converting to BitmapTriples	8.701952                            Converting to BitmapTriples	9.4271145                            Converting to BitmapTriples	10.152278                            Converting to BitmapTriples	10.87744                            Converting to BitmapTriples	11.602603                            Converting to BitmapTriples	12.327765                            Converting to BitmapTriples	13.052928                            Converting to BitmapTriples	13.778091                            Converting to BitmapTriples	14.503254                            Converting to BitmapTriples	15.228416                            Converting to BitmapTriples	15.953579                            Converting to BitmapTriples	16.678741                            Converting to BitmapTriples	17.403904                            Converting to BitmapTriples	18.129066                            Converting to BitmapTriples	18.854229                            Converting to BitmapTriples	19.579393                            Converting to BitmapTriples	20.304556                            Converting to BitmapTriples	21.029718                            Converting to BitmapTriples	21.75488                            Converting to BitmapTriples	22.480043                            Converting to BitmapTriples	23.205206                            Converting to BitmapTriples	23.930368                            Converting to BitmapTriples	24.65553                            Converting to BitmapTriples	25.380693                            Converting to BitmapTriples	26.105856                            Converting to BitmapTriples	26.83102                            Converting to BitmapTriples	27.556183                            Converting to BitmapTriples	28.281345                            Converting to BitmapTriples	29.006508                            Converting to BitmapTriples	29.73167                            Converting to BitmapTriples	30.456833                            Converting to BitmapTriples	31.181995                            Converting to BitmapTriples	31.907158                            Converting to BitmapTriples	32.63232                            Converting to BitmapTriples	33.357483                            Converting to BitmapTriples	34.082645                            Converting to BitmapTriples	34.807808                            Converting to BitmapTriples	35.53297                            Converting to BitmapTriples	36.258133                            Converting to BitmapTriples	36.983295                            Converting to BitmapTriples	37.708458                            Converting to BitmapTriples	38.433624                            Converting to BitmapTriples	39.158787                            Converting to BitmapTriples	39.88395                            Converting to BitmapTriples	40.60911                            Converting to BitmapTriples	41.334274                            Converting to BitmapTriples	42.059437                            Converting to BitmapTriples	42.7846                            Converting to BitmapTriples	43.50976                            Converting to BitmapTriples	44.234924                            Converting to BitmapTriples	44.960087                            Converting to BitmapTriples	45.68525                            Converting to BitmapTriples	46.41041                            Converting to BitmapTriples	47.135574                            Converting to BitmapTriples	47.860737                            Converting to BitmapTriples	48.5859                            Converting to BitmapTriples	49.31106                            Converting to BitmapTriples	50.036224                            Converting to BitmapTriples	50.761387                            Converting to BitmapTriples	51.48655                            Converting to BitmapTriples	52.21171                            Converting to BitmapTriples	52.936874                            Converting to BitmapTriples	53.66204                            Converting to BitmapTriples	54.387203                            Converting to BitmapTriples	55.112366                            Converting to BitmapTriples	55.83753                            Converting to BitmapTriples	56.56269                            Converting to BitmapTriples	57.287853                            Converting to BitmapTriples	58.013016                            Converting to BitmapTriples	58.73818                            Converting to BitmapTriples	59.46334                            Converting to BitmapTriples	60.188503                            Converting to BitmapTriples	60.913666                            Converting to BitmapTriples	61.63883                            Converting to BitmapTriples	62.36399                            Converting to BitmapTriples	63.089153                            Converting to BitmapTriples	63.814316                            Converting to BitmapTriples	64.53948                            Converting to BitmapTriples	65.26464                            Converting to BitmapTriples	65.98981                            Converting to BitmapTriples	66.714966                            Converting to BitmapTriples	67.44013                            Converting to BitmapTriples	68.16529                            Converting to BitmapTriples	68.89046                            Converting to BitmapTriples	69.615616                            Converting to BitmapTriples	70.34078                            Converting to BitmapTriples	71.06594                            Converting to BitmapTriples	71.79111                            Converting to BitmapTriples	72.516266                            Converting to BitmapTriples	73.24143                            Converting to BitmapTriples	73.96659                            Converting to BitmapTriples	74.69176                            Converting to BitmapTriples	75.416916                            Converting to BitmapTriples	76.14208                            Converting to BitmapTriples	76.86725                            Converting to BitmapTriples	77.59241                            Converting to BitmapTriples	78.31757                            Converting to BitmapTriples	79.04273                            Converting to BitmapTriples	79.7679                            Converting to BitmapTriples	80.49306                            Converting to BitmapTriples	81.21822                            Converting to BitmapTriples	81.94338                            Converting to BitmapTriples	82.66855                            Converting to BitmapTriples	83.39371                            Converting to BitmapTriples	84.11887                            Converting to BitmapTriples	84.84403                            Converting to BitmapTriples	85.5692                            Converting to BitmapTriples	86.29436                            Converting to BitmapTriples	87.01952                            Converting to BitmapTriples	87.74468                            Converting to BitmapTriples	88.46985                            Converting to BitmapTriples	89.19501                            Converting to BitmapTriples	89.92017                            Converting to BitmapTriples	90.64533                            Converting to BitmapTriples	91.3705                            Converting to BitmapTriples	92.095665                            Converting to BitmapTriples	92.82082                            Converting to BitmapTriples	93.54599                            Converting to BitmapTriples	94.27115                            Converting to BitmapTriples	94.996315                            Converting to BitmapTriples	95.72147                            Converting to BitmapTriples	96.44664                            Converting to BitmapTriples	97.1718                            Converting to BitmapTriples	97.896965                            Converting to BitmapTriples	98.62212                            Converting to BitmapTriples	99.34729                            Generating header	0.0                            Files cat in .......... 36 sec 623 ms 44 us
Total Triples ......... 13790009
Different subjects .... 4221745
Different predicates .. 13
Different objects ..... 4030952
Common Subject/Object . 3452379
HDT saved to file in .. 338 ms 109 us
[exit 0]

[2026-08-17T22:57:57] $ docker run --rm --user 1000:1000 -v /home/ubuntu/vcf-rdfizer-expts/vcf-rdfizer-testing/testing-results/0GOOR_HG002/.hdt_partitioned:/data/work -v /home/ubuntu/vcf-rdfizer-expts/vcf-rdfizer-testing/testing-results/0GOOR_HG002:/data/out ecrum19/vcf-rdfizer:latest bash -lc 'set -euo pipefail; rm -f /data/work/.hdt-merge-r02-00003.time; if [[ -x /usr/bin/time ]] && /usr/bin/time --version >/dev/null 2>&1; then /usr/bin/time -v -o /data/work/.hdt-merge-r02-00003.time -- bash -lc '"'"'set -euo pipefail; rm -f /data/work/merge-r02-00003.hdt; HDTCAT_BIN="${HDTCAT_BIN:-}"; if [[ -z "$HDTCAT_BIN" ]]; then for candidate in hdtCat hdtCat.sh HDTCat HDTCat.sh /opt/hdt-java/bin/hdtCat /opt/hdt-java/bin/hdtCat.sh /usr/local/bin/hdtCat /usr/local/bin/hdtCat.sh; do if [[ "$candidate" == */* ]]; then [[ -x "$candidate" ]] && HDTCAT_BIN="$candidate" && break; else resolved="$(command -v "$candidate" || true)"; [[ -n "$resolved" && -x "$resolved" ]] && HDTCAT_BIN="$resolved" && break; fi; done; fi; if [[ -z "$HDTCAT_BIN" || ! -x "$HDTCAT_BIN" ]]; then echo '"'"'"'"'"'"'"'"'Missing HDTCat binary in container'"'"'"'"'"'"'"'"' >&2; exit 127; fi; "$HDTCAT_BIN" /data/work/merge-r01-00006.hdt /data/work/merge-r01-00007.hdt /data/work/merge-r02-00003.hdt'"'"'; else { time -p bash -lc '"'"'set -euo pipefail; rm -f /data/work/merge-r02-00003.hdt; HDTCAT_BIN="${HDTCAT_BIN:-}"; if [[ -z "$HDTCAT_BIN" ]]; then for candidate in hdtCat hdtCat.sh HDTCat HDTCat.sh /opt/hdt-java/bin/hdtCat /opt/hdt-java/bin/hdtCat.sh /usr/local/bin/hdtCat /usr/local/bin/hdtCat.sh; do if [[ "$candidate" == */* ]]; then [[ -x "$candidate" ]] && HDTCAT_BIN="$candidate" && break; else resolved="$(command -v "$candidate" || true)"; [[ -n "$resolved" && -x "$resolved" ]] && HDTCAT_BIN="$resolved" && break; fi; done; fi; if [[ -z "$HDTCAT_BIN" || ! -x "$HDTCAT_BIN" ]]; then echo '"'"'"'"'"'"'"'"'Missing HDTCat binary in container'"'"'"'"'"'"'"'"' >&2; exit 127; fi; "$HDTCAT_BIN" /data/work/merge-r01-00006.hdt /data/work/merge-r01-00007.hdt /data/work/merge-r02-00003.hdt'"'"'; } > /data/work/.hdt-merge-r02-00003.time 2>&1; fi'
[INFO] Welcome to hdtCat!
[INFO] This tool was developed by Dennis Diefenbach and Jośe M. Giḿenez-Garćıa
[INFO] Cat /data/work/merge-r01-00006.hdt, /data/work/merge-r01-00007.hdt to /data/work/merge-r02-00003.hdt
Generating dictionary	0.0                            Generate predicates: start	0.0                            Generate predicates: Analyze section predicate 	0.0                            Generate subjects: start	0.0                            Generate subjects: Analyze section subject 	0.0                            Generate subjects: Analyze section subject 	7.4456506                            Generate subjects: Analyze section subject 	14.891301                            Generate subjects: Analyze section subject 	22.336952                            Generate subjects: Analyze section subject 	29.782602                            Generate subjects: Analyze section subject 	37.228252                            Generate subjects: Analyze section subject 	44.673904                            Generate subjects: Analyze section subject 	52.119553                            Generate subjects: Analyze section subject 	59.565205                            Generate subjects: Analyze section subject 	67.01086                            Generate subjects: Analyze section subject 	74.456505                            Generate subjects: Analyze section subject 	81.90215                            Generate subjects: Analyze section subject 	89.34781                            Generate subjects: Analyze section subject 	96.79346                            Generate objects: start	0.0                            Generate objects: Analyze section object 	0.0                            Generate objects: Analyze section object 	18.717478                            Generate objects: Analyze section object 	37.434956                            Generate objects: Analyze section object 	56.152435                            Generate objects: Analyze section object 	74.86991                            Generate objects: Analyze section object 	93.587395                            Generate shared: start	0.0                            Generate shared: Analyze section  	0.0                            Generate shared: Analyze section  	2.7712255                            Generate shared: Analyze section  	5.542451                            Generate shared: Analyze section  	8.313676                            Generate shared: Analyze section  	11.084902                            Generate shared: Analyze section  	13.856127                            Generate shared: Analyze section  	16.627352                            Generate shared: Analyze section  	19.398577                            Generate shared: Analyze section  	22.169804                            Generate shared: Analyze section  	24.941029                            Generate shared: Analyze section  	27.712254                            Generate shared: Analyze section  	30.483479                            Generate shared: Analyze section  	33.254704                            Generate shared: Analyze section  	36.02593                            Generate shared: Analyze section  	38.797153                            Generate shared: Analyze section  	41.568382                            Generate shared: Analyze section  	44.339607                            Generate shared: Analyze section  	47.110832                            Generate shared: Analyze section  	49.882057                            Generate shared: Analyze section  	52.653282                            Generate shared: Analyze section  	55.424507                            Generate shared: Analyze section  	58.195732                            Generate shared: Analyze section  	60.966957                            Generate shared: Analyze section  	63.738182                            Generate shared: Analyze section  	66.50941                            Generate shared: Analyze section  	69.28063                            Generate shared: Analyze section  	72.05186                            Generate shared: Analyze section  	74.82308                            Generate shared: Analyze section  	77.59431                            Generate shared: Analyze section  	80.36553                            Generate shared: Analyze section  	83.136765                            Generate shared: Analyze section  	85.90799                            Generate shared: Analyze section  	88.679214                            Generate shared: Analyze section  	91.45044                            Generate shared: Analyze section  	94.221664                            Generate shared: Analyze section  	96.99289                            Generate shared: Analyze section  	99.764114                            Generating triples	0.0                            Converting to BitmapTriples	0.0                            Converting to BitmapTriples	0.71949196                            Converting to BitmapTriples	1.4389839                            Converting to BitmapTriples	2.1584759                            Converting to BitmapTriples	2.8779678                            Converting to BitmapTriples	3.5974598                            Converting to BitmapTriples	4.3169518                            Converting to BitmapTriples	5.0364437                            Converting to BitmapTriples	5.7559357                            Converting to BitmapTriples	6.4754276                            Converting to BitmapTriples	7.1949196                            Converting to BitmapTriples	7.9144115                            Converting to BitmapTriples	8.6339035                            Converting to BitmapTriples	9.353395                            Converting to BitmapTriples	10.072887                            Converting to BitmapTriples	10.792379                            Converting to BitmapTriples	11.511871                            Converting to BitmapTriples	12.231363                            Converting to BitmapTriples	12.950855                            Converting to BitmapTriples	13.670347                            Converting to BitmapTriples	14.389839                            Converting to BitmapTriples	15.109331                            Converting to BitmapTriples	15.828823                            Converting to BitmapTriples	16.548315                            Converting to BitmapTriples	17.267807                            Converting to BitmapTriples	17.987299                            Converting to BitmapTriples	18.70679                            Converting to BitmapTriples	19.426283                            Converting to BitmapTriples	20.145775                            Converting to BitmapTriples	20.865267                            Converting to BitmapTriples	21.584759                            Converting to BitmapTriples	22.30425                            Converting to BitmapTriples	23.023743                            Converting to BitmapTriples	23.743235                            Converting to BitmapTriples	24.462727                            Converting to BitmapTriples	25.182219                            Converting to BitmapTriples	25.90171                            Converting to BitmapTriples	26.621202                            Converting to BitmapTriples	27.340694                            Converting to BitmapTriples	28.060186                            Converting to BitmapTriples	28.779678                            Converting to BitmapTriples	29.49917                            Converting to BitmapTriples	30.218662                            Converting to BitmapTriples	30.938154                            Converting to BitmapTriples	31.657646                            Converting to BitmapTriples	32.377136                            Converting to BitmapTriples	33.09663                            Converting to BitmapTriples	33.81612                            Converting to BitmapTriples	34.535614                            Converting to BitmapTriples	35.255104                            Converting to BitmapTriples	35.974598                            Converting to BitmapTriples	36.694088                            Converting to BitmapTriples	37.41358                            Converting to BitmapTriples	38.13307                            Converting to BitmapTriples	38.852566                            Converting to BitmapTriples	39.572056                            Converting to BitmapTriples	40.29155                            Converting to BitmapTriples	41.01104                            Converting to BitmapTriples	41.730534                            Converting to BitmapTriples	42.450024                            Converting to BitmapTriples	43.169518                            Converting to BitmapTriples	43.889008                            Converting to BitmapTriples	44.6085                            Converting to BitmapTriples	45.32799                            Converting to BitmapTriples	46.047485                            Converting to BitmapTriples	46.766975                            Converting to BitmapTriples	47.48647                            Converting to BitmapTriples	48.20596                            Converting to BitmapTriples	48.925453                            Converting to BitmapTriples	49.644943                            Converting to BitmapTriples	50.364437                            Converting to BitmapTriples	51.083927                            Converting to BitmapTriples	51.80342                            Converting to BitmapTriples	52.52291                            Converting to BitmapTriples	53.242405                            Converting to BitmapTriples	53.961895                            Converting to BitmapTriples	54.68139                            Converting to BitmapTriples	55.40088                            Converting to BitmapTriples	56.120373                            Converting to BitmapTriples	56.839863                            Converting to BitmapTriples	57.559357                            Converting to BitmapTriples	58.278847                            Converting to BitmapTriples	58.99834                            Converting to BitmapTriples	59.71783                            Converting to BitmapTriples	60.437325                            Converting to BitmapTriples	61.156815                            Converting to BitmapTriples	61.87631                            Converting to BitmapTriples	62.5958                            Converting to BitmapTriples	63.315292                            Converting to BitmapTriples	64.03478                            Converting to BitmapTriples	64.75427                            Converting to BitmapTriples	65.47377                            Converting to BitmapTriples	66.19326                            Converting to BitmapTriples	66.91275                            Converting to BitmapTriples	67.63224                            Converting to BitmapTriples	68.35174                            Converting to BitmapTriples	69.07123                            Converting to BitmapTriples	69.79072                            Converting to BitmapTriples	70.51021                            Converting to BitmapTriples	71.229706                            Converting to BitmapTriples	71.949196                            Converting to BitmapTriples	72.668686                            Converting to BitmapTriples	73.388176                            Converting to BitmapTriples	74.10767                            Converting to BitmapTriples	74.82716                            Converting to BitmapTriples	75.54665                            Converting to BitmapTriples	76.26614                            Converting to BitmapTriples	76.98564                            Converting to BitmapTriples	77.70513                            Converting to BitmapTriples	78.42462                            Converting to BitmapTriples	79.14411                            Converting to BitmapTriples	79.86361                            Converting to BitmapTriples	80.5831                            Converting to BitmapTriples	81.30259                            Converting to BitmapTriples	82.02208                            Converting to BitmapTriples	82.74158                            Converting to BitmapTriples	83.46107                            Converting to BitmapTriples	84.18056                            Converting to BitmapTriples	84.90005                            Converting to BitmapTriples	85.619545                            Converting to BitmapTriples	86.339035                            Converting to BitmapTriples	87.058525                            Converting to BitmapTriples	87.778015                            Converting to BitmapTriples	88.49751                            Converting to BitmapTriples	89.217                            Converting to BitmapTriples	89.93649                            Converting to BitmapTriples	90.65598                            Converting to BitmapTriples	91.37548                            Converting to BitmapTriples	92.09497                            Converting to BitmapTriples	92.81446                            Converting to BitmapTriples	93.53395                            Converting to BitmapTriples	94.25345                            Converting to BitmapTriples	94.97294                            Converting to BitmapTriples	95.69243                            Converting to BitmapTriples	96.41192                            Converting to BitmapTriples	97.13142                            Converting to BitmapTriples	97.85091                            Converting to BitmapTriples	98.5704                            Converting to BitmapTriples	99.28989                            Generating header	0.0                            Files cat in .......... 41 sec 936 ms 876 us
Total Triples ......... 13898696
Different subjects .... 4951578
Different predicates .. 18
Different objects ..... 4142772
Common Subject/Object . 3608512
HDT saved to file in .. 342 ms 202 us
[exit 0]

[2026-08-17T22:58:40] $ docker run --rm --user 1000:1000 -v /home/ubuntu/vcf-rdfizer-expts/vcf-rdfizer-testing/testing-results/0GOOR_HG002/.hdt_partitioned:/data/work -v /home/ubuntu/vcf-rdfizer-expts/vcf-rdfizer-testing/testing-results/0GOOR_HG002:/data/out ecrum19/vcf-rdfizer:latest bash -lc 'set -euo pipefail; rm -f /data/work/.hdt-merge-r02-00004.time; if [[ -x /usr/bin/time ]] && /usr/bin/time --version >/dev/null 2>&1; then /usr/bin/time -v -o /data/work/.hdt-merge-r02-00004.time -- bash -lc '"'"'set -euo pipefail; rm -f /data/work/merge-r02-00004.hdt; HDTCAT_BIN="${HDTCAT_BIN:-}"; if [[ -z "$HDTCAT_BIN" ]]; then for candidate in hdtCat hdtCat.sh HDTCat HDTCat.sh /opt/hdt-java/bin/hdtCat /opt/hdt-java/bin/hdtCat.sh /usr/local/bin/hdtCat /usr/local/bin/hdtCat.sh; do if [[ "$candidate" == */* ]]; then [[ -x "$candidate" ]] && HDTCAT_BIN="$candidate" && break; else resolved="$(command -v "$candidate" || true)"; [[ -n "$resolved" && -x "$resolved" ]] && HDTCAT_BIN="$resolved" && break; fi; done; fi; if [[ -z "$HDTCAT_BIN" || ! -x "$HDTCAT_BIN" ]]; then echo '"'"'"'"'"'"'"'"'Missing HDTCat binary in container'"'"'"'"'"'"'"'"' >&2; exit 127; fi; "$HDTCAT_BIN" /data/work/merge-r01-00008.hdt /data/work/merge-r01-00009.hdt /data/work/merge-r02-00004.hdt'"'"'; else { time -p bash -lc '"'"'set -euo pipefail; rm -f /data/work/merge-r02-00004.hdt; HDTCAT_BIN="${HDTCAT_BIN:-}"; if [[ -z "$HDTCAT_BIN" ]]; then for candidate in hdtCat hdtCat.sh HDTCat HDTCat.sh /opt/hdt-java/bin/hdtCat /opt/hdt-java/bin/hdtCat.sh /usr/local/bin/hdtCat /usr/local/bin/hdtCat.sh; do if [[ "$candidate" == */* ]]; then [[ -x "$candidate" ]] && HDTCAT_BIN="$candidate" && break; else resolved="$(command -v "$candidate" || true)"; [[ -n "$resolved" && -x "$resolved" ]] && HDTCAT_BIN="$resolved" && break; fi; done; fi; if [[ -z "$HDTCAT_BIN" || ! -x "$HDTCAT_BIN" ]]; then echo '"'"'"'"'"'"'"'"'Missing HDTCat binary in container'"'"'"'"'"'"'"'"' >&2; exit 127; fi; "$HDTCAT_BIN" /data/work/merge-r01-00008.hdt /data/work/merge-r01-00009.hdt /data/work/merge-r02-00004.hdt'"'"'; } > /data/work/.hdt-merge-r02-00004.time 2>&1; fi'
[INFO] Welcome to hdtCat!
[INFO] This tool was developed by Dennis Diefenbach and Jośe M. Giḿenez-Garćıa
[INFO] Cat /data/work/merge-r01-00008.hdt, /data/work/merge-r01-00009.hdt to /data/work/merge-r02-00004.hdt
Generating dictionary	0.0                            Generate predicates: start	0.0                            Generate predicates: Analyze section predicate 	0.0                            Generate subjects: start	0.0                            Generate subjects: Analyze section subject 	0.0                            Generate subjects: Analyze section subject 	10.412252                            Generate subjects: Analyze section subject 	20.824505                            Generate subjects: Analyze section subject 	31.236757                            Generate subjects: Analyze section subject 	41.64901                            Generate subjects: Analyze section subject 	52.06126                            Generate subjects: Analyze section subject 	62.473515                            Generate subjects: Analyze section subject 	72.885765                            Generate subjects: Analyze section subject 	83.29802                            Generate subjects: Analyze section subject 	93.71027                            Generate objects: start	0.0                            Generate objects: Analyze section object 	0.0                            Generate objects: Analyze section object 	14.367362                            Generate objects: Analyze section object 	28.734724                            Generate objects: Analyze section object 	43.102085                            Generate objects: Analyze section object 	57.469448                            Generate objects: Analyze section object 	71.83681                            Generate objects: Analyze section object 	86.20417                            Generate shared: start	0.0                            Generate shared: Analyze section  	0.0                            Generate shared: Analyze section  	2.9081917                            Generate shared: Analyze section  	5.8163834                            Generate shared: Analyze section  	8.724575                            Generate shared: Analyze section  	11.632767                            Generate shared: Analyze section  	14.540958                            Generate shared: Analyze section  	17.44915                            Generate shared: Analyze section  	20.357342                            Generate shared: Analyze section  	23.265533                            Generate shared: Analyze section  	26.173725                            Generate shared: Analyze section  	29.081917                            Generate shared: Analyze section  	31.990107                            Generate shared: Analyze section  	34.8983                            Generate shared: Analyze section  	37.80649                            Generate shared: Analyze section  	40.714684                            Generate shared: Analyze section  	43.622875                            Generate shared: Analyze section  	46.531067                            Generate shared: Analyze section  	49.43926                            Generate shared: Analyze section  	52.34745                            Generate shared: Analyze section  	55.255642                            Generate shared: Analyze section  	58.163834                            Generate shared: Analyze section  	61.072025                            Generate shared: Analyze section  	63.980213                            Generate shared: Analyze section  	66.888405                            Generate shared: Analyze section  	69.7966                            Generate shared: Analyze section  	72.70479                            Generate shared: Analyze section  	75.61298                            Generate shared: Analyze section  	78.52117                            Generate shared: Analyze section  	81.42937                            Generate shared: Analyze section  	84.337555                            Generate shared: Analyze section  	87.24575                            Generate shared: Analyze section  	90.15394                            Generate shared: Analyze section  	93.06213                            Generate shared: Analyze section  	95.97032                            Generate shared: Analyze section  	98.87852                            Generating triples	0.0                            Converting to BitmapTriples	0.0                            Converting to BitmapTriples	0.69372046                            Converting to BitmapTriples	1.3874409                            Converting to BitmapTriples	2.0811615                            Converting to BitmapTriples	2.7748818                            Converting to BitmapTriples	3.4686024                            Converting to BitmapTriples	4.162323                            Converting to BitmapTriples	4.8560433                            Converting to BitmapTriples	5.5497637                            Converting to BitmapTriples	6.243484                            Converting to BitmapTriples	6.937205                            Converting to BitmapTriples	7.630925                            Converting to BitmapTriples	8.324646                            Converting to BitmapTriples	9.018366                            Converting to BitmapTriples	9.712087                            Converting to BitmapTriples	10.4058075                            Converting to BitmapTriples	11.099527                            Converting to BitmapTriples	11.793248                            Converting to BitmapTriples	12.486968                            Converting to BitmapTriples	13.180689                            Converting to BitmapTriples	13.87441                            Converting to BitmapTriples	14.56813                            Converting to BitmapTriples	15.26185                            Converting to BitmapTriples	15.955571                            Converting to BitmapTriples	16.649292                            Converting to BitmapTriples	17.343012                            Converting to BitmapTriples	18.036732                            Converting to BitmapTriples	18.730453                            Converting to BitmapTriples	19.424173                            Converting to BitmapTriples	20.117893                            Converting to BitmapTriples	20.811615                            Converting to BitmapTriples	21.505335                            Converting to BitmapTriples	22.199055                            Converting to BitmapTriples	22.892775                            Converting to BitmapTriples	23.586496                            Converting to BitmapTriples	24.280216                            Converting to BitmapTriples	24.973936                            Converting to BitmapTriples	25.667658                            Converting to BitmapTriples	26.361378                            Converting to BitmapTriples	27.055098                            Converting to BitmapTriples	27.74882                            Converting to BitmapTriples	28.44254                            Converting to BitmapTriples	29.13626                            Converting to BitmapTriples	29.82998                            Converting to BitmapTriples	30.5237                            Converting to BitmapTriples	31.21742                            Converting to BitmapTriples	31.911142                            Converting to BitmapTriples	32.604862                            Converting to BitmapTriples	33.298584                            Converting to BitmapTriples	33.992302                            Converting to BitmapTriples	34.686024                            Converting to BitmapTriples	35.379745                            Converting to BitmapTriples	36.073463                            Converting to BitmapTriples	36.767185                            Converting to BitmapTriples	37.460907                            Converting to BitmapTriples	38.154625                            Converting to BitmapTriples	38.848347                            Converting to BitmapTriples	39.54207                            Converting to BitmapTriples	40.235786                            Converting to BitmapTriples	40.92951                            Converting to BitmapTriples	41.62323                            Converting to BitmapTriples	42.316948                            Converting to BitmapTriples	43.01067                            Converting to BitmapTriples	43.70439                            Converting to BitmapTriples	44.39811                            Converting to BitmapTriples	45.09183                            Converting to BitmapTriples	45.78555                            Converting to BitmapTriples	46.47927                            Converting to BitmapTriples	47.172993                            Converting to BitmapTriples	47.86671                            Converting to BitmapTriples	48.560432                            Converting to BitmapTriples	49.254154                            Converting to BitmapTriples	49.947872                            Converting to BitmapTriples	50.641594                            Converting to BitmapTriples	51.335316                            Converting to BitmapTriples	52.029034                            Converting to BitmapTriples	52.722755                            Converting to BitmapTriples	53.416477                            Converting to BitmapTriples	54.110195                            Converting to BitmapTriples	54.803917                            Converting to BitmapTriples	55.49764                            Converting to BitmapTriples	56.191357                            Converting to BitmapTriples	56.88508                            Converting to BitmapTriples	57.5788                            Converting to BitmapTriples	58.27252                            Converting to BitmapTriples	58.96624                            Converting to BitmapTriples	59.65996                            Converting to BitmapTriples	60.35368                            Converting to BitmapTriples	61.0474                            Converting to BitmapTriples	61.741123                            Converting to BitmapTriples	62.43484                            Converting to BitmapTriples	63.128563                            Converting to BitmapTriples	63.822285                            Converting to BitmapTriples	64.51601                            Converting to BitmapTriples	65.209724                            Converting to BitmapTriples	65.90344                            Converting to BitmapTriples	66.59717                            Converting to BitmapTriples	67.290886                            Converting to BitmapTriples	67.984604                            Converting to BitmapTriples	68.67833                            Converting to BitmapTriples	69.37205                            Converting to BitmapTriples	70.065765                            Converting to BitmapTriples	70.75949                            Converting to BitmapTriples	71.45321                            Converting to BitmapTriples	72.14693                            Converting to BitmapTriples	72.84065                            Converting to BitmapTriples	73.53437                            Converting to BitmapTriples	74.22809                            Converting to BitmapTriples	74.921814                            Converting to BitmapTriples	75.61553                            Converting to BitmapTriples	76.30925                            Converting to BitmapTriples	77.002975                            Converting to BitmapTriples	77.69669                            Converting to BitmapTriples	78.39041                            Converting to BitmapTriples	79.08414                            Converting to BitmapTriples	79.777855                            Converting to BitmapTriples	80.47157                            Converting to BitmapTriples	81.1653                            Converting to BitmapTriples	81.85902                            Converting to BitmapTriples	82.552734                            Converting to BitmapTriples	83.24646                            Converting to BitmapTriples	83.94018                            Converting to BitmapTriples	84.633896                            Converting to BitmapTriples	85.32762                            Converting to BitmapTriples	86.02134                            Converting to BitmapTriples	86.71506                            Converting to BitmapTriples	87.40878                            Converting to BitmapTriples	88.1025                            Converting to BitmapTriples	88.79622                            Converting to BitmapTriples	89.48994                            Converting to BitmapTriples	90.18366                            Converting to BitmapTriples	90.87738                            Converting to BitmapTriples	91.5711                            Converting to BitmapTriples	92.264824                            Converting to BitmapTriples	92.95854                            Converting to BitmapTriples	93.65226                            Converting to BitmapTriples	94.345985                            Converting to BitmapTriples	95.0397                            Converting to BitmapTriples	95.73342                            Converting to BitmapTriples	96.42715                            Converting to BitmapTriples	97.120865                            Converting to BitmapTriples	97.81458                            Converting to BitmapTriples	98.50831                            Converting to BitmapTriples	99.20203                            Converting to BitmapTriples	99.895744                            Generating header	0.0                            Files cat in .......... 39 sec 755 ms 802 us
Total Triples ......... 14415028
Different subjects .... 4398970
Different predicates .. 15
Different objects ..... 4134585
Common Subject/Object . 3438563
HDT saved to file in .. 364 ms 942 us
[exit 0]

[2026-08-17T22:59:21] $ docker run --rm --user 1000:1000 -v /home/ubuntu/vcf-rdfizer-expts/vcf-rdfizer-testing/testing-results/0GOOR_HG002/.hdt_partitioned:/data/work -v /home/ubuntu/vcf-rdfizer-expts/vcf-rdfizer-testing/testing-results/0GOOR_HG002:/data/out ecrum19/vcf-rdfizer:latest bash -lc 'set -euo pipefail; rm -f /data/work/.hdt-merge-r02-00005.time; if [[ -x /usr/bin/time ]] && /usr/bin/time --version >/dev/null 2>&1; then /usr/bin/time -v -o /data/work/.hdt-merge-r02-00005.time -- bash -lc '"'"'set -euo pipefail; rm -f /data/work/merge-r02-00005.hdt; HDTCAT_BIN="${HDTCAT_BIN:-}"; if [[ -z "$HDTCAT_BIN" ]]; then for candidate in hdtCat hdtCat.sh HDTCat HDTCat.sh /opt/hdt-java/bin/hdtCat /opt/hdt-java/bin/hdtCat.sh /usr/local/bin/hdtCat /usr/local/bin/hdtCat.sh; do if [[ "$candidate" == */* ]]; then [[ -x "$candidate" ]] && HDTCAT_BIN="$candidate" && break; else resolved="$(command -v "$candidate" || true)"; [[ -n "$resolved" && -x "$resolved" ]] && HDTCAT_BIN="$resolved" && break; fi; done; fi; if [[ -z "$HDTCAT_BIN" || ! -x "$HDTCAT_BIN" ]]; then echo '"'"'"'"'"'"'"'"'Missing HDTCat binary in container'"'"'"'"'"'"'"'"' >&2; exit 127; fi; "$HDTCAT_BIN" /data/work/merge-r01-00010.hdt /data/work/merge-r01-00011.hdt /data/work/merge-r02-00005.hdt'"'"'; else { time -p bash -lc '"'"'set -euo pipefail; rm -f /data/work/merge-r02-00005.hdt; HDTCAT_BIN="${HDTCAT_BIN:-}"; if [[ -z "$HDTCAT_BIN" ]]; then for candidate in hdtCat hdtCat.sh HDTCat HDTCat.sh /opt/hdt-java/bin/hdtCat /opt/hdt-java/bin/hdtCat.sh /usr/local/bin/hdtCat /usr/local/bin/hdtCat.sh; do if [[ "$candidate" == */* ]]; then [[ -x "$candidate" ]] && HDTCAT_BIN="$candidate" && break; else resolved="$(command -v "$candidate" || true)"; [[ -n "$resolved" && -x "$resolved" ]] && HDTCAT_BIN="$resolved" && break; fi; done; fi; if [[ -z "$HDTCAT_BIN" || ! -x "$HDTCAT_BIN" ]]; then echo '"'"'"'"'"'"'"'"'Missing HDTCat binary in container'"'"'"'"'"'"'"'"' >&2; exit 127; fi; "$HDTCAT_BIN" /data/work/merge-r01-00010.hdt /data/work/merge-r01-00011.hdt /data/work/merge-r02-00005.hdt'"'"'; } > /data/work/.hdt-merge-r02-00005.time 2>&1; fi'
[INFO] Welcome to hdtCat!
[INFO] This tool was developed by Dennis Diefenbach and Jośe M. Giḿenez-Garćıa
[INFO] Cat /data/work/merge-r01-00010.hdt, /data/work/merge-r01-00011.hdt to /data/work/merge-r02-00005.hdt
Generating dictionary	0.0                            Generate predicates: start	0.0                            Generate predicates: Analyze section predicate 	0.0                            Generate subjects: start	0.0                            Generate subjects: Analyze section subject 	0.0                            Generate subjects: Analyze section subject 	12.857255                            Generate subjects: Analyze section subject 	25.71451                            Generate subjects: Analyze section subject 	38.571766                            Generate subjects: Analyze section subject 	51.42902                            Generate subjects: Analyze section subject 	64.28628                            Generate subjects: Analyze section subject 	77.14353                            Generate subjects: Analyze section subject 	90.000786                            Generate objects: start	0.0                            Generate objects: Analyze section object 	0.0                            Generate objects: Analyze section object 	17.055416                            Generate objects: Analyze section object 	34.110832                            Generate objects: Analyze section object 	51.16625                            Generate objects: Analyze section object 	68.221664                            Generate objects: Analyze section object 	85.277084                            Generate shared: start	0.0                            Generate shared: Analyze section  	0.0                            Generate shared: Analyze section  	2.8915231                            Generate shared: Analyze section  	5.7830462                            Generate shared: Analyze section  	8.674569                            Generate shared: Analyze section  	11.5660925                            Generate shared: Analyze section  	14.457615                            Generate shared: Analyze section  	17.349138                            Generate shared: Analyze section  	20.240662                            Generate shared: Analyze section  	23.132185                            Generate shared: Analyze section  	26.023708                            Generate shared: Analyze section  	28.91523                            Generate shared: Analyze section  	31.806753                            Generate shared: Analyze section  	34.698277                            Generate shared: Analyze section  	37.589798                            Generate shared: Analyze section  	40.481323                            Generate shared: Analyze section  	43.372845                            Generate shared: Analyze section  	46.26437                            Generate shared: Analyze section  	49.15589                            Generate shared: Analyze section  	52.047417                            Generate shared: Analyze section  	54.93894                            Generate shared: Analyze section  	57.83046                            Generate shared: Analyze section  	60.721985                            Generate shared: Analyze section  	63.613506                            Generate shared: Analyze section  	66.50503                            Generate shared: Analyze section  	69.39655                            Generate shared: Analyze section  	72.28808                            Generate shared: Analyze section  	75.179596                            Generate shared: Analyze section  	78.07112                            Generate shared: Analyze section  	80.96265                            Generate shared: Analyze section  	83.85417                            Generate shared: Analyze section  	86.74569                            Generate shared: Analyze section  	89.637215                            Generate shared: Analyze section  	92.52874                            Generate shared: Analyze section  	95.42026                            Generate shared: Analyze section  	98.31178                            Generating triples	0.0                            Converting to BitmapTriples	0.0                            Converting to BitmapTriples	0.72725093                            Converting to BitmapTriples	1.4545019                            Converting to BitmapTriples	2.181753                            Converting to BitmapTriples	2.9090037                            Converting to BitmapTriples	3.6362548                            Converting to BitmapTriples	4.363506                            Converting to BitmapTriples	5.0907564                            Converting to BitmapTriples	5.8180075                            Converting to BitmapTriples	6.5452585                            Converting to BitmapTriples	7.2725096                            Converting to BitmapTriples	7.99976                            Converting to BitmapTriples	8.727012                            Converting to BitmapTriples	9.454262                            Converting to BitmapTriples	10.181513                            Converting to BitmapTriples	10.908764                            Converting to BitmapTriples	11.636015                            Converting to BitmapTriples	12.363266                            Converting to BitmapTriples	13.090517                            Converting to BitmapTriples	13.817768                            Converting to BitmapTriples	14.545019                            Converting to BitmapTriples	15.272269                            Converting to BitmapTriples	15.99952                            Converting to BitmapTriples	16.726772                            Converting to BitmapTriples	17.454023                            Converting to BitmapTriples	18.181273                            Converting to BitmapTriples	18.908524                            Converting to BitmapTriples	19.635775                            Converting to BitmapTriples	20.363026                            Converting to BitmapTriples	21.090277                            Converting to BitmapTriples	21.817528                            Converting to BitmapTriples	22.544779                            Converting to BitmapTriples	23.27203                            Converting to BitmapTriples	23.99928                            Converting to BitmapTriples	24.726532                            Converting to BitmapTriples	25.453783                            Converting to BitmapTriples	26.181034                            Converting to BitmapTriples	26.908285                            Converting to BitmapTriples	27.635536                            Converting to BitmapTriples	28.362787                            Converting to BitmapTriples	29.090038                            Converting to BitmapTriples	29.817287                            Converting to BitmapTriples	30.544538                            Converting to BitmapTriples	31.27179                            Converting to BitmapTriples	31.99904                            Converting to BitmapTriples	32.72629                            Converting to BitmapTriples	33.453545                            Converting to BitmapTriples	34.180794                            Converting to BitmapTriples	34.908047                            Converting to BitmapTriples	35.635296                            Converting to BitmapTriples	36.362545                            Converting to BitmapTriples	37.089798                            Converting to BitmapTriples	37.817047                            Converting to BitmapTriples	38.5443                            Converting to BitmapTriples	39.27155                            Converting to BitmapTriples	39.998802                            Converting to BitmapTriples	40.72605                            Converting to BitmapTriples	41.453304                            Converting to BitmapTriples	42.180553                            Converting to BitmapTriples	42.907806                            Converting to BitmapTriples	43.635056                            Converting to BitmapTriples	44.36231                            Converting to BitmapTriples	45.089558                            Converting to BitmapTriples	45.81681                            Converting to BitmapTriples	46.54406                            Converting to BitmapTriples	47.271313                            Converting to BitmapTriples	47.99856                            Converting to BitmapTriples	48.72581                            Converting to BitmapTriples	49.453064                            Converting to BitmapTriples	50.180313                            Converting to BitmapTriples	50.907566                            Converting to BitmapTriples	51.634815                            Converting to BitmapTriples	52.36207                            Converting to BitmapTriples	53.089317                            Converting to BitmapTriples	53.81657                            Converting to BitmapTriples	54.54382                            Converting to BitmapTriples	55.271072                            Converting to BitmapTriples	55.99832                            Converting to BitmapTriples	56.725574                            Converting to BitmapTriples	57.452824                            Converting to BitmapTriples	58.180077                            Converting to BitmapTriples	58.907326                            Converting to BitmapTriples	59.634575                            Converting to BitmapTriples	60.361828                            Converting to BitmapTriples	61.089077                            Converting to BitmapTriples	61.81633                            Converting to BitmapTriples	62.54358                            Converting to BitmapTriples	63.270832                            Converting to BitmapTriples	63.99808                            Converting to BitmapTriples	64.725334                            Converting to BitmapTriples	65.45258                            Converting to BitmapTriples	66.17983                            Converting to BitmapTriples	66.90709                            Converting to BitmapTriples	67.63434                            Converting to BitmapTriples	68.36159                            Converting to BitmapTriples	69.08884                            Converting to BitmapTriples	69.81609                            Converting to BitmapTriples	70.54334                            Converting to BitmapTriples	71.27059                            Converting to BitmapTriples	71.99784                            Converting to BitmapTriples	72.72509                            Converting to BitmapTriples	73.45235                            Converting to BitmapTriples	74.179596                            Converting to BitmapTriples	74.906845                            Converting to BitmapTriples	75.634094                            Converting to BitmapTriples	76.36135                            Converting to BitmapTriples	77.0886                            Converting to BitmapTriples	77.81585                            Converting to BitmapTriples	78.5431                            Converting to BitmapTriples	79.270355                            Converting to BitmapTriples	79.997604                            Converting to BitmapTriples	80.72485                            Converting to BitmapTriples	81.4521                            Converting to BitmapTriples	82.17936                            Converting to BitmapTriples	82.90661                            Converting to BitmapTriples	83.63386                            Converting to BitmapTriples	84.36111                            Converting to BitmapTriples	85.088356                            Converting to BitmapTriples	85.81561                            Converting to BitmapTriples	86.54286                            Converting to BitmapTriples	87.27011                            Converting to BitmapTriples	87.99736                            Converting to BitmapTriples	88.72462                            Converting to BitmapTriples	89.451866                            Converting to BitmapTriples	90.179115                            Converting to BitmapTriples	90.906364                            Converting to BitmapTriples	91.63362                            Converting to BitmapTriples	92.36087                            Converting to BitmapTriples	93.08812                            Converting to BitmapTriples	93.81537                            Converting to BitmapTriples	94.542625                            Converting to BitmapTriples	95.269875                            Converting to BitmapTriples	95.99712                            Converting to BitmapTriples	96.72437                            Converting to BitmapTriples	97.45162                            Converting to BitmapTriples	98.17888                            Converting to BitmapTriples	98.90613                            Converting to BitmapTriples	99.63338                            Generating header	0.0                            Files cat in .......... 38 sec 131 ms 663 us
Total Triples ......... 13750412
Different subjects .... 4236156
Different predicates .. 13
Different objects ..... 4044709
Common Subject/Object . 3458385
HDT saved to file in .. 414 ms 776 us
[exit 0]

[2026-08-17T23:00:01] $ docker run --rm --user 1000:1000 -v /home/ubuntu/vcf-rdfizer-expts/vcf-rdfizer-testing/testing-results/0GOOR_HG002/.hdt_partitioned:/data/work -v /home/ubuntu/vcf-rdfizer-expts/vcf-rdfizer-testing/testing-results/0GOOR_HG002:/data/out ecrum19/vcf-rdfizer:latest bash -lc 'set -euo pipefail; rm -f /data/work/.hdt-merge-r02-00006.time; if [[ -x /usr/bin/time ]] && /usr/bin/time --version >/dev/null 2>&1; then /usr/bin/time -v -o /data/work/.hdt-merge-r02-00006.time -- bash -lc '"'"'set -euo pipefail; rm -f /data/work/merge-r02-00006.hdt; HDTCAT_BIN="${HDTCAT_BIN:-}"; if [[ -z "$HDTCAT_BIN" ]]; then for candidate in hdtCat hdtCat.sh HDTCat HDTCat.sh /opt/hdt-java/bin/hdtCat /opt/hdt-java/bin/hdtCat.sh /usr/local/bin/hdtCat /usr/local/bin/hdtCat.sh; do if [[ "$candidate" == */* ]]; then [[ -x "$candidate" ]] && HDTCAT_BIN="$candidate" && break; else resolved="$(command -v "$candidate" || true)"; [[ -n "$resolved" && -x "$resolved" ]] && HDTCAT_BIN="$resolved" && break; fi; done; fi; if [[ -z "$HDTCAT_BIN" || ! -x "$HDTCAT_BIN" ]]; then echo '"'"'"'"'"'"'"'"'Missing HDTCat binary in container'"'"'"'"'"'"'"'"' >&2; exit 127; fi; "$HDTCAT_BIN" /data/work/merge-r01-00012.hdt /data/work/merge-r01-00013.hdt /data/work/merge-r02-00006.hdt'"'"'; else { time -p bash -lc '"'"'set -euo pipefail; rm -f /data/work/merge-r02-00006.hdt; HDTCAT_BIN="${HDTCAT_BIN:-}"; if [[ -z "$HDTCAT_BIN" ]]; then for candidate in hdtCat hdtCat.sh HDTCat HDTCat.sh /opt/hdt-java/bin/hdtCat /opt/hdt-java/bin/hdtCat.sh /usr/local/bin/hdtCat /usr/local/bin/hdtCat.sh; do if [[ "$candidate" == */* ]]; then [[ -x "$candidate" ]] && HDTCAT_BIN="$candidate" && break; else resolved="$(command -v "$candidate" || true)"; [[ -n "$resolved" && -x "$resolved" ]] && HDTCAT_BIN="$resolved" && break; fi; done; fi; if [[ -z "$HDTCAT_BIN" || ! -x "$HDTCAT_BIN" ]]; then echo '"'"'"'"'"'"'"'"'Missing HDTCat binary in container'"'"'"'"'"'"'"'"' >&2; exit 127; fi; "$HDTCAT_BIN" /data/work/merge-r01-00012.hdt /data/work/merge-r01-00013.hdt /data/work/merge-r02-00006.hdt'"'"'; } > /data/work/.hdt-merge-r02-00006.time 2>&1; fi'
[INFO] Welcome to hdtCat!
[INFO] This tool was developed by Dennis Diefenbach and Jośe M. Giḿenez-Garćıa
[INFO] Cat /data/work/merge-r01-00012.hdt, /data/work/merge-r01-00013.hdt to /data/work/merge-r02-00006.hdt
Generating dictionary	0.0                            Generate predicates: start	0.0                            Generate predicates: Analyze section predicate 	0.0                            Generate subjects: start	0.0                            Generate subjects: Analyze section subject 	0.0                            Generate subjects: Analyze section subject 	5.6654754                            Generate subjects: Analyze section subject 	11.330951                            Generate subjects: Analyze section subject 	16.996426                            Generate subjects: Analyze section subject 	22.661901                            Generate subjects: Analyze section subject 	28.327375                            Generate subjects: Analyze section subject 	33.99285                            Generate subjects: Analyze section subject 	39.658325                            Generate subjects: Analyze section subject 	45.323803                            Generate subjects: Analyze section subject 	50.989277                            Generate subjects: Analyze section subject 	56.65475                            Generate subjects: Analyze section subject 	62.32023                            Generate subjects: Analyze section subject 	67.9857                            Generate subjects: Analyze section subject 	73.65118                            Generate subjects: Analyze section subject 	79.31665                            Generate subjects: Analyze section subject 	84.98213                            Generate subjects: Analyze section subject 	90.647606                            Generate subjects: Analyze section subject 	96.31308                            Generate objects: start	0.0                            Generate objects: Analyze section object 	0.0                            Generate objects: Analyze section object 	19.426151                            Generate objects: Analyze section object 	38.852303                            Generate objects: Analyze section object 	58.278454                            Generate objects: Analyze section object 	77.704605                            Generate objects: Analyze section object 	97.13076                            Generate shared: start	0.0                            Generate shared: Analyze section  	0.0                            Generate shared: Analyze section  	2.7705107                            Generate shared: Analyze section  	5.5410213                            Generate shared: Analyze section  	8.311532                            Generate shared: Analyze section  	11.082043                            Generate shared: Analyze section  	13.852552                            Generate shared: Analyze section  	16.623064                            Generate shared: Analyze section  	19.393574                            Generate shared: Analyze section  	22.164085                            Generate shared: Analyze section  	24.934595                            Generate shared: Analyze section  	27.705105                            Generate shared: Analyze section  	30.475616                            Generate shared: Analyze section  	33.246128                            Generate shared: Analyze section  	36.016636                            Generate shared: Analyze section  	38.787148                            Generate shared: Analyze section  	41.55766                            Generate shared: Analyze section  	44.32817                            Generate shared: Analyze section  	47.09868                            Generate shared: Analyze section  	49.86919                            Generate shared: Analyze section  	52.6397                            Generate shared: Analyze section  	55.41021                            Generate shared: Analyze section  	58.18072                            Generate shared: Analyze section  	60.951233                            Generate shared: Analyze section  	63.721745                            Generate shared: Analyze section  	66.492256                            Generate shared: Analyze section  	69.262764                            Generate shared: Analyze section  	72.03327                            Generate shared: Analyze section  	74.80379                            Generate shared: Analyze section  	77.574295                            Generate shared: Analyze section  	80.3448                            Generate shared: Analyze section  	83.11532                            Generate shared: Analyze section  	85.885826                            Generate shared: Analyze section  	88.65634                            Generate shared: Analyze section  	91.42685                            Generate shared: Analyze section  	94.19736                            Generate shared: Analyze section  	96.96787                            Generate shared: Analyze section  	99.73838                            Generating triples	0.0                            Converting to BitmapTriples	0.0                            Converting to BitmapTriples	0.7214701                            Converting to BitmapTriples	1.4429402                            Converting to BitmapTriples	2.1644104                            Converting to BitmapTriples	2.8858805                            Converting to BitmapTriples	3.6073506                            Converting to BitmapTriples	4.3288207                            Converting to BitmapTriples	5.0502906                            Converting to BitmapTriples	5.771761                            Converting to BitmapTriples	6.493231                            Converting to BitmapTriples	7.214701                            Converting to BitmapTriples	7.936171                            Converting to BitmapTriples	8.657641                            Converting to BitmapTriples	9.379111                            Converting to BitmapTriples	10.100581                            Converting to BitmapTriples	10.822052                            Converting to BitmapTriples	11.543522                            Converting to BitmapTriples	12.264992                            Converting to BitmapTriples	12.986462                            Converting to BitmapTriples	13.707932                            Converting to BitmapTriples	14.429402                            Converting to BitmapTriples	15.150872                            Converting to BitmapTriples	15.872342                            Converting to BitmapTriples	16.593813                            Converting to BitmapTriples	17.315283                            Converting to BitmapTriples	18.036753                            Converting to BitmapTriples	18.758223                            Converting to BitmapTriples	19.479692                            Converting to BitmapTriples	20.201162                            Converting to BitmapTriples	20.922634                            Converting to BitmapTriples	21.644104                            Converting to BitmapTriples	22.365574                            Converting to BitmapTriples	23.087044                            Converting to BitmapTriples	23.808514                            Converting to BitmapTriples	24.529984                            Converting to BitmapTriples	25.251453                            Converting to BitmapTriples	25.972923                            Converting to BitmapTriples	26.694395                            Converting to BitmapTriples	27.415865                            Converting to BitmapTriples	28.137335                            Converting to BitmapTriples	28.858805                            Converting to BitmapTriples	29.580275                            Converting to BitmapTriples	30.301744                            Converting to BitmapTriples	31.023214                            Converting to BitmapTriples	31.744684                            Converting to BitmapTriples	32.466156                            Converting to BitmapTriples	33.187626                            Converting to BitmapTriples	33.909096                            Converting to BitmapTriples	34.630566                            Converting to BitmapTriples	35.352036                            Converting to BitmapTriples	36.073505                            Converting to BitmapTriples	36.794975                            Converting to BitmapTriples	37.516445                            Converting to BitmapTriples	38.237915                            Converting to BitmapTriples	38.959385                            Converting to BitmapTriples	39.680855                            Converting to BitmapTriples	40.402325                            Converting to BitmapTriples	41.1238                            Converting to BitmapTriples	41.84527                            Converting to BitmapTriples	42.56674                            Converting to BitmapTriples	43.288208                            Converting to BitmapTriples	44.009678                            Converting to BitmapTriples	44.731148                            Converting to BitmapTriples	45.452618                            Converting to BitmapTriples	46.174088                            Converting to BitmapTriples	46.895557                            Converting to BitmapTriples	47.617027                            Converting to BitmapTriples	48.338497                            Converting to BitmapTriples	49.059967                            Converting to BitmapTriples	49.781437                            Converting to BitmapTriples	50.502907                            Converting to BitmapTriples	51.224377                            Converting to BitmapTriples	51.945847                            Converting to BitmapTriples	52.667316                            Converting to BitmapTriples	53.38879                            Converting to BitmapTriples	54.11026                            Converting to BitmapTriples	54.83173                            Converting to BitmapTriples	55.5532                            Converting to BitmapTriples	56.27467                            Converting to BitmapTriples	56.99614                            Converting to BitmapTriples	57.71761                            Converting to BitmapTriples	58.43908                            Converting to BitmapTriples	59.16055                            Converting to BitmapTriples	59.88202                            Converting to BitmapTriples	60.60349                            Converting to BitmapTriples	61.32496                            Converting to BitmapTriples	62.04643                            Converting to BitmapTriples	62.7679                            Converting to BitmapTriples	63.48937                            Converting to BitmapTriples	64.21084                            Converting to BitmapTriples	64.93231                            Converting to BitmapTriples	65.65378                            Converting to BitmapTriples	66.37525                            Converting to BitmapTriples	67.09672                            Converting to BitmapTriples	67.81819                            Converting to BitmapTriples	68.53966                            Converting to BitmapTriples	69.26113                            Converting to BitmapTriples	69.9826                            Converting to BitmapTriples	70.70407                            Converting to BitmapTriples	71.425545                            Converting to BitmapTriples	72.14701                            Converting to BitmapTriples	72.868484                            Converting to BitmapTriples	73.58995                            Converting to BitmapTriples	74.311424                            Converting to BitmapTriples	75.03289                            Converting to BitmapTriples	75.754364                            Converting to BitmapTriples	76.47583                            Converting to BitmapTriples	77.1973                            Converting to BitmapTriples	77.91877                            Converting to BitmapTriples	78.64024                            Converting to BitmapTriples	79.36171                            Converting to BitmapTriples	80.08318                            Converting to BitmapTriples	80.80465                            Converting to BitmapTriples	81.52612                            Converting to BitmapTriples	82.2476                            Converting to BitmapTriples	82.96906                            Converting to BitmapTriples	83.69054                            Converting to BitmapTriples	84.412                            Converting to BitmapTriples	85.13348                            Converting to BitmapTriples	85.85494                            Converting to BitmapTriples	86.576416                            Converting to BitmapTriples	87.29788                            Converting to BitmapTriples	88.019356                            Converting to BitmapTriples	88.74082                            Converting to BitmapTriples	89.462296                            Converting to BitmapTriples	90.18376                            Converting to BitmapTriples	90.905235                            Converting to BitmapTriples	91.6267                            Converting to BitmapTriples	92.348175                            Converting to BitmapTriples	93.06964                            Converting to BitmapTriples	93.791115                            Converting to BitmapTriples	94.51259                            Converting to BitmapTriples	95.234055                            Converting to BitmapTriples	95.95553                            Converting to BitmapTriples	96.676994                            Converting to BitmapTriples	97.39847                            Converting to BitmapTriples	98.119934                            Converting to BitmapTriples	98.84141                            Converting to BitmapTriples	99.562874                            Generating header	0.0                            Files cat in .......... 50 sec 533 ms 580 us
Total Triples ......... 13860588
Different subjects .... 5374520
Different predicates .. 18
Different objects ..... 4124213
Common Subject/Object . 3609443
HDT saved to file in .. 403 ms 25 us
[exit 0]

[2026-08-17T23:00:53] $ docker run --rm --user 1000:1000 -v /home/ubuntu/vcf-rdfizer-expts/vcf-rdfizer-testing/testing-results/0GOOR_HG002/.hdt_partitioned:/data/work -v /home/ubuntu/vcf-rdfizer-expts/vcf-rdfizer-testing/testing-results/0GOOR_HG002:/data/out ecrum19/vcf-rdfizer:latest bash -lc 'set -euo pipefail; rm -f /data/work/.hdt-merge-r02-00007.time; if [[ -x /usr/bin/time ]] && /usr/bin/time --version >/dev/null 2>&1; then /usr/bin/time -v -o /data/work/.hdt-merge-r02-00007.time -- bash -lc '"'"'set -euo pipefail; rm -f /data/work/merge-r02-00007.hdt; HDTCAT_BIN="${HDTCAT_BIN:-}"; if [[ -z "$HDTCAT_BIN" ]]; then for candidate in hdtCat hdtCat.sh HDTCat HDTCat.sh /opt/hdt-java/bin/hdtCat /opt/hdt-java/bin/hdtCat.sh /usr/local/bin/hdtCat /usr/local/bin/hdtCat.sh; do if [[ "$candidate" == */* ]]; then [[ -x "$candidate" ]] && HDTCAT_BIN="$candidate" && break; else resolved="$(command -v "$candidate" || true)"; [[ -n "$resolved" && -x "$resolved" ]] && HDTCAT_BIN="$resolved" && break; fi; done; fi; if [[ -z "$HDTCAT_BIN" || ! -x "$HDTCAT_BIN" ]]; then echo '"'"'"'"'"'"'"'"'Missing HDTCat binary in container'"'"'"'"'"'"'"'"' >&2; exit 127; fi; "$HDTCAT_BIN" /data/work/merge-r01-00014.hdt /data/work/merge-r01-00015.hdt /data/work/merge-r02-00007.hdt'"'"'; else { time -p bash -lc '"'"'set -euo pipefail; rm -f /data/work/merge-r02-00007.hdt; HDTCAT_BIN="${HDTCAT_BIN:-}"; if [[ -z "$HDTCAT_BIN" ]]; then for candidate in hdtCat hdtCat.sh HDTCat HDTCat.sh /opt/hdt-java/bin/hdtCat /opt/hdt-java/bin/hdtCat.sh /usr/local/bin/hdtCat /usr/local/bin/hdtCat.sh; do if [[ "$candidate" == */* ]]; then [[ -x "$candidate" ]] && HDTCAT_BIN="$candidate" && break; else resolved="$(command -v "$candidate" || true)"; [[ -n "$resolved" && -x "$resolved" ]] && HDTCAT_BIN="$resolved" && break; fi; done; fi; if [[ -z "$HDTCAT_BIN" || ! -x "$HDTCAT_BIN" ]]; then echo '"'"'"'"'"'"'"'"'Missing HDTCat binary in container'"'"'"'"'"'"'"'"' >&2; exit 127; fi; "$HDTCAT_BIN" /data/work/merge-r01-00014.hdt /data/work/merge-r01-00015.hdt /data/work/merge-r02-00007.hdt'"'"'; } > /data/work/.hdt-merge-r02-00007.time 2>&1; fi'
[INFO] Welcome to hdtCat!
[INFO] This tool was developed by Dennis Diefenbach and Jośe M. Giḿenez-Garćıa
[INFO] Cat /data/work/merge-r01-00014.hdt, /data/work/merge-r01-00015.hdt to /data/work/merge-r02-00007.hdt
Generating dictionary	0.0                            Generate predicates: start	0.0                            Generate predicates: Analyze section predicate 	0.0                            Generate subjects: start	0.0                            Generate subjects: Analyze section subject 	0.0                            Generate subjects: Analyze section subject 	10.463644                            Generate subjects: Analyze section subject 	20.927288                            Generate subjects: Analyze section subject 	31.390932                            Generate subjects: Analyze section subject 	41.854576                            Generate subjects: Analyze section subject 	52.318222                            Generate subjects: Analyze section subject 	62.781864                            Generate subjects: Analyze section subject 	73.24551                            Generate subjects: Analyze section subject 	83.70915                            Generate subjects: Analyze section subject 	94.1728                            Generate objects: start	0.0                            Generate objects: Analyze section object 	0.0                            Generate objects: Analyze section object 	14.323815                            Generate objects: Analyze section object 	28.64763                            Generate objects: Analyze section object 	42.971447                            Generate objects: Analyze section object 	57.29526                            Generate objects: Analyze section object 	71.61908                            Generate objects: Analyze section object 	85.942894                            Generate shared: start	0.0                            Generate shared: Analyze section  	0.0                            Generate shared: Analyze section  	2.9090648                            Generate shared: Analyze section  	5.8181295                            Generate shared: Analyze section  	8.727194                            Generate shared: Analyze section  	11.636259                            Generate shared: Analyze section  	14.545323                            Generate shared: Analyze section  	17.454388                            Generate shared: Analyze section  	20.363453                            Generate shared: Analyze section  	23.272518                            Generate shared: Analyze section  	26.181581                            Generate shared: Analyze section  	29.090647                            Generate shared: Analyze section  	31.999712                            Generate shared: Analyze section  	34.908775                            Generate shared: Analyze section  	37.81784                            Generate shared: Analyze section  	40.726906                            Generate shared: Analyze section  	43.63597                            Generate shared: Analyze section  	46.545036                            Generate shared: Analyze section  	49.454098                            Generate shared: Analyze section  	52.363163                            Generate shared: Analyze section  	55.27223                            Generate shared: Analyze section  	58.181293                            Generate shared: Analyze section  	61.09036                            Generate shared: Analyze section  	63.999424                            Generate shared: Analyze section  	66.908485                            Generate shared: Analyze section  	69.81755                            Generate shared: Analyze section  	72.726616                            Generate shared: Analyze section  	75.63568                            Generate shared: Analyze section  	78.54475                            Generate shared: Analyze section  	81.45381                            Generate shared: Analyze section  	84.36288                            Generate shared: Analyze section  	87.27194                            Generate shared: Analyze section  	90.18101                            Generate shared: Analyze section  	93.09007                            Generate shared: Analyze section  	95.99914                            Generate shared: Analyze section  	98.908195                            Generating triples	0.0                            Converting to BitmapTriples	0.0                            Converting to BitmapTriples	0.69391936                            Converting to BitmapTriples	1.3878387                            Converting to BitmapTriples	2.081758                            Converting to BitmapTriples	2.7756774                            Converting to BitmapTriples	3.4695969                            Converting to BitmapTriples	4.163516                            Converting to BitmapTriples	4.8574357                            Converting to BitmapTriples	5.551355                            Converting to BitmapTriples	6.2452745                            Converting to BitmapTriples	6.9391937                            Converting to BitmapTriples	7.6331134                            Converting to BitmapTriples	8.327032                            Converting to BitmapTriples	9.020952                            Converting to BitmapTriples	9.714871                            Converting to BitmapTriples	10.408791                            Converting to BitmapTriples	11.10271                            Converting to BitmapTriples	11.79663                            Converting to BitmapTriples	12.490549                            Converting to BitmapTriples	13.184468                            Converting to BitmapTriples	13.878387                            Converting to BitmapTriples	14.572307                            Converting to BitmapTriples	15.266227                            Converting to BitmapTriples	15.960146                            Converting to BitmapTriples	16.654064                            Converting to BitmapTriples	17.347984                            Converting to BitmapTriples	18.041904                            Converting to BitmapTriples	18.735823                            Converting to BitmapTriples	19.429743                            Converting to BitmapTriples	20.123661                            Converting to BitmapTriples	20.817581                            Converting to BitmapTriples	21.511501                            Converting to BitmapTriples	22.20542                            Converting to BitmapTriples	22.89934                            Converting to BitmapTriples	23.59326                            Converting to BitmapTriples	24.287178                            Converting to BitmapTriples	24.981098                            Converting to BitmapTriples	25.675016                            Converting to BitmapTriples	26.368937                            Converting to BitmapTriples	27.062857                            Converting to BitmapTriples	27.756775                            Converting to BitmapTriples	28.450695                            Converting to BitmapTriples	29.144613                            Converting to BitmapTriples	29.838533                            Converting to BitmapTriples	30.532454                            Converting to BitmapTriples	31.226372                            Converting to BitmapTriples	31.920292                            Converting to BitmapTriples	32.614212                            Converting to BitmapTriples	33.30813                            Converting to BitmapTriples	34.00205                            Converting to BitmapTriples	34.69597                            Converting to BitmapTriples	35.38989                            Converting to BitmapTriples	36.08381                            Converting to BitmapTriples	36.777725                            Converting to BitmapTriples	37.471645                            Converting to BitmapTriples	38.165565                            Converting to BitmapTriples	38.859486                            Converting to BitmapTriples	39.553406                            Converting to BitmapTriples	40.247322                            Converting to BitmapTriples	40.941242                            Converting to BitmapTriples	41.635162                            Converting to BitmapTriples	42.329082                            Converting to BitmapTriples	43.023003                            Converting to BitmapTriples	43.716923                            Converting to BitmapTriples	44.41084                            Converting to BitmapTriples	45.10476                            Converting to BitmapTriples	45.79868                            Converting to BitmapTriples	46.4926                            Converting to BitmapTriples	47.18652                            Converting to BitmapTriples	47.880436                            Converting to BitmapTriples	48.574356                            Converting to BitmapTriples	49.268276                            Converting to BitmapTriples	49.962196                            Converting to BitmapTriples	50.656116                            Converting to BitmapTriples	51.350033                            Converting to BitmapTriples	52.043953                            Converting to BitmapTriples	52.737873                            Converting to BitmapTriples	53.431793                            Converting to BitmapTriples	54.125713                            Converting to BitmapTriples	54.81963                            Converting to BitmapTriples	55.51355                            Converting to BitmapTriples	56.20747                            Converting to BitmapTriples	56.90139                            Converting to BitmapTriples	57.59531                            Converting to BitmapTriples	58.289227                            Converting to BitmapTriples	58.983147                            Converting to BitmapTriples	59.677067                            Converting to BitmapTriples	60.370987                            Converting to BitmapTriples	61.064907                            Converting to BitmapTriples	61.758823                            Converting to BitmapTriples	62.452744                            Converting to BitmapTriples	63.146664                            Converting to BitmapTriples	63.840584                            Converting to BitmapTriples	64.5345                            Converting to BitmapTriples	65.228424                            Converting to BitmapTriples	65.92234                            Converting to BitmapTriples	66.61626                            Converting to BitmapTriples	67.31018                            Converting to BitmapTriples	68.0041                            Converting to BitmapTriples	68.69802                            Converting to BitmapTriples	69.39194                            Converting to BitmapTriples	70.08585                            Converting to BitmapTriples	70.77978                            Converting to BitmapTriples	71.473694                            Converting to BitmapTriples	72.16762                            Converting to BitmapTriples	72.861534                            Converting to BitmapTriples	73.55545                            Converting to BitmapTriples	74.249374                            Converting to BitmapTriples	74.94329                            Converting to BitmapTriples	75.637215                            Converting to BitmapTriples	76.33113                            Converting to BitmapTriples	77.02505                            Converting to BitmapTriples	77.71897                            Converting to BitmapTriples	78.41289                            Converting to BitmapTriples	79.10681                            Converting to BitmapTriples	79.80073                            Converting to BitmapTriples	80.494644                            Converting to BitmapTriples	81.18857                            Converting to BitmapTriples	81.882484                            Converting to BitmapTriples	82.57641                            Converting to BitmapTriples	83.270325                            Converting to BitmapTriples	83.96424                            Converting to BitmapTriples	84.658165                            Converting to BitmapTriples	85.35208                            Converting to BitmapTriples	86.046005                            Converting to BitmapTriples	86.73992                            Converting to BitmapTriples	87.433846                            Converting to BitmapTriples	88.12776                            Converting to BitmapTriples	88.82168                            Converting to BitmapTriples	89.5156                            Converting to BitmapTriples	90.20952                            Converting to BitmapTriples	90.90344                            Converting to BitmapTriples	91.59736                            Converting to BitmapTriples	92.291275                            Converting to BitmapTriples	92.9852                            Converting to BitmapTriples	93.679115                            Converting to BitmapTriples	94.37304                            Converting to BitmapTriples	95.066956                            Converting to BitmapTriples	95.76087                            Converting to BitmapTriples	96.454796                            Converting to BitmapTriples	97.14871                            Converting to BitmapTriples	97.842636                            Converting to BitmapTriples	98.53655                            Converting to BitmapTriples	99.23047                            Converting to BitmapTriples	99.92439                            Generating header	0.0                            Files cat in .......... 40 sec 381 ms 575 us
Total Triples ......... 14410896
Different subjects .... 4393221
Different predicates .. 15
Different objects ..... 4135669
Common Subject/Object . 3437531
HDT saved to file in .. 452 ms 586 us
[exit 0]

[2026-08-17T23:01:35] $ docker run --rm --user 1000:1000 -v /home/ubuntu/vcf-rdfizer-expts/vcf-rdfizer-testing/testing-results/0GOOR_HG002/.hdt_partitioned:/data/work -v /home/ubuntu/vcf-rdfizer-expts/vcf-rdfizer-testing/testing-results/0GOOR_HG002:/data/out ecrum19/vcf-rdfizer:latest bash -lc 'set -euo pipefail; rm -f /data/work/.hdt-merge-r02-00008.time; if [[ -x /usr/bin/time ]] && /usr/bin/time --version >/dev/null 2>&1; then /usr/bin/time -v -o /data/work/.hdt-merge-r02-00008.time -- bash -lc '"'"'set -euo pipefail; rm -f /data/work/merge-r02-00008.hdt; HDTCAT_BIN="${HDTCAT_BIN:-}"; if [[ -z "$HDTCAT_BIN" ]]; then for candidate in hdtCat hdtCat.sh HDTCat HDTCat.sh /opt/hdt-java/bin/hdtCat /opt/hdt-java/bin/hdtCat.sh /usr/local/bin/hdtCat /usr/local/bin/hdtCat.sh; do if [[ "$candidate" == */* ]]; then [[ -x "$candidate" ]] && HDTCAT_BIN="$candidate" && break; else resolved="$(command -v "$candidate" || true)"; [[ -n "$resolved" && -x "$resolved" ]] && HDTCAT_BIN="$resolved" && break; fi; done; fi; if [[ -z "$HDTCAT_BIN" || ! -x "$HDTCAT_BIN" ]]; then echo '"'"'"'"'"'"'"'"'Missing HDTCat binary in container'"'"'"'"'"'"'"'"' >&2; exit 127; fi; "$HDTCAT_BIN" /data/work/merge-r01-00016.hdt /data/work/merge-r01-00017.hdt /data/work/merge-r02-00008.hdt'"'"'; else { time -p bash -lc '"'"'set -euo pipefail; rm -f /data/work/merge-r02-00008.hdt; HDTCAT_BIN="${HDTCAT_BIN:-}"; if [[ -z "$HDTCAT_BIN" ]]; then for candidate in hdtCat hdtCat.sh HDTCat HDTCat.sh /opt/hdt-java/bin/hdtCat /opt/hdt-java/bin/hdtCat.sh /usr/local/bin/hdtCat /usr/local/bin/hdtCat.sh; do if [[ "$candidate" == */* ]]; then [[ -x "$candidate" ]] && HDTCAT_BIN="$candidate" && break; else resolved="$(command -v "$candidate" || true)"; [[ -n "$resolved" && -x "$resolved" ]] && HDTCAT_BIN="$resolved" && break; fi; done; fi; if [[ -z "$HDTCAT_BIN" || ! -x "$HDTCAT_BIN" ]]; then echo '"'"'"'"'"'"'"'"'Missing HDTCat binary in container'"'"'"'"'"'"'"'"' >&2; exit 127; fi; "$HDTCAT_BIN" /data/work/merge-r01-00016.hdt /data/work/merge-r01-00017.hdt /data/work/merge-r02-00008.hdt'"'"'; } > /data/work/.hdt-merge-r02-00008.time 2>&1; fi'
[INFO] Welcome to hdtCat!
[INFO] This tool was developed by Dennis Diefenbach and Jośe M. Giḿenez-Garćıa
[INFO] Cat /data/work/merge-r01-00016.hdt, /data/work/merge-r01-00017.hdt to /data/work/merge-r02-00008.hdt
Generating dictionary	0.0                            Generate predicates: start	0.0                            Generate predicates: Analyze section predicate 	0.0                            Generate subjects: start	0.0                            Generate subjects: Analyze section subject 	0.0                            Generate subjects: Analyze section subject 	12.800409                            Generate subjects: Analyze section subject 	25.600819                            Generate subjects: Analyze section subject 	38.40123                            Generate subjects: Analyze section subject 	51.201637                            Generate subjects: Analyze section subject 	64.002045                            Generate subjects: Analyze section subject 	76.80246                            Generate subjects: Analyze section subject 	89.60287                            Generate objects: start	0.0                            Generate objects: Analyze section object 	0.0                            Generate objects: Analyze section object 	17.340488                            Generate objects: Analyze section object 	34.680977                            Generate objects: Analyze section object 	52.02147                            Generate objects: Analyze section object 	69.36195                            Generate objects: Analyze section object 	86.702446                            Generate shared: start	0.0                            Generate shared: Analyze section  	0.0                            Generate shared: Analyze section  	2.89935                            Generate shared: Analyze section  	5.7987                            Generate shared: Analyze section  	8.69805                            Generate shared: Analyze section  	11.5974                            Generate shared: Analyze section  	14.49675                            Generate shared: Analyze section  	17.3961                            Generate shared: Analyze section  	20.29545                            Generate shared: Analyze section  	23.1948                            Generate shared: Analyze section  	26.094149                            Generate shared: Analyze section  	28.9935                            Generate shared: Analyze section  	31.892849                            Generate shared: Analyze section  	34.7922                            Generate shared: Analyze section  	37.691547                            Generate shared: Analyze section  	40.5909                            Generate shared: Analyze section  	43.49025                            Generate shared: Analyze section  	46.3896                            Generate shared: Analyze section  	49.288948                            Generate shared: Analyze section  	52.188297                            Generate shared: Analyze section  	55.08765                            Generate shared: Analyze section  	57.987                            Generate shared: Analyze section  	60.88635                            Generate shared: Analyze section  	63.785698                            Generate shared: Analyze section  	66.68505                            Generate shared: Analyze section  	69.5844                            Generate shared: Analyze section  	72.48375                            Generate shared: Analyze section  	75.383095                            Generate shared: Analyze section  	78.28245                            Generate shared: Analyze section  	81.1818                            Generate shared: Analyze section  	84.08115                            Generate shared: Analyze section  	86.9805                            Generate shared: Analyze section  	89.879845                            Generate shared: Analyze section  	92.7792                            Generate shared: Analyze section  	95.67855                            Generate shared: Analyze section  	98.577896                            Generating triples	0.0                            Converting to BitmapTriples	0.0                            Converting to BitmapTriples	0.73188734                            Converting to BitmapTriples	1.4637747                            Converting to BitmapTriples	2.195662                            Converting to BitmapTriples	2.9275494                            Converting to BitmapTriples	3.6594367                            Converting to BitmapTriples	4.391324                            Converting to BitmapTriples	5.1232114                            Converting to BitmapTriples	5.8550987                            Converting to BitmapTriples	6.586986                            Converting to BitmapTriples	7.3188734                            Converting to BitmapTriples	8.050761                            Converting to BitmapTriples	8.782648                            Converting to BitmapTriples	9.514536                            Converting to BitmapTriples	10.246423                            Converting to BitmapTriples	10.978311                            Converting to BitmapTriples	11.710197                            Converting to BitmapTriples	12.442085                            Converting to BitmapTriples	13.173972                            Converting to BitmapTriples	13.90586                            Converting to BitmapTriples	14.637747                            Converting to BitmapTriples	15.369635                            Converting to BitmapTriples	16.101522                            Converting to BitmapTriples	16.833408                            Converting to BitmapTriples	17.565296                            Converting to BitmapTriples	18.297184                            Converting to BitmapTriples	19.029072                            Converting to BitmapTriples	19.760958                            Converting to BitmapTriples	20.492846                            Converting to BitmapTriples	21.224733                            Converting to BitmapTriples	21.956621                            Converting to BitmapTriples	22.688507                            Converting to BitmapTriples	23.420395                            Converting to BitmapTriples	24.152283                            Converting to BitmapTriples	24.88417                            Converting to BitmapTriples	25.616056                            Converting to BitmapTriples	26.347944                            Converting to BitmapTriples	27.079832                            Converting to BitmapTriples	27.81172                            Converting to BitmapTriples	28.543606                            Converting to BitmapTriples	29.275494                            Converting to BitmapTriples	30.007381                            Converting to BitmapTriples	30.73927                            Converting to BitmapTriples	31.471155                            Converting to BitmapTriples	32.203045                            Converting to BitmapTriples	32.93493                            Converting to BitmapTriples	33.666817                            Converting to BitmapTriples	34.398705                            Converting to BitmapTriples	35.130592                            Converting to BitmapTriples	35.86248                            Converting to BitmapTriples	36.594368                            Converting to BitmapTriples	37.326256                            Converting to BitmapTriples	38.058144                            Converting to BitmapTriples	38.790028                            Converting to BitmapTriples	39.521915                            Converting to BitmapTriples	40.253803                            Converting to BitmapTriples	40.98569                            Converting to BitmapTriples	41.71758                            Converting to BitmapTriples	42.449467                            Converting to BitmapTriples	43.181355                            Converting to BitmapTriples	43.913242                            Converting to BitmapTriples	44.645126                            Converting to BitmapTriples	45.377014                            Converting to BitmapTriples	46.108902                            Converting to BitmapTriples	46.84079                            Converting to BitmapTriples	47.572678                            Converting to BitmapTriples	48.304565                            Converting to BitmapTriples	49.036453                            Converting to BitmapTriples	49.76834                            Converting to BitmapTriples	50.500225                            Converting to BitmapTriples	51.232113                            Converting to BitmapTriples	51.964                            Converting to BitmapTriples	52.69589                            Converting to BitmapTriples	53.427776                            Converting to BitmapTriples	54.159664                            Converting to BitmapTriples	54.891552                            Converting to BitmapTriples	55.62344                            Converting to BitmapTriples	56.355324                            Converting to BitmapTriples	57.08721                            Converting to BitmapTriples	57.8191                            Converting to BitmapTriples	58.550987                            Converting to BitmapTriples	59.282875                            Converting to BitmapTriples	60.014763                            Converting to BitmapTriples	60.74665                            Converting to BitmapTriples	61.47854                            Converting to BitmapTriples	62.210423                            Converting to BitmapTriples	62.94231                            Converting to BitmapTriples	63.6742                            Converting to BitmapTriples	64.40609                            Converting to BitmapTriples	65.13797                            Converting to BitmapTriples	65.86986                            Converting to BitmapTriples	66.601746                            Converting to BitmapTriples	67.33363                            Converting to BitmapTriples	68.06552                            Converting to BitmapTriples	68.79741                            Converting to BitmapTriples	69.5293                            Converting to BitmapTriples	70.261185                            Converting to BitmapTriples	70.99307                            Converting to BitmapTriples	71.72496                            Converting to BitmapTriples	72.45685                            Converting to BitmapTriples	73.188736                            Converting to BitmapTriples	73.92062                            Converting to BitmapTriples	74.65251                            Converting to BitmapTriples	75.3844                            Converting to BitmapTriples	76.11629                            Converting to BitmapTriples	76.84817                            Converting to BitmapTriples	77.580055                            Converting to BitmapTriples	78.31194                            Converting to BitmapTriples	79.04383                            Converting to BitmapTriples	79.77572                            Converting to BitmapTriples	80.50761                            Converting to BitmapTriples	81.239494                            Converting to BitmapTriples	81.97138                            Converting to BitmapTriples	82.70327                            Converting to BitmapTriples	83.43516                            Converting to BitmapTriples	84.167046                            Converting to BitmapTriples	84.89893                            Converting to BitmapTriples	85.63082                            Converting to BitmapTriples	86.36271                            Converting to BitmapTriples	87.0946                            Converting to BitmapTriples	87.826485                            Converting to BitmapTriples	88.558365                            Converting to BitmapTriples	89.29025                            Converting to BitmapTriples	90.02214                            Converting to BitmapTriples	90.75403                            Converting to BitmapTriples	91.485916                            Converting to BitmapTriples	92.217804                            Converting to BitmapTriples	92.94969                            Converting to BitmapTriples	93.68158                            Converting to BitmapTriples	94.41347                            Converting to BitmapTriples	95.145355                            Converting to BitmapTriples	95.87724                            Converting to BitmapTriples	96.60913                            Converting to BitmapTriples	97.34102                            Converting to BitmapTriples	98.07291                            Converting to BitmapTriples	98.804794                            Converting to BitmapTriples	99.53668                            Generating header	0.0                            Files cat in .......... 41 sec 685 ms 285 us
Total Triples ......... 13663305
Different subjects .... 4230274
Different predicates .. 13
Different objects ..... 4025734
Common Subject/Object . 3449049
HDT saved to file in .. 355 ms 505 us
[exit 0]

[2026-08-17T23:02:18] $ docker run --rm --user 1000:1000 -v /home/ubuntu/vcf-rdfizer-expts/vcf-rdfizer-testing/testing-results/0GOOR_HG002/.hdt_partitioned:/data/work -v /home/ubuntu/vcf-rdfizer-expts/vcf-rdfizer-testing/testing-results/0GOOR_HG002:/data/out ecrum19/vcf-rdfizer:latest bash -lc 'set -euo pipefail; rm -f /data/work/.hdt-merge-r02-00009.time; if [[ -x /usr/bin/time ]] && /usr/bin/time --version >/dev/null 2>&1; then /usr/bin/time -v -o /data/work/.hdt-merge-r02-00009.time -- bash -lc '"'"'set -euo pipefail; rm -f /data/work/merge-r02-00009.hdt; HDTCAT_BIN="${HDTCAT_BIN:-}"; if [[ -z "$HDTCAT_BIN" ]]; then for candidate in hdtCat hdtCat.sh HDTCat HDTCat.sh /opt/hdt-java/bin/hdtCat /opt/hdt-java/bin/hdtCat.sh /usr/local/bin/hdtCat /usr/local/bin/hdtCat.sh; do if [[ "$candidate" == */* ]]; then [[ -x "$candidate" ]] && HDTCAT_BIN="$candidate" && break; else resolved="$(command -v "$candidate" || true)"; [[ -n "$resolved" && -x "$resolved" ]] && HDTCAT_BIN="$resolved" && break; fi; done; fi; if [[ -z "$HDTCAT_BIN" || ! -x "$HDTCAT_BIN" ]]; then echo '"'"'"'"'"'"'"'"'Missing HDTCat binary in container'"'"'"'"'"'"'"'"' >&2; exit 127; fi; "$HDTCAT_BIN" /data/work/merge-r01-00018.hdt /data/work/merge-r01-00019.hdt /data/work/merge-r02-00009.hdt'"'"'; else { time -p bash -lc '"'"'set -euo pipefail; rm -f /data/work/merge-r02-00009.hdt; HDTCAT_BIN="${HDTCAT_BIN:-}"; if [[ -z "$HDTCAT_BIN" ]]; then for candidate in hdtCat hdtCat.sh HDTCat HDTCat.sh /opt/hdt-java/bin/hdtCat /opt/hdt-java/bin/hdtCat.sh /usr/local/bin/hdtCat /usr/local/bin/hdtCat.sh; do if [[ "$candidate" == */* ]]; then [[ -x "$candidate" ]] && HDTCAT_BIN="$candidate" && break; else resolved="$(command -v "$candidate" || true)"; [[ -n "$resolved" && -x "$resolved" ]] && HDTCAT_BIN="$resolved" && break; fi; done; fi; if [[ -z "$HDTCAT_BIN" || ! -x "$HDTCAT_BIN" ]]; then echo '"'"'"'"'"'"'"'"'Missing HDTCat binary in container'"'"'"'"'"'"'"'"' >&2; exit 127; fi; "$HDTCAT_BIN" /data/work/merge-r01-00018.hdt /data/work/merge-r01-00019.hdt /data/work/merge-r02-00009.hdt'"'"'; } > /data/work/.hdt-merge-r02-00009.time 2>&1; fi'
[INFO] Welcome to hdtCat!
[INFO] This tool was developed by Dennis Diefenbach and Jośe M. Giḿenez-Garćıa
[INFO] Cat /data/work/merge-r01-00018.hdt, /data/work/merge-r01-00019.hdt to /data/work/merge-r02-00009.hdt
Generating dictionary	0.0                            Generate predicates: start	0.0                            Generate predicates: Analyze section predicate 	0.0                            Generate subjects: start	0.0                            Generate subjects: Analyze section subject 	0.0                            Generate subjects: Analyze section subject 	7.4790735                            Generate subjects: Analyze section subject 	14.958147                            Generate subjects: Analyze section subject 	22.437222                            Generate subjects: Analyze section subject 	29.916294                            Generate subjects: Analyze section subject 	37.395367                            Generate subjects: Analyze section subject 	44.874443                            Generate subjects: Analyze section subject 	52.353516                            Generate subjects: Analyze section subject 	59.83259                            Generate subjects: Analyze section subject 	67.31166                            Generate subjects: Analyze section subject 	74.79073                            Generate subjects: Analyze section subject 	82.269806                            Generate subjects: Analyze section subject 	89.748886                            Generate subjects: Analyze section subject 	97.22796                            Generate objects: start	0.0                            Generate objects: Analyze section object 	0.0                            Generate objects: Analyze section object 	19.103876                            Generate objects: Analyze section object 	38.207752                            Generate objects: Analyze section object 	57.311626                            Generate objects: Analyze section object 	76.415504                            Generate objects: Analyze section object 	95.51938                            Generate shared: start	0.0                            Generate shared: Analyze section  	0.0                            Generate shared: Analyze section  	2.7795436                            Generate shared: Analyze section  	5.5590873                            Generate shared: Analyze section  	8.338631                            Generate shared: Analyze section  	11.118175                            Generate shared: Analyze section  	13.897717                            Generate shared: Analyze section  	16.677261                            Generate shared: Analyze section  	19.456804                            Generate shared: Analyze section  	22.23635                            Generate shared: Analyze section  	25.015892                            Generate shared: Analyze section  	27.795435                            Generate shared: Analyze section  	30.57498                            Generate shared: Analyze section  	33.354523                            Generate shared: Analyze section  	36.134068                            Generate shared: Analyze section  	38.91361                            Generate shared: Analyze section  	41.693153                            Generate shared: Analyze section  	44.4727                            Generate shared: Analyze section  	47.25224                            Generate shared: Analyze section  	50.031784                            Generate shared: Analyze section  	52.81133                            Generate shared: Analyze section  	55.59087                            Generate shared: Analyze section  	58.370415                            Generate shared: Analyze section  	61.14996                            Generate shared: Analyze section  	63.9295                            Generate shared: Analyze section  	66.709045                            Generate shared: Analyze section  	69.48859                            Generate shared: Analyze section  	72.268135                            Generate shared: Analyze section  	75.047676                            Generate shared: Analyze section  	77.82722                            Generate shared: Analyze section  	80.606766                            Generate shared: Analyze section  	83.38631                            Generate shared: Analyze section  	86.16585                            Generate shared: Analyze section  	88.9454                            Generate shared: Analyze section  	91.72494                            Generate shared: Analyze section  	94.50448                            Generate shared: Analyze section  	97.28403                            Generating triples	0.0                            Converting to BitmapTriples	0.0                            Converting to BitmapTriples	0.72295195                            Converting to BitmapTriples	1.4459039                            Converting to BitmapTriples	2.168856                            Converting to BitmapTriples	2.8918078                            Converting to BitmapTriples	3.6147597                            Converting to BitmapTriples	4.337712                            Converting to BitmapTriples	5.0606637                            Converting to BitmapTriples	5.7836156                            Converting to BitmapTriples	6.5065675                            Converting to BitmapTriples	7.2295194                            Converting to BitmapTriples	7.9524713                            Converting to BitmapTriples	8.675424                            Converting to BitmapTriples	9.3983755                            Converting to BitmapTriples	10.121327                            Converting to BitmapTriples	10.844279                            Converting to BitmapTriples	11.567231                            Converting to BitmapTriples	12.290183                            Converting to BitmapTriples	13.013135                            Converting to BitmapTriples	13.736087                            Converting to BitmapTriples	14.459039                            Converting to BitmapTriples	15.181991                            Converting to BitmapTriples	15.9049425                            Converting to BitmapTriples	16.627895                            Converting to BitmapTriples	17.350847                            Converting to BitmapTriples	18.0738                            Converting to BitmapTriples	18.796751                            Converting to BitmapTriples	19.519703                            Converting to BitmapTriples	20.242655                            Converting to BitmapTriples	20.965607                            Converting to BitmapTriples	21.688559                            Converting to BitmapTriples	22.41151                            Converting to BitmapTriples	23.134462                            Converting to BitmapTriples	23.857414                            Converting to BitmapTriples	24.580366                            Converting to BitmapTriples	25.303318                            Converting to BitmapTriples	26.02627                            Converting to BitmapTriples	26.749222                            Converting to BitmapTriples	27.472174                            Converting to BitmapTriples	28.195126                            Converting to BitmapTriples	28.918077                            Converting to BitmapTriples	29.64103                            Converting to BitmapTriples	30.363981                            Converting to BitmapTriples	31.086933                            Converting to BitmapTriples	31.809885                            Converting to BitmapTriples	32.532837                            Converting to BitmapTriples	33.25579                            Converting to BitmapTriples	33.97874                            Converting to BitmapTriples	34.701694                            Converting to BitmapTriples	35.424644                            Converting to BitmapTriples	36.1476                            Converting to BitmapTriples	36.87055                            Converting to BitmapTriples	37.593502                            Converting to BitmapTriples	38.316452                            Converting to BitmapTriples	39.039406                            Converting to BitmapTriples	39.762356                            Converting to BitmapTriples	40.48531                            Converting to BitmapTriples	41.20826                            Converting to BitmapTriples	41.931213                            Converting to BitmapTriples	42.654163                            Converting to BitmapTriples	43.377117                            Converting to BitmapTriples	44.100067                            Converting to BitmapTriples	44.82302                            Converting to BitmapTriples	45.54597                            Converting to BitmapTriples	46.268925                            Converting to BitmapTriples	46.991875                            Converting to BitmapTriples	47.71483                            Converting to BitmapTriples	48.43778                            Converting to BitmapTriples	49.160732                            Converting to BitmapTriples	49.883686                            Converting to BitmapTriples	50.606636                            Converting to BitmapTriples	51.32959                            Converting to BitmapTriples	52.05254                            Converting to BitmapTriples	52.775494                            Converting to BitmapTriples	53.498444                            Converting to BitmapTriples	54.221397                            Converting to BitmapTriples	54.944347                            Converting to BitmapTriples	55.6673                            Converting to BitmapTriples	56.39025                            Converting to BitmapTriples	57.113205                            Converting to BitmapTriples	57.836155                            Converting to BitmapTriples	58.55911                            Converting to BitmapTriples	59.28206                            Converting to BitmapTriples	60.005013                            Converting to BitmapTriples	60.727962                            Converting to BitmapTriples	61.450916                            Converting to BitmapTriples	62.173866                            Converting to BitmapTriples	62.89682                            Converting to BitmapTriples	63.61977                            Converting to BitmapTriples	64.34272                            Converting to BitmapTriples	65.065674                            Converting to BitmapTriples	65.78863                            Converting to BitmapTriples	66.51158                            Converting to BitmapTriples	67.23453                            Converting to BitmapTriples	67.95748                            Converting to BitmapTriples	68.680435                            Converting to BitmapTriples	69.40339                            Converting to BitmapTriples	70.126335                            Converting to BitmapTriples	70.84929                            Converting to BitmapTriples	71.57224                            Converting to BitmapTriples	72.2952                            Converting to BitmapTriples	73.01815                            Converting to BitmapTriples	73.7411                            Converting to BitmapTriples	74.46405                            Converting to BitmapTriples	75.187004                            Converting to BitmapTriples	75.90996                            Converting to BitmapTriples	76.632904                            Converting to BitmapTriples	77.35586                            Converting to BitmapTriples	78.07881                            Converting to BitmapTriples	78.801765                            Converting to BitmapTriples	79.52471                            Converting to BitmapTriples	80.247665                            Converting to BitmapTriples	80.97062                            Converting to BitmapTriples	81.69357                            Converting to BitmapTriples	82.41652                            Converting to BitmapTriples	83.13947                            Converting to BitmapTriples	83.86243                            Converting to BitmapTriples	84.58538                            Converting to BitmapTriples	85.30833                            Converting to BitmapTriples	86.03128                            Converting to BitmapTriples	86.754234                            Converting to BitmapTriples	87.47719                            Converting to BitmapTriples	88.200134                            Converting to BitmapTriples	88.92309                            Converting to BitmapTriples	89.64604                            Converting to BitmapTriples	90.368996                            Converting to BitmapTriples	91.09194                            Converting to BitmapTriples	91.814896                            Converting to BitmapTriples	92.53785                            Converting to BitmapTriples	93.2608                            Converting to BitmapTriples	93.98375                            Converting to BitmapTriples	94.7067                            Converting to BitmapTriples	95.42966                            Converting to BitmapTriples	96.15261                            Converting to BitmapTriples	96.87556                            Converting to BitmapTriples	97.59851                            Converting to BitmapTriples	98.321465                            Converting to BitmapTriples	99.04442                            Converting to BitmapTriples	99.76737                            Generating header	0.0                            Files cat in .......... 43 sec 243 ms 9 us
Total Triples ......... 13832178
Different subjects .... 4934777
Different predicates .. 18
Different objects ..... 4121167
Common Subject/Object . 3597713
HDT saved to file in .. 339 ms 731 us
[exit 0]

[2026-08-17T23:03:02] $ docker run --rm --user 1000:1000 -v /home/ubuntu/vcf-rdfizer-expts/vcf-rdfizer-testing/testing-results/0GOOR_HG002/.hdt_partitioned:/data/work -v /home/ubuntu/vcf-rdfizer-expts/vcf-rdfizer-testing/testing-results/0GOOR_HG002:/data/out ecrum19/vcf-rdfizer:latest bash -lc 'set -euo pipefail; rm -f /data/work/.hdt-merge-r02-00010.time; if [[ -x /usr/bin/time ]] && /usr/bin/time --version >/dev/null 2>&1; then /usr/bin/time -v -o /data/work/.hdt-merge-r02-00010.time -- bash -lc '"'"'set -euo pipefail; rm -f /data/work/merge-r02-00010.hdt; HDTCAT_BIN="${HDTCAT_BIN:-}"; if [[ -z "$HDTCAT_BIN" ]]; then for candidate in hdtCat hdtCat.sh HDTCat HDTCat.sh /opt/hdt-java/bin/hdtCat /opt/hdt-java/bin/hdtCat.sh /usr/local/bin/hdtCat /usr/local/bin/hdtCat.sh; do if [[ "$candidate" == */* ]]; then [[ -x "$candidate" ]] && HDTCAT_BIN="$candidate" && break; else resolved="$(command -v "$candidate" || true)"; [[ -n "$resolved" && -x "$resolved" ]] && HDTCAT_BIN="$resolved" && break; fi; done; fi; if [[ -z "$HDTCAT_BIN" || ! -x "$HDTCAT_BIN" ]]; then echo '"'"'"'"'"'"'"'"'Missing HDTCat binary in container'"'"'"'"'"'"'"'"' >&2; exit 127; fi; "$HDTCAT_BIN" /data/work/merge-r01-00020.hdt /data/work/merge-r01-00021.hdt /data/work/merge-r02-00010.hdt'"'"'; else { time -p bash -lc '"'"'set -euo pipefail; rm -f /data/work/merge-r02-00010.hdt; HDTCAT_BIN="${HDTCAT_BIN:-}"; if [[ -z "$HDTCAT_BIN" ]]; then for candidate in hdtCat hdtCat.sh HDTCat HDTCat.sh /opt/hdt-java/bin/hdtCat /opt/hdt-java/bin/hdtCat.sh /usr/local/bin/hdtCat /usr/local/bin/hdtCat.sh; do if [[ "$candidate" == */* ]]; then [[ -x "$candidate" ]] && HDTCAT_BIN="$candidate" && break; else resolved="$(command -v "$candidate" || true)"; [[ -n "$resolved" && -x "$resolved" ]] && HDTCAT_BIN="$resolved" && break; fi; done; fi; if [[ -z "$HDTCAT_BIN" || ! -x "$HDTCAT_BIN" ]]; then echo '"'"'"'"'"'"'"'"'Missing HDTCat binary in container'"'"'"'"'"'"'"'"' >&2; exit 127; fi; "$HDTCAT_BIN" /data/work/merge-r01-00020.hdt /data/work/merge-r01-00021.hdt /data/work/merge-r02-00010.hdt'"'"'; } > /data/work/.hdt-merge-r02-00010.time 2>&1; fi'
[INFO] Welcome to hdtCat!
[INFO] This tool was developed by Dennis Diefenbach and Jośe M. Giḿenez-Garćıa
[INFO] Cat /data/work/merge-r01-00020.hdt, /data/work/merge-r01-00021.hdt to /data/work/merge-r02-00010.hdt
Generating dictionary	0.0                            Generate predicates: start	0.0                            Generate predicates: Analyze section predicate 	0.0                            Generate subjects: start	0.0                            Generate subjects: Analyze section subject 	0.0                            Generate subjects: Analyze section subject 	10.31717                            Generate subjects: Analyze section subject 	20.63434                            Generate subjects: Analyze section subject 	30.951511                            Generate subjects: Analyze section subject 	41.26868                            Generate subjects: Analyze section subject 	51.585854                            Generate subjects: Analyze section subject 	61.903023                            Generate subjects: Analyze section subject 	72.22019                            Generate subjects: Analyze section subject 	82.53736                            Generate subjects: Analyze section subject 	92.85453                            Generate objects: start	0.0                            Generate objects: Analyze section object 	0.0                            Generate objects: Analyze section object 	14.519815                            Generate objects: Analyze section object 	29.03963                            Generate objects: Analyze section object 	43.559444                            Generate objects: Analyze section object 	58.07926                            Generate objects: Analyze section object 	72.599075                            Generate objects: Analyze section object 	87.11889                            Generate shared: start	0.0                            Generate shared: Analyze section  	0.0                            Generate shared: Analyze section  	2.913416                            Generate shared: Analyze section  	5.826832                            Generate shared: Analyze section  	8.740248                            Generate shared: Analyze section  	11.653664                            Generate shared: Analyze section  	14.56708                            Generate shared: Analyze section  	17.480495                            Generate shared: Analyze section  	20.393911                            Generate shared: Analyze section  	23.307327                            Generate shared: Analyze section  	26.220743                            Generate shared: Analyze section  	29.13416                            Generate shared: Analyze section  	32.047573                            Generate shared: Analyze section  	34.96099                            Generate shared: Analyze section  	37.874405                            Generate shared: Analyze section  	40.787823                            Generate shared: Analyze section  	43.701237                            Generate shared: Analyze section  	46.614655                            Generate shared: Analyze section  	49.52807                            Generate shared: Analyze section  	52.441486                            Generate shared: Analyze section  	55.3549                            Generate shared: Analyze section  	58.26832                            Generate shared: Analyze section  	61.181732                            Generate shared: Analyze section  	64.095146                            Generate shared: Analyze section  	67.00857                            Generate shared: Analyze section  	69.92198                            Generate shared: Analyze section  	72.835396                            Generate shared: Analyze section  	75.74881                            Generate shared: Analyze section  	78.66223                            Generate shared: Analyze section  	81.575645                            Generate shared: Analyze section  	84.48906                            Generate shared: Analyze section  	87.40247                            Generate shared: Analyze section  	90.315895                            Generate shared: Analyze section  	93.22931                            Generate shared: Analyze section  	96.14272                            Generate shared: Analyze section  	99.05614                            Generating triples	0.0                            Converting to BitmapTriples	0.0                            Converting to BitmapTriples	0.69681984                            Converting to BitmapTriples	1.3936397                            Converting to BitmapTriples	2.0904596                            Converting to BitmapTriples	2.7872794                            Converting to BitmapTriples	3.4840991                            Converting to BitmapTriples	4.180919                            Converting to BitmapTriples	4.877739                            Converting to BitmapTriples	5.5745587                            Converting to BitmapTriples	6.2713785                            Converting to BitmapTriples	6.9681983                            Converting to BitmapTriples	7.665018                            Converting to BitmapTriples	8.361838                            Converting to BitmapTriples	9.058658                            Converting to BitmapTriples	9.755478                            Converting to BitmapTriples	10.452297                            Converting to BitmapTriples	11.149117                            Converting to BitmapTriples	11.845937                            Converting to BitmapTriples	12.542757                            Converting to BitmapTriples	13.239576                            Converting to BitmapTriples	13.936397                            Converting to BitmapTriples	14.633216                            Converting to BitmapTriples	15.330036                            Converting to BitmapTriples	16.026855                            Converting to BitmapTriples	16.723677                            Converting to BitmapTriples	17.420496                            Converting to BitmapTriples	18.117315                            Converting to BitmapTriples	18.814135                            Converting to BitmapTriples	19.510956                            Converting to BitmapTriples	20.207775                            Converting to BitmapTriples	20.904594                            Converting to BitmapTriples	21.601414                            Converting to BitmapTriples	22.298235                            Converting to BitmapTriples	22.995054                            Converting to BitmapTriples	23.691874                            Converting to BitmapTriples	24.388695                            Converting to BitmapTriples	25.085514                            Converting to BitmapTriples	25.782333                            Converting to BitmapTriples	26.479153                            Converting to BitmapTriples	27.175974                            Converting to BitmapTriples	27.872793                            Converting to BitmapTriples	28.569613                            Converting to BitmapTriples	29.266432                            Converting to BitmapTriples	29.963253                            Converting to BitmapTriples	30.660072                            Converting to BitmapTriples	31.356892                            Converting to BitmapTriples	32.05371                            Converting to BitmapTriples	32.75053                            Converting to BitmapTriples	33.447353                            Converting to BitmapTriples	34.144173                            Converting to BitmapTriples	34.840992                            Converting to BitmapTriples	35.53781                            Converting to BitmapTriples	36.23463                            Converting to BitmapTriples	36.93145                            Converting to BitmapTriples	37.62827                            Converting to BitmapTriples	38.325092                            Converting to BitmapTriples	39.02191                            Converting to BitmapTriples	39.71873                            Converting to BitmapTriples	40.41555                            Converting to BitmapTriples	41.11237                            Converting to BitmapTriples	41.80919                            Converting to BitmapTriples	42.50601                            Converting to BitmapTriples	43.202827                            Converting to BitmapTriples	43.89965                            Converting to BitmapTriples	44.59647                            Converting to BitmapTriples	45.29329                            Converting to BitmapTriples	45.99011                            Converting to BitmapTriples	46.686928                            Converting to BitmapTriples	47.383747                            Converting to BitmapTriples	48.080566                            Converting to BitmapTriples	48.77739                            Converting to BitmapTriples	49.47421                            Converting to BitmapTriples	50.17103                            Converting to BitmapTriples	50.867847                            Converting to BitmapTriples	51.564667                            Converting to BitmapTriples	52.261486                            Converting to BitmapTriples	52.958305                            Converting to BitmapTriples	53.65513                            Converting to BitmapTriples	54.351948                            Converting to BitmapTriples	55.048767                            Converting to BitmapTriples	55.745586                            Converting to BitmapTriples	56.442406                            Converting to BitmapTriples	57.139225                            Converting to BitmapTriples	57.836044                            Converting to BitmapTriples	58.532864                            Converting to BitmapTriples	59.229687                            Converting to BitmapTriples	59.926506                            Converting to BitmapTriples	60.623325                            Converting to BitmapTriples	61.320145                            Converting to BitmapTriples	62.016964                            Converting to BitmapTriples	62.713783                            Converting to BitmapTriples	63.410603                            Converting to BitmapTriples	64.10742                            Converting to BitmapTriples	64.804245                            Converting to BitmapTriples	65.50106                            Converting to BitmapTriples	66.19788                            Converting to BitmapTriples	66.89471                            Converting to BitmapTriples	67.59152                            Converting to BitmapTriples	68.288345                            Converting to BitmapTriples	68.98516                            Converting to BitmapTriples	69.681984                            Converting to BitmapTriples	70.3788                            Converting to BitmapTriples	71.07562                            Converting to BitmapTriples	71.772446                            Converting to BitmapTriples	72.46926                            Converting to BitmapTriples	73.166084                            Converting to BitmapTriples	73.8629                            Converting to BitmapTriples	74.55972                            Converting to BitmapTriples	75.25654                            Converting to BitmapTriples	75.95336                            Converting to BitmapTriples	76.650185                            Converting to BitmapTriples	77.347                            Converting to BitmapTriples	78.04382                            Converting to BitmapTriples	78.74064                            Converting to BitmapTriples	79.43746                            Converting to BitmapTriples	80.13428                            Converting to BitmapTriples	80.8311                            Converting to BitmapTriples	81.527916                            Converting to BitmapTriples	82.22474                            Converting to BitmapTriples	82.92156                            Converting to BitmapTriples	83.61838                            Converting to BitmapTriples	84.3152                            Converting to BitmapTriples	85.01202                            Converting to BitmapTriples	85.70884                            Converting to BitmapTriples	86.405655                            Converting to BitmapTriples	87.10248                            Converting to BitmapTriples	87.7993                            Converting to BitmapTriples	88.49612                            Converting to BitmapTriples	89.19294                            Converting to BitmapTriples	89.889755                            Converting to BitmapTriples	90.58658                            Converting to BitmapTriples	91.283394                            Converting to BitmapTriples	91.98022                            Converting to BitmapTriples	92.67704                            Converting to BitmapTriples	93.373856                            Converting to BitmapTriples	94.07068                            Converting to BitmapTriples	94.767494                            Converting to BitmapTriples	95.46432                            Converting to BitmapTriples	96.16113                            Converting to BitmapTriples	96.857956                            Converting to BitmapTriples	97.55478                            Converting to BitmapTriples	98.251595                            Converting to BitmapTriples	98.94842                            Converting to BitmapTriples	99.64523                            Generating header	0.0                            Files cat in .......... 38 sec 708 ms 321 us
Total Triples ......... 14350912
Different subjects .... 4401655
Different predicates .. 15
Different objects ..... 4121111
Common Subject/Object . 3432397
HDT saved to file in .. 361 ms 454 us
[exit 0]

[2026-08-17T23:03:42] $ docker run --rm --user 1000:1000 -v /home/ubuntu/vcf-rdfizer-expts/vcf-rdfizer-testing/testing-results/0GOOR_HG002/.hdt_partitioned:/data/work -v /home/ubuntu/vcf-rdfizer-expts/vcf-rdfizer-testing/testing-results/0GOOR_HG002:/data/out ecrum19/vcf-rdfizer:latest bash -lc 'set -euo pipefail; rm -f /data/work/.hdt-merge-r02-00011.time; if [[ -x /usr/bin/time ]] && /usr/bin/time --version >/dev/null 2>&1; then /usr/bin/time -v -o /data/work/.hdt-merge-r02-00011.time -- bash -lc '"'"'set -euo pipefail; rm -f /data/work/merge-r02-00011.hdt; HDTCAT_BIN="${HDTCAT_BIN:-}"; if [[ -z "$HDTCAT_BIN" ]]; then for candidate in hdtCat hdtCat.sh HDTCat HDTCat.sh /opt/hdt-java/bin/hdtCat /opt/hdt-java/bin/hdtCat.sh /usr/local/bin/hdtCat /usr/local/bin/hdtCat.sh; do if [[ "$candidate" == */* ]]; then [[ -x "$candidate" ]] && HDTCAT_BIN="$candidate" && break; else resolved="$(command -v "$candidate" || true)"; [[ -n "$resolved" && -x "$resolved" ]] && HDTCAT_BIN="$resolved" && break; fi; done; fi; if [[ -z "$HDTCAT_BIN" || ! -x "$HDTCAT_BIN" ]]; then echo '"'"'"'"'"'"'"'"'Missing HDTCat binary in container'"'"'"'"'"'"'"'"' >&2; exit 127; fi; "$HDTCAT_BIN" /data/work/merge-r01-00022.hdt /data/work/merge-r01-00023.hdt /data/work/merge-r02-00011.hdt'"'"'; else { time -p bash -lc '"'"'set -euo pipefail; rm -f /data/work/merge-r02-00011.hdt; HDTCAT_BIN="${HDTCAT_BIN:-}"; if [[ -z "$HDTCAT_BIN" ]]; then for candidate in hdtCat hdtCat.sh HDTCat HDTCat.sh /opt/hdt-java/bin/hdtCat /opt/hdt-java/bin/hdtCat.sh /usr/local/bin/hdtCat /usr/local/bin/hdtCat.sh; do if [[ "$candidate" == */* ]]; then [[ -x "$candidate" ]] && HDTCAT_BIN="$candidate" && break; else resolved="$(command -v "$candidate" || true)"; [[ -n "$resolved" && -x "$resolved" ]] && HDTCAT_BIN="$resolved" && break; fi; done; fi; if [[ -z "$HDTCAT_BIN" || ! -x "$HDTCAT_BIN" ]]; then echo '"'"'"'"'"'"'"'"'Missing HDTCat binary in container'"'"'"'"'"'"'"'"' >&2; exit 127; fi; "$HDTCAT_BIN" /data/work/merge-r01-00022.hdt /data/work/merge-r01-00023.hdt /data/work/merge-r02-00011.hdt'"'"'; } > /data/work/.hdt-merge-r02-00011.time 2>&1; fi'
[INFO] Welcome to hdtCat!
[INFO] This tool was developed by Dennis Diefenbach and Jośe M. Giḿenez-Garćıa
[INFO] Cat /data/work/merge-r01-00022.hdt, /data/work/merge-r01-00023.hdt to /data/work/merge-r02-00011.hdt
Generating dictionary	0.0                            Generate predicates: start	0.0                            Generate predicates: Analyze section predicate 	0.0                            Generate subjects: start	0.0                            Generate subjects: Analyze section subject 	0.0                            Generate subjects: Analyze section subject 	12.8811865                            Generate subjects: Analyze section subject 	25.762373                            Generate subjects: Analyze section subject 	38.64356                            Generate subjects: Analyze section subject 	51.524746                            Generate subjects: Analyze section subject 	64.40593                            Generate subjects: Analyze section subject 	77.28712                            Generate subjects: Analyze section subject 	90.168304                            Generate objects: start	0.0                            Generate objects: Analyze section object 	0.0                            Generate objects: Analyze section object 	16.418985                            Generate objects: Analyze section object 	32.83797                            Generate objects: Analyze section object 	49.256958                            Generate objects: Analyze section object 	65.67594                            Generate objects: Analyze section object 	82.09493                            Generate objects: Analyze section object 	98.513916                            Generate shared: start	0.0                            Generate shared: Analyze section  	0.0                            Generate shared: Analyze section  	2.8855808                            Generate shared: Analyze section  	5.7711616                            Generate shared: Analyze section  	8.656742                            Generate shared: Analyze section  	11.542323                            Generate shared: Analyze section  	14.427903                            Generate shared: Analyze section  	17.313484                            Generate shared: Analyze section  	20.199064                            Generate shared: Analyze section  	23.084646                            Generate shared: Analyze section  	25.970226                            Generate shared: Analyze section  	28.855806                            Generate shared: Analyze section  	31.741386                            Generate shared: Analyze section  	34.62697                            Generate shared: Analyze section  	37.51255                            Generate shared: Analyze section  	40.39813                            Generate shared: Analyze section  	43.28371                            Generate shared: Analyze section  	46.169292                            Generate shared: Analyze section  	49.05487                            Generate shared: Analyze section  	51.940453                            Generate shared: Analyze section  	54.826035                            Generate shared: Analyze section  	57.711613                            Generate shared: Analyze section  	60.597195                            Generate shared: Analyze section  	63.482773                            Generate shared: Analyze section  	66.368355                            Generate shared: Analyze section  	69.25394                            Generate shared: Analyze section  	72.13952                            Generate shared: Analyze section  	75.0251                            Generate shared: Analyze section  	77.910675                            Generate shared: Analyze section  	80.79626                            Generate shared: Analyze section  	83.68184                            Generate shared: Analyze section  	86.56742                            Generate shared: Analyze section  	89.453                            Generate shared: Analyze section  	92.338585                            Generate shared: Analyze section  	95.22416                            Generate shared: Analyze section  	98.10974                            Generating triples	0.0                            Converting to BitmapTriples	0.0                            Converting to BitmapTriples	0.7243156                            Converting to BitmapTriples	1.4486312                            Converting to BitmapTriples	2.1729467                            Converting to BitmapTriples	2.8972623                            Converting to BitmapTriples	3.6215777                            Converting to BitmapTriples	4.3458934                            Converting to BitmapTriples	5.070209                            Converting to BitmapTriples	5.7945247                            Converting to BitmapTriples	6.5188403                            Converting to BitmapTriples	7.2431555                            Converting to BitmapTriples	7.967471                            Converting to BitmapTriples	8.691787                            Converting to BitmapTriples	9.416102                            Converting to BitmapTriples	10.140418                            Converting to BitmapTriples	10.864734                            Converting to BitmapTriples	11.589049                            Converting to BitmapTriples	12.313365                            Converting to BitmapTriples	13.037681                            Converting to BitmapTriples	13.761996                            Converting to BitmapTriples	14.486311                            Converting to BitmapTriples	15.210627                            Converting to BitmapTriples	15.934942                            Converting to BitmapTriples	16.659258                            Converting to BitmapTriples	17.383574                            Converting to BitmapTriples	18.10789                            Converting to BitmapTriples	18.832205                            Converting to BitmapTriples	19.55652                            Converting to BitmapTriples	20.280836                            Converting to BitmapTriples	21.005152                            Converting to BitmapTriples	21.729467                            Converting to BitmapTriples	22.453783                            Converting to BitmapTriples	23.178099                            Converting to BitmapTriples	23.902414                            Converting to BitmapTriples	24.62673                            Converting to BitmapTriples	25.351046                            Converting to BitmapTriples	26.075361                            Converting to BitmapTriples	26.799677                            Converting to BitmapTriples	27.523993                            Converting to BitmapTriples	28.248308                            Converting to BitmapTriples	28.972622                            Converting to BitmapTriples	29.696938                            Converting to BitmapTriples	30.421253                            Converting to BitmapTriples	31.145569                            Converting to BitmapTriples	31.869884                            Converting to BitmapTriples	32.5942                            Converting to BitmapTriples	33.318516                            Converting to BitmapTriples	34.04283                            Converting to BitmapTriples	34.767147                            Converting to BitmapTriples	35.491463                            Converting to BitmapTriples	36.21578                            Converting to BitmapTriples	36.940094                            Converting to BitmapTriples	37.66441                            Converting to BitmapTriples	38.388725                            Converting to BitmapTriples	39.11304                            Converting to BitmapTriples	39.837357                            Converting to BitmapTriples	40.561672                            Converting to BitmapTriples	41.285988                            Converting to BitmapTriples	42.010303                            Converting to BitmapTriples	42.73462                            Converting to BitmapTriples	43.458935                            Converting to BitmapTriples	44.18325                            Converting to BitmapTriples	44.907566                            Converting to BitmapTriples	45.63188                            Converting to BitmapTriples	46.356197                            Converting to BitmapTriples	47.080513                            Converting to BitmapTriples	47.80483                            Converting to BitmapTriples	48.529144                            Converting to BitmapTriples	49.25346                            Converting to BitmapTriples	49.977776                            Converting to BitmapTriples	50.70209                            Converting to BitmapTriples	51.426407                            Converting to BitmapTriples	52.150723                            Converting to BitmapTriples	52.87504                            Converting to BitmapTriples	53.599354                            Converting to BitmapTriples	54.32367                            Converting to BitmapTriples	55.047985                            Converting to BitmapTriples	55.7723                            Converting to BitmapTriples	56.496616                            Converting to BitmapTriples	57.22093                            Converting to BitmapTriples	57.945244                            Converting to BitmapTriples	58.66956                            Converting to BitmapTriples	59.393875                            Converting to BitmapTriples	60.11819                            Converting to BitmapTriples	60.842506                            Converting to BitmapTriples	61.566822                            Converting to BitmapTriples	62.291138                            Converting to BitmapTriples	63.015453                            Converting to BitmapTriples	63.73977                            Converting to BitmapTriples	64.46409                            Converting to BitmapTriples	65.1884                            Converting to BitmapTriples	65.91272                            Converting to BitmapTriples	66.63703                            Converting to BitmapTriples	67.36135                            Converting to BitmapTriples	68.08566                            Converting to BitmapTriples	68.80998                            Converting to BitmapTriples	69.534294                            Converting to BitmapTriples	70.25861                            Converting to BitmapTriples	70.982925                            Converting to BitmapTriples	71.707245                            Converting to BitmapTriples	72.43156                            Converting to BitmapTriples	73.155876                            Converting to BitmapTriples	73.88019                            Converting to BitmapTriples	74.60451                            Converting to BitmapTriples	75.32882                            Converting to BitmapTriples	76.05314                            Converting to BitmapTriples	76.77745                            Converting to BitmapTriples	77.50176                            Converting to BitmapTriples	78.22608                            Converting to BitmapTriples	78.95039                            Converting to BitmapTriples	79.67471                            Converting to BitmapTriples	80.399025                            Converting to BitmapTriples	81.123344                            Converting to BitmapTriples	81.84766                            Converting to BitmapTriples	82.571976                            Converting to BitmapTriples	83.29629                            Converting to BitmapTriples	84.02061                            Converting to BitmapTriples	84.74492                            Converting to BitmapTriples	85.46924                            Converting to BitmapTriples	86.19355                            Converting to BitmapTriples	86.91787                            Converting to BitmapTriples	87.64218                            Converting to BitmapTriples	88.3665                            Converting to BitmapTriples	89.09081                            Converting to BitmapTriples	89.81513                            Converting to BitmapTriples	90.539444                            Converting to BitmapTriples	91.26376                            Converting to BitmapTriples	91.988075                            Converting to BitmapTriples	92.712395                            Converting to BitmapTriples	93.43671                            Converting to BitmapTriples	94.161026                            Converting to BitmapTriples	94.88534                            Converting to BitmapTriples	95.60966                            Converting to BitmapTriples	96.33397                            Converting to BitmapTriples	97.05829                            Converting to BitmapTriples	97.7826                            Converting to BitmapTriples	98.50692                            Converting to BitmapTriples	99.23123                            Converting to BitmapTriples	99.95555                            Generating header	0.0                            Files cat in .......... 36 sec 46 ms 557 us
Total Triples ......... 13806137
Different subjects .... 4241833
Different predicates .. 13
Different objects ..... 4074558
Common Subject/Object . 3465507
HDT saved to file in .. 328 ms 723 us
[exit 0]

[2026-08-17T23:04:19] $ docker run --rm --user 1000:1000 -v /home/ubuntu/vcf-rdfizer-expts/vcf-rdfizer-testing/testing-results/0GOOR_HG002/.hdt_partitioned:/data/work -v /home/ubuntu/vcf-rdfizer-expts/vcf-rdfizer-testing/testing-results/0GOOR_HG002:/data/out ecrum19/vcf-rdfizer:latest bash -lc 'set -euo pipefail; rm -f /data/work/.hdt-merge-r03-00000.time; if [[ -x /usr/bin/time ]] && /usr/bin/time --version >/dev/null 2>&1; then /usr/bin/time -v -o /data/work/.hdt-merge-r03-00000.time -- bash -lc '"'"'set -euo pipefail; rm -f /data/work/merge-r03-00000.hdt; HDTCAT_BIN="${HDTCAT_BIN:-}"; if [[ -z "$HDTCAT_BIN" ]]; then for candidate in hdtCat hdtCat.sh HDTCat HDTCat.sh /opt/hdt-java/bin/hdtCat /opt/hdt-java/bin/hdtCat.sh /usr/local/bin/hdtCat /usr/local/bin/hdtCat.sh; do if [[ "$candidate" == */* ]]; then [[ -x "$candidate" ]] && HDTCAT_BIN="$candidate" && break; else resolved="$(command -v "$candidate" || true)"; [[ -n "$resolved" && -x "$resolved" ]] && HDTCAT_BIN="$resolved" && break; fi; done; fi; if [[ -z "$HDTCAT_BIN" || ! -x "$HDTCAT_BIN" ]]; then echo '"'"'"'"'"'"'"'"'Missing HDTCat binary in container'"'"'"'"'"'"'"'"' >&2; exit 127; fi; "$HDTCAT_BIN" /data/work/merge-r02-00000.hdt /data/work/merge-r02-00001.hdt /data/work/merge-r03-00000.hdt'"'"'; else { time -p bash -lc '"'"'set -euo pipefail; rm -f /data/work/merge-r03-00000.hdt; HDTCAT_BIN="${HDTCAT_BIN:-}"; if [[ -z "$HDTCAT_BIN" ]]; then for candidate in hdtCat hdtCat.sh HDTCat HDTCat.sh /opt/hdt-java/bin/hdtCat /opt/hdt-java/bin/hdtCat.sh /usr/local/bin/hdtCat /usr/local/bin/hdtCat.sh; do if [[ "$candidate" == */* ]]; then [[ -x "$candidate" ]] && HDTCAT_BIN="$candidate" && break; else resolved="$(command -v "$candidate" || true)"; [[ -n "$resolved" && -x "$resolved" ]] && HDTCAT_BIN="$resolved" && break; fi; done; fi; if [[ -z "$HDTCAT_BIN" || ! -x "$HDTCAT_BIN" ]]; then echo '"'"'"'"'"'"'"'"'Missing HDTCat binary in container'"'"'"'"'"'"'"'"' >&2; exit 127; fi; "$HDTCAT_BIN" /data/work/merge-r02-00000.hdt /data/work/merge-r02-00001.hdt /data/work/merge-r03-00000.hdt'"'"'; } > /data/work/.hdt-merge-r03-00000.time 2>&1; fi'
[INFO] Welcome to hdtCat!
[INFO] This tool was developed by Dennis Diefenbach and Jośe M. Giḿenez-Garćıa
[INFO] Cat /data/work/merge-r02-00000.hdt, /data/work/merge-r02-00001.hdt to /data/work/merge-r03-00000.hdt
Generating dictionary	0.0                            Generate predicates: start	0.0                            Generate predicates: Analyze section predicate 	0.0                            Generate subjects: start	0.0                            Generate subjects: Analyze section subject 	0.0                            Generate subjects: Analyze section subject 	3.6608555                            Generate subjects: Analyze section subject 	7.321711                            Generate subjects: Analyze section subject 	10.982566                            Generate subjects: Analyze section subject 	14.643422                            Generate subjects: Analyze section subject 	18.304277                            Generate subjects: Analyze section subject 	21.965132                            Generate subjects: Analyze section subject 	25.625988                            Generate subjects: Analyze section subject 	29.286844                            Generate subjects: Analyze section subject 	32.9477                            Generate subjects: Analyze section subject 	36.608555                            Generate subjects: Analyze section subject 	40.26941                            Generate subjects: Analyze section subject 	43.930264                            Generate subjects: Analyze section subject 	47.59112                            Generate subjects: Analyze section subject 	51.251976                            Generate subjects: Analyze section subject 	54.91283                            Generate subjects: Analyze section subject 	58.57369                            Generate subjects: Analyze section subject 	62.234543                            Generate subjects: Analyze section subject 	65.8954                            Generate subjects: Analyze section subject 	69.55625                            Generate subjects: Analyze section subject 	73.21711                            Generate subjects: Analyze section subject 	76.87796                            Generate subjects: Analyze section subject 	80.53882                            Generate subjects: Analyze section subject 	84.19968                            Generate subjects: Analyze section subject 	87.86053                            Generate subjects: Analyze section subject 	91.521385                            Generate subjects: Analyze section subject 	95.18224                            Generate subjects: Analyze section subject 	98.843094                            Generate objects: start	0.0                            Generate objects: Analyze section object 	0.0                            Generate objects: Analyze section object 	8.52704                            Generate objects: Analyze section object 	17.05408                            Generate objects: Analyze section object 	25.581118                            Generate objects: Analyze section object 	34.10816                            Generate objects: Analyze section object 	42.635197                            Generate objects: Analyze section object 	51.162235                            Generate objects: Analyze section object 	59.689274                            Generate objects: Analyze section object 	68.21632                            Generate objects: Analyze section object 	76.743355                            Generate objects: Analyze section object 	85.27039                            Generate objects: Analyze section object 	93.79743                            Generate shared: start	0.0                            Generate shared: Analyze section  	0.0                            Generate shared: Analyze section  	1.4204961                            Generate shared: Analyze section  	2.8409922                            Generate shared: Analyze section  	4.2614884                            Generate shared: Analyze section  	5.6819844                            Generate shared: Analyze section  	7.1024804                            Generate shared: Analyze section  	8.522977                            Generate shared: Analyze section  	9.943473                            Generate shared: Analyze section  	11.363969                            Generate shared: Analyze section  	12.784465                            Generate shared: Analyze section  	14.204961                            Generate shared: Analyze section  	15.625457                            Generate shared: Analyze section  	17.045954                            Generate shared: Analyze section  	18.46645                            Generate shared: Analyze section  	19.886946                            Generate shared: Analyze section  	21.307442                            Generate shared: Analyze section  	22.727938                            Generate shared: Analyze section  	24.148434                            Generate shared: Analyze section  	25.56893                            Generate shared: Analyze section  	26.989426                            Generate shared: Analyze section  	28.409922                            Generate shared: Analyze section  	29.830418                            Generate shared: Analyze section  	31.250914                            Generate shared: Analyze section  	32.67141                            Generate shared: Analyze section  	34.091908                            Generate shared: Analyze section  	35.5124                            Generate shared: Analyze section  	36.9329                            Generate shared: Analyze section  	38.353394                            Generate shared: Analyze section  	39.77389                            Generate shared: Analyze section  	41.194386                            Generate shared: Analyze section  	42.614883                            Generate shared: Analyze section  	44.03538                            Generate shared: Analyze section  	45.455875                            Generate shared: Analyze section  	46.876373                            Generate shared: Analyze section  	48.296867                            Generate shared: Analyze section  	49.717365                            Generate shared: Analyze section  	51.13786                            Generate shared: Analyze section  	52.558357                            Generate shared: Analyze section  	53.97885                            Generate shared: Analyze section  	55.39935                            Generate shared: Analyze section  	56.819843                            Generate shared: Analyze section  	58.24034                            Generate shared: Analyze section  	59.660835                            Generate shared: Analyze section  	61.081333                            Generate shared: Analyze section  	62.501827                            Generate shared: Analyze section  	63.922325                            Generate shared: Analyze section  	65.34282                            Generate shared: Analyze section  	66.76332                            Generate shared: Analyze section  	68.183815                            Generate shared: Analyze section  	69.60431                            Generate shared: Analyze section  	71.0248                            Generate shared: Analyze section  	72.445305                            Generate shared: Analyze section  	73.8658                            Generate shared: Analyze section  	75.28629                            Generate shared: Analyze section  	76.70679                            Generate shared: Analyze section  	78.12729                            Generate shared: Analyze section  	79.54778                            Generate shared: Analyze section  	80.96828                            Generate shared: Analyze section  	82.38877                            Generate shared: Analyze section  	83.80927                            Generate shared: Analyze section  	85.22977                            Generate shared: Analyze section  	86.65026                            Generate shared: Analyze section  	88.07076                            Generate shared: Analyze section  	89.49126                            Generate shared: Analyze section  	90.91175                            Generate shared: Analyze section  	92.332245                            Generate shared: Analyze section  	93.75275                            Generate shared: Analyze section  	95.17324                            Generate shared: Analyze section  	96.593735                            Generate shared: Analyze section  	98.01423                            Generate shared: Analyze section  	99.43473                            Generating triples	0.0                            Converting to BitmapTriples	0.0                            Converting to BitmapTriples	0.35487083                            Converting to BitmapTriples	0.70974165                            Converting to BitmapTriples	1.0646125                            Converting to BitmapTriples	1.4194833                            Converting to BitmapTriples	1.7743541                            Converting to BitmapTriples	2.129225                            Converting to BitmapTriples	2.4840958                            Converting to BitmapTriples	2.8389666                            Converting to BitmapTriples	3.1938374                            Converting to BitmapTriples	3.5487082                            Converting to BitmapTriples	3.903579                            Converting to BitmapTriples	4.25845                            Converting to BitmapTriples	4.613321                            Converting to BitmapTriples	4.9681916                            Converting to BitmapTriples	5.3230624                            Converting to BitmapTriples	5.677933                            Converting to BitmapTriples	6.032804                            Converting to BitmapTriples	6.387675                            Converting to BitmapTriples	6.7425456                            Converting to BitmapTriples	7.0974164                            Converting to BitmapTriples	7.452287                            Converting to BitmapTriples	7.807158                            Converting to BitmapTriples	8.162029                            Converting to BitmapTriples	8.5169                            Converting to BitmapTriples	8.871771                            Converting to BitmapTriples	9.226642                            Converting to BitmapTriples	9.581512                            Converting to BitmapTriples	9.936383                            Converting to BitmapTriples	10.291254                            Converting to BitmapTriples	10.646125                            Converting to BitmapTriples	11.000996                            Converting to BitmapTriples	11.355866                            Converting to BitmapTriples	11.710737                            Converting to BitmapTriples	12.065608                            Converting to BitmapTriples	12.420479                            Converting to BitmapTriples	12.77535                            Converting to BitmapTriples	13.13022                            Converting to BitmapTriples	13.485091                            Converting to BitmapTriples	13.839962                            Converting to BitmapTriples	14.194833                            Converting to BitmapTriples	14.549704                            Converting to BitmapTriples	14.904574                            Converting to BitmapTriples	15.259445                            Converting to BitmapTriples	15.614316                            Converting to BitmapTriples	15.969187                            Converting to BitmapTriples	16.324059                            Converting to BitmapTriples	16.678928                            Converting to BitmapTriples	17.0338                            Converting to BitmapTriples	17.38867                            Converting to BitmapTriples	17.743542                            Converting to BitmapTriples	18.098412                            Converting to BitmapTriples	18.453283                            Converting to BitmapTriples	18.808153                            Converting to BitmapTriples	19.163025                            Converting to BitmapTriples	19.517895                            Converting to BitmapTriples	19.872766                            Converting to BitmapTriples	20.227636                            Converting to BitmapTriples	20.582508                            Converting to BitmapTriples	20.937378                            Converting to BitmapTriples	21.29225                            Converting to BitmapTriples	21.64712                            Converting to BitmapTriples	22.001991                            Converting to BitmapTriples	22.356861                            Converting to BitmapTriples	22.711733                            Converting to BitmapTriples	23.066603                            Converting to BitmapTriples	23.421474                            Converting to BitmapTriples	23.776344                            Converting to BitmapTriples	24.131216                            Converting to BitmapTriples	24.486086                            Converting to BitmapTriples	24.840958                            Converting to BitmapTriples	25.195827                            Converting to BitmapTriples	25.5507                            Converting to BitmapTriples	25.90557                            Converting to BitmapTriples	26.26044                            Converting to BitmapTriples	26.615313                            Converting to BitmapTriples	26.970182                            Converting to BitmapTriples	27.325054                            Converting to BitmapTriples	27.679924                            Converting to BitmapTriples	28.034796                            Converting to BitmapTriples	28.389666                            Converting to BitmapTriples	28.744537                            Converting to BitmapTriples	29.099407                            Converting to BitmapTriples	29.454279                            Converting to BitmapTriples	29.809149                            Converting to BitmapTriples	30.16402                            Converting to BitmapTriples	30.51889                            Converting to BitmapTriples	30.873762                            Converting to BitmapTriples	31.228632                            Converting to BitmapTriples	31.583504                            Converting to BitmapTriples	31.938374                            Converting to BitmapTriples	32.293243                            Converting to BitmapTriples	32.648117                            Converting to BitmapTriples	33.002987                            Converting to BitmapTriples	33.357857                            Converting to BitmapTriples	33.712727                            Converting to BitmapTriples	34.0676                            Converting to BitmapTriples	34.42247                            Converting to BitmapTriples	34.77734                            Converting to BitmapTriples	35.13221                            Converting to BitmapTriples	35.487083                            Converting to BitmapTriples	35.841953                            Converting to BitmapTriples	36.196823                            Converting to BitmapTriples	36.551693                            Converting to BitmapTriples	36.906567                            Converting to BitmapTriples	37.261436                            Converting to BitmapTriples	37.616306                            Converting to BitmapTriples	37.971176                            Converting to BitmapTriples	38.32605                            Converting to BitmapTriples	38.68092                            Converting to BitmapTriples	39.03579                            Converting to BitmapTriples	39.390663                            Converting to BitmapTriples	39.745533                            Converting to BitmapTriples	40.100403                            Converting to BitmapTriples	40.455273                            Converting to BitmapTriples	40.810146                            Converting to BitmapTriples	41.165016                            Converting to BitmapTriples	41.519886                            Converting to BitmapTriples	41.874756                            Converting to BitmapTriples	42.22963                            Converting to BitmapTriples	42.5845                            Converting to BitmapTriples	42.93937                            Converting to BitmapTriples	43.29424                            Converting to BitmapTriples	43.649113                            Converting to BitmapTriples	44.003983                            Converting to BitmapTriples	44.358852                            Converting to BitmapTriples	44.713722                            Converting to BitmapTriples	45.068596                            Converting to BitmapTriples	45.423466                            Converting to BitmapTriples	45.778336                            Converting to BitmapTriples	46.133205                            Converting to BitmapTriples	46.48808                            Converting to BitmapTriples	46.84295                            Converting to BitmapTriples	47.19782                            Converting to BitmapTriples	47.55269                            Converting to BitmapTriples	47.907562                            Converting to BitmapTriples	48.262432                            Converting to BitmapTriples	48.617302                            Converting to BitmapTriples	48.97217                            Converting to BitmapTriples	49.327045                            Converting to BitmapTriples	49.681915                            Converting to BitmapTriples	50.036785                            Converting to BitmapTriples	50.391655                            Converting to BitmapTriples	50.74653                            Converting to BitmapTriples	51.1014                            Converting to BitmapTriples	51.45627                            Converting to BitmapTriples	51.81114                            Converting to BitmapTriples	52.16601                            Converting to BitmapTriples	52.52088                            Converting to BitmapTriples	52.87575                            Converting to BitmapTriples	53.230625                            Converting to BitmapTriples	53.585495                            Converting to BitmapTriples	53.940365                            Converting to BitmapTriples	54.295235                            Converting to BitmapTriples	54.65011                            Converting to BitmapTriples	55.00498                            Converting to BitmapTriples	55.359848                            Converting to BitmapTriples	55.714718                            Converting to BitmapTriples	56.06959                            Converting to BitmapTriples	56.42446                            Converting to BitmapTriples	56.77933                            Converting to BitmapTriples	57.1342                            Converting to BitmapTriples	57.489075                            Converting to BitmapTriples	57.843945                            Converting to BitmapTriples	58.198814                            Converting to BitmapTriples	58.553684                            Converting to BitmapTriples	58.908558                            Converting to BitmapTriples	59.263428                            Converting to BitmapTriples	59.618298                            Converting to BitmapTriples	59.973167                            Converting to BitmapTriples	60.32804                            Converting to BitmapTriples	60.68291                            Converting to BitmapTriples	61.03778                            Converting to BitmapTriples	61.39265                            Converting to BitmapTriples	61.747524                            Converting to BitmapTriples	62.102394                            Converting to BitmapTriples	62.457264                            Converting to BitmapTriples	62.812134                            Converting to BitmapTriples	63.167007                            Converting to BitmapTriples	63.521877                            Converting to BitmapTriples	63.876747                            Converting to BitmapTriples	64.23162                            Converting to BitmapTriples	64.58649                            Converting to BitmapTriples	64.94136                            Converting to BitmapTriples	65.296234                            Converting to BitmapTriples	65.6511                            Converting to BitmapTriples	66.005974                            Converting to BitmapTriples	66.36085                            Converting to BitmapTriples	66.71571                            Converting to BitmapTriples	67.07059                            Converting to BitmapTriples	67.42545                            Converting to BitmapTriples	67.78033                            Converting to BitmapTriples	68.1352                            Converting to BitmapTriples	68.49007                            Converting to BitmapTriples	68.84494                            Converting to BitmapTriples	69.199814                            Converting to BitmapTriples	69.55468                            Converting to BitmapTriples	69.90955                            Converting to BitmapTriples	70.26442                            Converting to BitmapTriples	70.61929                            Converting to BitmapTriples	70.97417                            Converting to BitmapTriples	71.32903                            Converting to BitmapTriples	71.68391                            Converting to BitmapTriples	72.03878                            Converting to BitmapTriples	72.39365                            Converting to BitmapTriples	72.74852                            Converting to BitmapTriples	73.103386                            Converting to BitmapTriples	73.45826                            Converting to BitmapTriples	73.81313                            Converting to BitmapTriples	74.168                            Converting to BitmapTriples	74.52287                            Converting to BitmapTriples	74.87775                            Converting to BitmapTriples	75.23261                            Converting to BitmapTriples	75.58749                            Converting to BitmapTriples	75.94235                            Converting to BitmapTriples	76.29723                            Converting to BitmapTriples	76.6521                            Converting to BitmapTriples	77.006966                            Converting to BitmapTriples	77.36184                            Converting to BitmapTriples	77.71671                            Converting to BitmapTriples	78.07158                            Converting to BitmapTriples	78.426445                            Converting to BitmapTriples	78.78133                            Converting to BitmapTriples	79.1362                            Converting to BitmapTriples	79.491066                            Converting to BitmapTriples	79.84593                            Converting to BitmapTriples	80.200806                            Converting to BitmapTriples	80.55568                            Converting to BitmapTriples	80.910545                            Converting to BitmapTriples	81.26541                            Converting to BitmapTriples	81.62029                            Converting to BitmapTriples	81.97517                            Converting to BitmapTriples	82.33003                            Converting to BitmapTriples	82.6849                            Converting to BitmapTriples	83.03977                            Converting to BitmapTriples	83.394646                            Converting to BitmapTriples	83.74951                            Converting to BitmapTriples	84.10438                            Converting to BitmapTriples	84.45926                            Converting to BitmapTriples	84.81413                            Converting to BitmapTriples	85.169                            Converting to BitmapTriples	85.523865                            Converting to BitmapTriples	85.87874                            Converting to BitmapTriples	86.23361                            Converting to BitmapTriples	86.58848                            Converting to BitmapTriples	86.943344                            Converting to BitmapTriples	87.298225                            Converting to BitmapTriples	87.6531                            Converting to BitmapTriples	88.007965                            Converting to BitmapTriples	88.36283                            Converting to BitmapTriples	88.717705                            Converting to BitmapTriples	89.07258                            Converting to BitmapTriples	89.427444                            Converting to BitmapTriples	89.78231                            Converting to BitmapTriples	90.13719                            Converting to BitmapTriples	90.492065                            Converting to BitmapTriples	90.84693                            Converting to BitmapTriples	91.2018                            Converting to BitmapTriples	91.55667                            Converting to BitmapTriples	91.911545                            Converting to BitmapTriples	92.26641                            Converting to BitmapTriples	92.62128                            Converting to BitmapTriples	92.97616                            Converting to BitmapTriples	93.33103                            Converting to BitmapTriples	93.6859                            Converting to BitmapTriples	94.040764                            Converting to BitmapTriples	94.39564                            Converting to BitmapTriples	94.75051                            Converting to BitmapTriples	95.10538                            Converting to BitmapTriples	95.46024                            Converting to BitmapTriples	95.815125                            Converting to BitmapTriples	96.17                            Converting to BitmapTriples	96.524864                            Converting to BitmapTriples	96.87973                            Converting to BitmapTriples	97.234604                            Converting to BitmapTriples	97.58948                            Converting to BitmapTriples	97.94434                            Converting to BitmapTriples	98.29921                            Converting to BitmapTriples	98.65409                            Converting to BitmapTriples	99.008965                            Converting to BitmapTriples	99.36383                            Converting to BitmapTriples	99.7187                            Generating header	0.0                            Files cat in .......... 1 min 24 sec 618 ms 997 us
Total Triples ......... 28179267
Different subjects .... 9771396
Different predicates .. 22
Different objects ..... 8212534
Common Subject/Object . 7039794
HDT saved to file in .. 737 ms 609 us
[exit 0]

[2026-08-17T23:05:46] $ docker run --rm --user 1000:1000 -v /home/ubuntu/vcf-rdfizer-expts/vcf-rdfizer-testing/testing-results/0GOOR_HG002/.hdt_partitioned:/data/work -v /home/ubuntu/vcf-rdfizer-expts/vcf-rdfizer-testing/testing-results/0GOOR_HG002:/data/out ecrum19/vcf-rdfizer:latest bash -lc 'set -euo pipefail; rm -f /data/work/.hdt-merge-r03-00001.time; if [[ -x /usr/bin/time ]] && /usr/bin/time --version >/dev/null 2>&1; then /usr/bin/time -v -o /data/work/.hdt-merge-r03-00001.time -- bash -lc '"'"'set -euo pipefail; rm -f /data/work/merge-r03-00001.hdt; HDTCAT_BIN="${HDTCAT_BIN:-}"; if [[ -z "$HDTCAT_BIN" ]]; then for candidate in hdtCat hdtCat.sh HDTCat HDTCat.sh /opt/hdt-java/bin/hdtCat /opt/hdt-java/bin/hdtCat.sh /usr/local/bin/hdtCat /usr/local/bin/hdtCat.sh; do if [[ "$candidate" == */* ]]; then [[ -x "$candidate" ]] && HDTCAT_BIN="$candidate" && break; else resolved="$(command -v "$candidate" || true)"; [[ -n "$resolved" && -x "$resolved" ]] && HDTCAT_BIN="$resolved" && break; fi; done; fi; if [[ -z "$HDTCAT_BIN" || ! -x "$HDTCAT_BIN" ]]; then echo '"'"'"'"'"'"'"'"'Missing HDTCat binary in container'"'"'"'"'"'"'"'"' >&2; exit 127; fi; "$HDTCAT_BIN" /data/work/merge-r02-00002.hdt /data/work/merge-r02-00003.hdt /data/work/merge-r03-00001.hdt'"'"'; else { time -p bash -lc '"'"'set -euo pipefail; rm -f /data/work/merge-r03-00001.hdt; HDTCAT_BIN="${HDTCAT_BIN:-}"; if [[ -z "$HDTCAT_BIN" ]]; then for candidate in hdtCat hdtCat.sh HDTCat HDTCat.sh /opt/hdt-java/bin/hdtCat /opt/hdt-java/bin/hdtCat.sh /usr/local/bin/hdtCat /usr/local/bin/hdtCat.sh; do if [[ "$candidate" == */* ]]; then [[ -x "$candidate" ]] && HDTCAT_BIN="$candidate" && break; else resolved="$(command -v "$candidate" || true)"; [[ -n "$resolved" && -x "$resolved" ]] && HDTCAT_BIN="$resolved" && break; fi; done; fi; if [[ -z "$HDTCAT_BIN" || ! -x "$HDTCAT_BIN" ]]; then echo '"'"'"'"'"'"'"'"'Missing HDTCat binary in container'"'"'"'"'"'"'"'"' >&2; exit 127; fi; "$HDTCAT_BIN" /data/work/merge-r02-00002.hdt /data/work/merge-r02-00003.hdt /data/work/merge-r03-00001.hdt'"'"'; } > /data/work/.hdt-merge-r03-00001.time 2>&1; fi'
[INFO] Welcome to hdtCat!
[INFO] This tool was developed by Dennis Diefenbach and Jośe M. Giḿenez-Garćıa
[INFO] Cat /data/work/merge-r02-00002.hdt, /data/work/merge-r02-00003.hdt to /data/work/merge-r03-00001.hdt
Generating dictionary	0.0                            Generate predicates: start	0.0                            Generate predicates: Analyze section predicate 	0.0                            Generate subjects: start	0.0                            Generate subjects: Analyze section subject 	0.0                            Generate subjects: Analyze section subject 	4.739325                            Generate subjects: Analyze section subject 	9.47865                            Generate subjects: Analyze section subject 	14.217976                            Generate subjects: Analyze section subject 	18.9573                            Generate subjects: Analyze section subject 	23.696627                            Generate subjects: Analyze section subject 	28.435951                            Generate subjects: Analyze section subject 	33.175278                            Generate subjects: Analyze section subject 	37.9146                            Generate subjects: Analyze section subject 	42.653927                            Generate subjects: Analyze section subject 	47.393253                            Generate subjects: Analyze section subject 	52.132576                            Generate subjects: Analyze section subject 	56.871902                            Generate subjects: Analyze section subject 	61.61123                            Generate subjects: Analyze section subject 	66.350555                            Generate subjects: Analyze section subject 	71.08988                            Generate subjects: Analyze section subject 	75.8292                            Generate subjects: Analyze section subject 	80.56853                            Generate subjects: Analyze section subject 	85.30785                            Generate subjects: Analyze section subject 	90.04718                            Generate subjects: Analyze section subject 	94.78651                            Generate subjects: Analyze section subject 	99.52583                            Generate objects: start	0.0                            Generate objects: Analyze section object 	0.0                            Generate objects: Analyze section object 	9.088092                            Generate objects: Analyze section object 	18.176184                            Generate objects: Analyze section object 	27.264275                            Generate objects: Analyze section object 	36.352367                            Generate objects: Analyze section object 	45.44046                            Generate objects: Analyze section object 	54.52855                            Generate objects: Analyze section object 	63.616642                            Generate objects: Analyze section object 	72.704735                            Generate objects: Analyze section object 	81.79282                            Generate objects: Analyze section object 	90.88092                            Generate objects: Analyze section object 	99.96901                            Generate shared: start	0.0                            Generate shared: Analyze section  	0.0                            Generate shared: Analyze section  	1.4162519                            Generate shared: Analyze section  	2.8325038                            Generate shared: Analyze section  	4.2487555                            Generate shared: Analyze section  	5.6650076                            Generate shared: Analyze section  	7.0812593                            Generate shared: Analyze section  	8.497511                            Generate shared: Analyze section  	9.913763                            Generate shared: Analyze section  	11.330015                            Generate shared: Analyze section  	12.746266                            Generate shared: Analyze section  	14.1625185                            Generate shared: Analyze section  	15.578771                            Generate shared: Analyze section  	16.995022                            Generate shared: Analyze section  	18.411274                            Generate shared: Analyze section  	19.827526                            Generate shared: Analyze section  	21.243778                            Generate shared: Analyze section  	22.66003                            Generate shared: Analyze section  	24.076283                            Generate shared: Analyze section  	25.492533                            Generate shared: Analyze section  	26.908785                            Generate shared: Analyze section  	28.325037                            Generate shared: Analyze section  	29.74129                            Generate shared: Analyze section  	31.157541                            Generate shared: Analyze section  	32.57379                            Generate shared: Analyze section  	33.990044                            Generate shared: Analyze section  	35.406296                            Generate shared: Analyze section  	36.822548                            Generate shared: Analyze section  	38.2388                            Generate shared: Analyze section  	39.655052                            Generate shared: Analyze section  	41.071304                            Generate shared: Analyze section  	42.487556                            Generate shared: Analyze section  	43.90381                            Generate shared: Analyze section  	45.32006                            Generate shared: Analyze section  	46.736313                            Generate shared: Analyze section  	48.152565                            Generate shared: Analyze section  	49.568813                            Generate shared: Analyze section  	50.985065                            Generate shared: Analyze section  	52.401318                            Generate shared: Analyze section  	53.81757                            Generate shared: Analyze section  	55.23382                            Generate shared: Analyze section  	56.650074                            Generate shared: Analyze section  	58.066326                            Generate shared: Analyze section  	59.48258                            Generate shared: Analyze section  	60.89883                            Generate shared: Analyze section  	62.315083                            Generate shared: Analyze section  	63.731335                            Generate shared: Analyze section  	65.14758                            Generate shared: Analyze section  	66.563835                            Generate shared: Analyze section  	67.98009                            Generate shared: Analyze section  	69.39634                            Generate shared: Analyze section  	70.81259                            Generate shared: Analyze section  	72.22884                            Generate shared: Analyze section  	73.645096                            Generate shared: Analyze section  	75.06135                            Generate shared: Analyze section  	76.4776                            Generate shared: Analyze section  	77.89385                            Generate shared: Analyze section  	79.310104                            Generate shared: Analyze section  	80.72636                            Generate shared: Analyze section  	82.14261                            Generate shared: Analyze section  	83.55886                            Generate shared: Analyze section  	84.97511                            Generate shared: Analyze section  	86.391365                            Generate shared: Analyze section  	87.80762                            Generate shared: Analyze section  	89.22387                            Generate shared: Analyze section  	90.64012                            Generate shared: Analyze section  	92.05637                            Generate shared: Analyze section  	93.472626                            Generate shared: Analyze section  	94.88888                            Generate shared: Analyze section  	96.30513                            Generate shared: Analyze section  	97.721375                            Generate shared: Analyze section  	99.13763                            Generating triples	0.0                            Converting to BitmapTriples	0.0                            Converting to BitmapTriples	0.3611581                            Converting to BitmapTriples	0.7223162                            Converting to BitmapTriples	1.0834743                            Converting to BitmapTriples	1.4446324                            Converting to BitmapTriples	1.8057905                            Converting to BitmapTriples	2.1669486                            Converting to BitmapTriples	2.5281067                            Converting to BitmapTriples	2.8892648                            Converting to BitmapTriples	3.250423                            Converting to BitmapTriples	3.611581                            Converting to BitmapTriples	3.9727392                            Converting to BitmapTriples	4.333897                            Converting to BitmapTriples	4.6950555                            Converting to BitmapTriples	5.0562134                            Converting to BitmapTriples	5.4173717                            Converting to BitmapTriples	5.7785296                            Converting to BitmapTriples	6.139688                            Converting to BitmapTriples	6.500846                            Converting to BitmapTriples	6.8620043                            Converting to BitmapTriples	7.223162                            Converting to BitmapTriples	7.58432                            Converting to BitmapTriples	7.9454784                            Converting to BitmapTriples	8.306637                            Converting to BitmapTriples	8.667794                            Converting to BitmapTriples	9.028953                            Converting to BitmapTriples	9.390111                            Converting to BitmapTriples	9.751269                            Converting to BitmapTriples	10.112427                            Converting to BitmapTriples	10.473585                            Converting to BitmapTriples	10.8347435                            Converting to BitmapTriples	11.195902                            Converting to BitmapTriples	11.557059                            Converting to BitmapTriples	11.918218                            Converting to BitmapTriples	12.279376                            Converting to BitmapTriples	12.640533                            Converting to BitmapTriples	13.001692                            Converting to BitmapTriples	13.36285                            Converting to BitmapTriples	13.724009                            Converting to BitmapTriples	14.085166                            Converting to BitmapTriples	14.446324                            Converting to BitmapTriples	14.807483                            Converting to BitmapTriples	15.16864                            Converting to BitmapTriples	15.5297985                            Converting to BitmapTriples	15.890957                            Converting to BitmapTriples	16.252115                            Converting to BitmapTriples	16.613274                            Converting to BitmapTriples	16.974432                            Converting to BitmapTriples	17.335588                            Converting to BitmapTriples	17.696747                            Converting to BitmapTriples	18.057905                            Converting to BitmapTriples	18.419064                            Converting to BitmapTriples	18.780222                            Converting to BitmapTriples	19.14138                            Converting to BitmapTriples	19.502539                            Converting to BitmapTriples	19.863695                            Converting to BitmapTriples	20.224854                            Converting to BitmapTriples	20.586012                            Converting to BitmapTriples	20.94717                            Converting to BitmapTriples	21.308329                            Converting to BitmapTriples	21.669487                            Converting to BitmapTriples	22.030645                            Converting to BitmapTriples	22.391804                            Converting to BitmapTriples	22.75296                            Converting to BitmapTriples	23.114119                            Converting to BitmapTriples	23.475277                            Converting to BitmapTriples	23.836435                            Converting to BitmapTriples	24.197594                            Converting to BitmapTriples	24.558752                            Converting to BitmapTriples	24.91991                            Converting to BitmapTriples	25.281067                            Converting to BitmapTriples	25.642225                            Converting to BitmapTriples	26.003384                            Converting to BitmapTriples	26.364542                            Converting to BitmapTriples	26.7257                            Converting to BitmapTriples	27.086859                            Converting to BitmapTriples	27.448017                            Converting to BitmapTriples	27.809174                            Converting to BitmapTriples	28.170332                            Converting to BitmapTriples	28.53149                            Converting to BitmapTriples	28.892649                            Converting to BitmapTriples	29.253807                            Converting to BitmapTriples	29.614965                            Converting to BitmapTriples	29.976124                            Converting to BitmapTriples	30.33728                            Converting to BitmapTriples	30.698439                            Converting to BitmapTriples	31.059597                            Converting to BitmapTriples	31.420755                            Converting to BitmapTriples	31.781914                            Converting to BitmapTriples	32.14307                            Converting to BitmapTriples	32.50423                            Converting to BitmapTriples	32.865387                            Converting to BitmapTriples	33.226547                            Converting to BitmapTriples	33.587704                            Converting to BitmapTriples	33.948864                            Converting to BitmapTriples	34.31002                            Converting to BitmapTriples	34.671177                            Converting to BitmapTriples	35.032337                            Converting to BitmapTriples	35.393494                            Converting to BitmapTriples	35.754654                            Converting to BitmapTriples	36.11581                            Converting to BitmapTriples	36.47697                            Converting to BitmapTriples	36.838127                            Converting to BitmapTriples	37.199284                            Converting to BitmapTriples	37.560444                            Converting to BitmapTriples	37.9216                            Converting to BitmapTriples	38.28276                            Converting to BitmapTriples	38.643917                            Converting to BitmapTriples	39.005077                            Converting to BitmapTriples	39.366234                            Converting to BitmapTriples	39.72739                            Converting to BitmapTriples	40.08855                            Converting to BitmapTriples	40.449707                            Converting to BitmapTriples	40.810867                            Converting to BitmapTriples	41.172024                            Converting to BitmapTriples	41.533184                            Converting to BitmapTriples	41.89434                            Converting to BitmapTriples	42.255497                            Converting to BitmapTriples	42.616657                            Converting to BitmapTriples	42.977814                            Converting to BitmapTriples	43.338974                            Converting to BitmapTriples	43.70013                            Converting to BitmapTriples	44.06129                            Converting to BitmapTriples	44.422447                            Converting to BitmapTriples	44.783607                            Converting to BitmapTriples	45.144764                            Converting to BitmapTriples	45.50592                            Converting to BitmapTriples	45.86708                            Converting to BitmapTriples	46.228237                            Converting to BitmapTriples	46.589397                            Converting to BitmapTriples	46.950554                            Converting to BitmapTriples	47.311714                            Converting to BitmapTriples	47.67287                            Converting to BitmapTriples	48.034027                            Converting to BitmapTriples	48.395187                            Converting to BitmapTriples	48.756344                            Converting to BitmapTriples	49.117504                            Converting to BitmapTriples	49.47866                            Converting to BitmapTriples	49.83982                            Converting to BitmapTriples	50.200977                            Converting to BitmapTriples	50.562134                            Converting to BitmapTriples	50.923294                            Converting to BitmapTriples	51.28445                            Converting to BitmapTriples	51.64561                            Converting to BitmapTriples	52.006767                            Converting to BitmapTriples	52.367928                            Converting to BitmapTriples	52.729084                            Converting to BitmapTriples	53.09024                            Converting to BitmapTriples	53.4514                            Converting to BitmapTriples	53.812557                            Converting to BitmapTriples	54.173717                            Converting to BitmapTriples	54.534874                            Converting to BitmapTriples	54.896034                            Converting to BitmapTriples	55.25719                            Converting to BitmapTriples	55.618347                            Converting to BitmapTriples	55.979507                            Converting to BitmapTriples	56.340664                            Converting to BitmapTriples	56.701824                            Converting to BitmapTriples	57.06298                            Converting to BitmapTriples	57.42414                            Converting to BitmapTriples	57.785297                            Converting to BitmapTriples	58.146454                            Converting to BitmapTriples	58.507614                            Converting to BitmapTriples	58.86877                            Converting to BitmapTriples	59.22993                            Converting to BitmapTriples	59.591087                            Converting to BitmapTriples	59.952248                            Converting to BitmapTriples	60.313404                            Converting to BitmapTriples	60.67456                            Converting to BitmapTriples	61.03572                            Converting to BitmapTriples	61.396877                            Converting to BitmapTriples	61.758038                            Converting to BitmapTriples	62.119194                            Converting to BitmapTriples	62.480354                            Converting to BitmapTriples	62.84151                            Converting to BitmapTriples	63.20267                            Converting to BitmapTriples	63.563828                            Converting to BitmapTriples	63.924984                            Converting to BitmapTriples	64.28614                            Converting to BitmapTriples	64.6473                            Converting to BitmapTriples	65.00846                            Converting to BitmapTriples	65.36962                            Converting to BitmapTriples	65.730774                            Converting to BitmapTriples	66.091934                            Converting to BitmapTriples	66.453094                            Converting to BitmapTriples	66.81425                            Converting to BitmapTriples	67.17541                            Converting to BitmapTriples	67.53657                            Converting to BitmapTriples	67.89773                            Converting to BitmapTriples	68.25888                            Converting to BitmapTriples	68.62004                            Converting to BitmapTriples	68.9812                            Converting to BitmapTriples	69.342354                            Converting to BitmapTriples	69.703514                            Converting to BitmapTriples	70.064674                            Converting to BitmapTriples	70.425835                            Converting to BitmapTriples	70.78699                            Converting to BitmapTriples	71.14815                            Converting to BitmapTriples	71.50931                            Converting to BitmapTriples	71.87046                            Converting to BitmapTriples	72.23162                            Converting to BitmapTriples	72.59278                            Converting to BitmapTriples	72.95394                            Converting to BitmapTriples	73.315094                            Converting to BitmapTriples	73.676254                            Converting to BitmapTriples	74.037415                            Converting to BitmapTriples	74.39857                            Converting to BitmapTriples	74.75973                            Converting to BitmapTriples	75.12089                            Converting to BitmapTriples	75.48205                            Converting to BitmapTriples	75.8432                            Converting to BitmapTriples	76.20436                            Converting to BitmapTriples	76.56552                            Converting to BitmapTriples	76.926674                            Converting to BitmapTriples	77.287834                            Converting to BitmapTriples	77.648994                            Converting to BitmapTriples	78.010155                            Converting to BitmapTriples	78.37131                            Converting to BitmapTriples	78.73247                            Converting to BitmapTriples	79.09363                            Converting to BitmapTriples	79.45478                            Converting to BitmapTriples	79.81594                            Converting to BitmapTriples	80.1771                            Converting to BitmapTriples	80.53826                            Converting to BitmapTriples	80.899414                            Converting to BitmapTriples	81.26057                            Converting to BitmapTriples	81.621735                            Converting to BitmapTriples	81.982895                            Converting to BitmapTriples	82.34405                            Converting to BitmapTriples	82.7052                            Converting to BitmapTriples	83.06637                            Converting to BitmapTriples	83.42753                            Converting to BitmapTriples	83.78868                            Converting to BitmapTriples	84.14983                            Converting to BitmapTriples	84.510994                            Converting to BitmapTriples	84.87216                            Converting to BitmapTriples	85.233315                            Converting to BitmapTriples	85.59447                            Converting to BitmapTriples	85.95563                            Converting to BitmapTriples	86.316795                            Converting to BitmapTriples	86.67795                            Converting to BitmapTriples	87.0391                            Converting to BitmapTriples	87.40026                            Converting to BitmapTriples	87.76143                            Converting to BitmapTriples	88.12258                            Converting to BitmapTriples	88.483734                            Converting to BitmapTriples	88.844894                            Converting to BitmapTriples	89.206055                            Converting to BitmapTriples	89.567215                            Converting to BitmapTriples	89.92837                            Converting to BitmapTriples	90.28953                            Converting to BitmapTriples	90.65069                            Converting to BitmapTriples	91.01184                            Converting to BitmapTriples	91.37299                            Converting to BitmapTriples	91.73416                            Converting to BitmapTriples	92.09532                            Converting to BitmapTriples	92.456474                            Converting to BitmapTriples	92.81763                            Converting to BitmapTriples	93.178795                            Converting to BitmapTriples	93.539955                            Converting to BitmapTriples	93.90111                            Converting to BitmapTriples	94.26226                            Converting to BitmapTriples	94.62343                            Converting to BitmapTriples	94.98459                            Converting to BitmapTriples	95.34574                            Converting to BitmapTriples	95.706894                            Converting to BitmapTriples	96.068054                            Converting to BitmapTriples	96.42922                            Converting to BitmapTriples	96.790375                            Converting to BitmapTriples	97.15153                            Converting to BitmapTriples	97.51269                            Converting to BitmapTriples	97.873856                            Converting to BitmapTriples	98.23501                            Converting to BitmapTriples	98.59616                            Converting to BitmapTriples	98.95732                            Converting to BitmapTriples	99.31848                            Converting to BitmapTriples	99.67964                            Generating header	0.0                            Files cat in .......... 1 min 14 sec 627 ms 366 us
Total Triples ......... 27688705
Different subjects .... 9170896
Different predicates .. 18
Different objects ..... 8161232
Common Subject/Object . 7060891
HDT saved to file in .. 725 ms 809 us
[exit 0]

[2026-08-17T23:07:03] $ docker run --rm --user 1000:1000 -v /home/ubuntu/vcf-rdfizer-expts/vcf-rdfizer-testing/testing-results/0GOOR_HG002/.hdt_partitioned:/data/work -v /home/ubuntu/vcf-rdfizer-expts/vcf-rdfizer-testing/testing-results/0GOOR_HG002:/data/out ecrum19/vcf-rdfizer:latest bash -lc 'set -euo pipefail; rm -f /data/work/.hdt-merge-r03-00002.time; if [[ -x /usr/bin/time ]] && /usr/bin/time --version >/dev/null 2>&1; then /usr/bin/time -v -o /data/work/.hdt-merge-r03-00002.time -- bash -lc '"'"'set -euo pipefail; rm -f /data/work/merge-r03-00002.hdt; HDTCAT_BIN="${HDTCAT_BIN:-}"; if [[ -z "$HDTCAT_BIN" ]]; then for candidate in hdtCat hdtCat.sh HDTCat HDTCat.sh /opt/hdt-java/bin/hdtCat /opt/hdt-java/bin/hdtCat.sh /usr/local/bin/hdtCat /usr/local/bin/hdtCat.sh; do if [[ "$candidate" == */* ]]; then [[ -x "$candidate" ]] && HDTCAT_BIN="$candidate" && break; else resolved="$(command -v "$candidate" || true)"; [[ -n "$resolved" && -x "$resolved" ]] && HDTCAT_BIN="$resolved" && break; fi; done; fi; if [[ -z "$HDTCAT_BIN" || ! -x "$HDTCAT_BIN" ]]; then echo '"'"'"'"'"'"'"'"'Missing HDTCat binary in container'"'"'"'"'"'"'"'"' >&2; exit 127; fi; "$HDTCAT_BIN" /data/work/merge-r02-00004.hdt /data/work/merge-r02-00005.hdt /data/work/merge-r03-00002.hdt'"'"'; else { time -p bash -lc '"'"'set -euo pipefail; rm -f /data/work/merge-r03-00002.hdt; HDTCAT_BIN="${HDTCAT_BIN:-}"; if [[ -z "$HDTCAT_BIN" ]]; then for candidate in hdtCat hdtCat.sh HDTCat HDTCat.sh /opt/hdt-java/bin/hdtCat /opt/hdt-java/bin/hdtCat.sh /usr/local/bin/hdtCat /usr/local/bin/hdtCat.sh; do if [[ "$candidate" == */* ]]; then [[ -x "$candidate" ]] && HDTCAT_BIN="$candidate" && break; else resolved="$(command -v "$candidate" || true)"; [[ -n "$resolved" && -x "$resolved" ]] && HDTCAT_BIN="$resolved" && break; fi; done; fi; if [[ -z "$HDTCAT_BIN" || ! -x "$HDTCAT_BIN" ]]; then echo '"'"'"'"'"'"'"'"'Missing HDTCat binary in container'"'"'"'"'"'"'"'"' >&2; exit 127; fi; "$HDTCAT_BIN" /data/work/merge-r02-00004.hdt /data/work/merge-r02-00005.hdt /data/work/merge-r03-00002.hdt'"'"'; } > /data/work/.hdt-merge-r03-00002.time 2>&1; fi'
[INFO] Welcome to hdtCat!
[INFO] This tool was developed by Dennis Diefenbach and Jośe M. Giḿenez-Garćıa
[INFO] Cat /data/work/merge-r02-00004.hdt, /data/work/merge-r02-00005.hdt to /data/work/merge-r03-00002.hdt
Generating dictionary	0.0                            Generate predicates: start	0.0                            Generate predicates: Analyze section predicate 	0.0                            Generate subjects: start	0.0                            Generate subjects: Analyze section subject 	0.0                            Generate subjects: Analyze section subject 	7.4983373                            Generate subjects: Analyze section subject 	14.996675                            Generate subjects: Analyze section subject 	22.495012                            Generate subjects: Analyze section subject 	29.99335                            Generate subjects: Analyze section subject 	37.491688                            Generate subjects: Analyze section subject 	44.990025                            Generate subjects: Analyze section subject 	52.48836                            Generate subjects: Analyze section subject 	59.9867                            Generate subjects: Analyze section subject 	67.48504                            Generate subjects: Analyze section subject 	74.983376                            Generate subjects: Analyze section subject 	82.48171                            Generate subjects: Analyze section subject 	89.98005                            Generate subjects: Analyze section subject 	97.478386                            Generate objects: start	0.0                            Generate objects: Analyze section object 	0.0                            Generate objects: Analyze section object 	7.866354                            Generate objects: Analyze section object 	15.732708                            Generate objects: Analyze section object 	23.599062                            Generate objects: Analyze section object 	31.465416                            Generate objects: Analyze section object 	39.331768                            Generate objects: Analyze section object 	47.198124                            Generate objects: Analyze section object 	55.064476                            Generate objects: Analyze section object 	62.930832                            Generate objects: Analyze section object 	70.79719                            Generate objects: Analyze section object 	78.663536                            Generate objects: Analyze section object 	86.52989                            Generate objects: Analyze section object 	94.39625                            Generate shared: start	0.0                            Generate shared: Analyze section  	0.0                            Generate shared: Analyze section  	1.4499165                            Generate shared: Analyze section  	2.899833                            Generate shared: Analyze section  	4.3497496                            Generate shared: Analyze section  	5.799666                            Generate shared: Analyze section  	7.2495823                            Generate shared: Analyze section  	8.699499                            Generate shared: Analyze section  	10.149415                            Generate shared: Analyze section  	11.599332                            Generate shared: Analyze section  	13.049249                            Generate shared: Analyze section  	14.499165                            Generate shared: Analyze section  	15.949081                            Generate shared: Analyze section  	17.398998                            Generate shared: Analyze section  	18.848915                            Generate shared: Analyze section  	20.29883                            Generate shared: Analyze section  	21.748747                            Generate shared: Analyze section  	23.198664                            Generate shared: Analyze section  	24.64858                            Generate shared: Analyze section  	26.098497                            Generate shared: Analyze section  	27.548412                            Generate shared: Analyze section  	28.99833                            Generate shared: Analyze section  	30.448246                            Generate shared: Analyze section  	31.898163                            Generate shared: Analyze section  	33.34808                            Generate shared: Analyze section  	34.797997                            Generate shared: Analyze section  	36.247913                            Generate shared: Analyze section  	37.69783                            Generate shared: Analyze section  	39.147743                            Generate shared: Analyze section  	40.59766                            Generate shared: Analyze section  	42.047577                            Generate shared: Analyze section  	43.497494                            Generate shared: Analyze section  	44.94741                            Generate shared: Analyze section  	46.397327                            Generate shared: Analyze section  	47.847244                            Generate shared: Analyze section  	49.29716                            Generate shared: Analyze section  	50.747078                            Generate shared: Analyze section  	52.196995                            Generate shared: Analyze section  	53.646908                            Generate shared: Analyze section  	55.096825                            Generate shared: Analyze section  	56.54674                            Generate shared: Analyze section  	57.99666                            Generate shared: Analyze section  	59.446575                            Generate shared: Analyze section  	60.896492                            Generate shared: Analyze section  	62.34641                            Generate shared: Analyze section  	63.796326                            Generate shared: Analyze section  	65.24624                            Generate shared: Analyze section  	66.69616                            Generate shared: Analyze section  	68.14607                            Generate shared: Analyze section  	69.59599                            Generate shared: Analyze section  	71.045906                            Generate shared: Analyze section  	72.49583                            Generate shared: Analyze section  	73.94574                            Generate shared: Analyze section  	75.39566                            Generate shared: Analyze section  	76.84557                            Generate shared: Analyze section  	78.29549                            Generate shared: Analyze section  	79.74541                            Generate shared: Analyze section  	81.19532                            Generate shared: Analyze section  	82.64524                            Generate shared: Analyze section  	84.09515                            Generate shared: Analyze section  	85.545074                            Generate shared: Analyze section  	86.99499                            Generate shared: Analyze section  	88.44491                            Generate shared: Analyze section  	89.89482                            Generate shared: Analyze section  	91.34474                            Generate shared: Analyze section  	92.794655                            Generate shared: Analyze section  	94.24457                            Generate shared: Analyze section  	95.69449                            Generate shared: Analyze section  	97.1444                            Generate shared: Analyze section  	98.59432                            Generating triples	0.0                            Converting to BitmapTriples	0.0                            Converting to BitmapTriples	0.35504505                            Converting to BitmapTriples	0.7100901                            Converting to BitmapTriples	1.0651351                            Converting to BitmapTriples	1.4201802                            Converting to BitmapTriples	1.7752253                            Converting to BitmapTriples	2.1302702                            Converting to BitmapTriples	2.4853153                            Converting to BitmapTriples	2.8403604                            Converting to BitmapTriples	3.1954055                            Converting to BitmapTriples	3.5504506                            Converting to BitmapTriples	3.9054956                            Converting to BitmapTriples	4.2605405                            Converting to BitmapTriples	4.615586                            Converting to BitmapTriples	4.9706306                            Converting to BitmapTriples	5.3256755                            Converting to BitmapTriples	5.680721                            Converting to BitmapTriples	6.0357656                            Converting to BitmapTriples	6.390811                            Converting to BitmapTriples	6.745856                            Converting to BitmapTriples	7.100901                            Converting to BitmapTriples	7.455946                            Converting to BitmapTriples	7.8109913                            Converting to BitmapTriples	8.166036                            Converting to BitmapTriples	8.521081                            Converting to BitmapTriples	8.876126                            Converting to BitmapTriples	9.231172                            Converting to BitmapTriples	9.586216                            Converting to BitmapTriples	9.941261                            Converting to BitmapTriples	10.296307                            Converting to BitmapTriples	10.651351                            Converting to BitmapTriples	11.006396                            Converting to BitmapTriples	11.361442                            Converting to BitmapTriples	11.716487                            Converting to BitmapTriples	12.071531                            Converting to BitmapTriples	12.426577                            Converting to BitmapTriples	12.781622                            Converting to BitmapTriples	13.136667                            Converting to BitmapTriples	13.491712                            Converting to BitmapTriples	13.846757                            Converting to BitmapTriples	14.201802                            Converting to BitmapTriples	14.556847                            Converting to BitmapTriples	14.911892                            Converting to BitmapTriples	15.266937                            Converting to BitmapTriples	15.621983                            Converting to BitmapTriples	15.977027                            Converting to BitmapTriples	16.332071                            Converting to BitmapTriples	16.687117                            Converting to BitmapTriples	17.042162                            Converting to BitmapTriples	17.397207                            Converting to BitmapTriples	17.752253                            Converting to BitmapTriples	18.107298                            Converting to BitmapTriples	18.462343                            Converting to BitmapTriples	18.817387                            Converting to BitmapTriples	19.172432                            Converting to BitmapTriples	19.527477                            Converting to BitmapTriples	19.882523                            Converting to BitmapTriples	20.237568                            Converting to BitmapTriples	20.592613                            Converting to BitmapTriples	20.947659                            Converting to BitmapTriples	21.302702                            Converting to BitmapTriples	21.657747                            Converting to BitmapTriples	22.012793                            Converting to BitmapTriples	22.367838                            Converting to BitmapTriples	22.722883                            Converting to BitmapTriples	23.077929                            Converting to BitmapTriples	23.432974                            Converting to BitmapTriples	23.788017                            Converting to BitmapTriples	24.143063                            Converting to BitmapTriples	24.498108                            Converting to BitmapTriples	24.853153                            Converting to BitmapTriples	25.208199                            Converting to BitmapTriples	25.563244                            Converting to BitmapTriples	25.91829                            Converting to BitmapTriples	26.273335                            Converting to BitmapTriples	26.628378                            Converting to BitmapTriples	26.983423                            Converting to BitmapTriples	27.338469                            Converting to BitmapTriples	27.693514                            Converting to BitmapTriples	28.04856                            Converting to BitmapTriples	28.403605                            Converting to BitmapTriples	28.75865                            Converting to BitmapTriples	29.113693                            Converting to BitmapTriples	29.468739                            Converting to BitmapTriples	29.823784                            Converting to BitmapTriples	30.17883                            Converting to BitmapTriples	30.533875                            Converting to BitmapTriples	30.88892                            Converting to BitmapTriples	31.243965                            Converting to BitmapTriples	31.599009                            Converting to BitmapTriples	31.954054                            Converting to BitmapTriples	32.3091                            Converting to BitmapTriples	32.664143                            Converting to BitmapTriples	33.019188                            Converting to BitmapTriples	33.374233                            Converting to BitmapTriples	33.72928                            Converting to BitmapTriples	34.084324                            Converting to BitmapTriples	34.43937                            Converting to BitmapTriples	34.794415                            Converting to BitmapTriples	35.14946                            Converting to BitmapTriples	35.504505                            Converting to BitmapTriples	35.85955                            Converting to BitmapTriples	36.214596                            Converting to BitmapTriples	36.56964                            Converting to BitmapTriples	36.924686                            Converting to BitmapTriples	37.27973                            Converting to BitmapTriples	37.634773                            Converting to BitmapTriples	37.98982                            Converting to BitmapTriples	38.344864                            Converting to BitmapTriples	38.69991                            Converting to BitmapTriples	39.054955                            Converting to BitmapTriples	39.41                            Converting to BitmapTriples	39.765045                            Converting to BitmapTriples	40.12009                            Converting to BitmapTriples	40.475136                            Converting to BitmapTriples	40.83018                            Converting to BitmapTriples	41.185226                            Converting to BitmapTriples	41.54027                            Converting to BitmapTriples	41.895317                            Converting to BitmapTriples	42.250362                            Converting to BitmapTriples	42.605404                            Converting to BitmapTriples	42.96045                            Converting to BitmapTriples	43.315495                            Converting to BitmapTriples	43.67054                            Converting to BitmapTriples	44.025585                            Converting to BitmapTriples	44.38063                            Converting to BitmapTriples	44.735676                            Converting to BitmapTriples	45.09072                            Converting to BitmapTriples	45.445766                            Converting to BitmapTriples	45.80081                            Converting to BitmapTriples	46.155857                            Converting to BitmapTriples	46.510902                            Converting to BitmapTriples	46.865948                            Converting to BitmapTriples	47.220993                            Converting to BitmapTriples	47.576035                            Converting to BitmapTriples	47.93108                            Converting to BitmapTriples	48.286125                            Converting to BitmapTriples	48.64117                            Converting to BitmapTriples	48.996216                            Converting to BitmapTriples	49.35126                            Converting to BitmapTriples	49.706306                            Converting to BitmapTriples	50.06135                            Converting to BitmapTriples	50.416397                            Converting to BitmapTriples	50.771442                            Converting to BitmapTriples	51.126488                            Converting to BitmapTriples	51.481533                            Converting to BitmapTriples	51.83658                            Converting to BitmapTriples	52.191624                            Converting to BitmapTriples	52.54667                            Converting to BitmapTriples	52.90171                            Converting to BitmapTriples	53.256756                            Converting to BitmapTriples	53.6118                            Converting to BitmapTriples	53.966846                            Converting to BitmapTriples	54.32189                            Converting to BitmapTriples	54.676937                            Converting to BitmapTriples	55.031982                            Converting to BitmapTriples	55.387028                            Converting to BitmapTriples	55.742073                            Converting to BitmapTriples	56.09712                            Converting to BitmapTriples	56.452164                            Converting to BitmapTriples	56.80721                            Converting to BitmapTriples	57.162254                            Converting to BitmapTriples	57.5173                            Converting to BitmapTriples	57.87234                            Converting to BitmapTriples	58.227386                            Converting to BitmapTriples	58.58243                            Converting to BitmapTriples	58.937477                            Converting to BitmapTriples	59.292522                            Converting to BitmapTriples	59.647568                            Converting to BitmapTriples	60.002613                            Converting to BitmapTriples	60.35766                            Converting to BitmapTriples	60.712704                            Converting to BitmapTriples	61.06775                            Converting to BitmapTriples	61.422794                            Converting to BitmapTriples	61.77784                            Converting to BitmapTriples	62.132885                            Converting to BitmapTriples	62.48793                            Converting to BitmapTriples	62.84297                            Converting to BitmapTriples	63.198017                            Converting to BitmapTriples	63.553062                            Converting to BitmapTriples	63.908108                            Converting to BitmapTriples	64.26315                            Converting to BitmapTriples	64.6182                            Converting to BitmapTriples	64.97324                            Converting to BitmapTriples	65.328285                            Converting to BitmapTriples	65.683334                            Converting to BitmapTriples	66.038376                            Converting to BitmapTriples	66.393425                            Converting to BitmapTriples	66.74847                            Converting to BitmapTriples	67.103516                            Converting to BitmapTriples	67.45856                            Converting to BitmapTriples	67.81361                            Converting to BitmapTriples	68.16865                            Converting to BitmapTriples	68.5237                            Converting to BitmapTriples	68.87874                            Converting to BitmapTriples	69.23379                            Converting to BitmapTriples	69.58883                            Converting to BitmapTriples	69.94388                            Converting to BitmapTriples	70.29892                            Converting to BitmapTriples	70.65396                            Converting to BitmapTriples	71.00901                            Converting to BitmapTriples	71.36405                            Converting to BitmapTriples	71.7191                            Converting to BitmapTriples	72.07414                            Converting to BitmapTriples	72.42919                            Converting to BitmapTriples	72.78423                            Converting to BitmapTriples	73.13928                            Converting to BitmapTriples	73.49432                            Converting to BitmapTriples	73.84937                            Converting to BitmapTriples	74.204414                            Converting to BitmapTriples	74.55946                            Converting to BitmapTriples	74.914505                            Converting to BitmapTriples	75.26955                            Converting to BitmapTriples	75.624596                            Converting to BitmapTriples	75.97964                            Converting to BitmapTriples	76.33469                            Converting to BitmapTriples	76.68973                            Converting to BitmapTriples	77.04477                            Converting to BitmapTriples	77.39982                            Converting to BitmapTriples	77.75487                            Converting to BitmapTriples	78.10991                            Converting to BitmapTriples	78.46495                            Converting to BitmapTriples	78.82                            Converting to BitmapTriples	79.17505                            Converting to BitmapTriples	79.53009                            Converting to BitmapTriples	79.88513                            Converting to BitmapTriples	80.24018                            Converting to BitmapTriples	80.59523                            Converting to BitmapTriples	80.95027                            Converting to BitmapTriples	81.30531                            Converting to BitmapTriples	81.66036                            Converting to BitmapTriples	82.01541                            Converting to BitmapTriples	82.37045                            Converting to BitmapTriples	82.725494                            Converting to BitmapTriples	83.08054                            Converting to BitmapTriples	83.43559                            Converting to BitmapTriples	83.790634                            Converting to BitmapTriples	84.145676                            Converting to BitmapTriples	84.500725                            Converting to BitmapTriples	84.855774                            Converting to BitmapTriples	85.21081                            Converting to BitmapTriples	85.56585                            Converting to BitmapTriples	85.9209                            Converting to BitmapTriples	86.27595                            Converting to BitmapTriples	86.63099                            Converting to BitmapTriples	86.98603                            Converting to BitmapTriples	87.34108                            Converting to BitmapTriples	87.69613                            Converting to BitmapTriples	88.05117                            Converting to BitmapTriples	88.40621                            Converting to BitmapTriples	88.76126                            Converting to BitmapTriples	89.11631                            Converting to BitmapTriples	89.47135                            Converting to BitmapTriples	89.82639                            Converting to BitmapTriples	90.18144                            Converting to BitmapTriples	90.53649                            Converting to BitmapTriples	90.89153                            Converting to BitmapTriples	91.246574                            Converting to BitmapTriples	91.60162                            Converting to BitmapTriples	91.95667                            Converting to BitmapTriples	92.311714                            Converting to BitmapTriples	92.666756                            Converting to BitmapTriples	93.021805                            Converting to BitmapTriples	93.376854                            Converting to BitmapTriples	93.731895                            Converting to BitmapTriples	94.08694                            Converting to BitmapTriples	94.441986                            Converting to BitmapTriples	94.797035                            Converting to BitmapTriples	95.15207                            Converting to BitmapTriples	95.50711                            Converting to BitmapTriples	95.86216                            Converting to BitmapTriples	96.21721                            Converting to BitmapTriples	96.57225                            Converting to BitmapTriples	96.92729                            Converting to BitmapTriples	97.28234                            Converting to BitmapTriples	97.63739                            Converting to BitmapTriples	97.99243                            Converting to BitmapTriples	98.34747                            Converting to BitmapTriples	98.70252                            Converting to BitmapTriples	99.05757                            Converting to BitmapTriples	99.41261                            Converting to BitmapTriples	99.767654                            Generating header	0.0                            Files cat in .......... 1 min 14 sec 322 ms 595 us
Total Triples ......... 28165440
Different subjects .... 8230578
Different predicates .. 15
Different objects ..... 8168186
Common Subject/Object . 6896949
HDT saved to file in .. 1 sec 357 ms 294 us
[exit 0]

[2026-08-17T23:08:20] $ docker run --rm --user 1000:1000 -v /home/ubuntu/vcf-rdfizer-expts/vcf-rdfizer-testing/testing-results/0GOOR_HG002/.hdt_partitioned:/data/work -v /home/ubuntu/vcf-rdfizer-expts/vcf-rdfizer-testing/testing-results/0GOOR_HG002:/data/out ecrum19/vcf-rdfizer:latest bash -lc 'set -euo pipefail; rm -f /data/work/.hdt-merge-r03-00003.time; if [[ -x /usr/bin/time ]] && /usr/bin/time --version >/dev/null 2>&1; then /usr/bin/time -v -o /data/work/.hdt-merge-r03-00003.time -- bash -lc '"'"'set -euo pipefail; rm -f /data/work/merge-r03-00003.hdt; HDTCAT_BIN="${HDTCAT_BIN:-}"; if [[ -z "$HDTCAT_BIN" ]]; then for candidate in hdtCat hdtCat.sh HDTCat HDTCat.sh /opt/hdt-java/bin/hdtCat /opt/hdt-java/bin/hdtCat.sh /usr/local/bin/hdtCat /usr/local/bin/hdtCat.sh; do if [[ "$candidate" == */* ]]; then [[ -x "$candidate" ]] && HDTCAT_BIN="$candidate" && break; else resolved="$(command -v "$candidate" || true)"; [[ -n "$resolved" && -x "$resolved" ]] && HDTCAT_BIN="$resolved" && break; fi; done; fi; if [[ -z "$HDTCAT_BIN" || ! -x "$HDTCAT_BIN" ]]; then echo '"'"'"'"'"'"'"'"'Missing HDTCat binary in container'"'"'"'"'"'"'"'"' >&2; exit 127; fi; "$HDTCAT_BIN" /data/work/merge-r02-00006.hdt /data/work/merge-r02-00007.hdt /data/work/merge-r03-00003.hdt'"'"'; else { time -p bash -lc '"'"'set -euo pipefail; rm -f /data/work/merge-r03-00003.hdt; HDTCAT_BIN="${HDTCAT_BIN:-}"; if [[ -z "$HDTCAT_BIN" ]]; then for candidate in hdtCat hdtCat.sh HDTCat HDTCat.sh /opt/hdt-java/bin/hdtCat /opt/hdt-java/bin/hdtCat.sh /usr/local/bin/hdtCat /usr/local/bin/hdtCat.sh; do if [[ "$candidate" == */* ]]; then [[ -x "$candidate" ]] && HDTCAT_BIN="$candidate" && break; else resolved="$(command -v "$candidate" || true)"; [[ -n "$resolved" && -x "$resolved" ]] && HDTCAT_BIN="$resolved" && break; fi; done; fi; if [[ -z "$HDTCAT_BIN" || ! -x "$HDTCAT_BIN" ]]; then echo '"'"'"'"'"'"'"'"'Missing HDTCat binary in container'"'"'"'"'"'"'"'"' >&2; exit 127; fi; "$HDTCAT_BIN" /data/work/merge-r02-00006.hdt /data/work/merge-r02-00007.hdt /data/work/merge-r03-00003.hdt'"'"'; } > /data/work/.hdt-merge-r03-00003.time 2>&1; fi'
[INFO] Welcome to hdtCat!
[INFO] This tool was developed by Dennis Diefenbach and Jośe M. Giḿenez-Garćıa
[INFO] Cat /data/work/merge-r02-00006.hdt, /data/work/merge-r02-00007.hdt to /data/work/merge-r03-00003.hdt
Generating dictionary	0.0                            Generate predicates: start	0.0                            Generate predicates: Analyze section predicate 	0.0                            Generate subjects: start	0.0                            Generate subjects: Analyze section subject 	0.0                            Generate subjects: Analyze section subject 	3.6754396                            Generate subjects: Analyze section subject 	7.350879                            Generate subjects: Analyze section subject 	11.026319                            Generate subjects: Analyze section subject 	14.701758                            Generate subjects: Analyze section subject 	18.377197                            Generate subjects: Analyze section subject 	22.052637                            Generate subjects: Analyze section subject 	25.728077                            Generate subjects: Analyze section subject 	29.403517                            Generate subjects: Analyze section subject 	33.078957                            Generate subjects: Analyze section subject 	36.754395                            Generate subjects: Analyze section subject 	40.429836                            Generate subjects: Analyze section subject 	44.105274                            Generate subjects: Analyze section subject 	47.780716                            Generate subjects: Analyze section subject 	51.456154                            Generate subjects: Analyze section subject 	55.13159                            Generate subjects: Analyze section subject 	58.807034                            Generate subjects: Analyze section subject 	62.48247                            Generate subjects: Analyze section subject 	66.15791                            Generate subjects: Analyze section subject 	69.83335                            Generate subjects: Analyze section subject 	73.50879                            Generate subjects: Analyze section subject 	77.184235                            Generate subjects: Analyze section subject 	80.85967                            Generate subjects: Analyze section subject 	84.53511                            Generate subjects: Analyze section subject 	88.21055                            Generate subjects: Analyze section subject 	91.88599                            Generate subjects: Analyze section subject 	95.56143                            Generate subjects: Analyze section subject 	99.23687                            Generate objects: start	0.0                            Generate objects: Analyze section object 	0.0                            Generate objects: Analyze section object 	8.315428                            Generate objects: Analyze section object 	16.630856                            Generate objects: Analyze section object 	24.946281                            Generate objects: Analyze section object 	33.26171                            Generate objects: Analyze section object 	41.577137                            Generate objects: Analyze section object 	49.892563                            Generate objects: Analyze section object 	58.207993                            Generate objects: Analyze section object 	66.52342                            Generate objects: Analyze section object 	74.838844                            Generate objects: Analyze section object 	83.154274                            Generate objects: Analyze section object 	91.4697                            Generate objects: Analyze section object 	99.785126                            Generate shared: start	0.0                            Generate shared: Analyze section  	0.0                            Generate shared: Analyze section  	1.4190482                            Generate shared: Analyze section  	2.8380964                            Generate shared: Analyze section  	4.2571445                            Generate shared: Analyze section  	5.6761928                            Generate shared: Analyze section  	7.095241                            Generate shared: Analyze section  	8.514289                            Generate shared: Analyze section  	9.933337                            Generate shared: Analyze section  	11.3523855                            Generate shared: Analyze section  	12.771434                            Generate shared: Analyze section  	14.190482                            Generate shared: Analyze section  	15.60953                            Generate shared: Analyze section  	17.028578                            Generate shared: Analyze section  	18.447626                            Generate shared: Analyze section  	19.866674                            Generate shared: Analyze section  	21.285723                            Generate shared: Analyze section  	22.704771                            Generate shared: Analyze section  	24.12382                            Generate shared: Analyze section  	25.542868                            Generate shared: Analyze section  	26.961916                            Generate shared: Analyze section  	28.380964                            Generate shared: Analyze section  	29.800013                            Generate shared: Analyze section  	31.21906                            Generate shared: Analyze section  	32.638107                            Generate shared: Analyze section  	34.057156                            Generate shared: Analyze section  	35.476204                            Generate shared: Analyze section  	36.895252                            Generate shared: Analyze section  	38.3143                            Generate shared: Analyze section  	39.73335                            Generate shared: Analyze section  	41.152397                            Generate shared: Analyze section  	42.571445                            Generate shared: Analyze section  	43.990494                            Generate shared: Analyze section  	45.409542                            Generate shared: Analyze section  	46.82859                            Generate shared: Analyze section  	48.24764                            Generate shared: Analyze section  	49.666687                            Generate shared: Analyze section  	51.085735                            Generate shared: Analyze section  	52.504784                            Generate shared: Analyze section  	53.923832                            Generate shared: Analyze section  	55.34288                            Generate shared: Analyze section  	56.76193                            Generate shared: Analyze section  	58.180977                            Generate shared: Analyze section  	59.600025                            Generate shared: Analyze section  	61.019073                            Generate shared: Analyze section  	62.43812                            Generate shared: Analyze section  	63.85717                            Generate shared: Analyze section  	65.276215                            Generate shared: Analyze section  	66.69527                            Generate shared: Analyze section  	68.11431                            Generate shared: Analyze section  	69.53336                            Generate shared: Analyze section  	70.95241                            Generate shared: Analyze section  	72.37146                            Generate shared: Analyze section  	73.790504                            Generate shared: Analyze section  	75.20956                            Generate shared: Analyze section  	76.6286                            Generate shared: Analyze section  	78.04765                            Generate shared: Analyze section  	79.4667                            Generate shared: Analyze section  	80.88575                            Generate shared: Analyze section  	82.304794                            Generate shared: Analyze section  	83.72385                            Generate shared: Analyze section  	85.14289                            Generate shared: Analyze section  	86.56194                            Generate shared: Analyze section  	87.98099                            Generate shared: Analyze section  	89.40004                            Generate shared: Analyze section  	90.819084                            Generate shared: Analyze section  	92.23814                            Generate shared: Analyze section  	93.65718                            Generate shared: Analyze section  	95.07623                            Generate shared: Analyze section  	96.49528                            Generate shared: Analyze section  	97.91432                            Generate shared: Analyze section  	99.333374                            #
# A fatal error has been detected by the Java Runtime Environment:
#
#  SIGBUS (0x7) at pc=0x00007f9a268d7535, pid=26, tid=27
#
# JRE version: OpenJDK Runtime Environment Temurin-11.0.31+11 (11.0.31+11) (build 11.0.31+11)
# Java VM: OpenJDK 64-Bit Server VM Temurin-11.0.31+11 (11.0.31+11, mixed mode, sharing, tiered, compressed oops, g1 gc, linux-amd64)
# Problematic frame:
# v  ~StubRoutines::jlong_disjoint_arraycopy
#
# Core dump will be written. Default location: Core dumps may be processed with "/usr/share/apport/apport -p%p -s%s -c%c -d%d -P%P -u%u -g%g -F%F -- %E" (or dumping to /work/core.26)
#
# An error report file with more information is saved as:
# /tmp/hs_err_pid26.log
Compiled method (c2)   74851 1091   !   4       java.nio.DirectByteBuffer::put (151 bytes)
 total in heap  [0x00007f9a2e3c4210,0x00007f9a2e3c4b78] = 2408
 relocation     [0x00007f9a2e3c4388,0x00007f9a2e3c43b0] = 40
 main code      [0x00007f9a2e3c43c0,0x00007f9a2e3c4720] = 864
 stub code      [0x00007f9a2e3c4720,0x00007f9a2e3c4738] = 24
 oops           [0x00007f9a2e3c4738,0x00007f9a2e3c4740] = 8
 metadata       [0x00007f9a2e3c4740,0x00007f9a2e3c47b0] = 112
 scopes data    [0x00007f9a2e3c47b0,0x00007f9a2e3c4a68] = 696
 scopes pcs     [0x00007f9a2e3c4a68,0x00007f9a2e3c4b58] = 240
 dependencies   [0x00007f9a2e3c4b58,0x00007f9a2e3c4b60] = 8
 nul chk table  [0x00007f9a2e3c4b60,0x00007f9a2e3c4b78] = 24
Could not load hsdis-amd64.so; library not loadable; PrintAssembly is disabled
#
# If you would like to submit a bug report, please visit:
#   https://github.com/adoptium/adoptium-support/issues
#
/opt/hdt-java/bin/hdtCat.sh: line 8:    26 Aborted                    (core dumped) $JAVA $JAVA_OPTIONS -cp $CP:$CLASSPATH org.rdfhdt.hdt.tools.HDTCat $*
[exit 134]
